
===========================================================================
report_checks -unconstrained
===========================================================================
======================= nom_ff_n40C_1v95 Corner ===================================

Startpoint: rs1[0] (input port clocked by clk)
Endpoint: rd1[4] (output port clocked by clk)
Path Group: clk
Path Type: max

Fanout         Cap        Slew       Delay        Time   Description
---------------------------------------------------------------------------------------------
                      0.150000    0.000000    0.000000   clock clk (rise edge)
                                  0.000000    0.000000   clock network delay (ideal)
                                  2.000000    2.000000 ^ input external delay
   382    1.717373    5.747526    4.023166    6.023166 ^ rs1[0] (in)
                                                         rs1[0] (net)
                      5.747526    0.000000    6.023166 ^ _2610_/S0 (sky130_fd_sc_hd__mux4_2)
     1    0.001395    0.100523    0.161505    6.184671 v _2610_/X (sky130_fd_sc_hd__mux4_2)
                                                         _1138_ (net)
                      0.100523    0.000000    6.184671 v _2611_/B (sky130_fd_sc_hd__or2_2)
     1    0.002282    0.035666    0.177157    6.361829 v _2611_/X (sky130_fd_sc_hd__or2_2)
                                                         _1139_ (net)
                      0.035666    0.000000    6.361829 v _2612_/B1 (sky130_fd_sc_hd__o211a_2)
     1    0.001469    0.028640    0.078767    6.440596 v _2612_/X (sky130_fd_sc_hd__o211a_2)
                                                         _1140_ (net)
                      0.028640    0.000000    6.440596 v _2618_/A (sky130_fd_sc_hd__or3b_2)
     1    0.001548    0.046896    0.254142    6.694737 v _2618_/X (sky130_fd_sc_hd__or3b_2)
                                                         _1146_ (net)
                      0.046896    0.000000    6.694737 v _2619_/C (sky130_fd_sc_hd__and3_2)
     1    0.033442    0.075279    0.189829    6.884566 v _2619_/X (sky130_fd_sc_hd__and3_2)
                                                         rd1[4] (net)
                      0.075279    0.000000    6.884566 v rd1[4] (out)
                                              6.884566   data arrival time

                      0.150000   10.000000   10.000000   clock clk (rise edge)
                                  0.000000   10.000000   clock network delay (ideal)
                                 -0.250000    9.750000   clock uncertainty
                                  0.000000    9.750000   clock reconvergence pessimism
                                 -2.000000    7.750000   output external delay
                                              7.750000   data required time
---------------------------------------------------------------------------------------------
                                              7.750000   data required time
                                             -6.884566   data arrival time
---------------------------------------------------------------------------------------------
                                              0.865434   slack (MET)




===========================================================================
report_checks --slack_max -0.01
============================================================================
======================= nom_ff_n40C_1v95 Corner ===================================

No paths found.


===========================================================================
 report_check_types -max_slew -max_cap -max_fanout -violators
============================================================================
======================= nom_ff_n40C_1v95 Corner ===================================

max slew

Pin                                        Limit        Slew       Slack
------------------------------------------------------------------------
rs1[0]                                  0.750000    5.747526   -4.997526 (VIOLATED)
_2499_/A                                0.750000    5.747526   -4.997526 (VIOLATED)
_2501_/S0                               0.750000    5.747526   -4.997526 (VIOLATED)
_2504_/S                                0.750000    5.747526   -4.997526 (VIOLATED)
_2505_/S                                0.750000    5.747526   -4.997526 (VIOLATED)
_2508_/S0                               0.750000    5.747526   -4.997526 (VIOLATED)
_2509_/S                                0.750000    5.747526   -4.997526 (VIOLATED)
_2510_/S                                0.750000    5.747526   -4.997526 (VIOLATED)
_2513_/S0                               0.750000    5.747526   -4.997526 (VIOLATED)
_2515_/S                                0.750000    5.747526   -4.997526 (VIOLATED)
_2517_/S                                0.750000    5.747526   -4.997526 (VIOLATED)
_2519_/S0                               0.750000    5.747526   -4.997526 (VIOLATED)
_2520_/S                                0.750000    5.747526   -4.997526 (VIOLATED)
_2521_/S                                0.750000    5.747526   -4.997526 (VIOLATED)
_2527_/S0                               0.750000    5.747526   -4.997526 (VIOLATED)
_2528_/S                                0.750000    5.747526   -4.997526 (VIOLATED)
_2529_/S                                0.750000    5.747526   -4.997526 (VIOLATED)
_2532_/S0                               0.750000    5.747526   -4.997526 (VIOLATED)
_2533_/S                                0.750000    5.747526   -4.997526 (VIOLATED)
_2534_/S                                0.750000    5.747526   -4.997526 (VIOLATED)
_2538_/S0                               0.750000    5.747526   -4.997526 (VIOLATED)
_2540_/S                                0.750000    5.747526   -4.997526 (VIOLATED)
_2541_/S                                0.750000    5.747526   -4.997526 (VIOLATED)
_2543_/S0                               0.750000    5.747526   -4.997526 (VIOLATED)
_2545_/S                                0.750000    5.747526   -4.997526 (VIOLATED)
_2546_/S                                0.750000    5.747526   -4.997526 (VIOLATED)
_2551_/S0                               0.750000    5.747526   -4.997526 (VIOLATED)
_2552_/S                                0.750000    5.747526   -4.997526 (VIOLATED)
_2553_/S                                0.750000    5.747526   -4.997526 (VIOLATED)
_2556_/S0                               0.750000    5.747526   -4.997526 (VIOLATED)
_2557_/S                                0.750000    5.747526   -4.997526 (VIOLATED)
_2559_/S                                0.750000    5.747526   -4.997526 (VIOLATED)
_2562_/S0                               0.750000    5.747526   -4.997526 (VIOLATED)
_2563_/S                                0.750000    5.747526   -4.997526 (VIOLATED)
_2564_/S                                0.750000    5.747526   -4.997526 (VIOLATED)
_2567_/S                                0.750000    5.747526   -4.997526 (VIOLATED)
_2568_/S0                               0.750000    5.747526   -4.997526 (VIOLATED)
_2569_/S                                0.750000    5.747526   -4.997526 (VIOLATED)
_2575_/S0                               0.750000    5.747526   -4.997526 (VIOLATED)
_2577_/S                                0.750000    5.747526   -4.997526 (VIOLATED)
_2578_/S                                0.750000    5.747526   -4.997526 (VIOLATED)
_2580_/S0                               0.750000    5.747526   -4.997526 (VIOLATED)
_2581_/S                                0.750000    5.747526   -4.997526 (VIOLATED)
_2582_/S                                0.750000    5.747526   -4.997526 (VIOLATED)
_2586_/S0                               0.750000    5.747526   -4.997526 (VIOLATED)
_2588_/S                                0.750000    5.747526   -4.997526 (VIOLATED)
_2589_/S                                0.750000    5.747526   -4.997526 (VIOLATED)
_2591_/S0                               0.750000    5.747526   -4.997526 (VIOLATED)
_2592_/S                                0.750000    5.747526   -4.997526 (VIOLATED)
_2593_/S                                0.750000    5.747526   -4.997526 (VIOLATED)
_2598_/S0                               0.750000    5.747526   -4.997526 (VIOLATED)
_2599_/S                                0.750000    5.747526   -4.997526 (VIOLATED)
_2600_/S                                0.750000    5.747526   -4.997526 (VIOLATED)
_2603_/S0                               0.750000    5.747526   -4.997526 (VIOLATED)
_2604_/S                                0.750000    5.747526   -4.997526 (VIOLATED)
_2605_/S                                0.750000    5.747526   -4.997526 (VIOLATED)
_2609_/S0                               0.750000    5.747526   -4.997526 (VIOLATED)
_2610_/S0                               0.750000    5.747526   -4.997526 (VIOLATED)
_2613_/S0                               0.750000    5.747526   -4.997526 (VIOLATED)
_2614_/S                                0.750000    5.747526   -4.997526 (VIOLATED)
_2615_/S                                0.750000    5.747526   -4.997526 (VIOLATED)
_2620_/S0                               0.750000    5.747526   -4.997526 (VIOLATED)
_2621_/S                                0.750000    5.747526   -4.997526 (VIOLATED)
_2622_/S                                0.750000    5.747526   -4.997526 (VIOLATED)
_2625_/S0                               0.750000    5.747526   -4.997526 (VIOLATED)
_2626_/S                                0.750000    5.747526   -4.997526 (VIOLATED)
_2627_/S                                0.750000    5.747526   -4.997526 (VIOLATED)
_2630_/S0                               0.750000    5.747526   -4.997526 (VIOLATED)
_2632_/S                                0.750000    5.747526   -4.997526 (VIOLATED)
_2633_/S                                0.750000    5.747526   -4.997526 (VIOLATED)
_2635_/S0                               0.750000    5.747526   -4.997526 (VIOLATED)
_2637_/S                                0.750000    5.747526   -4.997526 (VIOLATED)
_2638_/S                                0.750000    5.747526   -4.997526 (VIOLATED)
_2643_/S0                               0.750000    5.747526   -4.997526 (VIOLATED)
_2644_/S                                0.750000    5.747526   -4.997526 (VIOLATED)
_2645_/S                                0.750000    5.747526   -4.997526 (VIOLATED)
_2648_/S0                               0.750000    5.747526   -4.997526 (VIOLATED)
_2650_/S                                0.750000    5.747526   -4.997526 (VIOLATED)
_2651_/S                                0.750000    5.747526   -4.997526 (VIOLATED)
_2653_/S0                               0.750000    5.747526   -4.997526 (VIOLATED)
_2654_/S                                0.750000    5.747526   -4.997526 (VIOLATED)
_2655_/S                                0.750000    5.747526   -4.997526 (VIOLATED)
_2659_/S0                               0.750000    5.747526   -4.997526 (VIOLATED)
_2660_/S                                0.750000    5.747526   -4.997526 (VIOLATED)
_2661_/S                                0.750000    5.747526   -4.997526 (VIOLATED)
_2666_/S0                               0.750000    5.747526   -4.997526 (VIOLATED)
_2667_/S                                0.750000    5.747526   -4.997526 (VIOLATED)
_2668_/S                                0.750000    5.747526   -4.997526 (VIOLATED)
_2671_/S0                               0.750000    5.747526   -4.997526 (VIOLATED)
_2672_/S                                0.750000    5.747526   -4.997526 (VIOLATED)
_2673_/S                                0.750000    5.747526   -4.997526 (VIOLATED)
_2676_/S0                               0.750000    5.747526   -4.997526 (VIOLATED)
_2678_/S                                0.750000    5.747526   -4.997526 (VIOLATED)
_2679_/S                                0.750000    5.747526   -4.997526 (VIOLATED)
_2682_/S0                               0.750000    5.747526   -4.997526 (VIOLATED)
_2683_/S                                0.750000    5.747526   -4.997526 (VIOLATED)
_2684_/S                                0.750000    5.747526   -4.997526 (VIOLATED)
_2689_/S0                               0.750000    5.747526   -4.997526 (VIOLATED)
_2691_/S                                0.750000    5.747526   -4.997526 (VIOLATED)
_2692_/S                                0.750000    5.747526   -4.997526 (VIOLATED)
_2695_/S0                               0.750000    5.747526   -4.997526 (VIOLATED)
_2696_/S                                0.750000    5.747526   -4.997526 (VIOLATED)
_2697_/S                                0.750000    5.747526   -4.997526 (VIOLATED)
_2701_/S0                               0.750000    5.747526   -4.997526 (VIOLATED)
_2702_/S                                0.750000    5.747526   -4.997526 (VIOLATED)
_2703_/S                                0.750000    5.747526   -4.997526 (VIOLATED)
_2706_/S0                               0.750000    5.747526   -4.997526 (VIOLATED)
_2707_/S                                0.750000    5.747526   -4.997526 (VIOLATED)
_2708_/S                                0.750000    5.747526   -4.997526 (VIOLATED)
_2713_/S0                               0.750000    5.747526   -4.997526 (VIOLATED)
_2714_/S                                0.750000    5.747526   -4.997526 (VIOLATED)
_2715_/S                                0.750000    5.747526   -4.997526 (VIOLATED)
_2718_/S0                               0.750000    5.747526   -4.997526 (VIOLATED)
_2720_/S                                0.750000    5.747526   -4.997526 (VIOLATED)
_2721_/S                                0.750000    5.747526   -4.997526 (VIOLATED)
_2724_/S0                               0.750000    5.747526   -4.997526 (VIOLATED)
_2725_/S                                0.750000    5.747526   -4.997526 (VIOLATED)
_2726_/S                                0.750000    5.747526   -4.997526 (VIOLATED)
_2729_/S0                               0.750000    5.747526   -4.997526 (VIOLATED)
_2731_/S                                0.750000    5.747526   -4.997526 (VIOLATED)
_2732_/S                                0.750000    5.747526   -4.997526 (VIOLATED)
_2736_/S0                               0.750000    5.747526   -4.997526 (VIOLATED)
_2737_/S                                0.750000    5.747526   -4.997526 (VIOLATED)
_2738_/S                                0.750000    5.747526   -4.997526 (VIOLATED)
_2741_/S0                               0.750000    5.747526   -4.997526 (VIOLATED)
_2742_/S                                0.750000    5.747526   -4.997526 (VIOLATED)
_2743_/S                                0.750000    5.747526   -4.997526 (VIOLATED)
_2746_/S0                               0.750000    5.747526   -4.997526 (VIOLATED)
_2748_/S                                0.750000    5.747526   -4.997526 (VIOLATED)
_2749_/S                                0.750000    5.747526   -4.997526 (VIOLATED)
_2752_/S0                               0.750000    5.747526   -4.997526 (VIOLATED)
_2753_/S                                0.750000    5.747526   -4.997526 (VIOLATED)
_2754_/S                                0.750000    5.747526   -4.997526 (VIOLATED)
_2759_/S0                               0.750000    5.747526   -4.997526 (VIOLATED)
_2760_/S                                0.750000    5.747526   -4.997526 (VIOLATED)
_2761_/S                                0.750000    5.747526   -4.997526 (VIOLATED)
_2764_/S0                               0.750000    5.747526   -4.997526 (VIOLATED)
_2765_/S                                0.750000    5.747526   -4.997526 (VIOLATED)
_2766_/S                                0.750000    5.747526   -4.997526 (VIOLATED)
_2769_/S0                               0.750000    5.747526   -4.997526 (VIOLATED)
_2771_/S                                0.750000    5.747526   -4.997526 (VIOLATED)
_2772_/S                                0.750000    5.747526   -4.997526 (VIOLATED)
_2775_/S0                               0.750000    5.747526   -4.997526 (VIOLATED)
_2776_/S                                0.750000    5.747526   -4.997526 (VIOLATED)
_2777_/S                                0.750000    5.747526   -4.997526 (VIOLATED)
_2782_/S0                               0.750000    5.747526   -4.997526 (VIOLATED)
_2783_/S                                0.750000    5.747526   -4.997526 (VIOLATED)
_2784_/S                                0.750000    5.747526   -4.997526 (VIOLATED)
_2787_/S0                               0.750000    5.747526   -4.997526 (VIOLATED)
_2788_/S                                0.750000    5.747526   -4.997526 (VIOLATED)
_2789_/S                                0.750000    5.747526   -4.997526 (VIOLATED)
_2792_/S0                               0.750000    5.747526   -4.997526 (VIOLATED)
_2794_/S                                0.750000    5.747526   -4.997526 (VIOLATED)
_2795_/S                                0.750000    5.747526   -4.997526 (VIOLATED)
_2798_/S0                               0.750000    5.747526   -4.997526 (VIOLATED)
_2799_/S                                0.750000    5.747526   -4.997526 (VIOLATED)
_2800_/S                                0.750000    5.747526   -4.997526 (VIOLATED)
_2805_/S0                               0.750000    5.747526   -4.997526 (VIOLATED)
_2806_/S                                0.750000    5.747526   -4.997526 (VIOLATED)
_2807_/S                                0.750000    5.747526   -4.997526 (VIOLATED)
_2810_/S0                               0.750000    5.747526   -4.997526 (VIOLATED)
_2811_/S                                0.750000    5.747526   -4.997526 (VIOLATED)
_2812_/S                                0.750000    5.747526   -4.997526 (VIOLATED)
_2815_/S0                               0.750000    5.747526   -4.997526 (VIOLATED)
_2817_/S                                0.750000    5.747526   -4.997526 (VIOLATED)
_2818_/S                                0.750000    5.747526   -4.997526 (VIOLATED)
_2820_/S0                               0.750000    5.747526   -4.997526 (VIOLATED)
_2821_/S                                0.750000    5.747526   -4.997526 (VIOLATED)
_2822_/S                                0.750000    5.747526   -4.997526 (VIOLATED)
_2827_/S0                               0.750000    5.747526   -4.997526 (VIOLATED)
_2828_/S                                0.750000    5.747526   -4.997526 (VIOLATED)
_2829_/S                                0.750000    5.747526   -4.997526 (VIOLATED)
_2833_/S0                               0.750000    5.747526   -4.997526 (VIOLATED)
_2834_/S                                0.750000    5.747526   -4.997526 (VIOLATED)
_2835_/S                                0.750000    5.747526   -4.997526 (VIOLATED)
_2838_/S0                               0.750000    5.747526   -4.997526 (VIOLATED)
_2839_/S                                0.750000    5.747526   -4.997526 (VIOLATED)
_2840_/S                                0.750000    5.747526   -4.997526 (VIOLATED)
_2843_/S0                               0.750000    5.747526   -4.997526 (VIOLATED)
_2845_/S                                0.750000    5.747526   -4.997526 (VIOLATED)
_2846_/S                                0.750000    5.747526   -4.997526 (VIOLATED)
_2850_/S0                               0.750000    5.747526   -4.997526 (VIOLATED)
_2851_/S                                0.750000    5.747526   -4.997526 (VIOLATED)
_2852_/S                                0.750000    5.747526   -4.997526 (VIOLATED)
_2855_/S0                               0.750000    5.747526   -4.997526 (VIOLATED)
_2856_/S                                0.750000    5.747526   -4.997526 (VIOLATED)
_2857_/S                                0.750000    5.747526   -4.997526 (VIOLATED)
_2860_/S0                               0.750000    5.747526   -4.997526 (VIOLATED)
_2862_/S                                0.750000    5.747526   -4.997526 (VIOLATED)
_2863_/S                                0.750000    5.747526   -4.997526 (VIOLATED)
_2865_/S0                               0.750000    5.747526   -4.997526 (VIOLATED)
_2866_/S                                0.750000    5.747526   -4.997526 (VIOLATED)
_2867_/S                                0.750000    5.747526   -4.997526 (VIOLATED)
_2872_/S0                               0.750000    5.747526   -4.997526 (VIOLATED)
_2873_/S                                0.750000    5.747526   -4.997526 (VIOLATED)
_2874_/S                                0.750000    5.747526   -4.997526 (VIOLATED)
_2877_/S0                               0.750000    5.747526   -4.997526 (VIOLATED)
_2878_/S                                0.750000    5.747526   -4.997526 (VIOLATED)
_2879_/S                                0.750000    5.747526   -4.997526 (VIOLATED)
_2882_/S0                               0.750000    5.747526   -4.997526 (VIOLATED)
_2884_/S                                0.750000    5.747526   -4.997526 (VIOLATED)
_2885_/S                                0.750000    5.747526   -4.997526 (VIOLATED)
_2888_/S0                               0.750000    5.747526   -4.997526 (VIOLATED)
_2889_/S                                0.750000    5.747526   -4.997526 (VIOLATED)
_2890_/S                                0.750000    5.747526   -4.997526 (VIOLATED)
_2895_/S0                               0.750000    5.747526   -4.997526 (VIOLATED)
_2896_/S                                0.750000    5.747526   -4.997526 (VIOLATED)
_2897_/S                                0.750000    5.747526   -4.997526 (VIOLATED)
_2900_/S0                               0.750000    5.747526   -4.997526 (VIOLATED)
_2901_/S                                0.750000    5.747526   -4.997526 (VIOLATED)
_2902_/S                                0.750000    5.747526   -4.997526 (VIOLATED)
_2906_/S0                               0.750000    5.747526   -4.997526 (VIOLATED)
_2907_/S                                0.750000    5.747526   -4.997526 (VIOLATED)
_2908_/S                                0.750000    5.747526   -4.997526 (VIOLATED)
_2911_/S0                               0.750000    5.747526   -4.997526 (VIOLATED)
_2912_/S                                0.750000    5.747526   -4.997526 (VIOLATED)
_2913_/S                                0.750000    5.747526   -4.997526 (VIOLATED)
_2918_/S0                               0.750000    5.747526   -4.997526 (VIOLATED)
_2919_/S                                0.750000    5.747526   -4.997526 (VIOLATED)
_2920_/S                                0.750000    5.747526   -4.997526 (VIOLATED)
_2923_/S0                               0.750000    5.747526   -4.997526 (VIOLATED)
_2924_/S                                0.750000    5.747526   -4.997526 (VIOLATED)
_2925_/S                                0.750000    5.747526   -4.997526 (VIOLATED)
_2928_/S0                               0.750000    5.747526   -4.997526 (VIOLATED)
_2930_/S                                0.750000    5.747526   -4.997526 (VIOLATED)
_2931_/S                                0.750000    5.747526   -4.997526 (VIOLATED)
_2933_/S0                               0.750000    5.747526   -4.997526 (VIOLATED)
_2934_/S                                0.750000    5.747526   -4.997526 (VIOLATED)
_2935_/S                                0.750000    5.747526   -4.997526 (VIOLATED)
_2940_/S0                               0.750000    5.747526   -4.997526 (VIOLATED)
_2941_/S                                0.750000    5.747526   -4.997526 (VIOLATED)
_2942_/S                                0.750000    5.747526   -4.997526 (VIOLATED)
_2945_/S0                               0.750000    5.747526   -4.997526 (VIOLATED)
_2947_/S                                0.750000    5.747526   -4.997526 (VIOLATED)
_2948_/S                                0.750000    5.747526   -4.997526 (VIOLATED)
_2950_/S0                               0.750000    5.747526   -4.997526 (VIOLATED)
_2951_/S                                0.750000    5.747526   -4.997526 (VIOLATED)
_2952_/S                                0.750000    5.747526   -4.997526 (VIOLATED)
_2956_/S0                               0.750000    5.747526   -4.997526 (VIOLATED)
_2957_/S                                0.750000    5.747526   -4.997526 (VIOLATED)
_2958_/S                                0.750000    5.747526   -4.997526 (VIOLATED)
_2963_/S0                               0.750000    5.747526   -4.997526 (VIOLATED)
_2964_/S                                0.750000    5.747526   -4.997526 (VIOLATED)
_2965_/S                                0.750000    5.747526   -4.997526 (VIOLATED)
_2968_/S0                               0.750000    5.747526   -4.997526 (VIOLATED)
_2970_/S                                0.750000    5.747526   -4.997526 (VIOLATED)
_2971_/S                                0.750000    5.747526   -4.997526 (VIOLATED)
_2973_/S0                               0.750000    5.747526   -4.997526 (VIOLATED)
_2974_/S                                0.750000    5.747526   -4.997526 (VIOLATED)
_2975_/S                                0.750000    5.747526   -4.997526 (VIOLATED)
_2979_/S0                               0.750000    5.747526   -4.997526 (VIOLATED)
_2980_/S                                0.750000    5.747526   -4.997526 (VIOLATED)
_2981_/S                                0.750000    5.747526   -4.997526 (VIOLATED)
_2986_/S0                               0.750000    5.747526   -4.997526 (VIOLATED)
_2988_/S                                0.750000    5.747526   -4.997526 (VIOLATED)
_2989_/S                                0.750000    5.747526   -4.997526 (VIOLATED)
_2991_/S0                               0.750000    5.747526   -4.997526 (VIOLATED)
_2992_/S                                0.750000    5.747526   -4.997526 (VIOLATED)
_2993_/S                                0.750000    5.747526   -4.997526 (VIOLATED)
_2996_/S0                               0.750000    5.747526   -4.997526 (VIOLATED)
_2997_/S                                0.750000    5.747526   -4.997526 (VIOLATED)
_2998_/S                                0.750000    5.747526   -4.997526 (VIOLATED)
_3001_/S0                               0.750000    5.747526   -4.997526 (VIOLATED)
_3002_/S                                0.750000    5.747526   -4.997526 (VIOLATED)
_3003_/S                                0.750000    5.747526   -4.997526 (VIOLATED)
_3008_/S0                               0.750000    5.747526   -4.997526 (VIOLATED)
_3009_/S                                0.750000    5.747526   -4.997526 (VIOLATED)
_3010_/S                                0.750000    5.747526   -4.997526 (VIOLATED)
_3013_/S0                               0.750000    5.747526   -4.997526 (VIOLATED)
_3014_/S                                0.750000    5.747526   -4.997526 (VIOLATED)
_3015_/S                                0.750000    5.747526   -4.997526 (VIOLATED)
_3018_/S0                               0.750000    5.747526   -4.997526 (VIOLATED)
_3020_/S                                0.750000    5.747526   -4.997526 (VIOLATED)
_3021_/S                                0.750000    5.747526   -4.997526 (VIOLATED)
_3024_/S0                               0.750000    5.747526   -4.997526 (VIOLATED)
_3025_/S                                0.750000    5.747526   -4.997526 (VIOLATED)
_3026_/S                                0.750000    5.747526   -4.997526 (VIOLATED)
_3031_/S0                               0.750000    5.747526   -4.997526 (VIOLATED)
_3032_/S                                0.750000    5.747526   -4.997526 (VIOLATED)
_3033_/S                                0.750000    5.747526   -4.997526 (VIOLATED)
_3036_/S0                               0.750000    5.747526   -4.997526 (VIOLATED)
_3037_/S                                0.750000    5.747526   -4.997526 (VIOLATED)
_3038_/S                                0.750000    5.747526   -4.997526 (VIOLATED)
_3041_/S0                               0.750000    5.747526   -4.997526 (VIOLATED)
_3043_/S0                               0.750000    5.747526   -4.997526 (VIOLATED)
_3045_/S0                               0.750000    5.747526   -4.997526 (VIOLATED)
_3046_/S                                0.750000    5.747526   -4.997526 (VIOLATED)
_3047_/S                                0.750000    5.747526   -4.997526 (VIOLATED)
_3052_/S0                               0.750000    5.747526   -4.997526 (VIOLATED)
_3053_/S                                0.750000    5.747526   -4.997526 (VIOLATED)
_3054_/S                                0.750000    5.747526   -4.997526 (VIOLATED)
_3057_/S0                               0.750000    5.747526   -4.997526 (VIOLATED)
_3059_/S                                0.750000    5.747526   -4.997526 (VIOLATED)
_3060_/S                                0.750000    5.747526   -4.997526 (VIOLATED)
_3062_/S0                               0.750000    5.747526   -4.997526 (VIOLATED)
_3063_/S                                0.750000    5.747526   -4.997526 (VIOLATED)
_3064_/S                                0.750000    5.747526   -4.997526 (VIOLATED)
_3068_/S0                               0.750000    5.747526   -4.997526 (VIOLATED)
_3069_/S                                0.750000    5.747526   -4.997526 (VIOLATED)
_3070_/S                                0.750000    5.747526   -4.997526 (VIOLATED)
_3075_/S0                               0.750000    5.747526   -4.997526 (VIOLATED)
_3076_/S                                0.750000    5.747526   -4.997526 (VIOLATED)
_3077_/S                                0.750000    5.747526   -4.997526 (VIOLATED)
_3080_/S0                               0.750000    5.747526   -4.997526 (VIOLATED)
_3082_/S                                0.750000    5.747526   -4.997526 (VIOLATED)
_3083_/S                                0.750000    5.747526   -4.997526 (VIOLATED)
_3086_/S0                               0.750000    5.747526   -4.997526 (VIOLATED)
_3087_/S                                0.750000    5.747526   -4.997526 (VIOLATED)
_3088_/S                                0.750000    5.747526   -4.997526 (VIOLATED)
_3091_/S0                               0.750000    5.747526   -4.997526 (VIOLATED)
_3092_/S                                0.750000    5.747526   -4.997526 (VIOLATED)
_3093_/S                                0.750000    5.747526   -4.997526 (VIOLATED)
_3097_/S0                               0.750000    5.747526   -4.997526 (VIOLATED)
_3098_/S                                0.750000    5.747526   -4.997526 (VIOLATED)
_3099_/S                                0.750000    5.747526   -4.997526 (VIOLATED)
_3102_/S0                               0.750000    5.747526   -4.997526 (VIOLATED)
_3103_/S                                0.750000    5.747526   -4.997526 (VIOLATED)
_3104_/S                                0.750000    5.747526   -4.997526 (VIOLATED)
_3107_/S0                               0.750000    5.747526   -4.997526 (VIOLATED)
_3109_/S                                0.750000    5.747526   -4.997526 (VIOLATED)
_3110_/S                                0.750000    5.747526   -4.997526 (VIOLATED)
_3113_/S0                               0.750000    5.747526   -4.997526 (VIOLATED)
_3114_/S                                0.750000    5.747526   -4.997526 (VIOLATED)
_3115_/S                                0.750000    5.747526   -4.997526 (VIOLATED)
_3120_/S0                               0.750000    5.747526   -4.997526 (VIOLATED)
_3121_/S                                0.750000    5.747526   -4.997526 (VIOLATED)
_3122_/S                                0.750000    5.747526   -4.997526 (VIOLATED)
_3125_/S0                               0.750000    5.747526   -4.997526 (VIOLATED)
_3126_/S                                0.750000    5.747526   -4.997526 (VIOLATED)
_3127_/S                                0.750000    5.747526   -4.997526 (VIOLATED)
_3130_/S0                               0.750000    5.747526   -4.997526 (VIOLATED)
_3132_/S                                0.750000    5.747526   -4.997526 (VIOLATED)
_3133_/S                                0.750000    5.747526   -4.997526 (VIOLATED)
_3136_/S0                               0.750000    5.747526   -4.997526 (VIOLATED)
_3137_/S                                0.750000    5.747526   -4.997526 (VIOLATED)
_3138_/S                                0.750000    5.747526   -4.997526 (VIOLATED)
_3143_/S0                               0.750000    5.747526   -4.997526 (VIOLATED)
_3144_/S                                0.750000    5.747526   -4.997526 (VIOLATED)
_3145_/S                                0.750000    5.747526   -4.997526 (VIOLATED)
_3148_/S0                               0.750000    5.747526   -4.997526 (VIOLATED)
_3149_/S                                0.750000    5.747526   -4.997526 (VIOLATED)
_3150_/S                                0.750000    5.747526   -4.997526 (VIOLATED)
_3153_/S0                               0.750000    5.747526   -4.997526 (VIOLATED)
_3155_/S0                               0.750000    5.747526   -4.997526 (VIOLATED)
_3157_/S0                               0.750000    5.747526   -4.997526 (VIOLATED)
_3158_/S                                0.750000    5.747526   -4.997526 (VIOLATED)
_3159_/S                                0.750000    5.747526   -4.997526 (VIOLATED)
_3164_/S0                               0.750000    5.747526   -4.997526 (VIOLATED)
_3165_/S                                0.750000    5.747526   -4.997526 (VIOLATED)
_3166_/S                                0.750000    5.747526   -4.997526 (VIOLATED)
_3169_/S0                               0.750000    5.747526   -4.997526 (VIOLATED)
_3170_/S                                0.750000    5.747526   -4.997526 (VIOLATED)
_3171_/S                                0.750000    5.747526   -4.997526 (VIOLATED)
_3174_/S0                               0.750000    5.747526   -4.997526 (VIOLATED)
_3176_/S                                0.750000    5.747526   -4.997526 (VIOLATED)
_3177_/S                                0.750000    5.747526   -4.997526 (VIOLATED)
_3180_/S0                               0.750000    5.747526   -4.997526 (VIOLATED)
_3181_/S                                0.750000    5.747526   -4.997526 (VIOLATED)
_3182_/S                                0.750000    5.747526   -4.997526 (VIOLATED)
_3187_/S0                               0.750000    5.747526   -4.997526 (VIOLATED)
_3188_/S                                0.750000    5.747526   -4.997526 (VIOLATED)
_3189_/S                                0.750000    5.747526   -4.997526 (VIOLATED)
_3192_/S0                               0.750000    5.747526   -4.997526 (VIOLATED)
_3193_/S                                0.750000    5.747526   -4.997526 (VIOLATED)
_3194_/S                                0.750000    5.747526   -4.997526 (VIOLATED)
_3197_/S0                               0.750000    5.747526   -4.997526 (VIOLATED)
_3199_/S                                0.750000    5.747526   -4.997526 (VIOLATED)
_3200_/S                                0.750000    5.747526   -4.997526 (VIOLATED)
_3202_/S0                               0.750000    5.747526   -4.997526 (VIOLATED)
_3203_/S                                0.750000    5.747526   -4.997526 (VIOLATED)
_3204_/S                                0.750000    5.747526   -4.997526 (VIOLATED)
_3209_/S0                               0.750000    5.747526   -4.997526 (VIOLATED)
_3210_/S                                0.750000    5.747526   -4.997526 (VIOLATED)
_3211_/S                                0.750000    5.747526   -4.997526 (VIOLATED)
_3214_/S0                               0.750000    5.747526   -4.997526 (VIOLATED)
_3216_/S                                0.750000    5.747526   -4.997526 (VIOLATED)
_3217_/S                                0.750000    5.747526   -4.997526 (VIOLATED)
_3219_/S0                               0.750000    5.747526   -4.997526 (VIOLATED)
_3220_/S                                0.750000    5.747526   -4.997526 (VIOLATED)
_3221_/S                                0.750000    5.747526   -4.997526 (VIOLATED)
_3225_/S0                               0.750000    5.747526   -4.997526 (VIOLATED)
_3226_/S                                0.750000    5.747526   -4.997526 (VIOLATED)
_3227_/S                                0.750000    5.747526   -4.997526 (VIOLATED)
rs2[0]                                  0.750000    5.668982   -4.918982 (VIOLATED)
_3235_/B                                0.750000    5.668982   -4.918982 (VIOLATED)
_3236_/S0                               0.750000    5.668982   -4.918982 (VIOLATED)
_3237_/S                                0.750000    5.668982   -4.918982 (VIOLATED)
_3240_/S                                0.750000    5.668982   -4.918982 (VIOLATED)
_3243_/S0                               0.750000    5.668982   -4.918982 (VIOLATED)
_3245_/S                                0.750000    5.668982   -4.918982 (VIOLATED)
_3247_/S                                0.750000    5.668982   -4.918982 (VIOLATED)
_3250_/S0                               0.750000    5.668982   -4.918982 (VIOLATED)
_3251_/S                                0.750000    5.668982   -4.918982 (VIOLATED)
_3252_/S                                0.750000    5.668982   -4.918982 (VIOLATED)
_3257_/S0                               0.750000    5.668982   -4.918982 (VIOLATED)
_3259_/S                                0.750000    5.668982   -4.918982 (VIOLATED)
_3260_/S                                0.750000    5.668982   -4.918982 (VIOLATED)
_3265_/S0                               0.750000    5.668982   -4.918982 (VIOLATED)
_3266_/S                                0.750000    5.668982   -4.918982 (VIOLATED)
_3267_/S                                0.750000    5.668982   -4.918982 (VIOLATED)
_3270_/S0                               0.750000    5.668982   -4.918982 (VIOLATED)
_3272_/S                                0.750000    5.668982   -4.918982 (VIOLATED)
_3273_/S                                0.750000    5.668982   -4.918982 (VIOLATED)
_3275_/S0                               0.750000    5.668982   -4.918982 (VIOLATED)
_3276_/S                                0.750000    5.668982   -4.918982 (VIOLATED)
_3277_/S                                0.750000    5.668982   -4.918982 (VIOLATED)
_3281_/S0                               0.750000    5.668982   -4.918982 (VIOLATED)
_3283_/S                                0.750000    5.668982   -4.918982 (VIOLATED)
_3284_/S                                0.750000    5.668982   -4.918982 (VIOLATED)
_3288_/S0                               0.750000    5.668982   -4.918982 (VIOLATED)
_3289_/S                                0.750000    5.668982   -4.918982 (VIOLATED)
_3290_/S                                0.750000    5.668982   -4.918982 (VIOLATED)
_3293_/S0                               0.750000    5.668982   -4.918982 (VIOLATED)
_3295_/S                                0.750000    5.668982   -4.918982 (VIOLATED)
_3296_/S                                0.750000    5.668982   -4.918982 (VIOLATED)
_3298_/S0                               0.750000    5.668982   -4.918982 (VIOLATED)
_3299_/S                                0.750000    5.668982   -4.918982 (VIOLATED)
_3300_/S                                0.750000    5.668982   -4.918982 (VIOLATED)
_3304_/S0                               0.750000    5.668982   -4.918982 (VIOLATED)
_3306_/S                                0.750000    5.668982   -4.918982 (VIOLATED)
_3307_/S                                0.750000    5.668982   -4.918982 (VIOLATED)
_3311_/S0                               0.750000    5.668982   -4.918982 (VIOLATED)
_3312_/S                                0.750000    5.668982   -4.918982 (VIOLATED)
_3313_/S                                0.750000    5.668982   -4.918982 (VIOLATED)
_3316_/S0                               0.750000    5.668982   -4.918982 (VIOLATED)
_3317_/S                                0.750000    5.668982   -4.918982 (VIOLATED)
_3318_/S                                0.750000    5.668982   -4.918982 (VIOLATED)
_3321_/S0                               0.750000    5.668982   -4.918982 (VIOLATED)
_3322_/S0                               0.750000    5.668982   -4.918982 (VIOLATED)
_3324_/S0                               0.750000    5.668982   -4.918982 (VIOLATED)
_3325_/S                                0.750000    5.668982   -4.918982 (VIOLATED)
_3326_/S                                0.750000    5.668982   -4.918982 (VIOLATED)
_3331_/S0                               0.750000    5.668982   -4.918982 (VIOLATED)
_3332_/S                                0.750000    5.668982   -4.918982 (VIOLATED)
_3333_/S                                0.750000    5.668982   -4.918982 (VIOLATED)
_3336_/S0                               0.750000    5.668982   -4.918982 (VIOLATED)
_3338_/S                                0.750000    5.668982   -4.918982 (VIOLATED)
_3339_/S                                0.750000    5.668982   -4.918982 (VIOLATED)
_3342_/S0                               0.750000    5.668982   -4.918982 (VIOLATED)
_3343_/S0                               0.750000    5.668982   -4.918982 (VIOLATED)
_3345_/S0                               0.750000    5.668982   -4.918982 (VIOLATED)
_3346_/S                                0.750000    5.668982   -4.918982 (VIOLATED)
_3348_/S                                0.750000    5.668982   -4.918982 (VIOLATED)
_3352_/S0                               0.750000    5.668982   -4.918982 (VIOLATED)
_3353_/S                                0.750000    5.668982   -4.918982 (VIOLATED)
_3354_/S                                0.750000    5.668982   -4.918982 (VIOLATED)
_3357_/S0                               0.750000    5.668982   -4.918982 (VIOLATED)
_3358_/S0                               0.750000    5.668982   -4.918982 (VIOLATED)
_3361_/S0                               0.750000    5.668982   -4.918982 (VIOLATED)
_3362_/S                                0.750000    5.668982   -4.918982 (VIOLATED)
_3363_/S                                0.750000    5.668982   -4.918982 (VIOLATED)
_3366_/S0                               0.750000    5.668982   -4.918982 (VIOLATED)
_3367_/S                                0.750000    5.668982   -4.918982 (VIOLATED)
_3368_/S                                0.750000    5.668982   -4.918982 (VIOLATED)
_3373_/S0                               0.750000    5.668982   -4.918982 (VIOLATED)
_3374_/S                                0.750000    5.668982   -4.918982 (VIOLATED)
_3375_/S                                0.750000    5.668982   -4.918982 (VIOLATED)
_3378_/S0                               0.750000    5.668982   -4.918982 (VIOLATED)
_3379_/S                                0.750000    5.668982   -4.918982 (VIOLATED)
_3380_/S                                0.750000    5.668982   -4.918982 (VIOLATED)
_3383_/S0                               0.750000    5.668982   -4.918982 (VIOLATED)
_3384_/S                                0.750000    5.668982   -4.918982 (VIOLATED)
_3386_/S                                0.750000    5.668982   -4.918982 (VIOLATED)
_3389_/S0                               0.750000    5.668982   -4.918982 (VIOLATED)
_3390_/S                                0.750000    5.668982   -4.918982 (VIOLATED)
_3391_/S                                0.750000    5.668982   -4.918982 (VIOLATED)
_3396_/S0                               0.750000    5.668982   -4.918982 (VIOLATED)
_3397_/S                                0.750000    5.668982   -4.918982 (VIOLATED)
_3398_/S                                0.750000    5.668982   -4.918982 (VIOLATED)
_3401_/S0                               0.750000    5.668982   -4.918982 (VIOLATED)
_3402_/S                                0.750000    5.668982   -4.918982 (VIOLATED)
_3403_/S                                0.750000    5.668982   -4.918982 (VIOLATED)
_3407_/S0                               0.750000    5.668982   -4.918982 (VIOLATED)
_3409_/S0                               0.750000    5.668982   -4.918982 (VIOLATED)
_3411_/S0                               0.750000    5.668982   -4.918982 (VIOLATED)
_3413_/S                                0.750000    5.668982   -4.918982 (VIOLATED)
_3415_/S                                0.750000    5.668982   -4.918982 (VIOLATED)
_3420_/S0                               0.750000    5.668982   -4.918982 (VIOLATED)
_3422_/S                                0.750000    5.668982   -4.918982 (VIOLATED)
_3423_/S                                0.750000    5.668982   -4.918982 (VIOLATED)
_3425_/S0                               0.750000    5.668982   -4.918982 (VIOLATED)
_3426_/S                                0.750000    5.668982   -4.918982 (VIOLATED)
_3427_/S                                0.750000    5.668982   -4.918982 (VIOLATED)
_3431_/S0                               0.750000    5.668982   -4.918982 (VIOLATED)
_3432_/S0                               0.750000    5.668982   -4.918982 (VIOLATED)
_3435_/S0                               0.750000    5.668982   -4.918982 (VIOLATED)
_3437_/S                                0.750000    5.668982   -4.918982 (VIOLATED)
_3438_/S                                0.750000    5.668982   -4.918982 (VIOLATED)
_3442_/S0                               0.750000    5.668982   -4.918982 (VIOLATED)
_3443_/S                                0.750000    5.668982   -4.918982 (VIOLATED)
_3444_/S                                0.750000    5.668982   -4.918982 (VIOLATED)
_3447_/S0                               0.750000    5.668982   -4.918982 (VIOLATED)
_3449_/S                                0.750000    5.668982   -4.918982 (VIOLATED)
_3450_/S                                0.750000    5.668982   -4.918982 (VIOLATED)
_3453_/S0                               0.750000    5.668982   -4.918982 (VIOLATED)
_3455_/S                                0.750000    5.668982   -4.918982 (VIOLATED)
_3456_/S                                0.750000    5.668982   -4.918982 (VIOLATED)
_3458_/S0                               0.750000    5.668982   -4.918982 (VIOLATED)
_3460_/S0                               0.750000    5.668982   -4.918982 (VIOLATED)
_3465_/S0                               0.750000    5.668982   -4.918982 (VIOLATED)
_3466_/S0                               0.750000    5.668982   -4.918982 (VIOLATED)
_3468_/S0                               0.750000    5.668982   -4.918982 (VIOLATED)
_3469_/S0                               0.750000    5.668982   -4.918982 (VIOLATED)
_3473_/S0                               0.750000    5.668982   -4.918982 (VIOLATED)
_3474_/S                                0.750000    5.668982   -4.918982 (VIOLATED)
_3475_/S                                0.750000    5.668982   -4.918982 (VIOLATED)
_3478_/S0                               0.750000    5.668982   -4.918982 (VIOLATED)
_3479_/S                                0.750000    5.668982   -4.918982 (VIOLATED)
_3480_/S                                0.750000    5.668982   -4.918982 (VIOLATED)
_3485_/S0                               0.750000    5.668982   -4.918982 (VIOLATED)
_3486_/S                                0.750000    5.668982   -4.918982 (VIOLATED)
_3487_/S                                0.750000    5.668982   -4.918982 (VIOLATED)
_3490_/S0                               0.750000    5.668982   -4.918982 (VIOLATED)
_3491_/S                                0.750000    5.668982   -4.918982 (VIOLATED)
_3492_/S                                0.750000    5.668982   -4.918982 (VIOLATED)
_3495_/S0                               0.750000    5.668982   -4.918982 (VIOLATED)
_3497_/S0                               0.750000    5.668982   -4.918982 (VIOLATED)
_3499_/S0                               0.750000    5.668982   -4.918982 (VIOLATED)
_3500_/S                                0.750000    5.668982   -4.918982 (VIOLATED)
_3501_/S                                0.750000    5.668982   -4.918982 (VIOLATED)
_3506_/S0                               0.750000    5.668982   -4.918982 (VIOLATED)
_3507_/S                                0.750000    5.668982   -4.918982 (VIOLATED)
_3508_/S                                0.750000    5.668982   -4.918982 (VIOLATED)
_3511_/S0                               0.750000    5.668982   -4.918982 (VIOLATED)
_3513_/S                                0.750000    5.668982   -4.918982 (VIOLATED)
_3514_/S                                0.750000    5.668982   -4.918982 (VIOLATED)
_3517_/S0                               0.750000    5.668982   -4.918982 (VIOLATED)
_3519_/S0                               0.750000    5.668982   -4.918982 (VIOLATED)
_3521_/S0                               0.750000    5.668982   -4.918982 (VIOLATED)
_3523_/S                                0.750000    5.668982   -4.918982 (VIOLATED)
_3524_/S                                0.750000    5.668982   -4.918982 (VIOLATED)
_3529_/S0                               0.750000    5.668982   -4.918982 (VIOLATED)
_3530_/S                                0.750000    5.668982   -4.918982 (VIOLATED)
_3531_/S                                0.750000    5.668982   -4.918982 (VIOLATED)
_3534_/S0                               0.750000    5.668982   -4.918982 (VIOLATED)
_3535_/S                                0.750000    5.668982   -4.918982 (VIOLATED)
_3536_/S                                0.750000    5.668982   -4.918982 (VIOLATED)
_3539_/S0                               0.750000    5.668982   -4.918982 (VIOLATED)
_3541_/S                                0.750000    5.668982   -4.918982 (VIOLATED)
_3542_/S                                0.750000    5.668982   -4.918982 (VIOLATED)
_3544_/S0                               0.750000    5.668982   -4.918982 (VIOLATED)
_3545_/S                                0.750000    5.668982   -4.918982 (VIOLATED)
_3546_/S                                0.750000    5.668982   -4.918982 (VIOLATED)
_3551_/S0                               0.750000    5.668982   -4.918982 (VIOLATED)
_3552_/S                                0.750000    5.668982   -4.918982 (VIOLATED)
_3553_/S                                0.750000    5.668982   -4.918982 (VIOLATED)
_3556_/S0                               0.750000    5.668982   -4.918982 (VIOLATED)
_3557_/S                                0.750000    5.668982   -4.918982 (VIOLATED)
_3558_/S                                0.750000    5.668982   -4.918982 (VIOLATED)
_3561_/S0                               0.750000    5.668982   -4.918982 (VIOLATED)
_3563_/S                                0.750000    5.668982   -4.918982 (VIOLATED)
_3564_/S                                0.750000    5.668982   -4.918982 (VIOLATED)
_3566_/S0                               0.750000    5.668982   -4.918982 (VIOLATED)
_3567_/S                                0.750000    5.668982   -4.918982 (VIOLATED)
_3568_/S                                0.750000    5.668982   -4.918982 (VIOLATED)
_3573_/S0                               0.750000    5.668982   -4.918982 (VIOLATED)
_3574_/S                                0.750000    5.668982   -4.918982 (VIOLATED)
_3575_/S                                0.750000    5.668982   -4.918982 (VIOLATED)
_3578_/S0                               0.750000    5.668982   -4.918982 (VIOLATED)
_3579_/S                                0.750000    5.668982   -4.918982 (VIOLATED)
_3580_/S                                0.750000    5.668982   -4.918982 (VIOLATED)
_3583_/S0                               0.750000    5.668982   -4.918982 (VIOLATED)
_3585_/S                                0.750000    5.668982   -4.918982 (VIOLATED)
_3586_/S                                0.750000    5.668982   -4.918982 (VIOLATED)
_3588_/S0                               0.750000    5.668982   -4.918982 (VIOLATED)
_3589_/S                                0.750000    5.668982   -4.918982 (VIOLATED)
_3590_/S                                0.750000    5.668982   -4.918982 (VIOLATED)
_3595_/S0                               0.750000    5.668982   -4.918982 (VIOLATED)
_3596_/S0                               0.750000    5.668982   -4.918982 (VIOLATED)
_3598_/S0                               0.750000    5.668982   -4.918982 (VIOLATED)
_3599_/S0                               0.750000    5.668982   -4.918982 (VIOLATED)
_3603_/S0                               0.750000    5.668982   -4.918982 (VIOLATED)
_3604_/S                                0.750000    5.668982   -4.918982 (VIOLATED)
_3605_/S                                0.750000    5.668982   -4.918982 (VIOLATED)
_3608_/S0                               0.750000    5.668982   -4.918982 (VIOLATED)
_3609_/S                                0.750000    5.668982   -4.918982 (VIOLATED)
_3610_/S                                0.750000    5.668982   -4.918982 (VIOLATED)
_3615_/S0                               0.750000    5.668982   -4.918982 (VIOLATED)
_3616_/S                                0.750000    5.668982   -4.918982 (VIOLATED)
_3617_/S                                0.750000    5.668982   -4.918982 (VIOLATED)
_3620_/S0                               0.750000    5.668982   -4.918982 (VIOLATED)
_3621_/S                                0.750000    5.668982   -4.918982 (VIOLATED)
_3622_/S                                0.750000    5.668982   -4.918982 (VIOLATED)
_3625_/S0                               0.750000    5.668982   -4.918982 (VIOLATED)
_3627_/S0                               0.750000    5.668982   -4.918982 (VIOLATED)
_3629_/S0                               0.750000    5.668982   -4.918982 (VIOLATED)
_3630_/S                                0.750000    5.668982   -4.918982 (VIOLATED)
_3631_/S                                0.750000    5.668982   -4.918982 (VIOLATED)
_3637_/S0                               0.750000    5.668982   -4.918982 (VIOLATED)
_3638_/S                                0.750000    5.668982   -4.918982 (VIOLATED)
_3639_/S                                0.750000    5.668982   -4.918982 (VIOLATED)
_3642_/S0                               0.750000    5.668982   -4.918982 (VIOLATED)
_3644_/S                                0.750000    5.668982   -4.918982 (VIOLATED)
_3645_/S                                0.750000    5.668982   -4.918982 (VIOLATED)
_3648_/S0                               0.750000    5.668982   -4.918982 (VIOLATED)
_3650_/S0                               0.750000    5.668982   -4.918982 (VIOLATED)
_3652_/S0                               0.750000    5.668982   -4.918982 (VIOLATED)
_3653_/S                                0.750000    5.668982   -4.918982 (VIOLATED)
_3654_/S                                0.750000    5.668982   -4.918982 (VIOLATED)
_3658_/S0                               0.750000    5.668982   -4.918982 (VIOLATED)
_3659_/S                                0.750000    5.668982   -4.918982 (VIOLATED)
_3660_/S                                0.750000    5.668982   -4.918982 (VIOLATED)
_3663_/S0                               0.750000    5.668982   -4.918982 (VIOLATED)
_3664_/S                                0.750000    5.668982   -4.918982 (VIOLATED)
_3665_/S                                0.750000    5.668982   -4.918982 (VIOLATED)
_3668_/S0                               0.750000    5.668982   -4.918982 (VIOLATED)
_3669_/S                                0.750000    5.668982   -4.918982 (VIOLATED)
_3671_/S                                0.750000    5.668982   -4.918982 (VIOLATED)
_3674_/S0                               0.750000    5.668982   -4.918982 (VIOLATED)
_3675_/S                                0.750000    5.668982   -4.918982 (VIOLATED)
_3676_/S                                0.750000    5.668982   -4.918982 (VIOLATED)
_3681_/S0                               0.750000    5.668982   -4.918982 (VIOLATED)
_3682_/S                                0.750000    5.668982   -4.918982 (VIOLATED)
_3683_/S                                0.750000    5.668982   -4.918982 (VIOLATED)
_3686_/S0                               0.750000    5.668982   -4.918982 (VIOLATED)
_3688_/S                                0.750000    5.668982   -4.918982 (VIOLATED)
_3689_/S                                0.750000    5.668982   -4.918982 (VIOLATED)
_3691_/S0                               0.750000    5.668982   -4.918982 (VIOLATED)
_3692_/S                                0.750000    5.668982   -4.918982 (VIOLATED)
_3693_/S                                0.750000    5.668982   -4.918982 (VIOLATED)
_3698_/S0                               0.750000    5.668982   -4.918982 (VIOLATED)
_3699_/S                                0.750000    5.668982   -4.918982 (VIOLATED)
_3700_/S                                0.750000    5.668982   -4.918982 (VIOLATED)
_3705_/S0                               0.750000    5.668982   -4.918982 (VIOLATED)
_3706_/S                                0.750000    5.668982   -4.918982 (VIOLATED)
_3707_/S                                0.750000    5.668982   -4.918982 (VIOLATED)
_3710_/S0                               0.750000    5.668982   -4.918982 (VIOLATED)
_3711_/S                                0.750000    5.668982   -4.918982 (VIOLATED)
_3712_/S                                0.750000    5.668982   -4.918982 (VIOLATED)
_3715_/S0                               0.750000    5.668982   -4.918982 (VIOLATED)
_3717_/S0                               0.750000    5.668982   -4.918982 (VIOLATED)
_3719_/S0                               0.750000    5.668982   -4.918982 (VIOLATED)
_3720_/S                                0.750000    5.668982   -4.918982 (VIOLATED)
_3721_/S                                0.750000    5.668982   -4.918982 (VIOLATED)
_3726_/S0                               0.750000    5.668982   -4.918982 (VIOLATED)
_3727_/S                                0.750000    5.668982   -4.918982 (VIOLATED)
_3728_/S                                0.750000    5.668982   -4.918982 (VIOLATED)
_3731_/S0                               0.750000    5.668982   -4.918982 (VIOLATED)
_3732_/S                                0.750000    5.668982   -4.918982 (VIOLATED)
_3733_/S                                0.750000    5.668982   -4.918982 (VIOLATED)
_3736_/S0                               0.750000    5.668982   -4.918982 (VIOLATED)
_3737_/S                                0.750000    5.668982   -4.918982 (VIOLATED)
_3739_/S                                0.750000    5.668982   -4.918982 (VIOLATED)
_3742_/S0                               0.750000    5.668982   -4.918982 (VIOLATED)
_3743_/S                                0.750000    5.668982   -4.918982 (VIOLATED)
_3744_/S                                0.750000    5.668982   -4.918982 (VIOLATED)
_3749_/S0                               0.750000    5.668982   -4.918982 (VIOLATED)
_3750_/S                                0.750000    5.668982   -4.918982 (VIOLATED)
_3751_/S                                0.750000    5.668982   -4.918982 (VIOLATED)
_3754_/S0                               0.750000    5.668982   -4.918982 (VIOLATED)
_3755_/S                                0.750000    5.668982   -4.918982 (VIOLATED)
_3756_/S                                0.750000    5.668982   -4.918982 (VIOLATED)
_3759_/S0                               0.750000    5.668982   -4.918982 (VIOLATED)
_3761_/S                                0.750000    5.668982   -4.918982 (VIOLATED)
_3762_/S                                0.750000    5.668982   -4.918982 (VIOLATED)
_3765_/S0                               0.750000    5.668982   -4.918982 (VIOLATED)
_3766_/S                                0.750000    5.668982   -4.918982 (VIOLATED)
_3767_/S                                0.750000    5.668982   -4.918982 (VIOLATED)
_3772_/S0                               0.750000    5.668982   -4.918982 (VIOLATED)
_3773_/S                                0.750000    5.668982   -4.918982 (VIOLATED)
_3774_/S                                0.750000    5.668982   -4.918982 (VIOLATED)
_3777_/S0                               0.750000    5.668982   -4.918982 (VIOLATED)
_3778_/S                                0.750000    5.668982   -4.918982 (VIOLATED)
_3779_/S                                0.750000    5.668982   -4.918982 (VIOLATED)
_3782_/S0                               0.750000    5.668982   -4.918982 (VIOLATED)
_3783_/S                                0.750000    5.668982   -4.918982 (VIOLATED)
_3785_/S                                0.750000    5.668982   -4.918982 (VIOLATED)
_3788_/S0                               0.750000    5.668982   -4.918982 (VIOLATED)
_3789_/S                                0.750000    5.668982   -4.918982 (VIOLATED)
_3790_/S                                0.750000    5.668982   -4.918982 (VIOLATED)
_3795_/S0                               0.750000    5.668982   -4.918982 (VIOLATED)
_3797_/S0                               0.750000    5.668982   -4.918982 (VIOLATED)
_3799_/S0                               0.750000    5.668982   -4.918982 (VIOLATED)
_3801_/S                                0.750000    5.668982   -4.918982 (VIOLATED)
_3802_/S                                0.750000    5.668982   -4.918982 (VIOLATED)
_3804_/S0                               0.750000    5.668982   -4.918982 (VIOLATED)
_3805_/S0                               0.750000    5.668982   -4.918982 (VIOLATED)
_3808_/S0                               0.750000    5.668982   -4.918982 (VIOLATED)
_3809_/S                                0.750000    5.668982   -4.918982 (VIOLATED)
_3810_/S                                0.750000    5.668982   -4.918982 (VIOLATED)
_3815_/S0                               0.750000    5.668982   -4.918982 (VIOLATED)
_3817_/S                                0.750000    5.668982   -4.918982 (VIOLATED)
_3818_/S                                0.750000    5.668982   -4.918982 (VIOLATED)
_3820_/S0                               0.750000    5.668982   -4.918982 (VIOLATED)
_3821_/S                                0.750000    5.668982   -4.918982 (VIOLATED)
_3822_/S                                0.750000    5.668982   -4.918982 (VIOLATED)
_3825_/S0                               0.750000    5.668982   -4.918982 (VIOLATED)
_3826_/S0                               0.750000    5.668982   -4.918982 (VIOLATED)
_3828_/S0                               0.750000    5.668982   -4.918982 (VIOLATED)
_3829_/S                                0.750000    5.668982   -4.918982 (VIOLATED)
_3830_/S                                0.750000    5.668982   -4.918982 (VIOLATED)
_3835_/S0                               0.750000    5.668982   -4.918982 (VIOLATED)
_3836_/S0                               0.750000    5.668982   -4.918982 (VIOLATED)
_3839_/S0                               0.750000    5.668982   -4.918982 (VIOLATED)
_3840_/S                                0.750000    5.668982   -4.918982 (VIOLATED)
_3841_/S                                0.750000    5.668982   -4.918982 (VIOLATED)
_3844_/S0                               0.750000    5.668982   -4.918982 (VIOLATED)
_3846_/S                                0.750000    5.668982   -4.918982 (VIOLATED)
_3847_/S                                0.750000    5.668982   -4.918982 (VIOLATED)
_3849_/S0                               0.750000    5.668982   -4.918982 (VIOLATED)
_3850_/S                                0.750000    5.668982   -4.918982 (VIOLATED)
_3851_/S                                0.750000    5.668982   -4.918982 (VIOLATED)
_3856_/S0                               0.750000    5.668982   -4.918982 (VIOLATED)
_3857_/S                                0.750000    5.668982   -4.918982 (VIOLATED)
_3858_/S                                0.750000    5.668982   -4.918982 (VIOLATED)
_3861_/S0                               0.750000    5.668982   -4.918982 (VIOLATED)
_3862_/S                                0.750000    5.668982   -4.918982 (VIOLATED)
_3863_/S                                0.750000    5.668982   -4.918982 (VIOLATED)
_3866_/S0                               0.750000    5.668982   -4.918982 (VIOLATED)
_3868_/S0                               0.750000    5.668982   -4.918982 (VIOLATED)
_3870_/S0                               0.750000    5.668982   -4.918982 (VIOLATED)
_3871_/S                                0.750000    5.668982   -4.918982 (VIOLATED)
_3873_/S                                0.750000    5.668982   -4.918982 (VIOLATED)
_3878_/S0                               0.750000    5.668982   -4.918982 (VIOLATED)
_3879_/S                                0.750000    5.668982   -4.918982 (VIOLATED)
_3880_/S                                0.750000    5.668982   -4.918982 (VIOLATED)
_3883_/S0                               0.750000    5.668982   -4.918982 (VIOLATED)
_3884_/S                                0.750000    5.668982   -4.918982 (VIOLATED)
_3885_/S                                0.750000    5.668982   -4.918982 (VIOLATED)
_3888_/S0                               0.750000    5.668982   -4.918982 (VIOLATED)
_3890_/S                                0.750000    5.668982   -4.918982 (VIOLATED)
_3891_/S                                0.750000    5.668982   -4.918982 (VIOLATED)
_3893_/S0                               0.750000    5.668982   -4.918982 (VIOLATED)
_3894_/S                                0.750000    5.668982   -4.918982 (VIOLATED)
_3895_/S                                0.750000    5.668982   -4.918982 (VIOLATED)
_3900_/S0                               0.750000    5.668982   -4.918982 (VIOLATED)
_3901_/S                                0.750000    5.668982   -4.918982 (VIOLATED)
_3902_/S                                0.750000    5.668982   -4.918982 (VIOLATED)
_3905_/S0                               0.750000    5.668982   -4.918982 (VIOLATED)
_3907_/S                                0.750000    5.668982   -4.918982 (VIOLATED)
_3908_/S                                0.750000    5.668982   -4.918982 (VIOLATED)
_3911_/S0                               0.750000    5.668982   -4.918982 (VIOLATED)
_3913_/S                                0.750000    5.668982   -4.918982 (VIOLATED)
_3915_/S                                0.750000    5.668982   -4.918982 (VIOLATED)
_3917_/S0                               0.750000    5.668982   -4.918982 (VIOLATED)
_3919_/S0                               0.750000    5.668982   -4.918982 (VIOLATED)
_3924_/S0                               0.750000    5.668982   -4.918982 (VIOLATED)
_3925_/S                                0.750000    5.668982   -4.918982 (VIOLATED)
_3926_/S                                0.750000    5.668982   -4.918982 (VIOLATED)
_3929_/S0                               0.750000    5.668982   -4.918982 (VIOLATED)
_3931_/S                                0.750000    5.668982   -4.918982 (VIOLATED)
_3932_/S                                0.750000    5.668982   -4.918982 (VIOLATED)
_3934_/S0                               0.750000    5.668982   -4.918982 (VIOLATED)
_3935_/S                                0.750000    5.668982   -4.918982 (VIOLATED)
_3936_/S                                0.750000    5.668982   -4.918982 (VIOLATED)
_3940_/S0                               0.750000    5.668982   -4.918982 (VIOLATED)
_3942_/S                                0.750000    5.668982   -4.918982 (VIOLATED)
_3943_/S                                0.750000    5.668982   -4.918982 (VIOLATED)
rs2[1]                                  0.750000    1.738639   -0.988639 (VIOLATED)
_3233_/A                                0.750000    1.738639   -0.988639 (VIOLATED)
_3234_/A                                0.750000    1.738639   -0.988639 (VIOLATED)
_3236_/S1                               0.750000    1.738639   -0.988639 (VIOLATED)
_3238_/B                                0.750000    1.738639   -0.988639 (VIOLATED)
_3239_/B                                0.750000    1.738639   -0.988639 (VIOLATED)
_3243_/S1                               0.750000    1.738639   -0.988639 (VIOLATED)
_3250_/S1                               0.750000    1.738639   -0.988639 (VIOLATED)
_3257_/S1                               0.750000    1.738639   -0.988639 (VIOLATED)
_3265_/S1                               0.750000    1.738639   -0.988639 (VIOLATED)
_3270_/S1                               0.750000    1.738639   -0.988639 (VIOLATED)
_3275_/S1                               0.750000    1.738639   -0.988639 (VIOLATED)
_3281_/S1                               0.750000    1.738639   -0.988639 (VIOLATED)
_3288_/S1                               0.750000    1.738639   -0.988639 (VIOLATED)
_3293_/S1                               0.750000    1.738639   -0.988639 (VIOLATED)
_3298_/S1                               0.750000    1.738639   -0.988639 (VIOLATED)
_3304_/S1                               0.750000    1.738639   -0.988639 (VIOLATED)
_3311_/S1                               0.750000    1.738639   -0.988639 (VIOLATED)
_3316_/S1                               0.750000    1.738639   -0.988639 (VIOLATED)
_3321_/S1                               0.750000    1.738639   -0.988639 (VIOLATED)
_3322_/S1                               0.750000    1.738639   -0.988639 (VIOLATED)
_3324_/S1                               0.750000    1.738639   -0.988639 (VIOLATED)
_3331_/S1                               0.750000    1.738639   -0.988639 (VIOLATED)
_3336_/S1                               0.750000    1.738639   -0.988639 (VIOLATED)
_3342_/S1                               0.750000    1.738639   -0.988639 (VIOLATED)
_3343_/S1                               0.750000    1.738639   -0.988639 (VIOLATED)
_3345_/S1                               0.750000    1.738639   -0.988639 (VIOLATED)
_3352_/S1                               0.750000    1.738639   -0.988639 (VIOLATED)
_3357_/S1                               0.750000    1.738639   -0.988639 (VIOLATED)
_3358_/S1                               0.750000    1.738639   -0.988639 (VIOLATED)
_3361_/S1                               0.750000    1.738639   -0.988639 (VIOLATED)
_3366_/S1                               0.750000    1.738639   -0.988639 (VIOLATED)
_3373_/S1                               0.750000    1.738639   -0.988639 (VIOLATED)
_3378_/S1                               0.750000    1.738639   -0.988639 (VIOLATED)
_3383_/S1                               0.750000    1.738639   -0.988639 (VIOLATED)
_3389_/S1                               0.750000    1.738639   -0.988639 (VIOLATED)
_3396_/S1                               0.750000    1.738639   -0.988639 (VIOLATED)
_3401_/S1                               0.750000    1.738639   -0.988639 (VIOLATED)
_3407_/S1                               0.750000    1.738639   -0.988639 (VIOLATED)
_3409_/S1                               0.750000    1.738639   -0.988639 (VIOLATED)
_3411_/S1                               0.750000    1.738639   -0.988639 (VIOLATED)
_3420_/S1                               0.750000    1.738639   -0.988639 (VIOLATED)
_3425_/S1                               0.750000    1.738639   -0.988639 (VIOLATED)
_3431_/S1                               0.750000    1.738639   -0.988639 (VIOLATED)
_3432_/S1                               0.750000    1.738639   -0.988639 (VIOLATED)
_3435_/S1                               0.750000    1.738639   -0.988639 (VIOLATED)
_3442_/S1                               0.750000    1.738639   -0.988639 (VIOLATED)
_3447_/S1                               0.750000    1.738639   -0.988639 (VIOLATED)
_3453_/S1                               0.750000    1.738639   -0.988639 (VIOLATED)
_3458_/S1                               0.750000    1.738639   -0.988639 (VIOLATED)
_3460_/S1                               0.750000    1.738639   -0.988639 (VIOLATED)
_3465_/S1                               0.750000    1.738639   -0.988639 (VIOLATED)
_3466_/S1                               0.750000    1.738639   -0.988639 (VIOLATED)
_3468_/S1                               0.750000    1.738639   -0.988639 (VIOLATED)
_3469_/S1                               0.750000    1.738639   -0.988639 (VIOLATED)
_3473_/S1                               0.750000    1.738639   -0.988639 (VIOLATED)
_3478_/S1                               0.750000    1.738639   -0.988639 (VIOLATED)
_3485_/S1                               0.750000    1.738639   -0.988639 (VIOLATED)
_3490_/S1                               0.750000    1.738639   -0.988639 (VIOLATED)
_3495_/S1                               0.750000    1.738639   -0.988639 (VIOLATED)
_3497_/S1                               0.750000    1.738639   -0.988639 (VIOLATED)
_3499_/S1                               0.750000    1.738639   -0.988639 (VIOLATED)
_3506_/S1                               0.750000    1.738639   -0.988639 (VIOLATED)
_3511_/S1                               0.750000    1.738639   -0.988639 (VIOLATED)
_3517_/S1                               0.750000    1.738639   -0.988639 (VIOLATED)
_3519_/S1                               0.750000    1.738639   -0.988639 (VIOLATED)
_3521_/S1                               0.750000    1.738639   -0.988639 (VIOLATED)
_3529_/S1                               0.750000    1.738639   -0.988639 (VIOLATED)
_3534_/S1                               0.750000    1.738639   -0.988639 (VIOLATED)
_3539_/S1                               0.750000    1.738639   -0.988639 (VIOLATED)
_3544_/S1                               0.750000    1.738639   -0.988639 (VIOLATED)
_3551_/S1                               0.750000    1.738639   -0.988639 (VIOLATED)
_3556_/S1                               0.750000    1.738639   -0.988639 (VIOLATED)
_3561_/S1                               0.750000    1.738639   -0.988639 (VIOLATED)
_3566_/S1                               0.750000    1.738639   -0.988639 (VIOLATED)
_3573_/S1                               0.750000    1.738639   -0.988639 (VIOLATED)
_3578_/S1                               0.750000    1.738639   -0.988639 (VIOLATED)
_3583_/S1                               0.750000    1.738639   -0.988639 (VIOLATED)
_3588_/S1                               0.750000    1.738639   -0.988639 (VIOLATED)
_3595_/S1                               0.750000    1.738639   -0.988639 (VIOLATED)
_3596_/S1                               0.750000    1.738639   -0.988639 (VIOLATED)
_3598_/S1                               0.750000    1.738639   -0.988639 (VIOLATED)
_3599_/S1                               0.750000    1.738639   -0.988639 (VIOLATED)
_3603_/S1                               0.750000    1.738639   -0.988639 (VIOLATED)
_3608_/S1                               0.750000    1.738639   -0.988639 (VIOLATED)
_3615_/S1                               0.750000    1.738639   -0.988639 (VIOLATED)
_3620_/S1                               0.750000    1.738639   -0.988639 (VIOLATED)
_3625_/S1                               0.750000    1.738639   -0.988639 (VIOLATED)
_3627_/S1                               0.750000    1.738639   -0.988639 (VIOLATED)
_3629_/S1                               0.750000    1.738639   -0.988639 (VIOLATED)
_3637_/S1                               0.750000    1.738639   -0.988639 (VIOLATED)
_3642_/S1                               0.750000    1.738639   -0.988639 (VIOLATED)
_3648_/S1                               0.750000    1.738639   -0.988639 (VIOLATED)
_3650_/S1                               0.750000    1.738639   -0.988639 (VIOLATED)
_3652_/S1                               0.750000    1.738639   -0.988639 (VIOLATED)
_3658_/S1                               0.750000    1.738639   -0.988639 (VIOLATED)
_3663_/S1                               0.750000    1.738639   -0.988639 (VIOLATED)
_3668_/S1                               0.750000    1.738639   -0.988639 (VIOLATED)
_3674_/S1                               0.750000    1.738639   -0.988639 (VIOLATED)
_3681_/S1                               0.750000    1.738639   -0.988639 (VIOLATED)
_3686_/S1                               0.750000    1.738639   -0.988639 (VIOLATED)
_3691_/S1                               0.750000    1.738639   -0.988639 (VIOLATED)
_3698_/S1                               0.750000    1.738639   -0.988639 (VIOLATED)
_3705_/S1                               0.750000    1.738639   -0.988639 (VIOLATED)
_3710_/S1                               0.750000    1.738639   -0.988639 (VIOLATED)
_3715_/S1                               0.750000    1.738639   -0.988639 (VIOLATED)
_3717_/S1                               0.750000    1.738639   -0.988639 (VIOLATED)
_3719_/S1                               0.750000    1.738639   -0.988639 (VIOLATED)
_3726_/S1                               0.750000    1.738639   -0.988639 (VIOLATED)
_3731_/S1                               0.750000    1.738639   -0.988639 (VIOLATED)
_3736_/S1                               0.750000    1.738639   -0.988639 (VIOLATED)
_3742_/S1                               0.750000    1.738639   -0.988639 (VIOLATED)
_3749_/S1                               0.750000    1.738639   -0.988639 (VIOLATED)
_3754_/S1                               0.750000    1.738639   -0.988639 (VIOLATED)
_3759_/S1                               0.750000    1.738639   -0.988639 (VIOLATED)
_3765_/S1                               0.750000    1.738639   -0.988639 (VIOLATED)
_3772_/S1                               0.750000    1.738639   -0.988639 (VIOLATED)
_3777_/S1                               0.750000    1.738639   -0.988639 (VIOLATED)
_3782_/S1                               0.750000    1.738639   -0.988639 (VIOLATED)
_3788_/S1                               0.750000    1.738639   -0.988639 (VIOLATED)
_3795_/S1                               0.750000    1.738639   -0.988639 (VIOLATED)
_3797_/S1                               0.750000    1.738639   -0.988639 (VIOLATED)
_3799_/S1                               0.750000    1.738639   -0.988639 (VIOLATED)
_3804_/S1                               0.750000    1.738639   -0.988639 (VIOLATED)
_3805_/S1                               0.750000    1.738639   -0.988639 (VIOLATED)
_3808_/S1                               0.750000    1.738639   -0.988639 (VIOLATED)
_3815_/S1                               0.750000    1.738639   -0.988639 (VIOLATED)
_3820_/S1                               0.750000    1.738639   -0.988639 (VIOLATED)
_3825_/S1                               0.750000    1.738639   -0.988639 (VIOLATED)
_3826_/S1                               0.750000    1.738639   -0.988639 (VIOLATED)
_3828_/S1                               0.750000    1.738639   -0.988639 (VIOLATED)
_3835_/S1                               0.750000    1.738639   -0.988639 (VIOLATED)
_3836_/S1                               0.750000    1.738639   -0.988639 (VIOLATED)
_3839_/S1                               0.750000    1.738639   -0.988639 (VIOLATED)
_3844_/S1                               0.750000    1.738639   -0.988639 (VIOLATED)
_3849_/S1                               0.750000    1.738639   -0.988639 (VIOLATED)
_3856_/S1                               0.750000    1.738639   -0.988639 (VIOLATED)
_3861_/S1                               0.750000    1.738639   -0.988639 (VIOLATED)
_3866_/S1                               0.750000    1.738639   -0.988639 (VIOLATED)
_3868_/S1                               0.750000    1.738639   -0.988639 (VIOLATED)
_3870_/S1                               0.750000    1.738639   -0.988639 (VIOLATED)
_3878_/S1                               0.750000    1.738639   -0.988639 (VIOLATED)
_3883_/S1                               0.750000    1.738639   -0.988639 (VIOLATED)
_3888_/S1                               0.750000    1.738639   -0.988639 (VIOLATED)
_3893_/S1                               0.750000    1.738639   -0.988639 (VIOLATED)
_3900_/S1                               0.750000    1.738639   -0.988639 (VIOLATED)
_3905_/S1                               0.750000    1.738639   -0.988639 (VIOLATED)
_3911_/S1                               0.750000    1.738639   -0.988639 (VIOLATED)
_3917_/S1                               0.750000    1.738639   -0.988639 (VIOLATED)
_3919_/S1                               0.750000    1.738639   -0.988639 (VIOLATED)
_3924_/S1                               0.750000    1.738639   -0.988639 (VIOLATED)
_3929_/S1                               0.750000    1.738639   -0.988639 (VIOLATED)
_3934_/S1                               0.750000    1.738639   -0.988639 (VIOLATED)
_3940_/S1                               0.750000    1.738639   -0.988639 (VIOLATED)
rs1[1]                                  0.750000    1.534516   -0.784516 (VIOLATED)
_2496_/A                                0.750000    1.534516   -0.784516 (VIOLATED)
_2497_/A                                0.750000    1.534516   -0.784516 (VIOLATED)
_2501_/S1                               0.750000    1.534516   -0.784516 (VIOLATED)
_2502_/B                                0.750000    1.534516   -0.784516 (VIOLATED)
_2503_/B                                0.750000    1.534516   -0.784516 (VIOLATED)
_2508_/S1                               0.750000    1.534516   -0.784516 (VIOLATED)
_2513_/S1                               0.750000    1.534516   -0.784516 (VIOLATED)
_2519_/S1                               0.750000    1.534516   -0.784516 (VIOLATED)
_2527_/S1                               0.750000    1.534516   -0.784516 (VIOLATED)
_2532_/S1                               0.750000    1.534516   -0.784516 (VIOLATED)
_2538_/S1                               0.750000    1.534516   -0.784516 (VIOLATED)
_2543_/S1                               0.750000    1.534516   -0.784516 (VIOLATED)
_2551_/S1                               0.750000    1.534516   -0.784516 (VIOLATED)
_2556_/S1                               0.750000    1.534516   -0.784516 (VIOLATED)
_2562_/S1                               0.750000    1.534516   -0.784516 (VIOLATED)
_2568_/S1                               0.750000    1.534516   -0.784516 (VIOLATED)
_2575_/S1                               0.750000    1.534516   -0.784516 (VIOLATED)
_2580_/S1                               0.750000    1.534516   -0.784516 (VIOLATED)
_2586_/S1                               0.750000    1.534516   -0.784516 (VIOLATED)
_2591_/S1                               0.750000    1.534516   -0.784516 (VIOLATED)
_2598_/S1                               0.750000    1.534516   -0.784516 (VIOLATED)
_2603_/S1                               0.750000    1.534516   -0.784516 (VIOLATED)
_2609_/S1                               0.750000    1.534516   -0.784516 (VIOLATED)
_2610_/S1                               0.750000    1.534516   -0.784516 (VIOLATED)
_2613_/S1                               0.750000    1.534516   -0.784516 (VIOLATED)
_2620_/S1                               0.750000    1.534516   -0.784516 (VIOLATED)
_2625_/S1                               0.750000    1.534516   -0.784516 (VIOLATED)
_2630_/S1                               0.750000    1.534516   -0.784516 (VIOLATED)
_2635_/S1                               0.750000    1.534516   -0.784516 (VIOLATED)
_2643_/S1                               0.750000    1.534516   -0.784516 (VIOLATED)
_2648_/S1                               0.750000    1.534516   -0.784516 (VIOLATED)
_2653_/S1                               0.750000    1.534516   -0.784516 (VIOLATED)
_2659_/S1                               0.750000    1.534516   -0.784516 (VIOLATED)
_2666_/S1                               0.750000    1.534516   -0.784516 (VIOLATED)
_2671_/S1                               0.750000    1.534516   -0.784516 (VIOLATED)
_2676_/S1                               0.750000    1.534516   -0.784516 (VIOLATED)
_2682_/S1                               0.750000    1.534516   -0.784516 (VIOLATED)
_2689_/S1                               0.750000    1.534516   -0.784516 (VIOLATED)
_2695_/S1                               0.750000    1.534516   -0.784516 (VIOLATED)
_2701_/S1                               0.750000    1.534516   -0.784516 (VIOLATED)
_2706_/S1                               0.750000    1.534516   -0.784516 (VIOLATED)
_2713_/S1                               0.750000    1.534516   -0.784516 (VIOLATED)
_2718_/S1                               0.750000    1.534516   -0.784516 (VIOLATED)
_2724_/S1                               0.750000    1.534516   -0.784516 (VIOLATED)
_2729_/S1                               0.750000    1.534516   -0.784516 (VIOLATED)
_2736_/S1                               0.750000    1.534516   -0.784516 (VIOLATED)
_2741_/S1                               0.750000    1.534516   -0.784516 (VIOLATED)
_2746_/S1                               0.750000    1.534516   -0.784516 (VIOLATED)
_2752_/S1                               0.750000    1.534516   -0.784516 (VIOLATED)
_2759_/S1                               0.750000    1.534516   -0.784516 (VIOLATED)
_2764_/S1                               0.750000    1.534516   -0.784516 (VIOLATED)
_2769_/S1                               0.750000    1.534516   -0.784516 (VIOLATED)
_2775_/S1                               0.750000    1.534516   -0.784516 (VIOLATED)
_2782_/S1                               0.750000    1.534516   -0.784516 (VIOLATED)
_2787_/S1                               0.750000    1.534516   -0.784516 (VIOLATED)
_2792_/S1                               0.750000    1.534516   -0.784516 (VIOLATED)
_2798_/S1                               0.750000    1.534516   -0.784516 (VIOLATED)
_2805_/S1                               0.750000    1.534516   -0.784516 (VIOLATED)
_2810_/S1                               0.750000    1.534516   -0.784516 (VIOLATED)
_2815_/S1                               0.750000    1.534516   -0.784516 (VIOLATED)
_2820_/S1                               0.750000    1.534516   -0.784516 (VIOLATED)
_2827_/S1                               0.750000    1.534516   -0.784516 (VIOLATED)
_2833_/S1                               0.750000    1.534516   -0.784516 (VIOLATED)
_2838_/S1                               0.750000    1.534516   -0.784516 (VIOLATED)
_2843_/S1                               0.750000    1.534516   -0.784516 (VIOLATED)
_2850_/S1                               0.750000    1.534516   -0.784516 (VIOLATED)
_2855_/S1                               0.750000    1.534516   -0.784516 (VIOLATED)
_2860_/S1                               0.750000    1.534516   -0.784516 (VIOLATED)
_2865_/S1                               0.750000    1.534516   -0.784516 (VIOLATED)
_2872_/S1                               0.750000    1.534516   -0.784516 (VIOLATED)
_2877_/S1                               0.750000    1.534516   -0.784516 (VIOLATED)
_2882_/S1                               0.750000    1.534516   -0.784516 (VIOLATED)
_2888_/S1                               0.750000    1.534516   -0.784516 (VIOLATED)
_2895_/S1                               0.750000    1.534516   -0.784516 (VIOLATED)
_2900_/S1                               0.750000    1.534516   -0.784516 (VIOLATED)
_2906_/S1                               0.750000    1.534516   -0.784516 (VIOLATED)
_2911_/S1                               0.750000    1.534516   -0.784516 (VIOLATED)
_2918_/S1                               0.750000    1.534516   -0.784516 (VIOLATED)
_2923_/S1                               0.750000    1.534516   -0.784516 (VIOLATED)
_2928_/S1                               0.750000    1.534516   -0.784516 (VIOLATED)
_2933_/S1                               0.750000    1.534516   -0.784516 (VIOLATED)
_2940_/S1                               0.750000    1.534516   -0.784516 (VIOLATED)
_2945_/S1                               0.750000    1.534516   -0.784516 (VIOLATED)
_2950_/S1                               0.750000    1.534516   -0.784516 (VIOLATED)
_2956_/S1                               0.750000    1.534516   -0.784516 (VIOLATED)
_2963_/S1                               0.750000    1.534516   -0.784516 (VIOLATED)
_2968_/S1                               0.750000    1.534516   -0.784516 (VIOLATED)
_2973_/S1                               0.750000    1.534516   -0.784516 (VIOLATED)
_2979_/S1                               0.750000    1.534516   -0.784516 (VIOLATED)
_2986_/S1                               0.750000    1.534516   -0.784516 (VIOLATED)
_2991_/S1                               0.750000    1.534516   -0.784516 (VIOLATED)
_2996_/S1                               0.750000    1.534516   -0.784516 (VIOLATED)
_3001_/S1                               0.750000    1.534516   -0.784516 (VIOLATED)
_3008_/S1                               0.750000    1.534516   -0.784516 (VIOLATED)
_3013_/S1                               0.750000    1.534516   -0.784516 (VIOLATED)
_3018_/S1                               0.750000    1.534516   -0.784516 (VIOLATED)
_3024_/S1                               0.750000    1.534516   -0.784516 (VIOLATED)
_3031_/S1                               0.750000    1.534516   -0.784516 (VIOLATED)
_3036_/S1                               0.750000    1.534516   -0.784516 (VIOLATED)
_3041_/S1                               0.750000    1.534516   -0.784516 (VIOLATED)
_3043_/S1                               0.750000    1.534516   -0.784516 (VIOLATED)
_3045_/S1                               0.750000    1.534516   -0.784516 (VIOLATED)
_3052_/S1                               0.750000    1.534516   -0.784516 (VIOLATED)
_3057_/S1                               0.750000    1.534516   -0.784516 (VIOLATED)
_3062_/S1                               0.750000    1.534516   -0.784516 (VIOLATED)
_3068_/S1                               0.750000    1.534516   -0.784516 (VIOLATED)
_3075_/S1                               0.750000    1.534516   -0.784516 (VIOLATED)
_3080_/S1                               0.750000    1.534516   -0.784516 (VIOLATED)
_3086_/S1                               0.750000    1.534516   -0.784516 (VIOLATED)
_3091_/S1                               0.750000    1.534516   -0.784516 (VIOLATED)
_3097_/S1                               0.750000    1.534516   -0.784516 (VIOLATED)
_3102_/S1                               0.750000    1.534516   -0.784516 (VIOLATED)
_3107_/S1                               0.750000    1.534516   -0.784516 (VIOLATED)
_3113_/S1                               0.750000    1.534516   -0.784516 (VIOLATED)
_3120_/S1                               0.750000    1.534516   -0.784516 (VIOLATED)
_3125_/S1                               0.750000    1.534516   -0.784516 (VIOLATED)
_3130_/S1                               0.750000    1.534516   -0.784516 (VIOLATED)
_3136_/S1                               0.750000    1.534516   -0.784516 (VIOLATED)
_3143_/S1                               0.750000    1.534516   -0.784516 (VIOLATED)
_3148_/S1                               0.750000    1.534516   -0.784516 (VIOLATED)
_3153_/S1                               0.750000    1.534516   -0.784516 (VIOLATED)
_3155_/S1                               0.750000    1.534516   -0.784516 (VIOLATED)
_3157_/S1                               0.750000    1.534516   -0.784516 (VIOLATED)
_3164_/S1                               0.750000    1.534516   -0.784516 (VIOLATED)
_3169_/S1                               0.750000    1.534516   -0.784516 (VIOLATED)
_3174_/S1                               0.750000    1.534516   -0.784516 (VIOLATED)
_3180_/S1                               0.750000    1.534516   -0.784516 (VIOLATED)
_3187_/S1                               0.750000    1.534516   -0.784516 (VIOLATED)
_3192_/S1                               0.750000    1.534516   -0.784516 (VIOLATED)
_3197_/S1                               0.750000    1.534516   -0.784516 (VIOLATED)
_3202_/S1                               0.750000    1.534516   -0.784516 (VIOLATED)
_3209_/S1                               0.750000    1.534516   -0.784516 (VIOLATED)
_3214_/S1                               0.750000    1.534516   -0.784516 (VIOLATED)
_3219_/S1                               0.750000    1.534516   -0.784516 (VIOLATED)
_3225_/S1                               0.750000    1.534516   -0.784516 (VIOLATED)
_2497_/X                                0.750000    0.870023   -0.120023 (VIOLATED)
_2499_/B                                0.750000    0.870023   -0.120023 (VIOLATED)
_2511_/B2                               0.750000    0.870023   -0.120023 (VIOLATED)
_2518_/A1                               0.750000    0.870023   -0.120023 (VIOLATED)
_2523_/A1                               0.750000    0.870023   -0.120023 (VIOLATED)
_2531_/A1                               0.750000    0.870023   -0.120023 (VIOLATED)
_2542_/A1                               0.750000    0.870023   -0.120023 (VIOLATED)
_2555_/A1                               0.750000    0.870023   -0.120023 (VIOLATED)
_2566_/A1                               0.750000    0.870023   -0.120023 (VIOLATED)
_2571_/A1                               0.750000    0.870023   -0.120023 (VIOLATED)
_2579_/B2                               0.750000    0.870023   -0.120023 (VIOLATED)
_2583_/B2                               0.750000    0.870023   -0.120023 (VIOLATED)
_2590_/B2                               0.750000    0.870023   -0.120023 (VIOLATED)
_2594_/B2                               0.750000    0.870023   -0.120023 (VIOLATED)
_2602_/A1                               0.750000    0.870023   -0.120023 (VIOLATED)
_2607_/A1                               0.750000    0.870023   -0.120023 (VIOLATED)
_2617_/A1                               0.750000    0.870023   -0.120023 (VIOLATED)
_2623_/B2                               0.750000    0.870023   -0.120023 (VIOLATED)
_2628_/A1                               0.750000    0.870023   -0.120023 (VIOLATED)
_2634_/B2                               0.750000    0.870023   -0.120023 (VIOLATED)
_2639_/A1                               0.750000    0.870023   -0.120023 (VIOLATED)
_2652_/B2                               0.750000    0.870023   -0.120023 (VIOLATED)
_2656_/B2                               0.750000    0.870023   -0.120023 (VIOLATED)
_2674_/B2                               0.750000    0.870023   -0.120023 (VIOLATED)
_2680_/B2                               0.750000    0.870023   -0.120023 (VIOLATED)
_2699_/A1                               0.750000    0.870023   -0.120023 (VIOLATED)
_2705_/A1                               0.750000    0.870023   -0.120023 (VIOLATED)
_2710_/A1                               0.750000    0.870023   -0.120023 (VIOLATED)
_2716_/B2                               0.750000    0.870023   -0.120023 (VIOLATED)
_2722_/B2                               0.750000    0.870023   -0.120023 (VIOLATED)
_2727_/B2                               0.750000    0.870023   -0.120023 (VIOLATED)
_2733_/B2                               0.750000    0.870023   -0.120023 (VIOLATED)
_2744_/B2                               0.750000    0.870023   -0.120023 (VIOLATED)
_2750_/B2                               0.750000    0.870023   -0.120023 (VIOLATED)
_2767_/A1                               0.750000    0.870023   -0.120023 (VIOLATED)
_2773_/A1                               0.750000    0.870023   -0.120023 (VIOLATED)
_2790_/B2                               0.750000    0.870023   -0.120023 (VIOLATED)
_2796_/A1                               0.750000    0.870023   -0.120023 (VIOLATED)
_2813_/A1                               0.750000    0.870023   -0.120023 (VIOLATED)
_2819_/A1                               0.750000    0.870023   -0.120023 (VIOLATED)
_2823_/A1                               0.750000    0.870023   -0.120023 (VIOLATED)
_2836_/B2                               0.750000    0.870023   -0.120023 (VIOLATED)
_2841_/B2                               0.750000    0.870023   -0.120023 (VIOLATED)
_2847_/B2                               0.750000    0.870023   -0.120023 (VIOLATED)
_2858_/B2                               0.750000    0.870023   -0.120023 (VIOLATED)
_2864_/B2                               0.750000    0.870023   -0.120023 (VIOLATED)
_2868_/B2                               0.750000    0.870023   -0.120023 (VIOLATED)
_2880_/B2                               0.750000    0.870023   -0.120023 (VIOLATED)
_2886_/A1                               0.750000    0.870023   -0.120023 (VIOLATED)
_2899_/A1                               0.750000    0.870023   -0.120023 (VIOLATED)
_2904_/A1                               0.750000    0.870023   -0.120023 (VIOLATED)
_2926_/B2                               0.750000    0.870023   -0.120023 (VIOLATED)
_2932_/B2                               0.750000    0.870023   -0.120023 (VIOLATED)
_2936_/B2                               0.750000    0.870023   -0.120023 (VIOLATED)
_2949_/A1                               0.750000    0.870023   -0.120023 (VIOLATED)
_2953_/B2                               0.750000    0.870023   -0.120023 (VIOLATED)
_2972_/A1                               0.750000    0.870023   -0.120023 (VIOLATED)
_2976_/A1                               0.750000    0.870023   -0.120023 (VIOLATED)
_2990_/A1                               0.750000    0.870023   -0.120023 (VIOLATED)
_2994_/B2                               0.750000    0.870023   -0.120023 (VIOLATED)
_2999_/A1                               0.750000    0.870023   -0.120023 (VIOLATED)
_3004_/B2                               0.750000    0.870023   -0.120023 (VIOLATED)
_3016_/B2                               0.750000    0.870023   -0.120023 (VIOLATED)
_3022_/A1                               0.750000    0.870023   -0.120023 (VIOLATED)
_3039_/B2                               0.750000    0.870023   -0.120023 (VIOLATED)
_3048_/B2                               0.750000    0.870023   -0.120023 (VIOLATED)
_3061_/A1                               0.750000    0.870023   -0.120023 (VIOLATED)
_3065_/B2                               0.750000    0.870023   -0.120023 (VIOLATED)
_3078_/B2                               0.750000    0.870023   -0.120023 (VIOLATED)
_3084_/B2                               0.750000    0.870023   -0.120023 (VIOLATED)
_3089_/A1                               0.750000    0.870023   -0.120023 (VIOLATED)
_3094_/B2                               0.750000    0.870023   -0.120023 (VIOLATED)
_3105_/B2                               0.750000    0.870023   -0.120023 (VIOLATED)
_3111_/B2                               0.750000    0.870023   -0.120023 (VIOLATED)
_3128_/A1                               0.750000    0.870023   -0.120023 (VIOLATED)
_3134_/B2                               0.750000    0.870023   -0.120023 (VIOLATED)
_3151_/B2                               0.750000    0.870023   -0.120023 (VIOLATED)
_3160_/B2                               0.750000    0.870023   -0.120023 (VIOLATED)
_3172_/B2                               0.750000    0.870023   -0.120023 (VIOLATED)
_3178_/B2                               0.750000    0.870023   -0.120023 (VIOLATED)
_3195_/B2                               0.750000    0.870023   -0.120023 (VIOLATED)
_3201_/B2                               0.750000    0.870023   -0.120023 (VIOLATED)
_3205_/B2                               0.750000    0.870023   -0.120023 (VIOLATED)
_3218_/A1                               0.750000    0.870023   -0.120023 (VIOLATED)
_3222_/B2                               0.750000    0.870023   -0.120023 (VIOLATED)
_2503_/Y                                0.750000    0.824374   -0.074375 (VIOLATED)
_2511_/A1                               0.750000    0.824374   -0.074375 (VIOLATED)
_2518_/B2                               0.750000    0.824374   -0.074375 (VIOLATED)
_2523_/B2                               0.750000    0.824374   -0.074375 (VIOLATED)
_2530_/B2                               0.750000    0.824374   -0.074375 (VIOLATED)
_2542_/B2                               0.750000    0.824374   -0.074375 (VIOLATED)
_2554_/B2                               0.750000    0.824374   -0.074375 (VIOLATED)
_2565_/B2                               0.750000    0.824374   -0.074375 (VIOLATED)
_2570_/A1                               0.750000    0.824374   -0.074375 (VIOLATED)
_2579_/A1                               0.750000    0.824374   -0.074375 (VIOLATED)
_2583_/A1                               0.750000    0.824374   -0.074375 (VIOLATED)
_2590_/A1                               0.750000    0.824374   -0.074375 (VIOLATED)
_2594_/A1                               0.750000    0.824374   -0.074375 (VIOLATED)
_2601_/B2                               0.750000    0.824374   -0.074375 (VIOLATED)
_2606_/B2                               0.750000    0.824374   -0.074375 (VIOLATED)
_2616_/B2                               0.750000    0.824374   -0.074375 (VIOLATED)
_2623_/A1                               0.750000    0.824374   -0.074375 (VIOLATED)
_2628_/B2                               0.750000    0.824374   -0.074375 (VIOLATED)
_2634_/A1                               0.750000    0.824374   -0.074375 (VIOLATED)
_2639_/B2                               0.750000    0.824374   -0.074375 (VIOLATED)
_2652_/A1                               0.750000    0.824374   -0.074375 (VIOLATED)
_2656_/A1                               0.750000    0.824374   -0.074375 (VIOLATED)
_2674_/A1                               0.750000    0.824374   -0.074375 (VIOLATED)
_2680_/A1                               0.750000    0.824374   -0.074375 (VIOLATED)
_2698_/B2                               0.750000    0.824374   -0.074375 (VIOLATED)
_2704_/B2                               0.750000    0.824374   -0.074375 (VIOLATED)
_2709_/B2                               0.750000    0.824374   -0.074375 (VIOLATED)
_2716_/A1                               0.750000    0.824374   -0.074375 (VIOLATED)
_2722_/A1                               0.750000    0.824374   -0.074375 (VIOLATED)
_2727_/A1                               0.750000    0.824374   -0.074375 (VIOLATED)
_2733_/A1                               0.750000    0.824374   -0.074375 (VIOLATED)
_2744_/A1                               0.750000    0.824374   -0.074375 (VIOLATED)
_2750_/A1                               0.750000    0.824374   -0.074375 (VIOLATED)
_2767_/B2                               0.750000    0.824374   -0.074375 (VIOLATED)
_2773_/B2                               0.750000    0.824374   -0.074375 (VIOLATED)
_2790_/A1                               0.750000    0.824374   -0.074375 (VIOLATED)
_2796_/B2                               0.750000    0.824374   -0.074375 (VIOLATED)
_2813_/B2                               0.750000    0.824374   -0.074375 (VIOLATED)
_2819_/B2                               0.750000    0.824374   -0.074375 (VIOLATED)
_2823_/B2                               0.750000    0.824374   -0.074375 (VIOLATED)
_2836_/A1                               0.750000    0.824374   -0.074375 (VIOLATED)
_2841_/A1                               0.750000    0.824374   -0.074375 (VIOLATED)
_2847_/A1                               0.750000    0.824374   -0.074375 (VIOLATED)
_2858_/A1                               0.750000    0.824374   -0.074375 (VIOLATED)
_2864_/A1                               0.750000    0.824374   -0.074375 (VIOLATED)
_2868_/A1                               0.750000    0.824374   -0.074375 (VIOLATED)
_2880_/A1                               0.750000    0.824374   -0.074375 (VIOLATED)
_2886_/B2                               0.750000    0.824374   -0.074375 (VIOLATED)
_2898_/B2                               0.750000    0.824374   -0.074375 (VIOLATED)
_2903_/B2                               0.750000    0.824374   -0.074375 (VIOLATED)
_2926_/A1                               0.750000    0.824374   -0.074375 (VIOLATED)
_2932_/A1                               0.750000    0.824374   -0.074375 (VIOLATED)
_2936_/A1                               0.750000    0.824374   -0.074375 (VIOLATED)
_2949_/B2                               0.750000    0.824374   -0.074375 (VIOLATED)
_2953_/A1                               0.750000    0.824374   -0.074375 (VIOLATED)
_2972_/B2                               0.750000    0.824374   -0.074375 (VIOLATED)
_2976_/B2                               0.750000    0.824374   -0.074375 (VIOLATED)
_2990_/B2                               0.750000    0.824374   -0.074375 (VIOLATED)
_2994_/A1                               0.750000    0.824374   -0.074375 (VIOLATED)
_2999_/B2                               0.750000    0.824374   -0.074375 (VIOLATED)
_3004_/A1                               0.750000    0.824374   -0.074375 (VIOLATED)
_3016_/A1                               0.750000    0.824374   -0.074375 (VIOLATED)
_3022_/B2                               0.750000    0.824374   -0.074375 (VIOLATED)
_3039_/A1                               0.750000    0.824374   -0.074375 (VIOLATED)
_3048_/A1                               0.750000    0.824374   -0.074375 (VIOLATED)
_3061_/B2                               0.750000    0.824374   -0.074375 (VIOLATED)
_3065_/A1                               0.750000    0.824374   -0.074375 (VIOLATED)
_3078_/A1                               0.750000    0.824374   -0.074375 (VIOLATED)
_3084_/A1                               0.750000    0.824374   -0.074375 (VIOLATED)
_3089_/B2                               0.750000    0.824374   -0.074375 (VIOLATED)
_3094_/A1                               0.750000    0.824374   -0.074375 (VIOLATED)
_3105_/A1                               0.750000    0.824374   -0.074375 (VIOLATED)
_3111_/A1                               0.750000    0.824374   -0.074375 (VIOLATED)
_3128_/B2                               0.750000    0.824374   -0.074375 (VIOLATED)
_3134_/A1                               0.750000    0.824374   -0.074375 (VIOLATED)
_3151_/A1                               0.750000    0.824374   -0.074375 (VIOLATED)
_3160_/A1                               0.750000    0.824374   -0.074375 (VIOLATED)
_3172_/A1                               0.750000    0.824374   -0.074375 (VIOLATED)
_3178_/A1                               0.750000    0.824374   -0.074375 (VIOLATED)
_3195_/A1                               0.750000    0.824374   -0.074375 (VIOLATED)
_3201_/A1                               0.750000    0.824374   -0.074375 (VIOLATED)
_3205_/A1                               0.750000    0.824374   -0.074375 (VIOLATED)
_3218_/B2                               0.750000    0.824374   -0.074375 (VIOLATED)
_3222_/A1                               0.750000    0.824374   -0.074375 (VIOLATED)
_2496_/Y                                0.750000    0.792507   -0.042507 (VIOLATED)
_2507_/A1                               0.750000    0.792507   -0.042507 (VIOLATED)
_2535_/B2                               0.750000    0.792507   -0.042507 (VIOLATED)
_2547_/A1                               0.750000    0.792507   -0.042507 (VIOLATED)
_2560_/B2                               0.750000    0.792507   -0.042507 (VIOLATED)
_2647_/A1                               0.750000    0.792507   -0.042507 (VIOLATED)
_2663_/A1                               0.750000    0.792507   -0.042507 (VIOLATED)
_2670_/A1                               0.750000    0.792507   -0.042507 (VIOLATED)
_2686_/A1                               0.750000    0.792507   -0.042507 (VIOLATED)
_2693_/A1                               0.750000    0.792507   -0.042507 (VIOLATED)
_2740_/A1                               0.750000    0.792507   -0.042507 (VIOLATED)
_2756_/A1                               0.750000    0.792507   -0.042507 (VIOLATED)
_2763_/A1                               0.750000    0.792507   -0.042507 (VIOLATED)
_2779_/A1                               0.750000    0.792507   -0.042507 (VIOLATED)
_2786_/A1                               0.750000    0.792507   -0.042507 (VIOLATED)
_2802_/A1                               0.750000    0.792507   -0.042507 (VIOLATED)
_2809_/A1                               0.750000    0.792507   -0.042507 (VIOLATED)
_2830_/A                                0.750000    0.792507   -0.042507 (VIOLATED)
_2854_/A1                               0.750000    0.792507   -0.042507 (VIOLATED)
_2875_/B2                               0.750000    0.792507   -0.042507 (VIOLATED)
_2892_/A1                               0.750000    0.792507   -0.042507 (VIOLATED)
_2910_/A1                               0.750000    0.792507   -0.042507 (VIOLATED)
_2915_/A1                               0.750000    0.792507   -0.042507 (VIOLATED)
_2922_/A1                               0.750000    0.792507   -0.042507 (VIOLATED)
_2944_/A1                               0.750000    0.792507   -0.042507 (VIOLATED)
_2959_/B2                               0.750000    0.792507   -0.042507 (VIOLATED)
_2967_/A1                               0.750000    0.792507   -0.042507 (VIOLATED)
_2983_/A1                               0.750000    0.792507   -0.042507 (VIOLATED)
_3012_/A1                               0.750000    0.792507   -0.042507 (VIOLATED)
_3028_/A1                               0.750000    0.792507   -0.042507 (VIOLATED)
_3035_/A1                               0.750000    0.792507   -0.042507 (VIOLATED)
_3056_/A1                               0.750000    0.792507   -0.042507 (VIOLATED)
_3072_/A1                               0.750000    0.792507   -0.042507 (VIOLATED)
_3101_/A1                               0.750000    0.792507   -0.042507 (VIOLATED)
_3117_/A1                               0.750000    0.792507   -0.042507 (VIOLATED)
_3124_/A1                               0.750000    0.792507   -0.042507 (VIOLATED)
_3140_/A1                               0.750000    0.792507   -0.042507 (VIOLATED)
_3147_/A1                               0.750000    0.792507   -0.042507 (VIOLATED)
_3167_/B2                               0.750000    0.792507   -0.042507 (VIOLATED)
_3184_/A1                               0.750000    0.792507   -0.042507 (VIOLATED)
_3191_/A1                               0.750000    0.792507   -0.042507 (VIOLATED)
_3213_/A1                               0.750000    0.792507   -0.042507 (VIOLATED)
_3228_/B2                               0.750000    0.792507   -0.042507 (VIOLATED)

max fanout

Pin                                   Limit Fanout  Slack
---------------------------------------------------------
rs1[0]                                   10    382   -372 (VIOLATED)
rs2[0]                                   10    364   -354 (VIOLATED)
rs2[1]                                   10    153   -143 (VIOLATED)
rs1[1]                                   10    135   -125 (VIOLATED)
_2494_/Y                                 10     92    -82 (VIOLATED)
_2492_/Y                                 10     86    -76 (VIOLATED)
_2497_/X                                 10     84    -74 (VIOLATED)
_2503_/Y                                 10     83    -73 (VIOLATED)
_3234_/X                                 10     72    -62 (VIOLATED)
_3239_/Y                                 10     71    -61 (VIOLATED)
rst                                      10     65    -55 (VIOLATED)
rs2[2]                                   10     54    -44 (VIOLATED)
rs1[2]                                   10     50    -40 (VIOLATED)
_2496_/Y                                 10     42    -32 (VIOLATED)
_2502_/X                                 10     42    -32 (VIOLATED)
_3233_/Y                                 10     36    -26 (VIOLATED)
_3238_/X                                 10     36    -26 (VIOLATED)
_3950_/Y                                 10     33    -23 (VIOLATED)
_3987_/Y                                 10     33    -23 (VIOLATED)
_4022_/Y                                 10     33    -23 (VIOLATED)
_4058_/Y                                 10     33    -23 (VIOLATED)
_4093_/Y                                 10     33    -23 (VIOLATED)
_4127_/Y                                 10     33    -23 (VIOLATED)
_4161_/Y                                 10     33    -23 (VIOLATED)
_4196_/Y                                 10     33    -23 (VIOLATED)
_4230_/Y                                 10     33    -23 (VIOLATED)
_4264_/Y                                 10     33    -23 (VIOLATED)
_4298_/Y                                 10     33    -23 (VIOLATED)
_4332_/Y                                 10     33    -23 (VIOLATED)
_4367_/Y                                 10     33    -23 (VIOLATED)
_4402_/Y                                 10     33    -23 (VIOLATED)
_4436_/Y                                 10     33    -23 (VIOLATED)
_4470_/Y                                 10     33    -23 (VIOLATED)
_4504_/Y                                 10     33    -23 (VIOLATED)
_4539_/Y                                 10     33    -23 (VIOLATED)
_4573_/Y                                 10     33    -23 (VIOLATED)
_4607_/Y                                 10     33    -23 (VIOLATED)
_4641_/Y                                 10     33    -23 (VIOLATED)
_4675_/Y                                 10     33    -23 (VIOLATED)
_4710_/Y                                 10     33    -23 (VIOLATED)
_4744_/Y                                 10     33    -23 (VIOLATED)
_4810_/Y                                 10     33    -23 (VIOLATED)
_4844_/Y                                 10     33    -23 (VIOLATED)
_4878_/Y                                 10     33    -23 (VIOLATED)
_4912_/Y                                 10     33    -23 (VIOLATED)
_4946_/Y                                 10     33    -23 (VIOLATED)
_4980_/Y                                 10     33    -23 (VIOLATED)
_5014_/Y                                 10     33    -23 (VIOLATED)
_2498_/Y                                 10     32    -22 (VIOLATED)
_2499_/X                                 10     32    -22 (VIOLATED)
_3235_/X                                 10     32    -22 (VIOLATED)
_3951_/Y                                 10     32    -22 (VIOLATED)
_3988_/Y                                 10     32    -22 (VIOLATED)
_4023_/Y                                 10     32    -22 (VIOLATED)
_4059_/Y                                 10     32    -22 (VIOLATED)
_4094_/Y                                 10     32    -22 (VIOLATED)
_4128_/Y                                 10     32    -22 (VIOLATED)
_4162_/Y                                 10     32    -22 (VIOLATED)
_4197_/Y                                 10     32    -22 (VIOLATED)
_4231_/Y                                 10     32    -22 (VIOLATED)
_4265_/Y                                 10     32    -22 (VIOLATED)
_4299_/Y                                 10     32    -22 (VIOLATED)
_4333_/Y                                 10     32    -22 (VIOLATED)
_4368_/Y                                 10     32    -22 (VIOLATED)
_4403_/Y                                 10     32    -22 (VIOLATED)
_4437_/Y                                 10     32    -22 (VIOLATED)
_4471_/Y                                 10     32    -22 (VIOLATED)
_4505_/Y                                 10     32    -22 (VIOLATED)
_4540_/Y                                 10     32    -22 (VIOLATED)
_4574_/Y                                 10     32    -22 (VIOLATED)
_4608_/Y                                 10     32    -22 (VIOLATED)
_4642_/Y                                 10     32    -22 (VIOLATED)
_4676_/Y                                 10     32    -22 (VIOLATED)
_4711_/Y                                 10     32    -22 (VIOLATED)
_4745_/Y                                 10     32    -22 (VIOLATED)
_4811_/Y                                 10     32    -22 (VIOLATED)
_4845_/Y                                 10     32    -22 (VIOLATED)
_4879_/Y                                 10     32    -22 (VIOLATED)
_4913_/Y                                 10     32    -22 (VIOLATED)
_4947_/Y                                 10     32    -22 (VIOLATED)
_4981_/Y                                 10     32    -22 (VIOLATED)
_5015_/Y                                 10     32    -22 (VIOLATED)
wd[0]                                    10     31    -21 (VIOLATED)
wd[10]                                   10     31    -21 (VIOLATED)
wd[11]                                   10     31    -21 (VIOLATED)
wd[12]                                   10     31    -21 (VIOLATED)
wd[13]                                   10     31    -21 (VIOLATED)
wd[14]                                   10     31    -21 (VIOLATED)
wd[15]                                   10     31    -21 (VIOLATED)
wd[16]                                   10     31    -21 (VIOLATED)
wd[17]                                   10     31    -21 (VIOLATED)
wd[18]                                   10     31    -21 (VIOLATED)
wd[19]                                   10     31    -21 (VIOLATED)
wd[1]                                    10     31    -21 (VIOLATED)
wd[20]                                   10     31    -21 (VIOLATED)
wd[21]                                   10     31    -21 (VIOLATED)
wd[22]                                   10     31    -21 (VIOLATED)
wd[23]                                   10     31    -21 (VIOLATED)
wd[24]                                   10     31    -21 (VIOLATED)
wd[25]                                   10     31    -21 (VIOLATED)
wd[26]                                   10     31    -21 (VIOLATED)
wd[27]                                   10     31    -21 (VIOLATED)
wd[28]                                   10     31    -21 (VIOLATED)
wd[29]                                   10     31    -21 (VIOLATED)
wd[2]                                    10     31    -21 (VIOLATED)
wd[30]                                   10     31    -21 (VIOLATED)
wd[31]                                   10     31    -21 (VIOLATED)
wd[3]                                    10     31    -21 (VIOLATED)
wd[4]                                    10     31    -21 (VIOLATED)
wd[5]                                    10     31    -21 (VIOLATED)
wd[6]                                    10     31    -21 (VIOLATED)
wd[7]                                    10     31    -21 (VIOLATED)
wd[8]                                    10     31    -21 (VIOLATED)
wd[9]                                    10     31    -21 (VIOLATED)
_2516_/Y                                 10     31    -21 (VIOLATED)
_3232_/Y                                 10     30    -20 (VIOLATED)
_2500_/X                                 10     29    -19 (VIOLATED)
_2522_/X                                 10     29    -19 (VIOLATED)
_3253_/X                                 10     29    -19 (VIOLATED)
_3248_/X                                 10     24    -14 (VIOLATED)
_3261_/X                                 10     24    -14 (VIOLATED)
rs2[3]                                   10     16     -6 (VIOLATED)
rs2[4]                                   10     15     -5 (VIOLATED)
_2495_/Y                                 10     11        (VIOLATED)

max capacitance

Pin                                        Limit         Cap       Slack
------------------------------------------------------------------------
rs1[0]                                  0.200000    1.717373   -1.517373 (VIOLATED)
rs2[0]                                  0.200000    1.693879   -1.493879 (VIOLATED)
rs2[1]                                  0.200000    0.518269   -0.318269 (VIOLATED)
rs1[1]                                  0.200000    0.457213   -0.257213 (VIOLATED)
_2497_/X                                0.200000    0.226564   -0.026564 (VIOLATED)
_2494_/Y                                0.200000    0.209856   -0.009856 (VIOLATED)
_2503_/Y                                0.200000    0.206898   -0.006898 (VIOLATED)
rst                                     0.200000    0.201642   -0.001642 (VIOLATED)



===========================================================================
report_parasitic_annotation -report_unannotated
============================================================================
Found 3630 unannotated drivers.
 clk
 rd[0]
 rd[1]
 rd[2]
 rd[3]
 rd[4]
 rs1[0]
 rs1[1]
 rs1[2]
 rs1[3]
 rs1[4]
 rs2[0]
 rs2[1]
 rs2[2]
 rs2[3]
 rs2[4]
 rst
 wd[0]
 wd[10]
 wd[11]
 wd[12]
 wd[13]
 wd[14]
 wd[15]
 wd[16]
 wd[17]
 wd[18]
 wd[19]
 wd[1]
 wd[20]
 wd[21]
 wd[22]
 wd[23]
 wd[24]
 wd[25]
 wd[26]
 wd[27]
 wd[28]
 wd[29]
 wd[2]
 wd[30]
 wd[31]
 wd[3]
 wd[4]
 wd[5]
 wd[6]
 wd[7]
 wd[8]
 wd[9]
 we
 _2492_/Y
 _2493_/Y
 _2494_/Y
 _2495_/Y
 _2496_/Y
 _2497_/X
 _2498_/Y
 _2499_/X
 _2500_/X
 _2501_/X
 _2502_/X
 _2503_/Y
 _2504_/X
 _2505_/X
 _2506_/X
 _2507_/X
 _2508_/X
 _2509_/X
 _2510_/X
 _2511_/X
 _2512_/X
 _2513_/X
 _2514_/X
 _2515_/X
 _2516_/Y
 _2517_/X
 _2518_/X
 _2519_/X
 _2520_/X
 _2521_/X
 _2522_/X
 _2523_/X
 _2524_/X
 _2525_/X
 _2526_/X
 _2527_/X
 _2528_/X
 _2529_/X
 _2530_/X
 _2531_/X
 _2532_/X
 _2533_/X
 _2534_/X
 _2535_/X
 _2536_/X
 _2537_/X
 _2538_/X
 _2539_/X
 _2540_/X
 _2541_/X
 _2542_/X
 _2543_/X
 _2544_/X
 _2545_/X
 _2546_/X
 _2547_/X
 _2548_/X
 _2549_/X
 _2550_/X
 _2551_/X
 _2552_/X
 _2553_/X
 _2554_/X
 _2555_/Y
 _2556_/X
 _2557_/X
 _2558_/X
 _2559_/X
 _2560_/X
 _2561_/X
 _2562_/X
 _2563_/X
 _2564_/X
 _2565_/X
 _2566_/Y
 _2567_/X
 _2568_/X
 _2569_/X
 _2570_/X
 _2571_/Y
 _2572_/Y
 _2573_/X
 _2574_/X
 _2575_/X
 _2576_/X
 _2577_/X
 _2578_/X
 _2579_/X
 _2580_/X
 _2581_/X
 _2582_/X
 _2583_/X
 _2584_/X
 _2585_/X
 _2586_/X
 _2587_/X
 _2588_/X
 _2589_/X
 _2590_/X
 _2591_/X
 _2592_/X
 _2593_/X
 _2594_/X
 _2595_/X
 _2596_/X
 _2597_/X
 _2598_/X
 _2599_/X
 _2600_/X
 _2601_/X
 _2602_/X
 _2603_/X
 _2604_/X
 _2605_/X
 _2606_/X
 _2607_/X
 _2608_/X
 _2609_/X
 _2610_/X
 _2611_/X
 _2612_/X
 _2613_/X
 _2614_/X
 _2615_/X
 _2616_/X
 _2617_/X
 _2618_/X
 _2619_/X
 _2620_/X
 _2621_/X
 _2622_/X
 _2623_/X
 _2624_/X
 _2625_/X
 _2626_/X
 _2627_/X
 _2628_/X
 _2629_/X
 _2630_/X
 _2631_/X
 _2632_/X
 _2633_/X
 _2634_/X
 _2635_/X
 _2636_/X
 _2637_/X
 _2638_/X
 _2639_/X
 _2640_/X
 _2641_/X
 _2642_/X
 _2643_/X
 _2644_/X
 _2645_/X
 _2646_/X
 _2647_/X
 _2648_/X
 _2649_/X
 _2650_/X
 _2651_/X
 _2652_/X
 _2653_/X
 _2654_/X
 _2655_/X
 _2656_/X
 _2657_/X
 _2658_/X
 _2659_/X
 _2660_/X
 _2661_/X
 _2662_/X
 _2663_/X
 _2664_/X
 _2665_/X
 _2666_/X
 _2667_/X
 _2668_/X
 _2669_/X
 _2670_/X
 _2671_/X
 _2672_/X
 _2673_/X
 _2674_/X
 _2675_/X
 _2676_/X
 _2677_/X
 _2678_/X
 _2679_/X
 _2680_/X
 _2681_/X
 _2682_/X
 _2683_/X
 _2684_/X
 _2685_/X
 _2686_/X
 _2687_/X
 _2688_/X
 _2689_/X
 _2690_/X
 _2691_/X
 _2692_/X
 _2693_/X
 _2694_/X
 _2695_/X
 _2696_/X
 _2697_/X
 _2698_/X
 _2699_/Y
 _2700_/Y
 _2701_/X
 _2702_/X
 _2703_/X
 _2704_/X
 _2705_/Y
 _2706_/X
 _2707_/X
 _2708_/X
 _2709_/X
 _2710_/Y
 _2711_/X
 _2712_/X
 _2713_/X
 _2714_/X
 _2715_/X
 _2716_/X
 _2717_/X
 _2718_/X
 _2719_/X
 _2720_/X
 _2721_/X
 _2722_/X
 _2723_/X
 _2724_/X
 _2725_/X
 _2726_/X
 _2727_/X
 _2728_/X
 _2729_/X
 _2730_/X
 _2731_/X
 _2732_/X
 _2733_/X
 _2734_/X
 _2735_/X
 _2736_/X
 _2737_/X
 _2738_/X
 _2739_/X
 _2740_/X
 _2741_/X
 _2742_/X
 _2743_/X
 _2744_/X
 _2745_/X
 _2746_/X
 _2747_/X
 _2748_/X
 _2749_/X
 _2750_/X
 _2751_/X
 _2752_/X
 _2753_/X
 _2754_/X
 _2755_/X
 _2756_/X
 _2757_/X
 _2758_/X
 _2759_/X
 _2760_/X
 _2761_/X
 _2762_/X
 _2763_/X
 _2764_/X
 _2765_/X
 _2766_/X
 _2767_/X
 _2768_/X
 _2769_/X
 _2770_/X
 _2771_/X
 _2772_/X
 _2773_/X
 _2774_/X
 _2775_/X
 _2776_/X
 _2777_/X
 _2778_/X
 _2779_/X
 _2780_/X
 _2781_/X
 _2782_/X
 _2783_/X
 _2784_/X
 _2785_/X
 _2786_/X
 _2787_/X
 _2788_/X
 _2789_/X
 _2790_/X
 _2791_/X
 _2792_/X
 _2793_/X
 _2794_/X
 _2795_/X
 _2796_/X
 _2797_/X
 _2798_/X
 _2799_/X
 _2800_/X
 _2801_/X
 _2802_/X
 _2803_/X
 _2804_/X
 _2805_/X
 _2806_/X
 _2807_/X
 _2808_/X
 _2809_/X
 _2810_/X
 _2811_/X
 _2812_/X
 _2813_/X
 _2814_/X
 _2815_/X
 _2816_/X
 _2817_/X
 _2818_/X
 _2819_/X
 _2820_/X
 _2821_/X
 _2822_/X
 _2823_/X
 _2824_/X
 _2825_/X
 _2826_/X
 _2827_/X
 _2828_/X
 _2829_/X
 _2830_/X
 _2831_/X
 _2832_/X
 _2833_/X
 _2834_/X
 _2835_/X
 _2836_/X
 _2837_/X
 _2838_/X
 _2839_/X
 _2840_/X
 _2841_/X
 _2842_/X
 _2843_/X
 _2844_/X
 _2845_/X
 _2846_/X
 _2847_/X
 _2848_/X
 _2849_/X
 _2850_/X
 _2851_/X
 _2852_/X
 _2853_/X
 _2854_/X
 _2855_/X
 _2856_/X
 _2857_/X
 _2858_/X
 _2859_/X
 _2860_/X
 _2861_/X
 _2862_/X
 _2863_/X
 _2864_/X
 _2865_/X
 _2866_/X
 _2867_/X
 _2868_/X
 _2869_/X
 _2870_/X
 _2871_/X
 _2872_/X
 _2873_/X
 _2874_/X
 _2875_/X
 _2876_/X
 _2877_/X
 _2878_/X
 _2879_/X
 _2880_/X
 _2881_/X
 _2882_/X
 _2883_/X
 _2884_/X
 _2885_/X
 _2886_/X
 _2887_/X
 _2888_/X
 _2889_/X
 _2890_/X
 _2891_/X
 _2892_/X
 _2893_/X
 _2894_/X
 _2895_/X
 _2896_/X
 _2897_/X
 _2898_/X
 _2899_/X
 _2900_/X
 _2901_/X
 _2902_/X
 _2903_/X
 _2904_/X
 _2905_/X
 _2906_/X
 _2907_/X
 _2908_/X
 _2909_/X
 _2910_/X
 _2911_/X
 _2912_/X
 _2913_/X
 _2914_/X
 _2915_/X
 _2916_/X
 _2917_/X
 _2918_/X
 _2919_/X
 _2920_/X
 _2921_/X
 _2922_/X
 _2923_/X
 _2924_/X
 _2925_/X
 _2926_/X
 _2927_/X
 _2928_/X
 _2929_/X
 _2930_/X
 _2931_/X
 _2932_/X
 _2933_/X
 _2934_/X
 _2935_/X
 _2936_/X
 _2937_/X
 _2938_/X
 _2939_/X
 _2940_/X
 _2941_/X
 _2942_/X
 _2943_/X
 _2944_/X
 _2945_/X
 _2946_/X
 _2947_/X
 _2948_/X
 _2949_/X
 _2950_/X
 _2951_/X
 _2952_/X
 _2953_/X
 _2954_/X
 _2955_/X
 _2956_/X
 _2957_/X
 _2958_/X
 _2959_/X
 _2960_/X
 _2961_/X
 _2962_/X
 _2963_/X
 _2964_/X
 _2965_/X
 _2966_/X
 _2967_/X
 _2968_/X
 _2969_/X
 _2970_/X
 _2971_/X
 _2972_/X
 _2973_/X
 _2974_/X
 _2975_/X
 _2976_/X
 _2977_/X
 _2978_/X
 _2979_/X
 _2980_/X
 _2981_/X
 _2982_/X
 _2983_/X
 _2984_/X
 _2985_/X
 _2986_/X
 _2987_/X
 _2988_/X
 _2989_/X
 _2990_/X
 _2991_/X
 _2992_/X
 _2993_/X
 _2994_/X
 _2995_/X
 _2996_/X
 _2997_/X
 _2998_/X
 _2999_/X
 _3000_/X
 _3001_/X
 _3002_/X
 _3003_/X
 _3004_/X
 _3005_/X
 _3006_/X
 _3007_/X
 _3008_/X
 _3009_/X
 _3010_/X
 _3011_/X
 _3012_/X
 _3013_/X
 _3014_/X
 _3015_/X
 _3016_/X
 _3017_/X
 _3018_/X
 _3019_/X
 _3020_/X
 _3021_/X
 _3022_/X
 _3023_/X
 _3024_/X
 _3025_/X
 _3026_/X
 _3027_/X
 _3028_/X
 _3029_/X
 _3030_/X
 _3031_/X
 _3032_/X
 _3033_/X
 _3034_/X
 _3035_/X
 _3036_/X
 _3037_/X
 _3038_/X
 _3039_/X
 _3040_/X
 _3041_/X
 _3042_/X
 _3043_/X
 _3044_/X
 _3045_/X
 _3046_/X
 _3047_/X
 _3048_/X
 _3049_/X
 _3050_/X
 _3051_/X
 _3052_/X
 _3053_/X
 _3054_/X
 _3055_/X
 _3056_/X
 _3057_/X
 _3058_/X
 _3059_/X
 _3060_/X
 _3061_/X
 _3062_/X
 _3063_/X
 _3064_/X
 _3065_/X
 _3066_/X
 _3067_/X
 _3068_/X
 _3069_/X
 _3070_/X
 _3071_/X
 _3072_/X
 _3073_/X
 _3074_/X
 _3075_/X
 _3076_/X
 _3077_/X
 _3078_/X
 _3079_/X
 _3080_/X
 _3081_/X
 _3082_/X
 _3083_/X
 _3084_/X
 _3085_/X
 _3086_/X
 _3087_/X
 _3088_/X
 _3089_/X
 _3090_/X
 _3091_/X
 _3092_/X
 _3093_/X
 _3094_/X
 _3095_/X
 _3096_/X
 _3097_/X
 _3098_/X
 _3099_/X
 _3100_/X
 _3101_/X
 _3102_/X
 _3103_/X
 _3104_/X
 _3105_/X
 _3106_/X
 _3107_/X
 _3108_/X
 _3109_/X
 _3110_/X
 _3111_/X
 _3112_/X
 _3113_/X
 _3114_/X
 _3115_/X
 _3116_/X
 _3117_/X
 _3118_/X
 _3119_/X
 _3120_/X
 _3121_/X
 _3122_/X
 _3123_/X
 _3124_/X
 _3125_/X
 _3126_/X
 _3127_/X
 _3128_/X
 _3129_/X
 _3130_/X
 _3131_/X
 _3132_/X
 _3133_/X
 _3134_/X
 _3135_/X
 _3136_/X
 _3137_/X
 _3138_/X
 _3139_/X
 _3140_/X
 _3141_/X
 _3142_/X
 _3143_/X
 _3144_/X
 _3145_/X
 _3146_/X
 _3147_/X
 _3148_/X
 _3149_/X
 _3150_/X
 _3151_/X
 _3152_/X
 _3153_/X
 _3154_/X
 _3155_/X
 _3156_/X
 _3157_/X
 _3158_/X
 _3159_/X
 _3160_/X
 _3161_/X
 _3162_/X
 _3163_/X
 _3164_/X
 _3165_/X
 _3166_/X
 _3167_/X
 _3168_/X
 _3169_/X
 _3170_/X
 _3171_/X
 _3172_/X
 _3173_/X
 _3174_/X
 _3175_/X
 _3176_/X
 _3177_/X
 _3178_/X
 _3179_/X
 _3180_/X
 _3181_/X
 _3182_/X
 _3183_/X
 _3184_/X
 _3185_/X
 _3186_/X
 _3187_/X
 _3188_/X
 _3189_/X
 _3190_/X
 _3191_/X
 _3192_/X
 _3193_/X
 _3194_/X
 _3195_/X
 _3196_/X
 _3197_/X
 _3198_/X
 _3199_/X
 _3200_/X
 _3201_/X
 _3202_/X
 _3203_/X
 _3204_/X
 _3205_/X
 _3206_/X
 _3207_/X
 _3208_/X
 _3209_/X
 _3210_/X
 _3211_/X
 _3212_/X
 _3213_/X
 _3214_/X
 _3215_/X
 _3216_/X
 _3217_/X
 _3218_/X
 _3219_/X
 _3220_/X
 _3221_/X
 _3222_/X
 _3223_/X
 _3224_/X
 _3225_/X
 _3226_/X
 _3227_/X
 _3228_/X
 _3229_/X
 _3230_/X
 _3231_/X
 _3232_/Y
 _3233_/Y
 _3234_/X
 _3235_/X
 _3236_/X
 _3237_/X
 _3238_/X
 _3239_/Y
 _3240_/X
 _3241_/X
 _3242_/X
 _3243_/X
 _3244_/X
 _3245_/X
 _3246_/X
 _3247_/X
 _3248_/X
 _3249_/X
 _3250_/X
 _3251_/X
 _3252_/X
 _3253_/X
 _3254_/X
 _3255_/X
 _3256_/X
 _3257_/X
 _3258_/X
 _3259_/X
 _3260_/X
 _3261_/X
 _3262_/X
 _3263_/X
 _3264_/X
 _3265_/X
 _3266_/X
 _3267_/X
 _3268_/X
 _3269_/X
 _3270_/X
 _3271_/X
 _3272_/X
 _3273_/X
 _3274_/X
 _3275_/X
 _3276_/X
 _3277_/X
 _3278_/X
 _3279_/X
 _3280_/X
 _3281_/X
 _3282_/X
 _3283_/X
 _3284_/X
 _3285_/X
 _3286_/X
 _3287_/X
 _3288_/X
 _3289_/X
 _3290_/X
 _3291_/X
 _3292_/X
 _3293_/X
 _3294_/X
 _3295_/X
 _3296_/X
 _3297_/X
 _3298_/X
 _3299_/X
 _3300_/X
 _3301_/X
 _3302_/X
 _3303_/X
 _3304_/X
 _3305_/X
 _3306_/X
 _3307_/X
 _3308_/X
 _3309_/X
 _3310_/X
 _3311_/X
 _3312_/X
 _3313_/X
 _3314_/X
 _3315_/X
 _3316_/X
 _3317_/X
 _3318_/X
 _3319_/X
 _3320_/X
 _3321_/X
 _3322_/X
 _3323_/X
 _3324_/X
 _3325_/X
 _3326_/X
 _3327_/X
 _3328_/X
 _3329_/X
 _3330_/X
 _3331_/X
 _3332_/X
 _3333_/X
 _3334_/X
 _3335_/X
 _3336_/X
 _3337_/X
 _3338_/X
 _3339_/X
 _3340_/X
 _3341_/X
 _3342_/X
 _3343_/X
 _3344_/X
 _3345_/X
 _3346_/X
 _3347_/X
 _3348_/X
 _3349_/X
 _3350_/X
 _3351_/X
 _3352_/X
 _3353_/X
 _3354_/X
 _3355_/X
 _3356_/X
 _3357_/X
 _3358_/X
 _3359_/X
 _3360_/X
 _3361_/X
 _3362_/X
 _3363_/X
 _3364_/X
 _3365_/X
 _3366_/X
 _3367_/X
 _3368_/X
 _3369_/X
 _3370_/X
 _3371_/X
 _3372_/X
 _3373_/X
 _3374_/X
 _3375_/X
 _3376_/X
 _3377_/X
 _3378_/X
 _3379_/X
 _3380_/X
 _3381_/X
 _3382_/X
 _3383_/X
 _3384_/X
 _3385_/X
 _3386_/X
 _3387_/X
 _3388_/X
 _3389_/X
 _3390_/X
 _3391_/X
 _3392_/X
 _3393_/X
 _3394_/X
 _3395_/X
 _3396_/X
 _3397_/X
 _3398_/X
 _3399_/X
 _3400_/X
 _3401_/X
 _3402_/X
 _3403_/X
 _3404_/X
 _3405_/X
 _3406_/X
 _3407_/X
 _3408_/X
 _3409_/X
 _3410_/X
 _3411_/X
 _3412_/X
 _3413_/X
 _3414_/X
 _3415_/X
 _3416_/X
 _3417_/X
 _3418_/X
 _3419_/X
 _3420_/X
 _3421_/X
 _3422_/X
 _3423_/X
 _3424_/X
 _3425_/X
 _3426_/X
 _3427_/X
 _3428_/X
 _3429_/X
 _3430_/X
 _3431_/X
 _3432_/X
 _3433_/X
 _3434_/X
 _3435_/X
 _3436_/X
 _3437_/X
 _3438_/X
 _3439_/X
 _3440_/X
 _3441_/X
 _3442_/X
 _3443_/X
 _3444_/X
 _3445_/X
 _3446_/X
 _3447_/X
 _3448_/X
 _3449_/X
 _3450_/X
 _3451_/X
 _3452_/X
 _3453_/X
 _3454_/X
 _3455_/X
 _3456_/X
 _3457_/X
 _3458_/X
 _3459_/X
 _3460_/X
 _3461_/X
 _3462_/X
 _3463_/X
 _3464_/X
 _3465_/X
 _3466_/X
 _3467_/X
 _3468_/X
 _3469_/X
 _3470_/X
 _3471_/X
 _3472_/X
 _3473_/X
 _3474_/X
 _3475_/X
 _3476_/X
 _3477_/X
 _3478_/X
 _3479_/X
 _3480_/X
 _3481_/X
 _3482_/X
 _3483_/X
 _3484_/X
 _3485_/X
 _3486_/X
 _3487_/X
 _3488_/X
 _3489_/X
 _3490_/X
 _3491_/X
 _3492_/X
 _3493_/X
 _3494_/X
 _3495_/X
 _3496_/X
 _3497_/X
 _3498_/X
 _3499_/X
 _3500_/X
 _3501_/X
 _3502_/X
 _3503_/X
 _3504_/X
 _3505_/X
 _3506_/X
 _3507_/X
 _3508_/X
 _3509_/X
 _3510_/X
 _3511_/X
 _3512_/X
 _3513_/X
 _3514_/X
 _3515_/X
 _3516_/X
 _3517_/X
 _3518_/X
 _3519_/X
 _3520_/X
 _3521_/X
 _3522_/X
 _3523_/X
 _3524_/X
 _3525_/X
 _3526_/X
 _3527_/X
 _3528_/X
 _3529_/X
 _3530_/X
 _3531_/X
 _3532_/X
 _3533_/X
 _3534_/X
 _3535_/X
 _3536_/X
 _3537_/X
 _3538_/X
 _3539_/X
 _3540_/X
 _3541_/X
 _3542_/X
 _3543_/X
 _3544_/X
 _3545_/X
 _3546_/X
 _3547_/X
 _3548_/X
 _3549_/X
 _3550_/X
 _3551_/X
 _3552_/X
 _3553_/X
 _3554_/X
 _3555_/X
 _3556_/X
 _3557_/X
 _3558_/X
 _3559_/X
 _3560_/X
 _3561_/X
 _3562_/X
 _3563_/X
 _3564_/X
 _3565_/X
 _3566_/X
 _3567_/X
 _3568_/X
 _3569_/X
 _3570_/X
 _3571_/X
 _3572_/X
 _3573_/X
 _3574_/X
 _3575_/X
 _3576_/X
 _3577_/X
 _3578_/X
 _3579_/X
 _3580_/X
 _3581_/X
 _3582_/X
 _3583_/X
 _3584_/X
 _3585_/X
 _3586_/X
 _3587_/X
 _3588_/X
 _3589_/X
 _3590_/X
 _3591_/X
 _3592_/X
 _3593_/X
 _3594_/X
 _3595_/X
 _3596_/X
 _3597_/X
 _3598_/X
 _3599_/X
 _3600_/X
 _3601_/X
 _3602_/X
 _3603_/X
 _3604_/X
 _3605_/X
 _3606_/X
 _3607_/X
 _3608_/X
 _3609_/X
 _3610_/X
 _3611_/X
 _3612_/X
 _3613_/X
 _3614_/X
 _3615_/X
 _3616_/X
 _3617_/X
 _3618_/X
 _3619_/X
 _3620_/X
 _3621_/X
 _3622_/X
 _3623_/X
 _3624_/X
 _3625_/X
 _3626_/X
 _3627_/X
 _3628_/X
 _3629_/X
 _3630_/X
 _3631_/X
 _3632_/X
 _3633_/X
 _3634_/X
 _3635_/X
 _3636_/X
 _3637_/X
 _3638_/X
 _3639_/X
 _3640_/X
 _3641_/X
 _3642_/X
 _3643_/X
 _3644_/X
 _3645_/X
 _3646_/X
 _3647_/X
 _3648_/X
 _3649_/X
 _3650_/X
 _3651_/X
 _3652_/X
 _3653_/X
 _3654_/X
 _3655_/X
 _3656_/X
 _3657_/X
 _3658_/X
 _3659_/X
 _3660_/X
 _3661_/X
 _3662_/X
 _3663_/X
 _3664_/X
 _3665_/X
 _3666_/X
 _3667_/X
 _3668_/X
 _3669_/X
 _3670_/X
 _3671_/X
 _3672_/X
 _3673_/X
 _3674_/X
 _3675_/X
 _3676_/X
 _3677_/X
 _3678_/X
 _3679_/X
 _3680_/X
 _3681_/X
 _3682_/X
 _3683_/X
 _3684_/X
 _3685_/X
 _3686_/X
 _3687_/X
 _3688_/X
 _3689_/X
 _3690_/X
 _3691_/X
 _3692_/X
 _3693_/X
 _3694_/X
 _3695_/X
 _3696_/X
 _3697_/X
 _3698_/X
 _3699_/X
 _3700_/X
 _3701_/X
 _3702_/X
 _3703_/X
 _3704_/X
 _3705_/X
 _3706_/X
 _3707_/X
 _3708_/X
 _3709_/X
 _3710_/X
 _3711_/X
 _3712_/X
 _3713_/X
 _3714_/X
 _3715_/X
 _3716_/X
 _3717_/X
 _3718_/X
 _3719_/X
 _3720_/X
 _3721_/X
 _3722_/X
 _3723_/X
 _3724_/X
 _3725_/X
 _3726_/X
 _3727_/X
 _3728_/X
 _3729_/X
 _3730_/X
 _3731_/X
 _3732_/X
 _3733_/X
 _3734_/X
 _3735_/X
 _3736_/X
 _3737_/X
 _3738_/X
 _3739_/X
 _3740_/X
 _3741_/X
 _3742_/X
 _3743_/X
 _3744_/X
 _3745_/X
 _3746_/X
 _3747_/X
 _3748_/X
 _3749_/X
 _3750_/X
 _3751_/X
 _3752_/X
 _3753_/X
 _3754_/X
 _3755_/X
 _3756_/X
 _3757_/X
 _3758_/X
 _3759_/X
 _3760_/X
 _3761_/X
 _3762_/X
 _3763_/X
 _3764_/X
 _3765_/X
 _3766_/X
 _3767_/X
 _3768_/X
 _3769_/X
 _3770_/X
 _3771_/X
 _3772_/X
 _3773_/X
 _3774_/X
 _3775_/X
 _3776_/X
 _3777_/X
 _3778_/X
 _3779_/X
 _3780_/X
 _3781_/X
 _3782_/X
 _3783_/X
 _3784_/X
 _3785_/X
 _3786_/X
 _3787_/X
 _3788_/X
 _3789_/X
 _3790_/X
 _3791_/X
 _3792_/X
 _3793_/X
 _3794_/X
 _3795_/X
 _3796_/X
 _3797_/X
 _3798_/X
 _3799_/X
 _3800_/X
 _3801_/X
 _3802_/X
 _3803_/X
 _3804_/X
 _3805_/X
 _3806_/X
 _3807_/X
 _3808_/X
 _3809_/X
 _3810_/X
 _3811_/X
 _3812_/X
 _3813_/X
 _3814_/X
 _3815_/X
 _3816_/X
 _3817_/X
 _3818_/X
 _3819_/X
 _3820_/X
 _3821_/X
 _3822_/X
 _3823_/X
 _3824_/X
 _3825_/X
 _3826_/X
 _3827_/X
 _3828_/X
 _3829_/X
 _3830_/X
 _3831_/X
 _3832_/X
 _3833_/X
 _3834_/X
 _3835_/X
 _3836_/X
 _3837_/X
 _3838_/X
 _3839_/X
 _3840_/X
 _3841_/X
 _3842_/X
 _3843_/X
 _3844_/X
 _3845_/X
 _3846_/X
 _3847_/X
 _3848_/X
 _3849_/X
 _3850_/X
 _3851_/X
 _3852_/X
 _3853_/X
 _3854_/X
 _3855_/X
 _3856_/X
 _3857_/X
 _3858_/X
 _3859_/X
 _3860_/X
 _3861_/X
 _3862_/X
 _3863_/X
 _3864_/X
 _3865_/X
 _3866_/X
 _3867_/X
 _3868_/X
 _3869_/X
 _3870_/X
 _3871_/X
 _3872_/X
 _3873_/X
 _3874_/X
 _3875_/X
 _3876_/X
 _3877_/X
 _3878_/X
 _3879_/X
 _3880_/X
 _3881_/X
 _3882_/X
 _3883_/X
 _3884_/X
 _3885_/X
 _3886_/X
 _3887_/X
 _3888_/X
 _3889_/X
 _3890_/X
 _3891_/X
 _3892_/X
 _3893_/X
 _3894_/X
 _3895_/X
 _3896_/X
 _3897_/X
 _3898_/X
 _3899_/X
 _3900_/X
 _3901_/X
 _3902_/X
 _3903_/X
 _3904_/X
 _3905_/X
 _3906_/X
 _3907_/X
 _3908_/X
 _3909_/X
 _3910_/X
 _3911_/X
 _3912_/X
 _3913_/X
 _3914_/X
 _3915_/X
 _3916_/X
 _3917_/X
 _3918_/X
 _3919_/X
 _3920_/X
 _3921_/X
 _3922_/X
 _3923_/X
 _3924_/X
 _3925_/X
 _3926_/X
 _3927_/X
 _3928_/X
 _3929_/X
 _3930_/X
 _3931_/X
 _3932_/X
 _3933_/X
 _3934_/X
 _3935_/X
 _3936_/X
 _3937_/X
 _3938_/X
 _3939_/X
 _3940_/X
 _3941_/X
 _3942_/X
 _3943_/X
 _3944_/X
 _3945_/X
 _3946_/X
 _3947_/Y
 _3948_/X
 _3949_/X
 _3950_/Y
 _3951_/Y
 _3952_/X
 _3953_/X
 _3954_/X
 _3955_/X
 _3956_/X
 _3957_/X
 _3958_/X
 _3959_/X
 _3960_/X
 _3961_/X
 _3962_/X
 _3963_/X
 _3964_/X
 _3965_/X
 _3966_/X
 _3967_/X
 _3968_/X
 _3969_/X
 _3970_/X
 _3971_/X
 _3972_/X
 _3973_/X
 _3974_/X
 _3975_/X
 _3976_/X
 _3977_/X
 _3978_/X
 _3979_/X
 _3980_/X
 _3981_/X
 _3982_/X
 _3983_/X
 _3984_/Y
 _3985_/Y
 _3986_/X
 _3987_/Y
 _3988_/Y
 _3989_/X
 _3990_/X
 _3991_/X
 _3992_/X
 _3993_/X
 _3994_/X
 _3995_/X
 _3996_/X
 _3997_/X
 _3998_/X
 _3999_/X
 _4000_/X
 _4001_/X
 _4002_/X
 _4003_/X
 _4004_/X
 _4005_/X
 _4006_/X
 _4007_/X
 _4008_/X
 _4009_/X
 _4010_/X
 _4011_/X
 _4012_/X
 _4013_/X
 _4014_/X
 _4015_/X
 _4016_/X
 _4017_/X
 _4018_/X
 _4019_/X
 _4020_/X
 _4021_/X
 _4022_/Y
 _4023_/Y
 _4024_/X
 _4025_/X
 _4026_/X
 _4027_/X
 _4028_/X
 _4029_/X
 _4030_/X
 _4031_/X
 _4032_/X
 _4033_/X
 _4034_/X
 _4035_/X
 _4036_/X
 _4037_/X
 _4038_/X
 _4039_/X
 _4040_/X
 _4041_/X
 _4042_/X
 _4043_/X
 _4044_/X
 _4045_/X
 _4046_/X
 _4047_/X
 _4048_/X
 _4049_/X
 _4050_/X
 _4051_/X
 _4052_/X
 _4053_/X
 _4054_/X
 _4055_/X
 _4056_/Y
 _4057_/X
 _4058_/Y
 _4059_/Y
 _4060_/X
 _4061_/X
 _4062_/X
 _4063_/X
 _4064_/X
 _4065_/X
 _4066_/X
 _4067_/X
 _4068_/X
 _4069_/X
 _4070_/X
 _4071_/X
 _4072_/X
 _4073_/X
 _4074_/X
 _4075_/X
 _4076_/X
 _4077_/X
 _4078_/X
 _4079_/X
 _4080_/X
 _4081_/X
 _4082_/X
 _4083_/X
 _4084_/X
 _4085_/X
 _4086_/X
 _4087_/X
 _4088_/X
 _4089_/X
 _4090_/X
 _4091_/X
 _4092_/Y
 _4093_/Y
 _4094_/Y
 _4095_/X
 _4096_/X
 _4097_/X
 _4098_/X
 _4099_/X
 _4100_/X
 _4101_/X
 _4102_/X
 _4103_/X
 _4104_/X
 _4105_/X
 _4106_/X
 _4107_/X
 _4108_/X
 _4109_/X
 _4110_/X
 _4111_/X
 _4112_/X
 _4113_/X
 _4114_/X
 _4115_/X
 _4116_/X
 _4117_/X
 _4118_/X
 _4119_/X
 _4120_/X
 _4121_/X
 _4122_/X
 _4123_/X
 _4124_/X
 _4125_/X
 _4126_/X
 _4127_/Y
 _4128_/Y
 _4129_/X
 _4130_/X
 _4131_/X
 _4132_/X
 _4133_/X
 _4134_/X
 _4135_/X
 _4136_/X
 _4137_/X
 _4138_/X
 _4139_/X
 _4140_/X
 _4141_/X
 _4142_/X
 _4143_/X
 _4144_/X
 _4145_/X
 _4146_/X
 _4147_/X
 _4148_/X
 _4149_/X
 _4150_/X
 _4151_/X
 _4152_/X
 _4153_/X
 _4154_/X
 _4155_/X
 _4156_/X
 _4157_/X
 _4158_/X
 _4159_/X
 _4160_/X
 _4161_/Y
 _4162_/Y
 _4163_/X
 _4164_/X
 _4165_/X
 _4166_/X
 _4167_/X
 _4168_/X
 _4169_/X
 _4170_/X
 _4171_/X
 _4172_/X
 _4173_/X
 _4174_/X
 _4175_/X
 _4176_/X
 _4177_/X
 _4178_/X
 _4179_/X
 _4180_/X
 _4181_/X
 _4182_/X
 _4183_/X
 _4184_/X
 _4185_/X
 _4186_/X
 _4187_/X
 _4188_/X
 _4189_/X
 _4190_/X
 _4191_/X
 _4192_/X
 _4193_/X
 _4194_/X
 _4195_/X
 _4196_/Y
 _4197_/Y
 _4198_/X
 _4199_/X
 _4200_/X
 _4201_/X
 _4202_/X
 _4203_/X
 _4204_/X
 _4205_/X
 _4206_/X
 _4207_/X
 _4208_/X
 _4209_/X
 _4210_/X
 _4211_/X
 _4212_/X
 _4213_/X
 _4214_/X
 _4215_/X
 _4216_/X
 _4217_/X
 _4218_/X
 _4219_/X
 _4220_/X
 _4221_/X
 _4222_/X
 _4223_/X
 _4224_/X
 _4225_/X
 _4226_/X
 _4227_/X
 _4228_/X
 _4229_/X
 _4230_/Y
 _4231_/Y
 _4232_/X
 _4233_/X
 _4234_/X
 _4235_/X
 _4236_/X
 _4237_/X
 _4238_/X
 _4239_/X
 _4240_/X
 _4241_/X
 _4242_/X
 _4243_/X
 _4244_/X
 _4245_/X
 _4246_/X
 _4247_/X
 _4248_/X
 _4249_/X
 _4250_/X
 _4251_/X
 _4252_/X
 _4253_/X
 _4254_/X
 _4255_/X
 _4256_/X
 _4257_/X
 _4258_/X
 _4259_/X
 _4260_/X
 _4261_/X
 _4262_/X
 _4263_/X
 _4264_/Y
 _4265_/Y
 _4266_/X
 _4267_/X
 _4268_/X
 _4269_/X
 _4270_/X
 _4271_/X
 _4272_/X
 _4273_/X
 _4274_/X
 _4275_/X
 _4276_/X
 _4277_/X
 _4278_/X
 _4279_/X
 _4280_/X
 _4281_/X
 _4282_/X
 _4283_/X
 _4284_/X
 _4285_/X
 _4286_/X
 _4287_/X
 _4288_/X
 _4289_/X
 _4290_/X
 _4291_/X
 _4292_/X
 _4293_/X
 _4294_/X
 _4295_/X
 _4296_/X
 _4297_/X
 _4298_/Y
 _4299_/Y
 _4300_/X
 _4301_/X
 _4302_/X
 _4303_/X
 _4304_/X
 _4305_/X
 _4306_/X
 _4307_/X
 _4308_/X
 _4309_/X
 _4310_/X
 _4311_/X
 _4312_/X
 _4313_/X
 _4314_/X
 _4315_/X
 _4316_/X
 _4317_/X
 _4318_/X
 _4319_/X
 _4320_/X
 _4321_/X
 _4322_/X
 _4323_/X
 _4324_/X
 _4325_/X
 _4326_/X
 _4327_/X
 _4328_/X
 _4329_/X
 _4330_/X
 _4331_/X
 _4332_/Y
 _4333_/Y
 _4334_/X
 _4335_/X
 _4336_/X
 _4337_/X
 _4338_/X
 _4339_/X
 _4340_/X
 _4341_/X
 _4342_/X
 _4343_/X
 _4344_/X
 _4345_/X
 _4346_/X
 _4347_/X
 _4348_/X
 _4349_/X
 _4350_/X
 _4351_/X
 _4352_/X
 _4353_/X
 _4354_/X
 _4355_/X
 _4356_/X
 _4357_/X
 _4358_/X
 _4359_/X
 _4360_/X
 _4361_/X
 _4362_/X
 _4363_/X
 _4364_/X
 _4365_/X
 _4366_/X
 _4367_/Y
 _4368_/Y
 _4369_/X
 _4370_/X
 _4371_/X
 _4372_/X
 _4373_/X
 _4374_/X
 _4375_/X
 _4376_/X
 _4377_/X
 _4378_/X
 _4379_/X
 _4380_/X
 _4381_/X
 _4382_/X
 _4383_/X
 _4384_/X
 _4385_/X
 _4386_/X
 _4387_/X
 _4388_/X
 _4389_/X
 _4390_/X
 _4391_/X
 _4392_/X
 _4393_/X
 _4394_/X
 _4395_/X
 _4396_/X
 _4397_/X
 _4398_/X
 _4399_/X
 _4400_/X
 _4401_/X
 _4402_/Y
 _4403_/Y
 _4404_/X
 _4405_/X
 _4406_/X
 _4407_/X
 _4408_/X
 _4409_/X
 _4410_/X
 _4411_/X
 _4412_/X
 _4413_/X
 _4414_/X
 _4415_/X
 _4416_/X
 _4417_/X
 _4418_/X
 _4419_/X
 _4420_/X
 _4421_/X
 _4422_/X
 _4423_/X
 _4424_/X
 _4425_/X
 _4426_/X
 _4427_/X
 _4428_/X
 _4429_/X
 _4430_/X
 _4431_/X
 _4432_/X
 _4433_/X
 _4434_/X
 _4435_/X
 _4436_/Y
 _4437_/Y
 _4438_/X
 _4439_/X
 _4440_/X
 _4441_/X
 _4442_/X
 _4443_/X
 _4444_/X
 _4445_/X
 _4446_/X
 _4447_/X
 _4448_/X
 _4449_/X
 _4450_/X
 _4451_/X
 _4452_/X
 _4453_/X
 _4454_/X
 _4455_/X
 _4456_/X
 _4457_/X
 _4458_/X
 _4459_/X
 _4460_/X
 _4461_/X
 _4462_/X
 _4463_/X
 _4464_/X
 _4465_/X
 _4466_/X
 _4467_/X
 _4468_/X
 _4469_/X
 _4470_/Y
 _4471_/Y
 _4472_/X
 _4473_/X
 _4474_/X
 _4475_/X
 _4476_/X
 _4477_/X
 _4478_/X
 _4479_/X
 _4480_/X
 _4481_/X
 _4482_/X
 _4483_/X
 _4484_/X
 _4485_/X
 _4486_/X
 _4487_/X
 _4488_/X
 _4489_/X
 _4490_/X
 _4491_/X
 _4492_/X
 _4493_/X
 _4494_/X
 _4495_/X
 _4496_/X
 _4497_/X
 _4498_/X
 _4499_/X
 _4500_/X
 _4501_/X
 _4502_/X
 _4503_/X
 _4504_/Y
 _4505_/Y
 _4506_/X
 _4507_/X
 _4508_/X
 _4509_/X
 _4510_/X
 _4511_/X
 _4512_/X
 _4513_/X
 _4514_/X
 _4515_/X
 _4516_/X
 _4517_/X
 _4518_/X
 _4519_/X
 _4520_/X
 _4521_/X
 _4522_/X
 _4523_/X
 _4524_/X
 _4525_/X
 _4526_/X
 _4527_/X
 _4528_/X
 _4529_/X
 _4530_/X
 _4531_/X
 _4532_/X
 _4533_/X
 _4534_/X
 _4535_/X
 _4536_/X
 _4537_/X
 _4538_/X
 _4539_/Y
 _4540_/Y
 _4541_/X
 _4542_/X
 _4543_/X
 _4544_/X
 _4545_/X
 _4546_/X
 _4547_/X
 _4548_/X
 _4549_/X
 _4550_/X
 _4551_/X
 _4552_/X
 _4553_/X
 _4554_/X
 _4555_/X
 _4556_/X
 _4557_/X
 _4558_/X
 _4559_/X
 _4560_/X
 _4561_/X
 _4562_/X
 _4563_/X
 _4564_/X
 _4565_/X
 _4566_/X
 _4567_/X
 _4568_/X
 _4569_/X
 _4570_/X
 _4571_/X
 _4572_/X
 _4573_/Y
 _4574_/Y
 _4575_/X
 _4576_/X
 _4577_/X
 _4578_/X
 _4579_/X
 _4580_/X
 _4581_/X
 _4582_/X
 _4583_/X
 _4584_/X
 _4585_/X
 _4586_/X
 _4587_/X
 _4588_/X
 _4589_/X
 _4590_/X
 _4591_/X
 _4592_/X
 _4593_/X
 _4594_/X
 _4595_/X
 _4596_/X
 _4597_/X
 _4598_/X
 _4599_/X
 _4600_/X
 _4601_/X
 _4602_/X
 _4603_/X
 _4604_/X
 _4605_/X
 _4606_/X
 _4607_/Y
 _4608_/Y
 _4609_/X
 _4610_/X
 _4611_/X
 _4612_/X
 _4613_/X
 _4614_/X
 _4615_/X
 _4616_/X
 _4617_/X
 _4618_/X
 _4619_/X
 _4620_/X
 _4621_/X
 _4622_/X
 _4623_/X
 _4624_/X
 _4625_/X
 _4626_/X
 _4627_/X
 _4628_/X
 _4629_/X
 _4630_/X
 _4631_/X
 _4632_/X
 _4633_/X
 _4634_/X
 _4635_/X
 _4636_/X
 _4637_/X
 _4638_/X
 _4639_/X
 _4640_/X
 _4641_/Y
 _4642_/Y
 _4643_/X
 _4644_/X
 _4645_/X
 _4646_/X
 _4647_/X
 _4648_/X
 _4649_/X
 _4650_/X
 _4651_/X
 _4652_/X
 _4653_/X
 _4654_/X
 _4655_/X
 _4656_/X
 _4657_/X
 _4658_/X
 _4659_/X
 _4660_/X
 _4661_/X
 _4662_/X
 _4663_/X
 _4664_/X
 _4665_/X
 _4666_/X
 _4667_/X
 _4668_/X
 _4669_/X
 _4670_/X
 _4671_/X
 _4672_/X
 _4673_/X
 _4674_/X
 _4675_/Y
 _4676_/Y
 _4677_/X
 _4678_/X
 _4679_/X
 _4680_/X
 _4681_/X
 _4682_/X
 _4683_/X
 _4684_/X
 _4685_/X
 _4686_/X
 _4687_/X
 _4688_/X
 _4689_/X
 _4690_/X
 _4691_/X
 _4692_/X
 _4693_/X
 _4694_/X
 _4695_/X
 _4696_/X
 _4697_/X
 _4698_/X
 _4699_/X
 _4700_/X
 _4701_/X
 _4702_/X
 _4703_/X
 _4704_/X
 _4705_/X
 _4706_/X
 _4707_/X
 _4708_/X
 _4709_/X
 _4710_/Y
 _4711_/Y
 _4712_/X
 _4713_/X
 _4714_/X
 _4715_/X
 _4716_/X
 _4717_/X
 _4718_/X
 _4719_/X
 _4720_/X
 _4721_/X
 _4722_/X
 _4723_/X
 _4724_/X
 _4725_/X
 _4726_/X
 _4727_/X
 _4728_/X
 _4729_/X
 _4730_/X
 _4731_/X
 _4732_/X
 _4733_/X
 _4734_/X
 _4735_/X
 _4736_/X
 _4737_/X
 _4738_/X
 _4739_/X
 _4740_/X
 _4741_/X
 _4742_/X
 _4743_/X
 _4744_/Y
 _4745_/Y
 _4746_/X
 _4747_/X
 _4748_/X
 _4749_/X
 _4750_/X
 _4751_/X
 _4752_/X
 _4753_/X
 _4754_/X
 _4755_/X
 _4756_/X
 _4757_/X
 _4758_/X
 _4759_/X
 _4760_/X
 _4761_/X
 _4762_/X
 _4763_/X
 _4764_/X
 _4765_/X
 _4766_/X
 _4767_/X
 _4768_/X
 _4769_/X
 _4770_/X
 _4771_/X
 _4772_/X
 _4773_/X
 _4774_/X
 _4775_/X
 _4776_/X
 _4777_/X
 _4778_/X
 _4779_/X
 _4780_/X
 _4781_/X
 _4782_/X
 _4783_/X
 _4784_/X
 _4785_/X
 _4786_/X
 _4787_/X
 _4788_/X
 _4789_/X
 _4790_/X
 _4791_/X
 _4792_/X
 _4793_/X
 _4794_/X
 _4795_/X
 _4796_/X
 _4797_/X
 _4798_/X
 _4799_/X
 _4800_/X
 _4801_/X
 _4802_/X
 _4803_/X
 _4804_/X
 _4805_/X
 _4806_/X
 _4807_/X
 _4808_/X
 _4809_/X
 _4810_/Y
 _4811_/Y
 _4812_/X
 _4813_/X
 _4814_/X
 _4815_/X
 _4816_/X
 _4817_/X
 _4818_/X
 _4819_/X
 _4820_/X
 _4821_/X
 _4822_/X
 _4823_/X
 _4824_/X
 _4825_/X
 _4826_/X
 _4827_/X
 _4828_/X
 _4829_/X
 _4830_/X
 _4831_/X
 _4832_/X
 _4833_/X
 _4834_/X
 _4835_/X
 _4836_/X
 _4837_/X
 _4838_/X
 _4839_/X
 _4840_/X
 _4841_/X
 _4842_/X
 _4843_/X
 _4844_/Y
 _4845_/Y
 _4846_/X
 _4847_/X
 _4848_/X
 _4849_/X
 _4850_/X
 _4851_/X
 _4852_/X
 _4853_/X
 _4854_/X
 _4855_/X
 _4856_/X
 _4857_/X
 _4858_/X
 _4859_/X
 _4860_/X
 _4861_/X
 _4862_/X
 _4863_/X
 _4864_/X
 _4865_/X
 _4866_/X
 _4867_/X
 _4868_/X
 _4869_/X
 _4870_/X
 _4871_/X
 _4872_/X
 _4873_/X
 _4874_/X
 _4875_/X
 _4876_/X
 _4877_/X
 _4878_/Y
 _4879_/Y
 _4880_/X
 _4881_/X
 _4882_/X
 _4883_/X
 _4884_/X
 _4885_/X
 _4886_/X
 _4887_/X
 _4888_/X
 _4889_/X
 _4890_/X
 _4891_/X
 _4892_/X
 _4893_/X
 _4894_/X
 _4895_/X
 _4896_/X
 _4897_/X
 _4898_/X
 _4899_/X
 _4900_/X
 _4901_/X
 _4902_/X
 _4903_/X
 _4904_/X
 _4905_/X
 _4906_/X
 _4907_/X
 _4908_/X
 _4909_/X
 _4910_/X
 _4911_/X
 _4912_/Y
 _4913_/Y
 _4914_/X
 _4915_/X
 _4916_/X
 _4917_/X
 _4918_/X
 _4919_/X
 _4920_/X
 _4921_/X
 _4922_/X
 _4923_/X
 _4924_/X
 _4925_/X
 _4926_/X
 _4927_/X
 _4928_/X
 _4929_/X
 _4930_/X
 _4931_/X
 _4932_/X
 _4933_/X
 _4934_/X
 _4935_/X
 _4936_/X
 _4937_/X
 _4938_/X
 _4939_/X
 _4940_/X
 _4941_/X
 _4942_/X
 _4943_/X
 _4944_/X
 _4945_/X
 _4946_/Y
 _4947_/Y
 _4948_/X
 _4949_/X
 _4950_/X
 _4951_/X
 _4952_/X
 _4953_/X
 _4954_/X
 _4955_/X
 _4956_/X
 _4957_/X
 _4958_/X
 _4959_/X
 _4960_/X
 _4961_/X
 _4962_/X
 _4963_/X
 _4964_/X
 _4965_/X
 _4966_/X
 _4967_/X
 _4968_/X
 _4969_/X
 _4970_/X
 _4971_/X
 _4972_/X
 _4973_/X
 _4974_/X
 _4975_/X
 _4976_/X
 _4977_/X
 _4978_/X
 _4979_/X
 _4980_/Y
 _4981_/Y
 _4982_/X
 _4983_/X
 _4984_/X
 _4985_/X
 _4986_/X
 _4987_/X
 _4988_/X
 _4989_/X
 _4990_/X
 _4991_/X
 _4992_/X
 _4993_/X
 _4994_/X
 _4995_/X
 _4996_/X
 _4997_/X
 _4998_/X
 _4999_/X
 _5000_/X
 _5001_/X
 _5002_/X
 _5003_/X
 _5004_/X
 _5005_/X
 _5006_/X
 _5007_/X
 _5008_/X
 _5009_/X
 _5010_/X
 _5011_/X
 _5012_/X
 _5013_/X
 _5014_/Y
 _5015_/Y
 _5016_/X
 _5017_/X
 _5018_/X
 _5019_/X
 _5020_/X
 _5021_/X
 _5022_/X
 _5023_/X
 _5024_/X
 _5025_/X
 _5026_/X
 _5027_/X
 _5028_/X
 _5029_/X
 _5030_/X
 _5031_/X
 _5032_/X
 _5033_/X
 _5034_/X
 _5035_/X
 _5036_/X
 _5037_/X
 _5038_/X
 _5039_/X
 _5040_/X
 _5041_/X
 _5042_/X
 _5043_/X
 _5044_/X
 _5045_/X
 _5046_/X
 _5047_/X
 _5048_/Q
 _5049_/Q
 _5050_/Q
 _5051_/Q
 _5052_/Q
 _5053_/Q
 _5054_/Q
 _5055_/Q
 _5056_/Q
 _5057_/Q
 _5058_/Q
 _5059_/Q
 _5060_/Q
 _5061_/Q
 _5062_/Q
 _5063_/Q
 _5064_/Q
 _5065_/Q
 _5066_/Q
 _5067_/Q
 _5068_/Q
 _5069_/Q
 _5070_/Q
 _5071_/Q
 _5072_/Q
 _5073_/Q
 _5074_/Q
 _5075_/Q
 _5076_/Q
 _5077_/Q
 _5078_/Q
 _5079_/Q
 _5080_/Q
 _5081_/Q
 _5082_/Q
 _5083_/Q
 _5084_/Q
 _5085_/Q
 _5086_/Q
 _5087_/Q
 _5088_/Q
 _5089_/Q
 _5090_/Q
 _5091_/Q
 _5092_/Q
 _5093_/Q
 _5094_/Q
 _5095_/Q
 _5096_/Q
 _5097_/Q
 _5098_/Q
 _5099_/Q
 _5100_/Q
 _5101_/Q
 _5102_/Q
 _5103_/Q
 _5104_/Q
 _5105_/Q
 _5106_/Q
 _5107_/Q
 _5108_/Q
 _5109_/Q
 _5110_/Q
 _5111_/Q
 _5112_/Q
 _5113_/Q
 _5114_/Q
 _5115_/Q
 _5116_/Q
 _5117_/Q
 _5118_/Q
 _5119_/Q
 _5120_/Q
 _5121_/Q
 _5122_/Q
 _5123_/Q
 _5124_/Q
 _5125_/Q
 _5126_/Q
 _5127_/Q
 _5128_/Q
 _5129_/Q
 _5130_/Q
 _5131_/Q
 _5132_/Q
 _5133_/Q
 _5134_/Q
 _5135_/Q
 _5136_/Q
 _5137_/Q
 _5138_/Q
 _5139_/Q
 _5140_/Q
 _5141_/Q
 _5142_/Q
 _5143_/Q
 _5144_/Q
 _5145_/Q
 _5146_/Q
 _5147_/Q
 _5148_/Q
 _5149_/Q
 _5150_/Q
 _5151_/Q
 _5152_/Q
 _5153_/Q
 _5154_/Q
 _5155_/Q
 _5156_/Q
 _5157_/Q
 _5158_/Q
 _5159_/Q
 _5160_/Q
 _5161_/Q
 _5162_/Q
 _5163_/Q
 _5164_/Q
 _5165_/Q
 _5166_/Q
 _5167_/Q
 _5168_/Q
 _5169_/Q
 _5170_/Q
 _5171_/Q
 _5172_/Q
 _5173_/Q
 _5174_/Q
 _5175_/Q
 _5176_/Q
 _5177_/Q
 _5178_/Q
 _5179_/Q
 _5180_/Q
 _5181_/Q
 _5182_/Q
 _5183_/Q
 _5184_/Q
 _5185_/Q
 _5186_/Q
 _5187_/Q
 _5188_/Q
 _5189_/Q
 _5190_/Q
 _5191_/Q
 _5192_/Q
 _5193_/Q
 _5194_/Q
 _5195_/Q
 _5196_/Q
 _5197_/Q
 _5198_/Q
 _5199_/Q
 _5200_/Q
 _5201_/Q
 _5202_/Q
 _5203_/Q
 _5204_/Q
 _5205_/Q
 _5206_/Q
 _5207_/Q
 _5208_/Q
 _5209_/Q
 _5210_/Q
 _5211_/Q
 _5212_/Q
 _5213_/Q
 _5214_/Q
 _5215_/Q
 _5216_/Q
 _5217_/Q
 _5218_/Q
 _5219_/Q
 _5220_/Q
 _5221_/Q
 _5222_/Q
 _5223_/Q
 _5224_/Q
 _5225_/Q
 _5226_/Q
 _5227_/Q
 _5228_/Q
 _5229_/Q
 _5230_/Q
 _5231_/Q
 _5232_/Q
 _5233_/Q
 _5234_/Q
 _5235_/Q
 _5236_/Q
 _5237_/Q
 _5238_/Q
 _5239_/Q
 _5240_/Q
 _5241_/Q
 _5242_/Q
 _5243_/Q
 _5244_/Q
 _5245_/Q
 _5246_/Q
 _5247_/Q
 _5248_/Q
 _5249_/Q
 _5250_/Q
 _5251_/Q
 _5252_/Q
 _5253_/Q
 _5254_/Q
 _5255_/Q
 _5256_/Q
 _5257_/Q
 _5258_/Q
 _5259_/Q
 _5260_/Q
 _5261_/Q
 _5262_/Q
 _5263_/Q
 _5264_/Q
 _5265_/Q
 _5266_/Q
 _5267_/Q
 _5268_/Q
 _5269_/Q
 _5270_/Q
 _5271_/Q
 _5272_/Q
 _5273_/Q
 _5274_/Q
 _5275_/Q
 _5276_/Q
 _5277_/Q
 _5278_/Q
 _5279_/Q
 _5280_/Q
 _5281_/Q
 _5282_/Q
 _5283_/Q
 _5284_/Q
 _5285_/Q
 _5286_/Q
 _5287_/Q
 _5288_/Q
 _5289_/Q
 _5290_/Q
 _5291_/Q
 _5292_/Q
 _5293_/Q
 _5294_/Q
 _5295_/Q
 _5296_/Q
 _5297_/Q
 _5298_/Q
 _5299_/Q
 _5300_/Q
 _5301_/Q
 _5302_/Q
 _5303_/Q
 _5304_/Q
 _5305_/Q
 _5306_/Q
 _5307_/Q
 _5308_/Q
 _5309_/Q
 _5310_/Q
 _5311_/Q
 _5312_/Q
 _5313_/Q
 _5314_/Q
 _5315_/Q
 _5316_/Q
 _5317_/Q
 _5318_/Q
 _5319_/Q
 _5320_/Q
 _5321_/Q
 _5322_/Q
 _5323_/Q
 _5324_/Q
 _5325_/Q
 _5326_/Q
 _5327_/Q
 _5328_/Q
 _5329_/Q
 _5330_/Q
 _5331_/Q
 _5332_/Q
 _5333_/Q
 _5334_/Q
 _5335_/Q
 _5336_/Q
 _5337_/Q
 _5338_/Q
 _5339_/Q
 _5340_/Q
 _5341_/Q
 _5342_/Q
 _5343_/Q
 _5344_/Q
 _5345_/Q
 _5346_/Q
 _5347_/Q
 _5348_/Q
 _5349_/Q
 _5350_/Q
 _5351_/Q
 _5352_/Q
 _5353_/Q
 _5354_/Q
 _5355_/Q
 _5356_/Q
 _5357_/Q
 _5358_/Q
 _5359_/Q
 _5360_/Q
 _5361_/Q
 _5362_/Q
 _5363_/Q
 _5364_/Q
 _5365_/Q
 _5366_/Q
 _5367_/Q
 _5368_/Q
 _5369_/Q
 _5370_/Q
 _5371_/Q
 _5372_/Q
 _5373_/Q
 _5374_/Q
 _5375_/Q
 _5376_/Q
 _5377_/Q
 _5378_/Q
 _5379_/Q
 _5380_/Q
 _5381_/Q
 _5382_/Q
 _5383_/Q
 _5384_/Q
 _5385_/Q
 _5386_/Q
 _5387_/Q
 _5388_/Q
 _5389_/Q
 _5390_/Q
 _5391_/Q
 _5392_/Q
 _5393_/Q
 _5394_/Q
 _5395_/Q
 _5396_/Q
 _5397_/Q
 _5398_/Q
 _5399_/Q
 _5400_/Q
 _5401_/Q
 _5402_/Q
 _5403_/Q
 _5404_/Q
 _5405_/Q
 _5406_/Q
 _5407_/Q
 _5408_/Q
 _5409_/Q
 _5410_/Q
 _5411_/Q
 _5412_/Q
 _5413_/Q
 _5414_/Q
 _5415_/Q
 _5416_/Q
 _5417_/Q
 _5418_/Q
 _5419_/Q
 _5420_/Q
 _5421_/Q
 _5422_/Q
 _5423_/Q
 _5424_/Q
 _5425_/Q
 _5426_/Q
 _5427_/Q
 _5428_/Q
 _5429_/Q
 _5430_/Q
 _5431_/Q
 _5432_/Q
 _5433_/Q
 _5434_/Q
 _5435_/Q
 _5436_/Q
 _5437_/Q
 _5438_/Q
 _5439_/Q
 _5440_/Q
 _5441_/Q
 _5442_/Q
 _5443_/Q
 _5444_/Q
 _5445_/Q
 _5446_/Q
 _5447_/Q
 _5448_/Q
 _5449_/Q
 _5450_/Q
 _5451_/Q
 _5452_/Q
 _5453_/Q
 _5454_/Q
 _5455_/Q
 _5456_/Q
 _5457_/Q
 _5458_/Q
 _5459_/Q
 _5460_/Q
 _5461_/Q
 _5462_/Q
 _5463_/Q
 _5464_/Q
 _5465_/Q
 _5466_/Q
 _5467_/Q
 _5468_/Q
 _5469_/Q
 _5470_/Q
 _5471_/Q
 _5472_/Q
 _5473_/Q
 _5474_/Q
 _5475_/Q
 _5476_/Q
 _5477_/Q
 _5478_/Q
 _5479_/Q
 _5480_/Q
 _5481_/Q
 _5482_/Q
 _5483_/Q
 _5484_/Q
 _5485_/Q
 _5486_/Q
 _5487_/Q
 _5488_/Q
 _5489_/Q
 _5490_/Q
 _5491_/Q
 _5492_/Q
 _5493_/Q
 _5494_/Q
 _5495_/Q
 _5496_/Q
 _5497_/Q
 _5498_/Q
 _5499_/Q
 _5500_/Q
 _5501_/Q
 _5502_/Q
 _5503_/Q
 _5504_/Q
 _5505_/Q
 _5506_/Q
 _5507_/Q
 _5508_/Q
 _5509_/Q
 _5510_/Q
 _5511_/Q
 _5512_/Q
 _5513_/Q
 _5514_/Q
 _5515_/Q
 _5516_/Q
 _5517_/Q
 _5518_/Q
 _5519_/Q
 _5520_/Q
 _5521_/Q
 _5522_/Q
 _5523_/Q
 _5524_/Q
 _5525_/Q
 _5526_/Q
 _5527_/Q
 _5528_/Q
 _5529_/Q
 _5530_/Q
 _5531_/Q
 _5532_/Q
 _5533_/Q
 _5534_/Q
 _5535_/Q
 _5536_/Q
 _5537_/Q
 _5538_/Q
 _5539_/Q
 _5540_/Q
 _5541_/Q
 _5542_/Q
 _5543_/Q
 _5544_/Q
 _5545_/Q
 _5546_/Q
 _5547_/Q
 _5548_/Q
 _5549_/Q
 _5550_/Q
 _5551_/Q
 _5552_/Q
 _5553_/Q
 _5554_/Q
 _5555_/Q
 _5556_/Q
 _5557_/Q
 _5558_/Q
 _5559_/Q
 _5560_/Q
 _5561_/Q
 _5562_/Q
 _5563_/Q
 _5564_/Q
 _5565_/Q
 _5566_/Q
 _5567_/Q
 _5568_/Q
 _5569_/Q
 _5570_/Q
 _5571_/Q
 _5572_/Q
 _5573_/Q
 _5574_/Q
 _5575_/Q
 _5576_/Q
 _5577_/Q
 _5578_/Q
 _5579_/Q
 _5580_/Q
 _5581_/Q
 _5582_/Q
 _5583_/Q
 _5584_/Q
 _5585_/Q
 _5586_/Q
 _5587_/Q
 _5588_/Q
 _5589_/Q
 _5590_/Q
 _5591_/Q
 _5592_/Q
 _5593_/Q
 _5594_/Q
 _5595_/Q
 _5596_/Q
 _5597_/Q
 _5598_/Q
 _5599_/Q
 _5600_/Q
 _5601_/Q
 _5602_/Q
 _5603_/Q
 _5604_/Q
 _5605_/Q
 _5606_/Q
 _5607_/Q
 _5608_/Q
 _5609_/Q
 _5610_/Q
 _5611_/Q
 _5612_/Q
 _5613_/Q
 _5614_/Q
 _5615_/Q
 _5616_/Q
 _5617_/Q
 _5618_/Q
 _5619_/Q
 _5620_/Q
 _5621_/Q
 _5622_/Q
 _5623_/Q
 _5624_/Q
 _5625_/Q
 _5626_/Q
 _5627_/Q
 _5628_/Q
 _5629_/Q
 _5630_/Q
 _5631_/Q
 _5632_/Q
 _5633_/Q
 _5634_/Q
 _5635_/Q
 _5636_/Q
 _5637_/Q
 _5638_/Q
 _5639_/Q
 _5640_/Q
 _5641_/Q
 _5642_/Q
 _5643_/Q
 _5644_/Q
 _5645_/Q
 _5646_/Q
 _5647_/Q
 _5648_/Q
 _5649_/Q
 _5650_/Q
 _5651_/Q
 _5652_/Q
 _5653_/Q
 _5654_/Q
 _5655_/Q
 _5656_/Q
 _5657_/Q
 _5658_/Q
 _5659_/Q
 _5660_/Q
 _5661_/Q
 _5662_/Q
 _5663_/Q
 _5664_/Q
 _5665_/Q
 _5666_/Q
 _5667_/Q
 _5668_/Q
 _5669_/Q
 _5670_/Q
 _5671_/Q
 _5672_/Q
 _5673_/Q
 _5674_/Q
 _5675_/Q
 _5676_/Q
 _5677_/Q
 _5678_/Q
 _5679_/Q
 _5680_/Q
 _5681_/Q
 _5682_/Q
 _5683_/Q
 _5684_/Q
 _5685_/Q
 _5686_/Q
 _5687_/Q
 _5688_/Q
 _5689_/Q
 _5690_/Q
 _5691_/Q
 _5692_/Q
 _5693_/Q
 _5694_/Q
 _5695_/Q
 _5696_/Q
 _5697_/Q
 _5698_/Q
 _5699_/Q
 _5700_/Q
 _5701_/Q
 _5702_/Q
 _5703_/Q
 _5704_/Q
 _5705_/Q
 _5706_/Q
 _5707_/Q
 _5708_/Q
 _5709_/Q
 _5710_/Q
 _5711_/Q
 _5712_/Q
 _5713_/Q
 _5714_/Q
 _5715_/Q
 _5716_/Q
 _5717_/Q
 _5718_/Q
 _5719_/Q
 _5720_/Q
 _5721_/Q
 _5722_/Q
 _5723_/Q
 _5724_/Q
 _5725_/Q
 _5726_/Q
 _5727_/Q
 _5728_/Q
 _5729_/Q
 _5730_/Q
 _5731_/Q
 _5732_/Q
 _5733_/Q
 _5734_/Q
 _5735_/Q
 _5736_/Q
 _5737_/Q
 _5738_/Q
 _5739_/Q
 _5740_/Q
 _5741_/Q
 _5742_/Q
 _5743_/Q
 _5744_/Q
 _5745_/Q
 _5746_/Q
 _5747_/Q
 _5748_/Q
 _5749_/Q
 _5750_/Q
 _5751_/Q
 _5752_/Q
 _5753_/Q
 _5754_/Q
 _5755_/Q
 _5756_/Q
 _5757_/Q
 _5758_/Q
 _5759_/Q
 _5760_/Q
 _5761_/Q
 _5762_/Q
 _5763_/Q
 _5764_/Q
 _5765_/Q
 _5766_/Q
 _5767_/Q
 _5768_/Q
 _5769_/Q
 _5770_/Q
 _5771_/Q
 _5772_/Q
 _5773_/Q
 _5774_/Q
 _5775_/Q
 _5776_/Q
 _5777_/Q
 _5778_/Q
 _5779_/Q
 _5780_/Q
 _5781_/Q
 _5782_/Q
 _5783_/Q
 _5784_/Q
 _5785_/Q
 _5786_/Q
 _5787_/Q
 _5788_/Q
 _5789_/Q
 _5790_/Q
 _5791_/Q
 _5792_/Q
 _5793_/Q
 _5794_/Q
 _5795_/Q
 _5796_/Q
 _5797_/Q
 _5798_/Q
 _5799_/Q
 _5800_/Q
 _5801_/Q
 _5802_/Q
 _5803_/Q
 _5804_/Q
 _5805_/Q
 _5806_/Q
 _5807_/Q
 _5808_/Q
 _5809_/Q
 _5810_/Q
 _5811_/Q
 _5812_/Q
 _5813_/Q
 _5814_/Q
 _5815_/Q
 _5816_/Q
 _5817_/Q
 _5818_/Q
 _5819_/Q
 _5820_/Q
 _5821_/Q
 _5822_/Q
 _5823_/Q
 _5824_/Q
 _5825_/Q
 _5826_/Q
 _5827_/Q
 _5828_/Q
 _5829_/Q
 _5830_/Q
 _5831_/Q
 _5832_/Q
 _5833_/Q
 _5834_/Q
 _5835_/Q
 _5836_/Q
 _5837_/Q
 _5838_/Q
 _5839_/Q
 _5840_/Q
 _5841_/Q
 _5842_/Q
 _5843_/Q
 _5844_/Q
 _5845_/Q
 _5846_/Q
 _5847_/Q
 _5848_/Q
 _5849_/Q
 _5850_/Q
 _5851_/Q
 _5852_/Q
 _5853_/Q
 _5854_/Q
 _5855_/Q
 _5856_/Q
 _5857_/Q
 _5858_/Q
 _5859_/Q
 _5860_/Q
 _5861_/Q
 _5862_/Q
 _5863_/Q
 _5864_/Q
 _5865_/Q
 _5866_/Q
 _5867_/Q
 _5868_/Q
 _5869_/Q
 _5870_/Q
 _5871_/Q
 _5872_/Q
 _5873_/Q
 _5874_/Q
 _5875_/Q
 _5876_/Q
 _5877_/Q
 _5878_/Q
 _5879_/Q
 _5880_/Q
 _5881_/Q
 _5882_/Q
 _5883_/Q
 _5884_/Q
 _5885_/Q
 _5886_/Q
 _5887_/Q
 _5888_/Q
 _5889_/Q
 _5890_/Q
 _5891_/Q
 _5892_/Q
 _5893_/Q
 _5894_/Q
 _5895_/Q
 _5896_/Q
 _5897_/Q
 _5898_/Q
 _5899_/Q
 _5900_/Q
 _5901_/Q
 _5902_/Q
 _5903_/Q
 _5904_/Q
 _5905_/Q
 _5906_/Q
 _5907_/Q
 _5908_/Q
 _5909_/Q
 _5910_/Q
 _5911_/Q
 _5912_/Q
 _5913_/Q
 _5914_/Q
 _5915_/Q
 _5916_/Q
 _5917_/Q
 _5918_/Q
 _5919_/Q
 _5920_/Q
 _5921_/Q
 _5922_/Q
 _5923_/Q
 _5924_/Q
 _5925_/Q
 _5926_/Q
 _5927_/Q
 _5928_/Q
 _5929_/Q
 _5930_/Q
 _5931_/Q
 _5932_/Q
 _5933_/Q
 _5934_/Q
 _5935_/Q
 _5936_/Q
 _5937_/Q
 _5938_/Q
 _5939_/Q
 _5940_/Q
 _5941_/Q
 _5942_/Q
 _5943_/Q
 _5944_/Q
 _5945_/Q
 _5946_/Q
 _5947_/Q
 _5948_/Q
 _5949_/Q
 _5950_/Q
 _5951_/Q
 _5952_/Q
 _5953_/Q
 _5954_/Q
 _5955_/Q
 _5956_/Q
 _5957_/Q
 _5958_/Q
 _5959_/Q
 _5960_/Q
 _5961_/Q
 _5962_/Q
 _5963_/Q
 _5964_/Q
 _5965_/Q
 _5966_/Q
 _5967_/Q
 _5968_/Q
 _5969_/Q
 _5970_/Q
 _5971_/Q
 _5972_/Q
 _5973_/Q
 _5974_/Q
 _5975_/Q
 _5976_/Q
 _5977_/Q
 _5978_/Q
 _5979_/Q
 _5980_/Q
 _5981_/Q
 _5982_/Q
 _5983_/Q
 _5984_/Q
 _5985_/Q
 _5986_/Q
 _5987_/Q
 _5988_/Q
 _5989_/Q
 _5990_/Q
 _5991_/Q
 _5992_/Q
 _5993_/Q
 _5994_/Q
 _5995_/Q
 _5996_/Q
 _5997_/Q
 _5998_/Q
 _5999_/Q
 _6000_/Q
 _6001_/Q
 _6002_/Q
 _6003_/Q
 _6004_/Q
 _6005_/Q
 _6006_/Q
 _6007_/Q
 _6008_/Q
 _6009_/Q
 _6010_/Q
 _6011_/Q
 _6012_/Q
 _6013_/Q
 _6014_/Q
 _6015_/Q
 _6016_/Q
 _6017_/Q
 _6018_/Q
 _6019_/Q
 _6020_/Q
 _6021_/Q
 _6022_/Q
 _6023_/Q
 _6024_/Q
 _6025_/Q
 _6026_/Q
 _6027_/Q
 _6028_/Q
 _6029_/Q
 _6030_/Q
 _6031_/Q
 _6032_/Q
 _6033_/Q
 _6034_/Q
 _6035_/Q
 _6036_/Q
 _6037_/Q
 _6038_/Q
 _6039_/Q
 _6040_/Q
 _6041_/Q
 _6042_/Q
 _6043_/Q
 _6044_/Q
 _6045_/Q
 _6046_/Q
 _6047_/Q
 _6048_/Q
 _6049_/Q
 _6050_/Q
 _6051_/Q
 _6052_/Q
 _6053_/Q
 _6054_/Q
 _6055_/Q
 _6056_/Q
 _6057_/Q
 _6058_/Q
 _6059_/Q
 _6060_/Q
 _6061_/Q
 _6062_/Q
 _6063_/Q
 _6064_/Q
 _6065_/Q
 _6066_/Q
 _6067_/Q
 _6068_/Q
 _6069_/Q
 _6070_/Q
 _6071_/Q
Found 0 partially unannotated drivers.

===========================================================================
max slew violation count 1250
max fanout violation count 124
max cap violation count 8
============================================================================

===========================================================================
check_setup -verbose -unconstrained_endpoints -multiple_clock -no_clock -no_input_delay -loops -generated_clocks
===========================================================================
