
===========================================================================
report_checks -path_delay min (Hold)
============================================================================
======================= max_tt_025C_1v80 Corner ===================================

Startpoint: A[4] (input port clocked by __VIRTUAL_CLK__)
Endpoint: result[4] (output port clocked by __VIRTUAL_CLK__)
Path Group: __VIRTUAL_CLK__
Path Type: min

Fanout         Cap        Slew       Delay        Time   Description
---------------------------------------------------------------------------------------------
                      0.000000    0.000000    0.000000   clock __VIRTUAL_CLK__ (rise edge)
                                  0.000000    0.000000   clock network delay (ideal)
                                  2.000000    2.000000 ^ input external delay
     1    0.007096    0.038533    0.024733    2.024733 ^ A[4] (in)
                                                         A[4] (net)
                      0.038536    0.000000    2.024733 ^ input27/A (sky130_fd_sc_hd__buf_6)
     2    0.014697    0.041279    0.094897    2.119630 ^ input27/X (sky130_fd_sc_hd__buf_6)
                                                         net27 (net)
                      0.041311    0.001021    2.120651 ^ _1186_/A2 (sky130_fd_sc_hd__a31o_2)
     1    0.003438    0.034254    0.140642    2.261293 ^ _1186_/X (sky130_fd_sc_hd__a31o_2)
                                                         _0357_ (net)
                      0.034256    0.000150    2.261443 ^ _1189_/B1 (sky130_fd_sc_hd__a211o_2)
     1    0.006445    0.040494    0.097530    2.358973 ^ _1189_/X (sky130_fd_sc_hd__a211o_2)
                                                         _0360_ (net)
                      0.040496    0.000378    2.359351 ^ _1190_/B1 (sky130_fd_sc_hd__a31o_2)
     2    0.007474    0.054077    0.107033    2.466383 ^ _1190_/X (sky130_fd_sc_hd__a31o_2)
                                                         net95 (net)
                      0.054079    0.000427    2.466811 ^ output95/A (sky130_fd_sc_hd__clkbuf_2)
     1    0.034781    0.191723    0.210794    2.677605 ^ output95/X (sky130_fd_sc_hd__clkbuf_2)
                                                         result[4] (net)
                      0.191745    0.001685    2.679290 ^ result[4] (out)
                                              2.679290   data arrival time

                      0.000000    0.000000    0.000000   clock __VIRTUAL_CLK__ (rise edge)
                                  0.000000    0.000000   clock network delay (ideal)
                                  0.250000    0.250000   clock uncertainty
                                  0.000000    0.250000   clock reconvergence pessimism
                                 -2.000000   -1.750000   output external delay
                                             -1.750000   data required time
---------------------------------------------------------------------------------------------
                                             -1.750000   data required time
                                             -2.679290   data arrival time
---------------------------------------------------------------------------------------------
                                              4.429290   slack (MET)


Startpoint: A[5] (input port clocked by __VIRTUAL_CLK__)
Endpoint: result[6] (output port clocked by __VIRTUAL_CLK__)
Path Group: __VIRTUAL_CLK__
Path Type: min

Fanout         Cap        Slew       Delay        Time   Description
---------------------------------------------------------------------------------------------
                      0.000000    0.000000    0.000000   clock __VIRTUAL_CLK__ (rise edge)
                                  0.000000    0.000000   clock network delay (ideal)
                                  2.000000    2.000000 ^ input external delay
     1    0.004620    0.027639    0.016694    2.016694 ^ A[5] (in)
                                                         A[5] (net)
                      0.027641    0.000000    2.016694 ^ input28/A (sky130_fd_sc_hd__clkbuf_2)
     3    0.019571    0.112501    0.146454    2.163148 ^ input28/X (sky130_fd_sc_hd__clkbuf_2)
                                                         net28 (net)
                      0.112521    0.001212    2.164361 ^ _0985_/B (sky130_fd_sc_hd__and2b_2)
     1    0.005519    0.046342    0.160092    2.324452 ^ _0985_/X (sky130_fd_sc_hd__and2b_2)
                                                         _0160_ (net)
                      0.046346    0.000416    2.324868 ^ _0987_/B1 (sky130_fd_sc_hd__a21oi_2)
     3    0.015628    0.042538    0.051035    2.375903 v _0987_/Y (sky130_fd_sc_hd__a21oi_2)
                                                         _0162_ (net)
                      0.042590    0.001177    2.377081 v _1215_/C (sky130_fd_sc_hd__nand3_2)
     1    0.005450    0.043226    0.071316    2.448397 ^ _1215_/Y (sky130_fd_sc_hd__nand3_2)
                                                         _0384_ (net)
                      0.043227    0.000408    2.448805 ^ _1230_/A3 (sky130_fd_sc_hd__a31o_4)
     1    0.006307    0.035785    0.144587    2.593392 ^ _1230_/X (sky130_fd_sc_hd__a31o_4)
                                                         _0399_ (net)
                      0.035787    0.000459    2.593852 ^ _1231_/B1 (sky130_fd_sc_hd__a21o_4)
     2    0.016385    0.054005    0.097481    2.691333 ^ _1231_/X (sky130_fd_sc_hd__a21o_4)
                                                         net97 (net)
                      0.054128    0.001767    2.693099 ^ output97/A (sky130_fd_sc_hd__buf_8)
     1    0.035630    0.067910    0.119688    2.812788 ^ output97/X (sky130_fd_sc_hd__buf_8)
                                                         result[6] (net)
                      0.068028    0.001935    2.814723 ^ result[6] (out)
                                              2.814723   data arrival time

                      0.000000    0.000000    0.000000   clock __VIRTUAL_CLK__ (rise edge)
                                  0.000000    0.000000   clock network delay (ideal)
                                  0.250000    0.250000   clock uncertainty
                                  0.000000    0.250000   clock reconvergence pessimism
                                 -2.000000   -1.750000   output external delay
                                             -1.750000   data required time
---------------------------------------------------------------------------------------------
                                             -1.750000   data required time
                                             -2.814723   data arrival time
---------------------------------------------------------------------------------------------
                                              4.564723   slack (MET)


Startpoint: control[2] (input port clocked by __VIRTUAL_CLK__)
Endpoint: result[0] (output port clocked by __VIRTUAL_CLK__)
Path Group: __VIRTUAL_CLK__
Path Type: min

Fanout         Cap        Slew       Delay        Time   Description
---------------------------------------------------------------------------------------------
                      0.000000    0.000000    0.000000   clock __VIRTUAL_CLK__ (rise edge)
                                  0.000000    0.000000   clock network delay (ideal)
                                  2.000000    2.000000 v input external delay
     1    0.003566    0.010416    0.005774    2.005774 v control[2] (in)
                                                         control[2] (net)
                      0.010420    0.000000    2.005774 v input67/A (sky130_fd_sc_hd__clkdlybuf4s25_1)
     7    0.025418    0.192975    0.351851    2.357625 v input67/X (sky130_fd_sc_hd__clkdlybuf4s25_1)
                                                         net67 (net)
                      0.193022    0.002874    2.360499 v _0837_/A (sky130_fd_sc_hd__inv_2)
     5    0.017489    0.102107    0.149029    2.509528 ^ _0837_/Y (sky130_fd_sc_hd__inv_2)
                                                         _0012_ (net)
                      0.102111    0.000752    2.510281 ^ _1068_/A1 (sky130_fd_sc_hd__a31o_4)
     2    0.019392    0.071230    0.183811    2.694091 ^ _1068_/X (sky130_fd_sc_hd__a31o_4)
                                                         net69 (net)
                      0.071312    0.001441    2.695532 ^ output69/A (sky130_fd_sc_hd__buf_6)
     1    0.035269    0.078529    0.134699    2.830231 ^ output69/X (sky130_fd_sc_hd__buf_6)
                                                         result[0] (net)
                      0.078638    0.001952    2.832184 ^ result[0] (out)
                                              2.832184   data arrival time

                      0.000000    0.000000    0.000000   clock __VIRTUAL_CLK__ (rise edge)
                                  0.000000    0.000000   clock network delay (ideal)
                                  0.250000    0.250000   clock uncertainty
                                  0.000000    0.250000   clock reconvergence pessimism
                                 -2.000000   -1.750000   output external delay
                                             -1.750000   data required time
---------------------------------------------------------------------------------------------
                                             -1.750000   data required time
                                             -2.832184   data arrival time
---------------------------------------------------------------------------------------------
                                              4.582184   slack (MET)


Startpoint: B[18] (input port clocked by __VIRTUAL_CLK__)
Endpoint: result[18] (output port clocked by __VIRTUAL_CLK__)
Path Group: __VIRTUAL_CLK__
Path Type: min

Fanout         Cap        Slew       Delay        Time   Description
---------------------------------------------------------------------------------------------
                      0.000000    0.000000    0.000000   clock __VIRTUAL_CLK__ (rise edge)
                                  0.000000    0.000000   clock network delay (ideal)
                                  2.000000    2.000000 ^ input external delay
     1    0.003786    0.024017    0.013831    2.013831 ^ B[18] (in)
                                                         B[18] (net)
                      0.024019    0.000000    2.013831 ^ input42/A (sky130_fd_sc_hd__clkdlybuf4s25_1)
     3    0.010253    0.113655    0.287586    2.301417 ^ input42/X (sky130_fd_sc_hd__clkdlybuf4s25_1)
                                                         net42 (net)
                      0.113656    0.000653    2.302069 ^ _1042_/A (sky130_fd_sc_hd__nand2_2)
     5    0.020985    0.094699    0.110466    2.412535 v _1042_/Y (sky130_fd_sc_hd__nand2_2)
                                                         _0217_ (net)
                      0.094739    0.001577    2.414112 v _1452_/B (sky130_fd_sc_hd__nor2_2)
     1    0.002784    0.065017    0.088689    2.502801 ^ _1452_/Y (sky130_fd_sc_hd__nor2_2)
                                                         _0609_ (net)
                      0.065017    0.000129    2.502930 ^ _1454_/B1 (sky130_fd_sc_hd__a211o_2)
     1    0.004083    0.030797    0.100430    2.603360 ^ _1454_/X (sky130_fd_sc_hd__a211o_2)
                                                         _0611_ (net)
                      0.030801    0.000292    2.603652 ^ _1461_/B (sky130_fd_sc_hd__or4_4)
     2    0.016853    0.061015    0.134460    2.738112 ^ _1461_/X (sky130_fd_sc_hd__or4_4)
                                                         net78 (net)
                      0.061078    0.001727    2.739839 ^ output78/A (sky130_fd_sc_hd__buf_8)
     1    0.034795    0.066659    0.121236    2.861075 ^ output78/X (sky130_fd_sc_hd__buf_8)
                                                         result[18] (net)
                      0.066771    0.001850    2.862925 ^ result[18] (out)
                                              2.862925   data arrival time

                      0.000000    0.000000    0.000000   clock __VIRTUAL_CLK__ (rise edge)
                                  0.000000    0.000000   clock network delay (ideal)
                                  0.250000    0.250000   clock uncertainty
                                  0.000000    0.250000   clock reconvergence pessimism
                                 -2.000000   -1.750000   output external delay
                                             -1.750000   data required time
---------------------------------------------------------------------------------------------
                                             -1.750000   data required time
                                             -2.862925   data arrival time
---------------------------------------------------------------------------------------------
                                              4.612925   slack (MET)


Startpoint: B[28] (input port clocked by __VIRTUAL_CLK__)
Endpoint: result[29] (output port clocked by __VIRTUAL_CLK__)
Path Group: __VIRTUAL_CLK__
Path Type: min

Fanout         Cap        Slew       Delay        Time   Description
---------------------------------------------------------------------------------------------
                      0.000000    0.000000    0.000000   clock __VIRTUAL_CLK__ (rise edge)
                                  0.000000    0.000000   clock network delay (ideal)
                                  2.000000    2.000000 v input external delay
     1    0.003699    0.010705    0.006005    2.006005 v B[28] (in)
                                                         B[28] (net)
                      0.010708    0.000000    2.006005 v input53/A (sky130_fd_sc_hd__clkdlybuf4s25_1)
     4    0.016438    0.130921    0.304863    2.310868 v input53/X (sky130_fd_sc_hd__clkdlybuf4s25_1)
                                                         net53 (net)
                      0.130927    0.001059    2.311927 v _0904_/A (sky130_fd_sc_hd__nand2_2)
     3    0.009470    0.068145    0.108204    2.420131 ^ _0904_/Y (sky130_fd_sc_hd__nand2_2)
                                                         _0079_ (net)
                      0.068145    0.000134    2.420265 ^ _1636_/A1 (sky130_fd_sc_hd__a21bo_2)
     1    0.005605    0.042823    0.130999    2.551264 ^ _1636_/X (sky130_fd_sc_hd__a21bo_2)
                                                         _0782_ (net)
                      0.042850    0.000419    2.551683 ^ _1638_/A3 (sky130_fd_sc_hd__a31o_4)
     2    0.023390    0.082618    0.186238    2.737921 ^ _1638_/X (sky130_fd_sc_hd__a31o_4)
                                                         net90 (net)
                      0.082633    0.000897    2.738817 ^ output90/A (sky130_fd_sc_hd__buf_6)
     1    0.036229    0.080674    0.139677    2.878495 ^ output90/X (sky130_fd_sc_hd__buf_6)
                                                         result[29] (net)
                      0.080797    0.002127    2.880621 ^ result[29] (out)
                                              2.880621   data arrival time

                      0.000000    0.000000    0.000000   clock __VIRTUAL_CLK__ (rise edge)
                                  0.000000    0.000000   clock network delay (ideal)
                                  0.250000    0.250000   clock uncertainty
                                  0.000000    0.250000   clock reconvergence pessimism
                                 -2.000000   -1.750000   output external delay
                                             -1.750000   data required time
---------------------------------------------------------------------------------------------
                                             -1.750000   data required time
                                             -2.880621   data arrival time
---------------------------------------------------------------------------------------------
                                              4.630621   slack (MET)


Startpoint: B[3] (input port clocked by __VIRTUAL_CLK__)
Endpoint: result[7] (output port clocked by __VIRTUAL_CLK__)
Path Group: __VIRTUAL_CLK__
Path Type: min

Fanout         Cap        Slew       Delay        Time   Description
---------------------------------------------------------------------------------------------
                      0.000000    0.000000    0.000000   clock __VIRTUAL_CLK__ (rise edge)
                                  0.000000    0.000000   clock network delay (ideal)
                                  2.000000    2.000000 ^ input external delay
     1    0.004274    0.026138    0.015536    2.015536 ^ B[3] (in)
                                                         B[3] (net)
                      0.026140    0.000000    2.015536 ^ input58/A (sky130_fd_sc_hd__clkbuf_4)
     9    0.057889    0.178524    0.222237    2.237773 ^ input58/X (sky130_fd_sc_hd__clkbuf_4)
                                                         net58 (net)
                      0.179112    0.008329    2.246102 ^ _1248_/A1 (sky130_fd_sc_hd__o221a_2)
     1    0.014796    0.098651    0.266736    2.512838 ^ _1248_/X (sky130_fd_sc_hd__o221a_2)
                                                         _0416_ (net)
                      0.098673    0.001428    2.514266 ^ _1249_/C (sky130_fd_sc_hd__or3_2)
     1    0.003453    0.030802    0.119604    2.633870 ^ _1249_/X (sky130_fd_sc_hd__or3_2)
                                                         _0417_ (net)
                      0.030802    0.000149    2.634019 ^ _1250_/C (sky130_fd_sc_hd__or3_4)
     2    0.012871    0.051125    0.119415    2.753433 ^ _1250_/X (sky130_fd_sc_hd__or3_4)
                                                         net98 (net)
                      0.051140    0.000856    2.754289 ^ output98/A (sky130_fd_sc_hd__buf_6)
     1    0.036102    0.080317    0.128972    2.883261 ^ output98/X (sky130_fd_sc_hd__buf_6)
                                                         result[7] (net)
                      0.080437    0.002094    2.885355 ^ result[7] (out)
                                              2.885355   data arrival time

                      0.000000    0.000000    0.000000   clock __VIRTUAL_CLK__ (rise edge)
                                  0.000000    0.000000   clock network delay (ideal)
                                  0.250000    0.250000   clock uncertainty
                                  0.000000    0.250000   clock reconvergence pessimism
                                 -2.000000   -1.750000   output external delay
                                             -1.750000   data required time
---------------------------------------------------------------------------------------------
                                             -1.750000   data required time
                                             -2.885355   data arrival time
---------------------------------------------------------------------------------------------
                                              4.635355   slack (MET)


Startpoint: B[24] (input port clocked by __VIRTUAL_CLK__)
Endpoint: result[24] (output port clocked by __VIRTUAL_CLK__)
Path Group: __VIRTUAL_CLK__
Path Type: min

Fanout         Cap        Slew       Delay        Time   Description
---------------------------------------------------------------------------------------------
                      0.000000    0.000000    0.000000   clock __VIRTUAL_CLK__ (rise edge)
                                  0.000000    0.000000   clock network delay (ideal)
                                  2.000000    2.000000 v input external delay
     1    0.003477    0.010192    0.005625    2.005625 v B[24] (in)
                                                         B[24] (net)
                      0.010194    0.000000    2.005625 v input49/A (sky130_fd_sc_hd__clkdlybuf4s25_1)
     4    0.014938    0.120579    0.296537    2.302162 v input49/X (sky130_fd_sc_hd__clkdlybuf4s25_1)
                                                         net49 (net)
                      0.120588    0.001154    2.303316 v _1058_/A (sky130_fd_sc_hd__nand2_2)
     3    0.012900    0.079267    0.117095    2.420411 ^ _1058_/Y (sky130_fd_sc_hd__nand2_2)
                                                         _0233_ (net)
                      0.079270    0.000590    2.421001 ^ _1060_/A (sky130_fd_sc_hd__nand2_2)
     6    0.028002    0.115377    0.118743    2.539744 v _1060_/Y (sky130_fd_sc_hd__nand2_2)
                                                         _0235_ (net)
                      0.115391    0.001082    2.540826 v _1547_/A2 (sky130_fd_sc_hd__o21ai_2)
     1    0.004981    0.104628    0.143296    2.684122 ^ _1547_/Y (sky130_fd_sc_hd__o21ai_2)
                                                         _0698_ (net)
                      0.104628    0.000376    2.684498 ^ _1562_/A2 (sky130_fd_sc_hd__o21ai_2)
     2    0.007688    0.044103    0.072537    2.757035 v _1562_/Y (sky130_fd_sc_hd__o21ai_2)
                                                         net85 (net)
                      0.044105    0.000361    2.757397 v output85/A (sky130_fd_sc_hd__buf_6)
     1    0.036254    0.045609    0.136782    2.894178 v output85/X (sky130_fd_sc_hd__buf_6)
                                                         result[24] (net)
                      0.045741    0.002121    2.896300 v result[24] (out)
                                              2.896300   data arrival time

                      0.000000    0.000000    0.000000   clock __VIRTUAL_CLK__ (rise edge)
                                  0.000000    0.000000   clock network delay (ideal)
                                  0.250000    0.250000   clock uncertainty
                                  0.000000    0.250000   clock reconvergence pessimism
                                 -2.000000   -1.750000   output external delay
                                             -1.750000   data required time
---------------------------------------------------------------------------------------------
                                             -1.750000   data required time
                                             -2.896300   data arrival time
---------------------------------------------------------------------------------------------
                                              4.646299   slack (MET)


Startpoint: B[10] (input port clocked by __VIRTUAL_CLK__)
Endpoint: result[11] (output port clocked by __VIRTUAL_CLK__)
Path Group: __VIRTUAL_CLK__
Path Type: min

Fanout         Cap        Slew       Delay        Time   Description
---------------------------------------------------------------------------------------------
                      0.000000    0.000000    0.000000   clock __VIRTUAL_CLK__ (rise edge)
                                  0.000000    0.000000   clock network delay (ideal)
                                  2.000000    2.000000 v input external delay
     1    0.004394    0.012327    0.007186    2.007186 v B[10] (in)
                                                         B[10] (net)
                      0.012331    0.000000    2.007186 v input34/A (sky130_fd_sc_hd__clkdlybuf4s25_1)
     4    0.019953    0.155149    0.324558    2.331743 v input34/X (sky130_fd_sc_hd__clkdlybuf4s25_1)
                                                         net34 (net)
                      0.155155    0.001111    2.332855 v _1006_/A (sky130_fd_sc_hd__nand2_2)
     4    0.016539    0.102075    0.144268    2.477122 ^ _1006_/Y (sky130_fd_sc_hd__nand2_2)
                                                         _0181_ (net)
                      0.102076    0.000487    2.477610 ^ _1310_/A1 (sky130_fd_sc_hd__a21oi_2)
     1    0.005648    0.039820    0.066838    2.544447 v _1310_/Y (sky130_fd_sc_hd__a21oi_2)
                                                         _0474_ (net)
                      0.039821    0.000407    2.544854 v _1312_/A (sky130_fd_sc_hd__nor2_2)
     1    0.005828    0.089415    0.112409    2.657263 ^ _1312_/Y (sky130_fd_sc_hd__nor2_2)
                                                         _0476_ (net)
                      0.089416    0.000430    2.657693 ^ _1325_/B1 (sky130_fd_sc_hd__a211o_4)
     2    0.014127    0.050430    0.122443    2.780136 ^ _1325_/X (sky130_fd_sc_hd__a211o_4)
                                                         net71 (net)
                      0.050457    0.001086    2.781222 ^ output71/A (sky130_fd_sc_hd__buf_8)
     1    0.034715    0.066518    0.117458    2.898680 ^ output71/X (sky130_fd_sc_hd__buf_8)
                                                         result[11] (net)
                      0.066620    0.001746    2.900427 ^ result[11] (out)
                                              2.900427   data arrival time

                      0.000000    0.000000    0.000000   clock __VIRTUAL_CLK__ (rise edge)
                                  0.000000    0.000000   clock network delay (ideal)
                                  0.250000    0.250000   clock uncertainty
                                  0.000000    0.250000   clock reconvergence pessimism
                                 -2.000000   -1.750000   output external delay
                                             -1.750000   data required time
---------------------------------------------------------------------------------------------
                                             -1.750000   data required time
                                             -2.900427   data arrival time
---------------------------------------------------------------------------------------------
                                              4.650427   slack (MET)


Startpoint: B[24] (input port clocked by __VIRTUAL_CLK__)
Endpoint: result[25] (output port clocked by __VIRTUAL_CLK__)
Path Group: __VIRTUAL_CLK__
Path Type: min

Fanout         Cap        Slew       Delay        Time   Description
---------------------------------------------------------------------------------------------
                      0.000000    0.000000    0.000000   clock __VIRTUAL_CLK__ (rise edge)
                                  0.000000    0.000000   clock network delay (ideal)
                                  2.000000    2.000000 ^ input external delay
     1    0.003702    0.023653    0.013530    2.013530 ^ B[24] (in)
                                                         B[24] (net)
                      0.023654    0.000000    2.013530 ^ input49/A (sky130_fd_sc_hd__clkdlybuf4s25_1)
     4    0.015643    0.165667    0.323992    2.337522 ^ input49/X (sky130_fd_sc_hd__clkdlybuf4s25_1)
                                                         net49 (net)
                      0.165673    0.001218    2.338740 ^ _1058_/A (sky130_fd_sc_hd__nand2_2)
     3    0.012066    0.074310    0.097339    2.436080 v _1058_/Y (sky130_fd_sc_hd__nand2_2)
                                                         _0233_ (net)
                      0.074311    0.000403    2.436482 v _1572_/B (sky130_fd_sc_hd__nand2_2)
     1    0.002970    0.040073    0.069984    2.506466 ^ _1572_/Y (sky130_fd_sc_hd__nand2_2)
                                                         _0722_ (net)
                      0.040073    0.000210    2.506676 ^ _1577_/A2 (sky130_fd_sc_hd__o211a_2)
     1    0.006857    0.061225    0.174527    2.681204 ^ _1577_/X (sky130_fd_sc_hd__o211a_2)
                                                         _0727_ (net)
                      0.061229    0.000519    2.681723 ^ _1578_/C1 (sky130_fd_sc_hd__a211o_4)
     2    0.010084    0.040722    0.102591    2.784313 ^ _1578_/X (sky130_fd_sc_hd__a211o_4)
                                                         net86 (net)
                      0.040738    0.000729    2.785043 ^ output86/A (sky130_fd_sc_hd__buf_8)
     1    0.034942    0.067684    0.114971    2.900014 ^ output86/X (sky130_fd_sc_hd__buf_8)
                                                         result[25] (net)
                      0.067787    0.001762    2.901775 ^ result[25] (out)
                                              2.901775   data arrival time

                      0.000000    0.000000    0.000000   clock __VIRTUAL_CLK__ (rise edge)
                                  0.000000    0.000000   clock network delay (ideal)
                                  0.250000    0.250000   clock uncertainty
                                  0.000000    0.250000   clock reconvergence pessimism
                                 -2.000000   -1.750000   output external delay
                                             -1.750000   data required time
---------------------------------------------------------------------------------------------
                                             -1.750000   data required time
                                             -2.901775   data arrival time
---------------------------------------------------------------------------------------------
                                              4.651775   slack (MET)


Startpoint: A[5] (input port clocked by __VIRTUAL_CLK__)
Endpoint: result[5] (output port clocked by __VIRTUAL_CLK__)
Path Group: __VIRTUAL_CLK__
Path Type: min

Fanout         Cap        Slew       Delay        Time   Description
---------------------------------------------------------------------------------------------
                      0.000000    0.000000    0.000000   clock __VIRTUAL_CLK__ (rise edge)
                                  0.000000    0.000000   clock network delay (ideal)
                                  2.000000    2.000000 ^ input external delay
     1    0.004620    0.027639    0.016694    2.016694 ^ A[5] (in)
                                                         A[5] (net)
                      0.027641    0.000000    2.016694 ^ input28/A (sky130_fd_sc_hd__clkbuf_2)
     3    0.019571    0.112501    0.146454    2.163148 ^ input28/X (sky130_fd_sc_hd__clkbuf_2)
                                                         net28 (net)
                      0.112549    0.001897    2.165045 ^ fanout205/A (sky130_fd_sc_hd__buf_6)
     2    0.018590    0.048793    0.125933    2.290978 ^ fanout205/X (sky130_fd_sc_hd__buf_6)
                                                         net205 (net)
                      0.048833    0.001277    2.292256 ^ _0952_/B (sky130_fd_sc_hd__xnor2_4)
     3    0.019300    0.061360    0.080998    2.373254 v _0952_/Y (sky130_fd_sc_hd__xnor2_4)
                                                         _0127_ (net)
                      0.061437    0.001710    2.374964 v _1208_/A (sky130_fd_sc_hd__xnor2_2)
     1    0.004548    0.041421    0.154839    2.529802 ^ _1208_/Y (sky130_fd_sc_hd__xnor2_2)
                                                         _0378_ (net)
                      0.041422    0.000310    2.530113 ^ _1209_/B1 (sky130_fd_sc_hd__a22o_2)
     1    0.005439    0.044514    0.125970    2.656083 ^ _1209_/X (sky130_fd_sc_hd__a22o_2)
                                                         _0379_ (net)
                      0.044517    0.000359    2.656441 ^ _1210_/C (sky130_fd_sc_hd__or3_4)
     2    0.010668    0.045439    0.119574    2.776015 ^ _1210_/X (sky130_fd_sc_hd__or3_4)
                                                         net96 (net)
                      0.045453    0.000749    2.776764 ^ output96/A (sky130_fd_sc_hd__buf_6)
     1    0.035489    0.079185    0.126017    2.902781 ^ output96/X (sky130_fd_sc_hd__buf_6)
                                                         result[5] (net)
                      0.079310    0.002143    2.904924 ^ result[5] (out)
                                              2.904924   data arrival time

                      0.000000    0.000000    0.000000   clock __VIRTUAL_CLK__ (rise edge)
                                  0.000000    0.000000   clock network delay (ideal)
                                  0.250000    0.250000   clock uncertainty
                                  0.000000    0.250000   clock reconvergence pessimism
                                 -2.000000   -1.750000   output external delay
                                             -1.750000   data required time
---------------------------------------------------------------------------------------------
                                             -1.750000   data required time
                                             -2.904924   data arrival time
---------------------------------------------------------------------------------------------
                                              4.654924   slack (MET)


Startpoint: B[8] (input port clocked by __VIRTUAL_CLK__)
Endpoint: result[9] (output port clocked by __VIRTUAL_CLK__)
Path Group: __VIRTUAL_CLK__
Path Type: min

Fanout         Cap        Slew       Delay        Time   Description
---------------------------------------------------------------------------------------------
                      0.000000    0.000000    0.000000   clock __VIRTUAL_CLK__ (rise edge)
                                  0.000000    0.000000   clock network delay (ideal)
                                  2.000000    2.000000 v input external delay
     1    0.003486    0.010212    0.005638    2.005638 v B[8] (in)
                                                         B[8] (net)
                      0.010215    0.000000    2.005638 v input63/A (sky130_fd_sc_hd__clkdlybuf4s25_1)
     4    0.019037    0.148920    0.318692    2.324331 v input63/X (sky130_fd_sc_hd__clkdlybuf4s25_1)
                                                         net63 (net)
                      0.148928    0.001176    2.325507 v _1013_/A (sky130_fd_sc_hd__nand2_4)
     5    0.028862    0.100222    0.142194    2.467700 ^ _1013_/Y (sky130_fd_sc_hd__nand2_4)
                                                         _0188_ (net)
                      0.100235    0.000925    2.468625 ^ _1290_/A2 (sky130_fd_sc_hd__o2111a_2)
     1    0.004097    0.046817    0.189761    2.658386 ^ _1290_/X (sky130_fd_sc_hd__o2111a_2)
                                                         _0456_ (net)
                      0.046817    0.000264    2.658650 ^ _1291_/B (sky130_fd_sc_hd__or3_4)
     2    0.009453    0.042339    0.120305    2.778955 ^ _1291_/X (sky130_fd_sc_hd__or3_4)
                                                         net100 (net)
                      0.042353    0.000706    2.779661 ^ output100/A (sky130_fd_sc_hd__buf_6)
     1    0.035803    0.079459    0.125382    2.905043 ^ output100/X (sky130_fd_sc_hd__buf_6)
                                                         result[9] (net)
                      0.079570    0.001992    2.907035 ^ result[9] (out)
                                              2.907035   data arrival time

                      0.000000    0.000000    0.000000   clock __VIRTUAL_CLK__ (rise edge)
                                  0.000000    0.000000   clock network delay (ideal)
                                  0.250000    0.250000   clock uncertainty
                                  0.000000    0.250000   clock reconvergence pessimism
                                 -2.000000   -1.750000   output external delay
                                             -1.750000   data required time
---------------------------------------------------------------------------------------------
                                             -1.750000   data required time
                                             -2.907035   data arrival time
---------------------------------------------------------------------------------------------
                                              4.657035   slack (MET)


Startpoint: B[13] (input port clocked by __VIRTUAL_CLK__)
Endpoint: result[13] (output port clocked by __VIRTUAL_CLK__)
Path Group: __VIRTUAL_CLK__
Path Type: min

Fanout         Cap        Slew       Delay        Time   Description
---------------------------------------------------------------------------------------------
                      0.000000    0.000000    0.000000   clock __VIRTUAL_CLK__ (rise edge)
                                  0.000000    0.000000   clock network delay (ideal)
                                  2.000000    2.000000 v input external delay
     1    0.003002    0.009087    0.004815    2.004815 v B[13] (in)
                                                         B[13] (net)
                      0.009093    0.000000    2.004815 v input37/A (sky130_fd_sc_hd__dlymetal6s2s_1)
     4    0.030197    0.153852    0.219805    2.224620 v input37/X (sky130_fd_sc_hd__dlymetal6s2s_1)
                                                         net37 (net)
                      0.153884    0.002184    2.226804 v _0992_/A (sky130_fd_sc_hd__xnor2_4)
     3    0.012930    0.047608    0.194879    2.421683 v _0992_/Y (sky130_fd_sc_hd__xnor2_4)
                                                         _0167_ (net)
                      0.047626    0.000813    2.422496 v _1026_/A (sky130_fd_sc_hd__nand2_2)
     1    0.002076    0.025864    0.045516    2.468011 ^ _1026_/Y (sky130_fd_sc_hd__nand2_2)
                                                         _0201_ (net)
                      0.025864    0.000136    2.468148 ^ _1351_/A (sky130_fd_sc_hd__and3_2)
     1    0.003728    0.046342    0.152441    2.620588 ^ _1351_/X (sky130_fd_sc_hd__and3_2)
                                                         _0513_ (net)
                      0.046355    0.000247    2.620836 ^ _1367_/A2 (sky130_fd_sc_hd__a211o_2)
     2    0.012879    0.067728    0.153402    2.774238 ^ _1367_/X (sky130_fd_sc_hd__a211o_2)
                                                         net73 (net)
                      0.067735    0.000766    2.775004 ^ output73/A (sky130_fd_sc_hd__buf_6)
     1    0.035581    0.079400    0.133917    2.908920 ^ output73/X (sky130_fd_sc_hd__buf_6)
                                                         result[13] (net)
                      0.079511    0.001986    2.910906 ^ result[13] (out)
                                              2.910906   data arrival time

                      0.000000    0.000000    0.000000   clock __VIRTUAL_CLK__ (rise edge)
                                  0.000000    0.000000   clock network delay (ideal)
                                  0.250000    0.250000   clock uncertainty
                                  0.000000    0.250000   clock reconvergence pessimism
                                 -2.000000   -1.750000   output external delay
                                             -1.750000   data required time
---------------------------------------------------------------------------------------------
                                             -1.750000   data required time
                                             -2.910906   data arrival time
---------------------------------------------------------------------------------------------
                                              4.660905   slack (MET)


Startpoint: B[8] (input port clocked by __VIRTUAL_CLK__)
Endpoint: result[8] (output port clocked by __VIRTUAL_CLK__)
Path Group: __VIRTUAL_CLK__
Path Type: min

Fanout         Cap        Slew       Delay        Time   Description
---------------------------------------------------------------------------------------------
                      0.000000    0.000000    0.000000   clock __VIRTUAL_CLK__ (rise edge)
                                  0.000000    0.000000   clock network delay (ideal)
                                  2.000000    2.000000 ^ input external delay
     1    0.003711    0.023692    0.013559    2.013559 ^ B[8] (in)
                                                         B[8] (net)
                      0.023693    0.000000    2.013559 ^ input63/A (sky130_fd_sc_hd__clkdlybuf4s25_1)
     4    0.020159    0.209307    0.354935    2.368494 ^ input63/X (sky130_fd_sc_hd__clkdlybuf4s25_1)
                                                         net63 (net)
                      0.209309    0.001131    2.369625 ^ _1014_/A (sky130_fd_sc_hd__or2_4)
     3    0.016888    0.063133    0.186733    2.556357 ^ _1014_/X (sky130_fd_sc_hd__or2_4)
                                                         _0189_ (net)
                      0.063134    0.000430    2.556787 ^ _1263_/A2 (sky130_fd_sc_hd__a211o_2)
     1    0.003399    0.028050    0.122525    2.679312 ^ _1263_/X (sky130_fd_sc_hd__a211o_2)
                                                         _0430_ (net)
                      0.028052    0.000251    2.679562 ^ _1271_/B (sky130_fd_sc_hd__or4b_4)
     2    0.013622    0.053524    0.127206    2.806768 ^ _1271_/X (sky130_fd_sc_hd__or4b_4)
                                                         net99 (net)
                      0.053551    0.001112    2.807880 ^ output99/A (sky130_fd_sc_hd__buf_8)
     1    0.035982    0.068438    0.119862    2.927742 ^ output99/X (sky130_fd_sc_hd__buf_8)
                                                         result[8] (net)
                      0.068563    0.002006    2.929748 ^ result[8] (out)
                                              2.929748   data arrival time

                      0.000000    0.000000    0.000000   clock __VIRTUAL_CLK__ (rise edge)
                                  0.000000    0.000000   clock network delay (ideal)
                                  0.250000    0.250000   clock uncertainty
                                  0.000000    0.250000   clock reconvergence pessimism
                                 -2.000000   -1.750000   output external delay
                                             -1.750000   data required time
---------------------------------------------------------------------------------------------
                                             -1.750000   data required time
                                             -2.929748   data arrival time
---------------------------------------------------------------------------------------------
                                              4.679748   slack (MET)


Startpoint: B[20] (input port clocked by __VIRTUAL_CLK__)
Endpoint: result[20] (output port clocked by __VIRTUAL_CLK__)
Path Group: __VIRTUAL_CLK__
Path Type: min

Fanout         Cap        Slew       Delay        Time   Description
---------------------------------------------------------------------------------------------
                      0.000000    0.000000    0.000000   clock __VIRTUAL_CLK__ (rise edge)
                                  0.000000    0.000000   clock network delay (ideal)
                                  2.000000    2.000000 ^ input external delay
     1    0.003551    0.022995    0.012995    2.012995 ^ B[20] (in)
                                                         B[20] (net)
                      0.022996    0.000000    2.012995 ^ input45/A (sky130_fd_sc_hd__clkdlybuf4s25_1)
     5    0.020426    0.211906    0.356446    2.369442 ^ input45/X (sky130_fd_sc_hd__clkdlybuf4s25_1)
                                                         net45 (net)
                      0.211915    0.001579    2.371021 ^ _1492_/A1 (sky130_fd_sc_hd__a31o_2)
     1    0.002628    0.037422    0.178909    2.549930 ^ _1492_/X (sky130_fd_sc_hd__a31o_2)
                                                         _0647_ (net)
                      0.037422    0.000122    2.550052 ^ _1493_/C1 (sky130_fd_sc_hd__a211o_2)
     1    0.003160    0.026963    0.083020    2.633072 ^ _1493_/X (sky130_fd_sc_hd__a211o_2)
                                                         _0648_ (net)
                      0.026965    0.000222    2.633293 ^ _1494_/B1 (sky130_fd_sc_hd__a21o_2)
     1    0.007312    0.045592    0.089091    2.722384 ^ _1494_/X (sky130_fd_sc_hd__a21o_2)
                                                         _0649_ (net)
                      0.045598    0.000560    2.722944 ^ _1495_/C1 (sky130_fd_sc_hd__a211o_4)
     2    0.012872    0.047334    0.103130    2.826073 ^ _1495_/X (sky130_fd_sc_hd__a211o_4)
                                                         net81 (net)
                      0.047340    0.000567    2.826641 ^ output81/A (sky130_fd_sc_hd__buf_8)
     1    0.034594    0.066331    0.116219    2.942860 ^ output81/X (sky130_fd_sc_hd__buf_8)
                                                         result[20] (net)
                      0.066435    0.001757    2.944618 ^ result[20] (out)
                                              2.944618   data arrival time

                      0.000000    0.000000    0.000000   clock __VIRTUAL_CLK__ (rise edge)
                                  0.000000    0.000000   clock network delay (ideal)
                                  0.250000    0.250000   clock uncertainty
                                  0.000000    0.250000   clock reconvergence pessimism
                                 -2.000000   -1.750000   output external delay
                                             -1.750000   data required time
---------------------------------------------------------------------------------------------
                                             -1.750000   data required time
                                             -2.944618   data arrival time
---------------------------------------------------------------------------------------------
                                              4.694618   slack (MET)


Startpoint: B[22] (input port clocked by __VIRTUAL_CLK__)
Endpoint: result[22] (output port clocked by __VIRTUAL_CLK__)
Path Group: __VIRTUAL_CLK__
Path Type: min

Fanout         Cap        Slew       Delay        Time   Description
---------------------------------------------------------------------------------------------
                      0.000000    0.000000    0.000000   clock __VIRTUAL_CLK__ (rise edge)
                                  0.000000    0.000000   clock network delay (ideal)
                                  2.000000    2.000000 v input external delay
     1    0.004970    0.013569    0.008131    2.008131 v B[22] (in)
                                                         B[22] (net)
                      0.013574    0.000000    2.008131 v input47/A (sky130_fd_sc_hd__clkdlybuf4s25_1)
     4    0.018500    0.145143    0.316991    2.325123 v input47/X (sky130_fd_sc_hd__clkdlybuf4s25_1)
                                                         net47 (net)
                      0.145154    0.001316    2.326439 v _0934_/A (sky130_fd_sc_hd__nand2_2)
     5    0.022295    0.126967    0.160092    2.486531 ^ _0934_/Y (sky130_fd_sc_hd__nand2_2)
                                                         _0109_ (net)
                      0.127026    0.001140    2.487671 ^ _1516_/B1 (sky130_fd_sc_hd__a32o_2)
     2    0.007628    0.063777    0.157422    2.645093 ^ _1516_/X (sky130_fd_sc_hd__a32o_2)
                                                         _0669_ (net)
                      0.063778    0.000434    2.645527 ^ _1530_/A3 (sky130_fd_sc_hd__a31o_2)
     2    0.007499    0.054252    0.169754    2.815281 ^ _1530_/X (sky130_fd_sc_hd__a31o_2)
                                                         net83 (net)
                      0.054253    0.000296    2.815577 ^ output83/A (sky130_fd_sc_hd__buf_6)
     1    0.035018    0.077991    0.128748    2.944325 ^ output83/X (sky130_fd_sc_hd__buf_6)
                                                         result[22] (net)
                      0.078092    0.001842    2.946167 ^ result[22] (out)
                                              2.946167   data arrival time

                      0.000000    0.000000    0.000000   clock __VIRTUAL_CLK__ (rise edge)
                                  0.000000    0.000000   clock network delay (ideal)
                                  0.250000    0.250000   clock uncertainty
                                  0.000000    0.250000   clock reconvergence pessimism
                                 -2.000000   -1.750000   output external delay
                                             -1.750000   data required time
---------------------------------------------------------------------------------------------
                                             -1.750000   data required time
                                             -2.946167   data arrival time
---------------------------------------------------------------------------------------------
                                              4.696167   slack (MET)


Startpoint: B[20] (input port clocked by __VIRTUAL_CLK__)
Endpoint: result[21] (output port clocked by __VIRTUAL_CLK__)
Path Group: __VIRTUAL_CLK__
Path Type: min

Fanout         Cap        Slew       Delay        Time   Description
---------------------------------------------------------------------------------------------
                      0.000000    0.000000    0.000000   clock __VIRTUAL_CLK__ (rise edge)
                                  0.000000    0.000000   clock network delay (ideal)
                                  2.000000    2.000000 ^ input external delay
     1    0.003551    0.022995    0.012995    2.012995 ^ B[20] (in)
                                                         B[20] (net)
                      0.022996    0.000000    2.012995 ^ input45/A (sky130_fd_sc_hd__clkdlybuf4s25_1)
     5    0.020426    0.211906    0.356446    2.369442 ^ input45/X (sky130_fd_sc_hd__clkdlybuf4s25_1)
                                                         net45 (net)
                      0.211911    0.001303    2.370744 ^ _1508_/A1 (sky130_fd_sc_hd__a211o_2)
     1    0.002972    0.027672    0.162387    2.533131 ^ _1508_/X (sky130_fd_sc_hd__a211o_2)
                                                         _0662_ (net)
                      0.027682    0.000213    2.533343 ^ _1513_/A2 (sky130_fd_sc_hd__a41o_2)
     1    0.004580    0.037194    0.174547    2.707891 ^ _1513_/X (sky130_fd_sc_hd__a41o_2)
                                                         _0667_ (net)
                      0.037195    0.000199    2.708090 ^ _1514_/B1 (sky130_fd_sc_hd__a41o_2)
     2    0.009765    0.059877    0.109694    2.817784 ^ _1514_/X (sky130_fd_sc_hd__a41o_2)
                                                         net82 (net)
                      0.059882    0.000584    2.818368 ^ output82/A (sky130_fd_sc_hd__buf_6)
     1    0.034600    0.077245    0.130147    2.948515 ^ output82/X (sky130_fd_sc_hd__buf_6)
                                                         result[21] (net)
                      0.077335    0.001697    2.950212 ^ result[21] (out)
                                              2.950212   data arrival time

                      0.000000    0.000000    0.000000   clock __VIRTUAL_CLK__ (rise edge)
                                  0.000000    0.000000   clock network delay (ideal)
                                  0.250000    0.250000   clock uncertainty
                                  0.000000    0.250000   clock reconvergence pessimism
                                 -2.000000   -1.750000   output external delay
                                             -1.750000   data required time
---------------------------------------------------------------------------------------------
                                             -1.750000   data required time
                                             -2.950212   data arrival time
---------------------------------------------------------------------------------------------
                                              4.700212   slack (MET)


Startpoint: B[28] (input port clocked by __VIRTUAL_CLK__)
Endpoint: result[28] (output port clocked by __VIRTUAL_CLK__)
Path Group: __VIRTUAL_CLK__
Path Type: min

Fanout         Cap        Slew       Delay        Time   Description
---------------------------------------------------------------------------------------------
                      0.000000    0.000000    0.000000   clock __VIRTUAL_CLK__ (rise edge)
                                  0.000000    0.000000   clock network delay (ideal)
                                  2.000000    2.000000 v input external delay
     1    0.003699    0.010705    0.006005    2.006005 v B[28] (in)
                                                         B[28] (net)
                      0.010708    0.000000    2.006005 v input53/A (sky130_fd_sc_hd__clkdlybuf4s25_1)
     4    0.016438    0.130921    0.304863    2.310868 v input53/X (sky130_fd_sc_hd__clkdlybuf4s25_1)
                                                         net53 (net)
                      0.130929    0.001136    2.312004 v _0905_/A (sky130_fd_sc_hd__nor2_2)
     2    0.008669    0.118532    0.169794    2.481798 ^ _0905_/Y (sky130_fd_sc_hd__nor2_2)
                                                         _0080_ (net)
                      0.118533    0.000550    2.482348 ^ _0906_/B (sky130_fd_sc_hd__nor2_2)
     7    0.035722    0.088768    0.110542    2.592890 v _0906_/Y (sky130_fd_sc_hd__nor2_2)
                                                         _0081_ (net)
                      0.088941    0.003197    2.596087 v _1608_/A (sky130_fd_sc_hd__nand2_2)
     1    0.006394    0.050248    0.078771    2.674858 ^ _1608_/Y (sky130_fd_sc_hd__nand2_2)
                                                         _0755_ (net)
                      0.050261    0.000494    2.675352 ^ _1625_/A3 (sky130_fd_sc_hd__a31o_4)
     2    0.011219    0.048774    0.159456    2.834808 ^ _1625_/X (sky130_fd_sc_hd__a31o_4)
                                                         net89 (net)
                      0.048788    0.000765    2.835573 ^ output89/A (sky130_fd_sc_hd__buf_8)
     1    0.034778    0.067441    0.117615    2.953188 ^ output89/X (sky130_fd_sc_hd__buf_8)
                                                         result[28] (net)
                      0.067544    0.001753    2.954942 ^ result[28] (out)
                                              2.954942   data arrival time

                      0.000000    0.000000    0.000000   clock __VIRTUAL_CLK__ (rise edge)
                                  0.000000    0.000000   clock network delay (ideal)
                                  0.250000    0.250000   clock uncertainty
                                  0.000000    0.250000   clock reconvergence pessimism
                                 -2.000000   -1.750000   output external delay
                                             -1.750000   data required time
---------------------------------------------------------------------------------------------
                                             -1.750000   data required time
                                             -2.954942   data arrival time
---------------------------------------------------------------------------------------------
                                              4.704941   slack (MET)


Startpoint: B[22] (input port clocked by __VIRTUAL_CLK__)
Endpoint: result[23] (output port clocked by __VIRTUAL_CLK__)
Path Group: __VIRTUAL_CLK__
Path Type: min

Fanout         Cap        Slew       Delay        Time   Description
---------------------------------------------------------------------------------------------
                      0.000000    0.000000    0.000000   clock __VIRTUAL_CLK__ (rise edge)
                                  0.000000    0.000000   clock network delay (ideal)
                                  2.000000    2.000000 ^ input external delay
     1    0.005195    0.030118    0.018571    2.018571 ^ B[22] (in)
                                                         B[22] (net)
                      0.030120    0.000000    2.018571 ^ input47/A (sky130_fd_sc_hd__clkdlybuf4s25_1)
     4    0.019205    0.200085    0.350539    2.369110 ^ input47/X (sky130_fd_sc_hd__clkdlybuf4s25_1)
                                                         net47 (net)
                      0.200091    0.001368    2.370477 ^ _0934_/A (sky130_fd_sc_hd__nand2_2)
     5    0.021159    0.110274    0.134149    2.504626 v _0934_/Y (sky130_fd_sc_hd__nand2_2)
                                                         _0109_ (net)
                      0.110290    0.001078    2.505705 v _1533_/A (sky130_fd_sc_hd__nand3_2)
     1    0.003247    0.044982    0.078271    2.583975 ^ _1533_/Y (sky130_fd_sc_hd__nand3_2)
                                                         _0685_ (net)
                      0.044983    0.000222    2.584197 ^ _1544_/A2 (sky130_fd_sc_hd__a31o_2)
     1    0.005854    0.046605    0.153241    2.737438 ^ _1544_/X (sky130_fd_sc_hd__a31o_2)
                                                         _0696_ (net)
                      0.046609    0.000430    2.737869 ^ _1545_/C1 (sky130_fd_sc_hd__a211o_4)
     2    0.010444    0.041233    0.098336    2.836204 ^ _1545_/X (sky130_fd_sc_hd__a211o_4)
                                                         net84 (net)
                      0.041246    0.000670    2.836874 ^ output84/A (sky130_fd_sc_hd__buf_6)
     1    0.034672    0.077365    0.123531    2.960406 ^ output84/X (sky130_fd_sc_hd__buf_6)
                                                         result[23] (net)
                      0.077467    0.001847    2.962252 ^ result[23] (out)
                                              2.962252   data arrival time

                      0.000000    0.000000    0.000000   clock __VIRTUAL_CLK__ (rise edge)
                                  0.000000    0.000000   clock network delay (ideal)
                                  0.250000    0.250000   clock uncertainty
                                  0.000000    0.250000   clock reconvergence pessimism
                                 -2.000000   -1.750000   output external delay
                                             -1.750000   data required time
---------------------------------------------------------------------------------------------
                                             -1.750000   data required time
                                             -2.962252   data arrival time
---------------------------------------------------------------------------------------------
                                              4.712252   slack (MET)


Startpoint: B[18] (input port clocked by __VIRTUAL_CLK__)
Endpoint: result[19] (output port clocked by __VIRTUAL_CLK__)
Path Group: __VIRTUAL_CLK__
Path Type: min

Fanout         Cap        Slew       Delay        Time   Description
---------------------------------------------------------------------------------------------
                      0.000000    0.000000    0.000000   clock __VIRTUAL_CLK__ (rise edge)
                                  0.000000    0.000000   clock network delay (ideal)
                                  2.000000    2.000000 v input external delay
     1    0.003561    0.010384    0.005773    2.005773 v B[18] (in)
                                                         B[18] (net)
                      0.010387    0.000000    2.005773 v input42/A (sky130_fd_sc_hd__clkdlybuf4s25_1)
     3    0.009724    0.084699    0.268817    2.274590 v input42/X (sky130_fd_sc_hd__clkdlybuf4s25_1)
                                                         net42 (net)
                      0.084702    0.000619    2.275209 v _1042_/A (sky130_fd_sc_hd__nand2_2)
     5    0.022474    0.123580    0.133636    2.408845 ^ _1042_/Y (sky130_fd_sc_hd__nand2_2)
                                                         _0217_ (net)
                      0.123602    0.001343    2.410188 ^ _1466_/A1 (sky130_fd_sc_hd__a311o_2)
     1    0.011698    0.070244    0.212703    2.622891 ^ _1466_/X (sky130_fd_sc_hd__a311o_2)
                                                         _0622_ (net)
                      0.070257    0.000968    2.623859 ^ _1476_/B (sky130_fd_sc_hd__nand3b_4)
     2    0.012846    0.066576    0.089300    2.713159 v _1476_/Y (sky130_fd_sc_hd__nand3b_4)
                                                         net79 (net)
                      0.066581    0.001090    2.714249 v rebuffer443/A (sky130_fd_sc_hd__buf_6)
     1    0.007640    0.023720    0.122127    2.836376 v rebuffer443/X (sky130_fd_sc_hd__buf_6)
                                                         net443 (net)
                      0.023720    0.000362    2.836739 v output79/A (sky130_fd_sc_hd__buf_8)
     1    0.034953    0.040840    0.124286    2.961024 v output79/X (sky130_fd_sc_hd__buf_8)
                                                         result[19] (net)
                      0.040963    0.001937    2.962961 v result[19] (out)
                                              2.962961   data arrival time

                      0.000000    0.000000    0.000000   clock __VIRTUAL_CLK__ (rise edge)
                                  0.000000    0.000000   clock network delay (ideal)
                                  0.250000    0.250000   clock uncertainty
                                  0.000000    0.250000   clock reconvergence pessimism
                                 -2.000000   -1.750000   output external delay
                                             -1.750000   data required time
---------------------------------------------------------------------------------------------
                                             -1.750000   data required time
                                             -2.962961   data arrival time
---------------------------------------------------------------------------------------------
                                              4.712961   slack (MET)


Startpoint: B[25] (input port clocked by __VIRTUAL_CLK__)
Endpoint: result[26] (output port clocked by __VIRTUAL_CLK__)
Path Group: __VIRTUAL_CLK__
Path Type: min

Fanout         Cap        Slew       Delay        Time   Description
---------------------------------------------------------------------------------------------
                      0.000000    0.000000    0.000000   clock __VIRTUAL_CLK__ (rise edge)
                                  0.000000    0.000000   clock network delay (ideal)
                                  2.000000    2.000000 v input external delay
     1    0.004480    0.012491    0.007334    2.007334 v B[25] (in)
                                                         B[25] (net)
                      0.012495    0.000000    2.007334 v input50/A (sky130_fd_sc_hd__clkdlybuf4s25_1)
     4    0.017822    0.140323    0.313306    2.320640 v input50/X (sky130_fd_sc_hd__clkdlybuf4s25_1)
                                                         net50 (net)
                      0.140323    0.000258    2.320899 v _0923_/A1 (sky130_fd_sc_hd__o21a_2)
     3    0.016704    0.057113    0.280497    2.601396 v _0923_/X (sky130_fd_sc_hd__o21a_2)
                                                         _0098_ (net)
                      0.057131    0.000970    2.602365 v _1579_/B (sky130_fd_sc_hd__nand3_2)
     1    0.006900    0.057020    0.081460    2.683825 ^ _1579_/Y (sky130_fd_sc_hd__nand3_2)
                                                         _0728_ (net)
                      0.057021    0.000498    2.684323 ^ _1593_/A3 (sky130_fd_sc_hd__a31o_4)
     2    0.013480    0.055077    0.167137    2.851460 ^ _1593_/X (sky130_fd_sc_hd__a31o_4)
                                                         net87 (net)
                      0.055094    0.000906    2.852366 ^ output87/A (sky130_fd_sc_hd__buf_8)
     1    0.035171    0.067220    0.119518    2.971884 ^ output87/X (sky130_fd_sc_hd__buf_8)
                                                         result[26] (net)
                      0.067336    0.001911    2.973796 ^ result[26] (out)
                                              2.973796   data arrival time

                      0.000000    0.000000    0.000000   clock __VIRTUAL_CLK__ (rise edge)
                                  0.000000    0.000000   clock network delay (ideal)
                                  0.250000    0.250000   clock uncertainty
                                  0.000000    0.250000   clock reconvergence pessimism
                                 -2.000000   -1.750000   output external delay
                                             -1.750000   data required time
---------------------------------------------------------------------------------------------
                                             -1.750000   data required time
                                             -2.973796   data arrival time
---------------------------------------------------------------------------------------------
                                              4.723796   slack (MET)


Startpoint: B[30] (input port clocked by __VIRTUAL_CLK__)
Endpoint: zero (output port clocked by __VIRTUAL_CLK__)
Path Group: __VIRTUAL_CLK__
Path Type: min

Fanout         Cap        Slew       Delay        Time   Description
---------------------------------------------------------------------------------------------
                      0.000000    0.000000    0.000000   clock __VIRTUAL_CLK__ (rise edge)
                                  0.000000    0.000000   clock network delay (ideal)
                                  2.000000    2.000000 ^ input external delay
     1    0.003604    0.023228    0.013185    2.013185 ^ B[30] (in)
                                                         B[30] (net)
                      0.023229    0.000000    2.013185 ^ input56/A (sky130_fd_sc_hd__clkdlybuf4s25_1)
     3    0.011405    0.124762    0.295029    2.308214 ^ input56/X (sky130_fd_sc_hd__clkdlybuf4s25_1)
                                                         net56 (net)
                      0.124768    0.000997    2.309211 ^ _0890_/A (sky130_fd_sc_hd__nand2_2)
     4    0.014661    0.074643    0.096142    2.405353 v _0890_/Y (sky130_fd_sc_hd__nand2_2)
                                                         _0065_ (net)
                      0.074664    0.000983    2.406336 v _1654_/B (sky130_fd_sc_hd__nand3b_2)
     1    0.002759    0.041205    0.075967    2.482304 ^ _1654_/Y (sky130_fd_sc_hd__nand3b_2)
                                                         _0798_ (net)
                      0.041205    0.000129    2.482433 ^ _1656_/B (sky130_fd_sc_hd__and3_4)
     1    0.007692    0.052190    0.177065    2.659498 ^ _1656_/X (sky130_fd_sc_hd__and3_4)
                                                         _0800_ (net)
                      0.052203    0.000559    2.660057 ^ _1668_/C (sky130_fd_sc_hd__or4_4)
     2    0.017703    0.063317    0.141431    2.801488 ^ _1668_/X (sky130_fd_sc_hd__or4_4)
                                                         net93 (net)
                      0.063347    0.001272    2.802760 ^ _1682_/B (sky130_fd_sc_hd__nor4_4)
     1    0.004726    0.019573    0.046120    2.848880 v _1682_/Y (sky130_fd_sc_hd__nor4_4)
                                                         net101 (net)
                      0.019573    0.000224    2.849104 v output101/A (sky130_fd_sc_hd__buf_6)
     1    0.036362    0.045755    0.126280    2.975384 v output101/X (sky130_fd_sc_hd__buf_6)
                                                         zero (net)
                      0.045882    0.002084    2.977467 v zero (out)
                                              2.977467   data arrival time

                      0.000000    0.000000    0.000000   clock __VIRTUAL_CLK__ (rise edge)
                                  0.000000    0.000000   clock network delay (ideal)
                                  0.250000    0.250000   clock uncertainty
                                  0.000000    0.250000   clock reconvergence pessimism
                                 -2.000000   -1.750000   output external delay
                                             -1.750000   data required time
---------------------------------------------------------------------------------------------
                                             -1.750000   data required time
                                             -2.977467   data arrival time
---------------------------------------------------------------------------------------------
                                              4.727468   slack (MET)


Startpoint: B[12] (input port clocked by __VIRTUAL_CLK__)
Endpoint: result[12] (output port clocked by __VIRTUAL_CLK__)
Path Group: __VIRTUAL_CLK__
Path Type: min

Fanout         Cap        Slew       Delay        Time   Description
---------------------------------------------------------------------------------------------
                      0.000000    0.000000    0.000000   clock __VIRTUAL_CLK__ (rise edge)
                                  0.000000    0.000000   clock network delay (ideal)
                                  2.000000    2.000000 v input external delay
     1    0.003850    0.011050    0.006259    2.006259 v B[12] (in)
                                                         B[12] (net)
                      0.011053    0.000000    2.006259 v input36/A (sky130_fd_sc_hd__clkdlybuf4s25_1)
     3    0.013156    0.108194    0.287542    2.293802 v input36/X (sky130_fd_sc_hd__clkdlybuf4s25_1)
                                                         net36 (net)
                      0.108198    0.000799    2.294600 v _0994_/A (sky130_fd_sc_hd__nand2_4)
     2    0.021926    0.077323    0.111422    2.406022 ^ _0994_/Y (sky130_fd_sc_hd__nand2_4)
                                                         _0169_ (net)
                      0.077374    0.000997    2.407019 ^ _0995_/B (sky130_fd_sc_hd__nand2_8)
     7    0.028100    0.051196    0.069617    2.476636 v _0995_/Y (sky130_fd_sc_hd__nand2_8)
                                                         _0170_ (net)
                      0.051324    0.001952    2.478588 v _1336_/A1 (sky130_fd_sc_hd__a311oi_2)
     1    0.004132    0.146585    0.202205    2.680794 ^ _1336_/Y (sky130_fd_sc_hd__a311oi_2)
                                                         _0499_ (net)
                      0.146585    0.000273    2.681067 ^ _1348_/B (sky130_fd_sc_hd__or3_4)
     2    0.014338    0.055207    0.166552    2.847619 ^ _1348_/X (sky130_fd_sc_hd__or3_4)
                                                         net72 (net)
                      0.055222    0.000890    2.848508 ^ output72/A (sky130_fd_sc_hd__buf_6)
     1    0.035119    0.078184    0.129202    2.977711 ^ output72/X (sky130_fd_sc_hd__buf_6)
                                                         result[12] (net)
                      0.078284    0.001841    2.979552 ^ result[12] (out)
                                              2.979552   data arrival time

                      0.000000    0.000000    0.000000   clock __VIRTUAL_CLK__ (rise edge)
                                  0.000000    0.000000   clock network delay (ideal)
                                  0.250000    0.250000   clock uncertainty
                                  0.000000    0.250000   clock reconvergence pessimism
                                 -2.000000   -1.750000   output external delay
                                             -1.750000   data required time
---------------------------------------------------------------------------------------------
                                             -1.750000   data required time
                                             -2.979552   data arrival time
---------------------------------------------------------------------------------------------
                                              4.729552   slack (MET)


Startpoint: B[16] (input port clocked by __VIRTUAL_CLK__)
Endpoint: result[17] (output port clocked by __VIRTUAL_CLK__)
Path Group: __VIRTUAL_CLK__
Path Type: min

Fanout         Cap        Slew       Delay        Time   Description
---------------------------------------------------------------------------------------------
                      0.000000    0.000000    0.000000   clock __VIRTUAL_CLK__ (rise edge)
                                  0.000000    0.000000   clock network delay (ideal)
                                  2.000000    2.000000 v input external delay
     1    0.003099    0.009308    0.004985    2.004985 v B[16] (in)
                                                         B[16] (net)
                      0.009316    0.000000    2.004985 v input40/A (sky130_fd_sc_hd__clkdlybuf4s25_1)
     3    0.014803    0.119706    0.295360    2.300345 v input40/X (sky130_fd_sc_hd__clkdlybuf4s25_1)
                                                         net40 (net)
                      0.119722    0.001400    2.301745 v _0828_/A (sky130_fd_sc_hd__inv_2)
     2    0.005092    0.045669    0.076745    2.378490 ^ _0828_/Y (sky130_fd_sc_hd__inv_2)
                                                         _0003_ (net)
                      0.045669    0.000183    2.378673 ^ _1426_/A1 (sky130_fd_sc_hd__a21o_2)
     1    0.003985    0.033372    0.110994    2.489667 ^ _1426_/X (sky130_fd_sc_hd__a21o_2)
                                                         _0584_ (net)
                      0.033372    0.000268    2.489935 ^ _1429_/A2 (sky130_fd_sc_hd__o211a_2)
     1    0.003959    0.047099    0.158711    2.648646 ^ _1429_/X (sky130_fd_sc_hd__o211a_2)
                                                         _0587_ (net)
                      0.047099    0.000170    2.648816 ^ _1445_/A (sky130_fd_sc_hd__or3_4)
     2    0.010867    0.045944    0.123701    2.772516 ^ _1445_/X (sky130_fd_sc_hd__or3_4)
                                                         net77 (net)
                      0.045954    0.000658    2.773174 ^ rebuffer223/A (sky130_fd_sc_hd__buf_2)
     1    0.007805    0.048295    0.109592    2.882766 ^ rebuffer223/X (sky130_fd_sc_hd__buf_2)
                                                         net223 (net)
                      0.048300    0.000540    2.883306 ^ output77/A (sky130_fd_sc_hd__buf_6)
     1    0.034594    0.077214    0.126128    3.009434 ^ output77/X (sky130_fd_sc_hd__buf_6)
                                                         result[17] (net)
                      0.077303    0.001682    3.011115 ^ result[17] (out)
                                              3.011115   data arrival time

                      0.000000    0.000000    0.000000   clock __VIRTUAL_CLK__ (rise edge)
                                  0.000000    0.000000   clock network delay (ideal)
                                  0.250000    0.250000   clock uncertainty
                                  0.000000    0.250000   clock reconvergence pessimism
                                 -2.000000   -1.750000   output external delay
                                             -1.750000   data required time
---------------------------------------------------------------------------------------------
                                             -1.750000   data required time
                                             -3.011115   data arrival time
---------------------------------------------------------------------------------------------
                                              4.761115   slack (MET)


Startpoint: B[30] (input port clocked by __VIRTUAL_CLK__)
Endpoint: result[31] (output port clocked by __VIRTUAL_CLK__)
Path Group: __VIRTUAL_CLK__
Path Type: min

Fanout         Cap        Slew       Delay        Time   Description
---------------------------------------------------------------------------------------------
                      0.000000    0.000000    0.000000   clock __VIRTUAL_CLK__ (rise edge)
                                  0.000000    0.000000   clock network delay (ideal)
                                  2.000000    2.000000 ^ input external delay
     1    0.003604    0.023228    0.013185    2.013185 ^ B[30] (in)
                                                         B[30] (net)
                      0.023229    0.000000    2.013185 ^ input56/A (sky130_fd_sc_hd__clkdlybuf4s25_1)
     3    0.011405    0.124762    0.295029    2.308214 ^ input56/X (sky130_fd_sc_hd__clkdlybuf4s25_1)
                                                         net56 (net)
                      0.124768    0.000997    2.309211 ^ _0890_/A (sky130_fd_sc_hd__nand2_2)
     4    0.014661    0.074643    0.096142    2.405353 v _0890_/Y (sky130_fd_sc_hd__nand2_2)
                                                         _0065_ (net)
                      0.074664    0.000983    2.406336 v _1654_/B (sky130_fd_sc_hd__nand3b_2)
     1    0.002759    0.041205    0.075967    2.482304 ^ _1654_/Y (sky130_fd_sc_hd__nand3b_2)
                                                         _0798_ (net)
                      0.041205    0.000129    2.482433 ^ _1656_/B (sky130_fd_sc_hd__and3_4)
     1    0.007692    0.052190    0.177065    2.659498 ^ _1656_/X (sky130_fd_sc_hd__and3_4)
                                                         _0800_ (net)
                      0.052203    0.000559    2.660057 ^ _1668_/C (sky130_fd_sc_hd__or4_4)
     2    0.017703    0.063317    0.141431    2.801488 ^ _1668_/X (sky130_fd_sc_hd__or4_4)
                                                         net93 (net)
                      0.063355    0.001404    2.802891 ^ rebuffer248/A (sky130_fd_sc_hd__buf_6)
     1    0.009845    0.032911    0.096349    2.899240 ^ rebuffer248/X (sky130_fd_sc_hd__buf_6)
                                                         net248 (net)
                      0.032918    0.000535    2.899776 ^ output93/A (sky130_fd_sc_hd__buf_8)
     1    0.036456    0.069137    0.113023    3.012799 ^ output93/X (sky130_fd_sc_hd__buf_8)
                                                         result[31] (net)
                      0.069280    0.002206    3.015005 ^ result[31] (out)
                                              3.015005   data arrival time

                      0.000000    0.000000    0.000000   clock __VIRTUAL_CLK__ (rise edge)
                                  0.000000    0.000000   clock network delay (ideal)
                                  0.250000    0.250000   clock uncertainty
                                  0.000000    0.250000   clock reconvergence pessimism
                                 -2.000000   -1.750000   output external delay
                                             -1.750000   data required time
---------------------------------------------------------------------------------------------
                                             -1.750000   data required time
                                             -3.015005   data arrival time
---------------------------------------------------------------------------------------------
                                              4.765005   slack (MET)


Startpoint: B[28] (input port clocked by __VIRTUAL_CLK__)
Endpoint: result[30] (output port clocked by __VIRTUAL_CLK__)
Path Group: __VIRTUAL_CLK__
Path Type: min

Fanout         Cap        Slew       Delay        Time   Description
---------------------------------------------------------------------------------------------
                      0.000000    0.000000    0.000000   clock __VIRTUAL_CLK__ (rise edge)
                                  0.000000    0.000000   clock network delay (ideal)
                                  2.000000    2.000000 v input external delay
     1    0.003699    0.010705    0.006005    2.006005 v B[28] (in)
                                                         B[28] (net)
                      0.010708    0.000000    2.006005 v input53/A (sky130_fd_sc_hd__clkdlybuf4s25_1)
     4    0.016438    0.130921    0.304863    2.310868 v input53/X (sky130_fd_sc_hd__clkdlybuf4s25_1)
                                                         net53 (net)
                      0.130927    0.001059    2.311927 v _0904_/A (sky130_fd_sc_hd__nand2_2)
     3    0.009470    0.068145    0.108204    2.420131 ^ _0904_/Y (sky130_fd_sc_hd__nand2_2)
                                                         _0079_ (net)
                      0.068145    0.000233    2.420364 ^ _1651_/A2 (sky130_fd_sc_hd__a311o_2)
     2    0.007406    0.050751    0.183025    2.603389 ^ _1651_/X (sky130_fd_sc_hd__a311o_2)
                                                         _0796_ (net)
                      0.050751    0.000293    2.603682 ^ rebuffer243/A (sky130_fd_sc_hd__buf_2)
     2    0.012689    0.069700    0.128538    2.732220 ^ rebuffer243/X (sky130_fd_sc_hd__buf_2)
                                                         net243 (net)
                      0.069707    0.000745    2.732965 ^ _1653_/A1 (sky130_fd_sc_hd__a211o_4)
     2    0.018288    0.060604    0.151010    2.883975 ^ _1653_/X (sky130_fd_sc_hd__a211o_4)
                                                         net92 (net)
                      0.060636    0.001308    2.885283 ^ output92/A (sky130_fd_sc_hd__buf_6)
     1    0.034614    0.077274    0.130378    3.015661 ^ output92/X (sky130_fd_sc_hd__buf_6)
                                                         result[30] (net)
                      0.077368    0.001743    3.017404 ^ result[30] (out)
                                              3.017404   data arrival time

                      0.000000    0.000000    0.000000   clock __VIRTUAL_CLK__ (rise edge)
                                  0.000000    0.000000   clock network delay (ideal)
                                  0.250000    0.250000   clock uncertainty
                                  0.000000    0.250000   clock reconvergence pessimism
                                 -2.000000   -1.750000   output external delay
                                             -1.750000   data required time
---------------------------------------------------------------------------------------------
                                             -1.750000   data required time
                                             -3.017404   data arrival time
---------------------------------------------------------------------------------------------
                                              4.767405   slack (MET)


Startpoint: B[4] (input port clocked by __VIRTUAL_CLK__)
Endpoint: result[3] (output port clocked by __VIRTUAL_CLK__)
Path Group: __VIRTUAL_CLK__
Path Type: min

Fanout         Cap        Slew       Delay        Time   Description
---------------------------------------------------------------------------------------------
                      0.000000    0.000000    0.000000   clock __VIRTUAL_CLK__ (rise edge)
                                  0.000000    0.000000   clock network delay (ideal)
                                  2.000000    2.000000 v input external delay
     1    0.008916    0.022098    0.014580    2.014580 v B[4] (in)
                                                         B[4] (net)
                      0.022109    0.000000    2.014580 v input59/A (sky130_fd_sc_hd__buf_8)
     4    0.038166    0.043675    0.124726    2.139306 v input59/X (sky130_fd_sc_hd__buf_8)
                                                         net59 (net)
                      0.043786    0.001841    2.141147 v fanout158/A (sky130_fd_sc_hd__buf_6)
     2    0.012165    0.027090    0.116602    2.257749 v fanout158/X (sky130_fd_sc_hd__buf_6)
                                                         net158 (net)
                      0.027138    0.000866    2.258615 v fanout157/A (sky130_fd_sc_hd__buf_8)
     4    0.020075    0.030716    0.115506    2.374121 v fanout157/X (sky130_fd_sc_hd__buf_8)
                                                         net157 (net)
                      0.030836    0.001440    2.375561 v rebuffer457/A (sky130_fd_sc_hd__buf_2)
     7    0.036945    0.092591    0.177887    2.553448 v rebuffer457/X (sky130_fd_sc_hd__buf_2)
                                                         net457 (net)
                      0.092633    0.001853    2.555302 v _1170_/A1 (sky130_fd_sc_hd__a21o_2)
     2    0.006302    0.039984    0.212726    2.768028 v _1170_/X (sky130_fd_sc_hd__a21o_2)
                                                         net94 (net)
                      0.039984    0.000222    2.768250 v output94/A (sky130_fd_sc_hd__dlymetal6s2s_1)
     1    0.035889    0.179256    0.251031    3.019281 v output94/X (sky130_fd_sc_hd__dlymetal6s2s_1)
                                                         result[3] (net)
                      0.179273    0.001797    3.021079 v result[3] (out)
                                              3.021079   data arrival time

                      0.000000    0.000000    0.000000   clock __VIRTUAL_CLK__ (rise edge)
                                  0.000000    0.000000   clock network delay (ideal)
                                  0.250000    0.250000   clock uncertainty
                                  0.000000    0.250000   clock reconvergence pessimism
                                 -2.000000   -1.750000   output external delay
                                             -1.750000   data required time
---------------------------------------------------------------------------------------------
                                             -1.750000   data required time
                                             -3.021079   data arrival time
---------------------------------------------------------------------------------------------
                                              4.771079   slack (MET)


Startpoint: B[4] (input port clocked by __VIRTUAL_CLK__)
Endpoint: result[14] (output port clocked by __VIRTUAL_CLK__)
Path Group: __VIRTUAL_CLK__
Path Type: min

Fanout         Cap        Slew       Delay        Time   Description
---------------------------------------------------------------------------------------------
                      0.000000    0.000000    0.000000   clock __VIRTUAL_CLK__ (rise edge)
                                  0.000000    0.000000   clock network delay (ideal)
                                  2.000000    2.000000 ^ input external delay
     1    0.009577    0.049571    0.032790    2.032789 ^ B[4] (in)
                                                         B[4] (net)
                      0.049576    0.000000    2.032789 ^ input59/A (sky130_fd_sc_hd__buf_8)
     4    0.039351    0.073614    0.121160    2.153950 ^ input59/X (sky130_fd_sc_hd__buf_8)
                                                         net59 (net)
                      0.074224    0.005336    2.159286 ^ _0879_/A (sky130_fd_sc_hd__nor2_2)
     3    0.033048    0.080976    0.094406    2.253692 v _0879_/Y (sky130_fd_sc_hd__nor2_2)
                                                         _0054_ (net)
                      0.081080    0.002379    2.256071 v max_cap104/A (sky130_fd_sc_hd__clkbuf_4)
     8    0.043194    0.097437    0.207876    2.463947 v max_cap104/X (sky130_fd_sc_hd__clkbuf_4)
                                                         net104 (net)
                      0.098813    0.009116    2.473063 v _1384_/A1 (sky130_fd_sc_hd__a21oi_2)
     1    0.003388    0.074974    0.131494    2.604557 ^ _1384_/Y (sky130_fd_sc_hd__a21oi_2)
                                                         _0545_ (net)
                      0.074974    0.000226    2.604783 ^ _1385_/C1 (sky130_fd_sc_hd__o211a_2)
     1    0.005466    0.054305    0.175944    2.780727 ^ _1385_/X (sky130_fd_sc_hd__o211a_2)
                                                         _0546_ (net)
                      0.054308    0.000399    2.781126 ^ _1386_/B1 (sky130_fd_sc_hd__o21ai_2)
     2    0.009963    0.048060    0.066415    2.847541 v _1386_/Y (sky130_fd_sc_hd__o21ai_2)
                                                         net74 (net)
                      0.048096    0.000693    2.848234 v output74/A (sky130_fd_sc_hd__clkbuf_2)
     1    0.035631    0.136959    0.192234    3.040468 v output74/X (sky130_fd_sc_hd__clkbuf_2)
                                                         result[14] (net)
                      0.136990    0.001957    3.042425 v result[14] (out)
                                              3.042425   data arrival time

                      0.000000    0.000000    0.000000   clock __VIRTUAL_CLK__ (rise edge)
                                  0.000000    0.000000   clock network delay (ideal)
                                  0.250000    0.250000   clock uncertainty
                                  0.000000    0.250000   clock reconvergence pessimism
                                 -2.000000   -1.750000   output external delay
                                             -1.750000   data required time
---------------------------------------------------------------------------------------------
                                             -1.750000   data required time
                                             -3.042425   data arrival time
---------------------------------------------------------------------------------------------
                                              4.792425   slack (MET)


Startpoint: B[14] (input port clocked by __VIRTUAL_CLK__)
Endpoint: result[15] (output port clocked by __VIRTUAL_CLK__)
Path Group: __VIRTUAL_CLK__
Path Type: min

Fanout         Cap        Slew       Delay        Time   Description
---------------------------------------------------------------------------------------------
                      0.000000    0.000000    0.000000   clock __VIRTUAL_CLK__ (rise edge)
                                  0.000000    0.000000   clock network delay (ideal)
                                  2.000000    2.000000 v input external delay
     1    0.003127    0.009374    0.005034    2.005034 v B[14] (in)
                                                         B[14] (net)
                      0.009382    0.000000    2.005034 v input38/A (sky130_fd_sc_hd__clkdlybuf4s25_1)
     3    0.013207    0.108601    0.287063    2.292097 v input38/X (sky130_fd_sc_hd__clkdlybuf4s25_1)
                                                         net38 (net)
                      0.108606    0.000840    2.292938 v _0998_/A (sky130_fd_sc_hd__and2_4)
     5    0.019764    0.044872    0.184833    2.477770 v _0998_/X (sky130_fd_sc_hd__and2_4)
                                                         _0173_ (net)
                      0.044950    0.001413    2.479184 v _1390_/A1 (sky130_fd_sc_hd__o21ai_2)
     1    0.002936    0.044755    0.119770    2.598953 ^ _1390_/Y (sky130_fd_sc_hd__o21ai_2)
                                                         _0550_ (net)
                      0.044755    0.000212    2.599165 ^ _1401_/A3 (sky130_fd_sc_hd__a31o_2)
     1    0.006735    0.050383    0.161520    2.760685 ^ _1401_/X (sky130_fd_sc_hd__a31o_2)
                                                         _0561_ (net)
                      0.050388    0.000521    2.761206 ^ _1402_/B1 (sky130_fd_sc_hd__a21o_2)
     2    0.012814    0.070310    0.116671    2.877877 ^ _1402_/X (sky130_fd_sc_hd__a21o_2)
                                                         net75 (net)
                      0.070327    0.001075    2.878953 ^ output75/A (sky130_fd_sc_hd__buf_4)
     1    0.034924    0.104029    0.165613    3.044566 ^ output75/X (sky130_fd_sc_hd__buf_4)
                                                         result[15] (net)
                      0.104062    0.001770    3.046336 ^ result[15] (out)
                                              3.046336   data arrival time

                      0.000000    0.000000    0.000000   clock __VIRTUAL_CLK__ (rise edge)
                                  0.000000    0.000000   clock network delay (ideal)
                                  0.250000    0.250000   clock uncertainty
                                  0.000000    0.250000   clock reconvergence pessimism
                                 -2.000000   -1.750000   output external delay
                                             -1.750000   data required time
---------------------------------------------------------------------------------------------
                                             -1.750000   data required time
                                             -3.046336   data arrival time
---------------------------------------------------------------------------------------------
                                              4.796336   slack (MET)


Startpoint: B[9] (input port clocked by __VIRTUAL_CLK__)
Endpoint: result[10] (output port clocked by __VIRTUAL_CLK__)
Path Group: __VIRTUAL_CLK__
Path Type: min

Fanout         Cap        Slew       Delay        Time   Description
---------------------------------------------------------------------------------------------
                      0.000000    0.000000    0.000000   clock __VIRTUAL_CLK__ (rise edge)
                                  0.000000    0.000000   clock network delay (ideal)
                                  2.000000    2.000000 ^ input external delay
     1    0.004774    0.028311    0.017196    2.017196 ^ B[9] (in)
                                                         B[9] (net)
                      0.028313    0.000000    2.017196 ^ input64/A (sky130_fd_sc_hd__clkdlybuf4s25_1)
     3    0.010038    0.111562    0.287704    2.304900 ^ input64/X (sky130_fd_sc_hd__clkdlybuf4s25_1)
                                                         net64 (net)
                      0.111562    0.000402    2.305301 ^ _1010_/A (sky130_fd_sc_hd__nand2_2)
     4    0.015407    0.071812    0.094105    2.399406 v _1010_/Y (sky130_fd_sc_hd__nand2_2)
                                                         _0185_ (net)
                      0.071839    0.001124    2.400530 v _1294_/B1 (sky130_fd_sc_hd__o21a_2)
     3    0.010486    0.044510    0.144349    2.544879 v _1294_/X (sky130_fd_sc_hd__o21a_2)
                                                         _0459_ (net)
                      0.044512    0.000350    2.545228 v _1295_/C (sky130_fd_sc_hd__nand3_2)
     1    0.005456    0.053351    0.072190    2.617418 ^ _1295_/Y (sky130_fd_sc_hd__nand3_2)
                                                         _0460_ (net)
                      0.053352    0.000406    2.617824 ^ _1306_/A2 (sky130_fd_sc_hd__a31o_4)
     1    0.005577    0.033942    0.140737    2.758561 ^ _1306_/X (sky130_fd_sc_hd__a31o_4)
                                                         _0471_ (net)
                      0.033943    0.000411    2.758972 ^ _1307_/B1 (sky130_fd_sc_hd__a31o_4)
     2    0.011518    0.049585    0.096642    2.855614 ^ _1307_/X (sky130_fd_sc_hd__a31o_4)
                                                         net70 (net)
                      0.049587    0.000424    2.856038 ^ rebuffer521/A (sky130_fd_sc_hd__buf_6)
     1    0.008639    0.030777    0.089737    2.945775 ^ rebuffer521/X (sky130_fd_sc_hd__buf_6)
                                                         net521 (net)
                      0.030781    0.000657    2.946432 ^ output70/A (sky130_fd_sc_hd__buf_8)
     1    0.035590    0.067820    0.111397    3.057829 ^ output70/X (sky130_fd_sc_hd__buf_8)
                                                         result[10] (net)
                      0.067942    0.001982    3.059811 ^ result[10] (out)
                                              3.059811   data arrival time

                      0.000000    0.000000    0.000000   clock __VIRTUAL_CLK__ (rise edge)
                                  0.000000    0.000000   clock network delay (ideal)
                                  0.250000    0.250000   clock uncertainty
                                  0.000000    0.250000   clock reconvergence pessimism
                                 -2.000000   -1.750000   output external delay
                                             -1.750000   data required time
---------------------------------------------------------------------------------------------
                                             -1.750000   data required time
                                             -3.059811   data arrival time
---------------------------------------------------------------------------------------------
                                              4.809811   slack (MET)


Startpoint: B[16] (input port clocked by __VIRTUAL_CLK__)
Endpoint: result[16] (output port clocked by __VIRTUAL_CLK__)
Path Group: __VIRTUAL_CLK__
Path Type: min

Fanout         Cap        Slew       Delay        Time   Description
---------------------------------------------------------------------------------------------
                      0.000000    0.000000    0.000000   clock __VIRTUAL_CLK__ (rise edge)
                                  0.000000    0.000000   clock network delay (ideal)
                                  2.000000    2.000000 ^ input external delay
     1    0.003324    0.022007    0.012204    2.012203 ^ B[16] (in)
                                                         B[16] (net)
                      0.022009    0.000000    2.012203 ^ input40/A (sky130_fd_sc_hd__clkdlybuf4s25_1)
     3    0.015577    0.165053    0.322903    2.335106 ^ input40/X (sky130_fd_sc_hd__clkdlybuf4s25_1)
                                                         net40 (net)
                      0.165060    0.001248    2.336354 ^ _1037_/A (sky130_fd_sc_hd__or2_2)
     3    0.014534    0.083897    0.179698    2.516052 ^ _1037_/X (sky130_fd_sc_hd__or2_2)
                                                         _0212_ (net)
                      0.083899    0.000541    2.516593 ^ _1039_/B (sky130_fd_sc_hd__nand2_2)
     4    0.019065    0.083290    0.099924    2.616518 v _1039_/Y (sky130_fd_sc_hd__nand2_2)
                                                         _0214_ (net)
                      0.083309    0.001034    2.617552 v _1412_/A1 (sky130_fd_sc_hd__a311oi_2)
     1    0.003135    0.131776    0.201353    2.818905 ^ _1412_/Y (sky130_fd_sc_hd__a311oi_2)
                                                         _0571_ (net)
                      0.131776    0.000149    2.819053 ^ _1425_/A (sky130_fd_sc_hd__or3b_4)
     2    0.010364    0.049151    0.158948    2.978001 ^ _1425_/X (sky130_fd_sc_hd__or3b_4)
                                                         net76 (net)
                      0.049160    0.000652    2.978653 ^ rebuffer524/A (sky130_fd_sc_hd__buf_6)
     1    0.010499    0.033848    0.092433    3.071086 ^ rebuffer524/X (sky130_fd_sc_hd__buf_6)
                                                         net524 (net)
                      0.033900    0.000784    3.071870 ^ output76/A (sky130_fd_sc_hd__buf_8)
     1    0.034372    0.065733    0.111301    3.183171 ^ output76/X (sky130_fd_sc_hd__buf_8)
                                                         result[16] (net)
                      0.065827    0.001640    3.184811 ^ result[16] (out)
                                              3.184811   data arrival time

                      0.000000    0.000000    0.000000   clock __VIRTUAL_CLK__ (rise edge)
                                  0.000000    0.000000   clock network delay (ideal)
                                  0.250000    0.250000   clock uncertainty
                                  0.000000    0.250000   clock reconvergence pessimism
                                 -2.000000   -1.750000   output external delay
                                             -1.750000   data required time
---------------------------------------------------------------------------------------------
                                             -1.750000   data required time
                                             -3.184811   data arrival time
---------------------------------------------------------------------------------------------
                                              4.934811   slack (MET)


Startpoint: B[4] (input port clocked by __VIRTUAL_CLK__)
Endpoint: result[2] (output port clocked by __VIRTUAL_CLK__)
Path Group: __VIRTUAL_CLK__
Path Type: min

Fanout         Cap        Slew       Delay        Time   Description
---------------------------------------------------------------------------------------------
                      0.000000    0.000000    0.000000   clock __VIRTUAL_CLK__ (rise edge)
                                  0.000000    0.000000   clock network delay (ideal)
                                  2.000000    2.000000 ^ input external delay
     1    0.009577    0.049571    0.032790    2.032789 ^ B[4] (in)
                                                         B[4] (net)
                      0.049576    0.000000    2.032789 ^ input59/A (sky130_fd_sc_hd__buf_8)
     4    0.039351    0.073614    0.121160    2.153950 ^ input59/X (sky130_fd_sc_hd__buf_8)
                                                         net59 (net)
                      0.073688    0.001918    2.155868 ^ fanout158/A (sky130_fd_sc_hd__buf_6)
     2    0.012986    0.038421    0.104430    2.260298 ^ fanout158/X (sky130_fd_sc_hd__buf_6)
                                                         net158 (net)
                      0.038452    0.000965    2.261263 ^ rebuffer338/A (sky130_fd_sc_hd__buf_2)
     6    0.051688    0.252560    0.248975    2.510237 ^ rebuffer338/X (sky130_fd_sc_hd__buf_2)
                                                         net338 (net)
                      0.252719    0.005262    2.515499 ^ _1141_/A1 (sky130_fd_sc_hd__a211o_2)
     2    0.010463    0.057865    0.202903    2.718402 ^ _1141_/X (sky130_fd_sc_hd__a211o_2)
                                                         net91 (net)
                      0.057877    0.000834    2.719237 ^ output91/A (sky130_fd_sc_hd__clkdlybuf4s25_1)
     1    0.035844    0.361427    0.473658    3.192895 ^ output91/X (sky130_fd_sc_hd__clkdlybuf4s25_1)
                                                         result[2] (net)
                      0.361432    0.001914    3.194809 ^ result[2] (out)
                                              3.194809   data arrival time

                      0.000000    0.000000    0.000000   clock __VIRTUAL_CLK__ (rise edge)
                                  0.000000    0.000000   clock network delay (ideal)
                                  0.250000    0.250000   clock uncertainty
                                  0.000000    0.250000   clock reconvergence pessimism
                                 -2.000000   -1.750000   output external delay
                                             -1.750000   data required time
---------------------------------------------------------------------------------------------
                                             -1.750000   data required time
                                             -3.194809   data arrival time
---------------------------------------------------------------------------------------------
                                              4.944809   slack (MET)


Startpoint: B[26] (input port clocked by __VIRTUAL_CLK__)
Endpoint: result[27] (output port clocked by __VIRTUAL_CLK__)
Path Group: __VIRTUAL_CLK__
Path Type: min

Fanout         Cap        Slew       Delay        Time   Description
---------------------------------------------------------------------------------------------
                      0.000000    0.000000    0.000000   clock __VIRTUAL_CLK__ (rise edge)
                                  0.000000    0.000000   clock network delay (ideal)
                                  2.000000    2.000000 ^ input external delay
     1    0.005815    0.032873    0.020593    2.020593 ^ B[26] (in)
                                                         B[26] (net)
                      0.032876    0.000000    2.020593 ^ input51/A (sky130_fd_sc_hd__clkdlybuf4s25_1)
     4    0.014160    0.151285    0.317291    2.337883 ^ input51/X (sky130_fd_sc_hd__clkdlybuf4s25_1)
                                                         net51 (net)
                      0.151286    0.000806    2.338689 ^ _0913_/A (sky130_fd_sc_hd__nand2_2)
     4    0.017507    0.089088    0.110723    2.449412 v _0913_/Y (sky130_fd_sc_hd__nand2_2)
                                                         _0088_ (net)
                      0.089102    0.000915    2.450326 v _1597_/B (sky130_fd_sc_hd__nand3b_2)
     1    0.005925    0.060461    0.095303    2.545630 ^ _1597_/Y (sky130_fd_sc_hd__nand3b_2)
                                                         _0745_ (net)
                      0.060461    0.000437    2.546067 ^ _1607_/A3 (sky130_fd_sc_hd__a31o_4)
     2    0.005824    0.034565    0.147714    2.693781 ^ _1607_/X (sky130_fd_sc_hd__a31o_4)
                                                         net88 (net)
                      0.034566    0.000355    2.694137 ^ rebuffer394/A (sky130_fd_sc_hd__buf_2)
     1    0.006757    0.043687    0.101582    2.795719 ^ rebuffer394/X (sky130_fd_sc_hd__buf_2)
                                                         net394 (net)
                      0.043694    0.000538    2.796257 ^ rebuffer393/A (sky130_fd_sc_hd__buf_6)
     1    0.006975    0.028029    0.085065    2.881323 ^ rebuffer393/X (sky130_fd_sc_hd__buf_6)
                                                         net393 (net)
                      0.028035    0.000517    2.881840 ^ rebuffer392/A (sky130_fd_sc_hd__buf_6)
     1    0.005157    0.024856    0.076260    2.958099 ^ rebuffer392/X (sky130_fd_sc_hd__buf_6)
                                                         net392 (net)
                      0.024856    0.000388    2.958487 ^ rebuffer391/A (sky130_fd_sc_hd__buf_6)
     1    0.006328    0.026944    0.077141    3.035629 ^ rebuffer391/X (sky130_fd_sc_hd__buf_6)
                                                         net391 (net)
                      0.026948    0.000463    3.036092 ^ rebuffer389/A (sky130_fd_sc_hd__buf_6)
     1    0.009056    0.031454    0.082048    3.118140 ^ rebuffer389/X (sky130_fd_sc_hd__buf_6)
                                                         net389 (net)
                      0.031459    0.000697    3.118836 ^ output88/A (sky130_fd_sc_hd__buf_8)
     1    0.036465    0.069145    0.112548    3.231384 ^ output88/X (sky130_fd_sc_hd__buf_8)
                                                         result[27] (net)
                      0.069285    0.002168    3.233552 ^ result[27] (out)
                                              3.233552   data arrival time

                      0.000000    0.000000    0.000000   clock __VIRTUAL_CLK__ (rise edge)
                                  0.000000    0.000000   clock network delay (ideal)
                                  0.250000    0.250000   clock uncertainty
                                  0.000000    0.250000   clock reconvergence pessimism
                                 -2.000000   -1.750000   output external delay
                                             -1.750000   data required time
---------------------------------------------------------------------------------------------
                                             -1.750000   data required time
                                             -3.233552   data arrival time
---------------------------------------------------------------------------------------------
                                              4.983552   slack (MET)


Startpoint: B[4] (input port clocked by __VIRTUAL_CLK__)
Endpoint: result[1] (output port clocked by __VIRTUAL_CLK__)
Path Group: __VIRTUAL_CLK__
Path Type: min

Fanout         Cap        Slew       Delay        Time   Description
---------------------------------------------------------------------------------------------
                      0.000000    0.000000    0.000000   clock __VIRTUAL_CLK__ (rise edge)
                                  0.000000    0.000000   clock network delay (ideal)
                                  2.000000    2.000000 ^ input external delay
     1    0.009577    0.049571    0.032790    2.032789 ^ B[4] (in)
                                                         B[4] (net)
                      0.049576    0.000000    2.032789 ^ input59/A (sky130_fd_sc_hd__buf_8)
     4    0.039351    0.073614    0.121160    2.153950 ^ input59/X (sky130_fd_sc_hd__buf_8)
                                                         net59 (net)
                      0.073688    0.001918    2.155868 ^ fanout158/A (sky130_fd_sc_hd__buf_6)
     2    0.012986    0.038421    0.104430    2.260298 ^ fanout158/X (sky130_fd_sc_hd__buf_6)
                                                         net158 (net)
                      0.038450    0.000931    2.261229 ^ fanout157/A (sky130_fd_sc_hd__buf_8)
     4    0.021512    0.046883    0.098341    2.359570 ^ fanout157/X (sky130_fd_sc_hd__buf_8)
                                                         net157 (net)
                      0.047002    0.001549    2.361119 ^ rebuffer457/A (sky130_fd_sc_hd__buf_2)
     7    0.038627    0.190450    0.212006    2.573125 ^ rebuffer457/X (sky130_fd_sc_hd__buf_2)
                                                         net457 (net)
                      0.190508    0.002751    2.575876 ^ _1110_/A1 (sky130_fd_sc_hd__a211o_2)
     2    0.013630    0.071098    0.196818    2.772694 ^ _1110_/X (sky130_fd_sc_hd__a211o_2)
                                                         net80 (net)
                      0.071115    0.001080    2.773774 ^ output80/A (sky130_fd_sc_hd__clkdlybuf4s25_1)
     1    0.035620    0.359394    0.476857    3.250631 ^ output80/X (sky130_fd_sc_hd__clkdlybuf4s25_1)
                                                         result[1] (net)
                      0.359397    0.001711    3.252342 ^ result[1] (out)
                                              3.252342   data arrival time

                      0.000000    0.000000    0.000000   clock __VIRTUAL_CLK__ (rise edge)
                                  0.000000    0.000000   clock network delay (ideal)
                                  0.250000    0.250000   clock uncertainty
                                  0.000000    0.250000   clock reconvergence pessimism
                                 -2.000000   -1.750000   output external delay
                                             -1.750000   data required time
---------------------------------------------------------------------------------------------
                                             -1.750000   data required time
                                             -3.252342   data arrival time
---------------------------------------------------------------------------------------------
                                              5.002342   slack (MET)



