Instance,Terminal,Layer,X location,Y location,Voltage
FILLER_115_685,VPWR,li1,321.3100,323.6800,1.799614
FILLER_115_682,VPWR,li1,319.9300,323.6800,1.799614
FILLER_115_679,VPWR,li1,318.5500,323.6800,1.799614
FILLER_115_676,VPWR,li1,317.1700,323.6800,1.799614
FILLER_115_673,VPWR,li1,315.7900,323.6800,1.799614
FILLER_115_669,VPWR,li1,313.9500,323.6800,1.799614
FILLER_115_666,VPWR,li1,312.5700,323.6800,1.799614
FILLER_115_663,VPWR,li1,311.1900,323.6800,1.799614
FILLER_115_660,VPWR,li1,309.8100,323.6800,1.799614
FILLER_115_657,VPWR,li1,308.4300,323.6800,1.799614
FILLER_115_654,VPWR,li1,307.0500,323.6800,1.799614
FILLER_115_651,VPWR,li1,305.6700,323.6800,1.799614
FILLER_115_648,VPWR,li1,304.2900,323.6800,1.799614
FILLER_115_645,VPWR,li1,302.9100,323.6800,1.799614
FILLER_115_641,VPWR,li1,301.0700,323.6800,1.799614
FILLER_115_638,VPWR,li1,299.6900,323.6800,1.799614
FILLER_115_635,VPWR,li1,298.3100,323.6800,1.799614
FILLER_115_632,VPWR,li1,296.9300,323.6800,1.799614
FILLER_115_629,VPWR,li1,295.5500,323.6800,1.799614
FILLER_115_626,VPWR,li1,294.1700,323.6800,1.799614
FILLER_115_623,VPWR,li1,292.7900,323.6800,1.799614
FILLER_115_620,VPWR,li1,291.4100,323.6800,1.799614
FILLER_115_617,VPWR,li1,290.0300,323.6800,1.799614
FILLER_115_613,VPWR,li1,288.1900,323.6800,1.799614
FILLER_115_610,VPWR,li1,286.8100,323.6800,1.799614
FILLER_115_607,VPWR,li1,285.4300,323.6800,1.799614
FILLER_115_604,VPWR,li1,284.0500,323.6800,1.799614
FILLER_115_601,VPWR,li1,282.6700,323.6800,1.799614
FILLER_115_598,VPWR,li1,281.2900,323.6800,1.799614
FILLER_115_595,VPWR,li1,279.9100,323.6800,1.799614
FILLER_115_592,VPWR,li1,278.5300,323.6800,1.799614
FILLER_115_589,VPWR,li1,277.1500,323.6800,1.799614
FILLER_115_587,VPWR,li1,275.7700,323.6800,1.799614
FILLER_115_577,VPWR,li1,271.4000,323.6800,1.799615
FILLER_115_574,VPWR,li1,270.2500,323.6800,1.799615
FILLER_115_571,VPWR,li1,268.8700,323.6800,1.799615
FILLER_115_568,VPWR,li1,267.4900,323.6800,1.799615
FILLER_115_565,VPWR,li1,266.1100,323.6800,1.799616
FILLER_115_557,VPWR,li1,262.4300,323.6800,1.799617
FILLER_115_519,VPWR,li1,244.9500,323.6800,1.799641
FILLER_115_516,VPWR,li1,243.5700,323.6800,1.799641
FILLER_115_505,VPWR,li1,238.5100,323.6800,1.799655
FILLER_115_493,VPWR,li1,232.9900,323.6800,1.799664
FILLER_115_465,VPWR,li1,220.1100,323.6800,1.799697
FILLER_115_437,VPWR,li1,207.2300,323.6800,1.799743
FILLER_115_417,VPWR,li1,198.0300,323.6800,1.799782
FILLER_115_381,VPWR,li1,181.4700,323.6800,1.799866
FILLER_115_363,VPWR,li1,172.7300,323.6800,1.799894
FILLER_115_334,VPWR,li1,159.6200,323.6800,1.799850
FILLER_115_331,VPWR,li1,158.4700,323.6800,1.799850
FILLER_115_312,VPWR,li1,149.5000,323.6800,1.799832
FILLER_115_309,VPWR,li1,148.3500,323.6800,1.799829
FILLER_115_281,VPWR,li1,135.0100,323.6800,1.799811
FILLER_115_253,VPWR,li1,122.5900,323.6800,1.799806
FILLER_115_225,VPWR,li1,109.7100,323.6800,1.799808
FILLER_115_197,VPWR,li1,96.8300,323.6800,1.799815
FILLER_115_182,VPWR,li1,89.7000,323.6800,1.799820
FILLER_115_179,VPWR,li1,88.5500,323.6800,1.799822
FILLER_115_176,VPWR,li1,87.1700,323.6800,1.799822
FILLER_115_173,VPWR,li1,85.7900,323.6800,1.799825
FILLER_115_167,VPWR,li1,82.5700,323.6800,1.799828
FILLER_115_164,VPWR,li1,81.6500,323.6800,1.799828
FILLER_115_147,VPWR,li1,73.3700,323.6800,1.799840
FILLER_115_144,VPWR,li1,72.4500,323.6800,1.799843
FILLER_115_141,VPWR,li1,71.0700,323.6800,1.799843
FILLER_115_127,VPWR,li1,64.1700,323.6800,1.799858
FILLER_115_124,VPWR,li1,63.2500,323.6800,1.799858
FILLER_115_121,VPWR,li1,61.8700,323.6800,1.799864
FILLER_115_116,VPWR,li1,59.1100,323.6800,1.799870
FILLER_115_113,VPWR,li1,58.1900,323.6800,1.799870
FILLER_115_109,VPWR,li1,56.3500,323.6800,1.799876
FILLER_115_106,VPWR,li1,54.9700,323.6800,1.799883
FILLER_115_103,VPWR,li1,53.5900,323.6800,1.799883
FILLER_115_100,VPWR,li1,52.2100,323.6800,1.799890
FILLER_115_97,VPWR,li1,50.8300,323.6800,1.799890
FILLER_115_94,VPWR,li1,49.4500,323.6800,1.799898
FILLER_115_91,VPWR,li1,48.0700,323.6800,1.799898
FILLER_115_88,VPWR,li1,46.6900,323.6800,1.799906
FILLER_115_85,VPWR,li1,45.3100,323.6800,1.799906
FILLER_115_81,VPWR,li1,43.4700,323.6800,1.799911
FILLER_115_78,VPWR,li1,42.0900,323.6800,1.799916
FILLER_115_75,VPWR,li1,40.7100,323.6800,1.799923
FILLER_115_72,VPWR,li1,39.3300,323.6800,1.799923
FILLER_115_69,VPWR,li1,37.9500,323.6800,1.799928
FILLER_115_66,VPWR,li1,36.5700,323.6800,1.799934
FILLER_115_63,VPWR,li1,35.1900,323.6800,1.799934
FILLER_115_60,VPWR,li1,33.8100,323.6800,1.799940
FILLER_115_57,VPWR,li1,32.4300,323.6800,1.799945
FILLER_115_53,VPWR,li1,30.5900,323.6800,1.799951
FILLER_115_50,VPWR,li1,29.2100,323.6800,1.799951
FILLER_115_47,VPWR,li1,27.8300,323.6800,1.799959
FILLER_115_44,VPWR,li1,26.4500,323.6800,1.799959
FILLER_115_41,VPWR,li1,25.0700,323.6800,1.799967
FILLER_115_38,VPWR,li1,23.6900,323.6800,1.799967
FILLER_115_35,VPWR,li1,22.3100,323.6800,1.799972
FILLER_115_32,VPWR,li1,20.9300,323.6800,1.799972
FILLER_115_29,VPWR,li1,19.5500,323.6800,1.799972
FILLER_115_27,VPWR,li1,18.1700,323.6800,1.799972
FILLER_115_24,VPWR,li1,17.2500,323.6800,1.799972
FILLER_115_21,VPWR,li1,15.8700,323.6800,1.799972
FILLER_115_18,VPWR,li1,14.4900,323.6800,1.799972
FILLER_115_15,VPWR,li1,13.1100,323.6800,1.799972
FILLER_115_12,VPWR,li1,11.7300,323.6800,1.799972
FILLER_115_9,VPWR,li1,10.3500,323.6800,1.799972
FILLER_115_6,VPWR,li1,8.9700,323.6800,1.799972
FILLER_115_3,VPWR,li1,7.5900,323.6800,1.799972
FILLER_114_687,VPWR,li1,321.7700,323.6800,1.799614
FILLER_114_684,VPWR,li1,320.8500,323.6800,1.799614
FILLER_114_681,VPWR,li1,319.4700,323.6800,1.799614
FILLER_114_678,VPWR,li1,318.0900,323.6800,1.799614
FILLER_114_675,VPWR,li1,316.7100,323.6800,1.799614
FILLER_114_672,VPWR,li1,315.3300,323.6800,1.799614
FILLER_114_669,VPWR,li1,313.9500,323.6800,1.799614
FILLER_114_666,VPWR,li1,312.5700,323.6800,1.799614
FILLER_114_663,VPWR,li1,311.1900,323.6800,1.799614
FILLER_114_660,VPWR,li1,309.8100,323.6800,1.799614
FILLER_114_657,VPWR,li1,308.4300,323.6800,1.799614
FILLER_114_654,VPWR,li1,307.0500,323.6800,1.799614
FILLER_114_651,VPWR,li1,305.6700,323.6800,1.799614
FILLER_114_648,VPWR,li1,304.2900,323.6800,1.799614
FILLER_114_645,VPWR,li1,302.9100,323.6800,1.799614
FILLER_114_643,VPWR,li1,301.5300,323.6800,1.799614
FILLER_114_640,VPWR,li1,300.6100,323.6800,1.799614
FILLER_114_637,VPWR,li1,299.2300,323.6800,1.799614
FILLER_114_634,VPWR,li1,297.8500,323.6800,1.799614
FILLER_114_631,VPWR,li1,296.4700,323.6800,1.799614
FILLER_114_628,VPWR,li1,295.0900,323.6800,1.799614
FILLER_114_625,VPWR,li1,293.7100,323.6800,1.799614
FILLER_114_622,VPWR,li1,292.3300,323.6800,1.799614
FILLER_114_619,VPWR,li1,290.9500,323.6800,1.799614
FILLER_114_616,VPWR,li1,289.5700,323.6800,1.799614
FILLER_114_613,VPWR,li1,288.1900,323.6800,1.799614
FILLER_114_610,VPWR,li1,286.8100,323.6800,1.799614
FILLER_114_607,VPWR,li1,285.4300,323.6800,1.799614
FILLER_114_604,VPWR,li1,284.0500,323.6800,1.799614
FILLER_114_601,VPWR,li1,282.6700,323.6800,1.799614
FILLER_114_598,VPWR,li1,281.2900,323.6800,1.799614
FILLER_114_595,VPWR,li1,279.9100,323.6800,1.799614
FILLER_114_592,VPWR,li1,278.5300,323.6800,1.799614
FILLER_114_589,VPWR,li1,277.1500,323.6800,1.799614
FILLER_114_577,VPWR,li1,271.6300,323.6800,1.799615
FILLER_114_574,VPWR,li1,270.2500,323.6800,1.799615
FILLER_114_571,VPWR,li1,268.8700,323.6800,1.799615
FILLER_114_568,VPWR,li1,267.4900,323.6800,1.799615
FILLER_114_565,VPWR,li1,266.1100,323.6800,1.799616
FILLER_114_562,VPWR,li1,264.7300,323.6800,1.799616
FILLER_114_536,VPWR,li1,252.3100,323.6800,1.799627
FILLER_114_533,VPWR,li1,251.3900,323.6800,1.799630
FILLER_114_529,VPWR,li1,249.5500,323.6800,1.799634
FILLER_114_526,VPWR,li1,248.1700,323.6800,1.799634
FILLER_114_508,VPWR,li1,239.4300,323.6800,1.799650
FILLER_114_483,VPWR,li1,227.9300,323.6800,1.799676
FILLER_114_454,VPWR,li1,215.0500,323.6800,1.799719
FILLER_114_451,VPWR,li1,213.6700,323.6800,1.799719
FILLER_114_433,VPWR,li1,204.9300,323.6800,1.799757
FILLER_114_417,VPWR,li1,198.0300,323.6800,1.799782
FILLER_114_376,VPWR,li1,178.7100,323.6800,1.799888
FILLER_114_373,VPWR,li1,177.7900,323.6800,1.799888
FILLER_114_345,VPWR,li1,164.9100,323.6800,1.799867
FILLER_114_309,VPWR,li1,148.1200,323.6800,1.799829
FILLER_114_291,VPWR,li1,139.6100,323.6800,1.799817
FILLER_114_288,VPWR,li1,138.6900,323.6800,1.799817
FILLER_114_253,VPWR,li1,122.1300,323.6800,1.799806
FILLER_114_197,VPWR,li1,96.8300,323.6800,1.799815
FILLER_114_179,VPWR,li1,88.0900,323.6800,1.799822
FILLER_114_176,VPWR,li1,87.1700,323.6800,1.799822
FILLER_114_173,VPWR,li1,85.7900,323.6800,1.799825
FILLER_114_170,VPWR,li1,84.4100,323.6800,1.799825
FILLER_114_144,VPWR,li1,72.2200,323.6800,1.799843
FILLER_114_141,VPWR,li1,71.0700,323.6800,1.799843
FILLER_114_138,VPWR,li1,69.4600,323.6800,1.799847
FILLER_114_128,VPWR,li1,64.8600,323.6800,1.799858
FILLER_114_109,VPWR,li1,56.1200,323.6800,1.799876
FILLER_114_106,VPWR,li1,54.9700,323.6800,1.799883
FILLER_114_103,VPWR,li1,53.5900,323.6800,1.799883
FILLER_114_100,VPWR,li1,52.2100,323.6800,1.799890
FILLER_114_97,VPWR,li1,50.8300,323.6800,1.799890
FILLER_114_94,VPWR,li1,49.4500,323.6800,1.799898
FILLER_114_91,VPWR,li1,48.0700,323.6800,1.799898
FILLER_114_88,VPWR,li1,46.6900,323.6800,1.799906
FILLER_114_85,VPWR,li1,45.3100,323.6800,1.799906
FILLER_114_83,VPWR,li1,43.9300,323.6800,1.799911
FILLER_114_80,VPWR,li1,43.0100,323.6800,1.799916
FILLER_114_77,VPWR,li1,41.6300,323.6800,1.799916
FILLER_114_74,VPWR,li1,40.2500,323.6800,1.799923
FILLER_114_71,VPWR,li1,38.8700,323.6800,1.799928
FILLER_114_68,VPWR,li1,37.4900,323.6800,1.799928
FILLER_114_65,VPWR,li1,36.1100,323.6800,1.799934
FILLER_114_62,VPWR,li1,34.7300,323.6800,1.799940
FILLER_114_59,VPWR,li1,33.3500,323.6800,1.799940
FILLER_114_56,VPWR,li1,31.9700,323.6800,1.799945
FILLER_114_53,VPWR,li1,30.5900,323.6800,1.799951
FILLER_114_50,VPWR,li1,29.2100,323.6800,1.799951
FILLER_114_47,VPWR,li1,27.8300,323.6800,1.799959
FILLER_114_44,VPWR,li1,26.4500,323.6800,1.799959
FILLER_114_41,VPWR,li1,25.0700,323.6800,1.799967
FILLER_114_38,VPWR,li1,23.6900,323.6800,1.799967
FILLER_114_35,VPWR,li1,22.3100,323.6800,1.799972
FILLER_114_32,VPWR,li1,20.9300,323.6800,1.799972
FILLER_114_29,VPWR,li1,19.5500,323.6800,1.799972
FILLER_114_27,VPWR,li1,18.1700,323.6800,1.799972
FILLER_114_24,VPWR,li1,17.2500,323.6800,1.799972
FILLER_114_21,VPWR,li1,15.8700,323.6800,1.799972
FILLER_114_18,VPWR,li1,14.4900,323.6800,1.799972
FILLER_114_15,VPWR,li1,13.1100,323.6800,1.799972
FILLER_114_12,VPWR,li1,11.7300,323.6800,1.799972
FILLER_114_9,VPWR,li1,10.3500,323.6800,1.799972
FILLER_114_6,VPWR,li1,8.9700,323.6800,1.799972
FILLER_114_3,VPWR,li1,7.5900,323.6800,1.799972
FILLER_113_685,VPWR,li1,321.3100,318.2400,1.799326
FILLER_113_682,VPWR,li1,319.9300,318.2400,1.799326
FILLER_113_679,VPWR,li1,318.5500,318.2400,1.799326
FILLER_113_676,VPWR,li1,317.1700,318.2400,1.799326
FILLER_113_673,VPWR,li1,315.7900,318.2400,1.799326
FILLER_113_671,VPWR,li1,314.4100,318.2400,1.799326
FILLER_113_668,VPWR,li1,313.4900,318.2400,1.799326
FILLER_113_665,VPWR,li1,312.1100,318.2400,1.799326
FILLER_113_662,VPWR,li1,310.7300,318.2400,1.799326
FILLER_113_659,VPWR,li1,309.3500,318.2400,1.799326
FILLER_113_656,VPWR,li1,307.9700,318.2400,1.799326
FILLER_113_653,VPWR,li1,306.5900,318.2400,1.799326
FILLER_113_650,VPWR,li1,305.2100,318.2400,1.799326
FILLER_113_647,VPWR,li1,303.8300,318.2400,1.799326
FILLER_113_644,VPWR,li1,302.4500,318.2400,1.799326
FILLER_113_641,VPWR,li1,301.0700,318.2400,1.799326
FILLER_113_638,VPWR,li1,299.6900,318.2400,1.799326
FILLER_113_635,VPWR,li1,298.3100,318.2400,1.799326
FILLER_113_632,VPWR,li1,296.9300,318.2400,1.799326
FILLER_113_629,VPWR,li1,295.5500,318.2400,1.799326
FILLER_113_626,VPWR,li1,294.1700,318.2400,1.799326
FILLER_113_623,VPWR,li1,292.7900,318.2400,1.799326
FILLER_113_620,VPWR,li1,291.4100,318.2400,1.799326
FILLER_113_617,VPWR,li1,290.0300,318.2400,1.799326
FILLER_113_614,VPWR,li1,288.4200,318.2400,1.799326
FILLER_113_611,VPWR,li1,287.2700,318.2400,1.799326
FILLER_113_608,VPWR,li1,285.8900,318.2400,1.799326
FILLER_113_605,VPWR,li1,284.5100,318.2400,1.799326
FILLER_113_602,VPWR,li1,283.1300,318.2400,1.799326
FILLER_113_599,VPWR,li1,281.7500,318.2400,1.799326
FILLER_113_596,VPWR,li1,280.3700,318.2400,1.799326
FILLER_113_593,VPWR,li1,278.9900,318.2400,1.799326
FILLER_113_590,VPWR,li1,277.6100,318.2400,1.799326
FILLER_113_587,VPWR,li1,276.2300,318.2400,1.799326
FILLER_113_584,VPWR,li1,274.8500,318.2400,1.799326
FILLER_113_581,VPWR,li1,273.4700,318.2400,1.799326
FILLER_113_578,VPWR,li1,272.0900,318.2400,1.799326
FILLER_113_575,VPWR,li1,270.7100,318.2400,1.799326
FILLER_113_572,VPWR,li1,269.3300,318.2400,1.799326
FILLER_113_561,VPWR,li1,264.2700,318.2400,1.799328
FILLER_113_559,VPWR,li1,262.8900,318.2400,1.799328
FILLER_113_533,VPWR,li1,250.9300,318.2400,1.799339
FILLER_113_530,VPWR,li1,250.0100,318.2400,1.799339
FILLER_113_502,VPWR,li1,236.9000,318.2400,1.799363
FILLER_113_499,VPWR,li1,235.7500,318.2400,1.799370
FILLER_113_469,VPWR,li1,221.7200,318.2400,1.799451
FILLER_113_466,VPWR,li1,220.5700,318.2400,1.799451
FILLER_113_429,VPWR,li1,203.3200,318.2400,1.799578
FILLER_113_426,VPWR,li1,202.1700,318.2400,1.799597
FILLER_113_390,VPWR,li1,185.3800,318.2400,1.799726
FILLER_113_371,VPWR,li1,176.6400,318.2400,1.799816
FILLER_113_368,VPWR,li1,175.4900,318.2400,1.799816
FILLER_113_284,VPWR,li1,136.6200,318.2400,1.799533
FILLER_113_281,VPWR,li1,135.4700,318.2400,1.799526
FILLER_113_243,VPWR,li1,117.9900,318.2400,1.799483
FILLER_113_225,VPWR,li1,109.2500,318.2400,1.799472
FILLER_113_215,VPWR,li1,104.6500,318.2400,1.799476
FILLER_113_179,VPWR,li1,88.3200,318.2400,1.799526
FILLER_113_176,VPWR,li1,87.1700,318.2400,1.799526
FILLER_113_166,VPWR,li1,82.3400,318.2400,1.799545
FILLER_113_140,VPWR,li1,70.1500,318.2400,1.799612
FILLER_113_113,VPWR,li1,57.9600,318.2400,1.799686
FILLER_113_102,VPWR,li1,52.9000,318.2400,1.799719
FILLER_113_99,VPWR,li1,51.7500,318.2400,1.799732
FILLER_113_96,VPWR,li1,50.3700,318.2400,1.799732
FILLER_113_93,VPWR,li1,48.9900,318.2400,1.799748
FILLER_113_90,VPWR,li1,47.6100,318.2400,1.799761
FILLER_113_87,VPWR,li1,46.2300,318.2400,1.799761
FILLER_113_84,VPWR,li1,44.8500,318.2400,1.799776
FILLER_113_81,VPWR,li1,43.4700,318.2400,1.799789
FILLER_113_78,VPWR,li1,42.0900,318.2400,1.799789
FILLER_113_75,VPWR,li1,40.7100,318.2400,1.799802
FILLER_113_72,VPWR,li1,39.3300,318.2400,1.799818
FILLER_113_69,VPWR,li1,37.9500,318.2400,1.799818
FILLER_113_66,VPWR,li1,36.5700,318.2400,1.799830
FILLER_113_63,VPWR,li1,35.1900,318.2400,1.799846
FILLER_113_60,VPWR,li1,33.8100,318.2400,1.799846
FILLER_113_57,VPWR,li1,32.4300,318.2400,1.799859
FILLER_113_55,VPWR,li1,31.0500,318.2400,1.799871
FILLER_113_52,VPWR,li1,30.1300,318.2400,1.799871
FILLER_113_49,VPWR,li1,28.7500,318.2400,1.799887
FILLER_113_46,VPWR,li1,27.3700,318.2400,1.799900
FILLER_113_43,VPWR,li1,25.9900,318.2400,1.799900
FILLER_113_40,VPWR,li1,24.6100,318.2400,1.799916
FILLER_113_37,VPWR,li1,23.2300,318.2400,1.799928
FILLER_113_34,VPWR,li1,21.8500,318.2400,1.799928
FILLER_113_31,VPWR,li1,20.4700,318.2400,1.799928
FILLER_113_28,VPWR,li1,19.0900,318.2400,1.799927
FILLER_113_25,VPWR,li1,17.7100,318.2400,1.799927
FILLER_113_22,VPWR,li1,16.3300,318.2400,1.799926
FILLER_113_19,VPWR,li1,14.9500,318.2400,1.799926
FILLER_113_16,VPWR,li1,13.5700,318.2400,1.799926
FILLER_113_13,VPWR,li1,12.1900,318.2400,1.799926
FILLER_113_10,VPWR,li1,10.8100,318.2400,1.799925
FILLER_113_7,VPWR,li1,9.4300,318.2400,1.799925
FILLER_112_687,VPWR,li1,321.7700,318.2400,1.799326
FILLER_112_684,VPWR,li1,320.8500,318.2400,1.799326
FILLER_112_681,VPWR,li1,319.4700,318.2400,1.799326
FILLER_112_678,VPWR,li1,318.0900,318.2400,1.799326
FILLER_112_675,VPWR,li1,316.7100,318.2400,1.799326
FILLER_112_672,VPWR,li1,315.3300,318.2400,1.799326
FILLER_112_669,VPWR,li1,313.9500,318.2400,1.799326
FILLER_112_666,VPWR,li1,312.5700,318.2400,1.799326
FILLER_112_663,VPWR,li1,311.1900,318.2400,1.799326
FILLER_112_660,VPWR,li1,309.8100,318.2400,1.799326
FILLER_112_657,VPWR,li1,308.4300,318.2400,1.799326
FILLER_112_654,VPWR,li1,307.0500,318.2400,1.799326
FILLER_112_651,VPWR,li1,305.6700,318.2400,1.799326
FILLER_112_648,VPWR,li1,304.2900,318.2400,1.799326
FILLER_112_645,VPWR,li1,302.9100,318.2400,1.799326
FILLER_112_643,VPWR,li1,301.5300,318.2400,1.799326
FILLER_112_640,VPWR,li1,300.6100,318.2400,1.799326
FILLER_112_637,VPWR,li1,299.2300,318.2400,1.799326
FILLER_112_634,VPWR,li1,297.8500,318.2400,1.799326
FILLER_112_631,VPWR,li1,296.4700,318.2400,1.799326
FILLER_112_628,VPWR,li1,295.0900,318.2400,1.799326
FILLER_112_625,VPWR,li1,293.7100,318.2400,1.799326
FILLER_112_622,VPWR,li1,292.3300,318.2400,1.799326
FILLER_112_619,VPWR,li1,290.9500,318.2400,1.799326
FILLER_112_616,VPWR,li1,289.5700,318.2400,1.799326
FILLER_112_613,VPWR,li1,288.1900,318.2400,1.799326
FILLER_112_610,VPWR,li1,286.8100,318.2400,1.799326
FILLER_112_607,VPWR,li1,285.4300,318.2400,1.799326
FILLER_112_604,VPWR,li1,284.0500,318.2400,1.799326
FILLER_112_601,VPWR,li1,282.6700,318.2400,1.799326
FILLER_112_598,VPWR,li1,281.2900,318.2400,1.799326
FILLER_112_595,VPWR,li1,279.9100,318.2400,1.799326
FILLER_112_592,VPWR,li1,278.5300,318.2400,1.799326
FILLER_112_589,VPWR,li1,277.1500,318.2400,1.799326
FILLER_112_587,VPWR,li1,275.7700,318.2400,1.799326
FILLER_112_584,VPWR,li1,274.8500,318.2400,1.799326
FILLER_112_581,VPWR,li1,273.4700,318.2400,1.799326
FILLER_112_578,VPWR,li1,272.0900,318.2400,1.799326
FILLER_112_533,VPWR,li1,250.9300,318.2400,1.799339
FILLER_112_497,VPWR,li1,234.3700,318.2400,1.799370
FILLER_112_494,VPWR,li1,233.4500,318.2400,1.799376
FILLER_112_473,VPWR,li1,223.7900,318.2400,1.799429
FILLER_112_429,VPWR,li1,203.3200,318.2400,1.799578
FILLER_112_418,VPWR,li1,198.2600,318.2400,1.799619
FILLER_112_403,VPWR,li1,191.1300,318.2400,1.799684
FILLER_112_382,VPWR,li1,181.9300,318.2400,1.799756
FILLER_112_338,VPWR,li1,161.2300,318.2400,1.799691
FILLER_112_309,VPWR,li1,148.3500,318.2400,1.799600
FILLER_112_256,VPWR,li1,123.5100,318.2400,1.799495
FILLER_112_253,VPWR,li1,122.5900,318.2400,1.799491
FILLER_112_243,VPWR,li1,117.5300,318.2400,1.799483
FILLER_112_178,VPWR,li1,87.6300,318.2400,1.799526
FILLER_112_141,VPWR,li1,71.0700,318.2400,1.799612
FILLER_112_138,VPWR,li1,69.4600,318.2400,1.799612
FILLER_112_100,VPWR,li1,52.2100,318.2400,1.799719
FILLER_112_97,VPWR,li1,50.8300,318.2400,1.799732
FILLER_112_94,VPWR,li1,49.4500,318.2400,1.799748
FILLER_112_91,VPWR,li1,48.0700,318.2400,1.799748
FILLER_112_88,VPWR,li1,46.6900,318.2400,1.799761
FILLER_112_85,VPWR,li1,45.3100,318.2400,1.799776
FILLER_112_83,VPWR,li1,43.9300,318.2400,1.799776
FILLER_112_80,VPWR,li1,43.0100,318.2400,1.799789
FILLER_112_77,VPWR,li1,41.6300,318.2400,1.799802
FILLER_112_74,VPWR,li1,40.2500,318.2400,1.799802
FILLER_112_71,VPWR,li1,38.8700,318.2400,1.799818
FILLER_112_68,VPWR,li1,37.4900,318.2400,1.799830
FILLER_112_65,VPWR,li1,36.1100,318.2400,1.799830
FILLER_112_62,VPWR,li1,34.7300,318.2400,1.799846
FILLER_112_59,VPWR,li1,33.3500,318.2400,1.799859
FILLER_112_56,VPWR,li1,31.9700,318.2400,1.799859
FILLER_112_53,VPWR,li1,30.5900,318.2400,1.799871
FILLER_112_50,VPWR,li1,29.2100,318.2400,1.799887
FILLER_112_47,VPWR,li1,27.8300,318.2400,1.799887
FILLER_112_44,VPWR,li1,26.4500,318.2400,1.799900
FILLER_112_41,VPWR,li1,25.0700,318.2400,1.799916
FILLER_112_38,VPWR,li1,23.6900,318.2400,1.799916
FILLER_112_35,VPWR,li1,22.3100,318.2400,1.799928
FILLER_112_32,VPWR,li1,20.9300,318.2400,1.799928
FILLER_112_29,VPWR,li1,19.5500,318.2400,1.799928
FILLER_112_25,VPWR,li1,17.7100,318.2400,1.799927
FILLER_112_22,VPWR,li1,16.3300,318.2400,1.799926
FILLER_112_19,VPWR,li1,14.9500,318.2400,1.799926
FILLER_112_16,VPWR,li1,13.5700,318.2400,1.799926
FILLER_112_13,VPWR,li1,12.1900,318.2400,1.799926
FILLER_112_10,VPWR,li1,10.8100,318.2400,1.799925
FILLER_112_7,VPWR,li1,9.4300,318.2400,1.799925
FILLER_111_685,VPWR,li1,321.3100,312.8000,1.799706
FILLER_111_682,VPWR,li1,319.9300,312.8000,1.799706
FILLER_111_679,VPWR,li1,318.5500,312.8000,1.799706
FILLER_111_676,VPWR,li1,317.1700,312.8000,1.799706
FILLER_111_673,VPWR,li1,315.7900,312.8000,1.799706
FILLER_111_671,VPWR,li1,314.4100,312.8000,1.799706
FILLER_111_668,VPWR,li1,313.4900,312.8000,1.799706
FILLER_111_665,VPWR,li1,312.1100,312.8000,1.799706
FILLER_111_662,VPWR,li1,310.7300,312.8000,1.799706
FILLER_111_659,VPWR,li1,309.3500,312.8000,1.799706
FILLER_111_656,VPWR,li1,307.9700,312.8000,1.799706
FILLER_111_653,VPWR,li1,306.5900,312.8000,1.799706
FILLER_111_650,VPWR,li1,305.2100,312.8000,1.799706
FILLER_111_647,VPWR,li1,303.8300,312.8000,1.799706
FILLER_111_644,VPWR,li1,302.4500,312.8000,1.799706
FILLER_111_641,VPWR,li1,301.0700,312.8000,1.799706
FILLER_111_638,VPWR,li1,299.6900,312.8000,1.799706
FILLER_111_635,VPWR,li1,298.3100,312.8000,1.799706
FILLER_111_632,VPWR,li1,296.9300,312.8000,1.799706
FILLER_111_629,VPWR,li1,295.5500,312.8000,1.799706
FILLER_111_626,VPWR,li1,294.1700,312.8000,1.799706
FILLER_111_623,VPWR,li1,292.7900,312.8000,1.799706
FILLER_111_620,VPWR,li1,291.4100,312.8000,1.799706
FILLER_111_617,VPWR,li1,290.0300,312.8000,1.799706
FILLER_111_614,VPWR,li1,288.4200,312.8000,1.799706
FILLER_111_611,VPWR,li1,287.2700,312.8000,1.799706
FILLER_111_608,VPWR,li1,285.8900,312.8000,1.799706
FILLER_111_605,VPWR,li1,284.5100,312.8000,1.799706
FILLER_111_602,VPWR,li1,283.1300,312.8000,1.799706
FILLER_111_599,VPWR,li1,281.7500,312.8000,1.799706
FILLER_111_596,VPWR,li1,280.3700,312.8000,1.799706
FILLER_111_593,VPWR,li1,278.9900,312.8000,1.799706
FILLER_111_590,VPWR,li1,277.6100,312.8000,1.799706
FILLER_111_587,VPWR,li1,276.2300,312.8000,1.799706
FILLER_111_584,VPWR,li1,274.8500,312.8000,1.799706
FILLER_111_581,VPWR,li1,273.4700,312.8000,1.799706
FILLER_111_578,VPWR,li1,272.0900,312.8000,1.799706
FILLER_111_575,VPWR,li1,270.7100,312.8000,1.799706
FILLER_111_572,VPWR,li1,269.3300,312.8000,1.799706
FILLER_111_569,VPWR,li1,267.9500,312.8000,1.799706
FILLER_111_542,VPWR,li1,255.0700,312.8000,1.799709
FILLER_111_505,VPWR,li1,238.5100,312.8000,1.799722
FILLER_111_494,VPWR,li1,233.2200,312.8000,1.799726
FILLER_111_468,VPWR,li1,221.0300,312.8000,1.799744
FILLER_111_465,VPWR,li1,220.1100,312.8000,1.799744
FILLER_111_447,VPWR,li1,211.3700,312.8000,1.799760
FILLER_111_444,VPWR,li1,210.4500,312.8000,1.799760
FILLER_111_433,VPWR,li1,205.3900,312.8000,1.799771
FILLER_111_430,VPWR,li1,204.0100,312.8000,1.799771
FILLER_111_410,VPWR,li1,194.8100,312.8000,1.799819
FILLER_111_407,VPWR,li1,193.4300,312.8000,1.799819
FILLER_111_396,VPWR,li1,188.3700,312.8000,1.799855
FILLER_111_393,VPWR,li1,186.9900,312.8000,1.799855
FILLER_111_389,VPWR,li1,185.1500,312.8000,1.799865
FILLER_111_386,VPWR,li1,183.7700,312.8000,1.799877
FILLER_111_375,VPWR,li1,178.7100,312.8000,1.799909
FILLER_111_372,VPWR,li1,177.3300,312.8000,1.799909
FILLER_111_340,VPWR,li1,162.1500,312.8000,1.799897
FILLER_111_337,VPWR,li1,161.2300,312.8000,1.799892
FILLER_111_317,VPWR,li1,151.5700,312.8000,1.799878
FILLER_111_314,VPWR,li1,150.6500,312.8000,1.799878
FILLER_111_304,VPWR,li1,145.8200,312.8000,1.799870
FILLER_111_301,VPWR,li1,144.6700,312.8000,1.799870
FILLER_111_281,VPWR,li1,135.4700,312.8000,1.799863
FILLER_111_253,VPWR,li1,122.1300,312.8000,1.799862
FILLER_111_250,VPWR,li1,121.2100,312.8000,1.799862
FILLER_111_239,VPWR,li1,116.1500,312.8000,1.799862
FILLER_111_228,VPWR,li1,110.8600,312.8000,1.799862
FILLER_111_225,VPWR,li1,109.7100,312.8000,1.799862
FILLER_111_213,VPWR,li1,103.9600,312.8000,1.799862
FILLER_111_177,VPWR,li1,87.1700,312.8000,1.799866
FILLER_111_141,VPWR,li1,70.6100,312.8000,1.799886
FILLER_111_138,VPWR,li1,69.6900,312.8000,1.799888
FILLER_111_119,VPWR,li1,60.4900,312.8000,1.799904
FILLER_111_116,VPWR,li1,59.5700,312.8000,1.799904
FILLER_111_113,VPWR,li1,58.1900,312.8000,1.799908
FILLER_111_102,VPWR,li1,52.9000,312.8000,1.799919
FILLER_111_99,VPWR,li1,51.7500,312.8000,1.799919
FILLER_111_96,VPWR,li1,50.3700,312.8000,1.799924
FILLER_111_93,VPWR,li1,48.9900,312.8000,1.799927
FILLER_111_90,VPWR,li1,47.6100,312.8000,1.799927
FILLER_111_87,VPWR,li1,46.2300,312.8000,1.799932
FILLER_111_84,VPWR,li1,44.8500,312.8000,1.799936
FILLER_111_81,VPWR,li1,43.4700,312.8000,1.799936
FILLER_111_78,VPWR,li1,42.0900,312.8000,1.799939
FILLER_111_75,VPWR,li1,40.7100,312.8000,1.799944
FILLER_111_72,VPWR,li1,39.3300,312.8000,1.799944
FILLER_111_69,VPWR,li1,37.9500,312.8000,1.799948
FILLER_111_66,VPWR,li1,36.5700,312.8000,1.799952
FILLER_111_63,VPWR,li1,35.1900,312.8000,1.799952
FILLER_111_60,VPWR,li1,33.8100,312.8000,1.799956
FILLER_111_57,VPWR,li1,32.4300,312.8000,1.799960
FILLER_111_54,VPWR,li1,30.8200,312.8000,1.799963
FILLER_111_51,VPWR,li1,29.6700,312.8000,1.799963
FILLER_111_48,VPWR,li1,28.2900,312.8000,1.799967
FILLER_111_45,VPWR,li1,26.9100,312.8000,1.799972
FILLER_111_42,VPWR,li1,25.5300,312.8000,1.799972
FILLER_111_39,VPWR,li1,24.1500,312.8000,1.799975
FILLER_111_36,VPWR,li1,22.7700,312.8000,1.799980
FILLER_111_33,VPWR,li1,21.3900,312.8000,1.799980
FILLER_111_30,VPWR,li1,20.0100,312.8000,1.799980
FILLER_111_27,VPWR,li1,18.6300,312.8000,1.799980
FILLER_111_24,VPWR,li1,17.2500,312.8000,1.799980
FILLER_111_21,VPWR,li1,15.8700,312.8000,1.799980
FILLER_111_18,VPWR,li1,14.4900,312.8000,1.799980
FILLER_111_15,VPWR,li1,13.1100,312.8000,1.799980
FILLER_111_12,VPWR,li1,11.7300,312.8000,1.799980
FILLER_111_9,VPWR,li1,10.3500,312.8000,1.799980
FILLER_111_6,VPWR,li1,8.9700,312.8000,1.799980
FILLER_111_3,VPWR,li1,7.5900,312.8000,1.799980
FILLER_110_687,VPWR,li1,321.7700,312.8000,1.799706
FILLER_110_684,VPWR,li1,320.8500,312.8000,1.799706
FILLER_110_681,VPWR,li1,319.4700,312.8000,1.799706
FILLER_110_678,VPWR,li1,318.0900,312.8000,1.799706
FILLER_110_675,VPWR,li1,316.7100,312.8000,1.799706
FILLER_110_672,VPWR,li1,315.3300,312.8000,1.799706
FILLER_110_669,VPWR,li1,313.9500,312.8000,1.799706
FILLER_110_666,VPWR,li1,312.5700,312.8000,1.799706
FILLER_110_663,VPWR,li1,311.1900,312.8000,1.799706
FILLER_110_660,VPWR,li1,309.8100,312.8000,1.799706
FILLER_110_657,VPWR,li1,308.4300,312.8000,1.799706
FILLER_110_654,VPWR,li1,307.0500,312.8000,1.799706
FILLER_110_651,VPWR,li1,305.6700,312.8000,1.799706
FILLER_110_648,VPWR,li1,304.2900,312.8000,1.799706
FILLER_110_645,VPWR,li1,302.9100,312.8000,1.799706
FILLER_110_641,VPWR,li1,301.0700,312.8000,1.799706
FILLER_110_638,VPWR,li1,299.6900,312.8000,1.799706
FILLER_110_635,VPWR,li1,298.3100,312.8000,1.799706
FILLER_110_632,VPWR,li1,296.9300,312.8000,1.799706
FILLER_110_629,VPWR,li1,295.5500,312.8000,1.799706
FILLER_110_619,VPWR,li1,290.7200,312.8000,1.799706
FILLER_110_616,VPWR,li1,289.5700,312.8000,1.799706
FILLER_110_613,VPWR,li1,288.1900,312.8000,1.799706
FILLER_110_610,VPWR,li1,286.8100,312.8000,1.799706
FILLER_110_607,VPWR,li1,285.4300,312.8000,1.799706
FILLER_110_604,VPWR,li1,284.0500,312.8000,1.799706
FILLER_110_601,VPWR,li1,282.6700,312.8000,1.799706
FILLER_110_598,VPWR,li1,281.2900,312.8000,1.799706
FILLER_110_595,VPWR,li1,279.9100,312.8000,1.799706
FILLER_110_592,VPWR,li1,278.5300,312.8000,1.799706
FILLER_110_589,VPWR,li1,277.1500,312.8000,1.799706
FILLER_110_586,VPWR,li1,275.5400,312.8000,1.799706
FILLER_110_583,VPWR,li1,274.3900,312.8000,1.799706
FILLER_110_580,VPWR,li1,273.0100,312.8000,1.799706
FILLER_110_577,VPWR,li1,271.6300,312.8000,1.799706
FILLER_110_574,VPWR,li1,270.2500,312.8000,1.799706
FILLER_110_571,VPWR,li1,268.8700,312.8000,1.799706
FILLER_110_568,VPWR,li1,267.4900,312.8000,1.799706
FILLER_110_560,VPWR,li1,263.3500,312.8000,1.799706
FILLER_110_529,VPWR,li1,249.5500,312.8000,1.799714
FILLER_110_526,VPWR,li1,248.1700,312.8000,1.799714
FILLER_110_507,VPWR,li1,238.9700,312.8000,1.799722
FILLER_110_504,VPWR,li1,238.0500,312.8000,1.799722
FILLER_110_477,VPWR,li1,225.1700,312.8000,1.799737
FILLER_110_467,VPWR,li1,220.5700,312.8000,1.799744
FILLER_110_440,VPWR,li1,208.1500,312.8000,1.799764
FILLER_110_385,VPWR,li1,183.0800,312.8000,1.799877
FILLER_110_382,VPWR,li1,181.9300,312.8000,1.799891
FILLER_110_379,VPWR,li1,180.5500,312.8000,1.799891
FILLER_110_299,VPWR,li1,143.2900,312.8000,1.799867
FILLER_110_296,VPWR,li1,142.3700,312.8000,1.799867
FILLER_110_253,VPWR,li1,122.3600,312.8000,1.799862
FILLER_110_250,VPWR,li1,120.9800,312.8000,1.799862
FILLER_110_247,VPWR,li1,119.8300,312.8000,1.799862
FILLER_110_220,VPWR,li1,107.1800,312.8000,1.799862
FILLER_110_217,VPWR,li1,106.0300,312.8000,1.799862
FILLER_110_200,VPWR,li1,97.7500,312.8000,1.799862
FILLER_110_197,VPWR,li1,96.8300,312.8000,1.799863
FILLER_110_178,VPWR,li1,87.8600,312.8000,1.799866
FILLER_110_158,VPWR,li1,78.8900,312.8000,1.799875
FILLER_110_139,VPWR,li1,69.6900,312.8000,1.799888
FILLER_110_136,VPWR,li1,68.7700,312.8000,1.799888
FILLER_110_100,VPWR,li1,52.2100,312.8000,1.799919
FILLER_110_97,VPWR,li1,50.8300,312.8000,1.799924
FILLER_110_94,VPWR,li1,49.4500,312.8000,1.799924
FILLER_110_91,VPWR,li1,48.0700,312.8000,1.799927
FILLER_110_88,VPWR,li1,46.6900,312.8000,1.799932
FILLER_110_85,VPWR,li1,45.3100,312.8000,1.799932
FILLER_110_83,VPWR,li1,43.9300,312.8000,1.799936
FILLER_110_80,VPWR,li1,43.0100,312.8000,1.799939
FILLER_110_77,VPWR,li1,41.6300,312.8000,1.799939
FILLER_110_74,VPWR,li1,40.2500,312.8000,1.799944
FILLER_110_71,VPWR,li1,38.8700,312.8000,1.799948
FILLER_110_68,VPWR,li1,37.4900,312.8000,1.799948
FILLER_110_65,VPWR,li1,36.1100,312.8000,1.799952
FILLER_110_62,VPWR,li1,34.7300,312.8000,1.799956
FILLER_110_59,VPWR,li1,33.3500,312.8000,1.799956
FILLER_110_56,VPWR,li1,31.9700,312.8000,1.799960
FILLER_110_53,VPWR,li1,30.5900,312.8000,1.799963
FILLER_110_50,VPWR,li1,29.2100,312.8000,1.799967
FILLER_110_47,VPWR,li1,27.8300,312.8000,1.799967
FILLER_110_44,VPWR,li1,26.4500,312.8000,1.799972
FILLER_110_41,VPWR,li1,25.0700,312.8000,1.799975
FILLER_110_38,VPWR,li1,23.6900,312.8000,1.799975
FILLER_110_35,VPWR,li1,22.3100,312.8000,1.799980
FILLER_110_32,VPWR,li1,20.9300,312.8000,1.799980
FILLER_110_29,VPWR,li1,19.5500,312.8000,1.799980
FILLER_110_27,VPWR,li1,18.1700,312.8000,1.799980
FILLER_110_24,VPWR,li1,17.2500,312.8000,1.799980
FILLER_110_21,VPWR,li1,15.8700,312.8000,1.799980
FILLER_110_18,VPWR,li1,14.4900,312.8000,1.799980
FILLER_110_15,VPWR,li1,13.1100,312.8000,1.799980
FILLER_110_12,VPWR,li1,11.7300,312.8000,1.799980
FILLER_110_9,VPWR,li1,10.3500,312.8000,1.799980
FILLER_110_6,VPWR,li1,8.9700,312.8000,1.799980
FILLER_110_3,VPWR,li1,7.5900,312.8000,1.799980
FILLER_109_685,VPWR,li1,321.3100,307.3600,1.799665
FILLER_109_682,VPWR,li1,319.9300,307.3600,1.799665
FILLER_109_679,VPWR,li1,318.5500,307.3600,1.799665
FILLER_109_676,VPWR,li1,317.1700,307.3600,1.799665
FILLER_109_673,VPWR,li1,315.7900,307.3600,1.799665
FILLER_109_669,VPWR,li1,313.9500,307.3600,1.799665
FILLER_109_666,VPWR,li1,312.5700,307.3600,1.799665
FILLER_109_663,VPWR,li1,311.1900,307.3600,1.799665
FILLER_109_660,VPWR,li1,309.8100,307.3600,1.799665
FILLER_109_657,VPWR,li1,308.4300,307.3600,1.799665
FILLER_109_654,VPWR,li1,307.0500,307.3600,1.799665
FILLER_109_651,VPWR,li1,305.6700,307.3600,1.799665
FILLER_109_648,VPWR,li1,304.2900,307.3600,1.799665
FILLER_109_645,VPWR,li1,302.9100,307.3600,1.799665
FILLER_109_642,VPWR,li1,301.5300,307.3600,1.799665
FILLER_109_639,VPWR,li1,300.1500,307.3600,1.799665
FILLER_109_620,VPWR,li1,291.1800,307.3600,1.799669
FILLER_109_617,VPWR,li1,290.0300,307.3600,1.799671
FILLER_109_613,VPWR,li1,288.1900,307.3600,1.799674
FILLER_109_610,VPWR,li1,286.8100,307.3600,1.799674
FILLER_109_607,VPWR,li1,285.4300,307.3600,1.799676
FILLER_109_604,VPWR,li1,284.0500,307.3600,1.799679
FILLER_109_601,VPWR,li1,282.6700,307.3600,1.799679
FILLER_109_598,VPWR,li1,281.2900,307.3600,1.799681
FILLER_109_589,VPWR,li1,276.6900,307.3600,1.799686
FILLER_109_586,VPWR,li1,275.7700,307.3600,1.799689
FILLER_109_583,VPWR,li1,274.3900,307.3600,1.799689
FILLER_109_572,VPWR,li1,269.3300,307.3600,1.799696
FILLER_109_569,VPWR,li1,267.9500,307.3600,1.799696
FILLER_109_566,VPWR,li1,266.5700,307.3600,1.799699
FILLER_109_543,VPWR,li1,255.7600,307.3600,1.799713
FILLER_109_540,VPWR,li1,254.6100,307.3600,1.799713
FILLER_109_537,VPWR,li1,252.7700,307.3600,1.799717
FILLER_109_534,VPWR,li1,251.8500,307.3600,1.799717
FILLER_109_525,VPWR,li1,247.2500,307.3600,1.799725
FILLER_109_522,VPWR,li1,246.3300,307.3600,1.799725
FILLER_109_519,VPWR,li1,244.9500,307.3600,1.799729
FILLER_109_516,VPWR,li1,243.5700,307.3600,1.799729
FILLER_109_505,VPWR,li1,238.5100,307.3600,1.799739
FILLER_109_501,VPWR,li1,236.6700,307.3600,1.799742
FILLER_109_498,VPWR,li1,235.2900,307.3600,1.799742
FILLER_109_479,VPWR,li1,226.0900,307.3600,1.799762
FILLER_109_438,VPWR,li1,207.4600,307.3600,1.799803
FILLER_109_393,VPWR,li1,186.5300,307.3600,1.799879
FILLER_109_389,VPWR,li1,185.1500,307.3600,1.799888
FILLER_109_386,VPWR,li1,183.7700,307.3600,1.799888
FILLER_109_383,VPWR,li1,182.3900,307.3600,1.799900
FILLER_109_380,VPWR,li1,181.0100,307.3600,1.799900
FILLER_109_377,VPWR,li1,179.6300,307.3600,1.799912
FILLER_109_374,VPWR,li1,178.2500,307.3600,1.799912
FILLER_109_348,VPWR,li1,165.8300,307.3600,1.799897
FILLER_109_337,VPWR,li1,161.2300,307.3600,1.799882
FILLER_109_328,VPWR,li1,156.6300,307.3600,1.799872
FILLER_109_325,VPWR,li1,155.7100,307.3600,1.799868
FILLER_109_281,VPWR,li1,135.0100,307.3600,1.799832
FILLER_109_269,VPWR,li1,129.9500,307.3600,1.799825
FILLER_109_266,VPWR,li1,128.5700,307.3600,1.799822
FILLER_109_263,VPWR,li1,127.1900,307.3600,1.799822
FILLER_109_260,VPWR,li1,125.8100,307.3600,1.799820
FILLER_109_257,VPWR,li1,124.4300,307.3600,1.799817
FILLER_109_254,VPWR,li1,123.0500,307.3600,1.799817
FILLER_109_251,VPWR,li1,121.6700,307.3600,1.799814
FILLER_109_221,VPWR,li1,107.8700,307.3600,1.799807
FILLER_109_211,VPWR,li1,103.0400,307.3600,1.799806
FILLER_109_208,VPWR,li1,101.8900,307.3600,1.799807
FILLER_109_197,VPWR,li1,96.8300,307.3600,1.799807
FILLER_109_187,VPWR,li1,92.0000,307.3600,1.799807
FILLER_109_184,VPWR,li1,90.8500,307.3600,1.799808
FILLER_109_181,VPWR,li1,89.4700,307.3600,1.799808
FILLER_109_172,VPWR,li1,84.8700,307.3600,1.799808
FILLER_109_169,VPWR,li1,83.9500,307.3600,1.799808
FILLER_109_158,VPWR,li1,78.4300,307.3600,1.799809
FILLER_109_155,VPWR,li1,77.5100,307.3600,1.799809
FILLER_109_141,VPWR,li1,70.6100,307.3600,1.799811
FILLER_109_138,VPWR,li1,69.6900,307.3600,1.799812
FILLER_109_135,VPWR,li1,68.3100,307.3600,1.799812
FILLER_109_132,VPWR,li1,66.9300,307.3600,1.799813
FILLER_109_102,VPWR,li1,52.9000,307.3600,1.799846
FILLER_109_99,VPWR,li1,51.7500,307.3600,1.799846
FILLER_109_96,VPWR,li1,50.3700,307.3600,1.799855
FILLER_109_93,VPWR,li1,48.9900,307.3600,1.799862
FILLER_109_90,VPWR,li1,47.6100,307.3600,1.799862
FILLER_109_87,VPWR,li1,46.2300,307.3600,1.799870
FILLER_109_84,VPWR,li1,44.8500,307.3600,1.799877
FILLER_109_81,VPWR,li1,43.4700,307.3600,1.799877
FILLER_109_78,VPWR,li1,42.0900,307.3600,1.799884
FILLER_109_75,VPWR,li1,40.7100,307.3600,1.799893
FILLER_109_72,VPWR,li1,39.3300,307.3600,1.799893
FILLER_109_69,VPWR,li1,37.9500,307.3600,1.799900
FILLER_109_66,VPWR,li1,36.5700,307.3600,1.799909
FILLER_109_63,VPWR,li1,35.1900,307.3600,1.799909
FILLER_109_60,VPWR,li1,33.8100,307.3600,1.799916
FILLER_109_57,VPWR,li1,32.4300,307.3600,1.799923
FILLER_109_54,VPWR,li1,30.8200,307.3600,1.799930
FILLER_109_51,VPWR,li1,29.6700,307.3600,1.799930
FILLER_109_48,VPWR,li1,28.2900,307.3600,1.799937
FILLER_109_45,VPWR,li1,26.9100,307.3600,1.799946
FILLER_109_42,VPWR,li1,25.5300,307.3600,1.799946
FILLER_109_39,VPWR,li1,24.1500,307.3600,1.799953
FILLER_109_36,VPWR,li1,22.7700,307.3600,1.799962
FILLER_109_33,VPWR,li1,21.3900,307.3600,1.799962
FILLER_109_30,VPWR,li1,20.0100,307.3600,1.799962
FILLER_109_27,VPWR,li1,18.6300,307.3600,1.799962
FILLER_109_24,VPWR,li1,17.2500,307.3600,1.799962
FILLER_109_21,VPWR,li1,15.8700,307.3600,1.799962
FILLER_109_18,VPWR,li1,14.4900,307.3600,1.799962
FILLER_109_15,VPWR,li1,13.1100,307.3600,1.799962
FILLER_109_12,VPWR,li1,11.7300,307.3600,1.799962
FILLER_109_9,VPWR,li1,10.3500,307.3600,1.799962
FILLER_109_6,VPWR,li1,8.9700,307.3600,1.799962
FILLER_109_3,VPWR,li1,7.5900,307.3600,1.799962
FILLER_108_687,VPWR,li1,321.7700,307.3600,1.799665
FILLER_108_684,VPWR,li1,320.8500,307.3600,1.799665
FILLER_108_681,VPWR,li1,319.4700,307.3600,1.799665
FILLER_108_678,VPWR,li1,318.0900,307.3600,1.799665
FILLER_108_675,VPWR,li1,316.7100,307.3600,1.799665
FILLER_108_672,VPWR,li1,315.3300,307.3600,1.799665
FILLER_108_669,VPWR,li1,313.9500,307.3600,1.799665
FILLER_108_666,VPWR,li1,312.5700,307.3600,1.799665
FILLER_108_663,VPWR,li1,311.1900,307.3600,1.799665
FILLER_108_660,VPWR,li1,309.8100,307.3600,1.799665
FILLER_108_657,VPWR,li1,308.4300,307.3600,1.799665
FILLER_108_654,VPWR,li1,307.0500,307.3600,1.799665
FILLER_108_651,VPWR,li1,305.6700,307.3600,1.799665
FILLER_108_648,VPWR,li1,304.2900,307.3600,1.799665
FILLER_108_645,VPWR,li1,302.9100,307.3600,1.799665
FILLER_108_643,VPWR,li1,301.5300,307.3600,1.799665
FILLER_108_616,VPWR,li1,289.3400,307.3600,1.799671
FILLER_108_606,VPWR,li1,284.7400,307.3600,1.799676
FILLER_108_603,VPWR,li1,283.5900,307.3600,1.799679
FILLER_108_600,VPWR,li1,282.2100,307.3600,1.799681
FILLER_108_597,VPWR,li1,280.8300,307.3600,1.799681
FILLER_108_570,VPWR,li1,268.1800,307.3600,1.799696
FILLER_108_567,VPWR,li1,267.0300,307.3600,1.799699
FILLER_108_564,VPWR,li1,265.6500,307.3600,1.799699
FILLER_108_561,VPWR,li1,264.2700,307.3600,1.799702
FILLER_108_543,VPWR,li1,255.7600,307.3600,1.799713
FILLER_108_540,VPWR,li1,254.6100,307.3600,1.799713
FILLER_108_531,VPWR,li1,250.0100,307.3600,1.799721
FILLER_108_528,VPWR,li1,249.0900,307.3600,1.799721
FILLER_108_525,VPWR,li1,247.7100,307.3600,1.799725
FILLER_108_522,VPWR,li1,246.3300,307.3600,1.799725
FILLER_108_519,VPWR,li1,244.9500,307.3600,1.799729
FILLER_108_516,VPWR,li1,243.5700,307.3600,1.799729
FILLER_108_513,VPWR,li1,242.1900,307.3600,1.799733
FILLER_108_510,VPWR,li1,240.8100,307.3600,1.799733
FILLER_108_502,VPWR,li1,237.1300,307.3600,1.799739
FILLER_108_459,VPWR,li1,216.8900,307.3600,1.799779
FILLER_108_441,VPWR,li1,208.6100,307.3600,1.799803
FILLER_108_438,VPWR,li1,207.6900,307.3600,1.799803
FILLER_108_435,VPWR,li1,206.3100,307.3600,1.799810
FILLER_108_432,VPWR,li1,204.9300,307.3600,1.799810
FILLER_108_429,VPWR,li1,203.5500,307.3600,1.799816
FILLER_108_383,VPWR,li1,182.3900,307.3600,1.799900
FILLER_108_380,VPWR,li1,181.0100,307.3600,1.799900
FILLER_108_346,VPWR,li1,164.9100,307.3600,1.799891
FILLER_108_343,VPWR,li1,163.9900,307.3600,1.799891
FILLER_108_334,VPWR,li1,159.3900,307.3600,1.799877
FILLER_108_331,VPWR,li1,158.4700,307.3600,1.799877
FILLER_108_324,VPWR,li1,154.7900,307.3600,1.799868
FILLER_108_306,VPWR,li1,146.7400,307.3600,1.799851
FILLER_108_286,VPWR,li1,137.5400,307.3600,1.799836
FILLER_108_277,VPWR,li1,133.1700,307.3600,1.799829
FILLER_108_274,VPWR,li1,132.2500,307.3600,1.799829
FILLER_108_271,VPWR,li1,130.8700,307.3600,1.799825
FILLER_108_268,VPWR,li1,129.4900,307.3600,1.799825
FILLER_108_265,VPWR,li1,128.1100,307.3600,1.799822
FILLER_108_262,VPWR,li1,126.7300,307.3600,1.799820
FILLER_108_259,VPWR,li1,125.3500,307.3600,1.799820
FILLER_108_256,VPWR,li1,123.9700,307.3600,1.799817
FILLER_108_253,VPWR,li1,122.5900,307.3600,1.799814
FILLER_108_250,VPWR,li1,120.9800,307.3600,1.799814
FILLER_108_231,VPWR,li1,112.2400,307.3600,1.799807
FILLER_108_222,VPWR,li1,107.8700,307.3600,1.799807
FILLER_108_214,VPWR,li1,104.4200,307.3600,1.799806
FILLER_108_211,VPWR,li1,103.2700,307.3600,1.799806
FILLER_108_208,VPWR,li1,101.8900,307.3600,1.799807
FILLER_108_205,VPWR,li1,100.5100,307.3600,1.799807
FILLER_108_187,VPWR,li1,91.7700,307.3600,1.799807
FILLER_108_184,VPWR,li1,90.8500,307.3600,1.799808
FILLER_108_181,VPWR,li1,89.4700,307.3600,1.799808
FILLER_108_178,VPWR,li1,88.0900,307.3600,1.799808
FILLER_108_175,VPWR,li1,86.7100,307.3600,1.799808
FILLER_108_150,VPWR,li1,75.2100,307.3600,1.799810
FILLER_108_141,VPWR,li1,70.8400,307.3600,1.799811
FILLER_108_137,VPWR,li1,69.2300,307.3600,1.799812
FILLER_108_134,VPWR,li1,67.8500,307.3600,1.799813
FILLER_108_131,VPWR,li1,66.4700,307.3600,1.799813
FILLER_108_97,VPWR,li1,50.3700,307.3600,1.799855
FILLER_108_94,VPWR,li1,49.4500,307.3600,1.799855
FILLER_108_91,VPWR,li1,48.0700,307.3600,1.799862
FILLER_108_88,VPWR,li1,46.6900,307.3600,1.799870
FILLER_108_85,VPWR,li1,45.3100,307.3600,1.799870
FILLER_108_83,VPWR,li1,43.9300,307.3600,1.799877
FILLER_108_80,VPWR,li1,43.0100,307.3600,1.799884
FILLER_108_77,VPWR,li1,41.6300,307.3600,1.799884
FILLER_108_74,VPWR,li1,40.2500,307.3600,1.799893
FILLER_108_71,VPWR,li1,38.8700,307.3600,1.799900
FILLER_108_68,VPWR,li1,37.4900,307.3600,1.799900
FILLER_108_65,VPWR,li1,36.1100,307.3600,1.799909
FILLER_108_62,VPWR,li1,34.7300,307.3600,1.799916
FILLER_108_59,VPWR,li1,33.3500,307.3600,1.799916
FILLER_108_56,VPWR,li1,31.9700,307.3600,1.799923
FILLER_108_53,VPWR,li1,30.5900,307.3600,1.799930
FILLER_108_50,VPWR,li1,29.2100,307.3600,1.799937
FILLER_108_47,VPWR,li1,27.8300,307.3600,1.799937
FILLER_108_44,VPWR,li1,26.4500,307.3600,1.799946
FILLER_108_41,VPWR,li1,25.0700,307.3600,1.799953
FILLER_108_38,VPWR,li1,23.6900,307.3600,1.799953
FILLER_108_35,VPWR,li1,22.3100,307.3600,1.799962
FILLER_108_32,VPWR,li1,20.9300,307.3600,1.799962
FILLER_108_29,VPWR,li1,19.5500,307.3600,1.799962
FILLER_108_27,VPWR,li1,18.1700,307.3600,1.799962
FILLER_108_24,VPWR,li1,17.2500,307.3600,1.799962
FILLER_108_21,VPWR,li1,15.8700,307.3600,1.799962
FILLER_108_18,VPWR,li1,14.4900,307.3600,1.799962
FILLER_108_15,VPWR,li1,13.1100,307.3600,1.799962
FILLER_108_12,VPWR,li1,11.7300,307.3600,1.799962
FILLER_108_9,VPWR,li1,10.3500,307.3600,1.799962
FILLER_108_6,VPWR,li1,8.9700,307.3600,1.799962
FILLER_108_3,VPWR,li1,7.5900,307.3600,1.799962
FILLER_107_685,VPWR,li1,321.3100,301.9200,1.798821
FILLER_107_682,VPWR,li1,319.9300,301.9200,1.798821
FILLER_107_679,VPWR,li1,318.5500,301.9200,1.798821
FILLER_107_676,VPWR,li1,317.1700,301.9200,1.798821
FILLER_107_673,VPWR,li1,315.7900,301.9200,1.798821
FILLER_107_669,VPWR,li1,313.9500,301.9200,1.798821
FILLER_107_666,VPWR,li1,312.5700,301.9200,1.798821
FILLER_107_663,VPWR,li1,311.1900,301.9200,1.798821
FILLER_107_660,VPWR,li1,309.8100,301.9200,1.798821
FILLER_107_657,VPWR,li1,308.4300,301.9200,1.798821
FILLER_107_654,VPWR,li1,307.0500,301.9200,1.798821
FILLER_107_651,VPWR,li1,305.6700,301.9200,1.798821
FILLER_107_648,VPWR,li1,304.2900,301.9200,1.798821
FILLER_107_645,VPWR,li1,302.9100,301.9200,1.798821
FILLER_107_642,VPWR,li1,301.5300,301.9200,1.798821
FILLER_107_614,VPWR,li1,288.4200,301.9200,1.798824
FILLER_107_604,VPWR,li1,283.8200,301.9200,1.798834
FILLER_107_567,VPWR,li1,267.0300,301.9200,1.798919
FILLER_107_564,VPWR,li1,265.6500,301.9200,1.798919
FILLER_107_561,VPWR,li1,264.2700,301.9200,1.798934
FILLER_107_559,VPWR,li1,262.8900,301.9200,1.798934
FILLER_107_529,VPWR,li1,249.5500,301.9200,1.799054
FILLER_107_526,VPWR,li1,248.1700,301.9200,1.799054
FILLER_107_523,VPWR,li1,246.7900,301.9200,1.799075
FILLER_107_520,VPWR,li1,245.4100,301.9200,1.799092
FILLER_107_517,VPWR,li1,244.0300,301.9200,1.799092
FILLER_107_514,VPWR,li1,242.6500,301.9200,1.799110
FILLER_107_511,VPWR,li1,241.2700,301.9200,1.799129
FILLER_107_508,VPWR,li1,239.8900,301.9200,1.799129
FILLER_107_505,VPWR,li1,238.5100,301.9200,1.799150
FILLER_107_495,VPWR,li1,233.4500,301.9200,1.799189
FILLER_107_484,VPWR,li1,228.8500,301.9200,1.799246
FILLER_107_481,VPWR,li1,227.4700,301.9200,1.799246
FILLER_107_478,VPWR,li1,226.0900,301.9200,1.799264
FILLER_107_475,VPWR,li1,224.7100,301.9200,1.799288
FILLER_107_437,VPWR,li1,207.2300,301.9200,1.799463
FILLER_107_434,VPWR,li1,205.8500,301.9200,1.799463
FILLER_107_431,VPWR,li1,204.4700,301.9200,1.799483
FILLER_107_396,VPWR,li1,188.1400,301.9200,1.799666
FILLER_107_393,VPWR,li1,186.9900,301.9200,1.799666
FILLER_107_391,VPWR,li1,185.6100,301.9200,1.799690
FILLER_107_388,VPWR,li1,184.6900,301.9200,1.799690
FILLER_107_376,VPWR,li1,178.7100,301.9200,1.799765
FILLER_107_373,VPWR,li1,177.7900,301.9200,1.799791
FILLER_107_337,VPWR,li1,161.2300,301.9200,1.799802
FILLER_107_327,VPWR,li1,156.1700,301.9200,1.799796
FILLER_107_324,VPWR,li1,155.2500,301.9200,1.799793
FILLER_107_321,VPWR,li1,153.8700,301.9200,1.799793
FILLER_107_318,VPWR,li1,152.4900,301.9200,1.799789
FILLER_107_315,VPWR,li1,151.1100,301.9200,1.799789
FILLER_107_296,VPWR,li1,142.1400,301.9200,1.799780
FILLER_107_284,VPWR,li1,136.3900,301.9200,1.799776
FILLER_107_281,VPWR,li1,135.4700,301.9200,1.799776
FILLER_107_279,VPWR,li1,134.0900,301.9200,1.799775
FILLER_107_276,VPWR,li1,133.1700,301.9200,1.799775
FILLER_107_273,VPWR,li1,131.7900,301.9200,1.799774
FILLER_107_270,VPWR,li1,130.4100,301.9200,1.799773
FILLER_107_247,VPWR,li1,119.8300,301.9200,1.799777
FILLER_107_244,VPWR,li1,118.4500,301.9200,1.799777
FILLER_107_228,VPWR,li1,110.6300,301.9200,1.799782
FILLER_107_225,VPWR,li1,109.7100,301.9200,1.799783
FILLER_107_222,VPWR,li1,108.1000,301.9200,1.799783
FILLER_107_213,VPWR,li1,103.7300,301.9200,1.799786
FILLER_107_178,VPWR,li1,87.8600,301.9200,1.799807
FILLER_107_175,VPWR,li1,86.7100,301.9200,1.799807
FILLER_107_172,VPWR,li1,85.3300,301.9200,1.799811
FILLER_107_169,VPWR,li1,83.9500,301.9200,1.799811
FILLER_107_165,VPWR,li1,82.1100,301.9200,1.799815
FILLER_107_162,VPWR,li1,80.7300,301.9200,1.799820
FILLER_107_159,VPWR,li1,79.3500,301.9200,1.799820
FILLER_107_150,VPWR,li1,74.9800,301.9200,1.799829
FILLER_107_147,VPWR,li1,73.8300,301.9200,1.799833
FILLER_107_144,VPWR,li1,72.4500,301.9200,1.799833
FILLER_107_141,VPWR,li1,71.0700,301.9200,1.799838
FILLER_107_138,VPWR,li1,69.6900,301.9200,1.799838
FILLER_107_135,VPWR,li1,68.3100,301.9200,1.799843
FILLER_107_132,VPWR,li1,66.9300,301.9200,1.799846
FILLER_107_129,VPWR,li1,65.5500,301.9200,1.799846
FILLER_107_93,VPWR,li1,48.7600,301.9200,1.799886
FILLER_107_90,VPWR,li1,47.6100,301.9200,1.799886
FILLER_107_87,VPWR,li1,46.2300,301.9200,1.799894
FILLER_107_84,VPWR,li1,44.8500,301.9200,1.799894
FILLER_107_81,VPWR,li1,43.4700,301.9200,1.799900
FILLER_107_78,VPWR,li1,42.0900,301.9200,1.799907
FILLER_107_75,VPWR,li1,40.7100,301.9200,1.799907
FILLER_107_72,VPWR,li1,39.3300,301.9200,1.799913
FILLER_107_69,VPWR,li1,37.9500,301.9200,1.799920
FILLER_107_66,VPWR,li1,36.5700,301.9200,1.799920
FILLER_107_63,VPWR,li1,35.1900,301.9200,1.799926
FILLER_107_60,VPWR,li1,33.8100,301.9200,1.799933
FILLER_107_57,VPWR,li1,32.4300,301.9200,1.799933
FILLER_107_54,VPWR,li1,30.8200,301.9200,1.799939
FILLER_107_51,VPWR,li1,29.6700,301.9200,1.799946
FILLER_107_48,VPWR,li1,28.2900,301.9200,1.799946
FILLER_107_45,VPWR,li1,26.9100,301.9200,1.799955
FILLER_107_42,VPWR,li1,25.5300,301.9200,1.799955
FILLER_107_39,VPWR,li1,24.1500,301.9200,1.799961
FILLER_107_36,VPWR,li1,22.7700,301.9200,1.799966
FILLER_107_33,VPWR,li1,21.3900,301.9200,1.799966
FILLER_107_30,VPWR,li1,20.0100,301.9200,1.799966
FILLER_107_27,VPWR,li1,18.6300,301.9200,1.799966
FILLER_107_24,VPWR,li1,17.2500,301.9200,1.799965
FILLER_107_21,VPWR,li1,15.8700,301.9200,1.799965
FILLER_107_18,VPWR,li1,14.4900,301.9200,1.799964
FILLER_107_15,VPWR,li1,13.1100,301.9200,1.799964
FILLER_107_12,VPWR,li1,11.7300,301.9200,1.799964
FILLER_107_9,VPWR,li1,10.3500,301.9200,1.799964
FILLER_106_687,VPWR,li1,321.7700,301.9200,1.798821
FILLER_106_684,VPWR,li1,320.8500,301.9200,1.798821
FILLER_106_681,VPWR,li1,319.4700,301.9200,1.798821
FILLER_106_678,VPWR,li1,318.0900,301.9200,1.798821
FILLER_106_675,VPWR,li1,316.7100,301.9200,1.798821
FILLER_106_672,VPWR,li1,315.3300,301.9200,1.798821
FILLER_106_669,VPWR,li1,313.9500,301.9200,1.798821
FILLER_106_666,VPWR,li1,312.5700,301.9200,1.798821
FILLER_106_663,VPWR,li1,311.1900,301.9200,1.798821
FILLER_106_660,VPWR,li1,309.8100,301.9200,1.798821
FILLER_106_657,VPWR,li1,308.4300,301.9200,1.798821
FILLER_106_654,VPWR,li1,307.0500,301.9200,1.798821
FILLER_106_651,VPWR,li1,305.6700,301.9200,1.798821
FILLER_106_648,VPWR,li1,304.2900,301.9200,1.798821
FILLER_106_645,VPWR,li1,302.9100,301.9200,1.798821
FILLER_106_643,VPWR,li1,301.5300,301.9200,1.798821
FILLER_106_561,VPWR,li1,263.8100,301.9200,1.798934
FILLER_106_533,VPWR,li1,251.3900,301.9200,1.799033
FILLER_106_530,VPWR,li1,249.7800,301.9200,1.799054
FILLER_106_527,VPWR,li1,248.6300,301.9200,1.799054
FILLER_106_524,VPWR,li1,247.2500,301.9200,1.799075
FILLER_106_521,VPWR,li1,245.8700,301.9200,1.799075
FILLER_106_518,VPWR,li1,244.4900,301.9200,1.799092
FILLER_106_483,VPWR,li1,228.3900,301.9200,1.799246
FILLER_106_480,VPWR,li1,227.0100,301.9200,1.799264
FILLER_106_477,VPWR,li1,225.6300,301.9200,1.799264
FILLER_106_448,VPWR,li1,211.8300,301.9200,1.799411
FILLER_106_445,VPWR,li1,210.9100,301.9200,1.799411
FILLER_106_442,VPWR,li1,209.5300,301.9200,1.799440
FILLER_106_439,VPWR,li1,208.1500,301.9200,1.799440
FILLER_106_436,VPWR,li1,206.7700,301.9200,1.799463
FILLER_106_433,VPWR,li1,205.3900,301.9200,1.799483
FILLER_106_430,VPWR,li1,204.0100,301.9200,1.799483
FILLER_106_427,VPWR,li1,202.6300,301.9200,1.799511
FILLER_106_424,VPWR,li1,201.2500,301.9200,1.799511
FILLER_106_421,VPWR,li1,199.8700,301.9200,1.799535
FILLER_106_419,VPWR,li1,198.4900,301.9200,1.799554
FILLER_106_371,VPWR,li1,176.8700,301.9200,1.799791
FILLER_106_368,VPWR,li1,175.4900,301.9200,1.799830
FILLER_106_365,VPWR,li1,174.1100,301.9200,1.799830
FILLER_106_361,VPWR,li1,172.2700,301.9200,1.799826
FILLER_106_327,VPWR,li1,156.1700,301.9200,1.799796
FILLER_106_324,VPWR,li1,155.2500,301.9200,1.799793
FILLER_106_321,VPWR,li1,153.8700,301.9200,1.799793
FILLER_106_318,VPWR,li1,152.4900,301.9200,1.799789
FILLER_106_315,VPWR,li1,151.1100,301.9200,1.799789
FILLER_106_312,VPWR,li1,149.7300,301.9200,1.799786
FILLER_106_309,VPWR,li1,148.3500,301.9200,1.799786
FILLER_106_307,VPWR,li1,146.9700,301.9200,1.799783
FILLER_106_301,VPWR,li1,144.2100,301.9200,1.799781
FILLER_106_291,VPWR,li1,139.6100,301.9200,1.799778
FILLER_106_288,VPWR,li1,138.6900,301.9200,1.799777
FILLER_106_278,VPWR,li1,134.0900,301.9200,1.799775
FILLER_106_275,VPWR,li1,132.7100,301.9200,1.799774
FILLER_106_270,VPWR,li1,129.9500,301.9200,1.799773
FILLER_106_250,VPWR,li1,120.9800,301.9200,1.799775
FILLER_106_247,VPWR,li1,119.8300,301.9200,1.799777
FILLER_106_244,VPWR,li1,118.4500,301.9200,1.799777
FILLER_106_241,VPWR,li1,117.0700,301.9200,1.799778
FILLER_106_238,VPWR,li1,115.6900,301.9200,1.799778
FILLER_106_227,VPWR,li1,110.4000,301.9200,1.799782
FILLER_106_224,VPWR,li1,109.2500,301.9200,1.799783
FILLER_106_215,VPWR,li1,104.6500,301.9200,1.799786
FILLER_106_197,VPWR,li1,96.6000,301.9200,1.799792
FILLER_106_177,VPWR,li1,87.4000,301.9200,1.799807
FILLER_106_174,VPWR,li1,86.2500,301.9200,1.799807
FILLER_106_171,VPWR,li1,84.8700,301.9200,1.799811
FILLER_106_168,VPWR,li1,83.4900,301.9200,1.799815
FILLER_106_165,VPWR,li1,82.1100,301.9200,1.799815
FILLER_106_162,VPWR,li1,80.7300,301.9200,1.799820
FILLER_106_159,VPWR,li1,79.3500,301.9200,1.799820
FILLER_106_150,VPWR,li1,74.7500,301.9200,1.799829
FILLER_106_147,VPWR,li1,73.8300,301.9200,1.799833
FILLER_106_144,VPWR,li1,72.4500,301.9200,1.799833
FILLER_106_141,VPWR,li1,71.0700,301.9200,1.799838
FILLER_106_139,VPWR,li1,69.6900,301.9200,1.799838
FILLER_106_136,VPWR,li1,68.7700,301.9200,1.799843
FILLER_106_133,VPWR,li1,67.3900,301.9200,1.799843
FILLER_106_130,VPWR,li1,66.0100,301.9200,1.799846
FILLER_106_85,VPWR,li1,45.0800,301.9200,1.799894
FILLER_106_83,VPWR,li1,43.9300,301.9200,1.799900
FILLER_106_80,VPWR,li1,43.0100,301.9200,1.799900
FILLER_106_77,VPWR,li1,41.6300,301.9200,1.799907
FILLER_106_74,VPWR,li1,40.2500,301.9200,1.799913
FILLER_106_71,VPWR,li1,38.8700,301.9200,1.799913
FILLER_106_68,VPWR,li1,37.4900,301.9200,1.799920
FILLER_106_65,VPWR,li1,36.1100,301.9200,1.799926
FILLER_106_62,VPWR,li1,34.7300,301.9200,1.799926
FILLER_106_59,VPWR,li1,33.3500,301.9200,1.799933
FILLER_106_56,VPWR,li1,31.9700,301.9200,1.799939
FILLER_106_53,VPWR,li1,30.5900,301.9200,1.799939
FILLER_106_50,VPWR,li1,29.2100,301.9200,1.799946
FILLER_106_41,VPWR,li1,24.6100,301.9200,1.799961
FILLER_106_38,VPWR,li1,23.6900,301.9200,1.799961
FILLER_106_35,VPWR,li1,22.3100,301.9200,1.799966
FILLER_106_32,VPWR,li1,20.9300,301.9200,1.799966
FILLER_106_29,VPWR,li1,19.5500,301.9200,1.799966
FILLER_106_27,VPWR,li1,18.1700,301.9200,1.799966
FILLER_106_24,VPWR,li1,17.2500,301.9200,1.799965
FILLER_106_21,VPWR,li1,15.8700,301.9200,1.799965
FILLER_106_18,VPWR,li1,14.4900,301.9200,1.799964
FILLER_106_15,VPWR,li1,13.1100,301.9200,1.799964
FILLER_106_12,VPWR,li1,11.7300,301.9200,1.799964
FILLER_106_9,VPWR,li1,10.3500,301.9200,1.799964
FILLER_106_6,VPWR,li1,8.9700,301.9200,1.799963
FILLER_106_3,VPWR,li1,7.5900,301.9200,1.799963
FILLER_105_685,VPWR,li1,321.3100,296.4800,1.799511
FILLER_105_682,VPWR,li1,319.9300,296.4800,1.799511
FILLER_105_679,VPWR,li1,318.5500,296.4800,1.799511
FILLER_105_676,VPWR,li1,317.1700,296.4800,1.799511
FILLER_105_673,VPWR,li1,315.7900,296.4800,1.799511
FILLER_105_671,VPWR,li1,314.4100,296.4800,1.799511
FILLER_105_668,VPWR,li1,313.4900,296.4800,1.799511
FILLER_105_665,VPWR,li1,312.1100,296.4800,1.799511
FILLER_105_662,VPWR,li1,310.7300,296.4800,1.799511
FILLER_105_659,VPWR,li1,309.3500,296.4800,1.799511
FILLER_105_656,VPWR,li1,307.9700,296.4800,1.799511
FILLER_105_653,VPWR,li1,306.5900,296.4800,1.799511
FILLER_105_650,VPWR,li1,305.2100,296.4800,1.799511
FILLER_105_647,VPWR,li1,303.8300,296.4800,1.799511
FILLER_105_644,VPWR,li1,302.4500,296.4800,1.799511
FILLER_105_617,VPWR,li1,289.5700,296.4800,1.799512
FILLER_105_605,VPWR,li1,284.5100,296.4800,1.799516
FILLER_105_602,VPWR,li1,283.1300,296.4800,1.799516
FILLER_105_599,VPWR,li1,281.7500,296.4800,1.799517
FILLER_105_564,VPWR,li1,265.1900,296.4800,1.799534
FILLER_105_561,VPWR,li1,264.2700,296.4800,1.799537
FILLER_105_559,VPWR,li1,262.8900,296.4800,1.799537
FILLER_105_556,VPWR,li1,261.9700,296.4800,1.799541
FILLER_105_553,VPWR,li1,260.5900,296.4800,1.799541
FILLER_105_513,VPWR,li1,241.7300,296.4800,1.799586
FILLER_105_502,VPWR,li1,236.9000,296.4800,1.799599
FILLER_105_482,VPWR,li1,227.9300,296.4800,1.799631
FILLER_105_471,VPWR,li1,222.4100,296.4800,1.799646
FILLER_105_468,VPWR,li1,221.4900,296.4800,1.799654
FILLER_105_465,VPWR,li1,220.1100,296.4800,1.799654
FILLER_105_439,VPWR,li1,208.1500,296.4800,1.799707
FILLER_105_436,VPWR,li1,206.7700,296.4800,1.799707
FILLER_105_433,VPWR,li1,205.3900,296.4800,1.799716
FILLER_105_424,VPWR,li1,200.7900,296.4800,1.799733
FILLER_105_421,VPWR,li1,199.8700,296.4800,1.799741
FILLER_105_418,VPWR,li1,198.4900,296.4800,1.799751
FILLER_105_415,VPWR,li1,197.1100,296.4800,1.799751
FILLER_105_374,VPWR,li1,177.7900,296.4800,1.799846
FILLER_105_371,VPWR,li1,176.8700,296.4800,1.799861
FILLER_105_368,VPWR,li1,175.4900,296.4800,1.799861
FILLER_105_365,VPWR,li1,174.1100,296.4800,1.799840
FILLER_105_362,VPWR,li1,172.7300,296.4800,1.799840
FILLER_105_337,VPWR,li1,161.0000,296.4800,1.799751
FILLER_105_334,VPWR,li1,159.6200,296.4800,1.799739
FILLER_105_331,VPWR,li1,158.4700,296.4800,1.799739
FILLER_105_319,VPWR,li1,152.4900,296.4800,1.799700
FILLER_105_316,VPWR,li1,151.5700,296.4800,1.799700
FILLER_105_313,VPWR,li1,150.1900,296.4800,1.799692
FILLER_105_310,VPWR,li1,148.8100,296.4800,1.799692
FILLER_105_307,VPWR,li1,147.4300,296.4800,1.799686
FILLER_105_298,VPWR,li1,142.8300,296.4800,1.799673
FILLER_105_295,VPWR,li1,141.9100,296.4800,1.799666
FILLER_105_292,VPWR,li1,140.5300,296.4800,1.799666
FILLER_105_289,VPWR,li1,139.1500,296.4800,1.799659
FILLER_105_279,VPWR,li1,134.0900,296.4800,1.799647
FILLER_105_244,VPWR,li1,118.2200,296.4800,1.799613
FILLER_105_241,VPWR,li1,117.0700,296.4800,1.799609
FILLER_105_205,VPWR,li1,100.2800,296.4800,1.799603
FILLER_105_169,VPWR,li1,83.4900,296.4800,1.799648
FILLER_105_167,VPWR,li1,82.5700,296.4800,1.799654
FILLER_105_164,VPWR,li1,81.6500,296.4800,1.799654
FILLER_105_161,VPWR,li1,80.2700,296.4800,1.799664
FILLER_105_158,VPWR,li1,78.8900,296.4800,1.799664
FILLER_105_148,VPWR,li1,73.8300,296.4800,1.799688
FILLER_105_121,VPWR,li1,61.6400,296.4800,1.799735
FILLER_105_93,VPWR,li1,48.7600,296.4800,1.799798
FILLER_105_90,VPWR,li1,47.6100,296.4800,1.799798
FILLER_105_87,VPWR,li1,46.2300,296.4800,1.799811
FILLER_105_84,VPWR,li1,44.8500,296.4800,1.799811
FILLER_105_81,VPWR,li1,43.4700,296.4800,1.799820
FILLER_105_78,VPWR,li1,42.0900,296.4800,1.799832
FILLER_105_75,VPWR,li1,40.7100,296.4800,1.799832
FILLER_105_72,VPWR,li1,39.3300,296.4800,1.799845
FILLER_105_69,VPWR,li1,37.9500,296.4800,1.799845
FILLER_105_66,VPWR,li1,36.5700,296.4800,1.799860
FILLER_105_63,VPWR,li1,35.1900,296.4800,1.799860
FILLER_105_60,VPWR,li1,33.8100,296.4800,1.799872
FILLER_105_57,VPWR,li1,32.4300,296.4800,1.799883
FILLER_105_55,VPWR,li1,31.0500,296.4800,1.799883
FILLER_105_52,VPWR,li1,30.1300,296.4800,1.799896
FILLER_105_49,VPWR,li1,28.7500,296.4800,1.799896
FILLER_105_30,VPWR,li1,20.0100,296.4800,1.799936
FILLER_105_27,VPWR,li1,18.6300,296.4800,1.799936
FILLER_105_24,VPWR,li1,17.2500,296.4800,1.799936
FILLER_105_21,VPWR,li1,15.8700,296.4800,1.799936
FILLER_105_18,VPWR,li1,14.4900,296.4800,1.799936
FILLER_105_15,VPWR,li1,13.1100,296.4800,1.799936
FILLER_105_12,VPWR,li1,11.7300,296.4800,1.799936
FILLER_105_9,VPWR,li1,10.3500,296.4800,1.799936
FILLER_105_6,VPWR,li1,8.9700,296.4800,1.799936
FILLER_105_3,VPWR,li1,7.5900,296.4800,1.799936
FILLER_104_687,VPWR,li1,321.7700,296.4800,1.799511
FILLER_104_684,VPWR,li1,320.8500,296.4800,1.799511
FILLER_104_681,VPWR,li1,319.4700,296.4800,1.799511
FILLER_104_678,VPWR,li1,318.0900,296.4800,1.799511
FILLER_104_675,VPWR,li1,316.7100,296.4800,1.799511
FILLER_104_672,VPWR,li1,315.3300,296.4800,1.799511
FILLER_104_669,VPWR,li1,313.9500,296.4800,1.799511
FILLER_104_666,VPWR,li1,312.5700,296.4800,1.799511
FILLER_104_663,VPWR,li1,311.1900,296.4800,1.799511
FILLER_104_660,VPWR,li1,309.8100,296.4800,1.799511
FILLER_104_650,VPWR,li1,304.9800,296.4800,1.799511
FILLER_104_642,VPWR,li1,301.3000,296.4800,1.799511
FILLER_104_639,VPWR,li1,300.1500,296.4800,1.799511
FILLER_104_636,VPWR,li1,298.7700,296.4800,1.799511
FILLER_104_630,VPWR,li1,295.5500,296.4800,1.799511
FILLER_104_627,VPWR,li1,294.6300,296.4800,1.799511
FILLER_104_609,VPWR,li1,285.8900,296.4800,1.799515
FILLER_104_606,VPWR,li1,284.9700,296.4800,1.799515
FILLER_104_603,VPWR,li1,283.5900,296.4800,1.799516
FILLER_104_600,VPWR,li1,282.2100,296.4800,1.799517
FILLER_104_597,VPWR,li1,280.8300,296.4800,1.799517
FILLER_104_569,VPWR,li1,267.7200,296.4800,1.799531
FILLER_104_533,VPWR,li1,250.9300,296.4800,1.799563
FILLER_104_523,VPWR,li1,246.3300,296.4800,1.799576
FILLER_104_520,VPWR,li1,245.4100,296.4800,1.799576
FILLER_104_517,VPWR,li1,244.0300,296.4800,1.799581
FILLER_104_480,VPWR,li1,227.0100,296.4800,1.799631
FILLER_104_477,VPWR,li1,225.6300,296.4800,1.799639
FILLER_104_437,VPWR,li1,206.7700,296.4800,1.799707
FILLER_104_411,VPWR,li1,194.8100,296.4800,1.799764
FILLER_104_408,VPWR,li1,193.8900,296.4800,1.799764
FILLER_104_400,VPWR,li1,189.7500,296.4800,1.799792
FILLER_104_365,VPWR,li1,173.8800,296.4800,1.799840
FILLER_104_363,VPWR,li1,172.7300,296.4800,1.799840
FILLER_104_312,VPWR,li1,149.5000,296.4800,1.799692
FILLER_104_309,VPWR,li1,148.3500,296.4800,1.799686
FILLER_104_307,VPWR,li1,146.9700,296.4800,1.799686
FILLER_104_290,VPWR,li1,139.6100,296.4800,1.799659
FILLER_104_287,VPWR,li1,138.2300,296.4800,1.799659
FILLER_104_281,VPWR,li1,135.0100,296.4800,1.799647
FILLER_104_253,VPWR,li1,122.5900,296.4800,1.799619
FILLER_104_234,VPWR,li1,113.6200,296.4800,1.799607
FILLER_104_205,VPWR,li1,100.0500,296.4800,1.799603
FILLER_104_177,VPWR,li1,87.4000,296.4800,1.799638
FILLER_104_174,VPWR,li1,86.2500,296.4800,1.799638
FILLER_104_171,VPWR,li1,84.8700,296.4800,1.799648
FILLER_104_168,VPWR,li1,83.4900,296.4800,1.799648
FILLER_104_141,VPWR,li1,70.6100,296.4800,1.799699
FILLER_104_131,VPWR,li1,66.2400,296.4800,1.799719
FILLER_104_128,VPWR,li1,65.0900,296.4800,1.799726
FILLER_104_125,VPWR,li1,63.7100,296.4800,1.799726
FILLER_104_122,VPWR,li1,62.3300,296.4800,1.799735
FILLER_104_85,VPWR,li1,45.3100,296.4800,1.799811
FILLER_104_83,VPWR,li1,43.9300,296.4800,1.799820
FILLER_104_80,VPWR,li1,43.0100,296.4800,1.799820
FILLER_104_55,VPWR,li1,31.2800,296.4800,1.799883
FILLER_104_29,VPWR,li1,19.0900,296.4800,1.799936
FILLER_104_27,VPWR,li1,18.1700,296.4800,1.799936
FILLER_104_24,VPWR,li1,17.2500,296.4800,1.799936
FILLER_104_21,VPWR,li1,15.8700,296.4800,1.799936
FILLER_104_18,VPWR,li1,14.4900,296.4800,1.799936
FILLER_104_15,VPWR,li1,13.1100,296.4800,1.799936
FILLER_104_12,VPWR,li1,11.7300,296.4800,1.799936
FILLER_104_9,VPWR,li1,10.3500,296.4800,1.799936
FILLER_104_6,VPWR,li1,8.9700,296.4800,1.799936
FILLER_104_3,VPWR,li1,7.5900,296.4800,1.799936
FILLER_103_685,VPWR,li1,321.3100,291.0400,1.799700
FILLER_103_682,VPWR,li1,319.9300,291.0400,1.799700
FILLER_103_679,VPWR,li1,318.5500,291.0400,1.799700
FILLER_103_676,VPWR,li1,317.1700,291.0400,1.799700
FILLER_103_673,VPWR,li1,315.7900,291.0400,1.799700
FILLER_103_670,VPWR,li1,314.1800,291.0400,1.799700
FILLER_103_667,VPWR,li1,313.0300,291.0400,1.799700
FILLER_103_635,VPWR,li1,297.8500,291.0400,1.799702
FILLER_103_632,VPWR,li1,296.9300,291.0400,1.799702
FILLER_103_629,VPWR,li1,295.5500,291.0400,1.799703
FILLER_103_626,VPWR,li1,294.1700,291.0400,1.799703
FILLER_103_623,VPWR,li1,292.7900,291.0400,1.799704
FILLER_103_620,VPWR,li1,291.4100,291.0400,1.799704
FILLER_103_617,VPWR,li1,290.0300,291.0400,1.799705
FILLER_103_614,VPWR,li1,288.4200,291.0400,1.799705
FILLER_103_611,VPWR,li1,287.2700,291.0400,1.799705
FILLER_103_599,VPWR,li1,281.7500,291.0400,1.799707
FILLER_103_596,VPWR,li1,280.3700,291.0400,1.799708
FILLER_103_593,VPWR,li1,278.9900,291.0400,1.799708
FILLER_103_590,VPWR,li1,277.6100,291.0400,1.799709
FILLER_103_578,VPWR,li1,271.8600,291.0400,1.799711
FILLER_103_569,VPWR,li1,267.7200,291.0400,1.799713
FILLER_103_557,VPWR,li1,262.4300,291.0400,1.799716
FILLER_103_554,VPWR,li1,261.0500,291.0400,1.799717
FILLER_103_525,VPWR,li1,247.7100,291.0400,1.799729
FILLER_103_522,VPWR,li1,246.3300,291.0400,1.799731
FILLER_103_502,VPWR,li1,236.9000,291.0400,1.799743
FILLER_103_499,VPWR,li1,235.7500,291.0400,1.799743
FILLER_103_480,VPWR,li1,226.7800,291.0400,1.799757
FILLER_103_477,VPWR,li1,225.6300,291.0400,1.799762
FILLER_103_474,VPWR,li1,224.2500,291.0400,1.799762
FILLER_103_471,VPWR,li1,222.8700,291.0400,1.799767
FILLER_103_468,VPWR,li1,221.4900,291.0400,1.799767
FILLER_103_449,VPWR,li1,212.5200,291.0400,1.799789
FILLER_103_446,VPWR,li1,211.1400,291.0400,1.799789
FILLER_103_410,VPWR,li1,194.8100,291.0400,1.799839
FILLER_103_393,VPWR,li1,186.5300,291.0400,1.799871
FILLER_103_355,VPWR,li1,169.5100,291.0400,1.799896
FILLER_103_314,VPWR,li1,150.4200,291.0400,1.799818
FILLER_103_281,VPWR,li1,135.4700,291.0400,1.799773
FILLER_103_274,VPWR,li1,131.7900,291.0400,1.799765
FILLER_103_237,VPWR,li1,115.0000,291.0400,1.799723
FILLER_103_234,VPWR,li1,113.8500,291.0400,1.799723
FILLER_103_223,VPWR,li1,108.3300,291.0400,1.799711
FILLER_103_220,VPWR,li1,107.4100,291.0400,1.799711
FILLER_103_208,VPWR,li1,101.4300,291.0400,1.799706
FILLER_103_205,VPWR,li1,100.5100,291.0400,1.799706
FILLER_103_178,VPWR,li1,87.6300,291.0400,1.799704
FILLER_103_175,VPWR,li1,86.7100,291.0400,1.799704
FILLER_103_172,VPWR,li1,85.3300,291.0400,1.799704
FILLER_103_169,VPWR,li1,83.9500,291.0400,1.799704
FILLER_103_125,VPWR,li1,63.4800,291.0400,1.799754
FILLER_103_122,VPWR,li1,62.3300,291.0400,1.799760
FILLER_103_119,VPWR,li1,60.9500,291.0400,1.799760
FILLER_103_116,VPWR,li1,59.5700,291.0400,1.799769
FILLER_103_113,VPWR,li1,58.1900,291.0400,1.799775
FILLER_103_111,VPWR,li1,56.8100,291.0400,1.799775
FILLER_103_100,VPWR,li1,52.2100,291.0400,1.799792
FILLER_103_90,VPWR,li1,47.3800,291.0400,1.799809
FILLER_103_57,VPWR,li1,31.9700,291.0400,1.799878
FILLER_103_55,VPWR,li1,31.0500,291.0400,1.799887
FILLER_103_52,VPWR,li1,30.1300,291.0400,1.799887
FILLER_103_18,VPWR,li1,14.0300,291.0400,1.799933
FILLER_103_15,VPWR,li1,13.1100,291.0400,1.799933
FILLER_103_12,VPWR,li1,11.7300,291.0400,1.799933
FILLER_103_9,VPWR,li1,10.3500,291.0400,1.799932
FILLER_103_6,VPWR,li1,8.9700,291.0400,1.799932
FILLER_103_3,VPWR,li1,7.5900,291.0400,1.799932
FILLER_102_686,VPWR,li1,321.5400,291.0400,1.799700
FILLER_102_683,VPWR,li1,320.3900,291.0400,1.799700
FILLER_102_680,VPWR,li1,319.0100,291.0400,1.799700
FILLER_102_677,VPWR,li1,317.6300,291.0400,1.799700
FILLER_102_674,VPWR,li1,316.2500,291.0400,1.799700
FILLER_102_655,VPWR,li1,307.2800,291.0400,1.799700
FILLER_102_645,VPWR,li1,302.4500,291.0400,1.799701
FILLER_102_626,VPWR,li1,294.1700,291.0400,1.799703
FILLER_102_598,VPWR,li1,281.0600,291.0400,1.799707
FILLER_102_589,VPWR,li1,276.6900,291.0400,1.799709
FILLER_102_587,VPWR,li1,275.7700,291.0400,1.799710
FILLER_102_584,VPWR,li1,274.8500,291.0400,1.799710
FILLER_102_581,VPWR,li1,273.4700,291.0400,1.799711
FILLER_102_578,VPWR,li1,272.0900,291.0400,1.799711
FILLER_102_570,VPWR,li1,267.9500,291.0400,1.799713
FILLER_102_567,VPWR,li1,267.0300,291.0400,1.799713
FILLER_102_564,VPWR,li1,265.6500,291.0400,1.799715
FILLER_102_561,VPWR,li1,264.2700,291.0400,1.799715
FILLER_102_558,VPWR,li1,262.8900,291.0400,1.799716
FILLER_102_530,VPWR,li1,249.7800,291.0400,1.799726
FILLER_102_527,VPWR,li1,248.6300,291.0400,1.799729
FILLER_102_524,VPWR,li1,247.2500,291.0400,1.799731
FILLER_102_521,VPWR,li1,245.8700,291.0400,1.799731
FILLER_102_518,VPWR,li1,244.4900,291.0400,1.799733
FILLER_102_515,VPWR,li1,243.1100,291.0400,1.799736
FILLER_102_512,VPWR,li1,241.7300,291.0400,1.799736
FILLER_102_509,VPWR,li1,240.3500,291.0400,1.799738
FILLER_102_483,VPWR,li1,227.9300,291.0400,1.799757
FILLER_102_480,VPWR,li1,227.0100,291.0400,1.799757
FILLER_102_477,VPWR,li1,225.6300,291.0400,1.799762
FILLER_102_474,VPWR,li1,224.0200,291.0400,1.799762
FILLER_102_458,VPWR,li1,216.4300,291.0400,1.799776
FILLER_102_449,VPWR,li1,212.5200,291.0400,1.799789
FILLER_102_446,VPWR,li1,211.3700,291.0400,1.799789
FILLER_102_418,VPWR,li1,198.2600,291.0400,1.799830
FILLER_102_365,VPWR,li1,174.1100,291.0400,1.799916
FILLER_102_363,VPWR,li1,172.7300,291.0400,1.799906
FILLER_102_360,VPWR,li1,171.8100,291.0400,1.799906
FILLER_102_357,VPWR,li1,170.4300,291.0400,1.799896
FILLER_102_354,VPWR,li1,169.0500,291.0400,1.799888
FILLER_102_351,VPWR,li1,167.6700,291.0400,1.799888
FILLER_102_325,VPWR,li1,155.2500,291.0400,1.799836
FILLER_102_288,VPWR,li1,138.4600,291.0400,1.799783
FILLER_102_253,VPWR,li1,122.3600,291.0400,1.799739
FILLER_102_243,VPWR,li1,117.5300,291.0400,1.799728
FILLER_102_240,VPWR,li1,116.6100,291.0400,1.799728
FILLER_102_237,VPWR,li1,115.2300,291.0400,1.799723
FILLER_102_234,VPWR,li1,113.8500,291.0400,1.799723
FILLER_102_206,VPWR,li1,100.9700,291.0400,1.799706
FILLER_102_203,VPWR,li1,99.5900,291.0400,1.799705
FILLER_102_200,VPWR,li1,98.2100,291.0400,1.799705
FILLER_102_197,VPWR,li1,96.8300,291.0400,1.799705
FILLER_102_194,VPWR,li1,95.2200,291.0400,1.799705
FILLER_102_184,VPWR,li1,90.6200,291.0400,1.799704
FILLER_102_181,VPWR,li1,89.4700,291.0400,1.799704
FILLER_102_178,VPWR,li1,88.0900,291.0400,1.799704
FILLER_102_160,VPWR,li1,79.8100,291.0400,1.799704
FILLER_102_138,VPWR,li1,69.4600,291.0400,1.799730
FILLER_102_126,VPWR,li1,64.1700,291.0400,1.799754
FILLER_102_123,VPWR,li1,62.7900,291.0400,1.799754
FILLER_102_120,VPWR,li1,61.4100,291.0400,1.799760
FILLER_102_117,VPWR,li1,60.0300,291.0400,1.799769
FILLER_102_114,VPWR,li1,58.6500,291.0400,1.799769
FILLER_102_111,VPWR,li1,57.2700,291.0400,1.799775
FILLER_102_108,VPWR,li1,55.8900,291.0400,1.799783
FILLER_102_105,VPWR,li1,54.5100,291.0400,1.799783
FILLER_102_102,VPWR,li1,53.1300,291.0400,1.799792
FILLER_102_56,VPWR,li1,31.9700,291.0400,1.799878
FILLER_102_29,VPWR,li1,19.3200,291.0400,1.799934
FILLER_102_25,VPWR,li1,17.7100,291.0400,1.799934
FILLER_102_22,VPWR,li1,16.3300,291.0400,1.799934
FILLER_102_19,VPWR,li1,14.9500,291.0400,1.799934
FILLER_102_16,VPWR,li1,13.5700,291.0400,1.799933
FILLER_102_13,VPWR,li1,12.1900,291.0400,1.799933
FILLER_102_10,VPWR,li1,10.8100,291.0400,1.799933
FILLER_102_7,VPWR,li1,9.4300,291.0400,1.799932
FILLER_101_687,VPWR,li1,321.7700,285.6000,1.799250
FILLER_101_684,VPWR,li1,320.8500,285.6000,1.799250
FILLER_101_681,VPWR,li1,319.4700,285.6000,1.799250
FILLER_101_670,VPWR,li1,314.1800,285.6000,1.799250
FILLER_101_641,VPWR,li1,301.0700,285.6000,1.799264
FILLER_101_588,VPWR,li1,276.6900,285.6000,1.799322
FILLER_101_585,VPWR,li1,275.3100,285.6000,1.799328
FILLER_101_582,VPWR,li1,273.9300,285.6000,1.799334
FILLER_101_579,VPWR,li1,272.5500,285.6000,1.799334
FILLER_101_576,VPWR,li1,271.1700,285.6000,1.799341
FILLER_101_573,VPWR,li1,269.7900,285.6000,1.799347
FILLER_101_570,VPWR,li1,268.4100,285.6000,1.799347
FILLER_101_567,VPWR,li1,267.0300,285.6000,1.799356
FILLER_101_564,VPWR,li1,265.6500,285.6000,1.799356
FILLER_101_561,VPWR,li1,264.2700,285.6000,1.799363
FILLER_101_533,VPWR,li1,251.3900,285.6000,1.799405
FILLER_101_530,VPWR,li1,250.0100,285.6000,1.799411
FILLER_101_527,VPWR,li1,248.6300,285.6000,1.799411
FILLER_101_517,VPWR,li1,243.8000,285.6000,1.799428
FILLER_101_508,VPWR,li1,239.6600,285.6000,1.799442
FILLER_101_505,VPWR,li1,238.5100,285.6000,1.799450
FILLER_101_501,VPWR,li1,236.6700,285.6000,1.799456
FILLER_101_481,VPWR,li1,227.4700,285.6000,1.799490
FILLER_101_478,VPWR,li1,226.0900,285.6000,1.799499
FILLER_101_464,VPWR,li1,219.6500,285.6000,1.799527
FILLER_101_447,VPWR,li1,211.3700,285.6000,1.799592
FILLER_101_444,VPWR,li1,210.4500,285.6000,1.799592
FILLER_101_409,VPWR,li1,193.8900,285.6000,1.799718
FILLER_101_369,VPWR,li1,175.4900,285.6000,1.799888
FILLER_101_366,VPWR,li1,174.5700,285.6000,1.799888
FILLER_101_363,VPWR,li1,173.1900,285.6000,1.799884
FILLER_101_360,VPWR,li1,171.8100,285.6000,1.799884
FILLER_101_343,VPWR,li1,163.5300,285.6000,1.799874
FILLER_101_340,VPWR,li1,162.6100,285.6000,1.799872
FILLER_101_337,VPWR,li1,161.2300,285.6000,1.799872
FILLER_101_334,VPWR,li1,159.6200,285.6000,1.799870
FILLER_101_323,VPWR,li1,154.7900,285.6000,1.799864
FILLER_101_320,VPWR,li1,153.4100,285.6000,1.799862
FILLER_101_317,VPWR,li1,152.0300,285.6000,1.799862
FILLER_101_314,VPWR,li1,150.6500,285.6000,1.799860
FILLER_101_281,VPWR,li1,135.2400,285.6000,1.799851
FILLER_101_278,VPWR,li1,133.8600,285.6000,1.799851
FILLER_101_275,VPWR,li1,132.7100,285.6000,1.799850
FILLER_101_272,VPWR,li1,131.3300,285.6000,1.799850
FILLER_101_269,VPWR,li1,129.9500,285.6000,1.799850
FILLER_101_266,VPWR,li1,128.5700,285.6000,1.799850
FILLER_101_241,VPWR,li1,116.6100,285.6000,1.799846
FILLER_101_238,VPWR,li1,115.6900,285.6000,1.799845
FILLER_101_235,VPWR,li1,114.3100,285.6000,1.799845
FILLER_101_225,VPWR,li1,109.4800,285.6000,1.799844
FILLER_101_206,VPWR,li1,100.5100,285.6000,1.799847
FILLER_101_203,VPWR,li1,99.5900,285.6000,1.799847
FILLER_101_200,VPWR,li1,98.2100,285.6000,1.799848
FILLER_101_197,VPWR,li1,96.8300,285.6000,1.799848
FILLER_101_186,VPWR,li1,91.7700,285.6000,1.799850
FILLER_101_183,VPWR,li1,90.3900,285.6000,1.799851
FILLER_101_174,VPWR,li1,85.7900,285.6000,1.799853
FILLER_101_160,VPWR,li1,79.3500,285.6000,1.799856
FILLER_101_151,VPWR,li1,75.2100,285.6000,1.799858
FILLER_101_141,VPWR,li1,70.8400,285.6000,1.799860
FILLER_101_113,VPWR,li1,58.1900,285.6000,1.799875
FILLER_101_109,VPWR,li1,56.3500,285.6000,1.799879
FILLER_101_106,VPWR,li1,54.9700,285.6000,1.799879
FILLER_101_92,VPWR,li1,48.0700,285.6000,1.799895
FILLER_101_55,VPWR,li1,31.0500,285.6000,1.799932
FILLER_101_18,VPWR,li1,14.2600,285.6000,1.799962
FILLER_101_15,VPWR,li1,13.1100,285.6000,1.799962
FILLER_101_12,VPWR,li1,11.7300,285.6000,1.799962
FILLER_101_9,VPWR,li1,10.3500,285.6000,1.799962
FILLER_101_6,VPWR,li1,8.9700,285.6000,1.799962
FILLER_101_3,VPWR,li1,7.5900,285.6000,1.799962
FILLER_100_687,VPWR,li1,321.7700,285.6000,1.799250
FILLER_100_643,VPWR,li1,301.5300,285.6000,1.799264
FILLER_100_640,VPWR,li1,300.6100,285.6000,1.799264
FILLER_100_637,VPWR,li1,299.2300,285.6000,1.799267
FILLER_100_592,VPWR,li1,278.5300,285.6000,1.799315
FILLER_100_589,VPWR,li1,277.1500,285.6000,1.799322
FILLER_100_586,VPWR,li1,275.5400,285.6000,1.799328
FILLER_100_583,VPWR,li1,274.3900,285.6000,1.799328
FILLER_100_580,VPWR,li1,273.0100,285.6000,1.799334
FILLER_100_577,VPWR,li1,271.6300,285.6000,1.799341
FILLER_100_574,VPWR,li1,270.2500,285.6000,1.799341
FILLER_100_571,VPWR,li1,268.8700,285.6000,1.799347
FILLER_100_560,VPWR,li1,263.5800,285.6000,1.799363
FILLER_100_542,VPWR,li1,255.3000,285.6000,1.799389
FILLER_100_539,VPWR,li1,254.1500,285.6000,1.799397
FILLER_100_536,VPWR,li1,252.7700,285.6000,1.799397
FILLER_100_533,VPWR,li1,251.3900,285.6000,1.799405
FILLER_100_530,VPWR,li1,249.7800,285.6000,1.799411
FILLER_100_527,VPWR,li1,248.6300,285.6000,1.799411
FILLER_100_517,VPWR,li1,243.8000,285.6000,1.799428
FILLER_100_514,VPWR,li1,242.6500,285.6000,1.799435
FILLER_100_504,VPWR,li1,237.8200,285.6000,1.799450
FILLER_100_486,VPWR,li1,229.7700,285.6000,1.799478
FILLER_100_483,VPWR,li1,228.3900,285.6000,1.799490
FILLER_100_480,VPWR,li1,227.0100,285.6000,1.799490
FILLER_100_477,VPWR,li1,225.6300,285.6000,1.799499
FILLER_100_473,VPWR,li1,223.7900,285.6000,1.799509
FILLER_100_468,VPWR,li1,221.0300,285.6000,1.799527
FILLER_100_465,VPWR,li1,220.1100,285.6000,1.799527
FILLER_100_446,VPWR,li1,211.1400,285.6000,1.799592
FILLER_100_399,VPWR,li1,189.7500,285.6000,1.799766
FILLER_100_396,VPWR,li1,188.3700,285.6000,1.799766
FILLER_100_376,VPWR,li1,179.1700,285.6000,1.799857
FILLER_100_373,VPWR,li1,177.7900,285.6000,1.799857
FILLER_100_362,VPWR,li1,172.5000,285.6000,1.799884
FILLER_100_336,VPWR,li1,160.3100,285.6000,1.799870
FILLER_100_333,VPWR,li1,159.3900,285.6000,1.799870
FILLER_100_330,VPWR,li1,158.0100,285.6000,1.799867
FILLER_100_327,VPWR,li1,156.6300,285.6000,1.799867
FILLER_100_324,VPWR,li1,155.2500,285.6000,1.799864
FILLER_100_321,VPWR,li1,153.8700,285.6000,1.799864
FILLER_100_318,VPWR,li1,152.4900,285.6000,1.799862
FILLER_100_315,VPWR,li1,151.1100,285.6000,1.799860
FILLER_100_312,VPWR,li1,149.7300,285.6000,1.799860
FILLER_100_309,VPWR,li1,148.3500,285.6000,1.799858
FILLER_100_290,VPWR,li1,139.1500,285.6000,1.799853
FILLER_100_287,VPWR,li1,138.2300,285.6000,1.799852
FILLER_100_284,VPWR,li1,136.8500,285.6000,1.799852
FILLER_100_281,VPWR,li1,135.4700,285.6000,1.799851
FILLER_100_278,VPWR,li1,134.0900,285.6000,1.799851
FILLER_100_275,VPWR,li1,132.7100,285.6000,1.799850
FILLER_100_272,VPWR,li1,131.3300,285.6000,1.799850
FILLER_100_269,VPWR,li1,129.9500,285.6000,1.799850
FILLER_100_266,VPWR,li1,128.5700,285.6000,1.799850
FILLER_100_256,VPWR,li1,123.7400,285.6000,1.799848
FILLER_100_253,VPWR,li1,122.5900,285.6000,1.799847
FILLER_100_250,VPWR,li1,120.9800,285.6000,1.799847
FILLER_100_247,VPWR,li1,119.8300,285.6000,1.799847
FILLER_100_244,VPWR,li1,118.4500,285.6000,1.799847
FILLER_100_241,VPWR,li1,117.0700,285.6000,1.799846
FILLER_100_238,VPWR,li1,115.6900,285.6000,1.799845
FILLER_100_235,VPWR,li1,114.3100,285.6000,1.799845
FILLER_100_209,VPWR,li1,101.8900,285.6000,1.799846
FILLER_100_206,VPWR,li1,100.9700,285.6000,1.799847
FILLER_100_203,VPWR,li1,99.5900,285.6000,1.799847
FILLER_100_200,VPWR,li1,98.2100,285.6000,1.799848
FILLER_100_197,VPWR,li1,96.8300,285.6000,1.799848
FILLER_100_195,VPWR,li1,95.4500,285.6000,1.799849
FILLER_100_192,VPWR,li1,94.5300,285.6000,1.799849
FILLER_100_182,VPWR,li1,89.4700,285.6000,1.799851
FILLER_100_173,VPWR,li1,85.3300,285.6000,1.799853
FILLER_100_170,VPWR,li1,84.4100,285.6000,1.799854
FILLER_100_152,VPWR,li1,75.9000,285.6000,1.799858
FILLER_100_141,VPWR,li1,70.8400,285.6000,1.799860
FILLER_100_133,VPWR,li1,67.3900,285.6000,1.799862
FILLER_100_106,VPWR,li1,54.7400,285.6000,1.799879
FILLER_100_96,VPWR,li1,49.9100,285.6000,1.799890
FILLER_100_93,VPWR,li1,48.9900,285.6000,1.799890
FILLER_100_83,VPWR,li1,43.9300,285.6000,1.799901
FILLER_100_18,VPWR,li1,14.2600,285.6000,1.799962
FILLER_100_15,VPWR,li1,13.1100,285.6000,1.799962
FILLER_100_12,VPWR,li1,11.7300,285.6000,1.799962
FILLER_100_9,VPWR,li1,10.3500,285.6000,1.799962
FILLER_100_6,VPWR,li1,8.9700,285.6000,1.799962
FILLER_100_3,VPWR,li1,7.5900,285.6000,1.799962
FILLER_99_687,VPWR,li1,321.7700,280.1600,1.799454
FILLER_99_684,VPWR,li1,320.8500,280.1600,1.799454
FILLER_99_681,VPWR,li1,319.4700,280.1600,1.799454
FILLER_99_670,VPWR,li1,314.1800,280.1600,1.799455
FILLER_99_660,VPWR,li1,309.5800,280.1600,1.799460
FILLER_99_657,VPWR,li1,308.4300,280.1600,1.799460
FILLER_99_647,VPWR,li1,303.3700,280.1600,1.799465
FILLER_99_644,VPWR,li1,302.4500,280.1600,1.799465
FILLER_99_634,VPWR,li1,297.6200,280.1600,1.799470
FILLER_99_631,VPWR,li1,296.4700,280.1600,1.799472
FILLER_99_628,VPWR,li1,295.0900,280.1600,1.799472
FILLER_99_625,VPWR,li1,293.7100,280.1600,1.799474
FILLER_99_590,VPWR,li1,277.1500,280.1600,1.799503
FILLER_99_587,VPWR,li1,276.2300,280.1600,1.799503
FILLER_99_584,VPWR,li1,274.8500,280.1600,1.799508
FILLER_99_581,VPWR,li1,273.4700,280.1600,1.799508
FILLER_99_578,VPWR,li1,272.0900,280.1600,1.799512
FILLER_99_551,VPWR,li1,259.2100,280.1600,1.799543
FILLER_99_548,VPWR,li1,258.2900,280.1600,1.799549
FILLER_99_545,VPWR,li1,256.9100,280.1600,1.799549
FILLER_99_542,VPWR,li1,255.5300,280.1600,1.799554
FILLER_99_508,VPWR,li1,239.4300,280.1600,1.799602
FILLER_99_505,VPWR,li1,238.5100,280.1600,1.799610
FILLER_99_503,VPWR,li1,237.1300,280.1600,1.799610
FILLER_99_500,VPWR,li1,236.2100,280.1600,1.799618
FILLER_99_497,VPWR,li1,234.8300,280.1600,1.799618
FILLER_99_494,VPWR,li1,233.4500,280.1600,1.799627
FILLER_99_491,VPWR,li1,232.0700,280.1600,1.799627
FILLER_99_488,VPWR,li1,230.6900,280.1600,1.799637
FILLER_99_485,VPWR,li1,229.3100,280.1600,1.799637
FILLER_99_482,VPWR,li1,227.9300,280.1600,1.799646
FILLER_99_479,VPWR,li1,226.5500,280.1600,1.799646
FILLER_99_476,VPWR,li1,225.1700,280.1600,1.799652
FILLER_99_449,VPWR,li1,212.5200,280.1600,1.799707
FILLER_99_445,VPWR,li1,210.9100,280.1600,1.799707
FILLER_99_442,VPWR,li1,209.5300,280.1600,1.799720
FILLER_99_439,VPWR,li1,208.1500,280.1600,1.799720
FILLER_99_436,VPWR,li1,206.7700,280.1600,1.799728
FILLER_99_402,VPWR,li1,190.6700,280.1600,1.799806
FILLER_99_399,VPWR,li1,189.7500,280.1600,1.799819
FILLER_99_396,VPWR,li1,188.3700,280.1600,1.799819
FILLER_99_393,VPWR,li1,186.9900,280.1600,1.799833
FILLER_99_389,VPWR,li1,185.1500,280.1600,1.799842
FILLER_99_386,VPWR,li1,183.7700,280.1600,1.799842
FILLER_99_383,VPWR,li1,182.3900,280.1600,1.799854
FILLER_99_380,VPWR,li1,181.0100,280.1600,1.799864
FILLER_99_377,VPWR,li1,179.6300,280.1600,1.799864
FILLER_99_374,VPWR,li1,178.2500,280.1600,1.799879
FILLER_99_371,VPWR,li1,176.8700,280.1600,1.799879
FILLER_99_337,VPWR,li1,160.7700,280.1600,1.799829
FILLER_99_317,VPWR,li1,152.0300,280.1600,1.799797
FILLER_99_314,VPWR,li1,150.6500,280.1600,1.799789
FILLER_99_296,VPWR,li1,141.9100,280.1600,1.799762
FILLER_99_293,VPWR,li1,140.9900,280.1600,1.799756
FILLER_99_290,VPWR,li1,139.6100,280.1600,1.799756
FILLER_99_287,VPWR,li1,138.2300,280.1600,1.799749
FILLER_99_284,VPWR,li1,136.8500,280.1600,1.799743
FILLER_99_281,VPWR,li1,135.4700,280.1600,1.799743
FILLER_99_279,VPWR,li1,134.0900,280.1600,1.799736
FILLER_99_276,VPWR,li1,133.1700,280.1600,1.799736
FILLER_99_273,VPWR,li1,131.7900,280.1600,1.799728
FILLER_99_270,VPWR,li1,130.4100,280.1600,1.799728
FILLER_99_267,VPWR,li1,129.0300,280.1600,1.799720
FILLER_99_264,VPWR,li1,127.6500,280.1600,1.799720
FILLER_99_254,VPWR,li1,122.5900,280.1600,1.799703
FILLER_99_251,VPWR,li1,121.6700,280.1600,1.799703
FILLER_99_241,VPWR,li1,116.8400,280.1600,1.799690
FILLER_99_205,VPWR,li1,100.2800,280.1600,1.799662
FILLER_99_202,VPWR,li1,99.1300,280.1600,1.799658
FILLER_99_199,VPWR,li1,97.7500,280.1600,1.799658
FILLER_99_179,VPWR,li1,88.5500,280.1600,1.799647
FILLER_99_169,VPWR,li1,83.7200,280.1600,1.799645
FILLER_99_137,VPWR,li1,69.2300,280.1600,1.799677
FILLER_99_134,VPWR,li1,67.8500,280.1600,1.799690
FILLER_99_116,VPWR,li1,59.3400,280.1600,1.799731
FILLER_99_113,VPWR,li1,58.1900,280.1600,1.799731
FILLER_99_111,VPWR,li1,56.8100,280.1600,1.799740
FILLER_99_108,VPWR,li1,55.8900,280.1600,1.799740
FILLER_99_105,VPWR,li1,54.5100,280.1600,1.799753
FILLER_99_102,VPWR,li1,53.1300,280.1600,1.799753
FILLER_99_99,VPWR,li1,51.7500,280.1600,1.799766
FILLER_99_96,VPWR,li1,50.3700,280.1600,1.799766
FILLER_99_60,VPWR,li1,33.3500,280.1600,1.799854
FILLER_99_57,VPWR,li1,32.4300,280.1600,1.799854
FILLER_99_53,VPWR,li1,30.5900,280.1600,1.799863
FILLER_99_40,VPWR,li1,24.3800,280.1600,1.799901
FILLER_99_37,VPWR,li1,23.2300,280.1600,1.799920
FILLER_99_18,VPWR,li1,14.4900,280.1600,1.799919
FILLER_99_15,VPWR,li1,13.1100,280.1600,1.799919
FILLER_99_12,VPWR,li1,11.7300,280.1600,1.799919
FILLER_99_9,VPWR,li1,10.3500,280.1600,1.799919
FILLER_99_6,VPWR,li1,8.9700,280.1600,1.799919
FILLER_99_3,VPWR,li1,7.5900,280.1600,1.799919
FILLER_98_679,VPWR,li1,318.0900,280.1600,1.799454
FILLER_98_645,VPWR,li1,302.9100,280.1600,1.799465
FILLER_98_642,VPWR,li1,301.3000,280.1600,1.799467
FILLER_98_639,VPWR,li1,300.1500,280.1600,1.799467
FILLER_98_636,VPWR,li1,298.7700,280.1600,1.799470
FILLER_98_633,VPWR,li1,297.3900,280.1600,1.799470
FILLER_98_630,VPWR,li1,296.0100,280.1600,1.799472
FILLER_98_627,VPWR,li1,294.6300,280.1600,1.799474
FILLER_98_624,VPWR,li1,293.2500,280.1600,1.799474
FILLER_98_598,VPWR,li1,280.8300,280.1600,1.799491
FILLER_98_595,VPWR,li1,279.9100,280.1600,1.799496
FILLER_98_592,VPWR,li1,278.5300,280.1600,1.799496
FILLER_98_589,VPWR,li1,277.1500,280.1600,1.799503
FILLER_98_586,VPWR,li1,275.5400,280.1600,1.799503
FILLER_98_583,VPWR,li1,274.3900,280.1600,1.799508
FILLER_98_580,VPWR,li1,273.0100,280.1600,1.799512
FILLER_98_577,VPWR,li1,271.6300,280.1600,1.799512
FILLER_98_541,VPWR,li1,255.0700,280.1600,1.799554
FILLER_98_506,VPWR,li1,238.5100,280.1600,1.799610
FILLER_98_503,VPWR,li1,237.5900,280.1600,1.799610
FILLER_98_500,VPWR,li1,236.2100,280.1600,1.799618
FILLER_98_497,VPWR,li1,234.8300,280.1600,1.799618
FILLER_98_494,VPWR,li1,233.4500,280.1600,1.799627
FILLER_98_491,VPWR,li1,232.0700,280.1600,1.799627
FILLER_98_488,VPWR,li1,230.6900,280.1600,1.799637
FILLER_98_477,VPWR,li1,225.6300,280.1600,1.799652
FILLER_98_441,VPWR,li1,208.8400,280.1600,1.799720
FILLER_98_438,VPWR,li1,207.6900,280.1600,1.799728
FILLER_98_435,VPWR,li1,206.3100,280.1600,1.799728
FILLER_98_432,VPWR,li1,204.9300,280.1600,1.799741
FILLER_98_429,VPWR,li1,203.5500,280.1600,1.799741
FILLER_98_419,VPWR,li1,198.4900,280.1600,1.799765
FILLER_98_408,VPWR,li1,193.8900,280.1600,1.799796
FILLER_98_405,VPWR,li1,192.5100,280.1600,1.799796
FILLER_98_390,VPWR,li1,185.6100,280.1600,1.799833
FILLER_98_387,VPWR,li1,184.2300,280.1600,1.799842
FILLER_98_384,VPWR,li1,182.8500,280.1600,1.799854
FILLER_98_381,VPWR,li1,181.4700,280.1600,1.799854
FILLER_98_378,VPWR,li1,180.0900,280.1600,1.799864
FILLER_98_368,VPWR,li1,175.2600,280.1600,1.799894
FILLER_98_365,VPWR,li1,174.1100,280.1600,1.799894
FILLER_98_363,VPWR,li1,172.7300,280.1600,1.799883
FILLER_98_360,VPWR,li1,171.8100,280.1600,1.799883
FILLER_98_357,VPWR,li1,170.4300,280.1600,1.799874
FILLER_98_317,VPWR,li1,151.5700,280.1600,1.799797
FILLER_98_288,VPWR,li1,138.6900,280.1600,1.799749
FILLER_98_285,VPWR,li1,137.3100,280.1600,1.799749
FILLER_98_282,VPWR,li1,135.9300,280.1600,1.799743
FILLER_98_279,VPWR,li1,134.5500,280.1600,1.799736
FILLER_98_276,VPWR,li1,133.1700,280.1600,1.799736
FILLER_98_273,VPWR,li1,131.7900,280.1600,1.799728
FILLER_98_270,VPWR,li1,130.4100,280.1600,1.799728
FILLER_98_251,VPWR,li1,121.2100,280.1600,1.799703
FILLER_98_234,VPWR,li1,113.3900,280.1600,1.799685
FILLER_98_215,VPWR,li1,104.8800,280.1600,1.799669
FILLER_98_206,VPWR,li1,100.5100,280.1600,1.799662
FILLER_98_168,VPWR,li1,83.4900,280.1600,1.799645
FILLER_98_165,VPWR,li1,82.1100,280.1600,1.799644
FILLER_98_147,VPWR,li1,73.3700,280.1600,1.799664
FILLER_98_141,VPWR,li1,70.8400,280.1600,1.799677
FILLER_98_137,VPWR,li1,69.2300,280.1600,1.799677
FILLER_98_134,VPWR,li1,67.8500,280.1600,1.799690
FILLER_98_131,VPWR,li1,66.4700,280.1600,1.799690
FILLER_98_121,VPWR,li1,61.8700,280.1600,1.799718
FILLER_98_118,VPWR,li1,60.4900,280.1600,1.799718
FILLER_98_115,VPWR,li1,59.1100,280.1600,1.799731
FILLER_98_112,VPWR,li1,57.7300,280.1600,1.799731
FILLER_98_109,VPWR,li1,56.3500,280.1600,1.799740
FILLER_98_100,VPWR,li1,51.7500,280.1600,1.799766
FILLER_98_97,VPWR,li1,50.8300,280.1600,1.799766
FILLER_98_94,VPWR,li1,49.4500,280.1600,1.799777
FILLER_98_91,VPWR,li1,48.0700,280.1600,1.799777
FILLER_98_88,VPWR,li1,46.6900,280.1600,1.799791
FILLER_98_85,VPWR,li1,45.3100,280.1600,1.799791
FILLER_98_81,VPWR,li1,43.4700,280.1600,1.799800
FILLER_98_72,VPWR,li1,38.8700,280.1600,1.799822
FILLER_98_61,VPWR,li1,34.2700,280.1600,1.799845
FILLER_98_58,VPWR,li1,32.8900,280.1600,1.799854
FILLER_98_55,VPWR,li1,31.5100,280.1600,1.799863
FILLER_98_52,VPWR,li1,30.1300,280.1600,1.799872
FILLER_98_49,VPWR,li1,28.7500,280.1600,1.799872
FILLER_98_40,VPWR,li1,24.1500,280.1600,1.799901
FILLER_98_29,VPWR,li1,19.5500,280.1600,1.799919
FILLER_98_27,VPWR,li1,18.1700,280.1600,1.799919
FILLER_98_24,VPWR,li1,17.2500,280.1600,1.799919
FILLER_98_21,VPWR,li1,15.8700,280.1600,1.799919
FILLER_98_18,VPWR,li1,14.4900,280.1600,1.799919
FILLER_98_15,VPWR,li1,13.1100,280.1600,1.799919
FILLER_98_12,VPWR,li1,11.7300,280.1600,1.799919
FILLER_98_9,VPWR,li1,10.3500,280.1600,1.799919
FILLER_98_6,VPWR,li1,8.9700,280.1600,1.799919
FILLER_98_3,VPWR,li1,7.5900,280.1600,1.799919
FILLER_97_685,VPWR,li1,321.3100,274.7200,1.798455
FILLER_97_655,VPWR,li1,307.0500,274.7200,1.798459
FILLER_97_652,VPWR,li1,306.1300,274.7200,1.798459
FILLER_97_641,VPWR,li1,301.0700,274.7200,1.798461
FILLER_97_638,VPWR,li1,299.6900,274.7200,1.798461
FILLER_97_635,VPWR,li1,298.3100,274.7200,1.798462
FILLER_97_632,VPWR,li1,296.9300,274.7200,1.798462
FILLER_97_629,VPWR,li1,295.5500,274.7200,1.798463
FILLER_97_626,VPWR,li1,294.1700,274.7200,1.798464
FILLER_97_623,VPWR,li1,292.7900,274.7200,1.798464
FILLER_97_620,VPWR,li1,291.4100,274.7200,1.798465
FILLER_97_617,VPWR,li1,290.0300,274.7200,1.798465
FILLER_97_615,VPWR,li1,288.6500,274.7200,1.798466
FILLER_97_612,VPWR,li1,287.7300,274.7200,1.798466
FILLER_97_592,VPWR,li1,278.0700,274.7200,1.798494
FILLER_97_589,VPWR,li1,277.1500,274.7200,1.798501
FILLER_97_586,VPWR,li1,275.7700,274.7200,1.798508
FILLER_97_550,VPWR,li1,258.7500,274.7200,1.798591
FILLER_97_547,VPWR,li1,257.8300,274.7200,1.798591
FILLER_97_544,VPWR,li1,256.4500,274.7200,1.798616
FILLER_97_508,VPWR,li1,239.6600,274.7200,1.798773
FILLER_97_505,VPWR,li1,238.5100,274.7200,1.798801
FILLER_97_503,VPWR,li1,237.1300,274.7200,1.798801
FILLER_97_500,VPWR,li1,236.2100,274.7200,1.798826
FILLER_97_497,VPWR,li1,234.8300,274.7200,1.798826
FILLER_97_494,VPWR,li1,233.4500,274.7200,1.798847
FILLER_97_491,VPWR,li1,232.0700,274.7200,1.798873
FILLER_97_488,VPWR,li1,230.6900,274.7200,1.798873
FILLER_97_460,VPWR,li1,217.8100,274.7200,1.799039
FILLER_97_449,VPWR,li1,212.5200,274.7200,1.799147
FILLER_97_447,VPWR,li1,211.3700,274.7200,1.799147
FILLER_97_444,VPWR,li1,210.4500,274.7200,1.799186
FILLER_97_441,VPWR,li1,209.0700,274.7200,1.799186
FILLER_97_438,VPWR,li1,207.6900,274.7200,1.799225
FILLER_97_435,VPWR,li1,206.3100,274.7200,1.799256
FILLER_97_432,VPWR,li1,204.9300,274.7200,1.799256
FILLER_97_429,VPWR,li1,203.5500,274.7200,1.799295
FILLER_97_426,VPWR,li1,202.1700,274.7200,1.799326
FILLER_97_423,VPWR,li1,200.7900,274.7200,1.799326
FILLER_97_418,VPWR,li1,198.4900,274.7200,1.799369
FILLER_97_415,VPWR,li1,197.1100,274.7200,1.799412
FILLER_97_412,VPWR,li1,195.7300,274.7200,1.799412
FILLER_97_403,VPWR,li1,191.1300,274.7200,1.799490
FILLER_97_393,VPWR,li1,186.7600,274.7200,1.799575
FILLER_97_381,VPWR,li1,181.4700,274.7200,1.799680
FILLER_97_378,VPWR,li1,180.0900,274.7200,1.799680
FILLER_97_326,VPWR,li1,155.9400,274.7200,1.799663
FILLER_97_323,VPWR,li1,154.7900,274.7200,1.799663
FILLER_97_313,VPWR,li1,149.7300,274.7200,1.799640
FILLER_97_287,VPWR,li1,137.7700,274.7200,1.799589
FILLER_97_284,VPWR,li1,136.8500,274.7200,1.799589
FILLER_97_281,VPWR,li1,135.4700,274.7200,1.799580
FILLER_97_271,VPWR,li1,130.4100,274.7200,1.799563
FILLER_97_268,VPWR,li1,129.4900,274.7200,1.799563
FILLER_97_242,VPWR,li1,117.0700,274.7200,1.799528
FILLER_97_228,VPWR,li1,111.0900,274.7200,1.799534
FILLER_97_225,VPWR,li1,109.7100,274.7200,1.799534
FILLER_97_223,VPWR,li1,108.3300,274.7200,1.799539
FILLER_97_220,VPWR,li1,107.4100,274.7200,1.799544
FILLER_97_217,VPWR,li1,106.0300,274.7200,1.799544
FILLER_97_214,VPWR,li1,104.6500,274.7200,1.799550
FILLER_97_177,VPWR,li1,87.6300,274.7200,1.799606
FILLER_97_165,VPWR,li1,82.1100,274.7200,1.799628
FILLER_97_136,VPWR,li1,68.7700,274.7200,1.799685
FILLER_97_133,VPWR,li1,67.3900,274.7200,1.799694
FILLER_97_130,VPWR,li1,66.0100,274.7200,1.799694
FILLER_97_127,VPWR,li1,64.6300,274.7200,1.799707
FILLER_97_124,VPWR,li1,63.2500,274.7200,1.799707
FILLER_97_121,VPWR,li1,61.8700,274.7200,1.799718
FILLER_97_109,VPWR,li1,56.3500,274.7200,1.799740
FILLER_97_89,VPWR,li1,47.1500,274.7200,1.799790
FILLER_97_71,VPWR,li1,38.6400,274.7200,1.799834
FILLER_97_60,VPWR,li1,33.8100,274.7200,1.799860
FILLER_97_57,VPWR,li1,32.4300,274.7200,1.799873
FILLER_97_54,VPWR,li1,30.8200,274.7200,1.799883
FILLER_97_51,VPWR,li1,29.6700,274.7200,1.799883
FILLER_97_42,VPWR,li1,25.0700,274.7200,1.799915
FILLER_97_39,VPWR,li1,24.1500,274.7200,1.799915
FILLER_97_21,VPWR,li1,15.4100,274.7200,1.799932
FILLER_97_18,VPWR,li1,14.4900,274.7200,1.799932
FILLER_97_15,VPWR,li1,13.1100,274.7200,1.799932
FILLER_97_12,VPWR,li1,11.7300,274.7200,1.799932
FILLER_97_9,VPWR,li1,10.3500,274.7200,1.799932
FILLER_97_6,VPWR,li1,8.9700,274.7200,1.799932
FILLER_97_3,VPWR,li1,7.5900,274.7200,1.799932
FILLER_96_685,VPWR,li1,321.3100,274.7200,1.798455
FILLER_96_682,VPWR,li1,319.9300,274.7200,1.798455
FILLER_96_671,VPWR,li1,314.8700,274.7200,1.798456
FILLER_96_645,VPWR,li1,302.4500,274.7200,1.798461
FILLER_96_637,VPWR,li1,299.2300,274.7200,1.798461
FILLER_96_634,VPWR,li1,297.8500,274.7200,1.798462
FILLER_96_631,VPWR,li1,296.4700,274.7200,1.798463
FILLER_96_628,VPWR,li1,295.0900,274.7200,1.798463
FILLER_96_625,VPWR,li1,293.7100,274.7200,1.798464
FILLER_96_616,VPWR,li1,289.1100,274.7200,1.798466
FILLER_96_598,VPWR,li1,280.8300,274.7200,1.798486
FILLER_96_595,VPWR,li1,279.9100,274.7200,1.798486
FILLER_96_592,VPWR,li1,278.5300,274.7200,1.798494
FILLER_96_589,VPWR,li1,277.1500,274.7200,1.798501
FILLER_96_586,VPWR,li1,275.5400,274.7200,1.798508
FILLER_96_583,VPWR,li1,274.3900,274.7200,1.798508
FILLER_96_544,VPWR,li1,256.4500,274.7200,1.798616
FILLER_96_541,VPWR,li1,255.0700,274.7200,1.798616
FILLER_96_530,VPWR,li1,249.7800,274.7200,1.798667
FILLER_96_511,VPWR,li1,241.0400,274.7200,1.798773
FILLER_96_494,VPWR,li1,232.9900,274.7200,1.798847
FILLER_96_439,VPWR,li1,208.1500,274.7200,1.799225
FILLER_96_436,VPWR,li1,206.7700,274.7200,1.799225
FILLER_96_433,VPWR,li1,205.3900,274.7200,1.799256
FILLER_96_430,VPWR,li1,204.0100,274.7200,1.799295
FILLER_96_427,VPWR,li1,202.6300,274.7200,1.799295
FILLER_96_424,VPWR,li1,201.2500,274.7200,1.799326
FILLER_96_421,VPWR,li1,199.8700,274.7200,1.799369
FILLER_96_418,VPWR,li1,198.2600,274.7200,1.799369
FILLER_96_415,VPWR,li1,197.1100,274.7200,1.799412
FILLER_96_412,VPWR,li1,195.7300,274.7200,1.799412
FILLER_96_384,VPWR,li1,182.6200,274.7200,1.799636
FILLER_96_381,VPWR,li1,181.4700,274.7200,1.799680
FILLER_96_363,VPWR,li1,172.7300,274.7200,1.799751
FILLER_96_360,VPWR,li1,171.8100,274.7200,1.799738
FILLER_96_357,VPWR,li1,170.4300,274.7200,1.799738
FILLER_96_331,VPWR,li1,158.4700,274.7200,1.799678
FILLER_96_312,VPWR,li1,149.5000,274.7200,1.799640
FILLER_96_309,VPWR,li1,148.3500,274.7200,1.799628
FILLER_96_306,VPWR,li1,146.7400,274.7200,1.799628
FILLER_96_290,VPWR,li1,139.1500,274.7200,1.799598
FILLER_96_287,VPWR,li1,138.2300,274.7200,1.799589
FILLER_96_251,VPWR,li1,121.2100,274.7200,1.799538
FILLER_96_222,VPWR,li1,107.8700,274.7200,1.799539
FILLER_96_219,VPWR,li1,106.9500,274.7200,1.799544
FILLER_96_216,VPWR,li1,105.5700,274.7200,1.799550
FILLER_96_213,VPWR,li1,104.1900,274.7200,1.799550
FILLER_96_176,VPWR,li1,87.1700,274.7200,1.799606
FILLER_96_141,VPWR,li1,70.8400,274.7200,1.799674
FILLER_96_122,VPWR,li1,61.8700,274.7200,1.799718
FILLER_96_119,VPWR,li1,60.9500,274.7200,1.799718
FILLER_96_83,VPWR,li1,43.9300,274.7200,1.799810
FILLER_96_80,VPWR,li1,43.0100,274.7200,1.799810
FILLER_96_61,VPWR,li1,34.0400,274.7200,1.799860
FILLER_96_58,VPWR,li1,32.8900,274.7200,1.799873
FILLER_96_55,VPWR,li1,31.5100,274.7200,1.799873
FILLER_96_29,VPWR,li1,19.0900,274.7200,1.799932
FILLER_96_9,VPWR,li1,10.3500,274.7200,1.799932
FILLER_96_6,VPWR,li1,8.9700,274.7200,1.799932
FILLER_96_3,VPWR,li1,7.5900,274.7200,1.799932
FILLER_95_687,VPWR,li1,321.7700,269.2800,1.798550
FILLER_95_684,VPWR,li1,320.8500,269.2800,1.798550
FILLER_95_681,VPWR,li1,319.4700,269.2800,1.798550
FILLER_95_635,VPWR,li1,297.8500,269.2800,1.798617
FILLER_95_632,VPWR,li1,296.9300,269.2800,1.798617
FILLER_95_615,VPWR,li1,288.6500,269.2800,1.798665
FILLER_95_612,VPWR,li1,287.7300,269.2800,1.798665
FILLER_95_586,VPWR,li1,275.3100,269.2800,1.798738
FILLER_95_558,VPWR,li1,262.6600,269.2800,1.798817
FILLER_95_547,VPWR,li1,257.8300,269.2800,1.798855
FILLER_95_544,VPWR,li1,256.4500,269.2800,1.798877
FILLER_95_541,VPWR,li1,255.0700,269.2800,1.798877
FILLER_95_538,VPWR,li1,253.6900,269.2800,1.798897
FILLER_95_511,VPWR,li1,240.8100,269.2800,1.799008
FILLER_95_508,VPWR,li1,239.8900,269.2800,1.799028
FILLER_95_505,VPWR,li1,238.5100,269.2800,1.799048
FILLER_95_503,VPWR,li1,237.1300,269.2800,1.799048
FILLER_95_460,VPWR,li1,217.3500,269.2800,1.799276
FILLER_95_449,VPWR,li1,212.7500,269.2800,1.799327
FILLER_95_429,VPWR,li1,203.3200,269.2800,1.799427
FILLER_95_418,VPWR,li1,198.4900,269.2800,1.799486
FILLER_95_389,VPWR,li1,185.1500,269.2800,1.799652
FILLER_95_295,VPWR,li1,141.4500,269.2800,1.799690
FILLER_95_286,VPWR,li1,137.3100,269.2800,1.799682
FILLER_95_245,VPWR,li1,118.4500,269.2800,1.799651
FILLER_95_242,VPWR,li1,117.5300,269.2800,1.799651
FILLER_95_221,VPWR,li1,107.8700,269.2800,1.799641
FILLER_95_218,VPWR,li1,106.4900,269.2800,1.799641
FILLER_95_215,VPWR,li1,105.1100,269.2800,1.799639
FILLER_95_212,VPWR,li1,103.7300,269.2800,1.799639
FILLER_95_209,VPWR,li1,102.3500,269.2800,1.799637
FILLER_95_206,VPWR,li1,100.9700,269.2800,1.799637
FILLER_95_187,VPWR,li1,92.0000,269.2800,1.799633
FILLER_95_184,VPWR,li1,90.8500,269.2800,1.799640
FILLER_95_181,VPWR,li1,89.4700,269.2800,1.799645
FILLER_95_178,VPWR,li1,88.0900,269.2800,1.799645
FILLER_95_175,VPWR,li1,86.7100,269.2800,1.799650
FILLER_95_172,VPWR,li1,85.3300,269.2800,1.799657
FILLER_95_169,VPWR,li1,83.9500,269.2800,1.799657
FILLER_95_140,VPWR,li1,70.6100,269.2800,1.799704
FILLER_95_131,VPWR,li1,66.0100,269.2800,1.799722
FILLER_95_116,VPWR,li1,59.1100,269.2800,1.799743
FILLER_95_113,VPWR,li1,58.1900,269.2800,1.799752
FILLER_95_111,VPWR,li1,56.8100,269.2800,1.799752
FILLER_95_91,VPWR,li1,48.0700,269.2800,1.799795
FILLER_95_88,VPWR,li1,46.6900,269.2800,1.799795
FILLER_95_60,VPWR,li1,33.5800,269.2800,1.799867
FILLER_95_57,VPWR,li1,32.4300,269.2800,1.799867
FILLER_95_53,VPWR,li1,30.5900,269.2800,1.799877
FILLER_95_9,VPWR,li1,9.8900,269.2800,1.799928
FILLER_95_6,VPWR,li1,8.9700,269.2800,1.799928
FILLER_95_3,VPWR,li1,7.5900,269.2800,1.799928
FILLER_94_679,VPWR,li1,318.0900,269.2800,1.798551
FILLER_94_589,VPWR,li1,277.1500,269.2800,1.798726
FILLER_94_585,VPWR,li1,275.3100,269.2800,1.798738
FILLER_94_582,VPWR,li1,273.9300,269.2800,1.798754
FILLER_94_579,VPWR,li1,272.5500,269.2800,1.798754
FILLER_94_568,VPWR,li1,267.4900,269.2800,1.798785
FILLER_94_556,VPWR,li1,261.5100,269.2800,1.798835
FILLER_94_553,VPWR,li1,260.5900,269.2800,1.798835
FILLER_94_550,VPWR,li1,259.2100,269.2800,1.798855
FILLER_94_547,VPWR,li1,257.8300,269.2800,1.798855
FILLER_94_544,VPWR,li1,256.4500,269.2800,1.798877
FILLER_94_541,VPWR,li1,255.0700,269.2800,1.798877
FILLER_94_519,VPWR,li1,244.7200,269.2800,1.798983
FILLER_94_509,VPWR,li1,240.1200,269.2800,1.799028
FILLER_94_506,VPWR,li1,238.9700,269.2800,1.799028
FILLER_94_503,VPWR,li1,237.5900,269.2800,1.799048
FILLER_94_457,VPWR,li1,216.2000,269.2800,1.799276
FILLER_94_429,VPWR,li1,203.3200,269.2800,1.799427
FILLER_94_419,VPWR,li1,198.4900,269.2800,1.799486
FILLER_94_416,VPWR,li1,197.5700,269.2800,1.799516
FILLER_94_413,VPWR,li1,196.1900,269.2800,1.799516
FILLER_94_384,VPWR,li1,182.8500,269.2800,1.799699
FILLER_94_381,VPWR,li1,181.4700,269.2800,1.799699
FILLER_94_368,VPWR,li1,175.2600,269.2800,1.799791
FILLER_94_365,VPWR,li1,174.1100,269.2800,1.799780
FILLER_94_362,VPWR,li1,172.5000,269.2800,1.799780
FILLER_94_352,VPWR,li1,167.9000,269.2800,1.799760
FILLER_94_349,VPWR,li1,166.7500,269.2800,1.799760
FILLER_94_346,VPWR,li1,165.3700,269.2800,1.799753
FILLER_94_343,VPWR,li1,163.9900,269.2800,1.799746
FILLER_94_340,VPWR,li1,162.6100,269.2800,1.799746
FILLER_94_337,VPWR,li1,161.2300,269.2800,1.799739
FILLER_94_309,VPWR,li1,148.1200,269.2800,1.799701
FILLER_94_307,VPWR,li1,146.9700,269.2800,1.799701
FILLER_94_298,VPWR,li1,142.8300,269.2800,1.799690
FILLER_94_295,VPWR,li1,141.9100,269.2800,1.799690
FILLER_94_256,VPWR,li1,123.9700,269.2800,1.799659
FILLER_94_253,VPWR,li1,122.5900,269.2800,1.799656
FILLER_94_224,VPWR,li1,109.0200,269.2800,1.799642
FILLER_94_215,VPWR,li1,104.6500,269.2800,1.799639
FILLER_94_212,VPWR,li1,103.7300,269.2800,1.799639
FILLER_94_209,VPWR,li1,102.3500,269.2800,1.799637
FILLER_94_206,VPWR,li1,100.9700,269.2800,1.799637
FILLER_94_203,VPWR,li1,99.5900,269.2800,1.799635
FILLER_94_200,VPWR,li1,98.2100,269.2800,1.799635
FILLER_94_197,VPWR,li1,96.8300,269.2800,1.799634
FILLER_94_195,VPWR,li1,95.4500,269.2800,1.799634
FILLER_94_183,VPWR,li1,89.9300,269.2800,1.799640
FILLER_94_180,VPWR,li1,89.0100,269.2800,1.799645
FILLER_94_177,VPWR,li1,87.6300,269.2800,1.799650
FILLER_94_174,VPWR,li1,86.2500,269.2800,1.799650
FILLER_94_171,VPWR,li1,84.8700,269.2800,1.799657
FILLER_94_168,VPWR,li1,83.4900,269.2800,1.799663
FILLER_94_165,VPWR,li1,82.1100,269.2800,1.799663
FILLER_94_147,VPWR,li1,73.6000,269.2800,1.799693
FILLER_94_144,VPWR,li1,72.4500,269.2800,1.799693
FILLER_94_141,VPWR,li1,71.0700,269.2800,1.799704
FILLER_94_138,VPWR,li1,69.4600,269.2800,1.799704
FILLER_94_135,VPWR,li1,68.3100,269.2800,1.799713
FILLER_94_132,VPWR,li1,66.9300,269.2800,1.799713
FILLER_94_82,VPWR,li1,43.7000,269.2800,1.799814
FILLER_94_79,VPWR,li1,42.5500,269.2800,1.799814
FILLER_94_61,VPWR,li1,33.8100,269.2800,1.799867
FILLER_94_32,VPWR,li1,20.9300,269.2800,1.799933
FILLER_94_29,VPWR,li1,19.5500,269.2800,1.799931
FILLER_94_17,VPWR,li1,14.0300,269.2800,1.799929
FILLER_94_14,VPWR,li1,12.6500,269.2800,1.799928
FILLER_94_11,VPWR,li1,11.2700,269.2800,1.799928
FILLER_93_687,VPWR,li1,321.7700,263.8400,1.799278
FILLER_93_684,VPWR,li1,320.8500,263.8400,1.799278
FILLER_93_681,VPWR,li1,319.4700,263.8400,1.799278
FILLER_93_671,VPWR,li1,314.4100,263.8400,1.799278
FILLER_93_634,VPWR,li1,297.8500,263.8400,1.799291
FILLER_93_617,VPWR,li1,289.5700,263.8400,1.799301
FILLER_93_589,VPWR,li1,276.6900,263.8400,1.799320
FILLER_93_586,VPWR,li1,275.7700,263.8400,1.799320
FILLER_93_583,VPWR,li1,274.3900,263.8400,1.799324
FILLER_93_580,VPWR,li1,273.0100,263.8400,1.799324
FILLER_93_577,VPWR,li1,271.6300,263.8400,1.799327
FILLER_93_557,VPWR,li1,262.4300,263.8400,1.799344
FILLER_93_554,VPWR,li1,261.0500,263.8400,1.799348
FILLER_93_551,VPWR,li1,259.6700,263.8400,1.799348
FILLER_93_543,VPWR,li1,255.5300,263.8400,1.799355
FILLER_93_505,VPWR,li1,238.5100,263.8400,1.799399
FILLER_93_501,VPWR,li1,236.6700,263.8400,1.799405
FILLER_93_498,VPWR,li1,235.2900,263.8400,1.799411
FILLER_93_430,VPWR,li1,203.5500,263.8400,1.799544
FILLER_93_404,VPWR,li1,191.5900,263.8400,1.799653
FILLER_93_393,VPWR,li1,186.7600,263.8400,1.799708
FILLER_93_383,VPWR,li1,181.9300,263.8400,1.799759
FILLER_93_380,VPWR,li1,181.0100,263.8400,1.799759
FILLER_93_360,VPWR,li1,171.8100,263.8400,1.799779
FILLER_93_357,VPWR,li1,170.4300,263.8400,1.799779
FILLER_93_354,VPWR,li1,169.0500,263.8400,1.799766
FILLER_93_351,VPWR,li1,167.6700,263.8400,1.799749
FILLER_93_348,VPWR,li1,166.2900,263.8400,1.799749
FILLER_93_345,VPWR,li1,164.9100,263.8400,1.799736
FILLER_93_335,VPWR,li1,159.8500,263.8400,1.799703
FILLER_93_332,VPWR,li1,158.9300,263.8400,1.799687
FILLER_93_329,VPWR,li1,157.5500,263.8400,1.799687
FILLER_93_296,VPWR,li1,142.3700,263.8400,1.799630
FILLER_93_293,VPWR,li1,140.9900,263.8400,1.799625
FILLER_93_284,VPWR,li1,136.3900,263.8400,1.799614
FILLER_93_281,VPWR,li1,135.4700,263.8400,1.799611
FILLER_93_278,VPWR,li1,133.8600,263.8400,1.799611
FILLER_93_253,VPWR,li1,122.1300,263.8400,1.799600
FILLER_93_228,VPWR,li1,110.6300,263.8400,1.799616
FILLER_93_225,VPWR,li1,109.7100,263.8400,1.799620
FILLER_93_215,VPWR,li1,104.6500,263.8400,1.799631
FILLER_93_212,VPWR,li1,103.7300,263.8400,1.799631
FILLER_93_209,VPWR,li1,102.3500,263.8400,1.799638
FILLER_93_206,VPWR,li1,100.9700,263.8400,1.799638
FILLER_93_203,VPWR,li1,99.5900,263.8400,1.799645
FILLER_93_200,VPWR,li1,98.2100,263.8400,1.799645
FILLER_93_197,VPWR,li1,96.8300,263.8400,1.799651
FILLER_93_181,VPWR,li1,89.2400,263.8400,1.799668
FILLER_93_178,VPWR,li1,88.0900,263.8400,1.799675
FILLER_93_175,VPWR,li1,86.7100,263.8400,1.799675
FILLER_93_172,VPWR,li1,85.3300,263.8400,1.799679
FILLER_93_169,VPWR,li1,83.9500,263.8400,1.799684
FILLER_93_165,VPWR,li1,82.1100,263.8400,1.799690
FILLER_93_162,VPWR,li1,80.7300,263.8400,1.799690
FILLER_93_159,VPWR,li1,79.3500,263.8400,1.799695
FILLER_93_140,VPWR,li1,70.6100,263.8400,1.799722
FILLER_93_137,VPWR,li1,69.2300,263.8400,1.799729
FILLER_93_134,VPWR,li1,67.8500,263.8400,1.799729
FILLER_93_116,VPWR,li1,59.3400,263.8400,1.799760
FILLER_93_113,VPWR,li1,58.1900,263.8400,1.799760
FILLER_93_111,VPWR,li1,56.8100,263.8400,1.799768
FILLER_93_108,VPWR,li1,55.8900,263.8400,1.799768
FILLER_93_98,VPWR,li1,51.0600,263.8400,1.799789
FILLER_93_95,VPWR,li1,49.9100,263.8400,1.799789
FILLER_93_92,VPWR,li1,48.5300,263.8400,1.799800
FILLER_93_89,VPWR,li1,47.1500,263.8400,1.799800
FILLER_93_86,VPWR,li1,45.7700,263.8400,1.799809
FILLER_93_83,VPWR,li1,44.3900,263.8400,1.799809
FILLER_93_60,VPWR,li1,33.3500,263.8400,1.799848
FILLER_93_57,VPWR,li1,32.4300,263.8400,1.799865
FILLER_93_54,VPWR,li1,30.8200,263.8400,1.799865
FILLER_93_51,VPWR,li1,29.6700,263.8400,1.799881
FILLER_93_24,VPWR,li1,17.0200,263.8400,1.799929
FILLER_93_21,VPWR,li1,15.8700,263.8400,1.799929
FILLER_93_18,VPWR,li1,14.4900,263.8400,1.799929
FILLER_93_15,VPWR,li1,13.1100,263.8400,1.799929
FILLER_93_12,VPWR,li1,11.7300,263.8400,1.799929
FILLER_93_9,VPWR,li1,10.3500,263.8400,1.799929
FILLER_93_6,VPWR,li1,8.9700,263.8400,1.799929
FILLER_93_3,VPWR,li1,7.5900,263.8400,1.799929
FILLER_92_659,VPWR,li1,309.3500,263.8400,1.799280
FILLER_92_648,VPWR,li1,304.0600,263.8400,1.799286
FILLER_92_645,VPWR,li1,302.9100,263.8400,1.799286
FILLER_92_643,VPWR,li1,301.5300,263.8400,1.799288
FILLER_92_640,VPWR,li1,300.6100,263.8400,1.799288
FILLER_92_637,VPWR,li1,299.2300,263.8400,1.799291
FILLER_92_634,VPWR,li1,297.8500,263.8400,1.799291
FILLER_92_626,VPWR,li1,293.7100,263.8400,1.799295
FILLER_92_592,VPWR,li1,278.0700,263.8400,1.799317
FILLER_92_589,VPWR,li1,277.1500,263.8400,1.799317
FILLER_92_585,VPWR,li1,275.3100,263.8400,1.799320
FILLER_92_582,VPWR,li1,273.9300,263.8400,1.799324
FILLER_92_579,VPWR,li1,272.5500,263.8400,1.799327
FILLER_92_576,VPWR,li1,271.1700,263.8400,1.799327
FILLER_92_573,VPWR,li1,269.7900,263.8400,1.799332
FILLER_92_570,VPWR,li1,268.4100,263.8400,1.799332
FILLER_92_552,VPWR,li1,259.6700,263.8400,1.799348
FILLER_92_549,VPWR,li1,258.7500,263.8400,1.799352
FILLER_92_531,VPWR,li1,250.0100,263.8400,1.799365
FILLER_92_528,VPWR,li1,249.0900,263.8400,1.799370
FILLER_92_525,VPWR,li1,247.7100,263.8400,1.799370
FILLER_92_506,VPWR,li1,238.9700,263.8400,1.799399
FILLER_92_503,VPWR,li1,237.5900,263.8400,1.799405
FILLER_92_500,VPWR,li1,236.2100,263.8400,1.799411
FILLER_92_497,VPWR,li1,234.8300,263.8400,1.799411
FILLER_92_494,VPWR,li1,233.4500,263.8400,1.799420
FILLER_92_491,VPWR,li1,232.0700,263.8400,1.799420
FILLER_92_474,VPWR,li1,224.0200,263.8400,1.799448
FILLER_92_464,VPWR,li1,219.4200,263.8400,1.799470
FILLER_92_461,VPWR,li1,218.2700,263.8400,1.799470
FILLER_92_421,VPWR,li1,199.6400,263.8400,1.799584
FILLER_92_363,VPWR,li1,172.7300,263.8400,1.799796
FILLER_92_354,VPWR,li1,168.5900,263.8400,1.799766
FILLER_92_351,VPWR,li1,167.6700,263.8400,1.799749
FILLER_92_348,VPWR,li1,166.2900,263.8400,1.799749
FILLER_92_345,VPWR,li1,164.9100,263.8400,1.799736
FILLER_92_342,VPWR,li1,163.5300,263.8400,1.799721
FILLER_92_298,VPWR,li1,143.0600,263.8400,1.799630
FILLER_92_295,VPWR,li1,141.9100,263.8400,1.799625
FILLER_92_292,VPWR,li1,140.5300,263.8400,1.799625
FILLER_92_272,VPWR,li1,131.3300,263.8400,1.799606
FILLER_92_262,VPWR,li1,126.5000,263.8400,1.799595
FILLER_92_259,VPWR,li1,125.3500,263.8400,1.799595
FILLER_92_256,VPWR,li1,123.9700,263.8400,1.799598
FILLER_92_253,VPWR,li1,122.5900,263.8400,1.799598
FILLER_92_249,VPWR,li1,120.7500,263.8400,1.799600
FILLER_92_212,VPWR,li1,103.7300,263.8400,1.799631
FILLER_92_209,VPWR,li1,102.3500,263.8400,1.799638
FILLER_92_206,VPWR,li1,100.9700,263.8400,1.799638
FILLER_92_203,VPWR,li1,99.5900,263.8400,1.799645
FILLER_92_200,VPWR,li1,98.2100,263.8400,1.799645
FILLER_92_197,VPWR,li1,96.8300,263.8400,1.799651
FILLER_92_177,VPWR,li1,87.6300,263.8400,1.799675
FILLER_92_174,VPWR,li1,86.2500,263.8400,1.799679
FILLER_92_171,VPWR,li1,84.8700,263.8400,1.799679
FILLER_92_168,VPWR,li1,83.4900,263.8400,1.799684
FILLER_92_159,VPWR,li1,78.8900,263.8400,1.799695
FILLER_92_141,VPWR,li1,70.6100,263.8400,1.799722
FILLER_92_139,VPWR,li1,69.6900,263.8400,1.799722
FILLER_92_128,VPWR,li1,65.0900,263.8400,1.799737
FILLER_92_85,VPWR,li1,44.8500,263.8400,1.799809
FILLER_92_81,VPWR,li1,43.4700,263.8400,1.799818
FILLER_92_78,VPWR,li1,42.0900,263.8400,1.799818
FILLER_92_70,VPWR,li1,38.1800,263.8400,1.799835
FILLER_92_67,VPWR,li1,37.0300,263.8400,1.799835
FILLER_92_54,VPWR,li1,30.8200,263.8400,1.799865
FILLER_92_51,VPWR,li1,29.6700,263.8400,1.799881
FILLER_92_48,VPWR,li1,28.2900,263.8400,1.799881
FILLER_92_38,VPWR,li1,23.4600,263.8400,1.799913
FILLER_92_29,VPWR,li1,19.0900,263.8400,1.799929
FILLER_92_27,VPWR,li1,18.1700,263.8400,1.799929
FILLER_92_24,VPWR,li1,17.2500,263.8400,1.799929
FILLER_92_21,VPWR,li1,15.8700,263.8400,1.799929
FILLER_92_18,VPWR,li1,14.4900,263.8400,1.799929
FILLER_92_15,VPWR,li1,13.1100,263.8400,1.799929
FILLER_92_12,VPWR,li1,11.7300,263.8400,1.799929
FILLER_92_9,VPWR,li1,10.3500,263.8400,1.799929
FILLER_92_6,VPWR,li1,8.9700,263.8400,1.799929
FILLER_92_3,VPWR,li1,7.5900,263.8400,1.799929
FILLER_91_687,VPWR,li1,321.7700,258.4000,1.799378
FILLER_91_684,VPWR,li1,320.8500,258.4000,1.799378
FILLER_91_681,VPWR,li1,319.4700,258.4000,1.799378
FILLER_91_663,VPWR,li1,310.7300,258.4000,1.799382
FILLER_91_660,VPWR,li1,309.8100,258.4000,1.799382
FILLER_91_636,VPWR,li1,298.5400,258.4000,1.799391
FILLER_91_633,VPWR,li1,297.3900,258.4000,1.799393
FILLER_91_630,VPWR,li1,296.0100,258.4000,1.799393
FILLER_91_627,VPWR,li1,294.6300,258.4000,1.799396
FILLER_91_624,VPWR,li1,293.2500,258.4000,1.799396
FILLER_91_617,VPWR,li1,289.8000,258.4000,1.799401
FILLER_91_615,VPWR,li1,288.6500,258.4000,1.799401
FILLER_91_612,VPWR,li1,287.7300,258.4000,1.799403
FILLER_91_609,VPWR,li1,286.3500,258.4000,1.799403
FILLER_91_599,VPWR,li1,281.5200,258.4000,1.799412
FILLER_91_596,VPWR,li1,280.3700,258.4000,1.799412
FILLER_91_593,VPWR,li1,278.9900,258.4000,1.799415
FILLER_91_590,VPWR,li1,277.6100,258.4000,1.799415
FILLER_91_587,VPWR,li1,276.2300,258.4000,1.799418
FILLER_91_559,VPWR,li1,262.8900,258.4000,1.799439
FILLER_91_548,VPWR,li1,258.2900,258.4000,1.799449
FILLER_91_513,VPWR,li1,241.7300,258.4000,1.799491
FILLER_91_469,VPWR,li1,221.4900,258.4000,1.799574
FILLER_91_447,VPWR,li1,211.3700,258.4000,1.799622
FILLER_91_444,VPWR,li1,210.4500,258.4000,1.799622
FILLER_91_434,VPWR,li1,205.6200,258.4000,1.799652
FILLER_91_422,VPWR,li1,199.8700,258.4000,1.799679
FILLER_91_419,VPWR,li1,198.9500,258.4000,1.799698
FILLER_91_416,VPWR,li1,197.5700,258.4000,1.799698
FILLER_91_399,VPWR,li1,189.2900,258.4000,1.799771
FILLER_91_389,VPWR,li1,185.1500,258.4000,1.799817
FILLER_91_386,VPWR,li1,183.7700,258.4000,1.799817
FILLER_91_383,VPWR,li1,182.3900,258.4000,1.799839
FILLER_91_380,VPWR,li1,181.0100,258.4000,1.799839
FILLER_91_343,VPWR,li1,163.7600,258.4000,1.799861
FILLER_91_340,VPWR,li1,162.6100,258.4000,1.799858
FILLER_91_337,VPWR,li1,161.2300,258.4000,1.799854
FILLER_91_334,VPWR,li1,159.6200,258.4000,1.799854
FILLER_91_299,VPWR,li1,143.5200,258.4000,1.799834
FILLER_91_296,VPWR,li1,142.3700,258.4000,1.799834
FILLER_91_293,VPWR,li1,140.9900,258.4000,1.799832
FILLER_91_290,VPWR,li1,139.6100,258.4000,1.799832
FILLER_91_262,VPWR,li1,126.5000,258.4000,1.799825
FILLER_91_228,VPWR,li1,110.6300,258.4000,1.799822
FILLER_91_225,VPWR,li1,109.7100,258.4000,1.799822
FILLER_91_213,VPWR,li1,104.1900,258.4000,1.799823
FILLER_91_210,VPWR,li1,102.8100,258.4000,1.799824
FILLER_91_175,VPWR,li1,86.4800,258.4000,1.799832
FILLER_91_172,VPWR,li1,85.3300,258.4000,1.799835
FILLER_91_169,VPWR,li1,83.9500,258.4000,1.799835
FILLER_91_165,VPWR,li1,82.1100,258.4000,1.799837
FILLER_91_86,VPWR,li1,45.3100,258.4000,1.799897
FILLER_91_83,VPWR,li1,44.3900,258.4000,1.799897
FILLER_91_57,VPWR,li1,32.2000,258.4000,1.799934
FILLER_91_46,VPWR,li1,27.1400,258.4000,1.799948
FILLER_91_43,VPWR,li1,25.9900,258.4000,1.799956
FILLER_91_40,VPWR,li1,24.6100,258.4000,1.799956
FILLER_91_37,VPWR,li1,23.2300,258.4000,1.799962
FILLER_91_28,VPWR,li1,18.6300,258.4000,1.799969
FILLER_91_21,VPWR,li1,15.4100,258.4000,1.799968
FILLER_91_18,VPWR,li1,14.4900,258.4000,1.799968
FILLER_91_15,VPWR,li1,13.1100,258.4000,1.799968
FILLER_91_12,VPWR,li1,11.7300,258.4000,1.799968
FILLER_91_9,VPWR,li1,10.3500,258.4000,1.799968
FILLER_91_6,VPWR,li1,8.9700,258.4000,1.799968
FILLER_91_3,VPWR,li1,7.5900,258.4000,1.799968
FILLER_90_685,VPWR,li1,321.3100,258.4000,1.799378
FILLER_90_648,VPWR,li1,304.0600,258.4000,1.799387
FILLER_90_645,VPWR,li1,302.9100,258.4000,1.799387
FILLER_90_636,VPWR,li1,298.7700,258.4000,1.799391
FILLER_90_633,VPWR,li1,297.3900,258.4000,1.799393
FILLER_90_630,VPWR,li1,296.0100,258.4000,1.799393
FILLER_90_627,VPWR,li1,294.6300,258.4000,1.799396
FILLER_90_620,VPWR,li1,291.1800,258.4000,1.799398
FILLER_90_617,VPWR,li1,290.0300,258.4000,1.799401
FILLER_90_614,VPWR,li1,288.6500,258.4000,1.799401
FILLER_90_601,VPWR,li1,282.2100,258.4000,1.799409
FILLER_90_598,VPWR,li1,281.2900,258.4000,1.799412
FILLER_90_595,VPWR,li1,279.9100,258.4000,1.799412
FILLER_90_592,VPWR,li1,278.5300,258.4000,1.799415
FILLER_90_589,VPWR,li1,277.1500,258.4000,1.799418
FILLER_90_586,VPWR,li1,275.5400,258.4000,1.799418
FILLER_90_583,VPWR,li1,274.3900,258.4000,1.799421
FILLER_90_554,VPWR,li1,261.0500,258.4000,1.799444
FILLER_90_551,VPWR,li1,259.6700,258.4000,1.799449
FILLER_90_531,VPWR,li1,250.0100,258.4000,1.799468
FILLER_90_504,VPWR,li1,237.5900,258.4000,1.799505
FILLER_90_501,VPWR,li1,236.6700,258.4000,1.799513
FILLER_90_498,VPWR,li1,235.2900,258.4000,1.799513
FILLER_90_495,VPWR,li1,233.9100,258.4000,1.799521
FILLER_90_477,VPWR,li1,225.1700,258.4000,1.799553
FILLER_90_465,VPWR,li1,220.1100,258.4000,1.799574
FILLER_90_439,VPWR,li1,207.9200,258.4000,1.799639
FILLER_90_436,VPWR,li1,206.7700,258.4000,1.799639
FILLER_90_425,VPWR,li1,201.7100,258.4000,1.799665
FILLER_90_418,VPWR,li1,198.2600,258.4000,1.799698
FILLER_90_410,VPWR,li1,194.5800,258.4000,1.799734
FILLER_90_405,VPWR,li1,192.0500,258.4000,1.799751
FILLER_90_402,VPWR,li1,191.1300,258.4000,1.799751
FILLER_90_394,VPWR,li1,186.9900,258.4000,1.799794
FILLER_90_391,VPWR,li1,186.0700,258.4000,1.799794
FILLER_90_345,VPWR,li1,164.9100,258.4000,1.799861
FILLER_90_315,VPWR,li1,150.6500,258.4000,1.799841
FILLER_90_312,VPWR,li1,149.7300,258.4000,1.799841
FILLER_90_309,VPWR,li1,148.3500,258.4000,1.799838
FILLER_90_307,VPWR,li1,146.9700,258.4000,1.799838
FILLER_90_270,VPWR,li1,129.9500,258.4000,1.799826
FILLER_90_267,VPWR,li1,129.0300,258.4000,1.799826
FILLER_90_256,VPWR,li1,123.9700,258.4000,1.799824
FILLER_90_253,VPWR,li1,122.5900,258.4000,1.799823
FILLER_90_242,VPWR,li1,117.3000,258.4000,1.799822
FILLER_90_225,VPWR,li1,109.2500,258.4000,1.799822
FILLER_90_222,VPWR,li1,108.3300,258.4000,1.799823
FILLER_90_219,VPWR,li1,106.9500,258.4000,1.799823
FILLER_90_216,VPWR,li1,105.5700,258.4000,1.799823
FILLER_90_213,VPWR,li1,104.1900,258.4000,1.799823
FILLER_90_210,VPWR,li1,102.8100,258.4000,1.799824
FILLER_90_207,VPWR,li1,101.4300,258.4000,1.799824
FILLER_90_197,VPWR,li1,96.3700,258.4000,1.799825
FILLER_90_170,VPWR,li1,84.1800,258.4000,1.799835
FILLER_90_141,VPWR,li1,71.0700,258.4000,1.799848
FILLER_90_139,VPWR,li1,69.6900,258.4000,1.799848
FILLER_90_136,VPWR,li1,68.7700,258.4000,1.799850
FILLER_90_133,VPWR,li1,67.3900,258.4000,1.799850
FILLER_90_82,VPWR,li1,43.7000,258.4000,1.799897
FILLER_90_32,VPWR,li1,20.4700,258.4000,1.799969
FILLER_90_29,VPWR,li1,19.5500,258.4000,1.799969
FILLER_90_18,VPWR,li1,14.2600,258.4000,1.799968
FILLER_90_15,VPWR,li1,13.1100,258.4000,1.799968
FILLER_90_12,VPWR,li1,11.7300,258.4000,1.799968
FILLER_90_9,VPWR,li1,10.3500,258.4000,1.799968
FILLER_90_6,VPWR,li1,8.9700,258.4000,1.799968
FILLER_90_3,VPWR,li1,7.5900,258.4000,1.799968
FILLER_89_685,VPWR,li1,321.3100,252.9600,1.799338
FILLER_89_682,VPWR,li1,319.9300,252.9600,1.799338
FILLER_89_662,VPWR,li1,310.2700,252.9600,1.799342
FILLER_89_635,VPWR,li1,297.8500,252.9600,1.799356
FILLER_89_632,VPWR,li1,296.9300,252.9600,1.799356
FILLER_89_629,VPWR,li1,295.5500,252.9600,1.799358
FILLER_89_626,VPWR,li1,294.1700,252.9600,1.799361
FILLER_89_623,VPWR,li1,292.7900,252.9600,1.799361
FILLER_89_597,VPWR,li1,280.6000,252.9600,1.799383
FILLER_89_594,VPWR,li1,279.4500,252.9600,1.799383
FILLER_89_543,VPWR,li1,255.5300,252.9600,1.799451
FILLER_89_540,VPWR,li1,254.6100,252.9600,1.799451
FILLER_89_522,VPWR,li1,245.8700,252.9600,1.799482
FILLER_89_503,VPWR,li1,237.1300,252.9600,1.799519
FILLER_89_475,VPWR,li1,224.4800,252.9600,1.799579
FILLER_89_428,VPWR,li1,203.0900,252.9600,1.799695
FILLER_89_417,VPWR,li1,198.0300,252.9600,1.799732
FILLER_89_396,VPWR,li1,188.1400,252.9600,1.799792
FILLER_89_393,VPWR,li1,186.9900,252.9600,1.799806
FILLER_89_390,VPWR,li1,185.3800,252.9600,1.799820
FILLER_89_355,VPWR,li1,169.2800,252.9600,1.799846
FILLER_89_352,VPWR,li1,168.1300,252.9600,1.799846
FILLER_89_335,VPWR,li1,159.8500,252.9600,1.799805
FILLER_89_332,VPWR,li1,158.9300,252.9600,1.799805
FILLER_89_298,VPWR,li1,142.8300,252.9600,1.799735
FILLER_89_261,VPWR,li1,126.0400,252.9600,1.799691
FILLER_89_255,VPWR,li1,123.0500,252.9600,1.799687
FILLER_89_231,VPWR,li1,112.4700,252.9600,1.799664
FILLER_89_228,VPWR,li1,111.0900,252.9600,1.799664
FILLER_89_225,VPWR,li1,109.7100,252.9600,1.799661
FILLER_89_222,VPWR,li1,108.1000,252.9600,1.799658
FILLER_89_219,VPWR,li1,106.9500,252.9600,1.799658
FILLER_89_180,VPWR,li1,88.5500,252.9600,1.799642
FILLER_89_169,VPWR,li1,83.9500,252.9600,1.799641
FILLER_89_166,VPWR,li1,82.3400,252.9600,1.799641
FILLER_89_130,VPWR,li1,65.7800,252.9600,1.799659
FILLER_89_101,VPWR,li1,52.6700,252.9600,1.799706
FILLER_89_81,VPWR,li1,43.4700,252.9600,1.799759
FILLER_89_63,VPWR,li1,34.7300,252.9600,1.799820
FILLER_89_60,VPWR,li1,33.8100,252.9600,1.799833
FILLER_89_57,VPWR,li1,32.4300,252.9600,1.799833
FILLER_89_53,VPWR,li1,30.5900,252.9600,1.799848
FILLER_89_18,VPWR,li1,14.0300,252.9600,1.799904
FILLER_89_15,VPWR,li1,13.1100,252.9600,1.799904
FILLER_89_12,VPWR,li1,11.7300,252.9600,1.799904
FILLER_89_9,VPWR,li1,10.3500,252.9600,1.799904
FILLER_89_6,VPWR,li1,8.9700,252.9600,1.799904
FILLER_89_3,VPWR,li1,7.5900,252.9600,1.799904
FILLER_88_685,VPWR,li1,321.3100,252.9600,1.799338
FILLER_88_665,VPWR,li1,312.1100,252.9600,1.799341
FILLER_88_662,VPWR,li1,310.7300,252.9600,1.799342
FILLER_88_643,VPWR,li1,301.5300,252.9600,1.799352
FILLER_88_640,VPWR,li1,300.6100,252.9600,1.799352
FILLER_88_631,VPWR,li1,296.0100,252.9600,1.799358
FILLER_88_628,VPWR,li1,295.0900,252.9600,1.799358
FILLER_88_592,VPWR,li1,278.3000,252.9600,1.799388
FILLER_88_589,VPWR,li1,277.1500,252.9600,1.799388
FILLER_88_585,VPWR,li1,275.3100,252.9600,1.799392
FILLER_88_582,VPWR,li1,273.9300,252.9600,1.799396
FILLER_88_547,VPWR,li1,257.6000,252.9600,1.799445
FILLER_88_544,VPWR,li1,256.4500,252.9600,1.799445
FILLER_88_541,VPWR,li1,255.0700,252.9600,1.799451
FILLER_88_530,VPWR,li1,249.7800,252.9600,1.799471
FILLER_88_527,VPWR,li1,248.6300,252.9600,1.799471
FILLER_88_510,VPWR,li1,240.5800,252.9600,1.799511
FILLER_88_504,VPWR,li1,237.5900,252.9600,1.799519
FILLER_88_477,VPWR,li1,225.1700,252.9600,1.799579
FILLER_88_457,VPWR,li1,216.2000,252.9600,1.799621
FILLER_88_454,VPWR,li1,215.0500,252.9600,1.799630
FILLER_88_435,VPWR,li1,205.8500,252.9600,1.799678
FILLER_88_419,VPWR,li1,198.4900,252.9600,1.799732
FILLER_88_397,VPWR,li1,188.3700,252.9600,1.799792
FILLER_88_382,VPWR,li1,181.7000,252.9600,1.799836
FILLER_88_373,VPWR,li1,177.3300,252.9600,1.799866
FILLER_88_362,VPWR,li1,172.5000,252.9600,1.799866
FILLER_88_359,VPWR,li1,171.3500,252.9600,1.799854
FILLER_88_356,VPWR,li1,169.9700,252.9600,1.799854
FILLER_88_353,VPWR,li1,168.5900,252.9600,1.799846
FILLER_88_335,VPWR,li1,160.0800,252.9600,1.799805
FILLER_88_332,VPWR,li1,158.9300,252.9600,1.799805
FILLER_88_312,VPWR,li1,149.5000,252.9600,1.799766
FILLER_88_309,VPWR,li1,148.3500,252.9600,1.799758
FILLER_88_298,VPWR,li1,143.0600,252.9600,1.799741
FILLER_88_289,VPWR,li1,139.1500,252.9600,1.799726
FILLER_88_256,VPWR,li1,123.7400,252.9600,1.799687
FILLER_88_253,VPWR,li1,122.5900,252.9600,1.799687
FILLER_88_249,VPWR,li1,120.7500,252.9600,1.799683
FILLER_88_197,VPWR,li1,96.6000,252.9600,1.799645
FILLER_88_166,VPWR,li1,82.5700,252.9600,1.799641
FILLER_88_163,VPWR,li1,81.1900,252.9600,1.799641
FILLER_88_144,VPWR,li1,72.2200,252.9600,1.799646
FILLER_88_141,VPWR,li1,71.0700,252.9600,1.799649
FILLER_88_111,VPWR,li1,57.0400,252.9600,1.799682
FILLER_88_108,VPWR,li1,55.8900,252.9600,1.799692
FILLER_88_88,VPWR,li1,46.6900,252.9600,1.799748
FILLER_88_85,VPWR,li1,45.3100,252.9600,1.799748
FILLER_88_81,VPWR,li1,43.4700,252.9600,1.799759
FILLER_88_61,VPWR,li1,34.2700,252.9600,1.799820
FILLER_88_58,VPWR,li1,32.8900,252.9600,1.799833
FILLER_88_29,VPWR,li1,19.5500,252.9600,1.799906
FILLER_87_679,VPWR,li1,318.0900,247.5200,1.799150
FILLER_87_676,VPWR,li1,317.1700,247.5200,1.799150
FILLER_87_673,VPWR,li1,315.7900,247.5200,1.799150
FILLER_87_669,VPWR,li1,313.9500,247.5200,1.799150
FILLER_87_642,VPWR,li1,301.3000,247.5200,1.799152
FILLER_87_615,VPWR,li1,288.6500,247.5200,1.799163
FILLER_87_612,VPWR,li1,287.7300,247.5200,1.799166
FILLER_87_609,VPWR,li1,286.3500,247.5200,1.799166
FILLER_87_590,VPWR,li1,277.3800,247.5200,1.799179
FILLER_87_564,VPWR,li1,265.1900,247.5200,1.799224
FILLER_87_561,VPWR,li1,264.2700,247.5200,1.799234
FILLER_87_558,VPWR,li1,262.6600,247.5200,1.799244
FILLER_87_555,VPWR,li1,261.5100,247.5200,1.799244
FILLER_87_552,VPWR,li1,260.1300,247.5200,1.799258
FILLER_87_549,VPWR,li1,258.7500,247.5200,1.799258
FILLER_87_546,VPWR,li1,257.3700,247.5200,1.799273
FILLER_87_543,VPWR,li1,255.9900,247.5200,1.799273
FILLER_87_540,VPWR,li1,254.6100,247.5200,1.799288
FILLER_87_537,VPWR,li1,253.2300,247.5200,1.799288
FILLER_87_534,VPWR,li1,251.8500,247.5200,1.799298
FILLER_87_531,VPWR,li1,250.4700,247.5200,1.799310
FILLER_87_528,VPWR,li1,249.0900,247.5200,1.799310
FILLER_87_517,VPWR,li1,244.0300,247.5200,1.799337
FILLER_87_514,VPWR,li1,242.6500,247.5200,1.799352
FILLER_87_511,VPWR,li1,241.2700,247.5200,1.799352
FILLER_87_508,VPWR,li1,239.8900,247.5200,1.799367
FILLER_87_505,VPWR,li1,238.5100,247.5200,1.799367
FILLER_87_503,VPWR,li1,237.1300,247.5200,1.799379
FILLER_87_500,VPWR,li1,236.2100,247.5200,1.799379
FILLER_87_466,VPWR,li1,220.1100,247.5200,1.799473
FILLER_87_428,VPWR,li1,203.0900,247.5200,1.799604
FILLER_87_393,VPWR,li1,186.5300,247.5200,1.799757
FILLER_87_383,VPWR,li1,181.9300,247.5200,1.799796
FILLER_87_364,VPWR,li1,173.4200,247.5200,1.799853
FILLER_87_354,VPWR,li1,168.8200,247.5200,1.799837
FILLER_87_351,VPWR,li1,167.6700,247.5200,1.799831
FILLER_87_348,VPWR,li1,166.2900,247.5200,1.799831
FILLER_87_345,VPWR,li1,164.9100,247.5200,1.799826
FILLER_87_335,VPWR,li1,159.8500,247.5200,1.799811
FILLER_87_332,VPWR,li1,158.9300,247.5200,1.799805
FILLER_87_294,VPWR,li1,141.4500,247.5200,1.799762
FILLER_87_291,VPWR,li1,140.0700,247.5200,1.799762
FILLER_87_281,VPWR,li1,135.2400,247.5200,1.799752
FILLER_87_263,VPWR,li1,126.7300,247.5200,1.799741
FILLER_87_234,VPWR,li1,113.8500,247.5200,1.799726
FILLER_87_225,VPWR,li1,109.2500,247.5200,1.799720
FILLER_87_172,VPWR,li1,84.8700,247.5200,1.799761
FILLER_87_169,VPWR,li1,83.9500,247.5200,1.799761
FILLER_87_165,VPWR,li1,82.1100,247.5200,1.799766
FILLER_87_162,VPWR,li1,80.7300,247.5200,1.799772
FILLER_87_151,VPWR,li1,75.6700,247.5200,1.799784
FILLER_87_140,VPWR,li1,70.6100,247.5200,1.799795
FILLER_87_130,VPWR,li1,66.0100,247.5200,1.799806
FILLER_87_119,VPWR,li1,60.9500,247.5200,1.799822
FILLER_87_116,VPWR,li1,59.5700,247.5200,1.799827
FILLER_87_113,VPWR,li1,58.1900,247.5200,1.799827
FILLER_87_111,VPWR,li1,56.8100,247.5200,1.799834
FILLER_87_108,VPWR,li1,55.8900,247.5200,1.799834
FILLER_87_90,VPWR,li1,47.1500,247.5200,1.799862
FILLER_87_63,VPWR,li1,34.7300,247.5200,1.799901
FILLER_87_60,VPWR,li1,33.8100,247.5200,1.799908
FILLER_87_57,VPWR,li1,32.4300,247.5200,1.799915
FILLER_87_53,VPWR,li1,30.5900,247.5200,1.799921
FILLER_87_50,VPWR,li1,29.2100,247.5200,1.799921
FILLER_87_31,VPWR,li1,20.0100,247.5200,1.799948
FILLER_87_28,VPWR,li1,19.0900,247.5200,1.799948
FILLER_87_11,VPWR,li1,10.8100,247.5200,1.799945
FILLER_86_687,VPWR,li1,321.7700,247.5200,1.799150
FILLER_86_684,VPWR,li1,320.8500,247.5200,1.799150
FILLER_86_681,VPWR,li1,319.4700,247.5200,1.799150
FILLER_86_656,VPWR,li1,307.5100,247.5200,1.799150
FILLER_86_653,VPWR,li1,306.5900,247.5200,1.799150
FILLER_86_633,VPWR,li1,297.3900,247.5200,1.799155
FILLER_86_630,VPWR,li1,296.0100,247.5200,1.799155
FILLER_86_601,VPWR,li1,282.6700,247.5200,1.799170
FILLER_86_592,VPWR,li1,278.0700,247.5200,1.799179
FILLER_86_589,VPWR,li1,277.1500,247.5200,1.799179
FILLER_86_586,VPWR,li1,275.5400,247.5200,1.799183
FILLER_86_566,VPWR,li1,266.1100,247.5200,1.799224
FILLER_86_563,VPWR,li1,265.1900,247.5200,1.799224
FILLER_86_560,VPWR,li1,263.8100,247.5200,1.799234
FILLER_86_557,VPWR,li1,262.4300,247.5200,1.799244
FILLER_86_539,VPWR,li1,253.9200,247.5200,1.799288
FILLER_86_536,VPWR,li1,252.7700,247.5200,1.799298
FILLER_86_533,VPWR,li1,251.3900,247.5200,1.799298
FILLER_86_529,VPWR,li1,249.5500,247.5200,1.799310
FILLER_86_526,VPWR,li1,248.1700,247.5200,1.799324
FILLER_86_523,VPWR,li1,246.7900,247.5200,1.799324
FILLER_86_520,VPWR,li1,245.4100,247.5200,1.799337
FILLER_86_517,VPWR,li1,244.0300,247.5200,1.799337
FILLER_86_514,VPWR,li1,242.6500,247.5200,1.799352
FILLER_86_503,VPWR,li1,237.5900,247.5200,1.799379
FILLER_86_500,VPWR,li1,236.2100,247.5200,1.799379
FILLER_86_497,VPWR,li1,234.8300,247.5200,1.799394
FILLER_86_494,VPWR,li1,233.4500,247.5200,1.799394
FILLER_86_474,VPWR,li1,224.0200,247.5200,1.799455
FILLER_86_471,VPWR,li1,222.8700,247.5200,1.799455
FILLER_86_435,VPWR,li1,205.8500,247.5200,1.799589
FILLER_86_432,VPWR,li1,204.9300,247.5200,1.799589
FILLER_86_429,VPWR,li1,203.5500,247.5200,1.799604
FILLER_86_393,VPWR,li1,186.5300,247.5200,1.799757
FILLER_86_390,VPWR,li1,185.6100,247.5200,1.799777
FILLER_86_355,VPWR,li1,169.0500,247.5200,1.799837
FILLER_86_352,VPWR,li1,168.1300,247.5200,1.799837
FILLER_86_349,VPWR,li1,166.7500,247.5200,1.799831
FILLER_86_346,VPWR,li1,165.3700,247.5200,1.799826
FILLER_86_343,VPWR,li1,163.9900,247.5200,1.799819
FILLER_86_340,VPWR,li1,162.6100,247.5200,1.799819
FILLER_86_322,VPWR,li1,153.8700,247.5200,1.799792
FILLER_86_319,VPWR,li1,152.9500,247.5200,1.799792
FILLER_86_309,VPWR,li1,148.1200,247.5200,1.799778
FILLER_86_294,VPWR,li1,141.2200,247.5200,1.799762
FILLER_86_291,VPWR,li1,140.0700,247.5200,1.799762
FILLER_86_288,VPWR,li1,138.6900,247.5200,1.799758
FILLER_86_270,VPWR,li1,129.9500,247.5200,1.799743
FILLER_86_261,VPWR,li1,126.2700,247.5200,1.799741
FILLER_86_223,VPWR,li1,108.7900,247.5200,1.799720
FILLER_86_211,VPWR,li1,102.8100,247.5200,1.799721
FILLER_86_208,VPWR,li1,101.8900,247.5200,1.799725
FILLER_86_205,VPWR,li1,100.5100,247.5200,1.799725
FILLER_86_159,VPWR,li1,79.3500,247.5200,1.799772
FILLER_86_156,VPWR,li1,77.9700,247.5200,1.799779
FILLER_86_153,VPWR,li1,76.5900,247.5200,1.799779
FILLER_86_139,VPWR,li1,69.6900,247.5200,1.799800
FILLER_86_120,VPWR,li1,61.4100,247.5200,1.799822
FILLER_86_117,VPWR,li1,60.0300,247.5200,1.799822
FILLER_86_114,VPWR,li1,58.6500,247.5200,1.799827
FILLER_86_111,VPWR,li1,57.2700,247.5200,1.799834
FILLER_86_108,VPWR,li1,55.8900,247.5200,1.799834
FILLER_86_105,VPWR,li1,54.5100,247.5200,1.799841
FILLER_86_102,VPWR,li1,53.1300,247.5200,1.799841
FILLER_86_99,VPWR,li1,51.7500,247.5200,1.799846
FILLER_86_88,VPWR,li1,46.4600,247.5200,1.799862
FILLER_86_85,VPWR,li1,45.3100,247.5200,1.799869
FILLER_86_55,VPWR,li1,31.0500,247.5200,1.799915
FILLER_86_29,VPWR,li1,19.5500,247.5200,1.799948
FILLER_86_27,VPWR,li1,18.1700,247.5200,1.799947
FILLER_85_679,VPWR,li1,318.0900,242.0800,1.799547
FILLER_85_676,VPWR,li1,317.1700,242.0800,1.799547
FILLER_85_673,VPWR,li1,315.7900,242.0800,1.799547
FILLER_85_661,VPWR,li1,310.2700,242.0800,1.799547
FILLER_85_650,VPWR,li1,305.2100,242.0800,1.799547
FILLER_85_647,VPWR,li1,303.8300,242.0800,1.799547
FILLER_85_644,VPWR,li1,302.4500,242.0800,1.799547
FILLER_85_634,VPWR,li1,297.8500,242.0800,1.799548
FILLER_85_631,VPWR,li1,296.4700,242.0800,1.799548
FILLER_85_628,VPWR,li1,295.0900,242.0800,1.799548
FILLER_85_625,VPWR,li1,293.7100,242.0800,1.799548
FILLER_85_615,VPWR,li1,288.6500,242.0800,1.799549
FILLER_85_612,VPWR,li1,287.7300,242.0800,1.799549
FILLER_85_594,VPWR,li1,278.9900,242.0800,1.799552
FILLER_85_591,VPWR,li1,278.0700,242.0800,1.799552
FILLER_85_588,VPWR,li1,276.6900,242.0800,1.799554
FILLER_85_569,VPWR,li1,267.9500,242.0800,1.799561
FILLER_85_537,VPWR,li1,253.0000,242.0800,1.799581
FILLER_85_534,VPWR,li1,251.8500,242.0800,1.799581
FILLER_85_531,VPWR,li1,250.4700,242.0800,1.799584
FILLER_85_528,VPWR,li1,249.0900,242.0800,1.799588
FILLER_85_525,VPWR,li1,247.7100,242.0800,1.799588
FILLER_85_522,VPWR,li1,246.3300,242.0800,1.799593
FILLER_85_519,VPWR,li1,244.9500,242.0800,1.799593
FILLER_85_516,VPWR,li1,243.5700,242.0800,1.799597
FILLER_85_513,VPWR,li1,242.1900,242.0800,1.799597
FILLER_85_503,VPWR,li1,237.1300,242.0800,1.799608
FILLER_85_500,VPWR,li1,236.2100,242.0800,1.799608
FILLER_85_497,VPWR,li1,234.8300,242.0800,1.799613
FILLER_85_494,VPWR,li1,233.4500,242.0800,1.799613
FILLER_85_491,VPWR,li1,232.0700,242.0800,1.799617
FILLER_85_488,VPWR,li1,230.6900,242.0800,1.799620
FILLER_85_485,VPWR,li1,229.3100,242.0800,1.799620
FILLER_85_475,VPWR,li1,224.4800,242.0800,1.799630
FILLER_85_463,VPWR,li1,218.7300,242.0800,1.799653
FILLER_85_460,VPWR,li1,217.8100,242.0800,1.799653
FILLER_85_457,VPWR,li1,216.4300,242.0800,1.799662
FILLER_85_437,VPWR,li1,207.2300,242.0800,1.799705
FILLER_85_434,VPWR,li1,205.8500,242.0800,1.799716
FILLER_85_431,VPWR,li1,204.4700,242.0800,1.799725
FILLER_85_428,VPWR,li1,203.0900,242.0800,1.799725
FILLER_85_401,VPWR,li1,190.4400,242.0800,1.799802
FILLER_85_389,VPWR,li1,185.1500,242.0800,1.799826
FILLER_85_343,VPWR,li1,163.9900,242.0800,1.799829
FILLER_85_340,VPWR,li1,162.6100,242.0800,1.799820
FILLER_85_337,VPWR,li1,161.2300,242.0800,1.799811
FILLER_85_317,VPWR,li1,151.8000,242.0800,1.799777
FILLER_85_308,VPWR,li1,147.4300,242.0800,1.799761
FILLER_85_281,VPWR,li1,135.4700,242.0800,1.799715
FILLER_85_225,VPWR,li1,109.2500,242.0800,1.799637
FILLER_85_172,VPWR,li1,84.8700,242.0800,1.799694
FILLER_85_169,VPWR,li1,83.9500,242.0800,1.799699
FILLER_85_159,VPWR,li1,78.8900,242.0800,1.799712
FILLER_85_143,VPWR,li1,71.5300,242.0800,1.799739
FILLER_85_110,VPWR,li1,56.5800,242.0800,1.799788
FILLER_85_107,VPWR,li1,55.4300,242.0800,1.799797
FILLER_85_104,VPWR,li1,54.0500,242.0800,1.799805
FILLER_85_101,VPWR,li1,52.6700,242.0800,1.799805
FILLER_85_98,VPWR,li1,51.2900,242.0800,1.799817
FILLER_85_95,VPWR,li1,49.9100,242.0800,1.799817
FILLER_85_92,VPWR,li1,48.5300,242.0800,1.799825
FILLER_85_81,VPWR,li1,43.2400,242.0800,1.799846
FILLER_85_71,VPWR,li1,38.6400,242.0800,1.799867
FILLER_85_60,VPWR,li1,33.8100,242.0800,1.799895
FILLER_85_57,VPWR,li1,32.4300,242.0800,1.799895
FILLER_85_53,VPWR,li1,30.5900,242.0800,1.799903
FILLER_85_35,VPWR,li1,22.0800,242.0800,1.799949
FILLER_85_32,VPWR,li1,20.9300,242.0800,1.799949
FILLER_85_21,VPWR,li1,15.8700,242.0800,1.799947
FILLER_85_11,VPWR,li1,11.0400,242.0800,1.799946
FILLER_84_679,VPWR,li1,318.0900,242.0800,1.799547
FILLER_84_676,VPWR,li1,317.1700,242.0800,1.799547
FILLER_84_673,VPWR,li1,315.7900,242.0800,1.799547
FILLER_84_663,VPWR,li1,310.7300,242.0800,1.799547
FILLER_84_645,VPWR,li1,302.6800,242.0800,1.799547
FILLER_84_643,VPWR,li1,301.5300,242.0800,1.799547
FILLER_84_640,VPWR,li1,300.6100,242.0800,1.799547
FILLER_84_637,VPWR,li1,299.2300,242.0800,1.799548
FILLER_84_628,VPWR,li1,294.6300,242.0800,1.799548
FILLER_84_621,VPWR,li1,291.6400,242.0800,1.799548
FILLER_84_618,VPWR,li1,290.4900,242.0800,1.799548
FILLER_84_615,VPWR,li1,289.1100,242.0800,1.799549
FILLER_84_612,VPWR,li1,287.7300,242.0800,1.799549
FILLER_84_595,VPWR,li1,279.4500,242.0800,1.799552
FILLER_84_592,VPWR,li1,278.5300,242.0800,1.799552
FILLER_84_589,VPWR,li1,277.1500,242.0800,1.799554
FILLER_84_587,VPWR,li1,275.7700,242.0800,1.799555
FILLER_84_584,VPWR,li1,274.8500,242.0800,1.799555
FILLER_84_558,VPWR,li1,262.6600,242.0800,1.799566
FILLER_84_539,VPWR,li1,253.6900,242.0800,1.799578
FILLER_84_536,VPWR,li1,252.7700,242.0800,1.799581
FILLER_84_533,VPWR,li1,251.3900,242.0800,1.799584
FILLER_84_530,VPWR,li1,249.7800,242.0800,1.799584
FILLER_84_527,VPWR,li1,248.6300,242.0800,1.799588
FILLER_84_492,VPWR,li1,232.3000,242.0800,1.799617
FILLER_84_489,VPWR,li1,231.1500,242.0800,1.799617
FILLER_84_486,VPWR,li1,229.7700,242.0800,1.799620
FILLER_84_483,VPWR,li1,228.3900,242.0800,1.799625
FILLER_84_480,VPWR,li1,227.0100,242.0800,1.799625
FILLER_84_477,VPWR,li1,225.6300,242.0800,1.799630
FILLER_84_474,VPWR,li1,224.0200,242.0800,1.799630
FILLER_84_457,VPWR,li1,215.9700,242.0800,1.799662
FILLER_84_441,VPWR,li1,208.6100,242.0800,1.799705
FILLER_84_438,VPWR,li1,207.6900,242.0800,1.799705
FILLER_84_435,VPWR,li1,206.3100,242.0800,1.799716
FILLER_84_432,VPWR,li1,204.9300,242.0800,1.799716
FILLER_84_429,VPWR,li1,203.5500,242.0800,1.799725
FILLER_84_394,VPWR,li1,186.9900,242.0800,1.799814
FILLER_84_391,VPWR,li1,186.0700,242.0800,1.799826
FILLER_84_354,VPWR,li1,168.8200,242.0800,1.799850
FILLER_84_351,VPWR,li1,167.6700,242.0800,1.799840
FILLER_84_348,VPWR,li1,166.2900,242.0800,1.799840
FILLER_84_335,VPWR,li1,159.8500,242.0800,1.799811
FILLER_84_325,VPWR,li1,155.4800,242.0800,1.799792
FILLER_84_297,VPWR,li1,142.6000,242.0800,1.799742
FILLER_84_272,VPWR,li1,131.1000,242.0800,1.799700
FILLER_84_253,VPWR,li1,122.5900,242.0800,1.799669
FILLER_84_203,VPWR,li1,99.1300,242.0800,1.799657
FILLER_84_200,VPWR,li1,98.2100,242.0800,1.799657
FILLER_84_197,VPWR,li1,96.8300,242.0800,1.799664
FILLER_84_195,VPWR,li1,95.4500,242.0800,1.799664
FILLER_84_167,VPWR,li1,83.0300,242.0800,1.799699
FILLER_84_105,VPWR,li1,54.5100,242.0800,1.799797
FILLER_84_102,VPWR,li1,53.1300,242.0800,1.799805
FILLER_84_91,VPWR,li1,48.0700,242.0800,1.799825
FILLER_84_88,VPWR,li1,46.6900,242.0800,1.799837
FILLER_84_85,VPWR,li1,45.3100,242.0800,1.799837
FILLER_84_81,VPWR,li1,43.4700,242.0800,1.799846
FILLER_84_78,VPWR,li1,42.0900,242.0800,1.799857
FILLER_84_45,VPWR,li1,26.4500,242.0800,1.799927
FILLER_84_42,VPWR,li1,25.5300,242.0800,1.799927
FILLER_84_32,VPWR,li1,20.7000,242.0800,1.799949
FILLER_84_29,VPWR,li1,19.5500,242.0800,1.799948
FILLER_84_19,VPWR,li1,14.4900,242.0800,1.799947
FILLER_83_687,VPWR,li1,321.7700,236.6400,1.799130
FILLER_83_684,VPWR,li1,320.8500,236.6400,1.799130
FILLER_83_681,VPWR,li1,319.4700,236.6400,1.799130
FILLER_83_662,VPWR,li1,310.2700,236.6400,1.799134
FILLER_83_644,VPWR,li1,301.9900,236.6400,1.799142
FILLER_83_641,VPWR,li1,301.0700,236.6400,1.799145
FILLER_83_638,VPWR,li1,299.6900,236.6400,1.799145
FILLER_83_635,VPWR,li1,298.3100,236.6400,1.799148
FILLER_83_617,VPWR,li1,289.5700,236.6400,1.799159
FILLER_83_614,VPWR,li1,288.4200,236.6400,1.799159
FILLER_83_597,VPWR,li1,280.3700,236.6400,1.799170
FILLER_83_594,VPWR,li1,279.4500,236.6400,1.799175
FILLER_83_591,VPWR,li1,278.0700,236.6400,1.799175
FILLER_83_588,VPWR,li1,276.6900,236.6400,1.799178
FILLER_83_569,VPWR,li1,267.7200,236.6400,1.799201
FILLER_83_559,VPWR,li1,262.8900,236.6400,1.799215
FILLER_83_530,VPWR,li1,250.0100,236.6400,1.799266
FILLER_83_486,VPWR,li1,229.3100,236.6400,1.799382
FILLER_83_483,VPWR,li1,228.3900,236.6400,1.799382
FILLER_83_480,VPWR,li1,227.0100,236.6400,1.799399
FILLER_83_477,VPWR,li1,225.6300,236.6400,1.799399
FILLER_83_474,VPWR,li1,224.2500,236.6400,1.799414
FILLER_83_445,VPWR,li1,210.9100,236.6400,1.799506
FILLER_83_442,VPWR,li1,209.5300,236.6400,1.799528
FILLER_83_439,VPWR,li1,208.1500,236.6400,1.799528
FILLER_83_436,VPWR,li1,206.7700,236.6400,1.799549
FILLER_83_433,VPWR,li1,205.3900,236.6400,1.799549
FILLER_83_430,VPWR,li1,204.0100,236.6400,1.799564
FILLER_83_427,VPWR,li1,202.6300,236.6400,1.799584
FILLER_83_420,VPWR,li1,198.9500,236.6400,1.799600
FILLER_83_413,VPWR,li1,195.7300,236.6400,1.799626
FILLER_83_378,VPWR,li1,180.0900,236.6400,1.799780
FILLER_83_350,VPWR,li1,167.2100,236.6400,1.799797
FILLER_83_347,VPWR,li1,165.8300,236.6400,1.799786
FILLER_83_344,VPWR,li1,164.4500,236.6400,1.799786
FILLER_83_337,VPWR,li1,161.0000,236.6400,1.799769
FILLER_83_335,VPWR,li1,159.8500,236.6400,1.799769
FILLER_83_332,VPWR,li1,158.9300,236.6400,1.799761
FILLER_83_329,VPWR,li1,157.5500,236.6400,1.799761
FILLER_83_264,VPWR,li1,127.4200,236.6400,1.799691
FILLER_83_255,VPWR,li1,123.0500,236.6400,1.799686
FILLER_83_252,VPWR,li1,122.1300,236.6400,1.799686
FILLER_83_233,VPWR,li1,113.1600,236.6400,1.799682
FILLER_83_225,VPWR,li1,109.2500,236.6400,1.799682
FILLER_83_207,VPWR,li1,100.9700,236.6400,1.799682
FILLER_83_172,VPWR,li1,84.8700,236.6400,1.799700
FILLER_83_169,VPWR,li1,83.9500,236.6400,1.799704
FILLER_83_113,VPWR,li1,58.1900,236.6400,1.799779
FILLER_83_92,VPWR,li1,48.5300,236.6400,1.799808
FILLER_83_60,VPWR,li1,33.3500,236.6400,1.799872
FILLER_83_57,VPWR,li1,32.4300,236.6400,1.799885
FILLER_83_54,VPWR,li1,30.8200,236.6400,1.799885
FILLER_83_51,VPWR,li1,29.6700,236.6400,1.799896
FILLER_83_6,VPWR,li1,8.9700,236.6400,1.799929
FILLER_83_3,VPWR,li1,7.5900,236.6400,1.799929
FILLER_82_686,VPWR,li1,321.5400,236.6400,1.799130
FILLER_82_651,VPWR,li1,305.2100,236.6400,1.799140
FILLER_82_648,VPWR,li1,304.2900,236.6400,1.799140
FILLER_82_645,VPWR,li1,302.9100,236.6400,1.799142
FILLER_82_634,VPWR,li1,297.6200,236.6400,1.799148
FILLER_82_589,VPWR,li1,276.9200,236.6400,1.799178
FILLER_82_568,VPWR,li1,267.4900,236.6400,1.799201
FILLER_82_533,VPWR,li1,250.9300,236.6400,1.799266
FILLER_82_530,VPWR,li1,249.7800,236.6400,1.799266
FILLER_82_477,VPWR,li1,225.6300,236.6400,1.799399
FILLER_82_475,VPWR,li1,224.2500,236.6400,1.799414
FILLER_82_472,VPWR,li1,223.3300,236.6400,1.799414
FILLER_82_446,VPWR,li1,210.9100,236.6400,1.799506
FILLER_82_432,VPWR,li1,204.4700,236.6400,1.799564
FILLER_82_429,VPWR,li1,203.5500,236.6400,1.799564
FILLER_82_411,VPWR,li1,194.8100,236.6400,1.799642
FILLER_82_408,VPWR,li1,193.8900,236.6400,1.799642
FILLER_82_405,VPWR,li1,192.5100,236.6400,1.799663
FILLER_82_402,VPWR,li1,191.1300,236.6400,1.799663
FILLER_82_365,VPWR,li1,173.6500,236.6400,1.799822
FILLER_82_362,VPWR,li1,172.5000,236.6400,1.799814
FILLER_82_359,VPWR,li1,171.3500,236.6400,1.799807
FILLER_82_356,VPWR,li1,169.9700,236.6400,1.799807
FILLER_82_353,VPWR,li1,168.5900,236.6400,1.799797
FILLER_82_326,VPWR,li1,155.9400,236.6400,1.799752
FILLER_82_297,VPWR,li1,142.6000,236.6400,1.799715
FILLER_82_270,VPWR,li1,130.1800,236.6400,1.799693
FILLER_82_240,VPWR,li1,116.6100,236.6400,1.799682
FILLER_82_223,VPWR,li1,108.3300,236.6400,1.799682
FILLER_82_220,VPWR,li1,107.4100,236.6400,1.799682
FILLER_82_217,VPWR,li1,106.0300,236.6400,1.799682
FILLER_82_197,VPWR,li1,96.8300,236.6400,1.799685
FILLER_82_185,VPWR,li1,91.3100,236.6400,1.799690
FILLER_82_144,VPWR,li1,71.9900,236.6400,1.799736
FILLER_82_141,VPWR,li1,71.0700,236.6400,1.799736
FILLER_82_97,VPWR,li1,50.8300,236.6400,1.799799
FILLER_82_94,VPWR,li1,49.4500,236.6400,1.799808
FILLER_82_52,VPWR,li1,29.6700,236.6400,1.799896
FILLER_82_49,VPWR,li1,28.7500,236.6400,1.799896
FILLER_82_29,VPWR,li1,19.3200,236.6400,1.799931
FILLER_82_27,VPWR,li1,18.1700,236.6400,1.799931
FILLER_81_676,VPWR,li1,316.9400,231.2000,1.799092
FILLER_81_673,VPWR,li1,315.7900,231.2000,1.799092
FILLER_81_669,VPWR,li1,313.9500,231.2000,1.799094
FILLER_81_642,VPWR,li1,301.3000,231.2000,1.799110
FILLER_81_615,VPWR,li1,288.6500,231.2000,1.799130
FILLER_81_587,VPWR,li1,276.2300,231.2000,1.799181
FILLER_81_569,VPWR,li1,267.4900,231.2000,1.799229
FILLER_81_535,VPWR,li1,251.8500,231.2000,1.799318
FILLER_81_532,VPWR,li1,250.9300,231.2000,1.799330
FILLER_81_508,VPWR,li1,239.4300,231.2000,1.799400
FILLER_81_505,VPWR,li1,238.5100,231.2000,1.799400
FILLER_81_501,VPWR,li1,236.6700,231.2000,1.799415
FILLER_81_481,VPWR,li1,227.4700,231.2000,1.799477
FILLER_81_446,VPWR,li1,211.1400,231.2000,1.799575
FILLER_81_437,VPWR,li1,206.7700,231.2000,1.799605
FILLER_81_401,VPWR,li1,190.4400,231.2000,1.799726
FILLER_81_393,VPWR,li1,186.7600,231.2000,1.799768
FILLER_81_389,VPWR,li1,185.1500,231.2000,1.799768
FILLER_81_337,VPWR,li1,161.0000,231.2000,1.799745
FILLER_81_327,VPWR,li1,156.1700,231.2000,1.799712
FILLER_81_324,VPWR,li1,155.2500,231.2000,1.799712
FILLER_81_295,VPWR,li1,141.6800,231.2000,1.799655
FILLER_81_278,VPWR,li1,133.8600,231.2000,1.799625
FILLER_81_275,VPWR,li1,132.7100,231.2000,1.799625
FILLER_81_172,VPWR,li1,85.3300,231.2000,1.799563
FILLER_81_169,VPWR,li1,83.9500,231.2000,1.799569
FILLER_81_119,VPWR,li1,60.4900,231.2000,1.799658
FILLER_81_116,VPWR,li1,59.5700,231.2000,1.799669
FILLER_81_113,VPWR,li1,58.1900,231.2000,1.799669
FILLER_81_109,VPWR,li1,56.3500,231.2000,1.799677
FILLER_81_106,VPWR,li1,54.9700,231.2000,1.799690
FILLER_81_79,VPWR,li1,42.5500,231.2000,1.799743
FILLER_81_57,VPWR,li1,32.2000,231.2000,1.799826
FILLER_81_29,VPWR,li1,19.0900,231.2000,1.799900
FILLER_81_26,VPWR,li1,18.1700,231.2000,1.799898
FILLER_81_6,VPWR,li1,8.9700,231.2000,1.799894
FILLER_81_3,VPWR,li1,7.5900,231.2000,1.799894
FILLER_80_685,VPWR,li1,321.3100,231.2000,1.799092
FILLER_80_667,VPWR,li1,312.5700,231.2000,1.799096
FILLER_80_664,VPWR,li1,311.6500,231.2000,1.799096
FILLER_80_654,VPWR,li1,306.5900,231.2000,1.799102
FILLER_80_651,VPWR,li1,305.6700,231.2000,1.799102
FILLER_80_648,VPWR,li1,304.2900,231.2000,1.799106
FILLER_80_645,VPWR,li1,302.9100,231.2000,1.799106
FILLER_80_643,VPWR,li1,301.5300,231.2000,1.799110
FILLER_80_640,VPWR,li1,300.6100,231.2000,1.799110
FILLER_80_637,VPWR,li1,299.2300,231.2000,1.799114
FILLER_80_634,VPWR,li1,297.8500,231.2000,1.799114
FILLER_80_631,VPWR,li1,296.4700,231.2000,1.799118
FILLER_80_628,VPWR,li1,295.0900,231.2000,1.799118
FILLER_80_589,VPWR,li1,276.9200,231.2000,1.799181
FILLER_80_585,VPWR,li1,275.3100,231.2000,1.799195
FILLER_80_582,VPWR,li1,273.9300,231.2000,1.799195
FILLER_80_572,VPWR,li1,268.8700,231.2000,1.799229
FILLER_80_569,VPWR,li1,267.9500,231.2000,1.799229
FILLER_80_559,VPWR,li1,263.1200,231.2000,1.799262
FILLER_80_556,VPWR,li1,261.9700,231.2000,1.799262
FILLER_80_546,VPWR,li1,257.1400,231.2000,1.799286
FILLER_80_536,VPWR,li1,252.5400,231.2000,1.799318
FILLER_80_533,VPWR,li1,251.3900,231.2000,1.799330
FILLER_80_530,VPWR,li1,249.7800,231.2000,1.799330
FILLER_80_527,VPWR,li1,248.6300,231.2000,1.799346
FILLER_80_524,VPWR,li1,247.2500,231.2000,1.799346
FILLER_80_521,VPWR,li1,245.8700,231.2000,1.799357
FILLER_80_518,VPWR,li1,244.4900,231.2000,1.799372
FILLER_80_515,VPWR,li1,243.1100,231.2000,1.799372
FILLER_80_506,VPWR,li1,238.5100,231.2000,1.799400
FILLER_80_486,VPWR,li1,229.7700,231.2000,1.799464
FILLER_80_483,VPWR,li1,228.3900,231.2000,1.799464
FILLER_80_474,VPWR,li1,224.0200,231.2000,1.799491
FILLER_80_457,VPWR,li1,216.2000,231.2000,1.799550
FILLER_80_454,VPWR,li1,215.0500,231.2000,1.799550
FILLER_80_427,VPWR,li1,202.1700,231.2000,1.799645
FILLER_80_424,VPWR,li1,201.2500,231.2000,1.799645
FILLER_80_421,VPWR,li1,199.8700,231.2000,1.799663
FILLER_80_402,VPWR,li1,190.6700,231.2000,1.799726
FILLER_80_399,VPWR,li1,189.7500,231.2000,1.799744
FILLER_80_368,VPWR,li1,175.2600,231.2000,1.799848
FILLER_80_365,VPWR,li1,174.1100,231.2000,1.799833
FILLER_80_362,VPWR,li1,172.5000,231.2000,1.799818
FILLER_80_359,VPWR,li1,171.3500,231.2000,1.799818
FILLER_80_356,VPWR,li1,169.9700,231.2000,1.799800
FILLER_80_353,VPWR,li1,168.5900,231.2000,1.799800
FILLER_80_346,VPWR,li1,164.9100,231.2000,1.799765
FILLER_80_343,VPWR,li1,163.9900,231.2000,1.799765
FILLER_80_223,VPWR,li1,108.7900,231.2000,1.799570
FILLER_80_151,VPWR,li1,75.6700,231.2000,1.799596
FILLER_80_141,VPWR,li1,70.8400,231.2000,1.799618
FILLER_80_123,VPWR,li1,62.3300,231.2000,1.799650
FILLER_80_120,VPWR,li1,61.4100,231.2000,1.799658
FILLER_80_109,VPWR,li1,56.3500,231.2000,1.799677
FILLER_80_106,VPWR,li1,54.9700,231.2000,1.799690
FILLER_80_103,VPWR,li1,53.5900,231.2000,1.799690
FILLER_80_85,VPWR,li1,44.8500,231.2000,1.799734
FILLER_80_82,VPWR,li1,43.7000,231.2000,1.799743
FILLER_80_79,VPWR,li1,42.5500,231.2000,1.799743
FILLER_80_60,VPWR,li1,33.5800,231.2000,1.799806
FILLER_80_57,VPWR,li1,32.4300,231.2000,1.799826
FILLER_80_54,VPWR,li1,31.0500,231.2000,1.799826
FILLER_80_29,VPWR,li1,19.3200,231.2000,1.799900
FILLER_80_3,VPWR,li1,7.1300,231.2000,1.799894
FILLER_79_685,VPWR,li1,321.3100,225.7600,1.798429
FILLER_79_671,VPWR,li1,314.4100,225.7600,1.798430
FILLER_79_643,VPWR,li1,301.9900,225.7600,1.798464
FILLER_79_640,VPWR,li1,300.6100,225.7600,1.798471
FILLER_79_637,VPWR,li1,299.2300,225.7600,1.798471
FILLER_79_634,VPWR,li1,297.8500,225.7600,1.798480
FILLER_79_588,VPWR,li1,276.6900,225.7600,1.798596
FILLER_79_585,VPWR,li1,275.3100,225.7600,1.798613
FILLER_79_582,VPWR,li1,273.9300,225.7600,1.798613
FILLER_79_579,VPWR,li1,272.5500,225.7600,1.798634
FILLER_79_576,VPWR,li1,271.1700,225.7600,1.798634
FILLER_79_559,VPWR,li1,262.8900,225.7600,1.798703
FILLER_79_556,VPWR,li1,261.9700,225.7600,1.798723
FILLER_79_553,VPWR,li1,260.5900,225.7600,1.798723
FILLER_79_544,VPWR,li1,255.9900,225.7600,1.798762
FILLER_79_541,VPWR,li1,255.0700,225.7600,1.798783
FILLER_79_538,VPWR,li1,253.6900,225.7600,1.798783
FILLER_79_535,VPWR,li1,252.3100,225.7600,1.798804
FILLER_79_532,VPWR,li1,250.9300,225.7600,1.798820
FILLER_79_529,VPWR,li1,249.5500,225.7600,1.798820
FILLER_79_526,VPWR,li1,248.1700,225.7600,1.798837
FILLER_79_523,VPWR,li1,246.7900,225.7600,1.798857
FILLER_79_520,VPWR,li1,245.4100,225.7600,1.798857
FILLER_79_502,VPWR,li1,236.9000,225.7600,1.798946
FILLER_79_494,VPWR,li1,233.4500,225.7600,1.798998
FILLER_79_491,VPWR,li1,232.0700,225.7600,1.798998
FILLER_79_476,VPWR,li1,224.7100,225.7600,1.799088
FILLER_79_465,VPWR,li1,220.1100,225.7600,1.799144
FILLER_79_437,VPWR,li1,207.0000,225.7600,1.799313
FILLER_79_393,VPWR,li1,186.7600,225.7600,1.799600
FILLER_79_389,VPWR,li1,185.1500,225.7600,1.799630
FILLER_79_361,VPWR,li1,172.0400,225.7600,1.799781
FILLER_79_354,VPWR,li1,168.5900,225.7600,1.799762
FILLER_79_289,VPWR,li1,138.9200,225.7600,1.799662
FILLER_79_278,VPWR,li1,133.8600,225.7600,1.799652
FILLER_79_265,VPWR,li1,127.8800,225.7600,1.799651
FILLER_79_247,VPWR,li1,119.3700,225.7600,1.799661
FILLER_79_221,VPWR,li1,107.8700,225.7600,1.799681
FILLER_79_185,VPWR,li1,90.8500,225.7600,1.799726
FILLER_79_177,VPWR,li1,87.4000,225.7600,1.799731
FILLER_79_149,VPWR,li1,74.7500,225.7600,1.799773
FILLER_79_146,VPWR,li1,73.3700,225.7600,1.799778
FILLER_79_143,VPWR,li1,71.9900,225.7600,1.799778
FILLER_79_140,VPWR,li1,70.6100,225.7600,1.799784
FILLER_79_137,VPWR,li1,69.2300,225.7600,1.799789
FILLER_79_134,VPWR,li1,67.8500,225.7600,1.799795
FILLER_79_131,VPWR,li1,66.4700,225.7600,1.799795
FILLER_79_128,VPWR,li1,65.0900,225.7600,1.799804
FILLER_79_125,VPWR,li1,63.7100,225.7600,1.799804
FILLER_79_122,VPWR,li1,62.3300,225.7600,1.799811
FILLER_79_119,VPWR,li1,60.9500,225.7600,1.799817
FILLER_79_116,VPWR,li1,59.5700,225.7600,1.799817
FILLER_79_113,VPWR,li1,58.1900,225.7600,1.799824
FILLER_79_109,VPWR,li1,56.3500,225.7600,1.799830
FILLER_79_106,VPWR,li1,54.9700,225.7600,1.799836
FILLER_79_103,VPWR,li1,53.5900,225.7600,1.799836
FILLER_79_69,VPWR,li1,37.7200,225.7600,1.799893
FILLER_79_66,VPWR,li1,36.5700,225.7600,1.799902
FILLER_79_63,VPWR,li1,35.1900,225.7600,1.799902
FILLER_79_60,VPWR,li1,33.8100,225.7600,1.799913
FILLER_79_57,VPWR,li1,32.4300,225.7600,1.799913
FILLER_79_54,VPWR,li1,30.8200,225.7600,1.799920
FILLER_79_51,VPWR,li1,29.6700,225.7600,1.799929
FILLER_79_48,VPWR,li1,28.2900,225.7600,1.799929
FILLER_79_31,VPWR,li1,20.0100,225.7600,1.799958
FILLER_79_6,VPWR,li1,8.5100,225.7600,1.799956
FILLER_79_3,VPWR,li1,7.5900,225.7600,1.799956
FILLER_78_686,VPWR,li1,321.5400,225.7600,1.798429
FILLER_78_683,VPWR,li1,320.3900,225.7600,1.798429
FILLER_78_661,VPWR,li1,309.8100,225.7600,1.798443
FILLER_78_658,VPWR,li1,308.8900,225.7600,1.798443
FILLER_78_648,VPWR,li1,304.0600,225.7600,1.798456
FILLER_78_645,VPWR,li1,302.9100,225.7600,1.798464
FILLER_78_643,VPWR,li1,301.5300,225.7600,1.798464
FILLER_78_640,VPWR,li1,300.6100,225.7600,1.798471
FILLER_78_637,VPWR,li1,299.2300,225.7600,1.798471
FILLER_78_634,VPWR,li1,297.8500,225.7600,1.798480
FILLER_78_631,VPWR,li1,296.4700,225.7600,1.798480
FILLER_78_592,VPWR,li1,278.0700,225.7600,1.798577
FILLER_78_589,VPWR,li1,277.1500,225.7600,1.798596
FILLER_78_587,VPWR,li1,275.7700,225.7600,1.798596
FILLER_78_539,VPWR,li1,253.6900,225.7600,1.798783
FILLER_78_536,VPWR,li1,252.7700,225.7600,1.798804
FILLER_78_533,VPWR,li1,251.3900,225.7600,1.798804
FILLER_78_531,VPWR,li1,250.0100,225.7600,1.798820
FILLER_78_528,VPWR,li1,249.0900,225.7600,1.798837
FILLER_78_525,VPWR,li1,247.7100,225.7600,1.798837
FILLER_78_517,VPWR,li1,243.5700,225.7600,1.798874
FILLER_78_506,VPWR,li1,238.9700,225.7600,1.798915
FILLER_78_497,VPWR,li1,234.3700,225.7600,1.798971
FILLER_78_494,VPWR,li1,233.4500,225.7600,1.798998
FILLER_78_491,VPWR,li1,232.0700,225.7600,1.798998
FILLER_78_488,VPWR,li1,230.6900,225.7600,1.799032
FILLER_78_485,VPWR,li1,229.3100,225.7600,1.799032
FILLER_78_473,VPWR,li1,223.7900,225.7600,1.799113
FILLER_78_438,VPWR,li1,207.2300,225.7600,1.799313
FILLER_78_402,VPWR,li1,190.6700,225.7600,1.799543
FILLER_78_365,VPWR,li1,174.1100,225.7600,1.799792
FILLER_78_361,VPWR,li1,172.2700,225.7600,1.799781
FILLER_78_358,VPWR,li1,170.8900,225.7600,1.799772
FILLER_78_307,VPWR,li1,146.9700,225.7600,1.799682
FILLER_78_275,VPWR,li1,132.2500,225.7600,1.799646
FILLER_78_272,VPWR,li1,131.3300,225.7600,1.799646
FILLER_78_261,VPWR,li1,126.2700,225.7600,1.799651
FILLER_78_234,VPWR,li1,113.6200,225.7600,1.799671
FILLER_78_224,VPWR,li1,109.0200,225.7600,1.799681
FILLER_78_221,VPWR,li1,107.8700,225.7600,1.799681
FILLER_78_197,VPWR,li1,96.3700,225.7600,1.799705
FILLER_78_189,VPWR,li1,92.6900,225.7600,1.799718
FILLER_78_186,VPWR,li1,91.7700,225.7600,1.799718
FILLER_78_183,VPWR,li1,90.3900,225.7600,1.799726
FILLER_78_180,VPWR,li1,89.0100,225.7600,1.799731
FILLER_78_177,VPWR,li1,87.6300,225.7600,1.799731
FILLER_78_174,VPWR,li1,86.2500,225.7600,1.799739
FILLER_78_171,VPWR,li1,84.8700,225.7600,1.799739
FILLER_78_168,VPWR,li1,83.4900,225.7600,1.799747
FILLER_78_165,VPWR,li1,82.1100,225.7600,1.799747
FILLER_78_162,VPWR,li1,80.7300,225.7600,1.799756
FILLER_78_159,VPWR,li1,79.3500,225.7600,1.799756
FILLER_78_156,VPWR,li1,77.9700,225.7600,1.799764
FILLER_78_153,VPWR,li1,76.5900,225.7600,1.799764
FILLER_78_150,VPWR,li1,75.2100,225.7600,1.799773
FILLER_78_147,VPWR,li1,73.8300,225.7600,1.799773
FILLER_78_144,VPWR,li1,72.4500,225.7600,1.799778
FILLER_78_141,VPWR,li1,71.0700,225.7600,1.799784
FILLER_78_138,VPWR,li1,69.4600,225.7600,1.799789
FILLER_78_135,VPWR,li1,68.3100,225.7600,1.799789
FILLER_78_124,VPWR,li1,63.0200,225.7600,1.799811
FILLER_78_116,VPWR,li1,59.5700,225.7600,1.799817
FILLER_78_113,VPWR,li1,58.1900,225.7600,1.799824
FILLER_78_110,VPWR,li1,56.8100,225.7600,1.799830
FILLER_78_107,VPWR,li1,55.4300,225.7600,1.799830
FILLER_78_104,VPWR,li1,54.0500,225.7600,1.799836
FILLER_78_88,VPWR,li1,46.4600,225.7600,1.799859
FILLER_78_85,VPWR,li1,45.3100,225.7600,1.799866
FILLER_78_82,VPWR,li1,43.7000,225.7600,1.799873
FILLER_78_79,VPWR,li1,42.5500,225.7600,1.799873
FILLER_78_76,VPWR,li1,41.1700,225.7600,1.799884
FILLER_78_73,VPWR,li1,39.7900,225.7600,1.799884
FILLER_78_56,VPWR,li1,31.5100,225.7600,1.799920
FILLER_78_53,VPWR,li1,30.5900,225.7600,1.799920
FILLER_78_50,VPWR,li1,29.2100,225.7600,1.799929
FILLER_78_35,VPWR,li1,21.8500,225.7600,1.799958
FILLER_78_32,VPWR,li1,20.9300,225.7600,1.799958
FILLER_78_29,VPWR,li1,19.5500,225.7600,1.799958
FILLER_78_3,VPWR,li1,7.1300,225.7600,1.799956
FILLER_77_686,VPWR,li1,321.5400,220.3200,1.799014
FILLER_77_683,VPWR,li1,320.3900,220.3200,1.799014
FILLER_77_673,VPWR,li1,315.5600,220.3200,1.799015
FILLER_77_671,VPWR,li1,314.4100,220.3200,1.799015
FILLER_77_661,VPWR,li1,309.8100,220.3200,1.799018
FILLER_77_641,VPWR,li1,301.0700,220.3200,1.799027
FILLER_77_592,VPWR,li1,278.0700,220.3200,1.799072
FILLER_77_589,VPWR,li1,277.1500,220.3200,1.799072
FILLER_77_569,VPWR,li1,267.9500,220.3200,1.799098
FILLER_77_452,VPWR,li1,213.9000,220.3200,1.799337
FILLER_77_449,VPWR,li1,212.7500,220.3200,1.799352
FILLER_77_447,VPWR,li1,211.3700,220.3200,1.799352
FILLER_77_426,VPWR,li1,201.9400,220.3200,1.799471
FILLER_77_402,VPWR,li1,190.6700,220.3200,1.799607
FILLER_77_399,VPWR,li1,189.7500,220.3200,1.799631
FILLER_77_391,VPWR,li1,185.6100,220.3200,1.799697
FILLER_77_357,VPWR,li1,170.4300,220.3200,1.799808
FILLER_77_354,VPWR,li1,169.0500,220.3200,1.799808
FILLER_77_351,VPWR,li1,167.6700,220.3200,1.799802
FILLER_77_348,VPWR,li1,166.2900,220.3200,1.799802
FILLER_77_345,VPWR,li1,164.9100,220.3200,1.799798
FILLER_77_246,VPWR,li1,118.9100,220.3200,1.799770
FILLER_77_243,VPWR,li1,117.9900,220.3200,1.799770
FILLER_77_225,VPWR,li1,109.2500,220.3200,1.799780
FILLER_77_223,VPWR,li1,108.3300,220.3200,1.799782
FILLER_77_220,VPWR,li1,107.4100,220.3200,1.799782
FILLER_77_186,VPWR,li1,91.5400,220.3200,1.799804
FILLER_77_180,VPWR,li1,88.5500,220.3200,1.799808
FILLER_77_169,VPWR,li1,83.7200,220.3200,1.799814
FILLER_77_158,VPWR,li1,78.4300,220.3200,1.799820
FILLER_77_155,VPWR,li1,77.5100,220.3200,1.799823
FILLER_77_152,VPWR,li1,76.1300,220.3200,1.799825
FILLER_77_149,VPWR,li1,74.7500,220.3200,1.799825
FILLER_77_146,VPWR,li1,73.3700,220.3200,1.799828
FILLER_77_143,VPWR,li1,71.9900,220.3200,1.799832
FILLER_77_124,VPWR,li1,62.7900,220.3200,1.799844
FILLER_77_116,VPWR,li1,59.1100,220.3200,1.799850
FILLER_77_113,VPWR,li1,58.1900,220.3200,1.799854
FILLER_77_110,VPWR,li1,56.5800,220.3200,1.799857
FILLER_77_107,VPWR,li1,55.4300,220.3200,1.799857
FILLER_77_104,VPWR,li1,54.0500,220.3200,1.799863
FILLER_77_101,VPWR,li1,52.6700,220.3200,1.799863
FILLER_77_77,VPWR,li1,41.4000,220.3200,1.799891
FILLER_77_74,VPWR,li1,40.2500,220.3200,1.799896
FILLER_77_71,VPWR,li1,38.8700,220.3200,1.799896
FILLER_77_60,VPWR,li1,33.8100,220.3200,1.799910
FILLER_77_57,VPWR,li1,32.4300,220.3200,1.799917
FILLER_77_53,VPWR,li1,30.5900,220.3200,1.799924
FILLER_77_29,VPWR,li1,19.0900,220.3200,1.799944
FILLER_77_26,VPWR,li1,18.1700,220.3200,1.799944
FILLER_77_3,VPWR,li1,7.3600,220.3200,1.799937
FILLER_76_687,VPWR,li1,321.7700,220.3200,1.799014
FILLER_76_684,VPWR,li1,320.8500,220.3200,1.799014
FILLER_76_648,VPWR,li1,304.0600,220.3200,1.799025
FILLER_76_645,VPWR,li1,302.9100,220.3200,1.799025
FILLER_76_642,VPWR,li1,301.3000,220.3200,1.799027
FILLER_76_639,VPWR,li1,300.1500,220.3200,1.799030
FILLER_76_602,VPWR,li1,282.9000,220.3200,1.799058
FILLER_76_592,VPWR,li1,278.3000,220.3200,1.799072
FILLER_76_589,VPWR,li1,277.1500,220.3200,1.799072
FILLER_76_585,VPWR,li1,275.3100,220.3200,1.799076
FILLER_76_531,VPWR,li1,250.0100,220.3200,1.799165
FILLER_76_504,VPWR,li1,237.8200,220.3200,1.799216
FILLER_76_494,VPWR,li1,233.2200,220.3200,1.799240
FILLER_76_427,VPWR,li1,202.1700,220.3200,1.799471
FILLER_76_424,VPWR,li1,201.2500,220.3200,1.799471
FILLER_76_421,VPWR,li1,199.8700,220.3200,1.799508
FILLER_76_418,VPWR,li1,198.2600,220.3200,1.799508
FILLER_76_400,VPWR,li1,189.9800,220.3200,1.799631
FILLER_76_397,VPWR,li1,188.8300,220.3200,1.799631
FILLER_76_365,VPWR,li1,173.6500,220.3200,1.799817
FILLER_76_344,VPWR,li1,164.4500,220.3200,1.799798
FILLER_76_318,VPWR,li1,152.2600,220.3200,1.799775
FILLER_76_309,VPWR,li1,147.8900,220.3200,1.799770
FILLER_76_264,VPWR,li1,127.4200,220.3200,1.799764
FILLER_76_253,VPWR,li1,122.5900,220.3200,1.799767
FILLER_76_210,VPWR,li1,102.5800,220.3200,1.799789
FILLER_76_207,VPWR,li1,101.4300,220.3200,1.799789
FILLER_76_197,VPWR,li1,96.6000,220.3200,1.799796
FILLER_76_154,VPWR,li1,76.5900,220.3200,1.799823
FILLER_76_151,VPWR,li1,75.6700,220.3200,1.799825
FILLER_76_148,VPWR,li1,74.2900,220.3200,1.799828
FILLER_76_145,VPWR,li1,72.9100,220.3200,1.799828
FILLER_76_124,VPWR,li1,62.7900,220.3200,1.799844
FILLER_76_105,VPWR,li1,54.2800,220.3200,1.799863
FILLER_76_102,VPWR,li1,53.1300,220.3200,1.799863
FILLER_76_81,VPWR,li1,43.4700,220.3200,1.799885
FILLER_76_47,VPWR,li1,27.3700,220.3200,1.799931
FILLER_75_687,VPWR,li1,321.7700,214.8800,1.799310
FILLER_75_684,VPWR,li1,320.8500,214.8800,1.799310
FILLER_75_681,VPWR,li1,319.4700,214.8800,1.799310
FILLER_75_670,VPWR,li1,314.1800,214.8800,1.799311
FILLER_75_667,VPWR,li1,313.0300,214.8800,1.799311
FILLER_75_639,VPWR,li1,300.1500,214.8800,1.799323
FILLER_75_636,VPWR,li1,298.7700,214.8800,1.799326
FILLER_75_627,VPWR,li1,294.1700,214.8800,1.799331
FILLER_75_617,VPWR,li1,289.5700,214.8800,1.799338
FILLER_75_614,VPWR,li1,288.4200,214.8800,1.799338
FILLER_75_569,VPWR,li1,267.9500,214.8800,1.799376
FILLER_75_551,VPWR,li1,259.2100,214.8800,1.799399
FILLER_75_505,VPWR,li1,238.5100,214.8800,1.799483
FILLER_75_503,VPWR,li1,237.1300,214.8800,1.799483
FILLER_75_494,VPWR,li1,232.9900,214.8800,1.799504
FILLER_75_491,VPWR,li1,232.0700,214.8800,1.799516
FILLER_75_488,VPWR,li1,230.6900,214.8800,1.799516
FILLER_75_460,VPWR,li1,217.5800,214.8800,1.799598
FILLER_75_457,VPWR,li1,216.4300,214.8800,1.799598
FILLER_75_431,VPWR,li1,204.0100,214.8800,1.799671
FILLER_75_404,VPWR,li1,192.0500,214.8800,1.799752
FILLER_75_401,VPWR,li1,190.6700,214.8800,1.799752
FILLER_75_390,VPWR,li1,185.3800,214.8800,1.799787
FILLER_75_372,VPWR,li1,177.1000,214.8800,1.799855
FILLER_75_355,VPWR,li1,169.0500,214.8800,1.799808
FILLER_75_352,VPWR,li1,168.1300,214.8800,1.799791
FILLER_75_349,VPWR,li1,166.7500,214.8800,1.799791
FILLER_75_334,VPWR,li1,159.6200,214.8800,1.799741
FILLER_75_308,VPWR,li1,147.6600,214.8800,1.799663
FILLER_75_281,VPWR,li1,135.0100,214.8800,1.799584
FILLER_75_277,VPWR,li1,133.6300,214.8800,1.799584
FILLER_75_268,VPWR,li1,129.0300,214.8800,1.799553
FILLER_75_225,VPWR,li1,109.7100,214.8800,1.799483
FILLER_75_199,VPWR,li1,97.2900,214.8800,1.799492
FILLER_75_172,VPWR,li1,84.8700,214.8800,1.799508
FILLER_75_169,VPWR,li1,83.9500,214.8800,1.799511
FILLER_75_143,VPWR,li1,71.9900,214.8800,1.799527
FILLER_75_106,VPWR,li1,54.5100,214.8800,1.799637
FILLER_75_46,VPWR,li1,27.1400,214.8800,1.799839
FILLER_75_43,VPWR,li1,25.9900,214.8800,1.799839
FILLER_75_24,VPWR,li1,16.7900,214.8800,1.799885
FILLER_75_6,VPWR,li1,8.5100,214.8800,1.799883
FILLER_75_3,VPWR,li1,7.5900,214.8800,1.799883
FILLER_74_686,VPWR,li1,321.5400,214.8800,1.799310
FILLER_74_683,VPWR,li1,320.3900,214.8800,1.799310
FILLER_74_665,VPWR,li1,311.6500,214.8800,1.799312
FILLER_74_662,VPWR,li1,310.7300,214.8800,1.799312
FILLER_74_641,VPWR,li1,301.0700,214.8800,1.799323
FILLER_74_638,VPWR,li1,299.6900,214.8800,1.799326
FILLER_74_635,VPWR,li1,298.3100,214.8800,1.799326
FILLER_74_632,VPWR,li1,296.9300,214.8800,1.799329
FILLER_74_629,VPWR,li1,295.5500,214.8800,1.799329
FILLER_74_603,VPWR,li1,283.5900,214.8800,1.799347
FILLER_74_600,VPWR,li1,282.2100,214.8800,1.799347
FILLER_74_597,VPWR,li1,280.8300,214.8800,1.799349
FILLER_74_569,VPWR,li1,267.9500,214.8800,1.799376
FILLER_74_533,VPWR,li1,251.3900,214.8800,1.799424
FILLER_74_530,VPWR,li1,249.7800,214.8800,1.799433
FILLER_74_527,VPWR,li1,248.6300,214.8800,1.799440
FILLER_74_524,VPWR,li1,247.2500,214.8800,1.799440
FILLER_74_497,VPWR,li1,234.3700,214.8800,1.799504
FILLER_74_494,VPWR,li1,233.4500,214.8800,1.799504
FILLER_74_474,VPWR,li1,224.0200,214.8800,1.799554
FILLER_74_449,VPWR,li1,212.2900,214.8800,1.799625
FILLER_74_421,VPWR,li1,199.6400,214.8800,1.799705
FILLER_74_418,VPWR,li1,198.2600,214.8800,1.799705
FILLER_74_377,VPWR,li1,179.4000,214.8800,1.799836
FILLER_74_374,VPWR,li1,178.2500,214.8800,1.799836
FILLER_74_362,VPWR,li1,172.5000,214.8800,1.799823
FILLER_74_352,VPWR,li1,167.6700,214.8800,1.799791
FILLER_74_349,VPWR,li1,166.7500,214.8800,1.799791
FILLER_74_346,VPWR,li1,165.3700,214.8800,1.799771
FILLER_74_343,VPWR,li1,163.9900,214.8800,1.799771
FILLER_74_309,VPWR,li1,147.8900,214.8800,1.799663
FILLER_74_249,VPWR,li1,120.7500,214.8800,1.799517
FILLER_74_218,VPWR,li1,106.2600,214.8800,1.799485
FILLER_74_215,VPWR,li1,105.1100,214.8800,1.799485
FILLER_74_197,VPWR,li1,96.3700,214.8800,1.799495
FILLER_74_193,VPWR,li1,94.9900,214.8800,1.799495
FILLER_74_155,VPWR,li1,77.0500,214.8800,1.799520
FILLER_74_152,VPWR,li1,76.1300,214.8800,1.799520
FILLER_74_137,VPWR,li1,69.2300,214.8800,1.799544
FILLER_74_121,VPWR,li1,61.6400,214.8800,1.799596
FILLER_74_110,VPWR,li1,56.5800,214.8800,1.799624
FILLER_74_107,VPWR,li1,55.4300,214.8800,1.799637
FILLER_74_104,VPWR,li1,54.0500,214.8800,1.799650
FILLER_74_101,VPWR,li1,52.6700,214.8800,1.799650
FILLER_74_98,VPWR,li1,51.2900,214.8800,1.799667
FILLER_74_95,VPWR,li1,49.9100,214.8800,1.799667
FILLER_74_85,VPWR,li1,44.8500,214.8800,1.799703
FILLER_74_81,VPWR,li1,43.4700,214.8800,1.799720
FILLER_74_78,VPWR,li1,42.0900,214.8800,1.799720
FILLER_74_32,VPWR,li1,20.7000,214.8800,1.799888
FILLER_74_29,VPWR,li1,19.5500,214.8800,1.799887
FILLER_74_3,VPWR,li1,7.1300,214.8800,1.799883
FILLER_73_687,VPWR,li1,321.7700,209.4400,1.798785
FILLER_73_684,VPWR,li1,320.8500,209.4400,1.798785
FILLER_73_681,VPWR,li1,319.4700,209.4400,1.798785
FILLER_73_671,VPWR,li1,314.4100,209.4400,1.798787
FILLER_73_668,VPWR,li1,313.4900,209.4400,1.798787
FILLER_73_641,VPWR,li1,301.0700,209.4400,1.798797
FILLER_73_638,VPWR,li1,299.6900,209.4400,1.798797
FILLER_73_629,VPWR,li1,295.0900,209.4400,1.798801
FILLER_73_626,VPWR,li1,294.1700,209.4400,1.798804
FILLER_73_623,VPWR,li1,292.7900,209.4400,1.798804
FILLER_73_620,VPWR,li1,291.4100,209.4400,1.798806
FILLER_73_617,VPWR,li1,290.0300,209.4400,1.798808
FILLER_73_607,VPWR,li1,284.9700,209.4400,1.798812
FILLER_73_604,VPWR,li1,284.0500,209.4400,1.798812
FILLER_73_601,VPWR,li1,282.6700,209.4400,1.798815
FILLER_73_598,VPWR,li1,281.2900,209.4400,1.798815
FILLER_73_572,VPWR,li1,269.1000,209.4400,1.798828
FILLER_73_559,VPWR,li1,262.8900,209.4400,1.798847
FILLER_73_556,VPWR,li1,261.9700,209.4400,1.798847
FILLER_73_553,VPWR,li1,260.5900,209.4400,1.798863
FILLER_73_533,VPWR,li1,250.9300,209.4400,1.798938
FILLER_73_530,VPWR,li1,250.0100,209.4400,1.798958
FILLER_73_501,VPWR,li1,236.6700,209.4400,1.799075
FILLER_73_482,VPWR,li1,227.7000,209.4400,1.799177
FILLER_73_479,VPWR,li1,226.5500,209.4400,1.799177
FILLER_73_396,VPWR,li1,187.9100,209.4400,1.799637
FILLER_73_393,VPWR,li1,186.9900,209.4400,1.799671
FILLER_73_390,VPWR,li1,185.3800,209.4400,1.799671
FILLER_73_379,VPWR,li1,180.5500,209.4400,1.799738
FILLER_73_361,VPWR,li1,171.8100,209.4400,1.799796
FILLER_73_358,VPWR,li1,170.8900,209.4400,1.799787
FILLER_73_355,VPWR,li1,169.5100,209.4400,1.799787
FILLER_73_281,VPWR,li1,135.0100,209.4400,1.799708
FILLER_73_271,VPWR,li1,130.4100,209.4400,1.799710
FILLER_73_228,VPWR,li1,110.6300,209.4400,1.799738
FILLER_73_225,VPWR,li1,109.7100,209.4400,1.799743
FILLER_73_222,VPWR,li1,108.1000,209.4400,1.799743
FILLER_73_219,VPWR,li1,106.9500,209.4400,1.799749
FILLER_73_182,VPWR,li1,89.9300,209.4400,1.799784
FILLER_73_156,VPWR,li1,77.7400,209.4400,1.799813
FILLER_73_153,VPWR,li1,76.5900,209.4400,1.799820
FILLER_73_150,VPWR,li1,75.2100,209.4400,1.799820
FILLER_73_147,VPWR,li1,73.8300,209.4400,1.799827
FILLER_73_144,VPWR,li1,72.4500,209.4400,1.799827
FILLER_73_141,VPWR,li1,71.0700,209.4400,1.799833
FILLER_73_138,VPWR,li1,69.6900,209.4400,1.799837
FILLER_73_135,VPWR,li1,68.3100,209.4400,1.799837
FILLER_73_95,VPWR,li1,49.4500,209.4400,1.799887
FILLER_73_84,VPWR,li1,44.6200,209.4400,1.799902
FILLER_73_69,VPWR,li1,37.4900,209.4400,1.799919
FILLER_73_57,VPWR,li1,32.4300,209.4400,1.799933
FILLER_73_53,VPWR,li1,30.5900,209.4400,1.799939
FILLER_73_3,VPWR,li1,7.3600,209.4400,1.799964
FILLER_72_685,VPWR,li1,321.3100,209.4400,1.798785
FILLER_72_665,VPWR,li1,312.1100,209.4400,1.798789
FILLER_72_662,VPWR,li1,310.7300,209.4400,1.798789
FILLER_72_651,VPWR,li1,305.2100,209.4400,1.798794
FILLER_72_648,VPWR,li1,304.2900,209.4400,1.798794
FILLER_72_645,VPWR,li1,302.9100,209.4400,1.798795
FILLER_72_641,VPWR,li1,301.0700,209.4400,1.798797
FILLER_72_638,VPWR,li1,299.6900,209.4400,1.798797
FILLER_72_635,VPWR,li1,298.3100,209.4400,1.798800
FILLER_72_632,VPWR,li1,296.9300,209.4400,1.798800
FILLER_72_629,VPWR,li1,295.5500,209.4400,1.798801
FILLER_72_619,VPWR,li1,290.7200,209.4400,1.798806
FILLER_72_610,VPWR,li1,286.3500,209.4400,1.798810
FILLER_72_607,VPWR,li1,285.4300,209.4400,1.798812
FILLER_72_604,VPWR,li1,284.0500,209.4400,1.798812
FILLER_72_601,VPWR,li1,282.6700,209.4400,1.798815
FILLER_72_598,VPWR,li1,281.2900,209.4400,1.798815
FILLER_72_595,VPWR,li1,279.9100,209.4400,1.798818
FILLER_72_592,VPWR,li1,278.5300,209.4400,1.798818
FILLER_72_589,VPWR,li1,277.1500,209.4400,1.798820
FILLER_72_570,VPWR,li1,267.9500,209.4400,1.798828
FILLER_72_567,VPWR,li1,267.0300,209.4400,1.798830
FILLER_72_546,VPWR,li1,257.1400,209.4400,1.798885
FILLER_72_543,VPWR,li1,255.9900,209.4400,1.798885
FILLER_72_533,VPWR,li1,251.1600,209.4400,1.798938
FILLER_72_521,VPWR,li1,245.8700,209.4400,1.798983
FILLER_72_510,VPWR,li1,240.3500,209.4400,1.799047
FILLER_72_507,VPWR,li1,239.4300,209.4400,1.799047
FILLER_72_504,VPWR,li1,238.0500,209.4400,1.799075
FILLER_72_477,VPWR,li1,225.6300,209.4400,1.799196
FILLER_72_474,VPWR,li1,224.0200,209.4400,1.799216
FILLER_72_471,VPWR,li1,222.8700,209.4400,1.799216
FILLER_72_445,VPWR,li1,210.9100,209.4400,1.799346
FILLER_72_427,VPWR,li1,202.1700,209.4400,1.799461
FILLER_72_424,VPWR,li1,201.2500,209.4400,1.799461
FILLER_72_421,VPWR,li1,199.8700,209.4400,1.799490
FILLER_72_393,VPWR,li1,186.5300,209.4400,1.799671
FILLER_72_390,VPWR,li1,185.6100,209.4400,1.799671
FILLER_72_309,VPWR,li1,147.8900,209.4400,1.799713
FILLER_72_295,VPWR,li1,141.6800,209.4400,1.799705
FILLER_72_253,VPWR,li1,122.3600,209.4400,1.799718
FILLER_72_234,VPWR,li1,113.3900,209.4400,1.799734
FILLER_72_231,VPWR,li1,112.4700,209.4400,1.799734
FILLER_72_228,VPWR,li1,111.0900,209.4400,1.799738
FILLER_72_219,VPWR,li1,106.4900,209.4400,1.799749
FILLER_72_216,VPWR,li1,105.5700,209.4400,1.799749
FILLER_72_197,VPWR,li1,96.3700,209.4400,1.799770
FILLER_72_165,VPWR,li1,81.6500,209.4400,1.799806
FILLER_72_162,VPWR,li1,80.7300,209.4400,1.799806
FILLER_72_159,VPWR,li1,79.3500,209.4400,1.799813
FILLER_72_156,VPWR,li1,77.9700,209.4400,1.799813
FILLER_72_153,VPWR,li1,76.5900,209.4400,1.799820
FILLER_72_150,VPWR,li1,75.2100,209.4400,1.799820
FILLER_72_147,VPWR,li1,73.8300,209.4400,1.799827
FILLER_72_144,VPWR,li1,72.4500,209.4400,1.799827
FILLER_72_141,VPWR,li1,71.0700,209.4400,1.799833
FILLER_72_138,VPWR,li1,69.4600,209.4400,1.799837
FILLER_72_135,VPWR,li1,68.3100,209.4400,1.799837
FILLER_72_132,VPWR,li1,66.9300,209.4400,1.799842
FILLER_72_124,VPWR,li1,63.2500,209.4400,1.799854
FILLER_72_121,VPWR,li1,61.8700,209.4400,1.799854
FILLER_72_118,VPWR,li1,60.4900,209.4400,1.799861
FILLER_72_115,VPWR,li1,59.1100,209.4400,1.799861
FILLER_72_112,VPWR,li1,57.7300,209.4400,1.799866
FILLER_72_94,VPWR,li1,49.2200,209.4400,1.799887
FILLER_72_91,VPWR,li1,48.0700,209.4400,1.799894
FILLER_72_88,VPWR,li1,46.6900,209.4400,1.799894
FILLER_72_85,VPWR,li1,45.3100,209.4400,1.799902
FILLER_72_83,VPWR,li1,43.9300,209.4400,1.799902
FILLER_72_53,VPWR,li1,30.3600,209.4400,1.799939
FILLER_72_29,VPWR,li1,19.0900,209.4400,1.799964
FILLER_72_25,VPWR,li1,17.7100,209.4400,1.799964
FILLER_72_6,VPWR,li1,8.9700,209.4400,1.799964
FILLER_72_3,VPWR,li1,7.5900,209.4400,1.799964
FILLER_71_685,VPWR,li1,321.3100,204.0000,1.799144
FILLER_71_682,VPWR,li1,319.9300,204.0000,1.799144
FILLER_71_661,VPWR,li1,310.0400,204.0000,1.799148
FILLER_71_642,VPWR,li1,301.3000,204.0000,1.799155
FILLER_71_625,VPWR,li1,293.2500,204.0000,1.799160
FILLER_71_599,VPWR,li1,281.2900,204.0000,1.799171
FILLER_71_596,VPWR,li1,280.3700,204.0000,1.799171
FILLER_71_593,VPWR,li1,278.9900,204.0000,1.799172
FILLER_71_590,VPWR,li1,277.6100,204.0000,1.799172
FILLER_71_587,VPWR,li1,276.2300,204.0000,1.799174
FILLER_71_561,VPWR,li1,263.8100,204.0000,1.799195
FILLER_71_558,VPWR,li1,262.6600,204.0000,1.799195
FILLER_71_524,VPWR,li1,246.7900,204.0000,1.799240
FILLER_71_521,VPWR,li1,245.8700,204.0000,1.799240
FILLER_71_503,VPWR,li1,237.1300,204.0000,1.799272
FILLER_71_500,VPWR,li1,236.2100,204.0000,1.799272
FILLER_71_497,VPWR,li1,234.8300,204.0000,1.799279
FILLER_71_488,VPWR,li1,230.2300,204.0000,1.799300
FILLER_71_485,VPWR,li1,229.3100,204.0000,1.799300
FILLER_71_447,VPWR,li1,211.3700,204.0000,1.799427
FILLER_71_393,VPWR,li1,186.9900,204.0000,1.799679
FILLER_71_391,VPWR,li1,185.6100,204.0000,1.799679
FILLER_71_337,VPWR,li1,160.7700,204.0000,1.799766
FILLER_71_308,VPWR,li1,147.6600,204.0000,1.799735
FILLER_71_284,VPWR,li1,136.3900,204.0000,1.799720
FILLER_71_281,VPWR,li1,135.4700,204.0000,1.799719
FILLER_71_223,VPWR,li1,108.3300,204.0000,1.799724
FILLER_71_187,VPWR,li1,92.0000,204.0000,1.799747
FILLER_71_169,VPWR,li1,83.7200,204.0000,1.799768
FILLER_71_161,VPWR,li1,79.8100,204.0000,1.799776
FILLER_71_158,VPWR,li1,78.8900,204.0000,1.799782
FILLER_71_155,VPWR,li1,77.5100,204.0000,1.799782
FILLER_71_152,VPWR,li1,76.1300,204.0000,1.799788
FILLER_71_149,VPWR,li1,74.7500,204.0000,1.799788
FILLER_71_146,VPWR,li1,73.3700,204.0000,1.799795
FILLER_71_143,VPWR,li1,71.9900,204.0000,1.799795
FILLER_71_140,VPWR,li1,70.6100,204.0000,1.799803
FILLER_71_137,VPWR,li1,69.2300,204.0000,1.799803
FILLER_71_134,VPWR,li1,67.8500,204.0000,1.799809
FILLER_71_125,VPWR,li1,63.7100,204.0000,1.799821
FILLER_71_122,VPWR,li1,62.3300,204.0000,1.799821
FILLER_71_119,VPWR,li1,60.9500,204.0000,1.799828
FILLER_71_116,VPWR,li1,59.5700,204.0000,1.799828
FILLER_71_113,VPWR,li1,58.1900,204.0000,1.799834
FILLER_71_94,VPWR,li1,48.9900,204.0000,1.799863
FILLER_71_91,VPWR,li1,48.0700,204.0000,1.799863
FILLER_71_80,VPWR,li1,43.0100,204.0000,1.799879
FILLER_71_63,VPWR,li1,34.7300,204.0000,1.799910
FILLER_71_60,VPWR,li1,33.8100,204.0000,1.799910
FILLER_71_57,VPWR,li1,32.4300,204.0000,1.799918
FILLER_71_53,VPWR,li1,30.5900,204.0000,1.799925
FILLER_71_50,VPWR,li1,29.2100,204.0000,1.799925
FILLER_71_6,VPWR,li1,8.5100,204.0000,1.799945
FILLER_71_3,VPWR,li1,7.5900,204.0000,1.799945
FILLER_70_685,VPWR,li1,321.3100,204.0000,1.799144
FILLER_70_648,VPWR,li1,304.2900,204.0000,1.799152
FILLER_70_645,VPWR,li1,302.9100,204.0000,1.799153
FILLER_70_633,VPWR,li1,297.3900,204.0000,1.799156
FILLER_70_630,VPWR,li1,296.0100,204.0000,1.799158
FILLER_70_627,VPWR,li1,294.6300,204.0000,1.799160
FILLER_70_598,VPWR,li1,281.2900,204.0000,1.799171
FILLER_70_595,VPWR,li1,279.9100,204.0000,1.799171
FILLER_70_592,VPWR,li1,278.5300,204.0000,1.799172
FILLER_70_589,VPWR,li1,277.1500,204.0000,1.799174
FILLER_70_587,VPWR,li1,275.7700,204.0000,1.799174
FILLER_70_558,VPWR,li1,262.8900,204.0000,1.799195
FILLER_70_523,VPWR,li1,246.3300,204.0000,1.799240
FILLER_70_497,VPWR,li1,234.3700,204.0000,1.799279
FILLER_70_494,VPWR,li1,233.4500,204.0000,1.799287
FILLER_70_473,VPWR,li1,223.7900,204.0000,1.799322
FILLER_70_470,VPWR,li1,222.4100,204.0000,1.799336
FILLER_70_464,VPWR,li1,219.4200,204.0000,1.799358
FILLER_70_461,VPWR,li1,218.2700,204.0000,1.799358
FILLER_70_451,VPWR,li1,213.2100,204.0000,1.799405
FILLER_70_448,VPWR,li1,212.2900,204.0000,1.799427
FILLER_70_445,VPWR,li1,210.9100,204.0000,1.799427
FILLER_70_419,VPWR,li1,198.4900,204.0000,1.799558
FILLER_70_396,VPWR,li1,188.1400,204.0000,1.799652
FILLER_70_309,VPWR,li1,148.1200,204.0000,1.799735
FILLER_70_307,VPWR,li1,146.9700,204.0000,1.799731
FILLER_70_234,VPWR,li1,113.6200,204.0000,1.799721
FILLER_70_223,VPWR,li1,108.3300,204.0000,1.799724
FILLER_70_220,VPWR,li1,107.4100,204.0000,1.799724
FILLER_70_194,VPWR,li1,95.2200,204.0000,1.799740
FILLER_70_176,VPWR,li1,86.9400,204.0000,1.799761
FILLER_70_152,VPWR,li1,75.6700,204.0000,1.799788
FILLER_70_149,VPWR,li1,74.7500,204.0000,1.799788
FILLER_70_133,VPWR,li1,66.9300,204.0000,1.799809
FILLER_70_122,VPWR,li1,62.3300,204.0000,1.799821
FILLER_70_88,VPWR,li1,46.2300,204.0000,1.799872
FILLER_70_85,VPWR,li1,45.3100,204.0000,1.799872
FILLER_70_83,VPWR,li1,43.9300,204.0000,1.799879
FILLER_70_80,VPWR,li1,43.0100,204.0000,1.799879
FILLER_70_53,VPWR,li1,30.1300,204.0000,1.799925
FILLER_70_50,VPWR,li1,29.2100,204.0000,1.799925
FILLER_70_47,VPWR,li1,27.8300,204.0000,1.799934
FILLER_70_27,VPWR,li1,18.1700,204.0000,1.799950
FILLER_70_24,VPWR,li1,17.2500,204.0000,1.799950
FILLER_70_6,VPWR,li1,8.5100,204.0000,1.799945
FILLER_70_3,VPWR,li1,7.5900,204.0000,1.799945
FILLER_69_687,VPWR,li1,321.7700,198.5600,1.799370
FILLER_69_684,VPWR,li1,320.8500,198.5600,1.799370
FILLER_69_681,VPWR,li1,319.4700,198.5600,1.799370
FILLER_69_671,VPWR,li1,314.4100,198.5600,1.799371
FILLER_69_668,VPWR,li1,313.4900,198.5600,1.799371
FILLER_69_665,VPWR,li1,312.1100,198.5600,1.799371
FILLER_69_637,VPWR,li1,299.2300,198.5600,1.799387
FILLER_69_634,VPWR,li1,297.8500,198.5600,1.799387
FILLER_69_615,VPWR,li1,288.6500,198.5600,1.799403
FILLER_69_597,VPWR,li1,280.3700,198.5600,1.799423
FILLER_69_561,VPWR,li1,264.0400,198.5600,1.799475
FILLER_69_557,VPWR,li1,262.4300,198.5600,1.799475
FILLER_69_513,VPWR,li1,241.7300,198.5600,1.799547
FILLER_69_502,VPWR,li1,236.9000,198.5600,1.799568
FILLER_69_481,VPWR,li1,227.4700,198.5600,1.799616
FILLER_69_437,VPWR,li1,207.2300,198.5600,1.799714
FILLER_69_434,VPWR,li1,205.8500,198.5600,1.799726
FILLER_69_431,VPWR,li1,204.4700,198.5600,1.799735
FILLER_69_428,VPWR,li1,203.0900,198.5600,1.799735
FILLER_69_425,VPWR,li1,201.7100,198.5600,1.799746
FILLER_69_411,VPWR,li1,194.8100,198.5600,1.799779
FILLER_69_390,VPWR,li1,185.3800,198.5600,1.799838
FILLER_69_380,VPWR,li1,180.7800,198.5600,1.799862
FILLER_69_353,VPWR,li1,168.5900,198.5600,1.799861
FILLER_69_345,VPWR,li1,164.4500,198.5600,1.799842
FILLER_69_334,VPWR,li1,159.6200,198.5600,1.799826
FILLER_69_313,VPWR,li1,149.7300,198.5600,1.799793
FILLER_69_228,VPWR,li1,110.8600,198.5600,1.799732
FILLER_69_225,VPWR,li1,109.7100,198.5600,1.799730
FILLER_69_189,VPWR,li1,93.1500,198.5600,1.799731
FILLER_69_186,VPWR,li1,91.7700,198.5600,1.799731
FILLER_69_158,VPWR,li1,78.4300,198.5600,1.799742
FILLER_69_122,VPWR,li1,62.3300,198.5600,1.799779
FILLER_69_119,VPWR,li1,60.9500,198.5600,1.799779
FILLER_69_78,VPWR,li1,41.8600,198.5600,1.799834
FILLER_69_60,VPWR,li1,33.3500,198.5600,1.799871
FILLER_69_57,VPWR,li1,32.4300,198.5600,1.799871
FILLER_69_53,VPWR,li1,30.5900,198.5600,1.799879
FILLER_69_50,VPWR,li1,29.2100,198.5600,1.799891
FILLER_69_3,VPWR,li1,7.3600,198.5600,1.799904
FILLER_68_687,VPWR,li1,321.7700,198.5600,1.799370
FILLER_68_684,VPWR,li1,320.8500,198.5600,1.799370
FILLER_68_681,VPWR,li1,319.4700,198.5600,1.799370
FILLER_68_645,VPWR,li1,302.9100,198.5600,1.799380
FILLER_68_643,VPWR,li1,301.5300,198.5600,1.799383
FILLER_68_640,VPWR,li1,300.6100,198.5600,1.799383
FILLER_68_637,VPWR,li1,299.2300,198.5600,1.799387
FILLER_68_634,VPWR,li1,297.8500,198.5600,1.799387
FILLER_68_607,VPWR,li1,284.9700,198.5600,1.799411
FILLER_68_598,VPWR,li1,280.8300,198.5600,1.799423
FILLER_68_595,VPWR,li1,279.9100,198.5600,1.799423
FILLER_68_592,VPWR,li1,278.5300,198.5600,1.799430
FILLER_68_589,VPWR,li1,277.1500,198.5600,1.799430
FILLER_68_570,VPWR,li1,267.9500,198.5600,1.799461
FILLER_68_567,VPWR,li1,267.0300,198.5600,1.799461
FILLER_68_521,VPWR,li1,245.8700,198.5600,1.799530
FILLER_68_485,VPWR,li1,228.8500,198.5600,1.799606
FILLER_68_469,VPWR,li1,221.4900,198.5600,1.799644
FILLER_68_458,VPWR,li1,216.8900,198.5600,1.799665
FILLER_68_438,VPWR,li1,207.6900,198.5600,1.799714
FILLER_68_435,VPWR,li1,206.3100,198.5600,1.799726
FILLER_68_432,VPWR,li1,204.9300,198.5600,1.799726
FILLER_68_429,VPWR,li1,203.5500,198.5600,1.799735
FILLER_68_401,VPWR,li1,190.6700,198.5600,1.799801
FILLER_68_382,VPWR,li1,181.9300,198.5600,1.799850
FILLER_68_374,VPWR,li1,178.0200,198.5600,1.799874
FILLER_68_365,VPWR,li1,173.6500,198.5600,1.799880
FILLER_68_357,VPWR,li1,169.9700,198.5600,1.799861
FILLER_68_343,VPWR,li1,163.7600,198.5600,1.799842
FILLER_68_315,VPWR,li1,150.8800,198.5600,1.799798
FILLER_68_305,VPWR,li1,146.5100,198.5600,1.799786
FILLER_68_270,VPWR,li1,129.9500,198.5600,1.799751
FILLER_68_216,VPWR,li1,105.3400,198.5600,1.799730
FILLER_68_197,VPWR,li1,96.8300,198.5600,1.799731
FILLER_68_193,VPWR,li1,94.9900,198.5600,1.799731
FILLER_68_158,VPWR,li1,78.4300,198.5600,1.799742
FILLER_68_112,VPWR,li1,57.5000,198.5600,1.799790
FILLER_68_109,VPWR,li1,56.3500,198.5600,1.799790
FILLER_68_98,VPWR,li1,51.0600,198.5600,1.799805
FILLER_68_95,VPWR,li1,49.9100,198.5600,1.799813
FILLER_68_92,VPWR,li1,48.5300,198.5600,1.799813
FILLER_68_81,VPWR,li1,43.4700,198.5600,1.799834
FILLER_68_78,VPWR,li1,42.0900,198.5600,1.799834
FILLER_68_59,VPWR,li1,33.1200,198.5600,1.799871
FILLER_68_56,VPWR,li1,31.9700,198.5600,1.799879
FILLER_68_53,VPWR,li1,30.5900,198.5600,1.799879
FILLER_68_50,VPWR,li1,29.2100,198.5600,1.799891
FILLER_68_47,VPWR,li1,27.8300,198.5600,1.799891
FILLER_68_29,VPWR,li1,19.3200,198.5600,1.799915
FILLER_68_6,VPWR,li1,8.9700,198.5600,1.799904
FILLER_68_3,VPWR,li1,7.5900,198.5600,1.799904
FILLER_67_679,VPWR,li1,318.0900,193.1200,1.799171
FILLER_67_676,VPWR,li1,317.1700,193.1200,1.799171
FILLER_67_673,VPWR,li1,315.7900,193.1200,1.799172
FILLER_67_646,VPWR,li1,303.1400,193.1200,1.799175
FILLER_67_643,VPWR,li1,301.9900,193.1200,1.799176
FILLER_67_640,VPWR,li1,300.6100,193.1200,1.799177
FILLER_67_637,VPWR,li1,299.2300,193.1200,1.799177
FILLER_67_634,VPWR,li1,297.8500,193.1200,1.799178
FILLER_67_596,VPWR,li1,280.3700,193.1200,1.799195
FILLER_67_593,VPWR,li1,278.9900,193.1200,1.799195
FILLER_67_590,VPWR,li1,277.6100,193.1200,1.799198
FILLER_67_570,VPWR,li1,268.4100,193.1200,1.799215
FILLER_67_561,VPWR,li1,263.8100,193.1200,1.799225
FILLER_67_558,VPWR,li1,262.6600,193.1200,1.799229
FILLER_67_555,VPWR,li1,261.5100,193.1200,1.799233
FILLER_67_552,VPWR,li1,260.1300,193.1200,1.799233
FILLER_67_526,VPWR,li1,247.7100,193.1200,1.799267
FILLER_67_523,VPWR,li1,246.7900,193.1200,1.799273
FILLER_67_520,VPWR,li1,245.4100,193.1200,1.799273
FILLER_67_513,VPWR,li1,241.9600,193.1200,1.799284
FILLER_67_502,VPWR,li1,236.9000,193.1200,1.799307
FILLER_67_429,VPWR,li1,203.5500,193.1200,1.799533
FILLER_67_403,VPWR,li1,191.1300,193.1200,1.799669
FILLER_67_385,VPWR,li1,182.8500,193.1200,1.799763
FILLER_67_377,VPWR,li1,179.4000,193.1200,1.799801
FILLER_67_366,VPWR,li1,174.1100,193.1200,1.799813
FILLER_67_352,VPWR,li1,168.1300,193.1200,1.799789
FILLER_67_337,VPWR,li1,161.2300,193.1200,1.799753
FILLER_67_281,VPWR,li1,135.4700,193.1200,1.799663
FILLER_67_270,VPWR,li1,130.1800,193.1200,1.799649
FILLER_67_267,VPWR,li1,129.0300,193.1200,1.799649
FILLER_67_225,VPWR,li1,109.2500,193.1200,1.799613
FILLER_67_206,VPWR,li1,100.7400,193.1200,1.799602
FILLER_67_194,VPWR,li1,94.9900,193.1200,1.799606
FILLER_67_157,VPWR,li1,78.2000,193.1200,1.799657
FILLER_67_109,VPWR,li1,56.3500,193.1200,1.799752
FILLER_67_106,VPWR,li1,54.9700,193.1200,1.799752
FILLER_67_103,VPWR,li1,53.5900,193.1200,1.799766
FILLER_67_100,VPWR,li1,52.2100,193.1200,1.799766
FILLER_67_97,VPWR,li1,50.8300,193.1200,1.799780
FILLER_67_94,VPWR,li1,49.4500,193.1200,1.799780
FILLER_67_91,VPWR,li1,48.0700,193.1200,1.799796
FILLER_67_88,VPWR,li1,46.6900,193.1200,1.799796
FILLER_67_71,VPWR,li1,38.6400,193.1200,1.799837
FILLER_67_60,VPWR,li1,33.8100,193.1200,1.799867
FILLER_67_57,VPWR,li1,32.4300,193.1200,1.799878
FILLER_67_54,VPWR,li1,30.8200,193.1200,1.799878
FILLER_67_51,VPWR,li1,29.6700,193.1200,1.799892
FILLER_67_48,VPWR,li1,28.2900,193.1200,1.799892
FILLER_67_30,VPWR,li1,19.5500,193.1200,1.799925
FILLER_67_27,VPWR,li1,18.6300,193.1200,1.799922
FILLER_67_24,VPWR,li1,17.2500,193.1200,1.799922
FILLER_67_6,VPWR,li1,8.5100,193.1200,1.799916
FILLER_67_3,VPWR,li1,7.5900,193.1200,1.799916
FILLER_66_687,VPWR,li1,321.7700,193.1200,1.799171
FILLER_66_684,VPWR,li1,320.8500,193.1200,1.799171
FILLER_66_681,VPWR,li1,319.4700,193.1200,1.799171
FILLER_66_678,VPWR,li1,318.0900,193.1200,1.799171
FILLER_66_675,VPWR,li1,316.7100,193.1200,1.799171
FILLER_66_672,VPWR,li1,315.3300,193.1200,1.799172
FILLER_66_662,VPWR,li1,310.5000,193.1200,1.799172
FILLER_66_642,VPWR,li1,301.3000,193.1200,1.799176
FILLER_66_631,VPWR,li1,296.4700,193.1200,1.799178
FILLER_66_621,VPWR,li1,291.6400,193.1200,1.799180
FILLER_66_610,VPWR,li1,286.8100,193.1200,1.799184
FILLER_66_607,VPWR,li1,285.4300,193.1200,1.799187
FILLER_66_604,VPWR,li1,284.0500,193.1200,1.799187
FILLER_66_601,VPWR,li1,282.6700,193.1200,1.799192
FILLER_66_598,VPWR,li1,281.2900,193.1200,1.799192
FILLER_66_595,VPWR,li1,279.9100,193.1200,1.799195
FILLER_66_592,VPWR,li1,278.5300,193.1200,1.799198
FILLER_66_589,VPWR,li1,277.1500,193.1200,1.799198
FILLER_66_585,VPWR,li1,275.3100,193.1200,1.799201
FILLER_66_553,VPWR,li1,260.1300,193.1200,1.799233
FILLER_66_550,VPWR,li1,259.2100,193.1200,1.799239
FILLER_66_547,VPWR,li1,257.8300,193.1200,1.799239
FILLER_66_544,VPWR,li1,256.4500,193.1200,1.799245
FILLER_66_541,VPWR,li1,255.0700,193.1200,1.799245
FILLER_66_530,VPWR,li1,249.7800,193.1200,1.799259
FILLER_66_527,VPWR,li1,248.6300,193.1200,1.799267
FILLER_66_524,VPWR,li1,247.2500,193.1200,1.799267
FILLER_66_510,VPWR,li1,240.5800,193.1200,1.799293
FILLER_66_507,VPWR,li1,239.4300,193.1200,1.799293
FILLER_66_504,VPWR,li1,238.0500,193.1200,1.799299
FILLER_66_486,VPWR,li1,229.3100,193.1200,1.799332
FILLER_66_477,VPWR,li1,225.1700,193.1200,1.799355
FILLER_66_475,VPWR,li1,224.2500,193.1200,1.799365
FILLER_66_432,VPWR,li1,204.9300,193.1200,1.799533
FILLER_66_429,VPWR,li1,203.5500,193.1200,1.799533
FILLER_66_388,VPWR,li1,184.6900,193.1200,1.799727
FILLER_66_358,VPWR,li1,170.4300,193.1200,1.799801
FILLER_66_317,VPWR,li1,152.0300,193.1200,1.799718
FILLER_66_301,VPWR,li1,144.2100,193.1200,1.799691
FILLER_66_265,VPWR,li1,127.6500,193.1200,1.799643
FILLER_66_262,VPWR,li1,126.7300,193.1200,1.799643
FILLER_66_253,VPWR,li1,122.1300,193.1200,1.799632
FILLER_66_239,VPWR,li1,115.6900,193.1200,1.799622
FILLER_66_203,VPWR,li1,99.1300,193.1200,1.799602
FILLER_66_200,VPWR,li1,98.2100,193.1200,1.799600
FILLER_66_197,VPWR,li1,96.8300,193.1200,1.799600
FILLER_66_195,VPWR,li1,95.4500,193.1200,1.799606
FILLER_66_192,VPWR,li1,94.5300,193.1200,1.799606
FILLER_66_189,VPWR,li1,93.1500,193.1200,1.799612
FILLER_66_186,VPWR,li1,91.7700,193.1200,1.799612
FILLER_66_141,VPWR,li1,70.8400,193.1200,1.799687
FILLER_66_139,VPWR,li1,69.6900,193.1200,1.799687
FILLER_66_113,VPWR,li1,57.7300,193.1200,1.799741
FILLER_66_103,VPWR,li1,53.3600,193.1200,1.799766
FILLER_66_100,VPWR,li1,52.2100,193.1200,1.799766
FILLER_66_85,VPWR,li1,44.8500,193.1200,1.799811
FILLER_66_81,VPWR,li1,43.4700,193.1200,1.799811
FILLER_66_78,VPWR,li1,42.0900,193.1200,1.799825
FILLER_66_61,VPWR,li1,34.0400,193.1200,1.799867
FILLER_66_58,VPWR,li1,32.8900,193.1200,1.799867
FILLER_66_55,VPWR,li1,31.5100,193.1200,1.799878
FILLER_65_676,VPWR,li1,316.9400,187.6800,1.798561
FILLER_65_673,VPWR,li1,315.7900,187.6800,1.798562
FILLER_65_671,VPWR,li1,314.4100,187.6800,1.798563
FILLER_65_668,VPWR,li1,313.4900,187.6800,1.798563
FILLER_65_642,VPWR,li1,301.3000,187.6800,1.798595
FILLER_65_615,VPWR,li1,288.6500,187.6800,1.798657
FILLER_65_603,VPWR,li1,283.1300,187.6800,1.798685
FILLER_65_594,VPWR,li1,279.2200,187.6800,1.798718
FILLER_65_591,VPWR,li1,278.0700,187.6800,1.798736
FILLER_65_588,VPWR,li1,276.6900,187.6800,1.798752
FILLER_65_585,VPWR,li1,275.3100,187.6800,1.798752
FILLER_65_576,VPWR,li1,270.7100,187.6800,1.798792
FILLER_65_573,VPWR,li1,269.7900,187.6800,1.798812
FILLER_65_570,VPWR,li1,268.4100,187.6800,1.798812
FILLER_65_567,VPWR,li1,266.5700,187.6800,1.798828
FILLER_65_564,VPWR,li1,265.6500,187.6800,1.798848
FILLER_65_561,VPWR,li1,264.2700,187.6800,1.798848
FILLER_65_557,VPWR,li1,262.4300,187.6800,1.798864
FILLER_65_542,VPWR,li1,255.0700,187.6800,1.798931
FILLER_65_525,VPWR,li1,247.4800,187.6800,1.799014
FILLER_65_522,VPWR,li1,246.3300,187.6800,1.799014
FILLER_65_514,VPWR,li1,242.6500,187.6800,1.799058
FILLER_65_511,VPWR,li1,241.2700,187.6800,1.799076
FILLER_65_508,VPWR,li1,239.8900,187.6800,1.799076
FILLER_65_505,VPWR,li1,238.5100,187.6800,1.799105
FILLER_65_502,VPWR,li1,236.9000,187.6800,1.799105
FILLER_65_483,VPWR,li1,228.3900,187.6800,1.799190
FILLER_65_475,VPWR,li1,224.4800,187.6800,1.799234
FILLER_65_398,VPWR,li1,188.8300,187.6800,1.799658
FILLER_65_390,VPWR,li1,185.3800,187.6800,1.799687
FILLER_65_373,VPWR,li1,177.3300,187.6800,1.799799
FILLER_65_370,VPWR,li1,176.4100,187.6800,1.799799
FILLER_65_362,VPWR,li1,172.7300,187.6800,1.799815
FILLER_65_337,VPWR,li1,160.7700,187.6800,1.799766
FILLER_65_323,VPWR,li1,154.3300,187.6800,1.799743
FILLER_65_314,VPWR,li1,150.1900,187.6800,1.799729
FILLER_65_281,VPWR,li1,135.2400,187.6800,1.799698
FILLER_65_279,VPWR,li1,134.0900,187.6800,1.799695
FILLER_65_276,VPWR,li1,133.1700,187.6800,1.799695
FILLER_65_254,VPWR,li1,122.8200,187.6800,1.799681
FILLER_65_251,VPWR,li1,121.6700,187.6800,1.799681
FILLER_65_225,VPWR,li1,109.2500,187.6800,1.799674
FILLER_65_205,VPWR,li1,100.2800,187.6800,1.799675
FILLER_65_186,VPWR,li1,91.7700,187.6800,1.799684
FILLER_65_183,VPWR,li1,90.3900,187.6800,1.799687
FILLER_65_167,VPWR,li1,82.5700,187.6800,1.799697
FILLER_65_116,VPWR,li1,59.5700,187.6800,1.799738
FILLER_65_113,VPWR,li1,58.1900,187.6800,1.799744
FILLER_65_111,VPWR,li1,56.8100,187.6800,1.799744
FILLER_65_93,VPWR,li1,48.5300,187.6800,1.799770
FILLER_65_90,VPWR,li1,47.6100,187.6800,1.799770
FILLER_65_60,VPWR,li1,33.3500,187.6800,1.799843
FILLER_65_57,VPWR,li1,32.4300,187.6800,1.799856
FILLER_65_54,VPWR,li1,30.8200,187.6800,1.799871
FILLER_65_51,VPWR,li1,29.6700,187.6800,1.799871
FILLER_65_48,VPWR,li1,28.2900,187.6800,1.799886
FILLER_65_45,VPWR,li1,26.9100,187.6800,1.799886
FILLER_65_42,VPWR,li1,25.5300,187.6800,1.799898
FILLER_65_6,VPWR,li1,8.5100,187.6800,1.799921
FILLER_65_3,VPWR,li1,7.5900,187.6800,1.799921
FILLER_64_676,VPWR,li1,316.9400,187.6800,1.798561
FILLER_64_668,VPWR,li1,313.2600,187.6800,1.798563
FILLER_64_648,VPWR,li1,304.2900,187.6800,1.798585
FILLER_64_645,VPWR,li1,302.9100,187.6800,1.798595
FILLER_64_642,VPWR,li1,301.3000,187.6800,1.798595
FILLER_64_639,VPWR,li1,300.1500,187.6800,1.798604
FILLER_64_611,VPWR,li1,287.2700,187.6800,1.798657
FILLER_64_595,VPWR,li1,279.9100,187.6800,1.798718
FILLER_64_592,VPWR,li1,278.5300,187.6800,1.798736
FILLER_64_589,VPWR,li1,277.1500,187.6800,1.798736
FILLER_64_585,VPWR,li1,275.3100,187.6800,1.798752
FILLER_64_557,VPWR,li1,262.4300,187.6800,1.798864
FILLER_64_533,VPWR,li1,250.9300,187.6800,1.798974
FILLER_64_515,VPWR,li1,242.6500,187.6800,1.799058
FILLER_64_512,VPWR,li1,241.7300,187.6800,1.799058
FILLER_64_477,VPWR,li1,225.1700,187.6800,1.799234
FILLER_64_474,VPWR,li1,224.0200,187.6800,1.799234
FILLER_64_447,VPWR,li1,211.6000,187.6800,1.799366
FILLER_64_438,VPWR,li1,207.2300,187.6800,1.799427
FILLER_64_435,VPWR,li1,206.3100,187.6800,1.799427
FILLER_64_399,VPWR,li1,189.7500,187.6800,1.799630
FILLER_64_378,VPWR,li1,179.6300,187.6800,1.799760
FILLER_64_370,VPWR,li1,175.9500,187.6800,1.799823
FILLER_64_353,VPWR,li1,168.3600,187.6800,1.799796
FILLER_64_334,VPWR,li1,159.6200,187.6800,1.799759
FILLER_64_323,VPWR,li1,154.5600,187.6800,1.799743
FILLER_64_282,VPWR,li1,135.4700,187.6800,1.799698
FILLER_64_279,VPWR,li1,134.5500,187.6800,1.799695
FILLER_64_276,VPWR,li1,133.1700,187.6800,1.799695
FILLER_64_273,VPWR,li1,131.7900,187.6800,1.799692
FILLER_64_266,VPWR,li1,128.1100,187.6800,1.799688
FILLER_64_256,VPWR,li1,123.5100,187.6800,1.799683
FILLER_64_253,VPWR,li1,122.5900,187.6800,1.799681
FILLER_64_251,VPWR,li1,121.2100,187.6800,1.799681
FILLER_64_242,VPWR,li1,117.0700,187.6800,1.799676
FILLER_64_234,VPWR,li1,113.6200,187.6800,1.799674
FILLER_64_214,VPWR,li1,104.4200,187.6800,1.799673
FILLER_64_195,VPWR,li1,95.4500,187.6800,1.799682
FILLER_64_192,VPWR,li1,94.5300,187.6800,1.799682
FILLER_64_189,VPWR,li1,93.1500,187.6800,1.799684
FILLER_64_186,VPWR,li1,91.7700,187.6800,1.799684
FILLER_64_183,VPWR,li1,90.3900,187.6800,1.799687
FILLER_64_180,VPWR,li1,89.0100,187.6800,1.799687
FILLER_64_165,VPWR,li1,81.6500,187.6800,1.799697
FILLER_64_162,VPWR,li1,80.7300,187.6800,1.799701
FILLER_64_159,VPWR,li1,79.3500,187.6800,1.799701
FILLER_64_156,VPWR,li1,77.9700,187.6800,1.799705
FILLER_64_153,VPWR,li1,76.5900,187.6800,1.799705
FILLER_64_150,VPWR,li1,75.2100,187.6800,1.799709
FILLER_64_147,VPWR,li1,73.8300,187.6800,1.799709
FILLER_64_137,VPWR,li1,69.2300,187.6800,1.799718
FILLER_64_128,VPWR,li1,64.6300,187.6800,1.799727
FILLER_64_85,VPWR,li1,45.0800,187.6800,1.799777
FILLER_64_83,VPWR,li1,43.9300,187.6800,1.799783
FILLER_64_80,VPWR,li1,43.0100,187.6800,1.799783
FILLER_64_62,VPWR,li1,34.2700,187.6800,1.799843
FILLER_64_59,VPWR,li1,33.3500,187.6800,1.799843
FILLER_64_56,VPWR,li1,31.9700,187.6800,1.799856
FILLER_64_53,VPWR,li1,30.5900,187.6800,1.799871
FILLER_64_50,VPWR,li1,29.2100,187.6800,1.799871
FILLER_64_47,VPWR,li1,27.8300,187.6800,1.799886
FILLER_64_44,VPWR,li1,26.4500,187.6800,1.799898
FILLER_64_41,VPWR,li1,25.0700,187.6800,1.799898
FILLER_64_18,VPWR,li1,14.2600,187.6800,1.799923
FILLER_64_9,VPWR,li1,9.8900,187.6800,1.799921
FILLER_64_6,VPWR,li1,8.9700,187.6800,1.799921
FILLER_64_3,VPWR,li1,7.5900,187.6800,1.799921
FILLER_63_685,VPWR,li1,321.3100,182.2400,1.798656
FILLER_63_682,VPWR,li1,319.9300,182.2400,1.798656
FILLER_63_679,VPWR,li1,318.5500,182.2400,1.798656
FILLER_63_671,VPWR,li1,314.4100,182.2400,1.798657
FILLER_63_668,VPWR,li1,313.4900,182.2400,1.798658
FILLER_63_648,VPWR,li1,304.2900,182.2400,1.798665
FILLER_63_645,VPWR,li1,302.9100,182.2400,1.798667
FILLER_63_642,VPWR,li1,301.5300,182.2400,1.798669
FILLER_63_639,VPWR,li1,300.1500,182.2400,1.798669
FILLER_63_621,VPWR,li1,291.4100,182.2400,1.798683
FILLER_63_613,VPWR,li1,288.1900,182.2400,1.798688
FILLER_63_602,VPWR,li1,283.1300,182.2400,1.798700
FILLER_63_575,VPWR,li1,270.4800,182.2400,1.798733
FILLER_63_572,VPWR,li1,269.3300,182.2400,1.798733
FILLER_63_549,VPWR,li1,258.5200,182.2400,1.798779
FILLER_63_539,VPWR,li1,253.6900,182.2400,1.798811
FILLER_63_521,VPWR,li1,245.4100,182.2400,1.798880
FILLER_63_486,VPWR,li1,229.3100,182.2400,1.798998
FILLER_63_460,VPWR,li1,217.8100,182.2400,1.799103
FILLER_63_449,VPWR,li1,212.5200,182.2400,1.799173
FILLER_63_438,VPWR,li1,207.4600,182.2400,1.799242
FILLER_63_432,VPWR,li1,204.7000,182.2400,1.799264
FILLER_63_422,VPWR,li1,199.8700,182.2400,1.799333
FILLER_63_393,VPWR,li1,186.7600,182.2400,1.799525
FILLER_63_362,VPWR,li1,172.2700,182.2400,1.799701
FILLER_63_346,VPWR,li1,165.1400,182.2400,1.799631
FILLER_63_337,VPWR,li1,160.7700,182.2400,1.799585
FILLER_63_322,VPWR,li1,153.8700,182.2400,1.799513
FILLER_63_308,VPWR,li1,147.6600,182.2400,1.799475
FILLER_63_281,VPWR,li1,135.4700,182.2400,1.799407
FILLER_63_277,VPWR,li1,133.6300,182.2400,1.799401
FILLER_63_232,VPWR,li1,112.9300,182.2400,1.799367
FILLER_63_223,VPWR,li1,108.3300,182.2400,1.799373
FILLER_63_220,VPWR,li1,107.4100,182.2400,1.799373
FILLER_63_184,VPWR,li1,90.6200,182.2400,1.799403
FILLER_63_181,VPWR,li1,89.4700,182.2400,1.799403
FILLER_63_178,VPWR,li1,88.0900,182.2400,1.799409
FILLER_63_175,VPWR,li1,86.7100,182.2400,1.799409
FILLER_63_159,VPWR,li1,78.8900,182.2400,1.799426
FILLER_63_156,VPWR,li1,77.9700,182.2400,1.799431
FILLER_63_153,VPWR,li1,76.5900,182.2400,1.799431
FILLER_63_133,VPWR,li1,66.9300,182.2400,1.799463
FILLER_63_130,VPWR,li1,66.0100,182.2400,1.799476
FILLER_63_127,VPWR,li1,64.6300,182.2400,1.799476
FILLER_63_124,VPWR,li1,63.2500,182.2400,1.799493
FILLER_63_121,VPWR,li1,61.8700,182.2400,1.799493
FILLER_63_60,VPWR,li1,33.5800,182.2400,1.799731
FILLER_63_57,VPWR,li1,32.4300,182.2400,1.799759
FILLER_63_55,VPWR,li1,31.0500,182.2400,1.799759
FILLER_63_44,VPWR,li1,26.4500,182.2400,1.799811
FILLER_63_41,VPWR,li1,25.0700,182.2400,1.799843
FILLER_63_38,VPWR,li1,23.6900,182.2400,1.799843
FILLER_63_35,VPWR,li1,22.3100,182.2400,1.799879
FILLER_63_25,VPWR,li1,17.4800,182.2400,1.799877
FILLER_63_3,VPWR,li1,7.3600,182.2400,1.799875
FILLER_62_679,VPWR,li1,318.0900,182.2400,1.798656
FILLER_62_674,VPWR,li1,315.7900,182.2400,1.798657
FILLER_62_659,VPWR,li1,309.3500,182.2400,1.798660
FILLER_62_648,VPWR,li1,304.2900,182.2400,1.798665
FILLER_62_645,VPWR,li1,302.9100,182.2400,1.798667
FILLER_62_641,VPWR,li1,301.0700,182.2400,1.798669
FILLER_62_638,VPWR,li1,299.6900,182.2400,1.798671
FILLER_62_635,VPWR,li1,298.3100,182.2400,1.798671
FILLER_62_616,VPWR,li1,289.3400,182.2400,1.798688
FILLER_62_604,VPWR,li1,283.5900,182.2400,1.798700
FILLER_62_589,VPWR,li1,276.9200,182.2400,1.798712
FILLER_62_587,VPWR,li1,275.7700,182.2400,1.798716
FILLER_62_567,VPWR,li1,266.5700,182.2400,1.798747
FILLER_62_564,VPWR,li1,265.6500,182.2400,1.798747
FILLER_62_533,VPWR,li1,251.3900,182.2400,1.798834
FILLER_62_512,VPWR,li1,241.7300,182.2400,1.798900
FILLER_62_493,VPWR,li1,232.5300,182.2400,1.798971
FILLER_62_475,VPWR,li1,224.2500,182.2400,1.799050
FILLER_62_419,VPWR,li1,198.4900,182.2400,1.799357
FILLER_62_391,VPWR,li1,185.8400,182.2400,1.799525
FILLER_62_380,VPWR,li1,181.0100,182.2400,1.799607
FILLER_62_362,VPWR,li1,172.5000,182.2400,1.799701
FILLER_62_309,VPWR,li1,147.8900,182.2400,1.799475
FILLER_62_283,VPWR,li1,135.9300,182.2400,1.799407
FILLER_62_280,VPWR,li1,135.0100,182.2400,1.799407
FILLER_62_253,VPWR,li1,122.1300,182.2400,1.799369
FILLER_62_251,VPWR,li1,121.2100,182.2400,1.799369
FILLER_62_230,VPWR,li1,111.7800,182.2400,1.799370
FILLER_62_212,VPWR,li1,103.2700,182.2400,1.799379
FILLER_62_209,VPWR,li1,102.3500,182.2400,1.799382
FILLER_62_206,VPWR,li1,100.9700,182.2400,1.799382
FILLER_62_195,VPWR,li1,95.4500,182.2400,1.799393
FILLER_62_192,VPWR,li1,94.5300,182.2400,1.799393
FILLER_62_183,VPWR,li1,89.9300,182.2400,1.799403
FILLER_62_165,VPWR,li1,81.8800,182.2400,1.799422
FILLER_62_162,VPWR,li1,80.7300,182.2400,1.799422
FILLER_62_152,VPWR,li1,75.6700,182.2400,1.799437
FILLER_62_149,VPWR,li1,74.7500,182.2400,1.799437
FILLER_62_130,VPWR,li1,66.0100,182.2400,1.799476
FILLER_62_127,VPWR,li1,64.6300,182.2400,1.799476
FILLER_62_124,VPWR,li1,63.2500,182.2400,1.799493
FILLER_62_88,VPWR,li1,46.6900,182.2400,1.799590
FILLER_62_85,VPWR,li1,45.3100,182.2400,1.799619
FILLER_62_83,VPWR,li1,43.9300,182.2400,1.799619
FILLER_62_73,VPWR,li1,39.5600,182.2400,1.799665
FILLER_62_63,VPWR,li1,34.9600,182.2400,1.799731
FILLER_62_60,VPWR,li1,33.8100,182.2400,1.799731
FILLER_62_57,VPWR,li1,32.4300,182.2400,1.799759
FILLER_62_54,VPWR,li1,31.0500,182.2400,1.799759
FILLER_62_27,VPWR,li1,18.1700,182.2400,1.799878
FILLER_62_17,VPWR,li1,13.8000,182.2400,1.799876
FILLER_62_14,VPWR,li1,12.6500,182.2400,1.799875
FILLER_62_11,VPWR,li1,11.2700,182.2400,1.799875
FILLER_62_6,VPWR,li1,8.5100,182.2400,1.799875
FILLER_62_3,VPWR,li1,7.5900,182.2400,1.799875
FILLER_61_687,VPWR,li1,321.7700,176.8000,1.799319
FILLER_61_684,VPWR,li1,320.8500,176.8000,1.799319
FILLER_61_681,VPWR,li1,319.4700,176.8000,1.799319
FILLER_61_669,VPWR,li1,313.9500,176.8000,1.799321
FILLER_61_652,VPWR,li1,305.6700,176.8000,1.799328
FILLER_61_649,VPWR,li1,304.7500,176.8000,1.799328
FILLER_61_646,VPWR,li1,303.3700,176.8000,1.799330
FILLER_61_643,VPWR,li1,301.9900,176.8000,1.799332
FILLER_61_640,VPWR,li1,300.6100,176.8000,1.799332
FILLER_61_637,VPWR,li1,299.2300,176.8000,1.799335
FILLER_61_634,VPWR,li1,297.8500,176.8000,1.799335
FILLER_61_631,VPWR,li1,296.4700,176.8000,1.799337
FILLER_61_628,VPWR,li1,295.0900,176.8000,1.799337
FILLER_61_617,VPWR,li1,290.0300,176.8000,1.799343
FILLER_61_606,VPWR,li1,284.7400,176.8000,1.799349
FILLER_61_561,VPWR,li1,264.0400,176.8000,1.799391
FILLER_61_559,VPWR,li1,262.8900,176.8000,1.799395
FILLER_61_556,VPWR,li1,261.9700,176.8000,1.799395
FILLER_61_501,VPWR,li1,236.6700,176.8000,1.799479
FILLER_61_465,VPWR,li1,220.1100,176.8000,1.799563
FILLER_61_447,VPWR,li1,211.3700,176.8000,1.799622
FILLER_61_432,VPWR,li1,204.9300,176.8000,1.799654
FILLER_61_423,VPWR,li1,200.3300,176.8000,1.799689
FILLER_61_391,VPWR,li1,185.6100,176.8000,1.799790
FILLER_61_388,VPWR,li1,184.6900,176.8000,1.799790
FILLER_61_284,VPWR,li1,136.6200,176.8000,1.799732
FILLER_61_281,VPWR,li1,135.4700,176.8000,1.799729
FILLER_61_278,VPWR,li1,133.8600,176.8000,1.799726
FILLER_61_275,VPWR,li1,132.7100,176.8000,1.799726
FILLER_61_257,VPWR,li1,123.9700,176.8000,1.799718
FILLER_61_254,VPWR,li1,123.0500,176.8000,1.799717
FILLER_61_251,VPWR,li1,121.6700,176.8000,1.799717
FILLER_61_229,VPWR,li1,111.5500,176.8000,1.799724
FILLER_61_223,VPWR,li1,108.3300,176.8000,1.799727
FILLER_61_210,VPWR,li1,102.3500,176.8000,1.799734
FILLER_61_207,VPWR,li1,101.4300,176.8000,1.799737
FILLER_61_204,VPWR,li1,100.0500,176.8000,1.799737
FILLER_61_186,VPWR,li1,91.5400,176.8000,1.799749
FILLER_61_149,VPWR,li1,74.7500,176.8000,1.799782
FILLER_61_146,VPWR,li1,73.3700,176.8000,1.799788
FILLER_61_113,VPWR,li1,57.9600,176.8000,1.799831
FILLER_61_110,VPWR,li1,56.5800,176.8000,1.799838
FILLER_61_105,VPWR,li1,54.0500,176.8000,1.799844
FILLER_61_86,VPWR,li1,45.7700,176.8000,1.799875
FILLER_61_83,VPWR,li1,44.3900,176.8000,1.799875
FILLER_61_73,VPWR,li1,39.5600,176.8000,1.799893
FILLER_61_63,VPWR,li1,34.9600,176.8000,1.799911
FILLER_61_60,VPWR,li1,33.8100,176.8000,1.799911
FILLER_61_57,VPWR,li1,32.4300,176.8000,1.799918
FILLER_60_685,VPWR,li1,321.3100,176.8000,1.799319
FILLER_60_661,VPWR,li1,310.2700,176.8000,1.799323
FILLER_60_651,VPWR,li1,305.2100,176.8000,1.799328
FILLER_60_648,VPWR,li1,304.2900,176.8000,1.799330
FILLER_60_645,VPWR,li1,302.9100,176.8000,1.799330
FILLER_60_643,VPWR,li1,301.5300,176.8000,1.799332
FILLER_60_640,VPWR,li1,300.6100,176.8000,1.799332
FILLER_60_637,VPWR,li1,299.2300,176.8000,1.799335
FILLER_60_634,VPWR,li1,297.8500,176.8000,1.799335
FILLER_60_607,VPWR,li1,285.2000,176.8000,1.799349
FILLER_60_604,VPWR,li1,284.0500,176.8000,1.799353
FILLER_60_601,VPWR,li1,282.6700,176.8000,1.799353
FILLER_60_598,VPWR,li1,281.2900,176.8000,1.799356
FILLER_60_595,VPWR,li1,279.9100,176.8000,1.799360
FILLER_60_592,VPWR,li1,278.5300,176.8000,1.799360
FILLER_60_589,VPWR,li1,277.1500,176.8000,1.799365
FILLER_60_531,VPWR,li1,250.0100,176.8000,1.799426
FILLER_60_522,VPWR,li1,245.8700,176.8000,1.799439
FILLER_60_519,VPWR,li1,244.9500,176.8000,1.799447
FILLER_60_516,VPWR,li1,243.5700,176.8000,1.799447
FILLER_60_465,VPWR,li1,219.6500,176.8000,1.799563
FILLER_60_437,VPWR,li1,207.2300,176.8000,1.799638
FILLER_60_411,VPWR,li1,194.8100,176.8000,1.799716
FILLER_60_378,VPWR,li1,179.8600,176.8000,1.799825
FILLER_60_375,VPWR,li1,178.7100,176.8000,1.799844
FILLER_60_317,VPWR,li1,151.5700,176.8000,1.799763
FILLER_60_280,VPWR,li1,135.0100,176.8000,1.799729
FILLER_60_253,VPWR,li1,122.3600,176.8000,1.799717
FILLER_60_242,VPWR,li1,117.0700,176.8000,1.799719
FILLER_60_239,VPWR,li1,116.1500,176.8000,1.799719
FILLER_60_236,VPWR,li1,114.7700,176.8000,1.799722
FILLER_60_204,VPWR,li1,100.0500,176.8000,1.799737
FILLER_60_187,VPWR,li1,91.7700,176.8000,1.799749
FILLER_60_150,VPWR,li1,74.9800,176.8000,1.799782
FILLER_60_114,VPWR,li1,58.4200,176.8000,1.799831
FILLER_60_111,VPWR,li1,57.2700,176.8000,1.799838
FILLER_60_108,VPWR,li1,55.8900,176.8000,1.799838
FILLER_60_88,VPWR,li1,46.6900,176.8000,1.799868
FILLER_60_85,VPWR,li1,45.3100,176.8000,1.799875
FILLER_60_68,VPWR,li1,37.0300,176.8000,1.799900
FILLER_60_59,VPWR,li1,32.8900,176.8000,1.799918
FILLER_60_56,VPWR,li1,31.9700,176.8000,1.799918
FILLER_60_29,VPWR,li1,19.0900,176.8000,1.799944
FILLER_60_6,VPWR,li1,8.5100,176.8000,1.799940
FILLER_60_3,VPWR,li1,7.5900,176.8000,1.799940
FILLER_59_685,VPWR,li1,321.3100,171.3600,1.799054
FILLER_59_682,VPWR,li1,319.9300,171.3600,1.799054
FILLER_59_645,VPWR,li1,302.4500,171.3600,1.799068
FILLER_59_634,VPWR,li1,297.8500,171.3600,1.799076
FILLER_59_591,VPWR,li1,277.6100,171.3600,1.799117
FILLER_59_564,VPWR,li1,265.4200,171.3600,1.799157
FILLER_59_561,VPWR,li1,264.2700,171.3600,1.799157
FILLER_59_557,VPWR,li1,262.4300,171.3600,1.799165
FILLER_59_531,VPWR,li1,250.4700,171.3600,1.799211
FILLER_59_520,VPWR,li1,245.4100,171.3600,1.799237
FILLER_59_517,VPWR,li1,244.0300,171.3600,1.799237
FILLER_59_514,VPWR,li1,242.6500,171.3600,1.799249
FILLER_59_511,VPWR,li1,241.2700,171.3600,1.799249
FILLER_59_501,VPWR,li1,236.6700,171.3600,1.799269
FILLER_59_490,VPWR,li1,231.6100,171.3600,1.799293
FILLER_59_443,VPWR,li1,209.5300,171.3600,1.799433
FILLER_59_374,VPWR,li1,177.7900,171.3600,1.799704
FILLER_59_337,VPWR,li1,161.2300,171.3600,1.799629
FILLER_59_316,VPWR,li1,151.5700,171.3600,1.799617
FILLER_59_278,VPWR,li1,133.8600,171.3600,1.799603
FILLER_59_275,VPWR,li1,132.7100,171.3600,1.799603
FILLER_59_272,VPWR,li1,131.3300,171.3600,1.799603
FILLER_59_252,VPWR,li1,122.1300,171.3600,1.799607
FILLER_59_241,VPWR,li1,117.0700,171.3600,1.799611
FILLER_59_195,VPWR,li1,95.9100,171.3600,1.799639
FILLER_59_151,VPWR,li1,75.2100,171.3600,1.799695
FILLER_59_148,VPWR,li1,74.2900,171.3600,1.799695
FILLER_59_121,VPWR,li1,61.6400,171.3600,1.799740
FILLER_59_76,VPWR,li1,41.1700,171.3600,1.799838
FILLER_59_73,VPWR,li1,39.7900,171.3600,1.799838
FILLER_59_55,VPWR,li1,31.0500,171.3600,1.799883
FILLER_59_11,VPWR,li1,11.2700,171.3600,1.799929
FILLER_58_687,VPWR,li1,321.7700,171.3600,1.799054
FILLER_58_684,VPWR,li1,320.8500,171.3600,1.799054
FILLER_58_681,VPWR,li1,319.4700,171.3600,1.799054
FILLER_58_653,VPWR,li1,306.3600,171.3600,1.799062
FILLER_58_626,VPWR,li1,294.1700,171.3600,1.799081
FILLER_58_589,VPWR,li1,276.9200,171.3600,1.799123
FILLER_58_585,VPWR,li1,275.3100,171.3600,1.799123
FILLER_58_575,VPWR,li1,270.4800,171.3600,1.799140
FILLER_58_572,VPWR,li1,269.3300,171.3600,1.799140
FILLER_58_569,VPWR,li1,267.9500,171.3600,1.799149
FILLER_58_566,VPWR,li1,266.5700,171.3600,1.799149
FILLER_58_547,VPWR,li1,257.6000,171.3600,1.799182
FILLER_58_524,VPWR,li1,246.7900,171.3600,1.799230
FILLER_58_521,VPWR,li1,245.8700,171.3600,1.799230
FILLER_58_518,VPWR,li1,244.4900,171.3600,1.799237
FILLER_58_443,VPWR,li1,209.5300,171.3600,1.799433
FILLER_58_417,VPWR,li1,198.0300,171.3600,1.799520
FILLER_58_365,VPWR,li1,173.8800,171.3600,1.799746
FILLER_58_331,VPWR,li1,158.0100,171.3600,1.799624
FILLER_58_328,VPWR,li1,157.0900,171.3600,1.799624
FILLER_58_317,VPWR,li1,151.5700,171.3600,1.799617
FILLER_58_266,VPWR,li1,128.1100,171.3600,1.799603
FILLER_58_256,VPWR,li1,123.7400,171.3600,1.799605
FILLER_58_253,VPWR,li1,122.5900,171.3600,1.799607
FILLER_58_251,VPWR,li1,121.2100,171.3600,1.799607
FILLER_58_248,VPWR,li1,120.2900,171.3600,1.799609
FILLER_58_245,VPWR,li1,118.9100,171.3600,1.799609
FILLER_58_235,VPWR,li1,114.0800,171.3600,1.799613
FILLER_58_209,VPWR,li1,101.8900,171.3600,1.799628
FILLER_58_206,VPWR,li1,100.9700,171.3600,1.799628
FILLER_58_203,VPWR,li1,99.5900,171.3600,1.799633
FILLER_58_200,VPWR,li1,98.2100,171.3600,1.799633
FILLER_58_197,VPWR,li1,96.8300,171.3600,1.799639
FILLER_58_195,VPWR,li1,95.4500,171.3600,1.799639
FILLER_58_192,VPWR,li1,94.5300,171.3600,1.799643
FILLER_58_174,VPWR,li1,85.7900,171.3600,1.799661
FILLER_58_112,VPWR,li1,57.7300,171.3600,1.799757
FILLER_58_85,VPWR,li1,45.0800,171.3600,1.799814
FILLER_58_82,VPWR,li1,43.7000,171.3600,1.799823
FILLER_58_79,VPWR,li1,42.5500,171.3600,1.799823
FILLER_58_45,VPWR,li1,26.4500,171.3600,1.799907
FILLER_58_35,VPWR,li1,22.0800,171.3600,1.799934
FILLER_58_11,VPWR,li1,10.8100,171.3600,1.799929
FILLER_57_686,VPWR,li1,321.5400,165.9200,1.799502
FILLER_57_683,VPWR,li1,320.3900,165.9200,1.799502
FILLER_57_653,VPWR,li1,306.3600,165.9200,1.799510
FILLER_57_644,VPWR,li1,301.9900,165.9200,1.799514
FILLER_57_641,VPWR,li1,301.0700,165.9200,1.799516
FILLER_57_638,VPWR,li1,299.6900,165.9200,1.799516
FILLER_57_635,VPWR,li1,298.3100,165.9200,1.799519
FILLER_57_632,VPWR,li1,296.9300,165.9200,1.799521
FILLER_57_629,VPWR,li1,295.5500,165.9200,1.799521
FILLER_57_626,VPWR,li1,294.1700,165.9200,1.799523
FILLER_57_623,VPWR,li1,292.7900,165.9200,1.799525
FILLER_57_620,VPWR,li1,291.4100,165.9200,1.799525
FILLER_57_617,VPWR,li1,290.0300,165.9200,1.799528
FILLER_57_614,VPWR,li1,288.4200,165.9200,1.799530
FILLER_57_611,VPWR,li1,287.2700,165.9200,1.799530
FILLER_57_592,VPWR,li1,278.3000,165.9200,1.799542
FILLER_57_589,VPWR,li1,277.1500,165.9200,1.799546
FILLER_57_586,VPWR,li1,275.7700,165.9200,1.799549
FILLER_57_583,VPWR,li1,274.3900,165.9200,1.799549
FILLER_57_574,VPWR,li1,269.7900,165.9200,1.799559
FILLER_57_571,VPWR,li1,268.8700,165.9200,1.799559
FILLER_57_561,VPWR,li1,264.0400,165.9200,1.799569
FILLER_57_549,VPWR,li1,258.5200,165.9200,1.799579
FILLER_57_539,VPWR,li1,253.9200,165.9200,1.799591
FILLER_57_528,VPWR,li1,249.0900,165.9200,1.799604
FILLER_57_525,VPWR,li1,247.7100,165.9200,1.799610
FILLER_57_522,VPWR,li1,246.3300,165.9200,1.799610
FILLER_57_501,VPWR,li1,236.6700,165.9200,1.799637
FILLER_57_445,VPWR,li1,210.9100,165.9200,1.799737
FILLER_57_401,VPWR,li1,190.2100,165.9200,1.799834
FILLER_57_371,VPWR,li1,176.8700,165.9200,1.799917
FILLER_57_334,VPWR,li1,159.6200,165.9200,1.799879
FILLER_57_315,VPWR,li1,150.6500,165.9200,1.799860
FILLER_57_245,VPWR,li1,118.9100,165.9200,1.799812
FILLER_57_242,VPWR,li1,117.5300,165.9200,1.799810
FILLER_57_221,VPWR,li1,107.8700,165.9200,1.799809
FILLER_57_204,VPWR,li1,99.5900,165.9200,1.799812
FILLER_57_201,VPWR,li1,98.6700,165.9200,1.799814
FILLER_57_198,VPWR,li1,97.2900,165.9200,1.799814
FILLER_57_195,VPWR,li1,95.9100,165.9200,1.799814
FILLER_57_186,VPWR,li1,91.3100,165.9200,1.799817
FILLER_57_183,VPWR,li1,90.3900,165.9200,1.799817
FILLER_57_175,VPWR,li1,86.4800,165.9200,1.799819
FILLER_57_157,VPWR,li1,78.4300,165.9200,1.799825
FILLER_57_154,VPWR,li1,77.0500,165.9200,1.799827
FILLER_57_151,VPWR,li1,75.6700,165.9200,1.799827
FILLER_57_148,VPWR,li1,74.2900,165.9200,1.799829
FILLER_57_145,VPWR,li1,72.9100,165.9200,1.799829
FILLER_57_142,VPWR,li1,71.5300,165.9200,1.799831
FILLER_57_139,VPWR,li1,70.1500,165.9200,1.799833
FILLER_57_136,VPWR,li1,68.7700,165.9200,1.799834
FILLER_57_133,VPWR,li1,67.3900,165.9200,1.799834
FILLER_57_130,VPWR,li1,66.0100,165.9200,1.799836
FILLER_57_100,VPWR,li1,52.2100,165.9200,1.799862
FILLER_57_89,VPWR,li1,46.9200,165.9200,1.799873
FILLER_57_86,VPWR,li1,45.7700,165.9200,1.799873
FILLER_57_83,VPWR,li1,44.3900,165.9200,1.799877
FILLER_57_57,VPWR,li1,31.9700,165.9200,1.799910
FILLER_57_55,VPWR,li1,31.0500,165.9200,1.799918
FILLER_57_3,VPWR,li1,7.1300,165.9200,1.799934
FILLER_56_685,VPWR,li1,321.3100,165.9200,1.799502
FILLER_56_665,VPWR,li1,312.1100,165.9200,1.799507
FILLER_56_662,VPWR,li1,310.7300,165.9200,1.799507
FILLER_56_651,VPWR,li1,305.2100,165.9200,1.799512
FILLER_56_648,VPWR,li1,304.2900,165.9200,1.799512
FILLER_56_645,VPWR,li1,302.9100,165.9200,1.799514
FILLER_56_641,VPWR,li1,301.0700,165.9200,1.799516
FILLER_56_634,VPWR,li1,297.3900,165.9200,1.799519
FILLER_56_631,VPWR,li1,296.4700,165.9200,1.799521
FILLER_56_625,VPWR,li1,293.4800,165.9200,1.799523
FILLER_56_605,VPWR,li1,284.2800,165.9200,1.799535
FILLER_56_602,VPWR,li1,283.1300,165.9200,1.799535
FILLER_56_592,VPWR,li1,278.3000,165.9200,1.799542
FILLER_56_589,VPWR,li1,277.1500,165.9200,1.799546
FILLER_56_586,VPWR,li1,275.5400,165.9200,1.799549
FILLER_56_583,VPWR,li1,274.3900,165.9200,1.799549
FILLER_56_580,VPWR,li1,273.0100,165.9200,1.799554
FILLER_56_577,VPWR,li1,271.6300,165.9200,1.799554
FILLER_56_574,VPWR,li1,270.2500,165.9200,1.799559
FILLER_56_571,VPWR,li1,268.8700,165.9200,1.799559
FILLER_56_544,VPWR,li1,256.2200,165.9200,1.799585
FILLER_56_533,VPWR,li1,251.1600,165.9200,1.799599
FILLER_56_530,VPWR,li1,249.7800,165.9200,1.799604
FILLER_56_527,VPWR,li1,248.6300,165.9200,1.799604
FILLER_56_493,VPWR,li1,232.5300,165.9200,1.799652
FILLER_56_374,VPWR,li1,178.2500,165.9200,1.799901
FILLER_56_365,VPWR,li1,173.6500,165.9200,1.799911
FILLER_56_354,VPWR,li1,169.0500,165.9200,1.799900
FILLER_56_283,VPWR,li1,135.9300,165.9200,1.799833
FILLER_56_209,VPWR,li1,102.3500,165.9200,1.799811
FILLER_56_206,VPWR,li1,100.9700,165.9200,1.799812
FILLER_56_203,VPWR,li1,99.5900,165.9200,1.799812
FILLER_56_200,VPWR,li1,98.2100,165.9200,1.799814
FILLER_56_197,VPWR,li1,96.8300,165.9200,1.799814
FILLER_56_194,VPWR,li1,95.2200,165.9200,1.799814
FILLER_56_187,VPWR,li1,91.7700,165.9200,1.799817
FILLER_56_184,VPWR,li1,90.8500,165.9200,1.799817
FILLER_56_141,VPWR,li1,71.0700,165.9200,1.799831
FILLER_56_137,VPWR,li1,69.2300,165.9200,1.799833
FILLER_56_134,VPWR,li1,67.8500,165.9200,1.799834
FILLER_56_100,VPWR,li1,51.9800,165.9200,1.799862
FILLER_56_97,VPWR,li1,50.8300,165.9200,1.799862
FILLER_56_94,VPWR,li1,49.4500,165.9200,1.799868
FILLER_56_91,VPWR,li1,48.0700,165.9200,1.799868
FILLER_56_88,VPWR,li1,46.6900,165.9200,1.799873
FILLER_56_85,VPWR,li1,45.3100,165.9200,1.799877
FILLER_56_82,VPWR,li1,43.7000,165.9200,1.799877
FILLER_56_56,VPWR,li1,31.7400,165.9200,1.799910
FILLER_56_46,VPWR,li1,27.1400,165.9200,1.799930
FILLER_55_686,VPWR,li1,321.5400,160.4800,1.799619
FILLER_55_673,VPWR,li1,315.3300,160.4800,1.799620
FILLER_55_669,VPWR,li1,313.9500,160.4800,1.799620
FILLER_55_652,VPWR,li1,305.6700,160.4800,1.799621
FILLER_55_643,VPWR,li1,301.5300,160.4800,1.799622
FILLER_55_640,VPWR,li1,300.6100,160.4800,1.799622
FILLER_55_637,VPWR,li1,299.2300,160.4800,1.799622
FILLER_55_629,VPWR,li1,295.0900,160.4800,1.799623
FILLER_55_620,VPWR,li1,291.1800,160.4800,1.799625
FILLER_55_617,VPWR,li1,290.0300,160.4800,1.799625
FILLER_55_613,VPWR,li1,288.1900,160.4800,1.799625
FILLER_55_602,VPWR,li1,283.1300,160.4800,1.799631
FILLER_55_599,VPWR,li1,281.7500,160.4800,1.799633
FILLER_55_596,VPWR,li1,280.3700,160.4800,1.799633
FILLER_55_593,VPWR,li1,278.9900,160.4800,1.799635
FILLER_55_590,VPWR,li1,277.6100,160.4800,1.799637
FILLER_55_587,VPWR,li1,276.2300,160.4800,1.799637
FILLER_55_576,VPWR,li1,271.1700,160.4800,1.799643
FILLER_55_573,VPWR,li1,269.7900,160.4800,1.799643
FILLER_55_570,VPWR,li1,268.4100,160.4800,1.799645
FILLER_55_523,VPWR,li1,246.5600,160.4800,1.799675
FILLER_55_446,VPWR,li1,211.1400,160.4800,1.799778
FILLER_55_420,VPWR,li1,199.1800,160.4800,1.799823
FILLER_55_401,VPWR,li1,190.6700,160.4800,1.799857
FILLER_55_374,VPWR,li1,177.7900,160.4800,1.799911
FILLER_55_337,VPWR,li1,161.0000,160.4800,1.799873
FILLER_55_281,VPWR,li1,135.0100,160.4800,1.799819
FILLER_55_245,VPWR,li1,118.4500,160.4800,1.799813
FILLER_55_242,VPWR,li1,117.5300,160.4800,1.799814
FILLER_55_214,VPWR,li1,104.4200,160.4800,1.799819
FILLER_55_205,VPWR,li1,100.5100,160.4800,1.799821
FILLER_55_165,VPWR,li1,82.1100,160.4800,1.799841
FILLER_55_154,VPWR,li1,76.8200,160.4800,1.799851
FILLER_55_144,VPWR,li1,71.9900,160.4800,1.799860
FILLER_55_141,VPWR,li1,71.0700,160.4800,1.799863
FILLER_55_123,VPWR,li1,62.7900,160.4800,1.799878
FILLER_55_113,VPWR,li1,57.9600,160.4800,1.799890
FILLER_55_96,VPWR,li1,50.3700,160.4800,1.799906
FILLER_55_93,VPWR,li1,48.9900,160.4800,1.799906
FILLER_55_71,VPWR,li1,38.4100,160.4800,1.799930
FILLER_55_60,VPWR,li1,33.5800,160.4800,1.799940
FILLER_55_57,VPWR,li1,32.4300,160.4800,1.799945
FILLER_55_39,VPWR,li1,23.6900,160.4800,1.799964
FILLER_55_3,VPWR,li1,7.1300,160.4800,1.799962
FILLER_54_687,VPWR,li1,321.7700,160.4800,1.799619
FILLER_54_684,VPWR,li1,320.8500,160.4800,1.799619
FILLER_54_648,VPWR,li1,304.0600,160.4800,1.799621
FILLER_54_645,VPWR,li1,302.9100,160.4800,1.799622
FILLER_54_643,VPWR,li1,301.5300,160.4800,1.799622
FILLER_54_640,VPWR,li1,300.6100,160.4800,1.799622
FILLER_54_637,VPWR,li1,299.2300,160.4800,1.799622
FILLER_54_603,VPWR,li1,283.5900,160.4800,1.799631
FILLER_54_600,VPWR,li1,282.2100,160.4800,1.799631
FILLER_54_597,VPWR,li1,280.8300,160.4800,1.799633
FILLER_54_585,VPWR,li1,275.3100,160.4800,1.799639
FILLER_54_582,VPWR,li1,273.9300,160.4800,1.799639
FILLER_54_572,VPWR,li1,269.1000,160.4800,1.799645
FILLER_54_569,VPWR,li1,267.9500,160.4800,1.799645
FILLER_54_566,VPWR,li1,266.5700,160.4800,1.799647
FILLER_54_531,VPWR,li1,250.0100,160.4800,1.799669
FILLER_54_528,VPWR,li1,249.0900,160.4800,1.799669
FILLER_54_501,VPWR,li1,236.2100,160.4800,1.799700
FILLER_54_459,VPWR,li1,216.8900,160.4800,1.799759
FILLER_54_411,VPWR,li1,194.8100,160.4800,1.799839
FILLER_54_391,VPWR,li1,185.8400,160.4800,1.799876
FILLER_54_373,VPWR,li1,177.5600,160.4800,1.799911
FILLER_54_365,VPWR,li1,173.6500,160.4800,1.799909
FILLER_54_362,VPWR,li1,172.5000,160.4800,1.799909
FILLER_54_335,VPWR,li1,160.0800,160.4800,1.799873
FILLER_54_309,VPWR,li1,148.1200,160.4800,1.799841
FILLER_54_307,VPWR,li1,146.9700,160.4800,1.799841
FILLER_54_253,VPWR,li1,122.5900,160.4800,1.799812
FILLER_54_234,VPWR,li1,113.6200,160.4800,1.799815
FILLER_54_195,VPWR,li1,95.4500,160.4800,1.799825
FILLER_54_186,VPWR,li1,91.3100,160.4800,1.799832
FILLER_54_183,VPWR,li1,90.3900,160.4800,1.799832
FILLER_54_141,VPWR,li1,70.6100,160.4800,1.799863
FILLER_54_115,VPWR,li1,58.8800,160.4800,1.799885
FILLER_54_106,VPWR,li1,54.7400,160.4800,1.799894
FILLER_54_95,VPWR,li1,49.9100,160.4800,1.799906
FILLER_54_88,VPWR,li1,46.2300,160.4800,1.799912
FILLER_54_85,VPWR,li1,45.3100,160.4800,1.799917
FILLER_54_55,VPWR,li1,31.5100,160.4800,1.799945
FILLER_54_37,VPWR,li1,23.0000,160.4800,1.799964
FILLER_54_11,VPWR,li1,10.8100,160.4800,1.799962
FILLER_53_687,VPWR,li1,321.7700,155.0400,1.799148
FILLER_53_684,VPWR,li1,320.8500,155.0400,1.799148
FILLER_53_681,VPWR,li1,319.4700,155.0400,1.799148
FILLER_53_644,VPWR,li1,302.4500,155.0400,1.799161
FILLER_53_641,VPWR,li1,301.0700,155.0400,1.799161
FILLER_53_630,VPWR,li1,295.7800,155.0400,1.799168
FILLER_53_615,VPWR,li1,288.6500,155.0400,1.799180
FILLER_53_612,VPWR,li1,287.7300,155.0400,1.799180
FILLER_53_593,VPWR,li1,278.7600,155.0400,1.799196
FILLER_53_590,VPWR,li1,277.6100,155.0400,1.799200
FILLER_53_571,VPWR,li1,268.6400,155.0400,1.799219
FILLER_53_568,VPWR,li1,267.4900,155.0400,1.799226
FILLER_53_559,VPWR,li1,262.8900,155.0400,1.799240
FILLER_53_556,VPWR,li1,261.9700,155.0400,1.799240
FILLER_53_539,VPWR,li1,253.6900,155.0400,1.799271
FILLER_53_530,VPWR,li1,249.5500,155.0400,1.799284
FILLER_53_494,VPWR,li1,233.2200,155.0400,1.799340
FILLER_53_457,VPWR,li1,215.9700,155.0400,1.799417
FILLER_53_447,VPWR,li1,211.3700,155.0400,1.799442
FILLER_53_437,VPWR,li1,206.7700,155.0400,1.799469
FILLER_53_434,VPWR,li1,205.8500,155.0400,1.799481
FILLER_53_316,VPWR,li1,151.3400,155.0400,1.799584
FILLER_53_295,VPWR,li1,141.9100,155.0400,1.799511
FILLER_53_281,VPWR,li1,135.4700,155.0400,1.799471
FILLER_53_273,VPWR,li1,131.3300,155.0400,1.799455
FILLER_53_252,VPWR,li1,122.1300,155.0400,1.799418
FILLER_53_208,VPWR,li1,101.4300,155.0400,1.799380
FILLER_53_172,VPWR,li1,85.1000,155.0400,1.799398
FILLER_53_169,VPWR,li1,83.9500,155.0400,1.799402
FILLER_53_156,VPWR,li1,77.9700,155.0400,1.799418
FILLER_53_153,VPWR,li1,76.5900,155.0400,1.799418
FILLER_53_141,VPWR,li1,70.6100,155.0400,1.799451
FILLER_53_138,VPWR,li1,69.6900,155.0400,1.799451
FILLER_53_105,VPWR,li1,54.0500,155.0400,1.799571
FILLER_53_89,VPWR,li1,46.6900,155.0400,1.799629
FILLER_53_57,VPWR,li1,31.9700,155.0400,1.799773
FILLER_53_53,VPWR,li1,30.5900,155.0400,1.799793
FILLER_53_30,VPWR,li1,19.7800,155.0400,1.799855
FILLER_53_27,VPWR,li1,18.6300,155.0400,1.799855
FILLER_52_686,VPWR,li1,321.5400,155.0400,1.799148
FILLER_52_683,VPWR,li1,320.3900,155.0400,1.799148
FILLER_52_664,VPWR,li1,311.4200,155.0400,1.799150
FILLER_52_645,VPWR,li1,302.4500,155.0400,1.799161
FILLER_52_633,VPWR,li1,297.3900,155.0400,1.799168
FILLER_52_630,VPWR,li1,296.0100,155.0400,1.799168
FILLER_52_603,VPWR,li1,283.1300,155.0400,1.799186
FILLER_52_600,VPWR,li1,282.2100,155.0400,1.799191
FILLER_52_597,VPWR,li1,280.8300,155.0400,1.799191
FILLER_52_562,VPWR,li1,264.2700,155.0400,1.799233
FILLER_52_551,VPWR,li1,259.6700,155.0400,1.799248
FILLER_52_542,VPWR,li1,255.0700,155.0400,1.799262
FILLER_52_539,VPWR,li1,254.1500,155.0400,1.799271
FILLER_52_533,VPWR,li1,251.1600,155.0400,1.799278
FILLER_52_522,VPWR,li1,246.1000,155.0400,1.799292
FILLER_52_519,VPWR,li1,244.9500,155.0400,1.799301
FILLER_52_516,VPWR,li1,243.5700,155.0400,1.799301
FILLER_52_513,VPWR,li1,242.1900,155.0400,1.799307
FILLER_52_502,VPWR,li1,237.1300,155.0400,1.799331
FILLER_52_492,VPWR,li1,232.3000,155.0400,1.799349
FILLER_52_489,VPWR,li1,231.1500,155.0400,1.799349
FILLER_52_486,VPWR,li1,229.7700,155.0400,1.799360
FILLER_52_483,VPWR,li1,228.3900,155.0400,1.799360
FILLER_52_435,VPWR,li1,205.8500,155.0400,1.799481
FILLER_52_432,VPWR,li1,204.9300,155.0400,1.799481
FILLER_52_396,VPWR,li1,187.9100,155.0400,1.799641
FILLER_52_362,VPWR,li1,172.5000,155.0400,1.799768
FILLER_52_347,VPWR,li1,165.3700,155.0400,1.799703
FILLER_52_326,VPWR,li1,156.1700,155.0400,1.799611
FILLER_52_282,VPWR,li1,135.4700,155.0400,1.799471
FILLER_52_263,VPWR,li1,127.1900,155.0400,1.799439
FILLER_52_218,VPWR,li1,106.2600,155.0400,1.799379
FILLER_52_215,VPWR,li1,105.1100,155.0400,1.799379
FILLER_52_178,VPWR,li1,87.6300,155.0400,1.799393
FILLER_52_175,VPWR,li1,86.7100,155.0400,1.799398
FILLER_52_156,VPWR,li1,77.7400,155.0400,1.799418
FILLER_52_153,VPWR,li1,76.5900,155.0400,1.799418
FILLER_52_141,VPWR,li1,70.6100,155.0400,1.799451
FILLER_52_113,VPWR,li1,57.9600,155.0400,1.799537
FILLER_52_85,VPWR,li1,45.0800,155.0400,1.799657
FILLER_52_81,VPWR,li1,43.4700,155.0400,1.799657
FILLER_52_55,VPWR,li1,31.0500,155.0400,1.799773
FILLER_51_686,VPWR,li1,321.5400,149.6000,1.798132
FILLER_51_673,VPWR,li1,315.3300,149.6000,1.798134
FILLER_51_670,VPWR,li1,314.1800,149.6000,1.798134
FILLER_51_643,VPWR,li1,301.7600,149.6000,1.798176
FILLER_51_640,VPWR,li1,300.6100,149.6000,1.798176
FILLER_51_637,VPWR,li1,299.2300,149.6000,1.798187
FILLER_51_634,VPWR,li1,297.8500,149.6000,1.798187
FILLER_51_613,VPWR,li1,288.1900,149.6000,1.798234
FILLER_51_585,VPWR,li1,275.3100,149.6000,1.798313
FILLER_51_582,VPWR,li1,273.9300,149.6000,1.798329
FILLER_51_572,VPWR,li1,268.8700,149.6000,1.798377
FILLER_51_569,VPWR,li1,267.9500,149.6000,1.798377
FILLER_51_559,VPWR,li1,262.8900,149.6000,1.798421
FILLER_51_550,VPWR,li1,258.7500,149.6000,1.798460
FILLER_51_530,VPWR,li1,250.0100,149.6000,1.798551
FILLER_51_519,VPWR,li1,244.9500,149.6000,1.798609
FILLER_51_513,VPWR,li1,241.9600,149.6000,1.798644
FILLER_51_503,VPWR,li1,237.1300,149.6000,1.798712
FILLER_51_500,VPWR,li1,236.2100,149.6000,1.798712
FILLER_51_486,VPWR,li1,229.7700,149.6000,1.798824
FILLER_51_483,VPWR,li1,228.3900,149.6000,1.798824
FILLER_51_430,VPWR,li1,203.5500,149.6000,1.799238
FILLER_51_409,VPWR,li1,194.3500,149.6000,1.799393
FILLER_51_281,VPWR,li1,135.0100,149.6000,1.799629
FILLER_51_205,VPWR,li1,100.5100,149.6000,1.799649
FILLER_51_177,VPWR,li1,87.4000,149.6000,1.799673
FILLER_51_167,VPWR,li1,82.5700,149.6000,1.799684
FILLER_51_164,VPWR,li1,81.6500,149.6000,1.799684
FILLER_51_94,VPWR,li1,48.9900,149.6000,1.799770
FILLER_51_57,VPWR,li1,32.2000,149.6000,1.799851
FILLER_51_55,VPWR,li1,31.0500,149.6000,1.799864
FILLER_51_52,VPWR,li1,30.1300,149.6000,1.799864
FILLER_51_24,VPWR,li1,17.0200,149.6000,1.799913
FILLER_51_6,VPWR,li1,8.5100,149.6000,1.799907
FILLER_51_3,VPWR,li1,7.5900,149.6000,1.799907
FILLER_50_687,VPWR,li1,321.7700,149.6000,1.798132
FILLER_50_684,VPWR,li1,320.8500,149.6000,1.798132
FILLER_50_665,VPWR,li1,311.8800,149.6000,1.798136
FILLER_50_645,VPWR,li1,302.4500,149.6000,1.798168
FILLER_50_642,VPWR,li1,301.3000,149.6000,1.798176
FILLER_50_639,VPWR,li1,300.1500,149.6000,1.798176
FILLER_50_636,VPWR,li1,298.7700,149.6000,1.798187
FILLER_50_633,VPWR,li1,297.3900,149.6000,1.798195
FILLER_50_630,VPWR,li1,296.0100,149.6000,1.798195
FILLER_50_627,VPWR,li1,294.6300,149.6000,1.798208
FILLER_50_624,VPWR,li1,293.2500,149.6000,1.798208
FILLER_50_603,VPWR,li1,283.5900,149.6000,1.798265
FILLER_50_600,VPWR,li1,282.2100,149.6000,1.798265
FILLER_50_587,VPWR,li1,275.7700,149.6000,1.798313
FILLER_50_575,VPWR,li1,270.7100,149.6000,1.798353
FILLER_50_556,VPWR,li1,261.9700,149.6000,1.798440
FILLER_50_553,VPWR,li1,260.5900,149.6000,1.798440
FILLER_50_548,VPWR,li1,258.2900,149.6000,1.798460
FILLER_50_545,VPWR,li1,256.9100,149.6000,1.798484
FILLER_50_542,VPWR,li1,255.5300,149.6000,1.798484
FILLER_50_533,VPWR,li1,250.9300,149.6000,1.798551
FILLER_50_530,VPWR,li1,249.7800,149.6000,1.798551
FILLER_50_527,VPWR,li1,248.6300,149.6000,1.798579
FILLER_50_485,VPWR,li1,228.8500,149.6000,1.798824
FILLER_50_451,VPWR,li1,213.2100,149.6000,1.799090
FILLER_50_438,VPWR,li1,207.4600,149.6000,1.799163
FILLER_50_419,VPWR,li1,198.4900,149.6000,1.799319
FILLER_50_401,VPWR,li1,190.2100,149.6000,1.799469
FILLER_50_365,VPWR,li1,173.6500,149.6000,1.799728
FILLER_50_361,VPWR,li1,172.2700,149.6000,1.799728
FILLER_50_273,VPWR,li1,131.5600,149.6000,1.799629
FILLER_50_270,VPWR,li1,130.4100,149.6000,1.799628
FILLER_50_227,VPWR,li1,110.1700,149.6000,1.799638
FILLER_50_224,VPWR,li1,109.2500,149.6000,1.799638
FILLER_50_215,VPWR,li1,104.6500,149.6000,1.799645
FILLER_50_197,VPWR,li1,96.3700,149.6000,1.799657
FILLER_50_187,VPWR,li1,91.7700,149.6000,1.799665
FILLER_50_177,VPWR,li1,87.4000,149.6000,1.799673
FILLER_50_174,VPWR,li1,86.2500,149.6000,1.799677
FILLER_50_156,VPWR,li1,77.5100,149.6000,1.799694
FILLER_50_153,VPWR,li1,76.5900,149.6000,1.799700
FILLER_50_150,VPWR,li1,75.2100,149.6000,1.799700
FILLER_50_141,VPWR,li1,70.6100,149.6000,1.799715
FILLER_50_88,VPWR,li1,46.4600,149.6000,1.799782
FILLER_50_85,VPWR,li1,45.3100,149.6000,1.799782
FILLER_50_81,VPWR,li1,43.4700,149.6000,1.799788
FILLER_50_70,VPWR,li1,38.4100,149.6000,1.799820
FILLER_50_67,VPWR,li1,37.0300,149.6000,1.799820
FILLER_50_64,VPWR,li1,35.6500,149.6000,1.799838
FILLER_50_61,VPWR,li1,34.2700,149.6000,1.799838
FILLER_50_58,VPWR,li1,32.8900,149.6000,1.799851
FILLER_50_55,VPWR,li1,31.5100,149.6000,1.799864
FILLER_50_52,VPWR,li1,30.1300,149.6000,1.799864
FILLER_50_27,VPWR,li1,18.1700,149.6000,1.799913
FILLER_50_24,VPWR,li1,17.2500,149.6000,1.799913
FILLER_50_6,VPWR,li1,8.5100,149.6000,1.799907
FILLER_50_3,VPWR,li1,7.5900,149.6000,1.799907
FILLER_49_687,VPWR,li1,321.7700,144.1600,1.799367
FILLER_49_684,VPWR,li1,320.8500,144.1600,1.799367
FILLER_49_681,VPWR,li1,319.4700,144.1600,1.799367
FILLER_49_654,VPWR,li1,306.8200,144.1600,1.799374
FILLER_49_643,VPWR,li1,301.9900,144.1600,1.799377
FILLER_49_640,VPWR,li1,300.6100,144.1600,1.799378
FILLER_49_637,VPWR,li1,299.2300,144.1600,1.799379
FILLER_49_634,VPWR,li1,297.8500,144.1600,1.799379
FILLER_49_631,VPWR,li1,296.4700,144.1600,1.799381
FILLER_49_628,VPWR,li1,295.0900,144.1600,1.799382
FILLER_49_625,VPWR,li1,293.7100,144.1600,1.799382
FILLER_49_615,VPWR,li1,288.6500,144.1600,1.799387
FILLER_49_605,VPWR,li1,284.2800,144.1600,1.799390
FILLER_49_602,VPWR,li1,283.1300,144.1600,1.799390
FILLER_49_559,VPWR,li1,262.8900,144.1600,1.799414
FILLER_49_541,VPWR,li1,254.6100,144.1600,1.799434
FILLER_49_514,VPWR,li1,242.1900,144.1600,1.799478
FILLER_49_401,VPWR,li1,190.6700,144.1600,1.799766
FILLER_49_387,VPWR,li1,183.7700,144.1600,1.799812
FILLER_49_361,VPWR,li1,171.8100,144.1600,1.799876
FILLER_49_337,VPWR,li1,161.2300,144.1600,1.799837
FILLER_49_310,VPWR,li1,148.8100,144.1600,1.799806
FILLER_49_281,VPWR,li1,135.0100,144.1600,1.799787
FILLER_49_228,VPWR,li1,111.0900,144.1600,1.799776
FILLER_49_225,VPWR,li1,109.7100,144.1600,1.799778
FILLER_49_215,VPWR,li1,104.6500,144.1600,1.799781
FILLER_49_212,VPWR,li1,103.7300,144.1600,1.799781
FILLER_49_209,VPWR,li1,102.3500,144.1600,1.799783
FILLER_49_199,VPWR,li1,97.5200,144.1600,1.799787
FILLER_49_196,VPWR,li1,96.3700,144.1600,1.799787
FILLER_49_169,VPWR,li1,83.9500,144.1600,1.799797
FILLER_49_166,VPWR,li1,82.3400,144.1600,1.799799
FILLER_49_113,VPWR,li1,57.9600,144.1600,1.799841
FILLER_49_104,VPWR,li1,53.8200,144.1600,1.799855
FILLER_49_101,VPWR,li1,52.6700,144.1600,1.799855
FILLER_49_98,VPWR,li1,51.2900,144.1600,1.799862
FILLER_49_95,VPWR,li1,49.9100,144.1600,1.799867
FILLER_49_92,VPWR,li1,48.5300,144.1600,1.799867
FILLER_49_89,VPWR,li1,47.1500,144.1600,1.799872
FILLER_49_63,VPWR,li1,35.1900,144.1600,1.799911
FILLER_49_60,VPWR,li1,33.8100,144.1600,1.799911
FILLER_49_57,VPWR,li1,32.4300,144.1600,1.799921
FILLER_49_55,VPWR,li1,31.0500,144.1600,1.799921
FILLER_49_52,VPWR,li1,30.1300,144.1600,1.799929
FILLER_49_49,VPWR,li1,28.7500,144.1600,1.799929
FILLER_49_39,VPWR,li1,23.9200,144.1600,1.799946
FILLER_49_16,VPWR,li1,13.5700,144.1600,1.799955
FILLER_49_6,VPWR,li1,8.7400,144.1600,1.799955
FILLER_49_3,VPWR,li1,7.5900,144.1600,1.799955
FILLER_48_663,VPWR,li1,310.7300,144.1600,1.799371
FILLER_48_660,VPWR,li1,309.8100,144.1600,1.799372
FILLER_48_657,VPWR,li1,308.4300,144.1600,1.799372
FILLER_48_648,VPWR,li1,303.8300,144.1600,1.799375
FILLER_48_645,VPWR,li1,302.9100,144.1600,1.799377
FILLER_48_635,VPWR,li1,298.0800,144.1600,1.799379
FILLER_48_632,VPWR,li1,296.9300,144.1600,1.799381
FILLER_48_629,VPWR,li1,295.5500,144.1600,1.799381
FILLER_48_626,VPWR,li1,294.1700,144.1600,1.799382
FILLER_48_616,VPWR,li1,289.3400,144.1600,1.799386
FILLER_48_607,VPWR,li1,284.9700,144.1600,1.799389
FILLER_48_604,VPWR,li1,284.0500,144.1600,1.799390
FILLER_48_595,VPWR,li1,279.4500,144.1600,1.799393
FILLER_48_592,VPWR,li1,278.5300,144.1600,1.799393
FILLER_48_589,VPWR,li1,277.1500,144.1600,1.799395
FILLER_48_586,VPWR,li1,275.5400,144.1600,1.799395
FILLER_48_533,VPWR,li1,250.9300,144.1600,1.799448
FILLER_48_493,VPWR,li1,232.5300,144.1600,1.799518
FILLER_48_457,VPWR,li1,216.2000,144.1600,1.799603
FILLER_48_447,VPWR,li1,211.6000,144.1600,1.799637
FILLER_48_401,VPWR,li1,190.6700,144.1600,1.799766
FILLER_48_388,VPWR,li1,184.6900,144.1600,1.799812
FILLER_48_340,VPWR,li1,162.1500,144.1600,1.799843
FILLER_48_309,VPWR,li1,148.3500,144.1600,1.799806
FILLER_48_291,VPWR,li1,139.6100,144.1600,1.799793
FILLER_48_281,VPWR,li1,135.2400,144.1600,1.799787
FILLER_48_253,VPWR,li1,122.5900,144.1600,1.799775
FILLER_48_251,VPWR,li1,121.2100,144.1600,1.799775
FILLER_48_225,VPWR,li1,109.2500,144.1600,1.799778
FILLER_48_222,VPWR,li1,108.3300,144.1600,1.799779
FILLER_48_219,VPWR,li1,106.9500,144.1600,1.799779
FILLER_48_203,VPWR,li1,99.3600,144.1600,1.799785
FILLER_48_185,VPWR,li1,91.3100,144.1600,1.799792
FILLER_48_182,VPWR,li1,89.9300,144.1600,1.799792
FILLER_48_155,VPWR,li1,77.2800,144.1600,1.799805
FILLER_48_152,VPWR,li1,76.1300,144.1600,1.799808
FILLER_48_149,VPWR,li1,74.7500,144.1600,1.799808
FILLER_48_119,VPWR,li1,60.4900,144.1600,1.799834
FILLER_48_116,VPWR,li1,59.5700,144.1600,1.799841
FILLER_48_113,VPWR,li1,58.1900,144.1600,1.799841
FILLER_48_102,VPWR,li1,53.1300,144.1600,1.799855
FILLER_48_97,VPWR,li1,50.3700,144.1600,1.799862
FILLER_48_94,VPWR,li1,49.4500,144.1600,1.799867
FILLER_48_91,VPWR,li1,48.0700,144.1600,1.799872
FILLER_48_88,VPWR,li1,46.6900,144.1600,1.799872
FILLER_48_85,VPWR,li1,45.3100,144.1600,1.799880
FILLER_48_82,VPWR,li1,43.7000,144.1600,1.799880
FILLER_48_57,VPWR,li1,31.9700,144.1600,1.799921
FILLER_48_29,VPWR,li1,19.5500,144.1600,1.799955
FILLER_48_17,VPWR,li1,14.0300,144.1600,1.799955
FILLER_48_6,VPWR,li1,8.9700,144.1600,1.799955
FILLER_48_3,VPWR,li1,7.5900,144.1600,1.799955
FILLER_47_671,VPWR,li1,314.4100,138.7200,1.799363
FILLER_47_668,VPWR,li1,313.4900,138.7200,1.799363
FILLER_47_648,VPWR,li1,304.2900,138.7200,1.799373
FILLER_47_645,VPWR,li1,302.9100,138.7200,1.799373
FILLER_47_634,VPWR,li1,297.8500,138.7200,1.799381
FILLER_47_609,VPWR,li1,285.8900,138.7200,1.799405
FILLER_47_559,VPWR,li1,262.8900,138.7200,1.799465
FILLER_47_549,VPWR,li1,258.5200,138.7200,1.799481
FILLER_47_540,VPWR,li1,254.1500,138.7200,1.799495
FILLER_47_537,VPWR,li1,253.2300,138.7200,1.799495
FILLER_47_534,VPWR,li1,251.8500,138.7200,1.799502
FILLER_47_502,VPWR,li1,236.9000,138.7200,1.799550
FILLER_47_449,VPWR,li1,212.7500,138.7200,1.799659
FILLER_47_447,VPWR,li1,211.3700,138.7200,1.799671
FILLER_47_444,VPWR,li1,210.4500,138.7200,1.799671
FILLER_47_433,VPWR,li1,205.3900,138.7200,1.799698
FILLER_47_391,VPWR,li1,185.6100,138.7200,1.799812
FILLER_47_362,VPWR,li1,172.7300,138.7200,1.799878
FILLER_47_339,VPWR,li1,161.6900,138.7200,1.799843
FILLER_47_316,VPWR,li1,151.1100,138.7200,1.799818
FILLER_47_289,VPWR,li1,138.9200,138.7200,1.799798
FILLER_47_281,VPWR,li1,135.0100,138.7200,1.799795
FILLER_47_273,VPWR,li1,131.3300,138.7200,1.799792
FILLER_47_263,VPWR,li1,126.9600,138.7200,1.799789
FILLER_47_228,VPWR,li1,111.0900,138.7200,1.799785
FILLER_47_225,VPWR,li1,109.7100,138.7200,1.799785
FILLER_47_221,VPWR,li1,107.8700,138.7200,1.799784
FILLER_47_218,VPWR,li1,106.4900,138.7200,1.799784
FILLER_47_184,VPWR,li1,90.8500,138.7200,1.799796
FILLER_47_181,VPWR,li1,89.4700,138.7200,1.799796
FILLER_47_178,VPWR,li1,88.0900,138.7200,1.799800
FILLER_47_175,VPWR,li1,86.7100,138.7200,1.799800
FILLER_47_172,VPWR,li1,85.3300,138.7200,1.799804
FILLER_47_169,VPWR,li1,83.9500,138.7200,1.799807
FILLER_47_166,VPWR,li1,82.3400,138.7200,1.799807
FILLER_47_155,VPWR,li1,77.5100,138.7200,1.799816
FILLER_47_152,VPWR,li1,76.1300,138.7200,1.799820
FILLER_47_149,VPWR,li1,74.7500,138.7200,1.799820
FILLER_47_140,VPWR,li1,70.1500,138.7200,1.799828
FILLER_47_137,VPWR,li1,69.2300,138.7200,1.799831
FILLER_47_134,VPWR,li1,67.8500,138.7200,1.799831
FILLER_47_126,VPWR,li1,63.9400,138.7200,1.799841
FILLER_47_123,VPWR,li1,62.7900,138.7200,1.799841
FILLER_47_120,VPWR,li1,61.4100,138.7200,1.799845
FILLER_47_117,VPWR,li1,60.0300,138.7200,1.799845
FILLER_47_93,VPWR,li1,48.9900,138.7200,1.799870
FILLER_47_90,VPWR,li1,47.6100,138.7200,1.799876
FILLER_47_55,VPWR,li1,31.0500,138.7200,1.799924
FILLER_47_52,VPWR,li1,30.1300,138.7200,1.799924
FILLER_47_24,VPWR,li1,17.0200,138.7200,1.799948
FILLER_47_6,VPWR,li1,8.5100,138.7200,1.799943
FILLER_47_3,VPWR,li1,7.5900,138.7200,1.799943
FILLER_46_685,VPWR,li1,321.3100,138.7200,1.799362
FILLER_46_682,VPWR,li1,319.9300,138.7200,1.799362
FILLER_46_668,VPWR,li1,313.2600,138.7200,1.799363
FILLER_46_643,VPWR,li1,301.5300,138.7200,1.799377
FILLER_46_608,VPWR,li1,285.4300,138.7200,1.799410
FILLER_46_605,VPWR,li1,284.5100,138.7200,1.799410
FILLER_46_578,VPWR,li1,271.6300,138.7200,1.799441
FILLER_46_551,VPWR,li1,259.2100,138.7200,1.799475
FILLER_46_542,VPWR,li1,255.0700,138.7200,1.799488
FILLER_46_539,VPWR,li1,254.1500,138.7200,1.799495
FILLER_46_536,VPWR,li1,252.7700,138.7200,1.799495
FILLER_46_533,VPWR,li1,251.3900,138.7200,1.799502
FILLER_46_529,VPWR,li1,249.5500,138.7200,1.799509
FILLER_46_526,VPWR,li1,248.1700,138.7200,1.799509
FILLER_46_497,VPWR,li1,234.8300,138.7200,1.799563
FILLER_46_494,VPWR,li1,233.4500,138.7200,1.799563
FILLER_46_475,VPWR,li1,224.2500,138.7200,1.799603
FILLER_46_455,VPWR,li1,215.5100,138.7200,1.799646
FILLER_46_427,VPWR,li1,202.6300,138.7200,1.799712
FILLER_46_418,VPWR,li1,198.2600,138.7200,1.799736
FILLER_46_415,VPWR,li1,197.1100,138.7200,1.799751
FILLER_46_396,VPWR,li1,188.1400,138.7200,1.799796
FILLER_46_365,VPWR,li1,173.6500,138.7200,1.799878
FILLER_46_363,VPWR,li1,172.7300,138.7200,1.799878
FILLER_46_329,VPWR,li1,157.0900,138.7200,1.799832
FILLER_46_309,VPWR,li1,148.3500,138.7200,1.799811
FILLER_46_282,VPWR,li1,135.7000,138.7200,1.799795
FILLER_46_272,VPWR,li1,131.1000,138.7200,1.799792
FILLER_46_256,VPWR,li1,123.7400,138.7200,1.799789
FILLER_46_253,VPWR,li1,122.5900,138.7200,1.799788
FILLER_46_227,VPWR,li1,110.4000,138.7200,1.799785
FILLER_46_224,VPWR,li1,109.2500,138.7200,1.799785
FILLER_46_200,VPWR,li1,97.7500,138.7200,1.799786
FILLER_46_197,VPWR,li1,96.8300,138.7200,1.799788
FILLER_46_176,VPWR,li1,87.1700,138.7200,1.799800
FILLER_46_150,VPWR,li1,74.9800,138.7200,1.799820
FILLER_46_147,VPWR,li1,73.8300,138.7200,1.799824
FILLER_46_144,VPWR,li1,72.4500,138.7200,1.799824
FILLER_46_141,VPWR,li1,71.0700,138.7200,1.799828
FILLER_46_137,VPWR,li1,69.2300,138.7200,1.799831
FILLER_46_134,VPWR,li1,67.8500,138.7200,1.799831
FILLER_46_131,VPWR,li1,66.4700,138.7200,1.799836
FILLER_46_128,VPWR,li1,65.0900,138.7200,1.799836
FILLER_46_125,VPWR,li1,63.7100,138.7200,1.799841
FILLER_46_122,VPWR,li1,62.3300,138.7200,1.799841
FILLER_46_94,VPWR,li1,49.2200,138.7200,1.799870
FILLER_46_91,VPWR,li1,48.0700,138.7200,1.799876
FILLER_46_88,VPWR,li1,46.6900,138.7200,1.799876
FILLER_46_85,VPWR,li1,45.3100,138.7200,1.799883
FILLER_46_83,VPWR,li1,43.9300,138.7200,1.799883
FILLER_46_56,VPWR,li1,31.5100,138.7200,1.799924
FILLER_46_53,VPWR,li1,30.5900,138.7200,1.799924
FILLER_46_27,VPWR,li1,18.1700,138.7200,1.799948
FILLER_46_24,VPWR,li1,17.2500,138.7200,1.799948
FILLER_46_6,VPWR,li1,8.5100,138.7200,1.799943
FILLER_46_3,VPWR,li1,7.5900,138.7200,1.799943
FILLER_45_685,VPWR,li1,321.3100,133.2800,1.799294
FILLER_45_682,VPWR,li1,319.9300,133.2800,1.799294
FILLER_45_670,VPWR,li1,314.1800,133.2800,1.799296
FILLER_45_667,VPWR,li1,313.0300,133.2800,1.799296
FILLER_45_648,VPWR,li1,303.8300,133.2800,1.799302
FILLER_45_645,VPWR,li1,302.9100,133.2800,1.799303
FILLER_45_634,VPWR,li1,297.8500,133.2800,1.799307
FILLER_45_597,VPWR,li1,280.6000,133.2800,1.799335
FILLER_45_594,VPWR,li1,279.4500,133.2800,1.799335
FILLER_45_574,VPWR,li1,270.2500,133.2800,1.799367
FILLER_45_571,VPWR,li1,268.8700,133.2800,1.799367
FILLER_45_561,VPWR,li1,264.0400,133.2800,1.799387
FILLER_45_558,VPWR,li1,262.6600,133.2800,1.799387
FILLER_45_550,VPWR,li1,258.7500,133.2800,1.799402
FILLER_45_547,VPWR,li1,257.8300,133.2800,1.799402
FILLER_45_544,VPWR,li1,256.4500,133.2800,1.799412
FILLER_45_541,VPWR,li1,255.0700,133.2800,1.799412
FILLER_45_538,VPWR,li1,253.6900,133.2800,1.799419
FILLER_45_528,VPWR,li1,248.8600,133.2800,1.799436
FILLER_45_525,VPWR,li1,247.7100,133.2800,1.799436
FILLER_45_516,VPWR,li1,243.1100,133.2800,1.799453
FILLER_45_513,VPWR,li1,242.1900,133.2800,1.799460
FILLER_45_501,VPWR,li1,236.6700,133.2800,1.799477
FILLER_45_498,VPWR,li1,235.2900,133.2800,1.799484
FILLER_45_495,VPWR,li1,233.9100,133.2800,1.799493
FILLER_45_492,VPWR,li1,232.5300,133.2800,1.799493
FILLER_45_489,VPWR,li1,231.1500,133.2800,1.799505
FILLER_45_486,VPWR,li1,229.7700,133.2800,1.799505
FILLER_45_457,VPWR,li1,216.4300,133.2800,1.799565
FILLER_45_428,VPWR,li1,203.0900,133.2800,1.799633
FILLER_45_393,VPWR,li1,186.7600,133.2800,1.799737
FILLER_45_379,VPWR,li1,180.3200,133.2800,1.799784
FILLER_45_351,VPWR,li1,167.2100,133.2800,1.799787
FILLER_45_225,VPWR,li1,109.4800,133.2800,1.799543
FILLER_45_210,VPWR,li1,102.8100,133.2800,1.799539
FILLER_45_172,VPWR,li1,85.3300,133.2800,1.799550
FILLER_45_169,VPWR,li1,83.9500,133.2800,1.799552
FILLER_45_150,VPWR,li1,74.7500,133.2800,1.799567
FILLER_45_147,VPWR,li1,73.8300,133.2800,1.799571
FILLER_45_135,VPWR,li1,67.8500,133.2800,1.799605
FILLER_45_132,VPWR,li1,66.9300,133.2800,1.799605
FILLER_45_129,VPWR,li1,65.5500,133.2800,1.799621
FILLER_45_87,VPWR,li1,46.2300,133.2800,1.799741
FILLER_45_84,VPWR,li1,44.8500,133.2800,1.799754
FILLER_45_81,VPWR,li1,43.4700,133.2800,1.799770
FILLER_45_78,VPWR,li1,42.0900,133.2800,1.799770
FILLER_45_75,VPWR,li1,40.7100,133.2800,1.799784
FILLER_45_64,VPWR,li1,35.6500,133.2800,1.799815
FILLER_45_57,VPWR,li1,32.2000,133.2800,1.799844
FILLER_45_54,VPWR,li1,30.8200,133.2800,1.799857
FILLER_45_51,VPWR,li1,29.6700,133.2800,1.799857
FILLER_45_48,VPWR,li1,28.2900,133.2800,1.799876
FILLER_45_45,VPWR,li1,26.9100,133.2800,1.799876
FILLER_45_26,VPWR,li1,17.9400,133.2800,1.799918
FILLER_45_9,VPWR,li1,9.8900,133.2800,1.799915
FILLER_45_6,VPWR,li1,8.9700,133.2800,1.799915
FILLER_45_3,VPWR,li1,7.5900,133.2800,1.799915
FILLER_44_685,VPWR,li1,321.3100,133.2800,1.799294
FILLER_44_657,VPWR,li1,308.2000,133.2800,1.799299
FILLER_44_648,VPWR,li1,303.8300,133.2800,1.799302
FILLER_44_645,VPWR,li1,302.9100,133.2800,1.799303
FILLER_44_592,VPWR,li1,278.3000,133.2800,1.799341
FILLER_44_589,VPWR,li1,277.1500,133.2800,1.799341
FILLER_44_585,VPWR,li1,275.3100,133.2800,1.799347
FILLER_44_566,VPWR,li1,266.3400,133.2800,1.799378
FILLER_44_563,VPWR,li1,265.1900,133.2800,1.799378
FILLER_44_553,VPWR,li1,260.1300,133.2800,1.799395
FILLER_44_550,VPWR,li1,259.2100,133.2800,1.799402
FILLER_44_547,VPWR,li1,257.8300,133.2800,1.799402
FILLER_44_544,VPWR,li1,256.4500,133.2800,1.799412
FILLER_44_507,VPWR,li1,239.2000,133.2800,1.799467
FILLER_44_487,VPWR,li1,230.2300,133.2800,1.799505
FILLER_44_477,VPWR,li1,225.4000,133.2800,1.799531
FILLER_44_474,VPWR,li1,224.0200,133.2800,1.799531
FILLER_44_471,VPWR,li1,222.8700,133.2800,1.799542
FILLER_44_468,VPWR,li1,221.4900,133.2800,1.799542
FILLER_44_459,VPWR,li1,216.8900,133.2800,1.799565
FILLER_44_432,VPWR,li1,204.7000,133.2800,1.799633
FILLER_44_429,VPWR,li1,203.5500,133.2800,1.799633
FILLER_44_417,VPWR,li1,198.0300,133.2800,1.799670
FILLER_44_414,VPWR,li1,196.6500,133.2800,1.799670
FILLER_44_369,VPWR,li1,175.7200,133.2800,1.799834
FILLER_44_363,VPWR,li1,172.7300,133.2800,1.799817
FILLER_44_336,VPWR,li1,160.5400,133.2800,1.799750
FILLER_44_327,VPWR,li1,156.1700,133.2800,1.799729
FILLER_44_291,VPWR,li1,139.6100,133.2800,1.799646
FILLER_44_249,VPWR,li1,120.7500,133.2800,1.799577
FILLER_44_223,VPWR,li1,108.3300,133.2800,1.799543
FILLER_44_220,VPWR,li1,107.4100,133.2800,1.799538
FILLER_44_217,VPWR,li1,106.0300,133.2800,1.799538
FILLER_44_200,VPWR,li1,97.7500,133.2800,1.799541
FILLER_44_197,VPWR,li1,96.8300,133.2800,1.799542
FILLER_44_179,VPWR,li1,88.0900,133.2800,1.799548
FILLER_44_176,VPWR,li1,87.1700,133.2800,1.799548
FILLER_44_173,VPWR,li1,85.7900,133.2800,1.799550
FILLER_44_155,VPWR,li1,77.0500,133.2800,1.799562
FILLER_44_152,VPWR,li1,76.1300,133.2800,1.799567
FILLER_44_122,VPWR,li1,62.1000,133.2800,1.799635
FILLER_44_103,VPWR,li1,53.3600,133.2800,1.799692
FILLER_44_92,VPWR,li1,48.5300,133.2800,1.799729
FILLER_44_69,VPWR,li1,37.7200,133.2800,1.799800
FILLER_44_66,VPWR,li1,36.5700,133.2800,1.799815
FILLER_44_63,VPWR,li1,35.1900,133.2800,1.799828
FILLER_44_60,VPWR,li1,33.8100,133.2800,1.799828
FILLER_44_57,VPWR,li1,32.4300,133.2800,1.799844
FILLER_44_54,VPWR,li1,31.0500,133.2800,1.799857
FILLER_44_51,VPWR,li1,29.6700,133.2800,1.799857
FILLER_44_48,VPWR,li1,28.2900,133.2800,1.799876
FILLER_44_45,VPWR,li1,26.9100,133.2800,1.799876
FILLER_44_26,VPWR,li1,17.9400,133.2800,1.799918
FILLER_44_23,VPWR,li1,16.7900,133.2800,1.799918
FILLER_44_13,VPWR,li1,11.9600,133.2800,1.799916
FILLER_43_679,VPWR,li1,318.0900,127.8400,1.799590
FILLER_43_676,VPWR,li1,317.1700,127.8400,1.799590
FILLER_43_673,VPWR,li1,315.7900,127.8400,1.799591
FILLER_43_669,VPWR,li1,313.9500,127.8400,1.799593
FILLER_43_666,VPWR,li1,312.5700,127.8400,1.799593
FILLER_43_657,VPWR,li1,307.9700,127.8400,1.799596
FILLER_43_628,VPWR,li1,294.6300,127.8400,1.799607
FILLER_43_625,VPWR,li1,293.7100,127.8400,1.799607
FILLER_43_607,VPWR,li1,284.9700,127.8400,1.799616
FILLER_43_597,VPWR,li1,280.6000,127.8400,1.799620
FILLER_43_594,VPWR,li1,279.4500,127.8400,1.799622
FILLER_43_576,VPWR,li1,270.7100,127.8400,1.799632
FILLER_43_567,VPWR,li1,266.5700,127.8400,1.799639
FILLER_43_564,VPWR,li1,265.6500,127.8400,1.799642
FILLER_43_561,VPWR,li1,264.2700,127.8400,1.799645
FILLER_43_559,VPWR,li1,262.8900,127.8400,1.799645
FILLER_43_550,VPWR,li1,258.7500,127.8400,1.799652
FILLER_43_513,VPWR,li1,242.1900,127.8400,1.799687
FILLER_43_503,VPWR,li1,237.1300,127.8400,1.799702
FILLER_43_500,VPWR,li1,236.2100,127.8400,1.799702
FILLER_43_474,VPWR,li1,223.7900,127.8400,1.799737
FILLER_43_471,VPWR,li1,222.8700,127.8400,1.799745
FILLER_43_468,VPWR,li1,221.4900,127.8400,1.799745
FILLER_43_459,VPWR,li1,216.8900,127.8400,1.799764
FILLER_43_449,VPWR,li1,212.5200,127.8400,1.799778
FILLER_43_397,VPWR,li1,188.3700,127.8400,1.799872
FILLER_43_389,VPWR,li1,185.1500,127.8400,1.799880
FILLER_43_379,VPWR,li1,180.3200,127.8400,1.799899
FILLER_43_372,VPWR,li1,176.8700,127.8400,1.799920
FILLER_43_346,VPWR,li1,164.9100,127.8400,1.799884
FILLER_43_325,VPWR,li1,155.7100,127.8400,1.799858
FILLER_43_290,VPWR,li1,139.3800,127.8400,1.799829
FILLER_43_281,VPWR,li1,135.0100,127.8400,1.799821
FILLER_43_270,VPWR,li1,129.9500,127.8400,1.799816
FILLER_43_260,VPWR,li1,125.5800,127.8400,1.799811
FILLER_43_257,VPWR,li1,124.4300,127.8400,1.799811
FILLER_43_231,VPWR,li1,112.0100,127.8400,1.799803
FILLER_43_228,VPWR,li1,111.0900,127.8400,1.799802
FILLER_43_225,VPWR,li1,109.7100,127.8400,1.799802
FILLER_43_207,VPWR,li1,101.4300,127.8400,1.799800
FILLER_43_116,VPWR,li1,59.1100,127.8400,1.799822
FILLER_43_113,VPWR,li1,58.1900,127.8400,1.799826
FILLER_43_109,VPWR,li1,56.3500,127.8400,1.799832
FILLER_43_106,VPWR,li1,54.9700,127.8400,1.799832
FILLER_43_72,VPWR,li1,39.3300,127.8400,1.799882
FILLER_43_60,VPWR,li1,33.8100,127.8400,1.799902
FILLER_43_57,VPWR,li1,32.4300,127.8400,1.799912
FILLER_43_55,VPWR,li1,31.0500,127.8400,1.799912
FILLER_43_52,VPWR,li1,30.1300,127.8400,1.799920
FILLER_43_49,VPWR,li1,28.7500,127.8400,1.799920
FILLER_43_3,VPWR,li1,7.5900,127.8400,1.799935
FILLER_42_685,VPWR,li1,321.3100,127.8400,1.799590
FILLER_42_645,VPWR,li1,302.9100,127.8400,1.799599
FILLER_42_643,VPWR,li1,301.5300,127.8400,1.799601
FILLER_42_640,VPWR,li1,300.6100,127.8400,1.799601
FILLER_42_637,VPWR,li1,299.2300,127.8400,1.799603
FILLER_42_634,VPWR,li1,297.8500,127.8400,1.799603
FILLER_42_631,VPWR,li1,296.4700,127.8400,1.799605
FILLER_42_628,VPWR,li1,295.0900,127.8400,1.799607
FILLER_42_625,VPWR,li1,293.7100,127.8400,1.799607
FILLER_42_616,VPWR,li1,289.1100,127.8400,1.799612
FILLER_42_607,VPWR,li1,284.9700,127.8400,1.799616
FILLER_42_604,VPWR,li1,284.0500,127.8400,1.799618
FILLER_42_601,VPWR,li1,282.6700,127.8400,1.799618
FILLER_42_598,VPWR,li1,281.2900,127.8400,1.799620
FILLER_42_595,VPWR,li1,279.9100,127.8400,1.799622
FILLER_42_592,VPWR,li1,278.5300,127.8400,1.799622
FILLER_42_589,VPWR,li1,277.1500,127.8400,1.799625
FILLER_42_577,VPWR,li1,271.6300,127.8400,1.799632
FILLER_42_574,VPWR,li1,270.2500,127.8400,1.799635
FILLER_42_565,VPWR,li1,265.8800,127.8400,1.799642
FILLER_42_562,VPWR,li1,264.7300,127.8400,1.799642
FILLER_42_559,VPWR,li1,263.3500,127.8400,1.799645
FILLER_42_483,VPWR,li1,227.9300,127.8400,1.799724
FILLER_42_480,VPWR,li1,227.0100,127.8400,1.799731
FILLER_42_477,VPWR,li1,225.6300,127.8400,1.799731
FILLER_42_465,VPWR,li1,220.1100,127.8400,1.799754
FILLER_42_462,VPWR,li1,218.7300,127.8400,1.799754
FILLER_42_459,VPWR,li1,217.3500,127.8400,1.799764
FILLER_42_456,VPWR,li1,215.9700,127.8400,1.799764
FILLER_42_424,VPWR,li1,200.7900,127.8400,1.799823
FILLER_42_421,VPWR,li1,199.8700,127.8400,1.799823
FILLER_42_419,VPWR,li1,198.4900,127.8400,1.799832
FILLER_42_416,VPWR,li1,197.5700,127.8400,1.799832
FILLER_42_395,VPWR,li1,187.9100,127.8400,1.799872
FILLER_42_392,VPWR,li1,186.5300,127.8400,1.799880
FILLER_42_381,VPWR,li1,181.4700,127.8400,1.799899
FILLER_42_353,VPWR,li1,168.5900,127.8400,1.799891
FILLER_42_309,VPWR,li1,148.3500,127.8400,1.799843
FILLER_42_291,VPWR,li1,140.0700,127.8400,1.799829
FILLER_42_247,VPWR,li1,119.8300,127.8400,1.799807
FILLER_42_228,VPWR,li1,111.0900,127.8400,1.799802
FILLER_42_225,VPWR,li1,109.7100,127.8400,1.799802
FILLER_42_200,VPWR,li1,97.7500,127.8400,1.799799
FILLER_42_197,VPWR,li1,96.8300,127.8400,1.799799
FILLER_42_177,VPWR,li1,87.6300,127.8400,1.799797
FILLER_42_168,VPWR,li1,83.0300,127.8400,1.799797
FILLER_42_158,VPWR,li1,78.4300,127.8400,1.799799
FILLER_42_102,VPWR,li1,53.1300,127.8400,1.799838
FILLER_42_55,VPWR,li1,31.5100,127.8400,1.799912
FILLER_42_52,VPWR,li1,30.1300,127.8400,1.799920
FILLER_42_49,VPWR,li1,28.7500,127.8400,1.799920
FILLER_42_46,VPWR,li1,27.3700,127.8400,1.799930
FILLER_41_686,VPWR,li1,321.5400,122.4000,1.798991
FILLER_41_677,VPWR,li1,317.1700,122.4000,1.798991
FILLER_41_659,VPWR,li1,308.8900,122.4000,1.798998
FILLER_41_641,VPWR,li1,300.8400,122.4000,1.799007
FILLER_41_638,VPWR,li1,299.6900,122.4000,1.799011
FILLER_41_635,VPWR,li1,298.3100,122.4000,1.799011
FILLER_41_632,VPWR,li1,296.9300,122.4000,1.799013
FILLER_41_629,VPWR,li1,295.5500,122.4000,1.799016
FILLER_41_626,VPWR,li1,294.1700,122.4000,1.799016
FILLER_41_623,VPWR,li1,292.7900,122.4000,1.799021
FILLER_41_620,VPWR,li1,291.4100,122.4000,1.799021
FILLER_41_617,VPWR,li1,290.0300,122.4000,1.799024
FILLER_41_614,VPWR,li1,288.4200,122.4000,1.799027
FILLER_41_611,VPWR,li1,287.2700,122.4000,1.799027
FILLER_41_602,VPWR,li1,283.1300,122.4000,1.799036
FILLER_41_599,VPWR,li1,281.7500,122.4000,1.799036
FILLER_41_596,VPWR,li1,280.3700,122.4000,1.799039
FILLER_41_593,VPWR,li1,278.9900,122.4000,1.799042
FILLER_41_590,VPWR,li1,277.6100,122.4000,1.799042
FILLER_41_587,VPWR,li1,276.2300,122.4000,1.799047
FILLER_41_584,VPWR,li1,274.8500,122.4000,1.799047
FILLER_41_567,VPWR,li1,266.8000,122.4000,1.799063
FILLER_41_564,VPWR,li1,265.6500,122.4000,1.799063
FILLER_41_561,VPWR,li1,264.2700,122.4000,1.799068
FILLER_41_559,VPWR,li1,262.8900,122.4000,1.799068
FILLER_41_556,VPWR,li1,261.9700,122.4000,1.799071
FILLER_41_521,VPWR,li1,245.4100,122.4000,1.799139
FILLER_41_503,VPWR,li1,237.1300,122.4000,1.799172
FILLER_41_458,VPWR,li1,216.6600,122.4000,1.799290
FILLER_41_455,VPWR,li1,215.5100,122.4000,1.799305
FILLER_41_452,VPWR,li1,214.1300,122.4000,1.799305
FILLER_41_449,VPWR,li1,212.7500,122.4000,1.799330
FILLER_41_433,VPWR,li1,204.9300,122.4000,1.799406
FILLER_41_413,VPWR,li1,196.1900,122.4000,1.799523
FILLER_41_410,VPWR,li1,194.8100,122.4000,1.799523
FILLER_41_389,VPWR,li1,185.1500,122.4000,1.799658
FILLER_41_371,VPWR,li1,176.4100,122.4000,1.799762
FILLER_41_337,VPWR,li1,161.0000,122.4000,1.799612
FILLER_41_292,VPWR,li1,140.3000,122.4000,1.799473
FILLER_41_289,VPWR,li1,139.1500,122.4000,1.799461
FILLER_41_231,VPWR,li1,112.4700,122.4000,1.799364
FILLER_41_221,VPWR,li1,107.8700,122.4000,1.799352
FILLER_41_150,VPWR,li1,74.9800,122.4000,1.799431
FILLER_41_147,VPWR,li1,73.8300,122.4000,1.799443
FILLER_41_127,VPWR,li1,64.4000,122.4000,1.799478
FILLER_41_124,VPWR,li1,63.2500,122.4000,1.799486
FILLER_41_109,VPWR,li1,56.3500,122.4000,1.799541
FILLER_41_106,VPWR,li1,54.9700,122.4000,1.799541
FILLER_41_95,VPWR,li1,49.9100,122.4000,1.799599
FILLER_41_77,VPWR,li1,41.1700,122.4000,1.799663
FILLER_41_74,VPWR,li1,40.2500,122.4000,1.799684
FILLER_41_47,VPWR,li1,27.3700,122.4000,1.799808
FILLER_41_44,VPWR,li1,26.4500,122.4000,1.799808
FILLER_41_41,VPWR,li1,25.0700,122.4000,1.799830
FILLER_41_3,VPWR,li1,7.5900,122.4000,1.799855
FILLER_40_685,VPWR,li1,321.3100,122.4000,1.798991
FILLER_40_656,VPWR,li1,307.9700,122.4000,1.799000
FILLER_40_653,VPWR,li1,306.5900,122.4000,1.799000
FILLER_40_641,VPWR,li1,301.0700,122.4000,1.799007
FILLER_40_638,VPWR,li1,299.6900,122.4000,1.799011
FILLER_40_635,VPWR,li1,298.3100,122.4000,1.799011
FILLER_40_600,VPWR,li1,282.2100,122.4000,1.799036
FILLER_40_597,VPWR,li1,280.8300,122.4000,1.799039
FILLER_40_594,VPWR,li1,279.4500,122.4000,1.799039
FILLER_40_587,VPWR,li1,275.7700,122.4000,1.799047
FILLER_40_561,VPWR,li1,263.8100,122.4000,1.799068
FILLER_40_531,VPWR,li1,250.0100,122.4000,1.799111
FILLER_40_522,VPWR,li1,245.8700,122.4000,1.799129
FILLER_40_513,VPWR,li1,241.7300,122.4000,1.799149
FILLER_40_503,VPWR,li1,237.3600,122.4000,1.799172
FILLER_40_477,VPWR,li1,225.1700,122.4000,1.799239
FILLER_40_467,VPWR,li1,220.5700,122.4000,1.799275
FILLER_40_464,VPWR,li1,219.6500,122.4000,1.799275
FILLER_40_461,VPWR,li1,218.2700,122.4000,1.799290
FILLER_40_447,VPWR,li1,211.8300,122.4000,1.799330
FILLER_40_421,VPWR,li1,199.4100,122.4000,1.799477
FILLER_40_411,VPWR,li1,194.8100,122.4000,1.799523
FILLER_40_408,VPWR,li1,193.8900,122.4000,1.799550
FILLER_40_405,VPWR,li1,192.5100,122.4000,1.799550
FILLER_40_402,VPWR,li1,191.1300,122.4000,1.799582
FILLER_40_399,VPWR,li1,189.7500,122.4000,1.799582
FILLER_40_365,VPWR,li1,173.6500,122.4000,1.799739
FILLER_40_353,VPWR,li1,168.5900,122.4000,1.799693
FILLER_40_345,VPWR,li1,164.4500,122.4000,1.799643
FILLER_40_326,VPWR,li1,155.9400,122.4000,1.799574
FILLER_40_323,VPWR,li1,154.7900,122.4000,1.799557
FILLER_40_309,VPWR,li1,148.3500,122.4000,1.799510
FILLER_40_289,VPWR,li1,138.9200,122.4000,1.799461
FILLER_40_286,VPWR,li1,137.7700,122.4000,1.799461
FILLER_40_277,VPWR,li1,133.1700,122.4000,1.799439
FILLER_40_233,VPWR,li1,113.1600,122.4000,1.799364
FILLER_40_230,VPWR,li1,112.0100,122.4000,1.799359
FILLER_40_212,VPWR,li1,103.2700,122.4000,1.799344
FILLER_40_200,VPWR,li1,97.7500,122.4000,1.799348
FILLER_40_197,VPWR,li1,96.8300,122.4000,1.799354
FILLER_40_131,VPWR,li1,66.0100,122.4000,1.799478
FILLER_40_128,VPWR,li1,65.0900,122.4000,1.799478
FILLER_40_103,VPWR,li1,53.1300,122.4000,1.799557
FILLER_40_100,VPWR,li1,52.2100,122.4000,1.799577
FILLER_40_97,VPWR,li1,50.8300,122.4000,1.799577
FILLER_40_88,VPWR,li1,46.2300,122.4000,1.799617
FILLER_40_85,VPWR,li1,45.3100,122.4000,1.799633
FILLER_40_74,VPWR,li1,40.0200,122.4000,1.799684
FILLER_40_71,VPWR,li1,38.8700,122.4000,1.799684
FILLER_40_53,VPWR,li1,30.1300,122.4000,1.799780
FILLER_40_50,VPWR,li1,29.2100,122.4000,1.799780
FILLER_40_40,VPWR,li1,24.3800,122.4000,1.799830
FILLER_40_25,VPWR,li1,17.7100,122.4000,1.799858
FILLER_40_22,VPWR,li1,16.3300,122.4000,1.799858
FILLER_40_3,VPWR,li1,7.5900,122.4000,1.799855
FILLER_39_685,VPWR,li1,321.3100,116.9600,1.798524
FILLER_39_682,VPWR,li1,319.9300,116.9600,1.798524
FILLER_39_647,VPWR,li1,303.3700,116.9600,1.798536
FILLER_39_644,VPWR,li1,302.4500,116.9600,1.798539
FILLER_39_641,VPWR,li1,301.0700,116.9600,1.798539
FILLER_39_597,VPWR,li1,280.6000,116.9600,1.798570
FILLER_39_594,VPWR,li1,279.4500,116.9600,1.798575
FILLER_39_591,VPWR,li1,278.0700,116.9600,1.798575
FILLER_39_588,VPWR,li1,276.6900,116.9600,1.798581
FILLER_39_585,VPWR,li1,275.3100,116.9600,1.798581
FILLER_39_558,VPWR,li1,262.6600,116.9600,1.798616
FILLER_39_517,VPWR,li1,244.0300,116.9600,1.798758
FILLER_39_514,VPWR,li1,242.6500,116.9600,1.798784
FILLER_39_511,VPWR,li1,241.2700,116.9600,1.798784
FILLER_39_508,VPWR,li1,239.8900,116.9600,1.798806
FILLER_39_505,VPWR,li1,238.5100,116.9600,1.798827
FILLER_39_502,VPWR,li1,236.9000,116.9600,1.798848
FILLER_39_499,VPWR,li1,235.7500,116.9600,1.798848
FILLER_39_484,VPWR,li1,228.3900,116.9600,1.798954
FILLER_39_472,VPWR,li1,222.8700,116.9600,1.799013
FILLER_39_452,VPWR,li1,214.1300,116.9600,1.799157
FILLER_39_449,VPWR,li1,212.7500,116.9600,1.799187
FILLER_39_447,VPWR,li1,211.3700,116.9600,1.799187
FILLER_39_419,VPWR,li1,198.9500,116.9600,1.799403
FILLER_39_416,VPWR,li1,197.5700,116.9600,1.799438
FILLER_39_413,VPWR,li1,196.1900,116.9600,1.799438
FILLER_39_410,VPWR,li1,194.8100,116.9600,1.799469
FILLER_39_407,VPWR,li1,193.4300,116.9600,1.799508
FILLER_39_404,VPWR,li1,192.0500,116.9600,1.799508
FILLER_39_401,VPWR,li1,190.6700,116.9600,1.799539
FILLER_39_389,VPWR,li1,185.1500,116.9600,1.799625
FILLER_39_345,VPWR,li1,164.4500,116.9600,1.799748
FILLER_39_335,VPWR,li1,159.8500,116.9600,1.799733
FILLER_39_318,VPWR,li1,152.0300,116.9600,1.799708
FILLER_39_284,VPWR,li1,136.6200,116.9600,1.799687
FILLER_39_281,VPWR,li1,135.4700,116.9600,1.799685
FILLER_39_279,VPWR,li1,134.0900,116.9600,1.799685
FILLER_39_242,VPWR,li1,117.5300,116.9600,1.799676
FILLER_39_239,VPWR,li1,116.1500,116.9600,1.799675
FILLER_39_222,VPWR,li1,108.1000,116.9600,1.799673
FILLER_39_186,VPWR,li1,91.5400,116.9600,1.799687
FILLER_39_157,VPWR,li1,78.4300,116.9600,1.799706
FILLER_39_148,VPWR,li1,73.8300,116.9600,1.799714
FILLER_39_145,VPWR,li1,72.9100,116.9600,1.799719
FILLER_39_142,VPWR,li1,71.5300,116.9600,1.799719
FILLER_39_139,VPWR,li1,70.1500,116.9600,1.799724
FILLER_39_136,VPWR,li1,68.7700,116.9600,1.799724
FILLER_39_119,VPWR,li1,60.4900,116.9600,1.799743
FILLER_39_116,VPWR,li1,59.5700,116.9600,1.799743
FILLER_39_113,VPWR,li1,58.1900,116.9600,1.799750
FILLER_39_110,VPWR,li1,56.5800,116.9600,1.799750
FILLER_39_93,VPWR,li1,48.5300,116.9600,1.799793
FILLER_39_60,VPWR,li1,33.5800,116.9600,1.799874
FILLER_39_57,VPWR,li1,32.4300,116.9600,1.799888
FILLER_39_55,VPWR,li1,31.0500,116.9600,1.799888
FILLER_39_52,VPWR,li1,30.1300,116.9600,1.799901
FILLER_39_49,VPWR,li1,28.7500,116.9600,1.799901
FILLER_39_46,VPWR,li1,27.3700,116.9600,1.799914
FILLER_39_43,VPWR,li1,25.9900,116.9600,1.799926
FILLER_39_40,VPWR,li1,24.6100,116.9600,1.799926
FILLER_39_30,VPWR,li1,19.7800,116.9600,1.799940
FILLER_39_27,VPWR,li1,18.6300,116.9600,1.799939
FILLER_39_24,VPWR,li1,17.2500,116.9600,1.799939
FILLER_39_3,VPWR,li1,7.1300,116.9600,1.799938
FILLER_38_685,VPWR,li1,321.3100,116.9600,1.798524
FILLER_38_666,VPWR,li1,312.3400,116.9600,1.798526
FILLER_38_648,VPWR,li1,303.8300,116.9600,1.798536
FILLER_38_645,VPWR,li1,302.9100,116.9600,1.798536
FILLER_38_607,VPWR,li1,285.4300,116.9600,1.798561
FILLER_38_589,VPWR,li1,276.9200,116.9600,1.798581
FILLER_38_585,VPWR,li1,275.3100,116.9600,1.798581
FILLER_38_531,VPWR,li1,250.0100,116.9600,1.798684
FILLER_38_522,VPWR,li1,245.8700,116.9600,1.798731
FILLER_38_519,VPWR,li1,244.9500,116.9600,1.798758
FILLER_38_516,VPWR,li1,243.5700,116.9600,1.798758
FILLER_38_513,VPWR,li1,242.1900,116.9600,1.798784
FILLER_38_510,VPWR,li1,240.8100,116.9600,1.798806
FILLER_38_507,VPWR,li1,239.4300,116.9600,1.798806
FILLER_38_473,VPWR,li1,223.7900,116.9600,1.799013
FILLER_38_470,VPWR,li1,222.4100,116.9600,1.799013
FILLER_38_450,VPWR,li1,213.2100,116.9600,1.799157
FILLER_38_447,VPWR,li1,211.8300,116.9600,1.799187
FILLER_38_431,VPWR,li1,204.2400,116.9600,1.799303
FILLER_38_421,VPWR,li1,199.6400,116.9600,1.799403
FILLER_38_418,VPWR,li1,198.2600,116.9600,1.799403
FILLER_38_415,VPWR,li1,197.1100,116.9600,1.799438
FILLER_38_412,VPWR,li1,195.7300,116.9600,1.799469
FILLER_38_409,VPWR,li1,194.3500,116.9600,1.799469
FILLER_38_406,VPWR,li1,192.9700,116.9600,1.799508
FILLER_38_403,VPWR,li1,191.5900,116.9600,1.799539
FILLER_38_400,VPWR,li1,190.2100,116.9600,1.799539
FILLER_38_397,VPWR,li1,188.8300,116.9600,1.799586
FILLER_38_394,VPWR,li1,187.4500,116.9600,1.799586
FILLER_38_391,VPWR,li1,186.0700,116.9600,1.799625
FILLER_38_345,VPWR,li1,164.9100,116.9600,1.799748
FILLER_38_336,VPWR,li1,160.5400,116.9600,1.799733
FILLER_38_326,VPWR,li1,155.9400,116.9600,1.799721
FILLER_38_323,VPWR,li1,154.7900,116.9600,1.799716
FILLER_38_309,VPWR,li1,148.3500,116.9600,1.799702
FILLER_38_280,VPWR,li1,135.0100,116.9600,1.799685
FILLER_38_277,VPWR,li1,133.6300,116.9600,1.799683
FILLER_38_274,VPWR,li1,132.2500,116.9600,1.799683
FILLER_38_256,VPWR,li1,123.5100,116.9600,1.799677
FILLER_38_253,VPWR,li1,122.5900,116.9600,1.799677
FILLER_38_241,VPWR,li1,117.0700,116.9600,1.799675
FILLER_38_238,VPWR,li1,115.6900,116.9600,1.799675
FILLER_38_186,VPWR,li1,91.5400,116.9600,1.799687
FILLER_38_175,VPWR,li1,86.7100,116.9600,1.799692
FILLER_38_149,VPWR,li1,74.5200,116.9600,1.799714
FILLER_38_139,VPWR,li1,69.6900,116.9600,1.799724
FILLER_38_136,VPWR,li1,68.7700,116.9600,1.799724
FILLER_38_117,VPWR,li1,59.8000,116.9600,1.799743
FILLER_38_105,VPWR,li1,54.0500,116.9600,1.799768
FILLER_38_102,VPWR,li1,53.1300,116.9600,1.799768
FILLER_38_68,VPWR,li1,37.2600,116.9600,1.799861
FILLER_38_45,VPWR,li1,26.4500,116.9600,1.799914
FILLER_38_27,VPWR,li1,18.1700,116.9600,1.799939
FILLER_37_687,VPWR,li1,321.7700,111.5200,1.798857
FILLER_37_684,VPWR,li1,320.8500,111.5200,1.798857
FILLER_37_681,VPWR,li1,319.4700,111.5200,1.798857
FILLER_37_648,VPWR,li1,303.8300,111.5200,1.798881
FILLER_37_645,VPWR,li1,302.9100,111.5200,1.798887
FILLER_37_642,VPWR,li1,301.5300,111.5200,1.798895
FILLER_37_597,VPWR,li1,280.6000,111.5200,1.798982
FILLER_37_561,VPWR,li1,264.0400,111.5200,1.799077
FILLER_37_559,VPWR,li1,262.8900,111.5200,1.799090
FILLER_37_556,VPWR,li1,261.9700,111.5200,1.799090
FILLER_37_523,VPWR,li1,246.3300,111.5200,1.799201
FILLER_37_520,VPWR,li1,245.4100,111.5200,1.799201
FILLER_37_517,VPWR,li1,244.0300,111.5200,1.799216
FILLER_37_503,VPWR,li1,237.1300,111.5200,1.799257
FILLER_37_485,VPWR,li1,228.8500,111.5200,1.799316
FILLER_37_465,VPWR,li1,219.8800,111.5200,1.799390
FILLER_37_445,VPWR,li1,210.9100,111.5200,1.799482
FILLER_37_442,VPWR,li1,209.5300,111.5200,1.799482
FILLER_37_425,VPWR,li1,201.2500,111.5200,1.799557
FILLER_37_405,VPWR,li1,192.5100,111.5200,1.799645
FILLER_37_402,VPWR,li1,191.1300,111.5200,1.799665
FILLER_37_399,VPWR,li1,189.7500,111.5200,1.799690
FILLER_37_396,VPWR,li1,188.3700,111.5200,1.799690
FILLER_37_393,VPWR,li1,186.9900,111.5200,1.799714
FILLER_37_356,VPWR,li1,169.9700,111.5200,1.799817
FILLER_37_346,VPWR,li1,165.1400,111.5200,1.799796
FILLER_37_337,VPWR,li1,160.7700,111.5200,1.799774
FILLER_37_318,VPWR,li1,152.2600,111.5200,1.799741
FILLER_37_281,VPWR,li1,135.4700,111.5200,1.799677
FILLER_37_279,VPWR,li1,134.0900,111.5200,1.799677
FILLER_37_276,VPWR,li1,133.1700,111.5200,1.799669
FILLER_37_273,VPWR,li1,131.7900,111.5200,1.799669
FILLER_37_270,VPWR,li1,130.4100,111.5200,1.799661
FILLER_37_267,VPWR,li1,129.0300,111.5200,1.799661
FILLER_37_258,VPWR,li1,124.4300,111.5200,1.799645
FILLER_37_255,VPWR,li1,123.5100,111.5200,1.799645
FILLER_37_252,VPWR,li1,122.1300,111.5200,1.799639
FILLER_37_243,VPWR,li1,117.5300,111.5200,1.799627
FILLER_37_240,VPWR,li1,116.6100,111.5200,1.799620
FILLER_37_237,VPWR,li1,115.2300,111.5200,1.799620
FILLER_37_234,VPWR,li1,113.8500,111.5200,1.799612
FILLER_37_231,VPWR,li1,112.4700,111.5200,1.799612
FILLER_37_228,VPWR,li1,111.0900,111.5200,1.799609
FILLER_37_225,VPWR,li1,109.7100,111.5200,1.799605
FILLER_37_222,VPWR,li1,108.1000,111.5200,1.799605
FILLER_37_196,VPWR,li1,95.9100,111.5200,1.799588
FILLER_37_188,VPWR,li1,92.4600,111.5200,1.799588
FILLER_37_185,VPWR,li1,91.3100,111.5200,1.799588
FILLER_37_182,VPWR,li1,89.9300,111.5200,1.799593
FILLER_37_179,VPWR,li1,88.5500,111.5200,1.799593
FILLER_37_156,VPWR,li1,77.7400,111.5200,1.799620
FILLER_37_153,VPWR,li1,76.5900,111.5200,1.799620
FILLER_37_150,VPWR,li1,75.2100,111.5200,1.799627
FILLER_37_147,VPWR,li1,73.8300,111.5200,1.799627
FILLER_37_127,VPWR,li1,64.6300,111.5200,1.799660
FILLER_37_124,VPWR,li1,63.2500,111.5200,1.799660
FILLER_37_85,VPWR,li1,44.8500,111.5200,1.799764
FILLER_37_82,VPWR,li1,43.9300,111.5200,1.799764
FILLER_37_47,VPWR,li1,27.3700,111.5200,1.799876
FILLER_37_44,VPWR,li1,26.4500,111.5200,1.799889
FILLER_37_41,VPWR,li1,25.0700,111.5200,1.799889
FILLER_37_3,VPWR,li1,7.5900,111.5200,1.799902
FILLER_36_677,VPWR,li1,317.6300,111.5200,1.798857
FILLER_36_656,VPWR,li1,307.7400,111.5200,1.798871
FILLER_36_653,VPWR,li1,306.5900,111.5200,1.798871
FILLER_36_635,VPWR,li1,297.8500,111.5200,1.798903
FILLER_36_632,VPWR,li1,296.9300,111.5200,1.798911
FILLER_36_629,VPWR,li1,295.5500,111.5200,1.798911
FILLER_36_626,VPWR,li1,294.1700,111.5200,1.798920
FILLER_36_607,VPWR,li1,285.2000,111.5200,1.798958
FILLER_36_604,VPWR,li1,284.0500,111.5200,1.798970
FILLER_36_601,VPWR,li1,282.6700,111.5200,1.798970
FILLER_36_598,VPWR,li1,281.2900,111.5200,1.798982
FILLER_36_595,VPWR,li1,279.9100,111.5200,1.798994
FILLER_36_592,VPWR,li1,278.5300,111.5200,1.798994
FILLER_36_589,VPWR,li1,277.1500,111.5200,1.799008
FILLER_36_587,VPWR,li1,275.7700,111.5200,1.799008
FILLER_36_584,VPWR,li1,274.8500,111.5200,1.799021
FILLER_36_581,VPWR,li1,273.4700,111.5200,1.799021
FILLER_36_545,VPWR,li1,256.9100,111.5200,1.799130
FILLER_36_542,VPWR,li1,255.5300,111.5200,1.799130
FILLER_36_530,VPWR,li1,249.7800,111.5200,1.799166
FILLER_36_519,VPWR,li1,244.7200,111.5200,1.799201
FILLER_36_451,VPWR,li1,213.4400,111.5200,1.799461
FILLER_36_448,VPWR,li1,212.2900,111.5200,1.799461
FILLER_36_438,VPWR,li1,207.2300,111.5200,1.799505
FILLER_36_402,VPWR,li1,190.6700,111.5200,1.799665
FILLER_36_399,VPWR,li1,189.7500,111.5200,1.799690
FILLER_36_396,VPWR,li1,188.3700,111.5200,1.799690
FILLER_36_393,VPWR,li1,186.9900,111.5200,1.799714
FILLER_36_365,VPWR,li1,174.1100,111.5200,1.799829
FILLER_36_362,VPWR,li1,172.5000,111.5200,1.799829
FILLER_36_320,VPWR,li1,153.1800,111.5200,1.799741
FILLER_36_317,VPWR,li1,152.0300,111.5200,1.799741
FILLER_36_307,VPWR,li1,146.9700,111.5200,1.799722
FILLER_36_288,VPWR,li1,138.4600,111.5200,1.799689
FILLER_36_285,VPWR,li1,137.3100,111.5200,1.799683
FILLER_36_282,VPWR,li1,135.9300,111.5200,1.799683
FILLER_36_279,VPWR,li1,134.5500,111.5200,1.799677
FILLER_36_273,VPWR,li1,131.5600,111.5200,1.799669
FILLER_36_270,VPWR,li1,130.4100,111.5200,1.799661
FILLER_36_267,VPWR,li1,129.0300,111.5200,1.799661
FILLER_36_256,VPWR,li1,123.9700,111.5200,1.799645
FILLER_36_253,VPWR,li1,122.5900,111.5200,1.799639
FILLER_36_243,VPWR,li1,117.5300,111.5200,1.799627
FILLER_36_240,VPWR,li1,116.6100,111.5200,1.799620
FILLER_36_228,VPWR,li1,110.6300,111.5200,1.799609
FILLER_36_225,VPWR,li1,109.7100,111.5200,1.799605
FILLER_36_222,VPWR,li1,108.3300,111.5200,1.799605
FILLER_36_213,VPWR,li1,103.7300,111.5200,1.799597
FILLER_36_203,VPWR,li1,99.1300,111.5200,1.799590
FILLER_36_200,VPWR,li1,98.2100,111.5200,1.799590
FILLER_36_197,VPWR,li1,96.8300,111.5200,1.799588
FILLER_36_182,VPWR,li1,89.9300,111.5200,1.799593
FILLER_36_179,VPWR,li1,88.5500,111.5200,1.799593
FILLER_36_144,VPWR,li1,72.2200,111.5200,1.799634
FILLER_36_141,VPWR,li1,71.0700,111.5200,1.799634
FILLER_36_113,VPWR,li1,57.9600,111.5200,1.799686
FILLER_36_75,VPWR,li1,40.2500,111.5200,1.799793
FILLER_36_72,VPWR,li1,39.3300,111.5200,1.799793
FILLER_36_46,VPWR,li1,26.9100,111.5200,1.799876
FILLER_35_679,VPWR,li1,318.0900,106.0800,1.799091
FILLER_35_676,VPWR,li1,317.1700,106.0800,1.799091
FILLER_35_673,VPWR,li1,315.7900,106.0800,1.799091
FILLER_35_647,VPWR,li1,303.3700,106.0800,1.799092
FILLER_35_644,VPWR,li1,302.4500,106.0800,1.799092
FILLER_35_641,VPWR,li1,301.0700,106.0800,1.799093
FILLER_35_638,VPWR,li1,299.6900,106.0800,1.799093
FILLER_35_635,VPWR,li1,298.3100,106.0800,1.799093
FILLER_35_632,VPWR,li1,296.9300,106.0800,1.799093
FILLER_35_629,VPWR,li1,295.5500,106.0800,1.799093
FILLER_35_626,VPWR,li1,294.1700,106.0800,1.799094
FILLER_35_623,VPWR,li1,292.7900,106.0800,1.799094
FILLER_35_620,VPWR,li1,291.4100,106.0800,1.799094
FILLER_35_617,VPWR,li1,290.0300,106.0800,1.799094
FILLER_35_604,VPWR,li1,283.5900,106.0800,1.799110
FILLER_35_601,VPWR,li1,282.6700,106.0800,1.799110
FILLER_35_598,VPWR,li1,281.2900,106.0800,1.799119
FILLER_35_595,VPWR,li1,279.9100,106.0800,1.799119
FILLER_35_592,VPWR,li1,278.5300,106.0800,1.799129
FILLER_35_589,VPWR,li1,277.1500,106.0800,1.799129
FILLER_35_561,VPWR,li1,264.2700,106.0800,1.799181
FILLER_35_558,VPWR,li1,262.6600,106.0800,1.799188
FILLER_35_555,VPWR,li1,261.5100,106.0800,1.799188
FILLER_35_552,VPWR,li1,260.1300,106.0800,1.799200
FILLER_35_549,VPWR,li1,258.7500,106.0800,1.799200
FILLER_35_485,VPWR,li1,229.0800,106.0800,1.799355
FILLER_35_465,VPWR,li1,219.8800,106.0800,1.799411
FILLER_35_393,VPWR,li1,186.7600,106.0800,1.799695
FILLER_35_361,VPWR,li1,172.0400,106.0800,1.799783
FILLER_35_358,VPWR,li1,170.8900,106.0800,1.799783
FILLER_35_315,VPWR,li1,150.6500,106.0800,1.799648
FILLER_35_312,VPWR,li1,149.7300,106.0800,1.799648
FILLER_35_287,VPWR,li1,138.2300,106.0800,1.799604
FILLER_35_284,VPWR,li1,136.8500,106.0800,1.799598
FILLER_35_281,VPWR,li1,135.4700,106.0800,1.799593
FILLER_35_278,VPWR,li1,133.8600,106.0800,1.799593
FILLER_35_269,VPWR,li1,129.9500,106.0800,1.799583
FILLER_35_243,VPWR,li1,117.5300,106.0800,1.799562
FILLER_35_240,VPWR,li1,116.6100,106.0800,1.799562
FILLER_35_228,VPWR,li1,110.6300,106.0800,1.799567
FILLER_35_225,VPWR,li1,109.7100,106.0800,1.799572
FILLER_35_223,VPWR,li1,108.3300,106.0800,1.799578
FILLER_35_150,VPWR,li1,74.7500,106.0800,1.799689
FILLER_35_147,VPWR,li1,73.8300,106.0800,1.799699
FILLER_35_93,VPWR,li1,48.7600,106.0800,1.799804
FILLER_35_90,VPWR,li1,47.6100,106.0800,1.799814
FILLER_35_80,VPWR,li1,42.7800,106.0800,1.799833
FILLER_35_77,VPWR,li1,41.6300,106.0800,1.799844
FILLER_35_74,VPWR,li1,40.2500,106.0800,1.799844
FILLER_35_55,VPWR,li1,31.0500,106.0800,1.799890
FILLER_35_44,VPWR,li1,26.4500,106.0800,1.799915
FILLER_35_41,VPWR,li1,25.0700,106.0800,1.799927
FILLER_35_3,VPWR,li1,7.5900,106.0800,1.799934
FILLER_34_687,VPWR,li1,321.7700,106.0800,1.799091
FILLER_34_684,VPWR,li1,320.8500,106.0800,1.799091
FILLER_34_681,VPWR,li1,319.4700,106.0800,1.799091
FILLER_34_653,VPWR,li1,306.1300,106.0800,1.799092
FILLER_34_643,VPWR,li1,301.5300,106.0800,1.799092
FILLER_34_640,VPWR,li1,300.6100,106.0800,1.799093
FILLER_34_637,VPWR,li1,299.2300,106.0800,1.799093
FILLER_34_634,VPWR,li1,297.8500,106.0800,1.799093
FILLER_34_631,VPWR,li1,296.4700,106.0800,1.799093
FILLER_34_595,VPWR,li1,279.9100,106.0800,1.799119
FILLER_34_592,VPWR,li1,278.5300,106.0800,1.799129
FILLER_34_589,VPWR,li1,277.1500,106.0800,1.799129
FILLER_34_587,VPWR,li1,275.7700,106.0800,1.799138
FILLER_34_584,VPWR,li1,274.8500,106.0800,1.799138
FILLER_34_558,VPWR,li1,262.4300,106.0800,1.799188
FILLER_34_531,VPWR,li1,250.0100,106.0800,1.799239
FILLER_34_522,VPWR,li1,245.8700,106.0800,1.799266
FILLER_34_519,VPWR,li1,244.9500,106.0800,1.799266
FILLER_34_516,VPWR,li1,243.5700,106.0800,1.799281
FILLER_34_513,VPWR,li1,242.1900,106.0800,1.799281
FILLER_34_510,VPWR,li1,240.8100,106.0800,1.799296
FILLER_34_507,VPWR,li1,239.4300,106.0800,1.799296
FILLER_34_488,VPWR,li1,230.4600,106.0800,1.799355
FILLER_34_485,VPWR,li1,229.3100,106.0800,1.799355
FILLER_34_465,VPWR,li1,220.1100,106.0800,1.799411
FILLER_34_429,VPWR,li1,203.3200,106.0800,1.799523
FILLER_34_402,VPWR,li1,190.6700,106.0800,1.799664
FILLER_34_399,VPWR,li1,189.7500,106.0800,1.799664
FILLER_34_368,VPWR,li1,175.2600,106.0800,1.799813
FILLER_34_365,VPWR,li1,174.1100,106.0800,1.799799
FILLER_34_361,VPWR,li1,172.2700,106.0800,1.799783
FILLER_34_358,VPWR,li1,170.8900,106.0800,1.799783
FILLER_34_355,VPWR,li1,169.5100,106.0800,1.799768
FILLER_34_352,VPWR,li1,168.1300,106.0800,1.799753
FILLER_34_328,VPWR,li1,157.0900,106.0800,1.799693
FILLER_34_253,VPWR,li1,122.3600,106.0800,1.799568
FILLER_34_200,VPWR,li1,97.9800,106.0800,1.799606
FILLER_34_197,VPWR,li1,96.8300,106.0800,1.799613
FILLER_34_179,VPWR,li1,88.0900,106.0800,1.799639
FILLER_34_152,VPWR,li1,75.9000,106.0800,1.799689
FILLER_34_149,VPWR,li1,74.7500,106.0800,1.799689
FILLER_34_139,VPWR,li1,69.6900,106.0800,1.799712
FILLER_34_113,VPWR,li1,57.7300,106.0800,1.799764
FILLER_34_110,VPWR,li1,56.8100,106.0800,1.799774
FILLER_34_107,VPWR,li1,55.4300,106.0800,1.799774
FILLER_34_104,VPWR,li1,54.0500,106.0800,1.799786
FILLER_34_101,VPWR,li1,52.6700,106.0800,1.799786
FILLER_34_94,VPWR,li1,49.2200,106.0800,1.799804
FILLER_34_91,VPWR,li1,48.0700,106.0800,1.799814
FILLER_34_88,VPWR,li1,46.6900,106.0800,1.799814
FILLER_34_85,VPWR,li1,45.3100,106.0800,1.799825
FILLER_34_74,VPWR,li1,40.2500,106.0800,1.799844
FILLER_34_71,VPWR,li1,38.8700,106.0800,1.799857
FILLER_34_68,VPWR,li1,37.4900,106.0800,1.799857
FILLER_34_56,VPWR,li1,31.9700,106.0800,1.799890
FILLER_34_45,VPWR,li1,26.9100,106.0800,1.799915
FILLER_34_42,VPWR,li1,25.5300,106.0800,1.799927
FILLER_34_39,VPWR,li1,24.1500,106.0800,1.799927
FILLER_34_29,VPWR,li1,19.3200,106.0800,1.799938
FILLER_34_26,VPWR,li1,17.9400,106.0800,1.799937
FILLER_34_23,VPWR,li1,16.7900,106.0800,1.799937
FILLER_34_20,VPWR,li1,15.4100,106.0800,1.799936
FILLER_34_17,VPWR,li1,14.0300,106.0800,1.799936
FILLER_34_6,VPWR,li1,8.9700,106.0800,1.799934
FILLER_34_3,VPWR,li1,7.5900,106.0800,1.799934
FILLER_33_679,VPWR,li1,318.0900,100.6400,1.799298
FILLER_33_597,VPWR,li1,280.6000,100.6400,1.799363
FILLER_33_569,VPWR,li1,267.9500,100.6400,1.799406
FILLER_33_558,VPWR,li1,262.6600,100.6400,1.799426
FILLER_33_555,VPWR,li1,261.5100,100.6400,1.799434
FILLER_33_511,VPWR,li1,241.2700,100.6400,1.799523
FILLER_33_508,VPWR,li1,239.8900,100.6400,1.799523
FILLER_33_505,VPWR,li1,238.5100,100.6400,1.799534
FILLER_33_494,VPWR,li1,233.2200,100.6400,1.799553
FILLER_33_491,VPWR,li1,232.0700,100.6400,1.799563
FILLER_33_488,VPWR,li1,230.6900,100.6400,1.799571
FILLER_33_485,VPWR,li1,229.3100,100.6400,1.799571
FILLER_33_482,VPWR,li1,227.9300,100.6400,1.799584
FILLER_33_479,VPWR,li1,226.5500,100.6400,1.799584
FILLER_33_476,VPWR,li1,225.1700,100.6400,1.799593
FILLER_33_467,VPWR,li1,220.5700,100.6400,1.799612
FILLER_33_457,VPWR,li1,216.2000,100.6400,1.799634
FILLER_33_438,VPWR,li1,207.2300,100.6400,1.799683
FILLER_33_435,VPWR,li1,206.3100,100.6400,1.799683
FILLER_33_432,VPWR,li1,204.9300,100.6400,1.799698
FILLER_33_429,VPWR,li1,203.5500,100.6400,1.799698
FILLER_33_402,VPWR,li1,190.6700,100.6400,1.799771
FILLER_33_399,VPWR,li1,189.7500,100.6400,1.799781
FILLER_33_396,VPWR,li1,188.3700,100.6400,1.799781
FILLER_33_393,VPWR,li1,186.9900,100.6400,1.799793
FILLER_33_362,VPWR,li1,172.5000,100.6400,1.799849
FILLER_33_359,VPWR,li1,171.3500,100.6400,1.799849
FILLER_33_356,VPWR,li1,169.9700,100.6400,1.799837
FILLER_33_353,VPWR,li1,168.5900,100.6400,1.799837
FILLER_33_350,VPWR,li1,167.2100,100.6400,1.799823
FILLER_33_337,VPWR,li1,161.2300,100.6400,1.799797
FILLER_33_317,VPWR,li1,151.8000,100.6400,1.799767
FILLER_33_270,VPWR,li1,130.1800,100.6400,1.799723
FILLER_33_225,VPWR,li1,109.4800,100.6400,1.799704
FILLER_33_222,VPWR,li1,108.1000,100.6400,1.799704
FILLER_33_219,VPWR,li1,106.9500,100.6400,1.799704
FILLER_33_182,VPWR,li1,89.9300,100.6400,1.799717
FILLER_33_179,VPWR,li1,88.5500,100.6400,1.799717
FILLER_33_169,VPWR,li1,83.7200,100.6400,1.799727
FILLER_33_167,VPWR,li1,82.5700,100.6400,1.799727
FILLER_33_164,VPWR,li1,81.6500,100.6400,1.799733
FILLER_33_161,VPWR,li1,80.2700,100.6400,1.799733
FILLER_33_158,VPWR,li1,78.8900,100.6400,1.799739
FILLER_33_155,VPWR,li1,77.5100,100.6400,1.799739
FILLER_33_152,VPWR,li1,76.1300,100.6400,1.799744
FILLER_33_149,VPWR,li1,74.7500,100.6400,1.799749
FILLER_33_146,VPWR,li1,73.3700,100.6400,1.799749
FILLER_33_127,VPWR,li1,64.1700,100.6400,1.799773
FILLER_33_124,VPWR,li1,63.2500,100.6400,1.799773
FILLER_33_121,VPWR,li1,61.8700,100.6400,1.799777
FILLER_33_111,VPWR,li1,56.8100,100.6400,1.799791
FILLER_33_108,VPWR,li1,55.8900,100.6400,1.799791
FILLER_33_65,VPWR,li1,35.6500,100.6400,1.799860
FILLER_33_57,VPWR,li1,32.4300,100.6400,1.799870
FILLER_33_54,VPWR,li1,30.8200,100.6400,1.799876
FILLER_33_51,VPWR,li1,29.6700,100.6400,1.799876
FILLER_33_48,VPWR,li1,28.2900,100.6400,1.799894
FILLER_33_45,VPWR,li1,26.9100,100.6400,1.799894
FILLER_33_28,VPWR,li1,19.0900,100.6400,1.799928
FILLER_33_18,VPWR,li1,14.2600,100.6400,1.799928
FILLER_33_9,VPWR,li1,9.8900,100.6400,1.799928
FILLER_33_6,VPWR,li1,8.9700,100.6400,1.799928
FILLER_33_3,VPWR,li1,7.5900,100.6400,1.799928
FILLER_32_687,VPWR,li1,321.7700,100.6400,1.799298
FILLER_32_643,VPWR,li1,301.5300,100.6400,1.799318
FILLER_32_640,VPWR,li1,300.6100,100.6400,1.799318
FILLER_32_586,VPWR,li1,275.5400,100.6400,1.799382
FILLER_32_583,VPWR,li1,274.3900,100.6400,1.799382
FILLER_32_556,VPWR,li1,261.5100,100.6400,1.799434
FILLER_32_553,VPWR,li1,260.5900,100.6400,1.799434
FILLER_32_550,VPWR,li1,259.2100,100.6400,1.799442
FILLER_32_521,VPWR,li1,245.8700,100.6400,1.799496
FILLER_32_518,VPWR,li1,244.4900,100.6400,1.799506
FILLER_32_515,VPWR,li1,243.1100,100.6400,1.799515
FILLER_32_512,VPWR,li1,241.7300,100.6400,1.799515
FILLER_32_509,VPWR,li1,240.3500,100.6400,1.799523
FILLER_32_506,VPWR,li1,238.9700,100.6400,1.799534
FILLER_32_495,VPWR,li1,233.9100,100.6400,1.799553
FILLER_32_492,VPWR,li1,232.5300,100.6400,1.799563
FILLER_32_489,VPWR,li1,231.1500,100.6400,1.799563
FILLER_32_486,VPWR,li1,229.7700,100.6400,1.799571
FILLER_32_477,VPWR,li1,225.1700,100.6400,1.799593
FILLER_32_475,VPWR,li1,224.2500,100.6400,1.799603
FILLER_32_472,VPWR,li1,223.3300,100.6400,1.799603
FILLER_32_469,VPWR,li1,221.9500,100.6400,1.799612
FILLER_32_466,VPWR,li1,220.5700,100.6400,1.799612
FILLER_32_457,VPWR,li1,215.9700,100.6400,1.799634
FILLER_32_437,VPWR,li1,207.2300,100.6400,1.799683
FILLER_32_417,VPWR,li1,198.0300,100.6400,1.799728
FILLER_32_406,VPWR,li1,192.9700,100.6400,1.799757
FILLER_32_403,VPWR,li1,191.5900,100.6400,1.799771
FILLER_32_400,VPWR,li1,190.2100,100.6400,1.799771
FILLER_32_397,VPWR,li1,188.8300,100.6400,1.799781
FILLER_32_394,VPWR,li1,187.4500,100.6400,1.799793
FILLER_32_391,VPWR,li1,186.0700,100.6400,1.799793
FILLER_32_378,VPWR,li1,179.6300,100.6400,1.799831
FILLER_32_368,VPWR,li1,175.0300,100.6400,1.799867
FILLER_32_365,VPWR,li1,174.1100,100.6400,1.799858
FILLER_32_353,VPWR,li1,168.5900,100.6400,1.799837
FILLER_32_350,VPWR,li1,167.2100,100.6400,1.799823
FILLER_32_347,VPWR,li1,165.8300,100.6400,1.799823
FILLER_32_344,VPWR,li1,164.4500,100.6400,1.799812
FILLER_32_306,VPWR,li1,146.7400,100.6400,1.799750
FILLER_32_271,VPWR,li1,130.4100,100.6400,1.799723
FILLER_32_241,VPWR,li1,117.0700,100.6400,1.799707
FILLER_32_178,VPWR,li1,87.6300,100.6400,1.799721
FILLER_32_159,VPWR,li1,79.1200,100.6400,1.799739
FILLER_32_156,VPWR,li1,77.9700,100.6400,1.799739
FILLER_32_153,VPWR,li1,76.5900,100.6400,1.799744
FILLER_32_150,VPWR,li1,75.2100,100.6400,1.799744
FILLER_32_147,VPWR,li1,73.8300,100.6400,1.799749
FILLER_32_144,VPWR,li1,72.4500,100.6400,1.799754
FILLER_32_141,VPWR,li1,71.0700,100.6400,1.799754
FILLER_32_139,VPWR,li1,69.6900,100.6400,1.799760
FILLER_32_136,VPWR,li1,68.7700,100.6400,1.799760
FILLER_32_125,VPWR,li1,63.7100,100.6400,1.799773
FILLER_32_108,VPWR,li1,55.4300,100.6400,1.799796
FILLER_32_74,VPWR,li1,40.0200,100.6400,1.799840
FILLER_32_64,VPWR,li1,35.4200,100.6400,1.799860
FILLER_32_61,VPWR,li1,34.2700,100.6400,1.799860
FILLER_32_48,VPWR,li1,28.0600,100.6400,1.799894
FILLER_32_29,VPWR,li1,19.3200,100.6400,1.799928
FILLER_32_9,VPWR,li1,10.3500,100.6400,1.799928
FILLER_32_6,VPWR,li1,8.9700,100.6400,1.799928
FILLER_32_3,VPWR,li1,7.5900,100.6400,1.799928
FILLER_31_676,VPWR,li1,316.9400,95.2000,1.799107
FILLER_31_673,VPWR,li1,315.7900,95.2000,1.799107
FILLER_31_669,VPWR,li1,313.9500,95.2000,1.799108
FILLER_31_634,VPWR,li1,297.3900,95.2000,1.799119
FILLER_31_615,VPWR,li1,288.6500,95.2000,1.799130
FILLER_31_596,VPWR,li1,280.1400,95.2000,1.799146
FILLER_31_593,VPWR,li1,278.9900,95.2000,1.799151
FILLER_31_564,VPWR,li1,265.6500,95.2000,1.799200
FILLER_31_561,VPWR,li1,264.2700,95.2000,1.799213
FILLER_31_549,VPWR,li1,258.7500,95.2000,1.799242
FILLER_31_539,VPWR,li1,254.1500,95.2000,1.799274
FILLER_31_529,VPWR,li1,249.3200,95.2000,1.799300
FILLER_31_526,VPWR,li1,248.1700,95.2000,1.799300
FILLER_31_523,VPWR,li1,246.7900,95.2000,1.799311
FILLER_31_505,VPWR,li1,238.5100,95.2000,1.799362
FILLER_31_495,VPWR,li1,233.4500,95.2000,1.799388
FILLER_31_468,VPWR,li1,221.2600,95.2000,1.799473
FILLER_31_465,VPWR,li1,220.1100,95.2000,1.799487
FILLER_31_445,VPWR,li1,210.9100,95.2000,1.799564
FILLER_31_442,VPWR,li1,209.5300,95.2000,1.799564
FILLER_31_439,VPWR,li1,208.1500,95.2000,1.799586
FILLER_31_436,VPWR,li1,206.7700,95.2000,1.799586
FILLER_31_433,VPWR,li1,205.3900,95.2000,1.799609
FILLER_31_430,VPWR,li1,204.0100,95.2000,1.799609
FILLER_31_427,VPWR,li1,202.6300,95.2000,1.799631
FILLER_31_424,VPWR,li1,201.2500,95.2000,1.799631
FILLER_31_405,VPWR,li1,192.2800,95.2000,1.799709
FILLER_31_402,VPWR,li1,191.1300,95.2000,1.799728
FILLER_31_399,VPWR,li1,189.7500,95.2000,1.799745
FILLER_31_396,VPWR,li1,188.3700,95.2000,1.799745
FILLER_31_393,VPWR,li1,186.9900,95.2000,1.799762
FILLER_31_391,VPWR,li1,185.6100,95.2000,1.799779
FILLER_31_388,VPWR,li1,184.6900,95.2000,1.799779
FILLER_31_353,VPWR,li1,168.1300,95.2000,1.799844
FILLER_31_316,VPWR,li1,151.5700,95.2000,1.799805
FILLER_31_313,VPWR,li1,150.1900,95.2000,1.799805
FILLER_31_308,VPWR,li1,147.4300,95.2000,1.799798
FILLER_31_305,VPWR,li1,146.5100,95.2000,1.799798
FILLER_31_281,VPWR,li1,135.0100,95.2000,1.799784
FILLER_31_271,VPWR,li1,130.4100,95.2000,1.799782
FILLER_31_268,VPWR,li1,129.4900,95.2000,1.799781
FILLER_31_265,VPWR,li1,128.1100,95.2000,1.799781
FILLER_31_255,VPWR,li1,123.2800,95.2000,1.799778
FILLER_31_252,VPWR,li1,122.1300,95.2000,1.799778
FILLER_31_242,VPWR,li1,117.3000,95.2000,1.799775
FILLER_31_215,VPWR,li1,104.6500,95.2000,1.799771
FILLER_31_212,VPWR,li1,103.7300,95.2000,1.799771
FILLER_31_185,VPWR,li1,90.8500,95.2000,1.799774
FILLER_31_150,VPWR,li1,74.9800,95.2000,1.799786
FILLER_31_147,VPWR,li1,73.8300,95.2000,1.799789
FILLER_31_144,VPWR,li1,72.4500,95.2000,1.799789
FILLER_31_141,VPWR,li1,71.0700,95.2000,1.799792
FILLER_31_138,VPWR,li1,69.6900,95.2000,1.799792
FILLER_31_57,VPWR,li1,32.2000,95.2000,1.799903
FILLER_31_12,VPWR,li1,11.2700,95.2000,1.799936
FILLER_31_9,VPWR,li1,10.3500,95.2000,1.799936
FILLER_31_6,VPWR,li1,8.9700,95.2000,1.799936
FILLER_31_3,VPWR,li1,7.5900,95.2000,1.799936
FILLER_30_679,VPWR,li1,318.0900,95.2000,1.799107
FILLER_30_676,VPWR,li1,317.1700,95.2000,1.799107
FILLER_30_673,VPWR,li1,315.7900,95.2000,1.799107
FILLER_30_645,VPWR,li1,302.9100,95.2000,1.799114
FILLER_30_643,VPWR,li1,301.5300,95.2000,1.799114
FILLER_30_632,VPWR,li1,296.9300,95.2000,1.799119
FILLER_30_597,VPWR,li1,280.3700,95.2000,1.799146
FILLER_30_587,VPWR,li1,275.7700,95.2000,1.799156
FILLER_30_548,VPWR,li1,258.2900,95.2000,1.799242
FILLER_30_545,VPWR,li1,256.9100,95.2000,1.799258
FILLER_30_542,VPWR,li1,255.5300,95.2000,1.799258
FILLER_30_539,VPWR,li1,254.1500,95.2000,1.799274
FILLER_30_536,VPWR,li1,252.7700,95.2000,1.799274
FILLER_30_533,VPWR,li1,251.3900,95.2000,1.799287
FILLER_30_523,VPWR,li1,246.3300,95.2000,1.799311
FILLER_30_497,VPWR,li1,234.3700,95.2000,1.799388
FILLER_30_494,VPWR,li1,233.4500,95.2000,1.799388
FILLER_30_475,VPWR,li1,224.2500,95.2000,1.799457
FILLER_30_472,VPWR,li1,223.3300,95.2000,1.799457
FILLER_30_469,VPWR,li1,221.9500,95.2000,1.799473
FILLER_30_433,VPWR,li1,205.3900,95.2000,1.799609
FILLER_30_430,VPWR,li1,204.0100,95.2000,1.799609
FILLER_30_427,VPWR,li1,202.6300,95.2000,1.799631
FILLER_30_424,VPWR,li1,201.2500,95.2000,1.799631
FILLER_30_421,VPWR,li1,199.8700,95.2000,1.799650
FILLER_30_400,VPWR,li1,190.2100,95.2000,1.799728
FILLER_30_397,VPWR,li1,188.8300,95.2000,1.799745
FILLER_30_356,VPWR,li1,169.5100,95.2000,1.799851
FILLER_30_353,VPWR,li1,168.5900,95.2000,1.799844
FILLER_30_350,VPWR,li1,167.2100,95.2000,1.799844
FILLER_30_347,VPWR,li1,165.8300,95.2000,1.799837
FILLER_30_344,VPWR,li1,164.4500,95.2000,1.799837
FILLER_30_324,VPWR,li1,155.2500,95.2000,1.799816
FILLER_30_321,VPWR,li1,153.8700,95.2000,1.799810
FILLER_30_318,VPWR,li1,152.4900,95.2000,1.799810
FILLER_30_315,VPWR,li1,151.1100,95.2000,1.799805
FILLER_30_312,VPWR,li1,149.7300,95.2000,1.799802
FILLER_30_309,VPWR,li1,148.3500,95.2000,1.799802
FILLER_30_305,VPWR,li1,146.5100,95.2000,1.799798
FILLER_30_253,VPWR,li1,122.3600,95.2000,1.799778
FILLER_30_241,VPWR,li1,117.0700,95.2000,1.799775
FILLER_30_214,VPWR,li1,104.4200,95.2000,1.799771
FILLER_30_187,VPWR,li1,91.7700,95.2000,1.799774
FILLER_30_184,VPWR,li1,90.8500,95.2000,1.799774
FILLER_30_181,VPWR,li1,89.4700,95.2000,1.799775
FILLER_30_178,VPWR,li1,88.0900,95.2000,1.799775
FILLER_30_149,VPWR,li1,74.7500,95.2000,1.799786
FILLER_30_138,VPWR,li1,69.4600,95.2000,1.799792
FILLER_30_102,VPWR,li1,52.9000,95.2000,1.799824
FILLER_30_58,VPWR,li1,32.4300,95.2000,1.799903
FILLER_30_55,VPWR,li1,31.5100,95.2000,1.799903
FILLER_30_29,VPWR,li1,19.3200,95.2000,1.799942
FILLER_30_27,VPWR,li1,18.1700,95.2000,1.799939
FILLER_30_24,VPWR,li1,17.2500,95.2000,1.799939
FILLER_30_6,VPWR,li1,8.5100,95.2000,1.799936
FILLER_30_3,VPWR,li1,7.5900,95.2000,1.799936
FILLER_29_679,VPWR,li1,318.0900,89.7600,1.799569
FILLER_29_676,VPWR,li1,317.1700,89.7600,1.799569
FILLER_29_673,VPWR,li1,315.7900,89.7600,1.799569
FILLER_29_669,VPWR,li1,313.9500,89.7600,1.799569
FILLER_29_666,VPWR,li1,312.5700,89.7600,1.799569
FILLER_29_640,VPWR,li1,300.3800,89.7600,1.799571
FILLER_29_623,VPWR,li1,292.7900,89.7600,1.799573
FILLER_29_620,VPWR,li1,291.4100,89.7600,1.799573
FILLER_29_617,VPWR,li1,290.0300,89.7600,1.799574
FILLER_29_599,VPWR,li1,281.2900,89.7600,1.799577
FILLER_29_596,VPWR,li1,280.3700,89.7600,1.799578
FILLER_29_593,VPWR,li1,278.9900,89.7600,1.799578
FILLER_29_590,VPWR,li1,277.6100,89.7600,1.799579
FILLER_29_564,VPWR,li1,265.1900,89.7600,1.799593
FILLER_29_561,VPWR,li1,264.2700,89.7600,1.799593
FILLER_29_559,VPWR,li1,262.8900,89.7600,1.799597
FILLER_29_556,VPWR,li1,261.9700,89.7600,1.799597
FILLER_29_545,VPWR,li1,256.9100,89.7600,1.799605
FILLER_29_542,VPWR,li1,255.5300,89.7600,1.799610
FILLER_29_539,VPWR,li1,254.1500,89.7600,1.799610
FILLER_29_536,VPWR,li1,252.7700,89.7600,1.799615
FILLER_29_533,VPWR,li1,251.3900,89.7600,1.799615
FILLER_29_530,VPWR,li1,250.0100,89.7600,1.799619
FILLER_29_519,VPWR,li1,244.9500,89.7600,1.799628
FILLER_29_508,VPWR,li1,239.6600,89.7600,1.799639
FILLER_29_505,VPWR,li1,238.5100,89.7600,1.799639
FILLER_29_501,VPWR,li1,236.6700,89.7600,1.799643
FILLER_29_466,VPWR,li1,220.1100,89.7600,1.799692
FILLER_29_445,VPWR,li1,210.9100,89.7600,1.799734
FILLER_29_442,VPWR,li1,209.5300,89.7600,1.799734
FILLER_29_434,VPWR,li1,205.6200,89.7600,1.799751
FILLER_29_431,VPWR,li1,204.4700,89.7600,1.799762
FILLER_29_428,VPWR,li1,203.0900,89.7600,1.799762
FILLER_29_390,VPWR,li1,185.3800,89.7600,1.799855
FILLER_29_387,VPWR,li1,184.2300,89.7600,1.799855
FILLER_29_360,VPWR,li1,171.5800,89.7600,1.799908
FILLER_29_357,VPWR,li1,170.4300,89.7600,1.799905
FILLER_29_354,VPWR,li1,169.0500,89.7600,1.799905
FILLER_29_351,VPWR,li1,167.6700,89.7600,1.799902
FILLER_29_348,VPWR,li1,166.2900,89.7600,1.799902
FILLER_29_345,VPWR,li1,164.9100,89.7600,1.799900
FILLER_29_333,VPWR,li1,159.3900,89.7600,1.799895
FILLER_29_325,VPWR,li1,155.2500,89.7600,1.799892
FILLER_29_322,VPWR,li1,154.3300,89.7600,1.799892
FILLER_29_319,VPWR,li1,152.9500,89.7600,1.799890
FILLER_29_316,VPWR,li1,151.5700,89.7600,1.799890
FILLER_29_313,VPWR,li1,150.1900,89.7600,1.799888
FILLER_29_310,VPWR,li1,148.8100,89.7600,1.799888
FILLER_29_307,VPWR,li1,147.4300,89.7600,1.799887
FILLER_29_298,VPWR,li1,142.8300,89.7600,1.799885
FILLER_29_287,VPWR,li1,138.0000,89.7600,1.799881
FILLER_29_284,VPWR,li1,136.8500,89.7600,1.799881
FILLER_29_281,VPWR,li1,135.4700,89.7600,1.799880
FILLER_29_279,VPWR,li1,134.0900,89.7600,1.799880
FILLER_29_264,VPWR,li1,127.4200,89.7600,1.799878
FILLER_29_261,VPWR,li1,126.2700,89.7600,1.799877
FILLER_29_256,VPWR,li1,123.5100,89.7600,1.799877
FILLER_29_253,VPWR,li1,122.5900,89.7600,1.799877
FILLER_29_250,VPWR,li1,121.2100,89.7600,1.799877
FILLER_29_247,VPWR,li1,119.8300,89.7600,1.799876
FILLER_29_244,VPWR,li1,118.4500,89.7600,1.799876
FILLER_29_225,VPWR,li1,109.4800,89.7600,1.799880
FILLER_29_214,VPWR,li1,104.4200,89.7600,1.799882
FILLER_29_195,VPWR,li1,95.9100,89.7600,1.799890
FILLER_29_192,VPWR,li1,94.5300,89.7600,1.799890
FILLER_29_189,VPWR,li1,93.1500,89.7600,1.799891
FILLER_29_186,VPWR,li1,91.7700,89.7600,1.799893
FILLER_29_183,VPWR,li1,90.3900,89.7600,1.799893
FILLER_29_180,VPWR,li1,89.0100,89.7600,1.799895
FILLER_29_177,VPWR,li1,87.6300,89.7600,1.799895
FILLER_29_157,VPWR,li1,78.2000,89.7600,1.799904
FILLER_29_148,VPWR,li1,73.8300,89.7600,1.799909
FILLER_29_145,VPWR,li1,72.9100,89.7600,1.799909
FILLER_29_116,VPWR,li1,59.5700,89.7600,1.799923
FILLER_29_113,VPWR,li1,58.1900,89.7600,1.799926
FILLER_29_95,VPWR,li1,49.4500,89.7600,1.799935
FILLER_29_92,VPWR,li1,48.5300,89.7600,1.799935
FILLER_29_82,VPWR,li1,43.7000,89.7600,1.799942
FILLER_29_63,VPWR,li1,34.9600,89.7600,1.799955
FILLER_29_60,VPWR,li1,33.8100,89.7600,1.799955
FILLER_29_57,VPWR,li1,32.4300,89.7600,1.799960
FILLER_29_54,VPWR,li1,30.8200,89.7600,1.799960
FILLER_29_51,VPWR,li1,29.6700,89.7600,1.799964
FILLER_29_24,VPWR,li1,17.0200,89.7600,1.799977
FILLER_29_21,VPWR,li1,15.8700,89.7600,1.799977
FILLER_29_18,VPWR,li1,14.4900,89.7600,1.799977
FILLER_29_9,VPWR,li1,9.8900,89.7600,1.799977
FILLER_29_6,VPWR,li1,8.9700,89.7600,1.799977
FILLER_29_3,VPWR,li1,7.5900,89.7600,1.799977
FILLER_28_686,VPWR,li1,321.5400,89.7600,1.799569
FILLER_28_683,VPWR,li1,320.3900,89.7600,1.799569
FILLER_28_680,VPWR,li1,319.0100,89.7600,1.799569
FILLER_28_677,VPWR,li1,317.6300,89.7600,1.799569
FILLER_28_667,VPWR,li1,312.8000,89.7600,1.799569
FILLER_28_658,VPWR,li1,308.4300,89.7600,1.799570
FILLER_28_655,VPWR,li1,307.5100,89.7600,1.799570
FILLER_28_645,VPWR,li1,302.6800,89.7600,1.799571
FILLER_28_642,VPWR,li1,301.3000,89.7600,1.799571
FILLER_28_639,VPWR,li1,300.1500,89.7600,1.799571
FILLER_28_636,VPWR,li1,298.7700,89.7600,1.799572
FILLER_28_633,VPWR,li1,297.3900,89.7600,1.799572
FILLER_28_630,VPWR,li1,296.0100,89.7600,1.799572
FILLER_28_627,VPWR,li1,294.6300,89.7600,1.799573
FILLER_28_624,VPWR,li1,293.2500,89.7600,1.799573
FILLER_28_621,VPWR,li1,291.8700,89.7600,1.799573
FILLER_28_604,VPWR,li1,284.0500,89.7600,1.799576
FILLER_28_601,VPWR,li1,282.6700,89.7600,1.799577
FILLER_28_598,VPWR,li1,281.2900,89.7600,1.799577
FILLER_28_595,VPWR,li1,279.9100,89.7600,1.799578
FILLER_28_592,VPWR,li1,278.5300,89.7600,1.799579
FILLER_28_589,VPWR,li1,277.1500,89.7600,1.799579
FILLER_28_586,VPWR,li1,275.5400,89.7600,1.799580
FILLER_28_551,VPWR,li1,259.4400,89.7600,1.799601
FILLER_28_548,VPWR,li1,258.2900,89.7600,1.799605
FILLER_28_545,VPWR,li1,256.9100,89.7600,1.799605
FILLER_28_542,VPWR,li1,255.5300,89.7600,1.799610
FILLER_28_539,VPWR,li1,254.1500,89.7600,1.799610
FILLER_28_536,VPWR,li1,252.7700,89.7600,1.799615
FILLER_28_533,VPWR,li1,251.3900,89.7600,1.799615
FILLER_28_529,VPWR,li1,249.5500,89.7600,1.799619
FILLER_28_519,VPWR,li1,244.4900,89.7600,1.799628
FILLER_28_516,VPWR,li1,243.5700,89.7600,1.799632
FILLER_28_497,VPWR,li1,234.6000,89.7600,1.799648
FILLER_28_477,VPWR,li1,225.4000,89.7600,1.799676
FILLER_28_466,VPWR,li1,220.3400,89.7600,1.799692
FILLER_28_440,VPWR,li1,208.1500,89.7600,1.799743
FILLER_28_437,VPWR,li1,207.2300,89.7600,1.799751
FILLER_28_354,VPWR,li1,168.8200,89.7600,1.799905
FILLER_28_351,VPWR,li1,167.6700,89.7600,1.799902
FILLER_28_348,VPWR,li1,166.2900,89.7600,1.799902
FILLER_28_312,VPWR,li1,149.7300,89.7600,1.799888
FILLER_28_309,VPWR,li1,148.3500,89.7600,1.799887
FILLER_28_307,VPWR,li1,146.9700,89.7600,1.799887
FILLER_28_304,VPWR,li1,146.0500,89.7600,1.799886
FILLER_28_286,VPWR,li1,137.5400,89.7600,1.799881
FILLER_28_262,VPWR,li1,126.7300,89.7600,1.799877
FILLER_28_259,VPWR,li1,125.3500,89.7600,1.799877
FILLER_28_256,VPWR,li1,123.9700,89.7600,1.799877
FILLER_28_253,VPWR,li1,122.5900,89.7600,1.799877
FILLER_28_218,VPWR,li1,106.0300,89.7600,1.799881
FILLER_28_209,VPWR,li1,101.8900,89.7600,1.799884
FILLER_28_200,VPWR,li1,97.7500,89.7600,1.799888
FILLER_28_197,VPWR,li1,96.8300,89.7600,1.799888
FILLER_28_194,VPWR,li1,95.2200,89.7600,1.799890
FILLER_28_191,VPWR,li1,94.0700,89.7600,1.799891
FILLER_28_188,VPWR,li1,92.6900,89.7600,1.799891
FILLER_28_177,VPWR,li1,87.6300,89.7600,1.799895
FILLER_28_141,VPWR,li1,70.8400,89.7600,1.799912
FILLER_28_138,VPWR,li1,69.4600,89.7600,1.799914
FILLER_28_135,VPWR,li1,68.3100,89.7600,1.799914
FILLER_28_115,VPWR,li1,58.8800,89.7600,1.799926
FILLER_28_112,VPWR,li1,57.7300,89.7600,1.799926
FILLER_28_102,VPWR,li1,52.9000,89.7600,1.799930
FILLER_28_91,VPWR,li1,48.0700,89.7600,1.799937
FILLER_28_88,VPWR,li1,46.6900,89.7600,1.799937
FILLER_28_85,VPWR,li1,45.3100,89.7600,1.799940
FILLER_28_66,VPWR,li1,36.3400,89.7600,1.799950
FILLER_28_63,VPWR,li1,35.1900,89.7600,1.799955
FILLER_28_60,VPWR,li1,33.8100,89.7600,1.799955
FILLER_28_57,VPWR,li1,32.4300,89.7600,1.799960
FILLER_28_54,VPWR,li1,31.0500,89.7600,1.799960
FILLER_28_44,VPWR,li1,26.2200,89.7600,1.799968
FILLER_28_35,VPWR,li1,21.8500,89.7600,1.799977
FILLER_28_32,VPWR,li1,20.9300,89.7600,1.799977
FILLER_28_29,VPWR,li1,19.5500,89.7600,1.799977
FILLER_28_27,VPWR,li1,18.1700,89.7600,1.799977
FILLER_28_24,VPWR,li1,17.2500,89.7600,1.799977
FILLER_28_21,VPWR,li1,15.8700,89.7600,1.799977
FILLER_28_18,VPWR,li1,14.4900,89.7600,1.799977
FILLER_28_9,VPWR,li1,9.8900,89.7600,1.799977
FILLER_28_6,VPWR,li1,8.9700,89.7600,1.799977
FILLER_28_3,VPWR,li1,7.5900,89.7600,1.799977
FILLER_27_687,VPWR,li1,321.7700,84.3200,1.799116
FILLER_27_684,VPWR,li1,320.8500,84.3200,1.799116
FILLER_27_681,VPWR,li1,319.4700,84.3200,1.799116
FILLER_27_669,VPWR,li1,313.9500,84.3200,1.799116
FILLER_27_633,VPWR,li1,296.9300,84.3200,1.799123
FILLER_27_615,VPWR,li1,288.6500,84.3200,1.799131
FILLER_27_596,VPWR,li1,280.3700,84.3200,1.799143
FILLER_27_561,VPWR,li1,264.0400,84.3200,1.799182
FILLER_27_549,VPWR,li1,258.7500,84.3200,1.799198
FILLER_27_546,VPWR,li1,257.3700,84.3200,1.799206
FILLER_27_543,VPWR,li1,255.9900,84.3200,1.799213
FILLER_27_540,VPWR,li1,254.6100,84.3200,1.799213
FILLER_27_520,VPWR,li1,245.4100,84.3200,1.799255
FILLER_27_517,VPWR,li1,244.0300,84.3200,1.799255
FILLER_27_505,VPWR,li1,238.5100,84.3200,1.799279
FILLER_27_503,VPWR,li1,237.1300,84.3200,1.799289
FILLER_27_500,VPWR,li1,236.2100,84.3200,1.799289
FILLER_27_497,VPWR,li1,234.8300,84.3200,1.799297
FILLER_27_476,VPWR,li1,225.1700,84.3200,1.799337
FILLER_27_449,VPWR,li1,212.2900,84.3200,1.799430
FILLER_27_433,VPWR,li1,204.9300,84.3200,1.799492
FILLER_27_430,VPWR,li1,204.0100,84.3200,1.799509
FILLER_27_427,VPWR,li1,202.6300,84.3200,1.799528
FILLER_27_391,VPWR,li1,185.6100,84.3200,1.799679
FILLER_27_351,VPWR,li1,167.2100,84.3200,1.799771
FILLER_27_348,VPWR,li1,166.2900,84.3200,1.799771
FILLER_27_345,VPWR,li1,164.9100,84.3200,1.799762
FILLER_27_317,VPWR,li1,152.0300,84.3200,1.799702
FILLER_27_281,VPWR,li1,135.4700,84.3200,1.799669
FILLER_27_279,VPWR,li1,134.0900,84.3200,1.799669
FILLER_27_265,VPWR,li1,127.8800,84.3200,1.799668
FILLER_27_262,VPWR,li1,126.7300,84.3200,1.799668
FILLER_27_243,VPWR,li1,117.7600,84.3200,1.799670
FILLER_27_225,VPWR,li1,109.2500,84.3200,1.799677
FILLER_27_172,VPWR,li1,85.1000,84.3200,1.799716
FILLER_27_169,VPWR,li1,83.9500,84.3200,1.799721
FILLER_27_158,VPWR,li1,78.4300,84.3200,1.799733
FILLER_27_116,VPWR,li1,59.1100,84.3200,1.799795
FILLER_27_113,VPWR,li1,58.1900,84.3200,1.799802
FILLER_27_101,VPWR,li1,52.6700,84.3200,1.799820
FILLER_27_98,VPWR,li1,51.2900,84.3200,1.799828
FILLER_27_72,VPWR,li1,39.1000,84.3200,1.799873
FILLER_27_69,VPWR,li1,37.9500,84.3200,1.799881
FILLER_27_66,VPWR,li1,36.5700,84.3200,1.799881
FILLER_27_63,VPWR,li1,35.1900,84.3200,1.799888
FILLER_27_55,VPWR,li1,31.0500,84.3200,1.799903
FILLER_27_27,VPWR,li1,18.6300,84.3200,1.799947
FILLER_27_24,VPWR,li1,17.2500,84.3200,1.799947
FILLER_27_21,VPWR,li1,15.8700,84.3200,1.799947
FILLER_27_18,VPWR,li1,14.4900,84.3200,1.799947
FILLER_27_15,VPWR,li1,13.1100,84.3200,1.799947
FILLER_27_12,VPWR,li1,11.7300,84.3200,1.799947
FILLER_27_9,VPWR,li1,10.3500,84.3200,1.799947
FILLER_27_6,VPWR,li1,8.9700,84.3200,1.799947
FILLER_27_3,VPWR,li1,7.5900,84.3200,1.799947
FILLER_26_687,VPWR,li1,321.7700,84.3200,1.799116
FILLER_26_684,VPWR,li1,320.8500,84.3200,1.799116
FILLER_26_681,VPWR,li1,319.4700,84.3200,1.799116
FILLER_26_678,VPWR,li1,318.0900,84.3200,1.799116
FILLER_26_675,VPWR,li1,316.7100,84.3200,1.799116
FILLER_26_672,VPWR,li1,315.3300,84.3200,1.799116
FILLER_26_645,VPWR,li1,302.6800,84.3200,1.799119
FILLER_26_633,VPWR,li1,297.3900,84.3200,1.799123
FILLER_26_630,VPWR,li1,296.0100,84.3200,1.799125
FILLER_26_595,VPWR,li1,279.4500,84.3200,1.799147
FILLER_26_592,VPWR,li1,278.5300,84.3200,1.799147
FILLER_26_589,VPWR,li1,277.1500,84.3200,1.799151
FILLER_26_585,VPWR,li1,275.3100,84.3200,1.799155
FILLER_26_582,VPWR,li1,273.9300,84.3200,1.799155
FILLER_26_547,VPWR,li1,257.3700,84.3200,1.799206
FILLER_26_544,VPWR,li1,256.4500,84.3200,1.799206
FILLER_26_541,VPWR,li1,255.0700,84.3200,1.799213
FILLER_26_529,VPWR,li1,249.5500,84.3200,1.799232
FILLER_26_517,VPWR,li1,244.0300,84.3200,1.799255
FILLER_26_499,VPWR,li1,235.5200,84.3200,1.799297
FILLER_26_496,VPWR,li1,234.3700,84.3200,1.799297
FILLER_26_486,VPWR,li1,229.5400,84.3200,1.799318
FILLER_26_477,VPWR,li1,225.1700,84.3200,1.799337
FILLER_26_475,VPWR,li1,224.2500,84.3200,1.799345
FILLER_26_472,VPWR,li1,223.3300,84.3200,1.799345
FILLER_26_429,VPWR,li1,203.0900,84.3200,1.799509
FILLER_26_411,VPWR,li1,194.8100,84.3200,1.799585
FILLER_26_385,VPWR,li1,182.8500,84.3200,1.799714
FILLER_26_365,VPWR,li1,173.8800,84.3200,1.799806
FILLER_26_362,VPWR,li1,172.5000,84.3200,1.799797
FILLER_26_359,VPWR,li1,171.3500,84.3200,1.799797
FILLER_26_356,VPWR,li1,169.9700,84.3200,1.799786
FILLER_26_309,VPWR,li1,148.3500,84.3200,1.799685
FILLER_26_306,VPWR,li1,146.7400,84.3200,1.799685
FILLER_26_270,VPWR,li1,129.9500,84.3200,1.799668
FILLER_26_267,VPWR,li1,129.0300,84.3200,1.799668
FILLER_26_264,VPWR,li1,127.6500,84.3200,1.799668
FILLER_26_253,VPWR,li1,122.5900,84.3200,1.799668
FILLER_26_234,VPWR,li1,113.6200,84.3200,1.799673
FILLER_26_231,VPWR,li1,112.4700,84.3200,1.799673
FILLER_26_219,VPWR,li1,106.9500,84.3200,1.799681
FILLER_26_216,VPWR,li1,105.5700,84.3200,1.799681
FILLER_26_197,VPWR,li1,96.6000,84.3200,1.799695
FILLER_26_185,VPWR,li1,91.3100,84.3200,1.799707
FILLER_26_182,VPWR,li1,89.9300,84.3200,1.799707
FILLER_26_137,VPWR,li1,69.2300,84.3200,1.799765
FILLER_26_134,VPWR,li1,67.8500,84.3200,1.799765
FILLER_26_131,VPWR,li1,66.4700,84.3200,1.799774
FILLER_26_128,VPWR,li1,65.0900,84.3200,1.799774
FILLER_26_125,VPWR,li1,63.7100,84.3200,1.799780
FILLER_26_115,VPWR,li1,58.8800,84.3200,1.799802
FILLER_26_97,VPWR,li1,50.6000,84.3200,1.799828
FILLER_26_94,VPWR,li1,49.4500,84.3200,1.799835
FILLER_26_66,VPWR,li1,36.3400,84.3200,1.799888
FILLER_26_58,VPWR,li1,32.8900,84.3200,1.799895
FILLER_26_55,VPWR,li1,31.5100,84.3200,1.799903
FILLER_26_29,VPWR,li1,19.0900,84.3200,1.799947
FILLER_26_25,VPWR,li1,17.7100,84.3200,1.799947
FILLER_26_22,VPWR,li1,16.3300,84.3200,1.799947
FILLER_26_12,VPWR,li1,11.5000,84.3200,1.799947
FILLER_26_9,VPWR,li1,10.3500,84.3200,1.799947
FILLER_26_6,VPWR,li1,8.9700,84.3200,1.799947
FILLER_26_3,VPWR,li1,7.5900,84.3200,1.799947
FILLER_25_685,VPWR,li1,321.3100,78.8800,1.799508
FILLER_25_682,VPWR,li1,319.9300,78.8800,1.799508
FILLER_25_679,VPWR,li1,318.5500,78.8800,1.799508
FILLER_25_676,VPWR,li1,317.1700,78.8800,1.799508
FILLER_25_673,VPWR,li1,315.7900,78.8800,1.799508
FILLER_25_669,VPWR,li1,313.9500,78.8800,1.799508
FILLER_25_587,VPWR,li1,276.2300,78.8800,1.799554
FILLER_25_558,VPWR,li1,262.6600,78.8800,1.799583
FILLER_25_549,VPWR,li1,258.2900,78.8800,1.799593
FILLER_25_546,VPWR,li1,257.3700,78.8800,1.799597
FILLER_25_543,VPWR,li1,255.9900,78.8800,1.799601
FILLER_25_540,VPWR,li1,254.6100,78.8800,1.799601
FILLER_25_520,VPWR,li1,245.4100,78.8800,1.799625
FILLER_25_517,VPWR,li1,244.0300,78.8800,1.799633
FILLER_25_514,VPWR,li1,242.6500,78.8800,1.799633
FILLER_25_505,VPWR,li1,238.0500,78.8800,1.799649
FILLER_25_501,VPWR,li1,236.6700,78.8800,1.799656
FILLER_25_498,VPWR,li1,235.2900,78.8800,1.799656
FILLER_25_488,VPWR,li1,230.4600,78.8800,1.799674
FILLER_25_485,VPWR,li1,229.3100,78.8800,1.799674
FILLER_25_474,VPWR,li1,224.2500,78.8800,1.799691
FILLER_25_433,VPWR,li1,205.1600,78.8800,1.799760
FILLER_25_430,VPWR,li1,204.0100,78.8800,1.799768
FILLER_25_427,VPWR,li1,202.6300,78.8800,1.799768
FILLER_25_424,VPWR,li1,201.2500,78.8800,1.799779
FILLER_25_421,VPWR,li1,199.8700,78.8800,1.799779
FILLER_25_418,VPWR,li1,198.4900,78.8800,1.799786
FILLER_25_415,VPWR,li1,197.1100,78.8800,1.799796
FILLER_25_367,VPWR,li1,174.5700,78.8800,1.799865
FILLER_25_364,VPWR,li1,173.6500,78.8800,1.799865
FILLER_25_361,VPWR,li1,172.2700,78.8800,1.799848
FILLER_25_358,VPWR,li1,170.8900,78.8800,1.799848
FILLER_25_355,VPWR,li1,169.5100,78.8800,1.799832
FILLER_25_352,VPWR,li1,168.1300,78.8800,1.799818
FILLER_25_349,VPWR,li1,166.7500,78.8800,1.799818
FILLER_25_346,VPWR,li1,165.3700,78.8800,1.799801
FILLER_25_319,VPWR,li1,152.7200,78.8800,1.799708
FILLER_25_281,VPWR,li1,135.4700,78.8800,1.799603
FILLER_25_263,VPWR,li1,126.7300,78.8800,1.799560
FILLER_25_244,VPWR,li1,117.9900,78.8800,1.799523
FILLER_25_241,VPWR,li1,117.0700,78.8800,1.799523
FILLER_25_225,VPWR,li1,109.2500,78.8800,1.799507
FILLER_25_223,VPWR,li1,108.3300,78.8800,1.799506
FILLER_25_220,VPWR,li1,107.4100,78.8800,1.799506
FILLER_25_148,VPWR,li1,74.2900,78.8800,1.799531
FILLER_25_139,VPWR,li1,69.9200,78.8800,1.799541
FILLER_25_136,VPWR,li1,68.7700,78.8800,1.799546
FILLER_25_116,VPWR,li1,59.1100,78.8800,1.799593
FILLER_25_113,VPWR,li1,58.1900,78.8800,1.799593
FILLER_25_111,VPWR,li1,56.8100,78.8800,1.799607
FILLER_25_108,VPWR,li1,55.8900,78.8800,1.799607
FILLER_25_105,VPWR,li1,54.5100,78.8800,1.799624
FILLER_25_102,VPWR,li1,53.1300,78.8800,1.799624
FILLER_25_67,VPWR,li1,36.5700,78.8800,1.799747
FILLER_25_53,VPWR,li1,30.5900,78.8800,1.799790
FILLER_25_24,VPWR,li1,17.2500,78.8800,1.799880
FILLER_25_6,VPWR,li1,8.5100,78.8800,1.799878
FILLER_25_3,VPWR,li1,7.5900,78.8800,1.799878
FILLER_24_685,VPWR,li1,321.3100,78.8800,1.799508
FILLER_24_682,VPWR,li1,319.9300,78.8800,1.799508
FILLER_24_679,VPWR,li1,318.5500,78.8800,1.799508
FILLER_24_676,VPWR,li1,317.1700,78.8800,1.799508
FILLER_24_673,VPWR,li1,315.7900,78.8800,1.799508
FILLER_24_670,VPWR,li1,314.4100,78.8800,1.799508
FILLER_24_643,VPWR,li1,301.5300,78.8800,1.799512
FILLER_24_632,VPWR,li1,296.9300,78.8800,1.799518
FILLER_24_622,VPWR,li1,292.1000,78.8800,1.799524
FILLER_24_595,VPWR,li1,279.4500,78.8800,1.799549
FILLER_24_592,VPWR,li1,278.5300,78.8800,1.799549
FILLER_24_589,VPWR,li1,277.1500,78.8800,1.799554
FILLER_24_586,VPWR,li1,275.5400,78.8800,1.799557
FILLER_24_583,VPWR,li1,274.3900,78.8800,1.799557
FILLER_24_575,VPWR,li1,270.4800,78.8800,1.799566
FILLER_24_556,VPWR,li1,261.5100,78.8800,1.799588
FILLER_24_553,VPWR,li1,260.5900,78.8800,1.799588
FILLER_24_550,VPWR,li1,259.2100,78.8800,1.799593
FILLER_24_547,VPWR,li1,257.8300,78.8800,1.799597
FILLER_24_544,VPWR,li1,256.4500,78.8800,1.799597
FILLER_24_541,VPWR,li1,255.0700,78.8800,1.799601
FILLER_24_523,VPWR,li1,246.7900,78.8800,1.799625
FILLER_24_520,VPWR,li1,245.4100,78.8800,1.799625
FILLER_24_517,VPWR,li1,244.0300,78.8800,1.799633
FILLER_24_514,VPWR,li1,242.6500,78.8800,1.799633
FILLER_24_487,VPWR,li1,230.2300,78.8800,1.799674
FILLER_24_477,VPWR,li1,225.4000,78.8800,1.799691
FILLER_24_475,VPWR,li1,224.2500,78.8800,1.799691
FILLER_24_458,VPWR,li1,216.4300,78.8800,1.799717
FILLER_24_441,VPWR,li1,208.6100,78.8800,1.799745
FILLER_24_438,VPWR,li1,207.6900,78.8800,1.799752
FILLER_24_435,VPWR,li1,206.3100,78.8800,1.799760
FILLER_24_432,VPWR,li1,204.9300,78.8800,1.799760
FILLER_24_429,VPWR,li1,203.5500,78.8800,1.799768
FILLER_24_417,VPWR,li1,198.0300,78.8800,1.799786
FILLER_24_406,VPWR,li1,192.9700,78.8800,1.799806
FILLER_24_379,VPWR,li1,180.0900,78.8800,1.799861
FILLER_24_368,VPWR,li1,175.4900,78.8800,1.799882
FILLER_24_365,VPWR,li1,174.1100,78.8800,1.799865
FILLER_24_362,VPWR,li1,172.5000,78.8800,1.799848
FILLER_24_359,VPWR,li1,171.3500,78.8800,1.799848
FILLER_24_356,VPWR,li1,169.9700,78.8800,1.799832
FILLER_24_353,VPWR,li1,168.5900,78.8800,1.799832
FILLER_24_350,VPWR,li1,167.2100,78.8800,1.799818
FILLER_24_347,VPWR,li1,165.8300,78.8800,1.799801
FILLER_24_336,VPWR,li1,160.5400,78.8800,1.799771
FILLER_24_326,VPWR,li1,155.9400,78.8800,1.799733
FILLER_24_289,VPWR,li1,138.9200,78.8800,1.799626
FILLER_24_270,VPWR,li1,130.1800,78.8800,1.799575
FILLER_24_218,VPWR,li1,106.0300,78.8800,1.799504
FILLER_24_215,VPWR,li1,105.1100,78.8800,1.799504
FILLER_24_177,VPWR,li1,87.4000,78.8800,1.799509
FILLER_24_174,VPWR,li1,86.2500,78.8800,1.799509
FILLER_24_147,VPWR,li1,73.3700,78.8800,1.799537
FILLER_24_114,VPWR,li1,58.1900,78.8800,1.799593
FILLER_24_111,VPWR,li1,57.2700,78.8800,1.799607
FILLER_24_108,VPWR,li1,55.8900,78.8800,1.799607
FILLER_24_105,VPWR,li1,54.5100,78.8800,1.799624
FILLER_24_102,VPWR,li1,53.1300,78.8800,1.799624
FILLER_24_64,VPWR,li1,35.4200,78.8800,1.799747
FILLER_24_18,VPWR,li1,14.2600,78.8800,1.799879
FILLER_24_9,VPWR,li1,9.8900,78.8800,1.799878
FILLER_24_6,VPWR,li1,8.9700,78.8800,1.799878
FILLER_24_3,VPWR,li1,7.5900,78.8800,1.799878
FILLER_23_685,VPWR,li1,321.3100,73.4400,1.799100
FILLER_23_682,VPWR,li1,319.9300,73.4400,1.799100
FILLER_23_679,VPWR,li1,318.5500,73.4400,1.799100
FILLER_23_676,VPWR,li1,317.1700,73.4400,1.799100
FILLER_23_673,VPWR,li1,315.7900,73.4400,1.799100
FILLER_23_644,VPWR,li1,302.4500,73.4400,1.799114
FILLER_23_633,VPWR,li1,297.3900,73.4400,1.799123
FILLER_23_630,VPWR,li1,296.0100,73.4400,1.799123
FILLER_23_620,VPWR,li1,291.1800,73.4400,1.799132
FILLER_23_617,VPWR,li1,290.0300,73.4400,1.799137
FILLER_23_615,VPWR,li1,288.6500,73.4400,1.799137
FILLER_23_596,VPWR,li1,280.1400,73.4400,1.799175
FILLER_23_593,VPWR,li1,278.9900,73.4400,1.799175
FILLER_23_590,VPWR,li1,277.6100,73.4400,1.799189
FILLER_23_587,VPWR,li1,276.2300,73.4400,1.799189
FILLER_23_578,VPWR,li1,271.6300,73.4400,1.799220
FILLER_23_575,VPWR,li1,270.7100,73.4400,1.799220
FILLER_23_572,VPWR,li1,269.3300,73.4400,1.799236
FILLER_23_569,VPWR,li1,267.9500,73.4400,1.799236
FILLER_23_558,VPWR,li1,262.6600,73.4400,1.799266
FILLER_23_555,VPWR,li1,261.5100,73.4400,1.799280
FILLER_23_552,VPWR,li1,260.1300,73.4400,1.799280
FILLER_23_542,VPWR,li1,255.3000,73.4400,1.799308
FILLER_23_539,VPWR,li1,254.1500,73.4400,1.799323
FILLER_23_536,VPWR,li1,252.7700,73.4400,1.799323
FILLER_23_502,VPWR,li1,236.9000,73.4400,1.799424
FILLER_23_499,VPWR,li1,235.7500,73.4400,1.799424
FILLER_23_481,VPWR,li1,227.2400,73.4400,1.799483
FILLER_23_478,VPWR,li1,226.0900,73.4400,1.799483
FILLER_23_475,VPWR,li1,224.7100,73.4400,1.799500
FILLER_23_472,VPWR,li1,223.3300,73.4400,1.799500
FILLER_23_465,VPWR,li1,219.6500,73.4400,1.799532
FILLER_23_462,VPWR,li1,218.7300,73.4400,1.799532
FILLER_23_452,VPWR,li1,213.9000,73.4400,1.799571
FILLER_23_449,VPWR,li1,212.7500,73.4400,1.799571
FILLER_23_440,VPWR,li1,208.3800,73.4400,1.799599
FILLER_23_359,VPWR,li1,171.3500,73.4400,1.799875
FILLER_23_356,VPWR,li1,169.9700,73.4400,1.799872
FILLER_23_353,VPWR,li1,168.5900,73.4400,1.799868
FILLER_23_350,VPWR,li1,167.2100,73.4400,1.799868
FILLER_23_347,VPWR,li1,165.8300,73.4400,1.799864
FILLER_23_337,VPWR,li1,160.7700,73.4400,1.799857
FILLER_23_333,VPWR,li1,159.3900,73.4400,1.799857
FILLER_23_330,VPWR,li1,158.0100,73.4400,1.799855
FILLER_23_321,VPWR,li1,153.4100,73.4400,1.799850
FILLER_23_318,VPWR,li1,152.4900,73.4400,1.799850
FILLER_23_290,VPWR,li1,139.3800,73.4400,1.799836
FILLER_23_270,VPWR,li1,129.9500,73.4400,1.799831
FILLER_23_267,VPWR,li1,129.0300,73.4400,1.799831
FILLER_23_264,VPWR,li1,127.6500,73.4400,1.799830
FILLER_23_228,VPWR,li1,110.8600,73.4400,1.799831
FILLER_23_225,VPWR,li1,109.7100,73.4400,1.799831
FILLER_23_223,VPWR,li1,108.3300,73.4400,1.799833
FILLER_23_220,VPWR,li1,107.4100,73.4400,1.799833
FILLER_23_193,VPWR,li1,94.5300,73.4400,1.799840
FILLER_23_183,VPWR,li1,90.1600,73.4400,1.799842
FILLER_23_180,VPWR,li1,89.0100,73.4400,1.799844
FILLER_23_177,VPWR,li1,87.6300,73.4400,1.799844
FILLER_23_167,VPWR,li1,82.5700,73.4400,1.799847
FILLER_23_164,VPWR,li1,81.6500,73.4400,1.799848
FILLER_23_153,VPWR,li1,76.5900,73.4400,1.799851
FILLER_23_150,VPWR,li1,75.2100,73.4400,1.799851
FILLER_23_147,VPWR,li1,73.8300,73.4400,1.799853
FILLER_23_144,VPWR,li1,72.4500,73.4400,1.799853
FILLER_23_141,VPWR,li1,71.0700,73.4400,1.799854
FILLER_23_113,VPWR,li1,58.1900,73.4400,1.799867
FILLER_23_109,VPWR,li1,56.3500,73.4400,1.799871
FILLER_23_106,VPWR,li1,54.9700,73.4400,1.799871
FILLER_23_103,VPWR,li1,53.5900,73.4400,1.799876
FILLER_23_100,VPWR,li1,52.2100,73.4400,1.799876
FILLER_23_65,VPWR,li1,35.6500,73.4400,1.799914
FILLER_23_57,VPWR,li1,32.2000,73.4400,1.799922
FILLER_23_55,VPWR,li1,31.0500,73.4400,1.799928
FILLER_23_52,VPWR,li1,30.1300,73.4400,1.799928
FILLER_23_18,VPWR,li1,14.0300,73.4400,1.799951
FILLER_23_3,VPWR,li1,7.1300,73.4400,1.799949
FILLER_22_685,VPWR,li1,321.3100,73.4400,1.799100
FILLER_22_682,VPWR,li1,319.9300,73.4400,1.799100
FILLER_22_679,VPWR,li1,318.5500,73.4400,1.799100
FILLER_22_676,VPWR,li1,317.1700,73.4400,1.799100
FILLER_22_673,VPWR,li1,315.7900,73.4400,1.799100
FILLER_22_670,VPWR,li1,314.4100,73.4400,1.799100
FILLER_22_667,VPWR,li1,313.0300,73.4400,1.799100
FILLER_22_645,VPWR,li1,302.6800,73.4400,1.799114
FILLER_22_642,VPWR,li1,301.3000,73.4400,1.799114
FILLER_22_639,VPWR,li1,300.1500,73.4400,1.799118
FILLER_22_636,VPWR,li1,298.7700,73.4400,1.799118
FILLER_22_633,VPWR,li1,297.3900,73.4400,1.799123
FILLER_22_630,VPWR,li1,296.0100,73.4400,1.799123
FILLER_22_621,VPWR,li1,291.4100,73.4400,1.799132
FILLER_22_595,VPWR,li1,279.4500,73.4400,1.799175
FILLER_22_570,VPWR,li1,268.4100,73.4400,1.799236
FILLER_22_567,VPWR,li1,267.0300,73.4400,1.799250
FILLER_22_564,VPWR,li1,265.6500,73.4400,1.799250
FILLER_22_561,VPWR,li1,264.2700,73.4400,1.799266
FILLER_22_558,VPWR,li1,262.8900,73.4400,1.799266
FILLER_22_555,VPWR,li1,261.5100,73.4400,1.799280
FILLER_22_552,VPWR,li1,260.1300,73.4400,1.799280
FILLER_22_533,VPWR,li1,251.1600,73.4400,1.799336
FILLER_22_522,VPWR,li1,245.8700,73.4400,1.799369
FILLER_22_519,VPWR,li1,244.9500,73.4400,1.799369
FILLER_22_475,VPWR,li1,224.2500,73.4400,1.799500
FILLER_22_449,VPWR,li1,212.5200,73.4400,1.799571
FILLER_22_446,VPWR,li1,211.3700,73.4400,1.799586
FILLER_22_401,VPWR,li1,190.4400,73.4400,1.799741
FILLER_22_398,VPWR,li1,189.2900,73.4400,1.799763
FILLER_22_368,VPWR,li1,175.4900,73.4400,1.799883
FILLER_22_365,VPWR,li1,174.1100,73.4400,1.799879
FILLER_22_361,VPWR,li1,172.2700,73.4400,1.799875
FILLER_22_358,VPWR,li1,170.8900,73.4400,1.799872
FILLER_22_355,VPWR,li1,169.5100,73.4400,1.799872
FILLER_22_328,VPWR,li1,156.8600,73.4400,1.799855
FILLER_22_319,VPWR,li1,152.4900,73.4400,1.799850
FILLER_22_309,VPWR,li1,148.1200,73.4400,1.799844
FILLER_22_307,VPWR,li1,146.9700,73.4400,1.799844
FILLER_22_289,VPWR,li1,138.9200,73.4400,1.799836
FILLER_22_262,VPWR,li1,126.5000,73.4400,1.799830
FILLER_22_253,VPWR,li1,122.1300,73.4400,1.799829
FILLER_22_226,VPWR,li1,109.7100,73.4400,1.799831
FILLER_22_223,VPWR,li1,108.7900,73.4400,1.799833
FILLER_22_197,VPWR,li1,96.6000,73.4400,1.799838
FILLER_22_194,VPWR,li1,95.2200,73.4400,1.799840
FILLER_22_183,VPWR,li1,90.3900,73.4400,1.799842
FILLER_22_180,VPWR,li1,89.0100,73.4400,1.799844
FILLER_22_177,VPWR,li1,87.6300,73.4400,1.799844
FILLER_22_174,VPWR,li1,86.2500,73.4400,1.799845
FILLER_22_171,VPWR,li1,84.8700,73.4400,1.799845
FILLER_22_168,VPWR,li1,83.4900,73.4400,1.799847
FILLER_22_165,VPWR,li1,82.1100,73.4400,1.799848
FILLER_22_162,VPWR,li1,80.7300,73.4400,1.799848
FILLER_22_159,VPWR,li1,79.3500,73.4400,1.799849
FILLER_22_156,VPWR,li1,77.9700,73.4400,1.799849
FILLER_22_153,VPWR,li1,76.5900,73.4400,1.799851
FILLER_22_150,VPWR,li1,75.2100,73.4400,1.799851
FILLER_22_147,VPWR,li1,73.8300,73.4400,1.799853
FILLER_22_144,VPWR,li1,72.4500,73.4400,1.799853
FILLER_22_141,VPWR,li1,71.0700,73.4400,1.799854
FILLER_22_139,VPWR,li1,69.6900,73.4400,1.799854
FILLER_22_103,VPWR,li1,53.1300,73.4400,1.799876
FILLER_22_100,VPWR,li1,52.2100,73.4400,1.799876
FILLER_22_97,VPWR,li1,50.8300,73.4400,1.799881
FILLER_22_94,VPWR,li1,49.4500,73.4400,1.799881
FILLER_22_91,VPWR,li1,48.0700,73.4400,1.799886
FILLER_22_88,VPWR,li1,46.6900,73.4400,1.799886
FILLER_22_85,VPWR,li1,45.3100,73.4400,1.799890
FILLER_22_68,VPWR,li1,37.0300,73.4400,1.799909
FILLER_22_65,VPWR,li1,36.1100,73.4400,1.799909
FILLER_22_56,VPWR,li1,31.9700,73.4400,1.799922
FILLER_22_29,VPWR,li1,19.3200,73.4400,1.799952
FILLER_22_3,VPWR,li1,7.1300,73.4400,1.799949
FILLER_21_685,VPWR,li1,321.3100,68.0000,1.798781
FILLER_21_682,VPWR,li1,319.9300,68.0000,1.798781
FILLER_21_679,VPWR,li1,318.5500,68.0000,1.798781
FILLER_21_676,VPWR,li1,317.1700,68.0000,1.798781
FILLER_21_673,VPWR,li1,315.7900,68.0000,1.798781
FILLER_21_670,VPWR,li1,314.1800,68.0000,1.798782
FILLER_21_667,VPWR,li1,313.0300,68.0000,1.798782
FILLER_21_654,VPWR,li1,306.8200,68.0000,1.798798
FILLER_21_651,VPWR,li1,305.6700,68.0000,1.798798
FILLER_21_648,VPWR,li1,304.2900,68.0000,1.798805
FILLER_21_645,VPWR,li1,302.9100,68.0000,1.798813
FILLER_21_642,VPWR,li1,301.5300,68.0000,1.798813
FILLER_21_639,VPWR,li1,300.1500,68.0000,1.798820
FILLER_21_636,VPWR,li1,298.7700,68.0000,1.798827
FILLER_21_633,VPWR,li1,297.3900,68.0000,1.798827
FILLER_21_630,VPWR,li1,296.0100,68.0000,1.798836
FILLER_21_627,VPWR,li1,294.6300,68.0000,1.798836
FILLER_21_620,VPWR,li1,290.9500,68.0000,1.798857
FILLER_21_617,VPWR,li1,290.0300,68.0000,1.798857
FILLER_21_609,VPWR,li1,285.8900,68.0000,1.798876
FILLER_21_606,VPWR,li1,284.9700,68.0000,1.798876
FILLER_21_573,VPWR,li1,269.5600,68.0000,1.798950
FILLER_21_570,VPWR,li1,268.4100,68.0000,1.798961
FILLER_21_561,VPWR,li1,263.8100,68.0000,1.798992
FILLER_21_557,VPWR,li1,262.4300,68.0000,1.798992
FILLER_21_554,VPWR,li1,261.0500,68.0000,1.799006
FILLER_21_526,VPWR,li1,247.7100,68.0000,1.799109
FILLER_21_502,VPWR,li1,236.9000,68.0000,1.799194
FILLER_21_460,VPWR,li1,217.5800,68.0000,1.799389
FILLER_21_457,VPWR,li1,216.4300,68.0000,1.799389
FILLER_21_439,VPWR,li1,207.6900,68.0000,1.799486
FILLER_21_436,VPWR,li1,206.7700,68.0000,1.799486
FILLER_21_433,VPWR,li1,205.3900,68.0000,1.799508
FILLER_21_389,VPWR,li1,185.1500,68.0000,1.799724
FILLER_21_337,VPWR,li1,160.7700,68.0000,1.799774
FILLER_21_326,VPWR,li1,155.9400,68.0000,1.799755
FILLER_21_297,VPWR,li1,142.8300,68.0000,1.799717
FILLER_21_294,VPWR,li1,141.4500,68.0000,1.799708
FILLER_21_291,VPWR,li1,140.0700,68.0000,1.799708
FILLER_21_281,VPWR,li1,135.2400,68.0000,1.799693
FILLER_21_279,VPWR,li1,134.0900,68.0000,1.799688
FILLER_21_276,VPWR,li1,133.1700,68.0000,1.799688
FILLER_21_273,VPWR,li1,131.7900,68.0000,1.799681
FILLER_21_270,VPWR,li1,130.4100,68.0000,1.799681
FILLER_21_262,VPWR,li1,126.7300,68.0000,1.799671
FILLER_21_259,VPWR,li1,125.3500,68.0000,1.799663
FILLER_21_256,VPWR,li1,123.9700,68.0000,1.799663
FILLER_21_253,VPWR,li1,122.5900,68.0000,1.799654
FILLER_21_250,VPWR,li1,121.2100,68.0000,1.799654
FILLER_21_240,VPWR,li1,116.3800,68.0000,1.799642
FILLER_21_237,VPWR,li1,115.2300,68.0000,1.799635
FILLER_21_234,VPWR,li1,113.8500,68.0000,1.799635
FILLER_21_225,VPWR,li1,109.7100,68.0000,1.799621
FILLER_21_199,VPWR,li1,97.5200,68.0000,1.799620
FILLER_21_196,VPWR,li1,96.3700,68.0000,1.799620
FILLER_21_187,VPWR,li1,91.7700,68.0000,1.799623
FILLER_21_184,VPWR,li1,90.8500,68.0000,1.799625
FILLER_21_181,VPWR,li1,89.4700,68.0000,1.799625
FILLER_21_178,VPWR,li1,88.0900,68.0000,1.799626
FILLER_21_169,VPWR,li1,83.4900,68.0000,1.799629
FILLER_21_167,VPWR,li1,82.5700,68.0000,1.799631
FILLER_21_164,VPWR,li1,81.6500,68.0000,1.799631
FILLER_21_161,VPWR,li1,80.2700,68.0000,1.799634
FILLER_21_158,VPWR,li1,78.8900,68.0000,1.799634
FILLER_21_155,VPWR,li1,77.5100,68.0000,1.799637
FILLER_21_152,VPWR,li1,76.1300,68.0000,1.799646
FILLER_21_149,VPWR,li1,74.7500,68.0000,1.799646
FILLER_21_146,VPWR,li1,73.3700,68.0000,1.799654
FILLER_21_143,VPWR,li1,71.9900,68.0000,1.799662
FILLER_21_140,VPWR,li1,70.6100,68.0000,1.799670
FILLER_21_113,VPWR,li1,57.7300,68.0000,1.799732
FILLER_21_109,VPWR,li1,56.3500,68.0000,1.799732
FILLER_21_106,VPWR,li1,54.9700,68.0000,1.799746
FILLER_21_103,VPWR,li1,53.5900,68.0000,1.799746
FILLER_21_100,VPWR,li1,52.2100,68.0000,1.799760
FILLER_21_97,VPWR,li1,50.8300,68.0000,1.799760
FILLER_21_94,VPWR,li1,49.4500,68.0000,1.799774
FILLER_21_91,VPWR,li1,48.0700,68.0000,1.799774
FILLER_21_83,VPWR,li1,44.1600,68.0000,1.799795
FILLER_21_75,VPWR,li1,40.4800,68.0000,1.799815
FILLER_21_72,VPWR,li1,39.3300,68.0000,1.799829
FILLER_21_69,VPWR,li1,37.9500,68.0000,1.799829
FILLER_21_66,VPWR,li1,36.5700,68.0000,1.799844
FILLER_21_63,VPWR,li1,35.1900,68.0000,1.799844
FILLER_21_54,VPWR,li1,30.8200,68.0000,1.799870
FILLER_21_51,VPWR,li1,29.6700,68.0000,1.799880
FILLER_21_31,VPWR,li1,20.4700,68.0000,1.799921
FILLER_21_28,VPWR,li1,19.0900,68.0000,1.799921
FILLER_20_686,VPWR,li1,321.5400,68.0000,1.798781
FILLER_20_683,VPWR,li1,320.3900,68.0000,1.798781
FILLER_20_648,VPWR,li1,303.8300,68.0000,1.798805
FILLER_20_645,VPWR,li1,302.9100,68.0000,1.798813
FILLER_20_643,VPWR,li1,301.5300,68.0000,1.798813
FILLER_20_616,VPWR,li1,289.3400,68.0000,1.798857
FILLER_20_613,VPWR,li1,288.1900,68.0000,1.798865
FILLER_20_569,VPWR,li1,267.7200,68.0000,1.798961
FILLER_20_566,VPWR,li1,266.5700,68.0000,1.798972
FILLER_20_553,VPWR,li1,260.3600,68.0000,1.799006
FILLER_20_550,VPWR,li1,259.2100,68.0000,1.799021
FILLER_20_514,VPWR,li1,242.1900,68.0000,1.799151
FILLER_20_511,VPWR,li1,241.2700,68.0000,1.799151
FILLER_20_456,VPWR,li1,215.9700,68.0000,1.799389
FILLER_20_437,VPWR,li1,207.0000,68.0000,1.799486
FILLER_20_410,VPWR,li1,194.5800,68.0000,1.799619
FILLER_20_390,VPWR,li1,185.3800,68.0000,1.799724
FILLER_20_361,VPWR,li1,172.2700,68.0000,1.799815
FILLER_20_358,VPWR,li1,170.8900,68.0000,1.799815
FILLER_20_347,VPWR,li1,165.8300,68.0000,1.799795
FILLER_20_336,VPWR,li1,160.7700,68.0000,1.799774
FILLER_20_333,VPWR,li1,159.3900,68.0000,1.799766
FILLER_20_330,VPWR,li1,158.0100,68.0000,1.799766
FILLER_20_317,VPWR,li1,152.0300,68.0000,1.799745
FILLER_20_305,VPWR,li1,146.5100,68.0000,1.799724
FILLER_20_302,VPWR,li1,145.1300,68.0000,1.799724
FILLER_20_271,VPWR,li1,130.6400,68.0000,1.799681
FILLER_20_268,VPWR,li1,129.4900,68.0000,1.799676
FILLER_20_265,VPWR,li1,128.1100,68.0000,1.799671
FILLER_20_262,VPWR,li1,126.7300,68.0000,1.799671
FILLER_20_259,VPWR,li1,125.3500,68.0000,1.799663
FILLER_20_256,VPWR,li1,123.9700,68.0000,1.799663
FILLER_20_253,VPWR,li1,122.5900,68.0000,1.799654
FILLER_20_250,VPWR,li1,120.9800,68.0000,1.799654
FILLER_20_240,VPWR,li1,116.3800,68.0000,1.799642
FILLER_20_237,VPWR,li1,115.2300,68.0000,1.799635
FILLER_20_234,VPWR,li1,113.8500,68.0000,1.799635
FILLER_20_231,VPWR,li1,112.4700,68.0000,1.799629
FILLER_20_210,VPWR,li1,102.5800,68.0000,1.799616
FILLER_20_207,VPWR,li1,101.4300,68.0000,1.799616
FILLER_20_197,VPWR,li1,96.6000,68.0000,1.799620
FILLER_20_186,VPWR,li1,91.5400,68.0000,1.799623
FILLER_20_183,VPWR,li1,90.3900,68.0000,1.799625
FILLER_20_180,VPWR,li1,89.0100,68.0000,1.799626
FILLER_20_177,VPWR,li1,87.6300,68.0000,1.799626
FILLER_20_141,VPWR,li1,71.0700,68.0000,1.799662
FILLER_20_137,VPWR,li1,69.2300,68.0000,1.799670
FILLER_20_88,VPWR,li1,46.2300,68.0000,1.799785
FILLER_20_85,VPWR,li1,45.3100,68.0000,1.799795
FILLER_20_83,VPWR,li1,43.9300,68.0000,1.799805
FILLER_20_58,VPWR,li1,32.4300,68.0000,1.799870
FILLER_20_55,VPWR,li1,31.5100,68.0000,1.799870
FILLER_20_27,VPWR,li1,18.1700,68.0000,1.799918
FILLER_20_24,VPWR,li1,17.2500,68.0000,1.799918
FILLER_20_6,VPWR,li1,8.5100,68.0000,1.799914
FILLER_20_3,VPWR,li1,7.5900,68.0000,1.799914
FILLER_19_679,VPWR,li1,318.0900,62.5600,1.798749
FILLER_19_676,VPWR,li1,317.1700,62.5600,1.798749
FILLER_19_673,VPWR,li1,315.7900,62.5600,1.798749
FILLER_19_671,VPWR,li1,314.4100,62.5600,1.798749
FILLER_19_642,VPWR,li1,301.5300,62.5600,1.798758
FILLER_19_613,VPWR,li1,288.1900,62.5600,1.798770
FILLER_19_588,VPWR,li1,276.2300,62.5600,1.798794
FILLER_19_585,VPWR,li1,275.3100,62.5600,1.798794
FILLER_19_575,VPWR,li1,270.2500,62.5600,1.798805
FILLER_19_572,VPWR,li1,269.3300,62.5600,1.798812
FILLER_19_569,VPWR,li1,267.9500,62.5600,1.798812
FILLER_19_558,VPWR,li1,262.6600,62.5600,1.798826
FILLER_19_555,VPWR,li1,261.5100,62.5600,1.798842
FILLER_19_542,VPWR,li1,255.3000,62.5600,1.798889
FILLER_19_539,VPWR,li1,254.1500,62.5600,1.798889
FILLER_19_521,VPWR,li1,245.4100,62.5600,1.798966
FILLER_19_436,VPWR,li1,206.7700,62.5600,1.799395
FILLER_19_433,VPWR,li1,205.3900,62.5600,1.799395
FILLER_19_413,VPWR,li1,195.9600,62.5600,1.799509
FILLER_19_393,VPWR,li1,186.9900,62.5600,1.799623
FILLER_19_389,VPWR,li1,185.1500,62.5600,1.799648
FILLER_19_376,VPWR,li1,179.1700,62.5600,1.799728
FILLER_19_373,VPWR,li1,177.7900,62.5600,1.799753
FILLER_19_364,VPWR,li1,173.1900,62.5600,1.799766
FILLER_19_361,VPWR,li1,172.2700,62.5600,1.799749
FILLER_19_358,VPWR,li1,170.8900,62.5600,1.799749
FILLER_19_355,VPWR,li1,169.5100,62.5600,1.799735
FILLER_19_352,VPWR,li1,168.1300,62.5600,1.799717
FILLER_19_349,VPWR,li1,166.7500,62.5600,1.799717
FILLER_19_346,VPWR,li1,165.3700,62.5600,1.799699
FILLER_19_343,VPWR,li1,163.9900,62.5600,1.799685
FILLER_19_340,VPWR,li1,162.6100,62.5600,1.799685
FILLER_19_337,VPWR,li1,161.2300,62.5600,1.799668
FILLER_19_309,VPWR,li1,148.1200,62.5600,1.799581
FILLER_19_306,VPWR,li1,146.9700,62.5600,1.799569
FILLER_19_303,VPWR,li1,145.5900,62.5600,1.799569
FILLER_19_284,VPWR,li1,136.6200,62.5600,1.799517
FILLER_19_281,VPWR,li1,135.4700,62.5600,1.799507
FILLER_19_271,VPWR,li1,130.4100,62.5600,1.799485
FILLER_19_268,VPWR,li1,129.4900,62.5600,1.799474
FILLER_19_265,VPWR,li1,128.1100,62.5600,1.799474
FILLER_19_228,VPWR,li1,110.8600,62.5600,1.799402
FILLER_19_225,VPWR,li1,109.7100,62.5600,1.799393
FILLER_19_223,VPWR,li1,108.3300,62.5600,1.799393
FILLER_19_186,VPWR,li1,91.7700,62.5600,1.799386
FILLER_19_167,VPWR,li1,82.5700,62.5600,1.799405
FILLER_19_164,VPWR,li1,81.6500,62.5600,1.799405
FILLER_19_161,VPWR,li1,80.2700,62.5600,1.799412
FILLER_19_139,VPWR,li1,70.1500,62.5600,1.799450
FILLER_19_136,VPWR,li1,68.7700,62.5600,1.799450
FILLER_19_113,VPWR,li1,57.7300,62.5600,1.799532
FILLER_19_111,VPWR,li1,56.8100,62.5600,1.799547
FILLER_19_108,VPWR,li1,55.8900,62.5600,1.799547
FILLER_19_90,VPWR,li1,47.1500,62.5600,1.799634
FILLER_19_55,VPWR,li1,31.0500,62.5600,1.799784
FILLER_19_26,VPWR,li1,18.1700,62.5600,1.799893
FILLER_19_17,VPWR,li1,13.5700,62.5600,1.799892
FILLER_19_14,VPWR,li1,12.6500,62.5600,1.799891
FILLER_19_11,VPWR,li1,11.2700,62.5600,1.799891
FILLER_18_686,VPWR,li1,321.5400,62.5600,1.798749
FILLER_18_683,VPWR,li1,320.3900,62.5600,1.798749
FILLER_18_663,VPWR,li1,311.1900,62.5600,1.798751
FILLER_18_595,VPWR,li1,279.4500,62.5600,1.798785
FILLER_18_592,VPWR,li1,278.5300,62.5600,1.798790
FILLER_18_589,VPWR,li1,277.1500,62.5600,1.798790
FILLER_18_569,VPWR,li1,267.7200,62.5600,1.798812
FILLER_18_566,VPWR,li1,266.5700,62.5600,1.798819
FILLER_18_553,VPWR,li1,260.3600,62.5600,1.798842
FILLER_18_550,VPWR,li1,259.2100,62.5600,1.798856
FILLER_18_522,VPWR,li1,246.1000,62.5600,1.798966
FILLER_18_511,VPWR,li1,241.2700,62.5600,1.799019
FILLER_18_493,VPWR,li1,232.5300,62.5600,1.799101
FILLER_18_488,VPWR,li1,230.2300,62.5600,1.799123
FILLER_18_485,VPWR,li1,229.3100,62.5600,1.799123
FILLER_18_473,VPWR,li1,223.7900,62.5600,1.799192
FILLER_18_429,VPWR,li1,203.5500,62.5600,1.799417
FILLER_18_419,VPWR,li1,198.4900,62.5600,1.799479
FILLER_18_416,VPWR,li1,197.5700,62.5600,1.799509
FILLER_18_413,VPWR,li1,196.1900,62.5600,1.799509
FILLER_18_393,VPWR,li1,186.9900,62.5600,1.799623
FILLER_18_390,VPWR,li1,185.6100,62.5600,1.799648
FILLER_18_355,VPWR,li1,169.0500,62.5600,1.799735
FILLER_18_352,VPWR,li1,168.1300,62.5600,1.799717
FILLER_18_349,VPWR,li1,166.7500,62.5600,1.799717
FILLER_18_309,VPWR,li1,148.3500,62.5600,1.799581
FILLER_18_306,VPWR,li1,146.7400,62.5600,1.799569
FILLER_18_303,VPWR,li1,145.5900,62.5600,1.799569
FILLER_18_226,VPWR,li1,109.7100,62.5600,1.799393
FILLER_18_197,VPWR,li1,96.3700,62.5600,1.799374
FILLER_18_177,VPWR,li1,87.6300,62.5600,1.799392
FILLER_18_159,VPWR,li1,78.8900,62.5600,1.799412
FILLER_18_149,VPWR,li1,74.2900,62.5600,1.799428
FILLER_18_120,VPWR,li1,60.9500,62.5600,1.799512
FILLER_18_117,VPWR,li1,60.0300,62.5600,1.799512
FILLER_18_114,VPWR,li1,58.6500,62.5600,1.799532
FILLER_18_88,VPWR,li1,46.2300,62.5600,1.799634
FILLER_18_85,VPWR,li1,45.3100,62.5600,1.799658
FILLER_18_82,VPWR,li1,43.7000,62.5600,1.799658
FILLER_18_54,VPWR,li1,31.0500,62.5600,1.799784
FILLER_18_51,VPWR,li1,29.6700,62.5600,1.799805
FILLER_18_41,VPWR,li1,24.8400,62.5600,1.799848
FILLER_18_32,VPWR,li1,20.4700,62.5600,1.799893
FILLER_18_29,VPWR,li1,19.5500,62.5600,1.799893
FILLER_18_26,VPWR,li1,17.9400,62.5600,1.799893
FILLER_18_23,VPWR,li1,16.7900,62.5600,1.799892
FILLER_18_20,VPWR,li1,15.4100,62.5600,1.799892
FILLER_18_17,VPWR,li1,14.0300,62.5600,1.799892
FILLER_18_14,VPWR,li1,12.6500,62.5600,1.799891
FILLER_18_11,VPWR,li1,11.2700,62.5600,1.799891
FILLER_17_687,VPWR,li1,321.7700,57.1200,1.798813
FILLER_17_684,VPWR,li1,320.8500,57.1200,1.798813
FILLER_17_681,VPWR,li1,319.4700,57.1200,1.798813
FILLER_17_670,VPWR,li1,314.1800,57.1200,1.798813
FILLER_17_667,VPWR,li1,313.0300,57.1200,1.798813
FILLER_17_649,VPWR,li1,304.2900,57.1200,1.798819
FILLER_17_646,VPWR,li1,303.3700,57.1200,1.798819
FILLER_17_643,VPWR,li1,301.9900,57.1200,1.798821
FILLER_17_615,VPWR,li1,288.6500,57.1200,1.798837
FILLER_17_612,VPWR,li1,287.7300,57.1200,1.798841
FILLER_17_609,VPWR,li1,286.3500,57.1200,1.798841
FILLER_17_599,VPWR,li1,281.5200,57.1200,1.798850
FILLER_17_571,VPWR,li1,268.8700,57.1200,1.798875
FILLER_17_561,VPWR,li1,263.8100,57.1200,1.798890
FILLER_17_558,VPWR,li1,262.6600,57.1200,1.798890
FILLER_17_555,VPWR,li1,261.5100,57.1200,1.798896
FILLER_17_541,VPWR,li1,255.0700,57.1200,1.798918
FILLER_17_508,VPWR,li1,239.4300,57.1200,1.799012
FILLER_17_505,VPWR,li1,238.5100,57.1200,1.799012
FILLER_17_501,VPWR,li1,236.6700,57.1200,1.799023
FILLER_17_498,VPWR,li1,235.2900,57.1200,1.799040
FILLER_17_495,VPWR,li1,233.9100,57.1200,1.799040
FILLER_17_492,VPWR,li1,232.5300,57.1200,1.799056
FILLER_17_489,VPWR,li1,231.1500,57.1200,1.799056
FILLER_17_486,VPWR,li1,229.7700,57.1200,1.799073
FILLER_17_483,VPWR,li1,228.3900,57.1200,1.799097
FILLER_17_480,VPWR,li1,227.0100,57.1200,1.799097
FILLER_17_477,VPWR,li1,225.6300,57.1200,1.799122
FILLER_17_474,VPWR,li1,224.2500,57.1200,1.799122
FILLER_17_461,VPWR,li1,218.0400,57.1200,1.799206
FILLER_17_458,VPWR,li1,216.8900,57.1200,1.799206
FILLER_17_438,VPWR,li1,207.4600,57.1200,1.799350
FILLER_17_435,VPWR,li1,206.3100,57.1200,1.799350
FILLER_17_432,VPWR,li1,204.9300,57.1200,1.799388
FILLER_17_429,VPWR,li1,203.5500,57.1200,1.799388
FILLER_17_426,VPWR,li1,202.1700,57.1200,1.799420
FILLER_17_423,VPWR,li1,200.7900,57.1200,1.799445
FILLER_17_420,VPWR,li1,199.4100,57.1200,1.799445
FILLER_17_417,VPWR,li1,198.0300,57.1200,1.799470
FILLER_17_354,VPWR,li1,169.0500,57.1200,1.799781
FILLER_17_351,VPWR,li1,167.6700,57.1200,1.799775
FILLER_17_348,VPWR,li1,166.2900,57.1200,1.799775
FILLER_17_345,VPWR,li1,164.9100,57.1200,1.799771
FILLER_17_335,VPWR,li1,159.8500,57.1200,1.799762
FILLER_17_297,VPWR,li1,142.8300,57.1200,1.799730
FILLER_17_271,VPWR,li1,130.4100,57.1200,1.799720
FILLER_17_268,VPWR,li1,129.4900,57.1200,1.799719
FILLER_17_265,VPWR,li1,128.1100,57.1200,1.799719
FILLER_17_228,VPWR,li1,110.8600,57.1200,1.799713
FILLER_17_225,VPWR,li1,109.7100,57.1200,1.799714
FILLER_17_188,VPWR,li1,92.2300,57.1200,1.799727
FILLER_17_179,VPWR,li1,88.0900,57.1200,1.799734
FILLER_17_169,VPWR,li1,83.7200,57.1200,1.799740
FILLER_17_116,VPWR,li1,59.3400,57.1200,1.799788
FILLER_17_113,VPWR,li1,58.1900,57.1200,1.799796
FILLER_17_57,VPWR,li1,32.2000,57.1200,1.799890
FILLER_17_53,VPWR,li1,30.5900,57.1200,1.799897
FILLER_17_50,VPWR,li1,29.2100,57.1200,1.799904
FILLER_17_47,VPWR,li1,27.8300,57.1200,1.799904
FILLER_17_44,VPWR,li1,26.4500,57.1200,1.799913
FILLER_17_41,VPWR,li1,25.0700,57.1200,1.799921
FILLER_17_38,VPWR,li1,23.6900,57.1200,1.799921
FILLER_17_35,VPWR,li1,22.3100,57.1200,1.799928
FILLER_17_30,VPWR,li1,19.5500,57.1200,1.799927
FILLER_17_27,VPWR,li1,18.6300,57.1200,1.799926
FILLER_17_24,VPWR,li1,17.2500,57.1200,1.799926
FILLER_17_21,VPWR,li1,15.8700,57.1200,1.799926
FILLER_17_18,VPWR,li1,14.4900,57.1200,1.799926
FILLER_17_15,VPWR,li1,13.1100,57.1200,1.799925
FILLER_16_686,VPWR,li1,321.5400,57.1200,1.798813
FILLER_16_675,VPWR,li1,316.7100,57.1200,1.798813
FILLER_16_648,VPWR,li1,304.0600,57.1200,1.798819
FILLER_16_645,VPWR,li1,302.9100,57.1200,1.798821
FILLER_16_643,VPWR,li1,301.5300,57.1200,1.798821
FILLER_16_640,VPWR,li1,300.6100,57.1200,1.798824
FILLER_16_637,VPWR,li1,299.2300,57.1200,1.798824
FILLER_16_626,VPWR,li1,294.1700,57.1200,1.798832
FILLER_16_623,VPWR,li1,292.7900,57.1200,1.798832
FILLER_16_604,VPWR,li1,283.8200,57.1200,1.798845
FILLER_16_601,VPWR,li1,282.6700,57.1200,1.798850
FILLER_16_598,VPWR,li1,281.2900,57.1200,1.798850
FILLER_16_595,VPWR,li1,279.9100,57.1200,1.798855
FILLER_16_592,VPWR,li1,278.5300,57.1200,1.798855
FILLER_16_589,VPWR,li1,277.1500,57.1200,1.798860
FILLER_16_586,VPWR,li1,275.5400,57.1200,1.798860
FILLER_16_553,VPWR,li1,260.3600,57.1200,1.798896
FILLER_16_550,VPWR,li1,259.2100,57.1200,1.798901
FILLER_16_533,VPWR,li1,250.9300,57.1200,1.798941
FILLER_16_531,VPWR,li1,250.0100,57.1200,1.798952
FILLER_16_528,VPWR,li1,249.0900,57.1200,1.798952
FILLER_16_509,VPWR,li1,240.1200,57.1200,1.799012
FILLER_16_499,VPWR,li1,235.5200,57.1200,1.799040
FILLER_16_485,VPWR,li1,229.3100,57.1200,1.799073
FILLER_16_474,VPWR,li1,224.0200,57.1200,1.799122
FILLER_16_437,VPWR,li1,207.2300,57.1200,1.799350
FILLER_16_427,VPWR,li1,202.4000,57.1200,1.799420
FILLER_16_424,VPWR,li1,201.2500,57.1200,1.799420
FILLER_16_421,VPWR,li1,199.8700,57.1200,1.799445
FILLER_16_419,VPWR,li1,198.4900,57.1200,1.799470
FILLER_16_416,VPWR,li1,197.5700,57.1200,1.799470
FILLER_16_406,VPWR,li1,192.7400,57.1200,1.799536
FILLER_16_377,VPWR,li1,179.6300,57.1200,1.799751
FILLER_16_374,VPWR,li1,178.2500,57.1200,1.799751
FILLER_16_371,VPWR,li1,176.8700,57.1200,1.799799
FILLER_16_368,VPWR,li1,175.4900,57.1200,1.799799
FILLER_16_365,VPWR,li1,174.1100,57.1200,1.799791
FILLER_16_315,VPWR,li1,150.6500,57.1200,1.799745
FILLER_16_312,VPWR,li1,149.7300,57.1200,1.799740
FILLER_16_309,VPWR,li1,148.3500,57.1200,1.799740
FILLER_16_305,VPWR,li1,146.5100,57.1200,1.799737
FILLER_16_289,VPWR,li1,138.9200,57.1200,1.799727
FILLER_16_286,VPWR,li1,137.7700,57.1200,1.799724
FILLER_16_274,VPWR,li1,132.0200,57.1200,1.799720
FILLER_16_271,VPWR,li1,130.8700,57.1200,1.799720
FILLER_16_253,VPWR,li1,122.3600,57.1200,1.799716
FILLER_16_235,VPWR,li1,113.8500,57.1200,1.799713
FILLER_16_217,VPWR,li1,105.8000,57.1200,1.799714
FILLER_16_214,VPWR,li1,104.6500,57.1200,1.799714
FILLER_16_177,VPWR,li1,87.6300,57.1200,1.799734
FILLER_16_174,VPWR,li1,86.2500,57.1200,1.799738
FILLER_16_171,VPWR,li1,84.8700,57.1200,1.799738
FILLER_16_168,VPWR,li1,83.4900,57.1200,1.799740
FILLER_16_153,VPWR,li1,76.1300,57.1200,1.799753
FILLER_16_150,VPWR,li1,75.2100,57.1200,1.799753
FILLER_16_113,VPWR,li1,57.7300,57.1200,1.799796
FILLER_16_110,VPWR,li1,56.8100,57.1200,1.799796
FILLER_16_85,VPWR,li1,44.8500,57.1200,1.799844
FILLER_16_81,VPWR,li1,43.4700,57.1200,1.799844
FILLER_16_63,VPWR,li1,34.9600,57.1200,1.799881
FILLER_16_60,VPWR,li1,33.8100,57.1200,1.799881
FILLER_16_57,VPWR,li1,32.4300,57.1200,1.799890
FILLER_16_54,VPWR,li1,31.0500,57.1200,1.799897
FILLER_16_51,VPWR,li1,29.6700,57.1200,1.799897
FILLER_16_48,VPWR,li1,28.2900,57.1200,1.799904
FILLER_16_45,VPWR,li1,26.9100,57.1200,1.799913
FILLER_16_42,VPWR,li1,25.5300,57.1200,1.799913
FILLER_16_29,VPWR,li1,19.3200,57.1200,1.799927
FILLER_16_27,VPWR,li1,18.1700,57.1200,1.799926
FILLER_16_24,VPWR,li1,17.2500,57.1200,1.799926
FILLER_16_21,VPWR,li1,15.8700,57.1200,1.799926
FILLER_16_18,VPWR,li1,14.4900,57.1200,1.799926
FILLER_16_15,VPWR,li1,13.1100,57.1200,1.799925
FILLER_16_12,VPWR,li1,11.7300,57.1200,1.799925
FILLER_16_9,VPWR,li1,10.3500,57.1200,1.799924
FILLER_16_6,VPWR,li1,8.9700,57.1200,1.799924
FILLER_16_3,VPWR,li1,7.5900,57.1200,1.799924
FILLER_15_685,VPWR,li1,321.3100,51.6800,1.799742
FILLER_15_682,VPWR,li1,319.9300,51.6800,1.799742
FILLER_15_679,VPWR,li1,318.5500,51.6800,1.799742
FILLER_15_676,VPWR,li1,317.1700,51.6800,1.799742
FILLER_15_673,VPWR,li1,315.7900,51.6800,1.799742
FILLER_15_669,VPWR,li1,313.9500,51.6800,1.799742
FILLER_15_658,VPWR,li1,308.8900,51.6800,1.799742
FILLER_15_639,VPWR,li1,300.1500,51.6800,1.799742
FILLER_15_636,VPWR,li1,298.7700,51.6800,1.799742
FILLER_15_633,VPWR,li1,297.3900,51.6800,1.799742
FILLER_15_606,VPWR,li1,284.7400,51.6800,1.799743
FILLER_15_603,VPWR,li1,283.5900,51.6800,1.799744
FILLER_15_600,VPWR,li1,282.2100,51.6800,1.799744
FILLER_15_597,VPWR,li1,280.8300,51.6800,1.799744
FILLER_15_594,VPWR,li1,279.4500,51.6800,1.799744
FILLER_15_591,VPWR,li1,278.0700,51.6800,1.799745
FILLER_15_588,VPWR,li1,276.6900,51.6800,1.799745
FILLER_15_585,VPWR,li1,275.3100,51.6800,1.799745
FILLER_15_574,VPWR,li1,270.2500,51.6800,1.799746
FILLER_15_564,VPWR,li1,265.4200,51.6800,1.799748
FILLER_15_561,VPWR,li1,264.2700,51.6800,1.799748
FILLER_15_544,VPWR,li1,255.9900,51.6800,1.799751
FILLER_15_528,VPWR,li1,248.6300,51.6800,1.799753
FILLER_15_525,VPWR,li1,247.7100,51.6800,1.799754
FILLER_15_522,VPWR,li1,246.3300,51.6800,1.799754
FILLER_15_470,VPWR,li1,221.9500,51.6800,1.799784
FILLER_15_467,VPWR,li1,221.0300,51.6800,1.799789
FILLER_15_464,VPWR,li1,219.6500,51.6800,1.799789
FILLER_15_455,VPWR,li1,215.0500,51.6800,1.799799
FILLER_15_452,VPWR,li1,214.1300,51.6800,1.799804
FILLER_15_449,VPWR,li1,212.7500,51.6800,1.799804
FILLER_15_445,VPWR,li1,210.9100,51.6800,1.799810
FILLER_15_427,VPWR,li1,202.4000,51.6800,1.799833
FILLER_15_424,VPWR,li1,201.2500,51.6800,1.799833
FILLER_15_421,VPWR,li1,199.8700,51.6800,1.799841
FILLER_15_418,VPWR,li1,198.4900,51.6800,1.799841
FILLER_15_415,VPWR,li1,197.1100,51.6800,1.799848
FILLER_15_389,VPWR,li1,185.1500,51.6800,1.799881
FILLER_15_361,VPWR,li1,172.0400,51.6800,1.799896
FILLER_15_352,VPWR,li1,167.6700,51.6800,1.799871
FILLER_15_349,VPWR,li1,166.7500,51.6800,1.799862
FILLER_15_346,VPWR,li1,165.3700,51.6800,1.799862
FILLER_15_343,VPWR,li1,163.9900,51.6800,1.799850
FILLER_15_340,VPWR,li1,162.6100,51.6800,1.799840
FILLER_15_337,VPWR,li1,161.2300,51.6800,1.799840
FILLER_15_304,VPWR,li1,145.8200,51.6800,1.799786
FILLER_15_301,VPWR,li1,144.6700,51.6800,1.799786
FILLER_15_298,VPWR,li1,143.2900,51.6800,1.799782
FILLER_15_295,VPWR,li1,141.9100,51.6800,1.799782
FILLER_15_284,VPWR,li1,136.8500,51.6800,1.799775
FILLER_15_281,VPWR,li1,135.4700,51.6800,1.799772
FILLER_15_279,VPWR,li1,134.0900,51.6800,1.799769
FILLER_15_276,VPWR,li1,133.1700,51.6800,1.799769
FILLER_15_265,VPWR,li1,128.1100,51.6800,1.799763
FILLER_15_240,VPWR,li1,116.6100,51.6800,1.799750
FILLER_15_237,VPWR,li1,115.2300,51.6800,1.799748
FILLER_15_234,VPWR,li1,113.8500,51.6800,1.799748
FILLER_15_231,VPWR,li1,112.4700,51.6800,1.799745
FILLER_15_228,VPWR,li1,111.0900,51.6800,1.799745
FILLER_15_225,VPWR,li1,109.7100,51.6800,1.799743
FILLER_15_222,VPWR,li1,108.1000,51.6800,1.799742
FILLER_15_219,VPWR,li1,106.9500,51.6800,1.799742
FILLER_15_190,VPWR,li1,93.3800,51.6800,1.799750
FILLER_15_187,VPWR,li1,92.2300,51.6800,1.799750
FILLER_15_169,VPWR,li1,83.4900,51.6800,1.799764
FILLER_15_165,VPWR,li1,82.1100,51.6800,1.799770
FILLER_15_162,VPWR,li1,80.7300,51.6800,1.799770
FILLER_15_130,VPWR,li1,66.0100,51.6800,1.799813
FILLER_15_127,VPWR,li1,64.6300,51.6800,1.799813
FILLER_15_124,VPWR,li1,63.2500,51.6800,1.799821
FILLER_15_121,VPWR,li1,61.8700,51.6800,1.799821
FILLER_15_102,VPWR,li1,52.9000,51.6800,1.799851
FILLER_15_99,VPWR,li1,51.7500,51.6800,1.799857
FILLER_15_96,VPWR,li1,50.3700,51.6800,1.799857
FILLER_15_93,VPWR,li1,48.9900,51.6800,1.799865
FILLER_15_90,VPWR,li1,47.6100,51.6800,1.799871
FILLER_15_87,VPWR,li1,46.2300,51.6800,1.799871
FILLER_15_84,VPWR,li1,44.8500,51.6800,1.799877
FILLER_15_81,VPWR,li1,43.4700,51.6800,1.799885
FILLER_15_78,VPWR,li1,42.0900,51.6800,1.799885
FILLER_15_70,VPWR,li1,37.9500,51.6800,1.799903
FILLER_15_67,VPWR,li1,37.0300,51.6800,1.799903
FILLER_15_60,VPWR,li1,33.5800,51.6800,1.799917
FILLER_15_57,VPWR,li1,32.4300,51.6800,1.799917
FILLER_15_55,VPWR,li1,31.0500,51.6800,1.799925
FILLER_15_52,VPWR,li1,30.1300,51.6800,1.799925
FILLER_15_49,VPWR,li1,28.7500,51.6800,1.799934
FILLER_15_46,VPWR,li1,27.3700,51.6800,1.799934
FILLER_15_37,VPWR,li1,22.7700,51.6800,1.799950
FILLER_15_18,VPWR,li1,14.2600,51.6800,1.799956
FILLER_15_15,VPWR,li1,13.1100,51.6800,1.799956
FILLER_15_12,VPWR,li1,11.7300,51.6800,1.799956
FILLER_15_9,VPWR,li1,10.3500,51.6800,1.799956
FILLER_15_6,VPWR,li1,8.9700,51.6800,1.799956
FILLER_15_3,VPWR,li1,7.5900,51.6800,1.799956
FILLER_14_687,VPWR,li1,321.7700,51.6800,1.799742
FILLER_14_684,VPWR,li1,320.8500,51.6800,1.799742
FILLER_14_681,VPWR,li1,319.4700,51.6800,1.799742
FILLER_14_678,VPWR,li1,318.0900,51.6800,1.799742
FILLER_14_675,VPWR,li1,316.7100,51.6800,1.799742
FILLER_14_672,VPWR,li1,315.3300,51.6800,1.799742
FILLER_14_669,VPWR,li1,313.9500,51.6800,1.799742
FILLER_14_666,VPWR,li1,312.5700,51.6800,1.799742
FILLER_14_663,VPWR,li1,311.1900,51.6800,1.799742
FILLER_14_660,VPWR,li1,309.8100,51.6800,1.799742
FILLER_14_657,VPWR,li1,308.4300,51.6800,1.799742
FILLER_14_654,VPWR,li1,307.0500,51.6800,1.799742
FILLER_14_651,VPWR,li1,305.6700,51.6800,1.799742
FILLER_14_648,VPWR,li1,304.2900,51.6800,1.799742
FILLER_14_645,VPWR,li1,302.9100,51.6800,1.799742
FILLER_14_643,VPWR,li1,301.5300,51.6800,1.799742
FILLER_14_640,VPWR,li1,300.6100,51.6800,1.799742
FILLER_14_637,VPWR,li1,299.2300,51.6800,1.799742
FILLER_14_634,VPWR,li1,297.8500,51.6800,1.799742
FILLER_14_631,VPWR,li1,296.4700,51.6800,1.799742
FILLER_14_628,VPWR,li1,295.0900,51.6800,1.799742
FILLER_14_625,VPWR,li1,293.7100,51.6800,1.799742
FILLER_14_622,VPWR,li1,292.3300,51.6800,1.799742
FILLER_14_619,VPWR,li1,290.9500,51.6800,1.799742
FILLER_14_592,VPWR,li1,278.5300,51.6800,1.799745
FILLER_14_589,VPWR,li1,277.1500,51.6800,1.799745
FILLER_14_586,VPWR,li1,275.5400,51.6800,1.799745
FILLER_14_542,VPWR,li1,255.3000,51.6800,1.799751
FILLER_14_539,VPWR,li1,254.1500,51.6800,1.799751
FILLER_14_536,VPWR,li1,252.7700,51.6800,1.799751
FILLER_14_533,VPWR,li1,251.3900,51.6800,1.799752
FILLER_14_530,VPWR,li1,249.7800,51.6800,1.799753
FILLER_14_527,VPWR,li1,248.6300,51.6800,1.799753
FILLER_14_489,VPWR,li1,231.1500,51.6800,1.799770
FILLER_14_486,VPWR,li1,229.7700,51.6800,1.799770
FILLER_14_473,VPWR,li1,223.7900,51.6800,1.799780
FILLER_14_421,VPWR,li1,199.8700,51.6800,1.799841
FILLER_14_419,VPWR,li1,198.4900,51.6800,1.799841
FILLER_14_416,VPWR,li1,197.5700,51.6800,1.799848
FILLER_14_413,VPWR,li1,196.1900,51.6800,1.799848
FILLER_14_394,VPWR,li1,187.2200,51.6800,1.799875
FILLER_14_391,VPWR,li1,186.0700,51.6800,1.799881
FILLER_14_363,VPWR,li1,172.7300,51.6800,1.799896
FILLER_14_353,VPWR,li1,168.3600,51.6800,1.799871
FILLER_14_350,VPWR,li1,167.2100,51.6800,1.799871
FILLER_14_347,VPWR,li1,165.8300,51.6800,1.799862
FILLER_14_344,VPWR,li1,164.4500,51.6800,1.799850
FILLER_14_341,VPWR,li1,163.0700,51.6800,1.799850
FILLER_14_338,VPWR,li1,161.6900,51.6800,1.799840
FILLER_14_327,VPWR,li1,156.4000,51.6800,1.799816
FILLER_14_324,VPWR,li1,155.2500,51.6800,1.799804
FILLER_14_312,VPWR,li1,149.2700,51.6800,1.799792
FILLER_14_309,VPWR,li1,148.3500,51.6800,1.799789
FILLER_14_307,VPWR,li1,146.9700,51.6800,1.799789
FILLER_14_304,VPWR,li1,146.0500,51.6800,1.799786
FILLER_14_301,VPWR,li1,144.6700,51.6800,1.799786
FILLER_14_298,VPWR,li1,143.2900,51.6800,1.799782
FILLER_14_295,VPWR,li1,141.9100,51.6800,1.799782
FILLER_14_292,VPWR,li1,140.5300,51.6800,1.799778
FILLER_14_289,VPWR,li1,139.1500,51.6800,1.799778
FILLER_14_286,VPWR,li1,137.7700,51.6800,1.799775
FILLER_14_283,VPWR,li1,136.3900,51.6800,1.799775
FILLER_14_280,VPWR,li1,135.0100,51.6800,1.799772
FILLER_14_269,VPWR,li1,129.9500,51.6800,1.799766
FILLER_14_261,VPWR,li1,125.8100,51.6800,1.799761
FILLER_14_250,VPWR,li1,120.9800,51.6800,1.799756
FILLER_14_247,VPWR,li1,119.8300,51.6800,1.799753
FILLER_14_244,VPWR,li1,118.4500,51.6800,1.799753
FILLER_14_241,VPWR,li1,117.0700,51.6800,1.799750
FILLER_14_238,VPWR,li1,115.6900,51.6800,1.799750
FILLER_14_235,VPWR,li1,114.3100,51.6800,1.799748
FILLER_14_200,VPWR,li1,97.9800,51.6800,1.799745
FILLER_14_197,VPWR,li1,96.8300,51.6800,1.799747
FILLER_14_150,VPWR,li1,74.7500,51.6800,1.799785
FILLER_14_147,VPWR,li1,73.8300,51.6800,1.799792
FILLER_14_144,VPWR,li1,72.4500,51.6800,1.799792
FILLER_14_141,VPWR,li1,71.0700,51.6800,1.799799
FILLER_14_139,VPWR,li1,69.6900,51.6800,1.799799
FILLER_14_136,VPWR,li1,68.7700,51.6800,1.799805
FILLER_14_133,VPWR,li1,67.3900,51.6800,1.799805
FILLER_14_130,VPWR,li1,66.0100,51.6800,1.799813
FILLER_14_127,VPWR,li1,64.6300,51.6800,1.799813
FILLER_14_124,VPWR,li1,63.2500,51.6800,1.799821
FILLER_14_121,VPWR,li1,61.8700,51.6800,1.799821
FILLER_14_106,VPWR,li1,54.5100,51.6800,1.799843
FILLER_14_103,VPWR,li1,53.5900,51.6800,1.799851
FILLER_14_100,VPWR,li1,52.2100,51.6800,1.799851
FILLER_14_97,VPWR,li1,50.8300,51.6800,1.799857
FILLER_14_94,VPWR,li1,49.4500,51.6800,1.799865
FILLER_14_91,VPWR,li1,48.0700,51.6800,1.799865
FILLER_14_88,VPWR,li1,46.6900,51.6800,1.799871
FILLER_14_85,VPWR,li1,45.3100,51.6800,1.799877
FILLER_14_82,VPWR,li1,43.7000,51.6800,1.799885
FILLER_14_79,VPWR,li1,42.5500,51.6800,1.799885
FILLER_14_62,VPWR,li1,34.5000,51.6800,1.799910
FILLER_14_59,VPWR,li1,33.3500,51.6800,1.799917
FILLER_14_32,VPWR,li1,20.4700,51.6800,1.799958
FILLER_14_29,VPWR,li1,19.5500,51.6800,1.799957
FILLER_14_9,VPWR,li1,10.3500,51.6800,1.799956
FILLER_14_6,VPWR,li1,8.9700,51.6800,1.799956
FILLER_14_3,VPWR,li1,7.5900,51.6800,1.799956
FILLER_13_685,VPWR,li1,321.3100,46.2400,1.799334
FILLER_13_682,VPWR,li1,319.9300,46.2400,1.799334
FILLER_13_679,VPWR,li1,318.5500,46.2400,1.799334
FILLER_13_676,VPWR,li1,317.1700,46.2400,1.799334
FILLER_13_673,VPWR,li1,315.7900,46.2400,1.799334
FILLER_13_670,VPWR,li1,314.1800,46.2400,1.799334
FILLER_13_667,VPWR,li1,313.0300,46.2400,1.799334
FILLER_13_651,VPWR,li1,305.4400,46.2400,1.799337
FILLER_13_648,VPWR,li1,304.2900,46.2400,1.799337
FILLER_13_645,VPWR,li1,302.9100,46.2400,1.799339
FILLER_13_642,VPWR,li1,301.5300,46.2400,1.799339
FILLER_13_639,VPWR,li1,300.1500,46.2400,1.799340
FILLER_13_636,VPWR,li1,298.7700,46.2400,1.799342
FILLER_13_633,VPWR,li1,297.3900,46.2400,1.799342
FILLER_13_592,VPWR,li1,278.3000,46.2400,1.799369
FILLER_13_589,VPWR,li1,277.1500,46.2400,1.799369
FILLER_13_586,VPWR,li1,275.7700,46.2400,1.799375
FILLER_13_558,VPWR,li1,262.6600,46.2400,1.799411
FILLER_13_540,VPWR,li1,254.1500,46.2400,1.799443
FILLER_13_529,VPWR,li1,249.3200,46.2400,1.799460
FILLER_13_508,VPWR,li1,239.8900,46.2400,1.799499
FILLER_13_505,VPWR,li1,238.5100,46.2400,1.799512
FILLER_13_503,VPWR,li1,237.1300,46.2400,1.799512
FILLER_13_500,VPWR,li1,236.2100,46.2400,1.799524
FILLER_13_497,VPWR,li1,234.8300,46.2400,1.799524
FILLER_13_460,VPWR,li1,217.8100,46.2400,1.799621
FILLER_13_457,VPWR,li1,216.4300,46.2400,1.799621
FILLER_13_447,VPWR,li1,211.3700,46.2400,1.799652
FILLER_13_419,VPWR,li1,198.7200,46.2400,1.799744
FILLER_13_416,VPWR,li1,197.5700,46.2400,1.799744
FILLER_13_396,VPWR,li1,188.3700,46.2400,1.799805
FILLER_13_393,VPWR,li1,186.9900,46.2400,1.799823
FILLER_13_364,VPWR,li1,173.6500,46.2400,1.799903
FILLER_13_353,VPWR,li1,168.5900,46.2400,1.799896
FILLER_13_350,VPWR,li1,167.2100,46.2400,1.799896
FILLER_13_340,VPWR,li1,162.1500,46.2400,1.799890
FILLER_13_337,VPWR,li1,161.2300,46.2400,1.799888
FILLER_13_335,VPWR,li1,159.8500,46.2400,1.799888
FILLER_13_332,VPWR,li1,158.9300,46.2400,1.799886
FILLER_13_320,VPWR,li1,153.4100,46.2400,1.799879
FILLER_13_311,VPWR,li1,148.8100,46.2400,1.799875
FILLER_13_293,VPWR,li1,140.5300,46.2400,1.799868
FILLER_13_284,VPWR,li1,136.3900,46.2400,1.799864
FILLER_13_281,VPWR,li1,135.4700,46.2400,1.799864
FILLER_13_277,VPWR,li1,133.6300,46.2400,1.799862
FILLER_13_270,VPWR,li1,130.1800,46.2400,1.799859
FILLER_13_254,VPWR,li1,122.5900,46.2400,1.799853
FILLER_13_251,VPWR,li1,121.6700,46.2400,1.799853
FILLER_13_248,VPWR,li1,120.2900,46.2400,1.799851
FILLER_13_245,VPWR,li1,118.9100,46.2400,1.799851
FILLER_13_242,VPWR,li1,117.5300,46.2400,1.799849
FILLER_13_205,VPWR,li1,100.2800,46.2400,1.799848
FILLER_13_202,VPWR,li1,99.1300,46.2400,1.799850
FILLER_13_157,VPWR,li1,78.4300,46.2400,1.799870
FILLER_13_149,VPWR,li1,74.5200,46.2400,1.799875
FILLER_13_146,VPWR,li1,73.3700,46.2400,1.799878
FILLER_13_143,VPWR,li1,71.9900,46.2400,1.799878
FILLER_13_140,VPWR,li1,70.6100,46.2400,1.799880
FILLER_13_137,VPWR,li1,69.2300,46.2400,1.799883
FILLER_13_134,VPWR,li1,67.8500,46.2400,1.799883
FILLER_13_116,VPWR,li1,59.1100,46.2400,1.799895
FILLER_13_113,VPWR,li1,58.1900,46.2400,1.799898
FILLER_13_104,VPWR,li1,53.5900,46.2400,1.799907
FILLER_13_101,VPWR,li1,52.6700,46.2400,1.799907
FILLER_13_98,VPWR,li1,51.2900,46.2400,1.799911
FILLER_13_95,VPWR,li1,49.9100,46.2400,1.799914
FILLER_13_92,VPWR,li1,48.5300,46.2400,1.799914
FILLER_13_89,VPWR,li1,47.1500,46.2400,1.799918
FILLER_13_86,VPWR,li1,45.7700,46.2400,1.799922
FILLER_13_66,VPWR,li1,36.5700,46.2400,1.799939
FILLER_13_63,VPWR,li1,35.1900,46.2400,1.799939
FILLER_13_54,VPWR,li1,30.8200,46.2400,1.799950
FILLER_13_51,VPWR,li1,29.6700,46.2400,1.799950
FILLER_13_15,VPWR,li1,12.6500,46.2400,1.799966
FILLER_13_12,VPWR,li1,11.7300,46.2400,1.799966
FILLER_13_9,VPWR,li1,10.3500,46.2400,1.799966
FILLER_13_6,VPWR,li1,8.9700,46.2400,1.799966
FILLER_13_3,VPWR,li1,7.5900,46.2400,1.799966
FILLER_12_687,VPWR,li1,321.7700,46.2400,1.799334
FILLER_12_684,VPWR,li1,320.8500,46.2400,1.799334
FILLER_12_681,VPWR,li1,319.4700,46.2400,1.799334
FILLER_12_678,VPWR,li1,318.0900,46.2400,1.799334
FILLER_12_675,VPWR,li1,316.7100,46.2400,1.799334
FILLER_12_672,VPWR,li1,315.3300,46.2400,1.799334
FILLER_12_645,VPWR,li1,302.4500,46.2400,1.799339
FILLER_12_643,VPWR,li1,301.5300,46.2400,1.799339
FILLER_12_633,VPWR,li1,297.1600,46.2400,1.799342
FILLER_12_589,VPWR,li1,276.9200,46.2400,1.799369
FILLER_12_533,VPWR,li1,251.1600,46.2400,1.799452
FILLER_12_525,VPWR,li1,247.4800,46.2400,1.799467
FILLER_12_505,VPWR,li1,238.5100,46.2400,1.799512
FILLER_12_502,VPWR,li1,237.1300,46.2400,1.799512
FILLER_12_464,VPWR,li1,219.6500,46.2400,1.799602
FILLER_12_418,VPWR,li1,198.2600,46.2400,1.799744
FILLER_12_415,VPWR,li1,197.1100,46.2400,1.799744
FILLER_12_397,VPWR,li1,188.3700,46.2400,1.799805
FILLER_12_387,VPWR,li1,183.7700,46.2400,1.799847
FILLER_12_384,VPWR,li1,182.8500,46.2400,1.799847
FILLER_12_365,VPWR,li1,174.1100,46.2400,1.799903
FILLER_12_354,VPWR,li1,168.8200,46.2400,1.799896
FILLER_12_351,VPWR,li1,167.6700,46.2400,1.799896
FILLER_12_333,VPWR,li1,158.9300,46.2400,1.799886
FILLER_12_330,VPWR,li1,158.0100,46.2400,1.799886
FILLER_12_312,VPWR,li1,149.7300,46.2400,1.799877
FILLER_12_309,VPWR,li1,148.3500,46.2400,1.799875
FILLER_12_305,VPWR,li1,146.5100,46.2400,1.799872
FILLER_12_302,VPWR,li1,145.1300,46.2400,1.799872
FILLER_12_284,VPWR,li1,136.3900,46.2400,1.799864
FILLER_12_281,VPWR,li1,135.4700,46.2400,1.799864
FILLER_12_278,VPWR,li1,134.0900,46.2400,1.799862
FILLER_12_234,VPWR,li1,113.6200,46.2400,1.799847
FILLER_12_231,VPWR,li1,112.4700,46.2400,1.799847
FILLER_12_195,VPWR,li1,95.4500,46.2400,1.799851
FILLER_12_192,VPWR,li1,94.5300,46.2400,1.799851
FILLER_12_156,VPWR,li1,77.7400,46.2400,1.799872
FILLER_12_153,VPWR,li1,76.5900,46.2400,1.799872
FILLER_12_150,VPWR,li1,75.2100,46.2400,1.799875
FILLER_12_147,VPWR,li1,73.8300,46.2400,1.799875
FILLER_12_144,VPWR,li1,72.4500,46.2400,1.799878
FILLER_12_141,VPWR,li1,71.0700,46.2400,1.799880
FILLER_12_138,VPWR,li1,69.4600,46.2400,1.799883
FILLER_12_135,VPWR,li1,68.3100,46.2400,1.799883
FILLER_12_132,VPWR,li1,66.9300,46.2400,1.799886
FILLER_12_97,VPWR,li1,50.3700,46.2400,1.799911
FILLER_12_94,VPWR,li1,49.4500,46.2400,1.799914
FILLER_12_91,VPWR,li1,48.0700,46.2400,1.799918
FILLER_12_88,VPWR,li1,46.6900,46.2400,1.799918
FILLER_12_85,VPWR,li1,45.3100,46.2400,1.799922
FILLER_12_65,VPWR,li1,35.6500,46.2400,1.799939
FILLER_12_62,VPWR,li1,34.7300,46.2400,1.799943
FILLER_12_59,VPWR,li1,33.3500,46.2400,1.799943
FILLER_12_56,VPWR,li1,31.9700,46.2400,1.799946
FILLER_12_53,VPWR,li1,30.5900,46.2400,1.799950
FILLER_12_35,VPWR,li1,21.8500,46.2400,1.799969
FILLER_12_32,VPWR,li1,20.9300,46.2400,1.799969
FILLER_12_29,VPWR,li1,19.5500,46.2400,1.799967
FILLER_12_18,VPWR,li1,14.2600,46.2400,1.799966
FILLER_12_15,VPWR,li1,13.1100,46.2400,1.799966
FILLER_12_12,VPWR,li1,11.7300,46.2400,1.799966
FILLER_12_9,VPWR,li1,10.3500,46.2400,1.799966
FILLER_12_6,VPWR,li1,8.9700,46.2400,1.799966
FILLER_12_3,VPWR,li1,7.5900,46.2400,1.799966
FILLER_11_685,VPWR,li1,321.3100,40.8000,1.799148
FILLER_11_682,VPWR,li1,319.9300,40.8000,1.799148
FILLER_11_679,VPWR,li1,318.5500,40.8000,1.799148
FILLER_11_676,VPWR,li1,317.1700,40.8000,1.799148
FILLER_11_673,VPWR,li1,315.7900,40.8000,1.799148
FILLER_11_671,VPWR,li1,314.4100,40.8000,1.799148
FILLER_11_658,VPWR,li1,308.8900,40.8000,1.799149
FILLER_11_655,VPWR,li1,307.5100,40.8000,1.799149
FILLER_11_634,VPWR,li1,297.8500,40.8000,1.799157
FILLER_11_584,VPWR,li1,274.6200,40.8000,1.799249
FILLER_11_581,VPWR,li1,273.4700,40.8000,1.799249
FILLER_11_578,VPWR,li1,272.0900,40.8000,1.799257
FILLER_11_532,VPWR,li1,250.9300,40.8000,1.799368
FILLER_11_529,VPWR,li1,249.5500,40.8000,1.799368
FILLER_11_526,VPWR,li1,248.1700,40.8000,1.799379
FILLER_11_517,VPWR,li1,243.5700,40.8000,1.799409
FILLER_11_514,VPWR,li1,242.6500,40.8000,1.799409
FILLER_11_505,VPWR,li1,238.0500,40.8000,1.799435
FILLER_11_503,VPWR,li1,237.1300,40.8000,1.799446
FILLER_11_500,VPWR,li1,236.2100,40.8000,1.799446
FILLER_11_497,VPWR,li1,234.8300,40.8000,1.799458
FILLER_11_494,VPWR,li1,233.4500,40.8000,1.799458
FILLER_11_491,VPWR,li1,232.0700,40.8000,1.799469
FILLER_11_488,VPWR,li1,230.6900,40.8000,1.799483
FILLER_11_460,VPWR,li1,217.5800,40.8000,1.799559
FILLER_11_457,VPWR,li1,216.4300,40.8000,1.799559
FILLER_11_439,VPWR,li1,207.6900,40.8000,1.799623
FILLER_11_421,VPWR,li1,199.4100,40.8000,1.799682
FILLER_11_418,VPWR,li1,198.4900,40.8000,1.799682
FILLER_11_373,VPWR,li1,177.5600,40.8000,1.799851
FILLER_11_340,VPWR,li1,162.1500,40.8000,1.799820
FILLER_11_337,VPWR,li1,161.2300,40.8000,1.799815
FILLER_11_318,VPWR,li1,152.4900,40.8000,1.799792
FILLER_11_281,VPWR,li1,135.2400,40.8000,1.799751
FILLER_11_237,VPWR,li1,114.7700,40.8000,1.799730
FILLER_11_234,VPWR,li1,113.8500,40.8000,1.799730
FILLER_11_225,VPWR,li1,109.2500,40.8000,1.799730
FILLER_11_198,VPWR,li1,96.8300,40.8000,1.799737
FILLER_11_169,VPWR,li1,83.9500,40.8000,1.799749
FILLER_11_160,VPWR,li1,79.3500,40.8000,1.799752
FILLER_11_155,VPWR,li1,77.2800,40.8000,1.799755
FILLER_11_94,VPWR,li1,48.9900,40.8000,1.799811
FILLER_11_57,VPWR,li1,32.4300,40.8000,1.799881
FILLER_11_55,VPWR,li1,31.0500,40.8000,1.799893
FILLER_11_52,VPWR,li1,30.1300,40.8000,1.799893
FILLER_11_49,VPWR,li1,28.7500,40.8000,1.799908
FILLER_11_31,VPWR,li1,20.0100,40.8000,1.799943
FILLER_11_28,VPWR,li1,19.0900,40.8000,1.799943
FILLER_11_18,VPWR,li1,14.2600,40.8000,1.799943
FILLER_11_15,VPWR,li1,13.1100,40.8000,1.799943
FILLER_11_12,VPWR,li1,11.7300,40.8000,1.799943
FILLER_11_9,VPWR,li1,10.3500,40.8000,1.799943
FILLER_11_6,VPWR,li1,8.9700,40.8000,1.799943
FILLER_11_3,VPWR,li1,7.5900,40.8000,1.799943
FILLER_10_685,VPWR,li1,321.3100,40.8000,1.799148
FILLER_10_682,VPWR,li1,319.9300,40.8000,1.799148
FILLER_10_679,VPWR,li1,318.5500,40.8000,1.799148
FILLER_10_676,VPWR,li1,317.1700,40.8000,1.799148
FILLER_10_673,VPWR,li1,315.7900,40.8000,1.799148
FILLER_10_645,VPWR,li1,302.4500,40.8000,1.799153
FILLER_10_623,VPWR,li1,292.3300,40.8000,1.799173
FILLER_10_620,VPWR,li1,291.4100,40.8000,1.799173
FILLER_10_592,VPWR,li1,278.3000,40.8000,1.799228
FILLER_10_589,VPWR,li1,277.1500,40.8000,1.799240
FILLER_10_586,VPWR,li1,275.5400,40.8000,1.799240
FILLER_10_583,VPWR,li1,274.3900,40.8000,1.799249
FILLER_10_580,VPWR,li1,273.0100,40.8000,1.799257
FILLER_10_577,VPWR,li1,271.6300,40.8000,1.799257
FILLER_10_557,VPWR,li1,262.4300,40.8000,1.799306
FILLER_10_554,VPWR,li1,261.0500,40.8000,1.799306
FILLER_10_551,VPWR,li1,259.6700,40.8000,1.799320
FILLER_10_548,VPWR,li1,258.2900,40.8000,1.799320
FILLER_10_545,VPWR,li1,256.9100,40.8000,1.799335
FILLER_10_542,VPWR,li1,255.5300,40.8000,1.799335
FILLER_10_536,VPWR,li1,252.3100,40.8000,1.799358
FILLER_10_533,VPWR,li1,251.3900,40.8000,1.799358
FILLER_10_531,VPWR,li1,250.0100,40.8000,1.799368
FILLER_10_528,VPWR,li1,249.0900,40.8000,1.799379
FILLER_10_525,VPWR,li1,247.7100,40.8000,1.799379
FILLER_10_522,VPWR,li1,246.3300,40.8000,1.799394
FILLER_10_519,VPWR,li1,244.9500,40.8000,1.799394
FILLER_10_516,VPWR,li1,243.5700,40.8000,1.799409
FILLER_10_513,VPWR,li1,242.1900,40.8000,1.799409
FILLER_10_505,VPWR,li1,238.5100,40.8000,1.799435
FILLER_10_502,VPWR,li1,237.1300,40.8000,1.799446
FILLER_10_499,VPWR,li1,235.7500,40.8000,1.799446
FILLER_10_496,VPWR,li1,234.3700,40.8000,1.799458
FILLER_10_493,VPWR,li1,232.9900,40.8000,1.799469
FILLER_10_490,VPWR,li1,231.6100,40.8000,1.799469
FILLER_10_480,VPWR,li1,226.7800,40.8000,1.799496
FILLER_10_477,VPWR,li1,225.6300,40.8000,1.799508
FILLER_10_451,VPWR,li1,213.2100,40.8000,1.799588
FILLER_10_448,VPWR,li1,212.2900,40.8000,1.799588
FILLER_10_445,VPWR,li1,210.9100,40.8000,1.799601
FILLER_10_427,VPWR,li1,202.1700,40.8000,1.799659
FILLER_10_424,VPWR,li1,201.2500,40.8000,1.799659
FILLER_10_421,VPWR,li1,199.8700,40.8000,1.799682
FILLER_10_418,VPWR,li1,198.2600,40.8000,1.799682
FILLER_10_409,VPWR,li1,193.8900,40.8000,1.799721
FILLER_10_406,VPWR,li1,192.9700,40.8000,1.799721
FILLER_10_371,VPWR,li1,176.6400,40.8000,1.799870
FILLER_10_368,VPWR,li1,175.4900,40.8000,1.799870
FILLER_10_365,VPWR,li1,174.1100,40.8000,1.799861
FILLER_10_361,VPWR,li1,172.2700,40.8000,1.799851
FILLER_10_358,VPWR,li1,170.8900,40.8000,1.799851
FILLER_10_315,VPWR,li1,150.6500,40.8000,1.799784
FILLER_10_312,VPWR,li1,149.7300,40.8000,1.799784
FILLER_10_309,VPWR,li1,148.3500,40.8000,1.799778
FILLER_10_274,VPWR,li1,131.7900,40.8000,1.799746
FILLER_10_271,VPWR,li1,130.8700,40.8000,1.799746
FILLER_10_233,VPWR,li1,113.1600,40.8000,1.799730
FILLER_10_230,VPWR,li1,112.0100,40.8000,1.799730
FILLER_10_209,VPWR,li1,102.3500,40.8000,1.799734
FILLER_10_206,VPWR,li1,100.9700,40.8000,1.799734
FILLER_10_203,VPWR,li1,99.5900,40.8000,1.799735
FILLER_10_200,VPWR,li1,98.2100,40.8000,1.799737
FILLER_10_197,VPWR,li1,96.8300,40.8000,1.799737
FILLER_10_194,VPWR,li1,95.2200,40.8000,1.799738
FILLER_10_191,VPWR,li1,94.0700,40.8000,1.799740
FILLER_10_188,VPWR,li1,92.6900,40.8000,1.799740
FILLER_10_169,VPWR,li1,83.9500,40.8000,1.799749
FILLER_10_166,VPWR,li1,82.5700,40.8000,1.799750
FILLER_10_151,VPWR,li1,75.6700,40.8000,1.799759
FILLER_10_148,VPWR,li1,74.2900,40.8000,1.799759
FILLER_10_134,VPWR,li1,67.3900,40.8000,1.799771
FILLER_10_131,VPWR,li1,66.4700,40.8000,1.799771
FILLER_10_96,VPWR,li1,49.9100,40.8000,1.799811
FILLER_10_93,VPWR,li1,48.9900,40.8000,1.799811
FILLER_10_42,VPWR,li1,25.0700,40.8000,1.799919
FILLER_10_32,VPWR,li1,20.7000,40.8000,1.799943
FILLER_10_29,VPWR,li1,19.5500,40.8000,1.799943
FILLER_10_18,VPWR,li1,14.2600,40.8000,1.799943
FILLER_10_15,VPWR,li1,13.1100,40.8000,1.799943
FILLER_10_12,VPWR,li1,11.7300,40.8000,1.799943
FILLER_10_9,VPWR,li1,10.3500,40.8000,1.799943
FILLER_10_6,VPWR,li1,8.9700,40.8000,1.799943
FILLER_10_3,VPWR,li1,7.5900,40.8000,1.799943
FILLER_9_685,VPWR,li1,321.3100,35.3600,1.799462
FILLER_9_682,VPWR,li1,319.9300,35.3600,1.799462
FILLER_9_679,VPWR,li1,318.5500,35.3600,1.799462
FILLER_9_676,VPWR,li1,317.1700,35.3600,1.799462
FILLER_9_673,VPWR,li1,315.7900,35.3600,1.799462
FILLER_9_671,VPWR,li1,314.4100,35.3600,1.799462
FILLER_9_617,VPWR,li1,290.0300,35.3600,1.799486
FILLER_9_613,VPWR,li1,288.1900,35.3600,1.799489
FILLER_9_610,VPWR,li1,286.8100,35.3600,1.799494
FILLER_9_592,VPWR,li1,278.5300,35.3600,1.799507
FILLER_9_589,VPWR,li1,277.1500,35.3600,1.799513
FILLER_9_586,VPWR,li1,275.7700,35.3600,1.799513
FILLER_9_583,VPWR,li1,274.3900,35.3600,1.799518
FILLER_9_580,VPWR,li1,273.0100,35.3600,1.799518
FILLER_9_577,VPWR,li1,271.6300,35.3600,1.799524
FILLER_9_557,VPWR,li1,262.4300,35.3600,1.799543
FILLER_9_554,VPWR,li1,261.0500,35.3600,1.799543
FILLER_9_551,VPWR,li1,259.6700,35.3600,1.799547
FILLER_9_548,VPWR,li1,258.2900,35.3600,1.799552
FILLER_9_545,VPWR,li1,256.9100,35.3600,1.799552
FILLER_9_534,VPWR,li1,251.8500,35.3600,1.799563
FILLER_9_524,VPWR,li1,247.0200,35.3600,1.799574
FILLER_9_515,VPWR,li1,242.6500,35.3600,1.799584
FILLER_9_505,VPWR,li1,238.5100,35.3600,1.799595
FILLER_9_488,VPWR,li1,230.4600,35.3600,1.799621
FILLER_9_485,VPWR,li1,229.3100,35.3600,1.799621
FILLER_9_482,VPWR,li1,227.9300,35.3600,1.799630
FILLER_9_479,VPWR,li1,226.5500,35.3600,1.799630
FILLER_9_468,VPWR,li1,221.4900,35.3600,1.799651
FILLER_9_465,VPWR,li1,220.1100,35.3600,1.799651
FILLER_9_462,VPWR,li1,218.7300,35.3600,1.799657
FILLER_9_452,VPWR,li1,214.1300,35.3600,1.799675
FILLER_9_449,VPWR,li1,212.7500,35.3600,1.799675
FILLER_9_447,VPWR,li1,211.3700,35.3600,1.799683
FILLER_9_444,VPWR,li1,210.4500,35.3600,1.799683
FILLER_9_435,VPWR,li1,206.3100,35.3600,1.799698
FILLER_9_432,VPWR,li1,204.9300,35.3600,1.799706
FILLER_9_429,VPWR,li1,203.5500,35.3600,1.799717
FILLER_9_426,VPWR,li1,202.1700,35.3600,1.799717
FILLER_9_423,VPWR,li1,200.7900,35.3600,1.799732
FILLER_9_420,VPWR,li1,199.4100,35.3600,1.799744
FILLER_9_417,VPWR,li1,198.0300,35.3600,1.799744
FILLER_9_414,VPWR,li1,196.6500,35.3600,1.799755
FILLER_9_396,VPWR,li1,187.9100,35.3600,1.799808
FILLER_9_393,VPWR,li1,186.9900,35.3600,1.799819
FILLER_9_375,VPWR,li1,178.2500,35.3600,1.799875
FILLER_9_372,VPWR,li1,177.3300,35.3600,1.799875
FILLER_9_369,VPWR,li1,175.9500,35.3600,1.799888
FILLER_9_366,VPWR,li1,174.5700,35.3600,1.799877
FILLER_9_340,VPWR,li1,162.1500,35.3600,1.799829
FILLER_9_337,VPWR,li1,161.2300,35.3600,1.799823
FILLER_9_312,VPWR,li1,149.5000,35.3600,1.799785
FILLER_9_309,VPWR,li1,148.3500,35.3600,1.799778
FILLER_9_281,VPWR,li1,135.4700,35.3600,1.799747
FILLER_9_271,VPWR,li1,130.4100,35.3600,1.799739
FILLER_9_236,VPWR,li1,114.5400,35.3600,1.799712
FILLER_9_233,VPWR,li1,113.3900,35.3600,1.799712
FILLER_9_222,VPWR,li1,108.1000,35.3600,1.799703
FILLER_9_219,VPWR,li1,106.9500,35.3600,1.799703
FILLER_9_213,VPWR,li1,103.7300,35.3600,1.799698
FILLER_9_210,VPWR,li1,102.8100,35.3600,1.799698
FILLER_9_207,VPWR,li1,101.4300,35.3600,1.799694
FILLER_9_204,VPWR,li1,100.0500,35.3600,1.799694
FILLER_9_201,VPWR,li1,98.6700,35.3600,1.799698
FILLER_9_198,VPWR,li1,97.2900,35.3600,1.799698
FILLER_9_195,VPWR,li1,95.9100,35.3600,1.799701
FILLER_9_192,VPWR,li1,94.5300,35.3600,1.799705
FILLER_9_189,VPWR,li1,93.1500,35.3600,1.799705
FILLER_9_180,VPWR,li1,88.5500,35.3600,1.799712
FILLER_9_177,VPWR,li1,87.6300,35.3600,1.799715
FILLER_9_165,VPWR,li1,82.1100,35.3600,1.799722
FILLER_9_162,VPWR,li1,80.7300,35.3600,1.799725
FILLER_9_147,VPWR,li1,73.6000,35.3600,1.799740
FILLER_9_144,VPWR,li1,72.4500,35.3600,1.799740
FILLER_9_141,VPWR,li1,71.0700,35.3600,1.799746
FILLER_9_138,VPWR,li1,69.6900,35.3600,1.799746
FILLER_9_135,VPWR,li1,68.3100,35.3600,1.799750
FILLER_9_132,VPWR,li1,66.9300,35.3600,1.799754
FILLER_9_113,VPWR,li1,58.1900,35.3600,1.799773
FILLER_9_95,VPWR,li1,49.4500,35.3600,1.799792
FILLER_9_60,VPWR,li1,33.3500,35.3600,1.799872
FILLER_9_57,VPWR,li1,32.4300,35.3600,1.799883
FILLER_9_54,VPWR,li1,30.8200,35.3600,1.799894
FILLER_9_51,VPWR,li1,29.6700,35.3600,1.799894
FILLER_9_48,VPWR,li1,28.2900,35.3600,1.799904
FILLER_9_45,VPWR,li1,26.9100,35.3600,1.799918
FILLER_9_42,VPWR,li1,25.5300,35.3600,1.799918
FILLER_9_39,VPWR,li1,24.1500,35.3600,1.799928
FILLER_9_36,VPWR,li1,22.7700,35.3600,1.799942
FILLER_9_33,VPWR,li1,21.3900,35.3600,1.799942
FILLER_9_30,VPWR,li1,20.0100,35.3600,1.799942
FILLER_9_27,VPWR,li1,18.6300,35.3600,1.799942
FILLER_9_24,VPWR,li1,17.2500,35.3600,1.799942
FILLER_9_21,VPWR,li1,15.8700,35.3600,1.799942
FILLER_9_18,VPWR,li1,14.4900,35.3600,1.799942
FILLER_9_15,VPWR,li1,13.1100,35.3600,1.799942
FILLER_9_12,VPWR,li1,11.7300,35.3600,1.799942
FILLER_9_9,VPWR,li1,10.3500,35.3600,1.799942
FILLER_9_6,VPWR,li1,8.9700,35.3600,1.799942
FILLER_9_3,VPWR,li1,7.5900,35.3600,1.799942
FILLER_8_686,VPWR,li1,321.5400,35.3600,1.799462
FILLER_8_683,VPWR,li1,320.3900,35.3600,1.799462
FILLER_8_680,VPWR,li1,319.0100,35.3600,1.799462
FILLER_8_677,VPWR,li1,317.6300,35.3600,1.799462
FILLER_8_674,VPWR,li1,316.2500,35.3600,1.799462
FILLER_8_671,VPWR,li1,314.8700,35.3600,1.799462
FILLER_8_662,VPWR,li1,310.2700,35.3600,1.799462
FILLER_8_635,VPWR,li1,297.8500,35.3600,1.799472
FILLER_8_632,VPWR,li1,296.9300,35.3600,1.799476
FILLER_8_629,VPWR,li1,295.5500,35.3600,1.799476
FILLER_8_602,VPWR,li1,283.1300,35.3600,1.799499
FILLER_8_599,VPWR,li1,281.7500,35.3600,1.799503
FILLER_8_589,VPWR,li1,276.9200,35.3600,1.799513
FILLER_8_568,VPWR,li1,267.4900,35.3600,1.799529
FILLER_8_565,VPWR,li1,266.1100,35.3600,1.799533
FILLER_8_562,VPWR,li1,264.7300,35.3600,1.799538
FILLER_8_559,VPWR,li1,263.3500,35.3600,1.799538
FILLER_8_556,VPWR,li1,261.9700,35.3600,1.799543
FILLER_8_553,VPWR,li1,260.5900,35.3600,1.799547
FILLER_8_550,VPWR,li1,259.2100,35.3600,1.799547
FILLER_8_541,VPWR,li1,254.6100,35.3600,1.799557
FILLER_8_513,VPWR,li1,241.9600,35.3600,1.799589
FILLER_8_477,VPWR,li1,225.6300,35.3600,1.799636
FILLER_8_474,VPWR,li1,224.0200,35.3600,1.799642
FILLER_8_471,VPWR,li1,222.8700,35.3600,1.799642
FILLER_8_468,VPWR,li1,221.4900,35.3600,1.799651
FILLER_8_465,VPWR,li1,220.1100,35.3600,1.799651
FILLER_8_458,VPWR,li1,216.6600,35.3600,1.799666
FILLER_8_455,VPWR,li1,215.5100,35.3600,1.799666
FILLER_8_445,VPWR,li1,210.9100,35.3600,1.799683
FILLER_8_424,VPWR,li1,201.0200,35.3600,1.799732
FILLER_8_421,VPWR,li1,199.8700,35.3600,1.799732
FILLER_8_419,VPWR,li1,198.4900,35.3600,1.799744
FILLER_8_416,VPWR,li1,197.5700,35.3600,1.799755
FILLER_8_413,VPWR,li1,196.1900,35.3600,1.799755
FILLER_8_410,VPWR,li1,194.8100,35.3600,1.799768
FILLER_8_407,VPWR,li1,193.4300,35.3600,1.799781
FILLER_8_404,VPWR,li1,192.0500,35.3600,1.799781
FILLER_8_401,VPWR,li1,190.6700,35.3600,1.799793
FILLER_8_398,VPWR,li1,189.2900,35.3600,1.799808
FILLER_8_380,VPWR,li1,180.5500,35.3600,1.799861
FILLER_8_377,VPWR,li1,179.6300,35.3600,1.799861
FILLER_8_374,VPWR,li1,178.2500,35.3600,1.799875
FILLER_8_371,VPWR,li1,176.8700,35.3600,1.799888
FILLER_8_368,VPWR,li1,175.4900,35.3600,1.799888
FILLER_8_365,VPWR,li1,174.1100,35.3600,1.799877
FILLER_8_361,VPWR,li1,172.2700,35.3600,1.799866
FILLER_8_358,VPWR,li1,170.8900,35.3600,1.799866
FILLER_8_339,VPWR,li1,161.9200,35.3600,1.799823
FILLER_8_336,VPWR,li1,160.7700,35.3600,1.799823
FILLER_8_326,VPWR,li1,155.9400,35.3600,1.799803
FILLER_8_323,VPWR,li1,154.7900,35.3600,1.799803
FILLER_8_282,VPWR,li1,135.4700,35.3600,1.799747
FILLER_8_279,VPWR,li1,134.5500,35.3600,1.799747
FILLER_8_269,VPWR,li1,129.7200,35.3600,1.799735
FILLER_8_266,VPWR,li1,128.5700,35.3600,1.799735
FILLER_8_263,VPWR,li1,127.1900,35.3600,1.799731
FILLER_8_253,VPWR,li1,122.1300,35.3600,1.799724
FILLER_8_243,VPWR,li1,117.5300,35.3600,1.799718
FILLER_8_240,VPWR,li1,116.6100,35.3600,1.799715
FILLER_8_237,VPWR,li1,115.2300,35.3600,1.799715
FILLER_8_234,VPWR,li1,113.8500,35.3600,1.799712
FILLER_8_231,VPWR,li1,112.4700,35.3600,1.799709
FILLER_8_228,VPWR,li1,111.0900,35.3600,1.799709
FILLER_8_225,VPWR,li1,109.7100,35.3600,1.799706
FILLER_8_214,VPWR,li1,104.4200,35.3600,1.799698
FILLER_8_211,VPWR,li1,103.2700,35.3600,1.799698
FILLER_8_197,VPWR,li1,96.8300,35.3600,1.799701
FILLER_8_195,VPWR,li1,95.4500,35.3600,1.799701
FILLER_8_192,VPWR,li1,94.5300,35.3600,1.799705
FILLER_8_189,VPWR,li1,93.1500,35.3600,1.799705
FILLER_8_186,VPWR,li1,91.7700,35.3600,1.799709
FILLER_8_183,VPWR,li1,90.3900,35.3600,1.799709
FILLER_8_180,VPWR,li1,89.0100,35.3600,1.799712
FILLER_8_170,VPWR,li1,84.1800,35.3600,1.799719
FILLER_8_167,VPWR,li1,83.0300,35.3600,1.799722
FILLER_8_164,VPWR,li1,81.6500,35.3600,1.799725
FILLER_8_161,VPWR,li1,80.2700,35.3600,1.799725
FILLER_8_147,VPWR,li1,73.8300,35.3600,1.799740
FILLER_8_144,VPWR,li1,72.4500,35.3600,1.799740
FILLER_8_141,VPWR,li1,71.0700,35.3600,1.799746
FILLER_8_137,VPWR,li1,69.2300,35.3600,1.799750
FILLER_8_134,VPWR,li1,67.8500,35.3600,1.799750
FILLER_8_120,VPWR,li1,61.4100,35.3600,1.799765
FILLER_8_102,VPWR,li1,52.9000,35.3600,1.799787
FILLER_8_99,VPWR,li1,51.7500,35.3600,1.799787
FILLER_8_96,VPWR,li1,50.3700,35.3600,1.799792
FILLER_8_81,VPWR,li1,43.4700,35.3600,1.799817
FILLER_8_71,VPWR,li1,38.6400,35.3600,1.799843
FILLER_8_62,VPWR,li1,34.2700,35.3600,1.799872
FILLER_8_59,VPWR,li1,33.3500,35.3600,1.799872
FILLER_8_56,VPWR,li1,31.9700,35.3600,1.799883
FILLER_8_53,VPWR,li1,30.5900,35.3600,1.799894
FILLER_8_50,VPWR,li1,29.2100,35.3600,1.799904
FILLER_8_47,VPWR,li1,27.8300,35.3600,1.799904
FILLER_8_44,VPWR,li1,26.4500,35.3600,1.799918
FILLER_8_41,VPWR,li1,25.0700,35.3600,1.799928
FILLER_8_38,VPWR,li1,23.6900,35.3600,1.799928
FILLER_8_35,VPWR,li1,22.3100,35.3600,1.799942
FILLER_8_32,VPWR,li1,20.9300,35.3600,1.799942
FILLER_8_29,VPWR,li1,19.5500,35.3600,1.799942
FILLER_8_27,VPWR,li1,18.1700,35.3600,1.799942
FILLER_8_24,VPWR,li1,17.2500,35.3600,1.799942
FILLER_8_21,VPWR,li1,15.8700,35.3600,1.799942
FILLER_8_18,VPWR,li1,14.4900,35.3600,1.799942
FILLER_8_15,VPWR,li1,13.1100,35.3600,1.799942
FILLER_8_12,VPWR,li1,11.7300,35.3600,1.799942
FILLER_8_9,VPWR,li1,10.3500,35.3600,1.799942
FILLER_8_6,VPWR,li1,8.9700,35.3600,1.799942
FILLER_8_3,VPWR,li1,7.5900,35.3600,1.799942
FILLER_7_685,VPWR,li1,321.3100,29.9200,1.799611
FILLER_7_682,VPWR,li1,319.9300,29.9200,1.799611
FILLER_7_679,VPWR,li1,318.5500,29.9200,1.799611
FILLER_7_676,VPWR,li1,317.1700,29.9200,1.799611
FILLER_7_673,VPWR,li1,315.7900,29.9200,1.799611
FILLER_7_670,VPWR,li1,314.1800,29.9200,1.799611
FILLER_7_642,VPWR,li1,301.3000,29.9200,1.799612
FILLER_7_632,VPWR,li1,296.7000,29.9200,1.799613
FILLER_7_629,VPWR,li1,295.5500,29.9200,1.799613
FILLER_7_626,VPWR,li1,294.1700,29.9200,1.799614
FILLER_7_623,VPWR,li1,292.7900,29.9200,1.799614
FILLER_7_620,VPWR,li1,291.4100,29.9200,1.799614
FILLER_7_617,VPWR,li1,290.0300,29.9200,1.799614
FILLER_7_614,VPWR,li1,288.4200,29.9200,1.799614
FILLER_7_611,VPWR,li1,287.2700,29.9200,1.799615
FILLER_7_608,VPWR,li1,285.8900,29.9200,1.799615
FILLER_7_605,VPWR,li1,284.5100,29.9200,1.799615
FILLER_7_602,VPWR,li1,283.1300,29.9200,1.799616
FILLER_7_599,VPWR,li1,281.7500,29.9200,1.799616
FILLER_7_580,VPWR,li1,272.7800,29.9200,1.799620
FILLER_7_570,VPWR,li1,268.1800,29.9200,1.799625
FILLER_7_567,VPWR,li1,267.0300,29.9200,1.799625
FILLER_7_564,VPWR,li1,265.6500,29.9200,1.799627
FILLER_7_561,VPWR,li1,264.2700,29.9200,1.799628
FILLER_7_559,VPWR,li1,262.8900,29.9200,1.799630
FILLER_7_556,VPWR,li1,261.9700,29.9200,1.799630
FILLER_7_553,VPWR,li1,260.5900,29.9200,1.799632
FILLER_7_550,VPWR,li1,259.2100,29.9200,1.799632
FILLER_7_515,VPWR,li1,242.6500,29.9200,1.799652
FILLER_7_475,VPWR,li1,224.7100,29.9200,1.799697
FILLER_7_472,VPWR,li1,223.3300,29.9200,1.799697
FILLER_7_469,VPWR,li1,221.9500,29.9200,1.799703
FILLER_7_466,VPWR,li1,220.5700,29.9200,1.799703
FILLER_7_449,VPWR,li1,212.5200,29.9200,1.799727
FILLER_7_447,VPWR,li1,211.3700,29.9200,1.799727
FILLER_7_427,VPWR,li1,202.6300,29.9200,1.799759
FILLER_7_420,VPWR,li1,198.9500,29.9200,1.799781
FILLER_7_417,VPWR,li1,198.0300,29.9200,1.799781
FILLER_7_414,VPWR,li1,196.6500,29.9200,1.799791
FILLER_7_411,VPWR,li1,195.2700,29.9200,1.799791
FILLER_7_408,VPWR,li1,193.8900,29.9200,1.799804
FILLER_7_405,VPWR,li1,192.5100,29.9200,1.799804
FILLER_7_402,VPWR,li1,191.1300,29.9200,1.799814
FILLER_7_399,VPWR,li1,189.7500,29.9200,1.799822
FILLER_7_396,VPWR,li1,188.3700,29.9200,1.799822
FILLER_7_393,VPWR,li1,186.9900,29.9200,1.799833
FILLER_7_390,VPWR,li1,185.3800,29.9200,1.799841
FILLER_7_387,VPWR,li1,184.2300,29.9200,1.799841
FILLER_7_368,VPWR,li1,175.0300,29.9200,1.799889
FILLER_7_365,VPWR,li1,174.1100,29.9200,1.799880
FILLER_7_362,VPWR,li1,172.7300,29.9200,1.799880
FILLER_7_359,VPWR,li1,171.3500,29.9200,1.799871
FILLER_7_340,VPWR,li1,162.3800,29.9200,1.799845
FILLER_7_337,VPWR,li1,161.2300,29.9200,1.799838
FILLER_7_327,VPWR,li1,156.1700,29.9200,1.799821
FILLER_7_324,VPWR,li1,155.2500,29.9200,1.799821
FILLER_7_321,VPWR,li1,153.8700,29.9200,1.799811
FILLER_7_318,VPWR,li1,152.4900,29.9200,1.799811
FILLER_7_315,VPWR,li1,151.1100,29.9200,1.799803
FILLER_7_304,VPWR,li1,146.0500,29.9200,1.799786
FILLER_7_301,VPWR,li1,144.6700,29.9200,1.799786
FILLER_7_258,VPWR,li1,124.6600,29.9200,1.799737
FILLER_7_239,VPWR,li1,116.1500,29.9200,1.799732
FILLER_7_236,VPWR,li1,114.7700,29.9200,1.799736
FILLER_7_233,VPWR,li1,113.3900,29.9200,1.799736
FILLER_7_172,VPWR,li1,85.3300,29.9200,1.799792
FILLER_7_169,VPWR,li1,83.9500,29.9200,1.799797
FILLER_7_165,VPWR,li1,82.1100,29.9200,1.799803
FILLER_7_151,VPWR,li1,75.4400,29.9200,1.799816
FILLER_7_142,VPWR,li1,71.0700,29.9200,1.799829
FILLER_7_132,VPWR,li1,66.7000,29.9200,1.799841
FILLER_7_129,VPWR,li1,65.5500,29.9200,1.799841
FILLER_7_102,VPWR,li1,52.9000,29.9200,1.799880
FILLER_7_99,VPWR,li1,51.7500,29.9200,1.799880
FILLER_7_63,VPWR,li1,34.7300,29.9200,1.799933
FILLER_7_60,VPWR,li1,33.8100,29.9200,1.799933
FILLER_7_57,VPWR,li1,32.4300,29.9200,1.799938
FILLER_7_54,VPWR,li1,30.8200,29.9200,1.799944
FILLER_7_51,VPWR,li1,29.6700,29.9200,1.799944
FILLER_7_48,VPWR,li1,28.2900,29.9200,1.799950
FILLER_7_45,VPWR,li1,26.9100,29.9200,1.799957
FILLER_7_42,VPWR,li1,25.5300,29.9200,1.799957
FILLER_7_39,VPWR,li1,24.1500,29.9200,1.799962
FILLER_7_36,VPWR,li1,22.7700,29.9200,1.799969
FILLER_7_33,VPWR,li1,21.3900,29.9200,1.799969
FILLER_7_30,VPWR,li1,20.0100,29.9200,1.799969
FILLER_7_27,VPWR,li1,18.6300,29.9200,1.799969
FILLER_7_24,VPWR,li1,17.2500,29.9200,1.799969
FILLER_7_21,VPWR,li1,15.8700,29.9200,1.799969
FILLER_7_18,VPWR,li1,14.4900,29.9200,1.799969
FILLER_7_15,VPWR,li1,13.1100,29.9200,1.799969
FILLER_7_12,VPWR,li1,11.7300,29.9200,1.799969
FILLER_7_9,VPWR,li1,10.3500,29.9200,1.799969
FILLER_7_6,VPWR,li1,8.9700,29.9200,1.799969
FILLER_7_3,VPWR,li1,7.5900,29.9200,1.799969
FILLER_6_687,VPWR,li1,321.7700,29.9200,1.799611
FILLER_6_684,VPWR,li1,320.8500,29.9200,1.799611
FILLER_6_681,VPWR,li1,319.4700,29.9200,1.799611
FILLER_6_678,VPWR,li1,318.0900,29.9200,1.799611
FILLER_6_675,VPWR,li1,316.7100,29.9200,1.799611
FILLER_6_672,VPWR,li1,315.3300,29.9200,1.799611
FILLER_6_669,VPWR,li1,313.9500,29.9200,1.799611
FILLER_6_666,VPWR,li1,312.5700,29.9200,1.799611
FILLER_6_663,VPWR,li1,311.1900,29.9200,1.799611
FILLER_6_660,VPWR,li1,309.8100,29.9200,1.799611
FILLER_6_657,VPWR,li1,308.4300,29.9200,1.799611
FILLER_6_654,VPWR,li1,307.0500,29.9200,1.799611
FILLER_6_645,VPWR,li1,302.4500,29.9200,1.799612
FILLER_6_633,VPWR,li1,297.3900,29.9200,1.799613
FILLER_6_630,VPWR,li1,296.0100,29.9200,1.799613
FILLER_6_627,VPWR,li1,294.6300,29.9200,1.799613
FILLER_6_624,VPWR,li1,293.2500,29.9200,1.799614
FILLER_6_621,VPWR,li1,291.8700,29.9200,1.799614
FILLER_6_618,VPWR,li1,290.4900,29.9200,1.799614
FILLER_6_615,VPWR,li1,289.1100,29.9200,1.799614
FILLER_6_612,VPWR,li1,287.7300,29.9200,1.799615
FILLER_6_609,VPWR,li1,286.3500,29.9200,1.799615
FILLER_6_606,VPWR,li1,284.9700,29.9200,1.799615
FILLER_6_569,VPWR,li1,267.4900,29.9200,1.799625
FILLER_6_566,VPWR,li1,266.5700,29.9200,1.799627
FILLER_6_563,VPWR,li1,265.1900,29.9200,1.799627
FILLER_6_560,VPWR,li1,263.8100,29.9200,1.799628
FILLER_6_541,VPWR,li1,254.8400,29.9200,1.799636
FILLER_6_488,VPWR,li1,230.2300,29.9200,1.799680
FILLER_6_477,VPWR,li1,225.6300,29.9200,1.799691
FILLER_6_475,VPWR,li1,224.2500,29.9200,1.799697
FILLER_6_472,VPWR,li1,223.3300,29.9200,1.799697
FILLER_6_469,VPWR,li1,221.9500,29.9200,1.799703
FILLER_6_424,VPWR,li1,201.0200,29.9200,1.799771
FILLER_6_421,VPWR,li1,199.8700,29.9200,1.799771
FILLER_6_419,VPWR,li1,198.4900,29.9200,1.799781
FILLER_6_416,VPWR,li1,197.5700,29.9200,1.799781
FILLER_6_413,VPWR,li1,196.1900,29.9200,1.799791
FILLER_6_403,VPWR,li1,191.1300,29.9200,1.799814
FILLER_6_400,VPWR,li1,190.2100,29.9200,1.799814
FILLER_6_397,VPWR,li1,188.8300,29.9200,1.799822
FILLER_6_377,VPWR,li1,179.6300,29.9200,1.799862
FILLER_6_374,VPWR,li1,178.2500,29.9200,1.799875
FILLER_6_371,VPWR,li1,176.8700,29.9200,1.799875
FILLER_6_368,VPWR,li1,175.4900,29.9200,1.799889
FILLER_6_365,VPWR,li1,174.1100,29.9200,1.799880
FILLER_6_362,VPWR,li1,172.5000,29.9200,1.799880
FILLER_6_359,VPWR,li1,171.3500,29.9200,1.799871
FILLER_6_356,VPWR,li1,169.9700,29.9200,1.799871
FILLER_6_353,VPWR,li1,168.5900,29.9200,1.799862
FILLER_6_350,VPWR,li1,167.2100,29.9200,1.799862
FILLER_6_347,VPWR,li1,165.8300,29.9200,1.799852
FILLER_6_344,VPWR,li1,164.4500,29.9200,1.799852
FILLER_6_341,VPWR,li1,163.0700,29.9200,1.799845
FILLER_6_338,VPWR,li1,161.6900,29.9200,1.799838
FILLER_6_335,VPWR,li1,160.3100,29.9200,1.799838
FILLER_6_312,VPWR,li1,149.7300,29.9200,1.799803
FILLER_6_309,VPWR,li1,148.3500,29.9200,1.799794
FILLER_6_307,VPWR,li1,146.9700,29.9200,1.799794
FILLER_6_291,VPWR,li1,139.8400,29.9200,1.799769
FILLER_6_256,VPWR,li1,123.7400,29.9200,1.799737
FILLER_6_253,VPWR,li1,122.5900,29.9200,1.799733
FILLER_6_250,VPWR,li1,120.9800,29.9200,1.799733
FILLER_6_237,VPWR,li1,115.0000,29.9200,1.799736
FILLER_6_234,VPWR,li1,113.8500,29.9200,1.799736
FILLER_6_208,VPWR,li1,101.4300,29.9200,1.799760
FILLER_6_205,VPWR,li1,100.5100,29.9200,1.799760
FILLER_6_168,VPWR,li1,83.4900,29.9200,1.799797
FILLER_6_151,VPWR,li1,75.6700,29.9200,1.799816
FILLER_6_141,VPWR,li1,70.8400,29.9200,1.799829
FILLER_6_130,VPWR,li1,65.7800,29.9200,1.799841
FILLER_6_119,VPWR,li1,60.9500,29.9200,1.799858
FILLER_6_101,VPWR,li1,52.4400,29.9200,1.799880
FILLER_6_98,VPWR,li1,51.2900,29.9200,1.799880
FILLER_6_88,VPWR,li1,46.4600,29.9200,1.799894
FILLER_6_85,VPWR,li1,45.3100,29.9200,1.799900
FILLER_6_59,VPWR,li1,33.3500,29.9200,1.799933
FILLER_6_56,VPWR,li1,31.9700,29.9200,1.799938
FILLER_6_53,VPWR,li1,30.5900,29.9200,1.799944
FILLER_6_50,VPWR,li1,29.2100,29.9200,1.799950
FILLER_6_47,VPWR,li1,27.8300,29.9200,1.799950
FILLER_6_44,VPWR,li1,26.4500,29.9200,1.799957
FILLER_6_41,VPWR,li1,25.0700,29.9200,1.799962
FILLER_6_38,VPWR,li1,23.6900,29.9200,1.799962
FILLER_6_35,VPWR,li1,22.3100,29.9200,1.799969
FILLER_6_32,VPWR,li1,20.9300,29.9200,1.799969
FILLER_6_29,VPWR,li1,19.5500,29.9200,1.799969
FILLER_6_27,VPWR,li1,18.1700,29.9200,1.799969
FILLER_6_24,VPWR,li1,17.2500,29.9200,1.799969
FILLER_6_21,VPWR,li1,15.8700,29.9200,1.799969
FILLER_6_18,VPWR,li1,14.4900,29.9200,1.799969
FILLER_6_15,VPWR,li1,13.1100,29.9200,1.799969
FILLER_6_12,VPWR,li1,11.7300,29.9200,1.799969
FILLER_6_9,VPWR,li1,10.3500,29.9200,1.799969
FILLER_6_6,VPWR,li1,8.9700,29.9200,1.799969
FILLER_6_3,VPWR,li1,7.5900,29.9200,1.799969
FILLER_5_685,VPWR,li1,321.3100,24.4800,1.799336
FILLER_5_682,VPWR,li1,319.9300,24.4800,1.799336
FILLER_5_679,VPWR,li1,318.5500,24.4800,1.799337
FILLER_5_676,VPWR,li1,317.1700,24.4800,1.799338
FILLER_5_673,VPWR,li1,315.7900,24.4800,1.799338
FILLER_5_671,VPWR,li1,314.4100,24.4800,1.799338
FILLER_5_668,VPWR,li1,313.4900,24.4800,1.799339
FILLER_5_665,VPWR,li1,312.1100,24.4800,1.799339
FILLER_5_662,VPWR,li1,310.7300,24.4800,1.799340
FILLER_5_659,VPWR,li1,309.3500,24.4800,1.799340
FILLER_5_656,VPWR,li1,307.9700,24.4800,1.799340
FILLER_5_653,VPWR,li1,306.5900,24.4800,1.799341
FILLER_5_650,VPWR,li1,305.2100,24.4800,1.799342
FILLER_5_647,VPWR,li1,303.8300,24.4800,1.799342
FILLER_5_644,VPWR,li1,302.4500,24.4800,1.799343
FILLER_5_641,VPWR,li1,301.0700,24.4800,1.799343
FILLER_5_638,VPWR,li1,299.6900,24.4800,1.799343
FILLER_5_635,VPWR,li1,298.3100,24.4800,1.799344
FILLER_5_632,VPWR,li1,296.9300,24.4800,1.799344
FILLER_5_629,VPWR,li1,295.5500,24.4800,1.799346
FILLER_5_626,VPWR,li1,294.1700,24.4800,1.799346
FILLER_5_623,VPWR,li1,292.7900,24.4800,1.799347
FILLER_5_620,VPWR,li1,291.4100,24.4800,1.799347
FILLER_5_617,VPWR,li1,290.0300,24.4800,1.799348
FILLER_5_613,VPWR,li1,288.1900,24.4800,1.799348
FILLER_5_610,VPWR,li1,286.8100,24.4800,1.799348
FILLER_5_607,VPWR,li1,285.4300,24.4800,1.799349
FILLER_5_573,VPWR,li1,269.3300,24.4800,1.799362
FILLER_5_570,VPWR,li1,268.4100,24.4800,1.799362
FILLER_5_567,VPWR,li1,267.0300,24.4800,1.799365
FILLER_5_564,VPWR,li1,265.6500,24.4800,1.799368
FILLER_5_561,VPWR,li1,264.2700,24.4800,1.799368
FILLER_5_557,VPWR,li1,262.4300,24.4800,1.799371
FILLER_5_543,VPWR,li1,255.9900,24.4800,1.799390
FILLER_5_525,VPWR,li1,247.2500,24.4800,1.799435
FILLER_5_522,VPWR,li1,246.3300,24.4800,1.799435
FILLER_5_513,VPWR,li1,241.7300,24.4800,1.799458
FILLER_5_503,VPWR,li1,237.1300,24.4800,1.799481
FILLER_5_477,VPWR,li1,225.1700,24.4800,1.799546
FILLER_5_427,VPWR,li1,202.6300,24.4800,1.799702
FILLER_5_393,VPWR,li1,186.5300,24.4800,1.799819
FILLER_5_391,VPWR,li1,185.6100,24.4800,1.799819
FILLER_5_382,VPWR,li1,181.7000,24.4800,1.799852
FILLER_5_379,VPWR,li1,180.5500,24.4800,1.799852
FILLER_5_351,VPWR,li1,167.6700,24.4800,1.799867
FILLER_5_348,VPWR,li1,166.2900,24.4800,1.799862
FILLER_5_345,VPWR,li1,164.9100,24.4800,1.799855
FILLER_5_340,VPWR,li1,162.1500,24.4800,1.799849
FILLER_5_337,VPWR,li1,161.2300,24.4800,1.799849
FILLER_5_333,VPWR,li1,159.3900,24.4800,1.799845
FILLER_5_313,VPWR,li1,149.7300,24.4800,1.799817
FILLER_5_310,VPWR,li1,148.8100,24.4800,1.799817
FILLER_5_301,VPWR,li1,144.2100,24.4800,1.799804
FILLER_5_298,VPWR,li1,143.2900,24.4800,1.799804
FILLER_5_281,VPWR,li1,135.0100,24.4800,1.799785
FILLER_5_204,VPWR,li1,100.0500,24.4800,1.799738
FILLER_5_178,VPWR,li1,87.6300,24.4800,1.799737
FILLER_5_175,VPWR,li1,86.7100,24.4800,1.799737
FILLER_5_172,VPWR,li1,85.3300,24.4800,1.799737
FILLER_5_169,VPWR,li1,83.9500,24.4800,1.799738
FILLER_5_167,VPWR,li1,82.5700,24.4800,1.799738
FILLER_5_129,VPWR,li1,65.0900,24.4800,1.799758
FILLER_5_63,VPWR,li1,34.7300,24.4800,1.799894
FILLER_5_60,VPWR,li1,33.8100,24.4800,1.799894
FILLER_5_57,VPWR,li1,32.4300,24.4800,1.799903
FILLER_5_54,VPWR,li1,30.8200,24.4800,1.799911
FILLER_5_51,VPWR,li1,29.6700,24.4800,1.799911
FILLER_5_48,VPWR,li1,28.2900,24.4800,1.799920
FILLER_5_45,VPWR,li1,26.9100,24.4800,1.799932
FILLER_5_42,VPWR,li1,25.5300,24.4800,1.799932
FILLER_5_39,VPWR,li1,24.1500,24.4800,1.799940
FILLER_5_36,VPWR,li1,22.7700,24.4800,1.799952
FILLER_5_33,VPWR,li1,21.3900,24.4800,1.799952
FILLER_5_30,VPWR,li1,20.0100,24.4800,1.799952
FILLER_5_27,VPWR,li1,18.6300,24.4800,1.799952
FILLER_5_24,VPWR,li1,17.2500,24.4800,1.799952
FILLER_5_21,VPWR,li1,15.8700,24.4800,1.799952
FILLER_5_18,VPWR,li1,14.4900,24.4800,1.799952
FILLER_5_15,VPWR,li1,13.1100,24.4800,1.799952
FILLER_5_12,VPWR,li1,11.7300,24.4800,1.799952
FILLER_5_9,VPWR,li1,10.3500,24.4800,1.799952
FILLER_5_6,VPWR,li1,8.9700,24.4800,1.799952
FILLER_5_3,VPWR,li1,7.5900,24.4800,1.799952
FILLER_4_681,VPWR,li1,319.0100,24.4800,1.799337
FILLER_4_678,VPWR,li1,318.0900,24.4800,1.799337
FILLER_4_675,VPWR,li1,316.7100,24.4800,1.799338
FILLER_4_672,VPWR,li1,315.3300,24.4800,1.799338
FILLER_4_669,VPWR,li1,313.9500,24.4800,1.799338
FILLER_4_666,VPWR,li1,312.5700,24.4800,1.799339
FILLER_4_663,VPWR,li1,311.1900,24.4800,1.799340
FILLER_4_660,VPWR,li1,309.8100,24.4800,1.799340
FILLER_4_657,VPWR,li1,308.4300,24.4800,1.799340
FILLER_4_654,VPWR,li1,307.0500,24.4800,1.799341
FILLER_4_651,VPWR,li1,305.6700,24.4800,1.799341
FILLER_4_648,VPWR,li1,304.2900,24.4800,1.799342
FILLER_4_645,VPWR,li1,302.9100,24.4800,1.799343
FILLER_4_641,VPWR,li1,301.0700,24.4800,1.799343
FILLER_4_638,VPWR,li1,299.6900,24.4800,1.799343
FILLER_4_635,VPWR,li1,298.3100,24.4800,1.799344
FILLER_4_632,VPWR,li1,296.9300,24.4800,1.799344
FILLER_4_629,VPWR,li1,295.5500,24.4800,1.799346
FILLER_4_626,VPWR,li1,294.1700,24.4800,1.799346
FILLER_4_623,VPWR,li1,292.7900,24.4800,1.799347
FILLER_4_620,VPWR,li1,291.4100,24.4800,1.799347
FILLER_4_617,VPWR,li1,290.0300,24.4800,1.799348
FILLER_4_614,VPWR,li1,288.6500,24.4800,1.799348
FILLER_4_611,VPWR,li1,287.2700,24.4800,1.799348
FILLER_4_608,VPWR,li1,285.8900,24.4800,1.799349
FILLER_4_605,VPWR,li1,284.5100,24.4800,1.799349
FILLER_4_568,VPWR,li1,267.4900,24.4800,1.799365
FILLER_4_565,VPWR,li1,266.1100,24.4800,1.799365
FILLER_4_536,VPWR,li1,252.5400,24.4800,1.799405
FILLER_4_533,VPWR,li1,251.3900,24.4800,1.799414
FILLER_4_523,VPWR,li1,246.3300,24.4800,1.799435
FILLER_4_480,VPWR,li1,226.5500,24.4800,1.799546
FILLER_4_477,VPWR,li1,225.6300,24.4800,1.799546
FILLER_4_430,VPWR,li1,204.0100,24.4800,1.799685
FILLER_4_421,VPWR,li1,199.4100,24.4800,1.799719
FILLER_4_383,VPWR,li1,182.3900,24.4800,1.799838
FILLER_4_353,VPWR,li1,168.5900,24.4800,1.799867
FILLER_4_350,VPWR,li1,167.2100,24.4800,1.799862
FILLER_4_347,VPWR,li1,165.8300,24.4800,1.799862
FILLER_4_274,VPWR,li1,132.0200,24.4800,1.799780
FILLER_4_271,VPWR,li1,130.8700,24.4800,1.799775
FILLER_4_233,VPWR,li1,113.3900,24.4800,1.799751
FILLER_4_230,VPWR,li1,112.0100,24.4800,1.799748
FILLER_4_202,VPWR,li1,98.9000,24.4800,1.799737
FILLER_4_165,VPWR,li1,81.6500,24.4800,1.799739
FILLER_4_144,VPWR,li1,72.4500,24.4800,1.799743
FILLER_4_141,VPWR,li1,71.0700,24.4800,1.799745
FILLER_4_138,VPWR,li1,69.4600,24.4800,1.799747
FILLER_4_135,VPWR,li1,68.3100,24.4800,1.799747
FILLER_4_106,VPWR,li1,54.9700,24.4800,1.799805
FILLER_4_103,VPWR,li1,53.5900,24.4800,1.799805
FILLER_4_65,VPWR,li1,35.8800,24.4800,1.799881
FILLER_4_62,VPWR,li1,34.7300,24.4800,1.799894
FILLER_4_59,VPWR,li1,33.3500,24.4800,1.799894
FILLER_4_56,VPWR,li1,31.9700,24.4800,1.799903
FILLER_4_53,VPWR,li1,30.5900,24.4800,1.799911
FILLER_4_50,VPWR,li1,29.2100,24.4800,1.799920
FILLER_4_47,VPWR,li1,27.8300,24.4800,1.799920
FILLER_4_44,VPWR,li1,26.4500,24.4800,1.799932
FILLER_4_41,VPWR,li1,25.0700,24.4800,1.799940
FILLER_4_38,VPWR,li1,23.6900,24.4800,1.799940
FILLER_4_35,VPWR,li1,22.3100,24.4800,1.799952
FILLER_4_32,VPWR,li1,20.9300,24.4800,1.799952
FILLER_4_29,VPWR,li1,19.5500,24.4800,1.799952
FILLER_4_27,VPWR,li1,18.1700,24.4800,1.799952
FILLER_4_24,VPWR,li1,17.2500,24.4800,1.799952
FILLER_4_21,VPWR,li1,15.8700,24.4800,1.799952
FILLER_4_18,VPWR,li1,14.4900,24.4800,1.799952
FILLER_4_15,VPWR,li1,13.1100,24.4800,1.799952
FILLER_4_12,VPWR,li1,11.7300,24.4800,1.799952
FILLER_4_9,VPWR,li1,10.3500,24.4800,1.799952
FILLER_4_6,VPWR,li1,8.9700,24.4800,1.799952
FILLER_4_3,VPWR,li1,7.5900,24.4800,1.799952
FILLER_3_682,VPWR,li1,319.7000,19.0400,1.799310
FILLER_3_679,VPWR,li1,318.5500,19.0400,1.799310
FILLER_3_676,VPWR,li1,317.1700,19.0400,1.799310
FILLER_3_673,VPWR,li1,315.7900,19.0400,1.799310
FILLER_3_671,VPWR,li1,314.4100,19.0400,1.799310
FILLER_3_668,VPWR,li1,313.4900,19.0400,1.799310
FILLER_3_665,VPWR,li1,312.1100,19.0400,1.799311
FILLER_3_662,VPWR,li1,310.7300,19.0400,1.799311
FILLER_3_659,VPWR,li1,309.3500,19.0400,1.799311
FILLER_3_656,VPWR,li1,307.9700,19.0400,1.799311
FILLER_3_653,VPWR,li1,306.5900,19.0400,1.799311
FILLER_3_650,VPWR,li1,305.2100,19.0400,1.799311
FILLER_3_647,VPWR,li1,303.8300,19.0400,1.799311
FILLER_3_644,VPWR,li1,302.4500,19.0400,1.799312
FILLER_3_641,VPWR,li1,301.0700,19.0400,1.799312
FILLER_3_638,VPWR,li1,299.6900,19.0400,1.799312
FILLER_3_635,VPWR,li1,298.3100,19.0400,1.799312
FILLER_3_632,VPWR,li1,296.9300,19.0400,1.799312
FILLER_3_629,VPWR,li1,295.5500,19.0400,1.799312
FILLER_3_626,VPWR,li1,294.1700,19.0400,1.799312
FILLER_3_623,VPWR,li1,292.7900,19.0400,1.799312
FILLER_3_620,VPWR,li1,291.4100,19.0400,1.799313
FILLER_3_617,VPWR,li1,290.0300,19.0400,1.799313
FILLER_3_613,VPWR,li1,288.1900,19.0400,1.799313
FILLER_3_610,VPWR,li1,286.8100,19.0400,1.799313
FILLER_3_607,VPWR,li1,285.4300,19.0400,1.799313
FILLER_3_604,VPWR,li1,284.0500,19.0400,1.799313
FILLER_3_601,VPWR,li1,282.6700,19.0400,1.799313
FILLER_3_575,VPWR,li1,270.2500,19.0400,1.799317
FILLER_3_572,VPWR,li1,269.3300,19.0400,1.799319
FILLER_3_569,VPWR,li1,267.9500,19.0400,1.799319
FILLER_3_557,VPWR,li1,262.4300,19.0400,1.799323
FILLER_3_554,VPWR,li1,261.0500,19.0400,1.799323
FILLER_3_449,VPWR,li1,212.2900,19.0400,1.799536
FILLER_3_422,VPWR,li1,200.1000,19.0400,1.799617
FILLER_3_404,VPWR,li1,191.5900,19.0400,1.799686
FILLER_3_393,VPWR,li1,186.7600,19.0400,1.799728
FILLER_3_391,VPWR,li1,185.6100,19.0400,1.799746
FILLER_3_388,VPWR,li1,184.6900,19.0400,1.799746
FILLER_3_316,VPWR,li1,151.5700,19.0400,1.799668
FILLER_3_313,VPWR,li1,150.1900,19.0400,1.799668
FILLER_3_281,VPWR,li1,135.4700,19.0400,1.799619
FILLER_3_228,VPWR,li1,110.8600,19.0400,1.799597
FILLER_3_225,VPWR,li1,109.7100,19.0400,1.799597
FILLER_3_222,VPWR,li1,108.1000,19.0400,1.799598
FILLER_3_219,VPWR,li1,106.9500,19.0400,1.799598
FILLER_3_207,VPWR,li1,101.4300,19.0400,1.799603
FILLER_3_204,VPWR,li1,100.0500,19.0400,1.799605
FILLER_3_177,VPWR,li1,87.1700,19.0400,1.799623
FILLER_3_135,VPWR,li1,67.8500,19.0400,1.799675
FILLER_3_116,VPWR,li1,59.1100,19.0400,1.799710
FILLER_3_113,VPWR,li1,58.1900,19.0400,1.799719
FILLER_3_109,VPWR,li1,56.3500,19.0400,1.799728
FILLER_3_106,VPWR,li1,54.9700,19.0400,1.799728
FILLER_3_69,VPWR,li1,37.9500,19.0400,1.799829
FILLER_3_66,VPWR,li1,36.5700,19.0400,1.799844
FILLER_3_63,VPWR,li1,35.1900,19.0400,1.799844
FILLER_3_60,VPWR,li1,33.8100,19.0400,1.799856
FILLER_3_57,VPWR,li1,32.4300,19.0400,1.799868
FILLER_3_54,VPWR,li1,30.8200,19.0400,1.799880
FILLER_3_51,VPWR,li1,29.6700,19.0400,1.799880
FILLER_3_48,VPWR,li1,28.2900,19.0400,1.799892
FILLER_3_45,VPWR,li1,26.9100,19.0400,1.799907
FILLER_3_42,VPWR,li1,25.5300,19.0400,1.799907
FILLER_3_39,VPWR,li1,24.1500,19.0400,1.799919
FILLER_3_36,VPWR,li1,22.7700,19.0400,1.799934
FILLER_3_33,VPWR,li1,21.3900,19.0400,1.799934
FILLER_3_30,VPWR,li1,20.0100,19.0400,1.799934
FILLER_3_27,VPWR,li1,18.6300,19.0400,1.799934
FILLER_3_24,VPWR,li1,17.2500,19.0400,1.799934
FILLER_3_21,VPWR,li1,15.8700,19.0400,1.799934
FILLER_3_18,VPWR,li1,14.4900,19.0400,1.799934
FILLER_3_15,VPWR,li1,13.1100,19.0400,1.799934
FILLER_3_12,VPWR,li1,11.7300,19.0400,1.799934
FILLER_3_9,VPWR,li1,10.3500,19.0400,1.799934
FILLER_3_6,VPWR,li1,8.9700,19.0400,1.799934
FILLER_3_3,VPWR,li1,7.5900,19.0400,1.799934
FILLER_2_687,VPWR,li1,321.7700,19.0400,1.799310
FILLER_2_684,VPWR,li1,320.8500,19.0400,1.799310
FILLER_2_681,VPWR,li1,319.4700,19.0400,1.799310
FILLER_2_678,VPWR,li1,318.0900,19.0400,1.799310
FILLER_2_675,VPWR,li1,316.7100,19.0400,1.799310
FILLER_2_672,VPWR,li1,315.3300,19.0400,1.799310
FILLER_2_669,VPWR,li1,313.9500,19.0400,1.799310
FILLER_2_666,VPWR,li1,312.5700,19.0400,1.799311
FILLER_2_663,VPWR,li1,311.1900,19.0400,1.799311
FILLER_2_660,VPWR,li1,309.8100,19.0400,1.799311
FILLER_2_657,VPWR,li1,308.4300,19.0400,1.799311
FILLER_2_654,VPWR,li1,307.0500,19.0400,1.799311
FILLER_2_651,VPWR,li1,305.6700,19.0400,1.799311
FILLER_2_648,VPWR,li1,304.2900,19.0400,1.799311
FILLER_2_645,VPWR,li1,302.9100,19.0400,1.799311
FILLER_2_643,VPWR,li1,301.5300,19.0400,1.799312
FILLER_2_640,VPWR,li1,300.6100,19.0400,1.799312
FILLER_2_637,VPWR,li1,299.2300,19.0400,1.799312
FILLER_2_634,VPWR,li1,297.8500,19.0400,1.799312
FILLER_2_631,VPWR,li1,296.4700,19.0400,1.799312
FILLER_2_628,VPWR,li1,295.0900,19.0400,1.799312
FILLER_2_625,VPWR,li1,293.7100,19.0400,1.799312
FILLER_2_622,VPWR,li1,292.3300,19.0400,1.799313
FILLER_2_619,VPWR,li1,290.9500,19.0400,1.799313
FILLER_2_616,VPWR,li1,289.5700,19.0400,1.799313
FILLER_2_613,VPWR,li1,288.1900,19.0400,1.799313
FILLER_2_610,VPWR,li1,286.8100,19.0400,1.799313
FILLER_2_607,VPWR,li1,285.4300,19.0400,1.799313
FILLER_2_604,VPWR,li1,284.0500,19.0400,1.799313
FILLER_2_601,VPWR,li1,282.6700,19.0400,1.799313
FILLER_2_598,VPWR,li1,281.2900,19.0400,1.799313
FILLER_2_595,VPWR,li1,279.9100,19.0400,1.799314
FILLER_2_592,VPWR,li1,278.5300,19.0400,1.799314
FILLER_2_589,VPWR,li1,277.1500,19.0400,1.799314
FILLER_2_587,VPWR,li1,275.7700,19.0400,1.799314
FILLER_2_584,VPWR,li1,274.8500,19.0400,1.799314
FILLER_2_573,VPWR,li1,269.7900,19.0400,1.799317
FILLER_2_570,VPWR,li1,268.4100,19.0400,1.799319
FILLER_2_567,VPWR,li1,267.0300,19.0400,1.799320
FILLER_2_521,VPWR,li1,245.8700,19.0400,1.799354
FILLER_2_494,VPWR,li1,233.4500,19.0400,1.799390
FILLER_2_475,VPWR,li1,224.2500,19.0400,1.799442
FILLER_2_448,VPWR,li1,212.0600,19.0400,1.799536
FILLER_2_445,VPWR,li1,210.9100,19.0400,1.799536
FILLER_2_417,VPWR,li1,198.0300,19.0400,1.799633
FILLER_2_390,VPWR,li1,185.3800,19.0400,1.799746
FILLER_2_354,VPWR,li1,168.8200,19.0400,1.799778
FILLER_2_351,VPWR,li1,167.6700,19.0400,1.799765
FILLER_2_348,VPWR,li1,166.2900,19.0400,1.799765
FILLER_2_345,VPWR,li1,164.9100,19.0400,1.799753
FILLER_2_322,VPWR,li1,154.1000,19.0400,1.799683
FILLER_2_319,VPWR,li1,152.9500,19.0400,1.799683
FILLER_2_309,VPWR,li1,147.8900,19.0400,1.799653
FILLER_2_306,VPWR,li1,146.7400,19.0400,1.799643
FILLER_2_303,VPWR,li1,145.5900,19.0400,1.799643
FILLER_2_197,VPWR,li1,96.3700,19.0400,1.799608
FILLER_2_169,VPWR,li1,83.7200,19.0400,1.799632
FILLER_2_141,VPWR,li1,70.8400,19.0400,1.799668
FILLER_2_137,VPWR,li1,69.2300,19.0400,1.799675
FILLER_2_102,VPWR,li1,52.6700,19.0400,1.799739
FILLER_2_74,VPWR,li1,40.0200,19.0400,1.799812
FILLER_2_71,VPWR,li1,38.8700,19.0400,1.799829
FILLER_2_68,VPWR,li1,37.4900,19.0400,1.799829
FILLER_2_65,VPWR,li1,36.1100,19.0400,1.799844
FILLER_2_62,VPWR,li1,34.7300,19.0400,1.799856
FILLER_2_59,VPWR,li1,33.3500,19.0400,1.799856
FILLER_2_56,VPWR,li1,31.9700,19.0400,1.799868
FILLER_2_53,VPWR,li1,30.5900,19.0400,1.799880
FILLER_2_50,VPWR,li1,29.2100,19.0400,1.799892
FILLER_2_47,VPWR,li1,27.8300,19.0400,1.799892
FILLER_2_44,VPWR,li1,26.4500,19.0400,1.799907
FILLER_2_41,VPWR,li1,25.0700,19.0400,1.799919
FILLER_2_38,VPWR,li1,23.6900,19.0400,1.799919
FILLER_2_35,VPWR,li1,22.3100,19.0400,1.799934
FILLER_2_32,VPWR,li1,20.9300,19.0400,1.799934
FILLER_2_29,VPWR,li1,19.5500,19.0400,1.799934
FILLER_2_27,VPWR,li1,18.1700,19.0400,1.799934
FILLER_2_24,VPWR,li1,17.2500,19.0400,1.799934
FILLER_2_21,VPWR,li1,15.8700,19.0400,1.799934
FILLER_2_18,VPWR,li1,14.4900,19.0400,1.799934
FILLER_2_15,VPWR,li1,13.1100,19.0400,1.799934
FILLER_2_12,VPWR,li1,11.7300,19.0400,1.799934
FILLER_2_9,VPWR,li1,10.3500,19.0400,1.799934
FILLER_2_6,VPWR,li1,8.9700,19.0400,1.799934
FILLER_2_3,VPWR,li1,7.5900,19.0400,1.799934
FILLER_1_685,VPWR,li1,321.3100,13.6000,1.799576
FILLER_1_682,VPWR,li1,319.9300,13.6000,1.799576
FILLER_1_679,VPWR,li1,318.5500,13.6000,1.799576
FILLER_1_676,VPWR,li1,317.1700,13.6000,1.799576
FILLER_1_673,VPWR,li1,315.7900,13.6000,1.799576
FILLER_1_671,VPWR,li1,314.4100,13.6000,1.799576
FILLER_1_668,VPWR,li1,313.4900,13.6000,1.799576
FILLER_1_665,VPWR,li1,312.1100,13.6000,1.799576
FILLER_1_662,VPWR,li1,310.7300,13.6000,1.799576
FILLER_1_659,VPWR,li1,309.3500,13.6000,1.799576
FILLER_1_656,VPWR,li1,307.9700,13.6000,1.799576
FILLER_1_653,VPWR,li1,306.5900,13.6000,1.799576
FILLER_1_650,VPWR,li1,305.2100,13.6000,1.799576
FILLER_1_647,VPWR,li1,303.8300,13.6000,1.799576
FILLER_1_644,VPWR,li1,302.4500,13.6000,1.799576
FILLER_1_641,VPWR,li1,301.0700,13.6000,1.799576
FILLER_1_638,VPWR,li1,299.6900,13.6000,1.799576
FILLER_1_635,VPWR,li1,298.3100,13.6000,1.799576
FILLER_1_632,VPWR,li1,296.9300,13.6000,1.799576
FILLER_1_629,VPWR,li1,295.5500,13.6000,1.799576
FILLER_1_626,VPWR,li1,294.1700,13.6000,1.799576
FILLER_1_623,VPWR,li1,292.7900,13.6000,1.799576
FILLER_1_620,VPWR,li1,291.4100,13.6000,1.799576
FILLER_1_617,VPWR,li1,290.0300,13.6000,1.799576
FILLER_1_614,VPWR,li1,288.4200,13.6000,1.799577
FILLER_1_611,VPWR,li1,287.2700,13.6000,1.799577
FILLER_1_608,VPWR,li1,285.8900,13.6000,1.799577
FILLER_1_605,VPWR,li1,284.5100,13.6000,1.799577
FILLER_1_602,VPWR,li1,283.1300,13.6000,1.799577
FILLER_1_599,VPWR,li1,281.7500,13.6000,1.799578
FILLER_1_596,VPWR,li1,280.3700,13.6000,1.799579
FILLER_1_593,VPWR,li1,278.9900,13.6000,1.799579
FILLER_1_590,VPWR,li1,277.6100,13.6000,1.799580
FILLER_1_587,VPWR,li1,276.2300,13.6000,1.799581
FILLER_1_584,VPWR,li1,274.8500,13.6000,1.799581
FILLER_1_581,VPWR,li1,273.4700,13.6000,1.799582
FILLER_1_578,VPWR,li1,272.0900,13.6000,1.799582
FILLER_1_575,VPWR,li1,270.7100,13.6000,1.799583
FILLER_1_572,VPWR,li1,269.3300,13.6000,1.799584
FILLER_1_569,VPWR,li1,267.9500,13.6000,1.799584
FILLER_1_540,VPWR,li1,254.6100,13.6000,1.799598
FILLER_1_531,VPWR,li1,250.0100,13.6000,1.799605
FILLER_1_528,VPWR,li1,249.0900,13.6000,1.799609
FILLER_1_525,VPWR,li1,247.7100,13.6000,1.799609
FILLER_1_522,VPWR,li1,246.3300,13.6000,1.799612
FILLER_1_452,VPWR,li1,213.9000,13.6000,1.799707
FILLER_1_449,VPWR,li1,212.7500,13.6000,1.799707
FILLER_1_445,VPWR,li1,210.9100,13.6000,1.799715
FILLER_1_393,VPWR,li1,186.9900,13.6000,1.799830
FILLER_1_383,VPWR,li1,182.1600,13.6000,1.799851
FILLER_1_374,VPWR,li1,177.7900,13.6000,1.799875
FILLER_1_354,VPWR,li1,169.0500,13.6000,1.799855
FILLER_1_351,VPWR,li1,167.6700,13.6000,1.799844
FILLER_1_348,VPWR,li1,166.2900,13.6000,1.799844
FILLER_1_345,VPWR,li1,164.9100,13.6000,1.799835
FILLER_1_299,VPWR,li1,143.2900,13.6000,1.799754
FILLER_1_281,VPWR,li1,135.0100,13.6000,1.799738
FILLER_1_269,VPWR,li1,129.7200,13.6000,1.799731
FILLER_1_225,VPWR,li1,109.7100,13.6000,1.799724
FILLER_1_204,VPWR,li1,100.0500,13.6000,1.799727
FILLER_1_201,VPWR,li1,98.6700,13.6000,1.799728
FILLER_1_132,VPWR,li1,66.9300,13.6000,1.799780
FILLER_1_113,VPWR,li1,57.9600,13.6000,1.799811
FILLER_1_94,VPWR,li1,48.9900,13.6000,1.799839
FILLER_1_91,VPWR,li1,48.0700,13.6000,1.799848
FILLER_1_81,VPWR,li1,43.2400,13.6000,1.799864
FILLER_1_78,VPWR,li1,42.0900,13.6000,1.799872
FILLER_1_75,VPWR,li1,40.7100,13.6000,1.799872
FILLER_1_72,VPWR,li1,39.3300,13.6000,1.799883
FILLER_1_69,VPWR,li1,37.9500,13.6000,1.799883
FILLER_1_66,VPWR,li1,36.5700,13.6000,1.799891
FILLER_1_63,VPWR,li1,35.1900,13.6000,1.799901
FILLER_1_60,VPWR,li1,33.8100,13.6000,1.799901
FILLER_1_57,VPWR,li1,32.4300,13.6000,1.799911
FILLER_1_54,VPWR,li1,30.8200,13.6000,1.799919
FILLER_1_51,VPWR,li1,29.6700,13.6000,1.799919
FILLER_1_48,VPWR,li1,28.2900,13.6000,1.799928
FILLER_1_45,VPWR,li1,26.9100,13.6000,1.799938
FILLER_1_42,VPWR,li1,25.5300,13.6000,1.799938
FILLER_1_39,VPWR,li1,24.1500,13.6000,1.799946
FILLER_1_36,VPWR,li1,22.7700,13.6000,1.799956
FILLER_1_33,VPWR,li1,21.3900,13.6000,1.799956
FILLER_1_30,VPWR,li1,20.0100,13.6000,1.799956
FILLER_1_27,VPWR,li1,18.6300,13.6000,1.799956
FILLER_1_24,VPWR,li1,17.2500,13.6000,1.799956
FILLER_1_21,VPWR,li1,15.8700,13.6000,1.799956
FILLER_1_18,VPWR,li1,14.4900,13.6000,1.799956
FILLER_1_15,VPWR,li1,13.1100,13.6000,1.799956
FILLER_1_12,VPWR,li1,11.7300,13.6000,1.799956
FILLER_1_9,VPWR,li1,10.3500,13.6000,1.799956
FILLER_1_6,VPWR,li1,8.9700,13.6000,1.799956
FILLER_1_3,VPWR,li1,7.5900,13.6000,1.799956
FILLER_0_685,VPWR,li1,321.3100,13.6000,1.799576
FILLER_0_682,VPWR,li1,319.9300,13.6000,1.799576
FILLER_0_679,VPWR,li1,318.5500,13.6000,1.799576
FILLER_0_676,VPWR,li1,317.1700,13.6000,1.799576
FILLER_0_673,VPWR,li1,315.7900,13.6000,1.799576
FILLER_0_669,VPWR,li1,313.9500,13.6000,1.799576
FILLER_0_666,VPWR,li1,312.5700,13.6000,1.799576
FILLER_0_663,VPWR,li1,311.1900,13.6000,1.799576
FILLER_0_660,VPWR,li1,309.8100,13.6000,1.799576
FILLER_0_657,VPWR,li1,308.4300,13.6000,1.799576
FILLER_0_654,VPWR,li1,307.0500,13.6000,1.799576
FILLER_0_651,VPWR,li1,305.6700,13.6000,1.799576
FILLER_0_648,VPWR,li1,304.2900,13.6000,1.799576
FILLER_0_645,VPWR,li1,302.9100,13.6000,1.799576
FILLER_0_643,VPWR,li1,301.5300,13.6000,1.799576
FILLER_0_640,VPWR,li1,300.6100,13.6000,1.799576
FILLER_0_637,VPWR,li1,299.2300,13.6000,1.799576
FILLER_0_634,VPWR,li1,297.8500,13.6000,1.799576
FILLER_0_631,VPWR,li1,296.4700,13.6000,1.799576
FILLER_0_620,VPWR,li1,290.9500,13.6000,1.799576
FILLER_0_617,VPWR,li1,290.0300,13.6000,1.799576
FILLER_0_615,VPWR,li1,288.6500,13.6000,1.799577
FILLER_0_612,VPWR,li1,287.7300,13.6000,1.799577
FILLER_0_609,VPWR,li1,286.3500,13.6000,1.799577
FILLER_0_604,VPWR,li1,283.5900,13.6000,1.799577
FILLER_0_601,VPWR,li1,282.6700,13.6000,1.799578
FILLER_0_598,VPWR,li1,281.2900,13.6000,1.799578
FILLER_0_595,VPWR,li1,279.9100,13.6000,1.799579
FILLER_0_592,VPWR,li1,278.5300,13.6000,1.799580
FILLER_0_589,VPWR,li1,277.1500,13.6000,1.799580
FILLER_0_587,VPWR,li1,275.7700,13.6000,1.799581
FILLER_0_584,VPWR,li1,274.8500,13.6000,1.799581
FILLER_0_579,VPWR,li1,272.0900,13.6000,1.799582
FILLER_0_576,VPWR,li1,271.1700,13.6000,1.799583
FILLER_0_573,VPWR,li1,269.7900,13.6000,1.799583
FILLER_0_567,VPWR,li1,266.8000,13.6000,1.799586
FILLER_0_564,VPWR,li1,265.6500,13.6000,1.799586
FILLER_0_561,VPWR,li1,264.2700,13.6000,1.799588
FILLER_0_533,VPWR,li1,250.9300,13.6000,1.799605
FILLER_0_531,VPWR,li1,250.0100,13.6000,1.799605
FILLER_0_528,VPWR,li1,249.0900,13.6000,1.799609
FILLER_0_525,VPWR,li1,247.7100,13.6000,1.799609
FILLER_0_516,VPWR,li1,243.5700,13.6000,1.799616
FILLER_0_513,VPWR,li1,242.1900,13.6000,1.799619
FILLER_0_501,VPWR,li1,236.6700,13.6000,1.799631
FILLER_0_471,VPWR,li1,222.4100,13.6000,1.799671
FILLER_0_461,VPWR,li1,218.0400,13.6000,1.799690
FILLER_0_458,VPWR,li1,216.8900,13.6000,1.799690
FILLER_0_449,VPWR,li1,212.2900,13.6000,1.799715
FILLER_0_445,VPWR,li1,210.9100,13.6000,1.799715
FILLER_0_418,VPWR,li1,198.2600,13.6000,1.799775
FILLER_0_415,VPWR,li1,197.1100,13.6000,1.799775
FILLER_0_404,VPWR,li1,192.0500,13.6000,1.799801
FILLER_0_393,VPWR,li1,186.9900,13.6000,1.799830
FILLER_0_365,VPWR,li1,174.1100,13.6000,1.799877
FILLER_0_353,VPWR,li1,168.5900,13.6000,1.799855
FILLER_0_350,VPWR,li1,167.2100,13.6000,1.799844
FILLER_0_347,VPWR,li1,165.8300,13.6000,1.799835
FILLER_0_333,VPWR,li1,159.3900,13.6000,1.799812
FILLER_0_281,VPWR,li1,135.0100,13.6000,1.799738
FILLER_0_253,VPWR,li1,122.1300,13.6000,1.799726
FILLER_0_225,VPWR,li1,109.7100,13.6000,1.799724
FILLER_0_205,VPWR,li1,100.5100,13.6000,1.799727
FILLER_0_193,VPWR,li1,94.9900,13.6000,1.799731
FILLER_0_190,VPWR,li1,93.6100,13.6000,1.799731
FILLER_0_178,VPWR,li1,87.8600,13.6000,1.799738
FILLER_0_141,VPWR,li1,71.0700,13.6000,1.799774
FILLER_0_119,VPWR,li1,60.4900,13.6000,1.799798
FILLER_0_116,VPWR,li1,59.5700,13.6000,1.799805
FILLER_0_113,VPWR,li1,58.1900,13.6000,1.799805
FILLER_0_109,VPWR,li1,56.3500,13.6000,1.799811
FILLER_0_100,VPWR,li1,51.7500,13.6000,1.799831
FILLER_0_97,VPWR,li1,50.8300,13.6000,1.799831
FILLER_0_94,VPWR,li1,49.4500,13.6000,1.799839
FILLER_0_91,VPWR,li1,48.0700,13.6000,1.799848
FILLER_0_88,VPWR,li1,46.6900,13.6000,1.799848
FILLER_0_85,VPWR,li1,45.3100,13.6000,1.799857
FILLER_0_82,VPWR,li1,43.7000,13.6000,1.799864
FILLER_0_79,VPWR,li1,42.5500,13.6000,1.799864
FILLER_0_76,VPWR,li1,41.1700,13.6000,1.799872
FILLER_0_66,VPWR,li1,36.1100,13.6000,1.799891
FILLER_0_63,VPWR,li1,35.1900,13.6000,1.799901
FILLER_0_60,VPWR,li1,33.8100,13.6000,1.799901
FILLER_0_57,VPWR,li1,32.4300,13.6000,1.799911
FILLER_0_53,VPWR,li1,30.5900,13.6000,1.799919
FILLER_0_50,VPWR,li1,29.2100,13.6000,1.799928
FILLER_0_47,VPWR,li1,27.8300,13.6000,1.799928
FILLER_0_44,VPWR,li1,26.4500,13.6000,1.799938
FILLER_0_41,VPWR,li1,25.0700,13.6000,1.799946
FILLER_0_38,VPWR,li1,23.6900,13.6000,1.799946
FILLER_0_35,VPWR,li1,22.3100,13.6000,1.799956
FILLER_0_32,VPWR,li1,20.9300,13.6000,1.799956
FILLER_0_29,VPWR,li1,19.5500,13.6000,1.799956
FILLER_0_27,VPWR,li1,18.1700,13.6000,1.799956
FILLER_0_24,VPWR,li1,17.2500,13.6000,1.799956
FILLER_0_21,VPWR,li1,15.8700,13.6000,1.799956
FILLER_0_18,VPWR,li1,14.4900,13.6000,1.799956
FILLER_0_15,VPWR,li1,13.1100,13.6000,1.799956
FILLER_0_12,VPWR,li1,11.7300,13.6000,1.799956
FILLER_0_9,VPWR,li1,10.3500,13.6000,1.799956
FILLER_0_6,VPWR,li1,8.9700,13.6000,1.799956
FILLER_0_3,VPWR,li1,7.5900,13.6000,1.799956
ANTENNA_47,VPWR,li1,146.2800,258.4000,1.799836
ANTENNA_46,VPWR,li1,120.9800,127.8400,1.799807
ANTENNA_45,VPWR,li1,165.1400,198.5600,1.799842
ANTENNA_44,VPWR,li1,164.6800,198.5600,1.799842
ANTENNA_43,VPWR,li1,128.8000,171.3600,1.799603
ANTENNA_42,VPWR,li1,220.3400,165.9200,1.799699
ANTENNA_41,VPWR,li1,211.1400,144.1600,1.799637
ANTENNA_40,VPWR,li1,255.3000,133.2800,1.799412
ANTENNA_39,VPWR,li1,151.3400,165.9200,1.799863
ANTENNA_38,VPWR,li1,224.4800,149.6000,1.798885
ANTENNA_37,VPWR,li1,210.6800,144.1600,1.799637
ANTENNA_36,VPWR,li1,161.0000,138.7200,1.799843
ANTENNA_35,VPWR,li1,164.2200,182.2400,1.799609
ANTENNA_34,VPWR,li1,51.5200,160.4800,1.799900
ANTENNA_33,VPWR,li1,43.7000,280.1600,1.799800
ANTENNA_32,VPWR,li1,184.4600,78.8800,1.799841
ANTENNA_31,VPWR,li1,89.7000,84.3200,1.799707
ANTENNA_30,VPWR,li1,190.4400,160.4800,1.799857
ANTENNA_29,VPWR,li1,152.2600,106.0800,1.799659
ANTENNA_28,VPWR,li1,151.3400,106.0800,1.799659
ANTENNA_27,VPWR,li1,158.2400,24.4800,1.799840
ANTENNA_26,VPWR,li1,184.0000,106.0800,1.799716
ANTENNA_25,VPWR,li1,253.4600,307.3600,1.799717
ANTENNA_24,VPWR,li1,180.7800,57.1200,1.799708
ANTENNA_23,VPWR,li1,284.2800,182.2400,1.798695
ANTENNA_22,VPWR,li1,310.9600,106.0800,1.799091
ANTENNA_21,VPWR,li1,177.5600,176.8000,1.799844
ANTENNA_20,VPWR,li1,175.2600,155.0400,1.799789
ANTENNA_19,VPWR,li1,185.8400,144.1600,1.799798
ANTENNA_18,VPWR,li1,7.3600,176.8000,1.799940
ANTENNA_17,VPWR,li1,175.7200,182.2400,1.799722
ANTENNA_16,VPWR,li1,176.6400,133.2800,1.799834
ANTENNA_15,VPWR,li1,229.5400,187.6800,1.799190
ANTENNA_14,VPWR,li1,216.2000,323.6800,1.799710
ANTENNA_13,VPWR,li1,111.3200,301.9200,1.799782
ANTENNA_12,VPWR,li1,318.3200,176.8000,1.799319
ANTENNA_11,VPWR,li1,169.2800,193.1200,1.799789
ANTENNA_10,VPWR,li1,259.4400,149.6000,1.798460
ANTENNA_9,VPWR,li1,153.1800,84.3200,1.799711
ANTENNA_8,VPWR,li1,152.2600,155.0400,1.799584
ANTENNA_7,VPWR,li1,199.6400,274.7200,1.799369
ANTENNA_6,VPWR,li1,199.6400,176.8000,1.799689
ANTENNA_5,VPWR,li1,267.2600,187.6800,1.798828
ANTENNA_4,VPWR,li1,168.8200,220.3200,1.799808
ANTENNA_3,VPWR,li1,212.5200,149.6000,1.799090
ANTENNA_2,VPWR,li1,267.2600,182.2400,1.798740
ANTENNA_1,VPWR,li1,112.7000,204.0000,1.799721
hold2161,VPWR,li1,170.2000,182.2400,1.799681
hold2160,VPWR,li1,220.3400,13.6000,1.799678
hold2159,VPWR,li1,257.6000,116.9600,1.798637
hold2158,VPWR,li1,266.3400,165.9200,1.799563
hold2157,VPWR,li1,265.4200,19.0400,1.799320
hold2156,VPWR,li1,46.4600,285.6000,1.799895
hold2155,VPWR,li1,258.5200,176.8000,1.799403
hold2154,VPWR,li1,132.4800,40.8000,1.799746
hold2153,VPWR,li1,201.0200,318.2400,1.799597
hold2152,VPWR,li1,83.7200,24.4800,1.799738
hold2151,VPWR,li1,63.9400,176.8000,1.799814
hold2150,VPWR,li1,256.6800,57.1200,1.798918
hold2149,VPWR,li1,245.6400,220.3200,1.799182
hold2148,VPWR,li1,51.0600,231.2000,1.799701
hold2147,VPWR,li1,43.7000,29.9200,1.799906
hold2146,VPWR,li1,148.1200,312.8000,1.799874
hold2145,VPWR,li1,191.8200,138.7200,1.799772
hold2144,VPWR,li1,162.3800,13.6000,1.799826
hold2143,VPWR,li1,266.8000,318.2400,1.799326
hold2142,VPWR,li1,65.3200,46.2400,1.799886
hold2141,VPWR,li1,172.0400,171.3600,1.799719
hold2140,VPWR,li1,246.1000,285.6000,1.799420
hold2139,VPWR,li1,125.1200,187.6800,1.799683
hold2138,VPWR,li1,235.5200,301.9200,1.799169
hold2137,VPWR,li1,162.3800,263.8400,1.799721
hold2136,VPWR,li1,42.3200,122.4000,1.799663
hold2135,VPWR,li1,189.0600,242.0800,1.799802
hold2134,VPWR,li1,295.3200,236.6400,1.799151
hold2133,VPWR,li1,229.0800,40.8000,1.799483
hold2132,VPWR,li1,131.1000,182.2400,1.799395
hold2131,VPWR,li1,150.4200,13.6000,1.799772
hold2130,VPWR,li1,50.6000,100.6400,1.799805
hold2129,VPWR,li1,89.2400,204.0000,1.799753
hold2128,VPWR,li1,118.6800,312.8000,1.799862
hold2127,VPWR,li1,239.6600,62.5600,1.799019
hold2126,VPWR,li1,161.0000,57.1200,1.799762
hold2125,VPWR,li1,138.0000,35.3600,1.799753
hold2124,VPWR,li1,73.1400,187.6800,1.799712
hold2123,VPWR,li1,179.4000,236.6400,1.799780
hold2122,VPWR,li1,265.4200,214.8800,1.799383
hold2121,VPWR,li1,188.1400,165.9200,1.799845
hold2120,VPWR,li1,60.2600,160.4800,1.799885
hold2119,VPWR,li1,46.4600,220.3200,1.799877
hold2118,VPWR,li1,226.7800,160.4800,1.799727
hold2117,VPWR,li1,251.1600,269.2800,1.798913
hold2116,VPWR,li1,62.5600,187.6800,1.799733
hold2115,VPWR,li1,218.9600,307.3600,1.799775
hold2114,VPWR,li1,108.1000,57.1200,1.799714
hold2113,VPWR,li1,87.8600,182.2400,1.799409
hold2112,VPWR,li1,119.6000,242.0800,1.799663
hold2111,VPWR,li1,273.2400,252.9600,1.799396
hold2110,VPWR,li1,222.6400,40.8000,1.799521
hold2109,VPWR,li1,232.3000,204.0000,1.799287
hold2108,VPWR,li1,232.7600,78.8800,1.799664
hold2107,VPWR,li1,166.0600,301.9200,1.799813
hold2106,VPWR,li1,317.4000,274.7200,1.798456
hold2105,VPWR,li1,240.1200,24.4800,1.799468
hold2104,VPWR,li1,218.9600,138.7200,1.799627
hold2103,VPWR,li1,188.1400,78.8800,1.799832
hold2102,VPWR,li1,85.1000,312.8000,1.799867
hold2101,VPWR,li1,175.2600,307.3600,1.799924
hold2100,VPWR,li1,72.2200,116.9600,1.799719
hold2099,VPWR,li1,196.8800,144.1600,1.799725
hold2098,VPWR,li1,186.3000,220.3200,1.799668
hold2097,VPWR,li1,99.3600,214.8800,1.799489
hold2096,VPWR,li1,157.7800,116.9600,1.799727
hold2095,VPWR,li1,280.6000,182.2400,1.798706
hold2094,VPWR,li1,132.4800,24.4800,1.799780
hold2093,VPWR,li1,201.0200,68.0000,1.799549
hold2092,VPWR,li1,195.5000,19.0400,1.799653
hold2091,VPWR,li1,93.8400,122.4000,1.799361
hold2090,VPWR,li1,172.0400,40.8000,1.799851
hold2089,VPWR,li1,201.0200,198.5600,1.799746
hold2088,VPWR,li1,125.1200,220.3200,1.799765
hold2087,VPWR,li1,51.5200,209.4400,1.799881
hold2086,VPWR,li1,198.2600,214.8800,1.799705
hold2085,VPWR,li1,73.1400,231.2000,1.799606
hold2084,VPWR,li1,167.9000,144.1600,1.799859
hold2083,VPWR,li1,152.7200,209.4400,1.799728
hold2082,VPWR,li1,126.0400,171.3600,1.799603
hold2081,VPWR,li1,137.5400,155.0400,1.799480
hold2080,VPWR,li1,149.5000,171.3600,1.799614
hold2079,VPWR,li1,226.7800,225.7600,1.799063
hold2078,VPWR,li1,319.7000,285.6000,1.799250
hold2077,VPWR,li1,253.0000,187.6800,1.798950
hold2076,VPWR,li1,215.2800,149.6000,1.799048
hold2075,VPWR,li1,140.7600,149.6000,1.799630
hold2074,VPWR,li1,106.7200,247.5200,1.799717
hold2073,VPWR,li1,239.6600,204.0000,1.799263
hold2072,VPWR,li1,116.8400,73.4400,1.799828
hold2071,VPWR,li1,221.7200,187.6800,1.799258
hold2070,VPWR,li1,235.5200,252.9600,1.799529
hold2069,VPWR,li1,316.9400,84.3200,1.799116
hold2068,VPWR,li1,274.1600,209.4400,1.798822
hold2067,VPWR,li1,249.3200,312.8000,1.799714
hold2066,VPWR,li1,277.3800,269.2800,1.798726
hold2065,VPWR,li1,76.3600,198.5600,1.799745
hold2064,VPWR,li1,76.8200,242.0800,1.799720
hold2063,VPWR,li1,195.9600,318.2400,1.799637
hold2062,VPWR,li1,149.5000,35.3600,1.799785
hold2061,VPWR,li1,183.0800,209.4400,1.799703
hold2060,VPWR,li1,170.2000,155.0400,1.799747
hold2059,VPWR,li1,226.7800,57.1200,1.799097
hold2058,VPWR,li1,113.1600,116.9600,1.799675
hold2057,VPWR,li1,260.3600,116.9600,1.798623
hold2056,VPWR,li1,242.4200,73.4400,1.799384
hold2055,VPWR,li1,200.5600,247.5200,1.799639
hold2054,VPWR,li1,161.9200,236.6400,1.799777
hold2053,VPWR,li1,93.8400,209.4400,1.799778
hold2052,VPWR,li1,295.3200,176.8000,1.799337
hold2051,VPWR,li1,137.0800,149.6000,1.799630
hold2050,VPWR,li1,117.3000,214.8800,1.799501
hold2049,VPWR,li1,183.0800,247.5200,1.799796
hold2048,VPWR,li1,119.6000,269.2800,1.799654
hold2047,VPWR,li1,274.1600,307.3600,1.799689
hold2046,VPWR,li1,246.5600,160.4800,1.799675
hold2045,VPWR,li1,164.2200,144.1600,1.799849
hold2044,VPWR,li1,278.3000,95.2000,1.799151
hold2043,VPWR,li1,71.3000,258.4000,1.799848
hold2042,VPWR,li1,218.5000,73.4400,1.799532
hold2041,VPWR,li1,90.1600,89.7600,1.799893
hold2040,VPWR,li1,93.8400,258.4000,1.799826
hold2039,VPWR,li1,218.5000,312.8000,1.799748
hold2038,VPWR,li1,144.4400,209.4400,1.799704
hold2037,VPWR,li1,188.1400,149.6000,1.799512
hold2036,VPWR,li1,265.4200,263.8400,1.799337
hold2035,VPWR,li1,162.3800,19.0400,1.799739
hold2034,VPWR,li1,214.3600,19.0400,1.799511
hold2033,VPWR,li1,119.6000,204.0000,1.799719
hold2032,VPWR,li1,213.9000,46.2400,1.799636
hold2031,VPWR,li1,63.0200,29.9200,1.799848
hold2030,VPWR,li1,231.8400,84.3200,1.799308
hold2029,VPWR,li1,12.4200,236.6400,1.799929
hold2028,VPWR,li1,55.2000,24.4800,1.799805
hold2027,VPWR,li1,270.0200,269.2800,1.798770
hold2026,VPWR,li1,241.0400,95.2000,1.799342
hold2025,VPWR,li1,291.6400,144.1600,1.799384
hold2024,VPWR,li1,136.6200,100.6400,1.799731
hold2023,VPWR,li1,279.2200,182.2400,1.798706
hold2022,VPWR,li1,218.5000,78.8800,1.799709
hold2021,VPWR,li1,156.4000,40.8000,1.799799
hold2020,VPWR,li1,320.1600,247.5200,1.799150
hold2019,VPWR,li1,142.6000,144.1600,1.799796
hold2018,VPWR,li1,221.2600,198.5600,1.799644
hold2017,VPWR,li1,264.5000,106.0800,1.799181
hold2016,VPWR,li1,41.8600,182.2400,1.799641
hold2015,VPWR,li1,105.8000,111.5200,1.799601
hold2014,VPWR,li1,153.6400,214.8800,1.799701
hold2013,VPWR,li1,184.0000,35.3600,1.799840
hold2012,VPWR,li1,296.7000,57.1200,1.798827
hold2011,VPWR,li1,216.2000,73.4400,1.799556
hold2010,VPWR,li1,273.7000,225.7600,1.798613
hold2009,VPWR,li1,227.2400,84.3200,1.799328
hold2008,VPWR,li1,230.4600,160.4800,1.799716
hold2007,VPWR,li1,126.5000,111.5200,1.799654
hold2006,VPWR,li1,97.9800,231.2000,1.799555
hold2005,VPWR,li1,206.0800,312.8000,1.799767
hold2004,VPWR,li1,84.1800,182.2400,1.799417
hold2003,VPWR,li1,144.9000,225.7600,1.799677
hold2002,VPWR,li1,239.6600,122.4000,1.799159
hold2001,VPWR,li1,201.0200,193.1200,1.799557
hold2000,VPWR,li1,183.0800,214.8800,1.799812
hold1999,VPWR,li1,20.7000,285.6000,1.799963
hold1998,VPWR,li1,193.2000,160.4800,1.799847
hold1997,VPWR,li1,320.1600,242.0800,1.799547
hold1996,VPWR,li1,217.5800,106.0800,1.799425
hold1995,VPWR,li1,241.5000,263.8400,1.799391
hold1994,VPWR,li1,108.5600,209.4400,1.799743
hold1993,VPWR,li1,16.5600,231.2000,1.799898
hold1992,VPWR,li1,108.5600,323.6800,1.799808
hold1991,VPWR,li1,308.6600,242.0800,1.799547
hold1990,VPWR,li1,62.5600,122.4000,1.799486
hold1989,VPWR,li1,208.8400,73.4400,1.799599
hold1988,VPWR,li1,317.4000,160.4800,1.799620
hold1987,VPWR,li1,208.8400,165.9200,1.799747
hold1986,VPWR,li1,132.0200,296.4800,1.799641
hold1985,VPWR,li1,162.3800,165.9200,1.799884
hold1984,VPWR,li1,244.2600,95.2000,1.799323
hold1983,VPWR,li1,65.3200,263.8400,1.799737
hold1982,VPWR,li1,307.2800,296.4800,1.799511
hold1981,VPWR,li1,78.2000,247.5200,1.799779
hold1980,VPWR,li1,119.6000,165.9200,1.799812
hold1979,VPWR,li1,201.0200,89.7600,1.799771
hold1978,VPWR,li1,290.7200,280.1600,1.799478
hold1977,VPWR,li1,106.7200,149.6000,1.799641
hold1976,VPWR,li1,200.5600,133.2800,1.799657
hold1975,VPWR,li1,304.5200,149.6000,1.798156
hold1974,VPWR,li1,213.9000,176.8000,1.799599
hold1973,VPWR,li1,23.9200,225.7600,1.799946
hold1972,VPWR,li1,160.0800,280.1600,1.799829
hold1971,VPWR,li1,213.9000,263.8400,1.799489
hold1970,VPWR,li1,291.1800,285.6000,1.799281
hold1969,VPWR,li1,49.2200,258.4000,1.799882
hold1968,VPWR,li1,201.4800,263.8400,1.799562
hold1967,VPWR,li1,182.1600,78.8800,1.799852
hold1966,VPWR,li1,50.6000,116.9600,1.799783
hold1965,VPWR,li1,310.0400,127.8400,1.799594
hold1964,VPWR,li1,224.0200,68.0000,1.799309
hold1963,VPWR,li1,280.1400,19.0400,1.799314
hold1962,VPWR,li1,203.3200,111.5200,1.799540
hold1961,VPWR,li1,126.9600,242.0800,1.799686
hold1960,VPWR,li1,175.2600,274.7200,1.799766
hold1959,VPWR,li1,150.4200,73.4400,1.799848
hold1958,VPWR,li1,201.0200,247.5200,1.799621
hold1957,VPWR,li1,48.3000,122.4000,1.799599
hold1956,VPWR,li1,99.3600,323.6800,1.799812
hold1955,VPWR,li1,166.0600,127.8400,1.799884
hold1954,VPWR,li1,36.3400,242.0800,1.799879
hold1953,VPWR,li1,201.0200,269.2800,1.799455
hold1952,VPWR,li1,299.4600,307.3600,1.799665
hold1951,VPWR,li1,292.5600,252.9600,1.799361
hold1950,VPWR,li1,179.8600,13.6000,1.799863
hold1949,VPWR,li1,181.7000,100.6400,1.799817
hold1948,VPWR,li1,308.2000,280.1600,1.799460
hold1947,VPWR,li1,126.5000,111.5200,1.799654
hold1946,VPWR,li1,319.2400,57.1200,1.798813
hold1945,VPWR,li1,291.1800,155.0400,1.799175
hold1944,VPWR,li1,260.3600,106.0800,1.799200
hold1943,VPWR,li1,274.6200,198.5600,1.799437
hold1942,VPWR,li1,276.4600,95.2000,1.799156
hold1941,VPWR,li1,66.2400,100.6400,1.799765
hold1940,VPWR,li1,261.7400,89.7600,1.799597
hold1939,VPWR,li1,105.3400,165.9200,1.799810
hold1938,VPWR,li1,273.7000,160.4800,1.799639
hold1937,VPWR,li1,161.4600,307.3600,1.799882
hold1936,VPWR,li1,239.6600,73.4400,1.799400
hold1935,VPWR,li1,185.3800,231.2000,1.799768
hold1934,VPWR,li1,49.2200,29.9200,1.799887
hold1933,VPWR,li1,247.9400,220.3200,1.799173
hold1932,VPWR,li1,299.0000,231.2000,1.799114
hold1931,VPWR,li1,51.9800,176.8000,1.799850
hold1930,VPWR,li1,226.7800,106.0800,1.799369
hold1929,VPWR,li1,232.3000,220.3200,1.799240
hold1928,VPWR,li1,294.4000,78.8800,1.799521
hold1927,VPWR,li1,84.6400,138.7200,1.799804
hold1926,VPWR,li1,63.4800,29.9200,1.799848
hold1925,VPWR,li1,213.9000,258.4000,1.799603
hold1924,VPWR,li1,68.0800,133.2800,1.799605
hold1923,VPWR,li1,299.0000,193.1200,1.799177
hold1922,VPWR,li1,315.1000,89.7600,1.799569
hold1921,VPWR,li1,302.6800,89.7600,1.799571
hold1920,VPWR,li1,291.1800,204.0000,1.799161
hold1919,VPWR,li1,171.1200,198.5600,1.799871
hold1918,VPWR,li1,72.2200,171.3600,1.799702
hold1917,VPWR,li1,83.7200,187.6800,1.799694
hold1916,VPWR,li1,126.0400,285.6000,1.799849
hold1915,VPWR,li1,16.5600,225.7600,1.799957
hold1914,VPWR,li1,127.8800,46.2400,1.799857
hold1913,VPWR,li1,27.6000,149.6000,1.799879
hold1912,VPWR,li1,201.0200,323.6800,1.799769
hold1911,VPWR,li1,247.4800,318.2400,1.799343
hold1910,VPWR,li1,238.2800,242.0800,1.799604
hold1909,VPWR,li1,246.1000,242.0800,1.799593
hold1908,VPWR,li1,293.9400,225.7600,1.798490
hold1907,VPWR,li1,317.4000,138.7200,1.799362
hold1906,VPWR,li1,196.8800,198.5600,1.799768
hold1905,VPWR,li1,57.5000,24.4800,1.799789
hold1904,VPWR,li1,76.3600,160.4800,1.799851
hold1903,VPWR,li1,11.0400,116.9600,1.799938
hold1902,VPWR,li1,312.8000,258.4000,1.799380
hold1901,VPWR,li1,213.9000,100.6400,1.799644
hold1900,VPWR,li1,37.2600,258.4000,1.799917
hold1899,VPWR,li1,273.2400,46.2400,1.799382
hold1898,VPWR,li1,21.1600,84.3200,1.799947
hold1897,VPWR,li1,132.4800,258.4000,1.799828
hold1896,VPWR,li1,99.8200,133.2800,1.799540
hold1895,VPWR,li1,311.8800,182.2400,1.798658
hold1894,VPWR,li1,183.0800,263.8400,1.799738
hold1893,VPWR,li1,43.2400,24.4800,1.799848
hold1892,VPWR,li1,148.5800,252.9600,1.799758
hold1891,VPWR,li1,235.0600,269.2800,1.799070
hold1890,VPWR,li1,96.1400,209.4400,1.799770
hold1889,VPWR,li1,269.5600,51.6800,1.799746
hold1888,VPWR,li1,59.3400,106.0800,1.799755
hold1887,VPWR,li1,255.7600,258.4000,1.799455
hold1886,VPWR,li1,162.3800,247.5200,1.799819
hold1885,VPWR,li1,265.4200,62.5600,1.798819
hold1884,VPWR,li1,132.4800,19.0400,1.799615
hold1883,VPWR,li1,97.9800,187.6800,1.799678
hold1882,VPWR,li1,252.5400,280.1600,1.799561
hold1881,VPWR,li1,194.5800,51.6800,1.799855
hold1880,VPWR,li1,312.3400,35.3600,1.799462
hold1879,VPWR,li1,188.1400,116.9600,1.799586
hold1878,VPWR,li1,145.3600,214.8800,1.799651
hold1877,VPWR,li1,291.1800,144.1600,1.799384
hold1876,VPWR,li1,208.8400,291.0400,1.799795
hold1875,VPWR,li1,189.0600,165.9200,1.799845
hold1874,VPWR,li1,308.2000,29.9200,1.799611
hold1873,VPWR,li1,80.9600,280.1600,1.799644
hold1872,VPWR,li1,252.5400,57.1200,1.798941
hold1871,VPWR,li1,84.1800,116.9600,1.799698
hold1870,VPWR,li1,125.5800,95.2000,1.799779
hold1869,VPWR,li1,183.5400,258.4000,1.799817
hold1868,VPWR,li1,139.3800,209.4400,1.799706
hold1867,VPWR,li1,26.2200,258.4000,1.799956
hold1866,VPWR,li1,78.2000,29.9200,1.799810
hold1865,VPWR,li1,33.5800,111.5200,1.799829
hold1864,VPWR,li1,271.8600,274.7200,1.798518
hold1863,VPWR,li1,264.0400,160.4800,1.799649
hold1862,VPWR,li1,256.2200,323.6800,1.799622
hold1861,VPWR,li1,116.8400,35.3600,1.799715
hold1860,VPWR,li1,86.4800,144.1600,1.799795
hold1859,VPWR,li1,214.8200,29.9200,1.799722
hold1858,VPWR,li1,207.4600,176.8000,1.799638
hold1857,VPWR,li1,58.8800,35.3600,1.799773
hold1856,VPWR,li1,152.7200,62.5600,1.799615
hold1855,VPWR,li1,209.7600,40.8000,1.799601
hold1854,VPWR,li1,278.3000,307.3600,1.799684
hold1853,VPWR,li1,175.2600,323.6800,1.799903
hold1852,VPWR,li1,94.3000,62.5600,1.799378
hold1851,VPWR,li1,203.3200,155.0400,1.799501
hold1850,VPWR,li1,272.7800,51.6800,1.799746
hold1849,VPWR,li1,294.8600,84.3200,1.799125
hold1848,VPWR,li1,231.8400,13.6000,1.799647
hold1847,VPWR,li1,84.6400,274.7200,1.799620
hold1846,VPWR,li1,120.5200,35.3600,1.799721
hold1845,VPWR,li1,245.6400,138.7200,1.799517
hold1844,VPWR,li1,145.3600,318.2400,1.799587
hold1843,VPWR,li1,265.4200,13.6000,1.799586
hold1842,VPWR,li1,89.7000,204.0000,1.799753
hold1841,VPWR,li1,253.0000,280.1600,1.799561
hold1840,VPWR,li1,261.2800,29.9200,1.799630
hold1839,VPWR,li1,291.6400,291.0400,1.799704
hold1838,VPWR,li1,200.5600,242.0800,1.799746
hold1837,VPWR,li1,76.8200,127.8400,1.799799
hold1836,VPWR,li1,263.5800,225.7600,1.798703
hold1835,VPWR,li1,29.4400,176.8000,1.799925
hold1834,VPWR,li1,188.1400,323.6800,1.799830
hold1833,VPWR,li1,221.2600,160.4800,1.799745
hold1832,VPWR,li1,8.7400,165.9200,1.799934
hold1831,VPWR,li1,226.7800,165.9200,1.799675
hold1830,VPWR,li1,155.9400,274.7200,1.799663
hold1829,VPWR,li1,209.7600,198.5600,1.799701
hold1828,VPWR,li1,110.8600,296.4800,1.799603
hold1827,VPWR,li1,142.1400,29.9200,1.799779
hold1826,VPWR,li1,132.4800,176.8000,1.799726
hold1825,VPWR,li1,265.4200,220.3200,1.799106
hold1824,VPWR,li1,207.0000,111.5200,1.799505
hold1823,VPWR,li1,159.1600,73.4400,1.799857
hold1822,VPWR,li1,308.6600,165.9200,1.799508
hold1821,VPWR,li1,243.8000,291.0400,1.799733
hold1820,VPWR,li1,53.3600,263.8400,1.799777
hold1819,VPWR,li1,251.1600,133.2800,1.799427
hold1818,VPWR,li1,116.3800,171.3600,1.799611
hold1817,VPWR,li1,23.0000,242.0800,1.799938
hold1816,VPWR,li1,139.3800,269.2800,1.799686
hold1815,VPWR,li1,208.3800,165.9200,1.799747
hold1814,VPWR,li1,146.7400,46.2400,1.799872
hold1813,VPWR,li1,115.0000,95.2000,1.799774
hold1812,VPWR,li1,306.3600,258.4000,1.799384
hold1811,VPWR,li1,86.9400,307.3600,1.799808
hold1810,VPWR,li1,241.5000,225.7600,1.798892
hold1809,VPWR,li1,110.4000,204.0000,1.799722
hold1808,VPWR,li1,99.8200,144.1600,1.799785
hold1807,VPWR,li1,278.3000,100.6400,1.799369
hold1806,VPWR,li1,316.9400,138.7200,1.799362
hold1805,VPWR,li1,197.3400,291.0400,1.799830
hold1804,VPWR,li1,218.9600,220.3200,1.799311
hold1803,VPWR,li1,295.3200,198.5600,1.799391
hold1802,VPWR,li1,255.7600,155.0400,1.799262
hold1801,VPWR,li1,148.1200,51.6800,1.799789
hold1800,VPWR,li1,72.2200,62.5600,1.799436
hold1799,VPWR,li1,315.1000,111.5200,1.798857
hold1798,VPWR,li1,318.3200,160.4800,1.799620
hold1797,VPWR,li1,288.4200,51.6800,1.799743
hold1796,VPWR,li1,312.8000,84.3200,1.799116
hold1795,VPWR,li1,213.9000,323.6800,1.799719
hold1794,VPWR,li1,65.3200,280.1600,1.799701
hold1793,VPWR,li1,291.1800,127.8400,1.799610
hold1792,VPWR,li1,138.9200,323.6800,1.799817
hold1791,VPWR,li1,209.3000,122.4000,1.799358
hold1790,VPWR,li1,133.8600,171.3600,1.799603
hold1789,VPWR,li1,48.3000,62.5600,1.799615
hold1788,VPWR,li1,145.3600,138.7200,1.799807
hold1787,VPWR,li1,209.7600,57.1200,1.799303
hold1786,VPWR,li1,57.0400,236.6400,1.799779
hold1785,VPWR,li1,102.5800,73.4400,1.799835
hold1784,VPWR,li1,239.6600,111.5200,1.799236
hold1783,VPWR,li1,102.1200,89.7600,1.799884
hold1782,VPWR,li1,41.4000,144.1600,1.799887
hold1781,VPWR,li1,102.1200,274.7200,1.799557
hold1780,VPWR,li1,262.2000,176.8000,1.799395
hold1779,VPWR,li1,119.6000,100.6400,1.799710
hold1778,VPWR,li1,299.0000,301.9200,1.798821
hold1777,VPWR,li1,167.4400,84.3200,1.799771
hold1776,VPWR,li1,201.9400,214.8800,1.799684
hold1775,VPWR,li1,150.8800,318.2400,1.799624
hold1774,VPWR,li1,32.2000,171.3600,1.799883
hold1773,VPWR,li1,230.4600,68.0000,1.799248
hold1772,VPWR,li1,21.6200,198.5600,1.799921
hold1771,VPWR,li1,98.9000,301.9200,1.799789
hold1770,VPWR,li1,106.7200,193.1200,1.799610
hold1769,VPWR,li1,55.2000,95.2000,1.799818
hold1768,VPWR,li1,231.3800,95.2000,1.799401
hold1767,VPWR,li1,26.2200,144.1600,1.799938
hold1766,VPWR,li1,196.8800,236.6400,1.799626
hold1765,VPWR,li1,166.5200,133.2800,1.799776
hold1764,VPWR,li1,162.3800,116.9600,1.799741
hold1763,VPWR,li1,66.7000,187.6800,1.799723
hold1762,VPWR,li1,87.4000,84.3200,1.799711
hold1761,VPWR,li1,36.3400,220.3200,1.799903
hold1760,VPWR,li1,213.9000,133.2800,1.799577
hold1759,VPWR,li1,293.0200,312.8000,1.799706
hold1758,VPWR,li1,239.6600,24.4800,1.799468
hold1757,VPWR,li1,141.6800,242.0800,1.799733
hold1756,VPWR,li1,64.4000,171.3600,1.799731
hold1755,VPWR,li1,76.8200,89.7600,1.799906
hold1754,VPWR,li1,56.5800,84.3200,1.799810
hold1753,VPWR,li1,137.5400,187.6800,1.799702
hold1752,VPWR,li1,141.2200,57.1200,1.799730
hold1751,VPWR,li1,188.1400,285.6000,1.799766
hold1750,VPWR,li1,114.5400,296.4800,1.799607
hold1749,VPWR,li1,179.4000,252.9600,1.799852
hold1748,VPWR,li1,222.1800,231.2000,1.799503
hold1747,VPWR,li1,59.3400,301.9200,1.799858
hold1746,VPWR,li1,72.2200,144.1600,1.799812
hold1745,VPWR,li1,85.5600,68.0000,1.799628
hold1744,VPWR,li1,309.5800,95.2000,1.799109
hold1743,VPWR,li1,277.8400,84.3200,1.799151
hold1742,VPWR,li1,182.6200,51.6800,1.799889
hold1741,VPWR,li1,73.1400,291.0400,1.799720
hold1740,VPWR,li1,111.7800,100.6400,1.799704
hold1739,VPWR,li1,289.3400,35.3600,1.799489
hold1738,VPWR,li1,245.1800,57.1200,1.798976
hold1737,VPWR,li1,297.6200,62.5600,1.798760
hold1736,VPWR,li1,114.5400,24.4800,1.799751
hold1735,VPWR,li1,13.3400,242.0800,1.799947
hold1734,VPWR,li1,272.7800,171.3600,1.799130
hold1733,VPWR,li1,132.4800,247.5200,1.799748
hold1732,VPWR,li1,299.4600,301.9200,1.798821
hold1731,VPWR,li1,262.2000,155.0400,1.799240
hold1730,VPWR,li1,241.9600,301.9200,1.799110
hold1729,VPWR,li1,109.9400,68.0000,1.799621
hold1728,VPWR,li1,222.6400,280.1600,1.799660
hold1727,VPWR,li1,320.1600,106.0800,1.799091
hold1726,VPWR,li1,218.9600,122.4000,1.799275
hold1725,VPWR,li1,167.4400,301.9200,1.799813
hold1724,VPWR,li1,223.5600,258.4000,1.799562
hold1723,VPWR,li1,40.9400,274.7200,1.799821
hold1722,VPWR,li1,64.4000,160.4800,1.799878
hold1721,VPWR,li1,192.7400,231.2000,1.799708
hold1720,VPWR,li1,113.1600,312.8000,1.799862
hold1719,VPWR,li1,59.3400,155.0400,1.799537
hold1718,VPWR,li1,98.9000,231.2000,1.799555
hold1717,VPWR,li1,193.2000,144.1600,1.799749
hold1716,VPWR,li1,88.3200,13.6000,1.799738
hold1715,VPWR,li1,259.9000,198.5600,1.799483
hold1714,VPWR,li1,63.0200,106.0800,1.799737
hold1713,VPWR,li1,26.2200,127.8400,1.799930
hold1712,VPWR,li1,24.3800,116.9600,1.799926
hold1711,VPWR,li1,29.4400,95.2000,1.799912
hold1710,VPWR,li1,128.3400,57.1200,1.799719
hold1709,VPWR,li1,219.4200,95.2000,1.799487
hold1708,VPWR,li1,256.2200,263.8400,1.799355
hold1707,VPWR,li1,111.7800,285.6000,1.799845
hold1706,VPWR,li1,63.9400,247.5200,1.799813
hold1705,VPWR,li1,26.2200,296.4800,1.799911
hold1704,VPWR,li1,256.6800,29.9200,1.799634
hold1703,VPWR,li1,309.1200,274.7200,1.798458
hold1702,VPWR,li1,145.3600,165.9200,1.799852
hold1701,VPWR,li1,179.8600,160.4800,1.799901
hold1700,VPWR,li1,235.0600,24.4800,1.799491
hold1699,VPWR,li1,273.7000,122.4000,1.799051
hold1698,VPWR,li1,77.7400,29.9200,1.799810
hold1697,VPWR,li1,16.5600,51.6800,1.799956
hold1696,VPWR,li1,68.0800,252.9600,1.799652
hold1695,VPWR,li1,15.1800,209.4400,1.799964
hold1694,VPWR,li1,144.4400,106.0800,1.799620
hold1693,VPWR,li1,260.3600,204.0000,1.799200
hold1692,VPWR,li1,147.2000,160.4800,1.799841
hold1691,VPWR,li1,28.5200,242.0800,1.799915
hold1690,VPWR,li1,60.7200,35.3600,1.799765
hold1689,VPWR,li1,154.5600,127.8400,1.799858
hold1688,VPWR,li1,20.7000,160.4800,1.799969
hold1687,VPWR,li1,34.5000,40.8000,1.799871
hold1686,VPWR,li1,90.1600,57.1200,1.799730
hold1685,VPWR,li1,80.9600,165.9200,1.799822
hold1684,VPWR,li1,103.5000,133.2800,1.799539
hold1683,VPWR,li1,55.2000,171.3600,1.799765
hold1682,VPWR,li1,93.3800,165.9200,1.799815
hold1681,VPWR,li1,40.4800,204.0000,1.799888
hold1680,VPWR,li1,101.2000,242.0800,1.799651
hold1679,VPWR,li1,158.2400,291.0400,1.799846
hold1678,VPWR,li1,134.3200,24.4800,1.799785
hold1677,VPWR,li1,320.1600,100.6400,1.799298
hold1676,VPWR,li1,308.6600,274.7200,1.798458
hold1675,VPWR,li1,82.3400,291.0400,1.799704
hold1674,VPWR,li1,228.1600,280.1600,1.799646
hold1673,VPWR,li1,111.3200,40.8000,1.799730
hold1672,VPWR,li1,183.0800,204.0000,1.799709
hold1671,VPWR,li1,89.7000,149.6000,1.799669
hold1670,VPWR,li1,79.1200,323.6800,1.799833
hold1669,VPWR,li1,104.8800,73.4400,1.799834
hold1668,VPWR,li1,68.5400,51.6800,1.799805
hold1667,VPWR,li1,94.3000,285.6000,1.799849
hold1666,VPWR,li1,218.5000,252.9600,1.799608
hold1665,VPWR,li1,16.5600,73.4400,1.799951
hold1664,VPWR,li1,247.4800,155.0400,1.799292
hold1663,VPWR,li1,73.1400,13.6000,1.799765
hold1662,VPWR,li1,279.6800,68.0000,1.798906
hold1661,VPWR,li1,313.2600,198.5600,1.799371
hold1660,VPWR,li1,213.9000,198.5600,1.799680
hold1659,VPWR,li1,320.1600,62.5600,1.798749
hold1658,VPWR,li1,27.1400,62.5600,1.799824
hold1657,VPWR,li1,45.0800,84.3200,1.799851
hold1656,VPWR,li1,60.2600,318.2400,1.799667
hold1655,VPWR,li1,42.3200,89.7600,1.799942
hold1654,VPWR,li1,41.8600,68.0000,1.799815
hold1653,VPWR,li1,139.3800,84.3200,1.799671
hold1652,VPWR,li1,58.4200,274.7200,1.799730
hold1651,VPWR,li1,230.9200,138.7200,1.799573
hold1650,VPWR,li1,79.5800,269.2800,1.799670
hold1649,VPWR,li1,86.0200,57.1200,1.799738
hold1648,VPWR,li1,49.2200,62.5600,1.799615
hold1647,VPWR,li1,31.7400,269.2800,1.799877
hold1646,VPWR,li1,17.9400,225.7600,1.799957
hold1645,VPWR,li1,248.4000,95.2000,1.799300
hold1644,VPWR,li1,27.1400,274.7200,1.799898
hold1643,VPWR,li1,218.0400,100.6400,1.799624
hold1642,VPWR,li1,136.1600,106.0800,1.799598
hold1641,VPWR,li1,139.8400,274.7200,1.799598
hold1640,VPWR,li1,15.6400,62.5600,1.799892
hold1639,VPWR,li1,295.3200,263.8400,1.799295
hold1638,VPWR,li1,158.2400,160.4800,1.799867
hold1637,VPWR,li1,256.2200,106.0800,1.799217
hold1636,VPWR,li1,154.5600,73.4400,1.799852
hold1635,VPWR,li1,291.1800,84.3200,1.799127
hold1634,VPWR,li1,114.5400,231.2000,1.799581
hold1633,VPWR,li1,305.9000,68.0000,1.798798
hold1632,VPWR,li1,292.5600,176.8000,1.799340
hold1631,VPWR,li1,20.7000,209.4400,1.799964
hold1630,VPWR,li1,191.8200,323.6800,1.799811
hold1629,VPWR,li1,158.2400,35.3600,1.799815
hold1628,VPWR,li1,24.3800,209.4400,1.799957
hold1627,VPWR,li1,307.2800,127.8400,1.799597
hold1626,VPWR,li1,122.8200,51.6800,1.799758
hold1625,VPWR,li1,117.3000,127.8400,1.799804
hold1624,VPWR,li1,226.7800,68.0000,1.799283
hold1623,VPWR,li1,119.6000,149.6000,1.799630
hold1622,VPWR,li1,195.5000,57.1200,1.799505
hold1621,VPWR,li1,106.7200,252.9600,1.799658
hold1620,VPWR,li1,198.2600,301.9200,1.799554
hold1619,VPWR,li1,115.9200,46.2400,1.799849
hold1618,VPWR,li1,274.1600,84.3200,1.799155
hold1617,VPWR,li1,110.8600,24.4800,1.799748
hold1616,VPWR,li1,11.9600,78.8800,1.799878
hold1615,VPWR,li1,171.1200,247.5200,1.799847
hold1614,VPWR,li1,241.9600,127.8400,1.799687
hold1613,VPWR,li1,239.6600,138.7200,1.799539
hold1612,VPWR,li1,46.4600,40.8000,1.799820
hold1611,VPWR,li1,161.4600,24.4800,1.799849
hold1610,VPWR,li1,93.8400,307.3600,1.799807
hold1609,VPWR,li1,293.4800,155.0400,1.799172
hold1608,VPWR,li1,26.6800,122.4000,1.799808
hold1607,VPWR,li1,193.2000,274.7200,1.799459
hold1606,VPWR,li1,21.6200,106.0800,1.799940
hold1605,VPWR,li1,198.7200,127.8400,1.799832
hold1604,VPWR,li1,162.3800,95.2000,1.799831
hold1603,VPWR,li1,132.4800,100.6400,1.799726
hold1602,VPWR,li1,157.3200,214.8800,1.799714
hold1601,VPWR,li1,103.5000,312.8000,1.799862
hold1600,VPWR,li1,252.5400,323.6800,1.799627
hold1599,VPWR,li1,311.8800,29.9200,1.799611
hold1598,VPWR,li1,90.1600,312.8000,1.799864
hold1597,VPWR,li1,180.7800,84.3200,1.799741
hold1596,VPWR,li1,310.0400,89.7600,1.799570
hold1595,VPWR,li1,124.2000,258.4000,1.799824
hold1594,VPWR,li1,232.3000,46.2400,1.799534
hold1593,VPWR,li1,171.1200,100.6400,1.799849
hold1592,VPWR,li1,50.1400,220.3200,1.799871
hold1591,VPWR,li1,40.9400,35.3600,1.799831
hold1590,VPWR,li1,261.7400,214.8800,1.799393
hold1589,VPWR,li1,63.0200,301.9200,1.799851
hold1588,VPWR,li1,218.5000,291.0400,1.799772
hold1587,VPWR,li1,201.0200,78.8800,1.799779
hold1586,VPWR,li1,218.0400,209.4400,1.799267
hold1585,VPWR,li1,16.5600,274.7200,1.799932
hold1584,VPWR,li1,103.9600,51.6800,1.799741
hold1583,VPWR,li1,103.0400,236.6400,1.799682
hold1582,VPWR,li1,124.2000,73.4400,1.799830
hold1581,VPWR,li1,120.5200,198.5600,1.799738
hold1580,VPWR,li1,129.2600,204.0000,1.799719
hold1579,VPWR,li1,194.5800,13.6000,1.799787
hold1578,VPWR,li1,182.6200,242.0800,1.799841
hold1577,VPWR,li1,59.3400,133.2800,1.799652
hold1576,VPWR,li1,64.8600,198.5600,1.799769
hold1575,VPWR,li1,229.0800,263.8400,1.799430
hold1574,VPWR,li1,39.5600,116.9600,1.799844
hold1573,VPWR,li1,115.0000,193.1200,1.799622
hold1572,VPWR,li1,51.5200,89.7600,1.799933
hold1571,VPWR,li1,87.8600,160.4800,1.799834
hold1570,VPWR,li1,119.6000,225.7600,1.799661
hold1569,VPWR,li1,78.2000,111.5200,1.799620
hold1568,VPWR,li1,102.1200,19.0400,1.799603
hold1567,VPWR,li1,103.0400,193.1200,1.799605
hold1566,VPWR,li1,175.2600,312.8000,1.799922
hold1565,VPWR,li1,171.1200,89.7600,1.799908
hold1564,VPWR,li1,118.6800,68.0000,1.799648
hold1563,VPWR,li1,25.7600,160.4800,1.799959
hold1562,VPWR,li1,126.0400,301.9200,1.799773
hold1561,VPWR,li1,78.2000,231.2000,1.799586
hold1560,VPWR,li1,243.3400,204.0000,1.799248
hold1559,VPWR,li1,272.3200,242.0800,1.799557
hold1558,VPWR,li1,311.8800,149.6000,1.798136
hold1557,VPWR,li1,115.9200,13.6000,1.799724
hold1556,VPWR,li1,204.7000,89.7600,1.799762
hold1555,VPWR,li1,257.1400,46.2400,1.799429
hold1554,VPWR,li1,150.4200,323.6800,1.799832
hold1553,VPWR,li1,316.9400,214.8800,1.799310
hold1552,VPWR,li1,296.2400,116.9600,1.798547
hold1551,VPWR,li1,74.0600,236.6400,1.799731
hold1550,VPWR,li1,28.9800,111.5200,1.799861
hold1549,VPWR,li1,239.6600,35.3600,1.799595
hold1548,VPWR,li1,119.6000,323.6800,1.799806
hold1547,VPWR,li1,30.8200,51.6800,1.799925
hold1546,VPWR,li1,85.5600,242.0800,1.799694
hold1545,VPWR,li1,132.4800,204.0000,1.799719
hold1544,VPWR,li1,150.8800,127.8400,1.799849
hold1543,VPWR,li1,101.6600,301.9200,1.799787
hold1542,VPWR,li1,311.4200,176.8000,1.799323
hold1541,VPWR,li1,221.2600,24.4800,1.799581
hold1540,VPWR,li1,180.3200,73.4400,1.799836
hold1539,VPWR,li1,28.9800,182.2400,1.799783
hold1538,VPWR,li1,259.9000,247.5200,1.799258
hold1537,VPWR,li1,119.6000,106.0800,1.799566
hold1536,VPWR,li1,149.5000,187.6800,1.799729
hold1535,VPWR,li1,16.1000,116.9600,1.799939
hold1534,VPWR,li1,136.6200,133.2800,1.799635
hold1533,VPWR,li1,132.4800,78.8800,1.799593
hold1532,VPWR,li1,86.9400,242.0800,1.799687
hold1531,VPWR,li1,39.5600,242.0800,1.799867
hold1530,VPWR,li1,149.5000,242.0800,1.799769
hold1529,VPWR,li1,227.2400,187.6800,1.799211
hold1528,VPWR,li1,194.5800,214.8800,1.799731
hold1527,VPWR,li1,270.4800,307.3600,1.799693
hold1526,VPWR,li1,167.4400,111.5200,1.799806
hold1525,VPWR,li1,155.0200,236.6400,1.799752
hold1524,VPWR,li1,213.9000,225.7600,1.799222
hold1523,VPWR,li1,162.8400,111.5200,1.799785
hold1522,VPWR,li1,144.9000,296.4800,1.799680
hold1521,VPWR,li1,29.9000,144.1600,1.799929
hold1520,VPWR,li1,248.4000,62.5600,1.798939
hold1519,VPWR,li1,45.5400,13.6000,1.799857
hold1518,VPWR,li1,204.7000,100.6400,1.799698
hold1517,VPWR,li1,288.4200,209.4400,1.798808
hold1516,VPWR,li1,50.6000,242.0800,1.799817
hold1515,VPWR,li1,201.0200,204.0000,1.799522
hold1514,VPWR,li1,212.9800,138.7200,1.799659
hold1513,VPWR,li1,102.5800,280.1600,1.799665
hold1512,VPWR,li1,299.0000,187.6800,1.798604
hold1511,VPWR,li1,189.0600,106.0800,1.799664
hold1510,VPWR,li1,137.5400,68.0000,1.799702
hold1509,VPWR,li1,63.4800,247.5200,1.799813
hold1508,VPWR,li1,182.6200,116.9600,1.799668
hold1507,VPWR,li1,282.4400,29.9200,1.799616
hold1506,VPWR,li1,179.4000,252.9600,1.799852
hold1505,VPWR,li1,169.7400,51.6800,1.799884
hold1504,VPWR,li1,26.6800,301.9200,1.799955
hold1503,VPWR,li1,168.8200,29.9200,1.799862
hold1502,VPWR,li1,119.6000,57.1200,1.799715
hold1501,VPWR,li1,247.4800,149.6000,1.798579
hold1500,VPWR,li1,108.5600,220.3200,1.799782
hold1499,VPWR,li1,209.7600,323.6800,1.799735
hold1498,VPWR,li1,272.7800,187.6800,1.798774
hold1497,VPWR,li1,239.6600,155.0400,1.799315
hold1496,VPWR,li1,51.0600,187.6800,1.799761
hold1495,VPWR,li1,204.2400,220.3200,1.799433
hold1494,VPWR,li1,160.0800,171.3600,1.799629
hold1493,VPWR,li1,291.1800,46.2400,1.799346
hold1492,VPWR,li1,137.5400,40.8000,1.799757
hold1491,VPWR,li1,244.7200,187.6800,1.799031
hold1490,VPWR,li1,247.4800,19.0400,1.799354
hold1489,VPWR,li1,261.2800,280.1600,1.799538
hold1488,VPWR,li1,125.1200,242.0800,1.799680
hold1487,VPWR,li1,103.5000,29.9200,1.799755
hold1486,VPWR,li1,55.2000,312.8000,1.799913
hold1485,VPWR,li1,137.5400,247.5200,1.799758
hold1484,VPWR,li1,204.7000,225.7600,1.799366
hold1483,VPWR,li1,104.8800,182.2400,1.799379
hold1482,VPWR,li1,183.5400,138.7200,1.799825
hold1481,VPWR,li1,14.7200,116.9600,1.799939
hold1480,VPWR,li1,269.1000,193.1200,1.799215
hold1479,VPWR,li1,55.2000,204.0000,1.799843
hold1478,VPWR,li1,111.7800,62.5600,1.799402
hold1477,VPWR,li1,116.3800,138.7200,1.799786
hold1476,VPWR,li1,62.5600,116.9600,1.799735
hold1475,VPWR,li1,218.0400,307.3600,1.799779
hold1474,VPWR,li1,233.6800,247.5200,1.799394
hold1473,VPWR,li1,49.6800,291.0400,1.799801
hold1472,VPWR,li1,42.3200,84.3200,1.799863
hold1471,VPWR,li1,299.0000,247.5200,1.799153
hold1470,VPWR,li1,162.8400,204.0000,1.799772
hold1469,VPWR,li1,120.5200,258.4000,1.799822
hold1468,VPWR,li1,306.8200,291.0400,1.799700
hold1467,VPWR,li1,287.0400,171.3600,1.799095
hold1466,VPWR,li1,36.8000,291.0400,1.799855
hold1465,VPWR,li1,145.3600,133.2800,1.799668
hold1464,VPWR,li1,98.9000,40.8000,1.799735
hold1463,VPWR,li1,166.9800,323.6800,1.799875
hold1462,VPWR,li1,119.6000,160.4800,1.799813
hold1461,VPWR,li1,221.7200,242.0800,1.799635
hold1460,VPWR,li1,11.9600,89.7600,1.799977
hold1459,VPWR,li1,181.7000,231.2000,1.799796
hold1458,VPWR,li1,281.9800,24.4800,1.799350
hold1457,VPWR,li1,15.6400,133.2800,1.799917
hold1456,VPWR,li1,91.5400,29.9200,1.799779
hold1455,VPWR,li1,106.7200,13.6000,1.799724
hold1454,VPWR,li1,286.1200,236.6400,1.799163
hold1453,VPWR,li1,205.1600,144.1600,1.799674
hold1452,VPWR,li1,201.4800,160.4800,1.799815
hold1451,VPWR,li1,222.6400,106.0800,1.799394
hold1450,VPWR,li1,144.9000,73.4400,1.799842
hold1449,VPWR,li1,201.0200,19.0400,1.799617
hold1448,VPWR,li1,231.8400,51.6800,1.799767
hold1447,VPWR,li1,72.2200,95.2000,1.799789
hold1446,VPWR,li1,309.1200,144.1600,1.799372
hold1445,VPWR,li1,233.6800,323.6800,1.799664
hold1444,VPWR,li1,217.5800,258.4000,1.799587
hold1443,VPWR,li1,162.3800,89.7600,1.799896
hold1442,VPWR,li1,68.0800,78.8800,1.799546
hold1441,VPWR,li1,111.3200,247.5200,1.799723
hold1440,VPWR,li1,311.4200,247.5200,1.799150
hold1439,VPWR,li1,20.7000,258.4000,1.799969
hold1438,VPWR,li1,59.3400,274.7200,1.799730
hold1437,VPWR,li1,274.1600,127.8400,1.799627
hold1436,VPWR,li1,125.1200,84.3200,1.799668
hold1435,VPWR,li1,28.9800,84.3200,1.799911
hold1434,VPWR,li1,20.7000,133.2800,1.799920
hold1433,VPWR,li1,52.9000,84.3200,1.799820
hold1432,VPWR,li1,180.3200,46.2400,1.799867
hold1431,VPWR,li1,92.4600,73.4400,1.799841
hold1430,VPWR,li1,11.5000,106.0800,1.799934
hold1429,VPWR,li1,149.5000,263.8400,1.799646
hold1428,VPWR,li1,275.0800,247.5200,1.799183
hold1427,VPWR,li1,81.4200,193.1200,1.799646
hold1426,VPWR,li1,141.2200,225.7600,1.799667
hold1425,VPWR,li1,54.2800,263.8400,1.799777
hold1424,VPWR,li1,162.3800,84.3200,1.799752
hold1423,VPWR,li1,135.2400,122.4000,1.799449
hold1422,VPWR,li1,298.5400,220.3200,1.799030
hold1421,VPWR,li1,291.1800,242.0800,1.799548
hold1420,VPWR,li1,299.0000,62.5600,1.798760
hold1419,VPWR,li1,278.3000,214.8800,1.799353
hold1418,VPWR,li1,265.4200,291.0400,1.799715
hold1417,VPWR,li1,16.5600,214.8800,1.799885
hold1416,VPWR,li1,282.4400,236.6400,1.799167
hold1415,VPWR,li1,114.5400,171.3600,1.799613
hold1414,VPWR,li1,28.9800,193.1200,1.799892
hold1413,VPWR,li1,126.0400,29.9200,1.799741
hold1412,VPWR,li1,29.4400,73.4400,1.799928
hold1411,VPWR,li1,15.1800,182.2400,1.799876
hold1410,VPWR,li1,268.1800,149.6000,1.798377
hold1409,VPWR,li1,61.1800,78.8800,1.799576
hold1408,VPWR,li1,260.8200,95.2000,1.799228
hold1407,VPWR,li1,278.7600,307.3600,1.799684
hold1406,VPWR,li1,16.1000,155.0400,1.799847
hold1405,VPWR,li1,274.6200,106.0800,1.799138
hold1404,VPWR,li1,81.8800,285.6000,1.799855
hold1403,VPWR,li1,196.8800,84.3200,1.799566
hold1402,VPWR,li1,256.6800,13.6000,1.799595
hold1401,VPWR,li1,67.1600,323.6800,1.799850
hold1400,VPWR,li1,85.1000,73.4400,1.799845
hold1399,VPWR,li1,264.9600,242.0800,1.799563
hold1398,VPWR,li1,45.0800,62.5600,1.799658
hold1397,VPWR,li1,140.3000,165.9200,1.799843
hold1396,VPWR,li1,28.9800,160.4800,1.799950
hold1395,VPWR,li1,248.8600,204.0000,1.799232
hold1394,VPWR,li1,66.2400,62.5600,1.799460
hold1393,VPWR,li1,112.2400,149.6000,1.799634
hold1392,VPWR,li1,247.4800,236.6400,1.799276
hold1391,VPWR,li1,265.4200,312.8000,1.799706
hold1390,VPWR,li1,125.1200,323.6800,1.799805
hold1389,VPWR,li1,245.6400,40.8000,1.799394
hold1388,VPWR,li1,177.5600,274.7200,1.799725
hold1387,VPWR,li1,183.5400,122.4000,1.799658
hold1386,VPWR,li1,27.1400,40.8000,1.799908
hold1385,VPWR,li1,115.9200,242.0800,1.799653
hold1384,VPWR,li1,218.0400,165.9200,1.799708
hold1383,VPWR,li1,307.7400,242.0800,1.799547
hold1382,VPWR,li1,317.8600,220.3200,1.799014
hold1381,VPWR,li1,293.9400,106.0800,1.799094
hold1380,VPWR,li1,40.4800,160.4800,1.799925
hold1379,VPWR,li1,129.2600,138.7200,1.799791
hold1378,VPWR,li1,278.3000,138.7200,1.799423
hold1377,VPWR,li1,80.9600,95.2000,1.799780
hold1376,VPWR,li1,182.1600,19.0400,1.799769
hold1375,VPWR,li1,141.6800,111.5200,1.799701
hold1374,VPWR,li1,40.9400,149.6000,1.799796
hold1373,VPWR,li1,299.9200,35.3600,1.799469
hold1372,VPWR,li1,35.8800,116.9600,1.799861
hold1371,VPWR,li1,259.4400,231.2000,1.799274
hold1370,VPWR,li1,157.7800,242.0800,1.799802
hold1369,VPWR,li1,132.9400,291.0400,1.799765
hold1368,VPWR,li1,269.5600,280.1600,1.799516
hold1367,VPWR,li1,100.2800,106.0800,1.799600
hold1366,VPWR,li1,284.7400,122.4000,1.799031
hold1365,VPWR,li1,311.8800,78.8800,1.799508
hold1364,VPWR,li1,268.6400,242.0800,1.799561
hold1363,VPWR,li1,210.2200,258.4000,1.799622
hold1362,VPWR,li1,271.4000,209.4400,1.798826
hold1361,VPWR,li1,183.0800,301.9200,1.799726
hold1360,VPWR,li1,119.1400,274.7200,1.799532
hold1359,VPWR,li1,93.8400,84.3200,1.799699
hold1358,VPWR,li1,80.9600,263.8400,1.799690
hold1357,VPWR,li1,312.8000,193.1200,1.799172
hold1356,VPWR,li1,138.4600,263.8400,1.799620
hold1355,VPWR,li1,171.1200,62.5600,1.799749
hold1354,VPWR,li1,214.3600,214.8800,1.799613
hold1353,VPWR,li1,125.5800,318.2400,1.799501
hold1352,VPWR,li1,123.7400,19.0400,1.799604
hold1351,VPWR,li1,230.0000,323.6800,1.799671
hold1350,VPWR,li1,196.8800,133.2800,1.799670
hold1349,VPWR,li1,238.2800,127.8400,1.799696
hold1348,VPWR,li1,227.2400,258.4000,1.799542
hold1347,VPWR,li1,21.6200,291.0400,1.799935
hold1346,VPWR,li1,68.0800,231.2000,1.799626
hold1345,VPWR,li1,164.2200,62.5600,1.799685
hold1344,VPWR,li1,73.1400,263.8400,1.799710
hold1343,VPWR,li1,196.8800,68.0000,1.799594
hold1342,VPWR,li1,39.1000,176.8000,1.799893
hold1341,VPWR,li1,241.0400,176.8000,1.799456
hold1340,VPWR,li1,46.4600,116.9600,1.799804
hold1339,VPWR,li1,51.0600,133.2800,1.799708
hold1338,VPWR,li1,41.8600,176.8000,1.799884
hold1337,VPWR,li1,108.1000,89.7600,1.799880
hold1336,VPWR,li1,218.9600,133.2800,1.799554
hold1335,VPWR,li1,124.6600,247.5200,1.799738
hold1334,VPWR,li1,189.0600,274.7200,1.799525
hold1333,VPWR,li1,258.0600,225.7600,1.798746
hold1332,VPWR,li1,133.4000,155.0400,1.799463
hold1331,VPWR,li1,28.9800,68.0000,1.799880
hold1330,VPWR,li1,269.1000,46.2400,1.799395
hold1329,VPWR,li1,144.9000,89.7600,1.799886
hold1328,VPWR,li1,175.2600,127.8400,1.799920
hold1327,VPWR,li1,194.1200,35.3600,1.799768
hold1326,VPWR,li1,98.9000,29.9200,1.799765
hold1325,VPWR,li1,183.0800,95.2000,1.799805
hold1324,VPWR,li1,299.0000,111.5200,1.798903
hold1323,VPWR,li1,92.9200,291.0400,1.799705
hold1322,VPWR,li1,228.6200,323.6800,1.799676
hold1321,VPWR,li1,98.4400,89.7600,1.799888
hold1320,VPWR,li1,170.6600,263.8400,1.799779
hold1319,VPWR,li1,221.2600,318.2400,1.799451
hold1318,VPWR,li1,88.7800,46.2400,1.799858
hold1317,VPWR,li1,158.2400,231.2000,1.799731
hold1316,VPWR,li1,316.9400,209.4400,1.798785
hold1315,VPWR,li1,242.4200,149.6000,1.798644
hold1314,VPWR,li1,16.1000,144.1600,1.799955
hold1313,VPWR,li1,85.1000,46.2400,1.799862
hold1312,VPWR,li1,306.3600,89.7600,1.799571
hold1311,VPWR,li1,188.1400,144.1600,1.799783
hold1310,VPWR,li1,309.1200,106.0800,1.799091
hold1309,VPWR,li1,68.5400,285.6000,1.799862
hold1308,VPWR,li1,260.3600,291.0400,1.799717
hold1307,VPWR,li1,16.5600,258.4000,1.799968
hold1306,VPWR,li1,226.7800,13.6000,1.799657
hold1305,VPWR,li1,161.9200,220.3200,1.799789
hold1304,VPWR,li1,320.1600,111.5200,1.798857
hold1303,VPWR,li1,195.0400,57.1200,1.799505
hold1302,VPWR,li1,85.1000,149.6000,1.799677
hold1301,VPWR,li1,195.9600,40.8000,1.799699
hold1300,VPWR,li1,16.5600,144.1600,1.799955
hold1299,VPWR,li1,95.2200,247.5200,1.799736
hold1298,VPWR,li1,16.5600,46.2400,1.799966
hold1297,VPWR,li1,42.3200,29.9200,1.799906
hold1296,VPWR,li1,293.0200,285.6000,1.799278
hold1295,VPWR,li1,255.7600,301.9200,1.798986
hold1294,VPWR,li1,68.5400,160.4800,1.799867
hold1293,VPWR,li1,217.5800,318.2400,1.799482
hold1292,VPWR,li1,100.2800,258.4000,1.799825
hold1291,VPWR,li1,28.5200,89.7600,1.799964
hold1290,VPWR,li1,217.5800,111.5200,1.799410
hold1289,VPWR,li1,253.0000,171.3600,1.799201
hold1288,VPWR,li1,209.7600,214.8800,1.799637
hold1287,VPWR,li1,59.8000,68.0000,1.799720
hold1286,VPWR,li1,22.0800,280.1600,1.799920
hold1285,VPWR,li1,298.0800,100.6400,1.799324
hold1284,VPWR,li1,256.2200,111.5200,1.799130
hold1283,VPWR,li1,219.4200,193.1200,1.799390
hold1282,VPWR,li1,210.2200,51.6800,1.799810
hold1281,VPWR,li1,291.1800,220.3200,1.799042
hold1280,VPWR,li1,41.8600,258.4000,1.799905
hold1279,VPWR,li1,310.9600,204.0000,1.799148
hold1278,VPWR,li1,15.1800,198.5600,1.799905
hold1277,VPWR,li1,276.9200,252.9600,1.799392
hold1276,VPWR,li1,254.3800,35.3600,1.799557
hold1275,VPWR,li1,148.1200,280.1600,1.799782
hold1274,VPWR,li1,42.3200,100.6400,1.799832
hold1273,VPWR,li1,286.5800,89.7600,1.799575
hold1272,VPWR,li1,132.0200,312.8000,1.799863
hold1271,VPWR,li1,207.9200,285.6000,1.799610
hold1270,VPWR,li1,120.0600,116.9600,1.799676
hold1269,VPWR,li1,104.4200,252.9600,1.799654
hold1268,VPWR,li1,93.8400,149.6000,1.799661
hold1267,VPWR,li1,137.0800,127.8400,1.799825
hold1266,VPWR,li1,132.4800,236.6400,1.799697
hold1265,VPWR,li1,86.0200,280.1600,1.799646
hold1264,VPWR,li1,287.0400,204.0000,1.799165
hold1263,VPWR,li1,57.9600,269.2800,1.799752
hold1262,VPWR,li1,103.0400,149.6000,1.799645
hold1261,VPWR,li1,99.3600,51.6800,1.799745
hold1260,VPWR,li1,279.2200,57.1200,1.798855
hold1259,VPWR,li1,269.5600,138.7200,1.799447
hold1258,VPWR,li1,278.3000,155.0400,1.799196
hold1257,VPWR,li1,253.0000,57.1200,1.798930
hold1256,VPWR,li1,63.9400,307.3600,1.799814
hold1255,VPWR,li1,258.0600,296.4800,1.799546
hold1254,VPWR,li1,119.6000,89.7600,1.799876
hold1253,VPWR,li1,119.6000,138.7200,1.799787
hold1252,VPWR,li1,56.1200,149.6000,1.799748
hold1251,VPWR,li1,93.8400,133.2800,1.799543
hold1250,VPWR,li1,96.1400,106.0800,1.799613
hold1249,VPWR,li1,55.2000,35.3600,1.799778
hold1248,VPWR,li1,278.3000,68.0000,1.798906
hold1247,VPWR,li1,55.2000,307.3600,1.799833
hold1246,VPWR,li1,265.4200,236.6400,1.799207
hold1245,VPWR,li1,145.3600,323.6800,1.799826
hold1244,VPWR,li1,184.0000,323.6800,1.799852
hold1243,VPWR,li1,72.2200,106.0800,1.799699
hold1242,VPWR,li1,234.6000,242.0800,1.799613
hold1241,VPWR,li1,54.7400,291.0400,1.799783
hold1240,VPWR,li1,176.6400,13.6000,1.799889
hold1239,VPWR,li1,103.5000,106.0800,1.799588
hold1238,VPWR,li1,40.9400,193.1200,1.799825
hold1237,VPWR,li1,285.6600,160.4800,1.799628
hold1236,VPWR,li1,291.1800,100.6400,1.799337
hold1235,VPWR,li1,222.6400,220.3200,1.799288
hold1234,VPWR,li1,260.8200,138.7200,1.799475
hold1233,VPWR,li1,286.1200,214.8800,1.799342
hold1232,VPWR,li1,209.3000,116.9600,1.799220
hold1231,VPWR,li1,201.0200,193.1200,1.799557
hold1230,VPWR,li1,37.7200,285.6000,1.799914
hold1229,VPWR,li1,124.6600,312.8000,1.799862
hold1228,VPWR,li1,93.8400,323.6800,1.799816
hold1227,VPWR,li1,320.1600,242.0800,1.799547
hold1226,VPWR,li1,171.1200,116.9600,1.799773
hold1225,VPWR,li1,256.6800,100.6400,1.799450
hold1224,VPWR,li1,119.6000,291.0400,1.799734
hold1223,VPWR,li1,255.3000,171.3600,1.799191
hold1222,VPWR,li1,16.5600,100.6400,1.799928
hold1221,VPWR,li1,118.6800,252.9600,1.799678
hold1220,VPWR,li1,29.4400,258.4000,1.799941
hold1219,VPWR,li1,235.5200,155.0400,1.799331
hold1218,VPWR,li1,226.7800,307.3600,1.799758
hold1217,VPWR,li1,101.6600,46.2400,1.799848
hold1216,VPWR,li1,291.1800,269.2800,1.798646
hold1215,VPWR,li1,274.6200,111.5200,1.799021
hold1214,VPWR,li1,188.6000,291.0400,1.799861
hold1213,VPWR,li1,196.4200,24.4800,1.799746
hold1212,VPWR,li1,222.6400,280.1600,1.799660
hold1211,VPWR,li1,311.4200,51.6800,1.799742
hold1210,VPWR,li1,252.5400,84.3200,1.799220
hold1209,VPWR,li1,260.8200,318.2400,1.799330
hold1208,VPWR,li1,239.6600,193.1200,1.799293
hold1207,VPWR,li1,201.0200,106.0800,1.799545
hold1206,VPWR,li1,316.9400,285.6000,1.799250
hold1205,VPWR,li1,208.3800,35.3600,1.799690
hold1204,VPWR,li1,129.7200,127.8400,1.799816
hold1203,VPWR,li1,260.8200,127.8400,1.799648
hold1202,VPWR,li1,231.3800,269.2800,1.799110
hold1201,VPWR,li1,280.6000,252.9600,1.799383
hold1200,VPWR,li1,112.2400,323.6800,1.799807
hold1199,VPWR,li1,204.2400,280.1600,1.799741
hold1198,VPWR,li1,239.6600,182.2400,1.798916
hold1197,VPWR,li1,212.9800,236.6400,1.799490
hold1196,VPWR,li1,285.6600,149.6000,1.798247
hold1195,VPWR,li1,287.9600,263.8400,1.799301
hold1194,VPWR,li1,168.3600,68.0000,1.799805
hold1193,VPWR,li1,55.2000,89.7600,1.799928
hold1192,VPWR,li1,86.0200,19.0400,1.799628
hold1191,VPWR,li1,142.6000,122.4000,1.799484
hold1190,VPWR,li1,65.3200,144.1600,1.799824
hold1189,VPWR,li1,227.2400,122.4000,1.799225
hold1188,VPWR,li1,153.6400,280.1600,1.799804
hold1187,VPWR,li1,115.0000,160.4800,1.799815
hold1186,VPWR,li1,170.2000,24.4800,1.799875
hold1185,VPWR,li1,153.1800,231.2000,1.799691
hold1184,VPWR,li1,279.2200,35.3600,1.799507
hold1183,VPWR,li1,184.0000,296.4800,1.799813
hold1182,VPWR,li1,183.0800,68.0000,1.799755
hold1181,VPWR,li1,166.0600,269.2800,1.799753
hold1180,VPWR,li1,208.3800,51.6800,1.799814
hold1179,VPWR,li1,90.1600,133.2800,1.799545
hold1178,VPWR,li1,132.4800,274.7200,1.799572
hold1177,VPWR,li1,184.4600,111.5200,1.799737
hold1176,VPWR,li1,97.9800,274.7200,1.799568
hold1175,VPWR,li1,16.5600,187.6800,1.799924
hold1174,VPWR,li1,304.5200,225.7600,1.798456
hold1173,VPWR,li1,320.1600,263.8400,1.799278
hold1172,VPWR,li1,19.7800,182.2400,1.799878
hold1171,VPWR,li1,194.1200,133.2800,1.799685
hold1170,VPWR,li1,287.0400,127.8400,1.799614
hold1169,VPWR,li1,145.3600,247.5200,1.799772
hold1168,VPWR,li1,33.5800,138.7200,1.799913
hold1167,VPWR,li1,80.9600,138.7200,1.799811
hold1166,VPWR,li1,139.8400,68.0000,1.799708
hold1165,VPWR,li1,210.6800,274.7200,1.799186
hold1164,VPWR,li1,226.7800,144.1600,1.799545
hold1163,VPWR,li1,231.8400,209.4400,1.799123
hold1162,VPWR,li1,237.8200,291.0400,1.799741
hold1161,VPWR,li1,121.9000,127.8400,1.799809
hold1160,VPWR,li1,239.6600,106.0800,1.799296
hold1159,VPWR,li1,284.2800,35.3600,1.799499
hold1158,VPWR,li1,291.1800,116.9600,1.798552
hold1157,VPWR,li1,287.0400,51.6800,1.799743
hold1156,VPWR,li1,39.5600,214.8800,1.799737
hold1155,VPWR,li1,86.0200,100.6400,1.799721
hold1150,VPWR,li1,241.0400,323.6800,1.799650
hold1143,VPWR,li1,313.2600,247.5200,1.799150
hold1142,VPWR,li1,232.7600,35.3600,1.799610
hold1153,VPWR,li1,136.6200,220.3200,1.799764
hold1149,VPWR,li1,265.4200,73.4400,1.799250
hold1148,VPWR,li1,295.7800,138.7200,1.799385
hold1146,VPWR,li1,245.1800,263.8400,1.799379
hold1138,VPWR,li1,36.3400,274.7200,1.799846
hold1147,VPWR,li1,80.9600,122.4000,1.799411
hold1139,VPWR,li1,230.4600,165.9200,1.799660
hold1140,VPWR,li1,208.3800,19.0400,1.799554
hold1145,VPWR,li1,85.1000,95.2000,1.799776
hold1151,VPWR,li1,153.1800,291.0400,1.799826
hold1152,VPWR,li1,106.7200,263.8400,1.799624
hold1154,VPWR,li1,78.2000,323.6800,1.799833
rebuffer1137,VPWR,li1,161.0000,144.1600,1.799837
hold1144,VPWR,li1,174.8000,312.8000,1.799917
hold1141,VPWR,li1,287.0400,89.7600,1.799575
clkload50,VPWR,li1,249.0900,263.8400,1.799370
clkload49,VPWR,li1,238.7400,220.3200,1.799216
clkload48,VPWR,li1,205.6200,263.8400,1.799526
clkload47,VPWR,li1,219.8800,258.4000,1.799574
clkload46,VPWR,li1,255.7600,176.8000,1.799409
clkload45,VPWR,li1,285.2000,187.6800,1.798667
clkload44,VPWR,li1,306.8200,187.6800,1.798572
clkload43,VPWR,li1,286.5800,225.7600,1.798521
clkload42,VPWR,li1,189.9800,176.8000,1.799749
clkload41,VPWR,li1,223.1000,182.2400,1.799050
clkload40,VPWR,li1,211.6000,220.3200,1.799352
clkload39,VPWR,li1,186.3000,236.6400,1.799706
clkload38,VPWR,li1,179.8600,198.5600,1.799862
clkload37,VPWR,li1,178.2500,269.2800,1.799740
clkload36,VPWR,li1,149.2700,263.8400,1.799646
clkload35,VPWR,li1,104.1900,291.0400,1.799706
clkload34,VPWR,li1,147.6600,225.7600,1.799682
clkload33,VPWR,li1,108.5600,242.0800,1.799637
clkload32,VPWR,li1,118.4500,176.8000,1.799716
clkload31,VPWR,li1,140.9900,182.2400,1.799426
clkload30,VPWR,li1,47.3800,182.2400,1.799590
clkload29,VPWR,li1,71.7600,187.6800,1.799712
clkload28,VPWR,li1,89.2400,231.2000,1.799556
clkload27,VPWR,li1,252.5400,155.0400,1.799271
clkload26,VPWR,li1,253.2300,116.9600,1.798657
clkload25,VPWR,li1,151.5700,116.9600,1.799708
clkload24,VPWR,li1,155.7100,144.1600,1.799819
clkload23,VPWR,li1,185.1500,138.7200,1.799825
clkload22,VPWR,li1,258.2900,62.5600,1.798856
clkload21,VPWR,li1,309.8100,73.4400,1.799100
clkload20,VPWR,li1,218.0400,84.3200,1.799377
clkload19,VPWR,li1,184.4600,84.3200,1.799714
clkload18,VPWR,li1,113.3900,111.5200,1.799612
clkload17,VPWR,li1,148.8100,100.6400,1.799755
clkload16,VPWR,li1,134.7800,165.9200,1.799833
clkload15,VPWR,li1,70.6100,133.2800,1.799585
clkload14,VPWR,li1,73.3700,155.0400,1.799426
clkload13,VPWR,li1,60.0300,111.5200,1.799672
clkload12,VPWR,li1,146.0500,13.6000,1.799759
clkload11,VPWR,li1,110.4000,78.8800,1.799507
clkload10,VPWR,li1,20.7000,57.1200,1.799927
clkload9,VPWR,li1,46.4600,29.9200,1.799894
clkload8,VPWR,li1,77.0500,62.5600,1.799419
clkload7,VPWR,li1,264.2700,269.2800,1.798817
clkload6,VPWR,li1,266.1100,209.4400,1.798830
clkload5,VPWR,li1,114.3100,274.7200,1.799520
clkload4,VPWR,li1,112.9300,214.8800,1.799480
clkload3,VPWR,li1,261.0500,122.4000,1.799071
clkload2,VPWR,li1,263.3500,68.0000,1.798992
clkload1,VPWR,li1,100.5100,122.4000,1.799339
clkload0,VPWR,li1,103.7300,51.6800,1.799741
clkbuf_4_15_0_clk,VPWR,li1,259.6700,274.7200,1.798574
clkbuf_4_14_0_clk,VPWR,li1,221.9500,274.7200,1.798996
clkbuf_4_13_0_clk,VPWR,li1,263.8100,209.4400,1.798835
clkbuf_4_12_0_clk,VPWR,li1,222.4100,204.0000,1.799336
clkbuf_4_11_0_clk,VPWR,li1,114.3100,274.7200,1.799520
clkbuf_4_10_0_clk,VPWR,li1,76.5900,280.1600,1.799643
clkbuf_4_9_0_clk,VPWR,li1,112.9300,214.8800,1.799480
clkbuf_4_8_0_clk,VPWR,li1,72.9100,214.8800,1.799526
clkbuf_4_7_0_clk,VPWR,li1,255.9900,116.9600,1.798637
clkbuf_4_6_0_clk,VPWR,li1,215.0500,122.4000,1.799305
clkbuf_4_5_0_clk,VPWR,li1,263.3500,62.5600,1.798826
clkbuf_4_4_0_clk,VPWR,li1,221.0300,57.1200,1.799150
clkbuf_4_3_0_clk,VPWR,li1,100.5100,122.4000,1.799339
clkbuf_4_2_0_clk,VPWR,li1,60.0300,122.4000,1.799497
clkbuf_4_1_0_clk,VPWR,li1,99.1300,62.5600,1.799367
clkbuf_4_0_0_clk,VPWR,li1,67.3900,62.5600,1.799460
clkbuf_0_clk,VPWR,li1,166.5200,171.3600,1.799638
clkbuf_leaf_103_clk,VPWR,li1,22.3100,57.1200,1.799928
clkbuf_leaf_102_clk,VPWR,li1,47.1500,35.3600,1.799798
clkbuf_leaf_101_clk,VPWR,li1,67.8500,24.4800,1.799747
clkbuf_leaf_100_clk,VPWR,li1,76.5900,68.0000,1.799637
clkbuf_leaf_99_clk,VPWR,li1,105.5700,68.0000,1.799613
clkbuf_leaf_98_clk,VPWR,li1,100.0500,35.3600,1.799694
clkbuf_leaf_97_clk,VPWR,li1,117.9900,29.9200,1.799729
clkbuf_leaf_96_clk,VPWR,li1,146.9700,19.0400,1.799643
clkbuf_leaf_95_clk,VPWR,li1,152.0300,51.6800,1.799796
clkbuf_leaf_94_clk,VPWR,li1,143.7500,84.3200,1.799675
clkbuf_leaf_93_clk,VPWR,li1,113.8500,78.8800,1.799511
clkbuf_leaf_92_clk,VPWR,li1,113.3900,106.0800,1.799561
clkbuf_leaf_91_clk,VPWR,li1,144.6700,106.0800,1.799620
clkbuf_leaf_90_clk,VPWR,li1,151.5700,122.4000,1.799535
clkbuf_leaf_89_clk,VPWR,li1,155.7100,149.6000,1.799641
clkbuf_leaf_88_clk,VPWR,li1,183.3100,133.2800,1.799761
clkbuf_leaf_87_clk,VPWR,li1,179.1700,100.6400,1.799831
clkbuf_leaf_86_clk,VPWR,li1,205.3900,106.0800,1.799503
clkbuf_leaf_85_clk,VPWR,li1,221.9500,84.3200,1.799357
clkbuf_leaf_84_clk,VPWR,li1,188.3700,84.3200,1.799648
clkbuf_leaf_83_clk,VPWR,li1,183.3100,57.1200,1.799669
clkbuf_leaf_82_clk,VPWR,li1,177.7900,29.9200,1.799875
clkbuf_leaf_81_clk,VPWR,li1,204.0100,35.3600,1.799706
clkbuf_leaf_80_clk,VPWR,li1,231.1500,19.0400,1.799398
clkbuf_leaf_79_clk,VPWR,li1,232.5300,57.1200,1.799056
clkbuf_leaf_78_clk,VPWR,li1,258.2900,57.1200,1.798901
clkbuf_leaf_77_clk,VPWR,li1,259.2100,24.4800,1.799376
clkbuf_leaf_76_clk,VPWR,li1,295.0900,40.8000,1.799159
clkbuf_leaf_75_clk,VPWR,li1,309.8100,68.0000,1.798784
clkbuf_leaf_74_clk,VPWR,li1,284.9700,73.4400,1.799145
clkbuf_leaf_73_clk,VPWR,li1,273.0100,95.2000,1.799162
clkbuf_leaf_72_clk,VPWR,li1,286.3500,106.0800,1.799096
clkbuf_leaf_71_clk,VPWR,li1,310.7300,111.5200,1.798858
clkbuf_leaf_70_clk,VPWR,li1,308.8900,149.6000,1.798139
clkbuf_leaf_69_clk,VPWR,li1,278.9900,149.6000,1.798282
clkbuf_leaf_68_clk,VPWR,li1,255.9900,149.6000,1.798484
clkbuf_leaf_67_clk,VPWR,li1,250.9300,116.9600,1.798684
clkbuf_leaf_66_clk,VPWR,li1,225.6300,116.9600,1.798979
clkbuf_leaf_65_clk,VPWR,li1,232.9900,149.6000,1.798753
clkbuf_leaf_64_clk,VPWR,li1,201.7100,155.0400,1.799501
clkbuf_leaf_63_clk,VPWR,li1,192.9700,182.2400,1.799407
clkbuf_leaf_62_clk,VPWR,li1,221.0300,182.2400,1.799074
clkbuf_leaf_61_clk,VPWR,li1,224.2500,193.1200,1.799365
clkbuf_leaf_60_clk,VPWR,li1,240.3500,225.7600,1.798915
clkbuf_leaf_59_clk,VPWR,li1,257.3700,209.4400,1.798885
clkbuf_leaf_58_clk,VPWR,li1,262.4300,182.2400,1.798762
clkbuf_leaf_57_clk,VPWR,li1,285.8900,187.6800,1.798667
clkbuf_leaf_56_clk,VPWR,li1,310.2700,187.6800,1.798564
clkbuf_leaf_55_clk,VPWR,li1,312.5700,225.7600,1.798431
clkbuf_leaf_54_clk,VPWR,li1,283.5900,231.2000,1.799140
clkbuf_leaf_53_clk,VPWR,li1,272.5500,247.5200,1.799187
clkbuf_leaf_52_clk,VPWR,li1,284.5100,274.7200,1.798468
clkbuf_leaf_51_clk,VPWR,li1,312.1100,269.2800,1.798553
clkbuf_leaf_50_clk,VPWR,li1,286.8100,301.9200,1.798825
clkbuf_leaf_49_clk,VPWR,li1,260.1300,301.9200,1.798949
clkbuf_leaf_48_clk,VPWR,li1,247.7100,269.2800,1.798939
clkbuf_leaf_47_clk,VPWR,li1,222.8700,285.6000,1.799509
clkbuf_leaf_46_clk,VPWR,li1,232.5300,318.2400,1.799376
clkbuf_leaf_45_clk,VPWR,li1,201.7100,312.8000,1.799774
clkbuf_leaf_44_clk,VPWR,li1,181.4700,301.9200,1.799726
clkbuf_leaf_43_clk,VPWR,li1,178.2500,269.2800,1.799740
clkbuf_leaf_42_clk,VPWR,li1,202.6300,258.4000,1.799665
clkbuf_leaf_41_clk,VPWR,li1,221.4900,242.0800,1.799635
clkbuf_leaf_40_clk,VPWR,li1,208.6100,220.3200,1.799378
clkbuf_leaf_39_clk,VPWR,li1,183.3100,236.6400,1.799733
clkbuf_leaf_38_clk,VPWR,li1,182.8500,204.0000,1.799709
clkbuf_leaf_37_clk,VPWR,li1,144.6700,209.4400,1.799704
clkbuf_leaf_36_clk,VPWR,li1,152.0300,231.2000,1.799691
clkbuf_leaf_35_clk,VPWR,li1,130.8700,225.7600,1.799646
clkbuf_leaf_34_clk,VPWR,li1,105.5700,247.5200,1.799717
clkbuf_leaf_33_clk,VPWR,li1,124.8900,263.8400,1.799595
clkbuf_leaf_32_clk,VPWR,li1,154.3300,263.8400,1.799664
clkbuf_leaf_31_clk,VPWR,li1,155.2500,296.4800,1.799708
clkbuf_leaf_30_clk,VPWR,li1,138.2300,318.2400,1.799533
clkbuf_leaf_29_clk,VPWR,li1,106.9500,318.2400,1.799471
clkbuf_leaf_28_clk,VPWR,li1,102.8100,296.4800,1.799597
clkbuf_leaf_27_clk,VPWR,li1,92.6900,269.2800,1.799633
clkbuf_leaf_26_clk,VPWR,li1,76.5900,291.0400,1.799705
clkbuf_leaf_25_clk,VPWR,li1,60.0300,307.3600,1.799816
clkbuf_leaf_24_clk,VPWR,li1,27.3700,280.1600,1.799885
clkbuf_leaf_23_clk,VPWR,li1,33.8100,263.8400,1.799848
clkbuf_leaf_22_clk,VPWR,li1,60.0300,252.9600,1.799667
clkbuf_leaf_21_clk,VPWR,li1,39.3300,231.2000,1.799760
clkbuf_leaf_20_clk,VPWR,li1,23.6900,214.8800,1.799856
clkbuf_leaf_19_clk,VPWR,li1,15.8700,198.5600,1.799905
clkbuf_leaf_18_clk,VPWR,li1,44.3900,187.6800,1.799783
clkbuf_leaf_17_clk,VPWR,li1,69.6900,182.2400,1.799447
clkbuf_leaf_16_clk,VPWR,li1,93.1500,231.2000,1.799548
clkbuf_leaf_15_clk,VPWR,li1,97.7500,193.1200,1.799600
clkbuf_leaf_14_clk,VPWR,li1,118.4500,182.2400,1.799362
clkbuf_leaf_13_clk,VPWR,li1,140.9900,182.2400,1.799426
clkbuf_leaf_12_clk,VPWR,li1,138.6900,155.0400,1.799480
clkbuf_leaf_11_clk,VPWR,li1,111.5500,155.0400,1.799379
clkbuf_leaf_10_clk,VPWR,li1,106.0300,133.2800,1.799538
clkbuf_leaf_9_clk,VPWR,li1,93.1500,111.5200,1.799585
clkbuf_leaf_8_clk,VPWR,li1,72.9100,133.2800,1.799571
clkbuf_leaf_7_clk,VPWR,li1,73.3700,155.0400,1.799426
clkbuf_leaf_6_clk,VPWR,li1,42.5500,149.6000,1.799796
clkbuf_leaf_5_clk,VPWR,li1,15.8700,155.0400,1.799847
clkbuf_leaf_4_clk,VPWR,li1,21.3900,122.4000,1.799861
clkbuf_leaf_3_clk,VPWR,li1,31.0500,100.6400,1.799876
clkbuf_leaf_2_clk,VPWR,li1,56.8100,116.9600,1.799750
clkbuf_leaf_1_clk,VPWR,li1,65.5500,78.8800,1.799552
clkbuf_leaf_0_clk,VPWR,li1,32.4300,78.8800,1.799770
fanout1135,VPWR,li1,316.4800,176.8000,1.799319
wire1134,VPWR,li1,300.3800,258.4000,1.799389
fanout1133,VPWR,li1,311.8800,263.8400,1.799279
load_slew1132,VPWR,li1,300.8400,274.7200,1.798461
fanout1131,VPWR,li1,316.0200,263.8400,1.799278
load_slew1130,VPWR,li1,290.7200,252.9600,1.799366
fanout1129,VPWR,li1,310.5000,258.4000,1.799382
wire1127,VPWR,li1,208.3800,296.4800,1.799707
fanout1126,VPWR,li1,222.1800,285.6000,1.799509
load_slew1125,VPWR,li1,217.1200,258.4000,1.799587
fanout1124,VPWR,li1,232.7600,258.4000,1.799521
fanout1123,VPWR,li1,317.4000,165.9200,1.799502
load_slew1122,VPWR,li1,279.6800,225.7600,1.798577
fanout1121,VPWR,li1,319.7000,225.7600,1.798429
load_slew1120,VPWR,li1,287.9600,182.2400,1.798688
fanout1119,VPWR,li1,314.6400,182.2400,1.798657
load_slew1118,VPWR,li1,230.0000,176.8000,1.799505
fanout1117,VPWR,li1,222.1800,176.8000,1.799548
load_slew1116,VPWR,li1,224.4800,209.4400,1.799216
fanout1115,VPWR,li1,243.8000,225.7600,1.798874
fanout1114,VPWR,li1,161.9200,258.4000,1.799858
load_slew1113,VPWR,li1,128.8000,301.9200,1.799773
fanout1112,VPWR,li1,157.3200,291.0400,1.799846
load_slew1111,VPWR,li1,139.8400,258.4000,1.799832
fanout1110,VPWR,li1,157.3200,258.4000,1.799850
load_slew1109,VPWR,li1,72.2200,280.1600,1.799664
fanout1108,VPWR,li1,81.8800,247.5200,1.799766
load_slew1107,VPWR,li1,64.8600,269.2800,1.799722
fanout1106,VPWR,li1,76.8200,263.8400,1.799700
load_slew1105,VPWR,li1,172.0400,176.8000,1.799845
fanout1104,VPWR,li1,170.6600,193.1200,1.799801
load_slew1103,VPWR,li1,138.0000,176.8000,1.799732
fanout1102,VPWR,li1,172.9600,176.8000,1.799845
wire1101,VPWR,li1,130.1800,242.0800,1.799692
fanout1100,VPWR,li1,161.4600,214.8800,1.799753
load_slew1099,VPWR,li1,88.3200,187.6800,1.799690
load_slew1097,VPWR,li1,51.9800,182.2400,1.799554
fanout1096,VPWR,li1,84.6400,182.2400,1.799417
load_slew1095,VPWR,li1,313.2600,111.5200,1.798857
fanout1094,VPWR,li1,313.2600,95.2000,1.799108
load_slew1093,VPWR,li1,313.2600,116.9600,1.798526
fanout1092,VPWR,li1,312.8000,106.0800,1.799091
load_slew1091,VPWR,li1,285.2000,122.4000,1.799031
fanout1090,VPWR,li1,316.0200,122.4000,1.798991
load_slew1089,VPWR,li1,226.3200,149.6000,1.798856
fanout1088,VPWR,li1,242.4200,138.7200,1.799530
load_slew1087,VPWR,li1,237.3600,116.9600,1.798848
fanout1086,VPWR,li1,242.4200,106.0800,1.799281
fanout1085,VPWR,li1,311.8800,40.8000,1.799148
load_slew1084,VPWR,li1,276.0000,40.8000,1.799240
fanout1083,VPWR,li1,304.0600,29.9200,1.799611
load_slew1082,VPWR,li1,287.5000,68.0000,1.798865
fanout1081,VPWR,li1,294.8600,51.6800,1.799742
fanout1080,VPWR,li1,240.1200,29.9200,1.799658
load_slew1079,VPWR,li1,228.1600,62.5600,1.799150
fanout1078,VPWR,li1,231.3800,62.5600,1.799101
load_slew1077,VPWR,li1,208.3800,35.3600,1.799690
fanout1076,VPWR,li1,224.0200,24.4800,1.799559
fanout1075,VPWR,li1,163.3000,24.4800,1.799855
fanout1074,VPWR,li1,165.6000,100.6400,1.799823
load_slew1073,VPWR,li1,117.3000,122.4000,1.799377
fanout1072,VPWR,li1,139.3800,133.2800,1.799646
load_slew1071,VPWR,li1,147.6600,106.0800,1.799637
fanout1070,VPWR,li1,149.9600,100.6400,1.799755
fanout1069,VPWR,li1,80.5000,111.5200,1.799609
load_slew1068,VPWR,li1,48.3000,155.0400,1.799629
fanout1067,VPWR,li1,85.5600,160.4800,1.799836
load_slew1066,VPWR,li1,39.1000,116.9600,1.799844
fanout1065,VPWR,li1,84.1800,127.8400,1.799797
fanout1064,VPWR,li1,163.3000,19.0400,1.799739
load_slew1063,VPWR,li1,144.4400,57.1200,1.799734
fanout1062,VPWR,li1,149.9600,62.5600,1.799597
wire1061,VPWR,li1,129.2600,24.4800,1.799775
fanout1060,VPWR,li1,140.7600,24.4800,1.799797
load_slew1059,VPWR,li1,63.4800,35.3600,1.799759
fanout1058,VPWR,li1,80.5000,29.9200,1.799803
load_slew1057,VPWR,li1,59.3400,62.5600,1.799532
load_slew1055,VPWR,li1,137.5400,291.0400,1.799777
fanout1054,VPWR,li1,33.8100,285.6000,1.799924
load_slew1053,VPWR,li1,192.7400,318.2400,1.799663
fanout1052,VPWR,li1,195.5000,323.6800,1.799794
load_slew1051,VPWR,li1,195.0400,296.4800,1.799764
fanout1050,VPWR,li1,186.7600,301.9200,1.799666
load_slew1049,VPWR,li1,230.0000,225.7600,1.799032
fanout1048,VPWR,li1,200.5600,236.6400,1.799600
load_slew1047,VPWR,li1,201.7100,204.0000,1.799522
fanout1046,VPWR,li1,204.4700,231.2000,1.799622
load_slew1045,VPWR,li1,32.2000,285.6000,1.799932
fanout1044,VPWR,li1,28.9800,296.4800,1.799896
wire1043,VPWR,li1,106.2600,307.3600,1.799806
fanout1042,VPWR,li1,99.8200,312.8000,1.799862
fanout1041,VPWR,li1,144.9000,225.7600,1.799677
load_slew1040,VPWR,li1,28.9800,231.2000,1.799842
fanout1039,VPWR,li1,29.4400,231.2000,1.799842
wire1038,VPWR,li1,28.5200,138.7200,1.799933
fanout1037,VPWR,li1,25.7600,165.9200,1.799930
load_slew1036,VPWR,li1,252.0800,171.3600,1.799211
fanout1035,VPWR,li1,246.1000,165.9200,1.799610
load_slew1034,VPWR,li1,184.4600,155.0400,1.799685
fanout1033,VPWR,li1,192.7400,160.4800,1.799847
load_slew1032,VPWR,li1,246.5600,68.0000,1.799109
fanout1031,VPWR,li1,243.3400,73.4400,1.799384
load_slew1030,VPWR,li1,184.0000,84.3200,1.799714
fanout1029,VPWR,li1,186.7600,78.8800,1.799832
load_slew1028,VPWR,li1,102.5800,160.4800,1.799819
fanout1027,VPWR,li1,17.9400,171.3600,1.799930
load_slew1026,VPWR,li1,28.0600,149.6000,1.799879
fanout1025,VPWR,li1,8.7400,155.0400,1.799846
wire1024,VPWR,li1,111.7800,68.0000,1.799629
fanout1023,VPWR,li1,92.0000,84.3200,1.799702
load_slew1022,VPWR,li1,33.1200,68.0000,1.799856
fanout1021,VPWR,li1,19.7800,73.4400,1.799952
load_slew1020,VPWR,li1,156.8600,280.1600,1.799816
fanout1018,VPWR,li1,161.0000,263.8400,1.799703
load_slew1017,VPWR,li1,230.0000,263.8400,1.799430
fanout1016,VPWR,li1,217.5800,263.8400,1.799479
fanout1015,VPWR,li1,52.4400,285.6000,1.799884
load_slew1014,VPWR,li1,42.7800,236.6400,1.799829
fanout1013,VPWR,li1,35.8800,242.0800,1.799879
wire1012,VPWR,li1,114.5400,122.4000,1.799369
fanout1011,VPWR,li1,41.8600,165.9200,1.799881
load_slew1010,VPWR,li1,52.9000,127.8400,1.799838
fanout1009,VPWR,li1,41.8600,127.8400,1.799873
fanout1008,VPWR,li1,303.1400,122.4000,1.799004
fanout1007,VPWR,li1,173.4200,155.0400,1.799768
fanout1006,VPWR,li1,300.3800,133.2800,1.799304
fanout1005,VPWR,li1,166.5200,138.7200,1.799859
wire1003,VPWR,li1,178.9400,176.8000,1.799844
fanout1002,VPWR,li1,166.5200,182.2400,1.799631
fanout1001,VPWR,li1,161.9200,182.2400,1.799585
load_slew1000,VPWR,li1,182.1600,182.2400,1.799607
fanout999,VPWR,li1,179.4000,187.6800,1.799760
fanout998,VPWR,li1,165.6000,193.1200,1.799776
load_slew997,VPWR,li1,154.1000,193.1200,1.799726
fanout996,VPWR,li1,152.2600,187.6800,1.799737
load_slew995,VPWR,li1,61.6400,182.2400,1.799493
fanout994,VPWR,li1,52.9000,160.4800,1.799900
fanout993,VPWR,li1,146.2800,24.4800,1.799810
load_slew992,VPWR,li1,77.7400,40.8000,1.799755
fanout991,VPWR,li1,40.0200,29.9200,1.799916
fanout990,VPWR,li1,128.8000,220.3200,1.799764
fanout989,VPWR,li1,55.2000,252.9600,1.799692
fanout988,VPWR,li1,36.8000,247.5200,1.799894
fanout987,VPWR,li1,316.9400,155.0400,1.799148
fanout986,VPWR,li1,316.9400,144.1600,1.799368
fanout985,VPWR,li1,319.2400,149.6000,1.798132
fanout984,VPWR,li1,238.2800,171.3600,1.799269
fanout983,VPWR,li1,80.5000,116.9600,1.799702
fanout982,VPWR,li1,58.8800,122.4000,1.799521
fanout981,VPWR,li1,34.5000,95.2000,1.799890
fanout980,VPWR,li1,12.8800,100.6400,1.799928
fanout979,VPWR,li1,81.8800,323.6800,1.799828
fanout978,VPWR,li1,75.4400,323.6800,1.799837
fanout977,VPWR,li1,74.5200,323.6800,1.799840
fanout976,VPWR,li1,130.1800,231.2000,1.799616
fanout975,VPWR,li1,175.2600,323.6800,1.799903
fanout974,VPWR,li1,171.1200,323.6800,1.799887
fanout973,VPWR,li1,183.0800,236.6400,1.799733
fanout972,VPWR,li1,162.3800,220.3200,1.799793
fanout971,VPWR,li1,273.7000,73.4400,1.799203
fanout970,VPWR,li1,227.2400,100.6400,1.799584
fanout969,VPWR,li1,252.5400,35.3600,1.799563
fanout968,VPWR,li1,227.2400,29.9200,1.799691
fanout967,VPWR,li1,316.9400,225.7600,1.798429
fanout966,VPWR,li1,316.9400,198.5600,1.799370
fanout965,VPWR,li1,243.8000,209.4400,1.799013
fanout964,VPWR,li1,230.0000,209.4400,1.799142
fanout963,VPWR,li1,141.6800,138.7200,1.799801
fanout962,VPWR,li1,170.2000,149.6000,1.799713
fanout961,VPWR,li1,141.6800,144.1600,1.799796
fanout960,VPWR,li1,145.3600,144.1600,1.799802
fanout959,VPWR,li1,9.2000,73.4400,1.799949
fanout958,VPWR,li1,38.1800,68.0000,1.799829
fanout957,VPWR,li1,55.2000,35.3600,1.799778
fanout956,VPWR,li1,316.9400,274.7200,1.798456
fanout955,VPWR,li1,316.9400,263.8400,1.799278
fanout954,VPWR,li1,252.5400,274.7200,1.798646
fanout953,VPWR,li1,220.3400,274.7200,1.798996
fanout952,VPWR,li1,103.0400,198.5600,1.799730
fanout951,VPWR,li1,80.9600,165.9200,1.799822
fanout950,VPWR,li1,59.3400,182.2400,1.799507
fanout949,VPWR,li1,8.7400,193.1200,1.799916
fanout948,VPWR,li1,57.5000,100.6400,1.799791
fanout947,VPWR,li1,61.1800,100.6400,1.799777
fanout946,VPWR,li1,13.8000,84.3200,1.799947
fanout945,VPWR,li1,12.8800,51.6800,1.799956
fanout944,VPWR,li1,252.0800,301.9200,1.799033
fanout943,VPWR,li1,253.9200,285.6000,1.799397
fanout942,VPWR,li1,274.1600,242.0800,1.799555
fanout941,VPWR,li1,261.2800,214.8800,1.799393
fanout940,VPWR,li1,278.7600,78.8800,1.799549
fanout939,VPWR,li1,230.4600,116.9600,1.798915
fanout938,VPWR,li1,281.0600,51.6800,1.799744
fanout937,VPWR,li1,248.4000,19.0400,1.799348
fanout936,VPWR,li1,93.3800,160.4800,1.799828
fanout935,VPWR,li1,59.3400,149.6000,1.799740
fanout934,VPWR,li1,38.1800,149.6000,1.799820
fanout933,VPWR,li1,8.7400,160.4800,1.799962
fanout932,VPWR,li1,104.8800,323.6800,1.799809
fanout931,VPWR,li1,93.8400,323.6800,1.799816
fanout930,VPWR,li1,110.8600,280.1600,1.799679
fanout929,VPWR,li1,115.0000,252.9600,1.799670
fanout928,VPWR,li1,87.4000,209.4400,1.799792
fanout927,VPWR,li1,12.8800,231.2000,1.799894
fanout926,VPWR,li1,9.2000,231.2000,1.799894
fanout925,VPWR,li1,201.0200,323.6800,1.799769
fanout924,VPWR,li1,201.0200,307.3600,1.799823
fanout923,VPWR,li1,201.0200,269.2800,1.799455
fanout922,VPWR,li1,200.5600,252.9600,1.799711
fanout921,VPWR,li1,233.2200,73.4400,1.799439
fanout920,VPWR,li1,283.3600,89.7600,1.799576
fanout919,VPWR,li1,285.6600,62.5600,1.798774
fanout918,VPWR,li1,232.7600,78.8800,1.799664
fanout917,VPWR,li1,226.7800,73.4400,1.799483
fanout916,VPWR,li1,115.9200,24.4800,1.799754
fanout915,VPWR,li1,113.1600,73.4400,1.799830
fanout914,VPWR,li1,118.6800,68.0000,1.799648
fanout913,VPWR,li1,115.9200,13.6000,1.799724
fanout912,VPWR,li1,20.7000,280.1600,1.799919
fanout911,VPWR,li1,61.6400,263.8400,1.799753
fanout910,VPWR,li1,11.9600,269.2800,1.799928
fanout909,VPWR,li1,16.5600,269.2800,1.799929
fanout908,VPWR,li1,166.0600,95.2000,1.799837
fanout907,VPWR,li1,141.6800,84.3200,1.799673
fanout906,VPWR,li1,129.7200,29.9200,1.799746
fanout905,VPWR,li1,119.6000,13.6000,1.799725
fanout904,VPWR,li1,197.3400,13.6000,1.799775
fanout903,VPWR,li1,183.0800,62.5600,1.799688
fanout902,VPWR,li1,193.6600,51.6800,1.799855
fanout901,VPWR,li1,201.0200,13.6000,1.799757
fanout900,VPWR,li1,149.5000,307.3600,1.799855
fanout899,VPWR,li1,138.9200,318.2400,1.799547
fanout898,VPWR,li1,137.0800,307.3600,1.799836
fanout897,VPWR,li1,145.3600,252.9600,1.799748
fanout896,VPWR,li1,312.8000,193.1200,1.799172
fanout895,VPWR,li1,309.1200,193.1200,1.799173
fanout894,VPWR,li1,271.8600,165.9200,1.799554
fanout893,VPWR,li1,234.6000,187.6800,1.799128
fanout892,VPWR,li1,214.8200,73.4400,1.799556
fanout891,VPWR,li1,213.9000,68.0000,1.799410
fanout890,VPWR,li1,204.7000,51.6800,1.799823
fanout889,VPWR,li1,230.4600,13.6000,1.799647
fanout888,VPWR,li1,99.8200,89.7600,1.799885
fanout887,VPWR,li1,62.5600,62.5600,1.799491
fanout886,VPWR,li1,98.4400,19.0400,1.799605
fanout885,VPWR,li1,59.3400,24.4800,1.799781
fanout884,VPWR,li1,319.7000,100.6400,1.799298
fanout883,VPWR,li1,319.2400,122.4000,1.798991
fanout882,VPWR,li1,260.8200,127.8400,1.799648
fanout881,VPWR,li1,239.6600,122.4000,1.799159
fanout880,VPWR,li1,280.1400,138.7200,1.799419
fanout879,VPWR,li1,278.3000,111.5200,1.798994
fanout878,VPWR,li1,210.6800,127.8400,1.799787
fanout877,VPWR,li1,214.8200,133.2800,1.799577
fanout876,VPWR,li1,310.5000,291.0400,1.799700
fanout875,VPWR,li1,316.9400,280.1600,1.799454
fanout874,VPWR,li1,221.7200,307.3600,1.799769
fanout873,VPWR,li1,217.1200,285.6000,1.799545
fanout872,VPWR,li1,121.4400,165.9200,1.799814
fanout871,VPWR,li1,125.1200,144.1600,1.799776
fanout870,VPWR,li1,14.2600,133.2800,1.799917
fanout869,VPWR,li1,13.8000,122.4000,1.799855
fanout868,VPWR,li1,278.3000,296.4800,1.799519
fanout867,VPWR,li1,259.9000,323.6800,1.799618
fanout866,VPWR,li1,273.7000,258.4000,1.799421
fanout865,VPWR,li1,252.5400,263.8400,1.799360
load_slew864,VPWR,li1,283.8200,258.4000,1.799409
fanout863,VPWR,li1,317.1700,171.3600,1.799054
fanout862,VPWR,li1,294.8600,285.6000,1.799274
load_slew861,VPWR,li1,304.9800,280.1600,1.799462
fanout860,VPWR,li1,316.9400,269.2800,1.798551
load_slew859,VPWR,li1,286.5800,258.4000,1.799403
fanout858,VPWR,li1,307.2800,258.4000,1.799384
load_slew857,VPWR,li1,230.4600,258.4000,1.799534
fanout856,VPWR,li1,235.0600,252.9600,1.799529
load_slew855,VPWR,li1,210.2200,296.4800,1.799693
fanout854,VPWR,li1,223.1000,301.9200,1.799288
load_slew853,VPWR,li1,216.2000,263.8400,1.799479
fanout852,VPWR,li1,214.3600,252.9600,1.799630
fanout851,VPWR,li1,316.9400,182.2400,1.798656
fanout850,VPWR,li1,311.8800,176.8000,1.799323
load_slew849,VPWR,li1,287.5000,220.3200,1.799049
fanout848,VPWR,li1,317.4000,225.7600,1.798429
load_slew847,VPWR,li1,290.2600,182.2400,1.798683
fanout846,VPWR,li1,320.1600,160.4800,1.799619
load_slew845,VPWR,li1,239.2000,171.3600,1.799258
fanout844,VPWR,li1,231.8400,155.0400,1.799349
load_slew843,VPWR,li1,220.8000,209.4400,1.799237
fanout842,VPWR,li1,242.8800,209.4400,1.799013
fanout841,VPWR,li1,144.9000,258.4000,1.799836
load_slew840,VPWR,li1,131.1000,301.9200,1.799774
fanout839,VPWR,li1,151.8000,291.0400,1.799826
load_slew838,VPWR,li1,142.6000,258.4000,1.799834
fanout837,VPWR,li1,165.8300,252.9600,1.799829
load_slew836,VPWR,li1,69.0000,285.6000,1.799862
fanout835,VPWR,li1,87.4000,247.5200,1.799753
load_slew834,VPWR,li1,64.4000,269.2800,1.799722
fanout833,VPWR,li1,89.7000,252.9600,1.799642
load_slew832,VPWR,li1,155.0200,176.8000,1.799769
fanout831,VPWR,li1,158.2400,176.8000,1.799784
load_slew830,VPWR,li1,132.9400,242.0800,1.799706
fanout829,VPWR,li1,154.5600,220.3200,1.799778
load_slew828,VPWR,li1,148.5800,187.6800,1.799722
fanout827,VPWR,li1,162.8400,182.2400,1.799609
load_slew826,VPWR,li1,77.2800,204.0000,1.799782
load_slew824,VPWR,li1,55.2000,176.8000,1.799844
fanout823,VPWR,li1,88.3200,165.9200,1.799818
fanout822,VPWR,li1,308.8900,46.2400,1.799335
load_slew821,VPWR,li1,311.4200,46.2400,1.799334
fanout820,VPWR,li1,312.8000,46.2400,1.799334
fanout819,VPWR,li1,316.4800,100.6400,1.799298
load_slew818,VPWR,li1,287.5000,138.7200,1.799405
fanout817,VPWR,li1,314.6400,138.7200,1.799363
load_slew816,VPWR,li1,296.2400,122.4000,1.799013
fanout815,VPWR,li1,313.7200,122.4000,1.798993
load_slew814,VPWR,li1,230.0000,116.9600,1.798915
fanout813,VPWR,li1,242.4200,111.5200,1.799216
load_slew812,VPWR,li1,228.1600,144.1600,1.799545
fanout811,VPWR,li1,243.3400,149.6000,1.798644
fanout810,VPWR,li1,312.8000,40.8000,1.799148
load_slew809,VPWR,li1,289.8000,89.7600,1.799574
fanout808,VPWR,li1,307.2800,84.3200,1.799116
load_slew807,VPWR,li1,274.6200,46.2400,1.799375
fanout806,VPWR,li1,308.2000,46.2400,1.799335
fanout805,VPWR,li1,235.9800,35.3600,1.799601
load_slew804,VPWR,li1,217.5800,62.5600,1.799254
fanout803,VPWR,li1,227.2400,68.0000,1.799283
load_slew802,VPWR,li1,223.1000,24.4800,1.799559
fanout801,VPWR,li1,215.2800,24.4800,1.799619
fanout800,VPWR,li1,151.8000,106.0800,1.799659
load_slew799,VPWR,li1,116.3800,165.9200,1.799810
fanout798,VPWR,li1,167.9000,160.4800,1.799895
load_slew797,VPWR,li1,124.6600,89.7600,1.799877
fanout796,VPWR,li1,140.7600,106.0800,1.799608
fanout795,VPWR,li1,85.5600,111.5200,1.799598
load_slew794,VPWR,li1,51.5200,144.1600,1.799862
fanout793,VPWR,li1,58.4200,138.7200,1.799849
load_slew792,VPWR,li1,48.7600,111.5200,1.799734
fanout791,VPWR,li1,51.0600,95.2000,1.799829
fanout790,VPWR,li1,158.7000,29.9200,1.799831
load_slew789,VPWR,li1,143.0600,68.0000,1.799717
fanout788,VPWR,li1,155.0200,68.0000,1.799755
load_slew787,VPWR,li1,145.8200,24.4800,1.799810
fanout786,VPWR,li1,164.2200,24.4800,1.799855
fanout785,VPWR,li1,89.7000,24.4800,1.799736
load_slew784,VPWR,li1,71.7600,78.8800,1.799537
fanout783,VPWR,li1,80.9600,89.7600,1.799901
load_slew782,VPWR,li1,81.4200,29.9200,1.799803
fanout781,VPWR,li1,86.4800,24.4800,1.799737
fanout780,VPWR,li1,162.1500,323.6800,1.799860
fanout779,VPWR,li1,235.5200,312.8000,1.799724
load_slew778,VPWR,li1,167.4400,312.8000,1.799905
fanout777,VPWR,li1,155.9400,312.8000,1.799886
load_slew776,VPWR,li1,163.5300,231.2000,1.799765
load_slew774,VPWR,li1,262.2000,242.0800,1.799566
fanout773,VPWR,li1,265.4200,242.0800,1.799563
wire772,VPWR,li1,33.5800,291.0400,1.799878
fanout771,VPWR,li1,22.5400,296.4800,1.799936
fanout770,VPWR,li1,119.6000,318.2400,1.799487
load_slew769,VPWR,li1,33.1200,296.4800,1.799872
fanout768,VPWR,li1,19.7800,291.0400,1.799935
load_slew767,VPWR,li1,29.4400,247.5200,1.799921
fanout766,VPWR,li1,24.3800,242.0800,1.799938
fanout765,VPWR,li1,17.4800,176.8000,1.799944
fanout764,VPWR,li1,241.9600,171.3600,1.799249
load_slew763,VPWR,li1,200.5600,138.7200,1.799723
fanout762,VPWR,li1,188.1400,160.4800,1.799866
fanout761,VPWR,li1,243.3400,62.5600,1.798985
wire760,VPWR,li1,184.4600,78.8800,1.799841
fanout759,VPWR,li1,191.8200,84.3200,1.799613
load_slew758,VPWR,li1,100.7400,160.4800,1.799821
fanout757,VPWR,li1,97.9800,160.4800,1.799823
load_slew756,VPWR,li1,28.9800,155.0400,1.799793
fanout755,VPWR,li1,16.5600,171.3600,1.799930
fanout754,VPWR,li1,90.1600,40.8000,1.799743
load_slew753,VPWR,li1,33.1200,84.3200,1.799895
fanout752,VPWR,li1,34.0400,78.8800,1.799770
fanout751,VPWR,li1,174.1100,280.1600,1.799894
load_slew750,VPWR,li1,157.0900,187.6800,1.799749
fanout749,VPWR,li1,156.1700,187.6800,1.799749
load_slew748,VPWR,li1,84.1800,252.9600,1.799641
fanout747,VPWR,li1,74.9800,307.3600,1.799810
fanout746,VPWR,li1,28.5200,171.3600,1.799896
load_slew745,VPWR,li1,210.2200,122.4000,1.799358
fanout744,VPWR,li1,217.5800,176.8000,1.799575
load_slew743,VPWR,li1,28.0600,116.9600,1.799914
fanout742,VPWR,li1,29.4400,111.5200,1.799861
load_slew741,VPWR,li1,155.4800,182.2400,1.799537
fanout740,VPWR,li1,154.1000,171.3600,1.799620
load_slew739,VPWR,li1,222.6400,193.1200,1.799365
fanout738,VPWR,li1,220.8000,204.0000,1.799336
load_slew737,VPWR,li1,187.6800,258.4000,1.799794
load_slew735,VPWR,li1,120.5200,263.8400,1.799600
fanout734,VPWR,li1,119.6000,258.4000,1.799822
load_slew733,VPWR,li1,152.2600,182.2400,1.799513
fanout732,VPWR,li1,154.5600,160.4800,1.799858
load_slew731,VPWR,li1,136.6200,160.4800,1.799822
fanout730,VPWR,li1,154.1000,160.4800,1.799858
load_slew729,VPWR,li1,206.0800,116.9600,1.799272
fanout728,VPWR,li1,186.7600,106.0800,1.799695
load_slew727,VPWR,li1,206.5400,84.3200,1.799492
fanout726,VPWR,li1,208.8400,84.3200,1.799457
wire725,VPWR,li1,122.3600,133.2800,1.799577
fanout724,VPWR,li1,158.2400,149.6000,1.799656
load_slew723,VPWR,li1,135.7000,89.7600,1.799880
fanout722,VPWR,li1,132.4800,89.7600,1.799879
load_slew720,VPWR,li1,173.8800,182.2400,1.799701
fanout719,VPWR,li1,175.7200,171.3600,1.799726
load_slew718,VPWR,li1,197.3400,252.9600,1.799732
fanout717,VPWR,li1,190.9000,252.9600,1.799777
wire716,VPWR,li1,218.9600,171.3600,1.799362
fanout715,VPWR,li1,174.3400,165.9200,1.799911
fanout714,VPWR,li1,167.4400,231.2000,1.799785
fanout713,VPWR,li1,126.5000,258.4000,1.799825
load_slew712,VPWR,li1,171.1200,296.4800,1.799825
fanout711,VPWR,li1,167.9000,296.4800,1.799804
load_slew710,VPWR,li1,213.9000,127.8400,1.799771
fanout709,VPWR,li1,193.2000,165.9200,1.799817
fanout708,VPWR,li1,257.6000,73.4400,1.799295
load_slew707,VPWR,li1,189.9800,89.7600,1.799822
fanout706,VPWR,li1,190.4400,78.8800,1.799816
load_slew705,VPWR,li1,161.9200,133.2800,1.799750
fanout704,VPWR,li1,158.2400,144.1600,1.799830
fanout703,VPWR,li1,155.4800,73.4400,1.799852
load_slew702,VPWR,li1,106.7200,106.0800,1.799578
fanout701,VPWR,li1,103.9600,89.7600,1.799882
fanout700,VPWR,li1,175.7200,160.4800,1.799920
fanout699,VPWR,li1,256.6800,187.6800,1.798931
load_slew698,VPWR,li1,125.5800,269.2800,1.799659
fanout697,VPWR,li1,114.0800,204.0000,1.799721
fanout696,VPWR,li1,176.1800,149.6000,1.799746
load_slew695,VPWR,li1,229.5400,155.0400,1.799360
fanout694,VPWR,li1,222.1800,165.9200,1.799691
wire693,VPWR,li1,131.5600,122.4000,1.799426
fanout692,VPWR,li1,119.6000,155.0400,1.799410
load_slew691,VPWR,li1,166.0600,193.1200,1.799776
fanout690,VPWR,li1,163.3000,193.1200,1.799766
load_slew689,VPWR,li1,210.2200,187.6800,1.799392
load_slew687,VPWR,li1,204.2400,252.9600,1.799695
fanout686,VPWR,li1,193.2000,258.4000,1.799734
wire685,VPWR,li1,141.2200,252.9600,1.799735
fanout684,VPWR,li1,162.3800,187.6800,1.799766
load_slew683,VPWR,li1,168.8200,193.1200,1.799789
fanout682,VPWR,li1,161.6900,193.1200,1.799753
fanout681,VPWR,li1,159.1600,149.6000,1.799656
load_slew680,VPWR,li1,248.8600,78.8800,1.799614
fanout679,VPWR,li1,184.4600,100.6400,1.799806
load_slew678,VPWR,li1,210.2200,73.4400,1.799586
wire676,VPWR,li1,103.0400,155.0400,1.799379
fanout675,VPWR,li1,151.8000,149.6000,1.799637
load_slew674,VPWR,li1,129.2600,84.3200,1.799668
max_cap672,VPWR,li1,78.2000,35.3600,1.799729
fanout671,VPWR,li1,264.9600,187.6800,1.798848
load_slew670,VPWR,li1,42.7800,236.6400,1.799829
fanout669,VPWR,li1,72.2200,182.2400,1.799441
fanout668,VPWR,li1,244.7200,35.3600,1.799579
load_slew667,VPWR,li1,60.0300,57.1200,1.799788
fanout666,VPWR,li1,55.2000,51.6800,1.799843
fanout665,VPWR,li1,248.4000,187.6800,1.798994
load_slew664,VPWR,li1,148.1200,198.5600,1.799786
fanout663,VPWR,li1,144.9000,198.5600,1.799780
fanout662,VPWR,li1,210.6800,171.3600,1.799416
load_slew661,VPWR,li1,215.2800,155.0400,1.799428
fanout660,VPWR,li1,212.9800,182.2400,1.799173
wire659,VPWR,li1,132.0200,106.0800,1.799588
fanout658,VPWR,li1,124.2000,155.0400,1.799427
load_slew657,VPWR,li1,188.6000,214.8800,1.799769
fanout656,VPWR,li1,166.5200,209.4400,1.799775
load_slew655,VPWR,li1,227.7000,182.2400,1.799019
fanout654,VPWR,li1,220.8000,193.1200,1.799390
load_slew653,VPWR,li1,196.4200,258.4000,1.799719
fanout652,VPWR,li1,200.1000,258.4000,1.799679
wire651,VPWR,li1,178.4800,312.8000,1.799909
fanout650,VPWR,li1,166.9800,312.8000,1.799905
load_slew649,VPWR,li1,164.2200,204.0000,1.799772
fanout648,VPWR,li1,171.1200,214.8800,1.799823
wire647,VPWR,li1,175.4900,138.7200,1.799887
fanout646,VPWR,li1,150.4200,160.4800,1.799849
load_slew645,VPWR,li1,215.2800,111.5200,1.799443
fanout644,VPWR,li1,184.9200,106.0800,1.799716
wire643,VPWR,li1,221.2600,73.4400,1.799514
fanout642,VPWR,li1,218.0400,89.7600,1.799699
wire641,VPWR,li1,132.9400,155.0400,1.799455
fanout640,VPWR,li1,150.8800,160.4800,1.799849
load_slew639,VPWR,li1,136.6200,95.2000,1.799786
fanout638,VPWR,li1,148.5800,95.2000,1.799802
fanout637,VPWR,li1,132.4800,57.1200,1.799721
fanout636,VPWR,li1,191.3600,258.4000,1.799751
fanout635,VPWR,li1,183.5400,51.6800,1.799889
fanout634,VPWR,li1,134.7800,57.1200,1.799722
load_slew633,VPWR,li1,204.2400,182.2400,1.799264
fanout632,VPWR,li1,192.7400,176.8000,1.799730
fanout631,VPWR,li1,257.1400,187.6800,1.798912
wire630,VPWR,li1,86.9400,187.6800,1.799690
fanout629,VPWR,li1,198.7200,182.2400,1.799333
wire628,VPWR,li1,53.8200,100.6400,1.799796
fanout627,VPWR,li1,73.6000,165.9200,1.799829
fanout625,VPWR,li1,167.4400,204.0000,1.799784
load_slew624,VPWR,li1,228.1600,160.4800,1.799727
fanout623,VPWR,li1,226.7800,149.6000,1.798856
load_slew622,VPWR,li1,115.4600,187.6800,1.799676
fanout621,VPWR,li1,119.6000,193.1200,1.799627
load_slew620,VPWR,li1,123.2800,182.2400,1.799373
fanout619,VPWR,li1,114.0800,182.2400,1.799367
load_slew618,VPWR,li1,202.1700,182.2400,1.799304
load_slew616,VPWR,li1,260.3600,187.6800,1.798885
fanout615,VPWR,li1,196.8800,176.8000,1.799702
load_slew614,VPWR,li1,235.5200,193.1200,1.799307
fanout613,VPWR,li1,204.2400,187.6800,1.799451
fanout612,VPWR,li1,142.6000,247.5200,1.799767
load_slew611,VPWR,li1,162.3800,280.1600,1.799838
fanout610,VPWR,li1,169.2800,285.6000,1.799881
load_slew609,VPWR,li1,252.0800,149.6000,1.798524
fanout608,VPWR,li1,252.5400,144.1600,1.799441
load_slew607,VPWR,li1,191.3600,78.8800,1.799816
fanout606,VPWR,li1,182.1600,62.5600,1.799688
load_slew605,VPWR,li1,166.0600,106.0800,1.799739
fanout604,VPWR,li1,170.6600,138.7200,1.799871
wire603,VPWR,li1,114.3100,95.2000,1.799774
fanout602,VPWR,li1,106.7200,95.2000,1.799772
fanout601,VPWR,li1,171.1200,220.3200,1.799813
fanout600,VPWR,li1,214.3600,149.6000,1.799048
fanout599,VPWR,li1,133.8600,193.1200,1.799657
fanout598,VPWR,li1,116.8400,193.1200,1.799624
load_slew596,VPWR,li1,197.3400,236.6400,1.799626
fanout595,VPWR,li1,188.1400,231.2000,1.799744
load_slew594,VPWR,li1,225.4000,231.2000,1.799491
fanout593,VPWR,li1,175.7200,236.6400,1.799829
fanout592,VPWR,li1,144.4400,231.2000,1.799664
wire591,VPWR,li1,160.5400,274.7200,1.799687
fanout590,VPWR,li1,170.2000,285.6000,1.799881
load_slew589,VPWR,li1,241.5000,144.1600,1.799487
fanout588,VPWR,li1,237.8200,138.7200,1.799550
load_slew587,VPWR,li1,191.3600,68.0000,1.799654
fanout586,VPWR,li1,188.1400,68.0000,1.799693
load_slew585,VPWR,li1,142.1400,127.8400,1.799833
fanout584,VPWR,li1,157.7800,138.7200,1.799832
wire583,VPWR,li1,107.1800,68.0000,1.799613
fanout582,VPWR,li1,115.9200,89.7600,1.799876
fanout580,VPWR,li1,166.5200,231.2000,1.799785
fanout579,VPWR,li1,132.9400,111.5200,1.799669
fanout577,VPWR,li1,186.5300,73.4400,1.799782
fanout576,VPWR,li1,73.6000,193.1200,1.799672
fanout575,VPWR,li1,153.1800,68.0000,1.799745
fanout573,VPWR,li1,170.2000,225.7600,1.799772
fanout572,VPWR,li1,158.9300,51.6800,1.799828
fanout571,VPWR,li1,190.9000,280.1600,1.799806
wire570,VPWR,li1,141.6800,296.4800,1.799666
fanout569,VPWR,li1,164.6800,242.0800,1.799829
fanout568,VPWR,li1,294.8600,165.9200,1.799523
load_slew567,VPWR,li1,132.9400,144.1600,1.799784
fanout566,VPWR,li1,153.4100,138.7200,1.799822
fanout565,VPWR,li1,77.2800,122.4000,1.799421
fanout564,VPWR,li1,210.2200,198.5600,1.799701
fanout563,VPWR,li1,183.0800,57.1200,1.799669
fanout562,VPWR,li1,85.1000,127.8400,1.799797
max_cap561,VPWR,li1,81.4200,57.1200,1.799743
fanout560,VPWR,li1,285.6600,182.2400,1.798695
wire559,VPWR,li1,292.5600,68.0000,1.798843
fanout558,VPWR,li1,186.7600,57.1200,1.799628
fanout557,VPWR,li1,49.6800,193.1200,1.799780
load_slew556,VPWR,li1,59.8000,51.6800,1.799828
fanout555,VPWR,li1,59.3400,51.6800,1.799828
fanout554,VPWR,li1,267.7200,182.2400,1.798740
wire553,VPWR,li1,170.6600,296.4800,1.799825
fanout552,VPWR,li1,224.9400,296.4800,1.799639
fanout551,VPWR,li1,168.3600,133.2800,1.799787
load_slew550,VPWR,li1,155.0200,35.3600,1.799803
fanout549,VPWR,li1,217.5800,57.1200,1.799206
wire548,VPWR,li1,125.5800,252.9600,1.799691
fanout547,VPWR,li1,55.2000,209.4400,1.799871
wire546,VPWR,li1,315.1000,187.6800,1.798562
fanout545,VPWR,li1,303.6000,209.4400,1.798795
load_slew544,VPWR,li1,58.8800,198.5600,1.799784
fanout543,VPWR,li1,59.8000,204.0000,1.799828
load_slew542,VPWR,li1,55.6600,144.1600,1.799847
fanout541,VPWR,li1,52.4400,149.6000,1.799758
wire540,VPWR,li1,143.9800,236.6400,1.799715
fanout539,VPWR,li1,92.4600,209.4400,1.799778
load_slew538,VPWR,li1,97.5200,204.0000,1.799736
fanout537,VPWR,li1,95.2200,214.8800,1.799495
fanout536,VPWR,li1,265.4200,149.6000,1.798399
load_slew535,VPWR,li1,104.4200,138.7200,1.799784
fanout534,VPWR,li1,99.8200,127.8400,1.799800
wire533,VPWR,li1,148.1200,231.2000,1.799675
fanout532,VPWR,li1,98.9000,220.3200,1.799792
load_slew531,VPWR,li1,111.7800,220.3200,1.799778
fanout530,VPWR,li1,103.0400,214.8800,1.799487
fanout529,VPWR,li1,280.6000,144.1600,1.799392
load_slew528,VPWR,li1,107.1800,138.7200,1.799784
fanout527,VPWR,li1,103.9600,127.8400,1.799800
wire526,VPWR,li1,149.9600,204.0000,1.799740
fanout525,VPWR,li1,131.1000,214.8800,1.799571
wire524,VPWR,li1,222.1800,231.2000,1.799503
fanout523,VPWR,li1,104.8800,220.3200,1.799785
load_slew522,VPWR,li1,122.8200,204.0000,1.799719
fanout521,VPWR,li1,124.2000,214.8800,1.799528
load_slew520,VPWR,li1,94.3000,111.5200,1.799585
fanout519,VPWR,li1,93.8400,127.8400,1.799798
wire518,VPWR,li1,149.5000,209.4400,1.799718
fanout517,VPWR,li1,117.3000,225.7600,1.799667
wire516,VPWR,li1,226.3200,231.2000,1.799477
fanout515,VPWR,li1,124.6600,209.4400,1.799715
load_slew514,VPWR,li1,127.8800,214.8800,1.799553
fanout513,VPWR,li1,128.1100,214.8800,1.799553
load_slew512,VPWR,li1,114.0800,116.9600,1.799675
fanout511,VPWR,li1,93.8400,116.9600,1.799684
load_slew510,VPWR,li1,113.1600,138.7200,1.799786
fanout509,VPWR,li1,113.6200,225.7600,1.799671
wire508,VPWR,li1,187.6800,236.6400,1.799706
fanout507,VPWR,li1,111.3200,225.7600,1.799676
load_slew506,VPWR,li1,110.4000,225.7600,1.799676
fanout505,VPWR,li1,117.7600,214.8800,1.799501
load_slew504,VPWR,li1,110.4000,122.4000,1.799359
fanout503,VPWR,li1,107.1800,127.8400,1.799801
load_slew502,VPWR,li1,111.3200,133.2800,1.799548
fanout501,VPWR,li1,128.8000,225.7600,1.799648
wire500,VPWR,li1,188.6000,231.2000,1.799744
fanout499,VPWR,li1,115.9200,225.7600,1.799667
load_slew498,VPWR,li1,128.3400,247.5200,1.799743
fanout497,VPWR,li1,123.7400,225.7600,1.799654
load_slew496,VPWR,li1,107.1800,127.8400,1.799801
fanout495,VPWR,li1,110.8600,116.9600,1.799674
fanout494,VPWR,li1,144.9000,252.9600,1.799748
load_slew493,VPWR,li1,68.5400,204.0000,1.799809
fanout492,VPWR,li1,64.8600,204.0000,1.799814
load_slew491,VPWR,li1,139.8400,144.1600,1.799793
fanout490,VPWR,li1,137.5400,149.6000,1.799630
wire489,VPWR,li1,65.7800,138.7200,1.799836
fanout488,VPWR,li1,80.9600,176.8000,1.799770
fanout487,VPWR,li1,149.5000,258.4000,1.799841
load_slew486,VPWR,li1,65.7800,204.0000,1.799814
fanout485,VPWR,li1,59.8000,198.5600,1.799784
load_slew484,VPWR,li1,152.2600,165.9200,1.799863
fanout483,VPWR,li1,133.8600,149.6000,1.799629
wire482,VPWR,li1,62.1000,144.1600,1.799834
fanout481,VPWR,li1,77.2800,176.8000,1.799775
fanout480,VPWR,li1,166.0600,252.9600,1.799829
wire479,VPWR,li1,68.5400,236.6400,1.799744
fanout478,VPWR,li1,67.6200,247.5200,1.799806
load_slew477,VPWR,li1,148.5800,149.6000,1.799635
fanout476,VPWR,li1,146.2800,144.1600,1.799802
wire475,VPWR,li1,68.5400,144.1600,1.799817
fanout474,VPWR,li1,80.9600,171.3600,1.799673
max_cap473,VPWR,li1,71.3000,220.3200,1.799832
fanout472,VPWR,li1,162.3800,252.9600,1.799820
load_slew471,VPWR,li1,69.9200,231.2000,1.799618
fanout470,VPWR,li1,67.1600,242.0800,1.799748
fanout469,VPWR,li1,149.5000,111.5200,1.799732
load_slew468,VPWR,li1,93.3800,165.9200,1.799815
fanout467,VPWR,li1,93.3800,171.3600,1.799643
fanout466,VPWR,li1,201.0200,280.1600,1.799753
wire465,VPWR,li1,207.4600,89.7600,1.799743
fanout464,VPWR,li1,201.0200,182.2400,1.799304
fanout463,VPWR,li1,55.2000,209.4400,1.799871
wire462,VPWR,li1,55.6600,155.0400,1.799555
fanout461,VPWR,li1,47.3800,258.4000,1.799891
max_cap460,VPWR,li1,68.5400,220.3200,1.799835
wire459,VPWR,li1,224.9400,182.2400,1.799034
fanout458,VPWR,li1,175.2600,176.8000,1.799862
load_slew457,VPWR,li1,51.9800,225.7600,1.799843
fanout456,VPWR,li1,48.7600,225.7600,1.799852
fanout455,VPWR,li1,266.3400,165.9200,1.799563
load_slew454,VPWR,li1,53.8200,100.6400,1.799796
fanout453,VPWR,li1,49.6800,127.8400,1.799850
fanout452,VPWR,li1,204.2400,220.3200,1.799433
load_slew451,VPWR,li1,89.2400,236.6400,1.799693
fanout450,VPWR,li1,87.8600,231.2000,1.799556
load_slew449,VPWR,li1,159.1600,144.1600,1.799830
fanout448,VPWR,li1,170.2000,160.4800,1.799903
load_slew447,VPWR,li1,109.9400,176.8000,1.799727
fanout446,VPWR,li1,106.7200,176.8000,1.799729
fanout445,VPWR,li1,206.0800,214.8800,1.799660
load_slew444,VPWR,li1,89.2400,225.7600,1.799726
fanout443,VPWR,li1,85.1000,225.7600,1.799739
load_slew442,VPWR,li1,184.9200,144.1600,1.799812
fanout441,VPWR,li1,154.5600,155.0400,1.799611
load_slew440,VPWR,li1,113.1600,176.8000,1.799722
fanout439,VPWR,li1,106.2600,176.8000,1.799729
fanout438,VPWR,li1,185.3800,214.8800,1.799787
wire437,VPWR,li1,81.4200,204.0000,1.799776
fanout436,VPWR,li1,86.0200,204.0000,1.799761
fanout435,VPWR,li1,234.6000,171.3600,1.799281
load_slew434,VPWR,li1,84.6400,165.9200,1.799821
fanout433,VPWR,li1,84.6400,165.9200,1.799821
fanout432,VPWR,li1,178.4800,198.5600,1.799874
wire431,VPWR,li1,83.2600,209.4400,1.799800
fanout430,VPWR,li1,92.4600,198.5600,1.799731
fanout429,VPWR,li1,222.6400,176.8000,1.799548
load_slew428,VPWR,li1,96.1400,160.4800,1.799825
fanout427,VPWR,li1,89.7000,160.4800,1.799832
load_slew426,VPWR,li1,181.2400,193.1200,1.799763
fanout425,VPWR,li1,181.7000,187.6800,1.799731
load_slew424,VPWR,li1,189.5200,155.0400,1.799641
fanout423,VPWR,li1,188.1400,171.3600,1.799602
fanout422,VPWR,li1,11.5000,198.5600,1.799905
wire421,VPWR,li1,8.2800,155.0400,1.799846
fanout420,VPWR,li1,18.4000,242.0800,1.799948
load_slew419,VPWR,li1,184.4600,193.1200,1.799727
fanout418,VPWR,li1,182.1600,193.1200,1.799763
load_slew417,VPWR,li1,196.8800,182.2400,1.799357
fanout416,VPWR,li1,188.1400,160.4800,1.799866
fanout415,VPWR,li1,12.8800,214.8800,1.799883
wire414,VPWR,li1,20.2400,171.3600,1.799932
fanout413,VPWR,li1,16.5600,247.5200,1.799947
load_slew412,VPWR,li1,187.6800,198.5600,1.799826
fanout411,VPWR,li1,176.6400,193.1200,1.799828
load_slew410,VPWR,li1,174.8000,155.0400,1.799789
fanout409,VPWR,li1,191.8200,171.3600,1.799570
fanout408,VPWR,li1,17.0200,209.4400,1.799964
wire407,VPWR,li1,29.4400,165.9200,1.799918
fanout406,VPWR,li1,28.0600,242.0800,1.799915
load_slew405,VPWR,li1,184.0000,198.5600,1.799838
fanout404,VPWR,li1,183.0800,187.6800,1.799731
load_slew403,VPWR,li1,166.9800,155.0400,1.799703
fanout402,VPWR,li1,195.5000,171.3600,1.799538
fanout401,VPWR,li1,26.6800,204.0000,1.799934
wire400,VPWR,li1,29.4400,171.3600,1.799896
fanout399,VPWR,li1,30.3600,252.9600,1.799848
max_cap398,VPWR,li1,66.7000,225.7600,1.799795
fanout397,VPWR,li1,202.8600,296.4800,1.799724
load_slew396,VPWR,li1,277.8400,73.4400,1.799189
fanout395,VPWR,li1,177.5600,155.0400,1.799757
fanout394,VPWR,li1,38.6400,209.4400,1.799919
load_slew393,VPWR,li1,46.9200,160.4800,1.799912
fanout392,VPWR,li1,33.5800,258.4000,1.799928
load_slew391,VPWR,li1,28.5200,209.4400,1.799946
fanout390,VPWR,li1,10.5800,225.7600,1.799956
wire389,VPWR,li1,226.3200,187.6800,1.799211
fanout388,VPWR,li1,140.7600,176.8000,1.799738
fanout387,VPWR,li1,199.1800,138.7200,1.799736
wire386,VPWR,li1,35.4200,29.9200,1.799926
fanout385,VPWR,li1,12.8800,171.3600,1.799929
max_cap384,VPWR,li1,70.3800,220.3200,1.799832
fanout383,VPWR,li1,204.7000,296.4800,1.799716
load_slew382,VPWR,li1,281.0600,73.4400,1.799164
fanout381,VPWR,li1,188.1400,144.1600,1.799783
fanout380,VPWR,li1,36.8000,204.0000,1.799902
load_slew379,VPWR,li1,33.5800,155.0400,1.799752
fanout378,VPWR,li1,38.1800,258.4000,1.799917
max_cap377,VPWR,li1,85.1000,220.3200,1.799811
wire376,VPWR,li1,161.9200,176.8000,1.799792
fanout375,VPWR,li1,137.5400,171.3600,1.799603
wire374,VPWR,li1,17.0200,258.4000,1.799968
fanout373,VPWR,li1,8.7400,236.6400,1.799929
fanout372,VPWR,li1,208.3800,160.4800,1.799788
wire371,VPWR,li1,36.3400,24.4800,1.799881
fanout370,VPWR,li1,13.8000,171.3600,1.799929
load_slew369,VPWR,li1,27.1400,225.7600,1.799939
fanout368,VPWR,li1,22.0800,225.7600,1.799958
wire367,VPWR,li1,231.3800,187.6800,1.799164
fanout366,VPWR,li1,149.5000,176.8000,1.799758
fanout365,VPWR,li1,204.7000,160.4800,1.799801
load_slew364,VPWR,li1,24.8400,100.6400,1.799914
fanout363,VPWR,li1,24.3800,171.3600,1.799920
load_slew362,VPWR,li1,28.5200,220.3200,1.799931
fanout361,VPWR,li1,28.0600,214.8800,1.799823
wire360,VPWR,li1,223.1000,198.5600,1.799634
fanout359,VPWR,li1,149.5000,165.9200,1.799860
fanout358,VPWR,li1,208.3800,144.1600,1.799651
load_slew357,VPWR,li1,29.4400,95.2000,1.799912
fanout356,VPWR,li1,25.3000,160.4800,1.799959
wire355,VPWR,li1,176.1800,176.8000,1.799862
fanout354,VPWR,li1,153.6400,165.9200,1.799867
wire353,VPWR,li1,40.0200,263.8400,1.799824
fanout352,VPWR,li1,37.2600,225.7600,1.799893
fanout351,VPWR,li1,218.5000,149.6000,1.798981
load_slew350,VPWR,li1,40.0200,100.6400,1.799840
fanout349,VPWR,li1,40.0200,171.3600,1.799838
load_slew348,VPWR,li1,133.8600,225.7600,1.799652
fanout347,VPWR,li1,90.1600,220.3200,1.799804
load_slew346,VPWR,li1,97.9800,225.7600,1.799705
fanout345,VPWR,li1,93.8400,220.3200,1.799799
fanout344,VPWR,li1,260.8200,149.6000,1.798440
load_slew343,VPWR,li1,104.8800,144.1600,1.799781
fanout342,VPWR,li1,93.3800,138.7200,1.799792
load_slew341,VPWR,li1,129.2600,236.6400,1.799693
fanout340,VPWR,li1,91.5400,214.8800,1.799499
load_slew339,VPWR,li1,94.3000,225.7600,1.799710
fanout338,VPWR,li1,92.4600,214.8800,1.799499
fanout337,VPWR,li1,253.0000,149.6000,1.798524
load_slew336,VPWR,li1,97.5200,144.1600,1.799787
fanout335,VPWR,li1,93.8400,144.1600,1.799789
wire334,VPWR,li1,178.9400,182.2400,1.799642
fanout333,VPWR,li1,158.2400,182.2400,1.799566
wire332,VPWR,li1,34.9600,263.8400,1.799848
fanout331,VPWR,li1,40.9400,220.3200,1.799891
fanout330,VPWR,li1,222.1800,149.6000,1.798922
load_slew329,VPWR,li1,37.2600,100.6400,1.799850
fanout328,VPWR,li1,37.2600,171.3600,1.799857
wire327,VPWR,li1,187.6800,220.3200,1.799668
fanout326,VPWR,li1,191.8200,149.6000,1.799469
wire325,VPWR,li1,316.4800,182.2400,1.798656
fanout324,VPWR,li1,316.9400,198.5600,1.799370
fanout323,VPWR,li1,175.2600,285.6000,1.799888
wire322,VPWR,li1,173.4200,73.4400,1.799879
fanout321,VPWR,li1,182.6200,133.2800,1.799761
fanout320,VPWR,li1,257.6000,193.1200,1.799239
load_slew319,VPWR,li1,129.7200,187.6800,1.799688
fanout318,VPWR,li1,132.0200,209.4400,1.799710
fanout317,VPWR,li1,269.1000,138.7200,1.799447
load_slew316,VPWR,li1,132.9400,138.7200,1.799793
fanout315,VPWR,li1,150.8800,144.1600,1.799811
fanout314,VPWR,li1,259.4400,209.4400,1.798863
load_slew313,VPWR,li1,145.8200,204.0000,1.799731
fanout312,VPWR,li1,135.7000,209.4400,1.799708
fanout311,VPWR,li1,276.9200,144.1600,1.799395
load_slew310,VPWR,li1,125.5800,138.7200,1.799789
fanout309,VPWR,li1,151.3400,144.1600,1.799811
load_slew308,VPWR,li1,149.0400,193.1200,1.799702
fanout307,VPWR,li1,132.4800,193.1200,1.799657
wire306,VPWR,li1,245.1800,193.1200,1.799273
fanout305,VPWR,li1,143.9800,198.5600,1.799780
load_slew304,VPWR,li1,145.8200,193.1200,1.799691
fanout303,VPWR,li1,138.0000,193.1200,1.799673
load_slew302,VPWR,li1,163.5300,122.4000,1.799643
fanout301,VPWR,li1,154.1000,116.9600,1.799716
load_slew300,VPWR,li1,149.0400,198.5600,1.799793
fanout299,VPWR,li1,149.5000,193.1200,1.799709
wire298,VPWR,li1,242.4200,193.1200,1.799284
fanout297,VPWR,li1,145.8200,193.1200,1.799691
load_slew296,VPWR,li1,151.8000,193.1200,1.799718
fanout295,VPWR,li1,138.0000,193.1200,1.799673
load_slew294,VPWR,li1,167.6700,122.4000,1.799670
fanout293,VPWR,li1,158.2400,116.9600,1.799727
wire292,VPWR,li1,149.5000,182.2400,1.799491
fanout291,VPWR,li1,117.7600,204.0000,1.799720
wire290,VPWR,li1,189.0600,236.6400,1.799680
fanout289,VPWR,li1,113.1600,198.5600,1.799733
load_slew288,VPWR,li1,128.3400,187.6800,1.799688
fanout287,VPWR,li1,124.2000,193.1200,1.799637
load_slew286,VPWR,li1,178.4800,133.2800,1.799803
load_slew285,VPWR,li1,174.3400,133.2800,1.799817
fanout284,VPWR,li1,166.9800,127.8400,1.799891
wire283,VPWR,li1,130.6400,171.3600,1.799603
fanout282,VPWR,li1,124.6600,209.4400,1.799715
wire281,VPWR,li1,190.4400,236.6400,1.799680
fanout280,VPWR,li1,115.9200,204.0000,1.799720
load_slew279,VPWR,li1,131.1000,187.6800,1.799692
fanout278,VPWR,li1,116.8400,198.5600,1.799735
load_slew277,VPWR,li1,178.4800,127.8400,1.799906
load_slew276,VPWR,li1,166.5200,106.0800,1.799753
fanout275,VPWR,li1,178.9400,133.2800,1.799803
fanout274,VPWR,li1,137.0800,209.4400,1.799706
load_slew273,VPWR,li1,164.6800,214.8800,1.799771
fanout272,VPWR,li1,149.9600,214.8800,1.799679
load_slew271,VPWR,li1,210.2200,176.8000,1.799622
fanout270,VPWR,li1,201.0200,176.8000,1.799676
wire269,VPWR,li1,168.8200,106.0800,1.799768
fanout268,VPWR,li1,174.3400,122.4000,1.799739
fanout267,VPWR,li1,187.2200,193.1200,1.799696
load_slew266,VPWR,li1,192.2800,220.3200,1.799607
fanout265,VPWR,li1,192.2800,220.3200,1.799607
load_slew264,VPWR,li1,208.3800,171.3600,1.799433
fanout263,VPWR,li1,196.8800,176.8000,1.799702
wire262,VPWR,li1,163.3000,100.6400,1.799812
fanout261,VPWR,li1,167.4400,116.9600,1.799758
fanout260,VPWR,li1,149.9600,204.0000,1.799740
load_slew259,VPWR,li1,161.9200,214.8800,1.799753
fanout258,VPWR,li1,153.1800,204.0000,1.799747
load_slew257,VPWR,li1,215.2800,165.9200,1.799723
fanout256,VPWR,li1,205.1600,160.4800,1.799801
wire255,VPWR,li1,171.1200,122.4000,1.799718
fanout254,VPWR,li1,178.9400,127.8400,1.799906
fanout253,VPWR,li1,158.2400,220.3200,1.799785
load_slew252,VPWR,li1,161.9200,198.5600,1.799835
fanout251,VPWR,li1,150.4200,209.4400,1.799718
load_slew250,VPWR,li1,206.0800,182.2400,1.799242
fanout249,VPWR,li1,208.8400,160.4800,1.799788
wire248,VPWR,li1,118.2200,149.6000,1.799630
fanout247,VPWR,li1,137.0800,144.1600,1.799790
fanout246,VPWR,li1,196.8800,296.4800,1.799751
load_slew245,VPWR,li1,272.3200,78.8800,1.799562
fanout244,VPWR,li1,195.5000,138.7200,1.799751
fanout243,VPWR,li1,177.5600,280.1600,1.799879
wire242,VPWR,li1,126.0400,51.6800,1.799761
fanout241,VPWR,li1,176.6400,73.4400,1.799883
load_slew240,VPWR,li1,166.9800,182.2400,1.799649
fanout239,VPWR,li1,170.2000,182.2400,1.799681
wire238,VPWR,li1,46.0000,258.4000,1.799891
fanout237,VPWR,li1,63.9400,171.3600,1.799731
fanout236,VPWR,li1,260.3600,160.4800,1.799653
load_slew235,VPWR,li1,200.5600,29.9200,1.799771
fanout234,VPWR,li1,222.6400,149.6000,1.798922
load_slew233,VPWR,li1,166.9800,144.1600,1.799859
fanout232,VPWR,li1,158.2400,155.0400,1.799642
load_slew231,VPWR,li1,171.5800,198.5600,1.799871
fanout230,VPWR,li1,175.7200,198.5600,1.799890
load_slew229,VPWR,li1,187.2200,127.8400,1.799872
fanout228,VPWR,li1,154.5600,149.6000,1.799641
load_slew227,VPWR,li1,108.1000,182.2400,1.799373
fanout226,VPWR,li1,110.4000,176.8000,1.799724
load_slew225,VPWR,li1,181.7000,138.7200,1.799839
fanout224,VPWR,li1,172.0400,160.4800,1.799909
load_slew223,VPWR,li1,175.2600,220.3200,1.799823
fanout222,VPWR,li1,179.4000,214.8800,1.799836
load_slew221,VPWR,li1,172.0400,171.3600,1.799719
fanout220,VPWR,li1,169.7400,149.6000,1.799713
load_slew219,VPWR,li1,103.5000,176.8000,1.799734
fanout218,VPWR,li1,105.3400,182.2400,1.799376
fanout217,VPWR,li1,226.7800,198.5600,1.799616
load_slew216,VPWR,li1,184.0000,220.3200,1.799697
fanout215,VPWR,li1,181.7000,214.8800,1.799812
fanout214,VPWR,li1,226.7800,176.8000,1.799522
load_slew213,VPWR,li1,138.4600,116.9600,1.799689
fanout212,VPWR,li1,163.7600,138.7200,1.799848
fanout211,VPWR,li1,216.6600,182.2400,1.799135
load_slew210,VPWR,li1,186.3000,204.0000,1.799679
fanout209,VPWR,li1,183.0800,209.4400,1.799703
fanout208,VPWR,li1,226.3200,176.8000,1.799534
load_slew207,VPWR,li1,170.6600,111.5200,1.799817
fanout206,VPWR,li1,169.7400,144.1600,1.799869
max_cap205,VPWR,li1,174.3400,182.2400,1.799722
fanout204,VPWR,li1,179.4000,301.9200,1.799765
load_slew203,VPWR,li1,187.6800,176.8000,1.799777
fanout202,VPWR,li1,182.1600,176.8000,1.799807
fanout201,VPWR,li1,122.3600,301.9200,1.799775
load_slew200,VPWR,li1,20.2400,78.8800,1.799882
fanout199,VPWR,li1,141.6800,73.4400,1.799838
max_cap198,VPWR,li1,197.3400,204.0000,1.799558
fanout197,VPWR,li1,172.0400,291.0400,1.799906
load_slew196,VPWR,li1,188.6000,182.2400,1.799483
fanout195,VPWR,li1,176.1800,171.3600,1.799726
fanout194,VPWR,li1,115.9200,296.4800,1.799609
wire193,VPWR,li1,8.7400,73.4400,1.799949
fanout192,VPWR,li1,138.0000,84.3200,1.799671
max_cap191,VPWR,li1,179.4000,193.1200,1.799801
fanout190,VPWR,li1,192.2800,291.0400,1.799847
load_slew189,VPWR,li1,215.2800,160.4800,1.799769
fanout188,VPWR,li1,183.5400,182.2400,1.799564
fanout187,VPWR,li1,119.6000,296.4800,1.799613
wire186,VPWR,li1,34.0400,73.4400,1.799914
fanout185,VPWR,li1,132.0200,84.3200,1.799669
max_cap184,VPWR,li1,189.9800,198.5600,1.799811
fanout183,VPWR,li1,188.1400,296.4800,1.799792
load_slew182,VPWR,li1,193.2000,176.8000,1.799730
fanout181,VPWR,li1,189.9800,176.8000,1.799749
fanout180,VPWR,li1,132.9400,296.4800,1.799641
wire179,VPWR,li1,34.0400,73.4400,1.799914
fanout178,VPWR,li1,135.7000,84.3200,1.799669
fanout177,VPWR,li1,208.8400,291.0400,1.799795
load_slew176,VPWR,li1,274.6200,73.4400,1.799203
fanout175,VPWR,li1,178.0200,155.0400,1.799757
fanout174,VPWR,li1,165.6000,285.6000,1.799876
load_slew173,VPWR,li1,42.3200,68.0000,1.799805
fanout172,VPWR,li1,158.2400,84.3200,1.799733
wire171,VPWR,li1,152.2600,182.2400,1.799513
fanout170,VPWR,li1,137.5400,176.8000,1.799732
load_slew169,VPWR,li1,142.1400,318.2400,1.799566
fanout168,VPWR,li1,228.1600,209.4400,1.799177
fanout167,VPWR,li1,201.0200,160.4800,1.799815
wire166,VPWR,li1,136.1600,29.9200,1.799757
fanout165,VPWR,li1,227.7000,133.2800,1.799514
fanout164,VPWR,li1,205.1600,291.0400,1.799804
load_slew163,VPWR,li1,282.9000,68.0000,1.798889
fanout162,VPWR,li1,175.7200,149.6000,1.799746
fanout161,VPWR,li1,158.2400,280.1600,1.799816
load_slew160,VPWR,li1,46.0000,68.0000,1.799785
fanout159,VPWR,li1,154.5600,84.3200,1.799711
max_cap158,VPWR,li1,197.8000,193.1200,1.799587
fanout157,VPWR,li1,230.9200,187.6800,1.799164
wire156,VPWR,li1,140.3000,301.9200,1.799778
fanout155,VPWR,li1,217.5800,323.6800,1.799710
fanout154,VPWR,li1,191.8200,155.0400,1.799599
wire153,VPWR,li1,129.2600,29.9200,1.799746
fanout152,VPWR,li1,222.6400,127.8400,1.799745
wire151,VPWR,li1,149.5000,182.2400,1.799491
fanout150,VPWR,li1,145.3600,182.2400,1.799459
load_slew149,VPWR,li1,156.4000,307.3600,1.799868
fanout148,VPWR,li1,239.6600,198.5600,1.799555
fanout147,VPWR,li1,204.7000,144.1600,1.799674
wire146,VPWR,li1,138.9200,29.9200,1.799769
fanout145,VPWR,li1,239.6600,127.8400,1.799696
wire144,VPWR,li1,155.0200,182.2400,1.799537
fanout143,VPWR,li1,141.6800,165.9200,1.799843
load_slew142,VPWR,li1,161.9200,318.2400,1.799691
fanout141,VPWR,li1,235.0600,214.8800,1.799494
fanout140,VPWR,li1,202.8600,138.7200,1.799712
wire139,VPWR,li1,145.3600,29.9200,1.799786
fanout138,VPWR,li1,243.3400,122.4000,1.799149
fanout137,VPWR,li1,153.6400,176.8000,1.799769
wire136,VPWR,li1,142.1400,323.6800,1.799820
fanout135,VPWR,li1,165.1400,318.2400,1.799729
fanout134,VPWR,li1,218.9600,149.6000,1.798981
wire133,VPWR,li1,152.7200,35.3600,1.799792
fanout132,VPWR,li1,246.5600,116.9600,1.798731
fanout131,VPWR,li1,252.5400,193.1200,1.799252
load_slew130,VPWR,li1,131.1000,231.2000,1.799616
fanout129,VPWR,li1,125.5800,204.0000,1.799719
fanout128,VPWR,li1,265.4200,138.7200,1.799457
load_slew127,VPWR,li1,126.0400,133.2800,1.799591
fanout126,VPWR,li1,138.0000,138.7200,1.799796
fanout125,VPWR,li1,248.4000,209.4400,1.798958
load_slew124,VPWR,li1,132.9400,242.0800,1.799706
fanout123,VPWR,li1,128.3400,209.4400,1.799712
fanout122,VPWR,li1,257.1400,138.7200,1.799481
load_slew121,VPWR,li1,125.1200,133.2800,1.799591
fanout120,VPWR,li1,141.2200,138.7200,1.799801
fanout119,VPWR,li1,162.8400,187.6800,1.799773
wire118,VPWR,li1,149.0400,312.8000,1.799874
fanout117,VPWR,li1,170.6600,323.6800,1.799887
fanout116,VPWR,li1,213.9000,144.1600,1.799617
wire115,VPWR,li1,126.5000,29.9200,1.799741
fanout114,VPWR,li1,248.4000,133.2800,1.799436
output113,VPWR,li1,264.5000,323.6800,1.799616
output112,VPWR,li1,18.8600,144.1600,1.799955
output111,VPWR,li1,231.3800,323.6800,1.799671
output110,VPWR,li1,317.8600,144.1600,1.799368
output109,VPWR,li1,321.0800,144.1600,1.799367
output108,VPWR,li1,85.3300,13.6000,1.799743
output107,VPWR,li1,245.6400,13.6000,1.799612
output106,VPWR,li1,319.7000,187.6800,1.798560
output105,VPWR,li1,67.1600,323.6800,1.799850
output104,VPWR,li1,183.5400,13.6000,1.799851
output103,VPWR,li1,129.0300,19.0400,1.799608
output102,VPWR,li1,84.1800,323.6800,1.799825
output101,VPWR,li1,132.2500,13.6000,1.799735
output100,VPWR,li1,260.8200,13.6000,1.799591
output99,VPWR,li1,203.7800,323.6800,1.799757
output98,VPWR,li1,8.7400,198.5600,1.799904
output97,VPWR,li1,102.1200,323.6800,1.799810
output96,VPWR,li1,9.6600,182.2400,1.799875
output95,VPWR,li1,293.4800,13.6000,1.799576
output94,VPWR,li1,247.9400,323.6800,1.799634
output93,VPWR,li1,11.5000,57.1200,1.799925
output92,VPWR,li1,19.7800,187.6800,1.799925
output91,VPWR,li1,226.3200,323.6800,1.799684
output90,VPWR,li1,112.7000,19.0400,1.799596
output89,VPWR,li1,313.2600,144.1600,1.799370
output88,VPWR,li1,319.7000,231.2000,1.799092
output87,VPWR,li1,268.1800,13.6000,1.799584
output86,VPWR,li1,162.8400,323.6800,1.799860
output85,VPWR,li1,60.2600,323.6800,1.799864
output84,VPWR,li1,8.2800,116.9600,1.799938
output83,VPWR,li1,316.4800,149.6000,1.798132
output82,VPWR,li1,69.0000,323.6800,1.799847
output81,VPWR,li1,263.1200,323.6800,1.799617
output80,VPWR,li1,9.2000,133.2800,1.799915
output79,VPWR,li1,225.8600,323.6800,1.799684
output78,VPWR,li1,304.5200,127.8400,1.799599
output77,VPWR,li1,320.3900,138.7200,1.799362
output76,VPWR,li1,69.4600,19.0400,1.799675
output75,VPWR,li1,223.5600,13.6000,1.799671
output74,VPWR,li1,319.7000,187.6800,1.798560
output73,VPWR,li1,136.1600,323.6800,1.799811
output72,VPWR,li1,179.8600,13.6000,1.799863
output71,VPWR,li1,141.2200,13.6000,1.799749
output70,VPWR,li1,11.5000,247.5200,1.799945
output69,VPWR,li1,124.6600,13.6000,1.799727
output68,VPWR,li1,319.7000,95.2000,1.799107
output67,VPWR,li1,188.1400,323.6800,1.799830
output66,VPWR,li1,8.7400,220.3200,1.799937
output65,VPWR,li1,91.0800,323.6800,1.799820
output64,VPWR,li1,8.7400,171.3600,1.799928
output63,VPWR,li1,284.7400,13.6000,1.799577
output62,VPWR,li1,261.2800,323.6800,1.799618
output61,VPWR,li1,67.6200,13.6000,1.799780
output60,VPWR,li1,8.7400,182.2400,1.799875
output59,VPWR,li1,319.7000,274.7200,1.798455
output58,VPWR,li1,63.0200,13.6000,1.799791
output57,VPWR,li1,162.8400,13.6000,1.799826
output56,VPWR,li1,307.7400,209.4400,1.798791
output55,VPWR,li1,273.2400,13.6000,1.799582
output54,VPWR,li1,158.4700,307.3600,1.799877
output53,VPWR,li1,65.3200,323.6800,1.799854
output52,VPWR,li1,90.6200,13.6000,1.799735
output51,VPWR,li1,307.7400,165.9200,1.799510
output50,VPWR,li1,17.0200,247.5200,1.799947
input49,VPWR,li1,8.7400,242.0800,1.799945
input48,VPWR,li1,273.7000,323.6800,1.799614
input47,VPWR,li1,8.7400,171.3600,1.799928
input46,VPWR,li1,320.1600,280.1600,1.799454
input45,VPWR,li1,320.1600,89.7600,1.799569
input44,VPWR,li1,320.1600,95.2000,1.799106
input43,VPWR,li1,53.8200,13.6000,1.799822
input42,VPWR,li1,208.3800,13.6000,1.799726
input41,VPWR,li1,320.1600,182.2400,1.798656
input40,VPWR,li1,132.4800,323.6800,1.799809
input39,VPWR,li1,204.7000,13.6000,1.799741
input38,VPWR,li1,112.2400,13.6000,1.799724
input37,VPWR,li1,8.7400,269.2800,1.799928
input36,VPWR,li1,85.1000,19.0400,1.799628
input35,VPWR,li1,204.7000,13.6000,1.799741
input34,VPWR,li1,204.7000,323.6800,1.799757
input33,VPWR,li1,12.4200,242.0800,1.799946
input32,VPWR,li1,99.3600,323.6800,1.799812
input31,VPWR,li1,11.5000,182.2400,1.799875
input30,VPWR,li1,239.6600,13.6000,1.799624
input29,VPWR,li1,274.1600,323.6800,1.799614
input28,VPWR,li1,8.7400,57.1200,1.799924
input27,VPWR,li1,9.2000,225.7600,1.799956
input26,VPWR,li1,320.1600,269.2800,1.798550
input25,VPWR,li1,8.7400,62.5600,1.799891
input24,VPWR,li1,132.4800,13.6000,1.799735
input23,VPWR,li1,320.1600,193.1200,1.799171
input22,VPWR,li1,235.5200,13.6000,1.799637
input21,VPWR,li1,178.9400,323.6800,1.799888
input20,VPWR,li1,112.2400,323.6800,1.799807
input19,VPWR,li1,8.7400,62.5600,1.799891
input18,VPWR,li1,320.1600,127.8400,1.799590
input17,VPWR,li1,106.7200,323.6800,1.799808
input16,VPWR,li1,38.4100,13.6000,1.799883
input15,VPWR,li1,310.9600,122.4000,1.798996
input14,VPWR,li1,302.2200,127.8400,1.799601
input13,VPWR,li1,7.8200,291.0400,1.799932
input12,VPWR,li1,7.8200,318.2400,1.799924
input11,VPWR,li1,320.6200,24.4800,1.799336
input10,VPWR,li1,69.0000,29.9200,1.799835
input9,VPWR,li1,77.2800,13.6000,1.799755
input8,VPWR,li1,8.2800,301.9200,1.799963
input7,VPWR,li1,7.8200,318.2400,1.799924
input6,VPWR,li1,321.0800,19.0400,1.799310
input5,VPWR,li1,8.7400,247.5200,1.799944
input4,VPWR,li1,16.1000,236.6400,1.799930
input3,VPWR,li1,28.0600,209.4400,1.799946
input2,VPWR,li1,8.7400,242.0800,1.799945
input1,VPWR,li1,8.7400,247.5200,1.799944
TAP_TAPCELL_ROW_115_1647,VPWR,li1,314.8700,323.9860,1.799614
TAP_TAPCELL_ROW_115_1646,VPWR,li1,301.9900,323.9860,1.799614
TAP_TAPCELL_ROW_115_1645,VPWR,li1,289.1100,323.9860,1.799614
TAP_TAPCELL_ROW_115_1644,VPWR,li1,276.2300,323.9860,1.799614
TAP_TAPCELL_ROW_115_1643,VPWR,li1,263.3500,323.9860,1.799617
TAP_TAPCELL_ROW_115_1642,VPWR,li1,250.4700,323.9860,1.799630
TAP_TAPCELL_ROW_115_1641,VPWR,li1,237.5900,323.9860,1.799655
TAP_TAPCELL_ROW_115_1640,VPWR,li1,224.7100,323.9860,1.799684
TAP_TAPCELL_ROW_115_1639,VPWR,li1,211.8300,323.9860,1.799725
TAP_TAPCELL_ROW_115_1638,VPWR,li1,198.9500,323.9860,1.799782
TAP_TAPCELL_ROW_115_1637,VPWR,li1,186.0700,323.9860,1.799841
TAP_TAPCELL_ROW_115_1636,VPWR,li1,173.1900,323.9860,1.799894
TAP_TAPCELL_ROW_115_1635,VPWR,li1,160.3100,323.9860,1.799855
TAP_TAPCELL_ROW_115_1634,VPWR,li1,147.4300,323.9860,1.799829
TAP_TAPCELL_ROW_115_1633,VPWR,li1,134.5500,323.9860,1.799811
TAP_TAPCELL_ROW_115_1632,VPWR,li1,121.6700,323.9860,1.799806
TAP_TAPCELL_ROW_115_1631,VPWR,li1,108.7900,323.9860,1.799808
TAP_TAPCELL_ROW_115_1630,VPWR,li1,95.9100,323.9860,1.799815
TAP_TAPCELL_ROW_115_1629,VPWR,li1,83.0300,323.9860,1.799828
TAP_TAPCELL_ROW_115_1628,VPWR,li1,70.1500,323.9860,1.799847
TAP_TAPCELL_ROW_115_1627,VPWR,li1,57.2700,323.9860,1.799876
TAP_TAPCELL_ROW_115_1626,VPWR,li1,44.3900,323.9860,1.799911
TAP_TAPCELL_ROW_115_1625,VPWR,li1,31.5100,323.9860,1.799945
TAP_TAPCELL_ROW_115_1624,VPWR,li1,18.6300,323.9860,1.799972
TAP_TAPCELL_ROW_114_1623,VPWR,li1,301.9900,323.3730,1.799614
TAP_TAPCELL_ROW_114_1622,VPWR,li1,276.2300,323.3730,1.799614
TAP_TAPCELL_ROW_114_1621,VPWR,li1,250.4700,323.3730,1.799630
TAP_TAPCELL_ROW_114_1620,VPWR,li1,224.7100,323.3730,1.799684
TAP_TAPCELL_ROW_114_1619,VPWR,li1,198.9500,323.3730,1.799782
TAP_TAPCELL_ROW_114_1618,VPWR,li1,173.1900,323.3730,1.799894
TAP_TAPCELL_ROW_114_1617,VPWR,li1,147.4300,323.3730,1.799829
TAP_TAPCELL_ROW_114_1616,VPWR,li1,121.6700,323.3730,1.799806
TAP_TAPCELL_ROW_114_1615,VPWR,li1,95.9100,323.3730,1.799815
TAP_TAPCELL_ROW_114_1614,VPWR,li1,70.1500,323.3730,1.799847
TAP_TAPCELL_ROW_114_1613,VPWR,li1,44.3900,323.3730,1.799911
TAP_TAPCELL_ROW_114_1612,VPWR,li1,18.6300,323.3730,1.799972
TAP_TAPCELL_ROW_113_1611,VPWR,li1,314.8700,318.5460,1.799326
TAP_TAPCELL_ROW_113_1610,VPWR,li1,289.1100,318.5460,1.799326
TAP_TAPCELL_ROW_113_1609,VPWR,li1,263.3500,318.5460,1.799328
TAP_TAPCELL_ROW_113_1608,VPWR,li1,237.5900,318.5460,1.799363
TAP_TAPCELL_ROW_113_1607,VPWR,li1,211.8300,318.5460,1.799514
TAP_TAPCELL_ROW_113_1606,VPWR,li1,186.0700,318.5460,1.799726
TAP_TAPCELL_ROW_113_1605,VPWR,li1,160.3100,318.5460,1.799691
TAP_TAPCELL_ROW_113_1604,VPWR,li1,134.5500,318.5460,1.799526
TAP_TAPCELL_ROW_113_1603,VPWR,li1,108.7900,318.5460,1.799472
TAP_TAPCELL_ROW_113_1602,VPWR,li1,83.0300,318.5460,1.799545
TAP_TAPCELL_ROW_113_1601,VPWR,li1,57.2700,318.5460,1.799686
TAP_TAPCELL_ROW_113_1600,VPWR,li1,31.5100,318.5460,1.799871
TAP_TAPCELL_ROW_112_1599,VPWR,li1,301.9900,317.9330,1.799326
TAP_TAPCELL_ROW_112_1598,VPWR,li1,276.2300,317.9330,1.799326
TAP_TAPCELL_ROW_112_1597,VPWR,li1,250.4700,317.9330,1.799339
TAP_TAPCELL_ROW_112_1596,VPWR,li1,224.7100,317.9330,1.799429
TAP_TAPCELL_ROW_112_1595,VPWR,li1,198.9500,317.9330,1.799619
TAP_TAPCELL_ROW_112_1594,VPWR,li1,173.1900,317.9330,1.799796
TAP_TAPCELL_ROW_112_1593,VPWR,li1,147.4300,317.9330,1.799600
TAP_TAPCELL_ROW_112_1592,VPWR,li1,121.6700,317.9330,1.799491
TAP_TAPCELL_ROW_112_1591,VPWR,li1,95.9100,317.9330,1.799497
TAP_TAPCELL_ROW_112_1590,VPWR,li1,70.1500,317.9330,1.799612
TAP_TAPCELL_ROW_112_1589,VPWR,li1,44.3900,317.9330,1.799776
TAP_TAPCELL_ROW_112_1588,VPWR,li1,18.6300,317.9330,1.799927
TAP_TAPCELL_ROW_111_1587,VPWR,li1,314.8700,313.1060,1.799706
TAP_TAPCELL_ROW_111_1586,VPWR,li1,289.1100,313.1060,1.799706
TAP_TAPCELL_ROW_111_1585,VPWR,li1,263.3500,313.1060,1.799706
TAP_TAPCELL_ROW_111_1584,VPWR,li1,237.5900,313.1060,1.799722
TAP_TAPCELL_ROW_111_1583,VPWR,li1,211.8300,313.1060,1.799760
TAP_TAPCELL_ROW_111_1582,VPWR,li1,186.0700,313.1060,1.799865
TAP_TAPCELL_ROW_111_1581,VPWR,li1,160.3100,313.1060,1.799892
TAP_TAPCELL_ROW_111_1580,VPWR,li1,134.5500,313.1060,1.799863
TAP_TAPCELL_ROW_111_1579,VPWR,li1,108.7900,313.1060,1.799862
TAP_TAPCELL_ROW_111_1578,VPWR,li1,83.0300,313.1060,1.799869
TAP_TAPCELL_ROW_111_1577,VPWR,li1,57.2700,313.1060,1.799908
TAP_TAPCELL_ROW_111_1576,VPWR,li1,31.5100,313.1060,1.799960
TAP_TAPCELL_ROW_110_1575,VPWR,li1,301.9900,312.4930,1.799706
TAP_TAPCELL_ROW_110_1574,VPWR,li1,276.2300,312.4930,1.799706
TAP_TAPCELL_ROW_110_1573,VPWR,li1,250.4700,312.4930,1.799712
TAP_TAPCELL_ROW_110_1572,VPWR,li1,224.7100,312.4930,1.799737
TAP_TAPCELL_ROW_110_1571,VPWR,li1,198.9500,312.4930,1.799788
TAP_TAPCELL_ROW_110_1570,VPWR,li1,173.1900,312.4930,1.799917
TAP_TAPCELL_ROW_110_1569,VPWR,li1,147.4300,312.4930,1.799874
TAP_TAPCELL_ROW_110_1568,VPWR,li1,121.6700,312.4930,1.799862
TAP_TAPCELL_ROW_110_1567,VPWR,li1,95.9100,312.4930,1.799863
TAP_TAPCELL_ROW_110_1566,VPWR,li1,70.1500,312.4930,1.799888
TAP_TAPCELL_ROW_110_1565,VPWR,li1,44.3900,312.4930,1.799936
TAP_TAPCELL_ROW_110_1564,VPWR,li1,18.6300,312.4930,1.799980
TAP_TAPCELL_ROW_109_1563,VPWR,li1,314.8700,307.6660,1.799665
TAP_TAPCELL_ROW_109_1562,VPWR,li1,289.1100,307.6660,1.799671
TAP_TAPCELL_ROW_109_1561,VPWR,li1,263.3500,307.6660,1.799702
TAP_TAPCELL_ROW_109_1560,VPWR,li1,237.5900,307.6660,1.799739
TAP_TAPCELL_ROW_109_1559,VPWR,li1,211.8300,307.6660,1.799791
TAP_TAPCELL_ROW_109_1558,VPWR,li1,186.0700,307.6660,1.799879
TAP_TAPCELL_ROW_109_1557,VPWR,li1,160.3100,307.6660,1.799882
TAP_TAPCELL_ROW_109_1556,VPWR,li1,134.5500,307.6660,1.799832
TAP_TAPCELL_ROW_109_1555,VPWR,li1,108.7900,307.6660,1.799807
TAP_TAPCELL_ROW_109_1554,VPWR,li1,83.0300,307.6660,1.799808
TAP_TAPCELL_ROW_109_1553,VPWR,li1,57.2700,307.6660,1.799825
TAP_TAPCELL_ROW_109_1552,VPWR,li1,31.5100,307.6660,1.799923
TAP_TAPCELL_ROW_108_1551,VPWR,li1,301.9900,307.0530,1.799665
TAP_TAPCELL_ROW_108_1550,VPWR,li1,276.2300,307.0530,1.799686
TAP_TAPCELL_ROW_108_1549,VPWR,li1,250.4700,307.0530,1.799721
TAP_TAPCELL_ROW_108_1548,VPWR,li1,224.7100,307.0530,1.799762
TAP_TAPCELL_ROW_108_1547,VPWR,li1,198.9500,307.0530,1.799830
TAP_TAPCELL_ROW_108_1546,VPWR,li1,173.1900,307.0530,1.799917
TAP_TAPCELL_ROW_108_1545,VPWR,li1,147.4300,307.0530,1.799851
TAP_TAPCELL_ROW_108_1544,VPWR,li1,121.6700,307.0530,1.799814
TAP_TAPCELL_ROW_108_1543,VPWR,li1,95.9100,307.0530,1.799807
TAP_TAPCELL_ROW_108_1542,VPWR,li1,70.1500,307.0530,1.799811
TAP_TAPCELL_ROW_108_1541,VPWR,li1,44.3900,307.0530,1.799877
TAP_TAPCELL_ROW_108_1540,VPWR,li1,18.6300,307.0530,1.799962
TAP_TAPCELL_ROW_107_1539,VPWR,li1,314.8700,302.2260,1.798821
TAP_TAPCELL_ROW_107_1538,VPWR,li1,289.1100,302.2260,1.798824
TAP_TAPCELL_ROW_107_1537,VPWR,li1,263.3500,302.2260,1.798934
TAP_TAPCELL_ROW_107_1536,VPWR,li1,237.5900,302.2260,1.799150
TAP_TAPCELL_ROW_107_1535,VPWR,li1,211.8300,302.2260,1.799411
TAP_TAPCELL_ROW_107_1534,VPWR,li1,186.0700,302.2260,1.799690
TAP_TAPCELL_ROW_107_1533,VPWR,li1,160.3100,302.2260,1.799802
TAP_TAPCELL_ROW_107_1532,VPWR,li1,134.5500,302.2260,1.799775
TAP_TAPCELL_ROW_107_1531,VPWR,li1,108.7900,302.2260,1.799783
TAP_TAPCELL_ROW_107_1530,VPWR,li1,83.0300,302.2260,1.799815
TAP_TAPCELL_ROW_107_1529,VPWR,li1,57.2700,302.2260,1.799862
TAP_TAPCELL_ROW_107_1528,VPWR,li1,31.5100,302.2260,1.799939
TAP_TAPCELL_ROW_106_1527,VPWR,li1,301.9900,301.6130,1.798821
TAP_TAPCELL_ROW_106_1526,VPWR,li1,276.2300,301.6130,1.798865
TAP_TAPCELL_ROW_106_1525,VPWR,li1,250.4700,301.6130,1.799033
TAP_TAPCELL_ROW_106_1524,VPWR,li1,224.7100,301.6130,1.799288
TAP_TAPCELL_ROW_106_1523,VPWR,li1,198.9500,301.6130,1.799535
TAP_TAPCELL_ROW_106_1522,VPWR,li1,173.1900,301.6130,1.799826
TAP_TAPCELL_ROW_106_1521,VPWR,li1,147.4300,301.6130,1.799783
TAP_TAPCELL_ROW_106_1520,VPWR,li1,121.6700,301.6130,1.799775
TAP_TAPCELL_ROW_106_1519,VPWR,li1,95.9100,301.6130,1.799792
TAP_TAPCELL_ROW_106_1518,VPWR,li1,70.1500,301.6130,1.799838
TAP_TAPCELL_ROW_106_1517,VPWR,li1,44.3900,301.6130,1.799900
TAP_TAPCELL_ROW_106_1516,VPWR,li1,18.6300,301.6130,1.799966
TAP_TAPCELL_ROW_105_1515,VPWR,li1,314.8700,296.7860,1.799511
TAP_TAPCELL_ROW_105_1514,VPWR,li1,289.1100,296.7860,1.799512
TAP_TAPCELL_ROW_105_1513,VPWR,li1,263.3500,296.7860,1.799537
TAP_TAPCELL_ROW_105_1512,VPWR,li1,237.5900,296.7860,1.799599
TAP_TAPCELL_ROW_105_1511,VPWR,li1,211.8300,296.7860,1.799693
TAP_TAPCELL_ROW_105_1510,VPWR,li1,186.0700,296.7860,1.799802
TAP_TAPCELL_ROW_105_1509,VPWR,li1,160.3100,296.7860,1.799751
TAP_TAPCELL_ROW_105_1508,VPWR,li1,134.5500,296.7860,1.799647
TAP_TAPCELL_ROW_105_1507,VPWR,li1,108.7900,296.7860,1.799601
TAP_TAPCELL_ROW_105_1506,VPWR,li1,83.0300,296.7860,1.799654
TAP_TAPCELL_ROW_105_1505,VPWR,li1,57.2700,296.7860,1.799754
TAP_TAPCELL_ROW_105_1504,VPWR,li1,31.5100,296.7860,1.799883
TAP_TAPCELL_ROW_104_1503,VPWR,li1,301.9900,296.1730,1.799511
TAP_TAPCELL_ROW_104_1502,VPWR,li1,276.2300,296.1730,1.799521
TAP_TAPCELL_ROW_104_1501,VPWR,li1,250.4700,296.1730,1.799563
TAP_TAPCELL_ROW_104_1500,VPWR,li1,224.7100,296.1730,1.799639
TAP_TAPCELL_ROW_104_1499,VPWR,li1,198.9500,296.1730,1.799741
TAP_TAPCELL_ROW_104_1498,VPWR,li1,173.1900,296.1730,1.799840
TAP_TAPCELL_ROW_104_1497,VPWR,li1,147.4300,296.1730,1.799686
TAP_TAPCELL_ROW_104_1496,VPWR,li1,121.6700,296.1730,1.799616
TAP_TAPCELL_ROW_104_1495,VPWR,li1,95.9100,296.1730,1.799613
TAP_TAPCELL_ROW_104_1494,VPWR,li1,70.1500,296.1730,1.799699
TAP_TAPCELL_ROW_104_1493,VPWR,li1,44.3900,296.1730,1.799820
TAP_TAPCELL_ROW_104_1492,VPWR,li1,18.6300,296.1730,1.799936
TAP_TAPCELL_ROW_103_1491,VPWR,li1,314.8700,291.3460,1.799700
TAP_TAPCELL_ROW_103_1490,VPWR,li1,289.1100,291.3460,1.799705
TAP_TAPCELL_ROW_103_1489,VPWR,li1,263.3500,291.3460,1.799716
TAP_TAPCELL_ROW_103_1488,VPWR,li1,237.5900,291.3460,1.799741
TAP_TAPCELL_ROW_103_1487,VPWR,li1,211.8300,291.3460,1.799789
TAP_TAPCELL_ROW_103_1486,VPWR,li1,186.0700,291.3460,1.799871
TAP_TAPCELL_ROW_103_1485,VPWR,li1,160.3100,291.3460,1.799857
TAP_TAPCELL_ROW_103_1484,VPWR,li1,134.5500,291.3460,1.799773
TAP_TAPCELL_ROW_103_1483,VPWR,li1,108.7900,291.3460,1.799711
TAP_TAPCELL_ROW_103_1482,VPWR,li1,83.0300,291.3460,1.799704
TAP_TAPCELL_ROW_103_1481,VPWR,li1,57.2700,291.3460,1.799775
TAP_TAPCELL_ROW_103_1480,VPWR,li1,31.5100,291.3460,1.799887
TAP_TAPCELL_ROW_102_1479,VPWR,li1,301.9900,290.7330,1.799701
TAP_TAPCELL_ROW_102_1478,VPWR,li1,276.2300,290.7330,1.799710
TAP_TAPCELL_ROW_102_1477,VPWR,li1,250.4700,290.7330,1.799726
TAP_TAPCELL_ROW_102_1476,VPWR,li1,224.7100,290.7330,1.799762
TAP_TAPCELL_ROW_102_1475,VPWR,li1,198.9500,290.7330,1.799830
TAP_TAPCELL_ROW_102_1474,VPWR,li1,173.1900,290.7330,1.799906
TAP_TAPCELL_ROW_102_1473,VPWR,li1,147.4300,290.7330,1.799811
TAP_TAPCELL_ROW_102_1472,VPWR,li1,121.6700,290.7330,1.799739
TAP_TAPCELL_ROW_102_1471,VPWR,li1,95.9100,290.7330,1.799705
TAP_TAPCELL_ROW_102_1470,VPWR,li1,70.1500,290.7330,1.799730
TAP_TAPCELL_ROW_102_1469,VPWR,li1,44.3900,290.7330,1.799828
TAP_TAPCELL_ROW_102_1468,VPWR,li1,18.6300,290.7330,1.799934
TAP_TAPCELL_ROW_101_1467,VPWR,li1,314.8700,285.9060,1.799250
TAP_TAPCELL_ROW_101_1466,VPWR,li1,289.1100,285.9060,1.799285
TAP_TAPCELL_ROW_101_1465,VPWR,li1,263.3500,285.9060,1.799363
TAP_TAPCELL_ROW_101_1464,VPWR,li1,237.5900,285.9060,1.799450
TAP_TAPCELL_ROW_101_1463,VPWR,li1,211.8300,285.9060,1.799592
TAP_TAPCELL_ROW_101_1462,VPWR,li1,186.0700,285.9060,1.799783
TAP_TAPCELL_ROW_101_1461,VPWR,li1,160.3100,285.9060,1.799870
TAP_TAPCELL_ROW_101_1460,VPWR,li1,134.5500,285.9060,1.799851
TAP_TAPCELL_ROW_101_1459,VPWR,li1,108.7900,285.9060,1.799844
TAP_TAPCELL_ROW_101_1458,VPWR,li1,83.0300,285.9060,1.799854
TAP_TAPCELL_ROW_101_1457,VPWR,li1,57.2700,285.9060,1.799875
TAP_TAPCELL_ROW_101_1456,VPWR,li1,31.5100,285.9060,1.799932
TAP_TAPCELL_ROW_100_1455,VPWR,li1,301.9900,285.2930,1.799264
TAP_TAPCELL_ROW_100_1454,VPWR,li1,276.2300,285.2930,1.799322
TAP_TAPCELL_ROW_100_1453,VPWR,li1,250.4700,285.2930,1.799405
TAP_TAPCELL_ROW_100_1452,VPWR,li1,224.7100,285.2930,1.799499
TAP_TAPCELL_ROW_100_1451,VPWR,li1,198.9500,285.2930,1.799677
TAP_TAPCELL_ROW_100_1450,VPWR,li1,173.1900,285.2930,1.799884
TAP_TAPCELL_ROW_100_1449,VPWR,li1,147.4300,285.2930,1.799858
TAP_TAPCELL_ROW_100_1448,VPWR,li1,121.6700,285.2930,1.799847
TAP_TAPCELL_ROW_100_1447,VPWR,li1,95.9100,285.2930,1.799849
TAP_TAPCELL_ROW_100_1446,VPWR,li1,70.1500,285.2930,1.799860
TAP_TAPCELL_ROW_100_1445,VPWR,li1,44.3900,285.2930,1.799901
TAP_TAPCELL_ROW_100_1444,VPWR,li1,18.6300,285.2930,1.799962
TAP_TAPCELL_ROW_99_1443,VPWR,li1,314.8700,280.4660,1.799455
TAP_TAPCELL_ROW_99_1442,VPWR,li1,289.1100,280.4660,1.799478
TAP_TAPCELL_ROW_99_1441,VPWR,li1,263.3500,280.4660,1.799531
TAP_TAPCELL_ROW_99_1440,VPWR,li1,237.5900,280.4660,1.799610
TAP_TAPCELL_ROW_99_1439,VPWR,li1,211.8300,280.4660,1.799707
TAP_TAPCELL_ROW_99_1438,VPWR,li1,186.0700,280.4660,1.799833
TAP_TAPCELL_ROW_99_1437,VPWR,li1,160.3100,280.4660,1.799829
TAP_TAPCELL_ROW_99_1436,VPWR,li1,134.5500,280.4660,1.799736
TAP_TAPCELL_ROW_99_1435,VPWR,li1,108.7900,280.4660,1.799675
TAP_TAPCELL_ROW_99_1434,VPWR,li1,83.0300,280.4660,1.799645
TAP_TAPCELL_ROW_99_1433,VPWR,li1,57.2700,280.4660,1.799740
TAP_TAPCELL_ROW_99_1432,VPWR,li1,31.5100,280.4660,1.799863
TAP_TAPCELL_ROW_98_1431,VPWR,li1,301.9900,279.8530,1.799465
TAP_TAPCELL_ROW_98_1430,VPWR,li1,276.2300,279.8530,1.799503
TAP_TAPCELL_ROW_98_1429,VPWR,li1,250.4700,279.8530,1.799571
TAP_TAPCELL_ROW_98_1428,VPWR,li1,224.7100,279.8530,1.799652
TAP_TAPCELL_ROW_98_1427,VPWR,li1,198.9500,279.8530,1.799765
TAP_TAPCELL_ROW_98_1426,VPWR,li1,173.1900,279.8530,1.799883
TAP_TAPCELL_ROW_98_1425,VPWR,li1,147.4300,279.8530,1.799782
TAP_TAPCELL_ROW_98_1424,VPWR,li1,121.6700,279.8530,1.799703
TAP_TAPCELL_ROW_98_1423,VPWR,li1,95.9100,279.8530,1.799655
TAP_TAPCELL_ROW_98_1422,VPWR,li1,70.1500,279.8530,1.799677
TAP_TAPCELL_ROW_98_1421,VPWR,li1,44.3900,279.8530,1.799800
TAP_TAPCELL_ROW_98_1420,VPWR,li1,18.6300,279.8530,1.799919
TAP_TAPCELL_ROW_97_1419,VPWR,li1,314.8700,275.0260,1.798456
TAP_TAPCELL_ROW_97_1418,VPWR,li1,289.1100,275.0260,1.798466
TAP_TAPCELL_ROW_97_1417,VPWR,li1,263.3500,275.0260,1.798555
TAP_TAPCELL_ROW_97_1416,VPWR,li1,237.5900,275.0260,1.798801
TAP_TAPCELL_ROW_97_1415,VPWR,li1,211.8300,275.0260,1.799147
TAP_TAPCELL_ROW_97_1414,VPWR,li1,186.0700,275.0260,1.799575
TAP_TAPCELL_ROW_97_1413,VPWR,li1,160.3100,275.0260,1.799687
TAP_TAPCELL_ROW_97_1412,VPWR,li1,134.5500,275.0260,1.799580
TAP_TAPCELL_ROW_97_1411,VPWR,li1,108.7900,275.0260,1.799539
TAP_TAPCELL_ROW_97_1410,VPWR,li1,83.0300,275.0260,1.799620
TAP_TAPCELL_ROW_97_1409,VPWR,li1,57.2700,275.0260,1.799740
TAP_TAPCELL_ROW_97_1408,VPWR,li1,31.5100,275.0260,1.799873
TAP_TAPCELL_ROW_96_1407,VPWR,li1,301.9900,274.4130,1.798461
TAP_TAPCELL_ROW_96_1406,VPWR,li1,276.2300,274.4130,1.798501
TAP_TAPCELL_ROW_96_1405,VPWR,li1,250.4700,274.4130,1.798667
TAP_TAPCELL_ROW_96_1404,VPWR,li1,224.7100,274.4130,1.798942
TAP_TAPCELL_ROW_96_1403,VPWR,li1,198.9500,274.4130,1.799369
TAP_TAPCELL_ROW_96_1402,VPWR,li1,173.1900,274.4130,1.799751
TAP_TAPCELL_ROW_96_1401,VPWR,li1,147.4300,274.4130,1.799628
TAP_TAPCELL_ROW_96_1400,VPWR,li1,121.6700,274.4130,1.799538
TAP_TAPCELL_ROW_96_1399,VPWR,li1,95.9100,274.4130,1.799574
TAP_TAPCELL_ROW_96_1398,VPWR,li1,70.1500,274.4130,1.799674
TAP_TAPCELL_ROW_96_1397,VPWR,li1,44.3900,274.4130,1.799810
TAP_TAPCELL_ROW_96_1396,VPWR,li1,18.6300,274.4130,1.799932
TAP_TAPCELL_ROW_95_1395,VPWR,li1,314.8700,269.5860,1.798551
TAP_TAPCELL_ROW_95_1394,VPWR,li1,289.1100,269.5860,1.798665
TAP_TAPCELL_ROW_95_1393,VPWR,li1,263.3500,269.5860,1.798817
TAP_TAPCELL_ROW_95_1392,VPWR,li1,237.5900,269.5860,1.799048
TAP_TAPCELL_ROW_95_1391,VPWR,li1,211.8300,269.5860,1.799327
TAP_TAPCELL_ROW_95_1390,VPWR,li1,186.0700,269.5860,1.799652
TAP_TAPCELL_ROW_95_1389,VPWR,li1,160.3100,269.5860,1.799739
TAP_TAPCELL_ROW_95_1388,VPWR,li1,134.5500,269.5860,1.799676
TAP_TAPCELL_ROW_95_1387,VPWR,li1,108.7900,269.5860,1.799642
TAP_TAPCELL_ROW_95_1386,VPWR,li1,83.0300,269.5860,1.799663
TAP_TAPCELL_ROW_95_1385,VPWR,li1,57.2700,269.5860,1.799752
TAP_TAPCELL_ROW_95_1384,VPWR,li1,31.5100,269.5860,1.799877
TAP_TAPCELL_ROW_94_1383,VPWR,li1,301.9900,268.9730,1.798593
TAP_TAPCELL_ROW_94_1382,VPWR,li1,276.2300,268.9730,1.798738
TAP_TAPCELL_ROW_94_1381,VPWR,li1,250.4700,268.9730,1.798913
TAP_TAPCELL_ROW_94_1380,VPWR,li1,224.7100,268.9730,1.799182
TAP_TAPCELL_ROW_94_1379,VPWR,li1,198.9500,268.9730,1.799486
TAP_TAPCELL_ROW_94_1378,VPWR,li1,173.1900,268.9730,1.799780
TAP_TAPCELL_ROW_94_1377,VPWR,li1,147.4300,268.9730,1.799701
TAP_TAPCELL_ROW_94_1376,VPWR,li1,121.6700,268.9730,1.799656
TAP_TAPCELL_ROW_94_1375,VPWR,li1,95.9100,268.9730,1.799634
TAP_TAPCELL_ROW_94_1374,VPWR,li1,70.1500,268.9730,1.799704
TAP_TAPCELL_ROW_94_1373,VPWR,li1,44.3900,268.9730,1.799806
TAP_TAPCELL_ROW_94_1372,VPWR,li1,18.6300,268.9730,1.799931
TAP_TAPCELL_ROW_93_1371,VPWR,li1,314.8700,264.1460,1.799278
TAP_TAPCELL_ROW_93_1370,VPWR,li1,289.1100,264.1460,1.799301
TAP_TAPCELL_ROW_93_1369,VPWR,li1,263.3500,264.1460,1.799344
TAP_TAPCELL_ROW_93_1368,VPWR,li1,237.5900,264.1460,1.799405
TAP_TAPCELL_ROW_93_1367,VPWR,li1,211.8300,264.1460,1.799498
TAP_TAPCELL_ROW_93_1366,VPWR,li1,186.0700,264.1460,1.799708
TAP_TAPCELL_ROW_93_1365,VPWR,li1,160.3100,264.1460,1.799703
TAP_TAPCELL_ROW_93_1364,VPWR,li1,134.5500,264.1460,1.799611
TAP_TAPCELL_ROW_93_1363,VPWR,li1,108.7900,264.1460,1.799620
TAP_TAPCELL_ROW_93_1362,VPWR,li1,83.0300,264.1460,1.799684
TAP_TAPCELL_ROW_93_1361,VPWR,li1,57.2700,264.1460,1.799768
TAP_TAPCELL_ROW_93_1360,VPWR,li1,31.5100,264.1460,1.799865
TAP_TAPCELL_ROW_92_1359,VPWR,li1,301.9900,263.5330,1.799288
TAP_TAPCELL_ROW_92_1358,VPWR,li1,276.2300,263.5330,1.799320
TAP_TAPCELL_ROW_92_1357,VPWR,li1,250.4700,263.5330,1.799365
TAP_TAPCELL_ROW_92_1356,VPWR,li1,224.7100,263.5330,1.799448
TAP_TAPCELL_ROW_92_1355,VPWR,li1,198.9500,263.5330,1.799584
TAP_TAPCELL_ROW_92_1354,VPWR,li1,173.1900,263.5330,1.799796
TAP_TAPCELL_ROW_92_1353,VPWR,li1,147.4300,263.5330,1.799642
TAP_TAPCELL_ROW_92_1352,VPWR,li1,121.6700,263.5330,1.799600
TAP_TAPCELL_ROW_92_1351,VPWR,li1,95.9100,263.5330,1.799651
TAP_TAPCELL_ROW_92_1350,VPWR,li1,70.1500,263.5330,1.799722
TAP_TAPCELL_ROW_92_1349,VPWR,li1,44.3900,263.5330,1.799809
TAP_TAPCELL_ROW_92_1348,VPWR,li1,18.6300,263.5330,1.799929
TAP_TAPCELL_ROW_91_1347,VPWR,li1,314.8700,258.7060,1.799379
TAP_TAPCELL_ROW_91_1346,VPWR,li1,289.1100,258.7060,1.799401
TAP_TAPCELL_ROW_91_1345,VPWR,li1,263.3500,258.7060,1.799439
TAP_TAPCELL_ROW_91_1344,VPWR,li1,237.5900,258.7060,1.799505
TAP_TAPCELL_ROW_91_1343,VPWR,li1,211.8300,258.7060,1.799622
TAP_TAPCELL_ROW_91_1342,VPWR,li1,186.0700,258.7060,1.799794
TAP_TAPCELL_ROW_91_1341,VPWR,li1,160.3100,258.7060,1.799854
TAP_TAPCELL_ROW_91_1340,VPWR,li1,134.5500,258.7060,1.799829
TAP_TAPCELL_ROW_91_1339,VPWR,li1,108.7900,258.7060,1.799822
TAP_TAPCELL_ROW_91_1338,VPWR,li1,83.0300,258.7060,1.799837
TAP_TAPCELL_ROW_91_1337,VPWR,li1,57.2700,258.7060,1.799863
TAP_TAPCELL_ROW_91_1336,VPWR,li1,31.5100,258.7060,1.799934
TAP_TAPCELL_ROW_90_1335,VPWR,li1,301.9900,258.0930,1.799389
TAP_TAPCELL_ROW_90_1334,VPWR,li1,276.2300,258.0930,1.799418
TAP_TAPCELL_ROW_90_1333,VPWR,li1,250.4700,258.0930,1.799468
TAP_TAPCELL_ROW_90_1332,VPWR,li1,224.7100,258.0930,1.799553
TAP_TAPCELL_ROW_90_1331,VPWR,li1,198.9500,258.0930,1.799698
TAP_TAPCELL_ROW_90_1330,VPWR,li1,173.1900,258.0930,1.799882
TAP_TAPCELL_ROW_90_1329,VPWR,li1,147.4300,258.0930,1.799838
TAP_TAPCELL_ROW_90_1328,VPWR,li1,121.6700,258.0930,1.799823
TAP_TAPCELL_ROW_90_1327,VPWR,li1,95.9100,258.0930,1.799825
TAP_TAPCELL_ROW_90_1326,VPWR,li1,70.1500,258.0930,1.799848
TAP_TAPCELL_ROW_90_1325,VPWR,li1,44.3900,258.0930,1.799897
TAP_TAPCELL_ROW_90_1324,VPWR,li1,18.6300,258.0930,1.799969
TAP_TAPCELL_ROW_89_1323,VPWR,li1,314.8700,253.2660,1.799339
TAP_TAPCELL_ROW_89_1322,VPWR,li1,289.1100,253.2660,1.799366
TAP_TAPCELL_ROW_89_1321,VPWR,li1,263.3500,253.2660,1.799422
TAP_TAPCELL_ROW_89_1320,VPWR,li1,237.5900,253.2660,1.799519
TAP_TAPCELL_ROW_89_1319,VPWR,li1,211.8300,253.2660,1.799653
TAP_TAPCELL_ROW_89_1318,VPWR,li1,186.0700,253.2660,1.799806
TAP_TAPCELL_ROW_89_1317,VPWR,li1,160.3100,253.2660,1.799805
TAP_TAPCELL_ROW_89_1316,VPWR,li1,134.5500,253.2660,1.799714
TAP_TAPCELL_ROW_89_1315,VPWR,li1,108.7900,253.2660,1.799661
TAP_TAPCELL_ROW_89_1314,VPWR,li1,83.0300,253.2660,1.799641
TAP_TAPCELL_ROW_89_1313,VPWR,li1,57.2700,253.2660,1.799682
TAP_TAPCELL_ROW_89_1312,VPWR,li1,31.5100,253.2660,1.799848
TAP_TAPCELL_ROW_88_1311,VPWR,li1,301.9900,252.6530,1.799349
TAP_TAPCELL_ROW_88_1310,VPWR,li1,276.2300,252.6530,1.799392
TAP_TAPCELL_ROW_88_1309,VPWR,li1,250.4700,252.6530,1.799465
TAP_TAPCELL_ROW_88_1308,VPWR,li1,224.7100,252.6530,1.799579
TAP_TAPCELL_ROW_88_1307,VPWR,li1,198.9500,252.6530,1.799732
TAP_TAPCELL_ROW_88_1306,VPWR,li1,173.1900,252.6530,1.799866
TAP_TAPCELL_ROW_88_1305,VPWR,li1,147.4300,252.6530,1.799758
TAP_TAPCELL_ROW_88_1304,VPWR,li1,121.6700,252.6530,1.799683
TAP_TAPCELL_ROW_88_1303,VPWR,li1,95.9100,252.6530,1.799645
TAP_TAPCELL_ROW_88_1302,VPWR,li1,70.1500,252.6530,1.799649
TAP_TAPCELL_ROW_88_1301,VPWR,li1,44.3900,252.6530,1.799759
TAP_TAPCELL_ROW_88_1300,VPWR,li1,18.6300,252.6530,1.799906
TAP_TAPCELL_ROW_87_1299,VPWR,li1,314.8700,247.8260,1.799150
TAP_TAPCELL_ROW_87_1298,VPWR,li1,289.1100,247.8260,1.799163
TAP_TAPCELL_ROW_87_1297,VPWR,li1,263.3500,247.8260,1.799234
TAP_TAPCELL_ROW_87_1296,VPWR,li1,237.5900,247.8260,1.799379
TAP_TAPCELL_ROW_87_1295,VPWR,li1,211.8300,247.8260,1.799546
TAP_TAPCELL_ROW_87_1294,VPWR,li1,186.0700,247.8260,1.799757
TAP_TAPCELL_ROW_87_1293,VPWR,li1,160.3100,247.8260,1.799811
TAP_TAPCELL_ROW_87_1292,VPWR,li1,134.5500,247.8260,1.799752
TAP_TAPCELL_ROW_87_1291,VPWR,li1,108.7900,247.8260,1.799720
TAP_TAPCELL_ROW_87_1290,VPWR,li1,83.0300,247.8260,1.799766
TAP_TAPCELL_ROW_87_1289,VPWR,li1,57.2700,247.8260,1.799834
TAP_TAPCELL_ROW_87_1288,VPWR,li1,31.5100,247.8260,1.799915
TAP_TAPCELL_ROW_86_1287,VPWR,li1,301.9900,247.2130,1.799152
TAP_TAPCELL_ROW_86_1286,VPWR,li1,276.2300,247.2130,1.799183
TAP_TAPCELL_ROW_86_1285,VPWR,li1,250.4700,247.2130,1.799310
TAP_TAPCELL_ROW_86_1284,VPWR,li1,224.7100,247.2130,1.799444
TAP_TAPCELL_ROW_86_1283,VPWR,li1,198.9500,247.2130,1.799639
TAP_TAPCELL_ROW_86_1282,VPWR,li1,173.1900,247.2130,1.799853
TAP_TAPCELL_ROW_86_1281,VPWR,li1,147.4300,247.2130,1.799778
TAP_TAPCELL_ROW_86_1280,VPWR,li1,121.6700,247.2130,1.799735
TAP_TAPCELL_ROW_86_1279,VPWR,li1,95.9100,247.2130,1.799736
TAP_TAPCELL_ROW_86_1278,VPWR,li1,70.1500,247.2130,1.799795
TAP_TAPCELL_ROW_86_1277,VPWR,li1,44.3900,247.2130,1.799869
TAP_TAPCELL_ROW_86_1276,VPWR,li1,18.6300,247.2130,1.799948
TAP_TAPCELL_ROW_85_1275,VPWR,li1,314.8700,242.3860,1.799547
TAP_TAPCELL_ROW_85_1274,VPWR,li1,289.1100,242.3860,1.799549
TAP_TAPCELL_ROW_85_1273,VPWR,li1,263.3500,242.3860,1.799566
TAP_TAPCELL_ROW_85_1272,VPWR,li1,237.5900,242.3860,1.799608
TAP_TAPCELL_ROW_85_1271,VPWR,li1,211.8300,242.3860,1.799682
TAP_TAPCELL_ROW_85_1270,VPWR,li1,186.0700,242.3860,1.799826
TAP_TAPCELL_ROW_85_1269,VPWR,li1,160.3100,242.3860,1.799811
TAP_TAPCELL_ROW_85_1268,VPWR,li1,134.5500,242.3860,1.799706
TAP_TAPCELL_ROW_85_1267,VPWR,li1,108.7900,242.3860,1.799637
TAP_TAPCELL_ROW_85_1266,VPWR,li1,83.0300,242.3860,1.799699
TAP_TAPCELL_ROW_85_1265,VPWR,li1,57.2700,242.3860,1.799788
TAP_TAPCELL_ROW_85_1264,VPWR,li1,31.5100,242.3860,1.799903
TAP_TAPCELL_ROW_84_1263,VPWR,li1,301.9900,241.7730,1.799547
TAP_TAPCELL_ROW_84_1262,VPWR,li1,276.2300,241.7730,1.799554
TAP_TAPCELL_ROW_84_1261,VPWR,li1,250.4700,241.7730,1.799584
TAP_TAPCELL_ROW_84_1260,VPWR,li1,224.7100,241.7730,1.799630
TAP_TAPCELL_ROW_84_1259,VPWR,li1,198.9500,241.7730,1.799746
TAP_TAPCELL_ROW_84_1258,VPWR,li1,173.1900,241.7730,1.799874
TAP_TAPCELL_ROW_84_1257,VPWR,li1,147.4300,241.7730,1.799761
TAP_TAPCELL_ROW_84_1256,VPWR,li1,121.6700,241.7730,1.799669
TAP_TAPCELL_ROW_84_1255,VPWR,li1,95.9100,241.7730,1.799664
TAP_TAPCELL_ROW_84_1254,VPWR,li1,70.1500,241.7730,1.799739
TAP_TAPCELL_ROW_84_1253,VPWR,li1,44.3900,241.7730,1.799846
TAP_TAPCELL_ROW_84_1252,VPWR,li1,18.6300,241.7730,1.799948
TAP_TAPCELL_ROW_83_1251,VPWR,li1,314.8700,236.9460,1.799131
TAP_TAPCELL_ROW_83_1250,VPWR,li1,289.1100,236.9460,1.799159
TAP_TAPCELL_ROW_83_1249,VPWR,li1,263.3500,236.9460,1.799215
TAP_TAPCELL_ROW_83_1248,VPWR,li1,237.5900,236.9460,1.799324
TAP_TAPCELL_ROW_83_1247,VPWR,li1,211.8300,236.9460,1.799506
TAP_TAPCELL_ROW_83_1246,VPWR,li1,186.0700,236.9460,1.799706
TAP_TAPCELL_ROW_83_1245,VPWR,li1,160.3100,236.9460,1.799769
TAP_TAPCELL_ROW_83_1244,VPWR,li1,134.5500,236.9460,1.799700
TAP_TAPCELL_ROW_83_1243,VPWR,li1,108.7900,236.9460,1.799682
TAP_TAPCELL_ROW_83_1242,VPWR,li1,83.0300,236.9460,1.799704
TAP_TAPCELL_ROW_83_1241,VPWR,li1,57.2700,236.9460,1.799779
TAP_TAPCELL_ROW_83_1240,VPWR,li1,31.5100,236.9460,1.799885
TAP_TAPCELL_ROW_82_1239,VPWR,li1,301.9900,236.3330,1.799142
TAP_TAPCELL_ROW_82_1238,VPWR,li1,276.2300,236.3330,1.799178
TAP_TAPCELL_ROW_82_1237,VPWR,li1,250.4700,236.3330,1.799266
TAP_TAPCELL_ROW_82_1236,VPWR,li1,224.7100,236.3330,1.799414
TAP_TAPCELL_ROW_82_1235,VPWR,li1,198.9500,236.3330,1.799600
TAP_TAPCELL_ROW_82_1234,VPWR,li1,173.1900,236.3330,1.799814
TAP_TAPCELL_ROW_82_1233,VPWR,li1,147.4300,236.3330,1.799727
TAP_TAPCELL_ROW_82_1232,VPWR,li1,121.6700,236.3330,1.799686
TAP_TAPCELL_ROW_82_1231,VPWR,li1,95.9100,236.3330,1.799685
TAP_TAPCELL_ROW_82_1230,VPWR,li1,70.1500,236.3330,1.799744
TAP_TAPCELL_ROW_82_1229,VPWR,li1,44.3900,236.3330,1.799829
TAP_TAPCELL_ROW_82_1228,VPWR,li1,18.6300,236.3330,1.799931
TAP_TAPCELL_ROW_81_1227,VPWR,li1,314.8700,231.5060,1.799094
TAP_TAPCELL_ROW_81_1226,VPWR,li1,289.1100,231.5060,1.799130
TAP_TAPCELL_ROW_81_1225,VPWR,li1,263.3500,231.5060,1.799252
TAP_TAPCELL_ROW_81_1224,VPWR,li1,237.5900,231.5060,1.799415
TAP_TAPCELL_ROW_81_1223,VPWR,li1,211.8300,231.5060,1.799575
TAP_TAPCELL_ROW_81_1222,VPWR,li1,186.0700,231.5060,1.799768
TAP_TAPCELL_ROW_81_1221,VPWR,li1,160.3100,231.5060,1.799745
TAP_TAPCELL_ROW_81_1220,VPWR,li1,134.5500,231.5060,1.799631
TAP_TAPCELL_ROW_81_1219,VPWR,li1,108.7900,231.5060,1.799570
TAP_TAPCELL_ROW_81_1218,VPWR,li1,83.0300,231.5060,1.799569
TAP_TAPCELL_ROW_81_1217,VPWR,li1,57.2700,231.5060,1.799677
TAP_TAPCELL_ROW_81_1216,VPWR,li1,31.5100,231.5060,1.799826
TAP_TAPCELL_ROW_80_1215,VPWR,li1,301.9900,230.8930,1.799110
TAP_TAPCELL_ROW_80_1214,VPWR,li1,276.2300,230.8930,1.799181
TAP_TAPCELL_ROW_80_1213,VPWR,li1,250.4700,230.8930,1.799330
TAP_TAPCELL_ROW_80_1212,VPWR,li1,224.7100,230.8930,1.799491
TAP_TAPCELL_ROW_80_1211,VPWR,li1,198.9500,230.8930,1.799663
TAP_TAPCELL_ROW_80_1210,VPWR,li1,173.1900,230.8930,1.799833
TAP_TAPCELL_ROW_80_1209,VPWR,li1,147.4300,230.8930,1.799675
TAP_TAPCELL_ROW_80_1208,VPWR,li1,121.6700,230.8930,1.799594
TAP_TAPCELL_ROW_80_1207,VPWR,li1,95.9100,230.8930,1.799552
TAP_TAPCELL_ROW_80_1206,VPWR,li1,70.1500,230.8930,1.799618
TAP_TAPCELL_ROW_80_1205,VPWR,li1,44.3900,230.8930,1.799734
TAP_TAPCELL_ROW_80_1204,VPWR,li1,18.6300,230.8930,1.799900
TAP_TAPCELL_ROW_79_1203,VPWR,li1,314.8700,226.0660,1.798430
TAP_TAPCELL_ROW_79_1202,VPWR,li1,289.1100,226.0660,1.798505
TAP_TAPCELL_ROW_79_1201,VPWR,li1,263.3500,226.0660,1.798703
TAP_TAPCELL_ROW_79_1200,VPWR,li1,237.5900,226.0660,1.798946
TAP_TAPCELL_ROW_79_1199,VPWR,li1,211.8300,226.0660,1.799255
TAP_TAPCELL_ROW_79_1198,VPWR,li1,186.0700,226.0660,1.799630
TAP_TAPCELL_ROW_79_1197,VPWR,li1,160.3100,226.0660,1.799726
TAP_TAPCELL_ROW_79_1196,VPWR,li1,134.5500,226.0660,1.799652
TAP_TAPCELL_ROW_79_1195,VPWR,li1,108.7900,226.0660,1.799681
TAP_TAPCELL_ROW_79_1194,VPWR,li1,83.0300,226.0660,1.799747
TAP_TAPCELL_ROW_79_1193,VPWR,li1,57.2700,226.0660,1.799824
TAP_TAPCELL_ROW_79_1192,VPWR,li1,31.5100,226.0660,1.799920
TAP_TAPCELL_ROW_78_1191,VPWR,li1,301.9900,225.4530,1.798464
TAP_TAPCELL_ROW_78_1190,VPWR,li1,276.2300,225.4530,1.798596
TAP_TAPCELL_ROW_78_1189,VPWR,li1,250.4700,225.4530,1.798820
TAP_TAPCELL_ROW_78_1188,VPWR,li1,224.7100,225.4530,1.799088
TAP_TAPCELL_ROW_78_1187,VPWR,li1,198.9500,225.4530,1.799427
TAP_TAPCELL_ROW_78_1186,VPWR,li1,173.1900,225.4530,1.799781
TAP_TAPCELL_ROW_78_1185,VPWR,li1,147.4300,225.4530,1.799682
TAP_TAPCELL_ROW_78_1184,VPWR,li1,121.6700,225.4530,1.799657
TAP_TAPCELL_ROW_78_1183,VPWR,li1,95.9100,225.4530,1.799710
TAP_TAPCELL_ROW_78_1182,VPWR,li1,70.1500,225.4530,1.799784
TAP_TAPCELL_ROW_78_1181,VPWR,li1,44.3900,225.4530,1.799866
TAP_TAPCELL_ROW_78_1180,VPWR,li1,18.6300,225.4530,1.799958
TAP_TAPCELL_ROW_77_1179,VPWR,li1,314.8700,220.6260,1.799015
TAP_TAPCELL_ROW_77_1178,VPWR,li1,289.1100,220.6260,1.799049
TAP_TAPCELL_ROW_77_1177,VPWR,li1,263.3500,220.6260,1.799114
TAP_TAPCELL_ROW_77_1176,VPWR,li1,237.5900,220.6260,1.799216
TAP_TAPCELL_ROW_77_1175,VPWR,li1,211.8300,220.6260,1.799352
TAP_TAPCELL_ROW_77_1174,VPWR,li1,186.0700,220.6260,1.799668
TAP_TAPCELL_ROW_77_1173,VPWR,li1,160.3100,220.6260,1.799789
TAP_TAPCELL_ROW_77_1172,VPWR,li1,134.5500,220.6260,1.799763
TAP_TAPCELL_ROW_77_1171,VPWR,li1,108.7900,220.6260,1.799782
TAP_TAPCELL_ROW_77_1170,VPWR,li1,83.0300,220.6260,1.799814
TAP_TAPCELL_ROW_77_1169,VPWR,li1,57.2700,220.6260,1.799854
TAP_TAPCELL_ROW_77_1168,VPWR,li1,31.5100,220.6260,1.799917
TAP_TAPCELL_ROW_76_1167,VPWR,li1,301.9900,220.0130,1.799027
TAP_TAPCELL_ROW_76_1166,VPWR,li1,276.2300,220.0130,1.799076
TAP_TAPCELL_ROW_76_1165,VPWR,li1,250.4700,220.0130,1.799165
TAP_TAPCELL_ROW_76_1164,VPWR,li1,224.7100,220.0130,1.799278
TAP_TAPCELL_ROW_76_1163,VPWR,li1,198.9500,220.0130,1.799508
TAP_TAPCELL_ROW_76_1162,VPWR,li1,173.1900,220.0130,1.799817
TAP_TAPCELL_ROW_76_1161,VPWR,li1,147.4300,220.0130,1.799770
TAP_TAPCELL_ROW_76_1160,VPWR,li1,121.6700,220.0130,1.799767
TAP_TAPCELL_ROW_76_1159,VPWR,li1,95.9100,220.0130,1.799796
TAP_TAPCELL_ROW_76_1158,VPWR,li1,70.1500,220.0130,1.799835
TAP_TAPCELL_ROW_76_1157,VPWR,li1,44.3900,220.0130,1.799885
TAP_TAPCELL_ROW_76_1156,VPWR,li1,18.6300,220.0130,1.799944
TAP_TAPCELL_ROW_75_1155,VPWR,li1,314.8700,215.1860,1.799310
TAP_TAPCELL_ROW_75_1154,VPWR,li1,289.1100,215.1860,1.799338
TAP_TAPCELL_ROW_75_1153,VPWR,li1,263.3500,215.1860,1.799388
TAP_TAPCELL_ROW_75_1152,VPWR,li1,237.5900,215.1860,1.799483
TAP_TAPCELL_ROW_75_1151,VPWR,li1,211.8300,215.1860,1.799625
TAP_TAPCELL_ROW_75_1150,VPWR,li1,186.0700,215.1860,1.799787
TAP_TAPCELL_ROW_75_1149,VPWR,li1,160.3100,215.1860,1.799741
TAP_TAPCELL_ROW_75_1148,VPWR,li1,134.5500,215.1860,1.799584
TAP_TAPCELL_ROW_75_1147,VPWR,li1,108.7900,215.1860,1.799483
TAP_TAPCELL_ROW_75_1146,VPWR,li1,83.0300,215.1860,1.799511
TAP_TAPCELL_ROW_75_1145,VPWR,li1,57.2700,215.1860,1.799624
TAP_TAPCELL_ROW_75_1144,VPWR,li1,31.5100,215.1860,1.799796
TAP_TAPCELL_ROW_74_1143,VPWR,li1,301.9900,214.5730,1.799321
TAP_TAPCELL_ROW_74_1142,VPWR,li1,276.2300,214.5730,1.799357
TAP_TAPCELL_ROW_74_1141,VPWR,li1,250.4700,214.5730,1.799433
TAP_TAPCELL_ROW_74_1140,VPWR,li1,224.7100,214.5730,1.799554
TAP_TAPCELL_ROW_74_1139,VPWR,li1,198.9500,214.5730,1.799705
TAP_TAPCELL_ROW_74_1138,VPWR,li1,173.1900,214.5730,1.799839
TAP_TAPCELL_ROW_74_1137,VPWR,li1,147.4300,214.5730,1.799663
TAP_TAPCELL_ROW_74_1136,VPWR,li1,121.6700,214.5730,1.799517
TAP_TAPCELL_ROW_74_1135,VPWR,li1,95.9100,214.5730,1.799495
TAP_TAPCELL_ROW_74_1134,VPWR,li1,70.1500,214.5730,1.799544
TAP_TAPCELL_ROW_74_1133,VPWR,li1,44.3900,214.5730,1.799703
TAP_TAPCELL_ROW_74_1132,VPWR,li1,18.6300,214.5730,1.799887
TAP_TAPCELL_ROW_73_1131,VPWR,li1,314.8700,209.7460,1.798787
TAP_TAPCELL_ROW_73_1130,VPWR,li1,289.1100,209.7460,1.798808
TAP_TAPCELL_ROW_73_1129,VPWR,li1,263.3500,209.7460,1.798847
TAP_TAPCELL_ROW_73_1128,VPWR,li1,237.5900,209.7460,1.799075
TAP_TAPCELL_ROW_73_1127,VPWR,li1,211.8300,209.7460,1.799346
TAP_TAPCELL_ROW_73_1126,VPWR,li1,186.0700,209.7460,1.799671
TAP_TAPCELL_ROW_73_1125,VPWR,li1,160.3100,209.7460,1.799747
TAP_TAPCELL_ROW_73_1124,VPWR,li1,134.5500,209.7460,1.799708
TAP_TAPCELL_ROW_73_1123,VPWR,li1,108.7900,209.7460,1.799743
TAP_TAPCELL_ROW_73_1122,VPWR,li1,83.0300,209.7460,1.799800
TAP_TAPCELL_ROW_73_1121,VPWR,li1,57.2700,209.7460,1.799866
TAP_TAPCELL_ROW_73_1120,VPWR,li1,31.5100,209.7460,1.799939
TAP_TAPCELL_ROW_72_1119,VPWR,li1,301.9900,209.1330,1.798795
TAP_TAPCELL_ROW_72_1118,VPWR,li1,276.2300,209.1330,1.798820
TAP_TAPCELL_ROW_72_1117,VPWR,li1,250.4700,209.1330,1.798938
TAP_TAPCELL_ROW_72_1116,VPWR,li1,224.7100,209.1330,1.799196
TAP_TAPCELL_ROW_72_1115,VPWR,li1,198.9500,209.1330,1.799490
TAP_TAPCELL_ROW_72_1114,VPWR,li1,173.1900,209.1330,1.799796
TAP_TAPCELL_ROW_72_1113,VPWR,li1,147.4300,209.1330,1.799713
TAP_TAPCELL_ROW_72_1112,VPWR,li1,121.6700,209.1330,1.799718
TAP_TAPCELL_ROW_72_1111,VPWR,li1,95.9100,209.1330,1.799770
TAP_TAPCELL_ROW_72_1110,VPWR,li1,70.1500,209.1330,1.799833
TAP_TAPCELL_ROW_72_1109,VPWR,li1,44.3900,209.1330,1.799902
TAP_TAPCELL_ROW_72_1108,VPWR,li1,18.6300,209.1330,1.799964
TAP_TAPCELL_ROW_71_1107,VPWR,li1,314.8700,204.3060,1.799145
TAP_TAPCELL_ROW_71_1106,VPWR,li1,289.1100,204.3060,1.799163
TAP_TAPCELL_ROW_71_1105,VPWR,li1,263.3500,204.3060,1.799195
TAP_TAPCELL_ROW_71_1104,VPWR,li1,237.5900,204.3060,1.799272
TAP_TAPCELL_ROW_71_1103,VPWR,li1,211.8300,204.3060,1.799427
TAP_TAPCELL_ROW_71_1102,VPWR,li1,186.0700,204.3060,1.799679
TAP_TAPCELL_ROW_71_1101,VPWR,li1,160.3100,204.3060,1.799760
TAP_TAPCELL_ROW_71_1100,VPWR,li1,134.5500,204.3060,1.799719
TAP_TAPCELL_ROW_71_1099,VPWR,li1,108.7900,204.3060,1.799724
TAP_TAPCELL_ROW_71_1098,VPWR,li1,83.0300,204.3060,1.799768
TAP_TAPCELL_ROW_71_1097,VPWR,li1,57.2700,204.3060,1.799834
TAP_TAPCELL_ROW_71_1096,VPWR,li1,31.5100,204.3060,1.799918
TAP_TAPCELL_ROW_70_1095,VPWR,li1,301.9900,203.6930,1.799153
TAP_TAPCELL_ROW_70_1094,VPWR,li1,276.2300,203.6930,1.799174
TAP_TAPCELL_ROW_70_1093,VPWR,li1,250.4700,203.6930,1.799225
TAP_TAPCELL_ROW_70_1092,VPWR,li1,224.7100,203.6930,1.799322
TAP_TAPCELL_ROW_70_1091,VPWR,li1,198.9500,203.6930,1.799558
TAP_TAPCELL_ROW_70_1090,VPWR,li1,173.1900,203.6930,1.799806
TAP_TAPCELL_ROW_70_1089,VPWR,li1,147.4300,203.6930,1.799731
TAP_TAPCELL_ROW_70_1088,VPWR,li1,121.6700,203.6930,1.799719
TAP_TAPCELL_ROW_70_1087,VPWR,li1,95.9100,203.6930,1.799740
TAP_TAPCELL_ROW_70_1086,VPWR,li1,70.1500,203.6930,1.799803
TAP_TAPCELL_ROW_70_1085,VPWR,li1,44.3900,203.6930,1.799879
TAP_TAPCELL_ROW_70_1084,VPWR,li1,18.6300,203.6930,1.799950
TAP_TAPCELL_ROW_69_1083,VPWR,li1,314.8700,198.8660,1.799371
TAP_TAPCELL_ROW_69_1082,VPWR,li1,289.1100,198.8660,1.799403
TAP_TAPCELL_ROW_69_1081,VPWR,li1,263.3500,198.8660,1.799475
TAP_TAPCELL_ROW_69_1080,VPWR,li1,237.5900,198.8660,1.799568
TAP_TAPCELL_ROW_69_1079,VPWR,li1,211.8300,198.8660,1.799691
TAP_TAPCELL_ROW_69_1078,VPWR,li1,186.0700,198.8660,1.799826
TAP_TAPCELL_ROW_69_1077,VPWR,li1,160.3100,198.8660,1.799826
TAP_TAPCELL_ROW_69_1076,VPWR,li1,134.5500,198.8660,1.799760
TAP_TAPCELL_ROW_69_1075,VPWR,li1,108.7900,198.8660,1.799730
TAP_TAPCELL_ROW_69_1074,VPWR,li1,83.0300,198.8660,1.799737
TAP_TAPCELL_ROW_69_1073,VPWR,li1,57.2700,198.8660,1.799790
TAP_TAPCELL_ROW_69_1072,VPWR,li1,31.5100,198.8660,1.799879
TAP_TAPCELL_ROW_68_1071,VPWR,li1,301.9900,198.2530,1.799383
TAP_TAPCELL_ROW_68_1070,VPWR,li1,276.2300,198.2530,1.799437
TAP_TAPCELL_ROW_68_1069,VPWR,li1,250.4700,198.2530,1.799515
TAP_TAPCELL_ROW_68_1068,VPWR,li1,224.7100,198.2530,1.799634
TAP_TAPCELL_ROW_68_1067,VPWR,li1,198.9500,198.2530,1.799757
TAP_TAPCELL_ROW_68_1066,VPWR,li1,173.1900,198.2530,1.799880
TAP_TAPCELL_ROW_68_1065,VPWR,li1,147.4300,198.2530,1.799786
TAP_TAPCELL_ROW_68_1064,VPWR,li1,121.6700,198.2530,1.799740
TAP_TAPCELL_ROW_68_1063,VPWR,li1,95.9100,198.2530,1.799731
TAP_TAPCELL_ROW_68_1062,VPWR,li1,70.1500,198.2530,1.799756
TAP_TAPCELL_ROW_68_1061,VPWR,li1,44.3900,198.2530,1.799827
TAP_TAPCELL_ROW_68_1060,VPWR,li1,18.6300,198.2530,1.799915
TAP_TAPCELL_ROW_67_1059,VPWR,li1,314.8700,193.4260,1.799172
TAP_TAPCELL_ROW_67_1058,VPWR,li1,289.1100,193.4260,1.799182
TAP_TAPCELL_ROW_67_1057,VPWR,li1,263.3500,193.4260,1.799229
TAP_TAPCELL_ROW_67_1056,VPWR,li1,237.5900,193.4260,1.799299
TAP_TAPCELL_ROW_67_1055,VPWR,li1,211.8300,193.4260,1.799456
TAP_TAPCELL_ROW_67_1054,VPWR,li1,186.0700,193.4260,1.799727
TAP_TAPCELL_ROW_67_1053,VPWR,li1,160.3100,193.4260,1.799753
TAP_TAPCELL_ROW_67_1052,VPWR,li1,134.5500,193.4260,1.799663
TAP_TAPCELL_ROW_67_1051,VPWR,li1,108.7900,193.4260,1.799613
TAP_TAPCELL_ROW_67_1050,VPWR,li1,83.0300,193.4260,1.799638
TAP_TAPCELL_ROW_67_1049,VPWR,li1,57.2700,193.4260,1.799741
TAP_TAPCELL_ROW_67_1048,VPWR,li1,31.5100,193.4260,1.799878
TAP_TAPCELL_ROW_66_1047,VPWR,li1,301.9900,192.8130,1.799176
TAP_TAPCELL_ROW_66_1046,VPWR,li1,276.2300,192.8130,1.799201
TAP_TAPCELL_ROW_66_1045,VPWR,li1,250.4700,192.8130,1.799259
TAP_TAPCELL_ROW_66_1044,VPWR,li1,224.7100,192.8130,1.799355
TAP_TAPCELL_ROW_66_1043,VPWR,li1,198.9500,192.8130,1.799587
TAP_TAPCELL_ROW_66_1042,VPWR,li1,173.1900,192.8130,1.799813
TAP_TAPCELL_ROW_66_1041,VPWR,li1,147.4300,192.8130,1.799702
TAP_TAPCELL_ROW_66_1040,VPWR,li1,121.6700,192.8130,1.799632
TAP_TAPCELL_ROW_66_1039,VPWR,li1,95.9100,192.8130,1.799606
TAP_TAPCELL_ROW_66_1038,VPWR,li1,70.1500,192.8130,1.799687
TAP_TAPCELL_ROW_66_1037,VPWR,li1,44.3900,192.8130,1.799811
TAP_TAPCELL_ROW_66_1036,VPWR,li1,18.6300,192.8130,1.799922
TAP_TAPCELL_ROW_65_1035,VPWR,li1,314.8700,187.9860,1.798563
TAP_TAPCELL_ROW_65_1034,VPWR,li1,289.1100,187.9860,1.798648
TAP_TAPCELL_ROW_65_1033,VPWR,li1,263.3500,187.9860,1.798864
TAP_TAPCELL_ROW_65_1032,VPWR,li1,237.5900,187.9860,1.799105
TAP_TAPCELL_ROW_65_1031,VPWR,li1,211.8300,187.9860,1.799366
TAP_TAPCELL_ROW_65_1030,VPWR,li1,186.0700,187.9860,1.799687
TAP_TAPCELL_ROW_65_1029,VPWR,li1,160.3100,187.9860,1.799759
TAP_TAPCELL_ROW_65_1028,VPWR,li1,134.5500,187.9860,1.799695
TAP_TAPCELL_ROW_65_1027,VPWR,li1,108.7900,187.9860,1.799674
TAP_TAPCELL_ROW_65_1026,VPWR,li1,83.0300,187.9860,1.799697
TAP_TAPCELL_ROW_65_1025,VPWR,li1,57.2700,187.9860,1.799744
TAP_TAPCELL_ROW_65_1024,VPWR,li1,31.5100,187.9860,1.799856
TAP_TAPCELL_ROW_64_1023,VPWR,li1,301.9900,187.3730,1.798595
TAP_TAPCELL_ROW_64_1022,VPWR,li1,276.2300,187.3730,1.798752
TAP_TAPCELL_ROW_64_1021,VPWR,li1,250.4700,187.3730,1.798974
TAP_TAPCELL_ROW_64_1020,VPWR,li1,224.7100,187.3730,1.799234
TAP_TAPCELL_ROW_64_1019,VPWR,li1,198.9500,187.3730,1.799516
TAP_TAPCELL_ROW_64_1018,VPWR,li1,173.1900,187.3730,1.799815
TAP_TAPCELL_ROW_64_1017,VPWR,li1,147.4300,187.3730,1.799722
TAP_TAPCELL_ROW_64_1016,VPWR,li1,121.6700,187.3730,1.799681
TAP_TAPCELL_ROW_64_1015,VPWR,li1,95.9100,187.3730,1.799682
TAP_TAPCELL_ROW_64_1014,VPWR,li1,70.1500,187.3730,1.799718
TAP_TAPCELL_ROW_64_1013,VPWR,li1,44.3900,187.3730,1.799783
TAP_TAPCELL_ROW_64_1012,VPWR,li1,18.6300,187.3730,1.799925
TAP_TAPCELL_ROW_63_1011,VPWR,li1,314.8700,182.5460,1.798657
TAP_TAPCELL_ROW_63_1010,VPWR,li1,289.1100,182.5460,1.798688
TAP_TAPCELL_ROW_63_1009,VPWR,li1,263.3500,182.5460,1.798754
TAP_TAPCELL_ROW_63_1008,VPWR,li1,237.5900,182.5460,1.798937
TAP_TAPCELL_ROW_63_1007,VPWR,li1,211.8300,182.5460,1.799173
TAP_TAPCELL_ROW_63_1006,VPWR,li1,186.0700,182.5460,1.799525
TAP_TAPCELL_ROW_63_1005,VPWR,li1,160.3100,182.5460,1.799585
TAP_TAPCELL_ROW_63_1004,VPWR,li1,134.5500,182.5460,1.799401
TAP_TAPCELL_ROW_63_1003,VPWR,li1,108.7900,182.5460,1.799373
TAP_TAPCELL_ROW_63_1002,VPWR,li1,83.0300,182.5460,1.799417
TAP_TAPCELL_ROW_63_1001,VPWR,li1,57.2700,182.5460,1.799522
TAP_TAPCELL_ROW_63_1000,VPWR,li1,31.5100,182.5460,1.799759
TAP_TAPCELL_ROW_62_999,VPWR,li1,301.9900,181.9330,1.798667
TAP_TAPCELL_ROW_62_998,VPWR,li1,276.2300,181.9330,1.798716
TAP_TAPCELL_ROW_62_997,VPWR,li1,250.4700,181.9330,1.798834
TAP_TAPCELL_ROW_62_996,VPWR,li1,224.7100,181.9330,1.799050
TAP_TAPCELL_ROW_62_995,VPWR,li1,198.9500,181.9330,1.799333
TAP_TAPCELL_ROW_62_994,VPWR,li1,173.1900,181.9330,1.799701
TAP_TAPCELL_ROW_62_993,VPWR,li1,147.4300,181.9330,1.799475
TAP_TAPCELL_ROW_62_992,VPWR,li1,121.6700,181.9330,1.799369
TAP_TAPCELL_ROW_62_991,VPWR,li1,95.9100,181.9330,1.799393
TAP_TAPCELL_ROW_62_990,VPWR,li1,70.1500,181.9330,1.799447
TAP_TAPCELL_ROW_62_989,VPWR,li1,44.3900,181.9330,1.799619
TAP_TAPCELL_ROW_62_988,VPWR,li1,18.6300,181.9330,1.799878
TAP_TAPCELL_ROW_61_987,VPWR,li1,314.8700,177.1060,1.799321
TAP_TAPCELL_ROW_61_986,VPWR,li1,289.1100,177.1060,1.799343
TAP_TAPCELL_ROW_61_985,VPWR,li1,263.3500,177.1060,1.799395
TAP_TAPCELL_ROW_61_984,VPWR,li1,237.5900,177.1060,1.799470
TAP_TAPCELL_ROW_61_983,VPWR,li1,211.8300,177.1060,1.799610
TAP_TAPCELL_ROW_61_982,VPWR,li1,186.0700,177.1060,1.799777
TAP_TAPCELL_ROW_61_981,VPWR,li1,160.3100,177.1060,1.799792
TAP_TAPCELL_ROW_61_980,VPWR,li1,134.5500,177.1060,1.799729
TAP_TAPCELL_ROW_61_979,VPWR,li1,108.7900,177.1060,1.799727
TAP_TAPCELL_ROW_61_978,VPWR,li1,83.0300,177.1060,1.799763
TAP_TAPCELL_ROW_61_977,VPWR,li1,57.2700,177.1060,1.799838
TAP_TAPCELL_ROW_61_976,VPWR,li1,31.5100,177.1060,1.799918
TAP_TAPCELL_ROW_60_975,VPWR,li1,301.9900,176.4930,1.799332
TAP_TAPCELL_ROW_60_974,VPWR,li1,276.2300,176.4930,1.799365
TAP_TAPCELL_ROW_60_973,VPWR,li1,250.4700,176.4930,1.799426
TAP_TAPCELL_ROW_60_972,VPWR,li1,224.7100,176.4930,1.799534
TAP_TAPCELL_ROW_60_971,VPWR,li1,198.9500,176.4930,1.799689
TAP_TAPCELL_ROW_60_970,VPWR,li1,173.1900,176.4930,1.799845
TAP_TAPCELL_ROW_60_969,VPWR,li1,147.4300,176.4930,1.799749
TAP_TAPCELL_ROW_60_968,VPWR,li1,121.6700,176.4930,1.799717
TAP_TAPCELL_ROW_60_967,VPWR,li1,95.9100,176.4930,1.799743
TAP_TAPCELL_ROW_60_966,VPWR,li1,70.1500,176.4930,1.799794
TAP_TAPCELL_ROW_60_965,VPWR,li1,44.3900,176.4930,1.799875
TAP_TAPCELL_ROW_60_964,VPWR,li1,18.6300,176.4930,1.799944
TAP_TAPCELL_ROW_59_963,VPWR,li1,314.8700,171.6660,1.799054
TAP_TAPCELL_ROW_59_962,VPWR,li1,289.1100,171.6660,1.799090
TAP_TAPCELL_ROW_59_961,VPWR,li1,263.3500,171.6660,1.799165
TAP_TAPCELL_ROW_59_960,VPWR,li1,237.5900,171.6660,1.799269
TAP_TAPCELL_ROW_59_959,VPWR,li1,211.8300,171.6660,1.799416
TAP_TAPCELL_ROW_59_958,VPWR,li1,186.0700,171.6660,1.799622
TAP_TAPCELL_ROW_59_957,VPWR,li1,160.3100,171.6660,1.799629
TAP_TAPCELL_ROW_59_956,VPWR,li1,134.5500,171.6660,1.799603
TAP_TAPCELL_ROW_59_955,VPWR,li1,108.7900,171.6660,1.799617
TAP_TAPCELL_ROW_59_954,VPWR,li1,83.0300,171.6660,1.799668
TAP_TAPCELL_ROW_59_953,VPWR,li1,57.2700,171.6660,1.799757
TAP_TAPCELL_ROW_59_952,VPWR,li1,31.5100,171.6660,1.799883
TAP_TAPCELL_ROW_58_951,VPWR,li1,301.9900,171.0530,1.799068
TAP_TAPCELL_ROW_58_950,VPWR,li1,276.2300,171.0530,1.799123
TAP_TAPCELL_ROW_58_949,VPWR,li1,250.4700,171.0530,1.799211
TAP_TAPCELL_ROW_58_948,VPWR,li1,224.7100,171.0530,1.799328
TAP_TAPCELL_ROW_58_947,VPWR,li1,198.9500,171.0530,1.799520
TAP_TAPCELL_ROW_58_946,VPWR,li1,173.1900,171.0530,1.799719
TAP_TAPCELL_ROW_58_945,VPWR,li1,147.4300,171.0530,1.799611
TAP_TAPCELL_ROW_58_944,VPWR,li1,121.6700,171.0530,1.799607
TAP_TAPCELL_ROW_58_943,VPWR,li1,95.9100,171.0530,1.799639
TAP_TAPCELL_ROW_58_942,VPWR,li1,70.1500,171.0530,1.799708
TAP_TAPCELL_ROW_58_941,VPWR,li1,44.3900,171.0530,1.799814
TAP_TAPCELL_ROW_58_940,VPWR,li1,18.6300,171.0530,1.799932
TAP_TAPCELL_ROW_57_939,VPWR,li1,314.8700,166.2260,1.799504
TAP_TAPCELL_ROW_57_938,VPWR,li1,289.1100,166.2260,1.799528
TAP_TAPCELL_ROW_57_937,VPWR,li1,263.3500,166.2260,1.799569
TAP_TAPCELL_ROW_57_936,VPWR,li1,237.5900,166.2260,1.799637
TAP_TAPCELL_ROW_57_935,VPWR,li1,211.8300,166.2260,1.799737
TAP_TAPCELL_ROW_57_934,VPWR,li1,186.0700,166.2260,1.799857
TAP_TAPCELL_ROW_57_933,VPWR,li1,160.3100,166.2260,1.799879
TAP_TAPCELL_ROW_57_932,VPWR,li1,134.5500,166.2260,1.799833
TAP_TAPCELL_ROW_57_931,VPWR,li1,108.7900,166.2260,1.799809
TAP_TAPCELL_ROW_57_930,VPWR,li1,83.0300,166.2260,1.799821
TAP_TAPCELL_ROW_57_929,VPWR,li1,57.2700,166.2260,1.799848
TAP_TAPCELL_ROW_57_928,VPWR,li1,31.5100,166.2260,1.799910
TAP_TAPCELL_ROW_56_927,VPWR,li1,301.9900,165.6130,1.799514
TAP_TAPCELL_ROW_56_926,VPWR,li1,276.2300,165.6130,1.799546
TAP_TAPCELL_ROW_56_925,VPWR,li1,250.4700,165.6130,1.799599
TAP_TAPCELL_ROW_56_924,VPWR,li1,224.7100,165.6130,1.799682
TAP_TAPCELL_ROW_56_923,VPWR,li1,198.9500,165.6130,1.799789
TAP_TAPCELL_ROW_56_922,VPWR,li1,173.1900,165.6130,1.799911
TAP_TAPCELL_ROW_56_921,VPWR,li1,147.4300,165.6130,1.799856
TAP_TAPCELL_ROW_56_920,VPWR,li1,121.6700,165.6130,1.799814
TAP_TAPCELL_ROW_56_919,VPWR,li1,95.9100,165.6130,1.799814
TAP_TAPCELL_ROW_56_918,VPWR,li1,70.1500,165.6130,1.799833
TAP_TAPCELL_ROW_56_917,VPWR,li1,44.3900,165.6130,1.799877
TAP_TAPCELL_ROW_56_916,VPWR,li1,18.6300,165.6130,1.799941
TAP_TAPCELL_ROW_55_915,VPWR,li1,314.8700,160.7860,1.799620
TAP_TAPCELL_ROW_55_914,VPWR,li1,289.1100,160.7860,1.799625
TAP_TAPCELL_ROW_55_913,VPWR,li1,263.3500,160.7860,1.799649
TAP_TAPCELL_ROW_55_912,VPWR,li1,237.5900,160.7860,1.799700
TAP_TAPCELL_ROW_55_911,VPWR,li1,211.8300,160.7860,1.799778
TAP_TAPCELL_ROW_55_910,VPWR,li1,186.0700,160.7860,1.799876
TAP_TAPCELL_ROW_55_909,VPWR,li1,160.3100,160.7860,1.799873
TAP_TAPCELL_ROW_55_908,VPWR,li1,134.5500,160.7860,1.799819
TAP_TAPCELL_ROW_55_907,VPWR,li1,108.7900,160.7860,1.799817
TAP_TAPCELL_ROW_55_906,VPWR,li1,83.0300,160.7860,1.799841
TAP_TAPCELL_ROW_55_905,VPWR,li1,57.2700,160.7860,1.799890
TAP_TAPCELL_ROW_55_904,VPWR,li1,31.5100,160.7860,1.799945
TAP_TAPCELL_ROW_54_903,VPWR,li1,301.9900,160.1730,1.799622
TAP_TAPCELL_ROW_54_902,VPWR,li1,276.2300,160.1730,1.799637
TAP_TAPCELL_ROW_54_901,VPWR,li1,250.4700,160.1730,1.799669
TAP_TAPCELL_ROW_54_900,VPWR,li1,224.7100,160.1730,1.799734
TAP_TAPCELL_ROW_54_899,VPWR,li1,198.9500,160.1730,1.799823
TAP_TAPCELL_ROW_54_898,VPWR,li1,173.1900,160.1730,1.799909
TAP_TAPCELL_ROW_54_897,VPWR,li1,147.4300,160.1730,1.799841
TAP_TAPCELL_ROW_54_896,VPWR,li1,121.6700,160.1730,1.799812
TAP_TAPCELL_ROW_54_895,VPWR,li1,95.9100,160.1730,1.799825
TAP_TAPCELL_ROW_54_894,VPWR,li1,70.1500,160.1730,1.799863
TAP_TAPCELL_ROW_54_893,VPWR,li1,44.3900,160.1730,1.799917
TAP_TAPCELL_ROW_54_892,VPWR,li1,18.6300,160.1730,1.799968
TAP_TAPCELL_ROW_53_891,VPWR,li1,314.8700,155.3460,1.799148
TAP_TAPCELL_ROW_53_890,VPWR,li1,289.1100,155.3460,1.799180
TAP_TAPCELL_ROW_53_889,VPWR,li1,263.3500,155.3460,1.799240
TAP_TAPCELL_ROW_53_888,VPWR,li1,237.5900,155.3460,1.799323
TAP_TAPCELL_ROW_53_887,VPWR,li1,211.8300,155.3460,1.799442
TAP_TAPCELL_ROW_53_886,VPWR,li1,186.0700,155.3460,1.799661
TAP_TAPCELL_ROW_53_885,VPWR,li1,160.3100,155.3460,1.799659
TAP_TAPCELL_ROW_53_884,VPWR,li1,134.5500,155.3460,1.799463
TAP_TAPCELL_ROW_53_883,VPWR,li1,108.7900,155.3460,1.799379
TAP_TAPCELL_ROW_53_882,VPWR,li1,83.0300,155.3460,1.799402
TAP_TAPCELL_ROW_53_881,VPWR,li1,57.2700,155.3460,1.799555
TAP_TAPCELL_ROW_53_880,VPWR,li1,31.5100,155.3460,1.799773
TAP_TAPCELL_ROW_52_879,VPWR,li1,301.9900,154.7330,1.799161
TAP_TAPCELL_ROW_52_878,VPWR,li1,276.2300,154.7330,1.799200
TAP_TAPCELL_ROW_52_877,VPWR,li1,250.4700,154.7330,1.799278
TAP_TAPCELL_ROW_52_876,VPWR,li1,224.7100,154.7330,1.799375
TAP_TAPCELL_ROW_52_875,VPWR,li1,198.9500,154.7330,1.799539
TAP_TAPCELL_ROW_52_874,VPWR,li1,173.1900,154.7330,1.799768
TAP_TAPCELL_ROW_52_873,VPWR,li1,147.4300,154.7330,1.799548
TAP_TAPCELL_ROW_52_872,VPWR,li1,121.6700,154.7330,1.799418
TAP_TAPCELL_ROW_52_871,VPWR,li1,95.9100,154.7330,1.799382
TAP_TAPCELL_ROW_52_870,VPWR,li1,70.1500,154.7330,1.799451
TAP_TAPCELL_ROW_52_869,VPWR,li1,44.3900,154.7330,1.799657
TAP_TAPCELL_ROW_52_868,VPWR,li1,18.6300,154.7330,1.799855
TAP_TAPCELL_ROW_51_867,VPWR,li1,314.8700,149.9060,1.798134
TAP_TAPCELL_ROW_51_866,VPWR,li1,289.1100,149.9060,1.798234
TAP_TAPCELL_ROW_51_865,VPWR,li1,263.3500,149.9060,1.798421
TAP_TAPCELL_ROW_51_864,VPWR,li1,237.5900,149.9060,1.798712
TAP_TAPCELL_ROW_51_863,VPWR,li1,211.8300,149.9060,1.799090
TAP_TAPCELL_ROW_51_862,VPWR,li1,186.0700,149.9060,1.799546
TAP_TAPCELL_ROW_51_861,VPWR,li1,160.3100,149.9060,1.799665
TAP_TAPCELL_ROW_51_860,VPWR,li1,134.5500,149.9060,1.799629
TAP_TAPCELL_ROW_51_859,VPWR,li1,108.7900,149.9060,1.799638
TAP_TAPCELL_ROW_51_858,VPWR,li1,83.0300,149.9060,1.799684
TAP_TAPCELL_ROW_51_857,VPWR,li1,57.2700,149.9060,1.799748
TAP_TAPCELL_ROW_51_856,VPWR,li1,31.5100,149.9060,1.799864
TAP_TAPCELL_ROW_50_855,VPWR,li1,301.9900,149.2930,1.798168
TAP_TAPCELL_ROW_50_854,VPWR,li1,276.2300,149.2930,1.798313
TAP_TAPCELL_ROW_50_853,VPWR,li1,250.4700,149.2930,1.798551
TAP_TAPCELL_ROW_50_852,VPWR,li1,224.7100,149.2930,1.798885
TAP_TAPCELL_ROW_50_851,VPWR,li1,198.9500,149.2930,1.799319
TAP_TAPCELL_ROW_50_850,VPWR,li1,173.1900,149.2930,1.799728
TAP_TAPCELL_ROW_50_849,VPWR,li1,147.4300,149.2930,1.799634
TAP_TAPCELL_ROW_50_848,VPWR,li1,121.6700,149.2930,1.799629
TAP_TAPCELL_ROW_50_847,VPWR,li1,95.9100,149.2930,1.799657
TAP_TAPCELL_ROW_50_846,VPWR,li1,70.1500,149.2930,1.799715
TAP_TAPCELL_ROW_50_845,VPWR,li1,44.3900,149.2930,1.799788
TAP_TAPCELL_ROW_50_844,VPWR,li1,18.6300,149.2930,1.799913
TAP_TAPCELL_ROW_49_843,VPWR,li1,314.8700,144.4660,1.799369
TAP_TAPCELL_ROW_49_842,VPWR,li1,289.1100,144.4660,1.799386
TAP_TAPCELL_ROW_49_841,VPWR,li1,263.3500,144.4660,1.799414
TAP_TAPCELL_ROW_49_840,VPWR,li1,237.5900,144.4660,1.799496
TAP_TAPCELL_ROW_49_839,VPWR,li1,211.8300,144.4660,1.799637
TAP_TAPCELL_ROW_49_838,VPWR,li1,186.0700,144.4660,1.799798
TAP_TAPCELL_ROW_49_837,VPWR,li1,160.3100,144.4660,1.799837
TAP_TAPCELL_ROW_49_836,VPWR,li1,134.5500,144.4660,1.799784
TAP_TAPCELL_ROW_49_835,VPWR,li1,108.7900,144.4660,1.799778
TAP_TAPCELL_ROW_49_834,VPWR,li1,83.0300,144.4660,1.799799
TAP_TAPCELL_ROW_49_833,VPWR,li1,57.2700,144.4660,1.799847
TAP_TAPCELL_ROW_49_832,VPWR,li1,31.5100,144.4660,1.799921
TAP_TAPCELL_ROW_48_831,VPWR,li1,301.9900,143.8530,1.799377
TAP_TAPCELL_ROW_48_830,VPWR,li1,276.2300,143.8530,1.799395
TAP_TAPCELL_ROW_48_829,VPWR,li1,250.4700,143.8530,1.799448
TAP_TAPCELL_ROW_48_828,VPWR,li1,224.7100,143.8530,1.799555
TAP_TAPCELL_ROW_48_827,VPWR,li1,198.9500,143.8530,1.799712
TAP_TAPCELL_ROW_48_826,VPWR,li1,173.1900,143.8530,1.799876
TAP_TAPCELL_ROW_48_825,VPWR,li1,147.4300,143.8530,1.799806
TAP_TAPCELL_ROW_48_824,VPWR,li1,121.6700,143.8530,1.799775
TAP_TAPCELL_ROW_48_823,VPWR,li1,95.9100,143.8530,1.799787
TAP_TAPCELL_ROW_48_822,VPWR,li1,70.1500,143.8530,1.799817
TAP_TAPCELL_ROW_48_821,VPWR,li1,44.3900,143.8530,1.799880
TAP_TAPCELL_ROW_48_820,VPWR,li1,18.6300,143.8530,1.799955
TAP_TAPCELL_ROW_47_819,VPWR,li1,314.8700,139.0260,1.799363
TAP_TAPCELL_ROW_47_818,VPWR,li1,289.1100,139.0260,1.799398
TAP_TAPCELL_ROW_47_817,VPWR,li1,263.3500,139.0260,1.799465
TAP_TAPCELL_ROW_47_816,VPWR,li1,237.5900,139.0260,1.799550
TAP_TAPCELL_ROW_47_815,VPWR,li1,211.8300,139.0260,1.799671
TAP_TAPCELL_ROW_47_814,VPWR,li1,186.0700,139.0260,1.799812
TAP_TAPCELL_ROW_47_813,VPWR,li1,160.3100,139.0260,1.799838
TAP_TAPCELL_ROW_47_812,VPWR,li1,134.5500,139.0260,1.799793
TAP_TAPCELL_ROW_47_811,VPWR,li1,108.7900,139.0260,1.799785
TAP_TAPCELL_ROW_47_810,VPWR,li1,83.0300,139.0260,1.799807
TAP_TAPCELL_ROW_47_809,VPWR,li1,57.2700,139.0260,1.799849
TAP_TAPCELL_ROW_47_808,VPWR,li1,31.5100,139.0260,1.799924
TAP_TAPCELL_ROW_46_807,VPWR,li1,301.9900,138.4130,1.799377
TAP_TAPCELL_ROW_46_806,VPWR,li1,276.2300,138.4130,1.799429
TAP_TAPCELL_ROW_46_805,VPWR,li1,250.4700,138.4130,1.799502
TAP_TAPCELL_ROW_46_804,VPWR,li1,224.7100,138.4130,1.799603
TAP_TAPCELL_ROW_46_803,VPWR,li1,198.9500,138.4130,1.799736
TAP_TAPCELL_ROW_46_802,VPWR,li1,173.1900,138.4130,1.799878
TAP_TAPCELL_ROW_46_801,VPWR,li1,147.4300,138.4130,1.799811
TAP_TAPCELL_ROW_46_800,VPWR,li1,121.6700,138.4130,1.799788
TAP_TAPCELL_ROW_46_799,VPWR,li1,95.9100,138.4130,1.799788
TAP_TAPCELL_ROW_46_798,VPWR,li1,70.1500,138.4130,1.799828
TAP_TAPCELL_ROW_46_797,VPWR,li1,44.3900,138.4130,1.799883
TAP_TAPCELL_ROW_46_796,VPWR,li1,18.6300,138.4130,1.799948
TAP_TAPCELL_ROW_45_795,VPWR,li1,314.8700,133.5860,1.799295
TAP_TAPCELL_ROW_45_794,VPWR,li1,289.1100,133.5860,1.799315
TAP_TAPCELL_ROW_45_793,VPWR,li1,263.3500,133.5860,1.799387
TAP_TAPCELL_ROW_45_792,VPWR,li1,237.5900,133.5860,1.799477
TAP_TAPCELL_ROW_45_791,VPWR,li1,211.8300,133.5860,1.799586
TAP_TAPCELL_ROW_45_790,VPWR,li1,186.0700,133.5860,1.799737
TAP_TAPCELL_ROW_45_789,VPWR,li1,160.3100,133.5860,1.799750
TAP_TAPCELL_ROW_45_788,VPWR,li1,134.5500,133.5860,1.799626
TAP_TAPCELL_ROW_45_787,VPWR,li1,108.7900,133.5860,1.799543
TAP_TAPCELL_ROW_45_786,VPWR,li1,83.0300,133.5860,1.799552
TAP_TAPCELL_ROW_45_785,VPWR,li1,57.2700,133.5860,1.799665
TAP_TAPCELL_ROW_45_784,VPWR,li1,31.5100,133.5860,1.799844
TAP_TAPCELL_ROW_44_783,VPWR,li1,301.9900,132.9730,1.799303
TAP_TAPCELL_ROW_44_782,VPWR,li1,276.2300,132.9730,1.799347
TAP_TAPCELL_ROW_44_781,VPWR,li1,250.4700,132.9730,1.799427
TAP_TAPCELL_ROW_44_780,VPWR,li1,224.7100,132.9730,1.799531
TAP_TAPCELL_ROW_44_779,VPWR,li1,198.9500,132.9730,1.799657
TAP_TAPCELL_ROW_44_778,VPWR,li1,173.1900,132.9730,1.799817
TAP_TAPCELL_ROW_44_777,VPWR,li1,147.4300,132.9730,1.799684
TAP_TAPCELL_ROW_44_776,VPWR,li1,121.6700,132.9730,1.799577
TAP_TAPCELL_ROW_44_775,VPWR,li1,95.9100,132.9730,1.799542
TAP_TAPCELL_ROW_44_774,VPWR,li1,70.1500,132.9730,1.799585
TAP_TAPCELL_ROW_44_773,VPWR,li1,44.3900,132.9730,1.799754
TAP_TAPCELL_ROW_44_772,VPWR,li1,18.6300,132.9730,1.799919
TAP_TAPCELL_ROW_43_771,VPWR,li1,314.8700,128.1460,1.799591
TAP_TAPCELL_ROW_43_770,VPWR,li1,289.1100,128.1460,1.799612
TAP_TAPCELL_ROW_43_769,VPWR,li1,263.3500,128.1460,1.799645
TAP_TAPCELL_ROW_43_768,VPWR,li1,237.5900,128.1460,1.799702
TAP_TAPCELL_ROW_43_767,VPWR,li1,211.8300,128.1460,1.799778
TAP_TAPCELL_ROW_43_766,VPWR,li1,186.0700,128.1460,1.799880
TAP_TAPCELL_ROW_43_765,VPWR,li1,160.3100,128.1460,1.799871
TAP_TAPCELL_ROW_43_764,VPWR,li1,134.5500,128.1460,1.799821
TAP_TAPCELL_ROW_43_763,VPWR,li1,108.7900,128.1460,1.799801
TAP_TAPCELL_ROW_43_762,VPWR,li1,83.0300,128.1460,1.799797
TAP_TAPCELL_ROW_43_761,VPWR,li1,57.2700,128.1460,1.799826
TAP_TAPCELL_ROW_43_760,VPWR,li1,31.5100,128.1460,1.799912
TAP_TAPCELL_ROW_42_759,VPWR,li1,301.9900,127.5330,1.799601
TAP_TAPCELL_ROW_42_758,VPWR,li1,276.2300,127.5330,1.799625
TAP_TAPCELL_ROW_42_757,VPWR,li1,250.4700,127.5330,1.799666
TAP_TAPCELL_ROW_42_756,VPWR,li1,224.7100,127.5330,1.799737
TAP_TAPCELL_ROW_42_755,VPWR,li1,198.9500,127.5330,1.799832
TAP_TAPCELL_ROW_42_754,VPWR,li1,173.1900,127.5330,1.799912
TAP_TAPCELL_ROW_42_753,VPWR,li1,147.4300,127.5330,1.799843
TAP_TAPCELL_ROW_42_752,VPWR,li1,121.6700,127.5330,1.799809
TAP_TAPCELL_ROW_42_751,VPWR,li1,95.9100,127.5330,1.799799
TAP_TAPCELL_ROW_42_750,VPWR,li1,70.1500,127.5330,1.799803
TAP_TAPCELL_ROW_42_749,VPWR,li1,44.3900,127.5330,1.799864
TAP_TAPCELL_ROW_42_748,VPWR,li1,18.6300,127.5330,1.799942
TAP_TAPCELL_ROW_41_747,VPWR,li1,314.8700,122.7060,1.798993
TAP_TAPCELL_ROW_41_746,VPWR,li1,289.1100,122.7060,1.799024
TAP_TAPCELL_ROW_41_745,VPWR,li1,263.3500,122.7060,1.799068
TAP_TAPCELL_ROW_41_744,VPWR,li1,237.5900,122.7060,1.799172
TAP_TAPCELL_ROW_41_743,VPWR,li1,211.8300,122.7060,1.799330
TAP_TAPCELL_ROW_41_742,VPWR,li1,186.0700,122.7060,1.799627
TAP_TAPCELL_ROW_41_741,VPWR,li1,160.3100,122.7060,1.799612
TAP_TAPCELL_ROW_41_740,VPWR,li1,134.5500,122.7060,1.799439
TAP_TAPCELL_ROW_41_739,VPWR,li1,108.7900,122.7060,1.799352
TAP_TAPCELL_ROW_41_738,VPWR,li1,83.0300,122.7060,1.799398
TAP_TAPCELL_ROW_41_737,VPWR,li1,57.2700,122.7060,1.799521
TAP_TAPCELL_ROW_41_736,VPWR,li1,31.5100,122.7060,1.799756
TAP_TAPCELL_ROW_40_735,VPWR,li1,301.9900,122.0930,1.799007
TAP_TAPCELL_ROW_40_734,VPWR,li1,276.2300,122.0930,1.799047
TAP_TAPCELL_ROW_40_733,VPWR,li1,250.4700,122.0930,1.799111
TAP_TAPCELL_ROW_40_732,VPWR,li1,224.7100,122.0930,1.799239
TAP_TAPCELL_ROW_40_731,VPWR,li1,198.9500,122.0930,1.799477
TAP_TAPCELL_ROW_40_730,VPWR,li1,173.1900,122.0930,1.799739
TAP_TAPCELL_ROW_40_729,VPWR,li1,147.4300,122.0930,1.799510
TAP_TAPCELL_ROW_40_728,VPWR,li1,121.6700,122.0930,1.799392
TAP_TAPCELL_ROW_40_727,VPWR,li1,95.9100,122.0930,1.799354
TAP_TAPCELL_ROW_40_726,VPWR,li1,70.1500,122.0930,1.799452
TAP_TAPCELL_ROW_40_725,VPWR,li1,44.3900,122.0930,1.799633
TAP_TAPCELL_ROW_40_724,VPWR,li1,18.6300,122.0930,1.799859
TAP_TAPCELL_ROW_39_723,VPWR,li1,314.8700,117.2660,1.798525
TAP_TAPCELL_ROW_39_722,VPWR,li1,289.1100,117.2660,1.798555
TAP_TAPCELL_ROW_39_721,VPWR,li1,263.3500,117.2660,1.798616
TAP_TAPCELL_ROW_39_720,VPWR,li1,237.5900,117.2660,1.798827
TAP_TAPCELL_ROW_39_719,VPWR,li1,211.8300,117.2660,1.799187
TAP_TAPCELL_ROW_39_718,VPWR,li1,186.0700,117.2660,1.799625
TAP_TAPCELL_ROW_39_717,VPWR,li1,160.3100,117.2660,1.799733
TAP_TAPCELL_ROW_39_716,VPWR,li1,134.5500,117.2660,1.799685
TAP_TAPCELL_ROW_39_715,VPWR,li1,108.7900,117.2660,1.799673
TAP_TAPCELL_ROW_39_714,VPWR,li1,83.0300,117.2660,1.799698
TAP_TAPCELL_ROW_39_713,VPWR,li1,57.2700,117.2660,1.799750
TAP_TAPCELL_ROW_39_712,VPWR,li1,31.5100,117.2660,1.799888
TAP_TAPCELL_ROW_38_711,VPWR,li1,301.9900,116.6530,1.798539
TAP_TAPCELL_ROW_38_710,VPWR,li1,276.2300,116.6530,1.798581
TAP_TAPCELL_ROW_38_709,VPWR,li1,250.4700,116.6530,1.798684
TAP_TAPCELL_ROW_38_708,VPWR,li1,224.7100,116.6530,1.798979
TAP_TAPCELL_ROW_38_707,VPWR,li1,198.9500,116.6530,1.799403
TAP_TAPCELL_ROW_38_706,VPWR,li1,173.1900,116.6530,1.799781
TAP_TAPCELL_ROW_38_705,VPWR,li1,147.4300,116.6530,1.799702
TAP_TAPCELL_ROW_38_704,VPWR,li1,121.6700,116.6530,1.799677
TAP_TAPCELL_ROW_38_703,VPWR,li1,95.9100,116.6530,1.799682
TAP_TAPCELL_ROW_38_702,VPWR,li1,70.1500,116.6530,1.799724
TAP_TAPCELL_ROW_38_701,VPWR,li1,44.3900,116.6530,1.799815
TAP_TAPCELL_ROW_38_700,VPWR,li1,18.6300,116.6530,1.799939
TAP_TAPCELL_ROW_37_699,VPWR,li1,314.8700,111.8260,1.798857
TAP_TAPCELL_ROW_37_698,VPWR,li1,289.1100,111.8260,1.798937
TAP_TAPCELL_ROW_37_697,VPWR,li1,263.3500,111.8260,1.799090
TAP_TAPCELL_ROW_37_696,VPWR,li1,237.5900,111.8260,1.799257
TAP_TAPCELL_ROW_37_695,VPWR,li1,211.8300,111.8260,1.799461
TAP_TAPCELL_ROW_37_694,VPWR,li1,186.0700,111.8260,1.799714
TAP_TAPCELL_ROW_37_693,VPWR,li1,160.3100,111.8260,1.799774
TAP_TAPCELL_ROW_37_692,VPWR,li1,134.5500,111.8260,1.799677
TAP_TAPCELL_ROW_37_691,VPWR,li1,108.7900,111.8260,1.799605
TAP_TAPCELL_ROW_37_690,VPWR,li1,83.0300,111.8260,1.799603
TAP_TAPCELL_ROW_37_689,VPWR,li1,57.2700,111.8260,1.799686
TAP_TAPCELL_ROW_37_688,VPWR,li1,31.5100,111.8260,1.799844
TAP_TAPCELL_ROW_36_687,VPWR,li1,301.9900,111.2130,1.798887
TAP_TAPCELL_ROW_36_686,VPWR,li1,276.2300,111.2130,1.799008
TAP_TAPCELL_ROW_36_685,VPWR,li1,250.4700,111.2130,1.799166
TAP_TAPCELL_ROW_36_684,VPWR,li1,224.7100,111.2130,1.799352
TAP_TAPCELL_ROW_36_683,VPWR,li1,198.9500,111.2130,1.799579
TAP_TAPCELL_ROW_36_682,VPWR,li1,173.1900,111.2130,1.799829
TAP_TAPCELL_ROW_36_681,VPWR,li1,147.4300,111.2130,1.799722
TAP_TAPCELL_ROW_36_680,VPWR,li1,121.6700,111.2130,1.799639
TAP_TAPCELL_ROW_36_679,VPWR,li1,95.9100,111.2130,1.799588
TAP_TAPCELL_ROW_36_678,VPWR,li1,70.1500,111.2130,1.799639
TAP_TAPCELL_ROW_36_677,VPWR,li1,44.3900,111.2130,1.799764
TAP_TAPCELL_ROW_36_676,VPWR,li1,18.6300,111.2130,1.799908
TAP_TAPCELL_ROW_35_675,VPWR,li1,314.8700,106.3860,1.799091
TAP_TAPCELL_ROW_35_674,VPWR,li1,289.1100,106.3860,1.799095
TAP_TAPCELL_ROW_35_673,VPWR,li1,263.3500,106.3860,1.799181
TAP_TAPCELL_ROW_35_672,VPWR,li1,237.5900,106.3860,1.799311
TAP_TAPCELL_ROW_35_671,VPWR,li1,211.8300,106.3860,1.799460
TAP_TAPCELL_ROW_35_670,VPWR,li1,186.0700,106.3860,1.799695
TAP_TAPCELL_ROW_35_669,VPWR,li1,160.3100,106.3860,1.799712
TAP_TAPCELL_ROW_35_668,VPWR,li1,134.5500,106.3860,1.799593
TAP_TAPCELL_ROW_35_667,VPWR,li1,108.7900,106.3860,1.799572
TAP_TAPCELL_ROW_35_666,VPWR,li1,83.0300,106.3860,1.799656
TAP_TAPCELL_ROW_35_665,VPWR,li1,57.2700,106.3860,1.799764
TAP_TAPCELL_ROW_35_664,VPWR,li1,31.5100,106.3860,1.799890
TAP_TAPCELL_ROW_34_663,VPWR,li1,301.9900,105.7730,1.799092
TAP_TAPCELL_ROW_34_662,VPWR,li1,276.2300,105.7730,1.799138
TAP_TAPCELL_ROW_34_661,VPWR,li1,250.4700,105.7730,1.799239
TAP_TAPCELL_ROW_34_660,VPWR,li1,224.7100,105.7730,1.799383
TAP_TAPCELL_ROW_34_659,VPWR,li1,198.9500,105.7730,1.799567
TAP_TAPCELL_ROW_34_658,VPWR,li1,173.1900,105.7730,1.799799
TAP_TAPCELL_ROW_34_657,VPWR,li1,147.4300,105.7730,1.799637
TAP_TAPCELL_ROW_34_656,VPWR,li1,121.6700,105.7730,1.799568
TAP_TAPCELL_ROW_34_655,VPWR,li1,95.9100,105.7730,1.799613
TAP_TAPCELL_ROW_34_654,VPWR,li1,70.1500,105.7730,1.799712
TAP_TAPCELL_ROW_34_653,VPWR,li1,44.3900,105.7730,1.799825
TAP_TAPCELL_ROW_34_652,VPWR,li1,18.6300,105.7730,1.799938
TAP_TAPCELL_ROW_33_651,VPWR,li1,314.8700,100.9460,1.799299
TAP_TAPCELL_ROW_33_650,VPWR,li1,289.1100,100.9460,1.799343
TAP_TAPCELL_ROW_33_649,VPWR,li1,263.3500,100.9460,1.799426
TAP_TAPCELL_ROW_33_648,VPWR,li1,237.5900,100.9460,1.799534
TAP_TAPCELL_ROW_33_647,VPWR,li1,211.8300,100.9460,1.799654
TAP_TAPCELL_ROW_33_646,VPWR,li1,186.0700,100.9460,1.799793
TAP_TAPCELL_ROW_33_645,VPWR,li1,160.3100,100.9460,1.799797
TAP_TAPCELL_ROW_33_644,VPWR,li1,134.5500,100.9460,1.799729
TAP_TAPCELL_ROW_33_643,VPWR,li1,108.7900,100.9460,1.799704
TAP_TAPCELL_ROW_33_642,VPWR,li1,83.0300,100.9460,1.799727
TAP_TAPCELL_ROW_33_641,VPWR,li1,57.2700,100.9460,1.799791
TAP_TAPCELL_ROW_33_640,VPWR,li1,31.5100,100.9460,1.799870
TAP_TAPCELL_ROW_32_639,VPWR,li1,301.9900,100.3330,1.799318
TAP_TAPCELL_ROW_32_638,VPWR,li1,276.2300,100.3330,1.799376
TAP_TAPCELL_ROW_32_637,VPWR,li1,250.4700,100.3330,1.799475
TAP_TAPCELL_ROW_32_636,VPWR,li1,224.7100,100.3330,1.799593
TAP_TAPCELL_ROW_32_635,VPWR,li1,198.9500,100.3330,1.799728
TAP_TAPCELL_ROW_32_634,VPWR,li1,173.1900,100.3330,1.799858
TAP_TAPCELL_ROW_32_633,VPWR,li1,147.4300,100.3330,1.799750
TAP_TAPCELL_ROW_32_632,VPWR,li1,121.6700,100.3330,1.799713
TAP_TAPCELL_ROW_32_631,VPWR,li1,95.9100,100.3330,1.799708
TAP_TAPCELL_ROW_32_630,VPWR,li1,70.1500,100.3330,1.799760
TAP_TAPCELL_ROW_32_629,VPWR,li1,44.3900,100.3330,1.799825
TAP_TAPCELL_ROW_32_628,VPWR,li1,18.6300,100.3330,1.799928
TAP_TAPCELL_ROW_31_627,VPWR,li1,314.8700,95.5060,1.799108
TAP_TAPCELL_ROW_31_626,VPWR,li1,289.1100,95.5060,1.799130
TAP_TAPCELL_ROW_31_625,VPWR,li1,263.3500,95.5060,1.799213
TAP_TAPCELL_ROW_31_624,VPWR,li1,237.5900,95.5060,1.799362
TAP_TAPCELL_ROW_31_623,VPWR,li1,211.8300,95.5060,1.799545
TAP_TAPCELL_ROW_31_622,VPWR,li1,186.0700,95.5060,1.799779
TAP_TAPCELL_ROW_31_621,VPWR,li1,160.3100,95.5060,1.799825
TAP_TAPCELL_ROW_31_620,VPWR,li1,134.5500,95.5060,1.799784
TAP_TAPCELL_ROW_31_619,VPWR,li1,108.7900,95.5060,1.799772
TAP_TAPCELL_ROW_31_618,VPWR,li1,83.0300,95.5060,1.799777
TAP_TAPCELL_ROW_31_617,VPWR,li1,57.2700,95.5060,1.799812
TAP_TAPCELL_ROW_31_616,VPWR,li1,31.5100,95.5060,1.799903
TAP_TAPCELL_ROW_30_615,VPWR,li1,301.9900,94.8930,1.799114
TAP_TAPCELL_ROW_30_614,VPWR,li1,276.2300,94.8930,1.799156
TAP_TAPCELL_ROW_30_613,VPWR,li1,250.4700,94.8930,1.799287
TAP_TAPCELL_ROW_30_612,VPWR,li1,224.7100,94.8930,1.799457
TAP_TAPCELL_ROW_30_611,VPWR,li1,198.9500,94.8930,1.799650
TAP_TAPCELL_ROW_30_610,VPWR,li1,173.1900,94.8930,1.799861
TAP_TAPCELL_ROW_30_609,VPWR,li1,147.4300,94.8930,1.799798
TAP_TAPCELL_ROW_30_608,VPWR,li1,121.6700,94.8930,1.799778
TAP_TAPCELL_ROW_30_607,VPWR,li1,95.9100,94.8930,1.799772
TAP_TAPCELL_ROW_30_606,VPWR,li1,70.1500,94.8930,1.799792
TAP_TAPCELL_ROW_30_605,VPWR,li1,44.3900,94.8930,1.799851
TAP_TAPCELL_ROW_30_604,VPWR,li1,18.6300,94.8930,1.799939
TAP_TAPCELL_ROW_29_603,VPWR,li1,314.8700,90.0660,1.799569
TAP_TAPCELL_ROW_29_602,VPWR,li1,289.1100,90.0660,1.799574
TAP_TAPCELL_ROW_29_601,VPWR,li1,263.3500,90.0660,1.799597
TAP_TAPCELL_ROW_29_600,VPWR,li1,237.5900,90.0660,1.799643
TAP_TAPCELL_ROW_29_599,VPWR,li1,211.8300,90.0660,1.799724
TAP_TAPCELL_ROW_29_598,VPWR,li1,186.0700,90.0660,1.799844
TAP_TAPCELL_ROW_29_597,VPWR,li1,160.3100,90.0660,1.799895
TAP_TAPCELL_ROW_29_596,VPWR,li1,134.5500,90.0660,1.799880
TAP_TAPCELL_ROW_29_595,VPWR,li1,108.7900,90.0660,1.799880
TAP_TAPCELL_ROW_29_594,VPWR,li1,83.0300,90.0660,1.799899
TAP_TAPCELL_ROW_29_593,VPWR,li1,57.2700,90.0660,1.799926
TAP_TAPCELL_ROW_29_592,VPWR,li1,31.5100,90.0660,1.799960
TAP_TAPCELL_ROW_28_591,VPWR,li1,301.9900,89.4530,1.799571
TAP_TAPCELL_ROW_28_590,VPWR,li1,276.2300,89.4530,1.799580
TAP_TAPCELL_ROW_28_589,VPWR,li1,250.4700,89.4530,1.799619
TAP_TAPCELL_ROW_28_588,VPWR,li1,224.7100,89.4530,1.799676
TAP_TAPCELL_ROW_28_587,VPWR,li1,198.9500,89.4530,1.799783
TAP_TAPCELL_ROW_28_586,VPWR,li1,173.1900,89.4530,1.799911
TAP_TAPCELL_ROW_28_585,VPWR,li1,147.4300,89.4530,1.799887
TAP_TAPCELL_ROW_28_584,VPWR,li1,121.6700,89.4530,1.799877
TAP_TAPCELL_ROW_28_583,VPWR,li1,95.9100,89.4530,1.799890
TAP_TAPCELL_ROW_28_582,VPWR,li1,70.1500,89.4530,1.799912
TAP_TAPCELL_ROW_28_581,VPWR,li1,44.3900,89.4530,1.799940
TAP_TAPCELL_ROW_28_580,VPWR,li1,18.6300,89.4530,1.799977
TAP_TAPCELL_ROW_27_579,VPWR,li1,314.8700,84.6260,1.799116
TAP_TAPCELL_ROW_27_578,VPWR,li1,289.1100,84.6260,1.799131
TAP_TAPCELL_ROW_27_577,VPWR,li1,263.3500,84.6260,1.799182
TAP_TAPCELL_ROW_27_576,VPWR,li1,237.5900,84.6260,1.799289
TAP_TAPCELL_ROW_27_575,VPWR,li1,211.8300,84.6260,1.799430
TAP_TAPCELL_ROW_27_574,VPWR,li1,186.0700,84.6260,1.799679
TAP_TAPCELL_ROW_27_573,VPWR,li1,160.3100,84.6260,1.799742
TAP_TAPCELL_ROW_27_572,VPWR,li1,134.5500,84.6260,1.799669
TAP_TAPCELL_ROW_27_571,VPWR,li1,108.7900,84.6260,1.799677
TAP_TAPCELL_ROW_27_570,VPWR,li1,83.0300,84.6260,1.799721
TAP_TAPCELL_ROW_27_569,VPWR,li1,57.2700,84.6260,1.799802
TAP_TAPCELL_ROW_27_568,VPWR,li1,31.5100,84.6260,1.799903
TAP_TAPCELL_ROW_26_567,VPWR,li1,301.9900,84.0130,1.799119
TAP_TAPCELL_ROW_26_566,VPWR,li1,276.2300,84.0130,1.799151
TAP_TAPCELL_ROW_26_565,VPWR,li1,250.4700,84.0130,1.799232
TAP_TAPCELL_ROW_26_564,VPWR,li1,224.7100,84.0130,1.799345
TAP_TAPCELL_ROW_26_563,VPWR,li1,198.9500,84.0130,1.799547
TAP_TAPCELL_ROW_26_562,VPWR,li1,173.1900,84.0130,1.799806
TAP_TAPCELL_ROW_26_561,VPWR,li1,147.4300,84.0130,1.799685
TAP_TAPCELL_ROW_26_560,VPWR,li1,121.6700,84.0130,1.799668
TAP_TAPCELL_ROW_26_559,VPWR,li1,95.9100,84.0130,1.799695
TAP_TAPCELL_ROW_26_558,VPWR,li1,70.1500,84.0130,1.799758
TAP_TAPCELL_ROW_26_557,VPWR,li1,44.3900,84.0130,1.799851
TAP_TAPCELL_ROW_26_556,VPWR,li1,18.6300,84.0130,1.799947
TAP_TAPCELL_ROW_25_555,VPWR,li1,314.8700,79.1860,1.799508
TAP_TAPCELL_ROW_25_554,VPWR,li1,289.1100,79.1860,1.799532
TAP_TAPCELL_ROW_25_553,VPWR,li1,263.3500,79.1860,1.799583
TAP_TAPCELL_ROW_25_552,VPWR,li1,237.5900,79.1860,1.799649
TAP_TAPCELL_ROW_25_551,VPWR,li1,211.8300,79.1860,1.799738
TAP_TAPCELL_ROW_25_550,VPWR,li1,186.0700,79.1860,1.799841
TAP_TAPCELL_ROW_25_549,VPWR,li1,160.3100,79.1860,1.799771
TAP_TAPCELL_ROW_25_548,VPWR,li1,134.5500,79.1860,1.799603
TAP_TAPCELL_ROW_25_547,VPWR,li1,108.7900,79.1860,1.799506
TAP_TAPCELL_ROW_25_546,VPWR,li1,83.0300,79.1860,1.799514
TAP_TAPCELL_ROW_25_545,VPWR,li1,57.2700,79.1860,1.799607
TAP_TAPCELL_ROW_25_544,VPWR,li1,31.5100,79.1860,1.799790
TAP_TAPCELL_ROW_24_543,VPWR,li1,301.9900,78.5730,1.799512
TAP_TAPCELL_ROW_24_542,VPWR,li1,276.2300,78.5730,1.799554
TAP_TAPCELL_ROW_24_541,VPWR,li1,250.4700,78.5730,1.799614
TAP_TAPCELL_ROW_24_540,VPWR,li1,224.7100,78.5730,1.799691
TAP_TAPCELL_ROW_24_539,VPWR,li1,198.9500,78.5730,1.799786
TAP_TAPCELL_ROW_24_538,VPWR,li1,173.1900,78.5730,1.799865
TAP_TAPCELL_ROW_24_537,VPWR,li1,147.4300,78.5730,1.799680
TAP_TAPCELL_ROW_24_536,VPWR,li1,121.6700,78.5730,1.799543
TAP_TAPCELL_ROW_24_535,VPWR,li1,95.9100,78.5730,1.799501
TAP_TAPCELL_ROW_24_534,VPWR,li1,70.1500,78.5730,1.799541
TAP_TAPCELL_ROW_24_533,VPWR,li1,44.3900,78.5730,1.799680
TAP_TAPCELL_ROW_24_532,VPWR,li1,18.6300,78.5730,1.799882
TAP_TAPCELL_ROW_23_531,VPWR,li1,314.8700,73.7460,1.799100
TAP_TAPCELL_ROW_23_530,VPWR,li1,289.1100,73.7460,1.799137
TAP_TAPCELL_ROW_23_529,VPWR,li1,263.3500,73.7460,1.799266
TAP_TAPCELL_ROW_23_528,VPWR,li1,237.5900,73.7460,1.799413
TAP_TAPCELL_ROW_23_527,VPWR,li1,211.8300,73.7460,1.799586
TAP_TAPCELL_ROW_23_526,VPWR,li1,186.0700,73.7460,1.799782
TAP_TAPCELL_ROW_23_525,VPWR,li1,160.3100,73.7460,1.799857
TAP_TAPCELL_ROW_23_524,VPWR,li1,134.5500,73.7460,1.799833
TAP_TAPCELL_ROW_23_523,VPWR,li1,108.7900,73.7460,1.799833
TAP_TAPCELL_ROW_23_522,VPWR,li1,83.0300,73.7460,1.799847
TAP_TAPCELL_ROW_23_521,VPWR,li1,57.2700,73.7460,1.799867
TAP_TAPCELL_ROW_23_520,VPWR,li1,31.5100,73.7460,1.799922
TAP_TAPCELL_ROW_22_519,VPWR,li1,301.9900,73.1330,1.799114
TAP_TAPCELL_ROW_22_518,VPWR,li1,276.2300,73.1330,1.799189
TAP_TAPCELL_ROW_22_517,VPWR,li1,250.4700,73.1330,1.799336
TAP_TAPCELL_ROW_22_516,VPWR,li1,224.7100,73.1330,1.799500
TAP_TAPCELL_ROW_22_515,VPWR,li1,198.9500,73.1330,1.799668
TAP_TAPCELL_ROW_22_514,VPWR,li1,173.1900,73.1330,1.799879
TAP_TAPCELL_ROW_22_513,VPWR,li1,147.4300,73.1330,1.799844
TAP_TAPCELL_ROW_22_512,VPWR,li1,121.6700,73.1330,1.799829
TAP_TAPCELL_ROW_22_511,VPWR,li1,95.9100,73.1330,1.799840
TAP_TAPCELL_ROW_22_510,VPWR,li1,70.1500,73.1330,1.799854
TAP_TAPCELL_ROW_22_509,VPWR,li1,44.3900,73.1330,1.799890
TAP_TAPCELL_ROW_22_508,VPWR,li1,18.6300,73.1330,1.799952
TAP_TAPCELL_ROW_21_507,VPWR,li1,314.8700,68.3060,1.798781
TAP_TAPCELL_ROW_21_506,VPWR,li1,289.1100,68.3060,1.798865
TAP_TAPCELL_ROW_21_505,VPWR,li1,263.3500,68.3060,1.798992
TAP_TAPCELL_ROW_21_504,VPWR,li1,237.5900,68.3060,1.799194
TAP_TAPCELL_ROW_21_503,VPWR,li1,211.8300,68.3060,1.799432
TAP_TAPCELL_ROW_21_502,VPWR,li1,186.0700,68.3060,1.799724
TAP_TAPCELL_ROW_21_501,VPWR,li1,160.3100,68.3060,1.799774
TAP_TAPCELL_ROW_21_500,VPWR,li1,134.5500,68.3060,1.799693
TAP_TAPCELL_ROW_21_499,VPWR,li1,108.7900,68.3060,1.799621
TAP_TAPCELL_ROW_21_498,VPWR,li1,83.0300,68.3060,1.799631
TAP_TAPCELL_ROW_21_497,VPWR,li1,57.2700,68.3060,1.799732
TAP_TAPCELL_ROW_21_496,VPWR,li1,31.5100,68.3060,1.799870
TAP_TAPCELL_ROW_20_495,VPWR,li1,301.9900,67.6930,1.798813
TAP_TAPCELL_ROW_20_494,VPWR,li1,276.2300,67.6930,1.798915
TAP_TAPCELL_ROW_20_493,VPWR,li1,250.4700,67.6930,1.799078
TAP_TAPCELL_ROW_20_492,VPWR,li1,224.7100,67.6930,1.799309
TAP_TAPCELL_ROW_20_491,VPWR,li1,198.9500,67.6930,1.799571
TAP_TAPCELL_ROW_20_490,VPWR,li1,173.1900,67.6930,1.799825
TAP_TAPCELL_ROW_20_489,VPWR,li1,147.4300,67.6930,1.799731
TAP_TAPCELL_ROW_20_488,VPWR,li1,121.6700,67.6930,1.799654
TAP_TAPCELL_ROW_20_487,VPWR,li1,95.9100,67.6930,1.799620
TAP_TAPCELL_ROW_20_486,VPWR,li1,70.1500,67.6930,1.799670
TAP_TAPCELL_ROW_20_485,VPWR,li1,44.3900,67.6930,1.799795
TAP_TAPCELL_ROW_20_484,VPWR,li1,18.6300,67.6930,1.799918
TAP_TAPCELL_ROW_19_483,VPWR,li1,314.8700,62.8660,1.798749
TAP_TAPCELL_ROW_19_482,VPWR,li1,289.1100,62.8660,1.798770
TAP_TAPCELL_ROW_19_481,VPWR,li1,263.3500,62.8660,1.798826
TAP_TAPCELL_ROW_19_480,VPWR,li1,237.5900,62.8660,1.799047
TAP_TAPCELL_ROW_19_479,VPWR,li1,211.8300,62.8660,1.799317
TAP_TAPCELL_ROW_19_478,VPWR,li1,186.0700,62.8660,1.799648
TAP_TAPCELL_ROW_19_477,VPWR,li1,160.3100,62.8660,1.799668
TAP_TAPCELL_ROW_19_476,VPWR,li1,134.5500,62.8660,1.799507
TAP_TAPCELL_ROW_19_475,VPWR,li1,108.7900,62.8660,1.799393
TAP_TAPCELL_ROW_19_474,VPWR,li1,83.0300,62.8660,1.799405
TAP_TAPCELL_ROW_19_473,VPWR,li1,57.2700,62.8660,1.799547
TAP_TAPCELL_ROW_19_472,VPWR,li1,31.5100,62.8660,1.799784
TAP_TAPCELL_ROW_18_471,VPWR,li1,301.9900,62.2530,1.798758
TAP_TAPCELL_ROW_18_470,VPWR,li1,276.2300,62.2530,1.798794
TAP_TAPCELL_ROW_18_469,VPWR,li1,250.4700,62.2530,1.798921
TAP_TAPCELL_ROW_18_468,VPWR,li1,224.7100,62.2530,1.799172
TAP_TAPCELL_ROW_18_467,VPWR,li1,198.9500,62.2530,1.799479
TAP_TAPCELL_ROW_18_466,VPWR,li1,173.1900,62.2530,1.799766
TAP_TAPCELL_ROW_18_465,VPWR,li1,147.4300,62.2530,1.799581
TAP_TAPCELL_ROW_18_464,VPWR,li1,121.6700,62.2530,1.799443
TAP_TAPCELL_ROW_18_463,VPWR,li1,95.9100,62.2530,1.799374
TAP_TAPCELL_ROW_18_462,VPWR,li1,70.1500,62.2530,1.799450
TAP_TAPCELL_ROW_18_461,VPWR,li1,44.3900,62.2530,1.799658
TAP_TAPCELL_ROW_18_460,VPWR,li1,18.6300,62.2530,1.799893
TAP_TAPCELL_ROW_17_459,VPWR,li1,314.8700,57.4260,1.798813
TAP_TAPCELL_ROW_17_458,VPWR,li1,289.1100,57.4260,1.798837
TAP_TAPCELL_ROW_17_457,VPWR,li1,263.3500,57.4260,1.798890
TAP_TAPCELL_ROW_17_456,VPWR,li1,237.5900,57.4260,1.799023
TAP_TAPCELL_ROW_17_455,VPWR,li1,211.8300,57.4260,1.799275
TAP_TAPCELL_ROW_17_454,VPWR,li1,186.0700,57.4260,1.799628
TAP_TAPCELL_ROW_17_453,VPWR,li1,160.3100,57.4260,1.799762
TAP_TAPCELL_ROW_17_452,VPWR,li1,134.5500,57.4260,1.799722
TAP_TAPCELL_ROW_17_451,VPWR,li1,108.7900,57.4260,1.799714
TAP_TAPCELL_ROW_17_450,VPWR,li1,83.0300,57.4260,1.799740
TAP_TAPCELL_ROW_17_449,VPWR,li1,57.2700,57.4260,1.799796
TAP_TAPCELL_ROW_17_448,VPWR,li1,31.5100,57.4260,1.799890
TAP_TAPCELL_ROW_16_447,VPWR,li1,301.9900,56.8130,1.798821
TAP_TAPCELL_ROW_16_446,VPWR,li1,276.2300,56.8130,1.798860
TAP_TAPCELL_ROW_16_445,VPWR,li1,250.4700,56.8130,1.798952
TAP_TAPCELL_ROW_16_444,VPWR,li1,224.7100,56.8130,1.799122
TAP_TAPCELL_ROW_16_443,VPWR,li1,198.9500,56.8130,1.799470
TAP_TAPCELL_ROW_16_442,VPWR,li1,173.1900,56.8130,1.799791
TAP_TAPCELL_ROW_16_441,VPWR,li1,147.4300,56.8130,1.799737
TAP_TAPCELL_ROW_16_440,VPWR,li1,121.6700,56.8130,1.799716
TAP_TAPCELL_ROW_16_439,VPWR,li1,95.9100,56.8130,1.799724
TAP_TAPCELL_ROW_16_438,VPWR,li1,70.1500,56.8130,1.799762
TAP_TAPCELL_ROW_16_437,VPWR,li1,44.3900,56.8130,1.799844
TAP_TAPCELL_ROW_16_436,VPWR,li1,18.6300,56.8130,1.799926
TAP_TAPCELL_ROW_15_435,VPWR,li1,314.8700,51.9860,1.799742
TAP_TAPCELL_ROW_15_434,VPWR,li1,289.1100,51.9860,1.799743
TAP_TAPCELL_ROW_15_433,VPWR,li1,263.3500,51.9860,1.799748
TAP_TAPCELL_ROW_15_432,VPWR,li1,237.5900,51.9860,1.799759
TAP_TAPCELL_ROW_15_431,VPWR,li1,211.8300,51.9860,1.799810
TAP_TAPCELL_ROW_15_430,VPWR,li1,186.0700,51.9860,1.799881
TAP_TAPCELL_ROW_15_429,VPWR,li1,160.3100,51.9860,1.799828
TAP_TAPCELL_ROW_15_428,VPWR,li1,134.5500,51.9860,1.799772
TAP_TAPCELL_ROW_15_427,VPWR,li1,108.7900,51.9860,1.799743
TAP_TAPCELL_ROW_15_426,VPWR,li1,83.0300,51.9860,1.799764
TAP_TAPCELL_ROW_15_425,VPWR,li1,57.2700,51.9860,1.799837
TAP_TAPCELL_ROW_15_424,VPWR,li1,31.5100,51.9860,1.799925
TAP_TAPCELL_ROW_14_423,VPWR,li1,301.9900,51.3730,1.799742
TAP_TAPCELL_ROW_14_422,VPWR,li1,276.2300,51.3730,1.799745
TAP_TAPCELL_ROW_14_421,VPWR,li1,250.4700,51.3730,1.799752
TAP_TAPCELL_ROW_14_420,VPWR,li1,224.7100,51.3730,1.799780
TAP_TAPCELL_ROW_14_419,VPWR,li1,198.9500,51.3730,1.799841
TAP_TAPCELL_ROW_14_418,VPWR,li1,173.1900,51.3730,1.799896
TAP_TAPCELL_ROW_14_417,VPWR,li1,147.4300,51.3730,1.799789
TAP_TAPCELL_ROW_14_416,VPWR,li1,121.6700,51.3730,1.799756
TAP_TAPCELL_ROW_14_415,VPWR,li1,95.9100,51.3730,1.799747
TAP_TAPCELL_ROW_14_414,VPWR,li1,70.1500,51.3730,1.799799
TAP_TAPCELL_ROW_14_413,VPWR,li1,44.3900,51.3730,1.799877
TAP_TAPCELL_ROW_14_412,VPWR,li1,18.6300,51.3730,1.799957
TAP_TAPCELL_ROW_13_411,VPWR,li1,314.8700,46.5460,1.799334
TAP_TAPCELL_ROW_13_410,VPWR,li1,289.1100,46.5460,1.799349
TAP_TAPCELL_ROW_13_409,VPWR,li1,263.3500,46.5460,1.799411
TAP_TAPCELL_ROW_13_408,VPWR,li1,237.5900,46.5460,1.799512
TAP_TAPCELL_ROW_13_407,VPWR,li1,211.8300,46.5460,1.799652
TAP_TAPCELL_ROW_13_406,VPWR,li1,186.0700,46.5460,1.799823
TAP_TAPCELL_ROW_13_405,VPWR,li1,160.3100,46.5460,1.799888
TAP_TAPCELL_ROW_13_404,VPWR,li1,134.5500,46.5460,1.799862
TAP_TAPCELL_ROW_13_403,VPWR,li1,108.7900,46.5460,1.799846
TAP_TAPCELL_ROW_13_402,VPWR,li1,83.0300,46.5460,1.799864
TAP_TAPCELL_ROW_13_401,VPWR,li1,57.2700,46.5460,1.799898
TAP_TAPCELL_ROW_13_400,VPWR,li1,31.5100,46.5460,1.799946
TAP_TAPCELL_ROW_12_399,VPWR,li1,301.9900,45.9330,1.799339
TAP_TAPCELL_ROW_12_398,VPWR,li1,276.2300,45.9330,1.799375
TAP_TAPCELL_ROW_12_397,VPWR,li1,250.4700,45.9330,1.799460
TAP_TAPCELL_ROW_12_396,VPWR,li1,224.7100,45.9330,1.799573
TAP_TAPCELL_ROW_12_395,VPWR,li1,198.9500,45.9330,1.799732
TAP_TAPCELL_ROW_12_394,VPWR,li1,173.1900,45.9330,1.799903
TAP_TAPCELL_ROW_12_393,VPWR,li1,147.4300,45.9330,1.799875
TAP_TAPCELL_ROW_12_392,VPWR,li1,121.6700,45.9330,1.799853
TAP_TAPCELL_ROW_12_391,VPWR,li1,95.9100,45.9330,1.799851
TAP_TAPCELL_ROW_12_390,VPWR,li1,70.1500,45.9330,1.799880
TAP_TAPCELL_ROW_12_389,VPWR,li1,44.3900,45.9330,1.799922
TAP_TAPCELL_ROW_12_388,VPWR,li1,18.6300,45.9330,1.799967
TAP_TAPCELL_ROW_11_387,VPWR,li1,314.8700,41.1060,1.799148
TAP_TAPCELL_ROW_11_386,VPWR,li1,289.1100,41.1060,1.799183
TAP_TAPCELL_ROW_11_385,VPWR,li1,263.3500,41.1060,1.799295
TAP_TAPCELL_ROW_11_384,VPWR,li1,237.5900,41.1060,1.799435
TAP_TAPCELL_ROW_11_383,VPWR,li1,211.8300,41.1060,1.799588
TAP_TAPCELL_ROW_11_382,VPWR,li1,186.0700,41.1060,1.799777
TAP_TAPCELL_ROW_11_381,VPWR,li1,160.3100,41.1060,1.799815
TAP_TAPCELL_ROW_11_380,VPWR,li1,134.5500,41.1060,1.799751
TAP_TAPCELL_ROW_11_379,VPWR,li1,108.7900,41.1060,1.799730
TAP_TAPCELL_ROW_11_378,VPWR,li1,83.0300,41.1060,1.799749
TAP_TAPCELL_ROW_11_377,VPWR,li1,57.2700,41.1060,1.799788
TAP_TAPCELL_ROW_11_376,VPWR,li1,31.5100,41.1060,1.799893
TAP_TAPCELL_ROW_10_375,VPWR,li1,301.9900,40.4930,1.799153
TAP_TAPCELL_ROW_10_374,VPWR,li1,276.2300,40.4930,1.799240
TAP_TAPCELL_ROW_10_373,VPWR,li1,250.4700,40.4930,1.799368
TAP_TAPCELL_ROW_10_372,VPWR,li1,224.7100,40.4930,1.799508
TAP_TAPCELL_ROW_10_371,VPWR,li1,198.9500,40.4930,1.799682
TAP_TAPCELL_ROW_10_370,VPWR,li1,173.1900,40.4930,1.799861
TAP_TAPCELL_ROW_10_369,VPWR,li1,147.4300,40.4930,1.799778
TAP_TAPCELL_ROW_10_368,VPWR,li1,121.6700,40.4930,1.799733
TAP_TAPCELL_ROW_10_367,VPWR,li1,95.9100,40.4930,1.799738
TAP_TAPCELL_ROW_10_366,VPWR,li1,70.1500,40.4930,1.799767
TAP_TAPCELL_ROW_10_365,VPWR,li1,44.3900,40.4930,1.799827
TAP_TAPCELL_ROW_10_364,VPWR,li1,18.6300,40.4930,1.799943
TAP_TAPCELL_ROW_9_363,VPWR,li1,314.8700,35.6660,1.799462
TAP_TAPCELL_ROW_9_362,VPWR,li1,289.1100,35.6660,1.799489
TAP_TAPCELL_ROW_9_361,VPWR,li1,263.3500,35.6660,1.799538
TAP_TAPCELL_ROW_9_360,VPWR,li1,237.5900,35.6660,1.799601
TAP_TAPCELL_ROW_9_359,VPWR,li1,211.8300,35.6660,1.799683
TAP_TAPCELL_ROW_9_358,VPWR,li1,186.0700,35.6660,1.799819
TAP_TAPCELL_ROW_9_357,VPWR,li1,160.3100,35.6660,1.799823
TAP_TAPCELL_ROW_9_356,VPWR,li1,134.5500,35.6660,1.799747
TAP_TAPCELL_ROW_9_355,VPWR,li1,108.7900,35.6660,1.799706
TAP_TAPCELL_ROW_9_354,VPWR,li1,83.0300,35.6660,1.799722
TAP_TAPCELL_ROW_9_353,VPWR,li1,57.2700,35.6660,1.799773
TAP_TAPCELL_ROW_9_352,VPWR,li1,31.5100,35.6660,1.799883
TAP_TAPCELL_ROW_8_351,VPWR,li1,301.9900,35.0530,1.799467
TAP_TAPCELL_ROW_8_350,VPWR,li1,276.2300,35.0530,1.799513
TAP_TAPCELL_ROW_8_349,VPWR,li1,250.4700,35.0530,1.799568
TAP_TAPCELL_ROW_8_348,VPWR,li1,224.7100,35.0530,1.799636
TAP_TAPCELL_ROW_8_347,VPWR,li1,198.9500,35.0530,1.799744
TAP_TAPCELL_ROW_8_346,VPWR,li1,173.1900,35.0530,1.799877
TAP_TAPCELL_ROW_8_345,VPWR,li1,147.4300,35.0530,1.799778
TAP_TAPCELL_ROW_8_344,VPWR,li1,121.6700,35.0530,1.799724
TAP_TAPCELL_ROW_8_343,VPWR,li1,95.9100,35.0530,1.799701
TAP_TAPCELL_ROW_8_342,VPWR,li1,70.1500,35.0530,1.799746
TAP_TAPCELL_ROW_8_341,VPWR,li1,44.3900,35.0530,1.799817
TAP_TAPCELL_ROW_8_340,VPWR,li1,18.6300,35.0530,1.799942
TAP_TAPCELL_ROW_7_339,VPWR,li1,314.8700,30.2260,1.799611
TAP_TAPCELL_ROW_7_338,VPWR,li1,289.1100,30.2260,1.799614
TAP_TAPCELL_ROW_7_337,VPWR,li1,263.3500,30.2260,1.799628
TAP_TAPCELL_ROW_7_336,VPWR,li1,237.5900,30.2260,1.799663
TAP_TAPCELL_ROW_7_335,VPWR,li1,211.8300,30.2260,1.799727
TAP_TAPCELL_ROW_7_334,VPWR,li1,186.0700,30.2260,1.799833
TAP_TAPCELL_ROW_7_333,VPWR,li1,160.3100,30.2260,1.799838
TAP_TAPCELL_ROW_7_332,VPWR,li1,134.5500,30.2260,1.799757
TAP_TAPCELL_ROW_7_331,VPWR,li1,108.7900,30.2260,1.799743
TAP_TAPCELL_ROW_7_330,VPWR,li1,83.0300,30.2260,1.799797
TAP_TAPCELL_ROW_7_329,VPWR,li1,57.2700,30.2260,1.799864
TAP_TAPCELL_ROW_7_328,VPWR,li1,31.5100,30.2260,1.799938
TAP_TAPCELL_ROW_6_327,VPWR,li1,301.9900,29.6130,1.799612
TAP_TAPCELL_ROW_6_326,VPWR,li1,276.2300,29.6130,1.799617
TAP_TAPCELL_ROW_6_325,VPWR,li1,250.4700,29.6130,1.799640
TAP_TAPCELL_ROW_6_324,VPWR,li1,224.7100,29.6130,1.799697
TAP_TAPCELL_ROW_6_323,VPWR,li1,198.9500,29.6130,1.799781
TAP_TAPCELL_ROW_6_322,VPWR,li1,173.1900,29.6130,1.799880
TAP_TAPCELL_ROW_6_321,VPWR,li1,147.4300,29.6130,1.799794
TAP_TAPCELL_ROW_6_320,VPWR,li1,121.6700,29.6130,1.799733
TAP_TAPCELL_ROW_6_319,VPWR,li1,95.9100,29.6130,1.799769
TAP_TAPCELL_ROW_6_318,VPWR,li1,70.1500,29.6130,1.799829
TAP_TAPCELL_ROW_6_317,VPWR,li1,44.3900,29.6130,1.799900
TAP_TAPCELL_ROW_6_316,VPWR,li1,18.6300,29.6130,1.799969
TAP_TAPCELL_ROW_5_315,VPWR,li1,314.8700,24.7860,1.799338
TAP_TAPCELL_ROW_5_314,VPWR,li1,289.1100,24.7860,1.799348
TAP_TAPCELL_ROW_5_313,VPWR,li1,263.3500,24.7860,1.799371
TAP_TAPCELL_ROW_5_312,VPWR,li1,237.5900,24.7860,1.799481
TAP_TAPCELL_ROW_5_311,VPWR,li1,211.8300,24.7860,1.799632
TAP_TAPCELL_ROW_5_310,VPWR,li1,186.0700,24.7860,1.799819
TAP_TAPCELL_ROW_5_309,VPWR,li1,160.3100,24.7860,1.799845
TAP_TAPCELL_ROW_5_308,VPWR,li1,134.5500,24.7860,1.799785
TAP_TAPCELL_ROW_5_307,VPWR,li1,108.7900,24.7860,1.799744
TAP_TAPCELL_ROW_5_306,VPWR,li1,83.0300,24.7860,1.799738
TAP_TAPCELL_ROW_5_305,VPWR,li1,57.2700,24.7860,1.799789
TAP_TAPCELL_ROW_5_304,VPWR,li1,31.5100,24.7860,1.799903
TAP_TAPCELL_ROW_4_303,VPWR,li1,301.9900,24.1730,1.799343
TAP_TAPCELL_ROW_4_302,VPWR,li1,276.2300,24.1730,1.799352
TAP_TAPCELL_ROW_4_301,VPWR,li1,250.4700,24.1730,1.799414
TAP_TAPCELL_ROW_4_300,VPWR,li1,224.7100,24.1730,1.799559
TAP_TAPCELL_ROW_4_299,VPWR,li1,198.9500,24.1730,1.799719
TAP_TAPCELL_ROW_4_298,VPWR,li1,173.1900,24.1730,1.799883
TAP_TAPCELL_ROW_4_297,VPWR,li1,147.4300,24.1730,1.799810
TAP_TAPCELL_ROW_4_296,VPWR,li1,121.6700,24.1730,1.799761
TAP_TAPCELL_ROW_4_295,VPWR,li1,95.9100,24.1730,1.799736
TAP_TAPCELL_ROW_4_294,VPWR,li1,70.1500,24.1730,1.799745
TAP_TAPCELL_ROW_4_293,VPWR,li1,44.3900,24.1730,1.799848
TAP_TAPCELL_ROW_4_292,VPWR,li1,18.6300,24.1730,1.799952
TAP_TAPCELL_ROW_3_291,VPWR,li1,314.8700,19.3460,1.799310
TAP_TAPCELL_ROW_3_290,VPWR,li1,289.1100,19.3460,1.799313
TAP_TAPCELL_ROW_3_289,VPWR,li1,263.3500,19.3460,1.799322
TAP_TAPCELL_ROW_3_288,VPWR,li1,237.5900,19.3460,1.799377
TAP_TAPCELL_ROW_3_287,VPWR,li1,211.8300,19.3460,1.799536
TAP_TAPCELL_ROW_3_286,VPWR,li1,186.0700,19.3460,1.799746
TAP_TAPCELL_ROW_3_285,VPWR,li1,160.3100,19.3460,1.799726
TAP_TAPCELL_ROW_3_284,VPWR,li1,134.5500,19.3460,1.799619
TAP_TAPCELL_ROW_3_283,VPWR,li1,108.7900,19.3460,1.799597
TAP_TAPCELL_ROW_3_282,VPWR,li1,83.0300,19.3460,1.799632
TAP_TAPCELL_ROW_3_281,VPWR,li1,57.2700,19.3460,1.799719
TAP_TAPCELL_ROW_3_280,VPWR,li1,31.5100,19.3460,1.799868
TAP_TAPCELL_ROW_2_279,VPWR,li1,301.9900,18.7330,1.799312
TAP_TAPCELL_ROW_2_278,VPWR,li1,276.2300,18.7330,1.799314
TAP_TAPCELL_ROW_2_277,VPWR,li1,250.4700,18.7330,1.799343
TAP_TAPCELL_ROW_2_276,VPWR,li1,224.7100,18.7330,1.799442
TAP_TAPCELL_ROW_2_275,VPWR,li1,198.9500,18.7330,1.799633
TAP_TAPCELL_ROW_2_274,VPWR,li1,173.1900,18.7330,1.799815
TAP_TAPCELL_ROW_2_273,VPWR,li1,147.4300,18.7330,1.799653
TAP_TAPCELL_ROW_2_272,VPWR,li1,121.6700,18.7330,1.799602
TAP_TAPCELL_ROW_2_271,VPWR,li1,95.9100,18.7330,1.799608
TAP_TAPCELL_ROW_2_270,VPWR,li1,70.1500,18.7330,1.799668
TAP_TAPCELL_ROW_2_269,VPWR,li1,44.3900,18.7330,1.799785
TAP_TAPCELL_ROW_2_268,VPWR,li1,18.6300,18.7330,1.799934
TAP_TAPCELL_ROW_1_267,VPWR,li1,314.8700,13.9060,1.799576
TAP_TAPCELL_ROW_1_266,VPWR,li1,289.1100,13.9060,1.799577
TAP_TAPCELL_ROW_1_265,VPWR,li1,263.3500,13.9060,1.799588
TAP_TAPCELL_ROW_1_264,VPWR,li1,237.5900,13.9060,1.799631
TAP_TAPCELL_ROW_1_263,VPWR,li1,211.8300,13.9060,1.799715
TAP_TAPCELL_ROW_1_262,VPWR,li1,186.0700,13.9060,1.799830
TAP_TAPCELL_ROW_1_261,VPWR,li1,160.3100,13.9060,1.799812
TAP_TAPCELL_ROW_1_260,VPWR,li1,134.5500,13.9060,1.799738
TAP_TAPCELL_ROW_1_259,VPWR,li1,108.7900,13.9060,1.799724
TAP_TAPCELL_ROW_1_258,VPWR,li1,83.0300,13.9060,1.799746
TAP_TAPCELL_ROW_1_257,VPWR,li1,57.2700,13.9060,1.799811
TAP_TAPCELL_ROW_1_256,VPWR,li1,31.5100,13.9060,1.799911
TAP_TAPCELL_ROW_0_255,VPWR,li1,314.8700,13.2930,1.799576
TAP_TAPCELL_ROW_0_254,VPWR,li1,301.9900,13.2930,1.799576
TAP_TAPCELL_ROW_0_253,VPWR,li1,289.1100,13.2930,1.799577
TAP_TAPCELL_ROW_0_252,VPWR,li1,276.2300,13.2930,1.799581
TAP_TAPCELL_ROW_0_251,VPWR,li1,263.3500,13.2930,1.799588
TAP_TAPCELL_ROW_0_250,VPWR,li1,250.4700,13.2930,1.799605
TAP_TAPCELL_ROW_0_249,VPWR,li1,237.5900,13.2930,1.799631
TAP_TAPCELL_ROW_0_248,VPWR,li1,224.7100,13.2930,1.799663
TAP_TAPCELL_ROW_0_247,VPWR,li1,211.8300,13.2930,1.799715
TAP_TAPCELL_ROW_0_246,VPWR,li1,198.9500,13.2930,1.799767
TAP_TAPCELL_ROW_0_245,VPWR,li1,186.0700,13.2930,1.799830
TAP_TAPCELL_ROW_0_244,VPWR,li1,173.1900,13.2930,1.799877
TAP_TAPCELL_ROW_0_243,VPWR,li1,160.3100,13.2930,1.799812
TAP_TAPCELL_ROW_0_242,VPWR,li1,147.4300,13.2930,1.799766
TAP_TAPCELL_ROW_0_241,VPWR,li1,134.5500,13.2930,1.799738
TAP_TAPCELL_ROW_0_240,VPWR,li1,121.6700,13.2930,1.799726
TAP_TAPCELL_ROW_0_239,VPWR,li1,108.7900,13.2930,1.799724
TAP_TAPCELL_ROW_0_238,VPWR,li1,95.9100,13.2930,1.799729
TAP_TAPCELL_ROW_0_237,VPWR,li1,83.0300,13.2930,1.799746
TAP_TAPCELL_ROW_0_236,VPWR,li1,70.1500,13.2930,1.799774
TAP_TAPCELL_ROW_0_235,VPWR,li1,57.2700,13.2930,1.799811
TAP_TAPCELL_ROW_0_234,VPWR,li1,44.3900,13.2930,1.799857
TAP_TAPCELL_ROW_0_233,VPWR,li1,31.5100,13.2930,1.799911
TAP_TAPCELL_ROW_0_232,VPWR,li1,18.6300,13.2930,1.799956
PHY_EDGE_ROW_115_Left_231,VPWR,li1,6.2100,323.6800,1.799972
PHY_EDGE_ROW_114_Left_230,VPWR,li1,6.2100,323.6800,1.799972
PHY_EDGE_ROW_113_Left_229,VPWR,li1,6.2100,318.2400,1.799924
PHY_EDGE_ROW_112_Left_228,VPWR,li1,6.2100,318.2400,1.799924
PHY_EDGE_ROW_111_Left_227,VPWR,li1,6.2100,312.8000,1.799980
PHY_EDGE_ROW_110_Left_226,VPWR,li1,6.2100,312.8000,1.799980
PHY_EDGE_ROW_109_Left_225,VPWR,li1,6.2100,307.3600,1.799962
PHY_EDGE_ROW_108_Left_224,VPWR,li1,6.2100,307.3600,1.799962
PHY_EDGE_ROW_107_Left_223,VPWR,li1,6.2100,301.9200,1.799963
PHY_EDGE_ROW_106_Left_222,VPWR,li1,6.2100,301.9200,1.799963
PHY_EDGE_ROW_105_Left_221,VPWR,li1,6.2100,296.4800,1.799936
PHY_EDGE_ROW_104_Left_220,VPWR,li1,6.2100,296.4800,1.799936
PHY_EDGE_ROW_103_Left_219,VPWR,li1,6.2100,291.0400,1.799932
PHY_EDGE_ROW_102_Left_218,VPWR,li1,6.2100,291.0400,1.799932
PHY_EDGE_ROW_101_Left_217,VPWR,li1,6.2100,285.6000,1.799962
PHY_EDGE_ROW_100_Left_216,VPWR,li1,6.2100,285.6000,1.799962
PHY_EDGE_ROW_99_Left_215,VPWR,li1,6.2100,280.1600,1.799919
PHY_EDGE_ROW_98_Left_214,VPWR,li1,6.2100,280.1600,1.799919
PHY_EDGE_ROW_97_Left_213,VPWR,li1,6.2100,274.7200,1.799932
PHY_EDGE_ROW_96_Left_212,VPWR,li1,6.2100,274.7200,1.799932
PHY_EDGE_ROW_95_Left_211,VPWR,li1,6.2100,269.2800,1.799928
PHY_EDGE_ROW_94_Left_210,VPWR,li1,6.2100,269.2800,1.799928
PHY_EDGE_ROW_93_Left_209,VPWR,li1,6.2100,263.8400,1.799929
PHY_EDGE_ROW_92_Left_208,VPWR,li1,6.2100,263.8400,1.799929
PHY_EDGE_ROW_91_Left_207,VPWR,li1,6.2100,258.4000,1.799968
PHY_EDGE_ROW_90_Left_206,VPWR,li1,6.2100,258.4000,1.799968
PHY_EDGE_ROW_89_Left_205,VPWR,li1,6.2100,252.9600,1.799904
PHY_EDGE_ROW_88_Left_204,VPWR,li1,6.2100,252.9600,1.799904
PHY_EDGE_ROW_87_Left_203,VPWR,li1,6.2100,247.5200,1.799944
PHY_EDGE_ROW_86_Left_202,VPWR,li1,6.2100,247.5200,1.799944
PHY_EDGE_ROW_85_Left_201,VPWR,li1,6.2100,242.0800,1.799945
PHY_EDGE_ROW_84_Left_200,VPWR,li1,6.2100,242.0800,1.799945
PHY_EDGE_ROW_83_Left_199,VPWR,li1,6.2100,236.6400,1.799929
PHY_EDGE_ROW_82_Left_198,VPWR,li1,6.2100,236.6400,1.799929
PHY_EDGE_ROW_81_Left_197,VPWR,li1,6.2100,231.2000,1.799894
PHY_EDGE_ROW_80_Left_196,VPWR,li1,6.2100,231.2000,1.799894
PHY_EDGE_ROW_79_Left_195,VPWR,li1,6.2100,225.7600,1.799956
PHY_EDGE_ROW_78_Left_194,VPWR,li1,6.2100,225.7600,1.799956
PHY_EDGE_ROW_77_Left_193,VPWR,li1,6.2100,220.3200,1.799937
PHY_EDGE_ROW_76_Left_192,VPWR,li1,6.2100,220.3200,1.799937
PHY_EDGE_ROW_75_Left_191,VPWR,li1,6.2100,214.8800,1.799883
PHY_EDGE_ROW_74_Left_190,VPWR,li1,6.2100,214.8800,1.799883
PHY_EDGE_ROW_73_Left_189,VPWR,li1,6.2100,209.4400,1.799964
PHY_EDGE_ROW_72_Left_188,VPWR,li1,6.2100,209.4400,1.799964
PHY_EDGE_ROW_71_Left_187,VPWR,li1,6.2100,204.0000,1.799945
PHY_EDGE_ROW_70_Left_186,VPWR,li1,6.2100,204.0000,1.799945
PHY_EDGE_ROW_69_Left_185,VPWR,li1,6.2100,198.5600,1.799904
PHY_EDGE_ROW_68_Left_184,VPWR,li1,6.2100,198.5600,1.799904
PHY_EDGE_ROW_67_Left_183,VPWR,li1,6.2100,193.1200,1.799916
PHY_EDGE_ROW_66_Left_182,VPWR,li1,6.2100,193.1200,1.799916
PHY_EDGE_ROW_65_Left_181,VPWR,li1,6.2100,187.6800,1.799921
PHY_EDGE_ROW_64_Left_180,VPWR,li1,6.2100,187.6800,1.799921
PHY_EDGE_ROW_63_Left_179,VPWR,li1,6.2100,182.2400,1.799875
PHY_EDGE_ROW_62_Left_178,VPWR,li1,6.2100,182.2400,1.799875
PHY_EDGE_ROW_61_Left_177,VPWR,li1,6.2100,176.8000,1.799940
PHY_EDGE_ROW_60_Left_176,VPWR,li1,6.2100,176.8000,1.799940
PHY_EDGE_ROW_59_Left_175,VPWR,li1,6.2100,171.3600,1.799928
PHY_EDGE_ROW_58_Left_174,VPWR,li1,6.2100,171.3600,1.799928
PHY_EDGE_ROW_57_Left_173,VPWR,li1,6.2100,165.9200,1.799934
PHY_EDGE_ROW_56_Left_172,VPWR,li1,6.2100,165.9200,1.799934
PHY_EDGE_ROW_55_Left_171,VPWR,li1,6.2100,160.4800,1.799962
PHY_EDGE_ROW_54_Left_170,VPWR,li1,6.2100,160.4800,1.799962
PHY_EDGE_ROW_53_Left_169,VPWR,li1,6.2100,155.0400,1.799846
PHY_EDGE_ROW_52_Left_168,VPWR,li1,6.2100,155.0400,1.799846
PHY_EDGE_ROW_51_Left_167,VPWR,li1,6.2100,149.6000,1.799907
PHY_EDGE_ROW_50_Left_166,VPWR,li1,6.2100,149.6000,1.799907
PHY_EDGE_ROW_49_Left_165,VPWR,li1,6.2100,144.1600,1.799955
PHY_EDGE_ROW_48_Left_164,VPWR,li1,6.2100,144.1600,1.799955
PHY_EDGE_ROW_47_Left_163,VPWR,li1,6.2100,138.7200,1.799943
PHY_EDGE_ROW_46_Left_162,VPWR,li1,6.2100,138.7200,1.799943
PHY_EDGE_ROW_45_Left_161,VPWR,li1,6.2100,133.2800,1.799915
PHY_EDGE_ROW_44_Left_160,VPWR,li1,6.2100,133.2800,1.799915
PHY_EDGE_ROW_43_Left_159,VPWR,li1,6.2100,127.8400,1.799935
PHY_EDGE_ROW_42_Left_158,VPWR,li1,6.2100,127.8400,1.799935
PHY_EDGE_ROW_41_Left_157,VPWR,li1,6.2100,122.4000,1.799855
PHY_EDGE_ROW_40_Left_156,VPWR,li1,6.2100,122.4000,1.799855
PHY_EDGE_ROW_39_Left_155,VPWR,li1,6.2100,116.9600,1.799938
PHY_EDGE_ROW_38_Left_154,VPWR,li1,6.2100,116.9600,1.799938
PHY_EDGE_ROW_37_Left_153,VPWR,li1,6.2100,111.5200,1.799902
PHY_EDGE_ROW_36_Left_152,VPWR,li1,6.2100,111.5200,1.799902
PHY_EDGE_ROW_35_Left_151,VPWR,li1,6.2100,106.0800,1.799934
PHY_EDGE_ROW_34_Left_150,VPWR,li1,6.2100,106.0800,1.799934
PHY_EDGE_ROW_33_Left_149,VPWR,li1,6.2100,100.6400,1.799928
PHY_EDGE_ROW_32_Left_148,VPWR,li1,6.2100,100.6400,1.799928
PHY_EDGE_ROW_31_Left_147,VPWR,li1,6.2100,95.2000,1.799936
PHY_EDGE_ROW_30_Left_146,VPWR,li1,6.2100,95.2000,1.799936
PHY_EDGE_ROW_29_Left_145,VPWR,li1,6.2100,89.7600,1.799977
PHY_EDGE_ROW_28_Left_144,VPWR,li1,6.2100,89.7600,1.799977
PHY_EDGE_ROW_27_Left_143,VPWR,li1,6.2100,84.3200,1.799947
PHY_EDGE_ROW_26_Left_142,VPWR,li1,6.2100,84.3200,1.799947
PHY_EDGE_ROW_25_Left_141,VPWR,li1,6.2100,78.8800,1.799878
PHY_EDGE_ROW_24_Left_140,VPWR,li1,6.2100,78.8800,1.799878
PHY_EDGE_ROW_23_Left_139,VPWR,li1,6.2100,73.4400,1.799949
PHY_EDGE_ROW_22_Left_138,VPWR,li1,6.2100,73.4400,1.799949
PHY_EDGE_ROW_21_Left_137,VPWR,li1,6.2100,68.0000,1.799914
PHY_EDGE_ROW_20_Left_136,VPWR,li1,6.2100,68.0000,1.799914
PHY_EDGE_ROW_19_Left_135,VPWR,li1,6.2100,62.5600,1.799891
PHY_EDGE_ROW_18_Left_134,VPWR,li1,6.2100,62.5600,1.799891
PHY_EDGE_ROW_17_Left_133,VPWR,li1,6.2100,57.1200,1.799924
PHY_EDGE_ROW_16_Left_132,VPWR,li1,6.2100,57.1200,1.799924
PHY_EDGE_ROW_15_Left_131,VPWR,li1,6.2100,51.6800,1.799956
PHY_EDGE_ROW_14_Left_130,VPWR,li1,6.2100,51.6800,1.799956
PHY_EDGE_ROW_13_Left_129,VPWR,li1,6.2100,46.2400,1.799966
PHY_EDGE_ROW_12_Left_128,VPWR,li1,6.2100,46.2400,1.799966
PHY_EDGE_ROW_11_Left_127,VPWR,li1,6.2100,40.8000,1.799943
PHY_EDGE_ROW_10_Left_126,VPWR,li1,6.2100,40.8000,1.799943
PHY_EDGE_ROW_9_Left_125,VPWR,li1,6.2100,35.3600,1.799942
PHY_EDGE_ROW_8_Left_124,VPWR,li1,6.2100,35.3600,1.799942
PHY_EDGE_ROW_7_Left_123,VPWR,li1,6.2100,29.9200,1.799969
PHY_EDGE_ROW_6_Left_122,VPWR,li1,6.2100,29.9200,1.799969
PHY_EDGE_ROW_5_Left_121,VPWR,li1,6.2100,24.4800,1.799952
PHY_EDGE_ROW_4_Left_120,VPWR,li1,6.2100,24.4800,1.799952
PHY_EDGE_ROW_3_Left_119,VPWR,li1,6.2100,19.0400,1.799934
PHY_EDGE_ROW_2_Left_118,VPWR,li1,6.2100,19.0400,1.799934
PHY_EDGE_ROW_1_Left_117,VPWR,li1,6.2100,13.6000,1.799956
PHY_EDGE_ROW_0_Left_116,VPWR,li1,6.2100,13.6000,1.799956
PHY_EDGE_ROW_115_Right_115,VPWR,li1,322.6900,323.6800,1.799614
PHY_EDGE_ROW_114_Right_114,VPWR,li1,322.6900,323.6800,1.799614
PHY_EDGE_ROW_113_Right_113,VPWR,li1,322.6900,318.2400,1.799326
PHY_EDGE_ROW_112_Right_112,VPWR,li1,322.6900,318.2400,1.799326
PHY_EDGE_ROW_111_Right_111,VPWR,li1,322.6900,312.8000,1.799706
PHY_EDGE_ROW_110_Right_110,VPWR,li1,322.6900,312.8000,1.799706
PHY_EDGE_ROW_109_Right_109,VPWR,li1,322.6900,307.3600,1.799665
PHY_EDGE_ROW_108_Right_108,VPWR,li1,322.6900,307.3600,1.799665
PHY_EDGE_ROW_107_Right_107,VPWR,li1,322.6900,301.9200,1.798821
PHY_EDGE_ROW_106_Right_106,VPWR,li1,322.6900,301.9200,1.798821
PHY_EDGE_ROW_105_Right_105,VPWR,li1,322.6900,296.4800,1.799511
PHY_EDGE_ROW_104_Right_104,VPWR,li1,322.6900,296.4800,1.799511
PHY_EDGE_ROW_103_Right_103,VPWR,li1,322.6900,291.0400,1.799700
PHY_EDGE_ROW_102_Right_102,VPWR,li1,322.6900,291.0400,1.799700
PHY_EDGE_ROW_101_Right_101,VPWR,li1,322.6900,285.6000,1.799250
PHY_EDGE_ROW_100_Right_100,VPWR,li1,322.6900,285.6000,1.799250
PHY_EDGE_ROW_99_Right_99,VPWR,li1,322.6900,280.1600,1.799454
PHY_EDGE_ROW_98_Right_98,VPWR,li1,322.6900,280.1600,1.799454
PHY_EDGE_ROW_97_Right_97,VPWR,li1,322.6900,274.7200,1.798455
PHY_EDGE_ROW_96_Right_96,VPWR,li1,322.6900,274.7200,1.798455
PHY_EDGE_ROW_95_Right_95,VPWR,li1,322.6900,269.2800,1.798550
PHY_EDGE_ROW_94_Right_94,VPWR,li1,322.6900,269.2800,1.798550
PHY_EDGE_ROW_93_Right_93,VPWR,li1,322.6900,263.8400,1.799278
PHY_EDGE_ROW_92_Right_92,VPWR,li1,322.6900,263.8400,1.799278
PHY_EDGE_ROW_91_Right_91,VPWR,li1,322.6900,258.4000,1.799378
PHY_EDGE_ROW_90_Right_90,VPWR,li1,322.6900,258.4000,1.799378
PHY_EDGE_ROW_89_Right_89,VPWR,li1,322.6900,252.9600,1.799338
PHY_EDGE_ROW_88_Right_88,VPWR,li1,322.6900,252.9600,1.799338
PHY_EDGE_ROW_87_Right_87,VPWR,li1,322.6900,247.5200,1.799150
PHY_EDGE_ROW_86_Right_86,VPWR,li1,322.6900,247.5200,1.799150
PHY_EDGE_ROW_85_Right_85,VPWR,li1,322.6900,242.0800,1.799547
PHY_EDGE_ROW_84_Right_84,VPWR,li1,322.6900,242.0800,1.799547
PHY_EDGE_ROW_83_Right_83,VPWR,li1,322.6900,236.6400,1.799130
PHY_EDGE_ROW_82_Right_82,VPWR,li1,322.6900,236.6400,1.799130
PHY_EDGE_ROW_81_Right_81,VPWR,li1,322.6900,231.2000,1.799092
PHY_EDGE_ROW_80_Right_80,VPWR,li1,322.6900,231.2000,1.799092
PHY_EDGE_ROW_79_Right_79,VPWR,li1,322.6900,225.7600,1.798429
PHY_EDGE_ROW_78_Right_78,VPWR,li1,322.6900,225.7600,1.798429
PHY_EDGE_ROW_77_Right_77,VPWR,li1,322.6900,220.3200,1.799014
PHY_EDGE_ROW_76_Right_76,VPWR,li1,322.6900,220.3200,1.799014
PHY_EDGE_ROW_75_Right_75,VPWR,li1,322.6900,214.8800,1.799310
PHY_EDGE_ROW_74_Right_74,VPWR,li1,322.6900,214.8800,1.799310
PHY_EDGE_ROW_73_Right_73,VPWR,li1,322.6900,209.4400,1.798785
PHY_EDGE_ROW_72_Right_72,VPWR,li1,322.6900,209.4400,1.798785
PHY_EDGE_ROW_71_Right_71,VPWR,li1,322.6900,204.0000,1.799144
PHY_EDGE_ROW_70_Right_70,VPWR,li1,322.6900,204.0000,1.799144
PHY_EDGE_ROW_69_Right_69,VPWR,li1,322.6900,198.5600,1.799370
PHY_EDGE_ROW_68_Right_68,VPWR,li1,322.6900,198.5600,1.799370
PHY_EDGE_ROW_67_Right_67,VPWR,li1,322.6900,193.1200,1.799171
PHY_EDGE_ROW_66_Right_66,VPWR,li1,322.6900,193.1200,1.799171
PHY_EDGE_ROW_65_Right_65,VPWR,li1,322.6900,187.6800,1.798560
PHY_EDGE_ROW_64_Right_64,VPWR,li1,322.6900,187.6800,1.798560
PHY_EDGE_ROW_63_Right_63,VPWR,li1,322.6900,182.2400,1.798656
PHY_EDGE_ROW_62_Right_62,VPWR,li1,322.6900,182.2400,1.798656
PHY_EDGE_ROW_61_Right_61,VPWR,li1,322.6900,176.8000,1.799319
PHY_EDGE_ROW_60_Right_60,VPWR,li1,322.6900,176.8000,1.799319
PHY_EDGE_ROW_59_Right_59,VPWR,li1,322.6900,171.3600,1.799054
PHY_EDGE_ROW_58_Right_58,VPWR,li1,322.6900,171.3600,1.799054
PHY_EDGE_ROW_57_Right_57,VPWR,li1,322.6900,165.9200,1.799502
PHY_EDGE_ROW_56_Right_56,VPWR,li1,322.6900,165.9200,1.799502
PHY_EDGE_ROW_55_Right_55,VPWR,li1,322.6900,160.4800,1.799619
PHY_EDGE_ROW_54_Right_54,VPWR,li1,322.6900,160.4800,1.799619
PHY_EDGE_ROW_53_Right_53,VPWR,li1,322.6900,155.0400,1.799148
PHY_EDGE_ROW_52_Right_52,VPWR,li1,322.6900,155.0400,1.799148
PHY_EDGE_ROW_51_Right_51,VPWR,li1,322.6900,149.6000,1.798132
PHY_EDGE_ROW_50_Right_50,VPWR,li1,322.6900,149.6000,1.798132
PHY_EDGE_ROW_49_Right_49,VPWR,li1,322.6900,144.1600,1.799367
PHY_EDGE_ROW_48_Right_48,VPWR,li1,322.6900,144.1600,1.799367
PHY_EDGE_ROW_47_Right_47,VPWR,li1,322.6900,138.7200,1.799362
PHY_EDGE_ROW_46_Right_46,VPWR,li1,322.6900,138.7200,1.799362
PHY_EDGE_ROW_45_Right_45,VPWR,li1,322.6900,133.2800,1.799294
PHY_EDGE_ROW_44_Right_44,VPWR,li1,322.6900,133.2800,1.799294
PHY_EDGE_ROW_43_Right_43,VPWR,li1,322.6900,127.8400,1.799590
PHY_EDGE_ROW_42_Right_42,VPWR,li1,322.6900,127.8400,1.799590
PHY_EDGE_ROW_41_Right_41,VPWR,li1,322.6900,122.4000,1.798991
PHY_EDGE_ROW_40_Right_40,VPWR,li1,322.6900,122.4000,1.798991
PHY_EDGE_ROW_39_Right_39,VPWR,li1,322.6900,116.9600,1.798524
PHY_EDGE_ROW_38_Right_38,VPWR,li1,322.6900,116.9600,1.798524
PHY_EDGE_ROW_37_Right_37,VPWR,li1,322.6900,111.5200,1.798857
PHY_EDGE_ROW_36_Right_36,VPWR,li1,322.6900,111.5200,1.798857
PHY_EDGE_ROW_35_Right_35,VPWR,li1,322.6900,106.0800,1.799091
PHY_EDGE_ROW_34_Right_34,VPWR,li1,322.6900,106.0800,1.799091
PHY_EDGE_ROW_33_Right_33,VPWR,li1,322.6900,100.6400,1.799298
PHY_EDGE_ROW_32_Right_32,VPWR,li1,322.6900,100.6400,1.799298
PHY_EDGE_ROW_31_Right_31,VPWR,li1,322.6900,95.2000,1.799106
PHY_EDGE_ROW_30_Right_30,VPWR,li1,322.6900,95.2000,1.799106
PHY_EDGE_ROW_29_Right_29,VPWR,li1,322.6900,89.7600,1.799569
PHY_EDGE_ROW_28_Right_28,VPWR,li1,322.6900,89.7600,1.799569
PHY_EDGE_ROW_27_Right_27,VPWR,li1,322.6900,84.3200,1.799116
PHY_EDGE_ROW_26_Right_26,VPWR,li1,322.6900,84.3200,1.799116
PHY_EDGE_ROW_25_Right_25,VPWR,li1,322.6900,78.8800,1.799508
PHY_EDGE_ROW_24_Right_24,VPWR,li1,322.6900,78.8800,1.799508
PHY_EDGE_ROW_23_Right_23,VPWR,li1,322.6900,73.4400,1.799100
PHY_EDGE_ROW_22_Right_22,VPWR,li1,322.6900,73.4400,1.799100
PHY_EDGE_ROW_21_Right_21,VPWR,li1,322.6900,68.0000,1.798781
PHY_EDGE_ROW_20_Right_20,VPWR,li1,322.6900,68.0000,1.798781
PHY_EDGE_ROW_19_Right_19,VPWR,li1,322.6900,62.5600,1.798749
PHY_EDGE_ROW_18_Right_18,VPWR,li1,322.6900,62.5600,1.798749
PHY_EDGE_ROW_17_Right_17,VPWR,li1,322.6900,57.1200,1.798813
PHY_EDGE_ROW_16_Right_16,VPWR,li1,322.6900,57.1200,1.798813
PHY_EDGE_ROW_15_Right_15,VPWR,li1,322.6900,51.6800,1.799742
PHY_EDGE_ROW_14_Right_14,VPWR,li1,322.6900,51.6800,1.799742
PHY_EDGE_ROW_13_Right_13,VPWR,li1,322.6900,46.2400,1.799334
PHY_EDGE_ROW_12_Right_12,VPWR,li1,322.6900,46.2400,1.799334
PHY_EDGE_ROW_11_Right_11,VPWR,li1,322.6900,40.8000,1.799148
PHY_EDGE_ROW_10_Right_10,VPWR,li1,322.6900,40.8000,1.799148
PHY_EDGE_ROW_9_Right_9,VPWR,li1,322.6900,35.3600,1.799462
PHY_EDGE_ROW_8_Right_8,VPWR,li1,322.6900,35.3600,1.799462
PHY_EDGE_ROW_7_Right_7,VPWR,li1,322.6900,29.9200,1.799611
PHY_EDGE_ROW_6_Right_6,VPWR,li1,322.6900,29.9200,1.799611
PHY_EDGE_ROW_5_Right_5,VPWR,li1,322.6900,24.4800,1.799336
PHY_EDGE_ROW_4_Right_4,VPWR,li1,322.6900,24.4800,1.799336
PHY_EDGE_ROW_3_Right_3,VPWR,li1,322.6900,19.0400,1.799310
PHY_EDGE_ROW_2_Right_2,VPWR,li1,322.6900,19.0400,1.799310
PHY_EDGE_ROW_1_Right_1,VPWR,li1,322.6900,13.6000,1.799576
PHY_EDGE_ROW_0_Right_0,VPWR,li1,322.6900,13.6000,1.799576
_6071_,VPWR,li1,249.5500,176.8000,1.799432
_6070_,VPWR,li1,137.7700,312.8000,1.799863
_6069_,VPWR,li1,158.4700,19.0400,1.799714
_6068_,VPWR,li1,38.4100,296.4800,1.799845
_6067_,VPWR,li1,118.9100,40.8000,1.799729
_6066_,VPWR,li1,249.5500,62.5600,1.798939
_6065_,VPWR,li1,190.6700,307.3600,1.799860
_6064_,VPWR,li1,35.6500,214.8800,1.799765
_6063_,VPWR,li1,113.3900,318.2400,1.799475
_6062_,VPWR,li1,36.1100,165.9200,1.799894
_6061_,VPWR,li1,254.6100,19.0400,1.799333
_6060_,VPWR,li1,232.0700,291.0400,1.799747
_6059_,VPWR,li1,49.4500,171.3600,1.799788
_6058_,VPWR,li1,251.8500,274.7200,1.798646
_6057_,VPWR,li1,54.0500,40.8000,1.799797
_6056_,VPWR,li1,164.4500,165.9200,1.799888
_6055_,VPWR,li1,238.5100,204.0000,1.799263
_6054_,VPWR,li1,250.9300,29.9200,1.799640
_6053_,VPWR,li1,169.0500,318.2400,1.799759
_6052_,VPWR,li1,75.6700,318.2400,1.799577
_6051_,VPWR,li1,39.3300,89.7600,1.799946
_6050_,VPWR,li1,250.9300,160.4800,1.799665
_6049_,VPWR,li1,255.0700,318.2400,1.799333
_6048_,VPWR,li1,34.2700,122.4000,1.799727
_6047_,VPWR,li1,212.7500,307.3600,1.799791
_6046_,VPWR,li1,207.6900,149.6000,1.799163
_6045_,VPWR,li1,249.5500,122.4000,1.799120
_6044_,VPWR,li1,74.2900,24.4800,1.799741
_6043_,VPWR,li1,218.2700,13.6000,1.799690
_6042_,VPWR,li1,195.7300,19.0400,1.799653
_6041_,VPWR,li1,37.0300,40.8000,1.799858
_6040_,VPWR,li1,37.4900,236.6400,1.799850
_6039_,VPWR,li1,245.8700,198.5600,1.799530
_6038_,VPWR,li1,131.7900,220.3200,1.799762
_6037_,VPWR,li1,147.4300,57.1200,1.799737
_6036_,VPWR,li1,89.0100,236.6400,1.799693
_6035_,VPWR,li1,115.2300,62.5600,1.799416
_6034_,VPWR,li1,283.5900,62.5600,1.798779
_6033_,VPWR,li1,171.8100,236.6400,1.799814
_6032_,VPWR,li1,130.4100,198.5600,1.799751
_6031_,VPWR,li1,113.3900,242.0800,1.799646
_6030_,VPWR,li1,89.4700,155.0400,1.799389
_6029_,VPWR,li1,281.2900,46.2400,1.799358
_6028_,VPWR,li1,255.0700,214.8800,1.799410
_6027_,VPWR,li1,104.6500,187.6800,1.799673
_6026_,VPWR,li1,281.2900,236.6400,1.799170
_6025_,VPWR,li1,83.9500,51.6800,1.799764
_6024_,VPWR,li1,146.9700,138.7200,1.799807
_6023_,VPWR,li1,280.3700,214.8800,1.799349
_6022_,VPWR,li1,258.2900,46.2400,1.799429
_6021_,VPWR,li1,151.5700,225.7600,1.799692
_6020_,VPWR,li1,94.9900,225.7600,1.799710
_6019_,VPWR,li1,89.9300,133.2800,1.799545
_6018_,VPWR,li1,281.2900,171.3600,1.799111
_6017_,VPWR,li1,255.0700,236.6400,1.799244
_6016_,VPWR,li1,115.6900,144.1600,1.799773
_6015_,VPWR,li1,281.7500,247.5200,1.799173
_6014_,VPWR,li1,255.0700,144.1600,1.799434
_6013_,VPWR,li1,284.9700,111.5200,1.798958
_6012_,VPWR,li1,104.6500,46.2400,1.799846
_6011_,VPWR,li1,203.5500,40.8000,1.799642
_6010_,VPWR,li1,169.0500,57.1200,1.799781
_6009_,VPWR,li1,91.7700,78.8800,1.799503
_6008_,VPWR,li1,96.3700,204.0000,1.799740
_6007_,VPWR,li1,251.8500,193.1200,1.799252
_6006_,VPWR,li1,139.1500,225.7600,1.799662
_6005_,VPWR,li1,153.8700,51.6800,1.799804
_6004_,VPWR,li1,91.3100,242.0800,1.799674
_6003_,VPWR,li1,115.2300,57.1200,1.799713
_6002_,VPWR,li1,288.1900,57.1200,1.798837
_6001_,VPWR,li1,168.5900,242.0800,1.799850
_6000_,VPWR,li1,135.0100,204.0000,1.799719
_5999_,VPWR,li1,116.1500,252.9600,1.799670
_5998_,VPWR,li1,91.7700,155.0400,1.799385
_5997_,VPWR,li1,282.6700,46.2400,1.799358
_5996_,VPWR,li1,255.9900,214.8800,1.799410
_5995_,VPWR,li1,103.2700,193.1200,1.799605
_5994_,VPWR,li1,284.5100,231.2000,1.799140
_5993_,VPWR,li1,87.6300,51.6800,1.799755
_5992_,VPWR,li1,144.2100,133.2800,1.799668
_5991_,VPWR,li1,282.2100,220.3200,1.799063
_5990_,VPWR,li1,259.2100,40.8000,1.799320
_5989_,VPWR,li1,156.1700,220.3200,1.799778
_5988_,VPWR,li1,101.4300,236.6400,1.799682
_5987_,VPWR,li1,91.7700,138.7200,1.799792
_5986_,VPWR,li1,282.6700,165.9200,1.799535
_5985_,VPWR,li1,255.9900,231.2000,1.799299
_5984_,VPWR,li1,117.0700,144.1600,1.799773
_5983_,VPWR,li1,283.1300,242.0800,1.799550
_5982_,VPWR,li1,258.7500,144.1600,1.799423
_5981_,VPWR,li1,284.9700,116.9600,1.798561
_5980_,VPWR,li1,104.6500,40.8000,1.799731
_5979_,VPWR,li1,204.4700,51.6800,1.799823
_5978_,VPWR,li1,173.6500,57.1200,1.799791
_5977_,VPWR,li1,94.9900,78.8800,1.799501
_5976_,VPWR,li1,100.5100,214.8800,1.799489
_5975_,VPWR,li1,249.5500,182.2400,1.798850
_5974_,VPWR,li1,140.0700,312.8000,1.799865
_5973_,VPWR,li1,156.1700,19.0400,1.799700
_5972_,VPWR,li1,39.7900,285.6000,1.799909
_5971_,VPWR,li1,117.5300,40.8000,1.799729
_5970_,VPWR,li1,246.3300,68.0000,1.799109
_5969_,VPWR,li1,192.5100,301.9200,1.799603
_5968_,VPWR,li1,35.1900,220.3200,1.799910
_5967_,VPWR,li1,113.3900,318.2400,1.799475
_5966_,VPWR,li1,36.1100,165.9200,1.799894
_5965_,VPWR,li1,256.4500,19.0400,1.799329
_5964_,VPWR,li1,232.0700,285.6000,1.799469
_5963_,VPWR,li1,49.4500,171.3600,1.799788
_5962_,VPWR,li1,246.3300,280.1600,1.799583
_5961_,VPWR,li1,53.1300,40.8000,1.799797
_5960_,VPWR,li1,159.3900,176.8000,1.799784
_5959_,VPWR,li1,238.5100,214.8800,1.799483
_5958_,VPWR,li1,251.3900,24.4800,1.799414
_5957_,VPWR,li1,170.8900,318.2400,1.799775
_5956_,VPWR,li1,77.9700,318.2400,1.799565
_5955_,VPWR,li1,40.2500,95.2000,1.799866
_5954_,VPWR,li1,254.6100,160.4800,1.799659
_5953_,VPWR,li1,256.4500,323.6800,1.799622
_5952_,VPWR,li1,35.6500,122.4000,1.799727
_5951_,VPWR,li1,215.9700,301.9200,1.799358
_5950_,VPWR,li1,209.9900,155.0400,1.799455
_5949_,VPWR,li1,250.4700,127.8400,1.799666
_5948_,VPWR,li1,74.7500,19.0400,1.799657
_5947_,VPWR,li1,220.1100,19.0400,1.799469
_5946_,VPWR,li1,194.8100,24.4800,1.799746
_5945_,VPWR,li1,37.4900,35.3600,1.799855
_5944_,VPWR,li1,37.4900,236.6400,1.799850
_5943_,VPWR,li1,241.7300,176.8000,1.799456
_5942_,VPWR,li1,134.0900,323.6800,1.799809
_5941_,VPWR,li1,140.9900,19.0400,1.799630
_5940_,VPWR,li1,27.3700,291.0400,1.799901
_5939_,VPWR,li1,125.3500,13.6000,1.799727
_5938_,VPWR,li1,236.6700,62.5600,1.799047
_5937_,VPWR,li1,193.4300,323.6800,1.799811
_5936_,VPWR,li1,23.2300,220.3200,1.799948
_5935_,VPWR,li1,100.5100,318.2400,1.799485
_5934_,VPWR,li1,22.7700,165.9200,1.799945
_5933_,VPWR,li1,244.4900,57.1200,1.798976
_5932_,VPWR,li1,232.5300,307.3600,1.799746
_5931_,VPWR,li1,26.4500,182.2400,1.799811
_5930_,VPWR,li1,228.8500,274.7200,1.798893
_5929_,VPWR,li1,50.3700,19.0400,1.799750
_5928_,VPWR,li1,146.5100,176.8000,1.799749
_5927_,VPWR,li1,241.2700,198.5600,1.799555
_5926_,VPWR,li1,242.6500,29.9200,1.799652
_5925_,VPWR,li1,156.1700,318.2400,1.799660
_5924_,VPWR,li1,66.0100,318.2400,1.799638
_5923_,VPWR,li1,25.0700,89.7600,1.799972
_5922_,VPWR,li1,241.7300,165.9200,1.799621
_5921_,VPWR,li1,243.5700,323.6800,1.799641
_5920_,VPWR,li1,22.7700,127.8400,1.799946
_5919_,VPWR,li1,220.5700,323.6800,1.799697
_5918_,VPWR,li1,203.0900,149.6000,1.799238
_5917_,VPWR,li1,234.8300,133.2800,1.799484
_5916_,VPWR,li1,64.6300,19.0400,1.799691
_5915_,VPWR,li1,213.2100,29.9200,1.799722
_5914_,VPWR,li1,175.9500,24.4800,1.799890
_5913_,VPWR,li1,25.9900,46.2400,1.799959
_5912_,VPWR,li1,25.0700,236.6400,1.799922
_5911_,VPWR,li1,235.2900,176.8000,1.799479
_5910_,VPWR,li1,130.4100,318.2400,1.799513
_5909_,VPWR,li1,139.1500,13.6000,1.799745
_5908_,VPWR,li1,25.5300,291.0400,1.799911
_5907_,VPWR,li1,123.9700,24.4800,1.799764
_5906_,VPWR,li1,241.7300,68.0000,1.799151
_5905_,VPWR,li1,190.2100,318.2400,1.799684
_5904_,VPWR,li1,14.4900,220.3200,1.799938
_5903_,VPWR,li1,91.7700,318.2400,1.799508
_5902_,VPWR,li1,14.4900,165.9200,1.799936
_5901_,VPWR,li1,243.1100,46.2400,1.799485
_5900_,VPWR,li1,228.8500,312.8000,1.799730
_5899_,VPWR,li1,24.1500,171.3600,1.799920
_5898_,VPWR,li1,226.0900,274.7200,1.798942
_5897_,VPWR,li1,48.5300,19.0400,1.799760
_5896_,VPWR,li1,143.2900,171.3600,1.799607
_5895_,VPWR,li1,233.4500,193.1200,1.799314
_5894_,VPWR,li1,233.9100,35.3600,1.799610
_5893_,VPWR,li1,156.1700,323.6800,1.799844
_5892_,VPWR,li1,64.1700,312.8000,1.799894
_5891_,VPWR,li1,23.6900,100.6400,1.799914
_5890_,VPWR,li1,241.7300,155.0400,1.799307
_5889_,VPWR,li1,246.3300,318.2400,1.799343
_5888_,VPWR,li1,14.4900,127.8400,1.799937
_5887_,VPWR,li1,215.9700,318.2400,1.799482
_5886_,VPWR,li1,197.5700,155.0400,1.799539
_5885_,VPWR,li1,232.9900,122.4000,1.799194
_5884_,VPWR,li1,62.3300,13.6000,1.799791
_5883_,VPWR,li1,207.2300,29.9200,1.799740
_5882_,VPWR,li1,177.3300,19.0400,1.799813
_5881_,VPWR,li1,24.1500,40.8000,1.799930
_5880_,VPWR,li1,23.6900,231.2000,1.799886
_5879_,VPWR,li1,232.0700,176.8000,1.799494
_5878_,VPWR,li1,122.5900,318.2400,1.799491
_5877_,VPWR,li1,135.4700,29.9200,1.799757
_5876_,VPWR,li1,18.6300,285.6000,1.799962
_5875_,VPWR,li1,117.5300,19.0400,1.799597
_5874_,VPWR,li1,232.5300,68.0000,1.799228
_5873_,VPWR,li1,181.0100,318.2400,1.799779
_5872_,VPWR,li1,12.6500,214.8800,1.799883
_5871_,VPWR,li1,91.3100,312.8000,1.799864
_5870_,VPWR,li1,11.2700,165.9200,1.799934
_5869_,VPWR,li1,235.7500,51.6800,1.799761
_5868_,VPWR,li1,226.0900,318.2400,1.799414
_5867_,VPWR,li1,12.6500,176.8000,1.799940
_5866_,VPWR,li1,220.5700,269.2800,1.799240
_5865_,VPWR,li1,42.5500,19.0400,1.799797
_5864_,VPWR,li1,138.6900,171.3600,1.799603
_5863_,VPWR,li1,228.8500,204.0000,1.799300
_5862_,VPWR,li1,229.3100,24.4800,1.799520
_5861_,VPWR,li1,148.3500,318.2400,1.799600
_5860_,VPWR,li1,60.4900,323.6800,1.799864
_5859_,VPWR,li1,12.6500,95.2000,1.799936
_5858_,VPWR,li1,233.4500,160.4800,1.799707
_5857_,VPWR,li1,238.5100,318.2400,1.799363
_5856_,VPWR,li1,12.1900,127.8400,1.799935
_5855_,VPWR,li1,207.6900,318.2400,1.799543
_5854_,VPWR,li1,194.3500,149.6000,1.799393
_5853_,VPWR,li1,224.7100,122.4000,1.799239
_5852_,VPWR,li1,53.1300,13.6000,1.799822
_5851_,VPWR,li1,204.4700,19.0400,1.799582
_5850_,VPWR,li1,168.1300,19.0400,1.799778
_5849_,VPWR,li1,18.6300,51.6800,1.799957
_5848_,VPWR,li1,13.5700,231.2000,1.799894
_5847_,VPWR,li1,255.9900,182.2400,1.798795
_5846_,VPWR,li1,146.5100,301.9200,1.799783
_5845_,VPWR,li1,154.7900,13.6000,1.799791
_5844_,VPWR,li1,40.2500,291.0400,1.799839
_5843_,VPWR,li1,126.2700,35.3600,1.799731
_5842_,VPWR,li1,254.6100,62.5600,1.798889
_5841_,VPWR,li1,203.0900,307.3600,1.799816
_5840_,VPWR,li1,46.6900,214.8800,1.799687
_5839_,VPWR,li1,116.6100,307.3600,1.799808
_5838_,VPWR,li1,59.5700,165.9200,1.799843
_5837_,VPWR,li1,262.4300,19.0400,1.799323
_5836_,VPWR,li1,235.2900,296.4800,1.799606
_5835_,VPWR,li1,68.7700,176.8000,1.799800
_5834_,VPWR,li1,244.0300,274.7200,1.798724
_5833_,VPWR,li1,62.3300,46.2400,1.799891
_5832_,VPWR,li1,167.2100,176.8000,1.799820
_5831_,VPWR,li1,242.1900,220.3200,1.799197
_5830_,VPWR,li1,241.2700,19.0400,1.799371
_5829_,VPWR,li1,173.1900,301.9200,1.799826
_5828_,VPWR,li1,83.4900,318.2400,1.799545
_5827_,VPWR,li1,48.5300,100.6400,1.799811
_5826_,VPWR,li1,261.9700,171.3600,1.799165
_5825_,VPWR,li1,267.4900,318.2400,1.799326
_5824_,VPWR,li1,45.3100,122.4000,1.799633
_5823_,VPWR,li1,217.3500,296.4800,1.799664
_5822_,VPWR,li1,220.1100,155.0400,1.799395
_5821_,VPWR,li1,257.3700,122.4000,1.799082
_5820_,VPWR,li1,79.3500,19.0400,1.799640
_5819_,VPWR,li1,228.8500,19.0400,1.799412
_5818_,VPWR,li1,189.7500,19.0400,1.799705
_5817_,VPWR,li1,40.2500,40.8000,1.799843
_5816_,VPWR,li1,45.7700,225.7600,1.799866
_5815_,VPWR,li1,295.5500,187.6800,1.798620
_5814_,VPWR,li1,146.0500,285.6000,1.799855
_5813_,VPWR,li1,161.6900,89.7600,1.799896
_5812_,VPWR,li1,37.9500,269.2800,1.799835
_5811_,VPWR,li1,134.5500,73.4400,1.799832
_5810_,VPWR,li1,305.2100,95.2000,1.799111
_5809_,VPWR,li1,203.0900,285.6000,1.799645
_5808_,VPWR,li1,37.4900,198.5600,1.799848
_5807_,VPWR,li1,109.2500,291.0400,1.799714
_5806_,VPWR,li1,38.8700,155.0400,1.799696
_5805_,VPWR,li1,306.1300,78.8800,1.799508
_5804_,VPWR,li1,267.4900,274.7200,1.798541
_5803_,VPWR,li1,37.9500,182.2400,1.799690
_5802_,VPWR,li1,305.6700,269.2800,1.798576
_5801_,VPWR,li1,39.3300,62.5600,1.799698
_5800_,VPWR,li1,179.6300,144.1600,1.799839
_5799_,VPWR,li1,307.5100,198.5600,1.799373
_5798_,VPWR,li1,272.0900,68.0000,1.798936
_5797_,VPWR,li1,165.8300,274.7200,1.799706
_5796_,VPWR,li1,78.8900,296.4800,1.799664
_5795_,VPWR,li1,35.6500,106.0800,1.799870
_5794_,VPWR,li1,306.1300,149.6000,1.798156
_5793_,VPWR,li1,284.9700,285.6000,1.799295
_5792_,VPWR,li1,39.3300,138.7200,1.799895
_5791_,VPWR,li1,305.6700,285.6000,1.799255
_5790_,VPWR,li1,268.8700,106.0800,1.799160
_5789_,VPWR,li1,308.8900,138.7200,1.799365
_5788_,VPWR,li1,83.0300,68.0000,1.799631
_5787_,VPWR,li1,222.8700,62.5600,1.799192
_5786_,VPWR,li1,191.5900,62.5600,1.799562
_5785_,VPWR,li1,43.4700,73.4400,1.799894
_5784_,VPWR,li1,38.8700,252.9600,1.799787
_5783_,VPWR,li1,233.4500,182.2400,1.798971
_5782_,VPWR,li1,126.2700,323.6800,1.799805
_5781_,VPWR,li1,133.1700,19.0400,1.799615
_5780_,VPWR,li1,23.2300,296.4800,1.799936
_5779_,VPWR,li1,115.2300,19.0400,1.799596
_5778_,VPWR,li1,233.4500,62.5600,1.799079
_5777_,VPWR,li1,182.8500,323.6800,1.799866
_5776_,VPWR,li1,13.5700,220.3200,1.799938
_5775_,VPWR,li1,92.6900,318.2400,1.799508
_5774_,VPWR,li1,11.2700,160.4800,1.799962
_5773_,VPWR,li1,241.7300,51.6800,1.799755
_5772_,VPWR,li1,228.8500,318.2400,1.799396
_5771_,VPWR,li1,15.4100,176.8000,1.799942
_5770_,VPWR,li1,223.3300,263.8400,1.799456
_5769_,VPWR,li1,40.2500,24.4800,1.799864
_5768_,VPWR,li1,143.2900,176.8000,1.799742
_5767_,VPWR,li1,230.6900,193.1200,1.799332
_5766_,VPWR,li1,230.6900,24.4800,1.799520
_5765_,VPWR,li1,153.8700,323.6800,1.799839
_5764_,VPWR,li1,56.8100,318.2400,1.799699
_5763_,VPWR,li1,15.4100,95.2000,1.799937
_5762_,VPWR,li1,236.6700,165.9200,1.799637
_5761_,VPWR,li1,241.7300,318.2400,1.799351
_5760_,VPWR,li1,12.1900,122.4000,1.799855
_5759_,VPWR,li1,209.0700,323.6800,1.799735
_5758_,VPWR,li1,194.8100,155.0400,1.799567
_5757_,VPWR,li1,227.9300,127.8400,1.799724
_5756_,VPWR,li1,56.8100,19.0400,1.799719
_5755_,VPWR,li1,205.3900,29.9200,1.799747
_5754_,VPWR,li1,173.6500,13.6000,1.799877
_5753_,VPWR,li1,16.7900,46.2400,1.799966
_5752_,VPWR,li1,17.2500,236.6400,1.799930
_5751_,VPWR,li1,295.5500,182.2400,1.798674
_5750_,VPWR,li1,146.0500,291.0400,1.799803
_5749_,VPWR,li1,161.6900,84.3200,1.799742
_5748_,VPWR,li1,37.9500,269.2800,1.799835
_5747_,VPWR,li1,134.5500,78.8800,1.799603
_5746_,VPWR,li1,306.1300,100.6400,1.799310
_5745_,VPWR,li1,203.0900,291.0400,1.799810
_5744_,VPWR,li1,37.4900,198.5600,1.799848
_5743_,VPWR,li1,109.2500,296.4800,1.799601
_5742_,VPWR,li1,38.8700,155.0400,1.799696
_5741_,VPWR,li1,305.2100,78.8800,1.799508
_5740_,VPWR,li1,266.1100,274.7200,1.798541
_5739_,VPWR,li1,38.4100,187.6800,1.799810
_5738_,VPWR,li1,306.1300,269.2800,1.798576
_5737_,VPWR,li1,39.3300,62.5600,1.799698
_5736_,VPWR,li1,180.0900,144.1600,1.799839
_5735_,VPWR,li1,307.5100,198.5600,1.799373
_5734_,VPWR,li1,273.9300,68.0000,1.798926
_5733_,VPWR,li1,165.8300,280.1600,1.799847
_5732_,VPWR,li1,78.8900,291.0400,1.799704
_5731_,VPWR,li1,34.7300,111.5200,1.799829
_5730_,VPWR,li1,307.0500,155.0400,1.799154
_5729_,VPWR,li1,287.2700,285.6000,1.799289
_5728_,VPWR,li1,39.3300,144.1600,1.799897
_5727_,VPWR,li1,306.1300,285.6000,1.799255
_5726_,VPWR,li1,268.8700,111.5200,1.799047
_5725_,VPWR,li1,308.8900,138.7200,1.799365
_5724_,VPWR,li1,83.0300,62.5600,1.799405
_5723_,VPWR,li1,220.5700,68.0000,1.799347
_5722_,VPWR,li1,191.5900,62.5600,1.799562
_5721_,VPWR,li1,40.7100,78.8800,1.799707
_5720_,VPWR,li1,38.8700,252.9600,1.799787
_5719_,VPWR,li1,274.8500,182.2400,1.798716
_5718_,VPWR,li1,127.1900,296.4800,1.799625
_5717_,VPWR,li1,151.5700,78.8800,1.799708
_5716_,VPWR,li1,26.9100,274.7200,1.799898
_5715_,VPWR,li1,125.8100,78.8800,1.799560
_5714_,VPWR,li1,293.2500,95.2000,1.799122
_5713_,VPWR,li1,183.7700,285.6000,1.799802
_5712_,VPWR,li1,23.2300,209.4400,1.799964
_5711_,VPWR,li1,95.9100,301.9200,1.799792
_5710_,VPWR,li1,24.1500,155.0400,1.799841
_5709_,VPWR,li1,291.4100,84.3200,1.799127
_5708_,VPWR,li1,263.3500,296.4800,1.799537
_5707_,VPWR,li1,23.6900,193.1200,1.799917
_5706_,VPWR,li1,293.7100,269.2800,1.798632
_5705_,VPWR,li1,25.0700,68.0000,1.799903
_5704_,VPWR,li1,189.7500,171.3600,1.799602
_5703_,VPWR,li1,293.2500,193.1200,1.799180
_5702_,VPWR,li1,271.1700,89.7600,1.799582
_5701_,VPWR,li1,165.3700,296.4800,1.799779
_5700_,VPWR,li1,58.1900,307.3600,1.799825
_5699_,VPWR,li1,22.7700,111.5200,1.799912
_5698_,VPWR,li1,293.2500,149.6000,1.798208
_5697_,VPWR,li1,279.4500,301.9200,1.798850
_5696_,VPWR,li1,24.1500,144.1600,1.799946
_5695_,VPWR,li1,295.5500,307.3600,1.799665
_5694_,VPWR,li1,280.3700,100.6400,1.799363
_5693_,VPWR,li1,293.2500,138.7200,1.799389
_5692_,VPWR,li1,66.4700,73.4400,1.799857
_5691_,VPWR,li1,204.0100,73.4400,1.799635
_5690_,VPWR,li1,185.1500,89.7600,1.799855
_5689_,VPWR,li1,26.9100,84.3200,1.799919
_5688_,VPWR,li1,25.9900,252.9600,1.799891
_5687_,VPWR,li1,280.3700,176.8000,1.799356
_5686_,VPWR,li1,126.2700,296.4800,1.799625
_5685_,VPWR,li1,147.4300,84.3200,1.799685
_5684_,VPWR,li1,25.0700,263.8400,1.799913
_5683_,VPWR,li1,122.1300,84.3200,1.799668
_5682_,VPWR,li1,288.1900,106.0800,1.799095
_5681_,VPWR,li1,181.9300,296.4800,1.799823
_5680_,VPWR,li1,20.9300,198.5600,1.799921
_5679_,VPWR,li1,91.7700,301.9200,1.799799
_5678_,VPWR,li1,22.7700,149.6000,1.799918
_5677_,VPWR,li1,293.2500,78.8800,1.799524
_5676_,VPWR,li1,255.9900,301.9200,1.798986
_5675_,VPWR,li1,14.4900,193.1200,1.799918
_5674_,VPWR,li1,284.9700,274.7200,1.798468
_5673_,VPWR,li1,23.6900,73.4400,1.799946
_5672_,VPWR,li1,184.2300,176.8000,1.799790
_5671_,VPWR,li1,293.2500,198.5600,1.799394
_5670_,VPWR,li1,268.4100,84.3200,1.799166
_5669_,VPWR,li1,163.0700,291.0400,1.799867
_5668_,VPWR,li1,53.1300,296.4800,1.799779
_5667_,VPWR,li1,14.4900,111.5200,1.799903
_5666_,VPWR,li1,288.1900,160.4800,1.799625
_5665_,VPWR,li1,280.3700,301.9200,1.798850
_5664_,VPWR,li1,22.3100,133.2800,1.799920
_5663_,VPWR,li1,293.7100,307.3600,1.799666
_5662_,VPWR,li1,272.5500,100.6400,1.799388
_5661_,VPWR,li1,293.2500,133.2800,1.799309
_5660_,VPWR,li1,64.6300,68.0000,1.799691
_5659_,VPWR,li1,203.0900,73.4400,1.799635
_5658_,VPWR,li1,179.6300,89.7600,1.799884
_5657_,VPWR,li1,25.5300,73.4400,1.799940
_5656_,VPWR,li1,24.1500,247.5200,1.799940
_5655_,VPWR,li1,269.7900,171.3600,1.799140
_5654_,VPWR,li1,119.3700,291.0400,1.799734
_5653_,VPWR,li1,140.0700,78.8800,1.799626
_5652_,VPWR,li1,19.5500,274.7200,1.799932
_5651_,VPWR,li1,117.5300,73.4400,1.799828
_5650_,VPWR,li1,284.5100,95.2000,1.799137
_5649_,VPWR,li1,178.2500,296.4800,1.799846
_5648_,VPWR,li1,12.6500,204.0000,1.799945
_5647_,VPWR,li1,87.6300,296.4800,1.799638
_5646_,VPWR,li1,12.6500,149.6000,1.799907
_5645_,VPWR,li1,283.5900,84.3200,1.799138
_5644_,VPWR,li1,252.3100,296.4800,1.799558
_5643_,VPWR,li1,12.6500,187.6800,1.799921
_5642_,VPWR,li1,282.2100,263.8400,1.799308
_5641_,VPWR,li1,12.6500,68.0000,1.799914
_5640_,VPWR,li1,181.9300,171.3600,1.799660
_5639_,VPWR,li1,284.5100,198.5600,1.799415
_5638_,VPWR,li1,261.5100,84.3200,1.799188
_5637_,VPWR,li1,153.8700,296.4800,1.799708
_5636_,VPWR,li1,49.4500,301.9200,1.799880
_5635_,VPWR,li1,12.1900,106.0800,1.799934
_5634_,VPWR,li1,279.9100,149.6000,1.798282
_5633_,VPWR,li1,271.6300,301.9200,1.798887
_5632_,VPWR,li1,12.6500,138.7200,1.799943
_5631_,VPWR,li1,290.0300,296.4800,1.799512
_5630_,VPWR,li1,266.5700,95.2000,1.799200
_5629_,VPWR,li1,282.6700,133.2800,1.799326
_5628_,VPWR,li1,57.2700,73.4400,1.799867
_5627_,VPWR,li1,194.8100,73.4400,1.799701
_5626_,VPWR,li1,175.0300,84.3200,1.799815
_5625_,VPWR,li1,12.6500,78.8800,1.799878
_5624_,VPWR,li1,14.4900,252.9600,1.799904
_5623_,VPWR,li1,271.6300,182.2400,1.798725
_5622_,VPWR,li1,125.8100,301.9200,1.799773
_5621_,VPWR,li1,143.2900,78.8800,1.799653
_5620_,VPWR,li1,17.7100,269.2800,1.799929
_5619_,VPWR,li1,117.5300,78.8800,1.799523
_5618_,VPWR,li1,284.9700,100.6400,1.799350
_5617_,VPWR,li1,179.6300,285.6000,1.799839
_5616_,VPWR,li1,12.6500,204.0000,1.799945
_5615_,VPWR,li1,91.7700,296.4800,1.799622
_5614_,VPWR,li1,12.6500,149.6000,1.799907
_5613_,VPWR,li1,284.5100,73.4400,1.799145
_5612_,VPWR,li1,254.6100,291.0400,1.799721
_5611_,VPWR,li1,12.6500,193.1200,1.799917
_5610_,VPWR,li1,283.1300,269.2800,1.798690
_5609_,VPWR,li1,14.4900,68.0000,1.799915
_5608_,VPWR,li1,181.9300,171.3600,1.799660
_5607_,VPWR,li1,284.9700,193.1200,1.799187
_5606_,VPWR,li1,269.3300,84.3200,1.799166
_5605_,VPWR,li1,160.3100,301.9200,1.799802
_5604_,VPWR,li1,53.1300,301.9200,1.799870
_5603_,VPWR,li1,12.1900,111.5200,1.799902
_5602_,VPWR,li1,283.1300,155.0400,1.799186
_5601_,VPWR,li1,272.0900,296.4800,1.799524
_5600_,VPWR,li1,12.6500,138.7200,1.799943
_5599_,VPWR,li1,293.2500,301.9200,1.798821
_5598_,VPWR,li1,269.3300,89.7600,1.799584
_5597_,VPWR,li1,284.9700,133.2800,1.799321
_5596_,VPWR,li1,62.3300,78.8800,1.799576
_5595_,VPWR,li1,196.1900,73.4400,1.799701
_5594_,VPWR,li1,177.3300,89.7600,1.799899
_5593_,VPWR,li1,23.2300,84.3200,1.799936
_5592_,VPWR,li1,18.1700,252.9600,1.799906
_5591_,VPWR,li1,215.9700,187.6800,1.799316
_5590_,VPWR,li1,152.4900,269.2800,1.799713
_5589_,VPWR,li1,159.8500,95.2000,1.799825
_5588_,VPWR,li1,75.2100,274.7200,1.799650
_5587_,VPWR,li1,141.9100,95.2000,1.799789
_5586_,VPWR,li1,252.7700,100.6400,1.799465
_5585_,VPWR,li1,194.8100,263.8400,1.799621
_5584_,VPWR,li1,87.1700,193.1200,1.799623
_5583_,VPWR,li1,133.6300,274.7200,1.799572
_5582_,VPWR,li1,82.1100,155.0400,1.799407
_5581_,VPWR,li1,250.4700,111.5200,1.799166
_5580_,VPWR,li1,241.7300,236.6400,1.799301
_5579_,VPWR,li1,99.1300,182.2400,1.799386
_5578_,VPWR,li1,219.6500,236.6400,1.799445
_5577_,VPWR,li1,85.3300,84.3200,1.799716
_5576_,VPWR,li1,163.9900,149.6000,1.799681
_5575_,VPWR,li1,215.5100,209.4400,1.799309
_5574_,VPWR,li1,250.0100,78.8800,1.799614
_5573_,VPWR,li1,176.4100,204.0000,1.799814
_5572_,VPWR,li1,96.3700,269.2800,1.799634
_5571_,VPWR,li1,78.8900,133.2800,1.799558
_5570_,VPWR,li1,228.8500,171.3600,1.799305
_5569_,VPWR,li1,250.0100,252.9600,1.799471
_5568_,VPWR,li1,116.1500,127.8400,1.799804
_5567_,VPWR,li1,207.6900,269.2800,1.799374
_5566_,VPWR,li1,209.0700,133.2800,1.799606
_5565_,VPWR,li1,247.2500,138.7200,1.799517
_5564_,VPWR,li1,113.3900,84.3200,1.799673
_5563_,VPWR,li1,215.9700,78.8800,1.799717
_5562_,VPWR,li1,177.3300,95.2000,1.799848
_5561_,VPWR,li1,78.8900,78.8800,1.799521
_5560_,VPWR,li1,78.8900,231.2000,1.799586
_5559_,VPWR,li1,215.9700,187.6800,1.799316
_5558_,VPWR,li1,152.4900,269.2800,1.799713
_5557_,VPWR,li1,159.8500,100.6400,1.799797
_5556_,VPWR,li1,75.2100,269.2800,1.799683
_5555_,VPWR,li1,141.9100,95.2000,1.799789
_5554_,VPWR,li1,254.6100,106.0800,1.799217
_5553_,VPWR,li1,195.7300,263.8400,1.799621
_5552_,VPWR,li1,86.7100,198.5600,1.799732
_5551_,VPWR,li1,133.6300,269.2800,1.799671
_5550_,VPWR,li1,82.1100,160.4800,1.799841
_5549_,VPWR,li1,250.4700,106.0800,1.799239
_5548_,VPWR,li1,241.7300,236.6400,1.799301
_5547_,VPWR,li1,100.0500,187.6800,1.799675
_5546_,VPWR,li1,218.7300,236.6400,1.799445
_5545_,VPWR,li1,87.1700,78.8800,1.799509
_5544_,VPWR,li1,164.4500,149.6000,1.799681
_5543_,VPWR,li1,215.9700,204.0000,1.799383
_5542_,VPWR,li1,250.0100,84.3200,1.799232
_5541_,VPWR,li1,177.3300,204.0000,1.799786
_5540_,VPWR,li1,96.3700,274.7200,1.799574
_5539_,VPWR,li1,81.1900,133.2800,1.799554
_5538_,VPWR,li1,227.0100,171.3600,1.799315
_5537_,VPWR,li1,250.0100,258.4000,1.799468
_5536_,VPWR,li1,116.1500,133.2800,1.799559
_5535_,VPWR,li1,207.6900,263.8400,1.799516
_5534_,VPWR,li1,207.6900,133.2800,1.799606
_5533_,VPWR,li1,246.3300,144.1600,1.799462
_5532_,VPWR,li1,113.8500,89.7600,1.799876
_5531_,VPWR,li1,214.5900,84.3200,1.799405
_5530_,VPWR,li1,175.9500,95.2000,1.799867
_5529_,VPWR,li1,77.5100,84.3200,1.799739
_5528_,VPWR,li1,78.8900,236.6400,1.799716
_5527_,VPWR,li1,213.6700,193.1200,1.799439
_5526_,VPWR,li1,155.2500,263.8400,1.799664
_5525_,VPWR,li1,161.6900,106.0800,1.799712
_5524_,VPWR,li1,77.5100,280.1600,1.799643
_5523_,VPWR,li1,142.3700,100.6400,1.799739
_5522_,VPWR,li1,211.8300,100.6400,1.799654
_5521_,VPWR,li1,186.9900,274.7200,1.799575
_5520_,VPWR,li1,87.1700,198.5600,1.799732
_5519_,VPWR,li1,125.8100,280.1600,1.799712
_5518_,VPWR,li1,81.6500,149.6000,1.799684
_5517_,VPWR,li1,233.4500,106.0800,1.799332
_5516_,VPWR,li1,233.9100,236.6400,1.799347
_5515_,VPWR,li1,106.0300,171.3600,1.799621
_5514_,VPWR,li1,210.4500,231.2000,1.799590
_5513_,VPWR,li1,83.9500,106.0800,1.799656
_5512_,VPWR,li1,164.4500,155.0400,1.799682
_5511_,VPWR,li1,207.6900,209.4400,1.799398
_5510_,VPWR,li1,238.9700,89.7600,1.799639
_5509_,VPWR,li1,177.3300,209.4400,1.799783
_5508_,VPWR,li1,91.7700,280.1600,1.799648
_5507_,VPWR,li1,85.7900,122.4000,1.799389
_5506_,VPWR,li1,213.6700,171.3600,1.799395
_5505_,VPWR,li1,241.7300,258.4000,1.799491
_5504_,VPWR,li1,135.4700,127.8400,1.799821
_5503_,VPWR,li1,216.8900,280.1600,1.799679
_5502_,VPWR,li1,203.5500,116.9600,1.799340
_5501_,VPWR,li1,236.6700,149.6000,1.798712
_5500_,VPWR,li1,109.7100,106.0800,1.799572
_5499_,VPWR,li1,215.9700,89.7600,1.799707
_5498_,VPWR,li1,180.0900,106.0800,1.799762
_5497_,VPWR,li1,83.4900,100.6400,1.799727
_5496_,VPWR,li1,83.9500,231.2000,1.799569
_5495_,VPWR,li1,215.9700,193.1200,1.799418
_5494_,VPWR,li1,155.2500,258.4000,1.799847
_5493_,VPWR,li1,161.6900,111.5200,1.799774
_5492_,VPWR,li1,77.5100,274.7200,1.799640
_5491_,VPWR,li1,142.3700,100.6400,1.799739
_5490_,VPWR,li1,211.8300,106.0800,1.799460
_5489_,VPWR,li1,190.2100,269.2800,1.799587
_5488_,VPWR,li1,87.1700,193.1200,1.799623
_5487_,VPWR,li1,124.8900,274.7200,1.799545
_5486_,VPWR,li1,81.6500,144.1600,1.799799
_5485_,VPWR,li1,236.6700,111.5200,1.799257
_5484_,VPWR,li1,233.4500,236.6400,1.799347
_5483_,VPWR,li1,104.6500,171.3600,1.799621
_5482_,VPWR,li1,211.3700,225.7600,1.799255
_5481_,VPWR,li1,83.9500,111.5200,1.799603
_5480_,VPWR,li1,164.4500,160.4800,1.799882
_5479_,VPWR,li1,206.3100,209.4400,1.799398
_5478_,VPWR,li1,238.5100,95.2000,1.799361
_5477_,VPWR,li1,175.9500,209.4400,1.799810
_5476_,VPWR,li1,93.1500,280.1600,1.799648
_5475_,VPWR,li1,87.1700,116.9600,1.799692
_5474_,VPWR,li1,215.9700,171.3600,1.799380
_5473_,VPWR,li1,241.7300,252.9600,1.799498
_5472_,VPWR,li1,135.4700,133.2800,1.799626
_5471_,VPWR,li1,216.8900,280.1600,1.799679
_5470_,VPWR,li1,203.5500,122.4000,1.799432
_5469_,VPWR,li1,236.6700,144.1600,1.799506
_5468_,VPWR,li1,112.4700,100.6400,1.799704
_5467_,VPWR,li1,213.6700,95.2000,1.799530
_5466_,VPWR,li1,179.6300,106.0800,1.799762
_5465_,VPWR,li1,83.4900,95.2000,1.799777
_5464_,VPWR,li1,83.9500,236.6400,1.799704
_5463_,VPWR,li1,257.3700,176.8000,1.799409
_5462_,VPWR,li1,151.1100,307.3600,1.799855
_5461_,VPWR,li1,156.1700,13.6000,1.799791
_5460_,VPWR,li1,48.5300,291.0400,1.799809
_5459_,VPWR,li1,126.7300,40.8000,1.799738
_5458_,VPWR,li1,254.6100,68.0000,1.799046
_5457_,VPWR,li1,199.4100,312.8000,1.799788
_5456_,VPWR,li1,48.5300,220.3200,1.799871
_5455_,VPWR,li1,117.0700,307.3600,1.799808
_5454_,VPWR,li1,61.4100,165.9200,1.799840
_5453_,VPWR,li1,259.2100,13.6000,1.799591
_5452_,VPWR,li1,236.2100,301.9200,1.799169
_5451_,VPWR,li1,69.6900,171.3600,1.799715
_5450_,VPWR,li1,245.4100,274.7200,1.798724
_5449_,VPWR,li1,61.8700,40.8000,1.799778
_5448_,VPWR,li1,167.2100,176.8000,1.799820
_5447_,VPWR,li1,243.1100,214.8800,1.799456
_5446_,VPWR,li1,241.7300,13.6000,1.799619
_5445_,VPWR,li1,173.6500,307.3600,1.799917
_5444_,VPWR,li1,83.4900,312.8000,1.799869
_5443_,VPWR,li1,48.5300,95.2000,1.799837
_5442_,VPWR,li1,260.5900,165.9200,1.799574
_5441_,VPWR,li1,259.2100,312.8000,1.799706
_5440_,VPWR,li1,48.5300,127.8400,1.799850
_5439_,VPWR,li1,216.8900,291.0400,1.799776
_5438_,VPWR,li1,220.5700,155.0400,1.799395
_5437_,VPWR,li1,254.6100,122.4000,1.799092
_5436_,VPWR,li1,78.8900,13.6000,1.799755
_5435_,VPWR,li1,226.0900,13.6000,1.799663
_5434_,VPWR,li1,191.5900,13.6000,1.799801
_5433_,VPWR,li1,44.8500,40.8000,1.799827
_5432_,VPWR,li1,47.1500,231.2000,1.799719
_5431_,VPWR,li1,308.8900,187.6800,1.798564
_5430_,VPWR,li1,143.2900,280.1600,1.799762
_5429_,VPWR,li1,164.9100,68.0000,1.799784
_5428_,VPWR,li1,52.6700,274.7200,1.799758
_5427_,VPWR,li1,140.9900,62.5600,1.799540
_5426_,VPWR,li1,310.7300,100.6400,1.799301
_5425_,VPWR,li1,198.4900,280.1600,1.799765
_5424_,VPWR,li1,54.0500,204.0000,1.799843
_5423_,VPWR,li1,109.2500,280.1600,1.799675
_5422_,VPWR,li1,53.1300,149.6000,1.799758
_5421_,VPWR,li1,307.0500,73.4400,1.799104
_5420_,VPWR,li1,267.0300,280.1600,1.799525
_5419_,VPWR,li1,56.8100,187.6800,1.799744
_5418_,VPWR,li1,310.2700,263.8400,1.799280
_5417_,VPWR,li1,53.1300,57.1200,1.799808
_5416_,VPWR,li1,183.7700,155.0400,1.799685
_5415_,VPWR,li1,316.7100,204.0000,1.799144
_5414_,VPWR,li1,273.4700,57.1200,1.798865
_5413_,VPWR,li1,171.8100,274.7200,1.799738
_5412_,VPWR,li1,62.7900,285.6000,1.799865
_5411_,VPWR,li1,53.5900,111.5200,1.799707
_5410_,VPWR,li1,316.2500,149.6000,1.798132
_5409_,VPWR,li1,284.9700,280.1600,1.799482
_5408_,VPWR,li1,57.7300,133.2800,1.799665
_5407_,VPWR,li1,313.9500,285.6000,1.799250
_5406_,VPWR,li1,270.7100,116.9600,1.798590
_5405_,VPWR,li1,316.7100,127.8400,1.799590
_5404_,VPWR,li1,66.0100,57.1200,1.799769
_5403_,VPWR,li1,211.3700,68.0000,1.799453
_5402_,VPWR,li1,177.3300,68.0000,1.799812
_5401_,VPWR,li1,48.5300,78.8800,1.799651
_5400_,VPWR,li1,51.2900,252.9600,1.799720
_5399_,VPWR,li1,204.9300,187.6800,1.799451
_5398_,VPWR,li1,158.0100,247.5200,1.799805
_5397_,VPWR,li1,148.3500,122.4000,1.799510
_5396_,VPWR,li1,62.7900,258.4000,1.799856
_5395_,VPWR,li1,126.7300,106.0800,1.799572
_5394_,VPWR,li1,203.0900,111.5200,1.799540
_5393_,VPWR,li1,176.4100,263.8400,1.799816
_5392_,VPWR,li1,70.6100,198.5600,1.799756
_5391_,VPWR,li1,116.1500,263.8400,1.799608
_5390_,VPWR,li1,70.1500,144.1600,1.799817
_5389_,VPWR,li1,228.8500,111.5200,1.799316
_5388_,VPWR,li1,228.8500,214.8800,1.799526
_5387_,VPWR,li1,89.9300,171.3600,1.799650
_5386_,VPWR,li1,203.0900,225.7600,1.799366
_5385_,VPWR,li1,69.2300,111.5200,1.799639
_5384_,VPWR,li1,143.2900,155.0400,1.799511
_5383_,VPWR,li1,199.8700,209.4400,1.799490
_5382_,VPWR,li1,232.0700,89.7600,1.799654
_5381_,VPWR,li1,158.9300,204.0000,1.799760
_5380_,VPWR,li1,77.9700,252.9600,1.799641
_5379_,VPWR,li1,71.0700,127.8400,1.799803
_5378_,VPWR,li1,203.0900,165.9200,1.799773
_5377_,VPWR,li1,229.3100,258.4000,1.799534
_5376_,VPWR,li1,130.4100,122.4000,1.799426
_5375_,VPWR,li1,218.2700,247.5200,1.799485
_5374_,VPWR,li1,192.5100,138.7200,1.799772
_5373_,VPWR,li1,228.8500,138.7200,1.799582
_5372_,VPWR,li1,102.3500,100.6400,1.799703
_5371_,VPWR,li1,190.2100,89.7600,1.799822
_5370_,VPWR,li1,180.5500,122.4000,1.799695
_5369_,VPWR,li1,65.0900,95.2000,1.799796
_5368_,VPWR,li1,64.6300,231.2000,1.799640
_5367_,VPWR,li1,195.2700,193.1200,1.799611
_5366_,VPWR,li1,156.1700,242.0800,1.799792
_5365_,VPWR,li1,143.2900,116.9600,1.799692
_5364_,VPWR,li1,61.4100,252.9600,1.799667
_5363_,VPWR,li1,125.3500,106.0800,1.799572
_5362_,VPWR,li1,197.1100,111.5200,1.799597
_5361_,VPWR,li1,177.3300,263.8400,1.799795
_5360_,VPWR,li1,74.2900,198.5600,1.799748
_5359_,VPWR,li1,114.7700,258.4000,1.799821
_5358_,VPWR,li1,66.0100,155.0400,1.799481
_5357_,VPWR,li1,220.5700,111.5200,1.799390
_5356_,VPWR,li1,228.8500,220.3200,1.799256
_5355_,VPWR,li1,87.1700,176.8000,1.799754
_5354_,VPWR,li1,197.5700,220.3200,1.799537
_5353_,VPWR,li1,66.0100,111.5200,1.799649
_5352_,VPWR,li1,151.5700,155.0400,1.799584
_5351_,VPWR,li1,193.8900,214.8800,1.799731
_5350_,VPWR,li1,228.8500,95.2000,1.799417
_5349_,VPWR,li1,156.1700,209.4400,1.799738
_5348_,VPWR,li1,76.5900,252.9600,1.799641
_5347_,VPWR,li1,74.2900,127.8400,1.799800
_5346_,VPWR,li1,205.3900,171.3600,1.799456
_5345_,VPWR,li1,228.8500,247.5200,1.799419
_5344_,VPWR,li1,127.6500,116.9600,1.799678
_5343_,VPWR,li1,215.9700,247.5200,1.799502
_5342_,VPWR,li1,191.1300,133.2800,1.799703
_5341_,VPWR,li1,222.8700,144.1600,1.799564
_5340_,VPWR,li1,100.0500,95.2000,1.799770
_5339_,VPWR,li1,196.6500,95.2000,1.799669
_5338_,VPWR,li1,177.7900,122.4000,1.799731
_5337_,VPWR,li1,63.2500,84.3200,1.799780
_5336_,VPWR,li1,62.7900,242.0800,1.799767
_5335_,VPWR,li1,192.9700,193.1200,1.799634
_5334_,VPWR,li1,146.0500,247.5200,1.799772
_5333_,VPWR,li1,142.8300,111.5200,1.799701
_5332_,VPWR,li1,54.9700,258.4000,1.799867
_5331_,VPWR,li1,117.5300,100.6400,1.799707
_5330_,VPWR,li1,194.8100,106.0800,1.799605
_5329_,VPWR,li1,168.1300,258.4000,1.799868
_5328_,VPWR,li1,61.4100,193.1200,1.799728
_5327_,VPWR,li1,108.3300,263.8400,1.799624
_5326_,VPWR,li1,62.3300,144.1600,1.799830
_5325_,VPWR,li1,217.8100,116.9600,1.799082
_5324_,VPWR,li1,218.2700,220.3200,1.799311
_5323_,VPWR,li1,81.6500,171.3600,1.799673
_5322_,VPWR,li1,194.8100,225.7600,1.799482
_5321_,VPWR,li1,64.1700,116.9600,1.799735
_5320_,VPWR,li1,142.8300,160.4800,1.799832
_5319_,VPWR,li1,192.0500,209.4400,1.799580
_5318_,VPWR,li1,224.2500,89.7600,1.799683
_5317_,VPWR,li1,155.2500,198.5600,1.799809
_5316_,VPWR,li1,70.1500,252.9600,1.799649
_5315_,VPWR,li1,57.7300,127.8400,1.799826
_5314_,VPWR,li1,197.5700,171.3600,1.799520
_5313_,VPWR,li1,224.2500,247.5200,1.799455
_5312_,VPWR,li1,117.5300,122.4000,1.799377
_5311_,VPWR,li1,207.6900,247.5200,1.799566
_5310_,VPWR,li1,188.3700,133.2800,1.799720
_5309_,VPWR,li1,220.1100,138.7200,1.799627
_5308_,VPWR,li1,91.7700,100.6400,1.799711
_5307_,VPWR,li1,194.8100,89.7600,1.799798
_5306_,VPWR,li1,168.5900,116.9600,1.799758
_5305_,VPWR,li1,57.2700,95.2000,1.799812
_5304_,VPWR,li1,53.1300,236.6400,1.799791
_5303_,VPWR,li1,193.8900,182.2400,1.799407
_5302_,VPWR,li1,154.3300,252.9600,1.799783
_5301_,VPWR,li1,143.2900,122.4000,1.799484
_5300_,VPWR,li1,53.1300,258.4000,1.799871
_5299_,VPWR,li1,117.5300,106.0800,1.799562
_5298_,VPWR,li1,194.8100,111.5200,1.799620
_5297_,VPWR,li1,173.6500,252.9600,1.799866
_5296_,VPWR,li1,65.5500,193.1200,1.799702
_5295_,VPWR,li1,112.9300,269.2800,1.799645
_5294_,VPWR,li1,65.0900,155.0400,1.799481
_5293_,VPWR,li1,218.7300,116.9600,1.799082
_5292_,VPWR,li1,219.1900,225.7600,1.799175
_5291_,VPWR,li1,79.3500,176.8000,1.799770
_5290_,VPWR,li1,194.8100,231.2000,1.799692
_5289_,VPWR,li1,65.5500,106.0800,1.799726
_5288_,VPWR,li1,143.2900,149.6000,1.799631
_5287_,VPWR,li1,192.5100,204.0000,1.799606
_5286_,VPWR,li1,225.6300,95.2000,1.799440
_5285_,VPWR,li1,155.7100,214.8800,1.799714
_5284_,VPWR,li1,74.7500,263.8400,1.799710
_5283_,VPWR,li1,63.2500,127.8400,1.799814
_5282_,VPWR,li1,194.3500,165.9200,1.799817
_5281_,VPWR,li1,220.5700,252.9600,1.799597
_5280_,VPWR,li1,122.5900,122.4000,1.799392
_5279_,VPWR,li1,207.6900,252.9600,1.799667
_5278_,VPWR,li1,190.2100,122.4000,1.799582
_5277_,VPWR,li1,220.5700,144.1600,1.799577
_5276_,VPWR,li1,94.5300,100.6400,1.799708
_5275_,VPWR,li1,194.8100,95.2000,1.799685
_5274_,VPWR,li1,174.5700,111.5200,1.799839
_5273_,VPWR,li1,61.4100,95.2000,1.799802
_5272_,VPWR,li1,61.4100,242.0800,1.799767
_5271_,VPWR,li1,271.6300,204.0000,1.799177
_5270_,VPWR,li1,151.5700,236.6400,1.799739
_5269_,VPWR,li1,166.2900,35.3600,1.799844
_5268_,VPWR,li1,94.5300,258.4000,1.799826
_5267_,VPWR,li1,143.2900,35.3600,1.799765
_5266_,VPWR,li1,315.7900,68.0000,1.798781
_5265_,VPWR,li1,194.8100,247.5200,1.799673
_5264_,VPWR,li1,125.8100,198.5600,1.799743
_5263_,VPWR,li1,138.6900,252.9600,1.799726
_5262_,VPWR,li1,111.0900,165.9200,1.799807
_5261_,VPWR,li1,306.5900,35.3600,1.799462
_5260_,VPWR,li1,272.0900,236.6400,1.799186
_5259_,VPWR,li1,128.1100,176.8000,1.799718
_5258_,VPWR,li1,317.1700,236.6400,1.799130
_5257_,VPWR,li1,91.7700,19.0400,1.799614
_5256_,VPWR,li1,173.1900,133.2800,1.799817
_5255_,VPWR,li1,316.2500,220.3200,1.799014
_5254_,VPWR,li1,274.3900,19.0400,1.799314
_5253_,VPWR,li1,180.5500,225.7600,1.799691
_5252_,VPWR,li1,125.8100,231.2000,1.799599
_5251_,VPWR,li1,107.4100,116.9600,1.799673
_5250_,VPWR,li1,316.7100,176.8000,1.799319
_5249_,VPWR,li1,265.6500,258.4000,1.799433
_5248_,VPWR,li1,131.3300,160.4800,1.799813
_5247_,VPWR,li1,316.7100,252.9600,1.799338
_5246_,VPWR,li1,274.8500,127.8400,1.799627
_5245_,VPWR,li1,316.7100,122.4000,1.798991
_5244_,VPWR,li1,107.8700,19.0400,1.799598
_5243_,VPWR,li1,228.8500,46.2400,1.799550
_5242_,VPWR,li1,188.3700,40.8000,1.799757
_5241_,VPWR,li1,104.6500,57.1200,1.799714
_5240_,VPWR,li1,123.0500,214.8800,1.799528
_5239_,VPWR,li1,271.6300,204.0000,1.799177
_5238_,VPWR,li1,149.2700,236.6400,1.799732
_5237_,VPWR,li1,166.2900,40.8000,1.799832
_5236_,VPWR,li1,94.5300,252.9600,1.799643
_5235_,VPWR,li1,143.7500,35.3600,1.799765
_5234_,VPWR,li1,315.7900,62.5600,1.798749
_5233_,VPWR,li1,194.8100,247.5200,1.799673
_5232_,VPWR,li1,124.4300,193.1200,1.799637
_5231_,VPWR,li1,135.9300,263.8400,1.799614
_5230_,VPWR,li1,112.9300,165.9200,1.799808
_5229_,VPWR,li1,306.5900,40.8000,1.799149
_5228_,VPWR,li1,272.0900,236.6400,1.799186
_5227_,VPWR,li1,128.1100,182.2400,1.799383
_5226_,VPWR,li1,316.7100,231.2000,1.799092
_5225_,VPWR,li1,94.0700,13.6000,1.799731
_5224_,VPWR,li1,172.7300,127.8400,1.799904
_5223_,VPWR,li1,315.7900,214.8800,1.799310
_5222_,VPWR,li1,272.0900,24.4800,1.799357
_5221_,VPWR,li1,180.5500,220.3200,1.799744
_5220_,VPWR,li1,123.5100,225.7600,1.799654
_5219_,VPWR,li1,107.4100,122.4000,1.799352
_5218_,VPWR,li1,316.7100,165.9200,1.799502
_5217_,VPWR,li1,267.4900,252.9600,1.799409
_5216_,VPWR,li1,130.4100,160.4800,1.799813
_5215_,VPWR,li1,316.7100,258.4000,1.799378
_5214_,VPWR,li1,274.8500,133.2800,1.799347
_5213_,VPWR,li1,316.7100,116.9600,1.798524
_5212_,VPWR,li1,104.6500,13.6000,1.799725
_5211_,VPWR,li1,226.5500,46.2400,1.799562
_5210_,VPWR,li1,190.2100,40.8000,1.799742
_5209_,VPWR,li1,105.5700,62.5600,1.799384
_5208_,VPWR,li1,123.0500,220.3200,1.799767
_5207_,VPWR,li1,272.0900,198.5600,1.799448
_5206_,VPWR,li1,138.2300,236.6400,1.799705
_5205_,VPWR,li1,166.2900,35.3600,1.799844
_5204_,VPWR,li1,100.9700,252.9600,1.799649
_5203_,VPWR,li1,143.2900,40.8000,1.799766
_5202_,VPWR,li1,308.4300,57.1200,1.798813
_5201_,VPWR,li1,194.8100,242.0800,1.799766
_5200_,VPWR,li1,143.2900,187.6800,1.799711
_5199_,VPWR,li1,134.0900,247.5200,1.799748
_5198_,VPWR,li1,112.9300,149.6000,1.799634
_5197_,VPWR,li1,298.7700,35.3600,1.799472
_5196_,VPWR,li1,272.5500,214.8800,1.799365
_5195_,VPWR,li1,126.7300,171.3600,1.799603
_5194_,VPWR,li1,309.3500,236.6400,1.799135
_5193_,VPWR,li1,95.4500,19.0400,1.799608
_5192_,VPWR,li1,160.3100,127.8400,1.799871
_5191_,VPWR,li1,308.4300,220.3200,1.799020
_5190_,VPWR,li1,277.1500,29.9200,1.799617
_5189_,VPWR,li1,178.7100,225.7600,1.799719
_5188_,VPWR,li1,124.4300,231.2000,1.799599
_5187_,VPWR,li1,103.7300,111.5200,1.799597
_5186_,VPWR,li1,310.7300,171.3600,1.799055
_5185_,VPWR,li1,269.3300,252.9600,1.799404
_5184_,VPWR,li1,125.8100,165.9200,1.799818
_5183_,VPWR,li1,306.1300,252.9600,1.799344
_5182_,VPWR,li1,272.0900,155.0400,1.799208
_5181_,VPWR,li1,307.9700,111.5200,1.798871
_5180_,VPWR,li1,104.6500,24.4800,1.799741
_5179_,VPWR,li1,226.0900,51.6800,1.799775
_5178_,VPWR,li1,192.5100,46.2400,1.799774
_5177_,VPWR,li1,100.0500,57.1200,1.799719
_5176_,VPWR,li1,118.9100,209.4400,1.799722
_5175_,VPWR,li1,273.0100,193.1200,1.799205
_5174_,VPWR,li1,138.6900,236.6400,1.799705
_5173_,VPWR,li1,166.2900,40.8000,1.799832
_5172_,VPWR,li1,100.9700,247.5200,1.799725
_5171_,VPWR,li1,143.7500,40.8000,1.799766
_5170_,VPWR,li1,308.4300,57.1200,1.798813
_5169_,VPWR,li1,194.8100,242.0800,1.799766
_5168_,VPWR,li1,143.2900,187.6800,1.799711
_5167_,VPWR,li1,134.5500,252.9600,1.799714
_5166_,VPWR,li1,110.6300,155.0400,1.799379
_5165_,VPWR,li1,306.1300,35.3600,1.799462
_5164_,VPWR,li1,272.5500,220.3200,1.799084
_5163_,VPWR,li1,126.7300,176.8000,1.799718
_5162_,VPWR,li1,309.3500,231.2000,1.799098
_5161_,VPWR,li1,95.4500,24.4800,1.799736
_5160_,VPWR,li1,160.3100,122.4000,1.799612
_5159_,VPWR,li1,308.4300,214.8800,1.799314
_5158_,VPWR,li1,277.1500,24.4800,1.799352
_5157_,VPWR,li1,178.7100,220.3200,1.799771
_5156_,VPWR,li1,125.8100,236.6400,1.799688
_5155_,VPWR,li1,103.7300,116.9600,1.799675
_5154_,VPWR,li1,310.7300,171.3600,1.799055
_5153_,VPWR,li1,269.3300,247.5200,1.799208
_5152_,VPWR,li1,122.5900,160.4800,1.799812
_5151_,VPWR,li1,305.6700,247.5200,1.799150
_5150_,VPWR,li1,273.0100,155.0400,1.799208
_5149_,VPWR,li1,307.9700,116.9600,1.798530
_5148_,VPWR,li1,109.2500,29.9200,1.799743
_5147_,VPWR,li1,226.0900,40.8000,1.799508
_5146_,VPWR,li1,192.9700,46.2400,1.799774
_5145_,VPWR,li1,100.0500,62.5600,1.799367
_5144_,VPWR,li1,117.5300,209.4400,1.799722
_5143_,VPWR,li1,254.6100,204.0000,1.799212
_5142_,VPWR,li1,142.3700,220.3200,1.799765
_5141_,VPWR,li1,158.4700,62.5600,1.799654
_5140_,VPWR,li1,100.9700,242.0800,1.799651
_5139_,VPWR,li1,125.8100,62.5600,1.799462
_5138_,VPWR,li1,293.7100,68.0000,1.798843
_5137_,VPWR,li1,177.7900,247.5200,1.799840
_5136_,VPWR,li1,142.8300,204.0000,1.799726
_5135_,VPWR,li1,121.2100,242.0800,1.799663
_5134_,VPWR,li1,100.5100,149.6000,1.799649
_5133_,VPWR,li1,293.2500,40.8000,1.799166
_5132_,VPWR,li1,266.5700,220.3200,1.799106
_5131_,VPWR,li1,113.3900,187.6800,1.799674
_5130_,VPWR,li1,293.2500,225.7600,1.798490
_5129_,VPWR,li1,94.5300,46.2400,1.799851
_5128_,VPWR,li1,152.9500,138.7200,1.799822
_5127_,VPWR,li1,295.5500,220.3200,1.799035
_5126_,VPWR,li1,267.4900,40.8000,1.799274
_5125_,VPWR,li1,164.4500,225.7600,1.799745
_5124_,VPWR,li1,104.6500,231.2000,1.799562
_5123_,VPWR,li1,101.8900,138.7200,1.799784
_5122_,VPWR,li1,293.2500,171.3600,1.799081
_5121_,VPWR,li1,262.8900,236.6400,1.799215
_5120_,VPWR,li1,130.8700,144.1600,1.799780
_5119_,VPWR,li1,293.2500,247.5200,1.799157
_5118_,VPWR,li1,271.1700,144.1600,1.799399
_5117_,VPWR,li1,293.2500,111.5200,1.798920
_5116_,VPWR,li1,112.9300,46.2400,1.799847
_5115_,VPWR,li1,215.0500,46.2400,1.799636
_5114_,VPWR,li1,178.2500,46.2400,1.799883
_5113_,VPWR,li1,102.8100,78.8800,1.799503
_5112_,VPWR,li1,104.1900,204.0000,1.799726
_5111_,VPWR,li1,254.6100,204.0000,1.799212
_5110_,VPWR,li1,140.9900,214.8800,1.799615
_5109_,VPWR,li1,156.1700,62.5600,1.799637
_5108_,VPWR,li1,96.8300,236.6400,1.799685
_5107_,VPWR,li1,117.5300,62.5600,1.799425
_5106_,VPWR,li1,293.2500,62.5600,1.798765
_5105_,VPWR,li1,177.3300,247.5200,1.799840
_5104_,VPWR,li1,140.5300,204.0000,1.799723
_5103_,VPWR,li1,117.5300,236.6400,1.799682
_5102_,VPWR,li1,97.2900,155.0400,1.799382
_5101_,VPWR,li1,289.1100,46.2400,1.799349
_5100_,VPWR,li1,257.8300,225.7600,1.798746
_5099_,VPWR,li1,109.7100,198.5600,1.799730
_5098_,VPWR,li1,293.2500,231.2000,1.799120
_5097_,VPWR,li1,91.7700,51.6800,1.799750
_5096_,VPWR,li1,151.1100,127.8400,1.799849
_5095_,VPWR,li1,284.9700,225.7600,1.798521
_5094_,VPWR,li1,267.4900,46.2400,1.799395
_5093_,VPWR,li1,156.1700,225.7600,1.799712
_5092_,VPWR,li1,103.2700,225.7600,1.799690
_5091_,VPWR,li1,99.1300,138.7200,1.799786
_5090_,VPWR,li1,289.5700,176.8000,1.799343
_5089_,VPWR,li1,257.3700,242.0800,1.799571
_5088_,VPWR,li1,125.8100,149.6000,1.799627
_5087_,VPWR,li1,284.9700,252.9600,1.799372
_5086_,VPWR,li1,267.4900,144.1600,1.799405
_5085_,VPWR,li1,289.5700,111.5200,1.798937
_5084_,VPWR,li1,109.7100,51.6800,1.799743
_5083_,VPWR,li1,206.3100,40.8000,1.799623
_5082_,VPWR,li1,177.3300,62.5600,1.799753
_5081_,VPWR,li1,100.9700,84.3200,1.799688
_5080_,VPWR,li1,102.8100,204.0000,1.799726
_5079_,VPWR,li1,308.8900,182.2400,1.798660
_5078_,VPWR,li1,145.5900,274.7200,1.799618
_5077_,VPWR,li1,164.9100,73.4400,1.799864
_5076_,VPWR,li1,52.6700,269.2800,1.799768
_5075_,VPWR,li1,140.9900,62.5600,1.799540
_5074_,VPWR,li1,313.9500,100.6400,1.799299
_5073_,VPWR,li1,198.0300,285.6000,1.799695
_5072_,VPWR,li1,53.1300,198.5600,1.799798
_5071_,VPWR,li1,109.7100,285.6000,1.799844
_5070_,VPWR,li1,53.5900,155.0400,1.799571
_5069_,VPWR,li1,307.0500,84.3200,1.799116
_5068_,VPWR,li1,267.4900,269.2800,1.798785
_5067_,VPWR,li1,56.8100,182.2400,1.799522
_5066_,VPWR,li1,313.9500,269.2800,1.798551
_5065_,VPWR,li1,54.0500,62.5600,1.799571
_5064_,VPWR,li1,181.9300,149.6000,1.799627
_5063_,VPWR,li1,316.7100,209.4400,1.798785
_5062_,VPWR,li1,272.0900,62.5600,1.798800
_5061_,VPWR,li1,171.8100,269.2800,1.799772
_5060_,VPWR,li1,62.7900,285.6000,1.799865
_5059_,VPWR,li1,53.1300,111.5200,1.799707
_5058_,VPWR,li1,315.7900,155.0400,1.799148
_5057_,VPWR,li1,284.9700,280.1600,1.799482
_5056_,VPWR,li1,57.7300,138.7200,1.799849
_5055_,VPWR,li1,313.9500,280.1600,1.799455
_5054_,VPWR,li1,270.7100,116.9600,1.798590
_5053_,VPWR,li1,316.7100,133.2800,1.799294
_5052_,VPWR,li1,67.3900,57.1200,1.799769
_5051_,VPWR,li1,211.8300,62.5600,1.799317
_5050_,VPWR,li1,176.4100,68.0000,1.799834
_5049_,VPWR,li1,48.5300,78.8800,1.799651
_5048_,VPWR,li1,51.2900,247.5200,1.799846
_5047_,VPWR,li1,247.9400,176.8000,1.799432
_5046_,VPWR,li1,128.3400,312.8000,1.799862
_5045_,VPWR,li1,155.9400,29.9200,1.799821
_5044_,VPWR,li1,34.5000,291.0400,1.799866
_5043_,VPWR,li1,118.6800,29.9200,1.799729
_5042_,VPWR,li1,248.8600,57.1200,1.798952
_5041_,VPWR,li1,190.4400,301.9200,1.799626
_5040_,VPWR,li1,31.7400,214.8800,1.799796
_5039_,VPWR,li1,106.7200,318.2400,1.799471
_5038_,VPWR,li1,33.5800,171.3600,1.799870
_5037_,VPWR,li1,252.0800,13.6000,1.799602
_5036_,VPWR,li1,229.0800,291.0400,1.799753
_5035_,VPWR,li1,55.2000,171.3600,1.799765
_5034_,VPWR,li1,246.1000,285.6000,1.799420
_5033_,VPWR,li1,51.5200,35.3600,1.799787
_5032_,VPWR,li1,154.1000,171.3600,1.799620
_5031_,VPWR,li1,244.2600,204.0000,1.799248
_5030_,VPWR,li1,249.3200,35.3600,1.799568
_5029_,VPWR,li1,163.3000,318.2400,1.799714
_5028_,VPWR,li1,72.6800,312.8000,1.799883
_5027_,VPWR,li1,37.7200,100.6400,1.799850
_5026_,VPWR,li1,251.6200,165.9200,1.799599
_5025_,VPWR,li1,253.0000,312.8000,1.799710
_5024_,VPWR,li1,29.4400,122.4000,1.799780
_5023_,VPWR,li1,209.7600,301.9200,1.799440
_5022_,VPWR,li1,213.9000,160.4800,1.799769
_5021_,VPWR,li1,247.9400,122.4000,1.799120
_5020_,VPWR,li1,69.4600,13.6000,1.799774
_5019_,VPWR,li1,214.3600,13.6000,1.799707
_5018_,VPWR,li1,201.0200,13.6000,1.799757
_5017_,VPWR,li1,36.3400,35.3600,1.799855
_5016_,VPWR,li1,32.2000,242.0800,1.799903
_5015_,VPWR,li1,189.7500,193.1200,1.799669
_5014_,VPWR,li1,64.1700,220.3200,1.799844
_5013_,VPWR,li1,248.4000,198.5600,1.799522
_5012_,VPWR,li1,132.4800,220.3200,1.799762
_5011_,VPWR,li1,150.8800,46.2400,1.799877
_5010_,VPWR,li1,85.5600,247.5200,1.799761
_5009_,VPWR,li1,115.9200,57.1200,1.799713
_5008_,VPWR,li1,283.8200,57.1200,1.798845
_5007_,VPWR,li1,171.1200,247.5200,1.799847
_5006_,VPWR,li1,125.1200,204.0000,1.799719
_5005_,VPWR,li1,106.7200,242.0800,1.799640
_5004_,VPWR,li1,90.1600,144.1600,1.799792
_5003_,VPWR,li1,278.7600,40.8000,1.799228
_5002_,VPWR,li1,252.5400,220.3200,1.799155
_5001_,VPWR,li1,99.3600,198.5600,1.799731
_5000_,VPWR,li1,278.7600,231.2000,1.799167
_4999_,VPWR,li1,80.0400,46.2400,1.799870
_4998_,VPWR,li1,141.6800,133.2800,1.799657
_4997_,VPWR,li1,278.7600,209.4400,1.798818
_4996_,VPWR,li1,253.4600,46.2400,1.799443
_4995_,VPWR,li1,150.4200,225.7600,1.799692
_4994_,VPWR,li1,93.8400,220.3200,1.799799
_4993_,VPWR,li1,86.9400,127.8400,1.799797
_4992_,VPWR,li1,279.6800,171.3600,1.799111
_4991_,VPWR,li1,252.5400,236.6400,1.799255
_4990_,VPWR,li1,111.3200,144.1600,1.799776
_4989_,VPWR,li1,280.1400,247.5200,1.799173
_4988_,VPWR,li1,256.2200,138.7200,1.799488
_4987_,VPWR,li1,282.9000,116.9600,1.798565
_4986_,VPWR,li1,95.6800,51.6800,1.799747
_4985_,VPWR,li1,201.0200,46.2400,1.799718
_4984_,VPWR,li1,171.1200,46.2400,1.799901
_4983_,VPWR,li1,93.8400,68.0000,1.799621
_4982_,VPWR,li1,86.4800,209.4400,1.799792
_4981_,VPWR,li1,147.4300,220.3200,1.799770
_4980_,VPWR,li1,87.1700,220.3200,1.799808
_4979_,VPWR,li1,248.4000,204.0000,1.799232
_4978_,VPWR,li1,131.5600,214.8800,1.799571
_4977_,VPWR,li1,150.4200,62.5600,1.799597
_4976_,VPWR,li1,80.9600,242.0800,1.799706
_4975_,VPWR,li1,111.7800,57.1200,1.799713
_4974_,VPWR,li1,285.6600,68.0000,1.798876
_4973_,VPWR,li1,171.1200,242.0800,1.799864
_4972_,VPWR,li1,132.4800,209.4400,1.799709
_4971_,VPWR,li1,110.4000,252.9600,1.799661
_4970_,VPWR,li1,89.7000,149.6000,1.799669
_4969_,VPWR,li1,280.6000,40.8000,1.799218
_4968_,VPWR,li1,253.0000,220.3200,1.799155
_4967_,VPWR,li1,103.0400,198.5600,1.799730
_4966_,VPWR,li1,279.2200,231.2000,1.799167
_4965_,VPWR,li1,80.9600,46.2400,1.799867
_4964_,VPWR,li1,141.6800,127.8400,1.799833
_4963_,VPWR,li1,280.6000,220.3200,1.799063
_4962_,VPWR,li1,257.6000,51.6800,1.799750
_4961_,VPWR,li1,150.4200,220.3200,1.799773
_4960_,VPWR,li1,93.8400,236.6400,1.799687
_4959_,VPWR,li1,90.1600,127.8400,1.799798
_4958_,VPWR,li1,280.6000,165.9200,1.799538
_4957_,VPWR,li1,254.8400,231.2000,1.799299
_4956_,VPWR,li1,115.9200,138.7200,1.799786
_4955_,VPWR,li1,281.5200,242.0800,1.799550
_4954_,VPWR,li1,257.1400,155.0400,1.799256
_4953_,VPWR,li1,279.2200,116.9600,1.798575
_4952_,VPWR,li1,97.9800,46.2400,1.799850
_4951_,VPWR,li1,201.0200,46.2400,1.799718
_4950_,VPWR,li1,170.6600,51.6800,1.799884
_4949_,VPWR,li1,92.9200,73.4400,1.799841
_4948_,VPWR,li1,95.6800,198.5600,1.799731
_4947_,VPWR,li1,137.3100,182.2400,1.799414
_4946_,VPWR,li1,87.1700,214.8800,1.799505
_4945_,VPWR,li1,247.9400,171.3600,1.799221
_4944_,VPWR,li1,128.8000,323.6800,1.799807
_4943_,VPWR,li1,145.3600,13.6000,1.799759
_4942_,VPWR,li1,37.7200,280.1600,1.799832
_4941_,VPWR,li1,122.3600,29.9200,1.799733
_4940_,VPWR,li1,243.8000,62.5600,1.798985
_4939_,VPWR,li1,190.9000,312.8000,1.799833
_4938_,VPWR,li1,29.4400,214.8800,1.799823
_4937_,VPWR,li1,103.0400,323.6800,1.799810
_4936_,VPWR,li1,29.4400,165.9200,1.799918
_4935_,VPWR,li1,248.4000,24.4800,1.799424
_4934_,VPWR,li1,229.5400,296.4800,1.799622
_4933_,VPWR,li1,43.7000,171.3600,1.799823
_4932_,VPWR,li1,240.5800,280.1600,1.799602
_4931_,VPWR,li1,55.2000,29.9200,1.799871
_4930_,VPWR,li1,157.3200,165.9200,1.799874
_4929_,VPWR,li1,236.4400,225.7600,1.798946
_4928_,VPWR,li1,252.5400,29.9200,1.799638
_4927_,VPWR,li1,167.4400,323.6800,1.799875
_4926_,VPWR,li1,72.2200,318.2400,1.799596
_4925_,VPWR,li1,38.6400,89.7600,1.799946
_4924_,VPWR,li1,248.4000,155.0400,1.799284
_4923_,VPWR,li1,249.3200,307.3600,1.799721
_4922_,VPWR,li1,34.9600,116.9600,1.799874
_4921_,VPWR,li1,209.7600,307.3600,1.799797
_4920_,VPWR,li1,217.5800,160.4800,1.799759
_4919_,VPWR,li1,243.8000,122.4000,1.799139
_4918_,VPWR,li1,73.1400,29.9200,1.799822
_4917_,VPWR,li1,214.3600,19.0400,1.799511
_4916_,VPWR,li1,200.1000,24.4800,1.799719
_4915_,VPWR,li1,30.8200,40.8000,1.799893
_4914_,VPWR,li1,36.3400,247.5200,1.799901
_4913_,VPWR,li1,177.7900,193.1200,1.799801
_4912_,VPWR,li1,70.1500,214.8800,1.799544
_4911_,VPWR,li1,243.3400,182.2400,1.798900
_4910_,VPWR,li1,119.6000,323.6800,1.799806
_4909_,VPWR,li1,127.4200,19.0400,1.799608
_4908_,VPWR,li1,26.2200,280.1600,1.799885
_4907_,VPWR,li1,119.6000,13.6000,1.799725
_4906_,VPWR,li1,240.1200,78.8800,1.799641
_4905_,VPWR,li1,199.6400,318.2400,1.799619
_4904_,VPWR,li1,9.2000,214.8800,1.799883
_4903_,VPWR,li1,99.3600,307.3600,1.799807
_4902_,VPWR,li1,16.5600,160.4800,1.799966
_4901_,VPWR,li1,241.5000,57.1200,1.798994
_4900_,VPWR,li1,231.3800,301.9200,1.799215
_4899_,VPWR,li1,29.4400,176.8000,1.799925
_4898_,VPWR,li1,226.7800,263.8400,1.799438
_4897_,VPWR,li1,48.7600,29.9200,1.799887
_4896_,VPWR,li1,136.6200,165.9200,1.799836
_4895_,VPWR,li1,235.5200,209.4400,1.799102
_4894_,VPWR,li1,235.5200,19.0400,1.799384
_4893_,VPWR,li1,142.6000,318.2400,1.799566
_4892_,VPWR,li1,55.2000,318.2400,1.799699
_4891_,VPWR,li1,23.9200,89.7600,1.799972
_4890_,VPWR,li1,239.6600,149.6000,1.798671
_4889_,VPWR,li1,241.0400,307.3600,1.799733
_4888_,VPWR,li1,22.0800,116.9600,1.799940
_4887_,VPWR,li1,217.5800,312.8000,1.799748
_4886_,VPWR,li1,208.8400,144.1600,1.799651
_4885_,VPWR,li1,233.2200,116.9600,1.798878
_4884_,VPWR,li1,63.0200,24.4800,1.799766
_4883_,VPWR,li1,208.3800,13.6000,1.799726
_4882_,VPWR,li1,171.1200,13.6000,1.799867
_4881_,VPWR,li1,24.8400,51.6800,1.799943
_4880_,VPWR,li1,25.7600,225.7600,1.799939
_4879_,VPWR,li1,171.8100,193.1200,1.799801
_4878_,VPWR,li1,81.6500,214.8800,1.799514
_4877_,VPWR,li1,234.1400,171.3600,1.799281
_4876_,VPWR,li1,115.9200,323.6800,1.799807
_4875_,VPWR,li1,137.0800,24.4800,1.799791
_4874_,VPWR,li1,16.1000,291.0400,1.799934
_4873_,VPWR,li1,119.6000,24.4800,1.799757
_4872_,VPWR,li1,236.4400,78.8800,1.799656
_4871_,VPWR,li1,195.9600,318.2400,1.799637
_4870_,VPWR,li1,12.8800,225.7600,1.799957
_4869_,VPWR,li1,93.8400,312.8000,1.799863
_4868_,VPWR,li1,12.8800,160.4800,1.799964
_4867_,VPWR,li1,240.1200,40.8000,1.799421
_4866_,VPWR,li1,223.1000,312.8000,1.799740
_4865_,VPWR,li1,20.7000,182.2400,1.799879
_4864_,VPWR,li1,235.0600,269.2800,1.799070
_4863_,VPWR,li1,39.5600,24.4800,1.799864
_4862_,VPWR,li1,139.8400,160.4800,1.799827
_4861_,VPWR,li1,224.9400,198.5600,1.799625
_4860_,VPWR,li1,236.4400,24.4800,1.799491
_4859_,VPWR,li1,152.2600,312.8000,1.799878
_4858_,VPWR,li1,64.4000,307.3600,1.799814
_4857_,VPWR,li1,19.3200,89.7600,1.799977
_4856_,VPWR,li1,242.4200,165.9200,1.799621
_4855_,VPWR,li1,235.5200,323.6800,1.799659
_4854_,VPWR,li1,24.3800,133.2800,1.799894
_4853_,VPWR,li1,213.9000,312.8000,1.799757
_4852_,VPWR,li1,213.9000,155.0400,1.799428
_4851_,VPWR,li1,233.6800,127.8400,1.799712
_4850_,VPWR,li1,59.3400,29.9200,1.799858
_4849_,VPWR,li1,213.9000,24.4800,1.799619
_4848_,VPWR,li1,183.0800,19.0400,1.799769
_4847_,VPWR,li1,23.0000,40.8000,1.799930
_4846_,VPWR,li1,16.5600,242.0800,1.799947
_4845_,VPWR,li1,186.5300,198.5600,1.799826
_4844_,VPWR,li1,81.6500,209.4400,1.799806
_4843_,VPWR,li1,230.4600,182.2400,1.798998
_4842_,VPWR,li1,115.9200,323.6800,1.799807
_4841_,VPWR,li1,128.8000,13.6000,1.799731
_4840_,VPWR,li1,17.0200,280.1600,1.799919
_4839_,VPWR,li1,112.2400,13.6000,1.799724
_4838_,VPWR,li1,230.4600,73.4400,1.799462
_4837_,VPWR,li1,179.4000,318.2400,1.799779
_4836_,VPWR,li1,11.5000,236.6400,1.799929
_4835_,VPWR,li1,94.3000,307.3600,1.799807
_4834_,VPWR,li1,11.0400,144.1600,1.799955
_4833_,VPWR,li1,235.5200,51.6800,1.799761
_4832_,VPWR,li1,222.6400,312.8000,1.799740
_4831_,VPWR,li1,9.6600,176.8000,1.799940
_4830_,VPWR,li1,219.4200,269.2800,1.799240
_4829_,VPWR,li1,38.6400,29.9200,1.799916
_4828_,VPWR,li1,132.4800,165.9200,1.799829
_4827_,VPWR,li1,226.7800,204.0000,1.799309
_4826_,VPWR,li1,228.1600,29.9200,1.799685
_4825_,VPWR,li1,145.3600,312.8000,1.799870
_4824_,VPWR,li1,54.7400,312.8000,1.799913
_4823_,VPWR,li1,11.9600,89.7600,1.799977
_4822_,VPWR,li1,234.1400,160.4800,1.799707
_4821_,VPWR,li1,235.5200,312.8000,1.799724
_4820_,VPWR,li1,12.4200,116.9600,1.799938
_4819_,VPWR,li1,205.6200,318.2400,1.799560
_4818_,VPWR,li1,193.2000,144.1600,1.799749
_4817_,VPWR,li1,222.6400,122.4000,1.799252
_4816_,VPWR,li1,54.7400,29.9200,1.799871
_4815_,VPWR,li1,204.7000,19.0400,1.799583
_4814_,VPWR,li1,171.1200,24.4800,1.799875
_4813_,VPWR,li1,16.5600,40.8000,1.799943
_4812_,VPWR,li1,14.2600,247.5200,1.799946
_4811_,VPWR,li1,176.8700,182.2400,1.799678
_4810_,VPWR,li1,80.7300,214.8800,1.799514
_4809_,VPWR,li1,260.1300,171.3600,1.799172
_4808_,VPWR,li1,152.9500,307.3600,1.799863
_4807_,VPWR,li1,149.2700,13.6000,1.799772
_4806_,VPWR,li1,45.7700,280.1600,1.799791
_4805_,VPWR,li1,124.4300,46.2400,1.799854
_4804_,VPWR,li1,250.4700,51.6800,1.799752
_4803_,VPWR,li1,197.1100,312.8000,1.799798
_4802_,VPWR,li1,41.1700,214.8800,1.799737
_4801_,VPWR,li1,113.3900,301.9200,1.799780
_4800_,VPWR,li1,54.0500,165.9200,1.799855
_4799_,VPWR,li1,250.9300,19.0400,1.799343
_4798_,VPWR,li1,230.6900,301.9200,1.799215
_4797_,VPWR,li1,60.4900,176.8000,1.799824
_4796_,VPWR,li1,241.2700,280.1600,1.799596
_4795_,VPWR,li1,67.3900,40.8000,1.799771
_4794_,VPWR,li1,166.2900,187.6800,1.799787
_4793_,VPWR,li1,235.7500,220.3200,1.799225
_4792_,VPWR,li1,235.7500,19.0400,1.799384
_4791_,VPWR,li1,178.7100,307.3600,1.799912
_4790_,VPWR,li1,84.8700,318.2400,1.799535
_4789_,VPWR,li1,43.0100,100.6400,1.799832
_4788_,VPWR,li1,265.1900,155.0400,1.799233
_4787_,VPWR,li1,265.1900,312.8000,1.799706
_4786_,VPWR,li1,43.0100,116.9600,1.799826
_4785_,VPWR,li1,213.6700,296.4800,1.799679
_4784_,VPWR,li1,222.8700,160.4800,1.799745
_4783_,VPWR,li1,259.6700,111.5200,1.799106
_4782_,VPWR,li1,84.8700,13.6000,1.799743
_4781_,VPWR,li1,209.9900,19.0400,1.799554
_4780_,VPWR,li1,184.2300,13.6000,1.799840
_4779_,VPWR,li1,36.5700,29.9200,1.799926
_4778_,VPWR,li1,52.6700,231.2000,1.799701
_4777_,VPWR,li1,289.8000,187.6800,1.798648
_4776_,VPWR,li1,149.5000,291.0400,1.799818
_4775_,VPWR,li1,155.9400,89.7600,1.799892
_4774_,VPWR,li1,36.3400,274.7200,1.799846
_4773_,VPWR,li1,132.0200,84.3200,1.799669
_4772_,VPWR,li1,299.4600,95.2000,1.799116
_4771_,VPWR,li1,208.8400,285.6000,1.799610
_4770_,VPWR,li1,36.3400,193.1200,1.799849
_4769_,VPWR,li1,102.5800,296.4800,1.799597
_4768_,VPWR,li1,34.5000,149.6000,1.799838
_4767_,VPWR,li1,299.0000,84.3200,1.799122
_4766_,VPWR,li1,260.3600,269.2800,1.798835
_4765_,VPWR,li1,37.2600,182.2400,1.799690
_4764_,VPWR,li1,303.6000,258.4000,1.799387
_4763_,VPWR,li1,33.5800,62.5600,1.799757
_4762_,VPWR,li1,173.8800,144.1600,1.799884
_4761_,VPWR,li1,301.7600,198.5600,1.799383
_4760_,VPWR,li1,278.3000,62.5600,1.798790
_4759_,VPWR,li1,162.3800,269.2800,1.799746
_4758_,VPWR,li1,77.2800,285.6000,1.799857
_4757_,VPWR,li1,28.9800,106.0800,1.799901
_4756_,VPWR,li1,299.9200,155.0400,1.799165
_4755_,VPWR,li1,296.7000,285.6000,1.799271
_4754_,VPWR,li1,38.1800,133.2800,1.799800
_4753_,VPWR,li1,299.9200,280.1600,1.799467
_4752_,VPWR,li1,265.4200,100.6400,1.799416
_4751_,VPWR,li1,305.9000,144.1600,1.799374
_4750_,VPWR,li1,80.9600,57.1200,1.799743
_4749_,VPWR,li1,226.7800,62.5600,1.799150
_4748_,VPWR,li1,190.4400,57.1200,1.799568
_4747_,VPWR,li1,41.4000,84.3200,1.799863
_4746_,VPWR,li1,34.5000,258.4000,1.799928
_4745_,VPWR,li1,168.5900,198.5600,1.799861
_4744_,VPWR,li1,55.8900,214.8800,1.799637
_4743_,VPWR,li1,226.7800,182.2400,1.799019
_4742_,VPWR,li1,124.2000,312.8000,1.799862
_4741_,VPWR,li1,132.4800,29.9200,1.799753
_4740_,VPWR,li1,16.5600,285.6000,1.799962
_4739_,VPWR,li1,118.2200,24.4800,1.799757
_4738_,VPWR,li1,229.5400,73.4400,1.799462
_4737_,VPWR,li1,181.2400,312.8000,1.799891
_4736_,VPWR,li1,13.3400,209.4400,1.799964
_4735_,VPWR,li1,90.1600,323.6800,1.799820
_4734_,VPWR,li1,11.5000,155.0400,1.799847
_4733_,VPWR,li1,237.8200,57.1200,1.799023
_4732_,VPWR,li1,222.6400,323.6800,1.799690
_4731_,VPWR,li1,16.1000,182.2400,1.799877
_4730_,VPWR,li1,221.7200,263.8400,1.799456
_4729_,VPWR,li1,42.3200,19.0400,1.799797
_4728_,VPWR,li1,138.0000,165.9200,1.799836
_4727_,VPWR,li1,227.2400,193.1200,1.799342
_4726_,VPWR,li1,228.1600,35.3600,1.799630
_4725_,VPWR,li1,141.6800,323.6800,1.799820
_4724_,VPWR,li1,58.4200,312.8000,1.799908
_4723_,VPWR,li1,16.5600,100.6400,1.799928
_4722_,VPWR,li1,234.6000,155.0400,1.799340
_4721_,VPWR,li1,237.3600,323.6800,1.799655
_4720_,VPWR,li1,8.7400,116.9600,1.799938
_4719_,VPWR,li1,207.9200,312.8000,1.799764
_4718_,VPWR,li1,201.0200,144.1600,1.799698
_4717_,VPWR,li1,226.7800,116.9600,1.798954
_4716_,VPWR,li1,58.4200,29.9200,1.799864
_4715_,VPWR,li1,201.4800,24.4800,1.799702
_4714_,VPWR,li1,171.1200,19.0400,1.799800
_4713_,VPWR,li1,16.5600,40.8000,1.799943
_4712_,VPWR,li1,14.2600,225.7600,1.799957
_4711_,VPWR,li1,187.9100,187.6800,1.799658
_4710_,VPWR,li1,80.2700,220.3200,1.799817
_4709_,VPWR,li1,78.6600,214.8800,1.799516
_4708_,VPWR,li1,293.9400,193.1200,1.799179
_4707_,VPWR,li1,144.9000,296.4800,1.799680
_4706_,VPWR,li1,152.2600,89.7600,1.799890
_4705_,VPWR,li1,36.8000,280.1600,1.799832
_4704_,VPWR,li1,128.8000,78.8800,1.799575
_4703_,VPWR,li1,300.8400,100.6400,1.799318
_4702_,VPWR,li1,201.0200,296.4800,1.799733
_4701_,VPWR,li1,34.9600,209.4400,1.799926
_4700_,VPWR,li1,106.7200,301.9200,1.799784
_4699_,VPWR,li1,34.0400,160.4800,1.799940
_4698_,VPWR,li1,299.9200,84.3200,1.799122
_4697_,VPWR,li1,269.1000,263.8400,1.799332
_4696_,VPWR,li1,37.2600,176.8000,1.799900
_4695_,VPWR,li1,303.6000,274.7200,1.798460
_4694_,VPWR,li1,34.5000,68.0000,1.799856
_4693_,VPWR,li1,178.9400,138.7200,1.799860
_4692_,VPWR,li1,305.4400,193.1200,1.799174
_4691_,VPWR,li1,281.9800,62.5600,1.798779
_4690_,VPWR,li1,158.2400,274.7200,1.799678
_4689_,VPWR,li1,73.1400,285.6000,1.799859
_4688_,VPWR,li1,31.2800,116.9600,1.799888
_4687_,VPWR,li1,304.5200,144.1600,1.799375
_4686_,VPWR,li1,291.1800,280.1600,1.799476
_4685_,VPWR,li1,33.5800,138.7200,1.799913
_4684_,VPWR,li1,299.9200,291.0400,1.799702
_4683_,VPWR,li1,259.4400,111.5200,1.799106
_4682_,VPWR,li1,305.9000,133.2800,1.799300
_4681_,VPWR,li1,89.2400,62.5600,1.799392
_4680_,VPWR,li1,222.1800,73.4400,1.799514
_4679_,VPWR,li1,191.8200,57.1200,1.799568
_4678_,VPWR,li1,38.6400,84.3200,1.799873
_4677_,VPWR,li1,29.9000,258.4000,1.799941
_4676_,VPWR,li1,166.7500,198.5600,1.799851
_4675_,VPWR,li1,61.8700,209.4400,1.799854
_4674_,VPWR,li1,275.5400,171.3600,1.799123
_4673_,VPWR,li1,126.0400,285.6000,1.799849
_4672_,VPWR,li1,149.5000,68.0000,1.799737
_4671_,VPWR,li1,25.7600,263.8400,1.799898
_4670_,VPWR,li1,119.6000,84.3200,1.799669
_4669_,VPWR,li1,294.4000,100.6400,1.799331
_4668_,VPWR,li1,188.6000,291.0400,1.799861
_4667_,VPWR,li1,26.6800,198.5600,1.799902
_4666_,VPWR,li1,97.9800,296.4800,1.799608
_4665_,VPWR,li1,28.9800,155.0400,1.799793
_4664_,VPWR,li1,289.3400,73.4400,1.799137
_4663_,VPWR,li1,261.2800,285.6000,1.799369
_4662_,VPWR,li1,22.5400,187.6800,1.799915
_4661_,VPWR,li1,291.6400,263.8400,1.799297
_4660_,VPWR,li1,28.9800,62.5600,1.799805
_4659_,VPWR,li1,188.1400,155.0400,1.799641
_4658_,VPWR,li1,289.3400,193.1200,1.799182
_4657_,VPWR,li1,273.7000,78.8800,1.799562
_4656_,VPWR,li1,163.7600,307.3600,1.799891
_4655_,VPWR,li1,59.3400,296.4800,1.799745
_4654_,VPWR,li1,21.6200,100.6400,1.799929
_4653_,VPWR,li1,287.0400,144.1600,1.799387
_4652_,VPWR,li1,279.2200,296.4800,1.799519
_4651_,VPWR,li1,27.6000,138.7200,1.799933
_4650_,VPWR,li1,299.9200,296.4800,1.799511
_4649_,VPWR,li1,272.3200,106.0800,1.799146
_4648_,VPWR,li1,291.1800,127.8400,1.799610
_4647_,VPWR,li1,60.7200,73.4400,1.799862
_4646_,VPWR,li1,201.0200,62.5600,1.799454
_4645_,VPWR,li1,184.0000,73.4400,1.799817
_4644_,VPWR,li1,19.7800,78.8800,1.799882
_4643_,VPWR,li1,22.5400,258.4000,1.799962
_4642_,VPWR,li1,188.8300,198.5600,1.799811
_4641_,VPWR,li1,66.4700,220.3200,1.799838
_4640_,VPWR,li1,272.7800,187.6800,1.798774
_4639_,VPWR,li1,120.5200,296.4800,1.799616
_4638_,VPWR,li1,145.3600,68.0000,1.799724
_4637_,VPWR,li1,21.1600,274.7200,1.799933
_4636_,VPWR,li1,115.9200,84.3200,1.799671
_4635_,VPWR,li1,294.8600,100.6400,1.799331
_4634_,VPWR,li1,187.6800,296.4800,1.799802
_4633_,VPWR,li1,11.5000,209.4400,1.799964
_4632_,VPWR,li1,97.9800,307.3600,1.799807
_4631_,VPWR,li1,12.4200,155.0400,1.799847
_4630_,VPWR,li1,286.5800,84.3200,1.799133
_4629_,VPWR,li1,261.7400,301.9200,1.798949
_4628_,VPWR,li1,25.3000,198.5600,1.799902
_4627_,VPWR,li1,283.8200,258.4000,1.799409
_4626_,VPWR,li1,22.5400,62.5600,1.799872
_4625_,VPWR,li1,183.5400,160.4800,1.799886
_4624_,VPWR,li1,283.3600,204.0000,1.799168
_4623_,VPWR,li1,265.4200,89.7600,1.799593
_4622_,VPWR,li1,158.2400,301.9200,1.799799
_4621_,VPWR,li1,63.4800,301.9200,1.799851
_4620_,VPWR,li1,20.7000,116.9600,1.799940
_4619_,VPWR,li1,286.5800,144.1600,1.799389
_4618_,VPWR,li1,265.8800,301.9200,1.798919
_4617_,VPWR,li1,21.6200,144.1600,1.799956
_4616_,VPWR,li1,287.0400,307.3600,1.799674
_4615_,VPWR,li1,275.0800,89.7600,1.799580
_4614_,VPWR,li1,287.0400,127.8400,1.799614
_4613_,VPWR,li1,58.8800,68.0000,1.799720
_4612_,VPWR,li1,204.7000,68.0000,1.799508
_4611_,VPWR,li1,178.0200,78.8800,1.799870
_4610_,VPWR,li1,16.1000,73.4400,1.799951
_4609_,VPWR,li1,21.1600,263.8400,1.799929
_4608_,VPWR,li1,170.8900,187.6800,1.799806
_4607_,VPWR,li1,60.9500,214.8800,1.799596
_4606_,VPWR,li1,266.3400,176.8000,1.799387
_4605_,VPWR,li1,118.6800,285.6000,1.799847
_4604_,VPWR,li1,141.2200,73.4400,1.799838
_4603_,VPWR,li1,12.8800,274.7200,1.799932
_4602_,VPWR,li1,111.7800,73.4400,1.799830
_4601_,VPWR,li1,282.4400,95.2000,1.799141
_4600_,VPWR,li1,175.7200,291.0400,1.799916
_4599_,VPWR,li1,9.6600,209.4400,1.799964
_4598_,VPWR,li1,89.7000,291.0400,1.799704
_4597_,VPWR,li1,11.9600,133.2800,1.799916
_4596_,VPWR,li1,281.5200,78.8800,1.799544
_4595_,VPWR,li1,248.4000,296.4800,1.799568
_4594_,VPWR,li1,11.9600,187.6800,1.799921
_4593_,VPWR,li1,278.7600,263.8400,1.799317
_4592_,VPWR,li1,8.7400,68.0000,1.799914
_4591_,VPWR,li1,175.7200,165.9200,1.799917
_4590_,VPWR,li1,282.9000,198.5600,1.799415
_4589_,VPWR,li1,260.3600,78.8800,1.799588
_4588_,VPWR,li1,157.3200,285.6000,1.799867
_4587_,VPWR,li1,51.5200,296.4800,1.799779
_4586_,VPWR,li1,11.9600,100.6400,1.799928
_4585_,VPWR,li1,278.3000,160.4800,1.799635
_4584_,VPWR,li1,267.2600,296.4800,1.799531
_4583_,VPWR,li1,10.1200,122.4000,1.799855
_4582_,VPWR,li1,286.1200,301.9200,1.798825
_4581_,VPWR,li1,261.2800,95.2000,1.799228
_4580_,VPWR,li1,282.9000,127.8400,1.799618
_4579_,VPWR,li1,55.2000,68.0000,1.799746
_4578_,VPWR,li1,194.5800,68.0000,1.799619
_4577_,VPWR,li1,169.2800,84.3200,1.799786
_4576_,VPWR,li1,11.9600,73.4400,1.799950
_4575_,VPWR,li1,8.7400,252.9600,1.799904
_4574_,VPWR,li1,199.8700,198.5600,1.799757
_4573_,VPWR,li1,66.4700,220.3200,1.799838
_4572_,VPWR,li1,265.8800,176.8000,1.799387
_4571_,VPWR,li1,122.3600,285.6000,1.799847
_4570_,VPWR,li1,143.5200,89.7600,1.799885
_4569_,VPWR,li1,19.3200,263.8400,1.799929
_4568_,VPWR,li1,111.7800,78.8800,1.799509
_4567_,VPWR,li1,282.4400,106.0800,1.799110
_4566_,VPWR,li1,176.6400,291.0400,1.799906
_4565_,VPWR,li1,8.7400,220.3200,1.799937
_4564_,VPWR,li1,90.1600,301.9200,1.799799
_4563_,VPWR,li1,11.5000,144.1600,1.799955
_4562_,VPWR,li1,282.9000,84.3200,1.799138
_4561_,VPWR,li1,250.2400,291.0400,1.799726
_4560_,VPWR,li1,11.5000,198.5600,1.799905
_4559_,VPWR,li1,279.6800,269.2800,1.798711
_4558_,VPWR,li1,12.8800,73.4400,1.799950
_4557_,VPWR,li1,179.8600,160.4800,1.799901
_4556_,VPWR,li1,283.8200,204.0000,1.799168
_4555_,VPWR,li1,261.2800,84.3200,1.799188
_4554_,VPWR,li1,154.5600,291.0400,1.799836
_4553_,VPWR,li1,52.4400,307.3600,1.799846
_4552_,VPWR,li1,8.7400,111.5200,1.799902
_4551_,VPWR,li1,281.5200,144.1600,1.799392
_4550_,VPWR,li1,271.8600,307.3600,1.799693
_4549_,VPWR,li1,8.7400,127.8400,1.799935
_4548_,VPWR,li1,287.0400,296.4800,1.799513
_4547_,VPWR,li1,263.5800,100.6400,1.799426
_4546_,VPWR,li1,283.8200,138.7200,1.799410
_4545_,VPWR,li1,61.1800,84.3200,1.799788
_4544_,VPWR,li1,195.5000,78.8800,1.799796
_4543_,VPWR,li1,188.1400,84.3200,1.799648
_4542_,VPWR,li1,16.5600,78.8800,1.799880
_4541_,VPWR,li1,12.8800,247.5200,1.799946
_4540_,VPWR,li1,187.4500,187.6800,1.799658
_4539_,VPWR,li1,66.4700,209.4400,1.799842
_4538_,VPWR,li1,66.9300,214.8800,1.799558
_4537_,VPWR,li1,219.4200,198.5600,1.799653
_4536_,VPWR,li1,146.7400,269.2800,1.799701
_4535_,VPWR,li1,154.1000,95.2000,1.799810
_4534_,VPWR,li1,75.9000,269.2800,1.799683
_4533_,VPWR,li1,139.8400,89.7600,1.799883
_4532_,VPWR,li1,248.4000,100.6400,1.799485
_4531_,VPWR,li1,195.9600,269.2800,1.799516
_4530_,VPWR,li1,85.1000,187.6800,1.799694
_4529_,VPWR,li1,128.3400,269.2800,1.799665
_4528_,VPWR,li1,68.0800,160.4800,1.799867
_4527_,VPWR,li1,247.9400,116.9600,1.798708
_4526_,VPWR,li1,240.5800,231.2000,1.799387
_4525_,VPWR,li1,97.5200,176.8000,1.799743
_4524_,VPWR,li1,218.0400,242.0800,1.799653
_4523_,VPWR,li1,85.1000,89.7600,1.799897
_4522_,VPWR,li1,159.1600,138.7200,1.799838
_4521_,VPWR,li1,213.9000,214.8800,1.799613
_4520_,VPWR,li1,252.5400,78.8800,1.799606
_4519_,VPWR,li1,174.8000,198.5600,1.799880
_4518_,VPWR,li1,101.6600,274.7200,1.799557
_4517_,VPWR,li1,77.2800,138.7200,1.799816
_4516_,VPWR,li1,234.1400,165.9200,1.799652
_4515_,VPWR,li1,253.4600,263.8400,1.799360
_4514_,VPWR,li1,113.6200,127.8400,1.799803
_4513_,VPWR,li1,205.6200,269.2800,1.799399
_4512_,VPWR,li1,207.9200,138.7200,1.799684
_4511_,VPWR,li1,246.1000,149.6000,1.798609
_4510_,VPWR,li1,106.7200,84.3200,1.799681
_4509_,VPWR,li1,221.7200,78.8800,1.799699
_4508_,VPWR,li1,173.8800,89.7600,1.799911
_4507_,VPWR,li1,79.1200,73.4400,1.799849
_4506_,VPWR,li1,72.2200,242.0800,1.799732
_4505_,VPWR,li1,179.6300,182.2400,1.799642
_4504_,VPWR,li1,76.1300,214.8800,1.799520
_4503_,VPWR,li1,220.3400,182.2400,1.799074
_4502_,VPWR,li1,158.2400,269.2800,1.799732
_4501_,VPWR,li1,154.1000,100.6400,1.799775
_4500_,VPWR,li1,80.9600,269.2800,1.799670
_4499_,VPWR,li1,132.0200,95.2000,1.799782
_4498_,VPWR,li1,247.0200,100.6400,1.799496
_4497_,VPWR,li1,195.0400,258.4000,1.799719
_4496_,VPWR,li1,77.7400,193.1200,1.799657
_4495_,VPWR,li1,139.3800,269.2800,1.799686
_4494_,VPWR,li1,72.6800,160.4800,1.799860
_4493_,VPWR,li1,247.9400,106.0800,1.799250
_4492_,VPWR,li1,240.1200,247.5200,1.799367
_4491_,VPWR,li1,94.3000,187.6800,1.799682
_4490_,VPWR,li1,213.9000,236.6400,1.799490
_4489_,VPWR,li1,85.1000,89.7600,1.799897
_4488_,VPWR,li1,162.8400,138.7200,1.799848
_4487_,VPWR,li1,218.0400,214.8800,1.799598
_4486_,VPWR,li1,247.4800,89.7600,1.799624
_4485_,VPWR,li1,171.1200,204.0000,1.799797
_4484_,VPWR,li1,89.7000,274.7200,1.799596
_4483_,VPWR,li1,80.0400,138.7200,1.799811
_4482_,VPWR,li1,230.4600,165.9200,1.799660
_4481_,VPWR,li1,252.5400,252.9600,1.799458
_4480_,VPWR,li1,110.4000,133.2800,1.799548
_4479_,VPWR,li1,213.9000,258.4000,1.799603
_4478_,VPWR,li1,205.1600,138.7200,1.799698
_4477_,VPWR,li1,245.1800,133.2800,1.799445
_4476_,VPWR,li1,108.1000,78.8800,1.799506
_4475_,VPWR,li1,209.7600,78.8800,1.799745
_4474_,VPWR,li1,170.2000,95.2000,1.799851
_4473_,VPWR,li1,73.1400,89.7600,1.799909
_4472_,VPWR,li1,73.1400,231.2000,1.799606
_4471_,VPWR,li1,174.5700,187.6800,1.799823
_4470_,VPWR,li1,77.9700,220.3200,1.799823
_4469_,VPWR,li1,206.0800,193.1200,1.799509
_4468_,VPWR,li1,145.3600,263.8400,1.799636
_4467_,VPWR,li1,158.2400,106.0800,1.799693
_4466_,VPWR,li1,78.2000,285.6000,1.799857
_4465_,VPWR,li1,132.4800,95.2000,1.799783
_4464_,VPWR,li1,213.9000,106.0800,1.799447
_4463_,VPWR,li1,182.6200,269.2800,1.799699
_4462_,VPWR,li1,92.9200,193.1200,1.799612
_4461_,VPWR,li1,123.7400,274.7200,1.799545
_4460_,VPWR,li1,75.9000,144.1600,1.799808
_4459_,VPWR,li1,232.7600,106.0800,1.799332
_4458_,VPWR,li1,230.0000,231.2000,1.799464
_4457_,VPWR,li1,110.8600,171.3600,1.799616
_4456_,VPWR,li1,208.8400,231.2000,1.799590
_4455_,VPWR,li1,89.2400,106.0800,1.799639
_4454_,VPWR,li1,157.7800,160.4800,1.799867
_4453_,VPWR,li1,205.6200,204.0000,1.799486
_4452_,VPWR,li1,236.4400,100.6400,1.799543
_4451_,VPWR,li1,183.0800,198.5600,1.799850
_4450_,VPWR,li1,86.0200,280.1600,1.799646
_4449_,VPWR,li1,89.2400,116.9600,1.799689
_4448_,VPWR,li1,217.5800,176.8000,1.799575
_4447_,VPWR,li1,239.6600,258.4000,1.799498
_4446_,VPWR,li1,136.6200,122.4000,1.799449
_4445_,VPWR,li1,215.2800,269.2800,1.799305
_4444_,VPWR,li1,201.9400,116.9600,1.799340
_4443_,VPWR,li1,234.6000,138.7200,1.799563
_4442_,VPWR,li1,106.7200,95.2000,1.799772
_4441_,VPWR,li1,207.9200,95.2000,1.799586
_4440_,VPWR,li1,176.6400,111.5200,1.799816
_4439_,VPWR,li1,88.7800,95.2000,1.799775
_4438_,VPWR,li1,80.9600,225.7600,1.799756
_4437_,VPWR,li1,159.3900,198.5600,1.799826
_4436_,VPWR,li1,82.5700,220.3200,1.799814
_4435_,VPWR,li1,217.5800,198.5600,1.799665
_4434_,VPWR,li1,144.9000,269.2800,1.799694
_4433_,VPWR,li1,154.5600,106.0800,1.799678
_4432_,VPWR,li1,80.9600,274.7200,1.799628
_4431_,VPWR,li1,132.4800,100.6400,1.799726
_4430_,VPWR,li1,213.9000,95.2000,1.799530
_4429_,VPWR,li1,188.1400,280.1600,1.799819
_4428_,VPWR,li1,92.9200,204.0000,1.799747
_4427_,VPWR,li1,119.1400,280.1600,1.799698
_4426_,VPWR,li1,87.4000,144.1600,1.799795
_4425_,VPWR,li1,230.9200,111.5200,1.799300
_4424_,VPWR,li1,232.3000,231.2000,1.799439
_4423_,VPWR,li1,101.6600,165.9200,1.799811
_4422_,VPWR,li1,217.5800,225.7600,1.799175
_4421_,VPWR,li1,76.8200,106.0800,1.799680
_4420_,VPWR,li1,170.2000,155.0400,1.799747
_4419_,VPWR,li1,204.7000,204.0000,1.799486
_4418_,VPWR,li1,235.5200,95.2000,1.799375
_4417_,VPWR,li1,174.8000,214.8800,1.799839
_4416_,VPWR,li1,87.4000,285.6000,1.799852
_4415_,VPWR,li1,76.8200,116.9600,1.799711
_4414_,VPWR,li1,209.7600,176.8000,1.799622
_4413_,VPWR,li1,235.5200,258.4000,1.799513
_4412_,VPWR,li1,133.4000,138.7200,1.799793
_4411_,VPWR,li1,211.1400,280.1600,1.799707
_4410_,VPWR,li1,196.8800,122.4000,1.799499
_4409_,VPWR,li1,231.3800,144.1600,1.799528
_4408_,VPWR,li1,110.4000,95.2000,1.799772
_4407_,VPWR,li1,217.5800,95.2000,1.799500
_4406_,VPWR,li1,174.8000,100.6400,1.799858
_4405_,VPWR,li1,77.2800,95.2000,1.799783
_4404_,VPWR,li1,77.2800,225.7600,1.799764
_4403_,VPWR,li1,146.0500,214.8800,1.799651
_4402_,VPWR,li1,82.5700,214.8800,1.799511
_4401_,VPWR,li1,78.8900,214.8800,1.799516
_4400_,VPWR,li1,256.6800,171.3600,1.799191
_4399_,VPWR,li1,145.3600,323.6800,1.799826
_4398_,VPWR,li1,137.0800,13.6000,1.799742
_4397_,VPWR,li1,47.8400,296.4800,1.799798
_4396_,VPWR,li1,119.6000,35.3600,1.799721
_4395_,VPWR,li1,253.9200,51.6800,1.799751
_4394_,VPWR,li1,201.9400,301.9200,1.799511
_4393_,VPWR,li1,52.4400,214.8800,1.799650
_4392_,VPWR,li1,115.9200,301.9200,1.799778
_4391_,VPWR,li1,59.3400,171.3600,1.799749
_4390_,VPWR,li1,253.0000,13.6000,1.799602
_4389_,VPWR,li1,230.4600,296.4800,1.799622
_4388_,VPWR,li1,68.0800,171.3600,1.799715
_4387_,VPWR,li1,252.5400,269.2800,1.798897
_4386_,VPWR,li1,64.4000,35.3600,1.799759
_4385_,VPWR,li1,158.7000,165.9200,1.799874
_4384_,VPWR,li1,249.3200,220.3200,1.799173
_4383_,VPWR,li1,239.6600,19.0400,1.799371
_4382_,VPWR,li1,167.9000,307.3600,1.799903
_4381_,VPWR,li1,81.8800,307.3600,1.799809
_4380_,VPWR,li1,46.0000,89.7600,1.799940
_4379_,VPWR,li1,259.4400,155.0400,1.799248
_4378_,VPWR,li1,258.0600,307.3600,1.799709
_4377_,VPWR,li1,46.4600,116.9600,1.799804
_4376_,VPWR,li1,211.6000,296.4800,1.799693
_4375_,VPWR,li1,224.9400,160.4800,1.799734
_4374_,VPWR,li1,261.2800,116.9600,1.798623
_4373_,VPWR,li1,73.6000,13.6000,1.799765
_4372_,VPWR,li1,234.1400,13.6000,1.799637
_4371_,VPWR,li1,189.5200,13.6000,1.799812
_4370_,VPWR,li1,47.3800,35.3600,1.799798
_4369_,VPWR,li1,46.0000,236.6400,1.799817
_4368_,VPWR,li1,172.7300,193.1200,1.799813
_4367_,VPWR,li1,68.7700,220.3200,1.799835
_4366_,VPWR,li1,67.1600,214.8800,1.799558
_4365_,VPWR,li1,308.2000,193.1200,1.799173
_4364_,VPWR,li1,149.5000,280.1600,1.799789
_4363_,VPWR,li1,163.3000,68.0000,1.799784
_4362_,VPWR,li1,53.8200,274.7200,1.799758
_4361_,VPWR,li1,136.1600,68.0000,1.799693
_4360_,VPWR,li1,311.4200,84.3200,1.799116
_4359_,VPWR,li1,196.4200,280.1600,1.799776
_4358_,VPWR,li1,48.3000,204.0000,1.799863
_4357_,VPWR,li1,102.5800,280.1600,1.799665
_4356_,VPWR,li1,48.7600,149.6000,1.799770
_4355_,VPWR,li1,312.8000,73.4400,1.799100
_4354_,VPWR,li1,273.2400,274.7200,1.798518
_4353_,VPWR,li1,50.6000,187.6800,1.799761
_4352_,VPWR,li1,312.3400,274.7200,1.798457
_4351_,VPWR,li1,51.5200,68.0000,1.799760
_4350_,VPWR,li1,182.6200,127.8400,1.799890
_4349_,VPWR,li1,310.9600,209.4400,1.798789
_4348_,VPWR,li1,273.2400,51.6800,1.799746
_4347_,VPWR,li1,178.9400,274.7200,1.799725
_4346_,VPWR,li1,61.6400,280.1600,1.799718
_4345_,VPWR,li1,52.4400,122.4000,1.799577
_4344_,VPWR,li1,312.8000,155.0400,1.799150
_4343_,VPWR,li1,279.2200,280.1600,1.799496
_4342_,VPWR,li1,51.0600,133.2800,1.799708
_4341_,VPWR,li1,311.8800,280.1600,1.799456
_4340_,VPWR,li1,264.9600,116.9600,1.798608
_4339_,VPWR,li1,316.9400,111.5200,1.798857
_4338_,VPWR,li1,63.0200,62.5600,1.799491
_4337_,VPWR,li1,206.0800,62.5600,1.799395
_4336_,VPWR,li1,175.2600,62.5600,1.799782
_4335_,VPWR,li1,48.7600,84.3200,1.799835
_4334_,VPWR,li1,46.9200,263.8400,1.799800
_4333_,VPWR,li1,206.7700,182.2400,1.799242
_4332_,VPWR,li1,64.6300,225.7600,1.799804
_4331_,VPWR,li1,196.8800,198.5600,1.799768
_4330_,VPWR,li1,153.1800,242.0800,1.799777
_4329_,VPWR,li1,158.2400,111.5200,1.799766
_4328_,VPWR,li1,64.4000,252.9600,1.799659
_4327_,VPWR,li1,124.6600,95.2000,1.799779
_4326_,VPWR,li1,209.7600,106.0800,1.799474
_4325_,VPWR,li1,183.0800,252.9600,1.799836
_4324_,VPWR,li1,69.4600,187.6800,1.799718
_4323_,VPWR,li1,115.0000,258.4000,1.799821
_4322_,VPWR,li1,72.2200,138.7200,1.799824
_4321_,VPWR,li1,222.6400,100.6400,1.799603
_4320_,VPWR,li1,226.7800,225.7600,1.799063
_4319_,VPWR,li1,88.3200,165.9200,1.799818
_4318_,VPWR,li1,204.7000,231.2000,1.799622
_4317_,VPWR,li1,55.2000,106.0800,1.799774
_4316_,VPWR,li1,129.7200,155.0400,1.799446
_4315_,VPWR,li1,195.9600,220.3200,1.799537
_4314_,VPWR,li1,227.7000,78.8800,1.799683
_4313_,VPWR,li1,162.3800,198.5600,1.799835
_4312_,VPWR,li1,81.8800,258.4000,1.799837
_4311_,VPWR,li1,68.0800,122.4000,1.799461
_4310_,VPWR,li1,204.7000,176.8000,1.799654
_4309_,VPWR,li1,226.7800,242.0800,1.799625
_4308_,VPWR,li1,132.0200,116.9600,1.799683
_4307_,VPWR,li1,213.9000,242.0800,1.799672
_4306_,VPWR,li1,198.7200,122.4000,1.799477
_4305_,VPWR,li1,230.4600,144.1600,1.799528
_4304_,VPWR,li1,93.8400,106.0800,1.799623
_4303_,VPWR,li1,201.0200,84.3200,1.799528
_4302_,VPWR,li1,180.3200,111.5200,1.799777
_4301_,VPWR,li1,70.3800,89.7600,1.799912
_4300_,VPWR,li1,64.4000,231.2000,1.799640
_4299_,VPWR,li1,166.2900,198.5600,1.799851
_4298_,VPWR,li1,64.1700,209.4400,1.799848
_4297_,VPWR,li1,201.0200,187.6800,1.799490
_4296_,VPWR,li1,162.3800,252.9600,1.799820
_4295_,VPWR,li1,138.0000,111.5200,1.799689
_4294_,VPWR,li1,61.6400,269.2800,1.799734
_4293_,VPWR,li1,119.6000,95.2000,1.799776
_4292_,VPWR,li1,201.0200,100.6400,1.799712
_4291_,VPWR,li1,175.2600,252.9600,1.799880
_4290_,VPWR,li1,65.7800,187.6800,1.799727
_4289_,VPWR,li1,111.3200,258.4000,1.799822
_4288_,VPWR,li1,63.0200,149.6000,1.799730
_4287_,VPWR,li1,218.5000,100.6400,1.799624
_4286_,VPWR,li1,222.6400,225.7600,1.799113
_4285_,VPWR,li1,77.2800,171.3600,1.799685
_4284_,VPWR,li1,201.0200,236.6400,1.799584
_4283_,VPWR,li1,59.3400,100.6400,1.799782
_4282_,VPWR,li1,132.4800,149.6000,1.799629
_4281_,VPWR,li1,192.7400,198.5600,1.799790
_4280_,VPWR,li1,226.7800,78.8800,1.799683
_4279_,VPWR,li1,149.9600,214.8800,1.799679
_4278_,VPWR,li1,67.6200,258.4000,1.799850
_4277_,VPWR,li1,64.4000,133.2800,1.799621
_4276_,VPWR,li1,202.4000,176.8000,1.799676
_4275_,VPWR,li1,230.0000,247.5200,1.799419
_4274_,VPWR,li1,126.0400,127.8400,1.799811
_4273_,VPWR,li1,209.7600,242.0800,1.799692
_4272_,VPWR,li1,201.0200,133.2800,1.799645
_4271_,VPWR,li1,215.2800,138.7200,1.799646
_4270_,VPWR,li1,92.9200,95.2000,1.799773
_4269_,VPWR,li1,195.5000,100.6400,1.799742
_4268_,VPWR,li1,183.5400,116.9600,1.799668
_4267_,VPWR,li1,67.1600,95.2000,1.799794
_4266_,VPWR,li1,53.3600,236.6400,1.799791
_4265_,VPWR,li1,157.0900,198.5600,1.799817
_4264_,VPWR,li1,64.1700,220.3200,1.799844
_4263_,VPWR,li1,190.9000,187.6800,1.799630
_4262_,VPWR,li1,145.3600,242.0800,1.799752
_4261_,VPWR,li1,137.5400,116.9600,1.799687
_4260_,VPWR,li1,54.2800,269.2800,1.799768
_4259_,VPWR,li1,119.6000,111.5200,1.799633
_4258_,VPWR,li1,192.7400,106.0800,1.799626
_4257_,VPWR,li1,171.1200,258.4000,1.799877
_4256_,VPWR,li1,62.1000,187.6800,1.799733
_4255_,VPWR,li1,106.7200,269.2800,1.799641
_4254_,VPWR,li1,59.8000,149.6000,1.799740
_4253_,VPWR,li1,217.5800,106.0800,1.799425
_4252_,VPWR,li1,219.8800,214.8800,1.799578
_4251_,VPWR,li1,75.9000,171.3600,1.799695
_4250_,VPWR,li1,192.7400,225.7600,1.799512
_4249_,VPWR,li1,59.8000,106.0800,1.799755
_4248_,VPWR,li1,137.5400,144.1600,1.799790
_4247_,VPWR,li1,188.6000,209.4400,1.799637
_4246_,VPWR,li1,222.1800,78.8800,1.799699
_4245_,VPWR,li1,149.9600,220.3200,1.799773
_4244_,VPWR,li1,67.6200,263.8400,1.799729
_4243_,VPWR,li1,55.2000,122.4000,1.799541
_4242_,VPWR,li1,196.8800,160.4800,1.799831
_4241_,VPWR,li1,222.1800,252.9600,1.799597
_4240_,VPWR,li1,119.6000,111.5200,1.799633
_4239_,VPWR,li1,204.2400,258.4000,1.799652
_4238_,VPWR,li1,187.2200,122.4000,1.799627
_4237_,VPWR,li1,218.9600,127.8400,1.799754
_4236_,VPWR,li1,90.1600,106.0800,1.799632
_4235_,VPWR,li1,192.7400,84.3200,1.799613
_4234_,VPWR,li1,167.4400,111.5200,1.799806
_4233_,VPWR,li1,55.2000,84.3200,1.799810
_4232_,VPWR,li1,58.8800,231.2000,1.799669
_4231_,VPWR,li1,174.5700,187.6800,1.799823
_4230_,VPWR,li1,65.0900,209.4400,1.799848
_4229_,VPWR,li1,193.2000,198.5600,1.799790
_4228_,VPWR,li1,150.4200,247.5200,1.799785
_4227_,VPWR,li1,141.6800,116.9600,1.799692
_4226_,VPWR,li1,50.6000,263.8400,1.799789
_4225_,VPWR,li1,119.6000,95.2000,1.799776
_4224_,VPWR,li1,192.7400,100.6400,1.799757
_4223_,VPWR,li1,167.4400,258.4000,1.799868
_4222_,VPWR,li1,59.8000,193.1200,1.799728
_4221_,VPWR,li1,106.7200,258.4000,1.799823
_4220_,VPWR,li1,60.2600,155.0400,1.799519
_4219_,VPWR,li1,213.9000,111.5200,1.799443
_4218_,VPWR,li1,221.7200,214.8800,1.799567
_4217_,VPWR,li1,80.9600,182.2400,1.799422
_4216_,VPWR,li1,189.0600,225.7600,1.799573
_4215_,VPWR,li1,60.2600,111.5200,1.799672
_4214_,VPWR,li1,128.8000,149.6000,1.799628
_4213_,VPWR,li1,189.5200,204.0000,1.799652
_4212_,VPWR,li1,222.6400,89.7600,1.799683
_4211_,VPWR,li1,140.7600,209.4400,1.799706
_4210_,VPWR,li1,73.1400,247.5200,1.799791
_4209_,VPWR,li1,66.2400,116.9600,1.799729
_4208_,VPWR,li1,196.8800,160.4800,1.799831
_4207_,VPWR,li1,222.6400,258.4000,1.799562
_4206_,VPWR,li1,119.6000,116.9600,1.799676
_4205_,VPWR,li1,207.9200,258.4000,1.799639
_4204_,VPWR,li1,184.0000,127.8400,1.799890
_4203_,VPWR,li1,218.9600,133.2800,1.799554
_4202_,VPWR,li1,93.8400,95.2000,1.799773
_4201_,VPWR,li1,194.5800,78.8800,1.799806
_4200_,VPWR,li1,171.1200,122.4000,1.799718
_4199_,VPWR,li1,55.2000,89.7600,1.799928
_4198_,VPWR,li1,57.0400,242.0800,1.799788
_4197_,VPWR,li1,154.7900,198.5600,1.799809
_4196_,VPWR,li1,58.6500,214.8800,1.799610
_4195_,VPWR,li1,63.7100,214.8800,1.799578
_4194_,VPWR,li1,265.8800,204.0000,1.799189
_4193_,VPWR,li1,149.5000,242.0800,1.799769
_4192_,VPWR,li1,158.2400,35.3600,1.799815
_4191_,VPWR,li1,86.4800,258.4000,1.799832
_4190_,VPWR,li1,132.4800,35.3600,1.799743
_4189_,VPWR,li1,316.9400,57.1200,1.798813
_4188_,VPWR,li1,193.6600,236.6400,1.799642
_4187_,VPWR,li1,115.4600,198.5600,1.799735
_4186_,VPWR,li1,128.3400,252.9600,1.799700
_4185_,VPWR,li1,106.7200,160.4800,1.799817
_4184_,VPWR,li1,304.5200,29.9200,1.799611
_4183_,VPWR,li1,270.4800,242.0800,1.799558
_4182_,VPWR,li1,125.1200,165.9200,1.799818
_4181_,VPWR,li1,316.9400,247.5200,1.799150
_4180_,VPWR,li1,97.9800,13.6000,1.799728
_4179_,VPWR,li1,171.1200,127.8400,1.799904
_4178_,VPWR,li1,308.2000,225.7600,1.798443
_4177_,VPWR,li1,278.3000,24.4800,1.799351
_4176_,VPWR,li1,188.6000,225.7600,1.799573
_4175_,VPWR,li1,114.0800,236.6400,1.799682
_4174_,VPWR,li1,96.1400,122.4000,1.799354
_4173_,VPWR,li1,314.6400,160.4800,1.799620
_4172_,VPWR,li1,263.5800,252.9600,1.799422
_4171_,VPWR,li1,137.0800,160.4800,1.799822
_4170_,VPWR,li1,316.9400,258.4000,1.799378
_4169_,VPWR,li1,268.6400,127.8400,1.799635
_4168_,VPWR,li1,313.2600,106.0800,1.799091
_4167_,VPWR,li1,101.2000,24.4800,1.799738
_4166_,VPWR,li1,234.6000,46.2400,1.799524
_4165_,VPWR,li1,186.7600,35.3600,1.799819
_4164_,VPWR,li1,99.8200,68.0000,1.799618
_4163_,VPWR,li1,111.3200,220.3200,1.799778
_4162_,VPWR,li1,158.9300,187.6800,1.799759
_4161_,VPWR,li1,89.9300,220.3200,1.799804
_4160_,VPWR,li1,270.4800,214.8800,1.799370
_4159_,VPWR,li1,145.3600,231.2000,1.799664
_4158_,VPWR,li1,152.7200,40.8000,1.799792
_4157_,VPWR,li1,86.4800,252.9600,1.799641
_4156_,VPWR,li1,142.1400,29.9200,1.799779
_4155_,VPWR,li1,314.1800,57.1200,1.798813
_4154_,VPWR,li1,201.0200,242.0800,1.799736
_4153_,VPWR,li1,121.4400,204.0000,1.799719
_4152_,VPWR,li1,128.8000,258.4000,1.799826
_4151_,VPWR,li1,111.7800,171.3600,1.799616
_4150_,VPWR,li1,312.3400,35.3600,1.799462
_4149_,VPWR,li1,273.7000,231.2000,1.799195
_4148_,VPWR,li1,114.0800,176.8000,1.799722
_4147_,VPWR,li1,312.8000,242.0800,1.799547
_4146_,VPWR,li1,80.9600,13.6000,1.799749
_4145_,VPWR,li1,162.8400,133.2800,1.799764
_4144_,VPWR,li1,316.9400,236.6400,1.799130
_4143_,VPWR,li1,272.3200,19.0400,1.799316
_4142_,VPWR,li1,188.1400,214.8800,1.799769
_4141_,VPWR,li1,128.8000,242.0800,1.799692
_4140_,VPWR,li1,103.9600,106.0800,1.799588
_4139_,VPWR,li1,311.4200,160.4800,1.799620
_4138_,VPWR,li1,261.7400,263.8400,1.799344
_4137_,VPWR,li1,128.8000,165.9200,1.799824
_4136_,VPWR,li1,309.5800,247.5200,1.799150
_4135_,VPWR,li1,281.9800,138.7200,1.799414
_4134_,VPWR,li1,316.9400,106.0800,1.799091
_4133_,VPWR,li1,103.0400,13.6000,1.799725
_4132_,VPWR,li1,217.5800,51.6800,1.799794
_4131_,VPWR,li1,176.6400,46.2400,1.799906
_4130_,VPWR,li1,100.2800,51.6800,1.799743
_4129_,VPWR,li1,128.3400,209.4400,1.799712
_4128_,VPWR,li1,147.4300,209.4400,1.799713
_4127_,VPWR,li1,87.1700,220.3200,1.799808
_4126_,VPWR,li1,272.7800,193.1200,1.799205
_4125_,VPWR,li1,132.4800,236.6400,1.799697
_4124_,VPWR,li1,172.0400,35.3600,1.799866
_4123_,VPWR,li1,90.1600,252.9600,1.799642
_4122_,VPWR,li1,137.5400,35.3600,1.799753
_4121_,VPWR,li1,306.3600,51.6800,1.799742
_4120_,VPWR,li1,201.0200,252.9600,1.799711
_4119_,VPWR,li1,145.3600,182.2400,1.799459
_4118_,VPWR,li1,128.8000,252.9600,1.799700
_4117_,VPWR,li1,115.9200,155.0400,1.799397
_4116_,VPWR,li1,293.0200,35.3600,1.799481
_4115_,VPWR,li1,275.0800,209.4400,1.798822
_4114_,VPWR,li1,119.1400,182.2400,1.799362
_4113_,VPWR,li1,304.9800,242.0800,1.799547
_4112_,VPWR,li1,97.9800,29.9200,1.799765
_4111_,VPWR,li1,154.5600,111.5200,1.799751
_4110_,VPWR,li1,306.3600,225.7600,1.798449
_4109_,VPWR,li1,282.9000,24.4800,1.799350
_4108_,VPWR,li1,182.6200,231.2000,1.799796
_4107_,VPWR,li1,110.8600,231.2000,1.799574
_4106_,VPWR,li1,97.9800,111.5200,1.799590
_4105_,VPWR,li1,307.7400,176.8000,1.799326
_4104_,VPWR,li1,268.1800,247.5200,1.799208
_4103_,VPWR,li1,115.9200,160.4800,1.799814
_4102_,VPWR,li1,304.0600,247.5200,1.799150
_4101_,VPWR,li1,271.4000,160.4800,1.799643
_4100_,VPWR,li1,304.0600,111.5200,1.798881
_4099_,VPWR,li1,110.8600,29.9200,1.799739
_4098_,VPWR,li1,224.0200,35.3600,1.799642
_4097_,VPWR,li1,195.9600,40.8000,1.799699
_4096_,VPWR,li1,93.8400,57.1200,1.799727
_4095_,VPWR,li1,108.5600,214.8800,1.799483
_4094_,VPWR,li1,152.4900,198.5600,1.799798
_4093_,VPWR,li1,88.5500,214.8800,1.799505
_4092_,VPWR,li1,60.9500,220.3200,1.799847
_4091_,VPWR,li1,278.3000,198.5600,1.799430
_4090_,VPWR,li1,134.3200,231.2000,1.799625
_4089_,VPWR,li1,158.2400,29.9200,1.799831
_4088_,VPWR,li1,91.5400,247.5200,1.799744
_4087_,VPWR,li1,133.8600,40.8000,1.799751
_4086_,VPWR,li1,302.6800,51.6800,1.799742
_4085_,VPWR,li1,184.0000,247.5200,1.799777
_4084_,VPWR,li1,137.5400,187.6800,1.799702
_4083_,VPWR,li1,128.8000,247.5200,1.799743
_4082_,VPWR,li1,106.7200,144.1600,1.799779
_4081_,VPWR,li1,299.9200,29.9200,1.799612
_4080_,VPWR,li1,274.1600,214.8800,1.799365
_4079_,VPWR,li1,119.6000,171.3600,1.799609
_4078_,VPWR,li1,299.9200,236.6400,1.799145
_4077_,VPWR,li1,95.2200,29.9200,1.799774
_4076_,VPWR,li1,154.1000,122.4000,1.799557
_4075_,VPWR,li1,304.0600,214.8800,1.799319
_4074_,VPWR,li1,271.4000,24.4800,1.799357
_4073_,VPWR,li1,174.8000,231.2000,1.799833
_4072_,VPWR,li1,125.1200,236.6400,1.799688
_4071_,VPWR,li1,99.8200,106.0800,1.799600
_4070_,VPWR,li1,307.7400,160.4800,1.799621
_4069_,VPWR,li1,259.9000,252.9600,1.799434
_4068_,VPWR,li1,119.6000,155.0400,1.799410
_4067_,VPWR,li1,299.9200,247.5200,1.799153
_4066_,VPWR,li1,266.3400,155.0400,1.799226
_4065_,VPWR,li1,305.4400,106.0800,1.799092
_4064_,VPWR,li1,102.5800,29.9200,1.799755
_4063_,VPWR,li1,221.2600,51.6800,1.799789
_4062_,VPWR,li1,190.9000,51.6800,1.799867
_4061_,VPWR,li1,90.1600,62.5600,1.799386
_4060_,VPWR,li1,106.7200,214.8800,1.799485
_4059_,VPWR,li1,155.7100,193.1200,1.799733
_4058_,VPWR,li1,86.2500,214.8800,1.799508
_4057_,VPWR,li1,84.4100,209.4400,1.799800
_4056_,VPWR,li1,55.8900,220.3200,1.799857
_4055_,VPWR,li1,253.4600,209.4400,1.798914
_4054_,VPWR,li1,136.6200,225.7600,1.799657
_4053_,VPWR,li1,162.3800,57.1200,1.799767
_4052_,VPWR,li1,97.9800,247.5200,1.799730
_4051_,VPWR,li1,123.7400,51.6800,1.799758
_4050_,VPWR,li1,291.1800,51.6800,1.799742
_4049_,VPWR,li1,177.5600,236.6400,1.799803
_4048_,VPWR,li1,135.2400,214.8800,1.799584
_4047_,VPWR,li1,123.7400,247.5200,1.799738
_4046_,VPWR,li1,101.6600,144.1600,1.799783
_4045_,VPWR,li1,285.6600,35.3600,1.799494
_4044_,VPWR,li1,253.0000,209.4400,1.798914
_4043_,VPWR,li1,111.3200,193.1200,1.799616
_4042_,VPWR,li1,295.7800,236.6400,1.799151
_4041_,VPWR,li1,94.7600,40.8000,1.799738
_4040_,VPWR,li1,145.3600,127.8400,1.799839
_4039_,VPWR,li1,294.8600,220.3200,1.799035
_4038_,VPWR,li1,262.6600,57.1200,1.798890
_4037_,VPWR,li1,158.2400,236.6400,1.799761
_4036_,VPWR,li1,95.2200,231.2000,1.799552
_4035_,VPWR,li1,103.5000,127.8400,1.799800
_4034_,VPWR,li1,283.3600,171.3600,1.799103
_4033_,VPWR,li1,265.4200,231.2000,1.799240
_4032_,VPWR,li1,128.8000,138.7200,1.799791
_4031_,VPWR,li1,293.4800,247.5200,1.799157
_4030_,VPWR,li1,272.7800,138.7200,1.799441
_4029_,VPWR,li1,299.9200,116.9600,1.798542
_4028_,VPWR,li1,110.8600,35.3600,1.799709
_4027_,VPWR,li1,213.9000,40.8000,1.799575
_4026_,VPWR,li1,184.0000,46.2400,1.799847
_4025_,VPWR,li1,98.9000,73.4400,1.799837
_4024_,VPWR,li1,99.3600,198.5600,1.799731
_4023_,VPWR,li1,137.3100,182.2400,1.799414
_4022_,VPWR,li1,89.4700,214.8800,1.799502
_4021_,VPWR,li1,61.4100,225.7600,1.799811
_4020_,VPWR,li1,260.3600,204.0000,1.799200
_4019_,VPWR,li1,138.0000,231.2000,1.799642
_4018_,VPWR,li1,155.4800,46.2400,1.799883
_4017_,VPWR,li1,93.8400,252.9600,1.799643
_4016_,VPWR,li1,119.1400,51.6800,1.799753
_4015_,VPWR,li1,299.4600,57.1200,1.798824
_4014_,VPWR,li1,183.5400,242.0800,1.799841
_4013_,VPWR,li1,128.8000,204.0000,1.799719
_4012_,VPWR,li1,111.3200,247.5200,1.799723
_4011_,VPWR,li1,93.8400,144.1600,1.799789
_4010_,VPWR,li1,284.7400,51.6800,1.799743
_4009_,VPWR,li1,265.4200,214.8800,1.799383
_4008_,VPWR,li1,106.7200,198.5600,1.799730
_4007_,VPWR,li1,279.2200,225.7600,1.798577
_4006_,VPWR,li1,83.7200,46.2400,1.799864
_4005_,VPWR,li1,145.3600,127.8400,1.799839
_4004_,VPWR,li1,287.0400,209.4400,1.798810
_4003_,VPWR,li1,261.2800,51.6800,1.799749
_4002_,VPWR,li1,149.5000,231.2000,1.799682
_4001_,VPWR,li1,91.5400,231.2000,1.799548
_4000_,VPWR,li1,90.6200,127.8400,1.799798
_3999_,VPWR,li1,287.0400,176.8000,1.799346
_3998_,VPWR,li1,256.2200,247.5200,1.799273
_3997_,VPWR,li1,115.9200,149.6000,1.799632
_3996_,VPWR,li1,285.2000,242.0800,1.799549
_3995_,VPWR,li1,264.5000,149.6000,1.798421
_3994_,VPWR,li1,294.8600,116.9600,1.798547
_3993_,VPWR,li1,119.6000,46.2400,1.799851
_3992_,VPWR,li1,204.7000,57.1200,1.799388
_3991_,VPWR,li1,171.1200,46.2400,1.799901
_3990_,VPWR,li1,106.2600,73.4400,1.799834
_3989_,VPWR,li1,90.1600,209.4400,1.799784
_3988_,VPWR,li1,163.9900,209.4400,1.799760
_3987_,VPWR,li1,84.8700,220.3200,1.799811
_3986_,VPWR,li1,79.3500,209.4400,1.799813
_3985_,VPWR,li1,73.8300,214.8800,1.799524
_3984_,VPWR,li1,59.1100,214.8800,1.799610
_3983_,VPWR,li1,306.8200,182.2400,1.798662
_3982_,VPWR,li1,144.4400,274.7200,1.799618
_3981_,VPWR,li1,158.2400,68.0000,1.799766
_3980_,VPWR,li1,50.6000,269.2800,1.799777
_3979_,VPWR,li1,139.3800,51.6800,1.799778
_3978_,VPWR,li1,310.5000,89.7600,1.799570
_3977_,VPWR,li1,192.7400,280.1600,1.799796
_3976_,VPWR,li1,51.5200,209.4400,1.799881
_3975_,VPWR,li1,114.5400,280.1600,1.799685
_3974_,VPWR,li1,52.4400,160.4800,1.799900
_3973_,VPWR,li1,304.9800,89.7600,1.799571
_3972_,VPWR,li1,273.2400,269.2800,1.798754
_3971_,VPWR,li1,55.6600,193.1200,1.799752
_3970_,VPWR,li1,312.8000,274.7200,1.798457
_3969_,VPWR,li1,47.3800,57.1200,1.799831
_3968_,VPWR,li1,188.1400,138.7200,1.799796
_3967_,VPWR,li1,307.2800,209.4400,1.798791
_3966_,VPWR,li1,267.7200,51.6800,1.799747
_3965_,VPWR,li1,170.2000,269.2800,1.799772
_3964_,VPWR,li1,57.0400,285.6000,1.799875
_3963_,VPWR,li1,54.2800,116.9600,1.799768
_3962_,VPWR,li1,312.8000,144.1600,1.799370
_3961_,VPWR,li1,280.1400,274.7200,1.798486
_3960_,VPWR,li1,63.0200,133.2800,1.799635
_3959_,VPWR,li1,313.7200,291.0400,1.799700
_3958_,VPWR,li1,265.8800,122.4000,1.799063
_3957_,VPWR,li1,310.9600,127.8400,1.799594
_3956_,VPWR,li1,61.6400,57.1200,1.799782
_3955_,VPWR,li1,209.7600,68.0000,1.799453
_3954_,VPWR,li1,170.6600,68.0000,1.799815
_3953_,VPWR,li1,50.6000,89.7600,1.799933
_3952_,VPWR,li1,46.0000,252.9600,1.799748
_3951_,VPWR,li1,187.4500,193.1200,1.799696
_3950_,VPWR,li1,58.1900,220.3200,1.799854
_3949_,VPWR,li1,63.7100,214.8800,1.799578
_3948_,VPWR,li1,59.1100,209.4400,1.799861
_3947_,VPWR,li1,60.9500,220.3200,1.799847
_3946_,VPWR,li1,265.1900,182.2400,1.798747
_3945_,VPWR,li1,268.8700,187.6800,1.798812
_3944_,VPWR,li1,291.6400,182.2400,1.798683
_3943_,VPWR,li1,295.5500,182.2400,1.798674
_3942_,VPWR,li1,304.2900,193.1200,1.799175
_3941_,VPWR,li1,282.2100,182.2400,1.798700
_3940_,VPWR,li1,272.3200,176.8000,1.799374
_3939_,VPWR,li1,249.5500,187.6800,1.798994
_3938_,VPWR,li1,260.8200,198.5600,1.799483
_3937_,VPWR,li1,265.8800,193.1200,1.799220
_3936_,VPWR,li1,266.5700,198.5600,1.799461
_3935_,VPWR,li1,270.2500,209.4400,1.798826
_3934_,VPWR,li1,253.9200,198.5600,1.799503
_3933_,VPWR,li1,253.0000,187.6800,1.798950
_3932_,VPWR,li1,255.9900,182.2400,1.798795
_3931_,VPWR,li1,252.7700,176.8000,1.799418
_3930_,VPWR,li1,244.4900,187.6800,1.799031
_3929_,VPWR,li1,236.9000,187.6800,1.799105
_3928_,VPWR,li1,209.5300,182.2400,1.799200
_3927_,VPWR,li1,209.3000,187.6800,1.799392
_3926_,VPWR,li1,207.6900,193.1200,1.799509
_3925_,VPWR,li1,221.9500,187.6800,1.799258
_3924_,VPWR,li1,194.5800,187.6800,1.799570
_3923_,VPWR,li1,136.3900,301.9200,1.799776
_3922_,VPWR,li1,141.9100,301.9200,1.799780
_3921_,VPWR,li1,136.3900,291.0400,1.799777
_3920_,VPWR,li1,145.5900,301.9200,1.799781
_3919_,VPWR,li1,143.0600,307.3600,1.799845
_3918_,VPWR,li1,137.7700,301.9200,1.799777
_3917_,VPWR,li1,131.5600,318.2400,1.799513
_3916_,VPWR,li1,140.5300,291.0400,1.799789
_3915_,VPWR,li1,140.9900,291.0400,1.799789
_3914_,VPWR,li1,136.8500,285.6000,1.799852
_3913_,VPWR,li1,144.2100,280.1600,1.799771
_3912_,VPWR,li1,133.1700,291.0400,1.799765
_3911_,VPWR,li1,126.9600,291.0400,1.799753
_3910_,VPWR,li1,141.6800,231.2000,1.799655
_3909_,VPWR,li1,145.5900,220.3200,1.799768
_3908_,VPWR,li1,145.1300,236.6400,1.799722
_3907_,VPWR,li1,139.1500,231.2000,1.799642
_3906_,VPWR,li1,135.9300,231.2000,1.799631
_3905_,VPWR,li1,139.8400,220.3200,1.799765
_3904_,VPWR,li1,140.9900,274.7200,1.799605
_3903_,VPWR,li1,145.8200,258.4000,1.799836
_3902_,VPWR,li1,158.4700,269.2800,1.799732
_3901_,VPWR,li1,152.0300,274.7200,1.799651
_3900_,VPWR,li1,154.1000,252.9600,1.799783
_3899_,VPWR,li1,151.8000,35.3600,1.799792
_3898_,VPWR,li1,156.1700,46.2400,1.799883
_3897_,VPWR,li1,149.0400,68.0000,1.799731
_3896_,VPWR,li1,158.2400,78.8800,1.799756
_3895_,VPWR,li1,163.0700,78.8800,1.799788
_3894_,VPWR,li1,162.6100,78.8800,1.799788
_3893_,VPWR,li1,147.6600,73.4400,1.799844
_3892_,VPWR,li1,161.0000,46.2400,1.799888
_3891_,VPWR,li1,164.9100,46.2400,1.799893
_3890_,VPWR,li1,160.3100,40.8000,1.799815
_3889_,VPWR,li1,163.9900,57.1200,1.799767
_3888_,VPWR,li1,155.4800,57.1200,1.799753
_3887_,VPWR,li1,148.5800,29.9200,1.799794
_3886_,VPWR,li1,152.2600,29.9200,1.799811
_3885_,VPWR,li1,150.1900,19.0400,1.799668
_3884_,VPWR,li1,155.7100,24.4800,1.799835
_3883_,VPWR,li1,140.3000,19.0400,1.799630
_3882_,VPWR,li1,157.0900,89.7600,1.799894
_3881_,VPWR,li1,154.5600,106.0800,1.799678
_3880_,VPWR,li1,155.7100,111.5200,1.799751
_3879_,VPWR,li1,158.0100,95.2000,1.799821
_3878_,VPWR,li1,147.6600,111.5200,1.799722
_3877_,VPWR,li1,53.8200,280.1600,1.799753
_3876_,VPWR,li1,52.2100,285.6000,1.799884
_3875_,VPWR,li1,88.7800,258.4000,1.799830
_3874_,VPWR,li1,86.7100,252.9600,1.799641
_3873_,VPWR,li1,98.6700,258.4000,1.799825
_3872_,VPWR,li1,90.8500,263.8400,1.799668
_3871_,VPWR,li1,93.6100,263.8400,1.799657
_3870_,VPWR,li1,92.9200,242.0800,1.799674
_3869_,VPWR,li1,49.4500,285.6000,1.799890
_3868_,VPWR,li1,43.7000,285.6000,1.799901
_3867_,VPWR,li1,34.7300,285.6000,1.799924
_3866_,VPWR,li1,26.6800,285.6000,1.799945
_3865_,VPWR,li1,41.4000,280.1600,1.799812
_3864_,VPWR,li1,44.6200,274.7200,1.799810
_3863_,VPWR,li1,43.9300,269.2800,1.799814
_3862_,VPWR,li1,49.9100,274.7200,1.799772
_3861_,VPWR,li1,25.7600,269.2800,1.799905
_3860_,VPWR,li1,64.1700,280.1600,1.799701
_3859_,VPWR,li1,63.9400,274.7200,1.799707
_3858_,VPWR,li1,67.8500,274.7200,1.799685
_3857_,VPWR,li1,73.3700,285.6000,1.799859
_3856_,VPWR,li1,60.2600,263.8400,1.799753
_3855_,VPWR,li1,131.5600,46.2400,1.799859
_3854_,VPWR,li1,131.3300,62.5600,1.799485
_3853_,VPWR,li1,132.4800,51.6800,1.799769
_3852_,VPWR,li1,138.4600,46.2400,1.799866
_3851_,VPWR,li1,137.7700,40.8000,1.799757
_3850_,VPWR,li1,149.7300,40.8000,1.799784
_3849_,VPWR,li1,123.2800,62.5600,1.799443
_3848_,VPWR,li1,132.4800,62.5600,1.799496
_3847_,VPWR,li1,136.8500,73.4400,1.799834
_3846_,VPWR,li1,140.0700,57.1200,1.799727
_3845_,VPWR,li1,128.5700,68.0000,1.799676
_3844_,VPWR,li1,122.3600,78.8800,1.799543
_3843_,VPWR,li1,128.3400,95.2000,1.799781
_3842_,VPWR,li1,132.4800,106.0800,1.799588
_3841_,VPWR,li1,136.3900,100.6400,1.799731
_3840_,VPWR,li1,140.5300,89.7600,1.799883
_3839_,VPWR,li1,125.5800,100.6400,1.799718
_3838_,VPWR,li1,132.0200,35.3600,1.799739
_3837_,VPWR,li1,131.7900,46.2400,1.799859
_3836_,VPWR,li1,126.0400,40.8000,1.799738
_3835_,VPWR,li1,126.0400,24.4800,1.799768
_3834_,VPWR,li1,259.4400,89.7600,1.799601
_3833_,VPWR,li1,257.6000,73.4400,1.799295
_3832_,VPWR,li1,294.4000,95.2000,1.799122
_3831_,VPWR,li1,299.4600,95.2000,1.799116
_3830_,VPWR,li1,304.7500,100.6400,1.799310
_3829_,VPWR,li1,311.1900,95.2000,1.799109
_3828_,VPWR,li1,288.4200,100.6400,1.799343
_3827_,VPWR,li1,258.2900,68.0000,1.799021
_3826_,VPWR,li1,252.0800,68.0000,1.799078
_3825_,VPWR,li1,236.4400,73.4400,1.799424
_3824_,VPWR,li1,256.4500,95.2000,1.799258
_3823_,VPWR,li1,209.5300,100.6400,1.799666
_3822_,VPWR,li1,205.8500,106.0800,1.799503
_3821_,VPWR,li1,258.7500,100.6400,1.799442
_3820_,VPWR,li1,198.7200,100.6400,1.799728
_3819_,VPWR,li1,304.2900,62.5600,1.798755
_3818_,VPWR,li1,312.1100,62.5600,1.798751
_3817_,VPWR,li1,308.4300,62.5600,1.798753
_3816_,VPWR,li1,300.6100,62.5600,1.798758
_3815_,VPWR,li1,293.4800,57.1200,1.798832
_3814_,VPWR,li1,191.8200,296.4800,1.799775
_3813_,VPWR,li1,191.5900,296.4800,1.799775
_3812_,VPWR,li1,188.1400,242.0800,1.799814
_3811_,VPWR,li1,190.4400,252.9600,1.799777
_3810_,VPWR,li1,188.8300,247.5200,1.799730
_3809_,VPWR,li1,194.3500,252.9600,1.799751
_3808_,VPWR,li1,177.5600,242.0800,1.799873
_3807_,VPWR,li1,193.6600,312.8000,1.799819
_3806_,VPWR,li1,197.1100,301.9200,1.799554
_3805_,VPWR,li1,195.0400,307.3600,1.799844
_3804_,VPWR,li1,187.6800,312.8000,1.799855
_3803_,VPWR,li1,195.9600,291.0400,1.799839
_3802_,VPWR,li1,192.5100,285.6000,1.799735
_3801_,VPWR,li1,201.2500,291.0400,1.799817
_3800_,VPWR,li1,184.6900,285.6000,1.799802
_3799_,VPWR,li1,181.7000,291.0400,1.799887
_3798_,VPWR,li1,189.0600,263.8400,1.799678
_3797_,VPWR,li1,191.3600,269.2800,1.799587
_3796_,VPWR,li1,186.0700,263.8400,1.799708
_3795_,VPWR,li1,176.1800,258.4000,1.799887
_3794_,VPWR,li1,44.3900,193.1200,1.799811
_3793_,VPWR,li1,75.6700,193.1200,1.799664
_3792_,VPWR,li1,47.6100,198.5600,1.799820
_3791_,VPWR,li1,32.2000,204.0000,1.799918
_3790_,VPWR,li1,36.1100,204.0000,1.799902
_3789_,VPWR,li1,53.5900,198.5600,1.799798
_3788_,VPWR,li1,20.7000,204.0000,1.799954
_3787_,VPWR,li1,39.3300,209.4400,1.799914
_3786_,VPWR,li1,29.4400,220.3200,1.799924
_3785_,VPWR,li1,35.1900,209.4400,1.799926
_3784_,VPWR,li1,43.2400,220.3200,1.799885
_3783_,VPWR,li1,47.1500,209.4400,1.799894
_3782_,VPWR,li1,21.1600,214.8800,1.799888
_3781_,VPWR,li1,118.6800,193.1200,1.799627
_3780_,VPWR,li1,132.0200,198.5600,1.799755
_3779_,VPWR,li1,141.9100,193.1200,1.799684
_3778_,VPWR,li1,124.4300,198.5600,1.799743
_3777_,VPWR,li1,138.9200,198.5600,1.799767
_3776_,VPWR,li1,80.5000,187.6800,1.799701
_3775_,VPWR,li1,76.8200,187.6800,1.799705
_3774_,VPWR,li1,84.4100,204.0000,1.799768
_3773_,VPWR,li1,80.7300,193.1200,1.799646
_3772_,VPWR,li1,69.4600,193.1200,1.799687
_3771_,VPWR,li1,105.8000,301.9200,1.799784
_3770_,VPWR,li1,129.2600,263.8400,1.799602
_3769_,VPWR,li1,105.3400,307.3600,1.799806
_3768_,VPWR,li1,109.9400,307.3600,1.799807
_3767_,VPWR,li1,111.0900,307.3600,1.799807
_3766_,VPWR,li1,113.3900,312.8000,1.799862
_3765_,VPWR,li1,99.3600,312.8000,1.799862
_3764_,VPWR,li1,128.8000,263.8400,1.799602
_3763_,VPWR,li1,132.2500,263.8400,1.799606
_3762_,VPWR,li1,132.2500,252.9600,1.799709
_3761_,VPWR,li1,136.8500,258.4000,1.799831
_3760_,VPWR,li1,124.4300,252.9600,1.799691
_3759_,VPWR,li1,118.6800,247.5200,1.799730
_3758_,VPWR,li1,102.5800,301.9200,1.799787
_3757_,VPWR,li1,103.5000,291.0400,1.799706
_3756_,VPWR,li1,106.4900,296.4800,1.799599
_3755_,VPWR,li1,106.4900,285.6000,1.799844
_3754_,VPWR,li1,95.6800,291.0400,1.799705
_3753_,VPWR,li1,128.1100,269.2800,1.799665
_3752_,VPWR,li1,120.5200,269.2800,1.799654
_3751_,VPWR,li1,124.4300,269.2800,1.799659
_3750_,VPWR,li1,132.2500,269.2800,1.799671
_3749_,VPWR,li1,115.0000,263.8400,1.799608
_3748_,VPWR,li1,41.6300,165.9200,1.799881
_3747_,VPWR,li1,74.2900,160.4800,1.799855
_3746_,VPWR,li1,56.8100,160.4800,1.799890
_3745_,VPWR,li1,29.4400,160.4800,1.799950
_3744_,VPWR,li1,36.1100,160.4800,1.799934
_3743_,VPWR,li1,54.9700,165.9200,1.799855
_3742_,VPWR,li1,19.3200,165.9200,1.799941
_3741_,VPWR,li1,43.9300,160.4800,1.799917
_3740_,VPWR,li1,33.1200,155.0400,1.799752
_3739_,VPWR,li1,37.9500,160.4800,1.799930
_3738_,VPWR,li1,47.8400,160.4800,1.799912
_3737_,VPWR,li1,51.7500,155.0400,1.799586
_3736_,VPWR,li1,23.0000,155.0400,1.799865
_3735_,VPWR,li1,107.1800,160.4800,1.799817
_3734_,VPWR,li1,106.7200,149.6000,1.799641
_3733_,VPWR,li1,111.0900,160.4800,1.799816
_3732_,VPWR,li1,111.0900,160.4800,1.799816
_3731_,VPWR,li1,100.2800,155.0400,1.799380
_3730_,VPWR,li1,77.2800,165.9200,1.799827
_3729_,VPWR,li1,74.9800,149.6000,1.799700
_3728_,VPWR,li1,79.8100,144.1600,1.799801
_3727_,VPWR,li1,80.7300,155.0400,1.799407
_3726_,VPWR,li1,69.0000,149.6000,1.799715
_3725_,VPWR,li1,294.8600,46.2400,1.799343
_3724_,VPWR,li1,251.8500,46.2400,1.799452
_3723_,VPWR,li1,293.4800,73.4400,1.799128
_3722_,VPWR,li1,299.9200,73.4400,1.799118
_3721_,VPWR,li1,299.2300,78.8800,1.799515
_3720_,VPWR,li1,305.2100,73.4400,1.799107
_3719_,VPWR,li1,287.5000,78.8800,1.799532
_3718_,VPWR,li1,253.6900,40.8000,1.799346
_3717_,VPWR,li1,257.1400,24.4800,1.799390
_3716_,VPWR,li1,249.0900,46.2400,1.799467
_3715_,VPWR,li1,243.8000,51.6800,1.799754
_3714_,VPWR,li1,294.8600,46.2400,1.799343
_3713_,VPWR,li1,299.4600,46.2400,1.799340
_3712_,VPWR,li1,300.6100,40.8000,1.799155
_3711_,VPWR,li1,304.7500,46.2400,1.799337
_3710_,VPWR,li1,286.5800,40.8000,1.799193
_3709_,VPWR,li1,244.9500,106.0800,1.799266
_3708_,VPWR,li1,234.1400,116.9600,1.798878
_3707_,VPWR,li1,234.8300,111.5200,1.799271
_3706_,VPWR,li1,252.7700,111.5200,1.799147
_3705_,VPWR,li1,224.4800,111.5200,1.799352
_3704_,VPWR,li1,241.7300,285.6000,1.799435
_3703_,VPWR,li1,240.1200,285.6000,1.799442
_3702_,VPWR,li1,257.3700,280.1600,1.799549
_3701_,VPWR,li1,257.6000,285.6000,1.799381
_3700_,VPWR,li1,261.0500,280.1600,1.799538
_3699_,VPWR,li1,265.6500,280.1600,1.799525
_3698_,VPWR,li1,256.2200,291.0400,1.799721
_3697_,VPWR,li1,245.4100,231.2000,1.799357
_3696_,VPWR,li1,265.4200,231.2000,1.799240
_3695_,VPWR,li1,268.8700,225.7600,1.798653
_3694_,VPWR,li1,266.5700,225.7600,1.798682
_3693_,VPWR,li1,272.5500,220.3200,1.799084
_3692_,VPWR,li1,271.1700,231.2000,1.799216
_3691_,VPWR,li1,258.9800,220.3200,1.799132
_3690_,VPWR,li1,239.6600,242.0800,1.799604
_3689_,VPWR,li1,236.2100,231.2000,1.799415
_3688_,VPWR,li1,241.7300,231.2000,1.799387
_3687_,VPWR,li1,235.2900,225.7600,1.798971
_3686_,VPWR,li1,226.3200,220.3200,1.799278
_3685_,VPWR,li1,235.7500,285.6000,1.799456
_3684_,VPWR,li1,232.3000,285.6000,1.799469
_3683_,VPWR,li1,232.9900,291.0400,1.799747
_3682_,VPWR,li1,239.8900,291.0400,1.799738
_3681_,VPWR,li1,229.5400,312.8000,1.799730
_3680_,VPWR,li1,39.7900,193.1200,1.799837
_3679_,VPWR,li1,77.9700,182.2400,1.799431
_3678_,VPWR,li1,63.2500,176.8000,1.799814
_3677_,VPWR,li1,53.3600,176.8000,1.799850
_3676_,VPWR,li1,49.4500,176.8000,1.799859
_3675_,VPWR,li1,72.4500,176.8000,1.799788
_3674_,VPWR,li1,23.4600,176.8000,1.799951
_3673_,VPWR,li1,42.5500,176.8000,1.799884
_3672_,VPWR,li1,36.3400,193.1200,1.799849
_3671_,VPWR,li1,35.6500,187.6800,1.799828
_3670_,VPWR,li1,46.4600,193.1200,1.799796
_3669_,VPWR,li1,54.9700,182.2400,1.799535
_3668_,VPWR,li1,23.0000,193.1200,1.799927
_3667_,VPWR,li1,92.0000,182.2400,1.799398
_3666_,VPWR,li1,93.8400,176.8000,1.799745
_3665_,VPWR,li1,98.6700,171.3600,1.799633
_3664_,VPWR,li1,93.1500,182.2400,1.799398
_3663_,VPWR,li1,87.4000,171.3600,1.799661
_3662_,VPWR,li1,119.1400,187.6800,1.799679
_3661_,VPWR,li1,115.4600,182.2400,1.799365
_3660_,VPWR,li1,119.3700,176.8000,1.799716
_3659_,VPWR,li1,123.0500,182.2400,1.799373
_3658_,VPWR,li1,111.3200,193.1200,1.799616
_3657_,VPWR,li1,232.7600,263.8400,1.799420
_3656_,VPWR,li1,235.0600,274.7200,1.798826
_3655_,VPWR,li1,238.7400,274.7200,1.798801
_3654_,VPWR,li1,243.1100,269.2800,1.798983
_3653_,VPWR,li1,247.2500,269.2800,1.798939
_3652_,VPWR,li1,225.4000,269.2800,1.799182
_3651_,VPWR,li1,213.9000,242.0800,1.799672
_3650_,VPWR,li1,216.2000,231.2000,1.799550
_3649_,VPWR,li1,205.8500,236.6400,1.799549
_3648_,VPWR,li1,198.7200,225.7600,1.799427
_3647_,VPWR,li1,294.6300,269.2800,1.798632
_3646_,VPWR,li1,300.3800,263.8400,1.799288
_3645_,VPWR,li1,306.5900,263.8400,1.799282
_3644_,VPWR,li1,304.2900,263.8400,1.799286
_3643_,VPWR,li1,291.4100,258.4000,1.799398
_3642_,VPWR,li1,285.6600,269.2800,1.798676
_3641_,VPWR,li1,296.7000,242.0800,1.799548
_3640_,VPWR,li1,304.0600,236.6400,1.799140
_3639_,VPWR,li1,307.9700,236.6400,1.799135
_3638_,VPWR,li1,313.0300,242.0800,1.799547
_3637_,VPWR,li1,290.2600,231.2000,1.799130
_3636_,VPWR,li1,74.9800,40.8000,1.799759
_3635_,VPWR,li1,71.0700,40.8000,1.799763
_3634_,VPWR,li1,46.9200,57.1200,1.799831
_3633_,VPWR,li1,48.0700,68.0000,1.799774
_3632_,VPWR,li1,44.3900,57.1200,1.799844
_3631_,VPWR,li1,41.1700,57.1200,1.799854
_3630_,VPWR,li1,53.1300,62.5600,1.799571
_3629_,VPWR,li1,23.0000,62.5600,1.799872
_3628_,VPWR,li1,68.7700,40.8000,1.799767
_3627_,VPWR,li1,61.6400,40.8000,1.799778
_3626_,VPWR,li1,66.0100,35.3600,1.799754
_3625_,VPWR,li1,49.2200,24.4800,1.799825
_3624_,VPWR,li1,86.4800,40.8000,1.799745
_3623_,VPWR,li1,89.7000,29.9200,1.799782
_3622_,VPWR,li1,93.6100,24.4800,1.799736
_3621_,VPWR,li1,89.4700,19.0400,1.799618
_3620_,VPWR,li1,88.7800,40.8000,1.799743
_3619_,VPWR,li1,71.9900,84.3200,1.799752
_3618_,VPWR,li1,74.5200,111.5200,1.799627
_3617_,VPWR,li1,85.3300,106.0800,1.799648
_3616_,VPWR,li1,80.7300,84.3200,1.799727
_3615_,VPWR,li1,68.5400,100.6400,1.799760
_3614_,VPWR,li1,174.8000,144.1600,1.799884
_3613_,VPWR,li1,171.3500,144.1600,1.799869
_3612_,VPWR,li1,158.2400,133.2800,1.799739
_3611_,VPWR,li1,158.2400,127.8400,1.799866
_3610_,VPWR,li1,162.6100,127.8400,1.799878
_3609_,VPWR,li1,170.4300,138.7200,1.799871
_3608_,VPWR,li1,152.2600,133.2800,1.799706
_3607_,VPWR,li1,167.4400,138.7200,1.799859
_3606_,VPWR,li1,154.5600,144.1600,1.799819
_3605_,VPWR,li1,163.0700,155.0400,1.799682
_3604_,VPWR,li1,163.9900,144.1600,1.799849
_3603_,VPWR,li1,146.7400,155.0400,1.799548
_3602_,VPWR,li1,171.3500,165.9200,1.799906
_3601_,VPWR,li1,175.4900,160.4800,1.799920
_3600_,VPWR,li1,170.4300,165.9200,1.799900
_3599_,VPWR,li1,166.0600,171.3600,1.799635
_3598_,VPWR,li1,146.7400,171.3600,1.799611
_3597_,VPWR,li1,183.7700,160.4800,1.799886
_3596_,VPWR,li1,181.7000,149.6000,1.799627
_3595_,VPWR,li1,183.0800,165.9200,1.799881
_3594_,VPWR,li1,297.1600,209.4400,1.798800
_3593_,VPWR,li1,233.9100,209.4400,1.799102
_3592_,VPWR,li1,299.0000,204.0000,1.799156
_3591_,VPWR,li1,299.9200,204.0000,1.799155
_3590_,VPWR,li1,307.0500,204.0000,1.799150
_3589_,VPWR,li1,317.1700,204.0000,1.799144
_3588_,VPWR,li1,289.8000,204.0000,1.799163
_3587_,VPWR,li1,235.5200,220.3200,1.799225
_3586_,VPWR,li1,241.7300,220.3200,1.799197
_3585_,VPWR,li1,244.4900,214.8800,1.799456
_3584_,VPWR,li1,243.5700,193.1200,1.799284
_3583_,VPWR,li1,232.3000,198.5600,1.799590
_3582_,VPWR,li1,296.2400,214.8800,1.799329
_3581_,VPWR,li1,303.6000,220.3200,1.799025
_3580_,VPWR,li1,307.5100,220.3200,1.799020
_3579_,VPWR,li1,312.1100,225.7600,1.798431
_3578_,VPWR,li1,288.4200,214.8800,1.799338
_3577_,VPWR,li1,221.4900,209.4400,1.799237
_3576_,VPWR,li1,201.9400,214.8800,1.799684
_3575_,VPWR,li1,205.8500,214.8800,1.799660
_3574_,VPWR,li1,215.5100,204.0000,1.799383
_3573_,VPWR,li1,194.5800,209.4400,1.799547
_3572_,VPWR,li1,265.4200,35.3600,1.799533
_3571_,VPWR,li1,265.1900,40.8000,1.799286
_3570_,VPWR,li1,244.2600,35.3600,1.799584
_3569_,VPWR,li1,248.4000,29.9200,1.799643
_3568_,VPWR,li1,244.0300,24.4800,1.799447
_3567_,VPWR,li1,244.9500,29.9200,1.799649
_3566_,VPWR,li1,234.6000,29.9200,1.799673
_3565_,VPWR,li1,270.0200,35.3600,1.799524
_3564_,VPWR,li1,273.9300,29.9200,1.799620
_3563_,VPWR,li1,278.5300,29.9200,1.799617
_3562_,VPWR,li1,272.0900,46.2400,1.799382
_3561_,VPWR,li1,263.1200,46.2400,1.799411
_3560_,VPWR,li1,266.3400,57.1200,1.798882
_3559_,VPWR,li1,281.9800,68.0000,1.798889
_3558_,VPWR,li1,272.5500,62.5600,1.798800
_3557_,VPWR,li1,273.0100,57.1200,1.798865
_3556_,VPWR,li1,267.7200,78.8800,1.799572
_3555_,VPWR,li1,244.4900,95.2000,1.799323
_3554_,VPWR,li1,241.5000,84.3200,1.799267
_3553_,VPWR,li1,246.7900,84.3200,1.799243
_3552_,VPWR,li1,242.1900,89.7600,1.799632
_3551_,VPWR,li1,230.0000,89.7600,1.799660
_3550_,VPWR,li1,169.7400,301.9200,1.799820
_3549_,VPWR,li1,168.1300,225.7600,1.799762
_3548_,VPWR,li1,163.3000,312.8000,1.799897
_3547_,VPWR,li1,166.9800,307.3600,1.799897
_3546_,VPWR,li1,170.8900,307.3600,1.799911
_3545_,VPWR,li1,170.8900,312.8000,1.799913
_3544_,VPWR,li1,156.8600,318.2400,1.799660
_3543_,VPWR,li1,172.9600,220.3200,1.799817
_3542_,VPWR,li1,177.7900,231.2000,1.799827
_3541_,VPWR,li1,184.6900,225.7600,1.799630
_3540_,VPWR,li1,164.9100,225.7600,1.799745
_3539_,VPWR,li1,159.6200,225.7600,1.799726
_3538_,VPWR,li1,163.7600,301.9200,1.799809
_3537_,VPWR,li1,154.5600,280.1600,1.799804
_3536_,VPWR,li1,169.9700,280.1600,1.799874
_3535_,VPWR,li1,165.8300,280.1600,1.799847
_3534_,VPWR,li1,161.9200,296.4800,1.799751
_3533_,VPWR,li1,166.7500,220.3200,1.799802
_3532_,VPWR,li1,166.5200,204.0000,1.799784
_3531_,VPWR,li1,170.8900,209.4400,1.799787
_3530_,VPWR,li1,169.9700,214.8800,1.799808
_3529_,VPWR,li1,158.7000,209.4400,1.799747
_3528_,VPWR,li1,72.9100,307.3600,1.799811
_3527_,VPWR,li1,85.7900,291.0400,1.799704
_3526_,VPWR,li1,77.9700,307.3600,1.799809
_3525_,VPWR,li1,87.8600,285.6000,1.799852
_3524_,VPWR,li1,91.7700,285.6000,1.799850
_3523_,VPWR,li1,98.2100,280.1600,1.799658
_3522_,VPWR,li1,84.4100,285.6000,1.799854
_3521_,VPWR,li1,75.9000,258.4000,1.799842
_3520_,VPWR,li1,84.8700,307.3600,1.799808
_3519_,VPWR,li1,78.6600,312.8000,1.799875
_3518_,VPWR,li1,71.9900,307.3600,1.799811
_3517_,VPWR,li1,64.8600,318.2400,1.799638
_3516_,VPWR,li1,71.7600,296.4800,1.799699
_3515_,VPWR,li1,69.6900,291.0400,1.799730
_3514_,VPWR,li1,66.0100,291.0400,1.799742
_3513_,VPWR,li1,72.9100,296.4800,1.799688
_3512_,VPWR,li1,63.2500,296.4800,1.799735
_3511_,VPWR,li1,57.5000,296.4800,1.799754
_3510_,VPWR,li1,111.0900,236.6400,1.799682
_3509_,VPWR,li1,110.4000,236.6400,1.799682
_3508_,VPWR,li1,115.2300,231.2000,1.799581
_3507_,VPWR,li1,119.3700,236.6400,1.799684
_3506_,VPWR,li1,103.9600,231.2000,1.799562
_3505_,VPWR,li1,42.3200,116.9600,1.799826
_3504_,VPWR,li1,51.2900,106.0800,1.799794
_3503_,VPWR,li1,41.4000,111.5200,1.799780
_3502_,VPWR,li1,42.3200,111.5200,1.799780
_3501_,VPWR,li1,37.4900,111.5200,1.799805
_3500_,VPWR,li1,50.3700,116.9600,1.799783
_3499_,VPWR,li1,20.2400,111.5200,1.799908
_3498_,VPWR,li1,50.8300,106.0800,1.799794
_3497_,VPWR,li1,44.6200,95.2000,1.799851
_3496_,VPWR,li1,34.2700,100.6400,1.799860
_3495_,VPWR,li1,23.4600,95.2000,1.799945
_3494_,VPWR,li1,72.2200,122.4000,1.799443
_3493_,VPWR,li1,75.9000,116.9600,1.799711
_3492_,VPWR,li1,80.7300,127.8400,1.799798
_3491_,VPWR,li1,79.8100,122.4000,1.799411
_3490_,VPWR,li1,65.7800,127.8400,1.799810
_3489_,VPWR,li1,97.7500,116.9600,1.799680
_3488_,VPWR,li1,92.4600,122.4000,1.799371
_3487_,VPWR,li1,105.1100,122.4000,1.799348
_3486_,VPWR,li1,97.7500,116.9600,1.799680
_3485_,VPWR,li1,97.9800,133.2800,1.799541
_3484_,VPWR,li1,299.0000,165.9200,1.799519
_3483_,VPWR,li1,300.1500,171.3600,1.799071
_3482_,VPWR,li1,222.6400,165.9200,1.799691
_3481_,VPWR,li1,212.5200,165.9200,1.799737
_3480_,VPWR,li1,213.6700,176.8000,1.799599
_3479_,VPWR,li1,226.5500,165.9200,1.799675
_3478_,VPWR,li1,203.3200,171.3600,1.799473
_3477_,VPWR,li1,304.0600,171.3600,1.799065
_3476_,VPWR,li1,300.3800,171.3600,1.799071
_3475_,VPWR,li1,316.7100,171.3600,1.799054
_3474_,VPWR,li1,307.5100,176.8000,1.799326
_3473_,VPWR,li1,289.3400,171.3600,1.799090
_3472_,VPWR,li1,293.2500,160.4800,1.799624
_3471_,VPWR,li1,296.9300,160.4800,1.799623
_3470_,VPWR,li1,265.6500,160.4800,1.799647
_3469_,VPWR,li1,258.9800,160.4800,1.799653
_3468_,VPWR,li1,241.9600,160.4800,1.799690
_3467_,VPWR,li1,298.3100,155.0400,1.799165
_3466_,VPWR,li1,306.8200,155.0400,1.799154
_3465_,VPWR,li1,288.4200,149.6000,1.798234
_3464_,VPWR,li1,261.5100,307.3600,1.799704
_3463_,VPWR,li1,258.2900,307.3600,1.799709
_3462_,VPWR,li1,269.7900,291.0400,1.799712
_3461_,VPWR,li1,264.7300,307.3600,1.799702
_3460_,VPWR,li1,259.4400,318.2400,1.799330
_3459_,VPWR,li1,254.1500,312.8000,1.799710
_3458_,VPWR,li1,243.3400,312.8000,1.799718
_3457_,VPWR,li1,278.7600,291.0400,1.799708
_3456_,VPWR,li1,284.5100,291.0400,1.799706
_3455_,VPWR,li1,283.5900,291.0400,1.799706
_3454_,VPWR,li1,275.7700,291.0400,1.799710
_3453_,VPWR,li1,273.2400,296.4800,1.799524
_3452_,VPWR,li1,244.7200,263.8400,1.799379
_3451_,VPWR,li1,242.6500,252.9600,1.799498
_3450_,VPWR,li1,256.9100,258.4000,1.799455
_3449_,VPWR,li1,247.7100,258.4000,1.799474
_3448_,VPWR,li1,238.9700,252.9600,1.799511
_3447_,VPWR,li1,229.0800,252.9600,1.799557
_3446_,VPWR,li1,257.3700,263.8400,1.799352
_3445_,VPWR,li1,261.2800,252.9600,1.799434
_3444_,VPWR,li1,265.6500,258.4000,1.799433
_3443_,VPWR,li1,271.6300,258.4000,1.799424
_3442_,VPWR,li1,258.5200,236.6400,1.799231
_3441_,VPWR,li1,33.8100,144.1600,1.799911
_3440_,VPWR,li1,44.8500,144.1600,1.799880
_3439_,VPWR,li1,45.0800,138.7200,1.799883
_3438_,VPWR,li1,41.6300,138.7200,1.799889
_3437_,VPWR,li1,51.7500,138.7200,1.799864
_3436_,VPWR,li1,33.8100,133.2800,1.799828
_3435_,VPWR,li1,23.0000,138.7200,1.799953
_3434_,VPWR,li1,40.0200,133.2800,1.799784
_3433_,VPWR,li1,43.0100,133.2800,1.799770
_3432_,VPWR,li1,40.0200,127.8400,1.799882
_3431_,VPWR,li1,20.2400,127.8400,1.799942
_3430_,VPWR,li1,128.3400,133.2800,1.799602
_3429_,VPWR,li1,129.7200,144.1600,1.799780
_3428_,VPWR,li1,125.1200,149.6000,1.799627
_3427_,VPWR,li1,125.3500,160.4800,1.799812
_3426_,VPWR,li1,131.7900,165.9200,1.799829
_3425_,VPWR,li1,123.7400,144.1600,1.799776
_3424_,VPWR,li1,129.4900,133.2800,1.799602
_3423_,VPWR,li1,132.2500,127.8400,1.799819
_3422_,VPWR,li1,118.9100,133.2800,1.799571
_3421_,VPWR,li1,123.0500,127.8400,1.799809
_3420_,VPWR,li1,126.0400,116.9600,1.799678
_3419_,VPWR,li1,222.8700,296.4800,1.799646
_3418_,VPWR,li1,299.6900,291.0400,1.799702
_3417_,VPWR,li1,222.4100,301.9200,1.799309
_3416_,VPWR,li1,296.4700,291.0400,1.799702
_3415_,VPWR,li1,304.7500,291.0400,1.799701
_3414_,VPWR,li1,303.3700,296.4800,1.799511
_3413_,VPWR,li1,309.8100,291.0400,1.799700
_3412_,VPWR,li1,296.9300,296.4800,1.799511
_3411_,VPWR,li1,293.9400,296.4800,1.799511
_3410_,VPWR,li1,221.0300,301.9200,1.799309
_3409_,VPWR,li1,216.2000,301.9200,1.799358
_3408_,VPWR,li1,224.7100,307.3600,1.799762
_3407_,VPWR,li1,212.5200,312.8000,1.799757
_3406_,VPWR,li1,298.0800,252.9600,1.799356
_3405_,VPWR,li1,300.1500,242.0800,1.799547
_3404_,VPWR,li1,300.6100,258.4000,1.799389
_3403_,VPWR,li1,303.8300,252.9600,1.799347
_3402_,VPWR,li1,312.5700,252.9600,1.799341
_3401_,VPWR,li1,287.5000,247.5200,1.799166
_3400_,VPWR,li1,213.6700,285.6000,1.799571
_3399_,VPWR,li1,212.9800,263.8400,1.799498
_3398_,VPWR,li1,209.5300,269.2800,1.799353
_3397_,VPWR,li1,217.3500,285.6000,1.799545
_3396_,VPWR,li1,210.2200,247.5200,1.799546
_3395_,VPWR,li1,260.5900,133.2800,1.799395
_3394_,VPWR,li1,262.4300,133.2800,1.799387
_3393_,VPWR,li1,265.1900,116.9600,1.798608
_3392_,VPWR,li1,263.1200,111.5200,1.799090
_3391_,VPWR,li1,268.4100,106.0800,1.799160
_3390_,VPWR,li1,269.7900,122.4000,1.799057
_3389_,VPWR,li1,269.5600,100.6400,1.799406
_3388_,VPWR,li1,217.3500,144.1600,1.799603
_3387_,VPWR,li1,213.9000,144.1600,1.799617
_3386_,VPWR,li1,209.9900,149.6000,1.799121
_3385_,VPWR,li1,226.3200,155.0400,1.799375
_3384_,VPWR,li1,226.0900,155.0400,1.799375
_3383_,VPWR,li1,199.1800,144.1600,1.799712
_3382_,VPWR,li1,207.0000,122.4000,1.799383
_3381_,VPWR,li1,207.0000,127.8400,1.799801
_3380_,VPWR,li1,203.0900,127.8400,1.799814
_3379_,VPWR,li1,209.0700,138.7200,1.799684
_3378_,VPWR,li1,192.7400,127.8400,1.799850
_3377_,VPWR,li1,266.3400,133.2800,1.799378
_3376_,VPWR,li1,273.2400,144.1600,1.799398
_3375_,VPWR,li1,271.1700,149.6000,1.798353
_3374_,VPWR,li1,272.5500,133.2800,1.799354
_3373_,VPWR,li1,263.1200,144.1600,1.799414
_3372_,VPWR,li1,303.6000,138.7200,1.799373
_3371_,VPWR,li1,300.1500,144.1600,1.799378
_3370_,VPWR,li1,244.7200,133.2800,1.799453
_3369_,VPWR,li1,230.9200,149.6000,1.798785
_3368_,VPWR,li1,235.2900,144.1600,1.799506
_3367_,VPWR,li1,248.6300,144.1600,1.799454
_3366_,VPWR,li1,224.9400,138.7200,1.799603
_3365_,VPWR,li1,304.0600,122.4000,1.799004
_3364_,VPWR,li1,299.9200,111.5200,1.798895
_3363_,VPWR,li1,305.6700,116.9600,1.798533
_3362_,VPWR,li1,317.1700,116.9600,1.798524
_3361_,VPWR,li1,290.7200,122.4000,1.799024
_3360_,VPWR,li1,299.4600,138.7200,1.799381
_3359_,VPWR,li1,256.4500,127.8400,1.799659
_3358_,VPWR,li1,254.8400,127.8400,1.799659
_3357_,VPWR,li1,232.7600,122.4000,1.799194
_3356_,VPWR,li1,299.9200,133.2800,1.799304
_3355_,VPWR,li1,300.3800,138.7200,1.799377
_3354_,VPWR,li1,306.1300,133.2800,1.799300
_3353_,VPWR,li1,317.1700,133.2800,1.799294
_3352_,VPWR,li1,290.7200,133.2800,1.799315
_3351_,VPWR,li1,85.1000,35.3600,1.799719
_3350_,VPWR,li1,86.4800,35.3600,1.799715
_3349_,VPWR,li1,106.9500,35.3600,1.799703
_3348_,VPWR,li1,106.4900,29.9200,1.799747
_3347_,VPWR,li1,97.2900,24.4800,1.799737
_3346_,VPWR,li1,104.1900,19.0400,1.799600
_3345_,VPWR,li1,107.6400,46.2400,1.799846
_3344_,VPWR,li1,80.2700,24.4800,1.799739
_3343_,VPWR,li1,77.2800,24.4800,1.799740
_3342_,VPWR,li1,63.4800,19.0400,1.799691
_3341_,VPWR,li1,78.6600,51.6800,1.799775
_3340_,VPWR,li1,77.2800,57.1200,1.799749
_3339_,VPWR,li1,85.3300,62.5600,1.799397
_3338_,VPWR,li1,73.3700,57.1200,1.799758
_3337_,VPWR,li1,72.9100,68.0000,1.799654
_3336_,VPWR,li1,65.3200,73.4400,1.799857
_3335_,VPWR,li1,99.3600,84.3200,1.799688
_3334_,VPWR,li1,106.7200,89.7600,1.799881
_3333_,VPWR,li1,111.0900,95.2000,1.799773
_3332_,VPWR,li1,112.0100,89.7600,1.799877
_3331_,VPWR,li1,98.9000,95.2000,1.799770
_3330_,VPWR,li1,217.1200,51.6800,1.799794
_3329_,VPWR,li1,216.4300,35.3600,1.799666
_3328_,VPWR,li1,215.2800,40.8000,1.799575
_3327_,VPWR,li1,218.9600,40.8000,1.799543
_3326_,VPWR,li1,220.1100,40.8000,1.799543
_3325_,VPWR,li1,227.0100,51.6800,1.799775
_3324_,VPWR,li1,207.0000,46.2400,1.799680
_3323_,VPWR,li1,219.1900,29.9200,1.799709
_3322_,VPWR,li1,220.3400,19.0400,1.799469
_3321_,VPWR,li1,208.8400,24.4800,1.799661
_3320_,VPWR,li1,217.3500,62.5600,1.799254
_3319_,VPWR,li1,209.5300,62.5600,1.799345
_3318_,VPWR,li1,214.1300,62.5600,1.799291
_3317_,VPWR,li1,221.0300,62.5600,1.799212
_3316_,VPWR,li1,200.5600,68.0000,1.799571
_3315_,VPWR,li1,209.7600,84.3200,1.799457
_3314_,VPWR,li1,210.2200,89.7600,1.799734
_3313_,VPWR,li1,214.1300,78.8800,1.799724
_3312_,VPWR,li1,214.1300,89.7600,1.799715
_3311_,VPWR,li1,198.2600,89.7600,1.799783
_3310_,VPWR,li1,184.2300,29.9200,1.799841
_3309_,VPWR,li1,188.1400,73.4400,1.799763
_3308_,VPWR,li1,182.3900,73.4400,1.799817
_3307_,VPWR,li1,178.2500,73.4400,1.799856
_3306_,VPWR,li1,187.9100,68.0000,1.799693
_3305_,VPWR,li1,191.1300,73.4400,1.799741
_3304_,VPWR,li1,178.4800,84.3200,1.799770
_3303_,VPWR,li1,181.9300,29.9200,1.799853
_3302_,VPWR,li1,180.3200,35.3600,1.799861
_3301_,VPWR,li1,178.9400,40.8000,1.799851
_3300_,VPWR,li1,190.2100,35.3600,1.799793
_3299_,VPWR,li1,183.7700,40.8000,1.799807
_3298_,VPWR,li1,177.5600,51.6800,1.799906
_3297_,VPWR,li1,188.6000,24.4800,1.799792
_3296_,VPWR,li1,188.8300,24.4800,1.799792
_3295_,VPWR,li1,193.4300,29.9200,1.799804
_3294_,VPWR,li1,181.4700,29.9200,1.799853
_3293_,VPWR,li1,177.5600,24.4800,1.799874
_3292_,VPWR,li1,186.5300,95.2000,1.799762
_3291_,VPWR,li1,174.3400,106.0800,1.799799
_3290_,VPWR,li1,180.5500,111.5200,1.799777
_3289_,VPWR,li1,181.9300,95.2000,1.799805
_3288_,VPWR,li1,176.6400,116.9600,1.799790
_3287_,VPWR,li1,37.0300,57.1200,1.799868
_3286_,VPWR,li1,40.7100,57.1200,1.799854
_3285_,VPWR,li1,43.2400,46.2400,1.799926
_3284_,VPWR,li1,43.4700,35.3600,1.799817
_3283_,VPWR,li1,37.9500,46.2400,1.799934
_3282_,VPWR,li1,35.1900,51.6800,1.799910
_3281_,VPWR,li1,24.8400,51.6800,1.799943
_3280_,VPWR,li1,38.8700,73.4400,1.799902
_3279_,VPWR,li1,98.9000,68.0000,1.799618
_3278_,VPWR,li1,93.8400,68.0000,1.799621
_3277_,VPWR,li1,98.6700,57.1200,1.799719
_3276_,VPWR,li1,106.0300,62.5600,1.799384
_3275_,VPWR,li1,98.9000,73.4400,1.799837
_3274_,VPWR,li1,42.3200,73.4400,1.799894
_3273_,VPWR,li1,46.6900,84.3200,1.799842
_3272_,VPWR,li1,42.0900,78.8800,1.799707
_3271_,VPWR,li1,34.7300,84.3200,1.799888
_3270_,VPWR,li1,25.7600,78.8800,1.799842
_3269_,VPWR,li1,72.4500,84.3200,1.799752
_3268_,VPWR,li1,69.0000,84.3200,1.799765
_3267_,VPWR,li1,76.1300,84.3200,1.799739
_3266_,VPWR,li1,77.5100,95.2000,1.799783
_3265_,VPWR,li1,63.4800,89.7600,1.799919
_3264_,VPWR,li1,71.9900,247.5200,1.799791
_3263_,VPWR,li1,80.7300,220.3200,1.799817
_3262_,VPWR,li1,101.2000,220.3200,1.799789
_3261_,VPWR,li1,152.7200,187.6800,1.799737
_3260_,VPWR,li1,115.2300,220.3200,1.799773
_3259_,VPWR,li1,115.2300,220.3200,1.799773
_3258_,VPWR,li1,84.8700,214.8800,1.799508
_3257_,VPWR,li1,100.7400,209.4400,1.799759
_3256_,VPWR,li1,68.3100,242.0800,1.799748
_3255_,VPWR,li1,44.8500,247.5200,1.799869
_3254_,VPWR,li1,32.8900,247.5200,1.799908
_3253_,VPWR,li1,136.8500,138.7200,1.799796
_3252_,VPWR,li1,41.1700,258.4000,1.799905
_3251_,VPWR,li1,48.9900,247.5200,1.799853
_3250_,VPWR,li1,24.3800,247.5200,1.799940
_3249_,VPWR,li1,73.3700,242.0800,1.799732
_3248_,VPWR,li1,158.4700,182.2400,1.799566
_3247_,VPWR,li1,77.9700,236.6400,1.799716
_3246_,VPWR,li1,74.7500,247.5200,1.799784
_3245_,VPWR,li1,76.1300,242.0800,1.799720
_3244_,VPWR,li1,70.1500,242.0800,1.799739
_3243_,VPWR,li1,63.0200,236.6400,1.799760
_3242_,VPWR,li1,51.2900,225.7600,1.799843
_3241_,VPWR,li1,31.7400,236.6400,1.799885
_3240_,VPWR,li1,34.7300,231.2000,1.799806
_3239_,VPWR,li1,167.2100,187.6800,1.799787
_3238_,VPWR,li1,177.7900,187.6800,1.799799
_3237_,VPWR,li1,47.1500,231.2000,1.799719
_3236_,VPWR,li1,23.9200,236.6400,1.799922
_3235_,VPWR,li1,188.3700,182.2400,1.799483
_3234_,VPWR,li1,158.4700,193.1200,1.799741
_3233_,VPWR,li1,170.8900,187.6800,1.799806
_3232_,VPWR,li1,133.1700,182.2400,1.799401
_3231_,VPWR,li1,281.2900,187.6800,1.798700
_3230_,VPWR,li1,265.4200,193.1200,1.799225
_3229_,VPWR,li1,261.9700,193.1200,1.799229
_3228_,VPWR,li1,264.5000,198.5600,1.799468
_3227_,VPWR,li1,265.6500,204.0000,1.799189
_3226_,VPWR,li1,270.7100,198.5600,1.799448
_3225_,VPWR,li1,254.8400,198.5600,1.799503
_3224_,VPWR,li1,282.2100,187.6800,1.798700
_3223_,VPWR,li1,209.7600,182.2400,1.799200
_3222_,VPWR,li1,209.7600,193.1200,1.799475
_3221_,VPWR,li1,215.0500,182.2400,1.799135
_3220_,VPWR,li1,214.1300,198.5600,1.799680
_3219_,VPWR,li1,196.8800,187.6800,1.799541
_3218_,VPWR,li1,291.1800,187.6800,1.798639
_3217_,VPWR,li1,295.0900,187.6800,1.798620
_3216_,VPWR,li1,303.8300,187.6800,1.798585
_3215_,VPWR,li1,285.8900,182.2400,1.798695
_3214_,VPWR,li1,271.8600,176.8000,1.799374
_3213_,VPWR,li1,260.1300,187.6800,1.798885
_3212_,VPWR,li1,244.2600,182.2400,1.798880
_3211_,VPWR,li1,248.1700,182.2400,1.798850
_3210_,VPWR,li1,261.0500,182.2400,1.798762
_3209_,VPWR,li1,236.9000,182.2400,1.798937
_3208_,VPWR,li1,136.6200,296.4800,1.799654
_3207_,VPWR,li1,140.0700,285.6000,1.799853
_3206_,VPWR,li1,135.2400,307.3600,1.799832
_3205_,VPWR,li1,132.4800,307.3600,1.799829
_3204_,VPWR,li1,144.2100,307.3600,1.799845
_3203_,VPWR,li1,140.0700,307.3600,1.799840
_3202_,VPWR,li1,130.1800,312.8000,1.799863
_3201_,VPWR,li1,141.2200,285.6000,1.799854
_3200_,VPWR,li1,145.1300,285.6000,1.799855
_3199_,VPWR,li1,145.1300,291.0400,1.799803
_3198_,VPWR,li1,136.3900,296.4800,1.799654
_3197_,VPWR,li1,127.4200,291.0400,1.799753
_3196_,VPWR,li1,136.1600,242.0800,1.799715
_3195_,VPWR,li1,138.0000,242.0800,1.799725
_3194_,VPWR,li1,145.1300,242.0800,1.799752
_3193_,VPWR,li1,140.0700,242.0800,1.799733
_3192_,VPWR,li1,139.3800,214.8800,1.799615
_3191_,VPWR,li1,143.2900,269.2800,1.799694
_3190_,VPWR,li1,144.9000,263.8400,1.799636
_3189_,VPWR,li1,152.9500,258.4000,1.799844
_3188_,VPWR,li1,152.0300,274.7200,1.799651
_3187_,VPWR,li1,154.1000,247.5200,1.799792
_3186_,VPWR,li1,152.0300,46.2400,1.799879
_3185_,VPWR,li1,155.0200,78.8800,1.799733
_3184_,VPWR,li1,158.4700,78.8800,1.799756
_3183_,VPWR,li1,150.8800,84.3200,1.799702
_3182_,VPWR,li1,155.7100,84.3200,1.799722
_3181_,VPWR,li1,163.0700,73.4400,1.799862
_3180_,VPWR,li1,148.1200,78.8800,1.799680
_3179_,VPWR,li1,154.7900,40.8000,1.799799
_3178_,VPWR,li1,158.2400,40.8000,1.799809
_3177_,VPWR,li1,164.4500,46.2400,1.799893
_3176_,VPWR,li1,164.9100,29.9200,1.799852
_3175_,VPWR,li1,158.9300,51.6800,1.799828
_3174_,VPWR,li1,155.0200,57.1200,1.799753
_3173_,VPWR,li1,151.8000,24.4800,1.799825
_3172_,VPWR,li1,149.5000,24.4800,1.799817
_3171_,VPWR,li1,153.4100,24.4800,1.799825
_3170_,VPWR,li1,157.5500,24.4800,1.799840
_3169_,VPWR,li1,140.3000,24.4800,1.799797
_3168_,VPWR,li1,149.2700,106.0800,1.799648
_3167_,VPWR,li1,154.1000,100.6400,1.799775
_3166_,VPWR,li1,158.0100,100.6400,1.799790
_3165_,VPWR,li1,162.6100,106.0800,1.799727
_3164_,VPWR,li1,147.6600,116.9600,1.799702
_3163_,VPWR,li1,41.8600,263.8400,1.799818
_3162_,VPWR,li1,46.6900,269.2800,1.799795
_3161_,VPWR,li1,61.1800,269.2800,1.799734
_3160_,VPWR,li1,68.0800,269.2800,1.799713
_3159_,VPWR,li1,71.5300,274.7200,1.799674
_3158_,VPWR,li1,71.9900,280.1600,1.799664
_3157_,VPWR,li1,61.6400,258.4000,1.799856
_3156_,VPWR,li1,48.5300,280.1600,1.799777
_3155_,VPWR,li1,42.7800,291.0400,1.799828
_3154_,VPWR,li1,34.7300,280.1600,1.799845
_3153_,VPWR,li1,26.6800,285.6000,1.799945
_3152_,VPWR,li1,38.1800,263.8400,1.799835
_3151_,VPWR,li1,40.9400,280.1600,1.799812
_3150_,VPWR,li1,46.6900,274.7200,1.799790
_3149_,VPWR,li1,40.2500,274.7200,1.799834
_3148_,VPWR,li1,25.7600,269.2800,1.799905
_3147_,VPWR,li1,89.9300,263.8400,1.799668
_3146_,VPWR,li1,90.1600,258.4000,1.799830
_3145_,VPWR,li1,100.5100,252.9600,1.799649
_3144_,VPWR,li1,94.0700,263.8400,1.799657
_3143_,VPWR,li1,91.5400,247.5200,1.799744
_3142_,VPWR,li1,136.3900,57.1200,1.799724
_3141_,VPWR,li1,124.6600,57.1200,1.799717
_3140_,VPWR,li1,127.6500,51.6800,1.799763
_3139_,VPWR,li1,123.7400,46.2400,1.799854
_3138_,VPWR,li1,124.4300,35.3600,1.799728
_3137_,VPWR,li1,127.6500,46.2400,1.799857
_3136_,VPWR,li1,123.2800,19.0400,1.799602
_3135_,VPWR,li1,129.0300,89.7600,1.799878
_3134_,VPWR,li1,132.0200,89.7600,1.799879
_3133_,VPWR,li1,135.9300,95.2000,1.799784
_3132_,VPWR,li1,140.0700,106.0800,1.799608
_3131_,VPWR,li1,129.0300,89.7600,1.799878
_3130_,VPWR,li1,126.0400,100.6400,1.799718
_3129_,VPWR,li1,130.6400,51.6800,1.799766
_3128_,VPWR,li1,138.4600,46.2400,1.799866
_3127_,VPWR,li1,142.3700,46.2400,1.799870
_3126_,VPWR,li1,142.8300,46.2400,1.799870
_3125_,VPWR,li1,123.2800,57.1200,1.799716
_3124_,VPWR,li1,132.7100,68.0000,1.799688
_3123_,VPWR,li1,128.8000,73.4400,1.799831
_3122_,VPWR,li1,132.2500,73.4400,1.799832
_3121_,VPWR,li1,135.0100,62.5600,1.799507
_3120_,VPWR,li1,122.8200,73.4400,1.799829
_3119_,VPWR,li1,295.0900,89.7600,1.799572
_3118_,VPWR,li1,251.6200,95.2000,1.799287
_3117_,VPWR,li1,243.5700,100.6400,1.799506
_3116_,VPWR,li1,209.3000,116.9600,1.799220
_3115_,VPWR,li1,209.5300,111.5200,1.799482
_3114_,VPWR,li1,252.7700,100.6400,1.799465
_3113_,VPWR,li1,198.7200,106.0800,1.799567
_3112_,VPWR,li1,298.3100,89.7600,1.799572
_3111_,VPWR,li1,304.0600,106.0800,1.799092
_3110_,VPWR,li1,308.4300,106.0800,1.799091
_3109_,VPWR,li1,305.6700,95.2000,1.799111
_3108_,VPWR,li1,297.8500,100.6400,1.799324
_3107_,VPWR,li1,288.4200,95.2000,1.799130
_3106_,VPWR,li1,299.4600,68.0000,1.798820
_3105_,VPWR,li1,304.0600,62.5600,1.798755
_3104_,VPWR,li1,309.8100,68.0000,1.798784
_3103_,VPWR,li1,307.9700,62.5600,1.798753
_3102_,VPWR,li1,291.6400,62.5600,1.798765
_3101_,VPWR,li1,250.4700,73.4400,1.799336
_3100_,VPWR,li1,247.0200,73.4400,1.799357
_3099_,VPWR,li1,248.1700,73.4400,1.799357
_3098_,VPWR,li1,253.6900,73.4400,1.799323
_3097_,VPWR,li1,236.4400,68.0000,1.799194
_3096_,VPWR,li1,184.0000,274.7200,1.799636
_3095_,VPWR,li1,184.0000,263.8400,1.799738
_3094_,VPWR,li1,185.3800,269.2800,1.799652
_3093_,VPWR,li1,192.9700,274.7200,1.799459
_3092_,VPWR,li1,189.2900,263.8400,1.799678
_3091_,VPWR,li1,177.5600,258.4000,1.799869
_3090_,VPWR,li1,184.9200,307.3600,1.799888
_3089_,VPWR,li1,194.1200,301.9200,1.799603
_3088_,VPWR,li1,188.8300,307.3600,1.799867
_3087_,VPWR,li1,196.6500,307.3600,1.799844
_3086_,VPWR,li1,186.7600,318.2400,1.799726
_3085_,VPWR,li1,188.8300,258.4000,1.799771
_3084_,VPWR,li1,184.0000,252.9600,1.799820
_3083_,VPWR,li1,195.2700,252.9600,1.799751
_3082_,VPWR,li1,188.8300,247.5200,1.799730
_3081_,VPWR,li1,186.9900,252.9600,1.799806
_3080_,VPWR,li1,176.6400,242.0800,1.799886
_3079_,VPWR,li1,191.8200,285.6000,1.799735
_3078_,VPWR,li1,192.2800,291.0400,1.799847
_3077_,VPWR,li1,196.6500,285.6000,1.799695
_3076_,VPWR,li1,204.0100,285.6000,1.799645
_3075_,VPWR,li1,182.6200,291.0400,1.799887
_3074_,VPWR,li1,42.0900,209.4400,1.799907
_3073_,VPWR,li1,45.5400,204.0000,1.799872
_3072_,VPWR,li1,110.6300,204.0000,1.799722
_3071_,VPWR,li1,129.7200,193.1200,1.799649
_3070_,VPWR,li1,141.9100,193.1200,1.799684
_3069_,VPWR,li1,119.3700,198.5600,1.799738
_3068_,VPWR,li1,138.0000,198.5600,1.799767
_3067_,VPWR,li1,46.2300,198.5600,1.799820
_3066_,VPWR,li1,72.2200,204.0000,1.799795
_3065_,VPWR,li1,80.5000,204.0000,1.799776
_3064_,VPWR,li1,80.7300,198.5600,1.799739
_3063_,VPWR,li1,80.7300,198.5600,1.799739
_3062_,VPWR,li1,65.7800,198.5600,1.799769
_3061_,VPWR,li1,44.1600,198.5600,1.799827
_3060_,VPWR,li1,40.2500,204.0000,1.799888
_3059_,VPWR,li1,51.2900,204.0000,1.799852
_3058_,VPWR,li1,31.9700,209.4400,1.799939
_3057_,VPWR,li1,23.0000,204.0000,1.799946
_3056_,VPWR,li1,42.5500,209.4400,1.799907
_3055_,VPWR,li1,33.5800,225.7600,1.799913
_3054_,VPWR,li1,35.6500,214.8800,1.799765
_3053_,VPWR,li1,47.1500,214.8800,1.799687
_3052_,VPWR,li1,23.0000,220.3200,1.799948
_3051_,VPWR,li1,109.9400,274.7200,1.799534
_3050_,VPWR,li1,118.9100,274.7200,1.799532
_3049_,VPWR,li1,115.4600,280.1600,1.799690
_3048_,VPWR,li1,119.1400,280.1600,1.799698
_3047_,VPWR,li1,127.6500,274.7200,1.799557
_3046_,VPWR,li1,124.8900,280.1600,1.799712
_3045_,VPWR,li1,113.6200,269.2800,1.799645
_3044_,VPWR,li1,135.9300,269.2800,1.799676
_3043_,VPWR,li1,134.3200,258.4000,1.799829
_3042_,VPWR,li1,121.6700,252.9600,1.799683
_3041_,VPWR,li1,117.3000,247.5200,1.799730
_3040_,VPWR,li1,103.9600,285.6000,1.799845
_3039_,VPWR,li1,102.5800,285.6000,1.799846
_3038_,VPWR,li1,106.4900,280.1600,1.799669
_3037_,VPWR,li1,111.0900,291.0400,1.799717
_3036_,VPWR,li1,95.6800,296.4800,1.799613
_3035_,VPWR,li1,112.4700,301.9200,1.799780
_3034_,VPWR,li1,109.4800,312.8000,1.799862
_3033_,VPWR,li1,106.4900,312.8000,1.799862
_3032_,VPWR,li1,117.0700,312.8000,1.799862
_3031_,VPWR,li1,100.2800,318.2400,1.799485
_3030_,VPWR,li1,65.0900,160.4800,1.799873
_3029_,VPWR,li1,65.3200,165.9200,1.799836
_3028_,VPWR,li1,60.9500,160.4800,1.799881
_3027_,VPWR,li1,72.6800,149.6000,1.799706
_3026_,VPWR,li1,78.8900,149.6000,1.799694
_3025_,VPWR,li1,79.3500,160.4800,1.799846
_3024_,VPWR,li1,65.7800,149.6000,1.799723
_3023_,VPWR,li1,93.1500,160.4800,1.799828
_3022_,VPWR,li1,103.5000,160.4800,1.799819
_3021_,VPWR,li1,106.4900,155.0400,1.799379
_3020_,VPWR,li1,105.1100,165.9200,1.799810
_3019_,VPWR,li1,98.6700,160.4800,1.799823
_3018_,VPWR,li1,95.6800,149.6000,1.799657
_3017_,VPWR,li1,44.6200,155.0400,1.799657
_3016_,VPWR,li1,46.9200,149.6000,1.799782
_3015_,VPWR,li1,47.6100,155.0400,1.799629
_3014_,VPWR,li1,42.0900,160.4800,1.799925
_3013_,VPWR,li1,21.6200,149.6000,1.799918
_3012_,VPWR,li1,55.4300,160.4800,1.799894
_3011_,VPWR,li1,34.9600,176.8000,1.799911
_3010_,VPWR,li1,36.1100,171.3600,1.799857
_3009_,VPWR,li1,60.4900,171.3600,1.799749
_3008_,VPWR,li1,19.3200,160.4800,1.799968
_3007_,VPWR,li1,280.8300,35.3600,1.799503
_3006_,VPWR,li1,292.7900,35.3600,1.799481
_3005_,VPWR,li1,253.4600,40.8000,1.799346
_3004_,VPWR,li1,256.6800,35.3600,1.799552
_3003_,VPWR,li1,263.3500,24.4800,1.799371
_3002_,VPWR,li1,257.3700,29.9200,1.799634
_3001_,VPWR,li1,244.7200,46.2400,1.799485
_3000_,VPWR,li1,235.5200,100.6400,1.799543
_2999_,VPWR,li1,242.4200,111.5200,1.799216
_2998_,VPWR,li1,236.6700,106.0800,1.799311
_2997_,VPWR,li1,247.2500,111.5200,1.799183
_2996_,VPWR,li1,224.4800,106.0800,1.799383
_2995_,VPWR,li1,293.4800,73.4400,1.799128
_2994_,VPWR,li1,299.4600,78.8800,1.799515
_2993_,VPWR,li1,311.1900,78.8800,1.799508
_2992_,VPWR,li1,302.9100,84.3200,1.799119
_2991_,VPWR,li1,284.7400,78.8800,1.799537
_2990_,VPWR,li1,299.0000,29.9200,1.799612
_2989_,VPWR,li1,299.6900,40.8000,1.799155
_2988_,VPWR,li1,304.7500,40.8000,1.799151
_2987_,VPWR,li1,287.7300,46.2400,1.799349
_2986_,VPWR,li1,284.7400,40.8000,1.799201
_2985_,VPWR,li1,246.7900,296.4800,1.799576
_2984_,VPWR,li1,247.4800,236.6400,1.799276
_2983_,VPWR,li1,248.6300,231.2000,1.799346
_2982_,VPWR,li1,228.1600,236.6400,1.799382
_2981_,VPWR,li1,233.9100,231.2000,1.799439
_2980_,VPWR,li1,242.1900,242.0800,1.799597
_2979_,VPWR,li1,225.8600,214.8800,1.799543
_2978_,VPWR,li1,243.5700,296.4800,1.799581
_2977_,VPWR,li1,257.6000,285.6000,1.799381
_2976_,VPWR,li1,261.2800,285.6000,1.799369
_2975_,VPWR,li1,261.0500,274.7200,1.798574
_2974_,VPWR,li1,266.1100,285.6000,1.799356
_2973_,VPWR,li1,255.3000,296.4800,1.799552
_2972_,VPWR,li1,239.6600,296.4800,1.799591
_2971_,VPWR,li1,234.3700,296.4800,1.799606
_2970_,VPWR,li1,241.2700,296.4800,1.799591
_2969_,VPWR,li1,238.9700,307.3600,1.799736
_2968_,VPWR,li1,230.4600,307.3600,1.799750
_2967_,VPWR,li1,261.5100,231.2000,1.799262
_2966_,VPWR,li1,265.4200,225.7600,1.798682
_2965_,VPWR,li1,269.7900,225.7600,1.798653
_2964_,VPWR,li1,269.7900,231.2000,1.799216
_2963_,VPWR,li1,258.5200,220.3200,1.799132
_2962_,VPWR,li1,68.3100,182.2400,1.799463
_2961_,VPWR,li1,74.0600,182.2400,1.799437
_2960_,VPWR,li1,97.7500,176.8000,1.799740
_2959_,VPWR,li1,93.8400,176.8000,1.799745
_2958_,VPWR,li1,98.2100,182.2400,1.799386
_2957_,VPWR,li1,102.8100,176.8000,1.799734
_2956_,VPWR,li1,87.4000,176.8000,1.799754
_2955_,VPWR,li1,110.6300,182.2400,1.799370
_2954_,VPWR,li1,49.2200,182.2400,1.799573
_2953_,VPWR,li1,47.3800,187.6800,1.799770
_2952_,VPWR,li1,54.5100,187.6800,1.799751
_2951_,VPWR,li1,39.7900,187.6800,1.799810
_2950_,VPWR,li1,20.7000,187.6800,1.799927
_2949_,VPWR,li1,119.1400,187.6800,1.799679
_2948_,VPWR,li1,125.8100,187.6800,1.799685
_2947_,VPWR,li1,127.1900,182.2400,1.799383
_2946_,VPWR,li1,110.1700,182.2400,1.799370
_2945_,VPWR,li1,109.0200,187.6800,1.799674
_2944_,VPWR,li1,60.0300,176.8000,1.799824
_2943_,VPWR,li1,48.3000,176.8000,1.799868
_2942_,VPWR,li1,49.4500,165.9200,1.799868
_2941_,VPWR,li1,67.8500,176.8000,1.799800
_2940_,VPWR,li1,23.4600,176.8000,1.799951
_2939_,VPWR,li1,291.1800,274.7200,1.798465
_2938_,VPWR,li1,291.8700,236.6400,1.799155
_2937_,VPWR,li1,242.4200,269.2800,1.799008
_2936_,VPWR,li1,241.0400,263.8400,1.799391
_2935_,VPWR,li1,244.9500,280.1600,1.799583
_2934_,VPWR,li1,249.0900,280.1600,1.799571
_2933_,VPWR,li1,229.0800,269.2800,1.799135
_2932_,VPWR,li1,303.6000,231.2000,1.799106
_2931_,VPWR,li1,312.5700,236.6400,1.799132
_2930_,VPWR,li1,308.8900,231.2000,1.799098
_2929_,VPWR,li1,293.2500,242.0800,1.799548
_2928_,VPWR,li1,289.3400,236.6400,1.799159
_2927_,VPWR,li1,291.6400,263.8400,1.799297
_2926_,VPWR,li1,299.9200,269.2800,1.798604
_2925_,VPWR,li1,299.6900,269.2800,1.798604
_2924_,VPWR,li1,304.7500,274.7200,1.798460
_2923_,VPWR,li1,284.7400,263.8400,1.799305
_2922_,VPWR,li1,210.4500,242.0800,1.799692
_2921_,VPWR,li1,208.8400,236.6400,1.799528
_2920_,VPWR,li1,209.5300,225.7600,1.799279
_2919_,VPWR,li1,218.7300,231.2000,1.799526
_2918_,VPWR,li1,198.7200,231.2000,1.799663
_2917_,VPWR,li1,71.9900,40.8000,1.799763
_2916_,VPWR,li1,56.5800,51.6800,1.799837
_2915_,VPWR,li1,55.4300,46.2400,1.799902
_2914_,VPWR,li1,52.4400,46.2400,1.799907
_2913_,VPWR,li1,56.3500,46.2400,1.799902
_2912_,VPWR,li1,61.4100,46.2400,1.799891
_2911_,VPWR,li1,48.7600,24.4800,1.799825
_2910_,VPWR,li1,50.3700,57.1200,1.799818
_2909_,VPWR,li1,33.5800,62.5600,1.799757
_2908_,VPWR,li1,37.0300,57.1200,1.799868
_2907_,VPWR,li1,54.0500,57.1200,1.799808
_2906_,VPWR,li1,23.0000,68.0000,1.799924
_2905_,VPWR,li1,78.4300,35.3600,1.799729
_2904_,VPWR,li1,75.4400,78.8800,1.799531
_2903_,VPWR,li1,78.2000,106.0800,1.799680
_2902_,VPWR,li1,80.7300,106.0800,1.799665
_2901_,VPWR,li1,83.4900,78.8800,1.799514
_2900_,VPWR,li1,69.0000,106.0800,1.799712
_2899_,VPWR,li1,86.0200,29.9200,1.799792
_2898_,VPWR,li1,87.8600,29.9200,1.799787
_2897_,VPWR,li1,93.6100,29.9200,1.799774
_2896_,VPWR,li1,89.4700,24.4800,1.799736
_2895_,VPWR,li1,89.7000,46.2400,1.799858
_2894_,VPWR,li1,162.6100,116.9600,1.799741
_2893_,VPWR,li1,165.1400,133.2800,1.799776
_2892_,VPWR,li1,166.2900,122.4000,1.799670
_2891_,VPWR,li1,158.2400,133.2800,1.799739
_2890_,VPWR,li1,158.0100,122.4000,1.799592
_2889_,VPWR,li1,170.4300,133.2800,1.799805
_2888_,VPWR,li1,151.8000,133.2800,1.799706
_2887_,VPWR,li1,152.0300,176.8000,1.799763
_2886_,VPWR,li1,155.0200,165.9200,1.799867
_2885_,VPWR,li1,158.0100,171.3600,1.799624
_2884_,VPWR,li1,166.2900,165.9200,1.799893
_2883_,VPWR,li1,173.1900,149.6000,1.799728
_2882_,VPWR,li1,146.2800,165.9200,1.799852
_2881_,VPWR,li1,143.5200,160.4800,1.799832
_2880_,VPWR,li1,151.3400,149.6000,1.799637
_2879_,VPWR,li1,158.9300,155.0400,1.799642
_2878_,VPWR,li1,163.5300,160.4800,1.799882
_2877_,VPWR,li1,146.7400,149.6000,1.799634
_2876_,VPWR,li1,175.4900,138.7200,1.799887
_2875_,VPWR,li1,181.2400,155.0400,1.799715
_2874_,VPWR,li1,187.9100,149.6000,1.799512
_2873_,VPWR,li1,179.6300,138.7200,1.799860
_2872_,VPWR,li1,181.7000,165.9200,1.799881
_2871_,VPWR,li1,293.0200,209.4400,1.798804
_2870_,VPWR,li1,291.8700,214.8800,1.799334
_2869_,VPWR,li1,295.3200,204.0000,1.799158
_2868_,VPWR,li1,303.6000,204.0000,1.799153
_2867_,VPWR,li1,312.5700,204.0000,1.799147
_2866_,VPWR,li1,307.5100,204.0000,1.799150
_2865_,VPWR,li1,289.3400,198.5600,1.799403
_2864_,VPWR,li1,302.6800,214.8800,1.799321
_2863_,VPWR,li1,312.1100,220.3200,1.799017
_2862_,VPWR,li1,307.9700,214.8800,1.799314
_2861_,VPWR,li1,293.7100,214.8800,1.799331
_2860_,VPWR,li1,287.5000,220.3200,1.799049
_2859_,VPWR,li1,209.3000,204.0000,1.799451
_2858_,VPWR,li1,208.3800,204.0000,1.799451
_2857_,VPWR,li1,214.1300,209.4400,1.799309
_2856_,VPWR,li1,209.9900,214.8800,1.799637
_2855_,VPWR,li1,195.5000,204.0000,1.799576
_2854_,VPWR,li1,245.4100,225.7600,1.798857
_2853_,VPWR,li1,247.4800,209.4400,1.798983
_2852_,VPWR,li1,239.8900,209.4400,1.799047
_2851_,VPWR,li1,249.0900,214.8800,1.799433
_2850_,VPWR,li1,233.2200,198.5600,1.799590
_2849_,VPWR,li1,269.1000,35.3600,1.799529
_2848_,VPWR,li1,240.8100,35.3600,1.799589
_2847_,VPWR,li1,243.8000,24.4800,1.799447
_2846_,VPWR,li1,243.5700,19.0400,1.799360
_2845_,VPWR,li1,248.1700,35.3600,1.799574
_2844_,VPWR,li1,240.3500,40.8000,1.799421
_2843_,VPWR,li1,233.2200,29.9200,1.799673
_2842_,VPWR,li1,269.1000,40.8000,1.799274
_2841_,VPWR,li1,270.4800,29.9200,1.799623
_2840_,VPWR,li1,269.7900,29.9200,1.799623
_2839_,VPWR,li1,273.9300,35.3600,1.799518
_2838_,VPWR,li1,263.5800,51.6800,1.799748
_2837_,VPWR,li1,237.8200,84.3200,1.799289
_2836_,VPWR,li1,240.1200,78.8800,1.799641
_2835_,VPWR,li1,246.7900,89.7600,1.799624
_2834_,VPWR,li1,241.2700,84.3200,1.799267
_2833_,VPWR,li1,230.0000,84.3200,1.799318
_2832_,VPWR,li1,257.8300,51.6800,1.799750
_2831_,VPWR,li1,265.8800,68.0000,1.798972
_2830_,VPWR,li1,269.5600,57.1200,1.798875
_2829_,VPWR,li1,266.1100,57.1200,1.798882
_2828_,VPWR,li1,271.1700,73.4400,1.799220
_2827_,VPWR,li1,265.8800,78.8800,1.799576
_2826_,VPWR,li1,161.9200,242.0800,1.799820
_2825_,VPWR,li1,165.8300,236.6400,1.799786
_2824_,VPWR,li1,162.3800,209.4400,1.799760
_2823_,VPWR,li1,166.9800,209.4400,1.799775
_2822_,VPWR,li1,175.4900,214.8800,1.799855
_2821_,VPWR,li1,170.4300,204.0000,1.799797
_2820_,VPWR,li1,155.9400,204.0000,1.799753
_2819_,VPWR,li1,171.1200,231.2000,1.799818
_2818_,VPWR,li1,174.5700,225.7600,1.799792
_2817_,VPWR,li1,178.7100,231.2000,1.799827
_2816_,VPWR,li1,162.6100,236.6400,1.799777
_2815_,VPWR,li1,159.1600,231.2000,1.799731
_2814_,VPWR,li1,159.6200,312.8000,1.799892
_2813_,VPWR,li1,164.2200,312.8000,1.799900
_2812_,VPWR,li1,175.4900,318.2400,1.799816
_2811_,VPWR,li1,170.8900,312.8000,1.799913
_2810_,VPWR,li1,155.9400,312.8000,1.799886
_2809_,VPWR,li1,162.1500,274.7200,1.799696
_2808_,VPWR,li1,162.3800,285.6000,1.799872
_2807_,VPWR,li1,166.2900,285.6000,1.799876
_2806_,VPWR,li1,165.8300,274.7200,1.799706
_2805_,VPWR,li1,164.6800,291.0400,1.799867
_2804_,VPWR,li1,68.3100,296.4800,1.799707
_2803_,VPWR,li1,76.8200,301.9200,1.799825
_2802_,VPWR,li1,81.1900,285.6000,1.799855
_2801_,VPWR,li1,85.1000,274.7200,1.799613
_2800_,VPWR,li1,90.3900,274.7200,1.799596
_2799_,VPWR,li1,93.6100,274.7200,1.799583
_2798_,VPWR,li1,77.2800,258.4000,1.799842
_2797_,VPWR,li1,68.3100,296.4800,1.799707
_2796_,VPWR,li1,72.2200,291.0400,1.799720
_2795_,VPWR,li1,76.1300,296.4800,1.799675
_2794_,VPWR,li1,66.9300,291.0400,1.799742
_2793_,VPWR,li1,65.5500,296.4800,1.799719
_2792_,VPWR,li1,57.5000,301.9200,1.799862
_2791_,VPWR,li1,106.7200,236.6400,1.799682
_2790_,VPWR,li1,111.3200,231.2000,1.799574
_2789_,VPWR,li1,119.3700,231.2000,1.799588
_2788_,VPWR,li1,118.4500,231.2000,1.799588
_2787_,VPWR,li1,103.0400,225.7600,1.799690
_2786_,VPWR,li1,77.0500,301.9200,1.799825
_2785_,VPWR,li1,72.2200,312.8000,1.799886
_2784_,VPWR,li1,76.1300,312.8000,1.799878
_2783_,VPWR,li1,80.7300,307.3600,1.799809
_2782_,VPWR,li1,64.8600,312.8000,1.799894
_2781_,VPWR,li1,92.6900,106.0800,1.799623
_2780_,VPWR,li1,45.0800,106.0800,1.799825
_2779_,VPWR,li1,42.5500,106.0800,1.799833
_2778_,VPWR,li1,34.5000,95.2000,1.799890
_2777_,VPWR,li1,38.4100,95.2000,1.799874
_2776_,VPWR,li1,46.6900,100.6400,1.799818
_2775_,VPWR,li1,23.9200,95.2000,1.799936
_2774_,VPWR,li1,89.0100,122.4000,1.799377
_2773_,VPWR,li1,93.8400,116.9600,1.799684
_2772_,VPWR,li1,101.4300,111.5200,1.799594
_2771_,VPWR,li1,101.4300,116.9600,1.799677
_2770_,VPWR,li1,90.8500,122.4000,1.799371
_2769_,VPWR,li1,96.6000,127.8400,1.799799
_2768_,VPWR,li1,80.9600,116.9600,1.799702
_2767_,VPWR,li1,75.9000,122.4000,1.799431
_2766_,VPWR,li1,85.3300,122.4000,1.799389
_2765_,VPWR,li1,80.7300,127.8400,1.799798
_2764_,VPWR,li1,69.0000,122.4000,1.799461
_2763_,VPWR,li1,46.2300,111.5200,1.799749
_2762_,VPWR,li1,29.4400,106.0800,1.799901
_2761_,VPWR,li1,34.7300,106.0800,1.799870
_2760_,VPWR,li1,47.1500,111.5200,1.799749
_2759_,VPWR,li1,20.2400,106.0800,1.799938
_2758_,VPWR,li1,293.7100,160.4800,1.799624
_2757_,VPWR,li1,256.2200,165.9200,1.799585
_2756_,VPWR,li1,221.4900,171.3600,1.799347
_2755_,VPWR,li1,218.0400,165.9200,1.799708
_2754_,VPWR,li1,214.1300,165.9200,1.799723
_2753_,VPWR,li1,222.4100,171.3600,1.799347
_2752_,VPWR,li1,202.4000,165.9200,1.799773
_2751_,VPWR,li1,296.9300,160.4800,1.799623
_2750_,VPWR,li1,303.6000,160.4800,1.799621
_2749_,VPWR,li1,310.7300,160.4800,1.799620
_2748_,VPWR,li1,306.5900,160.4800,1.799621
_2747_,VPWR,li1,294.1700,155.0400,1.799172
_2746_,VPWR,li1,287.5000,155.0400,1.799180
_2745_,VPWR,li1,296.7000,171.3600,1.799076
_2744_,VPWR,li1,304.0600,165.9200,1.799512
_2743_,VPWR,li1,312.5700,165.9200,1.799505
_2742_,VPWR,li1,304.7500,171.3600,1.799065
_2741_,VPWR,li1,288.8800,165.9200,1.799530
_2740_,VPWR,li1,248.6300,171.3600,1.799221
_2739_,VPWR,li1,251.6200,155.0400,1.799278
_2738_,VPWR,li1,253.6900,165.9200,1.799591
_2737_,VPWR,li1,261.0500,165.9200,1.799574
_2736_,VPWR,li1,240.5800,160.4800,1.799690
_2735_,VPWR,li1,252.3100,307.3600,1.799717
_2734_,VPWR,li1,269.7900,291.0400,1.799712
_2733_,VPWR,li1,279.2200,285.6000,1.799315
_2732_,VPWR,li1,281.2900,285.6000,1.799306
_2731_,VPWR,li1,287.7300,291.0400,1.799705
_2730_,VPWR,li1,273.4700,291.0400,1.799711
_2729_,VPWR,li1,271.8600,301.9200,1.798887
_2728_,VPWR,li1,246.5600,247.5200,1.799324
_2727_,VPWR,li1,246.1000,252.9600,1.799482
_2726_,VPWR,li1,252.7700,258.4000,1.799461
_2725_,VPWR,li1,244.0300,258.4000,1.799484
_2724_,VPWR,li1,229.5400,252.9600,1.799557
_2723_,VPWR,li1,261.9700,307.3600,1.799704
_2722_,VPWR,li1,257.1400,312.8000,1.799708
_2721_,VPWR,li1,261.0500,312.8000,1.799706
_2720_,VPWR,li1,253.2300,318.2400,1.799335
_2719_,VPWR,li1,251.8500,312.8000,1.799712
_2718_,VPWR,li1,243.3400,312.8000,1.799718
_2717_,VPWR,li1,260.8200,258.4000,1.799444
_2716_,VPWR,li1,257.6000,252.9600,1.799445
_2715_,VPWR,li1,265.6500,263.8400,1.799337
_2714_,VPWR,li1,269.7900,258.4000,1.799427
_2713_,VPWR,li1,258.0600,242.0800,1.799571
_2712_,VPWR,li1,54.9700,138.7200,1.799855
_2711_,VPWR,li1,55.6600,144.1600,1.799847
_2710_,VPWR,li1,51.2900,138.7200,1.799864
_2709_,VPWR,li1,37.7200,144.1600,1.799897
_2708_,VPWR,li1,37.4900,138.7200,1.799901
_2707_,VPWR,li1,54.9700,133.2800,1.799692
_2706_,VPWR,li1,21.6200,138.7200,1.799953
_2705_,VPWR,li1,112.4700,138.7200,1.799785
_2704_,VPWR,li1,127.8800,127.8400,1.799815
_2703_,VPWR,li1,132.2500,133.2800,1.799617
_2702_,VPWR,li1,114.7700,133.2800,1.799559
_2701_,VPWR,li1,126.0400,122.4000,1.799409
_2700_,VPWR,li1,48.0700,133.2800,1.799729
_2699_,VPWR,li1,46.2300,133.2800,1.799741
_2698_,VPWR,li1,34.0400,127.8400,1.799902
_2697_,VPWR,li1,36.5700,127.8400,1.799892
_2696_,VPWR,li1,45.7700,127.8400,1.799864
_2695_,VPWR,li1,20.2400,122.4000,1.799859
_2694_,VPWR,li1,116.1500,155.0400,1.799397
_2693_,VPWR,li1,121.4400,149.6000,1.799629
_2692_,VPWR,li1,124.8900,155.0400,1.799427
_2691_,VPWR,li1,129.0300,155.0400,1.799446
_2690_,VPWR,li1,123.2800,133.2800,1.799585
_2689_,VPWR,li1,122.3600,138.7200,1.799788
_2688_,VPWR,li1,221.9500,291.0400,1.799767
_2687_,VPWR,li1,213.4400,285.6000,1.799571
_2686_,VPWR,li1,217.8100,274.7200,1.799039
_2685_,VPWR,li1,214.3600,274.7200,1.799097
_2684_,VPWR,li1,215.0500,274.7200,1.799097
_2683_,VPWR,li1,213.6700,269.2800,1.799305
_2682_,VPWR,li1,210.2200,252.9600,1.799653
_2681_,VPWR,li1,295.5500,263.8400,1.799293
_2680_,VPWR,li1,299.9200,252.9600,1.799352
_2679_,VPWR,li1,317.1700,252.9600,1.799338
_2678_,VPWR,li1,307.9700,252.9600,1.799343
_2677_,VPWR,li1,292.7900,258.4000,1.799398
_2676_,VPWR,li1,286.5800,252.9600,1.799372
_2675_,VPWR,li1,298.5400,285.6000,1.799267
_2674_,VPWR,li1,303.1400,291.0400,1.799701
_2673_,VPWR,li1,311.6500,285.6000,1.799251
_2672_,VPWR,li1,305.6700,280.1600,1.799462
_2671_,VPWR,li1,293.4800,301.9200,1.798821
_2670_,VPWR,li1,214.5900,291.0400,1.799781
_2669_,VPWR,li1,222.6400,307.3600,1.799769
_2668_,VPWR,li1,214.1300,307.3600,1.799786
_2667_,VPWR,li1,217.3500,296.4800,1.799664
_2666_,VPWR,li1,211.6000,318.2400,1.799514
_2665_,VPWR,li1,267.9500,127.8400,1.799639
_2664_,VPWR,li1,214.8200,127.8400,1.799771
_2663_,VPWR,li1,205.8500,127.8400,1.799801
_2662_,VPWR,li1,202.4000,127.8400,1.799814
_2661_,VPWR,li1,202.6300,122.4000,1.799432
_2660_,VPWR,li1,209.5300,127.8400,1.799787
_2659_,VPWR,li1,192.7400,127.8400,1.799850
_2658_,VPWR,li1,272.5500,122.4000,1.799051
_2657_,VPWR,li1,268.6400,133.2800,1.799367
_2656_,VPWR,li1,276.4600,138.7200,1.799429
_2655_,VPWR,li1,273.9300,138.7200,1.799435
_2654_,VPWR,li1,273.4700,149.6000,1.798329
_2653_,VPWR,li1,263.5800,138.7200,1.799465
_2652_,VPWR,li1,269.1000,122.4000,1.799057
_2651_,VPWR,li1,270.7100,111.5200,1.799037
_2650_,VPWR,li1,266.5700,111.5200,1.799061
_2649_,VPWR,li1,277.6100,122.4000,1.799042
_2648_,VPWR,li1,270.4800,95.2000,1.799175
_2647_,VPWR,li1,197.1100,165.9200,1.799798
_2646_,VPWR,li1,212.0600,160.4800,1.799778
_2645_,VPWR,li1,209.0700,155.0400,1.799455
_2644_,VPWR,li1,219.1900,160.4800,1.799752
_2643_,VPWR,li1,199.1800,149.6000,1.799319
_2642_,VPWR,li1,296.4700,133.2800,1.799307
_2641_,VPWR,li1,298.7700,127.8400,1.799603
_2640_,VPWR,li1,241.2700,133.2800,1.799460
_2639_,VPWR,li1,305.9000,127.8400,1.799597
_2638_,VPWR,li1,310.2700,133.2800,1.799298
_2637_,VPWR,li1,310.7300,133.2800,1.799298
_2636_,VPWR,li1,296.0100,127.8400,1.799605
_2635_,VPWR,li1,289.8000,138.7200,1.799398
_2634_,VPWR,li1,244.7200,127.8400,1.799680
_2633_,VPWR,li1,252.7700,133.2800,1.799419
_2632_,VPWR,li1,248.1700,127.8400,1.799672
_2631_,VPWR,li1,244.9500,127.8400,1.799680
_2630_,VPWR,li1,232.3000,127.8400,1.799712
_2629_,VPWR,li1,298.5400,116.9600,1.798542
_2628_,VPWR,li1,306.8200,122.4000,1.799000
_2627_,VPWR,li1,309.8100,116.9600,1.798528
_2626_,VPWR,li1,310.7300,122.4000,1.798996
_2625_,VPWR,li1,290.2600,116.9600,1.798555
_2624_,VPWR,li1,239.6600,133.2800,1.799467
_2623_,VPWR,li1,241.9600,138.7200,1.799530
_2622_,VPWR,li1,244.4900,144.1600,1.799469
_2621_,VPWR,li1,239.8900,144.1600,1.799487
_2620_,VPWR,li1,224.9400,133.2800,1.799531
_2619_,VPWR,li1,75.4400,35.3600,1.799734
_2618_,VPWR,li1,81.1900,40.8000,1.799750
_2617_,VPWR,li1,95.6800,84.3200,1.799695
_2616_,VPWR,li1,103.0400,84.3200,1.799684
_2615_,VPWR,li1,106.4900,100.6400,1.799704
_2614_,VPWR,li1,109.7100,84.3200,1.799677
_2613_,VPWR,li1,100.2800,100.6400,1.799705
_2612_,VPWR,li1,90.6200,35.3600,1.799709
_2611_,VPWR,li1,105.1100,35.3600,1.799701
_2610_,VPWR,li1,107.1800,24.4800,1.799744
_2609_,VPWR,li1,107.1800,40.8000,1.799730
_2608_,VPWR,li1,80.5000,40.8000,1.799752
_2607_,VPWR,li1,73.1400,29.9200,1.799822
_2606_,VPWR,li1,68.0800,29.9200,1.799835
_2605_,VPWR,li1,80.7300,19.0400,1.799640
_2604_,VPWR,li1,73.3700,19.0400,1.799657
_2603_,VPWR,li1,63.4800,24.4800,1.799766
_2602_,VPWR,li1,72.2200,51.6800,1.799792
_2601_,VPWR,li1,72.6800,62.5600,1.799436
_2600_,VPWR,li1,76.5900,62.5600,1.799419
_2599_,VPWR,li1,72.4500,57.1200,1.799758
_2598_,VPWR,li1,65.7800,68.0000,1.799691
_2597_,VPWR,li1,213.2100,35.3600,1.799675
_2596_,VPWR,li1,210.4500,78.8800,1.799738
_2595_,VPWR,li1,213.9000,51.6800,1.799804
_2594_,VPWR,li1,221.7200,57.1200,1.799150
_2593_,VPWR,li1,220.5700,46.2400,1.799602
_2592_,VPWR,li1,222.4100,46.2400,1.799586
_2591_,VPWR,li1,207.0000,46.2400,1.799680
_2590_,VPWR,li1,205.1600,84.3200,1.799492
_2589_,VPWR,li1,220.5700,84.3200,1.799357
_2588_,VPWR,li1,214.5900,84.3200,1.799405
_2587_,VPWR,li1,206.7700,78.8800,1.799752
_2586_,VPWR,li1,197.8000,84.3200,1.799566
_2585_,VPWR,li1,218.2700,29.9200,1.799709
_2584_,VPWR,li1,209.7600,57.1200,1.799303
_2583_,VPWR,li1,213.4400,57.1200,1.799275
_2582_,VPWR,li1,214.1300,57.1200,1.799244
_2581_,VPWR,li1,220.1100,68.0000,1.799347
_2580_,VPWR,li1,200.5600,62.5600,1.799454
_2579_,VPWR,li1,217.5800,24.4800,1.799595
_2578_,VPWR,li1,226.5500,19.0400,1.799427
_2577_,VPWR,li1,219.6500,24.4800,1.799581
_2576_,VPWR,li1,218.2700,35.3600,1.799657
_2575_,VPWR,li1,207.4600,24.4800,1.799661
_2574_,VPWR,li1,182.8500,35.3600,1.799840
_2573_,VPWR,li1,182.6200,40.8000,1.799807
_2572_,VPWR,li1,186.9900,29.9200,1.799833
_2571_,VPWR,li1,183.7700,24.4800,1.799838
_2570_,VPWR,li1,184.9200,24.4800,1.799819
_2569_,VPWR,li1,189.2900,19.0400,1.799705
_2568_,VPWR,li1,176.1800,19.0400,1.799831
_2567_,VPWR,li1,192.5100,24.4800,1.799763
_2566_,VPWR,li1,175.4900,40.8000,1.799870
_2565_,VPWR,li1,179.8600,40.8000,1.799831
_2564_,VPWR,li1,189.7500,51.6800,1.799867
_2563_,VPWR,li1,186.0700,46.2400,1.799823
_2562_,VPWR,li1,176.6400,51.6800,1.799914
_2561_,VPWR,li1,179.1700,57.1200,1.799751
_2560_,VPWR,li1,188.1400,57.1200,1.799599
_2559_,VPWR,li1,182.3900,68.0000,1.799755
_2558_,VPWR,li1,187.6800,51.6800,1.799875
_2557_,VPWR,li1,192.0500,68.0000,1.799654
_2556_,VPWR,li1,178.9400,78.8800,1.799870
_2555_,VPWR,li1,171.3500,95.2000,1.799856
_2554_,VPWR,li1,184.0000,111.5200,1.799737
_2553_,VPWR,li1,183.7700,100.6400,1.799806
_2552_,VPWR,li1,177.3300,100.6400,1.799847
_2551_,VPWR,li1,177.5600,116.9600,1.799754
_2550_,VPWR,li1,75.6700,51.6800,1.799785
_2549_,VPWR,li1,39.7900,51.6800,1.799892
_2548_,VPWR,li1,36.5700,51.6800,1.799903
_2547_,VPWR,li1,40.0200,51.6800,1.799892
_2546_,VPWR,li1,39.3300,46.2400,1.799934
_2545_,VPWR,li1,42.0900,46.2400,1.799926
_2544_,VPWR,li1,33.1200,46.2400,1.799946
_2543_,VPWR,li1,24.8400,46.2400,1.799959
_2542_,VPWR,li1,37.7200,73.4400,1.799909
_2541_,VPWR,li1,37.9500,78.8800,1.799728
_2540_,VPWR,li1,49.4500,73.4400,1.799881
_2539_,VPWR,li1,33.8100,57.1200,1.799881
_2538_,VPWR,li1,25.7600,78.8800,1.799842
_2537_,VPWR,li1,78.2000,57.1200,1.799749
_2536_,VPWR,li1,90.1600,57.1200,1.799730
_2535_,VPWR,li1,93.8400,62.5600,1.799378
_2534_,VPWR,li1,103.7300,68.0000,1.799614
_2533_,VPWR,li1,94.5300,57.1200,1.799724
_2532_,VPWR,li1,100.2800,78.8800,1.799502
_2531_,VPWR,li1,71.9900,78.8800,1.799537
_2530_,VPWR,li1,75.9000,89.7600,1.799906
_2529_,VPWR,li1,80.7300,89.7600,1.799901
_2528_,VPWR,li1,79.3500,78.8800,1.799521
_2527_,VPWR,li1,64.4000,89.7600,1.799919
_2526_,VPWR,li1,40.0200,225.7600,1.799884
_2525_,VPWR,li1,45.7700,242.0800,1.799837
_2524_,VPWR,li1,97.5200,220.3200,1.799796
_2523_,VPWR,li1,104.8800,220.3200,1.799785
_2522_,VPWR,li1,76.3600,46.2400,1.799872
_2521_,VPWR,li1,112.9300,209.4400,1.799734
_2520_,VPWR,li1,119.3700,220.3200,1.799770
_2519_,VPWR,li1,102.1200,209.4400,1.799759
_2518_,VPWR,li1,42.3200,247.5200,1.799875
_2517_,VPWR,li1,40.7100,247.5200,1.799885
_2516_,VPWR,li1,76.1300,51.6800,1.799785
_2515_,VPWR,li1,49.9100,252.9600,1.799720
_2514_,VPWR,li1,39.3300,247.5200,1.799885
_2513_,VPWR,li1,24.3800,252.9600,1.799891
_2512_,VPWR,li1,35.8800,231.2000,1.799787
_2511_,VPWR,li1,40.9400,242.0800,1.799857
_2510_,VPWR,li1,46.6900,236.6400,1.799817
_2509_,VPWR,li1,39.7900,231.2000,1.799760
_2508_,VPWR,li1,23.4600,231.2000,1.799902
_2507_,VPWR,li1,68.3100,247.5200,1.799800
_2506_,VPWR,li1,69.0000,236.6400,1.799744
_2505_,VPWR,li1,72.9100,236.6400,1.799731
_2504_,VPWR,li1,80.2700,242.0800,1.799712
_2503_,VPWR,li1,176.8700,182.2400,1.799678
_2502_,VPWR,li1,185.1500,187.6800,1.799687
_2501_,VPWR,li1,63.0200,236.6400,1.799760
_2500_,VPWR,li1,78.6600,51.6800,1.799775
_2499_,VPWR,li1,157.5500,193.1200,1.799741
_2498_,VPWR,li1,75.6700,35.3600,1.799734
_2497_,VPWR,li1,175.4900,193.1200,1.799828
_2496_,VPWR,li1,184.6900,182.2400,1.799564
_2495_,VPWR,li1,174.1100,193.1200,1.799813
_2494_,VPWR,li1,153.8700,193.1200,1.799726
_2493_,VPWR,li1,78.4300,40.8000,1.799755
_2492_,VPWR,li1,150.6500,198.5600,1.799793
