Instance,Terminal,Layer,X location,Y location,Voltage
FILLER_115_685,VGND,li1,321.3100,326.4000,0.000105
FILLER_115_682,VGND,li1,319.9300,326.4000,0.000105
FILLER_115_679,VGND,li1,318.5500,326.4000,0.000105
FILLER_115_676,VGND,li1,317.1700,326.4000,0.000105
FILLER_115_673,VGND,li1,315.7900,326.4000,0.000105
FILLER_115_669,VGND,li1,313.9500,326.4000,0.000105
FILLER_115_666,VGND,li1,312.5700,326.4000,0.000105
FILLER_115_663,VGND,li1,311.1900,326.4000,0.000105
FILLER_115_660,VGND,li1,309.8100,326.4000,0.000105
FILLER_115_657,VGND,li1,308.4300,326.4000,0.000105
FILLER_115_654,VGND,li1,307.0500,326.4000,0.000105
FILLER_115_651,VGND,li1,305.6700,326.4000,0.000105
FILLER_115_648,VGND,li1,304.2900,326.4000,0.000105
FILLER_115_645,VGND,li1,302.9100,326.4000,0.000105
FILLER_115_641,VGND,li1,301.0700,326.4000,0.000105
FILLER_115_638,VGND,li1,299.6900,326.4000,0.000105
FILLER_115_635,VGND,li1,298.3100,326.4000,0.000105
FILLER_115_632,VGND,li1,296.9300,326.4000,0.000105
FILLER_115_629,VGND,li1,295.5500,326.4000,0.000105
FILLER_115_626,VGND,li1,294.1700,326.4000,0.000105
FILLER_115_623,VGND,li1,292.7900,326.4000,0.000105
FILLER_115_620,VGND,li1,291.4100,326.4000,0.000105
FILLER_115_617,VGND,li1,290.0300,326.4000,0.000105
FILLER_115_613,VGND,li1,288.1900,326.4000,0.000105
FILLER_115_610,VGND,li1,286.8100,326.4000,0.000105
FILLER_115_607,VGND,li1,285.4300,326.4000,0.000105
FILLER_115_604,VGND,li1,284.0500,326.4000,0.000105
FILLER_115_601,VGND,li1,282.6700,326.4000,0.000105
FILLER_115_598,VGND,li1,281.2900,326.4000,0.000105
FILLER_115_595,VGND,li1,279.9100,326.4000,0.000105
FILLER_115_592,VGND,li1,278.5300,326.4000,0.000105
FILLER_115_589,VGND,li1,277.1500,326.4000,0.000105
FILLER_115_587,VGND,li1,275.7700,326.4000,0.000105
FILLER_115_577,VGND,li1,271.4000,326.4000,0.000105
FILLER_115_574,VGND,li1,270.2500,326.4000,0.000105
FILLER_115_571,VGND,li1,268.8700,326.4000,0.000105
FILLER_115_568,VGND,li1,267.4900,326.4000,0.000105
FILLER_115_565,VGND,li1,266.1100,326.4000,0.000104
FILLER_115_557,VGND,li1,262.4300,326.4000,0.000104
FILLER_115_519,VGND,li1,244.9500,326.4000,0.000096
FILLER_115_516,VGND,li1,243.5700,326.4000,0.000096
FILLER_115_505,VGND,li1,238.5100,326.4000,0.000092
FILLER_115_493,VGND,li1,232.9900,326.4000,0.000089
FILLER_115_465,VGND,li1,220.1100,326.4000,0.000079
FILLER_115_437,VGND,li1,207.2300,326.4000,0.000066
FILLER_115_417,VGND,li1,198.0300,326.4000,0.000056
FILLER_115_381,VGND,li1,181.4700,326.4000,0.000034
FILLER_115_363,VGND,li1,172.7300,326.4000,0.000040
FILLER_115_334,VGND,li1,159.6200,326.4000,0.000060
FILLER_115_331,VGND,li1,158.4700,326.4000,0.000060
FILLER_115_312,VGND,li1,149.5000,326.4000,0.000067
FILLER_115_309,VGND,li1,148.3500,326.4000,0.000069
FILLER_115_281,VGND,li1,135.0100,326.4000,0.000075
FILLER_115_253,VGND,li1,122.5900,326.4000,0.000076
FILLER_115_225,VGND,li1,109.7100,326.4000,0.000078
FILLER_115_197,VGND,li1,96.8300,326.4000,0.000076
FILLER_115_182,VGND,li1,89.7000,326.4000,0.000075
FILLER_115_179,VGND,li1,88.5500,326.4000,0.000074
FILLER_115_176,VGND,li1,87.1700,326.4000,0.000074
FILLER_115_173,VGND,li1,85.7900,326.4000,0.000073
FILLER_115_167,VGND,li1,82.5700,326.4000,0.000072
FILLER_115_164,VGND,li1,81.6500,326.4000,0.000072
FILLER_115_147,VGND,li1,73.3700,326.4000,0.000068
FILLER_115_144,VGND,li1,72.4500,326.4000,0.000066
FILLER_115_141,VGND,li1,71.0700,326.4000,0.000066
FILLER_115_127,VGND,li1,64.1700,326.4000,0.000059
FILLER_115_124,VGND,li1,63.2500,326.4000,0.000059
FILLER_115_121,VGND,li1,61.8700,326.4000,0.000056
FILLER_115_116,VGND,li1,59.1100,326.4000,0.000054
FILLER_115_113,VGND,li1,58.1900,326.4000,0.000054
FILLER_115_109,VGND,li1,56.3500,326.4000,0.000051
FILLER_115_106,VGND,li1,54.9700,326.4000,0.000048
FILLER_115_103,VGND,li1,53.5900,326.4000,0.000048
FILLER_115_100,VGND,li1,52.2100,326.4000,0.000044
FILLER_115_97,VGND,li1,50.8300,326.4000,0.000044
FILLER_115_94,VGND,li1,49.4500,326.4000,0.000041
FILLER_115_91,VGND,li1,48.0700,326.4000,0.000041
FILLER_115_88,VGND,li1,46.6900,326.4000,0.000038
FILLER_115_85,VGND,li1,45.3100,326.4000,0.000038
FILLER_115_81,VGND,li1,43.4700,326.4000,0.000035
FILLER_115_78,VGND,li1,42.0900,326.4000,0.000032
FILLER_115_75,VGND,li1,40.7100,326.4000,0.000032
FILLER_115_72,VGND,li1,39.3300,326.4000,0.000028
FILLER_115_69,VGND,li1,37.9500,326.4000,0.000028
FILLER_115_66,VGND,li1,36.5700,326.4000,0.000025
FILLER_115_63,VGND,li1,35.1900,326.4000,0.000025
FILLER_115_60,VGND,li1,33.8100,326.4000,0.000022
FILLER_115_57,VGND,li1,32.4300,326.4000,0.000022
FILLER_115_53,VGND,li1,30.5900,326.4000,0.000019
FILLER_115_50,VGND,li1,29.2100,326.4000,0.000016
FILLER_115_47,VGND,li1,27.8300,326.4000,0.000016
FILLER_115_44,VGND,li1,26.4500,326.4000,0.000012
FILLER_115_41,VGND,li1,25.0700,326.4000,0.000012
FILLER_115_38,VGND,li1,23.6900,326.4000,0.000012
FILLER_115_35,VGND,li1,22.3100,326.4000,0.000012
FILLER_115_32,VGND,li1,20.9300,326.4000,0.000012
FILLER_115_29,VGND,li1,19.5500,326.4000,0.000012
FILLER_115_27,VGND,li1,18.1700,326.4000,0.000012
FILLER_115_24,VGND,li1,17.2500,326.4000,0.000012
FILLER_115_21,VGND,li1,15.8700,326.4000,0.000012
FILLER_115_18,VGND,li1,14.4900,326.4000,0.000012
FILLER_115_15,VGND,li1,13.1100,326.4000,0.000012
FILLER_115_12,VGND,li1,11.7300,326.4000,0.000012
FILLER_115_9,VGND,li1,10.3500,326.4000,0.000012
FILLER_115_6,VGND,li1,8.9700,326.4000,0.000012
FILLER_115_3,VGND,li1,7.5900,326.4000,0.000012
FILLER_114_687,VGND,li1,321.7700,320.9600,0.000671
FILLER_114_684,VGND,li1,320.8500,320.9600,0.000671
FILLER_114_681,VGND,li1,319.4700,320.9600,0.000671
FILLER_114_678,VGND,li1,318.0900,320.9600,0.000671
FILLER_114_675,VGND,li1,316.7100,320.9600,0.000671
FILLER_114_672,VGND,li1,315.3300,320.9600,0.000671
FILLER_114_669,VGND,li1,313.9500,320.9600,0.000671
FILLER_114_666,VGND,li1,312.5700,320.9600,0.000671
FILLER_114_663,VGND,li1,311.1900,320.9600,0.000671
FILLER_114_660,VGND,li1,309.8100,320.9600,0.000671
FILLER_114_657,VGND,li1,308.4300,320.9600,0.000671
FILLER_114_654,VGND,li1,307.0500,320.9600,0.000671
FILLER_114_651,VGND,li1,305.6700,320.9600,0.000671
FILLER_114_648,VGND,li1,304.2900,320.9600,0.000671
FILLER_114_645,VGND,li1,302.9100,320.9600,0.000671
FILLER_114_643,VGND,li1,301.5300,320.9600,0.000671
FILLER_114_640,VGND,li1,300.6100,320.9600,0.000671
FILLER_114_637,VGND,li1,299.2300,320.9600,0.000671
FILLER_114_634,VGND,li1,297.8500,320.9600,0.000671
FILLER_114_631,VGND,li1,296.4700,320.9600,0.000671
FILLER_114_628,VGND,li1,295.0900,320.9600,0.000671
FILLER_114_625,VGND,li1,293.7100,320.9600,0.000671
FILLER_114_622,VGND,li1,292.3300,320.9600,0.000671
FILLER_114_619,VGND,li1,290.9500,320.9600,0.000671
FILLER_114_616,VGND,li1,289.5700,320.9600,0.000671
FILLER_114_613,VGND,li1,288.1900,320.9600,0.000671
FILLER_114_610,VGND,li1,286.8100,320.9600,0.000671
FILLER_114_607,VGND,li1,285.4300,320.9600,0.000671
FILLER_114_604,VGND,li1,284.0500,320.9600,0.000671
FILLER_114_601,VGND,li1,282.6700,320.9600,0.000671
FILLER_114_598,VGND,li1,281.2900,320.9600,0.000671
FILLER_114_595,VGND,li1,279.9100,320.9600,0.000671
FILLER_114_592,VGND,li1,278.5300,320.9600,0.000671
FILLER_114_589,VGND,li1,277.1500,320.9600,0.000671
FILLER_114_577,VGND,li1,271.6300,320.9600,0.000671
FILLER_114_574,VGND,li1,270.2500,320.9600,0.000671
FILLER_114_571,VGND,li1,268.8700,320.9600,0.000671
FILLER_114_568,VGND,li1,267.4900,320.9600,0.000671
FILLER_114_565,VGND,li1,266.1100,320.9600,0.000670
FILLER_114_562,VGND,li1,264.7300,320.9600,0.000670
FILLER_114_536,VGND,li1,252.3100,320.9600,0.000661
FILLER_114_533,VGND,li1,251.3900,320.9600,0.000661
FILLER_114_529,VGND,li1,249.5500,320.9600,0.000658
FILLER_114_526,VGND,li1,248.1700,320.9600,0.000654
FILLER_114_508,VGND,li1,239.4300,320.9600,0.000637
FILLER_114_483,VGND,li1,227.9300,320.9600,0.000593
FILLER_114_454,VGND,li1,215.0500,320.9600,0.000500
FILLER_114_451,VGND,li1,213.6700,320.9600,0.000500
FILLER_114_433,VGND,li1,204.9300,320.9600,0.000417
FILLER_114_417,VGND,li1,198.0300,320.9600,0.000370
FILLER_114_376,VGND,li1,178.7100,320.9600,0.000167
FILLER_114_373,VGND,li1,177.7900,320.9600,0.000167
FILLER_114_345,VGND,li1,164.9100,320.9600,0.000233
FILLER_114_309,VGND,li1,148.1200,320.9600,0.000292
FILLER_114_291,VGND,li1,139.6100,320.9600,0.000311
FILLER_114_288,VGND,li1,138.6900,320.9600,0.000311
FILLER_114_253,VGND,li1,122.1300,320.9600,0.000331
FILLER_114_197,VGND,li1,96.8300,320.9600,0.000310
FILLER_114_179,VGND,li1,88.0900,320.9600,0.000291
FILLER_114_176,VGND,li1,87.1700,320.9600,0.000291
FILLER_114_173,VGND,li1,85.7900,320.9600,0.000284
FILLER_114_170,VGND,li1,84.4100,320.9600,0.000284
FILLER_114_144,VGND,li1,72.2200,320.9600,0.000249
FILLER_114_141,VGND,li1,71.0700,320.9600,0.000240
FILLER_114_138,VGND,li1,69.4600,320.9600,0.000240
FILLER_114_128,VGND,li1,64.8600,320.9600,0.000224
FILLER_114_109,VGND,li1,56.1200,320.9600,0.000188
FILLER_114_106,VGND,li1,54.9700,320.9600,0.000176
FILLER_114_103,VGND,li1,53.5900,320.9600,0.000176
FILLER_114_100,VGND,li1,52.2100,320.9600,0.000168
FILLER_114_97,VGND,li1,50.8300,320.9600,0.000157
FILLER_114_94,VGND,li1,49.4500,320.9600,0.000157
FILLER_114_91,VGND,li1,48.0700,320.9600,0.000149
FILLER_114_88,VGND,li1,46.6900,320.9600,0.000139
FILLER_114_85,VGND,li1,45.3100,320.9600,0.000139
FILLER_114_83,VGND,li1,43.9300,320.9600,0.000130
FILLER_114_80,VGND,li1,43.0100,320.9600,0.000122
FILLER_114_77,VGND,li1,41.6300,320.9600,0.000122
FILLER_114_74,VGND,li1,40.2500,320.9600,0.000112
FILLER_114_71,VGND,li1,38.8700,320.9600,0.000103
FILLER_114_68,VGND,li1,37.4900,320.9600,0.000103
FILLER_114_65,VGND,li1,36.1100,320.9600,0.000093
FILLER_114_62,VGND,li1,34.7300,320.9600,0.000084
FILLER_114_59,VGND,li1,33.3500,320.9600,0.000084
FILLER_114_56,VGND,li1,31.9700,320.9600,0.000074
FILLER_114_53,VGND,li1,30.5900,320.9600,0.000066
FILLER_114_50,VGND,li1,29.2100,320.9600,0.000066
FILLER_114_47,VGND,li1,27.8300,320.9600,0.000057
FILLER_114_44,VGND,li1,26.4500,320.9600,0.000047
FILLER_114_41,VGND,li1,25.0700,320.9600,0.000047
FILLER_114_38,VGND,li1,23.6900,320.9600,0.000047
FILLER_114_35,VGND,li1,22.3100,320.9600,0.000048
FILLER_114_32,VGND,li1,20.9300,320.9600,0.000048
FILLER_114_29,VGND,li1,19.5500,320.9600,0.000048
FILLER_114_27,VGND,li1,18.1700,320.9600,0.000048
FILLER_114_24,VGND,li1,17.2500,320.9600,0.000048
FILLER_114_21,VGND,li1,15.8700,320.9600,0.000049
FILLER_114_18,VGND,li1,14.4900,320.9600,0.000049
FILLER_114_15,VGND,li1,13.1100,320.9600,0.000049
FILLER_114_12,VGND,li1,11.7300,320.9600,0.000049
FILLER_114_9,VGND,li1,10.3500,320.9600,0.000050
FILLER_114_6,VGND,li1,8.9700,320.9600,0.000050
FILLER_114_3,VGND,li1,7.5900,320.9600,0.000050
FILLER_113_685,VGND,li1,321.3100,320.9600,0.000671
FILLER_113_682,VGND,li1,319.9300,320.9600,0.000671
FILLER_113_679,VGND,li1,318.5500,320.9600,0.000671
FILLER_113_676,VGND,li1,317.1700,320.9600,0.000671
FILLER_113_673,VGND,li1,315.7900,320.9600,0.000671
FILLER_113_671,VGND,li1,314.4100,320.9600,0.000671
FILLER_113_668,VGND,li1,313.4900,320.9600,0.000671
FILLER_113_665,VGND,li1,312.1100,320.9600,0.000671
FILLER_113_662,VGND,li1,310.7300,320.9600,0.000671
FILLER_113_659,VGND,li1,309.3500,320.9600,0.000671
FILLER_113_656,VGND,li1,307.9700,320.9600,0.000671
FILLER_113_653,VGND,li1,306.5900,320.9600,0.000671
FILLER_113_650,VGND,li1,305.2100,320.9600,0.000671
FILLER_113_647,VGND,li1,303.8300,320.9600,0.000671
FILLER_113_644,VGND,li1,302.4500,320.9600,0.000671
FILLER_113_641,VGND,li1,301.0700,320.9600,0.000671
FILLER_113_638,VGND,li1,299.6900,320.9600,0.000671
FILLER_113_635,VGND,li1,298.3100,320.9600,0.000671
FILLER_113_632,VGND,li1,296.9300,320.9600,0.000671
FILLER_113_629,VGND,li1,295.5500,320.9600,0.000671
FILLER_113_626,VGND,li1,294.1700,320.9600,0.000671
FILLER_113_623,VGND,li1,292.7900,320.9600,0.000671
FILLER_113_620,VGND,li1,291.4100,320.9600,0.000671
FILLER_113_617,VGND,li1,290.0300,320.9600,0.000671
FILLER_113_614,VGND,li1,288.4200,320.9600,0.000671
FILLER_113_611,VGND,li1,287.2700,320.9600,0.000671
FILLER_113_608,VGND,li1,285.8900,320.9600,0.000671
FILLER_113_605,VGND,li1,284.5100,320.9600,0.000671
FILLER_113_602,VGND,li1,283.1300,320.9600,0.000671
FILLER_113_599,VGND,li1,281.7500,320.9600,0.000671
FILLER_113_596,VGND,li1,280.3700,320.9600,0.000671
FILLER_113_593,VGND,li1,278.9900,320.9600,0.000671
FILLER_113_590,VGND,li1,277.6100,320.9600,0.000671
FILLER_113_587,VGND,li1,276.2300,320.9600,0.000671
FILLER_113_584,VGND,li1,274.8500,320.9600,0.000671
FILLER_113_581,VGND,li1,273.4700,320.9600,0.000671
FILLER_113_578,VGND,li1,272.0900,320.9600,0.000671
FILLER_113_575,VGND,li1,270.7100,320.9600,0.000671
FILLER_113_572,VGND,li1,269.3300,320.9600,0.000671
FILLER_113_561,VGND,li1,264.2700,320.9600,0.000670
FILLER_113_559,VGND,li1,262.8900,320.9600,0.000670
FILLER_113_533,VGND,li1,250.9300,320.9600,0.000658
FILLER_113_530,VGND,li1,250.0100,320.9600,0.000658
FILLER_113_502,VGND,li1,236.9000,320.9600,0.000627
FILLER_113_499,VGND,li1,235.7500,320.9600,0.000627
FILLER_113_469,VGND,li1,221.7200,320.9600,0.000549
FILLER_113_466,VGND,li1,220.5700,320.9600,0.000549
FILLER_113_429,VGND,li1,203.3200,320.9600,0.000417
FILLER_113_426,VGND,li1,202.1700,320.9600,0.000397
FILLER_113_390,VGND,li1,185.3800,320.9600,0.000250
FILLER_113_371,VGND,li1,176.6400,320.9600,0.000181
FILLER_113_368,VGND,li1,175.4900,320.9600,0.000181
FILLER_113_284,VGND,li1,136.6200,320.9600,0.000315
FILLER_113_281,VGND,li1,135.4700,320.9600,0.000320
FILLER_113_243,VGND,li1,117.9900,320.9600,0.000330
FILLER_113_225,VGND,li1,109.2500,320.9600,0.000325
FILLER_113_215,VGND,li1,104.6500,320.9600,0.000322
FILLER_113_179,VGND,li1,88.3200,320.9600,0.000291
FILLER_113_176,VGND,li1,87.1700,320.9600,0.000291
FILLER_113_166,VGND,li1,82.3400,320.9600,0.000278
FILLER_113_140,VGND,li1,70.1500,320.9600,0.000240
FILLER_113_113,VGND,li1,57.9600,320.9600,0.000196
FILLER_113_102,VGND,li1,52.9000,320.9600,0.000168
FILLER_113_99,VGND,li1,51.7500,320.9600,0.000168
FILLER_113_96,VGND,li1,50.3700,320.9600,0.000157
FILLER_113_93,VGND,li1,48.9900,320.9600,0.000149
FILLER_113_90,VGND,li1,47.6100,320.9600,0.000149
FILLER_113_87,VGND,li1,46.2300,320.9600,0.000139
FILLER_113_84,VGND,li1,44.8500,320.9600,0.000130
FILLER_113_81,VGND,li1,43.4700,320.9600,0.000130
FILLER_113_78,VGND,li1,42.0900,320.9600,0.000122
FILLER_113_75,VGND,li1,40.7100,320.9600,0.000112
FILLER_113_72,VGND,li1,39.3300,320.9600,0.000112
FILLER_113_69,VGND,li1,37.9500,320.9600,0.000103
FILLER_113_66,VGND,li1,36.5700,320.9600,0.000093
FILLER_113_63,VGND,li1,35.1900,320.9600,0.000093
FILLER_113_60,VGND,li1,33.8100,320.9600,0.000084
FILLER_113_57,VGND,li1,32.4300,320.9600,0.000074
FILLER_113_55,VGND,li1,31.0500,320.9600,0.000074
FILLER_113_52,VGND,li1,30.1300,320.9600,0.000066
FILLER_113_49,VGND,li1,28.7500,320.9600,0.000057
FILLER_113_46,VGND,li1,27.3700,320.9600,0.000057
FILLER_113_43,VGND,li1,25.9900,320.9600,0.000047
FILLER_113_40,VGND,li1,24.6100,320.9600,0.000047
FILLER_113_37,VGND,li1,23.2300,320.9600,0.000047
FILLER_113_34,VGND,li1,21.8500,320.9600,0.000048
FILLER_113_31,VGND,li1,20.4700,320.9600,0.000048
FILLER_113_28,VGND,li1,19.0900,320.9600,0.000048
FILLER_113_25,VGND,li1,17.7100,320.9600,0.000048
FILLER_113_22,VGND,li1,16.3300,320.9600,0.000049
FILLER_113_19,VGND,li1,14.9500,320.9600,0.000049
FILLER_113_16,VGND,li1,13.5700,320.9600,0.000049
FILLER_113_13,VGND,li1,12.1900,320.9600,0.000049
FILLER_113_10,VGND,li1,10.8100,320.9600,0.000049
FILLER_113_7,VGND,li1,9.4300,320.9600,0.000050
FILLER_112_687,VGND,li1,321.7700,315.5200,0.000366
FILLER_112_684,VGND,li1,320.8500,315.5200,0.000366
FILLER_112_681,VGND,li1,319.4700,315.5200,0.000366
FILLER_112_678,VGND,li1,318.0900,315.5200,0.000366
FILLER_112_675,VGND,li1,316.7100,315.5200,0.000366
FILLER_112_672,VGND,li1,315.3300,315.5200,0.000366
FILLER_112_669,VGND,li1,313.9500,315.5200,0.000366
FILLER_112_666,VGND,li1,312.5700,315.5200,0.000366
FILLER_112_663,VGND,li1,311.1900,315.5200,0.000366
FILLER_112_660,VGND,li1,309.8100,315.5200,0.000366
FILLER_112_657,VGND,li1,308.4300,315.5200,0.000366
FILLER_112_654,VGND,li1,307.0500,315.5200,0.000366
FILLER_112_651,VGND,li1,305.6700,315.5200,0.000366
FILLER_112_648,VGND,li1,304.2900,315.5200,0.000366
FILLER_112_645,VGND,li1,302.9100,315.5200,0.000366
FILLER_112_643,VGND,li1,301.5300,315.5200,0.000366
FILLER_112_640,VGND,li1,300.6100,315.5200,0.000366
FILLER_112_637,VGND,li1,299.2300,315.5200,0.000366
FILLER_112_634,VGND,li1,297.8500,315.5200,0.000366
FILLER_112_631,VGND,li1,296.4700,315.5200,0.000366
FILLER_112_628,VGND,li1,295.0900,315.5200,0.000366
FILLER_112_625,VGND,li1,293.7100,315.5200,0.000366
FILLER_112_622,VGND,li1,292.3300,315.5200,0.000366
FILLER_112_619,VGND,li1,290.9500,315.5200,0.000366
FILLER_112_616,VGND,li1,289.5700,315.5200,0.000366
FILLER_112_613,VGND,li1,288.1900,315.5200,0.000366
FILLER_112_610,VGND,li1,286.8100,315.5200,0.000366
FILLER_112_607,VGND,li1,285.4300,315.5200,0.000366
FILLER_112_604,VGND,li1,284.0500,315.5200,0.000366
FILLER_112_601,VGND,li1,282.6700,315.5200,0.000366
FILLER_112_598,VGND,li1,281.2900,315.5200,0.000366
FILLER_112_595,VGND,li1,279.9100,315.5200,0.000366
FILLER_112_592,VGND,li1,278.5300,315.5200,0.000366
FILLER_112_589,VGND,li1,277.1500,315.5200,0.000366
FILLER_112_587,VGND,li1,275.7700,315.5200,0.000366
FILLER_112_584,VGND,li1,274.8500,315.5200,0.000366
FILLER_112_581,VGND,li1,273.4700,315.5200,0.000366
FILLER_112_578,VGND,li1,272.0900,315.5200,0.000366
FILLER_112_533,VGND,li1,250.9300,315.5200,0.000350
FILLER_112_497,VGND,li1,234.3700,315.5200,0.000320
FILLER_112_494,VGND,li1,233.4500,315.5200,0.000320
FILLER_112_473,VGND,li1,223.7900,315.5200,0.000289
FILLER_112_429,VGND,li1,203.3200,315.5200,0.000217
FILLER_112_418,VGND,li1,198.2600,315.5200,0.000199
FILLER_112_403,VGND,li1,191.1300,315.5200,0.000167
FILLER_112_382,VGND,li1,181.9300,315.5200,0.000125
FILLER_112_338,VGND,li1,161.2300,315.5200,0.000208
FILLER_112_309,VGND,li1,148.3500,315.5200,0.000278
FILLER_112_256,VGND,li1,123.5100,315.5200,0.000351
FILLER_112_253,VGND,li1,122.5900,315.5200,0.000355
FILLER_112_243,VGND,li1,117.5300,315.5200,0.000363
FILLER_112_178,VGND,li1,87.6300,315.5200,0.000332
FILLER_112_141,VGND,li1,71.0700,315.5200,0.000266
FILLER_112_138,VGND,li1,69.4600,315.5200,0.000266
FILLER_112_100,VGND,li1,52.2100,315.5200,0.000188
FILLER_112_97,VGND,li1,50.8300,315.5200,0.000177
FILLER_112_94,VGND,li1,49.4500,315.5200,0.000177
FILLER_112_91,VGND,li1,48.0700,315.5200,0.000168
FILLER_112_88,VGND,li1,46.6900,315.5200,0.000156
FILLER_112_85,VGND,li1,45.3100,315.5200,0.000156
FILLER_112_83,VGND,li1,43.9300,315.5200,0.000147
FILLER_112_80,VGND,li1,43.0100,315.5200,0.000138
FILLER_112_77,VGND,li1,41.6300,315.5200,0.000138
FILLER_112_74,VGND,li1,40.2500,315.5200,0.000127
FILLER_112_71,VGND,li1,38.8700,315.5200,0.000118
FILLER_112_68,VGND,li1,37.4900,315.5200,0.000118
FILLER_112_65,VGND,li1,36.1100,315.5200,0.000107
FILLER_112_62,VGND,li1,34.7300,315.5200,0.000098
FILLER_112_59,VGND,li1,33.3500,315.5200,0.000098
FILLER_112_56,VGND,li1,31.9700,315.5200,0.000089
FILLER_112_53,VGND,li1,30.5900,315.5200,0.000080
FILLER_112_50,VGND,li1,29.2100,315.5200,0.000071
FILLER_112_47,VGND,li1,27.8300,315.5200,0.000071
FILLER_112_44,VGND,li1,26.4500,315.5200,0.000059
FILLER_112_41,VGND,li1,25.0700,315.5200,0.000050
FILLER_112_38,VGND,li1,23.6900,315.5200,0.000050
FILLER_112_35,VGND,li1,22.3100,315.5200,0.000050
FILLER_112_32,VGND,li1,20.9300,315.5200,0.000051
FILLER_112_29,VGND,li1,19.5500,315.5200,0.000051
FILLER_112_25,VGND,li1,17.7100,315.5200,0.000051
FILLER_112_22,VGND,li1,16.3300,315.5200,0.000051
FILLER_112_19,VGND,li1,14.9500,315.5200,0.000051
FILLER_112_16,VGND,li1,13.5700,315.5200,0.000051
FILLER_112_13,VGND,li1,12.1900,315.5200,0.000052
FILLER_112_10,VGND,li1,10.8100,315.5200,0.000052
FILLER_112_7,VGND,li1,9.4300,315.5200,0.000052
FILLER_111_685,VGND,li1,321.3100,315.5200,0.000366
FILLER_111_682,VGND,li1,319.9300,315.5200,0.000366
FILLER_111_679,VGND,li1,318.5500,315.5200,0.000366
FILLER_111_676,VGND,li1,317.1700,315.5200,0.000366
FILLER_111_673,VGND,li1,315.7900,315.5200,0.000366
FILLER_111_671,VGND,li1,314.4100,315.5200,0.000366
FILLER_111_668,VGND,li1,313.4900,315.5200,0.000366
FILLER_111_665,VGND,li1,312.1100,315.5200,0.000366
FILLER_111_662,VGND,li1,310.7300,315.5200,0.000366
FILLER_111_659,VGND,li1,309.3500,315.5200,0.000366
FILLER_111_656,VGND,li1,307.9700,315.5200,0.000366
FILLER_111_653,VGND,li1,306.5900,315.5200,0.000366
FILLER_111_650,VGND,li1,305.2100,315.5200,0.000366
FILLER_111_647,VGND,li1,303.8300,315.5200,0.000366
FILLER_111_644,VGND,li1,302.4500,315.5200,0.000366
FILLER_111_641,VGND,li1,301.0700,315.5200,0.000366
FILLER_111_638,VGND,li1,299.6900,315.5200,0.000366
FILLER_111_635,VGND,li1,298.3100,315.5200,0.000366
FILLER_111_632,VGND,li1,296.9300,315.5200,0.000366
FILLER_111_629,VGND,li1,295.5500,315.5200,0.000366
FILLER_111_626,VGND,li1,294.1700,315.5200,0.000366
FILLER_111_623,VGND,li1,292.7900,315.5200,0.000366
FILLER_111_620,VGND,li1,291.4100,315.5200,0.000366
FILLER_111_617,VGND,li1,290.0300,315.5200,0.000366
FILLER_111_614,VGND,li1,288.4200,315.5200,0.000366
FILLER_111_611,VGND,li1,287.2700,315.5200,0.000366
FILLER_111_608,VGND,li1,285.8900,315.5200,0.000366
FILLER_111_605,VGND,li1,284.5100,315.5200,0.000366
FILLER_111_602,VGND,li1,283.1300,315.5200,0.000366
FILLER_111_599,VGND,li1,281.7500,315.5200,0.000366
FILLER_111_596,VGND,li1,280.3700,315.5200,0.000366
FILLER_111_593,VGND,li1,278.9900,315.5200,0.000366
FILLER_111_590,VGND,li1,277.6100,315.5200,0.000366
FILLER_111_587,VGND,li1,276.2300,315.5200,0.000366
FILLER_111_584,VGND,li1,274.8500,315.5200,0.000366
FILLER_111_581,VGND,li1,273.4700,315.5200,0.000366
FILLER_111_578,VGND,li1,272.0900,315.5200,0.000366
FILLER_111_575,VGND,li1,270.7100,315.5200,0.000366
FILLER_111_572,VGND,li1,269.3300,315.5200,0.000366
FILLER_111_569,VGND,li1,267.9500,315.5200,0.000366
FILLER_111_542,VGND,li1,255.0700,315.5200,0.000357
FILLER_111_505,VGND,li1,238.5100,315.5200,0.000330
FILLER_111_494,VGND,li1,233.2200,315.5200,0.000320
FILLER_111_468,VGND,li1,221.0300,315.5200,0.000278
FILLER_111_465,VGND,li1,220.1100,315.5200,0.000278
FILLER_111_447,VGND,li1,211.3700,315.5200,0.000243
FILLER_111_444,VGND,li1,210.4500,315.5200,0.000243
FILLER_111_433,VGND,li1,205.3900,315.5200,0.000225
FILLER_111_430,VGND,li1,204.0100,315.5200,0.000217
FILLER_111_410,VGND,li1,194.8100,315.5200,0.000184
FILLER_111_407,VGND,li1,193.4300,315.5200,0.000175
FILLER_111_396,VGND,li1,188.3700,315.5200,0.000156
FILLER_111_393,VGND,li1,186.9900,315.5200,0.000146
FILLER_111_389,VGND,li1,185.1500,315.5200,0.000136
FILLER_111_386,VGND,li1,183.7700,315.5200,0.000136
FILLER_111_375,VGND,li1,178.7100,315.5200,0.000107
FILLER_111_372,VGND,li1,177.3300,315.5200,0.000107
FILLER_111_340,VGND,li1,162.1500,315.5200,0.000198
FILLER_111_337,VGND,li1,161.2300,315.5200,0.000208
FILLER_111_317,VGND,li1,151.5700,315.5200,0.000260
FILLER_111_314,VGND,li1,150.6500,315.5200,0.000260
FILLER_111_304,VGND,li1,145.8200,315.5200,0.000293
FILLER_111_301,VGND,li1,144.6700,315.5200,0.000293
FILLER_111_281,VGND,li1,135.4700,315.5200,0.000332
FILLER_111_253,VGND,li1,122.1300,315.5200,0.000355
FILLER_111_250,VGND,li1,121.2100,315.5200,0.000355
FILLER_111_239,VGND,li1,116.1500,315.5200,0.000363
FILLER_111_228,VGND,li1,110.8600,315.5200,0.000370
FILLER_111_225,VGND,li1,109.7100,315.5200,0.000372
FILLER_111_213,VGND,li1,103.9600,315.5200,0.000369
FILLER_111_177,VGND,li1,87.1700,315.5200,0.000332
FILLER_111_141,VGND,li1,70.6100,315.5200,0.000266
FILLER_111_138,VGND,li1,69.6900,315.5200,0.000266
FILLER_111_119,VGND,li1,60.4900,315.5200,0.000224
FILLER_111_116,VGND,li1,59.5700,315.5200,0.000224
FILLER_111_113,VGND,li1,58.1900,315.5200,0.000214
FILLER_111_102,VGND,li1,52.9000,315.5200,0.000188
FILLER_111_99,VGND,li1,51.7500,315.5200,0.000188
FILLER_111_96,VGND,li1,50.3700,315.5200,0.000177
FILLER_111_93,VGND,li1,48.9900,315.5200,0.000168
FILLER_111_90,VGND,li1,47.6100,315.5200,0.000168
FILLER_111_87,VGND,li1,46.2300,315.5200,0.000156
FILLER_111_84,VGND,li1,44.8500,315.5200,0.000147
FILLER_111_81,VGND,li1,43.4700,315.5200,0.000147
FILLER_111_78,VGND,li1,42.0900,315.5200,0.000138
FILLER_111_75,VGND,li1,40.7100,315.5200,0.000127
FILLER_111_72,VGND,li1,39.3300,315.5200,0.000127
FILLER_111_69,VGND,li1,37.9500,315.5200,0.000118
FILLER_111_66,VGND,li1,36.5700,315.5200,0.000107
FILLER_111_63,VGND,li1,35.1900,315.5200,0.000107
FILLER_111_60,VGND,li1,33.8100,315.5200,0.000098
FILLER_111_57,VGND,li1,32.4300,315.5200,0.000089
FILLER_111_54,VGND,li1,30.8200,315.5200,0.000080
FILLER_111_51,VGND,li1,29.6700,315.5200,0.000080
FILLER_111_48,VGND,li1,28.2900,315.5200,0.000071
FILLER_111_45,VGND,li1,26.9100,315.5200,0.000059
FILLER_111_42,VGND,li1,25.5300,315.5200,0.000059
FILLER_111_39,VGND,li1,24.1500,315.5200,0.000050
FILLER_111_36,VGND,li1,22.7700,315.5200,0.000050
FILLER_111_33,VGND,li1,21.3900,315.5200,0.000050
FILLER_111_30,VGND,li1,20.0100,315.5200,0.000051
FILLER_111_27,VGND,li1,18.6300,315.5200,0.000051
FILLER_111_24,VGND,li1,17.2500,315.5200,0.000051
FILLER_111_21,VGND,li1,15.8700,315.5200,0.000051
FILLER_111_18,VGND,li1,14.4900,315.5200,0.000051
FILLER_111_15,VGND,li1,13.1100,315.5200,0.000051
FILLER_111_12,VGND,li1,11.7300,315.5200,0.000052
FILLER_111_9,VGND,li1,10.3500,315.5200,0.000052
FILLER_111_6,VGND,li1,8.9700,315.5200,0.000052
FILLER_111_3,VGND,li1,7.5900,315.5200,0.000052
FILLER_110_687,VGND,li1,321.7700,310.0800,0.000294
FILLER_110_684,VGND,li1,320.8500,310.0800,0.000294
FILLER_110_681,VGND,li1,319.4700,310.0800,0.000294
FILLER_110_678,VGND,li1,318.0900,310.0800,0.000294
FILLER_110_675,VGND,li1,316.7100,310.0800,0.000294
FILLER_110_672,VGND,li1,315.3300,310.0800,0.000294
FILLER_110_669,VGND,li1,313.9500,310.0800,0.000294
FILLER_110_666,VGND,li1,312.5700,310.0800,0.000294
FILLER_110_663,VGND,li1,311.1900,310.0800,0.000294
FILLER_110_660,VGND,li1,309.8100,310.0800,0.000294
FILLER_110_657,VGND,li1,308.4300,310.0800,0.000294
FILLER_110_654,VGND,li1,307.0500,310.0800,0.000294
FILLER_110_651,VGND,li1,305.6700,310.0800,0.000294
FILLER_110_648,VGND,li1,304.2900,310.0800,0.000294
FILLER_110_645,VGND,li1,302.9100,310.0800,0.000294
FILLER_110_641,VGND,li1,301.0700,310.0800,0.000294
FILLER_110_638,VGND,li1,299.6900,310.0800,0.000294
FILLER_110_635,VGND,li1,298.3100,310.0800,0.000294
FILLER_110_632,VGND,li1,296.9300,310.0800,0.000294
FILLER_110_629,VGND,li1,295.5500,310.0800,0.000294
FILLER_110_619,VGND,li1,290.7200,310.0800,0.000290
FILLER_110_616,VGND,li1,289.5700,310.0800,0.000290
FILLER_110_613,VGND,li1,288.1900,310.0800,0.000289
FILLER_110_610,VGND,li1,286.8100,310.0800,0.000289
FILLER_110_607,VGND,li1,285.4300,310.0800,0.000287
FILLER_110_604,VGND,li1,284.0500,310.0800,0.000287
FILLER_110_601,VGND,li1,282.6700,310.0800,0.000286
FILLER_110_598,VGND,li1,281.2900,310.0800,0.000286
FILLER_110_595,VGND,li1,279.9100,310.0800,0.000284
FILLER_110_592,VGND,li1,278.5300,310.0800,0.000284
FILLER_110_589,VGND,li1,277.1500,310.0800,0.000283
FILLER_110_586,VGND,li1,275.5400,310.0800,0.000281
FILLER_110_583,VGND,li1,274.3900,310.0800,0.000281
FILLER_110_580,VGND,li1,273.0100,310.0800,0.000280
FILLER_110_577,VGND,li1,271.6300,310.0800,0.000280
FILLER_110_574,VGND,li1,270.2500,310.0800,0.000278
FILLER_110_571,VGND,li1,268.8700,310.0800,0.000277
FILLER_110_568,VGND,li1,267.4900,310.0800,0.000277
FILLER_110_560,VGND,li1,263.3500,310.0800,0.000275
FILLER_110_529,VGND,li1,249.5500,310.0800,0.000263
FILLER_110_526,VGND,li1,248.1700,310.0800,0.000263
FILLER_110_507,VGND,li1,238.9700,310.0800,0.000254
FILLER_110_504,VGND,li1,238.0500,310.0800,0.000254
FILLER_110_477,VGND,li1,225.1700,310.0800,0.000241
FILLER_110_467,VGND,li1,220.5700,310.0800,0.000236
FILLER_110_440,VGND,li1,208.1500,310.0800,0.000221
FILLER_110_385,VGND,li1,183.0800,310.0800,0.000112
FILLER_110_382,VGND,li1,181.9300,310.0800,0.000102
FILLER_110_379,VGND,li1,180.5500,310.0800,0.000102
FILLER_110_299,VGND,li1,143.2900,310.0800,0.000183
FILLER_110_296,VGND,li1,142.3700,310.0800,0.000183
FILLER_110_253,VGND,li1,122.3600,310.0800,0.000204
FILLER_110_250,VGND,li1,120.9800,310.0800,0.000206
FILLER_110_247,VGND,li1,119.8300,310.0800,0.000206
FILLER_110_220,VGND,li1,107.1800,310.0800,0.000210
FILLER_110_217,VGND,li1,106.0300,310.0800,0.000210
FILLER_110_200,VGND,li1,97.7500,310.0800,0.000211
FILLER_110_197,VGND,li1,96.8300,310.0800,0.000211
FILLER_110_178,VGND,li1,87.8600,310.0800,0.000212
FILLER_110_158,VGND,li1,78.8900,310.0800,0.000209
FILLER_110_139,VGND,li1,69.6900,310.0800,0.000202
FILLER_110_136,VGND,li1,68.7700,310.0800,0.000202
FILLER_110_100,VGND,li1,52.2100,310.0800,0.000159
FILLER_110_97,VGND,li1,50.8300,310.0800,0.000149
FILLER_110_94,VGND,li1,49.4500,310.0800,0.000149
FILLER_110_91,VGND,li1,48.0700,310.0800,0.000141
FILLER_110_88,VGND,li1,46.6900,310.0800,0.000132
FILLER_110_85,VGND,li1,45.3100,310.0800,0.000132
FILLER_110_83,VGND,li1,43.9300,310.0800,0.000124
FILLER_110_80,VGND,li1,43.0100,310.0800,0.000116
FILLER_110_77,VGND,li1,41.6300,310.0800,0.000116
FILLER_110_74,VGND,li1,40.2500,310.0800,0.000107
FILLER_110_71,VGND,li1,38.8700,310.0800,0.000099
FILLER_110_68,VGND,li1,37.4900,310.0800,0.000099
FILLER_110_65,VGND,li1,36.1100,310.0800,0.000090
FILLER_110_62,VGND,li1,34.7300,310.0800,0.000082
FILLER_110_59,VGND,li1,33.3500,310.0800,0.000082
FILLER_110_56,VGND,li1,31.9700,310.0800,0.000074
FILLER_110_53,VGND,li1,30.5900,310.0800,0.000067
FILLER_110_50,VGND,li1,29.2100,310.0800,0.000059
FILLER_110_47,VGND,li1,27.8300,310.0800,0.000059
FILLER_110_44,VGND,li1,26.4500,310.0800,0.000049
FILLER_110_41,VGND,li1,25.0700,310.0800,0.000042
FILLER_110_38,VGND,li1,23.6900,310.0800,0.000042
FILLER_110_35,VGND,li1,22.3100,310.0800,0.000042
FILLER_110_32,VGND,li1,20.9300,310.0800,0.000042
FILLER_110_29,VGND,li1,19.5500,310.0800,0.000042
FILLER_110_27,VGND,li1,18.1700,310.0800,0.000042
FILLER_110_24,VGND,li1,17.2500,310.0800,0.000042
FILLER_110_21,VGND,li1,15.8700,310.0800,0.000042
FILLER_110_18,VGND,li1,14.4900,310.0800,0.000042
FILLER_110_15,VGND,li1,13.1100,310.0800,0.000042
FILLER_110_12,VGND,li1,11.7300,310.0800,0.000042
FILLER_110_9,VGND,li1,10.3500,310.0800,0.000042
FILLER_110_6,VGND,li1,8.9700,310.0800,0.000042
FILLER_110_3,VGND,li1,7.5900,310.0800,0.000042
FILLER_109_685,VGND,li1,321.3100,310.0800,0.000294
FILLER_109_682,VGND,li1,319.9300,310.0800,0.000294
FILLER_109_679,VGND,li1,318.5500,310.0800,0.000294
FILLER_109_676,VGND,li1,317.1700,310.0800,0.000294
FILLER_109_673,VGND,li1,315.7900,310.0800,0.000294
FILLER_109_669,VGND,li1,313.9500,310.0800,0.000294
FILLER_109_666,VGND,li1,312.5700,310.0800,0.000294
FILLER_109_663,VGND,li1,311.1900,310.0800,0.000294
FILLER_109_660,VGND,li1,309.8100,310.0800,0.000294
FILLER_109_657,VGND,li1,308.4300,310.0800,0.000294
FILLER_109_654,VGND,li1,307.0500,310.0800,0.000294
FILLER_109_651,VGND,li1,305.6700,310.0800,0.000294
FILLER_109_648,VGND,li1,304.2900,310.0800,0.000294
FILLER_109_645,VGND,li1,302.9100,310.0800,0.000294
FILLER_109_642,VGND,li1,301.5300,310.0800,0.000294
FILLER_109_639,VGND,li1,300.1500,310.0800,0.000294
FILLER_109_620,VGND,li1,291.1800,310.0800,0.000291
FILLER_109_617,VGND,li1,290.0300,310.0800,0.000290
FILLER_109_613,VGND,li1,288.1900,310.0800,0.000289
FILLER_109_610,VGND,li1,286.8100,310.0800,0.000289
FILLER_109_607,VGND,li1,285.4300,310.0800,0.000287
FILLER_109_604,VGND,li1,284.0500,310.0800,0.000287
FILLER_109_601,VGND,li1,282.6700,310.0800,0.000286
FILLER_109_598,VGND,li1,281.2900,310.0800,0.000286
FILLER_109_589,VGND,li1,276.6900,310.0800,0.000283
FILLER_109_586,VGND,li1,275.7700,310.0800,0.000281
FILLER_109_583,VGND,li1,274.3900,310.0800,0.000281
FILLER_109_572,VGND,li1,269.3300,310.0800,0.000278
FILLER_109_569,VGND,li1,267.9500,310.0800,0.000277
FILLER_109_566,VGND,li1,266.5700,310.0800,0.000276
FILLER_109_543,VGND,li1,255.7600,310.0800,0.000269
FILLER_109_540,VGND,li1,254.6100,310.0800,0.000269
FILLER_109_537,VGND,li1,252.7700,310.0800,0.000267
FILLER_109_534,VGND,li1,251.8500,310.0800,0.000265
FILLER_109_525,VGND,li1,247.2500,310.0800,0.000262
FILLER_109_522,VGND,li1,246.3300,310.0800,0.000262
FILLER_109_519,VGND,li1,244.9500,310.0800,0.000259
FILLER_109_516,VGND,li1,243.5700,310.0800,0.000259
FILLER_109_505,VGND,li1,238.5100,310.0800,0.000254
FILLER_109_501,VGND,li1,236.6700,310.0800,0.000252
FILLER_109_498,VGND,li1,235.2900,310.0800,0.000252
FILLER_109_479,VGND,li1,226.0900,310.0800,0.000241
FILLER_109_438,VGND,li1,207.4600,310.0800,0.000218
FILLER_109_393,VGND,li1,186.5300,310.0800,0.000126
FILLER_109_389,VGND,li1,185.1500,310.0800,0.000126
FILLER_109_386,VGND,li1,183.7700,310.0800,0.000112
FILLER_109_383,VGND,li1,182.3900,310.0800,0.000112
FILLER_109_380,VGND,li1,181.0100,310.0800,0.000102
FILLER_109_377,VGND,li1,179.6300,310.0800,0.000090
FILLER_109_374,VGND,li1,178.2500,310.0800,0.000090
FILLER_109_348,VGND,li1,165.8300,310.0800,0.000129
FILLER_109_337,VGND,li1,161.2300,310.0800,0.000145
FILLER_109_328,VGND,li1,156.6300,310.0800,0.000157
FILLER_109_325,VGND,li1,155.7100,310.0800,0.000157
FILLER_109_281,VGND,li1,135.0100,310.0800,0.000194
FILLER_109_269,VGND,li1,129.9500,310.0800,0.000198
FILLER_109_266,VGND,li1,128.5700,310.0800,0.000200
FILLER_109_263,VGND,li1,127.1900,310.0800,0.000200
FILLER_109_260,VGND,li1,125.8100,310.0800,0.000202
FILLER_109_257,VGND,li1,124.4300,310.0800,0.000202
FILLER_109_254,VGND,li1,123.0500,310.0800,0.000204
FILLER_109_251,VGND,li1,121.6700,310.0800,0.000204
FILLER_109_221,VGND,li1,107.8700,310.0800,0.000210
FILLER_109_211,VGND,li1,103.0400,310.0800,0.000211
FILLER_109_208,VGND,li1,101.8900,310.0800,0.000211
FILLER_109_197,VGND,li1,96.8300,310.0800,0.000211
FILLER_109_187,VGND,li1,92.0000,310.0800,0.000211
FILLER_109_184,VGND,li1,90.8500,310.0800,0.000212
FILLER_109_181,VGND,li1,89.4700,310.0800,0.000212
FILLER_109_172,VGND,li1,84.8700,310.0800,0.000212
FILLER_109_169,VGND,li1,83.9500,310.0800,0.000212
FILLER_109_158,VGND,li1,78.4300,310.0800,0.000209
FILLER_109_155,VGND,li1,77.5100,310.0800,0.000209
FILLER_109_141,VGND,li1,70.6100,310.0800,0.000204
FILLER_109_138,VGND,li1,69.6900,310.0800,0.000202
FILLER_109_135,VGND,li1,68.3100,310.0800,0.000201
FILLER_109_132,VGND,li1,66.9300,310.0800,0.000201
FILLER_109_102,VGND,li1,52.9000,310.0800,0.000159
FILLER_109_99,VGND,li1,51.7500,310.0800,0.000159
FILLER_109_96,VGND,li1,50.3700,310.0800,0.000149
FILLER_109_93,VGND,li1,48.9900,310.0800,0.000141
FILLER_109_90,VGND,li1,47.6100,310.0800,0.000141
FILLER_109_87,VGND,li1,46.2300,310.0800,0.000132
FILLER_109_84,VGND,li1,44.8500,310.0800,0.000124
FILLER_109_81,VGND,li1,43.4700,310.0800,0.000124
FILLER_109_78,VGND,li1,42.0900,310.0800,0.000116
FILLER_109_75,VGND,li1,40.7100,310.0800,0.000107
FILLER_109_72,VGND,li1,39.3300,310.0800,0.000107
FILLER_109_69,VGND,li1,37.9500,310.0800,0.000099
FILLER_109_66,VGND,li1,36.5700,310.0800,0.000090
FILLER_109_63,VGND,li1,35.1900,310.0800,0.000090
FILLER_109_60,VGND,li1,33.8100,310.0800,0.000082
FILLER_109_57,VGND,li1,32.4300,310.0800,0.000074
FILLER_109_54,VGND,li1,30.8200,310.0800,0.000067
FILLER_109_51,VGND,li1,29.6700,310.0800,0.000067
FILLER_109_48,VGND,li1,28.2900,310.0800,0.000059
FILLER_109_45,VGND,li1,26.9100,310.0800,0.000049
FILLER_109_42,VGND,li1,25.5300,310.0800,0.000049
FILLER_109_39,VGND,li1,24.1500,310.0800,0.000042
FILLER_109_36,VGND,li1,22.7700,310.0800,0.000042
FILLER_109_33,VGND,li1,21.3900,310.0800,0.000042
FILLER_109_30,VGND,li1,20.0100,310.0800,0.000042
FILLER_109_27,VGND,li1,18.6300,310.0800,0.000042
FILLER_109_24,VGND,li1,17.2500,310.0800,0.000042
FILLER_109_21,VGND,li1,15.8700,310.0800,0.000042
FILLER_109_18,VGND,li1,14.4900,310.0800,0.000042
FILLER_109_15,VGND,li1,13.1100,310.0800,0.000042
FILLER_109_12,VGND,li1,11.7300,310.0800,0.000042
FILLER_109_9,VGND,li1,10.3500,310.0800,0.000042
FILLER_109_6,VGND,li1,8.9700,310.0800,0.000042
FILLER_109_3,VGND,li1,7.5900,310.0800,0.000042
FILLER_108_687,VGND,li1,321.7700,304.6400,0.000763
FILLER_108_684,VGND,li1,320.8500,304.6400,0.000763
FILLER_108_681,VGND,li1,319.4700,304.6400,0.000763
FILLER_108_678,VGND,li1,318.0900,304.6400,0.000763
FILLER_108_675,VGND,li1,316.7100,304.6400,0.000763
FILLER_108_672,VGND,li1,315.3300,304.6400,0.000763
FILLER_108_669,VGND,li1,313.9500,304.6400,0.000763
FILLER_108_666,VGND,li1,312.5700,304.6400,0.000763
FILLER_108_663,VGND,li1,311.1900,304.6400,0.000763
FILLER_108_660,VGND,li1,309.8100,304.6400,0.000763
FILLER_108_657,VGND,li1,308.4300,304.6400,0.000763
FILLER_108_654,VGND,li1,307.0500,304.6400,0.000763
FILLER_108_651,VGND,li1,305.6700,304.6400,0.000763
FILLER_108_648,VGND,li1,304.2900,304.6400,0.000763
FILLER_108_645,VGND,li1,302.9100,304.6400,0.000763
FILLER_108_643,VGND,li1,301.5300,304.6400,0.000763
FILLER_108_616,VGND,li1,289.3400,304.6400,0.000758
FILLER_108_606,VGND,li1,284.7400,304.6400,0.000752
FILLER_108_603,VGND,li1,283.5900,304.6400,0.000752
FILLER_108_600,VGND,li1,282.2100,304.6400,0.000749
FILLER_108_597,VGND,li1,280.8300,304.6400,0.000749
FILLER_108_570,VGND,li1,268.1800,304.6400,0.000724
FILLER_108_567,VGND,li1,267.0300,304.6400,0.000724
FILLER_108_564,VGND,li1,265.6500,304.6400,0.000717
FILLER_108_561,VGND,li1,264.2700,304.6400,0.000717
FILLER_108_543,VGND,li1,255.7600,304.6400,0.000677
FILLER_108_540,VGND,li1,254.6100,304.6400,0.000677
FILLER_108_531,VGND,li1,250.0100,304.6400,0.000652
FILLER_108_528,VGND,li1,249.0900,304.6400,0.000642
FILLER_108_525,VGND,li1,247.7100,304.6400,0.000632
FILLER_108_522,VGND,li1,246.3300,304.6400,0.000632
FILLER_108_519,VGND,li1,244.9500,304.6400,0.000619
FILLER_108_516,VGND,li1,243.5700,304.6400,0.000609
FILLER_108_513,VGND,li1,242.1900,304.6400,0.000609
FILLER_108_510,VGND,li1,240.8100,304.6400,0.000596
FILLER_108_502,VGND,li1,237.1300,304.6400,0.000571
FILLER_108_459,VGND,li1,216.8900,304.6400,0.000452
FILLER_108_441,VGND,li1,208.6100,304.6400,0.000392
FILLER_108_438,VGND,li1,207.6900,304.6400,0.000392
FILLER_108_435,VGND,li1,206.3100,304.6400,0.000378
FILLER_108_432,VGND,li1,204.9300,304.6400,0.000361
FILLER_108_429,VGND,li1,203.5500,304.6400,0.000361
FILLER_108_383,VGND,li1,182.3900,304.6400,0.000177
FILLER_108_380,VGND,li1,181.0100,304.6400,0.000177
FILLER_108_346,VGND,li1,164.9100,304.6400,0.000163
FILLER_108_343,VGND,li1,163.9900,304.6400,0.000163
FILLER_108_334,VGND,li1,159.3900,304.6400,0.000171
FILLER_108_331,VGND,li1,158.4700,304.6400,0.000171
FILLER_108_324,VGND,li1,154.7900,304.6400,0.000177
FILLER_108_306,VGND,li1,146.7400,304.6400,0.000187
FILLER_108_286,VGND,li1,137.5400,304.6400,0.000192
FILLER_108_277,VGND,li1,133.1700,304.6400,0.000193
FILLER_108_274,VGND,li1,132.2500,304.6400,0.000193
FILLER_108_271,VGND,li1,130.8700,304.6400,0.000193
FILLER_108_268,VGND,li1,129.4900,304.6400,0.000194
FILLER_108_265,VGND,li1,128.1100,304.6400,0.000194
FILLER_108_262,VGND,li1,126.7300,304.6400,0.000194
FILLER_108_259,VGND,li1,125.3500,304.6400,0.000195
FILLER_108_256,VGND,li1,123.9700,304.6400,0.000195
FILLER_108_253,VGND,li1,122.5900,304.6400,0.000195
FILLER_108_250,VGND,li1,120.9800,304.6400,0.000195
FILLER_108_231,VGND,li1,112.2400,304.6400,0.000193
FILLER_108_222,VGND,li1,107.8700,304.6400,0.000190
FILLER_108_214,VGND,li1,104.4200,304.6400,0.000187
FILLER_108_211,VGND,li1,103.2700,304.6400,0.000187
FILLER_108_208,VGND,li1,101.8900,304.6400,0.000184
FILLER_108_205,VGND,li1,100.5100,304.6400,0.000184
FILLER_108_187,VGND,li1,91.7700,304.6400,0.000174
FILLER_108_184,VGND,li1,90.8500,304.6400,0.000171
FILLER_108_181,VGND,li1,89.4700,304.6400,0.000171
FILLER_108_178,VGND,li1,88.0900,304.6400,0.000167
FILLER_108_175,VGND,li1,86.7100,304.6400,0.000167
FILLER_108_150,VGND,li1,75.2100,304.6400,0.000149
FILLER_108_141,VGND,li1,70.8400,304.6400,0.000141
FILLER_108_137,VGND,li1,69.2300,304.6400,0.000138
FILLER_108_134,VGND,li1,67.8500,304.6400,0.000138
FILLER_108_131,VGND,li1,66.4700,304.6400,0.000134
FILLER_108_97,VGND,li1,50.3700,304.6400,0.000099
FILLER_108_94,VGND,li1,49.4500,304.6400,0.000099
FILLER_108_91,VGND,li1,48.0700,304.6400,0.000094
FILLER_108_88,VGND,li1,46.6900,304.6400,0.000094
FILLER_108_85,VGND,li1,45.3100,304.6400,0.000088
FILLER_108_83,VGND,li1,43.9300,304.6400,0.000083
FILLER_108_80,VGND,li1,43.0100,304.6400,0.000083
FILLER_108_77,VGND,li1,41.6300,304.6400,0.000077
FILLER_108_74,VGND,li1,40.2500,304.6400,0.000072
FILLER_108_71,VGND,li1,38.8700,304.6400,0.000072
FILLER_108_68,VGND,li1,37.4900,304.6400,0.000065
FILLER_108_65,VGND,li1,36.1100,304.6400,0.000060
FILLER_108_62,VGND,li1,34.7300,304.6400,0.000060
FILLER_108_59,VGND,li1,33.3500,304.6400,0.000054
FILLER_108_56,VGND,li1,31.9700,304.6400,0.000048
FILLER_108_53,VGND,li1,30.5900,304.6400,0.000048
FILLER_108_50,VGND,li1,29.2100,304.6400,0.000042
FILLER_108_47,VGND,li1,27.8300,304.6400,0.000037
FILLER_108_44,VGND,li1,26.4500,304.6400,0.000037
FILLER_108_41,VGND,li1,25.0700,304.6400,0.000030
FILLER_108_38,VGND,li1,23.6900,304.6400,0.000031
FILLER_108_35,VGND,li1,22.3100,304.6400,0.000031
FILLER_108_32,VGND,li1,20.9300,304.6400,0.000031
FILLER_108_29,VGND,li1,19.5500,304.6400,0.000032
FILLER_108_27,VGND,li1,18.1700,304.6400,0.000032
FILLER_108_24,VGND,li1,17.2500,304.6400,0.000032
FILLER_108_21,VGND,li1,15.8700,304.6400,0.000032
FILLER_108_18,VGND,li1,14.4900,304.6400,0.000033
FILLER_108_15,VGND,li1,13.1100,304.6400,0.000033
FILLER_108_12,VGND,li1,11.7300,304.6400,0.000033
FILLER_108_9,VGND,li1,10.3500,304.6400,0.000033
FILLER_108_6,VGND,li1,8.9700,304.6400,0.000034
FILLER_108_3,VGND,li1,7.5900,304.6400,0.000034
FILLER_107_685,VGND,li1,321.3100,304.6400,0.000763
FILLER_107_682,VGND,li1,319.9300,304.6400,0.000763
FILLER_107_679,VGND,li1,318.5500,304.6400,0.000763
FILLER_107_676,VGND,li1,317.1700,304.6400,0.000763
FILLER_107_673,VGND,li1,315.7900,304.6400,0.000763
FILLER_107_669,VGND,li1,313.9500,304.6400,0.000763
FILLER_107_666,VGND,li1,312.5700,304.6400,0.000763
FILLER_107_663,VGND,li1,311.1900,304.6400,0.000763
FILLER_107_660,VGND,li1,309.8100,304.6400,0.000763
FILLER_107_657,VGND,li1,308.4300,304.6400,0.000763
FILLER_107_654,VGND,li1,307.0500,304.6400,0.000763
FILLER_107_651,VGND,li1,305.6700,304.6400,0.000763
FILLER_107_648,VGND,li1,304.2900,304.6400,0.000763
FILLER_107_645,VGND,li1,302.9100,304.6400,0.000763
FILLER_107_642,VGND,li1,301.5300,304.6400,0.000763
FILLER_107_614,VGND,li1,288.4200,304.6400,0.000758
FILLER_107_604,VGND,li1,283.8200,304.6400,0.000752
FILLER_107_567,VGND,li1,267.0300,304.6400,0.000724
FILLER_107_564,VGND,li1,265.6500,304.6400,0.000717
FILLER_107_561,VGND,li1,264.2700,304.6400,0.000717
FILLER_107_559,VGND,li1,262.8900,304.6400,0.000711
FILLER_107_529,VGND,li1,249.5500,304.6400,0.000642
FILLER_107_526,VGND,li1,248.1700,304.6400,0.000642
FILLER_107_523,VGND,li1,246.7900,304.6400,0.000632
FILLER_107_520,VGND,li1,245.4100,304.6400,0.000619
FILLER_107_517,VGND,li1,244.0300,304.6400,0.000619
FILLER_107_514,VGND,li1,242.6500,304.6400,0.000609
FILLER_107_511,VGND,li1,241.2700,304.6400,0.000596
FILLER_107_508,VGND,li1,239.8900,304.6400,0.000596
FILLER_107_505,VGND,li1,238.5100,304.6400,0.000583
FILLER_107_495,VGND,li1,233.4500,304.6400,0.000560
FILLER_107_484,VGND,li1,228.8500,304.6400,0.000532
FILLER_107_481,VGND,li1,227.4700,304.6400,0.000515
FILLER_107_478,VGND,li1,226.0900,304.6400,0.000515
FILLER_107_475,VGND,li1,224.7100,304.6400,0.000497
FILLER_107_437,VGND,li1,207.2300,304.6400,0.000378
FILLER_107_434,VGND,li1,205.8500,304.6400,0.000378
FILLER_107_431,VGND,li1,204.4700,304.6400,0.000361
FILLER_107_396,VGND,li1,188.1400,304.6400,0.000230
FILLER_107_393,VGND,li1,186.9900,304.6400,0.000230
FILLER_107_391,VGND,li1,185.6100,304.6400,0.000209
FILLER_107_388,VGND,li1,184.6900,304.6400,0.000209
FILLER_107_376,VGND,li1,178.7100,304.6400,0.000139
FILLER_107_373,VGND,li1,177.7900,304.6400,0.000139
FILLER_107_337,VGND,li1,161.2300,304.6400,0.000168
FILLER_107_327,VGND,li1,156.1700,304.6400,0.000177
FILLER_107_324,VGND,li1,155.2500,304.6400,0.000177
FILLER_107_321,VGND,li1,153.8700,304.6400,0.000179
FILLER_107_318,VGND,li1,152.4900,304.6400,0.000179
FILLER_107_315,VGND,li1,151.1100,304.6400,0.000183
FILLER_107_296,VGND,li1,142.1400,304.6400,0.000189
FILLER_107_284,VGND,li1,136.3900,304.6400,0.000192
FILLER_107_281,VGND,li1,135.4700,304.6400,0.000192
FILLER_107_279,VGND,li1,134.0900,304.6400,0.000192
FILLER_107_276,VGND,li1,133.1700,304.6400,0.000193
FILLER_107_273,VGND,li1,131.7900,304.6400,0.000193
FILLER_107_270,VGND,li1,130.4100,304.6400,0.000193
FILLER_107_247,VGND,li1,119.8300,304.6400,0.000195
FILLER_107_244,VGND,li1,118.4500,304.6400,0.000195
FILLER_107_228,VGND,li1,110.6300,304.6400,0.000192
FILLER_107_225,VGND,li1,109.7100,304.6400,0.000192
FILLER_107_222,VGND,li1,108.1000,304.6400,0.000190
FILLER_107_213,VGND,li1,103.7300,304.6400,0.000187
FILLER_107_178,VGND,li1,87.8600,304.6400,0.000167
FILLER_107_175,VGND,li1,86.7100,304.6400,0.000167
FILLER_107_172,VGND,li1,85.3300,304.6400,0.000163
FILLER_107_169,VGND,li1,83.9500,304.6400,0.000163
FILLER_107_165,VGND,li1,82.1100,304.6400,0.000160
FILLER_107_162,VGND,li1,80.7300,304.6400,0.000156
FILLER_107_159,VGND,li1,79.3500,304.6400,0.000156
FILLER_107_150,VGND,li1,74.9800,304.6400,0.000149
FILLER_107_147,VGND,li1,73.8300,304.6400,0.000145
FILLER_107_144,VGND,li1,72.4500,304.6400,0.000145
FILLER_107_141,VGND,li1,71.0700,304.6400,0.000141
FILLER_107_138,VGND,li1,69.6900,304.6400,0.000141
FILLER_107_135,VGND,li1,68.3100,304.6400,0.000138
FILLER_107_132,VGND,li1,66.9300,304.6400,0.000134
FILLER_107_129,VGND,li1,65.5500,304.6400,0.000134
FILLER_107_93,VGND,li1,48.7600,304.6400,0.000099
FILLER_107_90,VGND,li1,47.6100,304.6400,0.000094
FILLER_107_87,VGND,li1,46.2300,304.6400,0.000088
FILLER_107_84,VGND,li1,44.8500,304.6400,0.000088
FILLER_107_81,VGND,li1,43.4700,304.6400,0.000083
FILLER_107_78,VGND,li1,42.0900,304.6400,0.000077
FILLER_107_75,VGND,li1,40.7100,304.6400,0.000077
FILLER_107_72,VGND,li1,39.3300,304.6400,0.000072
FILLER_107_69,VGND,li1,37.9500,304.6400,0.000065
FILLER_107_66,VGND,li1,36.5700,304.6400,0.000065
FILLER_107_63,VGND,li1,35.1900,304.6400,0.000060
FILLER_107_60,VGND,li1,33.8100,304.6400,0.000054
FILLER_107_57,VGND,li1,32.4300,304.6400,0.000054
FILLER_107_54,VGND,li1,30.8200,304.6400,0.000048
FILLER_107_51,VGND,li1,29.6700,304.6400,0.000042
FILLER_107_48,VGND,li1,28.2900,304.6400,0.000042
FILLER_107_45,VGND,li1,26.9100,304.6400,0.000037
FILLER_107_42,VGND,li1,25.5300,304.6400,0.000030
FILLER_107_39,VGND,li1,24.1500,304.6400,0.000030
FILLER_107_36,VGND,li1,22.7700,304.6400,0.000031
FILLER_107_33,VGND,li1,21.3900,304.6400,0.000031
FILLER_107_30,VGND,li1,20.0100,304.6400,0.000031
FILLER_107_27,VGND,li1,18.6300,304.6400,0.000032
FILLER_107_24,VGND,li1,17.2500,304.6400,0.000032
FILLER_107_21,VGND,li1,15.8700,304.6400,0.000032
FILLER_107_18,VGND,li1,14.4900,304.6400,0.000033
FILLER_107_15,VGND,li1,13.1100,304.6400,0.000033
FILLER_107_12,VGND,li1,11.7300,304.6400,0.000033
FILLER_107_9,VGND,li1,10.3500,304.6400,0.000033
FILLER_106_687,VGND,li1,321.7700,299.2000,0.000674
FILLER_106_684,VGND,li1,320.8500,299.2000,0.000674
FILLER_106_681,VGND,li1,319.4700,299.2000,0.000674
FILLER_106_678,VGND,li1,318.0900,299.2000,0.000674
FILLER_106_675,VGND,li1,316.7100,299.2000,0.000674
FILLER_106_672,VGND,li1,315.3300,299.2000,0.000674
FILLER_106_669,VGND,li1,313.9500,299.2000,0.000674
FILLER_106_666,VGND,li1,312.5700,299.2000,0.000674
FILLER_106_663,VGND,li1,311.1900,299.2000,0.000674
FILLER_106_660,VGND,li1,309.8100,299.2000,0.000674
FILLER_106_657,VGND,li1,308.4300,299.2000,0.000674
FILLER_106_654,VGND,li1,307.0500,299.2000,0.000674
FILLER_106_651,VGND,li1,305.6700,299.2000,0.000674
FILLER_106_648,VGND,li1,304.2900,299.2000,0.000674
FILLER_106_645,VGND,li1,302.9100,299.2000,0.000674
FILLER_106_643,VGND,li1,301.5300,299.2000,0.000674
FILLER_106_561,VGND,li1,263.8100,299.2000,0.000590
FILLER_106_533,VGND,li1,251.3900,299.2000,0.000539
FILLER_106_530,VGND,li1,249.7800,299.2000,0.000530
FILLER_106_527,VGND,li1,248.6300,299.2000,0.000530
FILLER_106_524,VGND,li1,247.2500,299.2000,0.000517
FILLER_106_521,VGND,li1,245.8700,299.2000,0.000517
FILLER_106_518,VGND,li1,244.4900,299.2000,0.000505
FILLER_106_483,VGND,li1,228.3900,299.2000,0.000416
FILLER_106_480,VGND,li1,227.0100,299.2000,0.000416
FILLER_106_477,VGND,li1,225.6300,299.2000,0.000403
FILLER_106_448,VGND,li1,211.8300,299.2000,0.000320
FILLER_106_445,VGND,li1,210.9100,299.2000,0.000320
FILLER_106_442,VGND,li1,209.5300,299.2000,0.000307
FILLER_106_439,VGND,li1,208.1500,299.2000,0.000307
FILLER_106_436,VGND,li1,206.7700,299.2000,0.000291
FILLER_106_433,VGND,li1,205.3900,299.2000,0.000291
FILLER_106_430,VGND,li1,204.0100,299.2000,0.000275
FILLER_106_427,VGND,li1,202.6300,299.2000,0.000275
FILLER_106_424,VGND,li1,201.2500,299.2000,0.000264
FILLER_106_421,VGND,li1,199.8700,299.2000,0.000253
FILLER_106_419,VGND,li1,198.4900,299.2000,0.000242
FILLER_106_371,VGND,li1,176.8700,299.2000,0.000133
FILLER_106_368,VGND,li1,175.4900,299.2000,0.000147
FILLER_106_365,VGND,li1,174.1100,299.2000,0.000147
FILLER_106_361,VGND,li1,172.2700,299.2000,0.000156
FILLER_106_327,VGND,li1,156.1700,299.2000,0.000227
FILLER_106_324,VGND,li1,155.2500,299.2000,0.000235
FILLER_106_321,VGND,li1,153.8700,299.2000,0.000235
FILLER_106_318,VGND,li1,152.4900,299.2000,0.000237
FILLER_106_315,VGND,li1,151.1100,299.2000,0.000237
FILLER_106_312,VGND,li1,149.7300,299.2000,0.000238
FILLER_106_309,VGND,li1,148.3500,299.2000,0.000240
FILLER_106_307,VGND,li1,146.9700,299.2000,0.000240
FILLER_106_301,VGND,li1,144.2100,299.2000,0.000242
FILLER_106_291,VGND,li1,139.6100,299.2000,0.000245
FILLER_106_288,VGND,li1,138.6900,299.2000,0.000245
FILLER_106_278,VGND,li1,134.0900,299.2000,0.000247
FILLER_106_275,VGND,li1,132.7100,299.2000,0.000248
FILLER_106_270,VGND,li1,129.9500,299.2000,0.000249
FILLER_106_250,VGND,li1,120.9800,299.2000,0.000245
FILLER_106_247,VGND,li1,119.8300,299.2000,0.000243
FILLER_106_244,VGND,li1,118.4500,299.2000,0.000243
FILLER_106_241,VGND,li1,117.0700,299.2000,0.000241
FILLER_106_238,VGND,li1,115.6900,299.2000,0.000241
FILLER_106_227,VGND,li1,110.4000,299.2000,0.000234
FILLER_106_224,VGND,li1,109.2500,299.2000,0.000234
FILLER_106_215,VGND,li1,104.6500,299.2000,0.000231
FILLER_106_197,VGND,li1,96.6000,299.2000,0.000222
FILLER_106_177,VGND,li1,87.4000,299.2000,0.000211
FILLER_106_174,VGND,li1,86.2500,299.2000,0.000206
FILLER_106_171,VGND,li1,84.8700,299.2000,0.000206
FILLER_106_168,VGND,li1,83.4900,299.2000,0.000201
FILLER_106_165,VGND,li1,82.1100,299.2000,0.000197
FILLER_106_162,VGND,li1,80.7300,299.2000,0.000197
FILLER_106_159,VGND,li1,79.3500,299.2000,0.000193
FILLER_106_150,VGND,li1,74.7500,299.2000,0.000182
FILLER_106_147,VGND,li1,73.8300,299.2000,0.000182
FILLER_106_144,VGND,li1,72.4500,299.2000,0.000177
FILLER_106_141,VGND,li1,71.0700,299.2000,0.000173
FILLER_106_139,VGND,li1,69.6900,299.2000,0.000173
FILLER_106_136,VGND,li1,68.7700,299.2000,0.000168
FILLER_106_133,VGND,li1,67.3900,299.2000,0.000168
FILLER_106_130,VGND,li1,66.0100,299.2000,0.000163
FILLER_106_85,VGND,li1,45.0800,299.2000,0.000108
FILLER_106_83,VGND,li1,43.9300,299.2000,0.000101
FILLER_106_80,VGND,li1,43.0100,299.2000,0.000101
FILLER_106_77,VGND,li1,41.6300,299.2000,0.000093
FILLER_106_74,VGND,li1,40.2500,299.2000,0.000087
FILLER_106_71,VGND,li1,38.8700,299.2000,0.000087
FILLER_106_68,VGND,li1,37.4900,299.2000,0.000078
FILLER_106_65,VGND,li1,36.1100,299.2000,0.000072
FILLER_106_62,VGND,li1,34.7300,299.2000,0.000072
FILLER_106_59,VGND,li1,33.3500,299.2000,0.000064
FILLER_106_56,VGND,li1,31.9700,299.2000,0.000057
FILLER_106_53,VGND,li1,30.5900,299.2000,0.000057
FILLER_106_50,VGND,li1,29.2100,299.2000,0.000051
FILLER_106_41,VGND,li1,24.6100,299.2000,0.000036
FILLER_106_38,VGND,li1,23.6900,299.2000,0.000036
FILLER_106_35,VGND,li1,22.3100,299.2000,0.000036
FILLER_106_32,VGND,li1,20.9300,299.2000,0.000036
FILLER_106_29,VGND,li1,19.5500,299.2000,0.000036
FILLER_106_27,VGND,li1,18.1700,299.2000,0.000036
FILLER_106_24,VGND,li1,17.2500,299.2000,0.000036
FILLER_106_21,VGND,li1,15.8700,299.2000,0.000036
FILLER_106_18,VGND,li1,14.4900,299.2000,0.000036
FILLER_106_15,VGND,li1,13.1100,299.2000,0.000036
FILLER_106_12,VGND,li1,11.7300,299.2000,0.000036
FILLER_106_9,VGND,li1,10.3500,299.2000,0.000036
FILLER_106_6,VGND,li1,8.9700,299.2000,0.000036
FILLER_106_3,VGND,li1,7.5900,299.2000,0.000036
FILLER_105_685,VGND,li1,321.3100,299.2000,0.000674
FILLER_105_682,VGND,li1,319.9300,299.2000,0.000674
FILLER_105_679,VGND,li1,318.5500,299.2000,0.000674
FILLER_105_676,VGND,li1,317.1700,299.2000,0.000674
FILLER_105_673,VGND,li1,315.7900,299.2000,0.000674
FILLER_105_671,VGND,li1,314.4100,299.2000,0.000674
FILLER_105_668,VGND,li1,313.4900,299.2000,0.000674
FILLER_105_665,VGND,li1,312.1100,299.2000,0.000674
FILLER_105_662,VGND,li1,310.7300,299.2000,0.000674
FILLER_105_659,VGND,li1,309.3500,299.2000,0.000674
FILLER_105_656,VGND,li1,307.9700,299.2000,0.000674
FILLER_105_653,VGND,li1,306.5900,299.2000,0.000674
FILLER_105_650,VGND,li1,305.2100,299.2000,0.000674
FILLER_105_647,VGND,li1,303.8300,299.2000,0.000674
FILLER_105_644,VGND,li1,302.4500,299.2000,0.000674
FILLER_105_617,VGND,li1,289.5700,299.2000,0.000674
FILLER_105_605,VGND,li1,284.5100,299.2000,0.000667
FILLER_105_602,VGND,li1,283.1300,299.2000,0.000658
FILLER_105_599,VGND,li1,281.7500,299.2000,0.000658
FILLER_105_564,VGND,li1,265.1900,299.2000,0.000599
FILLER_105_561,VGND,li1,264.2700,299.2000,0.000590
FILLER_105_559,VGND,li1,262.8900,299.2000,0.000590
FILLER_105_556,VGND,li1,261.9700,299.2000,0.000581
FILLER_105_553,VGND,li1,260.5900,299.2000,0.000581
FILLER_105_513,VGND,li1,241.7300,299.2000,0.000496
FILLER_105_502,VGND,li1,236.9000,299.2000,0.000468
FILLER_105_482,VGND,li1,227.9300,299.2000,0.000416
FILLER_105_471,VGND,li1,222.4100,299.2000,0.000390
FILLER_105_468,VGND,li1,221.4900,299.2000,0.000377
FILLER_105_465,VGND,li1,220.1100,299.2000,0.000377
FILLER_105_439,VGND,li1,208.1500,299.2000,0.000307
FILLER_105_436,VGND,li1,206.7700,299.2000,0.000291
FILLER_105_433,VGND,li1,205.3900,299.2000,0.000291
FILLER_105_424,VGND,li1,200.7900,299.2000,0.000264
FILLER_105_421,VGND,li1,199.8700,299.2000,0.000253
FILLER_105_418,VGND,li1,198.4900,299.2000,0.000242
FILLER_105_415,VGND,li1,197.1100,299.2000,0.000242
FILLER_105_374,VGND,li1,177.7900,299.2000,0.000133
FILLER_105_371,VGND,li1,176.8700,299.2000,0.000133
FILLER_105_368,VGND,li1,175.4900,299.2000,0.000147
FILLER_105_365,VGND,li1,174.1100,299.2000,0.000147
FILLER_105_362,VGND,li1,172.7300,299.2000,0.000156
FILLER_105_337,VGND,li1,161.0000,299.2000,0.000212
FILLER_105_334,VGND,li1,159.6200,299.2000,0.000218
FILLER_105_331,VGND,li1,158.4700,299.2000,0.000218
FILLER_105_319,VGND,li1,152.4900,299.2000,0.000237
FILLER_105_316,VGND,li1,151.5700,299.2000,0.000237
FILLER_105_313,VGND,li1,150.1900,299.2000,0.000238
FILLER_105_310,VGND,li1,148.8100,299.2000,0.000238
FILLER_105_307,VGND,li1,147.4300,299.2000,0.000240
FILLER_105_298,VGND,li1,142.8300,299.2000,0.000242
FILLER_105_295,VGND,li1,141.9100,299.2000,0.000244
FILLER_105_292,VGND,li1,140.5300,299.2000,0.000244
FILLER_105_289,VGND,li1,139.1500,299.2000,0.000245
FILLER_105_279,VGND,li1,134.0900,299.2000,0.000247
FILLER_105_244,VGND,li1,118.2200,299.2000,0.000243
FILLER_105_241,VGND,li1,117.0700,299.2000,0.000241
FILLER_105_205,VGND,li1,100.2800,299.2000,0.000225
FILLER_105_169,VGND,li1,83.4900,299.2000,0.000201
FILLER_105_167,VGND,li1,82.5700,299.2000,0.000201
FILLER_105_164,VGND,li1,81.6500,299.2000,0.000197
FILLER_105_161,VGND,li1,80.2700,299.2000,0.000193
FILLER_105_158,VGND,li1,78.8900,299.2000,0.000193
FILLER_105_148,VGND,li1,73.8300,299.2000,0.000182
FILLER_105_121,VGND,li1,61.6400,299.2000,0.000155
FILLER_105_93,VGND,li1,48.7600,299.2000,0.000117
FILLER_105_90,VGND,li1,47.6100,299.2000,0.000117
FILLER_105_87,VGND,li1,46.2300,299.2000,0.000108
FILLER_105_84,VGND,li1,44.8500,299.2000,0.000108
FILLER_105_81,VGND,li1,43.4700,299.2000,0.000101
FILLER_105_78,VGND,li1,42.0900,299.2000,0.000093
FILLER_105_75,VGND,li1,40.7100,299.2000,0.000093
FILLER_105_72,VGND,li1,39.3300,299.2000,0.000087
FILLER_105_69,VGND,li1,37.9500,299.2000,0.000078
FILLER_105_66,VGND,li1,36.5700,299.2000,0.000078
FILLER_105_63,VGND,li1,35.1900,299.2000,0.000072
FILLER_105_60,VGND,li1,33.8100,299.2000,0.000064
FILLER_105_57,VGND,li1,32.4300,299.2000,0.000064
FILLER_105_55,VGND,li1,31.0500,299.2000,0.000057
FILLER_105_52,VGND,li1,30.1300,299.2000,0.000051
FILLER_105_49,VGND,li1,28.7500,299.2000,0.000051
FILLER_105_30,VGND,li1,20.0100,299.2000,0.000036
FILLER_105_27,VGND,li1,18.6300,299.2000,0.000036
FILLER_105_24,VGND,li1,17.2500,299.2000,0.000036
FILLER_105_21,VGND,li1,15.8700,299.2000,0.000036
FILLER_105_18,VGND,li1,14.4900,299.2000,0.000036
FILLER_105_15,VGND,li1,13.1100,299.2000,0.000036
FILLER_105_12,VGND,li1,11.7300,299.2000,0.000036
FILLER_105_9,VGND,li1,10.3500,299.2000,0.000036
FILLER_105_6,VGND,li1,8.9700,299.2000,0.000036
FILLER_105_3,VGND,li1,7.5900,299.2000,0.000036
FILLER_104_687,VGND,li1,321.7700,293.7600,0.000448
FILLER_104_684,VGND,li1,320.8500,293.7600,0.000448
FILLER_104_681,VGND,li1,319.4700,293.7600,0.000448
FILLER_104_678,VGND,li1,318.0900,293.7600,0.000448
FILLER_104_675,VGND,li1,316.7100,293.7600,0.000448
FILLER_104_672,VGND,li1,315.3300,293.7600,0.000448
FILLER_104_669,VGND,li1,313.9500,293.7600,0.000448
FILLER_104_666,VGND,li1,312.5700,293.7600,0.000448
FILLER_104_663,VGND,li1,311.1900,293.7600,0.000448
FILLER_104_660,VGND,li1,309.8100,293.7600,0.000448
FILLER_104_650,VGND,li1,304.9800,293.7600,0.000448
FILLER_104_642,VGND,li1,301.3000,293.7600,0.000447
FILLER_104_639,VGND,li1,300.1500,293.7600,0.000446
FILLER_104_636,VGND,li1,298.7700,293.7600,0.000446
FILLER_104_630,VGND,li1,295.5500,293.7600,0.000445
FILLER_104_627,VGND,li1,294.6300,293.7600,0.000445
FILLER_104_609,VGND,li1,285.8900,293.7600,0.000439
FILLER_104_606,VGND,li1,284.9700,293.7600,0.000439
FILLER_104_603,VGND,li1,283.5900,293.7600,0.000437
FILLER_104_600,VGND,li1,282.2100,293.7600,0.000437
FILLER_104_597,VGND,li1,280.8300,293.7600,0.000436
FILLER_104_569,VGND,li1,267.7200,293.7600,0.000421
FILLER_104_533,VGND,li1,250.9300,293.7600,0.000383
FILLER_104_523,VGND,li1,246.3300,293.7600,0.000374
FILLER_104_520,VGND,li1,245.4100,293.7600,0.000368
FILLER_104_517,VGND,li1,244.0300,293.7600,0.000368
FILLER_104_480,VGND,li1,227.0100,293.7600,0.000323
FILLER_104_477,VGND,li1,225.6300,293.7600,0.000315
FILLER_104_437,VGND,li1,206.7700,293.7600,0.000251
FILLER_104_411,VGND,li1,194.8100,293.7600,0.000192
FILLER_104_408,VGND,li1,193.8900,293.7600,0.000192
FILLER_104_400,VGND,li1,189.7500,293.7600,0.000166
FILLER_104_365,VGND,li1,173.8800,293.7600,0.000143
FILLER_104_363,VGND,li1,172.7300,293.7600,0.000155
FILLER_104_312,VGND,li1,149.5000,293.7600,0.000267
FILLER_104_309,VGND,li1,148.3500,293.7600,0.000279
FILLER_104_307,VGND,li1,146.9700,293.7600,0.000279
FILLER_104_290,VGND,li1,139.6100,293.7600,0.000315
FILLER_104_287,VGND,li1,138.2300,293.7600,0.000315
FILLER_104_281,VGND,li1,135.0100,293.7600,0.000328
FILLER_104_253,VGND,li1,122.5900,293.7600,0.000370
FILLER_104_234,VGND,li1,113.6200,293.7600,0.000388
FILLER_104_205,VGND,li1,100.0500,293.7600,0.000398
FILLER_104_177,VGND,li1,87.4000,293.7600,0.000357
FILLER_104_174,VGND,li1,86.2500,293.7600,0.000351
FILLER_104_171,VGND,li1,84.8700,293.7600,0.000351
FILLER_104_168,VGND,li1,83.4900,293.7600,0.000345
FILLER_104_141,VGND,li1,70.6100,293.7600,0.000291
FILLER_104_131,VGND,li1,66.2400,293.7600,0.000268
FILLER_104_128,VGND,li1,65.0900,293.7600,0.000268
FILLER_104_125,VGND,li1,63.7100,293.7600,0.000255
FILLER_104_122,VGND,li1,62.3300,293.7600,0.000255
FILLER_104_85,VGND,li1,45.3100,293.7600,0.000176
FILLER_104_83,VGND,li1,43.9300,293.7600,0.000164
FILLER_104_80,VGND,li1,43.0100,293.7600,0.000164
FILLER_104_55,VGND,li1,31.2800,293.7600,0.000104
FILLER_104_29,VGND,li1,19.0900,293.7600,0.000072
FILLER_104_27,VGND,li1,18.1700,293.7600,0.000072
FILLER_104_24,VGND,li1,17.2500,293.7600,0.000072
FILLER_104_21,VGND,li1,15.8700,293.7600,0.000072
FILLER_104_18,VGND,li1,14.4900,293.7600,0.000072
FILLER_104_15,VGND,li1,13.1100,293.7600,0.000072
FILLER_104_12,VGND,li1,11.7300,293.7600,0.000072
FILLER_104_9,VGND,li1,10.3500,293.7600,0.000072
FILLER_104_6,VGND,li1,8.9700,293.7600,0.000072
FILLER_104_3,VGND,li1,7.5900,293.7600,0.000072
FILLER_103_685,VGND,li1,321.3100,293.7600,0.000448
FILLER_103_682,VGND,li1,319.9300,293.7600,0.000448
FILLER_103_679,VGND,li1,318.5500,293.7600,0.000448
FILLER_103_676,VGND,li1,317.1700,293.7600,0.000448
FILLER_103_673,VGND,li1,315.7900,293.7600,0.000448
FILLER_103_670,VGND,li1,314.1800,293.7600,0.000448
FILLER_103_667,VGND,li1,313.0300,293.7600,0.000448
FILLER_103_635,VGND,li1,297.8500,293.7600,0.000446
FILLER_103_632,VGND,li1,296.9300,293.7600,0.000446
FILLER_103_629,VGND,li1,295.5500,293.7600,0.000445
FILLER_103_626,VGND,li1,294.1700,293.7600,0.000445
FILLER_103_623,VGND,li1,292.7900,293.7600,0.000444
FILLER_103_620,VGND,li1,291.4100,293.7600,0.000444
FILLER_103_617,VGND,li1,290.0300,293.7600,0.000444
FILLER_103_614,VGND,li1,288.4200,293.7600,0.000442
FILLER_103_611,VGND,li1,287.2700,293.7600,0.000442
FILLER_103_599,VGND,li1,281.7500,293.7600,0.000436
FILLER_103_596,VGND,li1,280.3700,293.7600,0.000436
FILLER_103_593,VGND,li1,278.9900,293.7600,0.000433
FILLER_103_590,VGND,li1,277.6100,293.7600,0.000433
FILLER_103_578,VGND,li1,271.8600,293.7600,0.000427
FILLER_103_569,VGND,li1,267.7200,293.7600,0.000421
FILLER_103_557,VGND,li1,262.4300,293.7600,0.000408
FILLER_103_554,VGND,li1,261.0500,293.7600,0.000408
FILLER_103_525,VGND,li1,247.7100,293.7600,0.000374
FILLER_103_522,VGND,li1,246.3300,293.7600,0.000374
FILLER_103_502,VGND,li1,236.9000,293.7600,0.000348
FILLER_103_499,VGND,li1,235.7500,293.7600,0.000348
FILLER_103_480,VGND,li1,226.7800,293.7600,0.000323
FILLER_103_477,VGND,li1,225.6300,293.7600,0.000315
FILLER_103_474,VGND,li1,224.2500,293.7600,0.000315
FILLER_103_471,VGND,li1,222.8700,293.7600,0.000307
FILLER_103_468,VGND,li1,221.4900,293.7600,0.000307
FILLER_103_449,VGND,li1,212.5200,293.7600,0.000269
FILLER_103_446,VGND,li1,211.1400,293.7600,0.000269
FILLER_103_410,VGND,li1,194.8100,293.7600,0.000192
FILLER_103_393,VGND,li1,186.5300,293.7600,0.000153
FILLER_103_355,VGND,li1,169.5100,293.7600,0.000173
FILLER_103_314,VGND,li1,150.4200,293.7600,0.000267
FILLER_103_281,VGND,li1,135.4700,293.7600,0.000328
FILLER_103_274,VGND,li1,131.7900,293.7600,0.000339
FILLER_103_237,VGND,li1,115.0000,293.7600,0.000388
FILLER_103_234,VGND,li1,113.8500,293.7600,0.000388
FILLER_103_223,VGND,li1,108.3300,293.7600,0.000399
FILLER_103_220,VGND,li1,107.4100,293.7600,0.000399
FILLER_103_208,VGND,li1,101.4300,293.7600,0.000398
FILLER_103_205,VGND,li1,100.5100,293.7600,0.000398
FILLER_103_178,VGND,li1,87.6300,293.7600,0.000357
FILLER_103_175,VGND,li1,86.7100,293.7600,0.000357
FILLER_103_172,VGND,li1,85.3300,293.7600,0.000351
FILLER_103_169,VGND,li1,83.9500,293.7600,0.000345
FILLER_103_125,VGND,li1,63.4800,293.7600,0.000255
FILLER_103_122,VGND,li1,62.3300,293.7600,0.000255
FILLER_103_119,VGND,li1,60.9500,293.7600,0.000242
FILLER_103_116,VGND,li1,59.5700,293.7600,0.000242
FILLER_103_113,VGND,li1,58.1900,293.7600,0.000229
FILLER_103_111,VGND,li1,56.8100,293.7600,0.000229
FILLER_103_100,VGND,li1,52.2100,293.7600,0.000205
FILLER_103_90,VGND,li1,47.3800,293.7600,0.000185
FILLER_103_57,VGND,li1,31.9700,293.7600,0.000104
FILLER_103_55,VGND,li1,31.0500,293.7600,0.000104
FILLER_103_52,VGND,li1,30.1300,293.7600,0.000092
FILLER_103_18,VGND,li1,14.0300,293.7600,0.000072
FILLER_103_15,VGND,li1,13.1100,293.7600,0.000072
FILLER_103_12,VGND,li1,11.7300,293.7600,0.000072
FILLER_103_9,VGND,li1,10.3500,293.7600,0.000072
FILLER_103_6,VGND,li1,8.9700,293.7600,0.000072
FILLER_103_3,VGND,li1,7.5900,293.7600,0.000072
FILLER_102_686,VGND,li1,321.5400,288.3200,0.000587
FILLER_102_683,VGND,li1,320.3900,288.3200,0.000587
FILLER_102_680,VGND,li1,319.0100,288.3200,0.000587
FILLER_102_677,VGND,li1,317.6300,288.3200,0.000587
FILLER_102_674,VGND,li1,316.2500,288.3200,0.000587
FILLER_102_655,VGND,li1,307.2800,288.3200,0.000586
FILLER_102_645,VGND,li1,302.4500,288.3200,0.000584
FILLER_102_626,VGND,li1,294.1700,288.3200,0.000579
FILLER_102_598,VGND,li1,281.0600,288.3200,0.000567
FILLER_102_589,VGND,li1,276.6900,288.3200,0.000559
FILLER_102_587,VGND,li1,275.7700,288.3200,0.000559
FILLER_102_584,VGND,li1,274.8500,288.3200,0.000556
FILLER_102_581,VGND,li1,273.4700,288.3200,0.000553
FILLER_102_578,VGND,li1,272.0900,288.3200,0.000553
FILLER_102_570,VGND,li1,267.9500,288.3200,0.000547
FILLER_102_567,VGND,li1,267.0300,288.3200,0.000543
FILLER_102_564,VGND,li1,265.6500,288.3200,0.000543
FILLER_102_561,VGND,li1,264.2700,288.3200,0.000539
FILLER_102_558,VGND,li1,262.8900,288.3200,0.000539
FILLER_102_530,VGND,li1,249.7800,288.3200,0.000512
FILLER_102_527,VGND,li1,248.6300,288.3200,0.000512
FILLER_102_524,VGND,li1,247.2500,288.3200,0.000505
FILLER_102_521,VGND,li1,245.8700,288.3200,0.000505
FILLER_102_518,VGND,li1,244.4900,288.3200,0.000499
FILLER_102_515,VGND,li1,243.1100,288.3200,0.000499
FILLER_102_512,VGND,li1,241.7300,288.3200,0.000492
FILLER_102_509,VGND,li1,240.3500,288.3200,0.000492
FILLER_102_483,VGND,li1,227.9300,288.3200,0.000457
FILLER_102_480,VGND,li1,227.0100,288.3200,0.000451
FILLER_102_477,VGND,li1,225.6300,288.3200,0.000443
FILLER_102_474,VGND,li1,224.0200,288.3200,0.000443
FILLER_102_458,VGND,li1,216.4300,288.3200,0.000400
FILLER_102_449,VGND,li1,212.5200,288.3200,0.000374
FILLER_102_446,VGND,li1,211.3700,288.3200,0.000361
FILLER_102_418,VGND,li1,198.2600,288.3200,0.000274
FILLER_102_365,VGND,li1,174.1100,288.3200,0.000134
FILLER_102_363,VGND,li1,172.7300,288.3200,0.000134
FILLER_102_360,VGND,li1,171.8100,288.3200,0.000141
FILLER_102_357,VGND,li1,170.4300,288.3200,0.000141
FILLER_102_354,VGND,li1,169.0500,288.3200,0.000149
FILLER_102_351,VGND,li1,167.6700,288.3200,0.000149
FILLER_102_325,VGND,li1,155.2500,288.3200,0.000178
FILLER_102_288,VGND,li1,138.4600,288.3200,0.000205
FILLER_102_253,VGND,li1,122.3600,288.3200,0.000225
FILLER_102_243,VGND,li1,117.5300,288.3200,0.000229
FILLER_102_240,VGND,li1,116.6100,288.3200,0.000231
FILLER_102_237,VGND,li1,115.2300,288.3200,0.000233
FILLER_102_234,VGND,li1,113.8500,288.3200,0.000233
FILLER_102_206,VGND,li1,100.9700,288.3200,0.000243
FILLER_102_203,VGND,li1,99.5900,288.3200,0.000244
FILLER_102_200,VGND,li1,98.2100,288.3200,0.000244
FILLER_102_197,VGND,li1,96.8300,288.3200,0.000245
FILLER_102_194,VGND,li1,95.2200,288.3200,0.000245
FILLER_102_184,VGND,li1,90.6200,288.3200,0.000247
FILLER_102_181,VGND,li1,89.4700,288.3200,0.000248
FILLER_102_178,VGND,li1,88.0900,288.3200,0.000248
FILLER_102_160,VGND,li1,79.8100,288.3200,0.000251
FILLER_102_138,VGND,li1,69.4600,288.3200,0.000236
FILLER_102_126,VGND,li1,64.1700,288.3200,0.000218
FILLER_102_123,VGND,li1,62.7900,288.3200,0.000218
FILLER_102_120,VGND,li1,61.4100,288.3200,0.000209
FILLER_102_117,VGND,li1,60.0300,288.3200,0.000209
FILLER_102_114,VGND,li1,58.6500,288.3200,0.000203
FILLER_102_111,VGND,li1,57.2700,288.3200,0.000197
FILLER_102_108,VGND,li1,55.8900,288.3200,0.000191
FILLER_102_105,VGND,li1,54.5100,288.3200,0.000191
FILLER_102_102,VGND,li1,53.1300,288.3200,0.000184
FILLER_102_56,VGND,li1,31.9700,288.3200,0.000093
FILLER_102_29,VGND,li1,19.3200,288.3200,0.000069
FILLER_102_25,VGND,li1,17.7100,288.3200,0.000069
FILLER_102_22,VGND,li1,16.3300,288.3200,0.000070
FILLER_102_19,VGND,li1,14.9500,288.3200,0.000070
FILLER_102_16,VGND,li1,13.5700,288.3200,0.000070
FILLER_102_13,VGND,li1,12.1900,288.3200,0.000070
FILLER_102_10,VGND,li1,10.8100,288.3200,0.000070
FILLER_102_7,VGND,li1,9.4300,288.3200,0.000071
FILLER_101_687,VGND,li1,321.7700,288.3200,0.000587
FILLER_101_684,VGND,li1,320.8500,288.3200,0.000587
FILLER_101_681,VGND,li1,319.4700,288.3200,0.000587
FILLER_101_670,VGND,li1,314.1800,288.3200,0.000587
FILLER_101_641,VGND,li1,301.0700,288.3200,0.000584
FILLER_101_588,VGND,li1,276.6900,288.3200,0.000559
FILLER_101_585,VGND,li1,275.3100,288.3200,0.000556
FILLER_101_582,VGND,li1,273.9300,288.3200,0.000556
FILLER_101_579,VGND,li1,272.5500,288.3200,0.000553
FILLER_101_576,VGND,li1,271.1700,288.3200,0.000550
FILLER_101_573,VGND,li1,269.7900,288.3200,0.000550
FILLER_101_570,VGND,li1,268.4100,288.3200,0.000547
FILLER_101_567,VGND,li1,267.0300,288.3200,0.000543
FILLER_101_564,VGND,li1,265.6500,288.3200,0.000543
FILLER_101_561,VGND,li1,264.2700,288.3200,0.000539
FILLER_101_533,VGND,li1,251.3900,288.3200,0.000516
FILLER_101_530,VGND,li1,250.0100,288.3200,0.000512
FILLER_101_527,VGND,li1,248.6300,288.3200,0.000512
FILLER_101_517,VGND,li1,243.8000,288.3200,0.000499
FILLER_101_508,VGND,li1,239.6600,288.3200,0.000488
FILLER_101_505,VGND,li1,238.5100,288.3200,0.000488
FILLER_101_501,VGND,li1,236.6700,288.3200,0.000484
FILLER_101_481,VGND,li1,227.4700,288.3200,0.000451
FILLER_101_478,VGND,li1,226.0900,288.3200,0.000451
FILLER_101_464,VGND,li1,219.6500,288.3200,0.000414
FILLER_101_447,VGND,li1,211.3700,288.3200,0.000361
FILLER_101_444,VGND,li1,210.4500,288.3200,0.000361
FILLER_101_409,VGND,li1,193.8900,288.3200,0.000240
FILLER_101_369,VGND,li1,175.4900,288.3200,0.000129
FILLER_101_366,VGND,li1,174.5700,288.3200,0.000129
FILLER_101_363,VGND,li1,173.1900,288.3200,0.000134
FILLER_101_360,VGND,li1,171.8100,288.3200,0.000141
FILLER_101_343,VGND,li1,163.5300,288.3200,0.000163
FILLER_101_340,VGND,li1,162.6100,288.3200,0.000163
FILLER_101_337,VGND,li1,161.2300,288.3200,0.000169
FILLER_101_334,VGND,li1,159.6200,288.3200,0.000169
FILLER_101_323,VGND,li1,154.7900,288.3200,0.000178
FILLER_101_320,VGND,li1,153.4100,288.3200,0.000184
FILLER_101_317,VGND,li1,152.0300,288.3200,0.000184
FILLER_101_314,VGND,li1,150.6500,288.3200,0.000188
FILLER_101_281,VGND,li1,135.2400,288.3200,0.000211
FILLER_101_278,VGND,li1,133.8600,288.3200,0.000211
FILLER_101_275,VGND,li1,132.7100,288.3200,0.000214
FILLER_101_272,VGND,li1,131.3300,288.3200,0.000214
FILLER_101_269,VGND,li1,129.9500,288.3200,0.000217
FILLER_101_266,VGND,li1,128.5700,288.3200,0.000217
FILLER_101_241,VGND,li1,116.6100,288.3200,0.000231
FILLER_101_238,VGND,li1,115.6900,288.3200,0.000231
FILLER_101_235,VGND,li1,114.3100,288.3200,0.000233
FILLER_101_225,VGND,li1,109.4800,288.3200,0.000239
FILLER_101_206,VGND,li1,100.5100,288.3200,0.000243
FILLER_101_203,VGND,li1,99.5900,288.3200,0.000244
FILLER_101_200,VGND,li1,98.2100,288.3200,0.000244
FILLER_101_197,VGND,li1,96.8300,288.3200,0.000245
FILLER_101_186,VGND,li1,91.7700,288.3200,0.000247
FILLER_101_183,VGND,li1,90.3900,288.3200,0.000247
FILLER_101_174,VGND,li1,85.7900,288.3200,0.000249
FILLER_101_160,VGND,li1,79.3500,288.3200,0.000251
FILLER_101_151,VGND,li1,75.2100,288.3200,0.000252
FILLER_101_141,VGND,li1,70.8400,288.3200,0.000236
FILLER_101_113,VGND,li1,58.1900,288.3200,0.000203
FILLER_101_109,VGND,li1,56.3500,288.3200,0.000197
FILLER_101_106,VGND,li1,54.9700,288.3200,0.000191
FILLER_101_92,VGND,li1,48.0700,288.3200,0.000169
FILLER_101_55,VGND,li1,31.0500,288.3200,0.000093
FILLER_101_18,VGND,li1,14.2600,288.3200,0.000070
FILLER_101_15,VGND,li1,13.1100,288.3200,0.000070
FILLER_101_12,VGND,li1,11.7300,288.3200,0.000070
FILLER_101_9,VGND,li1,10.3500,288.3200,0.000071
FILLER_101_6,VGND,li1,8.9700,288.3200,0.000071
FILLER_101_3,VGND,li1,7.5900,288.3200,0.000071
FILLER_100_687,VGND,li1,321.7700,282.8800,0.000460
FILLER_100_643,VGND,li1,301.5300,282.8800,0.000446
FILLER_100_640,VGND,li1,300.6100,282.8800,0.000446
FILLER_100_637,VGND,li1,299.2300,282.8800,0.000443
FILLER_100_592,VGND,li1,278.5300,282.8800,0.000409
FILLER_100_589,VGND,li1,277.1500,282.8800,0.000401
FILLER_100_586,VGND,li1,275.5400,282.8800,0.000401
FILLER_100_583,VGND,li1,274.3900,282.8800,0.000396
FILLER_100_580,VGND,li1,273.0100,282.8800,0.000391
FILLER_100_577,VGND,li1,271.6300,282.8800,0.000391
FILLER_100_574,VGND,li1,270.2500,282.8800,0.000384
FILLER_100_571,VGND,li1,268.8700,282.8800,0.000384
FILLER_100_560,VGND,li1,263.5800,282.8800,0.000370
FILLER_100_542,VGND,li1,255.3000,282.8800,0.000349
FILLER_100_539,VGND,li1,254.1500,282.8800,0.000343
FILLER_100_536,VGND,li1,252.7700,282.8800,0.000343
FILLER_100_533,VGND,li1,251.3900,282.8800,0.000337
FILLER_100_530,VGND,li1,249.7800,282.8800,0.000332
FILLER_100_527,VGND,li1,248.6300,282.8800,0.000332
FILLER_100_517,VGND,li1,243.8000,282.8800,0.000319
FILLER_100_514,VGND,li1,242.6500,282.8800,0.000312
FILLER_100_504,VGND,li1,237.8200,282.8800,0.000302
FILLER_100_486,VGND,li1,229.7700,282.8800,0.000278
FILLER_100_483,VGND,li1,228.3900,282.8800,0.000278
FILLER_100_480,VGND,li1,227.0100,282.8800,0.000273
FILLER_100_477,VGND,li1,225.6300,282.8800,0.000268
FILLER_100_473,VGND,li1,223.7900,282.8800,0.000261
FILLER_100_468,VGND,li1,221.0300,282.8800,0.000256
FILLER_100_465,VGND,li1,220.1100,282.8800,0.000256
FILLER_100_446,VGND,li1,211.1400,282.8800,0.000227
FILLER_100_399,VGND,li1,189.7500,282.8800,0.000143
FILLER_100_396,VGND,li1,188.3700,282.8800,0.000130
FILLER_100_376,VGND,li1,179.1700,282.8800,0.000086
FILLER_100_373,VGND,li1,177.7900,282.8800,0.000086
FILLER_100_362,VGND,li1,172.5000,282.8800,0.000103
FILLER_100_336,VGND,li1,160.3100,282.8800,0.000141
FILLER_100_333,VGND,li1,159.3900,282.8800,0.000141
FILLER_100_330,VGND,li1,158.0100,282.8800,0.000148
FILLER_100_327,VGND,li1,156.6300,282.8800,0.000148
FILLER_100_324,VGND,li1,155.2500,282.8800,0.000155
FILLER_100_321,VGND,li1,153.8700,282.8800,0.000155
FILLER_100_318,VGND,li1,152.4900,282.8800,0.000160
FILLER_100_315,VGND,li1,151.1100,282.8800,0.000165
FILLER_100_312,VGND,li1,149.7300,282.8800,0.000165
FILLER_100_309,VGND,li1,148.3500,282.8800,0.000171
FILLER_100_290,VGND,li1,139.1500,282.8800,0.000190
FILLER_100_287,VGND,li1,138.2300,282.8800,0.000196
FILLER_100_284,VGND,li1,136.8500,282.8800,0.000196
FILLER_100_281,VGND,li1,135.4700,282.8800,0.000201
FILLER_100_278,VGND,li1,134.0900,282.8800,0.000205
FILLER_100_275,VGND,li1,132.7100,282.8800,0.000205
FILLER_100_272,VGND,li1,131.3300,282.8800,0.000211
FILLER_100_269,VGND,li1,129.9500,282.8800,0.000215
FILLER_100_266,VGND,li1,128.5700,282.8800,0.000215
FILLER_100_256,VGND,li1,123.7400,282.8800,0.000226
FILLER_100_253,VGND,li1,122.5900,282.8800,0.000232
FILLER_100_250,VGND,li1,120.9800,282.8800,0.000232
FILLER_100_247,VGND,li1,119.8300,282.8800,0.000237
FILLER_100_244,VGND,li1,118.4500,282.8800,0.000242
FILLER_100_241,VGND,li1,117.0700,282.8800,0.000242
FILLER_100_238,VGND,li1,115.6900,282.8800,0.000248
FILLER_100_235,VGND,li1,114.3100,282.8800,0.000248
FILLER_100_209,VGND,li1,101.8900,282.8800,0.000272
FILLER_100_206,VGND,li1,100.9700,282.8800,0.000272
FILLER_100_203,VGND,li1,99.5900,282.8800,0.000275
FILLER_100_200,VGND,li1,98.2100,282.8800,0.000279
FILLER_100_197,VGND,li1,96.8300,282.8800,0.000279
FILLER_100_195,VGND,li1,95.4500,282.8800,0.000282
FILLER_100_192,VGND,li1,94.5300,282.8800,0.000282
FILLER_100_182,VGND,li1,89.4700,282.8800,0.000289
FILLER_100_173,VGND,li1,85.3300,282.8800,0.000293
FILLER_100_170,VGND,li1,84.4100,282.8800,0.000295
FILLER_100_152,VGND,li1,75.9000,282.8800,0.000301
FILLER_100_141,VGND,li1,70.8400,282.8800,0.000278
FILLER_100_133,VGND,li1,67.3900,282.8800,0.000272
FILLER_100_106,VGND,li1,54.7400,282.8800,0.000222
FILLER_100_96,VGND,li1,49.9100,282.8800,0.000197
FILLER_100_93,VGND,li1,48.9900,282.8800,0.000197
FILLER_100_83,VGND,li1,43.9300,282.8800,0.000177
FILLER_100_18,VGND,li1,14.2600,282.8800,0.000082
FILLER_100_15,VGND,li1,13.1100,282.8800,0.000082
FILLER_100_12,VGND,li1,11.7300,282.8800,0.000082
FILLER_100_9,VGND,li1,10.3500,282.8800,0.000082
FILLER_100_6,VGND,li1,8.9700,282.8800,0.000082
FILLER_100_3,VGND,li1,7.5900,282.8800,0.000082
FILLER_99_687,VGND,li1,321.7700,282.8800,0.000460
FILLER_99_684,VGND,li1,320.8500,282.8800,0.000460
FILLER_99_681,VGND,li1,319.4700,282.8800,0.000460
FILLER_99_670,VGND,li1,314.1800,282.8800,0.000460
FILLER_99_660,VGND,li1,309.5800,282.8800,0.000456
FILLER_99_657,VGND,li1,308.4300,282.8800,0.000456
FILLER_99_647,VGND,li1,303.3700,282.8800,0.000449
FILLER_99_644,VGND,li1,302.4500,282.8800,0.000449
FILLER_99_634,VGND,li1,297.6200,282.8800,0.000443
FILLER_99_631,VGND,li1,296.4700,282.8800,0.000440
FILLER_99_628,VGND,li1,295.0900,282.8800,0.000440
FILLER_99_625,VGND,li1,293.7100,282.8800,0.000437
FILLER_99_590,VGND,li1,277.1500,282.8800,0.000401
FILLER_99_587,VGND,li1,276.2300,282.8800,0.000401
FILLER_99_584,VGND,li1,274.8500,282.8800,0.000396
FILLER_99_581,VGND,li1,273.4700,282.8800,0.000396
FILLER_99_578,VGND,li1,272.0900,282.8800,0.000391
FILLER_99_551,VGND,li1,259.2100,282.8800,0.000355
FILLER_99_548,VGND,li1,258.2900,282.8800,0.000355
FILLER_99_545,VGND,li1,256.9100,282.8800,0.000349
FILLER_99_542,VGND,li1,255.5300,282.8800,0.000349
FILLER_99_508,VGND,li1,239.4300,282.8800,0.000307
FILLER_99_505,VGND,li1,238.5100,282.8800,0.000302
FILLER_99_503,VGND,li1,237.1300,282.8800,0.000298
FILLER_99_500,VGND,li1,236.2100,282.8800,0.000298
FILLER_99_497,VGND,li1,234.8300,282.8800,0.000291
FILLER_99_494,VGND,li1,233.4500,282.8800,0.000291
FILLER_99_491,VGND,li1,232.0700,282.8800,0.000284
FILLER_99_488,VGND,li1,230.6900,282.8800,0.000284
FILLER_99_485,VGND,li1,229.3100,282.8800,0.000278
FILLER_99_482,VGND,li1,227.9300,282.8800,0.000273
FILLER_99_479,VGND,li1,226.5500,282.8800,0.000273
FILLER_99_476,VGND,li1,225.1700,282.8800,0.000268
FILLER_99_449,VGND,li1,212.5200,282.8800,0.000227
FILLER_99_445,VGND,li1,210.9100,282.8800,0.000227
FILLER_99_442,VGND,li1,209.5300,282.8800,0.000220
FILLER_99_439,VGND,li1,208.1500,282.8800,0.000213
FILLER_99_436,VGND,li1,206.7700,282.8800,0.000213
FILLER_99_402,VGND,li1,190.6700,282.8800,0.000143
FILLER_99_399,VGND,li1,189.7500,282.8800,0.000143
FILLER_99_396,VGND,li1,188.3700,282.8800,0.000130
FILLER_99_393,VGND,li1,186.9900,282.8800,0.000130
FILLER_99_389,VGND,li1,185.1500,282.8800,0.000122
FILLER_99_386,VGND,li1,183.7700,282.8800,0.000109
FILLER_99_383,VGND,li1,182.3900,282.8800,0.000109
FILLER_99_380,VGND,li1,181.0100,282.8800,0.000095
FILLER_99_377,VGND,li1,179.6300,282.8800,0.000095
FILLER_99_374,VGND,li1,178.2500,282.8800,0.000086
FILLER_99_371,VGND,li1,176.8700,282.8800,0.000094
FILLER_99_337,VGND,li1,160.7700,282.8800,0.000141
FILLER_99_317,VGND,li1,152.0300,282.8800,0.000160
FILLER_99_314,VGND,li1,150.6500,282.8800,0.000165
FILLER_99_296,VGND,li1,141.9100,282.8800,0.000186
FILLER_99_293,VGND,li1,140.9900,282.8800,0.000186
FILLER_99_290,VGND,li1,139.6100,282.8800,0.000190
FILLER_99_287,VGND,li1,138.2300,282.8800,0.000196
FILLER_99_284,VGND,li1,136.8500,282.8800,0.000196
FILLER_99_281,VGND,li1,135.4700,282.8800,0.000201
FILLER_99_279,VGND,li1,134.0900,282.8800,0.000205
FILLER_99_276,VGND,li1,133.1700,282.8800,0.000205
FILLER_99_273,VGND,li1,131.7900,282.8800,0.000211
FILLER_99_270,VGND,li1,130.4100,282.8800,0.000211
FILLER_99_267,VGND,li1,129.0300,282.8800,0.000215
FILLER_99_264,VGND,li1,127.6500,282.8800,0.000221
FILLER_99_254,VGND,li1,122.5900,282.8800,0.000232
FILLER_99_251,VGND,li1,121.6700,282.8800,0.000232
FILLER_99_241,VGND,li1,116.8400,282.8800,0.000242
FILLER_99_205,VGND,li1,100.2800,282.8800,0.000275
FILLER_99_202,VGND,li1,99.1300,282.8800,0.000275
FILLER_99_199,VGND,li1,97.7500,282.8800,0.000279
FILLER_99_179,VGND,li1,88.5500,282.8800,0.000291
FILLER_99_169,VGND,li1,83.7200,282.8800,0.000295
FILLER_99_137,VGND,li1,69.2300,282.8800,0.000278
FILLER_99_134,VGND,li1,67.8500,282.8800,0.000272
FILLER_99_116,VGND,li1,59.3400,282.8800,0.000242
FILLER_99_113,VGND,li1,58.1900,282.8800,0.000231
FILLER_99_111,VGND,li1,56.8100,282.8800,0.000231
FILLER_99_108,VGND,li1,55.8900,282.8800,0.000222
FILLER_99_105,VGND,li1,54.5100,282.8800,0.000222
FILLER_99_102,VGND,li1,53.1300,282.8800,0.000212
FILLER_99_99,VGND,li1,51.7500,282.8800,0.000205
FILLER_99_96,VGND,li1,50.3700,282.8800,0.000205
FILLER_99_60,VGND,li1,33.3500,282.8800,0.000124
FILLER_99_57,VGND,li1,32.4300,282.8800,0.000124
FILLER_99_53,VGND,li1,30.5900,282.8800,0.000115
FILLER_99_40,VGND,li1,24.3800,282.8800,0.000082
FILLER_99_37,VGND,li1,23.2300,282.8800,0.000082
FILLER_99_18,VGND,li1,14.4900,282.8800,0.000082
FILLER_99_15,VGND,li1,13.1100,282.8800,0.000082
FILLER_99_12,VGND,li1,11.7300,282.8800,0.000082
FILLER_99_9,VGND,li1,10.3500,282.8800,0.000082
FILLER_99_6,VGND,li1,8.9700,282.8800,0.000082
FILLER_99_3,VGND,li1,7.5900,282.8800,0.000082
FILLER_98_679,VGND,li1,318.0900,277.4400,0.000967
FILLER_98_645,VGND,li1,302.9100,277.4400,0.000955
FILLER_98_642,VGND,li1,301.3000,277.4400,0.000953
FILLER_98_639,VGND,li1,300.1500,277.4400,0.000950
FILLER_98_636,VGND,li1,298.7700,277.4400,0.000950
FILLER_98_633,VGND,li1,297.3900,277.4400,0.000948
FILLER_98_630,VGND,li1,296.0100,277.4400,0.000945
FILLER_98_627,VGND,li1,294.6300,277.4400,0.000945
FILLER_98_624,VGND,li1,293.2500,277.4400,0.000943
FILLER_98_598,VGND,li1,280.8300,277.4400,0.000912
FILLER_98_595,VGND,li1,279.9100,277.4400,0.000912
FILLER_98_592,VGND,li1,278.5300,277.4400,0.000904
FILLER_98_589,VGND,li1,277.1500,277.4400,0.000896
FILLER_98_586,VGND,li1,275.5400,277.4400,0.000887
FILLER_98_583,VGND,li1,274.3900,277.4400,0.000887
FILLER_98_580,VGND,li1,273.0100,277.4400,0.000874
FILLER_98_577,VGND,li1,271.6300,277.4400,0.000874
FILLER_98_541,VGND,li1,255.0700,277.4400,0.000784
FILLER_98_506,VGND,li1,238.5100,277.4400,0.000674
FILLER_98_503,VGND,li1,237.5900,277.4400,0.000656
FILLER_98_500,VGND,li1,236.2100,277.4400,0.000656
FILLER_98_497,VGND,li1,234.8300,277.4400,0.000636
FILLER_98_494,VGND,li1,233.4500,277.4400,0.000636
FILLER_98_491,VGND,li1,232.0700,277.4400,0.000615
FILLER_98_488,VGND,li1,230.6900,277.4400,0.000615
FILLER_98_477,VGND,li1,225.6300,277.4400,0.000570
FILLER_98_441,VGND,li1,208.8400,277.4400,0.000434
FILLER_98_438,VGND,li1,207.6900,277.4400,0.000412
FILLER_98_435,VGND,li1,206.3100,277.4400,0.000412
FILLER_98_432,VGND,li1,204.9300,277.4400,0.000388
FILLER_98_429,VGND,li1,203.5500,277.4400,0.000388
FILLER_98_419,VGND,li1,198.4900,277.4400,0.000343
FILLER_98_408,VGND,li1,193.8900,277.4400,0.000296
FILLER_98_405,VGND,li1,192.5100,277.4400,0.000275
FILLER_98_390,VGND,li1,185.6100,277.4400,0.000228
FILLER_98_387,VGND,li1,184.2300,277.4400,0.000203
FILLER_98_384,VGND,li1,182.8500,277.4400,0.000203
FILLER_98_381,VGND,li1,181.4700,277.4400,0.000178
FILLER_98_378,VGND,li1,180.0900,277.4400,0.000178
FILLER_98_368,VGND,li1,175.2600,277.4400,0.000169
FILLER_98_365,VGND,li1,174.1100,277.4400,0.000185
FILLER_98_363,VGND,li1,172.7300,277.4400,0.000185
FILLER_98_360,VGND,li1,171.8100,277.4400,0.000199
FILLER_98_357,VGND,li1,170.4300,277.4400,0.000199
FILLER_98_317,VGND,li1,151.5700,277.4400,0.000297
FILLER_98_288,VGND,li1,138.6900,277.4400,0.000352
FILLER_98_285,VGND,li1,137.3100,277.4400,0.000359
FILLER_98_282,VGND,li1,135.9300,277.4400,0.000367
FILLER_98_279,VGND,li1,134.5500,277.4400,0.000367
FILLER_98_276,VGND,li1,133.1700,277.4400,0.000377
FILLER_98_273,VGND,li1,131.7900,277.4400,0.000377
FILLER_98_270,VGND,li1,130.4100,277.4400,0.000385
FILLER_98_251,VGND,li1,121.2100,277.4400,0.000411
FILLER_98_234,VGND,li1,113.3900,277.4400,0.000430
FILLER_98_215,VGND,li1,104.8800,277.4400,0.000411
FILLER_98_206,VGND,li1,100.5100,277.4400,0.000401
FILLER_98_168,VGND,li1,83.4900,277.4400,0.000342
FILLER_98_165,VGND,li1,82.1100,277.4400,0.000342
FILLER_98_147,VGND,li1,73.3700,277.4400,0.000300
FILLER_98_141,VGND,li1,70.8400,277.4400,0.000290
FILLER_98_137,VGND,li1,69.2300,277.4400,0.000279
FILLER_98_134,VGND,li1,67.8500,277.4400,0.000279
FILLER_98_131,VGND,li1,66.4700,277.4400,0.000270
FILLER_98_121,VGND,li1,61.8700,277.4400,0.000249
FILLER_98_118,VGND,li1,60.4900,277.4400,0.000236
FILLER_98_115,VGND,li1,59.1100,277.4400,0.000236
FILLER_98_112,VGND,li1,57.7300,277.4400,0.000222
FILLER_98_109,VGND,li1,56.3500,277.4400,0.000222
FILLER_98_100,VGND,li1,51.7500,277.4400,0.000199
FILLER_98_97,VGND,li1,50.8300,277.4400,0.000188
FILLER_98_94,VGND,li1,49.4500,277.4400,0.000188
FILLER_98_91,VGND,li1,48.0700,277.4400,0.000176
FILLER_98_88,VGND,li1,46.6900,277.4400,0.000167
FILLER_98_85,VGND,li1,45.3100,277.4400,0.000167
FILLER_98_81,VGND,li1,43.4700,277.4400,0.000158
FILLER_98_72,VGND,li1,38.8700,277.4400,0.000133
FILLER_98_61,VGND,li1,34.2700,277.4400,0.000103
FILLER_98_58,VGND,li1,32.8900,277.4400,0.000103
FILLER_98_55,VGND,li1,31.5100,277.4400,0.000092
FILLER_98_52,VGND,li1,30.1300,277.4400,0.000082
FILLER_98_49,VGND,li1,28.7500,277.4400,0.000082
FILLER_98_40,VGND,li1,24.1500,277.4400,0.000058
FILLER_98_29,VGND,li1,19.5500,277.4400,0.000060
FILLER_98_27,VGND,li1,18.1700,277.4400,0.000060
FILLER_98_24,VGND,li1,17.2500,277.4400,0.000060
FILLER_98_21,VGND,li1,15.8700,277.4400,0.000060
FILLER_98_18,VGND,li1,14.4900,277.4400,0.000060
FILLER_98_15,VGND,li1,13.1100,277.4400,0.000060
FILLER_98_12,VGND,li1,11.7300,277.4400,0.000060
FILLER_98_9,VGND,li1,10.3500,277.4400,0.000060
FILLER_98_6,VGND,li1,8.9700,277.4400,0.000060
FILLER_98_3,VGND,li1,7.5900,277.4400,0.000060
FILLER_97_685,VGND,li1,321.3100,277.4400,0.000968
FILLER_97_655,VGND,li1,307.0500,277.4400,0.000959
FILLER_97_652,VGND,li1,306.1300,277.4400,0.000957
FILLER_97_641,VGND,li1,301.0700,277.4400,0.000953
FILLER_97_638,VGND,li1,299.6900,277.4400,0.000950
FILLER_97_635,VGND,li1,298.3100,277.4400,0.000948
FILLER_97_632,VGND,li1,296.9300,277.4400,0.000948
FILLER_97_629,VGND,li1,295.5500,277.4400,0.000945
FILLER_97_626,VGND,li1,294.1700,277.4400,0.000943
FILLER_97_623,VGND,li1,292.7900,277.4400,0.000943
FILLER_97_620,VGND,li1,291.4100,277.4400,0.000940
FILLER_97_617,VGND,li1,290.0300,277.4400,0.000940
FILLER_97_615,VGND,li1,288.6500,277.4400,0.000937
FILLER_97_612,VGND,li1,287.7300,277.4400,0.000937
FILLER_97_592,VGND,li1,278.0700,277.4400,0.000904
FILLER_97_589,VGND,li1,277.1500,277.4400,0.000896
FILLER_97_586,VGND,li1,275.7700,277.4400,0.000887
FILLER_97_550,VGND,li1,258.7500,277.4400,0.000798
FILLER_97_547,VGND,li1,257.8300,277.4400,0.000798
FILLER_97_544,VGND,li1,256.4500,277.4400,0.000784
FILLER_97_508,VGND,li1,239.6600,277.4400,0.000674
FILLER_97_505,VGND,li1,238.5100,277.4400,0.000674
FILLER_97_503,VGND,li1,237.1300,277.4400,0.000656
FILLER_97_500,VGND,li1,236.2100,277.4400,0.000656
FILLER_97_497,VGND,li1,234.8300,277.4400,0.000636
FILLER_97_494,VGND,li1,233.4500,277.4400,0.000636
FILLER_97_491,VGND,li1,232.0700,277.4400,0.000615
FILLER_97_488,VGND,li1,230.6900,277.4400,0.000615
FILLER_97_460,VGND,li1,217.8100,277.4400,0.000506
FILLER_97_449,VGND,li1,212.5200,277.4400,0.000455
FILLER_97_447,VGND,li1,211.3700,277.4400,0.000455
FILLER_97_444,VGND,li1,210.4500,277.4400,0.000434
FILLER_97_441,VGND,li1,209.0700,277.4400,0.000434
FILLER_97_438,VGND,li1,207.6900,277.4400,0.000412
FILLER_97_435,VGND,li1,206.3100,277.4400,0.000412
FILLER_97_432,VGND,li1,204.9300,277.4400,0.000388
FILLER_97_429,VGND,li1,203.5500,277.4400,0.000388
FILLER_97_426,VGND,li1,202.1700,277.4400,0.000363
FILLER_97_423,VGND,li1,200.7900,277.4400,0.000363
FILLER_97_418,VGND,li1,198.4900,277.4400,0.000343
FILLER_97_415,VGND,li1,197.1100,277.4400,0.000318
FILLER_97_412,VGND,li1,195.7300,277.4400,0.000318
FILLER_97_403,VGND,li1,191.1300,277.4400,0.000275
FILLER_97_393,VGND,li1,186.7600,277.4400,0.000228
FILLER_97_381,VGND,li1,181.4700,277.4400,0.000178
FILLER_97_378,VGND,li1,180.0900,277.4400,0.000178
FILLER_97_326,VGND,li1,155.9400,277.4400,0.000276
FILLER_97_323,VGND,li1,154.7900,277.4400,0.000287
FILLER_97_313,VGND,li1,149.7300,277.4400,0.000307
FILLER_97_287,VGND,li1,137.7700,277.4400,0.000359
FILLER_97_284,VGND,li1,136.8500,277.4400,0.000359
FILLER_97_281,VGND,li1,135.4700,277.4400,0.000367
FILLER_97_271,VGND,li1,130.4100,277.4400,0.000385
FILLER_97_268,VGND,li1,129.4900,277.4400,0.000385
FILLER_97_242,VGND,li1,117.0700,277.4400,0.000425
FILLER_97_228,VGND,li1,111.0900,277.4400,0.000425
FILLER_97_225,VGND,li1,109.7100,277.4400,0.000422
FILLER_97_223,VGND,li1,108.3300,277.4400,0.000417
FILLER_97_220,VGND,li1,107.4100,277.4400,0.000417
FILLER_97_217,VGND,li1,106.0300,277.4400,0.000411
FILLER_97_214,VGND,li1,104.6500,277.4400,0.000411
FILLER_97_177,VGND,li1,87.6300,277.4400,0.000363
FILLER_97_165,VGND,li1,82.1100,277.4400,0.000342
FILLER_97_136,VGND,li1,68.7700,277.4400,0.000279
FILLER_97_133,VGND,li1,67.3900,277.4400,0.000270
FILLER_97_130,VGND,li1,66.0100,277.4400,0.000270
FILLER_97_127,VGND,li1,64.6300,277.4400,0.000261
FILLER_97_124,VGND,li1,63.2500,277.4400,0.000249
FILLER_97_121,VGND,li1,61.8700,277.4400,0.000249
FILLER_97_109,VGND,li1,56.3500,277.4400,0.000222
FILLER_97_89,VGND,li1,47.1500,277.4400,0.000176
FILLER_97_71,VGND,li1,38.6400,277.4400,0.000133
FILLER_97_60,VGND,li1,33.8100,277.4400,0.000103
FILLER_97_57,VGND,li1,32.4300,277.4400,0.000092
FILLER_97_54,VGND,li1,30.8200,277.4400,0.000092
FILLER_97_51,VGND,li1,29.6700,277.4400,0.000082
FILLER_97_42,VGND,li1,25.0700,277.4400,0.000058
FILLER_97_39,VGND,li1,24.1500,277.4400,0.000058
FILLER_97_21,VGND,li1,15.4100,277.4400,0.000060
FILLER_97_18,VGND,li1,14.4900,277.4400,0.000060
FILLER_97_15,VGND,li1,13.1100,277.4400,0.000060
FILLER_97_12,VGND,li1,11.7300,277.4400,0.000060
FILLER_97_9,VGND,li1,10.3500,277.4400,0.000060
FILLER_97_6,VGND,li1,8.9700,277.4400,0.000060
FILLER_97_3,VGND,li1,7.5900,277.4400,0.000060
FILLER_96_685,VGND,li1,321.3100,272.0000,0.001596
FILLER_96_682,VGND,li1,319.9300,272.0000,0.001596
FILLER_96_671,VGND,li1,314.8700,272.0000,0.001596
FILLER_96_645,VGND,li1,302.4500,272.0000,0.001565
FILLER_96_637,VGND,li1,299.2300,272.0000,0.001555
FILLER_96_634,VGND,li1,297.8500,272.0000,0.001545
FILLER_96_631,VGND,li1,296.4700,272.0000,0.001545
FILLER_96_628,VGND,li1,295.0900,272.0000,0.001535
FILLER_96_625,VGND,li1,293.7100,272.0000,0.001535
FILLER_96_616,VGND,li1,289.1100,272.0000,0.001512
FILLER_96_598,VGND,li1,280.8300,272.0000,0.001482
FILLER_96_595,VGND,li1,279.9100,272.0000,0.001471
FILLER_96_592,VGND,li1,278.5300,272.0000,0.001471
FILLER_96_589,VGND,li1,277.1500,272.0000,0.001459
FILLER_96_586,VGND,li1,275.5400,272.0000,0.001450
FILLER_96_583,VGND,li1,274.3900,272.0000,0.001450
FILLER_96_544,VGND,li1,256.4500,272.0000,0.001321
FILLER_96_541,VGND,li1,255.0700,272.0000,0.001321
FILLER_96_530,VGND,li1,249.7800,272.0000,0.001267
FILLER_96_511,VGND,li1,241.0400,272.0000,0.001160
FILLER_96_494,VGND,li1,232.9900,272.0000,0.001066
FILLER_96_439,VGND,li1,208.1500,272.0000,0.000734
FILLER_96_436,VGND,li1,206.7700,272.0000,0.000690
FILLER_96_433,VGND,li1,205.3900,272.0000,0.000690
FILLER_96_430,VGND,li1,204.0100,272.0000,0.000656
FILLER_96_427,VGND,li1,202.6300,272.0000,0.000619
FILLER_96_424,VGND,li1,201.2500,272.0000,0.000619
FILLER_96_421,VGND,li1,199.8700,272.0000,0.000574
FILLER_96_418,VGND,li1,198.2600,272.0000,0.000574
FILLER_96_415,VGND,li1,197.1100,272.0000,0.000533
FILLER_96_412,VGND,li1,195.7300,272.0000,0.000533
FILLER_96_384,VGND,li1,182.6200,272.0000,0.000293
FILLER_96_381,VGND,li1,181.4700,272.0000,0.000293
FILLER_96_363,VGND,li1,172.7300,272.0000,0.000254
FILLER_96_360,VGND,li1,171.8100,272.0000,0.000262
FILLER_96_357,VGND,li1,170.4300,272.0000,0.000262
FILLER_96_331,VGND,li1,158.4700,272.0000,0.000290
FILLER_96_312,VGND,li1,149.5000,272.0000,0.000304
FILLER_96_309,VGND,li1,148.3500,272.0000,0.000308
FILLER_96_306,VGND,li1,146.7400,272.0000,0.000308
FILLER_96_290,VGND,li1,139.1500,272.0000,0.000317
FILLER_96_287,VGND,li1,138.2300,272.0000,0.000319
FILLER_96_251,VGND,li1,121.2100,272.0000,0.000332
FILLER_96_222,VGND,li1,107.8700,272.0000,0.000329
FILLER_96_219,VGND,li1,106.9500,272.0000,0.000326
FILLER_96_216,VGND,li1,105.5700,272.0000,0.000326
FILLER_96_213,VGND,li1,104.1900,272.0000,0.000324
FILLER_96_176,VGND,li1,87.1700,272.0000,0.000296
FILLER_96_141,VGND,li1,70.8400,272.0000,0.000256
FILLER_96_122,VGND,li1,61.8700,272.0000,0.000227
FILLER_96_119,VGND,li1,60.9500,272.0000,0.000227
FILLER_96_83,VGND,li1,43.9300,272.0000,0.000155
FILLER_96_80,VGND,li1,43.0100,272.0000,0.000155
FILLER_96_61,VGND,li1,34.0400,272.0000,0.000104
FILLER_96_58,VGND,li1,32.8900,272.0000,0.000104
FILLER_96_55,VGND,li1,31.5100,272.0000,0.000094
FILLER_96_29,VGND,li1,19.0900,272.0000,0.000070
FILLER_96_9,VGND,li1,10.3500,272.0000,0.000072
FILLER_96_6,VGND,li1,8.9700,272.0000,0.000072
FILLER_96_3,VGND,li1,7.5900,272.0000,0.000072
FILLER_95_687,VGND,li1,321.7700,272.0000,0.001596
FILLER_95_684,VGND,li1,320.8500,272.0000,0.001596
FILLER_95_681,VGND,li1,319.4700,272.0000,0.001596
FILLER_95_635,VGND,li1,297.8500,272.0000,0.001545
FILLER_95_632,VGND,li1,296.9300,272.0000,0.001545
FILLER_95_615,VGND,li1,288.6500,272.0000,0.001512
FILLER_95_612,VGND,li1,287.7300,272.0000,0.001512
FILLER_95_586,VGND,li1,275.3100,272.0000,0.001450
FILLER_95_558,VGND,li1,262.6600,272.0000,0.001387
FILLER_95_547,VGND,li1,257.8300,272.0000,0.001350
FILLER_95_544,VGND,li1,256.4500,272.0000,0.001321
FILLER_95_541,VGND,li1,255.0700,272.0000,0.001321
FILLER_95_538,VGND,li1,253.6900,272.0000,0.001295
FILLER_95_511,VGND,li1,240.8100,272.0000,0.001160
FILLER_95_508,VGND,li1,239.8900,272.0000,0.001160
FILLER_95_505,VGND,li1,238.5100,272.0000,0.001130
FILLER_95_503,VGND,li1,237.1300,272.0000,0.001130
FILLER_95_460,VGND,li1,217.3500,272.0000,0.000883
FILLER_95_449,VGND,li1,212.7500,272.0000,0.000809
FILLER_95_429,VGND,li1,203.3200,272.0000,0.000656
FILLER_95_418,VGND,li1,198.4900,272.0000,0.000574
FILLER_95_389,VGND,li1,185.1500,272.0000,0.000357
FILLER_95_295,VGND,li1,141.4500,272.0000,0.000315
FILLER_95_286,VGND,li1,137.3100,272.0000,0.000319
FILLER_95_245,VGND,li1,118.4500,272.0000,0.000333
FILLER_95_242,VGND,li1,117.5300,272.0000,0.000333
FILLER_95_221,VGND,li1,107.8700,272.0000,0.000329
FILLER_95_218,VGND,li1,106.4900,272.0000,0.000326
FILLER_95_215,VGND,li1,105.1100,272.0000,0.000324
FILLER_95_212,VGND,li1,103.7300,272.0000,0.000324
FILLER_95_209,VGND,li1,102.3500,272.0000,0.000320
FILLER_95_206,VGND,li1,100.9700,272.0000,0.000320
FILLER_95_187,VGND,li1,92.0000,272.0000,0.000305
FILLER_95_184,VGND,li1,90.8500,272.0000,0.000300
FILLER_95_181,VGND,li1,89.4700,272.0000,0.000300
FILLER_95_178,VGND,li1,88.0900,272.0000,0.000296
FILLER_95_175,VGND,li1,86.7100,272.0000,0.000292
FILLER_95_172,VGND,li1,85.3300,272.0000,0.000292
FILLER_95_169,VGND,li1,83.9500,272.0000,0.000288
FILLER_95_140,VGND,li1,70.6100,272.0000,0.000256
FILLER_95_131,VGND,li1,66.0100,272.0000,0.000243
FILLER_95_116,VGND,li1,59.1100,272.0000,0.000220
FILLER_95_113,VGND,li1,58.1900,272.0000,0.000213
FILLER_95_111,VGND,li1,56.8100,272.0000,0.000213
FILLER_95_91,VGND,li1,48.0700,272.0000,0.000171
FILLER_95_88,VGND,li1,46.6900,272.0000,0.000171
FILLER_95_60,VGND,li1,33.5800,272.0000,0.000104
FILLER_95_57,VGND,li1,32.4300,272.0000,0.000104
FILLER_95_53,VGND,li1,30.5900,272.0000,0.000094
FILLER_95_9,VGND,li1,9.8900,272.0000,0.000072
FILLER_95_6,VGND,li1,8.9700,272.0000,0.000072
FILLER_95_3,VGND,li1,7.5900,272.0000,0.000072
FILLER_94_679,VGND,li1,318.0900,266.5600,0.001056
FILLER_94_589,VGND,li1,277.1500,266.5600,0.000974
FILLER_94_585,VGND,li1,275.3100,266.5600,0.000969
FILLER_94_582,VGND,li1,273.9300,266.5600,0.000964
FILLER_94_579,VGND,li1,272.5500,266.5600,0.000964
FILLER_94_568,VGND,li1,267.4900,266.5600,0.000950
FILLER_94_556,VGND,li1,261.5100,266.5600,0.000930
FILLER_94_553,VGND,li1,260.5900,266.5600,0.000922
FILLER_94_550,VGND,li1,259.2100,266.5600,0.000922
FILLER_94_547,VGND,li1,257.8300,266.5600,0.000915
FILLER_94_544,VGND,li1,256.4500,266.5600,0.000906
FILLER_94_541,VGND,li1,255.0700,266.5600,0.000906
FILLER_94_519,VGND,li1,244.7200,266.5600,0.000853
FILLER_94_509,VGND,li1,240.1200,266.5600,0.000815
FILLER_94_506,VGND,li1,238.9700,266.5600,0.000795
FILLER_94_503,VGND,li1,237.5900,266.5600,0.000795
FILLER_94_457,VGND,li1,216.2000,266.5600,0.000611
FILLER_94_429,VGND,li1,203.3200,266.5600,0.000483
FILLER_94_419,VGND,li1,198.4900,266.5600,0.000421
FILLER_94_416,VGND,li1,197.5700,266.5600,0.000421
FILLER_94_413,VGND,li1,196.1900,266.5600,0.000402
FILLER_94_384,VGND,li1,182.8500,266.5600,0.000255
FILLER_94_381,VGND,li1,181.4700,266.5600,0.000234
FILLER_94_368,VGND,li1,175.2600,266.5600,0.000233
FILLER_94_365,VGND,li1,174.1100,266.5600,0.000233
FILLER_94_362,VGND,li1,172.5000,266.5600,0.000250
FILLER_94_352,VGND,li1,167.9000,266.5600,0.000289
FILLER_94_349,VGND,li1,166.7500,266.5600,0.000289
FILLER_94_346,VGND,li1,165.3700,266.5600,0.000302
FILLER_94_343,VGND,li1,163.9900,266.5600,0.000316
FILLER_94_340,VGND,li1,162.6100,266.5600,0.000316
FILLER_94_337,VGND,li1,161.2300,266.5600,0.000334
FILLER_94_309,VGND,li1,148.1200,266.5600,0.000398
FILLER_94_307,VGND,li1,146.9700,266.5600,0.000398
FILLER_94_298,VGND,li1,142.8300,266.5600,0.000408
FILLER_94_295,VGND,li1,141.9100,266.5600,0.000412
FILLER_94_256,VGND,li1,123.9700,266.5600,0.000448
FILLER_94_253,VGND,li1,122.5900,266.5600,0.000445
FILLER_94_224,VGND,li1,109.0200,266.5600,0.000427
FILLER_94_215,VGND,li1,104.6500,266.5600,0.000419
FILLER_94_212,VGND,li1,103.7300,266.5600,0.000419
FILLER_94_209,VGND,li1,102.3500,266.5600,0.000415
FILLER_94_206,VGND,li1,100.9700,266.5600,0.000415
FILLER_94_203,VGND,li1,99.5900,266.5600,0.000411
FILLER_94_200,VGND,li1,98.2100,266.5600,0.000411
FILLER_94_197,VGND,li1,96.8300,266.5600,0.000407
FILLER_94_195,VGND,li1,95.4500,266.5600,0.000407
FILLER_94_183,VGND,li1,89.9300,266.5600,0.000391
FILLER_94_180,VGND,li1,89.0100,266.5600,0.000382
FILLER_94_177,VGND,li1,87.6300,266.5600,0.000374
FILLER_94_174,VGND,li1,86.2500,266.5600,0.000374
FILLER_94_171,VGND,li1,84.8700,266.5600,0.000363
FILLER_94_168,VGND,li1,83.4900,266.5600,0.000355
FILLER_94_165,VGND,li1,82.1100,266.5600,0.000355
FILLER_94_147,VGND,li1,73.6000,266.5600,0.000314
FILLER_94_144,VGND,li1,72.4500,266.5600,0.000304
FILLER_94_141,VGND,li1,71.0700,266.5600,0.000304
FILLER_94_138,VGND,li1,69.4600,266.5600,0.000295
FILLER_94_135,VGND,li1,68.3100,266.5600,0.000284
FILLER_94_132,VGND,li1,66.9300,266.5600,0.000284
FILLER_94_82,VGND,li1,43.7000,266.5600,0.000169
FILLER_94_79,VGND,li1,42.5500,266.5600,0.000160
FILLER_94_61,VGND,li1,33.8100,266.5600,0.000113
FILLER_94_32,VGND,li1,20.9300,266.5600,0.000066
FILLER_94_29,VGND,li1,19.5500,266.5600,0.000067
FILLER_94_17,VGND,li1,14.0300,266.5600,0.000067
FILLER_94_14,VGND,li1,12.6500,266.5600,0.000068
FILLER_94_11,VGND,li1,11.2700,266.5600,0.000068
FILLER_93_687,VGND,li1,321.7700,266.5600,0.001056
FILLER_93_684,VGND,li1,320.8500,266.5600,0.001056
FILLER_93_681,VGND,li1,319.4700,266.5600,0.001056
FILLER_93_671,VGND,li1,314.4100,266.5600,0.001055
FILLER_93_634,VGND,li1,297.8500,266.5600,0.001030
FILLER_93_617,VGND,li1,289.5700,266.5600,0.001009
FILLER_93_589,VGND,li1,276.6900,266.5600,0.000974
FILLER_93_586,VGND,li1,275.7700,266.5600,0.000969
FILLER_93_583,VGND,li1,274.3900,266.5600,0.000969
FILLER_93_580,VGND,li1,273.0100,266.5600,0.000964
FILLER_93_577,VGND,li1,271.6300,266.5600,0.000957
FILLER_93_557,VGND,li1,262.4300,266.5600,0.000930
FILLER_93_554,VGND,li1,261.0500,266.5600,0.000930
FILLER_93_551,VGND,li1,259.6700,266.5600,0.000922
FILLER_93_543,VGND,li1,255.5300,266.5600,0.000906
FILLER_93_505,VGND,li1,238.5100,266.5600,0.000795
FILLER_93_501,VGND,li1,236.6700,266.5600,0.000774
FILLER_93_498,VGND,li1,235.2900,266.5600,0.000774
FILLER_93_430,VGND,li1,203.5500,266.5600,0.000483
FILLER_93_404,VGND,li1,191.5900,266.5600,0.000352
FILLER_93_393,VGND,li1,186.7600,266.5600,0.000284
FILLER_93_383,VGND,li1,181.9300,266.5600,0.000234
FILLER_93_380,VGND,li1,181.0100,266.5600,0.000234
FILLER_93_360,VGND,li1,171.8100,266.5600,0.000250
FILLER_93_357,VGND,li1,170.4300,266.5600,0.000269
FILLER_93_354,VGND,li1,169.0500,266.5600,0.000269
FILLER_93_351,VGND,li1,167.6700,266.5600,0.000289
FILLER_93_348,VGND,li1,166.2900,266.5600,0.000289
FILLER_93_345,VGND,li1,164.9100,266.5600,0.000302
FILLER_93_335,VGND,li1,159.8500,266.5600,0.000334
FILLER_93_332,VGND,li1,158.9300,266.5600,0.000350
FILLER_93_329,VGND,li1,157.5500,266.5600,0.000350
FILLER_93_296,VGND,li1,142.3700,266.5600,0.000412
FILLER_93_293,VGND,li1,140.9900,266.5600,0.000412
FILLER_93_284,VGND,li1,136.3900,266.5600,0.000423
FILLER_93_281,VGND,li1,135.4700,266.5600,0.000428
FILLER_93_278,VGND,li1,133.8600,266.5600,0.000433
FILLER_93_253,VGND,li1,122.1300,266.5600,0.000445
FILLER_93_228,VGND,li1,110.6300,266.5600,0.000430
FILLER_93_225,VGND,li1,109.7100,266.5600,0.000427
FILLER_93_215,VGND,li1,104.6500,266.5600,0.000419
FILLER_93_212,VGND,li1,103.7300,266.5600,0.000419
FILLER_93_209,VGND,li1,102.3500,266.5600,0.000415
FILLER_93_206,VGND,li1,100.9700,266.5600,0.000415
FILLER_93_203,VGND,li1,99.5900,266.5600,0.000411
FILLER_93_200,VGND,li1,98.2100,266.5600,0.000411
FILLER_93_197,VGND,li1,96.8300,266.5600,0.000407
FILLER_93_181,VGND,li1,89.2400,266.5600,0.000382
FILLER_93_178,VGND,li1,88.0900,266.5600,0.000382
FILLER_93_175,VGND,li1,86.7100,266.5600,0.000374
FILLER_93_172,VGND,li1,85.3300,266.5600,0.000363
FILLER_93_169,VGND,li1,83.9500,266.5600,0.000363
FILLER_93_165,VGND,li1,82.1100,266.5600,0.000355
FILLER_93_162,VGND,li1,80.7300,266.5600,0.000342
FILLER_93_159,VGND,li1,79.3500,266.5600,0.000342
FILLER_93_140,VGND,li1,70.6100,266.5600,0.000295
FILLER_93_137,VGND,li1,69.2300,266.5600,0.000295
FILLER_93_134,VGND,li1,67.8500,266.5600,0.000284
FILLER_93_116,VGND,li1,59.3400,266.5600,0.000241
FILLER_93_113,VGND,li1,58.1900,266.5600,0.000241
FILLER_93_111,VGND,li1,56.8100,266.5600,0.000230
FILLER_93_108,VGND,li1,55.8900,266.5600,0.000230
FILLER_93_98,VGND,li1,51.0600,266.5600,0.000204
FILLER_93_95,VGND,li1,49.9100,266.5600,0.000193
FILLER_93_92,VGND,li1,48.5300,266.5600,0.000193
FILLER_93_89,VGND,li1,47.1500,266.5600,0.000180
FILLER_93_86,VGND,li1,45.7700,266.5600,0.000180
FILLER_93_83,VGND,li1,44.3900,266.5600,0.000169
FILLER_93_60,VGND,li1,33.3500,266.5600,0.000113
FILLER_93_57,VGND,li1,32.4300,266.5600,0.000103
FILLER_93_54,VGND,li1,30.8200,266.5600,0.000092
FILLER_93_51,VGND,li1,29.6700,266.5600,0.000092
FILLER_93_24,VGND,li1,17.0200,266.5600,0.000067
FILLER_93_21,VGND,li1,15.8700,266.5600,0.000067
FILLER_93_18,VGND,li1,14.4900,266.5600,0.000067
FILLER_93_15,VGND,li1,13.1100,266.5600,0.000067
FILLER_93_12,VGND,li1,11.7300,266.5600,0.000068
FILLER_93_9,VGND,li1,10.3500,266.5600,0.000068
FILLER_93_6,VGND,li1,8.9700,266.5600,0.000068
FILLER_93_3,VGND,li1,7.5900,266.5600,0.000068
FILLER_92_659,VGND,li1,309.3500,261.1200,0.000611
FILLER_92_648,VGND,li1,304.0600,261.1200,0.000610
FILLER_92_645,VGND,li1,302.9100,261.1200,0.000609
FILLER_92_643,VGND,li1,301.5300,261.1200,0.000609
FILLER_92_640,VGND,li1,300.6100,261.1200,0.000608
FILLER_92_637,VGND,li1,299.2300,261.1200,0.000608
FILLER_92_634,VGND,li1,297.8500,261.1200,0.000607
FILLER_92_626,VGND,li1,293.7100,261.1200,0.000605
FILLER_92_592,VGND,li1,278.0700,261.1200,0.000593
FILLER_92_589,VGND,li1,277.1500,261.1200,0.000591
FILLER_92_585,VGND,li1,275.3100,261.1200,0.000587
FILLER_92_582,VGND,li1,273.9300,261.1200,0.000587
FILLER_92_579,VGND,li1,272.5500,261.1200,0.000584
FILLER_92_576,VGND,li1,271.1700,261.1200,0.000584
FILLER_92_573,VGND,li1,269.7900,261.1200,0.000580
FILLER_92_570,VGND,li1,268.4100,261.1200,0.000580
FILLER_92_552,VGND,li1,259.6700,261.1200,0.000566
FILLER_92_549,VGND,li1,258.7500,261.1200,0.000566
FILLER_92_531,VGND,li1,250.0100,261.1200,0.000554
FILLER_92_528,VGND,li1,249.0900,261.1200,0.000549
FILLER_92_525,VGND,li1,247.7100,261.1200,0.000549
FILLER_92_506,VGND,li1,238.9700,261.1200,0.000528
FILLER_92_503,VGND,li1,237.5900,261.1200,0.000528
FILLER_92_500,VGND,li1,236.2100,261.1200,0.000522
FILLER_92_497,VGND,li1,234.8300,261.1200,0.000522
FILLER_92_494,VGND,li1,233.4500,261.1200,0.000516
FILLER_92_491,VGND,li1,232.0700,261.1200,0.000516
FILLER_92_474,VGND,li1,224.0200,261.1200,0.000494
FILLER_92_464,VGND,li1,219.4200,261.1200,0.000480
FILLER_92_461,VGND,li1,218.2700,261.1200,0.000480
FILLER_92_421,VGND,li1,199.6400,261.1200,0.000383
FILLER_92_363,VGND,li1,172.7300,261.1200,0.000175
FILLER_92_354,VGND,li1,168.5900,261.1200,0.000190
FILLER_92_351,VGND,li1,167.6700,261.1200,0.000195
FILLER_92_348,VGND,li1,166.2900,261.1200,0.000195
FILLER_92_345,VGND,li1,164.9100,261.1200,0.000200
FILLER_92_342,VGND,li1,163.5300,261.1200,0.000205
FILLER_92_298,VGND,li1,143.0600,261.1200,0.000243
FILLER_92_295,VGND,li1,141.9100,261.1200,0.000243
FILLER_92_292,VGND,li1,140.5300,261.1200,0.000247
FILLER_92_272,VGND,li1,131.3300,261.1200,0.000256
FILLER_92_262,VGND,li1,126.5000,261.1200,0.000260
FILLER_92_259,VGND,li1,125.3500,261.1200,0.000260
FILLER_92_256,VGND,li1,123.9700,261.1200,0.000262
FILLER_92_253,VGND,li1,122.5900,261.1200,0.000262
FILLER_92_249,VGND,li1,120.7500,261.1200,0.000264
FILLER_92_212,VGND,li1,103.7300,261.1200,0.000260
FILLER_92_209,VGND,li1,102.3500,261.1200,0.000260
FILLER_92_206,VGND,li1,100.9700,261.1200,0.000258
FILLER_92_203,VGND,li1,99.5900,261.1200,0.000256
FILLER_92_200,VGND,li1,98.2100,261.1200,0.000256
FILLER_92_197,VGND,li1,96.8300,261.1200,0.000253
FILLER_92_177,VGND,li1,87.6300,261.1200,0.000241
FILLER_92_174,VGND,li1,86.2500,261.1200,0.000236
FILLER_92_171,VGND,li1,84.8700,261.1200,0.000236
FILLER_92_168,VGND,li1,83.4900,261.1200,0.000233
FILLER_92_159,VGND,li1,78.8900,261.1200,0.000224
FILLER_92_141,VGND,li1,70.6100,261.1200,0.000207
FILLER_92_139,VGND,li1,69.6900,261.1200,0.000207
FILLER_92_128,VGND,li1,65.0900,261.1200,0.000197
FILLER_92_85,VGND,li1,44.8500,261.1200,0.000142
FILLER_92_81,VGND,li1,43.4700,261.1200,0.000135
FILLER_92_78,VGND,li1,42.0900,261.1200,0.000135
FILLER_92_70,VGND,li1,38.1800,261.1200,0.000120
FILLER_92_67,VGND,li1,37.0300,261.1200,0.000120
FILLER_92_54,VGND,li1,30.8200,261.1200,0.000085
FILLER_92_51,VGND,li1,29.6700,261.1200,0.000085
FILLER_92_48,VGND,li1,28.2900,261.1200,0.000071
FILLER_92_38,VGND,li1,23.4600,261.1200,0.000059
FILLER_92_29,VGND,li1,19.0900,261.1200,0.000060
FILLER_92_27,VGND,li1,18.1700,261.1200,0.000060
FILLER_92_24,VGND,li1,17.2500,261.1200,0.000060
FILLER_92_21,VGND,li1,15.8700,261.1200,0.000060
FILLER_92_18,VGND,li1,14.4900,261.1200,0.000060
FILLER_92_15,VGND,li1,13.1100,261.1200,0.000060
FILLER_92_12,VGND,li1,11.7300,261.1200,0.000060
FILLER_92_9,VGND,li1,10.3500,261.1200,0.000060
FILLER_92_6,VGND,li1,8.9700,261.1200,0.000060
FILLER_92_3,VGND,li1,7.5900,261.1200,0.000060
FILLER_91_687,VGND,li1,321.7700,261.1200,0.000612
FILLER_91_684,VGND,li1,320.8500,261.1200,0.000612
FILLER_91_681,VGND,li1,319.4700,261.1200,0.000612
FILLER_91_663,VGND,li1,310.7300,261.1200,0.000611
FILLER_91_660,VGND,li1,309.8100,261.1200,0.000611
FILLER_91_636,VGND,li1,298.5400,261.1200,0.000607
FILLER_91_633,VGND,li1,297.3900,261.1200,0.000607
FILLER_91_630,VGND,li1,296.0100,261.1200,0.000606
FILLER_91_627,VGND,li1,294.6300,261.1200,0.000605
FILLER_91_624,VGND,li1,293.2500,261.1200,0.000605
FILLER_91_617,VGND,li1,289.8000,261.1200,0.000602
FILLER_91_615,VGND,li1,288.6500,261.1200,0.000602
FILLER_91_612,VGND,li1,287.7300,261.1200,0.000601
FILLER_91_609,VGND,li1,286.3500,261.1200,0.000601
FILLER_91_599,VGND,li1,281.5200,261.1200,0.000596
FILLER_91_596,VGND,li1,280.3700,261.1200,0.000596
FILLER_91_593,VGND,li1,278.9900,261.1200,0.000593
FILLER_91_590,VGND,li1,277.6100,261.1200,0.000591
FILLER_91_587,VGND,li1,276.2300,261.1200,0.000591
FILLER_91_559,VGND,li1,262.8900,261.1200,0.000573
FILLER_91_548,VGND,li1,258.2900,261.1200,0.000566
FILLER_91_513,VGND,li1,241.7300,261.1200,0.000536
FILLER_91_469,VGND,li1,221.4900,261.1200,0.000489
FILLER_91_447,VGND,li1,211.3700,261.1200,0.000453
FILLER_91_444,VGND,li1,210.4500,261.1200,0.000453
FILLER_91_434,VGND,li1,205.6200,261.1200,0.000436
FILLER_91_422,VGND,li1,199.8700,261.1200,0.000383
FILLER_91_419,VGND,li1,198.9500,261.1200,0.000361
FILLER_91_416,VGND,li1,197.5700,261.1200,0.000361
FILLER_91_399,VGND,li1,189.2900,261.1200,0.000254
FILLER_91_389,VGND,li1,185.1500,261.1200,0.000226
FILLER_91_386,VGND,li1,183.7700,261.1200,0.000202
FILLER_91_383,VGND,li1,182.3900,261.1200,0.000179
FILLER_91_380,VGND,li1,181.0100,261.1200,0.000179
FILLER_91_343,VGND,li1,163.7600,261.1200,0.000205
FILLER_91_340,VGND,li1,162.6100,261.1200,0.000205
FILLER_91_337,VGND,li1,161.2300,261.1200,0.000214
FILLER_91_334,VGND,li1,159.6200,261.1200,0.000214
FILLER_91_299,VGND,li1,143.5200,261.1200,0.000243
FILLER_91_296,VGND,li1,142.3700,261.1200,0.000243
FILLER_91_293,VGND,li1,140.9900,261.1200,0.000247
FILLER_91_290,VGND,li1,139.6100,261.1200,0.000247
FILLER_91_262,VGND,li1,126.5000,261.1200,0.000260
FILLER_91_228,VGND,li1,110.6300,261.1200,0.000266
FILLER_91_225,VGND,li1,109.7100,261.1200,0.000265
FILLER_91_213,VGND,li1,104.1900,261.1200,0.000262
FILLER_91_210,VGND,li1,102.8100,261.1200,0.000260
FILLER_91_175,VGND,li1,86.4800,261.1200,0.000236
FILLER_91_172,VGND,li1,85.3300,261.1200,0.000236
FILLER_91_169,VGND,li1,83.9500,261.1200,0.000233
FILLER_91_165,VGND,li1,82.1100,261.1200,0.000230
FILLER_91_86,VGND,li1,45.3100,261.1200,0.000142
FILLER_91_83,VGND,li1,44.3900,261.1200,0.000142
FILLER_91_57,VGND,li1,32.2000,261.1200,0.000097
FILLER_91_46,VGND,li1,27.1400,261.1200,0.000071
FILLER_91_43,VGND,li1,25.9900,261.1200,0.000059
FILLER_91_40,VGND,li1,24.6100,261.1200,0.000059
FILLER_91_37,VGND,li1,23.2300,261.1200,0.000059
FILLER_91_28,VGND,li1,18.6300,261.1200,0.000060
FILLER_91_21,VGND,li1,15.4100,261.1200,0.000060
FILLER_91_18,VGND,li1,14.4900,261.1200,0.000060
FILLER_91_15,VGND,li1,13.1100,261.1200,0.000060
FILLER_91_12,VGND,li1,11.7300,261.1200,0.000060
FILLER_91_9,VGND,li1,10.3500,261.1200,0.000060
FILLER_91_6,VGND,li1,8.9700,261.1200,0.000060
FILLER_91_3,VGND,li1,7.5900,261.1200,0.000060
FILLER_90_685,VGND,li1,321.3100,255.6800,0.000635
FILLER_90_648,VGND,li1,304.0600,255.6800,0.000626
FILLER_90_645,VGND,li1,302.9100,255.6800,0.000626
FILLER_90_636,VGND,li1,298.7700,255.6800,0.000623
FILLER_90_633,VGND,li1,297.3900,255.6800,0.000621
FILLER_90_630,VGND,li1,296.0100,255.6800,0.000619
FILLER_90_627,VGND,li1,294.6300,255.6800,0.000619
FILLER_90_620,VGND,li1,291.1800,255.6800,0.000616
FILLER_90_617,VGND,li1,290.0300,255.6800,0.000614
FILLER_90_614,VGND,li1,288.6500,255.6800,0.000614
FILLER_90_601,VGND,li1,282.2100,255.6800,0.000603
FILLER_90_598,VGND,li1,281.2900,255.6800,0.000603
FILLER_90_595,VGND,li1,279.9100,255.6800,0.000599
FILLER_90_592,VGND,li1,278.5300,255.6800,0.000599
FILLER_90_589,VGND,li1,277.1500,255.6800,0.000595
FILLER_90_586,VGND,li1,275.5400,255.6800,0.000591
FILLER_90_583,VGND,li1,274.3900,255.6800,0.000591
FILLER_90_554,VGND,li1,261.0500,255.6800,0.000555
FILLER_90_551,VGND,li1,259.6700,255.6800,0.000555
FILLER_90_531,VGND,li1,250.0100,255.6800,0.000524
FILLER_90_504,VGND,li1,237.5900,255.6800,0.000468
FILLER_90_501,VGND,li1,236.6700,255.6800,0.000468
FILLER_90_498,VGND,li1,235.2900,255.6800,0.000454
FILLER_90_495,VGND,li1,233.9100,255.6800,0.000454
FILLER_90_477,VGND,li1,225.1700,255.6800,0.000404
FILLER_90_465,VGND,li1,220.1100,255.6800,0.000379
FILLER_90_439,VGND,li1,207.9200,255.6800,0.000303
FILLER_90_436,VGND,li1,206.7700,255.6800,0.000303
FILLER_90_425,VGND,li1,201.7100,255.6800,0.000260
FILLER_90_418,VGND,li1,198.2600,255.6800,0.000247
FILLER_90_410,VGND,li1,194.5800,255.6800,0.000214
FILLER_90_405,VGND,li1,192.0500,255.6800,0.000198
FILLER_90_402,VGND,li1,191.1300,255.6800,0.000198
FILLER_90_394,VGND,li1,186.9900,255.6800,0.000160
FILLER_90_391,VGND,li1,186.0700,255.6800,0.000160
FILLER_90_345,VGND,li1,164.9100,255.6800,0.000143
FILLER_90_315,VGND,li1,150.6500,255.6800,0.000177
FILLER_90_312,VGND,li1,149.7300,255.6800,0.000177
FILLER_90_309,VGND,li1,148.3500,255.6800,0.000182
FILLER_90_307,VGND,li1,146.9700,255.6800,0.000182
FILLER_90_270,VGND,li1,129.9500,255.6800,0.000202
FILLER_90_267,VGND,li1,129.0300,255.6800,0.000202
FILLER_90_256,VGND,li1,123.9700,255.6800,0.000205
FILLER_90_253,VGND,li1,122.5900,255.6800,0.000206
FILLER_90_242,VGND,li1,117.3000,255.6800,0.000209
FILLER_90_225,VGND,li1,109.2500,255.6800,0.000212
FILLER_90_222,VGND,li1,108.3300,255.6800,0.000212
FILLER_90_219,VGND,li1,106.9500,255.6800,0.000213
FILLER_90_216,VGND,li1,105.5700,255.6800,0.000213
FILLER_90_213,VGND,li1,104.1900,255.6800,0.000214
FILLER_90_210,VGND,li1,102.8100,255.6800,0.000214
FILLER_90_207,VGND,li1,101.4300,255.6800,0.000215
FILLER_90_197,VGND,li1,96.3700,255.6800,0.000216
FILLER_90_170,VGND,li1,84.1800,255.6800,0.000214
FILLER_90_141,VGND,li1,71.0700,255.6800,0.000204
FILLER_90_139,VGND,li1,69.6900,255.6800,0.000202
FILLER_90_136,VGND,li1,68.7700,255.6800,0.000202
FILLER_90_133,VGND,li1,67.3900,255.6800,0.000197
FILLER_90_82,VGND,li1,43.7000,255.6800,0.000131
FILLER_90_32,VGND,li1,20.4700,255.6800,0.000058
FILLER_90_29,VGND,li1,19.5500,255.6800,0.000059
FILLER_90_18,VGND,li1,14.2600,255.6800,0.000061
FILLER_90_15,VGND,li1,13.1100,255.6800,0.000061
FILLER_90_12,VGND,li1,11.7300,255.6800,0.000061
FILLER_90_9,VGND,li1,10.3500,255.6800,0.000061
FILLER_90_6,VGND,li1,8.9700,255.6800,0.000061
FILLER_90_3,VGND,li1,7.5900,255.6800,0.000061
FILLER_89_685,VGND,li1,321.3100,255.6800,0.000635
FILLER_89_682,VGND,li1,319.9300,255.6800,0.000635
FILLER_89_662,VGND,li1,310.2700,255.6800,0.000631
FILLER_89_635,VGND,li1,297.8500,255.6800,0.000621
FILLER_89_632,VGND,li1,296.9300,255.6800,0.000621
FILLER_89_629,VGND,li1,295.5500,255.6800,0.000619
FILLER_89_626,VGND,li1,294.1700,255.6800,0.000618
FILLER_89_623,VGND,li1,292.7900,255.6800,0.000618
FILLER_89_597,VGND,li1,280.6000,255.6800,0.000603
FILLER_89_594,VGND,li1,279.4500,255.6800,0.000599
FILLER_89_543,VGND,li1,255.5300,255.6800,0.000539
FILLER_89_540,VGND,li1,254.6100,255.6800,0.000539
FILLER_89_522,VGND,li1,245.8700,255.6800,0.000508
FILLER_89_503,VGND,li1,237.1300,255.6800,0.000468
FILLER_89_475,VGND,li1,224.4800,255.6800,0.000404
FILLER_89_428,VGND,li1,203.0900,255.6800,0.000279
FILLER_89_417,VGND,li1,198.0300,255.6800,0.000247
FILLER_89_396,VGND,li1,188.1400,255.6800,0.000179
FILLER_89_393,VGND,li1,186.9900,255.6800,0.000160
FILLER_89_390,VGND,li1,185.3800,255.6800,0.000160
FILLER_89_355,VGND,li1,169.2800,255.6800,0.000130
FILLER_89_352,VGND,li1,168.1300,255.6800,0.000135
FILLER_89_335,VGND,li1,159.8500,255.6800,0.000154
FILLER_89_332,VGND,li1,158.9300,255.6800,0.000161
FILLER_89_298,VGND,li1,142.8300,255.6800,0.000189
FILLER_89_261,VGND,li1,126.0400,255.6800,0.000204
FILLER_89_255,VGND,li1,123.0500,255.6800,0.000206
FILLER_89_231,VGND,li1,112.4700,255.6800,0.000211
FILLER_89_228,VGND,li1,111.0900,255.6800,0.000211
FILLER_89_225,VGND,li1,109.7100,255.6800,0.000212
FILLER_89_222,VGND,li1,108.1000,255.6800,0.000212
FILLER_89_219,VGND,li1,106.9500,255.6800,0.000213
FILLER_89_180,VGND,li1,88.5500,255.6800,0.000215
FILLER_89_169,VGND,li1,83.9500,255.6800,0.000214
FILLER_89_166,VGND,li1,82.3400,255.6800,0.000213
FILLER_89_130,VGND,li1,65.7800,255.6800,0.000197
FILLER_89_101,VGND,li1,52.6700,255.6800,0.000164
FILLER_89_81,VGND,li1,43.4700,255.6800,0.000131
FILLER_89_63,VGND,li1,34.7300,255.6800,0.000097
FILLER_89_60,VGND,li1,33.8100,255.6800,0.000087
FILLER_89_57,VGND,li1,32.4300,255.6800,0.000087
FILLER_89_53,VGND,li1,30.5900,255.6800,0.000076
FILLER_89_18,VGND,li1,14.0300,255.6800,0.000061
FILLER_89_15,VGND,li1,13.1100,255.6800,0.000061
FILLER_89_12,VGND,li1,11.7300,255.6800,0.000061
FILLER_89_9,VGND,li1,10.3500,255.6800,0.000061
FILLER_89_6,VGND,li1,8.9700,255.6800,0.000061
FILLER_89_3,VGND,li1,7.5900,255.6800,0.000061
FILLER_88_685,VGND,li1,321.3100,250.2400,0.000720
FILLER_88_665,VGND,li1,312.1100,250.2400,0.000717
FILLER_88_662,VGND,li1,310.7300,250.2400,0.000717
FILLER_88_643,VGND,li1,301.5300,250.2400,0.000705
FILLER_88_640,VGND,li1,300.6100,250.2400,0.000705
FILLER_88_631,VGND,li1,296.0100,250.2400,0.000696
FILLER_88_628,VGND,li1,295.0900,250.2400,0.000696
FILLER_88_592,VGND,li1,278.3000,250.2400,0.000655
FILLER_88_589,VGND,li1,277.1500,250.2400,0.000649
FILLER_88_585,VGND,li1,275.3100,250.2400,0.000642
FILLER_88_582,VGND,li1,273.9300,250.2400,0.000642
FILLER_88_547,VGND,li1,257.6000,250.2400,0.000574
FILLER_88_544,VGND,li1,256.4500,250.2400,0.000574
FILLER_88_541,VGND,li1,255.0700,250.2400,0.000567
FILLER_88_530,VGND,li1,249.7800,250.2400,0.000541
FILLER_88_527,VGND,li1,248.6300,250.2400,0.000541
FILLER_88_510,VGND,li1,240.5800,250.2400,0.000504
FILLER_88_504,VGND,li1,237.5900,250.2400,0.000494
FILLER_88_477,VGND,li1,225.1700,250.2400,0.000435
FILLER_88_457,VGND,li1,216.2000,250.2400,0.000387
FILLER_88_454,VGND,li1,215.0500,250.2400,0.000387
FILLER_88_435,VGND,li1,205.8500,250.2400,0.000329
FILLER_88_419,VGND,li1,198.4900,250.2400,0.000270
FILLER_88_397,VGND,li1,188.3700,250.2400,0.000203
FILLER_88_382,VGND,li1,181.7000,250.2400,0.000151
FILLER_88_373,VGND,li1,177.3300,250.2400,0.000116
FILLER_88_362,VGND,li1,172.5000,250.2400,0.000136
FILLER_88_359,VGND,li1,171.3500,250.2400,0.000136
FILLER_88_356,VGND,li1,169.9700,250.2400,0.000144
FILLER_88_353,VGND,li1,168.5900,250.2400,0.000144
FILLER_88_335,VGND,li1,160.0800,250.2400,0.000175
FILLER_88_332,VGND,li1,158.9300,250.2400,0.000175
FILLER_88_312,VGND,li1,149.5000,250.2400,0.000205
FILLER_88_309,VGND,li1,148.3500,250.2400,0.000211
FILLER_88_298,VGND,li1,143.0600,250.2400,0.000223
FILLER_88_289,VGND,li1,139.1500,250.2400,0.000236
FILLER_88_256,VGND,li1,123.7400,250.2400,0.000261
FILLER_88_253,VGND,li1,122.5900,250.2400,0.000261
FILLER_88_249,VGND,li1,120.7500,250.2400,0.000264
FILLER_88_197,VGND,li1,96.6000,250.2400,0.000284
FILLER_88_166,VGND,li1,82.5700,250.2400,0.000280
FILLER_88_163,VGND,li1,81.1900,250.2400,0.000279
FILLER_88_144,VGND,li1,72.2200,250.2400,0.000272
FILLER_88_141,VGND,li1,71.0700,250.2400,0.000270
FILLER_88_111,VGND,li1,57.0400,250.2400,0.000240
FILLER_88_108,VGND,li1,55.8900,250.2400,0.000240
FILLER_88_88,VGND,li1,46.6900,250.2400,0.000190
FILLER_88_85,VGND,li1,45.3100,250.2400,0.000190
FILLER_88_81,VGND,li1,43.4700,250.2400,0.000180
FILLER_88_61,VGND,li1,34.2700,250.2400,0.000125
FILLER_88_58,VGND,li1,32.8900,250.2400,0.000112
FILLER_88_29,VGND,li1,19.5500,250.2400,0.000072
FILLER_87_679,VGND,li1,318.0900,250.2400,0.000720
FILLER_87_676,VGND,li1,317.1700,250.2400,0.000720
FILLER_87_673,VGND,li1,315.7900,250.2400,0.000720
FILLER_87_669,VGND,li1,313.9500,250.2400,0.000719
FILLER_87_642,VGND,li1,301.3000,250.2400,0.000705
FILLER_87_615,VGND,li1,288.6500,250.2400,0.000682
FILLER_87_612,VGND,li1,287.7300,250.2400,0.000676
FILLER_87_609,VGND,li1,286.3500,250.2400,0.000676
FILLER_87_590,VGND,li1,277.3800,250.2400,0.000649
FILLER_87_564,VGND,li1,265.1900,250.2400,0.000611
FILLER_87_561,VGND,li1,264.2700,250.2400,0.000603
FILLER_87_558,VGND,li1,262.6600,250.2400,0.000595
FILLER_87_555,VGND,li1,261.5100,250.2400,0.000595
FILLER_87_552,VGND,li1,260.1300,250.2400,0.000584
FILLER_87_549,VGND,li1,258.7500,250.2400,0.000584
FILLER_87_546,VGND,li1,257.3700,250.2400,0.000574
FILLER_87_543,VGND,li1,255.9900,250.2400,0.000567
FILLER_87_540,VGND,li1,254.6100,250.2400,0.000567
FILLER_87_537,VGND,li1,253.2300,250.2400,0.000558
FILLER_87_534,VGND,li1,251.8500,250.2400,0.000549
FILLER_87_531,VGND,li1,250.4700,250.2400,0.000549
FILLER_87_528,VGND,li1,249.0900,250.2400,0.000541
FILLER_87_517,VGND,li1,244.0300,250.2400,0.000516
FILLER_87_514,VGND,li1,242.6500,250.2400,0.000516
FILLER_87_511,VGND,li1,241.2700,250.2400,0.000504
FILLER_87_508,VGND,li1,239.8900,250.2400,0.000504
FILLER_87_505,VGND,li1,238.5100,250.2400,0.000494
FILLER_87_503,VGND,li1,237.1300,250.2400,0.000485
FILLER_87_500,VGND,li1,236.2100,250.2400,0.000485
FILLER_87_466,VGND,li1,220.1100,250.2400,0.000415
FILLER_87_428,VGND,li1,203.0900,250.2400,0.000310
FILLER_87_393,VGND,li1,186.5300,250.2400,0.000185
FILLER_87_383,VGND,li1,181.9300,250.2400,0.000151
FILLER_87_364,VGND,li1,173.4200,250.2400,0.000130
FILLER_87_354,VGND,li1,168.8200,250.2400,0.000144
FILLER_87_351,VGND,li1,167.6700,250.2400,0.000152
FILLER_87_348,VGND,li1,166.2900,250.2400,0.000152
FILLER_87_345,VGND,li1,164.9100,250.2400,0.000158
FILLER_87_335,VGND,li1,159.8500,250.2400,0.000175
FILLER_87_332,VGND,li1,158.9300,250.2400,0.000175
FILLER_87_294,VGND,li1,141.4500,250.2400,0.000230
FILLER_87_291,VGND,li1,140.0700,250.2400,0.000230
FILLER_87_281,VGND,li1,135.2400,250.2400,0.000242
FILLER_87_263,VGND,li1,126.7300,250.2400,0.000255
FILLER_87_234,VGND,li1,113.8500,250.2400,0.000274
FILLER_87_225,VGND,li1,109.2500,250.2400,0.000278
FILLER_87_172,VGND,li1,84.8700,250.2400,0.000281
FILLER_87_169,VGND,li1,83.9500,250.2400,0.000280
FILLER_87_165,VGND,li1,82.1100,250.2400,0.000279
FILLER_87_162,VGND,li1,80.7300,250.2400,0.000279
FILLER_87_151,VGND,li1,75.6700,250.2400,0.000276
FILLER_87_140,VGND,li1,70.6100,250.2400,0.000270
FILLER_87_130,VGND,li1,66.0100,250.2400,0.000265
FILLER_87_119,VGND,li1,60.9500,250.2400,0.000257
FILLER_87_116,VGND,li1,59.5700,250.2400,0.000250
FILLER_87_113,VGND,li1,58.1900,250.2400,0.000250
FILLER_87_111,VGND,li1,56.8100,250.2400,0.000240
FILLER_87_108,VGND,li1,55.8900,250.2400,0.000240
FILLER_87_90,VGND,li1,47.1500,250.2400,0.000200
FILLER_87_63,VGND,li1,34.7300,250.2400,0.000125
FILLER_87_60,VGND,li1,33.8100,250.2400,0.000125
FILLER_87_57,VGND,li1,32.4300,250.2400,0.000112
FILLER_87_53,VGND,li1,30.5900,250.2400,0.000098
FILLER_87_50,VGND,li1,29.2100,250.2400,0.000098
FILLER_87_31,VGND,li1,20.0100,250.2400,0.000072
FILLER_87_28,VGND,li1,19.0900,250.2400,0.000072
FILLER_87_11,VGND,li1,10.8100,250.2400,0.000077
FILLER_86_687,VGND,li1,321.7700,244.8000,0.000787
FILLER_86_684,VGND,li1,320.8500,244.8000,0.000787
FILLER_86_681,VGND,li1,319.4700,244.8000,0.000787
FILLER_86_656,VGND,li1,307.5100,244.8000,0.000786
FILLER_86_653,VGND,li1,306.5900,244.8000,0.000786
FILLER_86_633,VGND,li1,297.3900,244.8000,0.000786
FILLER_86_630,VGND,li1,296.0100,244.8000,0.000786
FILLER_86_601,VGND,li1,282.6700,244.8000,0.000784
FILLER_86_592,VGND,li1,278.0700,244.8000,0.000781
FILLER_86_589,VGND,li1,277.1500,244.8000,0.000779
FILLER_86_586,VGND,li1,275.5400,244.8000,0.000779
FILLER_86_566,VGND,li1,266.1100,244.8000,0.000750
FILLER_86_563,VGND,li1,265.1900,244.8000,0.000750
FILLER_86_560,VGND,li1,263.8100,244.8000,0.000738
FILLER_86_557,VGND,li1,262.4300,244.8000,0.000738
FILLER_86_539,VGND,li1,253.9200,244.8000,0.000699
FILLER_86_536,VGND,li1,252.7700,244.8000,0.000699
FILLER_86_533,VGND,li1,251.3900,244.8000,0.000688
FILLER_86_529,VGND,li1,249.5500,244.8000,0.000678
FILLER_86_526,VGND,li1,248.1700,244.8000,0.000678
FILLER_86_523,VGND,li1,246.7900,244.8000,0.000669
FILLER_86_520,VGND,li1,245.4100,244.8000,0.000659
FILLER_86_517,VGND,li1,244.0300,244.8000,0.000659
FILLER_86_514,VGND,li1,242.6500,244.8000,0.000650
FILLER_86_503,VGND,li1,237.5900,244.8000,0.000623
FILLER_86_500,VGND,li1,236.2100,244.8000,0.000623
FILLER_86_497,VGND,li1,234.8300,244.8000,0.000610
FILLER_86_494,VGND,li1,233.4500,244.8000,0.000610
FILLER_86_474,VGND,li1,224.0200,244.8000,0.000564
FILLER_86_471,VGND,li1,222.8700,244.8000,0.000550
FILLER_86_435,VGND,li1,205.8500,244.8000,0.000405
FILLER_86_432,VGND,li1,204.9300,244.8000,0.000405
FILLER_86_429,VGND,li1,203.5500,244.8000,0.000389
FILLER_86_393,VGND,li1,186.5300,244.8000,0.000218
FILLER_86_390,VGND,li1,185.6100,244.8000,0.000218
FILLER_86_355,VGND,li1,169.0500,244.8000,0.000199
FILLER_86_352,VGND,li1,168.1300,244.8000,0.000207
FILLER_86_349,VGND,li1,166.7500,244.8000,0.000207
FILLER_86_346,VGND,li1,165.3700,244.8000,0.000216
FILLER_86_343,VGND,li1,163.9900,244.8000,0.000223
FILLER_86_340,VGND,li1,162.6100,244.8000,0.000223
FILLER_86_322,VGND,li1,153.8700,244.8000,0.000253
FILLER_86_319,VGND,li1,152.9500,244.8000,0.000259
FILLER_86_309,VGND,li1,148.1200,244.8000,0.000271
FILLER_86_294,VGND,li1,141.2200,244.8000,0.000290
FILLER_86_291,VGND,li1,140.0700,244.8000,0.000290
FILLER_86_288,VGND,li1,138.6900,244.8000,0.000296
FILLER_86_270,VGND,li1,129.9500,244.8000,0.000316
FILLER_86_261,VGND,li1,126.2700,244.8000,0.000320
FILLER_86_223,VGND,li1,108.7900,244.8000,0.000337
FILLER_86_211,VGND,li1,102.8100,244.8000,0.000332
FILLER_86_208,VGND,li1,101.8900,244.8000,0.000327
FILLER_86_205,VGND,li1,100.5100,244.8000,0.000327
FILLER_86_159,VGND,li1,79.3500,244.8000,0.000263
FILLER_86_156,VGND,li1,77.9700,244.8000,0.000256
FILLER_86_153,VGND,li1,76.5900,244.8000,0.000256
FILLER_86_139,VGND,li1,69.6900,244.8000,0.000234
FILLER_86_120,VGND,li1,61.4100,244.8000,0.000202
FILLER_86_117,VGND,li1,60.0300,244.8000,0.000202
FILLER_86_114,VGND,li1,58.6500,244.8000,0.000191
FILLER_86_111,VGND,li1,57.2700,244.8000,0.000191
FILLER_86_108,VGND,li1,55.8900,244.8000,0.000184
FILLER_86_105,VGND,li1,54.5100,244.8000,0.000175
FILLER_86_102,VGND,li1,53.1300,244.8000,0.000175
FILLER_86_99,VGND,li1,51.7500,244.8000,0.000168
FILLER_86_88,VGND,li1,46.4600,244.8000,0.000144
FILLER_86_85,VGND,li1,45.3100,244.8000,0.000144
FILLER_86_55,VGND,li1,31.0500,244.8000,0.000084
FILLER_86_29,VGND,li1,19.5500,244.8000,0.000060
FILLER_86_27,VGND,li1,18.1700,244.8000,0.000060
FILLER_85_679,VGND,li1,318.0900,244.8000,0.000787
FILLER_85_676,VGND,li1,317.1700,244.8000,0.000787
FILLER_85_673,VGND,li1,315.7900,244.8000,0.000787
FILLER_85_661,VGND,li1,310.2700,244.8000,0.000786
FILLER_85_650,VGND,li1,305.2100,244.8000,0.000786
FILLER_85_647,VGND,li1,303.8300,244.8000,0.000786
FILLER_85_644,VGND,li1,302.4500,244.8000,0.000786
FILLER_85_634,VGND,li1,297.8500,244.8000,0.000786
FILLER_85_631,VGND,li1,296.4700,244.8000,0.000786
FILLER_85_628,VGND,li1,295.0900,244.8000,0.000785
FILLER_85_625,VGND,li1,293.7100,244.8000,0.000785
FILLER_85_615,VGND,li1,288.6500,244.8000,0.000785
FILLER_85_612,VGND,li1,287.7300,244.8000,0.000785
FILLER_85_594,VGND,li1,278.9900,244.8000,0.000781
FILLER_85_591,VGND,li1,278.0700,244.8000,0.000781
FILLER_85_588,VGND,li1,276.6900,244.8000,0.000779
FILLER_85_569,VGND,li1,267.9500,244.8000,0.000760
FILLER_85_537,VGND,li1,253.0000,244.8000,0.000699
FILLER_85_534,VGND,li1,251.8500,244.8000,0.000688
FILLER_85_531,VGND,li1,250.4700,244.8000,0.000688
FILLER_85_528,VGND,li1,249.0900,244.8000,0.000678
FILLER_85_525,VGND,li1,247.7100,244.8000,0.000669
FILLER_85_522,VGND,li1,246.3300,244.8000,0.000669
FILLER_85_519,VGND,li1,244.9500,244.8000,0.000659
FILLER_85_516,VGND,li1,243.5700,244.8000,0.000650
FILLER_85_513,VGND,li1,242.1900,244.8000,0.000650
FILLER_85_503,VGND,li1,237.1300,244.8000,0.000623
FILLER_85_500,VGND,li1,236.2100,244.8000,0.000623
FILLER_85_497,VGND,li1,234.8300,244.8000,0.000610
FILLER_85_494,VGND,li1,233.4500,244.8000,0.000610
FILLER_85_491,VGND,li1,232.0700,244.8000,0.000597
FILLER_85_488,VGND,li1,230.6900,244.8000,0.000597
FILLER_85_485,VGND,li1,229.3100,244.8000,0.000589
FILLER_85_475,VGND,li1,224.4800,244.8000,0.000564
FILLER_85_463,VGND,li1,218.7300,244.8000,0.000524
FILLER_85_460,VGND,li1,217.8100,244.8000,0.000507
FILLER_85_457,VGND,li1,216.4300,244.8000,0.000507
FILLER_85_437,VGND,li1,207.2300,244.8000,0.000426
FILLER_85_434,VGND,li1,205.8500,244.8000,0.000405
FILLER_85_431,VGND,li1,204.4700,244.8000,0.000389
FILLER_85_428,VGND,li1,203.0900,244.8000,0.000389
FILLER_85_401,VGND,li1,190.4400,244.8000,0.000271
FILLER_85_389,VGND,li1,185.1500,244.8000,0.000218
FILLER_85_343,VGND,li1,163.9900,244.8000,0.000223
FILLER_85_340,VGND,li1,162.6100,244.8000,0.000223
FILLER_85_337,VGND,li1,161.2300,244.8000,0.000232
FILLER_85_317,VGND,li1,151.8000,244.8000,0.000259
FILLER_85_308,VGND,li1,147.4300,244.8000,0.000271
FILLER_85_281,VGND,li1,135.4700,244.8000,0.000302
FILLER_85_225,VGND,li1,109.2500,244.8000,0.000337
FILLER_85_172,VGND,li1,84.8700,244.8000,0.000281
FILLER_85_169,VGND,li1,83.9500,244.8000,0.000276
FILLER_85_159,VGND,li1,78.8900,244.8000,0.000263
FILLER_85_143,VGND,li1,71.5300,244.8000,0.000240
FILLER_85_110,VGND,li1,56.5800,244.8000,0.000184
FILLER_85_107,VGND,li1,55.4300,244.8000,0.000184
FILLER_85_104,VGND,li1,54.0500,244.8000,0.000175
FILLER_85_101,VGND,li1,52.6700,244.8000,0.000168
FILLER_85_98,VGND,li1,51.2900,244.8000,0.000168
FILLER_85_95,VGND,li1,49.9100,244.8000,0.000157
FILLER_85_92,VGND,li1,48.5300,244.8000,0.000157
FILLER_85_81,VGND,li1,43.2400,244.8000,0.000136
FILLER_85_71,VGND,li1,38.6400,244.8000,0.000117
FILLER_85_60,VGND,li1,33.8100,244.8000,0.000092
FILLER_85_57,VGND,li1,32.4300,244.8000,0.000092
FILLER_85_53,VGND,li1,30.5900,244.8000,0.000084
FILLER_85_35,VGND,li1,22.0800,244.8000,0.000058
FILLER_85_32,VGND,li1,20.9300,244.8000,0.000058
FILLER_85_21,VGND,li1,15.8700,244.8000,0.000061
FILLER_85_11,VGND,li1,11.0400,244.8000,0.000063
FILLER_84_679,VGND,li1,318.0900,239.3600,0.000352
FILLER_84_676,VGND,li1,317.1700,239.3600,0.000352
FILLER_84_673,VGND,li1,315.7900,239.3600,0.000352
FILLER_84_663,VGND,li1,310.7300,239.3600,0.000352
FILLER_84_645,VGND,li1,302.6800,239.3600,0.000352
FILLER_84_643,VGND,li1,301.5300,239.3600,0.000352
FILLER_84_640,VGND,li1,300.6100,239.3600,0.000351
FILLER_84_637,VGND,li1,299.2300,239.3600,0.000351
FILLER_84_628,VGND,li1,294.6300,239.3600,0.000351
FILLER_84_621,VGND,li1,291.6400,239.3600,0.000350
FILLER_84_618,VGND,li1,290.4900,239.3600,0.000350
FILLER_84_615,VGND,li1,289.1100,239.3600,0.000349
FILLER_84_612,VGND,li1,287.7300,239.3600,0.000349
FILLER_84_595,VGND,li1,279.4500,239.3600,0.000347
FILLER_84_592,VGND,li1,278.5300,239.3600,0.000347
FILLER_84_589,VGND,li1,277.1500,239.3600,0.000347
FILLER_84_587,VGND,li1,275.7700,239.3600,0.000346
FILLER_84_584,VGND,li1,274.8500,239.3600,0.000346
FILLER_84_558,VGND,li1,262.6600,239.3600,0.000338
FILLER_84_539,VGND,li1,253.6900,239.3600,0.000329
FILLER_84_536,VGND,li1,252.7700,239.3600,0.000329
FILLER_84_533,VGND,li1,251.3900,239.3600,0.000327
FILLER_84_530,VGND,li1,249.7800,239.3600,0.000325
FILLER_84_527,VGND,li1,248.6300,239.3600,0.000325
FILLER_84_492,VGND,li1,232.3000,239.3600,0.000302
FILLER_84_489,VGND,li1,231.1500,239.3600,0.000302
FILLER_84_486,VGND,li1,229.7700,239.3600,0.000298
FILLER_84_483,VGND,li1,228.3900,239.3600,0.000293
FILLER_84_480,VGND,li1,227.0100,239.3600,0.000293
FILLER_84_477,VGND,li1,225.6300,239.3600,0.000286
FILLER_84_474,VGND,li1,224.0200,239.3600,0.000286
FILLER_84_457,VGND,li1,215.9700,239.3600,0.000268
FILLER_84_441,VGND,li1,208.6100,239.3600,0.000245
FILLER_84_438,VGND,li1,207.6900,239.3600,0.000245
FILLER_84_435,VGND,li1,206.3100,239.3600,0.000239
FILLER_84_432,VGND,li1,204.9300,239.3600,0.000234
FILLER_84_429,VGND,li1,203.5500,239.3600,0.000234
FILLER_84_394,VGND,li1,186.9900,239.3600,0.000177
FILLER_84_391,VGND,li1,186.0700,239.3600,0.000177
FILLER_84_354,VGND,li1,168.8200,239.3600,0.000171
FILLER_84_351,VGND,li1,167.6700,239.3600,0.000183
FILLER_84_348,VGND,li1,166.2900,239.3600,0.000183
FILLER_84_335,VGND,li1,159.8500,239.3600,0.000214
FILLER_84_325,VGND,li1,155.4800,239.3600,0.000236
FILLER_84_297,VGND,li1,142.6000,239.3600,0.000289
FILLER_84_272,VGND,li1,131.1000,239.3600,0.000329
FILLER_84_253,VGND,li1,122.5900,239.3600,0.000359
FILLER_84_203,VGND,li1,99.1300,239.3600,0.000381
FILLER_84_200,VGND,li1,98.2100,239.3600,0.000381
FILLER_84_197,VGND,li1,96.8300,239.3600,0.000377
FILLER_84_195,VGND,li1,95.4500,239.3600,0.000377
FILLER_84_167,VGND,li1,83.0300,239.3600,0.000343
FILLER_84_105,VGND,li1,54.5100,239.3600,0.000226
FILLER_84_102,VGND,li1,53.1300,239.3600,0.000226
FILLER_84_91,VGND,li1,48.0700,239.3600,0.000194
FILLER_84_88,VGND,li1,46.6900,239.3600,0.000194
FILLER_84_85,VGND,li1,45.3100,239.3600,0.000182
FILLER_84_81,VGND,li1,43.4700,239.3600,0.000170
FILLER_84_78,VGND,li1,42.0900,239.3600,0.000170
FILLER_84_45,VGND,li1,26.4500,239.3600,0.000074
FILLER_84_42,VGND,li1,25.5300,239.3600,0.000074
FILLER_84_32,VGND,li1,20.7000,239.3600,0.000077
FILLER_84_29,VGND,li1,19.5500,239.3600,0.000079
FILLER_84_19,VGND,li1,14.4900,239.3600,0.000081
FILLER_83_687,VGND,li1,321.7700,239.3600,0.000352
FILLER_83_684,VGND,li1,320.8500,239.3600,0.000352
FILLER_83_681,VGND,li1,319.4700,239.3600,0.000352
FILLER_83_662,VGND,li1,310.2700,239.3600,0.000352
FILLER_83_644,VGND,li1,301.9900,239.3600,0.000352
FILLER_83_641,VGND,li1,301.0700,239.3600,0.000352
FILLER_83_638,VGND,li1,299.6900,239.3600,0.000351
FILLER_83_635,VGND,li1,298.3100,239.3600,0.000351
FILLER_83_617,VGND,li1,289.5700,239.3600,0.000350
FILLER_83_614,VGND,li1,288.4200,239.3600,0.000349
FILLER_83_597,VGND,li1,280.3700,239.3600,0.000348
FILLER_83_594,VGND,li1,279.4500,239.3600,0.000347
FILLER_83_591,VGND,li1,278.0700,239.3600,0.000347
FILLER_83_588,VGND,li1,276.6900,239.3600,0.000347
FILLER_83_569,VGND,li1,267.7200,239.3600,0.000342
FILLER_83_559,VGND,li1,262.8900,239.3600,0.000338
FILLER_83_530,VGND,li1,250.0100,239.3600,0.000325
FILLER_83_486,VGND,li1,229.3100,239.3600,0.000298
FILLER_83_483,VGND,li1,228.3900,239.3600,0.000293
FILLER_83_480,VGND,li1,227.0100,239.3600,0.000293
FILLER_83_477,VGND,li1,225.6300,239.3600,0.000286
FILLER_83_474,VGND,li1,224.2500,239.3600,0.000286
FILLER_83_445,VGND,li1,210.9100,239.3600,0.000250
FILLER_83_442,VGND,li1,209.5300,239.3600,0.000250
FILLER_83_439,VGND,li1,208.1500,239.3600,0.000245
FILLER_83_436,VGND,li1,206.7700,239.3600,0.000239
FILLER_83_433,VGND,li1,205.3900,239.3600,0.000239
FILLER_83_430,VGND,li1,204.0100,239.3600,0.000234
FILLER_83_427,VGND,li1,202.6300,239.3600,0.000227
FILLER_83_420,VGND,li1,198.9500,239.3600,0.000221
FILLER_83_413,VGND,li1,195.7300,239.3600,0.000212
FILLER_83_378,VGND,li1,180.0900,239.3600,0.000144
FILLER_83_350,VGND,li1,167.2100,239.3600,0.000183
FILLER_83_347,VGND,li1,165.8300,239.3600,0.000192
FILLER_83_344,VGND,li1,164.4500,239.3600,0.000192
FILLER_83_337,VGND,li1,161.0000,239.3600,0.000214
FILLER_83_335,VGND,li1,159.8500,239.3600,0.000214
FILLER_83_332,VGND,li1,158.9300,239.3600,0.000224
FILLER_83_329,VGND,li1,157.5500,239.3600,0.000224
FILLER_83_264,VGND,li1,127.4200,239.3600,0.000341
FILLER_83_255,VGND,li1,123.0500,239.3600,0.000359
FILLER_83_252,VGND,li1,122.1300,239.3600,0.000359
FILLER_83_233,VGND,li1,113.1600,239.3600,0.000384
FILLER_83_225,VGND,li1,109.2500,239.3600,0.000395
FILLER_83_207,VGND,li1,100.9700,239.3600,0.000384
FILLER_83_172,VGND,li1,84.8700,239.3600,0.000349
FILLER_83_169,VGND,li1,83.9500,239.3600,0.000343
FILLER_83_113,VGND,li1,58.1900,239.3600,0.000244
FILLER_83_92,VGND,li1,48.5300,239.3600,0.000203
FILLER_83_60,VGND,li1,33.3500,239.3600,0.000123
FILLER_83_57,VGND,li1,32.4300,239.3600,0.000108
FILLER_83_54,VGND,li1,30.8200,239.3600,0.000108
FILLER_83_51,VGND,li1,29.6700,239.3600,0.000094
FILLER_83_6,VGND,li1,8.9700,239.3600,0.000082
FILLER_83_3,VGND,li1,7.5900,239.3600,0.000082
FILLER_82_686,VGND,li1,321.5400,233.9200,0.000932
FILLER_82_651,VGND,li1,305.2100,233.9200,0.000916
FILLER_82_648,VGND,li1,304.2900,233.9200,0.000916
FILLER_82_645,VGND,li1,302.9100,233.9200,0.000912
FILLER_82_634,VGND,li1,297.6200,233.9200,0.000903
FILLER_82_589,VGND,li1,276.9200,233.9200,0.000841
FILLER_82_568,VGND,li1,267.4900,233.9200,0.000804
FILLER_82_533,VGND,li1,250.9300,233.9200,0.000713
FILLER_82_530,VGND,li1,249.7800,233.9200,0.000713
FILLER_82_477,VGND,li1,225.6300,233.9200,0.000537
FILLER_82_475,VGND,li1,224.2500,233.9200,0.000537
FILLER_82_472,VGND,li1,223.3300,233.9200,0.000521
FILLER_82_446,VGND,li1,210.9100,233.9200,0.000430
FILLER_82_432,VGND,li1,204.4700,233.9200,0.000369
FILLER_82_429,VGND,li1,203.5500,233.9200,0.000369
FILLER_82_411,VGND,li1,194.8100,233.9200,0.000296
FILLER_82_408,VGND,li1,193.8900,233.9200,0.000276
FILLER_82_405,VGND,li1,192.5100,233.9200,0.000276
FILLER_82_402,VGND,li1,191.1300,233.9200,0.000259
FILLER_82_365,VGND,li1,173.6500,233.9200,0.000187
FILLER_82_362,VGND,li1,172.5000,233.9200,0.000199
FILLER_82_359,VGND,li1,171.3500,233.9200,0.000199
FILLER_82_356,VGND,li1,169.9700,233.9200,0.000214
FILLER_82_353,VGND,li1,168.5900,233.9200,0.000214
FILLER_82_326,VGND,li1,155.9400,233.9200,0.000289
FILLER_82_297,VGND,li1,142.6000,233.9200,0.000329
FILLER_82_270,VGND,li1,130.1800,233.9200,0.000346
FILLER_82_240,VGND,li1,116.6100,233.9200,0.000352
FILLER_82_223,VGND,li1,108.3300,233.9200,0.000352
FILLER_82_220,VGND,li1,107.4100,233.9200,0.000352
FILLER_82_217,VGND,li1,106.0300,233.9200,0.000351
FILLER_82_197,VGND,li1,96.8300,233.9200,0.000342
FILLER_82_185,VGND,li1,91.3100,233.9200,0.000337
FILLER_82_144,VGND,li1,71.9900,233.9200,0.000299
FILLER_82_141,VGND,li1,71.0700,233.9200,0.000299
FILLER_82_97,VGND,li1,50.8300,233.9200,0.000236
FILLER_82_94,VGND,li1,49.4500,233.9200,0.000236
FILLER_82_52,VGND,li1,29.6700,233.9200,0.000122
FILLER_82_49,VGND,li1,28.7500,233.9200,0.000122
FILLER_82_29,VGND,li1,19.3200,233.9200,0.000086
FILLER_82_27,VGND,li1,18.1700,233.9200,0.000086
FILLER_81_676,VGND,li1,316.9400,233.9200,0.000931
FILLER_81_673,VGND,li1,315.7900,233.9200,0.000931
FILLER_81_669,VGND,li1,313.9500,233.9200,0.000930
FILLER_81_642,VGND,li1,301.3000,233.9200,0.000907
FILLER_81_615,VGND,li1,288.6500,233.9200,0.000882
FILLER_81_587,VGND,li1,276.2300,233.9200,0.000841
FILLER_81_569,VGND,li1,267.4900,233.9200,0.000804
FILLER_81_535,VGND,li1,251.8500,233.9200,0.000726
FILLER_81_532,VGND,li1,250.9300,233.9200,0.000713
FILLER_81_508,VGND,li1,239.4300,233.9200,0.000640
FILLER_81_505,VGND,li1,238.5100,233.9200,0.000640
FILLER_81_501,VGND,li1,236.6700,233.9200,0.000628
FILLER_81_481,VGND,li1,227.4700,233.9200,0.000561
FILLER_81_446,VGND,li1,211.1400,233.9200,0.000430
FILLER_81_437,VGND,li1,206.7700,233.9200,0.000388
FILLER_81_401,VGND,li1,190.4400,233.9200,0.000259
FILLER_81_393,VGND,li1,186.7600,233.9200,0.000214
FILLER_81_389,VGND,li1,185.1500,233.9200,0.000214
FILLER_81_337,VGND,li1,161.0000,233.9200,0.000261
FILLER_81_327,VGND,li1,156.1700,233.9200,0.000289
FILLER_81_324,VGND,li1,155.2500,233.9200,0.000289
FILLER_81_295,VGND,li1,141.6800,233.9200,0.000329
FILLER_81_278,VGND,li1,133.8600,233.9200,0.000343
FILLER_81_275,VGND,li1,132.7100,233.9200,0.000343
FILLER_81_172,VGND,li1,85.3300,233.9200,0.000329
FILLER_81_169,VGND,li1,83.9500,233.9200,0.000326
FILLER_81_119,VGND,li1,60.4900,233.9200,0.000268
FILLER_81_116,VGND,li1,59.5700,233.9200,0.000268
FILLER_81_113,VGND,li1,58.1900,233.9200,0.000260
FILLER_81_109,VGND,li1,56.3500,233.9200,0.000253
FILLER_81_106,VGND,li1,54.9700,233.9200,0.000253
FILLER_81_79,VGND,li1,42.5500,233.9200,0.000211
FILLER_81_57,VGND,li1,32.2000,233.9200,0.000142
FILLER_81_29,VGND,li1,19.0900,233.9200,0.000086
FILLER_81_26,VGND,li1,18.1700,233.9200,0.000086
FILLER_81_6,VGND,li1,8.9700,233.9200,0.000090
FILLER_81_3,VGND,li1,7.5900,233.9200,0.000090
FILLER_80_685,VGND,li1,321.3100,228.4800,0.000967
FILLER_80_667,VGND,li1,312.5700,228.4800,0.000963
FILLER_80_664,VGND,li1,311.6500,228.4800,0.000963
FILLER_80_654,VGND,li1,306.5900,228.4800,0.000958
FILLER_80_651,VGND,li1,305.6700,228.4800,0.000958
FILLER_80_648,VGND,li1,304.2900,228.4800,0.000956
FILLER_80_645,VGND,li1,302.9100,228.4800,0.000956
FILLER_80_643,VGND,li1,301.5300,228.4800,0.000954
FILLER_80_640,VGND,li1,300.6100,228.4800,0.000954
FILLER_80_637,VGND,li1,299.2300,228.4800,0.000952
FILLER_80_634,VGND,li1,297.8500,228.4800,0.000952
FILLER_80_631,VGND,li1,296.4700,228.4800,0.000949
FILLER_80_628,VGND,li1,295.0900,228.4800,0.000949
FILLER_80_589,VGND,li1,276.9200,228.4800,0.000898
FILLER_80_585,VGND,li1,275.3100,228.4800,0.000887
FILLER_80_582,VGND,li1,273.9300,228.4800,0.000887
FILLER_80_572,VGND,li1,268.8700,228.4800,0.000858
FILLER_80_569,VGND,li1,267.9500,228.4800,0.000858
FILLER_80_559,VGND,li1,263.1200,228.4800,0.000833
FILLER_80_556,VGND,li1,261.9700,228.4800,0.000821
FILLER_80_546,VGND,li1,257.1400,228.4800,0.000799
FILLER_80_536,VGND,li1,252.5400,228.4800,0.000776
FILLER_80_533,VGND,li1,251.3900,228.4800,0.000776
FILLER_80_530,VGND,li1,249.7800,228.4800,0.000767
FILLER_80_527,VGND,li1,248.6300,228.4800,0.000755
FILLER_80_524,VGND,li1,247.2500,228.4800,0.000755
FILLER_80_521,VGND,li1,245.8700,228.4800,0.000746
FILLER_80_518,VGND,li1,244.4900,228.4800,0.000735
FILLER_80_515,VGND,li1,243.1100,228.4800,0.000735
FILLER_80_506,VGND,li1,238.5100,228.4800,0.000699
FILLER_80_486,VGND,li1,229.7700,228.4800,0.000625
FILLER_80_483,VGND,li1,228.3900,228.4800,0.000625
FILLER_80_474,VGND,li1,224.0200,228.4800,0.000589
FILLER_80_457,VGND,li1,216.2000,228.4800,0.000524
FILLER_80_454,VGND,li1,215.0500,228.4800,0.000505
FILLER_80_427,VGND,li1,202.1700,228.4800,0.000395
FILLER_80_424,VGND,li1,201.2500,228.4800,0.000395
FILLER_80_421,VGND,li1,199.8700,228.4800,0.000372
FILLER_80_402,VGND,li1,190.6700,228.4800,0.000297
FILLER_80_399,VGND,li1,189.7500,228.4800,0.000273
FILLER_80_368,VGND,li1,175.2600,228.4800,0.000187
FILLER_80_365,VGND,li1,174.1100,228.4800,0.000201
FILLER_80_362,VGND,li1,172.5000,228.4800,0.000213
FILLER_80_359,VGND,li1,171.3500,228.4800,0.000213
FILLER_80_356,VGND,li1,169.9700,228.4800,0.000232
FILLER_80_353,VGND,li1,168.5900,228.4800,0.000232
FILLER_80_346,VGND,li1,164.9100,228.4800,0.000260
FILLER_80_343,VGND,li1,163.9900,228.4800,0.000260
FILLER_80_223,VGND,li1,108.7900,228.4800,0.000428
FILLER_80_151,VGND,li1,75.6700,228.4800,0.000340
FILLER_80_141,VGND,li1,70.8400,228.4800,0.000312
FILLER_80_123,VGND,li1,62.3300,228.4800,0.000269
FILLER_80_120,VGND,li1,61.4100,228.4800,0.000269
FILLER_80_109,VGND,li1,56.3500,228.4800,0.000245
FILLER_80_106,VGND,li1,54.9700,228.4800,0.000231
FILLER_80_103,VGND,li1,53.5900,228.4800,0.000231
FILLER_80_85,VGND,li1,44.8500,228.4800,0.000183
FILLER_80_82,VGND,li1,43.7000,228.4800,0.000173
FILLER_80_79,VGND,li1,42.5500,228.4800,0.000173
FILLER_80_60,VGND,li1,33.5800,228.4800,0.000120
FILLER_80_57,VGND,li1,32.4300,228.4800,0.000104
FILLER_80_54,VGND,li1,31.0500,228.4800,0.000104
FILLER_80_29,VGND,li1,19.3200,228.4800,0.000074
FILLER_80_3,VGND,li1,7.1300,228.4800,0.000076
FILLER_79_685,VGND,li1,321.3100,228.4800,0.000967
FILLER_79_671,VGND,li1,314.4100,228.4800,0.000965
FILLER_79_643,VGND,li1,301.9900,228.4800,0.000954
FILLER_79_640,VGND,li1,300.6100,228.4800,0.000954
FILLER_79_637,VGND,li1,299.2300,228.4800,0.000952
FILLER_79_634,VGND,li1,297.8500,228.4800,0.000952
FILLER_79_588,VGND,li1,276.6900,228.4800,0.000898
FILLER_79_585,VGND,li1,275.3100,228.4800,0.000887
FILLER_79_582,VGND,li1,273.9300,228.4800,0.000887
FILLER_79_579,VGND,li1,272.5500,228.4800,0.000873
FILLER_79_576,VGND,li1,271.1700,228.4800,0.000873
FILLER_79_559,VGND,li1,262.8900,228.4800,0.000833
FILLER_79_556,VGND,li1,261.9700,228.4800,0.000821
FILLER_79_553,VGND,li1,260.5900,228.4800,0.000821
FILLER_79_544,VGND,li1,255.9900,228.4800,0.000799
FILLER_79_541,VGND,li1,255.0700,228.4800,0.000787
FILLER_79_538,VGND,li1,253.6900,228.4800,0.000787
FILLER_79_535,VGND,li1,252.3100,228.4800,0.000776
FILLER_79_532,VGND,li1,250.9300,228.4800,0.000767
FILLER_79_529,VGND,li1,249.5500,228.4800,0.000767
FILLER_79_526,VGND,li1,248.1700,228.4800,0.000755
FILLER_79_523,VGND,li1,246.7900,228.4800,0.000746
FILLER_79_520,VGND,li1,245.4100,228.4800,0.000746
FILLER_79_502,VGND,li1,236.9000,228.4800,0.000680
FILLER_79_494,VGND,li1,233.4500,228.4800,0.000654
FILLER_79_491,VGND,li1,232.0700,228.4800,0.000654
FILLER_79_476,VGND,li1,224.7100,228.4800,0.000589
FILLER_79_465,VGND,li1,220.1100,228.4800,0.000545
FILLER_79_437,VGND,li1,207.0000,228.4800,0.000446
FILLER_79_393,VGND,li1,186.7600,228.4800,0.000244
FILLER_79_389,VGND,li1,185.1500,228.4800,0.000244
FILLER_79_361,VGND,li1,172.0400,228.4800,0.000213
FILLER_79_354,VGND,li1,168.5900,228.4800,0.000232
FILLER_79_289,VGND,li1,138.9200,228.4800,0.000383
FILLER_79_278,VGND,li1,133.8600,228.4800,0.000406
FILLER_79_265,VGND,li1,127.8800,228.4800,0.000423
FILLER_79_247,VGND,li1,119.3700,228.4800,0.000428
FILLER_79_221,VGND,li1,107.8700,228.4800,0.000428
FILLER_79_185,VGND,li1,90.8500,228.4800,0.000411
FILLER_79_177,VGND,li1,87.4000,228.4800,0.000403
FILLER_79_149,VGND,li1,74.7500,228.4800,0.000340
FILLER_79_146,VGND,li1,73.3700,228.4800,0.000326
FILLER_79_143,VGND,li1,71.9900,228.4800,0.000326
FILLER_79_140,VGND,li1,70.6100,228.4800,0.000312
FILLER_79_137,VGND,li1,69.2300,228.4800,0.000312
FILLER_79_134,VGND,li1,67.8500,228.4800,0.000298
FILLER_79_131,VGND,li1,66.4700,228.4800,0.000298
FILLER_79_128,VGND,li1,65.0900,228.4800,0.000283
FILLER_79_125,VGND,li1,63.7100,228.4800,0.000283
FILLER_79_122,VGND,li1,62.3300,228.4800,0.000269
FILLER_79_119,VGND,li1,60.9500,228.4800,0.000269
FILLER_79_116,VGND,li1,59.5700,228.4800,0.000255
FILLER_79_113,VGND,li1,58.1900,228.4800,0.000255
FILLER_79_109,VGND,li1,56.3500,228.4800,0.000245
FILLER_79_106,VGND,li1,54.9700,228.4800,0.000231
FILLER_79_103,VGND,li1,53.5900,228.4800,0.000231
FILLER_79_69,VGND,li1,37.7200,228.4800,0.000144
FILLER_79_66,VGND,li1,36.5700,228.4800,0.000134
FILLER_79_63,VGND,li1,35.1900,228.4800,0.000120
FILLER_79_60,VGND,li1,33.8100,228.4800,0.000120
FILLER_79_57,VGND,li1,32.4300,228.4800,0.000104
FILLER_79_54,VGND,li1,30.8200,228.4800,0.000104
FILLER_79_51,VGND,li1,29.6700,228.4800,0.000089
FILLER_79_48,VGND,li1,28.2900,228.4800,0.000089
FILLER_79_31,VGND,li1,20.0100,228.4800,0.000074
FILLER_79_6,VGND,li1,8.5100,228.4800,0.000076
FILLER_79_3,VGND,li1,7.5900,228.4800,0.000076
FILLER_78_686,VGND,li1,321.5400,223.0400,0.001404
FILLER_78_683,VGND,li1,320.3900,223.0400,0.001404
FILLER_78_661,VGND,li1,309.8100,223.0400,0.001394
FILLER_78_658,VGND,li1,308.8900,223.0400,0.001394
FILLER_78_648,VGND,li1,304.0600,223.0400,0.001377
FILLER_78_645,VGND,li1,302.9100,223.0400,0.001377
FILLER_78_643,VGND,li1,301.5300,223.0400,0.001370
FILLER_78_640,VGND,li1,300.6100,223.0400,0.001370
FILLER_78_637,VGND,li1,299.2300,223.0400,0.001364
FILLER_78_634,VGND,li1,297.8500,223.0400,0.001358
FILLER_78_631,VGND,li1,296.4700,223.0400,0.001358
FILLER_78_592,VGND,li1,278.0700,223.0400,0.001266
FILLER_78_589,VGND,li1,277.1500,223.0400,0.001249
FILLER_78_587,VGND,li1,275.7700,223.0400,0.001249
FILLER_78_539,VGND,li1,253.6900,223.0400,0.001056
FILLER_78_536,VGND,li1,252.7700,223.0400,0.001056
FILLER_78_533,VGND,li1,251.3900,223.0400,0.001032
FILLER_78_531,VGND,li1,250.0100,223.0400,0.001032
FILLER_78_528,VGND,li1,249.0900,223.0400,0.001011
FILLER_78_525,VGND,li1,247.7100,223.0400,0.001011
FILLER_78_517,VGND,li1,243.5700,223.0400,0.000974
FILLER_78_506,VGND,li1,238.9700,223.0400,0.000931
FILLER_78_497,VGND,li1,234.3700,223.0400,0.000891
FILLER_78_494,VGND,li1,233.4500,223.0400,0.000870
FILLER_78_491,VGND,li1,232.0700,223.0400,0.000870
FILLER_78_488,VGND,li1,230.6900,223.0400,0.000845
FILLER_78_485,VGND,li1,229.3100,223.0400,0.000845
FILLER_78_473,VGND,li1,223.7900,223.0400,0.000794
FILLER_78_438,VGND,li1,207.2300,223.0400,0.000628
FILLER_78_402,VGND,li1,190.6700,223.0400,0.000387
FILLER_78_365,VGND,li1,174.1100,223.0400,0.000207
FILLER_78_361,VGND,li1,172.2700,223.0400,0.000212
FILLER_78_358,VGND,li1,170.8900,223.0400,0.000216
FILLER_78_307,VGND,li1,146.9700,223.0400,0.000258
FILLER_78_275,VGND,li1,132.2500,223.0400,0.000257
FILLER_78_272,VGND,li1,131.3300,223.0400,0.000257
FILLER_78_261,VGND,li1,126.2700,223.0400,0.000254
FILLER_78_234,VGND,li1,113.6200,223.0400,0.000241
FILLER_78_224,VGND,li1,109.0200,223.0400,0.000232
FILLER_78_221,VGND,li1,107.8700,223.0400,0.000232
FILLER_78_197,VGND,li1,96.3700,223.0400,0.000212
FILLER_78_189,VGND,li1,92.6900,223.0400,0.000203
FILLER_78_186,VGND,li1,91.7700,223.0400,0.000203
FILLER_78_183,VGND,li1,90.3900,223.0400,0.000197
FILLER_78_180,VGND,li1,89.0100,223.0400,0.000197
FILLER_78_177,VGND,li1,87.6300,223.0400,0.000193
FILLER_78_174,VGND,li1,86.2500,223.0400,0.000188
FILLER_78_171,VGND,li1,84.8700,223.0400,0.000188
FILLER_78_168,VGND,li1,83.4900,223.0400,0.000184
FILLER_78_165,VGND,li1,82.1100,223.0400,0.000179
FILLER_78_162,VGND,li1,80.7300,223.0400,0.000179
FILLER_78_159,VGND,li1,79.3500,223.0400,0.000173
FILLER_78_156,VGND,li1,77.9700,223.0400,0.000173
FILLER_78_153,VGND,li1,76.5900,223.0400,0.000169
FILLER_78_150,VGND,li1,75.2100,223.0400,0.000164
FILLER_78_147,VGND,li1,73.8300,223.0400,0.000164
FILLER_78_144,VGND,li1,72.4500,223.0400,0.000160
FILLER_78_141,VGND,li1,71.0700,223.0400,0.000156
FILLER_78_138,VGND,li1,69.4600,223.0400,0.000152
FILLER_78_135,VGND,li1,68.3100,223.0400,0.000152
FILLER_78_124,VGND,li1,63.0200,223.0400,0.000139
FILLER_78_116,VGND,li1,59.5700,223.0400,0.000130
FILLER_78_113,VGND,li1,58.1900,223.0400,0.000124
FILLER_78_110,VGND,li1,56.8100,223.0400,0.000124
FILLER_78_107,VGND,li1,55.4300,223.0400,0.000117
FILLER_78_104,VGND,li1,54.0500,223.0400,0.000117
FILLER_78_88,VGND,li1,46.4600,223.0400,0.000095
FILLER_78_85,VGND,li1,45.3100,223.0400,0.000095
FILLER_78_82,VGND,li1,43.7000,223.0400,0.000089
FILLER_78_79,VGND,li1,42.5500,223.0400,0.000084
FILLER_78_76,VGND,li1,41.1700,223.0400,0.000084
FILLER_78_73,VGND,li1,39.7900,223.0400,0.000078
FILLER_78_56,VGND,li1,31.5100,223.0400,0.000058
FILLER_78_53,VGND,li1,30.5900,223.0400,0.000052
FILLER_78_50,VGND,li1,29.2100,223.0400,0.000052
FILLER_78_35,VGND,li1,21.8500,223.0400,0.000046
FILLER_78_32,VGND,li1,20.9300,223.0400,0.000046
FILLER_78_29,VGND,li1,19.5500,223.0400,0.000048
FILLER_78_3,VGND,li1,7.1300,223.0400,0.000054
FILLER_77_686,VGND,li1,321.5400,223.0400,0.001404
FILLER_77_683,VGND,li1,320.3900,223.0400,0.001404
FILLER_77_673,VGND,li1,315.5600,223.0400,0.001404
FILLER_77_671,VGND,li1,314.4100,223.0400,0.001404
FILLER_77_661,VGND,li1,309.8100,223.0400,0.001394
FILLER_77_641,VGND,li1,301.0700,223.0400,0.001370
FILLER_77_592,VGND,li1,278.0700,223.0400,0.001266
FILLER_77_589,VGND,li1,277.1500,223.0400,0.001249
FILLER_77_569,VGND,li1,267.9500,223.0400,0.001186
FILLER_77_452,VGND,li1,213.9000,223.0400,0.000699
FILLER_77_449,VGND,li1,212.7500,223.0400,0.000673
FILLER_77_447,VGND,li1,211.3700,223.0400,0.000673
FILLER_77_426,VGND,li1,201.9400,223.0400,0.000555
FILLER_77_402,VGND,li1,190.6700,223.0400,0.000387
FILLER_77_399,VGND,li1,189.7500,223.0400,0.000354
FILLER_77_391,VGND,li1,185.6100,223.0400,0.000282
FILLER_77_357,VGND,li1,170.4300,223.0400,0.000216
FILLER_77_354,VGND,li1,169.0500,223.0400,0.000221
FILLER_77_351,VGND,li1,167.6700,223.0400,0.000225
FILLER_77_348,VGND,li1,166.2900,223.0400,0.000225
FILLER_77_345,VGND,li1,164.9100,223.0400,0.000229
FILLER_77_246,VGND,li1,118.9100,223.0400,0.000246
FILLER_77_243,VGND,li1,117.9900,223.0400,0.000246
FILLER_77_225,VGND,li1,109.2500,223.0400,0.000235
FILLER_77_223,VGND,li1,108.3300,223.0400,0.000232
FILLER_77_220,VGND,li1,107.4100,223.0400,0.000232
FILLER_77_186,VGND,li1,91.5400,223.0400,0.000203
FILLER_77_180,VGND,li1,88.5500,223.0400,0.000193
FILLER_77_169,VGND,li1,83.7200,223.0400,0.000184
FILLER_77_158,VGND,li1,78.4300,223.0400,0.000173
FILLER_77_155,VGND,li1,77.5100,223.0400,0.000169
FILLER_77_152,VGND,li1,76.1300,223.0400,0.000169
FILLER_77_149,VGND,li1,74.7500,223.0400,0.000164
FILLER_77_146,VGND,li1,73.3700,223.0400,0.000160
FILLER_77_143,VGND,li1,71.9900,223.0400,0.000160
FILLER_77_124,VGND,li1,62.7900,223.0400,0.000139
FILLER_77_116,VGND,li1,59.1100,223.0400,0.000130
FILLER_77_113,VGND,li1,58.1900,223.0400,0.000124
FILLER_77_110,VGND,li1,56.5800,223.0400,0.000124
FILLER_77_107,VGND,li1,55.4300,223.0400,0.000117
FILLER_77_104,VGND,li1,54.0500,223.0400,0.000117
FILLER_77_101,VGND,li1,52.6700,223.0400,0.000112
FILLER_77_77,VGND,li1,41.4000,223.0400,0.000084
FILLER_77_74,VGND,li1,40.2500,223.0400,0.000078
FILLER_77_71,VGND,li1,38.8700,223.0400,0.000078
FILLER_77_60,VGND,li1,33.8100,223.0400,0.000064
FILLER_77_57,VGND,li1,32.4300,223.0400,0.000058
FILLER_77_53,VGND,li1,30.5900,223.0400,0.000052
FILLER_77_29,VGND,li1,19.0900,223.0400,0.000048
FILLER_77_26,VGND,li1,18.1700,223.0400,0.000050
FILLER_77_3,VGND,li1,7.3600,223.0400,0.000054
FILLER_76_687,VGND,li1,321.7700,217.6000,0.000971
FILLER_76_684,VGND,li1,320.8500,217.6000,0.000971
FILLER_76_648,VGND,li1,304.0600,217.6000,0.000959
FILLER_76_645,VGND,li1,302.9100,217.6000,0.000954
FILLER_76_642,VGND,li1,301.3000,217.6000,0.000954
FILLER_76_639,VGND,li1,300.1500,217.6000,0.000950
FILLER_76_602,VGND,li1,282.9000,217.6000,0.000914
FILLER_76_592,VGND,li1,278.3000,217.6000,0.000898
FILLER_76_589,VGND,li1,277.1500,217.6000,0.000898
FILLER_76_585,VGND,li1,275.3100,217.6000,0.000892
FILLER_76_531,VGND,li1,250.0100,217.6000,0.000787
FILLER_76_504,VGND,li1,237.8200,217.6000,0.000717
FILLER_76_494,VGND,li1,233.2200,217.6000,0.000691
FILLER_76_427,VGND,li1,202.1700,217.6000,0.000430
FILLER_76_424,VGND,li1,201.2500,217.6000,0.000430
FILLER_76_421,VGND,li1,199.8700,217.6000,0.000397
FILLER_76_418,VGND,li1,198.2600,217.6000,0.000397
FILLER_76_400,VGND,li1,189.9800,217.6000,0.000307
FILLER_76_397,VGND,li1,188.8300,217.6000,0.000286
FILLER_76_365,VGND,li1,173.6500,217.6000,0.000179
FILLER_76_344,VGND,li1,164.4500,217.6000,0.000214
FILLER_76_318,VGND,li1,152.2600,217.6000,0.000256
FILLER_76_309,VGND,li1,147.8900,217.6000,0.000271
FILLER_76_264,VGND,li1,127.4200,217.6000,0.000327
FILLER_76_253,VGND,li1,122.5900,217.6000,0.000341
FILLER_76_210,VGND,li1,102.5800,217.6000,0.000331
FILLER_76_207,VGND,li1,101.4300,217.6000,0.000331
FILLER_76_197,VGND,li1,96.6000,217.6000,0.000317
FILLER_76_154,VGND,li1,76.5900,217.6000,0.000263
FILLER_76_151,VGND,li1,75.6700,217.6000,0.000263
FILLER_76_148,VGND,li1,74.2900,217.6000,0.000258
FILLER_76_145,VGND,li1,72.9100,217.6000,0.000251
FILLER_76_124,VGND,li1,62.7900,217.6000,0.000227
FILLER_76_105,VGND,li1,54.2800,217.6000,0.000201
FILLER_76_102,VGND,li1,53.1300,217.6000,0.000195
FILLER_76_81,VGND,li1,43.4700,217.6000,0.000161
FILLER_76_47,VGND,li1,27.3700,217.6000,0.000080
FILLER_75_687,VGND,li1,321.7700,217.6000,0.000971
FILLER_75_684,VGND,li1,320.8500,217.6000,0.000971
FILLER_75_681,VGND,li1,319.4700,217.6000,0.000971
FILLER_75_670,VGND,li1,314.1800,217.6000,0.000970
FILLER_75_667,VGND,li1,313.0300,217.6000,0.000970
FILLER_75_639,VGND,li1,300.1500,217.6000,0.000950
FILLER_75_636,VGND,li1,298.7700,217.6000,0.000950
FILLER_75_627,VGND,li1,294.1700,217.6000,0.000941
FILLER_75_617,VGND,li1,289.5700,217.6000,0.000927
FILLER_75_614,VGND,li1,288.4200,217.6000,0.000927
FILLER_75_569,VGND,li1,267.9500,217.6000,0.000867
FILLER_75_551,VGND,li1,259.2100,217.6000,0.000828
FILLER_75_505,VGND,li1,238.5100,217.6000,0.000717
FILLER_75_503,VGND,li1,237.1300,217.6000,0.000717
FILLER_75_494,VGND,li1,232.9900,217.6000,0.000691
FILLER_75_491,VGND,li1,232.0700,217.6000,0.000676
FILLER_75_488,VGND,li1,230.6900,217.6000,0.000676
FILLER_75_460,VGND,li1,217.5800,217.6000,0.000577
FILLER_75_457,VGND,li1,216.4300,217.6000,0.000577
FILLER_75_431,VGND,li1,204.0100,217.6000,0.000460
FILLER_75_404,VGND,li1,192.0500,217.6000,0.000329
FILLER_75_401,VGND,li1,190.6700,217.6000,0.000307
FILLER_75_390,VGND,li1,185.3800,217.6000,0.000256
FILLER_75_372,VGND,li1,177.1000,217.6000,0.000162
FILLER_75_355,VGND,li1,169.0500,217.6000,0.000197
FILLER_75_352,VGND,li1,168.1300,217.6000,0.000205
FILLER_75_349,VGND,li1,166.7500,217.6000,0.000205
FILLER_75_334,VGND,li1,159.6200,217.6000,0.000232
FILLER_75_308,VGND,li1,147.6600,217.6000,0.000271
FILLER_75_281,VGND,li1,135.0100,217.6000,0.000312
FILLER_75_277,VGND,li1,133.6300,217.6000,0.000312
FILLER_75_268,VGND,li1,129.0300,217.6000,0.000327
FILLER_75_225,VGND,li1,109.7100,217.6000,0.000349
FILLER_75_199,VGND,li1,97.2900,217.6000,0.000317
FILLER_75_172,VGND,li1,84.8700,217.6000,0.000288
FILLER_75_169,VGND,li1,83.9500,217.6000,0.000282
FILLER_75_143,VGND,li1,71.9900,217.6000,0.000251
FILLER_75_106,VGND,li1,54.5100,217.6000,0.000201
FILLER_75_46,VGND,li1,27.1400,217.6000,0.000080
FILLER_75_43,VGND,li1,25.9900,217.6000,0.000068
FILLER_75_24,VGND,li1,16.7900,217.6000,0.000078
FILLER_75_6,VGND,li1,8.5100,217.6000,0.000082
FILLER_75_3,VGND,li1,7.5900,217.6000,0.000082
FILLER_74_686,VGND,li1,321.5400,212.1600,0.000806
FILLER_74_683,VGND,li1,320.3900,212.1600,0.000806
FILLER_74_665,VGND,li1,311.6500,212.1600,0.000803
FILLER_74_662,VGND,li1,310.7300,212.1600,0.000803
FILLER_74_641,VGND,li1,301.0700,212.1600,0.000797
FILLER_74_638,VGND,li1,299.6900,212.1600,0.000795
FILLER_74_635,VGND,li1,298.3100,212.1600,0.000795
FILLER_74_632,VGND,li1,296.9300,212.1600,0.000793
FILLER_74_629,VGND,li1,295.5500,212.1600,0.000793
FILLER_74_603,VGND,li1,283.5900,212.1600,0.000784
FILLER_74_600,VGND,li1,282.2100,212.1600,0.000782
FILLER_74_597,VGND,li1,280.8300,212.1600,0.000782
FILLER_74_569,VGND,li1,267.9500,212.1600,0.000772
FILLER_74_533,VGND,li1,251.3900,212.1600,0.000715
FILLER_74_530,VGND,li1,249.7800,212.1600,0.000715
FILLER_74_527,VGND,li1,248.6300,212.1600,0.000700
FILLER_74_524,VGND,li1,247.2500,212.1600,0.000700
FILLER_74_497,VGND,li1,234.3700,212.1600,0.000615
FILLER_74_494,VGND,li1,233.4500,212.1600,0.000615
FILLER_74_474,VGND,li1,224.0200,212.1600,0.000550
FILLER_74_449,VGND,li1,212.2900,212.1600,0.000459
FILLER_74_421,VGND,li1,199.6400,212.1600,0.000351
FILLER_74_418,VGND,li1,198.2600,212.1600,0.000351
FILLER_74_377,VGND,li1,179.4000,212.1600,0.000157
FILLER_74_374,VGND,li1,178.2500,212.1600,0.000157
FILLER_74_362,VGND,li1,172.5000,212.1600,0.000188
FILLER_74_352,VGND,li1,167.6700,212.1600,0.000213
FILLER_74_349,VGND,li1,166.7500,212.1600,0.000213
FILLER_74_346,VGND,li1,165.3700,212.1600,0.000223
FILLER_74_343,VGND,li1,163.9900,212.1600,0.000232
FILLER_74_309,VGND,li1,147.8900,212.1600,0.000288
FILLER_74_249,VGND,li1,120.7500,212.1600,0.000353
FILLER_74_218,VGND,li1,106.2600,212.1600,0.000369
FILLER_74_215,VGND,li1,105.1100,212.1600,0.000369
FILLER_74_197,VGND,li1,96.3700,212.1600,0.000369
FILLER_74_193,VGND,li1,94.9900,212.1600,0.000369
FILLER_74_155,VGND,li1,77.0500,212.1600,0.000360
FILLER_74_152,VGND,li1,76.1300,212.1600,0.000359
FILLER_74_137,VGND,li1,69.2300,212.1600,0.000335
FILLER_74_121,VGND,li1,61.6400,212.1600,0.000299
FILLER_74_110,VGND,li1,56.5800,212.1600,0.000271
FILLER_74_107,VGND,li1,55.4300,212.1600,0.000257
FILLER_74_104,VGND,li1,54.0500,212.1600,0.000257
FILLER_74_101,VGND,li1,52.6700,212.1600,0.000242
FILLER_74_98,VGND,li1,51.2900,212.1600,0.000242
FILLER_74_95,VGND,li1,49.9100,212.1600,0.000232
FILLER_74_85,VGND,li1,44.8500,212.1600,0.000203
FILLER_74_81,VGND,li1,43.4700,212.1600,0.000191
FILLER_74_78,VGND,li1,42.0900,212.1600,0.000191
FILLER_74_32,VGND,li1,20.7000,212.1600,0.000087
FILLER_74_29,VGND,li1,19.5500,212.1600,0.000087
FILLER_74_3,VGND,li1,7.1300,212.1600,0.000088
FILLER_73_687,VGND,li1,321.7700,212.1600,0.000806
FILLER_73_684,VGND,li1,320.8500,212.1600,0.000806
FILLER_73_681,VGND,li1,319.4700,212.1600,0.000806
FILLER_73_671,VGND,li1,314.4100,212.1600,0.000805
FILLER_73_668,VGND,li1,313.4900,212.1600,0.000805
FILLER_73_641,VGND,li1,301.0700,212.1600,0.000797
FILLER_73_638,VGND,li1,299.6900,212.1600,0.000795
FILLER_73_629,VGND,li1,295.0900,212.1600,0.000792
FILLER_73_626,VGND,li1,294.1700,212.1600,0.000792
FILLER_73_623,VGND,li1,292.7900,212.1600,0.000790
FILLER_73_620,VGND,li1,291.4100,212.1600,0.000790
FILLER_73_617,VGND,li1,290.0300,212.1600,0.000789
FILLER_73_607,VGND,li1,284.9700,212.1600,0.000786
FILLER_73_604,VGND,li1,284.0500,212.1600,0.000784
FILLER_73_601,VGND,li1,282.6700,212.1600,0.000784
FILLER_73_598,VGND,li1,281.2900,212.1600,0.000782
FILLER_73_572,VGND,li1,269.1000,212.1600,0.000772
FILLER_73_559,VGND,li1,262.8900,212.1600,0.000765
FILLER_73_556,VGND,li1,261.9700,212.1600,0.000760
FILLER_73_553,VGND,li1,260.5900,212.1600,0.000760
FILLER_73_533,VGND,li1,250.9300,212.1600,0.000715
FILLER_73_530,VGND,li1,250.0100,212.1600,0.000715
FILLER_73_501,VGND,li1,236.6700,212.1600,0.000636
FILLER_73_482,VGND,li1,227.7000,212.1600,0.000568
FILLER_73_479,VGND,li1,226.5500,212.1600,0.000568
FILLER_73_396,VGND,li1,187.9100,212.1600,0.000255
FILLER_73_393,VGND,li1,186.9900,212.1600,0.000230
FILLER_73_390,VGND,li1,185.3800,212.1600,0.000230
FILLER_73_379,VGND,li1,180.5500,212.1600,0.000181
FILLER_73_361,VGND,li1,171.8100,212.1600,0.000188
FILLER_73_358,VGND,li1,170.8900,212.1600,0.000199
FILLER_73_355,VGND,li1,169.5100,212.1600,0.000199
FILLER_73_281,VGND,li1,135.0100,212.1600,0.000323
FILLER_73_271,VGND,li1,130.4100,212.1600,0.000332
FILLER_73_228,VGND,li1,110.6300,212.1600,0.000367
FILLER_73_225,VGND,li1,109.7100,212.1600,0.000368
FILLER_73_222,VGND,li1,108.1000,212.1600,0.000368
FILLER_73_219,VGND,li1,106.9500,212.1600,0.000368
FILLER_73_182,VGND,li1,89.9300,212.1600,0.000367
FILLER_73_156,VGND,li1,77.7400,212.1600,0.000360
FILLER_73_153,VGND,li1,76.5900,212.1600,0.000359
FILLER_73_150,VGND,li1,75.2100,212.1600,0.000359
FILLER_73_147,VGND,li1,73.8300,212.1600,0.000357
FILLER_73_144,VGND,li1,72.4500,212.1600,0.000357
FILLER_73_141,VGND,li1,71.0700,212.1600,0.000345
FILLER_73_138,VGND,li1,69.6900,212.1600,0.000335
FILLER_73_135,VGND,li1,68.3100,212.1600,0.000335
FILLER_73_95,VGND,li1,49.4500,212.1600,0.000232
FILLER_73_84,VGND,li1,44.6200,212.1600,0.000203
FILLER_73_69,VGND,li1,37.4900,212.1600,0.000165
FILLER_73_57,VGND,li1,32.4300,212.1600,0.000137
FILLER_73_53,VGND,li1,30.5900,212.1600,0.000126
FILLER_73_3,VGND,li1,7.3600,212.1600,0.000088
FILLER_72_685,VGND,li1,321.3100,206.7200,0.001105
FILLER_72_665,VGND,li1,312.1100,206.7200,0.001103
FILLER_72_662,VGND,li1,310.7300,206.7200,0.001101
FILLER_72_651,VGND,li1,305.2100,206.7200,0.001098
FILLER_72_648,VGND,li1,304.2900,206.7200,0.001096
FILLER_72_645,VGND,li1,302.9100,206.7200,0.001096
FILLER_72_641,VGND,li1,301.0700,206.7200,0.001094
FILLER_72_638,VGND,li1,299.6900,206.7200,0.001092
FILLER_72_635,VGND,li1,298.3100,206.7200,0.001092
FILLER_72_632,VGND,li1,296.9300,206.7200,0.001089
FILLER_72_629,VGND,li1,295.5500,206.7200,0.001089
FILLER_72_619,VGND,li1,290.7200,206.7200,0.001085
FILLER_72_610,VGND,li1,286.3500,206.7200,0.001079
FILLER_72_607,VGND,li1,285.4300,206.7200,0.001079
FILLER_72_604,VGND,li1,284.0500,206.7200,0.001076
FILLER_72_601,VGND,li1,282.6700,206.7200,0.001076
FILLER_72_598,VGND,li1,281.2900,206.7200,0.001074
FILLER_72_595,VGND,li1,279.9100,206.7200,0.001072
FILLER_72_592,VGND,li1,278.5300,206.7200,0.001072
FILLER_72_589,VGND,li1,277.1500,206.7200,0.001070
FILLER_72_570,VGND,li1,267.9500,206.7200,0.001060
FILLER_72_567,VGND,li1,267.0300,206.7200,0.001057
FILLER_72_546,VGND,li1,257.1400,206.7200,0.001013
FILLER_72_543,VGND,li1,255.9900,206.7200,0.001013
FILLER_72_533,VGND,li1,251.1600,206.7200,0.000979
FILLER_72_521,VGND,li1,245.8700,206.7200,0.000949
FILLER_72_510,VGND,li1,240.3500,206.7200,0.000906
FILLER_72_507,VGND,li1,239.4300,206.7200,0.000906
FILLER_72_504,VGND,li1,238.0500,206.7200,0.000891
FILLER_72_477,VGND,li1,225.6300,206.7200,0.000807
FILLER_72_474,VGND,li1,224.0200,206.7200,0.000794
FILLER_72_471,VGND,li1,222.8700,206.7200,0.000794
FILLER_72_445,VGND,li1,210.9100,206.7200,0.000640
FILLER_72_427,VGND,li1,202.1700,206.7200,0.000536
FILLER_72_424,VGND,li1,201.2500,206.7200,0.000536
FILLER_72_421,VGND,li1,199.8700,206.7200,0.000505
FILLER_72_393,VGND,li1,186.5300,206.7200,0.000324
FILLER_72_390,VGND,li1,185.6100,206.7200,0.000324
FILLER_72_309,VGND,li1,147.8900,206.7200,0.000333
FILLER_72_295,VGND,li1,141.6800,206.7200,0.000342
FILLER_72_253,VGND,li1,122.3600,206.7200,0.000328
FILLER_72_234,VGND,li1,113.3900,206.7200,0.000316
FILLER_72_231,VGND,li1,112.4700,206.7200,0.000316
FILLER_72_228,VGND,li1,111.0900,206.7200,0.000312
FILLER_72_219,VGND,li1,106.4900,206.7200,0.000304
FILLER_72_216,VGND,li1,105.5700,206.7200,0.000300
FILLER_72_197,VGND,li1,96.3700,206.7200,0.000279
FILLER_72_165,VGND,li1,81.6500,206.7200,0.000233
FILLER_72_162,VGND,li1,80.7300,206.7200,0.000226
FILLER_72_159,VGND,li1,79.3500,206.7200,0.000226
FILLER_72_156,VGND,li1,77.9700,206.7200,0.000221
FILLER_72_153,VGND,li1,76.5900,206.7200,0.000213
FILLER_72_150,VGND,li1,75.2100,206.7200,0.000213
FILLER_72_147,VGND,li1,73.8300,206.7200,0.000207
FILLER_72_144,VGND,li1,72.4500,206.7200,0.000200
FILLER_72_141,VGND,li1,71.0700,206.7200,0.000200
FILLER_72_138,VGND,li1,69.4600,206.7200,0.000194
FILLER_72_135,VGND,li1,68.3100,206.7200,0.000187
FILLER_72_132,VGND,li1,66.9300,206.7200,0.000187
FILLER_72_124,VGND,li1,63.2500,206.7200,0.000175
FILLER_72_121,VGND,li1,61.8700,206.7200,0.000167
FILLER_72_118,VGND,li1,60.4900,206.7200,0.000161
FILLER_72_115,VGND,li1,59.1100,206.7200,0.000161
FILLER_72_112,VGND,li1,57.7300,206.7200,0.000155
FILLER_72_94,VGND,li1,49.2200,206.7200,0.000125
FILLER_72_91,VGND,li1,48.0700,206.7200,0.000125
FILLER_72_88,VGND,li1,46.6900,206.7200,0.000116
FILLER_72_85,VGND,li1,45.3100,206.7200,0.000116
FILLER_72_83,VGND,li1,43.9300,206.7200,0.000108
FILLER_72_53,VGND,li1,30.3600,206.7200,0.000065
FILLER_72_29,VGND,li1,19.0900,206.7200,0.000053
FILLER_72_25,VGND,li1,17.7100,206.7200,0.000053
FILLER_72_6,VGND,li1,8.9700,206.7200,0.000057
FILLER_72_3,VGND,li1,7.5900,206.7200,0.000057
FILLER_71_685,VGND,li1,321.3100,206.7200,0.001105
FILLER_71_682,VGND,li1,319.9300,206.7200,0.001105
FILLER_71_661,VGND,li1,310.0400,206.7200,0.001101
FILLER_71_642,VGND,li1,301.3000,206.7200,0.001094
FILLER_71_625,VGND,li1,293.2500,206.7200,0.001087
FILLER_71_599,VGND,li1,281.2900,206.7200,0.001074
FILLER_71_596,VGND,li1,280.3700,206.7200,0.001074
FILLER_71_593,VGND,li1,278.9900,206.7200,0.001072
FILLER_71_590,VGND,li1,277.6100,206.7200,0.001070
FILLER_71_587,VGND,li1,276.2300,206.7200,0.001070
FILLER_71_561,VGND,li1,263.8100,206.7200,0.001051
FILLER_71_558,VGND,li1,262.6600,206.7200,0.001051
FILLER_71_524,VGND,li1,246.7900,206.7200,0.000949
FILLER_71_521,VGND,li1,245.8700,206.7200,0.000949
FILLER_71_503,VGND,li1,237.1300,206.7200,0.000891
FILLER_71_500,VGND,li1,236.2100,206.7200,0.000875
FILLER_71_497,VGND,li1,234.8300,206.7200,0.000875
FILLER_71_488,VGND,li1,230.2300,206.7200,0.000838
FILLER_71_485,VGND,li1,229.3100,206.7200,0.000838
FILLER_71_447,VGND,li1,211.3700,206.7200,0.000667
FILLER_71_393,VGND,li1,186.9900,206.7200,0.000324
FILLER_71_391,VGND,li1,185.6100,206.7200,0.000324
FILLER_71_337,VGND,li1,160.7700,206.7200,0.000288
FILLER_71_308,VGND,li1,147.6600,206.7200,0.000333
FILLER_71_284,VGND,li1,136.3900,206.7200,0.000341
FILLER_71_281,VGND,li1,135.4700,206.7200,0.000340
FILLER_71_223,VGND,li1,108.3300,206.7200,0.000308
FILLER_71_187,VGND,li1,92.0000,206.7200,0.000267
FILLER_71_169,VGND,li1,83.7200,206.7200,0.000239
FILLER_71_161,VGND,li1,79.8100,206.7200,0.000226
FILLER_71_158,VGND,li1,78.8900,206.7200,0.000221
FILLER_71_155,VGND,li1,77.5100,206.7200,0.000221
FILLER_71_152,VGND,li1,76.1300,206.7200,0.000213
FILLER_71_149,VGND,li1,74.7500,206.7200,0.000207
FILLER_71_146,VGND,li1,73.3700,206.7200,0.000207
FILLER_71_143,VGND,li1,71.9900,206.7200,0.000200
FILLER_71_140,VGND,li1,70.6100,206.7200,0.000194
FILLER_71_137,VGND,li1,69.2300,206.7200,0.000194
FILLER_71_134,VGND,li1,67.8500,206.7200,0.000187
FILLER_71_125,VGND,li1,63.7100,206.7200,0.000175
FILLER_71_122,VGND,li1,62.3300,206.7200,0.000167
FILLER_71_119,VGND,li1,60.9500,206.7200,0.000167
FILLER_71_116,VGND,li1,59.5700,206.7200,0.000161
FILLER_71_113,VGND,li1,58.1900,206.7200,0.000155
FILLER_71_94,VGND,li1,48.9900,206.7200,0.000125
FILLER_71_91,VGND,li1,48.0700,206.7200,0.000125
FILLER_71_80,VGND,li1,43.0100,206.7200,0.000108
FILLER_71_63,VGND,li1,34.7300,206.7200,0.000080
FILLER_71_60,VGND,li1,33.8100,206.7200,0.000072
FILLER_71_57,VGND,li1,32.4300,206.7200,0.000072
FILLER_71_53,VGND,li1,30.5900,206.7200,0.000065
FILLER_71_50,VGND,li1,29.2100,206.7200,0.000059
FILLER_71_6,VGND,li1,8.5100,206.7200,0.000057
FILLER_71_3,VGND,li1,7.5900,206.7200,0.000057
FILLER_70_685,VGND,li1,321.3100,201.2800,0.000688
FILLER_70_648,VGND,li1,304.2900,201.2800,0.000678
FILLER_70_645,VGND,li1,302.9100,201.2800,0.000674
FILLER_70_633,VGND,li1,297.3900,201.2800,0.000666
FILLER_70_630,VGND,li1,296.0100,201.2800,0.000666
FILLER_70_627,VGND,li1,294.6300,201.2800,0.000663
FILLER_70_598,VGND,li1,281.2900,201.2800,0.000634
FILLER_70_595,VGND,li1,279.9100,201.2800,0.000634
FILLER_70_592,VGND,li1,278.5300,201.2800,0.000627
FILLER_70_589,VGND,li1,277.1500,201.2800,0.000627
FILLER_70_587,VGND,li1,275.7700,201.2800,0.000621
FILLER_70_558,VGND,li1,262.8900,201.2800,0.000584
FILLER_70_523,VGND,li1,246.3300,201.2800,0.000528
FILLER_70_497,VGND,li1,234.3700,201.2800,0.000474
FILLER_70_494,VGND,li1,233.4500,201.2800,0.000463
FILLER_70_473,VGND,li1,223.7900,201.2800,0.000417
FILLER_70_470,VGND,li1,222.4100,201.2800,0.000402
FILLER_70_464,VGND,li1,219.4200,201.2800,0.000391
FILLER_70_461,VGND,li1,218.2700,201.2800,0.000381
FILLER_70_451,VGND,li1,213.2100,201.2800,0.000355
FILLER_70_448,VGND,li1,212.2900,201.2800,0.000341
FILLER_70_445,VGND,li1,210.9100,201.2800,0.000341
FILLER_70_419,VGND,li1,198.4900,201.2800,0.000257
FILLER_70_396,VGND,li1,188.1400,201.2800,0.000196
FILLER_70_309,VGND,li1,148.1200,201.2800,0.000230
FILLER_70_307,VGND,li1,146.9700,201.2800,0.000230
FILLER_70_234,VGND,li1,113.6200,201.2800,0.000257
FILLER_70_223,VGND,li1,108.3300,201.2800,0.000255
FILLER_70_220,VGND,li1,107.4100,201.2800,0.000255
FILLER_70_194,VGND,li1,95.2200,201.2800,0.000246
FILLER_70_176,VGND,li1,86.9400,201.2800,0.000238
FILLER_70_152,VGND,li1,75.6700,201.2800,0.000218
FILLER_70_149,VGND,li1,74.7500,201.2800,0.000218
FILLER_70_133,VGND,li1,66.9300,201.2800,0.000202
FILLER_70_122,VGND,li1,62.3300,201.2800,0.000190
FILLER_70_88,VGND,li1,46.2300,201.2800,0.000139
FILLER_70_85,VGND,li1,45.3100,201.2800,0.000139
FILLER_70_83,VGND,li1,43.9300,201.2800,0.000130
FILLER_70_80,VGND,li1,43.0100,201.2800,0.000130
FILLER_70_53,VGND,li1,30.1300,201.2800,0.000078
FILLER_70_50,VGND,li1,29.2100,201.2800,0.000068
FILLER_70_47,VGND,li1,27.8300,201.2800,0.000068
FILLER_70_27,VGND,li1,18.1700,201.2800,0.000065
FILLER_70_24,VGND,li1,17.2500,201.2800,0.000065
FILLER_70_6,VGND,li1,8.5100,201.2800,0.000069
FILLER_70_3,VGND,li1,7.5900,201.2800,0.000069
FILLER_69_687,VGND,li1,321.7700,201.2800,0.000688
FILLER_69_684,VGND,li1,320.8500,201.2800,0.000688
FILLER_69_681,VGND,li1,319.4700,201.2800,0.000688
FILLER_69_671,VGND,li1,314.4100,201.2800,0.000686
FILLER_69_668,VGND,li1,313.4900,201.2800,0.000686
FILLER_69_665,VGND,li1,312.1100,201.2800,0.000684
FILLER_69_637,VGND,li1,299.2300,201.2800,0.000669
FILLER_69_634,VGND,li1,297.8500,201.2800,0.000669
FILLER_69_615,VGND,li1,288.6500,201.2800,0.000654
FILLER_69_597,VGND,li1,280.3700,201.2800,0.000634
FILLER_69_561,VGND,li1,264.0400,201.2800,0.000584
FILLER_69_557,VGND,li1,262.4300,201.2800,0.000584
FILLER_69_513,VGND,li1,241.7300,201.2800,0.000509
FILLER_69_502,VGND,li1,236.9000,201.2800,0.000487
FILLER_69_481,VGND,li1,227.4700,201.2800,0.000438
FILLER_69_437,VGND,li1,207.2300,201.2800,0.000311
FILLER_69_434,VGND,li1,205.8500,201.2800,0.000311
FILLER_69_431,VGND,li1,204.4700,201.2800,0.000294
FILLER_69_428,VGND,li1,203.0900,201.2800,0.000294
FILLER_69_425,VGND,li1,201.7100,201.2800,0.000282
FILLER_69_411,VGND,li1,194.8100,201.2800,0.000244
FILLER_69_390,VGND,li1,185.3800,201.2800,0.000180
FILLER_69_380,VGND,li1,180.7800,201.2800,0.000147
FILLER_69_353,VGND,li1,168.5900,201.2800,0.000159
FILLER_69_345,VGND,li1,164.4500,201.2800,0.000178
FILLER_69_334,VGND,li1,159.6200,201.2800,0.000197
FILLER_69_313,VGND,li1,149.7300,201.2800,0.000223
FILLER_69_228,VGND,li1,110.8600,201.2800,0.000256
FILLER_69_225,VGND,li1,109.7100,201.2800,0.000256
FILLER_69_189,VGND,li1,93.1500,201.2800,0.000243
FILLER_69_186,VGND,li1,91.7700,201.2800,0.000243
FILLER_69_158,VGND,li1,78.4300,201.2800,0.000222
FILLER_69_122,VGND,li1,62.3300,201.2800,0.000190
FILLER_69_119,VGND,li1,60.9500,201.2800,0.000184
FILLER_69_78,VGND,li1,41.8600,201.2800,0.000120
FILLER_69_60,VGND,li1,33.3500,201.2800,0.000087
FILLER_69_57,VGND,li1,32.4300,201.2800,0.000087
FILLER_69_53,VGND,li1,30.5900,201.2800,0.000078
FILLER_69_50,VGND,li1,29.2100,201.2800,0.000068
FILLER_69_3,VGND,li1,7.3600,201.2800,0.000069
FILLER_68_687,VGND,li1,321.7700,195.8400,0.000908
FILLER_68_684,VGND,li1,320.8500,195.8400,0.000908
FILLER_68_681,VGND,li1,319.4700,195.8400,0.000908
FILLER_68_645,VGND,li1,302.9100,195.8400,0.000900
FILLER_68_643,VGND,li1,301.5300,195.8400,0.000897
FILLER_68_640,VGND,li1,300.6100,195.8400,0.000897
FILLER_68_637,VGND,li1,299.2300,195.8400,0.000894
FILLER_68_634,VGND,li1,297.8500,195.8400,0.000894
FILLER_68_607,VGND,li1,284.9700,195.8400,0.000875
FILLER_68_598,VGND,li1,280.8300,195.8400,0.000864
FILLER_68_595,VGND,li1,279.9100,195.8400,0.000860
FILLER_68_592,VGND,li1,278.5300,195.8400,0.000860
FILLER_68_589,VGND,li1,277.1500,195.8400,0.000854
FILLER_68_570,VGND,li1,267.9500,195.8400,0.000827
FILLER_68_567,VGND,li1,267.0300,195.8400,0.000827
FILLER_68_521,VGND,li1,245.8700,195.8400,0.000745
FILLER_68_485,VGND,li1,228.8500,195.8400,0.000664
FILLER_68_469,VGND,li1,221.4900,195.8400,0.000613
FILLER_68_458,VGND,li1,216.8900,195.8400,0.000563
FILLER_68_438,VGND,li1,207.6900,195.8400,0.000468
FILLER_68_435,VGND,li1,206.3100,195.8400,0.000468
FILLER_68_432,VGND,li1,204.9300,195.8400,0.000443
FILLER_68_429,VGND,li1,203.5500,195.8400,0.000443
FILLER_68_401,VGND,li1,190.6700,195.8400,0.000315
FILLER_68_382,VGND,li1,181.9300,195.8400,0.000221
FILLER_68_374,VGND,li1,178.0200,195.8400,0.000174
FILLER_68_365,VGND,li1,173.6500,195.8400,0.000202
FILLER_68_357,VGND,li1,169.9700,195.8400,0.000217
FILLER_68_343,VGND,li1,163.7600,195.8400,0.000249
FILLER_68_315,VGND,li1,150.8800,195.8400,0.000299
FILLER_68_305,VGND,li1,146.5100,195.8400,0.000316
FILLER_68_270,VGND,li1,129.9500,195.8400,0.000363
FILLER_68_216,VGND,li1,105.3400,195.8400,0.000401
FILLER_68_197,VGND,li1,96.8300,195.8400,0.000408
FILLER_68_193,VGND,li1,94.9900,195.8400,0.000403
FILLER_68_158,VGND,li1,78.4300,195.8400,0.000354
FILLER_68_112,VGND,li1,57.5000,195.8400,0.000266
FILLER_68_109,VGND,li1,56.3500,195.8400,0.000255
FILLER_68_98,VGND,li1,51.0600,195.8400,0.000231
FILLER_68_95,VGND,li1,49.9100,195.8400,0.000231
FILLER_68_92,VGND,li1,48.5300,195.8400,0.000222
FILLER_68_81,VGND,li1,43.4700,195.8400,0.000200
FILLER_68_78,VGND,li1,42.0900,195.8400,0.000187
FILLER_68_59,VGND,li1,33.1200,195.8400,0.000138
FILLER_68_56,VGND,li1,31.9700,195.8400,0.000138
FILLER_68_53,VGND,li1,30.5900,195.8400,0.000127
FILLER_68_50,VGND,li1,29.2100,195.8400,0.000117
FILLER_68_47,VGND,li1,27.8300,195.8400,0.000117
FILLER_68_29,VGND,li1,19.3200,195.8400,0.000111
FILLER_68_6,VGND,li1,8.9700,195.8400,0.000123
FILLER_68_3,VGND,li1,7.5900,195.8400,0.000123
FILLER_67_679,VGND,li1,318.0900,195.8400,0.000908
FILLER_67_676,VGND,li1,317.1700,195.8400,0.000908
FILLER_67_673,VGND,li1,315.7900,195.8400,0.000908
FILLER_67_646,VGND,li1,303.1400,195.8400,0.000900
FILLER_67_643,VGND,li1,301.9900,195.8400,0.000897
FILLER_67_640,VGND,li1,300.6100,195.8400,0.000897
FILLER_67_637,VGND,li1,299.2300,195.8400,0.000894
FILLER_67_634,VGND,li1,297.8500,195.8400,0.000894
FILLER_67_596,VGND,li1,280.3700,195.8400,0.000864
FILLER_67_593,VGND,li1,278.9900,195.8400,0.000860
FILLER_67_590,VGND,li1,277.6100,195.8400,0.000854
FILLER_67_570,VGND,li1,268.4100,195.8400,0.000827
FILLER_67_561,VGND,li1,263.8100,195.8400,0.000812
FILLER_67_558,VGND,li1,262.6600,195.8400,0.000812
FILLER_67_555,VGND,li1,261.5100,195.8400,0.000803
FILLER_67_552,VGND,li1,260.1300,195.8400,0.000803
FILLER_67_526,VGND,li1,247.7100,195.8400,0.000755
FILLER_67_523,VGND,li1,246.7900,195.8400,0.000745
FILLER_67_520,VGND,li1,245.4100,195.8400,0.000745
FILLER_67_513,VGND,li1,241.9600,195.8400,0.000730
FILLER_67_502,VGND,li1,236.9000,195.8400,0.000699
FILLER_67_429,VGND,li1,203.5500,195.8400,0.000443
FILLER_67_403,VGND,li1,191.1300,195.8400,0.000315
FILLER_67_385,VGND,li1,182.8500,195.8400,0.000221
FILLER_67_377,VGND,li1,179.4000,195.8400,0.000174
FILLER_67_366,VGND,li1,174.1100,195.8400,0.000202
FILLER_67_352,VGND,li1,168.1300,195.8400,0.000226
FILLER_67_337,VGND,li1,161.2300,195.8400,0.000262
FILLER_67_281,VGND,li1,135.4700,195.8400,0.000348
FILLER_67_270,VGND,li1,130.1800,195.8400,0.000363
FILLER_67_267,VGND,li1,129.0300,195.8400,0.000363
FILLER_67_225,VGND,li1,109.2500,195.8400,0.000398
FILLER_67_206,VGND,li1,100.7400,195.8400,0.000406
FILLER_67_194,VGND,li1,94.9900,195.8400,0.000403
FILLER_67_157,VGND,li1,78.2000,195.8400,0.000354
FILLER_67_109,VGND,li1,56.3500,195.8400,0.000255
FILLER_67_106,VGND,li1,54.9700,195.8400,0.000255
FILLER_67_103,VGND,li1,53.5900,195.8400,0.000242
FILLER_67_100,VGND,li1,52.2100,195.8400,0.000242
FILLER_67_97,VGND,li1,50.8300,195.8400,0.000231
FILLER_67_94,VGND,li1,49.4500,195.8400,0.000222
FILLER_67_91,VGND,li1,48.0700,195.8400,0.000222
FILLER_67_88,VGND,li1,46.6900,195.8400,0.000213
FILLER_67_71,VGND,li1,38.6400,195.8400,0.000176
FILLER_67_60,VGND,li1,33.8100,195.8400,0.000150
FILLER_67_57,VGND,li1,32.4300,195.8400,0.000138
FILLER_67_54,VGND,li1,30.8200,195.8400,0.000127
FILLER_67_51,VGND,li1,29.6700,195.8400,0.000127
FILLER_67_48,VGND,li1,28.2900,195.8400,0.000117
FILLER_67_30,VGND,li1,19.5500,195.8400,0.000111
FILLER_67_27,VGND,li1,18.6300,195.8400,0.000111
FILLER_67_24,VGND,li1,17.2500,195.8400,0.000120
FILLER_67_6,VGND,li1,8.5100,195.8400,0.000123
FILLER_67_3,VGND,li1,7.5900,195.8400,0.000123
FILLER_66_687,VGND,li1,321.7700,190.4000,0.001173
FILLER_66_684,VGND,li1,320.8500,190.4000,0.001173
FILLER_66_681,VGND,li1,319.4700,190.4000,0.001173
FILLER_66_678,VGND,li1,318.0900,190.4000,0.001173
FILLER_66_675,VGND,li1,316.7100,190.4000,0.001173
FILLER_66_672,VGND,li1,315.3300,190.4000,0.001172
FILLER_66_662,VGND,li1,310.5000,190.4000,0.001172
FILLER_66_642,VGND,li1,301.3000,190.4000,0.001143
FILLER_66_631,VGND,li1,296.4700,190.4000,0.001127
FILLER_66_621,VGND,li1,291.6400,190.4000,0.001109
FILLER_66_610,VGND,li1,286.8100,190.4000,0.001090
FILLER_66_607,VGND,li1,285.4300,190.4000,0.001090
FILLER_66_604,VGND,li1,284.0500,190.4000,0.001075
FILLER_66_601,VGND,li1,282.6700,190.4000,0.001063
FILLER_66_598,VGND,li1,281.2900,190.4000,0.001063
FILLER_66_595,VGND,li1,279.9100,190.4000,0.001049
FILLER_66_592,VGND,li1,278.5300,190.4000,0.001035
FILLER_66_589,VGND,li1,277.1500,190.4000,0.001035
FILLER_66_585,VGND,li1,275.3100,190.4000,0.001023
FILLER_66_553,VGND,li1,260.1300,190.4000,0.000916
FILLER_66_550,VGND,li1,259.2100,190.4000,0.000916
FILLER_66_547,VGND,li1,257.8300,190.4000,0.000902
FILLER_66_544,VGND,li1,256.4500,190.4000,0.000887
FILLER_66_541,VGND,li1,255.0700,190.4000,0.000887
FILLER_66_530,VGND,li1,249.7800,190.4000,0.000841
FILLER_66_527,VGND,li1,248.6300,190.4000,0.000841
FILLER_66_524,VGND,li1,247.2500,190.4000,0.000825
FILLER_66_510,VGND,li1,240.5800,190.4000,0.000773
FILLER_66_507,VGND,li1,239.4300,190.4000,0.000773
FILLER_66_504,VGND,li1,238.0500,190.4000,0.000754
FILLER_66_486,VGND,li1,229.3100,190.4000,0.000684
FILLER_66_477,VGND,li1,225.1700,190.4000,0.000648
FILLER_66_475,VGND,li1,224.2500,190.4000,0.000648
FILLER_66_432,VGND,li1,204.9300,190.4000,0.000450
FILLER_66_429,VGND,li1,203.5500,190.4000,0.000450
FILLER_66_388,VGND,li1,184.6900,190.4000,0.000238
FILLER_66_358,VGND,li1,170.4300,190.4000,0.000211
FILLER_66_317,VGND,li1,152.0300,190.4000,0.000267
FILLER_66_301,VGND,li1,144.2100,190.4000,0.000288
FILLER_66_265,VGND,li1,127.6500,190.4000,0.000317
FILLER_66_262,VGND,li1,126.7300,190.4000,0.000317
FILLER_66_253,VGND,li1,122.1300,190.4000,0.000322
FILLER_66_239,VGND,li1,115.6900,190.4000,0.000327
FILLER_66_203,VGND,li1,99.1300,190.4000,0.000321
FILLER_66_200,VGND,li1,98.2100,190.4000,0.000321
FILLER_66_197,VGND,li1,96.8300,190.4000,0.000318
FILLER_66_195,VGND,li1,95.4500,190.4000,0.000318
FILLER_66_192,VGND,li1,94.5300,190.4000,0.000315
FILLER_66_189,VGND,li1,93.1500,190.4000,0.000315
FILLER_66_186,VGND,li1,91.7700,190.4000,0.000311
FILLER_66_141,VGND,li1,70.8400,190.4000,0.000270
FILLER_66_139,VGND,li1,69.6900,190.4000,0.000270
FILLER_66_113,VGND,li1,57.7300,190.4000,0.000239
FILLER_66_103,VGND,li1,53.3600,190.4000,0.000226
FILLER_66_100,VGND,li1,52.2100,190.4000,0.000218
FILLER_66_85,VGND,li1,44.8500,190.4000,0.000199
FILLER_66_81,VGND,li1,43.4700,190.4000,0.000185
FILLER_66_78,VGND,li1,42.0900,190.4000,0.000185
FILLER_66_61,VGND,li1,34.0400,190.4000,0.000126
FILLER_66_58,VGND,li1,32.8900,190.4000,0.000126
FILLER_66_55,VGND,li1,31.5100,190.4000,0.000113
FILLER_65_676,VGND,li1,316.9400,190.4000,0.001173
FILLER_65_673,VGND,li1,315.7900,190.4000,0.001172
FILLER_65_671,VGND,li1,314.4100,190.4000,0.001172
FILLER_65_668,VGND,li1,313.4900,190.4000,0.001172
FILLER_65_642,VGND,li1,301.3000,190.4000,0.001143
FILLER_65_615,VGND,li1,288.6500,190.4000,0.001101
FILLER_65_603,VGND,li1,283.1300,190.4000,0.001075
FILLER_65_594,VGND,li1,279.2200,190.4000,0.001049
FILLER_65_591,VGND,li1,278.0700,190.4000,0.001035
FILLER_65_588,VGND,li1,276.6900,190.4000,0.001023
FILLER_65_585,VGND,li1,275.3100,190.4000,0.001023
FILLER_65_576,VGND,li1,270.7100,190.4000,0.000992
FILLER_65_573,VGND,li1,269.7900,190.4000,0.000977
FILLER_65_570,VGND,li1,268.4100,190.4000,0.000977
FILLER_65_567,VGND,li1,266.5700,190.4000,0.000965
FILLER_65_564,VGND,li1,265.6500,190.4000,0.000950
FILLER_65_561,VGND,li1,264.2700,190.4000,0.000950
FILLER_65_557,VGND,li1,262.4300,190.4000,0.000934
FILLER_65_542,VGND,li1,255.0700,190.4000,0.000887
FILLER_65_525,VGND,li1,247.4800,190.4000,0.000825
FILLER_65_522,VGND,li1,246.3300,190.4000,0.000825
FILLER_65_514,VGND,li1,242.6500,190.4000,0.000787
FILLER_65_511,VGND,li1,241.2700,190.4000,0.000787
FILLER_65_508,VGND,li1,239.8900,190.4000,0.000773
FILLER_65_505,VGND,li1,238.5100,190.4000,0.000754
FILLER_65_502,VGND,li1,236.9000,190.4000,0.000754
FILLER_65_483,VGND,li1,228.3900,190.4000,0.000684
FILLER_65_475,VGND,li1,224.4800,190.4000,0.000648
FILLER_65_398,VGND,li1,188.8300,190.4000,0.000268
FILLER_65_390,VGND,li1,185.3800,190.4000,0.000238
FILLER_65_373,VGND,li1,177.3300,190.4000,0.000178
FILLER_65_370,VGND,li1,176.4100,190.4000,0.000178
FILLER_65_362,VGND,li1,172.7300,190.4000,0.000195
FILLER_65_337,VGND,li1,160.7700,190.4000,0.000240
FILLER_65_323,VGND,li1,154.3300,190.4000,0.000261
FILLER_65_314,VGND,li1,150.1900,190.4000,0.000274
FILLER_65_281,VGND,li1,135.2400,190.4000,0.000305
FILLER_65_279,VGND,li1,134.0900,190.4000,0.000309
FILLER_65_276,VGND,li1,133.1700,190.4000,0.000309
FILLER_65_254,VGND,li1,122.8200,190.4000,0.000322
FILLER_65_251,VGND,li1,121.6700,190.4000,0.000322
FILLER_65_225,VGND,li1,109.2500,190.4000,0.000328
FILLER_65_205,VGND,li1,100.2800,190.4000,0.000324
FILLER_65_186,VGND,li1,91.7700,190.4000,0.000311
FILLER_65_183,VGND,li1,90.3900,190.4000,0.000311
FILLER_65_167,VGND,li1,82.5700,190.4000,0.000298
FILLER_65_116,VGND,li1,59.5700,190.4000,0.000244
FILLER_65_113,VGND,li1,58.1900,190.4000,0.000239
FILLER_65_111,VGND,li1,56.8100,190.4000,0.000233
FILLER_65_93,VGND,li1,48.5300,190.4000,0.000212
FILLER_65_90,VGND,li1,47.6100,190.4000,0.000205
FILLER_65_60,VGND,li1,33.3500,190.4000,0.000126
FILLER_65_57,VGND,li1,32.4300,190.4000,0.000113
FILLER_65_54,VGND,li1,30.8200,190.4000,0.000113
FILLER_65_51,VGND,li1,29.6700,190.4000,0.000102
FILLER_65_48,VGND,li1,28.2900,190.4000,0.000088
FILLER_65_45,VGND,li1,26.9100,190.4000,0.000088
FILLER_65_42,VGND,li1,25.5300,190.4000,0.000077
FILLER_65_6,VGND,li1,8.5100,190.4000,0.000093
FILLER_65_3,VGND,li1,7.5900,190.4000,0.000093
FILLER_64_676,VGND,li1,316.9400,184.9600,0.001030
FILLER_64_668,VGND,li1,313.2600,184.9600,0.001029
FILLER_64_648,VGND,li1,304.2900,184.9600,0.001020
FILLER_64_645,VGND,li1,302.9100,184.9600,0.001016
FILLER_64_642,VGND,li1,301.3000,184.9600,0.001013
FILLER_64_639,VGND,li1,300.1500,184.9600,0.001013
FILLER_64_611,VGND,li1,287.2700,184.9600,0.000982
FILLER_64_595,VGND,li1,279.9100,184.9600,0.000957
FILLER_64_592,VGND,li1,278.5300,184.9600,0.000947
FILLER_64_589,VGND,li1,277.1500,184.9600,0.000947
FILLER_64_585,VGND,li1,275.3100,184.9600,0.000938
FILLER_64_557,VGND,li1,262.4300,184.9600,0.000877
FILLER_64_533,VGND,li1,250.9300,184.9600,0.000827
FILLER_64_515,VGND,li1,242.6500,184.9600,0.000779
FILLER_64_512,VGND,li1,241.7300,184.9600,0.000779
FILLER_64_477,VGND,li1,225.1700,184.9600,0.000673
FILLER_64_474,VGND,li1,224.0200,184.9600,0.000673
FILLER_64_447,VGND,li1,211.6000,184.9600,0.000562
FILLER_64_438,VGND,li1,207.2300,184.9600,0.000506
FILLER_64_435,VGND,li1,206.3100,184.9600,0.000506
FILLER_64_399,VGND,li1,189.7500,184.9600,0.000317
FILLER_64_378,VGND,li1,179.6300,184.9600,0.000199
FILLER_64_370,VGND,li1,175.9500,184.9600,0.000229
FILLER_64_353,VGND,li1,168.3600,184.9600,0.000273
FILLER_64_334,VGND,li1,159.6200,184.9600,0.000330
FILLER_64_323,VGND,li1,154.5600,184.9600,0.000361
FILLER_64_282,VGND,li1,135.4700,184.9600,0.000436
FILLER_64_279,VGND,li1,134.5500,184.9600,0.000439
FILLER_64_276,VGND,li1,133.1700,184.9600,0.000439
FILLER_64_273,VGND,li1,131.7900,184.9600,0.000441
FILLER_64_266,VGND,li1,128.1100,184.9600,0.000445
FILLER_64_256,VGND,li1,123.5100,184.9600,0.000450
FILLER_64_253,VGND,li1,122.5900,184.9600,0.000452
FILLER_64_251,VGND,li1,121.2100,184.9600,0.000452
FILLER_64_242,VGND,li1,117.0700,184.9600,0.000457
FILLER_64_234,VGND,li1,113.6200,184.9600,0.000459
FILLER_64_214,VGND,li1,104.4200,184.9600,0.000465
FILLER_64_195,VGND,li1,95.4500,184.9600,0.000466
FILLER_64_192,VGND,li1,94.5300,184.9600,0.000466
FILLER_64_189,VGND,li1,93.1500,184.9600,0.000465
FILLER_64_186,VGND,li1,91.7700,184.9600,0.000465
FILLER_64_183,VGND,li1,90.3900,184.9600,0.000463
FILLER_64_180,VGND,li1,89.0100,184.9600,0.000463
FILLER_64_165,VGND,li1,81.6500,184.9600,0.000457
FILLER_64_162,VGND,li1,80.7300,184.9600,0.000457
FILLER_64_159,VGND,li1,79.3500,184.9600,0.000456
FILLER_64_156,VGND,li1,77.9700,184.9600,0.000454
FILLER_64_153,VGND,li1,76.5900,184.9600,0.000454
FILLER_64_150,VGND,li1,75.2100,184.9600,0.000451
FILLER_64_147,VGND,li1,73.8300,184.9600,0.000451
FILLER_64_137,VGND,li1,69.2300,184.9600,0.000446
FILLER_64_128,VGND,li1,64.6300,184.9600,0.000424
FILLER_64_85,VGND,li1,45.0800,184.9600,0.000312
FILLER_64_83,VGND,li1,43.9300,184.9600,0.000293
FILLER_64_80,VGND,li1,43.0100,184.9600,0.000293
FILLER_64_62,VGND,li1,34.2700,184.9600,0.000207
FILLER_64_59,VGND,li1,33.3500,184.9600,0.000187
FILLER_64_56,VGND,li1,31.9700,184.9600,0.000168
FILLER_64_53,VGND,li1,30.5900,184.9600,0.000168
FILLER_64_50,VGND,li1,29.2100,184.9600,0.000139
FILLER_64_47,VGND,li1,27.8300,184.9600,0.000139
FILLER_64_44,VGND,li1,26.4500,184.9600,0.000109
FILLER_64_41,VGND,li1,25.0700,184.9600,0.000109
FILLER_64_18,VGND,li1,14.2600,184.9600,0.000113
FILLER_64_9,VGND,li1,9.8900,184.9600,0.000114
FILLER_64_6,VGND,li1,8.9700,184.9600,0.000114
FILLER_64_3,VGND,li1,7.5900,184.9600,0.000114
FILLER_63_685,VGND,li1,321.3100,184.9600,0.001031
FILLER_63_682,VGND,li1,319.9300,184.9600,0.001031
FILLER_63_679,VGND,li1,318.5500,184.9600,0.001030
FILLER_63_671,VGND,li1,314.4100,184.9600,0.001029
FILLER_63_668,VGND,li1,313.4900,184.9600,0.001029
FILLER_63_648,VGND,li1,304.2900,184.9600,0.001020
FILLER_63_645,VGND,li1,302.9100,184.9600,0.001016
FILLER_63_642,VGND,li1,301.5300,184.9600,0.001013
FILLER_63_639,VGND,li1,300.1500,184.9600,0.001013
FILLER_63_621,VGND,li1,291.4100,184.9600,0.000994
FILLER_63_613,VGND,li1,288.1900,184.9600,0.000982
FILLER_63_602,VGND,li1,283.1300,184.9600,0.000965
FILLER_63_575,VGND,li1,270.4800,184.9600,0.000919
FILLER_63_572,VGND,li1,269.3300,184.9600,0.000907
FILLER_63_549,VGND,li1,258.5200,184.9600,0.000866
FILLER_63_539,VGND,li1,253.6900,184.9600,0.000839
FILLER_63_521,VGND,li1,245.4100,184.9600,0.000796
FILLER_63_486,VGND,li1,229.3100,184.9600,0.000706
FILLER_63_460,VGND,li1,217.8100,184.9600,0.000623
FILLER_63_449,VGND,li1,212.5200,184.9600,0.000562
FILLER_63_438,VGND,li1,207.4600,184.9600,0.000506
FILLER_63_432,VGND,li1,204.7000,184.9600,0.000487
FILLER_63_422,VGND,li1,199.8700,184.9600,0.000430
FILLER_63_393,VGND,li1,186.7600,184.9600,0.000295
FILLER_63_362,VGND,li1,172.2700,184.9600,0.000246
FILLER_63_346,VGND,li1,165.1400,184.9600,0.000299
FILLER_63_337,VGND,li1,160.7700,184.9600,0.000330
FILLER_63_322,VGND,li1,153.8700,184.9600,0.000374
FILLER_63_308,VGND,li1,147.6600,184.9600,0.000398
FILLER_63_281,VGND,li1,135.4700,184.9600,0.000436
FILLER_63_277,VGND,li1,133.6300,184.9600,0.000439
FILLER_63_232,VGND,li1,112.9300,184.9600,0.000459
FILLER_63_223,VGND,li1,108.3300,184.9600,0.000463
FILLER_63_220,VGND,li1,107.4100,184.9600,0.000463
FILLER_63_184,VGND,li1,90.6200,184.9600,0.000463
FILLER_63_181,VGND,li1,89.4700,184.9600,0.000463
FILLER_63_178,VGND,li1,88.0900,184.9600,0.000462
FILLER_63_175,VGND,li1,86.7100,184.9600,0.000462
FILLER_63_159,VGND,li1,78.8900,184.9600,0.000456
FILLER_63_156,VGND,li1,77.9700,184.9600,0.000454
FILLER_63_153,VGND,li1,76.5900,184.9600,0.000454
FILLER_63_133,VGND,li1,66.9300,184.9600,0.000434
FILLER_63_130,VGND,li1,66.0100,184.9600,0.000424
FILLER_63_127,VGND,li1,64.6300,184.9600,0.000424
FILLER_63_124,VGND,li1,63.2500,184.9600,0.000410
FILLER_63_121,VGND,li1,61.8700,184.9600,0.000410
FILLER_63_60,VGND,li1,33.5800,184.9600,0.000187
FILLER_63_57,VGND,li1,32.4300,184.9600,0.000187
FILLER_63_55,VGND,li1,31.0500,184.9600,0.000168
FILLER_63_44,VGND,li1,26.4500,184.9600,0.000109
FILLER_63_41,VGND,li1,25.0700,184.9600,0.000109
FILLER_63_38,VGND,li1,23.6900,184.9600,0.000110
FILLER_63_35,VGND,li1,22.3100,184.9600,0.000110
FILLER_63_25,VGND,li1,17.4800,184.9600,0.000112
FILLER_63_3,VGND,li1,7.3600,184.9600,0.000114
FILLER_62_679,VGND,li1,318.0900,179.5200,0.000963
FILLER_62_674,VGND,li1,315.7900,179.5200,0.000963
FILLER_62_659,VGND,li1,309.3500,179.5200,0.000960
FILLER_62_648,VGND,li1,304.2900,179.5200,0.000957
FILLER_62_645,VGND,li1,302.9100,179.5200,0.000956
FILLER_62_641,VGND,li1,301.0700,179.5200,0.000955
FILLER_62_638,VGND,li1,299.6900,179.5200,0.000955
FILLER_62_635,VGND,li1,298.3100,179.5200,0.000954
FILLER_62_616,VGND,li1,289.3400,179.5200,0.000949
FILLER_62_604,VGND,li1,283.5900,179.5200,0.000945
FILLER_62_589,VGND,li1,276.9200,179.5200,0.000938
FILLER_62_587,VGND,li1,275.7700,179.5200,0.000938
FILLER_62_567,VGND,li1,266.5700,179.5200,0.000921
FILLER_62_564,VGND,li1,265.6500,179.5200,0.000917
FILLER_62_533,VGND,li1,251.3900,179.5200,0.000850
FILLER_62_512,VGND,li1,241.7300,179.5200,0.000793
FILLER_62_493,VGND,li1,232.5300,179.5200,0.000726
FILLER_62_475,VGND,li1,224.2500,179.5200,0.000648
FILLER_62_419,VGND,li1,198.4900,179.5200,0.000425
FILLER_62_391,VGND,li1,185.8400,179.5200,0.000297
FILLER_62_380,VGND,li1,181.0100,179.5200,0.000238
FILLER_62_362,VGND,li1,172.5000,179.5200,0.000254
FILLER_62_309,VGND,li1,147.8900,179.5200,0.000411
FILLER_62_283,VGND,li1,135.9300,179.5200,0.000462
FILLER_62_280,VGND,li1,135.0100,179.5200,0.000462
FILLER_62_253,VGND,li1,122.1300,179.5200,0.000493
FILLER_62_251,VGND,li1,121.2100,179.5200,0.000493
FILLER_62_230,VGND,li1,111.7800,179.5200,0.000479
FILLER_62_212,VGND,li1,103.2700,179.5200,0.000450
FILLER_62_209,VGND,li1,102.3500,179.5200,0.000450
FILLER_62_206,VGND,li1,100.9700,179.5200,0.000443
FILLER_62_195,VGND,li1,95.4500,179.5200,0.000422
FILLER_62_192,VGND,li1,94.5300,179.5200,0.000422
FILLER_62_183,VGND,li1,89.9300,179.5200,0.000409
FILLER_62_165,VGND,li1,81.8800,179.5200,0.000374
FILLER_62_162,VGND,li1,80.7300,179.5200,0.000374
FILLER_62_152,VGND,li1,75.6700,179.5200,0.000350
FILLER_62_149,VGND,li1,74.7500,179.5200,0.000350
FILLER_62_130,VGND,li1,66.0100,179.5200,0.000312
FILLER_62_127,VGND,li1,64.6300,179.5200,0.000299
FILLER_62_124,VGND,li1,63.2500,179.5200,0.000299
FILLER_62_88,VGND,li1,46.6900,179.5200,0.000204
FILLER_62_85,VGND,li1,45.3100,179.5200,0.000193
FILLER_62_83,VGND,li1,43.9300,179.5200,0.000193
FILLER_62_73,VGND,li1,39.5600,179.5200,0.000168
FILLER_62_63,VGND,li1,34.9600,179.5200,0.000134
FILLER_62_60,VGND,li1,33.8100,179.5200,0.000134
FILLER_62_57,VGND,li1,32.4300,179.5200,0.000121
FILLER_62_54,VGND,li1,31.0500,179.5200,0.000108
FILLER_62_27,VGND,li1,18.1700,179.5200,0.000075
FILLER_62_17,VGND,li1,13.8000,179.5200,0.000078
FILLER_62_14,VGND,li1,12.6500,179.5200,0.000079
FILLER_62_11,VGND,li1,11.2700,179.5200,0.000079
FILLER_62_6,VGND,li1,8.5100,179.5200,0.000079
FILLER_62_3,VGND,li1,7.5900,179.5200,0.000079
FILLER_61_687,VGND,li1,321.7700,179.5200,0.000963
FILLER_61_684,VGND,li1,320.8500,179.5200,0.000963
FILLER_61_681,VGND,li1,319.4700,179.5200,0.000963
FILLER_61_669,VGND,li1,313.9500,179.5200,0.000962
FILLER_61_652,VGND,li1,305.6700,179.5200,0.000957
FILLER_61_649,VGND,li1,304.7500,179.5200,0.000957
FILLER_61_646,VGND,li1,303.3700,179.5200,0.000956
FILLER_61_643,VGND,li1,301.9900,179.5200,0.000956
FILLER_61_640,VGND,li1,300.6100,179.5200,0.000955
FILLER_61_637,VGND,li1,299.2300,179.5200,0.000954
FILLER_61_634,VGND,li1,297.8500,179.5200,0.000954
FILLER_61_631,VGND,li1,296.4700,179.5200,0.000953
FILLER_61_628,VGND,li1,295.0900,179.5200,0.000953
FILLER_61_617,VGND,li1,290.0300,179.5200,0.000949
FILLER_61_606,VGND,li1,284.7400,179.5200,0.000946
FILLER_61_561,VGND,li1,264.0400,179.5200,0.000917
FILLER_61_559,VGND,li1,262.8900,179.5200,0.000913
FILLER_61_556,VGND,li1,261.9700,179.5200,0.000913
FILLER_61_501,VGND,li1,236.6700,179.5200,0.000756
FILLER_61_465,VGND,li1,220.1100,179.5200,0.000628
FILLER_61_447,VGND,li1,211.3700,179.5200,0.000554
FILLER_61_432,VGND,li1,204.9300,179.5200,0.000492
FILLER_61_423,VGND,li1,200.3300,179.5200,0.000444
FILLER_61_391,VGND,li1,185.6100,179.5200,0.000297
FILLER_61_388,VGND,li1,184.6900,179.5200,0.000271
FILLER_61_284,VGND,li1,136.6200,179.5200,0.000456
FILLER_61_281,VGND,li1,135.4700,179.5200,0.000462
FILLER_61_278,VGND,li1,133.8600,179.5200,0.000467
FILLER_61_275,VGND,li1,132.7100,179.5200,0.000467
FILLER_61_257,VGND,li1,123.9700,179.5200,0.000490
FILLER_61_254,VGND,li1,123.0500,179.5200,0.000490
FILLER_61_251,VGND,li1,121.6700,179.5200,0.000493
FILLER_61_229,VGND,li1,111.5500,179.5200,0.000474
FILLER_61_223,VGND,li1,108.3300,179.5200,0.000468
FILLER_61_210,VGND,li1,102.3500,179.5200,0.000450
FILLER_61_207,VGND,li1,101.4300,179.5200,0.000443
FILLER_61_204,VGND,li1,100.0500,179.5200,0.000443
FILLER_61_186,VGND,li1,91.5400,179.5200,0.000409
FILLER_61_149,VGND,li1,74.7500,179.5200,0.000350
FILLER_61_146,VGND,li1,73.3700,179.5200,0.000340
FILLER_61_113,VGND,li1,57.9600,179.5200,0.000266
FILLER_61_110,VGND,li1,56.5800,179.5200,0.000266
FILLER_61_105,VGND,li1,54.0500,179.5200,0.000252
FILLER_61_86,VGND,li1,45.7700,179.5200,0.000204
FILLER_61_83,VGND,li1,44.3900,179.5200,0.000193
FILLER_61_73,VGND,li1,39.5600,179.5200,0.000168
FILLER_61_63,VGND,li1,34.9600,179.5200,0.000134
FILLER_61_60,VGND,li1,33.8100,179.5200,0.000134
FILLER_61_57,VGND,li1,32.4300,179.5200,0.000121
FILLER_60_685,VGND,li1,321.3100,174.0800,0.000721
FILLER_60_661,VGND,li1,310.2700,174.0800,0.000716
FILLER_60_651,VGND,li1,305.2100,174.0800,0.000707
FILLER_60_648,VGND,li1,304.2900,174.0800,0.000707
FILLER_60_645,VGND,li1,302.9100,174.0800,0.000704
FILLER_60_643,VGND,li1,301.5300,174.0800,0.000701
FILLER_60_640,VGND,li1,300.6100,174.0800,0.000701
FILLER_60_637,VGND,li1,299.2300,174.0800,0.000697
FILLER_60_634,VGND,li1,297.8500,174.0800,0.000697
FILLER_60_607,VGND,li1,285.2000,174.0800,0.000669
FILLER_60_604,VGND,li1,284.0500,174.0800,0.000662
FILLER_60_601,VGND,li1,282.6700,174.0800,0.000662
FILLER_60_598,VGND,li1,281.2900,174.0800,0.000654
FILLER_60_595,VGND,li1,279.9100,174.0800,0.000654
FILLER_60_592,VGND,li1,278.5300,174.0800,0.000648
FILLER_60_589,VGND,li1,277.1500,174.0800,0.000642
FILLER_60_531,VGND,li1,250.0100,174.0800,0.000558
FILLER_60_522,VGND,li1,245.8700,174.0800,0.000541
FILLER_60_519,VGND,li1,244.9500,174.0800,0.000534
FILLER_60_516,VGND,li1,243.5700,174.0800,0.000534
FILLER_60_465,VGND,li1,219.6500,174.0800,0.000429
FILLER_60_437,VGND,li1,207.2300,174.0800,0.000357
FILLER_60_411,VGND,li1,194.8100,174.0800,0.000272
FILLER_60_378,VGND,li1,179.8600,174.0800,0.000150
FILLER_60_375,VGND,li1,178.7100,174.0800,0.000129
FILLER_60_317,VGND,li1,151.5700,174.0800,0.000209
FILLER_60_280,VGND,li1,135.0100,174.0800,0.000237
FILLER_60_253,VGND,li1,122.3600,174.0800,0.000242
FILLER_60_242,VGND,li1,117.0700,174.0800,0.000240
FILLER_60_239,VGND,li1,116.1500,174.0800,0.000240
FILLER_60_236,VGND,li1,114.7700,174.0800,0.000239
FILLER_60_204,VGND,li1,100.0500,174.0800,0.000229
FILLER_60_187,VGND,li1,91.7700,174.0800,0.000219
FILLER_60_150,VGND,li1,74.9800,174.0800,0.000195
FILLER_60_114,VGND,li1,58.4200,174.0800,0.000155
FILLER_60_111,VGND,li1,57.2700,174.0800,0.000155
FILLER_60_108,VGND,li1,55.8900,174.0800,0.000150
FILLER_60_88,VGND,li1,46.6900,174.0800,0.000126
FILLER_60_85,VGND,li1,45.3100,174.0800,0.000116
FILLER_60_68,VGND,li1,37.0300,174.0800,0.000095
FILLER_60_59,VGND,li1,32.8900,174.0800,0.000077
FILLER_60_56,VGND,li1,31.9700,174.0800,0.000077
FILLER_60_29,VGND,li1,19.0900,174.0800,0.000058
FILLER_60_6,VGND,li1,8.5100,174.0800,0.000063
FILLER_60_3,VGND,li1,7.5900,174.0800,0.000063
FILLER_59_685,VGND,li1,321.3100,174.0800,0.000721
FILLER_59_682,VGND,li1,319.9300,174.0800,0.000721
FILLER_59_645,VGND,li1,302.4500,174.0800,0.000704
FILLER_59_634,VGND,li1,297.8500,174.0800,0.000697
FILLER_59_591,VGND,li1,277.6100,174.0800,0.000648
FILLER_59_564,VGND,li1,265.4200,174.0800,0.000607
FILLER_59_561,VGND,li1,264.2700,174.0800,0.000607
FILLER_59_557,VGND,li1,262.4300,174.0800,0.000600
FILLER_59_531,VGND,li1,250.4700,174.0800,0.000558
FILLER_59_520,VGND,li1,245.4100,174.0800,0.000541
FILLER_59_517,VGND,li1,244.0300,174.0800,0.000534
FILLER_59_514,VGND,li1,242.6500,174.0800,0.000525
FILLER_59_511,VGND,li1,241.2700,174.0800,0.000525
FILLER_59_501,VGND,li1,236.6700,174.0800,0.000509
FILLER_59_490,VGND,li1,231.6100,174.0800,0.000482
FILLER_59_443,VGND,li1,209.5300,174.0800,0.000371
FILLER_59_374,VGND,li1,177.7900,174.0800,0.000129
FILLER_59_337,VGND,li1,161.2300,174.0800,0.000187
FILLER_59_316,VGND,li1,151.5700,174.0800,0.000209
FILLER_59_278,VGND,li1,133.8600,174.0800,0.000237
FILLER_59_275,VGND,li1,132.7100,174.0800,0.000239
FILLER_59_272,VGND,li1,131.3300,174.0800,0.000239
FILLER_59_252,VGND,li1,122.1300,174.0800,0.000242
FILLER_59_241,VGND,li1,117.0700,174.0800,0.000240
FILLER_59_195,VGND,li1,95.9100,174.0800,0.000224
FILLER_59_151,VGND,li1,75.2100,174.0800,0.000195
FILLER_59_148,VGND,li1,74.2900,174.0800,0.000195
FILLER_59_121,VGND,li1,61.6400,174.0800,0.000166
FILLER_59_76,VGND,li1,41.1700,174.0800,0.000108
FILLER_59_73,VGND,li1,39.7900,174.0800,0.000102
FILLER_59_55,VGND,li1,31.0500,174.0800,0.000070
FILLER_59_11,VGND,li1,11.2700,174.0800,0.000063
FILLER_58_687,VGND,li1,321.7700,168.6400,0.000680
FILLER_58_684,VGND,li1,320.8500,168.6400,0.000680
FILLER_58_681,VGND,li1,319.4700,168.6400,0.000680
FILLER_58_653,VGND,li1,306.3600,168.6400,0.000676
FILLER_58_626,VGND,li1,294.1700,168.6400,0.000666
FILLER_58_589,VGND,li1,276.9200,168.6400,0.000643
FILLER_58_585,VGND,li1,275.3100,168.6400,0.000639
FILLER_58_575,VGND,li1,270.4800,168.6400,0.000626
FILLER_58_572,VGND,li1,269.3300,168.6400,0.000626
FILLER_58_569,VGND,li1,267.9500,168.6400,0.000621
FILLER_58_566,VGND,li1,266.5700,168.6400,0.000621
FILLER_58_547,VGND,li1,257.6000,168.6400,0.000595
FILLER_58_524,VGND,li1,246.7900,168.6400,0.000566
FILLER_58_521,VGND,li1,245.8700,168.6400,0.000560
FILLER_58_518,VGND,li1,244.4900,168.6400,0.000560
FILLER_58_443,VGND,li1,209.5300,168.6400,0.000402
FILLER_58_417,VGND,li1,198.0300,168.6400,0.000344
FILLER_58_365,VGND,li1,173.8800,168.6400,0.000297
FILLER_58_331,VGND,li1,158.0100,168.6400,0.000395
FILLER_58_328,VGND,li1,157.0900,168.6400,0.000395
FILLER_58_317,VGND,li1,151.5700,168.6400,0.000396
FILLER_58_266,VGND,li1,128.1100,168.6400,0.000389
FILLER_58_256,VGND,li1,123.7400,168.6400,0.000385
FILLER_58_253,VGND,li1,122.5900,168.6400,0.000383
FILLER_58_251,VGND,li1,121.2100,168.6400,0.000383
FILLER_58_248,VGND,li1,120.2900,168.6400,0.000381
FILLER_58_245,VGND,li1,118.9100,168.6400,0.000381
FILLER_58_235,VGND,li1,114.0800,168.6400,0.000377
FILLER_58_209,VGND,li1,101.8900,168.6400,0.000358
FILLER_58_206,VGND,li1,100.9700,168.6400,0.000353
FILLER_58_203,VGND,li1,99.5900,168.6400,0.000353
FILLER_58_200,VGND,li1,98.2100,168.6400,0.000349
FILLER_58_197,VGND,li1,96.8300,168.6400,0.000345
FILLER_58_195,VGND,li1,95.4500,168.6400,0.000345
FILLER_58_192,VGND,li1,94.5300,168.6400,0.000340
FILLER_58_174,VGND,li1,85.7900,168.6400,0.000323
FILLER_58_112,VGND,li1,57.7300,168.6400,0.000226
FILLER_58_85,VGND,li1,45.0800,168.6400,0.000168
FILLER_58_82,VGND,li1,43.7000,168.6400,0.000168
FILLER_58_79,VGND,li1,42.5500,168.6400,0.000159
FILLER_58_45,VGND,li1,26.4500,168.6400,0.000079
FILLER_58_35,VGND,li1,22.0800,168.6400,0.000070
FILLER_58_11,VGND,li1,10.8100,168.6400,0.000079
FILLER_57_686,VGND,li1,321.5400,168.6400,0.000680
FILLER_57_683,VGND,li1,320.3900,168.6400,0.000680
FILLER_57_653,VGND,li1,306.3600,168.6400,0.000676
FILLER_57_644,VGND,li1,301.9900,168.6400,0.000673
FILLER_57_641,VGND,li1,301.0700,168.6400,0.000671
FILLER_57_638,VGND,li1,299.6900,168.6400,0.000671
FILLER_57_635,VGND,li1,298.3100,168.6400,0.000668
FILLER_57_632,VGND,li1,296.9300,168.6400,0.000668
FILLER_57_629,VGND,li1,295.5500,168.6400,0.000666
FILLER_57_626,VGND,li1,294.1700,168.6400,0.000666
FILLER_57_623,VGND,li1,292.7900,168.6400,0.000663
FILLER_57_620,VGND,li1,291.4100,168.6400,0.000663
FILLER_57_617,VGND,li1,290.0300,168.6400,0.000661
FILLER_57_614,VGND,li1,288.4200,168.6400,0.000659
FILLER_57_611,VGND,li1,287.2700,168.6400,0.000659
FILLER_57_592,VGND,li1,278.3000,168.6400,0.000647
FILLER_57_589,VGND,li1,277.1500,168.6400,0.000643
FILLER_57_586,VGND,li1,275.7700,168.6400,0.000639
FILLER_57_583,VGND,li1,274.3900,168.6400,0.000639
FILLER_57_574,VGND,li1,269.7900,168.6400,0.000626
FILLER_57_571,VGND,li1,268.8700,168.6400,0.000626
FILLER_57_561,VGND,li1,264.0400,168.6400,0.000614
FILLER_57_549,VGND,li1,258.5200,168.6400,0.000601
FILLER_57_539,VGND,li1,253.9200,168.6400,0.000588
FILLER_57_528,VGND,li1,249.0900,168.6400,0.000573
FILLER_57_525,VGND,li1,247.7100,168.6400,0.000566
FILLER_57_522,VGND,li1,246.3300,168.6400,0.000566
FILLER_57_501,VGND,li1,236.6700,168.6400,0.000532
FILLER_57_445,VGND,li1,210.9100,168.6400,0.000416
FILLER_57_401,VGND,li1,190.2100,168.6400,0.000297
FILLER_57_371,VGND,li1,176.8700,168.6400,0.000255
FILLER_57_334,VGND,li1,159.6200,168.6400,0.000394
FILLER_57_315,VGND,li1,150.6500,168.6400,0.000397
FILLER_57_245,VGND,li1,118.9100,168.6400,0.000381
FILLER_57_242,VGND,li1,117.5300,168.6400,0.000379
FILLER_57_221,VGND,li1,107.8700,168.6400,0.000369
FILLER_57_204,VGND,li1,99.5900,168.6400,0.000353
FILLER_57_201,VGND,li1,98.6700,168.6400,0.000349
FILLER_57_198,VGND,li1,97.2900,168.6400,0.000349
FILLER_57_195,VGND,li1,95.9100,168.6400,0.000345
FILLER_57_186,VGND,li1,91.3100,168.6400,0.000334
FILLER_57_183,VGND,li1,90.3900,168.6400,0.000334
FILLER_57_175,VGND,li1,86.4800,168.6400,0.000323
FILLER_57_157,VGND,li1,78.4300,168.6400,0.000296
FILLER_57_154,VGND,li1,77.0500,168.6400,0.000296
FILLER_57_151,VGND,li1,75.6700,168.6400,0.000286
FILLER_57_148,VGND,li1,74.2900,168.6400,0.000286
FILLER_57_145,VGND,li1,72.9100,168.6400,0.000279
FILLER_57_142,VGND,li1,71.5300,168.6400,0.000272
FILLER_57_139,VGND,li1,70.1500,168.6400,0.000272
FILLER_57_136,VGND,li1,68.7700,168.6400,0.000263
FILLER_57_133,VGND,li1,67.3900,168.6400,0.000263
FILLER_57_130,VGND,li1,66.0100,168.6400,0.000252
FILLER_57_100,VGND,li1,52.2100,168.6400,0.000205
FILLER_57_89,VGND,li1,46.9200,168.6400,0.000177
FILLER_57_86,VGND,li1,45.7700,168.6400,0.000177
FILLER_57_83,VGND,li1,44.3900,168.6400,0.000168
FILLER_57_57,VGND,li1,31.9700,168.6400,0.000104
FILLER_57_55,VGND,li1,31.0500,168.6400,0.000104
FILLER_57_3,VGND,li1,7.1300,168.6400,0.000079
FILLER_56_685,VGND,li1,321.3100,163.2000,0.000452
FILLER_56_665,VGND,li1,312.1100,163.2000,0.000448
FILLER_56_662,VGND,li1,310.7300,163.2000,0.000448
FILLER_56_651,VGND,li1,305.2100,163.2000,0.000443
FILLER_56_648,VGND,li1,304.2900,163.2000,0.000441
FILLER_56_645,VGND,li1,302.9100,163.2000,0.000441
FILLER_56_641,VGND,li1,301.0700,163.2000,0.000440
FILLER_56_634,VGND,li1,297.3900,163.2000,0.000436
FILLER_56_631,VGND,li1,296.4700,163.2000,0.000434
FILLER_56_625,VGND,li1,293.4800,163.2000,0.000432
FILLER_56_605,VGND,li1,284.2800,163.2000,0.000421
FILLER_56_602,VGND,li1,283.1300,163.2000,0.000421
FILLER_56_592,VGND,li1,278.3000,163.2000,0.000415
FILLER_56_589,VGND,li1,277.1500,163.2000,0.000412
FILLER_56_586,VGND,li1,275.5400,163.2000,0.000412
FILLER_56_583,VGND,li1,274.3900,163.2000,0.000409
FILLER_56_580,VGND,li1,273.0100,163.2000,0.000409
FILLER_56_577,VGND,li1,271.6300,163.2000,0.000406
FILLER_56_574,VGND,li1,270.2500,163.2000,0.000406
FILLER_56_571,VGND,li1,268.8700,163.2000,0.000404
FILLER_56_544,VGND,li1,256.2200,163.2000,0.000388
FILLER_56_533,VGND,li1,251.1600,163.2000,0.000378
FILLER_56_530,VGND,li1,249.7800,163.2000,0.000374
FILLER_56_527,VGND,li1,248.6300,163.2000,0.000374
FILLER_56_493,VGND,li1,232.5300,163.2000,0.000332
FILLER_56_374,VGND,li1,178.2500,163.2000,0.000083
FILLER_56_365,VGND,li1,173.6500,163.2000,0.000097
FILLER_56_354,VGND,li1,169.0500,163.2000,0.000108
FILLER_56_283,VGND,li1,135.9300,163.2000,0.000187
FILLER_56_209,VGND,li1,102.3500,163.2000,0.000194
FILLER_56_206,VGND,li1,100.9700,163.2000,0.000192
FILLER_56_203,VGND,li1,99.5900,163.2000,0.000190
FILLER_56_200,VGND,li1,98.2100,163.2000,0.000190
FILLER_56_197,VGND,li1,96.8300,163.2000,0.000187
FILLER_56_194,VGND,li1,95.2200,163.2000,0.000187
FILLER_56_187,VGND,li1,91.7700,163.2000,0.000183
FILLER_56_184,VGND,li1,90.8500,163.2000,0.000183
FILLER_56_141,VGND,li1,71.0700,163.2000,0.000156
FILLER_56_137,VGND,li1,69.2300,163.2000,0.000152
FILLER_56_134,VGND,li1,67.8500,163.2000,0.000152
FILLER_56_100,VGND,li1,51.9800,163.2000,0.000118
FILLER_56_97,VGND,li1,50.8300,163.2000,0.000118
FILLER_56_94,VGND,li1,49.4500,163.2000,0.000114
FILLER_56_91,VGND,li1,48.0700,163.2000,0.000108
FILLER_56_88,VGND,li1,46.6900,163.2000,0.000108
FILLER_56_85,VGND,li1,45.3100,163.2000,0.000101
FILLER_56_82,VGND,li1,43.7000,163.2000,0.000101
FILLER_56_56,VGND,li1,31.7400,163.2000,0.000068
FILLER_56_46,VGND,li1,27.1400,163.2000,0.000055
FILLER_55_686,VGND,li1,321.5400,163.2000,0.000452
FILLER_55_673,VGND,li1,315.3300,163.2000,0.000450
FILLER_55_669,VGND,li1,313.9500,163.2000,0.000450
FILLER_55_652,VGND,li1,305.6700,163.2000,0.000443
FILLER_55_643,VGND,li1,301.5300,163.2000,0.000440
FILLER_55_640,VGND,li1,300.6100,163.2000,0.000438
FILLER_55_637,VGND,li1,299.2300,163.2000,0.000438
FILLER_55_629,VGND,li1,295.0900,163.2000,0.000434
FILLER_55_620,VGND,li1,291.1800,163.2000,0.000429
FILLER_55_617,VGND,li1,290.0300,163.2000,0.000429
FILLER_55_613,VGND,li1,288.1900,163.2000,0.000427
FILLER_55_602,VGND,li1,283.1300,163.2000,0.000421
FILLER_55_599,VGND,li1,281.7500,163.2000,0.000418
FILLER_55_596,VGND,li1,280.3700,163.2000,0.000418
FILLER_55_593,VGND,li1,278.9900,163.2000,0.000415
FILLER_55_590,VGND,li1,277.6100,163.2000,0.000415
FILLER_55_587,VGND,li1,276.2300,163.2000,0.000412
FILLER_55_576,VGND,li1,271.1700,163.2000,0.000406
FILLER_55_573,VGND,li1,269.7900,163.2000,0.000404
FILLER_55_570,VGND,li1,268.4100,163.2000,0.000404
FILLER_55_523,VGND,li1,246.5600,163.2000,0.000368
FILLER_55_446,VGND,li1,211.1400,163.2000,0.000249
FILLER_55_420,VGND,li1,199.1800,163.2000,0.000194
FILLER_55_401,VGND,li1,190.6700,163.2000,0.000151
FILLER_55_374,VGND,li1,177.7900,163.2000,0.000083
FILLER_55_337,VGND,li1,161.0000,163.2000,0.000130
FILLER_55_281,VGND,li1,135.0100,163.2000,0.000187
FILLER_55_245,VGND,li1,118.4500,163.2000,0.000202
FILLER_55_242,VGND,li1,117.5300,163.2000,0.000202
FILLER_55_214,VGND,li1,104.4200,163.2000,0.000196
FILLER_55_205,VGND,li1,100.5100,163.2000,0.000192
FILLER_55_165,VGND,li1,82.1100,163.2000,0.000173
FILLER_55_154,VGND,li1,76.8200,163.2000,0.000166
FILLER_55_144,VGND,li1,71.9900,163.2000,0.000159
FILLER_55_141,VGND,li1,71.0700,163.2000,0.000156
FILLER_55_123,VGND,li1,62.7900,163.2000,0.000144
FILLER_55_113,VGND,li1,57.9600,163.2000,0.000133
FILLER_55_96,VGND,li1,50.3700,163.2000,0.000114
FILLER_55_93,VGND,li1,48.9900,163.2000,0.000114
FILLER_55_71,VGND,li1,38.4100,163.2000,0.000088
FILLER_55_60,VGND,li1,33.5800,163.2000,0.000075
FILLER_55_57,VGND,li1,32.4300,163.2000,0.000068
FILLER_55_39,VGND,li1,23.6900,163.2000,0.000053
FILLER_55_3,VGND,li1,7.1300,163.2000,0.000065
FILLER_54_687,VGND,li1,321.7700,157.7600,0.000619
FILLER_54_684,VGND,li1,320.8500,157.7600,0.000619
FILLER_54_648,VGND,li1,304.0600,157.7600,0.000615
FILLER_54_645,VGND,li1,302.9100,157.7600,0.000615
FILLER_54_643,VGND,li1,301.5300,157.7600,0.000613
FILLER_54_640,VGND,li1,300.6100,157.7600,0.000613
FILLER_54_637,VGND,li1,299.2300,157.7600,0.000612
FILLER_54_603,VGND,li1,283.5900,157.7600,0.000596
FILLER_54_600,VGND,li1,282.2100,157.7600,0.000591
FILLER_54_597,VGND,li1,280.8300,157.7600,0.000591
FILLER_54_585,VGND,li1,275.3100,157.7600,0.000577
FILLER_54_582,VGND,li1,273.9300,157.7600,0.000577
FILLER_54_572,VGND,li1,269.1000,157.7600,0.000565
FILLER_54_569,VGND,li1,267.9500,157.7600,0.000559
FILLER_54_566,VGND,li1,266.5700,157.7600,0.000559
FILLER_54_531,VGND,li1,250.0100,157.7600,0.000508
FILLER_54_528,VGND,li1,249.0900,157.7600,0.000508
FILLER_54_501,VGND,li1,236.2100,157.7600,0.000461
FILLER_54_459,VGND,li1,216.8900,157.7600,0.000373
FILLER_54_411,VGND,li1,194.8100,157.7600,0.000261
FILLER_54_391,VGND,li1,185.8400,157.7600,0.000205
FILLER_54_373,VGND,li1,177.5600,157.7600,0.000151
FILLER_54_365,VGND,li1,173.6500,157.7600,0.000193
FILLER_54_362,VGND,li1,172.5000,157.7600,0.000193
FILLER_54_335,VGND,li1,160.0800,157.7600,0.000288
FILLER_54_309,VGND,li1,148.1200,157.7600,0.000379
FILLER_54_307,VGND,li1,146.9700,157.7600,0.000379
FILLER_54_253,VGND,li1,122.5900,157.7600,0.000478
FILLER_54_234,VGND,li1,113.6200,157.7600,0.000495
FILLER_54_195,VGND,li1,95.4500,157.7600,0.000480
FILLER_54_186,VGND,li1,91.3100,157.7600,0.000469
FILLER_54_183,VGND,li1,90.3900,157.7600,0.000469
FILLER_54_141,VGND,li1,70.6100,157.7600,0.000401
FILLER_54_115,VGND,li1,58.8800,157.7600,0.000328
FILLER_54_106,VGND,li1,54.7400,157.7600,0.000295
FILLER_54_95,VGND,li1,49.9100,157.7600,0.000256
FILLER_54_88,VGND,li1,46.2300,157.7600,0.000242
FILLER_54_85,VGND,li1,45.3100,157.7600,0.000229
FILLER_54_55,VGND,li1,31.5100,157.7600,0.000135
FILLER_54_37,VGND,li1,23.0000,157.7600,0.000088
FILLER_54_11,VGND,li1,10.8100,157.7600,0.000091
FILLER_53_687,VGND,li1,321.7700,157.7600,0.000619
FILLER_53_684,VGND,li1,320.8500,157.7600,0.000619
FILLER_53_681,VGND,li1,319.4700,157.7600,0.000619
FILLER_53_644,VGND,li1,302.4500,157.7600,0.000615
FILLER_53_641,VGND,li1,301.0700,157.7600,0.000613
FILLER_53_630,VGND,li1,295.7800,157.7600,0.000610
FILLER_53_615,VGND,li1,288.6500,157.7600,0.000603
FILLER_53_612,VGND,li1,287.7300,157.7600,0.000603
FILLER_53_593,VGND,li1,278.7600,157.7600,0.000586
FILLER_53_590,VGND,li1,277.6100,157.7600,0.000582
FILLER_53_571,VGND,li1,268.6400,157.7600,0.000565
FILLER_53_568,VGND,li1,267.4900,157.7600,0.000559
FILLER_53_559,VGND,li1,262.8900,157.7600,0.000547
FILLER_53_556,VGND,li1,261.9700,157.7600,0.000547
FILLER_53_539,VGND,li1,253.6900,157.7600,0.000524
FILLER_53_530,VGND,li1,249.5500,157.7600,0.000508
FILLER_53_494,VGND,li1,233.2200,157.7600,0.000443
FILLER_53_457,VGND,li1,215.9700,157.7600,0.000373
FILLER_53_447,VGND,li1,211.3700,157.7600,0.000349
FILLER_53_437,VGND,li1,206.7700,157.7600,0.000321
FILLER_53_434,VGND,li1,205.8500,157.7600,0.000321
FILLER_53_316,VGND,li1,151.3400,157.7600,0.000354
FILLER_53_295,VGND,li1,141.9100,157.7600,0.000411
FILLER_53_281,VGND,li1,135.4700,157.7600,0.000447
FILLER_53_273,VGND,li1,131.3300,157.7600,0.000457
FILLER_53_252,VGND,li1,122.1300,157.7600,0.000478
FILLER_53_208,VGND,li1,101.4300,157.7600,0.000489
FILLER_53_172,VGND,li1,85.1000,157.7600,0.000456
FILLER_53_169,VGND,li1,83.9500,157.7600,0.000450
FILLER_53_156,VGND,li1,77.9700,157.7600,0.000429
FILLER_53_153,VGND,li1,76.5900,157.7600,0.000429
FILLER_53_141,VGND,li1,70.6100,157.7600,0.000401
FILLER_53_138,VGND,li1,69.6900,157.7600,0.000388
FILLER_53_105,VGND,li1,54.0500,157.7600,0.000295
FILLER_53_89,VGND,li1,46.6900,157.7600,0.000242
FILLER_53_57,VGND,li1,31.9700,157.7600,0.000135
FILLER_53_53,VGND,li1,30.5900,157.7600,0.000116
FILLER_53_30,VGND,li1,19.7800,157.7600,0.000089
FILLER_53_27,VGND,li1,18.6300,157.7600,0.000089
FILLER_52_686,VGND,li1,321.5400,152.3200,0.001214
FILLER_52_683,VGND,li1,320.3900,152.3200,0.001214
FILLER_52_664,VGND,li1,311.4200,152.3200,0.001210
FILLER_52_645,VGND,li1,302.4500,152.3200,0.001199
FILLER_52_633,VGND,li1,297.3900,152.3200,0.001190
FILLER_52_630,VGND,li1,296.0100,152.3200,0.001190
FILLER_52_603,VGND,li1,283.1300,152.3200,0.001165
FILLER_52_600,VGND,li1,282.2100,152.3200,0.001160
FILLER_52_597,VGND,li1,280.8300,152.3200,0.001160
FILLER_52_562,VGND,li1,264.2700,152.3200,0.001107
FILLER_52_551,VGND,li1,259.6700,152.3200,0.001093
FILLER_52_542,VGND,li1,255.0700,152.3200,0.001072
FILLER_52_539,VGND,li1,254.1500,152.3200,0.001072
FILLER_52_533,VGND,li1,251.1600,152.3200,0.001046
FILLER_52_522,VGND,li1,246.1000,152.3200,0.001012
FILLER_52_519,VGND,li1,244.9500,152.3200,0.001012
FILLER_52_516,VGND,li1,243.5700,152.3200,0.000992
FILLER_52_513,VGND,li1,242.1900,152.3200,0.000992
FILLER_52_502,VGND,li1,237.1300,152.3200,0.000954
FILLER_52_492,VGND,li1,232.3000,152.3200,0.000914
FILLER_52_489,VGND,li1,231.1500,152.3200,0.000914
FILLER_52_486,VGND,li1,229.7700,152.3200,0.000888
FILLER_52_483,VGND,li1,228.3900,152.3200,0.000888
FILLER_52_435,VGND,li1,205.8500,152.3200,0.000648
FILLER_52_432,VGND,li1,204.9300,152.3200,0.000620
FILLER_52_396,VGND,li1,187.9100,152.3200,0.000382
FILLER_52_362,VGND,li1,172.5000,152.3200,0.000239
FILLER_52_347,VGND,li1,165.3700,152.3200,0.000267
FILLER_52_326,VGND,li1,156.1700,152.3200,0.000302
FILLER_52_282,VGND,li1,135.4700,152.3200,0.000343
FILLER_52_263,VGND,li1,127.1900,152.3200,0.000355
FILLER_52_218,VGND,li1,106.2600,152.3200,0.000375
FILLER_52_215,VGND,li1,105.1100,152.3200,0.000375
FILLER_52_178,VGND,li1,87.6300,152.3200,0.000371
FILLER_52_175,VGND,li1,86.7100,152.3200,0.000370
FILLER_52_156,VGND,li1,77.7400,152.3200,0.000361
FILLER_52_153,VGND,li1,76.5900,152.3200,0.000361
FILLER_52_141,VGND,li1,70.6100,152.3200,0.000346
FILLER_52_113,VGND,li1,57.9600,152.3200,0.000311
FILLER_52_85,VGND,li1,45.0800,152.3200,0.000259
FILLER_52_81,VGND,li1,43.4700,152.3200,0.000250
FILLER_52_55,VGND,li1,31.0500,152.3200,0.000155
FILLER_51_686,VGND,li1,321.5400,152.3200,0.001214
FILLER_51_673,VGND,li1,315.3300,152.3200,0.001213
FILLER_51_670,VGND,li1,314.1800,152.3200,0.001213
FILLER_51_643,VGND,li1,301.7600,152.3200,0.001199
FILLER_51_640,VGND,li1,300.6100,152.3200,0.001196
FILLER_51_637,VGND,li1,299.2300,152.3200,0.001193
FILLER_51_634,VGND,li1,297.8500,152.3200,0.001193
FILLER_51_613,VGND,li1,288.1900,152.3200,0.001174
FILLER_51_585,VGND,li1,275.3100,152.3200,0.001142
FILLER_51_582,VGND,li1,273.9300,152.3200,0.001142
FILLER_51_572,VGND,li1,268.8700,152.3200,0.001124
FILLER_51_569,VGND,li1,267.9500,152.3200,0.001124
FILLER_51_559,VGND,li1,262.8900,152.3200,0.001107
FILLER_51_550,VGND,li1,258.7500,152.3200,0.001093
FILLER_51_530,VGND,li1,250.0100,152.3200,0.001046
FILLER_51_519,VGND,li1,244.9500,152.3200,0.001012
FILLER_51_513,VGND,li1,241.9600,152.3200,0.000992
FILLER_51_503,VGND,li1,237.1300,152.3200,0.000954
FILLER_51_500,VGND,li1,236.2100,152.3200,0.000954
FILLER_51_486,VGND,li1,229.7700,152.3200,0.000888
FILLER_51_483,VGND,li1,228.3900,152.3200,0.000888
FILLER_51_430,VGND,li1,203.5500,152.3200,0.000620
FILLER_51_409,VGND,li1,194.3500,152.3200,0.000485
FILLER_51_281,VGND,li1,135.0100,152.3200,0.000343
FILLER_51_205,VGND,li1,100.5100,152.3200,0.000375
FILLER_51_177,VGND,li1,87.4000,152.3200,0.000371
FILLER_51_167,VGND,li1,82.5700,152.3200,0.000367
FILLER_51_164,VGND,li1,81.6500,152.3200,0.000367
FILLER_51_94,VGND,li1,48.9900,152.3200,0.000279
FILLER_51_57,VGND,li1,32.2000,152.3200,0.000171
FILLER_51_55,VGND,li1,31.0500,152.3200,0.000155
FILLER_51_52,VGND,li1,30.1300,152.3200,0.000155
FILLER_51_24,VGND,li1,17.0200,152.3200,0.000147
FILLER_51_6,VGND,li1,8.5100,152.3200,0.000150
FILLER_51_3,VGND,li1,7.5900,152.3200,0.000150
FILLER_50_687,VGND,li1,321.7700,146.8800,0.001230
FILLER_50_684,VGND,li1,320.8500,146.8800,0.001230
FILLER_50_665,VGND,li1,311.8800,146.8800,0.001227
FILLER_50_645,VGND,li1,302.4500,146.8800,0.001196
FILLER_50_642,VGND,li1,301.3000,146.8800,0.001196
FILLER_50_639,VGND,li1,300.1500,146.8800,0.001188
FILLER_50_636,VGND,li1,298.7700,146.8800,0.001181
FILLER_50_633,VGND,li1,297.3900,146.8800,0.001181
FILLER_50_630,VGND,li1,296.0100,146.8800,0.001172
FILLER_50_627,VGND,li1,294.6300,146.8800,0.001165
FILLER_50_624,VGND,li1,293.2500,146.8800,0.001165
FILLER_50_603,VGND,li1,283.5900,146.8800,0.001123
FILLER_50_600,VGND,li1,282.2100,146.8800,0.001123
FILLER_50_587,VGND,li1,275.7700,146.8800,0.001089
FILLER_50_575,VGND,li1,270.7100,146.8800,0.001054
FILLER_50_556,VGND,li1,261.9700,146.8800,0.000980
FILLER_50_553,VGND,li1,260.5900,146.8800,0.000980
FILLER_50_548,VGND,li1,258.2900,146.8800,0.000952
FILLER_50_545,VGND,li1,256.9100,146.8800,0.000952
FILLER_50_542,VGND,li1,255.5300,146.8800,0.000933
FILLER_50_533,VGND,li1,250.9300,146.8800,0.000900
FILLER_50_530,VGND,li1,249.7800,146.8800,0.000885
FILLER_50_527,VGND,li1,248.6300,146.8800,0.000885
FILLER_50_485,VGND,li1,228.8500,146.8800,0.000719
FILLER_50_451,VGND,li1,213.2100,146.8800,0.000554
FILLER_50_438,VGND,li1,207.4600,146.8800,0.000509
FILLER_50_419,VGND,li1,198.4900,146.8800,0.000413
FILLER_50_401,VGND,li1,190.2100,146.8800,0.000320
FILLER_50_365,VGND,li1,173.6500,146.8800,0.000219
FILLER_50_361,VGND,li1,172.2700,146.8800,0.000230
FILLER_50_273,VGND,li1,131.5600,146.8800,0.000328
FILLER_50_270,VGND,li1,130.4100,146.8800,0.000328
FILLER_50_227,VGND,li1,110.1700,146.8800,0.000310
FILLER_50_224,VGND,li1,109.2500,146.8800,0.000310
FILLER_50_215,VGND,li1,104.6500,146.8800,0.000304
FILLER_50_197,VGND,li1,96.3700,146.8800,0.000290
FILLER_50_187,VGND,li1,91.7700,146.8800,0.000281
FILLER_50_177,VGND,li1,87.4000,146.8800,0.000270
FILLER_50_174,VGND,li1,86.2500,146.8800,0.000270
FILLER_50_156,VGND,li1,77.5100,146.8800,0.000250
FILLER_50_153,VGND,li1,76.5900,146.8800,0.000244
FILLER_50_150,VGND,li1,75.2100,146.8800,0.000244
FILLER_50_141,VGND,li1,70.6100,146.8800,0.000231
FILLER_50_88,VGND,li1,46.4600,146.8800,0.000141
FILLER_50_85,VGND,li1,45.3100,146.8800,0.000141
FILLER_50_81,VGND,li1,43.4700,146.8800,0.000134
FILLER_50_70,VGND,li1,38.4100,146.8800,0.000108
FILLER_50_67,VGND,li1,37.0300,146.8800,0.000108
FILLER_50_64,VGND,li1,35.6500,146.8800,0.000097
FILLER_50_61,VGND,li1,34.2700,146.8800,0.000097
FILLER_50_58,VGND,li1,32.8900,146.8800,0.000090
FILLER_50_55,VGND,li1,31.5100,146.8800,0.000081
FILLER_50_52,VGND,li1,30.1300,146.8800,0.000081
FILLER_50_27,VGND,li1,18.1700,146.8800,0.000061
FILLER_50_24,VGND,li1,17.2500,146.8800,0.000062
FILLER_50_6,VGND,li1,8.5100,146.8800,0.000065
FILLER_50_3,VGND,li1,7.5900,146.8800,0.000065
FILLER_49_687,VGND,li1,321.7700,146.8800,0.001230
FILLER_49_684,VGND,li1,320.8500,146.8800,0.001230
FILLER_49_681,VGND,li1,319.4700,146.8800,0.001230
FILLER_49_654,VGND,li1,306.8200,146.8800,0.001217
FILLER_49_643,VGND,li1,301.9900,146.8800,0.001196
FILLER_49_640,VGND,li1,300.6100,146.8800,0.001188
FILLER_49_637,VGND,li1,299.2300,146.8800,0.001188
FILLER_49_634,VGND,li1,297.8500,146.8800,0.001181
FILLER_49_631,VGND,li1,296.4700,146.8800,0.001172
FILLER_49_628,VGND,li1,295.0900,146.8800,0.001172
FILLER_49_625,VGND,li1,293.7100,146.8800,0.001165
FILLER_49_615,VGND,li1,288.6500,146.8800,0.001147
FILLER_49_605,VGND,li1,284.2800,146.8800,0.001131
FILLER_49_602,VGND,li1,283.1300,146.8800,0.001123
FILLER_49_559,VGND,li1,262.8900,146.8800,0.000997
FILLER_49_541,VGND,li1,254.6100,146.8800,0.000933
FILLER_49_514,VGND,li1,242.1900,146.8800,0.000832
FILLER_49_401,VGND,li1,190.6700,146.8800,0.000320
FILLER_49_387,VGND,li1,183.7700,146.8800,0.000245
FILLER_49_361,VGND,li1,171.8100,146.8800,0.000230
FILLER_49_337,VGND,li1,161.2300,146.8800,0.000291
FILLER_49_310,VGND,li1,148.8100,146.8800,0.000324
FILLER_49_281,VGND,li1,135.0100,146.8800,0.000328
FILLER_49_228,VGND,li1,111.0900,146.8800,0.000313
FILLER_49_225,VGND,li1,109.7100,146.8800,0.000310
FILLER_49_215,VGND,li1,104.6500,146.8800,0.000304
FILLER_49_212,VGND,li1,103.7300,146.8800,0.000301
FILLER_49_209,VGND,li1,102.3500,146.8800,0.000301
FILLER_49_199,VGND,li1,97.5200,146.8800,0.000290
FILLER_49_196,VGND,li1,96.3700,146.8800,0.000290
FILLER_49_169,VGND,li1,83.9500,146.8800,0.000266
FILLER_49_166,VGND,li1,82.3400,146.8800,0.000261
FILLER_49_113,VGND,li1,57.9600,146.8800,0.000189
FILLER_49_104,VGND,li1,53.8200,146.8800,0.000168
FILLER_49_101,VGND,li1,52.6700,146.8800,0.000168
FILLER_49_98,VGND,li1,51.2900,146.8800,0.000158
FILLER_49_95,VGND,li1,49.9100,146.8800,0.000158
FILLER_49_92,VGND,li1,48.5300,146.8800,0.000148
FILLER_49_89,VGND,li1,47.1500,146.8800,0.000148
FILLER_49_63,VGND,li1,35.1900,146.8800,0.000097
FILLER_49_60,VGND,li1,33.8100,146.8800,0.000090
FILLER_49_57,VGND,li1,32.4300,146.8800,0.000090
FILLER_49_55,VGND,li1,31.0500,146.8800,0.000081
FILLER_49_52,VGND,li1,30.1300,146.8800,0.000081
FILLER_49_49,VGND,li1,28.7500,146.8800,0.000073
FILLER_49_39,VGND,li1,23.9200,146.8800,0.000055
FILLER_49_16,VGND,li1,13.5700,146.8800,0.000064
FILLER_49_6,VGND,li1,8.7400,146.8800,0.000065
FILLER_49_3,VGND,li1,7.5900,146.8800,0.000065
FILLER_48_663,VGND,li1,310.7300,141.4400,0.000697
FILLER_48_660,VGND,li1,309.8100,141.4400,0.000696
FILLER_48_657,VGND,li1,308.4300,141.4400,0.000696
FILLER_48_648,VGND,li1,303.8300,141.4400,0.000690
FILLER_48_645,VGND,li1,302.9100,141.4400,0.000687
FILLER_48_635,VGND,li1,298.0800,141.4400,0.000680
FILLER_48_632,VGND,li1,296.9300,141.4400,0.000680
FILLER_48_629,VGND,li1,295.5500,141.4400,0.000676
FILLER_48_626,VGND,li1,294.1700,141.4400,0.000676
FILLER_48_616,VGND,li1,289.3400,141.4400,0.000668
FILLER_48_607,VGND,li1,284.9700,141.4400,0.000657
FILLER_48_604,VGND,li1,284.0500,141.4400,0.000657
FILLER_48_595,VGND,li1,279.4500,141.4400,0.000645
FILLER_48_592,VGND,li1,278.5300,141.4400,0.000645
FILLER_48_589,VGND,li1,277.1500,141.4400,0.000639
FILLER_48_586,VGND,li1,275.5400,141.4400,0.000639
FILLER_48_533,VGND,li1,250.9300,141.4400,0.000560
FILLER_48_493,VGND,li1,232.5300,141.4400,0.000470
FILLER_48_457,VGND,li1,216.2000,141.4400,0.000367
FILLER_48_447,VGND,li1,211.6000,141.4400,0.000335
FILLER_48_401,VGND,li1,190.6700,141.4400,0.000199
FILLER_48_388,VGND,li1,184.6900,141.4400,0.000148
FILLER_48_340,VGND,li1,162.1500,141.4400,0.000164
FILLER_48_309,VGND,li1,148.3500,141.4400,0.000200
FILLER_48_291,VGND,li1,139.6100,141.4400,0.000214
FILLER_48_281,VGND,li1,135.2400,141.4400,0.000219
FILLER_48_253,VGND,li1,122.5900,141.4400,0.000225
FILLER_48_251,VGND,li1,121.2100,141.4400,0.000225
FILLER_48_225,VGND,li1,109.2500,141.4400,0.000220
FILLER_48_222,VGND,li1,108.3300,141.4400,0.000220
FILLER_48_219,VGND,li1,106.9500,141.4400,0.000219
FILLER_48_203,VGND,li1,99.3600,141.4400,0.000214
FILLER_48_185,VGND,li1,91.3100,141.4400,0.000205
FILLER_48_182,VGND,li1,89.9300,141.4400,0.000202
FILLER_48_155,VGND,li1,77.2800,141.4400,0.000185
FILLER_48_152,VGND,li1,76.1300,141.4400,0.000180
FILLER_48_149,VGND,li1,74.7500,141.4400,0.000180
FILLER_48_119,VGND,li1,60.4900,141.4400,0.000151
FILLER_48_116,VGND,li1,59.5700,141.4400,0.000151
FILLER_48_113,VGND,li1,58.1900,141.4400,0.000147
FILLER_48_102,VGND,li1,53.1300,141.4400,0.000138
FILLER_48_97,VGND,li1,50.3700,141.4400,0.000128
FILLER_48_94,VGND,li1,49.4500,141.4400,0.000128
FILLER_48_91,VGND,li1,48.0700,141.4400,0.000123
FILLER_48_88,VGND,li1,46.6900,141.4400,0.000123
FILLER_48_85,VGND,li1,45.3100,141.4400,0.000115
FILLER_48_82,VGND,li1,43.7000,141.4400,0.000115
FILLER_48_57,VGND,li1,31.9700,141.4400,0.000078
FILLER_48_29,VGND,li1,19.5500,141.4400,0.000052
FILLER_48_17,VGND,li1,14.0300,141.4400,0.000055
FILLER_48_6,VGND,li1,8.9700,141.4400,0.000057
FILLER_48_3,VGND,li1,7.5900,141.4400,0.000057
FILLER_47_671,VGND,li1,314.4100,141.4400,0.000699
FILLER_47_668,VGND,li1,313.4900,141.4400,0.000699
FILLER_47_648,VGND,li1,304.2900,141.4400,0.000690
FILLER_47_645,VGND,li1,302.9100,141.4400,0.000687
FILLER_47_634,VGND,li1,297.8500,141.4400,0.000680
FILLER_47_609,VGND,li1,285.8900,141.4400,0.000661
FILLER_47_559,VGND,li1,262.8900,141.4400,0.000603
FILLER_47_549,VGND,li1,258.5200,141.4400,0.000589
FILLER_47_540,VGND,li1,254.1500,141.4400,0.000570
FILLER_47_537,VGND,li1,253.2300,141.4400,0.000570
FILLER_47_534,VGND,li1,251.8500,141.4400,0.000560
FILLER_47_502,VGND,li1,236.9000,141.4400,0.000494
FILLER_47_449,VGND,li1,212.7500,141.4400,0.000350
FILLER_47_447,VGND,li1,211.3700,141.4400,0.000335
FILLER_47_444,VGND,li1,210.4500,141.4400,0.000335
FILLER_47_433,VGND,li1,205.3900,141.4400,0.000298
FILLER_47_391,VGND,li1,185.6100,141.4400,0.000163
FILLER_47_362,VGND,li1,172.7300,141.4400,0.000133
FILLER_47_339,VGND,li1,161.6900,141.4400,0.000169
FILLER_47_316,VGND,li1,151.1100,141.4400,0.000192
FILLER_47_289,VGND,li1,138.9200,141.4400,0.000214
FILLER_47_281,VGND,li1,135.0100,141.4400,0.000219
FILLER_47_273,VGND,li1,131.3300,141.4400,0.000222
FILLER_47_263,VGND,li1,126.9600,141.4400,0.000224
FILLER_47_228,VGND,li1,111.0900,141.4400,0.000222
FILLER_47_225,VGND,li1,109.7100,141.4400,0.000220
FILLER_47_221,VGND,li1,107.8700,141.4400,0.000219
FILLER_47_218,VGND,li1,106.4900,141.4400,0.000219
FILLER_47_184,VGND,li1,90.8500,141.4400,0.000202
FILLER_47_181,VGND,li1,89.4700,141.4400,0.000202
FILLER_47_178,VGND,li1,88.0900,141.4400,0.000200
FILLER_47_175,VGND,li1,86.7100,141.4400,0.000197
FILLER_47_172,VGND,li1,85.3300,141.4400,0.000197
FILLER_47_169,VGND,li1,83.9500,141.4400,0.000193
FILLER_47_166,VGND,li1,82.3400,141.4400,0.000193
FILLER_47_155,VGND,li1,77.5100,141.4400,0.000185
FILLER_47_152,VGND,li1,76.1300,141.4400,0.000180
FILLER_47_149,VGND,li1,74.7500,141.4400,0.000180
FILLER_47_140,VGND,li1,70.1500,141.4400,0.000172
FILLER_47_137,VGND,li1,69.2300,141.4400,0.000167
FILLER_47_134,VGND,li1,67.8500,141.4400,0.000167
FILLER_47_126,VGND,li1,63.9400,141.4400,0.000160
FILLER_47_123,VGND,li1,62.7900,141.4400,0.000155
FILLER_47_120,VGND,li1,61.4100,141.4400,0.000155
FILLER_47_117,VGND,li1,60.0300,141.4400,0.000151
FILLER_47_93,VGND,li1,48.9900,141.4400,0.000128
FILLER_47_90,VGND,li1,47.6100,141.4400,0.000123
FILLER_47_55,VGND,li1,31.0500,141.4400,0.000070
FILLER_47_52,VGND,li1,30.1300,141.4400,0.000070
FILLER_47_24,VGND,li1,17.0200,141.4400,0.000054
FILLER_47_6,VGND,li1,8.5100,141.4400,0.000057
FILLER_47_3,VGND,li1,7.5900,141.4400,0.000057
FILLER_46_685,VGND,li1,321.3100,136.0000,0.000613
FILLER_46_682,VGND,li1,319.9300,136.0000,0.000613
FILLER_46_668,VGND,li1,313.2600,136.0000,0.000613
FILLER_46_643,VGND,li1,301.5300,136.0000,0.000607
FILLER_46_608,VGND,li1,285.4300,136.0000,0.000588
FILLER_46_605,VGND,li1,284.5100,136.0000,0.000588
FILLER_46_578,VGND,li1,271.6300,136.0000,0.000559
FILLER_46_551,VGND,li1,259.2100,136.0000,0.000524
FILLER_46_542,VGND,li1,255.0700,136.0000,0.000509
FILLER_46_539,VGND,li1,254.1500,136.0000,0.000509
FILLER_46_536,VGND,li1,252.7700,136.0000,0.000502
FILLER_46_533,VGND,li1,251.3900,136.0000,0.000502
FILLER_46_529,VGND,li1,249.5500,136.0000,0.000497
FILLER_46_526,VGND,li1,248.1700,136.0000,0.000491
FILLER_46_497,VGND,li1,234.8300,136.0000,0.000448
FILLER_46_494,VGND,li1,233.4500,136.0000,0.000448
FILLER_46_475,VGND,li1,224.2500,136.0000,0.000416
FILLER_46_455,VGND,li1,215.5100,136.0000,0.000373
FILLER_46_427,VGND,li1,202.6300,136.0000,0.000321
FILLER_46_418,VGND,li1,198.2600,136.0000,0.000292
FILLER_46_415,VGND,li1,197.1100,136.0000,0.000292
FILLER_46_396,VGND,li1,188.1400,136.0000,0.000243
FILLER_46_365,VGND,li1,173.6500,136.0000,0.000189
FILLER_46_363,VGND,li1,172.7300,136.0000,0.000189
FILLER_46_329,VGND,li1,157.0900,136.0000,0.000257
FILLER_46_309,VGND,li1,148.3500,136.0000,0.000293
FILLER_46_282,VGND,li1,135.7000,136.0000,0.000327
FILLER_46_272,VGND,li1,131.1000,136.0000,0.000339
FILLER_46_256,VGND,li1,123.7400,136.0000,0.000356
FILLER_46_253,VGND,li1,122.5900,136.0000,0.000361
FILLER_46_227,VGND,li1,110.4000,136.0000,0.000383
FILLER_46_224,VGND,li1,109.2500,136.0000,0.000383
FILLER_46_200,VGND,li1,97.7500,136.0000,0.000376
FILLER_46_197,VGND,li1,96.8300,136.0000,0.000373
FILLER_46_176,VGND,li1,87.1700,136.0000,0.000354
FILLER_46_150,VGND,li1,74.9800,136.0000,0.000313
FILLER_46_147,VGND,li1,73.8300,136.0000,0.000313
FILLER_46_144,VGND,li1,72.4500,136.0000,0.000303
FILLER_46_141,VGND,li1,71.0700,136.0000,0.000303
FILLER_46_137,VGND,li1,69.2300,136.0000,0.000297
FILLER_46_134,VGND,li1,67.8500,136.0000,0.000286
FILLER_46_131,VGND,li1,66.4700,136.0000,0.000277
FILLER_46_128,VGND,li1,65.0900,136.0000,0.000277
FILLER_46_125,VGND,li1,63.7100,136.0000,0.000264
FILLER_46_122,VGND,li1,62.3300,136.0000,0.000264
FILLER_46_94,VGND,li1,49.2200,136.0000,0.000192
FILLER_46_91,VGND,li1,48.0700,136.0000,0.000192
FILLER_46_88,VGND,li1,46.6900,136.0000,0.000177
FILLER_46_85,VGND,li1,45.3100,136.0000,0.000177
FILLER_46_83,VGND,li1,43.9300,136.0000,0.000167
FILLER_46_56,VGND,li1,31.5100,136.0000,0.000103
FILLER_46_53,VGND,li1,30.5900,136.0000,0.000093
FILLER_46_27,VGND,li1,18.1700,136.0000,0.000074
FILLER_46_24,VGND,li1,17.2500,136.0000,0.000076
FILLER_46_6,VGND,li1,8.5100,136.0000,0.000078
FILLER_46_3,VGND,li1,7.5900,136.0000,0.000078
FILLER_45_685,VGND,li1,321.3100,136.0000,0.000613
FILLER_45_682,VGND,li1,319.9300,136.0000,0.000613
FILLER_45_670,VGND,li1,314.1800,136.0000,0.000613
FILLER_45_667,VGND,li1,313.0300,136.0000,0.000613
FILLER_45_648,VGND,li1,303.8300,136.0000,0.000609
FILLER_45_645,VGND,li1,302.9100,136.0000,0.000609
FILLER_45_634,VGND,li1,297.8500,136.0000,0.000605
FILLER_45_597,VGND,li1,280.6000,136.0000,0.000579
FILLER_45_594,VGND,li1,279.4500,136.0000,0.000575
FILLER_45_574,VGND,li1,270.2500,136.0000,0.000552
FILLER_45_571,VGND,li1,268.8700,136.0000,0.000552
FILLER_45_561,VGND,li1,264.0400,136.0000,0.000535
FILLER_45_558,VGND,li1,262.6600,136.0000,0.000535
FILLER_45_550,VGND,li1,258.7500,136.0000,0.000524
FILLER_45_547,VGND,li1,257.8300,136.0000,0.000517
FILLER_45_544,VGND,li1,256.4500,136.0000,0.000517
FILLER_45_541,VGND,li1,255.0700,136.0000,0.000509
FILLER_45_538,VGND,li1,253.6900,136.0000,0.000509
FILLER_45_528,VGND,li1,248.8600,136.0000,0.000491
FILLER_45_525,VGND,li1,247.7100,136.0000,0.000491
FILLER_45_516,VGND,li1,243.1100,136.0000,0.000474
FILLER_45_513,VGND,li1,242.1900,136.0000,0.000474
FILLER_45_501,VGND,li1,236.6700,136.0000,0.000454
FILLER_45_498,VGND,li1,235.2900,136.0000,0.000454
FILLER_45_495,VGND,li1,233.9100,136.0000,0.000448
FILLER_45_492,VGND,li1,232.5300,136.0000,0.000440
FILLER_45_489,VGND,li1,231.1500,136.0000,0.000440
FILLER_45_486,VGND,li1,229.7700,136.0000,0.000433
FILLER_45_457,VGND,li1,216.4300,136.0000,0.000385
FILLER_45_428,VGND,li1,203.0900,136.0000,0.000321
FILLER_45_393,VGND,li1,186.7600,136.0000,0.000224
FILLER_45_379,VGND,li1,180.3200,136.0000,0.000179
FILLER_45_351,VGND,li1,167.2100,136.0000,0.000218
FILLER_45_225,VGND,li1,109.4800,136.0000,0.000383
FILLER_45_210,VGND,li1,102.8100,136.0000,0.000383
FILLER_45_172,VGND,li1,85.3300,136.0000,0.000348
FILLER_45_169,VGND,li1,83.9500,136.0000,0.000342
FILLER_45_150,VGND,li1,74.7500,136.0000,0.000313
FILLER_45_147,VGND,li1,73.8300,136.0000,0.000313
FILLER_45_135,VGND,li1,67.8500,136.0000,0.000286
FILLER_45_132,VGND,li1,66.9300,136.0000,0.000286
FILLER_45_129,VGND,li1,65.5500,136.0000,0.000277
FILLER_45_87,VGND,li1,46.2300,136.0000,0.000177
FILLER_45_84,VGND,li1,44.8500,136.0000,0.000167
FILLER_45_81,VGND,li1,43.4700,136.0000,0.000167
FILLER_45_78,VGND,li1,42.0900,136.0000,0.000152
FILLER_45_75,VGND,li1,40.7100,136.0000,0.000152
FILLER_45_64,VGND,li1,35.6500,136.0000,0.000125
FILLER_45_57,VGND,li1,32.2000,136.0000,0.000103
FILLER_45_54,VGND,li1,30.8200,136.0000,0.000093
FILLER_45_51,VGND,li1,29.6700,136.0000,0.000093
FILLER_45_48,VGND,li1,28.2900,136.0000,0.000078
FILLER_45_45,VGND,li1,26.9100,136.0000,0.000078
FILLER_45_26,VGND,li1,17.9400,136.0000,0.000074
FILLER_45_9,VGND,li1,9.8900,136.0000,0.000078
FILLER_45_6,VGND,li1,8.9700,136.0000,0.000078
FILLER_45_3,VGND,li1,7.5900,136.0000,0.000078
FILLER_44_685,VGND,li1,321.3100,130.5600,0.000553
FILLER_44_657,VGND,li1,308.2000,130.5600,0.000547
FILLER_44_648,VGND,li1,303.8300,130.5600,0.000544
FILLER_44_645,VGND,li1,302.9100,130.5600,0.000543
FILLER_44_592,VGND,li1,278.3000,130.5600,0.000517
FILLER_44_589,VGND,li1,277.1500,130.5600,0.000517
FILLER_44_585,VGND,li1,275.3100,130.5600,0.000513
FILLER_44_566,VGND,li1,266.3400,130.5600,0.000494
FILLER_44_563,VGND,li1,265.1900,130.5600,0.000490
FILLER_44_553,VGND,li1,260.1300,130.5600,0.000481
FILLER_44_550,VGND,li1,259.2100,130.5600,0.000475
FILLER_44_547,VGND,li1,257.8300,130.5600,0.000475
FILLER_44_544,VGND,li1,256.4500,130.5600,0.000469
FILLER_44_507,VGND,li1,239.2000,130.5600,0.000422
FILLER_44_487,VGND,li1,230.2300,130.5600,0.000389
FILLER_44_477,VGND,li1,225.4000,130.5600,0.000360
FILLER_44_474,VGND,li1,224.0200,130.5600,0.000360
FILLER_44_471,VGND,li1,222.8700,130.5600,0.000349
FILLER_44_468,VGND,li1,221.4900,130.5600,0.000349
FILLER_44_459,VGND,li1,216.8900,130.5600,0.000327
FILLER_44_432,VGND,li1,204.7000,130.5600,0.000257
FILLER_44_429,VGND,li1,203.5500,130.5600,0.000257
FILLER_44_417,VGND,li1,198.0300,130.5600,0.000218
FILLER_44_414,VGND,li1,196.6500,130.5600,0.000218
FILLER_44_369,VGND,li1,175.7200,130.5600,0.000121
FILLER_44_363,VGND,li1,172.7300,130.5600,0.000134
FILLER_44_336,VGND,li1,160.5400,130.5600,0.000176
FILLER_44_327,VGND,li1,156.1700,130.5600,0.000190
FILLER_44_291,VGND,li1,139.6100,130.5600,0.000236
FILLER_44_249,VGND,li1,120.7500,130.5600,0.000274
FILLER_44_223,VGND,li1,108.3300,130.5600,0.000286
FILLER_44_220,VGND,li1,107.4100,130.5600,0.000287
FILLER_44_217,VGND,li1,106.0300,130.5600,0.000287
FILLER_44_200,VGND,li1,97.7500,130.5600,0.000291
FILLER_44_197,VGND,li1,96.8300,130.5600,0.000292
FILLER_44_179,VGND,li1,88.0900,130.5600,0.000295
FILLER_44_176,VGND,li1,87.1700,130.5600,0.000296
FILLER_44_173,VGND,li1,85.7900,130.5600,0.000296
FILLER_44_155,VGND,li1,77.0500,130.5600,0.000296
FILLER_44_152,VGND,li1,76.1300,130.5600,0.000296
FILLER_44_122,VGND,li1,62.1000,130.5600,0.000256
FILLER_44_103,VGND,li1,53.3600,130.5600,0.000213
FILLER_44_92,VGND,li1,48.5300,130.5600,0.000191
FILLER_44_69,VGND,li1,37.7200,130.5600,0.000135
FILLER_44_66,VGND,li1,36.5700,130.5600,0.000121
FILLER_44_63,VGND,li1,35.1900,130.5600,0.000121
FILLER_44_60,VGND,li1,33.8100,130.5600,0.000107
FILLER_44_57,VGND,li1,32.4300,130.5600,0.000107
FILLER_44_54,VGND,li1,31.0500,130.5600,0.000094
FILLER_44_51,VGND,li1,29.6700,130.5600,0.000085
FILLER_44_48,VGND,li1,28.2900,130.5600,0.000085
FILLER_44_45,VGND,li1,26.9100,130.5600,0.000074
FILLER_44_26,VGND,li1,17.9400,130.5600,0.000071
FILLER_44_23,VGND,li1,16.7900,130.5600,0.000071
FILLER_44_13,VGND,li1,11.9600,130.5600,0.000076
FILLER_43_679,VGND,li1,318.0900,130.5600,0.000553
FILLER_43_676,VGND,li1,317.1700,130.5600,0.000553
FILLER_43_673,VGND,li1,315.7900,130.5600,0.000552
FILLER_43_669,VGND,li1,313.9500,130.5600,0.000550
FILLER_43_666,VGND,li1,312.5700,130.5600,0.000550
FILLER_43_657,VGND,li1,307.9700,130.5600,0.000547
FILLER_43_628,VGND,li1,294.6300,130.5600,0.000536
FILLER_43_625,VGND,li1,293.7100,130.5600,0.000536
FILLER_43_607,VGND,li1,284.9700,130.5600,0.000528
FILLER_43_597,VGND,li1,280.6000,130.5600,0.000520
FILLER_43_594,VGND,li1,279.4500,130.5600,0.000520
FILLER_43_576,VGND,li1,270.7100,130.5600,0.000504
FILLER_43_567,VGND,li1,266.5700,130.5600,0.000494
FILLER_43_564,VGND,li1,265.6500,130.5600,0.000490
FILLER_43_561,VGND,li1,264.2700,130.5600,0.000490
FILLER_43_559,VGND,li1,262.8900,130.5600,0.000486
FILLER_43_550,VGND,li1,258.7500,130.5600,0.000475
FILLER_43_513,VGND,li1,242.1900,130.5600,0.000429
FILLER_43_503,VGND,li1,237.1300,130.5600,0.000412
FILLER_43_500,VGND,li1,236.2100,130.5600,0.000412
FILLER_43_474,VGND,li1,223.7900,130.5600,0.000360
FILLER_43_471,VGND,li1,222.8700,130.5600,0.000349
FILLER_43_468,VGND,li1,221.4900,130.5600,0.000349
FILLER_43_459,VGND,li1,216.8900,130.5600,0.000327
FILLER_43_449,VGND,li1,212.5200,130.5600,0.000302
FILLER_43_397,VGND,li1,188.3700,130.5600,0.000165
FILLER_43_389,VGND,li1,185.1500,130.5600,0.000152
FILLER_43_379,VGND,li1,180.3200,130.5600,0.000121
FILLER_43_372,VGND,li1,176.8700,130.5600,0.000121
FILLER_43_346,VGND,li1,164.9100,130.5600,0.000162
FILLER_43_325,VGND,li1,155.7100,130.5600,0.000190
FILLER_43_290,VGND,li1,139.3800,130.5600,0.000236
FILLER_43_281,VGND,li1,135.0100,130.5600,0.000248
FILLER_43_270,VGND,li1,129.9500,130.5600,0.000258
FILLER_43_260,VGND,li1,125.5800,130.5600,0.000266
FILLER_43_257,VGND,li1,124.4300,130.5600,0.000270
FILLER_43_231,VGND,li1,112.0100,130.5600,0.000285
FILLER_43_228,VGND,li1,111.0900,130.5600,0.000285
FILLER_43_225,VGND,li1,109.7100,130.5600,0.000286
FILLER_43_207,VGND,li1,101.4300,130.5600,0.000290
FILLER_43_116,VGND,li1,59.1100,130.5600,0.000243
FILLER_43_113,VGND,li1,58.1900,130.5600,0.000235
FILLER_43_109,VGND,li1,56.3500,130.5600,0.000224
FILLER_43_106,VGND,li1,54.9700,130.5600,0.000224
FILLER_43_72,VGND,li1,39.3300,130.5600,0.000135
FILLER_43_60,VGND,li1,33.8100,130.5600,0.000107
FILLER_43_57,VGND,li1,32.4300,130.5600,0.000107
FILLER_43_55,VGND,li1,31.0500,130.5600,0.000094
FILLER_43_52,VGND,li1,30.1300,130.5600,0.000094
FILLER_43_49,VGND,li1,28.7500,130.5600,0.000085
FILLER_43_3,VGND,li1,7.5900,130.5600,0.000077
FILLER_42_685,VGND,li1,321.3100,125.1200,0.000515
FILLER_42_645,VGND,li1,302.9100,125.1200,0.000500
FILLER_42_643,VGND,li1,301.5300,125.1200,0.000500
FILLER_42_640,VGND,li1,300.6100,125.1200,0.000497
FILLER_42_637,VGND,li1,299.2300,125.1200,0.000494
FILLER_42_634,VGND,li1,297.8500,125.1200,0.000494
FILLER_42_631,VGND,li1,296.4700,125.1200,0.000491
FILLER_42_628,VGND,li1,295.0900,125.1200,0.000488
FILLER_42_625,VGND,li1,293.7100,125.1200,0.000488
FILLER_42_616,VGND,li1,289.1100,125.1200,0.000482
FILLER_42_607,VGND,li1,284.9700,125.1200,0.000476
FILLER_42_604,VGND,li1,284.0500,125.1200,0.000472
FILLER_42_601,VGND,li1,282.6700,125.1200,0.000472
FILLER_42_598,VGND,li1,281.2900,125.1200,0.000468
FILLER_42_595,VGND,li1,279.9100,125.1200,0.000465
FILLER_42_592,VGND,li1,278.5300,125.1200,0.000465
FILLER_42_589,VGND,li1,277.1500,125.1200,0.000462
FILLER_42_577,VGND,li1,271.6300,125.1200,0.000455
FILLER_42_574,VGND,li1,270.2500,125.1200,0.000450
FILLER_42_565,VGND,li1,265.8800,125.1200,0.000443
FILLER_42_562,VGND,li1,264.7300,125.1200,0.000443
FILLER_42_559,VGND,li1,263.3500,125.1200,0.000440
FILLER_42_483,VGND,li1,227.9300,125.1200,0.000343
FILLER_42_480,VGND,li1,227.0100,125.1200,0.000343
FILLER_42_477,VGND,li1,225.6300,125.1200,0.000336
FILLER_42_465,VGND,li1,220.1100,125.1200,0.000318
FILLER_42_462,VGND,li1,218.7300,125.1200,0.000307
FILLER_42_459,VGND,li1,217.3500,125.1200,0.000307
FILLER_42_456,VGND,li1,215.9700,125.1200,0.000300
FILLER_42_424,VGND,li1,200.7900,125.1200,0.000232
FILLER_42_421,VGND,li1,199.8700,125.1200,0.000232
FILLER_42_419,VGND,li1,198.4900,125.1200,0.000221
FILLER_42_416,VGND,li1,197.5700,125.1200,0.000221
FILLER_42_395,VGND,li1,187.9100,125.1200,0.000176
FILLER_42_392,VGND,li1,186.5300,125.1200,0.000166
FILLER_42_381,VGND,li1,181.4700,125.1200,0.000138
FILLER_42_353,VGND,li1,168.5900,125.1200,0.000196
FILLER_42_309,VGND,li1,148.3500,125.1200,0.000319
FILLER_42_291,VGND,li1,140.0700,125.1200,0.000359
FILLER_42_247,VGND,li1,119.8300,125.1200,0.000434
FILLER_42_228,VGND,li1,111.0900,125.1200,0.000461
FILLER_42_225,VGND,li1,109.7100,125.1200,0.000461
FILLER_42_200,VGND,li1,97.7500,125.1200,0.000484
FILLER_42_197,VGND,li1,96.8300,125.1200,0.000481
FILLER_42_177,VGND,li1,87.6300,125.1200,0.000469
FILLER_42_168,VGND,li1,83.0300,125.1200,0.000461
FILLER_42_158,VGND,li1,78.4300,125.1200,0.000451
FILLER_42_102,VGND,li1,53.1300,125.1200,0.000349
FILLER_42_55,VGND,li1,31.5100,125.1200,0.000172
FILLER_42_52,VGND,li1,30.1300,125.1200,0.000152
FILLER_42_49,VGND,li1,28.7500,125.1200,0.000133
FILLER_42_46,VGND,li1,27.3700,125.1200,0.000133
FILLER_41_686,VGND,li1,321.5400,125.1200,0.000515
FILLER_41_677,VGND,li1,317.1700,125.1200,0.000514
FILLER_41_659,VGND,li1,308.8900,125.1200,0.000508
FILLER_41_641,VGND,li1,300.8400,125.1200,0.000497
FILLER_41_638,VGND,li1,299.6900,125.1200,0.000497
FILLER_41_635,VGND,li1,298.3100,125.1200,0.000494
FILLER_41_632,VGND,li1,296.9300,125.1200,0.000491
FILLER_41_629,VGND,li1,295.5500,125.1200,0.000491
FILLER_41_626,VGND,li1,294.1700,125.1200,0.000488
FILLER_41_623,VGND,li1,292.7900,125.1200,0.000485
FILLER_41_620,VGND,li1,291.4100,125.1200,0.000485
FILLER_41_617,VGND,li1,290.0300,125.1200,0.000482
FILLER_41_614,VGND,li1,288.4200,125.1200,0.000479
FILLER_41_611,VGND,li1,287.2700,125.1200,0.000479
FILLER_41_602,VGND,li1,283.1300,125.1200,0.000472
FILLER_41_599,VGND,li1,281.7500,125.1200,0.000468
FILLER_41_596,VGND,li1,280.3700,125.1200,0.000468
FILLER_41_593,VGND,li1,278.9900,125.1200,0.000465
FILLER_41_590,VGND,li1,277.6100,125.1200,0.000462
FILLER_41_587,VGND,li1,276.2300,125.1200,0.000462
FILLER_41_584,VGND,li1,274.8500,125.1200,0.000459
FILLER_41_567,VGND,li1,266.8000,125.1200,0.000447
FILLER_41_564,VGND,li1,265.6500,125.1200,0.000443
FILLER_41_561,VGND,li1,264.2700,125.1200,0.000440
FILLER_41_559,VGND,li1,262.8900,125.1200,0.000440
FILLER_41_556,VGND,li1,261.9700,125.1200,0.000436
FILLER_41_521,VGND,li1,245.4100,125.1200,0.000399
FILLER_41_503,VGND,li1,237.1300,125.1200,0.000375
FILLER_41_458,VGND,li1,216.6600,125.1200,0.000300
FILLER_41_455,VGND,li1,215.5100,125.1200,0.000300
FILLER_41_452,VGND,li1,214.1300,125.1200,0.000289
FILLER_41_449,VGND,li1,212.7500,125.1200,0.000289
FILLER_41_433,VGND,li1,204.9300,125.1200,0.000254
FILLER_41_413,VGND,li1,196.1900,125.1200,0.000209
FILLER_41_410,VGND,li1,194.8100,125.1200,0.000209
FILLER_41_389,VGND,li1,185.1500,125.1200,0.000156
FILLER_41_371,VGND,li1,176.4100,125.1200,0.000151
FILLER_41_337,VGND,li1,161.0000,125.1200,0.000248
FILLER_41_292,VGND,li1,140.3000,125.1200,0.000359
FILLER_41_289,VGND,li1,139.1500,125.1200,0.000359
FILLER_41_231,VGND,li1,112.4700,125.1200,0.000454
FILLER_41_221,VGND,li1,107.8700,125.1200,0.000468
FILLER_41_150,VGND,li1,74.9800,125.1200,0.000443
FILLER_41_147,VGND,li1,73.8300,125.1200,0.000443
FILLER_41_127,VGND,li1,64.4000,125.1200,0.000413
FILLER_41_124,VGND,li1,63.2500,125.1200,0.000413
FILLER_41_109,VGND,li1,56.3500,125.1200,0.000368
FILLER_41_106,VGND,li1,54.9700,125.1200,0.000368
FILLER_41_95,VGND,li1,49.9100,125.1200,0.000319
FILLER_41_77,VGND,li1,41.1700,125.1200,0.000248
FILLER_41_74,VGND,li1,40.2500,125.1200,0.000248
FILLER_41_47,VGND,li1,27.3700,125.1200,0.000133
FILLER_41_44,VGND,li1,26.4500,125.1200,0.000112
FILLER_41_41,VGND,li1,25.0700,125.1200,0.000112
FILLER_41_3,VGND,li1,7.5900,125.1200,0.000127
FILLER_40_685,VGND,li1,321.3100,119.6800,0.001601
FILLER_40_656,VGND,li1,307.9700,119.6800,0.001595
FILLER_40_653,VGND,li1,306.5900,119.6800,0.001594
FILLER_40_641,VGND,li1,301.0700,119.6800,0.001590
FILLER_40_638,VGND,li1,299.6900,119.6800,0.001588
FILLER_40_635,VGND,li1,298.3100,119.6800,0.001588
FILLER_40_600,VGND,li1,282.2100,119.6800,0.001571
FILLER_40_597,VGND,li1,280.8300,119.6800,0.001566
FILLER_40_594,VGND,li1,279.4500,119.6800,0.001566
FILLER_40_587,VGND,li1,275.7700,119.6800,0.001560
FILLER_40_561,VGND,li1,263.8100,119.6800,0.001534
FILLER_40_531,VGND,li1,250.0100,119.6800,0.001472
FILLER_40_522,VGND,li1,245.8700,119.6800,0.001426
FILLER_40_513,VGND,li1,241.7300,119.6800,0.001380
FILLER_40_503,VGND,li1,237.3600,119.6800,0.001313
FILLER_40_477,VGND,li1,225.1700,119.6800,0.001182
FILLER_40_467,VGND,li1,220.5700,119.6800,0.001120
FILLER_40_464,VGND,li1,219.6500,119.6800,0.001085
FILLER_40_461,VGND,li1,218.2700,119.6800,0.001085
FILLER_40_447,VGND,li1,211.8300,119.6800,0.000965
FILLER_40_421,VGND,li1,199.4100,119.6800,0.000708
FILLER_40_411,VGND,li1,194.8100,119.6800,0.000599
FILLER_40_408,VGND,li1,193.8900,119.6800,0.000599
FILLER_40_405,VGND,li1,192.5100,119.6800,0.000560
FILLER_40_402,VGND,li1,191.1300,119.6800,0.000511
FILLER_40_399,VGND,li1,189.7500,119.6800,0.000511
FILLER_40_365,VGND,li1,173.6500,119.6800,0.000306
FILLER_40_353,VGND,li1,168.5900,119.6800,0.000330
FILLER_40_345,VGND,li1,164.4500,119.6800,0.000350
FILLER_40_326,VGND,li1,155.9400,119.6800,0.000388
FILLER_40_323,VGND,li1,154.7900,119.6800,0.000396
FILLER_40_309,VGND,li1,148.3500,119.6800,0.000410
FILLER_40_289,VGND,li1,138.9200,119.6800,0.000418
FILLER_40_286,VGND,li1,137.7700,119.6800,0.000418
FILLER_40_277,VGND,li1,133.1700,119.6800,0.000420
FILLER_40_233,VGND,li1,113.1600,119.6800,0.000419
FILLER_40_230,VGND,li1,112.0100,119.6800,0.000418
FILLER_40_212,VGND,li1,103.2700,119.6800,0.000411
FILLER_40_200,VGND,li1,97.7500,119.6800,0.000398
FILLER_40_197,VGND,li1,96.8300,119.6800,0.000392
FILLER_40_131,VGND,li1,66.0100,119.6800,0.000272
FILLER_40_128,VGND,li1,65.0900,119.6800,0.000272
FILLER_40_103,VGND,li1,53.1300,119.6800,0.000219
FILLER_40_100,VGND,li1,52.2100,119.6800,0.000208
FILLER_40_97,VGND,li1,50.8300,119.6800,0.000208
FILLER_40_88,VGND,li1,46.2300,119.6800,0.000188
FILLER_40_85,VGND,li1,45.3100,119.6800,0.000179
FILLER_40_74,VGND,li1,40.0200,119.6800,0.000154
FILLER_40_71,VGND,li1,38.8700,119.6800,0.000154
FILLER_40_53,VGND,li1,30.1300,119.6800,0.000104
FILLER_40_50,VGND,li1,29.2100,119.6800,0.000104
FILLER_40_40,VGND,li1,24.3800,119.6800,0.000082
FILLER_40_25,VGND,li1,17.7100,119.6800,0.000092
FILLER_40_22,VGND,li1,16.3300,119.6800,0.000092
FILLER_40_3,VGND,li1,7.5900,119.6800,0.000094
FILLER_39_685,VGND,li1,321.3100,119.6800,0.001601
FILLER_39_682,VGND,li1,319.9300,119.6800,0.001601
FILLER_39_647,VGND,li1,303.3700,119.6800,0.001592
FILLER_39_644,VGND,li1,302.4500,119.6800,0.001590
FILLER_39_641,VGND,li1,301.0700,119.6800,0.001590
FILLER_39_597,VGND,li1,280.6000,119.6800,0.001566
FILLER_39_594,VGND,li1,279.4500,119.6800,0.001566
FILLER_39_591,VGND,li1,278.0700,119.6800,0.001563
FILLER_39_588,VGND,li1,276.6900,119.6800,0.001560
FILLER_39_585,VGND,li1,275.3100,119.6800,0.001557
FILLER_39_558,VGND,li1,262.6600,119.6800,0.001534
FILLER_39_517,VGND,li1,244.0300,119.6800,0.001403
FILLER_39_514,VGND,li1,242.6500,119.6800,0.001380
FILLER_39_511,VGND,li1,241.2700,119.6800,0.001357
FILLER_39_508,VGND,li1,239.8900,119.6800,0.001357
FILLER_39_505,VGND,li1,238.5100,119.6800,0.001334
FILLER_39_502,VGND,li1,236.9000,119.6800,0.001313
FILLER_39_499,VGND,li1,235.7500,119.6800,0.001313
FILLER_39_484,VGND,li1,228.3900,119.6800,0.001213
FILLER_39_472,VGND,li1,222.8700,119.6800,0.001151
FILLER_39_452,VGND,li1,214.1300,119.6800,0.001021
FILLER_39_449,VGND,li1,212.7500,119.6800,0.000965
FILLER_39_447,VGND,li1,211.3700,119.6800,0.000965
FILLER_39_419,VGND,li1,198.9500,119.6800,0.000708
FILLER_39_416,VGND,li1,197.5700,119.6800,0.000649
FILLER_39_413,VGND,li1,196.1900,119.6800,0.000649
FILLER_39_410,VGND,li1,194.8100,119.6800,0.000599
FILLER_39_407,VGND,li1,193.4300,119.6800,0.000560
FILLER_39_404,VGND,li1,192.0500,119.6800,0.000560
FILLER_39_401,VGND,li1,190.6700,119.6800,0.000511
FILLER_39_389,VGND,li1,185.1500,119.6800,0.000412
FILLER_39_345,VGND,li1,164.4500,119.6800,0.000350
FILLER_39_335,VGND,li1,159.8500,119.6800,0.000372
FILLER_39_318,VGND,li1,152.0300,119.6800,0.000406
FILLER_39_284,VGND,li1,136.6200,119.6800,0.000418
FILLER_39_281,VGND,li1,135.4700,119.6800,0.000419
FILLER_39_279,VGND,li1,134.0900,119.6800,0.000419
FILLER_39_242,VGND,li1,117.5300,119.6800,0.000421
FILLER_39_239,VGND,li1,116.1500,119.6800,0.000421
FILLER_39_222,VGND,li1,108.1000,119.6800,0.000416
FILLER_39_186,VGND,li1,91.5400,119.6800,0.000377
FILLER_39_157,VGND,li1,78.4300,119.6800,0.000331
FILLER_39_148,VGND,li1,73.8300,119.6800,0.000304
FILLER_39_145,VGND,li1,72.9100,119.6800,0.000304
FILLER_39_142,VGND,li1,71.5300,119.6800,0.000295
FILLER_39_139,VGND,li1,70.1500,119.6800,0.000295
FILLER_39_136,VGND,li1,68.7700,119.6800,0.000286
FILLER_39_119,VGND,li1,60.4900,119.6800,0.000248
FILLER_39_116,VGND,li1,59.5700,119.6800,0.000248
FILLER_39_113,VGND,li1,58.1900,119.6800,0.000238
FILLER_39_110,VGND,li1,56.5800,119.6800,0.000229
FILLER_39_93,VGND,li1,48.5300,119.6800,0.000197
FILLER_39_60,VGND,li1,33.5800,119.6800,0.000129
FILLER_39_57,VGND,li1,32.4300,119.6800,0.000116
FILLER_39_55,VGND,li1,31.0500,119.6800,0.000116
FILLER_39_52,VGND,li1,30.1300,119.6800,0.000104
FILLER_39_49,VGND,li1,28.7500,119.6800,0.000104
FILLER_39_46,VGND,li1,27.3700,119.6800,0.000094
FILLER_39_43,VGND,li1,25.9900,119.6800,0.000082
FILLER_39_40,VGND,li1,24.6100,119.6800,0.000082
FILLER_39_30,VGND,li1,19.7800,119.6800,0.000091
FILLER_39_27,VGND,li1,18.6300,119.6800,0.000091
FILLER_39_24,VGND,li1,17.2500,119.6800,0.000092
FILLER_39_3,VGND,li1,7.1300,119.6800,0.000094
FILLER_38_685,VGND,li1,321.3100,114.2400,0.000792
FILLER_38_666,VGND,li1,312.3400,114.2400,0.000790
FILLER_38_648,VGND,li1,303.8300,114.2400,0.000778
FILLER_38_645,VGND,li1,302.9100,114.2400,0.000774
FILLER_38_607,VGND,li1,285.4300,114.2400,0.000737
FILLER_38_589,VGND,li1,276.9200,114.2400,0.000711
FILLER_38_585,VGND,li1,275.3100,114.2400,0.000704
FILLER_38_531,VGND,li1,250.0100,114.2400,0.000605
FILLER_38_522,VGND,li1,245.8700,114.2400,0.000582
FILLER_38_519,VGND,li1,244.9500,114.2400,0.000571
FILLER_38_516,VGND,li1,243.5700,114.2400,0.000561
FILLER_38_513,VGND,li1,242.1900,114.2400,0.000561
FILLER_38_510,VGND,li1,240.8100,114.2400,0.000545
FILLER_38_507,VGND,li1,239.4300,114.2400,0.000545
FILLER_38_473,VGND,li1,223.7900,114.2400,0.000442
FILLER_38_470,VGND,li1,222.4100,114.2400,0.000442
FILLER_38_450,VGND,li1,213.2100,114.2400,0.000373
FILLER_38_447,VGND,li1,211.8300,114.2400,0.000373
FILLER_38_431,VGND,li1,204.2400,114.2400,0.000315
FILLER_38_421,VGND,li1,199.6400,114.2400,0.000284
FILLER_38_418,VGND,li1,198.2600,114.2400,0.000271
FILLER_38_415,VGND,li1,197.1100,114.2400,0.000271
FILLER_38_412,VGND,li1,195.7300,114.2400,0.000250
FILLER_38_409,VGND,li1,194.3500,114.2400,0.000250
FILLER_38_406,VGND,li1,192.9700,114.2400,0.000237
FILLER_38_403,VGND,li1,191.5900,114.2400,0.000219
FILLER_38_400,VGND,li1,190.2100,114.2400,0.000219
FILLER_38_397,VGND,li1,188.8300,114.2400,0.000205
FILLER_38_394,VGND,li1,187.4500,114.2400,0.000188
FILLER_38_391,VGND,li1,186.0700,114.2400,0.000188
FILLER_38_345,VGND,li1,164.9100,114.2400,0.000178
FILLER_38_336,VGND,li1,160.5400,114.2400,0.000194
FILLER_38_326,VGND,li1,155.9400,114.2400,0.000216
FILLER_38_323,VGND,li1,154.7900,114.2400,0.000216
FILLER_38_309,VGND,li1,148.3500,114.2400,0.000237
FILLER_38_280,VGND,li1,135.0100,114.2400,0.000266
FILLER_38_277,VGND,li1,133.6300,114.2400,0.000266
FILLER_38_274,VGND,li1,132.2500,114.2400,0.000269
FILLER_38_256,VGND,li1,123.5100,114.2400,0.000282
FILLER_38_253,VGND,li1,122.5900,114.2400,0.000285
FILLER_38_241,VGND,li1,117.0700,114.2400,0.000290
FILLER_38_238,VGND,li1,115.6900,114.2400,0.000293
FILLER_38_186,VGND,li1,91.5400,114.2400,0.000305
FILLER_38_175,VGND,li1,86.7100,114.2400,0.000305
FILLER_38_149,VGND,li1,74.5200,114.2400,0.000301
FILLER_38_139,VGND,li1,69.6900,114.2400,0.000299
FILLER_38_136,VGND,li1,68.7700,114.2400,0.000299
FILLER_38_117,VGND,li1,59.8000,114.2400,0.000288
FILLER_38_105,VGND,li1,54.0500,114.2400,0.000259
FILLER_38_102,VGND,li1,53.1300,114.2400,0.000259
FILLER_38_68,VGND,li1,37.2600,114.2400,0.000159
FILLER_38_45,VGND,li1,26.4500,114.2400,0.000088
FILLER_38_27,VGND,li1,18.1700,114.2400,0.000078
FILLER_37_687,VGND,li1,321.7700,114.2400,0.000792
FILLER_37_684,VGND,li1,320.8500,114.2400,0.000792
FILLER_37_681,VGND,li1,319.4700,114.2400,0.000792
FILLER_37_648,VGND,li1,303.8300,114.2400,0.000778
FILLER_37_645,VGND,li1,302.9100,114.2400,0.000774
FILLER_37_642,VGND,li1,301.5300,114.2400,0.000774
FILLER_37_597,VGND,li1,280.6000,114.2400,0.000718
FILLER_37_561,VGND,li1,264.0400,114.2400,0.000664
FILLER_37_559,VGND,li1,262.8900,114.2400,0.000656
FILLER_37_556,VGND,li1,261.9700,114.2400,0.000656
FILLER_37_523,VGND,li1,246.3300,114.2400,0.000582
FILLER_37_520,VGND,li1,245.4100,114.2400,0.000571
FILLER_37_517,VGND,li1,244.0300,114.2400,0.000571
FILLER_37_503,VGND,li1,237.1300,114.2400,0.000531
FILLER_37_485,VGND,li1,228.8500,114.2400,0.000482
FILLER_37_465,VGND,li1,219.8800,114.2400,0.000426
FILLER_37_445,VGND,li1,210.9100,114.2400,0.000356
FILLER_37_442,VGND,li1,209.5300,114.2400,0.000356
FILLER_37_425,VGND,li1,201.2500,114.2400,0.000300
FILLER_37_405,VGND,li1,192.5100,114.2400,0.000237
FILLER_37_402,VGND,li1,191.1300,114.2400,0.000219
FILLER_37_399,VGND,li1,189.7500,114.2400,0.000205
FILLER_37_396,VGND,li1,188.3700,114.2400,0.000205
FILLER_37_393,VGND,li1,186.9900,114.2400,0.000188
FILLER_37_356,VGND,li1,169.9700,114.2400,0.000156
FILLER_37_346,VGND,li1,165.1400,114.2400,0.000178
FILLER_37_337,VGND,li1,160.7700,114.2400,0.000194
FILLER_37_318,VGND,li1,152.2600,114.2400,0.000227
FILLER_37_281,VGND,li1,135.4700,114.2400,0.000262
FILLER_37_279,VGND,li1,134.0900,114.2400,0.000266
FILLER_37_276,VGND,li1,133.1700,114.2400,0.000269
FILLER_37_273,VGND,li1,131.7900,114.2400,0.000269
FILLER_37_270,VGND,li1,130.4100,114.2400,0.000274
FILLER_37_267,VGND,li1,129.0300,114.2400,0.000274
FILLER_37_258,VGND,li1,124.4300,114.2400,0.000282
FILLER_37_255,VGND,li1,123.5100,114.2400,0.000282
FILLER_37_252,VGND,li1,122.1300,114.2400,0.000285
FILLER_37_243,VGND,li1,117.5300,114.2400,0.000290
FILLER_37_240,VGND,li1,116.6100,114.2400,0.000293
FILLER_37_237,VGND,li1,115.2300,114.2400,0.000293
FILLER_37_234,VGND,li1,113.8500,114.2400,0.000296
FILLER_37_231,VGND,li1,112.4700,114.2400,0.000296
FILLER_37_228,VGND,li1,111.0900,114.2400,0.000299
FILLER_37_225,VGND,li1,109.7100,114.2400,0.000299
FILLER_37_222,VGND,li1,108.1000,114.2400,0.000302
FILLER_37_196,VGND,li1,95.9100,114.2400,0.000305
FILLER_37_188,VGND,li1,92.4600,114.2400,0.000305
FILLER_37_185,VGND,li1,91.3100,114.2400,0.000305
FILLER_37_182,VGND,li1,89.9300,114.2400,0.000305
FILLER_37_179,VGND,li1,88.5500,114.2400,0.000305
FILLER_37_156,VGND,li1,77.7400,114.2400,0.000302
FILLER_37_153,VGND,li1,76.5900,114.2400,0.000302
FILLER_37_150,VGND,li1,75.2100,114.2400,0.000301
FILLER_37_147,VGND,li1,73.8300,114.2400,0.000300
FILLER_37_127,VGND,li1,64.6300,114.2400,0.000293
FILLER_37_124,VGND,li1,63.2500,114.2400,0.000293
FILLER_37_85,VGND,li1,44.8500,114.2400,0.000201
FILLER_37_82,VGND,li1,43.9300,114.2400,0.000201
FILLER_37_47,VGND,li1,27.3700,114.2400,0.000088
FILLER_37_44,VGND,li1,26.4500,114.2400,0.000088
FILLER_37_41,VGND,li1,25.0700,114.2400,0.000074
FILLER_37_3,VGND,li1,7.5900,114.2400,0.000082
FILLER_36_677,VGND,li1,317.6300,108.8000,0.001368
FILLER_36_656,VGND,li1,307.7400,108.8000,0.001360
FILLER_36_653,VGND,li1,306.5900,108.8000,0.001360
FILLER_36_635,VGND,li1,297.8500,108.8000,0.001331
FILLER_36_632,VGND,li1,296.9300,108.8000,0.001331
FILLER_36_629,VGND,li1,295.5500,108.8000,0.001323
FILLER_36_626,VGND,li1,294.1700,108.8000,0.001323
FILLER_36_607,VGND,li1,285.2000,108.8000,0.001280
FILLER_36_604,VGND,li1,284.0500,108.8000,0.001280
FILLER_36_601,VGND,li1,282.6700,108.8000,0.001265
FILLER_36_598,VGND,li1,281.2900,108.8000,0.001265
FILLER_36_595,VGND,li1,279.9100,108.8000,0.001247
FILLER_36_592,VGND,li1,278.5300,108.8000,0.001247
FILLER_36_589,VGND,li1,277.1500,108.8000,0.001230
FILLER_36_587,VGND,li1,275.7700,108.8000,0.001230
FILLER_36_584,VGND,li1,274.8500,108.8000,0.001215
FILLER_36_581,VGND,li1,273.4700,108.8000,0.001215
FILLER_36_545,VGND,li1,256.9100,108.8000,0.001085
FILLER_36_542,VGND,li1,255.5300,108.8000,0.001085
FILLER_36_530,VGND,li1,249.7800,108.8000,0.001041
FILLER_36_519,VGND,li1,244.7200,108.8000,0.001000
FILLER_36_451,VGND,li1,213.4400,108.8000,0.000683
FILLER_36_448,VGND,li1,212.2900,108.8000,0.000683
FILLER_36_438,VGND,li1,207.2300,108.8000,0.000632
FILLER_36_402,VGND,li1,190.6700,108.8000,0.000375
FILLER_36_399,VGND,li1,189.7500,108.8000,0.000375
FILLER_36_396,VGND,li1,188.3700,108.8000,0.000340
FILLER_36_393,VGND,li1,186.9900,108.8000,0.000340
FILLER_36_365,VGND,li1,174.1100,108.8000,0.000257
FILLER_36_362,VGND,li1,172.5000,108.8000,0.000257
FILLER_36_320,VGND,li1,153.1800,108.8000,0.000371
FILLER_36_317,VGND,li1,152.0300,108.8000,0.000371
FILLER_36_307,VGND,li1,146.9700,108.8000,0.000395
FILLER_36_288,VGND,li1,138.4600,108.8000,0.000433
FILLER_36_285,VGND,li1,137.3100,108.8000,0.000442
FILLER_36_282,VGND,li1,135.9300,108.8000,0.000442
FILLER_36_279,VGND,li1,134.5500,108.8000,0.000450
FILLER_36_273,VGND,li1,131.5600,108.8000,0.000460
FILLER_36_270,VGND,li1,130.4100,108.8000,0.000469
FILLER_36_267,VGND,li1,129.0300,108.8000,0.000469
FILLER_36_256,VGND,li1,123.9700,108.8000,0.000486
FILLER_36_253,VGND,li1,122.5900,108.8000,0.000493
FILLER_36_243,VGND,li1,117.5300,108.8000,0.000508
FILLER_36_240,VGND,li1,116.6100,108.8000,0.000508
FILLER_36_228,VGND,li1,110.6300,108.8000,0.000514
FILLER_36_225,VGND,li1,109.7100,108.8000,0.000511
FILLER_36_222,VGND,li1,108.3300,108.8000,0.000511
FILLER_36_213,VGND,li1,103.7300,108.8000,0.000505
FILLER_36_203,VGND,li1,99.1300,108.8000,0.000497
FILLER_36_200,VGND,li1,98.2100,108.8000,0.000497
FILLER_36_197,VGND,li1,96.8300,108.8000,0.000493
FILLER_36_182,VGND,li1,89.9300,108.8000,0.000470
FILLER_36_179,VGND,li1,88.5500,108.8000,0.000470
FILLER_36_144,VGND,li1,72.2200,108.8000,0.000385
FILLER_36_141,VGND,li1,71.0700,108.8000,0.000385
FILLER_36_113,VGND,li1,57.9600,108.8000,0.000310
FILLER_36_75,VGND,li1,40.2500,108.8000,0.000198
FILLER_36_72,VGND,li1,39.3300,108.8000,0.000198
FILLER_36_46,VGND,li1,26.9100,108.8000,0.000108
FILLER_35_679,VGND,li1,318.0900,108.8000,0.001368
FILLER_35_676,VGND,li1,317.1700,108.8000,0.001368
FILLER_35_673,VGND,li1,315.7900,108.8000,0.001368
FILLER_35_647,VGND,li1,303.3700,108.8000,0.001346
FILLER_35_644,VGND,li1,302.4500,108.8000,0.001346
FILLER_35_641,VGND,li1,301.0700,108.8000,0.001339
FILLER_35_638,VGND,li1,299.6900,108.8000,0.001339
FILLER_35_635,VGND,li1,298.3100,108.8000,0.001331
FILLER_35_632,VGND,li1,296.9300,108.8000,0.001331
FILLER_35_629,VGND,li1,295.5500,108.8000,0.001323
FILLER_35_626,VGND,li1,294.1700,108.8000,0.001323
FILLER_35_623,VGND,li1,292.7900,108.8000,0.001314
FILLER_35_620,VGND,li1,291.4100,108.8000,0.001314
FILLER_35_617,VGND,li1,290.0300,108.8000,0.001307
FILLER_35_604,VGND,li1,283.5900,108.8000,0.001280
FILLER_35_601,VGND,li1,282.6700,108.8000,0.001265
FILLER_35_598,VGND,li1,281.2900,108.8000,0.001265
FILLER_35_595,VGND,li1,279.9100,108.8000,0.001247
FILLER_35_592,VGND,li1,278.5300,108.8000,0.001247
FILLER_35_589,VGND,li1,277.1500,108.8000,0.001230
FILLER_35_561,VGND,li1,264.2700,108.8000,0.001144
FILLER_35_558,VGND,li1,262.6600,108.8000,0.001130
FILLER_35_555,VGND,li1,261.5100,108.8000,0.001130
FILLER_35_552,VGND,li1,260.1300,108.8000,0.001109
FILLER_35_549,VGND,li1,258.7500,108.8000,0.001109
FILLER_35_485,VGND,li1,229.0800,108.8000,0.000860
FILLER_35_465,VGND,li1,219.8800,108.8000,0.000769
FILLER_35_393,VGND,li1,186.7600,108.8000,0.000340
FILLER_35_361,VGND,li1,172.0400,108.8000,0.000269
FILLER_35_358,VGND,li1,170.8900,108.8000,0.000269
FILLER_35_315,VGND,li1,150.6500,108.8000,0.000382
FILLER_35_312,VGND,li1,149.7300,108.8000,0.000382
FILLER_35_287,VGND,li1,138.2300,108.8000,0.000433
FILLER_35_284,VGND,li1,136.8500,108.8000,0.000442
FILLER_35_281,VGND,li1,135.4700,108.8000,0.000450
FILLER_35_278,VGND,li1,133.8600,108.8000,0.000450
FILLER_35_269,VGND,li1,129.9500,108.8000,0.000469
FILLER_35_243,VGND,li1,117.5300,108.8000,0.000508
FILLER_35_240,VGND,li1,116.6100,108.8000,0.000508
FILLER_35_228,VGND,li1,110.6300,108.8000,0.000514
FILLER_35_225,VGND,li1,109.7100,108.8000,0.000511
FILLER_35_223,VGND,li1,108.3300,108.8000,0.000511
FILLER_35_150,VGND,li1,74.7500,108.8000,0.000399
FILLER_35_147,VGND,li1,73.8300,108.8000,0.000399
FILLER_35_93,VGND,li1,48.7600,108.8000,0.000258
FILLER_35_90,VGND,li1,47.6100,108.8000,0.000242
FILLER_35_80,VGND,li1,42.7800,108.8000,0.000213
FILLER_35_77,VGND,li1,41.6300,108.8000,0.000213
FILLER_35_74,VGND,li1,40.2500,108.8000,0.000198
FILLER_35_55,VGND,li1,31.0500,108.8000,0.000140
FILLER_35_44,VGND,li1,26.4500,108.8000,0.000094
FILLER_35_41,VGND,li1,25.0700,108.8000,0.000094
FILLER_35_3,VGND,li1,7.5900,108.8000,0.000110
FILLER_34_687,VGND,li1,321.7700,103.3600,0.000580
FILLER_34_684,VGND,li1,320.8500,103.3600,0.000580
FILLER_34_681,VGND,li1,319.4700,103.3600,0.000580
FILLER_34_653,VGND,li1,306.1300,103.3600,0.000576
FILLER_34_643,VGND,li1,301.5300,103.3600,0.000572
FILLER_34_640,VGND,li1,300.6100,103.3600,0.000570
FILLER_34_637,VGND,li1,299.2300,103.3600,0.000570
FILLER_34_634,VGND,li1,297.8500,103.3600,0.000568
FILLER_34_631,VGND,li1,296.4700,103.3600,0.000568
FILLER_34_595,VGND,li1,279.9100,103.3600,0.000546
FILLER_34_592,VGND,li1,278.5300,103.3600,0.000540
FILLER_34_589,VGND,li1,277.1500,103.3600,0.000540
FILLER_34_587,VGND,li1,275.7700,103.3600,0.000535
FILLER_34_584,VGND,li1,274.8500,103.3600,0.000535
FILLER_34_558,VGND,li1,262.4300,103.3600,0.000501
FILLER_34_531,VGND,li1,250.0100,103.3600,0.000466
FILLER_34_522,VGND,li1,245.8700,103.3600,0.000450
FILLER_34_519,VGND,li1,244.9500,103.3600,0.000442
FILLER_34_516,VGND,li1,243.5700,103.3600,0.000442
FILLER_34_513,VGND,li1,242.1900,103.3600,0.000433
FILLER_34_510,VGND,li1,240.8100,103.3600,0.000426
FILLER_34_507,VGND,li1,239.4300,103.3600,0.000426
FILLER_34_488,VGND,li1,230.4600,103.3600,0.000386
FILLER_34_485,VGND,li1,229.3100,103.3600,0.000386
FILLER_34_465,VGND,li1,220.1100,103.3600,0.000343
FILLER_34_429,VGND,li1,203.3200,103.3600,0.000278
FILLER_34_402,VGND,li1,190.6700,103.3600,0.000217
FILLER_34_399,VGND,li1,189.7500,103.3600,0.000205
FILLER_34_368,VGND,li1,175.2600,103.3600,0.000183
FILLER_34_365,VGND,li1,174.1100,103.3600,0.000183
FILLER_34_361,VGND,li1,172.2700,103.3600,0.000195
FILLER_34_358,VGND,li1,170.8900,103.3600,0.000209
FILLER_34_355,VGND,li1,169.5100,103.3600,0.000221
FILLER_34_352,VGND,li1,168.1300,103.3600,0.000221
FILLER_34_328,VGND,li1,157.0900,103.3600,0.000286
FILLER_34_253,VGND,li1,122.3600,103.3600,0.000362
FILLER_34_200,VGND,li1,97.9800,103.3600,0.000329
FILLER_34_197,VGND,li1,96.8300,103.3600,0.000324
FILLER_34_179,VGND,li1,88.0900,103.3600,0.000302
FILLER_34_152,VGND,li1,75.9000,103.3600,0.000257
FILLER_34_149,VGND,li1,74.7500,103.3600,0.000257
FILLER_34_139,VGND,li1,69.6900,103.3600,0.000234
FILLER_34_113,VGND,li1,57.7300,103.3600,0.000189
FILLER_34_110,VGND,li1,56.8100,103.3600,0.000181
FILLER_34_107,VGND,li1,55.4300,103.3600,0.000181
FILLER_34_104,VGND,li1,54.0500,103.3600,0.000169
FILLER_34_101,VGND,li1,52.6700,103.3600,0.000169
FILLER_34_94,VGND,li1,49.2200,103.3600,0.000155
FILLER_34_91,VGND,li1,48.0700,103.3600,0.000144
FILLER_34_88,VGND,li1,46.6900,103.3600,0.000144
FILLER_34_85,VGND,li1,45.3100,103.3600,0.000134
FILLER_34_74,VGND,li1,40.2500,103.3600,0.000115
FILLER_34_71,VGND,li1,38.8700,103.3600,0.000103
FILLER_34_68,VGND,li1,37.4900,103.3600,0.000103
FILLER_34_56,VGND,li1,31.9700,103.3600,0.000077
FILLER_34_45,VGND,li1,26.9100,103.3600,0.000057
FILLER_34_42,VGND,li1,25.5300,103.3600,0.000045
FILLER_34_39,VGND,li1,24.1500,103.3600,0.000045
FILLER_34_29,VGND,li1,19.3200,103.3600,0.000045
FILLER_34_26,VGND,li1,17.9400,103.3600,0.000045
FILLER_34_23,VGND,li1,16.7900,103.3600,0.000045
FILLER_34_20,VGND,li1,15.4100,103.3600,0.000045
FILLER_34_17,VGND,li1,14.0300,103.3600,0.000045
FILLER_34_6,VGND,li1,8.9700,103.3600,0.000045
FILLER_34_3,VGND,li1,7.5900,103.3600,0.000045
FILLER_33_679,VGND,li1,318.0900,103.3600,0.000580
FILLER_33_597,VGND,li1,280.6000,103.3600,0.000546
FILLER_33_569,VGND,li1,267.9500,103.3600,0.000519
FILLER_33_558,VGND,li1,262.6600,103.3600,0.000501
FILLER_33_555,VGND,li1,261.5100,103.3600,0.000501
FILLER_33_511,VGND,li1,241.2700,103.3600,0.000433
FILLER_33_508,VGND,li1,239.8900,103.3600,0.000426
FILLER_33_505,VGND,li1,238.5100,103.3600,0.000418
FILLER_33_494,VGND,li1,233.2200,103.3600,0.000397
FILLER_33_491,VGND,li1,232.0700,103.3600,0.000397
FILLER_33_488,VGND,li1,230.6900,103.3600,0.000386
FILLER_33_485,VGND,li1,229.3100,103.3600,0.000386
FILLER_33_482,VGND,li1,227.9300,103.3600,0.000375
FILLER_33_479,VGND,li1,226.5500,103.3600,0.000375
FILLER_33_476,VGND,li1,225.1700,103.3600,0.000368
FILLER_33_467,VGND,li1,220.5700,103.3600,0.000352
FILLER_33_457,VGND,li1,216.2000,103.3600,0.000334
FILLER_33_438,VGND,li1,207.2300,103.3600,0.000290
FILLER_33_435,VGND,li1,206.3100,103.3600,0.000290
FILLER_33_432,VGND,li1,204.9300,103.3600,0.000278
FILLER_33_429,VGND,li1,203.5500,103.3600,0.000278
FILLER_33_402,VGND,li1,190.6700,103.3600,0.000217
FILLER_33_399,VGND,li1,189.7500,103.3600,0.000205
FILLER_33_396,VGND,li1,188.3700,103.3600,0.000205
FILLER_33_393,VGND,li1,186.9900,103.3600,0.000193
FILLER_33_362,VGND,li1,172.5000,103.3600,0.000195
FILLER_33_359,VGND,li1,171.3500,103.3600,0.000209
FILLER_33_356,VGND,li1,169.9700,103.3600,0.000209
FILLER_33_353,VGND,li1,168.5900,103.3600,0.000221
FILLER_33_350,VGND,li1,167.2100,103.3600,0.000237
FILLER_33_337,VGND,li1,161.2300,103.3600,0.000269
FILLER_33_317,VGND,li1,151.8000,103.3600,0.000317
FILLER_33_270,VGND,li1,130.1800,103.3600,0.000359
FILLER_33_225,VGND,li1,109.4800,103.3600,0.000351
FILLER_33_222,VGND,li1,108.1000,103.3600,0.000348
FILLER_33_219,VGND,li1,106.9500,103.3600,0.000348
FILLER_33_182,VGND,li1,89.9300,103.3600,0.000307
FILLER_33_179,VGND,li1,88.5500,103.3600,0.000302
FILLER_33_169,VGND,li1,83.7200,103.3600,0.000285
FILLER_33_167,VGND,li1,82.5700,103.3600,0.000285
FILLER_33_164,VGND,li1,81.6500,103.3600,0.000277
FILLER_33_161,VGND,li1,80.2700,103.3600,0.000277
FILLER_33_158,VGND,li1,78.8900,103.3600,0.000267
FILLER_33_155,VGND,li1,77.5100,103.3600,0.000267
FILLER_33_152,VGND,li1,76.1300,103.3600,0.000257
FILLER_33_149,VGND,li1,74.7500,103.3600,0.000257
FILLER_33_146,VGND,li1,73.3700,103.3600,0.000248
FILLER_33_127,VGND,li1,64.1700,103.3600,0.000218
FILLER_33_124,VGND,li1,63.2500,103.3600,0.000209
FILLER_33_121,VGND,li1,61.8700,103.3600,0.000209
FILLER_33_111,VGND,li1,56.8100,103.3600,0.000181
FILLER_33_108,VGND,li1,55.8900,103.3600,0.000181
FILLER_33_65,VGND,li1,35.6500,103.3600,0.000090
FILLER_33_57,VGND,li1,32.4300,103.3600,0.000077
FILLER_33_54,VGND,li1,30.8200,103.3600,0.000068
FILLER_33_51,VGND,li1,29.6700,103.3600,0.000068
FILLER_33_48,VGND,li1,28.2900,103.3600,0.000057
FILLER_33_45,VGND,li1,26.9100,103.3600,0.000057
FILLER_33_28,VGND,li1,19.0900,103.3600,0.000045
FILLER_33_18,VGND,li1,14.2600,103.3600,0.000045
FILLER_33_9,VGND,li1,9.8900,103.3600,0.000045
FILLER_33_6,VGND,li1,8.9700,103.3600,0.000045
FILLER_33_3,VGND,li1,7.5900,103.3600,0.000045
FILLER_32_687,VGND,li1,321.7700,97.9200,0.000648
FILLER_32_643,VGND,li1,301.5300,97.9200,0.000632
FILLER_32_640,VGND,li1,300.6100,97.9200,0.000627
FILLER_32_586,VGND,li1,275.5400,97.9200,0.000555
FILLER_32_583,VGND,li1,274.3900,97.9200,0.000555
FILLER_32_556,VGND,li1,261.5100,97.9200,0.000501
FILLER_32_553,VGND,li1,260.5900,97.9200,0.000501
FILLER_32_550,VGND,li1,259.2100,97.9200,0.000494
FILLER_32_521,VGND,li1,245.8700,97.9200,0.000443
FILLER_32_518,VGND,li1,244.4900,97.9200,0.000432
FILLER_32_515,VGND,li1,243.1100,97.9200,0.000432
FILLER_32_512,VGND,li1,241.7300,97.9200,0.000421
FILLER_32_509,VGND,li1,240.3500,97.9200,0.000421
FILLER_32_506,VGND,li1,238.9700,97.9200,0.000409
FILLER_32_495,VGND,li1,233.9100,97.9200,0.000389
FILLER_32_492,VGND,li1,232.5300,97.9200,0.000389
FILLER_32_489,VGND,li1,231.1500,97.9200,0.000378
FILLER_32_486,VGND,li1,229.7700,97.9200,0.000378
FILLER_32_477,VGND,li1,225.1700,97.9200,0.000355
FILLER_32_475,VGND,li1,224.2500,97.9200,0.000355
FILLER_32_472,VGND,li1,223.3300,97.9200,0.000344
FILLER_32_469,VGND,li1,221.9500,97.9200,0.000344
FILLER_32_466,VGND,li1,220.5700,97.9200,0.000336
FILLER_32_457,VGND,li1,215.9700,97.9200,0.000316
FILLER_32_437,VGND,li1,207.2300,97.9200,0.000269
FILLER_32_417,VGND,li1,198.0300,97.9200,0.000222
FILLER_32_406,VGND,li1,192.9700,97.9200,0.000193
FILLER_32_403,VGND,li1,191.5900,97.9200,0.000182
FILLER_32_400,VGND,li1,190.2100,97.9200,0.000168
FILLER_32_397,VGND,li1,188.8300,97.9200,0.000168
FILLER_32_394,VGND,li1,187.4500,97.9200,0.000157
FILLER_32_391,VGND,li1,186.0700,97.9200,0.000142
FILLER_32_378,VGND,li1,179.6300,97.9200,0.000113
FILLER_32_368,VGND,li1,175.0300,97.9200,0.000107
FILLER_32_365,VGND,li1,174.1100,97.9200,0.000113
FILLER_32_353,VGND,li1,168.5900,97.9200,0.000131
FILLER_32_350,VGND,li1,167.2100,97.9200,0.000131
FILLER_32_347,VGND,li1,165.8300,97.9200,0.000140
FILLER_32_344,VGND,li1,164.4500,97.9200,0.000140
FILLER_32_306,VGND,li1,146.7400,97.9200,0.000185
FILLER_32_271,VGND,li1,130.4100,97.9200,0.000206
FILLER_32_241,VGND,li1,117.0700,97.9200,0.000217
FILLER_32_178,VGND,li1,87.6300,97.9200,0.000221
FILLER_32_159,VGND,li1,79.1200,97.9200,0.000214
FILLER_32_156,VGND,li1,77.9700,97.9200,0.000212
FILLER_32_153,VGND,li1,76.5900,97.9200,0.000212
FILLER_32_150,VGND,li1,75.2100,97.9200,0.000208
FILLER_32_147,VGND,li1,73.8300,97.9200,0.000208
FILLER_32_144,VGND,li1,72.4500,97.9200,0.000205
FILLER_32_141,VGND,li1,71.0700,97.9200,0.000205
FILLER_32_139,VGND,li1,69.6900,97.9200,0.000203
FILLER_32_136,VGND,li1,68.7700,97.9200,0.000203
FILLER_32_125,VGND,li1,63.7100,97.9200,0.000197
FILLER_32_108,VGND,li1,55.4300,97.9200,0.000179
FILLER_32_74,VGND,li1,40.0200,97.9200,0.000142
FILLER_32_64,VGND,li1,35.4200,97.9200,0.000125
FILLER_32_61,VGND,li1,34.2700,97.9200,0.000125
FILLER_32_48,VGND,li1,28.0600,97.9200,0.000098
FILLER_32_29,VGND,li1,19.3200,97.9200,0.000075
FILLER_32_9,VGND,li1,10.3500,97.9200,0.000078
FILLER_32_6,VGND,li1,8.9700,97.9200,0.000078
FILLER_32_3,VGND,li1,7.5900,97.9200,0.000078
FILLER_31_676,VGND,li1,316.9400,97.9200,0.000647
FILLER_31_673,VGND,li1,315.7900,97.9200,0.000647
FILLER_31_669,VGND,li1,313.9500,97.9200,0.000646
FILLER_31_634,VGND,li1,297.3900,97.9200,0.000623
FILLER_31_615,VGND,li1,288.6500,97.9200,0.000602
FILLER_31_596,VGND,li1,280.1400,97.9200,0.000573
FILLER_31_593,VGND,li1,278.9900,97.9200,0.000573
FILLER_31_564,VGND,li1,265.6500,97.9200,0.000521
FILLER_31_561,VGND,li1,264.2700,97.9200,0.000512
FILLER_31_549,VGND,li1,258.7500,97.9200,0.000494
FILLER_31_539,VGND,li1,254.1500,97.9200,0.000470
FILLER_31_529,VGND,li1,249.3200,97.9200,0.000452
FILLER_31_526,VGND,li1,248.1700,97.9200,0.000452
FILLER_31_523,VGND,li1,246.7900,97.9200,0.000443
FILLER_31_505,VGND,li1,238.5100,97.9200,0.000409
FILLER_31_495,VGND,li1,233.4500,97.9200,0.000389
FILLER_31_468,VGND,li1,221.2600,97.9200,0.000336
FILLER_31_465,VGND,li1,220.1100,97.9200,0.000336
FILLER_31_445,VGND,li1,210.9100,97.9200,0.000284
FILLER_31_442,VGND,li1,209.5300,97.9200,0.000284
FILLER_31_439,VGND,li1,208.1500,97.9200,0.000269
FILLER_31_436,VGND,li1,206.7700,97.9200,0.000269
FILLER_31_433,VGND,li1,205.3900,97.9200,0.000254
FILLER_31_430,VGND,li1,204.0100,97.9200,0.000254
FILLER_31_427,VGND,li1,202.6300,97.9200,0.000238
FILLER_31_424,VGND,li1,201.2500,97.9200,0.000238
FILLER_31_405,VGND,li1,192.2800,97.9200,0.000182
FILLER_31_402,VGND,li1,191.1300,97.9200,0.000182
FILLER_31_399,VGND,li1,189.7500,97.9200,0.000168
FILLER_31_396,VGND,li1,188.3700,97.9200,0.000157
FILLER_31_393,VGND,li1,186.9900,97.9200,0.000157
FILLER_31_391,VGND,li1,185.6100,97.9200,0.000142
FILLER_31_388,VGND,li1,184.6900,97.9200,0.000142
FILLER_31_353,VGND,li1,168.1300,97.9200,0.000131
FILLER_31_316,VGND,li1,151.5700,97.9200,0.000174
FILLER_31_313,VGND,li1,150.1900,97.9200,0.000181
FILLER_31_308,VGND,li1,147.4300,97.9200,0.000185
FILLER_31_305,VGND,li1,146.5100,97.9200,0.000185
FILLER_31_281,VGND,li1,135.0100,97.9200,0.000203
FILLER_31_271,VGND,li1,130.4100,97.9200,0.000206
FILLER_31_268,VGND,li1,129.4900,97.9200,0.000208
FILLER_31_265,VGND,li1,128.1100,97.9200,0.000208
FILLER_31_255,VGND,li1,123.2800,97.9200,0.000213
FILLER_31_252,VGND,li1,122.1300,97.9200,0.000213
FILLER_31_242,VGND,li1,117.3000,97.9200,0.000217
FILLER_31_215,VGND,li1,104.6500,97.9200,0.000222
FILLER_31_212,VGND,li1,103.7300,97.9200,0.000222
FILLER_31_185,VGND,li1,90.8500,97.9200,0.000223
FILLER_31_150,VGND,li1,74.9800,97.9200,0.000208
FILLER_31_147,VGND,li1,73.8300,97.9200,0.000208
FILLER_31_144,VGND,li1,72.4500,97.9200,0.000205
FILLER_31_141,VGND,li1,71.0700,97.9200,0.000205
FILLER_31_138,VGND,li1,69.6900,97.9200,0.000203
FILLER_31_57,VGND,li1,32.2000,97.9200,0.000116
FILLER_31_12,VGND,li1,11.2700,97.9200,0.000078
FILLER_31_9,VGND,li1,10.3500,97.9200,0.000078
FILLER_31_6,VGND,li1,8.9700,97.9200,0.000078
FILLER_31_3,VGND,li1,7.5900,97.9200,0.000078
FILLER_30_679,VGND,li1,318.0900,92.4800,0.000783
FILLER_30_676,VGND,li1,317.1700,92.4800,0.000783
FILLER_30_673,VGND,li1,315.7900,92.4800,0.000782
FILLER_30_645,VGND,li1,302.9100,92.4800,0.000778
FILLER_30_643,VGND,li1,301.5300,92.4800,0.000778
FILLER_30_632,VGND,li1,296.9300,92.4800,0.000777
FILLER_30_597,VGND,li1,280.3700,92.4800,0.000769
FILLER_30_587,VGND,li1,275.7700,92.4800,0.000765
FILLER_30_548,VGND,li1,258.2900,92.4800,0.000703
FILLER_30_545,VGND,li1,256.9100,92.4800,0.000690
FILLER_30_542,VGND,li1,255.5300,92.4800,0.000690
FILLER_30_539,VGND,li1,254.1500,92.4800,0.000676
FILLER_30_536,VGND,li1,252.7700,92.4800,0.000676
FILLER_30_533,VGND,li1,251.3900,92.4800,0.000665
FILLER_30_523,VGND,li1,246.3300,92.4800,0.000646
FILLER_30_497,VGND,li1,234.3700,92.4800,0.000586
FILLER_30_494,VGND,li1,233.4500,92.4800,0.000574
FILLER_30_475,VGND,li1,224.2500,92.4800,0.000525
FILLER_30_472,VGND,li1,223.3300,92.4800,0.000508
FILLER_30_469,VGND,li1,221.9500,92.4800,0.000508
FILLER_30_433,VGND,li1,205.3900,92.4800,0.000379
FILLER_30_430,VGND,li1,204.0100,92.4800,0.000360
FILLER_30_427,VGND,li1,202.6300,92.4800,0.000345
FILLER_30_424,VGND,li1,201.2500,92.4800,0.000345
FILLER_30_421,VGND,li1,199.8700,92.4800,0.000320
FILLER_30_400,VGND,li1,190.2100,92.4800,0.000238
FILLER_30_397,VGND,li1,188.8300,92.4800,0.000238
FILLER_30_356,VGND,li1,169.5100,92.4800,0.000145
FILLER_30_353,VGND,li1,168.5900,92.4800,0.000145
FILLER_30_350,VGND,li1,167.2100,92.4800,0.000149
FILLER_30_347,VGND,li1,165.8300,92.4800,0.000153
FILLER_30_344,VGND,li1,164.4500,92.4800,0.000153
FILLER_30_324,VGND,li1,155.2500,92.4800,0.000170
FILLER_30_321,VGND,li1,153.8700,92.4800,0.000170
FILLER_30_318,VGND,li1,152.4900,92.4800,0.000173
FILLER_30_315,VGND,li1,151.1100,92.4800,0.000175
FILLER_30_312,VGND,li1,149.7300,92.4800,0.000175
FILLER_30_309,VGND,li1,148.3500,92.4800,0.000178
FILLER_30_305,VGND,li1,146.5100,92.4800,0.000182
FILLER_30_253,VGND,li1,122.3600,92.4800,0.000200
FILLER_30_241,VGND,li1,117.0700,92.4800,0.000203
FILLER_30_214,VGND,li1,104.4200,92.4800,0.000206
FILLER_30_187,VGND,li1,91.7700,92.4800,0.000203
FILLER_30_184,VGND,li1,90.8500,92.4800,0.000202
FILLER_30_181,VGND,li1,89.4700,92.4800,0.000202
FILLER_30_178,VGND,li1,88.0900,92.4800,0.000201
FILLER_30_149,VGND,li1,74.7500,92.4800,0.000190
FILLER_30_138,VGND,li1,69.4600,92.4800,0.000184
FILLER_30_102,VGND,li1,52.9000,92.4800,0.000153
FILLER_30_58,VGND,li1,32.4300,92.4800,0.000086
FILLER_30_55,VGND,li1,31.5100,92.4800,0.000086
FILLER_30_29,VGND,li1,19.3200,92.4800,0.000057
FILLER_30_27,VGND,li1,18.1700,92.4800,0.000058
FILLER_30_24,VGND,li1,17.2500,92.4800,0.000058
FILLER_30_6,VGND,li1,8.5100,92.4800,0.000061
FILLER_30_3,VGND,li1,7.5900,92.4800,0.000061
FILLER_29_679,VGND,li1,318.0900,92.4800,0.000783
FILLER_29_676,VGND,li1,317.1700,92.4800,0.000783
FILLER_29_673,VGND,li1,315.7900,92.4800,0.000782
FILLER_29_669,VGND,li1,313.9500,92.4800,0.000782
FILLER_29_666,VGND,li1,312.5700,92.4800,0.000782
FILLER_29_640,VGND,li1,300.3800,92.4800,0.000778
FILLER_29_623,VGND,li1,292.7900,92.4800,0.000774
FILLER_29_620,VGND,li1,291.4100,92.4800,0.000774
FILLER_29_617,VGND,li1,290.0300,92.4800,0.000773
FILLER_29_599,VGND,li1,281.2900,92.4800,0.000769
FILLER_29_596,VGND,li1,280.3700,92.4800,0.000769
FILLER_29_593,VGND,li1,278.9900,92.4800,0.000767
FILLER_29_590,VGND,li1,277.6100,92.4800,0.000767
FILLER_29_564,VGND,li1,265.1900,92.4800,0.000735
FILLER_29_561,VGND,li1,264.2700,92.4800,0.000724
FILLER_29_559,VGND,li1,262.8900,92.4800,0.000724
FILLER_29_556,VGND,li1,261.9700,92.4800,0.000714
FILLER_29_545,VGND,li1,256.9100,92.4800,0.000690
FILLER_29_542,VGND,li1,255.5300,92.4800,0.000690
FILLER_29_539,VGND,li1,254.1500,92.4800,0.000676
FILLER_29_536,VGND,li1,252.7700,92.4800,0.000676
FILLER_29_533,VGND,li1,251.3900,92.4800,0.000665
FILLER_29_530,VGND,li1,250.0100,92.4800,0.000656
FILLER_29_519,VGND,li1,244.9500,92.4800,0.000636
FILLER_29_508,VGND,li1,239.6600,92.4800,0.000608
FILLER_29_505,VGND,li1,238.5100,92.4800,0.000608
FILLER_29_501,VGND,li1,236.6700,92.4800,0.000599
FILLER_29_466,VGND,li1,220.1100,92.4800,0.000490
FILLER_29_445,VGND,li1,210.9100,92.4800,0.000414
FILLER_29_442,VGND,li1,209.5300,92.4800,0.000414
FILLER_29_434,VGND,li1,205.6200,92.4800,0.000379
FILLER_29_431,VGND,li1,204.4700,92.4800,0.000360
FILLER_29_428,VGND,li1,203.0900,92.4800,0.000360
FILLER_29_390,VGND,li1,185.3800,92.4800,0.000205
FILLER_29_387,VGND,li1,184.2300,92.4800,0.000183
FILLER_29_360,VGND,li1,171.5800,92.4800,0.000141
FILLER_29_357,VGND,li1,170.4300,92.4800,0.000141
FILLER_29_354,VGND,li1,169.0500,92.4800,0.000145
FILLER_29_351,VGND,li1,167.6700,92.4800,0.000149
FILLER_29_348,VGND,li1,166.2900,92.4800,0.000149
FILLER_29_345,VGND,li1,164.9100,92.4800,0.000153
FILLER_29_333,VGND,li1,159.3900,92.4800,0.000162
FILLER_29_325,VGND,li1,155.2500,92.4800,0.000170
FILLER_29_322,VGND,li1,154.3300,92.4800,0.000170
FILLER_29_319,VGND,li1,152.9500,92.4800,0.000173
FILLER_29_316,VGND,li1,151.5700,92.4800,0.000173
FILLER_29_313,VGND,li1,150.1900,92.4800,0.000175
FILLER_29_310,VGND,li1,148.8100,92.4800,0.000178
FILLER_29_307,VGND,li1,147.4300,92.4800,0.000178
FILLER_29_298,VGND,li1,142.8300,92.4800,0.000185
FILLER_29_287,VGND,li1,138.0000,92.4800,0.000190
FILLER_29_284,VGND,li1,136.8500,92.4800,0.000191
FILLER_29_281,VGND,li1,135.4700,92.4800,0.000192
FILLER_29_279,VGND,li1,134.0900,92.4800,0.000192
FILLER_29_264,VGND,li1,127.4200,92.4800,0.000198
FILLER_29_261,VGND,li1,126.2700,92.4800,0.000198
FILLER_29_256,VGND,li1,123.5100,92.4800,0.000199
FILLER_29_253,VGND,li1,122.5900,92.4800,0.000200
FILLER_29_250,VGND,li1,121.2100,92.4800,0.000201
FILLER_29_247,VGND,li1,119.8300,92.4800,0.000201
FILLER_29_244,VGND,li1,118.4500,92.4800,0.000203
FILLER_29_225,VGND,li1,109.4800,92.4800,0.000205
FILLER_29_214,VGND,li1,104.4200,92.4800,0.000206
FILLER_29_195,VGND,li1,95.9100,92.4800,0.000205
FILLER_29_192,VGND,li1,94.5300,92.4800,0.000204
FILLER_29_189,VGND,li1,93.1500,92.4800,0.000203
FILLER_29_186,VGND,li1,91.7700,92.4800,0.000203
FILLER_29_183,VGND,li1,90.3900,92.4800,0.000202
FILLER_29_180,VGND,li1,89.0100,92.4800,0.000201
FILLER_29_177,VGND,li1,87.6300,92.4800,0.000201
FILLER_29_157,VGND,li1,78.2000,92.4800,0.000193
FILLER_29_148,VGND,li1,73.8300,92.4800,0.000188
FILLER_29_145,VGND,li1,72.9100,92.4800,0.000188
FILLER_29_116,VGND,li1,59.5700,92.4800,0.000170
FILLER_29_113,VGND,li1,58.1900,92.4800,0.000166
FILLER_29_95,VGND,li1,49.4500,92.4800,0.000146
FILLER_29_92,VGND,li1,48.5300,92.4800,0.000146
FILLER_29_82,VGND,li1,43.7000,92.4800,0.000131
FILLER_29_63,VGND,li1,34.9600,92.4800,0.000096
FILLER_29_60,VGND,li1,33.8100,92.4800,0.000096
FILLER_29_57,VGND,li1,32.4300,92.4800,0.000086
FILLER_29_54,VGND,li1,30.8200,92.4800,0.000078
FILLER_29_51,VGND,li1,29.6700,92.4800,0.000078
FILLER_29_24,VGND,li1,17.0200,92.4800,0.000058
FILLER_29_21,VGND,li1,15.8700,92.4800,0.000060
FILLER_29_18,VGND,li1,14.4900,92.4800,0.000060
FILLER_29_9,VGND,li1,9.8900,92.4800,0.000061
FILLER_29_6,VGND,li1,8.9700,92.4800,0.000061
FILLER_29_3,VGND,li1,7.5900,92.4800,0.000061
FILLER_28_686,VGND,li1,321.5400,87.0400,0.000555
FILLER_28_683,VGND,li1,320.3900,87.0400,0.000555
FILLER_28_680,VGND,li1,319.0100,87.0400,0.000555
FILLER_28_677,VGND,li1,317.6300,87.0400,0.000555
FILLER_28_667,VGND,li1,312.8000,87.0400,0.000554
FILLER_28_658,VGND,li1,308.4300,87.0400,0.000554
FILLER_28_655,VGND,li1,307.5100,87.0400,0.000554
FILLER_28_645,VGND,li1,302.6800,87.0400,0.000554
FILLER_28_642,VGND,li1,301.3000,87.0400,0.000554
FILLER_28_639,VGND,li1,300.1500,87.0400,0.000553
FILLER_28_636,VGND,li1,298.7700,87.0400,0.000553
FILLER_28_633,VGND,li1,297.3900,87.0400,0.000553
FILLER_28_630,VGND,li1,296.0100,87.0400,0.000553
FILLER_28_627,VGND,li1,294.6300,87.0400,0.000552
FILLER_28_624,VGND,li1,293.2500,87.0400,0.000552
FILLER_28_621,VGND,li1,291.8700,87.0400,0.000552
FILLER_28_604,VGND,li1,284.0500,87.0400,0.000550
FILLER_28_601,VGND,li1,282.6700,87.0400,0.000550
FILLER_28_598,VGND,li1,281.2900,87.0400,0.000549
FILLER_28_595,VGND,li1,279.9100,87.0400,0.000549
FILLER_28_592,VGND,li1,278.5300,87.0400,0.000549
FILLER_28_589,VGND,li1,277.1500,87.0400,0.000548
FILLER_28_586,VGND,li1,275.5400,87.0400,0.000547
FILLER_28_551,VGND,li1,259.4400,87.0400,0.000528
FILLER_28_548,VGND,li1,258.2900,87.0400,0.000528
FILLER_28_545,VGND,li1,256.9100,87.0400,0.000525
FILLER_28_542,VGND,li1,255.5300,87.0400,0.000522
FILLER_28_539,VGND,li1,254.1500,87.0400,0.000522
FILLER_28_536,VGND,li1,252.7700,87.0400,0.000518
FILLER_28_533,VGND,li1,251.3900,87.0400,0.000518
FILLER_28_529,VGND,li1,249.5500,87.0400,0.000515
FILLER_28_519,VGND,li1,244.4900,87.0400,0.000503
FILLER_28_516,VGND,li1,243.5700,87.0400,0.000503
FILLER_28_497,VGND,li1,234.6000,87.0400,0.000481
FILLER_28_477,VGND,li1,225.4000,87.0400,0.000454
FILLER_28_466,VGND,li1,220.3400,87.0400,0.000442
FILLER_28_440,VGND,li1,208.1500,87.0400,0.000350
FILLER_28_437,VGND,li1,207.2300,87.0400,0.000350
FILLER_28_354,VGND,li1,168.8200,87.0400,0.000149
FILLER_28_351,VGND,li1,167.6700,87.0400,0.000156
FILLER_28_348,VGND,li1,166.2900,87.0400,0.000156
FILLER_28_312,VGND,li1,149.7300,87.0400,0.000195
FILLER_28_309,VGND,li1,148.3500,87.0400,0.000195
FILLER_28_307,VGND,li1,146.9700,87.0400,0.000199
FILLER_28_304,VGND,li1,146.0500,87.0400,0.000199
FILLER_28_286,VGND,li1,137.5400,87.0400,0.000208
FILLER_28_262,VGND,li1,126.7300,87.0400,0.000216
FILLER_28_259,VGND,li1,125.3500,87.0400,0.000217
FILLER_28_256,VGND,li1,123.9700,87.0400,0.000217
FILLER_28_253,VGND,li1,122.5900,87.0400,0.000218
FILLER_28_218,VGND,li1,106.0300,87.0400,0.000207
FILLER_28_209,VGND,li1,101.8900,87.0400,0.000201
FILLER_28_200,VGND,li1,97.7500,87.0400,0.000195
FILLER_28_197,VGND,li1,96.8300,87.0400,0.000192
FILLER_28_194,VGND,li1,95.2200,87.0400,0.000189
FILLER_28_191,VGND,li1,94.0700,87.0400,0.000189
FILLER_28_188,VGND,li1,92.6900,87.0400,0.000186
FILLER_28_177,VGND,li1,87.6300,87.0400,0.000178
FILLER_28_141,VGND,li1,70.8400,87.0400,0.000147
FILLER_28_138,VGND,li1,69.4600,87.0400,0.000143
FILLER_28_135,VGND,li1,68.3100,87.0400,0.000143
FILLER_28_115,VGND,li1,58.8800,87.0400,0.000119
FILLER_28_112,VGND,li1,57.7300,87.0400,0.000119
FILLER_28_102,VGND,li1,52.9000,87.0400,0.000107
FILLER_28_91,VGND,li1,48.0700,87.0400,0.000092
FILLER_28_88,VGND,li1,46.6900,87.0400,0.000092
FILLER_28_85,VGND,li1,45.3100,87.0400,0.000086
FILLER_28_66,VGND,li1,36.3400,87.0400,0.000063
FILLER_28_63,VGND,li1,35.1900,87.0400,0.000063
FILLER_28_60,VGND,li1,33.8100,87.0400,0.000058
FILLER_28_57,VGND,li1,32.4300,87.0400,0.000052
FILLER_28_54,VGND,li1,31.0500,87.0400,0.000052
FILLER_28_44,VGND,li1,26.2200,87.0400,0.000039
FILLER_28_35,VGND,li1,21.8500,87.0400,0.000034
FILLER_28_32,VGND,li1,20.9300,87.0400,0.000034
FILLER_28_29,VGND,li1,19.5500,87.0400,0.000034
FILLER_28_27,VGND,li1,18.1700,87.0400,0.000034
FILLER_28_24,VGND,li1,17.2500,87.0400,0.000034
FILLER_28_21,VGND,li1,15.8700,87.0400,0.000034
FILLER_28_18,VGND,li1,14.4900,87.0400,0.000034
FILLER_28_9,VGND,li1,9.8900,87.0400,0.000034
FILLER_28_6,VGND,li1,8.9700,87.0400,0.000034
FILLER_28_3,VGND,li1,7.5900,87.0400,0.000034
FILLER_27_687,VGND,li1,321.7700,87.0400,0.000555
FILLER_27_684,VGND,li1,320.8500,87.0400,0.000555
FILLER_27_681,VGND,li1,319.4700,87.0400,0.000555
FILLER_27_669,VGND,li1,313.9500,87.0400,0.000554
FILLER_27_633,VGND,li1,296.9300,87.0400,0.000553
FILLER_27_615,VGND,li1,288.6500,87.0400,0.000552
FILLER_27_596,VGND,li1,280.3700,87.0400,0.000549
FILLER_27_561,VGND,li1,264.0400,87.0400,0.000536
FILLER_27_549,VGND,li1,258.7500,87.0400,0.000528
FILLER_27_546,VGND,li1,257.3700,87.0400,0.000525
FILLER_27_543,VGND,li1,255.9900,87.0400,0.000525
FILLER_27_540,VGND,li1,254.6100,87.0400,0.000522
FILLER_27_520,VGND,li1,245.4100,87.0400,0.000506
FILLER_27_517,VGND,li1,244.0300,87.0400,0.000503
FILLER_27_505,VGND,li1,238.5100,87.0400,0.000488
FILLER_27_503,VGND,li1,237.1300,87.0400,0.000488
FILLER_27_500,VGND,li1,236.2100,87.0400,0.000481
FILLER_27_497,VGND,li1,234.8300,87.0400,0.000481
FILLER_27_476,VGND,li1,225.1700,87.0400,0.000454
FILLER_27_449,VGND,li1,212.2900,87.0400,0.000386
FILLER_27_433,VGND,li1,204.9300,87.0400,0.000332
FILLER_27_430,VGND,li1,204.0100,87.0400,0.000332
FILLER_27_427,VGND,li1,202.6300,87.0400,0.000311
FILLER_27_391,VGND,li1,185.6100,87.0400,0.000183
FILLER_27_351,VGND,li1,167.2100,87.0400,0.000156
FILLER_27_348,VGND,li1,166.2900,87.0400,0.000156
FILLER_27_345,VGND,li1,164.9100,87.0400,0.000161
FILLER_27_317,VGND,li1,152.0300,87.0400,0.000188
FILLER_27_281,VGND,li1,135.4700,87.0400,0.000211
FILLER_27_279,VGND,li1,134.0900,87.0400,0.000211
FILLER_27_265,VGND,li1,127.8800,87.0400,0.000216
FILLER_27_262,VGND,li1,126.7300,87.0400,0.000216
FILLER_27_243,VGND,li1,117.7600,87.0400,0.000217
FILLER_27_225,VGND,li1,109.2500,87.0400,0.000210
FILLER_27_172,VGND,li1,85.1000,87.0400,0.000174
FILLER_27_169,VGND,li1,83.9500,87.0400,0.000170
FILLER_27_158,VGND,li1,78.4300,87.0400,0.000162
FILLER_27_116,VGND,li1,59.1100,87.0400,0.000123
FILLER_27_113,VGND,li1,58.1900,87.0400,0.000119
FILLER_27_101,VGND,li1,52.6700,87.0400,0.000107
FILLER_27_98,VGND,li1,51.2900,87.0400,0.000102
FILLER_27_72,VGND,li1,39.1000,87.0400,0.000070
FILLER_27_69,VGND,li1,37.9500,87.0400,0.000070
FILLER_27_66,VGND,li1,36.5700,87.0400,0.000063
FILLER_27_63,VGND,li1,35.1900,87.0400,0.000063
FILLER_27_55,VGND,li1,31.0500,87.0400,0.000052
FILLER_27_27,VGND,li1,18.6300,87.0400,0.000034
FILLER_27_24,VGND,li1,17.2500,87.0400,0.000034
FILLER_27_21,VGND,li1,15.8700,87.0400,0.000034
FILLER_27_18,VGND,li1,14.4900,87.0400,0.000034
FILLER_27_15,VGND,li1,13.1100,87.0400,0.000034
FILLER_27_12,VGND,li1,11.7300,87.0400,0.000034
FILLER_27_9,VGND,li1,10.3500,87.0400,0.000034
FILLER_27_6,VGND,li1,8.9700,87.0400,0.000034
FILLER_27_3,VGND,li1,7.5900,87.0400,0.000034
FILLER_26_687,VGND,li1,321.7700,81.6000,0.000768
FILLER_26_684,VGND,li1,320.8500,81.6000,0.000768
FILLER_26_681,VGND,li1,319.4700,81.6000,0.000768
FILLER_26_678,VGND,li1,318.0900,81.6000,0.000768
FILLER_26_675,VGND,li1,316.7100,81.6000,0.000768
FILLER_26_672,VGND,li1,315.3300,81.6000,0.000768
FILLER_26_645,VGND,li1,302.6800,81.6000,0.000763
FILLER_26_633,VGND,li1,297.3900,81.6000,0.000756
FILLER_26_630,VGND,li1,296.0100,81.6000,0.000756
FILLER_26_595,VGND,li1,279.4500,81.6000,0.000716
FILLER_26_592,VGND,li1,278.5300,81.6000,0.000716
FILLER_26_589,VGND,li1,277.1500,81.6000,0.000709
FILLER_26_585,VGND,li1,275.3100,81.6000,0.000701
FILLER_26_582,VGND,li1,273.9300,81.6000,0.000701
FILLER_26_547,VGND,li1,257.3700,81.6000,0.000639
FILLER_26_544,VGND,li1,256.4500,81.6000,0.000639
FILLER_26_541,VGND,li1,255.0700,81.6000,0.000631
FILLER_26_529,VGND,li1,249.5500,81.6000,0.000609
FILLER_26_517,VGND,li1,244.0300,81.6000,0.000575
FILLER_26_499,VGND,li1,235.5200,81.6000,0.000535
FILLER_26_496,VGND,li1,234.3700,81.6000,0.000535
FILLER_26_486,VGND,li1,229.5400,81.6000,0.000509
FILLER_26_477,VGND,li1,225.1700,81.6000,0.000489
FILLER_26_475,VGND,li1,224.2500,81.6000,0.000480
FILLER_26_472,VGND,li1,223.3300,81.6000,0.000480
FILLER_26_429,VGND,li1,203.0900,81.6000,0.000364
FILLER_26_411,VGND,li1,194.8100,81.6000,0.000310
FILLER_26_385,VGND,li1,182.8500,81.6000,0.000217
FILLER_26_365,VGND,li1,173.8800,81.6000,0.000211
FILLER_26_362,VGND,li1,172.5000,81.6000,0.000225
FILLER_26_359,VGND,li1,171.3500,81.6000,0.000225
FILLER_26_356,VGND,li1,169.9700,81.6000,0.000238
FILLER_26_309,VGND,li1,148.3500,81.6000,0.000393
FILLER_26_306,VGND,li1,146.7400,81.6000,0.000393
FILLER_26_270,VGND,li1,129.9500,81.6000,0.000459
FILLER_26_267,VGND,li1,129.0300,81.6000,0.000465
FILLER_26_264,VGND,li1,127.6500,81.6000,0.000465
FILLER_26_253,VGND,li1,122.5900,81.6000,0.000483
FILLER_26_234,VGND,li1,113.6200,81.6000,0.000509
FILLER_26_231,VGND,li1,112.4700,81.6000,0.000509
FILLER_26_219,VGND,li1,106.9500,81.6000,0.000509
FILLER_26_216,VGND,li1,105.5700,81.6000,0.000509
FILLER_26_197,VGND,li1,96.6000,81.6000,0.000502
FILLER_26_185,VGND,li1,91.3100,81.6000,0.000492
FILLER_26_182,VGND,li1,89.9300,81.6000,0.000492
FILLER_26_137,VGND,li1,69.2300,81.6000,0.000419
FILLER_26_134,VGND,li1,67.8500,81.6000,0.000419
FILLER_26_131,VGND,li1,66.4700,81.6000,0.000410
FILLER_26_128,VGND,li1,65.0900,81.6000,0.000397
FILLER_26_125,VGND,li1,63.7100,81.6000,0.000397
FILLER_26_115,VGND,li1,58.8800,81.6000,0.000358
FILLER_26_97,VGND,li1,50.6000,81.6000,0.000304
FILLER_26_94,VGND,li1,49.4500,81.6000,0.000289
FILLER_26_66,VGND,li1,36.3400,81.6000,0.000179
FILLER_26_58,VGND,li1,32.8900,81.6000,0.000164
FILLER_26_55,VGND,li1,31.5100,81.6000,0.000145
FILLER_26_29,VGND,li1,19.0900,81.6000,0.000102
FILLER_26_25,VGND,li1,17.7100,81.6000,0.000104
FILLER_26_22,VGND,li1,16.3300,81.6000,0.000104
FILLER_26_12,VGND,li1,11.5000,81.6000,0.000106
FILLER_26_9,VGND,li1,10.3500,81.6000,0.000106
FILLER_26_6,VGND,li1,8.9700,81.6000,0.000106
FILLER_26_3,VGND,li1,7.5900,81.6000,0.000106
FILLER_25_685,VGND,li1,321.3100,81.6000,0.000768
FILLER_25_682,VGND,li1,319.9300,81.6000,0.000768
FILLER_25_679,VGND,li1,318.5500,81.6000,0.000768
FILLER_25_676,VGND,li1,317.1700,81.6000,0.000768
FILLER_25_673,VGND,li1,315.7900,81.6000,0.000768
FILLER_25_669,VGND,li1,313.9500,81.6000,0.000768
FILLER_25_587,VGND,li1,276.2300,81.6000,0.000709
FILLER_25_558,VGND,li1,262.6600,81.6000,0.000664
FILLER_25_549,VGND,li1,258.2900,81.6000,0.000647
FILLER_25_546,VGND,li1,257.3700,81.6000,0.000639
FILLER_25_543,VGND,li1,255.9900,81.6000,0.000631
FILLER_25_540,VGND,li1,254.6100,81.6000,0.000631
FILLER_25_520,VGND,li1,245.4100,81.6000,0.000589
FILLER_25_517,VGND,li1,244.0300,81.6000,0.000575
FILLER_25_514,VGND,li1,242.6500,81.6000,0.000575
FILLER_25_505,VGND,li1,238.0500,81.6000,0.000546
FILLER_25_501,VGND,li1,236.6700,81.6000,0.000546
FILLER_25_498,VGND,li1,235.2900,81.6000,0.000535
FILLER_25_488,VGND,li1,230.4600,81.6000,0.000509
FILLER_25_485,VGND,li1,229.3100,81.6000,0.000509
FILLER_25_474,VGND,li1,224.2500,81.6000,0.000480
FILLER_25_433,VGND,li1,205.1600,81.6000,0.000377
FILLER_25_430,VGND,li1,204.0100,81.6000,0.000364
FILLER_25_427,VGND,li1,202.6300,81.6000,0.000351
FILLER_25_424,VGND,li1,201.2500,81.6000,0.000351
FILLER_25_421,VGND,li1,199.8700,81.6000,0.000338
FILLER_25_418,VGND,li1,198.4900,81.6000,0.000325
FILLER_25_415,VGND,li1,197.1100,81.6000,0.000325
FILLER_25_367,VGND,li1,174.5700,81.6000,0.000211
FILLER_25_364,VGND,li1,173.6500,81.6000,0.000211
FILLER_25_361,VGND,li1,172.2700,81.6000,0.000225
FILLER_25_358,VGND,li1,170.8900,81.6000,0.000238
FILLER_25_355,VGND,li1,169.5100,81.6000,0.000238
FILLER_25_352,VGND,li1,168.1300,81.6000,0.000258
FILLER_25_349,VGND,li1,166.7500,81.6000,0.000258
FILLER_25_346,VGND,li1,165.3700,81.6000,0.000274
FILLER_25_319,VGND,li1,152.7200,81.6000,0.000354
FILLER_25_281,VGND,li1,135.4700,81.6000,0.000445
FILLER_25_263,VGND,li1,126.7300,81.6000,0.000473
FILLER_25_244,VGND,li1,117.9900,81.6000,0.000493
FILLER_25_241,VGND,li1,117.0700,81.6000,0.000499
FILLER_25_225,VGND,li1,109.2500,81.6000,0.000510
FILLER_25_223,VGND,li1,108.3300,81.6000,0.000509
FILLER_25_220,VGND,li1,107.4100,81.6000,0.000509
FILLER_25_148,VGND,li1,74.2900,81.6000,0.000446
FILLER_25_139,VGND,li1,69.9200,81.6000,0.000428
FILLER_25_136,VGND,li1,68.7700,81.6000,0.000419
FILLER_25_116,VGND,li1,59.1100,81.6000,0.000358
FILLER_25_113,VGND,li1,58.1900,81.6000,0.000358
FILLER_25_111,VGND,li1,56.8100,81.6000,0.000341
FILLER_25_108,VGND,li1,55.8900,81.6000,0.000341
FILLER_25_105,VGND,li1,54.5100,81.6000,0.000320
FILLER_25_102,VGND,li1,53.1300,81.6000,0.000320
FILLER_25_67,VGND,li1,36.5700,81.6000,0.000195
FILLER_25_53,VGND,li1,30.5900,81.6000,0.000145
FILLER_25_24,VGND,li1,17.2500,81.6000,0.000104
FILLER_25_6,VGND,li1,8.5100,81.6000,0.000106
FILLER_25_3,VGND,li1,7.5900,81.6000,0.000106
FILLER_24_685,VGND,li1,321.3100,76.1600,0.000432
FILLER_24_682,VGND,li1,319.9300,76.1600,0.000432
FILLER_24_679,VGND,li1,318.5500,76.1600,0.000432
FILLER_24_676,VGND,li1,317.1700,76.1600,0.000432
FILLER_24_673,VGND,li1,315.7900,76.1600,0.000432
FILLER_24_670,VGND,li1,314.4100,76.1600,0.000432
FILLER_24_643,VGND,li1,301.5300,76.1600,0.000426
FILLER_24_632,VGND,li1,296.9300,76.1600,0.000420
FILLER_24_622,VGND,li1,292.1000,76.1600,0.000414
FILLER_24_595,VGND,li1,279.4500,76.1600,0.000392
FILLER_24_592,VGND,li1,278.5300,76.1600,0.000392
FILLER_24_589,VGND,li1,277.1500,76.1600,0.000388
FILLER_24_586,VGND,li1,275.5400,76.1600,0.000384
FILLER_24_583,VGND,li1,274.3900,76.1600,0.000384
FILLER_24_575,VGND,li1,270.4800,76.1600,0.000376
FILLER_24_556,VGND,li1,261.5100,76.1600,0.000353
FILLER_24_553,VGND,li1,260.5900,76.1600,0.000353
FILLER_24_550,VGND,li1,259.2100,76.1600,0.000347
FILLER_24_547,VGND,li1,257.8300,76.1600,0.000347
FILLER_24_544,VGND,li1,256.4500,76.1600,0.000341
FILLER_24_541,VGND,li1,255.0700,76.1600,0.000341
FILLER_24_523,VGND,li1,246.7900,76.1600,0.000318
FILLER_24_520,VGND,li1,245.4100,76.1600,0.000318
FILLER_24_517,VGND,li1,244.0300,76.1600,0.000312
FILLER_24_514,VGND,li1,242.6500,76.1600,0.000312
FILLER_24_487,VGND,li1,230.2300,76.1600,0.000277
FILLER_24_477,VGND,li1,225.4000,76.1600,0.000265
FILLER_24_475,VGND,li1,224.2500,76.1600,0.000259
FILLER_24_458,VGND,li1,216.4300,76.1600,0.000238
FILLER_24_441,VGND,li1,208.6100,76.1600,0.000213
FILLER_24_438,VGND,li1,207.6900,76.1600,0.000206
FILLER_24_435,VGND,li1,206.3100,76.1600,0.000206
FILLER_24_432,VGND,li1,204.9300,76.1600,0.000197
FILLER_24_429,VGND,li1,203.5500,76.1600,0.000197
FILLER_24_417,VGND,li1,198.0300,76.1600,0.000176
FILLER_24_406,VGND,li1,192.9700,76.1600,0.000155
FILLER_24_379,VGND,li1,180.0900,76.1600,0.000095
FILLER_24_368,VGND,li1,175.4900,76.1600,0.000094
FILLER_24_365,VGND,li1,174.1100,76.1600,0.000103
FILLER_24_362,VGND,li1,172.5000,76.1600,0.000109
FILLER_24_359,VGND,li1,171.3500,76.1600,0.000109
FILLER_24_356,VGND,li1,169.9700,76.1600,0.000118
FILLER_24_353,VGND,li1,168.5900,76.1600,0.000118
FILLER_24_350,VGND,li1,167.2100,76.1600,0.000128
FILLER_24_347,VGND,li1,165.8300,76.1600,0.000128
FILLER_24_336,VGND,li1,160.5400,76.1600,0.000146
FILLER_24_326,VGND,li1,155.9400,76.1600,0.000163
FILLER_24_289,VGND,li1,138.9200,76.1600,0.000206
FILLER_24_270,VGND,li1,130.1800,76.1600,0.000220
FILLER_24_218,VGND,li1,106.0300,76.1600,0.000231
FILLER_24_215,VGND,li1,105.1100,76.1600,0.000231
FILLER_24_177,VGND,li1,87.4000,76.1600,0.000225
FILLER_24_174,VGND,li1,86.2500,76.1600,0.000225
FILLER_24_147,VGND,li1,73.3700,76.1600,0.000214
FILLER_24_114,VGND,li1,58.1900,76.1600,0.000194
FILLER_24_111,VGND,li1,57.2700,76.1600,0.000190
FILLER_24_108,VGND,li1,55.8900,76.1600,0.000186
FILLER_24_105,VGND,li1,54.5100,76.1600,0.000186
FILLER_24_102,VGND,li1,53.1300,76.1600,0.000181
FILLER_24_64,VGND,li1,35.4200,76.1600,0.000129
FILLER_24_18,VGND,li1,14.2600,76.1600,0.000080
FILLER_24_9,VGND,li1,9.8900,76.1600,0.000081
FILLER_24_6,VGND,li1,8.9700,76.1600,0.000081
FILLER_24_3,VGND,li1,7.5900,76.1600,0.000081
FILLER_23_685,VGND,li1,321.3100,76.1600,0.000432
FILLER_23_682,VGND,li1,319.9300,76.1600,0.000432
FILLER_23_679,VGND,li1,318.5500,76.1600,0.000432
FILLER_23_676,VGND,li1,317.1700,76.1600,0.000432
FILLER_23_673,VGND,li1,315.7900,76.1600,0.000432
FILLER_23_644,VGND,li1,302.4500,76.1600,0.000426
FILLER_23_633,VGND,li1,297.3900,76.1600,0.000420
FILLER_23_630,VGND,li1,296.0100,76.1600,0.000417
FILLER_23_620,VGND,li1,291.1800,76.1600,0.000411
FILLER_23_617,VGND,li1,290.0300,76.1600,0.000411
FILLER_23_615,VGND,li1,288.6500,76.1600,0.000408
FILLER_23_596,VGND,li1,280.1400,76.1600,0.000392
FILLER_23_593,VGND,li1,278.9900,76.1600,0.000392
FILLER_23_590,VGND,li1,277.6100,76.1600,0.000388
FILLER_23_587,VGND,li1,276.2300,76.1600,0.000388
FILLER_23_578,VGND,li1,271.6300,76.1600,0.000376
FILLER_23_575,VGND,li1,270.7100,76.1600,0.000376
FILLER_23_572,VGND,li1,269.3300,76.1600,0.000371
FILLER_23_569,VGND,li1,267.9500,76.1600,0.000371
FILLER_23_558,VGND,li1,262.6600,76.1600,0.000359
FILLER_23_555,VGND,li1,261.5100,76.1600,0.000353
FILLER_23_552,VGND,li1,260.1300,76.1600,0.000353
FILLER_23_542,VGND,li1,255.3000,76.1600,0.000341
FILLER_23_539,VGND,li1,254.1500,76.1600,0.000335
FILLER_23_536,VGND,li1,252.7700,76.1600,0.000335
FILLER_23_502,VGND,li1,236.9000,76.1600,0.000293
FILLER_23_499,VGND,li1,235.7500,76.1600,0.000293
FILLER_23_481,VGND,li1,227.2400,76.1600,0.000270
FILLER_23_478,VGND,li1,226.0900,76.1600,0.000265
FILLER_23_475,VGND,li1,224.7100,76.1600,0.000259
FILLER_23_472,VGND,li1,223.3300,76.1600,0.000259
FILLER_23_465,VGND,li1,219.6500,76.1600,0.000245
FILLER_23_462,VGND,li1,218.7300,76.1600,0.000245
FILLER_23_452,VGND,li1,213.9000,76.1600,0.000227
FILLER_23_449,VGND,li1,212.7500,76.1600,0.000227
FILLER_23_440,VGND,li1,208.3800,76.1600,0.000213
FILLER_23_359,VGND,li1,171.3500,76.1600,0.000109
FILLER_23_356,VGND,li1,169.9700,76.1600,0.000118
FILLER_23_353,VGND,li1,168.5900,76.1600,0.000118
FILLER_23_350,VGND,li1,167.2100,76.1600,0.000128
FILLER_23_347,VGND,li1,165.8300,76.1600,0.000128
FILLER_23_337,VGND,li1,160.7700,76.1600,0.000146
FILLER_23_333,VGND,li1,159.3900,76.1600,0.000154
FILLER_23_330,VGND,li1,158.0100,76.1600,0.000154
FILLER_23_321,VGND,li1,153.4100,76.1600,0.000169
FILLER_23_318,VGND,li1,152.4900,76.1600,0.000175
FILLER_23_290,VGND,li1,139.3800,76.1600,0.000206
FILLER_23_270,VGND,li1,129.9500,76.1600,0.000220
FILLER_23_267,VGND,li1,129.0300,76.1600,0.000223
FILLER_23_264,VGND,li1,127.6500,76.1600,0.000223
FILLER_23_228,VGND,li1,110.8600,76.1600,0.000231
FILLER_23_225,VGND,li1,109.7100,76.1600,0.000231
FILLER_23_223,VGND,li1,108.3300,76.1600,0.000231
FILLER_23_220,VGND,li1,107.4100,76.1600,0.000231
FILLER_23_193,VGND,li1,94.5300,76.1600,0.000229
FILLER_23_183,VGND,li1,90.1600,76.1600,0.000227
FILLER_23_180,VGND,li1,89.0100,76.1600,0.000227
FILLER_23_177,VGND,li1,87.6300,76.1600,0.000225
FILLER_23_167,VGND,li1,82.5700,76.1600,0.000221
FILLER_23_164,VGND,li1,81.6500,76.1600,0.000221
FILLER_23_153,VGND,li1,76.5900,76.1600,0.000216
FILLER_23_150,VGND,li1,75.2100,76.1600,0.000216
FILLER_23_147,VGND,li1,73.8300,76.1600,0.000214
FILLER_23_144,VGND,li1,72.4500,76.1600,0.000214
FILLER_23_141,VGND,li1,71.0700,76.1600,0.000212
FILLER_23_113,VGND,li1,58.1900,76.1600,0.000194
FILLER_23_109,VGND,li1,56.3500,76.1600,0.000190
FILLER_23_106,VGND,li1,54.9700,76.1600,0.000186
FILLER_23_103,VGND,li1,53.5900,76.1600,0.000181
FILLER_23_100,VGND,li1,52.2100,76.1600,0.000181
FILLER_23_65,VGND,li1,35.6500,76.1600,0.000129
FILLER_23_57,VGND,li1,32.2000,76.1600,0.000122
FILLER_23_55,VGND,li1,31.0500,76.1600,0.000108
FILLER_23_52,VGND,li1,30.1300,76.1600,0.000108
FILLER_23_18,VGND,li1,14.0300,76.1600,0.000080
FILLER_23_3,VGND,li1,7.1300,76.1600,0.000081
FILLER_22_685,VGND,li1,321.3100,70.7200,0.001265
FILLER_22_682,VGND,li1,319.9300,70.7200,0.001265
FILLER_22_679,VGND,li1,318.5500,70.7200,0.001265
FILLER_22_676,VGND,li1,317.1700,70.7200,0.001265
FILLER_22_673,VGND,li1,315.7900,70.7200,0.001265
FILLER_22_670,VGND,li1,314.4100,70.7200,0.001265
FILLER_22_667,VGND,li1,313.0300,70.7200,0.001265
FILLER_22_645,VGND,li1,302.6800,70.7200,0.001231
FILLER_22_642,VGND,li1,301.3000,70.7200,0.001231
FILLER_22_639,VGND,li1,300.1500,70.7200,0.001221
FILLER_22_636,VGND,li1,298.7700,70.7200,0.001221
FILLER_22_633,VGND,li1,297.3900,70.7200,0.001210
FILLER_22_630,VGND,li1,296.0100,70.7200,0.001210
FILLER_22_621,VGND,li1,291.4100,70.7200,0.001191
FILLER_22_595,VGND,li1,279.4500,70.7200,0.001123
FILLER_22_570,VGND,li1,268.4100,70.7200,0.001025
FILLER_22_567,VGND,li1,267.0300,70.7200,0.001025
FILLER_22_564,VGND,li1,265.6500,70.7200,0.001002
FILLER_22_561,VGND,li1,264.2700,70.7200,0.001002
FILLER_22_558,VGND,li1,262.8900,70.7200,0.000987
FILLER_22_555,VGND,li1,261.5100,70.7200,0.000968
FILLER_22_552,VGND,li1,260.1300,70.7200,0.000968
FILLER_22_533,VGND,li1,251.1600,70.7200,0.000887
FILLER_22_522,VGND,li1,245.8700,70.7200,0.000841
FILLER_22_519,VGND,li1,244.9500,70.7200,0.000841
FILLER_22_475,VGND,li1,224.2500,70.7200,0.000645
FILLER_22_449,VGND,li1,212.5200,70.7200,0.000522
FILLER_22_446,VGND,li1,211.3700,70.7200,0.000501
FILLER_22_401,VGND,li1,190.4400,70.7200,0.000292
FILLER_22_398,VGND,li1,189.2900,70.7200,0.000265
FILLER_22_368,VGND,li1,175.4900,70.7200,0.000156
FILLER_22_365,VGND,li1,174.1100,70.7200,0.000156
FILLER_22_361,VGND,li1,172.2700,70.7200,0.000160
FILLER_22_358,VGND,li1,170.8900,70.7200,0.000165
FILLER_22_355,VGND,li1,169.5100,70.7200,0.000165
FILLER_22_328,VGND,li1,156.8600,70.7200,0.000181
FILLER_22_319,VGND,li1,152.4900,70.7200,0.000185
FILLER_22_309,VGND,li1,148.1200,70.7200,0.000187
FILLER_22_307,VGND,li1,146.9700,70.7200,0.000187
FILLER_22_289,VGND,li1,138.9200,70.7200,0.000191
FILLER_22_262,VGND,li1,126.5000,70.7200,0.000192
FILLER_22_253,VGND,li1,122.1300,70.7200,0.000191
FILLER_22_226,VGND,li1,109.7100,70.7200,0.000183
FILLER_22_223,VGND,li1,108.7900,70.7200,0.000183
FILLER_22_197,VGND,li1,96.6000,70.7200,0.000169
FILLER_22_194,VGND,li1,95.2200,70.7200,0.000166
FILLER_22_183,VGND,li1,90.3900,70.7200,0.000161
FILLER_22_180,VGND,li1,89.0100,70.7200,0.000159
FILLER_22_177,VGND,li1,87.6300,70.7200,0.000159
FILLER_22_174,VGND,li1,86.2500,70.7200,0.000156
FILLER_22_171,VGND,li1,84.8700,70.7200,0.000156
FILLER_22_168,VGND,li1,83.4900,70.7200,0.000152
FILLER_22_165,VGND,li1,82.1100,70.7200,0.000152
FILLER_22_162,VGND,li1,80.7300,70.7200,0.000150
FILLER_22_159,VGND,li1,79.3500,70.7200,0.000147
FILLER_22_156,VGND,li1,77.9700,70.7200,0.000147
FILLER_22_153,VGND,li1,76.5900,70.7200,0.000145
FILLER_22_150,VGND,li1,75.2100,70.7200,0.000142
FILLER_22_147,VGND,li1,73.8300,70.7200,0.000142
FILLER_22_144,VGND,li1,72.4500,70.7200,0.000140
FILLER_22_141,VGND,li1,71.0700,70.7200,0.000137
FILLER_22_139,VGND,li1,69.6900,70.7200,0.000137
FILLER_22_103,VGND,li1,53.1300,70.7200,0.000114
FILLER_22_100,VGND,li1,52.2100,70.7200,0.000110
FILLER_22_97,VGND,li1,50.8300,70.7200,0.000110
FILLER_22_94,VGND,li1,49.4500,70.7200,0.000105
FILLER_22_91,VGND,li1,48.0700,70.7200,0.000105
FILLER_22_88,VGND,li1,46.6900,70.7200,0.000101
FILLER_22_85,VGND,li1,45.3100,70.7200,0.000097
FILLER_22_68,VGND,li1,37.0300,70.7200,0.000079
FILLER_22_65,VGND,li1,36.1100,70.7200,0.000079
FILLER_22_56,VGND,li1,31.9700,70.7200,0.000068
FILLER_22_29,VGND,li1,19.3200,70.7200,0.000050
FILLER_22_3,VGND,li1,7.1300,70.7200,0.000055
FILLER_21_685,VGND,li1,321.3100,70.7200,0.001265
FILLER_21_682,VGND,li1,319.9300,70.7200,0.001265
FILLER_21_679,VGND,li1,318.5500,70.7200,0.001265
FILLER_21_676,VGND,li1,317.1700,70.7200,0.001265
FILLER_21_673,VGND,li1,315.7900,70.7200,0.001265
FILLER_21_670,VGND,li1,314.1800,70.7200,0.001265
FILLER_21_667,VGND,li1,313.0300,70.7200,0.001265
FILLER_21_654,VGND,li1,306.8200,70.7200,0.001253
FILLER_21_651,VGND,li1,305.6700,70.7200,0.001243
FILLER_21_648,VGND,li1,304.2900,70.7200,0.001243
FILLER_21_645,VGND,li1,302.9100,70.7200,0.001231
FILLER_21_642,VGND,li1,301.5300,70.7200,0.001231
FILLER_21_639,VGND,li1,300.1500,70.7200,0.001221
FILLER_21_636,VGND,li1,298.7700,70.7200,0.001221
FILLER_21_633,VGND,li1,297.3900,70.7200,0.001210
FILLER_21_630,VGND,li1,296.0100,70.7200,0.001210
FILLER_21_627,VGND,li1,294.6300,70.7200,0.001199
FILLER_21_620,VGND,li1,290.9500,70.7200,0.001182
FILLER_21_617,VGND,li1,290.0300,70.7200,0.001182
FILLER_21_609,VGND,li1,285.8900,70.7200,0.001163
FILLER_21_606,VGND,li1,284.9700,70.7200,0.001163
FILLER_21_573,VGND,li1,269.5600,70.7200,0.001046
FILLER_21_570,VGND,li1,268.4100,70.7200,0.001025
FILLER_21_561,VGND,li1,263.8100,70.7200,0.000987
FILLER_21_557,VGND,li1,262.4300,70.7200,0.000987
FILLER_21_554,VGND,li1,261.0500,70.7200,0.000968
FILLER_21_526,VGND,li1,247.7100,70.7200,0.000864
FILLER_21_502,VGND,li1,236.9000,70.7200,0.000765
FILLER_21_460,VGND,li1,217.5800,70.7200,0.000569
FILLER_21_457,VGND,li1,216.4300,70.7200,0.000569
FILLER_21_439,VGND,li1,207.6900,70.7200,0.000480
FILLER_21_436,VGND,li1,206.7700,70.7200,0.000456
FILLER_21_433,VGND,li1,205.3900,70.7200,0.000456
FILLER_21_389,VGND,li1,185.1500,70.7200,0.000230
FILLER_21_337,VGND,li1,160.7700,70.7200,0.000179
FILLER_21_326,VGND,li1,155.9400,70.7200,0.000183
FILLER_21_297,VGND,li1,142.8300,70.7200,0.000189
FILLER_21_294,VGND,li1,141.4500,70.7200,0.000190
FILLER_21_291,VGND,li1,140.0700,70.7200,0.000190
FILLER_21_281,VGND,li1,135.2400,70.7200,0.000192
FILLER_21_279,VGND,li1,134.0900,70.7200,0.000193
FILLER_21_276,VGND,li1,133.1700,70.7200,0.000193
FILLER_21_273,VGND,li1,131.7900,70.7200,0.000193
FILLER_21_270,VGND,li1,130.4100,70.7200,0.000193
FILLER_21_262,VGND,li1,126.7300,70.7200,0.000192
FILLER_21_259,VGND,li1,125.3500,70.7200,0.000191
FILLER_21_256,VGND,li1,123.9700,70.7200,0.000191
FILLER_21_253,VGND,li1,122.5900,70.7200,0.000191
FILLER_21_250,VGND,li1,121.2100,70.7200,0.000191
FILLER_21_240,VGND,li1,116.3800,70.7200,0.000190
FILLER_21_237,VGND,li1,115.2300,70.7200,0.000188
FILLER_21_234,VGND,li1,113.8500,70.7200,0.000188
FILLER_21_225,VGND,li1,109.7100,70.7200,0.000183
FILLER_21_199,VGND,li1,97.5200,70.7200,0.000169
FILLER_21_196,VGND,li1,96.3700,70.7200,0.000169
FILLER_21_187,VGND,li1,91.7700,70.7200,0.000164
FILLER_21_184,VGND,li1,90.8500,70.7200,0.000161
FILLER_21_181,VGND,li1,89.4700,70.7200,0.000161
FILLER_21_178,VGND,li1,88.0900,70.7200,0.000159
FILLER_21_169,VGND,li1,83.4900,70.7200,0.000152
FILLER_21_167,VGND,li1,82.5700,70.7200,0.000152
FILLER_21_164,VGND,li1,81.6500,70.7200,0.000150
FILLER_21_161,VGND,li1,80.2700,70.7200,0.000150
FILLER_21_158,VGND,li1,78.8900,70.7200,0.000147
FILLER_21_155,VGND,li1,77.5100,70.7200,0.000145
FILLER_21_152,VGND,li1,76.1300,70.7200,0.000145
FILLER_21_149,VGND,li1,74.7500,70.7200,0.000142
FILLER_21_146,VGND,li1,73.3700,70.7200,0.000140
FILLER_21_143,VGND,li1,71.9900,70.7200,0.000140
FILLER_21_140,VGND,li1,70.6100,70.7200,0.000137
FILLER_21_113,VGND,li1,57.7300,70.7200,0.000122
FILLER_21_109,VGND,li1,56.3500,70.7200,0.000118
FILLER_21_106,VGND,li1,54.9700,70.7200,0.000118
FILLER_21_103,VGND,li1,53.5900,70.7200,0.000114
FILLER_21_100,VGND,li1,52.2100,70.7200,0.000110
FILLER_21_97,VGND,li1,50.8300,70.7200,0.000110
FILLER_21_94,VGND,li1,49.4500,70.7200,0.000105
FILLER_21_91,VGND,li1,48.0700,70.7200,0.000105
FILLER_21_83,VGND,li1,44.1600,70.7200,0.000097
FILLER_21_75,VGND,li1,40.4800,70.7200,0.000089
FILLER_21_72,VGND,li1,39.3300,70.7200,0.000083
FILLER_21_69,VGND,li1,37.9500,70.7200,0.000083
FILLER_21_66,VGND,li1,36.5700,70.7200,0.000079
FILLER_21_63,VGND,li1,35.1900,70.7200,0.000074
FILLER_21_54,VGND,li1,30.8200,70.7200,0.000062
FILLER_21_51,VGND,li1,29.6700,70.7200,0.000062
FILLER_21_31,VGND,li1,20.4700,70.7200,0.000049
FILLER_21_28,VGND,li1,19.0900,70.7200,0.000050
FILLER_20_686,VGND,li1,321.5400,65.2800,0.000934
FILLER_20_683,VGND,li1,320.3900,65.2800,0.000934
FILLER_20_648,VGND,li1,303.8300,65.2800,0.000928
FILLER_20_645,VGND,li1,302.9100,65.2800,0.000926
FILLER_20_643,VGND,li1,301.5300,65.2800,0.000926
FILLER_20_616,VGND,li1,289.3400,65.2800,0.000911
FILLER_20_613,VGND,li1,288.1900,65.2800,0.000911
FILLER_20_569,VGND,li1,267.7200,65.2800,0.000866
FILLER_20_566,VGND,li1,266.5700,65.2800,0.000860
FILLER_20_553,VGND,li1,260.3600,65.2800,0.000843
FILLER_20_550,VGND,li1,259.2100,65.2800,0.000835
FILLER_20_514,VGND,li1,242.1900,65.2800,0.000741
FILLER_20_511,VGND,li1,241.2700,65.2800,0.000723
FILLER_20_456,VGND,li1,215.9700,65.2800,0.000539
FILLER_20_437,VGND,li1,207.0000,65.2800,0.000453
FILLER_20_410,VGND,li1,194.5800,65.2800,0.000336
FILLER_20_390,VGND,li1,185.3800,65.2800,0.000241
FILLER_20_361,VGND,li1,172.2700,65.2800,0.000186
FILLER_20_358,VGND,li1,170.8900,65.2800,0.000200
FILLER_20_347,VGND,li1,165.8300,65.2800,0.000226
FILLER_20_336,VGND,li1,160.7700,65.2800,0.000247
FILLER_20_333,VGND,li1,159.3900,65.2800,0.000258
FILLER_20_330,VGND,li1,158.0100,65.2800,0.000258
FILLER_20_317,VGND,li1,152.0300,65.2800,0.000286
FILLER_20_305,VGND,li1,146.5100,65.2800,0.000316
FILLER_20_302,VGND,li1,145.1300,65.2800,0.000316
FILLER_20_271,VGND,li1,130.6400,65.2800,0.000372
FILLER_20_268,VGND,li1,129.4900,65.2800,0.000380
FILLER_20_265,VGND,li1,128.1100,65.2800,0.000380
FILLER_20_262,VGND,li1,126.7300,65.2800,0.000390
FILLER_20_259,VGND,li1,125.3500,65.2800,0.000390
FILLER_20_256,VGND,li1,123.9700,65.2800,0.000397
FILLER_20_253,VGND,li1,122.5900,65.2800,0.000405
FILLER_20_250,VGND,li1,120.9800,65.2800,0.000405
FILLER_20_240,VGND,li1,116.3800,65.2800,0.000421
FILLER_20_237,VGND,li1,115.2300,65.2800,0.000430
FILLER_20_234,VGND,li1,113.8500,65.2800,0.000430
FILLER_20_231,VGND,li1,112.4700,65.2800,0.000438
FILLER_20_210,VGND,li1,102.5800,65.2800,0.000452
FILLER_20_207,VGND,li1,101.4300,65.2800,0.000452
FILLER_20_197,VGND,li1,96.6000,65.2800,0.000449
FILLER_20_186,VGND,li1,91.5400,65.2800,0.000444
FILLER_20_183,VGND,li1,90.3900,65.2800,0.000444
FILLER_20_180,VGND,li1,89.0100,65.2800,0.000442
FILLER_20_177,VGND,li1,87.6300,65.2800,0.000442
FILLER_20_141,VGND,li1,71.0700,65.2800,0.000396
FILLER_20_137,VGND,li1,69.2300,65.2800,0.000383
FILLER_20_88,VGND,li1,46.2300,65.2800,0.000236
FILLER_20_85,VGND,li1,45.3100,65.2800,0.000220
FILLER_20_83,VGND,li1,43.9300,65.2800,0.000220
FILLER_20_58,VGND,li1,32.4300,65.2800,0.000128
FILLER_20_55,VGND,li1,31.5100,65.2800,0.000128
FILLER_20_27,VGND,li1,18.1700,65.2800,0.000088
FILLER_20_24,VGND,li1,17.2500,65.2800,0.000090
FILLER_20_6,VGND,li1,8.5100,65.2800,0.000093
FILLER_20_3,VGND,li1,7.5900,65.2800,0.000093
FILLER_19_679,VGND,li1,318.0900,65.2800,0.000934
FILLER_19_676,VGND,li1,317.1700,65.2800,0.000934
FILLER_19_673,VGND,li1,315.7900,65.2800,0.000934
FILLER_19_671,VGND,li1,314.4100,65.2800,0.000934
FILLER_19_642,VGND,li1,301.5300,65.2800,0.000926
FILLER_19_613,VGND,li1,288.1900,65.2800,0.000911
FILLER_19_588,VGND,li1,276.2300,65.2800,0.000885
FILLER_19_585,VGND,li1,275.3100,65.2800,0.000885
FILLER_19_575,VGND,li1,270.2500,65.2800,0.000873
FILLER_19_572,VGND,li1,269.3300,65.2800,0.000866
FILLER_19_569,VGND,li1,267.9500,65.2800,0.000866
FILLER_19_558,VGND,li1,262.6600,65.2800,0.000852
FILLER_19_555,VGND,li1,261.5100,65.2800,0.000843
FILLER_19_542,VGND,li1,255.3000,65.2800,0.000814
FILLER_19_539,VGND,li1,254.1500,65.2800,0.000814
FILLER_19_521,VGND,li1,245.4100,65.2800,0.000762
FILLER_19_436,VGND,li1,206.7700,65.2800,0.000453
FILLER_19_433,VGND,li1,205.3900,65.2800,0.000434
FILLER_19_413,VGND,li1,195.9600,65.2800,0.000336
FILLER_19_393,VGND,li1,186.9900,65.2800,0.000260
FILLER_19_389,VGND,li1,185.1500,65.2800,0.000241
FILLER_19_376,VGND,li1,179.1700,65.2800,0.000179
FILLER_19_373,VGND,li1,177.7900,65.2800,0.000160
FILLER_19_364,VGND,li1,173.1900,65.2800,0.000186
FILLER_19_361,VGND,li1,172.2700,65.2800,0.000186
FILLER_19_358,VGND,li1,170.8900,65.2800,0.000200
FILLER_19_355,VGND,li1,169.5100,65.2800,0.000200
FILLER_19_352,VGND,li1,168.1300,65.2800,0.000214
FILLER_19_349,VGND,li1,166.7500,65.2800,0.000214
FILLER_19_346,VGND,li1,165.3700,65.2800,0.000226
FILLER_19_343,VGND,li1,163.9900,65.2800,0.000235
FILLER_19_340,VGND,li1,162.6100,65.2800,0.000235
FILLER_19_337,VGND,li1,161.2300,65.2800,0.000247
FILLER_19_309,VGND,li1,148.1200,65.2800,0.000308
FILLER_19_306,VGND,li1,146.9700,65.2800,0.000308
FILLER_19_303,VGND,li1,145.5900,65.2800,0.000316
FILLER_19_284,VGND,li1,136.6200,65.2800,0.000350
FILLER_19_281,VGND,li1,135.4700,65.2800,0.000357
FILLER_19_271,VGND,li1,130.4100,65.2800,0.000372
FILLER_19_268,VGND,li1,129.4900,65.2800,0.000380
FILLER_19_265,VGND,li1,128.1100,65.2800,0.000380
FILLER_19_228,VGND,li1,110.8600,65.2800,0.000438
FILLER_19_225,VGND,li1,109.7100,65.2800,0.000445
FILLER_19_223,VGND,li1,108.3300,65.2800,0.000445
FILLER_19_186,VGND,li1,91.7700,65.2800,0.000444
FILLER_19_167,VGND,li1,82.5700,65.2800,0.000437
FILLER_19_164,VGND,li1,81.6500,65.2800,0.000433
FILLER_19_161,VGND,li1,80.2700,65.2800,0.000433
FILLER_19_139,VGND,li1,70.1500,65.2800,0.000383
FILLER_19_136,VGND,li1,68.7700,65.2800,0.000383
FILLER_19_113,VGND,li1,57.7300,65.2800,0.000310
FILLER_19_111,VGND,li1,56.8100,65.2800,0.000296
FILLER_19_108,VGND,li1,55.8900,65.2800,0.000296
FILLER_19_90,VGND,li1,47.1500,65.2800,0.000236
FILLER_19_55,VGND,li1,31.0500,65.2800,0.000128
FILLER_19_26,VGND,li1,18.1700,65.2800,0.000088
FILLER_19_17,VGND,li1,13.5700,65.2800,0.000091
FILLER_19_14,VGND,li1,12.6500,65.2800,0.000093
FILLER_19_11,VGND,li1,11.2700,65.2800,0.000093
FILLER_18_686,VGND,li1,321.5400,59.8400,0.001541
FILLER_18_683,VGND,li1,320.3900,59.8400,0.001541
FILLER_18_663,VGND,li1,311.1900,59.8400,0.001539
FILLER_18_595,VGND,li1,279.4500,59.8400,0.001495
FILLER_18_592,VGND,li1,278.5300,59.8400,0.001495
FILLER_18_589,VGND,li1,277.1500,59.8400,0.001491
FILLER_18_569,VGND,li1,267.7200,59.8400,0.001464
FILLER_18_566,VGND,li1,266.5700,59.8400,0.001464
FILLER_18_553,VGND,li1,260.3600,59.8400,0.001436
FILLER_18_550,VGND,li1,259.2100,59.8400,0.001421
FILLER_18_522,VGND,li1,246.1000,59.8400,0.001292
FILLER_18_511,VGND,li1,241.2700,59.8400,0.001240
FILLER_18_493,VGND,li1,232.5300,59.8400,0.001144
FILLER_18_488,VGND,li1,230.2300,59.8400,0.001118
FILLER_18_485,VGND,li1,229.3100,59.8400,0.001097
FILLER_18_473,VGND,li1,223.7900,59.8400,0.001044
FILLER_18_429,VGND,li1,203.5500,59.8400,0.000709
FILLER_18_419,VGND,li1,198.4900,59.8400,0.000634
FILLER_18_416,VGND,li1,197.5700,59.8400,0.000634
FILLER_18_413,VGND,li1,196.1900,59.8400,0.000600
FILLER_18_393,VGND,li1,186.9900,59.8400,0.000434
FILLER_18_390,VGND,li1,185.6100,59.8400,0.000434
FILLER_18_355,VGND,li1,169.0500,59.8400,0.000339
FILLER_18_352,VGND,li1,168.1300,59.8400,0.000339
FILLER_18_349,VGND,li1,166.7500,59.8400,0.000351
FILLER_18_309,VGND,li1,148.3500,59.8400,0.000466
FILLER_18_306,VGND,li1,146.7400,59.8400,0.000476
FILLER_18_303,VGND,li1,145.5900,59.8400,0.000476
FILLER_18_226,VGND,li1,109.7100,59.8400,0.000617
FILLER_18_197,VGND,li1,96.3700,59.8400,0.000626
FILLER_18_177,VGND,li1,87.6300,59.8400,0.000594
FILLER_18_159,VGND,li1,78.8900,59.8400,0.000569
FILLER_18_149,VGND,li1,74.2900,59.8400,0.000551
FILLER_18_120,VGND,li1,60.9500,59.8400,0.000454
FILLER_18_117,VGND,li1,60.0300,59.8400,0.000454
FILLER_18_114,VGND,li1,58.6500,59.8400,0.000436
FILLER_18_88,VGND,li1,46.2300,59.8400,0.000332
FILLER_18_85,VGND,li1,45.3100,59.8400,0.000307
FILLER_18_82,VGND,li1,43.7000,59.8400,0.000307
FILLER_18_54,VGND,li1,31.0500,59.8400,0.000176
FILLER_18_51,VGND,li1,29.6700,59.8400,0.000157
FILLER_18_41,VGND,li1,24.8400,59.8400,0.000111
FILLER_18_32,VGND,li1,20.4700,59.8400,0.000114
FILLER_18_29,VGND,li1,19.5500,59.8400,0.000114
FILLER_18_26,VGND,li1,17.9400,59.8400,0.000114
FILLER_18_23,VGND,li1,16.7900,59.8400,0.000115
FILLER_18_20,VGND,li1,15.4100,59.8400,0.000115
FILLER_18_17,VGND,li1,14.0300,59.8400,0.000116
FILLER_18_14,VGND,li1,12.6500,59.8400,0.000117
FILLER_18_11,VGND,li1,11.2700,59.8400,0.000117
FILLER_17_687,VGND,li1,321.7700,59.8400,0.001541
FILLER_17_684,VGND,li1,320.8500,59.8400,0.001541
FILLER_17_681,VGND,li1,319.4700,59.8400,0.001541
FILLER_17_670,VGND,li1,314.1800,59.8400,0.001540
FILLER_17_667,VGND,li1,313.0300,59.8400,0.001540
FILLER_17_649,VGND,li1,304.2900,59.8400,0.001533
FILLER_17_646,VGND,li1,303.3700,59.8400,0.001530
FILLER_17_643,VGND,li1,301.9900,59.8400,0.001530
FILLER_17_615,VGND,li1,288.6500,59.8400,0.001512
FILLER_17_612,VGND,li1,287.7300,59.8400,0.001509
FILLER_17_609,VGND,li1,286.3500,59.8400,0.001509
FILLER_17_599,VGND,li1,281.5200,59.8400,0.001501
FILLER_17_571,VGND,li1,268.8700,59.8400,0.001472
FILLER_17_561,VGND,li1,263.8100,59.8400,0.001453
FILLER_17_558,VGND,li1,262.6600,59.8400,0.001453
FILLER_17_555,VGND,li1,261.5100,59.8400,0.001436
FILLER_17_541,VGND,li1,255.0700,59.8400,0.001384
FILLER_17_508,VGND,li1,239.4300,59.8400,0.001220
FILLER_17_505,VGND,li1,238.5100,59.8400,0.001200
FILLER_17_501,VGND,li1,236.6700,59.8400,0.001176
FILLER_17_498,VGND,li1,235.2900,59.8400,0.001176
FILLER_17_495,VGND,li1,233.9100,59.8400,0.001144
FILLER_17_492,VGND,li1,232.5300,59.8400,0.001144
FILLER_17_489,VGND,li1,231.1500,59.8400,0.001118
FILLER_17_486,VGND,li1,229.7700,59.8400,0.001097
FILLER_17_483,VGND,li1,228.3900,59.8400,0.001097
FILLER_17_480,VGND,li1,227.0100,59.8400,0.001065
FILLER_17_477,VGND,li1,225.6300,59.8400,0.001065
FILLER_17_474,VGND,li1,224.2500,59.8400,0.001044
FILLER_17_461,VGND,li1,218.0400,59.8400,0.000947
FILLER_17_458,VGND,li1,216.8900,59.8400,0.000947
FILLER_17_438,VGND,li1,207.4600,59.8400,0.000796
FILLER_17_435,VGND,li1,206.3100,59.8400,0.000754
FILLER_17_432,VGND,li1,204.9300,59.8400,0.000754
FILLER_17_429,VGND,li1,203.5500,59.8400,0.000709
FILLER_17_426,VGND,li1,202.1700,59.8400,0.000709
FILLER_17_423,VGND,li1,200.7900,59.8400,0.000664
FILLER_17_420,VGND,li1,199.4100,59.8400,0.000664
FILLER_17_417,VGND,li1,198.0300,59.8400,0.000634
FILLER_17_354,VGND,li1,169.0500,59.8400,0.000339
FILLER_17_351,VGND,li1,167.6700,59.8400,0.000351
FILLER_17_348,VGND,li1,166.2900,59.8400,0.000351
FILLER_17_345,VGND,li1,164.9100,59.8400,0.000364
FILLER_17_335,VGND,li1,159.8500,59.8400,0.000401
FILLER_17_297,VGND,li1,142.8300,59.8400,0.000490
FILLER_17_271,VGND,li1,130.4100,59.8400,0.000547
FILLER_17_268,VGND,li1,129.4900,59.8400,0.000557
FILLER_17_265,VGND,li1,128.1100,59.8400,0.000557
FILLER_17_228,VGND,li1,110.8600,59.8400,0.000612
FILLER_17_225,VGND,li1,109.7100,59.8400,0.000617
FILLER_17_188,VGND,li1,92.2300,59.8400,0.000613
FILLER_17_179,VGND,li1,88.0900,59.8400,0.000600
FILLER_17_169,VGND,li1,83.7200,59.8400,0.000584
FILLER_17_116,VGND,li1,59.3400,59.8400,0.000454
FILLER_17_113,VGND,li1,58.1900,59.8400,0.000436
FILLER_17_57,VGND,li1,32.2000,59.8400,0.000176
FILLER_17_53,VGND,li1,30.5900,59.8400,0.000157
FILLER_17_50,VGND,li1,29.2100,59.8400,0.000157
FILLER_17_47,VGND,li1,27.8300,59.8400,0.000135
FILLER_17_44,VGND,li1,26.4500,59.8400,0.000111
FILLER_17_41,VGND,li1,25.0700,59.8400,0.000111
FILLER_17_38,VGND,li1,23.6900,59.8400,0.000112
FILLER_17_35,VGND,li1,22.3100,59.8400,0.000112
FILLER_17_30,VGND,li1,19.5500,59.8400,0.000114
FILLER_17_27,VGND,li1,18.6300,59.8400,0.000114
FILLER_17_24,VGND,li1,17.2500,59.8400,0.000114
FILLER_17_21,VGND,li1,15.8700,59.8400,0.000115
FILLER_17_18,VGND,li1,14.4900,59.8400,0.000116
FILLER_17_15,VGND,li1,13.1100,59.8400,0.000116
FILLER_16_686,VGND,li1,321.5400,54.4000,0.000556
FILLER_16_675,VGND,li1,316.7100,54.4000,0.000556
FILLER_16_648,VGND,li1,304.0600,54.4000,0.000552
FILLER_16_645,VGND,li1,302.9100,54.4000,0.000552
FILLER_16_643,VGND,li1,301.5300,54.4000,0.000551
FILLER_16_640,VGND,li1,300.6100,54.4000,0.000551
FILLER_16_637,VGND,li1,299.2300,54.4000,0.000550
FILLER_16_626,VGND,li1,294.1700,54.4000,0.000547
FILLER_16_623,VGND,li1,292.7900,54.4000,0.000545
FILLER_16_604,VGND,li1,283.8200,54.4000,0.000537
FILLER_16_601,VGND,li1,282.6700,54.4000,0.000534
FILLER_16_598,VGND,li1,281.2900,54.4000,0.000534
FILLER_16_595,VGND,li1,279.9100,54.4000,0.000532
FILLER_16_592,VGND,li1,278.5300,54.4000,0.000529
FILLER_16_589,VGND,li1,277.1500,54.4000,0.000529
FILLER_16_586,VGND,li1,275.5400,54.4000,0.000526
FILLER_16_553,VGND,li1,260.3600,54.4000,0.000506
FILLER_16_550,VGND,li1,259.2100,54.4000,0.000502
FILLER_16_533,VGND,li1,250.9300,54.4000,0.000492
FILLER_16_531,VGND,li1,250.0100,54.4000,0.000489
FILLER_16_528,VGND,li1,249.0900,54.4000,0.000489
FILLER_16_509,VGND,li1,240.1200,54.4000,0.000475
FILLER_16_499,VGND,li1,235.5200,54.4000,0.000463
FILLER_16_485,VGND,li1,229.3100,54.4000,0.000439
FILLER_16_474,VGND,li1,224.0200,54.4000,0.000407
FILLER_16_437,VGND,li1,207.2300,54.4000,0.000297
FILLER_16_427,VGND,li1,202.4000,54.4000,0.000257
FILLER_16_424,VGND,li1,201.2500,54.4000,0.000257
FILLER_16_421,VGND,li1,199.8700,54.4000,0.000241
FILLER_16_419,VGND,li1,198.4900,54.4000,0.000229
FILLER_16_416,VGND,li1,197.5700,54.4000,0.000229
FILLER_16_406,VGND,li1,192.7400,54.4000,0.000199
FILLER_16_377,VGND,li1,179.6300,54.4000,0.000102
FILLER_16_374,VGND,li1,178.2500,54.4000,0.000108
FILLER_16_371,VGND,li1,176.8700,54.4000,0.000108
FILLER_16_368,VGND,li1,175.4900,54.4000,0.000116
FILLER_16_365,VGND,li1,174.1100,54.4000,0.000116
FILLER_16_315,VGND,li1,150.6500,54.4000,0.000172
FILLER_16_312,VGND,li1,149.7300,54.4000,0.000176
FILLER_16_309,VGND,li1,148.3500,54.4000,0.000176
FILLER_16_305,VGND,li1,146.5100,54.4000,0.000180
FILLER_16_289,VGND,li1,138.9200,54.4000,0.000193
FILLER_16_286,VGND,li1,137.7700,54.4000,0.000193
FILLER_16_274,VGND,li1,132.0200,54.4000,0.000203
FILLER_16_271,VGND,li1,130.8700,54.4000,0.000203
FILLER_16_253,VGND,li1,122.3600,54.4000,0.000213
FILLER_16_235,VGND,li1,113.8500,54.4000,0.000221
FILLER_16_217,VGND,li1,105.8000,54.4000,0.000229
FILLER_16_214,VGND,li1,104.6500,54.4000,0.000231
FILLER_16_177,VGND,li1,87.6300,54.4000,0.000220
FILLER_16_174,VGND,li1,86.2500,54.4000,0.000216
FILLER_16_171,VGND,li1,84.8700,54.4000,0.000216
FILLER_16_168,VGND,li1,83.4900,54.4000,0.000213
FILLER_16_153,VGND,li1,76.1300,54.4000,0.000201
FILLER_16_150,VGND,li1,75.2100,54.4000,0.000201
FILLER_16_113,VGND,li1,57.7300,54.4000,0.000162
FILLER_16_110,VGND,li1,56.8100,54.4000,0.000162
FILLER_16_85,VGND,li1,44.8500,54.4000,0.000126
FILLER_16_81,VGND,li1,43.4700,54.4000,0.000119
FILLER_16_63,VGND,li1,34.9600,54.4000,0.000094
FILLER_16_60,VGND,li1,33.8100,54.4000,0.000094
FILLER_16_57,VGND,li1,32.4300,54.4000,0.000086
FILLER_16_54,VGND,li1,31.0500,54.4000,0.000086
FILLER_16_51,VGND,li1,29.6700,54.4000,0.000078
FILLER_16_48,VGND,li1,28.2900,54.4000,0.000073
FILLER_16_45,VGND,li1,26.9100,54.4000,0.000073
FILLER_16_42,VGND,li1,25.5300,54.4000,0.000066
FILLER_16_29,VGND,li1,19.3200,54.4000,0.000077
FILLER_16_27,VGND,li1,18.1700,54.4000,0.000078
FILLER_16_24,VGND,li1,17.2500,54.4000,0.000078
FILLER_16_21,VGND,li1,15.8700,54.4000,0.000078
FILLER_16_18,VGND,li1,14.4900,54.4000,0.000078
FILLER_16_15,VGND,li1,13.1100,54.4000,0.000078
FILLER_16_12,VGND,li1,11.7300,54.4000,0.000078
FILLER_16_9,VGND,li1,10.3500,54.4000,0.000078
FILLER_16_6,VGND,li1,8.9700,54.4000,0.000078
FILLER_16_3,VGND,li1,7.5900,54.4000,0.000078
FILLER_15_685,VGND,li1,321.3100,54.4000,0.000556
FILLER_15_682,VGND,li1,319.9300,54.4000,0.000556
FILLER_15_679,VGND,li1,318.5500,54.4000,0.000556
FILLER_15_676,VGND,li1,317.1700,54.4000,0.000556
FILLER_15_673,VGND,li1,315.7900,54.4000,0.000556
FILLER_15_669,VGND,li1,313.9500,54.4000,0.000556
FILLER_15_658,VGND,li1,308.8900,54.4000,0.000556
FILLER_15_639,VGND,li1,300.1500,54.4000,0.000550
FILLER_15_636,VGND,li1,298.7700,54.4000,0.000550
FILLER_15_633,VGND,li1,297.3900,54.4000,0.000549
FILLER_15_606,VGND,li1,284.7400,54.4000,0.000537
FILLER_15_603,VGND,li1,283.5900,54.4000,0.000537
FILLER_15_600,VGND,li1,282.2100,54.4000,0.000534
FILLER_15_597,VGND,li1,280.8300,54.4000,0.000532
FILLER_15_594,VGND,li1,279.4500,54.4000,0.000532
FILLER_15_591,VGND,li1,278.0700,54.4000,0.000529
FILLER_15_588,VGND,li1,276.6900,54.4000,0.000526
FILLER_15_585,VGND,li1,275.3100,54.4000,0.000526
FILLER_15_574,VGND,li1,270.2500,54.4000,0.000519
FILLER_15_564,VGND,li1,265.4200,54.4000,0.000513
FILLER_15_561,VGND,li1,264.2700,54.4000,0.000509
FILLER_15_544,VGND,li1,255.9900,54.4000,0.000500
FILLER_15_528,VGND,li1,248.6300,54.4000,0.000489
FILLER_15_525,VGND,li1,247.7100,54.4000,0.000486
FILLER_15_522,VGND,li1,246.3300,54.4000,0.000486
FILLER_15_470,VGND,li1,221.9500,54.4000,0.000392
FILLER_15_467,VGND,li1,221.0300,54.4000,0.000379
FILLER_15_464,VGND,li1,219.6500,54.4000,0.000379
FILLER_15_455,VGND,li1,215.0500,54.4000,0.000343
FILLER_15_452,VGND,li1,214.1300,54.4000,0.000343
FILLER_15_449,VGND,li1,212.7500,54.4000,0.000328
FILLER_15_445,VGND,li1,210.9100,54.4000,0.000314
FILLER_15_427,VGND,li1,202.4000,54.4000,0.000257
FILLER_15_424,VGND,li1,201.2500,54.4000,0.000257
FILLER_15_421,VGND,li1,199.8700,54.4000,0.000241
FILLER_15_418,VGND,li1,198.4900,54.4000,0.000229
FILLER_15_415,VGND,li1,197.1100,54.4000,0.000229
FILLER_15_389,VGND,li1,185.1500,54.4000,0.000148
FILLER_15_361,VGND,li1,172.0400,54.4000,0.000122
FILLER_15_352,VGND,li1,167.6700,54.4000,0.000136
FILLER_15_349,VGND,li1,166.7500,54.4000,0.000136
FILLER_15_346,VGND,li1,165.3700,54.4000,0.000143
FILLER_15_343,VGND,li1,163.9900,54.4000,0.000143
FILLER_15_340,VGND,li1,162.6100,54.4000,0.000150
FILLER_15_337,VGND,li1,161.2300,54.4000,0.000150
FILLER_15_304,VGND,li1,145.8200,54.4000,0.000180
FILLER_15_301,VGND,li1,144.6700,54.4000,0.000184
FILLER_15_298,VGND,li1,143.2900,54.4000,0.000184
FILLER_15_295,VGND,li1,141.9100,54.4000,0.000188
FILLER_15_284,VGND,li1,136.8500,54.4000,0.000196
FILLER_15_281,VGND,li1,135.4700,54.4000,0.000196
FILLER_15_279,VGND,li1,134.0900,54.4000,0.000200
FILLER_15_276,VGND,li1,133.1700,54.4000,0.000200
FILLER_15_265,VGND,li1,128.1100,54.4000,0.000206
FILLER_15_240,VGND,li1,116.6100,54.4000,0.000219
FILLER_15_237,VGND,li1,115.2300,54.4000,0.000221
FILLER_15_234,VGND,li1,113.8500,54.4000,0.000221
FILLER_15_231,VGND,li1,112.4700,54.4000,0.000224
FILLER_15_228,VGND,li1,111.0900,54.4000,0.000224
FILLER_15_225,VGND,li1,109.7100,54.4000,0.000226
FILLER_15_222,VGND,li1,108.1000,54.4000,0.000226
FILLER_15_219,VGND,li1,106.9500,54.4000,0.000229
FILLER_15_190,VGND,li1,93.3800,54.4000,0.000224
FILLER_15_187,VGND,li1,92.2300,54.4000,0.000224
FILLER_15_169,VGND,li1,83.4900,54.4000,0.000213
FILLER_15_165,VGND,li1,82.1100,54.4000,0.000210
FILLER_15_162,VGND,li1,80.7300,54.4000,0.000210
FILLER_15_130,VGND,li1,66.0100,54.4000,0.000182
FILLER_15_127,VGND,li1,64.6300,54.4000,0.000182
FILLER_15_124,VGND,li1,63.2500,54.4000,0.000175
FILLER_15_121,VGND,li1,61.8700,54.4000,0.000175
FILLER_15_102,VGND,li1,52.9000,54.4000,0.000148
FILLER_15_99,VGND,li1,51.7500,54.4000,0.000148
FILLER_15_96,VGND,li1,50.3700,54.4000,0.000140
FILLER_15_93,VGND,li1,48.9900,54.4000,0.000140
FILLER_15_90,VGND,li1,47.6100,54.4000,0.000132
FILLER_15_87,VGND,li1,46.2300,54.4000,0.000132
FILLER_15_84,VGND,li1,44.8500,54.4000,0.000126
FILLER_15_81,VGND,li1,43.4700,54.4000,0.000119
FILLER_15_78,VGND,li1,42.0900,54.4000,0.000119
FILLER_15_70,VGND,li1,37.9500,54.4000,0.000104
FILLER_15_67,VGND,li1,37.0300,54.4000,0.000104
FILLER_15_60,VGND,li1,33.5800,54.4000,0.000094
FILLER_15_57,VGND,li1,32.4300,54.4000,0.000086
FILLER_15_55,VGND,li1,31.0500,54.4000,0.000086
FILLER_15_52,VGND,li1,30.1300,54.4000,0.000078
FILLER_15_49,VGND,li1,28.7500,54.4000,0.000078
FILLER_15_46,VGND,li1,27.3700,54.4000,0.000073
FILLER_15_37,VGND,li1,22.7700,54.4000,0.000075
FILLER_15_18,VGND,li1,14.2600,54.4000,0.000078
FILLER_15_15,VGND,li1,13.1100,54.4000,0.000078
FILLER_15_12,VGND,li1,11.7300,54.4000,0.000078
FILLER_15_9,VGND,li1,10.3500,54.4000,0.000078
FILLER_15_6,VGND,li1,8.9700,54.4000,0.000078
FILLER_15_3,VGND,li1,7.5900,54.4000,0.000078
FILLER_14_687,VGND,li1,321.7700,48.9600,0.000418
FILLER_14_684,VGND,li1,320.8500,48.9600,0.000418
FILLER_14_681,VGND,li1,319.4700,48.9600,0.000418
FILLER_14_678,VGND,li1,318.0900,48.9600,0.000418
FILLER_14_675,VGND,li1,316.7100,48.9600,0.000418
FILLER_14_672,VGND,li1,315.3300,48.9600,0.000418
FILLER_14_669,VGND,li1,313.9500,48.9600,0.000418
FILLER_14_666,VGND,li1,312.5700,48.9600,0.000418
FILLER_14_663,VGND,li1,311.1900,48.9600,0.000418
FILLER_14_660,VGND,li1,309.8100,48.9600,0.000418
FILLER_14_657,VGND,li1,308.4300,48.9600,0.000418
FILLER_14_654,VGND,li1,307.0500,48.9600,0.000417
FILLER_14_651,VGND,li1,305.6700,48.9600,0.000417
FILLER_14_648,VGND,li1,304.2900,48.9600,0.000417
FILLER_14_645,VGND,li1,302.9100,48.9600,0.000417
FILLER_14_643,VGND,li1,301.5300,48.9600,0.000416
FILLER_14_640,VGND,li1,300.6100,48.9600,0.000416
FILLER_14_637,VGND,li1,299.2300,48.9600,0.000416
FILLER_14_634,VGND,li1,297.8500,48.9600,0.000415
FILLER_14_631,VGND,li1,296.4700,48.9600,0.000415
FILLER_14_628,VGND,li1,295.0900,48.9600,0.000414
FILLER_14_625,VGND,li1,293.7100,48.9600,0.000414
FILLER_14_622,VGND,li1,292.3300,48.9600,0.000413
FILLER_14_619,VGND,li1,290.9500,48.9600,0.000413
FILLER_14_592,VGND,li1,278.5300,48.9600,0.000408
FILLER_14_589,VGND,li1,277.1500,48.9600,0.000405
FILLER_14_586,VGND,li1,275.5400,48.9600,0.000405
FILLER_14_542,VGND,li1,255.3000,48.9600,0.000375
FILLER_14_539,VGND,li1,254.1500,48.9600,0.000370
FILLER_14_536,VGND,li1,252.7700,48.9600,0.000370
FILLER_14_533,VGND,li1,251.3900,48.9600,0.000364
FILLER_14_530,VGND,li1,249.7800,48.9600,0.000360
FILLER_14_527,VGND,li1,248.6300,48.9600,0.000360
FILLER_14_489,VGND,li1,231.1500,48.9600,0.000314
FILLER_14_486,VGND,li1,229.7700,48.9600,0.000314
FILLER_14_473,VGND,li1,223.7900,48.9600,0.000295
FILLER_14_421,VGND,li1,199.8700,48.9600,0.000201
FILLER_14_419,VGND,li1,198.4900,48.9600,0.000201
FILLER_14_416,VGND,li1,197.5700,48.9600,0.000191
FILLER_14_413,VGND,li1,196.1900,48.9600,0.000191
FILLER_14_394,VGND,li1,187.2200,48.9600,0.000144
FILLER_14_391,VGND,li1,186.0700,48.9600,0.000144
FILLER_14_363,VGND,li1,172.7300,48.9600,0.000121
FILLER_14_353,VGND,li1,168.3600,48.9600,0.000140
FILLER_14_350,VGND,li1,167.2100,48.9600,0.000151
FILLER_14_347,VGND,li1,165.8300,48.9600,0.000151
FILLER_14_344,VGND,li1,164.4500,48.9600,0.000163
FILLER_14_341,VGND,li1,163.0700,48.9600,0.000163
FILLER_14_338,VGND,li1,161.6900,48.9600,0.000170
FILLER_14_327,VGND,li1,156.4000,48.9600,0.000195
FILLER_14_324,VGND,li1,155.2500,48.9600,0.000195
FILLER_14_312,VGND,li1,149.2700,48.9600,0.000214
FILLER_14_309,VGND,li1,148.3500,48.9600,0.000216
FILLER_14_307,VGND,li1,146.9700,48.9600,0.000216
FILLER_14_304,VGND,li1,146.0500,48.9600,0.000218
FILLER_14_301,VGND,li1,144.6700,48.9600,0.000218
FILLER_14_298,VGND,li1,143.2900,48.9600,0.000220
FILLER_14_295,VGND,li1,141.9100,48.9600,0.000222
FILLER_14_292,VGND,li1,140.5300,48.9600,0.000222
FILLER_14_289,VGND,li1,139.1500,48.9600,0.000225
FILLER_14_286,VGND,li1,137.7700,48.9600,0.000225
FILLER_14_283,VGND,li1,136.3900,48.9600,0.000227
FILLER_14_280,VGND,li1,135.0100,48.9600,0.000229
FILLER_14_269,VGND,li1,129.9500,48.9600,0.000232
FILLER_14_261,VGND,li1,125.8100,48.9600,0.000236
FILLER_14_250,VGND,li1,120.9800,48.9600,0.000241
FILLER_14_247,VGND,li1,119.8300,48.9600,0.000241
FILLER_14_244,VGND,li1,118.4500,48.9600,0.000243
FILLER_14_241,VGND,li1,117.0700,48.9600,0.000245
FILLER_14_238,VGND,li1,115.6900,48.9600,0.000245
FILLER_14_235,VGND,li1,114.3100,48.9600,0.000247
FILLER_14_200,VGND,li1,97.9800,48.9600,0.000240
FILLER_14_197,VGND,li1,96.8300,48.9600,0.000240
FILLER_14_150,VGND,li1,74.7500,48.9600,0.000189
FILLER_14_147,VGND,li1,73.8300,48.9600,0.000189
FILLER_14_144,VGND,li1,72.4500,48.9600,0.000183
FILLER_14_141,VGND,li1,71.0700,48.9600,0.000183
FILLER_14_139,VGND,li1,69.6900,48.9600,0.000177
FILLER_14_136,VGND,li1,68.7700,48.9600,0.000172
FILLER_14_133,VGND,li1,67.3900,48.9600,0.000172
FILLER_14_130,VGND,li1,66.0100,48.9600,0.000166
FILLER_14_127,VGND,li1,64.6300,48.9600,0.000160
FILLER_14_124,VGND,li1,63.2500,48.9600,0.000160
FILLER_14_121,VGND,li1,61.8700,48.9600,0.000155
FILLER_14_106,VGND,li1,54.5100,48.9600,0.000134
FILLER_14_103,VGND,li1,53.5900,48.9600,0.000128
FILLER_14_100,VGND,li1,52.2100,48.9600,0.000122
FILLER_14_97,VGND,li1,50.8300,48.9600,0.000122
FILLER_14_94,VGND,li1,49.4500,48.9600,0.000115
FILLER_14_91,VGND,li1,48.0700,48.9600,0.000109
FILLER_14_88,VGND,li1,46.6900,48.9600,0.000109
FILLER_14_85,VGND,li1,45.3100,48.9600,0.000102
FILLER_14_82,VGND,li1,43.7000,48.9600,0.000096
FILLER_14_79,VGND,li1,42.5500,48.9600,0.000096
FILLER_14_62,VGND,li1,34.5000,48.9600,0.000067
FILLER_14_59,VGND,li1,33.3500,48.9600,0.000067
FILLER_14_32,VGND,li1,20.4700,48.9600,0.000043
FILLER_14_29,VGND,li1,19.5500,48.9600,0.000045
FILLER_14_9,VGND,li1,10.3500,48.9600,0.000047
FILLER_14_6,VGND,li1,8.9700,48.9600,0.000047
FILLER_14_3,VGND,li1,7.5900,48.9600,0.000047
FILLER_13_685,VGND,li1,321.3100,48.9600,0.000418
FILLER_13_682,VGND,li1,319.9300,48.9600,0.000418
FILLER_13_679,VGND,li1,318.5500,48.9600,0.000418
FILLER_13_676,VGND,li1,317.1700,48.9600,0.000418
FILLER_13_673,VGND,li1,315.7900,48.9600,0.000418
FILLER_13_670,VGND,li1,314.1800,48.9600,0.000418
FILLER_13_667,VGND,li1,313.0300,48.9600,0.000418
FILLER_13_651,VGND,li1,305.4400,48.9600,0.000417
FILLER_13_648,VGND,li1,304.2900,48.9600,0.000417
FILLER_13_645,VGND,li1,302.9100,48.9600,0.000417
FILLER_13_642,VGND,li1,301.5300,48.9600,0.000416
FILLER_13_639,VGND,li1,300.1500,48.9600,0.000416
FILLER_13_636,VGND,li1,298.7700,48.9600,0.000416
FILLER_13_633,VGND,li1,297.3900,48.9600,0.000415
FILLER_13_592,VGND,li1,278.3000,48.9600,0.000408
FILLER_13_589,VGND,li1,277.1500,48.9600,0.000405
FILLER_13_586,VGND,li1,275.7700,48.9600,0.000405
FILLER_13_558,VGND,li1,262.6600,48.9600,0.000389
FILLER_13_540,VGND,li1,254.1500,48.9600,0.000370
FILLER_13_529,VGND,li1,249.3200,48.9600,0.000360
FILLER_13_508,VGND,li1,239.8900,48.9600,0.000340
FILLER_13_505,VGND,li1,238.5100,48.9600,0.000334
FILLER_13_503,VGND,li1,237.1300,48.9600,0.000334
FILLER_13_500,VGND,li1,236.2100,48.9600,0.000328
FILLER_13_497,VGND,li1,234.8300,48.9600,0.000328
FILLER_13_460,VGND,li1,217.8100,48.9600,0.000269
FILLER_13_457,VGND,li1,216.4300,48.9600,0.000269
FILLER_13_447,VGND,li1,211.3700,48.9600,0.000247
FILLER_13_419,VGND,li1,198.7200,48.9600,0.000201
FILLER_13_416,VGND,li1,197.5700,48.9600,0.000191
FILLER_13_396,VGND,li1,188.3700,48.9600,0.000155
FILLER_13_393,VGND,li1,186.9900,48.9600,0.000144
FILLER_13_364,VGND,li1,173.6500,48.9600,0.000121
FILLER_13_353,VGND,li1,168.5900,48.9600,0.000140
FILLER_13_350,VGND,li1,167.2100,48.9600,0.000151
FILLER_13_340,VGND,li1,162.1500,48.9600,0.000170
FILLER_13_337,VGND,li1,161.2300,48.9600,0.000170
FILLER_13_335,VGND,li1,159.8500,48.9600,0.000180
FILLER_13_332,VGND,li1,158.9300,48.9600,0.000180
FILLER_13_320,VGND,li1,153.4100,48.9600,0.000202
FILLER_13_311,VGND,li1,148.8100,48.9600,0.000214
FILLER_13_293,VGND,li1,140.5300,48.9600,0.000222
FILLER_13_284,VGND,li1,136.3900,48.9600,0.000227
FILLER_13_281,VGND,li1,135.4700,48.9600,0.000227
FILLER_13_277,VGND,li1,133.6300,48.9600,0.000229
FILLER_13_270,VGND,li1,130.1800,48.9600,0.000232
FILLER_13_254,VGND,li1,122.5900,48.9600,0.000240
FILLER_13_251,VGND,li1,121.6700,48.9600,0.000240
FILLER_13_248,VGND,li1,120.2900,48.9600,0.000241
FILLER_13_245,VGND,li1,118.9100,48.9600,0.000243
FILLER_13_242,VGND,li1,117.5300,48.9600,0.000243
FILLER_13_205,VGND,li1,100.2800,48.9600,0.000242
FILLER_13_202,VGND,li1,99.1300,48.9600,0.000242
FILLER_13_157,VGND,li1,78.4300,48.9600,0.000204
FILLER_13_149,VGND,li1,74.5200,48.9600,0.000189
FILLER_13_146,VGND,li1,73.3700,48.9600,0.000189
FILLER_13_143,VGND,li1,71.9900,48.9600,0.000183
FILLER_13_140,VGND,li1,70.6100,48.9600,0.000177
FILLER_13_137,VGND,li1,69.2300,48.9600,0.000177
FILLER_13_134,VGND,li1,67.8500,48.9600,0.000172
FILLER_13_116,VGND,li1,59.1100,48.9600,0.000148
FILLER_13_113,VGND,li1,58.1900,48.9600,0.000140
FILLER_13_104,VGND,li1,53.5900,48.9600,0.000128
FILLER_13_101,VGND,li1,52.6700,48.9600,0.000128
FILLER_13_98,VGND,li1,51.2900,48.9600,0.000122
FILLER_13_95,VGND,li1,49.9100,48.9600,0.000115
FILLER_13_92,VGND,li1,48.5300,48.9600,0.000115
FILLER_13_89,VGND,li1,47.1500,48.9600,0.000109
FILLER_13_86,VGND,li1,45.7700,48.9600,0.000102
FILLER_13_66,VGND,li1,36.5700,48.9600,0.000073
FILLER_13_63,VGND,li1,35.1900,48.9600,0.000073
FILLER_13_54,VGND,li1,30.8200,48.9600,0.000055
FILLER_13_51,VGND,li1,29.6700,48.9600,0.000055
FILLER_13_15,VGND,li1,12.6500,48.9600,0.000047
FILLER_13_12,VGND,li1,11.7300,48.9600,0.000047
FILLER_13_9,VGND,li1,10.3500,48.9600,0.000047
FILLER_13_6,VGND,li1,8.9700,48.9600,0.000047
FILLER_13_3,VGND,li1,7.5900,48.9600,0.000047
FILLER_12_687,VGND,li1,321.7700,43.5200,0.000671
FILLER_12_684,VGND,li1,320.8500,43.5200,0.000671
FILLER_12_681,VGND,li1,319.4700,43.5200,0.000671
FILLER_12_678,VGND,li1,318.0900,43.5200,0.000671
FILLER_12_675,VGND,li1,316.7100,43.5200,0.000671
FILLER_12_672,VGND,li1,315.3300,43.5200,0.000671
FILLER_12_645,VGND,li1,302.4500,43.5200,0.000667
FILLER_12_643,VGND,li1,301.5300,43.5200,0.000667
FILLER_12_633,VGND,li1,297.1600,43.5200,0.000665
FILLER_12_589,VGND,li1,276.9200,43.5200,0.000632
FILLER_12_533,VGND,li1,251.1600,43.5200,0.000543
FILLER_12_525,VGND,li1,247.4800,43.5200,0.000535
FILLER_12_505,VGND,li1,238.5100,43.5200,0.000495
FILLER_12_502,VGND,li1,237.1300,43.5200,0.000487
FILLER_12_464,VGND,li1,219.6500,43.5200,0.000403
FILLER_12_418,VGND,li1,198.2600,43.5200,0.000268
FILLER_12_415,VGND,li1,197.1100,43.5200,0.000252
FILLER_12_397,VGND,li1,188.3700,43.5200,0.000196
FILLER_12_387,VGND,li1,183.7700,43.5200,0.000151
FILLER_12_384,VGND,li1,182.8500,43.5200,0.000151
FILLER_12_365,VGND,li1,174.1100,43.5200,0.000119
FILLER_12_354,VGND,li1,168.8200,43.5200,0.000130
FILLER_12_351,VGND,li1,167.6700,43.5200,0.000137
FILLER_12_333,VGND,li1,158.9300,43.5200,0.000153
FILLER_12_330,VGND,li1,158.0100,43.5200,0.000153
FILLER_12_312,VGND,li1,149.7300,43.5200,0.000167
FILLER_12_309,VGND,li1,148.3500,43.5200,0.000171
FILLER_12_305,VGND,li1,146.5100,43.5200,0.000175
FILLER_12_302,VGND,li1,145.1300,43.5200,0.000175
FILLER_12_284,VGND,li1,136.3900,43.5200,0.000187
FILLER_12_281,VGND,li1,135.4700,43.5200,0.000189
FILLER_12_278,VGND,li1,134.0900,43.5200,0.000189
FILLER_12_234,VGND,li1,113.6200,43.5200,0.000198
FILLER_12_231,VGND,li1,112.4700,43.5200,0.000198
FILLER_12_195,VGND,li1,95.4500,43.5200,0.000187
FILLER_12_192,VGND,li1,94.5300,43.5200,0.000187
FILLER_12_156,VGND,li1,77.7400,43.5200,0.000171
FILLER_12_153,VGND,li1,76.5900,43.5200,0.000169
FILLER_12_150,VGND,li1,75.2100,43.5200,0.000169
FILLER_12_147,VGND,li1,73.8300,43.5200,0.000166
FILLER_12_144,VGND,li1,72.4500,43.5200,0.000166
FILLER_12_141,VGND,li1,71.0700,43.5200,0.000162
FILLER_12_138,VGND,li1,69.4600,43.5200,0.000162
FILLER_12_135,VGND,li1,68.3100,43.5200,0.000159
FILLER_12_132,VGND,li1,66.9300,43.5200,0.000159
FILLER_12_97,VGND,li1,50.3700,43.5200,0.000128
FILLER_12_94,VGND,li1,49.4500,43.5200,0.000128
FILLER_12_91,VGND,li1,48.0700,43.5200,0.000122
FILLER_12_88,VGND,li1,46.6900,43.5200,0.000122
FILLER_12_85,VGND,li1,45.3100,43.5200,0.000117
FILLER_12_65,VGND,li1,35.6500,43.5200,0.000087
FILLER_12_62,VGND,li1,34.7300,43.5200,0.000087
FILLER_12_59,VGND,li1,33.3500,43.5200,0.000078
FILLER_12_56,VGND,li1,31.9700,43.5200,0.000072
FILLER_12_53,VGND,li1,30.5900,43.5200,0.000072
FILLER_12_35,VGND,li1,21.8500,43.5200,0.000048
FILLER_12_32,VGND,li1,20.9300,43.5200,0.000048
FILLER_12_29,VGND,li1,19.5500,43.5200,0.000048
FILLER_12_18,VGND,li1,14.2600,43.5200,0.000048
FILLER_12_15,VGND,li1,13.1100,43.5200,0.000048
FILLER_12_12,VGND,li1,11.7300,43.5200,0.000048
FILLER_12_9,VGND,li1,10.3500,43.5200,0.000048
FILLER_12_6,VGND,li1,8.9700,43.5200,0.000048
FILLER_12_3,VGND,li1,7.5900,43.5200,0.000048
FILLER_11_685,VGND,li1,321.3100,43.5200,0.000671
FILLER_11_682,VGND,li1,319.9300,43.5200,0.000671
FILLER_11_679,VGND,li1,318.5500,43.5200,0.000671
FILLER_11_676,VGND,li1,317.1700,43.5200,0.000671
FILLER_11_673,VGND,li1,315.7900,43.5200,0.000671
FILLER_11_671,VGND,li1,314.4100,43.5200,0.000671
FILLER_11_658,VGND,li1,308.8900,43.5200,0.000670
FILLER_11_655,VGND,li1,307.5100,43.5200,0.000670
FILLER_11_634,VGND,li1,297.8500,43.5200,0.000665
FILLER_11_584,VGND,li1,274.6200,43.5200,0.000627
FILLER_11_581,VGND,li1,273.4700,43.5200,0.000620
FILLER_11_578,VGND,li1,272.0900,43.5200,0.000620
FILLER_11_532,VGND,li1,250.9300,43.5200,0.000543
FILLER_11_529,VGND,li1,249.5500,43.5200,0.000543
FILLER_11_526,VGND,li1,248.1700,43.5200,0.000535
FILLER_11_517,VGND,li1,243.5700,43.5200,0.000516
FILLER_11_514,VGND,li1,242.6500,43.5200,0.000516
FILLER_11_505,VGND,li1,238.0500,43.5200,0.000495
FILLER_11_503,VGND,li1,237.1300,43.5200,0.000487
FILLER_11_500,VGND,li1,236.2100,43.5200,0.000487
FILLER_11_497,VGND,li1,234.8300,43.5200,0.000474
FILLER_11_494,VGND,li1,233.4500,43.5200,0.000474
FILLER_11_491,VGND,li1,232.0700,43.5200,0.000462
FILLER_11_488,VGND,li1,230.6900,43.5200,0.000462
FILLER_11_460,VGND,li1,217.5800,43.5200,0.000385
FILLER_11_457,VGND,li1,216.4300,43.5200,0.000385
FILLER_11_439,VGND,li1,207.6900,43.5200,0.000327
FILLER_11_421,VGND,li1,199.4100,43.5200,0.000268
FILLER_11_418,VGND,li1,198.4900,43.5200,0.000268
FILLER_11_373,VGND,li1,177.5600,43.5200,0.000108
FILLER_11_340,VGND,li1,162.1500,43.5200,0.000145
FILLER_11_337,VGND,li1,161.2300,43.5200,0.000148
FILLER_11_318,VGND,li1,152.4900,43.5200,0.000163
FILLER_11_281,VGND,li1,135.2400,43.5200,0.000189
FILLER_11_237,VGND,li1,114.7700,43.5200,0.000198
FILLER_11_234,VGND,li1,113.8500,43.5200,0.000198
FILLER_11_225,VGND,li1,109.2500,43.5200,0.000197
FILLER_11_198,VGND,li1,96.8300,43.5200,0.000189
FILLER_11_169,VGND,li1,83.9500,43.5200,0.000177
FILLER_11_160,VGND,li1,79.3500,43.5200,0.000173
FILLER_11_155,VGND,li1,77.2800,43.5200,0.000171
FILLER_11_94,VGND,li1,48.9900,43.5200,0.000128
FILLER_11_57,VGND,li1,32.4300,43.5200,0.000078
FILLER_11_55,VGND,li1,31.0500,43.5200,0.000072
FILLER_11_52,VGND,li1,30.1300,43.5200,0.000065
FILLER_11_49,VGND,li1,28.7500,43.5200,0.000065
FILLER_11_31,VGND,li1,20.0100,43.5200,0.000048
FILLER_11_28,VGND,li1,19.0900,43.5200,0.000048
FILLER_11_18,VGND,li1,14.2600,43.5200,0.000048
FILLER_11_15,VGND,li1,13.1100,43.5200,0.000048
FILLER_11_12,VGND,li1,11.7300,43.5200,0.000048
FILLER_11_9,VGND,li1,10.3500,43.5200,0.000048
FILLER_11_6,VGND,li1,8.9700,43.5200,0.000048
FILLER_11_3,VGND,li1,7.5900,43.5200,0.000048
FILLER_10_685,VGND,li1,321.3100,38.0800,0.000753
FILLER_10_682,VGND,li1,319.9300,38.0800,0.000753
FILLER_10_679,VGND,li1,318.5500,38.0800,0.000753
FILLER_10_676,VGND,li1,317.1700,38.0800,0.000753
FILLER_10_673,VGND,li1,315.7900,38.0800,0.000753
FILLER_10_645,VGND,li1,302.4500,38.0800,0.000746
FILLER_10_623,VGND,li1,292.3300,38.0800,0.000718
FILLER_10_620,VGND,li1,291.4100,38.0800,0.000718
FILLER_10_592,VGND,li1,278.3000,38.0800,0.000657
FILLER_10_589,VGND,li1,277.1500,38.0800,0.000647
FILLER_10_586,VGND,li1,275.5400,38.0800,0.000638
FILLER_10_583,VGND,li1,274.3900,38.0800,0.000638
FILLER_10_580,VGND,li1,273.0100,38.0800,0.000625
FILLER_10_577,VGND,li1,271.6300,38.0800,0.000625
FILLER_10_557,VGND,li1,262.4300,38.0800,0.000573
FILLER_10_554,VGND,li1,261.0500,38.0800,0.000573
FILLER_10_551,VGND,li1,259.6700,38.0800,0.000560
FILLER_10_548,VGND,li1,258.2900,38.0800,0.000560
FILLER_10_545,VGND,li1,256.9100,38.0800,0.000546
FILLER_10_542,VGND,li1,255.5300,38.0800,0.000546
FILLER_10_536,VGND,li1,252.3100,38.0800,0.000526
FILLER_10_533,VGND,li1,251.3900,38.0800,0.000526
FILLER_10_531,VGND,li1,250.0100,38.0800,0.000514
FILLER_10_528,VGND,li1,249.0900,38.0800,0.000514
FILLER_10_525,VGND,li1,247.7100,38.0800,0.000504
FILLER_10_522,VGND,li1,246.3300,38.0800,0.000492
FILLER_10_519,VGND,li1,244.9500,38.0800,0.000492
FILLER_10_516,VGND,li1,243.5700,38.0800,0.000479
FILLER_10_513,VGND,li1,242.1900,38.0800,0.000479
FILLER_10_505,VGND,li1,238.5100,38.0800,0.000453
FILLER_10_502,VGND,li1,237.1300,38.0800,0.000453
FILLER_10_499,VGND,li1,235.7500,38.0800,0.000439
FILLER_10_496,VGND,li1,234.3700,38.0800,0.000439
FILLER_10_493,VGND,li1,232.9900,38.0800,0.000424
FILLER_10_490,VGND,li1,231.6100,38.0800,0.000424
FILLER_10_480,VGND,li1,226.7800,38.0800,0.000397
FILLER_10_477,VGND,li1,225.6300,38.0800,0.000383
FILLER_10_451,VGND,li1,213.2100,38.0800,0.000320
FILLER_10_448,VGND,li1,212.2900,38.0800,0.000320
FILLER_10_445,VGND,li1,210.9100,38.0800,0.000309
FILLER_10_427,VGND,li1,202.1700,38.0800,0.000262
FILLER_10_424,VGND,li1,201.2500,38.0800,0.000248
FILLER_10_421,VGND,li1,199.8700,38.0800,0.000248
FILLER_10_418,VGND,li1,198.2600,38.0800,0.000236
FILLER_10_409,VGND,li1,193.8900,38.0800,0.000205
FILLER_10_406,VGND,li1,192.9700,38.0800,0.000205
FILLER_10_371,VGND,li1,176.6400,38.0800,0.000107
FILLER_10_368,VGND,li1,175.4900,38.0800,0.000107
FILLER_10_365,VGND,li1,174.1100,38.0800,0.000114
FILLER_10_361,VGND,li1,172.2700,38.0800,0.000122
FILLER_10_358,VGND,li1,170.8900,38.0800,0.000122
FILLER_10_315,VGND,li1,150.6500,38.0800,0.000169
FILLER_10_312,VGND,li1,149.7300,38.0800,0.000169
FILLER_10_309,VGND,li1,148.3500,38.0800,0.000173
FILLER_10_274,VGND,li1,131.7900,38.0800,0.000189
FILLER_10_271,VGND,li1,130.8700,38.0800,0.000189
FILLER_10_233,VGND,li1,113.1600,38.0800,0.000190
FILLER_10_230,VGND,li1,112.0100,38.0800,0.000189
FILLER_10_209,VGND,li1,102.3500,38.0800,0.000183
FILLER_10_206,VGND,li1,100.9700,38.0800,0.000183
FILLER_10_203,VGND,li1,99.5900,38.0800,0.000181
FILLER_10_200,VGND,li1,98.2100,38.0800,0.000180
FILLER_10_197,VGND,li1,96.8300,38.0800,0.000180
FILLER_10_194,VGND,li1,95.2200,38.0800,0.000179
FILLER_10_191,VGND,li1,94.0700,38.0800,0.000177
FILLER_10_188,VGND,li1,92.6900,38.0800,0.000177
FILLER_10_169,VGND,li1,83.9500,38.0800,0.000169
FILLER_10_166,VGND,li1,82.5700,38.0800,0.000169
FILLER_10_151,VGND,li1,75.6700,38.0800,0.000160
FILLER_10_148,VGND,li1,74.2900,38.0800,0.000160
FILLER_10_134,VGND,li1,67.3900,38.0800,0.000150
FILLER_10_131,VGND,li1,66.4700,38.0800,0.000150
FILLER_10_96,VGND,li1,49.9100,38.0800,0.000116
FILLER_10_93,VGND,li1,48.9900,38.0800,0.000116
FILLER_10_42,VGND,li1,25.0700,38.0800,0.000038
FILLER_10_32,VGND,li1,20.7000,38.0800,0.000038
FILLER_10_29,VGND,li1,19.5500,38.0800,0.000038
FILLER_10_18,VGND,li1,14.2600,38.0800,0.000038
FILLER_10_15,VGND,li1,13.1100,38.0800,0.000038
FILLER_10_12,VGND,li1,11.7300,38.0800,0.000038
FILLER_10_9,VGND,li1,10.3500,38.0800,0.000038
FILLER_10_6,VGND,li1,8.9700,38.0800,0.000038
FILLER_10_3,VGND,li1,7.5900,38.0800,0.000038
FILLER_9_685,VGND,li1,321.3100,38.0800,0.000753
FILLER_9_682,VGND,li1,319.9300,38.0800,0.000753
FILLER_9_679,VGND,li1,318.5500,38.0800,0.000753
FILLER_9_676,VGND,li1,317.1700,38.0800,0.000753
FILLER_9_673,VGND,li1,315.7900,38.0800,0.000753
FILLER_9_671,VGND,li1,314.4100,38.0800,0.000753
FILLER_9_617,VGND,li1,290.0300,38.0800,0.000708
FILLER_9_613,VGND,li1,288.1900,38.0800,0.000696
FILLER_9_610,VGND,li1,286.8100,38.0800,0.000696
FILLER_9_592,VGND,li1,278.5300,38.0800,0.000657
FILLER_9_589,VGND,li1,277.1500,38.0800,0.000647
FILLER_9_586,VGND,li1,275.7700,38.0800,0.000638
FILLER_9_583,VGND,li1,274.3900,38.0800,0.000638
FILLER_9_580,VGND,li1,273.0100,38.0800,0.000625
FILLER_9_577,VGND,li1,271.6300,38.0800,0.000625
FILLER_9_557,VGND,li1,262.4300,38.0800,0.000573
FILLER_9_554,VGND,li1,261.0500,38.0800,0.000573
FILLER_9_551,VGND,li1,259.6700,38.0800,0.000560
FILLER_9_548,VGND,li1,258.2900,38.0800,0.000560
FILLER_9_545,VGND,li1,256.9100,38.0800,0.000546
FILLER_9_534,VGND,li1,251.8500,38.0800,0.000526
FILLER_9_524,VGND,li1,247.0200,38.0800,0.000504
FILLER_9_515,VGND,li1,242.6500,38.0800,0.000479
FILLER_9_505,VGND,li1,238.5100,38.0800,0.000453
FILLER_9_488,VGND,li1,230.4600,38.0800,0.000410
FILLER_9_485,VGND,li1,229.3100,38.0800,0.000410
FILLER_9_482,VGND,li1,227.9300,38.0800,0.000397
FILLER_9_479,VGND,li1,226.5500,38.0800,0.000397
FILLER_9_468,VGND,li1,221.4900,38.0800,0.000369
FILLER_9_465,VGND,li1,220.1100,38.0800,0.000355
FILLER_9_462,VGND,li1,218.7300,38.0800,0.000355
FILLER_9_452,VGND,li1,214.1300,38.0800,0.000330
FILLER_9_449,VGND,li1,212.7500,38.0800,0.000320
FILLER_9_447,VGND,li1,211.3700,38.0800,0.000309
FILLER_9_444,VGND,li1,210.4500,38.0800,0.000309
FILLER_9_435,VGND,li1,206.3100,38.0800,0.000279
FILLER_9_432,VGND,li1,204.9300,38.0800,0.000279
FILLER_9_429,VGND,li1,203.5500,38.0800,0.000262
FILLER_9_426,VGND,li1,202.1700,38.0800,0.000262
FILLER_9_423,VGND,li1,200.7900,38.0800,0.000248
FILLER_9_420,VGND,li1,199.4100,38.0800,0.000236
FILLER_9_417,VGND,li1,198.0300,38.0800,0.000236
FILLER_9_414,VGND,li1,196.6500,38.0800,0.000223
FILLER_9_396,VGND,li1,187.9100,38.0800,0.000173
FILLER_9_393,VGND,li1,186.9900,38.0800,0.000161
FILLER_9_375,VGND,li1,178.2500,38.0800,0.000101
FILLER_9_372,VGND,li1,177.3300,38.0800,0.000101
FILLER_9_369,VGND,li1,175.9500,38.0800,0.000107
FILLER_9_366,VGND,li1,174.5700,38.0800,0.000114
FILLER_9_340,VGND,li1,162.1500,38.0800,0.000144
FILLER_9_337,VGND,li1,161.2300,38.0800,0.000148
FILLER_9_312,VGND,li1,149.5000,38.0800,0.000169
FILLER_9_309,VGND,li1,148.3500,38.0800,0.000173
FILLER_9_281,VGND,li1,135.4700,38.0800,0.000186
FILLER_9_271,VGND,li1,130.4100,38.0800,0.000189
FILLER_9_236,VGND,li1,114.5400,38.0800,0.000190
FILLER_9_233,VGND,li1,113.3900,38.0800,0.000190
FILLER_9_222,VGND,li1,108.1000,38.0800,0.000186
FILLER_9_219,VGND,li1,106.9500,38.0800,0.000186
FILLER_9_213,VGND,li1,103.7300,38.0800,0.000184
FILLER_9_210,VGND,li1,102.8100,38.0800,0.000184
FILLER_9_207,VGND,li1,101.4300,38.0800,0.000183
FILLER_9_204,VGND,li1,100.0500,38.0800,0.000181
FILLER_9_201,VGND,li1,98.6700,38.0800,0.000181
FILLER_9_198,VGND,li1,97.2900,38.0800,0.000180
FILLER_9_195,VGND,li1,95.9100,38.0800,0.000179
FILLER_9_192,VGND,li1,94.5300,38.0800,0.000179
FILLER_9_189,VGND,li1,93.1500,38.0800,0.000177
FILLER_9_180,VGND,li1,88.5500,38.0800,0.000174
FILLER_9_177,VGND,li1,87.6300,38.0800,0.000174
FILLER_9_165,VGND,li1,82.1100,38.0800,0.000167
FILLER_9_162,VGND,li1,80.7300,38.0800,0.000167
FILLER_9_147,VGND,li1,73.6000,38.0800,0.000157
FILLER_9_144,VGND,li1,72.4500,38.0800,0.000157
FILLER_9_141,VGND,li1,71.0700,38.0800,0.000155
FILLER_9_138,VGND,li1,69.6900,38.0800,0.000152
FILLER_9_135,VGND,li1,68.3100,38.0800,0.000152
FILLER_9_132,VGND,li1,66.9300,38.0800,0.000150
FILLER_9_113,VGND,li1,58.1900,38.0800,0.000135
FILLER_9_95,VGND,li1,49.4500,38.0800,0.000116
FILLER_9_60,VGND,li1,33.3500,38.0800,0.000069
FILLER_9_57,VGND,li1,32.4300,38.0800,0.000062
FILLER_9_54,VGND,li1,30.8200,38.0800,0.000055
FILLER_9_51,VGND,li1,29.6700,38.0800,0.000055
FILLER_9_48,VGND,li1,28.2900,38.0800,0.000045
FILLER_9_45,VGND,li1,26.9100,38.0800,0.000045
FILLER_9_42,VGND,li1,25.5300,38.0800,0.000038
FILLER_9_39,VGND,li1,24.1500,38.0800,0.000038
FILLER_9_36,VGND,li1,22.7700,38.0800,0.000038
FILLER_9_33,VGND,li1,21.3900,38.0800,0.000038
FILLER_9_30,VGND,li1,20.0100,38.0800,0.000038
FILLER_9_27,VGND,li1,18.6300,38.0800,0.000038
FILLER_9_24,VGND,li1,17.2500,38.0800,0.000038
FILLER_9_21,VGND,li1,15.8700,38.0800,0.000038
FILLER_9_18,VGND,li1,14.4900,38.0800,0.000038
FILLER_9_15,VGND,li1,13.1100,38.0800,0.000038
FILLER_9_12,VGND,li1,11.7300,38.0800,0.000038
FILLER_9_9,VGND,li1,10.3500,38.0800,0.000038
FILLER_9_6,VGND,li1,8.9700,38.0800,0.000038
FILLER_9_3,VGND,li1,7.5900,38.0800,0.000038
FILLER_8_686,VGND,li1,321.5400,32.6400,0.000506
FILLER_8_683,VGND,li1,320.3900,32.6400,0.000506
FILLER_8_680,VGND,li1,319.0100,32.6400,0.000506
FILLER_8_677,VGND,li1,317.6300,32.6400,0.000506
FILLER_8_674,VGND,li1,316.2500,32.6400,0.000506
FILLER_8_671,VGND,li1,314.8700,32.6400,0.000506
FILLER_8_662,VGND,li1,310.2700,32.6400,0.000506
FILLER_8_635,VGND,li1,297.8500,32.6400,0.000499
FILLER_8_632,VGND,li1,296.9300,32.6400,0.000499
FILLER_8_629,VGND,li1,295.5500,32.6400,0.000497
FILLER_8_602,VGND,li1,283.1300,32.6400,0.000487
FILLER_8_599,VGND,li1,281.7500,32.6400,0.000487
FILLER_8_589,VGND,li1,276.9200,32.6400,0.000483
FILLER_8_568,VGND,li1,267.4900,32.6400,0.000468
FILLER_8_565,VGND,li1,266.1100,32.6400,0.000468
FILLER_8_562,VGND,li1,264.7300,32.6400,0.000465
FILLER_8_559,VGND,li1,263.3500,32.6400,0.000462
FILLER_8_556,VGND,li1,261.9700,32.6400,0.000462
FILLER_8_553,VGND,li1,260.5900,32.6400,0.000457
FILLER_8_550,VGND,li1,259.2100,32.6400,0.000457
FILLER_8_541,VGND,li1,254.6100,32.6400,0.000450
FILLER_8_513,VGND,li1,241.9600,32.6400,0.000424
FILLER_8_477,VGND,li1,225.6300,32.6400,0.000374
FILLER_8_474,VGND,li1,224.0200,32.6400,0.000374
FILLER_8_471,VGND,li1,222.8700,32.6400,0.000368
FILLER_8_468,VGND,li1,221.4900,32.6400,0.000362
FILLER_8_465,VGND,li1,220.1100,32.6400,0.000362
FILLER_8_458,VGND,li1,216.6600,32.6400,0.000347
FILLER_8_455,VGND,li1,215.5100,32.6400,0.000347
FILLER_8_445,VGND,li1,210.9100,32.6400,0.000332
FILLER_8_424,VGND,li1,201.0200,32.6400,0.000287
FILLER_8_421,VGND,li1,199.8700,32.6400,0.000273
FILLER_8_419,VGND,li1,198.4900,32.6400,0.000273
FILLER_8_416,VGND,li1,197.5700,32.6400,0.000260
FILLER_8_413,VGND,li1,196.1900,32.6400,0.000247
FILLER_8_410,VGND,li1,194.8100,32.6400,0.000247
FILLER_8_407,VGND,li1,193.4300,32.6400,0.000231
FILLER_8_404,VGND,li1,192.0500,32.6400,0.000219
FILLER_8_401,VGND,li1,190.6700,32.6400,0.000219
FILLER_8_398,VGND,li1,189.2900,32.6400,0.000203
FILLER_8_380,VGND,li1,180.5500,32.6400,0.000148
FILLER_8_377,VGND,li1,179.6300,32.6400,0.000136
FILLER_8_374,VGND,li1,178.2500,32.6400,0.000148
FILLER_8_371,VGND,li1,176.8700,32.6400,0.000148
FILLER_8_368,VGND,li1,175.4900,32.6400,0.000154
FILLER_8_365,VGND,li1,174.1100,32.6400,0.000162
FILLER_8_361,VGND,li1,172.2700,32.6400,0.000168
FILLER_8_358,VGND,li1,170.8900,32.6400,0.000168
FILLER_8_339,VGND,li1,161.9200,32.6400,0.000201
FILLER_8_336,VGND,li1,160.7700,32.6400,0.000201
FILLER_8_326,VGND,li1,155.9400,32.6400,0.000217
FILLER_8_323,VGND,li1,154.7900,32.6400,0.000217
FILLER_8_282,VGND,li1,135.4700,32.6400,0.000265
FILLER_8_279,VGND,li1,134.5500,32.6400,0.000265
FILLER_8_269,VGND,li1,129.7200,32.6400,0.000275
FILLER_8_266,VGND,li1,128.5700,32.6400,0.000275
FILLER_8_263,VGND,li1,127.1900,32.6400,0.000278
FILLER_8_253,VGND,li1,122.1300,32.6400,0.000283
FILLER_8_243,VGND,li1,117.5300,32.6400,0.000288
FILLER_8_240,VGND,li1,116.6100,32.6400,0.000291
FILLER_8_237,VGND,li1,115.2300,32.6400,0.000291
FILLER_8_234,VGND,li1,113.8500,32.6400,0.000293
FILLER_8_231,VGND,li1,112.4700,32.6400,0.000296
FILLER_8_228,VGND,li1,111.0900,32.6400,0.000296
FILLER_8_225,VGND,li1,109.7100,32.6400,0.000298
FILLER_8_214,VGND,li1,104.4200,32.6400,0.000303
FILLER_8_211,VGND,li1,103.2700,32.6400,0.000305
FILLER_8_197,VGND,li1,96.8300,32.6400,0.000305
FILLER_8_195,VGND,li1,95.4500,32.6400,0.000301
FILLER_8_192,VGND,li1,94.5300,32.6400,0.000301
FILLER_8_189,VGND,li1,93.1500,32.6400,0.000296
FILLER_8_186,VGND,li1,91.7700,32.6400,0.000296
FILLER_8_183,VGND,li1,90.3900,32.6400,0.000291
FILLER_8_180,VGND,li1,89.0100,32.6400,0.000291
FILLER_8_170,VGND,li1,84.1800,32.6400,0.000282
FILLER_8_167,VGND,li1,83.0300,32.6400,0.000278
FILLER_8_164,VGND,li1,81.6500,32.6400,0.000275
FILLER_8_161,VGND,li1,80.2700,32.6400,0.000275
FILLER_8_147,VGND,li1,73.8300,32.6400,0.000258
FILLER_8_144,VGND,li1,72.4500,32.6400,0.000258
FILLER_8_141,VGND,li1,71.0700,32.6400,0.000253
FILLER_8_137,VGND,li1,69.2300,32.6400,0.000248
FILLER_8_134,VGND,li1,67.8500,32.6400,0.000248
FILLER_8_120,VGND,li1,61.4100,32.6400,0.000231
FILLER_8_102,VGND,li1,52.9000,32.6400,0.000205
FILLER_8_99,VGND,li1,51.7500,32.6400,0.000205
FILLER_8_96,VGND,li1,50.3700,32.6400,0.000198
FILLER_8_81,VGND,li1,43.4700,32.6400,0.000173
FILLER_8_71,VGND,li1,38.6400,32.6400,0.000146
FILLER_8_62,VGND,li1,34.2700,32.6400,0.000115
FILLER_8_59,VGND,li1,33.3500,32.6400,0.000115
FILLER_8_56,VGND,li1,31.9700,32.6400,0.000104
FILLER_8_53,VGND,li1,30.5900,32.6400,0.000093
FILLER_8_50,VGND,li1,29.2100,32.6400,0.000083
FILLER_8_47,VGND,li1,27.8300,32.6400,0.000083
FILLER_8_44,VGND,li1,26.4500,32.6400,0.000069
FILLER_8_41,VGND,li1,25.0700,32.6400,0.000058
FILLER_8_38,VGND,li1,23.6900,32.6400,0.000058
FILLER_8_35,VGND,li1,22.3100,32.6400,0.000058
FILLER_8_32,VGND,li1,20.9300,32.6400,0.000058
FILLER_8_29,VGND,li1,19.5500,32.6400,0.000058
FILLER_8_27,VGND,li1,18.1700,32.6400,0.000058
FILLER_8_24,VGND,li1,17.2500,32.6400,0.000058
FILLER_8_21,VGND,li1,15.8700,32.6400,0.000058
FILLER_8_18,VGND,li1,14.4900,32.6400,0.000058
FILLER_8_15,VGND,li1,13.1100,32.6400,0.000058
FILLER_8_12,VGND,li1,11.7300,32.6400,0.000058
FILLER_8_9,VGND,li1,10.3500,32.6400,0.000058
FILLER_8_6,VGND,li1,8.9700,32.6400,0.000058
FILLER_8_3,VGND,li1,7.5900,32.6400,0.000058
FILLER_7_685,VGND,li1,321.3100,32.6400,0.000506
FILLER_7_682,VGND,li1,319.9300,32.6400,0.000506
FILLER_7_679,VGND,li1,318.5500,32.6400,0.000506
FILLER_7_676,VGND,li1,317.1700,32.6400,0.000506
FILLER_7_673,VGND,li1,315.7900,32.6400,0.000506
FILLER_7_670,VGND,li1,314.1800,32.6400,0.000506
FILLER_7_642,VGND,li1,301.3000,32.6400,0.000503
FILLER_7_632,VGND,li1,296.7000,32.6400,0.000499
FILLER_7_629,VGND,li1,295.5500,32.6400,0.000497
FILLER_7_626,VGND,li1,294.1700,32.6400,0.000497
FILLER_7_623,VGND,li1,292.7900,32.6400,0.000495
FILLER_7_620,VGND,li1,291.4100,32.6400,0.000495
FILLER_7_617,VGND,li1,290.0300,32.6400,0.000493
FILLER_7_614,VGND,li1,288.4200,32.6400,0.000492
FILLER_7_611,VGND,li1,287.2700,32.6400,0.000492
FILLER_7_608,VGND,li1,285.8900,32.6400,0.000490
FILLER_7_605,VGND,li1,284.5100,32.6400,0.000490
FILLER_7_602,VGND,li1,283.1300,32.6400,0.000487
FILLER_7_599,VGND,li1,281.7500,32.6400,0.000487
FILLER_7_580,VGND,li1,272.7800,32.6400,0.000478
FILLER_7_570,VGND,li1,268.1800,32.6400,0.000471
FILLER_7_567,VGND,li1,267.0300,32.6400,0.000468
FILLER_7_564,VGND,li1,265.6500,32.6400,0.000465
FILLER_7_561,VGND,li1,264.2700,32.6400,0.000465
FILLER_7_559,VGND,li1,262.8900,32.6400,0.000462
FILLER_7_556,VGND,li1,261.9700,32.6400,0.000462
FILLER_7_553,VGND,li1,260.5900,32.6400,0.000457
FILLER_7_550,VGND,li1,259.2100,32.6400,0.000457
FILLER_7_515,VGND,li1,242.6500,32.6400,0.000424
FILLER_7_475,VGND,li1,224.7100,32.6400,0.000374
FILLER_7_472,VGND,li1,223.3300,32.6400,0.000368
FILLER_7_469,VGND,li1,221.9500,32.6400,0.000368
FILLER_7_466,VGND,li1,220.5700,32.6400,0.000362
FILLER_7_449,VGND,li1,212.5200,32.6400,0.000332
FILLER_7_447,VGND,li1,211.3700,32.6400,0.000332
FILLER_7_427,VGND,li1,202.6300,32.6400,0.000301
FILLER_7_420,VGND,li1,198.9500,32.6400,0.000273
FILLER_7_417,VGND,li1,198.0300,32.6400,0.000260
FILLER_7_414,VGND,li1,196.6500,32.6400,0.000260
FILLER_7_411,VGND,li1,195.2700,32.6400,0.000247
FILLER_7_408,VGND,li1,193.8900,32.6400,0.000231
FILLER_7_405,VGND,li1,192.5100,32.6400,0.000231
FILLER_7_402,VGND,li1,191.1300,32.6400,0.000219
FILLER_7_399,VGND,li1,189.7500,32.6400,0.000203
FILLER_7_396,VGND,li1,188.3700,32.6400,0.000203
FILLER_7_393,VGND,li1,186.9900,32.6400,0.000182
FILLER_7_390,VGND,li1,185.3800,32.6400,0.000182
FILLER_7_387,VGND,li1,184.2300,32.6400,0.000165
FILLER_7_368,VGND,li1,175.0300,32.6400,0.000154
FILLER_7_365,VGND,li1,174.1100,32.6400,0.000162
FILLER_7_362,VGND,li1,172.7300,32.6400,0.000162
FILLER_7_359,VGND,li1,171.3500,32.6400,0.000168
FILLER_7_340,VGND,li1,162.3800,32.6400,0.000195
FILLER_7_337,VGND,li1,161.2300,32.6400,0.000201
FILLER_7_327,VGND,li1,156.1700,32.6400,0.000217
FILLER_7_324,VGND,li1,155.2500,32.6400,0.000217
FILLER_7_321,VGND,li1,153.8700,32.6400,0.000224
FILLER_7_318,VGND,li1,152.4900,32.6400,0.000224
FILLER_7_315,VGND,li1,151.1100,32.6400,0.000232
FILLER_7_304,VGND,li1,146.0500,32.6400,0.000244
FILLER_7_301,VGND,li1,144.6700,32.6400,0.000244
FILLER_7_258,VGND,li1,124.6600,32.6400,0.000280
FILLER_7_239,VGND,li1,116.1500,32.6400,0.000291
FILLER_7_236,VGND,li1,114.7700,32.6400,0.000293
FILLER_7_233,VGND,li1,113.3900,32.6400,0.000293
FILLER_7_172,VGND,li1,85.3300,32.6400,0.000282
FILLER_7_169,VGND,li1,83.9500,32.6400,0.000282
FILLER_7_165,VGND,li1,82.1100,32.6400,0.000278
FILLER_7_151,VGND,li1,75.4400,32.6400,0.000265
FILLER_7_142,VGND,li1,71.0700,32.6400,0.000253
FILLER_7_132,VGND,li1,66.7000,32.6400,0.000242
FILLER_7_129,VGND,li1,65.5500,32.6400,0.000242
FILLER_7_102,VGND,li1,52.9000,32.6400,0.000205
FILLER_7_99,VGND,li1,51.7500,32.6400,0.000205
FILLER_7_63,VGND,li1,34.7300,32.6400,0.000115
FILLER_7_60,VGND,li1,33.8100,32.6400,0.000115
FILLER_7_57,VGND,li1,32.4300,32.6400,0.000104
FILLER_7_54,VGND,li1,30.8200,32.6400,0.000093
FILLER_7_51,VGND,li1,29.6700,32.6400,0.000093
FILLER_7_48,VGND,li1,28.2900,32.6400,0.000083
FILLER_7_45,VGND,li1,26.9100,32.6400,0.000069
FILLER_7_42,VGND,li1,25.5300,32.6400,0.000069
FILLER_7_39,VGND,li1,24.1500,32.6400,0.000058
FILLER_7_36,VGND,li1,22.7700,32.6400,0.000058
FILLER_7_33,VGND,li1,21.3900,32.6400,0.000058
FILLER_7_30,VGND,li1,20.0100,32.6400,0.000058
FILLER_7_27,VGND,li1,18.6300,32.6400,0.000058
FILLER_7_24,VGND,li1,17.2500,32.6400,0.000058
FILLER_7_21,VGND,li1,15.8700,32.6400,0.000058
FILLER_7_18,VGND,li1,14.4900,32.6400,0.000058
FILLER_7_15,VGND,li1,13.1100,32.6400,0.000058
FILLER_7_12,VGND,li1,11.7300,32.6400,0.000058
FILLER_7_9,VGND,li1,10.3500,32.6400,0.000058
FILLER_7_6,VGND,li1,8.9700,32.6400,0.000058
FILLER_7_3,VGND,li1,7.5900,32.6400,0.000058
FILLER_6_687,VGND,li1,321.7700,27.2000,0.000583
FILLER_6_684,VGND,li1,320.8500,27.2000,0.000583
FILLER_6_681,VGND,li1,319.4700,27.2000,0.000583
FILLER_6_678,VGND,li1,318.0900,27.2000,0.000583
FILLER_6_675,VGND,li1,316.7100,27.2000,0.000583
FILLER_6_672,VGND,li1,315.3300,27.2000,0.000583
FILLER_6_669,VGND,li1,313.9500,27.2000,0.000583
FILLER_6_666,VGND,li1,312.5700,27.2000,0.000583
FILLER_6_663,VGND,li1,311.1900,27.2000,0.000583
FILLER_6_660,VGND,li1,309.8100,27.2000,0.000583
FILLER_6_657,VGND,li1,308.4300,27.2000,0.000583
FILLER_6_654,VGND,li1,307.0500,27.2000,0.000583
FILLER_6_645,VGND,li1,302.4500,27.2000,0.000583
FILLER_6_633,VGND,li1,297.3900,27.2000,0.000583
FILLER_6_630,VGND,li1,296.0100,27.2000,0.000583
FILLER_6_627,VGND,li1,294.6300,27.2000,0.000583
FILLER_6_624,VGND,li1,293.2500,27.2000,0.000583
FILLER_6_621,VGND,li1,291.8700,27.2000,0.000583
FILLER_6_618,VGND,li1,290.4900,27.2000,0.000583
FILLER_6_615,VGND,li1,289.1100,27.2000,0.000583
FILLER_6_612,VGND,li1,287.7300,27.2000,0.000583
FILLER_6_609,VGND,li1,286.3500,27.2000,0.000583
FILLER_6_606,VGND,li1,284.9700,27.2000,0.000583
FILLER_6_569,VGND,li1,267.4900,27.2000,0.000577
FILLER_6_566,VGND,li1,266.5700,27.2000,0.000576
FILLER_6_563,VGND,li1,265.1900,27.2000,0.000576
FILLER_6_560,VGND,li1,263.8100,27.2000,0.000575
FILLER_6_541,VGND,li1,254.8400,27.2000,0.000557
FILLER_6_488,VGND,li1,230.2300,27.2000,0.000452
FILLER_6_477,VGND,li1,225.6300,27.2000,0.000426
FILLER_6_475,VGND,li1,224.2500,27.2000,0.000416
FILLER_6_472,VGND,li1,223.3300,27.2000,0.000416
FILLER_6_469,VGND,li1,221.9500,27.2000,0.000405
FILLER_6_424,VGND,li1,201.0200,27.2000,0.000284
FILLER_6_421,VGND,li1,199.8700,27.2000,0.000266
FILLER_6_419,VGND,li1,198.4900,27.2000,0.000266
FILLER_6_416,VGND,li1,197.5700,27.2000,0.000251
FILLER_6_413,VGND,li1,196.1900,27.2000,0.000251
FILLER_6_403,VGND,li1,191.1300,27.2000,0.000217
FILLER_6_400,VGND,li1,190.2100,27.2000,0.000200
FILLER_6_397,VGND,li1,188.8300,27.2000,0.000200
FILLER_6_377,VGND,li1,179.6300,27.2000,0.000128
FILLER_6_374,VGND,li1,178.2500,27.2000,0.000128
FILLER_6_371,VGND,li1,176.8700,27.2000,0.000144
FILLER_6_368,VGND,li1,175.4900,27.2000,0.000144
FILLER_6_365,VGND,li1,174.1100,27.2000,0.000156
FILLER_6_362,VGND,li1,172.5000,27.2000,0.000166
FILLER_6_359,VGND,li1,171.3500,27.2000,0.000166
FILLER_6_356,VGND,li1,169.9700,27.2000,0.000180
FILLER_6_353,VGND,li1,168.5900,27.2000,0.000180
FILLER_6_350,VGND,li1,167.2100,27.2000,0.000192
FILLER_6_347,VGND,li1,165.8300,27.2000,0.000202
FILLER_6_344,VGND,li1,164.4500,27.2000,0.000202
FILLER_6_341,VGND,li1,163.0700,27.2000,0.000214
FILLER_6_338,VGND,li1,161.6900,27.2000,0.000224
FILLER_6_335,VGND,li1,160.3100,27.2000,0.000224
FILLER_6_312,VGND,li1,149.7300,27.2000,0.000283
FILLER_6_309,VGND,li1,148.3500,27.2000,0.000283
FILLER_6_307,VGND,li1,146.9700,27.2000,0.000293
FILLER_6_291,VGND,li1,139.8400,27.2000,0.000322
FILLER_6_256,VGND,li1,123.7400,27.2000,0.000384
FILLER_6_253,VGND,li1,122.5900,27.2000,0.000392
FILLER_6_250,VGND,li1,120.9800,27.2000,0.000392
FILLER_6_237,VGND,li1,115.0000,27.2000,0.000401
FILLER_6_234,VGND,li1,113.8500,27.2000,0.000401
FILLER_6_208,VGND,li1,101.4300,27.2000,0.000394
FILLER_6_205,VGND,li1,100.5100,27.2000,0.000394
FILLER_6_168,VGND,li1,83.4900,27.2000,0.000363
FILLER_6_151,VGND,li1,75.6700,27.2000,0.000349
FILLER_6_141,VGND,li1,70.8400,27.2000,0.000335
FILLER_6_130,VGND,li1,65.7800,27.2000,0.000312
FILLER_6_119,VGND,li1,60.9500,27.2000,0.000278
FILLER_6_101,VGND,li1,52.4400,27.2000,0.000230
FILLER_6_98,VGND,li1,51.2900,27.2000,0.000230
FILLER_6_88,VGND,li1,46.4600,27.2000,0.000201
FILLER_6_85,VGND,li1,45.3100,27.2000,0.000188
FILLER_6_59,VGND,li1,33.3500,27.2000,0.000121
FILLER_6_56,VGND,li1,31.9700,27.2000,0.000110
FILLER_6_53,VGND,li1,30.5900,27.2000,0.000098
FILLER_6_50,VGND,li1,29.2100,27.2000,0.000087
FILLER_6_47,VGND,li1,27.8300,27.2000,0.000087
FILLER_6_44,VGND,li1,26.4500,27.2000,0.000073
FILLER_6_41,VGND,li1,25.0700,27.2000,0.000061
FILLER_6_38,VGND,li1,23.6900,27.2000,0.000061
FILLER_6_35,VGND,li1,22.3100,27.2000,0.000061
FILLER_6_32,VGND,li1,20.9300,27.2000,0.000061
FILLER_6_29,VGND,li1,19.5500,27.2000,0.000061
FILLER_6_27,VGND,li1,18.1700,27.2000,0.000061
FILLER_6_24,VGND,li1,17.2500,27.2000,0.000061
FILLER_6_21,VGND,li1,15.8700,27.2000,0.000061
FILLER_6_18,VGND,li1,14.4900,27.2000,0.000061
FILLER_6_15,VGND,li1,13.1100,27.2000,0.000061
FILLER_6_12,VGND,li1,11.7300,27.2000,0.000061
FILLER_6_9,VGND,li1,10.3500,27.2000,0.000061
FILLER_6_6,VGND,li1,8.9700,27.2000,0.000061
FILLER_6_3,VGND,li1,7.5900,27.2000,0.000061
FILLER_5_685,VGND,li1,321.3100,27.2000,0.000583
FILLER_5_682,VGND,li1,319.9300,27.2000,0.000583
FILLER_5_679,VGND,li1,318.5500,27.2000,0.000583
FILLER_5_676,VGND,li1,317.1700,27.2000,0.000583
FILLER_5_673,VGND,li1,315.7900,27.2000,0.000583
FILLER_5_671,VGND,li1,314.4100,27.2000,0.000583
FILLER_5_668,VGND,li1,313.4900,27.2000,0.000583
FILLER_5_665,VGND,li1,312.1100,27.2000,0.000583
FILLER_5_662,VGND,li1,310.7300,27.2000,0.000583
FILLER_5_659,VGND,li1,309.3500,27.2000,0.000583
FILLER_5_656,VGND,li1,307.9700,27.2000,0.000583
FILLER_5_653,VGND,li1,306.5900,27.2000,0.000583
FILLER_5_650,VGND,li1,305.2100,27.2000,0.000583
FILLER_5_647,VGND,li1,303.8300,27.2000,0.000583
FILLER_5_644,VGND,li1,302.4500,27.2000,0.000583
FILLER_5_641,VGND,li1,301.0700,27.2000,0.000583
FILLER_5_638,VGND,li1,299.6900,27.2000,0.000583
FILLER_5_635,VGND,li1,298.3100,27.2000,0.000583
FILLER_5_632,VGND,li1,296.9300,27.2000,0.000583
FILLER_5_629,VGND,li1,295.5500,27.2000,0.000583
FILLER_5_626,VGND,li1,294.1700,27.2000,0.000583
FILLER_5_623,VGND,li1,292.7900,27.2000,0.000583
FILLER_5_620,VGND,li1,291.4100,27.2000,0.000583
FILLER_5_617,VGND,li1,290.0300,27.2000,0.000583
FILLER_5_613,VGND,li1,288.1900,27.2000,0.000583
FILLER_5_610,VGND,li1,286.8100,27.2000,0.000583
FILLER_5_607,VGND,li1,285.4300,27.2000,0.000583
FILLER_5_573,VGND,li1,269.3300,27.2000,0.000579
FILLER_5_570,VGND,li1,268.4100,27.2000,0.000577
FILLER_5_567,VGND,li1,267.0300,27.2000,0.000577
FILLER_5_564,VGND,li1,265.6500,27.2000,0.000576
FILLER_5_561,VGND,li1,264.2700,27.2000,0.000575
FILLER_5_557,VGND,li1,262.4300,27.2000,0.000573
FILLER_5_543,VGND,li1,255.9900,27.2000,0.000557
FILLER_5_525,VGND,li1,247.2500,27.2000,0.000525
FILLER_5_522,VGND,li1,246.3300,27.2000,0.000525
FILLER_5_513,VGND,li1,241.7300,27.2000,0.000506
FILLER_5_503,VGND,li1,237.1300,27.2000,0.000485
FILLER_5_477,VGND,li1,225.1700,27.2000,0.000426
FILLER_5_427,VGND,li1,202.6300,27.2000,0.000284
FILLER_5_393,VGND,li1,186.5300,27.2000,0.000179
FILLER_5_391,VGND,li1,185.6100,27.2000,0.000179
FILLER_5_382,VGND,li1,181.7000,27.2000,0.000144
FILLER_5_379,VGND,li1,180.5500,27.2000,0.000144
FILLER_5_351,VGND,li1,167.6700,27.2000,0.000192
FILLER_5_348,VGND,li1,166.2900,27.2000,0.000192
FILLER_5_345,VGND,li1,164.9100,27.2000,0.000202
FILLER_5_340,VGND,li1,162.1500,27.2000,0.000214
FILLER_5_337,VGND,li1,161.2300,27.2000,0.000224
FILLER_5_333,VGND,li1,159.3900,27.2000,0.000234
FILLER_5_313,VGND,li1,149.7300,27.2000,0.000283
FILLER_5_310,VGND,li1,148.8100,27.2000,0.000283
FILLER_5_301,VGND,li1,144.2100,27.2000,0.000302
FILLER_5_298,VGND,li1,143.2900,27.2000,0.000312
FILLER_5_281,VGND,li1,135.0100,27.2000,0.000345
FILLER_5_204,VGND,li1,100.0500,27.2000,0.000394
FILLER_5_178,VGND,li1,87.6300,27.2000,0.000373
FILLER_5_175,VGND,li1,86.7100,27.2000,0.000369
FILLER_5_172,VGND,li1,85.3300,27.2000,0.000369
FILLER_5_169,VGND,li1,83.9500,27.2000,0.000363
FILLER_5_167,VGND,li1,82.5700,27.2000,0.000363
FILLER_5_129,VGND,li1,65.0900,27.2000,0.000312
FILLER_5_63,VGND,li1,34.7300,27.2000,0.000121
FILLER_5_60,VGND,li1,33.8100,27.2000,0.000121
FILLER_5_57,VGND,li1,32.4300,27.2000,0.000110
FILLER_5_54,VGND,li1,30.8200,27.2000,0.000098
FILLER_5_51,VGND,li1,29.6700,27.2000,0.000098
FILLER_5_48,VGND,li1,28.2900,27.2000,0.000087
FILLER_5_45,VGND,li1,26.9100,27.2000,0.000073
FILLER_5_42,VGND,li1,25.5300,27.2000,0.000073
FILLER_5_39,VGND,li1,24.1500,27.2000,0.000061
FILLER_5_36,VGND,li1,22.7700,27.2000,0.000061
FILLER_5_33,VGND,li1,21.3900,27.2000,0.000061
FILLER_5_30,VGND,li1,20.0100,27.2000,0.000061
FILLER_5_27,VGND,li1,18.6300,27.2000,0.000061
FILLER_5_24,VGND,li1,17.2500,27.2000,0.000061
FILLER_5_21,VGND,li1,15.8700,27.2000,0.000061
FILLER_5_18,VGND,li1,14.4900,27.2000,0.000061
FILLER_5_15,VGND,li1,13.1100,27.2000,0.000061
FILLER_5_12,VGND,li1,11.7300,27.2000,0.000061
FILLER_5_9,VGND,li1,10.3500,27.2000,0.000061
FILLER_5_6,VGND,li1,8.9700,27.2000,0.000061
FILLER_5_3,VGND,li1,7.5900,27.2000,0.000061
FILLER_4_681,VGND,li1,319.0100,21.7600,0.000578
FILLER_4_678,VGND,li1,318.0900,21.7600,0.000578
FILLER_4_675,VGND,li1,316.7100,21.7600,0.000577
FILLER_4_672,VGND,li1,315.3300,21.7600,0.000577
FILLER_4_669,VGND,li1,313.9500,21.7600,0.000576
FILLER_4_666,VGND,li1,312.5700,21.7600,0.000575
FILLER_4_663,VGND,li1,311.1900,21.7600,0.000575
FILLER_4_660,VGND,li1,309.8100,21.7600,0.000574
FILLER_4_657,VGND,li1,308.4300,21.7600,0.000573
FILLER_4_654,VGND,li1,307.0500,21.7600,0.000573
FILLER_4_651,VGND,li1,305.6700,21.7600,0.000572
FILLER_4_648,VGND,li1,304.2900,21.7600,0.000571
FILLER_4_645,VGND,li1,302.9100,21.7600,0.000571
FILLER_4_641,VGND,li1,301.0700,21.7600,0.000570
FILLER_4_638,VGND,li1,299.6900,21.7600,0.000569
FILLER_4_635,VGND,li1,298.3100,21.7600,0.000569
FILLER_4_632,VGND,li1,296.9300,21.7600,0.000568
FILLER_4_629,VGND,li1,295.5500,21.7600,0.000568
FILLER_4_626,VGND,li1,294.1700,21.7600,0.000566
FILLER_4_623,VGND,li1,292.7900,21.7600,0.000566
FILLER_4_620,VGND,li1,291.4100,21.7600,0.000565
FILLER_4_617,VGND,li1,290.0300,21.7600,0.000565
FILLER_4_614,VGND,li1,288.6500,21.7600,0.000564
FILLER_4_611,VGND,li1,287.2700,21.7600,0.000563
FILLER_4_608,VGND,li1,285.8900,21.7600,0.000563
FILLER_4_605,VGND,li1,284.5100,21.7600,0.000562
FILLER_4_568,VGND,li1,267.4900,21.7600,0.000547
FILLER_4_565,VGND,li1,266.1100,21.7600,0.000544
FILLER_4_536,VGND,li1,252.5400,21.7600,0.000520
FILLER_4_533,VGND,li1,251.3900,21.7600,0.000516
FILLER_4_523,VGND,li1,246.3300,21.7600,0.000506
FILLER_4_480,VGND,li1,226.5500,21.7600,0.000441
FILLER_4_477,VGND,li1,225.6300,21.7600,0.000441
FILLER_4_430,VGND,li1,204.0100,21.7600,0.000313
FILLER_4_421,VGND,li1,199.4100,21.7600,0.000279
FILLER_4_383,VGND,li1,182.3900,21.7600,0.000152
FILLER_4_353,VGND,li1,168.5900,21.7600,0.000178
FILLER_4_350,VGND,li1,167.2100,21.7600,0.000178
FILLER_4_347,VGND,li1,165.8300,21.7600,0.000190
FILLER_4_274,VGND,li1,132.0200,21.7600,0.000258
FILLER_4_271,VGND,li1,130.8700,21.7600,0.000258
FILLER_4_233,VGND,li1,113.3900,21.7600,0.000256
FILLER_4_230,VGND,li1,112.0100,21.7600,0.000254
FILLER_4_202,VGND,li1,98.9000,21.7600,0.000243
FILLER_4_165,VGND,li1,81.6500,21.7600,0.000218
FILLER_4_144,VGND,li1,72.4500,21.7600,0.000203
FILLER_4_141,VGND,li1,71.0700,21.7600,0.000198
FILLER_4_138,VGND,li1,69.4600,21.7600,0.000193
FILLER_4_135,VGND,li1,68.3100,21.7600,0.000193
FILLER_4_106,VGND,li1,54.9700,21.7600,0.000156
FILLER_4_103,VGND,li1,53.5900,21.7600,0.000156
FILLER_4_65,VGND,li1,35.8800,21.7600,0.000094
FILLER_4_62,VGND,li1,34.7300,21.7600,0.000086
FILLER_4_59,VGND,li1,33.3500,21.7600,0.000086
FILLER_4_56,VGND,li1,31.9700,21.7600,0.000078
FILLER_4_53,VGND,li1,30.5900,21.7600,0.000070
FILLER_4_50,VGND,li1,29.2100,21.7600,0.000062
FILLER_4_47,VGND,li1,27.8300,21.7600,0.000062
FILLER_4_44,VGND,li1,26.4500,21.7600,0.000052
FILLER_4_41,VGND,li1,25.0700,21.7600,0.000044
FILLER_4_38,VGND,li1,23.6900,21.7600,0.000044
FILLER_4_35,VGND,li1,22.3100,21.7600,0.000044
FILLER_4_32,VGND,li1,20.9300,21.7600,0.000044
FILLER_4_29,VGND,li1,19.5500,21.7600,0.000044
FILLER_4_27,VGND,li1,18.1700,21.7600,0.000044
FILLER_4_24,VGND,li1,17.2500,21.7600,0.000044
FILLER_4_21,VGND,li1,15.8700,21.7600,0.000044
FILLER_4_18,VGND,li1,14.4900,21.7600,0.000044
FILLER_4_15,VGND,li1,13.1100,21.7600,0.000044
FILLER_4_12,VGND,li1,11.7300,21.7600,0.000044
FILLER_4_9,VGND,li1,10.3500,21.7600,0.000044
FILLER_4_6,VGND,li1,8.9700,21.7600,0.000044
FILLER_4_3,VGND,li1,7.5900,21.7600,0.000044
FILLER_3_682,VGND,li1,319.7000,21.7600,0.000578
FILLER_3_679,VGND,li1,318.5500,21.7600,0.000578
FILLER_3_676,VGND,li1,317.1700,21.7600,0.000578
FILLER_3_673,VGND,li1,315.7900,21.7600,0.000577
FILLER_3_671,VGND,li1,314.4100,21.7600,0.000576
FILLER_3_668,VGND,li1,313.4900,21.7600,0.000576
FILLER_3_665,VGND,li1,312.1100,21.7600,0.000575
FILLER_3_662,VGND,li1,310.7300,21.7600,0.000574
FILLER_3_659,VGND,li1,309.3500,21.7600,0.000574
FILLER_3_656,VGND,li1,307.9700,21.7600,0.000573
FILLER_3_653,VGND,li1,306.5900,21.7600,0.000572
FILLER_3_650,VGND,li1,305.2100,21.7600,0.000572
FILLER_3_647,VGND,li1,303.8300,21.7600,0.000571
FILLER_3_644,VGND,li1,302.4500,21.7600,0.000570
FILLER_3_641,VGND,li1,301.0700,21.7600,0.000570
FILLER_3_638,VGND,li1,299.6900,21.7600,0.000569
FILLER_3_635,VGND,li1,298.3100,21.7600,0.000569
FILLER_3_632,VGND,li1,296.9300,21.7600,0.000568
FILLER_3_629,VGND,li1,295.5500,21.7600,0.000568
FILLER_3_626,VGND,li1,294.1700,21.7600,0.000566
FILLER_3_623,VGND,li1,292.7900,21.7600,0.000566
FILLER_3_620,VGND,li1,291.4100,21.7600,0.000565
FILLER_3_617,VGND,li1,290.0300,21.7600,0.000565
FILLER_3_613,VGND,li1,288.1900,21.7600,0.000564
FILLER_3_610,VGND,li1,286.8100,21.7600,0.000563
FILLER_3_607,VGND,li1,285.4300,21.7600,0.000562
FILLER_3_604,VGND,li1,284.0500,21.7600,0.000562
FILLER_3_601,VGND,li1,282.6700,21.7600,0.000561
FILLER_3_575,VGND,li1,270.2500,21.7600,0.000551
FILLER_3_572,VGND,li1,269.3300,21.7600,0.000551
FILLER_3_569,VGND,li1,267.9500,21.7600,0.000547
FILLER_3_557,VGND,li1,262.4300,21.7600,0.000537
FILLER_3_554,VGND,li1,261.0500,21.7600,0.000537
FILLER_3_449,VGND,li1,212.2900,21.7600,0.000360
FILLER_3_422,VGND,li1,200.1000,21.7600,0.000279
FILLER_3_404,VGND,li1,191.5900,21.7600,0.000226
FILLER_3_393,VGND,li1,186.7600,21.7600,0.000188
FILLER_3_391,VGND,li1,185.6100,21.7600,0.000172
FILLER_3_388,VGND,li1,184.6900,21.7600,0.000172
FILLER_3_316,VGND,li1,151.5700,21.7600,0.000236
FILLER_3_313,VGND,li1,150.1900,21.7600,0.000243
FILLER_3_281,VGND,li1,135.4700,21.7600,0.000257
FILLER_3_228,VGND,li1,110.8600,21.7600,0.000254
FILLER_3_225,VGND,li1,109.7100,21.7600,0.000252
FILLER_3_222,VGND,li1,108.1000,21.7600,0.000251
FILLER_3_219,VGND,li1,106.9500,21.7600,0.000251
FILLER_3_207,VGND,li1,101.4300,21.7600,0.000245
FILLER_3_204,VGND,li1,100.0500,21.7600,0.000245
FILLER_3_177,VGND,li1,87.1700,21.7600,0.000229
FILLER_3_135,VGND,li1,67.8500,21.7600,0.000193
FILLER_3_116,VGND,li1,59.1100,21.7600,0.000168
FILLER_3_113,VGND,li1,58.1900,21.7600,0.000168
FILLER_3_109,VGND,li1,56.3500,21.7600,0.000163
FILLER_3_106,VGND,li1,54.9700,21.7600,0.000156
FILLER_3_69,VGND,li1,37.9500,21.7600,0.000106
FILLER_3_66,VGND,li1,36.5700,21.7600,0.000094
FILLER_3_63,VGND,li1,35.1900,21.7600,0.000094
FILLER_3_60,VGND,li1,33.8100,21.7600,0.000086
FILLER_3_57,VGND,li1,32.4300,21.7600,0.000078
FILLER_3_54,VGND,li1,30.8200,21.7600,0.000070
FILLER_3_51,VGND,li1,29.6700,21.7600,0.000070
FILLER_3_48,VGND,li1,28.2900,21.7600,0.000062
FILLER_3_45,VGND,li1,26.9100,21.7600,0.000052
FILLER_3_42,VGND,li1,25.5300,21.7600,0.000052
FILLER_3_39,VGND,li1,24.1500,21.7600,0.000044
FILLER_3_36,VGND,li1,22.7700,21.7600,0.000044
FILLER_3_33,VGND,li1,21.3900,21.7600,0.000044
FILLER_3_30,VGND,li1,20.0100,21.7600,0.000044
FILLER_3_27,VGND,li1,18.6300,21.7600,0.000044
FILLER_3_24,VGND,li1,17.2500,21.7600,0.000044
FILLER_3_21,VGND,li1,15.8700,21.7600,0.000044
FILLER_3_18,VGND,li1,14.4900,21.7600,0.000044
FILLER_3_15,VGND,li1,13.1100,21.7600,0.000044
FILLER_3_12,VGND,li1,11.7300,21.7600,0.000044
FILLER_3_9,VGND,li1,10.3500,21.7600,0.000044
FILLER_3_6,VGND,li1,8.9700,21.7600,0.000044
FILLER_3_3,VGND,li1,7.5900,21.7600,0.000044
FILLER_2_687,VGND,li1,321.7700,16.3200,0.000507
FILLER_2_684,VGND,li1,320.8500,16.3200,0.000507
FILLER_2_681,VGND,li1,319.4700,16.3200,0.000507
FILLER_2_678,VGND,li1,318.0900,16.3200,0.000507
FILLER_2_675,VGND,li1,316.7100,16.3200,0.000507
FILLER_2_672,VGND,li1,315.3300,16.3200,0.000507
FILLER_2_669,VGND,li1,313.9500,16.3200,0.000507
FILLER_2_666,VGND,li1,312.5700,16.3200,0.000507
FILLER_2_663,VGND,li1,311.1900,16.3200,0.000507
FILLER_2_660,VGND,li1,309.8100,16.3200,0.000507
FILLER_2_657,VGND,li1,308.4300,16.3200,0.000507
FILLER_2_654,VGND,li1,307.0500,16.3200,0.000507
FILLER_2_651,VGND,li1,305.6700,16.3200,0.000507
FILLER_2_648,VGND,li1,304.2900,16.3200,0.000507
FILLER_2_645,VGND,li1,302.9100,16.3200,0.000507
FILLER_2_643,VGND,li1,301.5300,16.3200,0.000507
FILLER_2_640,VGND,li1,300.6100,16.3200,0.000507
FILLER_2_637,VGND,li1,299.2300,16.3200,0.000507
FILLER_2_634,VGND,li1,297.8500,16.3200,0.000507
FILLER_2_631,VGND,li1,296.4700,16.3200,0.000507
FILLER_2_628,VGND,li1,295.0900,16.3200,0.000507
FILLER_2_625,VGND,li1,293.7100,16.3200,0.000507
FILLER_2_622,VGND,li1,292.3300,16.3200,0.000507
FILLER_2_619,VGND,li1,290.9500,16.3200,0.000507
FILLER_2_616,VGND,li1,289.5700,16.3200,0.000507
FILLER_2_613,VGND,li1,288.1900,16.3200,0.000507
FILLER_2_610,VGND,li1,286.8100,16.3200,0.000507
FILLER_2_607,VGND,li1,285.4300,16.3200,0.000507
FILLER_2_604,VGND,li1,284.0500,16.3200,0.000507
FILLER_2_601,VGND,li1,282.6700,16.3200,0.000507
FILLER_2_598,VGND,li1,281.2900,16.3200,0.000507
FILLER_2_595,VGND,li1,279.9100,16.3200,0.000507
FILLER_2_592,VGND,li1,278.5300,16.3200,0.000507
FILLER_2_589,VGND,li1,277.1500,16.3200,0.000507
FILLER_2_587,VGND,li1,275.7700,16.3200,0.000507
FILLER_2_584,VGND,li1,274.8500,16.3200,0.000507
FILLER_2_573,VGND,li1,269.7900,16.3200,0.000507
FILLER_2_570,VGND,li1,268.4100,16.3200,0.000507
FILLER_2_567,VGND,li1,267.0300,16.3200,0.000507
FILLER_2_521,VGND,li1,245.8700,16.3200,0.000484
FILLER_2_494,VGND,li1,233.4500,16.3200,0.000446
FILLER_2_475,VGND,li1,224.2500,16.3200,0.000418
FILLER_2_448,VGND,li1,212.0600,16.3200,0.000350
FILLER_2_445,VGND,li1,210.9100,16.3200,0.000350
FILLER_2_417,VGND,li1,198.0300,16.3200,0.000274
FILLER_2_390,VGND,li1,185.3800,16.3200,0.000191
FILLER_2_354,VGND,li1,168.8200,16.3200,0.000197
FILLER_2_351,VGND,li1,167.6700,16.3200,0.000213
FILLER_2_348,VGND,li1,166.2900,16.3200,0.000213
FILLER_2_345,VGND,li1,164.9100,16.3200,0.000224
FILLER_2_322,VGND,li1,154.1000,16.3200,0.000288
FILLER_2_319,VGND,li1,152.9500,16.3200,0.000288
FILLER_2_309,VGND,li1,147.8900,16.3200,0.000315
FILLER_2_306,VGND,li1,146.7400,16.3200,0.000324
FILLER_2_303,VGND,li1,145.5900,16.3200,0.000324
FILLER_2_197,VGND,li1,96.3700,16.3200,0.000379
FILLER_2_169,VGND,li1,83.7200,16.3200,0.000355
FILLER_2_141,VGND,li1,70.8400,16.3200,0.000313
FILLER_2_137,VGND,li1,69.2300,16.3200,0.000313
FILLER_2_102,VGND,li1,52.6700,16.3200,0.000242
FILLER_2_74,VGND,li1,40.0200,16.3200,0.000161
FILLER_2_71,VGND,li1,38.8700,16.3200,0.000150
FILLER_2_68,VGND,li1,37.4900,16.3200,0.000150
FILLER_2_65,VGND,li1,36.1100,16.3200,0.000135
FILLER_2_62,VGND,li1,34.7300,16.3200,0.000124
FILLER_2_59,VGND,li1,33.3500,16.3200,0.000124
FILLER_2_56,VGND,li1,31.9700,16.3200,0.000112
FILLER_2_53,VGND,li1,30.5900,16.3200,0.000101
FILLER_2_50,VGND,li1,29.2100,16.3200,0.000089
FILLER_2_47,VGND,li1,27.8300,16.3200,0.000089
FILLER_2_44,VGND,li1,26.4500,16.3200,0.000075
FILLER_2_41,VGND,li1,25.0700,16.3200,0.000063
FILLER_2_38,VGND,li1,23.6900,16.3200,0.000063
FILLER_2_35,VGND,li1,22.3100,16.3200,0.000063
FILLER_2_32,VGND,li1,20.9300,16.3200,0.000063
FILLER_2_29,VGND,li1,19.5500,16.3200,0.000063
FILLER_2_27,VGND,li1,18.1700,16.3200,0.000063
FILLER_2_24,VGND,li1,17.2500,16.3200,0.000063
FILLER_2_21,VGND,li1,15.8700,16.3200,0.000063
FILLER_2_18,VGND,li1,14.4900,16.3200,0.000063
FILLER_2_15,VGND,li1,13.1100,16.3200,0.000063
FILLER_2_12,VGND,li1,11.7300,16.3200,0.000063
FILLER_2_9,VGND,li1,10.3500,16.3200,0.000063
FILLER_2_6,VGND,li1,8.9700,16.3200,0.000063
FILLER_2_3,VGND,li1,7.5900,16.3200,0.000063
FILLER_1_685,VGND,li1,321.3100,16.3200,0.000507
FILLER_1_682,VGND,li1,319.9300,16.3200,0.000507
FILLER_1_679,VGND,li1,318.5500,16.3200,0.000507
FILLER_1_676,VGND,li1,317.1700,16.3200,0.000507
FILLER_1_673,VGND,li1,315.7900,16.3200,0.000507
FILLER_1_671,VGND,li1,314.4100,16.3200,0.000507
FILLER_1_668,VGND,li1,313.4900,16.3200,0.000507
FILLER_1_665,VGND,li1,312.1100,16.3200,0.000507
FILLER_1_662,VGND,li1,310.7300,16.3200,0.000507
FILLER_1_659,VGND,li1,309.3500,16.3200,0.000507
FILLER_1_656,VGND,li1,307.9700,16.3200,0.000507
FILLER_1_653,VGND,li1,306.5900,16.3200,0.000507
FILLER_1_650,VGND,li1,305.2100,16.3200,0.000507
FILLER_1_647,VGND,li1,303.8300,16.3200,0.000507
FILLER_1_644,VGND,li1,302.4500,16.3200,0.000507
FILLER_1_641,VGND,li1,301.0700,16.3200,0.000507
FILLER_1_638,VGND,li1,299.6900,16.3200,0.000507
FILLER_1_635,VGND,li1,298.3100,16.3200,0.000507
FILLER_1_632,VGND,li1,296.9300,16.3200,0.000507
FILLER_1_629,VGND,li1,295.5500,16.3200,0.000507
FILLER_1_626,VGND,li1,294.1700,16.3200,0.000507
FILLER_1_623,VGND,li1,292.7900,16.3200,0.000507
FILLER_1_620,VGND,li1,291.4100,16.3200,0.000507
FILLER_1_617,VGND,li1,290.0300,16.3200,0.000507
FILLER_1_614,VGND,li1,288.4200,16.3200,0.000507
FILLER_1_611,VGND,li1,287.2700,16.3200,0.000507
FILLER_1_608,VGND,li1,285.8900,16.3200,0.000507
FILLER_1_605,VGND,li1,284.5100,16.3200,0.000507
FILLER_1_602,VGND,li1,283.1300,16.3200,0.000507
FILLER_1_599,VGND,li1,281.7500,16.3200,0.000507
FILLER_1_596,VGND,li1,280.3700,16.3200,0.000507
FILLER_1_593,VGND,li1,278.9900,16.3200,0.000507
FILLER_1_590,VGND,li1,277.6100,16.3200,0.000507
FILLER_1_587,VGND,li1,276.2300,16.3200,0.000507
FILLER_1_584,VGND,li1,274.8500,16.3200,0.000507
FILLER_1_581,VGND,li1,273.4700,16.3200,0.000507
FILLER_1_578,VGND,li1,272.0900,16.3200,0.000507
FILLER_1_575,VGND,li1,270.7100,16.3200,0.000507
FILLER_1_572,VGND,li1,269.3300,16.3200,0.000507
FILLER_1_569,VGND,li1,267.9500,16.3200,0.000507
FILLER_1_540,VGND,li1,254.6100,16.3200,0.000500
FILLER_1_531,VGND,li1,250.0100,16.3200,0.000492
FILLER_1_528,VGND,li1,249.0900,16.3200,0.000488
FILLER_1_525,VGND,li1,247.7100,16.3200,0.000488
FILLER_1_522,VGND,li1,246.3300,16.3200,0.000484
FILLER_1_452,VGND,li1,213.9000,16.3200,0.000360
FILLER_1_449,VGND,li1,212.7500,16.3200,0.000360
FILLER_1_445,VGND,li1,210.9100,16.3200,0.000350
FILLER_1_393,VGND,li1,186.9900,16.3200,0.000203
FILLER_1_383,VGND,li1,182.1600,16.3200,0.000176
FILLER_1_374,VGND,li1,177.7900,16.3200,0.000143
FILLER_1_354,VGND,li1,169.0500,16.3200,0.000197
FILLER_1_351,VGND,li1,167.6700,16.3200,0.000213
FILLER_1_348,VGND,li1,166.2900,16.3200,0.000213
FILLER_1_345,VGND,li1,164.9100,16.3200,0.000224
FILLER_1_299,VGND,li1,143.2900,16.3200,0.000332
FILLER_1_281,VGND,li1,135.0100,16.3200,0.000358
FILLER_1_269,VGND,li1,129.7200,16.3200,0.000368
FILLER_1_225,VGND,li1,109.7100,16.3200,0.000388
FILLER_1_204,VGND,li1,100.0500,16.3200,0.000382
FILLER_1_201,VGND,li1,98.6700,16.3200,0.000382
FILLER_1_132,VGND,li1,66.9300,16.3200,0.000305
FILLER_1_113,VGND,li1,57.9600,16.3200,0.000264
FILLER_1_94,VGND,li1,48.9900,16.3200,0.000216
FILLER_1_91,VGND,li1,48.0700,16.3200,0.000216
FILLER_1_81,VGND,li1,43.2400,16.3200,0.000179
FILLER_1_78,VGND,li1,42.0900,16.3200,0.000179
FILLER_1_75,VGND,li1,40.7100,16.3200,0.000161
FILLER_1_72,VGND,li1,39.3300,16.3200,0.000161
FILLER_1_69,VGND,li1,37.9500,16.3200,0.000150
FILLER_1_66,VGND,li1,36.5700,16.3200,0.000135
FILLER_1_63,VGND,li1,35.1900,16.3200,0.000135
FILLER_1_60,VGND,li1,33.8100,16.3200,0.000124
FILLER_1_57,VGND,li1,32.4300,16.3200,0.000112
FILLER_1_54,VGND,li1,30.8200,16.3200,0.000101
FILLER_1_51,VGND,li1,29.6700,16.3200,0.000101
FILLER_1_48,VGND,li1,28.2900,16.3200,0.000089
FILLER_1_45,VGND,li1,26.9100,16.3200,0.000075
FILLER_1_42,VGND,li1,25.5300,16.3200,0.000075
FILLER_1_39,VGND,li1,24.1500,16.3200,0.000063
FILLER_1_36,VGND,li1,22.7700,16.3200,0.000063
FILLER_1_33,VGND,li1,21.3900,16.3200,0.000063
FILLER_1_30,VGND,li1,20.0100,16.3200,0.000063
FILLER_1_27,VGND,li1,18.6300,16.3200,0.000063
FILLER_1_24,VGND,li1,17.2500,16.3200,0.000063
FILLER_1_21,VGND,li1,15.8700,16.3200,0.000063
FILLER_1_18,VGND,li1,14.4900,16.3200,0.000063
FILLER_1_15,VGND,li1,13.1100,16.3200,0.000063
FILLER_1_12,VGND,li1,11.7300,16.3200,0.000063
FILLER_1_9,VGND,li1,10.3500,16.3200,0.000063
FILLER_1_6,VGND,li1,8.9700,16.3200,0.000063
FILLER_1_3,VGND,li1,7.5900,16.3200,0.000063
FILLER_0_685,VGND,li1,321.3100,10.8800,0.000181
FILLER_0_682,VGND,li1,319.9300,10.8800,0.000181
FILLER_0_679,VGND,li1,318.5500,10.8800,0.000181
FILLER_0_676,VGND,li1,317.1700,10.8800,0.000181
FILLER_0_673,VGND,li1,315.7900,10.8800,0.000181
FILLER_0_669,VGND,li1,313.9500,10.8800,0.000181
FILLER_0_666,VGND,li1,312.5700,10.8800,0.000181
FILLER_0_663,VGND,li1,311.1900,10.8800,0.000181
FILLER_0_660,VGND,li1,309.8100,10.8800,0.000181
FILLER_0_657,VGND,li1,308.4300,10.8800,0.000181
FILLER_0_654,VGND,li1,307.0500,10.8800,0.000181
FILLER_0_651,VGND,li1,305.6700,10.8800,0.000181
FILLER_0_648,VGND,li1,304.2900,10.8800,0.000181
FILLER_0_645,VGND,li1,302.9100,10.8800,0.000181
FILLER_0_643,VGND,li1,301.5300,10.8800,0.000181
FILLER_0_640,VGND,li1,300.6100,10.8800,0.000181
FILLER_0_637,VGND,li1,299.2300,10.8800,0.000181
FILLER_0_634,VGND,li1,297.8500,10.8800,0.000181
FILLER_0_631,VGND,li1,296.4700,10.8800,0.000181
FILLER_0_620,VGND,li1,290.9500,10.8800,0.000180
FILLER_0_617,VGND,li1,290.0300,10.8800,0.000180
FILLER_0_615,VGND,li1,288.6500,10.8800,0.000180
FILLER_0_612,VGND,li1,287.7300,10.8800,0.000179
FILLER_0_609,VGND,li1,286.3500,10.8800,0.000179
FILLER_0_604,VGND,li1,283.5900,10.8800,0.000179
FILLER_0_601,VGND,li1,282.6700,10.8800,0.000178
FILLER_0_598,VGND,li1,281.2900,10.8800,0.000178
FILLER_0_595,VGND,li1,279.9100,10.8800,0.000176
FILLER_0_592,VGND,li1,278.5300,10.8800,0.000176
FILLER_0_589,VGND,li1,277.1500,10.8800,0.000175
FILLER_0_587,VGND,li1,275.7700,10.8800,0.000175
FILLER_0_584,VGND,li1,274.8500,10.8800,0.000174
FILLER_0_579,VGND,li1,272.0900,10.8800,0.000173
FILLER_0_576,VGND,li1,271.1700,10.8800,0.000173
FILLER_0_573,VGND,li1,269.7900,10.8800,0.000171
FILLER_0_567,VGND,li1,266.8000,10.8800,0.000170
FILLER_0_564,VGND,li1,265.6500,10.8800,0.000170
FILLER_0_561,VGND,li1,264.2700,10.8800,0.000168
FILLER_0_533,VGND,li1,250.9300,10.8800,0.000156
FILLER_0_531,VGND,li1,250.0100,10.8800,0.000156
FILLER_0_528,VGND,li1,249.0900,10.8800,0.000153
FILLER_0_525,VGND,li1,247.7100,10.8800,0.000153
FILLER_0_516,VGND,li1,243.5700,10.8800,0.000147
FILLER_0_513,VGND,li1,242.1900,10.8800,0.000147
FILLER_0_501,VGND,li1,236.6700,10.8800,0.000140
FILLER_0_471,VGND,li1,222.4100,10.8800,0.000121
FILLER_0_461,VGND,li1,218.0400,10.8800,0.000111
FILLER_0_458,VGND,li1,216.8900,10.8800,0.000111
FILLER_0_449,VGND,li1,212.2900,10.8800,0.000101
FILLER_0_445,VGND,li1,210.9100,10.8800,0.000101
FILLER_0_418,VGND,li1,198.2600,10.8800,0.000076
FILLER_0_415,VGND,li1,197.1100,10.8800,0.000076
FILLER_0_404,VGND,li1,192.0500,10.8800,0.000066
FILLER_0_393,VGND,li1,186.9900,10.8800,0.000054
FILLER_0_365,VGND,li1,174.1100,10.8800,0.000046
FILLER_0_353,VGND,li1,168.5900,10.8800,0.000053
FILLER_0_350,VGND,li1,167.2100,10.8800,0.000057
FILLER_0_347,VGND,li1,165.8300,10.8800,0.000057
FILLER_0_333,VGND,li1,159.3900,10.8800,0.000065
FILLER_0_281,VGND,li1,135.0100,10.8800,0.000083
FILLER_0_253,VGND,li1,122.1300,10.8800,0.000087
FILLER_0_225,VGND,li1,109.7100,10.8800,0.000087
FILLER_0_205,VGND,li1,100.5100,10.8800,0.000085
FILLER_0_193,VGND,li1,94.9900,10.8800,0.000084
FILLER_0_190,VGND,li1,93.6100,10.8800,0.000084
FILLER_0_178,VGND,li1,87.8600,10.8800,0.000082
FILLER_0_141,VGND,li1,71.0700,10.8800,0.000072
FILLER_0_119,VGND,li1,60.4900,10.8800,0.000063
FILLER_0_116,VGND,li1,59.5700,10.8800,0.000060
FILLER_0_113,VGND,li1,58.1900,10.8800,0.000060
FILLER_0_109,VGND,li1,56.3500,10.8800,0.000058
FILLER_0_100,VGND,li1,51.7500,10.8800,0.000053
FILLER_0_97,VGND,li1,50.8300,10.8800,0.000050
FILLER_0_94,VGND,li1,49.4500,10.8800,0.000050
FILLER_0_91,VGND,li1,48.0700,10.8800,0.000047
FILLER_0_88,VGND,li1,46.6900,10.8800,0.000047
FILLER_0_85,VGND,li1,45.3100,10.8800,0.000043
FILLER_0_82,VGND,li1,43.7000,10.8800,0.000043
FILLER_0_79,VGND,li1,42.5500,10.8800,0.000040
FILLER_0_76,VGND,li1,41.1700,10.8800,0.000040
FILLER_0_66,VGND,li1,36.1100,10.8800,0.000032
FILLER_0_63,VGND,li1,35.1900,10.8800,0.000032
FILLER_0_60,VGND,li1,33.8100,10.8800,0.000028
FILLER_0_57,VGND,li1,32.4300,10.8800,0.000028
FILLER_0_53,VGND,li1,30.5900,10.8800,0.000025
FILLER_0_50,VGND,li1,29.2100,10.8800,0.000020
FILLER_0_47,VGND,li1,27.8300,10.8800,0.000020
FILLER_0_44,VGND,li1,26.4500,10.8800,0.000016
FILLER_0_41,VGND,li1,25.0700,10.8800,0.000016
FILLER_0_38,VGND,li1,23.6900,10.8800,0.000016
FILLER_0_35,VGND,li1,22.3100,10.8800,0.000016
FILLER_0_32,VGND,li1,20.9300,10.8800,0.000016
FILLER_0_29,VGND,li1,19.5500,10.8800,0.000016
FILLER_0_27,VGND,li1,18.1700,10.8800,0.000016
FILLER_0_24,VGND,li1,17.2500,10.8800,0.000016
FILLER_0_21,VGND,li1,15.8700,10.8800,0.000016
FILLER_0_18,VGND,li1,14.4900,10.8800,0.000016
FILLER_0_15,VGND,li1,13.1100,10.8800,0.000016
FILLER_0_12,VGND,li1,11.7300,10.8800,0.000016
FILLER_0_9,VGND,li1,10.3500,10.8800,0.000016
FILLER_0_6,VGND,li1,8.9700,10.8800,0.000016
FILLER_0_3,VGND,li1,7.5900,10.8800,0.000016
ANTENNA_47,VGND,li1,146.2800,255.6800,0.000185
ANTENNA_46,VGND,li1,120.9800,125.1200,0.000434
ANTENNA_45,VGND,li1,165.1400,201.2800,0.000178
ANTENNA_44,VGND,li1,164.6800,195.8400,0.000249
ANTENNA_43,VGND,li1,128.8000,168.6400,0.000389
ANTENNA_42,VGND,li1,220.3400,168.6400,0.000462
ANTENNA_41,VGND,li1,211.1400,146.8800,0.000535
ANTENNA_40,VGND,li1,255.3000,130.5600,0.000469
ANTENNA_39,VGND,li1,151.3400,168.6400,0.000396
ANTENNA_38,VGND,li1,224.4800,152.3200,0.000849
ANTENNA_37,VGND,li1,210.6800,141.4400,0.000335
ANTENNA_36,VGND,li1,161.0000,141.4400,0.000169
ANTENNA_35,VGND,li1,164.2200,179.5200,0.000312
ANTENNA_34,VGND,li1,51.5200,163.2000,0.000118
ANTENNA_33,VGND,li1,43.7000,282.8800,0.000177
ANTENNA_32,VGND,li1,184.4600,76.1600,0.000113
ANTENNA_31,VGND,li1,89.7000,87.0400,0.000182
ANTENNA_30,VGND,li1,190.4400,157.7600,0.000235
ANTENNA_29,VGND,li1,152.2600,103.3600,0.000317
ANTENNA_28,VGND,li1,151.3400,103.3600,0.000317
ANTENNA_27,VGND,li1,158.2400,27.2000,0.000234
ANTENNA_26,VGND,li1,184.0000,103.3600,0.000180
ANTENNA_25,VGND,li1,253.4600,310.0800,0.000267
ANTENNA_24,VGND,li1,180.7800,54.4000,0.000117
ANTENNA_23,VGND,li1,284.2800,179.5200,0.000946
ANTENNA_22,VGND,li1,310.9600,103.3600,0.000579
ANTENNA_21,VGND,li1,177.5600,174.0800,0.000129
ANTENNA_20,VGND,li1,175.2600,157.7600,0.000170
ANTENNA_19,VGND,li1,185.8400,141.4400,0.000163
ANTENNA_18,VGND,li1,7.3600,179.5200,0.000079
ANTENNA_17,VGND,li1,175.7200,179.5200,0.000241
ANTENNA_16,VGND,li1,176.6400,130.5600,0.000121
ANTENNA_15,VGND,li1,229.5400,184.9600,0.000706
ANTENNA_14,VGND,li1,216.2000,320.9600,0.000517
ANTENNA_13,VGND,li1,111.3200,299.2000,0.000236
ANTENNA_12,VGND,li1,318.3200,179.5200,0.000963
ANTENNA_11,VGND,li1,169.2800,195.8400,0.000226
ANTENNA_10,VGND,li1,259.4400,146.8800,0.000966
ANTENNA_9,VGND,li1,153.1800,81.6000,0.000354
ANTENNA_8,VGND,li1,152.2600,157.7600,0.000342
ANTENNA_7,VGND,li1,199.6400,277.4400,0.000343
ANTENNA_6,VGND,li1,199.6400,179.5200,0.000444
ANTENNA_5,VGND,li1,267.2600,190.4000,0.000965
ANTENNA_4,VGND,li1,168.8200,217.6000,0.000197
ANTENNA_3,VGND,li1,212.5200,146.8800,0.000554
ANTENNA_2,VGND,li1,267.2600,179.5200,0.000921
ANTENNA_1,VGND,li1,112.7000,201.2800,0.000257
hold2161,VGND,li1,170.2000,184.9600,0.000261
hold2160,VGND,li1,220.3400,10.8800,0.000117
hold2159,VGND,li1,257.6000,114.2400,0.000634
hold2158,VGND,li1,266.3400,163.2000,0.000401
hold2157,VGND,li1,265.4200,21.7600,0.000544
hold2156,VGND,li1,46.4600,282.8800,0.000185
hold2155,VGND,li1,258.5200,174.0800,0.000588
hold2154,VGND,li1,132.4800,43.5200,0.000192
hold2153,VGND,li1,201.0200,315.5200,0.000209
hold2152,VGND,li1,83.7200,21.7600,0.000222
hold2151,VGND,li1,63.9400,174.0800,0.000172
hold2150,VGND,li1,256.6800,54.4000,0.000500
hold2149,VGND,li1,245.6400,223.0400,0.000990
hold2148,VGND,li1,51.0600,228.4800,0.000218
hold2147,VGND,li1,43.7000,32.6400,0.000173
hold2146,VGND,li1,148.1200,315.5200,0.000278
hold2145,VGND,li1,191.8200,141.4400,0.000199
hold2144,VGND,li1,162.3800,16.3200,0.000237
hold2143,VGND,li1,266.8000,320.9600,0.000671
hold2142,VGND,li1,65.3200,48.9600,0.000166
hold2141,VGND,li1,172.0400,174.0800,0.000150
hold2140,VGND,li1,246.1000,282.8800,0.000325
hold2139,VGND,li1,125.1200,190.4000,0.000320
hold2138,VGND,li1,235.5200,304.6400,0.000571
hold2137,VGND,li1,162.3800,266.5600,0.000316
hold2136,VGND,li1,42.3200,119.6800,0.000170
hold2135,VGND,li1,189.0600,239.3600,0.000189
hold2134,VGND,li1,295.3200,233.9200,0.000898
hold2133,VGND,li1,229.0800,38.0800,0.000410
hold2132,VGND,li1,131.1000,184.9600,0.000441
hold2131,VGND,li1,150.4200,16.3200,0.000302
hold2130,VGND,li1,50.6000,103.3600,0.000155
hold2129,VGND,li1,89.2400,201.2800,0.000240
hold2128,VGND,li1,118.6800,315.5200,0.000359
hold2127,VGND,li1,239.6600,65.2800,0.000723
hold2126,VGND,li1,161.0000,54.4000,0.000150
hold2125,VGND,li1,138.0000,38.0800,0.000184
hold2124,VGND,li1,73.1400,190.4000,0.000279
hold2123,VGND,li1,179.4000,233.9200,0.000154
hold2122,VGND,li1,265.4200,212.1600,0.000770
hold2121,VGND,li1,188.1400,168.6400,0.000284
hold2120,VGND,li1,60.2600,163.2000,0.000138
hold2119,VGND,li1,46.4600,223.0400,0.000095
hold2118,VGND,li1,226.7800,157.7600,0.000422
hold2117,VGND,li1,251.1600,272.0000,0.001267
hold2116,VGND,li1,62.5600,184.9600,0.000410
hold2115,VGND,li1,218.9600,304.6400,0.000471
hold2114,VGND,li1,108.1000,54.4000,0.000226
hold2113,VGND,li1,87.8600,179.5200,0.000399
hold2112,VGND,li1,119.6000,239.3600,0.000365
hold2111,VGND,li1,273.2400,255.6800,0.000586
hold2110,VGND,li1,222.6400,38.0800,0.000369
hold2109,VGND,li1,232.3000,206.7200,0.000855
hold2108,VGND,li1,232.7600,81.6000,0.000522
hold2107,VGND,li1,166.0600,299.2000,0.000194
hold2106,VGND,li1,317.4000,272.0000,0.001596
hold2105,VGND,li1,240.1200,21.7600,0.000491
hold2104,VGND,li1,218.9600,141.4400,0.000390
hold2103,VGND,li1,188.1400,81.6000,0.000268
hold2102,VGND,li1,85.1000,315.5200,0.000326
hold2101,VGND,li1,175.2600,304.6400,0.000144
hold2100,VGND,li1,72.2200,114.2400,0.000300
hold2099,VGND,li1,196.8800,141.4400,0.000234
hold2098,VGND,li1,186.3000,217.6000,0.000256
hold2097,VGND,li1,99.3600,217.6000,0.000325
hold2096,VGND,li1,157.7800,119.6800,0.000381
hold2095,VGND,li1,280.6000,184.9600,0.000957
hold2094,VGND,li1,132.4800,27.2000,0.000353
hold2093,VGND,li1,201.0200,65.2800,0.000398
hold2092,VGND,li1,195.5000,16.3200,0.000263
hold2091,VGND,li1,93.8400,119.6800,0.000386
hold2090,VGND,li1,172.0400,43.5200,0.000124
hold2089,VGND,li1,201.0200,195.8400,0.000419
hold2088,VGND,li1,125.1200,217.6000,0.000333
hold2087,VGND,li1,51.5200,206.7200,0.000136
hold2086,VGND,li1,198.2600,217.6000,0.000397
hold2085,VGND,li1,73.1400,233.9200,0.000304
hold2084,VGND,li1,167.9000,141.4400,0.000149
hold2083,VGND,li1,152.7200,206.7200,0.000316
hold2082,VGND,li1,126.0400,168.6400,0.000387
hold2081,VGND,li1,137.5400,152.3200,0.000339
hold2080,VGND,li1,149.5000,168.6400,0.000397
hold2079,VGND,li1,226.7800,223.0400,0.000818
hold2078,VGND,li1,319.7000,282.8800,0.000460
hold2077,VGND,li1,253.0000,184.9600,0.000839
hold2076,VGND,li1,215.2800,146.8800,0.000575
hold2075,VGND,li1,140.7600,152.3200,0.000334
hold2074,VGND,li1,106.7200,250.2400,0.000280
hold2073,VGND,li1,239.6600,206.7200,0.000906
hold2072,VGND,li1,116.8400,76.1600,0.000231
hold2071,VGND,li1,221.7200,184.9600,0.000653
hold2070,VGND,li1,235.5200,250.2400,0.000485
hold2069,VGND,li1,316.9400,87.0400,0.000555
hold2068,VGND,li1,274.1600,206.7200,0.001068
hold2067,VGND,li1,249.3200,315.5200,0.000350
hold2066,VGND,li1,277.3800,272.0000,0.001459
hold2065,VGND,li1,76.3600,201.2800,0.000218
hold2064,VGND,li1,76.8200,244.8000,0.000256
hold2063,VGND,li1,195.9600,315.5200,0.000184
hold2062,VGND,li1,149.5000,32.6400,0.000232
hold2061,VGND,li1,183.0800,206.7200,0.000287
hold2060,VGND,li1,170.2000,157.7600,0.000211
hold2059,VGND,li1,226.7800,54.4000,0.000420
hold2058,VGND,li1,113.1600,114.2400,0.000296
hold2057,VGND,li1,260.3600,119.6800,0.001529
hold2056,VGND,li1,242.4200,70.7200,0.000813
hold2055,VGND,li1,200.5600,250.2400,0.000292
hold2054,VGND,li1,161.9200,233.9200,0.000261
hold2053,VGND,li1,93.8400,206.7200,0.000272
hold2052,VGND,li1,295.3200,174.0800,0.000693
hold2051,VGND,li1,137.0800,152.3200,0.000339
hold2050,VGND,li1,117.3000,217.6000,0.000348
hold2049,VGND,li1,183.0800,244.8000,0.000192
hold2048,VGND,li1,119.6000,266.5600,0.000442
hold2047,VGND,li1,274.1600,304.6400,0.000738
hold2046,VGND,li1,246.5600,157.7600,0.000500
hold2045,VGND,li1,164.2200,141.4400,0.000158
hold2044,VGND,li1,278.3000,92.4800,0.000767
hold2043,VGND,li1,71.3000,261.1200,0.000207
hold2042,VGND,li1,218.5000,70.7200,0.000590
hold2041,VGND,li1,90.1600,87.0400,0.000182
hold2040,VGND,li1,93.8400,255.6800,0.000217
hold2039,VGND,li1,218.5000,310.0800,0.000233
hold2038,VGND,li1,144.4400,212.1600,0.000297
hold2037,VGND,li1,188.1400,152.3200,0.000382
hold2036,VGND,li1,265.4200,266.5600,0.000944
hold2035,VGND,li1,162.3800,21.7600,0.000197
hold2034,VGND,li1,214.3600,21.7600,0.000375
hold2033,VGND,li1,119.6000,201.2800,0.000257
hold2032,VGND,li1,213.9000,48.9600,0.000260
hold2031,VGND,li1,63.0200,32.6400,0.000231
hold2030,VGND,li1,231.8400,81.6000,0.000522
hold2029,VGND,li1,12.4200,233.9200,0.000090
hold2028,VGND,li1,55.2000,27.2000,0.000251
hold2027,VGND,li1,270.0200,266.5600,0.000957
hold2026,VGND,li1,241.0400,97.9200,0.000421
hold2025,VGND,li1,291.6400,141.4400,0.000673
hold2024,VGND,li1,136.6200,103.3600,0.000355
hold2023,VGND,li1,279.2200,179.5200,0.000942
hold2022,VGND,li1,218.5000,76.1600,0.000245
hold2021,VGND,li1,156.4000,38.0800,0.000159
hold2020,VGND,li1,320.1600,250.2400,0.000720
hold2019,VGND,li1,142.6000,146.8800,0.000328
hold2018,VGND,li1,221.2600,201.2800,0.000402
hold2017,VGND,li1,264.5000,103.3600,0.000506
hold2016,VGND,li1,41.8600,179.5200,0.000181
hold2015,VGND,li1,105.8000,108.8000,0.000508
hold2014,VGND,li1,153.6400,217.6000,0.000256
hold2013,VGND,li1,184.0000,38.0800,0.000138
hold2012,VGND,li1,296.7000,54.4000,0.000549
hold2011,VGND,li1,216.2000,76.1600,0.000238
hold2010,VGND,li1,273.7000,223.0400,0.001224
hold2009,VGND,li1,227.2400,81.6000,0.000499
hold2008,VGND,li1,230.4600,157.7600,0.000434
hold2007,VGND,li1,126.5000,108.8000,0.000477
hold2006,VGND,li1,97.9800,228.4800,0.000428
hold2005,VGND,li1,206.0800,310.0800,0.000218
hold2004,VGND,li1,84.1800,179.5200,0.000383
hold2003,VGND,li1,144.9000,223.0400,0.000259
hold2002,VGND,li1,239.6600,125.1200,0.000383
hold2001,VGND,li1,201.0200,195.8400,0.000419
hold2000,VGND,li1,183.0800,217.6000,0.000230
hold1999,VGND,li1,20.7000,282.8800,0.000082
hold1998,VGND,li1,193.2000,163.2000,0.000164
hold1997,VGND,li1,320.1600,239.3600,0.000352
hold1996,VGND,li1,217.5800,103.3600,0.000334
hold1995,VGND,li1,241.5000,261.1200,0.000536
hold1994,VGND,li1,108.5600,206.7200,0.000308
hold1993,VGND,li1,16.5600,228.4800,0.000075
hold1992,VGND,li1,108.5600,320.9600,0.000325
hold1991,VGND,li1,308.6600,239.3600,0.000352
hold1990,VGND,li1,62.5600,119.6800,0.000261
hold1989,VGND,li1,208.8400,70.7200,0.000480
hold1988,VGND,li1,317.4000,163.2000,0.000452
hold1987,VGND,li1,208.8400,163.2000,0.000239
hold1986,VGND,li1,132.0200,299.2000,0.000248
hold1985,VGND,li1,162.3800,163.2000,0.000125
hold1984,VGND,li1,244.2600,92.4800,0.000636
hold1983,VGND,li1,65.3200,266.5600,0.000275
hold1982,VGND,li1,307.2800,293.7600,0.000448
hold1981,VGND,li1,78.2000,250.2400,0.000278
hold1980,VGND,li1,119.6000,163.2000,0.000202
hold1979,VGND,li1,201.0200,87.0400,0.000311
hold1978,VGND,li1,290.7200,277.4400,0.000940
hold1977,VGND,li1,106.7200,152.3200,0.000375
hold1976,VGND,li1,200.5600,136.0000,0.000302
hold1975,VGND,li1,304.5200,146.8800,0.001209
hold1974,VGND,li1,213.9000,179.5200,0.000576
hold1973,VGND,li1,23.9200,223.0400,0.000044
hold1972,VGND,li1,160.0800,277.4400,0.000255
hold1971,VGND,li1,213.9000,266.5600,0.000587
hold1970,VGND,li1,291.1800,288.3200,0.000577
hold1969,VGND,li1,49.2200,255.6800,0.000152
hold1968,VGND,li1,201.4800,266.5600,0.000458
hold1967,VGND,li1,182.1600,76.1600,0.000105
hold1966,VGND,li1,50.6000,119.6800,0.000208
hold1965,VGND,li1,310.0400,130.5600,0.000549
hold1964,VGND,li1,224.0200,70.7200,0.000645
hold1963,VGND,li1,280.1400,21.7600,0.000560
hold1962,VGND,li1,203.3200,114.2400,0.000315
hold1961,VGND,li1,126.9600,244.8000,0.000320
hold1960,VGND,li1,175.2600,272.0000,0.000246
hold1959,VGND,li1,150.4200,70.7200,0.000186
hold1958,VGND,li1,201.0200,244.8000,0.000370
hold1957,VGND,li1,48.3000,119.6800,0.000197
hold1956,VGND,li1,99.3600,320.9600,0.000316
hold1955,VGND,li1,166.0600,125.1200,0.000213
hold1954,VGND,li1,36.3400,244.8000,0.000108
hold1953,VGND,li1,201.0200,266.5600,0.000458
hold1952,VGND,li1,299.4600,304.6400,0.000763
hold1951,VGND,li1,292.5600,250.2400,0.000691
hold1950,VGND,li1,179.8600,16.3200,0.000160
hold1949,VGND,li1,181.7000,97.9200,0.000125
hold1948,VGND,li1,308.2000,277.4400,0.000959
hold1947,VGND,li1,126.5000,114.2400,0.000279
hold1946,VGND,li1,319.2400,54.4000,0.000556
hold1945,VGND,li1,291.1800,157.7600,0.000606
hold1944,VGND,li1,260.3600,103.3600,0.000494
hold1943,VGND,li1,274.6200,201.2800,0.000621
hold1942,VGND,li1,276.4600,97.9200,0.000562
hold1941,VGND,li1,66.2400,97.9200,0.000200
hold1940,VGND,li1,261.7400,87.0400,0.000533
hold1939,VGND,li1,105.3400,168.6400,0.000365
hold1938,VGND,li1,273.7000,163.2000,0.000409
hold1937,VGND,li1,161.4600,304.6400,0.000168
hold1936,VGND,li1,239.6600,76.1600,0.000304
hold1935,VGND,li1,185.3800,228.4800,0.000244
hold1934,VGND,li1,49.2200,32.6400,0.000198
hold1933,VGND,li1,247.9400,217.6000,0.000777
hold1932,VGND,li1,299.0000,233.9200,0.000903
hold1931,VGND,li1,51.9800,179.5200,0.000240
hold1930,VGND,li1,226.7800,103.3600,0.000375
hold1929,VGND,li1,232.3000,223.0400,0.000870
hold1928,VGND,li1,294.4000,76.1600,0.000417
hold1927,VGND,li1,84.6400,136.0000,0.000342
hold1926,VGND,li1,63.4800,27.2000,0.000300
hold1925,VGND,li1,213.9000,255.6800,0.000344
hold1924,VGND,li1,68.0800,130.5600,0.000278
hold1923,VGND,li1,299.0000,190.4000,0.001135
hold1922,VGND,li1,315.1000,87.0400,0.000555
hold1921,VGND,li1,302.6800,92.4800,0.000778
hold1920,VGND,li1,291.1800,206.7200,0.001085
hold1919,VGND,li1,171.1200,201.2800,0.000149
hold1918,VGND,li1,72.2200,168.6400,0.000279
hold1917,VGND,li1,83.7200,184.9600,0.000459
hold1916,VGND,li1,126.0400,282.8800,0.000221
hold1915,VGND,li1,16.5600,223.0400,0.000050
hold1914,VGND,li1,127.8800,48.9600,0.000234
hold1913,VGND,li1,27.6000,152.3200,0.000135
hold1912,VGND,li1,201.0200,320.9600,0.000397
hold1911,VGND,li1,247.4800,320.9600,0.000654
hold1910,VGND,li1,238.2800,239.3600,0.000313
hold1909,VGND,li1,246.1000,239.3600,0.000323
hold1908,VGND,li1,293.9400,223.0400,0.001350
hold1907,VGND,li1,317.4000,136.0000,0.000613
hold1906,VGND,li1,196.8800,195.8400,0.000362
hold1905,VGND,li1,57.5000,21.7600,0.000163
hold1904,VGND,li1,76.3600,157.7600,0.000429
hold1903,VGND,li1,11.0400,119.6800,0.000093
hold1902,VGND,li1,312.8000,261.1200,0.000611
hold1901,VGND,li1,213.9000,103.3600,0.000325
hold1900,VGND,li1,37.2600,255.6800,0.000108
hold1899,VGND,li1,273.2400,48.9600,0.000402
hold1898,VGND,li1,21.1600,81.6000,0.000100
hold1897,VGND,li1,132.4800,261.1200,0.000256
hold1896,VGND,li1,99.8200,130.5600,0.000290
hold1895,VGND,li1,311.8800,179.5200,0.000961
hold1894,VGND,li1,183.0800,261.1200,0.000202
hold1893,VGND,li1,43.2400,27.2000,0.000176
hold1892,VGND,li1,148.5800,255.6800,0.000182
hold1891,VGND,li1,235.0600,266.5600,0.000774
hold1890,VGND,li1,96.1400,212.1600,0.000369
hold1889,VGND,li1,269.5600,48.9600,0.000399
hold1888,VGND,li1,59.3400,108.8000,0.000322
hold1887,VGND,li1,255.7600,261.1200,0.000563
hold1886,VGND,li1,162.3800,250.2400,0.000164
hold1885,VGND,li1,265.4200,65.2800,0.000860
hold1884,VGND,li1,132.4800,21.7600,0.000258
hold1883,VGND,li1,97.9800,190.4000,0.000321
hold1882,VGND,li1,252.5400,277.4400,0.000770
hold1881,VGND,li1,194.5800,54.4000,0.000212
hold1880,VGND,li1,312.3400,38.0800,0.000753
hold1879,VGND,li1,188.1400,119.6800,0.000456
hold1878,VGND,li1,145.3600,217.6000,0.000277
hold1877,VGND,li1,291.1800,146.8800,0.001157
hold1876,VGND,li1,208.8400,293.7600,0.000259
hold1875,VGND,li1,189.0600,163.2000,0.000138
hold1874,VGND,li1,308.2000,32.6400,0.000506
hold1873,VGND,li1,80.9600,282.8800,0.000297
hold1872,VGND,li1,252.5400,59.8400,0.001362
hold1871,VGND,li1,84.1800,114.2400,0.000304
hold1870,VGND,li1,125.5800,97.9200,0.000210
hold1869,VGND,li1,183.5400,255.6800,0.000143
hold1868,VGND,li1,139.3800,206.7200,0.000343
hold1867,VGND,li1,26.2200,255.6800,0.000056
hold1866,VGND,li1,78.2000,27.2000,0.000354
hold1865,VGND,li1,33.5800,114.2400,0.000135
hold1864,VGND,li1,271.8600,272.0000,0.001437
hold1863,VGND,li1,264.0400,157.7600,0.000553
hold1862,VGND,li1,256.2200,326.4000,0.000102
hold1861,VGND,li1,116.8400,38.0800,0.000192
hold1860,VGND,li1,86.4800,146.8800,0.000270
hold1859,VGND,li1,214.8200,32.6400,0.000339
hold1858,VGND,li1,207.4600,179.5200,0.000515
hold1857,VGND,li1,58.8800,32.6400,0.000220
hold1856,VGND,li1,152.7200,59.8400,0.000435
hold1855,VGND,li1,209.7600,43.5200,0.000344
hold1854,VGND,li1,278.3000,304.6400,0.000746
hold1853,VGND,li1,175.2600,320.9600,0.000181
hold1852,VGND,li1,94.3000,65.2800,0.000447
hold1851,VGND,li1,203.3200,157.7600,0.000308
hold1850,VGND,li1,272.7800,54.4000,0.000523
hold1849,VGND,li1,294.8600,87.0400,0.000552
hold1848,VGND,li1,231.8400,16.3200,0.000446
hold1847,VGND,li1,84.6400,272.0000,0.000288
hold1846,VGND,li1,120.5200,38.0800,0.000192
hold1845,VGND,li1,245.6400,136.0000,0.000484
hold1844,VGND,li1,145.3600,315.5200,0.000293
hold1843,VGND,li1,265.4200,16.3200,0.000507
hold1842,VGND,li1,89.7000,206.7200,0.000259
hold1841,VGND,li1,253.0000,282.8800,0.000343
hold1840,VGND,li1,261.2800,27.2000,0.000573
hold1839,VGND,li1,291.6400,288.3200,0.000577
hold1838,VGND,li1,200.5600,244.8000,0.000352
hold1837,VGND,li1,76.8200,130.5600,0.000296
hold1836,VGND,li1,263.5800,223.0400,0.001148
hold1835,VGND,li1,29.4400,174.0800,0.000070
hold1834,VGND,li1,188.1400,326.4000,0.000043
hold1833,VGND,li1,221.2600,163.2000,0.000290
hold1832,VGND,li1,8.7400,163.2000,0.000065
hold1831,VGND,li1,226.7800,163.2000,0.000311
hold1830,VGND,li1,155.9400,272.0000,0.000294
hold1829,VGND,li1,209.7600,201.2800,0.000326
hold1828,VGND,li1,110.8600,299.2000,0.000236
hold1827,VGND,li1,142.1400,27.2000,0.000312
hold1826,VGND,li1,132.4800,174.0800,0.000239
hold1825,VGND,li1,265.4200,223.0400,0.001165
hold1824,VGND,li1,207.0000,114.2400,0.000334
hold1823,VGND,li1,159.1600,70.7200,0.000179
hold1822,VGND,li1,308.6600,168.6400,0.000678
hold1821,VGND,li1,243.8000,293.7600,0.000368
hold1820,VGND,li1,53.3600,266.5600,0.000218
hold1819,VGND,li1,251.1600,136.0000,0.000497
hold1818,VGND,li1,116.3800,168.6400,0.000379
hold1817,VGND,li1,23.0000,239.3600,0.000075
hold1816,VGND,li1,139.3800,272.0000,0.000317
hold1815,VGND,li1,208.3800,168.6400,0.000402
hold1814,VGND,li1,146.7400,48.9600,0.000216
hold1813,VGND,li1,115.0000,97.9200,0.000218
hold1812,VGND,li1,306.3600,255.6800,0.000628
hold1811,VGND,li1,86.9400,310.0800,0.000212
hold1810,VGND,li1,241.5000,223.0400,0.000955
hold1809,VGND,li1,110.4000,201.2800,0.000256
hold1808,VGND,li1,99.8200,146.8800,0.000297
hold1807,VGND,li1,278.3000,103.3600,0.000540
hold1806,VGND,li1,316.9400,141.4400,0.000701
hold1805,VGND,li1,197.3400,293.7600,0.000206
hold1804,VGND,li1,218.9600,217.6000,0.000595
hold1803,VGND,li1,295.3200,195.8400,0.000891
hold1802,VGND,li1,255.7600,157.7600,0.000530
hold1801,VGND,li1,148.1200,54.4000,0.000176
hold1800,VGND,li1,72.2200,59.8400,0.000543
hold1799,VGND,li1,315.1000,108.8000,0.001368
hold1798,VGND,li1,318.3200,157.7600,0.000619
hold1797,VGND,li1,288.4200,48.9600,0.000413
hold1796,VGND,li1,312.8000,81.6000,0.000768
hold1795,VGND,li1,213.9000,326.4000,0.000073
hold1794,VGND,li1,65.3200,282.8800,0.000264
hold1793,VGND,li1,291.1800,130.5600,0.000534
hold1792,VGND,li1,138.9200,326.4000,0.000073
hold1791,VGND,li1,209.3000,119.6800,0.000923
hold1790,VGND,li1,133.8600,168.6400,0.000392
hold1789,VGND,li1,48.3000,59.8400,0.000353
hold1788,VGND,li1,145.3600,136.0000,0.000304
hold1787,VGND,li1,209.7600,59.8400,0.000833
hold1786,VGND,li1,57.0400,233.9200,0.000260
hold1785,VGND,li1,102.5800,70.7200,0.000177
hold1784,VGND,li1,239.6600,114.2400,0.000545
hold1783,VGND,li1,102.1200,92.4800,0.000206
hold1782,VGND,li1,41.4000,146.8800,0.000124
hold1781,VGND,li1,102.1200,277.4400,0.000401
hold1780,VGND,li1,262.2000,174.0800,0.000600
hold1779,VGND,li1,119.6000,97.9200,0.000215
hold1778,VGND,li1,299.0000,304.6400,0.000763
hold1777,VGND,li1,167.4400,81.6000,0.000258
hold1776,VGND,li1,201.9400,217.6000,0.000430
hold1775,VGND,li1,150.8800,315.5200,0.000260
hold1774,VGND,li1,32.2000,168.6400,0.000104
hold1773,VGND,li1,230.4600,65.2800,0.000657
hold1772,VGND,li1,21.6200,195.8400,0.000101
hold1771,VGND,li1,98.9000,299.2000,0.000225
hold1770,VGND,li1,106.7200,195.8400,0.000401
hold1769,VGND,li1,55.2000,97.9200,0.000179
hold1768,VGND,li1,231.3800,97.9200,0.000378
hold1767,VGND,li1,26.2200,146.8800,0.000065
hold1766,VGND,li1,196.8800,233.9200,0.000313
hold1765,VGND,li1,166.5200,130.5600,0.000155
hold1764,VGND,li1,162.3800,119.6800,0.000360
hold1763,VGND,li1,66.7000,184.9600,0.000434
hold1762,VGND,li1,87.4000,87.0400,0.000178
hold1761,VGND,li1,36.3400,223.0400,0.000071
hold1760,VGND,li1,213.9000,136.0000,0.000373
hold1759,VGND,li1,293.0200,310.0800,0.000292
hold1758,VGND,li1,239.6600,27.2000,0.000496
hold1757,VGND,li1,141.6800,244.8000,0.000290
hold1756,VGND,li1,64.4000,168.6400,0.000252
hold1755,VGND,li1,76.8200,87.0400,0.000158
hold1754,VGND,li1,56.5800,81.6000,0.000341
hold1753,VGND,li1,137.5400,184.9600,0.000434
hold1752,VGND,li1,141.2200,54.4000,0.000188
hold1751,VGND,li1,188.1400,288.3200,0.000194
hold1750,VGND,li1,114.5400,299.2000,0.000239
hold1749,VGND,li1,179.4000,250.2400,0.000133
hold1748,VGND,li1,222.1800,233.9200,0.000521
hold1747,VGND,li1,59.3400,304.6400,0.000124
hold1746,VGND,li1,72.2200,141.4400,0.000175
hold1745,VGND,li1,85.5600,70.7200,0.000156
hold1744,VGND,li1,309.5800,92.4800,0.000781
hold1743,VGND,li1,277.8400,87.0400,0.000548
hold1742,VGND,li1,182.6200,54.4000,0.000130
hold1741,VGND,li1,73.1400,293.7600,0.000304
hold1740,VGND,li1,111.7800,103.3600,0.000355
hold1739,VGND,li1,289.3400,32.6400,0.000493
hold1738,VGND,li1,245.1800,59.8400,0.001267
hold1737,VGND,li1,297.6200,59.8400,0.001524
hold1736,VGND,li1,114.5400,27.2000,0.000401
hold1735,VGND,li1,13.3400,244.8000,0.000062
hold1734,VGND,li1,272.7800,168.6400,0.000633
hold1733,VGND,li1,132.4800,250.2400,0.000246
hold1732,VGND,li1,299.4600,299.2000,0.000674
hold1731,VGND,li1,262.2000,152.3200,0.001100
hold1730,VGND,li1,241.9600,299.2000,0.000496
hold1729,VGND,li1,109.9400,65.2800,0.000445
hold1728,VGND,li1,222.6400,282.8800,0.000261
hold1727,VGND,li1,320.1600,108.8000,0.001368
hold1726,VGND,li1,218.9600,125.1200,0.000307
hold1725,VGND,li1,167.4400,304.6400,0.000159
hold1724,VGND,li1,223.5600,261.1200,0.000494
hold1723,VGND,li1,40.9400,277.4400,0.000145
hold1722,VGND,li1,64.4000,157.7600,0.000366
hold1721,VGND,li1,192.7400,233.9200,0.000276
hold1720,VGND,li1,113.1600,310.0800,0.000209
hold1719,VGND,li1,59.3400,157.7600,0.000328
hold1718,VGND,li1,98.9000,233.9200,0.000346
hold1717,VGND,li1,193.2000,141.4400,0.000217
hold1716,VGND,li1,88.3200,16.3200,0.000366
hold1715,VGND,li1,259.9000,201.2800,0.000576
hold1714,VGND,li1,63.0200,108.8000,0.000343
hold1713,VGND,li1,26.2200,130.5600,0.000074
hold1712,VGND,li1,24.3800,114.2400,0.000074
hold1711,VGND,li1,29.4400,97.9200,0.000098
hold1710,VGND,li1,128.3400,54.4000,0.000206
hold1709,VGND,li1,219.4200,92.4800,0.000490
hold1708,VGND,li1,256.2200,261.1200,0.000563
hold1707,VGND,li1,111.7800,288.3200,0.000236
hold1706,VGND,li1,63.9400,244.8000,0.000215
hold1705,VGND,li1,26.2200,299.2000,0.000036
hold1704,VGND,li1,256.6800,32.6400,0.000454
hold1703,VGND,li1,309.1200,277.4400,0.000961
hold1702,VGND,li1,145.3600,163.2000,0.000164
hold1701,VGND,li1,179.8600,163.2000,0.000094
hold1700,VGND,li1,235.0600,27.2000,0.000473
hold1699,VGND,li1,273.7000,119.6800,0.001557
hold1698,VGND,li1,77.7400,32.6400,0.000270
hold1697,VGND,li1,16.5600,48.9600,0.000046
hold1696,VGND,li1,68.0800,250.2400,0.000267
hold1695,VGND,li1,15.1800,206.7200,0.000054
hold1694,VGND,li1,144.4400,108.8000,0.000414
hold1693,VGND,li1,260.3600,201.2800,0.000576
hold1692,VGND,li1,147.2000,163.2000,0.000160
hold1691,VGND,li1,28.5200,239.3600,0.000094
hold1690,VGND,li1,60.7200,38.0800,0.000142
hold1689,VGND,li1,154.5600,125.1200,0.000282
hold1688,VGND,li1,20.7000,157.7600,0.000088
hold1687,VGND,li1,34.5000,38.0800,0.000069
hold1686,VGND,li1,90.1600,54.4000,0.000222
hold1685,VGND,li1,80.9600,168.6400,0.000309
hold1684,VGND,li1,103.5000,130.5600,0.000288
hold1683,VGND,li1,55.2000,168.6400,0.000217
hold1682,VGND,li1,93.3800,168.6400,0.000340
hold1681,VGND,li1,40.4800,206.7200,0.000100
hold1680,VGND,li1,101.2000,239.3600,0.000384
hold1679,VGND,li1,158.2400,293.7600,0.000224
hold1678,VGND,li1,134.3200,21.7600,0.000257
hold1677,VGND,li1,320.1600,103.3600,0.000580
hold1676,VGND,li1,308.6600,272.0000,0.001586
hold1675,VGND,li1,82.3400,288.3200,0.000250
hold1674,VGND,li1,228.1600,277.4400,0.000596
hold1673,VGND,li1,111.3200,43.5200,0.000198
hold1672,VGND,li1,183.0800,201.2800,0.000163
hold1671,VGND,li1,89.7000,152.3200,0.000373
hold1670,VGND,li1,79.1200,326.4000,0.000071
hold1669,VGND,li1,104.8800,76.1600,0.000231
hold1668,VGND,li1,68.5400,54.4000,0.000189
hold1667,VGND,li1,94.3000,288.3200,0.000246
hold1666,VGND,li1,218.5000,255.6800,0.000365
hold1665,VGND,li1,16.5600,70.7200,0.000052
hold1664,VGND,li1,247.4800,157.7600,0.000500
hold1663,VGND,li1,73.1400,16.3200,0.000326
hold1662,VGND,li1,279.6800,70.7200,0.001123
hold1661,VGND,li1,313.2600,195.8400,0.000907
hold1660,VGND,li1,213.9000,201.2800,0.000355
hold1659,VGND,li1,320.1600,65.2800,0.000934
hold1658,VGND,li1,27.1400,59.8400,0.000135
hold1657,VGND,li1,45.0800,87.0400,0.000086
hold1656,VGND,li1,60.2600,320.9600,0.000206
hold1655,VGND,li1,42.3200,87.0400,0.000079
hold1654,VGND,li1,41.8600,65.2800,0.000206
hold1653,VGND,li1,139.3800,81.6000,0.000429
hold1652,VGND,li1,58.4200,272.0000,0.000213
hold1651,VGND,li1,230.9200,141.4400,0.000458
hold1650,VGND,li1,79.5800,266.5600,0.000342
hold1649,VGND,li1,86.0200,59.8400,0.000594
hold1648,VGND,li1,49.2200,65.2800,0.000248
hold1647,VGND,li1,31.7400,266.5600,0.000103
hold1646,VGND,li1,17.9400,228.4800,0.000075
hold1645,VGND,li1,248.4000,92.4800,0.000656
hold1644,VGND,li1,27.1400,277.4400,0.000069
hold1643,VGND,li1,218.0400,97.9200,0.000326
hold1642,VGND,li1,136.1600,103.3600,0.000357
hold1641,VGND,li1,139.8400,277.4400,0.000352
hold1640,VGND,li1,15.6400,65.2800,0.000090
hold1639,VGND,li1,295.3200,266.5600,0.001021
hold1638,VGND,li1,158.2400,163.2000,0.000135
hold1637,VGND,li1,256.2200,108.8000,0.001085
hold1636,VGND,li1,154.5600,70.7200,0.000183
hold1635,VGND,li1,291.1800,87.0400,0.000552
hold1634,VGND,li1,114.5400,233.9200,0.000352
hold1633,VGND,li1,305.9000,65.2800,0.000929
hold1632,VGND,li1,292.5600,179.5200,0.000951
hold1631,VGND,li1,20.7000,212.1600,0.000087
hold1630,VGND,li1,191.8200,326.4000,0.000048
hold1629,VGND,li1,158.2400,38.0800,0.000152
hold1628,VGND,li1,24.3800,212.1600,0.000087
hold1627,VGND,li1,307.2800,125.1200,0.000506
hold1626,VGND,li1,122.8200,54.4000,0.000213
hold1625,VGND,li1,117.3000,125.1200,0.000441
hold1624,VGND,li1,226.7800,65.2800,0.000629
hold1623,VGND,li1,119.6000,146.8800,0.000322
hold1622,VGND,li1,195.5000,59.8400,0.000600
hold1621,VGND,li1,106.7200,250.2400,0.000280
hold1620,VGND,li1,198.2600,304.6400,0.000309
hold1619,VGND,li1,115.9200,43.5200,0.000199
hold1618,VGND,li1,274.1600,87.0400,0.000547
hold1617,VGND,li1,110.8600,27.2000,0.000401
hold1616,VGND,li1,11.9600,76.1600,0.000081
hold1615,VGND,li1,171.1200,244.8000,0.000188
hold1614,VGND,li1,241.9600,125.1200,0.000390
hold1613,VGND,li1,239.6600,141.4400,0.000510
hold1612,VGND,li1,46.4600,38.0800,0.000109
hold1611,VGND,li1,161.4600,21.7600,0.000205
hold1610,VGND,li1,93.8400,304.6400,0.000177
hold1609,VGND,li1,293.4800,152.3200,0.001186
hold1608,VGND,li1,26.6800,119.6800,0.000094
hold1607,VGND,li1,193.2000,277.4400,0.000296
hold1606,VGND,li1,21.6200,103.3600,0.000045
hold1605,VGND,li1,198.7200,130.5600,0.000230
hold1604,VGND,li1,162.3800,97.9200,0.000146
hold1603,VGND,li1,132.4800,97.9200,0.000204
hold1602,VGND,li1,157.3200,217.6000,0.000240
hold1601,VGND,li1,103.5000,310.0800,0.000211
hold1600,VGND,li1,252.5400,326.4000,0.000100
hold1599,VGND,li1,311.8800,32.6400,0.000506
hold1598,VGND,li1,90.1600,310.0800,0.000212
hold1597,VGND,li1,180.7800,87.0400,0.000155
hold1596,VGND,li1,310.0400,92.4800,0.000781
hold1595,VGND,li1,124.2000,261.1200,0.000262
hold1594,VGND,li1,232.3000,48.9600,0.000321
hold1593,VGND,li1,171.1200,97.9200,0.000122
hold1592,VGND,li1,50.1400,223.0400,0.000104
hold1591,VGND,li1,40.9400,32.6400,0.000159
hold1590,VGND,li1,261.7400,212.1600,0.000760
hold1589,VGND,li1,63.0200,304.6400,0.000130
hold1588,VGND,li1,218.5000,288.3200,0.000414
hold1587,VGND,li1,201.0200,76.1600,0.000188
hold1586,VGND,li1,218.0400,212.1600,0.000505
hold1585,VGND,li1,16.5600,272.0000,0.000071
hold1584,VGND,li1,103.9600,48.9600,0.000247
hold1583,VGND,li1,103.0400,239.3600,0.000387
hold1582,VGND,li1,124.2000,70.7200,0.000191
hold1581,VGND,li1,120.5200,201.2800,0.000257
hold1580,VGND,li1,129.2600,201.2800,0.000255
hold1579,VGND,li1,194.5800,10.8800,0.000071
hold1578,VGND,li1,182.6200,244.8000,0.000192
hold1577,VGND,li1,59.3400,136.0000,0.000250
hold1576,VGND,li1,64.8600,201.2800,0.000197
hold1575,VGND,li1,229.0800,266.5600,0.000725
hold1574,VGND,li1,39.5600,119.6800,0.000154
hold1573,VGND,li1,115.0000,195.8400,0.000389
hold1572,VGND,li1,51.5200,92.4800,0.000153
hold1571,VGND,li1,87.8600,157.7600,0.000464
hold1570,VGND,li1,119.6000,223.0400,0.000246
hold1569,VGND,li1,78.2000,108.8000,0.000414
hold1568,VGND,li1,102.1200,16.3200,0.000385
hold1567,VGND,li1,103.0400,195.8400,0.000403
hold1566,VGND,li1,175.2600,310.0800,0.000100
hold1565,VGND,li1,171.1200,87.0400,0.000143
hold1564,VGND,li1,118.6800,70.7200,0.000190
hold1563,VGND,li1,25.7600,163.2000,0.000049
hold1562,VGND,li1,126.0400,304.6400,0.000194
hold1561,VGND,li1,78.2000,228.4800,0.000353
hold1560,VGND,li1,243.3400,206.7200,0.000929
hold1559,VGND,li1,272.3200,239.3600,0.000346
hold1558,VGND,li1,311.8800,152.3200,0.001210
hold1557,VGND,li1,115.9200,16.3200,0.000385
hold1556,VGND,li1,204.7000,87.0400,0.000332
hold1555,VGND,li1,257.1400,43.5200,0.000573
hold1554,VGND,li1,150.4200,320.9600,0.000283
hold1553,VGND,li1,316.9400,217.6000,0.000971
hold1552,VGND,li1,296.2400,114.2400,0.000763
hold1551,VGND,li1,74.0600,233.9200,0.000304
hold1550,VGND,li1,28.9800,108.8000,0.000124
hold1549,VGND,li1,239.6600,32.6400,0.000419
hold1548,VGND,li1,119.6000,326.4000,0.000077
hold1547,VGND,li1,30.8200,48.9600,0.000055
hold1546,VGND,li1,85.5600,239.3600,0.000349
hold1545,VGND,li1,132.4800,206.7200,0.000338
hold1544,VGND,li1,150.8800,125.1200,0.000300
hold1543,VGND,li1,101.6600,304.6400,0.000184
hold1542,VGND,li1,311.4200,179.5200,0.000961
hold1541,VGND,li1,221.2600,27.2000,0.000405
hold1540,VGND,li1,180.3200,76.1600,0.000095
hold1539,VGND,li1,28.9800,184.9600,0.000139
hold1538,VGND,li1,259.9000,244.8000,0.000729
hold1537,VGND,li1,119.6000,108.8000,0.000499
hold1536,VGND,li1,149.5000,184.9600,0.000388
hold1535,VGND,li1,16.1000,114.2400,0.000079
hold1534,VGND,li1,136.6200,136.0000,0.000327
hold1533,VGND,li1,132.4800,81.6000,0.000453
hold1532,VGND,li1,86.9400,244.8000,0.000287
hold1531,VGND,li1,39.5600,239.3600,0.000157
hold1530,VGND,li1,149.5000,239.3600,0.000262
hold1529,VGND,li1,227.2400,184.9600,0.000693
hold1528,VGND,li1,194.5800,217.6000,0.000357
hold1527,VGND,li1,270.4800,304.6400,0.000732
hold1526,VGND,li1,167.4400,108.8000,0.000288
hold1525,VGND,li1,155.0200,239.3600,0.000236
hold1524,VGND,li1,213.9000,228.4800,0.000505
hold1523,VGND,li1,162.8400,114.2400,0.000185
hold1522,VGND,li1,144.9000,293.7600,0.000288
hold1521,VGND,li1,29.9000,141.4400,0.000070
hold1520,VGND,li1,248.4000,59.8400,0.001317
hold1519,VGND,li1,45.5400,16.3200,0.000193
hold1518,VGND,li1,204.7000,97.9200,0.000254
hold1517,VGND,li1,288.4200,206.7200,0.001082
hold1516,VGND,li1,50.6000,239.3600,0.000213
hold1515,VGND,li1,201.0200,201.2800,0.000282
hold1514,VGND,li1,212.9800,136.0000,0.000364
hold1513,VGND,li1,102.5800,282.8800,0.000272
hold1512,VGND,li1,299.0000,190.4000,0.001135
hold1511,VGND,li1,189.0600,108.8000,0.000375
hold1510,VGND,li1,137.5400,70.7200,0.000191
hold1509,VGND,li1,63.4800,250.2400,0.000262
hold1508,VGND,li1,182.6200,119.6800,0.000358
hold1507,VGND,li1,282.4400,27.2000,0.000583
hold1506,VGND,li1,179.4000,255.6800,0.000117
hold1505,VGND,li1,169.7400,54.4000,0.000131
hold1504,VGND,li1,26.6800,299.2000,0.000044
hold1503,VGND,li1,168.8200,32.6400,0.000176
hold1502,VGND,li1,119.6000,54.4000,0.000216
hold1501,VGND,li1,247.4800,152.3200,0.001029
hold1500,VGND,li1,108.5600,217.6000,0.000349
hold1499,VGND,li1,209.7600,326.4000,0.000069
hold1498,VGND,li1,272.7800,184.9600,0.000929
hold1497,VGND,li1,239.6600,152.3200,0.000977
hold1496,VGND,li1,51.0600,184.9600,0.000354
hold1495,VGND,li1,204.2400,223.0400,0.000586
hold1494,VGND,li1,160.0800,168.6400,0.000394
hold1493,VGND,li1,291.1800,48.9600,0.000413
hold1492,VGND,li1,137.5400,38.0800,0.000184
hold1491,VGND,li1,244.7200,184.9600,0.000796
hold1490,VGND,li1,247.4800,21.7600,0.000506
hold1489,VGND,li1,261.2800,282.8800,0.000365
hold1488,VGND,li1,125.1200,239.3600,0.000348
hold1487,VGND,li1,103.5000,27.2000,0.000398
hold1486,VGND,li1,55.2000,315.5200,0.000205
hold1485,VGND,li1,137.5400,250.2400,0.000236
hold1484,VGND,li1,204.7000,228.4800,0.000424
hold1483,VGND,li1,104.8800,184.9600,0.000465
hold1482,VGND,li1,183.5400,141.4400,0.000148
hold1481,VGND,li1,14.7200,119.6800,0.000093
hold1480,VGND,li1,269.1000,190.4000,0.000977
hold1479,VGND,li1,55.2000,206.7200,0.000148
hold1478,VGND,li1,111.7800,59.8400,0.000612
hold1477,VGND,li1,116.3800,141.4400,0.000225
hold1476,VGND,li1,62.5600,119.6800,0.000261
hold1475,VGND,li1,218.0400,310.0800,0.000233
hold1474,VGND,li1,233.6800,250.2400,0.000477
hold1473,VGND,li1,49.6800,293.7600,0.000196
hold1472,VGND,li1,42.3200,81.6000,0.000229
hold1471,VGND,li1,299.0000,250.2400,0.000701
hold1470,VGND,li1,162.8400,206.7200,0.000280
hold1469,VGND,li1,120.5200,261.1200,0.000264
hold1468,VGND,li1,306.8200,293.7600,0.000448
hold1467,VGND,li1,287.0400,174.0800,0.000674
hold1466,VGND,li1,36.8000,293.7600,0.000135
hold1465,VGND,li1,145.3600,130.5600,0.000220
hold1464,VGND,li1,98.9000,43.5200,0.000191
hold1463,VGND,li1,166.9800,326.4000,0.000049
hold1462,VGND,li1,119.6000,157.7600,0.000483
hold1461,VGND,li1,221.7200,239.3600,0.000282
hold1460,VGND,li1,11.9600,92.4800,0.000061
hold1459,VGND,li1,181.7000,228.4800,0.000199
hold1458,VGND,li1,281.9800,21.7600,0.000561
hold1457,VGND,li1,15.6400,136.0000,0.000076
hold1456,VGND,li1,91.5400,32.6400,0.000296
hold1455,VGND,li1,106.7200,10.8800,0.000087
hold1454,VGND,li1,286.1200,239.3600,0.000349
hold1453,VGND,li1,205.1600,146.8800,0.000485
hold1452,VGND,li1,201.4800,163.2000,0.000206
hold1451,VGND,li1,222.6400,103.3600,0.000360
hold1450,VGND,li1,144.9000,70.7200,0.000188
hold1449,VGND,li1,201.0200,16.3200,0.000295
hold1448,VGND,li1,231.8400,54.4000,0.000453
hold1447,VGND,li1,72.2200,92.4800,0.000188
hold1446,VGND,li1,309.1200,146.8800,0.001225
hold1445,VGND,li1,233.6800,320.9600,0.000618
hold1444,VGND,li1,217.5800,255.6800,0.000365
hold1443,VGND,li1,162.3800,92.4800,0.000157
hold1442,VGND,li1,68.0800,76.1600,0.000209
hold1441,VGND,li1,111.3200,244.8000,0.000336
hold1440,VGND,li1,311.4200,250.2400,0.000717
hold1439,VGND,li1,20.7000,261.1200,0.000060
hold1438,VGND,li1,59.3400,277.4400,0.000236
hold1437,VGND,li1,274.1600,125.1200,0.000459
hold1436,VGND,li1,125.1200,81.6000,0.000473
hold1435,VGND,li1,28.9800,87.0400,0.000045
hold1434,VGND,li1,20.7000,130.5600,0.000067
hold1433,VGND,li1,52.9000,81.6000,0.000320
hold1432,VGND,li1,180.3200,43.5200,0.000127
hold1431,VGND,li1,92.4600,76.1600,0.000229
hold1430,VGND,li1,11.5000,103.3600,0.000045
hold1429,VGND,li1,149.5000,261.1200,0.000233
hold1428,VGND,li1,275.0800,250.2400,0.000642
hold1427,VGND,li1,81.4200,190.4000,0.000294
hold1426,VGND,li1,141.2200,228.4800,0.000373
hold1425,VGND,li1,54.2800,261.1200,0.000169
hold1424,VGND,li1,162.3800,87.0400,0.000167
hold1423,VGND,li1,135.2400,119.6800,0.000419
hold1422,VGND,li1,298.5400,223.0400,0.001364
hold1421,VGND,li1,291.1800,244.8000,0.000785
hold1420,VGND,li1,299.0000,65.2800,0.000924
hold1419,VGND,li1,278.3000,212.1600,0.000780
hold1418,VGND,li1,265.4200,293.7600,0.000417
hold1417,VGND,li1,16.5600,212.1600,0.000088
hold1416,VGND,li1,282.4400,239.3600,0.000348
hold1415,VGND,li1,114.5400,174.0800,0.000239
hold1414,VGND,li1,28.9800,190.4000,0.000102
hold1413,VGND,li1,126.0400,27.2000,0.000376
hold1412,VGND,li1,29.4400,70.7200,0.000062
hold1411,VGND,li1,15.1800,184.9600,0.000113
hold1410,VGND,li1,268.1800,146.8800,0.001032
hold1409,VGND,li1,61.1800,81.6000,0.000379
hold1408,VGND,li1,260.8200,92.4800,0.000714
hold1407,VGND,li1,278.7600,310.0800,0.000284
hold1406,VGND,li1,16.1000,157.7600,0.000089
hold1405,VGND,li1,274.6200,108.8000,0.001215
hold1404,VGND,li1,81.8800,282.8800,0.000297
hold1403,VGND,li1,196.8800,81.6000,0.000325
hold1402,VGND,li1,256.6800,10.8800,0.000162
hold1401,VGND,li1,67.1600,320.9600,0.000232
hold1400,VGND,li1,85.1000,76.1600,0.000223
hold1399,VGND,li1,264.9600,239.3600,0.000340
hold1398,VGND,li1,45.0800,65.2800,0.000220
hold1397,VGND,li1,140.3000,168.6400,0.000396
hold1396,VGND,li1,28.9800,157.7600,0.000116
hold1395,VGND,li1,248.8600,206.7200,0.000966
hold1394,VGND,li1,66.2400,65.2800,0.000358
hold1393,VGND,li1,112.2400,146.8800,0.000313
hold1392,VGND,li1,247.4800,233.9200,0.000698
hold1391,VGND,li1,265.4200,315.5200,0.000365
hold1390,VGND,li1,125.1200,326.4000,0.000076
hold1389,VGND,li1,245.6400,43.5200,0.000528
hold1388,VGND,li1,177.5600,277.4400,0.000155
hold1387,VGND,li1,183.5400,119.6800,0.000358
hold1386,VGND,li1,27.1400,38.0800,0.000045
hold1385,VGND,li1,115.9200,239.3600,0.000377
hold1384,VGND,li1,218.0400,168.6400,0.000452
hold1383,VGND,li1,307.7400,244.8000,0.000786
hold1382,VGND,li1,317.8600,223.0400,0.001404
hold1381,VGND,li1,293.9400,103.3600,0.000566
hold1380,VGND,li1,40.4800,163.2000,0.000093
hold1379,VGND,li1,129.2600,141.4400,0.000224
hold1378,VGND,li1,278.3000,136.0000,0.000575
hold1377,VGND,li1,80.9600,97.9200,0.000217
hold1376,VGND,li1,182.1600,21.7600,0.000152
hold1375,VGND,li1,141.6800,114.2400,0.000251
hold1374,VGND,li1,40.9400,146.8800,0.000124
hold1373,VGND,li1,299.9200,32.6400,0.000501
hold1372,VGND,li1,35.8800,119.6800,0.000140
hold1371,VGND,li1,259.4400,228.4800,0.000809
hold1370,VGND,li1,157.7800,239.3600,0.000224
hold1369,VGND,li1,132.9400,288.3200,0.000214
hold1368,VGND,li1,269.5600,282.8800,0.000384
hold1367,VGND,li1,100.2800,103.3600,0.000334
hold1366,VGND,li1,284.7400,119.6800,0.001575
hold1365,VGND,li1,311.8800,76.1600,0.000432
hold1364,VGND,li1,268.6400,239.3600,0.000342
hold1363,VGND,li1,210.2200,255.6800,0.000323
hold1362,VGND,li1,271.4000,212.1600,0.000774
hold1361,VGND,li1,183.0800,299.2000,0.000147
hold1360,VGND,li1,119.1400,277.4400,0.000416
hold1359,VGND,li1,93.8400,81.6000,0.000499
hold1358,VGND,li1,80.9600,261.1200,0.000230
hold1357,VGND,li1,312.8000,190.4000,0.001172
hold1356,VGND,li1,138.4600,266.5600,0.000418
hold1355,VGND,li1,171.1200,59.8400,0.000319
hold1354,VGND,li1,214.3600,212.1600,0.000476
hold1353,VGND,li1,125.5800,315.5200,0.000347
hold1352,VGND,li1,123.7400,16.3200,0.000377
hold1351,VGND,li1,230.0000,320.9600,0.000604
hold1350,VGND,li1,196.8800,136.0000,0.000292
hold1349,VGND,li1,238.2800,125.1200,0.000375
hold1348,VGND,li1,227.2400,261.1200,0.000502
hold1347,VGND,li1,21.6200,288.3200,0.000066
hold1346,VGND,li1,68.0800,228.4800,0.000298
hold1345,VGND,li1,164.2200,59.8400,0.000364
hold1344,VGND,li1,73.1400,266.5600,0.000314
hold1343,VGND,li1,196.8800,65.2800,0.000358
hold1342,VGND,li1,39.1000,174.0800,0.000102
hold1341,VGND,li1,241.0400,174.0800,0.000525
hold1340,VGND,li1,46.4600,114.2400,0.000217
hold1339,VGND,li1,51.0600,136.0000,0.000208
hold1338,VGND,li1,41.8600,179.5200,0.000181
hold1337,VGND,li1,108.1000,87.0400,0.000210
hold1336,VGND,li1,218.9600,130.5600,0.000337
hold1335,VGND,li1,124.6600,250.2400,0.000258
hold1334,VGND,li1,189.0600,277.4400,0.000250
hold1333,VGND,li1,258.0600,228.4800,0.000809
hold1332,VGND,li1,133.4000,152.3200,0.000347
hold1331,VGND,li1,28.9800,65.2800,0.000112
hold1330,VGND,li1,269.1000,43.5200,0.000608
hold1329,VGND,li1,144.9000,92.4800,0.000182
hold1328,VGND,li1,175.2600,125.1200,0.000151
hold1327,VGND,li1,194.1200,38.0800,0.000205
hold1326,VGND,li1,98.9000,32.6400,0.000309
hold1325,VGND,li1,183.0800,92.4800,0.000183
hold1324,VGND,li1,299.0000,114.2400,0.000769
hold1323,VGND,li1,92.9200,288.3200,0.000246
hold1322,VGND,li1,228.6200,326.4000,0.000086
hold1321,VGND,li1,98.4400,92.4800,0.000206
hold1320,VGND,li1,170.6600,261.1200,0.000182
hold1319,VGND,li1,221.2600,315.5200,0.000278
hold1318,VGND,li1,88.7800,48.9600,0.000228
hold1317,VGND,li1,158.2400,233.9200,0.000273
hold1316,VGND,li1,316.9400,212.1600,0.000806
hold1315,VGND,li1,242.4200,146.8800,0.000832
hold1314,VGND,li1,16.1000,146.8800,0.000062
hold1313,VGND,li1,85.1000,48.9600,0.000220
hold1312,VGND,li1,306.3600,92.4800,0.000780
hold1311,VGND,li1,188.1400,146.8800,0.000293
hold1310,VGND,li1,309.1200,108.8000,0.001368
hold1309,VGND,li1,68.5400,288.3200,0.000229
hold1308,VGND,li1,260.3600,288.3200,0.000535
hold1307,VGND,li1,16.5600,255.6800,0.000061
hold1306,VGND,li1,226.7800,10.8800,0.000127
hold1305,VGND,li1,161.9200,217.6000,0.000224
hold1304,VGND,li1,320.1600,108.8000,0.001368
hold1303,VGND,li1,195.0400,54.4000,0.000212
hold1302,VGND,li1,85.1000,152.3200,0.000370
hold1301,VGND,li1,195.9600,43.5200,0.000252
hold1300,VGND,li1,16.5600,141.4400,0.000054
hold1299,VGND,li1,95.2200,250.2400,0.000284
hold1298,VGND,li1,16.5600,43.5200,0.000048
hold1297,VGND,li1,42.3200,27.2000,0.000176
hold1296,VGND,li1,293.0200,282.8800,0.000437
hold1295,VGND,li1,255.7600,304.6400,0.000677
hold1294,VGND,li1,68.5400,163.2000,0.000152
hold1293,VGND,li1,217.5800,315.5200,0.000269
hold1292,VGND,li1,100.2800,261.1200,0.000258
hold1291,VGND,li1,28.5200,87.0400,0.000045
hold1290,VGND,li1,217.5800,114.2400,0.000412
hold1289,VGND,li1,253.0000,174.0800,0.000567
hold1288,VGND,li1,209.7600,217.6000,0.000523
hold1287,VGND,li1,59.8000,70.7200,0.000125
hold1286,VGND,li1,22.0800,277.4400,0.000059
hold1285,VGND,li1,298.0800,97.9200,0.000623
hold1284,VGND,li1,256.2200,114.2400,0.000634
hold1283,VGND,li1,219.4200,190.4000,0.000606
hold1282,VGND,li1,210.2200,48.9600,0.000247
hold1281,VGND,li1,291.1800,223.0400,0.001342
hold1280,VGND,li1,41.8600,261.1200,0.000135
hold1279,VGND,li1,310.9600,201.2800,0.000684
hold1278,VGND,li1,15.1800,201.2800,0.000066
hold1277,VGND,li1,276.9200,255.6800,0.000595
hold1276,VGND,li1,254.3800,38.0800,0.000537
hold1275,VGND,li1,148.1200,282.8800,0.000171
hold1274,VGND,li1,42.3200,97.9200,0.000149
hold1273,VGND,li1,286.5800,87.0400,0.000551
hold1272,VGND,li1,132.0200,310.0800,0.000196
hold1271,VGND,li1,207.9200,288.3200,0.000344
hold1270,VGND,li1,120.0600,119.6800,0.000421
hold1269,VGND,li1,104.4200,255.6800,0.000214
hold1268,VGND,li1,93.8400,146.8800,0.000286
hold1267,VGND,li1,137.0800,130.5600,0.000242
hold1266,VGND,li1,132.4800,233.9200,0.000343
hold1265,VGND,li1,86.0200,277.4400,0.000353
hold1264,VGND,li1,287.0400,206.7200,0.001079
hold1263,VGND,li1,57.9600,266.5600,0.000241
hold1262,VGND,li1,103.0400,152.3200,0.000375
hold1261,VGND,li1,99.3600,54.4000,0.000230
hold1260,VGND,li1,279.2200,59.8400,0.001495
hold1259,VGND,li1,269.5600,136.0000,0.000552
hold1258,VGND,li1,278.3000,152.3200,0.001154
hold1257,VGND,li1,253.0000,54.4000,0.000496
hold1256,VGND,li1,63.9400,304.6400,0.000130
hold1255,VGND,li1,258.0600,299.2000,0.000572
hold1254,VGND,li1,119.6000,87.0400,0.000218
hold1253,VGND,li1,119.6000,136.0000,0.000366
hold1252,VGND,li1,56.1200,146.8800,0.000181
hold1251,VGND,li1,93.8400,130.5600,0.000292
hold1250,VGND,li1,96.1400,108.8000,0.000493
hold1249,VGND,li1,55.2000,38.0800,0.000129
hold1248,VGND,li1,278.3000,65.2800,0.000891
hold1247,VGND,li1,55.2000,310.0800,0.000171
hold1246,VGND,li1,265.4200,239.3600,0.000340
hold1245,VGND,li1,145.3600,320.9600,0.000296
hold1244,VGND,li1,184.0000,326.4000,0.000038
hold1243,VGND,li1,72.2200,103.3600,0.000248
hold1242,VGND,li1,234.6000,239.3600,0.000306
hold1241,VGND,li1,54.7400,293.7600,0.000220
hold1240,VGND,li1,176.6400,10.8800,0.000042
hold1239,VGND,li1,103.5000,108.8000,0.000505
hold1238,VGND,li1,40.9400,195.8400,0.000187
hold1237,VGND,li1,285.6600,163.2000,0.000424
hold1236,VGND,li1,291.1800,103.3600,0.000563
hold1235,VGND,li1,222.6400,217.6000,0.000621
hold1234,VGND,li1,260.8200,141.4400,0.000596
hold1233,VGND,li1,286.1200,217.6000,0.000922
hold1232,VGND,li1,209.3000,119.6800,0.000923
hold1231,VGND,li1,201.0200,190.4000,0.000423
hold1230,VGND,li1,37.7200,288.3200,0.000125
hold1229,VGND,li1,124.6600,310.0800,0.000202
hold1228,VGND,li1,93.8400,326.4000,0.000076
hold1227,VGND,li1,320.1600,244.8000,0.000787
hold1226,VGND,li1,171.1200,114.2400,0.000156
hold1225,VGND,li1,256.6800,97.9200,0.000485
hold1224,VGND,li1,119.6000,288.3200,0.000227
hold1223,VGND,li1,255.3000,168.6400,0.000588
hold1222,VGND,li1,16.5600,97.9200,0.000077
hold1221,VGND,li1,118.6800,255.6800,0.000209
hold1220,VGND,li1,29.4400,261.1200,0.000085
hold1219,VGND,li1,235.5200,157.7600,0.000453
hold1218,VGND,li1,226.7800,304.6400,0.000515
hold1217,VGND,li1,101.6600,43.5200,0.000193
hold1216,VGND,li1,291.1800,272.0000,0.001525
hold1215,VGND,li1,274.6200,114.2400,0.000704
hold1214,VGND,li1,188.6000,288.3200,0.000194
hold1213,VGND,li1,196.4200,27.2000,0.000251
hold1212,VGND,li1,222.6400,277.4400,0.000553
hold1211,VGND,li1,311.4200,54.4000,0.000556
hold1210,VGND,li1,252.5400,81.6000,0.000622
hold1209,VGND,li1,260.8200,320.9600,0.000669
hold1208,VGND,li1,239.6600,195.8400,0.000720
hold1207,VGND,li1,201.0200,103.3600,0.000267
hold1206,VGND,li1,316.9400,288.3200,0.000587
hold1205,VGND,li1,208.3800,32.6400,0.000319
hold1204,VGND,li1,129.7200,125.1200,0.000400
hold1203,VGND,li1,260.8200,125.1200,0.000436
hold1202,VGND,li1,231.3800,272.0000,0.001066
hold1201,VGND,li1,280.6000,250.2400,0.000662
hold1200,VGND,li1,112.2400,320.9600,0.000328
hold1199,VGND,li1,204.2400,282.8800,0.000201
hold1198,VGND,li1,239.6600,184.9600,0.000768
hold1197,VGND,li1,212.9800,233.9200,0.000447
hold1196,VGND,li1,285.6600,152.3200,0.001170
hold1195,VGND,li1,287.9600,261.1200,0.000601
hold1194,VGND,li1,168.3600,65.2800,0.000214
hold1193,VGND,li1,55.2000,92.4800,0.000161
hold1192,VGND,li1,86.0200,16.3200,0.000359
hold1191,VGND,li1,142.6000,125.1200,0.000345
hold1190,VGND,li1,65.3200,141.4400,0.000160
hold1189,VGND,li1,227.2400,119.6800,0.001213
hold1188,VGND,li1,153.6400,277.4400,0.000287
hold1187,VGND,li1,115.0000,163.2000,0.000201
hold1186,VGND,li1,170.2000,27.2000,0.000180
hold1185,VGND,li1,153.1800,228.4800,0.000317
hold1184,VGND,li1,279.2200,32.6400,0.000485
hold1183,VGND,li1,184.0000,293.7600,0.000143
hold1182,VGND,li1,183.0800,65.2800,0.000210
hold1181,VGND,li1,166.0600,272.0000,0.000277
hold1180,VGND,li1,208.3800,54.4000,0.000297
hold1179,VGND,li1,90.1600,130.5600,0.000294
hold1178,VGND,li1,132.4800,277.4400,0.000377
hold1177,VGND,li1,184.4600,108.8000,0.000306
hold1176,VGND,li1,97.9800,272.0000,0.000316
hold1175,VGND,li1,16.5600,184.9600,0.000112
hold1174,VGND,li1,304.5200,228.4800,0.000956
hold1173,VGND,li1,320.1600,261.1200,0.000612
hold1172,VGND,li1,19.7800,184.9600,0.000112
hold1171,VGND,li1,194.1200,130.5600,0.000197
hold1170,VGND,li1,287.0400,130.5600,0.000530
hold1169,VGND,li1,145.3600,244.8000,0.000276
hold1168,VGND,li1,33.5800,141.4400,0.000078
hold1167,VGND,li1,80.9600,136.0000,0.000336
hold1166,VGND,li1,139.8400,65.2800,0.000338
hold1165,VGND,li1,210.6800,272.0000,0.000775
hold1164,VGND,li1,226.7800,141.4400,0.000436
hold1163,VGND,li1,231.8400,206.7200,0.000855
hold1162,VGND,li1,237.8200,288.3200,0.000484
hold1161,VGND,li1,121.9000,130.5600,0.000274
hold1160,VGND,li1,239.6600,108.8000,0.000958
hold1159,VGND,li1,284.2800,38.0800,0.000685
hold1158,VGND,li1,291.1800,119.6800,0.001581
hold1157,VGND,li1,287.0400,54.4000,0.000542
hold1156,VGND,li1,39.5600,212.1600,0.000175
hold1155,VGND,li1,86.0200,103.3600,0.000296
hold1150,VGND,li1,241.0400,326.4000,0.000094
hold1143,VGND,li1,313.2600,244.8000,0.000786
hold1142,VGND,li1,232.7600,38.0800,0.000424
hold1153,VGND,li1,136.6200,223.0400,0.000260
hold1149,VGND,li1,265.4200,76.1600,0.000365
hold1148,VGND,li1,295.7800,136.0000,0.000603
hold1146,VGND,li1,245.1800,261.1200,0.000542
hold1138,VGND,li1,36.3400,272.0000,0.000124
hold1147,VGND,li1,80.9600,125.1200,0.000457
hold1139,VGND,li1,230.4600,168.6400,0.000501
hold1140,VGND,li1,208.3800,16.3200,0.000336
hold1145,VGND,li1,85.1000,97.9200,0.000220
hold1151,VGND,li1,153.1800,288.3200,0.000184
hold1152,VGND,li1,106.7200,266.5600,0.000424
hold1154,VGND,li1,78.2000,320.9600,0.000268
rebuffer1137,VGND,li1,161.0000,141.4400,0.000169
hold1144,VGND,li1,174.8000,315.5200,0.000133
hold1141,VGND,li1,287.0400,92.4800,0.000772
clkload50,VGND,li1,249.0900,266.5600,0.000877
clkload49,VGND,li1,238.7400,223.0400,0.000931
clkload48,VGND,li1,205.6200,261.1200,0.000436
clkload47,VGND,li1,219.8800,261.1200,0.000480
clkload46,VGND,li1,255.7600,174.0800,0.000578
clkload45,VGND,li1,285.2000,184.9600,0.000976
clkload44,VGND,li1,306.8200,190.4000,0.001161
clkload43,VGND,li1,286.5800,223.0400,0.001328
clkload42,VGND,li1,189.9800,179.5200,0.000352
clkload41,VGND,li1,223.1000,179.5200,0.000648
clkload40,VGND,li1,211.6000,217.6000,0.000543
clkload39,VGND,li1,186.3000,233.9200,0.000214
clkload38,VGND,li1,179.8600,195.8400,0.000198
clkload37,VGND,li1,178.2500,266.5600,0.000203
clkload36,VGND,li1,149.2700,266.5600,0.000392
clkload35,VGND,li1,104.1900,293.7600,0.000405
clkload34,VGND,li1,147.6600,228.4800,0.000344
clkload33,VGND,li1,108.5600,239.3600,0.000395
clkload32,VGND,li1,118.4500,179.5200,0.000497
clkload31,VGND,li1,140.9900,179.5200,0.000442
clkload30,VGND,li1,47.3800,184.9600,0.000334
clkload29,VGND,li1,71.7600,184.9600,0.000450
clkload28,VGND,li1,89.2400,228.4800,0.000411
clkload27,VGND,li1,252.5400,152.3200,0.001059
clkload26,VGND,li1,253.2300,114.2400,0.000622
clkload25,VGND,li1,151.5700,114.2400,0.000227
clkload24,VGND,li1,155.7100,146.8800,0.000318
clkload23,VGND,li1,185.1500,136.0000,0.000224
clkload22,VGND,li1,258.2900,65.2800,0.000835
clkload21,VGND,li1,309.8100,70.7200,0.001265
clkload20,VGND,li1,218.0400,87.0400,0.000428
clkload19,VGND,li1,184.4600,81.6000,0.000217
clkload18,VGND,li1,113.3900,108.8000,0.000517
clkload17,VGND,li1,148.8100,103.3600,0.000337
clkload16,VGND,li1,134.7800,163.2000,0.000187
clkload15,VGND,li1,70.6100,136.0000,0.000297
clkload14,VGND,li1,73.3700,152.3200,0.000357
clkload13,VGND,li1,60.0300,114.2400,0.000288
clkload12,VGND,li1,146.0500,16.3200,0.000324
clkload11,VGND,li1,110.4000,81.6000,0.000510
clkload10,VGND,li1,20.7000,59.8400,0.000114
clkload9,VGND,li1,46.4600,32.6400,0.000190
clkload8,VGND,li1,77.0500,65.2800,0.000428
clkload7,VGND,li1,264.2700,266.5600,0.000939
clkload6,VGND,li1,266.1100,212.1600,0.000770
clkload5,VGND,li1,114.3100,272.0000,0.000336
clkload4,VGND,li1,112.9300,212.1600,0.000366
clkload3,VGND,li1,261.0500,119.6800,0.001529
clkload2,VGND,li1,263.3500,65.2800,0.000852
clkload1,VGND,li1,100.5100,119.6800,0.000406
clkload0,VGND,li1,103.7300,54.4000,0.000231
clkbuf_4_15_0_clk,VGND,li1,259.6700,272.0000,0.001369
clkbuf_4_14_0_clk,VGND,li1,221.9500,272.0000,0.000957
clkbuf_4_13_0_clk,VGND,li1,263.8100,206.7200,0.001051
clkbuf_4_12_0_clk,VGND,li1,222.4100,206.7200,0.000780
clkbuf_4_11_0_clk,VGND,li1,114.3100,277.4400,0.000430
clkbuf_4_10_0_clk,VGND,li1,76.5900,282.8800,0.000301
clkbuf_4_9_0_clk,VGND,li1,112.9300,217.6000,0.000357
clkbuf_4_8_0_clk,VGND,li1,72.9100,212.1600,0.000357
clkbuf_4_7_0_clk,VGND,li1,255.9900,119.6800,0.001509
clkbuf_4_6_0_clk,VGND,li1,215.0500,119.6800,0.001021
clkbuf_4_5_0_clk,VGND,li1,263.3500,59.8400,0.001453
clkbuf_4_4_0_clk,VGND,li1,221.0300,59.8400,0.001012
clkbuf_4_3_0_clk,VGND,li1,100.5100,125.1200,0.000486
clkbuf_4_2_0_clk,VGND,li1,60.0300,125.1200,0.000404
clkbuf_4_1_0_clk,VGND,li1,99.1300,59.8400,0.000634
clkbuf_4_0_0_clk,VGND,li1,67.3900,59.8400,0.000524
clkbuf_0_clk,VGND,li1,166.5200,168.6400,0.000391
clkbuf_leaf_103_clk,VGND,li1,22.3100,54.4000,0.000075
clkbuf_leaf_102_clk,VGND,li1,47.1500,32.6400,0.000190
clkbuf_leaf_101_clk,VGND,li1,67.8500,27.2000,0.000328
clkbuf_leaf_100_clk,VGND,li1,76.5900,65.2800,0.000428
clkbuf_leaf_99_clk,VGND,li1,105.5700,65.2800,0.000453
clkbuf_leaf_98_clk,VGND,li1,100.0500,32.6400,0.000309
clkbuf_leaf_97_clk,VGND,li1,117.9900,27.2000,0.000401
clkbuf_leaf_96_clk,VGND,li1,146.9700,21.7600,0.000255
clkbuf_leaf_95_clk,VGND,li1,152.0300,48.9600,0.000212
clkbuf_leaf_94_clk,VGND,li1,143.7500,81.6000,0.000413
clkbuf_leaf_93_clk,VGND,li1,113.8500,81.6000,0.000509
clkbuf_leaf_92_clk,VGND,li1,113.3900,108.8000,0.000517
clkbuf_leaf_91_clk,VGND,li1,144.6700,103.3600,0.000349
clkbuf_leaf_90_clk,VGND,li1,151.5700,119.6800,0.000406
clkbuf_leaf_89_clk,VGND,li1,155.7100,146.8800,0.000318
clkbuf_leaf_88_clk,VGND,li1,183.3100,136.0000,0.000210
clkbuf_leaf_87_clk,VGND,li1,179.1700,103.3600,0.000153
clkbuf_leaf_86_clk,VGND,li1,205.3900,108.8000,0.000612
clkbuf_leaf_85_clk,VGND,li1,221.9500,87.0400,0.000442
clkbuf_leaf_84_clk,VGND,li1,188.3700,81.6000,0.000268
clkbuf_leaf_83_clk,VGND,li1,183.3100,59.8400,0.000391
clkbuf_leaf_82_clk,VGND,li1,177.7900,32.6400,0.000148
clkbuf_leaf_81_clk,VGND,li1,204.0100,32.6400,0.000301
clkbuf_leaf_80_clk,VGND,li1,231.1500,21.7600,0.000470
clkbuf_leaf_79_clk,VGND,li1,232.5300,54.4000,0.000453
clkbuf_leaf_78_clk,VGND,li1,258.2900,59.8400,0.001421
clkbuf_leaf_77_clk,VGND,li1,259.2100,27.2000,0.000572
clkbuf_leaf_76_clk,VGND,li1,295.0900,38.0800,0.000735
clkbuf_leaf_75_clk,VGND,li1,309.8100,70.7200,0.001265
clkbuf_leaf_74_clk,VGND,li1,284.9700,70.7200,0.001163
clkbuf_leaf_73_clk,VGND,li1,273.0100,92.4800,0.000764
clkbuf_leaf_72_clk,VGND,li1,286.3500,108.8000,0.001297
clkbuf_leaf_71_clk,VGND,li1,310.7300,108.8000,0.001368
clkbuf_leaf_70_clk,VGND,li1,308.8900,146.8800,0.001225
clkbuf_leaf_69_clk,VGND,li1,278.9900,146.8800,0.001110
clkbuf_leaf_68_clk,VGND,li1,255.9900,152.3200,0.001084
clkbuf_leaf_67_clk,VGND,li1,250.9300,119.6800,0.001472
clkbuf_leaf_66_clk,VGND,li1,225.6300,119.6800,0.001182
clkbuf_leaf_65_clk,VGND,li1,232.9900,152.3200,0.000932
clkbuf_leaf_64_clk,VGND,li1,201.7100,152.3200,0.000598
clkbuf_leaf_63_clk,VGND,li1,192.9700,179.5200,0.000387
clkbuf_leaf_62_clk,VGND,li1,221.0300,184.9600,0.000653
clkbuf_leaf_61_clk,VGND,li1,224.2500,195.8400,0.000637
clkbuf_leaf_60_clk,VGND,li1,240.3500,228.4800,0.000721
clkbuf_leaf_59_clk,VGND,li1,257.3700,212.1600,0.000751
clkbuf_leaf_58_clk,VGND,li1,262.4300,179.5200,0.000913
clkbuf_leaf_57_clk,VGND,li1,285.8900,190.4000,0.001090
clkbuf_leaf_56_clk,VGND,li1,310.2700,190.4000,0.001172
clkbuf_leaf_55_clk,VGND,li1,312.5700,223.0400,0.001404
clkbuf_leaf_54_clk,VGND,li1,283.5900,228.4800,0.000934
clkbuf_leaf_53_clk,VGND,li1,272.5500,244.8000,0.000777
clkbuf_leaf_52_clk,VGND,li1,284.5100,277.4400,0.000933
clkbuf_leaf_51_clk,VGND,li1,312.1100,272.0000,0.001596
clkbuf_leaf_50_clk,VGND,li1,286.8100,299.2000,0.000674
clkbuf_leaf_49_clk,VGND,li1,260.1300,304.6400,0.000707
clkbuf_leaf_48_clk,VGND,li1,247.7100,266.5600,0.000877
clkbuf_leaf_47_clk,VGND,li1,222.8700,288.3200,0.000436
clkbuf_leaf_46_clk,VGND,li1,232.5300,320.9600,0.000618
clkbuf_leaf_45_clk,VGND,li1,201.7100,310.0800,0.000213
clkbuf_leaf_44_clk,VGND,li1,181.4700,304.6400,0.000177
clkbuf_leaf_43_clk,VGND,li1,178.2500,272.0000,0.000236
clkbuf_leaf_42_clk,VGND,li1,202.6300,261.1200,0.000414
clkbuf_leaf_41_clk,VGND,li1,221.4900,244.8000,0.000550
clkbuf_leaf_40_clk,VGND,li1,208.6100,223.0400,0.000628
clkbuf_leaf_39_clk,VGND,li1,183.3100,239.3600,0.000167
clkbuf_leaf_38_clk,VGND,li1,182.8500,206.7200,0.000287
clkbuf_leaf_37_clk,VGND,li1,144.6700,206.7200,0.000342
clkbuf_leaf_36_clk,VGND,li1,152.0300,233.9200,0.000309
clkbuf_leaf_35_clk,VGND,li1,130.8700,228.4800,0.000419
clkbuf_leaf_34_clk,VGND,li1,105.5700,244.8000,0.000338
clkbuf_leaf_33_clk,VGND,li1,124.8900,266.5600,0.000448
clkbuf_leaf_32_clk,VGND,li1,154.3300,266.5600,0.000373
clkbuf_leaf_31_clk,VGND,li1,155.2500,299.2000,0.000235
clkbuf_leaf_30_clk,VGND,li1,138.2300,315.5200,0.000325
clkbuf_leaf_29_clk,VGND,li1,106.9500,315.5200,0.000374
clkbuf_leaf_28_clk,VGND,li1,102.8100,293.7600,0.000405
clkbuf_leaf_27_clk,VGND,li1,92.6900,266.5600,0.000403
clkbuf_leaf_26_clk,VGND,li1,76.5900,288.3200,0.000252
clkbuf_leaf_25_clk,VGND,li1,60.0300,310.0800,0.000193
clkbuf_leaf_24_clk,VGND,li1,27.3700,282.8800,0.000099
clkbuf_leaf_23_clk,VGND,li1,33.8100,261.1200,0.000111
clkbuf_leaf_22_clk,VGND,li1,60.0300,250.2400,0.000257
clkbuf_leaf_21_clk,VGND,li1,39.3300,233.9200,0.000199
clkbuf_leaf_20_clk,VGND,li1,23.6900,212.1600,0.000087
clkbuf_leaf_19_clk,VGND,li1,15.8700,195.8400,0.000120
clkbuf_leaf_18_clk,VGND,li1,44.3900,190.4000,0.000199
clkbuf_leaf_17_clk,VGND,li1,69.6900,184.9600,0.000446
clkbuf_leaf_16_clk,VGND,li1,93.1500,228.4800,0.000427
clkbuf_leaf_15_clk,VGND,li1,97.7500,195.8400,0.000408
clkbuf_leaf_14_clk,VGND,li1,118.4500,179.5200,0.000497
clkbuf_leaf_13_clk,VGND,li1,140.9900,184.9600,0.000429
clkbuf_leaf_12_clk,VGND,li1,138.6900,157.7600,0.000440
clkbuf_leaf_11_clk,VGND,li1,111.5500,157.7600,0.000500
clkbuf_leaf_10_clk,VGND,li1,106.0300,136.0000,0.000388
clkbuf_leaf_9_clk,VGND,li1,93.1500,108.8000,0.000489
clkbuf_leaf_8_clk,VGND,li1,72.9100,130.5600,0.000295
clkbuf_leaf_7_clk,VGND,li1,73.3700,157.7600,0.000417
clkbuf_leaf_6_clk,VGND,li1,42.5500,152.3200,0.000250
clkbuf_leaf_5_clk,VGND,li1,15.8700,152.3200,0.000147
clkbuf_leaf_4_clk,VGND,li1,21.3900,119.6800,0.000091
clkbuf_leaf_3_clk,VGND,li1,31.0500,97.9200,0.000116
clkbuf_leaf_2_clk,VGND,li1,56.8100,114.2400,0.000279
clkbuf_leaf_1_clk,VGND,li1,65.5500,81.6000,0.000410
clkbuf_leaf_0_clk,VGND,li1,32.4300,76.1600,0.000122
fanout1135,VGND,li1,316.4800,179.5200,0.000963
wire1134,VGND,li1,300.3800,261.1200,0.000608
fanout1133,VGND,li1,311.8800,261.1200,0.000611
load_slew1132,VGND,li1,300.8400,272.0000,0.001555
fanout1131,VGND,li1,316.0200,261.1200,0.000612
load_slew1130,VGND,li1,290.7200,255.6800,0.000616
fanout1129,VGND,li1,310.5000,255.6800,0.000631
wire1127,VGND,li1,208.3800,293.7600,0.000251
fanout1126,VGND,li1,222.1800,282.8800,0.000261
load_slew1125,VGND,li1,217.1200,261.1200,0.000473
fanout1124,VGND,li1,232.7600,261.1200,0.000516
fanout1123,VGND,li1,317.4000,168.6400,0.000680
load_slew1122,VGND,li1,279.6800,223.0400,0.001266
fanout1121,VGND,li1,319.7000,228.4800,0.000967
load_slew1120,VGND,li1,287.9600,179.5200,0.000948
fanout1119,VGND,li1,314.6400,179.5200,0.000962
load_slew1118,VGND,li1,230.0000,174.0800,0.000482
fanout1117,VGND,li1,222.1800,174.0800,0.000439
load_slew1116,VGND,li1,224.4800,212.1600,0.000550
fanout1115,VGND,li1,243.8000,228.4800,0.000735
fanout1114,VGND,li1,161.9200,255.6800,0.000149
load_slew1113,VGND,li1,128.8000,304.6400,0.000194
fanout1112,VGND,li1,157.3200,288.3200,0.000174
load_slew1111,VGND,li1,139.8400,255.6800,0.000195
fanout1110,VGND,li1,157.3200,255.6800,0.000161
load_slew1109,VGND,li1,72.2200,277.4400,0.000300
fanout1108,VGND,li1,81.8800,244.8000,0.000270
load_slew1107,VGND,li1,64.8600,266.5600,0.000275
fanout1106,VGND,li1,76.8200,266.5600,0.000327
load_slew1105,VGND,li1,172.0400,174.0800,0.000150
fanout1104,VGND,li1,170.6600,195.8400,0.000217
load_slew1103,VGND,li1,138.0000,179.5200,0.000456
fanout1102,VGND,li1,172.9600,179.5200,0.000254
wire1101,VGND,li1,130.1800,244.8000,0.000313
fanout1100,VGND,li1,161.4600,212.1600,0.000241
load_slew1099,VGND,li1,88.3200,190.4000,0.000307
load_slew1097,VGND,li1,51.9800,179.5200,0.000240
fanout1096,VGND,li1,84.6400,184.9600,0.000459
load_slew1095,VGND,li1,313.2600,114.2400,0.000790
fanout1094,VGND,li1,313.2600,92.4800,0.000782
load_slew1093,VGND,li1,313.2600,119.6800,0.001599
fanout1092,VGND,li1,312.8000,108.8000,0.001368
load_slew1091,VGND,li1,285.2000,125.1200,0.000476
fanout1090,VGND,li1,316.0200,125.1200,0.000514
load_slew1089,VGND,li1,226.3200,152.3200,0.000867
fanout1088,VGND,li1,242.4200,141.4400,0.000519
load_slew1087,VGND,li1,237.3600,114.2400,0.000531
fanout1086,VGND,li1,242.4200,108.8000,0.000981
fanout1085,VGND,li1,311.8800,43.5200,0.000671
load_slew1084,VGND,li1,276.0000,43.5200,0.000627
fanout1083,VGND,li1,304.0600,32.6400,0.000505
load_slew1082,VGND,li1,287.5000,70.7200,0.001175
fanout1081,VGND,li1,294.8600,54.4000,0.000547
fanout1080,VGND,li1,240.1200,32.6400,0.000419
load_slew1079,VGND,li1,228.1600,65.2800,0.000629
fanout1078,VGND,li1,231.3800,59.8400,0.001118
load_slew1077,VGND,li1,208.3800,38.0800,0.000298
fanout1076,VGND,li1,224.0200,27.2000,0.000416
fanout1075,VGND,li1,163.3000,27.2000,0.000214
fanout1074,VGND,li1,165.6000,103.3600,0.000237
load_slew1073,VGND,li1,117.3000,125.1200,0.000441
fanout1072,VGND,li1,139.3800,136.0000,0.000322
load_slew1071,VGND,li1,147.6600,108.8000,0.000395
fanout1070,VGND,li1,149.9600,97.9200,0.000181
fanout1069,VGND,li1,80.5000,114.2400,0.000304
load_slew1068,VGND,li1,48.3000,157.7600,0.000256
fanout1067,VGND,li1,85.5600,163.2000,0.000176
load_slew1066,VGND,li1,39.1000,114.2400,0.000171
fanout1065,VGND,li1,84.1800,130.5600,0.000297
fanout1064,VGND,li1,163.3000,16.3200,0.000237
load_slew1063,VGND,li1,144.4400,54.4000,0.000184
fanout1062,VGND,li1,149.9600,59.8400,0.000451
wire1061,VGND,li1,129.2600,27.2000,0.000365
fanout1060,VGND,li1,140.7600,27.2000,0.000322
load_slew1059,VGND,li1,63.4800,32.6400,0.000237
fanout1058,VGND,li1,80.5000,32.6400,0.000275
load_slew1057,VGND,li1,59.3400,65.2800,0.000324
load_slew1055,VGND,li1,137.5400,293.7600,0.000322
fanout1054,VGND,li1,33.8100,288.3200,0.000107
load_slew1053,VGND,li1,192.7400,315.5200,0.000175
fanout1052,VGND,li1,195.5000,326.4000,0.000053
load_slew1051,VGND,li1,195.0400,299.2000,0.000224
fanout1050,VGND,li1,186.7600,299.2000,0.000174
load_slew1049,VGND,li1,230.0000,228.4800,0.000625
fanout1048,VGND,li1,200.5600,239.3600,0.000221
load_slew1047,VGND,li1,201.7100,206.7200,0.000536
fanout1046,VGND,li1,204.4700,228.4800,0.000424
load_slew1045,VGND,li1,32.2000,282.8800,0.000115
fanout1044,VGND,li1,28.9800,293.7600,0.000092
wire1043,VGND,li1,106.2600,304.6400,0.000189
fanout1042,VGND,li1,99.8200,310.0800,0.000211
fanout1041,VGND,li1,144.9000,228.4800,0.000356
load_slew1040,VGND,li1,28.9800,228.4800,0.000089
fanout1039,VGND,li1,29.4400,233.9200,0.000122
wire1038,VGND,li1,28.5200,136.0000,0.000078
fanout1037,VGND,li1,25.7600,168.6400,0.000068
load_slew1036,VGND,li1,252.0800,168.6400,0.000578
fanout1035,VGND,li1,246.1000,163.2000,0.000368
load_slew1034,VGND,li1,184.4600,157.7600,0.000190
fanout1033,VGND,li1,192.7400,157.7600,0.000249
load_slew1032,VGND,li1,246.5600,70.7200,0.000841
fanout1031,VGND,li1,243.3400,76.1600,0.000312
load_slew1030,VGND,li1,184.0000,87.0400,0.000183
fanout1029,VGND,li1,186.7600,76.1600,0.000123
load_slew1028,VGND,li1,102.5800,163.2000,0.000194
fanout1027,VGND,li1,17.9400,174.0800,0.000058
load_slew1026,VGND,li1,28.0600,146.8800,0.000073
fanout1025,VGND,li1,8.7400,157.7600,0.000091
wire1024,VGND,li1,111.7800,70.7200,0.000186
fanout1023,VGND,li1,92.0000,87.0400,0.000186
load_slew1022,VGND,li1,33.1200,70.7200,0.000068
fanout1021,VGND,li1,19.7800,76.1600,0.000079
load_slew1020,VGND,li1,156.8600,277.4400,0.000276
fanout1018,VGND,li1,161.0000,261.1200,0.000214
load_slew1017,VGND,li1,230.0000,261.1200,0.000511
fanout1016,VGND,li1,217.5800,266.5600,0.000611
fanout1015,VGND,li1,52.4400,288.3200,0.000184
load_slew1014,VGND,li1,42.7800,239.3600,0.000170
fanout1013,VGND,li1,35.8800,239.3600,0.000138
wire1012,VGND,li1,114.5400,125.1200,0.000449
fanout1011,VGND,li1,41.8600,168.6400,0.000159
load_slew1010,VGND,li1,52.9000,130.5600,0.000213
fanout1009,VGND,li1,41.8600,130.5600,0.000157
fanout1008,VGND,li1,303.1400,125.1200,0.000500
fanout1007,VGND,li1,173.4200,157.7600,0.000193
fanout1006,VGND,li1,300.3800,136.0000,0.000607
fanout1005,VGND,li1,166.5200,136.0000,0.000218
wire1003,VGND,li1,178.9400,179.5200,0.000208
fanout1002,VGND,li1,166.5200,179.5200,0.000297
fanout1001,VGND,li1,161.9200,179.5200,0.000337
load_slew1000,VGND,li1,182.1600,184.9600,0.000235
fanout999,VGND,li1,179.4000,190.4000,0.000167
fanout998,VGND,li1,165.6000,190.4000,0.000224
load_slew997,VGND,li1,154.1000,190.4000,0.000261
fanout996,VGND,li1,152.2600,190.4000,0.000267
load_slew995,VGND,li1,61.6400,179.5200,0.000283
fanout994,VGND,li1,52.9000,163.2000,0.000123
fanout993,VGND,li1,146.2800,27.2000,0.000293
load_slew992,VGND,li1,77.7400,38.0800,0.000165
fanout991,VGND,li1,40.0200,32.6400,0.000146
fanout990,VGND,li1,128.8000,223.0400,0.000256
fanout989,VGND,li1,55.2000,255.6800,0.000172
fanout988,VGND,li1,36.8000,250.2400,0.000143
fanout987,VGND,li1,316.9400,157.7600,0.000619
fanout986,VGND,li1,316.9400,146.8800,0.001230
fanout985,VGND,li1,319.2400,152.3200,0.001214
fanout984,VGND,li1,238.2800,168.6400,0.000532
fanout983,VGND,li1,80.5000,114.2400,0.000304
fanout982,VGND,li1,58.8800,119.6800,0.000238
fanout981,VGND,li1,34.5000,92.4800,0.000096
fanout980,VGND,li1,12.8800,97.9200,0.000078
fanout979,VGND,li1,81.8800,320.9600,0.000278
fanout978,VGND,li1,75.4400,326.4000,0.000069
fanout977,VGND,li1,74.5200,320.9600,0.000257
fanout976,VGND,li1,130.1800,233.9200,0.000346
fanout975,VGND,li1,175.2600,326.4000,0.000036
fanout974,VGND,li1,171.1200,320.9600,0.000204
fanout973,VGND,li1,183.0800,233.9200,0.000191
fanout972,VGND,li1,162.3800,223.0400,0.000234
fanout971,VGND,li1,273.7000,76.1600,0.000380
fanout970,VGND,li1,227.2400,97.9200,0.000368
fanout969,VGND,li1,252.5400,32.6400,0.000447
fanout968,VGND,li1,227.2400,32.6400,0.000385
fanout967,VGND,li1,316.9400,228.4800,0.000967
fanout966,VGND,li1,316.9400,195.8400,0.000908
fanout965,VGND,li1,243.8000,212.1600,0.000680
fanout964,VGND,li1,230.0000,212.1600,0.000585
fanout963,VGND,li1,141.6800,136.0000,0.000312
fanout962,VGND,li1,170.2000,152.3200,0.000248
fanout961,VGND,li1,141.6800,141.4400,0.000211
fanout960,VGND,li1,145.3600,141.4400,0.000205
fanout959,VGND,li1,9.2000,70.7200,0.000055
fanout958,VGND,li1,38.1800,65.2800,0.000181
fanout957,VGND,li1,55.2000,32.6400,0.000215
fanout956,VGND,li1,316.9400,277.4400,0.000967
fanout955,VGND,li1,316.9400,266.5600,0.001056
fanout954,VGND,li1,252.5400,272.0000,0.001295
fanout953,VGND,li1,220.3400,277.4400,0.000534
fanout952,VGND,li1,103.0400,201.2800,0.000254
fanout951,VGND,li1,80.9600,163.2000,0.000169
fanout950,VGND,li1,59.3400,184.9600,0.000398
fanout949,VGND,li1,8.7400,190.4000,0.000093
fanout948,VGND,li1,57.5000,97.9200,0.000186
fanout947,VGND,li1,61.1800,97.9200,0.000194
fanout946,VGND,li1,13.8000,81.6000,0.000106
fanout945,VGND,li1,12.8800,48.9600,0.000047
fanout944,VGND,li1,252.0800,304.6400,0.000664
fanout943,VGND,li1,253.9200,288.3200,0.000524
fanout942,VGND,li1,274.1600,244.8000,0.000777
fanout941,VGND,li1,261.2800,217.6000,0.000840
fanout940,VGND,li1,278.7600,81.6000,0.000716
fanout939,VGND,li1,230.4600,114.2400,0.000482
fanout938,VGND,li1,281.0600,48.9600,0.000410
fanout937,VGND,li1,248.4000,16.3200,0.000488
fanout936,VGND,li1,93.3800,157.7600,0.000476
fanout935,VGND,li1,59.3400,152.3200,0.000317
fanout934,VGND,li1,38.1800,152.3200,0.000219
fanout933,VGND,li1,8.7400,157.7600,0.000091
fanout932,VGND,li1,104.8800,320.9600,0.000322
fanout931,VGND,li1,93.8400,320.9600,0.000304
fanout930,VGND,li1,110.8600,282.8800,0.000256
fanout929,VGND,li1,115.0000,255.6800,0.000210
fanout928,VGND,li1,87.4000,212.1600,0.000366
fanout927,VGND,li1,12.8800,228.4800,0.000076
fanout926,VGND,li1,9.2000,228.4800,0.000076
fanout925,VGND,li1,201.0200,326.4000,0.000059
fanout924,VGND,li1,201.0200,304.6400,0.000342
fanout923,VGND,li1,201.0200,272.0000,0.000619
fanout922,VGND,li1,200.5600,255.6800,0.000260
fanout921,VGND,li1,233.2200,76.1600,0.000286
fanout920,VGND,li1,283.3600,92.4800,0.000770
fanout919,VGND,li1,285.6600,65.2800,0.000906
fanout918,VGND,li1,232.7600,76.1600,0.000286
fanout917,VGND,li1,226.7800,70.7200,0.000673
fanout916,VGND,li1,115.9200,21.7600,0.000257
fanout915,VGND,li1,113.1600,76.1600,0.000231
fanout914,VGND,li1,118.6800,65.2800,0.000413
fanout913,VGND,li1,115.9200,10.8800,0.000088
fanout912,VGND,li1,20.7000,282.8800,0.000082
fanout911,VGND,li1,61.6400,266.5600,0.000259
fanout910,VGND,li1,11.9600,272.0000,0.000072
fanout909,VGND,li1,16.5600,266.5600,0.000067
fanout908,VGND,li1,166.0600,97.9200,0.000140
fanout907,VGND,li1,141.6800,87.0400,0.000204
fanout906,VGND,li1,129.7200,27.2000,0.000365
fanout905,VGND,li1,119.6000,10.8800,0.000088
fanout904,VGND,li1,197.3400,16.3200,0.000274
fanout903,VGND,li1,183.0800,59.8400,0.000391
fanout902,VGND,li1,193.6600,48.9600,0.000178
fanout901,VGND,li1,201.0200,10.8800,0.000084
fanout900,VGND,li1,149.5000,304.6400,0.000183
fanout899,VGND,li1,138.9200,320.9600,0.000311
fanout898,VGND,li1,137.0800,310.0800,0.000192
fanout897,VGND,li1,145.3600,250.2400,0.000218
fanout896,VGND,li1,312.8000,195.8400,0.000907
fanout895,VGND,li1,309.1200,195.8400,0.000905
fanout894,VGND,li1,271.8600,168.6400,0.000633
fanout893,VGND,li1,234.6000,190.4000,0.000727
fanout892,VGND,li1,214.8200,70.7200,0.000544
fanout891,VGND,li1,213.9000,70.7200,0.000544
fanout890,VGND,li1,204.7000,54.4000,0.000280
fanout889,VGND,li1,230.4600,10.8800,0.000132
fanout888,VGND,li1,99.8200,87.0400,0.000198
fanout887,VGND,li1,62.5600,65.2800,0.000345
fanout886,VGND,li1,98.4400,16.3200,0.000382
fanout885,VGND,li1,59.3400,27.2000,0.000278
fanout884,VGND,li1,319.7000,97.9200,0.000648
fanout883,VGND,li1,319.2400,125.1200,0.000515
fanout882,VGND,li1,260.8200,130.5600,0.000481
fanout881,VGND,li1,239.6600,119.6800,0.001357
fanout880,VGND,li1,280.1400,141.4400,0.000645
fanout879,VGND,li1,278.3000,114.2400,0.000711
fanout878,VGND,li1,210.6800,125.1200,0.000278
fanout877,VGND,li1,214.8200,130.5600,0.000317
fanout876,VGND,li1,310.5000,293.7600,0.000448
fanout875,VGND,li1,316.9400,282.8800,0.000460
fanout874,VGND,li1,221.7200,310.0800,0.000236
fanout873,VGND,li1,217.1200,288.3200,0.000400
fanout872,VGND,li1,121.4400,168.6400,0.000383
fanout871,VGND,li1,125.1200,141.4400,0.000225
fanout870,VGND,li1,14.2600,130.5600,0.000074
fanout869,VGND,li1,13.8000,119.6800,0.000093
fanout868,VGND,li1,278.3000,293.7600,0.000433
fanout867,VGND,li1,259.9000,326.4000,0.000103
fanout866,VGND,li1,273.7000,261.1200,0.000587
fanout865,VGND,li1,252.5400,261.1200,0.000558
load_slew864,VGND,li1,283.8200,255.6800,0.000609
fanout863,VGND,li1,317.1700,174.0800,0.000721
fanout862,VGND,li1,294.8600,288.3200,0.000579
load_slew861,VGND,li1,304.9800,277.4400,0.000957
fanout860,VGND,li1,316.9400,272.0000,0.001596
load_slew859,VGND,li1,286.5800,255.6800,0.000612
fanout858,VGND,li1,307.2800,261.1200,0.000610
load_slew857,VGND,li1,230.4600,261.1200,0.000511
fanout856,VGND,li1,235.0600,255.6800,0.000454
load_slew855,VGND,li1,210.2200,299.2000,0.000320
fanout854,VGND,li1,223.1000,304.6400,0.000497
load_slew853,VGND,li1,216.2000,261.1200,0.000473
fanout852,VGND,li1,214.3600,255.6800,0.000344
fanout851,VGND,li1,316.9400,179.5200,0.000963
fanout850,VGND,li1,311.8800,174.0800,0.000716
load_slew849,VGND,li1,287.5000,223.0400,0.001328
fanout848,VGND,li1,317.4000,223.0400,0.001404
load_slew847,VGND,li1,290.2600,184.9600,0.000988
fanout846,VGND,li1,320.1600,163.2000,0.000452
load_slew845,VGND,li1,239.2000,174.0800,0.000519
fanout844,VGND,li1,231.8400,157.7600,0.000443
load_slew843,VGND,li1,220.8000,206.7200,0.000780
fanout842,VGND,li1,242.8800,206.7200,0.000929
fanout841,VGND,li1,144.9000,255.6800,0.000185
load_slew840,VGND,li1,131.1000,299.2000,0.000249
fanout839,VGND,li1,151.8000,293.7600,0.000257
load_slew838,VGND,li1,142.6000,255.6800,0.000189
fanout837,VGND,li1,165.8300,255.6800,0.000143
load_slew836,VGND,li1,69.0000,282.8800,0.000272
fanout835,VGND,li1,87.4000,250.2400,0.000282
load_slew834,VGND,li1,64.4000,272.0000,0.000237
fanout833,VGND,li1,89.7000,255.6800,0.000215
load_slew832,VGND,li1,155.0200,179.5200,0.000370
fanout831,VGND,li1,158.2400,179.5200,0.000350
load_slew830,VGND,li1,132.9400,244.8000,0.000308
fanout829,VGND,li1,154.5600,217.6000,0.000249
load_slew828,VGND,li1,148.5800,190.4000,0.000280
fanout827,VGND,li1,162.8400,184.9600,0.000313
load_slew826,VGND,li1,77.2800,201.2800,0.000222
load_slew824,VGND,li1,55.2000,179.5200,0.000252
fanout823,VGND,li1,88.3200,168.6400,0.000330
fanout822,VGND,li1,308.8900,43.5200,0.000670
load_slew821,VGND,li1,311.4200,48.9600,0.000418
fanout820,VGND,li1,312.8000,43.5200,0.000671
fanout819,VGND,li1,316.4800,103.3600,0.000580
load_slew818,VGND,li1,287.5000,141.4400,0.000661
fanout817,VGND,li1,314.6400,136.0000,0.000613
load_slew816,VGND,li1,296.2400,119.6800,0.001585
fanout815,VGND,li1,313.7200,125.1200,0.000512
load_slew814,VGND,li1,230.0000,119.6800,0.001246
fanout813,VGND,li1,242.4200,114.2400,0.000561
load_slew812,VGND,li1,228.1600,146.8800,0.000701
fanout811,VGND,li1,243.3400,152.3200,0.000992
fanout810,VGND,li1,312.8000,38.0800,0.000753
load_slew809,VGND,li1,289.8000,87.0400,0.000552
fanout808,VGND,li1,307.2800,87.0400,0.000554
load_slew807,VGND,li1,274.6200,43.5200,0.000627
fanout806,VGND,li1,308.2000,48.9600,0.000418
fanout805,VGND,li1,235.9800,38.0800,0.000439
load_slew804,VGND,li1,217.5800,65.2800,0.000539
fanout803,VGND,li1,227.2400,70.7200,0.000673
load_slew802,VGND,li1,223.1000,21.7600,0.000427
fanout801,VGND,li1,215.2800,21.7600,0.000375
fanout800,VGND,li1,151.8000,108.8000,0.000371
load_slew799,VGND,li1,116.3800,163.2000,0.000201
fanout798,VGND,li1,167.9000,163.2000,0.000115
load_slew797,VGND,li1,124.6600,92.4800,0.000199
fanout796,VGND,li1,140.7600,108.8000,0.000423
fanout795,VGND,li1,85.5600,114.2400,0.000305
load_slew794,VGND,li1,51.5200,141.4400,0.000134
fanout793,VGND,li1,58.4200,141.4400,0.000147
load_slew792,VGND,li1,48.7600,108.8000,0.000258
fanout791,VGND,li1,51.0600,97.9200,0.000173
fanout790,VGND,li1,158.7000,27.2000,0.000234
load_slew789,VGND,li1,143.0600,65.2800,0.000325
fanout788,VGND,li1,155.0200,65.2800,0.000273
load_slew787,VGND,li1,145.8200,21.7600,0.000255
fanout786,VGND,li1,164.2200,21.7600,0.000190
fanout785,VGND,li1,89.7000,27.2000,0.000378
load_slew784,VGND,li1,71.7600,76.1600,0.000212
fanout783,VGND,li1,80.9600,87.0400,0.000166
load_slew782,VGND,li1,81.4200,27.2000,0.000359
fanout781,VGND,li1,86.4800,21.7600,0.000225
fanout780,VGND,li1,162.1500,320.9600,0.000243
fanout779,VGND,li1,235.5200,310.0800,0.000252
load_slew778,VGND,li1,167.4400,315.5200,0.000169
fanout777,VGND,li1,155.9400,310.0800,0.000157
load_slew776,VGND,li1,163.5300,233.9200,0.000243
load_slew774,VGND,li1,262.2000,244.8000,0.000738
fanout773,VGND,li1,265.4200,244.8000,0.000750
wire772,VGND,li1,33.5800,293.7600,0.000116
fanout771,VGND,li1,22.5400,299.2000,0.000036
fanout770,VGND,li1,119.6000,315.5200,0.000359
load_slew769,VGND,li1,33.1200,293.7600,0.000116
fanout768,VGND,li1,19.7800,293.7600,0.000072
load_slew767,VGND,li1,29.4400,244.8000,0.000073
fanout766,VGND,li1,24.3800,244.8000,0.000056
fanout765,VGND,li1,17.4800,174.0800,0.000058
fanout764,VGND,li1,241.9600,168.6400,0.000551
load_slew763,VGND,li1,200.5600,136.0000,0.000302
fanout762,VGND,li1,188.1400,157.7600,0.000220
fanout761,VGND,li1,243.3400,65.2800,0.000741
wire760,VGND,li1,184.4600,81.6000,0.000217
fanout759,VGND,li1,191.8200,87.0400,0.000244
load_slew758,VGND,li1,100.7400,157.7600,0.000489
fanout757,VGND,li1,97.9800,157.7600,0.000484
load_slew756,VGND,li1,28.9800,157.7600,0.000116
fanout755,VGND,li1,16.5600,168.6400,0.000075
fanout754,VGND,li1,90.1600,38.0800,0.000176
load_slew753,VGND,li1,33.1200,87.0400,0.000058
fanout752,VGND,li1,34.0400,81.6000,0.000164
fanout751,VGND,li1,174.1100,282.8800,0.000103
load_slew750,VGND,li1,157.0900,184.9600,0.000346
fanout749,VGND,li1,156.1700,190.4000,0.000255
load_slew748,VGND,li1,84.1800,250.2400,0.000280
fanout747,VGND,li1,74.9800,310.0800,0.000207
fanout746,VGND,li1,28.5200,168.6400,0.000091
load_slew745,VGND,li1,210.2200,125.1200,0.000278
fanout744,VGND,li1,217.5800,179.5200,0.000599
load_slew743,VGND,li1,28.0600,114.2400,0.000088
fanout742,VGND,li1,29.4400,114.2400,0.000108
load_slew741,VGND,li1,155.4800,184.9600,0.000361
fanout740,VGND,li1,154.1000,168.6400,0.000396
load_slew739,VGND,li1,222.6400,190.4000,0.000628
fanout738,VGND,li1,220.8000,201.2800,0.000391
load_slew737,VGND,li1,187.6800,261.1200,0.000254
load_slew735,VGND,li1,120.5200,266.5600,0.000442
fanout734,VGND,li1,119.6000,255.6800,0.000208
load_slew733,VGND,li1,152.2600,184.9600,0.000374
fanout732,VGND,li1,154.5600,163.2000,0.000144
load_slew731,VGND,li1,136.6200,163.2000,0.000183
fanout730,VGND,li1,154.1000,157.7600,0.000329
load_slew729,VGND,li1,206.0800,114.2400,0.000334
fanout728,VGND,li1,186.7600,103.3600,0.000193
load_slew727,VGND,li1,206.5400,87.0400,0.000350
fanout726,VGND,li1,208.8400,81.6000,0.000400
wire725,VGND,li1,122.3600,136.0000,0.000361
fanout724,VGND,li1,158.2400,152.3200,0.000291
load_slew723,VGND,li1,135.7000,87.0400,0.000211
fanout722,VGND,li1,132.4800,87.0400,0.000213
load_slew720,VGND,li1,173.8800,184.9600,0.000246
fanout719,VGND,li1,175.7200,174.0800,0.000138
load_slew718,VGND,li1,197.3400,250.2400,0.000270
fanout717,VGND,li1,190.9000,255.6800,0.000198
wire716,VGND,li1,218.9600,168.6400,0.000452
fanout715,VGND,li1,174.3400,168.6400,0.000297
fanout714,VGND,li1,167.4400,233.9200,0.000230
fanout713,VGND,li1,126.5000,255.6800,0.000204
load_slew712,VGND,li1,171.1200,293.7600,0.000155
fanout711,VGND,li1,167.9000,293.7600,0.000173
load_slew710,VGND,li1,213.9000,125.1200,0.000289
fanout709,VGND,li1,193.2000,163.2000,0.000164
fanout708,VGND,li1,257.6000,70.7200,0.000947
load_slew707,VGND,li1,189.9800,87.0400,0.000230
fanout706,VGND,li1,190.4400,76.1600,0.000143
load_slew705,VGND,li1,161.9200,136.0000,0.000238
fanout704,VGND,li1,158.2400,141.4400,0.000176
fanout703,VGND,li1,155.4800,76.1600,0.000163
load_slew702,VGND,li1,106.7200,108.8000,0.000508
fanout701,VGND,li1,103.9600,87.0400,0.000204
fanout700,VGND,li1,175.7200,163.2000,0.000090
fanout699,VGND,li1,256.6800,184.9600,0.000854
load_slew698,VGND,li1,125.5800,266.5600,0.000448
fanout697,VGND,li1,114.0800,206.7200,0.000316
fanout696,VGND,li1,176.1800,152.3200,0.000230
load_slew695,VGND,li1,229.5400,157.7600,0.000434
fanout694,VGND,li1,222.1800,163.2000,0.000290
wire693,VGND,li1,131.5600,119.6800,0.000420
fanout692,VGND,li1,119.6000,157.7600,0.000483
load_slew691,VGND,li1,166.0600,195.8400,0.000236
fanout690,VGND,li1,163.3000,195.8400,0.000249
load_slew689,VGND,li1,210.2200,190.4000,0.000519
load_slew687,VGND,li1,204.2400,250.2400,0.000310
fanout686,VGND,li1,193.2000,255.6800,0.000214
wire685,VGND,li1,141.2200,250.2400,0.000230
fanout684,VGND,li1,162.3800,184.9600,0.000313
load_slew683,VGND,li1,168.8200,190.4000,0.000211
fanout682,VGND,li1,161.6900,190.4000,0.000240
fanout681,VGND,li1,159.1600,146.8800,0.000301
load_slew680,VGND,li1,248.8600,76.1600,0.000327
fanout679,VGND,li1,184.4600,97.9200,0.000142
load_slew678,VGND,li1,210.2200,76.1600,0.000219
wire676,VGND,li1,103.0400,157.7600,0.000492
fanout675,VGND,li1,151.8000,152.3200,0.000311
load_slew674,VGND,li1,129.2600,87.0400,0.000215
max_cap672,VGND,li1,78.2000,32.6400,0.000270
fanout671,VGND,li1,264.9600,184.9600,0.000888
load_slew670,VGND,li1,42.7800,233.9200,0.000211
fanout669,VGND,li1,72.2200,179.5200,0.000340
fanout668,VGND,li1,244.7200,38.0800,0.000492
load_slew667,VGND,li1,60.0300,54.4000,0.000169
fanout666,VGND,li1,55.2000,54.4000,0.000155
fanout665,VGND,li1,248.4000,184.9600,0.000817
load_slew664,VGND,li1,148.1200,201.2800,0.000230
fanout663,VGND,li1,144.9000,201.2800,0.000234
fanout662,VGND,li1,210.6800,174.0800,0.000371
load_slew661,VGND,li1,215.2800,152.3200,0.000746
fanout660,VGND,li1,212.9800,179.5200,0.000554
wire659,VGND,li1,132.0200,108.8000,0.000460
fanout658,VGND,li1,124.2000,152.3200,0.000360
load_slew657,VGND,li1,188.6000,212.1600,0.000255
fanout656,VGND,li1,166.5200,212.1600,0.000213
load_slew655,VGND,li1,227.7000,184.9600,0.000693
fanout654,VGND,li1,220.8000,195.8400,0.000594
load_slew653,VGND,li1,196.4200,255.6800,0.000228
fanout652,VGND,li1,200.1000,255.6800,0.000260
wire651,VGND,li1,178.4800,310.0800,0.000090
fanout650,VGND,li1,166.9800,310.0800,0.000129
load_slew649,VGND,li1,164.2200,201.2800,0.000178
fanout648,VGND,li1,171.1200,217.6000,0.000188
wire647,VGND,li1,175.4900,141.4400,0.000127
fanout646,VGND,li1,150.4200,157.7600,0.000354
load_slew645,VGND,li1,215.2800,108.8000,0.000705
fanout644,VGND,li1,184.9200,108.8000,0.000306
wire643,VGND,li1,221.2600,76.1600,0.000253
fanout642,VGND,li1,218.0400,87.0400,0.000428
wire641,VGND,li1,132.9400,157.7600,0.000457
fanout640,VGND,li1,150.8800,163.2000,0.000155
load_slew639,VGND,li1,136.6200,97.9200,0.000201
fanout638,VGND,li1,148.5800,97.9200,0.000181
fanout637,VGND,li1,132.4800,59.8400,0.000539
fanout636,VGND,li1,191.3600,261.1200,0.000295
fanout635,VGND,li1,183.5400,48.9600,0.000132
fanout634,VGND,li1,134.7800,54.4000,0.000200
load_slew633,VGND,li1,204.2400,179.5200,0.000492
fanout632,VGND,li1,192.7400,179.5200,0.000387
fanout631,VGND,li1,257.1400,190.4000,0.000902
wire630,VGND,li1,86.9400,184.9600,0.000462
fanout629,VGND,li1,198.7200,184.9600,0.000430
wire628,VGND,li1,53.8200,97.9200,0.000179
fanout627,VGND,li1,73.6000,163.2000,0.000159
fanout625,VGND,li1,167.4400,201.2800,0.000167
load_slew624,VGND,li1,228.1600,163.2000,0.000311
fanout623,VGND,li1,226.7800,146.8800,0.000701
load_slew622,VGND,li1,115.4600,184.9600,0.000457
fanout621,VGND,li1,119.6000,190.4000,0.000325
load_slew620,VGND,li1,123.2800,179.5200,0.000490
fanout619,VGND,li1,114.0800,179.5200,0.000485
load_slew618,VGND,li1,202.1700,184.9600,0.000454
load_slew616,VGND,li1,260.3600,190.4000,0.000916
fanout615,VGND,li1,196.8800,179.5200,0.000425
load_slew614,VGND,li1,235.5200,195.8400,0.000699
fanout613,VGND,li1,204.2400,184.9600,0.000487
fanout612,VGND,li1,142.6000,244.8000,0.000284
load_slew611,VGND,li1,162.3800,282.8800,0.000133
fanout610,VGND,li1,169.2800,288.3200,0.000149
load_slew609,VGND,li1,252.0800,152.3200,0.001059
fanout608,VGND,li1,252.5400,146.8800,0.000916
load_slew607,VGND,li1,191.3600,81.6000,0.000289
fanout606,VGND,li1,182.1600,65.2800,0.000210
load_slew605,VGND,li1,166.0600,108.8000,0.000305
fanout604,VGND,li1,170.6600,141.4400,0.000139
wire603,VGND,li1,114.3100,92.4800,0.000204
fanout602,VGND,li1,106.7200,97.9200,0.000222
fanout601,VGND,li1,171.1200,217.6000,0.000188
fanout600,VGND,li1,214.3600,152.3200,0.000746
fanout599,VGND,li1,133.8600,190.4000,0.000309
fanout598,VGND,li1,116.8400,190.4000,0.000327
load_slew596,VGND,li1,197.3400,239.3600,0.000212
fanout595,VGND,li1,188.1400,228.4800,0.000273
load_slew594,VGND,li1,225.4000,233.9200,0.000537
fanout593,VGND,li1,175.7200,233.9200,0.000172
fanout592,VGND,li1,144.4400,233.9200,0.000324
wire591,VGND,li1,160.5400,272.0000,0.000286
fanout590,VGND,li1,170.2000,282.8800,0.000111
load_slew589,VGND,li1,241.5000,141.4400,0.000519
fanout588,VGND,li1,237.8200,136.0000,0.000461
load_slew587,VGND,li1,191.3600,70.7200,0.000292
fanout586,VGND,li1,188.1400,70.7200,0.000265
load_slew585,VGND,li1,142.1400,125.1200,0.000345
fanout584,VGND,li1,157.7800,141.4400,0.000176
wire583,VGND,li1,107.1800,70.7200,0.000181
fanout582,VGND,li1,115.9200,92.4800,0.000204
fanout580,VGND,li1,166.5200,228.4800,0.000245
fanout579,VGND,li1,132.9400,108.8000,0.000460
fanout577,VGND,li1,186.5300,70.7200,0.000230
fanout576,VGND,li1,73.6000,190.4000,0.000279
fanout575,VGND,li1,153.1800,70.7200,0.000185
fanout573,VGND,li1,170.2000,228.4800,0.000232
fanout572,VGND,li1,158.9300,48.9600,0.000180
fanout571,VGND,li1,190.9000,277.4400,0.000275
wire570,VGND,li1,141.6800,293.7600,0.000306
fanout569,VGND,li1,164.6800,239.3600,0.000192
fanout568,VGND,li1,294.8600,163.2000,0.000432
load_slew567,VGND,li1,132.9400,146.8800,0.000328
fanout566,VGND,li1,153.4100,141.4400,0.000186
fanout565,VGND,li1,77.2800,125.1200,0.000451
fanout564,VGND,li1,210.2200,195.8400,0.000504
fanout563,VGND,li1,183.0800,54.4000,0.000130
fanout562,VGND,li1,85.1000,125.1200,0.000465
max_cap561,VGND,li1,81.4200,54.4000,0.000210
fanout560,VGND,li1,285.6600,184.9600,0.000976
wire559,VGND,li1,292.5600,70.7200,0.001191
fanout558,VGND,li1,186.7600,54.4000,0.000148
fanout557,VGND,li1,49.6800,190.4000,0.000212
load_slew556,VGND,li1,59.8000,48.9600,0.000148
fanout555,VGND,li1,59.3400,54.4000,0.000169
fanout554,VGND,li1,267.7200,184.9600,0.000907
wire553,VGND,li1,170.6600,299.2000,0.000168
fanout552,VGND,li1,224.9400,299.2000,0.000403
fanout551,VGND,li1,168.3600,136.0000,0.000210
load_slew550,VGND,li1,155.0200,38.0800,0.000159
fanout549,VGND,li1,217.5800,54.4000,0.000363
wire548,VGND,li1,125.5800,250.2400,0.000258
fanout547,VGND,li1,55.2000,212.1600,0.000257
wire546,VGND,li1,315.1000,184.9600,0.001030
fanout545,VGND,li1,303.6000,212.1600,0.000799
load_slew544,VGND,li1,58.8800,201.2800,0.000178
fanout543,VGND,li1,59.8000,201.2800,0.000184
load_slew542,VGND,li1,55.6600,146.8800,0.000181
fanout541,VGND,li1,52.4400,146.8800,0.000168
wire540,VGND,li1,143.9800,239.3600,0.000289
fanout539,VGND,li1,92.4600,212.1600,0.000368
load_slew538,VGND,li1,97.5200,201.2800,0.000249
fanout537,VGND,li1,95.2200,217.6000,0.000312
fanout536,VGND,li1,265.4200,152.3200,0.001116
load_slew535,VGND,li1,104.4200,141.4400,0.000218
fanout534,VGND,li1,99.8200,125.1200,0.000486
wire533,VGND,li1,148.1200,233.9200,0.000318
fanout532,VGND,li1,98.9000,217.6000,0.000325
load_slew531,VGND,li1,111.7800,217.6000,0.000357
fanout530,VGND,li1,103.0400,217.6000,0.000331
fanout529,VGND,li1,280.6000,146.8800,0.001110
load_slew528,VGND,li1,107.1800,136.0000,0.000388
fanout527,VGND,li1,103.9600,130.5600,0.000288
wire526,VGND,li1,149.9600,201.2800,0.000223
fanout525,VGND,li1,131.1000,217.6000,0.000319
wire524,VGND,li1,222.1800,228.4800,0.000574
fanout523,VGND,li1,104.8800,217.6000,0.000340
load_slew522,VGND,li1,122.8200,201.2800,0.000257
fanout521,VGND,li1,124.2000,212.1600,0.000345
load_slew520,VGND,li1,94.3000,114.2400,0.000305
fanout519,VGND,li1,93.8400,125.1200,0.000476
wire518,VGND,li1,149.5000,206.7200,0.000327
fanout517,VGND,li1,117.3000,228.4800,0.000428
wire516,VGND,li1,226.3200,228.4800,0.000608
fanout515,VGND,li1,124.6600,212.1600,0.000345
load_slew514,VGND,li1,127.8800,217.6000,0.000327
fanout513,VGND,li1,128.1100,212.1600,0.000337
load_slew512,VGND,li1,114.0800,119.6800,0.000419
fanout511,VGND,li1,93.8400,114.2400,0.000305
load_slew510,VGND,li1,113.1600,141.4400,0.000223
fanout509,VGND,li1,113.6200,228.4800,0.000428
wire508,VGND,li1,187.6800,239.3600,0.000177
fanout507,VGND,li1,111.3200,223.0400,0.000238
load_slew506,VGND,li1,110.4000,228.4800,0.000428
fanout505,VGND,li1,117.7600,212.1600,0.000359
load_slew504,VGND,li1,110.4000,125.1200,0.000461
fanout503,VGND,li1,107.1800,125.1200,0.000468
load_slew502,VGND,li1,111.3200,136.0000,0.000379
fanout501,VGND,li1,128.8000,223.0400,0.000256
wire500,VGND,li1,188.6000,233.9200,0.000244
fanout499,VGND,li1,115.9200,223.0400,0.000244
load_slew498,VGND,li1,128.3400,244.8000,0.000316
fanout497,VGND,li1,123.7400,223.0400,0.000253
load_slew496,VGND,li1,107.1800,130.5600,0.000287
fanout495,VGND,li1,110.8600,119.6800,0.000418
fanout494,VGND,li1,144.9000,255.6800,0.000185
load_slew493,VGND,li1,68.5400,201.2800,0.000202
fanout492,VGND,li1,64.8600,201.2800,0.000197
load_slew491,VGND,li1,139.8400,146.8800,0.000328
fanout490,VGND,li1,137.5400,146.8800,0.000328
wire489,VGND,li1,65.7800,141.4400,0.000163
fanout488,VGND,li1,80.9600,179.5200,0.000374
fanout487,VGND,li1,149.5000,261.1200,0.000233
load_slew486,VGND,li1,65.7800,206.7200,0.000181
fanout485,VGND,li1,59.8000,195.8400,0.000279
load_slew484,VGND,li1,152.2600,163.2000,0.000149
fanout483,VGND,li1,133.8600,146.8800,0.000328
wire482,VGND,li1,62.1000,141.4400,0.000155
fanout481,VGND,li1,77.2800,179.5200,0.000360
fanout480,VGND,li1,166.0600,250.2400,0.000158
wire479,VGND,li1,68.5400,233.9200,0.000293
fanout478,VGND,li1,67.6200,244.8000,0.000226
load_slew477,VGND,li1,148.5800,146.8800,0.000324
fanout476,VGND,li1,146.2800,146.8800,0.000326
wire475,VGND,li1,68.5400,141.4400,0.000167
fanout474,VGND,li1,80.9600,174.0800,0.000204
max_cap473,VGND,li1,71.3000,217.6000,0.000251
fanout472,VGND,li1,162.3800,255.6800,0.000149
load_slew471,VGND,li1,69.9200,233.9200,0.000293
fanout470,VGND,li1,67.1600,244.8000,0.000226
fanout469,VGND,li1,149.5000,108.8000,0.000382
load_slew468,VGND,li1,93.3800,163.2000,0.000185
fanout467,VGND,li1,93.3800,174.0800,0.000219
fanout466,VGND,li1,201.0200,277.4400,0.000363
wire465,VGND,li1,207.4600,92.4800,0.000397
fanout464,VGND,li1,201.0200,179.5200,0.000463
fanout463,VGND,li1,55.2000,206.7200,0.000148
wire462,VGND,li1,55.6600,157.7600,0.000295
fanout461,VGND,li1,47.3800,261.1200,0.000150
max_cap460,VGND,li1,68.5400,223.0400,0.000152
wire459,VGND,li1,224.9400,184.9600,0.000673
fanout458,VGND,li1,175.2600,174.0800,0.000138
load_slew457,VGND,li1,51.9800,223.0400,0.000112
fanout456,VGND,li1,48.7600,223.0400,0.000104
fanout455,VGND,li1,266.3400,168.6400,0.000621
load_slew454,VGND,li1,53.8200,103.3600,0.000169
fanout453,VGND,li1,49.6800,130.5600,0.000191
fanout452,VGND,li1,204.2400,217.6000,0.000460
load_slew451,VGND,li1,89.2400,233.9200,0.000332
fanout450,VGND,li1,87.8600,233.9200,0.000332
load_slew449,VGND,li1,159.1600,146.8800,0.000301
fanout448,VGND,li1,170.2000,157.7600,0.000211
load_slew447,VGND,li1,109.9400,179.5200,0.000474
fanout446,VGND,li1,106.7200,174.0800,0.000236
fanout445,VGND,li1,206.0800,217.6000,0.000483
load_slew444,VGND,li1,89.2400,228.4800,0.000411
fanout443,VGND,li1,85.1000,228.4800,0.000392
load_slew442,VGND,li1,184.9200,146.8800,0.000245
fanout441,VGND,li1,154.5600,157.7600,0.000329
load_slew440,VGND,li1,113.1600,174.0800,0.000239
fanout439,VGND,li1,106.2600,179.5200,0.000460
fanout438,VGND,li1,185.3800,212.1600,0.000230
wire437,VGND,li1,81.4200,206.7200,0.000233
fanout436,VGND,li1,86.0200,206.7200,0.000248
fanout435,VGND,li1,234.6000,168.6400,0.000522
load_slew434,VGND,li1,84.6400,168.6400,0.000315
fanout433,VGND,li1,84.6400,163.2000,0.000176
fanout432,VGND,li1,178.4800,201.2800,0.000122
wire431,VGND,li1,83.2600,206.7200,0.000239
fanout430,VGND,li1,92.4600,195.8400,0.000397
fanout429,VGND,li1,222.6400,179.5200,0.000648
load_slew428,VGND,li1,96.1400,163.2000,0.000187
fanout427,VGND,li1,89.7000,163.2000,0.000180
load_slew426,VGND,li1,181.2400,195.8400,0.000198
fanout425,VGND,li1,181.7000,184.9600,0.000235
load_slew424,VGND,li1,189.5200,152.3200,0.000382
fanout423,VGND,li1,188.1400,174.0800,0.000220
fanout422,VGND,li1,11.5000,201.2800,0.000069
wire421,VGND,li1,8.2800,152.3200,0.000150
fanout420,VGND,li1,18.4000,244.8000,0.000060
load_slew419,VGND,li1,184.4600,195.8400,0.000244
fanout418,VGND,li1,182.1600,190.4000,0.000208
load_slew417,VGND,li1,196.8800,179.5200,0.000425
fanout416,VGND,li1,188.1400,163.2000,0.000138
fanout415,VGND,li1,12.8800,212.1600,0.000088
wire414,VGND,li1,20.2400,168.6400,0.000073
fanout413,VGND,li1,16.5600,250.2400,0.000074
load_slew412,VGND,li1,187.6800,201.2800,0.000196
fanout411,VGND,li1,176.6400,190.4000,0.000178
load_slew410,VGND,li1,174.8000,152.3200,0.000230
fanout409,VGND,li1,191.8200,174.0800,0.000249
fanout408,VGND,li1,17.0200,212.1600,0.000088
wire407,VGND,li1,29.4400,168.6400,0.000091
fanout406,VGND,li1,28.0600,244.8000,0.000073
load_slew405,VGND,li1,184.0000,195.8400,0.000244
fanout404,VGND,li1,183.0800,190.4000,0.000208
load_slew403,VGND,li1,166.9800,152.3200,0.000267
fanout402,VGND,li1,195.5000,168.6400,0.000323
fanout401,VGND,li1,26.6800,206.7200,0.000047
wire400,VGND,li1,29.4400,174.0800,0.000070
fanout399,VGND,li1,30.3600,250.2400,0.000098
max_cap398,VGND,li1,66.7000,223.0400,0.000148
fanout397,VGND,li1,202.8600,299.2000,0.000275
load_slew396,VGND,li1,277.8400,70.7200,0.001099
fanout395,VGND,li1,177.5600,157.7600,0.000151
fanout394,VGND,li1,38.6400,206.7200,0.000094
load_slew393,VGND,li1,46.9200,163.2000,0.000108
fanout392,VGND,li1,33.5800,255.6800,0.000087
load_slew391,VGND,li1,28.5200,206.7200,0.000059
fanout390,VGND,li1,10.5800,228.4800,0.000076
wire389,VGND,li1,226.3200,190.4000,0.000666
fanout388,VGND,li1,140.7600,179.5200,0.000442
fanout387,VGND,li1,199.1800,141.4400,0.000258
wire386,VGND,li1,35.4200,27.2000,0.000134
fanout385,VGND,li1,12.8800,168.6400,0.000077
max_cap384,VGND,li1,70.3800,223.0400,0.000156
fanout383,VGND,li1,204.7000,293.7600,0.000242
load_slew382,VGND,li1,281.0600,70.7200,0.001123
fanout381,VGND,li1,188.1400,141.4400,0.000181
fanout380,VGND,li1,36.8000,206.7200,0.000087
load_slew379,VGND,li1,33.5800,157.7600,0.000151
fanout378,VGND,li1,38.1800,261.1200,0.000120
max_cap377,VGND,li1,85.1000,223.0400,0.000188
wire376,VGND,li1,161.9200,179.5200,0.000337
fanout375,VGND,li1,137.5400,168.6400,0.000394
wire374,VGND,li1,17.0200,261.1200,0.000060
fanout373,VGND,li1,8.7400,233.9200,0.000090
fanout372,VGND,li1,208.3800,157.7600,0.000334
wire371,VGND,li1,36.3400,27.2000,0.000134
fanout370,VGND,li1,13.8000,174.0800,0.000061
load_slew369,VGND,li1,27.1400,223.0400,0.000047
fanout368,VGND,li1,22.0800,228.4800,0.000073
wire367,VGND,li1,231.3800,184.9600,0.000719
fanout366,VGND,li1,149.5000,174.0800,0.000213
fanout365,VGND,li1,204.7000,157.7600,0.000308
load_slew364,VGND,li1,24.8400,103.3600,0.000045
fanout363,VGND,li1,24.3800,168.6400,0.000068
load_slew362,VGND,li1,28.5200,223.0400,0.000047
fanout361,VGND,li1,28.0600,212.1600,0.000112
wire360,VGND,li1,223.1000,195.8400,0.000613
fanout359,VGND,li1,149.5000,163.2000,0.000155
fanout358,VGND,li1,208.3800,141.4400,0.000319
load_slew357,VGND,li1,29.4400,92.4800,0.000078
fanout356,VGND,li1,25.3000,157.7600,0.000086
wire355,VGND,li1,176.1800,179.5200,0.000227
fanout354,VGND,li1,153.6400,168.6400,0.000396
wire353,VGND,li1,40.0200,261.1200,0.000129
fanout352,VGND,li1,37.2600,223.0400,0.000071
fanout351,VGND,li1,218.5000,152.3200,0.000789
load_slew350,VGND,li1,40.0200,103.3600,0.000115
fanout349,VGND,li1,40.0200,168.6400,0.000150
load_slew348,VGND,li1,133.8600,223.0400,0.000259
fanout347,VGND,li1,90.1600,217.6000,0.000302
load_slew346,VGND,li1,97.9800,223.0400,0.000216
fanout345,VGND,li1,93.8400,223.0400,0.000208
fanout344,VGND,li1,260.8200,152.3200,0.001100
load_slew343,VGND,li1,104.8800,141.4400,0.000218
fanout342,VGND,li1,93.3800,141.4400,0.000207
load_slew341,VGND,li1,129.2600,239.3600,0.000335
fanout340,VGND,li1,91.5400,217.6000,0.000302
load_slew339,VGND,li1,94.3000,223.0400,0.000208
fanout338,VGND,li1,92.4600,212.1600,0.000368
fanout337,VGND,li1,253.0000,146.8800,0.000916
load_slew336,VGND,li1,97.5200,141.4400,0.000210
fanout335,VGND,li1,93.8400,141.4400,0.000207
wire334,VGND,li1,178.9400,179.5200,0.000208
fanout333,VGND,li1,158.2400,179.5200,0.000350
wire332,VGND,li1,34.9600,266.5600,0.000113
fanout331,VGND,li1,40.9400,217.6000,0.000150
fanout330,VGND,li1,222.1800,152.3200,0.000811
load_slew329,VGND,li1,37.2600,103.3600,0.000103
fanout328,VGND,li1,37.2600,174.0800,0.000095
wire327,VGND,li1,187.6800,223.0400,0.000315
fanout326,VGND,li1,191.8200,152.3200,0.000444
wire325,VGND,li1,316.4800,184.9600,0.001030
fanout324,VGND,li1,316.9400,201.2800,0.000688
fanout323,VGND,li1,175.2600,282.8800,0.000094
wire322,VGND,li1,173.4200,76.1600,0.000103
fanout321,VGND,li1,182.6200,130.5600,0.000136
fanout320,VGND,li1,257.6000,195.8400,0.000794
load_slew319,VGND,li1,129.7200,184.9600,0.000445
fanout318,VGND,li1,132.0200,206.7200,0.000338
fanout317,VGND,li1,269.1000,141.4400,0.000622
load_slew316,VGND,li1,132.9400,141.4400,0.000222
fanout315,VGND,li1,150.8800,141.4400,0.000192
fanout314,VGND,li1,259.4400,206.7200,0.001033
load_slew313,VGND,li1,145.8200,206.7200,0.000342
fanout312,VGND,li1,135.7000,206.7200,0.000340
fanout311,VGND,li1,276.9200,146.8800,0.001089
load_slew310,VGND,li1,125.5800,136.0000,0.000352
fanout309,VGND,li1,151.3400,146.8800,0.000322
load_slew308,VGND,li1,149.0400,195.8400,0.000306
fanout307,VGND,li1,132.4800,195.8400,0.000355
wire306,VGND,li1,245.1800,190.4000,0.000811
fanout305,VGND,li1,143.9800,195.8400,0.000322
load_slew304,VGND,li1,145.8200,190.4000,0.000288
fanout303,VGND,li1,138.0000,195.8400,0.000339
load_slew302,VGND,li1,163.5300,125.1200,0.000229
fanout301,VGND,li1,154.1000,119.6800,0.000396
load_slew300,VGND,li1,149.0400,195.8400,0.000306
fanout299,VGND,li1,149.5000,190.4000,0.000274
wire298,VGND,li1,242.4200,190.4000,0.000787
fanout297,VGND,li1,145.8200,195.8400,0.000316
load_slew296,VGND,li1,151.8000,195.8400,0.000299
fanout295,VGND,li1,138.0000,190.4000,0.000302
load_slew294,VGND,li1,167.6700,125.1200,0.000213
fanout293,VGND,li1,158.2400,114.2400,0.000202
wire292,VGND,li1,149.5000,179.5200,0.000400
fanout291,VGND,li1,117.7600,206.7200,0.000324
wire290,VGND,li1,189.0600,233.9200,0.000244
fanout289,VGND,li1,113.1600,201.2800,0.000257
load_slew288,VGND,li1,128.3400,190.4000,0.000317
fanout287,VGND,li1,124.2000,190.4000,0.000320
load_slew286,VGND,li1,178.4800,136.0000,0.000160
load_slew285,VGND,li1,174.3400,130.5600,0.000134
fanout284,VGND,li1,166.9800,130.5600,0.000155
wire283,VGND,li1,130.6400,168.6400,0.000391
fanout282,VGND,li1,124.6600,206.7200,0.000332
wire281,VGND,li1,190.4400,239.3600,0.000189
fanout280,VGND,li1,115.9200,201.2800,0.000257
load_slew279,VGND,li1,131.1000,190.4000,0.000314
fanout278,VGND,li1,116.8400,201.2800,0.000257
load_slew277,VGND,li1,178.4800,130.5600,0.000110
load_slew276,VGND,li1,166.5200,103.3600,0.000237
fanout275,VGND,li1,178.9400,130.5600,0.000110
fanout274,VGND,li1,137.0800,212.1600,0.000317
load_slew273,VGND,li1,164.6800,217.6000,0.000214
fanout272,VGND,li1,149.9600,217.6000,0.000264
load_slew271,VGND,li1,210.2200,179.5200,0.000539
fanout270,VGND,li1,201.0200,174.0800,0.000316
wire269,VGND,li1,168.8200,108.8000,0.000288
fanout268,VGND,li1,174.3400,125.1200,0.000166
fanout267,VGND,li1,187.2200,190.4000,0.000268
load_slew266,VGND,li1,192.2800,223.0400,0.000387
fanout265,VGND,li1,192.2800,217.6000,0.000329
load_slew264,VGND,li1,208.3800,168.6400,0.000402
fanout263,VGND,li1,196.8800,174.0800,0.000288
wire262,VGND,li1,163.3000,103.3600,0.000251
fanout261,VGND,li1,167.4400,114.2400,0.000166
fanout260,VGND,li1,149.9600,206.7200,0.000327
load_slew259,VGND,li1,161.9200,217.6000,0.000224
fanout258,VGND,li1,153.1800,201.2800,0.000215
load_slew257,VGND,li1,215.2800,163.2000,0.000260
fanout256,VGND,li1,205.1600,163.2000,0.000223
wire255,VGND,li1,171.1200,125.1200,0.000180
fanout254,VGND,li1,178.9400,125.1200,0.000127
fanout253,VGND,li1,158.2400,217.6000,0.000240
load_slew252,VGND,li1,161.9200,195.8400,0.000262
fanout251,VGND,li1,150.4200,212.1600,0.000280
load_slew250,VGND,li1,206.0800,184.9600,0.000506
fanout249,VGND,li1,208.8400,163.2000,0.000239
wire248,VGND,li1,118.2200,152.3200,0.000368
fanout247,VGND,li1,137.0800,146.8800,0.000328
fanout246,VGND,li1,196.8800,293.7600,0.000206
load_slew245,VGND,li1,272.3200,76.1600,0.000380
fanout244,VGND,li1,195.5000,141.4400,0.000234
fanout243,VGND,li1,177.5600,277.4400,0.000155
wire242,VGND,li1,126.0400,54.4000,0.000210
fanout241,VGND,li1,176.6400,76.1600,0.000094
load_slew240,VGND,li1,166.9800,184.9600,0.000287
fanout239,VGND,li1,170.2000,179.5200,0.000271
wire238,VGND,li1,46.0000,255.6800,0.000141
fanout237,VGND,li1,63.9400,174.0800,0.000172
fanout236,VGND,li1,260.3600,157.7600,0.000541
load_slew235,VGND,li1,200.5600,32.6400,0.000287
fanout234,VGND,li1,222.6400,146.8800,0.000663
load_slew233,VGND,li1,166.9800,146.8800,0.000259
fanout232,VGND,li1,158.2400,157.7600,0.000304
load_slew231,VGND,li1,171.5800,195.8400,0.000217
fanout230,VGND,li1,175.7200,195.8400,0.000187
load_slew229,VGND,li1,187.2200,130.5600,0.000165
fanout228,VGND,li1,154.5600,152.3200,0.000302
load_slew227,VGND,li1,108.1000,179.5200,0.000468
fanout226,VGND,li1,110.4000,174.0800,0.000237
load_slew225,VGND,li1,181.7000,136.0000,0.000179
fanout224,VGND,li1,172.0400,163.2000,0.000102
load_slew223,VGND,li1,175.2600,217.6000,0.000171
fanout222,VGND,li1,179.4000,217.6000,0.000190
load_slew221,VGND,li1,172.0400,168.6400,0.000336
fanout220,VGND,li1,169.7400,146.8800,0.000243
load_slew219,VGND,li1,103.5000,179.5200,0.000450
fanout218,VGND,li1,105.3400,179.5200,0.000460
fanout217,VGND,li1,226.7800,195.8400,0.000652
load_slew216,VGND,li1,184.0000,223.0400,0.000282
fanout215,VGND,li1,181.7000,212.1600,0.000181
fanout214,VGND,li1,226.7800,174.0800,0.000467
load_slew213,VGND,li1,138.4600,119.6800,0.000418
fanout212,VGND,li1,163.7600,141.4400,0.000164
fanout211,VGND,li1,216.6600,179.5200,0.000599
load_slew210,VGND,li1,186.3000,201.2800,0.000180
fanout209,VGND,li1,183.0800,212.1600,0.000206
fanout208,VGND,li1,226.3200,179.5200,0.000665
load_slew207,VGND,li1,170.6600,108.8000,0.000269
fanout206,VGND,li1,169.7400,146.8800,0.000243
max_cap205,VGND,li1,174.3400,179.5200,0.000241
fanout204,VGND,li1,179.4000,299.2000,0.000124
load_slew203,VGND,li1,187.6800,179.5200,0.000323
fanout202,VGND,li1,182.1600,179.5200,0.000238
fanout201,VGND,li1,122.3600,304.6400,0.000195
load_slew200,VGND,li1,20.2400,76.1600,0.000079
fanout199,VGND,li1,141.6800,76.1600,0.000201
max_cap198,VGND,li1,197.3400,201.2800,0.000257
fanout197,VGND,li1,172.0400,293.7600,0.000155
load_slew196,VGND,li1,188.6000,184.9600,0.000317
fanout195,VGND,li1,176.1800,168.6400,0.000255
fanout194,VGND,li1,115.9200,293.7600,0.000384
wire193,VGND,li1,8.7400,76.1600,0.000081
fanout192,VGND,li1,138.0000,87.0400,0.000208
max_cap191,VGND,li1,179.4000,190.4000,0.000167
fanout190,VGND,li1,192.2800,293.7600,0.000181
load_slew189,VGND,li1,215.2800,157.7600,0.000362
fanout188,VGND,li1,183.5400,179.5200,0.000271
fanout187,VGND,li1,119.6000,293.7600,0.000377
wire186,VGND,li1,34.0400,70.7200,0.000074
fanout185,VGND,li1,132.0200,81.6000,0.000453
max_cap184,VGND,li1,189.9800,201.2800,0.000212
fanout183,VGND,li1,188.1400,299.2000,0.000187
load_slew182,VGND,li1,193.2000,174.0800,0.000249
fanout181,VGND,li1,189.9800,174.0800,0.000235
fanout180,VGND,li1,132.9400,293.7600,0.000339
wire179,VGND,li1,34.0400,76.1600,0.000129
fanout178,VGND,li1,135.7000,81.6000,0.000445
fanout177,VGND,li1,208.8400,288.3200,0.000344
load_slew176,VGND,li1,274.6200,70.7200,0.001082
fanout175,VGND,li1,178.0200,152.3200,0.000217
fanout174,VGND,li1,165.6000,288.3200,0.000158
load_slew173,VGND,li1,42.3200,70.7200,0.000093
fanout172,VGND,li1,158.2400,87.0400,0.000176
wire171,VGND,li1,152.2600,179.5200,0.000387
fanout170,VGND,li1,137.5400,174.0800,0.000234
load_slew169,VGND,li1,142.1400,315.5200,0.000306
fanout168,VGND,li1,228.1600,206.7200,0.000821
fanout167,VGND,li1,201.0200,157.7600,0.000296
wire166,VGND,li1,136.1600,32.6400,0.000265
fanout165,VGND,li1,227.7000,130.5600,0.000379
fanout164,VGND,li1,205.1600,293.7600,0.000242
load_slew163,VGND,li1,282.9000,70.7200,0.001149
fanout162,VGND,li1,175.7200,146.8800,0.000206
fanout161,VGND,li1,158.2400,282.8800,0.000148
load_slew160,VGND,li1,46.0000,70.7200,0.000101
fanout159,VGND,li1,154.5600,87.0400,0.000184
max_cap158,VGND,li1,197.8000,190.4000,0.000378
fanout157,VGND,li1,230.9200,190.4000,0.000706
wire156,VGND,li1,140.3000,304.6400,0.000190
fanout155,VGND,li1,217.5800,326.4000,0.000077
fanout154,VGND,li1,191.8200,157.7600,0.000235
wire153,VGND,li1,129.2600,32.6400,0.000275
fanout152,VGND,li1,222.6400,125.1200,0.000328
wire151,VGND,li1,149.5000,184.9600,0.000388
fanout150,VGND,li1,145.3600,179.5200,0.000422
load_slew149,VGND,li1,156.4000,304.6400,0.000177
fanout148,VGND,li1,239.6600,201.2800,0.000500
fanout147,VGND,li1,204.7000,141.4400,0.000298
wire146,VGND,li1,138.9200,32.6400,0.000260
fanout145,VGND,li1,239.6600,130.5600,0.000422
wire144,VGND,li1,155.0200,179.5200,0.000370
fanout143,VGND,li1,141.6800,163.2000,0.000172
load_slew142,VGND,li1,161.9200,320.9600,0.000251
fanout141,VGND,li1,235.0600,217.6000,0.000704
fanout140,VGND,li1,202.8600,141.4400,0.000286
wire139,VGND,li1,145.3600,27.2000,0.000302
fanout138,VGND,li1,243.3400,125.1200,0.000390
fanout137,VGND,li1,153.6400,174.0800,0.000204
wire136,VGND,li1,142.1400,326.4000,0.000072
fanout135,VGND,li1,165.1400,320.9600,0.000233
fanout134,VGND,li1,218.9600,146.8800,0.000610
wire133,VGND,li1,152.7200,32.6400,0.000224
fanout132,VGND,li1,246.5600,119.6800,0.001426
fanout131,VGND,li1,252.5400,190.4000,0.000870
load_slew130,VGND,li1,131.1000,228.4800,0.000419
fanout129,VGND,li1,125.5800,201.2800,0.000256
fanout128,VGND,li1,265.4200,141.4400,0.000611
load_slew127,VGND,li1,126.0400,130.5600,0.000266
fanout126,VGND,li1,138.0000,136.0000,0.000322
fanout125,VGND,li1,248.4000,206.7200,0.000966
load_slew124,VGND,li1,132.9400,239.3600,0.000324
fanout123,VGND,li1,128.3400,206.7200,0.000335
fanout122,VGND,li1,257.1400,136.0000,0.000517
load_slew121,VGND,li1,125.1200,136.0000,0.000356
fanout120,VGND,li1,141.2200,141.4400,0.000211
fanout119,VGND,li1,162.8400,190.4000,0.000234
wire118,VGND,li1,149.0400,310.0800,0.000175
fanout117,VGND,li1,170.6600,326.4000,0.000043
fanout116,VGND,li1,213.9000,146.8800,0.000575
wire115,VGND,li1,126.5000,32.6400,0.000278
fanout114,VGND,li1,248.4000,130.5600,0.000452
output113,VGND,li1,264.5000,326.4000,0.000104
output112,VGND,li1,18.8600,146.8800,0.000061
output111,VGND,li1,231.3800,326.4000,0.000089
output110,VGND,li1,317.8600,141.4400,0.000701
output109,VGND,li1,321.0800,141.4400,0.000703
output108,VGND,li1,85.3300,10.8800,0.000082
output107,VGND,li1,245.6400,10.8800,0.000151
output106,VGND,li1,319.7000,184.9600,0.001031
output105,VGND,li1,67.1600,326.4000,0.000063
output104,VGND,li1,183.5400,10.8800,0.000049
output103,VGND,li1,129.0300,21.7600,0.000258
output102,VGND,li1,84.1800,326.4000,0.000073
output101,VGND,li1,132.2500,16.3200,0.000364
output100,VGND,li1,260.8200,10.8800,0.000166
output99,VGND,li1,203.7800,320.9600,0.000417
output98,VGND,li1,8.7400,201.2800,0.000069
output97,VGND,li1,102.1200,320.9600,0.000319
output96,VGND,li1,9.6600,179.5200,0.000079
output95,VGND,li1,293.4800,10.8800,0.000181
output94,VGND,li1,247.9400,326.4000,0.000098
output93,VGND,li1,11.5000,59.8400,0.000117
output92,VGND,li1,19.7800,184.9600,0.000112
output91,VGND,li1,226.3200,320.9600,0.000575
output90,VGND,li1,112.7000,16.3200,0.000387
output89,VGND,li1,313.2600,141.4400,0.000699
output88,VGND,li1,319.7000,233.9200,0.000932
output87,VGND,li1,268.1800,10.8800,0.000171
output86,VGND,li1,162.8400,326.4000,0.000054
output85,VGND,li1,60.2600,326.4000,0.000056
output84,VGND,li1,8.2800,119.6800,0.000094
output83,VGND,li1,316.4800,152.3200,0.001213
output82,VGND,li1,69.0000,326.4000,0.000065
output81,VGND,li1,263.1200,320.9600,0.000670
output80,VGND,li1,9.2000,130.5600,0.000077
output79,VGND,li1,225.8600,326.4000,0.000083
output78,VGND,li1,304.5200,125.1200,0.000503
output77,VGND,li1,320.3900,141.4400,0.000703
output76,VGND,li1,69.4600,21.7600,0.000193
output75,VGND,li1,223.5600,10.8800,0.000121
output74,VGND,li1,319.7000,190.4000,0.001173
output73,VGND,li1,136.1600,326.4000,0.000075
output72,VGND,li1,179.8600,10.8800,0.000039
output71,VGND,li1,141.2200,10.8800,0.000080
output70,VGND,li1,11.5000,244.8000,0.000063
output69,VGND,li1,124.6600,10.8800,0.000087
output68,VGND,li1,319.7000,97.9200,0.000648
output67,VGND,li1,188.1400,320.9600,0.000278
output66,VGND,li1,8.7400,223.0400,0.000054
output65,VGND,li1,91.0800,326.4000,0.000075
output64,VGND,li1,8.7400,174.0800,0.000063
output63,VGND,li1,284.7400,10.8800,0.000179
output62,VGND,li1,261.2800,320.9600,0.000669
output61,VGND,li1,67.6200,10.8800,0.000070
output60,VGND,li1,8.7400,184.9600,0.000114
output59,VGND,li1,319.7000,277.4400,0.000968
output58,VGND,li1,63.0200,10.8800,0.000065
output57,VGND,li1,162.8400,10.8800,0.000061
output56,VGND,li1,307.7400,206.7200,0.001100
output55,VGND,li1,273.2400,10.8800,0.000174
output54,VGND,li1,158.4700,310.0800,0.000150
output53,VGND,li1,65.3200,326.4000,0.000062
output52,VGND,li1,90.6200,10.8800,0.000083
output51,VGND,li1,307.7400,163.2000,0.000446
output50,VGND,li1,17.0200,244.8000,0.000061
input49,VGND,li1,8.7400,244.8000,0.000064
input48,VGND,li1,273.7000,326.4000,0.000105
input47,VGND,li1,8.7400,168.6400,0.000079
input46,VGND,li1,320.1600,277.4400,0.000968
input45,VGND,li1,320.1600,92.4800,0.000784
input44,VGND,li1,320.1600,92.4800,0.000784
input43,VGND,li1,53.8200,10.8800,0.000056
input42,VGND,li1,208.3800,10.8800,0.000097
input41,VGND,li1,320.1600,179.5200,0.000963
input40,VGND,li1,132.4800,326.4000,0.000075
input39,VGND,li1,204.7000,10.8800,0.000091
input38,VGND,li1,112.2400,10.8800,0.000088
input37,VGND,li1,8.7400,266.5600,0.000068
input36,VGND,li1,85.1000,21.7600,0.000225
input35,VGND,li1,204.7000,16.3200,0.000315
input34,VGND,li1,204.7000,326.4000,0.000064
input33,VGND,li1,12.4200,239.3600,0.000082
input32,VGND,li1,99.3600,326.4000,0.000077
input31,VGND,li1,11.5000,184.9600,0.000114
input30,VGND,li1,239.6600,10.8800,0.000144
input29,VGND,li1,274.1600,320.9600,0.000671
input28,VGND,li1,8.7400,59.8400,0.000117
input27,VGND,li1,9.2000,223.0400,0.000054
input26,VGND,li1,320.1600,266.5600,0.001056
input25,VGND,li1,8.7400,65.2800,0.000093
input24,VGND,li1,132.4800,10.8800,0.000084
input23,VGND,li1,320.1600,195.8400,0.000908
input22,VGND,li1,235.5200,16.3200,0.000458
input21,VGND,li1,178.9400,326.4000,0.000031
input20,VGND,li1,112.2400,326.4000,0.000077
input19,VGND,li1,8.7400,59.8400,0.000117
input18,VGND,li1,320.1600,130.5600,0.000553
input17,VGND,li1,106.7200,326.4000,0.000078
input16,VGND,li1,38.4100,10.8800,0.000037
input15,VGND,li1,310.9600,125.1200,0.000510
input14,VGND,li1,302.2200,130.5600,0.000543
input13,VGND,li1,7.8200,288.3200,0.000071
input12,VGND,li1,7.8200,315.5200,0.000052
input11,VGND,li1,320.6200,21.7600,0.000578
input10,VGND,li1,69.0000,32.6400,0.000248
input9,VGND,li1,77.2800,10.8800,0.000077
input8,VGND,li1,8.2800,304.6400,0.000034
input7,VGND,li1,7.8200,320.9600,0.000050
input6,VGND,li1,321.0800,21.7600,0.000579
input5,VGND,li1,8.7400,244.8000,0.000064
input4,VGND,li1,16.1000,233.9200,0.000088
input3,VGND,li1,28.0600,212.1600,0.000112
input2,VGND,li1,8.7400,239.3600,0.000082
input1,VGND,li1,8.7400,250.2400,0.000077
TAP_TAPCELL_ROW_115_1647,VGND,li1,314.8700,326.1080,0.000105
TAP_TAPCELL_ROW_115_1646,VGND,li1,301.9900,326.1080,0.000105
TAP_TAPCELL_ROW_115_1645,VGND,li1,289.1100,326.1080,0.000105
TAP_TAPCELL_ROW_115_1644,VGND,li1,276.2300,326.1080,0.000105
TAP_TAPCELL_ROW_115_1643,VGND,li1,263.3500,326.1080,0.000104
TAP_TAPCELL_ROW_115_1642,VGND,li1,250.4700,326.1080,0.000099
TAP_TAPCELL_ROW_115_1641,VGND,li1,237.5900,326.1080,0.000092
TAP_TAPCELL_ROW_115_1640,VGND,li1,224.7100,326.1080,0.000083
TAP_TAPCELL_ROW_115_1639,VGND,li1,211.8300,326.1080,0.000071
TAP_TAPCELL_ROW_115_1638,VGND,li1,198.9500,326.1080,0.000056
TAP_TAPCELL_ROW_115_1637,VGND,li1,186.0700,326.1080,0.000040
TAP_TAPCELL_ROW_115_1636,VGND,li1,173.1900,326.1080,0.000040
TAP_TAPCELL_ROW_115_1635,VGND,li1,160.3100,326.1080,0.000057
TAP_TAPCELL_ROW_115_1634,VGND,li1,147.4300,326.1080,0.000069
TAP_TAPCELL_ROW_115_1633,VGND,li1,134.5500,326.1080,0.000075
TAP_TAPCELL_ROW_115_1632,VGND,li1,121.6700,326.1080,0.000076
TAP_TAPCELL_ROW_115_1631,VGND,li1,108.7900,326.1080,0.000078
TAP_TAPCELL_ROW_115_1630,VGND,li1,95.9100,326.1080,0.000076
TAP_TAPCELL_ROW_115_1629,VGND,li1,83.0300,326.1080,0.000072
TAP_TAPCELL_ROW_115_1628,VGND,li1,70.1500,326.1080,0.000065
TAP_TAPCELL_ROW_115_1627,VGND,li1,57.2700,326.1080,0.000051
TAP_TAPCELL_ROW_115_1626,VGND,li1,44.3900,326.1080,0.000035
TAP_TAPCELL_ROW_115_1625,VGND,li1,31.5100,326.1080,0.000019
TAP_TAPCELL_ROW_115_1624,VGND,li1,18.6300,326.1080,0.000012
TAP_TAPCELL_ROW_114_1623,VGND,li1,301.9900,321.2510,0.000671
TAP_TAPCELL_ROW_114_1622,VGND,li1,276.2300,321.2510,0.000671
TAP_TAPCELL_ROW_114_1621,VGND,li1,250.4700,321.2510,0.000658
TAP_TAPCELL_ROW_114_1620,VGND,li1,224.7100,321.2510,0.000575
TAP_TAPCELL_ROW_114_1619,VGND,li1,198.9500,321.2510,0.000370
TAP_TAPCELL_ROW_114_1618,VGND,li1,173.1900,321.2510,0.000192
TAP_TAPCELL_ROW_114_1617,VGND,li1,147.4300,321.2510,0.000292
TAP_TAPCELL_ROW_114_1616,VGND,li1,121.6700,321.2510,0.000331
TAP_TAPCELL_ROW_114_1615,VGND,li1,95.9100,321.2510,0.000310
TAP_TAPCELL_ROW_114_1614,VGND,li1,70.1500,321.2510,0.000240
TAP_TAPCELL_ROW_114_1613,VGND,li1,44.3900,321.2510,0.000130
TAP_TAPCELL_ROW_114_1612,VGND,li1,18.6300,321.2510,0.000048
TAP_TAPCELL_ROW_113_1611,VGND,li1,314.8700,320.6680,0.000671
TAP_TAPCELL_ROW_113_1610,VGND,li1,289.1100,320.6680,0.000671
TAP_TAPCELL_ROW_113_1609,VGND,li1,263.3500,320.6680,0.000670
TAP_TAPCELL_ROW_113_1608,VGND,li1,237.5900,320.6680,0.000632
TAP_TAPCELL_ROW_113_1607,VGND,li1,211.8300,320.6680,0.000486
TAP_TAPCELL_ROW_113_1606,VGND,li1,186.0700,320.6680,0.000250
TAP_TAPCELL_ROW_113_1605,VGND,li1,160.3100,320.6680,0.000251
TAP_TAPCELL_ROW_113_1604,VGND,li1,134.5500,320.6680,0.000320
TAP_TAPCELL_ROW_113_1603,VGND,li1,108.7900,320.6680,0.000325
TAP_TAPCELL_ROW_113_1602,VGND,li1,83.0300,320.6680,0.000278
TAP_TAPCELL_ROW_113_1601,VGND,li1,57.2700,320.6680,0.000188
TAP_TAPCELL_ROW_113_1600,VGND,li1,31.5100,320.6680,0.000074
TAP_TAPCELL_ROW_112_1599,VGND,li1,301.9900,315.8110,0.000366
TAP_TAPCELL_ROW_112_1598,VGND,li1,276.2300,315.8110,0.000366
TAP_TAPCELL_ROW_112_1597,VGND,li1,250.4700,315.8110,0.000350
TAP_TAPCELL_ROW_112_1596,VGND,li1,224.7100,315.8110,0.000289
TAP_TAPCELL_ROW_112_1595,VGND,li1,198.9500,315.8110,0.000199
TAP_TAPCELL_ROW_112_1594,VGND,li1,173.1900,315.8110,0.000133
TAP_TAPCELL_ROW_112_1593,VGND,li1,147.4300,315.8110,0.000278
TAP_TAPCELL_ROW_112_1592,VGND,li1,121.6700,315.8110,0.000355
TAP_TAPCELL_ROW_112_1591,VGND,li1,95.9100,315.8110,0.000354
TAP_TAPCELL_ROW_112_1590,VGND,li1,70.1500,315.8110,0.000266
TAP_TAPCELL_ROW_112_1589,VGND,li1,44.3900,315.8110,0.000147
TAP_TAPCELL_ROW_112_1588,VGND,li1,18.6300,315.8110,0.000051
TAP_TAPCELL_ROW_111_1587,VGND,li1,314.8700,315.2280,0.000366
TAP_TAPCELL_ROW_111_1586,VGND,li1,289.1100,315.2280,0.000366
TAP_TAPCELL_ROW_111_1585,VGND,li1,263.3500,315.2280,0.000364
TAP_TAPCELL_ROW_111_1584,VGND,li1,237.5900,315.2280,0.000330
TAP_TAPCELL_ROW_111_1583,VGND,li1,211.8300,315.2280,0.000243
TAP_TAPCELL_ROW_111_1582,VGND,li1,186.0700,315.2280,0.000146
TAP_TAPCELL_ROW_111_1581,VGND,li1,160.3100,315.2280,0.000208
TAP_TAPCELL_ROW_111_1580,VGND,li1,134.5500,315.2280,0.000332
TAP_TAPCELL_ROW_111_1579,VGND,li1,108.7900,315.2280,0.000372
TAP_TAPCELL_ROW_111_1578,VGND,li1,83.0300,315.2280,0.000320
TAP_TAPCELL_ROW_111_1577,VGND,li1,57.2700,315.2280,0.000214
TAP_TAPCELL_ROW_111_1576,VGND,li1,31.5100,315.2280,0.000089
TAP_TAPCELL_ROW_110_1575,VGND,li1,301.9900,310.3710,0.000294
TAP_TAPCELL_ROW_110_1574,VGND,li1,276.2300,310.3710,0.000283
TAP_TAPCELL_ROW_110_1573,VGND,li1,250.4700,310.3710,0.000265
TAP_TAPCELL_ROW_110_1572,VGND,li1,224.7100,310.3710,0.000241
TAP_TAPCELL_ROW_110_1571,VGND,li1,198.9500,310.3710,0.000198
TAP_TAPCELL_ROW_110_1570,VGND,li1,173.1900,310.3710,0.000108
TAP_TAPCELL_ROW_110_1569,VGND,li1,147.4300,310.3710,0.000175
TAP_TAPCELL_ROW_110_1568,VGND,li1,121.6700,310.3710,0.000204
TAP_TAPCELL_ROW_110_1567,VGND,li1,95.9100,310.3710,0.000211
TAP_TAPCELL_ROW_110_1566,VGND,li1,70.1500,310.3710,0.000202
TAP_TAPCELL_ROW_110_1565,VGND,li1,44.3900,310.3710,0.000124
TAP_TAPCELL_ROW_110_1564,VGND,li1,18.6300,310.3710,0.000042
TAP_TAPCELL_ROW_109_1563,VGND,li1,314.8700,309.7880,0.000294
TAP_TAPCELL_ROW_109_1562,VGND,li1,289.1100,309.7880,0.000290
TAP_TAPCELL_ROW_109_1561,VGND,li1,263.3500,309.7880,0.000275
TAP_TAPCELL_ROW_109_1560,VGND,li1,237.5900,309.7880,0.000254
TAP_TAPCELL_ROW_109_1559,VGND,li1,211.8300,309.7880,0.000226
TAP_TAPCELL_ROW_109_1558,VGND,li1,186.0700,309.7880,0.000126
TAP_TAPCELL_ROW_109_1557,VGND,li1,160.3100,309.7880,0.000145
TAP_TAPCELL_ROW_109_1556,VGND,li1,134.5500,309.7880,0.000194
TAP_TAPCELL_ROW_109_1555,VGND,li1,108.7900,309.7880,0.000210
TAP_TAPCELL_ROW_109_1554,VGND,li1,83.0300,309.7880,0.000212
TAP_TAPCELL_ROW_109_1553,VGND,li1,57.2700,309.7880,0.000182
TAP_TAPCELL_ROW_109_1552,VGND,li1,31.5100,309.7880,0.000074
TAP_TAPCELL_ROW_108_1551,VGND,li1,301.9900,304.9310,0.000763
TAP_TAPCELL_ROW_108_1550,VGND,li1,276.2300,304.9310,0.000742
TAP_TAPCELL_ROW_108_1549,VGND,li1,250.4700,304.9310,0.000652
TAP_TAPCELL_ROW_108_1548,VGND,li1,224.7100,304.9310,0.000497
TAP_TAPCELL_ROW_108_1547,VGND,li1,198.9500,304.9310,0.000326
TAP_TAPCELL_ROW_108_1546,VGND,li1,173.1900,304.9310,0.000149
TAP_TAPCELL_ROW_108_1545,VGND,li1,147.4300,304.9310,0.000187
TAP_TAPCELL_ROW_108_1544,VGND,li1,121.6700,304.9310,0.000195
TAP_TAPCELL_ROW_108_1543,VGND,li1,95.9100,304.9310,0.000180
TAP_TAPCELL_ROW_108_1542,VGND,li1,70.1500,304.9310,0.000141
TAP_TAPCELL_ROW_108_1541,VGND,li1,44.3900,304.9310,0.000083
TAP_TAPCELL_ROW_108_1540,VGND,li1,18.6300,304.9310,0.000032
TAP_TAPCELL_ROW_107_1539,VGND,li1,314.8700,304.3480,0.000763
TAP_TAPCELL_ROW_107_1538,VGND,li1,289.1100,304.3480,0.000758
TAP_TAPCELL_ROW_107_1537,VGND,li1,263.3500,304.3480,0.000711
TAP_TAPCELL_ROW_107_1536,VGND,li1,237.5900,304.3480,0.000583
TAP_TAPCELL_ROW_107_1535,VGND,li1,211.8300,304.3480,0.000423
TAP_TAPCELL_ROW_107_1534,VGND,li1,186.0700,304.3480,0.000209
TAP_TAPCELL_ROW_107_1533,VGND,li1,160.3100,304.3480,0.000168
TAP_TAPCELL_ROW_107_1532,VGND,li1,134.5500,304.3480,0.000192
TAP_TAPCELL_ROW_107_1531,VGND,li1,108.7900,304.3480,0.000190
TAP_TAPCELL_ROW_107_1530,VGND,li1,83.0300,304.3480,0.000160
TAP_TAPCELL_ROW_107_1529,VGND,li1,57.2700,304.3480,0.000120
TAP_TAPCELL_ROW_107_1528,VGND,li1,31.5100,304.3480,0.000048
TAP_TAPCELL_ROW_106_1527,VGND,li1,301.9900,299.4910,0.000674
TAP_TAPCELL_ROW_106_1526,VGND,li1,276.2300,299.4910,0.000640
TAP_TAPCELL_ROW_106_1525,VGND,li1,250.4700,299.4910,0.000539
TAP_TAPCELL_ROW_106_1524,VGND,li1,224.7100,299.4910,0.000403
TAP_TAPCELL_ROW_106_1523,VGND,li1,198.9500,299.4910,0.000253
TAP_TAPCELL_ROW_106_1522,VGND,li1,173.1900,299.4910,0.000156
TAP_TAPCELL_ROW_106_1521,VGND,li1,147.4300,299.4910,0.000240
TAP_TAPCELL_ROW_106_1520,VGND,li1,121.6700,299.4910,0.000245
TAP_TAPCELL_ROW_106_1519,VGND,li1,95.9100,299.4910,0.000222
TAP_TAPCELL_ROW_106_1518,VGND,li1,70.1500,299.4910,0.000173
TAP_TAPCELL_ROW_106_1517,VGND,li1,44.3900,299.4910,0.000101
TAP_TAPCELL_ROW_106_1516,VGND,li1,18.6300,299.4910,0.000036
TAP_TAPCELL_ROW_105_1515,VGND,li1,314.8700,298.9080,0.000674
TAP_TAPCELL_ROW_105_1514,VGND,li1,289.1100,298.9080,0.000674
TAP_TAPCELL_ROW_105_1513,VGND,li1,263.3500,298.9080,0.000590
TAP_TAPCELL_ROW_105_1512,VGND,li1,237.5900,298.9080,0.000468
TAP_TAPCELL_ROW_105_1511,VGND,li1,211.8300,298.9080,0.000320
TAP_TAPCELL_ROW_105_1510,VGND,li1,186.0700,298.9080,0.000174
TAP_TAPCELL_ROW_105_1509,VGND,li1,160.3100,298.9080,0.000212
TAP_TAPCELL_ROW_105_1508,VGND,li1,134.5500,298.9080,0.000247
TAP_TAPCELL_ROW_105_1507,VGND,li1,108.7900,298.9080,0.000234
TAP_TAPCELL_ROW_105_1506,VGND,li1,83.0300,298.9080,0.000201
TAP_TAPCELL_ROW_105_1505,VGND,li1,57.2700,298.9080,0.000144
TAP_TAPCELL_ROW_105_1504,VGND,li1,31.5100,298.9080,0.000057
TAP_TAPCELL_ROW_104_1503,VGND,li1,301.9900,294.0510,0.000447
TAP_TAPCELL_ROW_104_1502,VGND,li1,276.2300,294.0510,0.000431
TAP_TAPCELL_ROW_104_1501,VGND,li1,250.4700,294.0510,0.000383
TAP_TAPCELL_ROW_104_1500,VGND,li1,224.7100,294.0510,0.000315
TAP_TAPCELL_ROW_104_1499,VGND,li1,198.9500,294.0510,0.000215
TAP_TAPCELL_ROW_104_1498,VGND,li1,173.1900,294.0510,0.000143
TAP_TAPCELL_ROW_104_1497,VGND,li1,147.4300,294.0510,0.000279
TAP_TAPCELL_ROW_104_1496,VGND,li1,121.6700,294.0510,0.000370
TAP_TAPCELL_ROW_104_1495,VGND,li1,95.9100,294.0510,0.000385
TAP_TAPCELL_ROW_104_1494,VGND,li1,70.1500,294.0510,0.000291
TAP_TAPCELL_ROW_104_1493,VGND,li1,44.3900,294.0510,0.000164
TAP_TAPCELL_ROW_104_1492,VGND,li1,18.6300,294.0510,0.000072
TAP_TAPCELL_ROW_103_1491,VGND,li1,314.8700,293.4680,0.000448
TAP_TAPCELL_ROW_103_1490,VGND,li1,289.1100,293.4680,0.000444
TAP_TAPCELL_ROW_103_1489,VGND,li1,263.3500,293.4680,0.000413
TAP_TAPCELL_ROW_103_1488,VGND,li1,237.5900,293.4680,0.000353
TAP_TAPCELL_ROW_103_1487,VGND,li1,211.8300,293.4680,0.000269
TAP_TAPCELL_ROW_103_1486,VGND,li1,186.0700,293.4680,0.000153
TAP_TAPCELL_ROW_103_1485,VGND,li1,160.3100,293.4680,0.000213
TAP_TAPCELL_ROW_103_1484,VGND,li1,134.5500,293.4680,0.000328
TAP_TAPCELL_ROW_103_1483,VGND,li1,108.7900,293.4680,0.000399
TAP_TAPCELL_ROW_103_1482,VGND,li1,83.0300,293.4680,0.000345
TAP_TAPCELL_ROW_103_1481,VGND,li1,57.2700,293.4680,0.000229
TAP_TAPCELL_ROW_103_1480,VGND,li1,31.5100,293.4680,0.000104
TAP_TAPCELL_ROW_102_1479,VGND,li1,301.9900,288.6110,0.000584
TAP_TAPCELL_ROW_102_1478,VGND,li1,276.2300,288.6110,0.000559
TAP_TAPCELL_ROW_102_1477,VGND,li1,250.4700,288.6110,0.000516
TAP_TAPCELL_ROW_102_1476,VGND,li1,224.7100,288.6110,0.000443
TAP_TAPCELL_ROW_102_1475,VGND,li1,198.9500,288.6110,0.000274
TAP_TAPCELL_ROW_102_1474,VGND,li1,173.1900,288.6110,0.000134
TAP_TAPCELL_ROW_102_1473,VGND,li1,147.4300,288.6110,0.000192
TAP_TAPCELL_ROW_102_1472,VGND,li1,121.6700,288.6110,0.000225
TAP_TAPCELL_ROW_102_1471,VGND,li1,95.9100,288.6110,0.000245
TAP_TAPCELL_ROW_102_1470,VGND,li1,70.1500,288.6110,0.000236
TAP_TAPCELL_ROW_102_1469,VGND,li1,44.3900,288.6110,0.000151
TAP_TAPCELL_ROW_102_1468,VGND,li1,18.6300,288.6110,0.000069
TAP_TAPCELL_ROW_101_1467,VGND,li1,314.8700,288.0280,0.000587
TAP_TAPCELL_ROW_101_1466,VGND,li1,289.1100,288.0280,0.000574
TAP_TAPCELL_ROW_101_1465,VGND,li1,263.3500,288.0280,0.000539
TAP_TAPCELL_ROW_101_1464,VGND,li1,237.5900,288.0280,0.000484
TAP_TAPCELL_ROW_101_1463,VGND,li1,211.8300,288.0280,0.000361
TAP_TAPCELL_ROW_101_1462,VGND,li1,186.0700,288.0280,0.000166
TAP_TAPCELL_ROW_101_1461,VGND,li1,160.3100,288.0280,0.000169
TAP_TAPCELL_ROW_101_1460,VGND,li1,134.5500,288.0280,0.000211
TAP_TAPCELL_ROW_101_1459,VGND,li1,108.7900,288.0280,0.000239
TAP_TAPCELL_ROW_101_1458,VGND,li1,83.0300,288.0280,0.000250
TAP_TAPCELL_ROW_101_1457,VGND,li1,57.2700,288.0280,0.000197
TAP_TAPCELL_ROW_101_1456,VGND,li1,31.5100,288.0280,0.000093
TAP_TAPCELL_ROW_100_1455,VGND,li1,301.9900,283.1710,0.000449
TAP_TAPCELL_ROW_100_1454,VGND,li1,276.2300,283.1710,0.000401
TAP_TAPCELL_ROW_100_1453,VGND,li1,250.4700,283.1710,0.000337
TAP_TAPCELL_ROW_100_1452,VGND,li1,224.7100,283.1710,0.000268
TAP_TAPCELL_ROW_100_1451,VGND,li1,198.9500,283.1710,0.000183
TAP_TAPCELL_ROW_100_1450,VGND,li1,173.1900,283.1710,0.000103
TAP_TAPCELL_ROW_100_1449,VGND,li1,147.4300,283.1710,0.000171
TAP_TAPCELL_ROW_100_1448,VGND,li1,121.6700,283.1710,0.000232
TAP_TAPCELL_ROW_100_1447,VGND,li1,95.9100,283.1710,0.000282
TAP_TAPCELL_ROW_100_1446,VGND,li1,70.1500,283.1710,0.000278
TAP_TAPCELL_ROW_100_1445,VGND,li1,44.3900,283.1710,0.000177
TAP_TAPCELL_ROW_100_1444,VGND,li1,18.6300,283.1710,0.000082
TAP_TAPCELL_ROW_99_1443,VGND,li1,314.8700,282.5880,0.000460
TAP_TAPCELL_ROW_99_1442,VGND,li1,289.1100,282.5880,0.000432
TAP_TAPCELL_ROW_99_1441,VGND,li1,263.3500,282.5880,0.000370
TAP_TAPCELL_ROW_99_1440,VGND,li1,237.5900,282.5880,0.000302
TAP_TAPCELL_ROW_99_1439,VGND,li1,211.8300,282.5880,0.000227
TAP_TAPCELL_ROW_99_1438,VGND,li1,186.0700,282.5880,0.000122
TAP_TAPCELL_ROW_99_1437,VGND,li1,160.3100,282.5880,0.000141
TAP_TAPCELL_ROW_99_1436,VGND,li1,134.5500,282.5880,0.000201
TAP_TAPCELL_ROW_99_1435,VGND,li1,108.7900,282.5880,0.000260
TAP_TAPCELL_ROW_99_1434,VGND,li1,83.0300,282.5880,0.000295
TAP_TAPCELL_ROW_99_1433,VGND,li1,57.2700,282.5880,0.000231
TAP_TAPCELL_ROW_99_1432,VGND,li1,31.5100,282.5880,0.000115
TAP_TAPCELL_ROW_98_1431,VGND,li1,301.9900,277.7310,0.000953
TAP_TAPCELL_ROW_98_1430,VGND,li1,276.2300,277.7310,0.000896
TAP_TAPCELL_ROW_98_1429,VGND,li1,250.4700,277.7310,0.000758
TAP_TAPCELL_ROW_98_1428,VGND,li1,224.7100,277.7310,0.000570
TAP_TAPCELL_ROW_98_1427,VGND,li1,198.9500,277.7310,0.000343
TAP_TAPCELL_ROW_98_1426,VGND,li1,173.1900,277.7310,0.000185
TAP_TAPCELL_ROW_98_1425,VGND,li1,147.4300,277.7310,0.000317
TAP_TAPCELL_ROW_98_1424,VGND,li1,121.6700,277.7310,0.000411
TAP_TAPCELL_ROW_98_1423,VGND,li1,95.9100,277.7310,0.000389
TAP_TAPCELL_ROW_98_1422,VGND,li1,70.1500,277.7310,0.000290
TAP_TAPCELL_ROW_98_1421,VGND,li1,44.3900,277.7310,0.000158
TAP_TAPCELL_ROW_98_1420,VGND,li1,18.6300,277.7310,0.000060
TAP_TAPCELL_ROW_97_1419,VGND,li1,314.8700,277.1480,0.000966
TAP_TAPCELL_ROW_97_1418,VGND,li1,289.1100,277.1480,0.000937
TAP_TAPCELL_ROW_97_1417,VGND,li1,263.3500,277.1480,0.000832
TAP_TAPCELL_ROW_97_1416,VGND,li1,237.5900,277.1480,0.000656
TAP_TAPCELL_ROW_97_1415,VGND,li1,211.8300,277.1480,0.000455
TAP_TAPCELL_ROW_97_1414,VGND,li1,186.0700,277.1480,0.000228
TAP_TAPCELL_ROW_97_1413,VGND,li1,160.3100,277.1480,0.000255
TAP_TAPCELL_ROW_97_1412,VGND,li1,134.5500,277.1480,0.000367
TAP_TAPCELL_ROW_97_1411,VGND,li1,108.7900,277.1480,0.000417
TAP_TAPCELL_ROW_97_1410,VGND,li1,83.0300,277.1480,0.000342
TAP_TAPCELL_ROW_97_1409,VGND,li1,57.2700,277.1480,0.000222
TAP_TAPCELL_ROW_97_1408,VGND,li1,31.5100,277.1480,0.000092
TAP_TAPCELL_ROW_96_1407,VGND,li1,301.9900,272.2910,0.001565
TAP_TAPCELL_ROW_96_1406,VGND,li1,276.2300,272.2910,0.001459
TAP_TAPCELL_ROW_96_1405,VGND,li1,250.4700,272.2910,0.001267
TAP_TAPCELL_ROW_96_1404,VGND,li1,224.7100,272.2910,0.000989
TAP_TAPCELL_ROW_96_1403,VGND,li1,198.9500,272.2910,0.000574
TAP_TAPCELL_ROW_96_1402,VGND,li1,173.1900,272.2910,0.000254
TAP_TAPCELL_ROW_96_1401,VGND,li1,147.4300,272.2910,0.000308
TAP_TAPCELL_ROW_96_1400,VGND,li1,121.6700,272.2910,0.000332
TAP_TAPCELL_ROW_96_1399,VGND,li1,95.9100,272.2910,0.000313
TAP_TAPCELL_ROW_96_1398,VGND,li1,70.1500,272.2910,0.000256
TAP_TAPCELL_ROW_96_1397,VGND,li1,44.3900,272.2910,0.000155
TAP_TAPCELL_ROW_96_1396,VGND,li1,18.6300,272.2910,0.000070
TAP_TAPCELL_ROW_95_1395,VGND,li1,314.8700,271.7080,0.001596
TAP_TAPCELL_ROW_95_1394,VGND,li1,289.1100,271.7080,0.001512
TAP_TAPCELL_ROW_95_1393,VGND,li1,263.3500,271.7080,0.001387
TAP_TAPCELL_ROW_95_1392,VGND,li1,237.5900,271.7080,0.001130
TAP_TAPCELL_ROW_95_1391,VGND,li1,211.8300,271.7080,0.000775
TAP_TAPCELL_ROW_95_1390,VGND,li1,186.0700,271.7080,0.000357
TAP_TAPCELL_ROW_95_1389,VGND,li1,160.3100,271.7080,0.000286
TAP_TAPCELL_ROW_95_1388,VGND,li1,134.5500,271.7080,0.000322
TAP_TAPCELL_ROW_95_1387,VGND,li1,108.7900,271.7080,0.000329
TAP_TAPCELL_ROW_95_1386,VGND,li1,83.0300,271.7080,0.000288
TAP_TAPCELL_ROW_95_1385,VGND,li1,57.2700,271.7080,0.000213
TAP_TAPCELL_ROW_95_1384,VGND,li1,31.5100,271.7080,0.000094
TAP_TAPCELL_ROW_94_1383,VGND,li1,301.9900,266.8510,0.001038
TAP_TAPCELL_ROW_94_1382,VGND,li1,276.2300,266.8510,0.000974
TAP_TAPCELL_ROW_94_1381,VGND,li1,250.4700,266.8510,0.000888
TAP_TAPCELL_ROW_94_1380,VGND,li1,224.7100,266.8510,0.000677
TAP_TAPCELL_ROW_94_1379,VGND,li1,198.9500,266.8510,0.000421
TAP_TAPCELL_ROW_94_1378,VGND,li1,173.1900,266.8510,0.000250
TAP_TAPCELL_ROW_94_1377,VGND,li1,147.4300,266.8510,0.000398
TAP_TAPCELL_ROW_94_1376,VGND,li1,121.6700,266.8510,0.000445
TAP_TAPCELL_ROW_94_1375,VGND,li1,95.9100,266.8510,0.000407
TAP_TAPCELL_ROW_94_1374,VGND,li1,70.1500,266.8510,0.000295
TAP_TAPCELL_ROW_94_1373,VGND,li1,44.3900,266.8510,0.000169
TAP_TAPCELL_ROW_94_1372,VGND,li1,18.6300,266.8510,0.000067
TAP_TAPCELL_ROW_93_1371,VGND,li1,314.8700,266.2680,0.001055
TAP_TAPCELL_ROW_93_1370,VGND,li1,289.1100,266.2680,0.001009
TAP_TAPCELL_ROW_93_1369,VGND,li1,263.3500,266.2680,0.000939
TAP_TAPCELL_ROW_93_1368,VGND,li1,237.5900,266.2680,0.000795
TAP_TAPCELL_ROW_93_1367,VGND,li1,211.8300,266.2680,0.000569
TAP_TAPCELL_ROW_93_1366,VGND,li1,186.0700,266.2680,0.000284
TAP_TAPCELL_ROW_93_1365,VGND,li1,160.3100,266.2680,0.000334
TAP_TAPCELL_ROW_93_1364,VGND,li1,134.5500,266.2680,0.000428
TAP_TAPCELL_ROW_93_1363,VGND,li1,108.7900,266.2680,0.000427
TAP_TAPCELL_ROW_93_1362,VGND,li1,83.0300,266.2680,0.000355
TAP_TAPCELL_ROW_93_1361,VGND,li1,57.2700,266.2680,0.000230
TAP_TAPCELL_ROW_93_1360,VGND,li1,31.5100,266.2680,0.000103
TAP_TAPCELL_ROW_92_1359,VGND,li1,301.9900,261.4110,0.000609
TAP_TAPCELL_ROW_92_1358,VGND,li1,276.2300,261.4110,0.000591
TAP_TAPCELL_ROW_92_1357,VGND,li1,250.4700,261.4110,0.000554
TAP_TAPCELL_ROW_92_1356,VGND,li1,224.7100,261.4110,0.000494
TAP_TAPCELL_ROW_92_1355,VGND,li1,198.9500,261.4110,0.000361
TAP_TAPCELL_ROW_92_1354,VGND,li1,173.1900,261.4110,0.000175
TAP_TAPCELL_ROW_92_1353,VGND,li1,147.4300,261.4110,0.000236
TAP_TAPCELL_ROW_92_1352,VGND,li1,121.6700,261.4110,0.000264
TAP_TAPCELL_ROW_92_1351,VGND,li1,95.9100,261.4110,0.000253
TAP_TAPCELL_ROW_92_1350,VGND,li1,70.1500,261.4110,0.000207
TAP_TAPCELL_ROW_92_1349,VGND,li1,44.3900,261.4110,0.000142
TAP_TAPCELL_ROW_92_1348,VGND,li1,18.6300,261.4110,0.000060
TAP_TAPCELL_ROW_91_1347,VGND,li1,314.8700,260.8280,0.000612
TAP_TAPCELL_ROW_91_1346,VGND,li1,289.1100,260.8280,0.000602
TAP_TAPCELL_ROW_91_1345,VGND,li1,263.3500,260.8280,0.000573
TAP_TAPCELL_ROW_91_1344,VGND,li1,237.5900,260.8280,0.000528
TAP_TAPCELL_ROW_91_1343,VGND,li1,211.8300,260.8280,0.000453
TAP_TAPCELL_ROW_91_1342,VGND,li1,186.0700,260.8280,0.000226
TAP_TAPCELL_ROW_91_1341,VGND,li1,160.3100,260.8280,0.000214
TAP_TAPCELL_ROW_91_1340,VGND,li1,134.5500,260.8280,0.000253
TAP_TAPCELL_ROW_91_1339,VGND,li1,108.7900,260.8280,0.000265
TAP_TAPCELL_ROW_91_1338,VGND,li1,83.0300,260.8280,0.000233
TAP_TAPCELL_ROW_91_1337,VGND,li1,57.2700,260.8280,0.000178
TAP_TAPCELL_ROW_91_1336,VGND,li1,31.5100,260.8280,0.000097
TAP_TAPCELL_ROW_90_1335,VGND,li1,301.9900,255.9710,0.000624
TAP_TAPCELL_ROW_90_1334,VGND,li1,276.2300,255.9710,0.000595
TAP_TAPCELL_ROW_90_1333,VGND,li1,250.4700,255.9710,0.000524
TAP_TAPCELL_ROW_90_1332,VGND,li1,224.7100,255.9710,0.000404
TAP_TAPCELL_ROW_90_1331,VGND,li1,198.9500,255.9710,0.000247
TAP_TAPCELL_ROW_90_1330,VGND,li1,173.1900,255.9710,0.000119
TAP_TAPCELL_ROW_90_1329,VGND,li1,147.4300,255.9710,0.000182
TAP_TAPCELL_ROW_90_1328,VGND,li1,121.6700,255.9710,0.000206
TAP_TAPCELL_ROW_90_1327,VGND,li1,95.9100,255.9710,0.000216
TAP_TAPCELL_ROW_90_1326,VGND,li1,70.1500,255.9710,0.000202
TAP_TAPCELL_ROW_90_1325,VGND,li1,44.3900,255.9710,0.000131
TAP_TAPCELL_ROW_90_1324,VGND,li1,18.6300,255.9710,0.000059
TAP_TAPCELL_ROW_89_1323,VGND,li1,314.8700,255.3880,0.000634
TAP_TAPCELL_ROW_89_1322,VGND,li1,289.1100,255.3880,0.000614
TAP_TAPCELL_ROW_89_1321,VGND,li1,263.3500,255.3880,0.000566
TAP_TAPCELL_ROW_89_1320,VGND,li1,237.5900,255.3880,0.000468
TAP_TAPCELL_ROW_89_1319,VGND,li1,211.8300,255.3880,0.000323
TAP_TAPCELL_ROW_89_1318,VGND,li1,186.0700,255.3880,0.000160
TAP_TAPCELL_ROW_89_1317,VGND,li1,160.3100,255.3880,0.000154
TAP_TAPCELL_ROW_89_1316,VGND,li1,134.5500,255.3880,0.000198
TAP_TAPCELL_ROW_89_1315,VGND,li1,108.7900,255.3880,0.000212
TAP_TAPCELL_ROW_89_1314,VGND,li1,83.0300,255.3880,0.000213
TAP_TAPCELL_ROW_89_1313,VGND,li1,57.2700,255.3880,0.000179
TAP_TAPCELL_ROW_89_1312,VGND,li1,31.5100,255.3880,0.000076
TAP_TAPCELL_ROW_88_1311,VGND,li1,301.9900,250.5310,0.000705
TAP_TAPCELL_ROW_88_1310,VGND,li1,276.2300,250.5310,0.000649
TAP_TAPCELL_ROW_88_1309,VGND,li1,250.4700,250.5310,0.000549
TAP_TAPCELL_ROW_88_1308,VGND,li1,224.7100,250.5310,0.000435
TAP_TAPCELL_ROW_88_1307,VGND,li1,198.9500,250.5310,0.000270
TAP_TAPCELL_ROW_88_1306,VGND,li1,173.1900,250.5310,0.000130
TAP_TAPCELL_ROW_88_1305,VGND,li1,147.4300,250.5310,0.000211
TAP_TAPCELL_ROW_88_1304,VGND,li1,121.6700,250.5310,0.000264
TAP_TAPCELL_ROW_88_1303,VGND,li1,95.9100,250.5310,0.000284
TAP_TAPCELL_ROW_88_1302,VGND,li1,70.1500,250.5310,0.000270
TAP_TAPCELL_ROW_88_1301,VGND,li1,44.3900,250.5310,0.000180
TAP_TAPCELL_ROW_88_1300,VGND,li1,18.6300,250.5310,0.000072
TAP_TAPCELL_ROW_87_1299,VGND,li1,314.8700,249.9480,0.000719
TAP_TAPCELL_ROW_87_1298,VGND,li1,289.1100,249.9480,0.000682
TAP_TAPCELL_ROW_87_1297,VGND,li1,263.3500,249.9480,0.000603
TAP_TAPCELL_ROW_87_1296,VGND,li1,237.5900,249.9480,0.000494
TAP_TAPCELL_ROW_87_1295,VGND,li1,211.8300,249.9480,0.000357
TAP_TAPCELL_ROW_87_1294,VGND,li1,186.0700,249.9480,0.000185
TAP_TAPCELL_ROW_87_1293,VGND,li1,160.3100,249.9480,0.000175
TAP_TAPCELL_ROW_87_1292,VGND,li1,134.5500,249.9480,0.000242
TAP_TAPCELL_ROW_87_1291,VGND,li1,108.7900,249.9480,0.000278
TAP_TAPCELL_ROW_87_1290,VGND,li1,83.0300,249.9480,0.000280
TAP_TAPCELL_ROW_87_1289,VGND,li1,57.2700,249.9480,0.000240
TAP_TAPCELL_ROW_87_1288,VGND,li1,31.5100,249.9480,0.000112
TAP_TAPCELL_ROW_86_1287,VGND,li1,301.9900,245.0910,0.000786
TAP_TAPCELL_ROW_86_1286,VGND,li1,276.2300,245.0910,0.000779
TAP_TAPCELL_ROW_86_1285,VGND,li1,250.4700,245.0910,0.000688
TAP_TAPCELL_ROW_86_1284,VGND,li1,224.7100,245.0910,0.000564
TAP_TAPCELL_ROW_86_1283,VGND,li1,198.9500,245.0910,0.000352
TAP_TAPCELL_ROW_86_1282,VGND,li1,173.1900,245.0910,0.000179
TAP_TAPCELL_ROW_86_1281,VGND,li1,147.4300,245.0910,0.000271
TAP_TAPCELL_ROW_86_1280,VGND,li1,121.6700,245.0910,0.000328
TAP_TAPCELL_ROW_86_1279,VGND,li1,95.9100,245.0910,0.000314
TAP_TAPCELL_ROW_86_1278,VGND,li1,70.1500,245.0910,0.000234
TAP_TAPCELL_ROW_86_1277,VGND,li1,44.3900,245.0910,0.000136
TAP_TAPCELL_ROW_86_1276,VGND,li1,18.6300,245.0910,0.000060
TAP_TAPCELL_ROW_85_1275,VGND,li1,314.8700,244.5080,0.000787
TAP_TAPCELL_ROW_85_1274,VGND,li1,289.1100,244.5080,0.000785
TAP_TAPCELL_ROW_85_1273,VGND,li1,263.3500,244.5080,0.000738
TAP_TAPCELL_ROW_85_1272,VGND,li1,237.5900,244.5080,0.000623
TAP_TAPCELL_ROW_85_1271,VGND,li1,211.8300,244.5080,0.000467
TAP_TAPCELL_ROW_85_1270,VGND,li1,186.0700,244.5080,0.000218
TAP_TAPCELL_ROW_85_1269,VGND,li1,160.3100,244.5080,0.000232
TAP_TAPCELL_ROW_85_1268,VGND,li1,134.5500,244.5080,0.000308
TAP_TAPCELL_ROW_85_1267,VGND,li1,108.7900,244.5080,0.000337
TAP_TAPCELL_ROW_85_1266,VGND,li1,83.0300,244.5080,0.000276
TAP_TAPCELL_ROW_85_1265,VGND,li1,57.2700,244.5080,0.000191
TAP_TAPCELL_ROW_85_1264,VGND,li1,31.5100,244.5080,0.000084
TAP_TAPCELL_ROW_84_1263,VGND,li1,301.9900,239.6510,0.000352
TAP_TAPCELL_ROW_84_1262,VGND,li1,276.2300,239.6510,0.000346
TAP_TAPCELL_ROW_84_1261,VGND,li1,250.4700,239.6510,0.000327
TAP_TAPCELL_ROW_84_1260,VGND,li1,224.7100,239.6510,0.000286
TAP_TAPCELL_ROW_84_1259,VGND,li1,198.9500,239.6510,0.000221
TAP_TAPCELL_ROW_84_1258,VGND,li1,173.1900,239.6510,0.000149
TAP_TAPCELL_ROW_84_1257,VGND,li1,147.4300,239.6510,0.000270
TAP_TAPCELL_ROW_84_1256,VGND,li1,121.6700,239.6510,0.000359
TAP_TAPCELL_ROW_84_1255,VGND,li1,95.9100,239.6510,0.000377
TAP_TAPCELL_ROW_84_1254,VGND,li1,70.1500,239.6510,0.000297
TAP_TAPCELL_ROW_84_1253,VGND,li1,44.3900,239.6510,0.000182
TAP_TAPCELL_ROW_84_1252,VGND,li1,18.6300,239.6510,0.000079
TAP_TAPCELL_ROW_83_1251,VGND,li1,314.8700,239.0680,0.000352
TAP_TAPCELL_ROW_83_1250,VGND,li1,289.1100,239.0680,0.000349
TAP_TAPCELL_ROW_83_1249,VGND,li1,263.3500,239.0680,0.000338
TAP_TAPCELL_ROW_83_1248,VGND,li1,237.5900,239.0680,0.000313
TAP_TAPCELL_ROW_83_1247,VGND,li1,211.8300,239.0680,0.000257
TAP_TAPCELL_ROW_83_1246,VGND,li1,186.0700,239.0680,0.000177
TAP_TAPCELL_ROW_83_1245,VGND,li1,160.3100,239.0680,0.000214
TAP_TAPCELL_ROW_83_1244,VGND,li1,134.5500,239.0680,0.000324
TAP_TAPCELL_ROW_83_1243,VGND,li1,108.7900,239.0680,0.000395
TAP_TAPCELL_ROW_83_1242,VGND,li1,83.0300,239.0680,0.000343
TAP_TAPCELL_ROW_83_1241,VGND,li1,57.2700,239.0680,0.000244
TAP_TAPCELL_ROW_83_1240,VGND,li1,31.5100,239.0680,0.000108
TAP_TAPCELL_ROW_82_1239,VGND,li1,301.9900,234.2110,0.000912
TAP_TAPCELL_ROW_82_1238,VGND,li1,276.2300,234.2110,0.000841
TAP_TAPCELL_ROW_82_1237,VGND,li1,250.4700,234.2110,0.000713
TAP_TAPCELL_ROW_82_1236,VGND,li1,224.7100,234.2110,0.000537
TAP_TAPCELL_ROW_82_1235,VGND,li1,198.9500,234.2110,0.000328
TAP_TAPCELL_ROW_82_1234,VGND,li1,173.1900,234.2110,0.000187
TAP_TAPCELL_ROW_82_1233,VGND,li1,147.4300,234.2110,0.000318
TAP_TAPCELL_ROW_82_1232,VGND,li1,121.6700,234.2110,0.000353
TAP_TAPCELL_ROW_82_1231,VGND,li1,95.9100,234.2110,0.000342
TAP_TAPCELL_ROW_82_1230,VGND,li1,70.1500,234.2110,0.000293
TAP_TAPCELL_ROW_82_1229,VGND,li1,44.3900,234.2110,0.000218
TAP_TAPCELL_ROW_82_1228,VGND,li1,18.6300,234.2110,0.000086
TAP_TAPCELL_ROW_81_1227,VGND,li1,314.8700,233.6280,0.000930
TAP_TAPCELL_ROW_81_1226,VGND,li1,289.1100,233.6280,0.000882
TAP_TAPCELL_ROW_81_1225,VGND,li1,263.3500,233.6280,0.000786
TAP_TAPCELL_ROW_81_1224,VGND,li1,237.5900,233.6280,0.000628
TAP_TAPCELL_ROW_81_1223,VGND,li1,211.8300,233.6280,0.000430
TAP_TAPCELL_ROW_81_1222,VGND,li1,186.0700,233.6280,0.000214
TAP_TAPCELL_ROW_81_1221,VGND,li1,160.3100,233.6280,0.000261
TAP_TAPCELL_ROW_81_1220,VGND,li1,134.5500,233.6280,0.000341
TAP_TAPCELL_ROW_81_1219,VGND,li1,108.7900,233.6280,0.000352
TAP_TAPCELL_ROW_81_1218,VGND,li1,83.0300,233.6280,0.000326
TAP_TAPCELL_ROW_81_1217,VGND,li1,57.2700,233.6280,0.000260
TAP_TAPCELL_ROW_81_1216,VGND,li1,31.5100,233.6280,0.000142
TAP_TAPCELL_ROW_80_1215,VGND,li1,301.9900,228.7710,0.000954
TAP_TAPCELL_ROW_80_1214,VGND,li1,276.2300,228.7710,0.000898
TAP_TAPCELL_ROW_80_1213,VGND,li1,250.4700,228.7710,0.000767
TAP_TAPCELL_ROW_80_1212,VGND,li1,224.7100,228.7710,0.000589
TAP_TAPCELL_ROW_80_1211,VGND,li1,198.9500,228.7710,0.000372
TAP_TAPCELL_ROW_80_1210,VGND,li1,173.1900,228.7710,0.000201
TAP_TAPCELL_ROW_80_1209,VGND,li1,147.4300,228.7710,0.000344
TAP_TAPCELL_ROW_80_1208,VGND,li1,121.6700,228.7710,0.000428
TAP_TAPCELL_ROW_80_1207,VGND,li1,95.9100,228.7710,0.000428
TAP_TAPCELL_ROW_80_1206,VGND,li1,70.1500,228.7710,0.000312
TAP_TAPCELL_ROW_80_1205,VGND,li1,44.3900,228.7710,0.000183
TAP_TAPCELL_ROW_80_1204,VGND,li1,18.6300,228.7710,0.000074
TAP_TAPCELL_ROW_79_1203,VGND,li1,314.8700,228.1880,0.000965
TAP_TAPCELL_ROW_79_1202,VGND,li1,289.1100,228.1880,0.000942
TAP_TAPCELL_ROW_79_1201,VGND,li1,263.3500,228.1880,0.000833
TAP_TAPCELL_ROW_79_1200,VGND,li1,237.5900,228.1880,0.000699
TAP_TAPCELL_ROW_79_1199,VGND,li1,211.8300,228.1880,0.000488
TAP_TAPCELL_ROW_79_1198,VGND,li1,186.0700,228.1880,0.000244
TAP_TAPCELL_ROW_79_1197,VGND,li1,160.3100,228.1880,0.000286
TAP_TAPCELL_ROW_79_1196,VGND,li1,134.5500,228.1880,0.000406
TAP_TAPCELL_ROW_79_1195,VGND,li1,108.7900,228.1880,0.000428
TAP_TAPCELL_ROW_79_1194,VGND,li1,83.0300,228.1880,0.000383
TAP_TAPCELL_ROW_79_1193,VGND,li1,57.2700,228.1880,0.000245
TAP_TAPCELL_ROW_79_1192,VGND,li1,31.5100,228.1880,0.000104
TAP_TAPCELL_ROW_78_1191,VGND,li1,301.9900,223.3310,0.001370
TAP_TAPCELL_ROW_78_1190,VGND,li1,276.2300,223.3310,0.001249
TAP_TAPCELL_ROW_78_1189,VGND,li1,250.4700,223.3310,0.001032
TAP_TAPCELL_ROW_78_1188,VGND,li1,224.7100,223.3310,0.000794
TAP_TAPCELL_ROW_78_1187,VGND,li1,198.9500,223.3310,0.000492
TAP_TAPCELL_ROW_78_1186,VGND,li1,173.1900,223.3310,0.000212
TAP_TAPCELL_ROW_78_1185,VGND,li1,147.4300,223.3310,0.000258
TAP_TAPCELL_ROW_78_1184,VGND,li1,121.6700,223.3310,0.000251
TAP_TAPCELL_ROW_78_1183,VGND,li1,95.9100,223.3310,0.000212
TAP_TAPCELL_ROW_78_1182,VGND,li1,70.1500,223.3310,0.000156
TAP_TAPCELL_ROW_78_1181,VGND,li1,44.3900,223.3310,0.000089
TAP_TAPCELL_ROW_78_1180,VGND,li1,18.6300,223.3310,0.000048
TAP_TAPCELL_ROW_77_1179,VGND,li1,314.8700,222.7480,0.001404
TAP_TAPCELL_ROW_77_1178,VGND,li1,289.1100,222.7480,0.001336
TAP_TAPCELL_ROW_77_1177,VGND,li1,263.3500,222.7480,0.001148
TAP_TAPCELL_ROW_77_1176,VGND,li1,237.5900,222.7480,0.000910
TAP_TAPCELL_ROW_77_1175,VGND,li1,211.8300,222.7480,0.000673
TAP_TAPCELL_ROW_77_1174,VGND,li1,186.0700,222.7480,0.000315
TAP_TAPCELL_ROW_77_1173,VGND,li1,160.3100,222.7480,0.000240
TAP_TAPCELL_ROW_77_1172,VGND,li1,134.5500,222.7480,0.000259
TAP_TAPCELL_ROW_77_1171,VGND,li1,108.7900,222.7480,0.000232
TAP_TAPCELL_ROW_77_1170,VGND,li1,83.0300,222.7480,0.000184
TAP_TAPCELL_ROW_77_1169,VGND,li1,57.2700,222.7480,0.000124
TAP_TAPCELL_ROW_77_1168,VGND,li1,31.5100,222.7480,0.000058
TAP_TAPCELL_ROW_76_1167,VGND,li1,301.9900,217.8910,0.000954
TAP_TAPCELL_ROW_76_1166,VGND,li1,276.2300,217.8910,0.000892
TAP_TAPCELL_ROW_76_1165,VGND,li1,250.4700,217.8910,0.000787
TAP_TAPCELL_ROW_76_1164,VGND,li1,224.7100,217.8910,0.000635
TAP_TAPCELL_ROW_76_1163,VGND,li1,198.9500,217.8910,0.000397
TAP_TAPCELL_ROW_76_1162,VGND,li1,173.1900,217.8910,0.000179
TAP_TAPCELL_ROW_76_1161,VGND,li1,147.4300,217.8910,0.000271
TAP_TAPCELL_ROW_76_1160,VGND,li1,121.6700,217.8910,0.000341
TAP_TAPCELL_ROW_76_1159,VGND,li1,95.9100,217.8910,0.000317
TAP_TAPCELL_ROW_76_1158,VGND,li1,70.1500,217.8910,0.000244
TAP_TAPCELL_ROW_76_1157,VGND,li1,44.3900,217.8910,0.000161
TAP_TAPCELL_ROW_76_1156,VGND,li1,18.6300,217.8910,0.000076
TAP_TAPCELL_ROW_75_1155,VGND,li1,314.8700,217.3080,0.000971
TAP_TAPCELL_ROW_75_1154,VGND,li1,289.1100,217.3080,0.000927
TAP_TAPCELL_ROW_75_1153,VGND,li1,263.3500,217.3080,0.000849
TAP_TAPCELL_ROW_75_1152,VGND,li1,237.5900,217.3080,0.000717
TAP_TAPCELL_ROW_75_1151,VGND,li1,211.8300,217.3080,0.000543
TAP_TAPCELL_ROW_75_1150,VGND,li1,186.0700,217.3080,0.000256
TAP_TAPCELL_ROW_75_1149,VGND,li1,160.3100,217.3080,0.000232
TAP_TAPCELL_ROW_75_1148,VGND,li1,134.5500,217.3080,0.000312
TAP_TAPCELL_ROW_75_1147,VGND,li1,108.7900,217.3080,0.000349
TAP_TAPCELL_ROW_75_1146,VGND,li1,83.0300,217.3080,0.000282
TAP_TAPCELL_ROW_75_1145,VGND,li1,57.2700,217.3080,0.000210
TAP_TAPCELL_ROW_75_1144,VGND,li1,31.5100,217.3080,0.000104
TAP_TAPCELL_ROW_74_1143,VGND,li1,301.9900,212.4510,0.000797
TAP_TAPCELL_ROW_74_1142,VGND,li1,276.2300,212.4510,0.000779
TAP_TAPCELL_ROW_74_1141,VGND,li1,250.4700,212.4510,0.000715
TAP_TAPCELL_ROW_74_1140,VGND,li1,224.7100,212.4510,0.000550
TAP_TAPCELL_ROW_74_1139,VGND,li1,198.9500,212.4510,0.000351
TAP_TAPCELL_ROW_74_1138,VGND,li1,173.1900,212.4510,0.000188
TAP_TAPCELL_ROW_74_1137,VGND,li1,147.4300,212.4510,0.000288
TAP_TAPCELL_ROW_74_1136,VGND,li1,121.6700,212.4510,0.000353
TAP_TAPCELL_ROW_74_1135,VGND,li1,95.9100,212.4510,0.000369
TAP_TAPCELL_ROW_74_1134,VGND,li1,70.1500,212.4510,0.000345
TAP_TAPCELL_ROW_74_1133,VGND,li1,44.3900,212.4510,0.000203
TAP_TAPCELL_ROW_74_1132,VGND,li1,18.6300,212.4510,0.000087
TAP_TAPCELL_ROW_73_1131,VGND,li1,314.8700,211.8680,0.000805
TAP_TAPCELL_ROW_73_1130,VGND,li1,289.1100,211.8680,0.000789
TAP_TAPCELL_ROW_73_1129,VGND,li1,263.3500,211.8680,0.000765
TAP_TAPCELL_ROW_73_1128,VGND,li1,237.5900,211.8680,0.000636
TAP_TAPCELL_ROW_73_1127,VGND,li1,211.8300,211.8680,0.000459
TAP_TAPCELL_ROW_73_1126,VGND,li1,186.0700,211.8680,0.000230
TAP_TAPCELL_ROW_73_1125,VGND,li1,160.3100,211.8680,0.000241
TAP_TAPCELL_ROW_73_1124,VGND,li1,134.5500,211.8680,0.000323
TAP_TAPCELL_ROW_73_1123,VGND,li1,108.7900,211.8680,0.000368
TAP_TAPCELL_ROW_73_1122,VGND,li1,83.0300,211.8680,0.000363
TAP_TAPCELL_ROW_73_1121,VGND,li1,57.2700,211.8680,0.000271
TAP_TAPCELL_ROW_73_1120,VGND,li1,31.5100,211.8680,0.000126
TAP_TAPCELL_ROW_72_1119,VGND,li1,301.9900,207.0110,0.001094
TAP_TAPCELL_ROW_72_1118,VGND,li1,276.2300,207.0110,0.001070
TAP_TAPCELL_ROW_72_1117,VGND,li1,250.4700,207.0110,0.000979
TAP_TAPCELL_ROW_72_1116,VGND,li1,224.7100,207.0110,0.000807
TAP_TAPCELL_ROW_72_1115,VGND,li1,198.9500,207.0110,0.000505
TAP_TAPCELL_ROW_72_1114,VGND,li1,173.1900,207.0110,0.000241
TAP_TAPCELL_ROW_72_1113,VGND,li1,147.4300,207.0110,0.000333
TAP_TAPCELL_ROW_72_1112,VGND,li1,121.6700,207.0110,0.000328
TAP_TAPCELL_ROW_72_1111,VGND,li1,95.9100,207.0110,0.000279
TAP_TAPCELL_ROW_72_1110,VGND,li1,70.1500,207.0110,0.000194
TAP_TAPCELL_ROW_72_1109,VGND,li1,44.3900,207.0110,0.000108
TAP_TAPCELL_ROW_72_1108,VGND,li1,18.6300,207.0110,0.000053
TAP_TAPCELL_ROW_71_1107,VGND,li1,314.8700,206.4280,0.001104
TAP_TAPCELL_ROW_71_1106,VGND,li1,289.1100,206.4280,0.001082
TAP_TAPCELL_ROW_71_1105,VGND,li1,263.3500,206.4280,0.001051
TAP_TAPCELL_ROW_71_1104,VGND,li1,237.5900,206.4280,0.000891
TAP_TAPCELL_ROW_71_1103,VGND,li1,211.8300,206.4280,0.000667
TAP_TAPCELL_ROW_71_1102,VGND,li1,186.0700,206.4280,0.000324
TAP_TAPCELL_ROW_71_1101,VGND,li1,160.3100,206.4280,0.000295
TAP_TAPCELL_ROW_71_1100,VGND,li1,134.5500,206.4280,0.000340
TAP_TAPCELL_ROW_71_1099,VGND,li1,108.7900,206.4280,0.000308
TAP_TAPCELL_ROW_71_1098,VGND,li1,83.0300,206.4280,0.000233
TAP_TAPCELL_ROW_71_1097,VGND,li1,57.2700,206.4280,0.000155
TAP_TAPCELL_ROW_71_1096,VGND,li1,31.5100,206.4280,0.000065
TAP_TAPCELL_ROW_70_1095,VGND,li1,301.9900,201.5710,0.000674
TAP_TAPCELL_ROW_70_1094,VGND,li1,276.2300,201.5710,0.000621
TAP_TAPCELL_ROW_70_1093,VGND,li1,250.4700,201.5710,0.000544
TAP_TAPCELL_ROW_70_1092,VGND,li1,224.7100,201.5710,0.000417
TAP_TAPCELL_ROW_70_1091,VGND,li1,198.9500,201.5710,0.000269
TAP_TAPCELL_ROW_70_1090,VGND,li1,173.1900,201.5710,0.000140
TAP_TAPCELL_ROW_70_1089,VGND,li1,147.4300,201.5710,0.000230
TAP_TAPCELL_ROW_70_1088,VGND,li1,121.6700,201.5710,0.000257
TAP_TAPCELL_ROW_70_1087,VGND,li1,95.9100,201.5710,0.000246
TAP_TAPCELL_ROW_70_1086,VGND,li1,70.1500,201.5710,0.000210
TAP_TAPCELL_ROW_70_1085,VGND,li1,44.3900,201.5710,0.000130
TAP_TAPCELL_ROW_70_1084,VGND,li1,18.6300,201.5710,0.000065
TAP_TAPCELL_ROW_69_1083,VGND,li1,314.8700,200.9880,0.000686
TAP_TAPCELL_ROW_69_1082,VGND,li1,289.1100,200.9880,0.000654
TAP_TAPCELL_ROW_69_1081,VGND,li1,263.3500,200.9880,0.000584
TAP_TAPCELL_ROW_69_1080,VGND,li1,237.5900,200.9880,0.000487
TAP_TAPCELL_ROW_69_1079,VGND,li1,211.8300,200.9880,0.000341
TAP_TAPCELL_ROW_69_1078,VGND,li1,186.0700,200.9880,0.000180
TAP_TAPCELL_ROW_69_1077,VGND,li1,160.3100,200.9880,0.000197
TAP_TAPCELL_ROW_69_1076,VGND,li1,134.5500,200.9880,0.000251
TAP_TAPCELL_ROW_69_1075,VGND,li1,108.7900,200.9880,0.000256
TAP_TAPCELL_ROW_69_1074,VGND,li1,83.0300,200.9880,0.000232
TAP_TAPCELL_ROW_69_1073,VGND,li1,57.2700,200.9880,0.000178
TAP_TAPCELL_ROW_69_1072,VGND,li1,31.5100,200.9880,0.000078
TAP_TAPCELL_ROW_68_1071,VGND,li1,301.9900,196.1310,0.000897
TAP_TAPCELL_ROW_68_1070,VGND,li1,276.2300,196.1310,0.000854
TAP_TAPCELL_ROW_68_1069,VGND,li1,250.4700,196.1310,0.000767
TAP_TAPCELL_ROW_68_1068,VGND,li1,224.7100,196.1310,0.000637
TAP_TAPCELL_ROW_68_1067,VGND,li1,198.9500,196.1310,0.000398
TAP_TAPCELL_ROW_68_1066,VGND,li1,173.1900,196.1310,0.000202
TAP_TAPCELL_ROW_68_1065,VGND,li1,147.4300,196.1310,0.000316
TAP_TAPCELL_ROW_68_1064,VGND,li1,121.6700,196.1310,0.000379
TAP_TAPCELL_ROW_68_1063,VGND,li1,95.9100,196.1310,0.000403
TAP_TAPCELL_ROW_68_1062,VGND,li1,70.1500,196.1310,0.000320
TAP_TAPCELL_ROW_68_1061,VGND,li1,44.3900,196.1310,0.000200
TAP_TAPCELL_ROW_68_1060,VGND,li1,18.6300,196.1310,0.000111
TAP_TAPCELL_ROW_67_1059,VGND,li1,314.8700,195.5480,0.000908
TAP_TAPCELL_ROW_67_1058,VGND,li1,289.1100,195.5480,0.000882
TAP_TAPCELL_ROW_67_1057,VGND,li1,263.3500,195.5480,0.000812
TAP_TAPCELL_ROW_67_1056,VGND,li1,237.5900,195.5480,0.000709
TAP_TAPCELL_ROW_67_1055,VGND,li1,211.8300,195.5480,0.000524
TAP_TAPCELL_ROW_67_1054,VGND,li1,186.0700,195.5480,0.000266
TAP_TAPCELL_ROW_67_1053,VGND,li1,160.3100,195.5480,0.000262
TAP_TAPCELL_ROW_67_1052,VGND,li1,134.5500,195.5480,0.000348
TAP_TAPCELL_ROW_67_1051,VGND,li1,108.7900,195.5480,0.000398
TAP_TAPCELL_ROW_67_1050,VGND,li1,83.0300,195.5480,0.000371
TAP_TAPCELL_ROW_67_1049,VGND,li1,57.2700,195.5480,0.000266
TAP_TAPCELL_ROW_67_1048,VGND,li1,31.5100,195.5480,0.000138
TAP_TAPCELL_ROW_66_1047,VGND,li1,301.9900,190.6910,0.001143
TAP_TAPCELL_ROW_66_1046,VGND,li1,276.2300,190.6910,0.001023
TAP_TAPCELL_ROW_66_1045,VGND,li1,250.4700,190.6910,0.000855
TAP_TAPCELL_ROW_66_1044,VGND,li1,224.7100,190.6910,0.000648
TAP_TAPCELL_ROW_66_1043,VGND,li1,198.9500,190.6910,0.000400
TAP_TAPCELL_ROW_66_1042,VGND,li1,173.1900,190.6910,0.000195
TAP_TAPCELL_ROW_66_1041,VGND,li1,147.4300,190.6910,0.000280
TAP_TAPCELL_ROW_66_1040,VGND,li1,121.6700,190.6910,0.000322
TAP_TAPCELL_ROW_66_1039,VGND,li1,95.9100,190.6910,0.000318
TAP_TAPCELL_ROW_66_1038,VGND,li1,70.1500,190.6910,0.000270
TAP_TAPCELL_ROW_66_1037,VGND,li1,44.3900,190.6910,0.000199
TAP_TAPCELL_ROW_66_1036,VGND,li1,18.6300,190.6910,0.000086
TAP_TAPCELL_ROW_65_1035,VGND,li1,314.8700,190.1080,0.001172
TAP_TAPCELL_ROW_65_1034,VGND,li1,289.1100,190.1080,0.001101
TAP_TAPCELL_ROW_65_1033,VGND,li1,263.3500,190.1080,0.000934
TAP_TAPCELL_ROW_65_1032,VGND,li1,237.5900,190.1080,0.000754
TAP_TAPCELL_ROW_65_1031,VGND,li1,211.8300,190.1080,0.000519
TAP_TAPCELL_ROW_65_1030,VGND,li1,186.0700,190.1080,0.000238
TAP_TAPCELL_ROW_65_1029,VGND,li1,160.3100,190.1080,0.000246
TAP_TAPCELL_ROW_65_1028,VGND,li1,134.5500,190.1080,0.000309
TAP_TAPCELL_ROW_65_1027,VGND,li1,108.7900,190.1080,0.000328
TAP_TAPCELL_ROW_65_1026,VGND,li1,83.0300,190.1080,0.000298
TAP_TAPCELL_ROW_65_1025,VGND,li1,57.2700,190.1080,0.000233
TAP_TAPCELL_ROW_65_1024,VGND,li1,31.5100,190.1080,0.000113
TAP_TAPCELL_ROW_64_1023,VGND,li1,301.9900,185.2510,0.001016
TAP_TAPCELL_ROW_64_1022,VGND,li1,276.2300,185.2510,0.000938
TAP_TAPCELL_ROW_64_1021,VGND,li1,250.4700,185.2510,0.000827
TAP_TAPCELL_ROW_64_1020,VGND,li1,224.7100,185.2510,0.000673
TAP_TAPCELL_ROW_64_1019,VGND,li1,198.9500,185.2510,0.000430
TAP_TAPCELL_ROW_64_1018,VGND,li1,173.1900,185.2510,0.000246
TAP_TAPCELL_ROW_64_1017,VGND,li1,147.4300,185.2510,0.000398
TAP_TAPCELL_ROW_64_1016,VGND,li1,121.6700,185.2510,0.000452
TAP_TAPCELL_ROW_64_1015,VGND,li1,95.9100,185.2510,0.000466
TAP_TAPCELL_ROW_64_1014,VGND,li1,70.1500,185.2510,0.000446
TAP_TAPCELL_ROW_64_1013,VGND,li1,44.3900,185.2510,0.000293
TAP_TAPCELL_ROW_64_1012,VGND,li1,18.6300,185.2510,0.000112
TAP_TAPCELL_ROW_63_1011,VGND,li1,314.8700,184.6680,0.001029
TAP_TAPCELL_ROW_63_1010,VGND,li1,289.1100,184.6680,0.000988
TAP_TAPCELL_ROW_63_1009,VGND,li1,263.3500,184.6680,0.000888
TAP_TAPCELL_ROW_63_1008,VGND,li1,237.5900,184.6680,0.000752
TAP_TAPCELL_ROW_63_1007,VGND,li1,211.8300,184.6680,0.000562
TAP_TAPCELL_ROW_63_1006,VGND,li1,186.0700,184.6680,0.000271
TAP_TAPCELL_ROW_63_1005,VGND,li1,160.3100,184.6680,0.000330
TAP_TAPCELL_ROW_63_1004,VGND,li1,134.5500,184.6680,0.000439
TAP_TAPCELL_ROW_63_1003,VGND,li1,108.7900,184.6680,0.000463
TAP_TAPCELL_ROW_63_1002,VGND,li1,83.0300,184.6680,0.000459
TAP_TAPCELL_ROW_63_1001,VGND,li1,57.2700,184.6680,0.000386
TAP_TAPCELL_ROW_63_1000,VGND,li1,31.5100,184.6680,0.000168
TAP_TAPCELL_ROW_62_999,VGND,li1,301.9900,179.8110,0.000956
TAP_TAPCELL_ROW_62_998,VGND,li1,276.2300,179.8110,0.000938
TAP_TAPCELL_ROW_62_997,VGND,li1,250.4700,179.8110,0.000850
TAP_TAPCELL_ROW_62_996,VGND,li1,224.7100,179.8110,0.000665
TAP_TAPCELL_ROW_62_995,VGND,li1,198.9500,179.8110,0.000444
TAP_TAPCELL_ROW_62_994,VGND,li1,173.1900,179.8110,0.000254
TAP_TAPCELL_ROW_62_993,VGND,li1,147.4300,179.8110,0.000411
TAP_TAPCELL_ROW_62_992,VGND,li1,121.6700,179.8110,0.000493
TAP_TAPCELL_ROW_62_991,VGND,li1,95.9100,179.8110,0.000429
TAP_TAPCELL_ROW_62_990,VGND,li1,70.1500,179.8110,0.000331
TAP_TAPCELL_ROW_62_989,VGND,li1,44.3900,179.8110,0.000193
TAP_TAPCELL_ROW_62_988,VGND,li1,18.6300,179.8110,0.000075
TAP_TAPCELL_ROW_61_987,VGND,li1,314.8700,179.2280,0.000962
TAP_TAPCELL_ROW_61_986,VGND,li1,289.1100,179.2280,0.000949
TAP_TAPCELL_ROW_61_985,VGND,li1,263.3500,179.2280,0.000913
TAP_TAPCELL_ROW_61_984,VGND,li1,237.5900,179.2280,0.000756
TAP_TAPCELL_ROW_61_983,VGND,li1,211.8300,179.2280,0.000554
TAP_TAPCELL_ROW_61_982,VGND,li1,186.0700,179.2280,0.000297
TAP_TAPCELL_ROW_61_981,VGND,li1,160.3100,179.2280,0.000337
TAP_TAPCELL_ROW_61_980,VGND,li1,134.5500,179.2280,0.000462
TAP_TAPCELL_ROW_61_979,VGND,li1,108.7900,179.2280,0.000468
TAP_TAPCELL_ROW_61_978,VGND,li1,83.0300,179.2280,0.000383
TAP_TAPCELL_ROW_61_977,VGND,li1,57.2700,179.2280,0.000266
TAP_TAPCELL_ROW_61_976,VGND,li1,31.5100,179.2280,0.000121
TAP_TAPCELL_ROW_60_975,VGND,li1,301.9900,174.3710,0.000701
TAP_TAPCELL_ROW_60_974,VGND,li1,276.2300,174.3710,0.000642
TAP_TAPCELL_ROW_60_973,VGND,li1,250.4700,174.3710,0.000558
TAP_TAPCELL_ROW_60_972,VGND,li1,224.7100,174.3710,0.000456
TAP_TAPCELL_ROW_60_971,VGND,li1,198.9500,174.3710,0.000302
TAP_TAPCELL_ROW_60_970,VGND,li1,173.1900,174.3710,0.000150
TAP_TAPCELL_ROW_60_969,VGND,li1,147.4300,174.3710,0.000219
TAP_TAPCELL_ROW_60_968,VGND,li1,121.6700,174.3710,0.000242
TAP_TAPCELL_ROW_60_967,VGND,li1,95.9100,174.3710,0.000224
TAP_TAPCELL_ROW_60_966,VGND,li1,70.1500,174.3710,0.000186
TAP_TAPCELL_ROW_60_965,VGND,li1,44.3900,174.3710,0.000116
TAP_TAPCELL_ROW_60_964,VGND,li1,18.6300,174.3710,0.000058
TAP_TAPCELL_ROW_59_963,VGND,li1,314.8700,173.7880,0.000720
TAP_TAPCELL_ROW_59_962,VGND,li1,289.1100,173.7880,0.000680
TAP_TAPCELL_ROW_59_961,VGND,li1,263.3500,173.7880,0.000600
TAP_TAPCELL_ROW_59_960,VGND,li1,237.5900,173.7880,0.000509
TAP_TAPCELL_ROW_59_959,VGND,li1,211.8300,173.7880,0.000385
TAP_TAPCELL_ROW_59_958,VGND,li1,186.0700,173.7880,0.000204
TAP_TAPCELL_ROW_59_957,VGND,li1,160.3100,173.7880,0.000187
TAP_TAPCELL_ROW_59_956,VGND,li1,134.5500,173.7880,0.000237
TAP_TAPCELL_ROW_59_955,VGND,li1,108.7900,173.7880,0.000237
TAP_TAPCELL_ROW_59_954,VGND,li1,83.0300,173.7880,0.000209
TAP_TAPCELL_ROW_59_953,VGND,li1,57.2700,173.7880,0.000155
TAP_TAPCELL_ROW_59_952,VGND,li1,31.5100,173.7880,0.000077
TAP_TAPCELL_ROW_58_951,VGND,li1,301.9900,168.9310,0.000673
TAP_TAPCELL_ROW_58_950,VGND,li1,276.2300,168.9310,0.000643
TAP_TAPCELL_ROW_58_949,VGND,li1,250.4700,168.9310,0.000578
TAP_TAPCELL_ROW_58_948,VGND,li1,224.7100,168.9310,0.000483
TAP_TAPCELL_ROW_58_947,VGND,li1,198.9500,168.9310,0.000344
TAP_TAPCELL_ROW_58_946,VGND,li1,173.1900,168.9310,0.000297
TAP_TAPCELL_ROW_58_945,VGND,li1,147.4300,168.9310,0.000397
TAP_TAPCELL_ROW_58_944,VGND,li1,121.6700,168.9310,0.000383
TAP_TAPCELL_ROW_58_943,VGND,li1,95.9100,168.9310,0.000345
TAP_TAPCELL_ROW_58_942,VGND,li1,70.1500,168.9310,0.000272
TAP_TAPCELL_ROW_58_941,VGND,li1,44.3900,168.9310,0.000168
TAP_TAPCELL_ROW_58_940,VGND,li1,18.6300,168.9310,0.000073
TAP_TAPCELL_ROW_57_939,VGND,li1,314.8700,168.3480,0.000680
TAP_TAPCELL_ROW_57_938,VGND,li1,289.1100,168.3480,0.000661
TAP_TAPCELL_ROW_57_937,VGND,li1,263.3500,168.3480,0.000614
TAP_TAPCELL_ROW_57_936,VGND,li1,237.5900,168.3480,0.000532
TAP_TAPCELL_ROW_57_935,VGND,li1,211.8300,168.3480,0.000416
TAP_TAPCELL_ROW_57_934,VGND,li1,186.0700,168.3480,0.000270
TAP_TAPCELL_ROW_57_933,VGND,li1,160.3100,168.3480,0.000394
TAP_TAPCELL_ROW_57_932,VGND,li1,134.5500,168.3480,0.000393
TAP_TAPCELL_ROW_57_931,VGND,li1,108.7900,168.3480,0.000369
TAP_TAPCELL_ROW_57_930,VGND,li1,83.0300,168.3480,0.000315
TAP_TAPCELL_ROW_57_929,VGND,li1,57.2700,168.3480,0.000226
TAP_TAPCELL_ROW_57_928,VGND,li1,31.5100,168.3480,0.000104
TAP_TAPCELL_ROW_56_927,VGND,li1,301.9900,163.4910,0.000440
TAP_TAPCELL_ROW_56_926,VGND,li1,276.2300,163.4910,0.000412
TAP_TAPCELL_ROW_56_925,VGND,li1,250.4700,163.4910,0.000378
TAP_TAPCELL_ROW_56_924,VGND,li1,224.7100,163.4910,0.000303
TAP_TAPCELL_ROW_56_923,VGND,li1,198.9500,163.4910,0.000194
TAP_TAPCELL_ROW_56_922,VGND,li1,173.1900,163.4910,0.000097
TAP_TAPCELL_ROW_56_921,VGND,li1,147.4300,163.4910,0.000160
TAP_TAPCELL_ROW_56_920,VGND,li1,121.6700,163.4910,0.000202
TAP_TAPCELL_ROW_56_919,VGND,li1,95.9100,163.4910,0.000187
TAP_TAPCELL_ROW_56_918,VGND,li1,70.1500,163.4910,0.000156
TAP_TAPCELL_ROW_56_917,VGND,li1,44.3900,163.4910,0.000101
TAP_TAPCELL_ROW_56_916,VGND,li1,18.6300,163.4910,0.000058
TAP_TAPCELL_ROW_55_915,VGND,li1,314.8700,162.9080,0.000450
TAP_TAPCELL_ROW_55_914,VGND,li1,289.1100,162.9080,0.000427
TAP_TAPCELL_ROW_55_913,VGND,li1,263.3500,162.9080,0.000398
TAP_TAPCELL_ROW_55_912,VGND,li1,237.5900,162.9080,0.000345
TAP_TAPCELL_ROW_55_911,VGND,li1,211.8300,162.9080,0.000249
TAP_TAPCELL_ROW_55_910,VGND,li1,186.0700,162.9080,0.000127
TAP_TAPCELL_ROW_55_909,VGND,li1,160.3100,162.9080,0.000130
TAP_TAPCELL_ROW_55_908,VGND,li1,134.5500,162.9080,0.000187
TAP_TAPCELL_ROW_55_907,VGND,li1,108.7900,162.9080,0.000199
TAP_TAPCELL_ROW_55_906,VGND,li1,83.0300,162.9080,0.000173
TAP_TAPCELL_ROW_55_905,VGND,li1,57.2700,162.9080,0.000133
TAP_TAPCELL_ROW_55_904,VGND,li1,31.5100,162.9080,0.000068
TAP_TAPCELL_ROW_54_903,VGND,li1,301.9900,158.0510,0.000613
TAP_TAPCELL_ROW_54_902,VGND,li1,276.2300,158.0510,0.000582
TAP_TAPCELL_ROW_54_901,VGND,li1,250.4700,158.0510,0.000508
TAP_TAPCELL_ROW_54_900,VGND,li1,224.7100,158.0510,0.000413
TAP_TAPCELL_ROW_54_899,VGND,li1,198.9500,158.0510,0.000285
TAP_TAPCELL_ROW_54_898,VGND,li1,173.1900,158.0510,0.000193
TAP_TAPCELL_ROW_54_897,VGND,li1,147.4300,158.0510,0.000379
TAP_TAPCELL_ROW_54_896,VGND,li1,121.6700,158.0510,0.000478
TAP_TAPCELL_ROW_54_895,VGND,li1,95.9100,158.0510,0.000480
TAP_TAPCELL_ROW_54_894,VGND,li1,70.1500,158.0510,0.000401
TAP_TAPCELL_ROW_54_893,VGND,li1,44.3900,158.0510,0.000229
TAP_TAPCELL_ROW_54_892,VGND,li1,18.6300,158.0510,0.000089
TAP_TAPCELL_ROW_53_891,VGND,li1,314.8700,157.4680,0.000619
TAP_TAPCELL_ROW_53_890,VGND,li1,289.1100,157.4680,0.000603
TAP_TAPCELL_ROW_53_889,VGND,li1,263.3500,157.4680,0.000547
TAP_TAPCELL_ROW_53_888,VGND,li1,237.5900,157.4680,0.000461
TAP_TAPCELL_ROW_53_887,VGND,li1,211.8300,157.4680,0.000349
TAP_TAPCELL_ROW_53_886,VGND,li1,186.0700,157.4680,0.000205
TAP_TAPCELL_ROW_53_885,VGND,li1,160.3100,157.4680,0.000288
TAP_TAPCELL_ROW_53_884,VGND,li1,134.5500,157.4680,0.000447
TAP_TAPCELL_ROW_53_883,VGND,li1,108.7900,157.4680,0.000498
TAP_TAPCELL_ROW_53_882,VGND,li1,83.0300,157.4680,0.000450
TAP_TAPCELL_ROW_53_881,VGND,li1,57.2700,157.4680,0.000314
TAP_TAPCELL_ROW_53_880,VGND,li1,31.5100,157.4680,0.000135
TAP_TAPCELL_ROW_52_879,VGND,li1,301.9900,152.6110,0.001199
TAP_TAPCELL_ROW_52_878,VGND,li1,276.2300,152.6110,0.001149
TAP_TAPCELL_ROW_52_877,VGND,li1,250.4700,152.6110,0.001046
TAP_TAPCELL_ROW_52_876,VGND,li1,224.7100,152.6110,0.000849
TAP_TAPCELL_ROW_52_875,VGND,li1,198.9500,152.6110,0.000556
TAP_TAPCELL_ROW_52_874,VGND,li1,173.1900,152.6110,0.000239
TAP_TAPCELL_ROW_52_873,VGND,li1,147.4300,152.6110,0.000322
TAP_TAPCELL_ROW_52_872,VGND,li1,121.6700,152.6110,0.000363
TAP_TAPCELL_ROW_52_871,VGND,li1,95.9100,152.6110,0.000375
TAP_TAPCELL_ROW_52_870,VGND,li1,70.1500,152.6110,0.000346
TAP_TAPCELL_ROW_52_869,VGND,li1,44.3900,152.6110,0.000259
TAP_TAPCELL_ROW_52_868,VGND,li1,18.6300,152.6110,0.000138
TAP_TAPCELL_ROW_51_867,VGND,li1,314.8700,152.0280,0.001213
TAP_TAPCELL_ROW_51_866,VGND,li1,289.1100,152.0280,0.001174
TAP_TAPCELL_ROW_51_865,VGND,li1,263.3500,152.0280,0.001107
TAP_TAPCELL_ROW_51_864,VGND,li1,237.5900,152.0280,0.000954
TAP_TAPCELL_ROW_51_863,VGND,li1,211.8300,152.0280,0.000718
TAP_TAPCELL_ROW_51_862,VGND,li1,186.0700,152.0280,0.000352
TAP_TAPCELL_ROW_51_861,VGND,li1,160.3100,152.0280,0.000284
TAP_TAPCELL_ROW_51_860,VGND,li1,134.5500,152.0280,0.000343
TAP_TAPCELL_ROW_51_859,VGND,li1,108.7900,152.0280,0.000375
TAP_TAPCELL_ROW_51_858,VGND,li1,83.0300,152.0280,0.000367
TAP_TAPCELL_ROW_51_857,VGND,li1,57.2700,152.0280,0.000311
TAP_TAPCELL_ROW_51_856,VGND,li1,31.5100,152.0280,0.000155
TAP_TAPCELL_ROW_50_855,VGND,li1,301.9900,147.1710,0.001196
TAP_TAPCELL_ROW_50_854,VGND,li1,276.2300,147.1710,0.001089
TAP_TAPCELL_ROW_50_853,VGND,li1,250.4700,147.1710,0.000900
TAP_TAPCELL_ROW_50_852,VGND,li1,224.7100,147.1710,0.000682
TAP_TAPCELL_ROW_50_851,VGND,li1,198.9500,147.1710,0.000413
TAP_TAPCELL_ROW_50_850,VGND,li1,173.1900,147.1710,0.000230
TAP_TAPCELL_ROW_50_849,VGND,li1,147.4300,147.1710,0.000326
TAP_TAPCELL_ROW_50_848,VGND,li1,121.6700,147.1710,0.000324
TAP_TAPCELL_ROW_50_847,VGND,li1,95.9100,147.1710,0.000290
TAP_TAPCELL_ROW_50_846,VGND,li1,70.1500,147.1710,0.000231
TAP_TAPCELL_ROW_50_845,VGND,li1,44.3900,147.1710,0.000134
TAP_TAPCELL_ROW_50_844,VGND,li1,18.6300,147.1710,0.000061
TAP_TAPCELL_ROW_49_843,VGND,li1,314.8700,146.5880,0.001229
TAP_TAPCELL_ROW_49_842,VGND,li1,289.1100,146.5880,0.001147
TAP_TAPCELL_ROW_49_841,VGND,li1,263.3500,146.5880,0.000997
TAP_TAPCELL_ROW_49_840,VGND,li1,237.5900,146.5880,0.000794
TAP_TAPCELL_ROW_49_839,VGND,li1,211.8300,146.5880,0.000554
TAP_TAPCELL_ROW_49_838,VGND,li1,186.0700,146.5880,0.000272
TAP_TAPCELL_ROW_49_837,VGND,li1,160.3100,146.5880,0.000301
TAP_TAPCELL_ROW_49_836,VGND,li1,134.5500,146.5880,0.000328
TAP_TAPCELL_ROW_49_835,VGND,li1,108.7900,146.5880,0.000310
TAP_TAPCELL_ROW_49_834,VGND,li1,83.0300,146.5880,0.000261
TAP_TAPCELL_ROW_49_833,VGND,li1,57.2700,146.5880,0.000181
TAP_TAPCELL_ROW_49_832,VGND,li1,31.5100,146.5880,0.000081
TAP_TAPCELL_ROW_48_831,VGND,li1,301.9900,141.7310,0.000687
TAP_TAPCELL_ROW_48_830,VGND,li1,276.2300,141.7310,0.000639
TAP_TAPCELL_ROW_48_829,VGND,li1,250.4700,141.7310,0.000560
TAP_TAPCELL_ROW_48_828,VGND,li1,224.7100,141.7310,0.000424
TAP_TAPCELL_ROW_48_827,VGND,li1,198.9500,141.7310,0.000258
TAP_TAPCELL_ROW_48_826,VGND,li1,173.1900,141.7310,0.000133
TAP_TAPCELL_ROW_48_825,VGND,li1,147.4300,141.7310,0.000200
TAP_TAPCELL_ROW_48_824,VGND,li1,121.6700,141.7310,0.000225
TAP_TAPCELL_ROW_48_823,VGND,li1,95.9100,141.7310,0.000210
TAP_TAPCELL_ROW_48_822,VGND,li1,70.1500,141.7310,0.000172
TAP_TAPCELL_ROW_48_821,VGND,li1,44.3900,141.7310,0.000115
TAP_TAPCELL_ROW_48_820,VGND,li1,18.6300,141.7310,0.000052
TAP_TAPCELL_ROW_47_819,VGND,li1,314.8700,141.1480,0.000699
TAP_TAPCELL_ROW_47_818,VGND,li1,289.1100,141.1480,0.000668
TAP_TAPCELL_ROW_47_817,VGND,li1,263.3500,141.1480,0.000603
TAP_TAPCELL_ROW_47_816,VGND,li1,237.5900,141.1480,0.000494
TAP_TAPCELL_ROW_47_815,VGND,li1,211.8300,141.1480,0.000335
TAP_TAPCELL_ROW_47_814,VGND,li1,186.0700,141.1480,0.000163
TAP_TAPCELL_ROW_47_813,VGND,li1,160.3100,141.1480,0.000169
TAP_TAPCELL_ROW_47_812,VGND,li1,134.5500,141.1480,0.000219
TAP_TAPCELL_ROW_47_811,VGND,li1,108.7900,141.1480,0.000220
TAP_TAPCELL_ROW_47_810,VGND,li1,83.0300,141.1480,0.000193
TAP_TAPCELL_ROW_47_809,VGND,li1,57.2700,141.1480,0.000147
TAP_TAPCELL_ROW_47_808,VGND,li1,31.5100,141.1480,0.000070
TAP_TAPCELL_ROW_46_807,VGND,li1,301.9900,136.2910,0.000607
TAP_TAPCELL_ROW_46_806,VGND,li1,276.2300,136.2910,0.000570
TAP_TAPCELL_ROW_46_805,VGND,li1,250.4700,136.2910,0.000497
TAP_TAPCELL_ROW_46_804,VGND,li1,224.7100,136.2910,0.000416
TAP_TAPCELL_ROW_46_803,VGND,li1,198.9500,136.2910,0.000302
TAP_TAPCELL_ROW_46_802,VGND,li1,173.1900,136.2910,0.000189
TAP_TAPCELL_ROW_46_801,VGND,li1,147.4300,136.2910,0.000293
TAP_TAPCELL_ROW_46_800,VGND,li1,121.6700,136.2910,0.000361
TAP_TAPCELL_ROW_46_799,VGND,li1,95.9100,136.2910,0.000373
TAP_TAPCELL_ROW_46_798,VGND,li1,70.1500,136.2910,0.000297
TAP_TAPCELL_ROW_46_797,VGND,li1,44.3900,136.2910,0.000167
TAP_TAPCELL_ROW_46_796,VGND,li1,18.6300,136.2910,0.000074
TAP_TAPCELL_ROW_45_795,VGND,li1,314.8700,135.7080,0.000613
TAP_TAPCELL_ROW_45_794,VGND,li1,289.1100,135.7080,0.000595
TAP_TAPCELL_ROW_45_793,VGND,li1,263.3500,135.7080,0.000535
TAP_TAPCELL_ROW_45_792,VGND,li1,237.5900,135.7080,0.000461
TAP_TAPCELL_ROW_45_791,VGND,li1,211.8300,135.7080,0.000364
TAP_TAPCELL_ROW_45_790,VGND,li1,186.0700,135.7080,0.000224
TAP_TAPCELL_ROW_45_789,VGND,li1,160.3100,135.7080,0.000249
TAP_TAPCELL_ROW_45_788,VGND,li1,134.5500,135.7080,0.000333
TAP_TAPCELL_ROW_45_787,VGND,li1,108.7900,135.7080,0.000383
TAP_TAPCELL_ROW_45_786,VGND,li1,83.0300,135.7080,0.000342
TAP_TAPCELL_ROW_45_785,VGND,li1,57.2700,135.7080,0.000240
TAP_TAPCELL_ROW_45_784,VGND,li1,31.5100,135.7080,0.000103
TAP_TAPCELL_ROW_44_783,VGND,li1,301.9900,130.8510,0.000543
TAP_TAPCELL_ROW_44_782,VGND,li1,276.2300,130.8510,0.000513
TAP_TAPCELL_ROW_44_781,VGND,li1,250.4700,130.8510,0.000458
TAP_TAPCELL_ROW_44_780,VGND,li1,224.7100,130.8510,0.000360
TAP_TAPCELL_ROW_44_779,VGND,li1,198.9500,130.8510,0.000230
TAP_TAPCELL_ROW_44_778,VGND,li1,173.1900,130.8510,0.000134
TAP_TAPCELL_ROW_44_777,VGND,li1,147.4300,130.8510,0.000215
TAP_TAPCELL_ROW_44_776,VGND,li1,121.6700,130.8510,0.000274
TAP_TAPCELL_ROW_44_775,VGND,li1,95.9100,130.8510,0.000292
TAP_TAPCELL_ROW_44_774,VGND,li1,70.1500,130.8510,0.000286
TAP_TAPCELL_ROW_44_773,VGND,li1,44.3900,130.8510,0.000170
TAP_TAPCELL_ROW_44_772,VGND,li1,18.6300,130.8510,0.000070
TAP_TAPCELL_ROW_43_771,VGND,li1,314.8700,130.2680,0.000552
TAP_TAPCELL_ROW_43_770,VGND,li1,289.1100,130.2680,0.000532
TAP_TAPCELL_ROW_43_769,VGND,li1,263.3500,130.2680,0.000486
TAP_TAPCELL_ROW_43_768,VGND,li1,237.5900,130.2680,0.000412
TAP_TAPCELL_ROW_43_767,VGND,li1,211.8300,130.2680,0.000302
TAP_TAPCELL_ROW_43_766,VGND,li1,186.0700,130.2680,0.000152
TAP_TAPCELL_ROW_43_765,VGND,li1,160.3100,130.2680,0.000176
TAP_TAPCELL_ROW_43_764,VGND,li1,134.5500,130.2680,0.000248
TAP_TAPCELL_ROW_43_763,VGND,li1,108.7900,130.2680,0.000286
TAP_TAPCELL_ROW_43_762,VGND,li1,83.0300,130.2680,0.000297
TAP_TAPCELL_ROW_43_761,VGND,li1,57.2700,130.2680,0.000235
TAP_TAPCELL_ROW_43_760,VGND,li1,31.5100,130.2680,0.000094
TAP_TAPCELL_ROW_42_759,VGND,li1,301.9900,125.4110,0.000500
TAP_TAPCELL_ROW_42_758,VGND,li1,276.2300,125.4110,0.000462
TAP_TAPCELL_ROW_42_757,VGND,li1,250.4700,125.4110,0.000414
TAP_TAPCELL_ROW_42_756,VGND,li1,224.7100,125.4110,0.000336
TAP_TAPCELL_ROW_42_755,VGND,li1,198.9500,125.4110,0.000221
TAP_TAPCELL_ROW_42_754,VGND,li1,173.1900,125.4110,0.000165
TAP_TAPCELL_ROW_42_753,VGND,li1,147.4300,125.4110,0.000319
TAP_TAPCELL_ROW_42_752,VGND,li1,121.6700,125.4110,0.000429
TAP_TAPCELL_ROW_42_751,VGND,li1,95.9100,125.4110,0.000481
TAP_TAPCELL_ROW_42_750,VGND,li1,70.1500,125.4110,0.000430
TAP_TAPCELL_ROW_42_749,VGND,li1,44.3900,125.4110,0.000286
TAP_TAPCELL_ROW_42_748,VGND,li1,18.6300,125.4110,0.000121
TAP_TAPCELL_ROW_41_747,VGND,li1,314.8700,124.8280,0.000512
TAP_TAPCELL_ROW_41_746,VGND,li1,289.1100,124.8280,0.000482
TAP_TAPCELL_ROW_41_745,VGND,li1,263.3500,124.8280,0.000440
TAP_TAPCELL_ROW_41_744,VGND,li1,237.5900,124.8280,0.000375
TAP_TAPCELL_ROW_41_743,VGND,li1,211.8300,124.8280,0.000278
TAP_TAPCELL_ROW_41_742,VGND,li1,186.0700,124.8280,0.000166
TAP_TAPCELL_ROW_41_741,VGND,li1,160.3100,124.8280,0.000248
TAP_TAPCELL_ROW_41_740,VGND,li1,134.5500,124.8280,0.000380
TAP_TAPCELL_ROW_41_739,VGND,li1,108.7900,124.8280,0.000468
TAP_TAPCELL_ROW_41_738,VGND,li1,83.0300,124.8280,0.000461
TAP_TAPCELL_ROW_41_737,VGND,li1,57.2700,124.8280,0.000385
TAP_TAPCELL_ROW_41_736,VGND,li1,31.5100,124.8280,0.000172
TAP_TAPCELL_ROW_40_735,VGND,li1,301.9900,119.9710,0.001590
TAP_TAPCELL_ROW_40_734,VGND,li1,276.2300,119.9710,0.001560
TAP_TAPCELL_ROW_40_733,VGND,li1,250.4700,119.9710,0.001472
TAP_TAPCELL_ROW_40_732,VGND,li1,224.7100,119.9710,0.001182
TAP_TAPCELL_ROW_40_731,VGND,li1,198.9500,119.9710,0.000708
TAP_TAPCELL_ROW_40_730,VGND,li1,173.1900,119.9710,0.000306
TAP_TAPCELL_ROW_40_729,VGND,li1,147.4300,119.9710,0.000410
TAP_TAPCELL_ROW_40_728,VGND,li1,121.6700,119.9710,0.000421
TAP_TAPCELL_ROW_40_727,VGND,li1,95.9100,119.9710,0.000392
TAP_TAPCELL_ROW_40_726,VGND,li1,70.1500,119.9710,0.000295
TAP_TAPCELL_ROW_40_725,VGND,li1,44.3900,119.9710,0.000179
TAP_TAPCELL_ROW_40_724,VGND,li1,18.6300,119.9710,0.000091
TAP_TAPCELL_ROW_39_723,VGND,li1,314.8700,119.3880,0.001599
TAP_TAPCELL_ROW_39_722,VGND,li1,289.1100,119.3880,0.001579
TAP_TAPCELL_ROW_39_721,VGND,li1,263.3500,119.3880,0.001534
TAP_TAPCELL_ROW_39_720,VGND,li1,237.5900,119.3880,0.001334
TAP_TAPCELL_ROW_39_719,VGND,li1,211.8300,119.3880,0.000965
TAP_TAPCELL_ROW_39_718,VGND,li1,186.0700,119.3880,0.000412
TAP_TAPCELL_ROW_39_717,VGND,li1,160.3100,119.3880,0.000372
TAP_TAPCELL_ROW_39_716,VGND,li1,134.5500,119.3880,0.000419
TAP_TAPCELL_ROW_39_715,VGND,li1,108.7900,119.3880,0.000416
TAP_TAPCELL_ROW_39_714,VGND,li1,83.0300,119.3880,0.000350
TAP_TAPCELL_ROW_39_713,VGND,li1,57.2700,119.3880,0.000238
TAP_TAPCELL_ROW_39_712,VGND,li1,31.5100,119.3880,0.000116
TAP_TAPCELL_ROW_38_711,VGND,li1,301.9900,114.5310,0.000774
TAP_TAPCELL_ROW_38_710,VGND,li1,276.2300,114.5310,0.000704
TAP_TAPCELL_ROW_38_709,VGND,li1,250.4700,114.5310,0.000605
TAP_TAPCELL_ROW_38_708,VGND,li1,224.7100,114.5310,0.000455
TAP_TAPCELL_ROW_38_707,VGND,li1,198.9500,114.5310,0.000284
TAP_TAPCELL_ROW_38_706,VGND,li1,173.1900,114.5310,0.000143
TAP_TAPCELL_ROW_38_705,VGND,li1,147.4300,114.5310,0.000237
TAP_TAPCELL_ROW_38_704,VGND,li1,121.6700,114.5310,0.000285
TAP_TAPCELL_ROW_38_703,VGND,li1,95.9100,114.5310,0.000305
TAP_TAPCELL_ROW_38_702,VGND,li1,70.1500,114.5310,0.000299
TAP_TAPCELL_ROW_38_701,VGND,li1,44.3900,114.5310,0.000201
TAP_TAPCELL_ROW_38_700,VGND,li1,18.6300,114.5310,0.000078
TAP_TAPCELL_ROW_37_699,VGND,li1,314.8700,113.9480,0.000791
TAP_TAPCELL_ROW_37_698,VGND,li1,289.1100,113.9480,0.000747
TAP_TAPCELL_ROW_37_697,VGND,li1,263.3500,113.9480,0.000656
TAP_TAPCELL_ROW_37_696,VGND,li1,237.5900,113.9480,0.000531
TAP_TAPCELL_ROW_37_695,VGND,li1,211.8300,113.9480,0.000373
TAP_TAPCELL_ROW_37_694,VGND,li1,186.0700,113.9480,0.000188
TAP_TAPCELL_ROW_37_693,VGND,li1,160.3100,113.9480,0.000194
TAP_TAPCELL_ROW_37_692,VGND,li1,134.5500,113.9480,0.000266
TAP_TAPCELL_ROW_37_691,VGND,li1,108.7900,113.9480,0.000302
TAP_TAPCELL_ROW_37_690,VGND,li1,83.0300,113.9480,0.000304
TAP_TAPCELL_ROW_37_689,VGND,li1,57.2700,113.9480,0.000279
TAP_TAPCELL_ROW_37_688,VGND,li1,31.5100,113.9480,0.000120
TAP_TAPCELL_ROW_36_687,VGND,li1,301.9900,109.0910,0.001346
TAP_TAPCELL_ROW_36_686,VGND,li1,276.2300,109.0910,0.001230
TAP_TAPCELL_ROW_36_685,VGND,li1,250.4700,109.0910,0.001041
TAP_TAPCELL_ROW_36_684,VGND,li1,224.7100,109.0910,0.000816
TAP_TAPCELL_ROW_36_683,VGND,li1,198.9500,109.0910,0.000518
TAP_TAPCELL_ROW_36_682,VGND,li1,173.1900,109.0910,0.000257
TAP_TAPCELL_ROW_36_681,VGND,li1,147.4300,109.0910,0.000395
TAP_TAPCELL_ROW_36_680,VGND,li1,121.6700,109.0910,0.000493
TAP_TAPCELL_ROW_36_679,VGND,li1,95.9100,109.0910,0.000493
TAP_TAPCELL_ROW_36_678,VGND,li1,70.1500,109.0910,0.000375
TAP_TAPCELL_ROW_36_677,VGND,li1,44.3900,109.0910,0.000230
TAP_TAPCELL_ROW_36_676,VGND,li1,18.6300,109.0910,0.000103
TAP_TAPCELL_ROW_35_675,VGND,li1,314.8700,108.5080,0.001368
TAP_TAPCELL_ROW_35_674,VGND,li1,289.1100,108.5080,0.001307
TAP_TAPCELL_ROW_35_673,VGND,li1,263.3500,108.5080,0.001144
TAP_TAPCELL_ROW_35_672,VGND,li1,237.5900,108.5080,0.000933
TAP_TAPCELL_ROW_35_671,VGND,li1,211.8300,108.5080,0.000683
TAP_TAPCELL_ROW_35_670,VGND,li1,186.0700,108.5080,0.000306
TAP_TAPCELL_ROW_35_669,VGND,li1,160.3100,108.5080,0.000329
TAP_TAPCELL_ROW_35_668,VGND,li1,134.5500,108.5080,0.000450
TAP_TAPCELL_ROW_35_667,VGND,li1,108.7900,108.5080,0.000511
TAP_TAPCELL_ROW_35_666,VGND,li1,83.0300,108.5080,0.000446
TAP_TAPCELL_ROW_35_665,VGND,li1,57.2700,108.5080,0.000310
TAP_TAPCELL_ROW_35_664,VGND,li1,31.5100,108.5080,0.000140
TAP_TAPCELL_ROW_34_663,VGND,li1,301.9900,103.6510,0.000572
TAP_TAPCELL_ROW_34_662,VGND,li1,276.2300,103.6510,0.000535
TAP_TAPCELL_ROW_34_661,VGND,li1,250.4700,103.6510,0.000466
TAP_TAPCELL_ROW_34_660,VGND,li1,224.7100,103.6510,0.000368
TAP_TAPCELL_ROW_34_659,VGND,li1,198.9500,103.6510,0.000257
TAP_TAPCELL_ROW_34_658,VGND,li1,173.1900,103.6510,0.000195
TAP_TAPCELL_ROW_34_657,VGND,li1,147.4300,103.6510,0.000337
TAP_TAPCELL_ROW_34_656,VGND,li1,121.6700,103.6510,0.000362
TAP_TAPCELL_ROW_34_655,VGND,li1,95.9100,103.6510,0.000324
TAP_TAPCELL_ROW_34_654,VGND,li1,70.1500,103.6510,0.000234
TAP_TAPCELL_ROW_34_653,VGND,li1,44.3900,103.6510,0.000134
TAP_TAPCELL_ROW_34_652,VGND,li1,18.6300,103.6510,0.000045
TAP_TAPCELL_ROW_33_651,VGND,li1,314.8700,103.0680,0.000579
TAP_TAPCELL_ROW_33_650,VGND,li1,289.1100,103.0680,0.000561
TAP_TAPCELL_ROW_33_649,VGND,li1,263.3500,103.0680,0.000506
TAP_TAPCELL_ROW_33_648,VGND,li1,237.5900,103.0680,0.000418
TAP_TAPCELL_ROW_33_647,VGND,li1,211.8300,103.0680,0.000317
TAP_TAPCELL_ROW_33_646,VGND,li1,186.0700,103.0680,0.000193
TAP_TAPCELL_ROW_33_645,VGND,li1,160.3100,103.0680,0.000269
TAP_TAPCELL_ROW_33_644,VGND,li1,134.5500,103.0680,0.000357
TAP_TAPCELL_ROW_33_643,VGND,li1,108.7900,103.0680,0.000351
TAP_TAPCELL_ROW_33_642,VGND,li1,83.0300,103.0680,0.000285
TAP_TAPCELL_ROW_33_641,VGND,li1,57.2700,103.0680,0.000189
TAP_TAPCELL_ROW_33_640,VGND,li1,31.5100,103.0680,0.000077
TAP_TAPCELL_ROW_32_639,VGND,li1,301.9900,98.2110,0.000632
TAP_TAPCELL_ROW_32_638,VGND,li1,276.2300,98.2110,0.000562
TAP_TAPCELL_ROW_32_637,VGND,li1,250.4700,98.2110,0.000461
TAP_TAPCELL_ROW_32_636,VGND,li1,224.7100,98.2110,0.000355
TAP_TAPCELL_ROW_32_635,VGND,li1,198.9500,98.2110,0.000222
TAP_TAPCELL_ROW_32_634,VGND,li1,173.1900,98.2110,0.000113
TAP_TAPCELL_ROW_32_633,VGND,li1,147.4300,98.2110,0.000185
TAP_TAPCELL_ROW_32_632,VGND,li1,121.6700,98.2110,0.000213
TAP_TAPCELL_ROW_32_631,VGND,li1,95.9100,98.2110,0.000223
TAP_TAPCELL_ROW_32_630,VGND,li1,70.1500,98.2110,0.000203
TAP_TAPCELL_ROW_32_629,VGND,li1,44.3900,98.2110,0.000155
TAP_TAPCELL_ROW_32_628,VGND,li1,18.6300,98.2110,0.000075
TAP_TAPCELL_ROW_31_627,VGND,li1,314.8700,97.6280,0.000646
TAP_TAPCELL_ROW_31_626,VGND,li1,289.1100,97.6280,0.000602
TAP_TAPCELL_ROW_31_625,VGND,li1,263.3500,97.6280,0.000512
TAP_TAPCELL_ROW_31_624,VGND,li1,237.5900,97.6280,0.000409
TAP_TAPCELL_ROW_31_623,VGND,li1,211.8300,97.6280,0.000296
TAP_TAPCELL_ROW_31_622,VGND,li1,186.0700,97.6280,0.000142
TAP_TAPCELL_ROW_31_621,VGND,li1,160.3100,97.6280,0.000154
TAP_TAPCELL_ROW_31_620,VGND,li1,134.5500,97.6280,0.000203
TAP_TAPCELL_ROW_31_619,VGND,li1,108.7900,97.6280,0.000222
TAP_TAPCELL_ROW_31_618,VGND,li1,83.0300,97.6280,0.000219
TAP_TAPCELL_ROW_31_617,VGND,li1,57.2700,97.6280,0.000186
TAP_TAPCELL_ROW_31_616,VGND,li1,31.5100,97.6280,0.000116
TAP_TAPCELL_ROW_30_615,VGND,li1,301.9900,92.7710,0.000778
TAP_TAPCELL_ROW_30_614,VGND,li1,276.2300,92.7710,0.000765
TAP_TAPCELL_ROW_30_613,VGND,li1,250.4700,92.7710,0.000665
TAP_TAPCELL_ROW_30_612,VGND,li1,224.7100,92.7710,0.000525
TAP_TAPCELL_ROW_30_611,VGND,li1,198.9500,92.7710,0.000320
TAP_TAPCELL_ROW_30_610,VGND,li1,173.1900,92.7710,0.000135
TAP_TAPCELL_ROW_30_609,VGND,li1,147.4300,92.7710,0.000178
TAP_TAPCELL_ROW_30_608,VGND,li1,121.6700,92.7710,0.000200
TAP_TAPCELL_ROW_30_607,VGND,li1,95.9100,92.7710,0.000205
TAP_TAPCELL_ROW_30_606,VGND,li1,70.1500,92.7710,0.000184
TAP_TAPCELL_ROW_30_605,VGND,li1,44.3900,92.7710,0.000131
TAP_TAPCELL_ROW_30_604,VGND,li1,18.6300,92.7710,0.000058
TAP_TAPCELL_ROW_29_603,VGND,li1,314.8700,92.1880,0.000782
TAP_TAPCELL_ROW_29_602,VGND,li1,289.1100,92.1880,0.000773
TAP_TAPCELL_ROW_29_601,VGND,li1,263.3500,92.1880,0.000724
TAP_TAPCELL_ROW_29_600,VGND,li1,237.5900,92.1880,0.000599
TAP_TAPCELL_ROW_29_599,VGND,li1,211.8300,92.1880,0.000433
TAP_TAPCELL_ROW_29_598,VGND,li1,186.0700,92.1880,0.000205
TAP_TAPCELL_ROW_29_597,VGND,li1,160.3100,92.1880,0.000162
TAP_TAPCELL_ROW_29_596,VGND,li1,134.5500,92.1880,0.000192
TAP_TAPCELL_ROW_29_595,VGND,li1,108.7900,92.1880,0.000205
TAP_TAPCELL_ROW_29_594,VGND,li1,83.0300,92.1880,0.000199
TAP_TAPCELL_ROW_29_593,VGND,li1,57.2700,92.1880,0.000166
TAP_TAPCELL_ROW_29_592,VGND,li1,31.5100,92.1880,0.000086
TAP_TAPCELL_ROW_28_591,VGND,li1,301.9900,87.3310,0.000554
TAP_TAPCELL_ROW_28_590,VGND,li1,276.2300,87.3310,0.000548
TAP_TAPCELL_ROW_28_589,VGND,li1,250.4700,87.3310,0.000515
TAP_TAPCELL_ROW_28_588,VGND,li1,224.7100,87.3310,0.000454
TAP_TAPCELL_ROW_28_587,VGND,li1,198.9500,87.3310,0.000288
TAP_TAPCELL_ROW_28_586,VGND,li1,173.1900,87.3310,0.000138
TAP_TAPCELL_ROW_28_585,VGND,li1,147.4300,87.3310,0.000199
TAP_TAPCELL_ROW_28_584,VGND,li1,121.6700,87.3310,0.000218
TAP_TAPCELL_ROW_28_583,VGND,li1,95.9100,87.3310,0.000192
TAP_TAPCELL_ROW_28_582,VGND,li1,70.1500,87.3310,0.000147
TAP_TAPCELL_ROW_28_581,VGND,li1,44.3900,87.3310,0.000086
TAP_TAPCELL_ROW_28_580,VGND,li1,18.6300,87.3310,0.000034
TAP_TAPCELL_ROW_27_579,VGND,li1,314.8700,86.7480,0.000555
TAP_TAPCELL_ROW_27_578,VGND,li1,289.1100,86.7480,0.000552
TAP_TAPCELL_ROW_27_577,VGND,li1,263.3500,86.7480,0.000536
TAP_TAPCELL_ROW_27_576,VGND,li1,237.5900,86.7480,0.000488
TAP_TAPCELL_ROW_27_575,VGND,li1,211.8300,86.7480,0.000386
TAP_TAPCELL_ROW_27_574,VGND,li1,186.0700,86.7480,0.000199
TAP_TAPCELL_ROW_27_573,VGND,li1,160.3100,86.7480,0.000172
TAP_TAPCELL_ROW_27_572,VGND,li1,134.5500,86.7480,0.000211
TAP_TAPCELL_ROW_27_571,VGND,li1,108.7900,86.7480,0.000210
TAP_TAPCELL_ROW_27_570,VGND,li1,83.0300,86.7480,0.000170
TAP_TAPCELL_ROW_27_569,VGND,li1,57.2700,86.7480,0.000119
TAP_TAPCELL_ROW_27_568,VGND,li1,31.5100,86.7480,0.000052
TAP_TAPCELL_ROW_26_567,VGND,li1,301.9900,81.8910,0.000763
TAP_TAPCELL_ROW_26_566,VGND,li1,276.2300,81.8910,0.000709
TAP_TAPCELL_ROW_26_565,VGND,li1,250.4700,81.8910,0.000609
TAP_TAPCELL_ROW_26_564,VGND,li1,224.7100,81.8910,0.000480
TAP_TAPCELL_ROW_26_563,VGND,li1,198.9500,81.8910,0.000338
TAP_TAPCELL_ROW_26_562,VGND,li1,173.1900,81.8910,0.000211
TAP_TAPCELL_ROW_26_561,VGND,li1,147.4300,81.8910,0.000393
TAP_TAPCELL_ROW_26_560,VGND,li1,121.6700,81.8910,0.000483
TAP_TAPCELL_ROW_26_559,VGND,li1,95.9100,81.8910,0.000502
TAP_TAPCELL_ROW_26_558,VGND,li1,70.1500,81.8910,0.000428
TAP_TAPCELL_ROW_26_557,VGND,li1,44.3900,81.8910,0.000257
TAP_TAPCELL_ROW_26_556,VGND,li1,18.6300,81.8910,0.000102
TAP_TAPCELL_ROW_25_555,VGND,li1,314.8700,81.3080,0.000768
TAP_TAPCELL_ROW_25_554,VGND,li1,289.1100,81.3080,0.000744
TAP_TAPCELL_ROW_25_553,VGND,li1,263.3500,81.3080,0.000664
TAP_TAPCELL_ROW_25_552,VGND,li1,237.5900,81.3080,0.000546
TAP_TAPCELL_ROW_25_551,VGND,li1,211.8300,81.3080,0.000419
TAP_TAPCELL_ROW_25_550,VGND,li1,186.0700,81.3080,0.000248
TAP_TAPCELL_ROW_25_549,VGND,li1,160.3100,81.3080,0.000304
TAP_TAPCELL_ROW_25_548,VGND,li1,134.5500,81.3080,0.000445
TAP_TAPCELL_ROW_25_547,VGND,li1,108.7900,81.3080,0.000509
TAP_TAPCELL_ROW_25_546,VGND,li1,83.0300,81.3080,0.000476
TAP_TAPCELL_ROW_25_545,VGND,li1,57.2700,81.3080,0.000341
TAP_TAPCELL_ROW_25_544,VGND,li1,31.5100,81.3080,0.000145
TAP_TAPCELL_ROW_24_543,VGND,li1,301.9900,76.4510,0.000426
TAP_TAPCELL_ROW_24_542,VGND,li1,276.2300,76.4510,0.000388
TAP_TAPCELL_ROW_24_541,VGND,li1,250.4700,76.4510,0.000327
TAP_TAPCELL_ROW_24_540,VGND,li1,224.7100,76.4510,0.000259
TAP_TAPCELL_ROW_24_539,VGND,li1,198.9500,76.4510,0.000176
TAP_TAPCELL_ROW_24_538,VGND,li1,173.1900,76.4510,0.000103
TAP_TAPCELL_ROW_24_537,VGND,li1,147.4300,76.4510,0.000186
TAP_TAPCELL_ROW_24_536,VGND,li1,121.6700,76.4510,0.000228
TAP_TAPCELL_ROW_24_535,VGND,li1,95.9100,76.4510,0.000229
TAP_TAPCELL_ROW_24_534,VGND,li1,70.1500,76.4510,0.000212
TAP_TAPCELL_ROW_24_533,VGND,li1,44.3900,76.4510,0.000162
TAP_TAPCELL_ROW_24_532,VGND,li1,18.6300,76.4510,0.000079
TAP_TAPCELL_ROW_23_531,VGND,li1,314.8700,75.8680,0.000432
TAP_TAPCELL_ROW_23_530,VGND,li1,289.1100,75.8680,0.000408
TAP_TAPCELL_ROW_23_529,VGND,li1,263.3500,75.8680,0.000359
TAP_TAPCELL_ROW_23_528,VGND,li1,237.5900,75.8680,0.000298
TAP_TAPCELL_ROW_23_527,VGND,li1,211.8300,75.8680,0.000219
TAP_TAPCELL_ROW_23_526,VGND,li1,186.0700,75.8680,0.000123
TAP_TAPCELL_ROW_23_525,VGND,li1,160.3100,75.8680,0.000146
TAP_TAPCELL_ROW_23_524,VGND,li1,134.5500,75.8680,0.000214
TAP_TAPCELL_ROW_23_523,VGND,li1,108.7900,75.8680,0.000231
TAP_TAPCELL_ROW_23_522,VGND,li1,83.0300,75.8680,0.000221
TAP_TAPCELL_ROW_23_521,VGND,li1,57.2700,75.8680,0.000190
TAP_TAPCELL_ROW_23_520,VGND,li1,31.5100,75.8680,0.000108
TAP_TAPCELL_ROW_22_519,VGND,li1,301.9900,71.0110,0.001231
TAP_TAPCELL_ROW_22_518,VGND,li1,276.2300,71.0110,0.001099
TAP_TAPCELL_ROW_22_517,VGND,li1,250.4700,71.0110,0.000887
TAP_TAPCELL_ROW_22_516,VGND,li1,224.7100,71.0110,0.000645
TAP_TAPCELL_ROW_22_515,VGND,li1,198.9500,71.0110,0.000387
TAP_TAPCELL_ROW_22_514,VGND,li1,173.1900,71.0110,0.000160
TAP_TAPCELL_ROW_22_513,VGND,li1,147.4300,71.0110,0.000187
TAP_TAPCELL_ROW_22_512,VGND,li1,121.6700,71.0110,0.000191
TAP_TAPCELL_ROW_22_511,VGND,li1,95.9100,71.0110,0.000169
TAP_TAPCELL_ROW_22_510,VGND,li1,70.1500,71.0110,0.000137
TAP_TAPCELL_ROW_22_509,VGND,li1,44.3900,71.0110,0.000097
TAP_TAPCELL_ROW_22_508,VGND,li1,18.6300,71.0110,0.000050
TAP_TAPCELL_ROW_21_507,VGND,li1,314.8700,70.4280,0.001265
TAP_TAPCELL_ROW_21_506,VGND,li1,289.1100,70.4280,0.001175
TAP_TAPCELL_ROW_21_505,VGND,li1,263.3500,70.4280,0.000987
TAP_TAPCELL_ROW_21_504,VGND,li1,237.5900,70.4280,0.000765
TAP_TAPCELL_ROW_21_503,VGND,li1,211.8300,70.4280,0.000522
TAP_TAPCELL_ROW_21_502,VGND,li1,186.0700,70.4280,0.000230
TAP_TAPCELL_ROW_21_501,VGND,li1,160.3100,70.4280,0.000179
TAP_TAPCELL_ROW_21_500,VGND,li1,134.5500,70.4280,0.000193
TAP_TAPCELL_ROW_21_499,VGND,li1,108.7900,70.4280,0.000183
TAP_TAPCELL_ROW_21_498,VGND,li1,83.0300,70.4280,0.000152
TAP_TAPCELL_ROW_21_497,VGND,li1,57.2700,70.4280,0.000122
TAP_TAPCELL_ROW_21_496,VGND,li1,31.5100,70.4280,0.000068
TAP_TAPCELL_ROW_20_495,VGND,li1,301.9900,65.5710,0.000926
TAP_TAPCELL_ROW_20_494,VGND,li1,276.2300,65.5710,0.000885
TAP_TAPCELL_ROW_20_493,VGND,li1,250.4700,65.5710,0.000788
TAP_TAPCELL_ROW_20_492,VGND,li1,224.7100,65.5710,0.000613
TAP_TAPCELL_ROW_20_491,VGND,li1,198.9500,65.5710,0.000378
TAP_TAPCELL_ROW_20_490,VGND,li1,173.1900,65.5710,0.000186
TAP_TAPCELL_ROW_20_489,VGND,li1,147.4300,65.5710,0.000308
TAP_TAPCELL_ROW_20_488,VGND,li1,121.6700,65.5710,0.000405
TAP_TAPCELL_ROW_20_487,VGND,li1,95.9100,65.5710,0.000449
TAP_TAPCELL_ROW_20_486,VGND,li1,70.1500,65.5710,0.000383
TAP_TAPCELL_ROW_20_485,VGND,li1,44.3900,65.5710,0.000220
TAP_TAPCELL_ROW_20_484,VGND,li1,18.6300,65.5710,0.000088
TAP_TAPCELL_ROW_19_483,VGND,li1,314.8700,64.9880,0.000934
TAP_TAPCELL_ROW_19_482,VGND,li1,289.1100,64.9880,0.000911
TAP_TAPCELL_ROW_19_481,VGND,li1,263.3500,64.9880,0.000852
TAP_TAPCELL_ROW_19_480,VGND,li1,237.5900,64.9880,0.000701
TAP_TAPCELL_ROW_19_479,VGND,li1,211.8300,64.9880,0.000498
TAP_TAPCELL_ROW_19_478,VGND,li1,186.0700,64.9880,0.000241
TAP_TAPCELL_ROW_19_477,VGND,li1,160.3100,64.9880,0.000247
TAP_TAPCELL_ROW_19_476,VGND,li1,134.5500,64.9880,0.000357
TAP_TAPCELL_ROW_19_475,VGND,li1,108.7900,64.9880,0.000445
TAP_TAPCELL_ROW_19_474,VGND,li1,83.0300,64.9880,0.000437
TAP_TAPCELL_ROW_19_473,VGND,li1,57.2700,64.9880,0.000310
TAP_TAPCELL_ROW_19_472,VGND,li1,31.5100,64.9880,0.000128
TAP_TAPCELL_ROW_18_471,VGND,li1,301.9900,60.1310,0.001530
TAP_TAPCELL_ROW_18_470,VGND,li1,276.2300,60.1310,0.001491
TAP_TAPCELL_ROW_18_469,VGND,li1,250.4700,60.1310,0.001339
TAP_TAPCELL_ROW_18_468,VGND,li1,224.7100,60.1310,0.001044
TAP_TAPCELL_ROW_18_467,VGND,li1,198.9500,60.1310,0.000634
TAP_TAPCELL_ROW_18_466,VGND,li1,173.1900,60.1310,0.000306
TAP_TAPCELL_ROW_18_465,VGND,li1,147.4300,60.1310,0.000466
TAP_TAPCELL_ROW_18_464,VGND,li1,121.6700,60.1310,0.000581
TAP_TAPCELL_ROW_18_463,VGND,li1,95.9100,60.1310,0.000621
TAP_TAPCELL_ROW_18_462,VGND,li1,70.1500,60.1310,0.000535
TAP_TAPCELL_ROW_18_461,VGND,li1,44.3900,60.1310,0.000307
TAP_TAPCELL_ROW_18_460,VGND,li1,18.6300,60.1310,0.000114
TAP_TAPCELL_ROW_17_459,VGND,li1,314.8700,59.5480,0.001541
TAP_TAPCELL_ROW_17_458,VGND,li1,289.1100,59.5480,0.001512
TAP_TAPCELL_ROW_17_457,VGND,li1,263.3500,59.5480,0.001453
TAP_TAPCELL_ROW_17_456,VGND,li1,237.5900,59.5480,0.001200
TAP_TAPCELL_ROW_17_455,VGND,li1,211.8300,59.5480,0.000867
TAP_TAPCELL_ROW_17_454,VGND,li1,186.0700,59.5480,0.000434
TAP_TAPCELL_ROW_17_453,VGND,li1,160.3100,59.5480,0.000389
TAP_TAPCELL_ROW_17_452,VGND,li1,134.5500,59.5480,0.000529
TAP_TAPCELL_ROW_17_451,VGND,li1,108.7900,59.5480,0.000617
TAP_TAPCELL_ROW_17_450,VGND,li1,83.0300,59.5480,0.000584
TAP_TAPCELL_ROW_17_449,VGND,li1,57.2700,59.5480,0.000436
TAP_TAPCELL_ROW_17_448,VGND,li1,31.5100,59.5480,0.000176
TAP_TAPCELL_ROW_16_447,VGND,li1,301.9900,54.6910,0.000551
TAP_TAPCELL_ROW_16_446,VGND,li1,276.2300,54.6910,0.000526
TAP_TAPCELL_ROW_16_445,VGND,li1,250.4700,54.6910,0.000492
TAP_TAPCELL_ROW_16_444,VGND,li1,224.7100,54.6910,0.000407
TAP_TAPCELL_ROW_16_443,VGND,li1,198.9500,54.6910,0.000241
TAP_TAPCELL_ROW_16_442,VGND,li1,173.1900,54.6910,0.000122
TAP_TAPCELL_ROW_16_441,VGND,li1,147.4300,54.6910,0.000180
TAP_TAPCELL_ROW_16_440,VGND,li1,121.6700,54.6910,0.000213
TAP_TAPCELL_ROW_16_439,VGND,li1,95.9100,54.6910,0.000227
TAP_TAPCELL_ROW_16_438,VGND,li1,70.1500,54.6910,0.000189
TAP_TAPCELL_ROW_16_437,VGND,li1,44.3900,54.6910,0.000126
TAP_TAPCELL_ROW_16_436,VGND,li1,18.6300,54.6910,0.000078
TAP_TAPCELL_ROW_15_435,VGND,li1,314.8700,54.1080,0.000556
TAP_TAPCELL_ROW_15_434,VGND,li1,289.1100,54.1080,0.000543
TAP_TAPCELL_ROW_15_433,VGND,li1,263.3500,54.1080,0.000509
TAP_TAPCELL_ROW_15_432,VGND,li1,237.5900,54.1080,0.000468
TAP_TAPCELL_ROW_15_431,VGND,li1,211.8300,54.1080,0.000328
TAP_TAPCELL_ROW_15_430,VGND,li1,186.0700,54.1080,0.000148
TAP_TAPCELL_ROW_15_429,VGND,li1,160.3100,54.1080,0.000155
TAP_TAPCELL_ROW_15_428,VGND,li1,134.5500,54.1080,0.000200
TAP_TAPCELL_ROW_15_427,VGND,li1,108.7900,54.1080,0.000226
TAP_TAPCELL_ROW_15_426,VGND,li1,83.0300,54.1080,0.000213
TAP_TAPCELL_ROW_15_425,VGND,li1,57.2700,54.1080,0.000162
TAP_TAPCELL_ROW_15_424,VGND,li1,31.5100,54.1080,0.000086
TAP_TAPCELL_ROW_14_423,VGND,li1,301.9900,49.2510,0.000416
TAP_TAPCELL_ROW_14_422,VGND,li1,276.2300,49.2510,0.000405
TAP_TAPCELL_ROW_14_421,VGND,li1,250.4700,49.2510,0.000364
TAP_TAPCELL_ROW_14_420,VGND,li1,224.7100,49.2510,0.000295
TAP_TAPCELL_ROW_14_419,VGND,li1,198.9500,49.2510,0.000201
TAP_TAPCELL_ROW_14_418,VGND,li1,173.1900,49.2510,0.000121
TAP_TAPCELL_ROW_14_417,VGND,li1,147.4300,49.2510,0.000216
TAP_TAPCELL_ROW_14_416,VGND,li1,121.6700,49.2510,0.000240
TAP_TAPCELL_ROW_14_415,VGND,li1,95.9100,49.2510,0.000238
TAP_TAPCELL_ROW_14_414,VGND,li1,70.1500,49.2510,0.000177
TAP_TAPCELL_ROW_14_413,VGND,li1,44.3900,49.2510,0.000102
TAP_TAPCELL_ROW_14_412,VGND,li1,18.6300,49.2510,0.000045
TAP_TAPCELL_ROW_13_411,VGND,li1,314.8700,48.6680,0.000418
TAP_TAPCELL_ROW_13_410,VGND,li1,289.1100,48.6680,0.000413
TAP_TAPCELL_ROW_13_409,VGND,li1,263.3500,48.6680,0.000389
TAP_TAPCELL_ROW_13_408,VGND,li1,237.5900,48.6680,0.000334
TAP_TAPCELL_ROW_13_407,VGND,li1,211.8300,48.6680,0.000247
TAP_TAPCELL_ROW_13_406,VGND,li1,186.0700,48.6680,0.000144
TAP_TAPCELL_ROW_13_405,VGND,li1,160.3100,48.6680,0.000180
TAP_TAPCELL_ROW_13_404,VGND,li1,134.5500,48.6680,0.000229
TAP_TAPCELL_ROW_13_403,VGND,li1,108.7900,48.6680,0.000248
TAP_TAPCELL_ROW_13_402,VGND,li1,83.0300,48.6680,0.000216
TAP_TAPCELL_ROW_13_401,VGND,li1,57.2700,48.6680,0.000140
TAP_TAPCELL_ROW_13_400,VGND,li1,31.5100,48.6680,0.000061
TAP_TAPCELL_ROW_12_399,VGND,li1,301.9900,43.8110,0.000667
TAP_TAPCELL_ROW_12_398,VGND,li1,276.2300,43.8110,0.000627
TAP_TAPCELL_ROW_12_397,VGND,li1,250.4700,43.8110,0.000543
TAP_TAPCELL_ROW_12_396,VGND,li1,224.7100,43.8110,0.000432
TAP_TAPCELL_ROW_12_395,VGND,li1,198.9500,43.8110,0.000268
TAP_TAPCELL_ROW_12_394,VGND,li1,173.1900,43.8110,0.000119
TAP_TAPCELL_ROW_12_393,VGND,li1,147.4300,43.8110,0.000171
TAP_TAPCELL_ROW_12_392,VGND,li1,121.6700,43.8110,0.000198
TAP_TAPCELL_ROW_12_391,VGND,li1,95.9100,43.8110,0.000187
TAP_TAPCELL_ROW_12_390,VGND,li1,70.1500,43.8110,0.000162
TAP_TAPCELL_ROW_12_389,VGND,li1,44.3900,43.8110,0.000117
TAP_TAPCELL_ROW_12_388,VGND,li1,18.6300,43.8110,0.000048
TAP_TAPCELL_ROW_11_387,VGND,li1,314.8700,43.2280,0.000671
TAP_TAPCELL_ROW_11_386,VGND,li1,289.1100,43.2280,0.000657
TAP_TAPCELL_ROW_11_385,VGND,li1,263.3500,43.2280,0.000594
TAP_TAPCELL_ROW_11_384,VGND,li1,237.5900,43.2280,0.000487
TAP_TAPCELL_ROW_11_383,VGND,li1,211.8300,43.2280,0.000357
TAP_TAPCELL_ROW_11_382,VGND,li1,186.0700,43.2280,0.000177
TAP_TAPCELL_ROW_11_381,VGND,li1,160.3100,43.2280,0.000148
TAP_TAPCELL_ROW_11_380,VGND,li1,134.5500,43.2280,0.000189
TAP_TAPCELL_ROW_11_379,VGND,li1,108.7900,43.2280,0.000197
TAP_TAPCELL_ROW_11_378,VGND,li1,83.0300,43.2280,0.000177
TAP_TAPCELL_ROW_11_377,VGND,li1,57.2700,43.2280,0.000143
TAP_TAPCELL_ROW_11_376,VGND,li1,31.5100,43.2280,0.000072
TAP_TAPCELL_ROW_10_375,VGND,li1,301.9900,38.3710,0.000746
TAP_TAPCELL_ROW_10_374,VGND,li1,276.2300,38.3710,0.000647
TAP_TAPCELL_ROW_10_373,VGND,li1,250.4700,38.3710,0.000514
TAP_TAPCELL_ROW_10_372,VGND,li1,224.7100,38.3710,0.000383
TAP_TAPCELL_ROW_10_371,VGND,li1,198.9500,38.3710,0.000236
TAP_TAPCELL_ROW_10_370,VGND,li1,173.1900,38.3710,0.000114
TAP_TAPCELL_ROW_10_369,VGND,li1,147.4300,38.3710,0.000173
TAP_TAPCELL_ROW_10_368,VGND,li1,121.6700,38.3710,0.000192
TAP_TAPCELL_ROW_10_367,VGND,li1,95.9100,38.3710,0.000179
TAP_TAPCELL_ROW_10_366,VGND,li1,70.1500,38.3710,0.000155
TAP_TAPCELL_ROW_10_365,VGND,li1,44.3900,38.3710,0.000101
TAP_TAPCELL_ROW_10_364,VGND,li1,18.6300,38.3710,0.000038
TAP_TAPCELL_ROW_9_363,VGND,li1,314.8700,37.7880,0.000753
TAP_TAPCELL_ROW_9_362,VGND,li1,289.1100,37.7880,0.000708
TAP_TAPCELL_ROW_9_361,VGND,li1,263.3500,37.7880,0.000585
TAP_TAPCELL_ROW_9_360,VGND,li1,237.5900,37.7880,0.000453
TAP_TAPCELL_ROW_9_359,VGND,li1,211.8300,37.7880,0.000309
TAP_TAPCELL_ROW_9_358,VGND,li1,186.0700,37.7880,0.000161
TAP_TAPCELL_ROW_9_357,VGND,li1,160.3100,37.7880,0.000148
TAP_TAPCELL_ROW_9_356,VGND,li1,134.5500,37.7880,0.000186
TAP_TAPCELL_ROW_9_355,VGND,li1,108.7900,37.7880,0.000187
TAP_TAPCELL_ROW_9_354,VGND,li1,83.0300,37.7880,0.000169
TAP_TAPCELL_ROW_9_353,VGND,li1,57.2700,37.7880,0.000135
TAP_TAPCELL_ROW_9_352,VGND,li1,31.5100,37.7880,0.000062
TAP_TAPCELL_ROW_8_351,VGND,li1,301.9900,32.9310,0.000503
TAP_TAPCELL_ROW_8_350,VGND,li1,276.2300,32.9310,0.000483
TAP_TAPCELL_ROW_8_349,VGND,li1,250.4700,32.9310,0.000443
TAP_TAPCELL_ROW_8_348,VGND,li1,224.7100,32.9310,0.000374
TAP_TAPCELL_ROW_8_347,VGND,li1,198.9500,32.9310,0.000273
TAP_TAPCELL_ROW_8_346,VGND,li1,173.1900,32.9310,0.000162
TAP_TAPCELL_ROW_8_345,VGND,li1,147.4300,32.9310,0.000237
TAP_TAPCELL_ROW_8_344,VGND,li1,121.6700,32.9310,0.000283
TAP_TAPCELL_ROW_8_343,VGND,li1,95.9100,32.9310,0.000301
TAP_TAPCELL_ROW_8_342,VGND,li1,70.1500,32.9310,0.000253
TAP_TAPCELL_ROW_8_341,VGND,li1,44.3900,32.9310,0.000173
TAP_TAPCELL_ROW_8_340,VGND,li1,18.6300,32.9310,0.000058
TAP_TAPCELL_ROW_7_339,VGND,li1,314.8700,32.3480,0.000506
TAP_TAPCELL_ROW_7_338,VGND,li1,289.1100,32.3480,0.000493
TAP_TAPCELL_ROW_7_337,VGND,li1,263.3500,32.3480,0.000462
TAP_TAPCELL_ROW_7_336,VGND,li1,237.5900,32.3480,0.000414
TAP_TAPCELL_ROW_7_335,VGND,li1,211.8300,32.3480,0.000332
TAP_TAPCELL_ROW_7_334,VGND,li1,186.0700,32.3480,0.000182
TAP_TAPCELL_ROW_7_333,VGND,li1,160.3100,32.3480,0.000201
TAP_TAPCELL_ROW_7_332,VGND,li1,134.5500,32.3480,0.000265
TAP_TAPCELL_ROW_7_331,VGND,li1,108.7900,32.3480,0.000298
TAP_TAPCELL_ROW_7_330,VGND,li1,83.0300,32.3480,0.000278
TAP_TAPCELL_ROW_7_329,VGND,li1,57.2700,32.3480,0.000220
TAP_TAPCELL_ROW_7_328,VGND,li1,31.5100,32.3480,0.000104
TAP_TAPCELL_ROW_6_327,VGND,li1,301.9900,27.4910,0.000583
TAP_TAPCELL_ROW_6_326,VGND,li1,276.2300,27.4910,0.000583
TAP_TAPCELL_ROW_6_325,VGND,li1,250.4700,27.4910,0.000542
TAP_TAPCELL_ROW_6_324,VGND,li1,224.7100,27.4910,0.000416
TAP_TAPCELL_ROW_6_323,VGND,li1,198.9500,27.4910,0.000266
TAP_TAPCELL_ROW_6_322,VGND,li1,173.1900,27.4910,0.000156
TAP_TAPCELL_ROW_6_321,VGND,li1,147.4300,27.4910,0.000293
TAP_TAPCELL_ROW_6_320,VGND,li1,121.6700,27.4910,0.000392
TAP_TAPCELL_ROW_6_319,VGND,li1,95.9100,27.4910,0.000388
TAP_TAPCELL_ROW_6_318,VGND,li1,70.1500,27.4910,0.000335
TAP_TAPCELL_ROW_6_317,VGND,li1,44.3900,27.4910,0.000188
TAP_TAPCELL_ROW_6_316,VGND,li1,18.6300,27.4910,0.000061
TAP_TAPCELL_ROW_5_315,VGND,li1,314.8700,26.9080,0.000583
TAP_TAPCELL_ROW_5_314,VGND,li1,289.1100,26.9080,0.000583
TAP_TAPCELL_ROW_5_313,VGND,li1,263.3500,26.9080,0.000575
TAP_TAPCELL_ROW_5_312,VGND,li1,237.5900,26.9080,0.000485
TAP_TAPCELL_ROW_5_311,VGND,li1,211.8300,26.9080,0.000353
TAP_TAPCELL_ROW_5_310,VGND,li1,186.0700,26.9080,0.000179
TAP_TAPCELL_ROW_5_309,VGND,li1,160.3100,26.9080,0.000224
TAP_TAPCELL_ROW_5_308,VGND,li1,134.5500,26.9080,0.000345
TAP_TAPCELL_ROW_5_307,VGND,li1,108.7900,26.9080,0.000401
TAP_TAPCELL_ROW_5_306,VGND,li1,83.0300,26.9080,0.000363
TAP_TAPCELL_ROW_5_305,VGND,li1,57.2700,26.9080,0.000266
TAP_TAPCELL_ROW_5_304,VGND,li1,31.5100,26.9080,0.000110
TAP_TAPCELL_ROW_4_303,VGND,li1,301.9900,22.0510,0.000570
TAP_TAPCELL_ROW_4_302,VGND,li1,276.2300,22.0510,0.000558
TAP_TAPCELL_ROW_4_301,VGND,li1,250.4700,22.0510,0.000516
TAP_TAPCELL_ROW_4_300,VGND,li1,224.7100,22.0510,0.000427
TAP_TAPCELL_ROW_4_299,VGND,li1,198.9500,22.0510,0.000279
TAP_TAPCELL_ROW_4_298,VGND,li1,173.1900,22.0510,0.000151
TAP_TAPCELL_ROW_4_297,VGND,li1,147.4300,22.0510,0.000255
TAP_TAPCELL_ROW_4_296,VGND,li1,121.6700,22.0510,0.000258
TAP_TAPCELL_ROW_4_295,VGND,li1,95.9100,22.0510,0.000241
TAP_TAPCELL_ROW_4_294,VGND,li1,70.1500,22.0510,0.000198
TAP_TAPCELL_ROW_4_293,VGND,li1,44.3900,22.0510,0.000130
TAP_TAPCELL_ROW_4_292,VGND,li1,18.6300,22.0510,0.000044
TAP_TAPCELL_ROW_3_291,VGND,li1,314.8700,21.4680,0.000576
TAP_TAPCELL_ROW_3_290,VGND,li1,289.1100,21.4680,0.000564
TAP_TAPCELL_ROW_3_289,VGND,li1,263.3500,21.4680,0.000541
TAP_TAPCELL_ROW_3_288,VGND,li1,237.5900,21.4680,0.000486
TAP_TAPCELL_ROW_3_287,VGND,li1,211.8300,21.4680,0.000360
TAP_TAPCELL_ROW_3_286,VGND,li1,186.0700,21.4680,0.000172
TAP_TAPCELL_ROW_3_285,VGND,li1,160.3100,21.4680,0.000205
TAP_TAPCELL_ROW_3_284,VGND,li1,134.5500,21.4680,0.000257
TAP_TAPCELL_ROW_3_283,VGND,li1,108.7900,21.4680,0.000252
TAP_TAPCELL_ROW_3_282,VGND,li1,83.0300,21.4680,0.000222
TAP_TAPCELL_ROW_3_281,VGND,li1,57.2700,21.4680,0.000163
TAP_TAPCELL_ROW_3_280,VGND,li1,31.5100,21.4680,0.000078
TAP_TAPCELL_ROW_2_279,VGND,li1,301.9900,16.6110,0.000507
TAP_TAPCELL_ROW_2_278,VGND,li1,276.2300,16.6110,0.000507
TAP_TAPCELL_ROW_2_277,VGND,li1,250.4700,16.6110,0.000492
TAP_TAPCELL_ROW_2_276,VGND,li1,224.7100,16.6110,0.000418
TAP_TAPCELL_ROW_2_275,VGND,li1,198.9500,16.6110,0.000274
TAP_TAPCELL_ROW_2_274,VGND,li1,173.1900,16.6110,0.000171
TAP_TAPCELL_ROW_2_273,VGND,li1,147.4300,16.6110,0.000315
TAP_TAPCELL_ROW_2_272,VGND,li1,121.6700,16.6110,0.000380
TAP_TAPCELL_ROW_2_271,VGND,li1,95.9100,16.6110,0.000379
TAP_TAPCELL_ROW_2_270,VGND,li1,70.1500,16.6110,0.000313
TAP_TAPCELL_ROW_2_269,VGND,li1,44.3900,16.6110,0.000193
TAP_TAPCELL_ROW_2_268,VGND,li1,18.6300,16.6110,0.000063
TAP_TAPCELL_ROW_1_267,VGND,li1,314.8700,16.0280,0.000507
TAP_TAPCELL_ROW_1_266,VGND,li1,289.1100,16.0280,0.000507
TAP_TAPCELL_ROW_1_265,VGND,li1,263.3500,16.0280,0.000507
TAP_TAPCELL_ROW_1_264,VGND,li1,237.5900,16.0280,0.000464
TAP_TAPCELL_ROW_1_263,VGND,li1,211.8300,16.0280,0.000350
TAP_TAPCELL_ROW_1_262,VGND,li1,186.0700,16.0280,0.000203
TAP_TAPCELL_ROW_1_261,VGND,li1,160.3100,16.0280,0.000249
TAP_TAPCELL_ROW_1_260,VGND,li1,134.5500,16.0280,0.000358
TAP_TAPCELL_ROW_1_259,VGND,li1,108.7900,16.0280,0.000388
TAP_TAPCELL_ROW_1_258,VGND,li1,83.0300,16.0280,0.000355
TAP_TAPCELL_ROW_1_257,VGND,li1,57.2700,16.0280,0.000264
TAP_TAPCELL_ROW_1_256,VGND,li1,31.5100,16.0280,0.000112
TAP_TAPCELL_ROW_0_255,VGND,li1,314.8700,11.1710,0.000181
TAP_TAPCELL_ROW_0_254,VGND,li1,301.9900,11.1710,0.000181
TAP_TAPCELL_ROW_0_253,VGND,li1,289.1100,11.1710,0.000180
TAP_TAPCELL_ROW_0_252,VGND,li1,276.2300,11.1710,0.000175
TAP_TAPCELL_ROW_0_251,VGND,li1,263.3500,11.1710,0.000168
TAP_TAPCELL_ROW_0_250,VGND,li1,250.4700,11.1710,0.000156
TAP_TAPCELL_ROW_0_249,VGND,li1,237.5900,11.1710,0.000140
TAP_TAPCELL_ROW_0_248,VGND,li1,224.7100,11.1710,0.000124
TAP_TAPCELL_ROW_0_247,VGND,li1,211.8300,11.1710,0.000101
TAP_TAPCELL_ROW_0_246,VGND,li1,198.9500,11.1710,0.000080
TAP_TAPCELL_ROW_0_245,VGND,li1,186.0700,11.1710,0.000054
TAP_TAPCELL_ROW_0_244,VGND,li1,173.1900,11.1710,0.000046
TAP_TAPCELL_ROW_0_243,VGND,li1,160.3100,11.1710,0.000065
TAP_TAPCELL_ROW_0_242,VGND,li1,147.4300,11.1710,0.000076
TAP_TAPCELL_ROW_0_241,VGND,li1,134.5500,11.1710,0.000083
TAP_TAPCELL_ROW_0_240,VGND,li1,121.6700,11.1710,0.000087
TAP_TAPCELL_ROW_0_239,VGND,li1,108.7900,11.1710,0.000087
TAP_TAPCELL_ROW_0_238,VGND,li1,95.9100,11.1710,0.000085
TAP_TAPCELL_ROW_0_237,VGND,li1,83.0300,11.1710,0.000080
TAP_TAPCELL_ROW_0_236,VGND,li1,70.1500,11.1710,0.000072
TAP_TAPCELL_ROW_0_235,VGND,li1,57.2700,11.1710,0.000058
TAP_TAPCELL_ROW_0_234,VGND,li1,44.3900,11.1710,0.000043
TAP_TAPCELL_ROW_0_233,VGND,li1,31.5100,11.1710,0.000025
TAP_TAPCELL_ROW_0_232,VGND,li1,18.6300,11.1710,0.000016
PHY_EDGE_ROW_115_Left_231,VGND,li1,6.2100,326.4000,0.000012
PHY_EDGE_ROW_114_Left_230,VGND,li1,6.2100,320.9600,0.000050
PHY_EDGE_ROW_113_Left_229,VGND,li1,6.2100,320.9600,0.000050
PHY_EDGE_ROW_112_Left_228,VGND,li1,6.2100,315.5200,0.000052
PHY_EDGE_ROW_111_Left_227,VGND,li1,6.2100,315.5200,0.000052
PHY_EDGE_ROW_110_Left_226,VGND,li1,6.2100,310.0800,0.000042
PHY_EDGE_ROW_109_Left_225,VGND,li1,6.2100,310.0800,0.000042
PHY_EDGE_ROW_108_Left_224,VGND,li1,6.2100,304.6400,0.000034
PHY_EDGE_ROW_107_Left_223,VGND,li1,6.2100,304.6400,0.000034
PHY_EDGE_ROW_106_Left_222,VGND,li1,6.2100,299.2000,0.000036
PHY_EDGE_ROW_105_Left_221,VGND,li1,6.2100,299.2000,0.000036
PHY_EDGE_ROW_104_Left_220,VGND,li1,6.2100,293.7600,0.000072
PHY_EDGE_ROW_103_Left_219,VGND,li1,6.2100,293.7600,0.000072
PHY_EDGE_ROW_102_Left_218,VGND,li1,6.2100,288.3200,0.000071
PHY_EDGE_ROW_101_Left_217,VGND,li1,6.2100,288.3200,0.000071
PHY_EDGE_ROW_100_Left_216,VGND,li1,6.2100,282.8800,0.000082
PHY_EDGE_ROW_99_Left_215,VGND,li1,6.2100,282.8800,0.000082
PHY_EDGE_ROW_98_Left_214,VGND,li1,6.2100,277.4400,0.000060
PHY_EDGE_ROW_97_Left_213,VGND,li1,6.2100,277.4400,0.000060
PHY_EDGE_ROW_96_Left_212,VGND,li1,6.2100,272.0000,0.000072
PHY_EDGE_ROW_95_Left_211,VGND,li1,6.2100,272.0000,0.000072
PHY_EDGE_ROW_94_Left_210,VGND,li1,6.2100,266.5600,0.000068
PHY_EDGE_ROW_93_Left_209,VGND,li1,6.2100,266.5600,0.000068
PHY_EDGE_ROW_92_Left_208,VGND,li1,6.2100,261.1200,0.000060
PHY_EDGE_ROW_91_Left_207,VGND,li1,6.2100,261.1200,0.000060
PHY_EDGE_ROW_90_Left_206,VGND,li1,6.2100,255.6800,0.000061
PHY_EDGE_ROW_89_Left_205,VGND,li1,6.2100,255.6800,0.000061
PHY_EDGE_ROW_88_Left_204,VGND,li1,6.2100,250.2400,0.000077
PHY_EDGE_ROW_87_Left_203,VGND,li1,6.2100,250.2400,0.000077
PHY_EDGE_ROW_86_Left_202,VGND,li1,6.2100,244.8000,0.000064
PHY_EDGE_ROW_85_Left_201,VGND,li1,6.2100,244.8000,0.000064
PHY_EDGE_ROW_84_Left_200,VGND,li1,6.2100,239.3600,0.000082
PHY_EDGE_ROW_83_Left_199,VGND,li1,6.2100,239.3600,0.000082
PHY_EDGE_ROW_82_Left_198,VGND,li1,6.2100,233.9200,0.000090
PHY_EDGE_ROW_81_Left_197,VGND,li1,6.2100,233.9200,0.000090
PHY_EDGE_ROW_80_Left_196,VGND,li1,6.2100,228.4800,0.000076
PHY_EDGE_ROW_79_Left_195,VGND,li1,6.2100,228.4800,0.000076
PHY_EDGE_ROW_78_Left_194,VGND,li1,6.2100,223.0400,0.000054
PHY_EDGE_ROW_77_Left_193,VGND,li1,6.2100,223.0400,0.000054
PHY_EDGE_ROW_76_Left_192,VGND,li1,6.2100,217.6000,0.000082
PHY_EDGE_ROW_75_Left_191,VGND,li1,6.2100,217.6000,0.000082
PHY_EDGE_ROW_74_Left_190,VGND,li1,6.2100,212.1600,0.000088
PHY_EDGE_ROW_73_Left_189,VGND,li1,6.2100,212.1600,0.000088
PHY_EDGE_ROW_72_Left_188,VGND,li1,6.2100,206.7200,0.000057
PHY_EDGE_ROW_71_Left_187,VGND,li1,6.2100,206.7200,0.000057
PHY_EDGE_ROW_70_Left_186,VGND,li1,6.2100,201.2800,0.000069
PHY_EDGE_ROW_69_Left_185,VGND,li1,6.2100,201.2800,0.000069
PHY_EDGE_ROW_68_Left_184,VGND,li1,6.2100,195.8400,0.000123
PHY_EDGE_ROW_67_Left_183,VGND,li1,6.2100,195.8400,0.000123
PHY_EDGE_ROW_66_Left_182,VGND,li1,6.2100,190.4000,0.000093
PHY_EDGE_ROW_65_Left_181,VGND,li1,6.2100,190.4000,0.000093
PHY_EDGE_ROW_64_Left_180,VGND,li1,6.2100,184.9600,0.000114
PHY_EDGE_ROW_63_Left_179,VGND,li1,6.2100,184.9600,0.000114
PHY_EDGE_ROW_62_Left_178,VGND,li1,6.2100,179.5200,0.000079
PHY_EDGE_ROW_61_Left_177,VGND,li1,6.2100,179.5200,0.000079
PHY_EDGE_ROW_60_Left_176,VGND,li1,6.2100,174.0800,0.000063
PHY_EDGE_ROW_59_Left_175,VGND,li1,6.2100,174.0800,0.000063
PHY_EDGE_ROW_58_Left_174,VGND,li1,6.2100,168.6400,0.000079
PHY_EDGE_ROW_57_Left_173,VGND,li1,6.2100,168.6400,0.000079
PHY_EDGE_ROW_56_Left_172,VGND,li1,6.2100,163.2000,0.000065
PHY_EDGE_ROW_55_Left_171,VGND,li1,6.2100,163.2000,0.000065
PHY_EDGE_ROW_54_Left_170,VGND,li1,6.2100,157.7600,0.000091
PHY_EDGE_ROW_53_Left_169,VGND,li1,6.2100,157.7600,0.000091
PHY_EDGE_ROW_52_Left_168,VGND,li1,6.2100,152.3200,0.000150
PHY_EDGE_ROW_51_Left_167,VGND,li1,6.2100,152.3200,0.000150
PHY_EDGE_ROW_50_Left_166,VGND,li1,6.2100,146.8800,0.000065
PHY_EDGE_ROW_49_Left_165,VGND,li1,6.2100,146.8800,0.000065
PHY_EDGE_ROW_48_Left_164,VGND,li1,6.2100,141.4400,0.000057
PHY_EDGE_ROW_47_Left_163,VGND,li1,6.2100,141.4400,0.000057
PHY_EDGE_ROW_46_Left_162,VGND,li1,6.2100,136.0000,0.000078
PHY_EDGE_ROW_45_Left_161,VGND,li1,6.2100,136.0000,0.000078
PHY_EDGE_ROW_44_Left_160,VGND,li1,6.2100,130.5600,0.000077
PHY_EDGE_ROW_43_Left_159,VGND,li1,6.2100,130.5600,0.000077
PHY_EDGE_ROW_42_Left_158,VGND,li1,6.2100,125.1200,0.000127
PHY_EDGE_ROW_41_Left_157,VGND,li1,6.2100,125.1200,0.000127
PHY_EDGE_ROW_40_Left_156,VGND,li1,6.2100,119.6800,0.000094
PHY_EDGE_ROW_39_Left_155,VGND,li1,6.2100,119.6800,0.000094
PHY_EDGE_ROW_38_Left_154,VGND,li1,6.2100,114.2400,0.000082
PHY_EDGE_ROW_37_Left_153,VGND,li1,6.2100,114.2400,0.000082
PHY_EDGE_ROW_36_Left_152,VGND,li1,6.2100,108.8000,0.000110
PHY_EDGE_ROW_35_Left_151,VGND,li1,6.2100,108.8000,0.000110
PHY_EDGE_ROW_34_Left_150,VGND,li1,6.2100,103.3600,0.000045
PHY_EDGE_ROW_33_Left_149,VGND,li1,6.2100,103.3600,0.000045
PHY_EDGE_ROW_32_Left_148,VGND,li1,6.2100,97.9200,0.000078
PHY_EDGE_ROW_31_Left_147,VGND,li1,6.2100,97.9200,0.000078
PHY_EDGE_ROW_30_Left_146,VGND,li1,6.2100,92.4800,0.000061
PHY_EDGE_ROW_29_Left_145,VGND,li1,6.2100,92.4800,0.000061
PHY_EDGE_ROW_28_Left_144,VGND,li1,6.2100,87.0400,0.000034
PHY_EDGE_ROW_27_Left_143,VGND,li1,6.2100,87.0400,0.000034
PHY_EDGE_ROW_26_Left_142,VGND,li1,6.2100,81.6000,0.000106
PHY_EDGE_ROW_25_Left_141,VGND,li1,6.2100,81.6000,0.000106
PHY_EDGE_ROW_24_Left_140,VGND,li1,6.2100,76.1600,0.000081
PHY_EDGE_ROW_23_Left_139,VGND,li1,6.2100,76.1600,0.000081
PHY_EDGE_ROW_22_Left_138,VGND,li1,6.2100,70.7200,0.000055
PHY_EDGE_ROW_21_Left_137,VGND,li1,6.2100,70.7200,0.000055
PHY_EDGE_ROW_20_Left_136,VGND,li1,6.2100,65.2800,0.000093
PHY_EDGE_ROW_19_Left_135,VGND,li1,6.2100,65.2800,0.000093
PHY_EDGE_ROW_18_Left_134,VGND,li1,6.2100,59.8400,0.000117
PHY_EDGE_ROW_17_Left_133,VGND,li1,6.2100,59.8400,0.000117
PHY_EDGE_ROW_16_Left_132,VGND,li1,6.2100,54.4000,0.000078
PHY_EDGE_ROW_15_Left_131,VGND,li1,6.2100,54.4000,0.000078
PHY_EDGE_ROW_14_Left_130,VGND,li1,6.2100,48.9600,0.000047
PHY_EDGE_ROW_13_Left_129,VGND,li1,6.2100,48.9600,0.000047
PHY_EDGE_ROW_12_Left_128,VGND,li1,6.2100,43.5200,0.000048
PHY_EDGE_ROW_11_Left_127,VGND,li1,6.2100,43.5200,0.000048
PHY_EDGE_ROW_10_Left_126,VGND,li1,6.2100,38.0800,0.000038
PHY_EDGE_ROW_9_Left_125,VGND,li1,6.2100,38.0800,0.000038
PHY_EDGE_ROW_8_Left_124,VGND,li1,6.2100,32.6400,0.000058
PHY_EDGE_ROW_7_Left_123,VGND,li1,6.2100,32.6400,0.000058
PHY_EDGE_ROW_6_Left_122,VGND,li1,6.2100,27.2000,0.000061
PHY_EDGE_ROW_5_Left_121,VGND,li1,6.2100,27.2000,0.000061
PHY_EDGE_ROW_4_Left_120,VGND,li1,6.2100,21.7600,0.000044
PHY_EDGE_ROW_3_Left_119,VGND,li1,6.2100,21.7600,0.000044
PHY_EDGE_ROW_2_Left_118,VGND,li1,6.2100,16.3200,0.000063
PHY_EDGE_ROW_1_Left_117,VGND,li1,6.2100,16.3200,0.000063
PHY_EDGE_ROW_0_Left_116,VGND,li1,6.2100,10.8800,0.000016
PHY_EDGE_ROW_115_Right_115,VGND,li1,322.6900,326.4000,0.000105
PHY_EDGE_ROW_114_Right_114,VGND,li1,322.6900,320.9600,0.000671
PHY_EDGE_ROW_113_Right_113,VGND,li1,322.6900,320.9600,0.000671
PHY_EDGE_ROW_112_Right_112,VGND,li1,322.6900,315.5200,0.000366
PHY_EDGE_ROW_111_Right_111,VGND,li1,322.6900,315.5200,0.000366
PHY_EDGE_ROW_110_Right_110,VGND,li1,322.6900,310.0800,0.000294
PHY_EDGE_ROW_109_Right_109,VGND,li1,322.6900,310.0800,0.000294
PHY_EDGE_ROW_108_Right_108,VGND,li1,322.6900,304.6400,0.000763
PHY_EDGE_ROW_107_Right_107,VGND,li1,322.6900,304.6400,0.000763
PHY_EDGE_ROW_106_Right_106,VGND,li1,322.6900,299.2000,0.000674
PHY_EDGE_ROW_105_Right_105,VGND,li1,322.6900,299.2000,0.000674
PHY_EDGE_ROW_104_Right_104,VGND,li1,322.6900,293.7600,0.000448
PHY_EDGE_ROW_103_Right_103,VGND,li1,322.6900,293.7600,0.000448
PHY_EDGE_ROW_102_Right_102,VGND,li1,322.6900,288.3200,0.000587
PHY_EDGE_ROW_101_Right_101,VGND,li1,322.6900,288.3200,0.000587
PHY_EDGE_ROW_100_Right_100,VGND,li1,322.6900,282.8800,0.000460
PHY_EDGE_ROW_99_Right_99,VGND,li1,322.6900,282.8800,0.000460
PHY_EDGE_ROW_98_Right_98,VGND,li1,322.6900,277.4400,0.000968
PHY_EDGE_ROW_97_Right_97,VGND,li1,322.6900,277.4400,0.000968
PHY_EDGE_ROW_96_Right_96,VGND,li1,322.6900,272.0000,0.001596
PHY_EDGE_ROW_95_Right_95,VGND,li1,322.6900,272.0000,0.001596
PHY_EDGE_ROW_94_Right_94,VGND,li1,322.6900,266.5600,0.001056
PHY_EDGE_ROW_93_Right_93,VGND,li1,322.6900,266.5600,0.001056
PHY_EDGE_ROW_92_Right_92,VGND,li1,322.6900,261.1200,0.000612
PHY_EDGE_ROW_91_Right_91,VGND,li1,322.6900,261.1200,0.000612
PHY_EDGE_ROW_90_Right_90,VGND,li1,322.6900,255.6800,0.000635
PHY_EDGE_ROW_89_Right_89,VGND,li1,322.6900,255.6800,0.000635
PHY_EDGE_ROW_88_Right_88,VGND,li1,322.6900,250.2400,0.000720
PHY_EDGE_ROW_87_Right_87,VGND,li1,322.6900,250.2400,0.000720
PHY_EDGE_ROW_86_Right_86,VGND,li1,322.6900,244.8000,0.000787
PHY_EDGE_ROW_85_Right_85,VGND,li1,322.6900,244.8000,0.000787
PHY_EDGE_ROW_84_Right_84,VGND,li1,322.6900,239.3600,0.000352
PHY_EDGE_ROW_83_Right_83,VGND,li1,322.6900,239.3600,0.000352
PHY_EDGE_ROW_82_Right_82,VGND,li1,322.6900,233.9200,0.000932
PHY_EDGE_ROW_81_Right_81,VGND,li1,322.6900,233.9200,0.000932
PHY_EDGE_ROW_80_Right_80,VGND,li1,322.6900,228.4800,0.000967
PHY_EDGE_ROW_79_Right_79,VGND,li1,322.6900,228.4800,0.000967
PHY_EDGE_ROW_78_Right_78,VGND,li1,322.6900,223.0400,0.001404
PHY_EDGE_ROW_77_Right_77,VGND,li1,322.6900,223.0400,0.001404
PHY_EDGE_ROW_76_Right_76,VGND,li1,322.6900,217.6000,0.000971
PHY_EDGE_ROW_75_Right_75,VGND,li1,322.6900,217.6000,0.000971
PHY_EDGE_ROW_74_Right_74,VGND,li1,322.6900,212.1600,0.000806
PHY_EDGE_ROW_73_Right_73,VGND,li1,322.6900,212.1600,0.000806
PHY_EDGE_ROW_72_Right_72,VGND,li1,322.6900,206.7200,0.001105
PHY_EDGE_ROW_71_Right_71,VGND,li1,322.6900,206.7200,0.001105
PHY_EDGE_ROW_70_Right_70,VGND,li1,322.6900,201.2800,0.000688
PHY_EDGE_ROW_69_Right_69,VGND,li1,322.6900,201.2800,0.000688
PHY_EDGE_ROW_68_Right_68,VGND,li1,322.6900,195.8400,0.000908
PHY_EDGE_ROW_67_Right_67,VGND,li1,322.6900,195.8400,0.000908
PHY_EDGE_ROW_66_Right_66,VGND,li1,322.6900,190.4000,0.001173
PHY_EDGE_ROW_65_Right_65,VGND,li1,322.6900,190.4000,0.001173
PHY_EDGE_ROW_64_Right_64,VGND,li1,322.6900,184.9600,0.001031
PHY_EDGE_ROW_63_Right_63,VGND,li1,322.6900,184.9600,0.001031
PHY_EDGE_ROW_62_Right_62,VGND,li1,322.6900,179.5200,0.000963
PHY_EDGE_ROW_61_Right_61,VGND,li1,322.6900,179.5200,0.000963
PHY_EDGE_ROW_60_Right_60,VGND,li1,322.6900,174.0800,0.000721
PHY_EDGE_ROW_59_Right_59,VGND,li1,322.6900,174.0800,0.000721
PHY_EDGE_ROW_58_Right_58,VGND,li1,322.6900,168.6400,0.000680
PHY_EDGE_ROW_57_Right_57,VGND,li1,322.6900,168.6400,0.000680
PHY_EDGE_ROW_56_Right_56,VGND,li1,322.6900,163.2000,0.000452
PHY_EDGE_ROW_55_Right_55,VGND,li1,322.6900,163.2000,0.000452
PHY_EDGE_ROW_54_Right_54,VGND,li1,322.6900,157.7600,0.000619
PHY_EDGE_ROW_53_Right_53,VGND,li1,322.6900,157.7600,0.000619
PHY_EDGE_ROW_52_Right_52,VGND,li1,322.6900,152.3200,0.001214
PHY_EDGE_ROW_51_Right_51,VGND,li1,322.6900,152.3200,0.001214
PHY_EDGE_ROW_50_Right_50,VGND,li1,322.6900,146.8800,0.001230
PHY_EDGE_ROW_49_Right_49,VGND,li1,322.6900,146.8800,0.001230
PHY_EDGE_ROW_48_Right_48,VGND,li1,322.6900,141.4400,0.000703
PHY_EDGE_ROW_47_Right_47,VGND,li1,322.6900,141.4400,0.000703
PHY_EDGE_ROW_46_Right_46,VGND,li1,322.6900,136.0000,0.000613
PHY_EDGE_ROW_45_Right_45,VGND,li1,322.6900,136.0000,0.000613
PHY_EDGE_ROW_44_Right_44,VGND,li1,322.6900,130.5600,0.000553
PHY_EDGE_ROW_43_Right_43,VGND,li1,322.6900,130.5600,0.000553
PHY_EDGE_ROW_42_Right_42,VGND,li1,322.6900,125.1200,0.000515
PHY_EDGE_ROW_41_Right_41,VGND,li1,322.6900,125.1200,0.000515
PHY_EDGE_ROW_40_Right_40,VGND,li1,322.6900,119.6800,0.001601
PHY_EDGE_ROW_39_Right_39,VGND,li1,322.6900,119.6800,0.001601
PHY_EDGE_ROW_38_Right_38,VGND,li1,322.6900,114.2400,0.000792
PHY_EDGE_ROW_37_Right_37,VGND,li1,322.6900,114.2400,0.000792
PHY_EDGE_ROW_36_Right_36,VGND,li1,322.6900,108.8000,0.001368
PHY_EDGE_ROW_35_Right_35,VGND,li1,322.6900,108.8000,0.001368
PHY_EDGE_ROW_34_Right_34,VGND,li1,322.6900,103.3600,0.000580
PHY_EDGE_ROW_33_Right_33,VGND,li1,322.6900,103.3600,0.000580
PHY_EDGE_ROW_32_Right_32,VGND,li1,322.6900,97.9200,0.000648
PHY_EDGE_ROW_31_Right_31,VGND,li1,322.6900,97.9200,0.000648
PHY_EDGE_ROW_30_Right_30,VGND,li1,322.6900,92.4800,0.000784
PHY_EDGE_ROW_29_Right_29,VGND,li1,322.6900,92.4800,0.000784
PHY_EDGE_ROW_28_Right_28,VGND,li1,322.6900,87.0400,0.000555
PHY_EDGE_ROW_27_Right_27,VGND,li1,322.6900,87.0400,0.000555
PHY_EDGE_ROW_26_Right_26,VGND,li1,322.6900,81.6000,0.000768
PHY_EDGE_ROW_25_Right_25,VGND,li1,322.6900,81.6000,0.000768
PHY_EDGE_ROW_24_Right_24,VGND,li1,322.6900,76.1600,0.000432
PHY_EDGE_ROW_23_Right_23,VGND,li1,322.6900,76.1600,0.000432
PHY_EDGE_ROW_22_Right_22,VGND,li1,322.6900,70.7200,0.001265
PHY_EDGE_ROW_21_Right_21,VGND,li1,322.6900,70.7200,0.001265
PHY_EDGE_ROW_20_Right_20,VGND,li1,322.6900,65.2800,0.000934
PHY_EDGE_ROW_19_Right_19,VGND,li1,322.6900,65.2800,0.000934
PHY_EDGE_ROW_18_Right_18,VGND,li1,322.6900,59.8400,0.001541
PHY_EDGE_ROW_17_Right_17,VGND,li1,322.6900,59.8400,0.001541
PHY_EDGE_ROW_16_Right_16,VGND,li1,322.6900,54.4000,0.000556
PHY_EDGE_ROW_15_Right_15,VGND,li1,322.6900,54.4000,0.000556
PHY_EDGE_ROW_14_Right_14,VGND,li1,322.6900,48.9600,0.000418
PHY_EDGE_ROW_13_Right_13,VGND,li1,322.6900,48.9600,0.000418
PHY_EDGE_ROW_12_Right_12,VGND,li1,322.6900,43.5200,0.000671
PHY_EDGE_ROW_11_Right_11,VGND,li1,322.6900,43.5200,0.000671
PHY_EDGE_ROW_10_Right_10,VGND,li1,322.6900,38.0800,0.000753
PHY_EDGE_ROW_9_Right_9,VGND,li1,322.6900,38.0800,0.000753
PHY_EDGE_ROW_8_Right_8,VGND,li1,322.6900,32.6400,0.000506
PHY_EDGE_ROW_7_Right_7,VGND,li1,322.6900,32.6400,0.000506
PHY_EDGE_ROW_6_Right_6,VGND,li1,322.6900,27.2000,0.000583
PHY_EDGE_ROW_5_Right_5,VGND,li1,322.6900,27.2000,0.000583
PHY_EDGE_ROW_4_Right_4,VGND,li1,322.6900,21.7600,0.000579
PHY_EDGE_ROW_3_Right_3,VGND,li1,322.6900,21.7600,0.000579
PHY_EDGE_ROW_2_Right_2,VGND,li1,322.6900,16.3200,0.000507
PHY_EDGE_ROW_1_Right_1,VGND,li1,322.6900,16.3200,0.000507
PHY_EDGE_ROW_0_Right_0,VGND,li1,322.6900,10.8800,0.000181
_6071_,VGND,li1,249.5500,179.5200,0.000836
_6070_,VGND,li1,137.7700,310.0800,0.000192
_6069_,VGND,li1,158.4700,16.3200,0.000260
_6068_,VGND,li1,38.4100,293.7600,0.000135
_6067_,VGND,li1,118.9100,43.5200,0.000199
_6066_,VGND,li1,249.5500,65.2800,0.000788
_6065_,VGND,li1,190.6700,304.6400,0.000262
_6064_,VGND,li1,35.6500,217.6000,0.000125
_6063_,VGND,li1,113.3900,320.9600,0.000328
_6062_,VGND,li1,36.1100,163.2000,0.000083
_6061_,VGND,li1,254.6100,16.3200,0.000500
_6060_,VGND,li1,232.0700,288.3200,0.000472
_6059_,VGND,li1,49.4500,168.6400,0.000194
_6058_,VGND,li1,251.8500,277.4400,0.000758
_6057_,VGND,li1,54.0500,38.0800,0.000129
_6056_,VGND,li1,164.4500,168.6400,0.000393
_6055_,VGND,li1,238.5100,201.2800,0.000487
_6054_,VGND,li1,250.9300,32.6400,0.000443
_6053_,VGND,li1,169.0500,315.5200,0.000169
_6052_,VGND,li1,75.6700,315.5200,0.000293
_6051_,VGND,li1,39.3300,92.4800,0.000119
_6050_,VGND,li1,250.9300,163.2000,0.000378
_6049_,VGND,li1,255.0700,320.9600,0.000667
_6048_,VGND,li1,34.2700,119.6800,0.000129
_6047_,VGND,li1,212.7500,304.6400,0.000423
_6046_,VGND,li1,207.6900,152.3200,0.000671
_6045_,VGND,li1,249.5500,125.1200,0.000409
_6044_,VGND,li1,74.2900,27.2000,0.000343
_6043_,VGND,li1,218.2700,16.3200,0.000391
_6042_,VGND,li1,195.7300,21.7600,0.000251
_6041_,VGND,li1,37.0300,43.5200,0.000095
_6040_,VGND,li1,37.4900,233.9200,0.000186
_6039_,VGND,li1,245.8700,201.2800,0.000520
_6038_,VGND,li1,131.7900,217.6000,0.000319
_6037_,VGND,li1,147.4300,59.8400,0.000466
_6036_,VGND,li1,89.0100,239.3600,0.000362
_6035_,VGND,li1,115.2300,65.2800,0.000430
_6034_,VGND,li1,283.5900,59.8400,0.001505
_6033_,VGND,li1,171.8100,239.3600,0.000160
_6032_,VGND,li1,130.4100,201.2800,0.000255
_6031_,VGND,li1,113.3900,244.8000,0.000335
_6030_,VGND,li1,89.4700,157.7600,0.000464
_6029_,VGND,li1,281.2900,43.5200,0.000643
_6028_,VGND,li1,255.0700,217.6000,0.000812
_6027_,VGND,li1,104.6500,190.4000,0.000328
_6026_,VGND,li1,281.2900,233.9200,0.000860
_6025_,VGND,li1,83.9500,48.9600,0.000216
_6024_,VGND,li1,146.9700,141.4400,0.000205
_6023_,VGND,li1,280.3700,217.6000,0.000908
_6022_,VGND,li1,258.2900,48.9600,0.000380
_6021_,VGND,li1,151.5700,223.0400,0.000255
_6020_,VGND,li1,94.9900,228.4800,0.000428
_6019_,VGND,li1,89.9300,136.0000,0.000362
_6018_,VGND,li1,281.2900,168.6400,0.000653
_6017_,VGND,li1,255.0700,233.9200,0.000746
_6016_,VGND,li1,115.6900,146.8800,0.000319
_6015_,VGND,li1,281.7500,250.2400,0.000662
_6014_,VGND,li1,255.0700,141.4400,0.000577
_6013_,VGND,li1,284.9700,114.2400,0.000737
_6012_,VGND,li1,104.6500,48.9600,0.000247
_6011_,VGND,li1,203.5500,43.5200,0.000305
_6010_,VGND,li1,169.0500,54.4000,0.000131
_6009_,VGND,li1,91.7700,76.1600,0.000229
_6008_,VGND,li1,96.3700,206.7200,0.000279
_6007_,VGND,li1,251.8500,195.8400,0.000767
_6006_,VGND,li1,139.1500,223.0400,0.000261
_6005_,VGND,li1,153.8700,54.4000,0.000166
_6004_,VGND,li1,91.3100,239.3600,0.000368
_6003_,VGND,li1,115.2300,59.8400,0.000602
_6002_,VGND,li1,288.1900,54.4000,0.000542
_6001_,VGND,li1,168.5900,244.8000,0.000199
_6000_,VGND,li1,135.0100,201.2800,0.000251
_5999_,VGND,li1,116.1500,250.2400,0.000271
_5998_,VGND,li1,91.7700,152.3200,0.000374
_5997_,VGND,li1,282.6700,48.9600,0.000410
_5996_,VGND,li1,255.9900,212.1600,0.000751
_5995_,VGND,li1,103.2700,190.4000,0.000328
_5994_,VGND,li1,284.5100,233.9200,0.000871
_5993_,VGND,li1,87.6300,54.4000,0.000220
_5992_,VGND,li1,144.2100,136.0000,0.000304
_5991_,VGND,li1,282.2100,223.0400,0.001297
_5990_,VGND,li1,259.2100,43.5200,0.000581
_5989_,VGND,li1,156.1700,223.0400,0.000247
_5988_,VGND,li1,101.4300,233.9200,0.000349
_5987_,VGND,li1,91.7700,136.0000,0.000366
_5986_,VGND,li1,282.6700,168.6400,0.000653
_5985_,VGND,li1,255.9900,233.9200,0.000746
_5984_,VGND,li1,117.0700,141.4400,0.000225
_5983_,VGND,li1,283.1300,244.8000,0.000784
_5982_,VGND,li1,258.7500,146.8800,0.000966
_5981_,VGND,li1,284.9700,119.6800,0.001575
_5980_,VGND,li1,104.6500,43.5200,0.000196
_5979_,VGND,li1,204.4700,48.9600,0.000226
_5978_,VGND,li1,173.6500,59.8400,0.000306
_5977_,VGND,li1,94.9900,81.6000,0.000499
_5976_,VGND,li1,100.5100,212.1600,0.000370
_5975_,VGND,li1,249.5500,184.9600,0.000817
_5974_,VGND,li1,140.0700,315.5200,0.000317
_5973_,VGND,li1,156.1700,21.7600,0.000221
_5972_,VGND,li1,39.7900,282.8800,0.000160
_5971_,VGND,li1,117.5300,38.0800,0.000192
_5970_,VGND,li1,246.3300,65.2800,0.000762
_5969_,VGND,li1,192.5100,304.6400,0.000277
_5968_,VGND,li1,35.1900,217.6000,0.000125
_5967_,VGND,li1,113.3900,315.5200,0.000367
_5966_,VGND,li1,36.1100,168.6400,0.000132
_5965_,VGND,li1,256.4500,21.7600,0.000529
_5964_,VGND,li1,232.0700,288.3200,0.000472
_5963_,VGND,li1,49.4500,174.0800,0.000135
_5962_,VGND,li1,246.3300,277.4400,0.000731
_5961_,VGND,li1,53.1300,43.5200,0.000136
_5960_,VGND,li1,159.3900,174.0800,0.000194
_5959_,VGND,li1,238.5100,212.1600,0.000648
_5958_,VGND,li1,251.3900,27.2000,0.000542
_5957_,VGND,li1,170.8900,320.9600,0.000204
_5956_,VGND,li1,77.9700,320.9600,0.000268
_5955_,VGND,li1,40.2500,92.4800,0.000119
_5954_,VGND,li1,254.6100,157.7600,0.000524
_5953_,VGND,li1,256.4500,320.9600,0.000667
_5952_,VGND,li1,35.6500,125.1200,0.000196
_5951_,VGND,li1,215.9700,304.6400,0.000452
_5950_,VGND,li1,209.9900,152.3200,0.000697
_5949_,VGND,li1,250.4700,130.5600,0.000458
_5948_,VGND,li1,74.7500,21.7600,0.000208
_5947_,VGND,li1,220.1100,16.3200,0.000400
_5946_,VGND,li1,194.8100,21.7600,0.000251
_5945_,VGND,li1,37.4900,38.0800,0.000084
_5944_,VGND,li1,37.4900,239.3600,0.000138
_5943_,VGND,li1,241.7300,179.5200,0.000793
_5942_,VGND,li1,134.0900,320.9600,0.000320
_5941_,VGND,li1,140.9900,16.3200,0.000341
_5940_,VGND,li1,27.3700,288.3200,0.000075
_5939_,VGND,li1,125.3500,16.3200,0.000377
_5938_,VGND,li1,236.6700,59.8400,0.001176
_5937_,VGND,li1,193.4300,320.9600,0.000330
_5936_,VGND,li1,23.2300,223.0400,0.000044
_5935_,VGND,li1,100.5100,320.9600,0.000316
_5934_,VGND,li1,22.7700,163.2000,0.000053
_5933_,VGND,li1,244.4900,54.4000,0.000484
_5932_,VGND,li1,232.5300,304.6400,0.000548
_5931_,VGND,li1,26.4500,179.5200,0.000091
_5930_,VGND,li1,228.8500,272.0000,0.001038
_5929_,VGND,li1,50.3700,21.7600,0.000144
_5928_,VGND,li1,146.5100,179.5200,0.000422
_5927_,VGND,li1,241.2700,195.8400,0.000720
_5926_,VGND,li1,242.6500,27.2000,0.000506
_5925_,VGND,li1,156.1700,320.9600,0.000267
_5924_,VGND,li1,66.0100,320.9600,0.000224
_5923_,VGND,li1,25.0700,92.4800,0.000054
_5922_,VGND,li1,241.7300,168.6400,0.000551
_5921_,VGND,li1,243.5700,320.9600,0.000648
_5920_,VGND,li1,22.7700,125.1200,0.000116
_5919_,VGND,li1,220.5700,320.9600,0.000549
_5918_,VGND,li1,203.0900,146.8800,0.000463
_5917_,VGND,li1,234.8300,130.5600,0.000403
_5916_,VGND,li1,64.6300,16.3200,0.000298
_5915_,VGND,li1,213.2100,27.2000,0.000353
_5914_,VGND,li1,175.9500,27.2000,0.000144
_5913_,VGND,li1,25.9900,43.5200,0.000055
_5912_,VGND,li1,25.0700,239.3600,0.000074
_5911_,VGND,li1,235.2900,174.0800,0.000500
_5910_,VGND,li1,130.4100,320.9600,0.000326
_5909_,VGND,li1,139.1500,16.3200,0.000346
_5908_,VGND,li1,25.5300,293.7600,0.000070
_5907_,VGND,li1,123.9700,27.2000,0.000384
_5906_,VGND,li1,241.7300,70.7200,0.000813
_5905_,VGND,li1,190.2100,320.9600,0.000299
_5904_,VGND,li1,14.4900,217.6000,0.000081
_5903_,VGND,li1,91.7700,315.5200,0.000345
_5902_,VGND,li1,14.4900,163.2000,0.000063
_5901_,VGND,li1,243.1100,43.5200,0.000516
_5900_,VGND,li1,228.8500,315.5200,0.000309
_5899_,VGND,li1,24.1500,174.0800,0.000051
_5898_,VGND,li1,226.0900,277.4400,0.000570
_5897_,VGND,li1,48.5300,16.3200,0.000216
_5896_,VGND,li1,143.2900,168.6400,0.000397
_5895_,VGND,li1,233.4500,190.4000,0.000727
_5894_,VGND,li1,233.9100,32.6400,0.000403
_5893_,VGND,li1,156.1700,320.9600,0.000267
_5892_,VGND,li1,64.1700,310.0800,0.000199
_5891_,VGND,li1,23.6900,97.9200,0.000072
_5890_,VGND,li1,241.7300,157.7600,0.000479
_5889_,VGND,li1,246.3300,315.5200,0.000346
_5888_,VGND,li1,14.4900,125.1200,0.000126
_5887_,VGND,li1,215.9700,320.9600,0.000517
_5886_,VGND,li1,197.5700,157.7600,0.000274
_5885_,VGND,li1,232.9900,119.6800,0.001282
_5884_,VGND,li1,62.3300,16.3200,0.000289
_5883_,VGND,li1,207.2300,32.6400,0.000319
_5882_,VGND,li1,177.3300,16.3200,0.000143
_5881_,VGND,li1,24.1500,43.5200,0.000048
_5880_,VGND,li1,23.6900,228.4800,0.000073
_5879_,VGND,li1,232.0700,179.5200,0.000710
_5878_,VGND,li1,122.5900,320.9600,0.000331
_5877_,VGND,li1,135.4700,27.2000,0.000345
_5876_,VGND,li1,18.6300,288.3200,0.000069
_5875_,VGND,li1,117.5300,16.3200,0.000385
_5874_,VGND,li1,232.5300,70.7200,0.000729
_5873_,VGND,li1,181.0100,320.9600,0.000204
_5872_,VGND,li1,12.6500,217.6000,0.000082
_5871_,VGND,li1,91.3100,315.5200,0.000345
_5870_,VGND,li1,11.2700,168.6400,0.000079
_5869_,VGND,li1,235.7500,48.9600,0.000328
_5868_,VGND,li1,226.0900,320.9600,0.000575
_5867_,VGND,li1,12.6500,174.0800,0.000063
_5866_,VGND,li1,220.5700,266.5600,0.000653
_5865_,VGND,li1,42.5500,21.7600,0.000124
_5864_,VGND,li1,138.6900,174.0800,0.000234
_5863_,VGND,li1,228.8500,201.2800,0.000438
_5862_,VGND,li1,229.3100,27.2000,0.000442
_5861_,VGND,li1,148.3500,320.9600,0.000292
_5860_,VGND,li1,60.4900,320.9600,0.000206
_5859_,VGND,li1,12.6500,92.4800,0.000061
_5858_,VGND,li1,233.4500,163.2000,0.000332
_5857_,VGND,li1,238.5100,315.5200,0.000330
_5856_,VGND,li1,12.1900,130.5600,0.000076
_5855_,VGND,li1,207.6900,320.9600,0.000455
_5854_,VGND,li1,194.3500,146.8800,0.000354
_5853_,VGND,li1,224.7100,125.1200,0.000336
_5852_,VGND,li1,53.1300,16.3200,0.000242
_5851_,VGND,li1,204.4700,21.7600,0.000313
_5850_,VGND,li1,168.1300,21.7600,0.000178
_5849_,VGND,li1,18.6300,54.4000,0.000078
_5848_,VGND,li1,13.5700,233.9200,0.000090
_5847_,VGND,li1,255.9900,179.5200,0.000883
_5846_,VGND,li1,146.5100,304.6400,0.000187
_5845_,VGND,li1,154.7900,10.8800,0.000071
_5844_,VGND,li1,40.2500,288.3200,0.000137
_5843_,VGND,li1,126.2700,38.0800,0.000192
_5842_,VGND,li1,254.6100,59.8400,0.001384
_5841_,VGND,li1,203.0900,310.0800,0.000213
_5840_,VGND,li1,46.6900,217.6000,0.000175
_5839_,VGND,li1,116.6100,304.6400,0.000195
_5838_,VGND,li1,59.5700,163.2000,0.000138
_5837_,VGND,li1,262.4300,16.3200,0.000507
_5836_,VGND,li1,235.2900,293.7600,0.000348
_5835_,VGND,li1,68.7700,179.5200,0.000323
_5834_,VGND,li1,244.0300,277.4400,0.000715
_5833_,VGND,li1,62.3300,43.5200,0.000153
_5832_,VGND,li1,167.2100,174.0800,0.000167
_5831_,VGND,li1,242.1900,217.6000,0.000748
_5830_,VGND,li1,241.2700,16.3200,0.000475
_5829_,VGND,li1,173.1900,304.6400,0.000149
_5828_,VGND,li1,83.4900,315.5200,0.000320
_5827_,VGND,li1,48.5300,97.9200,0.000167
_5826_,VGND,li1,261.9700,168.6400,0.000609
_5825_,VGND,li1,267.4900,315.5200,0.000366
_5824_,VGND,li1,45.3100,125.1200,0.000286
_5823_,VGND,li1,217.3500,293.7600,0.000293
_5822_,VGND,li1,220.1100,157.7600,0.000389
_5821_,VGND,li1,257.3700,125.1200,0.000430
_5820_,VGND,li1,79.3500,16.3200,0.000345
_5819_,VGND,li1,228.8500,16.3200,0.000436
_5818_,VGND,li1,189.7500,16.3200,0.000229
_5817_,VGND,li1,40.2500,38.0800,0.000093
_5816_,VGND,li1,45.7700,228.4800,0.000183
_5815_,VGND,li1,295.5500,184.9600,0.001006
_5814_,VGND,li1,146.0500,288.3200,0.000196
_5813_,VGND,li1,161.6900,87.0400,0.000172
_5812_,VGND,li1,37.9500,272.0000,0.000124
_5811_,VGND,li1,134.5500,70.7200,0.000193
_5810_,VGND,li1,305.2100,97.9200,0.000639
_5809_,VGND,li1,203.0900,282.8800,0.000201
_5808_,VGND,li1,37.4900,201.2800,0.000104
_5807_,VGND,li1,109.2500,288.3200,0.000239
_5806_,VGND,li1,38.8700,152.3200,0.000219
_5805_,VGND,li1,306.1300,76.1600,0.000432
_5804_,VGND,li1,267.4900,277.4400,0.000853
_5803_,VGND,li1,37.9500,184.9600,0.000245
_5802_,VGND,li1,305.6700,272.0000,0.001574
_5801_,VGND,li1,39.3300,59.8400,0.000264
_5800_,VGND,li1,179.6300,146.8800,0.000187
_5799_,VGND,li1,307.5100,201.2800,0.000681
_5798_,VGND,li1,272.0900,65.2800,0.000878
_5797_,VGND,li1,165.8300,272.0000,0.000277
_5796_,VGND,li1,78.8900,293.7600,0.000331
_5795_,VGND,li1,35.6500,108.8000,0.000168
_5794_,VGND,li1,306.1300,152.3200,0.001205
_5793_,VGND,li1,284.9700,288.3200,0.000571
_5792_,VGND,li1,39.3300,141.4400,0.000105
_5791_,VGND,li1,305.6700,288.3200,0.000586
_5790_,VGND,li1,268.8700,108.8000,0.001186
_5789_,VGND,li1,308.8900,136.0000,0.000613
_5788_,VGND,li1,83.0300,65.2800,0.000437
_5787_,VGND,li1,222.8700,65.2800,0.000599
_5786_,VGND,li1,191.5900,59.8400,0.000536
_5785_,VGND,li1,43.4700,76.1600,0.000156
_5784_,VGND,li1,38.8700,255.6800,0.000108
_5783_,VGND,li1,233.4500,184.9600,0.000732
_5782_,VGND,li1,126.2700,320.9600,0.000329
_5781_,VGND,li1,133.1700,16.3200,0.000364
_5780_,VGND,li1,23.2300,293.7600,0.000072
_5779_,VGND,li1,115.2300,21.7600,0.000257
_5778_,VGND,li1,233.4500,65.2800,0.000680
_5777_,VGND,li1,182.8500,320.9600,0.000224
_5776_,VGND,li1,13.5700,223.0400,0.000053
_5775_,VGND,li1,92.6900,320.9600,0.000304
_5774_,VGND,li1,11.2700,163.2000,0.000065
_5773_,VGND,li1,241.7300,54.4000,0.000475
_5772_,VGND,li1,228.8500,315.5200,0.000309
_5771_,VGND,li1,15.4100,179.5200,0.000078
_5770_,VGND,li1,223.3300,266.5600,0.000677
_5769_,VGND,li1,40.2500,21.7600,0.000116
_5768_,VGND,li1,143.2900,174.0800,0.000226
_5767_,VGND,li1,230.6900,195.8400,0.000674
_5766_,VGND,li1,230.6900,21.7600,0.000470
_5765_,VGND,li1,153.8700,326.4000,0.000065
_5764_,VGND,li1,56.8100,315.5200,0.000205
_5763_,VGND,li1,15.4100,97.9200,0.000077
_5762_,VGND,li1,236.6700,163.2000,0.000345
_5761_,VGND,li1,241.7300,320.9600,0.000644
_5760_,VGND,li1,12.1900,125.1200,0.000127
_5759_,VGND,li1,209.0700,320.9600,0.000455
_5758_,VGND,li1,194.8100,152.3200,0.000485
_5757_,VGND,li1,227.9300,130.5600,0.000379
_5756_,VGND,li1,56.8100,16.3200,0.000264
_5755_,VGND,li1,205.3900,27.2000,0.000313
_5754_,VGND,li1,173.6500,16.3200,0.000171
_5753_,VGND,li1,16.7900,48.9600,0.000046
_5752_,VGND,li1,17.2500,239.3600,0.000081
_5751_,VGND,li1,295.5500,184.9600,0.001006
_5750_,VGND,li1,146.0500,293.7600,0.000288
_5749_,VGND,li1,161.6900,81.6000,0.000304
_5748_,VGND,li1,37.9500,266.5600,0.000140
_5747_,VGND,li1,134.5500,76.1600,0.000214
_5746_,VGND,li1,306.1300,97.9200,0.000639
_5745_,VGND,li1,203.0900,288.3200,0.000311
_5744_,VGND,li1,37.4900,195.8400,0.000164
_5743_,VGND,li1,109.2500,293.7600,0.000397
_5742_,VGND,li1,38.8700,157.7600,0.000184
_5741_,VGND,li1,305.2100,81.6000,0.000767
_5740_,VGND,li1,266.1100,272.0000,0.001409
_5739_,VGND,li1,38.4100,184.9600,0.000245
_5738_,VGND,li1,306.1300,266.5600,0.001047
_5737_,VGND,li1,39.3300,65.2800,0.000181
_5736_,VGND,li1,180.0900,141.4400,0.000113
_5735_,VGND,li1,307.5100,195.8400,0.000905
_5734_,VGND,li1,273.9300,70.7200,0.001082
_5733_,VGND,li1,165.8300,277.4400,0.000233
_5732_,VGND,li1,78.8900,293.7600,0.000331
_5731_,VGND,li1,34.7300,108.8000,0.000168
_5730_,VGND,li1,307.0500,157.7600,0.000618
_5729_,VGND,li1,287.2700,282.8800,0.000429
_5728_,VGND,li1,39.3300,141.4400,0.000105
_5727_,VGND,li1,306.1300,282.8800,0.000454
_5726_,VGND,li1,268.8700,108.8000,0.001186
_5725_,VGND,li1,308.8900,141.4400,0.000696
_5724_,VGND,li1,83.0300,59.8400,0.000584
_5723_,VGND,li1,220.5700,65.2800,0.000580
_5722_,VGND,li1,191.5900,65.2800,0.000307
_5721_,VGND,li1,40.7100,81.6000,0.000229
_5720_,VGND,li1,38.8700,250.2400,0.000156
_5719_,VGND,li1,274.8500,184.9600,0.000938
_5718_,VGND,li1,127.1900,293.7600,0.000354
_5717_,VGND,li1,151.5700,76.1600,0.000175
_5716_,VGND,li1,26.9100,272.0000,0.000075
_5715_,VGND,li1,125.8100,76.1600,0.000225
_5714_,VGND,li1,293.2500,97.9200,0.000614
_5713_,VGND,li1,183.7700,282.8800,0.000109
_5712_,VGND,li1,23.2300,206.7200,0.000049
_5711_,VGND,li1,95.9100,304.6400,0.000180
_5710_,VGND,li1,24.1500,157.7600,0.000088
_5709_,VGND,li1,291.4100,81.6000,0.000749
_5708_,VGND,li1,263.3500,293.7600,0.000413
_5707_,VGND,li1,23.6900,195.8400,0.000094
_5706_,VGND,li1,293.7100,266.5600,0.001021
_5705_,VGND,li1,25.0700,70.7200,0.000046
_5704_,VGND,li1,189.7500,168.6400,0.000284
_5703_,VGND,li1,293.2500,195.8400,0.000889
_5702_,VGND,li1,271.1700,87.0400,0.000546
_5701_,VGND,li1,165.3700,299.2000,0.000194
_5700_,VGND,li1,58.1900,304.6400,0.000120
_5699_,VGND,li1,22.7700,108.8000,0.000098
_5698_,VGND,li1,293.2500,152.3200,0.001186
_5697_,VGND,li1,279.4500,304.6400,0.000746
_5696_,VGND,li1,24.1500,141.4400,0.000049
_5695_,VGND,li1,295.5500,310.0800,0.000294
_5694_,VGND,li1,280.3700,97.9200,0.000573
_5693_,VGND,li1,293.2500,141.4400,0.000673
_5692_,VGND,li1,66.4700,76.1600,0.000209
_5691_,VGND,li1,204.0100,76.1600,0.000197
_5690_,VGND,li1,185.1500,87.0400,0.000183
_5689_,VGND,li1,26.9100,81.6000,0.000114
_5688_,VGND,li1,25.9900,255.6800,0.000056
_5687_,VGND,li1,280.3700,179.5200,0.000942
_5686_,VGND,li1,126.2700,299.2000,0.000250
_5685_,VGND,li1,147.4300,87.0400,0.000199
_5684_,VGND,li1,25.0700,266.5600,0.000066
_5683_,VGND,li1,122.1300,87.0400,0.000218
_5682_,VGND,li1,288.1900,103.3600,0.000561
_5681_,VGND,li1,181.9300,299.2000,0.000147
_5680_,VGND,li1,20.9300,201.2800,0.000062
_5679_,VGND,li1,91.7700,299.2000,0.000218
_5678_,VGND,li1,22.7700,146.8800,0.000059
_5677_,VGND,li1,293.2500,81.6000,0.000753
_5676_,VGND,li1,255.9900,299.2000,0.000564
_5675_,VGND,li1,14.4900,190.4000,0.000091
_5674_,VGND,li1,284.9700,272.0000,0.001502
_5673_,VGND,li1,23.6900,70.7200,0.000046
_5672_,VGND,li1,184.2300,174.0800,0.000189
_5671_,VGND,li1,293.2500,201.2800,0.000663
_5670_,VGND,li1,268.4100,87.0400,0.000544
_5669_,VGND,li1,163.0700,288.3200,0.000163
_5668_,VGND,li1,53.1300,299.2000,0.000135
_5667_,VGND,li1,14.4900,108.8000,0.000108
_5666_,VGND,li1,288.1900,157.7600,0.000603
_5665_,VGND,li1,280.3700,299.2000,0.000651
_5664_,VGND,li1,22.3100,136.0000,0.000072
_5663_,VGND,li1,293.7100,304.6400,0.000763
_5662_,VGND,li1,272.5500,103.3600,0.000530
_5661_,VGND,li1,293.2500,136.0000,0.000601
_5660_,VGND,li1,64.6300,65.2800,0.000358
_5659_,VGND,li1,203.0900,70.7200,0.000432
_5658_,VGND,li1,179.6300,92.4800,0.000150
_5657_,VGND,li1,25.5300,76.1600,0.000076
_5656_,VGND,li1,24.1500,244.8000,0.000056
_5655_,VGND,li1,269.7900,174.0800,0.000626
_5654_,VGND,li1,119.3700,293.7600,0.000377
_5653_,VGND,li1,140.0700,81.6000,0.000429
_5652_,VGND,li1,19.5500,277.4400,0.000060
_5651_,VGND,li1,117.5300,70.7200,0.000190
_5650_,VGND,li1,284.5100,97.9200,0.000591
_5649_,VGND,li1,178.2500,293.7600,0.000114
_5648_,VGND,li1,12.6500,206.7200,0.000057
_5647_,VGND,li1,87.6300,299.2000,0.000211
_5646_,VGND,li1,12.6500,146.8800,0.000065
_5645_,VGND,li1,283.5900,81.6000,0.000731
_5644_,VGND,li1,252.3100,299.2000,0.000548
_5643_,VGND,li1,12.6500,190.4000,0.000092
_5642_,VGND,li1,282.2100,261.1200,0.000598
_5641_,VGND,li1,12.6500,65.2800,0.000093
_5640_,VGND,li1,181.9300,168.6400,0.000240
_5639_,VGND,li1,284.5100,201.2800,0.000644
_5638_,VGND,li1,261.5100,81.6000,0.000655
_5637_,VGND,li1,153.8700,293.7600,0.000247
_5636_,VGND,li1,49.4500,299.2000,0.000124
_5635_,VGND,li1,12.1900,108.8000,0.000110
_5634_,VGND,li1,279.9100,152.3200,0.001154
_5633_,VGND,li1,271.6300,304.6400,0.000732
_5632_,VGND,li1,12.6500,136.0000,0.000078
_5631_,VGND,li1,290.0300,293.7600,0.000444
_5630_,VGND,li1,266.5700,92.4800,0.000735
_5629_,VGND,li1,282.6700,130.5600,0.000525
_5628_,VGND,li1,57.2700,70.7200,0.000122
_5627_,VGND,li1,194.8100,70.7200,0.000340
_5626_,VGND,li1,175.0300,87.0400,0.000133
_5625_,VGND,li1,12.6500,81.6000,0.000106
_5624_,VGND,li1,14.4900,250.2400,0.000077
_5623_,VGND,li1,271.6300,179.5200,0.000932
_5622_,VGND,li1,125.8100,299.2000,0.000250
_5621_,VGND,li1,143.2900,76.1600,0.000201
_5620_,VGND,li1,17.7100,272.0000,0.000071
_5619_,VGND,li1,117.5300,76.1600,0.000231
_5618_,VGND,li1,284.9700,103.3600,0.000556
_5617_,VGND,li1,179.6300,288.3200,0.000117
_5616_,VGND,li1,12.6500,201.2800,0.000069
_5615_,VGND,li1,91.7700,293.7600,0.000375
_5614_,VGND,li1,12.6500,152.3200,0.000150
_5613_,VGND,li1,284.5100,76.1600,0.000404
_5612_,VGND,li1,254.6100,288.3200,0.000524
_5611_,VGND,li1,12.6500,195.8400,0.000123
_5610_,VGND,li1,283.1300,272.0000,0.001494
_5609_,VGND,li1,14.4900,70.7200,0.000055
_5608_,VGND,li1,181.9300,174.0800,0.000169
_5607_,VGND,li1,284.9700,195.8400,0.000875
_5606_,VGND,li1,269.3300,81.6000,0.000683
_5605_,VGND,li1,160.3100,299.2000,0.000212
_5604_,VGND,li1,53.1300,304.6400,0.000110
_5603_,VGND,li1,12.1900,114.2400,0.000082
_5602_,VGND,li1,283.1300,157.7600,0.000596
_5601_,VGND,li1,272.0900,293.7600,0.000427
_5600_,VGND,li1,12.6500,141.4400,0.000057
_5599_,VGND,li1,293.2500,304.6400,0.000763
_5598_,VGND,li1,269.3300,92.4800,0.000751
_5597_,VGND,li1,284.9700,136.0000,0.000588
_5596_,VGND,li1,62.3300,76.1600,0.000200
_5595_,VGND,li1,196.1900,76.1600,0.000166
_5594_,VGND,li1,177.3300,87.0400,0.000125
_5593_,VGND,li1,23.2300,87.0400,0.000034
_5592_,VGND,li1,18.1700,255.6800,0.000061
_5591_,VGND,li1,215.9700,190.4000,0.000575
_5590_,VGND,li1,152.4900,272.0000,0.000301
_5589_,VGND,li1,159.8500,92.4800,0.000162
_5588_,VGND,li1,75.2100,272.0000,0.000272
_5587_,VGND,li1,141.9100,92.4800,0.000188
_5586_,VGND,li1,252.7700,103.3600,0.000477
_5585_,VGND,li1,194.8100,261.1200,0.000333
_5584_,VGND,li1,87.1700,195.8400,0.000384
_5583_,VGND,li1,133.6300,272.0000,0.000325
_5582_,VGND,li1,82.1100,152.3200,0.000367
_5581_,VGND,li1,250.4700,114.2400,0.000605
_5580_,VGND,li1,241.7300,239.3600,0.000319
_5579_,VGND,li1,99.1300,184.9600,0.000468
_5578_,VGND,li1,219.6500,239.3600,0.000274
_5577_,VGND,li1,85.3300,81.6000,0.000483
_5576_,VGND,li1,163.9900,146.8800,0.000277
_5575_,VGND,li1,215.5100,206.7200,0.000719
_5574_,VGND,li1,250.0100,81.6000,0.000609
_5573_,VGND,li1,176.4100,206.7200,0.000229
_5572_,VGND,li1,96.3700,272.0000,0.000313
_5571_,VGND,li1,78.8900,136.0000,0.000325
_5570_,VGND,li1,228.8500,168.6400,0.000501
_5569_,VGND,li1,250.0100,255.6800,0.000524
_5568_,VGND,li1,116.1500,130.5600,0.000282
_5567_,VGND,li1,207.6900,266.5600,0.000530
_5566_,VGND,li1,209.0700,130.5600,0.000288
_5565_,VGND,li1,247.2500,141.4400,0.000544
_5564_,VGND,li1,113.3900,87.0400,0.000217
_5563_,VGND,li1,215.9700,81.6000,0.000436
_5562_,VGND,li1,177.3300,92.4800,0.000127
_5561_,VGND,li1,78.8900,81.6000,0.000460
_5560_,VGND,li1,78.8900,233.9200,0.000316
_5559_,VGND,li1,215.9700,184.9600,0.000597
_5558_,VGND,li1,152.4900,266.5600,0.000381
_5557_,VGND,li1,159.8500,97.9200,0.000154
_5556_,VGND,li1,75.2100,272.0000,0.000272
_5555_,VGND,li1,141.9100,97.9200,0.000195
_5554_,VGND,li1,254.6100,103.3600,0.000483
_5553_,VGND,li1,195.7300,266.5600,0.000402
_5552_,VGND,li1,86.7100,195.8400,0.000384
_5551_,VGND,li1,133.6300,266.5600,0.000433
_5550_,VGND,li1,82.1100,157.7600,0.000444
_5549_,VGND,li1,250.4700,108.8000,0.001041
_5548_,VGND,li1,241.7300,233.9200,0.000663
_5547_,VGND,li1,100.0500,184.9600,0.000468
_5546_,VGND,li1,218.7300,233.9200,0.000494
_5545_,VGND,li1,87.1700,81.6000,0.000487
_5544_,VGND,li1,164.4500,152.3200,0.000276
_5543_,VGND,li1,215.9700,206.7200,0.000719
_5542_,VGND,li1,250.0100,87.0400,0.000515
_5541_,VGND,li1,177.3300,201.2800,0.000122
_5540_,VGND,li1,96.3700,277.4400,0.000389
_5539_,VGND,li1,81.1900,130.5600,0.000297
_5538_,VGND,li1,227.0100,174.0800,0.000467
_5537_,VGND,li1,250.0100,261.1200,0.000554
_5536_,VGND,li1,116.1500,130.5600,0.000282
_5535_,VGND,li1,207.6900,266.5600,0.000530
_5534_,VGND,li1,207.6900,136.0000,0.000346
_5533_,VGND,li1,246.3300,141.4400,0.000544
_5532_,VGND,li1,113.8500,87.0400,0.000217
_5531_,VGND,li1,214.5900,81.6000,0.000436
_5530_,VGND,li1,175.9500,97.9200,0.000107
_5529_,VGND,li1,77.5100,81.6000,0.000460
_5528_,VGND,li1,78.8900,239.3600,0.000330
_5527_,VGND,li1,213.6700,190.4000,0.000553
_5526_,VGND,li1,155.2500,261.1200,0.000225
_5525_,VGND,li1,161.6900,103.3600,0.000269
_5524_,VGND,li1,77.5100,277.4400,0.000326
_5523_,VGND,li1,142.3700,97.9200,0.000195
_5522_,VGND,li1,211.8300,97.9200,0.000296
_5521_,VGND,li1,186.9900,272.0000,0.000389
_5520_,VGND,li1,87.1700,201.2800,0.000238
_5519_,VGND,li1,125.8100,277.4400,0.000402
_5518_,VGND,li1,81.6500,146.8800,0.000261
_5517_,VGND,li1,233.4500,108.8000,0.000904
_5516_,VGND,li1,233.9100,233.9200,0.000609
_5515_,VGND,li1,106.0300,168.6400,0.000365
_5514_,VGND,li1,210.4500,228.4800,0.000469
_5513_,VGND,li1,83.9500,103.3600,0.000285
_5512_,VGND,li1,164.4500,157.7600,0.000258
_5511_,VGND,li1,207.6900,212.1600,0.000427
_5510_,VGND,li1,238.9700,87.0400,0.000493
_5509_,VGND,li1,177.3300,206.7200,0.000229
_5508_,VGND,li1,91.7700,277.4400,0.000373
_5507_,VGND,li1,85.7900,119.6800,0.000362
_5506_,VGND,li1,213.6700,168.6400,0.000431
_5505_,VGND,li1,241.7300,255.6800,0.000493
_5504_,VGND,li1,135.4700,125.1200,0.000380
_5503_,VGND,li1,216.8900,277.4400,0.000506
_5502_,VGND,li1,203.5500,119.6800,0.000806
_5501_,VGND,li1,236.6700,146.8800,0.000776
_5500_,VGND,li1,109.7100,103.3600,0.000351
_5499_,VGND,li1,215.9700,92.4800,0.000466
_5498_,VGND,li1,180.0900,108.8000,0.000219
_5497_,VGND,li1,83.4900,97.9200,0.000219
_5496_,VGND,li1,83.9500,228.4800,0.000383
_5495_,VGND,li1,215.9700,195.8400,0.000563
_5494_,VGND,li1,155.2500,261.1200,0.000225
_5493_,VGND,li1,161.6900,108.8000,0.000329
_5492_,VGND,li1,77.5100,277.4400,0.000326
_5491_,VGND,li1,142.3700,103.3600,0.000352
_5490_,VGND,li1,211.8300,103.3600,0.000317
_5489_,VGND,li1,190.2100,272.0000,0.000443
_5488_,VGND,li1,87.1700,190.4000,0.000307
_5487_,VGND,li1,124.8900,277.4400,0.000402
_5486_,VGND,li1,81.6500,141.4400,0.000190
_5485_,VGND,li1,236.6700,108.8000,0.000933
_5484_,VGND,li1,233.4500,239.3600,0.000306
_5483_,VGND,li1,104.6500,174.0800,0.000235
_5482_,VGND,li1,211.3700,223.0400,0.000673
_5481_,VGND,li1,83.9500,108.8000,0.000446
_5480_,VGND,li1,164.4500,157.7600,0.000258
_5479_,VGND,li1,206.3100,206.7200,0.000594
_5478_,VGND,li1,238.5100,92.4800,0.000608
_5477_,VGND,li1,175.9500,212.1600,0.000171
_5476_,VGND,li1,93.1500,282.8800,0.000286
_5475_,VGND,li1,87.1700,119.6800,0.000362
_5474_,VGND,li1,215.9700,174.0800,0.000410
_5473_,VGND,li1,241.7300,255.6800,0.000493
_5472_,VGND,li1,135.4700,130.5600,0.000248
_5471_,VGND,li1,216.8900,282.8800,0.000247
_5470_,VGND,li1,203.5500,119.6800,0.000806
_5469_,VGND,li1,236.6700,141.4400,0.000494
_5468_,VGND,li1,112.4700,97.9200,0.000221
_5467_,VGND,li1,213.6700,92.4800,0.000448
_5466_,VGND,li1,179.6300,103.3600,0.000153
_5465_,VGND,li1,83.4900,92.4800,0.000199
_5464_,VGND,li1,83.9500,233.9200,0.000326
_5463_,VGND,li1,257.3700,179.5200,0.000883
_5462_,VGND,li1,151.1100,310.0800,0.000168
_5461_,VGND,li1,156.1700,16.3200,0.000273
_5460_,VGND,li1,48.5300,288.3200,0.000169
_5459_,VGND,li1,126.7300,43.5200,0.000196
_5458_,VGND,li1,254.6100,65.2800,0.000814
_5457_,VGND,li1,199.4100,315.5200,0.000199
_5456_,VGND,li1,48.5300,217.6000,0.000182
_5455_,VGND,li1,117.0700,310.0800,0.000208
_5454_,VGND,li1,61.4100,168.6400,0.000239
_5453_,VGND,li1,259.2100,16.3200,0.000505
_5452_,VGND,li1,236.2100,299.2000,0.000468
_5451_,VGND,li1,69.6900,174.0800,0.000186
_5450_,VGND,li1,245.4100,272.0000,0.001221
_5449_,VGND,li1,61.8700,38.0800,0.000142
_5448_,VGND,li1,167.2100,179.5200,0.000297
_5447_,VGND,li1,243.1100,217.6000,0.000748
_5446_,VGND,li1,241.7300,16.3200,0.000475
_5445_,VGND,li1,173.6500,310.0800,0.000108
_5444_,VGND,li1,83.4900,310.0800,0.000212
_5443_,VGND,li1,48.5300,92.4800,0.000146
_5442_,VGND,li1,260.5900,163.2000,0.000393
_5441_,VGND,li1,259.2100,315.5200,0.000362
_5440_,VGND,li1,48.5300,125.1200,0.000319
_5439_,VGND,li1,216.8900,293.7600,0.000293
_5438_,VGND,li1,220.5700,152.3200,0.000811
_5437_,VGND,li1,254.6100,119.6800,0.001509
_5436_,VGND,li1,78.8900,16.3200,0.000345
_5435_,VGND,li1,226.0900,16.3200,0.000426
_5434_,VGND,li1,191.5900,16.3200,0.000241
_5433_,VGND,li1,44.8500,43.5200,0.000117
_5432_,VGND,li1,47.1500,233.9200,0.000227
_5431_,VGND,li1,308.8900,184.9600,0.001027
_5430_,VGND,li1,143.2900,277.4400,0.000335
_5429_,VGND,li1,164.9100,70.7200,0.000175
_5428_,VGND,li1,52.6700,272.0000,0.000199
_5427_,VGND,li1,140.9900,65.2800,0.000338
_5426_,VGND,li1,310.7300,103.3600,0.000579
_5425_,VGND,li1,198.4900,282.8800,0.000183
_5424_,VGND,li1,54.0500,201.2800,0.000167
_5423_,VGND,li1,109.2500,277.4400,0.000422
_5422_,VGND,li1,53.1300,152.3200,0.000297
_5421_,VGND,li1,307.0500,76.1600,0.000432
_5420_,VGND,li1,267.0300,277.4400,0.000853
_5419_,VGND,li1,56.8100,184.9600,0.000386
_5418_,VGND,li1,310.2700,266.5600,0.001052
_5417_,VGND,li1,53.1300,59.8400,0.000400
_5416_,VGND,li1,183.7700,152.3200,0.000315
_5415_,VGND,li1,316.7100,201.2800,0.000688
_5414_,VGND,li1,273.4700,59.8400,0.001483
_5413_,VGND,li1,171.8100,277.4400,0.000199
_5412_,VGND,li1,62.7900,288.3200,0.000218
_5411_,VGND,li1,53.5900,108.8000,0.000289
_5410_,VGND,li1,316.2500,146.8800,0.001229
_5409_,VGND,li1,284.9700,282.8800,0.000425
_5408_,VGND,li1,57.7300,130.5600,0.000235
_5407_,VGND,li1,313.9500,282.8800,0.000460
_5406_,VGND,li1,270.7100,114.2400,0.000691
_5405_,VGND,li1,316.7100,125.1200,0.000514
_5404_,VGND,li1,66.0100,54.4000,0.000182
_5403_,VGND,li1,211.3700,65.2800,0.000498
_5402_,VGND,li1,177.3300,65.2800,0.000160
_5401_,VGND,li1,48.5300,76.1600,0.000173
_5400_,VGND,li1,51.2900,250.2400,0.000221
_5399_,VGND,li1,204.9300,190.4000,0.000450
_5398_,VGND,li1,158.0100,244.8000,0.000241
_5397_,VGND,li1,148.3500,125.1200,0.000319
_5396_,VGND,li1,62.7900,255.6800,0.000190
_5395_,VGND,li1,126.7300,103.3600,0.000362
_5394_,VGND,li1,203.0900,108.8000,0.000581
_5393_,VGND,li1,176.4100,266.5600,0.000217
_5392_,VGND,li1,70.6100,201.2800,0.000210
_5391_,VGND,li1,116.1500,261.1200,0.000268
_5390_,VGND,li1,70.1500,146.8800,0.000231
_5389_,VGND,li1,228.8500,108.8000,0.000860
_5388_,VGND,li1,228.8500,212.1600,0.000585
_5387_,VGND,li1,89.9300,168.6400,0.000330
_5386_,VGND,li1,203.0900,223.0400,0.000555
_5385_,VGND,li1,69.2300,114.2400,0.000299
_5384_,VGND,li1,143.2900,152.3200,0.000329
_5383_,VGND,li1,199.8700,212.1600,0.000351
_5382_,VGND,li1,232.0700,92.4800,0.000574
_5381_,VGND,li1,158.9300,201.2800,0.000197
_5380_,VGND,li1,77.9700,255.6800,0.000211
_5379_,VGND,li1,71.0700,130.5600,0.000286
_5378_,VGND,li1,203.0900,163.2000,0.000206
_5377_,VGND,li1,229.3100,255.6800,0.000430
_5376_,VGND,li1,130.4100,125.1200,0.000400
_5375_,VGND,li1,218.2700,244.8000,0.000524
_5374_,VGND,li1,192.5100,136.0000,0.000262
_5373_,VGND,li1,228.8500,136.0000,0.000433
_5372_,VGND,li1,102.3500,103.3600,0.000339
_5371_,VGND,li1,190.2100,92.4800,0.000238
_5370_,VGND,li1,180.5500,125.1200,0.000138
_5369_,VGND,li1,65.0900,92.4800,0.000179
_5368_,VGND,li1,64.6300,233.9200,0.000279
_5367_,VGND,li1,195.2700,195.8400,0.000362
_5366_,VGND,li1,156.1700,244.8000,0.000247
_5365_,VGND,li1,143.2900,114.2400,0.000251
_5364_,VGND,li1,61.4100,255.6800,0.000190
_5363_,VGND,li1,125.3500,108.8000,0.000486
_5362_,VGND,li1,197.1100,114.2400,0.000271
_5361_,VGND,li1,177.3300,261.1200,0.000163
_5360_,VGND,li1,74.2900,195.8400,0.000340
_5359_,VGND,li1,114.7700,261.1200,0.000268
_5358_,VGND,li1,66.0100,152.3200,0.000338
_5357_,VGND,li1,220.5700,108.8000,0.000769
_5356_,VGND,li1,228.8500,217.6000,0.000664
_5355_,VGND,li1,87.1700,179.5200,0.000399
_5354_,VGND,li1,197.5700,223.0400,0.000492
_5353_,VGND,li1,66.0100,108.8000,0.000360
_5352_,VGND,li1,151.5700,152.3200,0.000311
_5351_,VGND,li1,193.8900,212.1600,0.000313
_5350_,VGND,li1,228.8500,92.4800,0.000555
_5349_,VGND,li1,156.1700,212.1600,0.000262
_5348_,VGND,li1,76.5900,250.2400,0.000276
_5347_,VGND,li1,74.2900,125.1200,0.000443
_5346_,VGND,li1,205.3900,174.0800,0.000341
_5345_,VGND,li1,228.8500,244.8000,0.000589
_5344_,VGND,li1,127.6500,114.2400,0.000279
_5343_,VGND,li1,215.9700,250.2400,0.000387
_5342_,VGND,li1,191.1300,136.0000,0.000262
_5341_,VGND,li1,222.8700,146.8800,0.000663
_5340_,VGND,li1,100.0500,92.4800,0.000206
_5339_,VGND,li1,196.6500,97.9200,0.000208
_5338_,VGND,li1,177.7900,119.6800,0.000287
_5337_,VGND,li1,63.2500,87.0400,0.000134
_5336_,VGND,li1,62.7900,239.3600,0.000269
_5335_,VGND,li1,192.9700,190.4000,0.000335
_5334_,VGND,li1,146.0500,250.2400,0.000218
_5333_,VGND,li1,142.8300,108.8000,0.000414
_5332_,VGND,li1,54.9700,255.6800,0.000172
_5331_,VGND,li1,117.5300,103.3600,0.000362
_5330_,VGND,li1,194.8100,103.3600,0.000238
_5329_,VGND,li1,168.1300,261.1200,0.000190
_5328_,VGND,li1,61.4100,195.8400,0.000279
_5327_,VGND,li1,108.3300,261.1200,0.000264
_5326_,VGND,li1,62.3300,146.8800,0.000206
_5325_,VGND,li1,217.8100,114.2400,0.000412
_5324_,VGND,li1,218.2700,223.0400,0.000744
_5323_,VGND,li1,81.6500,168.6400,0.000309
_5322_,VGND,li1,194.8100,223.0400,0.000451
_5321_,VGND,li1,64.1700,114.2400,0.000293
_5320_,VGND,li1,142.8300,157.7600,0.000411
_5319_,VGND,li1,192.0500,212.1600,0.000296
_5318_,VGND,li1,224.2500,92.4800,0.000525
_5317_,VGND,li1,155.2500,201.2800,0.000209
_5316_,VGND,li1,70.1500,255.6800,0.000202
_5315_,VGND,li1,57.7300,125.1200,0.000385
_5314_,VGND,li1,197.5700,174.0800,0.000288
_5313_,VGND,li1,224.2500,250.2400,0.000435
_5312_,VGND,li1,117.5300,119.6800,0.000421
_5311_,VGND,li1,207.6900,250.2400,0.000341
_5310_,VGND,li1,188.3700,130.5600,0.000165
_5309_,VGND,li1,220.1100,136.0000,0.000396
_5308_,VGND,li1,91.7700,97.9200,0.000223
_5307_,VGND,li1,194.8100,87.0400,0.000267
_5306_,VGND,li1,168.5900,119.6800,0.000330
_5305_,VGND,li1,57.2700,92.4800,0.000166
_5304_,VGND,li1,53.1300,239.3600,0.000226
_5303_,VGND,li1,193.8900,184.9600,0.000377
_5302_,VGND,li1,154.3300,255.6800,0.000171
_5301_,VGND,li1,143.2900,119.6800,0.000416
_5300_,VGND,li1,53.1300,261.1200,0.000169
_5299_,VGND,li1,117.5300,103.3600,0.000362
_5298_,VGND,li1,194.8100,108.8000,0.000461
_5297_,VGND,li1,173.6500,255.6800,0.000119
_5296_,VGND,li1,65.5500,190.4000,0.000261
_5295_,VGND,li1,112.9300,272.0000,0.000336
_5294_,VGND,li1,65.0900,157.7600,0.000366
_5293_,VGND,li1,218.7300,119.6800,0.001085
_5292_,VGND,li1,219.1900,223.0400,0.000744
_5291_,VGND,li1,79.3500,174.0800,0.000204
_5290_,VGND,li1,194.8100,228.4800,0.000337
_5289_,VGND,li1,65.5500,103.3600,0.000218
_5288_,VGND,li1,143.2900,146.8800,0.000328
_5287_,VGND,li1,192.5100,201.2800,0.000229
_5286_,VGND,li1,225.6300,97.9200,0.000355
_5285_,VGND,li1,155.7100,212.1600,0.000262
_5284_,VGND,li1,74.7500,261.1200,0.000219
_5283_,VGND,li1,63.2500,130.5600,0.000256
_5282_,VGND,li1,194.3500,168.6400,0.000323
_5281_,VGND,li1,220.5700,250.2400,0.000415
_5280_,VGND,li1,122.5900,125.1200,0.000429
_5279_,VGND,li1,207.6900,255.6800,0.000303
_5278_,VGND,li1,190.2100,125.1200,0.000188
_5277_,VGND,li1,220.5700,141.4400,0.000390
_5276_,VGND,li1,94.5300,103.3600,0.000319
_5275_,VGND,li1,194.8100,92.4800,0.000291
_5274_,VGND,li1,174.5700,114.2400,0.000143
_5273_,VGND,li1,61.4100,97.9200,0.000194
_5272_,VGND,li1,61.4100,244.8000,0.000202
_5271_,VGND,li1,271.6300,206.7200,0.001064
_5270_,VGND,li1,151.5700,233.9200,0.000309
_5269_,VGND,li1,166.2900,38.0800,0.000136
_5268_,VGND,li1,94.5300,261.1200,0.000251
_5267_,VGND,li1,143.2900,32.6400,0.000251
_5266_,VGND,li1,315.7900,65.2800,0.000934
_5265_,VGND,li1,194.8100,244.8000,0.000315
_5264_,VGND,li1,125.8100,195.8400,0.000375
_5263_,VGND,li1,138.6900,255.6800,0.000195
_5262_,VGND,li1,111.0900,163.2000,0.000201
_5261_,VGND,li1,306.5900,38.0800,0.000752
_5260_,VGND,li1,272.0900,233.9200,0.000825
_5259_,VGND,li1,128.1100,179.5200,0.000481
_5258_,VGND,li1,317.1700,233.9200,0.000931
_5257_,VGND,li1,91.7700,16.3200,0.000374
_5256_,VGND,li1,173.1900,136.0000,0.000189
_5255_,VGND,li1,316.2500,217.6000,0.000971
_5254_,VGND,li1,274.3900,21.7600,0.000558
_5253_,VGND,li1,180.5500,228.4800,0.000199
_5252_,VGND,li1,125.8100,228.4800,0.000426
_5251_,VGND,li1,107.4100,114.2400,0.000302
_5250_,VGND,li1,316.7100,174.0800,0.000721
_5249_,VGND,li1,265.6500,255.6800,0.000573
_5248_,VGND,li1,131.3300,157.7600,0.000457
_5247_,VGND,li1,316.7100,250.2400,0.000720
_5246_,VGND,li1,274.8500,130.5600,0.000513
_5245_,VGND,li1,316.7100,119.6800,0.001601
_5244_,VGND,li1,107.8700,16.3200,0.000388
_5243_,VGND,li1,228.8500,43.5200,0.000453
_5242_,VGND,li1,188.3700,38.0800,0.000173
_5241_,VGND,li1,104.6500,59.8400,0.000627
_5240_,VGND,li1,123.0500,217.6000,0.000341
_5239_,VGND,li1,271.6300,201.2800,0.000610
_5238_,VGND,li1,149.2700,239.3600,0.000262
_5237_,VGND,li1,166.2900,38.0800,0.000136
_5236_,VGND,li1,94.5300,255.6800,0.000217
_5235_,VGND,li1,143.7500,38.0800,0.000180
_5234_,VGND,li1,315.7900,59.8400,0.001541
_5233_,VGND,li1,194.8100,250.2400,0.000249
_5232_,VGND,li1,124.4300,195.8400,0.000375
_5231_,VGND,li1,135.9300,261.1200,0.000253
_5230_,VGND,li1,112.9300,168.6400,0.000375
_5229_,VGND,li1,306.5900,38.0800,0.000752
_5228_,VGND,li1,272.0900,239.3600,0.000346
_5227_,VGND,li1,128.1100,179.5200,0.000481
_5226_,VGND,li1,316.7100,228.4800,0.000967
_5225_,VGND,li1,94.0700,16.3200,0.000377
_5224_,VGND,li1,172.7300,130.5600,0.000134
_5223_,VGND,li1,315.7900,212.1600,0.000806
_5222_,VGND,li1,272.0900,21.7600,0.000555
_5221_,VGND,li1,180.5500,217.6000,0.000190
_5220_,VGND,li1,123.5100,228.4800,0.000427
_5219_,VGND,li1,107.4100,119.6800,0.000416
_5218_,VGND,li1,316.7100,163.2000,0.000452
_5217_,VGND,li1,267.4900,255.6800,0.000578
_5216_,VGND,li1,130.4100,163.2000,0.000194
_5215_,VGND,li1,316.7100,255.6800,0.000635
_5214_,VGND,li1,274.8500,136.0000,0.000565
_5213_,VGND,li1,316.7100,114.2400,0.000792
_5212_,VGND,li1,104.6500,16.3200,0.000387
_5211_,VGND,li1,226.5500,48.9600,0.000304
_5210_,VGND,li1,190.2100,43.5200,0.000211
_5209_,VGND,li1,105.5700,59.8400,0.000627
_5208_,VGND,li1,123.0500,223.0400,0.000251
_5207_,VGND,li1,272.0900,195.8400,0.000845
_5206_,VGND,li1,138.2300,233.9200,0.000336
_5205_,VGND,li1,166.2900,32.6400,0.000184
_5204_,VGND,li1,100.9700,250.2400,0.000286
_5203_,VGND,li1,143.2900,38.0800,0.000180
_5202_,VGND,li1,308.4300,54.4000,0.000556
_5201_,VGND,li1,194.8100,244.8000,0.000315
_5200_,VGND,li1,143.2900,190.4000,0.000294
_5199_,VGND,li1,134.0900,244.8000,0.000308
_5198_,VGND,li1,112.9300,152.3200,0.000374
_5197_,VGND,li1,298.7700,38.0800,0.000742
_5196_,VGND,li1,272.5500,217.6000,0.000884
_5195_,VGND,li1,126.7300,174.0800,0.000243
_5194_,VGND,li1,309.3500,233.9200,0.000926
_5193_,VGND,li1,95.4500,21.7600,0.000241
_5192_,VGND,li1,160.3100,125.1200,0.000248
_5191_,VGND,li1,308.4300,217.6000,0.000967
_5190_,VGND,li1,277.1500,32.6400,0.000483
_5189_,VGND,li1,178.7100,223.0400,0.000196
_5188_,VGND,li1,124.4300,233.9200,0.000353
_5187_,VGND,li1,103.7300,114.2400,0.000305
_5186_,VGND,li1,310.7300,168.6400,0.000679
_5185_,VGND,li1,269.3300,250.2400,0.000628
_5184_,VGND,li1,125.8100,163.2000,0.000199
_5183_,VGND,li1,306.1300,250.2400,0.000714
_5182_,VGND,li1,272.0900,152.3200,0.001135
_5181_,VGND,li1,307.9700,114.2400,0.000786
_5180_,VGND,li1,104.6500,27.2000,0.000398
_5179_,VGND,li1,226.0900,54.4000,0.000420
_5178_,VGND,li1,192.5100,43.5200,0.000228
_5177_,VGND,li1,100.0500,54.4000,0.000230
_5176_,VGND,li1,118.9100,212.1600,0.000359
_5175_,VGND,li1,273.0100,195.8400,0.000845
_5174_,VGND,li1,138.6900,239.3600,0.000304
_5173_,VGND,li1,166.2900,43.5200,0.000137
_5172_,VGND,li1,100.9700,250.2400,0.000286
_5171_,VGND,li1,143.7500,43.5200,0.000180
_5170_,VGND,li1,308.4300,59.8400,0.001538
_5169_,VGND,li1,194.8100,239.3600,0.000206
_5168_,VGND,li1,143.2900,184.9600,0.000419
_5167_,VGND,li1,134.5500,250.2400,0.000242
_5166_,VGND,li1,110.6300,152.3200,0.000375
_5165_,VGND,li1,306.1300,32.6400,0.000506
_5164_,VGND,li1,272.5500,223.0400,0.001224
_5163_,VGND,li1,126.7300,174.0800,0.000243
_5162_,VGND,li1,309.3500,233.9200,0.000926
_5161_,VGND,li1,95.4500,27.2000,0.000388
_5160_,VGND,li1,160.3100,119.6800,0.000372
_5159_,VGND,li1,308.4300,217.6000,0.000967
_5158_,VGND,li1,277.1500,27.2000,0.000583
_5157_,VGND,li1,178.7100,223.0400,0.000196
_5156_,VGND,li1,125.8100,233.9200,0.000353
_5155_,VGND,li1,103.7300,119.6800,0.000411
_5154_,VGND,li1,310.7300,174.0800,0.000716
_5153_,VGND,li1,269.3300,250.2400,0.000628
_5152_,VGND,li1,122.5900,163.2000,0.000202
_5151_,VGND,li1,305.6700,250.2400,0.000714
_5150_,VGND,li1,273.0100,157.7600,0.000572
_5149_,VGND,li1,307.9700,114.2400,0.000786
_5148_,VGND,li1,109.2500,27.2000,0.000401
_5147_,VGND,li1,226.0900,43.5200,0.000432
_5146_,VGND,li1,192.9700,48.9600,0.000178
_5145_,VGND,li1,100.0500,65.2800,0.000452
_5144_,VGND,li1,117.5300,206.7200,0.000324
_5143_,VGND,li1,254.6100,206.7200,0.000998
_5142_,VGND,li1,142.3700,223.0400,0.000261
_5141_,VGND,li1,158.4700,59.8400,0.000401
_5140_,VGND,li1,100.9700,244.8000,0.000327
_5139_,VGND,li1,125.8100,59.8400,0.000566
_5138_,VGND,li1,293.7100,65.2800,0.000920
_5137_,VGND,li1,177.7900,250.2400,0.000116
_5136_,VGND,li1,142.8300,201.2800,0.000239
_5135_,VGND,li1,121.2100,244.8000,0.000328
_5134_,VGND,li1,100.5100,146.8800,0.000297
_5133_,VGND,li1,293.2500,43.5200,0.000662
_5132_,VGND,li1,266.5700,217.6000,0.000857
_5131_,VGND,li1,113.3900,190.4000,0.000328
_5130_,VGND,li1,293.2500,228.4800,0.000948
_5129_,VGND,li1,94.5300,48.9600,0.000238
_5128_,VGND,li1,152.9500,136.0000,0.000277
_5127_,VGND,li1,295.5500,217.6000,0.000941
_5126_,VGND,li1,267.4900,43.5200,0.000608
_5125_,VGND,li1,164.4500,228.4800,0.000260
_5124_,VGND,li1,104.6500,233.9200,0.000351
_5123_,VGND,li1,101.8900,136.0000,0.000383
_5122_,VGND,li1,293.2500,174.0800,0.000689
_5121_,VGND,li1,262.8900,233.9200,0.000778
_5120_,VGND,li1,130.8700,141.4400,0.000224
_5119_,VGND,li1,293.2500,250.2400,0.000691
_5118_,VGND,li1,271.1700,141.4400,0.000628
_5117_,VGND,li1,293.2500,114.2400,0.000758
_5116_,VGND,li1,112.9300,48.9600,0.000247
_5115_,VGND,li1,215.0500,43.5200,0.000370
_5114_,VGND,li1,178.2500,48.9600,0.000101
_5113_,VGND,li1,102.8100,81.6000,0.000509
_5112_,VGND,li1,104.1900,206.7200,0.000300
_5111_,VGND,li1,254.6100,201.2800,0.000557
_5110_,VGND,li1,140.9900,212.1600,0.000308
_5109_,VGND,li1,156.1700,65.2800,0.000273
_5108_,VGND,li1,96.8300,239.3600,0.000377
_5107_,VGND,li1,117.5300,59.8400,0.000595
_5106_,VGND,li1,293.2500,65.2800,0.000920
_5105_,VGND,li1,177.3300,244.8000,0.000163
_5104_,VGND,li1,140.5300,206.7200,0.000343
_5103_,VGND,li1,117.5300,239.3600,0.000377
_5102_,VGND,li1,97.2900,157.7600,0.000484
_5101_,VGND,li1,289.1100,43.5200,0.000657
_5100_,VGND,li1,257.8300,223.0400,0.001102
_5099_,VGND,li1,109.7100,195.8400,0.000398
_5098_,VGND,li1,293.2500,233.9200,0.000894
_5097_,VGND,li1,91.7700,48.9600,0.000234
_5096_,VGND,li1,151.1100,130.5600,0.000205
_5095_,VGND,li1,284.9700,228.4800,0.000934
_5094_,VGND,li1,267.4900,48.9600,0.000396
_5093_,VGND,li1,156.1700,228.4800,0.000302
_5092_,VGND,li1,103.2700,223.0400,0.000227
_5091_,VGND,li1,99.1300,141.4400,0.000214
_5090_,VGND,li1,289.5700,174.0800,0.000680
_5089_,VGND,li1,257.3700,244.8000,0.000714
_5088_,VGND,li1,125.8100,146.8800,0.000327
_5087_,VGND,li1,284.9700,255.6800,0.000609
_5086_,VGND,li1,267.4900,146.8800,0.001032
_5085_,VGND,li1,289.5700,108.8000,0.001307
_5084_,VGND,li1,109.7100,48.9600,0.000248
_5083_,VGND,li1,206.3100,38.0800,0.000279
_5082_,VGND,li1,177.3300,59.8400,0.000276
_5081_,VGND,li1,100.9700,81.6000,0.000508
_5080_,VGND,li1,102.8100,201.2800,0.000254
_5079_,VGND,li1,308.8900,184.9600,0.001027
_5078_,VGND,li1,145.5900,277.4400,0.000325
_5077_,VGND,li1,164.9100,70.7200,0.000175
_5076_,VGND,li1,52.6700,272.0000,0.000199
_5075_,VGND,li1,140.9900,59.8400,0.000504
_5074_,VGND,li1,313.9500,97.9200,0.000646
_5073_,VGND,li1,198.0300,288.3200,0.000274
_5072_,VGND,li1,53.1300,201.2800,0.000167
_5071_,VGND,li1,109.7100,282.8800,0.000260
_5070_,VGND,li1,53.5900,152.3200,0.000297
_5069_,VGND,li1,307.0500,81.6000,0.000768
_5068_,VGND,li1,267.4900,272.0000,0.001409
_5067_,VGND,li1,56.8100,179.5200,0.000266
_5066_,VGND,li1,313.9500,266.5600,0.001055
_5065_,VGND,li1,54.0500,59.8400,0.000400
_5064_,VGND,li1,181.9300,152.3200,0.000284
_5063_,VGND,li1,316.7100,206.7200,0.001105
_5062_,VGND,li1,272.0900,59.8400,0.001483
_5061_,VGND,li1,171.8100,272.0000,0.000262
_5060_,VGND,li1,62.7900,282.8800,0.000251
_5059_,VGND,li1,53.1300,114.2400,0.000259
_5058_,VGND,li1,315.7900,152.3200,0.001213
_5057_,VGND,li1,284.9700,277.4400,0.000933
_5056_,VGND,li1,57.7300,136.0000,0.000240
_5055_,VGND,li1,313.9500,277.4400,0.000965
_5054_,VGND,li1,270.7100,119.6800,0.001550
_5053_,VGND,li1,316.7100,130.5600,0.000553
_5052_,VGND,li1,67.3900,59.8400,0.000524
_5051_,VGND,li1,211.8300,59.8400,0.000867
_5050_,VGND,li1,176.4100,70.7200,0.000151
_5049_,VGND,li1,48.5300,81.6000,0.000289
_5048_,VGND,li1,51.2900,250.2400,0.000221
_5047_,VGND,li1,247.9400,174.0800,0.000550
_5046_,VGND,li1,128.3400,310.0800,0.000200
_5045_,VGND,li1,155.9400,27.2000,0.000247
_5044_,VGND,li1,34.5000,288.3200,0.000107
_5043_,VGND,li1,118.6800,32.6400,0.000288
_5042_,VGND,li1,248.8600,59.8400,0.001317
_5041_,VGND,li1,190.4400,299.2000,0.000202
_5040_,VGND,li1,31.7400,212.1600,0.000126
_5039_,VGND,li1,106.7200,320.9600,0.000323
_5038_,VGND,li1,33.5800,174.0800,0.000084
_5037_,VGND,li1,252.0800,16.3200,0.000495
_5036_,VGND,li1,229.0800,293.7600,0.000330
_5035_,VGND,li1,55.2000,174.0800,0.000150
_5034_,VGND,li1,246.1000,288.3200,0.000505
_5033_,VGND,li1,51.5200,38.0800,0.000122
_5032_,VGND,li1,154.1000,174.0800,0.000204
_5031_,VGND,li1,244.2600,201.2800,0.000520
_5030_,VGND,li1,249.3200,38.0800,0.000514
_5029_,VGND,li1,163.3000,315.5200,0.000198
_5028_,VGND,li1,72.6800,315.5200,0.000280
_5027_,VGND,li1,37.7200,97.9200,0.000136
_5026_,VGND,li1,251.6200,168.6400,0.000578
_5025_,VGND,li1,253.0000,315.5200,0.000354
_5024_,VGND,li1,29.4400,125.1200,0.000152
_5023_,VGND,li1,209.7600,304.6400,0.000408
_5022_,VGND,li1,213.9000,163.2000,0.000260
_5021_,VGND,li1,247.9400,119.6800,0.001449
_5020_,VGND,li1,69.4600,16.3200,0.000313
_5019_,VGND,li1,214.3600,10.8800,0.000107
_5018_,VGND,li1,201.0200,16.3200,0.000295
_5017_,VGND,li1,36.3400,32.6400,0.000132
_5016_,VGND,li1,32.2000,239.3600,0.000108
_5015_,VGND,li1,189.7500,195.8400,0.000296
_5014_,VGND,li1,64.1700,217.6000,0.000227
_5013_,VGND,li1,248.4000,195.8400,0.000755
_5012_,VGND,li1,132.4800,223.0400,0.000257
_5011_,VGND,li1,150.8800,48.9600,0.000212
_5010_,VGND,li1,85.5600,244.8000,0.000281
_5009_,VGND,li1,115.9200,54.4000,0.000219
_5008_,VGND,li1,283.8200,59.8400,0.001505
_5007_,VGND,li1,171.1200,250.2400,0.000136
_5006_,VGND,li1,125.1200,206.7200,0.000332
_5005_,VGND,li1,106.7200,244.8000,0.000338
_5004_,VGND,li1,90.1600,146.8800,0.000277
_5003_,VGND,li1,278.7600,43.5200,0.000637
_5002_,VGND,li1,252.5400,217.6000,0.000800
_5001_,VGND,li1,99.3600,195.8400,0.000406
_5000_,VGND,li1,278.7600,233.9200,0.000850
_4999_,VGND,li1,80.0400,43.5200,0.000173
_4998_,VGND,li1,141.6800,130.5600,0.000230
_4997_,VGND,li1,278.7600,212.1600,0.000780
_4996_,VGND,li1,253.4600,43.5200,0.000559
_4995_,VGND,li1,150.4200,228.4800,0.000335
_4994_,VGND,li1,93.8400,217.6000,0.000312
_4993_,VGND,li1,86.9400,130.5600,0.000296
_4992_,VGND,li1,279.6800,174.0800,0.000654
_4991_,VGND,li1,252.5400,239.3600,0.000329
_4990_,VGND,li1,111.3200,141.4400,0.000222
_4989_,VGND,li1,280.1400,244.8000,0.000782
_4988_,VGND,li1,256.2200,141.4400,0.000577
_4987_,VGND,li1,282.9000,114.2400,0.000730
_4986_,VGND,li1,95.6800,54.4000,0.000227
_4985_,VGND,li1,201.0200,48.9600,0.000212
_4984_,VGND,li1,171.1200,48.9600,0.000130
_4983_,VGND,li1,93.8400,70.7200,0.000166
_4982_,VGND,li1,86.4800,206.7200,0.000248
_4981_,VGND,li1,147.4300,223.0400,0.000258
_4980_,VGND,li1,87.1700,223.0400,0.000193
_4979_,VGND,li1,248.4000,201.2800,0.000536
_4978_,VGND,li1,131.5600,212.1600,0.000332
_4977_,VGND,li1,150.4200,65.2800,0.000297
_4976_,VGND,li1,80.9600,244.8000,0.000270
_4975_,VGND,li1,111.7800,54.4000,0.000224
_4974_,VGND,li1,285.6600,65.2800,0.000906
_4973_,VGND,li1,171.1200,239.3600,0.000160
_4972_,VGND,li1,132.4800,212.1600,0.000327
_4971_,VGND,li1,110.4000,250.2400,0.000278
_4970_,VGND,li1,89.7000,146.8800,0.000277
_4969_,VGND,li1,280.6000,38.0800,0.000668
_4968_,VGND,li1,253.0000,223.0400,0.001056
_4967_,VGND,li1,103.0400,195.8400,0.000403
_4966_,VGND,li1,279.2200,228.4800,0.000913
_4965_,VGND,li1,80.9600,48.9600,0.000210
_4964_,VGND,li1,141.6800,130.5600,0.000230
_4963_,VGND,li1,280.6000,217.6000,0.000908
_4962_,VGND,li1,257.6000,48.9600,0.000380
_4961_,VGND,li1,150.4200,223.0400,0.000255
_4960_,VGND,li1,93.8400,233.9200,0.000340
_4959_,VGND,li1,90.1600,125.1200,0.000473
_4958_,VGND,li1,280.6000,163.2000,0.000418
_4957_,VGND,li1,254.8400,228.4800,0.000787
_4956_,VGND,li1,115.9200,136.0000,0.000373
_4955_,VGND,li1,281.5200,239.3600,0.000348
_4954_,VGND,li1,257.1400,152.3200,0.001084
_4953_,VGND,li1,279.2200,114.2400,0.000718
_4952_,VGND,li1,97.9800,43.5200,0.000189
_4951_,VGND,li1,201.0200,43.5200,0.000287
_4950_,VGND,li1,170.6600,48.9600,0.000130
_4949_,VGND,li1,92.9200,70.7200,0.000164
_4948_,VGND,li1,95.6800,201.2800,0.000246
_4947_,VGND,li1,137.3100,184.9600,0.000434
_4946_,VGND,li1,87.1700,212.1600,0.000366
_4945_,VGND,li1,247.9400,174.0800,0.000550
_4944_,VGND,li1,128.8000,326.4000,0.000075
_4943_,VGND,li1,145.3600,10.8800,0.000077
_4942_,VGND,li1,37.7200,282.8800,0.000150
_4941_,VGND,li1,122.3600,32.6400,0.000283
_4940_,VGND,li1,243.8000,59.8400,0.001267
_4939_,VGND,li1,190.9000,315.5200,0.000167
_4938_,VGND,li1,29.4400,217.6000,0.000092
_4937_,VGND,li1,103.0400,326.4000,0.000077
_4936_,VGND,li1,29.4400,163.2000,0.000062
_4935_,VGND,li1,248.4000,21.7600,0.000511
_4934_,VGND,li1,229.5400,293.7600,0.000330
_4933_,VGND,li1,43.7000,174.0800,0.000116
_4932_,VGND,li1,240.5800,277.4400,0.000689
_4931_,VGND,li1,55.2000,32.6400,0.000215
_4930_,VGND,li1,157.3200,168.6400,0.000395
_4929_,VGND,li1,236.4400,223.0400,0.000910
_4928_,VGND,li1,252.5400,27.2000,0.000549
_4927_,VGND,li1,167.4400,320.9600,0.000219
_4926_,VGND,li1,72.2200,320.9600,0.000249
_4925_,VGND,li1,38.6400,87.0400,0.000070
_4924_,VGND,li1,248.4000,152.3200,0.001029
_4923_,VGND,li1,249.3200,310.0800,0.000263
_4922_,VGND,li1,34.9600,114.2400,0.000135
_4921_,VGND,li1,209.7600,310.0800,0.000221
_4920_,VGND,li1,217.5800,163.2000,0.000275
_4919_,VGND,li1,243.8000,119.6800,0.001403
_4918_,VGND,li1,73.1400,27.2000,0.000343
_4917_,VGND,li1,214.3600,16.3200,0.000360
_4916_,VGND,li1,200.1000,27.2000,0.000266
_4915_,VGND,li1,30.8200,38.0800,0.000055
_4914_,VGND,li1,36.3400,244.8000,0.000108
_4913_,VGND,li1,177.7900,195.8400,0.000174
_4912_,VGND,li1,70.1500,217.6000,0.000244
_4911_,VGND,li1,243.3400,184.9600,0.000779
_4910_,VGND,li1,119.6000,320.9600,0.000330
_4909_,VGND,li1,127.4200,16.3200,0.000371
_4908_,VGND,li1,26.2200,277.4400,0.000069
_4907_,VGND,li1,119.6000,16.3200,0.000382
_4906_,VGND,li1,240.1200,76.1600,0.000304
_4905_,VGND,li1,199.6400,320.9600,0.000370
_4904_,VGND,li1,9.2000,212.1600,0.000088
_4903_,VGND,li1,99.3600,310.0800,0.000211
_4902_,VGND,li1,16.5600,157.7600,0.000089
_4901_,VGND,li1,241.5000,59.8400,0.001240
_4900_,VGND,li1,231.3800,304.6400,0.000548
_4899_,VGND,li1,29.4400,179.5200,0.000108
_4898_,VGND,li1,226.7800,261.1200,0.000502
_4897_,VGND,li1,48.7600,27.2000,0.000215
_4896_,VGND,li1,136.6200,168.6400,0.000394
_4895_,VGND,li1,235.5200,206.7200,0.000875
_4894_,VGND,li1,235.5200,21.7600,0.000481
_4893_,VGND,li1,142.6000,320.9600,0.000304
_4892_,VGND,li1,55.2000,320.9600,0.000176
_4891_,VGND,li1,23.9200,87.0400,0.000033
_4890_,VGND,li1,239.6600,152.3200,0.000977
_4889_,VGND,li1,241.0400,310.0800,0.000257
_4888_,VGND,li1,22.0800,119.6800,0.000091
_4887_,VGND,li1,217.5800,315.5200,0.000269
_4886_,VGND,li1,208.8400,146.8800,0.000509
_4885_,VGND,li1,233.2200,119.6800,0.001282
_4884_,VGND,li1,63.0200,27.2000,0.000300
_4883_,VGND,li1,208.3800,16.3200,0.000336
_4882_,VGND,li1,171.1200,10.8800,0.000049
_4881_,VGND,li1,24.8400,54.4000,0.000066
_4880_,VGND,li1,25.7600,228.4800,0.000070
_4879_,VGND,li1,171.8100,190.4000,0.000203
_4878_,VGND,li1,81.6500,217.6000,0.000276
_4877_,VGND,li1,234.1400,174.0800,0.000500
_4876_,VGND,li1,115.9200,326.4000,0.000077
_4875_,VGND,li1,137.0800,27.2000,0.000334
_4874_,VGND,li1,16.1000,293.7600,0.000072
_4873_,VGND,li1,119.6000,21.7600,0.000258
_4872_,VGND,li1,236.4400,76.1600,0.000293
_4871_,VGND,li1,195.9600,320.9600,0.000352
_4870_,VGND,li1,12.8800,223.0400,0.000053
_4869_,VGND,li1,93.8400,310.0800,0.000211
_4868_,VGND,li1,12.8800,157.7600,0.000090
_4867_,VGND,li1,240.1200,43.5200,0.000505
_4866_,VGND,li1,223.1000,315.5200,0.000289
_4865_,VGND,li1,20.7000,179.5200,0.000074
_4864_,VGND,li1,235.0600,272.0000,0.001107
_4863_,VGND,li1,39.5600,27.2000,0.000153
_4862_,VGND,li1,139.8400,163.2000,0.000176
_4861_,VGND,li1,224.9400,201.2800,0.000417
_4860_,VGND,li1,236.4400,21.7600,0.000481
_4859_,VGND,li1,152.2600,310.0800,0.000168
_4858_,VGND,li1,64.4000,310.0800,0.000199
_4857_,VGND,li1,19.3200,92.4800,0.000057
_4856_,VGND,li1,242.4200,163.2000,0.000358
_4855_,VGND,li1,235.5200,326.4000,0.000091
_4854_,VGND,li1,24.3800,130.5600,0.000064
_4853_,VGND,li1,213.9000,315.5200,0.000256
_4852_,VGND,li1,213.9000,157.7600,0.000362
_4851_,VGND,li1,233.6800,130.5600,0.000403
_4850_,VGND,li1,59.3400,32.6400,0.000226
_4849_,VGND,li1,213.9000,27.2000,0.000364
_4848_,VGND,li1,183.0800,16.3200,0.000176
_4847_,VGND,li1,23.0000,38.0800,0.000038
_4846_,VGND,li1,16.5600,239.3600,0.000081
_4845_,VGND,li1,186.5300,195.8400,0.000266
_4844_,VGND,li1,81.6500,212.1600,0.000363
_4843_,VGND,li1,230.4600,179.5200,0.000710
_4842_,VGND,li1,115.9200,320.9600,0.000329
_4841_,VGND,li1,128.8000,10.8800,0.000085
_4840_,VGND,li1,17.0200,282.8800,0.000082
_4839_,VGND,li1,112.2400,16.3200,0.000387
_4838_,VGND,li1,230.4600,70.7200,0.000709
_4837_,VGND,li1,179.4000,315.5200,0.000116
_4836_,VGND,li1,11.5000,239.3600,0.000082
_4835_,VGND,li1,94.3000,310.0800,0.000211
_4834_,VGND,li1,11.0400,146.8800,0.000065
_4833_,VGND,li1,235.5200,54.4000,0.000463
_4832_,VGND,li1,222.6400,310.0800,0.000239
_4831_,VGND,li1,9.6600,179.5200,0.000079
_4830_,VGND,li1,219.4200,272.0000,0.000916
_4829_,VGND,li1,38.6400,27.2000,0.000153
_4828_,VGND,li1,132.4800,168.6400,0.000392
_4827_,VGND,li1,226.7800,206.7200,0.000821
_4826_,VGND,li1,228.1600,27.2000,0.000442
_4825_,VGND,li1,145.3600,310.0800,0.000178
_4824_,VGND,li1,54.7400,310.0800,0.000171
_4823_,VGND,li1,11.9600,87.0400,0.000034
_4822_,VGND,li1,234.1400,157.7600,0.000453
_4821_,VGND,li1,235.5200,315.5200,0.000325
_4820_,VGND,li1,12.4200,114.2400,0.000082
_4819_,VGND,li1,205.6200,315.5200,0.000225
_4818_,VGND,li1,193.2000,146.8800,0.000354
_4817_,VGND,li1,222.6400,119.6800,0.001151
_4816_,VGND,li1,54.7400,27.2000,0.000251
_4815_,VGND,li1,204.7000,16.3200,0.000315
_4814_,VGND,li1,171.1200,21.7600,0.000160
_4813_,VGND,li1,16.5600,38.0800,0.000038
_4812_,VGND,li1,14.2600,244.8000,0.000062
_4811_,VGND,li1,176.8700,179.5200,0.000227
_4810_,VGND,li1,80.7300,212.1600,0.000362
_4809_,VGND,li1,260.1300,174.0800,0.000588
_4808_,VGND,li1,152.9500,304.6400,0.000179
_4807_,VGND,li1,149.2700,10.8800,0.000074
_4806_,VGND,li1,45.7700,282.8800,0.000185
_4805_,VGND,li1,124.4300,48.9600,0.000238
_4804_,VGND,li1,250.4700,54.4000,0.000492
_4803_,VGND,li1,197.1100,310.0800,0.000189
_4802_,VGND,li1,41.1700,217.6000,0.000150
_4801_,VGND,li1,113.3900,299.2000,0.000239
_4800_,VGND,li1,54.0500,163.2000,0.000123
_4799_,VGND,li1,250.9300,21.7600,0.000516
_4798_,VGND,li1,230.6900,299.2000,0.000435
_4797_,VGND,li1,60.4900,174.0800,0.000160
_4796_,VGND,li1,241.2700,282.8800,0.000312
_4795_,VGND,li1,67.3900,43.5200,0.000159
_4794_,VGND,li1,166.2900,184.9600,0.000287
_4793_,VGND,li1,235.7500,223.0400,0.000891
_4792_,VGND,li1,235.7500,16.3200,0.000458
_4791_,VGND,li1,178.7100,304.6400,0.000139
_4790_,VGND,li1,84.8700,320.9600,0.000284
_4789_,VGND,li1,43.0100,103.3600,0.000126
_4788_,VGND,li1,265.1900,157.7600,0.000553
_4787_,VGND,li1,265.1900,310.0800,0.000276
_4786_,VGND,li1,43.0100,119.6800,0.000170
_4785_,VGND,li1,213.6700,299.2000,0.000340
_4784_,VGND,li1,222.8700,157.7600,0.000405
_4783_,VGND,li1,259.6700,114.2400,0.000647
_4782_,VGND,li1,84.8700,16.3200,0.000359
_4781_,VGND,li1,209.9900,21.7600,0.000342
_4780_,VGND,li1,184.2300,16.3200,0.000191
_4779_,VGND,li1,36.5700,32.6400,0.000132
_4778_,VGND,li1,52.6700,233.9200,0.000246
_4777_,VGND,li1,289.8000,184.9600,0.000988
_4776_,VGND,li1,149.5000,288.3200,0.000188
_4775_,VGND,li1,155.9400,87.0400,0.000184
_4774_,VGND,li1,36.3400,277.4400,0.000121
_4773_,VGND,li1,132.0200,87.0400,0.000213
_4772_,VGND,li1,299.4600,92.4800,0.000778
_4771_,VGND,li1,208.8400,282.8800,0.000220
_4770_,VGND,li1,36.3400,195.8400,0.000164
_4769_,VGND,li1,102.5800,299.2000,0.000229
_4768_,VGND,li1,34.5000,152.3200,0.000189
_4767_,VGND,li1,299.0000,87.0400,0.000553
_4766_,VGND,li1,260.3600,272.0000,0.001369
_4765_,VGND,li1,37.2600,179.5200,0.000154
_4764_,VGND,li1,303.6000,261.1200,0.000610
_4763_,VGND,li1,33.5800,65.2800,0.000147
_4762_,VGND,li1,173.8800,146.8800,0.000219
_4761_,VGND,li1,301.7600,201.2800,0.000674
_4760_,VGND,li1,278.3000,65.2800,0.000891
_4759_,VGND,li1,162.3800,272.0000,0.000282
_4758_,VGND,li1,77.2800,288.3200,0.000251
_4757_,VGND,li1,28.9800,108.8000,0.000124
_4756_,VGND,li1,299.9200,152.3200,0.001196
_4755_,VGND,li1,296.7000,282.8800,0.000440
_4754_,VGND,li1,38.1800,136.0000,0.000135
_4753_,VGND,li1,299.9200,282.8800,0.000446
_4752_,VGND,li1,265.4200,103.3600,0.000512
_4751_,VGND,li1,305.9000,141.4400,0.000692
_4750_,VGND,li1,80.9600,59.8400,0.000576
_4749_,VGND,li1,226.7800,59.8400,0.001065
_4748_,VGND,li1,190.4400,54.4000,0.000184
_4747_,VGND,li1,41.4000,87.0400,0.000079
_4746_,VGND,li1,34.5000,261.1200,0.000111
_4745_,VGND,li1,168.5900,195.8400,0.000226
_4744_,VGND,li1,55.8900,217.6000,0.000201
_4743_,VGND,li1,226.7800,179.5200,0.000681
_4742_,VGND,li1,124.2000,315.5200,0.000351
_4741_,VGND,li1,132.4800,32.6400,0.000269
_4740_,VGND,li1,16.5600,282.8800,0.000082
_4739_,VGND,li1,118.2200,27.2000,0.000401
_4738_,VGND,li1,229.5400,76.1600,0.000277
_4737_,VGND,li1,181.2400,315.5200,0.000125
_4736_,VGND,li1,13.3400,212.1600,0.000088
_4735_,VGND,li1,90.1600,320.9600,0.000298
_4734_,VGND,li1,11.5000,152.3200,0.000150
_4733_,VGND,li1,237.8200,54.4000,0.000468
_4732_,VGND,li1,222.6400,326.4000,0.000082
_4731_,VGND,li1,16.1000,179.5200,0.000077
_4730_,VGND,li1,221.7200,261.1200,0.000489
_4729_,VGND,li1,42.3200,16.3200,0.000179
_4728_,VGND,li1,138.0000,163.2000,0.000183
_4727_,VGND,li1,227.2400,190.4000,0.000666
_4726_,VGND,li1,228.1600,32.6400,0.000385
_4725_,VGND,li1,141.6800,320.9600,0.000304
_4724_,VGND,li1,58.4200,310.0800,0.000182
_4723_,VGND,li1,16.5600,103.3600,0.000045
_4722_,VGND,li1,234.6000,152.3200,0.000932
_4721_,VGND,li1,237.3600,320.9600,0.000627
_4720_,VGND,li1,8.7400,114.2400,0.000082
_4719_,VGND,li1,207.9200,315.5200,0.000234
_4718_,VGND,li1,201.0200,141.4400,0.000273
_4717_,VGND,li1,226.7800,114.2400,0.000469
_4716_,VGND,li1,58.4200,27.2000,0.000266
_4715_,VGND,li1,201.4800,21.7600,0.000296
_4714_,VGND,li1,171.1200,16.3200,0.000183
_4713_,VGND,li1,16.5600,43.5200,0.000048
_4712_,VGND,li1,14.2600,228.4800,0.000076
_4711_,VGND,li1,187.9100,184.9600,0.000295
_4710_,VGND,li1,80.2700,217.6000,0.000276
_4709_,VGND,li1,78.6600,212.1600,0.000360
_4708_,VGND,li1,293.9400,190.4000,0.001118
_4707_,VGND,li1,144.9000,299.2000,0.000241
_4706_,VGND,li1,152.2600,87.0400,0.000188
_4705_,VGND,li1,36.8000,277.4400,0.000121
_4704_,VGND,li1,128.8000,81.6000,0.000465
_4703_,VGND,li1,300.8400,103.3600,0.000570
_4702_,VGND,li1,201.0200,293.7600,0.000225
_4701_,VGND,li1,34.9600,206.7200,0.000080
_4700_,VGND,li1,106.7200,299.2000,0.000232
_4699_,VGND,li1,34.0400,157.7600,0.000151
_4698_,VGND,li1,299.9200,81.6000,0.000760
_4697_,VGND,li1,269.1000,266.5600,0.000950
_4696_,VGND,li1,37.2600,179.5200,0.000154
_4695_,VGND,li1,303.6000,277.4400,0.000955
_4694_,VGND,li1,34.5000,65.2800,0.000147
_4693_,VGND,li1,178.9400,136.0000,0.000160
_4692_,VGND,li1,305.4400,195.8400,0.000903
_4691_,VGND,li1,281.9800,65.2800,0.000898
_4690_,VGND,li1,158.2400,277.4400,0.000264
_4689_,VGND,li1,73.1400,288.3200,0.000244
_4688_,VGND,li1,31.2800,114.2400,0.000120
_4687_,VGND,li1,304.5200,146.8800,0.001209
_4686_,VGND,li1,291.1800,282.8800,0.000435
_4685_,VGND,li1,33.5800,136.0000,0.000114
_4684_,VGND,li1,299.9200,288.3200,0.000582
_4683_,VGND,li1,259.4400,108.8000,0.001109
_4682_,VGND,li1,305.9000,130.5600,0.000546
_4681_,VGND,li1,89.2400,65.2800,0.000442
_4680_,VGND,li1,222.1800,70.7200,0.000627
_4679_,VGND,li1,191.8200,59.8400,0.000536
_4678_,VGND,li1,38.6400,81.6000,0.000212
_4677_,VGND,li1,29.9000,255.6800,0.000076
_4676_,VGND,li1,166.7500,201.2800,0.000167
_4675_,VGND,li1,61.8700,212.1600,0.000299
_4674_,VGND,li1,275.5400,174.0800,0.000642
_4673_,VGND,li1,126.0400,288.3200,0.000220
_4672_,VGND,li1,149.5000,65.2800,0.000297
_4671_,VGND,li1,25.7600,261.1200,0.000059
_4670_,VGND,li1,119.6000,81.6000,0.000493
_4669_,VGND,li1,294.4000,97.9200,0.000614
_4668_,VGND,li1,188.6000,293.7600,0.000166
_4667_,VGND,li1,26.6800,201.2800,0.000057
_4666_,VGND,li1,97.9800,293.7600,0.000392
_4665_,VGND,li1,28.9800,152.3200,0.000135
_4664_,VGND,li1,289.3400,70.7200,0.001182
_4663_,VGND,li1,261.2800,288.3200,0.000535
_4662_,VGND,li1,22.5400,184.9600,0.000110
_4661_,VGND,li1,291.6400,261.1200,0.000604
_4660_,VGND,li1,28.9800,65.2800,0.000112
_4659_,VGND,li1,188.1400,157.7600,0.000220
_4658_,VGND,li1,289.3400,190.4000,0.001101
_4657_,VGND,li1,273.7000,81.6000,0.000701
_4656_,VGND,li1,163.7600,310.0800,0.000136
_4655_,VGND,li1,59.3400,299.2000,0.000149
_4654_,VGND,li1,21.6200,103.3600,0.000045
_4653_,VGND,li1,287.0400,141.4400,0.000661
_4652_,VGND,li1,279.2200,299.2000,0.000651
_4651_,VGND,li1,27.6000,141.4400,0.000062
_4650_,VGND,li1,299.9200,299.2000,0.000674
_4649_,VGND,li1,272.3200,103.3600,0.000530
_4648_,VGND,li1,291.1800,125.1200,0.000485
_4647_,VGND,li1,60.7200,76.1600,0.000200
_4646_,VGND,li1,201.0200,59.8400,0.000664
_4645_,VGND,li1,184.0000,76.1600,0.000113
_4644_,VGND,li1,19.7800,81.6000,0.000102
_4643_,VGND,li1,22.5400,255.6800,0.000057
_4642_,VGND,li1,188.8300,195.8400,0.000296
_4641_,VGND,li1,66.4700,217.6000,0.000238
_4640_,VGND,li1,272.7800,190.4000,0.001006
_4639_,VGND,li1,120.5200,299.2000,0.000245
_4638_,VGND,li1,145.3600,70.7200,0.000188
_4637_,VGND,li1,21.1600,272.0000,0.000068
_4636_,VGND,li1,115.9200,81.6000,0.000499
_4635_,VGND,li1,294.8600,103.3600,0.000566
_4634_,VGND,li1,187.6800,293.7600,0.000153
_4633_,VGND,li1,11.5000,206.7200,0.000057
_4632_,VGND,li1,97.9800,304.6400,0.000182
_4631_,VGND,li1,12.4200,157.7600,0.000091
_4630_,VGND,li1,286.5800,87.0400,0.000551
_4629_,VGND,li1,261.7400,299.2000,0.000581
_4628_,VGND,li1,25.3000,195.8400,0.000094
_4627_,VGND,li1,283.8200,261.1200,0.000598
_4626_,VGND,li1,22.5400,59.8400,0.000112
_4625_,VGND,li1,183.5400,157.7600,0.000190
_4624_,VGND,li1,283.3600,206.7200,0.001076
_4623_,VGND,li1,265.4200,87.0400,0.000539
_4622_,VGND,li1,158.2400,304.6400,0.000171
_4621_,VGND,li1,63.4800,299.2000,0.000159
_4620_,VGND,li1,20.7000,114.2400,0.000077
_4619_,VGND,li1,286.5800,146.8800,0.001140
_4618_,VGND,li1,265.8800,299.2000,0.000599
_4617_,VGND,li1,21.6200,146.8800,0.000059
_4616_,VGND,li1,287.0400,304.6400,0.000755
_4615_,VGND,li1,275.0800,92.4800,0.000765
_4614_,VGND,li1,287.0400,125.1200,0.000479
_4613_,VGND,li1,58.8800,65.2800,0.000310
_4612_,VGND,li1,204.7000,65.2800,0.000434
_4611_,VGND,li1,178.0200,76.1600,0.000085
_4610_,VGND,li1,16.1000,76.1600,0.000080
_4609_,VGND,li1,21.1600,261.1200,0.000060
_4608_,VGND,li1,170.8900,190.4000,0.000203
_4607_,VGND,li1,60.9500,217.6000,0.000222
_4606_,VGND,li1,266.3400,179.5200,0.000921
_4605_,VGND,li1,118.6800,288.3200,0.000229
_4604_,VGND,li1,141.2200,70.7200,0.000190
_4603_,VGND,li1,12.8800,272.0000,0.000072
_4602_,VGND,li1,111.7800,70.7200,0.000186
_4601_,VGND,li1,282.4400,92.4800,0.000770
_4600_,VGND,li1,175.7200,293.7600,0.000129
_4599_,VGND,li1,9.6600,212.1600,0.000088
_4598_,VGND,li1,89.7000,293.7600,0.000368
_4597_,VGND,li1,11.9600,136.0000,0.000078
_4596_,VGND,li1,281.5200,76.1600,0.000398
_4595_,VGND,li1,248.4000,293.7600,0.000379
_4594_,VGND,li1,11.9600,184.9600,0.000114
_4593_,VGND,li1,278.7600,266.5600,0.000981
_4592_,VGND,li1,8.7400,70.7200,0.000055
_4591_,VGND,li1,175.7200,163.2000,0.000090
_4590_,VGND,li1,282.9000,195.8400,0.000870
_4589_,VGND,li1,260.3600,81.6000,0.000655
_4588_,VGND,li1,157.3200,288.3200,0.000174
_4587_,VGND,li1,51.5200,293.7600,0.000205
_4586_,VGND,li1,11.9600,103.3600,0.000045
_4585_,VGND,li1,278.3000,157.7600,0.000586
_4584_,VGND,li1,267.2600,299.2000,0.000606
_4583_,VGND,li1,10.1200,119.6800,0.000093
_4582_,VGND,li1,286.1200,304.6400,0.000755
_4581_,VGND,li1,261.2800,97.9200,0.000501
_4580_,VGND,li1,282.9000,130.5600,0.000525
_4579_,VGND,li1,55.2000,65.2800,0.000296
_4578_,VGND,li1,194.5800,70.7200,0.000340
_4577_,VGND,li1,169.2800,87.0400,0.000149
_4576_,VGND,li1,11.9600,76.1600,0.000081
_4575_,VGND,li1,8.7400,250.2400,0.000077
_4574_,VGND,li1,199.8700,201.2800,0.000269
_4573_,VGND,li1,66.4700,223.0400,0.000148
_4572_,VGND,li1,265.8800,174.0800,0.000607
_4571_,VGND,li1,122.3600,288.3200,0.000225
_4570_,VGND,li1,143.5200,87.0400,0.000202
_4569_,VGND,li1,19.3200,266.5600,0.000067
_4568_,VGND,li1,111.7800,76.1600,0.000231
_4567_,VGND,li1,282.4400,103.3600,0.000551
_4566_,VGND,li1,176.6400,288.3200,0.000123
_4565_,VGND,li1,8.7400,217.6000,0.000082
_4564_,VGND,li1,90.1600,304.6400,0.000171
_4563_,VGND,li1,11.5000,141.4400,0.000057
_4562_,VGND,li1,282.9000,87.0400,0.000550
_4561_,VGND,li1,250.2400,293.7600,0.000383
_4560_,VGND,li1,11.5000,195.8400,0.000123
_4559_,VGND,li1,279.6800,266.5600,0.000981
_4558_,VGND,li1,12.8800,70.7200,0.000055
_4557_,VGND,li1,179.8600,157.7600,0.000166
_4556_,VGND,li1,283.8200,201.2800,0.000644
_4555_,VGND,li1,261.2800,87.0400,0.000533
_4554_,VGND,li1,154.5600,293.7600,0.000247
_4553_,VGND,li1,52.4400,304.6400,0.000110
_4552_,VGND,li1,8.7400,108.8000,0.000110
_4551_,VGND,li1,281.5200,141.4400,0.000652
_4550_,VGND,li1,271.8600,310.0800,0.000280
_4549_,VGND,li1,8.7400,125.1200,0.000127
_4548_,VGND,li1,287.0400,299.2000,0.000674
_4547_,VGND,li1,263.5800,97.9200,0.000512
_4546_,VGND,li1,283.8200,141.4400,0.000657
_4545_,VGND,li1,61.1800,81.6000,0.000379
_4544_,VGND,li1,195.5000,76.1600,0.000166
_4543_,VGND,li1,188.1400,87.0400,0.000215
_4542_,VGND,li1,16.5600,76.1600,0.000080
_4541_,VGND,li1,12.8800,250.2400,0.000077
_4540_,VGND,li1,187.4500,190.4000,0.000268
_4539_,VGND,li1,66.4700,212.1600,0.000325
_4538_,VGND,li1,66.9300,212.1600,0.000325
_4537_,VGND,li1,219.4200,195.8400,0.000594
_4536_,VGND,li1,146.7400,272.0000,0.000308
_4535_,VGND,li1,154.1000,97.9200,0.000168
_4534_,VGND,li1,75.9000,266.5600,0.000327
_4533_,VGND,li1,139.8400,87.0400,0.000206
_4532_,VGND,li1,248.4000,97.9200,0.000452
_4531_,VGND,li1,195.9600,272.0000,0.000533
_4530_,VGND,li1,85.1000,190.4000,0.000303
_4529_,VGND,li1,128.3400,272.0000,0.000328
_4528_,VGND,li1,68.0800,157.7600,0.000388
_4527_,VGND,li1,247.9400,114.2400,0.000594
_4526_,VGND,li1,240.5800,228.4800,0.000721
_4525_,VGND,li1,97.5200,179.5200,0.000429
_4524_,VGND,li1,218.0400,239.3600,0.000274
_4523_,VGND,li1,85.1000,87.0400,0.000174
_4522_,VGND,li1,159.1600,136.0000,0.000249
_4521_,VGND,li1,213.9000,217.6000,0.000559
_4520_,VGND,li1,252.5400,76.1600,0.000335
_4519_,VGND,li1,174.8000,201.2800,0.000140
_4518_,VGND,li1,101.6600,272.0000,0.000320
_4517_,VGND,li1,77.2800,136.0000,0.000325
_4516_,VGND,li1,234.1400,168.6400,0.000522
_4515_,VGND,li1,253.4600,266.5600,0.000896
_4514_,VGND,li1,113.6200,125.1200,0.000454
_4513_,VGND,li1,205.6200,272.0000,0.000690
_4512_,VGND,li1,207.9200,141.4400,0.000319
_4511_,VGND,li1,246.1000,146.8800,0.000851
_4510_,VGND,li1,106.7200,87.0400,0.000207
_4509_,VGND,li1,221.7200,81.6000,0.000466
_4508_,VGND,li1,173.8800,92.4800,0.000135
_4507_,VGND,li1,79.1200,76.1600,0.000219
_4506_,VGND,li1,72.2200,239.3600,0.000305
_4505_,VGND,li1,179.6300,184.9600,0.000199
_4504_,VGND,li1,76.1300,217.6000,0.000263
_4503_,VGND,li1,220.3400,179.5200,0.000628
_4502_,VGND,li1,158.2400,272.0000,0.000290
_4501_,VGND,li1,154.1000,97.9200,0.000168
_4500_,VGND,li1,80.9600,272.0000,0.000284
_4499_,VGND,li1,132.0200,92.4800,0.000194
_4498_,VGND,li1,247.0200,103.3600,0.000450
_4497_,VGND,li1,195.0400,261.1200,0.000333
_4496_,VGND,li1,77.7400,190.4000,0.000286
_4495_,VGND,li1,139.3800,266.5600,0.000418
_4494_,VGND,li1,72.6800,157.7600,0.000417
_4493_,VGND,li1,247.9400,103.3600,0.000458
_4492_,VGND,li1,240.1200,244.8000,0.000639
_4491_,VGND,li1,94.3000,190.4000,0.000315
_4490_,VGND,li1,213.9000,239.3600,0.000262
_4489_,VGND,li1,85.1000,92.4800,0.000200
_4488_,VGND,li1,162.8400,136.0000,0.000238
_4487_,VGND,li1,218.0400,212.1600,0.000505
_4486_,VGND,li1,247.4800,92.4800,0.000646
_4485_,VGND,li1,171.1200,201.2800,0.000149
_4484_,VGND,li1,89.7000,272.0000,0.000300
_4483_,VGND,li1,80.0400,141.4400,0.000190
_4482_,VGND,li1,230.4600,163.2000,0.000325
_4481_,VGND,li1,252.5400,250.2400,0.000558
_4480_,VGND,li1,110.4000,130.5600,0.000285
_4479_,VGND,li1,213.9000,261.1200,0.000462
_4478_,VGND,li1,205.1600,136.0000,0.000334
_4477_,VGND,li1,245.1800,136.0000,0.000484
_4476_,VGND,li1,108.1000,76.1600,0.000231
_4475_,VGND,li1,209.7600,81.6000,0.000400
_4474_,VGND,li1,170.2000,97.9200,0.000122
_4473_,VGND,li1,73.1400,87.0400,0.000151
_4472_,VGND,li1,73.1400,228.4800,0.000326
_4471_,VGND,li1,174.5700,190.4000,0.000186
_4470_,VGND,li1,77.9700,217.6000,0.000270
_4469_,VGND,li1,206.0800,195.8400,0.000468
_4468_,VGND,li1,145.3600,261.1200,0.000239
_4467_,VGND,li1,158.2400,108.8000,0.000339
_4466_,VGND,li1,78.2000,282.8800,0.000299
_4465_,VGND,li1,132.4800,97.9200,0.000204
_4464_,VGND,li1,213.9000,108.8000,0.000705
_4463_,VGND,li1,182.6200,272.0000,0.000293
_4462_,VGND,li1,92.9200,195.8400,0.000397
_4461_,VGND,li1,123.7400,272.0000,0.000330
_4460_,VGND,li1,75.9000,146.8800,0.000244
_4459_,VGND,li1,232.7600,103.3600,0.000397
_4458_,VGND,li1,230.0000,233.9200,0.000580
_4457_,VGND,li1,110.8600,174.0800,0.000238
_4456_,VGND,li1,208.8400,233.9200,0.000413
_4455_,VGND,li1,89.2400,108.8000,0.000470
_4454_,VGND,li1,157.7800,157.7600,0.000304
_4453_,VGND,li1,205.6200,206.7200,0.000594
_4452_,VGND,li1,236.4400,97.9200,0.000401
_4451_,VGND,li1,183.0800,201.2800,0.000163
_4450_,VGND,li1,86.0200,282.8800,0.000293
_4449_,VGND,li1,89.2400,114.2400,0.000305
_4448_,VGND,li1,217.5800,174.0800,0.000410
_4447_,VGND,li1,239.6600,261.1200,0.000532
_4446_,VGND,li1,136.6200,125.1200,0.000371
_4445_,VGND,li1,215.2800,272.0000,0.000849
_4444_,VGND,li1,201.9400,114.2400,0.000300
_4443_,VGND,li1,234.6000,141.4400,0.000482
_4442_,VGND,li1,106.7200,92.4800,0.000205
_4441_,VGND,li1,207.9200,92.4800,0.000397
_4440_,VGND,li1,176.6400,108.8000,0.000232
_4439_,VGND,li1,88.7800,97.9200,0.000221
_4438_,VGND,li1,80.9600,228.4800,0.000372
_4437_,VGND,li1,159.3900,195.8400,0.000270
_4436_,VGND,li1,82.5700,217.6000,0.000282
_4435_,VGND,li1,217.5800,201.2800,0.000381
_4434_,VGND,li1,144.9000,266.5600,0.000403
_4433_,VGND,li1,154.5600,108.8000,0.000357
_4432_,VGND,li1,80.9600,272.0000,0.000284
_4431_,VGND,li1,132.4800,103.3600,0.000358
_4430_,VGND,li1,213.9000,97.9200,0.000306
_4429_,VGND,li1,188.1400,277.4400,0.000250
_4428_,VGND,li1,92.9200,201.2800,0.000243
_4427_,VGND,li1,119.1400,282.8800,0.000237
_4426_,VGND,li1,87.4000,141.4400,0.000200
_4425_,VGND,li1,230.9200,114.2400,0.000494
_4424_,VGND,li1,232.3000,228.4800,0.000654
_4423_,VGND,li1,101.6600,168.6400,0.000358
_4422_,VGND,li1,217.5800,228.4800,0.000524
_4421_,VGND,li1,76.8200,108.8000,0.000414
_4420_,VGND,li1,170.2000,152.3200,0.000248
_4419_,VGND,li1,204.7000,201.2800,0.000294
_4418_,VGND,li1,235.5200,97.9200,0.000401
_4417_,VGND,li1,174.8000,217.6000,0.000179
_4416_,VGND,li1,87.4000,282.8800,0.000291
_4415_,VGND,li1,76.8200,114.2400,0.000302
_4414_,VGND,li1,209.7600,174.0800,0.000371
_4413_,VGND,li1,235.5200,261.1200,0.000522
_4412_,VGND,li1,133.4000,136.0000,0.000333
_4411_,VGND,li1,211.1400,277.4400,0.000455
_4410_,VGND,li1,196.8800,119.6800,0.000649
_4409_,VGND,li1,231.3800,146.8800,0.000737
_4408_,VGND,li1,110.4000,92.4800,0.000205
_4407_,VGND,li1,217.5800,97.9200,0.000316
_4406_,VGND,li1,174.8000,103.3600,0.000183
_4405_,VGND,li1,77.2800,97.9200,0.000212
_4404_,VGND,li1,77.2800,228.4800,0.000353
_4403_,VGND,li1,146.0500,212.1600,0.000297
_4402_,VGND,li1,82.5700,212.1600,0.000363
_4401_,VGND,li1,78.8900,217.6000,0.000270
_4400_,VGND,li1,256.6800,174.0800,0.000578
_4399_,VGND,li1,145.3600,326.4000,0.000070
_4398_,VGND,li1,137.0800,10.8800,0.000082
_4397_,VGND,li1,47.8400,293.7600,0.000185
_4396_,VGND,li1,119.6000,32.6400,0.000286
_4395_,VGND,li1,253.9200,54.4000,0.000496
_4394_,VGND,li1,201.9400,304.6400,0.000342
_4393_,VGND,li1,52.4400,217.6000,0.000195
_4392_,VGND,li1,115.9200,304.6400,0.000195
_4391_,VGND,li1,59.3400,174.0800,0.000160
_4390_,VGND,li1,253.0000,10.8800,0.000158
_4389_,VGND,li1,230.4600,299.2000,0.000435
_4388_,VGND,li1,68.0800,168.6400,0.000263
_4387_,VGND,li1,252.5400,266.5600,0.000896
_4386_,VGND,li1,64.4000,38.0800,0.000147
_4385_,VGND,li1,158.7000,163.2000,0.000135
_4384_,VGND,li1,249.3200,223.0400,0.001011
_4383_,VGND,li1,239.6600,21.7600,0.000491
_4382_,VGND,li1,167.9000,310.0800,0.000123
_4381_,VGND,li1,81.8800,304.6400,0.000160
_4380_,VGND,li1,46.0000,92.4800,0.000138
_4379_,VGND,li1,259.4400,157.7600,0.000541
_4378_,VGND,li1,258.0600,310.0800,0.000271
_4377_,VGND,li1,46.4600,119.6800,0.000188
_4376_,VGND,li1,211.6000,293.7600,0.000269
_4375_,VGND,li1,224.9400,163.2000,0.000303
_4374_,VGND,li1,261.2800,114.2400,0.000647
_4373_,VGND,li1,73.6000,10.8800,0.000074
_4372_,VGND,li1,234.1400,10.8800,0.000137
_4371_,VGND,li1,189.5200,10.8800,0.000061
_4370_,VGND,li1,47.3800,38.0800,0.000109
_4369_,VGND,li1,46.0000,239.3600,0.000182
_4368_,VGND,li1,172.7300,195.8400,0.000202
_4367_,VGND,li1,68.7700,217.6000,0.000244
_4366_,VGND,li1,67.1600,217.6000,0.000238
_4365_,VGND,li1,308.2000,190.4000,0.001161
_4364_,VGND,li1,149.5000,277.4400,0.000307
_4363_,VGND,li1,163.3000,65.2800,0.000235
_4362_,VGND,li1,53.8200,277.4400,0.000210
_4361_,VGND,li1,136.1600,65.2800,0.000357
_4360_,VGND,li1,311.4200,87.0400,0.000554
_4359_,VGND,li1,196.4200,277.4400,0.000318
_4358_,VGND,li1,48.3000,201.2800,0.000147
_4357_,VGND,li1,102.5800,277.4400,0.000406
_4356_,VGND,li1,48.7600,146.8800,0.000148
_4355_,VGND,li1,312.8000,76.1600,0.000432
_4354_,VGND,li1,273.2400,277.4400,0.000874
_4353_,VGND,li1,50.6000,190.4000,0.000218
_4352_,VGND,li1,312.3400,272.0000,0.001596
_4351_,VGND,li1,51.5200,65.2800,0.000271
_4350_,VGND,li1,182.6200,130.5600,0.000136
_4349_,VGND,li1,310.9600,212.1600,0.000803
_4348_,VGND,li1,273.2400,48.9600,0.000402
_4347_,VGND,li1,178.9400,272.0000,0.000236
_4346_,VGND,li1,61.6400,282.8800,0.000251
_4345_,VGND,li1,52.4400,125.1200,0.000349
_4344_,VGND,li1,312.8000,157.7600,0.000619
_4343_,VGND,li1,279.2200,282.8800,0.000409
_4342_,VGND,li1,51.0600,130.5600,0.000204
_4341_,VGND,li1,311.8800,282.8800,0.000458
_4340_,VGND,li1,264.9600,114.2400,0.000664
_4339_,VGND,li1,316.9400,114.2400,0.000792
_4338_,VGND,li1,63.0200,59.8400,0.000474
_4337_,VGND,li1,206.0800,59.8400,0.000754
_4336_,VGND,li1,175.2600,65.2800,0.000171
_4335_,VGND,li1,48.7600,87.0400,0.000097
_4334_,VGND,li1,46.9200,261.1200,0.000150
_4333_,VGND,li1,206.7700,179.5200,0.000515
_4332_,VGND,li1,64.6300,223.0400,0.000144
_4331_,VGND,li1,196.8800,201.2800,0.000257
_4330_,VGND,li1,153.1800,239.3600,0.000244
_4329_,VGND,li1,158.2400,114.2400,0.000202
_4328_,VGND,li1,64.4000,250.2400,0.000262
_4327_,VGND,li1,124.6600,92.4800,0.000199
_4326_,VGND,li1,209.7600,108.8000,0.000658
_4325_,VGND,li1,183.0800,255.6800,0.000143
_4324_,VGND,li1,69.4600,190.4000,0.000270
_4323_,VGND,li1,115.0000,255.6800,0.000210
_4322_,VGND,li1,72.2200,141.4400,0.000175
_4321_,VGND,li1,222.6400,103.3600,0.000360
_4320_,VGND,li1,226.7800,228.4800,0.000608
_4319_,VGND,li1,88.3200,163.2000,0.000180
_4318_,VGND,li1,204.7000,233.9200,0.000369
_4317_,VGND,li1,55.2000,108.8000,0.000289
_4316_,VGND,li1,129.7200,152.3200,0.000351
_4315_,VGND,li1,195.9600,217.6000,0.000357
_4314_,VGND,li1,227.7000,76.1600,0.000270
_4313_,VGND,li1,162.3800,201.2800,0.000184
_4312_,VGND,li1,81.8800,255.6800,0.000213
_4311_,VGND,li1,68.0800,119.6800,0.000286
_4310_,VGND,li1,204.7000,174.0800,0.000341
_4309_,VGND,li1,226.7800,244.8000,0.000578
_4308_,VGND,li1,132.0200,119.6800,0.000420
_4307_,VGND,li1,213.9000,244.8000,0.000485
_4306_,VGND,li1,198.7200,125.1200,0.000221
_4305_,VGND,li1,230.4600,141.4400,0.000458
_4304_,VGND,li1,93.8400,103.3600,0.000319
_4303_,VGND,li1,201.0200,81.6000,0.000351
_4302_,VGND,li1,180.3200,114.2400,0.000144
_4301_,VGND,li1,70.3800,92.4800,0.000184
_4300_,VGND,li1,64.4000,228.4800,0.000283
_4299_,VGND,li1,166.2900,195.8400,0.000236
_4298_,VGND,li1,64.1700,212.1600,0.000310
_4297_,VGND,li1,201.0200,184.9600,0.000454
_4296_,VGND,li1,162.3800,250.2400,0.000164
_4295_,VGND,li1,138.0000,114.2400,0.000258
_4294_,VGND,li1,61.6400,266.5600,0.000259
_4293_,VGND,li1,119.6000,97.9200,0.000215
_4292_,VGND,li1,201.0200,97.9200,0.000238
_4291_,VGND,li1,175.2600,250.2400,0.000123
_4290_,VGND,li1,65.7800,190.4000,0.000261
_4289_,VGND,li1,111.3200,255.6800,0.000211
_4288_,VGND,li1,63.0200,152.3200,0.000329
_4287_,VGND,li1,218.5000,103.3600,0.000343
_4286_,VGND,li1,222.6400,228.4800,0.000574
_4285_,VGND,li1,77.2800,174.0800,0.000200
_4284_,VGND,li1,201.0200,233.9200,0.000348
_4283_,VGND,li1,59.3400,103.3600,0.000198
_4282_,VGND,li1,132.4800,152.3200,0.000347
_4281_,VGND,li1,192.7400,201.2800,0.000229
_4280_,VGND,li1,226.7800,81.6000,0.000489
_4279_,VGND,li1,149.9600,212.1600,0.000280
_4278_,VGND,li1,67.6200,261.1200,0.000203
_4277_,VGND,li1,64.4000,130.5600,0.000265
_4276_,VGND,li1,202.4000,179.5200,0.000463
_4275_,VGND,li1,230.0000,250.2400,0.000459
_4274_,VGND,li1,126.0400,125.1200,0.000413
_4273_,VGND,li1,209.7600,244.8000,0.000448
_4272_,VGND,li1,201.0200,130.5600,0.000243
_4271_,VGND,li1,215.2800,141.4400,0.000367
_4270_,VGND,li1,92.9200,97.9200,0.000223
_4269_,VGND,li1,195.5000,97.9200,0.000208
_4268_,VGND,li1,183.5400,114.2400,0.000169
_4267_,VGND,li1,67.1600,97.9200,0.000200
_4266_,VGND,li1,53.3600,233.9200,0.000246
_4265_,VGND,li1,157.0900,195.8400,0.000281
_4264_,VGND,li1,64.1700,223.0400,0.000139
_4263_,VGND,li1,190.9000,190.4000,0.000311
_4262_,VGND,li1,145.3600,244.8000,0.000276
_4261_,VGND,li1,137.5400,114.2400,0.000258
_4260_,VGND,li1,54.2800,266.5600,0.000218
_4259_,VGND,li1,119.6000,108.8000,0.000499
_4258_,VGND,li1,192.7400,108.8000,0.000430
_4257_,VGND,li1,171.1200,255.6800,0.000125
_4256_,VGND,li1,62.1000,190.4000,0.000251
_4255_,VGND,li1,106.7200,266.5600,0.000424
_4254_,VGND,li1,59.8000,146.8800,0.000196
_4253_,VGND,li1,217.5800,108.8000,0.000745
_4252_,VGND,li1,219.8800,217.6000,0.000595
_4251_,VGND,li1,75.9000,168.6400,0.000286
_4250_,VGND,li1,192.7400,228.4800,0.000317
_4249_,VGND,li1,59.8000,103.3600,0.000198
_4248_,VGND,li1,137.5400,141.4400,0.000217
_4247_,VGND,li1,188.6000,206.7200,0.000365
_4246_,VGND,li1,222.1800,76.1600,0.000253
_4245_,VGND,li1,149.9600,217.6000,0.000264
_4244_,VGND,li1,67.6200,261.1200,0.000203
_4243_,VGND,li1,55.2000,119.6800,0.000229
_4242_,VGND,li1,196.8800,163.2000,0.000183
_4241_,VGND,li1,222.1800,255.6800,0.000391
_4240_,VGND,li1,119.6000,114.2400,0.000287
_4239_,VGND,li1,204.2400,255.6800,0.000279
_4238_,VGND,li1,187.2200,119.6800,0.000456
_4237_,VGND,li1,218.9600,130.5600,0.000337
_4236_,VGND,li1,90.1600,103.3600,0.000307
_4235_,VGND,li1,192.7400,81.6000,0.000289
_4234_,VGND,li1,167.4400,114.2400,0.000166
_4233_,VGND,li1,55.2000,87.0400,0.000114
_4232_,VGND,li1,58.8800,228.4800,0.000255
_4231_,VGND,li1,174.5700,184.9600,0.000229
_4230_,VGND,li1,65.0900,206.7200,0.000181
_4229_,VGND,li1,193.2000,195.8400,0.000341
_4228_,VGND,li1,150.4200,244.8000,0.000265
_4227_,VGND,li1,141.6800,119.6800,0.000416
_4226_,VGND,li1,50.6000,261.1200,0.000161
_4225_,VGND,li1,119.6000,92.4800,0.000201
_4224_,VGND,li1,192.7400,103.3600,0.000228
_4223_,VGND,li1,167.4400,255.6800,0.000135
_4222_,VGND,li1,59.8000,190.4000,0.000244
_4221_,VGND,li1,106.7200,261.1200,0.000264
_4220_,VGND,li1,60.2600,152.3200,0.000317
_4219_,VGND,li1,213.9000,114.2400,0.000387
_4218_,VGND,li1,221.7200,212.1600,0.000531
_4217_,VGND,li1,80.9600,184.9600,0.000457
_4216_,VGND,li1,189.0600,228.4800,0.000273
_4215_,VGND,li1,60.2600,108.8000,0.000322
_4214_,VGND,li1,128.8000,152.3200,0.000355
_4213_,VGND,li1,189.5200,206.7200,0.000365
_4212_,VGND,li1,222.6400,87.0400,0.000448
_4211_,VGND,li1,140.7600,212.1600,0.000308
_4210_,VGND,li1,73.1400,250.2400,0.000272
_4209_,VGND,li1,66.2400,119.6800,0.000272
_4208_,VGND,li1,196.8800,157.7600,0.000274
_4207_,VGND,li1,222.6400,255.6800,0.000391
_4206_,VGND,li1,119.6000,114.2400,0.000287
_4205_,VGND,li1,207.9200,261.1200,0.000444
_4204_,VGND,li1,184.0000,125.1200,0.000156
_4203_,VGND,li1,218.9600,136.0000,0.000396
_4202_,VGND,li1,93.8400,92.4800,0.000204
_4201_,VGND,li1,194.5800,81.6000,0.000310
_4200_,VGND,li1,171.1200,119.6800,0.000317
_4199_,VGND,li1,55.2000,87.0400,0.000114
_4198_,VGND,li1,57.0400,239.3600,0.000244
_4197_,VGND,li1,154.7900,195.8400,0.000288
_4196_,VGND,li1,58.6500,217.6000,0.000210
_4195_,VGND,li1,63.7100,217.6000,0.000227
_4194_,VGND,li1,265.8800,206.7200,0.001057
_4193_,VGND,li1,149.5000,244.8000,0.000265
_4192_,VGND,li1,158.2400,32.6400,0.000207
_4191_,VGND,li1,86.4800,255.6800,0.000215
_4190_,VGND,li1,132.4800,38.0800,0.000187
_4189_,VGND,li1,316.9400,59.8400,0.001541
_4188_,VGND,li1,193.6600,239.3600,0.000206
_4187_,VGND,li1,115.4600,195.8400,0.000389
_4186_,VGND,li1,128.3400,255.6800,0.000202
_4185_,VGND,li1,106.7200,163.2000,0.000197
_4184_,VGND,li1,304.5200,27.2000,0.000583
_4183_,VGND,li1,270.4800,244.8000,0.000769
_4182_,VGND,li1,125.1200,168.6400,0.000385
_4181_,VGND,li1,316.9400,244.8000,0.000787
_4180_,VGND,li1,97.9800,10.8800,0.000085
_4179_,VGND,li1,171.1200,125.1200,0.000180
_4178_,VGND,li1,308.2000,228.4800,0.000960
_4177_,VGND,li1,278.3000,21.7600,0.000559
_4176_,VGND,li1,188.6000,223.0400,0.000354
_4175_,VGND,li1,114.0800,233.9200,0.000352
_4174_,VGND,li1,96.1400,125.1200,0.000481
_4173_,VGND,li1,314.6400,157.7600,0.000619
_4172_,VGND,li1,263.5800,250.2400,0.000603
_4171_,VGND,li1,137.0800,157.7600,0.000440
_4170_,VGND,li1,316.9400,261.1200,0.000612
_4169_,VGND,li1,268.6400,130.5600,0.000499
_4168_,VGND,li1,313.2600,103.3600,0.000579
_4167_,VGND,li1,101.2000,21.7600,0.000245
_4166_,VGND,li1,234.6000,43.5200,0.000474
_4165_,VGND,li1,186.7600,32.6400,0.000182
_4164_,VGND,li1,99.8200,70.7200,0.000172
_4163_,VGND,li1,111.3200,223.0400,0.000238
_4162_,VGND,li1,158.9300,190.4000,0.000246
_4161_,VGND,li1,89.9300,223.0400,0.000197
_4160_,VGND,li1,270.4800,212.1600,0.000774
_4159_,VGND,li1,145.3600,228.4800,0.000356
_4158_,VGND,li1,152.7200,38.0800,0.000165
_4157_,VGND,li1,86.4800,255.6800,0.000215
_4156_,VGND,li1,142.1400,32.6400,0.000251
_4155_,VGND,li1,314.1800,54.4000,0.000556
_4154_,VGND,li1,201.0200,239.3600,0.000227
_4153_,VGND,li1,121.4400,206.7200,0.000328
_4152_,VGND,li1,128.8000,261.1200,0.000258
_4151_,VGND,li1,111.7800,168.6400,0.000375
_4150_,VGND,li1,312.3400,32.6400,0.000506
_4149_,VGND,li1,273.7000,233.9200,0.000825
_4148_,VGND,li1,114.0800,179.5200,0.000485
_4147_,VGND,li1,312.8000,244.8000,0.000786
_4146_,VGND,li1,80.9600,10.8800,0.000079
_4145_,VGND,li1,162.8400,130.5600,0.000168
_4144_,VGND,li1,316.9400,239.3600,0.000352
_4143_,VGND,li1,272.3200,16.3200,0.000507
_4142_,VGND,li1,188.1400,217.6000,0.000286
_4141_,VGND,li1,128.8000,239.3600,0.000341
_4140_,VGND,li1,103.9600,103.3600,0.000339
_4139_,VGND,li1,311.4200,163.2000,0.000448
_4138_,VGND,li1,261.7400,261.1200,0.000570
_4137_,VGND,li1,128.8000,168.6400,0.000389
_4136_,VGND,li1,309.5800,244.8000,0.000786
_4135_,VGND,li1,281.9800,136.0000,0.000579
_4134_,VGND,li1,316.9400,103.3600,0.000580
_4133_,VGND,li1,103.0400,10.8800,0.000086
_4132_,VGND,li1,217.5800,48.9600,0.000269
_4131_,VGND,li1,176.6400,43.5200,0.000113
_4130_,VGND,li1,100.2800,48.9600,0.000242
_4129_,VGND,li1,128.3400,212.1600,0.000337
_4128_,VGND,li1,147.4300,212.1600,0.000288
_4127_,VGND,li1,87.1700,217.6000,0.000294
_4126_,VGND,li1,272.7800,190.4000,0.001006
_4125_,VGND,li1,132.4800,239.3600,0.000329
_4124_,VGND,li1,172.0400,38.0800,0.000122
_4123_,VGND,li1,90.1600,250.2400,0.000283
_4122_,VGND,li1,137.5400,32.6400,0.000260
_4121_,VGND,li1,306.3600,54.4000,0.000554
_4120_,VGND,li1,201.0200,250.2400,0.000292
_4119_,VGND,li1,145.3600,184.9600,0.000409
_4118_,VGND,li1,128.8000,250.2400,0.000252
_4117_,VGND,li1,115.9200,157.7600,0.000490
_4116_,VGND,li1,293.0200,32.6400,0.000495
_4115_,VGND,li1,275.0800,212.1600,0.000777
_4114_,VGND,li1,119.1400,184.9600,0.000454
_4113_,VGND,li1,304.9800,239.3600,0.000352
_4112_,VGND,li1,97.9800,27.2000,0.000391
_4111_,VGND,li1,154.5600,114.2400,0.000216
_4110_,VGND,li1,306.3600,223.0400,0.001387
_4109_,VGND,li1,282.9000,27.2000,0.000583
_4108_,VGND,li1,182.6200,233.9200,0.000191
_4107_,VGND,li1,110.8600,233.9200,0.000352
_4106_,VGND,li1,97.9800,114.2400,0.000305
_4105_,VGND,li1,307.7400,179.5200,0.000959
_4104_,VGND,li1,268.1800,244.8000,0.000760
_4103_,VGND,li1,115.9200,157.7600,0.000490
_4102_,VGND,li1,304.0600,244.8000,0.000786
_4101_,VGND,li1,271.4000,157.7600,0.000572
_4100_,VGND,li1,304.0600,108.8000,0.001353
_4099_,VGND,li1,110.8600,32.6400,0.000296
_4098_,VGND,li1,224.0200,38.0800,0.000383
_4097_,VGND,li1,195.9600,38.0800,0.000223
_4096_,VGND,li1,93.8400,54.4000,0.000224
_4095_,VGND,li1,108.5600,212.1600,0.000368
_4094_,VGND,li1,152.4900,195.8400,0.000299
_4093_,VGND,li1,88.5500,217.6000,0.000294
_4092_,VGND,li1,60.9500,217.6000,0.000222
_4091_,VGND,li1,278.3000,201.2800,0.000627
_4090_,VGND,li1,134.3200,228.4800,0.000406
_4089_,VGND,li1,158.2400,32.6400,0.000207
_4088_,VGND,li1,91.5400,250.2400,0.000283
_4087_,VGND,li1,133.8600,38.0800,0.000187
_4086_,VGND,li1,302.6800,54.4000,0.000552
_4085_,VGND,li1,184.0000,250.2400,0.000169
_4084_,VGND,li1,137.5400,190.4000,0.000302
_4083_,VGND,li1,128.8000,250.2400,0.000252
_4082_,VGND,li1,106.7200,146.8800,0.000307
_4081_,VGND,li1,299.9200,27.2000,0.000583
_4080_,VGND,li1,274.1600,212.1600,0.000777
_4079_,VGND,li1,119.6000,174.0800,0.000241
_4078_,VGND,li1,299.9200,233.9200,0.000907
_4077_,VGND,li1,95.2200,32.6400,0.000301
_4076_,VGND,li1,154.1000,125.1200,0.000282
_4075_,VGND,li1,304.0600,212.1600,0.000799
_4074_,VGND,li1,271.4000,27.2000,0.000580
_4073_,VGND,li1,174.8000,233.9200,0.000187
_4072_,VGND,li1,125.1200,239.3600,0.000348
_4071_,VGND,li1,99.8200,108.8000,0.000497
_4070_,VGND,li1,307.7400,163.2000,0.000446
_4069_,VGND,li1,259.9000,250.2400,0.000584
_4068_,VGND,li1,119.6000,152.3200,0.000368
_4067_,VGND,li1,299.9200,244.8000,0.000786
_4066_,VGND,li1,266.3400,152.3200,0.001116
_4065_,VGND,li1,305.4400,108.8000,0.001353
_4064_,VGND,li1,102.5800,32.6400,0.000305
_4063_,VGND,li1,221.2600,48.9600,0.000283
_4062_,VGND,li1,190.9000,54.4000,0.000184
_4061_,VGND,li1,90.1600,59.8400,0.000607
_4060_,VGND,li1,106.7200,217.6000,0.000345
_4059_,VGND,li1,155.7100,195.8400,0.000281
_4058_,VGND,li1,86.2500,217.6000,0.000288
_4057_,VGND,li1,84.4100,212.1600,0.000365
_4056_,VGND,li1,55.8900,217.6000,0.000201
_4055_,VGND,li1,253.4600,206.7200,0.000998
_4054_,VGND,li1,136.6200,228.4800,0.000394
_4053_,VGND,li1,162.3800,59.8400,0.000376
_4052_,VGND,li1,97.9800,244.8000,0.000320
_4051_,VGND,li1,123.7400,48.9600,0.000238
_4050_,VGND,li1,291.1800,54.4000,0.000545
_4049_,VGND,li1,177.5600,239.3600,0.000126
_4048_,VGND,li1,135.2400,212.1600,0.000323
_4047_,VGND,li1,123.7400,244.8000,0.000324
_4046_,VGND,li1,101.6600,141.4400,0.000216
_4045_,VGND,li1,285.6600,32.6400,0.000490
_4044_,VGND,li1,253.0000,212.1600,0.000734
_4043_,VGND,li1,111.3200,195.8400,0.000394
_4042_,VGND,li1,295.7800,239.3600,0.000351
_4041_,VGND,li1,94.7600,43.5200,0.000187
_4040_,VGND,li1,145.3600,125.1200,0.000329
_4039_,VGND,li1,294.8600,223.0400,0.001350
_4038_,VGND,li1,262.6600,54.4000,0.000509
_4037_,VGND,li1,158.2400,233.9200,0.000273
_4036_,VGND,li1,95.2200,233.9200,0.000340
_4035_,VGND,li1,103.5000,125.1200,0.000477
_4034_,VGND,li1,283.3600,174.0800,0.000662
_4033_,VGND,li1,265.4200,233.9200,0.000795
_4032_,VGND,li1,128.8000,136.0000,0.000346
_4031_,VGND,li1,293.4800,244.8000,0.000785
_4030_,VGND,li1,272.7800,141.4400,0.000628
_4029_,VGND,li1,299.9200,114.2400,0.000769
_4028_,VGND,li1,110.8600,38.0800,0.000189
_4027_,VGND,li1,213.9000,43.5200,0.000370
_4026_,VGND,li1,184.0000,48.9600,0.000132
_4025_,VGND,li1,98.9000,70.7200,0.000172
_4024_,VGND,li1,99.3600,201.2800,0.000251
_4023_,VGND,li1,137.3100,179.5200,0.000456
_4022_,VGND,li1,89.4700,212.1600,0.000367
_4021_,VGND,li1,61.4100,223.0400,0.000135
_4020_,VGND,li1,260.3600,206.7200,0.001033
_4019_,VGND,li1,138.0000,228.4800,0.000394
_4018_,VGND,li1,155.4800,43.5200,0.000158
_4017_,VGND,li1,93.8400,250.2400,0.000284
_4016_,VGND,li1,119.1400,54.4000,0.000216
_4015_,VGND,li1,299.4600,59.8400,0.001527
_4014_,VGND,li1,183.5400,239.3600,0.000167
_4013_,VGND,li1,128.8000,206.7200,0.000335
_4012_,VGND,li1,111.3200,250.2400,0.000276
_4011_,VGND,li1,93.8400,146.8800,0.000286
_4010_,VGND,li1,284.7400,48.9600,0.000412
_4009_,VGND,li1,265.4200,217.6000,0.000857
_4008_,VGND,li1,106.7200,201.2800,0.000255
_4007_,VGND,li1,279.2200,228.4800,0.000913
_4006_,VGND,li1,83.7200,43.5200,0.000177
_4005_,VGND,li1,145.3600,130.5600,0.000220
_4004_,VGND,li1,287.0400,212.1600,0.000787
_4003_,VGND,li1,261.2800,54.4000,0.000506
_4002_,VGND,li1,149.5000,228.4800,0.000335
_4001_,VGND,li1,91.5400,233.9200,0.000337
_4000_,VGND,li1,90.6200,130.5600,0.000294
_3999_,VGND,li1,287.0400,179.5200,0.000948
_3998_,VGND,li1,256.2200,244.8000,0.000714
_3997_,VGND,li1,115.9200,146.8800,0.000319
_3996_,VGND,li1,285.2000,239.3600,0.000349
_3995_,VGND,li1,264.5000,146.8800,0.000997
_3994_,VGND,li1,294.8600,119.6800,0.001585
_3993_,VGND,li1,119.6000,43.5200,0.000199
_3992_,VGND,li1,204.7000,54.4000,0.000280
_3991_,VGND,li1,171.1200,43.5200,0.000124
_3990_,VGND,li1,106.2600,70.7200,0.000181
_3989_,VGND,li1,90.1600,206.7200,0.000259
_3988_,VGND,li1,163.9900,206.7200,0.000280
_3987_,VGND,li1,84.8700,217.6000,0.000288
_3986_,VGND,li1,79.3500,212.1600,0.000362
_3985_,VGND,li1,73.8300,217.6000,0.000258
_3984_,VGND,li1,59.1100,212.1600,0.000285
_3983_,VGND,li1,306.8200,179.5200,0.000959
_3982_,VGND,li1,144.4400,272.0000,0.000312
_3981_,VGND,li1,158.2400,70.7200,0.000181
_3980_,VGND,li1,50.6000,266.5600,0.000204
_3979_,VGND,li1,139.3800,54.4000,0.000193
_3978_,VGND,li1,310.5000,87.0400,0.000554
_3977_,VGND,li1,192.7400,282.8800,0.000155
_3976_,VGND,li1,51.5200,212.1600,0.000242
_3975_,VGND,li1,114.5400,282.8800,0.000248
_3974_,VGND,li1,52.4400,157.7600,0.000280
_3973_,VGND,li1,304.9800,87.0400,0.000554
_3972_,VGND,li1,273.2400,272.0000,0.001437
_3971_,VGND,li1,55.6600,190.4000,0.000233
_3970_,VGND,li1,312.8000,277.4400,0.000965
_3969_,VGND,li1,47.3800,59.8400,0.000332
_3968_,VGND,li1,188.1400,141.4400,0.000181
_3967_,VGND,li1,307.2800,212.1600,0.000801
_3966_,VGND,li1,267.7200,54.4000,0.000516
_3965_,VGND,li1,170.2000,266.5600,0.000269
_3964_,VGND,li1,57.0400,282.8800,0.000231
_3963_,VGND,li1,54.2800,119.6800,0.000219
_3962_,VGND,li1,312.8000,146.8800,0.001227
_3961_,VGND,li1,280.1400,277.4400,0.000912
_3960_,VGND,li1,63.0200,136.0000,0.000264
_3959_,VGND,li1,313.7200,288.3200,0.000587
_3958_,VGND,li1,265.8800,119.6800,0.001540
_3957_,VGND,li1,310.9600,125.1200,0.000510
_3956_,VGND,li1,61.6400,59.8400,0.000474
_3955_,VGND,li1,209.7600,70.7200,0.000501
_3954_,VGND,li1,170.6600,70.7200,0.000165
_3953_,VGND,li1,50.6000,87.0400,0.000102
_3952_,VGND,li1,46.0000,255.6800,0.000141
_3951_,VGND,li1,187.4500,195.8400,0.000266
_3950_,VGND,li1,58.1900,217.6000,0.000210
_3949_,VGND,li1,63.7100,212.1600,0.000310
_3948_,VGND,li1,59.1100,212.1600,0.000285
_3947_,VGND,li1,60.9500,223.0400,0.000135
_3946_,VGND,li1,265.1900,184.9600,0.000896
_3945_,VGND,li1,268.8700,184.9600,0.000907
_3944_,VGND,li1,291.6400,179.5200,0.000951
_3943_,VGND,li1,295.5500,179.5200,0.000953
_3942_,VGND,li1,304.2900,190.4000,0.001151
_3941_,VGND,li1,282.2100,179.5200,0.000945
_3940_,VGND,li1,272.3200,179.5200,0.000932
_3939_,VGND,li1,249.5500,190.4000,0.000841
_3938_,VGND,li1,260.8200,195.8400,0.000803
_3937_,VGND,li1,265.8800,195.8400,0.000818
_3936_,VGND,li1,266.5700,201.2800,0.000594
_3935_,VGND,li1,270.2500,206.7200,0.001064
_3934_,VGND,li1,253.9200,201.2800,0.000557
_3933_,VGND,li1,253.0000,190.4000,0.000870
_3932_,VGND,li1,255.9900,184.9600,0.000854
_3931_,VGND,li1,252.7700,174.0800,0.000567
_3930_,VGND,li1,244.4900,190.4000,0.000811
_3929_,VGND,li1,236.9000,184.9600,0.000752
_3928_,VGND,li1,209.5300,179.5200,0.000539
_3927_,VGND,li1,209.3000,184.9600,0.000539
_3926_,VGND,li1,207.6900,190.4000,0.000493
_3925_,VGND,li1,221.9500,190.4000,0.000628
_3924_,VGND,li1,194.5800,184.9600,0.000377
_3923_,VGND,li1,136.3900,299.2000,0.000246
_3922_,VGND,li1,141.9100,299.2000,0.000244
_3921_,VGND,li1,136.3900,288.3200,0.000208
_3920_,VGND,li1,145.5900,299.2000,0.000241
_3919_,VGND,li1,143.0600,310.0800,0.000183
_3918_,VGND,li1,137.7700,304.6400,0.000192
_3917_,VGND,li1,131.5600,315.5200,0.000340
_3916_,VGND,li1,140.5300,293.7600,0.000306
_3915_,VGND,li1,140.9900,288.3200,0.000202
_3914_,VGND,li1,136.8500,288.3200,0.000208
_3913_,VGND,li1,144.2100,282.8800,0.000178
_3912_,VGND,li1,133.1700,293.7600,0.000339
_3911_,VGND,li1,126.9600,288.3200,0.000220
_3910_,VGND,li1,141.6800,228.4800,0.000373
_3909_,VGND,li1,145.5900,217.6000,0.000277
_3908_,VGND,li1,145.1300,233.9200,0.000324
_3907_,VGND,li1,139.1500,233.9200,0.000336
_3906_,VGND,li1,135.9300,233.9200,0.000341
_3905_,VGND,li1,139.8400,217.6000,0.000295
_3904_,VGND,li1,140.9900,272.0000,0.000315
_3903_,VGND,li1,145.8200,261.1200,0.000239
_3902_,VGND,li1,158.4700,266.5600,0.000350
_3901_,VGND,li1,152.0300,272.0000,0.000301
_3900_,VGND,li1,154.1000,250.2400,0.000190
_3899_,VGND,li1,151.8000,38.0800,0.000165
_3898_,VGND,li1,156.1700,48.9600,0.000195
_3897_,VGND,li1,149.0400,70.7200,0.000186
_3896_,VGND,li1,158.2400,76.1600,0.000154
_3895_,VGND,li1,163.0700,76.1600,0.000137
_3894_,VGND,li1,162.6100,81.6000,0.000287
_3893_,VGND,li1,147.6600,76.1600,0.000186
_3892_,VGND,li1,161.0000,43.5200,0.000148
_3891_,VGND,li1,164.9100,43.5200,0.000140
_3890_,VGND,li1,160.3100,38.0800,0.000148
_3889_,VGND,li1,163.9900,54.4000,0.000143
_3888_,VGND,li1,155.4800,59.8400,0.000419
_3887_,VGND,li1,148.5800,32.6400,0.000237
_3886_,VGND,li1,152.2600,27.2000,0.000266
_3885_,VGND,li1,150.1900,16.3200,0.000302
_3884_,VGND,li1,155.7100,27.2000,0.000247
_3883_,VGND,li1,140.3000,21.7600,0.000256
_3882_,VGND,li1,157.0900,92.4800,0.000166
_3881_,VGND,li1,154.5600,103.3600,0.000302
_3880_,VGND,li1,155.7100,108.8000,0.000357
_3879_,VGND,li1,158.0100,97.9200,0.000158
_3878_,VGND,li1,147.6600,114.2400,0.000237
_3877_,VGND,li1,53.8200,277.4400,0.000210
_3876_,VGND,li1,52.2100,282.8800,0.000212
_3875_,VGND,li1,88.7800,261.1200,0.000241
_3874_,VGND,li1,86.7100,250.2400,0.000282
_3873_,VGND,li1,98.6700,255.6800,0.000215
_3872_,VGND,li1,90.8500,266.5600,0.000391
_3871_,VGND,li1,93.6100,261.1200,0.000251
_3870_,VGND,li1,92.9200,244.8000,0.000301
_3869_,VGND,li1,49.4500,288.3200,0.000169
_3868_,VGND,li1,43.7000,288.3200,0.000151
_3867_,VGND,li1,34.7300,282.8800,0.000136
_3866_,VGND,li1,26.6800,282.8800,0.000081
_3865_,VGND,li1,41.4000,282.8800,0.000160
_3864_,VGND,li1,44.6200,277.4400,0.000158
_3863_,VGND,li1,43.9300,272.0000,0.000155
_3862_,VGND,li1,49.9100,277.4400,0.000188
_3861_,VGND,li1,25.7600,266.5600,0.000066
_3860_,VGND,li1,64.1700,277.4400,0.000261
_3859_,VGND,li1,63.9400,272.0000,0.000237
_3858_,VGND,li1,67.8500,272.0000,0.000249
_3857_,VGND,li1,73.3700,282.8800,0.000288
_3856_,VGND,li1,60.2600,261.1200,0.000186
_3855_,VGND,li1,131.5600,43.5200,0.000192
_3854_,VGND,li1,131.3300,59.8400,0.000547
_3853_,VGND,li1,132.4800,48.9600,0.000231
_3852_,VGND,li1,138.4600,43.5200,0.000184
_3851_,VGND,li1,137.7700,43.5200,0.000187
_3850_,VGND,li1,149.7300,43.5200,0.000167
_3849_,VGND,li1,123.2800,65.2800,0.000397
_3848_,VGND,li1,132.4800,65.2800,0.000365
_3847_,VGND,li1,136.8500,76.1600,0.000210
_3846_,VGND,li1,140.0700,59.8400,0.000504
_3845_,VGND,li1,128.5700,70.7200,0.000192
_3844_,VGND,li1,122.3600,81.6000,0.000483
_3843_,VGND,li1,128.3400,92.4800,0.000196
_3842_,VGND,li1,132.4800,103.3600,0.000358
_3841_,VGND,li1,136.3900,97.9200,0.000201
_3840_,VGND,li1,140.5300,92.4800,0.000188
_3839_,VGND,li1,125.5800,103.3600,0.000362
_3838_,VGND,li1,132.0200,32.6400,0.000269
_3837_,VGND,li1,131.7900,48.9600,0.000231
_3836_,VGND,li1,126.0400,38.0800,0.000192
_3835_,VGND,li1,126.0400,21.7600,0.000258
_3834_,VGND,li1,259.4400,92.4800,0.000703
_3833_,VGND,li1,257.6000,76.1600,0.000347
_3832_,VGND,li1,294.4000,92.4800,0.000776
_3831_,VGND,li1,299.4600,97.9200,0.000627
_3830_,VGND,li1,304.7500,103.3600,0.000574
_3829_,VGND,li1,311.1900,97.9200,0.000644
_3828_,VGND,li1,288.4200,97.9200,0.000602
_3827_,VGND,li1,258.2900,70.7200,0.000947
_3826_,VGND,li1,252.0800,70.7200,0.000887
_3825_,VGND,li1,236.4400,70.7200,0.000765
_3824_,VGND,li1,256.4500,97.9200,0.000485
_3823_,VGND,li1,209.5300,103.3600,0.000306
_3822_,VGND,li1,205.8500,103.3600,0.000290
_3821_,VGND,li1,258.7500,103.3600,0.000494
_3820_,VGND,li1,198.7200,103.3600,0.000257
_3819_,VGND,li1,304.2900,59.8400,0.001533
_3818_,VGND,li1,312.1100,65.2800,0.000933
_3817_,VGND,li1,308.4300,59.8400,0.001538
_3816_,VGND,li1,300.6100,59.8400,0.001527
_3815_,VGND,li1,293.4800,59.8400,0.001519
_3814_,VGND,li1,191.8200,299.2000,0.000202
_3813_,VGND,li1,191.5900,293.7600,0.000181
_3812_,VGND,li1,188.1400,244.8000,0.000248
_3811_,VGND,li1,190.4400,250.2400,0.000219
_3810_,VGND,li1,188.8300,244.8000,0.000248
_3809_,VGND,li1,194.3500,250.2400,0.000249
_3808_,VGND,li1,177.5600,239.3600,0.000126
_3807_,VGND,li1,193.6600,310.0800,0.000171
_3806_,VGND,li1,197.1100,299.2000,0.000242
_3805_,VGND,li1,195.0400,310.0800,0.000171
_3804_,VGND,li1,187.6800,310.0800,0.000140
_3803_,VGND,li1,195.9600,288.3200,0.000257
_3802_,VGND,li1,192.5100,282.8800,0.000155
_3801_,VGND,li1,201.2500,293.7600,0.000225
_3800_,VGND,li1,184.6900,288.3200,0.000166
_3799_,VGND,li1,181.7000,293.7600,0.000132
_3798_,VGND,li1,189.0600,261.1200,0.000254
_3797_,VGND,li1,191.3600,266.5600,0.000352
_3796_,VGND,li1,186.0700,261.1200,0.000226
_3795_,VGND,li1,176.1800,261.1200,0.000163
_3794_,VGND,li1,44.3900,195.8400,0.000200
_3793_,VGND,li1,75.6700,195.8400,0.000340
_3792_,VGND,li1,47.6100,201.2800,0.000147
_3791_,VGND,li1,32.2000,201.2800,0.000087
_3790_,VGND,li1,36.1100,201.2800,0.000104
_3789_,VGND,li1,53.5900,195.8400,0.000242
_3788_,VGND,li1,20.7000,206.7200,0.000051
_3787_,VGND,li1,39.3300,212.1600,0.000175
_3786_,VGND,li1,29.4400,217.6000,0.000092
_3785_,VGND,li1,35.1900,212.1600,0.000152
_3784_,VGND,li1,43.2400,223.0400,0.000089
_3783_,VGND,li1,47.1500,212.1600,0.000219
_3782_,VGND,li1,21.1600,217.6000,0.000073
_3781_,VGND,li1,118.6800,195.8400,0.000384
_3780_,VGND,li1,132.0200,195.8400,0.000355
_3779_,VGND,li1,141.9100,190.4000,0.000294
_3778_,VGND,li1,124.4300,201.2800,0.000256
_3777_,VGND,li1,138.9200,201.2800,0.000244
_3776_,VGND,li1,80.5000,190.4000,0.000294
_3775_,VGND,li1,76.8200,190.4000,0.000286
_3774_,VGND,li1,84.4100,201.2800,0.000232
_3773_,VGND,li1,80.7300,195.8400,0.000363
_3772_,VGND,li1,69.4600,195.8400,0.000320
_3771_,VGND,li1,105.8000,304.6400,0.000189
_3770_,VGND,li1,129.2600,266.5600,0.000441
_3769_,VGND,li1,105.3400,310.0800,0.000210
_3768_,VGND,li1,109.9400,304.6400,0.000192
_3767_,VGND,li1,111.0900,310.0800,0.000209
_3766_,VGND,li1,113.3900,315.5200,0.000367
_3765_,VGND,li1,99.3600,315.5200,0.000361
_3764_,VGND,li1,128.8000,261.1200,0.000258
_3763_,VGND,li1,132.2500,266.5600,0.000433
_3762_,VGND,li1,132.2500,255.6800,0.000199
_3761_,VGND,li1,136.8500,261.1200,0.000250
_3760_,VGND,li1,124.4300,255.6800,0.000205
_3759_,VGND,li1,118.6800,250.2400,0.000268
_3758_,VGND,li1,102.5800,299.2000,0.000229
_3757_,VGND,li1,103.5000,288.3200,0.000242
_3756_,VGND,li1,106.4900,299.2000,0.000232
_3755_,VGND,li1,106.4900,288.3200,0.000240
_3754_,VGND,li1,95.6800,293.7600,0.000385
_3753_,VGND,li1,128.1100,266.5600,0.000441
_3752_,VGND,li1,120.5200,272.0000,0.000332
_3751_,VGND,li1,124.4300,272.0000,0.000330
_3750_,VGND,li1,132.2500,272.0000,0.000325
_3749_,VGND,li1,115.0000,266.5600,0.000434
_3748_,VGND,li1,41.6300,163.2000,0.000093
_3747_,VGND,li1,74.2900,163.2000,0.000162
_3746_,VGND,li1,56.8100,157.7600,0.000314
_3745_,VGND,li1,29.4400,163.2000,0.000062
_3744_,VGND,li1,36.1100,163.2000,0.000083
_3743_,VGND,li1,54.9700,168.6400,0.000217
_3742_,VGND,li1,19.3200,168.6400,0.000073
_3741_,VGND,li1,43.9300,163.2000,0.000101
_3740_,VGND,li1,33.1200,152.3200,0.000171
_3739_,VGND,li1,37.9500,157.7600,0.000184
_3738_,VGND,li1,47.8400,157.7600,0.000242
_3737_,VGND,li1,51.7500,157.7600,0.000280
_3736_,VGND,li1,23.0000,152.3200,0.000127
_3735_,VGND,li1,107.1800,157.7600,0.000495
_3734_,VGND,li1,106.7200,146.8800,0.000307
_3733_,VGND,li1,111.0900,157.7600,0.000500
_3732_,VGND,li1,111.0900,163.2000,0.000201
_3731_,VGND,li1,100.2800,152.3200,0.000375
_3730_,VGND,li1,77.2800,163.2000,0.000166
_3729_,VGND,li1,74.9800,152.3200,0.000357
_3728_,VGND,li1,79.8100,146.8800,0.000256
_3727_,VGND,li1,80.7300,157.7600,0.000444
_3726_,VGND,li1,69.0000,152.3200,0.000346
_3725_,VGND,li1,294.8600,43.5200,0.000662
_3724_,VGND,li1,251.8500,48.9600,0.000364
_3723_,VGND,li1,293.4800,70.7200,0.001199
_3722_,VGND,li1,299.9200,76.1600,0.000424
_3721_,VGND,li1,299.2300,81.6000,0.000760
_3720_,VGND,li1,305.2100,70.7200,0.001243
_3719_,VGND,li1,287.5000,76.1600,0.000408
_3718_,VGND,li1,253.6900,38.0800,0.000537
_3717_,VGND,li1,257.1400,21.7600,0.000529
_3716_,VGND,li1,249.0900,43.5200,0.000535
_3715_,VGND,li1,243.8000,48.9600,0.000349
_3714_,VGND,li1,294.8600,48.9600,0.000414
_3713_,VGND,li1,299.4600,43.5200,0.000666
_3712_,VGND,li1,300.6100,43.5200,0.000666
_3711_,VGND,li1,304.7500,43.5200,0.000669
_3710_,VGND,li1,286.5800,38.0800,0.000696
_3709_,VGND,li1,244.9500,108.8000,0.001000
_3708_,VGND,li1,234.1400,114.2400,0.000514
_3707_,VGND,li1,234.8300,114.2400,0.000514
_3706_,VGND,li1,252.7700,108.8000,0.001064
_3705_,VGND,li1,224.4800,114.2400,0.000455
_3704_,VGND,li1,241.7300,288.3200,0.000492
_3703_,VGND,li1,240.1200,282.8800,0.000307
_3702_,VGND,li1,257.3700,277.4400,0.000798
_3701_,VGND,li1,257.6000,282.8800,0.000355
_3700_,VGND,li1,261.0500,277.4400,0.000819
_3699_,VGND,li1,265.6500,282.8800,0.000376
_3698_,VGND,li1,256.2200,293.7600,0.000395
_3697_,VGND,li1,245.4100,233.9200,0.000686
_3696_,VGND,li1,265.4200,228.4800,0.000845
_3695_,VGND,li1,268.8700,228.4800,0.000858
_3694_,VGND,li1,266.5700,223.0400,0.001165
_3693_,VGND,li1,272.5500,217.6000,0.000884
_3692_,VGND,li1,271.1700,228.4800,0.000873
_3691_,VGND,li1,258.9800,223.0400,0.001102
_3690_,VGND,li1,239.6600,244.8000,0.000639
_3689_,VGND,li1,236.2100,228.4800,0.000680
_3688_,VGND,li1,241.7300,233.9200,0.000663
_3687_,VGND,li1,235.2900,228.4800,0.000680
_3686_,VGND,li1,226.3200,223.0400,0.000818
_3685_,VGND,li1,235.7500,282.8800,0.000298
_3684_,VGND,li1,232.3000,282.8800,0.000284
_3683_,VGND,li1,232.9900,293.7600,0.000341
_3682_,VGND,li1,239.8900,293.7600,0.000359
_3681_,VGND,li1,229.5400,310.0800,0.000246
_3680_,VGND,li1,39.7900,190.4000,0.000170
_3679_,VGND,li1,77.9700,179.5200,0.000360
_3678_,VGND,li1,63.2500,179.5200,0.000299
_3677_,VGND,li1,53.3600,174.0800,0.000145
_3676_,VGND,li1,49.4500,174.0800,0.000135
_3675_,VGND,li1,72.4500,174.0800,0.000191
_3674_,VGND,li1,23.4600,179.5200,0.000072
_3673_,VGND,li1,42.5500,174.0800,0.000108
_3672_,VGND,li1,36.3400,190.4000,0.000144
_3671_,VGND,li1,35.6500,190.4000,0.000144
_3670_,VGND,li1,46.4600,190.4000,0.000205
_3669_,VGND,li1,54.9700,184.9600,0.000376
_3668_,VGND,li1,23.0000,190.4000,0.000080
_3667_,VGND,li1,92.0000,179.5200,0.000416
_3666_,VGND,li1,93.8400,174.0800,0.000222
_3665_,VGND,li1,98.6700,174.0800,0.000227
_3664_,VGND,li1,93.1500,184.9600,0.000465
_3663_,VGND,li1,87.4000,174.0800,0.000214
_3662_,VGND,li1,119.1400,190.4000,0.000325
_3661_,VGND,li1,115.4600,184.9600,0.000457
_3660_,VGND,li1,119.3700,174.0800,0.000241
_3659_,VGND,li1,123.0500,184.9600,0.000450
_3658_,VGND,li1,111.3200,190.4000,0.000328
_3657_,VGND,li1,232.7600,266.5600,0.000755
_3656_,VGND,li1,235.0600,272.0000,0.001107
_3655_,VGND,li1,238.7400,272.0000,0.001130
_3654_,VGND,li1,243.1100,272.0000,0.001196
_3653_,VGND,li1,247.2500,272.0000,0.001240
_3652_,VGND,li1,225.4000,272.0000,0.000989
_3651_,VGND,li1,213.9000,239.3600,0.000262
_3650_,VGND,li1,216.2000,233.9200,0.000473
_3649_,VGND,li1,205.8500,233.9200,0.000388
_3648_,VGND,li1,198.7200,228.4800,0.000372
_3647_,VGND,li1,294.6300,272.0000,0.001535
_3646_,VGND,li1,300.3800,266.5600,0.001034
_3645_,VGND,li1,306.5900,261.1200,0.000610
_3644_,VGND,li1,304.2900,266.5600,0.001043
_3643_,VGND,li1,291.4100,261.1200,0.000604
_3642_,VGND,li1,285.6600,266.5600,0.000997
_3641_,VGND,li1,296.7000,239.3600,0.000351
_3640_,VGND,li1,304.0600,239.3600,0.000352
_3639_,VGND,li1,307.9700,239.3600,0.000352
_3638_,VGND,li1,313.0300,239.3600,0.000352
_3637_,VGND,li1,290.2600,228.4800,0.000942
_3636_,VGND,li1,74.9800,43.5200,0.000169
_3635_,VGND,li1,71.0700,43.5200,0.000162
_3634_,VGND,li1,46.9200,54.4000,0.000132
_3633_,VGND,li1,48.0700,65.2800,0.000248
_3632_,VGND,li1,44.3900,59.8400,0.000307
_3631_,VGND,li1,41.1700,59.8400,0.000282
_3630_,VGND,li1,53.1300,65.2800,0.000271
_3629_,VGND,li1,23.0000,65.2800,0.000085
_3628_,VGND,li1,68.7700,38.0800,0.000152
_3627_,VGND,li1,61.6400,43.5200,0.000153
_3626_,VGND,li1,66.0100,32.6400,0.000242
_3625_,VGND,li1,49.2200,27.2000,0.000215
_3624_,VGND,li1,86.4800,38.0800,0.000172
_3623_,VGND,li1,89.7000,27.2000,0.000378
_3622_,VGND,li1,93.6100,21.7600,0.000238
_3621_,VGND,li1,89.4700,21.7600,0.000232
_3620_,VGND,li1,88.7800,43.5200,0.000182
_3619_,VGND,li1,71.9900,81.6000,0.000437
_3618_,VGND,li1,74.5200,108.8000,0.000399
_3617_,VGND,li1,85.3300,108.8000,0.000456
_3616_,VGND,li1,80.7300,87.0400,0.000166
_3615_,VGND,li1,68.5400,103.3600,0.000234
_3614_,VGND,li1,174.8000,141.4400,0.000127
_3613_,VGND,li1,171.3500,141.4400,0.000139
_3612_,VGND,li1,158.2400,136.0000,0.000257
_3611_,VGND,li1,158.2400,130.5600,0.000182
_3610_,VGND,li1,162.6100,130.5600,0.000168
_3609_,VGND,li1,170.4300,136.0000,0.000200
_3608_,VGND,li1,152.2600,136.0000,0.000277
_3607_,VGND,li1,167.4400,141.4400,0.000149
_3606_,VGND,li1,154.5600,141.4400,0.000186
_3605_,VGND,li1,163.0700,152.3200,0.000276
_3604_,VGND,li1,163.9900,146.8800,0.000277
_3603_,VGND,li1,146.7400,157.7600,0.000379
_3602_,VGND,li1,171.3500,163.2000,0.000102
_3601_,VGND,li1,175.4900,157.7600,0.000170
_3600_,VGND,li1,170.4300,168.6400,0.000336
_3599_,VGND,li1,166.0600,174.0800,0.000175
_3598_,VGND,li1,146.7400,174.0800,0.000219
_3597_,VGND,li1,183.7700,163.2000,0.000111
_3596_,VGND,li1,181.7000,146.8800,0.000221
_3595_,VGND,li1,183.0800,163.2000,0.000111
_3594_,VGND,li1,297.1600,212.1600,0.000793
_3593_,VGND,li1,233.9100,212.1600,0.000615
_3592_,VGND,li1,299.0000,206.7200,0.001092
_3591_,VGND,li1,299.9200,201.2800,0.000672
_3590_,VGND,li1,307.0500,201.2800,0.000681
_3589_,VGND,li1,317.1700,206.7200,0.001105
_3588_,VGND,li1,289.8000,201.2800,0.000654
_3587_,VGND,li1,235.5200,217.6000,0.000704
_3586_,VGND,li1,241.7300,223.0400,0.000955
_3585_,VGND,li1,244.4900,212.1600,0.000680
_3584_,VGND,li1,243.5700,195.8400,0.000730
_3583_,VGND,li1,232.3000,201.2800,0.000463
_3582_,VGND,li1,296.2400,217.6000,0.000945
_3581_,VGND,li1,303.6000,223.0400,0.001377
_3580_,VGND,li1,307.5100,223.0400,0.001387
_3579_,VGND,li1,312.1100,228.4800,0.000963
_3578_,VGND,li1,288.4200,212.1600,0.000787
_3577_,VGND,li1,221.4900,212.1600,0.000531
_3576_,VGND,li1,201.9400,212.1600,0.000381
_3575_,VGND,li1,205.8500,212.1600,0.000412
_3574_,VGND,li1,215.5100,201.2800,0.000368
_3573_,VGND,li1,194.5800,206.7200,0.000446
_3572_,VGND,li1,265.4200,38.0800,0.000594
_3571_,VGND,li1,265.1900,38.0800,0.000594
_3570_,VGND,li1,244.2600,32.6400,0.000429
_3569_,VGND,li1,248.4000,27.2000,0.000534
_3568_,VGND,li1,244.0300,21.7600,0.000500
_3567_,VGND,li1,244.9500,32.6400,0.000429
_3566_,VGND,li1,234.6000,27.2000,0.000473
_3565_,VGND,li1,270.0200,32.6400,0.000474
_3564_,VGND,li1,273.9300,27.2000,0.000582
_3563_,VGND,li1,278.5300,27.2000,0.000583
_3562_,VGND,li1,272.0900,43.5200,0.000620
_3561_,VGND,li1,263.1200,43.5200,0.000594
_3560_,VGND,li1,266.3400,54.4000,0.000513
_3559_,VGND,li1,281.9800,65.2800,0.000898
_3558_,VGND,li1,272.5500,65.2800,0.000878
_3557_,VGND,li1,273.0100,54.4000,0.000523
_3556_,VGND,li1,267.7200,81.6000,0.000683
_3555_,VGND,li1,244.4900,97.9200,0.000432
_3554_,VGND,li1,241.5000,81.6000,0.000563
_3553_,VGND,li1,246.7900,81.6000,0.000589
_3552_,VGND,li1,242.1900,92.4800,0.000626
_3551_,VGND,li1,230.0000,87.0400,0.000469
_3550_,VGND,li1,169.7400,299.2000,0.000168
_3549_,VGND,li1,168.1300,223.0400,0.000221
_3548_,VGND,li1,163.3000,310.0800,0.000136
_3547_,VGND,li1,166.9800,304.6400,0.000159
_3546_,VGND,li1,170.8900,304.6400,0.000152
_3545_,VGND,li1,170.8900,315.5200,0.000148
_3544_,VGND,li1,156.8600,315.5200,0.000232
_3543_,VGND,li1,172.9600,223.0400,0.000212
_3542_,VGND,li1,177.7900,228.4800,0.000170
_3541_,VGND,li1,184.6900,223.0400,0.000282
_3540_,VGND,li1,164.9100,223.0400,0.000229
_3539_,VGND,li1,159.6200,223.0400,0.000240
_3538_,VGND,li1,163.7600,304.6400,0.000163
_3537_,VGND,li1,154.5600,282.8800,0.000155
_3536_,VGND,li1,169.9700,282.8800,0.000111
_3535_,VGND,li1,165.8300,282.8800,0.000127
_3534_,VGND,li1,161.9200,293.7600,0.000213
_3533_,VGND,li1,166.7500,217.6000,0.000205
_3532_,VGND,li1,166.5200,206.7200,0.000267
_3531_,VGND,li1,170.8900,206.7200,0.000252
_3530_,VGND,li1,169.9700,212.1600,0.000199
_3529_,VGND,li1,158.7000,206.7200,0.000295
_3528_,VGND,li1,72.9100,304.6400,0.000145
_3527_,VGND,li1,85.7900,288.3200,0.000249
_3526_,VGND,li1,77.9700,304.6400,0.000152
_3525_,VGND,li1,87.8600,288.3200,0.000248
_3524_,VGND,li1,91.7700,282.8800,0.000286
_3523_,VGND,li1,98.2100,277.4400,0.000395
_3522_,VGND,li1,84.4100,288.3200,0.000250
_3521_,VGND,li1,75.9000,255.6800,0.000209
_3520_,VGND,li1,84.8700,304.6400,0.000163
_3519_,VGND,li1,78.6600,315.5200,0.000304
_3518_,VGND,li1,71.9900,310.0800,0.000204
_3517_,VGND,li1,64.8600,315.5200,0.000247
_3516_,VGND,li1,71.7600,299.2000,0.000177
_3515_,VGND,li1,69.6900,293.7600,0.000283
_3514_,VGND,li1,66.0100,293.7600,0.000268
_3513_,VGND,li1,72.9100,293.7600,0.000304
_3512_,VGND,li1,63.2500,299.2000,0.000155
_3511_,VGND,li1,57.5000,293.7600,0.000229
_3510_,VGND,li1,111.0900,239.3600,0.000389
_3509_,VGND,li1,110.4000,233.9200,0.000352
_3508_,VGND,li1,115.2300,228.4800,0.000428
_3507_,VGND,li1,119.3700,233.9200,0.000352
_3506_,VGND,li1,103.9600,228.4800,0.000428
_3505_,VGND,li1,42.3200,114.2400,0.000185
_3504_,VGND,li1,51.2900,108.8000,0.000274
_3503_,VGND,li1,41.4000,114.2400,0.000185
_3502_,VGND,li1,42.3200,108.8000,0.000213
_3501_,VGND,li1,37.4900,114.2400,0.000159
_3500_,VGND,li1,50.3700,114.2400,0.000241
_3499_,VGND,li1,20.2400,114.2400,0.000077
_3498_,VGND,li1,50.8300,103.3600,0.000155
_3497_,VGND,li1,44.6200,97.9200,0.000155
_3496_,VGND,li1,34.2700,103.3600,0.000090
_3495_,VGND,li1,23.4600,97.9200,0.000072
_3494_,VGND,li1,72.2200,119.6800,0.000304
_3493_,VGND,li1,75.9000,119.6800,0.000320
_3492_,VGND,li1,80.7300,125.1200,0.000457
_3491_,VGND,li1,79.8100,119.6800,0.000331
_3490_,VGND,li1,65.7800,125.1200,0.000421
_3489_,VGND,li1,97.7500,114.2400,0.000305
_3488_,VGND,li1,92.4600,125.1200,0.000476
_3487_,VGND,li1,105.1100,125.1200,0.000477
_3486_,VGND,li1,97.7500,119.6800,0.000398
_3485_,VGND,li1,97.9800,136.0000,0.000376
_3484_,VGND,li1,299.0000,163.2000,0.000438
_3483_,VGND,li1,300.1500,168.6400,0.000671
_3482_,VGND,li1,222.6400,168.6400,0.000472
_3481_,VGND,li1,212.5200,163.2000,0.000249
_3480_,VGND,li1,213.6700,174.0800,0.000396
_3479_,VGND,li1,226.5500,168.6400,0.000491
_3478_,VGND,li1,203.3200,168.6400,0.000368
_3477_,VGND,li1,304.0600,168.6400,0.000674
_3476_,VGND,li1,300.3800,174.0800,0.000701
_3475_,VGND,li1,316.7100,168.6400,0.000680
_3474_,VGND,li1,307.5100,174.0800,0.000712
_3473_,VGND,li1,289.3400,168.6400,0.000661
_3472_,VGND,li1,293.2500,163.2000,0.000432
_3471_,VGND,li1,296.9300,157.7600,0.000610
_3470_,VGND,li1,265.6500,163.2000,0.000401
_3469_,VGND,li1,258.9800,163.2000,0.000393
_3468_,VGND,li1,241.9600,163.2000,0.000358
_3467_,VGND,li1,298.3100,157.7600,0.000612
_3466_,VGND,li1,306.8200,152.3200,0.001205
_3465_,VGND,li1,288.4200,146.8800,0.001147
_3464_,VGND,li1,261.5100,310.0800,0.000273
_3463_,VGND,li1,258.2900,304.6400,0.000697
_3462_,VGND,li1,269.7900,288.3200,0.000550
_3461_,VGND,li1,264.7300,310.0800,0.000275
_3460_,VGND,li1,259.4400,315.5200,0.000362
_3459_,VGND,li1,254.1500,310.0800,0.000267
_3458_,VGND,li1,243.3400,310.0800,0.000259
_3457_,VGND,li1,278.7600,288.3200,0.000564
_3456_,VGND,li1,284.5100,293.7600,0.000439
_3455_,VGND,li1,283.5900,288.3200,0.000571
_3454_,VGND,li1,275.7700,293.7600,0.000431
_3453_,VGND,li1,273.2400,299.2000,0.000624
_3452_,VGND,li1,244.7200,266.5600,0.000853
_3451_,VGND,li1,242.6500,250.2400,0.000516
_3450_,VGND,li1,256.9100,255.6800,0.000546
_3449_,VGND,li1,247.7100,255.6800,0.000515
_3448_,VGND,li1,238.9700,250.2400,0.000494
_3447_,VGND,li1,229.0800,255.6800,0.000430
_3446_,VGND,li1,257.3700,266.5600,0.000915
_3445_,VGND,li1,261.2800,255.6800,0.000555
_3444_,VGND,li1,265.6500,261.1200,0.000577
_3443_,VGND,li1,271.6300,255.6800,0.000586
_3442_,VGND,li1,258.5200,239.3600,0.000334
_3441_,VGND,li1,33.8100,141.4400,0.000085
_3440_,VGND,li1,44.8500,146.8800,0.000134
_3439_,VGND,li1,45.0800,141.4400,0.000115
_3438_,VGND,li1,41.6300,136.0000,0.000152
_3437_,VGND,li1,51.7500,136.0000,0.000208
_3436_,VGND,li1,33.8100,136.0000,0.000114
_3435_,VGND,li1,23.0000,136.0000,0.000072
_3434_,VGND,li1,40.0200,130.5600,0.000147
_3433_,VGND,li1,43.0100,130.5600,0.000157
_3432_,VGND,li1,40.0200,125.1200,0.000248
_3431_,VGND,li1,20.2400,130.5600,0.000070
_3430_,VGND,li1,128.3400,136.0000,0.000346
_3429_,VGND,li1,129.7200,146.8800,0.000328
_3428_,VGND,li1,125.1200,152.3200,0.000360
_3427_,VGND,li1,125.3500,157.7600,0.000471
_3426_,VGND,li1,131.7900,163.2000,0.000194
_3425_,VGND,li1,123.7400,146.8800,0.000326
_3424_,VGND,li1,129.4900,130.5600,0.000262
_3423_,VGND,li1,132.2500,130.5600,0.000253
_3422_,VGND,li1,118.9100,136.0000,0.000366
_3421_,VGND,li1,123.0500,125.1200,0.000429
_3420_,VGND,li1,126.0400,119.6800,0.000420
_3419_,VGND,li1,222.8700,293.7600,0.000307
_3418_,VGND,li1,299.6900,293.7600,0.000446
_3417_,VGND,li1,222.4100,299.2000,0.000390
_3416_,VGND,li1,296.4700,288.3200,0.000581
_3415_,VGND,li1,304.7500,288.3200,0.000586
_3414_,VGND,li1,303.3700,293.7600,0.000447
_3413_,VGND,li1,309.8100,288.3200,0.000586
_3412_,VGND,li1,296.9300,293.7600,0.000446
_3411_,VGND,li1,293.9400,299.2000,0.000674
_3410_,VGND,li1,221.0300,304.6400,0.000484
_3409_,VGND,li1,216.2000,299.2000,0.000354
_3408_,VGND,li1,224.7100,310.0800,0.000241
_3407_,VGND,li1,212.5200,310.0800,0.000226
_3406_,VGND,li1,298.0800,250.2400,0.000701
_3405_,VGND,li1,300.1500,244.8000,0.000786
_3404_,VGND,li1,300.6100,255.6800,0.000624
_3403_,VGND,li1,303.8300,255.6800,0.000626
_3402_,VGND,li1,312.5700,255.6800,0.000632
_3401_,VGND,li1,287.5000,244.8000,0.000785
_3400_,VGND,li1,213.6700,288.3200,0.000374
_3399_,VGND,li1,212.9800,261.1200,0.000462
_3398_,VGND,li1,209.5300,272.0000,0.000734
_3397_,VGND,li1,217.3500,282.8800,0.000247
_3396_,VGND,li1,210.2200,244.8000,0.000448
_3395_,VGND,li1,260.5900,136.0000,0.000529
_3394_,VGND,li1,262.4300,130.5600,0.000486
_3393_,VGND,li1,265.1900,119.6800,0.001540
_3392_,VGND,li1,263.1200,108.8000,0.001130
_3391_,VGND,li1,268.4100,103.3600,0.000519
_3390_,VGND,li1,269.7900,119.6800,0.001550
_3389_,VGND,li1,269.5600,97.9200,0.000536
_3388_,VGND,li1,217.3500,146.8800,0.000610
_3387_,VGND,li1,213.9000,141.4400,0.000350
_3386_,VGND,li1,209.9900,146.8800,0.000535
_3385_,VGND,li1,226.3200,152.3200,0.000867
_3384_,VGND,li1,226.0900,157.7600,0.000413
_3383_,VGND,li1,199.1800,146.8800,0.000413
_3382_,VGND,li1,207.0000,125.1200,0.000264
_3381_,VGND,li1,207.0000,125.1200,0.000264
_3380_,VGND,li1,203.0900,125.1200,0.000244
_3379_,VGND,li1,209.0700,136.0000,0.000346
_3378_,VGND,li1,192.7400,130.5600,0.000197
_3377_,VGND,li1,266.3400,136.0000,0.000545
_3376_,VGND,li1,273.2400,146.8800,0.001071
_3375_,VGND,li1,271.1700,152.3200,0.001135
_3374_,VGND,li1,272.5500,130.5600,0.000508
_3373_,VGND,li1,263.1200,141.4400,0.000603
_3372_,VGND,li1,303.6000,136.0000,0.000609
_3371_,VGND,li1,300.1500,141.4400,0.000685
_3370_,VGND,li1,244.7200,130.5600,0.000440
_3369_,VGND,li1,230.9200,146.8800,0.000737
_3368_,VGND,li1,235.2900,146.8800,0.000776
_3367_,VGND,li1,248.6300,146.8800,0.000885
_3366_,VGND,li1,224.9400,141.4400,0.000424
_3365_,VGND,li1,304.0600,119.6800,0.001592
_3364_,VGND,li1,299.9200,108.8000,0.001339
_3363_,VGND,li1,305.6700,119.6800,0.001594
_3362_,VGND,li1,317.1700,119.6800,0.001601
_3361_,VGND,li1,290.7200,119.6800,0.001579
_3360_,VGND,li1,299.4600,136.0000,0.000605
_3359_,VGND,li1,256.4500,130.5600,0.000469
_3358_,VGND,li1,254.8400,125.1200,0.000424
_3357_,VGND,li1,232.7600,125.1200,0.000360
_3356_,VGND,li1,299.9200,130.5600,0.000541
_3355_,VGND,li1,300.3800,141.4400,0.000685
_3354_,VGND,li1,306.1300,136.0000,0.000611
_3353_,VGND,li1,317.1700,136.0000,0.000613
_3352_,VGND,li1,290.7200,130.5600,0.000532
_3351_,VGND,li1,85.1000,38.0800,0.000172
_3350_,VGND,li1,86.4800,32.6400,0.000287
_3349_,VGND,li1,106.9500,32.6400,0.000301
_3348_,VGND,li1,106.4900,32.6400,0.000301
_3347_,VGND,li1,97.2900,21.7600,0.000243
_3346_,VGND,li1,104.1900,21.7600,0.000248
_3345_,VGND,li1,107.6400,43.5200,0.000197
_3344_,VGND,li1,80.2700,27.2000,0.000359
_3343_,VGND,li1,77.2800,21.7600,0.000213
_3342_,VGND,li1,63.4800,21.7600,0.000182
_3341_,VGND,li1,78.6600,54.4000,0.000206
_3340_,VGND,li1,77.2800,59.8400,0.000560
_3339_,VGND,li1,85.3300,65.2800,0.000439
_3338_,VGND,li1,73.3700,59.8400,0.000543
_3337_,VGND,li1,72.9100,65.2800,0.000407
_3336_,VGND,li1,65.3200,70.7200,0.000132
_3335_,VGND,li1,99.3600,87.0400,0.000195
_3334_,VGND,li1,106.7200,92.4800,0.000205
_3333_,VGND,li1,111.0900,97.9200,0.000221
_3332_,VGND,li1,112.0100,92.4800,0.000204
_3331_,VGND,li1,98.9000,97.9200,0.000223
_3330_,VGND,li1,217.1200,54.4000,0.000363
_3329_,VGND,li1,216.4300,38.0800,0.000342
_3328_,VGND,li1,215.2800,38.0800,0.000330
_3327_,VGND,li1,218.9600,38.0800,0.000355
_3326_,VGND,li1,220.1100,43.5200,0.000403
_3325_,VGND,li1,227.0100,48.9600,0.000304
_3324_,VGND,li1,207.0000,43.5200,0.000327
_3323_,VGND,li1,219.1900,27.2000,0.000384
_3322_,VGND,li1,220.3400,21.7600,0.000406
_3321_,VGND,li1,208.8400,21.7600,0.000342
_3320_,VGND,li1,217.3500,59.8400,0.000947
_3319_,VGND,li1,209.5300,65.2800,0.000480
_3318_,VGND,li1,214.1300,65.2800,0.000522
_3317_,VGND,li1,221.0300,59.8400,0.001012
_3316_,VGND,li1,200.5600,70.7200,0.000387
_3315_,VGND,li1,209.7600,87.0400,0.000372
_3314_,VGND,li1,210.2200,87.0400,0.000372
_3313_,VGND,li1,214.1300,76.1600,0.000227
_3312_,VGND,li1,214.1300,87.0400,0.000401
_3311_,VGND,li1,198.2600,92.4800,0.000320
_3310_,VGND,li1,184.2300,27.2000,0.000167
_3309_,VGND,li1,188.1400,76.1600,0.000133
_3308_,VGND,li1,182.3900,70.7200,0.000197
_3307_,VGND,li1,178.2500,70.7200,0.000147
_3306_,VGND,li1,187.9100,65.2800,0.000260
_3305_,VGND,li1,191.1300,76.1600,0.000143
_3304_,VGND,li1,178.4800,81.6000,0.000173
_3303_,VGND,li1,181.9300,32.6400,0.000148
_3302_,VGND,li1,180.3200,38.0800,0.000122
_3301_,VGND,li1,178.9400,38.0800,0.000101
_3300_,VGND,li1,190.2100,38.0800,0.000188
_3299_,VGND,li1,183.7700,43.5200,0.000151
_3298_,VGND,li1,177.5600,48.9600,0.000101
_3297_,VGND,li1,188.6000,27.2000,0.000200
_3296_,VGND,li1,188.8300,21.7600,0.000205
_3295_,VGND,li1,193.4300,27.2000,0.000232
_3294_,VGND,li1,181.4700,27.2000,0.000144
_3293_,VGND,li1,177.5600,21.7600,0.000137
_3292_,VGND,li1,186.5300,92.4800,0.000205
_3291_,VGND,li1,174.3400,108.8000,0.000246
_3290_,VGND,li1,180.5500,108.8000,0.000246
_3289_,VGND,li1,181.9300,97.9200,0.000125
_3288_,VGND,li1,176.6400,119.6800,0.000287
_3287_,VGND,li1,37.0300,54.4000,0.000104
_3286_,VGND,li1,40.7100,54.4000,0.000113
_3285_,VGND,li1,43.2400,48.9600,0.000096
_3284_,VGND,li1,43.4700,38.0800,0.000101
_3283_,VGND,li1,37.9500,43.5200,0.000095
_3282_,VGND,li1,35.1900,54.4000,0.000094
_3281_,VGND,li1,24.8400,48.9600,0.000040
_3280_,VGND,li1,38.8700,70.7200,0.000083
_3279_,VGND,li1,98.9000,65.2800,0.000452
_3278_,VGND,li1,93.8400,65.2800,0.000447
_3277_,VGND,li1,98.6700,59.8400,0.000634
_3276_,VGND,li1,106.0300,65.2800,0.000453
_3275_,VGND,li1,98.9000,76.1600,0.000230
_3274_,VGND,li1,42.3200,70.7200,0.000093
_3273_,VGND,li1,46.6900,81.6000,0.000275
_3272_,VGND,li1,42.0900,76.1600,0.000156
_3271_,VGND,li1,34.7300,81.6000,0.000179
_3270_,VGND,li1,25.7600,81.6000,0.000098
_3269_,VGND,li1,72.4500,87.0400,0.000151
_3268_,VGND,li1,69.0000,87.0400,0.000143
_3267_,VGND,li1,76.1300,87.0400,0.000158
_3266_,VGND,li1,77.5100,92.4800,0.000193
_3265_,VGND,li1,63.4800,87.0400,0.000134
_3264_,VGND,li1,71.9900,244.8000,0.000240
_3263_,VGND,li1,80.7300,223.0400,0.000179
_3262_,VGND,li1,101.2000,223.0400,0.000223
_3261_,VGND,li1,152.7200,184.9600,0.000374
_3260_,VGND,li1,115.2300,223.0400,0.000241
_3259_,VGND,li1,115.2300,217.6000,0.000352
_3258_,VGND,li1,84.8700,212.1600,0.000365
_3257_,VGND,li1,100.7400,206.7200,0.000291
_3256_,VGND,li1,68.3100,239.3600,0.000290
_3255_,VGND,li1,44.8500,250.2400,0.000180
_3254_,VGND,li1,32.8900,244.8000,0.000092
_3253_,VGND,li1,136.8500,141.4400,0.000217
_3252_,VGND,li1,41.1700,255.6800,0.000123
_3251_,VGND,li1,48.9900,244.8000,0.000157
_3250_,VGND,li1,24.3800,250.2400,0.000068
_3249_,VGND,li1,73.3700,244.8000,0.000246
_3248_,VGND,li1,158.4700,184.9600,0.000346
_3247_,VGND,li1,77.9700,233.9200,0.000316
_3246_,VGND,li1,74.7500,244.8000,0.000246
_3245_,VGND,li1,76.1300,239.3600,0.000320
_3244_,VGND,li1,70.1500,244.8000,0.000234
_3243_,VGND,li1,63.0200,233.9200,0.000279
_3242_,VGND,li1,51.2900,228.4800,0.000218
_3241_,VGND,li1,31.7400,233.9200,0.000142
_3240_,VGND,li1,34.7300,233.9200,0.000166
_3239_,VGND,li1,167.2100,190.4000,0.000224
_3238_,VGND,li1,177.7900,184.9600,0.000213
_3237_,VGND,li1,47.1500,228.4800,0.000198
_3236_,VGND,li1,23.9200,233.9200,0.000083
_3235_,VGND,li1,188.3700,179.5200,0.000323
_3234_,VGND,li1,158.4700,195.8400,0.000270
_3233_,VGND,li1,170.8900,184.9600,0.000261
_3232_,VGND,li1,133.1700,179.5200,0.000467
_3231_,VGND,li1,281.2900,190.4000,0.001063
_3230_,VGND,li1,265.4200,190.4000,0.000950
_3229_,VGND,li1,261.9700,190.4000,0.000934
_3228_,VGND,li1,264.5000,195.8400,0.000818
_3227_,VGND,li1,265.6500,201.2800,0.000594
_3226_,VGND,li1,270.7100,201.2800,0.000610
_3225_,VGND,li1,254.8400,195.8400,0.000783
_3224_,VGND,li1,282.2100,184.9600,0.000965
_3223_,VGND,li1,209.7600,184.9600,0.000539
_3222_,VGND,li1,209.7600,195.8400,0.000504
_3221_,VGND,li1,215.0500,184.9600,0.000597
_3220_,VGND,li1,214.1300,195.8400,0.000546
_3219_,VGND,li1,196.8800,190.4000,0.000378
_3218_,VGND,li1,291.1800,190.4000,0.001109
_3217_,VGND,li1,295.0900,190.4000,0.001118
_3216_,VGND,li1,303.8300,190.4000,0.001151
_3215_,VGND,li1,285.8900,179.5200,0.000946
_3214_,VGND,li1,271.8600,174.0800,0.000632
_3213_,VGND,li1,260.1300,184.9600,0.000866
_3212_,VGND,li1,244.2600,179.5200,0.000809
_3211_,VGND,li1,248.1700,179.5200,0.000836
_3210_,VGND,li1,261.0500,184.9600,0.000877
_3209_,VGND,li1,236.9000,179.5200,0.000756
_3208_,VGND,li1,136.6200,299.2000,0.000246
_3207_,VGND,li1,140.0700,288.3200,0.000205
_3206_,VGND,li1,135.2400,304.6400,0.000192
_3205_,VGND,li1,132.4800,310.0800,0.000196
_3204_,VGND,li1,144.2100,304.6400,0.000188
_3203_,VGND,li1,140.0700,304.6400,0.000190
_3202_,VGND,li1,130.1800,315.5200,0.000340
_3201_,VGND,li1,141.2200,282.8800,0.000186
_3200_,VGND,li1,145.1300,282.8800,0.000178
_3199_,VGND,li1,145.1300,288.3200,0.000196
_3198_,VGND,li1,136.3900,293.7600,0.000322
_3197_,VGND,li1,127.4200,293.7600,0.000354
_3196_,VGND,li1,136.1600,239.3600,0.000313
_3195_,VGND,li1,138.0000,244.8000,0.000296
_3194_,VGND,li1,145.1300,239.3600,0.000279
_3193_,VGND,li1,140.0700,239.3600,0.000304
_3192_,VGND,li1,139.3800,217.6000,0.000295
_3191_,VGND,li1,143.2900,272.0000,0.000312
_3190_,VGND,li1,144.9000,266.5600,0.000403
_3189_,VGND,li1,152.9500,255.6800,0.000171
_3188_,VGND,li1,152.0300,277.4400,0.000297
_3187_,VGND,li1,154.1000,250.2400,0.000190
_3186_,VGND,li1,152.0300,43.5200,0.000163
_3185_,VGND,li1,155.0200,81.6000,0.000339
_3184_,VGND,li1,158.4700,81.6000,0.000316
_3183_,VGND,li1,150.8800,81.6000,0.000366
_3182_,VGND,li1,155.7100,81.6000,0.000339
_3181_,VGND,li1,163.0700,76.1600,0.000137
_3180_,VGND,li1,148.1200,81.6000,0.000393
_3179_,VGND,li1,154.7900,43.5200,0.000158
_3178_,VGND,li1,158.2400,43.5200,0.000153
_3177_,VGND,li1,164.4500,48.9600,0.000163
_3176_,VGND,li1,164.9100,32.6400,0.000190
_3175_,VGND,li1,158.9300,54.4000,0.000155
_3174_,VGND,li1,155.0200,54.4000,0.000166
_3173_,VGND,li1,151.8000,27.2000,0.000266
_3172_,VGND,li1,149.5000,21.7600,0.000243
_3171_,VGND,li1,153.4100,21.7600,0.000230
_3170_,VGND,li1,157.5500,21.7600,0.000221
_3169_,VGND,li1,140.3000,21.7600,0.000256
_3168_,VGND,li1,149.2700,103.3600,0.000328
_3167_,VGND,li1,154.1000,103.3600,0.000302
_3166_,VGND,li1,158.0100,103.3600,0.000286
_3165_,VGND,li1,162.6100,108.8000,0.000316
_3164_,VGND,li1,147.6600,119.6800,0.000410
_3163_,VGND,li1,41.8600,266.5600,0.000160
_3162_,VGND,li1,46.6900,266.5600,0.000180
_3161_,VGND,li1,61.1800,272.0000,0.000227
_3160_,VGND,li1,68.0800,272.0000,0.000249
_3159_,VGND,li1,71.5300,277.4400,0.000290
_3158_,VGND,li1,71.9900,282.8800,0.000288
_3157_,VGND,li1,61.6400,261.1200,0.000186
_3156_,VGND,li1,48.5300,282.8800,0.000197
_3155_,VGND,li1,42.7800,293.7600,0.000164
_3154_,VGND,li1,34.7300,282.8800,0.000136
_3153_,VGND,li1,26.6800,288.3200,0.000063
_3152_,VGND,li1,38.1800,266.5600,0.000140
_3151_,VGND,li1,40.9400,277.4400,0.000145
_3150_,VGND,li1,46.6900,272.0000,0.000171
_3149_,VGND,li1,40.2500,272.0000,0.000142
_3148_,VGND,li1,25.7600,272.0000,0.000065
_3147_,VGND,li1,89.9300,261.1200,0.000245
_3146_,VGND,li1,90.1600,255.6800,0.000215
_3145_,VGND,li1,100.5100,255.6800,0.000215
_3144_,VGND,li1,94.0700,266.5600,0.000403
_3143_,VGND,li1,91.5400,244.8000,0.000301
_3142_,VGND,li1,136.3900,59.8400,0.000521
_3141_,VGND,li1,124.6600,54.4000,0.000210
_3140_,VGND,li1,127.6500,48.9600,0.000234
_3139_,VGND,li1,123.7400,43.5200,0.000198
_3138_,VGND,li1,124.4300,32.6400,0.000280
_3137_,VGND,li1,127.6500,43.5200,0.000196
_3136_,VGND,li1,123.2800,21.7600,0.000258
_3135_,VGND,li1,129.0300,87.0400,0.000215
_3134_,VGND,li1,132.0200,92.4800,0.000194
_3133_,VGND,li1,135.9300,92.4800,0.000191
_3132_,VGND,li1,140.0700,103.3600,0.000353
_3131_,VGND,li1,129.0300,92.4800,0.000196
_3130_,VGND,li1,126.0400,97.9200,0.000210
_3129_,VGND,li1,130.6400,54.4000,0.000203
_3128_,VGND,li1,138.4600,48.9600,0.000225
_3127_,VGND,li1,142.3700,43.5200,0.000180
_3126_,VGND,li1,142.8300,48.9600,0.000220
_3125_,VGND,li1,123.2800,59.8400,0.000581
_3124_,VGND,li1,132.7100,65.2800,0.000365
_3123_,VGND,li1,128.8000,70.7200,0.000192
_3122_,VGND,li1,132.2500,76.1600,0.000217
_3121_,VGND,li1,135.0100,59.8400,0.000529
_3120_,VGND,li1,122.8200,76.1600,0.000228
_3119_,VGND,li1,295.0900,92.4800,0.000776
_3118_,VGND,li1,251.6200,97.9200,0.000461
_3117_,VGND,li1,243.5700,103.3600,0.000442
_3116_,VGND,li1,209.3000,114.2400,0.000356
_3115_,VGND,li1,209.5300,108.8000,0.000658
_3114_,VGND,li1,252.7700,97.9200,0.000470
_3113_,VGND,li1,198.7200,108.8000,0.000518
_3112_,VGND,li1,298.3100,92.4800,0.000777
_3111_,VGND,li1,304.0600,103.3600,0.000574
_3110_,VGND,li1,308.4300,103.3600,0.000577
_3109_,VGND,li1,305.6700,92.4800,0.000780
_3108_,VGND,li1,297.8500,103.3600,0.000568
_3107_,VGND,li1,288.4200,92.4800,0.000772
_3106_,VGND,li1,299.4600,65.2800,0.000924
_3105_,VGND,li1,304.0600,65.2800,0.000928
_3104_,VGND,li1,309.8100,65.2800,0.000931
_3103_,VGND,li1,307.9700,65.2800,0.000930
_3102_,VGND,li1,291.6400,59.8400,0.001516
_3101_,VGND,li1,250.4700,76.1600,0.000327
_3100_,VGND,li1,247.0200,76.1600,0.000318
_3099_,VGND,li1,248.1700,70.7200,0.000864
_3098_,VGND,li1,253.6900,70.7200,0.000914
_3097_,VGND,li1,236.4400,65.2800,0.000701
_3096_,VGND,li1,184.0000,277.4400,0.000203
_3095_,VGND,li1,184.0000,266.5600,0.000255
_3094_,VGND,li1,185.3800,266.5600,0.000284
_3093_,VGND,li1,192.9700,272.0000,0.000488
_3092_,VGND,li1,189.2900,266.5600,0.000329
_3091_,VGND,li1,177.5600,255.6800,0.000104
_3090_,VGND,li1,184.9200,304.6400,0.000209
_3089_,VGND,li1,194.1200,299.2000,0.000224
_3088_,VGND,li1,188.8300,310.0800,0.000140
_3087_,VGND,li1,196.6500,304.6400,0.000309
_3086_,VGND,li1,186.7600,315.5200,0.000146
_3085_,VGND,li1,188.8300,255.6800,0.000179
_3084_,VGND,li1,184.0000,250.2400,0.000169
_3083_,VGND,li1,195.2700,255.6800,0.000228
_3082_,VGND,li1,188.8300,250.2400,0.000203
_3081_,VGND,li1,186.9900,250.2400,0.000185
_3080_,VGND,li1,176.6400,244.8000,0.000163
_3079_,VGND,li1,191.8200,288.3200,0.000224
_3078_,VGND,li1,192.2800,288.3200,0.000224
_3077_,VGND,li1,196.6500,282.8800,0.000174
_3076_,VGND,li1,204.0100,288.3200,0.000311
_3075_,VGND,li1,182.6200,288.3200,0.000149
_3074_,VGND,li1,42.0900,206.7200,0.000100
_3073_,VGND,li1,45.5400,206.7200,0.000116
_3072_,VGND,li1,110.6300,206.7200,0.000312
_3071_,VGND,li1,129.7200,190.4000,0.000314
_3070_,VGND,li1,141.9100,195.8400,0.000328
_3069_,VGND,li1,119.3700,195.8400,0.000384
_3068_,VGND,li1,138.0000,195.8400,0.000339
_3067_,VGND,li1,46.2300,195.8400,0.000213
_3066_,VGND,li1,72.2200,201.2800,0.000213
_3065_,VGND,li1,80.5000,201.2800,0.000228
_3064_,VGND,li1,80.7300,195.8400,0.000363
_3063_,VGND,li1,80.7300,201.2800,0.000228
_3062_,VGND,li1,65.7800,195.8400,0.000304
_3061_,VGND,li1,44.1600,201.2800,0.000130
_3060_,VGND,li1,40.2500,201.2800,0.000120
_3059_,VGND,li1,51.2900,206.7200,0.000136
_3058_,VGND,li1,31.9700,206.7200,0.000065
_3057_,VGND,li1,23.0000,201.2800,0.000060
_3056_,VGND,li1,42.5500,212.1600,0.000191
_3055_,VGND,li1,33.5800,223.0400,0.000064
_3054_,VGND,li1,35.6500,212.1600,0.000152
_3053_,VGND,li1,47.1500,212.1600,0.000219
_3052_,VGND,li1,23.0000,217.6000,0.000071
_3051_,VGND,li1,109.9400,272.0000,0.000332
_3050_,VGND,li1,118.9100,272.0000,0.000333
_3049_,VGND,li1,115.4600,277.4400,0.000425
_3048_,VGND,li1,119.1400,277.4400,0.000416
_3047_,VGND,li1,127.6500,272.0000,0.000328
_3046_,VGND,li1,124.8900,282.8800,0.000226
_3045_,VGND,li1,113.6200,266.5600,0.000434
_3044_,VGND,li1,135.9300,272.0000,0.000322
_3043_,VGND,li1,134.3200,255.6800,0.000198
_3042_,VGND,li1,121.6700,255.6800,0.000206
_3041_,VGND,li1,117.3000,244.8000,0.000332
_3040_,VGND,li1,103.9600,282.8800,0.000268
_3039_,VGND,li1,102.5800,288.3200,0.000242
_3038_,VGND,li1,106.4900,282.8800,0.000264
_3037_,VGND,li1,111.0900,293.7600,0.000393
_3036_,VGND,li1,95.6800,299.2000,0.000222
_3035_,VGND,li1,112.4700,304.6400,0.000193
_3034_,VGND,li1,109.4800,310.0800,0.000209
_3033_,VGND,li1,106.4900,315.5200,0.000374
_3032_,VGND,li1,117.0700,310.0800,0.000208
_3031_,VGND,li1,100.2800,315.5200,0.000361
_3030_,VGND,li1,65.0900,163.2000,0.000148
_3029_,VGND,li1,65.3200,163.2000,0.000148
_3028_,VGND,li1,60.9500,157.7600,0.000342
_3027_,VGND,li1,72.6800,146.8800,0.000238
_3026_,VGND,li1,78.8900,152.3200,0.000364
_3025_,VGND,li1,79.3500,163.2000,0.000169
_3024_,VGND,li1,65.7800,146.8800,0.000217
_3023_,VGND,li1,93.1500,163.2000,0.000185
_3022_,VGND,li1,103.5000,157.7600,0.000492
_3021_,VGND,li1,106.4900,157.7600,0.000495
_3020_,VGND,li1,105.1100,163.2000,0.000196
_3019_,VGND,li1,98.6700,163.2000,0.000190
_3018_,VGND,li1,95.6800,152.3200,0.000375
_3017_,VGND,li1,44.6200,157.7600,0.000229
_3016_,VGND,li1,46.9200,152.3200,0.000270
_3015_,VGND,li1,47.6100,152.3200,0.000270
_3014_,VGND,li1,42.0900,157.7600,0.000213
_3013_,VGND,li1,21.6200,152.3200,0.000127
_3012_,VGND,li1,55.4300,163.2000,0.000129
_3011_,VGND,li1,34.9600,174.0800,0.000084
_3010_,VGND,li1,36.1100,168.6400,0.000132
_3009_,VGND,li1,60.4900,168.6400,0.000239
_3008_,VGND,li1,19.3200,163.2000,0.000058
_3007_,VGND,li1,280.8300,38.0800,0.000668
_3006_,VGND,li1,292.7900,38.0800,0.000718
_3005_,VGND,li1,253.4600,43.5200,0.000559
_3004_,VGND,li1,256.6800,32.6400,0.000454
_3003_,VGND,li1,263.3500,21.7600,0.000541
_3002_,VGND,li1,257.3700,27.2000,0.000566
_3001_,VGND,li1,244.7200,48.9600,0.000349
_3000_,VGND,li1,235.5200,103.3600,0.000410
_2999_,VGND,li1,242.4200,108.8000,0.000981
_2998_,VGND,li1,236.6700,103.3600,0.000410
_2997_,VGND,li1,247.2500,108.8000,0.001020
_2996_,VGND,li1,224.4800,108.8000,0.000816
_2995_,VGND,li1,293.4800,76.1600,0.000414
_2994_,VGND,li1,299.4600,76.1600,0.000424
_2993_,VGND,li1,311.1900,81.6000,0.000768
_2992_,VGND,li1,302.9100,87.0400,0.000554
_2991_,VGND,li1,284.7400,81.6000,0.000731
_2990_,VGND,li1,299.0000,32.6400,0.000501
_2989_,VGND,li1,299.6900,38.0800,0.000742
_2988_,VGND,li1,304.7500,43.5200,0.000669
_2987_,VGND,li1,287.7300,48.9600,0.000413
_2986_,VGND,li1,284.7400,43.5200,0.000649
_2985_,VGND,li1,246.7900,299.2000,0.000517
_2984_,VGND,li1,247.4800,239.3600,0.000323
_2983_,VGND,li1,248.6300,233.9200,0.000698
_2982_,VGND,li1,228.1600,233.9200,0.000561
_2981_,VGND,li1,233.9100,233.9200,0.000609
_2980_,VGND,li1,242.1900,239.3600,0.000319
_2979_,VGND,li1,225.8600,217.6000,0.000635
_2978_,VGND,li1,243.5700,299.2000,0.000505
_2977_,VGND,li1,257.6000,288.3200,0.000530
_2976_,VGND,li1,261.2800,282.8800,0.000365
_2975_,VGND,li1,261.0500,277.4400,0.000819
_2974_,VGND,li1,266.1100,282.8800,0.000376
_2973_,VGND,li1,255.3000,293.7600,0.000395
_2972_,VGND,li1,239.6600,299.2000,0.000486
_2971_,VGND,li1,234.3700,299.2000,0.000458
_2970_,VGND,li1,241.2700,293.7600,0.000359
_2969_,VGND,li1,238.9700,304.6400,0.000583
_2968_,VGND,li1,230.4600,310.0800,0.000246
_2967_,VGND,li1,261.5100,233.9200,0.000778
_2966_,VGND,li1,265.4200,228.4800,0.000845
_2965_,VGND,li1,269.7900,223.0400,0.001201
_2964_,VGND,li1,269.7900,233.9200,0.000815
_2963_,VGND,li1,258.5200,217.6000,0.000828
_2962_,VGND,li1,68.3100,179.5200,0.000323
_2961_,VGND,li1,74.0600,184.9600,0.000451
_2960_,VGND,li1,97.7500,174.0800,0.000227
_2959_,VGND,li1,93.8400,179.5200,0.000422
_2958_,VGND,li1,98.2100,179.5200,0.000437
_2957_,VGND,li1,102.8100,174.0800,0.000232
_2956_,VGND,li1,87.4000,174.0800,0.000214
_2955_,VGND,li1,110.6300,184.9600,0.000461
_2954_,VGND,li1,49.2200,179.5200,0.000219
_2953_,VGND,li1,47.3800,184.9600,0.000334
_2952_,VGND,li1,54.5100,190.4000,0.000226
_2951_,VGND,li1,39.7900,190.4000,0.000170
_2950_,VGND,li1,20.7000,190.4000,0.000083
_2949_,VGND,li1,119.1400,184.9600,0.000454
_2948_,VGND,li1,125.8100,184.9600,0.000447
_2947_,VGND,li1,127.1900,184.9600,0.000447
_2946_,VGND,li1,110.1700,179.5200,0.000474
_2945_,VGND,li1,109.0200,184.9600,0.000463
_2944_,VGND,li1,60.0300,179.5200,0.000283
_2943_,VGND,li1,48.3000,179.5200,0.000219
_2942_,VGND,li1,49.4500,168.6400,0.000194
_2941_,VGND,li1,67.8500,174.0800,0.000182
_2940_,VGND,li1,23.4600,174.0800,0.000051
_2939_,VGND,li1,291.1800,272.0000,0.001525
_2938_,VGND,li1,291.8700,239.3600,0.000350
_2937_,VGND,li1,242.4200,266.5600,0.000834
_2936_,VGND,li1,241.0400,266.5600,0.000815
_2935_,VGND,li1,244.9500,282.8800,0.000319
_2934_,VGND,li1,249.0900,282.8800,0.000332
_2933_,VGND,li1,229.0800,266.5600,0.000725
_2932_,VGND,li1,303.6000,233.9200,0.000912
_2931_,VGND,li1,312.5700,239.3600,0.000352
_2930_,VGND,li1,308.8900,228.4800,0.000960
_2929_,VGND,li1,293.2500,239.3600,0.000350
_2928_,VGND,li1,289.3400,233.9200,0.000882
_2927_,VGND,li1,291.6400,266.5600,0.001016
_2926_,VGND,li1,299.9200,272.0000,0.001555
_2925_,VGND,li1,299.6900,266.5600,0.001034
_2924_,VGND,li1,304.7500,272.0000,0.001574
_2923_,VGND,li1,284.7400,266.5600,0.000997
_2922_,VGND,li1,210.4500,239.3600,0.000250
_2921_,VGND,li1,208.8400,233.9200,0.000413
_2920_,VGND,li1,209.5300,228.4800,0.000469
_2919_,VGND,li1,218.7300,228.4800,0.000545
_2918_,VGND,li1,198.7200,233.9200,0.000328
_2917_,VGND,li1,71.9900,38.0800,0.000157
_2916_,VGND,li1,56.5800,48.9600,0.000140
_2915_,VGND,li1,55.4300,48.9600,0.000134
_2914_,VGND,li1,52.4400,43.5200,0.000136
_2913_,VGND,li1,56.3500,43.5200,0.000143
_2912_,VGND,li1,61.4100,48.9600,0.000155
_2911_,VGND,li1,48.7600,21.7600,0.000144
_2910_,VGND,li1,50.3700,54.4000,0.000140
_2909_,VGND,li1,33.5800,59.8400,0.000203
_2908_,VGND,li1,37.0300,59.8400,0.000239
_2907_,VGND,li1,54.0500,54.4000,0.000155
_2906_,VGND,li1,23.0000,65.2800,0.000085
_2905_,VGND,li1,78.4300,38.0800,0.000165
_2904_,VGND,li1,75.4400,76.1600,0.000216
_2903_,VGND,li1,78.2000,103.3600,0.000267
_2902_,VGND,li1,80.7300,108.8000,0.000434
_2901_,VGND,li1,83.4900,76.1600,0.000223
_2900_,VGND,li1,69.0000,108.8000,0.000375
_2899_,VGND,li1,86.0200,27.2000,0.000369
_2898_,VGND,li1,87.8600,32.6400,0.000287
_2897_,VGND,li1,93.6100,27.2000,0.000385
_2896_,VGND,li1,89.4700,21.7600,0.000232
_2895_,VGND,li1,89.7000,43.5200,0.000182
_2894_,VGND,li1,162.6100,114.2400,0.000185
_2893_,VGND,li1,165.1400,136.0000,0.000227
_2892_,VGND,li1,166.2900,119.6800,0.000341
_2891_,VGND,li1,158.2400,130.5600,0.000182
_2890_,VGND,li1,158.0100,125.1200,0.000261
_2889_,VGND,li1,170.4300,130.5600,0.000142
_2888_,VGND,li1,151.8000,130.5600,0.000205
_2887_,VGND,li1,152.0300,179.5200,0.000387
_2886_,VGND,li1,155.0200,163.2000,0.000144
_2885_,VGND,li1,158.0100,174.0800,0.000194
_2884_,VGND,li1,166.2900,163.2000,0.000115
_2883_,VGND,li1,173.1900,152.3200,0.000239
_2882_,VGND,li1,146.2800,168.6400,0.000397
_2881_,VGND,li1,143.5200,163.2000,0.000168
_2880_,VGND,li1,151.3400,146.8800,0.000322
_2879_,VGND,li1,158.9300,152.3200,0.000291
_2878_,VGND,li1,163.5300,163.2000,0.000125
_2877_,VGND,li1,146.7400,152.3200,0.000322
_2876_,VGND,li1,175.4900,136.0000,0.000175
_2875_,VGND,li1,181.2400,157.7600,0.000166
_2874_,VGND,li1,187.9100,146.8800,0.000293
_2873_,VGND,li1,179.6300,141.4400,0.000113
_2872_,VGND,li1,181.7000,168.6400,0.000240
_2871_,VGND,li1,293.0200,206.7200,0.001087
_2870_,VGND,li1,291.8700,217.6000,0.000936
_2869_,VGND,li1,295.3200,206.7200,0.001089
_2868_,VGND,li1,303.6000,206.7200,0.001096
_2867_,VGND,li1,312.5700,206.7200,0.001103
_2866_,VGND,li1,307.5100,206.7200,0.001100
_2865_,VGND,li1,289.3400,195.8400,0.000882
_2864_,VGND,li1,302.6800,217.6000,0.000954
_2863_,VGND,li1,312.1100,223.0400,0.001404
_2862_,VGND,li1,307.9700,212.1600,0.000801
_2861_,VGND,li1,293.7100,212.1600,0.000792
_2860_,VGND,li1,287.5000,217.6000,0.000922
_2859_,VGND,li1,209.3000,206.7200,0.000640
_2858_,VGND,li1,208.3800,201.2800,0.000326
_2857_,VGND,li1,214.1300,212.1600,0.000476
_2856_,VGND,li1,209.9900,212.1600,0.000445
_2855_,VGND,li1,195.5000,206.7200,0.000446
_2854_,VGND,li1,245.4100,223.0400,0.000990
_2853_,VGND,li1,247.4800,212.1600,0.000700
_2852_,VGND,li1,239.8900,212.1600,0.000648
_2851_,VGND,li1,249.0900,217.6000,0.000777
_2850_,VGND,li1,233.2200,195.8400,0.000687
_2849_,VGND,li1,269.1000,38.0800,0.000613
_2848_,VGND,li1,240.8100,38.0800,0.000470
_2847_,VGND,li1,243.8000,27.2000,0.000515
_2846_,VGND,li1,243.5700,21.7600,0.000500
_2845_,VGND,li1,248.1700,32.6400,0.000438
_2844_,VGND,li1,240.3500,38.0800,0.000470
_2843_,VGND,li1,233.2200,32.6400,0.000403
_2842_,VGND,li1,269.1000,38.0800,0.000613
_2841_,VGND,li1,270.4800,32.6400,0.000474
_2840_,VGND,li1,269.7900,27.2000,0.000579
_2839_,VGND,li1,273.9300,32.6400,0.000478
_2838_,VGND,li1,263.5800,48.9600,0.000389
_2837_,VGND,li1,237.8200,81.6000,0.000546
_2836_,VGND,li1,240.1200,81.6000,0.000563
_2835_,VGND,li1,246.7900,87.0400,0.000506
_2834_,VGND,li1,241.2700,87.0400,0.000498
_2833_,VGND,li1,230.0000,87.0400,0.000469
_2832_,VGND,li1,257.8300,54.4000,0.000502
_2831_,VGND,li1,265.8800,70.7200,0.001002
_2830_,VGND,li1,269.5600,54.4000,0.000519
_2829_,VGND,li1,266.1100,59.8400,0.001464
_2828_,VGND,li1,271.1700,70.7200,0.001046
_2827_,VGND,li1,265.8800,76.1600,0.000365
_2826_,VGND,li1,161.9200,239.3600,0.000204
_2825_,VGND,li1,165.8300,233.9200,0.000230
_2824_,VGND,li1,162.3800,212.1600,0.000232
_2823_,VGND,li1,166.9800,206.7200,0.000267
_2822_,VGND,li1,175.4900,212.1600,0.000171
_2821_,VGND,li1,170.4300,206.7200,0.000252
_2820_,VGND,li1,155.9400,206.7200,0.000304
_2819_,VGND,li1,171.1200,233.9200,0.000199
_2818_,VGND,li1,174.5700,228.4800,0.000201
_2817_,VGND,li1,178.7100,233.9200,0.000154
_2816_,VGND,li1,162.6100,239.3600,0.000204
_2815_,VGND,li1,159.1600,228.4800,0.000286
_2814_,VGND,li1,159.6200,310.0800,0.000150
_2813_,VGND,li1,164.2200,315.5200,0.000187
_2812_,VGND,li1,175.4900,315.5200,0.000119
_2811_,VGND,li1,170.8900,310.0800,0.000114
_2810_,VGND,li1,155.9400,315.5200,0.000232
_2809_,VGND,li1,162.1500,277.4400,0.000245
_2808_,VGND,li1,162.3800,282.8800,0.000133
_2807_,VGND,li1,166.2900,282.8800,0.000122
_2806_,VGND,li1,165.8300,277.4400,0.000233
_2805_,VGND,li1,164.6800,293.7600,0.000191
_2804_,VGND,li1,68.3100,299.2000,0.000168
_2803_,VGND,li1,76.8200,299.2000,0.000187
_2802_,VGND,li1,81.1900,288.3200,0.000250
_2801_,VGND,li1,85.1000,277.4400,0.000353
_2800_,VGND,li1,90.3900,277.4400,0.000373
_2799_,VGND,li1,93.6100,272.0000,0.000305
_2798_,VGND,li1,77.2800,261.1200,0.000224
_2797_,VGND,li1,68.3100,293.7600,0.000283
_2796_,VGND,li1,72.2200,288.3200,0.000244
_2795_,VGND,li1,76.1300,299.2000,0.000187
_2794_,VGND,li1,66.9300,288.3200,0.000229
_2793_,VGND,li1,65.5500,299.2000,0.000163
_2792_,VGND,li1,57.5000,299.2000,0.000144
_2791_,VGND,li1,106.7200,239.3600,0.000393
_2790_,VGND,li1,111.3200,228.4800,0.000428
_2789_,VGND,li1,119.3700,228.4800,0.000428
_2788_,VGND,li1,118.4500,233.9200,0.000352
_2787_,VGND,li1,103.0400,228.4800,0.000428
_2786_,VGND,li1,77.0500,304.6400,0.000152
_2785_,VGND,li1,72.2200,310.0800,0.000204
_2784_,VGND,li1,76.1300,310.0800,0.000207
_2783_,VGND,li1,80.7300,310.0800,0.000210
_2782_,VGND,li1,64.8600,315.5200,0.000247
_2781_,VGND,li1,92.6900,108.8000,0.000489
_2780_,VGND,li1,45.0800,108.8000,0.000230
_2779_,VGND,li1,42.5500,103.3600,0.000126
_2778_,VGND,li1,34.5000,97.9200,0.000125
_2777_,VGND,li1,38.4100,97.9200,0.000136
_2776_,VGND,li1,46.6900,103.3600,0.000144
_2775_,VGND,li1,23.9200,92.4800,0.000054
_2774_,VGND,li1,89.0100,125.1200,0.000469
_2773_,VGND,li1,93.8400,119.6800,0.000386
_2772_,VGND,li1,101.4300,108.8000,0.000502
_2771_,VGND,li1,101.4300,114.2400,0.000305
_2770_,VGND,li1,90.8500,119.6800,0.000377
_2769_,VGND,li1,96.6000,130.5600,0.000292
_2768_,VGND,li1,80.9600,119.6800,0.000341
_2767_,VGND,li1,75.9000,119.6800,0.000320
_2766_,VGND,li1,85.3300,125.1200,0.000465
_2765_,VGND,li1,80.7300,130.5600,0.000297
_2764_,VGND,li1,69.0000,125.1200,0.000430
_2763_,VGND,li1,46.2300,108.8000,0.000242
_2762_,VGND,li1,29.4400,103.3600,0.000068
_2761_,VGND,li1,34.7300,103.3600,0.000090
_2760_,VGND,li1,47.1500,114.2400,0.000217
_2759_,VGND,li1,20.2400,108.8000,0.000103
_2758_,VGND,li1,293.7100,157.7600,0.000608
_2757_,VGND,li1,256.2200,168.6400,0.000595
_2756_,VGND,li1,221.4900,174.0800,0.000439
_2755_,VGND,li1,218.0400,163.2000,0.000275
_2754_,VGND,li1,214.1300,168.6400,0.000431
_2753_,VGND,li1,222.4100,168.6400,0.000472
_2752_,VGND,li1,202.4000,168.6400,0.000368
_2751_,VGND,li1,296.9300,163.2000,0.000436
_2750_,VGND,li1,303.6000,163.2000,0.000441
_2749_,VGND,li1,310.7300,157.7600,0.000618
_2748_,VGND,li1,306.5900,157.7600,0.000618
_2747_,VGND,li1,294.1700,157.7600,0.000608
_2746_,VGND,li1,287.5000,152.3200,0.001174
_2745_,VGND,li1,296.7000,168.6400,0.000668
_2744_,VGND,li1,304.0600,168.6400,0.000674
_2743_,VGND,li1,312.5700,168.6400,0.000680
_2742_,VGND,li1,304.7500,174.0800,0.000707
_2741_,VGND,li1,288.8800,163.2000,0.000427
_2740_,VGND,li1,248.6300,168.6400,0.000573
_2739_,VGND,li1,251.6200,157.7600,0.000517
_2738_,VGND,li1,253.6900,163.2000,0.000384
_2737_,VGND,li1,261.0500,168.6400,0.000609
_2736_,VGND,li1,240.5800,157.7600,0.000479
_2735_,VGND,li1,252.3100,304.6400,0.000664
_2734_,VGND,li1,269.7900,293.7600,0.000424
_2733_,VGND,li1,279.2200,288.3200,0.000564
_2732_,VGND,li1,281.2900,282.8800,0.000416
_2731_,VGND,li1,287.7300,288.3200,0.000574
_2730_,VGND,li1,273.4700,293.7600,0.000427
_2729_,VGND,li1,271.8600,299.2000,0.000624
_2728_,VGND,li1,246.5600,250.2400,0.000531
_2727_,VGND,li1,246.1000,250.2400,0.000531
_2726_,VGND,li1,252.7700,255.6800,0.000533
_2725_,VGND,li1,244.0300,261.1200,0.000542
_2724_,VGND,li1,229.5400,250.2400,0.000459
_2723_,VGND,li1,261.9700,304.6400,0.000711
_2722_,VGND,li1,257.1400,310.0800,0.000271
_2721_,VGND,li1,261.0500,310.0800,0.000273
_2720_,VGND,li1,253.2300,315.5200,0.000354
_2719_,VGND,li1,251.8500,310.0800,0.000265
_2718_,VGND,li1,243.3400,315.5200,0.000341
_2717_,VGND,li1,260.8200,261.1200,0.000570
_2716_,VGND,li1,257.6000,255.6800,0.000546
_2715_,VGND,li1,265.6500,261.1200,0.000577
_2714_,VGND,li1,269.7900,261.1200,0.000580
_2713_,VGND,li1,258.0600,239.3600,0.000334
_2712_,VGND,li1,54.9700,141.4400,0.000142
_2711_,VGND,li1,55.6600,141.4400,0.000142
_2710_,VGND,li1,51.2900,141.4400,0.000134
_2709_,VGND,li1,37.7200,146.8800,0.000108
_2708_,VGND,li1,37.4900,136.0000,0.000135
_2707_,VGND,li1,54.9700,136.0000,0.000228
_2706_,VGND,li1,21.6200,141.4400,0.000051
_2705_,VGND,li1,112.4700,136.0000,0.000379
_2704_,VGND,li1,127.8800,130.5600,0.000262
_2703_,VGND,li1,132.2500,136.0000,0.000339
_2702_,VGND,li1,114.7700,136.0000,0.000373
_2701_,VGND,li1,126.0400,119.6800,0.000420
_2700_,VGND,li1,48.0700,136.0000,0.000192
_2699_,VGND,li1,46.2300,130.5600,0.000179
_2698_,VGND,li1,34.0400,125.1200,0.000196
_2697_,VGND,li1,36.5700,130.5600,0.000121
_2696_,VGND,li1,45.7700,130.5600,0.000170
_2695_,VGND,li1,20.2400,125.1200,0.000121
_2694_,VGND,li1,116.1500,152.3200,0.000370
_2693_,VGND,li1,121.4400,152.3200,0.000363
_2692_,VGND,li1,124.8900,157.7600,0.000471
_2691_,VGND,li1,129.0300,157.7600,0.000462
_2690_,VGND,li1,123.2800,130.5600,0.000270
_2689_,VGND,li1,122.3600,141.4400,0.000225
_2688_,VGND,li1,221.9500,288.3200,0.000436
_2687_,VGND,li1,213.4400,282.8800,0.000235
_2686_,VGND,li1,217.8100,272.0000,0.000883
_2685_,VGND,li1,214.3600,272.0000,0.000809
_2684_,VGND,li1,215.0500,277.4400,0.000490
_2683_,VGND,li1,213.6700,266.5600,0.000587
_2682_,VGND,li1,210.2200,250.2400,0.000357
_2681_,VGND,li1,295.5500,261.1200,0.000606
_2680_,VGND,li1,299.9200,255.6800,0.000623
_2679_,VGND,li1,317.1700,255.6800,0.000635
_2678_,VGND,li1,307.9700,255.6800,0.000628
_2677_,VGND,li1,292.7900,255.6800,0.000618
_2676_,VGND,li1,286.5800,250.2400,0.000676
_2675_,VGND,li1,298.5400,288.3200,0.000582
_2674_,VGND,li1,303.1400,293.7600,0.000447
_2673_,VGND,li1,311.6500,288.3200,0.000587
_2672_,VGND,li1,305.6700,282.8800,0.000454
_2671_,VGND,li1,293.4800,299.2000,0.000674
_2670_,VGND,li1,214.5900,288.3200,0.000388
_2669_,VGND,li1,222.6400,304.6400,0.000484
_2668_,VGND,li1,214.1300,310.0800,0.000228
_2667_,VGND,li1,217.3500,299.2000,0.000354
_2666_,VGND,li1,211.6000,315.5200,0.000243
_2665_,VGND,li1,267.9500,125.1200,0.000447
_2664_,VGND,li1,214.8200,130.5600,0.000317
_2663_,VGND,li1,205.8500,130.5600,0.000270
_2662_,VGND,li1,202.4000,130.5600,0.000243
_2661_,VGND,li1,202.6300,125.1200,0.000244
_2660_,VGND,li1,209.5300,130.5600,0.000288
_2659_,VGND,li1,192.7400,125.1200,0.000199
_2658_,VGND,li1,272.5500,125.1200,0.000455
_2657_,VGND,li1,268.6400,130.5600,0.000499
_2656_,VGND,li1,276.4600,141.4400,0.000639
_2655_,VGND,li1,273.9300,136.0000,0.000565
_2654_,VGND,li1,273.4700,146.8800,0.001071
_2653_,VGND,li1,263.5800,136.0000,0.000535
_2652_,VGND,li1,269.1000,125.1200,0.000450
_2651_,VGND,li1,270.7100,114.2400,0.000691
_2650_,VGND,li1,266.5700,114.2400,0.000674
_2649_,VGND,li1,277.6100,119.6800,0.001563
_2648_,VGND,li1,270.4800,97.9200,0.000536
_2647_,VGND,li1,197.1100,163.2000,0.000183
_2646_,VGND,li1,212.0600,157.7600,0.000349
_2645_,VGND,li1,209.0700,157.7600,0.000334
_2644_,VGND,li1,219.1900,157.7600,0.000389
_2643_,VGND,li1,199.1800,152.3200,0.000556
_2642_,VGND,li1,296.4700,130.5600,0.000538
_2641_,VGND,li1,298.7700,130.5600,0.000541
_2640_,VGND,li1,241.2700,130.5600,0.000429
_2639_,VGND,li1,305.9000,130.5600,0.000546
_2638_,VGND,li1,310.2700,136.0000,0.000613
_2637_,VGND,li1,310.7300,130.5600,0.000549
_2636_,VGND,li1,296.0100,130.5600,0.000538
_2635_,VGND,li1,289.8000,136.0000,0.000595
_2634_,VGND,li1,244.7200,130.5600,0.000440
_2633_,VGND,li1,252.7700,130.5600,0.000463
_2632_,VGND,li1,248.1700,125.1200,0.000409
_2631_,VGND,li1,244.9500,125.1200,0.000399
_2630_,VGND,li1,232.3000,125.1200,0.000360
_2629_,VGND,li1,298.5400,119.6800,0.001588
_2628_,VGND,li1,306.8200,125.1200,0.000506
_2627_,VGND,li1,309.8100,119.6800,0.001597
_2626_,VGND,li1,310.7300,119.6800,0.001597
_2625_,VGND,li1,290.2600,114.2400,0.000747
_2624_,VGND,li1,239.6600,136.0000,0.000467
_2623_,VGND,li1,241.9600,136.0000,0.000474
_2622_,VGND,li1,244.4900,146.8800,0.000851
_2621_,VGND,li1,239.8900,146.8800,0.000813
_2620_,VGND,li1,224.9400,136.0000,0.000416
_2619_,VGND,li1,75.4400,38.0800,0.000160
_2618_,VGND,li1,81.1900,43.5200,0.000175
_2617_,VGND,li1,95.6800,87.0400,0.000189
_2616_,VGND,li1,103.0400,87.0400,0.000201
_2615_,VGND,li1,106.4900,97.9200,0.000222
_2614_,VGND,li1,109.7100,81.6000,0.000510
_2613_,VGND,li1,100.2800,97.9200,0.000223
_2612_,VGND,li1,90.6200,38.0800,0.000176
_2611_,VGND,li1,105.1100,38.0800,0.000185
_2610_,VGND,li1,107.1800,21.7600,0.000251
_2609_,VGND,li1,107.1800,38.0800,0.000186
_2608_,VGND,li1,80.5000,38.0800,0.000167
_2607_,VGND,li1,73.1400,32.6400,0.000258
_2606_,VGND,li1,68.0800,27.2000,0.000328
_2605_,VGND,li1,80.7300,21.7600,0.000218
_2604_,VGND,li1,73.3700,16.3200,0.000326
_2603_,VGND,li1,63.4800,21.7600,0.000182
_2602_,VGND,li1,72.2200,54.4000,0.000196
_2601_,VGND,li1,72.6800,65.2800,0.000396
_2600_,VGND,li1,76.5900,59.8400,0.000560
_2599_,VGND,li1,72.4500,54.4000,0.000196
_2598_,VGND,li1,65.7800,70.7200,0.000132
_2597_,VGND,li1,213.2100,32.6400,0.000339
_2596_,VGND,li1,210.4500,76.1600,0.000219
_2595_,VGND,li1,213.9000,48.9600,0.000260
_2594_,VGND,li1,221.7200,54.4000,0.000392
_2593_,VGND,li1,220.5700,48.9600,0.000283
_2592_,VGND,li1,222.4100,43.5200,0.000419
_2591_,VGND,li1,207.0000,48.9600,0.000235
_2590_,VGND,li1,205.1600,81.6000,0.000377
_2589_,VGND,li1,220.5700,81.6000,0.000466
_2588_,VGND,li1,214.5900,87.0400,0.000401
_2587_,VGND,li1,206.7700,81.6000,0.000377
_2586_,VGND,li1,197.8000,87.0400,0.000288
_2585_,VGND,li1,218.2700,32.6400,0.000356
_2584_,VGND,li1,209.7600,54.4000,0.000314
_2583_,VGND,li1,213.4400,54.4000,0.000328
_2582_,VGND,li1,214.1300,59.8400,0.000903
_2581_,VGND,li1,220.1100,70.7200,0.000590
_2580_,VGND,li1,200.5600,65.2800,0.000378
_2579_,VGND,li1,217.5800,27.2000,0.000384
_2578_,VGND,li1,226.5500,21.7600,0.000441
_2577_,VGND,li1,219.6500,21.7600,0.000406
_2576_,VGND,li1,218.2700,32.6400,0.000356
_2575_,VGND,li1,207.4600,27.2000,0.000326
_2574_,VGND,li1,182.8500,32.6400,0.000165
_2573_,VGND,li1,182.6200,38.0800,0.000138
_2572_,VGND,li1,186.9900,27.2000,0.000179
_2571_,VGND,li1,183.7700,27.2000,0.000167
_2570_,VGND,li1,184.9200,21.7600,0.000172
_2569_,VGND,li1,189.2900,21.7600,0.000205
_2568_,VGND,li1,176.1800,21.7600,0.000137
_2567_,VGND,li1,192.5100,27.2000,0.000217
_2566_,VGND,li1,175.4900,43.5200,0.000113
_2565_,VGND,li1,179.8600,43.5200,0.000127
_2564_,VGND,li1,189.7500,48.9600,0.000155
_2563_,VGND,li1,186.0700,43.5200,0.000177
_2562_,VGND,li1,176.6400,54.4000,0.000108
_2561_,VGND,li1,179.1700,59.8400,0.000313
_2560_,VGND,li1,188.1400,59.8400,0.000477
_2559_,VGND,li1,182.3900,70.7200,0.000197
_2558_,VGND,li1,187.6800,54.4000,0.000165
_2557_,VGND,li1,192.0500,65.2800,0.000307
_2556_,VGND,li1,178.9400,81.6000,0.000173
_2555_,VGND,li1,171.3500,92.4800,0.000141
_2554_,VGND,li1,184.0000,114.2400,0.000169
_2553_,VGND,li1,183.7700,103.3600,0.000180
_2552_,VGND,li1,177.3300,97.9200,0.000099
_2551_,VGND,li1,177.5600,114.2400,0.000123
_2550_,VGND,li1,75.6700,54.4000,0.000201
_2549_,VGND,li1,39.7900,54.4000,0.000113
_2548_,VGND,li1,36.5700,48.9600,0.000073
_2547_,VGND,li1,40.0200,48.9600,0.000086
_2546_,VGND,li1,39.3300,48.9600,0.000086
_2545_,VGND,li1,42.0900,43.5200,0.000110
_2544_,VGND,li1,33.1200,48.9600,0.000061
_2543_,VGND,li1,24.8400,48.9600,0.000040
_2542_,VGND,li1,37.7200,76.1600,0.000141
_2541_,VGND,li1,37.9500,76.1600,0.000141
_2540_,VGND,li1,49.4500,76.1600,0.000173
_2539_,VGND,li1,33.8100,59.8400,0.000203
_2538_,VGND,li1,25.7600,76.1600,0.000076
_2537_,VGND,li1,78.2000,54.4000,0.000206
_2536_,VGND,li1,90.1600,59.8400,0.000607
_2535_,VGND,li1,93.8400,59.8400,0.000613
_2534_,VGND,li1,103.7300,70.7200,0.000177
_2533_,VGND,li1,94.5300,59.8400,0.000621
_2532_,VGND,li1,100.2800,76.1600,0.000230
_2531_,VGND,li1,71.9900,81.6000,0.000437
_2530_,VGND,li1,75.9000,92.4800,0.000190
_2529_,VGND,li1,80.7300,92.4800,0.000197
_2528_,VGND,li1,79.3500,76.1600,0.000219
_2527_,VGND,li1,64.4000,92.4800,0.000179
_2526_,VGND,li1,40.0200,228.4800,0.000157
_2525_,VGND,li1,45.7700,244.8000,0.000144
_2524_,VGND,li1,97.5200,223.0400,0.000212
_2523_,VGND,li1,104.8800,223.0400,0.000227
_2522_,VGND,li1,76.3600,48.9600,0.000197
_2521_,VGND,li1,112.9300,212.1600,0.000366
_2520_,VGND,li1,119.3700,217.6000,0.000345
_2519_,VGND,li1,102.1200,212.1600,0.000370
_2518_,VGND,li1,42.3200,244.8000,0.000127
_2517_,VGND,li1,40.7100,250.2400,0.000166
_2516_,VGND,li1,76.1300,48.9600,0.000197
_2515_,VGND,li1,49.9100,255.6800,0.000152
_2514_,VGND,li1,39.3300,244.8000,0.000117
_2513_,VGND,li1,24.3800,250.2400,0.000068
_2512_,VGND,li1,35.8800,228.4800,0.000134
_2511_,VGND,li1,40.9400,244.8000,0.000127
_2510_,VGND,li1,46.6900,233.9200,0.000227
_2509_,VGND,li1,39.7900,228.4800,0.000157
_2508_,VGND,li1,23.4600,233.9200,0.000083
_2507_,VGND,li1,68.3100,250.2400,0.000267
_2506_,VGND,li1,69.0000,239.3600,0.000290
_2505_,VGND,li1,72.9100,239.3600,0.000305
_2504_,VGND,li1,80.2700,239.3600,0.000330
_2503_,VGND,li1,176.8700,184.9600,0.000213
_2502_,VGND,li1,185.1500,184.9600,0.000271
_2501_,VGND,li1,63.0200,239.3600,0.000269
_2500_,VGND,li1,78.6600,48.9600,0.000204
_2499_,VGND,li1,157.5500,190.4000,0.000255
_2498_,VGND,li1,75.6700,32.6400,0.000265
_2497_,VGND,li1,175.4900,195.8400,0.000187
_2496_,VGND,li1,184.6900,184.9600,0.000271
_2495_,VGND,li1,174.1100,190.4000,0.000195
_2494_,VGND,li1,153.8700,195.8400,0.000288
_2493_,VGND,li1,78.4300,43.5200,0.000171
_2492_,VGND,li1,150.6500,201.2800,0.000223
