
===========================================================================
report_checks -path_delay min (Hold)
============================================================================
======================= nom_ff_n40C_1v95 Corner ===================================

Startpoint: A[4] (input port clocked by __VIRTUAL_CLK__)
Endpoint: result[4] (output port clocked by __VIRTUAL_CLK__)
Path Group: __VIRTUAL_CLK__
Path Type: min

Fanout         Cap        Slew       Delay        Time   Description
---------------------------------------------------------------------------------------------
                      0.000000    0.000000    0.000000   clock __VIRTUAL_CLK__ (rise edge)
                                  0.000000    0.000000   clock network delay (ideal)
                                  2.000000    2.000000 ^ input external delay
     1    0.007030    0.028497    0.017901    2.017901 ^ A[4] (in)
                                                         A[4] (net)
                      0.028498    0.000000    2.017901 ^ input27/A (sky130_fd_sc_hd__buf_6)
     2    0.014019    0.029554    0.063217    2.081119 ^ input27/X (sky130_fd_sc_hd__buf_6)
                                                         net27 (net)
                      0.029565    0.000524    2.081643 ^ _1186_/A2 (sky130_fd_sc_hd__a31o_2)
     1    0.003416    0.022696    0.082877    2.164520 ^ _1186_/X (sky130_fd_sc_hd__a31o_2)
                                                         _0357_ (net)
                      0.022696    0.000075    2.164595 ^ _1189_/B1 (sky130_fd_sc_hd__a211o_2)
     1    0.006144    0.027954    0.061191    2.225786 ^ _1189_/X (sky130_fd_sc_hd__a211o_2)
                                                         _0360_ (net)
                      0.027956    0.000231    2.226017 ^ _1190_/B1 (sky130_fd_sc_hd__a31o_2)
     2    0.007262    0.037952    0.065411    2.291428 ^ _1190_/X (sky130_fd_sc_hd__a31o_2)
                                                         net95 (net)
                      0.037952    0.000171    2.291600 ^ output95/A (sky130_fd_sc_hd__clkbuf_2)
     1    0.034684    0.146882    0.148962    2.440562 ^ output95/X (sky130_fd_sc_hd__clkbuf_2)
                                                         result[4] (net)
                      0.146886    0.000683    2.441244 ^ result[4] (out)
                                              2.441244   data arrival time

                      0.000000    0.000000    0.000000   clock __VIRTUAL_CLK__ (rise edge)
                                  0.000000    0.000000   clock network delay (ideal)
                                  0.250000    0.250000   clock uncertainty
                                  0.000000    0.250000   clock reconvergence pessimism
                                 -2.000000   -1.750000   output external delay
                                             -1.750000   data required time
---------------------------------------------------------------------------------------------
                                             -1.750000   data required time
                                             -2.441244   data arrival time
---------------------------------------------------------------------------------------------
                                              4.191244   slack (MET)


Startpoint: A[5] (input port clocked by __VIRTUAL_CLK__)
Endpoint: result[6] (output port clocked by __VIRTUAL_CLK__)
Path Group: __VIRTUAL_CLK__
Path Type: min

Fanout         Cap        Slew       Delay        Time   Description
---------------------------------------------------------------------------------------------
                      0.000000    0.000000    0.000000   clock __VIRTUAL_CLK__ (rise edge)
                                  0.000000    0.000000   clock network delay (ideal)
                                  2.000000    2.000000 ^ input external delay
     1    0.004509    0.020015    0.011734    2.011734 ^ A[5] (in)
                                                         A[5] (net)
                      0.020015    0.000000    2.011734 ^ input28/A (sky130_fd_sc_hd__clkbuf_2)
     3    0.018669    0.082201    0.099928    2.111662 ^ input28/X (sky130_fd_sc_hd__clkbuf_2)
                                                         net28 (net)
                      0.082205    0.000479    2.112140 ^ _0985_/B (sky130_fd_sc_hd__and2b_2)
     1    0.005491    0.032210    0.098338    2.210479 ^ _0985_/X (sky130_fd_sc_hd__and2b_2)
                                                         _0160_ (net)
                      0.032213    0.000173    2.210651 ^ _0987_/B1 (sky130_fd_sc_hd__a21oi_2)
     3    0.015230    0.027938    0.032132    2.242783 v _0987_/Y (sky130_fd_sc_hd__a21oi_2)
                                                         _0162_ (net)
                      0.027955    0.000572    2.243355 v _1215_/C (sky130_fd_sc_hd__nand3_2)
     1    0.005436    0.032440    0.050567    2.293922 ^ _1215_/Y (sky130_fd_sc_hd__nand3_2)
                                                         _0384_ (net)
                      0.032440    0.000156    2.294078 ^ _1230_/A3 (sky130_fd_sc_hd__a31o_4)
     1    0.006179    0.023606    0.087119    2.381197 ^ _1230_/X (sky130_fd_sc_hd__a31o_4)
                                                         _0399_ (net)
                      0.023607    0.000207    2.381403 ^ _1231_/B1 (sky130_fd_sc_hd__a21o_4)
     2    0.016018    0.038983    0.062422    2.443825 ^ _1231_/X (sky130_fd_sc_hd__a21o_4)
                                                         net97 (net)
                      0.039027    0.000802    2.444628 ^ output97/A (sky130_fd_sc_hd__buf_8)
     1    0.035435    0.050639    0.081238    2.525866 ^ output97/X (sky130_fd_sc_hd__buf_8)
                                                         result[6] (net)
                      0.050691    0.000990    2.526855 ^ result[6] (out)
                                              2.526855   data arrival time

                      0.000000    0.000000    0.000000   clock __VIRTUAL_CLK__ (rise edge)
                                  0.000000    0.000000   clock network delay (ideal)
                                  0.250000    0.250000   clock uncertainty
                                  0.000000    0.250000   clock reconvergence pessimism
                                 -2.000000   -1.750000   output external delay
                                             -1.750000   data required time
---------------------------------------------------------------------------------------------
                                             -1.750000   data required time
                                             -2.526855   data arrival time
---------------------------------------------------------------------------------------------
                                              4.276855   slack (MET)


Startpoint: control[2] (input port clocked by __VIRTUAL_CLK__)
Endpoint: result[0] (output port clocked by __VIRTUAL_CLK__)
Path Group: __VIRTUAL_CLK__
Path Type: min

Fanout         Cap        Slew       Delay        Time   Description
---------------------------------------------------------------------------------------------
                      0.000000    0.000000    0.000000   clock __VIRTUAL_CLK__ (rise edge)
                                  0.000000    0.000000   clock network delay (ideal)
                                  2.000000    2.000000 v input external delay
     1    0.003580    0.005860    0.002967    2.002967 v control[2] (in)
                                                         control[2] (net)
                      0.005861    0.000000    2.002967 v input67/A (sky130_fd_sc_hd__clkdlybuf4s25_1)
     7    0.025051    0.131488    0.232712    2.235679 v input67/X (sky130_fd_sc_hd__clkdlybuf4s25_1)
                                                         net67 (net)
                      0.131499    0.001260    2.236938 v _0837_/A (sky130_fd_sc_hd__inv_2)
     5    0.017447    0.074207    0.103655    2.340593 ^ _0837_/Y (sky130_fd_sc_hd__inv_2)
                                                         _0012_ (net)
                      0.074207    0.000334    2.340927 ^ _1068_/A1 (sky130_fd_sc_hd__a31o_4)
     2    0.018534    0.050489    0.111143    2.452070 ^ _1068_/X (sky130_fd_sc_hd__a31o_4)
                                                         net69 (net)
                      0.050523    0.000627    2.452698 ^ output69/A (sky130_fd_sc_hd__buf_6)
     1    0.035154    0.058595    0.090884    2.543582 ^ output69/X (sky130_fd_sc_hd__buf_6)
                                                         result[0] (net)
                      0.058646    0.001009    2.544591 ^ result[0] (out)
                                              2.544591   data arrival time

                      0.000000    0.000000    0.000000   clock __VIRTUAL_CLK__ (rise edge)
                                  0.000000    0.000000   clock network delay (ideal)
                                  0.250000    0.250000   clock uncertainty
                                  0.000000    0.250000   clock reconvergence pessimism
                                 -2.000000   -1.750000   output external delay
                                             -1.750000   data required time
---------------------------------------------------------------------------------------------
                                             -1.750000   data required time
                                             -2.544591   data arrival time
---------------------------------------------------------------------------------------------
                                              4.294591   slack (MET)


Startpoint: B[3] (input port clocked by __VIRTUAL_CLK__)
Endpoint: result[7] (output port clocked by __VIRTUAL_CLK__)
Path Group: __VIRTUAL_CLK__
Path Type: min

Fanout         Cap        Slew       Delay        Time   Description
---------------------------------------------------------------------------------------------
                      0.000000    0.000000    0.000000   clock __VIRTUAL_CLK__ (rise edge)
                                  0.000000    0.000000   clock network delay (ideal)
                                  2.000000    2.000000 ^ input external delay
     1    0.004193    0.018901    0.010897    2.010897 ^ B[3] (in)
                                                         B[3] (net)
                      0.018902    0.000000    2.010897 ^ input58/A (sky130_fd_sc_hd__clkbuf_4)
     9    0.054927    0.128963    0.151628    2.162525 ^ input58/X (sky130_fd_sc_hd__clkbuf_4)
                                                         net58 (net)
                      0.129204    0.004548    2.167073 ^ _1248_/A1 (sky130_fd_sc_hd__o221a_2)
     1    0.013145    0.062853    0.143103    2.310177 ^ _1248_/X (sky130_fd_sc_hd__o221a_2)
                                                         _0416_ (net)
                      0.062864    0.000843    2.311020 ^ _1249_/C (sky130_fd_sc_hd__or3_2)
     1    0.003399    0.021883    0.073855    2.384876 ^ _1249_/X (sky130_fd_sc_hd__or3_2)
                                                         _0417_ (net)
                      0.021883    0.000075    2.384950 ^ _1250_/C (sky130_fd_sc_hd__or3_4)
     2    0.012367    0.036273    0.079353    2.464303 ^ _1250_/X (sky130_fd_sc_hd__or3_4)
                                                         net98 (net)
                      0.036279    0.000464    2.464767 ^ output98/A (sky130_fd_sc_hd__buf_6)
     1    0.035944    0.059627    0.087913    2.552680 ^ output98/X (sky130_fd_sc_hd__buf_6)
                                                         result[7] (net)
                      0.059685    0.001126    2.553806 ^ result[7] (out)
                                              2.553806   data arrival time

                      0.000000    0.000000    0.000000   clock __VIRTUAL_CLK__ (rise edge)
                                  0.000000    0.000000   clock network delay (ideal)
                                  0.250000    0.250000   clock uncertainty
                                  0.000000    0.250000   clock reconvergence pessimism
                                 -2.000000   -1.750000   output external delay
                                             -1.750000   data required time
---------------------------------------------------------------------------------------------
                                             -1.750000   data required time
                                             -2.553806   data arrival time
---------------------------------------------------------------------------------------------
                                              4.303806   slack (MET)


Startpoint: B[18] (input port clocked by __VIRTUAL_CLK__)
Endpoint: result[18] (output port clocked by __VIRTUAL_CLK__)
Path Group: __VIRTUAL_CLK__
Path Type: min

Fanout         Cap        Slew       Delay        Time   Description
---------------------------------------------------------------------------------------------
                      0.000000    0.000000    0.000000   clock __VIRTUAL_CLK__ (rise edge)
                                  0.000000    0.000000   clock network delay (ideal)
                                  2.000000    2.000000 ^ input external delay
     1    0.003752    0.017340    0.009748    2.009748 ^ B[18] (in)
                                                         B[18] (net)
                      0.017341    0.000000    2.009748 ^ input42/A (sky130_fd_sc_hd__clkdlybuf4s25_1)
     3    0.010185    0.083875    0.192103    2.201851 ^ input42/X (sky130_fd_sc_hd__clkdlybuf4s25_1)
                                                         net42 (net)
                      0.083875    0.000296    2.202147 ^ _1042_/A (sky130_fd_sc_hd__nand2_2)
     5    0.020335    0.062619    0.064680    2.266826 v _1042_/Y (sky130_fd_sc_hd__nand2_2)
                                                         _0217_ (net)
                      0.062632    0.000731    2.267557 v _1452_/B (sky130_fd_sc_hd__nor2_2)
     1    0.002787    0.045940    0.058363    2.325920 ^ _1452_/Y (sky130_fd_sc_hd__nor2_2)
                                                         _0609_ (net)
                      0.045940    0.000055    2.325975 ^ _1454_/B1 (sky130_fd_sc_hd__a211o_2)
     1    0.003930    0.020873    0.061793    2.387768 ^ _1454_/X (sky130_fd_sc_hd__a211o_2)
                                                         _0611_ (net)
                      0.020873    0.000122    2.387890 ^ _1461_/B (sky130_fd_sc_hd__or4_4)
     2    0.016279    0.044081    0.090308    2.478198 ^ _1461_/X (sky130_fd_sc_hd__or4_4)
                                                         net78 (net)
                      0.044101    0.000878    2.479076 ^ output78/A (sky130_fd_sc_hd__buf_8)
     1    0.034742    0.049897    0.081864    2.560939 ^ output78/X (sky130_fd_sc_hd__buf_8)
                                                         result[18] (net)
                      0.049912    0.000827    2.561766 ^ result[18] (out)
                                              2.561766   data arrival time

                      0.000000    0.000000    0.000000   clock __VIRTUAL_CLK__ (rise edge)
                                  0.000000    0.000000   clock network delay (ideal)
                                  0.250000    0.250000   clock uncertainty
                                  0.000000    0.250000   clock reconvergence pessimism
                                 -2.000000   -1.750000   output external delay
                                             -1.750000   data required time
---------------------------------------------------------------------------------------------
                                             -1.750000   data required time
                                             -2.561766   data arrival time
---------------------------------------------------------------------------------------------
                                              4.311766   slack (MET)


Startpoint: B[28] (input port clocked by __VIRTUAL_CLK__)
Endpoint: result[29] (output port clocked by __VIRTUAL_CLK__)
Path Group: __VIRTUAL_CLK__
Path Type: min

Fanout         Cap        Slew       Delay        Time   Description
---------------------------------------------------------------------------------------------
                      0.000000    0.000000    0.000000   clock __VIRTUAL_CLK__ (rise edge)
                                  0.000000    0.000000   clock network delay (ideal)
                                  2.000000    2.000000 v input external delay
     1    0.003645    0.005953    0.003035    2.003035 v B[28] (in)
                                                         B[28] (net)
                      0.005954    0.000000    2.003035 v input53/A (sky130_fd_sc_hd__clkdlybuf4s25_1)
     4    0.016143    0.088544    0.200219    2.203254 v input53/X (sky130_fd_sc_hd__clkdlybuf4s25_1)
                                                         net53 (net)
                      0.088546    0.000523    2.203777 v _0904_/A (sky130_fd_sc_hd__nand2_2)
     3    0.009319    0.050531    0.072653    2.276430 ^ _0904_/Y (sky130_fd_sc_hd__nand2_2)
                                                         _0079_ (net)
                      0.050531    0.000057    2.276487 ^ _1636_/A1 (sky130_fd_sc_hd__a21bo_2)
     1    0.005574    0.030884    0.081420    2.357907 ^ _1636_/X (sky130_fd_sc_hd__a21bo_2)
                                                         _0782_ (net)
                      0.030884    0.000163    2.358070 ^ _1638_/A3 (sky130_fd_sc_hd__a31o_4)
     2    0.022248    0.058981    0.115483    2.473553 ^ _1638_/X (sky130_fd_sc_hd__a31o_4)
                                                         net90 (net)
                      0.058985    0.000377    2.473931 ^ output90/A (sky130_fd_sc_hd__buf_6)
     1    0.035955    0.059790    0.093180    2.567111 ^ output90/X (sky130_fd_sc_hd__buf_6)
                                                         result[29] (net)
                      0.059849    0.001134    2.568245 ^ result[29] (out)
                                              2.568245   data arrival time

                      0.000000    0.000000    0.000000   clock __VIRTUAL_CLK__ (rise edge)
                                  0.000000    0.000000   clock network delay (ideal)
                                  0.250000    0.250000   clock uncertainty
                                  0.000000    0.250000   clock reconvergence pessimism
                                 -2.000000   -1.750000   output external delay
                                             -1.750000   data required time
---------------------------------------------------------------------------------------------
                                             -1.750000   data required time
                                             -2.568245   data arrival time
---------------------------------------------------------------------------------------------
                                              4.318245   slack (MET)


Startpoint: B[24] (input port clocked by __VIRTUAL_CLK__)
Endpoint: result[24] (output port clocked by __VIRTUAL_CLK__)
Path Group: __VIRTUAL_CLK__
Path Type: min

Fanout         Cap        Slew       Delay        Time   Description
---------------------------------------------------------------------------------------------
                      0.000000    0.000000    0.000000   clock __VIRTUAL_CLK__ (rise edge)
                                  0.000000    0.000000   clock network delay (ideal)
                                  2.000000    2.000000 v input external delay
     1    0.003411    0.005614    0.002821    2.002821 v B[24] (in)
                                                         B[24] (net)
                      0.005615    0.000000    2.002821 v input49/A (sky130_fd_sc_hd__clkdlybuf4s25_1)
     4    0.014672    0.081523    0.194613    2.197433 v input49/X (sky130_fd_sc_hd__clkdlybuf4s25_1)
                                                         net49 (net)
                      0.081527    0.000607    2.198040 v _1058_/A (sky130_fd_sc_hd__nand2_2)
     3    0.012795    0.060383    0.079960    2.278000 ^ _1058_/Y (sky130_fd_sc_hd__nand2_2)
                                                         _0233_ (net)
                      0.060383    0.000240    2.278240 ^ _1060_/A (sky130_fd_sc_hd__nand2_2)
     6    0.027474    0.072584    0.072905    2.351146 v _1060_/Y (sky130_fd_sc_hd__nand2_2)
                                                         _0235_ (net)
                      0.072588    0.000444    2.351590 v _1547_/A2 (sky130_fd_sc_hd__o21ai_2)
     1    0.004957    0.073213    0.094395    2.445986 ^ _1547_/Y (sky130_fd_sc_hd__o21ai_2)
                                                         _0698_ (net)
                      0.073213    0.000144    2.446130 ^ _1562_/A2 (sky130_fd_sc_hd__o21ai_2)
     2    0.007720    0.021823    0.040654    2.486784 v _1562_/Y (sky130_fd_sc_hd__o21ai_2)
                                                         net85 (net)
                      0.021825    0.000177    2.486961 v output85/A (sky130_fd_sc_hd__buf_6)
     1    0.036077    0.033246    0.087401    2.574362 v output85/X (sky130_fd_sc_hd__buf_6)
                                                         result[24] (net)
                      0.033298    0.001147    2.575508 v result[24] (out)
                                              2.575508   data arrival time

                      0.000000    0.000000    0.000000   clock __VIRTUAL_CLK__ (rise edge)
                                  0.000000    0.000000   clock network delay (ideal)
                                  0.250000    0.250000   clock uncertainty
                                  0.000000    0.250000   clock reconvergence pessimism
                                 -2.000000   -1.750000   output external delay
                                             -1.750000   data required time
---------------------------------------------------------------------------------------------
                                             -1.750000   data required time
                                             -2.575508   data arrival time
---------------------------------------------------------------------------------------------
                                              4.325508   slack (MET)


Startpoint: B[24] (input port clocked by __VIRTUAL_CLK__)
Endpoint: result[25] (output port clocked by __VIRTUAL_CLK__)
Path Group: __VIRTUAL_CLK__
Path Type: min

Fanout         Cap        Slew       Delay        Time   Description
---------------------------------------------------------------------------------------------
                      0.000000    0.000000    0.000000   clock __VIRTUAL_CLK__ (rise edge)
                                  0.000000    0.000000   clock network delay (ideal)
                                  2.000000    2.000000 ^ input external delay
     1    0.003637    0.016925    0.009440    2.009440 ^ B[24] (in)
                                                         B[24] (net)
                      0.016925    0.000000    2.009440 ^ input49/A (sky130_fd_sc_hd__clkdlybuf4s25_1)
     4    0.015419    0.121893    0.218403    2.227843 ^ input49/X (sky130_fd_sc_hd__clkdlybuf4s25_1)
                                                         net49 (net)
                      0.121894    0.000641    2.228485 ^ _1058_/A (sky130_fd_sc_hd__nand2_2)
     3    0.011951    0.054245    0.053618    2.282103 v _1058_/Y (sky130_fd_sc_hd__nand2_2)
                                                         _0233_ (net)
                      0.054246    0.000175    2.282278 v _1572_/B (sky130_fd_sc_hd__nand2_2)
     1    0.002929    0.030403    0.049573    2.331851 ^ _1572_/Y (sky130_fd_sc_hd__nand2_2)
                                                         _0722_ (net)
                      0.030403    0.000085    2.331936 ^ _1577_/A2 (sky130_fd_sc_hd__o211a_2)
     1    0.006674    0.040833    0.104676    2.436612 ^ _1577_/X (sky130_fd_sc_hd__o211a_2)
                                                         _0727_ (net)
                      0.040834    0.000240    2.436852 ^ _1578_/C1 (sky130_fd_sc_hd__a211o_4)
     2    0.010091    0.029524    0.064422    2.501275 ^ _1578_/X (sky130_fd_sc_hd__a211o_4)
                                                         net86 (net)
                      0.029527    0.000289    2.501564 ^ output86/A (sky130_fd_sc_hd__buf_8)
     1    0.034834    0.049891    0.078710    2.580273 ^ output86/X (sky130_fd_sc_hd__buf_8)
                                                         result[25] (net)
                      0.049934    0.000851    2.581125 ^ result[25] (out)
                                              2.581125   data arrival time

                      0.000000    0.000000    0.000000   clock __VIRTUAL_CLK__ (rise edge)
                                  0.000000    0.000000   clock network delay (ideal)
                                  0.250000    0.250000   clock uncertainty
                                  0.000000    0.250000   clock reconvergence pessimism
                                 -2.000000   -1.750000   output external delay
                                             -1.750000   data required time
---------------------------------------------------------------------------------------------
                                             -1.750000   data required time
                                             -2.581125   data arrival time
---------------------------------------------------------------------------------------------
                                              4.331125   slack (MET)


Startpoint: B[8] (input port clocked by __VIRTUAL_CLK__)
Endpoint: result[9] (output port clocked by __VIRTUAL_CLK__)
Path Group: __VIRTUAL_CLK__
Path Type: min

Fanout         Cap        Slew       Delay        Time   Description
---------------------------------------------------------------------------------------------
                      0.000000    0.000000    0.000000   clock __VIRTUAL_CLK__ (rise edge)
                                  0.000000    0.000000   clock network delay (ideal)
                                  2.000000    2.000000 v input external delay
     1    0.003441    0.005653    0.002851    2.002851 v B[8] (in)
                                                         B[8] (net)
                      0.005654    0.000000    2.002851 v input63/A (sky130_fd_sc_hd__clkdlybuf4s25_1)
     4    0.018828    0.101400    0.210075    2.212926 v input63/X (sky130_fd_sc_hd__clkdlybuf4s25_1)
                                                         net63 (net)
                      0.101401    0.000519    2.213445 v _1013_/A (sky130_fd_sc_hd__nand2_4)
     5    0.028303    0.074283    0.098394    2.311839 ^ _1013_/Y (sky130_fd_sc_hd__nand2_4)
                                                         _0188_ (net)
                      0.074283    0.000377    2.312216 ^ _1290_/A2 (sky130_fd_sc_hd__o2111a_2)
     1    0.003957    0.028506    0.105880    2.418096 ^ _1290_/X (sky130_fd_sc_hd__o2111a_2)
                                                         _0456_ (net)
                      0.028507    0.000124    2.418220 ^ _1291_/B (sky130_fd_sc_hd__or3_4)
     2    0.009306    0.030410    0.078671    2.496891 ^ _1291_/X (sky130_fd_sc_hd__or3_4)
                                                         net100 (net)
                      0.030413    0.000306    2.497197 ^ output100/A (sky130_fd_sc_hd__buf_6)
     1    0.035684    0.059236    0.086181    2.583378 ^ output100/X (sky130_fd_sc_hd__buf_6)
                                                         result[9] (net)
                      0.059288    0.001044    2.584422 ^ result[9] (out)
                                              2.584422   data arrival time

                      0.000000    0.000000    0.000000   clock __VIRTUAL_CLK__ (rise edge)
                                  0.000000    0.000000   clock network delay (ideal)
                                  0.250000    0.250000   clock uncertainty
                                  0.000000    0.250000   clock reconvergence pessimism
                                 -2.000000   -1.750000   output external delay
                                             -1.750000   data required time
---------------------------------------------------------------------------------------------
                                             -1.750000   data required time
                                             -2.584422   data arrival time
---------------------------------------------------------------------------------------------
                                              4.334422   slack (MET)


Startpoint: B[10] (input port clocked by __VIRTUAL_CLK__)
Endpoint: result[11] (output port clocked by __VIRTUAL_CLK__)
Path Group: __VIRTUAL_CLK__
Path Type: min

Fanout         Cap        Slew       Delay        Time   Description
---------------------------------------------------------------------------------------------
                      0.000000    0.000000    0.000000   clock __VIRTUAL_CLK__ (rise edge)
                                  0.000000    0.000000   clock network delay (ideal)
                                  2.000000    2.000000 v input external delay
     1    0.004214    0.006837    0.003543    2.003543 v B[10] (in)
                                                         B[10] (net)
                      0.006843    0.000000    2.003543 v input34/A (sky130_fd_sc_hd__clkdlybuf4s25_1)
     4    0.019275    0.103529    0.212192    2.215735 v input34/X (sky130_fd_sc_hd__clkdlybuf4s25_1)
                                                         net34 (net)
                      0.103530    0.000518    2.216253 v _1006_/A (sky130_fd_sc_hd__nand2_2)
     4    0.016361    0.074358    0.099083    2.315336 ^ _1006_/Y (sky130_fd_sc_hd__nand2_2)
                                                         _0181_ (net)
                      0.074358    0.000200    2.315535 ^ _1310_/A1 (sky130_fd_sc_hd__a21oi_2)
     1    0.005460    0.027130    0.034996    2.350532 v _1310_/Y (sky130_fd_sc_hd__a21oi_2)
                                                         _0474_ (net)
                      0.027131    0.000181    2.350713 v _1312_/A (sky130_fd_sc_hd__nor2_2)
     1    0.005824    0.064357    0.076988    2.427701 ^ _1312_/Y (sky130_fd_sc_hd__nor2_2)
                                                         _0476_ (net)
                      0.064357    0.000171    2.427873 ^ _1325_/B1 (sky130_fd_sc_hd__a211o_4)
     2    0.013588    0.035979    0.075403    2.503275 ^ _1325_/X (sky130_fd_sc_hd__a211o_4)
                                                         net71 (net)
                      0.035987    0.000511    2.503787 ^ output71/A (sky130_fd_sc_hd__buf_8)
     1    0.034642    0.049722    0.079979    2.583766 ^ output71/X (sky130_fd_sc_hd__buf_8)
                                                         result[11] (net)
                      0.049765    0.000842    2.584609 ^ result[11] (out)
                                              2.584609   data arrival time

                      0.000000    0.000000    0.000000   clock __VIRTUAL_CLK__ (rise edge)
                                  0.000000    0.000000   clock network delay (ideal)
                                  0.250000    0.250000   clock uncertainty
                                  0.000000    0.250000   clock reconvergence pessimism
                                 -2.000000   -1.750000   output external delay
                                             -1.750000   data required time
---------------------------------------------------------------------------------------------
                                             -1.750000   data required time
                                             -2.584609   data arrival time
---------------------------------------------------------------------------------------------
                                              4.334609   slack (MET)


Startpoint: B[13] (input port clocked by __VIRTUAL_CLK__)
Endpoint: result[13] (output port clocked by __VIRTUAL_CLK__)
Path Group: __VIRTUAL_CLK__
Path Type: min

Fanout         Cap        Slew       Delay        Time   Description
---------------------------------------------------------------------------------------------
                      0.000000    0.000000    0.000000   clock __VIRTUAL_CLK__ (rise edge)
                                  0.000000    0.000000   clock network delay (ideal)
                                  2.000000    2.000000 ^ input external delay
     1    0.003201    0.015356    0.008299    2.008299 ^ B[13] (in)
                                                         B[13] (net)
                      0.015356    0.000000    2.008299 ^ input37/A (sky130_fd_sc_hd__dlymetal6s2s_1)
     4    0.032073    0.249822    0.205002    2.213302 ^ input37/X (sky130_fd_sc_hd__dlymetal6s2s_1)
                                                         net37 (net)
                      0.249827    0.000969    2.214271 ^ _0992_/A (sky130_fd_sc_hd__xnor2_4)
     3    0.012844    0.032593    0.063953    2.278224 v _0992_/Y (sky130_fd_sc_hd__xnor2_4)
                                                         _0167_ (net)
                      0.032594    0.000309    2.278533 v _1026_/A (sky130_fd_sc_hd__nand2_2)
     1    0.002107    0.019453    0.030756    2.309289 ^ _1026_/Y (sky130_fd_sc_hd__nand2_2)
                                                         _0201_ (net)
                      0.019453    0.000062    2.309351 ^ _1351_/A (sky130_fd_sc_hd__and3_2)
     1    0.003617    0.029950    0.089299    2.398651 ^ _1351_/X (sky130_fd_sc_hd__and3_2)
                                                         _0513_ (net)
                      0.029950    0.000111    2.398762 ^ _1367_/A2 (sky130_fd_sc_hd__a211o_2)
     2    0.012353    0.048927    0.095425    2.494187 ^ _1367_/X (sky130_fd_sc_hd__a211o_2)
                                                         net73 (net)
                      0.048928    0.000324    2.494511 ^ output73/A (sky130_fd_sc_hd__buf_6)
     1    0.035414    0.058952    0.090716    2.585227 ^ output73/X (sky130_fd_sc_hd__buf_6)
                                                         result[13] (net)
                      0.059004    0.001030    2.586257 ^ result[13] (out)
                                              2.586257   data arrival time

                      0.000000    0.000000    0.000000   clock __VIRTUAL_CLK__ (rise edge)
                                  0.000000    0.000000   clock network delay (ideal)
                                  0.250000    0.250000   clock uncertainty
                                  0.000000    0.250000   clock reconvergence pessimism
                                 -2.000000   -1.750000   output external delay
                                             -1.750000   data required time
---------------------------------------------------------------------------------------------
                                             -1.750000   data required time
                                             -2.586257   data arrival time
---------------------------------------------------------------------------------------------
                                              4.336257   slack (MET)


Startpoint: A[5] (input port clocked by __VIRTUAL_CLK__)
Endpoint: result[5] (output port clocked by __VIRTUAL_CLK__)
Path Group: __VIRTUAL_CLK__
Path Type: min

Fanout         Cap        Slew       Delay        Time   Description
---------------------------------------------------------------------------------------------
                      0.000000    0.000000    0.000000   clock __VIRTUAL_CLK__ (rise edge)
                                  0.000000    0.000000   clock network delay (ideal)
                                  2.000000    2.000000 ^ input external delay
     1    0.004509    0.020015    0.011734    2.011734 ^ A[5] (in)
                                                         A[5] (net)
                      0.020015    0.000000    2.011734 ^ input28/A (sky130_fd_sc_hd__clkbuf_2)
     3    0.018669    0.082201    0.099928    2.111662 ^ input28/X (sky130_fd_sc_hd__clkbuf_2)
                                                         net28 (net)
                      0.082211    0.000748    2.112409 ^ fanout205/A (sky130_fd_sc_hd__buf_6)
     2    0.018494    0.036259    0.078990    2.191399 ^ fanout205/X (sky130_fd_sc_hd__buf_6)
                                                         net205 (net)
                      0.036265    0.000482    2.191881 ^ _0952_/B (sky130_fd_sc_hd__xnor2_4)
     3    0.019099    0.041424    0.051841    2.243722 v _0952_/Y (sky130_fd_sc_hd__xnor2_4)
                                                         _0127_ (net)
                      0.041442    0.000673    2.244395 v _1208_/A (sky130_fd_sc_hd__xnor2_2)
     1    0.004364    0.029693    0.106609    2.351004 ^ _1208_/Y (sky130_fd_sc_hd__xnor2_2)
                                                         _0378_ (net)
                      0.029693    0.000149    2.351153 ^ _1209_/B1 (sky130_fd_sc_hd__a22o_2)
     1    0.005234    0.029388    0.072335    2.423489 ^ _1209_/X (sky130_fd_sc_hd__a22o_2)
                                                         _0379_ (net)
                      0.029389    0.000177    2.423665 ^ _1210_/C (sky130_fd_sc_hd__or3_4)
     2    0.010336    0.032398    0.078237    2.501902 ^ _1210_/X (sky130_fd_sc_hd__or3_4)
                                                         net96 (net)
                      0.032402    0.000340    2.502242 ^ output96/A (sky130_fd_sc_hd__buf_6)
     1    0.035381    0.058818    0.086392    2.588634 ^ output96/X (sky130_fd_sc_hd__buf_6)
                                                         result[5] (net)
                      0.058871    0.001052    2.589687 ^ result[5] (out)
                                              2.589687   data arrival time

                      0.000000    0.000000    0.000000   clock __VIRTUAL_CLK__ (rise edge)
                                  0.000000    0.000000   clock network delay (ideal)
                                  0.250000    0.250000   clock uncertainty
                                  0.000000    0.250000   clock reconvergence pessimism
                                 -2.000000   -1.750000   output external delay
                                             -1.750000   data required time
---------------------------------------------------------------------------------------------
                                             -1.750000   data required time
                                             -2.589687   data arrival time
---------------------------------------------------------------------------------------------
                                              4.339687   slack (MET)


Startpoint: B[20] (input port clocked by __VIRTUAL_CLK__)
Endpoint: result[21] (output port clocked by __VIRTUAL_CLK__)
Path Group: __VIRTUAL_CLK__
Path Type: min

Fanout         Cap        Slew       Delay        Time   Description
---------------------------------------------------------------------------------------------
                      0.000000    0.000000    0.000000   clock __VIRTUAL_CLK__ (rise edge)
                                  0.000000    0.000000   clock network delay (ideal)
                                  2.000000    2.000000 ^ input external delay
     1    0.003542    0.016581    0.009186    2.009187 ^ B[20] (in)
                                                         B[20] (net)
                      0.016581    0.000000    2.009187 ^ input45/A (sky130_fd_sc_hd__clkdlybuf4s25_1)
     5    0.019905    0.154507    0.241173    2.250360 ^ input45/X (sky130_fd_sc_hd__clkdlybuf4s25_1)
                                                         net45 (net)
                      0.154507    0.000609    2.250969 ^ _1508_/A1 (sky130_fd_sc_hd__a211o_2)
     1    0.002931    0.018635    0.090157    2.341125 ^ _1508_/X (sky130_fd_sc_hd__a211o_2)
                                                         _0662_ (net)
                      0.018635    0.000085    2.341210 ^ _1513_/A2 (sky130_fd_sc_hd__a41o_2)
     1    0.004476    0.022478    0.098077    2.439287 ^ _1513_/X (sky130_fd_sc_hd__a41o_2)
                                                         _0667_ (net)
                      0.022478    0.000116    2.439403 ^ _1514_/B1 (sky130_fd_sc_hd__a41o_2)
     2    0.009575    0.039276    0.065509    2.504912 ^ _1514_/X (sky130_fd_sc_hd__a41o_2)
                                                         net82 (net)
                      0.039276    0.000226    2.505138 ^ output82/A (sky130_fd_sc_hd__buf_6)
     1    0.034557    0.057718    0.087552    2.592690 ^ output82/X (sky130_fd_sc_hd__buf_6)
                                                         result[21] (net)
                      0.057726    0.000698    2.593388 ^ result[21] (out)
                                              2.593388   data arrival time

                      0.000000    0.000000    0.000000   clock __VIRTUAL_CLK__ (rise edge)
                                  0.000000    0.000000   clock network delay (ideal)
                                  0.250000    0.250000   clock uncertainty
                                  0.000000    0.250000   clock reconvergence pessimism
                                 -2.000000   -1.750000   output external delay
                                             -1.750000   data required time
---------------------------------------------------------------------------------------------
                                             -1.750000   data required time
                                             -2.593388   data arrival time
---------------------------------------------------------------------------------------------
                                              4.343388   slack (MET)


Startpoint: B[22] (input port clocked by __VIRTUAL_CLK__)
Endpoint: result[22] (output port clocked by __VIRTUAL_CLK__)
Path Group: __VIRTUAL_CLK__
Path Type: min

Fanout         Cap        Slew       Delay        Time   Description
---------------------------------------------------------------------------------------------
                      0.000000    0.000000    0.000000   clock __VIRTUAL_CLK__ (rise edge)
                                  0.000000    0.000000   clock network delay (ideal)
                                  2.000000    2.000000 v input external delay
     1    0.004819    0.007929    0.004073    2.004072 v B[22] (in)
                                                         B[22] (net)
                      0.007934    0.000000    2.004072 v input47/A (sky130_fd_sc_hd__clkdlybuf4s25_1)
     4    0.017892    0.096941    0.207363    2.211436 v input47/X (sky130_fd_sc_hd__clkdlybuf4s25_1)
                                                         net47 (net)
                      0.096943    0.000603    2.212039 v _0934_/A (sky130_fd_sc_hd__nand2_2)
     5    0.021802    0.092754    0.110203    2.322242 ^ _0934_/Y (sky130_fd_sc_hd__nand2_2)
                                                         _0109_ (net)
                      0.092789    0.000458    2.322701 ^ _1516_/B1 (sky130_fd_sc_hd__a32o_2)
     2    0.007459    0.043405    0.086348    2.409048 ^ _1516_/X (sky130_fd_sc_hd__a32o_2)
                                                         _0669_ (net)
                      0.043405    0.000179    2.409227 ^ _1530_/A3 (sky130_fd_sc_hd__a31o_2)
     2    0.007512    0.038941    0.101475    2.510702 ^ _1530_/X (sky130_fd_sc_hd__a31o_2)
                                                         net83 (net)
                      0.038941    0.000124    2.510826 ^ output83/A (sky130_fd_sc_hd__buf_6)
     1    0.034935    0.058241    0.087779    2.598605 ^ output83/X (sky130_fd_sc_hd__buf_6)
                                                         result[22] (net)
                      0.058281    0.000812    2.599417 ^ result[22] (out)
                                              2.599417   data arrival time

                      0.000000    0.000000    0.000000   clock __VIRTUAL_CLK__ (rise edge)
                                  0.000000    0.000000   clock network delay (ideal)
                                  0.250000    0.250000   clock uncertainty
                                  0.000000    0.250000   clock reconvergence pessimism
                                 -2.000000   -1.750000   output external delay
                                             -1.750000   data required time
---------------------------------------------------------------------------------------------
                                             -1.750000   data required time
                                             -2.599417   data arrival time
---------------------------------------------------------------------------------------------
                                              4.349417   slack (MET)


Startpoint: B[20] (input port clocked by __VIRTUAL_CLK__)
Endpoint: result[20] (output port clocked by __VIRTUAL_CLK__)
Path Group: __VIRTUAL_CLK__
Path Type: min

Fanout         Cap        Slew       Delay        Time   Description
---------------------------------------------------------------------------------------------
                      0.000000    0.000000    0.000000   clock __VIRTUAL_CLK__ (rise edge)
                                  0.000000    0.000000   clock network delay (ideal)
                                  2.000000    2.000000 ^ input external delay
     1    0.003542    0.016581    0.009186    2.009187 ^ B[20] (in)
                                                         B[20] (net)
                      0.016581    0.000000    2.009187 ^ input45/A (sky130_fd_sc_hd__clkdlybuf4s25_1)
     5    0.019905    0.154507    0.241173    2.250360 ^ input45/X (sky130_fd_sc_hd__clkdlybuf4s25_1)
                                                         net45 (net)
                      0.154508    0.000758    2.251117 ^ _1492_/A1 (sky130_fd_sc_hd__a31o_2)
     1    0.002665    0.026282    0.097719    2.348836 ^ _1492_/X (sky130_fd_sc_hd__a31o_2)
                                                         _0647_ (net)
                      0.026282    0.000051    2.348887 ^ _1493_/C1 (sky130_fd_sc_hd__a211o_2)
     1    0.003135    0.018450    0.051585    2.400471 ^ _1493_/X (sky130_fd_sc_hd__a211o_2)
                                                         _0648_ (net)
                      0.018450    0.000091    2.400563 ^ _1494_/B1 (sky130_fd_sc_hd__a21o_2)
     1    0.007159    0.032849    0.056700    2.457263 ^ _1494_/X (sky130_fd_sc_hd__a21o_2)
                                                         _0649_ (net)
                      0.032850    0.000260    2.457522 ^ _1495_/C1 (sky130_fd_sc_hd__a211o_4)
     2    0.012647    0.034220    0.066171    2.523694 ^ _1495_/X (sky130_fd_sc_hd__a211o_4)
                                                         net81 (net)
                      0.034222    0.000278    2.523971 ^ output81/A (sky130_fd_sc_hd__buf_8)
     1    0.034563    0.049622    0.079577    2.603548 ^ output81/X (sky130_fd_sc_hd__buf_8)
                                                         result[20] (net)
                      0.049634    0.000747    2.604295 ^ result[20] (out)
                                              2.604295   data arrival time

                      0.000000    0.000000    0.000000   clock __VIRTUAL_CLK__ (rise edge)
                                  0.000000    0.000000   clock network delay (ideal)
                                  0.250000    0.250000   clock uncertainty
                                  0.000000    0.250000   clock reconvergence pessimism
                                 -2.000000   -1.750000   output external delay
                                             -1.750000   data required time
---------------------------------------------------------------------------------------------
                                             -1.750000   data required time
                                             -2.604295   data arrival time
---------------------------------------------------------------------------------------------
                                              4.354295   slack (MET)


Startpoint: B[8] (input port clocked by __VIRTUAL_CLK__)
Endpoint: result[8] (output port clocked by __VIRTUAL_CLK__)
Path Group: __VIRTUAL_CLK__
Path Type: min

Fanout         Cap        Slew       Delay        Time   Description
---------------------------------------------------------------------------------------------
                      0.000000    0.000000    0.000000   clock __VIRTUAL_CLK__ (rise edge)
                                  0.000000    0.000000   clock network delay (ideal)
                                  2.000000    2.000000 ^ input external delay
     1    0.003667    0.017031    0.009521    2.009521 ^ B[8] (in)
                                                         B[8] (net)
                      0.017031    0.000000    2.009521 ^ input63/A (sky130_fd_sc_hd__clkdlybuf4s25_1)
     4    0.019981    0.155053    0.241716    2.251237 ^ input63/X (sky130_fd_sc_hd__clkdlybuf4s25_1)
                                                         net63 (net)
                      0.155053    0.000530    2.251767 ^ _1014_/A (sky130_fd_sc_hd__or2_4)
     3    0.016675    0.046920    0.114687    2.366454 ^ _1014_/X (sky130_fd_sc_hd__or2_4)
                                                         _0189_ (net)
                      0.046920    0.000203    2.366657 ^ _1263_/A2 (sky130_fd_sc_hd__a211o_2)
     1    0.003321    0.019079    0.075454    2.442110 ^ _1263_/X (sky130_fd_sc_hd__a211o_2)
                                                         _0430_ (net)
                      0.019080    0.000101    2.442211 ^ _1271_/B (sky130_fd_sc_hd__or4b_4)
     2    0.013268    0.038480    0.085748    2.527959 ^ _1271_/X (sky130_fd_sc_hd__or4b_4)
                                                         net99 (net)
                      0.038487    0.000497    2.528456 ^ output99/A (sky130_fd_sc_hd__buf_8)
     1    0.035869    0.051126    0.081456    2.609912 ^ output99/X (sky130_fd_sc_hd__buf_8)
                                                         result[8] (net)
                      0.051182    0.001058    2.610970 ^ result[8] (out)
                                              2.610970   data arrival time

                      0.000000    0.000000    0.000000   clock __VIRTUAL_CLK__ (rise edge)
                                  0.000000    0.000000   clock network delay (ideal)
                                  0.250000    0.250000   clock uncertainty
                                  0.000000    0.250000   clock reconvergence pessimism
                                 -2.000000   -1.750000   output external delay
                                             -1.750000   data required time
---------------------------------------------------------------------------------------------
                                             -1.750000   data required time
                                             -2.610970   data arrival time
---------------------------------------------------------------------------------------------
                                              4.360970   slack (MET)


Startpoint: B[18] (input port clocked by __VIRTUAL_CLK__)
Endpoint: result[19] (output port clocked by __VIRTUAL_CLK__)
Path Group: __VIRTUAL_CLK__
Path Type: min

Fanout         Cap        Slew       Delay        Time   Description
---------------------------------------------------------------------------------------------
                      0.000000    0.000000    0.000000   clock __VIRTUAL_CLK__ (rise edge)
                                  0.000000    0.000000   clock network delay (ideal)
                                  2.000000    2.000000 v input external delay
     1    0.003526    0.005780    0.002928    2.002928 v B[18] (in)
                                                         B[18] (net)
                      0.005781    0.000000    2.002928 v input42/A (sky130_fd_sc_hd__clkdlybuf4s25_1)
     3    0.009631    0.057907    0.176050    2.178978 v input42/X (sky130_fd_sc_hd__clkdlybuf4s25_1)
                                                         net42 (net)
                      0.057907    0.000280    2.179258 v _1042_/A (sky130_fd_sc_hd__nand2_2)
     5    0.021882    0.090115    0.093600    2.272857 ^ _1042_/Y (sky130_fd_sc_hd__nand2_2)
                                                         _0217_ (net)
                      0.090121    0.000600    2.273457 ^ _1466_/A1 (sky130_fd_sc_hd__a311o_2)
     1    0.011438    0.049530    0.125358    2.398815 ^ _1466_/X (sky130_fd_sc_hd__a311o_2)
                                                         _0622_ (net)
                      0.049533    0.000451    2.399266 ^ _1476_/B (sky130_fd_sc_hd__nand3b_4)
     2    0.012140    0.041709    0.052065    2.451331 v _1476_/Y (sky130_fd_sc_hd__nand3b_4)
                                                         net79 (net)
                      0.041711    0.000575    2.451906 v rebuffer443/A (sky130_fd_sc_hd__buf_6)
     1    0.007599    0.017668    0.077344    2.529250 v rebuffer443/X (sky130_fd_sc_hd__buf_6)
                                                         net443 (net)
                      0.017668    0.000171    2.529420 v output79/A (sky130_fd_sc_hd__buf_8)
     1    0.034854    0.030044    0.083639    2.613059 v output79/X (sky130_fd_sc_hd__buf_8)
                                                         result[19] (net)
                      0.030078    0.000905    2.613965 v result[19] (out)
                                              2.613965   data arrival time

                      0.000000    0.000000    0.000000   clock __VIRTUAL_CLK__ (rise edge)
                                  0.000000    0.000000   clock network delay (ideal)
                                  0.250000    0.250000   clock uncertainty
                                  0.000000    0.250000   clock reconvergence pessimism
                                 -2.000000   -1.750000   output external delay
                                             -1.750000   data required time
---------------------------------------------------------------------------------------------
                                             -1.750000   data required time
                                             -2.613965   data arrival time
---------------------------------------------------------------------------------------------
                                              4.363965   slack (MET)


Startpoint: B[22] (input port clocked by __VIRTUAL_CLK__)
Endpoint: result[23] (output port clocked by __VIRTUAL_CLK__)
Path Group: __VIRTUAL_CLK__
Path Type: min

Fanout         Cap        Slew       Delay        Time   Description
---------------------------------------------------------------------------------------------
                      0.000000    0.000000    0.000000   clock __VIRTUAL_CLK__ (rise edge)
                                  0.000000    0.000000   clock network delay (ideal)
                                  2.000000    2.000000 ^ input external delay
     1    0.005045    0.021854    0.013100    2.013100 ^ B[22] (in)
                                                         B[22] (net)
                      0.021855    0.000000    2.013100 ^ input47/A (sky130_fd_sc_hd__clkdlybuf4s25_1)
     4    0.018639    0.145341    0.236098    2.249197 ^ input47/X (sky130_fd_sc_hd__clkdlybuf4s25_1)
                                                         net47 (net)
                      0.145342    0.000629    2.249826 ^ _0934_/A (sky130_fd_sc_hd__nand2_2)
     5    0.020699    0.074998    0.074764    2.324591 v _0934_/Y (sky130_fd_sc_hd__nand2_2)
                                                         _0109_ (net)
                      0.075001    0.000424    2.325015 v _1533_/A (sky130_fd_sc_hd__nand3_2)
     1    0.003171    0.032196    0.051285    2.376300 ^ _1533_/Y (sky130_fd_sc_hd__nand3_2)
                                                         _0685_ (net)
                      0.032196    0.000094    2.376394 ^ _1544_/A2 (sky130_fd_sc_hd__a31o_2)
     1    0.005765    0.032413    0.091440    2.467834 ^ _1544_/X (sky130_fd_sc_hd__a31o_2)
                                                         _0696_ (net)
                      0.032413    0.000185    2.468019 ^ _1545_/C1 (sky130_fd_sc_hd__a211o_4)
     2    0.010321    0.029590    0.062584    2.530602 ^ _1545_/X (sky130_fd_sc_hd__a211o_4)
                                                         net84 (net)
                      0.029592    0.000274    2.530876 ^ output84/A (sky130_fd_sc_hd__buf_6)
     1    0.034590    0.057705    0.085000    2.615876 ^ output84/X (sky130_fd_sc_hd__buf_6)
                                                         result[23] (net)
                      0.057746    0.000825    2.616702 ^ result[23] (out)
                                              2.616702   data arrival time

                      0.000000    0.000000    0.000000   clock __VIRTUAL_CLK__ (rise edge)
                                  0.000000    0.000000   clock network delay (ideal)
                                  0.250000    0.250000   clock uncertainty
                                  0.000000    0.250000   clock reconvergence pessimism
                                 -2.000000   -1.750000   output external delay
                                             -1.750000   data required time
---------------------------------------------------------------------------------------------
                                             -1.750000   data required time
                                             -2.616702   data arrival time
---------------------------------------------------------------------------------------------
                                              4.366702   slack (MET)


Startpoint: B[28] (input port clocked by __VIRTUAL_CLK__)
Endpoint: result[28] (output port clocked by __VIRTUAL_CLK__)
Path Group: __VIRTUAL_CLK__
Path Type: min

Fanout         Cap        Slew       Delay        Time   Description
---------------------------------------------------------------------------------------------
                      0.000000    0.000000    0.000000   clock __VIRTUAL_CLK__ (rise edge)
                                  0.000000    0.000000   clock network delay (ideal)
                                  2.000000    2.000000 v input external delay
     1    0.003645    0.005953    0.003035    2.003035 v B[28] (in)
                                                         B[28] (net)
                      0.005954    0.000000    2.003035 v input53/A (sky130_fd_sc_hd__clkdlybuf4s25_1)
     4    0.016143    0.088544    0.200219    2.203254 v input53/X (sky130_fd_sc_hd__clkdlybuf4s25_1)
                                                         net53 (net)
                      0.088547    0.000570    2.203824 v _0905_/A (sky130_fd_sc_hd__nor2_2)
     2    0.008527    0.085139    0.113996    2.317820 ^ _0905_/Y (sky130_fd_sc_hd__nor2_2)
                                                         _0080_ (net)
                      0.085139    0.000214    2.318034 ^ _0906_/B (sky130_fd_sc_hd__nor2_2)
     7    0.034894    0.061318    0.069037    2.387071 v _0906_/Y (sky130_fd_sc_hd__nor2_2)
                                                         _0081_ (net)
                      0.061361    0.001332    2.388403 v _1608_/A (sky130_fd_sc_hd__nand2_2)
     1    0.006305    0.036462    0.053971    2.442375 ^ _1608_/Y (sky130_fd_sc_hd__nand2_2)
                                                         _0755_ (net)
                      0.036463    0.000209    2.442584 ^ _1625_/A3 (sky130_fd_sc_hd__a31o_4)
     2    0.011101    0.034157    0.096990    2.539574 ^ _1625_/X (sky130_fd_sc_hd__a31o_4)
                                                         net89 (net)
                      0.034159    0.000300    2.539874 ^ output89/A (sky130_fd_sc_hd__buf_8)
     1    0.034696    0.049769    0.079617    2.619490 ^ output89/X (sky130_fd_sc_hd__buf_8)
                                                         result[28] (net)
                      0.049812    0.000847    2.620337 ^ result[28] (out)
                                              2.620337   data arrival time

                      0.000000    0.000000    0.000000   clock __VIRTUAL_CLK__ (rise edge)
                                  0.000000    0.000000   clock network delay (ideal)
                                  0.250000    0.250000   clock uncertainty
                                  0.000000    0.250000   clock reconvergence pessimism
                                 -2.000000   -1.750000   output external delay
                                             -1.750000   data required time
---------------------------------------------------------------------------------------------
                                             -1.750000   data required time
                                             -2.620337   data arrival time
---------------------------------------------------------------------------------------------
                                              4.370337   slack (MET)


Startpoint: B[25] (input port clocked by __VIRTUAL_CLK__)
Endpoint: result[26] (output port clocked by __VIRTUAL_CLK__)
Path Group: __VIRTUAL_CLK__
Path Type: min

Fanout         Cap        Slew       Delay        Time   Description
---------------------------------------------------------------------------------------------
                      0.000000    0.000000    0.000000   clock __VIRTUAL_CLK__ (rise edge)
                                  0.000000    0.000000   clock network delay (ideal)
                                  2.000000    2.000000 v input external delay
     1    0.004311    0.007001    0.003633    2.003633 v B[25] (in)
                                                         B[25] (net)
                      0.007007    0.000000    2.003633 v input50/A (sky130_fd_sc_hd__clkdlybuf4s25_1)
     4    0.017333    0.094183    0.205148    2.208781 v input50/X (sky130_fd_sc_hd__clkdlybuf4s25_1)
                                                         net50 (net)
                      0.094183    0.000128    2.208909 v _0923_/A1 (sky130_fd_sc_hd__o21a_2)
     3    0.016314    0.035768    0.177873    2.386782 v _0923_/X (sky130_fd_sc_hd__o21a_2)
                                                         _0098_ (net)
                      0.035776    0.000504    2.387286 v _1579_/B (sky130_fd_sc_hd__nand3_2)
     1    0.006748    0.042604    0.055520    2.442806 ^ _1579_/Y (sky130_fd_sc_hd__nand3_2)
                                                         _0728_ (net)
                      0.042605    0.000224    2.443030 ^ _1593_/A3 (sky130_fd_sc_hd__a31o_4)
     2    0.013148    0.038693    0.101882    2.544912 ^ _1593_/X (sky130_fd_sc_hd__a31o_4)
                                                         net87 (net)
                      0.038696    0.000381    2.545292 ^ output87/A (sky130_fd_sc_hd__buf_8)
     1    0.035059    0.050211    0.080858    2.626151 ^ output87/X (sky130_fd_sc_hd__buf_8)
                                                         result[26] (net)
                      0.050262    0.000973    2.627124 ^ result[26] (out)
                                              2.627124   data arrival time

                      0.000000    0.000000    0.000000   clock __VIRTUAL_CLK__ (rise edge)
                                  0.000000    0.000000   clock network delay (ideal)
                                  0.250000    0.250000   clock uncertainty
                                  0.000000    0.250000   clock reconvergence pessimism
                                 -2.000000   -1.750000   output external delay
                                             -1.750000   data required time
---------------------------------------------------------------------------------------------
                                             -1.750000   data required time
                                             -2.627124   data arrival time
---------------------------------------------------------------------------------------------
                                              4.377124   slack (MET)


Startpoint: B[30] (input port clocked by __VIRTUAL_CLK__)
Endpoint: zero (output port clocked by __VIRTUAL_CLK__)
Path Group: __VIRTUAL_CLK__
Path Type: min

Fanout         Cap        Slew       Delay        Time   Description
---------------------------------------------------------------------------------------------
                      0.000000    0.000000    0.000000   clock __VIRTUAL_CLK__ (rise edge)
                                  0.000000    0.000000   clock network delay (ideal)
                                  2.000000    2.000000 ^ input external delay
     1    0.003572    0.016689    0.009273    2.009273 ^ B[30] (in)
                                                         B[30] (net)
                      0.016689    0.000000    2.009273 ^ input56/A (sky130_fd_sc_hd__clkdlybuf4s25_1)
     3    0.011209    0.091297    0.197069    2.206342 ^ input56/X (sky130_fd_sc_hd__clkdlybuf4s25_1)
                                                         net56 (net)
                      0.091298    0.000442    2.206784 ^ _0890_/A (sky130_fd_sc_hd__nand2_2)
     4    0.014496    0.051742    0.055269    2.262053 v _0890_/Y (sky130_fd_sc_hd__nand2_2)
                                                         _0065_ (net)
                      0.051747    0.000405    2.262457 v _1654_/B (sky130_fd_sc_hd__nand3b_2)
     1    0.002772    0.030710    0.052357    2.314814 ^ _1654_/Y (sky130_fd_sc_hd__nand3b_2)
                                                         _0798_ (net)
                      0.030710    0.000055    2.314869 ^ _1656_/B (sky130_fd_sc_hd__and3_4)
     1    0.007336    0.033802    0.103279    2.418148 ^ _1656_/X (sky130_fd_sc_hd__and3_4)
                                                         _0800_ (net)
                      0.033808    0.000286    2.418435 ^ _1668_/C (sky130_fd_sc_hd__or4_4)
     2    0.017395    0.046275    0.094011    2.512445 ^ _1668_/X (sky130_fd_sc_hd__or4_4)
                                                         net93 (net)
                      0.046281    0.000532    2.512978 ^ _1682_/B (sky130_fd_sc_hd__nor4_4)
     1    0.004756    0.014752    0.028793    2.541771 v _1682_/Y (sky130_fd_sc_hd__nor4_4)
                                                         net101 (net)
                      0.014752    0.000096    2.541867 v output101/A (sky130_fd_sc_hd__buf_6)
     1    0.036141    0.033255    0.084747    2.626614 v output101/X (sky130_fd_sc_hd__buf_6)
                                                         zero (net)
                      0.033304    0.001114    2.627728 v zero (out)
                                              2.627728   data arrival time

                      0.000000    0.000000    0.000000   clock __VIRTUAL_CLK__ (rise edge)
                                  0.000000    0.000000   clock network delay (ideal)
                                  0.250000    0.250000   clock uncertainty
                                  0.000000    0.250000   clock reconvergence pessimism
                                 -2.000000   -1.750000   output external delay
                                             -1.750000   data required time
---------------------------------------------------------------------------------------------
                                             -1.750000   data required time
                                             -2.627728   data arrival time
---------------------------------------------------------------------------------------------
                                              4.377728   slack (MET)


Startpoint: B[12] (input port clocked by __VIRTUAL_CLK__)
Endpoint: result[12] (output port clocked by __VIRTUAL_CLK__)
Path Group: __VIRTUAL_CLK__
Path Type: min

Fanout         Cap        Slew       Delay        Time   Description
---------------------------------------------------------------------------------------------
                      0.000000    0.000000    0.000000   clock __VIRTUAL_CLK__ (rise edge)
                                  0.000000    0.000000   clock network delay (ideal)
                                  2.000000    2.000000 v input external delay
     1    0.003774    0.006140    0.003150    2.003150 v B[12] (in)
                                                         B[12] (net)
                      0.006141    0.000000    2.003150 v input36/A (sky130_fd_sc_hd__clkdlybuf4s25_1)
     3    0.013202    0.074432    0.189572    2.192721 v input36/X (sky130_fd_sc_hd__clkdlybuf4s25_1)
                                                         net36 (net)
                      0.074432    0.000329    2.193051 v _0994_/A (sky130_fd_sc_hd__nand2_4)
     2    0.021799    0.058125    0.077232    2.270283 ^ _0994_/Y (sky130_fd_sc_hd__nand2_4)
                                                         _0169_ (net)
                      0.058128    0.000432    2.270715 ^ _0995_/B (sky130_fd_sc_hd__nand2_8)
     7    0.027414    0.036306    0.043084    2.313799 v _0995_/Y (sky130_fd_sc_hd__nand2_8)
                                                         _0170_ (net)
                      0.036359    0.001051    2.314850 v _1336_/A1 (sky130_fd_sc_hd__a311oi_2)
     1    0.004033    0.077424    0.135514    2.450363 ^ _1336_/Y (sky130_fd_sc_hd__a311oi_2)
                                                         _0499_ (net)
                      0.077424    0.000132    2.450495 ^ _1348_/B (sky130_fd_sc_hd__or3_4)
     2    0.013541    0.038567    0.098241    2.548736 ^ _1348_/X (sky130_fd_sc_hd__or3_4)
                                                         net72 (net)
                      0.038572    0.000455    2.549191 ^ output72/A (sky130_fd_sc_hd__buf_6)
     1    0.035029    0.058363    0.087711    2.636901 ^ output72/X (sky130_fd_sc_hd__buf_6)
                                                         result[12] (net)
                      0.058409    0.000921    2.637823 ^ result[12] (out)
                                              2.637823   data arrival time

                      0.000000    0.000000    0.000000   clock __VIRTUAL_CLK__ (rise edge)
                                  0.000000    0.000000   clock network delay (ideal)
                                  0.250000    0.250000   clock uncertainty
                                  0.000000    0.250000   clock reconvergence pessimism
                                 -2.000000   -1.750000   output external delay
                                             -1.750000   data required time
---------------------------------------------------------------------------------------------
                                             -1.750000   data required time
                                             -2.637823   data arrival time
---------------------------------------------------------------------------------------------
                                              4.387823   slack (MET)


Startpoint: B[4] (input port clocked by __VIRTUAL_CLK__)
Endpoint: result[14] (output port clocked by __VIRTUAL_CLK__)
Path Group: __VIRTUAL_CLK__
Path Type: min

Fanout         Cap        Slew       Delay        Time   Description
---------------------------------------------------------------------------------------------
                      0.000000    0.000000    0.000000   clock __VIRTUAL_CLK__ (rise edge)
                                  0.000000    0.000000   clock network delay (ideal)
                                  2.000000    2.000000 ^ input external delay
     1    0.009530    0.036934    0.023973    2.023973 ^ B[4] (in)
                                                         B[4] (net)
                      0.036936    0.000000    2.023973 ^ input59/A (sky130_fd_sc_hd__buf_8)
     4    0.037205    0.052869    0.081619    2.105592 ^ input59/X (sky130_fd_sc_hd__buf_8)
                                                         net59 (net)
                      0.053110    0.002841    2.108433 ^ _0879_/A (sky130_fd_sc_hd__nor2_2)
     3    0.032271    0.056977    0.061489    2.169922 v _0879_/Y (sky130_fd_sc_hd__nor2_2)
                                                         _0054_ (net)
                      0.057010    0.001138    2.171060 v max_cap104/A (sky130_fd_sc_hd__clkbuf_4)
     8    0.040599    0.064955    0.138727    2.309787 v max_cap104/X (sky130_fd_sc_hd__clkbuf_4)
                                                         net104 (net)
                      0.065430    0.004309    2.314095 v _1384_/A1 (sky130_fd_sc_hd__a21oi_2)
     1    0.003316    0.038096    0.087048    2.401144 ^ _1384_/Y (sky130_fd_sc_hd__a21oi_2)
                                                         _0545_ (net)
                      0.038096    0.000099    2.401243 ^ _1385_/C1 (sky130_fd_sc_hd__o211a_2)
     1    0.005435    0.036063    0.086275    2.487517 ^ _1385_/X (sky130_fd_sc_hd__o211a_2)
                                                         _0546_ (net)
                      0.036070    0.000170    2.487687 ^ _1386_/B1 (sky130_fd_sc_hd__o21ai_2)
     2    0.009347    0.026052    0.030680    2.518367 v _1386_/Y (sky130_fd_sc_hd__o21ai_2)
                                                         net74 (net)
                      0.026063    0.000422    2.518789 v output74/A (sky130_fd_sc_hd__clkbuf_2)
     1    0.035546    0.094820    0.127283    2.646072 v output74/X (sky130_fd_sc_hd__clkbuf_2)
                                                         result[14] (net)
                      0.094831    0.001017    2.647088 v result[14] (out)
                                              2.647088   data arrival time

                      0.000000    0.000000    0.000000   clock __VIRTUAL_CLK__ (rise edge)
                                  0.000000    0.000000   clock network delay (ideal)
                                  0.250000    0.250000   clock uncertainty
                                  0.000000    0.250000   clock reconvergence pessimism
                                 -2.000000   -1.750000   output external delay
                                             -1.750000   data required time
---------------------------------------------------------------------------------------------
                                             -1.750000   data required time
                                             -2.647088   data arrival time
---------------------------------------------------------------------------------------------
                                              4.397088   slack (MET)


Startpoint: B[16] (input port clocked by __VIRTUAL_CLK__)
Endpoint: result[17] (output port clocked by __VIRTUAL_CLK__)
Path Group: __VIRTUAL_CLK__
Path Type: min

Fanout         Cap        Slew       Delay        Time   Description
---------------------------------------------------------------------------------------------
                      0.000000    0.000000    0.000000   clock __VIRTUAL_CLK__ (rise edge)
                                  0.000000    0.000000   clock network delay (ideal)
                                  2.000000    2.000000 v input external delay
     1    0.003076    0.005123    0.002526    2.002526 v B[16] (in)
                                                         B[16] (net)
                      0.005124    0.000000    2.002526 v input40/A (sky130_fd_sc_hd__clkdlybuf4s25_1)
     3    0.014445    0.080416    0.193669    2.196195 v input40/X (sky130_fd_sc_hd__clkdlybuf4s25_1)
                                                         net40 (net)
                      0.080419    0.000535    2.196730 v _0828_/A (sky130_fd_sc_hd__inv_2)
     2    0.005075    0.032374    0.050564    2.247294 ^ _0828_/Y (sky130_fd_sc_hd__inv_2)
                                                         _0003_ (net)
                      0.032374    0.000080    2.247374 ^ _1426_/A1 (sky130_fd_sc_hd__a21o_2)
     1    0.003811    0.023459    0.067799    2.315173 ^ _1426_/X (sky130_fd_sc_hd__a21o_2)
                                                         _0584_ (net)
                      0.023460    0.000120    2.315293 ^ _1429_/A2 (sky130_fd_sc_hd__o211a_2)
     1    0.003882    0.030055    0.093907    2.409199 ^ _1429_/X (sky130_fd_sc_hd__o211a_2)
                                                         _0587_ (net)
                      0.030055    0.000091    2.409290 ^ _1445_/A (sky130_fd_sc_hd__or3_4)
     2    0.010239    0.032169    0.080310    2.489600 ^ _1445_/X (sky130_fd_sc_hd__or3_4)
                                                         net77 (net)
                      0.032170    0.000253    2.489854 ^ rebuffer223/A (sky130_fd_sc_hd__buf_2)
     1    0.007590    0.034550    0.071550    2.561404 ^ rebuffer223/X (sky130_fd_sc_hd__buf_2)
                                                         net223 (net)
                      0.034552    0.000287    2.561691 ^ output77/A (sky130_fd_sc_hd__buf_6)
     1    0.034519    0.057641    0.086298    2.647989 ^ output77/X (sky130_fd_sc_hd__buf_6)
                                                         result[17] (net)
                      0.057649    0.000685    2.648674 ^ result[17] (out)
                                              2.648674   data arrival time

                      0.000000    0.000000    0.000000   clock __VIRTUAL_CLK__ (rise edge)
                                  0.000000    0.000000   clock network delay (ideal)
                                  0.250000    0.250000   clock uncertainty
                                  0.000000    0.250000   clock reconvergence pessimism
                                 -2.000000   -1.750000   output external delay
                                             -1.750000   data required time
---------------------------------------------------------------------------------------------
                                             -1.750000   data required time
                                             -2.648674   data arrival time
---------------------------------------------------------------------------------------------
                                              4.398674   slack (MET)


Startpoint: B[28] (input port clocked by __VIRTUAL_CLK__)
Endpoint: result[30] (output port clocked by __VIRTUAL_CLK__)
Path Group: __VIRTUAL_CLK__
Path Type: min

Fanout         Cap        Slew       Delay        Time   Description
---------------------------------------------------------------------------------------------
                      0.000000    0.000000    0.000000   clock __VIRTUAL_CLK__ (rise edge)
                                  0.000000    0.000000   clock network delay (ideal)
                                  2.000000    2.000000 v input external delay
     1    0.003645    0.005953    0.003035    2.003035 v B[28] (in)
                                                         B[28] (net)
                      0.005954    0.000000    2.003035 v input53/A (sky130_fd_sc_hd__clkdlybuf4s25_1)
     4    0.016143    0.088544    0.200219    2.203254 v input53/X (sky130_fd_sc_hd__clkdlybuf4s25_1)
                                                         net53 (net)
                      0.088546    0.000523    2.203777 v _0904_/A (sky130_fd_sc_hd__nand2_2)
     3    0.009319    0.050531    0.072653    2.276430 ^ _0904_/Y (sky130_fd_sc_hd__nand2_2)
                                                         _0079_ (net)
                      0.050531    0.000106    2.276536 ^ _1651_/A2 (sky130_fd_sc_hd__a311o_2)
     2    0.007220    0.034399    0.108348    2.384884 ^ _1651_/X (sky130_fd_sc_hd__a311o_2)
                                                         _0796_ (net)
                      0.034399    0.000120    2.385004 ^ rebuffer243/A (sky130_fd_sc_hd__buf_2)
     2    0.012439    0.051120    0.084550    2.469554 ^ rebuffer243/X (sky130_fd_sc_hd__buf_2)
                                                         net243 (net)
                      0.051121    0.000310    2.469863 ^ _1653_/A1 (sky130_fd_sc_hd__a211o_4)
     2    0.018026    0.044538    0.095193    2.565056 ^ _1653_/X (sky130_fd_sc_hd__a211o_4)
                                                         net92 (net)
                      0.044547    0.000642    2.565698 ^ output92/A (sky130_fd_sc_hd__buf_6)
     1    0.034551    0.057726    0.088827    2.654525 ^ output92/X (sky130_fd_sc_hd__buf_6)
                                                         result[30] (net)
                      0.057768    0.000840    2.655365 ^ result[30] (out)
                                              2.655365   data arrival time

                      0.000000    0.000000    0.000000   clock __VIRTUAL_CLK__ (rise edge)
                                  0.000000    0.000000   clock network delay (ideal)
                                  0.250000    0.250000   clock uncertainty
                                  0.000000    0.250000   clock reconvergence pessimism
                                 -2.000000   -1.750000   output external delay
                                             -1.750000   data required time
---------------------------------------------------------------------------------------------
                                             -1.750000   data required time
                                             -2.655365   data arrival time
---------------------------------------------------------------------------------------------
                                              4.405365   slack (MET)


Startpoint: B[30] (input port clocked by __VIRTUAL_CLK__)
Endpoint: result[31] (output port clocked by __VIRTUAL_CLK__)
Path Group: __VIRTUAL_CLK__
Path Type: min

Fanout         Cap        Slew       Delay        Time   Description
---------------------------------------------------------------------------------------------
                      0.000000    0.000000    0.000000   clock __VIRTUAL_CLK__ (rise edge)
                                  0.000000    0.000000   clock network delay (ideal)
                                  2.000000    2.000000 ^ input external delay
     1    0.003572    0.016689    0.009273    2.009273 ^ B[30] (in)
                                                         B[30] (net)
                      0.016689    0.000000    2.009273 ^ input56/A (sky130_fd_sc_hd__clkdlybuf4s25_1)
     3    0.011209    0.091297    0.197069    2.206342 ^ input56/X (sky130_fd_sc_hd__clkdlybuf4s25_1)
                                                         net56 (net)
                      0.091298    0.000442    2.206784 ^ _0890_/A (sky130_fd_sc_hd__nand2_2)
     4    0.014496    0.051742    0.055269    2.262053 v _0890_/Y (sky130_fd_sc_hd__nand2_2)
                                                         _0065_ (net)
                      0.051747    0.000405    2.262457 v _1654_/B (sky130_fd_sc_hd__nand3b_2)
     1    0.002772    0.030710    0.052357    2.314814 ^ _1654_/Y (sky130_fd_sc_hd__nand3b_2)
                                                         _0798_ (net)
                      0.030710    0.000055    2.314869 ^ _1656_/B (sky130_fd_sc_hd__and3_4)
     1    0.007336    0.033802    0.103279    2.418148 ^ _1656_/X (sky130_fd_sc_hd__and3_4)
                                                         _0800_ (net)
                      0.033808    0.000286    2.418435 ^ _1668_/C (sky130_fd_sc_hd__or4_4)
     2    0.017395    0.046275    0.094011    2.512445 ^ _1668_/X (sky130_fd_sc_hd__or4_4)
                                                         net93 (net)
                      0.046283    0.000599    2.513044 ^ rebuffer248/A (sky130_fd_sc_hd__buf_6)
     1    0.009726    0.024126    0.063176    2.576221 ^ rebuffer248/X (sky130_fd_sc_hd__buf_6)
                                                         net248 (net)
                      0.024127    0.000304    2.576524 ^ output93/A (sky130_fd_sc_hd__buf_8)
     1    0.036261    0.051499    0.078354    2.654878 ^ output93/X (sky130_fd_sc_hd__buf_8)
                                                         result[31] (net)
                      0.051567    0.001224    2.656103 ^ result[31] (out)
                                              2.656103   data arrival time

                      0.000000    0.000000    0.000000   clock __VIRTUAL_CLK__ (rise edge)
                                  0.000000    0.000000   clock network delay (ideal)
                                  0.250000    0.250000   clock uncertainty
                                  0.000000    0.250000   clock reconvergence pessimism
                                 -2.000000   -1.750000   output external delay
                                             -1.750000   data required time
---------------------------------------------------------------------------------------------
                                             -1.750000   data required time
                                             -2.656103   data arrival time
---------------------------------------------------------------------------------------------
                                              4.406103   slack (MET)


Startpoint: B[4] (input port clocked by __VIRTUAL_CLK__)
Endpoint: result[3] (output port clocked by __VIRTUAL_CLK__)
Path Group: __VIRTUAL_CLK__
Path Type: min

Fanout         Cap        Slew       Delay        Time   Description
---------------------------------------------------------------------------------------------
                      0.000000    0.000000    0.000000   clock __VIRTUAL_CLK__ (rise edge)
                                  0.000000    0.000000   clock network delay (ideal)
                                  2.000000    2.000000 v input external delay
     1    0.008863    0.014495    0.008619    2.008619 v B[4] (in)
                                                         B[4] (net)
                      0.014498    0.000000    2.008619 v input59/A (sky130_fd_sc_hd__buf_8)
     4    0.035991    0.031088    0.082324    2.090944 v input59/X (sky130_fd_sc_hd__buf_8)
                                                         net59 (net)
                      0.031113    0.000725    2.091669 v fanout158/A (sky130_fd_sc_hd__buf_6)
     2    0.011829    0.019915    0.076146    2.167815 v fanout158/X (sky130_fd_sc_hd__buf_6)
                                                         net158 (net)
                      0.019932    0.000351    2.168166 v fanout157/A (sky130_fd_sc_hd__buf_8)
     4    0.019622    0.022819    0.076622    2.244787 v fanout157/X (sky130_fd_sc_hd__buf_8)
                                                         net157 (net)
                      0.022833    0.000627    2.245414 v rebuffer457/A (sky130_fd_sc_hd__buf_2)
     7    0.035331    0.064468    0.115470    2.360884 v rebuffer457/X (sky130_fd_sc_hd__buf_2)
                                                         net457 (net)
                      0.064478    0.000809    2.361693 v _1170_/A1 (sky130_fd_sc_hd__a21o_2)
     2    0.006195    0.024770    0.134224    2.495917 v _1170_/X (sky130_fd_sc_hd__a21o_2)
                                                         net94 (net)
                      0.024770    0.000117    2.496034 v output94/A (sky130_fd_sc_hd__dlymetal6s2s_1)
     1    0.035771    0.124041    0.165742    2.661775 v output94/X (sky130_fd_sc_hd__dlymetal6s2s_1)
                                                         result[3] (net)
                      0.124044    0.000730    2.662506 v result[3] (out)
                                              2.662506   data arrival time

                      0.000000    0.000000    0.000000   clock __VIRTUAL_CLK__ (rise edge)
                                  0.000000    0.000000   clock network delay (ideal)
                                  0.250000    0.250000   clock uncertainty
                                  0.000000    0.250000   clock reconvergence pessimism
                                 -2.000000   -1.750000   output external delay
                                             -1.750000   data required time
---------------------------------------------------------------------------------------------
                                             -1.750000   data required time
                                             -2.662506   data arrival time
---------------------------------------------------------------------------------------------
                                              4.412506   slack (MET)


Startpoint: B[14] (input port clocked by __VIRTUAL_CLK__)
Endpoint: result[15] (output port clocked by __VIRTUAL_CLK__)
Path Group: __VIRTUAL_CLK__
Path Type: min

Fanout         Cap        Slew       Delay        Time   Description
---------------------------------------------------------------------------------------------
                      0.000000    0.000000    0.000000   clock __VIRTUAL_CLK__ (rise edge)
                                  0.000000    0.000000   clock network delay (ideal)
                                  2.000000    2.000000 v input external delay
     1    0.003105    0.005164    0.002552    2.002552 v B[14] (in)
                                                         B[14] (net)
                      0.005165    0.000000    2.002552 v input38/A (sky130_fd_sc_hd__clkdlybuf4s25_1)
     3    0.012843    0.072764    0.187779    2.190331 v input38/X (sky130_fd_sc_hd__clkdlybuf4s25_1)
                                                         net38 (net)
                      0.072766    0.000457    2.190788 v _0998_/A (sky130_fd_sc_hd__and2_4)
     5    0.019508    0.033255    0.120558    2.311346 v _0998_/X (sky130_fd_sc_hd__and2_4)
                                                         _0173_ (net)
                      0.033268    0.000634    2.311980 v _1390_/A1 (sky130_fd_sc_hd__o21ai_2)
     1    0.002907    0.026655    0.081899    2.393879 ^ _1390_/Y (sky130_fd_sc_hd__o21ai_2)
                                                         _0550_ (net)
                      0.026655    0.000085    2.393965 ^ _1401_/A3 (sky130_fd_sc_hd__a31o_2)
     1    0.006468    0.034747    0.095195    2.489159 ^ _1401_/X (sky130_fd_sc_hd__a31o_2)
                                                         _0561_ (net)
                      0.034748    0.000263    2.489422 ^ _1402_/B1 (sky130_fd_sc_hd__a21o_2)
     2    0.011986    0.050152    0.073115    2.562537 ^ _1402_/X (sky130_fd_sc_hd__a21o_2)
                                                         net75 (net)
                      0.050182    0.000589    2.563126 ^ output75/A (sky130_fd_sc_hd__buf_4)
     1    0.034884    0.077790    0.112044    2.675170 ^ output75/X (sky130_fd_sc_hd__buf_4)
                                                         result[15] (net)
                      0.077796    0.000745    2.675915 ^ result[15] (out)
                                              2.675915   data arrival time

                      0.000000    0.000000    0.000000   clock __VIRTUAL_CLK__ (rise edge)
                                  0.000000    0.000000   clock network delay (ideal)
                                  0.250000    0.250000   clock uncertainty
                                  0.000000    0.250000   clock reconvergence pessimism
                                 -2.000000   -1.750000   output external delay
                                             -1.750000   data required time
---------------------------------------------------------------------------------------------
                                             -1.750000   data required time
                                             -2.675915   data arrival time
---------------------------------------------------------------------------------------------
                                              4.425915   slack (MET)


Startpoint: B[9] (input port clocked by __VIRTUAL_CLK__)
Endpoint: result[10] (output port clocked by __VIRTUAL_CLK__)
Path Group: __VIRTUAL_CLK__
Path Type: min

Fanout         Cap        Slew       Delay        Time   Description
---------------------------------------------------------------------------------------------
                      0.000000    0.000000    0.000000   clock __VIRTUAL_CLK__ (rise edge)
                                  0.000000    0.000000   clock network delay (ideal)
                                  2.000000    2.000000 ^ input external delay
     1    0.004572    0.020217    0.011911    2.011911 ^ B[9] (in)
                                                         B[9] (net)
                      0.020218    0.000000    2.011911 ^ input64/A (sky130_fd_sc_hd__clkdlybuf4s25_1)
     3    0.010046    0.082883    0.192192    2.204103 ^ input64/X (sky130_fd_sc_hd__clkdlybuf4s25_1)
                                                         net64 (net)
                      0.082883    0.000144    2.204247 ^ _1019_/A_N (sky130_fd_sc_hd__nand2b_2)
     1    0.004986    0.032022    0.084063    2.288310 ^ _1019_/Y (sky130_fd_sc_hd__nand2b_2)
                                                         _0194_ (net)
                      0.032022    0.000146    2.288456 ^ _1021_/B1 (sky130_fd_sc_hd__o21ai_2)
     3    0.015976    0.037573    0.039517    2.327973 v _1021_/Y (sky130_fd_sc_hd__o21ai_2)
                                                         _0196_ (net)
                      0.037577    0.000327    2.328300 v _1022_/A (sky130_fd_sc_hd__inv_2)
     1    0.003332    0.019633    0.031067    2.359367 ^ _1022_/Y (sky130_fd_sc_hd__inv_2)
                                                         _0197_ (net)
                      0.019633    0.000072    2.359439 ^ _1292_/A2 (sky130_fd_sc_hd__a21bo_2)
     2    0.008573    0.042183    0.085748    2.445188 ^ _1292_/X (sky130_fd_sc_hd__a21bo_2)
                                                         _0457_ (net)
                      0.042183    0.000155    2.445343 ^ _1307_/A2 (sky130_fd_sc_hd__a31o_4)
     2    0.011139    0.034220    0.095600    2.540943 ^ _1307_/X (sky130_fd_sc_hd__a31o_4)
                                                         net70 (net)
                      0.034220    0.000191    2.541134 ^ rebuffer521/A (sky130_fd_sc_hd__buf_6)
     1    0.008518    0.022480    0.058649    2.599782 ^ rebuffer521/X (sky130_fd_sc_hd__buf_6)
                                                         net521 (net)
                      0.022481    0.000282    2.600064 ^ output70/A (sky130_fd_sc_hd__buf_8)
     1    0.035384    0.050507    0.077301    2.677364 ^ output70/X (sky130_fd_sc_hd__buf_8)
                                                         result[10] (net)
                      0.050562    0.001023    2.678388 ^ result[10] (out)
                                              2.678388   data arrival time

                      0.000000    0.000000    0.000000   clock __VIRTUAL_CLK__ (rise edge)
                                  0.000000    0.000000   clock network delay (ideal)
                                  0.250000    0.250000   clock uncertainty
                                  0.000000    0.250000   clock reconvergence pessimism
                                 -2.000000   -1.750000   output external delay
                                             -1.750000   data required time
---------------------------------------------------------------------------------------------
                                             -1.750000   data required time
                                             -2.678388   data arrival time
---------------------------------------------------------------------------------------------
                                              4.428388   slack (MET)


Startpoint: B[16] (input port clocked by __VIRTUAL_CLK__)
Endpoint: result[16] (output port clocked by __VIRTUAL_CLK__)
Path Group: __VIRTUAL_CLK__
Path Type: min

Fanout         Cap        Slew       Delay        Time   Description
---------------------------------------------------------------------------------------------
                      0.000000    0.000000    0.000000   clock __VIRTUAL_CLK__ (rise edge)
                                  0.000000    0.000000   clock network delay (ideal)
                                  2.000000    2.000000 ^ input external delay
     1    0.003302    0.015717    0.008562    2.008562 ^ B[16] (in)
                                                         B[16] (net)
                      0.015718    0.000000    2.008562 ^ input40/A (sky130_fd_sc_hd__clkdlybuf4s25_1)
     3    0.015236    0.120545    0.217231    2.225792 ^ input40/X (sky130_fd_sc_hd__clkdlybuf4s25_1)
                                                         net40 (net)
                      0.120545    0.000474    2.226266 ^ _1037_/A (sky130_fd_sc_hd__or2_2)
     3    0.014175    0.061425    0.116722    2.342988 ^ _1037_/X (sky130_fd_sc_hd__or2_2)
                                                         _0212_ (net)
                      0.061425    0.000264    2.343253 ^ _1039_/B (sky130_fd_sc_hd__nand2_2)
     4    0.018805    0.053721    0.061479    2.404732 v _1039_/Y (sky130_fd_sc_hd__nand2_2)
                                                         _0214_ (net)
                      0.053726    0.000428    2.405160 v _1412_/A1 (sky130_fd_sc_hd__a311oi_2)
     1    0.003118    0.069659    0.132910    2.538069 ^ _1412_/Y (sky130_fd_sc_hd__a311oi_2)
                                                         _0571_ (net)
                      0.069659    0.000064    2.538134 ^ _1425_/A (sky130_fd_sc_hd__or3b_4)
     2    0.010218    0.036304    0.095323    2.633457 ^ _1425_/X (sky130_fd_sc_hd__or3b_4)
                                                         net76 (net)
                      0.036306    0.000284    2.633741 ^ rebuffer524/A (sky130_fd_sc_hd__buf_6)
     1    0.010364    0.024819    0.061217    2.694958 ^ rebuffer524/X (sky130_fd_sc_hd__buf_6)
                                                         net524 (net)
                      0.024826    0.000407    2.695366 ^ output76/A (sky130_fd_sc_hd__buf_8)
     1    0.034322    0.049308    0.077218    2.772584 ^ output76/X (sky130_fd_sc_hd__buf_8)
                                                         result[16] (net)
                      0.049316    0.000654    2.773239 ^ result[16] (out)
                                              2.773239   data arrival time

                      0.000000    0.000000    0.000000   clock __VIRTUAL_CLK__ (rise edge)
                                  0.000000    0.000000   clock network delay (ideal)
                                  0.250000    0.250000   clock uncertainty
                                  0.000000    0.250000   clock reconvergence pessimism
                                 -2.000000   -1.750000   output external delay
                                             -1.750000   data required time
---------------------------------------------------------------------------------------------
                                             -1.750000   data required time
                                             -2.773239   data arrival time
---------------------------------------------------------------------------------------------
                                              4.523239   slack (MET)


Startpoint: B[4] (input port clocked by __VIRTUAL_CLK__)
Endpoint: result[2] (output port clocked by __VIRTUAL_CLK__)
Path Group: __VIRTUAL_CLK__
Path Type: min

Fanout         Cap        Slew       Delay        Time   Description
---------------------------------------------------------------------------------------------
                      0.000000    0.000000    0.000000   clock __VIRTUAL_CLK__ (rise edge)
                                  0.000000    0.000000   clock network delay (ideal)
                                  2.000000    2.000000 ^ input external delay
     1    0.009530    0.036934    0.023973    2.023973 ^ B[4] (in)
                                                         B[4] (net)
                      0.036936    0.000000    2.023973 ^ input59/A (sky130_fd_sc_hd__buf_8)
     4    0.037205    0.052869    0.081619    2.105592 ^ input59/X (sky130_fd_sc_hd__buf_8)
                                                         net59 (net)
                      0.052885    0.000757    2.106350 ^ fanout158/A (sky130_fd_sc_hd__buf_6)
     2    0.012655    0.027935    0.068114    2.174464 ^ fanout158/X (sky130_fd_sc_hd__buf_6)
                                                         net158 (net)
                      0.027943    0.000416    2.174880 ^ rebuffer338/A (sky130_fd_sc_hd__buf_2)
     6    0.048356    0.177822    0.169434    2.344314 ^ rebuffer338/X (sky130_fd_sc_hd__buf_2)
                                                         net338 (net)
                      0.177874    0.002529    2.346843 ^ _1141_/A1 (sky130_fd_sc_hd__a211o_2)
     2    0.009942    0.040732    0.111398    2.458242 ^ _1141_/X (sky130_fd_sc_hd__a211o_2)
                                                         net91 (net)
                      0.040735    0.000417    2.458659 ^ output91/A (sky130_fd_sc_hd__clkdlybuf4s25_1)
     1    0.035662    0.269534    0.328042    2.786702 ^ output91/X (sky130_fd_sc_hd__clkdlybuf4s25_1)
                                                         result[2] (net)
                      0.269534    0.000852    2.787554 ^ result[2] (out)
                                              2.787554   data arrival time

                      0.000000    0.000000    0.000000   clock __VIRTUAL_CLK__ (rise edge)
                                  0.000000    0.000000   clock network delay (ideal)
                                  0.250000    0.250000   clock uncertainty
                                  0.000000    0.250000   clock reconvergence pessimism
                                 -2.000000   -1.750000   output external delay
                                             -1.750000   data required time
---------------------------------------------------------------------------------------------
                                             -1.750000   data required time
                                             -2.787554   data arrival time
---------------------------------------------------------------------------------------------
                                              4.537554   slack (MET)


Startpoint: B[26] (input port clocked by __VIRTUAL_CLK__)
Endpoint: result[27] (output port clocked by __VIRTUAL_CLK__)
Path Group: __VIRTUAL_CLK__
Path Type: min

Fanout         Cap        Slew       Delay        Time   Description
---------------------------------------------------------------------------------------------
                      0.000000    0.000000    0.000000   clock __VIRTUAL_CLK__ (rise edge)
                                  0.000000    0.000000   clock network delay (ideal)
                                  2.000000    2.000000 ^ input external delay
     1    0.005511    0.023409    0.014251    2.014251 ^ B[26] (in)
                                                         B[26] (net)
                      0.023411    0.000000    2.014251 ^ input51/A (sky130_fd_sc_hd__clkdlybuf4s25_1)
     4    0.013956    0.111263    0.212865    2.227116 ^ input51/X (sky130_fd_sc_hd__clkdlybuf4s25_1)
                                                         net51 (net)
                      0.111263    0.000319    2.227435 ^ _0913_/A (sky130_fd_sc_hd__nand2_2)
     4    0.016992    0.061002    0.063713    2.291148 v _0913_/Y (sky130_fd_sc_hd__nand2_2)
                                                         _0088_ (net)
                      0.061007    0.000405    2.291553 v _1597_/B (sky130_fd_sc_hd__nand3b_2)
     1    0.005853    0.044797    0.065475    2.357028 ^ _1597_/Y (sky130_fd_sc_hd__nand3b_2)
                                                         _0745_ (net)
                      0.044802    0.000177    2.357205 ^ _1607_/A3 (sky130_fd_sc_hd__a31o_4)
     2    0.005778    0.022771    0.088643    2.445848 ^ _1607_/X (sky130_fd_sc_hd__a31o_4)
                                                         net88 (net)
                      0.022771    0.000144    2.445992 ^ rebuffer394/A (sky130_fd_sc_hd__buf_2)
     1    0.006650    0.031390    0.066342    2.512334 ^ rebuffer394/X (sky130_fd_sc_hd__buf_2)
                                                         net394 (net)
                      0.031391    0.000236    2.512570 ^ rebuffer393/A (sky130_fd_sc_hd__buf_6)
     1    0.006783    0.020263    0.055982    2.568552 ^ rebuffer393/X (sky130_fd_sc_hd__buf_6)
                                                         net393 (net)
                      0.020265    0.000245    2.568798 ^ rebuffer392/A (sky130_fd_sc_hd__buf_6)
     1    0.005169    0.017989    0.050957    2.619755 ^ rebuffer392/X (sky130_fd_sc_hd__buf_6)
                                                         net392 (net)
                      0.017992    0.000150    2.619905 ^ rebuffer391/A (sky130_fd_sc_hd__buf_6)
     1    0.006278    0.019516    0.051817    2.671722 ^ rebuffer391/X (sky130_fd_sc_hd__buf_6)
                                                         net391 (net)
                      0.019518    0.000208    2.671931 ^ rebuffer389/A (sky130_fd_sc_hd__buf_6)
     1    0.008844    0.022772    0.055100    2.727031 ^ rebuffer389/X (sky130_fd_sc_hd__buf_6)
                                                         net389 (net)
                      0.022774    0.000313    2.727344 ^ output88/A (sky130_fd_sc_hd__buf_8)
     1    0.036331    0.051580    0.078086    2.805430 ^ output88/X (sky130_fd_sc_hd__buf_8)
                                                         result[27] (net)
                      0.051646    0.001193    2.806623 ^ result[27] (out)
                                              2.806623   data arrival time

                      0.000000    0.000000    0.000000   clock __VIRTUAL_CLK__ (rise edge)
                                  0.000000    0.000000   clock network delay (ideal)
                                  0.250000    0.250000   clock uncertainty
                                  0.000000    0.250000   clock reconvergence pessimism
                                 -2.000000   -1.750000   output external delay
                                             -1.750000   data required time
---------------------------------------------------------------------------------------------
                                             -1.750000   data required time
                                             -2.806623   data arrival time
---------------------------------------------------------------------------------------------
                                              4.556623   slack (MET)


Startpoint: B[4] (input port clocked by __VIRTUAL_CLK__)
Endpoint: result[1] (output port clocked by __VIRTUAL_CLK__)
Path Group: __VIRTUAL_CLK__
Path Type: min

Fanout         Cap        Slew       Delay        Time   Description
---------------------------------------------------------------------------------------------
                      0.000000    0.000000    0.000000   clock __VIRTUAL_CLK__ (rise edge)
                                  0.000000    0.000000   clock network delay (ideal)
                                  2.000000    2.000000 ^ input external delay
     1    0.009530    0.036934    0.023973    2.023973 ^ B[4] (in)
                                                         B[4] (net)
                      0.036936    0.000000    2.023973 ^ input59/A (sky130_fd_sc_hd__buf_8)
     4    0.037205    0.052869    0.081619    2.105592 ^ input59/X (sky130_fd_sc_hd__buf_8)
                                                         net59 (net)
                      0.052885    0.000757    2.106350 ^ fanout158/A (sky130_fd_sc_hd__buf_6)
     2    0.012655    0.027935    0.068114    2.174464 ^ fanout158/X (sky130_fd_sc_hd__buf_6)
                                                         net158 (net)
                      0.027941    0.000377    2.174841 ^ fanout157/A (sky130_fd_sc_hd__buf_8)
     4    0.021058    0.034424    0.066677    2.241518 ^ fanout157/X (sky130_fd_sc_hd__buf_8)
                                                         net157 (net)
                      0.034440    0.000674    2.242192 ^ rebuffer457/A (sky130_fd_sc_hd__buf_2)
     7    0.037092    0.138348    0.144970    2.387162 ^ rebuffer457/X (sky130_fd_sc_hd__buf_2)
                                                         net457 (net)
                      0.138365    0.001286    2.388448 ^ _1110_/A1 (sky130_fd_sc_hd__a211o_2)
     2    0.012773    0.050287    0.115438    2.503886 ^ _1110_/X (sky130_fd_sc_hd__a211o_2)
                                                         net80 (net)
                      0.050291    0.000501    2.504387 ^ output80/A (sky130_fd_sc_hd__clkdlybuf4s25_1)
     1    0.035561    0.268636    0.330417    2.834803 ^ output80/X (sky130_fd_sc_hd__clkdlybuf4s25_1)
                                                         result[1] (net)
                      0.268636    0.000686    2.835490 ^ result[1] (out)
                                              2.835490   data arrival time

                      0.000000    0.000000    0.000000   clock __VIRTUAL_CLK__ (rise edge)
                                  0.000000    0.000000   clock network delay (ideal)
                                  0.250000    0.250000   clock uncertainty
                                  0.000000    0.250000   clock reconvergence pessimism
                                 -2.000000   -1.750000   output external delay
                                             -1.750000   data required time
---------------------------------------------------------------------------------------------
                                             -1.750000   data required time
                                             -2.835490   data arrival time
---------------------------------------------------------------------------------------------
                                              4.585489   slack (MET)



