
===========================================================================
report_checks -path_delay min (Hold)
============================================================================
======================= nom_tt_025C_1v80 Corner ===================================

Startpoint: A[4] (input port clocked by __VIRTUAL_CLK__)
Endpoint: result[4] (output port clocked by __VIRTUAL_CLK__)
Path Group: __VIRTUAL_CLK__
Path Type: min

Fanout         Cap        Slew       Delay        Time   Description
---------------------------------------------------------------------------------------------
                      0.000000    0.000000    0.000000   clock __VIRTUAL_CLK__ (rise edge)
                                  0.000000    0.000000   clock network delay (ideal)
                                  2.000000    2.000000 ^ input external delay
     1    0.006067    0.033967    0.021271    2.021271 ^ A[4] (in)
                                                         A[4] (net)
                      0.033967    0.000000    2.021271 ^ input27/A (sky130_fd_sc_hd__buf_6)
     2    0.010356    0.033687    0.086893    2.108164 ^ input27/X (sky130_fd_sc_hd__buf_6)
                                                         net27 (net)
                      0.033687    0.000044    2.108208 ^ _1186_/A2 (sky130_fd_sc_hd__a31o_2)
     1    0.002905    0.032773    0.135416    2.243623 ^ _1186_/X (sky130_fd_sc_hd__a31o_2)
                                                         _0357_ (net)
                      0.032773    0.000004    2.243628 ^ _1189_/B1 (sky130_fd_sc_hd__a211o_2)
     1    0.004153    0.031005    0.089028    2.332656 ^ _1189_/X (sky130_fd_sc_hd__a211o_2)
                                                         _0360_ (net)
                      0.031005    0.000026    2.332683 ^ _1190_/B1 (sky130_fd_sc_hd__a31o_2)
     2    0.005810    0.045786    0.096881    2.429564 ^ _1190_/X (sky130_fd_sc_hd__a31o_2)
                                                         net95 (net)
                      0.045786    0.000016    2.429579 ^ output95/A (sky130_fd_sc_hd__clkbuf_2)
     1    0.034461    0.189781    0.207757    2.637336 ^ output95/X (sky130_fd_sc_hd__clkbuf_2)
                                                         result[4] (net)
                      0.189781    0.000155    2.637491 ^ result[4] (out)
                                              2.637491   data arrival time

                      0.000000    0.000000    0.000000   clock __VIRTUAL_CLK__ (rise edge)
                                  0.000000    0.000000   clock network delay (ideal)
                                  0.250000    0.250000   clock uncertainty
                                  0.000000    0.250000   clock reconvergence pessimism
                                 -2.000000   -1.750000   output external delay
                                             -1.750000   data required time
---------------------------------------------------------------------------------------------
                                             -1.750000   data required time
                                             -2.637491   data arrival time
---------------------------------------------------------------------------------------------
                                              4.387491   slack (MET)


Startpoint: control[2] (input port clocked by __VIRTUAL_CLK__)
Endpoint: result[0] (output port clocked by __VIRTUAL_CLK__)
Path Group: __VIRTUAL_CLK__
Path Type: min

Fanout         Cap        Slew       Delay        Time   Description
---------------------------------------------------------------------------------------------
                      0.000000    0.000000    0.000000   clock __VIRTUAL_CLK__ (rise edge)
                                  0.000000    0.000000   clock network delay (ideal)
                                  2.000000    2.000000 v input external delay
     1    0.002948    0.008975    0.004662    2.004662 v control[2] (in)
                                                         control[2] (net)
                      0.008975    0.000000    2.004662 v input67/A (sky130_fd_sc_hd__clkdlybuf4s25_1)
     7    0.019278    0.150352    0.320139    2.324801 v input67/X (sky130_fd_sc_hd__clkdlybuf4s25_1)
                                                         net67 (net)
                      0.150352    0.000169    2.324970 v _0837_/A (sky130_fd_sc_hd__inv_2)
     5    0.015689    0.089824    0.127037    2.452007 ^ _0837_/Y (sky130_fd_sc_hd__inv_2)
                                                         _0012_ (net)
                      0.089824    0.000033    2.452041 ^ _1068_/A1 (sky130_fd_sc_hd__a31o_4)
     2    0.012476    0.052264    0.163842    2.615883 ^ _1068_/X (sky130_fd_sc_hd__a31o_4)
                                                         net69 (net)
                      0.052264    0.000079    2.615962 ^ output69/A (sky130_fd_sc_hd__buf_6)
     1    0.034839    0.077806    0.128755    2.744717 ^ output69/X (sky130_fd_sc_hd__buf_6)
                                                         result[0] (net)
                      0.077806    0.000303    2.745019 ^ result[0] (out)
                                              2.745019   data arrival time

                      0.000000    0.000000    0.000000   clock __VIRTUAL_CLK__ (rise edge)
                                  0.000000    0.000000   clock network delay (ideal)
                                  0.250000    0.250000   clock uncertainty
                                  0.000000    0.250000   clock reconvergence pessimism
                                 -2.000000   -1.750000   output external delay
                                             -1.750000   data required time
---------------------------------------------------------------------------------------------
                                             -1.750000   data required time
                                             -2.745019   data arrival time
---------------------------------------------------------------------------------------------
                                              4.495019   slack (MET)


Startpoint: B[3] (input port clocked by __VIRTUAL_CLK__)
Endpoint: result[7] (output port clocked by __VIRTUAL_CLK__)
Path Group: __VIRTUAL_CLK__
Path Type: min

Fanout         Cap        Slew       Delay        Time   Description
---------------------------------------------------------------------------------------------
                      0.000000    0.000000    0.000000   clock __VIRTUAL_CLK__ (rise edge)
                                  0.000000    0.000000   clock network delay (ideal)
                                  2.000000    2.000000 ^ input external delay
     1    0.003224    0.021563    0.011778    2.011778 ^ B[3] (in)
                                                         B[3] (net)
                      0.021563    0.000000    2.011778 ^ input58/A (sky130_fd_sc_hd__clkbuf_4)
     9    0.036337    0.118173    0.180187    2.191965 ^ input58/X (sky130_fd_sc_hd__clkbuf_4)
                                                         net58 (net)
                      0.118179    0.001006    2.192971 ^ _1248_/A1 (sky130_fd_sc_hd__o221a_2)
     1    0.007233    0.062074    0.220575    2.413546 ^ _1248_/X (sky130_fd_sc_hd__o221a_2)
                                                         _0416_ (net)
                      0.062074    0.000167    2.413713 ^ _1249_/C (sky130_fd_sc_hd__or3_2)
     1    0.002886    0.029385    0.103082    2.516795 ^ _1249_/X (sky130_fd_sc_hd__or3_2)
                                                         _0417_ (net)
                      0.029385    0.000004    2.516800 ^ _1250_/C (sky130_fd_sc_hd__or3_4)
     2    0.009388    0.042195    0.111169    2.627969 ^ _1250_/X (sky130_fd_sc_hd__or3_4)
                                                         net98 (net)
                      0.042195    0.000083    2.628052 ^ output98/A (sky130_fd_sc_hd__buf_6)
     1    0.035086    0.078287    0.125381    2.753433 ^ output98/X (sky130_fd_sc_hd__buf_6)
                                                         result[7] (net)
                      0.078287    0.000318    2.753751 ^ result[7] (out)
                                              2.753751   data arrival time

                      0.000000    0.000000    0.000000   clock __VIRTUAL_CLK__ (rise edge)
                                  0.000000    0.000000   clock network delay (ideal)
                                  0.250000    0.250000   clock uncertainty
                                  0.000000    0.250000   clock reconvergence pessimism
                                 -2.000000   -1.750000   output external delay
                                             -1.750000   data required time
---------------------------------------------------------------------------------------------
                                             -1.750000   data required time
                                             -2.753751   data arrival time
---------------------------------------------------------------------------------------------
                                              4.503751   slack (MET)


Startpoint: A[5] (input port clocked by __VIRTUAL_CLK__)
Endpoint: result[6] (output port clocked by __VIRTUAL_CLK__)
Path Group: __VIRTUAL_CLK__
Path Type: min

Fanout         Cap        Slew       Delay        Time   Description
---------------------------------------------------------------------------------------------
                      0.000000    0.000000    0.000000   clock __VIRTUAL_CLK__ (rise edge)
                                  0.000000    0.000000   clock network delay (ideal)
                                  2.000000    2.000000 ^ input external delay
     1    0.003660    0.023460    0.013308    2.013308 ^ A[5] (in)
                                                         A[5] (net)
                      0.023460    0.000000    2.013308 ^ input28/A (sky130_fd_sc_hd__clkbuf_2)
     3    0.013359    0.080147    0.123721    2.137029 ^ input28/X (sky130_fd_sc_hd__clkbuf_2)
                                                         net28 (net)
                      0.080147    0.000043    2.137072 ^ _0985_/B (sky130_fd_sc_hd__and2b_2)
     1    0.005204    0.045048    0.149912    2.286984 ^ _0985_/X (sky130_fd_sc_hd__and2b_2)
                                                         _0160_ (net)
                      0.045048    0.000016    2.286999 ^ _0987_/B1 (sky130_fd_sc_hd__a21oi_2)
     3    0.013138    0.037618    0.047237    2.334236 v _0987_/Y (sky130_fd_sc_hd__a21oi_2)
                                                         _0162_ (net)
                      0.037618    0.000105    2.334342 v _1215_/C (sky130_fd_sc_hd__nand3_2)
     1    0.005435    0.044555    0.069164    2.403505 ^ _1215_/Y (sky130_fd_sc_hd__nand3_2)
                                                         _0384_ (net)
                      0.044555    0.000009    2.403514 ^ _1230_/A3 (sky130_fd_sc_hd__a31o_4)
     1    0.005383    0.033451    0.142583    2.546097 ^ _1230_/X (sky130_fd_sc_hd__a31o_4)
                                                         _0399_ (net)
                      0.033451    0.000022    2.546119 ^ _1231_/B1 (sky130_fd_sc_hd__a21o_4)
     2    0.013044    0.045766    0.090745    2.636864 ^ _1231_/X (sky130_fd_sc_hd__a21o_4)
                                                         net97 (net)
                      0.045766    0.000123    2.636987 ^ output97/A (sky130_fd_sc_hd__buf_8)
     1    0.034800    0.066466    0.116780    2.753767 ^ output97/X (sky130_fd_sc_hd__buf_8)
                                                         result[6] (net)
                      0.066466    0.000297    2.754064 ^ result[6] (out)
                                              2.754064   data arrival time

                      0.000000    0.000000    0.000000   clock __VIRTUAL_CLK__ (rise edge)
                                  0.000000    0.000000   clock network delay (ideal)
                                  0.250000    0.250000   clock uncertainty
                                  0.000000    0.250000   clock reconvergence pessimism
                                 -2.000000   -1.750000   output external delay
                                             -1.750000   data required time
---------------------------------------------------------------------------------------------
                                             -1.750000   data required time
                                             -2.754064   data arrival time
---------------------------------------------------------------------------------------------
                                              4.504064   slack (MET)


Startpoint: B[18] (input port clocked by __VIRTUAL_CLK__)
Endpoint: result[18] (output port clocked by __VIRTUAL_CLK__)
Path Group: __VIRTUAL_CLK__
Path Type: min

Fanout         Cap        Slew       Delay        Time   Description
---------------------------------------------------------------------------------------------
                      0.000000    0.000000    0.000000   clock __VIRTUAL_CLK__ (rise edge)
                                  0.000000    0.000000   clock network delay (ideal)
                                  2.000000    2.000000 ^ input external delay
     1    0.003371    0.022202    0.012292    2.012292 ^ B[18] (in)
                                                         B[18] (net)
                      0.022202    0.000000    2.012292 ^ input42/A (sky130_fd_sc_hd__clkdlybuf4s25_1)
     3    0.008794    0.102584    0.277297    2.289590 ^ input42/X (sky130_fd_sc_hd__clkdlybuf4s25_1)
                                                         net42 (net)
                      0.102584    0.000038    2.289628 ^ _1042_/A (sky130_fd_sc_hd__nand2_2)
     5    0.016892    0.079164    0.096004    2.385632 v _1042_/Y (sky130_fd_sc_hd__nand2_2)
                                                         _0217_ (net)
                      0.079164    0.000076    2.385708 v _1452_/B (sky130_fd_sc_hd__nor2_2)
     1    0.002681    0.063382    0.081652    2.467361 ^ _1452_/Y (sky130_fd_sc_hd__nor2_2)
                                                         _0609_ (net)
                      0.063382    0.000002    2.467363 ^ _1454_/B1 (sky130_fd_sc_hd__a211o_2)
     1    0.003227    0.027323    0.096395    2.563758 ^ _1454_/X (sky130_fd_sc_hd__a211o_2)
                                                         _0611_ (net)
                      0.027323    0.000010    2.563768 ^ _1461_/B (sky130_fd_sc_hd__or4_4)
     2    0.012944    0.051426    0.124882    2.688650 ^ _1461_/X (sky130_fd_sc_hd__or4_4)
                                                         net78 (net)
                      0.051426    0.000173    2.688823 ^ output78/A (sky130_fd_sc_hd__buf_8)
     1    0.034340    0.065763    0.118333    2.807156 ^ output78/X (sky130_fd_sc_hd__buf_8)
                                                         result[18] (net)
                      0.065763    0.000139    2.807295 ^ result[18] (out)
                                              2.807295   data arrival time

                      0.000000    0.000000    0.000000   clock __VIRTUAL_CLK__ (rise edge)
                                  0.000000    0.000000   clock network delay (ideal)
                                  0.250000    0.250000   clock uncertainty
                                  0.000000    0.250000   clock reconvergence pessimism
                                 -2.000000   -1.750000   output external delay
                                             -1.750000   data required time
---------------------------------------------------------------------------------------------
                                             -1.750000   data required time
                                             -2.807295   data arrival time
---------------------------------------------------------------------------------------------
                                              4.557295   slack (MET)


Startpoint: B[28] (input port clocked by __VIRTUAL_CLK__)
Endpoint: result[29] (output port clocked by __VIRTUAL_CLK__)
Path Group: __VIRTUAL_CLK__
Path Type: min

Fanout         Cap        Slew       Delay        Time   Description
---------------------------------------------------------------------------------------------
                      0.000000    0.000000    0.000000   clock __VIRTUAL_CLK__ (rise edge)
                                  0.000000    0.000000   clock network delay (ideal)
                                  2.000000    2.000000 v input external delay
     1    0.003300    0.009794    0.005260    2.005260 v B[28] (in)
                                                         B[28] (net)
                      0.009794    0.000000    2.005260 v input53/A (sky130_fd_sc_hd__clkdlybuf4s25_1)
     4    0.013411    0.109829    0.288759    2.294019 v input53/X (sky130_fd_sc_hd__clkdlybuf4s25_1)
                                                         net53 (net)
                      0.109829    0.000111    2.294130 v _0904_/A (sky130_fd_sc_hd__nand2_2)
     3    0.008181    0.062390    0.094722    2.388853 ^ _0904_/Y (sky130_fd_sc_hd__nand2_2)
                                                         _0079_ (net)
                      0.062390    0.000002    2.388855 ^ _1636_/A1 (sky130_fd_sc_hd__a21bo_2)
     1    0.005424    0.043584    0.128479    2.517334 ^ _1636_/X (sky130_fd_sc_hd__a21bo_2)
                                                         _0782_ (net)
                      0.043584    0.000009    2.517343 ^ _1638_/A3 (sky130_fd_sc_hd__a31o_4)
     2    0.014488    0.057881    0.166790    2.684132 ^ _1638_/X (sky130_fd_sc_hd__a31o_4)
                                                         net90 (net)
                      0.057881    0.000029    2.684161 ^ output90/A (sky130_fd_sc_hd__buf_6)
     1    0.035059    0.078243    0.130916    2.815077 ^ output90/X (sky130_fd_sc_hd__buf_6)
                                                         result[29] (net)
                      0.078243    0.000373    2.815450 ^ result[29] (out)
                                              2.815450   data arrival time

                      0.000000    0.000000    0.000000   clock __VIRTUAL_CLK__ (rise edge)
                                  0.000000    0.000000   clock network delay (ideal)
                                  0.250000    0.250000   clock uncertainty
                                  0.000000    0.250000   clock reconvergence pessimism
                                 -2.000000   -1.750000   output external delay
                                             -1.750000   data required time
---------------------------------------------------------------------------------------------
                                             -1.750000   data required time
                                             -2.815450   data arrival time
---------------------------------------------------------------------------------------------
                                              4.565450   slack (MET)


Startpoint: A[5] (input port clocked by __VIRTUAL_CLK__)
Endpoint: result[5] (output port clocked by __VIRTUAL_CLK__)
Path Group: __VIRTUAL_CLK__
Path Type: min

Fanout         Cap        Slew       Delay        Time   Description
---------------------------------------------------------------------------------------------
                      0.000000    0.000000    0.000000   clock __VIRTUAL_CLK__ (rise edge)
                                  0.000000    0.000000   clock network delay (ideal)
                                  2.000000    2.000000 ^ input external delay
     1    0.003660    0.023460    0.013308    2.013308 ^ A[5] (in)
                                                         A[5] (net)
                      0.023460    0.000000    2.013308 ^ input28/A (sky130_fd_sc_hd__clkbuf_2)
     3    0.013359    0.080147    0.123721    2.137029 ^ input28/X (sky130_fd_sc_hd__clkbuf_2)
                                                         net28 (net)
                      0.080147    0.000080    2.137109 ^ fanout205/A (sky130_fd_sc_hd__buf_6)
     2    0.018574    0.048459    0.115730    2.252839 ^ fanout205/X (sky130_fd_sc_hd__buf_6)
                                                         net205 (net)
                      0.048459    0.000033    2.252871 ^ _0952_/B (sky130_fd_sc_hd__xnor2_4)
     3    0.018239    0.058819    0.079773    2.332644 v _0952_/Y (sky130_fd_sc_hd__xnor2_4)
                                                         _0127_ (net)
                      0.058819    0.000081    2.332725 v _1208_/A (sky130_fd_sc_hd__xnor2_2)
     1    0.003374    0.036500    0.143857    2.476582 ^ _1208_/Y (sky130_fd_sc_hd__xnor2_2)
                                                         _0378_ (net)
                      0.036500    0.000014    2.476596 ^ _1209_/B1 (sky130_fd_sc_hd__a22o_2)
     1    0.003708    0.036894    0.116558    2.593154 ^ _1209_/X (sky130_fd_sc_hd__a22o_2)
                                                         _0379_ (net)
                      0.036894    0.000019    2.593173 ^ _1210_/C (sky130_fd_sc_hd__or3_4)
     2    0.008987    0.041188    0.113100    2.706272 ^ _1210_/X (sky130_fd_sc_hd__or3_4)
                                                         net96 (net)
                      0.041188    0.000069    2.706341 ^ output96/A (sky130_fd_sc_hd__buf_6)
     1    0.035022    0.078168    0.124938    2.831279 ^ output96/X (sky130_fd_sc_hd__buf_6)
                                                         result[5] (net)
                      0.078168    0.000294    2.831574 ^ result[5] (out)
                                              2.831574   data arrival time

                      0.000000    0.000000    0.000000   clock __VIRTUAL_CLK__ (rise edge)
                                  0.000000    0.000000   clock network delay (ideal)
                                  0.250000    0.250000   clock uncertainty
                                  0.000000    0.250000   clock reconvergence pessimism
                                 -2.000000   -1.750000   output external delay
                                             -1.750000   data required time
---------------------------------------------------------------------------------------------
                                             -1.750000   data required time
                                             -2.831574   data arrival time
---------------------------------------------------------------------------------------------
                                              4.581573   slack (MET)


Startpoint: B[10] (input port clocked by __VIRTUAL_CLK__)
Endpoint: result[11] (output port clocked by __VIRTUAL_CLK__)
Path Group: __VIRTUAL_CLK__
Path Type: min

Fanout         Cap        Slew       Delay        Time   Description
---------------------------------------------------------------------------------------------
                      0.000000    0.000000    0.000000   clock __VIRTUAL_CLK__ (rise edge)
                                  0.000000    0.000000   clock network delay (ideal)
                                  2.000000    2.000000 v input external delay
     1    0.003476    0.010202    0.005559    2.005559 v B[10] (in)
                                                         B[10] (net)
                      0.010202    0.000000    2.005559 v input34/A (sky130_fd_sc_hd__clkdlybuf4s25_1)
     4    0.015206    0.122159    0.298672    2.304231 v input34/X (sky130_fd_sc_hd__clkdlybuf4s25_1)
                                                         net34 (net)
                      0.122159    0.000086    2.304317 v _1006_/A (sky130_fd_sc_hd__nand2_2)
     4    0.014796    0.091109    0.124690    2.429008 ^ _1006_/Y (sky130_fd_sc_hd__nand2_2)
                                                         _0181_ (net)
                      0.091109    0.000016    2.429024 ^ _1310_/A1 (sky130_fd_sc_hd__a21oi_2)
     1    0.004785    0.037045    0.061044    2.490068 v _1310_/Y (sky130_fd_sc_hd__a21oi_2)
                                                         _0474_ (net)
                      0.037045    0.000018    2.490086 v _1312_/A (sky130_fd_sc_hd__nor2_2)
     1    0.005545    0.089791    0.109299    2.599385 ^ _1312_/Y (sky130_fd_sc_hd__nor2_2)
                                                         _0476_ (net)
                      0.089791    0.000010    2.599395 ^ _1325_/B1 (sky130_fd_sc_hd__a211o_4)
     2    0.011183    0.043230    0.116930    2.716325 ^ _1325_/X (sky130_fd_sc_hd__a211o_4)
                                                         net71 (net)
                      0.043230    0.000117    2.716442 ^ output71/A (sky130_fd_sc_hd__buf_8)
     1    0.034494    0.065995    0.115571    2.832012 ^ output71/X (sky130_fd_sc_hd__buf_8)
                                                         result[11] (net)
                      0.065995    0.000232    2.832245 ^ result[11] (out)
                                              2.832245   data arrival time

                      0.000000    0.000000    0.000000   clock __VIRTUAL_CLK__ (rise edge)
                                  0.000000    0.000000   clock network delay (ideal)
                                  0.250000    0.250000   clock uncertainty
                                  0.000000    0.250000   clock reconvergence pessimism
                                 -2.000000   -1.750000   output external delay
                                             -1.750000   data required time
---------------------------------------------------------------------------------------------
                                             -1.750000   data required time
                                             -2.832245   data arrival time
---------------------------------------------------------------------------------------------
                                              4.582244   slack (MET)


Startpoint: B[24] (input port clocked by __VIRTUAL_CLK__)
Endpoint: result[24] (output port clocked by __VIRTUAL_CLK__)
Path Group: __VIRTUAL_CLK__
Path Type: min

Fanout         Cap        Slew       Delay        Time   Description
---------------------------------------------------------------------------------------------
                      0.000000    0.000000    0.000000   clock __VIRTUAL_CLK__ (rise edge)
                                  0.000000    0.000000   clock network delay (ideal)
                                  2.000000    2.000000 v input external delay
     1    0.003068    0.009254    0.004866    2.004866 v B[24] (in)
                                                         B[24] (net)
                      0.009254    0.000000    2.004866 v input49/A (sky130_fd_sc_hd__clkdlybuf4s25_1)
     4    0.012330    0.102418    0.282702    2.287568 v input49/X (sky130_fd_sc_hd__clkdlybuf4s25_1)
                                                         net49 (net)
                      0.102418    0.000109    2.287676 v _1058_/A (sky130_fd_sc_hd__nand2_2)
     3    0.011750    0.075678    0.104978    2.392655 ^ _1058_/Y (sky130_fd_sc_hd__nand2_2)
                                                         _0233_ (net)
                      0.075678    0.000009    2.392664 ^ _1060_/A (sky130_fd_sc_hd__nand2_2)
     6    0.022914    0.095902    0.104063    2.496727 v _1060_/Y (sky130_fd_sc_hd__nand2_2)
                                                         _0235_ (net)
                      0.095902    0.000045    2.496773 v _1547_/A2 (sky130_fd_sc_hd__o21ai_2)
     1    0.004941    0.106593    0.135235    2.632008 ^ _1547_/Y (sky130_fd_sc_hd__o21ai_2)
                                                         _0698_ (net)
                      0.106593    0.000007    2.632015 ^ _1562_/A2 (sky130_fd_sc_hd__o21ai_2)
     2    0.006817    0.041382    0.070194    2.702209 v _1562_/Y (sky130_fd_sc_hd__o21ai_2)
                                                         net85 (net)
                      0.041382    0.000020    2.702229 v output85/A (sky130_fd_sc_hd__buf_6)
     1    0.035116    0.044286    0.135795    2.838024 v output85/X (sky130_fd_sc_hd__buf_6)
                                                         result[24] (net)
                      0.044287    0.000343    2.838367 v result[24] (out)
                                              2.838367   data arrival time

                      0.000000    0.000000    0.000000   clock __VIRTUAL_CLK__ (rise edge)
                                  0.000000    0.000000   clock network delay (ideal)
                                  0.250000    0.250000   clock uncertainty
                                  0.000000    0.250000   clock reconvergence pessimism
                                 -2.000000   -1.750000   output external delay
                                             -1.750000   data required time
---------------------------------------------------------------------------------------------
                                             -1.750000   data required time
                                             -2.838367   data arrival time
---------------------------------------------------------------------------------------------
                                              4.588367   slack (MET)


Startpoint: B[8] (input port clocked by __VIRTUAL_CLK__)
Endpoint: result[9] (output port clocked by __VIRTUAL_CLK__)
Path Group: __VIRTUAL_CLK__
Path Type: min

Fanout         Cap        Slew       Delay        Time   Description
---------------------------------------------------------------------------------------------
                      0.000000    0.000000    0.000000   clock __VIRTUAL_CLK__ (rise edge)
                                  0.000000    0.000000   clock network delay (ideal)
                                  2.000000    2.000000 v input external delay
     1    0.003058    0.009230    0.004851    2.004851 v B[8] (in)
                                                         B[8] (net)
                      0.009230    0.000000    2.004851 v input63/A (sky130_fd_sc_hd__clkdlybuf4s25_1)
     4    0.016232    0.129268    0.303812    2.308663 v input63/X (sky130_fd_sc_hd__clkdlybuf4s25_1)
                                                         net63 (net)
                      0.129268    0.000089    2.308751 v _1013_/A (sky130_fd_sc_hd__nand2_4)
     5    0.023772    0.084396    0.124658    2.433409 ^ _1013_/Y (sky130_fd_sc_hd__nand2_4)
                                                         _0188_ (net)
                      0.084396    0.000016    2.433426 ^ _1290_/A2 (sky130_fd_sc_hd__o2111a_2)
     1    0.003217    0.043574    0.180718    2.614143 ^ _1290_/X (sky130_fd_sc_hd__o2111a_2)
                                                         _0456_ (net)
                      0.043574    0.000012    2.614155 ^ _1291_/B (sky130_fd_sc_hd__or3_4)
     2    0.008429    0.039830    0.117050    2.731205 ^ _1291_/X (sky130_fd_sc_hd__or3_4)
                                                         net100 (net)
                      0.039830    0.000048    2.731253 ^ output100/A (sky130_fd_sc_hd__buf_6)
     1    0.034848    0.077847    0.124207    2.855460 ^ output100/X (sky130_fd_sc_hd__buf_6)
                                                         result[9] (net)
                      0.077847    0.000283    2.855743 ^ result[9] (out)
                                              2.855743   data arrival time

                      0.000000    0.000000    0.000000   clock __VIRTUAL_CLK__ (rise edge)
                                  0.000000    0.000000   clock network delay (ideal)
                                  0.250000    0.250000   clock uncertainty
                                  0.000000    0.250000   clock reconvergence pessimism
                                 -2.000000   -1.750000   output external delay
                                             -1.750000   data required time
---------------------------------------------------------------------------------------------
                                             -1.750000   data required time
                                             -2.855743   data arrival time
---------------------------------------------------------------------------------------------
                                              4.605743   slack (MET)


Startpoint: B[24] (input port clocked by __VIRTUAL_CLK__)
Endpoint: result[25] (output port clocked by __VIRTUAL_CLK__)
Path Group: __VIRTUAL_CLK__
Path Type: min

Fanout         Cap        Slew       Delay        Time   Description
---------------------------------------------------------------------------------------------
                      0.000000    0.000000    0.000000   clock __VIRTUAL_CLK__ (rise edge)
                                  0.000000    0.000000   clock network delay (ideal)
                                  2.000000    2.000000 ^ input external delay
     1    0.003293    0.021864    0.012021    2.012021 ^ B[24] (in)
                                                         B[24] (net)
                      0.021864    0.000000    2.012021 ^ input49/A (sky130_fd_sc_hd__clkdlybuf4s25_1)
     4    0.013035    0.140372    0.306185    2.318206 ^ input49/X (sky130_fd_sc_hd__clkdlybuf4s25_1)
                                                         net49 (net)
                      0.140372    0.000115    2.318322 ^ _1058_/A (sky130_fd_sc_hd__nand2_2)
     3    0.010916    0.068202    0.087850    2.406171 v _1058_/Y (sky130_fd_sc_hd__nand2_2)
                                                         _0233_ (net)
                      0.068202    0.000011    2.406182 v _1572_/B (sky130_fd_sc_hd__nand2_2)
     1    0.002790    0.038839    0.066663    2.472846 ^ _1572_/Y (sky130_fd_sc_hd__nand2_2)
                                                         _0722_ (net)
                      0.038839    0.000005    2.472850 ^ _1577_/A2 (sky130_fd_sc_hd__o211a_2)
     1    0.005747    0.055699    0.169055    2.641906 ^ _1577_/X (sky130_fd_sc_hd__o211a_2)
                                                         _0727_ (net)
                      0.055699    0.000033    2.641939 ^ _1578_/C1 (sky130_fd_sc_hd__a211o_4)
     2    0.009690    0.039531    0.100246    2.742185 ^ _1578_/X (sky130_fd_sc_hd__a211o_4)
                                                         net86 (net)
                      0.039531    0.000028    2.742213 ^ output86/A (sky130_fd_sc_hd__buf_8)
     1    0.034492    0.065986    0.114264    2.856477 ^ output86/X (sky130_fd_sc_hd__buf_8)
                                                         result[25] (net)
                      0.065986    0.000235    2.856713 ^ result[25] (out)
                                              2.856713   data arrival time

                      0.000000    0.000000    0.000000   clock __VIRTUAL_CLK__ (rise edge)
                                  0.000000    0.000000   clock network delay (ideal)
                                  0.250000    0.250000   clock uncertainty
                                  0.000000    0.250000   clock reconvergence pessimism
                                 -2.000000   -1.750000   output external delay
                                             -1.750000   data required time
---------------------------------------------------------------------------------------------
                                             -1.750000   data required time
                                             -2.856713   data arrival time
---------------------------------------------------------------------------------------------
                                              4.606712   slack (MET)


Startpoint: B[13] (input port clocked by __VIRTUAL_CLK__)
Endpoint: result[13] (output port clocked by __VIRTUAL_CLK__)
Path Group: __VIRTUAL_CLK__
Path Type: min

Fanout         Cap        Slew       Delay        Time   Description
---------------------------------------------------------------------------------------------
                      0.000000    0.000000    0.000000   clock __VIRTUAL_CLK__ (rise edge)
                                  0.000000    0.000000   clock network delay (ideal)
                                  2.000000    2.000000 ^ input external delay
     1    0.002722    0.019400    0.010026    2.010026 ^ B[13] (in)
                                                         B[13] (net)
                      0.019400    0.000000    2.010026 ^ input37/A (sky130_fd_sc_hd__dlymetal6s2s_1)
     4    0.030737    0.313769    0.269480    2.279505 ^ input37/X (sky130_fd_sc_hd__dlymetal6s2s_1)
                                                         net37 (net)
                      0.313769    0.000107    2.279612 ^ _0992_/A (sky130_fd_sc_hd__xnor2_4)
     3    0.011915    0.045235    0.125797    2.405409 v _0992_/Y (sky130_fd_sc_hd__xnor2_4)
                                                         _0167_ (net)
                      0.045235    0.000023    2.405432 v _1026_/A (sky130_fd_sc_hd__nand2_2)
     1    0.001764    0.024669    0.043326    2.448758 ^ _1026_/Y (sky130_fd_sc_hd__nand2_2)
                                                         _0201_ (net)
                      0.024669    0.000003    2.448761 ^ _1351_/A (sky130_fd_sc_hd__and3_2)
     1    0.003080    0.044523    0.148119    2.596880 ^ _1351_/X (sky130_fd_sc_hd__and3_2)
                                                         _0513_ (net)
                      0.044523    0.000010    2.596890 ^ _1367_/A2 (sky130_fd_sc_hd__a211o_2)
     2    0.009874    0.055261    0.142072    2.738962 ^ _1367_/X (sky130_fd_sc_hd__a211o_2)
                                                         net73 (net)
                      0.055261    0.000031    2.738993 ^ output73/A (sky130_fd_sc_hd__buf_6)
     1    0.034890    0.077911    0.129838    2.868830 ^ output73/X (sky130_fd_sc_hd__buf_6)
                                                         result[13] (net)
                      0.077911    0.000328    2.869158 ^ result[13] (out)
                                              2.869158   data arrival time

                      0.000000    0.000000    0.000000   clock __VIRTUAL_CLK__ (rise edge)
                                  0.000000    0.000000   clock network delay (ideal)
                                  0.250000    0.250000   clock uncertainty
                                  0.000000    0.250000   clock reconvergence pessimism
                                 -2.000000   -1.750000   output external delay
                                             -1.750000   data required time
---------------------------------------------------------------------------------------------
                                             -1.750000   data required time
                                             -2.869158   data arrival time
---------------------------------------------------------------------------------------------
                                              4.619158   slack (MET)


Startpoint: B[22] (input port clocked by __VIRTUAL_CLK__)
Endpoint: result[22] (output port clocked by __VIRTUAL_CLK__)
Path Group: __VIRTUAL_CLK__
Path Type: min

Fanout         Cap        Slew       Delay        Time   Description
---------------------------------------------------------------------------------------------
                      0.000000    0.000000    0.000000   clock __VIRTUAL_CLK__ (rise edge)
                                  0.000000    0.000000   clock network delay (ideal)
                                  2.000000    2.000000 v input external delay
     1    0.003511    0.010283    0.005616    2.005616 v B[22] (in)
                                                         B[22] (net)
                      0.010283    0.000000    2.005616 v input47/A (sky130_fd_sc_hd__clkdlybuf4s25_1)
     4    0.014062    0.114280    0.292514    2.298130 v input47/X (sky130_fd_sc_hd__clkdlybuf4s25_1)
                                                         net47 (net)
                      0.114280    0.000075    2.298205 v _0934_/A (sky130_fd_sc_hd__nand2_2)
     5    0.018546    0.108589    0.134207    2.432412 ^ _0934_/Y (sky130_fd_sc_hd__nand2_2)
                                                         _0109_ (net)
                      0.108589    0.000026    2.432438 ^ _1516_/B1 (sky130_fd_sc_hd__a32o_2)
     2    0.005913    0.055294    0.144129    2.576568 ^ _1516_/X (sky130_fd_sc_hd__a32o_2)
                                                         _0669_ (net)
                      0.055294    0.000016    2.576583 ^ _1530_/A3 (sky130_fd_sc_hd__a31o_2)
     2    0.006902    0.053042    0.165208    2.741791 ^ _1530_/X (sky130_fd_sc_hd__a31o_2)
                                                         net83 (net)
                      0.053042    0.000003    2.741794 ^ output83/A (sky130_fd_sc_hd__buf_6)
     1    0.034504    0.077162    0.128669    2.870463 ^ output83/X (sky130_fd_sc_hd__buf_6)
                                                         result[22] (net)
                      0.077162    0.000157    2.870620 ^ result[22] (out)
                                              2.870620   data arrival time

                      0.000000    0.000000    0.000000   clock __VIRTUAL_CLK__ (rise edge)
                                  0.000000    0.000000   clock network delay (ideal)
                                  0.250000    0.250000   clock uncertainty
                                  0.000000    0.250000   clock reconvergence pessimism
                                 -2.000000   -1.750000   output external delay
                                             -1.750000   data required time
---------------------------------------------------------------------------------------------
                                             -1.750000   data required time
                                             -2.870620   data arrival time
---------------------------------------------------------------------------------------------
                                              4.620620   slack (MET)


Startpoint: B[4] (input port clocked by __VIRTUAL_CLK__)
Endpoint: result[8] (output port clocked by __VIRTUAL_CLK__)
Path Group: __VIRTUAL_CLK__
Path Type: min

Fanout         Cap        Slew       Delay        Time   Description
---------------------------------------------------------------------------------------------
                      0.000000    0.000000    0.000000   clock __VIRTUAL_CLK__ (rise edge)
                                  0.000000    0.000000   clock network delay (ideal)
                                  2.000000    2.000000 v input external delay
     1    0.007905    0.019918    0.012786    2.012786 v B[4] (in)
                                                         B[4] (net)
                      0.019918    0.000000    2.012786 v input59/A (sky130_fd_sc_hd__buf_8)
     4    0.022623    0.032117    0.114815    2.127601 v input59/X (sky130_fd_sc_hd__buf_8)
                                                         net59 (net)
                      0.032117    0.000046    2.127646 v fanout158/A (sky130_fd_sc_hd__buf_6)
     2    0.009746    0.025178    0.109162    2.236809 v fanout158/X (sky130_fd_sc_hd__buf_6)
                                                         net158 (net)
                      0.025178    0.000026    2.236835 v fanout157/A (sky130_fd_sc_hd__buf_8)
     4    0.016432    0.028577    0.112550    2.349385 v fanout157/X (sky130_fd_sc_hd__buf_8)
                                                         net157 (net)
                      0.028577    0.000089    2.349473 v rebuffer457/A (sky130_fd_sc_hd__buf_2)
     7    0.026987    0.073837    0.159841    2.509314 v rebuffer457/X (sky130_fd_sc_hd__buf_2)
                                                         net457 (net)
                      0.073837    0.000107    2.509421 v _1270_/A (sky130_fd_sc_hd__nor2_2)
     1    0.003838    0.070464    0.111351    2.620771 ^ _1270_/Y (sky130_fd_sc_hd__nor2_2)
                                                         _0437_ (net)
                      0.070464    0.000023    2.620794 ^ _1271_/C (sky130_fd_sc_hd__or4b_4)
     2    0.011626    0.048299    0.136027    2.756822 ^ _1271_/X (sky130_fd_sc_hd__or4b_4)
                                                         net99 (net)
                      0.048299    0.000099    2.756921 ^ output99/A (sky130_fd_sc_hd__buf_8)
     1    0.034826    0.066505    0.117712    2.874633 ^ output99/X (sky130_fd_sc_hd__buf_8)
                                                         result[8] (net)
                      0.066505    0.000280    2.874913 ^ result[8] (out)
                                              2.874913   data arrival time

                      0.000000    0.000000    0.000000   clock __VIRTUAL_CLK__ (rise edge)
                                  0.000000    0.000000   clock network delay (ideal)
                                  0.250000    0.250000   clock uncertainty
                                  0.000000    0.250000   clock reconvergence pessimism
                                 -2.000000   -1.750000   output external delay
                                             -1.750000   data required time
---------------------------------------------------------------------------------------------
                                             -1.750000   data required time
                                             -2.874913   data arrival time
---------------------------------------------------------------------------------------------
                                              4.624913   slack (MET)


Startpoint: control[0] (input port clocked by __VIRTUAL_CLK__)
Endpoint: result[14] (output port clocked by __VIRTUAL_CLK__)
Path Group: __VIRTUAL_CLK__
Path Type: min

Fanout         Cap        Slew       Delay        Time   Description
---------------------------------------------------------------------------------------------
                      0.000000    0.000000    0.000000   clock __VIRTUAL_CLK__ (rise edge)
                                  0.000000    0.000000   clock network delay (ideal)
                                  2.000000    2.000000 v input external delay
     1    0.002817    0.008670    0.004440    2.004440 v control[0] (in)
                                                         control[0] (net)
                      0.008670    0.000000    2.004440 v input65/A (sky130_fd_sc_hd__clkdlybuf4s25_1)
     5    0.014939    0.120370    0.296571    2.301011 v input65/X (sky130_fd_sc_hd__clkdlybuf4s25_1)
                                                         net65 (net)
                      0.120370    0.000114    2.301125 v _1100_/A (sky130_fd_sc_hd__nand2_2)
     9    0.057648    0.296501    0.271560    2.572685 ^ _1100_/Y (sky130_fd_sc_hd__nand2_2)
                                                         _0274_ (net)
                      0.296535    0.002658    2.575344 ^ _1386_/A1 (sky130_fd_sc_hd__o21ai_2)
     2    0.006541    0.035049    0.113451    2.688795 v _1386_/Y (sky130_fd_sc_hd__o21ai_2)
                                                         net74 (net)
                      0.035049    0.000071    2.688866 v output74/A (sky130_fd_sc_hd__clkbuf_2)
     1    0.034871    0.133814    0.185848    2.874714 v output74/X (sky130_fd_sc_hd__clkbuf_2)
                                                         result[14] (net)
                      0.133814    0.000287    2.875001 v result[14] (out)
                                              2.875001   data arrival time

                      0.000000    0.000000    0.000000   clock __VIRTUAL_CLK__ (rise edge)
                                  0.000000    0.000000   clock network delay (ideal)
                                  0.250000    0.250000   clock uncertainty
                                  0.000000    0.250000   clock reconvergence pessimism
                                 -2.000000   -1.750000   output external delay
                                             -1.750000   data required time
---------------------------------------------------------------------------------------------
                                             -1.750000   data required time
                                             -2.875001   data arrival time
---------------------------------------------------------------------------------------------
                                              4.625001   slack (MET)


Startpoint: B[22] (input port clocked by __VIRTUAL_CLK__)
Endpoint: result[23] (output port clocked by __VIRTUAL_CLK__)
Path Group: __VIRTUAL_CLK__
Path Type: min

Fanout         Cap        Slew       Delay        Time   Description
---------------------------------------------------------------------------------------------
                      0.000000    0.000000    0.000000   clock __VIRTUAL_CLK__ (rise edge)
                                  0.000000    0.000000   clock network delay (ideal)
                                  2.000000    2.000000 ^ input external delay
     1    0.003736    0.023793    0.013577    2.013577 ^ B[22] (in)
                                                         B[22] (net)
                      0.023793    0.000000    2.013577 ^ input47/A (sky130_fd_sc_hd__clkdlybuf4s25_1)
     4    0.014767    0.157057    0.318720    2.332296 ^ input47/X (sky130_fd_sc_hd__clkdlybuf4s25_1)
                                                         net47 (net)
                      0.157057    0.000079    2.332375 ^ _0934_/A (sky130_fd_sc_hd__nand2_2)
     5    0.017410    0.092501    0.112230    2.444605 v _0934_/Y (sky130_fd_sc_hd__nand2_2)
                                                         _0109_ (net)
                      0.092501    0.000027    2.444632 v _1533_/A (sky130_fd_sc_hd__nand3_2)
     1    0.002672    0.040257    0.068484    2.513115 ^ _1533_/Y (sky130_fd_sc_hd__nand3_2)
                                                         _0685_ (net)
                      0.040257    0.000004    2.513119 ^ _1544_/A2 (sky130_fd_sc_hd__a31o_2)
     1    0.005364    0.043841    0.149822    2.662941 ^ _1544_/X (sky130_fd_sc_hd__a31o_2)
                                                         _0696_ (net)
                      0.043841    0.000018    2.662959 ^ _1545_/C1 (sky130_fd_sc_hd__a211o_4)
     2    0.008638    0.036899    0.093788    2.756747 ^ _1545_/X (sky130_fd_sc_hd__a211o_4)
                                                         net84 (net)
                      0.036899    0.000027    2.756774 ^ output84/A (sky130_fd_sc_hd__buf_6)
     1    0.034417    0.077037    0.122611    2.879385 ^ output84/X (sky130_fd_sc_hd__buf_6)
                                                         result[23] (net)
                      0.077037    0.000162    2.879548 ^ result[23] (out)
                                              2.879548   data arrival time

                      0.000000    0.000000    0.000000   clock __VIRTUAL_CLK__ (rise edge)
                                  0.000000    0.000000   clock network delay (ideal)
                                  0.250000    0.250000   clock uncertainty
                                  0.000000    0.250000   clock reconvergence pessimism
                                 -2.000000   -1.750000   output external delay
                                             -1.750000   data required time
---------------------------------------------------------------------------------------------
                                             -1.750000   data required time
                                             -2.879548   data arrival time
---------------------------------------------------------------------------------------------
                                              4.629548   slack (MET)


Startpoint: B[28] (input port clocked by __VIRTUAL_CLK__)
Endpoint: result[28] (output port clocked by __VIRTUAL_CLK__)
Path Group: __VIRTUAL_CLK__
Path Type: min

Fanout         Cap        Slew       Delay        Time   Description
---------------------------------------------------------------------------------------------
                      0.000000    0.000000    0.000000   clock __VIRTUAL_CLK__ (rise edge)
                                  0.000000    0.000000   clock network delay (ideal)
                                  2.000000    2.000000 v input external delay
     1    0.003300    0.009794    0.005260    2.005260 v B[28] (in)
                                                         B[28] (net)
                      0.009794    0.000000    2.005260 v input53/A (sky130_fd_sc_hd__clkdlybuf4s25_1)
     4    0.013411    0.109829    0.288759    2.294019 v input53/X (sky130_fd_sc_hd__clkdlybuf4s25_1)
                                                         net53 (net)
                      0.109829    0.000121    2.294140 v _0905_/A (sky130_fd_sc_hd__nor2_2)
     2    0.007309    0.108531    0.151766    2.445906 ^ _0905_/Y (sky130_fd_sc_hd__nor2_2)
                                                         _0080_ (net)
                      0.108531    0.000016    2.445922 ^ _0906_/B (sky130_fd_sc_hd__nor2_2)
     7    0.027628    0.070868    0.095406    2.541329 v _0906_/Y (sky130_fd_sc_hd__nor2_2)
                                                         _0081_ (net)
                      0.070868    0.000128    2.541456 v _1608_/A (sky130_fd_sc_hd__nand2_2)
     1    0.005952    0.045447    0.069603    2.611059 ^ _1608_/Y (sky130_fd_sc_hd__nand2_2)
                                                         _0755_ (net)
                      0.045447    0.000024    2.611084 ^ _1625_/A3 (sky130_fd_sc_hd__a31o_4)
     2    0.010574    0.046996    0.156791    2.767874 ^ _1625_/X (sky130_fd_sc_hd__a31o_4)
                                                         net89 (net)
                      0.046996    0.000026    2.767900 ^ output89/A (sky130_fd_sc_hd__buf_8)
     1    0.034468    0.065962    0.116866    2.884766 ^ output89/X (sky130_fd_sc_hd__buf_8)
                                                         result[28] (net)
                      0.065962    0.000232    2.884998 ^ result[28] (out)
                                              2.884998   data arrival time

                      0.000000    0.000000    0.000000   clock __VIRTUAL_CLK__ (rise edge)
                                  0.000000    0.000000   clock network delay (ideal)
                                  0.250000    0.250000   clock uncertainty
                                  0.000000    0.250000   clock reconvergence pessimism
                                 -2.000000   -1.750000   output external delay
                                             -1.750000   data required time
---------------------------------------------------------------------------------------------
                                             -1.750000   data required time
                                             -2.884998   data arrival time
---------------------------------------------------------------------------------------------
                                              4.634997   slack (MET)


Startpoint: B[20] (input port clocked by __VIRTUAL_CLK__)
Endpoint: result[20] (output port clocked by __VIRTUAL_CLK__)
Path Group: __VIRTUAL_CLK__
Path Type: min

Fanout         Cap        Slew       Delay        Time   Description
---------------------------------------------------------------------------------------------
                      0.000000    0.000000    0.000000   clock __VIRTUAL_CLK__ (rise edge)
                                  0.000000    0.000000   clock network delay (ideal)
                                  2.000000    2.000000 ^ input external delay
     1    0.003109    0.021065    0.011375    2.011375 ^ B[20] (in)
                                                         B[20] (net)
                      0.021065    0.000000    2.011375 ^ input45/A (sky130_fd_sc_hd__clkdlybuf4s25_1)
     5    0.016361    0.172432    0.328736    2.340111 ^ input45/X (sky130_fd_sc_hd__clkdlybuf4s25_1)
                                                         net45 (net)
                      0.172432    0.000116    2.340227 ^ _1492_/A1 (sky130_fd_sc_hd__a31o_2)
     1    0.002601    0.037787    0.168280    2.508507 ^ _1492_/X (sky130_fd_sc_hd__a31o_2)
                                                         _0647_ (net)
                      0.037787    0.000000    2.508508 ^ _1493_/C1 (sky130_fd_sc_hd__a211o_2)
     1    0.002859    0.026663    0.081967    2.590475 ^ _1493_/X (sky130_fd_sc_hd__a211o_2)
                                                         _0648_ (net)
                      0.026663    0.000005    2.590480 ^ _1494_/B1 (sky130_fd_sc_hd__a21o_2)
     1    0.006157    0.040458    0.085138    2.675617 ^ _1494_/X (sky130_fd_sc_hd__a21o_2)
                                                         _0649_ (net)
                      0.040458    0.000035    2.675653 ^ _1495_/C1 (sky130_fd_sc_hd__a211o_4)
     2    0.011523    0.044057    0.098669    2.774322 ^ _1495_/X (sky130_fd_sc_hd__a211o_4)
                                                         net81 (net)
                      0.044057    0.000035    2.774356 ^ output81/A (sky130_fd_sc_hd__buf_8)
     1    0.034270    0.065644    0.115667    2.890023 ^ output81/X (sky130_fd_sc_hd__buf_8)
                                                         result[20] (net)
                      0.065644    0.000122    2.890146 ^ result[20] (out)
                                              2.890146   data arrival time

                      0.000000    0.000000    0.000000   clock __VIRTUAL_CLK__ (rise edge)
                                  0.000000    0.000000   clock network delay (ideal)
                                  0.250000    0.250000   clock uncertainty
                                  0.000000    0.250000   clock reconvergence pessimism
                                 -2.000000   -1.750000   output external delay
                                             -1.750000   data required time
---------------------------------------------------------------------------------------------
                                             -1.750000   data required time
                                             -2.890146   data arrival time
---------------------------------------------------------------------------------------------
                                              4.640145   slack (MET)


Startpoint: B[20] (input port clocked by __VIRTUAL_CLK__)
Endpoint: result[21] (output port clocked by __VIRTUAL_CLK__)
Path Group: __VIRTUAL_CLK__
Path Type: min

Fanout         Cap        Slew       Delay        Time   Description
---------------------------------------------------------------------------------------------
                      0.000000    0.000000    0.000000   clock __VIRTUAL_CLK__ (rise edge)
                                  0.000000    0.000000   clock network delay (ideal)
                                  2.000000    2.000000 ^ input external delay
     1    0.003109    0.021065    0.011375    2.011375 ^ B[20] (in)
                                                         B[20] (net)
                      0.021065    0.000000    2.011375 ^ input45/A (sky130_fd_sc_hd__clkdlybuf4s25_1)
     5    0.016361    0.172432    0.328736    2.340111 ^ input45/X (sky130_fd_sc_hd__clkdlybuf4s25_1)
                                                         net45 (net)
                      0.172432    0.000087    2.340199 ^ _1508_/A1 (sky130_fd_sc_hd__a211o_2)
     1    0.002584    0.026996    0.149760    2.489959 ^ _1508_/X (sky130_fd_sc_hd__a211o_2)
                                                         _0662_ (net)
                      0.026996    0.000003    2.489961 ^ _1513_/A2 (sky130_fd_sc_hd__a41o_2)
     1    0.003437    0.031734    0.167818    2.657780 ^ _1513_/X (sky130_fd_sc_hd__a41o_2)
                                                         _0667_ (net)
                      0.031734    0.000011    2.657791 ^ _1514_/B1 (sky130_fd_sc_hd__a41o_2)
     2    0.008662    0.054772    0.103721    2.761512 ^ _1514_/X (sky130_fd_sc_hd__a41o_2)
                                                         net82 (net)
                      0.054772    0.000010    2.761522 ^ output82/A (sky130_fd_sc_hd__buf_6)
     1    0.034331    0.076847    0.129021    2.890543 ^ output82/X (sky130_fd_sc_hd__buf_6)
                                                         result[21] (net)
                      0.076847    0.000142    2.890685 ^ result[21] (out)
                                              2.890685   data arrival time

                      0.000000    0.000000    0.000000   clock __VIRTUAL_CLK__ (rise edge)
                                  0.000000    0.000000   clock network delay (ideal)
                                  0.250000    0.250000   clock uncertainty
                                  0.000000    0.250000   clock reconvergence pessimism
                                 -2.000000   -1.750000   output external delay
                                             -1.750000   data required time
---------------------------------------------------------------------------------------------
                                             -1.750000   data required time
                                             -2.890685   data arrival time
---------------------------------------------------------------------------------------------
                                              4.640685   slack (MET)


Startpoint: B[18] (input port clocked by __VIRTUAL_CLK__)
Endpoint: result[19] (output port clocked by __VIRTUAL_CLK__)
Path Group: __VIRTUAL_CLK__
Path Type: min

Fanout         Cap        Slew       Delay        Time   Description
---------------------------------------------------------------------------------------------
                      0.000000    0.000000    0.000000   clock __VIRTUAL_CLK__ (rise edge)
                                  0.000000    0.000000   clock network delay (ideal)
                                  2.000000    2.000000 v input external delay
     1    0.003146    0.009434    0.004997    2.004997 v B[18] (in)
                                                         B[18] (net)
                      0.009434    0.000000    2.004997 v input42/A (sky130_fd_sc_hd__clkdlybuf4s25_1)
     3    0.008265    0.075260    0.260492    2.265488 v input42/X (sky130_fd_sc_hd__clkdlybuf4s25_1)
                                                         net42 (net)
                      0.075260    0.000036    2.265524 v _1042_/A (sky130_fd_sc_hd__nand2_2)
     5    0.018381    0.103263    0.115893    2.381417 ^ _1042_/Y (sky130_fd_sc_hd__nand2_2)
                                                         _0217_ (net)
                      0.103263    0.000076    2.381493 ^ _1466_/A1 (sky130_fd_sc_hd__a311o_2)
     1    0.010197    0.063568    0.199854    2.581347 ^ _1466_/X (sky130_fd_sc_hd__a311o_2)
                                                         _0622_ (net)
                      0.063568    0.000067    2.581414 ^ _1476_/B (sky130_fd_sc_hd__nand3b_4)
     2    0.008851    0.055150    0.078428    2.659842 v _1476_/Y (sky130_fd_sc_hd__nand3b_4)
                                                         net79 (net)
                      0.055150    0.000141    2.659982 v rebuffer443/A (sky130_fd_sc_hd__buf_6)
     1    0.007126    0.023319    0.116385    2.776368 v rebuffer443/X (sky130_fd_sc_hd__buf_6)
                                                         net443 (net)
                      0.023319    0.000013    2.776381 v output79/A (sky130_fd_sc_hd__buf_8)
     1    0.034583    0.039949    0.124955    2.901336 v output79/X (sky130_fd_sc_hd__buf_8)
                                                         result[19] (net)
                      0.039950    0.000195    2.901531 v result[19] (out)
                                              2.901531   data arrival time

                      0.000000    0.000000    0.000000   clock __VIRTUAL_CLK__ (rise edge)
                                  0.000000    0.000000   clock network delay (ideal)
                                  0.250000    0.250000   clock uncertainty
                                  0.000000    0.250000   clock reconvergence pessimism
                                 -2.000000   -1.750000   output external delay
                                             -1.750000   data required time
---------------------------------------------------------------------------------------------
                                             -1.750000   data required time
                                             -2.901531   data arrival time
---------------------------------------------------------------------------------------------
                                              4.651531   slack (MET)


Startpoint: control[2] (input port clocked by __VIRTUAL_CLK__)
Endpoint: zero (output port clocked by __VIRTUAL_CLK__)
Path Group: __VIRTUAL_CLK__
Path Type: min

Fanout         Cap        Slew       Delay        Time   Description
---------------------------------------------------------------------------------------------
                      0.000000    0.000000    0.000000   clock __VIRTUAL_CLK__ (rise edge)
                                  0.000000    0.000000   clock network delay (ideal)
                                  2.000000    2.000000 v input external delay
     1    0.002948    0.008975    0.004662    2.004662 v control[2] (in)
                                                         control[2] (net)
                      0.008975    0.000000    2.004662 v input67/A (sky130_fd_sc_hd__clkdlybuf4s25_1)
     7    0.019278    0.150352    0.320139    2.324801 v input67/X (sky130_fd_sc_hd__clkdlybuf4s25_1)
                                                         net67 (net)
                      0.150352    0.000169    2.324970 v _0837_/A (sky130_fd_sc_hd__inv_2)
     5    0.015689    0.089824    0.127037    2.452007 ^ _0837_/Y (sky130_fd_sc_hd__inv_2)
                                                         _0012_ (net)
                      0.089824    0.000033    2.452041 ^ _1068_/A1 (sky130_fd_sc_hd__a31o_4)
     2    0.012476    0.052264    0.163842    2.615883 ^ _1068_/X (sky130_fd_sc_hd__a31o_4)
                                                         net69 (net)
                      0.052264    0.000112    2.615995 ^ _1678_/A (sky130_fd_sc_hd__or4_4)
     1    0.009932    0.043668    0.128421    2.744416 ^ _1678_/X (sky130_fd_sc_hd__or4_4)
                                                         _0821_ (net)
                      0.043668    0.000036    2.744452 ^ _1682_/D (sky130_fd_sc_hd__nor4_4)
     1    0.004887    0.019266    0.031841    2.776293 v _1682_/Y (sky130_fd_sc_hd__nor4_4)
                                                         net101 (net)
                      0.019266    0.000010    2.776303 v output101/A (sky130_fd_sc_hd__buf_6)
     1    0.034997    0.044255    0.126169    2.902472 v output101/X (sky130_fd_sc_hd__buf_6)
                                                         zero (net)
                      0.044257    0.000326    2.902798 v zero (out)
                                              2.902798   data arrival time

                      0.000000    0.000000    0.000000   clock __VIRTUAL_CLK__ (rise edge)
                                  0.000000    0.000000   clock network delay (ideal)
                                  0.250000    0.250000   clock uncertainty
                                  0.000000    0.250000   clock reconvergence pessimism
                                 -2.000000   -1.750000   output external delay
                                             -1.750000   data required time
---------------------------------------------------------------------------------------------
                                             -1.750000   data required time
                                             -2.902798   data arrival time
---------------------------------------------------------------------------------------------
                                              4.652798   slack (MET)


Startpoint: B[25] (input port clocked by __VIRTUAL_CLK__)
Endpoint: result[26] (output port clocked by __VIRTUAL_CLK__)
Path Group: __VIRTUAL_CLK__
Path Type: min

Fanout         Cap        Slew       Delay        Time   Description
---------------------------------------------------------------------------------------------
                      0.000000    0.000000    0.000000   clock __VIRTUAL_CLK__ (rise edge)
                                  0.000000    0.000000   clock network delay (ideal)
                                  2.000000    2.000000 v input external delay
     1    0.003695    0.010708    0.005930    2.005930 v B[25] (in)
                                                         B[25] (net)
                      0.010708    0.000000    2.005930 v input50/A (sky130_fd_sc_hd__clkdlybuf4s25_1)
     4    0.014935    0.120274    0.297407    2.303338 v input50/X (sky130_fd_sc_hd__clkdlybuf4s25_1)
                                                         net50 (net)
                      0.120274    0.000013    2.303350 v _0923_/A1 (sky130_fd_sc_hd__o21a_2)
     3    0.013481    0.050137    0.266241    2.569592 v _0923_/X (sky130_fd_sc_hd__o21a_2)
                                                         _0098_ (net)
                      0.050137    0.000101    2.569693 v _1579_/B (sky130_fd_sc_hd__nand3_2)
     1    0.005880    0.052011    0.074815    2.644508 ^ _1579_/Y (sky130_fd_sc_hd__nand3_2)
                                                         _0728_ (net)
                      0.052011    0.000022    2.644530 ^ _1593_/A3 (sky130_fd_sc_hd__a31o_4)
     2    0.011262    0.048898    0.160374    2.804904 ^ _1593_/X (sky130_fd_sc_hd__a31o_4)
                                                         net87 (net)
                      0.048898    0.000036    2.804940 ^ output87/A (sky130_fd_sc_hd__buf_8)
     1    0.034778    0.066436    0.117858    2.922797 ^ output87/X (sky130_fd_sc_hd__buf_8)
                                                         result[26] (net)
                      0.066436    0.000294    2.923091 ^ result[26] (out)
                                              2.923091   data arrival time

                      0.000000    0.000000    0.000000   clock __VIRTUAL_CLK__ (rise edge)
                                  0.000000    0.000000   clock network delay (ideal)
                                  0.250000    0.250000   clock uncertainty
                                  0.000000    0.250000   clock reconvergence pessimism
                                 -2.000000   -1.750000   output external delay
                                             -1.750000   data required time
---------------------------------------------------------------------------------------------
                                             -1.750000   data required time
                                             -2.923091   data arrival time
---------------------------------------------------------------------------------------------
                                              4.673090   slack (MET)


Startpoint: B[12] (input port clocked by __VIRTUAL_CLK__)
Endpoint: result[12] (output port clocked by __VIRTUAL_CLK__)
Path Group: __VIRTUAL_CLK__
Path Type: min

Fanout         Cap        Slew       Delay        Time   Description
---------------------------------------------------------------------------------------------
                      0.000000    0.000000    0.000000   clock __VIRTUAL_CLK__ (rise edge)
                                  0.000000    0.000000   clock network delay (ideal)
                                  2.000000    2.000000 v input external delay
     1    0.003296    0.009783    0.005252    2.005252 v B[12] (in)
                                                         B[12] (net)
                      0.009783    0.000000    2.005252 v input36/A (sky130_fd_sc_hd__clkdlybuf4s25_1)
     3    0.012661    0.106643    0.284773    2.290025 v input36/X (sky130_fd_sc_hd__clkdlybuf4s25_1)
                                                         net36 (net)
                      0.106643    0.000034    2.290059 v _0994_/A (sky130_fd_sc_hd__nand2_4)
     2    0.020787    0.074365    0.108959    2.399018 ^ _0994_/Y (sky130_fd_sc_hd__nand2_4)
                                                         _0169_ (net)
                      0.074365    0.000030    2.399048 ^ _0995_/B (sky130_fd_sc_hd__nand2_8)
     7    0.023028    0.045210    0.065063    2.464110 v _0995_/Y (sky130_fd_sc_hd__nand2_8)
                                                         _0170_ (net)
                      0.045210    0.000070    2.464181 v _1336_/A1 (sky130_fd_sc_hd__a311oi_2)
     1    0.003161    0.133935    0.187981    2.652162 ^ _1336_/Y (sky130_fd_sc_hd__a311oi_2)
                                                         _0499_ (net)
                      0.133935    0.000009    2.652171 ^ _1348_/B (sky130_fd_sc_hd__or3_4)
     2    0.010656    0.045643    0.154783    2.806954 ^ _1348_/X (sky130_fd_sc_hd__or3_4)
                                                         net72 (net)
                      0.045643    0.000079    2.807033 ^ output72/A (sky130_fd_sc_hd__buf_6)
     1    0.034630    0.077425    0.126064    2.933097 ^ output72/X (sky130_fd_sc_hd__buf_6)
                                                         result[12] (net)
                      0.077425    0.000251    2.933349 ^ result[12] (out)
                                              2.933349   data arrival time

                      0.000000    0.000000    0.000000   clock __VIRTUAL_CLK__ (rise edge)
                                  0.000000    0.000000   clock network delay (ideal)
                                  0.250000    0.250000   clock uncertainty
                                  0.000000    0.250000   clock reconvergence pessimism
                                 -2.000000   -1.750000   output external delay
                                             -1.750000   data required time
---------------------------------------------------------------------------------------------
                                             -1.750000   data required time
                                             -2.933349   data arrival time
---------------------------------------------------------------------------------------------
                                              4.683349   slack (MET)


Startpoint: A[17] (input port clocked by __VIRTUAL_CLK__)
Endpoint: result[17] (output port clocked by __VIRTUAL_CLK__)
Path Group: __VIRTUAL_CLK__
Path Type: min

Fanout         Cap        Slew       Delay        Time   Description
---------------------------------------------------------------------------------------------
                      0.000000    0.000000    0.000000   clock __VIRTUAL_CLK__ (rise edge)
                                  0.000000    0.000000   clock network delay (ideal)
                                  2.000000    2.000000 ^ input external delay
     1    0.003426    0.022442    0.012485    2.012485 ^ A[17] (in)
                                                         A[17] (net)
                      0.022442    0.000000    2.012485 ^ input9/A (sky130_fd_sc_hd__clkdlybuf4s25_1)
     3    0.013119    0.141193    0.306900    2.319386 ^ input9/X (sky130_fd_sc_hd__clkdlybuf4s25_1)
                                                         net9 (net)
                      0.141193    0.000203    2.319588 ^ _1437_/A2 (sky130_fd_sc_hd__a32o_2)
     1    0.003181    0.042378    0.182625    2.502214 ^ _1437_/X (sky130_fd_sc_hd__a32o_2)
                                                         _0595_ (net)
                      0.042378    0.000013    2.502227 ^ _1438_/D (sky130_fd_sc_hd__or4_4)
     1    0.004212    0.029556    0.103323    2.605549 ^ _1438_/X (sky130_fd_sc_hd__or4_4)
                                                         _0596_ (net)
                      0.029556    0.000026    2.605575 ^ _1445_/C (sky130_fd_sc_hd__or3_4)
     2    0.006904    0.036173    0.105524    2.711100 ^ _1445_/X (sky130_fd_sc_hd__or3_4)
                                                         net77 (net)
                      0.036173    0.000007    2.711106 ^ rebuffer223/A (sky130_fd_sc_hd__buf_2)
     1    0.006237    0.041444    0.100567    2.811673 ^ rebuffer223/X (sky130_fd_sc_hd__buf_2)
                                                         net223 (net)
                      0.041444    0.000035    2.811708 ^ output77/A (sky130_fd_sc_hd__buf_6)
     1    0.034312    0.076830    0.124154    2.935862 ^ output77/X (sky130_fd_sc_hd__buf_6)
                                                         result[17] (net)
                      0.076830    0.000138    2.936000 ^ result[17] (out)
                                              2.936000   data arrival time

                      0.000000    0.000000    0.000000   clock __VIRTUAL_CLK__ (rise edge)
                                  0.000000    0.000000   clock network delay (ideal)
                                  0.250000    0.250000   clock uncertainty
                                  0.000000    0.250000   clock reconvergence pessimism
                                 -2.000000   -1.750000   output external delay
                                             -1.750000   data required time
---------------------------------------------------------------------------------------------
                                             -1.750000   data required time
                                             -2.936000   data arrival time
---------------------------------------------------------------------------------------------
                                              4.686000   slack (MET)


Startpoint: B[4] (input port clocked by __VIRTUAL_CLK__)
Endpoint: result[3] (output port clocked by __VIRTUAL_CLK__)
Path Group: __VIRTUAL_CLK__
Path Type: min

Fanout         Cap        Slew       Delay        Time   Description
---------------------------------------------------------------------------------------------
                      0.000000    0.000000    0.000000   clock __VIRTUAL_CLK__ (rise edge)
                                  0.000000    0.000000   clock network delay (ideal)
                                  2.000000    2.000000 ^ input external delay
     1    0.008566    0.045026    0.029349    2.029349 ^ B[4] (in)
                                                         B[4] (net)
                      0.045026    0.000000    2.029349 ^ input59/A (sky130_fd_sc_hd__buf_8)
     4    0.023808    0.050173    0.103758    2.133107 ^ input59/X (sky130_fd_sc_hd__buf_8)
                                                         net59 (net)
                      0.050173    0.000049    2.133156 ^ fanout158/A (sky130_fd_sc_hd__buf_6)
     2    0.010567    0.034044    0.093171    2.226327 ^ fanout158/X (sky130_fd_sc_hd__buf_6)
                                                         net158 (net)
                      0.034044    0.000028    2.226355 ^ fanout157/A (sky130_fd_sc_hd__buf_8)
     4    0.017869    0.041642    0.093173    2.319528 ^ fanout157/X (sky130_fd_sc_hd__buf_8)
                                                         net157 (net)
                      0.041642    0.000097    2.319625 ^ rebuffer457/A (sky130_fd_sc_hd__buf_2)
     7    0.028669    0.144009    0.178495    2.498120 ^ rebuffer457/X (sky130_fd_sc_hd__buf_2)
                                                         net457 (net)
                      0.144009    0.000078    2.498198 ^ _1170_/A1 (sky130_fd_sc_hd__a21o_2)
     2    0.005426    0.037230    0.148064    2.646262 ^ _1170_/X (sky130_fd_sc_hd__a21o_2)
                                                         net94 (net)
                      0.037230    0.000016    2.646278 ^ output94/A (sky130_fd_sc_hd__dlymetal6s2s_1)
     1    0.034763    0.350740    0.302526    2.948804 ^ output94/X (sky130_fd_sc_hd__dlymetal6s2s_1)
                                                         result[3] (net)
                      0.350740    0.000199    2.949003 ^ result[3] (out)
                                              2.949003   data arrival time

                      0.000000    0.000000    0.000000   clock __VIRTUAL_CLK__ (rise edge)
                                  0.000000    0.000000   clock network delay (ideal)
                                  0.250000    0.250000   clock uncertainty
                                  0.000000    0.250000   clock reconvergence pessimism
                                 -2.000000   -1.750000   output external delay
                                             -1.750000   data required time
---------------------------------------------------------------------------------------------
                                             -1.750000   data required time
                                             -2.949003   data arrival time
---------------------------------------------------------------------------------------------
                                              4.699003   slack (MET)


Startpoint: B[28] (input port clocked by __VIRTUAL_CLK__)
Endpoint: result[30] (output port clocked by __VIRTUAL_CLK__)
Path Group: __VIRTUAL_CLK__
Path Type: min

Fanout         Cap        Slew       Delay        Time   Description
---------------------------------------------------------------------------------------------
                      0.000000    0.000000    0.000000   clock __VIRTUAL_CLK__ (rise edge)
                                  0.000000    0.000000   clock network delay (ideal)
                                  2.000000    2.000000 v input external delay
     1    0.003300    0.009794    0.005260    2.005260 v B[28] (in)
                                                         B[28] (net)
                      0.009794    0.000000    2.005260 v input53/A (sky130_fd_sc_hd__clkdlybuf4s25_1)
     4    0.013411    0.109829    0.288759    2.294019 v input53/X (sky130_fd_sc_hd__clkdlybuf4s25_1)
                                                         net53 (net)
                      0.109829    0.000111    2.294130 v _0904_/A (sky130_fd_sc_hd__nand2_2)
     3    0.008181    0.062390    0.094722    2.388853 ^ _0904_/Y (sky130_fd_sc_hd__nand2_2)
                                                         _0079_ (net)
                      0.062390    0.000008    2.388861 ^ _1651_/A2 (sky130_fd_sc_hd__a311o_2)
     2    0.005491    0.042064    0.172838    2.561699 ^ _1651_/X (sky130_fd_sc_hd__a311o_2)
                                                         _0796_ (net)
                      0.042064    0.000002    2.561701 ^ rebuffer243/A (sky130_fd_sc_hd__buf_2)
     2    0.010780    0.061659    0.118930    2.680632 ^ rebuffer243/X (sky130_fd_sc_hd__buf_2)
                                                         net243 (net)
                      0.061659    0.000026    2.680658 ^ _1653_/A1 (sky130_fd_sc_hd__a211o_4)
     2    0.015735    0.054467    0.143522    2.824180 ^ _1653_/X (sky130_fd_sc_hd__a211o_4)
                                                         net92 (net)
                      0.054467    0.000112    2.824292 ^ output92/A (sky130_fd_sc_hd__buf_6)
     1    0.034411    0.077006    0.128980    2.953272 ^ output92/X (sky130_fd_sc_hd__buf_6)
                                                         result[30] (net)
                      0.077006    0.000224    2.953496 ^ result[30] (out)
                                              2.953496   data arrival time

                      0.000000    0.000000    0.000000   clock __VIRTUAL_CLK__ (rise edge)
                                  0.000000    0.000000   clock network delay (ideal)
                                  0.250000    0.250000   clock uncertainty
                                  0.000000    0.250000   clock reconvergence pessimism
                                 -2.000000   -1.750000   output external delay
                                             -1.750000   data required time
---------------------------------------------------------------------------------------------
                                             -1.750000   data required time
                                             -2.953496   data arrival time
---------------------------------------------------------------------------------------------
                                              4.703496   slack (MET)


Startpoint: B[31] (input port clocked by __VIRTUAL_CLK__)
Endpoint: result[31] (output port clocked by __VIRTUAL_CLK__)
Path Group: __VIRTUAL_CLK__
Path Type: min

Fanout         Cap        Slew       Delay        Time   Description
---------------------------------------------------------------------------------------------
                      0.000000    0.000000    0.000000   clock __VIRTUAL_CLK__ (rise edge)
                                  0.000000    0.000000   clock network delay (ideal)
                                  2.000000    2.000000 ^ input external delay
     1    0.003723    0.023736    0.013531    2.013531 ^ B[31] (in)
                                                         B[31] (net)
                      0.023736    0.000000    2.013531 ^ input57/A (sky130_fd_sc_hd__clkdlybuf4s25_1)
     3    0.009664    0.107945    0.283724    2.297255 ^ input57/X (sky130_fd_sc_hd__clkdlybuf4s25_1)
                                                         net57 (net)
                      0.107945    0.000092    2.297347 ^ _0886_/A (sky130_fd_sc_hd__nand2_2)
     2    0.006044    0.046831    0.062759    2.360106 v _0886_/Y (sky130_fd_sc_hd__nand2_2)
                                                         _0061_ (net)
                      0.046831    0.000009    2.360115 v _1659_/B (sky130_fd_sc_hd__nor2_2)
     1    0.003192    0.065570    0.072875    2.432990 ^ _1659_/Y (sky130_fd_sc_hd__nor2_2)
                                                         _0803_ (net)
                      0.065570    0.000012    2.433002 ^ _1661_/B1 (sky130_fd_sc_hd__a211o_2)
     1    0.005700    0.037469    0.106505    2.539508 ^ _1661_/X (sky130_fd_sc_hd__a211o_2)
                                                         _0805_ (net)
                      0.037469    0.000056    2.539563 ^ _1662_/B1 (sky130_fd_sc_hd__a21o_2)
     1    0.003403    0.028428    0.078785    2.618349 ^ _1662_/X (sky130_fd_sc_hd__a21o_2)
                                                         _0806_ (net)
                      0.028428    0.000018    2.618367 ^ _1668_/A (sky130_fd_sc_hd__or4_4)
     2    0.015587    0.058214    0.132993    2.751359 ^ _1668_/X (sky130_fd_sc_hd__or4_4)
                                                         net93 (net)
                      0.058214    0.000088    2.751447 ^ rebuffer248/A (sky130_fd_sc_hd__buf_6)
     1    0.008777    0.031118    0.093156    2.844603 ^ rebuffer248/X (sky130_fd_sc_hd__buf_6)
                                                         net248 (net)
                      0.031118    0.000048    2.844651 ^ output93/A (sky130_fd_sc_hd__buf_8)
     1    0.035181    0.067016    0.112043    2.956694 ^ output93/X (sky130_fd_sc_hd__buf_8)
                                                         result[31] (net)
                      0.067016    0.000335    2.957029 ^ result[31] (out)
                                              2.957029   data arrival time

                      0.000000    0.000000    0.000000   clock __VIRTUAL_CLK__ (rise edge)
                                  0.000000    0.000000   clock network delay (ideal)
                                  0.250000    0.250000   clock uncertainty
                                  0.000000    0.250000   clock reconvergence pessimism
                                 -2.000000   -1.750000   output external delay
                                             -1.750000   data required time
---------------------------------------------------------------------------------------------
                                             -1.750000   data required time
                                             -2.957029   data arrival time
---------------------------------------------------------------------------------------------
                                              4.707029   slack (MET)


Startpoint: B[14] (input port clocked by __VIRTUAL_CLK__)
Endpoint: result[15] (output port clocked by __VIRTUAL_CLK__)
Path Group: __VIRTUAL_CLK__
Path Type: min

Fanout         Cap        Slew       Delay        Time   Description
---------------------------------------------------------------------------------------------
                      0.000000    0.000000    0.000000   clock __VIRTUAL_CLK__ (rise edge)
                                  0.000000    0.000000   clock network delay (ideal)
                                  2.000000    2.000000 v input external delay
     1    0.002884    0.008827    0.004554    2.004554 v B[14] (in)
                                                         B[14] (net)
                      0.008827    0.000000    2.004554 v input38/A (sky130_fd_sc_hd__clkdlybuf4s25_1)
     3    0.010329    0.088737    0.271715    2.276269 v input38/X (sky130_fd_sc_hd__clkdlybuf4s25_1)
                                                         net38 (net)
                      0.088737    0.000092    2.276361 v _0998_/A (sky130_fd_sc_hd__and2_4)
     5    0.017035    0.042202    0.173401    2.449762 v _0998_/X (sky130_fd_sc_hd__and2_4)
                                                         _0173_ (net)
                      0.042202    0.000083    2.449846 v _1390_/A1 (sky130_fd_sc_hd__o21ai_2)
     1    0.002784    0.041344    0.117516    2.567362 ^ _1390_/Y (sky130_fd_sc_hd__o21ai_2)
                                                         _0550_ (net)
                      0.041344    0.000004    2.567366 ^ _1401_/A3 (sky130_fd_sc_hd__a31o_2)
     1    0.004588    0.039868    0.151194    2.718560 ^ _1401_/X (sky130_fd_sc_hd__a31o_2)
                                                         _0561_ (net)
                      0.039868    0.000032    2.718592 ^ _1402_/B1 (sky130_fd_sc_hd__a21o_2)
     2    0.008979    0.053200    0.099828    2.818420 ^ _1402_/X (sky130_fd_sc_hd__a21o_2)
                                                         net75 (net)
                      0.053200    0.000161    2.818581 ^ output75/A (sky130_fd_sc_hd__buf_4)
     1    0.034313    0.102573    0.159223    2.977804 ^ output75/X (sky130_fd_sc_hd__buf_4)
                                                         result[15] (net)
                      0.102573    0.000133    2.977937 ^ result[15] (out)
                                              2.977937   data arrival time

                      0.000000    0.000000    0.000000   clock __VIRTUAL_CLK__ (rise edge)
                                  0.000000    0.000000   clock network delay (ideal)
                                  0.250000    0.250000   clock uncertainty
                                  0.000000    0.250000   clock reconvergence pessimism
                                 -2.000000   -1.750000   output external delay
                                             -1.750000   data required time
---------------------------------------------------------------------------------------------
                                             -1.750000   data required time
                                             -2.977937   data arrival time
---------------------------------------------------------------------------------------------
                                              4.727937   slack (MET)


Startpoint: B[9] (input port clocked by __VIRTUAL_CLK__)
Endpoint: result[10] (output port clocked by __VIRTUAL_CLK__)
Path Group: __VIRTUAL_CLK__
Path Type: min

Fanout         Cap        Slew       Delay        Time   Description
---------------------------------------------------------------------------------------------
                      0.000000    0.000000    0.000000   clock __VIRTUAL_CLK__ (rise edge)
                                  0.000000    0.000000   clock network delay (ideal)
                                  2.000000    2.000000 ^ input external delay
     1    0.003666    0.023487    0.013332    2.013332 ^ B[9] (in)
                                                         B[9] (net)
                      0.023487    0.000000    2.013332 ^ input64/A (sky130_fd_sc_hd__clkdlybuf4s25_1)
     3    0.008725    0.101923    0.277254    2.290586 ^ input64/X (sky130_fd_sc_hd__clkdlybuf4s25_1)
                                                         net64 (net)
                      0.101923    0.000017    2.290603 ^ _1010_/A (sky130_fd_sc_hd__nand2_2)
     4    0.011718    0.057186    0.080872    2.371475 v _1010_/Y (sky130_fd_sc_hd__nand2_2)
                                                         _0185_ (net)
                      0.057186    0.000099    2.371573 v _1294_/B1 (sky130_fd_sc_hd__o21a_2)
     3    0.009439    0.042107    0.134790    2.506363 v _1294_/X (sky130_fd_sc_hd__o21a_2)
                                                         _0459_ (net)
                      0.042107    0.000005    2.506368 v _1295_/C (sky130_fd_sc_hd__nand3_2)
     1    0.005195    0.050676    0.070343    2.576711 ^ _1295_/Y (sky130_fd_sc_hd__nand3_2)
                                                         _0460_ (net)
                      0.050676    0.000008    2.576720 ^ _1306_/A2 (sky130_fd_sc_hd__a31o_4)
     1    0.005200    0.032992    0.139059    2.715779 ^ _1306_/X (sky130_fd_sc_hd__a31o_4)
                                                         _0471_ (net)
                      0.032992    0.000011    2.715790 ^ _1307_/B1 (sky130_fd_sc_hd__a31o_4)
     2    0.008614    0.041739    0.089512    2.805301 ^ _1307_/X (sky130_fd_sc_hd__a31o_4)
                                                         net70 (net)
                      0.041739    0.000014    2.805316 ^ rebuffer521/A (sky130_fd_sc_hd__buf_6)
     1    0.007948    0.029668    0.085997    2.891312 ^ rebuffer521/X (sky130_fd_sc_hd__buf_6)
                                                         net521 (net)
                      0.029668    0.000028    2.891340 ^ output70/A (sky130_fd_sc_hd__buf_8)
     1    0.034833    0.066493    0.111138    3.002479 ^ output70/X (sky130_fd_sc_hd__buf_8)
                                                         result[10] (net)
                      0.066493    0.000319    3.002798 ^ result[10] (out)
                                              3.002798   data arrival time

                      0.000000    0.000000    0.000000   clock __VIRTUAL_CLK__ (rise edge)
                                  0.000000    0.000000   clock network delay (ideal)
                                  0.250000    0.250000   clock uncertainty
                                  0.000000    0.250000   clock reconvergence pessimism
                                 -2.000000   -1.750000   output external delay
                                             -1.750000   data required time
---------------------------------------------------------------------------------------------
                                             -1.750000   data required time
                                             -3.002798   data arrival time
---------------------------------------------------------------------------------------------
                                              4.752798   slack (MET)


Startpoint: B[4] (input port clocked by __VIRTUAL_CLK__)
Endpoint: result[2] (output port clocked by __VIRTUAL_CLK__)
Path Group: __VIRTUAL_CLK__
Path Type: min

Fanout         Cap        Slew       Delay        Time   Description
---------------------------------------------------------------------------------------------
                      0.000000    0.000000    0.000000   clock __VIRTUAL_CLK__ (rise edge)
                                  0.000000    0.000000   clock network delay (ideal)
                                  2.000000    2.000000 ^ input external delay
     1    0.008566    0.045026    0.029349    2.029349 ^ B[4] (in)
                                                         B[4] (net)
                      0.045026    0.000000    2.029349 ^ input59/A (sky130_fd_sc_hd__buf_8)
     4    0.023808    0.050173    0.103758    2.133107 ^ input59/X (sky130_fd_sc_hd__buf_8)
                                                         net59 (net)
                      0.050173    0.000049    2.133156 ^ fanout158/A (sky130_fd_sc_hd__buf_6)
     2    0.010567    0.034044    0.093171    2.226327 ^ fanout158/X (sky130_fd_sc_hd__buf_6)
                                                         net158 (net)
                      0.034044    0.000028    2.226355 ^ rebuffer338/A (sky130_fd_sc_hd__buf_2)
     6    0.028848    0.144981    0.175718    2.402072 ^ rebuffer338/X (sky130_fd_sc_hd__buf_2)
                                                         net338 (net)
                      0.145027    0.000383    2.402455 ^ _1141_/A1 (sky130_fd_sc_hd__a211o_2)
     2    0.007114    0.043357    0.160796    2.563251 ^ _1141_/X (sky130_fd_sc_hd__a211o_2)
                                                         net91 (net)
                      0.043357    0.000065    2.563316 ^ output91/A (sky130_fd_sc_hd__clkdlybuf4s25_1)
     1    0.034612    0.349288    0.461387    3.024704 ^ output91/X (sky130_fd_sc_hd__clkdlybuf4s25_1)
                                                         result[2] (net)
                      0.349288    0.000214    3.024917 ^ result[2] (out)
                                              3.024917   data arrival time

                      0.000000    0.000000    0.000000   clock __VIRTUAL_CLK__ (rise edge)
                                  0.000000    0.000000   clock network delay (ideal)
                                  0.250000    0.250000   clock uncertainty
                                  0.000000    0.250000   clock reconvergence pessimism
                                 -2.000000   -1.750000   output external delay
                                             -1.750000   data required time
---------------------------------------------------------------------------------------------
                                             -1.750000   data required time
                                             -3.024917   data arrival time
---------------------------------------------------------------------------------------------
                                              4.774917   slack (MET)


Startpoint: B[16] (input port clocked by __VIRTUAL_CLK__)
Endpoint: result[16] (output port clocked by __VIRTUAL_CLK__)
Path Group: __VIRTUAL_CLK__
Path Type: min

Fanout         Cap        Slew       Delay        Time   Description
---------------------------------------------------------------------------------------------
                      0.000000    0.000000    0.000000   clock __VIRTUAL_CLK__ (rise edge)
                                  0.000000    0.000000   clock network delay (ideal)
                                  2.000000    2.000000 v input external delay
     1    0.002859    0.008769    0.004512    2.004512 v B[16] (in)
                                                         B[16] (net)
                      0.008769    0.000000    2.004512 v input40/A (sky130_fd_sc_hd__clkdlybuf4s25_1)
     3    0.012051    0.102552    0.281060    2.285572 v input40/X (sky130_fd_sc_hd__clkdlybuf4s25_1)
                                                         net40 (net)
                      0.102552    0.000034    2.285606 v _1036_/A (sky130_fd_sc_hd__nand2_2)
     6    0.029203    0.156334    0.166021    2.451627 ^ _1036_/Y (sky130_fd_sc_hd__nand2_2)
                                                         _0211_ (net)
                      0.156334    0.000069    2.451696 ^ _1039_/A (sky130_fd_sc_hd__nand2_2)
     4    0.016164    0.073245    0.108268    2.559964 v _1039_/Y (sky130_fd_sc_hd__nand2_2)
                                                         _0214_ (net)
                      0.073245    0.000030    2.559995 v _1412_/A1 (sky130_fd_sc_hd__a311oi_2)
     1    0.002800    0.128205    0.193570    2.753565 ^ _1412_/Y (sky130_fd_sc_hd__a311oi_2)
                                                         _0571_ (net)
                      0.128205    0.000003    2.753567 ^ _1425_/A (sky130_fd_sc_hd__or3b_4)
     2    0.009063    0.045389    0.154857    2.908425 ^ _1425_/X (sky130_fd_sc_hd__or3b_4)
                                                         net76 (net)
                      0.045389    0.000036    2.908461 ^ rebuffer524/A (sky130_fd_sc_hd__buf_6)
     1    0.008977    0.031382    0.088931    2.997392 ^ rebuffer524/X (sky130_fd_sc_hd__buf_6)
                                                         net524 (net)
                      0.031383    0.000059    2.997451 ^ output76/A (sky130_fd_sc_hd__buf_8)
     1    0.034288    0.065652    0.111224    3.108675 ^ output76/X (sky130_fd_sc_hd__buf_8)
                                                         result[16] (net)
                      0.065652    0.000126    3.108802 ^ result[16] (out)
                                              3.108802   data arrival time

                      0.000000    0.000000    0.000000   clock __VIRTUAL_CLK__ (rise edge)
                                  0.000000    0.000000   clock network delay (ideal)
                                  0.250000    0.250000   clock uncertainty
                                  0.000000    0.250000   clock reconvergence pessimism
                                 -2.000000   -1.750000   output external delay
                                             -1.750000   data required time
---------------------------------------------------------------------------------------------
                                             -1.750000   data required time
                                             -3.108802   data arrival time
---------------------------------------------------------------------------------------------
                                              4.858801   slack (MET)


Startpoint: B[4] (input port clocked by __VIRTUAL_CLK__)
Endpoint: result[1] (output port clocked by __VIRTUAL_CLK__)
Path Group: __VIRTUAL_CLK__
Path Type: min

Fanout         Cap        Slew       Delay        Time   Description
---------------------------------------------------------------------------------------------
                      0.000000    0.000000    0.000000   clock __VIRTUAL_CLK__ (rise edge)
                                  0.000000    0.000000   clock network delay (ideal)
                                  2.000000    2.000000 ^ input external delay
     1    0.008566    0.045026    0.029349    2.029349 ^ B[4] (in)
                                                         B[4] (net)
                      0.045026    0.000000    2.029349 ^ input59/A (sky130_fd_sc_hd__buf_8)
     4    0.023808    0.050173    0.103758    2.133107 ^ input59/X (sky130_fd_sc_hd__buf_8)
                                                         net59 (net)
                      0.050173    0.000049    2.133156 ^ fanout158/A (sky130_fd_sc_hd__buf_6)
     2    0.010567    0.034044    0.093171    2.226327 ^ fanout158/X (sky130_fd_sc_hd__buf_6)
                                                         net158 (net)
                      0.034044    0.000028    2.226355 ^ fanout157/A (sky130_fd_sc_hd__buf_8)
     4    0.017869    0.041642    0.093173    2.319528 ^ fanout157/X (sky130_fd_sc_hd__buf_8)
                                                         net157 (net)
                      0.041642    0.000097    2.319625 ^ rebuffer457/A (sky130_fd_sc_hd__buf_2)
     7    0.028669    0.144009    0.178495    2.498120 ^ rebuffer457/X (sky130_fd_sc_hd__buf_2)
                                                         net457 (net)
                      0.144009    0.000166    2.498286 ^ _1110_/A1 (sky130_fd_sc_hd__a211o_2)
     2    0.008123    0.047688    0.164241    2.662527 ^ _1110_/X (sky130_fd_sc_hd__a211o_2)
                                                         net80 (net)
                      0.047688    0.000100    2.662627 ^ output80/A (sky130_fd_sc_hd__clkdlybuf4s25_1)
     1    0.034604    0.349084    0.462893    3.125520 ^ output80/X (sky130_fd_sc_hd__clkdlybuf4s25_1)
                                                         result[1] (net)
                      0.349084    0.000165    3.125685 ^ result[1] (out)
                                              3.125685   data arrival time

                      0.000000    0.000000    0.000000   clock __VIRTUAL_CLK__ (rise edge)
                                  0.000000    0.000000   clock network delay (ideal)
                                  0.250000    0.250000   clock uncertainty
                                  0.000000    0.250000   clock reconvergence pessimism
                                 -2.000000   -1.750000   output external delay
                                             -1.750000   data required time
---------------------------------------------------------------------------------------------
                                             -1.750000   data required time
                                             -3.125685   data arrival time
---------------------------------------------------------------------------------------------
                                              4.875685   slack (MET)


Startpoint: B[26] (input port clocked by __VIRTUAL_CLK__)
Endpoint: result[27] (output port clocked by __VIRTUAL_CLK__)
Path Group: __VIRTUAL_CLK__
Path Type: min

Fanout         Cap        Slew       Delay        Time   Description
---------------------------------------------------------------------------------------------
                      0.000000    0.000000    0.000000   clock __VIRTUAL_CLK__ (rise edge)
                                  0.000000    0.000000   clock network delay (ideal)
                                  2.000000    2.000000 ^ input external delay
     1    0.004273    0.026125    0.015464    2.015464 ^ B[26] (in)
                                                         B[26] (net)
                      0.026125    0.000000    2.015464 ^ input51/A (sky130_fd_sc_hd__clkdlybuf4s25_1)
     4    0.011482    0.128628    0.297064    2.312528 ^ input51/X (sky130_fd_sc_hd__clkdlybuf4s25_1)
                                                         net51 (net)
                      0.128628    0.000019    2.312547 ^ _0913_/A (sky130_fd_sc_hd__nand2_2)
     4    0.014476    0.074734    0.096998    2.409545 v _0913_/Y (sky130_fd_sc_hd__nand2_2)
                                                         _0088_ (net)
                      0.074734    0.000033    2.409578 v _1597_/B (sky130_fd_sc_hd__nand3b_2)
     1    0.005624    0.057750    0.087734    2.497312 ^ _1597_/Y (sky130_fd_sc_hd__nand3b_2)
                                                         _0745_ (net)
                      0.057750    0.000014    2.497325 ^ _1607_/A3 (sky130_fd_sc_hd__a31o_4)
     2    0.005069    0.032659    0.145135    2.642461 ^ _1607_/X (sky130_fd_sc_hd__a31o_4)
                                                         net88 (net)
                      0.032659    0.000012    2.642473 ^ rebuffer394/A (sky130_fd_sc_hd__buf_2)
     1    0.005756    0.039367    0.097548    2.740021 ^ rebuffer394/X (sky130_fd_sc_hd__buf_2)
                                                         net394 (net)
                      0.039367    0.000026    2.740047 ^ rebuffer393/A (sky130_fd_sc_hd__buf_6)
     1    0.005839    0.026154    0.081840    2.821887 ^ rebuffer393/X (sky130_fd_sc_hd__buf_6)
                                                         net393 (net)
                      0.026154    0.000031    2.821918 ^ rebuffer392/A (sky130_fd_sc_hd__buf_6)
     1    0.005052    0.024653    0.075488    2.897406 ^ rebuffer392/X (sky130_fd_sc_hd__buf_6)
                                                         net392 (net)
                      0.024653    0.000006    2.897413 ^ rebuffer391/A (sky130_fd_sc_hd__buf_6)
     1    0.005495    0.025487    0.075776    2.973189 ^ rebuffer391/X (sky130_fd_sc_hd__buf_6)
                                                         net391 (net)
                      0.025487    0.000016    2.973205 ^ rebuffer389/A (sky130_fd_sc_hd__buf_6)
     1    0.008219    0.030110    0.080436    3.053641 ^ rebuffer389/X (sky130_fd_sc_hd__buf_6)
                                                         net389 (net)
                      0.030110    0.000046    3.053687 ^ output88/A (sky130_fd_sc_hd__buf_8)
     1    0.035339    0.067254    0.111857    3.165544 ^ output88/X (sky130_fd_sc_hd__buf_8)
                                                         result[27] (net)
                      0.067255    0.000358    3.165903 ^ result[27] (out)
                                              3.165903   data arrival time

                      0.000000    0.000000    0.000000   clock __VIRTUAL_CLK__ (rise edge)
                                  0.000000    0.000000   clock network delay (ideal)
                                  0.250000    0.250000   clock uncertainty
                                  0.000000    0.250000   clock reconvergence pessimism
                                 -2.000000   -1.750000   output external delay
                                             -1.750000   data required time
---------------------------------------------------------------------------------------------
                                             -1.750000   data required time
                                             -3.165903   data arrival time
---------------------------------------------------------------------------------------------
                                              4.915903   slack (MET)



