
===========================================================================
report_checks -unconstrained
===========================================================================
======================= min_ss_100C_1v60 Corner ===================================

Startpoint: rs1[3] (input port clocked by clk)
Endpoint: rd1[16] (output port clocked by clk)
Path Group: clk
Path Type: max

Fanout         Cap        Slew       Delay        Time   Description
---------------------------------------------------------------------------------------------
                                  0.000000    0.000000   clock clk (rise edge)
                                  0.000000    0.000000   clock network delay (propagated)
                                  2.000000    2.000000 v input external delay
     1    0.004120    0.023611    0.013381    2.013381 v rs1[3] (in)
                                                         rs1[3] (net)
                      0.023611    0.000000    2.013381 v input9/A (sky130_fd_sc_hd__clkdlybuf4s25_1)
     7    0.032618    0.443551    0.730927    2.744308 v input9/X (sky130_fd_sc_hd__clkdlybuf4s25_1)
                                                         net9 (net)
                      0.443551    0.001058    2.745367 v _2493_/A (sky130_fd_sc_hd__inv_2)
     6    0.034612    0.288700    0.395670    3.141037 ^ _2493_/Y (sky130_fd_sc_hd__inv_2)
                                                         _1025_ (net)
                      0.288700    0.000382    3.141419 ^ _2500_/B (sky130_fd_sc_hd__and2_2)
     1    0.014188    0.150238    0.419802    3.561221 ^ _2500_/X (sky130_fd_sc_hd__and2_2)
                                                         _1032_ (net)
                      0.150238    0.000743    3.561964 ^ fanout565/A (sky130_fd_sc_hd__clkdlybuf4s25_1)
     8    0.131745    2.067056    1.924449    5.486413 ^ fanout565/X (sky130_fd_sc_hd__clkdlybuf4s25_1)
                                                         net565 (net)
                      2.067056    0.000393    5.486806 ^ fanout562/A (sky130_fd_sc_hd__clkdlybuf4s25_1)
    10    0.105747    1.666167    2.123394    7.610200 ^ fanout562/X (sky130_fd_sc_hd__clkdlybuf4s25_1)
                                                         net562 (net)
                      1.666167    0.001300    7.611500 ^ _2881_/C1 (sky130_fd_sc_hd__o211a_2)
     1    0.006660    0.128559    0.907284    8.518785 ^ _2881_/X (sky130_fd_sc_hd__o211a_2)
                                                         _1397_ (net)
                      0.128559    0.000173    8.518957 ^ _2887_/B1 (sky130_fd_sc_hd__a31o_2)
     1    0.014875    0.165884    0.273290    8.792247 ^ _2887_/X (sky130_fd_sc_hd__a31o_2)
                                                         _1403_ (net)
                      0.165885    0.000735    8.792983 ^ _2894_/A1 (sky130_fd_sc_hd__o21a_2)
     1    0.019292    0.179567    0.397716    9.190699 ^ _2894_/X (sky130_fd_sc_hd__o21a_2)
                                                         net57 (net)
                      0.179567    0.000350    9.191049 ^ output57/A (sky130_fd_sc_hd__dlymetal6s2s_1)
     1    0.034795    0.540836    0.548098    9.739146 ^ output57/X (sky130_fd_sc_hd__dlymetal6s2s_1)
                                                         rd1[16] (net)
                      0.540836    0.000489    9.739636 ^ rd1[16] (out)
                                              9.739636   data arrival time

                                 10.000000   10.000000   clock clk (rise edge)
                                  0.000000   10.000000   clock network delay (propagated)
                                 -0.250000    9.750000   clock uncertainty
                                  0.000000    9.750000   clock reconvergence pessimism
                                 -2.000000    7.750000   output external delay
                                              7.750000   data required time
---------------------------------------------------------------------------------------------
                                              7.750000   data required time
                                             -9.739636   data arrival time
---------------------------------------------------------------------------------------------
                                             -1.989636   slack (VIOLATED)




===========================================================================
report_checks --slack_max -0.01
============================================================================
======================= min_ss_100C_1v60 Corner ===================================

Startpoint: rs1[3] (input port clocked by clk)
Endpoint: rd1[16] (output port clocked by clk)
Path Group: clk
Path Type: max

Fanout         Cap        Slew       Delay        Time   Description
---------------------------------------------------------------------------------------------
                                  0.000000    0.000000   clock clk (rise edge)
                                  0.000000    0.000000   clock network delay (propagated)
                                  2.000000    2.000000 v input external delay
     1    0.004120    0.023611    0.013381    2.013381 v rs1[3] (in)
                                                         rs1[3] (net)
                      0.023611    0.000000    2.013381 v input9/A (sky130_fd_sc_hd__clkdlybuf4s25_1)
     7    0.032618    0.443551    0.730927    2.744308 v input9/X (sky130_fd_sc_hd__clkdlybuf4s25_1)
                                                         net9 (net)
                      0.443551    0.001058    2.745367 v _2493_/A (sky130_fd_sc_hd__inv_2)
     6    0.034612    0.288700    0.395670    3.141037 ^ _2493_/Y (sky130_fd_sc_hd__inv_2)
                                                         _1025_ (net)
                      0.288700    0.000382    3.141419 ^ _2500_/B (sky130_fd_sc_hd__and2_2)
     1    0.014188    0.150238    0.419802    3.561221 ^ _2500_/X (sky130_fd_sc_hd__and2_2)
                                                         _1032_ (net)
                      0.150238    0.000743    3.561964 ^ fanout565/A (sky130_fd_sc_hd__clkdlybuf4s25_1)
     8    0.131745    2.067056    1.924449    5.486413 ^ fanout565/X (sky130_fd_sc_hd__clkdlybuf4s25_1)
                                                         net565 (net)
                      2.067056    0.000393    5.486806 ^ fanout562/A (sky130_fd_sc_hd__clkdlybuf4s25_1)
    10    0.105747    1.666167    2.123394    7.610200 ^ fanout562/X (sky130_fd_sc_hd__clkdlybuf4s25_1)
                                                         net562 (net)
                      1.666167    0.001300    7.611500 ^ _2881_/C1 (sky130_fd_sc_hd__o211a_2)
     1    0.006660    0.128559    0.907284    8.518785 ^ _2881_/X (sky130_fd_sc_hd__o211a_2)
                                                         _1397_ (net)
                      0.128559    0.000173    8.518957 ^ _2887_/B1 (sky130_fd_sc_hd__a31o_2)
     1    0.014875    0.165884    0.273290    8.792247 ^ _2887_/X (sky130_fd_sc_hd__a31o_2)
                                                         _1403_ (net)
                      0.165885    0.000735    8.792983 ^ _2894_/A1 (sky130_fd_sc_hd__o21a_2)
     1    0.019292    0.179567    0.397716    9.190699 ^ _2894_/X (sky130_fd_sc_hd__o21a_2)
                                                         net57 (net)
                      0.179567    0.000350    9.191049 ^ output57/A (sky130_fd_sc_hd__dlymetal6s2s_1)
     1    0.034795    0.540836    0.548098    9.739146 ^ output57/X (sky130_fd_sc_hd__dlymetal6s2s_1)
                                                         rd1[16] (net)
                      0.540836    0.000489    9.739636 ^ rd1[16] (out)
                                              9.739636   data arrival time

                                 10.000000   10.000000   clock clk (rise edge)
                                  0.000000   10.000000   clock network delay (propagated)
                                 -0.250000    9.750000   clock uncertainty
                                  0.000000    9.750000   clock reconvergence pessimism
                                 -2.000000    7.750000   output external delay
                                              7.750000   data required time
---------------------------------------------------------------------------------------------
                                              7.750000   data required time
                                             -9.739636   data arrival time
---------------------------------------------------------------------------------------------
                                             -1.989636   slack (VIOLATED)




===========================================================================
 report_check_types -max_slew -max_cap -max_fanout -violators
============================================================================
======================= min_ss_100C_1v60 Corner ===================================

max slew

Pin                                        Limit        Slew       Slack
------------------------------------------------------------------------
_3207_/B2                               0.750000    2.067083   -1.317083 (VIOLATED)
_3049_/C1                               0.750000    2.067081   -1.317081 (VIOLATED)
_3161_/C1                               0.750000    2.067080   -1.317080 (VIOLATED)
_3066_/C1                               0.750000    2.067067   -1.317067 (VIOLATED)
fanout564/A                             0.750000    2.067067   -1.317067 (VIOLATED)
ANTENNA_24/DIODE                        0.750000    2.067060   -1.317061 (VIOLATED)
fanout563/A                             0.750000    2.067060   -1.317061 (VIOLATED)
fanout562/A                             0.750000    2.067056   -1.317056 (VIOLATED)
fanout565/X                             0.750000    2.067056   -1.317056 (VIOLATED)
_3196_/C1                               0.750000    1.846617   -1.096617 (VIOLATED)
fanout636/A                             0.750000    1.846617   -1.096617 (VIOLATED)
_3050_/A1                               0.750000    1.846616   -1.096616 (VIOLATED)
_3162_/B1                               0.750000    1.846615   -1.096615 (VIOLATED)
_3073_/B2                               0.750000    1.846611   -1.096611 (VIOLATED)
fanout634/A                             0.750000    1.846596   -1.096596 (VIOLATED)
fanout635/A                             0.750000    1.846596   -1.096596 (VIOLATED)
fanout637/X                             0.750000    1.846596   -1.096596 (VIOLATED)
_2525_/B2                               0.750000    1.666167   -0.916167 (VIOLATED)
_2711_/A1                               0.750000    1.666167   -0.916167 (VIOLATED)
_2768_/C1                               0.750000    1.666167   -0.916167 (VIOLATED)
_2803_/B2                               0.750000    1.666167   -0.916167 (VIOLATED)
_2824_/C1                               0.750000    1.666167   -0.916167 (VIOLATED)
_2881_/C1                               0.750000    1.666167   -0.916167 (VIOLATED)
_2961_/B2                               0.750000    1.666167   -0.916167 (VIOLATED)
_3029_/B2                               0.750000    1.666167   -0.916167 (VIOLATED)
_3135_/A1                               0.750000    1.666167   -0.916167 (VIOLATED)
_3185_/A1                               0.750000    1.666167   -0.916167 (VIOLATED)
fanout562/X                             0.750000    1.666167   -0.916167 (VIOLATED)
_2687_/B2                               0.750000    1.569945   -0.819945 (VIOLATED)
_2573_/A1                               0.750000    1.569944   -0.819944 (VIOLATED)
_2596_/A1                               0.750000    1.569944   -0.819944 (VIOLATED)
_2624_/C1                               0.750000    1.569944   -0.819944 (VIOLATED)
_2664_/B2                               0.750000    1.569944   -0.819944 (VIOLATED)
_2728_/C1                               0.750000    1.569944   -0.819944 (VIOLATED)
_2757_/B2                               0.750000    1.569944   -0.819944 (VIOLATED)
_2837_/C1                               0.750000    1.569944   -0.819944 (VIOLATED)
_3000_/C1                               0.750000    1.569944   -0.819944 (VIOLATED)
_3118_/B2                               0.750000    1.569944   -0.819944 (VIOLATED)
fanout563/X                             0.750000    1.569944   -0.819944 (VIOLATED)
_2717_/C1                               0.750000    1.539271   -0.789271 (VIOLATED)
_2681_/A1                               0.750000    1.539268   -0.789268 (VIOLATED)
_2745_/C1                               0.750000    1.539238   -0.789238 (VIOLATED)
_2657_/C1                               0.750000    1.539222   -0.789222 (VIOLATED)
_2629_/C1                               0.750000    1.539211   -0.789211 (VIOLATED)
_3106_/C1                               0.750000    1.539175   -0.789175 (VIOLATED)
_3006_/A1                               0.750000    1.539151   -0.789151 (VIOLATED)
_2842_/C1                               0.750000    1.539144   -0.789144 (VIOLATED)
_2573_/B2                               0.750000    1.539134   -0.789134 (VIOLATED)
_2595_/C1                               0.750000    1.539134   -0.789134 (VIOLATED)
fanout635/X                             0.750000    1.539134   -0.789134 (VIOLATED)
_2524_/B1                               0.750000    1.516009   -0.766009 (VIOLATED)
_2694_/C_N                              0.750000    1.516009   -0.766009 (VIOLATED)
_2774_/A1                               0.750000    1.516009   -0.766009 (VIOLATED)
_2791_/C1                               0.750000    1.516009   -0.766009 (VIOLATED)
_2825_/A1                               0.750000    1.516009   -0.766009 (VIOLATED)
_2893_/B2                               0.750000    1.516009   -0.766009 (VIOLATED)
_2955_/A1                               0.750000    1.516009   -0.766009 (VIOLATED)
_3023_/A1                               0.750000    1.516009   -0.766009 (VIOLATED)
_3129_/C1                               0.750000    1.516009   -0.766009 (VIOLATED)
_3179_/A1                               0.750000    1.516009   -0.766009 (VIOLATED)
fanout634/X                             0.750000    1.516009   -0.766009 (VIOLATED)
_3446_/A1                               0.750000    1.499158   -0.749158 (VIOLATED)
_3291_/B2                               0.750000    1.499156   -0.749156 (VIOLATED)
_3400_/A1                               0.750000    1.499157   -0.749157 (VIOLATED)
_3881_/B2                               0.750000    1.499157   -0.749157 (VIOLATED)
_3392_/B2                               0.750000    1.499156   -0.749156 (VIOLATED)
_3555_/A1                               0.750000    1.499156   -0.749156 (VIOLATED)
_3708_/B2                               0.750000    1.499154   -0.749154 (VIOLATED)
_3381_/B2                               0.750000    1.499151   -0.749151 (VIOLATED)
_3376_/B2                               0.750000    1.499148   -0.749149 (VIOLATED)
_3387_/B2                               0.750000    1.499148   -0.749149 (VIOLATED)
fanout600/X                             0.750000    1.499148   -0.749149 (VIOLATED)
_3515_/B1                               0.750000    1.453766   -0.703766 (VIOLATED)
_3254_/B1                               0.750000    1.453764   -0.703764 (VIOLATED)
_3741_/B1                               0.750000    1.453756   -0.703756 (VIOLATED)
_3440_/A1                               0.750000    1.453747   -0.703747 (VIOLATED)
_3503_/C1                               0.750000    1.453724   -0.703724 (VIOLATED)
_3280_/A1                               0.750000    1.453717   -0.703717 (VIOLATED)
_3633_/B1                               0.750000    1.453707   -0.703707 (VIOLATED)
_3341_/A                                0.750000    1.453700   -0.703700 (VIOLATED)
_3854_/A1                               0.750000    1.453694   -0.703694 (VIOLATED)
_3897_/C1                               0.750000    1.453684   -0.703684 (VIOLATED)
fanout575/X                             0.750000    1.453684   -0.703684 (VIOLATED)
_5021_/A2                               0.750000    1.393653   -0.643653 (VIOLATED)
_5024_/A2                               0.750000    1.393653   -0.643653 (VIOLATED)
_5027_/A2                               0.750000    1.393653   -0.643653 (VIOLATED)
_5038_/A2                               0.750000    1.393653   -0.643653 (VIOLATED)
fanout328/X                             0.750000    1.393653   -0.643653 (VIOLATED)
load_slew329/A                          0.750000    1.393653   -0.643653 (VIOLATED)
_3472_/A1                               0.750000    1.293514   -0.543514 (VIOLATED)
_3360_/A1                               0.750000    1.293513   -0.543513 (VIOLATED)
_3377_/C1                               0.750000    1.293510   -0.543510 (VIOLATED)
_3370_/C1                               0.750000    1.293507   -0.543507 (VIOLATED)
_3429_/C1                               0.750000    1.293507   -0.543507 (VIOLATED)
_3602_/A1                               0.750000    1.293507   -0.543507 (VIOLATED)
_3607_/C1                               0.750000    1.293507   -0.543507 (VIOLATED)
_3662_/C1                               0.750000    1.293507   -0.543507 (VIOLATED)
_3735_/C1                               0.750000    1.293507   -0.543507 (VIOLATED)
_3781_/C1                               0.750000    1.293507   -0.543507 (VIOLATED)
fanout700/X                             0.750000    1.293507   -0.543507 (VIOLATED)
fanout536/A                             0.750000    1.274463   -0.524463 (VIOLATED)
fanout534/A                             0.750000    1.274460   -0.524460 (VIOLATED)
_3987_/Y                                0.750000    1.274454   -0.524454 (VIOLATED)
fanout539/A                             0.750000    1.274454   -0.524454 (VIOLATED)
_4852_/B1                               0.750000    1.270427   -0.520427 (VIOLATED)
_4856_/B1                               0.750000    1.270427   -0.520427 (VIOLATED)
_4860_/B1                               0.750000    1.270427   -0.520427 (VIOLATED)
_4867_/B1                               0.750000    1.270427   -0.520427 (VIOLATED)
_4872_/B1                               0.750000    1.270427   -0.520427 (VIOLATED)
_4875_/B1                               0.750000    1.270427   -0.520427 (VIOLATED)
fanout147/X                             0.750000    1.270427   -0.520427 (VIOLATED)
_4320_/B1                               0.750000    1.230459   -0.480459 (VIOLATED)
_4325_/B1                               0.750000    1.230459   -0.480459 (VIOLATED)
_4330_/B1                               0.750000    1.230459   -0.480459 (VIOLATED)
_4331_/B1                               0.750000    1.230459   -0.480459 (VIOLATED)
fanout247/A                             0.750000    1.230459   -0.480459 (VIOLATED)
fanout249/A                             0.750000    1.230459   -0.480459 (VIOLATED)
fanout251/A                             0.750000    1.230459   -0.480459 (VIOLATED)
fanout253/X                             0.750000    1.230459   -0.480459 (VIOLATED)
ANTENNA_6/DIODE                         0.750000    1.209404   -0.459404 (VIOLATED)
ANTENNA_7/DIODE                         0.750000    1.209404   -0.459404 (VIOLATED)
fanout464/A                             0.750000    1.209404   -0.459404 (VIOLATED)
fanout466/A                             0.750000    1.209404   -0.459404 (VIOLATED)
_4332_/Y                                0.750000    1.209402   -0.459402 (VIOLATED)
fanout461/A                             0.750000    1.209402   -0.459402 (VIOLATED)
fanout463/A                             0.750000    1.209402   -0.459402 (VIOLATED)
_4837_/B1                               0.750000    1.184873   -0.434873 (VIOLATED)
_4832_/B1                               0.750000    1.184872   -0.434872 (VIOLATED)
_4827_/B1                               0.750000    1.184869   -0.434869 (VIOLATED)
_4828_/B1                               0.750000    1.184869   -0.434869 (VIOLATED)
_4830_/B1                               0.750000    1.184869   -0.434869 (VIOLATED)
_4843_/B1                               0.750000    1.184869   -0.434869 (VIOLATED)
fanout157/X                             0.750000    1.184869   -0.434869 (VIOLATED)
_4333_/B                                0.750000    1.169320   -0.419320 (VIOLATED)
_4341_/A2                               0.750000    1.169320   -0.419320 (VIOLATED)
_4350_/A2                               0.750000    1.169320   -0.419320 (VIOLATED)
fanout464/X                             0.750000    1.169320   -0.419320 (VIOLATED)
wire465/A                               0.750000    1.169320   -0.419320 (VIOLATED)
_4913_/Y                                0.750000    1.165780   -0.415780 (VIOLATED)
fanout132/A                             0.750000    1.165780   -0.415780 (VIOLATED)
fanout134/A                             0.750000    1.165780   -0.415780 (VIOLATED)
fanout135/A                             0.750000    1.165780   -0.415780 (VIOLATED)
fanout137/A                             0.750000    1.165780   -0.415780 (VIOLATED)
ANTENNA_40/DIODE                        0.750000    1.161715   -0.411715 (VIOLATED)
ANTENNA_41/DIODE                        0.750000    1.161715   -0.411715 (VIOLATED)
_5015_/Y                                0.750000    1.161715   -0.411715 (VIOLATED)
fanout114/A                             0.750000    1.161715   -0.411715 (VIOLATED)
fanout116/A                             0.750000    1.161715   -0.411715 (VIOLATED)
fanout117/A                             0.750000    1.161715   -0.411715 (VIOLATED)
fanout119/A                             0.750000    1.161715   -0.411715 (VIOLATED)
ANTENNA_37/DIODE                        0.750000    1.157007   -0.407007 (VIOLATED)
fanout358/A                             0.750000    1.157007   -0.407007 (VIOLATED)
_4878_/Y                                0.750000    1.157005   -0.407005 (VIOLATED)
fanout356/A                             0.750000    1.157005   -0.407005 (VIOLATED)
fanout361/A                             0.750000    1.157005   -0.407005 (VIOLATED)
ANTENNA_38/DIODE                        0.750000    1.150830   -0.400830 (VIOLATED)
fanout351/A                             0.750000    1.150830   -0.400830 (VIOLATED)
ANTENNA_39/DIODE                        0.750000    1.150820   -0.400820 (VIOLATED)
fanout354/A                             0.750000    1.150821   -0.400821 (VIOLATED)
fanout349/A                             0.750000    1.150815   -0.400815 (VIOLATED)
_4912_/Y                                0.750000    1.150803   -0.400803 (VIOLATED)
fanout352/A                             0.750000    1.150803   -0.400803 (VIOLATED)
_4841_/A2                               0.750000    1.150342   -0.400342 (VIOLATED)
_4818_/A2                               0.750000    1.150336   -0.400336 (VIOLATED)
_4822_/A2                               0.750000    1.150336   -0.400336 (VIOLATED)
_4826_/A2                               0.750000    1.150336   -0.400336 (VIOLATED)
_4833_/A2                               0.750000    1.150336   -0.400336 (VIOLATED)
_4838_/A2                               0.750000    1.150336   -0.400336 (VIOLATED)
fanout372/X                             0.750000    1.150336   -0.400336 (VIOLATED)
_5045_/B1                               0.750000    1.146867   -0.396867 (VIOLATED)
_5037_/B1                               0.750000    1.146865   -0.396865 (VIOLATED)
_5030_/B1                               0.750000    1.146862   -0.396862 (VIOLATED)
_5042_/B1                               0.750000    1.146856   -0.396856 (VIOLATED)
_5022_/B1                               0.750000    1.146844   -0.396844 (VIOLATED)
_5026_/B1                               0.750000    1.146844   -0.396844 (VIOLATED)
fanout116/X                             0.750000    1.146844   -0.396844 (VIOLATED)
fanout330/A                             0.750000    1.144023   -0.394023 (VIOLATED)
fanout333/A                             0.750000    1.144018   -0.394018 (VIOLATED)
_5014_/Y                                0.750000    1.144011   -0.394011 (VIOLATED)
fanout328/A                             0.750000    1.144011   -0.394011 (VIOLATED)
fanout331/A                             0.750000    1.144011   -0.394011 (VIOLATED)
fanout387/A                             0.750000    1.134218   -0.384218 (VIOLATED)
_4710_/Y                                0.750000    1.134201   -0.384201 (VIOLATED)
fanout385/A                             0.750000    1.134201   -0.384201 (VIOLATED)
fanout390/A                             0.750000    1.134201   -0.384201 (VIOLATED)
_4885_/A2                               0.750000    1.131117   -0.381117 (VIOLATED)
_4891_/A2                               0.750000    1.131106   -0.381106 (VIOLATED)
load_slew357/A                          0.750000    1.131106   -0.381106 (VIOLATED)
_4888_/A2                               0.750000    1.131104   -0.381104 (VIOLATED)
_4902_/A2                               0.750000    1.131101   -0.381101 (VIOLATED)
fanout356/X                             0.750000    1.131101   -0.381101 (VIOLATED)
_3241_/B1                               0.750000    1.131067   -0.381067 (VIOLATED)
_3786_/B2                               0.750000    1.131066   -0.381066 (VIOLATED)
_3791_/B2                               0.750000    1.131064   -0.381064 (VIOLATED)
_3672_/B2                               0.750000    1.131062   -0.381062 (VIOLATED)
_3775_/B2                               0.750000    1.131056   -0.381056 (VIOLATED)
_3734_/B2                               0.750000    1.131054   -0.381054 (VIOLATED)
_3752_/B2                               0.750000    1.131054   -0.381054 (VIOLATED)
_3510_/A1                               0.750000    1.131052   -0.381052 (VIOLATED)
fanout598/A                             0.750000    1.131049   -0.381049 (VIOLATED)
_3780_/B2                               0.750000    1.131043   -0.381043 (VIOLATED)
fanout599/X                             0.750000    1.131043   -0.381043 (VIOLATED)
fanout416/A                             0.750000    1.125861   -0.375861 (VIOLATED)
fanout418/A                             0.750000    1.125861   -0.375861 (VIOLATED)
_4573_/Y                                0.750000    1.125854   -0.375854 (VIOLATED)
fanout413/A                             0.750000    1.125854   -0.375854 (VIOLATED)
fanout415/A                             0.750000    1.125854   -0.375854 (VIOLATED)
_4808_/A_N                              0.750000    1.124574   -0.374574 (VIOLATED)
ANTENNA_13/DIODE                        0.750000    1.124571   -0.374571 (VIOLATED)
_4801_/A_N                              0.750000    1.124571   -0.374571 (VIOLATED)
ANTENNA_33/DIODE                        0.750000    1.124556   -0.374556 (VIOLATED)
_4806_/A_N                              0.750000    1.124556   -0.374556 (VIOLATED)
ANTENNA_35/DIODE                        0.750000    1.124491   -0.374491 (VIOLATED)
fanout1002/A                            0.750000    1.124492   -0.374492 (VIOLATED)
ANTENNA_34/DIODE                        0.750000    1.124459   -0.374459 (VIOLATED)
fanout994/A                             0.750000    1.124459   -0.374459 (VIOLATED)
fanout993/A                             0.750000    1.124448   -0.374448 (VIOLATED)
fanout991/A                             0.750000    1.124439   -0.374439 (VIOLATED)
input16/X                               0.750000    1.124432   -0.374432 (VIOLATED)
fanout254/A                             0.750000    1.124416   -0.374416 (VIOLATED)
fanout256/A                             0.750000    1.124413   -0.374413 (VIOLATED)
_4297_/B1                               0.750000    1.124411   -0.374411 (VIOLATED)
_4286_/B1                               0.750000    1.124409   -0.374409 (VIOLATED)
_4291_/B1                               0.750000    1.124408   -0.374408 (VIOLATED)
_4296_/B1                               0.750000    1.124408   -0.374408 (VIOLATED)
fanout258/A                             0.750000    1.124408   -0.374408 (VIOLATED)
fanout260/X                             0.750000    1.124408   -0.374408 (VIOLATED)
fanout448/A                             0.750000    1.121949   -0.371949 (VIOLATED)
fanout452/A                             0.750000    1.121949   -0.371949 (VIOLATED)
fanout446/A                             0.750000    1.121946   -0.371946 (VIOLATED)
_4402_/Y                                0.750000    1.121939   -0.371939 (VIOLATED)
fanout450/A                             0.750000    1.121939   -0.371939 (VIOLATED)
fanout337/A                             0.750000    1.121596   -0.371596 (VIOLATED)
fanout335/A                             0.750000    1.121595   -0.371595 (VIOLATED)
_4980_/Y                                0.750000    1.121594   -0.371594 (VIOLATED)
fanout340/A                             0.750000    1.121594   -0.371594 (VIOLATED)
_5045_/A2                               0.750000    1.115550   -0.365550 (VIOLATED)
_5037_/A2                               0.750000    1.115547   -0.365547 (VIOLATED)
_5030_/A2                               0.750000    1.115544   -0.365544 (VIOLATED)
_5042_/A2                               0.750000    1.115539   -0.365539 (VIOLATED)
_5022_/A2                               0.750000    1.115531   -0.365531 (VIOLATED)
_5026_/A2                               0.750000    1.115531   -0.365531 (VIOLATED)
fanout330/X                             0.750000    1.115531   -0.365531 (VIOLATED)
_4919_/A2                               0.750000    1.111895   -0.361895 (VIOLATED)
_4922_/A2                               0.750000    1.111891   -0.361891 (VIOLATED)
_4925_/A2                               0.750000    1.111891   -0.361891 (VIOLATED)
_4936_/A2                               0.750000    1.111891   -0.361891 (VIOLATED)
fanout349/X                             0.750000    1.111891   -0.361891 (VIOLATED)
load_slew350/A                          0.750000    1.111891   -0.361891 (VIOLATED)
fanout435/A                             0.750000    1.106286   -0.356286 (VIOLATED)
fanout438/A                             0.750000    1.106285   -0.356285 (VIOLATED)
_4470_/Y                                0.750000    1.106282   -0.356282 (VIOLATED)
fanout433/A                             0.750000    1.106282   -0.356282 (VIOLATED)
fanout436/A                             0.750000    1.106282   -0.356282 (VIOLATED)
_2875_/A1                               0.750000    1.104580   -0.354580 (VIOLATED)
_2891_/A1                               0.750000    1.104580   -0.354580 (VIOLATED)
_3011_/A1                               0.750000    1.104580   -0.354580 (VIOLATED)
_3027_/A1                               0.750000    1.104580   -0.354580 (VIOLATED)
fanout742/A                             0.750000    1.104580   -0.354580 (VIOLATED)
fanout744/A                             0.750000    1.104580   -0.354580 (VIOLATED)
fanout746/X                             0.750000    1.104580   -0.354580 (VIOLATED)
_4841_/B1                               0.750000    1.101304   -0.351304 (VIOLATED)
_4818_/B1                               0.750000    1.101298   -0.351298 (VIOLATED)
_4822_/B1                               0.750000    1.101298   -0.351298 (VIOLATED)
_4826_/B1                               0.750000    1.101298   -0.351298 (VIOLATED)
_4833_/B1                               0.750000    1.101298   -0.351298 (VIOLATED)
_4838_/B1                               0.750000    1.101298   -0.351298 (VIOLATED)
fanout154/X                             0.750000    1.101298   -0.351298 (VIOLATED)
_5041_/B1                               0.750000    1.097277   -0.347277 (VIOLATED)
_5036_/B1                               0.750000    1.097275   -0.347275 (VIOLATED)
_5034_/B1                               0.750000    1.097274   -0.347274 (VIOLATED)
_5031_/B1                               0.750000    1.097265   -0.347265 (VIOLATED)
_5032_/B1                               0.750000    1.097265   -0.347265 (VIOLATED)
_5047_/B1                               0.750000    1.097265   -0.347265 (VIOLATED)
fanout119/X                             0.750000    1.097265   -0.347265 (VIOLATED)
_4374_/A2                               0.750000    1.094630   -0.344630 (VIOLATED)
_4375_/A2                               0.750000    1.094630   -0.344630 (VIOLATED)
_4377_/A2                               0.750000    1.094630   -0.344630 (VIOLATED)
_4380_/A2                               0.750000    1.094630   -0.344630 (VIOLATED)
fanout453/X                             0.750000    1.094630   -0.344630 (VIOLATED)
load_slew454/A                          0.750000    1.094630   -0.344630 (VIOLATED)
_4939_/B1                               0.750000    1.094091   -0.344091 (VIOLATED)
_4934_/B1                               0.750000    1.094085   -0.344085 (VIOLATED)
_4932_/B1                               0.750000    1.094083   -0.344083 (VIOLATED)
_4929_/B1                               0.750000    1.094081   -0.344081 (VIOLATED)
_4945_/B1                               0.750000    1.094070   -0.344070 (VIOLATED)
_4930_/B1                               0.750000    1.094069   -0.344070 (VIOLATED)
fanout137/X                             0.750000    1.094069   -0.344070 (VIOLATED)
_4759_/B1                               0.750000    1.088378   -0.338378 (VIOLATED)
_4765_/B1                               0.750000    1.088378   -0.338378 (VIOLATED)
_4769_/B1                               0.750000    1.088378   -0.338378 (VIOLATED)
_4770_/B1                               0.750000    1.088378   -0.338378 (VIOLATED)
_4774_/B1                               0.750000    1.088378   -0.338378 (VIOLATED)
_4776_/B1                               0.750000    1.088378   -0.338378 (VIOLATED)
fanout161/X                             0.750000    1.088378   -0.338378 (VIOLATED)
fanout402/A                             0.750000    1.084074   -0.334075 (VIOLATED)
fanout404/A                             0.750000    1.084073   -0.334073 (VIOLATED)
_4641_/Y                                0.750000    1.084066   -0.334066 (VIOLATED)
fanout399/A                             0.750000    1.084066   -0.334066 (VIOLATED)
fanout401/A                             0.750000    1.084066   -0.334066 (VIOLATED)
_4851_/A2                               0.750000    1.082656   -0.332656 (VIOLATED)
_4854_/A2                               0.750000    1.082656   -0.332656 (VIOLATED)
_4857_/A2                               0.750000    1.082656   -0.332656 (VIOLATED)
_4868_/A2                               0.750000    1.082656   -0.332656 (VIOLATED)
fanout363/X                             0.750000    1.082656   -0.332656 (VIOLATED)
load_slew364/A                          0.750000    1.082656   -0.332656 (VIOLATED)
_4875_/A2                               0.750000    1.082207   -0.332207 (VIOLATED)
_4860_/A2                               0.750000    1.082191   -0.332191 (VIOLATED)
_4867_/A2                               0.750000    1.082189   -0.332189 (VIOLATED)
_4852_/A2                               0.750000    1.082186   -0.332186 (VIOLATED)
_4856_/A2                               0.750000    1.082186   -0.332186 (VIOLATED)
_4872_/A2                               0.750000    1.082186   -0.332186 (VIOLATED)
fanout365/X                             0.750000    1.082186   -0.332186 (VIOLATED)
_4690_/A2                               0.750000    1.067317   -0.317317 (VIOLATED)
_4707_/A2                               0.750000    1.067315   -0.317315 (VIOLATED)
_4700_/A2                               0.750000    1.067314   -0.317314 (VIOLATED)
_4689_/A2                               0.750000    1.067310   -0.317310 (VIOLATED)
_4705_/A2                               0.750000    1.067305   -0.317306 (VIOLATED)
_4696_/A2                               0.750000    1.067303   -0.317303 (VIOLATED)
_4701_/A2                               0.750000    1.067303   -0.317303 (VIOLATED)
fanout394/X                             0.750000    1.067303   -0.317303 (VIOLATED)
ANTENNA_9/DIODE                         0.750000    1.064707   -0.314707 (VIOLATED)
_4745_/Y                                0.750000    1.064707   -0.314707 (VIOLATED)
fanout159/A                             0.750000    1.064707   -0.314707 (VIOLATED)
fanout161/A                             0.750000    1.064707   -0.314707 (VIOLATED)
fanout162/A                             0.750000    1.064707   -0.314707 (VIOLATED)
fanout164/A                             0.750000    1.064707   -0.314707 (VIOLATED)
fanout529/A                             0.750000    1.064305   -0.314305 (VIOLATED)
fanout527/A                             0.750000    1.064293   -0.314293 (VIOLATED)
_4022_/Y                                0.750000    1.064289   -0.314289 (VIOLATED)
fanout532/A                             0.750000    1.064289   -0.314289 (VIOLATED)
_3971_/B1                               0.750000    1.061506   -0.311506 (VIOLATED)
_3976_/B1                               0.750000    1.061506   -0.311506 (VIOLATED)
_3952_/B1                               0.750000    1.061502   -0.311502 (VIOLATED)
_3980_/B1                               0.750000    1.061500   -0.311500 (VIOLATED)
_3964_/B1                               0.750000    1.061499   -0.311499 (VIOLATED)
_3965_/B1                               0.750000    1.061497   -0.311497 (VIOLATED)
_3975_/B1                               0.750000    1.061497   -0.311497 (VIOLATED)
_3982_/B1                               0.750000    1.061497   -0.311497 (VIOLATED)
fanout323/X                             0.750000    1.061497   -0.311497 (VIOLATED)
fanout480/A                             0.750000    1.057154   -0.307154 (VIOLATED)
fanout476/A                             0.750000    1.057152   -0.307152 (VIOLATED)
fanout474/A                             0.750000    1.057149   -0.307149 (VIOLATED)
_4264_/Y                                0.750000    1.057146   -0.307146 (VIOLATED)
fanout478/A                             0.750000    1.057146   -0.307146 (VIOLATED)
fanout423/A                             0.750000    1.056431   -0.306431 (VIOLATED)
fanout425/A                             0.750000    1.056430   -0.306430 (VIOLATED)
_4539_/Y                                0.750000    1.056427   -0.306427 (VIOLATED)
fanout420/A                             0.750000    1.056427   -0.306427 (VIOLATED)
fanout422/A                             0.750000    1.056427   -0.306427 (VIOLATED)
_4943_/B1                               0.750000    1.048162   -0.298162 (VIOLATED)
_4935_/B1                               0.750000    1.048138   -0.298138 (VIOLATED)
_4928_/B1                               0.750000    1.048135   -0.298135 (VIOLATED)
_4940_/B1                               0.750000    1.048124   -0.298124 (VIOLATED)
_4920_/B1                               0.750000    1.048112   -0.298112 (VIOLATED)
_4924_/B1                               0.750000    1.048112   -0.298112 (VIOLATED)
fanout134/X                             0.750000    1.048112   -0.298112 (VIOLATED)
fanout317/A                             0.750000    1.045724   -0.295724 (VIOLATED)
_3988_/Y                                0.750000    1.045722   -0.295722 (VIOLATED)
fanout315/A                             0.750000    1.045722   -0.295722 (VIOLATED)
fanout318/A                             0.750000    1.045722   -0.295722 (VIOLATED)
fanout320/A                             0.750000    1.045722   -0.295722 (VIOLATED)
_2670_/A1                               0.750000    1.044346   -0.294346 (VIOLATED)
_2959_/B2                               0.750000    1.044346   -0.294346 (VIOLATED)
_3056_/A1                               0.750000    1.044346   -0.294346 (VIOLATED)
_3072_/A1                               0.750000    1.044346   -0.294346 (VIOLATED)
_3191_/A1                               0.750000    1.044346   -0.294346 (VIOLATED)
fanout697/X                             0.750000    1.044346   -0.294346 (VIOLATED)
load_slew698/A                          0.750000    1.044346   -0.294346 (VIOLATED)
fanout122/A                             0.750000    1.041316   -0.291316 (VIOLATED)
fanout120/A                             0.750000    1.041314   -0.291314 (VIOLATED)
fanout125/A                             0.750000    1.041313   -0.291313 (VIOLATED)
_4981_/Y                                0.750000    1.041312   -0.291312 (VIOLATED)
fanout123/A                             0.750000    1.041312   -0.291312 (VIOLATED)
fanout311/A                             0.750000    1.039352   -0.289352 (VIOLATED)
fanout314/A                             0.750000    1.039346   -0.289346 (VIOLATED)
fanout312/A                             0.750000    1.039343   -0.289343 (VIOLATED)
_4023_/Y                                0.750000    1.039339   -0.289339 (VIOLATED)
fanout309/A                             0.750000    1.039339   -0.289339 (VIOLATED)
fanout268/A                             0.750000    1.036527   -0.286527 (VIOLATED)
fanout270/A                             0.750000    1.036523   -0.286523 (VIOLATED)
_4229_/B1                               0.750000    1.036520   -0.286520 (VIOLATED)
_4218_/B1                               0.750000    1.036519   -0.286519 (VIOLATED)
_4223_/B1                               0.750000    1.036519   -0.286519 (VIOLATED)
_4228_/B1                               0.750000    1.036519   -0.286519 (VIOLATED)
fanout272/A                             0.750000    1.036519   -0.286519 (VIOLATED)
fanout274/X                             0.750000    1.036519   -0.286519 (VIOLATED)
_3747_/A1                               0.750000    1.031939   -0.281939 (VIOLATED)
_3679_/A1                               0.750000    1.031938   -0.281938 (VIOLATED)
_3793_/A1                               0.750000    1.031939   -0.281939 (VIOLATED)
_3232_/A                                0.750000    1.031933   -0.281933 (VIOLATED)
_3248_/B                                0.750000    1.031933   -0.281933 (VIOLATED)
_3253_/A_N                              0.750000    1.031933   -0.281933 (VIOLATED)
_3261_/A                                0.750000    1.031933   -0.281933 (VIOLATED)
_3430_/C1                               0.750000    1.031933   -0.281933 (VIOLATED)
_3601_/B1                               0.750000    1.031933   -0.281933 (VIOLATED)
_3613_/C_N                              0.750000    1.031933   -0.281933 (VIOLATED)
fanout1005/X                            0.750000    1.031933   -0.281933 (VIOLATED)
_4909_/B1                               0.750000    1.031492   -0.281492 (VIOLATED)
_4894_/B1                               0.750000    1.031485   -0.281485 (VIOLATED)
_4901_/B1                               0.750000    1.031470   -0.281470 (VIOLATED)
_4906_/B1                               0.750000    1.031463   -0.281463 (VIOLATED)
_4886_/B1                               0.750000    1.031451   -0.281451 (VIOLATED)
_4890_/B1                               0.750000    1.031451   -0.281451 (VIOLATED)
fanout140/X                             0.750000    1.031451   -0.281451 (VIOLATED)
fanout128/A                             0.750000    1.030949   -0.280950 (VIOLATED)
fanout131/A                             0.750000    1.030948   -0.280948 (VIOLATED)
_4947_/Y                                0.750000    1.030947   -0.280947 (VIOLATED)
fanout126/A                             0.750000    1.030947   -0.280947 (VIOLATED)
fanout129/A                             0.750000    1.030947   -0.280947 (VIOLATED)
_4658_/B1                               0.750000    1.027557   -0.277557 (VIOLATED)
_4661_/B1                               0.750000    1.027552   -0.277552 (VIOLATED)
_4650_/B1                               0.750000    1.027548   -0.277548 (VIOLATED)
_4652_/B1                               0.750000    1.027547   -0.277547 (VIOLATED)
_4663_/B1                               0.750000    1.027544   -0.277544 (VIOLATED)
_4656_/B1                               0.750000    1.027542   -0.277542 (VIOLATED)
_4668_/B1                               0.750000    1.027542   -0.277542 (VIOLATED)
fanout183/X                             0.750000    1.027542   -0.277542 (VIOLATED)
_5015_/B                                0.750000    1.027285   -0.277285 (VIOLATED)
_5016_/A2                               0.750000    1.027285   -0.277285 (VIOLATED)
_5035_/A2                               0.750000    1.027285   -0.277285 (VIOLATED)
_5040_/A2                               0.750000    1.027285   -0.277285 (VIOLATED)
fanout331/X                             0.750000    1.027285   -0.277285 (VIOLATED)
wire332/A                               0.750000    1.027285   -0.277285 (VIOLATED)
_4696_/B1                               0.750000    1.022864   -0.272864 (VIOLATED)
_4701_/B1                               0.750000    1.022861   -0.272861 (VIOLATED)
_4705_/B1                               0.750000    1.022846   -0.272846 (VIOLATED)
_4700_/B1                               0.750000    1.022827   -0.272827 (VIOLATED)
_4690_/B1                               0.750000    1.022827   -0.272827 (VIOLATED)
_4707_/B1                               0.750000    1.022827   -0.272827 (VIOLATED)
fanout174/X                             0.750000    1.022827   -0.272827 (VIOLATED)
_2825_/B2                               0.750000    1.019238   -0.269238 (VIOLATED)
_3207_/A1                               0.750000    1.019228   -0.269229 (VIOLATED)
_3040_/C1                               0.750000    1.019220   -0.269220 (VIOLATED)
_3152_/C1                               0.750000    1.019209   -0.269209 (VIOLATED)
_2954_/C1                               0.750000    1.019208   -0.269208 (VIOLATED)
_3067_/A1                               0.750000    1.019208   -0.269208 (VIOLATED)
fanout557/X                             0.750000    1.019208   -0.269208 (VIOLATED)
_4759_/A2                               0.750000    1.018718   -0.268718 (VIOLATED)
_4776_/A2                               0.750000    1.018716   -0.268716 (VIOLATED)
_4769_/A2                               0.750000    1.018712   -0.268712 (VIOLATED)
_4758_/A2                               0.750000    1.018711   -0.268711 (VIOLATED)
_4765_/A2                               0.750000    1.018706   -0.268706 (VIOLATED)
_4770_/A2                               0.750000    1.018706   -0.268706 (VIOLATED)
_4774_/A2                               0.750000    1.018706   -0.268706 (VIOLATED)
fanout380/X                             0.750000    1.018706   -0.268706 (VIOLATED)
fanout365/A                             0.750000    1.018462   -0.268462 (VIOLATED)
fanout363/A                             0.750000    1.018459   -0.268459 (VIOLATED)
fanout368/A                             0.750000    1.018458   -0.268458 (VIOLATED)
_4844_/Y                                0.750000    1.018456   -0.268456 (VIOLATED)
_3356_/C1                               0.750000    1.016090   -0.266090 (VIOLATED)
_3365_/C1                               0.750000    1.016090   -0.266090 (VIOLATED)
_3382_/C1                               0.750000    1.016090   -0.266090 (VIOLATED)
_3471_/A1                               0.750000    1.016090   -0.266090 (VIOLATED)
_3477_/C1                               0.750000    1.016090   -0.266090 (VIOLATED)
_3612_/C1                               0.750000    1.016090   -0.266090 (VIOLATED)
fanout1007/A                            0.750000    1.016090   -0.266090 (VIOLATED)
fanout1008/X                            0.750000    1.016090   -0.266090 (VIOLATED)
fanout761/A                             0.750000    1.015738   -0.265738 (VIOLATED)
fanout759/A                             0.750000    1.015723   -0.265723 (VIOLATED)
fanout764/A                             0.750000    1.015695   -0.265695 (VIOLATED)
fanout762/A                             0.750000    1.015681   -0.265681 (VIOLATED)
fanout757/A                             0.750000    1.015652   -0.265652 (VIOLATED)
_4333_/Y                                0.750000    1.015645   -0.265645 (VIOLATED)
fanout241/A                             0.750000    1.015645   -0.265645 (VIOLATED)
fanout243/A                             0.750000    1.015645   -0.265645 (VIOLATED)
fanout244/A                             0.750000    1.015645   -0.265645 (VIOLATED)
fanout246/A                             0.750000    1.015645   -0.265645 (VIOLATED)
fanout754/A                             0.750000    1.015614   -0.265614 (VIOLATED)
fanout752/A                             0.750000    1.015602   -0.265602 (VIOLATED)
fanout755/A                             0.750000    1.015583   -0.265583 (VIOLATED)
fanout765/X                             0.750000    1.015581   -0.265581 (VIOLATED)
_4913_/B                                0.750000    1.014878   -0.264878 (VIOLATED)
_4914_/A2                               0.750000    1.014878   -0.264878 (VIOLATED)
_4933_/A2                               0.750000    1.014878   -0.264878 (VIOLATED)
_4938_/A2                               0.750000    1.014878   -0.264878 (VIOLATED)
fanout352/X                             0.750000    1.014878   -0.264878 (VIOLATED)
wire353/A                               0.750000    1.014878   -0.264878 (VIOLATED)
_4943_/A2                               0.750000    1.011020   -0.261020 (VIOLATED)
_4935_/A2                               0.750000    1.011001   -0.261001 (VIOLATED)
_4928_/A2                               0.750000    1.010999   -0.260999 (VIOLATED)
_4940_/A2                               0.750000    1.010989   -0.260989 (VIOLATED)
_4920_/A2                               0.750000    1.010984   -0.260984 (VIOLATED)
_4924_/A2                               0.750000    1.010984   -0.260984 (VIOLATED)
fanout351/X                             0.750000    1.010984   -0.260984 (VIOLATED)
fanout138/A                             0.750000    1.010514   -0.260514 (VIOLATED)
fanout140/A                             0.750000    1.010514   -0.260514 (VIOLATED)
fanout141/A                             0.750000    1.010514   -0.260514 (VIOLATED)
_4879_/Y                                0.750000    1.010287   -0.260287 (VIOLATED)
fanout143/A                             0.750000    1.010287   -0.260287 (VIOLATED)
fanout409/A                             0.750000    1.008686   -0.258686 (VIOLATED)
fanout411/A                             0.750000    1.008685   -0.258685 (VIOLATED)
_4607_/Y                                0.750000    1.008669   -0.258669 (VIOLATED)
fanout406/A                             0.750000    1.008669   -0.258669 (VIOLATED)
fanout408/A                             0.750000    1.008669   -0.258669 (VIOLATED)
ANTENNA_8/DIODE                         0.750000    1.005167   -0.255167 (VIOLATED)
fanout441/A                             0.750000    1.005167   -0.255167 (VIOLATED)
fanout439/A                             0.750000    1.005165   -0.255165 (VIOLATED)
_4436_/Y                                0.750000    1.005164   -0.255164 (VIOLATED)
fanout443/A                             0.750000    1.005164   -0.255164 (VIOLATED)
fanout445/A                             0.750000    1.005164   -0.255164 (VIOLATED)
_4548_/B1                               0.750000    1.004093   -0.254093 (VIOLATED)
_4550_/B1                               0.750000    1.004093   -0.254093 (VIOLATED)
_4554_/B1                               0.750000    1.004093   -0.254093 (VIOLATED)
_4556_/B1                               0.750000    1.004093   -0.254093 (VIOLATED)
_4559_/B1                               0.750000    1.004093   -0.254093 (VIOLATED)
_4561_/B1                               0.750000    1.004093   -0.254093 (VIOLATED)
_4566_/B1                               0.750000    1.004093   -0.254093 (VIOLATED)
fanout204/X                             0.750000    1.004093   -0.254093 (VIOLATED)
_4252_/B1                               0.750000    1.003204   -0.253204 (VIOLATED)
_4257_/B1                               0.750000    1.003204   -0.253204 (VIOLATED)
_4262_/B1                               0.750000    1.003204   -0.253204 (VIOLATED)
_4263_/B1                               0.750000    1.003204   -0.253204 (VIOLATED)
fanout261/A                             0.750000    1.003204   -0.253204 (VIOLATED)
fanout263/A                             0.750000    1.003204   -0.253204 (VIOLATED)
fanout265/A                             0.750000    1.003204   -0.253204 (VIOLATED)
fanout267/X                             0.750000    1.003204   -0.253204 (VIOLATED)
_4676_/Y                                0.750000    1.001841   -0.251841 (VIOLATED)
fanout172/A                             0.750000    1.001841   -0.251841 (VIOLATED)
fanout174/A                             0.750000    1.001841   -0.251841 (VIOLATED)
fanout175/A                             0.750000    1.001841   -0.251841 (VIOLATED)
fanout177/A                             0.750000    1.001841   -0.251841 (VIOLATED)
_4741_/B1                               0.750000    1.000910   -0.250910 (VIOLATED)
_4726_/B1                               0.750000    1.000899   -0.250899 (VIOLATED)
_4733_/B1                               0.750000    1.000893   -0.250894 (VIOLATED)
_4738_/B1                               0.750000    1.000888   -0.250888 (VIOLATED)
_4718_/B1                               0.750000    1.000872   -0.250872 (VIOLATED)
_4722_/B1                               0.750000    1.000872   -0.250872 (VIOLATED)
fanout167/X                             0.750000    1.000872   -0.250872 (VIOLATED)
_4303_/A2                               0.750000    0.995386   -0.245386 (VIOLATED)
_4305_/A2                               0.750000    0.995386   -0.245386 (VIOLATED)
_4306_/A2                               0.750000    0.995386   -0.245386 (VIOLATED)
_4310_/A2                               0.750000    0.995386   -0.245386 (VIOLATED)
_4314_/A2                               0.750000    0.995386   -0.245386 (VIOLATED)
_4321_/A2                               0.750000    0.995386   -0.245386 (VIOLATED)
_4326_/A2                               0.750000    0.995386   -0.245386 (VIOLATED)
_4329_/A2                               0.750000    0.995386   -0.245386 (VIOLATED)
fanout469/X                             0.750000    0.995386   -0.245386 (VIOLATED)
_4379_/A2                               0.750000    0.993066   -0.243066 (VIOLATED)
_4383_/A2                               0.750000    0.993066   -0.243066 (VIOLATED)
_4390_/A2                               0.750000    0.993066   -0.243066 (VIOLATED)
_4395_/A2                               0.750000    0.993066   -0.243066 (VIOLATED)
_4398_/A2                               0.750000    0.993066   -0.243066 (VIOLATED)
fanout455/X                             0.750000    0.993066   -0.243066 (VIOLATED)
fanout370/A                             0.750000    0.992178   -0.242178 (VIOLATED)
fanout373/A                             0.750000    0.992176   -0.242176 (VIOLATED)
_4810_/Y                                0.750000    0.992173   -0.242173 (VIOLATED)
max_cap377/A                            0.750000    0.992173   -0.242173 (VIOLATED)
_4741_/A2                               0.750000    0.988523   -0.238523 (VIOLATED)
_4726_/A2                               0.750000    0.988512   -0.238512 (VIOLATED)
_4733_/A2                               0.750000    0.988508   -0.238508 (VIOLATED)
_4718_/A2                               0.750000    0.988503   -0.238503 (VIOLATED)
_4722_/A2                               0.750000    0.988503   -0.238503 (VIOLATED)
_4738_/A2                               0.750000    0.988503   -0.238503 (VIOLATED)
fanout387/X                             0.750000    0.988503   -0.238503 (VIOLATED)
ANTENNA_17/DIODE                        0.750000    0.986336   -0.236336 (VIOLATED)
ANTENNA_18/DIODE                        0.750000    0.986336   -0.236336 (VIOLATED)
_4811_/B                                0.750000    0.986336   -0.236336 (VIOLATED)
_4812_/A2                               0.750000    0.986336   -0.236336 (VIOLATED)
_4831_/A2                               0.750000    0.986336   -0.236336 (VIOLATED)
_4836_/A2                               0.750000    0.986336   -0.236336 (VIOLATED)
fanout373/X                             0.750000    0.986336   -0.236336 (VIOLATED)
wire374/A                               0.750000    0.986336   -0.236336 (VIOLATED)
fanout490/A                             0.750000    0.983668   -0.233668 (VIOLATED)
fanout494/A                             0.750000    0.983668   -0.233668 (VIOLATED)
fanout488/A                             0.750000    0.983666   -0.233666 (VIOLATED)
_4196_/Y                                0.750000    0.983664   -0.233664 (VIOLATED)
fanout492/A                             0.750000    0.983664   -0.233664 (VIOLATED)
_4379_/B1                               0.750000    0.983094   -0.233094 (VIOLATED)
_4383_/B1                               0.750000    0.983094   -0.233094 (VIOLATED)
_4390_/B1                               0.750000    0.983094   -0.233094 (VIOLATED)
_4395_/B1                               0.750000    0.983094   -0.233094 (VIOLATED)
_4398_/B1                               0.750000    0.983094   -0.233094 (VIOLATED)
fanout236/X                             0.750000    0.983094   -0.233094 (VIOLATED)
_3538_/C1                               0.750000    0.982459   -0.232459 (VIOLATED)
_3673_/B1                               0.750000    0.982459   -0.232459 (VIOLATED)
_3758_/C1                               0.750000    0.982459   -0.232459 (VIOLATED)
_3793_/B2                               0.750000    0.982459   -0.232459 (VIOLATED)
_3865_/C1                               0.750000    0.982459   -0.232459 (VIOLATED)
_3916_/B1                               0.750000    0.982459   -0.232459 (VIOLATED)
fanout576/X                             0.750000    0.982459   -0.232459 (VIOLATED)
ANTENNA_44/DIODE                        0.750000    0.975653   -0.225653 (VIOLATED)
_4745_/B                                0.750000    0.975653   -0.225653 (VIOLATED)
_4746_/A2                               0.750000    0.975653   -0.225653 (VIOLATED)
_4768_/A2                               0.750000    0.975653   -0.225653 (VIOLATED)
fanout378/X                             0.750000    0.975653   -0.225653 (VIOLATED)
load_slew379/A                          0.750000    0.975653   -0.225653 (VIOLATED)
_4909_/A2                               0.750000    0.974911   -0.224911 (VIOLATED)
_4894_/A2                               0.750000    0.974906   -0.224906 (VIOLATED)
_4901_/A2                               0.750000    0.974893   -0.224893 (VIOLATED)
_4906_/A2                               0.750000    0.974888   -0.224888 (VIOLATED)
_4886_/A2                               0.750000    0.974880   -0.224880 (VIOLATED)
_4890_/A2                               0.750000    0.974880   -0.224880 (VIOLATED)
fanout358/X                             0.750000    0.974880   -0.224880 (VIOLATED)
_3533_/A1                               0.750000    0.972687   -0.222687 (VIOLATED)
_3576_/B2                               0.750000    0.972687   -0.222687 (VIOLATED)
_3684_/B2                               0.750000    0.972687   -0.222687 (VIOLATED)
_3701_/B2                               0.750000    0.972687   -0.222687 (VIOLATED)
_3903_/B2                               0.750000    0.972687   -0.222687 (VIOLATED)
_3927_/B2                               0.750000    0.972687   -0.222687 (VIOLATED)
fanout601/X                             0.750000    0.972687   -0.222687 (VIOLATED)
fanout344/A                             0.750000    0.970874   -0.220874 (VIOLATED)
ANTENNA_10/DIODE                        0.750000    0.970874   -0.220874 (VIOLATED)
fanout342/A                             0.750000    0.970858   -0.220858 (VIOLATED)
_4946_/Y                                0.750000    0.970847   -0.220847 (VIOLATED)
fanout347/A                             0.750000    0.970847   -0.220847 (VIOLATED)
_4065_/A2                               0.750000    0.968472   -0.218472 (VIOLATED)
_4071_/A2                               0.750000    0.968472   -0.218472 (VIOLATED)
_4076_/A2                               0.750000    0.968472   -0.218472 (VIOLATED)
fanout519/X                             0.750000    0.968472   -0.218472 (VIOLATED)
load_slew520/A                          0.750000    0.968472   -0.218472 (VIOLATED)
ANTENNA_45/DIODE                        0.750000    0.963501   -0.213501 (VIOLATED)
_4676_/B                                0.750000    0.963501   -0.213501 (VIOLATED)
_4677_/A2                               0.750000    0.963501   -0.213501 (VIOLATED)
_4699_/A2                               0.750000    0.963501   -0.213501 (VIOLATED)
fanout392/X                             0.750000    0.963501   -0.213501 (VIOLATED)
load_slew393/A                          0.750000    0.963501   -0.213501 (VIOLATED)
_4616_/B1                               0.750000    0.962885   -0.212885 (VIOLATED)
_4618_/B1                               0.750000    0.962885   -0.212885 (VIOLATED)
_4622_/B1                               0.750000    0.962885   -0.212885 (VIOLATED)
_4624_/B1                               0.750000    0.962885   -0.212885 (VIOLATED)
_4627_/B1                               0.750000    0.962885   -0.212885 (VIOLATED)
_4629_/B1                               0.750000    0.962885   -0.212885 (VIOLATED)
_4634_/B1                               0.750000    0.962885   -0.212885 (VIOLATED)
fanout190/X                             0.750000    0.962885   -0.212885 (VIOLATED)
fanout483/A                             0.750000    0.958219   -0.208219 (VIOLATED)
fanout487/A                             0.750000    0.958219   -0.208219 (VIOLATED)
fanout481/A                             0.750000    0.958216   -0.208216 (VIOLATED)
_4230_/Y                                0.750000    0.958214   -0.208214 (VIOLATED)
fanout485/A                             0.750000    0.958214   -0.208214 (VIOLATED)
_3410_/A                                0.750000    0.958004   -0.208005 (VIOLATED)
_3445_/A1                               0.750000    0.958005   -0.208005 (VIOLATED)
_3461_/A                                0.750000    0.958004   -0.208005 (VIOLATED)
_3684_/A1                               0.750000    0.958004   -0.208005 (VIOLATED)
_3701_/A1                               0.750000    0.958004   -0.208005 (VIOLATED)
_3798_/A1                               0.750000    0.958004   -0.208005 (VIOLATED)
_3806_/A                                0.750000    0.958004   -0.208005 (VIOLATED)
_3903_/A1                               0.750000    0.958004   -0.208005 (VIOLATED)
fanout1018/X                            0.750000    0.958004   -0.208005 (VIOLATED)
_4134_/A2                               0.750000    0.949854   -0.199854 (VIOLATED)
_4140_/A2                               0.750000    0.949854   -0.199854 (VIOLATED)
_4145_/A2                               0.750000    0.949854   -0.199854 (VIOLATED)
fanout503/X                             0.750000    0.949854   -0.199854 (VIOLATED)
load_slew504/A                          0.750000    0.949854   -0.199854 (VIOLATED)
_4368_/Y                                0.750000    0.945380   -0.195380 (VIOLATED)
fanout234/A                             0.750000    0.945380   -0.195380 (VIOLATED)
fanout236/A                             0.750000    0.945380   -0.195380 (VIOLATED)
fanout237/A                             0.750000    0.945380   -0.195380 (VIOLATED)
fanout239/A                             0.750000    0.945380   -0.195380 (VIOLATED)
_4590_/B1                               0.750000    0.941607   -0.191607 (VIOLATED)
_4593_/B1                               0.750000    0.941601   -0.191601 (VIOLATED)
_4582_/B1                               0.750000    0.941596   -0.191596 (VIOLATED)
_4584_/B1                               0.750000    0.941594   -0.191594 (VIOLATED)
_4588_/B1                               0.750000    0.941593   -0.191593 (VIOLATED)
_4595_/B1                               0.750000    0.941593   -0.191593 (VIOLATED)
_4600_/B1                               0.750000    0.941593   -0.191593 (VIOLATED)
fanout197/X                             0.750000    0.941593   -0.191593 (VIOLATED)
_4628_/A2                               0.750000    0.939773   -0.189774 (VIOLATED)
_4632_/A2                               0.750000    0.939773   -0.189774 (VIOLATED)
_4633_/A2                               0.750000    0.939773   -0.189774 (VIOLATED)
_4637_/A2                               0.750000    0.939773   -0.189774 (VIOLATED)
_4639_/A2                               0.750000    0.939773   -0.189774 (VIOLATED)
fanout408/X                             0.750000    0.939773   -0.189774 (VIOLATED)
fanout429/A                             0.750000    0.939588   -0.189588 (VIOLATED)
fanout432/A                             0.750000    0.939583   -0.189583 (VIOLATED)
fanout427/A                             0.750000    0.939578   -0.189578 (VIOLATED)
fanout430/A                             0.750000    0.939577   -0.189577 (VIOLATED)
_4504_/Y                                0.750000    0.939573   -0.189573 (VIOLATED)
_2875_/B2                               0.750000    0.932753   -0.182753 (VIOLATED)
_2892_/A1                               0.750000    0.932753   -0.182753 (VIOLATED)
_3012_/A1                               0.750000    0.932753   -0.182753 (VIOLATED)
_3028_/A1                               0.750000    0.932753   -0.182753 (VIOLATED)
fanout692/A                             0.750000    0.932753   -0.182753 (VIOLATED)
fanout694/A                             0.750000    0.932753   -0.182753 (VIOLATED)
fanout696/X                             0.750000    0.932753   -0.182753 (VIOLATED)
_4353_/B1                               0.750000    0.931198   -0.181198 (VIOLATED)
_4358_/B1                               0.750000    0.931198   -0.181198 (VIOLATED)
_4362_/B1                               0.750000    0.931188   -0.181188 (VIOLATED)
_4346_/B1                               0.750000    0.931185   -0.181186 (VIOLATED)
_4347_/B1                               0.750000    0.931181   -0.181181 (VIOLATED)
_4357_/B1                               0.750000    0.931181   -0.181181 (VIOLATED)
_4364_/B1                               0.750000    0.931181   -0.181181 (VIOLATED)
fanout243/X                             0.750000    0.931181   -0.181181 (VIOLATED)
ANTENNA_22/DIODE                        0.750000    0.925548   -0.175548 (VIOLATED)
_4168_/A2                               0.750000    0.925548   -0.175548 (VIOLATED)
_4174_/A2                               0.750000    0.925548   -0.175548 (VIOLATED)
_4179_/A2                               0.750000    0.925548   -0.175548 (VIOLATED)
fanout495/X                             0.750000    0.925548   -0.175548 (VIOLATED)
load_slew496/A                          0.750000    0.925548   -0.175548 (VIOLATED)
_4100_/A2                               0.750000    0.912880   -0.162880 (VIOLATED)
_4106_/A2                               0.750000    0.912880   -0.162880 (VIOLATED)
_4111_/A2                               0.750000    0.912880   -0.162880 (VIOLATED)
fanout511/X                             0.750000    0.912880   -0.162880 (VIOLATED)
load_slew512/A                          0.750000    0.912880   -0.162880 (VIOLATED)
fanout145/A                             0.750000    0.903081   -0.153081 (VIOLATED)
fanout147/A                             0.750000    0.903080   -0.153080 (VIOLATED)
_4845_/Y                                0.750000    0.903079   -0.153079 (VIOLATED)
fanout148/A                             0.750000    0.903079   -0.153079 (VIOLATED)
fanout150/A                             0.750000    0.903079   -0.153079 (VIOLATED)
_3190_/B2                               0.750000    0.898078   -0.148078 (VIOLATED)
_2921_/B2                               0.750000    0.898071   -0.148071 (VIOLATED)
_2853_/B2                               0.750000    0.898071   -0.148071 (VIOLATED)
_2966_/B2                               0.750000    0.898071   -0.148071 (VIOLATED)
_2982_/B2                               0.750000    0.898071   -0.148071 (VIOLATED)
_3212_/B2                               0.750000    0.898071   -0.148071 (VIOLATED)
_3229_/A1                               0.750000    0.898071   -0.148071 (VIOLATED)
fanout665/X                             0.750000    0.898071   -0.148071 (VIOLATED)
_3813_/A1                               0.750000    0.896707   -0.146707 (VIOLATED)
_3703_/B2                               0.750000    0.896706   -0.146706 (VIOLATED)
_3945_/A1                               0.750000    0.896705   -0.146705 (VIOLATED)
ANTENNA_5/DIODE                         0.750000    0.896704   -0.146704 (VIOLATED)
fanout576/A                             0.750000    0.896700   -0.146700 (VIOLATED)
_3253_/X                                0.750000    0.896439   -0.146439 (VIOLATED)
fanout575/A                             0.750000    0.896439   -0.146439 (VIOLATED)
fanout577/A                             0.750000    0.896439   -0.146439 (VIOLATED)
_4347_/A2                               0.750000    0.895268   -0.145268 (VIOLATED)
_4364_/A2                               0.750000    0.895266   -0.145266 (VIOLATED)
_4357_/A2                               0.750000    0.895265   -0.145265 (VIOLATED)
_4346_/A2                               0.750000    0.895261   -0.145261 (VIOLATED)
_4353_/A2                               0.750000    0.895261   -0.145261 (VIOLATED)
_4358_/A2                               0.750000    0.895261   -0.145261 (VIOLATED)
_4362_/A2                               0.750000    0.895261   -0.145261 (VIOLATED)
fanout463/X                             0.750000    0.895261   -0.145261 (VIOLATED)
wire115/A                               0.750000    0.888629   -0.138629 (VIOLATED)
_5018_/B1                               0.750000    0.888626   -0.138626 (VIOLATED)
_5019_/B1                               0.750000    0.888624   -0.138624 (VIOLATED)
_5021_/B1                               0.750000    0.888624   -0.138624 (VIOLATED)
fanout114/X                             0.750000    0.888624   -0.138624 (VIOLATED)
_3071_/A1                               0.750000    0.888470   -0.138470 (VIOLATED)
_3044_/A                                0.750000    0.888468   -0.138468 (VIOLATED)
load_slew748/A                          0.750000    0.888466   -0.138466 (VIOLATED)
_2785_/A1                               0.750000    0.888466   -0.138466 (VIOLATED)
_2801_/A1                               0.750000    0.888466   -0.138466 (VIOLATED)
_3034_/A1                               0.750000    0.888466   -0.138466 (VIOLATED)
_3146_/A1                               0.750000    0.888466   -0.138466 (VIOLATED)
fanout747/X                             0.750000    0.888466   -0.138466 (VIOLATED)
_4372_/B1                               0.750000    0.887937   -0.137937 (VIOLATED)
_4371_/B1                               0.750000    0.887935   -0.137935 (VIOLATED)
load_slew235/A                          0.750000    0.887932   -0.137932 (VIOLATED)
_4374_/B1                               0.750000    0.887923   -0.137923 (VIOLATED)
_4375_/B1                               0.750000    0.887923   -0.137923 (VIOLATED)
fanout234/X                             0.750000    0.887923   -0.137923 (VIOLATED)
_3090_/C1                               0.750000    0.885570   -0.135570 (VIOLATED)
_2723_/A1                               0.750000    0.885570   -0.135570 (VIOLATED)
_2978_/A1                               0.750000    0.885568   -0.135568 (VIOLATED)
_2937_/C1                               0.750000    0.885562   -0.135562 (VIOLATED)
_2870_/B2                               0.750000    0.885556   -0.135556 (VIOLATED)
_3230_/A1                               0.750000    0.885556   -0.135556 (VIOLATED)
fanout671/X                             0.750000    0.885556   -0.135556 (VIOLATED)
_4337_/B1                               0.750000    0.885036   -0.135036 (VIOLATED)
_4340_/B1                               0.750000    0.885036   -0.135036 (VIOLATED)
_4348_/B1                               0.750000    0.885036   -0.135036 (VIOLATED)
_4350_/B1                               0.750000    0.885036   -0.135036 (VIOLATED)
fanout244/X                             0.750000    0.885036   -0.135036 (VIOLATED)
load_slew245/A                          0.750000    0.885036   -0.135036 (VIOLATED)
_4662_/B1                               0.750000    0.880852   -0.130852 (VIOLATED)
_4667_/B1                               0.750000    0.880851   -0.130851 (VIOLATED)
_4671_/B1                               0.750000    0.880850   -0.130850 (VIOLATED)
_4666_/B1                               0.750000    0.880848   -0.130848 (VIOLATED)
_4673_/B1                               0.750000    0.880848   -0.130848 (VIOLATED)
fanout180/X                             0.750000    0.880848   -0.130848 (VIOLATED)
fanout1035/A                            0.750000    0.878667   -0.128667 (VIOLATED)
ANTENNA_30/DIODE                        0.750000    0.878658   -0.128658 (VIOLATED)
fanout1033/A                            0.750000    0.878659   -0.128659 (VIOLATED)
fanout1027/A                            0.750000    0.878624   -0.128624 (VIOLATED)
fanout1037/X                            0.750000    0.878624   -0.128624 (VIOLATED)
wire1038/A                              0.750000    0.878624   -0.128624 (VIOLATED)
_4748_/B1                               0.750000    0.876423   -0.126423 (VIOLATED)
_4749_/B1                               0.750000    0.876423   -0.126423 (VIOLATED)
_4760_/B1                               0.750000    0.876423   -0.126423 (VIOLATED)
_4762_/B1                               0.750000    0.876423   -0.126423 (VIOLATED)
fanout162/X                             0.750000    0.876423   -0.126423 (VIOLATED)
load_slew163/A                          0.750000    0.876423   -0.126423 (VIOLATED)
_2809_/A1                               0.750000    0.875808   -0.125808 (VIOLATED)
_2686_/A1                               0.750000    0.875803   -0.125803 (VIOLATED)
_2922_/A1                               0.750000    0.875799   -0.125799 (VIOLATED)
_2854_/A1                               0.750000    0.875790   -0.125790 (VIOLATED)
_2967_/A1                               0.750000    0.875790   -0.125790 (VIOLATED)
_2983_/A1                               0.750000    0.875790   -0.125790 (VIOLATED)
_3213_/A1                               0.750000    0.875790   -0.125790 (VIOLATED)
_3228_/B2                               0.750000    0.875790   -0.125790 (VIOLATED)
fanout699/X                             0.750000    0.875790   -0.125790 (VIOLATED)
_4686_/B1                               0.750000    0.875703   -0.125703 (VIOLATED)
_4692_/B1                               0.750000    0.875703   -0.125703 (VIOLATED)
_4695_/B1                               0.750000    0.875703   -0.125703 (VIOLATED)
_4697_/B1                               0.750000    0.875703   -0.125703 (VIOLATED)
_4702_/B1                               0.750000    0.875703   -0.125703 (VIOLATED)
_4708_/B1                               0.750000    0.875703   -0.125703 (VIOLATED)
fanout177/X                             0.750000    0.875703   -0.125703 (VIOLATED)
_4777_/A2                               0.750000    0.872007   -0.122007 (VIOLATED)
_4761_/A2                               0.750000    0.872005   -0.122005 (VIOLATED)
_4764_/A2                               0.750000    0.871994   -0.121994 (VIOLATED)
_4755_/A2                               0.750000    0.871989   -0.121989 (VIOLATED)
_4766_/A2                               0.750000    0.871979   -0.121979 (VIOLATED)
_4771_/A2                               0.750000    0.871979   -0.121979 (VIOLATED)
fanout383/X                             0.750000    0.871979   -0.121979 (VIOLATED)
fanout579/A                             0.750000    0.867140   -0.117140 (VIOLATED)
_3898_/B2                               0.750000    0.867139   -0.117139 (VIOLATED)
_3945_/B2                               0.750000    0.867106   -0.117106 (VIOLATED)
_3697_/A1                               0.750000    0.867096   -0.117096 (VIOLATED)
_3798_/C1                               0.750000    0.867077   -0.117077 (VIOLATED)
fanout580/A                             0.750000    0.867074   -0.117074 (VIOLATED)
_3248_/X                                0.750000    0.867071   -0.117071 (VIOLATED)
_4788_/A_N                              0.750000    0.860710   -0.110710 (VIOLATED)
_4792_/A_N                              0.750000    0.860707   -0.110707 (VIOLATED)
_4799_/A_N                              0.750000    0.860707   -0.110707 (VIOLATED)
_4804_/A_N                              0.750000    0.860707   -0.110707 (VIOLATED)
_4807_/A_N                              0.750000    0.860707   -0.110707 (VIOLATED)
fanout993/X                             0.750000    0.860707   -0.110707 (VIOLATED)
ANTENNA_1/DIODE                         0.750000    0.860510   -0.110510 (VIOLATED)
fanout697/A                             0.750000    0.860510   -0.110510 (VIOLATED)
_2496_/Y                                0.750000    0.860509   -0.110509 (VIOLATED)
fanout696/A                             0.750000    0.860509   -0.110509 (VIOLATED)
fanout699/A                             0.750000    0.860509   -0.110509 (VIOLATED)
_4692_/A2                               0.750000    0.857975   -0.107975 (VIOLATED)
_4708_/A2                               0.750000    0.857975   -0.107975 (VIOLATED)
_4695_/A2                               0.750000    0.857965   -0.107965 (VIOLATED)
_4686_/A2                               0.750000    0.857965   -0.107965 (VIOLATED)
_4697_/A2                               0.750000    0.857963   -0.107963 (VIOLATED)
_4702_/A2                               0.750000    0.857957   -0.107957 (VIOLATED)
fanout397/X                             0.750000    0.857957   -0.107957 (VIOLATED)
_4725_/B1                               0.750000    0.856530   -0.106530 (VIOLATED)
load_slew169/A                          0.750000    0.856530   -0.106530 (VIOLATED)
_4719_/B1                               0.750000    0.856529   -0.106529 (VIOLATED)
_4721_/B1                               0.750000    0.856529   -0.106529 (VIOLATED)
_4727_/B1                               0.750000    0.856527   -0.106527 (VIOLATED)
fanout168/X                             0.750000    0.856527   -0.106527 (VIOLATED)
_4475_/B1                               0.750000    0.854605   -0.104605 (VIOLATED)
_4486_/B1                               0.750000    0.854604   -0.104604 (VIOLATED)
_4498_/B1                               0.750000    0.854602   -0.104602 (VIOLATED)
_4493_/B1                               0.750000    0.854601   -0.104601 (VIOLATED)
_4477_/B1                               0.750000    0.854596   -0.104596 (VIOLATED)
_4478_/B1                               0.750000    0.854596   -0.104596 (VIOLATED)
_4482_/B1                               0.750000    0.854596   -0.104596 (VIOLATED)
fanout214/X                             0.750000    0.854596   -0.104596 (VIOLATED)
_4811_/Y                                0.750000    0.854075   -0.104075 (VIOLATED)
fanout152/A                             0.750000    0.854075   -0.104075 (VIOLATED)
fanout154/A                             0.750000    0.854075   -0.104075 (VIOLATED)
max_cap158/A                            0.750000    0.854075   -0.104075 (VIOLATED)
_4224_/A1                               0.750000    0.849757   -0.099757 (VIOLATED)
_4258_/A1                               0.750000    0.849757   -0.099757 (VIOLATED)
_4292_/A1                               0.750000    0.849757   -0.099757 (VIOLATED)
_4326_/A1                               0.750000    0.849757   -0.099757 (VIOLATED)
_4395_/A1                               0.750000    0.849757   -0.099757 (VIOLATED)
_4430_/A1                               0.750000    0.849757   -0.099757 (VIOLATED)
_4464_/A1                               0.750000    0.849757   -0.099757 (VIOLATED)
_4498_/A1                               0.750000    0.849757   -0.099757 (VIOLATED)
_4532_/A1                               0.750000    0.849757   -0.099757 (VIOLATED)
_4738_/A1                               0.750000    0.849757   -0.099757 (VIOLATED)
fanout917/X                             0.750000    0.849757   -0.099757 (VIOLATED)
_2718_/S1                               0.750000    0.844785   -0.094785 (VIOLATED)
_2724_/S1                               0.750000    0.844785   -0.094785 (VIOLATED)
_2729_/S1                               0.750000    0.844785   -0.094785 (VIOLATED)
_2923_/S1                               0.750000    0.844785   -0.094785 (VIOLATED)
_2933_/S1                               0.750000    0.844785   -0.094785 (VIOLATED)
_2968_/S1                               0.750000    0.844785   -0.094785 (VIOLATED)
_2973_/S1                               0.750000    0.844785   -0.094785 (VIOLATED)
fanout779/X                             0.750000    0.844785   -0.094785 (VIOLATED)
_3973_/A1                               0.750000    0.841070   -0.091070 (VIOLATED)
_4219_/A1                               0.750000    0.841070   -0.091070 (VIOLATED)
_4253_/A1                               0.750000    0.841070   -0.091070 (VIOLATED)
_4287_/A1                               0.750000    0.841070   -0.091070 (VIOLATED)
_4321_/A1                               0.750000    0.841070   -0.091070 (VIOLATED)
_4355_/A1                               0.750000    0.841070   -0.091070 (VIOLATED)
_4425_/A1                               0.750000    0.841070   -0.091070 (VIOLATED)
_4459_/A1                               0.750000    0.841070   -0.091070 (VIOLATED)
_4493_/A1                               0.750000    0.841070   -0.091070 (VIOLATED)
_4527_/A1                               0.750000    0.841070   -0.091070 (VIOLATED)
fanout939/X                             0.750000    0.841070   -0.091070 (VIOLATED)
_4777_/B1                               0.750000    0.840345   -0.090345 (VIOLATED)
_4761_/B1                               0.750000    0.840344   -0.090344 (VIOLATED)
_4764_/B1                               0.750000    0.840335   -0.090335 (VIOLATED)
_4755_/B1                               0.750000    0.840331   -0.090331 (VIOLATED)
_4766_/B1                               0.750000    0.840324   -0.090324 (VIOLATED)
_4771_/B1                               0.750000    0.840324   -0.090324 (VIOLATED)
fanout164/X                             0.750000    0.840324   -0.090324 (VIOLATED)
_3548_/C1                               0.750000    0.838107   -0.088107 (VIOLATED)
_3807_/C1                               0.750000    0.838105   -0.088105 (VIOLATED)
_3703_/A1                               0.750000    0.838096   -0.088096 (VIOLATED)
_3656_/C1                               0.750000    0.838093   -0.088093 (VIOLATED)
_3593_/A1                               0.750000    0.838080   -0.088080 (VIOLATED)
_3939_/A1                               0.750000    0.838080   -0.088080 (VIOLATED)
fanout631/X                             0.750000    0.838080   -0.088080 (VIOLATED)
load_slew149/A                          0.750000    0.837397   -0.087397 (VIOLATED)
_4859_/B1                               0.750000    0.837397   -0.087397 (VIOLATED)
_4853_/B1                               0.750000    0.837391   -0.087391 (VIOLATED)
_4855_/B1                               0.750000    0.837390   -0.087390 (VIOLATED)
_4861_/B1                               0.750000    0.837382   -0.087382 (VIOLATED)
fanout148/X                             0.750000    0.837382   -0.087382 (VIOLATED)
_4365_/A2                               0.750000    0.834572   -0.084572 (VIOLATED)
_4349_/A2                               0.750000    0.834571   -0.084571 (VIOLATED)
_4352_/A2                               0.750000    0.834564   -0.084564 (VIOLATED)
_4343_/A2                               0.750000    0.834561   -0.084561 (VIOLATED)
_4354_/A2                               0.750000    0.834560   -0.084560 (VIOLATED)
_4359_/A2                               0.750000    0.834559   -0.084559 (VIOLATED)
fanout466/X                             0.750000    0.834559   -0.084559 (VIOLATED)
_4628_/B1                               0.750000    0.829061   -0.079061 (VIOLATED)
_4633_/B1                               0.750000    0.829060   -0.079060 (VIOLATED)
_4637_/B1                               0.750000    0.829052   -0.079052 (VIOLATED)
_4632_/B1                               0.750000    0.829048   -0.079048 (VIOLATED)
_4639_/B1                               0.750000    0.829048   -0.079048 (VIOLATED)
fanout187/X                             0.750000    0.829048   -0.079048 (VIOLATED)
_4509_/A2                               0.750000    0.824080   -0.074080 (VIOLATED)
_4520_/A2                               0.750000    0.824080   -0.074080 (VIOLATED)
_4511_/A2                               0.750000    0.824078   -0.074078 (VIOLATED)
_4512_/A2                               0.750000    0.824078   -0.074078 (VIOLATED)
_4516_/A2                               0.750000    0.824078   -0.074078 (VIOLATED)
_4527_/A2                               0.750000    0.824078   -0.074078 (VIOLATED)
_4532_/A2                               0.750000    0.824078   -0.074078 (VIOLATED)
fanout429/X                             0.750000    0.824078   -0.074078 (VIOLATED)
_4605_/A2                               0.750000    0.821633   -0.071633 (VIOLATED)
_4598_/A2                               0.750000    0.821631   -0.071631 (VIOLATED)
_4594_/A2                               0.750000    0.821621   -0.071621 (VIOLATED)
_4599_/A2                               0.750000    0.821621   -0.071621 (VIOLATED)
_4603_/A2                               0.750000    0.821621   -0.071621 (VIOLATED)
fanout415/X                             0.750000    0.821621   -0.071621 (VIOLATED)
_4673_/A2                               0.750000    0.821227   -0.071227 (VIOLATED)
_4666_/A2                               0.750000    0.821226   -0.071227 (VIOLATED)
_4662_/A2                               0.750000    0.821219   -0.071219 (VIOLATED)
_4667_/A2                               0.750000    0.821219   -0.071219 (VIOLATED)
_4671_/A2                               0.750000    0.821219   -0.071219 (VIOLATED)
fanout401/X                             0.750000    0.821219   -0.071219 (VIOLATED)
_4506_/B1                               0.750000    0.819780   -0.069780 (VIOLATED)
_4519_/B1                               0.750000    0.819780   -0.069780 (VIOLATED)
_4525_/B1                               0.750000    0.819780   -0.069780 (VIOLATED)
_4530_/B1                               0.750000    0.819780   -0.069780 (VIOLATED)
fanout209/X                             0.750000    0.819780   -0.069780 (VIOLATED)
load_slew210/A                          0.750000    0.819780   -0.069780 (VIOLATED)
_4560_/B1                               0.750000    0.818445   -0.068445 (VIOLATED)
_4565_/B1                               0.750000    0.818443   -0.068443 (VIOLATED)
_4569_/B1                               0.750000    0.818432   -0.068432 (VIOLATED)
_4564_/B1                               0.750000    0.818416   -0.068416 (VIOLATED)
_4571_/B1                               0.750000    0.818416   -0.068416 (VIOLATED)
fanout201/X                             0.750000    0.818416   -0.068416 (VIOLATED)
_2895_/S1                               0.750000    0.818411   -0.068411 (VIOLATED)
_3120_/S1                               0.750000    0.818411   -0.068411 (VIOLATED)
_3125_/S1                               0.750000    0.818411   -0.068411 (VIOLATED)
_3136_/S1                               0.750000    0.818411   -0.068411 (VIOLATED)
_3169_/S1                               0.750000    0.818411   -0.068411 (VIOLATED)
_3174_/S1                               0.750000    0.818411   -0.068411 (VIOLATED)
_3180_/S1                               0.750000    0.818411   -0.068411 (VIOLATED)
fanout754/X                             0.750000    0.818411   -0.068411 (VIOLATED)
_3462_/A1                               0.750000    0.817110   -0.067110 (VIOLATED)
_3416_/B1                               0.750000    0.817109   -0.067109 (VIOLATED)
_3647_/A1                               0.750000    0.817104   -0.067104 (VIOLATED)
_3592_/C1                               0.750000    0.817095   -0.067095 (VIOLATED)
_3394_/B2                               0.750000    0.817015   -0.067015 (VIOLATED)
_3723_/C1                               0.750000    0.816989   -0.066989 (VIOLATED)
_3187_/S1                               0.750000    0.816988   -0.066988 (VIOLATED)
_3143_/S1                               0.750000    0.816988   -0.066988 (VIOLATED)
_3041_/S1                               0.750000    0.816987   -0.066987 (VIOLATED)
_3832_/C1                               0.750000    0.816987   -0.066987 (VIOLATED)
_3045_/S1                               0.750000    0.816987   -0.066987 (VIOLATED)
_3043_/S1                               0.750000    0.816987   -0.066987 (VIOLATED)
_3197_/S1                               0.750000    0.816984   -0.066984 (VIOLATED)
_3202_/S1                               0.750000    0.816984   -0.066984 (VIOLATED)
fanout770/X                             0.750000    0.816984   -0.066984 (VIOLATED)
fanout165/A                             0.750000    0.816971   -0.066971 (VIOLATED)
fanout170/A                             0.750000    0.816970   -0.066970 (VIOLATED)
fanout167/A                             0.750000    0.816970   -0.066970 (VIOLATED)
_4711_/Y                                0.750000    0.816969   -0.066969 (VIOLATED)
fanout168/A                             0.750000    0.816969   -0.066969 (VIOLATED)
_3560_/C1                               0.750000    0.816962   -0.066962 (VIOLATED)
_3308_/C1                               0.750000    0.816954   -0.066954 (VIOLATED)
_3319_/C1                               0.750000    0.816954   -0.066954 (VIOLATED)
fanout577/X                             0.750000    0.816954   -0.066954 (VIOLATED)
_3286_/B1                               0.750000    0.812932   -0.062932 (VIOLATED)
_3309_/A1                               0.750000    0.812932   -0.062932 (VIOLATED)
_3315_/C1                               0.750000    0.812932   -0.062932 (VIOLATED)
_3335_/C1                               0.750000    0.812932   -0.062932 (VIOLATED)
_3494_/C1                               0.750000    0.812932   -0.062932 (VIOLATED)
_3571_/B2                               0.750000    0.812932   -0.062932 (VIOLATED)
_3635_/B1                               0.750000    0.812932   -0.062932 (VIOLATED)
_3724_/B1                               0.750000    0.812932   -0.062932 (VIOLATED)
_3823_/C1                               0.750000    0.812932   -0.062932 (VIOLATED)
_3843_/C1                               0.750000    0.812932   -0.062932 (VIOLATED)
fanout579/X                             0.750000    0.812932   -0.062932 (VIOLATED)
_4679_/A2                               0.750000    0.806628   -0.056628 (VIOLATED)
_4680_/A2                               0.750000    0.806628   -0.056628 (VIOLATED)
_4691_/A2                               0.750000    0.806628   -0.056628 (VIOLATED)
_4693_/A2                               0.750000    0.806628   -0.056628 (VIOLATED)
fanout395/X                             0.750000    0.806628   -0.056628 (VIOLATED)
load_slew396/A                          0.750000    0.806628   -0.056628 (VIOLATED)
_4571_/A2                               0.750000    0.806078   -0.056078 (VIOLATED)
_4564_/A2                               0.750000    0.806077   -0.056077 (VIOLATED)
_4569_/A2                               0.750000    0.806059   -0.056059 (VIOLATED)
_4560_/A2                               0.750000    0.806058   -0.056058 (VIOLATED)
_4565_/A2                               0.750000    0.806058   -0.056058 (VIOLATED)
fanout422/X                             0.750000    0.806058   -0.056058 (VIOLATED)
_2585_/A1                               0.750000    0.805814   -0.055814 (VIOLATED)
_2572_/A                                0.750000    0.805813   -0.055813 (VIOLATED)
_3141_/B2                               0.750000    0.805812   -0.055812 (VIOLATED)
_3173_/C1                               0.750000    0.805812   -0.055812 (VIOLATED)
fanout666/X                             0.750000    0.805812   -0.055812 (VIOLATED)
load_slew667/A                          0.750000    0.805812   -0.055812 (VIOLATED)
_4509_/B1                               0.750000    0.797599   -0.047599 (VIOLATED)
_4520_/B1                               0.750000    0.797598   -0.047598 (VIOLATED)
_4532_/B1                               0.750000    0.797595   -0.047595 (VIOLATED)
_4527_/B1                               0.750000    0.797594   -0.047594 (VIOLATED)
_4511_/B1                               0.750000    0.797592   -0.047592 (VIOLATED)
_4512_/B1                               0.750000    0.797592   -0.047592 (VIOLATED)
_4516_/B1                               0.750000    0.797592   -0.047592 (VIOLATED)
fanout208/X                             0.750000    0.797592   -0.047592 (VIOLATED)
_4441_/A2                               0.750000    0.793719   -0.043719 (VIOLATED)
_4440_/A2                               0.750000    0.793718   -0.043718 (VIOLATED)
_4446_/A2                               0.750000    0.793718   -0.043718 (VIOLATED)
_4465_/A2                               0.750000    0.793718   -0.043718 (VIOLATED)
fanout439/X                             0.750000    0.793718   -0.043718 (VIOLATED)
load_slew440/A                          0.750000    0.793718   -0.043718 (VIOLATED)
_3532_/B2                               0.750000    0.793448   -0.043448 (VIOLATED)
_3577_/A1                               0.750000    0.793448   -0.043448 (VIOLATED)
_3685_/A1                               0.750000    0.793448   -0.043448 (VIOLATED)
_3702_/A1                               0.750000    0.793448   -0.043448 (VIOLATED)
_3928_/A1                               0.750000    0.793448   -0.043448 (VIOLATED)
fanout625/X                             0.750000    0.793448   -0.043448 (VIOLATED)
_4368_/B                                0.750000    0.792866   -0.042866 (VIOLATED)
_4388_/A2                               0.750000    0.792866   -0.042866 (VIOLATED)
_4391_/A2                               0.750000    0.792866   -0.042866 (VIOLATED)
_4393_/A2                               0.750000    0.792866   -0.042866 (VIOLATED)
fanout456/X                             0.750000    0.792866   -0.042866 (VIOLATED)
load_slew457/A                          0.750000    0.792866   -0.042866 (VIOLATED)
_2669_/B2                               0.750000    0.790832   -0.040832 (VIOLATED)
_2685_/B2                               0.750000    0.790832   -0.040832 (VIOLATED)
_2808_/B2                               0.750000    0.790823   -0.040823 (VIOLATED)
_3071_/B2                               0.750000    0.790821   -0.040821 (VIOLATED)
fanout663/X                             0.750000    0.790821   -0.040821 (VIOLATED)
load_slew664/A                          0.750000    0.790821   -0.040821 (VIOLATED)
_4714_/B1                               0.750000    0.787694   -0.037694 (VIOLATED)
_4715_/B1                               0.750000    0.787694   -0.037694 (VIOLATED)
_4717_/B1                               0.750000    0.787694   -0.037694 (VIOLATED)
fanout165/X                             0.750000    0.787694   -0.037694 (VIOLATED)
wire166/A                               0.750000    0.787694   -0.037694 (VIOLATED)
_4096_/B1                               0.750000    0.784948   -0.034948 (VIOLATED)
_4099_/B1                               0.750000    0.784948   -0.034948 (VIOLATED)
_4106_/B1                               0.750000    0.784948   -0.034948 (VIOLATED)
_4111_/B1                               0.750000    0.784948   -0.034948 (VIOLATED)
_4112_/B1                               0.750000    0.784948   -0.034948 (VIOLATED)
fanout293/X                             0.750000    0.784948   -0.034948 (VIOLATED)
load_slew294/A                          0.750000    0.784948   -0.034948 (VIOLATED)
_4441_/B1                               0.750000    0.783906   -0.033906 (VIOLATED)
_4440_/B1                               0.750000    0.783904   -0.033904 (VIOLATED)
_4465_/B1                               0.750000    0.783902   -0.033902 (VIOLATED)
_4446_/B1                               0.750000    0.783896   -0.033896 (VIOLATED)
fanout218/X                             0.750000    0.783894   -0.033894 (VIOLATED)
load_slew219/A                          0.750000    0.783894   -0.033894 (VIOLATED)
_2870_/A1                               0.750000    0.783668   -0.033668 (VIOLATED)
_2938_/A1                               0.750000    0.783668   -0.033668 (VIOLATED)
_2984_/A1                               0.750000    0.783668   -0.033668 (VIOLATED)
_3085_/A1                               0.750000    0.783668   -0.033668 (VIOLATED)
_3230_/B2                               0.750000    0.783668   -0.033668 (VIOLATED)
fanout636/X                             0.750000    0.783668   -0.033668 (VIOLATED)
_3261_/X                                0.750000    0.781709   -0.031709 (VIOLATED)
_3695_/B1                               0.750000    0.781709   -0.031709 (VIOLATED)
_3812_/C1                               0.750000    0.781709   -0.031709 (VIOLATED)
_3833_/A1                               0.750000    0.781709   -0.031709 (VIOLATED)
_3938_/C1                               0.750000    0.781709   -0.031709 (VIOLATED)
fanout572/A                             0.750000    0.781709   -0.031709 (VIOLATED)
fanout573/A                             0.750000    0.781709   -0.031709 (VIOLATED)
_4365_/B1                               0.750000    0.781284   -0.031284 (VIOLATED)
_4349_/B1                               0.750000    0.781283   -0.031283 (VIOLATED)
_4352_/B1                               0.750000    0.781274   -0.031274 (VIOLATED)
_4354_/B1                               0.750000    0.781266   -0.031266 (VIOLATED)
_4359_/B1                               0.750000    0.781264   -0.031264 (VIOLATED)
fanout246/X                             0.750000    0.781264   -0.031264 (VIOLATED)
_4213_/A1                               0.750000    0.780836   -0.030836 (VIOLATED)
_4247_/A1                               0.750000    0.780836   -0.030836 (VIOLATED)
_4281_/A1                               0.750000    0.780836   -0.030836 (VIOLATED)
_4315_/A1                               0.750000    0.780836   -0.030836 (VIOLATED)
_4384_/A1                               0.750000    0.780836   -0.030836 (VIOLATED)
_4419_/A1                               0.750000    0.780836   -0.030836 (VIOLATED)
_4453_/A1                               0.750000    0.780836   -0.030836 (VIOLATED)
_4487_/A1                               0.750000    0.780836   -0.030836 (VIOLATED)
_4521_/A1                               0.750000    0.780836   -0.030836 (VIOLATED)
_4727_/A1                               0.750000    0.780836   -0.030836 (VIOLATED)
fanout964/X                             0.750000    0.780836   -0.030836 (VIOLATED)
_4013_/A1                               0.750000    0.780799   -0.030799 (VIOLATED)
_4048_/A1                               0.750000    0.780799   -0.030799 (VIOLATED)
_4084_/A1                               0.750000    0.780799   -0.030799 (VIOLATED)
_4119_/A1                               0.750000    0.780799   -0.030799 (VIOLATED)
_4153_/A1                               0.750000    0.780799   -0.030799 (VIOLATED)
_4187_/A1                               0.750000    0.780799   -0.030799 (VIOLATED)
_4428_/A1                               0.750000    0.780799   -0.030799 (VIOLATED)
_4462_/A1                               0.750000    0.780799   -0.030799 (VIOLATED)
_4496_/A1                               0.750000    0.780799   -0.030799 (VIOLATED)
_4530_/A1                               0.750000    0.780799   -0.030799 (VIOLATED)
fanout928/X                             0.750000    0.780799   -0.030799 (VIOLATED)
_4475_/A2                               0.750000    0.780237   -0.030237 (VIOLATED)
_4486_/A2                               0.750000    0.780235   -0.030235 (VIOLATED)
_4477_/A2                               0.750000    0.780235   -0.030235 (VIOLATED)
_4478_/A2                               0.750000    0.780235   -0.030235 (VIOLATED)
_4482_/A2                               0.750000    0.780235   -0.030235 (VIOLATED)
_4493_/A2                               0.750000    0.780235   -0.030235 (VIOLATED)
_4498_/A2                               0.750000    0.780235   -0.030235 (VIOLATED)
fanout435/X                             0.750000    0.780235   -0.030235 (VIOLATED)
_4061_/B1                               0.750000    0.779236   -0.029236 (VIOLATED)
_4064_/B1                               0.750000    0.779236   -0.029236 (VIOLATED)
_4071_/B1                               0.750000    0.779236   -0.029236 (VIOLATED)
_4076_/B1                               0.750000    0.779236   -0.029236 (VIOLATED)
_4077_/B1                               0.750000    0.779236   -0.029236 (VIOLATED)
fanout301/X                             0.750000    0.779236   -0.029236 (VIOLATED)
load_slew302/A                          0.750000    0.779236   -0.029236 (VIOLATED)
wire146/A                               0.750000    0.777321   -0.027321 (VIOLATED)
_4848_/B1                               0.750000    0.777318   -0.027318 (VIOLATED)
_4849_/B1                               0.750000    0.777314   -0.027315 (VIOLATED)
_4851_/B1                               0.750000    0.777314   -0.027315 (VIOLATED)
fanout145/X                             0.750000    0.777314   -0.027315 (VIOLATED)
_4893_/B1                               0.750000    0.777281   -0.027281 (VIOLATED)
load_slew142/A                          0.750000    0.777280   -0.027280 (VIOLATED)
_4887_/B1                               0.750000    0.777278   -0.027278 (VIOLATED)
_4889_/B1                               0.750000    0.777277   -0.027277 (VIOLATED)
_4895_/B1                               0.750000    0.777274   -0.027275 (VIOLATED)
fanout141/X                             0.750000    0.777274   -0.027275 (VIOLATED)
_4485_/A2                               0.750000    0.775890   -0.025890 (VIOLATED)
_4487_/A2                               0.750000    0.775890   -0.025890 (VIOLATED)
_4490_/A2                               0.750000    0.775890   -0.025890 (VIOLATED)
_4492_/A2                               0.750000    0.775890   -0.025890 (VIOLATED)
_4497_/A2                               0.750000    0.775890   -0.025890 (VIOLATED)
_4503_/A2                               0.750000    0.775890   -0.025890 (VIOLATED)
fanout438/X                             0.750000    0.775890   -0.025890 (VIOLATED)
_2682_/S1                               0.750000    0.775677   -0.025677 (VIOLATED)
_2805_/S1                               0.750000    0.775675   -0.025675 (VIOLATED)
_2810_/S1                               0.750000    0.775675   -0.025675 (VIOLATED)
_3075_/S1                               0.750000    0.775675   -0.025675 (VIOLATED)
_3080_/S1                               0.750000    0.775675   -0.025675 (VIOLATED)
_3091_/S1                               0.750000    0.775675   -0.025675 (VIOLATED)
fanout777/X                             0.750000    0.775675   -0.025675 (VIOLATED)
load_slew778/A                          0.750000    0.775675   -0.025675 (VIOLATED)
_4594_/B1                               0.750000    0.774731   -0.024731 (VIOLATED)
_4599_/B1                               0.750000    0.774730   -0.024730 (VIOLATED)
_4603_/B1                               0.750000    0.774724   -0.024724 (VIOLATED)
_4598_/B1                               0.750000    0.774711   -0.024711 (VIOLATED)
_4605_/B1                               0.750000    0.774711   -0.024711 (VIOLATED)
fanout194/X                             0.750000    0.774711   -0.024711 (VIOLATED)
_3079_/C1                               0.750000    0.772078   -0.022079 (VIOLATED)
_2977_/C1                               0.750000    0.772074   -0.022074 (VIOLATED)
_2927_/C1                               0.750000    0.772070   -0.022070 (VIOLATED)
_2869_/C1                               0.750000    0.772069   -0.022069 (VIOLATED)
_3224_/A1                               0.750000    0.772069   -0.022069 (VIOLATED)
fanout560/X                             0.750000    0.772069   -0.022069 (VIOLATED)
_4407_/A2                               0.750000    0.770692   -0.020693 (VIOLATED)
_4406_/A2                               0.750000    0.770690   -0.020690 (VIOLATED)
_4431_/A2                               0.750000    0.770689   -0.020689 (VIOLATED)
_4412_/A2                               0.750000    0.770686   -0.020686 (VIOLATED)
fanout446/X                             0.750000    0.770686   -0.020686 (VIOLATED)
load_slew447/A                          0.750000    0.770686   -0.020686 (VIOLATED)
_4472_/B1                               0.750000    0.768511   -0.018511 (VIOLATED)
_4485_/B1                               0.750000    0.768511   -0.018511 (VIOLATED)
_4491_/B1                               0.750000    0.768511   -0.018511 (VIOLATED)
_4496_/B1                               0.750000    0.768511   -0.018511 (VIOLATED)
fanout215/X                             0.750000    0.768511   -0.018511 (VIOLATED)
load_slew216/A                          0.750000    0.768511   -0.018511 (VIOLATED)
_3976_/A1                               0.750000    0.766836   -0.016836 (VIOLATED)
_4222_/A1                               0.750000    0.766836   -0.016836 (VIOLATED)
_4256_/A1                               0.750000    0.766836   -0.016836 (VIOLATED)
_4290_/A1                               0.750000    0.766836   -0.016836 (VIOLATED)
_4324_/A1                               0.750000    0.766836   -0.016836 (VIOLATED)
_4358_/A1                               0.750000    0.766836   -0.016836 (VIOLATED)
_4393_/A1                               0.750000    0.766836   -0.016836 (VIOLATED)
_4938_/A1                               0.750000    0.766836   -0.016836 (VIOLATED)
_5040_/A1                               0.750000    0.766836   -0.016836 (VIOLATED)
fanout926/A                             0.750000    0.766836   -0.016836 (VIOLATED)
fanout927/X                             0.750000    0.766836   -0.016836 (VIOLATED)
_4455_/A1                               0.750000    0.766821   -0.016821 (VIOLATED)
_4421_/A1                               0.750000    0.766821   -0.016821 (VIOLATED)
_4215_/A1                               0.750000    0.766820   -0.016820 (VIOLATED)
_4249_/A1                               0.750000    0.766820   -0.016820 (VIOLATED)
_4283_/A1                               0.750000    0.766820   -0.016820 (VIOLATED)
_4317_/A1                               0.750000    0.766820   -0.016820 (VIOLATED)
_4558_/A1                               0.750000    0.766820   -0.016820 (VIOLATED)
_4592_/A1                               0.750000    0.766820   -0.016820 (VIOLATED)
_4626_/A1                               0.750000    0.766820   -0.016820 (VIOLATED)
_4660_/A1                               0.750000    0.766820   -0.016820 (VIOLATED)
fanout959/X                             0.750000    0.766820   -0.016820 (VIOLATED)
_3504_/B1                               0.750000    0.766100   -0.016100 (VIOLATED)
_3279_/C1                               0.750000    0.766094   -0.016094 (VIOLATED)
_3624_/C1                               0.750000    0.766090   -0.016090 (VIOLATED)
_3714_/C1                               0.750000    0.766088   -0.016088 (VIOLATED)
_3349_/C1                               0.750000    0.766087   -0.016087 (VIOLATED)
_3302_/C1                               0.750000    0.766087   -0.016087 (VIOLATED)
_3328_/C1                               0.750000    0.766087   -0.016087 (VIOLATED)
_3571_/A1                               0.750000    0.766087   -0.016087 (VIOLATED)
_3853_/C1                               0.750000    0.766087   -0.016087 (VIOLATED)
_3898_/A1                               0.750000    0.766087   -0.016087 (VIOLATED)
fanout572/X                             0.750000    0.766087   -0.016087 (VIOLATED)
_4948_/A1                               0.750000    0.762533   -0.012533 (VIOLATED)
_4982_/A1                               0.750000    0.762532   -0.012532 (VIOLATED)
fanout990/A                             0.750000    0.762532   -0.012532 (VIOLATED)
fanout989/A                             0.750000    0.762529   -0.012529 (VIOLATED)
input17/X                               0.750000    0.762528   -0.012528 (VIOLATED)
_3967_/A1                               0.750000    0.758596   -0.008596 (VIOLATED)
_4004_/A1                               0.750000    0.758596   -0.008596 (VIOLATED)
_4039_/A1                               0.750000    0.758596   -0.008596 (VIOLATED)
_4075_/A1                               0.750000    0.758596   -0.008596 (VIOLATED)
_4110_/A1                               0.750000    0.758596   -0.008596 (VIOLATED)
_4144_/A1                               0.750000    0.758596   -0.008596 (VIOLATED)
_4178_/A1                               0.750000    0.758596   -0.008596 (VIOLATED)
_4556_/A1                               0.750000    0.758596   -0.008596 (VIOLATED)
_4624_/A1                               0.750000    0.758596   -0.008596 (VIOLATED)
_4658_/A1                               0.750000    0.758596   -0.008596 (VIOLATED)
fanout966/X                             0.750000    0.758596   -0.008596 (VIOLATED)
_3989_/A1                               0.750000    0.758388   -0.008389 (VIOLATED)
_4024_/A1                               0.750000    0.758388   -0.008389 (VIOLATED)
_4060_/A1                               0.750000    0.758388   -0.008389 (VIOLATED)
_4095_/A1                               0.750000    0.758388   -0.008389 (VIOLATED)
_4129_/A1                               0.750000    0.758388   -0.008389 (VIOLATED)
_4163_/A1                               0.750000    0.758388   -0.008389 (VIOLATED)
_4404_/A1                               0.750000    0.758388   -0.008389 (VIOLATED)
_4438_/A1                               0.750000    0.758388   -0.008389 (VIOLATED)
_4472_/A1                               0.750000    0.758388   -0.008389 (VIOLATED)
_4506_/A1                               0.750000    0.758388   -0.008389 (VIOLATED)
fanout990/X                             0.750000    0.758388   -0.008389 (VIOLATED)
fanout976/A                             0.750000    0.755769   -0.005769 (VIOLATED)
_4994_/A1                               0.750000    0.755768   -0.005768 (VIOLATED)
_4960_/A1                               0.750000    0.755768   -0.005768 (VIOLATED)
_4416_/A1                               0.750000    0.755768   -0.005768 (VIOLATED)
_4450_/A1                               0.750000    0.755768   -0.005768 (VIOLATED)
_4484_/A1                               0.750000    0.755768   -0.005768 (VIOLATED)
_4518_/A1                               0.750000    0.755768   -0.005768 (VIOLATED)
fanout978/A                             0.750000    0.755768   -0.005768 (VIOLATED)
fanout979/X                             0.750000    0.755768   -0.005768 (VIOLATED)
_4407_/B1                               0.750000    0.755591   -0.005591 (VIOLATED)
_4406_/B1                               0.750000    0.755589   -0.005589 (VIOLATED)
_4431_/B1                               0.750000    0.755585   -0.005586 (VIOLATED)
_4412_/B1                               0.750000    0.755580   -0.005580 (VIOLATED)
fanout226/X                             0.750000    0.755580   -0.005580 (VIOLATED)
load_slew227/A                          0.750000    0.755580   -0.005580 (VIOLATED)
_4519_/A2                               0.750000    0.754991   -0.004991 (VIOLATED)
_4521_/A2                               0.750000    0.754991   -0.004991 (VIOLATED)
_4524_/A2                               0.750000    0.754991   -0.004991 (VIOLATED)
_4526_/A2                               0.750000    0.754991   -0.004991 (VIOLATED)
_4531_/A2                               0.750000    0.754991   -0.004991 (VIOLATED)
_4537_/A2                               0.750000    0.754991   -0.004991 (VIOLATED)
fanout432/X                             0.750000    0.754991   -0.004991 (VIOLATED)
_4899_/A2                               0.750000    0.754007   -0.004007 (VIOLATED)
_4904_/A2                               0.750000    0.754007   -0.004007 (VIOLATED)
fanout359/A                             0.750000    0.754007   -0.004007 (VIOLATED)
fanout361/X                             0.750000    0.754007   -0.004007 (VIOLATED)
load_slew362/A                          0.750000    0.754007   -0.004007 (VIOLATED)
_4514_/B1                               0.750000    0.753147   -0.003147 (VIOLATED)
_4517_/B1                               0.750000    0.753147   -0.003147 (VIOLATED)
_4522_/B1                               0.750000    0.753147   -0.003147 (VIOLATED)
_4528_/B1                               0.750000    0.753147   -0.003147 (VIOLATED)
fanout206/X                             0.750000    0.753147   -0.003147 (VIOLATED)
load_slew207/A                          0.750000    0.753147   -0.003147 (VIOLATED)
load_slew382/A                          0.750000    0.753112   -0.003112 (VIOLATED)
_4760_/A2                               0.750000    0.753111   -0.003111 (VIOLATED)
_4749_/A2                               0.750000    0.753106   -0.003107 (VIOLATED)
_4748_/A2                               0.750000    0.753102   -0.003102 (VIOLATED)
_4762_/A2                               0.750000    0.753101   -0.003101 (VIOLATED)
fanout381/X                             0.750000    0.753101   -0.003101 (VIOLATED)
_4002_/A1                               0.750000    0.752637   -0.002638 (VIOLATED)
_4037_/A1                               0.750000    0.752637   -0.002638 (VIOLATED)
_4211_/A1                               0.750000    0.752637   -0.002638 (VIOLATED)
_4245_/A1                               0.750000    0.752637   -0.002638 (VIOLATED)
_4279_/A1                               0.750000    0.752637   -0.002638 (VIOLATED)
_4313_/A1                               0.750000    0.752637   -0.002638 (VIOLATED)
_4417_/A1                               0.750000    0.752637   -0.002638 (VIOLATED)
_4451_/A1                               0.750000    0.752637   -0.002638 (VIOLATED)
_4485_/A1                               0.750000    0.752637   -0.002638 (VIOLATED)
_4519_/A1                               0.750000    0.752637   -0.002638 (VIOLATED)
fanout972/X                             0.750000    0.752637   -0.002638 (VIOLATED)
_4008_/A1                               0.750000    0.750743   -0.000743 (VIOLATED)
_4043_/A1                               0.750000    0.750743   -0.000743 (VIOLATED)
_4079_/A1                               0.750000    0.750743   -0.000743 (VIOLATED)
_4114_/A1                               0.750000    0.750743   -0.000743 (VIOLATED)
_4217_/A1                               0.750000    0.750743   -0.000743 (VIOLATED)
_4251_/A1                               0.750000    0.750743   -0.000743 (VIOLATED)
_4285_/A1                               0.750000    0.750743   -0.000743 (VIOLATED)
_4319_/A1                               0.750000    0.750743   -0.000743 (VIOLATED)
_4491_/A1                               0.750000    0.750743   -0.000743 (VIOLATED)
_4525_/A1                               0.750000    0.750743   -0.000743 (VIOLATED)
fanout951/X                             0.750000    0.750743   -0.000743 (VIOLATED)

max fanout

Pin                                   Limit Fanout  Slack
---------------------------------------------------------
clkbuf_0_clk/X                           10     16     -6 (VIOLATED)
clkbuf_leaf_79_clk/X                     10     13     -3 (VIOLATED)
clkbuf_leaf_85_clk/X                     10     13     -3 (VIOLATED)
clkbuf_leaf_15_clk/X                     10     12     -2 (VIOLATED)
clkbuf_leaf_16_clk/X                     10     12     -2 (VIOLATED)
clkbuf_leaf_17_clk/X                     10     12     -2 (VIOLATED)
clkbuf_leaf_38_clk/X                     10     12     -2 (VIOLATED)
clkbuf_leaf_39_clk/X                     10     12     -2 (VIOLATED)
clkbuf_leaf_41_clk/X                     10     12     -2 (VIOLATED)
clkbuf_leaf_45_clk/X                     10     12     -2 (VIOLATED)
clkbuf_leaf_57_clk/X                     10     12     -2 (VIOLATED)
clkbuf_leaf_59_clk/X                     10     12     -2 (VIOLATED)
clkbuf_leaf_64_clk/X                     10     12     -2 (VIOLATED)
clkbuf_leaf_101_clk/X                    10     11        (VIOLATED)
clkbuf_leaf_11_clk/X                     10     11        (VIOLATED)
clkbuf_leaf_22_clk/X                     10     11        (VIOLATED)
clkbuf_leaf_31_clk/X                     10     11        (VIOLATED)
clkbuf_leaf_35_clk/X                     10     11        (VIOLATED)
clkbuf_leaf_50_clk/X                     10     11        (VIOLATED)
clkbuf_leaf_51_clk/X                     10     11        (VIOLATED)
clkbuf_leaf_53_clk/X                     10     11        (VIOLATED)
clkbuf_leaf_5_clk/X                      10     11        (VIOLATED)
clkbuf_leaf_65_clk/X                     10     11        (VIOLATED)
clkbuf_leaf_70_clk/X                     10     11        (VIOLATED)
clkbuf_leaf_73_clk/X                     10     11        (VIOLATED)
clkbuf_leaf_86_clk/X                     10     11        (VIOLATED)
clkbuf_leaf_97_clk/X                     10     11        (VIOLATED)
input16/X                                10     11        (VIOLATED)

max capacitance

Pin                                        Limit         Cap       Slack
------------------------------------------------------------------------
fanout565/X                             0.094309    0.131745   -0.037436 (VIOLATED)
fanout637/X                             0.094309    0.117483   -0.023174 (VIOLATED)
fanout562/X                             0.094309    0.105747   -0.011438 (VIOLATED)
clkbuf_0_clk/X                          0.200000    0.206982   -0.006982 (VIOLATED)
fanout563/X                             0.094309    0.099545   -0.005236 (VIOLATED)
fanout635/X                             0.094309    0.097453   -0.003144 (VIOLATED)
fanout634/X                             0.100718    0.102775   -0.002057 (VIOLATED)
fanout600/X                             0.100718    0.102109   -0.001391 (VIOLATED)



===========================================================================
report_parasitic_annotation -report_unannotated
============================================================================
Found 51 unannotated drivers.
 clkload0/X
 clkload1/X
 clkload10/Y
 clkload11/Y
 clkload12/X
 clkload13/X
 clkload14/X
 clkload15/X
 clkload16/Y
 clkload17/X
 clkload18/X
 clkload19/Y
 clkload2/X
 clkload20/X
 clkload21/X
 clkload22/X
 clkload23/X
 clkload24/X
 clkload25/X
 clkload26/X
 clkload27/Y
 clkload28/X
 clkload29/X
 clkload3/X
 clkload30/Y
 clkload31/X
 clkload32/X
 clkload33/Y
 clkload34/Y
 clkload35/X
 clkload36/X
 clkload37/X
 clkload38/X
 clkload39/X
 clkload4/X
 clkload40/Y
 clkload41/Y
 clkload42/Y
 clkload43/Y
 clkload44/Y
 clkload45/X
 clkload46/Y
 clkload47/X
 clkload48/Y
 clkload49/Y
 clkload5/X
 clkload50/X
 clkload6/X
 clkload7/X
 clkload8/X
 clkload9/Y
Found 0 partially unannotated drivers.

===========================================================================
max slew violation count 1272
max fanout violation count 28
max cap violation count 8
============================================================================

===========================================================================
check_setup -verbose -unconstrained_endpoints -multiple_clock -no_clock -no_input_delay -loops -generated_clocks
===========================================================================
