
===========================================================================
report_checks -unconstrained
===========================================================================
======================= nom_tt_025C_1v80 Corner ===================================

Startpoint: rs1[0] (input port clocked by clk)
Endpoint: rd1[4] (output port clocked by clk)
Path Group: clk
Path Type: max

Fanout         Cap        Slew       Delay        Time   Description
---------------------------------------------------------------------------------------------
                                  0.000000    0.000000   clock clk (rise edge)
                                  0.000000    0.000000   clock network delay (propagated)
                                  2.000000    2.000000 ^ input external delay
   382    2.087854    9.270324    6.357428    8.357428 ^ rs1[0] (in)
                                                         rs1[0] (net)
                      9.270889    0.000000    8.357428 ^ _2610_/S0 (sky130_fd_sc_hd__mux4_2)
     1    0.002917    0.170214    1.050922    9.408350 v _2610_/X (sky130_fd_sc_hd__mux4_2)
                                                         _1138_ (net)
                      0.170214    0.000020    9.408370 v _2611_/B (sky130_fd_sc_hd__or2_2)
     1    0.003808    0.060329    0.321534    9.729904 v _2611_/X (sky130_fd_sc_hd__or2_2)
                                                         _1139_ (net)
                      0.060329    0.000020    9.729925 v _2612_/B1 (sky130_fd_sc_hd__o211a_2)
     1    0.001980    0.045892    0.130797    9.860722 v _2612_/X (sky130_fd_sc_hd__o211a_2)
                                                         _1140_ (net)
                      0.045892    0.000004    9.860725 v _2618_/A (sky130_fd_sc_hd__or3b_2)
     1    0.002336    0.073926    0.451154   10.311880 v _2618_/X (sky130_fd_sc_hd__or3b_2)
                                                         _1146_ (net)
                      0.073926    0.000009   10.311889 v _2619_/C (sky130_fd_sc_hd__and3_2)
     1    0.036333    0.109202    0.302847   10.614736 v _2619_/X (sky130_fd_sc_hd__and3_2)
                                                         rd1[4] (net)
                      0.109204    0.000683   10.615418 v rd1[4] (out)
                                             10.615418   data arrival time

                                 10.000000   10.000000   clock clk (rise edge)
                                  0.000000   10.000000   clock network delay (propagated)
                                 -0.250000    9.750000   clock uncertainty
                                  0.000000    9.750000   clock reconvergence pessimism
                                 -2.000000    7.750000   output external delay
                                              7.750000   data required time
---------------------------------------------------------------------------------------------
                                              7.750000   data required time
                                            -10.615418   data arrival time
---------------------------------------------------------------------------------------------
                                             -2.865418   slack (VIOLATED)




===========================================================================
report_checks --slack_max -0.01
============================================================================
======================= nom_tt_025C_1v80 Corner ===================================

Startpoint: rs1[0] (input port clocked by clk)
Endpoint: rd1[4] (output port clocked by clk)
Path Group: clk
Path Type: max

Fanout         Cap        Slew       Delay        Time   Description
---------------------------------------------------------------------------------------------
                                  0.000000    0.000000   clock clk (rise edge)
                                  0.000000    0.000000   clock network delay (propagated)
                                  2.000000    2.000000 ^ input external delay
   382    2.087854    9.270324    6.357428    8.357428 ^ rs1[0] (in)
                                                         rs1[0] (net)
                      9.270889    0.000000    8.357428 ^ _2610_/S0 (sky130_fd_sc_hd__mux4_2)
     1    0.002917    0.170214    1.050922    9.408350 v _2610_/X (sky130_fd_sc_hd__mux4_2)
                                                         _1138_ (net)
                      0.170214    0.000020    9.408370 v _2611_/B (sky130_fd_sc_hd__or2_2)
     1    0.003808    0.060329    0.321534    9.729904 v _2611_/X (sky130_fd_sc_hd__or2_2)
                                                         _1139_ (net)
                      0.060329    0.000020    9.729925 v _2612_/B1 (sky130_fd_sc_hd__o211a_2)
     1    0.001980    0.045892    0.130797    9.860722 v _2612_/X (sky130_fd_sc_hd__o211a_2)
                                                         _1140_ (net)
                      0.045892    0.000004    9.860725 v _2618_/A (sky130_fd_sc_hd__or3b_2)
     1    0.002336    0.073926    0.451154   10.311880 v _2618_/X (sky130_fd_sc_hd__or3b_2)
                                                         _1146_ (net)
                      0.073926    0.000009   10.311889 v _2619_/C (sky130_fd_sc_hd__and3_2)
     1    0.036333    0.109202    0.302847   10.614736 v _2619_/X (sky130_fd_sc_hd__and3_2)
                                                         rd1[4] (net)
                      0.109204    0.000683   10.615418 v rd1[4] (out)
                                             10.615418   data arrival time

                                 10.000000   10.000000   clock clk (rise edge)
                                  0.000000   10.000000   clock network delay (propagated)
                                 -0.250000    9.750000   clock uncertainty
                                  0.000000    9.750000   clock reconvergence pessimism
                                 -2.000000    7.750000   output external delay
                                              7.750000   data required time
---------------------------------------------------------------------------------------------
                                              7.750000   data required time
                                            -10.615418   data arrival time
---------------------------------------------------------------------------------------------
                                             -2.865418   slack (VIOLATED)




===========================================================================
 report_check_types -max_slew -max_cap -max_fanout -violators
============================================================================
======================= nom_tt_025C_1v80 Corner ===================================

max slew

Pin                                        Limit        Slew       Slack
------------------------------------------------------------------------
_5101_/CLK                              0.750000   10.827705  -10.077705 (VIOLATED)
_5158_/CLK                              0.750000   10.827706  -10.077706 (VIOLATED)
_5165_/CLK                              0.750000   10.827710  -10.077709 (VIOLATED)
_5190_/CLK                              0.750000   10.827706  -10.077706 (VIOLATED)
_5197_/CLK                              0.750000   10.827710  -10.077709 (VIOLATED)
_5222_/CLK                              0.750000   10.827707  -10.077707 (VIOLATED)
_5229_/CLK                              0.750000   10.827710  -10.077709 (VIOLATED)
_5254_/CLK                              0.750000   10.827707  -10.077707 (VIOLATED)
_5261_/CLK                              0.750000   10.827710  -10.077709 (VIOLATED)
_5094_/CLK                              0.750000   10.827695  -10.077695 (VIOLATED)
_5126_/CLK                              0.750000   10.827697  -10.077696 (VIOLATED)
_5133_/CLK                              0.750000   10.827706  -10.077706 (VIOLATED)
_5997_/CLK                              0.750000   10.827704  -10.077704 (VIOLATED)
_6029_/CLK                              0.750000   10.827703  -10.077703 (VIOLATED)
_5435_/CLK                              0.750000   10.827689  -10.077689 (VIOLATED)
_5446_/CLK                              0.750000   10.827697  -10.077696 (VIOLATED)
_5453_/CLK                              0.750000   10.827699  -10.077699 (VIOLATED)
_5766_/CLK                              0.750000   10.827689  -10.077689 (VIOLATED)
_5819_/CLK                              0.750000   10.827689  -10.077689 (VIOLATED)
_5830_/CLK                              0.750000   10.827697  -10.077696 (VIOLATED)
_5837_/CLK                              0.750000   10.827699  -10.077699 (VIOLATED)
_5947_/CLK                              0.750000   10.827690  -10.077690 (VIOLATED)
_5958_/CLK                              0.750000   10.827694  -10.077694 (VIOLATED)
_5965_/CLK                              0.750000   10.827699  -10.077699 (VIOLATED)
_5990_/CLK                              0.750000   10.827692  -10.077692 (VIOLATED)
_6022_/CLK                              0.750000   10.827691  -10.077691 (VIOLATED)
_6043_/CLK                              0.750000   10.827690  -10.077690 (VIOLATED)
_6054_/CLK                              0.750000   10.827694  -10.077694 (VIOLATED)
_6061_/CLK                              0.750000   10.827698  -10.077698 (VIOLATED)
_5147_/CLK                              0.750000   10.827671  -10.077670 (VIOLATED)
_5179_/CLK                              0.750000   10.827671  -10.077671 (VIOLATED)
_5211_/CLK                              0.750000   10.827670  -10.077670 (VIOLATED)
_5243_/CLK                              0.750000   10.827670  -10.077670 (VIOLATED)
_5773_/CLK                              0.750000   10.827679  -10.077679 (VIOLATED)
_5862_/CLK                              0.750000   10.827688  -10.077688 (VIOLATED)
_5894_/CLK                              0.750000   10.827690  -10.077690 (VIOLATED)
_5926_/CLK                              0.750000   10.827691  -10.077691 (VIOLATED)
_5869_/CLK                              0.750000   10.827678  -10.077678 (VIOLATED)
_5901_/CLK                              0.750000   10.827681  -10.077681 (VIOLATED)
_5933_/CLK                              0.750000   10.827682  -10.077682 (VIOLATED)
_5458_/CLK                              0.750000   10.827641  -10.077641 (VIOLATED)
_5723_/CLK                              0.750000   10.827633  -10.077633 (VIOLATED)
_5778_/CLK                              0.750000   10.827637  -10.077637 (VIOLATED)
_5787_/CLK                              0.750000   10.827633  -10.077633 (VIOLATED)
_5842_/CLK                              0.750000   10.827641  -10.077641 (VIOLATED)
_5874_/CLK                              0.750000   10.827637  -10.077637 (VIOLATED)
_5906_/CLK                              0.750000   10.827638  -10.077638 (VIOLATED)
_5938_/CLK                              0.750000   10.827638  -10.077638 (VIOLATED)
_5970_/CLK                              0.750000   10.827640  -10.077640 (VIOLATED)
_6066_/CLK                              0.750000   10.827640  -10.077640 (VIOLATED)
_5051_/CLK                              0.750000   10.827609  -10.077609 (VIOLATED)
_5403_/CLK                              0.750000   10.827609  -10.077609 (VIOLATED)
_5062_/CLK                              0.750000   10.827561  -10.077561 (VIOLATED)
_5083_/CLK                              0.750000   10.827568  -10.077567 (VIOLATED)
_5106_/CLK                              0.750000   10.827567  -10.077566 (VIOLATED)
_5115_/CLK                              0.750000   10.827568  -10.077567 (VIOLATED)
_5138_/CLK                              0.750000   10.827567  -10.077566 (VIOLATED)
_5146_/CLK                              0.750000   10.827566  -10.077566 (VIOLATED)
_5170_/CLK                              0.750000   10.827568  -10.077568 (VIOLATED)
_5178_/CLK                              0.750000   10.827567  -10.077566 (VIOLATED)
_5202_/CLK                              0.750000   10.827568  -10.077568 (VIOLATED)
_5210_/CLK                              0.750000   10.827567  -10.077566 (VIOLATED)
_5234_/CLK                              0.750000   10.827569  -10.077569 (VIOLATED)
_5242_/CLK                              0.750000   10.827567  -10.077566 (VIOLATED)
_5266_/CLK                              0.750000   10.827569  -10.077569 (VIOLATED)
_5069_/CLK                              0.750000   10.827555  -10.077555 (VIOLATED)
_5414_/CLK                              0.750000   10.827561  -10.077561 (VIOLATED)
_5421_/CLK                              0.750000   10.827555  -10.077555 (VIOLATED)
_5722_/CLK                              0.750000   10.827559  -10.077559 (VIOLATED)
_5979_/CLK                              0.750000   10.827568  -10.077567 (VIOLATED)
_5595_/CLK                              0.750000   10.827547  -10.077547 (VIOLATED)
_5613_/CLK                              0.750000   10.827553  -10.077553 (VIOLATED)
_5627_/CLK                              0.750000   10.827553  -10.077553 (VIOLATED)
_5645_/CLK                              0.750000   10.827552  -10.077552 (VIOLATED)
_5659_/CLK                              0.750000   10.827558  -10.077558 (VIOLATED)
_5691_/CLK                              0.750000   10.827566  -10.077566 (VIOLATED)
_5734_/CLK                              0.750000   10.827557  -10.077557 (VIOLATED)
_6002_/CLK                              0.750000   10.827566  -10.077566 (VIOLATED)
_6011_/CLK                              0.750000   10.827568  -10.077567 (VIOLATED)
_5741_/CLK                              0.750000   10.827555  -10.077555 (VIOLATED)
_5786_/CLK                              0.750000   10.827559  -10.077559 (VIOLATED)
_5798_/CLK                              0.750000   10.827557  -10.077557 (VIOLATED)
_5805_/CLK                              0.750000   10.827555  -10.077555 (VIOLATED)
_6034_/CLK                              0.750000   10.827565  -10.077565 (VIOLATED)
_5606_/CLK                              0.750000   10.827539  -10.077539 (VIOLATED)
_5638_/CLK                              0.750000   10.827537  -10.077537 (VIOLATED)
_5670_/CLK                              0.750000   10.827542  -10.077542 (VIOLATED)
_5677_/CLK                              0.750000   10.827553  -10.077553 (VIOLATED)
_5702_/CLK                              0.750000   10.827545  -10.077545 (VIOLATED)
_5709_/CLK                              0.750000   10.827554  -10.077554 (VIOLATED)
_5542_/CLK                              0.750000   10.827521  -10.077521 (VIOLATED)
_5574_/CLK                              0.750000   10.827521  -10.077521 (VIOLATED)
_5510_/CLK                              0.750000   10.827506  -10.077506 (VIOLATED)
_5286_/CLK                              0.750000   10.827490  -10.077490 (VIOLATED)
_5350_/CLK                              0.750000   10.827494  -10.077494 (VIOLATED)
_5382_/CLK                              0.750000   10.827497  -10.077497 (VIOLATED)
_5478_/CLK                              0.750000   10.827506  -10.077506 (VIOLATED)
_5275_/CLK                              0.750000   10.827478  -10.077478 (VIOLATED)
_5307_/CLK                              0.750000   10.827479  -10.077479 (VIOLATED)
_5318_/CLK                              0.750000   10.827489  -10.077489 (VIOLATED)
_5339_/CLK                              0.750000   10.827482  -10.077482 (VIOLATED)
_5371_/CLK                              0.750000   10.827484  -10.077484 (VIOLATED)
_5467_/CLK                              0.750000   10.827469  -10.077469 (VIOLATED)
_5499_/CLK                              0.750000   10.827469  -10.077469 (VIOLATED)
_5531_/CLK                              0.750000   10.827478  -10.077478 (VIOLATED)
_5563_/CLK                              0.750000   10.827478  -10.077478 (VIOLATED)
_5490_/CLK                              0.750000   10.827447  -10.077447 (VIOLATED)
_5522_/CLK                              0.750000   10.827449  -10.077449 (VIOLATED)
_5298_/CLK                              0.750000   10.827415  -10.077415 (VIOLATED)
_5330_/CLK                              0.750000   10.827413  -10.077412 (VIOLATED)
_5362_/CLK                              0.750000   10.827417  -10.077417 (VIOLATED)
_5394_/CLK                              0.750000   10.827419  -10.077419 (VIOLATED)
_5466_/CLK                              0.750000   10.827353  -10.077353 (VIOLATED)
_5498_/CLK                              0.750000   10.827353  -10.077353 (VIOLATED)
_5530_/CLK                              0.750000   10.827353  -10.077353 (VIOLATED)
_5562_/CLK                              0.750000   10.827353  -10.077353 (VIOLATED)
_5074_/CLK                              0.750000   10.827338  -10.077338 (VIOLATED)
_5426_/CLK                              0.750000   10.827338  -10.077338 (VIOLATED)
_5714_/CLK                              0.750000   10.827335  -10.077335 (VIOLATED)
_5746_/CLK                              0.750000   10.827337  -10.077337 (VIOLATED)
_5810_/CLK                              0.750000   10.827337  -10.077337 (VIOLATED)
_5054_/CLK                              0.750000   10.827322  -10.077321 (VIOLATED)
_5406_/CLK                              0.750000   10.827322  -10.077321 (VIOLATED)
_5598_/CLK                              0.750000   10.827330  -10.077330 (VIOLATED)
_5618_/CLK                              0.750000   10.827335  -10.077334 (VIOLATED)
_5630_/CLK                              0.750000   10.827330  -10.077330 (VIOLATED)
_5650_/CLK                              0.750000   10.827335  -10.077334 (VIOLATED)
_5662_/CLK                              0.750000   10.827331  -10.077331 (VIOLATED)
_5682_/CLK                              0.750000   10.827335  -10.077335 (VIOLATED)
_5694_/CLK                              0.750000   10.827332  -10.077332 (VIOLATED)
_5726_/CLK                              0.750000   10.827322  -10.077321 (VIOLATED)
_5790_/CLK                              0.750000   10.827322  -10.077321 (VIOLATED)
_5549_/CLK                              0.750000   10.827310  -10.077310 (VIOLATED)
_5554_/CLK                              0.750000   10.827310  -10.077309 (VIOLATED)
_5581_/CLK                              0.750000   10.827310  -10.077309 (VIOLATED)
_5586_/CLK                              0.750000   10.827310  -10.077309 (VIOLATED)
_5517_/CLK                              0.750000   10.827297  -10.077297 (VIOLATED)
_5293_/CLK                              0.750000   10.827278  -10.077278 (VIOLATED)
_5389_/CLK                              0.750000   10.827288  -10.077288 (VIOLATED)
_5485_/CLK                              0.750000   10.827297  -10.077297 (VIOLATED)
_5325_/CLK                              0.750000   10.827276  -10.077276 (VIOLATED)
_5357_/CLK                              0.750000   10.827283  -10.077283 (VIOLATED)
_5370_/CLK                              0.750000   10.827284  -10.077284 (VIOLATED)
_5338_/CLK                              0.750000   10.827271  -10.077271 (VIOLATED)
_5274_/CLK                              0.750000   10.827256  -10.077256 (VIOLATED)
_5277_/CLK                              0.750000   10.827250  -10.077250 (VIOLATED)
_5306_/CLK                              0.750000   10.827256  -10.077256 (VIOLATED)
_5309_/CLK                              0.750000   10.827249  -10.077249 (VIOLATED)
_5341_/CLK                              0.750000   10.827250  -10.077250 (VIOLATED)
_5373_/CLK                              0.750000   10.827250  -10.077250 (VIOLATED)
_5470_/CLK                              0.750000   10.827252  -10.077252 (VIOLATED)
_5502_/CLK                              0.750000   10.827253  -10.077253 (VIOLATED)
_5534_/CLK                              0.750000   10.827245  -10.077244 (VIOLATED)
_5566_/CLK                              0.750000   10.827245  -10.077244 (VIOLATED)
_5757_/CLK                              0.750000   10.827253  -10.077253 (VIOLATED)
_5853_/CLK                              0.750000   10.827253  -10.077253 (VIOLATED)
_5885_/CLK                              0.750000   10.827254  -10.077254 (VIOLATED)
_5917_/CLK                              0.750000   10.827254  -10.077254 (VIOLATED)
_5278_/CLK                              0.750000   10.827219  -10.077218 (VIOLATED)
_5310_/CLK                              0.750000   10.827216  -10.077216 (VIOLATED)
_5342_/CLK                              0.750000   10.827222  -10.077222 (VIOLATED)
_5374_/CLK                              0.750000   10.827225  -10.077225 (VIOLATED)
_5224_/CLK                              0.750000   10.827154  -10.077154 (VIOLATED)
_5256_/CLK                              0.750000   10.827156  -10.077156 (VIOLATED)
_5050_/CLK                              0.750000   10.827136  -10.077136 (VIOLATED)
_5077_/CLK                              0.750000   10.827132  -10.077132 (VIOLATED)
_5082_/CLK                              0.750000   10.827139  -10.077139 (VIOLATED)
_5114_/CLK                              0.750000   10.827139  -10.077139 (VIOLATED)
_5402_/CLK                              0.750000   10.827136  -10.077136 (VIOLATED)
_5429_/CLK                              0.750000   10.827132  -10.077132 (VIOLATED)
_5594_/CLK                              0.750000   10.827128  -10.077128 (VIOLATED)
_5626_/CLK                              0.750000   10.827128  -10.077128 (VIOLATED)
_5658_/CLK                              0.750000   10.827128  -10.077128 (VIOLATED)
_5690_/CLK                              0.750000   10.827128  -10.077128 (VIOLATED)
_5978_/CLK                              0.750000   10.827139  -10.077139 (VIOLATED)
_6010_/CLK                              0.750000   10.827139  -10.077139 (VIOLATED)
_5749_/CLK                              0.750000   10.827126  -10.077126 (VIOLATED)
_5813_/CLK                              0.750000   10.827126  -10.077126 (VIOLATED)
_5557_/CLK                              0.750000   10.827115  -10.077114 (VIOLATED)
_5589_/CLK                              0.750000   10.827115  -10.077114 (VIOLATED)
_5493_/CLK                              0.750000   10.827104  -10.077104 (VIOLATED)
_5525_/CLK                              0.750000   10.827105  -10.077105 (VIOLATED)
_5160_/CLK                              0.750000   10.827090  -10.077090 (VIOLATED)
_5192_/CLK                              0.750000   10.827090  -10.077090 (VIOLATED)
_5128_/CLK                              0.750000   10.827010  -10.077010 (VIOLATED)
_5096_/CLK                              0.750000   10.826994  -10.076994 (VIOLATED)
_5992_/CLK                              0.750000   10.826974  -10.076974 (VIOLATED)
_6024_/CLK                              0.750000   10.826964  -10.076964 (VIOLATED)
_5064_/CLK                              0.750000   10.826830  -10.076830 (VIOLATED)
_5416_/CLK                              0.750000   10.826830  -10.076830 (VIOLATED)
_5438_/CLK                              0.750000   10.826838  -10.076838 (VIOLATED)
_5480_/CLK                              0.750000   10.826818  -10.076818 (VIOLATED)
_5512_/CLK                              0.750000   10.826818  -10.076818 (VIOLATED)
_5544_/CLK                              0.750000   10.826818  -10.076818 (VIOLATED)
_5576_/CLK                              0.750000   10.826818  -10.076818 (VIOLATED)
_5736_/CLK                              0.750000   10.826828  -10.076828 (VIOLATED)
_5758_/CLK                              0.750000   10.826833  -10.076833 (VIOLATED)
_5822_/CLK                              0.750000   10.826838  -10.076838 (VIOLATED)
_5800_/CLK                              0.750000   10.826827  -10.076827 (VIOLATED)
_5854_/CLK                              0.750000   10.826833  -10.076833 (VIOLATED)
_5886_/CLK                              0.750000   10.826834  -10.076834 (VIOLATED)
_5918_/CLK                              0.750000   10.826834  -10.076834 (VIOLATED)
_5950_/CLK                              0.750000   10.826836  -10.076836 (VIOLATED)
_6046_/CLK                              0.750000   10.826836  -10.076836 (VIOLATED)
_5352_/CLK                              0.750000   10.826788  -10.076788 (VIOLATED)
_5384_/CLK                              0.750000   10.826795  -10.076795 (VIOLATED)
_5288_/CLK                              0.750000   10.826754  -10.076754 (VIOLATED)
_5320_/CLK                              0.750000   10.826748  -10.076748 (VIOLATED)
_5216_/CLK                              0.750000   10.826585  -10.076585 (VIOLATED)
_5248_/CLK                              0.750000   10.826585  -10.076585 (VIOLATED)
_5152_/CLK                              0.750000   10.826539  -10.076539 (VIOLATED)
_5184_/CLK                              0.750000   10.826539  -10.076539 (VIOLATED)
_5230_/CLK                              0.750000   10.826386  -10.076386 (VIOLATED)
_5262_/CLK                              0.750000   10.826389  -10.076389 (VIOLATED)
_5434_/CLK                              0.750000   10.826386  -10.076386 (VIOLATED)
_5461_/CLK                              0.750000   10.826374  -10.076374 (VIOLATED)
_5754_/CLK                              0.750000   10.826381  -10.076381 (VIOLATED)
_5755_/CLK                              0.750000   10.826389  -10.076389 (VIOLATED)
_5818_/CLK                              0.750000   10.826385  -10.076385 (VIOLATED)
_5851_/CLK                              0.750000   10.826389  -10.076389 (VIOLATED)
_5946_/CLK                              0.750000   10.826388  -10.076388 (VIOLATED)
_6042_/CLK                              0.750000   10.826387  -10.076387 (VIOLATED)
_5845_/CLK                              0.750000   10.826373  -10.076373 (VIOLATED)
_5850_/CLK                              0.750000   10.826380  -10.076380 (VIOLATED)
_5882_/CLK                              0.750000   10.826381  -10.076381 (VIOLATED)
_5883_/CLK                              0.750000   10.826389  -10.076389 (VIOLATED)
_5914_/CLK                              0.750000   10.826382  -10.076382 (VIOLATED)
_5915_/CLK                              0.750000   10.826389  -10.076389 (VIOLATED)
_5973_/CLK                              0.750000   10.826376  -10.076376 (VIOLATED)
_6069_/CLK                              0.750000   10.826375  -10.076375 (VIOLATED)
_5148_/CLK                              0.750000   10.826344  -10.076344 (VIOLATED)
_5180_/CLK                              0.750000   10.826344  -10.076344 (VIOLATED)
_5779_/CLK                              0.750000   10.826353  -10.076353 (VIOLATED)
_5781_/CLK                              0.750000   10.826364  -10.076364 (VIOLATED)
_5877_/CLK                              0.750000   10.826363  -10.076363 (VIOLATED)
_5875_/CLK                              0.750000   10.826352  -10.076351 (VIOLATED)
_5907_/CLK                              0.750000   10.826355  -10.076355 (VIOLATED)
_5909_/CLK                              0.750000   10.826365  -10.076364 (VIOLATED)
_5939_/CLK                              0.750000   10.826356  -10.076356 (VIOLATED)
_5941_/CLK                              0.750000   10.826365  -10.076365 (VIOLATED)
_5161_/CLK                              0.750000   10.826332  -10.076332 (VIOLATED)
_5193_/CLK                              0.750000   10.826332  -10.076332 (VIOLATED)
_5212_/CLK                              0.750000   10.826341  -10.076341 (VIOLATED)
_5244_/CLK                              0.750000   10.826342  -10.076342 (VIOLATED)
_5225_/CLK                              0.750000   10.826329  -10.076329 (VIOLATED)
_5257_/CLK                              0.750000   10.826329  -10.076329 (VIOLATED)
_5436_/CLK                              0.750000   10.826315  -10.076315 (VIOLATED)
_5820_/CLK                              0.750000   10.826315  -10.076315 (VIOLATED)
_5948_/CLK                              0.750000   10.826305  -10.076305 (VIOLATED)
_6044_/CLK                              0.750000   10.826307  -10.076307 (VIOLATED)
_5483_/CLK                              0.750000   10.826290  -10.076290 (VIOLATED)
_5515_/CLK                              0.750000   10.826289  -10.076289 (VIOLATED)
_5756_/CLK                              0.750000   10.826287  -10.076286 (VIOLATED)
_5852_/CLK                              0.750000   10.826285  -10.076285 (VIOLATED)
_5884_/CLK                              0.750000   10.826292  -10.076292 (VIOLATED)
_5916_/CLK                              0.750000   10.826295  -10.076295 (VIOLATED)
_5171_/CLK                              0.750000   10.826257  -10.076257 (VIOLATED)
_5173_/CLK                              0.750000   10.826260  -10.076260 (VIOLATED)
_5203_/CLK                              0.750000   10.826257  -10.076257 (VIOLATED)
_5205_/CLK                              0.750000   10.826260  -10.076260 (VIOLATED)
_5235_/CLK                              0.750000   10.826257  -10.076257 (VIOLATED)
_5237_/CLK                              0.750000   10.826260  -10.076260 (VIOLATED)
_5267_/CLK                              0.750000   10.826257  -10.076257 (VIOLATED)
_5269_/CLK                              0.750000   10.826260  -10.076260 (VIOLATED)
_5769_/CLK                              0.750000   10.826262  -10.076262 (VIOLATED)
_5897_/CLK                              0.750000   10.826267  -10.076267 (VIOLATED)
_5929_/CLK                              0.750000   10.826270  -10.076270 (VIOLATED)
_5084_/CLK                              0.750000   10.826243  -10.076243 (VIOLATED)
_5116_/CLK                              0.750000   10.826244  -10.076244 (VIOLATED)
_5459_/CLK                              0.750000   10.826252  -10.076252 (VIOLATED)
_5843_/CLK                              0.750000   10.826252  -10.076252 (VIOLATED)
_5865_/CLK                              0.750000   10.826261  -10.076261 (VIOLATED)
_5971_/CLK                              0.750000   10.826251  -10.076251 (VIOLATED)
_5980_/CLK                              0.750000   10.826242  -10.076242 (VIOLATED)
_6067_/CLK                              0.750000   10.826251  -10.076251 (VIOLATED)
_5075_/CLK                              0.750000   10.826227  -10.076227 (VIOLATED)
_5097_/CLK                              0.750000   10.826234  -10.076234 (VIOLATED)
_5129_/CLK                              0.750000   10.826236  -10.076235 (VIOLATED)
_5107_/CLK                              0.750000   10.826223  -10.076223 (VIOLATED)
_5109_/CLK                              0.750000   10.826228  -10.076228 (VIOLATED)
_5139_/CLK                              0.750000   10.826223  -10.076223 (VIOLATED)
_5141_/CLK                              0.750000   10.826229  -10.076229 (VIOLATED)
_5427_/CLK                              0.750000   10.826227  -10.076227 (VIOLATED)
_5433_/CLK                              0.750000   10.826230  -10.076230 (VIOLATED)
_5449_/CLK                              0.750000   10.826232  -10.076232 (VIOLATED)
_5817_/CLK                              0.750000   10.826228  -10.076228 (VIOLATED)
_5833_/CLK                              0.750000   10.826232  -10.076232 (VIOLATED)
_5961_/CLK                              0.750000   10.826232  -10.076232 (VIOLATED)
_6012_/CLK                              0.750000   10.826241  -10.076241 (VIOLATED)
_5993_/CLK                              0.750000   10.826230  -10.076230 (VIOLATED)
_6057_/CLK                              0.750000   10.826232  -10.076232 (VIOLATED)
_5145_/CLK                              0.750000   10.826217  -10.076217 (VIOLATED)
_5177_/CLK                              0.750000   10.826217  -10.076217 (VIOLATED)
_5209_/CLK                              0.750000   10.826219  -10.076219 (VIOLATED)
_5241_/CLK                              0.750000   10.826219  -10.076219 (VIOLATED)
_5081_/CLK                              0.750000   10.826205  -10.076205 (VIOLATED)
_5113_/CLK                              0.750000   10.826206  -10.076206 (VIOLATED)
_5724_/CLK                              0.750000   10.826213  -10.076213 (VIOLATED)
_5788_/CLK                              0.750000   10.826213  -10.076213 (VIOLATED)
_5945_/CLK                              0.750000   10.826220  -10.076220 (VIOLATED)
_6003_/CLK                              0.750000   10.826222  -10.076222 (VIOLATED)
_6005_/CLK                              0.750000   10.826228  -10.076228 (VIOLATED)
_6025_/CLK                              0.750000   10.826229  -10.076229 (VIOLATED)
_6035_/CLK                              0.750000   10.826222  -10.076222 (VIOLATED)
_6037_/CLK                              0.750000   10.826228  -10.076228 (VIOLATED)
_6041_/CLK                              0.750000   10.826220  -10.076220 (VIOLATED)
_5977_/CLK                              0.750000   10.826204  -10.076204 (VIOLATED)
_5545_/CLK                              0.750000   10.826194  -10.076194 (VIOLATED)
_5577_/CLK                              0.750000   10.826194  -10.076194 (VIOLATED)
_6009_/CLK                              0.750000   10.826203  -10.076203 (VIOLATED)
_5387_/CLK                              0.750000   10.826179  -10.076179 (VIOLATED)
_5529_/CLK                              0.750000   10.826181  -10.076181 (VIOLATED)
_5561_/CLK                              0.750000   10.826182  -10.076182 (VIOLATED)
_5532_/CLK                              0.750000   10.826166  -10.076166 (VIOLATED)
_5564_/CLK                              0.750000   10.826167  -10.076167 (VIOLATED)
_5619_/CLK                              0.750000   10.826171  -10.076171 (VIOLATED)
_5621_/CLK                              0.750000   10.826177  -10.076177 (VIOLATED)
_5651_/CLK                              0.750000   10.826171  -10.076171 (VIOLATED)
_5653_/CLK                              0.750000   10.826176  -10.076176 (VIOLATED)
_5683_/CLK                              0.750000   10.826173  -10.076173 (VIOLATED)
_5685_/CLK                              0.750000   10.826177  -10.076177 (VIOLATED)
_5715_/CLK                              0.750000   10.826173  -10.076173 (VIOLATED)
_5717_/CLK                              0.750000   10.826177  -10.076177 (VIOLATED)
_5747_/CLK                              0.750000   10.826175  -10.076175 (VIOLATED)
_5753_/CLK                              0.750000   10.826180  -10.076180 (VIOLATED)
_5811_/CLK                              0.750000   10.826175  -10.076175 (VIOLATED)
_5849_/CLK                              0.750000   10.826180  -10.076180 (VIOLATED)
_5881_/CLK                              0.750000   10.826180  -10.076180 (VIOLATED)
_5913_/CLK                              0.750000   10.826183  -10.076182 (VIOLATED)
_5276_/CLK                              0.750000   10.826152  -10.076152 (VIOLATED)
_5308_/CLK                              0.750000   10.826151  -10.076151 (VIOLATED)
_5340_/CLK                              0.750000   10.826154  -10.076154 (VIOLATED)
_5355_/CLK                              0.750000   10.826150  -10.076150 (VIOLATED)
_5372_/CLK                              0.750000   10.826156  -10.076156 (VIOLATED)
_5465_/CLK                              0.750000   10.826151  -10.076151 (VIOLATED)
_5468_/CLK                              0.750000   10.826159  -10.076159 (VIOLATED)
_5497_/CLK                              0.750000   10.826152  -10.076152 (VIOLATED)
_5500_/CLK                              0.750000   10.826159  -10.076159 (VIOLATED)
_5052_/CLK                              0.750000   10.826139  -10.076139 (VIOLATED)
_5065_/CLK                              0.750000   10.826138  -10.076138 (VIOLATED)
_5088_/CLK                              0.750000   10.826145  -10.076145 (VIOLATED)
_5120_/CLK                              0.750000   10.826146  -10.076146 (VIOLATED)
_5102_/CLK                              0.750000   10.826136  -10.076136 (VIOLATED)
_5134_/CLK                              0.750000   10.826137  -10.076137 (VIOLATED)
_5166_/CLK                              0.750000   10.826140  -10.076140 (VIOLATED)
_5198_/CLK                              0.750000   10.826140  -10.076140 (VIOLATED)
_5404_/CLK                              0.750000   10.826139  -10.076139 (VIOLATED)
_5417_/CLK                              0.750000   10.826138  -10.076138 (VIOLATED)
_5472_/CLK                              0.750000   10.826147  -10.076147 (VIOLATED)
_5504_/CLK                              0.750000   10.826147  -10.076147 (VIOLATED)
_5536_/CLK                              0.750000   10.826145  -10.076145 (VIOLATED)
_5568_/CLK                              0.750000   10.826145  -10.076145 (VIOLATED)
_5737_/CLK                              0.750000   10.826137  -10.076137 (VIOLATED)
_5801_/CLK                              0.750000   10.826137  -10.076137 (VIOLATED)
_5984_/CLK                              0.750000   10.826145  -10.076144 (VIOLATED)
_5998_/CLK                              0.750000   10.826135  -10.076135 (VIOLATED)
_6016_/CLK                              0.750000   10.826145  -10.076144 (VIOLATED)
_5291_/CLK                              0.750000   10.826124  -10.076124 (VIOLATED)
_5673_/CLK                              0.750000   10.826131  -10.076131 (VIOLATED)
_5705_/CLK                              0.750000   10.826132  -10.076132 (VIOLATED)
_6030_/CLK                              0.750000   10.826134  -10.076134 (VIOLATED)
_5049_/CLK                              0.750000   10.826104  -10.076104 (VIOLATED)
_5155_/CLK                              0.750000   10.826099  -10.076099 (VIOLATED)
_5187_/CLK                              0.750000   10.826099  -10.076099 (VIOLATED)
_5219_/CLK                              0.750000   10.826102  -10.076102 (VIOLATED)
_5251_/CLK                              0.750000   10.826102  -10.076102 (VIOLATED)
_5280_/CLK                              0.750000   10.826109  -10.076109 (VIOLATED)
_5299_/CLK                              0.750000   10.826112  -10.076112 (VIOLATED)
_5301_/CLK                              0.750000   10.826116  -10.076116 (VIOLATED)
_5312_/CLK                              0.750000   10.826108  -10.076108 (VIOLATED)
_5323_/CLK                              0.750000   10.826114  -10.076114 (VIOLATED)
_5331_/CLK                              0.750000   10.826112  -10.076112 (VIOLATED)
_5333_/CLK                              0.750000   10.826116  -10.076116 (VIOLATED)
_5344_/CLK                              0.750000   10.826110  -10.076110 (VIOLATED)
_5363_/CLK                              0.750000   10.826112  -10.076112 (VIOLATED)
_5365_/CLK                              0.750000   10.826116  -10.076116 (VIOLATED)
_5376_/CLK                              0.750000   10.826111  -10.076111 (VIOLATED)
_5395_/CLK                              0.750000   10.826112  -10.076112 (VIOLATED)
_5397_/CLK                              0.750000   10.826116  -10.076116 (VIOLATED)
_5481_/CLK                              0.750000   10.826119  -10.076119 (VIOLATED)
_5491_/CLK                              0.750000   10.826118  -10.076118 (VIOLATED)
_5513_/CLK                              0.750000   10.826120  -10.076120 (VIOLATED)
_5523_/CLK                              0.750000   10.826118  -10.076118 (VIOLATED)
_5550_/CLK                              0.750000   10.826125  -10.076125 (VIOLATED)
_5555_/CLK                              0.750000   10.826118  -10.076118 (VIOLATED)
_5582_/CLK                              0.750000   10.826125  -10.076125 (VIOLATED)
_5587_/CLK                              0.750000   10.826118  -10.076118 (VIOLATED)
_5401_/CLK                              0.750000   10.826104  -10.076104 (VIOLATED)
_5593_/CLK                              0.750000   10.826099  -10.076099 (VIOLATED)
_5596_/CLK                              0.750000   10.826106  -10.076106 (VIOLATED)
_5609_/CLK                              0.750000   10.826104  -10.076104 (VIOLATED)
_5625_/CLK                              0.750000   10.826103  -10.076103 (VIOLATED)
_5628_/CLK                              0.750000   10.826106  -10.076106 (VIOLATED)
_5641_/CLK                              0.750000   10.826104  -10.076104 (VIOLATED)
_5721_/CLK                              0.750000   10.826103  -10.076103 (VIOLATED)
_5785_/CLK                              0.750000   10.826103  -10.076103 (VIOLATED)
_5475_/CLK                              0.750000   10.826089  -10.076089 (VIOLATED)
_5507_/CLK                              0.750000   10.826089  -10.076089 (VIOLATED)
_5657_/CLK                              0.750000   10.826098  -10.076098 (VIOLATED)
_5660_/CLK                              0.750000   10.826106  -10.076106 (VIOLATED)
_5689_/CLK                              0.750000   10.826099  -10.076099 (VIOLATED)
_5692_/CLK                              0.750000   10.826106  -10.076106 (VIOLATED)
_5443_/CLK                              0.750000   10.826050  -10.076050 (VIOLATED)
_5827_/CLK                              0.750000   10.826050  -10.076050 (VIOLATED)
_5955_/CLK                              0.750000   10.826049  -10.076049 (VIOLATED)
_6051_/CLK                              0.750000   10.826049  -10.076049 (VIOLATED)
_5091_/CLK                              0.750000   10.826022  -10.076022 (VIOLATED)
_5123_/CLK                              0.750000   10.826022  -10.076022 (VIOLATED)
_5451_/CLK                              0.750000   10.826028  -10.076028 (VIOLATED)
_5539_/CLK                              0.750000   10.826027  -10.076027 (VIOLATED)
_5571_/CLK                              0.750000   10.826027  -10.076027 (VIOLATED)
_5763_/CLK                              0.750000   10.826035  -10.076035 (VIOLATED)
_5859_/CLK                              0.750000   10.826036  -10.076036 (VIOLATED)
_5891_/CLK                              0.750000   10.826046  -10.076046 (VIOLATED)
_5923_/CLK                              0.750000   10.826048  -10.076048 (VIOLATED)
_5835_/CLK                              0.750000   10.826024  -10.076024 (VIOLATED)
_5987_/CLK                              0.750000   10.826022  -10.076022 (VIOLATED)
_6019_/CLK                              0.750000   10.826022  -10.076022 (VIOLATED)
_5486_/CLK                              0.750000   10.825984  -10.075984 (VIOLATED)
_5518_/CLK                              0.750000   10.825984  -10.075984 (VIOLATED)
_5603_/CLK                              0.750000   10.825979  -10.075979 (VIOLATED)
_5635_/CLK                              0.750000   10.825979  -10.075979 (VIOLATED)
_5667_/CLK                              0.750000   10.825978  -10.075978 (VIOLATED)
_5699_/CLK                              0.750000   10.825974  -10.075974 (VIOLATED)
_5731_/CLK                              0.750000   10.825974  -10.075974 (VIOLATED)
_5795_/CLK                              0.750000   10.825974  -10.075974 (VIOLATED)
_5059_/CLK                              0.750000   10.825937  -10.075937 (VIOLATED)
_5273_/CLK                              0.750000   10.825943  -10.075943 (VIOLATED)
_5289_/CLK                              0.750000   10.825940  -10.075940 (VIOLATED)
_5305_/CLK                              0.750000   10.825944  -10.075944 (VIOLATED)
_5321_/CLK                              0.750000   10.825940  -10.075940 (VIOLATED)
_5337_/CLK                              0.750000   10.825943  -10.075943 (VIOLATED)
_5353_/CLK                              0.750000   10.825941  -10.075941 (VIOLATED)
_5369_/CLK                              0.750000   10.825943  -10.075943 (VIOLATED)
_5385_/CLK                              0.750000   10.825941  -10.075941 (VIOLATED)
_5390_/CLK                              0.750000   10.825945  -10.075945 (VIOLATED)
_5411_/CLK                              0.750000   10.825937  -10.075937 (VIOLATED)
_5440_/CLK                              0.750000   10.825931  -10.075931 (VIOLATED)
_5824_/CLK                              0.750000   10.825930  -10.075930 (VIOLATED)
_5952_/CLK                              0.750000   10.825926  -10.075926 (VIOLATED)
_6048_/CLK                              0.750000   10.825926  -10.075926 (VIOLATED)
_5294_/CLK                              0.750000   10.825914  -10.075914 (VIOLATED)
_5326_/CLK                              0.750000   10.825912  -10.075912 (VIOLATED)
_5358_/CLK                              0.750000   10.825922  -10.075922 (VIOLATED)
_5760_/CLK                              0.750000   10.825912  -10.075912 (VIOLATED)
_5856_/CLK                              0.750000   10.825912  -10.075912 (VIOLATED)
_5888_/CLK                              0.750000   10.825912  -10.075912 (VIOLATED)
_5920_/CLK                              0.750000   10.825912  -10.075912 (VIOLATED)
_5056_/CLK                              0.750000   10.825897  -10.075897 (VIOLATED)
_5283_/CLK                              0.750000   10.825899  -10.075899 (VIOLATED)
_5315_/CLK                              0.750000   10.825899  -10.075899 (VIOLATED)
_5347_/CLK                              0.750000   10.825899  -10.075899 (VIOLATED)
_5379_/CLK                              0.750000   10.825899  -10.075899 (VIOLATED)
_5408_/CLK                              0.750000   10.825897  -10.075897 (VIOLATED)
_5070_/CLK                              0.750000   10.825870  -10.075870 (VIOLATED)
_5422_/CLK                              0.750000   10.825871  -10.075871 (VIOLATED)
_5600_/CLK                              0.750000   10.825852  -10.075852 (VIOLATED)
_5632_/CLK                              0.750000   10.825852  -10.075852 (VIOLATED)
_5664_/CLK                              0.750000   10.825850  -10.075850 (VIOLATED)
_5696_/CLK                              0.750000   10.825850  -10.075850 (VIOLATED)
_5728_/CLK                              0.750000   10.825828  -10.075828 (VIOLATED)
_5792_/CLK                              0.750000   10.825828  -10.075828 (VIOLATED)
_5360_/CLK                              0.750000   10.825809  -10.075809 (VIOLATED)
_5392_/CLK                              0.750000   10.825816  -10.075816 (VIOLATED)
_5488_/CLK                              0.750000   10.825819  -10.075819 (VIOLATED)
_5520_/CLK                              0.750000   10.825819  -10.075819 (VIOLATED)
_5547_/CLK                              0.750000   10.825820  -10.075820 (VIOLATED)
_5552_/CLK                              0.750000   10.825819  -10.075819 (VIOLATED)
_5579_/CLK                              0.750000   10.825820  -10.075820 (VIOLATED)
_5584_/CLK                              0.750000   10.825819  -10.075819 (VIOLATED)
_5742_/CLK                              0.750000   10.825817  -10.075817 (VIOLATED)
_5806_/CLK                              0.750000   10.825818  -10.075818 (VIOLATED)
_5296_/CLK                              0.750000   10.825790  -10.075790 (VIOLATED)
_5614_/CLK                              0.750000   10.825793  -10.075793 (VIOLATED)
_5646_/CLK                              0.750000   10.825793  -10.075793 (VIOLATED)
_5678_/CLK                              0.750000   10.825790  -10.075790 (VIOLATED)
_5710_/CLK                              0.750000   10.825789  -10.075789 (VIOLATED)
_5328_/CLK                              0.750000   10.825777  -10.075777 (VIOLATED)
_5454_/CLK                              0.750000   10.825751  -10.075751 (VIOLATED)
_5838_/CLK                              0.750000   10.825751  -10.075751 (VIOLATED)
_5963_/CLK                              0.750000   10.825751  -10.075751 (VIOLATED)
_5966_/CLK                              0.750000   10.825749  -10.075749 (VIOLATED)
_6059_/CLK                              0.750000   10.825751  -10.075751 (VIOLATED)
_6062_/CLK                              0.750000   10.825750  -10.075750 (VIOLATED)
_5067_/CLK                              0.750000   10.825729  -10.075729 (VIOLATED)
_5419_/CLK                              0.750000   10.825729  -10.075729 (VIOLATED)
_5774_/CLK                              0.750000   10.825731  -10.075730 (VIOLATED)
_5870_/CLK                              0.750000   10.825731  -10.075730 (VIOLATED)
_5902_/CLK                              0.750000   10.825731  -10.075730 (VIOLATED)
_5934_/CLK                              0.750000   10.825732  -10.075732 (VIOLATED)
_5072_/CLK                              0.750000   10.825658  -10.075658 (VIOLATED)
_5424_/CLK                              0.750000   10.825658  -10.075658 (VIOLATED)
_5771_/CLK                              0.750000   10.825664  -10.075664 (VIOLATED)
_5867_/CLK                              0.750000   10.825665  -10.075665 (VIOLATED)
_5899_/CLK                              0.750000   10.825661  -10.075661 (VIOLATED)
_5931_/CLK                              0.750000   10.825668  -10.075668 (VIOLATED)
_5085_/CLK                              0.750000   10.825602  -10.075601 (VIOLATED)
_5117_/CLK                              0.750000   10.825602  -10.075601 (VIOLATED)
_5149_/CLK                              0.750000   10.825603  -10.075603 (VIOLATED)
_5181_/CLK                              0.750000   10.825603  -10.075603 (VIOLATED)
_5213_/CLK                              0.750000   10.825603  -10.075603 (VIOLATED)
_5245_/CLK                              0.750000   10.825603  -10.075603 (VIOLATED)
_5597_/CLK                              0.750000   10.825595  -10.075595 (VIOLATED)
_5629_/CLK                              0.750000   10.825596  -10.075596 (VIOLATED)
_5661_/CLK                              0.750000   10.825595  -10.075595 (VIOLATED)
_5693_/CLK                              0.750000   10.825595  -10.075595 (VIOLATED)
_5981_/CLK                              0.750000   10.825601  -10.075601 (VIOLATED)
_6013_/CLK                              0.750000   10.825601  -10.075601 (VIOLATED)
_5086_/CLK                              0.750000   10.825582  -10.075582 (VIOLATED)
_5118_/CLK                              0.750000   10.825585  -10.075585 (VIOLATED)
_5214_/CLK                              0.750000   10.825591  -10.075591 (VIOLATED)
_5246_/CLK                              0.750000   10.825591  -10.075591 (VIOLATED)
_5437_/CLK                              0.750000   10.825577  -10.075577 (VIOLATED)
_5821_/CLK                              0.750000   10.825577  -10.075577 (VIOLATED)
_5949_/CLK                              0.750000   10.825577  -10.075577 (VIOLATED)
_5982_/CLK                              0.750000   10.825580  -10.075580 (VIOLATED)
_6014_/CLK                              0.750000   10.825579  -10.075579 (VIOLATED)
_6045_/CLK                              0.750000   10.825577  -10.075577 (VIOLATED)
_5053_/CLK                              0.750000   10.825563  -10.075562 (VIOLATED)
_5058_/CLK                              0.750000   10.825561  -10.075561 (VIOLATED)
_5405_/CLK                              0.750000   10.825563  -10.075562 (VIOLATED)
_5410_/CLK                              0.750000   10.825561  -10.075561 (VIOLATED)
_5469_/CLK                              0.750000   10.825565  -10.075565 (VIOLATED)
_5501_/CLK                              0.750000   10.825566  -10.075566 (VIOLATED)
_5533_/CLK                              0.750000   10.825575  -10.075575 (VIOLATED)
_5565_/CLK                              0.750000   10.825575  -10.075575 (VIOLATED)
_5725_/CLK                              0.750000   10.825562  -10.075562 (VIOLATED)
_5730_/CLK                              0.750000   10.825560  -10.075560 (VIOLATED)
_5789_/CLK                              0.750000   10.825562  -10.075562 (VIOLATED)
_5794_/CLK                              0.750000   10.825560  -10.075560 (VIOLATED)
_5079_/CLK                              0.750000   10.825546  -10.075546 (VIOLATED)
_5090_/CLK                              0.750000   10.825545  -10.075545 (VIOLATED)
_5122_/CLK                              0.750000   10.825545  -10.075545 (VIOLATED)
_5150_/CLK                              0.750000   10.825553  -10.075553 (VIOLATED)
_5154_/CLK                              0.750000   10.825548  -10.075548 (VIOLATED)
_5182_/CLK                              0.750000   10.825553  -10.075553 (VIOLATED)
_5186_/CLK                              0.750000   10.825548  -10.075548 (VIOLATED)
_5218_/CLK                              0.750000   10.825549  -10.075549 (VIOLATED)
_5250_/CLK                              0.750000   10.825549  -10.075549 (VIOLATED)
_5431_/CLK                              0.750000   10.825546  -10.075546 (VIOLATED)
_5442_/CLK                              0.750000   10.825554  -10.075554 (VIOLATED)
_5602_/CLK                              0.750000   10.825553  -10.075553 (VIOLATED)
_5634_/CLK                              0.750000   10.825552  -10.075552 (VIOLATED)
_5666_/CLK                              0.750000   10.825555  -10.075555 (VIOLATED)
_5698_/CLK                              0.750000   10.825556  -10.075556 (VIOLATED)
_5739_/CLK                              0.750000   10.825548  -10.075548 (VIOLATED)
_5826_/CLK                              0.750000   10.825554  -10.075554 (VIOLATED)
_5858_/CLK                              0.750000   10.825550  -10.075550 (VIOLATED)
_5890_/CLK                              0.750000   10.825552  -10.075552 (VIOLATED)
_5922_/CLK                              0.750000   10.825552  -10.075552 (VIOLATED)
_5954_/CLK                              0.750000   10.825554  -10.075554 (VIOLATED)
_5063_/CLK                              0.750000   10.825529  -10.075529 (VIOLATED)
_5095_/CLK                              0.750000   10.825524  -10.075523 (VIOLATED)
_5127_/CLK                              0.750000   10.825524  -10.075524 (VIOLATED)
_5159_/CLK                              0.750000   10.825527  -10.075527 (VIOLATED)
_5175_/CLK                              0.750000   10.825533  -10.075533 (VIOLATED)
_5207_/CLK                              0.750000   10.825533  -10.075533 (VIOLATED)
_5271_/CLK                              0.750000   10.825529  -10.075529 (VIOLATED)
_5415_/CLK                              0.750000   10.825529  -10.075529 (VIOLATED)
_5719_/CLK                              0.750000   10.825537  -10.075536 (VIOLATED)
_5735_/CLK                              0.750000   10.825543  -10.075543 (VIOLATED)
_5744_/CLK                              0.750000   10.825546  -10.075546 (VIOLATED)
_5751_/CLK                              0.750000   10.825541  -10.075541 (VIOLATED)
_5762_/CLK                              0.750000   10.825551  -10.075551 (VIOLATED)
_5799_/CLK                              0.750000   10.825543  -10.075543 (VIOLATED)
_5803_/CLK                              0.750000   10.825548  -10.075548 (VIOLATED)
_5808_/CLK                              0.750000   10.825546  -10.075546 (VIOLATED)
_5815_/CLK                              0.750000   10.825541  -10.075541 (VIOLATED)
_5986_/CLK                              0.750000   10.825544  -10.075544 (VIOLATED)
_6018_/CLK                              0.750000   10.825544  -10.075544 (VIOLATED)
_6050_/CLK                              0.750000   10.825553  -10.075553 (VIOLATED)
_5164_/CLK                              0.750000   10.825519  -10.075519 (VIOLATED)
_5191_/CLK                              0.750000   10.825527  -10.075527 (VIOLATED)
_5196_/CLK                              0.750000   10.825519  -10.075519 (VIOLATED)
_5223_/CLK                              0.750000   10.825528  -10.075528 (VIOLATED)
_5239_/CLK                              0.750000   10.825529  -10.075529 (VIOLATED)
_5255_/CLK                              0.750000   10.825528  -10.075528 (VIOLATED)
_5463_/CLK                              0.750000   10.825523  -10.075523 (VIOLATED)
_5538_/CLK                              0.750000   10.825529  -10.075529 (VIOLATED)
_5570_/CLK                              0.750000   10.825530  -10.075530 (VIOLATED)
_5607_/CLK                              0.750000   10.825538  -10.075538 (VIOLATED)
_5623_/CLK                              0.750000   10.825535  -10.075535 (VIOLATED)
_5639_/CLK                              0.750000   10.825538  -10.075537 (VIOLATED)
_5655_/CLK                              0.750000   10.825534  -10.075534 (VIOLATED)
_5671_/CLK                              0.750000   10.825539  -10.075539 (VIOLATED)
_5687_/CLK                              0.750000   10.825536  -10.075536 (VIOLATED)
_5703_/CLK                              0.750000   10.825540  -10.075540 (VIOLATED)
_5707_/CLK                              0.750000   10.825530  -10.075530 (VIOLATED)
_5474_/CLK                              0.750000   10.825518  -10.075518 (VIOLATED)
_5506_/CLK                              0.750000   10.825518  -10.075518 (VIOLATED)
_5100_/CLK                              0.750000   10.825507  -10.075507 (VIOLATED)
_5611_/CLK                              0.750000   10.825513  -10.075513 (VIOLATED)
_5643_/CLK                              0.750000   10.825513  -10.075513 (VIOLATED)
_5847_/CLK                              0.750000   10.825523  -10.075523 (VIOLATED)
_5675_/CLK                              0.750000   10.825512  -10.075511 (VIOLATED)
_5975_/CLK                              0.750000   10.825519  -10.075519 (VIOLATED)
_5991_/CLK                              0.750000   10.825522  -10.075522 (VIOLATED)
_6023_/CLK                              0.750000   10.825522  -10.075522 (VIOLATED)
_6071_/CLK                              0.750000   10.825519  -10.075519 (VIOLATED)
_5111_/CLK                              0.750000   10.825500  -10.075500 (VIOLATED)
_5132_/CLK                              0.750000   10.825509  -10.075509 (VIOLATED)
_5143_/CLK                              0.750000   10.825500  -10.075500 (VIOLATED)
_5282_/CLK                              0.750000   10.825500  -10.075500 (VIOLATED)
_5314_/CLK                              0.750000   10.825500  -10.075500 (VIOLATED)
_5346_/CLK                              0.750000   10.825503  -10.075503 (VIOLATED)
_5378_/CLK                              0.750000   10.825505  -10.075505 (VIOLATED)
_5447_/CLK                              0.750000   10.825494  -10.075494 (VIOLATED)
_5608_/CLK                              0.750000   10.825500  -10.075500 (VIOLATED)
_5640_/CLK                              0.750000   10.825500  -10.075500 (VIOLATED)
_5672_/CLK                              0.750000   10.825500  -10.075500 (VIOLATED)
_5704_/CLK                              0.750000   10.825500  -10.075500 (VIOLATED)
_5767_/CLK                              0.750000   10.825499  -10.075499 (VIOLATED)
_5783_/CLK                              0.750000   10.825505  -10.075505 (VIOLATED)
_5879_/CLK                              0.750000   10.825504  -10.075504 (VIOLATED)
_5943_/CLK                              0.750000   10.825508  -10.075508 (VIOLATED)
_5996_/CLK                              0.750000   10.825506  -10.075506 (VIOLATED)
_5831_/CLK                              0.750000   10.825492  -10.075492 (VIOLATED)
_5863_/CLK                              0.750000   10.825499  -10.075499 (VIOLATED)
_5895_/CLK                              0.750000   10.825499  -10.075499 (VIOLATED)
_5911_/CLK                              0.750000   10.825507  -10.075507 (VIOLATED)
_5927_/CLK                              0.750000   10.825499  -10.075499 (VIOLATED)
_5959_/CLK                              0.750000   10.825493  -10.075493 (VIOLATED)
_6007_/CLK                              0.750000   10.825500  -10.075500 (VIOLATED)
_6028_/CLK                              0.750000   10.825505  -10.075505 (VIOLATED)
_6039_/CLK                              0.750000   10.825500  -10.075500 (VIOLATED)
_6055_/CLK                              0.750000   10.825498  -10.075498 (VIOLATED)
_5162_/CLK                              0.750000   10.825479  -10.075479 (VIOLATED)
_5194_/CLK                              0.750000   10.825479  -10.075479 (VIOLATED)
_5226_/CLK                              0.750000   10.825479  -10.075479 (VIOLATED)
_5495_/CLK                              0.750000   10.825481  -10.075481 (VIOLATED)
_5527_/CLK                              0.750000   10.825481  -10.075481 (VIOLATED)
_5559_/CLK                              0.750000   10.825483  -10.075483 (VIOLATED)
_5591_/CLK                              0.750000   10.825483  -10.075483 (VIOLATED)
_5089_/CLK                              0.750000   10.825467  -10.075467 (VIOLATED)
_5098_/CLK                              0.750000   10.825476  -10.075476 (VIOLATED)
_5121_/CLK                              0.750000   10.825468  -10.075468 (VIOLATED)
_5130_/CLK                              0.750000   10.825476  -10.075476 (VIOLATED)
_5228_/CLK                              0.750000   10.825472  -10.075472 (VIOLATED)
_5258_/CLK                              0.750000   10.825479  -10.075479 (VIOLATED)
_5260_/CLK                              0.750000   10.825472  -10.075472 (VIOLATED)
_5303_/CLK                              0.750000   10.825459  -10.075459 (VIOLATED)
_5335_/CLK                              0.750000   10.825459  -10.075459 (VIOLATED)
_5367_/CLK                              0.750000   10.825462  -10.075462 (VIOLATED)
_5399_/CLK                              0.750000   10.825465  -10.075465 (VIOLATED)
_5548_/CLK                              0.750000   10.825460  -10.075460 (VIOLATED)
_5580_/CLK                              0.750000   10.825460  -10.075460 (VIOLATED)
_5985_/CLK                              0.750000   10.825466  -10.075466 (VIOLATED)
_5994_/CLK                              0.750000   10.825475  -10.075475 (VIOLATED)
_6017_/CLK                              0.750000   10.825466  -10.075466 (VIOLATED)
_6026_/CLK                              0.750000   10.825474  -10.075474 (VIOLATED)
_5484_/CLK                              0.750000   10.825448  -10.075448 (VIOLATED)
_5516_/CLK                              0.750000   10.825448  -10.075448 (VIOLATED)
_5087_/CLK                              0.750000   10.825434  -10.075433 (VIOLATED)
_5119_/CLK                              0.750000   10.825434  -10.075433 (VIOLATED)
_5151_/CLK                              0.750000   10.825435  -10.075435 (VIOLATED)
_5153_/CLK                              0.750000   10.825428  -10.075428 (VIOLATED)
_5183_/CLK                              0.750000   10.825435  -10.075435 (VIOLATED)
_5185_/CLK                              0.750000   10.825428  -10.075428 (VIOLATED)
_5215_/CLK                              0.750000   10.825436  -10.075436 (VIOLATED)
_5217_/CLK                              0.750000   10.825426  -10.075426 (VIOLATED)
_5247_/CLK                              0.750000   10.825436  -10.075436 (VIOLATED)
_5249_/CLK                              0.750000   10.825426  -10.075426 (VIOLATED)
_5473_/CLK                              0.750000   10.825418  -10.075418 (VIOLATED)
_5505_/CLK                              0.750000   10.825418  -10.075418 (VIOLATED)
_5537_/CLK                              0.750000   10.825421  -10.075421 (VIOLATED)
_5569_/CLK                              0.750000   10.825421  -10.075421 (VIOLATED)
_5712_/CLK                              0.750000   10.825423  -10.075423 (VIOLATED)
_5983_/CLK                              0.750000   10.825433  -10.075433 (VIOLATED)
_6015_/CLK                              0.750000   10.825433  -10.075433 (VIOLATED)
_5292_/CLK                              0.750000   10.825407  -10.075407 (VIOLATED)
_5324_/CLK                              0.750000   10.825407  -10.075407 (VIOLATED)
_5281_/CLK                              0.750000   10.825396  -10.075395 (VIOLATED)
_5287_/CLK                              0.750000   10.825397  -10.075397 (VIOLATED)
_5377_/CLK                              0.750000   10.825403  -10.075403 (VIOLATED)
_5511_/CLK                              0.750000   10.825403  -10.075403 (VIOLATED)
_5543_/CLK                              0.750000   10.825405  -10.075405 (VIOLATED)
_5575_/CLK                              0.750000   10.825405  -10.075405 (VIOLATED)
_5313_/CLK                              0.750000   10.825392  -10.075392 (VIOLATED)
_5319_/CLK                              0.750000   10.825396  -10.075395 (VIOLATED)
_5345_/CLK                              0.750000   10.825399  -10.075399 (VIOLATED)
_5351_/CLK                              0.750000   10.825400  -10.075400 (VIOLATED)
_5356_/CLK                              0.750000   10.825407  -10.075407 (VIOLATED)
_5383_/CLK                              0.750000   10.825400  -10.075400 (VIOLATED)
_5388_/CLK                              0.750000   10.825407  -10.075407 (VIOLATED)
_5479_/CLK                              0.750000   10.825403  -10.075403 (VIOLATED)
_5616_/CLK                              0.750000   10.825393  -10.075393 (VIOLATED)
_5648_/CLK                              0.750000   10.825393  -10.075393 (VIOLATED)
_5680_/CLK                              0.750000   10.825397  -10.075397 (VIOLATED)
_5375_/CLK                              0.750000   10.825365  -10.075365 (VIOLATED)
_5055_/CLK                              0.750000   10.825355  -10.075355 (VIOLATED)
_5057_/CLK                              0.750000   10.825348  -10.075348 (VIOLATED)
_5066_/CLK                              0.750000   10.825356  -10.075356 (VIOLATED)
_5279_/CLK                              0.750000   10.825354  -10.075354 (VIOLATED)
_5343_/CLK                              0.750000   10.825361  -10.075361 (VIOLATED)
_5068_/CLK                              0.750000   10.825339  -10.075339 (VIOLATED)
_5311_/CLK                              0.750000   10.825349  -10.075349 (VIOLATED)
_5407_/CLK                              0.750000   10.825355  -10.075355 (VIOLATED)
_5409_/CLK                              0.750000   10.825348  -10.075348 (VIOLATED)
_5418_/CLK                              0.750000   10.825356  -10.075356 (VIOLATED)
_5477_/CLK                              0.750000   10.825353  -10.075353 (VIOLATED)
_5509_/CLK                              0.750000   10.825353  -10.075353 (VIOLATED)
_5541_/CLK                              0.750000   10.825353  -10.075353 (VIOLATED)
_5573_/CLK                              0.750000   10.825353  -10.075353 (VIOLATED)
_5727_/CLK                              0.750000   10.825354  -10.075354 (VIOLATED)
_5729_/CLK                              0.750000   10.825350  -10.075350 (VIOLATED)
_5738_/CLK                              0.750000   10.825356  -10.075356 (VIOLATED)
_5791_/CLK                              0.750000   10.825354  -10.075354 (VIOLATED)
_5793_/CLK                              0.750000   10.825350  -10.075350 (VIOLATED)
_5802_/CLK                              0.750000   10.825356  -10.075356 (VIOLATED)
_5420_/CLK                              0.750000   10.825339  -10.075339 (VIOLATED)
_5610_/CLK                              0.750000   10.825347  -10.075347 (VIOLATED)
_5642_/CLK                              0.750000   10.825347  -10.075347 (VIOLATED)
_5674_/CLK                              0.750000   10.825347  -10.075347 (VIOLATED)
_5706_/CLK                              0.750000   10.825347  -10.075347 (VIOLATED)
_5450_/CLK                              0.750000   10.825329  -10.075329 (VIOLATED)
_5740_/CLK                              0.750000   10.825338  -10.075338 (VIOLATED)
_5804_/CLK                              0.750000   10.825338  -10.075338 (VIOLATED)
_5834_/CLK                              0.750000   10.825328  -10.075328 (VIOLATED)
_5962_/CLK                              0.750000   10.825330  -10.075329 (VIOLATED)
_6058_/CLK                              0.750000   10.825330  -10.075329 (VIOLATED)
_5285_/CLK                              0.750000   10.825302  -10.075302 (VIOLATED)
_5317_/CLK                              0.750000   10.825301  -10.075301 (VIOLATED)
_5349_/CLK                              0.750000   10.825305  -10.075305 (VIOLATED)
_5381_/CLK                              0.750000   10.825311  -10.075311 (VIOLATED)
_5471_/CLK                              0.750000   10.825306  -10.075306 (VIOLATED)
_5503_/CLK                              0.750000   10.825306  -10.075306 (VIOLATED)
_5770_/CLK                              0.750000   10.825310  -10.075310 (VIOLATED)
_5535_/CLK                              0.750000   10.825298  -10.075298 (VIOLATED)
_5567_/CLK                              0.750000   10.825298  -10.075298 (VIOLATED)
_5866_/CLK                              0.750000   10.825308  -10.075308 (VIOLATED)
_5898_/CLK                              0.750000   10.825313  -10.075313 (VIOLATED)
_5930_/CLK                              0.750000   10.825315  -10.075315 (VIOLATED)
_5073_/CLK                              0.750000   10.825274  -10.075274 (VIOLATED)
_5425_/CLK                              0.750000   10.825274  -10.075274 (VIOLATED)
_5745_/CLK                              0.750000   10.825274  -10.075274 (VIOLATED)
_5809_/CLK                              0.750000   10.825274  -10.075274 (VIOLATED)
_5169_/CLK                              0.750000   10.825256  -10.075256 (VIOLATED)
_5201_/CLK                              0.750000   10.825256  -10.075256 (VIOLATED)
_5233_/CLK                              0.750000   10.825256  -10.075256 (VIOLATED)
_5265_/CLK                              0.750000   10.825256  -10.075256 (VIOLATED)
_5553_/CLK                              0.750000   10.825256  -10.075256 (VIOLATED)
_5585_/CLK                              0.750000   10.825260  -10.075260 (VIOLATED)
_5093_/CLK                              0.750000   10.825236  -10.075236 (VIOLATED)
_5125_/CLK                              0.750000   10.825236  -10.075236 (VIOLATED)
_5989_/CLK                              0.750000   10.825236  -10.075236 (VIOLATED)
_6021_/CLK                              0.750000   10.825240  -10.075239 (VIOLATED)
_5489_/CLK                              0.750000   10.825224  -10.075224 (VIOLATED)
_5521_/CLK                              0.750000   10.825210  -10.075210 (VIOLATED)
_5290_/CLK                              0.750000   10.825194  -10.075194 (VIOLATED)
_5322_/CLK                              0.750000   10.825194  -10.075194 (VIOLATED)
_5354_/CLK                              0.750000   10.825194  -10.075194 (VIOLATED)
_5386_/CLK                              0.750000   10.825195  -10.075195 (VIOLATED)
_5482_/CLK                              0.750000   10.825196  -10.075196 (VIOLATED)
_5514_/CLK                              0.750000   10.825196  -10.075196 (VIOLATED)
_5546_/CLK                              0.750000   10.825197  -10.075197 (VIOLATED)
_5578_/CLK                              0.750000   10.825197  -10.075197 (VIOLATED)
_5105_/CLK                              0.750000   10.825183  -10.075183 (VIOLATED)
_5137_/CLK                              0.750000   10.825184  -10.075184 (VIOLATED)
_5157_/CLK                              0.750000   10.825191  -10.075191 (VIOLATED)
_5189_/CLK                              0.750000   10.825191  -10.075191 (VIOLATED)
_5221_/CLK                              0.750000   10.825191  -10.075191 (VIOLATED)
_5253_/CLK                              0.750000   10.825191  -10.075191 (VIOLATED)
_5238_/CLK                              0.750000   10.825178  -10.075178 (VIOLATED)
_5270_/CLK                              0.750000   10.825178  -10.075178 (VIOLATED)
_5297_/CLK                              0.750000   10.825174  -10.075174 (VIOLATED)
_5329_/CLK                              0.750000   10.825173  -10.075173 (VIOLATED)
_5361_/CLK                              0.750000   10.825174  -10.075174 (VIOLATED)
_5393_/CLK                              0.750000   10.825174  -10.075174 (VIOLATED)
_6001_/CLK                              0.750000   10.825182  -10.075182 (VIOLATED)
_6033_/CLK                              0.750000   10.825182  -10.075182 (VIOLATED)
_5110_/CLK                              0.750000   10.825152  -10.075152 (VIOLATED)
_5142_/CLK                              0.750000   10.825152  -10.075152 (VIOLATED)
_5174_/CLK                              0.750000   10.825150  -10.075150 (VIOLATED)
_5206_/CLK                              0.750000   10.825150  -10.075150 (VIOLATED)
_5456_/CLK                              0.750000   10.825158  -10.075158 (VIOLATED)
_5840_/CLK                              0.750000   10.825158  -10.075158 (VIOLATED)
_5904_/CLK                              0.750000   10.825153  -10.075153 (VIOLATED)
_5936_/CLK                              0.750000   10.825156  -10.075156 (VIOLATED)
_5968_/CLK                              0.750000   10.825157  -10.075157 (VIOLATED)
_6006_/CLK                              0.750000   10.825152  -10.075152 (VIOLATED)
_6038_/CLK                              0.750000   10.825152  -10.075152 (VIOLATED)
_6064_/CLK                              0.750000   10.825157  -10.075157 (VIOLATED)
_5061_/CLK                              0.750000   10.825134  -10.075134 (VIOLATED)
_5413_/CLK                              0.750000   10.825135  -10.075135 (VIOLATED)
_5776_/CLK                              0.750000   10.825142  -10.075142 (VIOLATED)
_5872_/CLK                              0.750000   10.825143  -10.075143 (VIOLATED)
_5733_/CLK                              0.750000   10.825110  -10.075110 (VIOLATED)
_5797_/CLK                              0.750000   10.825111  -10.075111 (VIOLATED)
_5167_/CLK                              0.750000   10.825068  -10.075068 (VIOLATED)
_5199_/CLK                              0.750000   10.825068  -10.075068 (VIOLATED)
_5231_/CLK                              0.750000   10.825072  -10.075071 (VIOLATED)
_5263_/CLK                              0.750000   10.825072  -10.075072 (VIOLATED)
_5302_/CLK                              0.750000   10.825069  -10.075069 (VIOLATED)
_5334_/CLK                              0.750000   10.825069  -10.075069 (VIOLATED)
_5366_/CLK                              0.750000   10.825069  -10.075069 (VIOLATED)
_5398_/CLK                              0.750000   10.825069  -10.075069 (VIOLATED)
_5494_/CLK                              0.750000   10.825068  -10.075068 (VIOLATED)
_5526_/CLK                              0.750000   10.825068  -10.075068 (VIOLATED)
_5558_/CLK                              0.750000   10.825066  -10.075066 (VIOLATED)
_5590_/CLK                              0.750000   10.825066  -10.075066 (VIOLATED)
_5078_/CLK                              0.750000   10.825038  -10.075038 (VIOLATED)
_5430_/CLK                              0.750000   10.825037  -10.075037 (VIOLATED)
_5605_/CLK                              0.750000   10.825045  -10.075045 (VIOLATED)
_5617_/CLK                              0.750000   10.825046  -10.075046 (VIOLATED)
_5637_/CLK                              0.750000   10.825045  -10.075045 (VIOLATED)
_5649_/CLK                              0.750000   10.825046  -10.075046 (VIOLATED)
_5669_/CLK                              0.750000   10.825045  -10.075045 (VIOLATED)
_5681_/CLK                              0.750000   10.825046  -10.075046 (VIOLATED)
_5701_/CLK                              0.750000   10.825046  -10.075045 (VIOLATED)
_5713_/CLK                              0.750000   10.825046  -10.075046 (VIOLATED)
_5750_/CLK                              0.750000   10.825041  -10.075041 (VIOLATED)
_5814_/CLK                              0.750000   10.825041  -10.075041 (VIOLATED)
_5551_/CLK                              0.750000   10.825002  -10.075002 (VIOLATED)
_5583_/CLK                              0.750000   10.825003  -10.075003 (VIOLATED)
_5448_/CLK                              0.750000   10.824961  -10.074961 (VIOLATED)
_5104_/CLK                              0.750000   10.824950  -10.074950 (VIOLATED)
_5136_/CLK                              0.750000   10.824951  -10.074951 (VIOLATED)
_5487_/CLK                              0.750000   10.824958  -10.074958 (VIOLATED)
_5519_/CLK                              0.750000   10.824959  -10.074959 (VIOLATED)
_5768_/CLK                              0.750000   10.824959  -10.074959 (VIOLATED)
_5832_/CLK                              0.750000   10.824961  -10.074961 (VIOLATED)
_5864_/CLK                              0.750000   10.824959  -10.074959 (VIOLATED)
_5896_/CLK                              0.750000   10.824959  -10.074959 (VIOLATED)
_5928_/CLK                              0.750000   10.824959  -10.074959 (VIOLATED)
_5960_/CLK                              0.750000   10.824961  -10.074961 (VIOLATED)
_6056_/CLK                              0.750000   10.824961  -10.074961 (VIOLATED)
_5144_/CLK                              0.750000   10.824938  -10.074938 (VIOLATED)
_5163_/CLK                              0.750000   10.824947  -10.074947 (VIOLATED)
_5168_/CLK                              0.750000   10.824955  -10.074954 (VIOLATED)
_5176_/CLK                              0.750000   10.824938  -10.074938 (VIOLATED)
_5195_/CLK                              0.750000   10.824947  -10.074947 (VIOLATED)
_5200_/CLK                              0.750000   10.824955  -10.074954 (VIOLATED)
_5227_/CLK                              0.750000   10.824947  -10.074947 (VIOLATED)
_5232_/CLK                              0.750000   10.824945  -10.074945 (VIOLATED)
_5259_/CLK                              0.750000   10.824947  -10.074947 (VIOLATED)
_5264_/CLK                              0.750000   10.824945  -10.074945 (VIOLATED)
_6000_/CLK                              0.750000   10.824949  -10.074949 (VIOLATED)
_6032_/CLK                              0.750000   10.824947  -10.074947 (VIOLATED)
_5208_/CLK                              0.750000   10.824935  -10.074935 (VIOLATED)
_5240_/CLK                              0.750000   10.824935  -10.074935 (VIOLATED)
_5156_/CLK                              0.750000   10.824922  -10.074922 (VIOLATED)
_5188_/CLK                              0.750000   10.824922  -10.074922 (VIOLATED)
_5220_/CLK                              0.750000   10.824924  -10.074924 (VIOLATED)
_5252_/CLK                              0.750000   10.824925  -10.074925 (VIOLATED)
_5103_/CLK                              0.750000   10.824906  -10.074906 (VIOLATED)
_5135_/CLK                              0.750000   10.824908  -10.074908 (VIOLATED)
_5999_/CLK                              0.750000   10.824904  -10.074904 (VIOLATED)
_6031_/CLK                              0.750000   10.824904  -10.074904 (VIOLATED)
_5295_/CLK                              0.750000   10.824886  -10.074886 (VIOLATED)
_5327_/CLK                              0.750000   10.824884  -10.074884 (VIOLATED)
_5359_/CLK                              0.750000   10.824889  -10.074889 (VIOLATED)
_5391_/CLK                              0.750000   10.824891  -10.074890 (VIOLATED)
_5848_/CLK                              0.750000   10.824892  -10.074892 (VIOLATED)
_5752_/CLK                              0.750000   10.824882  -10.074882 (VIOLATED)
_5880_/CLK                              0.750000   10.824876  -10.074876 (VIOLATED)
_5912_/CLK                              0.750000   10.824876  -10.074876 (VIOLATED)
_5071_/CLK                              0.750000   10.824853  -10.074853 (VIOLATED)
_5423_/CLK                              0.750000   10.824853  -10.074853 (VIOLATED)
_5622_/CLK                              0.750000   10.824856  -10.074856 (VIOLATED)
_5654_/CLK                              0.750000   10.824856  -10.074856 (VIOLATED)
_5686_/CLK                              0.750000   10.824856  -10.074856 (VIOLATED)
_5718_/CLK                              0.750000   10.824856  -10.074856 (VIOLATED)
_5743_/CLK                              0.750000   10.824855  -10.074855 (VIOLATED)
_5807_/CLK                              0.750000   10.824855  -10.074855 (VIOLATED)
_5080_/CLK                              0.750000   10.824762  -10.074762 (VIOLATED)
_5092_/CLK                              0.750000   10.824759  -10.074759 (VIOLATED)
_5099_/CLK                              0.750000   10.824764  -10.074764 (VIOLATED)
_5108_/CLK                              0.750000   10.824753  -10.074753 (VIOLATED)
_5112_/CLK                              0.750000   10.824762  -10.074762 (VIOLATED)
_5124_/CLK                              0.750000   10.824759  -10.074759 (VIOLATED)
_5131_/CLK                              0.750000   10.824764  -10.074764 (VIOLATED)
_5140_/CLK                              0.750000   10.824753  -10.074753 (VIOLATED)
_5976_/CLK                              0.750000   10.824761  -10.074761 (VIOLATED)
_5172_/CLK                              0.750000   10.824749  -10.074749 (VIOLATED)
_5204_/CLK                              0.750000   10.824749  -10.074749 (VIOLATED)
_5988_/CLK                              0.750000   10.824759  -10.074759 (VIOLATED)
_5995_/CLK                              0.750000   10.824764  -10.074764 (VIOLATED)
_6004_/CLK                              0.750000   10.824754  -10.074754 (VIOLATED)
_6008_/CLK                              0.750000   10.824761  -10.074761 (VIOLATED)
_6020_/CLK                              0.750000   10.824759  -10.074759 (VIOLATED)
_6027_/CLK                              0.750000   10.824764  -10.074764 (VIOLATED)
_6036_/CLK                              0.750000   10.824754  -10.074754 (VIOLATED)
_5236_/CLK                              0.750000   10.824743  -10.074743 (VIOLATED)
_5268_/CLK                              0.750000   10.824743  -10.074743 (VIOLATED)
_5476_/CLK                              0.750000   10.824743  -10.074743 (VIOLATED)
_5508_/CLK                              0.750000   10.824740  -10.074740 (VIOLATED)
_5540_/CLK                              0.750000   10.824735  -10.074735 (VIOLATED)
_5572_/CLK                              0.750000   10.824736  -10.074735 (VIOLATED)
_5624_/CLK                              0.750000   10.824637  -10.074637 (VIOLATED)
_5492_/CLK                              0.750000   10.824627  -10.074627 (VIOLATED)
_5524_/CLK                              0.750000   10.824627  -10.074627 (VIOLATED)
_5556_/CLK                              0.750000   10.824627  -10.074627 (VIOLATED)
_5588_/CLK                              0.750000   10.824627  -10.074627 (VIOLATED)
_5592_/CLK                              0.750000   10.824631  -10.074631 (VIOLATED)
_5656_/CLK                              0.750000   10.824619  -10.074618 (VIOLATED)
_5688_/CLK                              0.750000   10.824619  -10.074618 (VIOLATED)
_5599_/CLK                              0.750000   10.824594  -10.074593 (VIOLATED)
_5601_/CLK                              0.750000   10.824592  -10.074592 (VIOLATED)
_5612_/CLK                              0.750000   10.824588  -10.074588 (VIOLATED)
_5631_/CLK                              0.750000   10.824593  -10.074592 (VIOLATED)
_5633_/CLK                              0.750000   10.824592  -10.074592 (VIOLATED)
_5644_/CLK                              0.750000   10.824587  -10.074587 (VIOLATED)
_5663_/CLK                              0.750000   10.824594  -10.074593 (VIOLATED)
_5665_/CLK                              0.750000   10.824592  -10.074592 (VIOLATED)
_5676_/CLK                              0.750000   10.824588  -10.074588 (VIOLATED)
_5695_/CLK                              0.750000   10.824594  -10.074593 (VIOLATED)
_5697_/CLK                              0.750000   10.824593  -10.074592 (VIOLATED)
_5708_/CLK                              0.750000   10.824589  -10.074589 (VIOLATED)
_5441_/CLK                              0.750000   10.824576  -10.074576 (VIOLATED)
_5452_/CLK                              0.750000   10.824584  -10.074584 (VIOLATED)
_5439_/CLK                              0.750000   10.824566  -10.074566 (VIOLATED)
_5761_/CLK                              0.750000   10.824575  -10.074575 (VIOLATED)
_5825_/CLK                              0.750000   10.824576  -10.074576 (VIOLATED)
_5836_/CLK                              0.750000   10.824583  -10.074583 (VIOLATED)
_5953_/CLK                              0.750000   10.824576  -10.074576 (VIOLATED)
_5964_/CLK                              0.750000   10.824584  -10.074584 (VIOLATED)
_6049_/CLK                              0.750000   10.824576  -10.074576 (VIOLATED)
_6060_/CLK                              0.750000   10.824584  -10.074584 (VIOLATED)
_5457_/CLK                              0.750000   10.824552  -10.074552 (VIOLATED)
_5759_/CLK                              0.750000   10.824561  -10.074561 (VIOLATED)
_5772_/CLK                              0.750000   10.824571  -10.074571 (VIOLATED)
_5823_/CLK                              0.750000   10.824566  -10.074566 (VIOLATED)
_5857_/CLK                              0.750000   10.824574  -10.074574 (VIOLATED)
_5868_/CLK                              0.750000   10.824572  -10.074572 (VIOLATED)
_5889_/CLK                              0.750000   10.824575  -10.074575 (VIOLATED)
_5900_/CLK                              0.750000   10.824574  -10.074574 (VIOLATED)
_5887_/CLK                              0.750000   10.824564  -10.074564 (VIOLATED)
_5919_/CLK                              0.750000   10.824566  -10.074566 (VIOLATED)
_5921_/CLK                              0.750000   10.824575  -10.074575 (VIOLATED)
_5932_/CLK                              0.750000   10.824577  -10.074577 (VIOLATED)
_5951_/CLK                              0.750000   10.824565  -10.074565 (VIOLATED)
_6047_/CLK                              0.750000   10.824565  -10.074565 (VIOLATED)
_5445_/CLK                              0.750000   10.824538  -10.074538 (VIOLATED)
_5777_/CLK                              0.750000   10.824544  -10.074544 (VIOLATED)
_5841_/CLK                              0.750000   10.824552  -10.074552 (VIOLATED)
_5855_/CLK                              0.750000   10.824560  -10.074560 (VIOLATED)
_5905_/CLK                              0.750000   10.824550  -10.074550 (VIOLATED)
_5937_/CLK                              0.750000   10.824552  -10.074552 (VIOLATED)
_5969_/CLK                              0.750000   10.824552  -10.074552 (VIOLATED)
_6065_/CLK                              0.750000   10.824552  -10.074552 (VIOLATED)
_5829_/CLK                              0.750000   10.824538  -10.074538 (VIOLATED)
_5873_/CLK                              0.750000   10.824543  -10.074543 (VIOLATED)
_5957_/CLK                              0.750000   10.824536  -10.074536 (VIOLATED)
_6053_/CLK                              0.750000   10.824536  -10.074536 (VIOLATED)
_5765_/CLK                              0.750000   10.824520  -10.074520 (VIOLATED)
_5893_/CLK                              0.750000   10.824523  -10.074523 (VIOLATED)
_5925_/CLK                              0.750000   10.824525  -10.074525 (VIOLATED)
_5462_/CLK                              0.750000   10.824510  -10.074510 (VIOLATED)
_5846_/CLK                              0.750000   10.824510  -10.074510 (VIOLATED)
_5861_/CLK                              0.750000   10.824519  -10.074519 (VIOLATED)
_5455_/CLK                              0.750000   10.824487  -10.074487 (VIOLATED)
_5782_/CLK                              0.750000   10.824496  -10.074496 (VIOLATED)
_5910_/CLK                              0.750000   10.824501  -10.074501 (VIOLATED)
_5942_/CLK                              0.750000   10.824503  -10.074503 (VIOLATED)
_5974_/CLK                              0.750000   10.824509  -10.074509 (VIOLATED)
_6070_/CLK                              0.750000   10.824510  -10.074510 (VIOLATED)
_5839_/CLK                              0.750000   10.824487  -10.074487 (VIOLATED)
_5878_/CLK                              0.750000   10.824494  -10.074494 (VIOLATED)
_5967_/CLK                              0.750000   10.824483  -10.074483 (VIOLATED)
_6063_/CLK                              0.750000   10.824483  -10.074483 (VIOLATED)
_5060_/CLK                              0.750000   10.824461  -10.074461 (VIOLATED)
_5412_/CLK                              0.750000   10.824463  -10.074463 (VIOLATED)
_5775_/CLK                              0.750000   10.824464  -10.074463 (VIOLATED)
_5871_/CLK                              0.750000   10.824463  -10.074463 (VIOLATED)
_5903_/CLK                              0.750000   10.824466  -10.074466 (VIOLATED)
_5935_/CLK                              0.750000   10.824469  -10.074469 (VIOLATED)
_5444_/CLK                              0.750000   10.824450  -10.074450 (VIOLATED)
_5828_/CLK                              0.750000   10.824450  -10.074450 (VIOLATED)
_5956_/CLK                              0.750000   10.824444  -10.074444 (VIOLATED)
_6052_/CLK                              0.750000   10.824443  -10.074443 (VIOLATED)
_5615_/CLK                              0.750000   10.824428  -10.074428 (VIOLATED)
_5647_/CLK                              0.750000   10.824428  -10.074428 (VIOLATED)
_5679_/CLK                              0.750000   10.824428  -10.074428 (VIOLATED)
_5711_/CLK                              0.750000   10.824428  -10.074428 (VIOLATED)
_5732_/CLK                              0.750000   10.824427  -10.074427 (VIOLATED)
_5764_/CLK                              0.750000   10.824425  -10.074424 (VIOLATED)
_5796_/CLK                              0.750000   10.824427  -10.074427 (VIOLATED)
_5860_/CLK                              0.750000   10.824422  -10.074422 (VIOLATED)
_5892_/CLK                              0.750000   10.824427  -10.074427 (VIOLATED)
_5924_/CLK                              0.750000   10.824430  -10.074430 (VIOLATED)
_5048_/CLK                              0.750000   10.824387  -10.074386 (VIOLATED)
_5272_/CLK                              0.750000   10.824393  -10.074393 (VIOLATED)
_5076_/CLK                              0.750000   10.824382  -10.074382 (VIOLATED)
_5284_/CLK                              0.750000   10.824386  -10.074386 (VIOLATED)
_5496_/CLK                              0.750000   10.824395  -10.074395 (VIOLATED)
_5528_/CLK                              0.750000   10.824394  -10.074394 (VIOLATED)
_5560_/CLK                              0.750000   10.824394  -10.074394 (VIOLATED)
_5300_/CLK                              0.750000   10.824384  -10.074384 (VIOLATED)
_5304_/CLK                              0.750000   10.824393  -10.074393 (VIOLATED)
_5316_/CLK                              0.750000   10.824386  -10.074386 (VIOLATED)
_5332_/CLK                              0.750000   10.824384  -10.074384 (VIOLATED)
_5336_/CLK                              0.750000   10.824393  -10.074393 (VIOLATED)
_5348_/CLK                              0.750000   10.824386  -10.074386 (VIOLATED)
_5364_/CLK                              0.750000   10.824384  -10.074384 (VIOLATED)
_5368_/CLK                              0.750000   10.824393  -10.074393 (VIOLATED)
_5380_/CLK                              0.750000   10.824386  -10.074386 (VIOLATED)
_5396_/CLK                              0.750000   10.824385  -10.074385 (VIOLATED)
_5400_/CLK                              0.750000   10.824387  -10.074386 (VIOLATED)
_5428_/CLK                              0.750000   10.824382  -10.074382 (VIOLATED)
_5432_/CLK                              0.750000   10.824391  -10.074391 (VIOLATED)
_5464_/CLK                              0.750000   10.824395  -10.074395 (VIOLATED)
_5604_/CLK                              0.750000   10.824389  -10.074389 (VIOLATED)
_5636_/CLK                              0.750000   10.824387  -10.074387 (VIOLATED)
_5652_/CLK                              0.750000   10.824393  -10.074393 (VIOLATED)
_5668_/CLK                              0.750000   10.824391  -10.074391 (VIOLATED)
_5700_/CLK                              0.750000   10.824393  -10.074393 (VIOLATED)
_5944_/CLK                              0.750000   10.824389  -10.074389 (VIOLATED)
_6040_/CLK                              0.750000   10.824389  -10.074389 (VIOLATED)
_5620_/CLK                              0.750000   10.824375  -10.074375 (VIOLATED)
_5684_/CLK                              0.750000   10.824373  -10.074373 (VIOLATED)
_5716_/CLK                              0.750000   10.824374  -10.074374 (VIOLATED)
_5720_/CLK                              0.750000   10.824385  -10.074385 (VIOLATED)
_5748_/CLK                              0.750000   10.824379  -10.074379 (VIOLATED)
_5784_/CLK                              0.750000   10.824385  -10.074385 (VIOLATED)
_5816_/CLK                              0.750000   10.824390  -10.074390 (VIOLATED)
_5812_/CLK                              0.750000   10.824379  -10.074379 (VIOLATED)
_5460_/CLK                              0.750000   10.824318  -10.074318 (VIOLATED)
_5844_/CLK                              0.750000   10.824312  -10.074312 (VIOLATED)
_5972_/CLK                              0.750000   10.824282  -10.074282 (VIOLATED)
_6068_/CLK                              0.750000   10.824270  -10.074270 (VIOLATED)
_5908_/CLK                              0.750000   10.824187  -10.074187 (VIOLATED)
_5940_/CLK                              0.750000   10.824197  -10.074197 (VIOLATED)
_5780_/CLK                              0.750000   10.824174  -10.074174 (VIOLATED)
_5876_/CLK                              0.750000   10.824167  -10.074167 (VIOLATED)
clk                                     0.750000   10.823802  -10.073802 (VIOLATED)
_2792_/S0                               0.750000    9.273488   -8.523488 (VIOLATED)
_3148_/S0                               0.750000    9.273496   -8.523496 (VIOLATED)
_3149_/S                                0.750000    9.273494   -8.523494 (VIOLATED)
_3153_/S0                               0.750000    9.273500   -8.523500 (VIOLATED)
_2794_/S                                0.750000    9.273485   -8.523485 (VIOLATED)
_2795_/S                                0.750000    9.273484   -8.523484 (VIOLATED)
_3150_/S                                0.750000    9.273491   -8.523491 (VIOLATED)
_3155_/S0                               0.750000    9.273499   -8.523499 (VIOLATED)
_3157_/S0                               0.750000    9.273479   -8.523479 (VIOLATED)
_3158_/S                                0.750000    9.273479   -8.523479 (VIOLATED)
_3159_/S                                0.750000    9.273477   -8.523477 (VIOLATED)
_2798_/S0                               0.750000    9.273462   -8.523462 (VIOLATED)
_2501_/S0                               0.750000    9.273428   -8.523428 (VIOLATED)
_2505_/S                                0.750000    9.273428   -8.523428 (VIOLATED)
_2504_/S                                0.750000    9.273415   -8.523415 (VIOLATED)
_2782_/S0                               0.750000    9.273392   -8.523392 (VIOLATED)
_2783_/S                                0.750000    9.273390   -8.523390 (VIOLATED)
_2784_/S                                0.750000    9.273391   -8.523390 (VIOLATED)
_2799_/S                                0.750000    9.273388   -8.523388 (VIOLATED)
_2800_/S                                0.750000    9.273388   -8.523388 (VIOLATED)
_3031_/S0                               0.750000    9.273385   -8.523385 (VIOLATED)
_2787_/S0                               0.750000    9.273376   -8.523376 (VIOLATED)
_3143_/S0                               0.750000    9.273383   -8.523383 (VIOLATED)
_3144_/S                                0.750000    9.273384   -8.523384 (VIOLATED)
_3032_/S                                0.750000    9.273374   -8.523374 (VIOLATED)
_3033_/S                                0.750000    9.273379   -8.523379 (VIOLATED)
_3045_/S0                               0.750000    9.273377   -8.523376 (VIOLATED)
_3145_/S                                0.750000    9.273380   -8.523380 (VIOLATED)
_3036_/S0                               0.750000    9.273366   -8.523366 (VIOLATED)
_3037_/S                                0.750000    9.273365   -8.523364 (VIOLATED)
_3038_/S                                0.750000    9.273365   -8.523364 (VIOLATED)
_3041_/S0                               0.750000    9.273370   -8.523370 (VIOLATED)
_2788_/S                                0.750000    9.273352   -8.523352 (VIOLATED)
_2789_/S                                0.750000    9.273350   -8.523350 (VIOLATED)
_3197_/S0                               0.750000    9.273355   -8.523355 (VIOLATED)
_3046_/S                                0.750000    9.273335   -8.523335 (VIOLATED)
_3047_/S                                0.750000    9.273326   -8.523326 (VIOLATED)
_2519_/S0                               0.750000    9.273293   -8.523293 (VIOLATED)
_2520_/S                                0.750000    9.273300   -8.523300 (VIOLATED)
_2521_/S                                0.750000    9.273292   -8.523292 (VIOLATED)
_3043_/S0                               0.750000    9.273298   -8.523298 (VIOLATED)
_3187_/S0                               0.750000    9.273251   -8.523251 (VIOLATED)
_3188_/S                                0.750000    9.273258   -8.523258 (VIOLATED)
_3189_/S                                0.750000    9.273255   -8.523255 (VIOLATED)
_3193_/S                                0.750000    9.273259   -8.523259 (VIOLATED)
_3199_/S                                0.750000    9.273261   -8.523261 (VIOLATED)
_3200_/S                                0.750000    9.273261   -8.523260 (VIOLATED)
_3194_/S                                0.750000    9.273252   -8.523252 (VIOLATED)
_3069_/S                                0.750000    9.273232   -8.523232 (VIOLATED)
_2815_/S0                               0.750000    9.273212   -8.523212 (VIOLATED)
_3068_/S0                               0.750000    9.273202   -8.523202 (VIOLATED)
_3192_/S0                               0.750000    9.273205   -8.523205 (VIOLATED)
_2820_/S0                               0.750000    9.273164   -8.523164 (VIOLATED)
_3070_/S                                0.750000    9.273160   -8.523160 (VIOLATED)
_2508_/S0                               0.750000    9.273145   -8.523145 (VIOLATED)
_2509_/S                                0.750000    9.273141   -8.523141 (VIOLATED)
_2513_/S0                               0.750000    9.273148   -8.523148 (VIOLATED)
_2510_/S                                0.750000    9.273139   -8.523139 (VIOLATED)
_2515_/S                                0.750000    9.273144   -8.523144 (VIOLATED)
_2517_/S                                0.750000    9.273144   -8.523144 (VIOLATED)
_3052_/S0                               0.750000    9.273141   -8.523141 (VIOLATED)
_3053_/S                                0.750000    9.273131   -8.523130 (VIOLATED)
_3054_/S                                0.750000    9.273136   -8.523136 (VIOLATED)
_3059_/S                                0.750000    9.273110   -8.523110 (VIOLATED)
_3060_/S                                0.750000    9.273115   -8.523115 (VIOLATED)
_2499_/A                                0.750000    9.273090   -8.523090 (VIOLATED)
_2951_/S                                0.750000    9.273093   -8.523092 (VIOLATED)
_2952_/S                                0.750000    9.273089   -8.523089 (VIOLATED)
_2941_/S                                0.750000    9.273060   -8.523060 (VIOLATED)
_3062_/S0                               0.750000    9.273052   -8.523052 (VIOLATED)
_3063_/S                                0.750000    9.273051   -8.523051 (VIOLATED)
_3064_/S                                0.750000    9.273051   -8.523051 (VIOLATED)
_2956_/S0                               0.750000    9.273039   -8.523039 (VIOLATED)
_2945_/S0                               0.750000    9.273018   -8.523018 (VIOLATED)
_2957_/S                                0.750000    9.273014   -8.523014 (VIOLATED)
_2958_/S                                0.750000    9.273017   -8.523017 (VIOLATED)
_2884_/S                                0.750000    9.272974   -8.522974 (VIOLATED)
_3020_/S                                0.750000    9.272980   -8.522980 (VIOLATED)
_2885_/S                                0.750000    9.272970   -8.522970 (VIOLATED)
_3021_/S                                0.750000    9.272968   -8.522968 (VIOLATED)
_2692_/S                                0.750000    9.272941   -8.522941 (VIOLATED)
_2691_/S                                0.750000    9.272931   -8.522931 (VIOLATED)
_2947_/S                                0.750000    9.272938   -8.522938 (VIOLATED)
_2948_/S                                0.750000    9.272938   -8.522938 (VIOLATED)
_2882_/S0                               0.750000    9.272901   -8.522901 (VIOLATED)
_2877_/S0                               0.750000    9.272879   -8.522879 (VIOLATED)
_2878_/S                                0.750000    9.272869   -8.522869 (VIOLATED)
_2879_/S                                0.750000    9.272823   -8.522823 (VIOLATED)
_2889_/S                                0.750000    9.272582   -8.522582 (VIOLATED)
_2551_/S0                               0.750000    9.272390   -8.522390 (VIOLATED)
_2553_/S                                0.750000    9.272290   -8.522290 (VIOLATED)
_2940_/S0                               0.750000    9.272221   -8.522221 (VIOLATED)
_2950_/S0                               0.750000    9.272223   -8.522223 (VIOLATED)
_3057_/S0                               0.750000    9.272225   -8.522225 (VIOLATED)
_3008_/S0                               0.750000    9.272216   -8.522216 (VIOLATED)
_3013_/S0                               0.750000    9.272209   -8.522209 (VIOLATED)
_2552_/S                                0.750000    9.272195   -8.522195 (VIOLATED)
_2706_/S0                               0.750000    9.272201   -8.522201 (VIOLATED)
_2695_/S0                               0.750000    9.272191   -8.522191 (VIOLATED)
_2696_/S                                0.750000    9.272170   -8.522170 (VIOLATED)
_2759_/S0                               0.750000    9.272178   -8.522178 (VIOLATED)
_2697_/S                                0.750000    9.272169   -8.522169 (VIOLATED)
_2761_/S                                0.750000    9.272165   -8.522165 (VIOLATED)
_2775_/S0                               0.750000    9.272149   -8.522149 (VIOLATED)
_2760_/S                                0.750000    9.272139   -8.522139 (VIOLATED)
_2777_/S                                0.750000    9.272145   -8.522145 (VIOLATED)
_3202_/S0                               0.750000    9.272141   -8.522141 (VIOLATED)
_3203_/S                                0.750000    9.272139   -8.522139 (VIOLATED)
_2689_/S0                               0.750000    9.272130   -8.522130 (VIOLATED)
_2769_/S0                               0.750000    9.272132   -8.522132 (VIOLATED)
_2776_/S                                0.750000    9.272138   -8.522138 (VIOLATED)
_2810_/S0                               0.750000    9.272135   -8.522135 (VIOLATED)
_3204_/S                                0.750000    9.272138   -8.522138 (VIOLATED)
_2811_/S                                0.750000    9.272126   -8.522126 (VIOLATED)
_2812_/S                                0.750000    9.272130   -8.522130 (VIOLATED)
_2942_/S                                0.750000    9.272129   -8.522129 (VIOLATED)
_3009_/S                                0.750000    9.272128   -8.522128 (VIOLATED)
_3010_/S                                0.750000    9.272130   -8.522130 (VIOLATED)
_3014_/S                                0.750000    9.272128   -8.522128 (VIOLATED)
_3015_/S                                0.750000    9.272127   -8.522127 (VIOLATED)
_3018_/S0                               0.750000    9.272135   -8.522135 (VIOLATED)
_2538_/S0                               0.750000    9.272114   -8.522114 (VIOLATED)
_2701_/S0                               0.750000    9.272120   -8.522120 (VIOLATED)
_2702_/S                                0.750000    9.272127   -8.522127 (VIOLATED)
_2771_/S                                0.750000    9.272123   -8.522123 (VIOLATED)
_2772_/S                                0.750000    9.272123   -8.522123 (VIOLATED)
_2540_/S                                0.750000    9.272110   -8.522109 (VIOLATED)
_2541_/S                                0.750000    9.272110   -8.522110 (VIOLATED)
_2666_/S0                               0.750000    9.272109   -8.522109 (VIOLATED)
_2906_/S0                               0.750000    9.272116   -8.522116 (VIOLATED)
_3024_/S0                               0.750000    9.272123   -8.522122 (VIOLATED)
_3025_/S                                0.750000    9.272120   -8.522120 (VIOLATED)
_3026_/S                                0.750000    9.272117   -8.522117 (VIOLATED)
_3086_/S0                               0.750000    9.272122   -8.522122 (VIOLATED)
_3087_/S                                0.750000    9.272115   -8.522115 (VIOLATED)
_3088_/S                                0.750000    9.272118   -8.522118 (VIOLATED)
_2668_/S                                0.750000    9.272101   -8.522101 (VIOLATED)
_2765_/S                                0.750000    9.272103   -8.522103 (VIOLATED)
_3130_/S0                               0.750000    9.272104   -8.522104 (VIOLATED)
_2527_/S0                               0.750000    9.272089   -8.522089 (VIOLATED)
_2667_/S                                0.750000    9.272091   -8.522091 (VIOLATED)
_2703_/S                                0.750000    9.272096   -8.522096 (VIOLATED)
_2707_/S                                0.750000    9.272096   -8.522096 (VIOLATED)
_2708_/S                                0.750000    9.272097   -8.522097 (VIOLATED)
_2764_/S0                               0.750000    9.272092   -8.522092 (VIOLATED)
_2766_/S                                0.750000    9.272097   -8.522097 (VIOLATED)
_2888_/S0                               0.750000    9.272095   -8.522095 (VIOLATED)
_2890_/S                                0.750000    9.272093   -8.522093 (VIOLATED)
_2900_/S0                               0.750000    9.272086   -8.522086 (VIOLATED)
_3132_/S                                0.750000    9.272093   -8.522093 (VIOLATED)
_3133_/S                                0.750000    9.272093   -8.522093 (VIOLATED)
_3164_/S0                               0.750000    9.272090   -8.522090 (VIOLATED)
_3165_/S                                0.750000    9.272085   -8.522085 (VIOLATED)
_2556_/S0                               0.750000    9.272076   -8.522076 (VIOLATED)
_2902_/S                                0.750000    9.272084   -8.522083 (VIOLATED)
_2970_/S                                0.750000    9.272074   -8.522074 (VIOLATED)
_2971_/S                                0.750000    9.272077   -8.522077 (VIOLATED)
_3166_/S                                0.750000    9.272082   -8.522082 (VIOLATED)
_2529_/S                                0.750000    9.272065   -8.522065 (VIOLATED)
_2598_/S0                               0.750000    9.272070   -8.522070 (VIOLATED)
_2613_/S0                               0.750000    9.272070   -8.522070 (VIOLATED)
_2614_/S                                0.750000    9.272066   -8.522066 (VIOLATED)
_2615_/S                                0.750000    9.272069   -8.522069 (VIOLATED)
_2973_/S0                               0.750000    9.272058   -8.522058 (VIOLATED)
_3120_/S0                               0.750000    9.272061   -8.522061 (VIOLATED)
_3122_/S                                0.750000    9.272058   -8.522058 (VIOLATED)
_2528_/S                                0.750000    9.272050   -8.522050 (VIOLATED)
_2599_/S                                0.750000    9.272046   -8.522045 (VIOLATED)
_3075_/S0                               0.750000    9.272051   -8.522051 (VIOLATED)
_3180_/S0                               0.750000    9.272053   -8.522053 (VIOLATED)
_3182_/S                                0.750000    9.272055   -8.522055 (VIOLATED)
_2683_/S                                0.750000    9.272042   -8.522042 (VIOLATED)
_2684_/S                                0.750000    9.272044   -8.522044 (VIOLATED)
_2901_/S                                0.750000    9.272041   -8.522041 (VIOLATED)
_2907_/S                                0.750000    9.272047   -8.522047 (VIOLATED)
_2908_/S                                0.750000    9.272048   -8.522048 (VIOLATED)
_3076_/S                                0.750000    9.272049   -8.522049 (VIOLATED)
_3077_/S                                0.750000    9.272050   -8.522050 (VIOLATED)
_2682_/S0                               0.750000    9.272032   -8.522032 (VIOLATED)
_2933_/S0                               0.750000    9.272037   -8.522037 (VIOLATED)
_3092_/S                                0.750000    9.272044   -8.522044 (VIOLATED)
_3093_/S                                0.750000    9.272044   -8.522044 (VIOLATED)
_3181_/S                                0.750000    9.272034   -8.522034 (VIOLATED)
_2532_/S0                               0.750000    9.272021   -8.522021 (VIOLATED)
_2600_/S                                0.750000    9.272030   -8.522030 (VIOLATED)
_2724_/S0                               0.750000    9.272028   -8.522028 (VIOLATED)
_2974_/S                                0.750000    9.272025   -8.522025 (VIOLATED)
_2975_/S                                0.750000    9.272025   -8.522025 (VIOLATED)
_3082_/S                                0.750000    9.272033   -8.522033 (VIOLATED)
_3083_/S                                0.750000    9.272033   -8.522033 (VIOLATED)
_2725_/S                                0.750000    9.272013   -8.522013 (VIOLATED)
_2726_/S                                0.750000    9.272009   -8.522009 (VIOLATED)
_2934_/S                                0.750000    9.272016   -8.522016 (VIOLATED)
_2935_/S                                0.750000    9.272016   -8.522016 (VIOLATED)
_2533_/S                                0.750000    9.271986   -8.521986 (VIOLATED)
_2714_/S                                0.750000    9.271985   -8.521985 (VIOLATED)
_2715_/S                                0.750000    9.271994   -8.521993 (VIOLATED)
_2534_/S                                0.750000    9.271970   -8.521970 (VIOLATED)
_2918_/S0                               0.750000    9.271955   -8.521955 (VIOLATED)
_2919_/S                                0.750000    9.271952   -8.521952 (VIOLATED)
_2920_/S                                0.750000    9.271954   -8.521954 (VIOLATED)
_2980_/S                                0.750000    9.271946   -8.521946 (VIOLATED)
_2981_/S                                0.750000    9.271949   -8.521949 (VIOLATED)
_2559_/S                                0.750000    9.271933   -8.521933 (VIOLATED)
_2713_/S0                               0.750000    9.271941   -8.521941 (VIOLATED)
_2964_/S                                0.750000    9.271916   -8.521916 (VIOLATED)
_3125_/S0                               0.750000    9.271913   -8.521913 (VIOLATED)
_2718_/S0                               0.750000    9.271903   -8.521902 (VIOLATED)
_2720_/S                                0.750000    9.271901   -8.521901 (VIOLATED)
_2721_/S                                0.750000    9.271900   -8.521900 (VIOLATED)
_2968_/S0                               0.750000    9.271904   -8.521904 (VIOLATED)
_2729_/S0                               0.750000    9.271892   -8.521892 (VIOLATED)
_2671_/S0                               0.750000    9.271883   -8.521883 (VIOLATED)
_2731_/S                                0.750000    9.271881   -8.521881 (VIOLATED)
_2732_/S                                0.750000    9.271879   -8.521879 (VIOLATED)
_2851_/S                                0.750000    9.271870   -8.521870 (VIOLATED)
_2852_/S                                0.750000    9.271871   -8.521871 (VIOLATED)
_2923_/S0                               0.750000    9.271865   -8.521865 (VIOLATED)
_2963_/S0                               0.750000    9.271867   -8.521867 (VIOLATED)
_2979_/S0                               0.750000    9.271873   -8.521873 (VIOLATED)
_2965_/S                                0.750000    9.271864   -8.521863 (VIOLATED)
_3121_/S                                0.750000    9.271862   -8.521862 (VIOLATED)
_2676_/S0                               0.750000    9.271851   -8.521851 (VIOLATED)
_2928_/S0                               0.750000    9.271833   -8.521833 (VIOLATED)
_3174_/S0                               0.750000    9.271811   -8.521811 (VIOLATED)
_2557_/S                                0.750000    9.271798   -8.521798 (VIOLATED)
_2860_/S0                               0.750000    9.271803   -8.521803 (VIOLATED)
_2562_/S0                               0.750000    9.271726   -8.521726 (VIOLATED)
_2865_/S0                               0.750000    9.271710   -8.521710 (VIOLATED)
_2543_/S0                               0.750000    9.271662   -8.521662 (VIOLATED)
_2545_/S                                0.750000    9.271660   -8.521660 (VIOLATED)
_2546_/S                                0.750000    9.271660   -8.521660 (VIOLATED)
_2609_/S0                               0.750000    9.271644   -8.521644 (VIOLATED)
_2895_/S0                               0.750000    9.271649   -8.521649 (VIOLATED)
_2912_/S                                0.750000    9.271657   -8.521656 (VIOLATED)
_2913_/S                                0.750000    9.271658   -8.521657 (VIOLATED)
_2850_/S0                               0.750000    9.271619   -8.521619 (VIOLATED)
_3126_/S                                0.750000    9.271626   -8.521626 (VIOLATED)
_3127_/S                                0.750000    9.271626   -8.521626 (VIOLATED)
_3137_/S                                0.750000    9.271633   -8.521633 (VIOLATED)
_3138_/S                                0.750000    9.271635   -8.521635 (VIOLATED)
_3176_/S                                0.750000    9.271610   -8.521610 (VIOLATED)
_3177_/S                                0.750000    9.271611   -8.521611 (VIOLATED)
_3209_/S0                               0.750000    9.271618   -8.521618 (VIOLATED)
_3210_/S                                0.750000    9.271614   -8.521614 (VIOLATED)
_3211_/S                                0.750000    9.271616   -8.521616 (VIOLATED)
_2564_/S                                0.750000    9.271601   -8.521601 (VIOLATED)
_3214_/S0                               0.750000    9.271608   -8.521608 (VIOLATED)
_3225_/S0                               0.750000    9.271616   -8.521616 (VIOLATED)
_3226_/S                                0.750000    9.271614   -8.521614 (VIOLATED)
_3227_/S                                0.750000    9.271615   -8.521615 (VIOLATED)
_2563_/S                                0.750000    9.271592   -8.521592 (VIOLATED)
_2805_/S0                               0.750000    9.271583   -8.521583 (VIOLATED)
_2806_/S                                0.750000    9.271580   -8.521580 (VIOLATED)
_2807_/S                                0.750000    9.271581   -8.521581 (VIOLATED)
_2741_/S0                               0.750000    9.271556   -8.521556 (VIOLATED)
_2817_/S                                0.750000    9.271563   -8.521563 (VIOLATED)
_3080_/S0                               0.750000    9.271570   -8.521570 (VIOLATED)
_3091_/S0                               0.750000    9.271576   -8.521576 (VIOLATED)
_2818_/S                                0.750000    9.271562   -8.521562 (VIOLATED)
_2821_/S                                0.750000    9.271553   -8.521553 (VIOLATED)
_2822_/S                                0.750000    9.271553   -8.521553 (VIOLATED)
_2855_/S0                               0.750000    9.271544   -8.521544 (VIOLATED)
_2856_/S                                0.750000    9.271536   -8.521536 (VIOLATED)
_2857_/S                                0.750000    9.271533   -8.521533 (VIOLATED)
_3219_/S0                               0.750000    9.271516   -8.521515 (VIOLATED)
_3220_/S                                0.750000    9.271516   -8.521516 (VIOLATED)
_3221_/S                                0.750000    9.271516   -8.521515 (VIOLATED)
_2752_/S0                               0.750000    9.271494   -8.521494 (VIOLATED)
_2754_/S                                0.750000    9.271495   -8.521495 (VIOLATED)
_2753_/S                                0.750000    9.271482   -8.521482 (VIOLATED)
_2736_/S0                               0.750000    9.271459   -8.521459 (VIOLATED)
_2746_/S0                               0.750000    9.271459   -8.521459 (VIOLATED)
_2591_/S0                               0.750000    9.271433   -8.521433 (VIOLATED)
_2737_/S                                0.750000    9.271438   -8.521437 (VIOLATED)
_2738_/S                                0.750000    9.271444   -8.521444 (VIOLATED)
_2621_/S                                0.750000    9.271410   -8.521410 (VIOLATED)
_2622_/S                                0.750000    9.271410   -8.521410 (VIOLATED)
_2653_/S0                               0.750000    9.271407   -8.521407 (VIOLATED)
_2654_/S                                0.750000    9.271394   -8.521394 (VIOLATED)
_2655_/S                                0.750000    9.271381   -8.521381 (VIOLATED)
_2635_/S0                               0.750000    9.271335   -8.521334 (VIOLATED)
_2659_/S0                               0.750000    9.271282   -8.521282 (VIOLATED)
_2660_/S                                0.750000    9.271282   -8.521282 (VIOLATED)
_2661_/S                                0.750000    9.271282   -8.521281 (VIOLATED)
_2586_/S0                               0.750000    9.271271   -8.521271 (VIOLATED)
_3113_/S0                               0.750000    9.271278   -8.521278 (VIOLATED)
_2588_/S                                0.750000    9.271269   -8.521269 (VIOLATED)
_3115_/S                                0.750000    9.271276   -8.521276 (VIOLATED)
_2580_/S0                               0.750000    9.271257   -8.521257 (VIOLATED)
_2589_/S                                0.750000    9.271265   -8.521265 (VIOLATED)
_2581_/S                                0.750000    9.271254   -8.521254 (VIOLATED)
_2582_/S                                0.750000    9.271256   -8.521255 (VIOLATED)
_2592_/S                                0.750000    9.271243   -8.521243 (VIOLATED)
_2672_/S                                0.750000    9.271248   -8.521248 (VIOLATED)
_2673_/S                                0.750000    9.271248   -8.521248 (VIOLATED)
_2924_/S                                0.750000    9.271246   -8.521246 (VIOLATED)
_2925_/S                                0.750000    9.271246   -8.521246 (VIOLATED)
_2593_/S                                0.750000    9.271237   -8.521237 (VIOLATED)
_2678_/S                                0.750000    9.271244   -8.521243 (VIOLATED)
_2679_/S                                0.750000    9.271242   -8.521242 (VIOLATED)
_2862_/S                                0.750000    9.271229   -8.521229 (VIOLATED)
_2863_/S                                0.750000    9.271229   -8.521229 (VIOLATED)
_2930_/S                                0.750000    9.271236   -8.521236 (VIOLATED)
_2931_/S                                0.750000    9.271236   -8.521236 (VIOLATED)
_2625_/S0                               0.750000    9.271215   -8.521215 (VIOLATED)
_2866_/S                                0.750000    9.271217   -8.521216 (VIOLATED)
_2867_/S                                0.750000    9.271220   -8.521220 (VIOLATED)
_3216_/S                                0.750000    9.271207   -8.521207 (VIOLATED)
_3217_/S                                0.750000    9.271208   -8.521208 (VIOLATED)
_2742_/S                                0.750000    9.271195   -8.521195 (VIOLATED)
_2743_/S                                0.750000    9.271194   -8.521194 (VIOLATED)
_2748_/S                                0.750000    9.271179   -8.521179 (VIOLATED)
_2749_/S                                0.750000    9.271181   -8.521181 (VIOLATED)
_2637_/S                                0.750000    9.271154   -8.521154 (VIOLATED)
_2638_/S                                0.750000    9.271161   -8.521161 (VIOLATED)
_2626_/S                                0.750000    9.271139   -8.521139 (VIOLATED)
_2627_/S                                0.750000    9.271131   -8.521131 (VIOLATED)
_2643_/S0                               0.750000    9.271065   -8.521065 (VIOLATED)
_2872_/S0                               0.750000    9.271068   -8.521068 (VIOLATED)
_3001_/S0                               0.750000    9.271075   -8.521075 (VIOLATED)
_2873_/S                                0.750000    9.271067   -8.521067 (VIOLATED)
_2874_/S                                0.750000    9.271067   -8.521067 (VIOLATED)
_2620_/S0                               0.750000    9.271054   -8.521054 (VIOLATED)
_2644_/S                                0.750000    9.271061   -8.521061 (VIOLATED)
_2645_/S                                0.750000    9.271063   -8.521062 (VIOLATED)
_2630_/S0                               0.750000    9.271047   -8.521047 (VIOLATED)
_2632_/S                                0.750000    9.271039   -8.521039 (VIOLATED)
_2633_/S                                0.750000    9.271039   -8.521039 (VIOLATED)
_2996_/S0                               0.750000    9.271032   -8.521032 (VIOLATED)
_2997_/S                                0.750000    9.271030   -8.521030 (VIOLATED)
_2998_/S                                0.750000    9.271031   -8.521031 (VIOLATED)
_3114_/S                                0.750000    9.271023   -8.521023 (VIOLATED)
_2648_/S0                               0.750000    9.271010   -8.521009 (VIOLATED)
_2650_/S                                0.750000    9.271014   -8.521014 (VIOLATED)
_2651_/S                                0.750000    9.271014   -8.521014 (VIOLATED)
_3107_/S0                               0.750000    9.270998   -8.520997 (VIOLATED)
_3110_/S                                0.750000    9.271004   -8.521004 (VIOLATED)
_3109_/S                                0.750000    9.270994   -8.520994 (VIOLATED)
_2838_/S0                               0.750000    9.270910   -8.520910 (VIOLATED)
_2603_/S0                               0.750000    9.270896   -8.520896 (VIOLATED)
_2604_/S                                0.750000    9.270895   -8.520895 (VIOLATED)
_2605_/S                                0.750000    9.270895   -8.520894 (VIOLATED)
_2610_/S0                               0.750000    9.270889   -8.520889 (VIOLATED)
_2896_/S                                0.750000    9.270893   -8.520893 (VIOLATED)
_2897_/S                                0.750000    9.270892   -8.520892 (VIOLATED)
_2911_/S0                               0.750000    9.270897   -8.520897 (VIOLATED)
_3136_/S0                               0.750000    9.270885   -8.520885 (VIOLATED)
_3169_/S0                               0.750000    9.270880   -8.520880 (VIOLATED)
_2568_/S0                               0.750000    9.270866   -8.520866 (VIOLATED)
_3170_/S                                0.750000    9.270872   -8.520872 (VIOLATED)
_3171_/S                                0.750000    9.270873   -8.520873 (VIOLATED)
_2567_/S                                0.750000    9.270856   -8.520856 (VIOLATED)
_2569_/S                                0.750000    9.270859   -8.520859 (VIOLATED)
_2575_/S0                               0.750000    9.270850   -8.520850 (VIOLATED)
_2577_/S                                0.750000    9.270842   -8.520842 (VIOLATED)
_2578_/S                                0.750000    9.270840   -8.520840 (VIOLATED)
_2991_/S0                               0.750000    9.270841   -8.520841 (VIOLATED)
_2992_/S                                0.750000    9.270840   -8.520840 (VIOLATED)
_2993_/S                                0.750000    9.270838   -8.520838 (VIOLATED)
_2843_/S0                               0.750000    9.270820   -8.520820 (VIOLATED)
_2845_/S                                0.750000    9.270819   -8.520819 (VIOLATED)
_2846_/S                                0.750000    9.270827   -8.520827 (VIOLATED)
_3002_/S                                0.750000    9.270818   -8.520818 (VIOLATED)
_3003_/S                                0.750000    9.270817   -8.520816 (VIOLATED)
_2839_/S                                0.750000    9.270795   -8.520795 (VIOLATED)
_2840_/S                                0.750000    9.270801   -8.520801 (VIOLATED)
_2827_/S0                               0.750000    9.270730   -8.520730 (VIOLATED)
_2828_/S                                0.750000    9.270727   -8.520727 (VIOLATED)
_2833_/S0                               0.750000    9.270736   -8.520736 (VIOLATED)
_2834_/S                                0.750000    9.270736   -8.520736 (VIOLATED)
_2835_/S                                0.750000    9.270735   -8.520735 (VIOLATED)
_2829_/S                                0.750000    9.270725   -8.520725 (VIOLATED)
_3097_/S0                               0.750000    9.270733   -8.520733 (VIOLATED)
_3098_/S                                0.750000    9.270731   -8.520731 (VIOLATED)
_3099_/S                                0.750000    9.270732   -8.520732 (VIOLATED)
_2986_/S0                               0.750000    9.270720   -8.520720 (VIOLATED)
_3102_/S0                               0.750000    9.270720   -8.520720 (VIOLATED)
_3103_/S                                0.750000    9.270710   -8.520710 (VIOLATED)
_3104_/S                                0.750000    9.270710   -8.520710 (VIOLATED)
_2988_/S                                0.750000    9.270590   -8.520590 (VIOLATED)
_2989_/S                                0.750000    9.270551   -8.520551 (VIOLATED)
rs1[0]                                  0.750000    9.270324   -8.520324 (VIOLATED)
_3511_/S0                               0.750000    9.144201   -8.394201 (VIOLATED)
_3861_/S0                               0.750000    9.144209   -8.394209 (VIOLATED)
_3513_/S                                0.750000    9.144198   -8.394198 (VIOLATED)
_3514_/S                                0.750000    9.144198   -8.394198 (VIOLATED)
_3862_/S                                0.750000    9.144203   -8.394203 (VIOLATED)
_3863_/S                                0.750000    9.144207   -8.394206 (VIOLATED)
_3866_/S0                               0.750000    9.144211   -8.394211 (VIOLATED)
_3868_/S0                               0.750000    9.144207   -8.394207 (VIOLATED)
_3856_/S0                               0.750000    9.144194   -8.394193 (VIOLATED)
_3857_/S                                0.750000    9.144194   -8.394194 (VIOLATED)
_3858_/S                                0.750000    9.144193   -8.394193 (VIOLATED)
_3521_/S0                               0.750000    9.144180   -8.394179 (VIOLATED)
_3243_/S0                               0.750000    9.144154   -8.394154 (VIOLATED)
_3245_/S                                0.750000    9.144150   -8.394150 (VIOLATED)
_3247_/S                                0.750000    9.144140   -8.394140 (VIOLATED)
_3523_/S                                0.750000    9.144127   -8.394127 (VIOLATED)
_3524_/S                                0.750000    9.144128   -8.394128 (VIOLATED)
_3754_/S0                               0.750000    9.144129   -8.394129 (VIOLATED)
_3870_/S0                               0.750000    9.144120   -8.394120 (VIOLATED)
_3871_/S                                0.750000    9.144121   -8.394121 (VIOLATED)
_3873_/S                                0.750000    9.144117   -8.394117 (VIOLATED)
_3506_/S0                               0.750000    9.144107   -8.394107 (VIOLATED)
_3749_/S0                               0.750000    9.144114   -8.394114 (VIOLATED)
_3759_/S0                               0.750000    9.144105   -8.394105 (VIOLATED)
_3507_/S                                0.750000    9.144091   -8.394091 (VIOLATED)
_3508_/S                                0.750000    9.144088   -8.394088 (VIOLATED)
_3257_/S0                               0.750000    9.144042   -8.394042 (VIOLATED)
_3259_/S                                0.750000    9.144049   -8.394049 (VIOLATED)
_3260_/S                                0.750000    9.144040   -8.394040 (VIOLATED)
_3517_/S0                               0.750000    9.144020   -8.394020 (VIOLATED)
_3519_/S0                               0.750000    9.144019   -8.394019 (VIOLATED)
_3765_/S0                               0.750000    9.144015   -8.394015 (VIOLATED)
_3766_/S                                0.750000    9.144011   -8.394011 (VIOLATED)
_3755_/S                                0.750000    9.144000   -8.394000 (VIOLATED)
_3756_/S                                0.750000    9.144000   -8.393999 (VIOLATED)
_3767_/S                                0.750000    9.144008   -8.394008 (VIOLATED)
_3911_/S0                               0.750000    9.143994   -8.393994 (VIOLATED)
_3778_/S                                0.750000    9.143984   -8.393984 (VIOLATED)
_3658_/S0                               0.750000    9.143968   -8.393968 (VIOLATED)
_3750_/S                                0.750000    9.143972   -8.393972 (VIOLATED)
_3751_/S                                0.750000    9.143980   -8.393980 (VIOLATED)
_3761_/S                                0.750000    9.143957   -8.393957 (VIOLATED)
_3544_/S0                               0.750000    9.143948   -8.393947 (VIOLATED)
_3762_/S                                0.750000    9.143954   -8.393954 (VIOLATED)
_3545_/S                                0.750000    9.143946   -8.393946 (VIOLATED)
_3546_/S                                0.750000    9.143944   -8.393944 (VIOLATED)
_3804_/S0                               0.750000    9.143943   -8.393943 (VIOLATED)
_3799_/S0                               0.750000    9.143931   -8.393931 (VIOLATED)
_3805_/S0                               0.750000    9.143939   -8.393939 (VIOLATED)
_3407_/S0                               0.750000    9.143922   -8.393922 (VIOLATED)
_3409_/S0                               0.750000    9.143921   -8.393921 (VIOLATED)
_3659_/S                                0.750000    9.143929   -8.393929 (VIOLATED)
_3660_/S                                0.750000    9.143933   -8.393933 (VIOLATED)
_3801_/S                                0.750000    9.143925   -8.393925 (VIOLATED)
_3802_/S                                0.750000    9.143927   -8.393927 (VIOLATED)
_3907_/S                                0.750000    9.143929   -8.393929 (VIOLATED)
_3908_/S                                0.750000    9.143929   -8.393929 (VIOLATED)
_3397_/S                                0.750000    9.143909   -8.393909 (VIOLATED)
_3663_/S0                               0.750000    9.143902   -8.393902 (VIOLATED)
_3772_/S0                               0.750000    9.143909   -8.393909 (VIOLATED)
_3773_/S                                0.750000    9.143908   -8.393908 (VIOLATED)
_3774_/S                                0.750000    9.143908   -8.393908 (VIOLATED)
_3664_/S                                0.750000    9.143898   -8.393898 (VIOLATED)
_3905_/S0                               0.750000    9.143907   -8.393907 (VIOLATED)
_3652_/S0                               0.750000    9.143889   -8.393889 (VIOLATED)
_3665_/S                                0.750000    9.143896   -8.393895 (VIOLATED)
_3675_/S                                0.750000    9.143903   -8.393903 (VIOLATED)
_3732_/S                                0.750000    9.143886   -8.393886 (VIOLATED)
_3396_/S0                               0.750000    9.143876   -8.393876 (VIOLATED)
_3398_/S                                0.750000    9.143879   -8.393879 (VIOLATED)
_3447_/S0                               0.750000    9.143871   -8.393871 (VIOLATED)
_3777_/S0                               0.750000    9.143878   -8.393878 (VIOLATED)
_3797_/S0                               0.750000    9.143881   -8.393881 (VIOLATED)
_3427_/S                                0.750000    9.143860   -8.393860 (VIOLATED)
_3458_/S0                               0.750000    9.143867   -8.393867 (VIOLATED)
_3460_/S0                               0.750000    9.143865   -8.393865 (VIOLATED)
_3681_/S0                               0.750000    9.143868   -8.393868 (VIOLATED)
_3779_/S                                0.750000    9.143861   -8.393861 (VIOLATED)
_3426_/S                                0.750000    9.143848   -8.393848 (VIOLATED)
_3449_/S                                0.750000    9.143849   -8.393849 (VIOLATED)
_3653_/S                                0.750000    9.143852   -8.393852 (VIOLATED)
_3654_/S                                0.750000    9.143852   -8.393852 (VIOLATED)
_3682_/S                                0.750000    9.143858   -8.393857 (VIOLATED)
_3683_/S                                0.750000    9.143858   -8.393858 (VIOLATED)
_3698_/S0                               0.750000    9.143857   -8.393856 (VIOLATED)
_3450_/S                                0.750000    9.143844   -8.393844 (VIOLATED)
_3453_/S0                               0.750000    9.143845   -8.393845 (VIOLATED)
_3699_/S                                0.750000    9.143843   -8.393843 (VIOLATED)
_3700_/S                                0.750000    9.143843   -8.393843 (VIOLATED)
_3598_/S0                               0.750000    9.143826   -8.393826 (VIOLATED)
_3443_/S                                0.750000    9.143814   -8.393814 (VIOLATED)
_3444_/S                                0.750000    9.143820   -8.393820 (VIOLATED)
_3442_/S0                               0.750000    9.143765   -8.393765 (VIOLATED)
_3603_/S0                               0.750000    9.143765   -8.393765 (VIOLATED)
_3688_/S                                0.750000    9.143767   -8.393766 (VIOLATED)
_3689_/S                                0.750000    9.143767   -8.393767 (VIOLATED)
_3913_/S                                0.750000    9.143767   -8.393766 (VIOLATED)
_3915_/S                                0.750000    9.143769   -8.393769 (VIOLATED)
_3917_/S0                               0.750000    9.143776   -8.393776 (VIOLATED)
_3919_/S0                               0.750000    9.143774   -8.393774 (VIOLATED)
_3534_/S0                               0.750000    9.143755   -8.393755 (VIOLATED)
_3535_/S                                0.750000    9.143753   -8.393753 (VIOLATED)
_3536_/S                                0.750000    9.143753   -8.393753 (VIOLATED)
_3900_/S0                               0.750000    9.143757   -8.393757 (VIOLATED)
_3901_/S                                0.750000    9.143761   -8.393761 (VIOLATED)
_3902_/S                                0.750000    9.143755   -8.393755 (VIOLATED)
_3692_/S                                0.750000    9.143739   -8.393739 (VIOLATED)
_3795_/S0                               0.750000    9.143744   -8.393744 (VIOLATED)
_3808_/S0                               0.750000    9.143726   -8.393726 (VIOLATED)
_3541_/S                                0.750000    9.143703   -8.393703 (VIOLATED)
_3542_/S                                0.750000    9.143703   -8.393702 (VIOLATED)
_3585_/S                                0.750000    9.143694   -8.393694 (VIOLATED)
_3586_/S                                0.750000    9.143693   -8.393693 (VIOLATED)
_3599_/S0                               0.750000    9.143699   -8.393699 (VIOLATED)
_3605_/S                                0.750000    9.143696   -8.393696 (VIOLATED)
_3686_/S0                               0.750000    9.143694   -8.393694 (VIOLATED)
_3529_/S0                               0.750000    9.143684   -8.393684 (VIOLATED)
_3691_/S0                               0.750000    9.143690   -8.393690 (VIOLATED)
_3693_/S                                0.750000    9.143693   -8.393693 (VIOLATED)
_3530_/S                                0.750000    9.143682   -8.393682 (VIOLATED)
_3531_/S                                0.750000    9.143682   -8.393682 (VIOLATED)
_3539_/S0                               0.750000    9.143687   -8.393687 (VIOLATED)
_3604_/S                                0.750000    9.143681   -8.393681 (VIOLATED)
_3573_/S0                               0.750000    9.143663   -8.393662 (VIOLATED)
_3575_/S                                0.750000    9.143646   -8.393646 (VIOLATED)
_3648_/S0                               0.750000    9.143646   -8.393646 (VIOLATED)
_3650_/S0                               0.750000    9.143644   -8.393644 (VIOLATED)
_3809_/S                                0.750000    9.143649   -8.393649 (VIOLATED)
_3810_/S                                0.750000    9.143649   -8.393649 (VIOLATED)
_3574_/S                                0.750000    9.143634   -8.393634 (VIOLATED)
_3935_/S                                0.750000    9.143620   -8.393620 (VIOLATED)
_3934_/S0                               0.750000    9.143610   -8.393610 (VIOLATED)
_3936_/S                                0.750000    9.143603   -8.393603 (VIOLATED)
_3235_/B                                0.750000    9.143590   -8.393590 (VIOLATED)
_3422_/S                                0.750000    9.143586   -8.393586 (VIOLATED)
_3423_/S                                0.750000    9.143585   -8.393585 (VIOLATED)
_3425_/S0                               0.750000    9.143587   -8.393587 (VIOLATED)
_3924_/S0                               0.750000    9.143590   -8.393590 (VIOLATED)
_3925_/S                                0.750000    9.143591   -8.393591 (VIOLATED)
_3608_/S0                               0.750000    9.143581   -8.393581 (VIOLATED)
_3926_/S                                0.750000    9.143588   -8.393588 (VIOLATED)
_3610_/S                                0.750000    9.143579   -8.393579 (VIOLATED)
_3609_/S                                0.750000    9.143552   -8.393552 (VIOLATED)
_3478_/S0                               0.750000    9.143540   -8.393540 (VIOLATED)
_3480_/S                                0.750000    9.143541   -8.393541 (VIOLATED)
_3583_/S0                               0.750000    9.143544   -8.393544 (VIOLATED)
_3929_/S0                               0.750000    9.143542   -8.393542 (VIOLATED)
_3931_/S                                0.750000    9.143538   -8.393538 (VIOLATED)
_3932_/S                                0.750000    9.143538   -8.393538 (VIOLATED)
_3940_/S0                               0.750000    9.143525   -8.393525 (VIOLATED)
_3479_/S                                0.750000    9.143516   -8.393516 (VIOLATED)
_3468_/S0                               0.750000    9.143467   -8.393467 (VIOLATED)
_3473_/S0                               0.750000    9.143446   -8.393446 (VIOLATED)
_3288_/S0                               0.750000    9.143427   -8.393427 (VIOLATED)
_3469_/S0                               0.750000    9.143432   -8.393432 (VIOLATED)
_3236_/S0                               0.750000    9.143393   -8.393393 (VIOLATED)
_3250_/S0                               0.750000    9.143394   -8.393394 (VIOLATED)
_3237_/S                                0.750000    9.143385   -8.393385 (VIOLATED)
_3240_/S                                0.750000    9.143387   -8.393387 (VIOLATED)
_3251_/S                                0.750000    9.143388   -8.393388 (VIOLATED)
_3252_/S                                0.750000    9.143389   -8.393389 (VIOLATED)
_3367_/S                                0.750000    9.143383   -8.393383 (VIOLATED)
_3368_/S                                0.750000    9.143384   -8.393384 (VIOLATED)
_3782_/S0                               0.750000    9.143390   -8.393390 (VIOLATED)
_3373_/S0                               0.750000    9.143374   -8.393374 (VIOLATED)
_3668_/S0                               0.750000    9.143379   -8.393379 (VIOLATED)
_3783_/S                                0.750000    9.143381   -8.393381 (VIOLATED)
_3785_/S                                0.750000    9.143381   -8.393381 (VIOLATED)
_3788_/S0                               0.750000    9.143385   -8.393385 (VIOLATED)
_3465_/S0                               0.750000    9.143370   -8.393370 (VIOLATED)
_3669_/S                                0.750000    9.143366   -8.393365 (VIOLATED)
_3671_/S                                0.750000    9.143367   -8.393367 (VIOLATED)
_3674_/S0                               0.750000    9.143373   -8.393373 (VIOLATED)
_3789_/S                                0.750000    9.143373   -8.393373 (VIOLATED)
_3790_/S                                0.750000    9.143368   -8.393368 (VIOLATED)
_3290_/S                                0.750000    9.143353   -8.393352 (VIOLATED)
_3375_/S                                0.750000    9.143354   -8.393354 (VIOLATED)
_3676_/S                                0.750000    9.143357   -8.393357 (VIOLATED)
_3744_/S                                0.750000    9.143360   -8.393360 (VIOLATED)
_3737_/S                                0.750000    9.143343   -8.393343 (VIOLATED)
_3739_/S                                0.750000    9.143351   -8.393351 (VIOLATED)
_3743_/S                                0.750000    9.143349   -8.393349 (VIOLATED)
_3374_/S                                0.750000    9.143326   -8.393326 (VIOLATED)
_3726_/S0                               0.750000    9.143325   -8.393325 (VIOLATED)
_3378_/S0                               0.750000    9.143312   -8.393312 (VIOLATED)
_3727_/S                                0.750000    9.143311   -8.393311 (VIOLATED)
_3728_/S                                0.750000    9.143305   -8.393305 (VIOLATED)
_3352_/S0                               0.750000    9.143277   -8.393277 (VIOLATED)
_3820_/S0                               0.750000    9.143285   -8.393285 (VIOLATED)
_3411_/S0                               0.750000    9.143269   -8.393269 (VIOLATED)
_3413_/S                                0.750000    9.143267   -8.393267 (VIOLATED)
_3415_/S                                0.750000    9.143267   -8.393267 (VIOLATED)
_3437_/S                                0.750000    9.143268   -8.393268 (VIOLATED)
_3438_/S                                0.750000    9.143268   -8.393268 (VIOLATED)
_3403_/S                                0.750000    9.143257   -8.393257 (VIOLATED)
_3490_/S0                               0.750000    9.143265   -8.393265 (VIOLATED)
_3492_/S                                0.750000    9.143273   -8.393273 (VIOLATED)
_3644_/S                                0.750000    9.143263   -8.393262 (VIOLATED)
_3645_/S                                0.750000    9.143262   -8.393262 (VIOLATED)
_3401_/S0                               0.750000    9.143248   -8.393248 (VIOLATED)
_3402_/S                                0.750000    9.143254   -8.393254 (VIOLATED)
_3455_/S                                0.750000    9.143252   -8.393252 (VIOLATED)
_3456_/S                                0.750000    9.143252   -8.393252 (VIOLATED)
_3491_/S                                0.750000    9.143250   -8.393250 (VIOLATED)
_3642_/S0                               0.750000    9.143250   -8.393250 (VIOLATED)
_3485_/S0                               0.750000    9.143235   -8.393235 (VIOLATED)
_3578_/S0                               0.750000    9.143235   -8.393235 (VIOLATED)
_3579_/S                                0.750000    9.143235   -8.393235 (VIOLATED)
_3580_/S                                0.750000    9.143234   -8.393234 (VIOLATED)
_3637_/S0                               0.750000    9.143242   -8.393242 (VIOLATED)
_3638_/S                                0.750000    9.143247   -8.393247 (VIOLATED)
_3639_/S                                0.750000    9.143245   -8.393245 (VIOLATED)
_3731_/S0                               0.750000    9.143238   -8.393238 (VIOLATED)
_3733_/S                                0.750000    9.143238   -8.393238 (VIOLATED)
_3588_/S0                               0.750000    9.143226   -8.393226 (VIOLATED)
_3589_/S                                0.750000    9.143224   -8.393224 (VIOLATED)
_3590_/S                                0.750000    9.143222   -8.393222 (VIOLATED)
_3486_/S                                0.750000    9.143210   -8.393209 (VIOLATED)
_3487_/S                                0.750000    9.143216   -8.393216 (VIOLATED)
_3822_/S                                0.750000    9.143210   -8.393209 (VIOLATED)
_3942_/S                                0.750000    9.143211   -8.393211 (VIOLATED)
_3943_/S                                0.750000    9.143215   -8.393215 (VIOLATED)
_3474_/S                                0.750000    9.143185   -8.393185 (VIOLATED)
_3475_/S                                0.750000    9.143183   -8.393183 (VIOLATED)
_3331_/S0                               0.750000    9.143165   -8.393165 (VIOLATED)
_3333_/S                                0.750000    9.143148   -8.393148 (VIOLATED)
_3361_/S0                               0.750000    9.143147   -8.393147 (VIOLATED)
_3431_/S0                               0.750000    9.143146   -8.393145 (VIOLATED)
_3435_/S0                               0.750000    9.143148   -8.393148 (VIOLATED)
_3466_/S0                               0.750000    9.143155   -8.393155 (VIOLATED)
_3736_/S0                               0.750000    9.143151   -8.393151 (VIOLATED)
_3742_/S0                               0.750000    9.143152   -8.393152 (VIOLATED)
_3311_/S0                               0.750000    9.143128   -8.393128 (VIOLATED)
_3354_/S                                0.750000    9.143126   -8.393126 (VIOLATED)
_3495_/S0                               0.750000    9.143132   -8.393132 (VIOLATED)
_3499_/S0                               0.750000    9.143140   -8.393140 (VIOLATED)
_3497_/S0                               0.750000    9.143125   -8.393125 (VIOLATED)
_3265_/S0                               0.750000    9.143112   -8.393112 (VIOLATED)
_3312_/S                                0.750000    9.143117   -8.393117 (VIOLATED)
_3332_/S                                0.750000    9.143123   -8.393123 (VIOLATED)
_3313_/S                                0.750000    9.143111   -8.393111 (VIOLATED)
_3353_/S                                0.750000    9.143111   -8.393111 (VIOLATED)
_3432_/S0                               0.750000    9.143116   -8.393116 (VIOLATED)
_3500_/S                                0.750000    9.143114   -8.393114 (VIOLATED)
_3501_/S                                0.750000    9.143115   -8.393115 (VIOLATED)
_3266_/S                                0.750000    9.143103   -8.393103 (VIOLATED)
_3615_/S0                               0.750000    9.143110   -8.393110 (VIOLATED)
_3267_/S                                0.750000    9.143102   -8.393102 (VIOLATED)
_3617_/S                                0.750000    9.143107   -8.393107 (VIOLATED)
_3616_/S                                0.750000    9.143093   -8.393093 (VIOLATED)
_3362_/S                                0.750000    9.143084   -8.393084 (VIOLATED)
_3272_/S                                0.750000    9.143069   -8.393069 (VIOLATED)
_3273_/S                                0.750000    9.143069   -8.393069 (VIOLATED)
_3275_/S0                               0.750000    9.143074   -8.393074 (VIOLATED)
_3844_/S0                               0.750000    9.143075   -8.393075 (VIOLATED)
_3336_/S0                               0.750000    9.143065   -8.393065 (VIOLATED)
_3338_/S                                0.750000    9.143064   -8.393064 (VIOLATED)
_3363_/S                                0.750000    9.143071   -8.393071 (VIOLATED)
_3339_/S                                0.750000    9.143060   -8.393060 (VIOLATED)
_3630_/S                                0.750000    9.143066   -8.393066 (VIOLATED)
_3631_/S                                0.750000    9.143068   -8.393067 (VIOLATED)
_3551_/S0                               0.750000    9.143055   -8.393055 (VIOLATED)
_3276_/S                                0.750000    9.143044   -8.393044 (VIOLATED)
_3277_/S                                0.750000    9.143048   -8.393048 (VIOLATED)
_3847_/S                                0.750000    9.143043   -8.393042 (VIOLATED)
_3893_/S0                               0.750000    9.143034   -8.393034 (VIOLATED)
_3849_/S0                               0.750000    9.143017   -8.393016 (VIOLATED)
_3383_/S0                               0.750000    9.143004   -8.393004 (VIOLATED)
_3366_/S0                               0.750000    9.142995   -8.392995 (VIOLATED)
_3552_/S                                0.750000    9.143003   -8.393003 (VIOLATED)
_3595_/S0                               0.750000    9.143008   -8.393008 (VIOLATED)
_3596_/S0                               0.750000    9.143006   -8.393006 (VIOLATED)
_3846_/S                                0.750000    9.142999   -8.392999 (VIOLATED)
_3357_/S0                               0.750000    9.142984   -8.392984 (VIOLATED)
_3379_/S                                0.750000    9.142992   -8.392992 (VIOLATED)
_3380_/S                                0.750000    9.142993   -8.392993 (VIOLATED)
_3384_/S                                0.750000    9.143001   -8.393001 (VIOLATED)
_3386_/S                                0.750000    9.143003   -8.393003 (VIOLATED)
_3358_/S0                               0.750000    9.142964   -8.392964 (VIOLATED)
_3553_/S                                0.750000    9.142971   -8.392971 (VIOLATED)
_3705_/S0                               0.750000    9.142976   -8.392976 (VIOLATED)
_3706_/S                                0.750000    9.142963   -8.392963 (VIOLATED)
_3707_/S                                0.750000    9.142971   -8.392971 (VIOLATED)
_3821_/S                                0.750000    9.142954   -8.392954 (VIOLATED)
_3839_/S0                               0.750000    9.142952   -8.392952 (VIOLATED)
_3840_/S                                0.750000    9.142950   -8.392950 (VIOLATED)
_3841_/S                                0.750000    9.142950   -8.392950 (VIOLATED)
_3389_/S0                               0.750000    9.142941   -8.392941 (VIOLATED)
_3390_/S                                0.750000    9.142946   -8.392946 (VIOLATED)
_3391_/S                                0.750000    9.142945   -8.392945 (VIOLATED)
_3420_/S0                               0.750000    9.142953   -8.392953 (VIOLATED)
_3878_/S0                               0.750000    9.142949   -8.392949 (VIOLATED)
_3879_/S                                0.750000    9.142946   -8.392946 (VIOLATED)
_3880_/S                                0.750000    9.142948   -8.392948 (VIOLATED)
_3888_/S0                               0.750000    9.142944   -8.392944 (VIOLATED)
_3894_/S                                0.750000    9.142939   -8.392939 (VIOLATED)
_3289_/S                                0.750000    9.142929   -8.392929 (VIOLATED)
_3304_/S0                               0.750000    9.142928   -8.392928 (VIOLATED)
_3828_/S0                               0.750000    9.142926   -8.392925 (VIOLATED)
_3829_/S                                0.750000    9.142926   -8.392926 (VIOLATED)
_3895_/S                                0.750000    9.142933   -8.392933 (VIOLATED)
_3306_/S                                0.750000    9.142916   -8.392916 (VIOLATED)
_3307_/S                                0.750000    9.142923   -8.392923 (VIOLATED)
_3316_/S0                               0.750000    9.142910   -8.392910 (VIOLATED)
_3830_/S                                0.750000    9.142916   -8.392916 (VIOLATED)
_3317_/S                                0.750000    9.142896   -8.392896 (VIOLATED)
_3318_/S                                0.750000    9.142901   -8.392901 (VIOLATED)
_3270_/S0                               0.750000    9.142878   -8.392878 (VIOLATED)
_3281_/S0                               0.750000    9.142875   -8.392874 (VIOLATED)
_3825_/S0                               0.750000    9.142882   -8.392882 (VIOLATED)
_3283_/S                                0.750000    9.142870   -8.392870 (VIOLATED)
_3284_/S                                0.750000    9.142869   -8.392869 (VIOLATED)
_3629_/S0                               0.750000    9.142877   -8.392877 (VIOLATED)
_3342_/S0                               0.750000    9.142863   -8.392863 (VIOLATED)
_3298_/S0                               0.750000    9.142855   -8.392855 (VIOLATED)
_3343_/S0                               0.750000    9.142861   -8.392861 (VIOLATED)
_3345_/S0                               0.750000    9.142850   -8.392850 (VIOLATED)
_3346_/S                                0.750000    9.142857   -8.392857 (VIOLATED)
_3348_/S                                0.750000    9.142853   -8.392853 (VIOLATED)
_3620_/S0                               0.750000    9.142858   -8.392858 (VIOLATED)
_3621_/S                                0.750000    9.142859   -8.392859 (VIOLATED)
_3622_/S                                0.750000    9.142859   -8.392859 (VIOLATED)
_3625_/S0                               0.750000    9.142864   -8.392864 (VIOLATED)
_3627_/S0                               0.750000    9.142865   -8.392865 (VIOLATED)
_3826_/S0                               0.750000    9.142854   -8.392854 (VIOLATED)
_3836_/S0                               0.750000    9.142838   -8.392838 (VIOLATED)
_3850_/S                                0.750000    9.142822   -8.392821 (VIOLATED)
_3851_/S                                0.750000    9.142822   -8.392821 (VIOLATED)
_3556_/S0                               0.750000    9.142796   -8.392796 (VIOLATED)
_3890_/S                                0.750000    9.142803   -8.392803 (VIOLATED)
_3891_/S                                0.750000    9.142803   -8.392803 (VIOLATED)
_3299_/S                                0.750000    9.142784   -8.392783 (VIOLATED)
_3300_/S                                0.750000    9.142772   -8.392772 (VIOLATED)
_3558_/S                                0.750000    9.142756   -8.392756 (VIOLATED)
_3719_/S0                               0.750000    9.142745   -8.392745 (VIOLATED)
_3720_/S                                0.750000    9.142742   -8.392742 (VIOLATED)
_3721_/S                                0.750000    9.142745   -8.392744 (VIOLATED)
_3557_/S                                0.750000    9.142724   -8.392724 (VIOLATED)
_3324_/S0                               0.750000    9.142713   -8.392713 (VIOLATED)
_3815_/S0                               0.750000    9.142652   -8.392652 (VIOLATED)
_3325_/S                                0.750000    9.142635   -8.392635 (VIOLATED)
_3326_/S                                0.750000    9.142642   -8.392642 (VIOLATED)
_3817_/S                                0.750000    9.142593   -8.392593 (VIOLATED)
_3818_/S                                0.750000    9.142594   -8.392594 (VIOLATED)
_3715_/S0                               0.750000    9.142578   -8.392578 (VIOLATED)
_3561_/S0                               0.750000    9.142517   -8.392517 (VIOLATED)
_3293_/S0                               0.750000    9.142503   -8.392503 (VIOLATED)
_3295_/S                                0.750000    9.142500   -8.392499 (VIOLATED)
_3296_/S                                0.750000    9.142500   -8.392500 (VIOLATED)
_3835_/S0                               0.750000    9.142508   -8.392508 (VIOLATED)
_3883_/S0                               0.750000    9.142507   -8.392507 (VIOLATED)
_3884_/S                                0.750000    9.142506   -8.392506 (VIOLATED)
_3885_/S                                0.750000    9.142506   -8.392506 (VIOLATED)
_3321_/S0                               0.750000    9.142497   -8.392497 (VIOLATED)
_3322_/S0                               0.750000    9.142493   -8.392493 (VIOLATED)
_3566_/S0                               0.750000    9.142486   -8.392486 (VIOLATED)
_3567_/S                                0.750000    9.142485   -8.392485 (VIOLATED)
_3568_/S                                0.750000    9.142487   -8.392486 (VIOLATED)
_3717_/S0                               0.750000    9.142482   -8.392482 (VIOLATED)
_3563_/S                                0.750000    9.142471   -8.392471 (VIOLATED)
_3564_/S                                0.750000    9.142469   -8.392469 (VIOLATED)
_3710_/S0                               0.750000    9.142428   -8.392428 (VIOLATED)
_3711_/S                                0.750000    9.142378   -8.392378 (VIOLATED)
_3712_/S                                0.750000    9.142336   -8.392336 (VIOLATED)
rs2[0]                                  0.750000    9.142130   -8.392130 (VIOLATED)
_3815_/S1                               0.750000    3.459833   -2.709833 (VIOLATED)
_3556_/S1                               0.750000    3.459827   -2.709827 (VIOLATED)
_3561_/S1                               0.750000    3.459827   -2.709827 (VIOLATED)
_3710_/S1                               0.750000    3.459829   -2.709829 (VIOLATED)
_3719_/S1                               0.750000    3.459830   -2.709830 (VIOLATED)
_3715_/S1                               0.750000    3.459823   -2.709823 (VIOLATED)
_3826_/S1                               0.750000    3.459818   -2.709818 (VIOLATED)
_3825_/S1                               0.750000    3.459810   -2.709810 (VIOLATED)
_3566_/S1                               0.750000    3.459803   -2.709803 (VIOLATED)
_3717_/S1                               0.750000    3.459804   -2.709804 (VIOLATED)
_3322_/S1                               0.750000    3.459800   -2.709800 (VIOLATED)
_3321_/S1                               0.750000    3.459795   -2.709795 (VIOLATED)
_3324_/S1                               0.750000    3.459785   -2.709785 (VIOLATED)
_3551_/S1                               0.750000    3.459784   -2.709784 (VIOLATED)
_3316_/S1                               0.750000    3.459766   -2.709766 (VIOLATED)
_3705_/S1                               0.750000    3.459757   -2.709757 (VIOLATED)
_3311_/S1                               0.750000    3.459750   -2.709750 (VIOLATED)
_3820_/S1                               0.750000    3.459733   -2.709733 (VIOLATED)
_3304_/S1                               0.750000    3.459703   -2.709704 (VIOLATED)
_3288_/S1                               0.750000    3.459673   -2.709673 (VIOLATED)
_3361_/S1                               0.750000    3.459640   -2.709640 (VIOLATED)
_3828_/S1                               0.750000    3.459642   -2.709642 (VIOLATED)
_3352_/S1                               0.750000    3.459635   -2.709636 (VIOLATED)
_3465_/S1                               0.750000    3.459629   -2.709629 (VIOLATED)
_3466_/S1                               0.750000    3.459630   -2.709630 (VIOLATED)
_3473_/S1                               0.750000    3.459619   -2.709619 (VIOLATED)
_3878_/S1                               0.750000    3.459621   -2.709621 (VIOLATED)
_3940_/S1                               0.750000    3.459605   -2.709605 (VIOLATED)
_3373_/S1                               0.750000    3.459598   -2.709598 (VIOLATED)
_3468_/S1                               0.750000    3.459593   -2.709593 (VIOLATED)
_3469_/S1                               0.750000    3.459596   -2.709596 (VIOLATED)
_3839_/S1                               0.750000    3.459583   -2.709583 (VIOLATED)
_3293_/S1                               0.750000    3.459577   -2.709577 (VIOLATED)
_3929_/S1                               0.750000    3.459580   -2.709580 (VIOLATED)
_3298_/S1                               0.750000    3.459574   -2.709574 (VIOLATED)
_3835_/S1                               0.750000    3.459570   -2.709570 (VIOLATED)
_3883_/S1                               0.750000    3.459571   -2.709571 (VIOLATED)
_3420_/S1                               0.750000    3.459565   -2.709566 (VIOLATED)
_3836_/S1                               0.750000    3.459567   -2.709566 (VIOLATED)
_3888_/S1                               0.750000    3.459569   -2.709569 (VIOLATED)
_3849_/S1                               0.750000    3.459559   -2.709559 (VIOLATED)
_3893_/S1                               0.750000    3.459560   -2.709560 (VIOLATED)
_3934_/S1                               0.750000    3.459558   -2.709558 (VIOLATED)
_3583_/S1                               0.750000    3.459553   -2.709553 (VIOLATED)
_3844_/S1                               0.750000    3.459551   -2.709551 (VIOLATED)
_3401_/S1                               0.750000    3.459546   -2.709546 (VIOLATED)
_3578_/S1                               0.750000    3.459542   -2.709542 (VIOLATED)
_3588_/S1                               0.750000    3.459544   -2.709544 (VIOLATED)
_3637_/S1                               0.750000    3.459544   -2.709545 (VIOLATED)
_3275_/S1                               0.750000    3.459532   -2.709533 (VIOLATED)
_3442_/S1                               0.750000    3.459534   -2.709534 (VIOLATED)
_3691_/S1                               0.750000    3.459532   -2.709533 (VIOLATED)
_3331_/S1                               0.750000    3.459506   -2.709507 (VIOLATED)
_3686_/S1                               0.750000    3.459509   -2.709509 (VIOLATED)
_3425_/S1                               0.750000    3.459496   -2.709496 (VIOLATED)
_3650_/S1                               0.750000    3.459463   -2.709463 (VIOLATED)
_3485_/S1                               0.750000    3.459459   -2.709459 (VIOLATED)
_3389_/S1                               0.750000    3.459423   -2.709423 (VIOLATED)
_3358_/S1                               0.750000    3.459418   -2.709419 (VIOLATED)
_3357_/S1                               0.750000    3.459415   -2.709415 (VIOLATED)
_3447_/S1                               0.750000    3.459417   -2.709417 (VIOLATED)
_3366_/S1                               0.750000    3.459408   -2.709408 (VIOLATED)
_3396_/S1                               0.750000    3.459408   -2.709407 (VIOLATED)
_3731_/S1                               0.750000    3.459403   -2.709403 (VIOLATED)
_3378_/S1                               0.750000    3.459394   -2.709394 (VIOLATED)
_3383_/S1                               0.750000    3.459395   -2.709395 (VIOLATED)
_3596_/S1                               0.750000    3.459388   -2.709388 (VIOLATED)
_3478_/S1                               0.750000    3.459370   -2.709371 (VIOLATED)
_3595_/S1                               0.750000    3.459373   -2.709372 (VIOLATED)
_3652_/S1                               0.750000    3.459368   -2.709368 (VIOLATED)
_3342_/S1                               0.750000    3.459360   -2.709360 (VIOLATED)
_3343_/S1                               0.750000    3.459361   -2.709361 (VIOLATED)
_3345_/S1                               0.750000    3.459357   -2.709357 (VIOLATED)
_3625_/S1                               0.750000    3.459360   -2.709359 (VIOLATED)
_3620_/S1                               0.750000    3.459355   -2.709355 (VIOLATED)
_3627_/S1                               0.750000    3.459354   -2.709354 (VIOLATED)
_3924_/S1                               0.750000    3.459354   -2.709354 (VIOLATED)
_3238_/B                                0.750000    3.459350   -2.709350 (VIOLATED)
_3233_/A                                0.750000    3.459345   -2.709345 (VIOLATED)
_3599_/S1                               0.750000    3.459339   -2.709339 (VIOLATED)
_3336_/S1                               0.750000    3.459335   -2.709335 (VIOLATED)
_3234_/A                                0.750000    3.459331   -2.709332 (VIOLATED)
_3239_/B                                0.750000    3.459333   -2.709333 (VIOLATED)
_3797_/S1                               0.750000    3.459332   -2.709332 (VIOLATED)
_3265_/S1                               0.750000    3.459320   -2.709320 (VIOLATED)
_3615_/S1                               0.750000    3.459304   -2.709304 (VIOLATED)
_3529_/S1                               0.750000    3.459300   -2.709300 (VIOLATED)
_3490_/S1                               0.750000    3.459287   -2.709288 (VIOLATED)
_3663_/S1                               0.750000    3.459284   -2.709284 (VIOLATED)
_3795_/S1                               0.750000    3.459283   -2.709283 (VIOLATED)
_3539_/S1                               0.750000    3.459269   -2.709269 (VIOLATED)
_3573_/S1                               0.750000    3.459270   -2.709270 (VIOLATED)
_3648_/S1                               0.750000    3.459269   -2.709268 (VIOLATED)
_3726_/S1                               0.750000    3.459260   -2.709260 (VIOLATED)
_3808_/S1                               0.750000    3.459263   -2.709263 (VIOLATED)
_3900_/S1                               0.750000    3.459208   -2.709208 (VIOLATED)
_3772_/S1                               0.750000    3.459124   -2.709124 (VIOLATED)
_3759_/S1                               0.750000    3.459080   -2.709080 (VIOLATED)
_3603_/S1                               0.750000    3.459070   -2.709070 (VIOLATED)
_3608_/S1                               0.750000    3.459072   -2.709072 (VIOLATED)
_3598_/S1                               0.750000    3.459067   -2.709067 (VIOLATED)
_3749_/S1                               0.750000    3.459069   -2.709069 (VIOLATED)
_3777_/S1                               0.750000    3.459058   -2.709058 (VIOLATED)
_3905_/S1                               0.750000    3.459050   -2.709050 (VIOLATED)
_3257_/S1                               0.750000    3.459040   -2.709041 (VIOLATED)
_3658_/S1                               0.750000    3.459042   -2.709042 (VIOLATED)
_3506_/S1                               0.750000    3.459032   -2.709032 (VIOLATED)
_3870_/S1                               0.750000    3.458981   -2.708981 (VIOLATED)
_3243_/S1                               0.750000    3.458905   -2.708905 (VIOLATED)
_3521_/S1                               0.750000    3.458855   -2.708854 (VIOLATED)
_3856_/S1                               0.750000    3.458765   -2.708764 (VIOLATED)
_3270_/S1                               0.750000    3.458705   -2.708705 (VIOLATED)
_3281_/S1                               0.750000    3.458708   -2.708708 (VIOLATED)
_3629_/S1                               0.750000    3.458707   -2.708707 (VIOLATED)
_3495_/S1                               0.750000    3.458702   -2.708702 (VIOLATED)
_3497_/S1                               0.750000    3.458703   -2.708703 (VIOLATED)
_3499_/S1                               0.750000    3.458697   -2.708696 (VIOLATED)
_3431_/S1                               0.750000    3.458691   -2.708691 (VIOLATED)
_3432_/S1                               0.750000    3.458692   -2.708692 (VIOLATED)
_3435_/S1                               0.750000    3.458684   -2.708684 (VIOLATED)
_3736_/S1                               0.750000    3.458676   -2.708677 (VIOLATED)
_3742_/S1                               0.750000    3.458669   -2.708669 (VIOLATED)
_3674_/S1                               0.750000    3.458660   -2.708660 (VIOLATED)
_3668_/S1                               0.750000    3.458651   -2.708651 (VIOLATED)
_3788_/S1                               0.750000    3.458642   -2.708642 (VIOLATED)
_3782_/S1                               0.750000    3.458631   -2.708631 (VIOLATED)
_3236_/S1                               0.750000    3.458616   -2.708616 (VIOLATED)
_3250_/S1                               0.750000    3.458600   -2.708601 (VIOLATED)
_3411_/S1                               0.750000    3.458555   -2.708555 (VIOLATED)
_3453_/S1                               0.750000    3.458554   -2.708554 (VIOLATED)
_3642_/S1                               0.750000    3.458556   -2.708557 (VIOLATED)
_3698_/S1                               0.750000    3.458553   -2.708553 (VIOLATED)
_3458_/S1                               0.750000    3.458546   -2.708546 (VIOLATED)
_3460_/S1                               0.750000    3.458549   -2.708549 (VIOLATED)
_3409_/S1                               0.750000    3.458539   -2.708539 (VIOLATED)
_3681_/S1                               0.750000    3.458542   -2.708542 (VIOLATED)
_3407_/S1                               0.750000    3.458536   -2.708536 (VIOLATED)
_3861_/S1                               0.750000    3.458531   -2.708531 (VIOLATED)
_3804_/S1                               0.750000    3.458528   -2.708528 (VIOLATED)
_3805_/S1                               0.750000    3.458530   -2.708530 (VIOLATED)
_3534_/S1                               0.750000    3.458520   -2.708520 (VIOLATED)
_3799_/S1                               0.750000    3.458520   -2.708521 (VIOLATED)
_3544_/S1                               0.750000    3.458515   -2.708515 (VIOLATED)
_3919_/S1                               0.750000    3.458509   -2.708509 (VIOLATED)
_3911_/S1                               0.750000    3.458501   -2.708502 (VIOLATED)
_3917_/S1                               0.750000    3.458503   -2.708503 (VIOLATED)
_3765_/S1                               0.750000    3.458485   -2.708486 (VIOLATED)
_3754_/S1                               0.750000    3.458482   -2.708483 (VIOLATED)
_3519_/S1                               0.750000    3.458473   -2.708473 (VIOLATED)
_3517_/S1                               0.750000    3.458463   -2.708463 (VIOLATED)
_3511_/S1                               0.750000    3.458446   -2.708447 (VIOLATED)
_3868_/S1                               0.750000    3.458428   -2.708428 (VIOLATED)
_3866_/S1                               0.750000    3.458424   -2.708424 (VIOLATED)
rs2[1]                                  0.750000    3.458291   -2.708291 (VIOLATED)
_3102_/S1                               0.750000    3.101786   -2.351786 (VIOLATED)
_2648_/S1                               0.750000    3.101780   -2.351781 (VIOLATED)
_2838_/S1                               0.750000    3.101780   -2.351780 (VIOLATED)
_2986_/S1                               0.750000    3.101782   -2.351782 (VIOLATED)
_2991_/S1                               0.750000    3.101784   -2.351784 (VIOLATED)
_3107_/S1                               0.750000    3.101779   -2.351779 (VIOLATED)
_3001_/S1                               0.750000    3.101776   -2.351776 (VIOLATED)
_2625_/S1                               0.750000    3.101764   -2.351764 (VIOLATED)
_3097_/S1                               0.750000    3.101760   -2.351760 (VIOLATED)
_2827_/S1                               0.750000    3.101757   -2.351757 (VIOLATED)
_2635_/S1                               0.750000    3.101754   -2.351754 (VIOLATED)
_2575_/S1                               0.750000    3.101748   -2.351748 (VIOLATED)
_2843_/S1                               0.750000    3.101750   -2.351750 (VIOLATED)
_2591_/S1                               0.750000    3.101744   -2.351744 (VIOLATED)
_2833_/S1                               0.750000    3.101746   -2.351746 (VIOLATED)
_2746_/S1                               0.750000    3.101739   -2.351739 (VIOLATED)
_2580_/S1                               0.750000    3.101733   -2.351733 (VIOLATED)
_2996_/S1                               0.750000    3.101727   -2.351727 (VIOLATED)
_2586_/S1                               0.750000    3.101722   -2.351722 (VIOLATED)
_2741_/S1                               0.750000    3.101724   -2.351724 (VIOLATED)
_3113_/S1                               0.750000    3.101710   -2.351710 (VIOLATED)
_3214_/S1                               0.750000    3.101707   -2.351707 (VIOLATED)
_2556_/S1                               0.750000    3.101689   -2.351690 (VIOLATED)
_2653_/S1                               0.750000    3.101690   -2.351691 (VIOLATED)
_2736_/S1                               0.750000    3.101686   -2.351686 (VIOLATED)
_3209_/S1                               0.750000    3.101673   -2.351673 (VIOLATED)
_2551_/S1                               0.750000    3.101670   -2.351671 (VIOLATED)
_3225_/S1                               0.750000    3.101647   -2.351647 (VIOLATED)
_2676_/S1                               0.750000    3.101640   -2.351640 (VIOLATED)
_2850_/S1                               0.750000    3.101642   -2.351642 (VIOLATED)
_2923_/S1                               0.750000    3.101642   -2.351642 (VIOLATED)
_2928_/S1                               0.750000    3.101637   -2.351637 (VIOLATED)
_2568_/S1                               0.750000    3.101634   -2.351634 (VIOLATED)
_2562_/S1                               0.750000    3.101630   -2.351630 (VIOLATED)
_2860_/S1                               0.750000    3.101632   -2.351632 (VIOLATED)
_2865_/S1                               0.750000    3.101634   -2.351634 (VIOLATED)
_3164_/S1                               0.750000    3.101630   -2.351630 (VIOLATED)
_3136_/S1                               0.750000    3.101627   -2.351627 (VIOLATED)
_3169_/S1                               0.750000    3.101628   -2.351628 (VIOLATED)
_2610_/S1                               0.750000    3.101624   -2.351624 (VIOLATED)
_3174_/S1                               0.750000    3.101625   -2.351626 (VIOLATED)
_2713_/S1                               0.750000    3.101622   -2.351622 (VIOLATED)
_2963_/S1                               0.750000    3.101620   -2.351620 (VIOLATED)
_2609_/S1                               0.750000    3.101617   -2.351617 (VIOLATED)
_2895_/S1                               0.750000    3.101615   -2.351614 (VIOLATED)
_3180_/S1                               0.750000    3.101616   -2.351616 (VIOLATED)
_3120_/S1                               0.750000    3.101607   -2.351607 (VIOLATED)
_3125_/S1                               0.750000    3.101609   -2.351609 (VIOLATED)
_3130_/S1                               0.750000    3.101602   -2.351602 (VIOLATED)
_2532_/S1                               0.750000    3.101595   -2.351595 (VIOLATED)
_2979_/S1                               0.750000    3.101590   -2.351590 (VIOLATED)
_2701_/S1                               0.750000    3.101586   -2.351586 (VIOLATED)
_2496_/A                                0.750000    3.101562   -2.351562 (VIOLATED)
_2497_/A                                0.750000    3.101562   -2.351562 (VIOLATED)
_2502_/B                                0.750000    3.101561   -2.351561 (VIOLATED)
_2503_/B                                0.750000    3.101562   -2.351562 (VIOLATED)
_2613_/S1                               0.750000    3.101562   -2.351562 (VIOLATED)
_3219_/S1                               0.750000    3.101557   -2.351557 (VIOLATED)
_2855_/S1                               0.750000    3.101548   -2.351548 (VIOLATED)
_2689_/S1                               0.750000    3.101529   -2.351529 (VIOLATED)
_2918_/S1                               0.750000    3.101517   -2.351517 (VIOLATED)
_2769_/S1                               0.750000    3.101504   -2.351504 (VIOLATED)
_2724_/S1                               0.750000    3.101474   -2.351474 (VIOLATED)
_2933_/S1                               0.750000    3.101475   -2.351475 (VIOLATED)
_2682_/S1                               0.750000    3.101471   -2.351471 (VIOLATED)
_3018_/S1                               0.750000    3.101445   -2.351445 (VIOLATED)
_3080_/S1                               0.750000    3.101412   -2.351412 (VIOLATED)
_3091_/S1                               0.750000    3.101413   -2.351413 (VIOLATED)
_2815_/S1                               0.750000    3.101372   -2.351372 (VIOLATED)
_2820_/S1                               0.750000    3.101373   -2.351373 (VIOLATED)
_2956_/S1                               0.750000    3.101340   -2.351340 (VIOLATED)
_3187_/S1                               0.750000    3.101326   -2.351326 (VIOLATED)
_2527_/S1                               0.750000    3.101320   -2.351320 (VIOLATED)
_2598_/S1                               0.750000    3.101321   -2.351321 (VIOLATED)
_2900_/S1                               0.750000    3.101316   -2.351316 (VIOLATED)
_2764_/S1                               0.750000    3.101311   -2.351311 (VIOLATED)
_3024_/S1                               0.750000    3.101301   -2.351301 (VIOLATED)
_2620_/S1                               0.750000    3.101289   -2.351289 (VIOLATED)
_2630_/S1                               0.750000    3.101290   -2.351290 (VIOLATED)
_2659_/S1                               0.750000    3.101286   -2.351286 (VIOLATED)
_2643_/S1                               0.750000    3.101282   -2.351281 (VIOLATED)
_2752_/S1                               0.750000    3.101275   -2.351275 (VIOLATED)
_2872_/S1                               0.750000    3.101269   -2.351269 (VIOLATED)
_2877_/S1                               0.750000    3.101256   -2.351256 (VIOLATED)
_2888_/S1                               0.750000    3.101258   -2.351258 (VIOLATED)
_3043_/S1                               0.750000    3.101257   -2.351258 (VIOLATED)
_2882_/S1                               0.750000    3.101250   -2.351250 (VIOLATED)
_3068_/S1                               0.750000    3.101219   -2.351219 (VIOLATED)
_3045_/S1                               0.750000    3.101214   -2.351214 (VIOLATED)
_3062_/S1                               0.750000    3.101198   -2.351197 (VIOLATED)
_3192_/S1                               0.750000    3.101199   -2.351199 (VIOLATED)
_3041_/S1                               0.750000    3.101184   -2.351184 (VIOLATED)
_2519_/S1                               0.750000    3.101172   -2.351173 (VIOLATED)
_2945_/S1                               0.750000    3.101175   -2.351174 (VIOLATED)
_2787_/S1                               0.750000    3.101158   -2.351158 (VIOLATED)
_3143_/S1                               0.750000    3.101102   -2.351103 (VIOLATED)
_2501_/S1                               0.750000    3.101020   -2.351020 (VIOLATED)
_2798_/S1                               0.750000    3.100984   -2.350984 (VIOLATED)
_3157_/S1                               0.750000    3.100892   -2.350892 (VIOLATED)
_2603_/S1                               0.750000    3.100881   -2.350881 (VIOLATED)
_2911_/S1                               0.750000    3.100880   -2.350880 (VIOLATED)
_2543_/S1                               0.750000    3.100874   -2.350874 (VIOLATED)
_2906_/S1                               0.750000    3.100870   -2.350870 (VIOLATED)
_2538_/S1                               0.750000    3.100867   -2.350867 (VIOLATED)
_2775_/S1                               0.750000    3.100860   -2.350860 (VIOLATED)
_2759_/S1                               0.750000    3.100852   -2.350852 (VIOLATED)
_2695_/S1                               0.750000    3.100845   -2.350845 (VIOLATED)
_2706_/S1                               0.750000    3.100837   -2.350837 (VIOLATED)
_3013_/S1                               0.750000    3.100829   -2.350829 (VIOLATED)
_3008_/S1                               0.750000    3.100821   -2.350821 (VIOLATED)
_2940_/S1                               0.750000    3.100812   -2.350812 (VIOLATED)
_2950_/S1                               0.750000    3.100802   -2.350802 (VIOLATED)
_3057_/S1                               0.750000    3.100791   -2.350792 (VIOLATED)
_3052_/S1                               0.750000    3.100780   -2.350780 (VIOLATED)
_2508_/S1                               0.750000    3.100764   -2.350764 (VIOLATED)
_2513_/S1                               0.750000    3.100748   -2.350748 (VIOLATED)
_3148_/S1                               0.750000    3.100687   -2.350687 (VIOLATED)
_2671_/S1                               0.750000    3.100671   -2.350671 (VIOLATED)
_2729_/S1                               0.750000    3.100671   -2.350670 (VIOLATED)
_2973_/S1                               0.750000    3.100669   -2.350670 (VIOLATED)
_2718_/S1                               0.750000    3.100666   -2.350666 (VIOLATED)
_2968_/S1                               0.750000    3.100664   -2.350665 (VIOLATED)
_2666_/S1                               0.750000    3.100660   -2.350660 (VIOLATED)
_3086_/S1                               0.750000    3.100655   -2.350654 (VIOLATED)
_2810_/S1                               0.750000    3.100647   -2.350647 (VIOLATED)
_3202_/S1                               0.750000    3.100640   -2.350640 (VIOLATED)
_2805_/S1                               0.750000    3.100633   -2.350633 (VIOLATED)
_3075_/S1                               0.750000    3.100634   -2.350634 (VIOLATED)
_3197_/S1                               0.750000    3.100631   -2.350631 (VIOLATED)
_3031_/S1                               0.750000    3.100620   -2.350620 (VIOLATED)
_3036_/S1                               0.750000    3.100617   -2.350617 (VIOLATED)
_2782_/S1                               0.750000    3.100602   -2.350602 (VIOLATED)
_2792_/S1                               0.750000    3.100598   -2.350598 (VIOLATED)
_3153_/S1                               0.750000    3.100580   -2.350580 (VIOLATED)
_3155_/S1                               0.750000    3.100582   -2.350582 (VIOLATED)
rs1[1]                                  0.750000    3.100452   -2.350452 (VIOLATED)
_2786_/A1                               0.750000    2.235476   -1.485476 (VIOLATED)
_2802_/A1                               0.750000    2.235476   -1.485476 (VIOLATED)
_3147_/A1                               0.750000    2.235476   -1.485476 (VIOLATED)
_2507_/A1                               0.750000    2.235474   -1.485474 (VIOLATED)
_2547_/A1                               0.750000    2.235475   -1.485475 (VIOLATED)
_2535_/B2                               0.750000    2.235473   -1.485473 (VIOLATED)
_2910_/A1                               0.750000    2.235474   -1.485474 (VIOLATED)
_2915_/A1                               0.750000    2.235475   -1.485475 (VIOLATED)
_2763_/A1                               0.750000    2.235472   -1.485472 (VIOLATED)
_2779_/A1                               0.750000    2.235472   -1.485473 (VIOLATED)
_3056_/A1                               0.750000    2.235473   -1.485473 (VIOLATED)
_3124_/A1                               0.750000    2.235472   -1.485472 (VIOLATED)
_3140_/A1                               0.750000    2.235472   -1.485472 (VIOLATED)
_2560_/B2                               0.750000    2.235470   -1.485470 (VIOLATED)
_2944_/A1                               0.750000    2.235470   -1.485470 (VIOLATED)
_3012_/A1                               0.750000    2.235471   -1.485471 (VIOLATED)
_3028_/A1                               0.750000    2.235471   -1.485471 (VIOLATED)
_2959_/B2                               0.750000    2.235468   -1.485468 (VIOLATED)
_3184_/A1                               0.750000    2.235469   -1.485469 (VIOLATED)
_2809_/A1                               0.750000    2.235466   -1.485467 (VIOLATED)
_2830_/A                                0.750000    2.235467   -1.485467 (VIOLATED)
_3035_/A1                               0.750000    2.235467   -1.485467 (VIOLATED)
_3101_/A1                               0.750000    2.235466   -1.485467 (VIOLATED)
_3117_/A1                               0.750000    2.235466   -1.485466 (VIOLATED)
_3167_/B2                               0.750000    2.235468   -1.485468 (VIOLATED)
_3191_/A1                               0.750000    2.235467   -1.485467 (VIOLATED)
_2647_/A1                               0.750000    2.235465   -1.485465 (VIOLATED)
_2663_/A1                               0.750000    2.235465   -1.485465 (VIOLATED)
_2670_/A1                               0.750000    2.235466   -1.485466 (VIOLATED)
_2686_/A1                               0.750000    2.235466   -1.485466 (VIOLATED)
_2693_/A1                               0.750000    2.235466   -1.485466 (VIOLATED)
_2740_/A1                               0.750000    2.235466   -1.485466 (VIOLATED)
_2756_/A1                               0.750000    2.235465   -1.485465 (VIOLATED)
_2854_/A1                               0.750000    2.235465   -1.485465 (VIOLATED)
_2892_/A1                               0.750000    2.235465   -1.485465 (VIOLATED)
_2967_/A1                               0.750000    2.235465   -1.485465 (VIOLATED)
_2983_/A1                               0.750000    2.235465   -1.485465 (VIOLATED)
_3213_/A1                               0.750000    2.235466   -1.485466 (VIOLATED)
_3228_/B2                               0.750000    2.235466   -1.485466 (VIOLATED)
_2496_/Y                                0.750000    2.235462   -1.485462 (VIOLATED)
_2875_/B2                               0.750000    2.235462   -1.485462 (VIOLATED)
_2922_/A1                               0.750000    2.235462   -1.485462 (VIOLATED)
_3072_/A1                               0.750000    2.235462   -1.485462 (VIOLATED)
_2841_/A1                               0.750000    2.037376   -1.287376 (VIOLATED)
_2847_/A1                               0.750000    2.037375   -1.287375 (VIOLATED)
_3004_/A1                               0.750000    2.037376   -1.287376 (VIOLATED)
_2579_/A1                               0.750000    2.037374   -1.287374 (VIOLATED)
_2570_/A1                               0.750000    2.037372   -1.287372 (VIOLATED)
_2674_/A1                               0.750000    2.037371   -1.287371 (VIOLATED)
_2864_/A1                               0.750000    2.037372   -1.287372 (VIOLATED)
_2868_/A1                               0.750000    2.037372   -1.287372 (VIOLATED)
_3128_/B2                               0.750000    2.037372   -1.287372 (VIOLATED)
_3172_/A1                               0.750000    2.037372   -1.287372 (VIOLATED)
_2680_/A1                               0.750000    2.037370   -1.287370 (VIOLATED)
_2722_/A1                               0.750000    2.037371   -1.287371 (VIOLATED)
_2733_/A1                               0.750000    2.037371   -1.287371 (VIOLATED)
_2926_/A1                               0.750000    2.037370   -1.287370 (VIOLATED)
_2932_/A1                               0.750000    2.037371   -1.287372 (VIOLATED)
_3178_/A1                               0.750000    2.037371   -1.287372 (VIOLATED)
_2565_/B2                               0.750000    2.037369   -1.287369 (VIOLATED)
_2606_/B2                               0.750000    2.037369   -1.287369 (VIOLATED)
_2898_/B2                               0.750000    2.037369   -1.287369 (VIOLATED)
_2936_/A1                               0.750000    2.037368   -1.287368 (VIOLATED)
_2972_/B2                               0.750000    2.037369   -1.287369 (VIOLATED)
_2976_/B2                               0.750000    2.037370   -1.287370 (VIOLATED)
_2542_/B2                               0.750000    2.037367   -1.287367 (VIOLATED)
_2601_/B2                               0.750000    2.037367   -1.287367 (VIOLATED)
_2716_/A1                               0.750000    2.037368   -1.287368 (VIOLATED)
_2530_/B2                               0.750000    2.037365   -1.287365 (VIOLATED)
_2727_/A1                               0.750000    2.037366   -1.287366 (VIOLATED)
_2903_/B2                               0.750000    2.037364   -1.287364 (VIOLATED)
_2616_/B2                               0.750000    2.037360   -1.287360 (VIOLATED)
_2767_/B2                               0.750000    2.037361   -1.287361 (VIOLATED)
_2773_/B2                               0.750000    2.037360   -1.287360 (VIOLATED)
_2813_/B2                               0.750000    2.037360   -1.287360 (VIOLATED)
_2554_/B2                               0.750000    2.037358   -1.287358 (VIOLATED)
_2796_/B2                               0.750000    2.037359   -1.287359 (VIOLATED)
_3078_/A1                               0.750000    2.037359   -1.287359 (VIOLATED)
_3089_/B2                               0.750000    2.037360   -1.287360 (VIOLATED)
_3160_/A1                               0.750000    2.037359   -1.287359 (VIOLATED)
_2990_/B2                               0.750000    2.037358   -1.287357 (VIOLATED)
_2704_/B2                               0.750000    2.037356   -1.287356 (VIOLATED)
_2994_/A1                               0.750000    2.037357   -1.287357 (VIOLATED)
_3039_/A1                               0.750000    2.037358   -1.287358 (VIOLATED)
_3094_/A1                               0.750000    2.037358   -1.287358 (VIOLATED)
_3048_/A1                               0.750000    2.037357   -1.287357 (VIOLATED)
_3105_/A1                               0.750000    2.037357   -1.287357 (VIOLATED)
_2628_/B2                               0.750000    2.037354   -1.287355 (VIOLATED)
_3084_/A1                               0.750000    2.037355   -1.287355 (VIOLATED)
_3111_/A1                               0.750000    2.037356   -1.287356 (VIOLATED)
_3134_/A1                               0.750000    2.037355   -1.287355 (VIOLATED)
_3201_/A1                               0.750000    2.037356   -1.287356 (VIOLATED)
_3205_/A1                               0.750000    2.037356   -1.287356 (VIOLATED)
_2523_/B2                               0.750000    2.037353   -1.287353 (VIOLATED)
_2583_/A1                               0.750000    2.037353   -1.287353 (VIOLATED)
_2639_/B2                               0.750000    2.037354   -1.287354 (VIOLATED)
_2744_/A1                               0.750000    2.037354   -1.287354 (VIOLATED)
_2590_/A1                               0.750000    2.037352   -1.287352 (VIOLATED)
_2594_/A1                               0.750000    2.037353   -1.287353 (VIOLATED)
_2750_/A1                               0.750000    2.037353   -1.287353 (VIOLATED)
_2790_/A1                               0.750000    2.037353   -1.287353 (VIOLATED)
_3195_/A1                               0.750000    2.037352   -1.287352 (VIOLATED)
_2652_/A1                               0.750000    2.037351   -1.287351 (VIOLATED)
_2656_/A1                               0.750000    2.037351   -1.287351 (VIOLATED)
_2836_/A1                               0.750000    2.037351   -1.287351 (VIOLATED)
_2999_/B2                               0.750000    2.037350   -1.287350 (VIOLATED)
_2511_/A1                               0.750000    2.037349   -1.287349 (VIOLATED)
_2518_/B2                               0.750000    2.037349   -1.287349 (VIOLATED)
_3151_/A1                               0.750000    2.037349   -1.287349 (VIOLATED)
_2623_/A1                               0.750000    2.037348   -1.287348 (VIOLATED)
_2634_/A1                               0.750000    2.037349   -1.287349 (VIOLATED)
_2698_/B2                               0.750000    2.037348   -1.287348 (VIOLATED)
_2709_/B2                               0.750000    2.037348   -1.287348 (VIOLATED)
_3016_/A1                               0.750000    2.037348   -1.287348 (VIOLATED)
_2819_/B2                               0.750000    2.037346   -1.287346 (VIOLATED)
_2953_/A1                               0.750000    2.037347   -1.287347 (VIOLATED)
_3061_/B2                               0.750000    2.037348   -1.287347 (VIOLATED)
_2880_/A1                               0.750000    2.037344   -1.287344 (VIOLATED)
_3065_/A1                               0.750000    2.037345   -1.287345 (VIOLATED)
_3022_/B2                               0.750000    2.037343   -1.287343 (VIOLATED)
_2886_/B2                               0.750000    2.037341   -1.287341 (VIOLATED)
_2949_/B2                               0.750000    2.037342   -1.287342 (VIOLATED)
_3218_/B2                               0.750000    2.037341   -1.287341 (VIOLATED)
_2503_/Y                                0.750000    2.037338   -1.287338 (VIOLATED)
_2823_/B2                               0.750000    2.037338   -1.287338 (VIOLATED)
_2858_/A1                               0.750000    2.037338   -1.287338 (VIOLATED)
_3222_/A1                               0.750000    2.037338   -1.287338 (VIOLATED)
_4916_/A2                               0.750000    2.033381   -1.283380 (VIOLATED)
_4917_/A2                               0.750000    2.033381   -1.283381 (VIOLATED)
_4943_/A2                               0.750000    2.033379   -1.283379 (VIOLATED)
_4928_/A2                               0.750000    2.033377   -1.283377 (VIOLATED)
_4935_/A2                               0.750000    2.033377   -1.283377 (VIOLATED)
_4940_/A2                               0.750000    2.033376   -1.283376 (VIOLATED)
_4941_/A2                               0.750000    2.033376   -1.283376 (VIOLATED)
_4918_/A2                               0.750000    2.033373   -1.283373 (VIOLATED)
_4919_/A2                               0.750000    2.033372   -1.283372 (VIOLATED)
_4931_/A2                               0.750000    2.033371   -1.283372 (VIOLATED)
_4915_/A2                               0.750000    2.033370   -1.283370 (VIOLATED)
_4924_/A2                               0.750000    2.033370   -1.283370 (VIOLATED)
_4945_/A2                               0.750000    2.033370   -1.283370 (VIOLATED)
_4923_/A2                               0.750000    2.033369   -1.283369 (VIOLATED)
_4920_/A2                               0.750000    2.033367   -1.283367 (VIOLATED)
_4932_/A2                               0.750000    2.033368   -1.283368 (VIOLATED)
_4921_/A2                               0.750000    2.033365   -1.283365 (VIOLATED)
_4929_/A2                               0.750000    2.033365   -1.283365 (VIOLATED)
_4934_/A2                               0.750000    2.033365   -1.283366 (VIOLATED)
_4927_/A2                               0.750000    2.033364   -1.283364 (VIOLATED)
_4939_/A2                               0.750000    2.033365   -1.283365 (VIOLATED)
_4925_/A2                               0.750000    2.033362   -1.283363 (VIOLATED)
_4944_/A2                               0.750000    2.033362   -1.283363 (VIOLATED)
_4937_/A2                               0.750000    2.033361   -1.283361 (VIOLATED)
_4913_/B                                0.750000    2.033358   -1.283358 (VIOLATED)
_4922_/A2                               0.750000    2.033358   -1.283358 (VIOLATED)
_4926_/A2                               0.750000    2.033359   -1.283359 (VIOLATED)
_4930_/A2                               0.750000    2.033357   -1.283357 (VIOLATED)
_4933_/A2                               0.750000    2.033353   -1.283353 (VIOLATED)
_4936_/A2                               0.750000    2.033353   -1.283353 (VIOLATED)
_4942_/A2                               0.750000    2.033354   -1.283354 (VIOLATED)
_4912_/Y                                0.750000    2.033348   -1.283348 (VIOLATED)
_4914_/A2                               0.750000    2.033348   -1.283348 (VIOLATED)
_4938_/A2                               0.750000    2.033348   -1.283348 (VIOLATED)
_2674_/B2                               0.750000    2.028704   -1.278704 (VIOLATED)
_2864_/B2                               0.750000    2.028705   -1.278705 (VIOLATED)
_2868_/B2                               0.750000    2.028705   -1.278705 (VIOLATED)
_2680_/B2                               0.750000    2.028703   -1.278703 (VIOLATED)
_2722_/B2                               0.750000    2.028703   -1.278704 (VIOLATED)
_2733_/B2                               0.750000    2.028703   -1.278703 (VIOLATED)
_2926_/B2                               0.750000    2.028703   -1.278703 (VIOLATED)
_2932_/B2                               0.750000    2.028704   -1.278704 (VIOLATED)
_2976_/A1                               0.750000    2.028702   -1.278702 (VIOLATED)
_2716_/B2                               0.750000    2.028701   -1.278701 (VIOLATED)
_2602_/A1                               0.750000    2.028698   -1.278698 (VIOLATED)
_2607_/A1                               0.750000    2.028699   -1.278699 (VIOLATED)
_2727_/B2                               0.750000    2.028698   -1.278698 (VIOLATED)
_2899_/A1                               0.750000    2.028699   -1.278699 (VIOLATED)
_2936_/B2                               0.750000    2.028699   -1.278699 (VIOLATED)
_2972_/A1                               0.750000    2.028699   -1.278699 (VIOLATED)
_2531_/A1                               0.750000    2.028696   -1.278696 (VIOLATED)
_2542_/A1                               0.750000    2.028697   -1.278697 (VIOLATED)
_2904_/A1                               0.750000    2.028696   -1.278696 (VIOLATED)
_2617_/A1                               0.750000    2.028695   -1.278695 (VIOLATED)
_2699_/A1                               0.750000    2.028692   -1.278692 (VIOLATED)
_2710_/A1                               0.750000    2.028692   -1.278692 (VIOLATED)
_2796_/A1                               0.750000    2.028692   -1.278692 (VIOLATED)
_2813_/A1                               0.750000    2.028692   -1.278692 (VIOLATED)
_2990_/A1                               0.750000    2.028693   -1.278693 (VIOLATED)
_2994_/B2                               0.750000    2.028692   -1.278692 (VIOLATED)
_3105_/B2                               0.750000    2.028693   -1.278693 (VIOLATED)
_2511_/B2                               0.750000    2.028690   -1.278690 (VIOLATED)
_2518_/A1                               0.750000    2.028691   -1.278691 (VIOLATED)
_3016_/B2                               0.750000    2.028691   -1.278691 (VIOLATED)
_2628_/A1                               0.750000    2.028690   -1.278690 (VIOLATED)
_2773_/A1                               0.750000    2.028690   -1.278690 (VIOLATED)
_3039_/B2                               0.750000    2.028691   -1.278691 (VIOLATED)
_3078_/B2                               0.750000    2.028691   -1.278691 (VIOLATED)
_3089_/A1                               0.750000    2.028692   -1.278692 (VIOLATED)
_3151_/B2                               0.750000    2.028691   -1.278691 (VIOLATED)
_3160_/B2                               0.750000    2.028692   -1.278692 (VIOLATED)
_2841_/B2                               0.750000    2.028689   -1.278689 (VIOLATED)
_3201_/B2                               0.750000    2.028689   -1.278689 (VIOLATED)
_3205_/B2                               0.750000    2.028689   -1.278689 (VIOLATED)
_2579_/B2                               0.750000    2.028687   -1.278687 (VIOLATED)
_2639_/A1                               0.750000    2.028689   -1.278689 (VIOLATED)
_2705_/A1                               0.750000    2.028688   -1.278688 (VIOLATED)
_2744_/B2                               0.750000    2.028688   -1.278688 (VIOLATED)
_2767_/A1                               0.750000    2.028689   -1.278690 (VIOLATED)
_2750_/B2                               0.750000    2.028688   -1.278688 (VIOLATED)
_2847_/B2                               0.750000    2.028688   -1.278688 (VIOLATED)
_2953_/B2                               0.750000    2.028689   -1.278689 (VIOLATED)
_3004_/B2                               0.750000    2.028689   -1.278689 (VIOLATED)
_3048_/B2                               0.750000    2.028689   -1.278690 (VIOLATED)
_3094_/B2                               0.750000    2.028691   -1.278691 (VIOLATED)
_3111_/B2                               0.750000    2.028691   -1.278691 (VIOLATED)
_3061_/A1                               0.750000    2.028689   -1.278689 (VIOLATED)
_3084_/B2                               0.750000    2.028688   -1.278688 (VIOLATED)
_2523_/A1                               0.750000    2.028686   -1.278686 (VIOLATED)
_2571_/A1                               0.750000    2.028686   -1.278686 (VIOLATED)
_2583_/B2                               0.750000    2.028687   -1.278687 (VIOLATED)
_2590_/B2                               0.750000    2.028687   -1.278687 (VIOLATED)
_2594_/B2                               0.750000    2.028688   -1.278688 (VIOLATED)
_2652_/B2                               0.750000    2.028686   -1.278686 (VIOLATED)
_2656_/B2                               0.750000    2.028686   -1.278686 (VIOLATED)
_2790_/B2                               0.750000    2.028686   -1.278686 (VIOLATED)
_2836_/B2                               0.750000    2.028686   -1.278686 (VIOLATED)
_3128_/A1                               0.750000    2.028686   -1.278686 (VIOLATED)
_3172_/B2                               0.750000    2.028686   -1.278686 (VIOLATED)
_3178_/B2                               0.750000    2.028686   -1.278686 (VIOLATED)
_2566_/A1                               0.750000    2.028684   -1.278684 (VIOLATED)
_3195_/B2                               0.750000    2.028685   -1.278685 (VIOLATED)
_2634_/B2                               0.750000    2.028684   -1.278684 (VIOLATED)
_2999_/A1                               0.750000    2.028685   -1.278685 (VIOLATED)
_3065_/B2                               0.750000    2.028685   -1.278685 (VIOLATED)
_3022_/A1                               0.750000    2.028684   -1.278684 (VIOLATED)
_2623_/B2                               0.750000    2.028682   -1.278682 (VIOLATED)
_2819_/A1                               0.750000    2.028680   -1.278680 (VIOLATED)
_2555_/A1                               0.750000    2.028678   -1.278678 (VIOLATED)
_2949_/A1                               0.750000    2.028678   -1.278678 (VIOLATED)
_3134_/B2                               0.750000    2.028679   -1.278679 (VIOLATED)
_3218_/A1                               0.750000    2.028676   -1.278676 (VIOLATED)
_2497_/X                                0.750000    2.028673   -1.278673 (VIOLATED)
_2499_/B                                0.750000    2.028673   -1.278673 (VIOLATED)
_2823_/A1                               0.750000    2.028673   -1.278673 (VIOLATED)
_2858_/B2                               0.750000    2.028673   -1.278673 (VIOLATED)
_2880_/B2                               0.750000    2.028673   -1.278673 (VIOLATED)
_2886_/A1                               0.750000    2.028673   -1.278673 (VIOLATED)
_3222_/B2                               0.750000    2.028673   -1.278673 (VIOLATED)
_4752_/A2                               0.750000    2.011250   -1.261251 (VIOLATED)
_4767_/A2                               0.750000    2.011251   -1.261251 (VIOLATED)
_4772_/A2                               0.750000    2.011251   -1.261251 (VIOLATED)
_4760_/A2                               0.750000    2.011249   -1.261249 (VIOLATED)
_4749_/A2                               0.750000    2.011244   -1.261244 (VIOLATED)
_4748_/A2                               0.750000    2.011241   -1.261241 (VIOLATED)
_4773_/A2                               0.750000    2.011237   -1.261237 (VIOLATED)
_4775_/A2                               0.750000    2.011237   -1.261237 (VIOLATED)
_4751_/A2                               0.750000    2.011223   -1.261223 (VIOLATED)
_4753_/A2                               0.750000    2.011224   -1.261223 (VIOLATED)
_4755_/A2                               0.750000    2.011223   -1.261223 (VIOLATED)
_4756_/A2                               0.750000    2.011223   -1.261223 (VIOLATED)
_4761_/A2                               0.750000    2.011222   -1.261222 (VIOLATED)
_4762_/A2                               0.750000    2.011223   -1.261223 (VIOLATED)
_4764_/A2                               0.750000    2.011224   -1.261224 (VIOLATED)
_4766_/A2                               0.750000    2.011222   -1.261222 (VIOLATED)
_4777_/A2                               0.750000    2.011221   -1.261222 (VIOLATED)
_4771_/A2                               0.750000    2.011219   -1.261219 (VIOLATED)
_4759_/A2                               0.750000    2.011216   -1.261216 (VIOLATED)
_4776_/A2                               0.750000    2.011214   -1.261214 (VIOLATED)
_4745_/B                                0.750000    2.011211   -1.261211 (VIOLATED)
_4769_/A2                               0.750000    2.011210   -1.261210 (VIOLATED)
_4758_/A2                               0.750000    2.011208   -1.261208 (VIOLATED)
_4747_/A2                               0.750000    2.011203   -1.261203 (VIOLATED)
_4750_/A2                               0.750000    2.011204   -1.261204 (VIOLATED)
_4763_/A2                               0.750000    2.011203   -1.261203 (VIOLATED)
_4774_/A2                               0.750000    2.011203   -1.261203 (VIOLATED)
_4746_/A2                               0.750000    2.011201   -1.261201 (VIOLATED)
_4754_/A2                               0.750000    2.011201   -1.261201 (VIOLATED)
_4757_/A2                               0.750000    2.011202   -1.261202 (VIOLATED)
_4744_/Y                                0.750000    2.011199   -1.261199 (VIOLATED)
_4765_/A2                               0.750000    2.011199   -1.261199 (VIOLATED)
_4768_/A2                               0.750000    2.011199   -1.261199 (VIOLATED)
_4770_/A2                               0.750000    2.011199   -1.261199 (VIOLATED)
_4683_/A2                               0.750000    2.010846   -1.260846 (VIOLATED)
_4698_/A2                               0.750000    2.010846   -1.260846 (VIOLATED)
_4703_/A2                               0.750000    2.010846   -1.260846 (VIOLATED)
_4691_/A2                               0.750000    2.010844   -1.260844 (VIOLATED)
_4680_/A2                               0.750000    2.010839   -1.260839 (VIOLATED)
_4679_/A2                               0.750000    2.010836   -1.260836 (VIOLATED)
_4704_/A2                               0.750000    2.010833   -1.260832 (VIOLATED)
_4706_/A2                               0.750000    2.010832   -1.260832 (VIOLATED)
_4682_/A2                               0.750000    2.010818   -1.260818 (VIOLATED)
_4684_/A2                               0.750000    2.010818   -1.260818 (VIOLATED)
_4686_/A2                               0.750000    2.010818   -1.260818 (VIOLATED)
_4687_/A2                               0.750000    2.010818   -1.260818 (VIOLATED)
_4695_/A2                               0.750000    2.010819   -1.260819 (VIOLATED)
_4692_/A2                               0.750000    2.010817   -1.260817 (VIOLATED)
_4693_/A2                               0.750000    2.010818   -1.260818 (VIOLATED)
_4697_/A2                               0.750000    2.010817   -1.260817 (VIOLATED)
_4708_/A2                               0.750000    2.010816   -1.260816 (VIOLATED)
_4702_/A2                               0.750000    2.010814   -1.260814 (VIOLATED)
_4690_/A2                               0.750000    2.010811   -1.260811 (VIOLATED)
_4707_/A2                               0.750000    2.010808   -1.260808 (VIOLATED)
_4676_/B                                0.750000    2.010805   -1.260805 (VIOLATED)
_4700_/A2                               0.750000    2.010805   -1.260805 (VIOLATED)
_4689_/A2                               0.750000    2.010803   -1.260803 (VIOLATED)
_4678_/A2                               0.750000    2.010798   -1.260798 (VIOLATED)
_4681_/A2                               0.750000    2.010798   -1.260798 (VIOLATED)
_4694_/A2                               0.750000    2.010798   -1.260798 (VIOLATED)
_4705_/A2                               0.750000    2.010797   -1.260797 (VIOLATED)
_4677_/A2                               0.750000    2.010796   -1.260796 (VIOLATED)
_4685_/A2                               0.750000    2.010796   -1.260796 (VIOLATED)
_4688_/A2                               0.750000    2.010797   -1.260797 (VIOLATED)
_4675_/Y                                0.750000    2.010794   -1.260794 (VIOLATED)
_4696_/A2                               0.750000    2.010794   -1.260794 (VIOLATED)
_4699_/A2                               0.750000    2.010794   -1.260794 (VIOLATED)
_4701_/A2                               0.750000    2.010794   -1.260794 (VIOLATED)
_4747_/B1                               0.750000    1.989679   -1.239679 (VIOLATED)
_4752_/B1                               0.750000    1.989679   -1.239679 (VIOLATED)
_4757_/B1                               0.750000    1.989680   -1.239680 (VIOLATED)
_4763_/B1                               0.750000    1.989679   -1.239679 (VIOLATED)
_4767_/B1                               0.750000    1.989679   -1.239679 (VIOLATED)
_4772_/B1                               0.750000    1.989679   -1.239679 (VIOLATED)
_4750_/B1                               0.750000    1.989677   -1.239677 (VIOLATED)
_4760_/B1                               0.750000    1.989677   -1.239677 (VIOLATED)
_4749_/B1                               0.750000    1.989674   -1.239674 (VIOLATED)
_4748_/B1                               0.750000    1.989672   -1.239672 (VIOLATED)
_4773_/B1                               0.750000    1.989673   -1.239673 (VIOLATED)
_4775_/B1                               0.750000    1.989671   -1.239671 (VIOLATED)
_4746_/B1                               0.750000    1.989666   -1.239666 (VIOLATED)
_4753_/B1                               0.750000    1.989665   -1.239665 (VIOLATED)
_4755_/B1                               0.750000    1.989664   -1.239665 (VIOLATED)
_4758_/B1                               0.750000    1.989664   -1.239664 (VIOLATED)
_4764_/B1                               0.750000    1.989665   -1.239665 (VIOLATED)
_4774_/B1                               0.750000    1.989665   -1.239665 (VIOLATED)
_4766_/B1                               0.750000    1.989664   -1.239664 (VIOLATED)
_4769_/B1                               0.750000    1.989663   -1.239663 (VIOLATED)
_4771_/B1                               0.750000    1.989662   -1.239662 (VIOLATED)
_4776_/B1                               0.750000    1.989662   -1.239662 (VIOLATED)
_4759_/B1                               0.750000    1.989661   -1.239661 (VIOLATED)
_4762_/B1                               0.750000    1.989659   -1.239659 (VIOLATED)
_4751_/B1                               0.750000    1.989657   -1.239657 (VIOLATED)
_4756_/B1                               0.750000    1.989657   -1.239657 (VIOLATED)
_4745_/Y                                0.750000    1.989655   -1.239655 (VIOLATED)
_4754_/B1                               0.750000    1.989655   -1.239655 (VIOLATED)
_4761_/B1                               0.750000    1.989655   -1.239655 (VIOLATED)
_4765_/B1                               0.750000    1.989655   -1.239655 (VIOLATED)
_4768_/B1                               0.750000    1.989655   -1.239655 (VIOLATED)
_4770_/B1                               0.750000    1.989655   -1.239655 (VIOLATED)
_4777_/B1                               0.750000    1.989655   -1.239655 (VIOLATED)
_4678_/B1                               0.750000    1.988915   -1.238915 (VIOLATED)
_4688_/B1                               0.750000    1.988916   -1.238916 (VIOLATED)
_4683_/B1                               0.750000    1.988915   -1.238915 (VIOLATED)
_4694_/B1                               0.750000    1.988915   -1.238915 (VIOLATED)
_4698_/B1                               0.750000    1.988915   -1.238915 (VIOLATED)
_4703_/B1                               0.750000    1.988915   -1.238915 (VIOLATED)
_4681_/B1                               0.750000    1.988913   -1.238913 (VIOLATED)
_4691_/B1                               0.750000    1.988913   -1.238913 (VIOLATED)
_4680_/B1                               0.750000    1.988910   -1.238910 (VIOLATED)
_4679_/B1                               0.750000    1.988908   -1.238908 (VIOLATED)
_4704_/B1                               0.750000    1.988909   -1.238909 (VIOLATED)
_4706_/B1                               0.750000    1.988907   -1.238907 (VIOLATED)
_4677_/B1                               0.750000    1.988901   -1.238901 (VIOLATED)
_4684_/B1                               0.750000    1.988900   -1.238900 (VIOLATED)
_4686_/B1                               0.750000    1.988900   -1.238900 (VIOLATED)
_4689_/B1                               0.750000    1.988900   -1.238900 (VIOLATED)
_4695_/B1                               0.750000    1.988901   -1.238901 (VIOLATED)
_4705_/B1                               0.750000    1.988901   -1.238901 (VIOLATED)
_4697_/B1                               0.750000    1.988900   -1.238900 (VIOLATED)
_4700_/B1                               0.750000    1.988899   -1.238899 (VIOLATED)
_4702_/B1                               0.750000    1.988898   -1.238898 (VIOLATED)
_4707_/B1                               0.750000    1.988898   -1.238898 (VIOLATED)
_4690_/B1                               0.750000    1.988896   -1.238896 (VIOLATED)
_4693_/B1                               0.750000    1.988895   -1.238895 (VIOLATED)
_4682_/B1                               0.750000    1.988893   -1.238893 (VIOLATED)
_4687_/B1                               0.750000    1.988893   -1.238893 (VIOLATED)
_4676_/Y                                0.750000    1.988891   -1.238891 (VIOLATED)
_4685_/B1                               0.750000    1.988891   -1.238891 (VIOLATED)
_4692_/B1                               0.750000    1.988891   -1.238891 (VIOLATED)
_4696_/B1                               0.750000    1.988891   -1.238891 (VIOLATED)
_4699_/B1                               0.750000    1.988891   -1.238891 (VIOLATED)
_4701_/B1                               0.750000    1.988891   -1.238891 (VIOLATED)
_4708_/B1                               0.750000    1.988891   -1.238891 (VIOLATED)
_3960_/B1                               0.750000    1.983587   -1.233587 (VIOLATED)
_3963_/B1                               0.750000    1.983586   -1.233586 (VIOLATED)
_3974_/B1                               0.750000    1.983587   -1.233587 (VIOLATED)
_3953_/B1                               0.750000    1.983584   -1.233584 (VIOLATED)
_3956_/B1                               0.750000    1.983582   -1.233582 (VIOLATED)
_3969_/B1                               0.750000    1.983582   -1.233582 (VIOLATED)
_3973_/B1                               0.750000    1.983577   -1.233577 (VIOLATED)
_3978_/B1                               0.750000    1.983578   -1.233578 (VIOLATED)
_3966_/B1                               0.750000    1.983576   -1.233576 (VIOLATED)
_3979_/B1                               0.750000    1.983576   -1.233576 (VIOLATED)
_3955_/B1                               0.750000    1.983573   -1.233573 (VIOLATED)
_3954_/B1                               0.750000    1.983572   -1.233572 (VIOLATED)
_3981_/B1                               0.750000    1.983573   -1.233573 (VIOLATED)
_3952_/B1                               0.750000    1.983566   -1.233566 (VIOLATED)
_3959_/B1                               0.750000    1.983565   -1.233565 (VIOLATED)
_3961_/B1                               0.750000    1.983565   -1.233565 (VIOLATED)
_3964_/B1                               0.750000    1.983566   -1.233566 (VIOLATED)
_3970_/B1                               0.750000    1.983565   -1.233565 (VIOLATED)
_3980_/B1                               0.750000    1.983566   -1.233566 (VIOLATED)
_3972_/B1                               0.750000    1.983564   -1.233564 (VIOLATED)
_3975_/B1                               0.750000    1.983564   -1.233564 (VIOLATED)
_3965_/B1                               0.750000    1.983562   -1.233562 (VIOLATED)
_3977_/B1                               0.750000    1.983562   -1.233562 (VIOLATED)
_3982_/B1                               0.750000    1.983563   -1.233563 (VIOLATED)
_3951_/Y                                0.750000    1.983557   -1.233557 (VIOLATED)
_3957_/B1                               0.750000    1.983557   -1.233557 (VIOLATED)
_3958_/B1                               0.750000    1.983557   -1.233557 (VIOLATED)
_3962_/B1                               0.750000    1.983557   -1.233557 (VIOLATED)
_3967_/B1                               0.750000    1.983557   -1.233557 (VIOLATED)
_3968_/B1                               0.750000    1.983557   -1.233557 (VIOLATED)
_3971_/B1                               0.750000    1.983557   -1.233557 (VIOLATED)
_3976_/B1                               0.750000    1.983557   -1.233557 (VIOLATED)
_3983_/B1                               0.750000    1.983557   -1.233557 (VIOLATED)
_5018_/A2                               0.750000    1.982183   -1.232183 (VIOLATED)
_5019_/A2                               0.750000    1.982183   -1.232183 (VIOLATED)
_5045_/A2                               0.750000    1.982182   -1.232182 (VIOLATED)
_5025_/A2                               0.750000    1.982178   -1.232178 (VIOLATED)
_5034_/A2                               0.750000    1.982178   -1.232178 (VIOLATED)
_5036_/A2                               0.750000    1.982178   -1.232178 (VIOLATED)
_5043_/A2                               0.750000    1.982178   -1.232178 (VIOLATED)
_5023_/A2                               0.750000    1.982176   -1.232177 (VIOLATED)
_5020_/A2                               0.750000    1.982175   -1.232175 (VIOLATED)
_5041_/A2                               0.750000    1.982175   -1.232175 (VIOLATED)
_5029_/A2                               0.750000    1.982173   -1.232173 (VIOLATED)
_5033_/A2                               0.750000    1.982173   -1.232173 (VIOLATED)
_5017_/A2                               0.750000    1.982171   -1.232171 (VIOLATED)
_5030_/A2                               0.750000    1.982172   -1.232172 (VIOLATED)
_5037_/A2                               0.750000    1.982172   -1.232172 (VIOLATED)
_5042_/A2                               0.750000    1.982170   -1.232170 (VIOLATED)
_5046_/A2                               0.750000    1.982170   -1.232170 (VIOLATED)
_5021_/A2                               0.750000    1.982167   -1.232167 (VIOLATED)
_5026_/A2                               0.750000    1.982166   -1.232166 (VIOLATED)
_5031_/A2                               0.750000    1.982167   -1.232167 (VIOLATED)
_5039_/A2                               0.750000    1.982167   -1.232167 (VIOLATED)
_5047_/A2                               0.750000    1.982166   -1.232166 (VIOLATED)
_5027_/A2                               0.750000    1.982163   -1.232163 (VIOLATED)
_5028_/A2                               0.750000    1.982164   -1.232164 (VIOLATED)
_5022_/A2                               0.750000    1.982162   -1.232162 (VIOLATED)
_5024_/A2                               0.750000    1.982159   -1.232159 (VIOLATED)
_5015_/B                                0.750000    1.982157   -1.232157 (VIOLATED)
_5032_/A2                               0.750000    1.982155   -1.232155 (VIOLATED)
_5044_/A2                               0.750000    1.982156   -1.232156 (VIOLATED)
_5035_/A2                               0.750000    1.982153   -1.232153 (VIOLATED)
_5038_/A2                               0.750000    1.982154   -1.232154 (VIOLATED)
_5016_/A2                               0.750000    1.982151   -1.232151 (VIOLATED)
_5014_/Y                                0.750000    1.982148   -1.232148 (VIOLATED)
_5040_/A2                               0.750000    1.982148   -1.232148 (VIOLATED)
_4547_/A2                               0.750000    1.975396   -1.225396 (VIOLATED)
_4555_/A2                               0.750000    1.975396   -1.225396 (VIOLATED)
_4562_/A2                               0.750000    1.975396   -1.225396 (VIOLATED)
_4567_/A2                               0.750000    1.975395   -1.225395 (VIOLATED)
_4546_/A2                               0.750000    1.975393   -1.225393 (VIOLATED)
_4551_/A2                               0.750000    1.975391   -1.225391 (VIOLATED)
_4556_/A2                               0.750000    1.975389   -1.225389 (VIOLATED)
_4572_/A2                               0.750000    1.975388   -1.225388 (VIOLATED)
_4543_/A2                               0.750000    1.975383   -1.225383 (VIOLATED)
_4544_/A2                               0.750000    1.975384   -1.225384 (VIOLATED)
_4548_/A2                               0.750000    1.975379   -1.225379 (VIOLATED)
_4557_/A2                               0.750000    1.975380   -1.225380 (VIOLATED)
_4559_/A2                               0.750000    1.975380   -1.225380 (VIOLATED)
_4540_/B                                0.750000    1.975377   -1.225378 (VIOLATED)
_4545_/A2                               0.750000    1.975378   -1.225378 (VIOLATED)
_4550_/A2                               0.750000    1.975379   -1.225379 (VIOLATED)
_4561_/A2                               0.750000    1.975379   -1.225379 (VIOLATED)
_4568_/A2                               0.750000    1.975379   -1.225379 (VIOLATED)
_4570_/A2                               0.750000    1.975379   -1.225379 (VIOLATED)
_4542_/A2                               0.750000    1.975377   -1.225377 (VIOLATED)
_4558_/A2                               0.750000    1.975377   -1.225377 (VIOLATED)
_4566_/A2                               0.750000    1.975376   -1.225376 (VIOLATED)
_4552_/A2                               0.750000    1.975375   -1.225375 (VIOLATED)
_4554_/A2                               0.750000    1.975375   -1.225375 (VIOLATED)
_4549_/A2                               0.750000    1.975373   -1.225373 (VIOLATED)
_4571_/A2                               0.750000    1.975374   -1.225374 (VIOLATED)
_4553_/A2                               0.750000    1.975371   -1.225371 (VIOLATED)
_4563_/A2                               0.750000    1.975372   -1.225372 (VIOLATED)
_4564_/A2                               0.750000    1.975372   -1.225372 (VIOLATED)
_4539_/Y                                0.750000    1.975368   -1.225368 (VIOLATED)
_4541_/A2                               0.750000    1.975368   -1.225368 (VIOLATED)
_4560_/A2                               0.750000    1.975368   -1.225368 (VIOLATED)
_4565_/A2                               0.750000    1.975368   -1.225368 (VIOLATED)
_4569_/A2                               0.750000    1.975368   -1.225368 (VIOLATED)
_4814_/A2                               0.750000    1.961705   -1.211705 (VIOLATED)
_4839_/A2                               0.750000    1.961704   -1.211704 (VIOLATED)
_4841_/A2                               0.750000    1.961704   -1.211704 (VIOLATED)
_4816_/A2                               0.750000    1.961700   -1.211700 (VIOLATED)
_4829_/A2                               0.750000    1.961699   -1.211699 (VIOLATED)
_4819_/A2                               0.750000    1.961696   -1.211696 (VIOLATED)
_4821_/A2                               0.750000    1.961697   -1.211697 (VIOLATED)
_4832_/A2                               0.750000    1.961697   -1.211697 (VIOLATED)
_4837_/A2                               0.750000    1.961695   -1.211695 (VIOLATED)
_4813_/A2                               0.750000    1.961693   -1.211693 (VIOLATED)
_4825_/A2                               0.750000    1.961694   -1.211694 (VIOLATED)
_4842_/A2                               0.750000    1.961692   -1.211692 (VIOLATED)
_4815_/A2                               0.750000    1.961688   -1.211688 (VIOLATED)
_4826_/A2                               0.750000    1.961688   -1.211688 (VIOLATED)
_4835_/A2                               0.750000    1.961689   -1.211689 (VIOLATED)
_4833_/A2                               0.750000    1.961687   -1.211687 (VIOLATED)
_4823_/A2                               0.750000    1.961686   -1.211686 (VIOLATED)
_4824_/A2                               0.750000    1.961686   -1.211686 (VIOLATED)
_4838_/A2                               0.750000    1.961686   -1.211686 (VIOLATED)
_4817_/A2                               0.750000    1.961682   -1.211682 (VIOLATED)
_4820_/A2                               0.750000    1.961681   -1.211681 (VIOLATED)
_4822_/A2                               0.750000    1.961678   -1.211679 (VIOLATED)
_4830_/A2                               0.750000    1.961678   -1.211678 (VIOLATED)
_4827_/A2                               0.750000    1.961677   -1.211677 (VIOLATED)
_4840_/A2                               0.750000    1.961678   -1.211678 (VIOLATED)
_4834_/A2                               0.750000    1.961675   -1.211675 (VIOLATED)
_4843_/A2                               0.750000    1.961676   -1.211676 (VIOLATED)
_4818_/A2                               0.750000    1.961673   -1.211673 (VIOLATED)
_4831_/A2                               0.750000    1.961673   -1.211673 (VIOLATED)
_4811_/B                                0.750000    1.961671   -1.211671 (VIOLATED)
_4812_/A2                               0.750000    1.961670   -1.211670 (VIOLATED)
_4828_/A2                               0.750000    1.961667   -1.211667 (VIOLATED)
_4836_/A2                               0.750000    1.961668   -1.211668 (VIOLATED)
_4810_/Y                                0.750000    1.961663   -1.211663 (VIOLATED)
_3958_/A2                               0.750000    1.959760   -1.209760 (VIOLATED)
_3973_/A2                               0.750000    1.959760   -1.209760 (VIOLATED)
_3978_/A2                               0.750000    1.959760   -1.209760 (VIOLATED)
_3957_/A2                               0.750000    1.959758   -1.209758 (VIOLATED)
_3962_/A2                               0.750000    1.959755   -1.209755 (VIOLATED)
_3966_/A2                               0.750000    1.959754   -1.209754 (VIOLATED)
_3955_/A2                               0.750000    1.959753   -1.209753 (VIOLATED)
_3954_/A2                               0.750000    1.959751   -1.209751 (VIOLATED)
_3967_/A2                               0.750000    1.959751   -1.209751 (VIOLATED)
_3981_/A2                               0.750000    1.959750   -1.209750 (VIOLATED)
_3983_/A2                               0.750000    1.959750   -1.209750 (VIOLATED)
_3979_/A2                               0.750000    1.959748   -1.209748 (VIOLATED)
_3956_/A2                               0.750000    1.959741   -1.209741 (VIOLATED)
_3969_/A2                               0.750000    1.959739   -1.209739 (VIOLATED)
_3951_/B                                0.750000    1.959735   -1.209735 (VIOLATED)
_3953_/A2                               0.750000    1.959736   -1.209736 (VIOLATED)
_3968_/A2                               0.750000    1.959736   -1.209736 (VIOLATED)
_3959_/A2                               0.750000    1.959732   -1.209732 (VIOLATED)
_3961_/A2                               0.750000    1.959732   -1.209732 (VIOLATED)
_3970_/A2                               0.750000    1.959733   -1.209733 (VIOLATED)
_3963_/A2                               0.750000    1.959730   -1.209731 (VIOLATED)
_3972_/A2                               0.750000    1.959731   -1.209731 (VIOLATED)
_3977_/A2                               0.750000    1.959728   -1.209728 (VIOLATED)
_3960_/A2                               0.750000    1.959727   -1.209727 (VIOLATED)
_3965_/A2                               0.750000    1.959727   -1.209727 (VIOLATED)
_3974_/A2                               0.750000    1.959724   -1.209724 (VIOLATED)
_3982_/A2                               0.750000    1.959725   -1.209725 (VIOLATED)
_3975_/A2                               0.750000    1.959722   -1.209722 (VIOLATED)
_3964_/A2                               0.750000    1.959719   -1.209719 (VIOLATED)
_3971_/A2                               0.750000    1.959720   -1.209720 (VIOLATED)
_3980_/A2                               0.750000    1.959718   -1.209718 (VIOLATED)
_3950_/Y                                0.750000    1.959714   -1.209715 (VIOLATED)
_3952_/A2                               0.750000    1.959714   -1.209715 (VIOLATED)
_3976_/A2                               0.750000    1.959714   -1.209715 (VIOLATED)
_4340_/A2                               0.750000    1.957739   -1.207739 (VIOLATED)
_4355_/A2                               0.750000    1.957739   -1.207739 (VIOLATED)
_4360_/A2                               0.750000    1.957739   -1.207739 (VIOLATED)
_4339_/A2                               0.750000    1.957736   -1.207736 (VIOLATED)
_4344_/A2                               0.750000    1.957734   -1.207734 (VIOLATED)
_4348_/A2                               0.750000    1.957732   -1.207732 (VIOLATED)
_4337_/A2                               0.750000    1.957731   -1.207731 (VIOLATED)
_4336_/A2                               0.750000    1.957729   -1.207729 (VIOLATED)
_4349_/A2                               0.750000    1.957730   -1.207730 (VIOLATED)
_4363_/A2                               0.750000    1.957728   -1.207728 (VIOLATED)
_4365_/A2                               0.750000    1.957729   -1.207729 (VIOLATED)
_4361_/A2                               0.750000    1.957725   -1.207725 (VIOLATED)
_4338_/A2                               0.750000    1.957718   -1.207718 (VIOLATED)
_4351_/A2                               0.750000    1.957716   -1.207716 (VIOLATED)
_4333_/B                                0.750000    1.957714   -1.207714 (VIOLATED)
_4335_/A2                               0.750000    1.957713   -1.207713 (VIOLATED)
_4350_/A2                               0.750000    1.957712   -1.207712 (VIOLATED)
_4341_/A2                               0.750000    1.957706   -1.207706 (VIOLATED)
_4343_/A2                               0.750000    1.957706   -1.207706 (VIOLATED)
_4345_/A2                               0.750000    1.957707   -1.207707 (VIOLATED)
_4352_/A2                               0.750000    1.957706   -1.207707 (VIOLATED)
_4354_/A2                               0.750000    1.957705   -1.207705 (VIOLATED)
_4342_/A2                               0.750000    1.957703   -1.207703 (VIOLATED)
_4359_/A2                               0.750000    1.957702   -1.207702 (VIOLATED)
_4347_/A2                               0.750000    1.957701   -1.207701 (VIOLATED)
_4356_/A2                               0.750000    1.957700   -1.207700 (VIOLATED)
_4364_/A2                               0.750000    1.957699   -1.207699 (VIOLATED)
_4357_/A2                               0.750000    1.957697   -1.207697 (VIOLATED)
_4346_/A2                               0.750000    1.957693   -1.207693 (VIOLATED)
_4353_/A2                               0.750000    1.957694   -1.207694 (VIOLATED)
_4362_/A2                               0.750000    1.957692   -1.207692 (VIOLATED)
_4332_/Y                                0.750000    1.957689   -1.207689 (VIOLATED)
_4334_/A2                               0.750000    1.957689   -1.207689 (VIOLATED)
_4358_/A2                               0.750000    1.957689   -1.207689 (VIOLATED)
_4714_/A2                               0.750000    1.957629   -1.207629 (VIOLATED)
_4739_/A2                               0.750000    1.957628   -1.207628 (VIOLATED)
_4741_/A2                               0.750000    1.957628   -1.207628 (VIOLATED)
_4716_/A2                               0.750000    1.957624   -1.207624 (VIOLATED)
_4729_/A2                               0.750000    1.957623   -1.207623 (VIOLATED)
_4719_/A2                               0.750000    1.957619   -1.207619 (VIOLATED)
_4721_/A2                               0.750000    1.957620   -1.207620 (VIOLATED)
_4732_/A2                               0.750000    1.957620   -1.207620 (VIOLATED)
_4713_/A2                               0.750000    1.957618   -1.207618 (VIOLATED)
_4737_/A2                               0.750000    1.957618   -1.207618 (VIOLATED)
_4725_/A2                               0.750000    1.957617   -1.207617 (VIOLATED)
_4742_/A2                               0.750000    1.957615   -1.207615 (VIOLATED)
_4715_/A2                               0.750000    1.957613   -1.207613 (VIOLATED)
_4726_/A2                               0.750000    1.957613   -1.207613 (VIOLATED)
_4733_/A2                               0.750000    1.957612   -1.207612 (VIOLATED)
_4735_/A2                               0.750000    1.957612   -1.207612 (VIOLATED)
_4723_/A2                               0.750000    1.957611   -1.207611 (VIOLATED)
_4738_/A2                               0.750000    1.957611   -1.207611 (VIOLATED)
_4724_/A2                               0.750000    1.957609   -1.207609 (VIOLATED)
_4717_/A2                               0.750000    1.957607   -1.207607 (VIOLATED)
_4720_/A2                               0.750000    1.957605   -1.207605 (VIOLATED)
_4722_/A2                               0.750000    1.957604   -1.207604 (VIOLATED)
_4730_/A2                               0.750000    1.957603   -1.207603 (VIOLATED)
_4727_/A2                               0.750000    1.957602   -1.207602 (VIOLATED)
_4740_/A2                               0.750000    1.957601   -1.207602 (VIOLATED)
_4743_/A2                               0.750000    1.957601   -1.207602 (VIOLATED)
_4734_/A2                               0.750000    1.957600   -1.207600 (VIOLATED)
_4718_/A2                               0.750000    1.957598   -1.207598 (VIOLATED)
_4731_/A2                               0.750000    1.957598   -1.207598 (VIOLATED)
_4711_/B                                0.750000    1.957596   -1.207596 (VIOLATED)
_4712_/A2                               0.750000    1.957595   -1.207595 (VIOLATED)
_4728_/A2                               0.750000    1.957593   -1.207593 (VIOLATED)
_4736_/A2                               0.750000    1.957593   -1.207593 (VIOLATED)
_4710_/Y                                0.750000    1.957588   -1.207588 (VIOLATED)
_4848_/A2                               0.750000    1.949401   -1.199401 (VIOLATED)
_4873_/A2                               0.750000    1.949400   -1.199400 (VIOLATED)
_4875_/A2                               0.750000    1.949401   -1.199401 (VIOLATED)
_4850_/A2                               0.750000    1.949397   -1.199397 (VIOLATED)
_4863_/A2                               0.750000    1.949396   -1.199396 (VIOLATED)
_4853_/A2                               0.750000    1.949394   -1.199394 (VIOLATED)
_4855_/A2                               0.750000    1.949395   -1.199395 (VIOLATED)
_4866_/A2                               0.750000    1.949395   -1.199395 (VIOLATED)
_4871_/A2                               0.750000    1.949394   -1.199394 (VIOLATED)
_4847_/A2                               0.750000    1.949391   -1.199391 (VIOLATED)
_4849_/A2                               0.750000    1.949391   -1.199391 (VIOLATED)
_4859_/A2                               0.750000    1.949392   -1.199392 (VIOLATED)
_4860_/A2                               0.750000    1.949390   -1.199390 (VIOLATED)
_4867_/A2                               0.750000    1.949390   -1.199390 (VIOLATED)
_4876_/A2                               0.750000    1.949390   -1.199390 (VIOLATED)
_4869_/A2                               0.750000    1.949388   -1.199388 (VIOLATED)
_4872_/A2                               0.750000    1.949389   -1.199389 (VIOLATED)
_4851_/A2                               0.750000    1.949384   -1.199384 (VIOLATED)
_4857_/A2                               0.750000    1.949384   -1.199385 (VIOLATED)
_4858_/A2                               0.750000    1.949384   -1.199385 (VIOLATED)
_4854_/A2                               0.750000    1.949380   -1.199380 (VIOLATED)
_4856_/A2                               0.750000    1.949381   -1.199381 (VIOLATED)
_4864_/A2                               0.750000    1.949381   -1.199381 (VIOLATED)
_4861_/A2                               0.750000    1.949379   -1.199379 (VIOLATED)
_4877_/A2                               0.750000    1.949379   -1.199379 (VIOLATED)
_4874_/A2                               0.750000    1.949377   -1.199377 (VIOLATED)
_4852_/A2                               0.750000    1.949376   -1.199376 (VIOLATED)
_4868_/A2                               0.750000    1.949375   -1.199375 (VIOLATED)
_4845_/B                                0.750000    1.949373   -1.199373 (VIOLATED)
_4865_/A2                               0.750000    1.949373   -1.199373 (VIOLATED)
_4846_/A2                               0.750000    1.949371   -1.199371 (VIOLATED)
_4862_/A2                               0.750000    1.949370   -1.199370 (VIOLATED)
_4870_/A2                               0.750000    1.949369   -1.199369 (VIOLATED)
_4844_/Y                                0.750000    1.949365   -1.199365 (VIOLATED)
_4577_/A2                               0.750000    1.937031   -1.187031 (VIOLATED)
_4578_/A2                               0.750000    1.937032   -1.187032 (VIOLATED)
_4604_/A2                               0.750000    1.937030   -1.187030 (VIOLATED)
_4581_/A2                               0.750000    1.937029   -1.187029 (VIOLATED)
_4589_/A2                               0.750000    1.937029   -1.187029 (VIOLATED)
_4596_/A2                               0.750000    1.937029   -1.187029 (VIOLATED)
_4601_/A2                               0.750000    1.937028   -1.187028 (VIOLATED)
_4602_/A2                               0.750000    1.937029   -1.187029 (VIOLATED)
_4579_/A2                               0.750000    1.937026   -1.187026 (VIOLATED)
_4580_/A2                               0.750000    1.937026   -1.187026 (VIOLATED)
_4585_/A2                               0.750000    1.937024   -1.187024 (VIOLATED)
_4576_/A2                               0.750000    1.937022   -1.187022 (VIOLATED)
_4590_/A2                               0.750000    1.937022   -1.187022 (VIOLATED)
_4592_/A2                               0.750000    1.937022   -1.187022 (VIOLATED)
_4606_/A2                               0.750000    1.937021   -1.187021 (VIOLATED)
_4582_/A2                               0.750000    1.937019   -1.187019 (VIOLATED)
_4584_/A2                               0.750000    1.937019   -1.187019 (VIOLATED)
_4586_/A2                               0.750000    1.937018   -1.187018 (VIOLATED)
_4593_/A2                               0.750000    1.937019   -1.187019 (VIOLATED)
_4595_/A2                               0.750000    1.937018   -1.187018 (VIOLATED)
_4583_/A2                               0.750000    1.937015   -1.187015 (VIOLATED)
_4574_/B                                0.750000    1.937014   -1.187014 (VIOLATED)
_4588_/A2                               0.750000    1.937015   -1.187015 (VIOLATED)
_4591_/A2                               0.750000    1.937015   -1.187015 (VIOLATED)
_4600_/A2                               0.750000    1.937016   -1.187016 (VIOLATED)
_4597_/A2                               0.750000    1.937014   -1.187014 (VIOLATED)
_4605_/A2                               0.750000    1.937013   -1.187013 (VIOLATED)
_4587_/A2                               0.750000    1.937010   -1.187010 (VIOLATED)
_4594_/A2                               0.750000    1.937010   -1.187010 (VIOLATED)
_4598_/A2                               0.750000    1.937011   -1.187011 (VIOLATED)
_4573_/Y                                0.750000    1.937007   -1.187007 (VIOLATED)
_4575_/A2                               0.750000    1.937007   -1.187007 (VIOLATED)
_4599_/A2                               0.750000    1.937007   -1.187007 (VIOLATED)
_4603_/A2                               0.750000    1.937007   -1.187007 (VIOLATED)
_4611_/A2                               0.750000    1.931323   -1.181323 (VIOLATED)
_4612_/A2                               0.750000    1.931323   -1.181323 (VIOLATED)
_4615_/A2                               0.750000    1.931322   -1.181323 (VIOLATED)
_4623_/A2                               0.750000    1.931323   -1.181323 (VIOLATED)
_4630_/A2                               0.750000    1.931322   -1.181323 (VIOLATED)
_4635_/A2                               0.750000    1.931322   -1.181322 (VIOLATED)
_4614_/A2                               0.750000    1.931320   -1.181320 (VIOLATED)
_4636_/A2                               0.750000    1.931321   -1.181321 (VIOLATED)
_4638_/A2                               0.750000    1.931322   -1.181322 (VIOLATED)
_4613_/A2                               0.750000    1.931317   -1.181317 (VIOLATED)
_4619_/A2                               0.750000    1.931318   -1.181318 (VIOLATED)
_4624_/A2                               0.750000    1.931316   -1.181316 (VIOLATED)
_4610_/A2                               0.750000    1.931314   -1.181314 (VIOLATED)
_4626_/A2                               0.750000    1.931315   -1.181315 (VIOLATED)
_4640_/A2                               0.750000    1.931315   -1.181315 (VIOLATED)
_4616_/A2                               0.750000    1.931313   -1.181313 (VIOLATED)
_4618_/A2                               0.750000    1.931313   -1.181313 (VIOLATED)
_4627_/A2                               0.750000    1.931314   -1.181314 (VIOLATED)
_4629_/A2                               0.750000    1.931312   -1.181312 (VIOLATED)
_4620_/A2                               0.750000    1.931311   -1.181311 (VIOLATED)
_4622_/A2                               0.750000    1.931309   -1.181309 (VIOLATED)
_4625_/A2                               0.750000    1.931309   -1.181309 (VIOLATED)
_4634_/A2                               0.750000    1.931310   -1.181310 (VIOLATED)
_4608_/B                                0.750000    1.931307   -1.181307 (VIOLATED)
_4617_/A2                               0.750000    1.931308   -1.181308 (VIOLATED)
_4631_/A2                               0.750000    1.931306   -1.181306 (VIOLATED)
_4639_/A2                               0.750000    1.931307   -1.181307 (VIOLATED)
_4632_/A2                               0.750000    1.931305   -1.181305 (VIOLATED)
_4621_/A2                               0.750000    1.931304   -1.181304 (VIOLATED)
_4607_/Y                                0.750000    1.931301   -1.181301 (VIOLATED)
_4609_/A2                               0.750000    1.931301   -1.181301 (VIOLATED)
_4628_/A2                               0.750000    1.931301   -1.181301 (VIOLATED)
_4633_/A2                               0.750000    1.931301   -1.181301 (VIOLATED)
_4637_/A2                               0.750000    1.931301   -1.181301 (VIOLATED)
_4649_/A2                               0.750000    1.931268   -1.181268 (VIOLATED)
_4657_/A2                               0.750000    1.931268   -1.181268 (VIOLATED)
_4664_/A2                               0.750000    1.931268   -1.181268 (VIOLATED)
_4645_/A2                               0.750000    1.931266   -1.181266 (VIOLATED)
_4646_/A2                               0.750000    1.931267   -1.181267 (VIOLATED)
_4669_/A2                               0.750000    1.931267   -1.181267 (VIOLATED)
_4648_/A2                               0.750000    1.931265   -1.181265 (VIOLATED)
_4653_/A2                               0.750000    1.931264   -1.181264 (VIOLATED)
_4670_/A2                               0.750000    1.931265   -1.181265 (VIOLATED)
_4672_/A2                               0.750000    1.931265   -1.181265 (VIOLATED)
_4647_/A2                               0.750000    1.931262   -1.181262 (VIOLATED)
_4658_/A2                               0.750000    1.931262   -1.181262 (VIOLATED)
_4674_/A2                               0.750000    1.931260   -1.181260 (VIOLATED)
_4644_/A2                               0.750000    1.931259   -1.181259 (VIOLATED)
_4650_/A2                               0.750000    1.931259   -1.181259 (VIOLATED)
_4652_/A2                               0.750000    1.931259   -1.181259 (VIOLATED)
_4660_/A2                               0.750000    1.931259   -1.181259 (VIOLATED)
_4661_/A2                               0.750000    1.931259   -1.181259 (VIOLATED)
_4663_/A2                               0.750000    1.931258   -1.181258 (VIOLATED)
_4654_/A2                               0.750000    1.931255   -1.181255 (VIOLATED)
_4656_/A2                               0.750000    1.931254   -1.181254 (VIOLATED)
_4668_/A2                               0.750000    1.931255   -1.181255 (VIOLATED)
_4642_/B                                0.750000    1.931252   -1.181252 (VIOLATED)
_4651_/A2                               0.750000    1.931253   -1.181253 (VIOLATED)
_4659_/A2                               0.750000    1.931254   -1.181254 (VIOLATED)
_4665_/A2                               0.750000    1.931251   -1.181251 (VIOLATED)
_4673_/A2                               0.750000    1.931252   -1.181252 (VIOLATED)
_4666_/A2                               0.750000    1.931250   -1.181250 (VIOLATED)
_4655_/A2                               0.750000    1.931249   -1.181249 (VIOLATED)
_4641_/Y                                0.750000    1.931246   -1.181246 (VIOLATED)
_4643_/A2                               0.750000    1.931246   -1.181246 (VIOLATED)
_4662_/A2                               0.750000    1.931246   -1.181246 (VIOLATED)
_4667_/A2                               0.750000    1.931246   -1.181246 (VIOLATED)
_4671_/A2                               0.750000    1.931246   -1.181246 (VIOLATED)
_4898_/A2                               0.750000    1.925376   -1.175376 (VIOLATED)
_4900_/A2                               0.750000    1.925375   -1.175375 (VIOLATED)
_4887_/A2                               0.750000    1.925373   -1.175374 (VIOLATED)
_4889_/A2                               0.750000    1.925375   -1.175375 (VIOLATED)
_4882_/A2                               0.750000    1.925372   -1.175372 (VIOLATED)
_4905_/A2                               0.750000    1.925372   -1.175372 (VIOLATED)
_4907_/A2                               0.750000    1.925371   -1.175371 (VIOLATED)
_4909_/A2                               0.750000    1.925372   -1.175372 (VIOLATED)
_4893_/A2                               0.750000    1.925369   -1.175369 (VIOLATED)
_4884_/A2                               0.750000    1.925368   -1.175368 (VIOLATED)
_4897_/A2                               0.750000    1.925366   -1.175366 (VIOLATED)
_4910_/A2                               0.750000    1.925367   -1.175367 (VIOLATED)
_4903_/A2                               0.750000    1.925363   -1.175363 (VIOLATED)
_4881_/A2                               0.750000    1.925362   -1.175362 (VIOLATED)
_4883_/A2                               0.750000    1.925359   -1.175359 (VIOLATED)
_4892_/A2                               0.750000    1.925359   -1.175359 (VIOLATED)
_4894_/A2                               0.750000    1.925359   -1.175359 (VIOLATED)
_4901_/A2                               0.750000    1.925358   -1.175358 (VIOLATED)
_4906_/A2                               0.750000    1.925357   -1.175357 (VIOLATED)
_4891_/A2                               0.750000    1.925355   -1.175355 (VIOLATED)
_4885_/A2                               0.750000    1.925353   -1.175353 (VIOLATED)
_4911_/A2                               0.750000    1.925352   -1.175352 (VIOLATED)
_4888_/A2                               0.750000    1.925350   -1.175350 (VIOLATED)
_4890_/A2                               0.750000    1.925351   -1.175351 (VIOLATED)
_4895_/A2                               0.750000    1.925352   -1.175352 (VIOLATED)
_4908_/A2                               0.750000    1.925349   -1.175349 (VIOLATED)
_4886_/A2                               0.750000    1.925348   -1.175348 (VIOLATED)
_4902_/A2                               0.750000    1.925345   -1.175345 (VIOLATED)
_4879_/B                                0.750000    1.925343   -1.175343 (VIOLATED)
_4899_/A2                               0.750000    1.925343   -1.175343 (VIOLATED)
_4880_/A2                               0.750000    1.925341   -1.175341 (VIOLATED)
_4896_/A2                               0.750000    1.925341   -1.175341 (VIOLATED)
_4904_/A2                               0.750000    1.925339   -1.175339 (VIOLATED)
_4878_/Y                                0.750000    1.925336   -1.175336 (VIOLATED)
_4177_/A2                               0.750000    1.921148   -1.171148 (VIOLATED)
_4184_/A2                               0.750000    1.921147   -1.171148 (VIOLATED)
_4189_/A2                               0.750000    1.921146   -1.171146 (VIOLATED)
_4165_/A2                               0.750000    1.921142   -1.171142 (VIOLATED)
_4166_/A2                               0.750000    1.921143   -1.171143 (VIOLATED)
_4168_/A2                               0.750000    1.921141   -1.171141 (VIOLATED)
_4192_/A2                               0.750000    1.921142   -1.171142 (VIOLATED)
_4190_/A2                               0.750000    1.921140   -1.171140 (VIOLATED)
_4167_/A2                               0.750000    1.921138   -1.171138 (VIOLATED)
_4180_/A2                               0.750000    1.921138   -1.171138 (VIOLATED)
_4169_/A2                               0.750000    1.921135   -1.171135 (VIOLATED)
_4164_/A2                               0.750000    1.921134   -1.171134 (VIOLATED)
_4143_/A2                               0.750000    1.921131   -1.171131 (VIOLATED)
_4150_/A2                               0.750000    1.921130   -1.171130 (VIOLATED)
_4155_/A2                               0.750000    1.921129   -1.171129 (VIOLATED)
_4131_/A2                               0.750000    1.921125   -1.171125 (VIOLATED)
_4132_/A2                               0.750000    1.921126   -1.171126 (VIOLATED)
_4134_/A2                               0.750000    1.921123   -1.171123 (VIOLATED)
_4156_/A2                               0.750000    1.921123   -1.171123 (VIOLATED)
_4158_/A2                               0.750000    1.921124   -1.171124 (VIOLATED)
_4173_/A2                               0.750000    1.921123   -1.171123 (VIOLATED)
_4174_/A2                               0.750000    1.921124   -1.171124 (VIOLATED)
_4179_/A2                               0.750000    1.921124   -1.171124 (VIOLATED)
_4133_/A2                               0.750000    1.921121   -1.171121 (VIOLATED)
_4146_/A2                               0.750000    1.921121   -1.171121 (VIOLATED)
_4170_/A2                               0.750000    1.921122   -1.171122 (VIOLATED)
_4178_/A2                               0.750000    1.921122   -1.171122 (VIOLATED)
_4181_/A2                               0.750000    1.921122   -1.171122 (VIOLATED)
_4183_/A2                               0.750000    1.921120   -1.171120 (VIOLATED)
_4194_/A2                               0.750000    1.921120   -1.171120 (VIOLATED)
_4135_/A2                               0.750000    1.921118   -1.171118 (VIOLATED)
_4172_/A2                               0.750000    1.921118   -1.171118 (VIOLATED)
_4130_/A2                               0.750000    1.921117   -1.171117 (VIOLATED)
_4185_/A2                               0.750000    1.921116   -1.171116 (VIOLATED)
_4162_/B                                0.750000    1.921114   -1.171114 (VIOLATED)
_4171_/A2                               0.750000    1.921114   -1.171114 (VIOLATED)
_4182_/A2                               0.750000    1.921112   -1.171112 (VIOLATED)
_4188_/A2                               0.750000    1.921112   -1.171112 (VIOLATED)
_4176_/A2                               0.750000    1.921110   -1.171110 (VIOLATED)
_4187_/A2                               0.750000    1.921108   -1.171108 (VIOLATED)
_4139_/A2                               0.750000    1.921106   -1.171106 (VIOLATED)
_4140_/A2                               0.750000    1.921107   -1.171107 (VIOLATED)
_4145_/A2                               0.750000    1.921107   -1.171107 (VIOLATED)
_4186_/A2                               0.750000    1.921107   -1.171107 (VIOLATED)
_4193_/A2                               0.750000    1.921108   -1.171108 (VIOLATED)
_4136_/A2                               0.750000    1.921105   -1.171105 (VIOLATED)
_4144_/A2                               0.750000    1.921105   -1.171105 (VIOLATED)
_4147_/A2                               0.750000    1.921104   -1.171104 (VIOLATED)
_4163_/A2                               0.750000    1.921104   -1.171104 (VIOLATED)
_4175_/A2                               0.750000    1.921105   -1.171105 (VIOLATED)
_4149_/A2                               0.750000    1.921102   -1.171102 (VIOLATED)
_4160_/A2                               0.750000    1.921103   -1.171103 (VIOLATED)
_4138_/A2                               0.750000    1.921101   -1.171101 (VIOLATED)
_4161_/Y                                0.750000    1.921101   -1.171101 (VIOLATED)
_4191_/A2                               0.750000    1.921101   -1.171101 (VIOLATED)
_4151_/A2                               0.750000    1.921099   -1.171099 (VIOLATED)
_4128_/B                                0.750000    1.921097   -1.171097 (VIOLATED)
_4137_/A2                               0.750000    1.921097   -1.171097 (VIOLATED)
_4148_/A2                               0.750000    1.921095   -1.171095 (VIOLATED)
_4154_/A2                               0.750000    1.921095   -1.171095 (VIOLATED)
_4142_/A2                               0.750000    1.921093   -1.171093 (VIOLATED)
_4152_/A2                               0.750000    1.921089   -1.171089 (VIOLATED)
_4153_/A2                               0.750000    1.921090   -1.171090 (VIOLATED)
_4159_/A2                               0.750000    1.921090   -1.171090 (VIOLATED)
_4129_/A2                               0.750000    1.921086   -1.171086 (VIOLATED)
_4141_/A2                               0.750000    1.921087   -1.171087 (VIOLATED)
_4127_/Y                                0.750000    1.921084   -1.171084 (VIOLATED)
_4157_/A2                               0.750000    1.921084   -1.171084 (VIOLATED)
_4372_/A2                               0.750000    1.920282   -1.170282 (VIOLATED)
_4383_/A2                               0.750000    1.920282   -1.170282 (VIOLATED)
_4390_/A2                               0.750000    1.920283   -1.170283 (VIOLATED)
_4371_/A2                               0.750000    1.920280   -1.170280 (VIOLATED)
_4398_/A2                               0.750000    1.920277   -1.170277 (VIOLATED)
_4396_/A2                               0.750000    1.920272   -1.170272 (VIOLATED)
_4373_/A2                               0.750000    1.920267   -1.170267 (VIOLATED)
_4386_/A2                               0.750000    1.920263   -1.170263 (VIOLATED)
_4370_/A2                               0.750000    1.920261   -1.170261 (VIOLATED)
_4374_/A2                               0.750000    1.920254   -1.170254 (VIOLATED)
_4384_/A2                               0.750000    1.920255   -1.170255 (VIOLATED)
_4395_/A2                               0.750000    1.920255   -1.170255 (VIOLATED)
_4379_/A2                               0.750000    1.920253   -1.170253 (VIOLATED)
_4400_/A2                               0.750000    1.920254   -1.170254 (VIOLATED)
_4375_/A2                               0.750000    1.920250   -1.170250 (VIOLATED)
_4380_/A2                               0.750000    1.920250   -1.170250 (VIOLATED)
_4378_/A2                               0.750000    1.920248   -1.170248 (VIOLATED)
_4376_/A2                               0.750000    1.920246   -1.170246 (VIOLATED)
_4387_/A2                               0.750000    1.920248   -1.170248 (VIOLATED)
_4389_/A2                               0.750000    1.920247   -1.170247 (VIOLATED)
_4394_/A2                               0.750000    1.920245   -1.170245 (VIOLATED)
_4368_/B                                0.750000    1.920244   -1.170244 (VIOLATED)
_4377_/A2                               0.750000    1.920244   -1.170244 (VIOLATED)
_4382_/A2                               0.750000    1.920244   -1.170244 (VIOLATED)
_4385_/A2                               0.750000    1.920243   -1.170243 (VIOLATED)
_4399_/A2                               0.750000    1.920242   -1.170242 (VIOLATED)
_4392_/A2                               0.750000    1.920240   -1.170240 (VIOLATED)
_4381_/A2                               0.750000    1.920238   -1.170238 (VIOLATED)
_4391_/A2                               0.750000    1.920236   -1.170236 (VIOLATED)
_4388_/A2                               0.750000    1.920234   -1.170234 (VIOLATED)
_4397_/A2                               0.750000    1.920233   -1.170233 (VIOLATED)
_4367_/Y                                0.750000    1.920230   -1.170230 (VIOLATED)
_4369_/A2                               0.750000    1.920230   -1.170230 (VIOLATED)
_4393_/A2                               0.750000    1.920230   -1.170230 (VIOLATED)
_2723_/A1                               0.750000    1.908303   -1.158303 (VIOLATED)
_2937_/C1                               0.750000    1.908302   -1.158302 (VIOLATED)
_2978_/A1                               0.750000    1.908302   -1.158303 (VIOLATED)
_2687_/A1                               0.750000    1.908298   -1.158298 (VIOLATED)
_3090_/C1                               0.750000    1.908291   -1.158291 (VIOLATED)
_2814_/C1                               0.750000    1.908286   -1.158286 (VIOLATED)
_3206_/C1                               0.750000    1.908280   -1.158280 (VIOLATED)
_3050_/B2                               0.750000    1.908260   -1.158260 (VIOLATED)
_2803_/A1                               0.750000    1.908250   -1.158250 (VIOLATED)
_3162_/A1                               0.750000    1.908239   -1.158239 (VIOLATED)
_2512_/C1                               0.750000    1.908221   -1.158221 (VIOLATED)
_3073_/A1                               0.750000    1.908207   -1.158207 (VIOLATED)
_2961_/A1                               0.750000    1.908185   -1.158185 (VIOLATED)
_2499_/C_N                              0.750000    1.908183   -1.158183 (VIOLATED)
_2887_/A1                               0.750000    1.908183   -1.158183 (VIOLATED)
_3029_/A1                               0.750000    1.908177   -1.158177 (VIOLATED)
_2700_/A                                0.750000    1.908156   -1.158156 (VIOLATED)
_2870_/B2                               0.750000    1.908146   -1.158146 (VIOLATED)
_3230_/A1                               0.750000    1.908145   -1.158146 (VIOLATED)
_2757_/A1                               0.750000    1.908144   -1.158144 (VIOLATED)
_2640_/A1                               0.750000    1.908142   -1.158142 (VIOLATED)
_2664_/A1                               0.750000    1.908142   -1.158142 (VIOLATED)
_2780_/B2                               0.750000    1.908141   -1.158141 (VIOLATED)
_3118_/A1                               0.750000    1.908138   -1.158138 (VIOLATED)
_3005_/C1                               0.750000    1.908133   -1.158133 (VIOLATED)
_2848_/A1                               0.750000    1.908131   -1.158131 (VIOLATED)
_2585_/A1                               0.750000    1.908129   -1.158129 (VIOLATED)
_2548_/B1                               0.750000    1.908126   -1.158126 (VIOLATED)
_2572_/A                                0.750000    1.908127   -1.158127 (VIOLATED)
_2916_/B2                               0.750000    1.908125   -1.158125 (VIOLATED)
_2498_/Y                                0.750000    1.908122   -1.158122 (VIOLATED)
_3141_/B2                               0.750000    1.908122   -1.158122 (VIOLATED)
_3173_/C1                               0.750000    1.908122   -1.158122 (VIOLATED)
_4373_/B1                               0.750000    1.897885   -1.147885 (VIOLATED)
_4396_/B1                               0.750000    1.897885   -1.147885 (VIOLATED)
_4370_/B1                               0.750000    1.897883   -1.147883 (VIOLATED)
_4386_/B1                               0.750000    1.897884   -1.147884 (VIOLATED)
_4371_/B1                               0.750000    1.897882   -1.147882 (VIOLATED)
_4398_/B1                               0.750000    1.897882   -1.147882 (VIOLATED)
_4372_/B1                               0.750000    1.897881   -1.147881 (VIOLATED)
_4383_/B1                               0.750000    1.897880   -1.147880 (VIOLATED)
_4390_/B1                               0.750000    1.897880   -1.147880 (VIOLATED)
_4380_/B1                               0.750000    1.897878   -1.147878 (VIOLATED)
_4381_/B1                               0.750000    1.897877   -1.147877 (VIOLATED)
_4392_/B1                               0.750000    1.897877   -1.147877 (VIOLATED)
_4377_/B1                               0.750000    1.897876   -1.147876 (VIOLATED)
_4382_/B1                               0.750000    1.897875   -1.147875 (VIOLATED)
_4399_/B1                               0.750000    1.897876   -1.147876 (VIOLATED)
_4394_/B1                               0.750000    1.897874   -1.147874 (VIOLATED)
_4395_/B1                               0.750000    1.897875   -1.147875 (VIOLATED)
_4369_/B1                               0.750000    1.897872   -1.147872 (VIOLATED)
_4376_/B1                               0.750000    1.897872   -1.147872 (VIOLATED)
_4397_/B1                               0.750000    1.897873   -1.147873 (VIOLATED)
_4374_/B1                               0.750000    1.897870   -1.147870 (VIOLATED)
_4378_/B1                               0.750000    1.897871   -1.147871 (VIOLATED)
_4389_/B1                               0.750000    1.897871   -1.147871 (VIOLATED)
_4393_/B1                               0.750000    1.897872   -1.147872 (VIOLATED)
_4391_/B1                               0.750000    1.897870   -1.147870 (VIOLATED)
_4379_/B1                               0.750000    1.897867   -1.147867 (VIOLATED)
_4387_/B1                               0.750000    1.897868   -1.147868 (VIOLATED)
_4388_/B1                               0.750000    1.897869   -1.147869 (VIOLATED)
_4400_/B1                               0.750000    1.897867   -1.147867 (VIOLATED)
_4375_/B1                               0.750000    1.897865   -1.147865 (VIOLATED)
_4384_/B1                               0.750000    1.897863   -1.147863 (VIOLATED)
_4368_/Y                                0.750000    1.897861   -1.147861 (VIOLATED)
_4385_/B1                               0.750000    1.897861   -1.147861 (VIOLATED)
_4184_/B1                               0.750000    1.892402   -1.142402 (VIOLATED)
_4165_/B1                               0.750000    1.892399   -1.142399 (VIOLATED)
_4166_/B1                               0.750000    1.892401   -1.142401 (VIOLATED)
_4177_/B1                               0.750000    1.892401   -1.142401 (VIOLATED)
_4189_/B1                               0.750000    1.892402   -1.142402 (VIOLATED)
_4168_/B1                               0.750000    1.892400   -1.142400 (VIOLATED)
_4173_/B1                               0.750000    1.892400   -1.142400 (VIOLATED)
_4190_/B1                               0.750000    1.892399   -1.142399 (VIOLATED)
_4192_/B1                               0.750000    1.892399   -1.142399 (VIOLATED)
_4169_/B1                               0.750000    1.892397   -1.142397 (VIOLATED)
_4170_/B1                               0.750000    1.892394   -1.142394 (VIOLATED)
_4178_/B1                               0.750000    1.892394   -1.142394 (VIOLATED)
_4181_/B1                               0.750000    1.892394   -1.142394 (VIOLATED)
_4194_/B1                               0.750000    1.892393   -1.142393 (VIOLATED)
_4164_/B1                               0.750000    1.892391   -1.142391 (VIOLATED)
_4167_/B1                               0.750000    1.892392   -1.142392 (VIOLATED)
_4172_/B1                               0.750000    1.892393   -1.142393 (VIOLATED)
_4179_/B1                               0.750000    1.892392   -1.142392 (VIOLATED)
_4180_/B1                               0.750000    1.892392   -1.142392 (VIOLATED)
_4183_/B1                               0.750000    1.892393   -1.142393 (VIOLATED)
_4188_/B1                               0.750000    1.892390   -1.142390 (VIOLATED)
_4162_/Y                                0.750000    1.892388   -1.142388 (VIOLATED)
_4163_/B1                               0.750000    1.892388   -1.142388 (VIOLATED)
_4171_/B1                               0.750000    1.892388   -1.142388 (VIOLATED)
_4174_/B1                               0.750000    1.892388   -1.142388 (VIOLATED)
_4175_/B1                               0.750000    1.892388   -1.142388 (VIOLATED)
_4176_/B1                               0.750000    1.892388   -1.142388 (VIOLATED)
_4182_/B1                               0.750000    1.892388   -1.142388 (VIOLATED)
_4185_/B1                               0.750000    1.892388   -1.142388 (VIOLATED)
_4186_/B1                               0.750000    1.892388   -1.142388 (VIOLATED)
_4187_/B1                               0.750000    1.892388   -1.142388 (VIOLATED)
_4191_/B1                               0.750000    1.892388   -1.142388 (VIOLATED)
_4193_/B1                               0.750000    1.892388   -1.142388 (VIOLATED)
_4143_/B1                               0.750000    1.891659   -1.141660 (VIOLATED)
_4150_/B1                               0.750000    1.891660   -1.141660 (VIOLATED)
_4155_/B1                               0.750000    1.891660   -1.141660 (VIOLATED)
_4131_/B1                               0.750000    1.891658   -1.141658 (VIOLATED)
_4132_/B1                               0.750000    1.891659   -1.141659 (VIOLATED)
_4134_/B1                               0.750000    1.891658   -1.141658 (VIOLATED)
_4139_/B1                               0.750000    1.891658   -1.141658 (VIOLATED)
_4156_/B1                               0.750000    1.891657   -1.141657 (VIOLATED)
_4158_/B1                               0.750000    1.891657   -1.141657 (VIOLATED)
_4135_/B1                               0.750000    1.891655   -1.141655 (VIOLATED)
_4136_/B1                               0.750000    1.891652   -1.141652 (VIOLATED)
_4144_/B1                               0.750000    1.891652   -1.141652 (VIOLATED)
_4147_/B1                               0.750000    1.891652   -1.141652 (VIOLATED)
_4138_/B1                               0.750000    1.891651   -1.141651 (VIOLATED)
_4130_/B1                               0.750000    1.891649   -1.141649 (VIOLATED)
_4133_/B1                               0.750000    1.891650   -1.141650 (VIOLATED)
_4145_/B1                               0.750000    1.891650   -1.141650 (VIOLATED)
_4149_/B1                               0.750000    1.891651   -1.141651 (VIOLATED)
_4160_/B1                               0.750000    1.891651   -1.141651 (VIOLATED)
_4146_/B1                               0.750000    1.891650   -1.141650 (VIOLATED)
_4154_/B1                               0.750000    1.891648   -1.141648 (VIOLATED)
_4128_/Y                                0.750000    1.891646   -1.141646 (VIOLATED)
_4129_/B1                               0.750000    1.891646   -1.141646 (VIOLATED)
_4137_/B1                               0.750000    1.891646   -1.141646 (VIOLATED)
_4140_/B1                               0.750000    1.891646   -1.141646 (VIOLATED)
_4141_/B1                               0.750000    1.891646   -1.141646 (VIOLATED)
_4142_/B1                               0.750000    1.891646   -1.141646 (VIOLATED)
_4148_/B1                               0.750000    1.891646   -1.141646 (VIOLATED)
_4151_/B1                               0.750000    1.891646   -1.141646 (VIOLATED)
_4152_/B1                               0.750000    1.891646   -1.141646 (VIOLATED)
_4153_/B1                               0.750000    1.891646   -1.141646 (VIOLATED)
_4157_/B1                               0.750000    1.891646   -1.141646 (VIOLATED)
_4159_/B1                               0.750000    1.891646   -1.141646 (VIOLATED)
_4941_/B1                               0.750000    1.889759   -1.139759 (VIOLATED)
_4943_/B1                               0.750000    1.889758   -1.139758 (VIOLATED)
_4916_/B1                               0.750000    1.889757   -1.139757 (VIOLATED)
_4917_/B1                               0.750000    1.889756   -1.139756 (VIOLATED)
_4926_/B1                               0.750000    1.889756   -1.139756 (VIOLATED)
_4937_/B1                               0.750000    1.889756   -1.139756 (VIOLATED)
_4927_/B1                               0.750000    1.889753   -1.139754 (VIOLATED)
_4928_/B1                               0.750000    1.889753   -1.139753 (VIOLATED)
_4935_/B1                               0.750000    1.889754   -1.139754 (VIOLATED)
_4944_/B1                               0.750000    1.889755   -1.139755 (VIOLATED)
_4939_/B1                               0.750000    1.889752   -1.139752 (VIOLATED)
_4915_/B1                               0.750000    1.889750   -1.139750 (VIOLATED)
_4918_/B1                               0.750000    1.889750   -1.139750 (VIOLATED)
_4921_/B1                               0.750000    1.889750   -1.139750 (VIOLATED)
_4931_/B1                               0.750000    1.889750   -1.139750 (VIOLATED)
_4940_/B1                               0.750000    1.889749   -1.139749 (VIOLATED)
_4923_/B1                               0.750000    1.889747   -1.139747 (VIOLATED)
_4925_/B1                               0.750000    1.889747   -1.139747 (VIOLATED)
_4934_/B1                               0.750000    1.889748   -1.139748 (VIOLATED)
_4914_/B1                               0.750000    1.889744   -1.139744 (VIOLATED)
_4922_/B1                               0.750000    1.889745   -1.139745 (VIOLATED)
_4932_/B1                               0.750000    1.889744   -1.139744 (VIOLATED)
_4942_/B1                               0.750000    1.889744   -1.139744 (VIOLATED)
_4919_/B1                               0.750000    1.889742   -1.139742 (VIOLATED)
_4938_/B1                               0.750000    1.889743   -1.139743 (VIOLATED)
_4936_/B1                               0.750000    1.889742   -1.139742 (VIOLATED)
_4924_/B1                               0.750000    1.889740   -1.139740 (VIOLATED)
_4933_/B1                               0.750000    1.889740   -1.139740 (VIOLATED)
_4945_/B1                               0.750000    1.889740   -1.139740 (VIOLATED)
_4920_/B1                               0.750000    1.889737   -1.139737 (VIOLATED)
_4929_/B1                               0.750000    1.889737   -1.139737 (VIOLATED)
_4913_/Y                                0.750000    1.889733   -1.139733 (VIOLATED)
_4930_/B1                               0.750000    1.889733   -1.139733 (VIOLATED)
_4342_/B1                               0.750000    1.885547   -1.135547 (VIOLATED)
_4345_/B1                               0.750000    1.885546   -1.135546 (VIOLATED)
_4356_/B1                               0.750000    1.885547   -1.135547 (VIOLATED)
_4335_/B1                               0.750000    1.885544   -1.135544 (VIOLATED)
_4334_/B1                               0.750000    1.885542   -1.135542 (VIOLATED)
_4338_/B1                               0.750000    1.885542   -1.135542 (VIOLATED)
_4351_/B1                               0.750000    1.885543   -1.135543 (VIOLATED)
_4353_/B1                               0.750000    1.885544   -1.135544 (VIOLATED)
_4358_/B1                               0.750000    1.885544   -1.135544 (VIOLATED)
_4346_/B1                               0.750000    1.885540   -1.135540 (VIOLATED)
_4362_/B1                               0.750000    1.885540   -1.135540 (VIOLATED)
_4357_/B1                               0.750000    1.885537   -1.135537 (VIOLATED)
_4361_/B1                               0.750000    1.885537   -1.135537 (VIOLATED)
_4336_/B1                               0.750000    1.885533   -1.135533 (VIOLATED)
_4337_/B1                               0.750000    1.885534   -1.135534 (VIOLATED)
_4341_/B1                               0.750000    1.885533   -1.135533 (VIOLATED)
_4348_/B1                               0.750000    1.885534   -1.135534 (VIOLATED)
_4343_/B1                               0.750000    1.885533   -1.135533 (VIOLATED)
_4352_/B1                               0.750000    1.885533   -1.135533 (VIOLATED)
_4363_/B1                               0.750000    1.885534   -1.135534 (VIOLATED)
_4364_/B1                               0.750000    1.885534   -1.135534 (VIOLATED)
_4347_/B1                               0.750000    1.885532   -1.135532 (VIOLATED)
_4354_/B1                               0.750000    1.885532   -1.135532 (VIOLATED)
_4359_/B1                               0.750000    1.885530   -1.135530 (VIOLATED)
_4339_/B1                               0.750000    1.885525   -1.135525 (VIOLATED)
_4340_/B1                               0.750000    1.885526   -1.135526 (VIOLATED)
_4355_/B1                               0.750000    1.885526   -1.135526 (VIOLATED)
_4360_/B1                               0.750000    1.885526   -1.135526 (VIOLATED)
_4344_/B1                               0.750000    1.885525   -1.135525 (VIOLATED)
_4333_/Y                                0.750000    1.885522   -1.135522 (VIOLATED)
_4349_/B1                               0.750000    1.885522   -1.135522 (VIOLATED)
_4350_/B1                               0.750000    1.885522   -1.135522 (VIOLATED)
_4365_/B1                               0.750000    1.885522   -1.135522 (VIOLATED)
_5043_/B1                               0.750000    1.878597   -1.128597 (VIOLATED)
_5045_/B1                               0.750000    1.878596   -1.128596 (VIOLATED)
_5018_/B1                               0.750000    1.878595   -1.128595 (VIOLATED)
_5019_/B1                               0.750000    1.878594   -1.128594 (VIOLATED)
_5028_/B1                               0.750000    1.878594   -1.128594 (VIOLATED)
_5039_/B1                               0.750000    1.878594   -1.128594 (VIOLATED)
_5046_/B1                               0.750000    1.878593   -1.128593 (VIOLATED)
_5029_/B1                               0.750000    1.878591   -1.128591 (VIOLATED)
_5037_/B1                               0.750000    1.878592   -1.128592 (VIOLATED)
_5030_/B1                               0.750000    1.878590   -1.128590 (VIOLATED)
_5041_/B1                               0.750000    1.878590   -1.128590 (VIOLATED)
_5023_/B1                               0.750000    1.878588   -1.128588 (VIOLATED)
_5017_/B1                               0.750000    1.878585   -1.128585 (VIOLATED)
_5020_/B1                               0.750000    1.878586   -1.128586 (VIOLATED)
_5033_/B1                               0.750000    1.878585   -1.128585 (VIOLATED)
_5025_/B1                               0.750000    1.878584   -1.128584 (VIOLATED)
_5036_/B1                               0.750000    1.878585   -1.128585 (VIOLATED)
_5042_/B1                               0.750000    1.878586   -1.128586 (VIOLATED)
_5027_/B1                               0.750000    1.878582   -1.128582 (VIOLATED)
_5034_/B1                               0.750000    1.878581   -1.128581 (VIOLATED)
_5024_/B1                               0.750000    1.878580   -1.128580 (VIOLATED)
_5016_/B1                               0.750000    1.878579   -1.128579 (VIOLATED)
_5021_/B1                               0.750000    1.878578   -1.128579 (VIOLATED)
_5044_/B1                               0.750000    1.878580   -1.128580 (VIOLATED)
_5040_/B1                               0.750000    1.878578   -1.128578 (VIOLATED)
_5038_/B1                               0.750000    1.878577   -1.128577 (VIOLATED)
_5026_/B1                               0.750000    1.878574   -1.128574 (VIOLATED)
_5035_/B1                               0.750000    1.878575   -1.128575 (VIOLATED)
_5031_/B1                               0.750000    1.878572   -1.128572 (VIOLATED)
_5047_/B1                               0.750000    1.878572   -1.128572 (VIOLATED)
_5015_/Y                                0.750000    1.878568   -1.128568 (VIOLATED)
_5022_/B1                               0.750000    1.878568   -1.128568 (VIOLATED)
_5032_/B1                               0.750000    1.878568   -1.128568 (VIOLATED)
_3233_/Y                                0.750000    1.842925   -1.092925 (VIOLATED)
_3242_/A1                               0.750000    1.842925   -1.092925 (VIOLATED)
_3268_/B2                               0.750000    1.842925   -1.092925 (VIOLATED)
_3292_/A1                               0.750000    1.842925   -1.092925 (VIOLATED)
_3377_/A1                               0.750000    1.842925   -1.092925 (VIOLATED)
_3382_/A1                               0.750000    1.842925   -1.092925 (VIOLATED)
_3385_/A                                0.750000    1.842925   -1.092925 (VIOLATED)
_3393_/A1                               0.750000    1.842925   -1.092925 (VIOLATED)
_3399_/B2                               0.750000    1.842925   -1.092925 (VIOLATED)
_3428_/A1                               0.750000    1.842925   -1.092925 (VIOLATED)
_3445_/B2                               0.750000    1.842925   -1.092925 (VIOLATED)
_3488_/B2                               0.750000    1.842925   -1.092925 (VIOLATED)
_3509_/B2                               0.750000    1.842925   -1.092925 (VIOLATED)
_3532_/B2                               0.750000    1.842925   -1.092925 (VIOLATED)
_3554_/B2                               0.750000    1.842925   -1.092925 (VIOLATED)
_3577_/A1                               0.750000    1.842925   -1.092925 (VIOLATED)
_3619_/A1                               0.750000    1.842925   -1.092925 (VIOLATED)
_3662_/A1                               0.750000    1.842925   -1.092925 (VIOLATED)
_3667_/A1                               0.750000    1.842925   -1.092925 (VIOLATED)
_3670_/A                                0.750000    1.842925   -1.092925 (VIOLATED)
_3678_/A1                               0.750000    1.842925   -1.092925 (VIOLATED)
_3685_/A1                               0.750000    1.842925   -1.092925 (VIOLATED)
_3702_/A1                               0.750000    1.842925   -1.092925 (VIOLATED)
_3709_/A1                               0.750000    1.842925   -1.092925 (VIOLATED)
_3730_/A1                               0.750000    1.842925   -1.092925 (VIOLATED)
_3735_/A1                               0.750000    1.842925   -1.092925 (VIOLATED)
_3738_/A                                0.750000    1.842925   -1.092925 (VIOLATED)
_3746_/A1                               0.750000    1.842925   -1.092925 (VIOLATED)
_3753_/A1                               0.750000    1.842925   -1.092925 (VIOLATED)
_3776_/A1                               0.750000    1.842925   -1.092925 (VIOLATED)
_3781_/A1                               0.750000    1.842925   -1.092925 (VIOLATED)
_3784_/A                                0.750000    1.842925   -1.092925 (VIOLATED)
_3792_/A1                               0.750000    1.842925   -1.092925 (VIOLATED)
_3859_/B2                               0.750000    1.842925   -1.092925 (VIOLATED)
_3882_/A1                               0.750000    1.842925   -1.092925 (VIOLATED)
_3904_/A1                               0.750000    1.842925   -1.092925 (VIOLATED)
_3928_/A1                               0.750000    1.842925   -1.092925 (VIOLATED)
_4824_/B1                               0.750000    1.835686   -1.085686 (VIOLATED)
_4835_/B1                               0.750000    1.835686   -1.085686 (VIOLATED)
_4816_/B1                               0.750000    1.835684   -1.085684 (VIOLATED)
_4842_/B1                               0.750000    1.835685   -1.085685 (VIOLATED)
_4825_/B1                               0.750000    1.835684   -1.085684 (VIOLATED)
_4829_/B1                               0.750000    1.835684   -1.085684 (VIOLATED)
_4813_/B1                               0.750000    1.835682   -1.085682 (VIOLATED)
_4837_/B1                               0.750000    1.835682   -1.085682 (VIOLATED)
_4814_/B1                               0.750000    1.835680   -1.085680 (VIOLATED)
_4819_/B1                               0.750000    1.835680   -1.085680 (VIOLATED)
_4839_/B1                               0.750000    1.835681   -1.085681 (VIOLATED)
_4841_/B1                               0.750000    1.835681   -1.085681 (VIOLATED)
_4815_/B1                               0.750000    1.835678   -1.085678 (VIOLATED)
_4821_/B1                               0.750000    1.835678   -1.085678 (VIOLATED)
_4823_/B1                               0.750000    1.835679   -1.085679 (VIOLATED)
_4832_/B1                               0.750000    1.835678   -1.085678 (VIOLATED)
_4812_/B1                               0.750000    1.835675   -1.085675 (VIOLATED)
_4820_/B1                               0.750000    1.835676   -1.085676 (VIOLATED)
_4826_/B1                               0.750000    1.835677   -1.085677 (VIOLATED)
_4840_/B1                               0.750000    1.835676   -1.085676 (VIOLATED)
_4833_/B1                               0.750000    1.835675   -1.085675 (VIOLATED)
_4836_/B1                               0.750000    1.835674   -1.085675 (VIOLATED)
_4830_/B1                               0.750000    1.835671   -1.085671 (VIOLATED)
_4831_/B1                               0.750000    1.835672   -1.085672 (VIOLATED)
_4834_/B1                               0.750000    1.835672   -1.085672 (VIOLATED)
_4838_/B1                               0.750000    1.835673   -1.085673 (VIOLATED)
_4817_/B1                               0.750000    1.835667   -1.085667 (VIOLATED)
_4822_/B1                               0.750000    1.835663   -1.085663 (VIOLATED)
_4827_/B1                               0.750000    1.835663   -1.085663 (VIOLATED)
_4843_/B1                               0.750000    1.835661   -1.085662 (VIOLATED)
_4811_/Y                                0.750000    1.835658   -1.085658 (VIOLATED)
_4818_/B1                               0.750000    1.835658   -1.085658 (VIOLATED)
_4828_/B1                               0.750000    1.835658   -1.085658 (VIOLATED)
_4724_/B1                               0.750000    1.833773   -1.083773 (VIOLATED)
_4735_/B1                               0.750000    1.833772   -1.083772 (VIOLATED)
_4742_/B1                               0.750000    1.833771   -1.083771 (VIOLATED)
_4725_/B1                               0.750000    1.833770   -1.083770 (VIOLATED)
_4716_/B1                               0.750000    1.833768   -1.083768 (VIOLATED)
_4729_/B1                               0.750000    1.833768   -1.083768 (VIOLATED)
_4737_/B1                               0.750000    1.833768   -1.083768 (VIOLATED)
_4713_/B1                               0.750000    1.833766   -1.083766 (VIOLATED)
_4714_/B1                               0.750000    1.833766   -1.083766 (VIOLATED)
_4719_/B1                               0.750000    1.833766   -1.083766 (VIOLATED)
_4739_/B1                               0.750000    1.833767   -1.083767 (VIOLATED)
_4741_/B1                               0.750000    1.833767   -1.083767 (VIOLATED)
_4715_/B1                               0.750000    1.833764   -1.083764 (VIOLATED)
_4721_/B1                               0.750000    1.833765   -1.083765 (VIOLATED)
_4732_/B1                               0.750000    1.833765   -1.083765 (VIOLATED)
_4723_/B1                               0.750000    1.833763   -1.083763 (VIOLATED)
_4726_/B1                               0.750000    1.833763   -1.083763 (VIOLATED)
_4720_/B1                               0.750000    1.833760   -1.083760 (VIOLATED)
_4733_/B1                               0.750000    1.833761   -1.083761 (VIOLATED)
_4712_/B1                               0.750000    1.833758   -1.083758 (VIOLATED)
_4730_/B1                               0.750000    1.833758   -1.083758 (VIOLATED)
_4738_/B1                               0.750000    1.833759   -1.083759 (VIOLATED)
_4740_/B1                               0.750000    1.833759   -1.083759 (VIOLATED)
_4734_/B1                               0.750000    1.833757   -1.083757 (VIOLATED)
_4736_/B1                               0.750000    1.833757   -1.083757 (VIOLATED)
_4731_/B1                               0.750000    1.833755   -1.083755 (VIOLATED)
_4717_/B1                               0.750000    1.833753   -1.083753 (VIOLATED)
_4722_/B1                               0.750000    1.833749   -1.083749 (VIOLATED)
_4727_/B1                               0.750000    1.833749   -1.083749 (VIOLATED)
_4743_/B1                               0.750000    1.833747   -1.083747 (VIOLATED)
_4711_/Y                                0.750000    1.833744   -1.083744 (VIOLATED)
_4718_/B1                               0.750000    1.833744   -1.083744 (VIOLATED)
_4728_/B1                               0.750000    1.833744   -1.083744 (VIOLATED)
_4594_/B1                               0.750000    1.833024   -1.083024 (VIOLATED)
_4599_/B1                               0.750000    1.833024   -1.083024 (VIOLATED)
_4575_/B1                               0.750000    1.833022   -1.083022 (VIOLATED)
_4603_/B1                               0.750000    1.833021   -1.083021 (VIOLATED)
_4587_/B1                               0.750000    1.833017   -1.083017 (VIOLATED)
_4583_/B1                               0.750000    1.833014   -1.083014 (VIOLATED)
_4586_/B1                               0.750000    1.833013   -1.083013 (VIOLATED)
_4597_/B1                               0.750000    1.833014   -1.083014 (VIOLATED)
_4598_/B1                               0.750000    1.833014   -1.083014 (VIOLATED)
_4576_/B1                               0.750000    1.833012   -1.083012 (VIOLATED)
_4592_/B1                               0.750000    1.833011   -1.083011 (VIOLATED)
_4579_/B1                               0.750000    1.833009   -1.083009 (VIOLATED)
_4582_/B1                               0.750000    1.833009   -1.083009 (VIOLATED)
_4584_/B1                               0.750000    1.833009   -1.083009 (VIOLATED)
_4593_/B1                               0.750000    1.833009   -1.083009 (VIOLATED)
_4605_/B1                               0.750000    1.833010   -1.083010 (VIOLATED)
_4588_/B1                               0.750000    1.833007   -1.083007 (VIOLATED)
_4595_/B1                               0.750000    1.833008   -1.083008 (VIOLATED)
_4600_/B1                               0.750000    1.833005   -1.083005 (VIOLATED)
_4602_/B1                               0.750000    1.833005   -1.083005 (VIOLATED)
_4604_/B1                               0.750000    1.833003   -1.083003 (VIOLATED)
_4577_/B1                               0.750000    1.833000   -1.083000 (VIOLATED)
_4578_/B1                               0.750000    1.833000   -1.083000 (VIOLATED)
_4589_/B1                               0.750000    1.832998   -1.082998 (VIOLATED)
_4580_/B1                               0.750000    1.832997   -1.082997 (VIOLATED)
_4581_/B1                               0.750000    1.832998   -1.082998 (VIOLATED)
_4596_/B1                               0.750000    1.832998   -1.082998 (VIOLATED)
_4601_/B1                               0.750000    1.832998   -1.082998 (VIOLATED)
_4574_/Y                                0.750000    1.832994   -1.082994 (VIOLATED)
_4585_/B1                               0.750000    1.832994   -1.082994 (VIOLATED)
_4590_/B1                               0.750000    1.832994   -1.082994 (VIOLATED)
_4591_/B1                               0.750000    1.832994   -1.082994 (VIOLATED)
_4606_/B1                               0.750000    1.832994   -1.082994 (VIOLATED)
_4074_/A2                               0.750000    1.832766   -1.082766 (VIOLATED)
_4081_/A2                               0.750000    1.832765   -1.082765 (VIOLATED)
_4086_/A2                               0.750000    1.832763   -1.082763 (VIOLATED)
_4065_/A2                               0.750000    1.832757   -1.082757 (VIOLATED)
_4070_/A2                               0.750000    1.832748   -1.082748 (VIOLATED)
_4075_/A2                               0.750000    1.832739   -1.082739 (VIOLATED)
_4078_/A2                               0.750000    1.832736   -1.082736 (VIOLATED)
_4062_/A2                               0.750000    1.832733   -1.082733 (VIOLATED)
_4063_/A2                               0.750000    1.832734   -1.082734 (VIOLATED)
_4067_/A2                               0.750000    1.832732   -1.082732 (VIOLATED)
_4089_/A2                               0.750000    1.832732   -1.082732 (VIOLATED)
_4087_/A2                               0.750000    1.832731   -1.082731 (VIOLATED)
_4066_/A2                               0.750000    1.832730   -1.082730 (VIOLATED)
_4091_/A2                               0.750000    1.832729   -1.082729 (VIOLATED)
_4064_/A2                               0.750000    1.832727   -1.082727 (VIOLATED)
_4080_/A2                               0.750000    1.832728   -1.082728 (VIOLATED)
_4069_/A2                               0.750000    1.832726   -1.082726 (VIOLATED)
_4077_/A2                               0.750000    1.832726   -1.082726 (VIOLATED)
_4061_/A2                               0.750000    1.832721   -1.082721 (VIOLATED)
_4071_/A2                               0.750000    1.832711   -1.082711 (VIOLATED)
_4085_/A2                               0.750000    1.832710   -1.082710 (VIOLATED)
_4073_/A2                               0.750000    1.832705   -1.082705 (VIOLATED)
_4076_/A2                               0.750000    1.832705   -1.082705 (VIOLATED)
_4082_/A2                               0.750000    1.832705   -1.082705 (VIOLATED)
_4068_/A2                               0.750000    1.832702   -1.082702 (VIOLATED)
_4079_/A2                               0.750000    1.832699   -1.082699 (VIOLATED)
_4059_/B                                0.750000    1.832698   -1.082698 (VIOLATED)
_4083_/A2                               0.750000    1.832698   -1.082698 (VIOLATED)
_4084_/A2                               0.750000    1.832698   -1.082698 (VIOLATED)
_4090_/A2                               0.750000    1.832699   -1.082699 (VIOLATED)
_4072_/A2                               0.750000    1.832696   -1.082696 (VIOLATED)
_4060_/A2                               0.750000    1.832694   -1.082694 (VIOLATED)
_4058_/Y                                0.750000    1.832692   -1.082692 (VIOLATED)
_4088_/A2                               0.750000    1.832692   -1.082692 (VIOLATED)
_4109_/A2                               0.750000    1.832444   -1.082444 (VIOLATED)
_4116_/A2                               0.750000    1.832443   -1.082443 (VIOLATED)
_4121_/A2                               0.750000    1.832441   -1.082441 (VIOLATED)
_4100_/A2                               0.750000    1.832435   -1.082435 (VIOLATED)
_4105_/A2                               0.750000    1.832426   -1.082426 (VIOLATED)
_4110_/A2                               0.750000    1.832417   -1.082417 (VIOLATED)
_4113_/A2                               0.750000    1.832414   -1.082414 (VIOLATED)
_4097_/A2                               0.750000    1.832412   -1.082412 (VIOLATED)
_4098_/A2                               0.750000    1.832412   -1.082412 (VIOLATED)
_4102_/A2                               0.750000    1.832410   -1.082411 (VIOLATED)
_4124_/A2                               0.750000    1.832411   -1.082411 (VIOLATED)
_4122_/A2                               0.750000    1.832409   -1.082409 (VIOLATED)
_4101_/A2                               0.750000    1.832408   -1.082408 (VIOLATED)
_4126_/A2                               0.750000    1.832407   -1.082407 (VIOLATED)
_4099_/A2                               0.750000    1.832405   -1.082405 (VIOLATED)
_4115_/A2                               0.750000    1.832406   -1.082406 (VIOLATED)
_4104_/A2                               0.750000    1.832405   -1.082405 (VIOLATED)
_4112_/A2                               0.750000    1.832404   -1.082404 (VIOLATED)
_4096_/A2                               0.750000    1.832399   -1.082399 (VIOLATED)
_4106_/A2                               0.750000    1.832390   -1.082390 (VIOLATED)
_4120_/A2                               0.750000    1.832389   -1.082389 (VIOLATED)
_4108_/A2                               0.750000    1.832383   -1.082383 (VIOLATED)
_4111_/A2                               0.750000    1.832383   -1.082383 (VIOLATED)
_4117_/A2                               0.750000    1.832384   -1.082384 (VIOLATED)
_4103_/A2                               0.750000    1.832381   -1.082381 (VIOLATED)
_4114_/A2                               0.750000    1.832378   -1.082378 (VIOLATED)
_4094_/B                                0.750000    1.832376   -1.082377 (VIOLATED)
_4118_/A2                               0.750000    1.832377   -1.082377 (VIOLATED)
_4119_/A2                               0.750000    1.832376   -1.082376 (VIOLATED)
_4125_/A2                               0.750000    1.832377   -1.082377 (VIOLATED)
_4107_/A2                               0.750000    1.832374   -1.082374 (VIOLATED)
_4095_/A2                               0.750000    1.832373   -1.082373 (VIOLATED)
_4093_/Y                                0.750000    1.832370   -1.082370 (VIOLATED)
_4123_/A2                               0.750000    1.832370   -1.082370 (VIOLATED)
_4892_/B1                               0.750000    1.825896   -1.075896 (VIOLATED)
_4903_/B1                               0.750000    1.825896   -1.075896 (VIOLATED)
_4910_/B1                               0.750000    1.825895   -1.075895 (VIOLATED)
_4893_/B1                               0.750000    1.825894   -1.075894 (VIOLATED)
_4882_/B1                               0.750000    1.825892   -1.075893 (VIOLATED)
_4907_/B1                               0.750000    1.825894   -1.075894 (VIOLATED)
_4909_/B1                               0.750000    1.825893   -1.075893 (VIOLATED)
_4883_/B1                               0.750000    1.825891   -1.075891 (VIOLATED)
_4905_/B1                               0.750000    1.825892   -1.075892 (VIOLATED)
_4887_/B1                               0.750000    1.825890   -1.075890 (VIOLATED)
_4884_/B1                               0.750000    1.825889   -1.075889 (VIOLATED)
_4889_/B1                               0.750000    1.825889   -1.075889 (VIOLATED)
_4894_/B1                               0.750000    1.825889   -1.075889 (VIOLATED)
_4897_/B1                               0.750000    1.825888   -1.075888 (VIOLATED)
_4881_/B1                               0.750000    1.825887   -1.075887 (VIOLATED)
_4900_/B1                               0.750000    1.825888   -1.075888 (VIOLATED)
_4901_/B1                               0.750000    1.825887   -1.075887 (VIOLATED)
_4891_/B1                               0.750000    1.825884   -1.075885 (VIOLATED)
_4906_/B1                               0.750000    1.825885   -1.075885 (VIOLATED)
_4888_/B1                               0.750000    1.825882   -1.075882 (VIOLATED)
_4898_/B1                               0.750000    1.825882   -1.075882 (VIOLATED)
_4880_/B1                               0.750000    1.825880   -1.075880 (VIOLATED)
_4908_/B1                               0.750000    1.825881   -1.075881 (VIOLATED)
_4885_/B1                               0.750000    1.825879   -1.075879 (VIOLATED)
_4902_/B1                               0.750000    1.825879   -1.075879 (VIOLATED)
_4904_/B1                               0.750000    1.825880   -1.075880 (VIOLATED)
_4899_/B1                               0.750000    1.825878   -1.075878 (VIOLATED)
_4890_/B1                               0.750000    1.825876   -1.075876 (VIOLATED)
_4895_/B1                               0.750000    1.825874   -1.075874 (VIOLATED)
_4911_/B1                               0.750000    1.825874   -1.075874 (VIOLATED)
_4879_/Y                                0.750000    1.825870   -1.075870 (VIOLATED)
_4886_/B1                               0.750000    1.825870   -1.075870 (VIOLATED)
_4896_/B1                               0.750000    1.825870   -1.075870 (VIOLATED)
_4628_/B1                               0.750000    1.822846   -1.072846 (VIOLATED)
_4633_/B1                               0.750000    1.822846   -1.072846 (VIOLATED)
_4609_/B1                               0.750000    1.822844   -1.072844 (VIOLATED)
_4637_/B1                               0.750000    1.822843   -1.072843 (VIOLATED)
_4617_/B1                               0.750000    1.822839   -1.072839 (VIOLATED)
_4620_/B1                               0.750000    1.822838   -1.072838 (VIOLATED)
_4621_/B1                               0.750000    1.822838   -1.072838 (VIOLATED)
_4631_/B1                               0.750000    1.822839   -1.072839 (VIOLATED)
_4610_/B1                               0.750000    1.822836   -1.072836 (VIOLATED)
_4626_/B1                               0.750000    1.822836   -1.072836 (VIOLATED)
_4632_/B1                               0.750000    1.822835   -1.072835 (VIOLATED)
_4613_/B1                               0.750000    1.822833   -1.072833 (VIOLATED)
_4616_/B1                               0.750000    1.822831   -1.072831 (VIOLATED)
_4618_/B1                               0.750000    1.822831   -1.072831 (VIOLATED)
_4627_/B1                               0.750000    1.822832   -1.072832 (VIOLATED)
_4639_/B1                               0.750000    1.822832   -1.072832 (VIOLATED)
_4629_/B1                               0.750000    1.822830   -1.072830 (VIOLATED)
_4622_/B1                               0.750000    1.822829   -1.072829 (VIOLATED)
_4636_/B1                               0.750000    1.822829   -1.072829 (VIOLATED)
_4634_/B1                               0.750000    1.822826   -1.072826 (VIOLATED)
_4638_/B1                               0.750000    1.822827   -1.072827 (VIOLATED)
_4611_/B1                               0.750000    1.822823   -1.072823 (VIOLATED)
_4612_/B1                               0.750000    1.822824   -1.072824 (VIOLATED)
_4615_/B1                               0.750000    1.822821   -1.072821 (VIOLATED)
_4623_/B1                               0.750000    1.822821   -1.072821 (VIOLATED)
_4630_/B1                               0.750000    1.822821   -1.072821 (VIOLATED)
_4635_/B1                               0.750000    1.822821   -1.072821 (VIOLATED)
_4614_/B1                               0.750000    1.822819   -1.072819 (VIOLATED)
_4619_/B1                               0.750000    1.822819   -1.072819 (VIOLATED)
_4624_/B1                               0.750000    1.822818   -1.072818 (VIOLATED)
_4640_/B1                               0.750000    1.822817   -1.072817 (VIOLATED)
_4608_/Y                                0.750000    1.822814   -1.072814 (VIOLATED)
_4625_/B1                               0.750000    1.822814   -1.072814 (VIOLATED)
_4858_/B1                               0.750000    1.821120   -1.071120 (VIOLATED)
_4869_/B1                               0.750000    1.821119   -1.071119 (VIOLATED)
_4876_/B1                               0.750000    1.821118   -1.071118 (VIOLATED)
_4859_/B1                               0.750000    1.821117   -1.071117 (VIOLATED)
_4871_/B1                               0.750000    1.821115   -1.071115 (VIOLATED)
_4848_/B1                               0.750000    1.821112   -1.071112 (VIOLATED)
_4853_/B1                               0.750000    1.821113   -1.071113 (VIOLATED)
_4873_/B1                               0.750000    1.821113   -1.071113 (VIOLATED)
_4875_/B1                               0.750000    1.821113   -1.071113 (VIOLATED)
_4849_/B1                               0.750000    1.821110   -1.071110 (VIOLATED)
_4850_/B1                               0.750000    1.821110   -1.071110 (VIOLATED)
_4855_/B1                               0.750000    1.821111   -1.071111 (VIOLATED)
_4863_/B1                               0.750000    1.821110   -1.071110 (VIOLATED)
_4866_/B1                               0.750000    1.821110   -1.071111 (VIOLATED)
_4847_/B1                               0.750000    1.821109   -1.071109 (VIOLATED)
_4860_/B1                               0.750000    1.821109   -1.071109 (VIOLATED)
_4857_/B1                               0.750000    1.821106   -1.071106 (VIOLATED)
_4867_/B1                               0.750000    1.821107   -1.071107 (VIOLATED)
_4854_/B1                               0.750000    1.821103   -1.071103 (VIOLATED)
_4864_/B1                               0.750000    1.821104   -1.071104 (VIOLATED)
_4872_/B1                               0.750000    1.821104   -1.071104 (VIOLATED)
_4846_/B1                               0.750000    1.821101   -1.071101 (VIOLATED)
_4874_/B1                               0.750000    1.821102   -1.071102 (VIOLATED)
_4868_/B1                               0.750000    1.821100   -1.071100 (VIOLATED)
_4870_/B1                               0.750000    1.821101   -1.071101 (VIOLATED)
_4851_/B1                               0.750000    1.821098   -1.071098 (VIOLATED)
_4865_/B1                               0.750000    1.821099   -1.071099 (VIOLATED)
_4856_/B1                               0.750000    1.821094   -1.071094 (VIOLATED)
_4861_/B1                               0.750000    1.821094   -1.071094 (VIOLATED)
_4877_/B1                               0.750000    1.821092   -1.071092 (VIOLATED)
_4845_/Y                                0.750000    1.821088   -1.071088 (VIOLATED)
_4852_/B1                               0.750000    1.821088   -1.071088 (VIOLATED)
_4862_/B1                               0.750000    1.821088   -1.071088 (VIOLATED)
_4662_/B1                               0.750000    1.819571   -1.069571 (VIOLATED)
_4667_/B1                               0.750000    1.819571   -1.069571 (VIOLATED)
_4643_/B1                               0.750000    1.819569   -1.069569 (VIOLATED)
_4671_/B1                               0.750000    1.819568   -1.069568 (VIOLATED)
_4651_/B1                               0.750000    1.819563   -1.069563 (VIOLATED)
_4655_/B1                               0.750000    1.819564   -1.069564 (VIOLATED)
_4654_/B1                               0.750000    1.819562   -1.069562 (VIOLATED)
_4665_/B1                               0.750000    1.819563   -1.069563 (VIOLATED)
_4644_/B1                               0.750000    1.819560   -1.069560 (VIOLATED)
_4666_/B1                               0.750000    1.819561   -1.069561 (VIOLATED)
_4660_/B1                               0.750000    1.819560   -1.069560 (VIOLATED)
_4647_/B1                               0.750000    1.819558   -1.069558 (VIOLATED)
_4650_/B1                               0.750000    1.819557   -1.069557 (VIOLATED)
_4652_/B1                               0.750000    1.819557   -1.069557 (VIOLATED)
_4661_/B1                               0.750000    1.819557   -1.069557 (VIOLATED)
_4673_/B1                               0.750000    1.819558   -1.069558 (VIOLATED)
_4663_/B1                               0.750000    1.819556   -1.069556 (VIOLATED)
_4656_/B1                               0.750000    1.819554   -1.069554 (VIOLATED)
_4670_/B1                               0.750000    1.819553   -1.069553 (VIOLATED)
_4668_/B1                               0.750000    1.819552   -1.069552 (VIOLATED)
_4672_/B1                               0.750000    1.819551   -1.069551 (VIOLATED)
_4645_/B1                               0.750000    1.819548   -1.069548 (VIOLATED)
_4646_/B1                               0.750000    1.819549   -1.069549 (VIOLATED)
_4649_/B1                               0.750000    1.819546   -1.069546 (VIOLATED)
_4657_/B1                               0.750000    1.819546   -1.069546 (VIOLATED)
_4664_/B1                               0.750000    1.819546   -1.069546 (VIOLATED)
_4669_/B1                               0.750000    1.819546   -1.069546 (VIOLATED)
_4648_/B1                               0.750000    1.819545   -1.069545 (VIOLATED)
_4653_/B1                               0.750000    1.819544   -1.069544 (VIOLATED)
_4658_/B1                               0.750000    1.819543   -1.069543 (VIOLATED)
_4674_/B1                               0.750000    1.819543   -1.069543 (VIOLATED)
_4642_/Y                                0.750000    1.819541   -1.069541 (VIOLATED)
_4659_/B1                               0.750000    1.819541   -1.069541 (VIOLATED)
_4560_/B1                               0.750000    1.816586   -1.066586 (VIOLATED)
_4565_/B1                               0.750000    1.816586   -1.066586 (VIOLATED)
_4549_/B1                               0.750000    1.816583   -1.066583 (VIOLATED)
_4563_/B1                               0.750000    1.816584   -1.066584 (VIOLATED)
_4552_/B1                               0.750000    1.816581   -1.066581 (VIOLATED)
_4542_/B1                               0.750000    1.816577   -1.066577 (VIOLATED)
_4558_/B1                               0.750000    1.816578   -1.066578 (VIOLATED)
_4545_/B1                               0.750000    1.816573   -1.066573 (VIOLATED)
_4541_/B1                               0.750000    1.816566   -1.066566 (VIOLATED)
_4568_/B1                               0.750000    1.816567   -1.066567 (VIOLATED)
_4569_/B1                               0.750000    1.816566   -1.066566 (VIOLATED)
_4553_/B1                               0.750000    1.816564   -1.066564 (VIOLATED)
_4570_/B1                               0.750000    1.816564   -1.066564 (VIOLATED)
_4564_/B1                               0.750000    1.816563   -1.066563 (VIOLATED)
_4548_/B1                               0.750000    1.816561   -1.066561 (VIOLATED)
_4550_/B1                               0.750000    1.816561   -1.066561 (VIOLATED)
_4559_/B1                               0.750000    1.816562   -1.066562 (VIOLATED)
_4543_/B1                               0.750000    1.816560   -1.066560 (VIOLATED)
_4561_/B1                               0.750000    1.816560   -1.066560 (VIOLATED)
_4571_/B1                               0.750000    1.816561   -1.066561 (VIOLATED)
_4544_/B1                               0.750000    1.816559   -1.066559 (VIOLATED)
_4554_/B1                               0.750000    1.816559   -1.066559 (VIOLATED)
_4566_/B1                               0.750000    1.816558   -1.066558 (VIOLATED)
_4547_/B1                               0.750000    1.816555   -1.066555 (VIOLATED)
_4555_/B1                               0.750000    1.816555   -1.066555 (VIOLATED)
_4562_/B1                               0.750000    1.816555   -1.066555 (VIOLATED)
_4567_/B1                               0.750000    1.816555   -1.066555 (VIOLATED)
_4546_/B1                               0.750000    1.816554   -1.066554 (VIOLATED)
_4551_/B1                               0.750000    1.816553   -1.066553 (VIOLATED)
_4556_/B1                               0.750000    1.816552   -1.066552 (VIOLATED)
_4572_/B1                               0.750000    1.816552   -1.066552 (VIOLATED)
_4540_/Y                                0.750000    1.816550   -1.066550 (VIOLATED)
_4557_/B1                               0.750000    1.816550   -1.066550 (VIOLATED)
_3838_/C1                               0.750000    1.811029   -1.061029 (VIOLATED)
_3303_/A1                               0.750000    1.811028   -1.061028 (VIOLATED)
_3887_/C1                               0.750000    1.811029   -1.061029 (VIOLATED)
_3833_/B2                               0.750000    1.811027   -1.061027 (VIOLATED)
_3329_/A1                               0.750000    1.811026   -1.061026 (VIOLATED)
_3570_/C1                               0.750000    1.811027   -1.061027 (VIOLATED)
_3724_/A1                               0.750000    1.811027   -1.061027 (VIOLATED)
_3417_/A1                               0.750000    1.811024   -1.061024 (VIOLATED)
_3463_/A1                               0.750000    1.811024   -1.061024 (VIOLATED)
_3656_/C1                               0.750000    1.811024   -1.061024 (VIOLATED)
_3703_/A1                               0.750000    1.811024   -1.061024 (VIOLATED)
_3526_/A1                               0.750000    1.811021   -1.061021 (VIOLATED)
_3807_/C1                               0.750000    1.811022   -1.061022 (VIOLATED)
_3548_/C1                               0.750000    1.811020   -1.061020 (VIOLATED)
_3769_/C1                               0.750000    1.811021   -1.061021 (VIOLATED)
_3876_/A1                               0.750000    1.811022   -1.061022 (VIOLATED)
_3922_/A1                               0.750000    1.811019   -1.061019 (VIOLATED)
_3286_/A1                               0.750000    1.811018   -1.061018 (VIOLATED)
_3350_/A1                               0.750000    1.811018   -1.061018 (VIOLATED)
_3635_/A1                               0.750000    1.811018   -1.061018 (VIOLATED)
_3388_/B1                               0.750000    1.811015   -1.061015 (VIOLATED)
_3434_/C1                               0.750000    1.811015   -1.061015 (VIOLATED)
_3504_/A1                               0.750000    1.811016   -1.061016 (VIOLATED)
_3232_/Y                                0.750000    1.811011   -1.061011 (VIOLATED)
_3235_/C_N                              0.750000    1.811011   -1.061011 (VIOLATED)
_3263_/B2                               0.750000    1.811011   -1.061011 (VIOLATED)
_3593_/A1                               0.750000    1.811011   -1.061011 (VIOLATED)
_3679_/B2                               0.750000    1.811011   -1.061011 (VIOLATED)
_3747_/B2                               0.750000    1.811011   -1.061011 (VIOLATED)
_3787_/B1                               0.750000    1.811011   -1.061011 (VIOLATED)
_3939_/A1                               0.750000    1.811011   -1.061011 (VIOLATED)
_3562_/A                                0.750000    1.794051   -1.044051 (VIOLATED)
_3714_/A1                               0.750000    1.794052   -1.044052 (VIOLATED)
_3716_/A                                0.750000    1.794051   -1.044051 (VIOLATED)
_3294_/A                                0.750000    1.794050   -1.044050 (VIOLATED)
_3302_/A1                               0.750000    1.794050   -1.044050 (VIOLATED)
_3323_/S                                0.750000    1.794050   -1.044050 (VIOLATED)
_3560_/A1                               0.750000    1.794050   -1.044050 (VIOLATED)
_3570_/A1                               0.750000    1.794051   -1.044051 (VIOLATED)
_3816_/A                                0.750000    1.794051   -1.044051 (VIOLATED)
_3328_/A1                               0.750000    1.794048   -1.044048 (VIOLATED)
_3827_/S                                0.750000    1.794049   -1.044049 (VIOLATED)
_3319_/A1                               0.750000    1.794043   -1.044043 (VIOLATED)
_3305_/A                                0.750000    1.794037   -1.044037 (VIOLATED)
_3344_/S                                0.750000    1.794038   -1.044038 (VIOLATED)
_3624_/A1                               0.750000    1.794037   -1.044037 (VIOLATED)
_3626_/A                                0.750000    1.794038   -1.044038 (VIOLATED)
_3349_/A1                               0.750000    1.794036   -1.044036 (VIOLATED)
_3315_/A1                               0.750000    1.794035   -1.044035 (VIOLATED)
_3887_/A1                               0.750000    1.794035   -1.044035 (VIOLATED)
_3838_/A1                               0.750000    1.794033   -1.044033 (VIOLATED)
_3889_/A                                0.750000    1.794031   -1.044031 (VIOLATED)
_3853_/A1                               0.750000    1.794030   -1.044030 (VIOLATED)
_3282_/A                                0.750000    1.794028   -1.044028 (VIOLATED)
_3634_/A1                               0.750000    1.794028   -1.044028 (VIOLATED)
_3723_/A1                               0.750000    1.794028   -1.044028 (VIOLATED)
_3337_/A                                0.750000    1.794026   -1.044026 (VIOLATED)
_3364_/A1                               0.750000    1.794026   -1.044026 (VIOLATED)
_3823_/A1                               0.750000    1.794027   -1.044027 (VIOLATED)
_3832_/A1                               0.750000    1.794028   -1.044028 (VIOLATED)
_3845_/A                                0.750000    1.794027   -1.044027 (VIOLATED)
_3897_/A1                               0.750000    1.794026   -1.044026 (VIOLATED)
_3279_/A1                               0.750000    1.794025   -1.044025 (VIOLATED)
_3355_/A1                               0.750000    1.794025   -1.044025 (VIOLATED)
_3335_/A1                               0.750000    1.794022   -1.044022 (VIOLATED)
_3467_/S                                0.750000    1.794023   -1.044023 (VIOLATED)
_3476_/A1                               0.750000    1.794021   -1.044021 (VIOLATED)
_3843_/A1                               0.750000    1.794020   -1.044020 (VIOLATED)
_3271_/A                                0.750000    1.794018   -1.044018 (VIOLATED)
_3434_/A1                               0.750000    1.794017   -1.044017 (VIOLATED)
_3436_/A                                0.750000    1.794017   -1.044017 (VIOLATED)
_3470_/S                                0.750000    1.794018   -1.044018 (VIOLATED)
_3496_/A                                0.750000    1.794018   -1.044018 (VIOLATED)
_3503_/A1                               0.750000    1.794017   -1.044017 (VIOLATED)
_3494_/A1                               0.750000    1.794015   -1.044015 (VIOLATED)
_3941_/A                                0.750000    1.794016   -1.044016 (VIOLATED)
_3938_/A1                               0.750000    1.794014   -1.044014 (VIOLATED)
_3359_/S                                0.750000    1.794013   -1.044013 (VIOLATED)
_3369_/A1                               0.750000    1.794012   -1.044012 (VIOLATED)
_3930_/A                                0.750000    1.794012   -1.044012 (VIOLATED)
_3421_/A                                0.750000    1.794008   -1.044008 (VIOLATED)
_3412_/A                                0.750000    1.794006   -1.044006 (VIOLATED)
_3454_/A                                0.750000    1.794006   -1.044006 (VIOLATED)
_3459_/A                                0.750000    1.794005   -1.044005 (VIOLATED)
_3408_/A                                0.750000    1.794003   -1.044003 (VIOLATED)
_3481_/A1                               0.750000    1.794004   -1.044004 (VIOLATED)
_3406_/A1                               0.750000    1.794001   -1.044001 (VIOLATED)
_3538_/A1                               0.750000    1.794002   -1.044002 (VIOLATED)
_3548_/A1                               0.750000    1.794002   -1.044002 (VIOLATED)
_3807_/A1                               0.750000    1.794002   -1.044002 (VIOLATED)
_3918_/A                                0.750000    1.794002   -1.044002 (VIOLATED)
_3582_/A1                               0.750000    1.794001   -1.044001 (VIOLATED)
_3592_/A1                               0.750000    1.794001   -1.044001 (VIOLATED)
_3641_/A1                               0.750000    1.794001   -1.044001 (VIOLATED)
_3643_/A                                0.750000    1.794001   -1.044001 (VIOLATED)
_3800_/A                                0.750000    1.794000   -1.044000 (VIOLATED)
_3696_/A1                               0.750000    1.793999   -1.043999 (VIOLATED)
_3448_/A                                0.750000    1.793997   -1.043997 (VIOLATED)
_3584_/A                                0.750000    1.793997   -1.043997 (VIOLATED)
_3656_/A1                               0.750000    1.793997   -1.043997 (VIOLATED)
_3687_/A                                0.750000    1.793997   -1.043997 (VIOLATED)
_3611_/A1                               0.750000    1.793995   -1.043995 (VIOLATED)
_3796_/A                                0.750000    1.793996   -1.043996 (VIOLATED)
_3512_/A                                0.750000    1.793993   -1.043993 (VIOLATED)
_3518_/A                                0.750000    1.793993   -1.043993 (VIOLATED)
_3812_/A1                               0.750000    1.793994   -1.043994 (VIOLATED)
_3522_/A                                0.750000    1.793992   -1.043993 (VIOLATED)
_3649_/A                                0.750000    1.793993   -1.043993 (VIOLATED)
_3597_/S                                0.750000    1.793992   -1.043992 (VIOLATED)
_3758_/A1                               0.750000    1.793992   -1.043992 (VIOLATED)
_3769_/A1                               0.750000    1.793992   -1.043992 (VIOLATED)
_3865_/A1                               0.750000    1.793991   -1.043991 (VIOLATED)
_3867_/A                                0.750000    1.793991   -1.043991 (VIOLATED)
_3875_/A1                               0.750000    1.793991   -1.043991 (VIOLATED)
_3912_/A                                0.750000    1.793991   -1.043991 (VIOLATED)
_3244_/A                                0.750000    1.793990   -1.043990 (VIOLATED)
_3255_/A1                               0.750000    1.793991   -1.043991 (VIOLATED)
_3760_/A                                0.750000    1.793990   -1.043990 (VIOLATED)
_3258_/A                                0.750000    1.793988   -1.043988 (VIOLATED)
_3606_/A1                               0.750000    1.793988   -1.043988 (VIOLATED)
_3540_/A                                0.750000    1.793985   -1.043985 (VIOLATED)
_3600_/S                                0.750000    1.793985   -1.043985 (VIOLATED)
_3906_/A                                0.750000    1.793985   -1.043985 (VIOLATED)
_2494_/Y                                0.750000    1.793977   -1.043977 (VIOLATED)
_4065_/B1                               0.750000    1.790087   -1.040087 (VIOLATED)
_4070_/B1                               0.750000    1.790085   -1.040085 (VIOLATED)
_4081_/B1                               0.750000    1.790083   -1.040083 (VIOLATED)
_4086_/B1                               0.750000    1.790083   -1.040084 (VIOLATED)
_4066_/B1                               0.750000    1.790082   -1.040082 (VIOLATED)
_4074_/B1                               0.750000    1.790083   -1.040083 (VIOLATED)
_4075_/B1                               0.750000    1.790084   -1.040084 (VIOLATED)
_4078_/B1                               0.750000    1.790083   -1.040083 (VIOLATED)
_4067_/B1                               0.750000    1.790082   -1.040082 (VIOLATED)
_4063_/B1                               0.750000    1.790080   -1.040081 (VIOLATED)
_4091_/B1                               0.750000    1.790081   -1.040081 (VIOLATED)
_4062_/B1                               0.750000    1.790079   -1.040079 (VIOLATED)
_4069_/B1                               0.750000    1.790080   -1.040080 (VIOLATED)
_4080_/B1                               0.750000    1.790081   -1.040081 (VIOLATED)
_4087_/B1                               0.750000    1.790078   -1.040078 (VIOLATED)
_4089_/B1                               0.750000    1.790078   -1.040078 (VIOLATED)
_4061_/B1                               0.750000    1.790074   -1.040074 (VIOLATED)
_4064_/B1                               0.750000    1.790074   -1.040074 (VIOLATED)
_4077_/B1                               0.750000    1.790074   -1.040074 (VIOLATED)
_4085_/B1                               0.750000    1.790074   -1.040074 (VIOLATED)
_4071_/B1                               0.750000    1.790072   -1.040072 (VIOLATED)
_4059_/Y                                0.750000    1.790070   -1.040070 (VIOLATED)
_4060_/B1                               0.750000    1.790070   -1.040070 (VIOLATED)
_4068_/B1                               0.750000    1.790070   -1.040070 (VIOLATED)
_4072_/B1                               0.750000    1.790070   -1.040070 (VIOLATED)
_4073_/B1                               0.750000    1.790070   -1.040070 (VIOLATED)
_4076_/B1                               0.750000    1.790070   -1.040070 (VIOLATED)
_4079_/B1                               0.750000    1.790070   -1.040070 (VIOLATED)
_4082_/B1                               0.750000    1.790070   -1.040070 (VIOLATED)
_4083_/B1                               0.750000    1.790070   -1.040070 (VIOLATED)
_4084_/B1                               0.750000    1.790070   -1.040070 (VIOLATED)
_4088_/B1                               0.750000    1.790070   -1.040070 (VIOLATED)
_4090_/B1                               0.750000    1.790070   -1.040070 (VIOLATED)
_2675_/C1                               0.750000    1.788054   -1.038054 (VIOLATED)
_2927_/C1                               0.750000    1.788054   -1.038054 (VIOLATED)
_2734_/A1                               0.750000    1.788053   -1.038053 (VIOLATED)
_2977_/C1                               0.750000    1.788052   -1.038052 (VIOLATED)
_3079_/C1                               0.750000    1.788045   -1.038045 (VIOLATED)
_3207_/A1                               0.750000    1.788042   -1.038042 (VIOLATED)
_2825_/B2                               0.750000    1.788031   -1.038031 (VIOLATED)
_2869_/C1                               0.750000    1.788021   -1.038021 (VIOLATED)
_3224_/A1                               0.750000    1.788021   -1.038021 (VIOLATED)
_2751_/A1                               0.750000    1.788019   -1.038019 (VIOLATED)
_2641_/A1                               0.750000    1.788017   -1.038017 (VIOLATED)
_2658_/A1                               0.750000    1.788017   -1.038017 (VIOLATED)
_3112_/A1                               0.750000    1.788013   -1.038013 (VIOLATED)
_2893_/A1                               0.750000    1.788010   -1.038010 (VIOLATED)
_2995_/C1                               0.750000    1.788010   -1.038010 (VIOLATED)
_2832_/B1                               0.750000    1.788006   -1.038006 (VIOLATED)
_2584_/C1                               0.750000    1.788000   -1.038000 (VIOLATED)
_2797_/A1                               0.750000    1.787999   -1.037999 (VIOLATED)
_3040_/C1                               0.750000    1.787999   -1.037999 (VIOLATED)
_3152_/C1                               0.750000    1.787997   -1.037997 (VIOLATED)
_2525_/A2                               0.750000    1.787996   -1.037996 (VIOLATED)
_2561_/C_N                              0.750000    1.787997   -1.037997 (VIOLATED)
_3185_/B2                               0.750000    1.787997   -1.037997 (VIOLATED)
_2954_/C1                               0.750000    1.787992   -1.037992 (VIOLATED)
_3067_/A1                               0.750000    1.787993   -1.037993 (VIOLATED)
_3017_/C1                               0.750000    1.787990   -1.037990 (VIOLATED)
_2711_/B2                               0.750000    1.787989   -1.037989 (VIOLATED)
_3141_/A1                               0.750000    1.787988   -1.037988 (VIOLATED)
_2780_/A1                               0.750000    1.787986   -1.037986 (VIOLATED)
_2516_/Y                                0.750000    1.787984   -1.037984 (VIOLATED)
_2549_/A1                               0.750000    1.787984   -1.037984 (VIOLATED)
_2916_/A1                               0.750000    1.787984   -1.037984 (VIOLATED)
_4100_/B1                               0.750000    1.787774   -1.037774 (VIOLATED)
_4105_/B1                               0.750000    1.787773   -1.037773 (VIOLATED)
_4109_/B1                               0.750000    1.787771   -1.037771 (VIOLATED)
_4110_/B1                               0.750000    1.787771   -1.037771 (VIOLATED)
_4116_/B1                               0.750000    1.787772   -1.037772 (VIOLATED)
_4121_/B1                               0.750000    1.787772   -1.037772 (VIOLATED)
_4113_/B1                               0.750000    1.787770   -1.037770 (VIOLATED)
_4098_/B1                               0.750000    1.787769   -1.037769 (VIOLATED)
_4101_/B1                               0.750000    1.787769   -1.037769 (VIOLATED)
_4102_/B1                               0.750000    1.787769   -1.037769 (VIOLATED)
_4097_/B1                               0.750000    1.787768   -1.037768 (VIOLATED)
_4104_/B1                               0.750000    1.787767   -1.037767 (VIOLATED)
_4115_/B1                               0.750000    1.787768   -1.037768 (VIOLATED)
_4126_/B1                               0.750000    1.787769   -1.037769 (VIOLATED)
_4122_/B1                               0.750000    1.787766   -1.037766 (VIOLATED)
_4124_/B1                               0.750000    1.787766   -1.037766 (VIOLATED)
_4096_/B1                               0.750000    1.787761   -1.037761 (VIOLATED)
_4099_/B1                               0.750000    1.787762   -1.037762 (VIOLATED)
_4112_/B1                               0.750000    1.787762   -1.037762 (VIOLATED)
_4120_/B1                               0.750000    1.787761   -1.037761 (VIOLATED)
_4106_/B1                               0.750000    1.787760   -1.037760 (VIOLATED)
_4094_/Y                                0.750000    1.787758   -1.037758 (VIOLATED)
_4095_/B1                               0.750000    1.787758   -1.037758 (VIOLATED)
_4103_/B1                               0.750000    1.787758   -1.037758 (VIOLATED)
_4107_/B1                               0.750000    1.787758   -1.037758 (VIOLATED)
_4108_/B1                               0.750000    1.787758   -1.037758 (VIOLATED)
_4111_/B1                               0.750000    1.787758   -1.037758 (VIOLATED)
_4114_/B1                               0.750000    1.787758   -1.037758 (VIOLATED)
_4117_/B1                               0.750000    1.787758   -1.037758 (VIOLATED)
_4118_/B1                               0.750000    1.787758   -1.037758 (VIOLATED)
_4119_/B1                               0.750000    1.787758   -1.037758 (VIOLATED)
_4123_/B1                               0.750000    1.787758   -1.037758 (VIOLATED)
_4125_/B1                               0.750000    1.787758   -1.037758 (VIOLATED)
_3565_/B2                               0.750000    1.770446   -1.020446 (VIOLATED)
_3569_/A1                               0.750000    1.770445   -1.020445 (VIOLATED)
_3327_/B2                               0.750000    1.770443   -1.020443 (VIOLATED)
_3559_/B2                               0.750000    1.770442   -1.020442 (VIOLATED)
_3320_/A1                               0.750000    1.770441   -1.020441 (VIOLATED)
_3314_/A1                               0.750000    1.770440   -1.020440 (VIOLATED)
_3823_/B2                               0.750000    1.770440   -1.020440 (VIOLATED)
_3349_/B2                               0.750000    1.770439   -1.020439 (VIOLATED)
_3623_/B2                               0.750000    1.770439   -1.020439 (VIOLATED)
_3278_/B2                               0.750000    1.770437   -1.020437 (VIOLATED)
_3340_/B2                               0.750000    1.770438   -1.020438 (VIOLATED)
_3297_/A1                               0.750000    1.770436   -1.020436 (VIOLATED)
_3301_/B2                               0.750000    1.770436   -1.020436 (VIOLATED)
_3848_/B2                               0.750000    1.770434   -1.020434 (VIOLATED)
_3852_/B2                               0.750000    1.770435   -1.020435 (VIOLATED)
_3886_/A1                               0.750000    1.770435   -1.020435 (VIOLATED)
_3892_/B2                               0.750000    1.770435   -1.020435 (VIOLATED)
_3308_/A1                               0.750000    1.770433   -1.020433 (VIOLATED)
_3713_/B2                               0.750000    1.770430   -1.020430 (VIOLATED)
_3722_/B2                               0.750000    1.770429   -1.020429 (VIOLATED)
_3819_/A1                               0.750000    1.770429   -1.020429 (VIOLATED)
_3416_/A1                               0.750000    1.770426   -1.020426 (VIOLATED)
_3457_/B2                               0.750000    1.770427   -1.020427 (VIOLATED)
_3831_/B2                               0.750000    1.770427   -1.020427 (VIOLATED)
_3364_/B2                               0.750000    1.770425   -1.020425 (VIOLATED)
_3646_/A1                               0.750000    1.770425   -1.020425 (VIOLATED)
_3896_/A1                               0.750000    1.770425   -1.020425 (VIOLATED)
_3404_/A                                0.750000    1.770424   -1.020424 (VIOLATED)
_3355_/B2                               0.750000    1.770422   -1.020422 (VIOLATED)
_3640_/B2                               0.750000    1.770422   -1.020422 (VIOLATED)
_3581_/B2                               0.750000    1.770420   -1.020420 (VIOLATED)
_3591_/B2                               0.750000    1.770418   -1.020418 (VIOLATED)
_3476_/B2                               0.750000    1.770417   -1.020417 (VIOLATED)
_3274_/A1                               0.750000    1.770413   -1.020413 (VIOLATED)
_3285_/A1                               0.750000    1.770414   -1.020414 (VIOLATED)
_3632_/A                                0.750000    1.770413   -1.020413 (VIOLATED)
_3944_/B2                               0.750000    1.770413   -1.020413 (VIOLATED)
_3439_/B2                               0.750000    1.770410   -1.020410 (VIOLATED)
_3452_/A1                               0.750000    1.770410   -1.020410 (VIOLATED)
_3502_/B2                               0.750000    1.770411   -1.020411 (VIOLATED)
_3655_/A1                               0.750000    1.770411   -1.020411 (VIOLATED)
_3690_/B2                               0.750000    1.770409   -1.020409 (VIOLATED)
_3587_/A1                               0.750000    1.770408   -1.020408 (VIOLATED)
_3493_/A1                               0.750000    1.770406   -1.020407 (VIOLATED)
_3694_/A                                0.750000    1.770406   -1.020406 (VIOLATED)
_3937_/B2                               0.750000    1.770406   -1.020406 (VIOLATED)
_3334_/B2                               0.750000    1.770403   -1.020403 (VIOLATED)
_3842_/B2                               0.750000    1.770403   -1.020403 (VIOLATED)
_3933_/A1                               0.750000    1.770402   -1.020402 (VIOLATED)
_3424_/B2                               0.750000    1.770400   -1.020400 (VIOLATED)
_3611_/B2                               0.750000    1.770396   -1.020396 (VIOLATED)
_3369_/B2                               0.750000    1.770392   -1.020392 (VIOLATED)
_3757_/B2                               0.750000    1.770387   -1.020387 (VIOLATED)
_3768_/A1                               0.750000    1.770387   -1.020387 (VIOLATED)
_3249_/A1                               0.750000    1.770386   -1.020386 (VIOLATED)
_3254_/A1                               0.750000    1.770386   -1.020386 (VIOLATED)
_3481_/B2                               0.750000    1.770386   -1.020386 (VIOLATED)
_3516_/A1                               0.750000    1.770387   -1.020387 (VIOLATED)
_3525_/B2                               0.750000    1.770386   -1.020386 (VIOLATED)
_3864_/B2                               0.750000    1.770386   -1.020386 (VIOLATED)
_3606_/B2                               0.750000    1.770384   -1.020384 (VIOLATED)
_3874_/A1                               0.750000    1.770384   -1.020384 (VIOLATED)
_3763_/A                                0.750000    1.770381   -1.020381 (VIOLATED)
_3916_/A1                               0.750000    1.770381   -1.020381 (VIOLATED)
_3262_/B2                               0.750000    1.770378   -1.020378 (VIOLATED)
_3537_/A1                               0.750000    1.770377   -1.020377 (VIOLATED)
_3547_/A1                               0.750000    1.770378   -1.020378 (VIOLATED)
_3803_/A1                               0.750000    1.770377   -1.020377 (VIOLATED)
_3910_/A1                               0.750000    1.770378   -1.020378 (VIOLATED)
_3811_/B2                               0.750000    1.770376   -1.020376 (VIOLATED)
_3543_/B2                               0.750000    1.770374   -1.020374 (VIOLATED)
_3239_/Y                                0.750000    1.770372   -1.020372 (VIOLATED)
_4996_/A2                               0.750000    1.762847   -1.012847 (VIOLATED)
_5003_/A2                               0.750000    1.762847   -1.012848 (VIOLATED)
_5008_/A2                               0.750000    1.762848   -1.012848 (VIOLATED)
_4985_/A2                               0.750000    1.762843   -1.012843 (VIOLATED)
_4987_/A2                               0.750000    1.762841   -1.012841 (VIOLATED)
_4984_/A2                               0.750000    1.762839   -1.012839 (VIOLATED)
_4992_/A2                               0.750000    1.762840   -1.012840 (VIOLATED)
_4988_/A2                               0.750000    1.762836   -1.012836 (VIOLATED)
_4997_/A2                               0.750000    1.762836   -1.012836 (VIOLATED)
_5011_/A2                               0.750000    1.762836   -1.012836 (VIOLATED)
_4989_/A2                               0.750000    1.762835   -1.012835 (VIOLATED)
_5000_/A2                               0.750000    1.762834   -1.012834 (VIOLATED)
_5013_/A2                               0.750000    1.762834   -1.012834 (VIOLATED)
_5002_/A2                               0.750000    1.762833   -1.012833 (VIOLATED)
_5009_/A2                               0.750000    1.762832   -1.012832 (VIOLATED)
_4986_/A2                               0.750000    1.762830   -1.012830 (VIOLATED)
_4991_/A2                               0.750000    1.762830   -1.012830 (VIOLATED)
_4999_/A2                               0.750000    1.762829   -1.012829 (VIOLATED)
_4983_/A2                               0.750000    1.762824   -1.012824 (VIOLATED)
_5007_/A2                               0.750000    1.762816   -1.012816 (VIOLATED)
_4993_/A2                               0.750000    1.762810   -1.012810 (VIOLATED)
_4995_/A2                               0.750000    1.762810   -1.012810 (VIOLATED)
_5004_/A2                               0.750000    1.762806   -1.012806 (VIOLATED)
_4990_/A2                               0.750000    1.762805   -1.012805 (VIOLATED)
_4998_/A2                               0.750000    1.762805   -1.012805 (VIOLATED)
_5012_/A2                               0.750000    1.762806   -1.012806 (VIOLATED)
_5006_/A2                               0.750000    1.762801   -1.012801 (VIOLATED)
_4981_/B                                0.750000    1.762800   -1.012800 (VIOLATED)
_5001_/A2                               0.750000    1.762796   -1.012796 (VIOLATED)
_4980_/Y                                0.750000    1.762790   -1.012790 (VIOLATED)
_4982_/A2                               0.750000    1.762790   -1.012790 (VIOLATED)
_4994_/A2                               0.750000    1.762790   -1.012790 (VIOLATED)
_5005_/A2                               0.750000    1.762790   -1.012790 (VIOLATED)
_5010_/A2                               0.750000    1.762790   -1.012790 (VIOLATED)
_4974_/A2                               0.750000    1.761696   -1.011696 (VIOLATED)
_4962_/A2                               0.750000    1.761695   -1.011695 (VIOLATED)
_4969_/A2                               0.750000    1.761695   -1.011695 (VIOLATED)
_4953_/A2                               0.750000    1.761692   -1.011692 (VIOLATED)
_4951_/A2                               0.750000    1.761691   -1.011691 (VIOLATED)
_4958_/A2                               0.750000    1.761690   -1.011690 (VIOLATED)
_4950_/A2                               0.750000    1.761687   -1.011687 (VIOLATED)
_4954_/A2                               0.750000    1.761687   -1.011687 (VIOLATED)
_4955_/A2                               0.750000    1.761688   -1.011688 (VIOLATED)
_4963_/A2                               0.750000    1.761687   -1.011687 (VIOLATED)
_4966_/A2                               0.750000    1.761687   -1.011687 (VIOLATED)
_4968_/A2                               0.750000    1.761684   -1.011684 (VIOLATED)
_4977_/A2                               0.750000    1.761684   -1.011684 (VIOLATED)
_4979_/A2                               0.750000    1.761685   -1.011685 (VIOLATED)
_4957_/A2                               0.750000    1.761679   -1.011679 (VIOLATED)
_4975_/A2                               0.750000    1.761680   -1.011680 (VIOLATED)
_4952_/A2                               0.750000    1.761677   -1.011677 (VIOLATED)
_4965_/A2                               0.750000    1.761677   -1.011677 (VIOLATED)
_4949_/A2                               0.750000    1.761672   -1.011672 (VIOLATED)
_4973_/A2                               0.750000    1.761665   -1.011665 (VIOLATED)
_4959_/A2                               0.750000    1.761658   -1.011658 (VIOLATED)
_4961_/A2                               0.750000    1.761658   -1.011658 (VIOLATED)
_4956_/A2                               0.750000    1.761653   -1.011653 (VIOLATED)
_4964_/A2                               0.750000    1.761653   -1.011653 (VIOLATED)
_4970_/A2                               0.750000    1.761654   -1.011654 (VIOLATED)
_4978_/A2                               0.750000    1.761654   -1.011654 (VIOLATED)
_4972_/A2                               0.750000    1.761649   -1.011649 (VIOLATED)
_4947_/B                                0.750000    1.761648   -1.011648 (VIOLATED)
_4967_/A2                               0.750000    1.761644   -1.011644 (VIOLATED)
_4946_/Y                                0.750000    1.761637   -1.011637 (VIOLATED)
_4948_/A2                               0.750000    1.761637   -1.011637 (VIOLATED)
_4960_/A2                               0.750000    1.761637   -1.011637 (VIOLATED)
_4971_/A2                               0.750000    1.761637   -1.011637 (VIOLATED)
_4976_/A2                               0.750000    1.761637   -1.011637 (VIOLATED)
_4003_/B1                               0.750000    1.758419   -1.008419 (VIOLATED)
_4010_/B1                               0.750000    1.758420   -1.008420 (VIOLATED)
_4015_/B1                               0.750000    1.758420   -1.008420 (VIOLATED)
_3992_/B1                               0.750000    1.758418   -1.008418 (VIOLATED)
_3991_/B1                               0.750000    1.758416   -1.008416 (VIOLATED)
_3990_/B1                               0.750000    1.758413   -1.008413 (VIOLATED)
_3993_/B1                               0.750000    1.758414   -1.008414 (VIOLATED)
_4006_/B1                               0.750000    1.758414   -1.008414 (VIOLATED)
_4016_/B1                               0.750000    1.758414   -1.008414 (VIOLATED)
_4018_/B1                               0.750000    1.758415   -1.008415 (VIOLATED)
_3996_/B1                               0.750000    1.758411   -1.008411 (VIOLATED)
_3999_/B1                               0.750000    1.758411   -1.008411 (VIOLATED)
_3994_/B1                               0.750000    1.758410   -1.008410 (VIOLATED)
_4004_/B1                               0.750000    1.758411   -1.008411 (VIOLATED)
_4007_/B1                               0.750000    1.758411   -1.008411 (VIOLATED)
_3995_/B1                               0.750000    1.758409   -1.008409 (VIOLATED)
_3997_/B1                               0.750000    1.758410   -1.008410 (VIOLATED)
_3998_/B1                               0.750000    1.758410   -1.008410 (VIOLATED)
_4000_/B1                               0.750000    1.758411   -1.008411 (VIOLATED)
_4005_/B1                               0.750000    1.758409   -1.008409 (VIOLATED)
_4009_/B1                               0.750000    1.758410   -1.008410 (VIOLATED)
_4011_/B1                               0.750000    1.758411   -1.008411 (VIOLATED)
_4020_/B1                               0.750000    1.758409   -1.008409 (VIOLATED)
_3988_/Y                                0.750000    1.758407   -1.008407 (VIOLATED)
_3989_/B1                               0.750000    1.758407   -1.008407 (VIOLATED)
_4001_/B1                               0.750000    1.758407   -1.008407 (VIOLATED)
_4002_/B1                               0.750000    1.758407   -1.008407 (VIOLATED)
_4008_/B1                               0.750000    1.758407   -1.008407 (VIOLATED)
_4012_/B1                               0.750000    1.758407   -1.008407 (VIOLATED)
_4013_/B1                               0.750000    1.758407   -1.008407 (VIOLATED)
_4014_/B1                               0.750000    1.758407   -1.008407 (VIOLATED)
_4017_/B1                               0.750000    1.758407   -1.008407 (VIOLATED)
_4019_/B1                               0.750000    1.758407   -1.008407 (VIOLATED)
_4003_/A2                               0.750000    1.755139   -1.005139 (VIOLATED)
_4010_/A2                               0.750000    1.755140   -1.005140 (VIOLATED)
_4015_/A2                               0.750000    1.755141   -1.005141 (VIOLATED)
_3992_/A2                               0.750000    1.755136   -1.005136 (VIOLATED)
_3991_/A2                               0.750000    1.755132   -1.005132 (VIOLATED)
_4018_/A2                               0.750000    1.755129   -1.005129 (VIOLATED)
_3994_/A2                               0.750000    1.755127   -1.005127 (VIOLATED)
_3995_/A2                               0.750000    1.755125   -1.005125 (VIOLATED)
_4016_/A2                               0.750000    1.755125   -1.005125 (VIOLATED)
_3993_/A2                               0.750000    1.755123   -1.005123 (VIOLATED)
_4006_/A2                               0.750000    1.755123   -1.005123 (VIOLATED)
_3999_/A2                               0.750000    1.755121   -1.005121 (VIOLATED)
_4020_/A2                               0.750000    1.755122   -1.005122 (VIOLATED)
_4004_/A2                               0.750000    1.755120   -1.005120 (VIOLATED)
_3996_/A2                               0.750000    1.755119   -1.005119 (VIOLATED)
_4007_/A2                               0.750000    1.755120   -1.005120 (VIOLATED)
_4009_/A2                               0.750000    1.755120   -1.005120 (VIOLATED)
_3990_/A2                               0.750000    1.755117   -1.005117 (VIOLATED)
_3998_/A2                               0.750000    1.755117   -1.005117 (VIOLATED)
_4000_/A2                               0.750000    1.755104   -1.005104 (VIOLATED)
_4014_/A2                               0.750000    1.755105   -1.005105 (VIOLATED)
_3997_/A2                               0.750000    1.755100   -1.005100 (VIOLATED)
_4002_/A2                               0.750000    1.755100   -1.005100 (VIOLATED)
_4005_/A2                               0.750000    1.755100   -1.005100 (VIOLATED)
_4011_/A2                               0.750000    1.755100   -1.005100 (VIOLATED)
_4019_/A2                               0.750000    1.755096   -1.005096 (VIOLATED)
_3988_/B                                0.750000    1.755094   -1.005094 (VIOLATED)
_4013_/A2                               0.750000    1.755093   -1.005093 (VIOLATED)
_4008_/A2                               0.750000    1.755091   -1.005091 (VIOLATED)
_3987_/Y                                0.750000    1.755086   -1.005086 (VIOLATED)
_3989_/A2                               0.750000    1.755086   -1.005086 (VIOLATED)
_4001_/A2                               0.750000    1.755086   -1.005086 (VIOLATED)
_4012_/A2                               0.750000    1.755086   -1.005086 (VIOLATED)
_4017_/A2                               0.750000    1.755086   -1.005086 (VIOLATED)
_4520_/A2                               0.750000    1.728405   -0.978405 (VIOLATED)
_4527_/A2                               0.750000    1.728405   -0.978405 (VIOLATED)
_4532_/A2                               0.750000    1.728405   -0.978405 (VIOLATED)
_4511_/A2                               0.750000    1.728403   -0.978403 (VIOLATED)
_4509_/A2                               0.750000    1.728401   -0.978401 (VIOLATED)
_4512_/A2                               0.750000    1.728400   -0.978400 (VIOLATED)
_4515_/A2                               0.750000    1.728400   -0.978400 (VIOLATED)
_4516_/A2                               0.750000    1.728399   -0.978399 (VIOLATED)
_4524_/A2                               0.750000    1.728399   -0.978399 (VIOLATED)
_4526_/A2                               0.750000    1.728400   -0.978400 (VIOLATED)
_4521_/A2                               0.750000    1.728397   -0.978397 (VIOLATED)
_4537_/A2                               0.750000    1.728395   -0.978395 (VIOLATED)
_4505_/B                                0.750000    1.728389   -0.978389 (VIOLATED)
_4519_/A2                               0.750000    1.728388   -0.978388 (VIOLATED)
_4508_/A2                               0.750000    1.728386   -0.978386 (VIOLATED)
_4522_/A2                               0.750000    1.728385   -0.978386 (VIOLATED)
_4533_/A2                               0.750000    1.728385   -0.978386 (VIOLATED)
_4535_/A2                               0.750000    1.728386   -0.978386 (VIOLATED)
_4510_/A2                               0.750000    1.728384   -0.978384 (VIOLATED)
_4507_/A2                               0.750000    1.728383   -0.978383 (VIOLATED)
_4523_/A2                               0.750000    1.728383   -0.978383 (VIOLATED)
_4514_/A2                               0.750000    1.728379   -0.978379 (VIOLATED)
_4517_/A2                               0.750000    1.728379   -0.978379 (VIOLATED)
_4528_/A2                               0.750000    1.728376   -0.978376 (VIOLATED)
_4525_/A2                               0.750000    1.728375   -0.978375 (VIOLATED)
_4504_/Y                                0.750000    1.728370   -0.978370 (VIOLATED)
_4506_/A2                               0.750000    1.728370   -0.978370 (VIOLATED)
_4513_/A2                               0.750000    1.728370   -0.978370 (VIOLATED)
_4518_/A2                               0.750000    1.728370   -0.978370 (VIOLATED)
_4529_/A2                               0.750000    1.728370   -0.978370 (VIOLATED)
_4530_/A2                               0.750000    1.728370   -0.978370 (VIOLATED)
_4531_/A2                               0.750000    1.728370   -0.978370 (VIOLATED)
_4534_/A2                               0.750000    1.728370   -0.978370 (VIOLATED)
_4536_/A2                               0.750000    1.728370   -0.978370 (VIOLATED)
_4486_/A2                               0.750000    1.728323   -0.978323 (VIOLATED)
_4493_/A2                               0.750000    1.728322   -0.978322 (VIOLATED)
_4498_/A2                               0.750000    1.728322   -0.978322 (VIOLATED)
_4477_/A2                               0.750000    1.728320   -0.978320 (VIOLATED)
_4475_/A2                               0.750000    1.728319   -0.978319 (VIOLATED)
_4478_/A2                               0.750000    1.728317   -0.978318 (VIOLATED)
_4481_/A2                               0.750000    1.728317   -0.978317 (VIOLATED)
_4482_/A2                               0.750000    1.728316   -0.978316 (VIOLATED)
_4490_/A2                               0.750000    1.728316   -0.978316 (VIOLATED)
_4492_/A2                               0.750000    1.728317   -0.978317 (VIOLATED)
_4487_/A2                               0.750000    1.728314   -0.978314 (VIOLATED)
_4503_/A2                               0.750000    1.728312   -0.978312 (VIOLATED)
_4471_/B                                0.750000    1.728305   -0.978305 (VIOLATED)
_4485_/A2                               0.750000    1.728306   -0.978306 (VIOLATED)
_4474_/A2                               0.750000    1.728303   -0.978303 (VIOLATED)
_4488_/A2                               0.750000    1.728303   -0.978303 (VIOLATED)
_4499_/A2                               0.750000    1.728303   -0.978303 (VIOLATED)
_4501_/A2                               0.750000    1.728303   -0.978303 (VIOLATED)
_4476_/A2                               0.750000    1.728302   -0.978302 (VIOLATED)
_4473_/A2                               0.750000    1.728300   -0.978300 (VIOLATED)
_4489_/A2                               0.750000    1.728300   -0.978300 (VIOLATED)
_4480_/A2                               0.750000    1.728296   -0.978296 (VIOLATED)
_4483_/A2                               0.750000    1.728296   -0.978296 (VIOLATED)
_4494_/A2                               0.750000    1.728294   -0.978294 (VIOLATED)
_4491_/A2                               0.750000    1.728292   -0.978292 (VIOLATED)
_4470_/Y                                0.750000    1.728288   -0.978288 (VIOLATED)
_4472_/A2                               0.750000    1.728288   -0.978288 (VIOLATED)
_4479_/A2                               0.750000    1.728288   -0.978288 (VIOLATED)
_4484_/A2                               0.750000    1.728288   -0.978288 (VIOLATED)
_4495_/A2                               0.750000    1.728288   -0.978288 (VIOLATED)
_4496_/A2                               0.750000    1.728288   -0.978288 (VIOLATED)
_4497_/A2                               0.750000    1.728288   -0.978288 (VIOLATED)
_4500_/A2                               0.750000    1.728288   -0.978288 (VIOLATED)
_4502_/A2                               0.750000    1.728288   -0.978288 (VIOLATED)
_4038_/A2                               0.750000    1.726824   -0.976824 (VIOLATED)
_4045_/A2                               0.750000    1.726825   -0.976825 (VIOLATED)
_4050_/A2                               0.750000    1.726825   -0.976825 (VIOLATED)
_4027_/A2                               0.750000    1.726821   -0.976821 (VIOLATED)
_4026_/A2                               0.750000    1.726817   -0.976817 (VIOLATED)
_4053_/A2                               0.750000    1.726815   -0.976815 (VIOLATED)
_4029_/A2                               0.750000    1.726811   -0.976811 (VIOLATED)
_4030_/A2                               0.750000    1.726811   -0.976811 (VIOLATED)
_4051_/A2                               0.750000    1.726811   -0.976811 (VIOLATED)
_4028_/A2                               0.750000    1.726809   -0.976809 (VIOLATED)
_4034_/A2                               0.750000    1.726809   -0.976809 (VIOLATED)
_4041_/A2                               0.750000    1.726808   -0.976808 (VIOLATED)
_4039_/A2                               0.750000    1.726805   -0.976805 (VIOLATED)
_4025_/A2                               0.750000    1.726804   -0.976804 (VIOLATED)
_4031_/A2                               0.750000    1.726803   -0.976803 (VIOLATED)
_4042_/A2                               0.750000    1.726804   -0.976804 (VIOLATED)
_4033_/A2                               0.750000    1.726801   -0.976801 (VIOLATED)
_4044_/A2                               0.750000    1.726801   -0.976801 (VIOLATED)
_4055_/A2                               0.750000    1.726801   -0.976801 (VIOLATED)
_4035_/A2                               0.750000    1.726792   -0.976792 (VIOLATED)
_4032_/A2                               0.750000    1.726791   -0.976791 (VIOLATED)
_4040_/A2                               0.750000    1.726791   -0.976791 (VIOLATED)
_4049_/A2                               0.750000    1.726791   -0.976791 (VIOLATED)
_4046_/A2                               0.750000    1.726789   -0.976789 (VIOLATED)
_4037_/A2                               0.750000    1.726787   -0.976787 (VIOLATED)
_4023_/B                                0.750000    1.726783   -0.976783 (VIOLATED)
_4054_/A2                               0.750000    1.726784   -0.976784 (VIOLATED)
_4048_/A2                               0.750000    1.726783   -0.976783 (VIOLATED)
_4043_/A2                               0.750000    1.726782   -0.976782 (VIOLATED)
_4022_/Y                                0.750000    1.726779   -0.976779 (VIOLATED)
_4024_/A2                               0.750000    1.726779   -0.976779 (VIOLATED)
_4036_/A2                               0.750000    1.726779   -0.976779 (VIOLATED)
_4047_/A2                               0.750000    1.726779   -0.976779 (VIOLATED)
_4052_/A2                               0.750000    1.726779   -0.976779 (VIOLATED)
_4996_/B1                               0.750000    1.721689   -0.971689 (VIOLATED)
_5003_/B1                               0.750000    1.721689   -0.971689 (VIOLATED)
_5008_/B1                               0.750000    1.721689   -0.971690 (VIOLATED)
_4985_/B1                               0.750000    1.721687   -0.971687 (VIOLATED)
_4984_/B1                               0.750000    1.721686   -0.971686 (VIOLATED)
_4983_/B1                               0.750000    1.721683   -0.971683 (VIOLATED)
_4986_/B1                               0.750000    1.721684   -0.971684 (VIOLATED)
_4999_/B1                               0.750000    1.721684   -0.971684 (VIOLATED)
_5009_/B1                               0.750000    1.721684   -0.971684 (VIOLATED)
_5011_/B1                               0.750000    1.721684   -0.971685 (VIOLATED)
_4993_/B1                               0.750000    1.721681   -0.971681 (VIOLATED)
_5004_/B1                               0.750000    1.721681   -0.971681 (VIOLATED)
_4987_/B1                               0.750000    1.721679   -0.971679 (VIOLATED)
_4988_/B1                               0.750000    1.721679   -0.971679 (VIOLATED)
_4989_/B1                               0.750000    1.721680   -0.971680 (VIOLATED)
_4990_/B1                               0.750000    1.721680   -0.971680 (VIOLATED)
_4991_/B1                               0.750000    1.721679   -0.971679 (VIOLATED)
_4992_/B1                               0.750000    1.721679   -0.971679 (VIOLATED)
_4997_/B1                               0.750000    1.721680   -0.971680 (VIOLATED)
_4998_/B1                               0.750000    1.721679   -0.971679 (VIOLATED)
_5000_/B1                               0.750000    1.721680   -0.971680 (VIOLATED)
_5002_/B1                               0.750000    1.721679   -0.971679 (VIOLATED)
_5013_/B1                               0.750000    1.721679   -0.971679 (VIOLATED)
_4981_/Y                                0.750000    1.721676   -0.971677 (VIOLATED)
_4982_/B1                               0.750000    1.721676   -0.971677 (VIOLATED)
_4994_/B1                               0.750000    1.721676   -0.971677 (VIOLATED)
_4995_/B1                               0.750000    1.721676   -0.971677 (VIOLATED)
_5001_/B1                               0.750000    1.721676   -0.971677 (VIOLATED)
_5005_/B1                               0.750000    1.721676   -0.971677 (VIOLATED)
_5006_/B1                               0.750000    1.721676   -0.971677 (VIOLATED)
_5007_/B1                               0.750000    1.721676   -0.971677 (VIOLATED)
_5010_/B1                               0.750000    1.721676   -0.971677 (VIOLATED)
_5012_/B1                               0.750000    1.721676   -0.971677 (VIOLATED)
_4962_/B1                               0.750000    1.719905   -0.969905 (VIOLATED)
_4969_/B1                               0.750000    1.719906   -0.969906 (VIOLATED)
_4974_/B1                               0.750000    1.719906   -0.969906 (VIOLATED)
_4951_/B1                               0.750000    1.719903   -0.969904 (VIOLATED)
_4950_/B1                               0.750000    1.719902   -0.969902 (VIOLATED)
_4949_/B1                               0.750000    1.719899   -0.969899 (VIOLATED)
_4952_/B1                               0.750000    1.719900   -0.969900 (VIOLATED)
_4965_/B1                               0.750000    1.719900   -0.969900 (VIOLATED)
_4975_/B1                               0.750000    1.719900   -0.969900 (VIOLATED)
_4977_/B1                               0.750000    1.719901   -0.969901 (VIOLATED)
_4959_/B1                               0.750000    1.719897   -0.969897 (VIOLATED)
_4953_/B1                               0.750000    1.719895   -0.969896 (VIOLATED)
_4954_/B1                               0.750000    1.719895   -0.969895 (VIOLATED)
_4955_/B1                               0.750000    1.719896   -0.969896 (VIOLATED)
_4956_/B1                               0.750000    1.719896   -0.969896 (VIOLATED)
_4957_/B1                               0.750000    1.719895   -0.969896 (VIOLATED)
_4958_/B1                               0.750000    1.719895   -0.969895 (VIOLATED)
_4963_/B1                               0.750000    1.719896   -0.969896 (VIOLATED)
_4964_/B1                               0.750000    1.719895   -0.969895 (VIOLATED)
_4966_/B1                               0.750000    1.719896   -0.969896 (VIOLATED)
_4970_/B1                               0.750000    1.719897   -0.969897 (VIOLATED)
_4968_/B1                               0.750000    1.719895   -0.969895 (VIOLATED)
_4979_/B1                               0.750000    1.719895   -0.969895 (VIOLATED)
_4947_/Y                                0.750000    1.719893   -0.969893 (VIOLATED)
_4948_/B1                               0.750000    1.719893   -0.969893 (VIOLATED)
_4960_/B1                               0.750000    1.719893   -0.969893 (VIOLATED)
_4961_/B1                               0.750000    1.719893   -0.969893 (VIOLATED)
_4967_/B1                               0.750000    1.719893   -0.969893 (VIOLATED)
_4971_/B1                               0.750000    1.719893   -0.969893 (VIOLATED)
_4972_/B1                               0.750000    1.719893   -0.969893 (VIOLATED)
_4973_/B1                               0.750000    1.719893   -0.969893 (VIOLATED)
_4976_/B1                               0.750000    1.719893   -0.969893 (VIOLATED)
_4978_/B1                               0.750000    1.719893   -0.969893 (VIOLATED)
_3713_/A1                               0.750000    1.715302   -0.965302 (VIOLATED)
_3722_/A1                               0.750000    1.715300   -0.965300 (VIOLATED)
_3819_/B2                               0.750000    1.715301   -0.965301 (VIOLATED)
_3414_/A                                0.750000    1.715298   -0.965298 (VIOLATED)
_3457_/A1                               0.750000    1.715298   -0.965298 (VIOLATED)
_3831_/A1                               0.750000    1.715298   -0.965298 (VIOLATED)
_3646_/B2                               0.750000    1.715297   -0.965297 (VIOLATED)
_3365_/A1                               0.750000    1.715296   -0.965296 (VIOLATED)
_3405_/A1                               0.750000    1.715296   -0.965296 (VIOLATED)
_3356_/A1                               0.750000    1.715294   -0.965294 (VIOLATED)
_3640_/A1                               0.750000    1.715294   -0.965294 (VIOLATED)
_3581_/A1                               0.750000    1.715292   -0.965292 (VIOLATED)
_3477_/A1                               0.750000    1.715289   -0.965289 (VIOLATED)
_3591_/A1                               0.750000    1.715289   -0.965289 (VIOLATED)
_3944_/A1                               0.750000    1.715284   -0.965284 (VIOLATED)
_3347_/A                                0.750000    1.715282   -0.965282 (VIOLATED)
_3623_/A1                               0.750000    1.715282   -0.965282 (VIOLATED)
_3340_/A1                               0.750000    1.715281   -0.965281 (VIOLATED)
_3274_/B2                               0.750000    1.715280   -0.965280 (VIOLATED)
_3278_/A1                               0.750000    1.715281   -0.965281 (VIOLATED)
_3285_/B2                               0.750000    1.715281   -0.965281 (VIOLATED)
_3327_/A1                               0.750000    1.715280   -0.965280 (VIOLATED)
_3569_/B2                               0.750000    1.715281   -0.965281 (VIOLATED)
_3633_/A1                               0.750000    1.715281   -0.965281 (VIOLATED)
_3297_/B2                               0.750000    1.715278   -0.965278 (VIOLATED)
_3695_/A1                               0.750000    1.715279   -0.965279 (VIOLATED)
_3301_/A1                               0.750000    1.715278   -0.965278 (VIOLATED)
_3314_/B2                               0.750000    1.715278   -0.965278 (VIOLATED)
_3319_/B2                               0.750000    1.715279   -0.965279 (VIOLATED)
_3502_/A1                               0.750000    1.715278   -0.965278 (VIOLATED)
_3848_/A1                               0.750000    1.715279   -0.965279 (VIOLATED)
_3852_/A1                               0.750000    1.715279   -0.965279 (VIOLATED)
_3886_/B2                               0.750000    1.715278   -0.965278 (VIOLATED)
_3937_/A1                               0.750000    1.715278   -0.965278 (VIOLATED)
_3892_/A1                               0.750000    1.715277   -0.965277 (VIOLATED)
_3308_/B2                               0.750000    1.715276   -0.965276 (VIOLATED)
_3439_/A1                               0.750000    1.715277   -0.965277 (VIOLATED)
_3334_/A1                               0.750000    1.715274   -0.965274 (VIOLATED)
_3451_/A1                               0.750000    1.715274   -0.965274 (VIOLATED)
_3493_/B2                               0.750000    1.715274   -0.965274 (VIOLATED)
_3559_/A1                               0.750000    1.715274   -0.965274 (VIOLATED)
_3565_/A1                               0.750000    1.715274   -0.965274 (VIOLATED)
_3655_/B2                               0.750000    1.715274   -0.965274 (VIOLATED)
_3690_/A1                               0.750000    1.715273   -0.965273 (VIOLATED)
_3842_/A1                               0.750000    1.715274   -0.965274 (VIOLATED)
_3587_/B2                               0.750000    1.715272   -0.965272 (VIOLATED)
_3896_/B2                               0.750000    1.715273   -0.965273 (VIOLATED)
_3933_/B2                               0.750000    1.715273   -0.965273 (VIOLATED)
_3824_/A1                               0.750000    1.715271   -0.965271 (VIOLATED)
_3370_/A1                               0.750000    1.715268   -0.965268 (VIOLATED)
_3424_/A1                               0.750000    1.715266   -0.965266 (VIOLATED)
_3482_/A1                               0.750000    1.715260   -0.965260 (VIOLATED)
_3612_/A1                               0.750000    1.715258   -0.965258 (VIOLATED)
_3246_/A                                0.750000    1.715253   -0.965253 (VIOLATED)
_3255_/B2                               0.750000    1.715254   -0.965254 (VIOLATED)
_3515_/A1                               0.750000    1.715254   -0.965254 (VIOLATED)
_3525_/A1                               0.750000    1.715254   -0.965254 (VIOLATED)
_3757_/A1                               0.750000    1.715254   -0.965254 (VIOLATED)
_3768_/B2                               0.750000    1.715254   -0.965254 (VIOLATED)
_3864_/A1                               0.750000    1.715254   -0.965254 (VIOLATED)
_3607_/A1                               0.750000    1.715253   -0.965253 (VIOLATED)
_3872_/A                                0.750000    1.715252   -0.965252 (VIOLATED)
_3764_/A1                               0.750000    1.715250   -0.965250 (VIOLATED)
_3914_/A                                0.750000    1.715249   -0.965249 (VIOLATED)
_3235_/A                                0.750000    1.715248   -0.965248 (VIOLATED)
_3537_/B2                               0.750000    1.715248   -0.965248 (VIOLATED)
_3547_/B2                               0.750000    1.715248   -0.965248 (VIOLATED)
_3803_/B2                               0.750000    1.715247   -0.965247 (VIOLATED)
_3811_/A1                               0.750000    1.715247   -0.965247 (VIOLATED)
_3909_/A1                               0.750000    1.715247   -0.965247 (VIOLATED)
_3234_/X                                0.750000    1.715244   -0.965244 (VIOLATED)
_3262_/A1                               0.750000    1.715244   -0.965244 (VIOLATED)
_3543_/A1                               0.750000    1.715244   -0.965244 (VIOLATED)
_4441_/A2                               0.750000    1.706233   -0.956233 (VIOLATED)
_4452_/A2                               0.750000    1.706234   -0.956234 (VIOLATED)
_4444_/A2                               0.750000    1.706233   -0.956233 (VIOLATED)
_4459_/A2                               0.750000    1.706233   -0.956233 (VIOLATED)
_4464_/A2                               0.750000    1.706233   -0.956233 (VIOLATED)
_4440_/A2                               0.750000    1.706231   -0.956231 (VIOLATED)
_4467_/A2                               0.750000    1.706229   -0.956229 (VIOLATED)
_4443_/A2                               0.750000    1.706227   -0.956227 (VIOLATED)
_4447_/A2                               0.750000    1.706226   -0.956226 (VIOLATED)
_4448_/A2                               0.750000    1.706226   -0.956226 (VIOLATED)
_4456_/A2                               0.750000    1.706225   -0.956225 (VIOLATED)
_4458_/A2                               0.750000    1.706226   -0.956226 (VIOLATED)
_4465_/A2                               0.750000    1.706226   -0.956226 (VIOLATED)
_4469_/A2                               0.750000    1.706225   -0.956225 (VIOLATED)
_4453_/A2                               0.750000    1.706223   -0.956223 (VIOLATED)
_4442_/A2                               0.750000    1.706222   -0.956222 (VIOLATED)
_4439_/A2                               0.750000    1.706219   -0.956219 (VIOLATED)
_4451_/A2                               0.750000    1.706220   -0.956220 (VIOLATED)
_4455_/A2                               0.750000    1.706217   -0.956217 (VIOLATED)
_4437_/B                                0.750000    1.706215   -0.956215 (VIOLATED)
_4449_/A2                               0.750000    1.706215   -0.956215 (VIOLATED)
_4446_/A2                               0.750000    1.706213   -0.956213 (VIOLATED)
_4454_/A2                               0.750000    1.706213   -0.956213 (VIOLATED)
_4460_/A2                               0.750000    1.706210   -0.956210 (VIOLATED)
_4457_/A2                               0.750000    1.706207   -0.956207 (VIOLATED)
_4445_/A2                               0.750000    1.706201   -0.956201 (VIOLATED)
_4436_/Y                                0.750000    1.706198   -0.956198 (VIOLATED)
_4438_/A2                               0.750000    1.706198   -0.956198 (VIOLATED)
_4450_/A2                               0.750000    1.706198   -0.956198 (VIOLATED)
_4461_/A2                               0.750000    1.706198   -0.956198 (VIOLATED)
_4462_/A2                               0.750000    1.706198   -0.956198 (VIOLATED)
_4463_/A2                               0.750000    1.706198   -0.956198 (VIOLATED)
_4466_/A2                               0.750000    1.706198   -0.956198 (VIOLATED)
_4468_/A2                               0.750000    1.706198   -0.956198 (VIOLATED)
_4407_/A2                               0.750000    1.695446   -0.945446 (VIOLATED)
_4418_/A2                               0.750000    1.695447   -0.945447 (VIOLATED)
_4425_/A2                               0.750000    1.695446   -0.945447 (VIOLATED)
_4410_/A2                               0.750000    1.695445   -0.945445 (VIOLATED)
_4430_/A2                               0.750000    1.695446   -0.945446 (VIOLATED)
_4406_/A2                               0.750000    1.695443   -0.945443 (VIOLATED)
_4433_/A2                               0.750000    1.695442   -0.945442 (VIOLATED)
_4409_/A2                               0.750000    1.695441   -0.945441 (VIOLATED)
_4413_/A2                               0.750000    1.695440   -0.945440 (VIOLATED)
_4414_/A2                               0.750000    1.695440   -0.945440 (VIOLATED)
_4422_/A2                               0.750000    1.695439   -0.945439 (VIOLATED)
_4424_/A2                               0.750000    1.695440   -0.945440 (VIOLATED)
_4431_/A2                               0.750000    1.695439   -0.945439 (VIOLATED)
_4435_/A2                               0.750000    1.695439   -0.945439 (VIOLATED)
_4419_/A2                               0.750000    1.695437   -0.945437 (VIOLATED)
_4408_/A2                               0.750000    1.695436   -0.945436 (VIOLATED)
_4417_/A2                               0.750000    1.695434   -0.945434 (VIOLATED)
_4405_/A2                               0.750000    1.695432   -0.945432 (VIOLATED)
_4421_/A2                               0.750000    1.695431   -0.945431 (VIOLATED)
_4403_/B                                0.750000    1.695428   -0.945429 (VIOLATED)
_4415_/A2                               0.750000    1.695428   -0.945429 (VIOLATED)
_4412_/A2                               0.750000    1.695427   -0.945427 (VIOLATED)
_4420_/A2                               0.750000    1.695426   -0.945426 (VIOLATED)
_4426_/A2                               0.750000    1.695424   -0.945424 (VIOLATED)
_4423_/A2                               0.750000    1.695421   -0.945421 (VIOLATED)
_4411_/A2                               0.750000    1.695415   -0.945415 (VIOLATED)
_4429_/A2                               0.750000    1.695414   -0.945414 (VIOLATED)
_4402_/Y                                0.750000    1.695412   -0.945412 (VIOLATED)
_4404_/A2                               0.750000    1.695412   -0.945412 (VIOLATED)
_4416_/A2                               0.750000    1.695412   -0.945412 (VIOLATED)
_4427_/A2                               0.750000    1.695412   -0.945412 (VIOLATED)
_4428_/A2                               0.750000    1.695412   -0.945412 (VIOLATED)
_4432_/A2                               0.750000    1.695412   -0.945412 (VIOLATED)
_4434_/A2                               0.750000    1.695412   -0.945412 (VIOLATED)
_4507_/B1                               0.750000    1.693061   -0.943061 (VIOLATED)
_4510_/B1                               0.750000    1.693060   -0.943060 (VIOLATED)
_4523_/B1                               0.750000    1.693061   -0.943061 (VIOLATED)
_4508_/B1                               0.750000    1.693059   -0.943059 (VIOLATED)
_4513_/B1                               0.750000    1.693058   -0.943058 (VIOLATED)
_4514_/B1                               0.750000    1.693058   -0.943058 (VIOLATED)
_4517_/B1                               0.750000    1.693059   -0.943059 (VIOLATED)
_4528_/B1                               0.750000    1.693059   -0.943059 (VIOLATED)
_4529_/B1                               0.750000    1.693059   -0.943059 (VIOLATED)
_4533_/B1                               0.750000    1.693060   -0.943060 (VIOLATED)
_4531_/B1                               0.750000    1.693058   -0.943058 (VIOLATED)
_4535_/B1                               0.750000    1.693059   -0.943059 (VIOLATED)
_4536_/B1                               0.750000    1.693059   -0.943059 (VIOLATED)
_4506_/B1                               0.750000    1.693057   -0.943057 (VIOLATED)
_4511_/B1                               0.750000    1.693057   -0.943057 (VIOLATED)
_4515_/B1                               0.750000    1.693057   -0.943057 (VIOLATED)
_4518_/B1                               0.750000    1.693057   -0.943057 (VIOLATED)
_4520_/B1                               0.750000    1.693057   -0.943057 (VIOLATED)
_4524_/B1                               0.750000    1.693057   -0.943057 (VIOLATED)
_4526_/B1                               0.750000    1.693057   -0.943057 (VIOLATED)
_4527_/B1                               0.750000    1.693057   -0.943057 (VIOLATED)
_4532_/B1                               0.750000    1.693057   -0.943057 (VIOLATED)
_4534_/B1                               0.750000    1.693057   -0.943057 (VIOLATED)
_4505_/Y                                0.750000    1.693055   -0.943055 (VIOLATED)
_4509_/B1                               0.750000    1.693055   -0.943055 (VIOLATED)
_4512_/B1                               0.750000    1.693055   -0.943055 (VIOLATED)
_4516_/B1                               0.750000    1.693055   -0.943055 (VIOLATED)
_4519_/B1                               0.750000    1.693055   -0.943055 (VIOLATED)
_4521_/B1                               0.750000    1.693055   -0.943055 (VIOLATED)
_4522_/B1                               0.750000    1.693055   -0.943055 (VIOLATED)
_4525_/B1                               0.750000    1.693055   -0.943055 (VIOLATED)
_4530_/B1                               0.750000    1.693055   -0.943055 (VIOLATED)
_4537_/B1                               0.750000    1.693055   -0.943055 (VIOLATED)
_4479_/B1                               0.750000    1.676930   -0.926930 (VIOLATED)
_4495_/B1                               0.750000    1.676931   -0.926931 (VIOLATED)
_4497_/B1                               0.750000    1.676931   -0.926931 (VIOLATED)
_4502_/B1                               0.750000    1.676931   -0.926931 (VIOLATED)
_4472_/B1                               0.750000    1.676929   -0.926929 (VIOLATED)
_4473_/B1                               0.750000    1.676930   -0.926930 (VIOLATED)
_4476_/B1                               0.750000    1.676930   -0.926930 (VIOLATED)
_4474_/B1                               0.750000    1.676929   -0.926929 (VIOLATED)
_4493_/B1                               0.750000    1.676930   -0.926930 (VIOLATED)
_4498_/B1                               0.750000    1.676930   -0.926930 (VIOLATED)
_4500_/B1                               0.750000    1.676930   -0.926930 (VIOLATED)
_4475_/B1                               0.750000    1.676929   -0.926929 (VIOLATED)
_4477_/B1                               0.750000    1.676929   -0.926929 (VIOLATED)
_4480_/B1                               0.750000    1.676929   -0.926929 (VIOLATED)
_4481_/B1                               0.750000    1.676930   -0.926930 (VIOLATED)
_4483_/B1                               0.750000    1.676929   -0.926929 (VIOLATED)
_4484_/B1                               0.750000    1.676930   -0.926930 (VIOLATED)
_4486_/B1                               0.750000    1.676930   -0.926930 (VIOLATED)
_4489_/B1                               0.750000    1.676930   -0.926930 (VIOLATED)
_4490_/B1                               0.750000    1.676929   -0.926929 (VIOLATED)
_4492_/B1                               0.750000    1.676929   -0.926930 (VIOLATED)
_4494_/B1                               0.750000    1.676929   -0.926929 (VIOLATED)
_4496_/B1                               0.750000    1.676929   -0.926929 (VIOLATED)
_4499_/B1                               0.750000    1.676929   -0.926929 (VIOLATED)
_4501_/B1                               0.750000    1.676929   -0.926929 (VIOLATED)
_4471_/Y                                0.750000    1.676926   -0.926927 (VIOLATED)
_4478_/B1                               0.750000    1.676926   -0.926927 (VIOLATED)
_4482_/B1                               0.750000    1.676926   -0.926927 (VIOLATED)
_4485_/B1                               0.750000    1.676926   -0.926927 (VIOLATED)
_4487_/B1                               0.750000    1.676926   -0.926927 (VIOLATED)
_4488_/B1                               0.750000    1.676926   -0.926927 (VIOLATED)
_4491_/B1                               0.750000    1.676926   -0.926927 (VIOLATED)
_4503_/B1                               0.750000    1.676926   -0.926927 (VIOLATED)
_4201_/A2                               0.750000    1.669761   -0.919761 (VIOLATED)
_4203_/A2                               0.750000    1.669762   -0.919762 (VIOLATED)
_4212_/A2                               0.750000    1.669762   -0.919762 (VIOLATED)
_4219_/A2                               0.750000    1.669761   -0.919761 (VIOLATED)
_4224_/A2                               0.750000    1.669761   -0.919761 (VIOLATED)
_4204_/A2                               0.750000    1.669760   -0.919760 (VIOLATED)
_4200_/A2                               0.750000    1.669758   -0.919758 (VIOLATED)
_4227_/A2                               0.750000    1.669754   -0.919754 (VIOLATED)
_4206_/A2                               0.750000    1.669752   -0.919752 (VIOLATED)
_4225_/A2                               0.750000    1.669749   -0.919749 (VIOLATED)
_4202_/A2                               0.750000    1.669745   -0.919745 (VIOLATED)
_4208_/A2                               0.750000    1.669744   -0.919744 (VIOLATED)
_4213_/A2                               0.750000    1.669743   -0.919743 (VIOLATED)
_4229_/A2                               0.750000    1.669743   -0.919743 (VIOLATED)
_4197_/B                                0.750000    1.669742   -0.919742 (VIOLATED)
_4199_/A2                               0.750000    1.669741   -0.919741 (VIOLATED)
_4211_/A2                               0.750000    1.669741   -0.919741 (VIOLATED)
_4205_/A2                               0.750000    1.669739   -0.919739 (VIOLATED)
_4207_/A2                               0.750000    1.669739   -0.919739 (VIOLATED)
_4215_/A2                               0.750000    1.669739   -0.919739 (VIOLATED)
_4216_/A2                               0.750000    1.669739   -0.919739 (VIOLATED)
_4218_/A2                               0.750000    1.669739   -0.919739 (VIOLATED)
_4223_/A2                               0.750000    1.669737   -0.919737 (VIOLATED)
_4209_/A2                               0.750000    1.669736   -0.919736 (VIOLATED)
_4228_/A2                               0.750000    1.669737   -0.919737 (VIOLATED)
_4214_/A2                               0.750000    1.669732   -0.919732 (VIOLATED)
_4220_/A2                               0.750000    1.669731   -0.919732 (VIOLATED)
_4221_/A2                               0.750000    1.669732   -0.919732 (VIOLATED)
_4210_/A2                               0.750000    1.669728   -0.919728 (VIOLATED)
_4217_/A2                               0.750000    1.669728   -0.919728 (VIOLATED)
_4226_/A2                               0.750000    1.669728   -0.919728 (VIOLATED)
_4196_/Y                                0.750000    1.669726   -0.919726 (VIOLATED)
_4198_/A2                               0.750000    1.669726   -0.919726 (VIOLATED)
_4222_/A2                               0.750000    1.669726   -0.919726 (VIOLATED)
_4235_/A2                               0.750000    1.667597   -0.917597 (VIOLATED)
_4237_/A2                               0.750000    1.667597   -0.917597 (VIOLATED)
_4246_/A2                               0.750000    1.667597   -0.917597 (VIOLATED)
_4253_/A2                               0.750000    1.667597   -0.917597 (VIOLATED)
_4258_/A2                               0.750000    1.667596   -0.917596 (VIOLATED)
_4238_/A2                               0.750000    1.667595   -0.917595 (VIOLATED)
_4234_/A2                               0.750000    1.667593   -0.917593 (VIOLATED)
_4261_/A2                               0.750000    1.667590   -0.917590 (VIOLATED)
_4240_/A2                               0.750000    1.667587   -0.917587 (VIOLATED)
_4259_/A2                               0.750000    1.667585   -0.917585 (VIOLATED)
_4231_/B                                0.750000    1.667580   -0.917580 (VIOLATED)
_4236_/A2                               0.750000    1.667580   -0.917580 (VIOLATED)
_4242_/A2                               0.750000    1.667580   -0.917580 (VIOLATED)
_4263_/A2                               0.750000    1.667580   -0.917580 (VIOLATED)
_4247_/A2                               0.750000    1.667579   -0.917579 (VIOLATED)
_4250_/A2                               0.750000    1.667579   -0.917579 (VIOLATED)
_4233_/A2                               0.750000    1.667576   -0.917576 (VIOLATED)
_4245_/A2                               0.750000    1.667576   -0.917576 (VIOLATED)
_4249_/A2                               0.750000    1.667575   -0.917575 (VIOLATED)
_4239_/A2                               0.750000    1.667573   -0.917573 (VIOLATED)
_4241_/A2                               0.750000    1.667573   -0.917574 (VIOLATED)
_4252_/A2                               0.750000    1.667574   -0.917574 (VIOLATED)
_4243_/A2                               0.750000    1.667571   -0.917571 (VIOLATED)
_4257_/A2                               0.750000    1.667572   -0.917572 (VIOLATED)
_4262_/A2                               0.750000    1.667572   -0.917572 (VIOLATED)
_4248_/A2                               0.750000    1.667567   -0.917567 (VIOLATED)
_4254_/A2                               0.750000    1.667567   -0.917567 (VIOLATED)
_4255_/A2                               0.750000    1.667567   -0.917567 (VIOLATED)
_4244_/A2                               0.750000    1.667563   -0.917563 (VIOLATED)
_4251_/A2                               0.750000    1.667563   -0.917563 (VIOLATED)
_4260_/A2                               0.750000    1.667562   -0.917562 (VIOLATED)
_4230_/Y                                0.750000    1.667560   -0.917560 (VIOLATED)
_4232_/A2                               0.750000    1.667560   -0.917560 (VIOLATED)
_4256_/A2                               0.750000    1.667560   -0.917560 (VIOLATED)
_4271_/A2                               0.750000    1.664863   -0.914863 (VIOLATED)
_4280_/A2                               0.750000    1.664863   -0.914863 (VIOLATED)
_4287_/A2                               0.750000    1.664862   -0.914862 (VIOLATED)
_4269_/A2                               0.750000    1.664861   -0.914861 (VIOLATED)
_4292_/A2                               0.750000    1.664861   -0.914861 (VIOLATED)
_4272_/A2                               0.750000    1.664860   -0.914860 (VIOLATED)
_4268_/A2                               0.750000    1.664858   -0.914858 (VIOLATED)
_4295_/A2                               0.750000    1.664854   -0.914854 (VIOLATED)
_4274_/A2                               0.750000    1.664852   -0.914852 (VIOLATED)
_4293_/A2                               0.750000    1.664849   -0.914849 (VIOLATED)
_4270_/A2                               0.750000    1.664846   -0.914846 (VIOLATED)
_4276_/A2                               0.750000    1.664845   -0.914845 (VIOLATED)
_4281_/A2                               0.750000    1.664844   -0.914844 (VIOLATED)
_4284_/A2                               0.750000    1.664844   -0.914844 (VIOLATED)
_4297_/A2                               0.750000    1.664844   -0.914844 (VIOLATED)
_4265_/B                                0.750000    1.664842   -0.914843 (VIOLATED)
_4267_/A2                               0.750000    1.664841   -0.914841 (VIOLATED)
_4279_/A2                               0.750000    1.664842   -0.914842 (VIOLATED)
_4273_/A2                               0.750000    1.664839   -0.914839 (VIOLATED)
_4275_/A2                               0.750000    1.664839   -0.914839 (VIOLATED)
_4283_/A2                               0.750000    1.664840   -0.914840 (VIOLATED)
_4286_/A2                               0.750000    1.664839   -0.914839 (VIOLATED)
_4291_/A2                               0.750000    1.664837   -0.914837 (VIOLATED)
_4296_/A2                               0.750000    1.664837   -0.914837 (VIOLATED)
_4277_/A2                               0.750000    1.664836   -0.914836 (VIOLATED)
_4288_/A2                               0.750000    1.664832   -0.914832 (VIOLATED)
_4289_/A2                               0.750000    1.664833   -0.914833 (VIOLATED)
_4278_/A2                               0.750000    1.664829   -0.914829 (VIOLATED)
_4282_/A2                               0.750000    1.664830   -0.914830 (VIOLATED)
_4285_/A2                               0.750000    1.664830   -0.914830 (VIOLATED)
_4264_/Y                                0.750000    1.664827   -0.914827 (VIOLATED)
_4266_/A2                               0.750000    1.664827   -0.914827 (VIOLATED)
_4290_/A2                               0.750000    1.664827   -0.914827 (VIOLATED)
_4294_/A2                               0.750000    1.664827   -0.914827 (VIOLATED)
_4029_/B1                               0.750000    1.664176   -0.914177 (VIOLATED)
_4030_/B1                               0.750000    1.664176   -0.914176 (VIOLATED)
_4034_/B1                               0.750000    1.664175   -0.914175 (VIOLATED)
_4038_/B1                               0.750000    1.664174   -0.914174 (VIOLATED)
_4045_/B1                               0.750000    1.664175   -0.914175 (VIOLATED)
_4050_/B1                               0.750000    1.664175   -0.914175 (VIOLATED)
_4027_/B1                               0.750000    1.664172   -0.914172 (VIOLATED)
_4039_/B1                               0.750000    1.664172   -0.914172 (VIOLATED)
_4042_/B1                               0.750000    1.664171   -0.914171 (VIOLATED)
_4025_/B1                               0.750000    1.664170   -0.914170 (VIOLATED)
_4026_/B1                               0.750000    1.664170   -0.914170 (VIOLATED)
_4028_/B1                               0.750000    1.664170   -0.914170 (VIOLATED)
_4031_/B1                               0.750000    1.664170   -0.914170 (VIOLATED)
_4041_/B1                               0.750000    1.664170   -0.914170 (VIOLATED)
_4033_/B1                               0.750000    1.664168   -0.914168 (VIOLATED)
_4044_/B1                               0.750000    1.664169   -0.914169 (VIOLATED)
_4051_/B1                               0.750000    1.664169   -0.914169 (VIOLATED)
_4053_/B1                               0.750000    1.664168   -0.914168 (VIOLATED)
_4055_/B1                               0.750000    1.664169   -0.914169 (VIOLATED)
_4049_/B1                               0.750000    1.664161   -0.914161 (VIOLATED)
_4035_/B1                               0.750000    1.664158   -0.914158 (VIOLATED)
_4037_/B1                               0.750000    1.664159   -0.914159 (VIOLATED)
_4040_/B1                               0.750000    1.664159   -0.914159 (VIOLATED)
_4046_/B1                               0.750000    1.664158   -0.914158 (VIOLATED)
_4023_/Y                                0.750000    1.664156   -0.914156 (VIOLATED)
_4024_/B1                               0.750000    1.664156   -0.914156 (VIOLATED)
_4032_/B1                               0.750000    1.664156   -0.914156 (VIOLATED)
_4036_/B1                               0.750000    1.664156   -0.914156 (VIOLATED)
_4043_/B1                               0.750000    1.664156   -0.914156 (VIOLATED)
_4047_/B1                               0.750000    1.664156   -0.914156 (VIOLATED)
_4048_/B1                               0.750000    1.664156   -0.914156 (VIOLATED)
_4052_/B1                               0.750000    1.664156   -0.914156 (VIOLATED)
_4054_/B1                               0.750000    1.664156   -0.914156 (VIOLATED)
_4305_/A2                               0.750000    1.654911   -0.904911 (VIOLATED)
_4314_/A2                               0.750000    1.654911   -0.904911 (VIOLATED)
_4321_/A2                               0.750000    1.654911   -0.904911 (VIOLATED)
_4303_/A2                               0.750000    1.654910   -0.904910 (VIOLATED)
_4326_/A2                               0.750000    1.654909   -0.904909 (VIOLATED)
_4306_/A2                               0.750000    1.654908   -0.904908 (VIOLATED)
_4302_/A2                               0.750000    1.654907   -0.904907 (VIOLATED)
_4329_/A2                               0.750000    1.654903   -0.904903 (VIOLATED)
_4308_/A2                               0.750000    1.654900   -0.904900 (VIOLATED)
_4327_/A2                               0.750000    1.654897   -0.904898 (VIOLATED)
_4304_/A2                               0.750000    1.654894   -0.904894 (VIOLATED)
_4310_/A2                               0.750000    1.654891   -0.904891 (VIOLATED)
_4315_/A2                               0.750000    1.654891   -0.904891 (VIOLATED)
_4318_/A2                               0.750000    1.654891   -0.904891 (VIOLATED)
_4331_/A2                               0.750000    1.654891   -0.904891 (VIOLATED)
_4299_/B                                0.750000    1.654890   -0.904890 (VIOLATED)
_4301_/A2                               0.750000    1.654889   -0.904890 (VIOLATED)
_4313_/A2                               0.750000    1.654888   -0.904888 (VIOLATED)
_4317_/A2                               0.750000    1.654888   -0.904888 (VIOLATED)
_4307_/A2                               0.750000    1.654886   -0.904886 (VIOLATED)
_4309_/A2                               0.750000    1.654886   -0.904886 (VIOLATED)
_4320_/A2                               0.750000    1.654886   -0.904886 (VIOLATED)
_4311_/A2                               0.750000    1.654884   -0.904884 (VIOLATED)
_4325_/A2                               0.750000    1.654884   -0.904884 (VIOLATED)
_4330_/A2                               0.750000    1.654884   -0.904884 (VIOLATED)
_4322_/A2                               0.750000    1.654881   -0.904881 (VIOLATED)
_4323_/A2                               0.750000    1.654880   -0.904880 (VIOLATED)
_4316_/A2                               0.750000    1.654878   -0.904878 (VIOLATED)
_4312_/A2                               0.750000    1.654876   -0.904877 (VIOLATED)
_4319_/A2                               0.750000    1.654877   -0.904877 (VIOLATED)
_4298_/Y                                0.750000    1.654874   -0.904874 (VIOLATED)
_4300_/A2                               0.750000    1.654874   -0.904874 (VIOLATED)
_4324_/A2                               0.750000    1.654874   -0.904874 (VIOLATED)
_4328_/A2                               0.750000    1.654874   -0.904874 (VIOLATED)
_4441_/B1                               0.750000    1.652294   -0.902294 (VIOLATED)
_4452_/B1                               0.750000    1.652294   -0.902294 (VIOLATED)
_4459_/B1                               0.750000    1.652294   -0.902294 (VIOLATED)
_4464_/B1                               0.750000    1.652294   -0.902294 (VIOLATED)
_4440_/B1                               0.750000    1.652293   -0.902293 (VIOLATED)
_4442_/B1                               0.750000    1.652292   -0.902292 (VIOLATED)
_4444_/B1                               0.750000    1.652293   -0.902293 (VIOLATED)
_4465_/B1                               0.750000    1.652292   -0.902292 (VIOLATED)
_4439_/B1                               0.750000    1.652291   -0.902291 (VIOLATED)
_4443_/B1                               0.750000    1.652290   -0.902290 (VIOLATED)
_4445_/B1                               0.750000    1.652291   -0.902291 (VIOLATED)
_4446_/B1                               0.750000    1.652290   -0.902290 (VIOLATED)
_4466_/B1                               0.750000    1.652291   -0.902291 (VIOLATED)
_4467_/B1                               0.750000    1.652292   -0.902292 (VIOLATED)
_4447_/B1                               0.750000    1.652290   -0.902290 (VIOLATED)
_4449_/B1                               0.750000    1.652290   -0.902290 (VIOLATED)
_4450_/B1                               0.750000    1.652291   -0.902291 (VIOLATED)
_4455_/B1                               0.750000    1.652291   -0.902291 (VIOLATED)
_4460_/B1                               0.750000    1.652290   -0.902290 (VIOLATED)
_4461_/B1                               0.750000    1.652291   -0.902291 (VIOLATED)
_4463_/B1                               0.750000    1.652291   -0.902291 (VIOLATED)
_4437_/Y                                0.750000    1.652288   -0.902288 (VIOLATED)
_4438_/B1                               0.750000    1.652288   -0.902288 (VIOLATED)
_4448_/B1                               0.750000    1.652288   -0.902288 (VIOLATED)
_4451_/B1                               0.750000    1.652288   -0.902288 (VIOLATED)
_4453_/B1                               0.750000    1.652288   -0.902288 (VIOLATED)
_4454_/B1                               0.750000    1.652288   -0.902288 (VIOLATED)
_4456_/B1                               0.750000    1.652288   -0.902288 (VIOLATED)
_4457_/B1                               0.750000    1.652288   -0.902288 (VIOLATED)
_4458_/B1                               0.750000    1.652288   -0.902288 (VIOLATED)
_4462_/B1                               0.750000    1.652288   -0.902288 (VIOLATED)
_4468_/B1                               0.750000    1.652288   -0.902288 (VIOLATED)
_4469_/B1                               0.750000    1.652288   -0.902288 (VIOLATED)
_2861_/A                                0.750000    1.650237   -0.900237 (VIOLATED)
_2869_/A1                               0.750000    1.650238   -0.900238 (VIOLATED)
_2675_/A1                               0.750000    1.650236   -0.900236 (VIOLATED)
_2677_/A                                0.750000    1.650235   -0.900235 (VIOLATED)
_2927_/A1                               0.750000    1.650236   -0.900236 (VIOLATED)
_2929_/A                                0.750000    1.650237   -0.900237 (VIOLATED)
_2717_/A1                               0.750000    1.650232   -0.900232 (VIOLATED)
_2719_/A                                0.750000    1.650230   -0.900230 (VIOLATED)
_2728_/A1                               0.750000    1.650231   -0.900231 (VIOLATED)
_2730_/A                                0.750000    1.650230   -0.900230 (VIOLATED)
_2842_/A1                               0.750000    1.650231   -0.900231 (VIOLATED)
_2844_/A                                0.750000    1.650230   -0.900230 (VIOLATED)
_2969_/A                                0.750000    1.650231   -0.900231 (VIOLATED)
_2987_/A                                0.750000    1.650231   -0.900231 (VIOLATED)
_2977_/A1                               0.750000    1.650230   -0.900230 (VIOLATED)
_3005_/A1                               0.750000    1.650231   -0.900231 (VIOLATED)
_2565_/A1                               0.750000    1.650227   -0.900227 (VIOLATED)
_2570_/B2                               0.750000    1.650227   -0.900227 (VIOLATED)
_2576_/A                                0.750000    1.650228   -0.900228 (VIOLATED)
_2937_/A1                               0.750000    1.650227   -0.900227 (VIOLATED)
_2595_/A1                               0.750000    1.650226   -0.900226 (VIOLATED)
_2584_/A1                               0.750000    1.650223   -0.900223 (VIOLATED)
_2624_/A1                               0.750000    1.650224   -0.900224 (VIOLATED)
_2631_/A                                0.750000    1.650223   -0.900223 (VIOLATED)
_3000_/A1                               0.750000    1.650223   -0.900223 (VIOLATED)
_2837_/A1                               0.750000    1.650221   -0.900221 (VIOLATED)
_2587_/A                                0.750000    1.650219   -0.900219 (VIOLATED)
_2814_/A1                               0.750000    1.650220   -0.900220 (VIOLATED)
_2995_/A1                               0.750000    1.650219   -0.900220 (VIOLATED)
_3106_/A1                               0.750000    1.650220   -0.900220 (VIOLATED)
_3079_/A1                               0.750000    1.650218   -0.900218 (VIOLATED)
_3090_/A1                               0.750000    1.650219   -0.900219 (VIOLATED)
_3108_/A                                0.750000    1.650219   -0.900219 (VIOLATED)
_2629_/A1                               0.750000    1.650217   -0.900217 (VIOLATED)
_2636_/A                                0.750000    1.650216   -0.900216 (VIOLATED)
_3095_/A1                               0.750000    1.650216   -0.900216 (VIOLATED)
_2649_/A                                0.750000    1.650213   -0.900213 (VIOLATED)
_2747_/A                                0.750000    1.650214   -0.900214 (VIOLATED)
_2657_/A1                               0.750000    1.650213   -0.900213 (VIOLATED)
_2745_/A1                               0.750000    1.650213   -0.900213 (VIOLATED)
_2793_/A                                0.750000    1.650211   -0.900211 (VIOLATED)
_3040_/A1                               0.750000    1.650211   -0.900211 (VIOLATED)
_3198_/A                                0.750000    1.650211   -0.900211 (VIOLATED)
_3206_/A1                               0.750000    1.650211   -0.900211 (VIOLATED)
_2606_/A1                               0.750000    1.650209   -0.900209 (VIOLATED)
_3215_/A                                0.750000    1.650210   -0.900210 (VIOLATED)
_2612_/A1                               0.750000    1.650209   -0.900209 (VIOLATED)
_2898_/A1                               0.750000    1.650209   -0.900209 (VIOLATED)
_3049_/A1                               0.750000    1.650210   -0.900210 (VIOLATED)
_3081_/A                                0.750000    1.650209   -0.900209 (VIOLATED)
_2539_/A                                0.750000    1.650208   -0.900208 (VIOLATED)
_2554_/A1                               0.750000    1.650208   -0.900208 (VIOLATED)
_2601_/A1                               0.750000    1.650207   -0.900207 (VIOLATED)
_3042_/A                                0.750000    1.650208   -0.900208 (VIOLATED)
_2530_/A1                               0.750000    1.650205   -0.900205 (VIOLATED)
_3129_/A1                               0.750000    1.650205   -0.900205 (VIOLATED)
_3173_/A1                               0.750000    1.650206   -0.900206 (VIOLATED)
_3175_/A                                0.750000    1.650206   -0.900206 (VIOLATED)
_2616_/A1                               0.750000    1.650203   -0.900203 (VIOLATED)
_2903_/A1                               0.750000    1.650203   -0.900203 (VIOLATED)
_3131_/A                                0.750000    1.650204   -0.900204 (VIOLATED)
_3196_/A1                               0.750000    1.650205   -0.900205 (VIOLATED)
_3152_/A1                               0.750000    1.650203   -0.900203 (VIOLATED)
_3154_/A                                0.750000    1.650203   -0.900203 (VIOLATED)
_3161_/A1                               0.750000    1.650203   -0.900203 (VIOLATED)
_2512_/A1                               0.750000    1.650201   -0.900201 (VIOLATED)
_2514_/A                                0.750000    1.650202   -0.900202 (VIOLATED)
_2698_/A1                               0.750000    1.650201   -0.900201 (VIOLATED)
_2704_/A1                               0.750000    1.650201   -0.900201 (VIOLATED)
_2709_/A1                               0.750000    1.650201   -0.900201 (VIOLATED)
_2768_/A1                               0.750000    1.650201   -0.900201 (VIOLATED)
_3223_/A1                               0.750000    1.650202   -0.900202 (VIOLATED)
_2770_/A                                0.750000    1.650200   -0.900200 (VIOLATED)
_2816_/A                                0.750000    1.650201   -0.900201 (VIOLATED)
_3017_/A1                               0.750000    1.650201   -0.900201 (VIOLATED)
_2954_/A1                               0.750000    1.650200   -0.900200 (VIOLATED)
_3058_/A                                0.750000    1.650200   -0.900200 (VIOLATED)
_2859_/A1                               0.750000    1.650199   -0.900199 (VIOLATED)
_3019_/A                                0.750000    1.650197   -0.900197 (VIOLATED)
_3066_/A1                               0.750000    1.650197   -0.900197 (VIOLATED)
_2524_/A1                               0.750000    1.650195   -0.900195 (VIOLATED)
_2791_/A1                               0.750000    1.650195   -0.900195 (VIOLATED)
_2824_/A1                               0.750000    1.650195   -0.900195 (VIOLATED)
_2881_/A1                               0.750000    1.650193   -0.900193 (VIOLATED)
_2946_/A                                0.750000    1.650193   -0.900194 (VIOLATED)
_2492_/Y                                0.750000    1.650191   -0.900191 (VIOLATED)
_2883_/A                                0.750000    1.650191   -0.900191 (VIOLATED)
_4407_/B1                               0.750000    1.641694   -0.891694 (VIOLATED)
_4406_/B1                               0.750000    1.641693   -0.891693 (VIOLATED)
_4408_/B1                               0.750000    1.641693   -0.891693 (VIOLATED)
_4410_/B1                               0.750000    1.641694   -0.891694 (VIOLATED)
_4418_/B1                               0.750000    1.641694   -0.891694 (VIOLATED)
_4425_/B1                               0.750000    1.641694   -0.891694 (VIOLATED)
_4430_/B1                               0.750000    1.641694   -0.891694 (VIOLATED)
_4431_/B1                               0.750000    1.641693   -0.891693 (VIOLATED)
_4405_/B1                               0.750000    1.641691   -0.891691 (VIOLATED)
_4409_/B1                               0.750000    1.641691   -0.891691 (VIOLATED)
_4411_/B1                               0.750000    1.641691   -0.891691 (VIOLATED)
_4412_/B1                               0.750000    1.641691   -0.891691 (VIOLATED)
_4416_/B1                               0.750000    1.641691   -0.891692 (VIOLATED)
_4432_/B1                               0.750000    1.641691   -0.891692 (VIOLATED)
_4433_/B1                               0.750000    1.641692   -0.891692 (VIOLATED)
_4413_/B1                               0.750000    1.641690   -0.891691 (VIOLATED)
_4414_/B1                               0.750000    1.641690   -0.891690 (VIOLATED)
_4415_/B1                               0.750000    1.641691   -0.891691 (VIOLATED)
_4421_/B1                               0.750000    1.641691   -0.891691 (VIOLATED)
_4426_/B1                               0.750000    1.641690   -0.891691 (VIOLATED)
_4427_/B1                               0.750000    1.641691   -0.891691 (VIOLATED)
_4429_/B1                               0.750000    1.641691   -0.891691 (VIOLATED)
_4403_/Y                                0.750000    1.641688   -0.891689 (VIOLATED)
_4404_/B1                               0.750000    1.641688   -0.891689 (VIOLATED)
_4417_/B1                               0.750000    1.641688   -0.891689 (VIOLATED)
_4419_/B1                               0.750000    1.641688   -0.891689 (VIOLATED)
_4420_/B1                               0.750000    1.641688   -0.891689 (VIOLATED)
_4422_/B1                               0.750000    1.641688   -0.891689 (VIOLATED)
_4423_/B1                               0.750000    1.641688   -0.891689 (VIOLATED)
_4424_/B1                               0.750000    1.641688   -0.891689 (VIOLATED)
_4428_/B1                               0.750000    1.641688   -0.891689 (VIOLATED)
_4434_/B1                               0.750000    1.641688   -0.891689 (VIOLATED)
_4435_/B1                               0.750000    1.641688   -0.891689 (VIOLATED)
_4232_/B1                               0.750000    1.638463   -0.888463 (VIOLATED)
_4236_/B1                               0.750000    1.638463   -0.888463 (VIOLATED)
_4240_/B1                               0.750000    1.638463   -0.888463 (VIOLATED)
_4244_/B1                               0.750000    1.638463   -0.888463 (VIOLATED)
_4259_/B1                               0.750000    1.638463   -0.888463 (VIOLATED)
_4260_/B1                               0.750000    1.638463   -0.888463 (VIOLATED)
_4246_/B1                               0.750000    1.638462   -0.888462 (VIOLATED)
_4233_/B1                               0.750000    1.638461   -0.888461 (VIOLATED)
_4234_/B1                               0.750000    1.638461   -0.888462 (VIOLATED)
_4235_/B1                               0.750000    1.638462   -0.888462 (VIOLATED)
_4253_/B1                               0.750000    1.638461   -0.888461 (VIOLATED)
_4255_/B1                               0.750000    1.638462   -0.888462 (VIOLATED)
_4261_/B1                               0.750000    1.638462   -0.888462 (VIOLATED)
_4238_/B1                               0.750000    1.638460   -0.888460 (VIOLATED)
_4243_/B1                               0.750000    1.638460   -0.888460 (VIOLATED)
_4249_/B1                               0.750000    1.638461   -0.888461 (VIOLATED)
_4251_/B1                               0.750000    1.638460   -0.888460 (VIOLATED)
_4257_/B1                               0.750000    1.638461   -0.888461 (VIOLATED)
_4258_/B1                               0.750000    1.638461   -0.888461 (VIOLATED)
_4237_/B1                               0.750000    1.638459   -0.888459 (VIOLATED)
_4254_/B1                               0.750000    1.638460   -0.888460 (VIOLATED)
_4256_/B1                               0.750000    1.638460   -0.888460 (VIOLATED)
_4262_/B1                               0.750000    1.638460   -0.888460 (VIOLATED)
_4231_/Y                                0.750000    1.638457   -0.888457 (VIOLATED)
_4239_/B1                               0.750000    1.638457   -0.888457 (VIOLATED)
_4241_/B1                               0.750000    1.638457   -0.888457 (VIOLATED)
_4242_/B1                               0.750000    1.638457   -0.888457 (VIOLATED)
_4245_/B1                               0.750000    1.638457   -0.888457 (VIOLATED)
_4247_/B1                               0.750000    1.638457   -0.888457 (VIOLATED)
_4248_/B1                               0.750000    1.638457   -0.888457 (VIOLATED)
_4250_/B1                               0.750000    1.638457   -0.888457 (VIOLATED)
_4252_/B1                               0.750000    1.638457   -0.888457 (VIOLATED)
_4263_/B1                               0.750000    1.638457   -0.888457 (VIOLATED)
_4199_/B1                               0.750000    1.626201   -0.876201 (VIOLATED)
_4209_/B1                               0.750000    1.626202   -0.876202 (VIOLATED)
_4215_/B1                               0.750000    1.626201   -0.876201 (VIOLATED)
_4220_/B1                               0.750000    1.626202   -0.876202 (VIOLATED)
_4202_/B1                               0.750000    1.626200   -0.876200 (VIOLATED)
_4225_/B1                               0.750000    1.626199   -0.876199 (VIOLATED)
_4200_/B1                               0.750000    1.626197   -0.876197 (VIOLATED)
_4204_/B1                               0.750000    1.626198   -0.876198 (VIOLATED)
_4206_/B1                               0.750000    1.626198   -0.876198 (VIOLATED)
_4227_/B1                               0.750000    1.626197   -0.876197 (VIOLATED)
_4198_/B1                               0.750000    1.626195   -0.876195 (VIOLATED)
_4201_/B1                               0.750000    1.626194   -0.876194 (VIOLATED)
_4210_/B1                               0.750000    1.626195   -0.876195 (VIOLATED)
_4212_/B1                               0.750000    1.626194   -0.876194 (VIOLATED)
_4214_/B1                               0.750000    1.626194   -0.876194 (VIOLATED)
_4221_/B1                               0.750000    1.626194   -0.876194 (VIOLATED)
_4224_/B1                               0.750000    1.626194   -0.876194 (VIOLATED)
_4226_/B1                               0.750000    1.626195   -0.876195 (VIOLATED)
_4197_/Y                                0.750000    1.626192   -0.876192 (VIOLATED)
_4203_/B1                               0.750000    1.626192   -0.876192 (VIOLATED)
_4205_/B1                               0.750000    1.626192   -0.876192 (VIOLATED)
_4207_/B1                               0.750000    1.626192   -0.876192 (VIOLATED)
_4208_/B1                               0.750000    1.626192   -0.876192 (VIOLATED)
_4211_/B1                               0.750000    1.626192   -0.876192 (VIOLATED)
_4213_/B1                               0.750000    1.626192   -0.876192 (VIOLATED)
_4216_/B1                               0.750000    1.626192   -0.876192 (VIOLATED)
_4217_/B1                               0.750000    1.626192   -0.876192 (VIOLATED)
_4218_/B1                               0.750000    1.626192   -0.876192 (VIOLATED)
_4219_/B1                               0.750000    1.626192   -0.876192 (VIOLATED)
_4222_/B1                               0.750000    1.626192   -0.876192 (VIOLATED)
_4223_/B1                               0.750000    1.626192   -0.876192 (VIOLATED)
_4228_/B1                               0.750000    1.626192   -0.876192 (VIOLATED)
_4229_/B1                               0.750000    1.626192   -0.876192 (VIOLATED)
_4267_/B1                               0.750000    1.614978   -0.864978 (VIOLATED)
_4277_/B1                               0.750000    1.614979   -0.864979 (VIOLATED)
_4283_/B1                               0.750000    1.614978   -0.864978 (VIOLATED)
_4288_/B1                               0.750000    1.614979   -0.864979 (VIOLATED)
_4270_/B1                               0.750000    1.614977   -0.864977 (VIOLATED)
_4268_/B1                               0.750000    1.614974   -0.864975 (VIOLATED)
_4269_/B1                               0.750000    1.614975   -0.864975 (VIOLATED)
_4272_/B1                               0.750000    1.614975   -0.864975 (VIOLATED)
_4274_/B1                               0.750000    1.614974   -0.864975 (VIOLATED)
_4292_/B1                               0.750000    1.614975   -0.864975 (VIOLATED)
_4293_/B1                               0.750000    1.614976   -0.864976 (VIOLATED)
_4295_/B1                               0.750000    1.614974   -0.864974 (VIOLATED)
_4266_/B1                               0.750000    1.614970   -0.864970 (VIOLATED)
_4278_/B1                               0.750000    1.614970   -0.864970 (VIOLATED)
_4282_/B1                               0.750000    1.614970   -0.864970 (VIOLATED)
_4289_/B1                               0.750000    1.614970   -0.864970 (VIOLATED)
_4294_/B1                               0.750000    1.614970   -0.864970 (VIOLATED)
_4265_/Y                                0.750000    1.614968   -0.864968 (VIOLATED)
_4271_/B1                               0.750000    1.614968   -0.864968 (VIOLATED)
_4273_/B1                               0.750000    1.614968   -0.864968 (VIOLATED)
_4275_/B1                               0.750000    1.614968   -0.864968 (VIOLATED)
_4276_/B1                               0.750000    1.614968   -0.864968 (VIOLATED)
_4279_/B1                               0.750000    1.614968   -0.864968 (VIOLATED)
_4280_/B1                               0.750000    1.614968   -0.864968 (VIOLATED)
_4281_/B1                               0.750000    1.614968   -0.864968 (VIOLATED)
_4284_/B1                               0.750000    1.614968   -0.864968 (VIOLATED)
_4285_/B1                               0.750000    1.614968   -0.864968 (VIOLATED)
_4286_/B1                               0.750000    1.614968   -0.864968 (VIOLATED)
_4287_/B1                               0.750000    1.614968   -0.864968 (VIOLATED)
_4290_/B1                               0.750000    1.614968   -0.864968 (VIOLATED)
_4291_/B1                               0.750000    1.614968   -0.864968 (VIOLATED)
_4296_/B1                               0.750000    1.614968   -0.864968 (VIOLATED)
_4297_/B1                               0.750000    1.614968   -0.864968 (VIOLATED)
_4301_/B1                               0.750000    1.600973   -0.850973 (VIOLATED)
_4311_/B1                               0.750000    1.600974   -0.850974 (VIOLATED)
_4317_/B1                               0.750000    1.600973   -0.850973 (VIOLATED)
_4322_/B1                               0.750000    1.600974   -0.850974 (VIOLATED)
_4304_/B1                               0.750000    1.600972   -0.850972 (VIOLATED)
_4327_/B1                               0.750000    1.600971   -0.850971 (VIOLATED)
_4308_/B1                               0.750000    1.600969   -0.850969 (VIOLATED)
_4329_/B1                               0.750000    1.600969   -0.850969 (VIOLATED)
_4300_/B1                               0.750000    1.600966   -0.850966 (VIOLATED)
_4302_/B1                               0.750000    1.600966   -0.850966 (VIOLATED)
_4303_/B1                               0.750000    1.600966   -0.850966 (VIOLATED)
_4305_/B1                               0.750000    1.600965   -0.850965 (VIOLATED)
_4306_/B1                               0.750000    1.600965   -0.850966 (VIOLATED)
_4312_/B1                               0.750000    1.600966   -0.850966 (VIOLATED)
_4314_/B1                               0.750000    1.600966   -0.850966 (VIOLATED)
_4316_/B1                               0.750000    1.600966   -0.850966 (VIOLATED)
_4319_/B1                               0.750000    1.600966   -0.850966 (VIOLATED)
_4321_/B1                               0.750000    1.600966   -0.850966 (VIOLATED)
_4323_/B1                               0.750000    1.600965   -0.850965 (VIOLATED)
_4324_/B1                               0.750000    1.600966   -0.850966 (VIOLATED)
_4326_/B1                               0.750000    1.600966   -0.850966 (VIOLATED)
_4328_/B1                               0.750000    1.600966   -0.850966 (VIOLATED)
_4299_/Y                                0.750000    1.600963   -0.850963 (VIOLATED)
_4307_/B1                               0.750000    1.600963   -0.850963 (VIOLATED)
_4309_/B1                               0.750000    1.600963   -0.850963 (VIOLATED)
_4310_/B1                               0.750000    1.600963   -0.850963 (VIOLATED)
_4313_/B1                               0.750000    1.600963   -0.850963 (VIOLATED)
_4315_/B1                               0.750000    1.600963   -0.850963 (VIOLATED)
_4318_/B1                               0.750000    1.600963   -0.850963 (VIOLATED)
_4320_/B1                               0.750000    1.600963   -0.850963 (VIOLATED)
_4325_/B1                               0.750000    1.600963   -0.850963 (VIOLATED)
_4330_/B1                               0.750000    1.600963   -0.850963 (VIOLATED)
_4331_/B1                               0.750000    1.600963   -0.850963 (VIOLATED)
_4787_/A_N                              0.750000    1.397309   -0.647309 (VIOLATED)
_4796_/A_N                              0.750000    1.397302   -0.647302 (VIOLATED)
_4793_/A_N                              0.750000    1.397279   -0.647279 (VIOLATED)
_4784_/A_N                              0.750000    1.397264   -0.647264 (VIOLATED)
_4333_/A                                0.750000    1.397259   -0.647259 (VIOLATED)
_4231_/A                                0.750000    1.397254   -0.647254 (VIOLATED)
_4711_/A                                0.750000    1.397252   -0.647252 (VIOLATED)
_4811_/A                                0.750000    1.397252   -0.647252 (VIOLATED)
_3951_/A                                0.750000    1.397251   -0.647251 (VIOLATED)
_4540_/A                                0.750000    1.397251   -0.647251 (VIOLATED)
_4574_/A                                0.750000    1.397251   -0.647251 (VIOLATED)
_4913_/A                                0.750000    1.397251   -0.647251 (VIOLATED)
_5015_/A                                0.750000    1.397251   -0.647251 (VIOLATED)
_4642_/A                                0.750000    1.397250   -0.647250 (VIOLATED)
_4505_/A                                0.750000    1.397249   -0.647249 (VIOLATED)
_4845_/A                                0.750000    1.397248   -0.647248 (VIOLATED)
_4608_/A                                0.750000    1.397240   -0.647240 (VIOLATED)
_4471_/A                                0.750000    1.397239   -0.647240 (VIOLATED)
_4879_/A                                0.750000    1.397239   -0.647239 (VIOLATED)
_4299_/A                                0.750000    1.397238   -0.647238 (VIOLATED)
_4368_/A                                0.750000    1.397214   -0.647214 (VIOLATED)
_4794_/A_N                              0.750000    1.397199   -0.647199 (VIOLATED)
_4197_/A                                0.750000    1.397195   -0.647195 (VIOLATED)
_4265_/A                                0.750000    1.397190   -0.647190 (VIOLATED)
_4676_/A                                0.750000    1.397180   -0.647180 (VIOLATED)
_4162_/A                                0.750000    1.397179   -0.647180 (VIOLATED)
_4745_/A                                0.750000    1.397180   -0.647180 (VIOLATED)
_4059_/A                                0.750000    1.397179   -0.647179 (VIOLATED)
_4094_/A                                0.750000    1.397179   -0.647179 (VIOLATED)
_4128_/A                                0.750000    1.397178   -0.647178 (VIOLATED)
_4403_/A                                0.750000    1.397150   -0.647150 (VIOLATED)
_4437_/A                                0.750000    1.397150   -0.647150 (VIOLATED)
_3988_/A                                0.750000    1.397140   -0.647140 (VIOLATED)
_4947_/A                                0.750000    1.397122   -0.647122 (VIOLATED)
_4981_/A                                0.750000    1.397113   -0.647113 (VIOLATED)
_4023_/A                                0.750000    1.397110   -0.647110 (VIOLATED)
_4798_/A_N                              0.750000    1.396925   -0.646925 (VIOLATED)
_4785_/A_N                              0.750000    1.396924   -0.646924 (VIOLATED)
_4803_/A_N                              0.750000    1.396919   -0.646919 (VIOLATED)
_4791_/A_N                              0.750000    1.396913   -0.646913 (VIOLATED)
_4808_/A_N                              0.750000    1.396905   -0.646905 (VIOLATED)
_4801_/A_N                              0.750000    1.396893   -0.646893 (VIOLATED)
_4790_/A_N                              0.750000    1.396877   -0.646877 (VIOLATED)
_4806_/A_N                              0.750000    1.396838   -0.646838 (VIOLATED)
_4778_/A_N                              0.750000    1.396779   -0.646779 (VIOLATED)
_4802_/A_N                              0.750000    1.396761   -0.646761 (VIOLATED)
_3948_/B                                0.750000    1.396744   -0.646745 (VIOLATED)
_3984_/A_N                              0.750000    1.396743   -0.646743 (VIOLATED)
_4797_/A_N                              0.750000    1.396724   -0.646724 (VIOLATED)
_4800_/A_N                              0.750000    1.396642   -0.646642 (VIOLATED)
_4786_/A_N                              0.750000    1.396356   -0.646356 (VIOLATED)
_4789_/A_N                              0.750000    1.396235   -0.646235 (VIOLATED)
_4788_/A_N                              0.750000    1.396084   -0.646084 (VIOLATED)
_4809_/A_N                              0.750000    1.396084   -0.646084 (VIOLATED)
_4783_/A_N                              0.750000    1.396082   -0.646082 (VIOLATED)
_4795_/A_N                              0.750000    1.396082   -0.646082 (VIOLATED)
_4804_/A_N                              0.750000    1.396077   -0.646077 (VIOLATED)
_4779_/A_N                              0.750000    1.396073   -0.646073 (VIOLATED)
_4799_/A_N                              0.750000    1.396072   -0.646072 (VIOLATED)
_4792_/A_N                              0.750000    1.396070   -0.646070 (VIOLATED)
_4781_/A_N                              0.750000    1.396068   -0.646068 (VIOLATED)
_4780_/A_N                              0.750000    1.396065   -0.646065 (VIOLATED)
_4807_/A_N                              0.750000    1.396060   -0.646060 (VIOLATED)
_4805_/A_N                              0.750000    1.396057   -0.646057 (VIOLATED)
_4782_/A_N                              0.750000    1.396050   -0.646050 (VIOLATED)
rst                                     0.750000    1.396036   -0.646036 (VIOLATED)
_3718_/A                                0.750000    1.179547   -0.429547 (VIOLATED)
_3554_/A1                               0.750000    1.179543   -0.429543 (VIOLATED)
_3392_/A1                               0.750000    1.179540   -0.429540 (VIOLATED)
_3708_/A1                               0.750000    1.179538   -0.429538 (VIOLATED)
_3381_/A1                               0.750000    1.179524   -0.429524 (VIOLATED)
_3376_/A1                               0.750000    1.179520   -0.429520 (VIOLATED)
_3387_/A1                               0.750000    1.179513   -0.429513 (VIOLATED)
_3927_/A1                               0.750000    1.179488   -0.429488 (VIOLATED)
_3576_/A1                               0.750000    1.179473   -0.429473 (VIOLATED)
_3291_/A1                               0.750000    1.179466   -0.429466 (VIOLATED)
_3881_/A1                               0.750000    1.179465   -0.429465 (VIOLATED)
_3233_/B                                0.750000    1.179460   -0.429460 (VIOLATED)
_3238_/A_N                              0.750000    1.179460   -0.429460 (VIOLATED)
_3234_/B                                0.750000    1.179458   -0.429458 (VIOLATED)
_3239_/A_N                              0.750000    1.179458   -0.429458 (VIOLATED)
_2494_/A                                0.750000    1.179457   -0.429457 (VIOLATED)
_3429_/A1                               0.750000    1.179457   -0.429457 (VIOLATED)
_3488_/A1                               0.750000    1.179454   -0.429454 (VIOLATED)
_3532_/A1                               0.750000    1.179454   -0.429454 (VIOLATED)
_3780_/A1                               0.750000    1.179455   -0.429455 (VIOLATED)
_3445_/A1                               0.750000    1.179452   -0.429452 (VIOLATED)
_3461_/A                                0.750000    1.179451   -0.429451 (VIOLATED)
_3701_/A1                               0.750000    1.179451   -0.429451 (VIOLATED)
_3734_/A1                               0.750000    1.179449   -0.429449 (VIOLATED)
_3661_/A1                               0.750000    1.179448   -0.429448 (VIOLATED)
_3684_/A1                               0.750000    1.179447   -0.429447 (VIOLATED)
_3837_/A                                0.750000    1.179447   -0.429447 (VIOLATED)
_3628_/A                                0.750000    1.179444   -0.429444 (VIOLATED)
_3410_/A                                0.750000    1.179442   -0.429442 (VIOLATED)
_3268_/A1                               0.750000    1.179437   -0.429437 (VIOLATED)
_3806_/A                                0.750000    1.179437   -0.429437 (VIOLATED)
_3666_/A1                               0.750000    1.179435   -0.429435 (VIOLATED)
_3618_/A1                               0.750000    1.179434   -0.429434 (VIOLATED)
_3498_/A                                0.750000    1.179431   -0.429431 (VIOLATED)
_3651_/A1                               0.750000    1.179430   -0.429430 (VIOLATED)
_3399_/A1                               0.750000    1.179428   -0.429428 (VIOLATED)
_3798_/A1                               0.750000    1.179424   -0.429424 (VIOLATED)
_3433_/A                                0.750000    1.179421   -0.429421 (VIOLATED)
_3729_/A1                               0.750000    1.179413   -0.429413 (VIOLATED)
_3775_/A1                               0.750000    1.179411   -0.429411 (VIOLATED)
_3740_/A1                               0.750000    1.179409   -0.429409 (VIOLATED)
_3745_/A1                               0.750000    1.179404   -0.429404 (VIOLATED)
_3903_/A1                               0.750000    1.179399   -0.429399 (VIOLATED)
_3677_/A1                               0.750000    1.179399   -0.429399 (VIOLATED)
_3672_/A1                               0.750000    1.179392   -0.429392 (VIOLATED)
_3920_/A                                0.750000    1.179382   -0.429382 (VIOLATED)
_3791_/A1                               0.750000    1.179379   -0.429379 (VIOLATED)
_3752_/A1                               0.750000    1.179363   -0.429363 (VIOLATED)
_3786_/A1                               0.750000    1.179359   -0.429359 (VIOLATED)
_3509_/A1                               0.750000    1.179356   -0.429356 (VIOLATED)
_3241_/A1                               0.750000    1.179339   -0.429339 (VIOLATED)
_3859_/A1                               0.750000    1.179318   -0.429318 (VIOLATED)
_3520_/A                                0.750000    1.179309   -0.429309 (VIOLATED)
_3869_/A                                0.750000    1.179301   -0.429301 (VIOLATED)
rs2[2]                                  0.750000    1.179279   -0.429279 (VIOLATED)
_2831_/A1                               0.750000    1.140781   -0.390781 (VIOLATED)
_3100_/A1                               0.750000    1.140780   -0.390780 (VIOLATED)
_2560_/A1                               0.750000    1.140771   -0.390771 (VIOLATED)
_3123_/A1                               0.750000    1.140765   -0.390765 (VIOLATED)
_3183_/A1                               0.750000    1.140761   -0.390761 (VIOLATED)
_3167_/A1                               0.750000    1.140749   -0.390749 (VIOLATED)
_2739_/A1                               0.750000    1.140738   -0.390739 (VIOLATED)
_3212_/A1                               0.750000    1.140737   -0.390737 (VIOLATED)
_3228_/A1                               0.750000    1.140732   -0.390732 (VIOLATED)
_2853_/A1                               0.750000    1.140731   -0.390731 (VIOLATED)
_2891_/A1                               0.750000    1.140732   -0.390732 (VIOLATED)
_2966_/A1                               0.750000    1.140731   -0.390731 (VIOLATED)
_3116_/A1                               0.750000    1.140724   -0.390724 (VIOLATED)
_2982_/A1                               0.750000    1.140722   -0.390722 (VIOLATED)
_2662_/A1                               0.750000    1.140722   -0.390722 (VIOLATED)
_2755_/A1                               0.750000    1.140721   -0.390721 (VIOLATED)
_2646_/A1                               0.750000    1.140719   -0.390719 (VIOLATED)
_3139_/A1                               0.750000    1.140718   -0.390718 (VIOLATED)
_2611_/A                                0.750000    1.140717   -0.390717 (VIOLATED)
_2921_/A1                               0.750000    1.140715   -0.390715 (VIOLATED)
_2535_/A1                               0.750000    1.140714   -0.390714 (VIOLATED)
_2875_/A1                               0.750000    1.140714   -0.390714 (VIOLATED)
_2690_/A                                0.750000    1.140709   -0.390709 (VIOLATED)
_2914_/A1                               0.750000    1.140706   -0.390706 (VIOLATED)
_2544_/A                                0.750000    1.140705   -0.390705 (VIOLATED)
_2909_/A1                               0.750000    1.140704   -0.390704 (VIOLATED)
_2502_/A_N                              0.750000    1.140699   -0.390699 (VIOLATED)
_2496_/B                                0.750000    1.140699   -0.390699 (VIOLATED)
_2503_/A_N                              0.750000    1.140697   -0.390697 (VIOLATED)
_2497_/B                                0.750000    1.140696   -0.390696 (VIOLATED)
_2685_/A1                               0.750000    1.140694   -0.390694 (VIOLATED)
_2669_/A1                               0.750000    1.140690   -0.390690 (VIOLATED)
_2492_/A                                0.750000    1.140687   -0.390687 (VIOLATED)
_2778_/A1                               0.750000    1.140687   -0.390686 (VIOLATED)
_2762_/A1                               0.750000    1.140679   -0.390679 (VIOLATED)
_3027_/A1                               0.750000    1.140678   -0.390678 (VIOLATED)
_3071_/A1                               0.750000    1.140674   -0.390674 (VIOLATED)
_2808_/A1                               0.750000    1.140665   -0.390665 (VIOLATED)
_2959_/A1                               0.750000    1.140657   -0.390657 (VIOLATED)
_2943_/A1                               0.750000    1.140655   -0.390655 (VIOLATED)
_3190_/A1                               0.750000    1.140646   -0.390646 (VIOLATED)
_3011_/A1                               0.750000    1.140645   -0.390645 (VIOLATED)
_3044_/A                                0.750000    1.140636   -0.390636 (VIOLATED)
_3146_/A1                               0.750000    1.140588   -0.390588 (VIOLATED)
_2506_/A1                               0.750000    1.140580   -0.390580 (VIOLATED)
_3055_/A1                               0.750000    1.140571   -0.390571 (VIOLATED)
_2801_/A1                               0.750000    1.140548   -0.390548 (VIOLATED)
_3034_/A1                               0.750000    1.140533   -0.390533 (VIOLATED)
_2785_/A1                               0.750000    1.140532   -0.390532 (VIOLATED)
_3156_/A                                0.750000    1.140509   -0.390509 (VIOLATED)
rs1[2]                                  0.750000    1.140468   -0.390468 (VIOLATED)
_2762_/B2                               0.750000    1.087944   -0.337944 (VIOLATED)
_2778_/B2                               0.750000    1.087944   -0.337944 (VIOLATED)
_2547_/B2                               0.750000    1.087942   -0.337942 (VIOLATED)
_2914_/B2                               0.750000    1.087943   -0.337943 (VIOLATED)
_2909_/B2                               0.750000    1.087942   -0.337942 (VIOLATED)
_2536_/A1                               0.750000    1.087936   -0.337936 (VIOLATED)
_3139_/B2                               0.750000    1.087933   -0.337933 (VIOLATED)
_3123_/B2                               0.750000    1.087928   -0.337928 (VIOLATED)
_2558_/A                                0.750000    1.087925   -0.337925 (VIOLATED)
_3183_/B2                               0.750000    1.087923   -0.337923 (VIOLATED)
_2785_/B2                               0.750000    1.087919   -0.337919 (VIOLATED)
_3034_/B2                               0.750000    1.087919   -0.337919 (VIOLATED)
_3055_/B2                               0.750000    1.087919   -0.337919 (VIOLATED)
_3011_/B2                               0.750000    1.087919   -0.337919 (VIOLATED)
_2943_/B2                               0.750000    1.087918   -0.337918 (VIOLATED)
_2801_/B2                               0.750000    1.087917   -0.337917 (VIOLATED)
_3168_/A1                               0.750000    1.087917   -0.337917 (VIOLATED)
_2960_/A1                               0.750000    1.087916   -0.337916 (VIOLATED)
_3146_/B2                               0.750000    1.087916   -0.337916 (VIOLATED)
_3027_/B2                               0.750000    1.087915   -0.337915 (VIOLATED)
_2506_/B1                               0.750000    1.087914   -0.337914 (VIOLATED)
_2693_/B2                               0.750000    1.087913   -0.337913 (VIOLATED)
_2891_/B2                               0.750000    1.087911   -0.337911 (VIOLATED)
_2831_/B2                               0.750000    1.087910   -0.337910 (VIOLATED)
_3100_/B2                               0.750000    1.087910   -0.337910 (VIOLATED)
_2808_/B2                               0.750000    1.087909   -0.337908 (VIOLATED)
_3190_/B2                               0.750000    1.087909   -0.337909 (VIOLATED)
_2669_/B2                               0.750000    1.087908   -0.337908 (VIOLATED)
_2853_/B2                               0.750000    1.087908   -0.337908 (VIOLATED)
_2966_/B2                               0.750000    1.087908   -0.337908 (VIOLATED)
_2982_/B2                               0.750000    1.087908   -0.337908 (VIOLATED)
_3116_/B2                               0.750000    1.087908   -0.337908 (VIOLATED)
_3229_/A1                               0.750000    1.087908   -0.337908 (VIOLATED)
_2662_/B2                               0.750000    1.087907   -0.337907 (VIOLATED)
_2685_/B2                               0.750000    1.087907   -0.337907 (VIOLATED)
_2876_/A1                               0.750000    1.087907   -0.337907 (VIOLATED)
_3071_/B2                               0.750000    1.087907   -0.337907 (VIOLATED)
_3212_/B2                               0.750000    1.087907   -0.337907 (VIOLATED)
_2739_/B2                               0.750000    1.087907   -0.337907 (VIOLATED)
_2646_/B2                               0.750000    1.087906   -0.337906 (VIOLATED)
_2755_/B2                               0.750000    1.087905   -0.337905 (VIOLATED)
_2921_/B2                               0.750000    1.087906   -0.337906 (VIOLATED)
_2502_/X                                0.750000    1.087904   -0.337904 (VIOLATED)
_3007_/B1                               0.750000    1.055773   -0.305773 (VIOLATED)
_2849_/B1                               0.750000    1.055772   -0.305772 (VIOLATED)
_2597_/B1                               0.750000    1.055770   -0.305770 (VIOLATED)
_2574_/D                                0.750000    1.055768   -0.305768 (VIOLATED)
_2619_/A                                0.750000    1.055767   -0.305767 (VIOLATED)
_2917_/B1                               0.750000    1.055767   -0.305767 (VIOLATED)
_2550_/B1                               0.750000    1.055766   -0.305766 (VIOLATED)
_3186_/B1                               0.750000    1.055765   -0.305765 (VIOLATED)
_3142_/B1                               0.750000    1.055763   -0.305763 (VIOLATED)
_2735_/B1                               0.750000    1.055753   -0.305753 (VIOLATED)
_2804_/B1                               0.750000    1.055753   -0.305753 (VIOLATED)
_2985_/B1                               0.750000    1.055753   -0.305753 (VIOLATED)
_3051_/B1                               0.750000    1.055753   -0.305753 (VIOLATED)
_2665_/B1                               0.750000    1.055752   -0.305752 (VIOLATED)
_2688_/B1                               0.750000    1.055752   -0.305752 (VIOLATED)
_3119_/B1                               0.750000    1.055752   -0.305752 (VIOLATED)
_2642_/B1                               0.750000    1.055752   -0.305752 (VIOLATED)
_3208_/B1                               0.750000    1.055752   -0.305752 (VIOLATED)
_3096_/B1                               0.750000    1.055751   -0.305751 (VIOLATED)
_2758_/B1                               0.750000    1.055750   -0.305751 (VIOLATED)
_2939_/B1                               0.750000    1.055750   -0.305751 (VIOLATED)
_3163_/B1                               0.750000    1.055750   -0.305750 (VIOLATED)
_2526_/B1                               0.750000    1.055750   -0.305750 (VIOLATED)
_2781_/B1                               0.750000    1.055750   -0.305750 (VIOLATED)
_2871_/B1                               0.750000    1.055750   -0.305750 (VIOLATED)
_2712_/D                                0.750000    1.055749   -0.305749 (VIOLATED)
_3074_/B1                               0.750000    1.055749   -0.305749 (VIOLATED)
_3030_/B1                               0.750000    1.055748   -0.305749 (VIOLATED)
_3231_/B1                               0.750000    1.055748   -0.305748 (VIOLATED)
_2894_/B1                               0.750000    1.055748   -0.305748 (VIOLATED)
_2962_/B1                               0.750000    1.055748   -0.305748 (VIOLATED)
_2826_/B1                               0.750000    1.055747   -0.305747 (VIOLATED)
_2499_/X                                0.750000    1.055744   -0.305744 (VIOLATED)
_3855_/B1                               0.750000    1.038734   -0.288734 (VIOLATED)
_3899_/B1                               0.750000    1.038733   -0.288733 (VIOLATED)
_3310_/B1                               0.750000    1.038732   -0.288732 (VIOLATED)
_3264_/B1                               0.750000    1.038729   -0.288729 (VIOLATED)
_3330_/B1                               0.750000    1.038728   -0.288728 (VIOLATED)
_3877_/B1                               0.750000    1.038728   -0.288728 (VIOLATED)
_3528_/B1                               0.750000    1.038726   -0.288726 (VIOLATED)
_3725_/B1                               0.750000    1.038725   -0.288725 (VIOLATED)
_3572_/B1                               0.750000    1.038725   -0.288725 (VIOLATED)
_3771_/B1                               0.750000    1.038724   -0.288724 (VIOLATED)
_3923_/B1                               0.750000    1.038721   -0.288721 (VIOLATED)
_3351_/B1                               0.750000    1.038720   -0.288720 (VIOLATED)
_3636_/B1                               0.750000    1.038720   -0.288720 (VIOLATED)
_3287_/B1                               0.750000    1.038718   -0.288718 (VIOLATED)
_3550_/B1                               0.750000    1.038718   -0.288718 (VIOLATED)
_3464_/B1                               0.750000    1.038718   -0.288718 (VIOLATED)
_3657_/B1                               0.750000    1.038717   -0.288717 (VIOLATED)
_3704_/B1                               0.750000    1.038718   -0.288718 (VIOLATED)
_3834_/B1                               0.750000    1.038717   -0.288717 (VIOLATED)
_3419_/B1                               0.750000    1.038716   -0.288716 (VIOLATED)
_3814_/B1                               0.750000    1.038715   -0.288715 (VIOLATED)
_3505_/B1                               0.750000    1.038714   -0.288714 (VIOLATED)
_3441_/B1                               0.750000    1.038711   -0.288711 (VIOLATED)
_3395_/B1                               0.750000    1.038709   -0.288709 (VIOLATED)
_3748_/B1                               0.750000    1.038709   -0.288709 (VIOLATED)
_3680_/B1                               0.750000    1.038707   -0.288707 (VIOLATED)
_3794_/B1                               0.750000    1.038707   -0.288707 (VIOLATED)
_3372_/A                                0.750000    1.038704   -0.288704 (VIOLATED)
_3484_/A                                0.750000    1.038703   -0.288704 (VIOLATED)
_3594_/B1                               0.750000    1.038703   -0.288703 (VIOLATED)
_3946_/B1                               0.750000    1.038702   -0.288703 (VIOLATED)
_3235_/X                                0.750000    1.038699   -0.288699 (VIOLATED)
_3614_/A                                0.750000    1.038699   -0.288699 (VIOLATED)
_3241_/B1                               0.750000    0.887795   -0.137795 (VIOLATED)
_3786_/B2                               0.750000    0.887794   -0.137794 (VIOLATED)
_3791_/B2                               0.750000    0.887546   -0.137547 (VIOLATED)
_3672_/B2                               0.750000    0.887546   -0.137546 (VIOLATED)
_3740_/B2                               0.750000    0.887546   -0.137546 (VIOLATED)
_3745_/B2                               0.750000    0.887545   -0.137545 (VIOLATED)
_3677_/B2                               0.750000    0.887544   -0.137544 (VIOLATED)
_3269_/A1                               0.750000    0.887544   -0.137544 (VIOLATED)
_3618_/B2                               0.750000    0.887543   -0.137543 (VIOLATED)
_3489_/A1                               0.750000    0.887542   -0.137543 (VIOLATED)
_3729_/B2                               0.750000    0.887542   -0.137543 (VIOLATED)
_3775_/B2                               0.750000    0.887542   -0.137542 (VIOLATED)
_3666_/B2                               0.750000    0.887541   -0.137541 (VIOLATED)
_3734_/B2                               0.750000    0.887540   -0.137540 (VIOLATED)
_3428_/B2                               0.750000    0.887540   -0.137540 (VIOLATED)
_3860_/A1                               0.750000    0.887539   -0.137539 (VIOLATED)
_3752_/B2                               0.750000    0.887538   -0.137538 (VIOLATED)
_3238_/X                                0.750000    0.887538   -0.137538 (VIOLATED)
_3291_/B2                               0.750000    0.887538   -0.137538 (VIOLATED)
_3376_/B2                               0.750000    0.887538   -0.137538 (VIOLATED)
_3381_/B2                               0.750000    0.887538   -0.137538 (VIOLATED)
_3387_/B2                               0.750000    0.887538   -0.137538 (VIOLATED)
_3392_/B2                               0.750000    0.887538   -0.137538 (VIOLATED)
_3400_/A1                               0.750000    0.887538   -0.137538 (VIOLATED)
_3446_/A1                               0.750000    0.887538   -0.137538 (VIOLATED)
_3510_/A1                               0.750000    0.887538   -0.137538 (VIOLATED)
_3533_/A1                               0.750000    0.887538   -0.137538 (VIOLATED)
_3555_/A1                               0.750000    0.887538   -0.137538 (VIOLATED)
_3576_/B2                               0.750000    0.887538   -0.137538 (VIOLATED)
_3661_/B2                               0.750000    0.887538   -0.137538 (VIOLATED)
_3684_/B2                               0.750000    0.887538   -0.137538 (VIOLATED)
_3701_/B2                               0.750000    0.887538   -0.137538 (VIOLATED)
_3708_/B2                               0.750000    0.887538   -0.137538 (VIOLATED)
_3780_/B2                               0.750000    0.887538   -0.137538 (VIOLATED)
_3881_/B2                               0.750000    0.887538   -0.137538 (VIOLATED)
_3903_/B2                               0.750000    0.887538   -0.137538 (VIOLATED)
_3927_/B2                               0.750000    0.887538   -0.137538 (VIOLATED)
_2938_/B2                               0.750000    0.835595   -0.085595 (VIOLATED)
_2728_/C1                               0.750000    0.835594   -0.085594 (VIOLATED)
_2984_/B2                               0.750000    0.835593   -0.085593 (VIOLATED)
_2687_/B2                               0.750000    0.835584   -0.085584 (VIOLATED)
_3095_/C1                               0.750000    0.835581   -0.085581 (VIOLATED)
_3223_/C1                               0.750000    0.835578   -0.085578 (VIOLATED)
_2859_/C1                               0.750000    0.835576   -0.085576 (VIOLATED)
_2824_/C1                               0.750000    0.835559   -0.085559 (VIOLATED)
_2881_/C1                               0.750000    0.835517   -0.085517 (VIOLATED)
_2757_/B2                               0.750000    0.835511   -0.085511 (VIOLATED)
_2624_/C1                               0.750000    0.835509   -0.085509 (VIOLATED)
_3000_/C1                               0.750000    0.835505   -0.085505 (VIOLATED)
_3118_/B2                               0.750000    0.835503   -0.085503 (VIOLATED)
_3207_/B2                               0.750000    0.835502   -0.085502 (VIOLATED)
_3049_/C1                               0.750000    0.835500   -0.085500 (VIOLATED)
_2837_/C1                               0.750000    0.835499   -0.085499 (VIOLATED)
_2664_/B2                               0.750000    0.835498   -0.085498 (VIOLATED)
_2803_/B2                               0.750000    0.835497   -0.085497 (VIOLATED)
_3161_/C1                               0.750000    0.835492   -0.085492 (VIOLATED)
_2596_/A1                               0.750000    0.835492   -0.085492 (VIOLATED)
_2525_/B2                               0.750000    0.835486   -0.085486 (VIOLATED)
_2573_/A1                               0.750000    0.835483   -0.085483 (VIOLATED)
_3185_/A1                               0.750000    0.835471   -0.085471 (VIOLATED)
_3066_/C1                               0.750000    0.835470   -0.085470 (VIOLATED)
_2961_/B2                               0.750000    0.835462   -0.085462 (VIOLATED)
_3029_/B2                               0.750000    0.835456   -0.085456 (VIOLATED)
_3135_/A1                               0.750000    0.835452   -0.085453 (VIOLATED)
_2711_/A1                               0.750000    0.835445   -0.085445 (VIOLATED)
_2768_/C1                               0.750000    0.835436   -0.085436 (VIOLATED)
_2500_/X                                0.750000    0.835407   -0.085407 (VIOLATED)
_3813_/A1                               0.750000    0.833169   -0.083169 (VIOLATED)
_3538_/C1                               0.750000    0.833168   -0.083168 (VIOLATED)
_3916_/B1                               0.750000    0.833167   -0.083167 (VIOLATED)
_3758_/C1                               0.750000    0.833162   -0.083163 (VIOLATED)
_3515_/B1                               0.750000    0.833158   -0.083158 (VIOLATED)
_3865_/C1                               0.750000    0.833149   -0.083149 (VIOLATED)
_3703_/B2                               0.750000    0.833147   -0.083147 (VIOLATED)
_3462_/A1                               0.750000    0.833146   -0.083146 (VIOLATED)
_3416_/B1                               0.750000    0.833144   -0.083144 (VIOLATED)
_3254_/B1                               0.750000    0.833143   -0.083143 (VIOLATED)
_3647_/A1                               0.750000    0.833141   -0.083141 (VIOLATED)
_3592_/C1                               0.750000    0.833132   -0.083132 (VIOLATED)
_3793_/B2                               0.750000    0.833128   -0.083128 (VIOLATED)
_3945_/A1                               0.750000    0.833126   -0.083126 (VIOLATED)
_3832_/C1                               0.750000    0.833125   -0.083125 (VIOLATED)
_3673_/B1                               0.750000    0.833125   -0.083125 (VIOLATED)
_3723_/C1                               0.750000    0.833125   -0.083125 (VIOLATED)
_3560_/C1                               0.750000    0.833123   -0.083123 (VIOLATED)
_3280_/A1                               0.750000    0.833121   -0.083121 (VIOLATED)
_3633_/B1                               0.750000    0.833121   -0.083121 (VIOLATED)
_3319_/C1                               0.750000    0.833120   -0.083120 (VIOLATED)
_3341_/A                                0.750000    0.833120   -0.083120 (VIOLATED)
_3308_/C1                               0.750000    0.833118   -0.083118 (VIOLATED)
_3741_/B1                               0.750000    0.833117   -0.083117 (VIOLATED)
_3854_/A1                               0.750000    0.833117   -0.083117 (VIOLATED)
_3394_/B2                               0.750000    0.833115   -0.083115 (VIOLATED)
_3897_/C1                               0.750000    0.833114   -0.083114 (VIOLATED)
_3503_/C1                               0.750000    0.833113   -0.083113 (VIOLATED)
_3440_/A1                               0.750000    0.833113   -0.083113 (VIOLATED)
_3253_/X                                0.750000    0.833105   -0.083105 (VIOLATED)
_2681_/A1                               0.750000    0.822680   -0.072680 (VIOLATED)
_2870_/A1                               0.750000    0.822679   -0.072679 (VIOLATED)
_2938_/A1                               0.750000    0.822678   -0.072678 (VIOLATED)
_2717_/C1                               0.750000    0.822673   -0.072673 (VIOLATED)
_2984_/A1                               0.750000    0.822668   -0.072668 (VIOLATED)
_3085_/A1                               0.750000    0.822650   -0.072650 (VIOLATED)
_2825_/A1                               0.750000    0.822638   -0.072638 (VIOLATED)
_3196_/C1                               0.750000    0.822624   -0.072624 (VIOLATED)
_3050_/A1                               0.750000    0.822615   -0.072615 (VIOLATED)
_2791_/C1                               0.750000    0.822603   -0.072603 (VIOLATED)
_3162_/B1                               0.750000    0.822600   -0.072600 (VIOLATED)
_3073_/B2                               0.750000    0.822596   -0.072596 (VIOLATED)
_2524_/B1                               0.750000    0.822586   -0.072586 (VIOLATED)
_2955_/A1                               0.750000    0.822553   -0.072553 (VIOLATED)
_3230_/B2                               0.750000    0.822527   -0.072527 (VIOLATED)
_2745_/C1                               0.750000    0.822524   -0.072524 (VIOLATED)
_2657_/C1                               0.750000    0.822521   -0.072521 (VIOLATED)
_3023_/A1                               0.750000    0.822519   -0.072519 (VIOLATED)
_2629_/C1                               0.750000    0.822515   -0.072515 (VIOLATED)
_2893_/B2                               0.750000    0.822510   -0.072510 (VIOLATED)
_2694_/C_N                              0.750000    0.822508   -0.072508 (VIOLATED)
_3106_/C1                               0.750000    0.822500   -0.072500 (VIOLATED)
_3006_/A1                               0.750000    0.822493   -0.072493 (VIOLATED)
_2842_/C1                               0.750000    0.822488   -0.072488 (VIOLATED)
_2774_/A1                               0.750000    0.822482   -0.072482 (VIOLATED)
_2595_/C1                               0.750000    0.822472   -0.072472 (VIOLATED)
_2573_/B2                               0.750000    0.822463   -0.072463 (VIOLATED)
_3179_/A1                               0.750000    0.822458   -0.072458 (VIOLATED)
_3129_/C1                               0.750000    0.822450   -0.072450 (VIOLATED)
_2522_/X                                0.750000    0.822435   -0.072436 (VIOLATED)

max fanout

Pin                                   Limit Fanout  Slack
---------------------------------------------------------
clk                                      10   1024  -1014 (VIOLATED)
rs1[0]                                   10    382   -372 (VIOLATED)
rs2[0]                                   10    364   -354 (VIOLATED)
rs2[1]                                   10    153   -143 (VIOLATED)
rs1[1]                                   10    135   -125 (VIOLATED)
_2494_/Y                                 10     92    -82 (VIOLATED)
_2492_/Y                                 10     86    -76 (VIOLATED)
_2497_/X                                 10     84    -74 (VIOLATED)
_2503_/Y                                 10     83    -73 (VIOLATED)
_3234_/X                                 10     72    -62 (VIOLATED)
_3239_/Y                                 10     71    -61 (VIOLATED)
rst                                      10     65    -55 (VIOLATED)
rs2[2]                                   10     54    -44 (VIOLATED)
rs1[2]                                   10     50    -40 (VIOLATED)
_2496_/Y                                 10     42    -32 (VIOLATED)
_2502_/X                                 10     42    -32 (VIOLATED)
_3233_/Y                                 10     36    -26 (VIOLATED)
_3238_/X                                 10     36    -26 (VIOLATED)
_3950_/Y                                 10     33    -23 (VIOLATED)
_3987_/Y                                 10     33    -23 (VIOLATED)
_4022_/Y                                 10     33    -23 (VIOLATED)
_4058_/Y                                 10     33    -23 (VIOLATED)
_4093_/Y                                 10     33    -23 (VIOLATED)
_4127_/Y                                 10     33    -23 (VIOLATED)
_4161_/Y                                 10     33    -23 (VIOLATED)
_4196_/Y                                 10     33    -23 (VIOLATED)
_4230_/Y                                 10     33    -23 (VIOLATED)
_4264_/Y                                 10     33    -23 (VIOLATED)
_4298_/Y                                 10     33    -23 (VIOLATED)
_4332_/Y                                 10     33    -23 (VIOLATED)
_4367_/Y                                 10     33    -23 (VIOLATED)
_4402_/Y                                 10     33    -23 (VIOLATED)
_4436_/Y                                 10     33    -23 (VIOLATED)
_4470_/Y                                 10     33    -23 (VIOLATED)
_4504_/Y                                 10     33    -23 (VIOLATED)
_4539_/Y                                 10     33    -23 (VIOLATED)
_4573_/Y                                 10     33    -23 (VIOLATED)
_4607_/Y                                 10     33    -23 (VIOLATED)
_4641_/Y                                 10     33    -23 (VIOLATED)
_4675_/Y                                 10     33    -23 (VIOLATED)
_4710_/Y                                 10     33    -23 (VIOLATED)
_4744_/Y                                 10     33    -23 (VIOLATED)
_4810_/Y                                 10     33    -23 (VIOLATED)
_4844_/Y                                 10     33    -23 (VIOLATED)
_4878_/Y                                 10     33    -23 (VIOLATED)
_4912_/Y                                 10     33    -23 (VIOLATED)
_4946_/Y                                 10     33    -23 (VIOLATED)
_4980_/Y                                 10     33    -23 (VIOLATED)
_5014_/Y                                 10     33    -23 (VIOLATED)
_2498_/Y                                 10     32    -22 (VIOLATED)
_2499_/X                                 10     32    -22 (VIOLATED)
_3235_/X                                 10     32    -22 (VIOLATED)
_3951_/Y                                 10     32    -22 (VIOLATED)
_3988_/Y                                 10     32    -22 (VIOLATED)
_4023_/Y                                 10     32    -22 (VIOLATED)
_4059_/Y                                 10     32    -22 (VIOLATED)
_4094_/Y                                 10     32    -22 (VIOLATED)
_4128_/Y                                 10     32    -22 (VIOLATED)
_4162_/Y                                 10     32    -22 (VIOLATED)
_4197_/Y                                 10     32    -22 (VIOLATED)
_4231_/Y                                 10     32    -22 (VIOLATED)
_4265_/Y                                 10     32    -22 (VIOLATED)
_4299_/Y                                 10     32    -22 (VIOLATED)
_4333_/Y                                 10     32    -22 (VIOLATED)
_4368_/Y                                 10     32    -22 (VIOLATED)
_4403_/Y                                 10     32    -22 (VIOLATED)
_4437_/Y                                 10     32    -22 (VIOLATED)
_4471_/Y                                 10     32    -22 (VIOLATED)
_4505_/Y                                 10     32    -22 (VIOLATED)
_4540_/Y                                 10     32    -22 (VIOLATED)
_4574_/Y                                 10     32    -22 (VIOLATED)
_4608_/Y                                 10     32    -22 (VIOLATED)
_4642_/Y                                 10     32    -22 (VIOLATED)
_4676_/Y                                 10     32    -22 (VIOLATED)
_4711_/Y                                 10     32    -22 (VIOLATED)
_4745_/Y                                 10     32    -22 (VIOLATED)
_4811_/Y                                 10     32    -22 (VIOLATED)
_4845_/Y                                 10     32    -22 (VIOLATED)
_4879_/Y                                 10     32    -22 (VIOLATED)
_4913_/Y                                 10     32    -22 (VIOLATED)
_4947_/Y                                 10     32    -22 (VIOLATED)
_4981_/Y                                 10     32    -22 (VIOLATED)
_5015_/Y                                 10     32    -22 (VIOLATED)
wd[0]                                    10     31    -21 (VIOLATED)
wd[10]                                   10     31    -21 (VIOLATED)
wd[11]                                   10     31    -21 (VIOLATED)
wd[12]                                   10     31    -21 (VIOLATED)
wd[13]                                   10     31    -21 (VIOLATED)
wd[14]                                   10     31    -21 (VIOLATED)
wd[15]                                   10     31    -21 (VIOLATED)
wd[16]                                   10     31    -21 (VIOLATED)
wd[17]                                   10     31    -21 (VIOLATED)
wd[18]                                   10     31    -21 (VIOLATED)
wd[19]                                   10     31    -21 (VIOLATED)
wd[1]                                    10     31    -21 (VIOLATED)
wd[20]                                   10     31    -21 (VIOLATED)
wd[21]                                   10     31    -21 (VIOLATED)
wd[22]                                   10     31    -21 (VIOLATED)
wd[23]                                   10     31    -21 (VIOLATED)
wd[24]                                   10     31    -21 (VIOLATED)
wd[25]                                   10     31    -21 (VIOLATED)
wd[26]                                   10     31    -21 (VIOLATED)
wd[27]                                   10     31    -21 (VIOLATED)
wd[28]                                   10     31    -21 (VIOLATED)
wd[29]                                   10     31    -21 (VIOLATED)
wd[2]                                    10     31    -21 (VIOLATED)
wd[30]                                   10     31    -21 (VIOLATED)
wd[31]                                   10     31    -21 (VIOLATED)
wd[3]                                    10     31    -21 (VIOLATED)
wd[4]                                    10     31    -21 (VIOLATED)
wd[5]                                    10     31    -21 (VIOLATED)
wd[6]                                    10     31    -21 (VIOLATED)
wd[7]                                    10     31    -21 (VIOLATED)
wd[8]                                    10     31    -21 (VIOLATED)
wd[9]                                    10     31    -21 (VIOLATED)
_2516_/Y                                 10     31    -21 (VIOLATED)
_3232_/Y                                 10     30    -20 (VIOLATED)
_2500_/X                                 10     29    -19 (VIOLATED)
_2522_/X                                 10     29    -19 (VIOLATED)
_3253_/X                                 10     29    -19 (VIOLATED)
_3248_/X                                 10     24    -14 (VIOLATED)
_3261_/X                                 10     24    -14 (VIOLATED)
rs2[3]                                   10     16     -6 (VIOLATED)
rs2[4]                                   10     15     -5 (VIOLATED)
_2495_/Y                                 10     11        (VIOLATED)

max capacitance

Pin                                        Limit         Cap       Slack
------------------------------------------------------------------------
clk                                     0.200000    2.437963   -2.237963 (VIOLATED)
rs1[0]                                  0.200000    2.087854   -1.887854 (VIOLATED)
rs2[0]                                  0.200000    2.059313   -1.859313 (VIOLATED)
rs2[1]                                  0.200000    0.777441   -0.577441 (VIOLATED)
rs1[1]                                  0.200000    0.696780   -0.496780 (VIOLATED)
_2497_/X                                0.200000    0.407696   -0.207696 (VIOLATED)
_2494_/Y                                0.200000    0.404786   -0.204786 (VIOLATED)
_2503_/Y                                0.200000    0.391092   -0.191092 (VIOLATED)
_2492_/Y                                0.200000    0.371920   -0.171920 (VIOLATED)
_3234_/X                                0.200000    0.344418   -0.144418 (VIOLATED)
_3239_/Y                                0.200000    0.339509   -0.139509 (VIOLATED)
rst                                     0.200000    0.314057   -0.114057 (VIOLATED)
_2496_/Y                                0.141917    0.217830   -0.075913 (VIOLATED)
rs2[2]                                  0.200000    0.263929   -0.063929 (VIOLATED)
rs1[2]                                  0.200000    0.255117   -0.055117 (VIOLATED)
_4912_/Y                                0.141917    0.196959   -0.055042 (VIOLATED)
_4744_/Y                                0.141917    0.194843   -0.052926 (VIOLATED)
_4675_/Y                                0.141917    0.194751   -0.052834 (VIOLATED)
_4745_/Y                                0.141917    0.193190   -0.051273 (VIOLATED)
_4676_/Y                                0.141917    0.193115   -0.051198 (VIOLATED)
_3951_/Y                                0.141917    0.192593   -0.050676 (VIOLATED)
_5014_/Y                                0.141917    0.191923   -0.050006 (VIOLATED)
_4539_/Y                                0.141917    0.191182   -0.049265 (VIOLATED)
_4810_/Y                                0.141917    0.189790   -0.047873 (VIOLATED)
_3950_/Y                                0.141917    0.189596   -0.047679 (VIOLATED)
_4332_/Y                                0.141917    0.189429   -0.047512 (VIOLATED)
_4710_/Y                                0.141917    0.189393   -0.047476 (VIOLATED)
_4844_/Y                                0.141917    0.188591   -0.046674 (VIOLATED)
_4573_/Y                                0.141917    0.187415   -0.045498 (VIOLATED)
_4607_/Y                                0.141917    0.186857   -0.044940 (VIOLATED)
_4641_/Y                                0.141917    0.186852   -0.044935 (VIOLATED)
_4878_/Y                                0.141917    0.186224   -0.044307 (VIOLATED)
_4161_/Y                                0.141917    0.185894   -0.043977 (VIOLATED)
_4127_/Y                                0.141917    0.185892   -0.043975 (VIOLATED)
_4367_/Y                                0.141917    0.185832   -0.043915 (VIOLATED)
_2498_/Y                                0.141917    0.184145   -0.042228 (VIOLATED)
_4368_/Y                                0.141917    0.184088   -0.042171 (VIOLATED)
_4162_/Y                                0.141917    0.183594   -0.041677 (VIOLATED)
_4128_/Y                                0.141917    0.183520   -0.041603 (VIOLATED)
_4913_/Y                                0.141917    0.183281   -0.041364 (VIOLATED)
_4333_/Y                                0.141917    0.182876   -0.040959 (VIOLATED)
_5015_/Y                                0.141917    0.182170   -0.040253 (VIOLATED)
_3233_/Y                                0.141917    0.178787   -0.036870 (VIOLATED)
_4811_/Y                                0.141917    0.177917   -0.036000 (VIOLATED)
_4711_/Y                                0.141917    0.177730   -0.035813 (VIOLATED)
_4574_/Y                                0.141917    0.177681   -0.035764 (VIOLATED)
_4058_/Y                                0.141917    0.177192   -0.035275 (VIOLATED)
_4093_/Y                                0.141917    0.177085   -0.035168 (VIOLATED)
_4879_/Y                                0.141917    0.176962   -0.035045 (VIOLATED)
_4608_/Y                                0.141917    0.176655   -0.034738 (VIOLATED)
_4845_/Y                                0.141917    0.176476   -0.034559 (VIOLATED)
_4642_/Y                                0.141917    0.176339   -0.034422 (VIOLATED)
_4540_/Y                                0.141917    0.176045   -0.034128 (VIOLATED)
_3232_/Y                                0.141917    0.175298   -0.033381 (VIOLATED)
_4059_/Y                                0.141917    0.173464   -0.031547 (VIOLATED)
_4094_/Y                                0.141917    0.173234   -0.031317 (VIOLATED)
_2516_/Y                                0.141917    0.172462   -0.030545 (VIOLATED)
_3988_/Y                                0.141917    0.170350   -0.028433 (VIOLATED)
_4980_/Y                                0.141917    0.170260   -0.028343 (VIOLATED)
_4946_/Y                                0.141917    0.170144   -0.028227 (VIOLATED)
_3987_/Y                                0.141917    0.169577   -0.027660 (VIOLATED)
_2502_/X                                0.200000    0.225958   -0.025958 (VIOLATED)
_4504_/Y                                0.141917    0.166926   -0.025009 (VIOLATED)
_4470_/Y                                0.141917    0.166919   -0.025002 (VIOLATED)
_4022_/Y                                0.141917    0.166762   -0.024845 (VIOLATED)
_4981_/Y                                0.141917    0.166716   -0.024799 (VIOLATED)
_4947_/Y                                0.141917    0.166539   -0.024622 (VIOLATED)
_4436_/Y                                0.141917    0.164743   -0.022826 (VIOLATED)
_4505_/Y                                0.141917    0.163891   -0.021974 (VIOLATED)
_4402_/Y                                0.141917    0.163685   -0.021768 (VIOLATED)
_4471_/Y                                0.141917    0.162298   -0.020381 (VIOLATED)
_4196_/Y                                0.141917    0.161163   -0.019246 (VIOLATED)
_4023_/Y                                0.141917    0.160987   -0.019070 (VIOLATED)
_4230_/Y                                0.141917    0.160948   -0.019031 (VIOLATED)
_4264_/Y                                0.141917    0.160685   -0.018768 (VIOLATED)
_4437_/Y                                0.141917    0.159858   -0.017941 (VIOLATED)
_4298_/Y                                0.141917    0.159708   -0.017791 (VIOLATED)
_4403_/Y                                0.141917    0.158810   -0.016893 (VIOLATED)
_4231_/Y                                0.141917    0.158483   -0.016566 (VIOLATED)
_4197_/Y                                0.141917    0.157275   -0.015358 (VIOLATED)
_4265_/Y                                0.141917    0.156162   -0.014245 (VIOLATED)
_4299_/Y                                0.141917    0.154778   -0.012861 (VIOLATED)



===========================================================================
report_parasitic_annotation -report_unannotated
============================================================================
Found 0 unannotated drivers.
Found 0 partially unannotated drivers.

===========================================================================
max slew violation count 5218
Writing metric design__max_slew_violation__count__corner:nom_tt_025C_1v80: 5218
max fanout violation count 125
Writing metric design__max_fanout_violation__count__corner:nom_tt_025C_1v80: 125
max cap violation count 82
Writing metric design__max_cap_violation__count__corner:nom_tt_025C_1v80: 82
============================================================================

===========================================================================
check_setup -verbose -unconstrained_endpoints -multiple_clock -no_clock -no_input_delay -loops -generated_clocks
===========================================================================
