
===========================================================================
report_checks -path_delay max (Setup)
============================================================================
======================= nom_ss_100C_1v60 Corner ===================================

Startpoint: control[0] (input port clocked by __VIRTUAL_CLK__)
Endpoint: zero (output port clocked by __VIRTUAL_CLK__)
Path Group: __VIRTUAL_CLK__
Path Type: max

Fanout         Cap        Slew       Delay        Time   Description
---------------------------------------------------------------------------------------------
                      0.000000    0.000000    0.000000   clock __VIRTUAL_CLK__ (rise edge)
                                  0.000000    0.000000   clock network delay (ideal)
                                  2.000000    2.000000 ^ input external delay
     1    0.003139    0.034501    0.017580    2.017580 ^ control[0] (in)
                                                         control[0] (net)
                      0.034501    0.000000    2.017580 ^ input65/A (sky130_fd_sc_hd__clkdlybuf4s25_1)
     5    0.020298    0.337354    0.641804    2.659384 ^ input65/X (sky130_fd_sc_hd__clkdlybuf4s25_1)
                                                         net65 (net)
                      0.337354    0.000891    2.660276 ^ fanout156/A (sky130_fd_sc_hd__buf_4)
    10    0.039597    0.188483    0.413311    3.073587 ^ fanout156/X (sky130_fd_sc_hd__buf_4)
                                                         net156 (net)
                      0.188483    0.000901    3.074488 ^ _0868_/A (sky130_fd_sc_hd__or2_2)
     5    0.022150    0.190937    0.344055    3.418543 ^ _0868_/X (sky130_fd_sc_hd__or2_2)
                                                         _0043_ (net)
                      0.190937    0.000159    3.418702 ^ _1104_/B (sky130_fd_sc_hd__or2_2)
     4    0.047090    0.383068    0.480314    3.899017 ^ _1104_/X (sky130_fd_sc_hd__or2_2)
                                                         _0278_ (net)
                      0.383069    0.001668    3.900684 ^ fanout107/A (sky130_fd_sc_hd__dlymetal6s2s_1)
    10    0.098672    1.451356    1.262483    5.163167 ^ fanout107/X (sky130_fd_sc_hd__dlymetal6s2s_1)
                                                         net107 (net)
                      1.451381    0.005110    5.168277 ^ _1152_/B1 (sky130_fd_sc_hd__a21oi_2)
     1    0.002958    0.244617    0.246153    5.414430 v _1152_/Y (sky130_fd_sc_hd__a21oi_2)
                                                         _0324_ (net)
                      0.244617    0.000087    5.414517 v _1153_/B1 (sky130_fd_sc_hd__o21a_2)
     1    0.002134    0.055346    0.284509    5.699026 v _1153_/X (sky130_fd_sc_hd__o21a_2)
                                                         _0325_ (net)
                      0.055346    0.000045    5.699071 v _1169_/A (sky130_fd_sc_hd__or4b_2)
     1    0.002901    0.213226    1.545793    7.244864 v _1169_/X (sky130_fd_sc_hd__or4b_2)
                                                         _0341_ (net)
                      0.213226    0.000088    7.244952 v _1170_/B1 (sky130_fd_sc_hd__a21o_2)
     2    0.006058    0.073386    0.414371    7.659323 v _1170_/X (sky130_fd_sc_hd__a21o_2)
                                                         net94 (net)
                      0.073386    0.000156    7.659480 v _1671_/C (sky130_fd_sc_hd__or4_4)
     1    0.005972    0.159586    0.963436    8.622916 v _1671_/X (sky130_fd_sc_hd__or4_4)
                                                         _0814_ (net)
                      0.159586    0.000250    8.623166 v _1672_/A (sky130_fd_sc_hd__or2_4)
     1    0.013110    0.101530    0.538962    9.162128 v _1672_/X (sky130_fd_sc_hd__or2_4)
                                                         _0815_ (net)
                      0.101530    0.000855    9.162984 v _1674_/C (sky130_fd_sc_hd__or4_4)
     1    0.025833    0.224953    1.089046   10.252029 v _1674_/X (sky130_fd_sc_hd__or4_4)
                                                         _0817_ (net)
                      0.224953    0.000909   10.252939 v _1677_/D (sky130_fd_sc_hd__or4_4)
     1    0.003945    0.149696    0.874330   11.127269 v _1677_/X (sky130_fd_sc_hd__or4_4)
                                                         _0820_ (net)
                      0.149696    0.000125   11.127395 v _1678_/C (sky130_fd_sc_hd__or4_4)
     1    0.009332    0.171403    1.012862   12.140256 v _1678_/X (sky130_fd_sc_hd__or4_4)
                                                         _0821_ (net)
                      0.171403    0.000306   12.140563 v _1682_/D (sky130_fd_sc_hd__nor4_4)
     1    0.005153    0.328466    0.272836   12.413399 ^ _1682_/Y (sky130_fd_sc_hd__nor4_4)
                                                         net101 (net)
                      0.328466    0.000105   12.413504 ^ output101/A (sky130_fd_sc_hd__buf_6)
     1    0.036141    0.129924    0.332758   12.746262 ^ output101/X (sky130_fd_sc_hd__buf_6)
                                                         zero (net)
                      0.129931    0.001117   12.747378 ^ zero (out)
                                             12.747378   data arrival time

                      0.000000   10.000000   10.000000   clock __VIRTUAL_CLK__ (rise edge)
                                  0.000000   10.000000   clock network delay (ideal)
                                 -0.250000    9.750000   clock uncertainty
                                  0.000000    9.750000   clock reconvergence pessimism
                                 -2.000000    7.750000   output external delay
                                              7.750000   data required time
---------------------------------------------------------------------------------------------
                                              7.750000   data required time
                                            -12.747378   data arrival time
---------------------------------------------------------------------------------------------
                                             -4.997379   slack (VIOLATED)


Startpoint: B[1] (input port clocked by __VIRTUAL_CLK__)
Endpoint: result[27] (output port clocked by __VIRTUAL_CLK__)
Path Group: __VIRTUAL_CLK__
Path Type: max

Fanout         Cap        Slew       Delay        Time   Description
---------------------------------------------------------------------------------------------
                      0.000000    0.000000    0.000000   clock __VIRTUAL_CLK__ (rise edge)
                                  0.000000    0.000000   clock network delay (ideal)
                                  2.000000    2.000000 v input external delay
     1    0.008054    0.039415    0.025472    2.025472 v B[1] (in)
                                                         B[1] (net)
                      0.039416    0.000000    2.025472 v input44/A (sky130_fd_sc_hd__buf_8)
     3    0.020041    0.051609    0.207253    2.232724 v input44/X (sky130_fd_sc_hd__buf_8)
                                                         net44 (net)
                      0.051684    0.001037    2.233762 v fanout180/A (sky130_fd_sc_hd__buf_8)
     2    0.010941    0.042647    0.201959    2.435721 v fanout180/X (sky130_fd_sc_hd__buf_8)
                                                         net180 (net)
                      0.042647    0.000287    2.436008 v load_slew181/A (sky130_fd_sc_hd__buf_8)
     2    0.020097    0.051651    0.208701    2.644709 v load_slew181/X (sky130_fd_sc_hd__buf_8)
                                                         net181 (net)
                      0.051756    0.001352    2.646061 v fanout178/A (sky130_fd_sc_hd__buf_8)
     2    0.012186    0.043865    0.203525    2.849586 v fanout178/X (sky130_fd_sc_hd__buf_8)
                                                         net178 (net)
                      0.043865    0.000289    2.849875 v rebuffer525/A (sky130_fd_sc_hd__buf_8)
     2    0.018761    0.050330    0.207878    3.057753 v rebuffer525/X (sky130_fd_sc_hd__buf_8)
                                                         net525 (net)
                      0.050348    0.000524    3.058278 v _0958_/B (sky130_fd_sc_hd__xnor2_4)
     5    0.018214    0.293583    0.292767    3.351045 ^ _0958_/Y (sky130_fd_sc_hd__xnor2_4)
                                                         _0133_ (net)
                      0.293583    0.000408    3.351453 ^ _0960_/A1 (sky130_fd_sc_hd__a21o_4)
     2    0.009006    0.070004    0.318180    3.669632 ^ _0960_/X (sky130_fd_sc_hd__a21o_4)
                                                         _0135_ (net)
                      0.070004    0.000280    3.669913 ^ _0968_/A3 (sky130_fd_sc_hd__a31o_4)
     2    0.013992    0.107445    0.351391    4.021303 ^ _0968_/X (sky130_fd_sc_hd__a31o_4)
                                                         _0143_ (net)
                      0.107449    0.000792    4.022096 ^ _0983_/D_N (sky130_fd_sc_hd__or4b_4)
     2    0.009830    0.173272    0.968868    4.990964 v _0983_/X (sky130_fd_sc_hd__or4b_4)
                                                         _0158_ (net)
                      0.173272    0.000374    4.991338 v rebuffer218/A (sky130_fd_sc_hd__buf_6)
     2    0.012806    0.047254    0.263277    5.254615 v rebuffer218/X (sky130_fd_sc_hd__buf_6)
                                                         net218 (net)
                      0.047254    0.000503    5.255118 v _1017_/A2 (sky130_fd_sc_hd__a211o_4)
     2    0.018448    0.112780    0.626319    5.881437 v _1017_/X (sky130_fd_sc_hd__a211o_4)
                                                         _0192_ (net)
                      0.112910    0.001267    5.882703 v rebuffer381/A (sky130_fd_sc_hd__buf_6)
     3    0.014862    0.049952    0.237492    6.120195 v rebuffer381/X (sky130_fd_sc_hd__buf_6)
                                                         net381 (net)
                      0.049982    0.000409    6.120605 v _1050_/A1 (sky130_fd_sc_hd__a211o_4)
     2    0.025462    0.128589    0.636258    6.756862 v _1050_/X (sky130_fd_sc_hd__a211o_4)
                                                         _0225_ (net)
                      0.128607    0.001538    6.758401 v _1563_/A2 (sky130_fd_sc_hd__a211o_4)
     2    0.010676    0.092869    0.635511    7.393911 v _1563_/X (sky130_fd_sc_hd__a211o_4)
                                                         _0713_ (net)
                      0.092869    0.000280    7.394191 v rebuffer388/A (sky130_fd_sc_hd__buf_6)
     1    0.005808    0.037419    0.211079    7.605270 v rebuffer388/X (sky130_fd_sc_hd__buf_6)
                                                         net388 (net)
                      0.037419    0.000195    7.605466 v rebuffer384/A (sky130_fd_sc_hd__buf_6)
     1    0.005380    0.036754    0.184206    7.789671 v rebuffer384/X (sky130_fd_sc_hd__buf_6)
                                                         net384 (net)
                      0.036754    0.000169    7.789840 v rebuffer380/A (sky130_fd_sc_hd__buf_6)
     2    0.011241    0.045263    0.195596    7.985435 v rebuffer380/X (sky130_fd_sc_hd__buf_6)
                                                         net380 (net)
                      0.045263    0.000231    7.985667 v _1580_/A1 (sky130_fd_sc_hd__a21o_4)
     3    0.012301    0.074530    0.372234    8.357901 v _1580_/X (sky130_fd_sc_hd__a21o_4)
                                                         _0729_ (net)
                      0.074530    0.000258    8.358158 v rebuffer386/A (sky130_fd_sc_hd__buf_6)
     1    0.006522    0.038502    0.204096    8.562254 v rebuffer386/X (sky130_fd_sc_hd__buf_6)
                                                         net386 (net)
                      0.038502    0.000234    8.562488 v _1595_/A2 (sky130_fd_sc_hd__a21o_4)
     1    0.005097    0.056996    0.365974    8.928462 v _1595_/X (sky130_fd_sc_hd__a21o_4)
                                                         _0743_ (net)
                      0.056996    0.000102    8.928564 v _1606_/A3 (sky130_fd_sc_hd__a31o_4)
     1    0.005047    0.064204    0.417229    9.345793 v _1606_/X (sky130_fd_sc_hd__a31o_4)
                                                         _0754_ (net)
                      0.064204    0.000154    9.345946 v _1607_/B1 (sky130_fd_sc_hd__a31o_4)
     2    0.005256    0.060976    0.367939    9.713886 v _1607_/X (sky130_fd_sc_hd__a31o_4)
                                                         net88 (net)
                      0.060976    0.000130    9.714016 v rebuffer394/A (sky130_fd_sc_hd__buf_2)
     1    0.006180    0.057860    0.238905    9.952921 v rebuffer394/X (sky130_fd_sc_hd__buf_2)
                                                         net394 (net)
                      0.057860    0.000218    9.953139 v rebuffer393/A (sky130_fd_sc_hd__buf_6)
     1    0.006313    0.038150    0.195922   10.149061 v rebuffer393/X (sky130_fd_sc_hd__buf_6)
                                                         net393 (net)
                      0.038150    0.000227   10.149289 v rebuffer392/A (sky130_fd_sc_hd__buf_6)
     1    0.004699    0.035755    0.182827   10.332116 v rebuffer392/X (sky130_fd_sc_hd__buf_6)
                                                         net392 (net)
                      0.035755    0.000137   10.332253 v rebuffer391/A (sky130_fd_sc_hd__buf_6)
     1    0.005808    0.037380    0.184514   10.516767 v rebuffer391/X (sky130_fd_sc_hd__buf_6)
                                                         net391 (net)
                      0.037380    0.000193   10.516959 v rebuffer389/A (sky130_fd_sc_hd__buf_6)
     1    0.008023    0.041259    0.190420   10.707379 v rebuffer389/X (sky130_fd_sc_hd__buf_6)
                                                         net389 (net)
                      0.041259    0.000282   10.707662 v output88/A (sky130_fd_sc_hd__buf_8)
     1    0.036331    0.070307    0.227773   10.935435 v output88/X (sky130_fd_sc_hd__buf_8)
                                                         result[27] (net)
                      0.070329    0.001194   10.936628 v result[27] (out)
                                             10.936628   data arrival time

                      0.000000   10.000000   10.000000   clock __VIRTUAL_CLK__ (rise edge)
                                  0.000000   10.000000   clock network delay (ideal)
                                 -0.250000    9.750000   clock uncertainty
                                  0.000000    9.750000   clock reconvergence pessimism
                                 -2.000000    7.750000   output external delay
                                              7.750000   data required time
---------------------------------------------------------------------------------------------
                                              7.750000   data required time
                                            -10.936628   data arrival time
---------------------------------------------------------------------------------------------
                                             -3.186629   slack (VIOLATED)


Startpoint: B[4] (input port clocked by __VIRTUAL_CLK__)
Endpoint: result[31] (output port clocked by __VIRTUAL_CLK__)
Path Group: __VIRTUAL_CLK__
Path Type: max

Fanout         Cap        Slew       Delay        Time   Description
---------------------------------------------------------------------------------------------
                      0.000000    0.000000    0.000000   clock __VIRTUAL_CLK__ (rise edge)
                                  0.000000    0.000000   clock network delay (ideal)
                                  2.000000    2.000000 ^ input external delay
     1    0.009310    0.076418    0.048999    2.048999 ^ B[4] (in)
                                                         B[4] (net)
                      0.076419    0.000000    2.048999 ^ input59/A (sky130_fd_sc_hd__buf_8)
     4    0.036859    0.110324    0.211372    2.260371 ^ input59/X (sky130_fd_sc_hd__buf_8)
                                                         net59 (net)
                      0.110325    0.000750    2.261121 ^ fanout158/A (sky130_fd_sc_hd__buf_6)
     2    0.012310    0.061312    0.189504    2.450625 ^ fanout158/X (sky130_fd_sc_hd__buf_6)
                                                         net158 (net)
                      0.061314    0.000367    2.450992 ^ fanout157/A (sky130_fd_sc_hd__buf_8)
     4    0.020663    0.073374    0.175571    2.626563 ^ fanout157/X (sky130_fd_sc_hd__buf_8)
                                                         net157 (net)
                      0.073380    0.000725    2.627288 ^ _0970_/A (sky130_fd_sc_hd__or2_4)
     2    0.013939    0.091460    0.233185    2.860473 ^ _0970_/X (sky130_fd_sc_hd__or2_4)
                                                         _0145_ (net)
                      0.091461    0.000429    2.860902 ^ _0971_/B (sky130_fd_sc_hd__nand2_4)
     2    0.011559    0.070812    0.115080    2.975982 v _0971_/Y (sky130_fd_sc_hd__nand2_4)
                                                         _0146_ (net)
                      0.070812    0.000219    2.976201 v rebuffer344/A (sky130_fd_sc_hd__buf_2)
     2    0.009061    0.068571    0.255446    3.231647 v rebuffer344/X (sky130_fd_sc_hd__buf_2)
                                                         net344 (net)
                      0.068571    0.000338    3.231984 v _1254_/B (sky130_fd_sc_hd__or4_4)
     1    0.005442    0.156019    1.013275    4.245259 v _1254_/X (sky130_fd_sc_hd__or4_4)
                                                         _0421_ (net)
                      0.156019    0.000169    4.245428 v _1257_/A2 (sky130_fd_sc_hd__o31a_4)
     2    0.018995    0.122831    0.691728    4.937157 v _1257_/X (sky130_fd_sc_hd__o31a_4)
                                                         _0424_ (net)
                      0.122839    0.001130    4.938287 v _1407_/A1 (sky130_fd_sc_hd__a211o_4)
     2    0.013538    0.099402    0.623405    5.561692 v _1407_/X (sky130_fd_sc_hd__a211o_4)
                                                         _0566_ (net)
                      0.099402    0.000569    5.562261 v rebuffer249/A (sky130_fd_sc_hd__buf_6)
     4    0.022011    0.060557    0.242868    5.805129 v rebuffer249/X (sky130_fd_sc_hd__buf_6)
                                                         net249 (net)
                      0.060567    0.000798    5.805926 v _1549_/A2 (sky130_fd_sc_hd__a211o_4)
     2    0.014403    0.101570    0.618361    6.424287 v _1549_/X (sky130_fd_sc_hd__a211o_4)
                                                         _0700_ (net)
                      0.101570    0.000755    6.425043 v rebuffer247/A (sky130_fd_sc_hd__buf_6)
     3    0.017930    0.054314    0.237204    6.662247 v rebuffer247/X (sky130_fd_sc_hd__buf_6)
                                                         net247 (net)
                      0.054315    0.000377    6.662624 v _1618_/A2 (sky130_fd_sc_hd__a211oi_4)
     2    0.017349    0.440698    0.523032    7.185656 ^ _1618_/Y (sky130_fd_sc_hd__a211oi_4)
                                                         _0765_ (net)
                      0.440699    0.000936    7.186592 ^ _1622_/A3 (sky130_fd_sc_hd__o31ai_4)
     2    0.009650    0.178971    0.222482    7.409073 v _1622_/Y (sky130_fd_sc_hd__o31ai_4)
                                                         _0769_ (net)
                      0.178971    0.000260    7.409334 v _1651_/A1 (sky130_fd_sc_hd__a311o_2)
     2    0.006782    0.112359    0.677648    8.086982 v _1651_/X (sky130_fd_sc_hd__a311o_2)
                                                         _0796_ (net)
                      0.112359    0.000170    8.087152 v _1655_/A2 (sky130_fd_sc_hd__a21bo_2)
     1    0.003481    0.062920    0.399585    8.486737 v _1655_/X (sky130_fd_sc_hd__a21bo_2)
                                                         _0799_ (net)
                      0.062920    0.000104    8.486841 v _1656_/C (sky130_fd_sc_hd__and3_4)
     1    0.006985    0.061438    0.324156    8.810997 v _1656_/X (sky130_fd_sc_hd__and3_4)
                                                         _0800_ (net)
                      0.061438    0.000268    8.811265 v _1668_/C (sky130_fd_sc_hd__or4_4)
     2    0.015847    0.191173    1.020961    9.832226 v _1668_/X (sky130_fd_sc_hd__or4_4)
                                                         net93 (net)
                      0.191173    0.000548    9.832774 v rebuffer248/A (sky130_fd_sc_hd__buf_6)
     1    0.008905    0.042381    0.265411   10.098185 v rebuffer248/X (sky130_fd_sc_hd__buf_6)
                                                         net248 (net)
                      0.042381    0.000276   10.098461 v output93/A (sky130_fd_sc_hd__buf_8)
     1    0.036261    0.070231    0.228175   10.326636 v output93/X (sky130_fd_sc_hd__buf_8)
                                                         result[31] (net)
                      0.070255    0.001225   10.327861 v result[31] (out)
                                             10.327861   data arrival time

                      0.000000   10.000000   10.000000   clock __VIRTUAL_CLK__ (rise edge)
                                  0.000000   10.000000   clock network delay (ideal)
                                 -0.250000    9.750000   clock uncertainty
                                  0.000000    9.750000   clock reconvergence pessimism
                                 -2.000000    7.750000   output external delay
                                              7.750000   data required time
---------------------------------------------------------------------------------------------
                                              7.750000   data required time
                                            -10.327861   data arrival time
---------------------------------------------------------------------------------------------
                                             -2.577861   slack (VIOLATED)


Startpoint: B[1] (input port clocked by __VIRTUAL_CLK__)
Endpoint: result[23] (output port clocked by __VIRTUAL_CLK__)
Path Group: __VIRTUAL_CLK__
Path Type: max

Fanout         Cap        Slew       Delay        Time   Description
---------------------------------------------------------------------------------------------
                      0.000000    0.000000    0.000000   clock __VIRTUAL_CLK__ (rise edge)
                                  0.000000    0.000000   clock network delay (ideal)
                                  2.000000    2.000000 v input external delay
     1    0.008054    0.039415    0.025472    2.025472 v B[1] (in)
                                                         B[1] (net)
                      0.039416    0.000000    2.025472 v input44/A (sky130_fd_sc_hd__buf_8)
     3    0.020041    0.051609    0.207253    2.232724 v input44/X (sky130_fd_sc_hd__buf_8)
                                                         net44 (net)
                      0.051684    0.001037    2.233762 v fanout180/A (sky130_fd_sc_hd__buf_8)
     2    0.010941    0.042647    0.201959    2.435721 v fanout180/X (sky130_fd_sc_hd__buf_8)
                                                         net180 (net)
                      0.042647    0.000287    2.436008 v load_slew181/A (sky130_fd_sc_hd__buf_8)
     2    0.020097    0.051651    0.208701    2.644709 v load_slew181/X (sky130_fd_sc_hd__buf_8)
                                                         net181 (net)
                      0.051756    0.001352    2.646061 v fanout178/A (sky130_fd_sc_hd__buf_8)
     2    0.012186    0.043865    0.203525    2.849586 v fanout178/X (sky130_fd_sc_hd__buf_8)
                                                         net178 (net)
                      0.043865    0.000289    2.849875 v rebuffer525/A (sky130_fd_sc_hd__buf_8)
     2    0.018761    0.050330    0.207878    3.057753 v rebuffer525/X (sky130_fd_sc_hd__buf_8)
                                                         net525 (net)
                      0.050348    0.000524    3.058278 v _0958_/B (sky130_fd_sc_hd__xnor2_4)
     5    0.018214    0.293583    0.292767    3.351045 ^ _0958_/Y (sky130_fd_sc_hd__xnor2_4)
                                                         _0133_ (net)
                      0.293583    0.000408    3.351453 ^ _0960_/A1 (sky130_fd_sc_hd__a21o_4)
     2    0.009006    0.070004    0.318180    3.669632 ^ _0960_/X (sky130_fd_sc_hd__a21o_4)
                                                         _0135_ (net)
                      0.070004    0.000280    3.669913 ^ _0968_/A3 (sky130_fd_sc_hd__a31o_4)
     2    0.013992    0.107445    0.351391    4.021303 ^ _0968_/X (sky130_fd_sc_hd__a31o_4)
                                                         _0143_ (net)
                      0.107449    0.000792    4.022096 ^ _0983_/D_N (sky130_fd_sc_hd__or4b_4)
     2    0.009830    0.173272    0.968868    4.990964 v _0983_/X (sky130_fd_sc_hd__or4b_4)
                                                         _0158_ (net)
                      0.173272    0.000374    4.991338 v rebuffer218/A (sky130_fd_sc_hd__buf_6)
     2    0.012806    0.047254    0.263277    5.254615 v rebuffer218/X (sky130_fd_sc_hd__buf_6)
                                                         net218 (net)
                      0.047254    0.000503    5.255118 v _1017_/A2 (sky130_fd_sc_hd__a211o_4)
     2    0.018448    0.112780    0.626319    5.881437 v _1017_/X (sky130_fd_sc_hd__a211o_4)
                                                         _0192_ (net)
                      0.112910    0.001267    5.882703 v rebuffer381/A (sky130_fd_sc_hd__buf_6)
     3    0.014862    0.049952    0.237492    6.120195 v rebuffer381/X (sky130_fd_sc_hd__buf_6)
                                                         net381 (net)
                      0.049982    0.000409    6.120605 v _1050_/A1 (sky130_fd_sc_hd__a211o_4)
     2    0.025462    0.128589    0.636258    6.756862 v _1050_/X (sky130_fd_sc_hd__a211o_4)
                                                         _0225_ (net)
                      0.128598    0.001182    6.758045 v rebuffer287/A (sky130_fd_sc_hd__buf_8)
     4    0.030182    0.062703    0.261481    7.019526 v rebuffer287/X (sky130_fd_sc_hd__buf_8)
                                                         net287 (net)
                      0.062711    0.000803    7.020329 v _1498_/B1 (sky130_fd_sc_hd__a221o_2)
     2    0.005758    0.107046    0.641416    7.661745 v _1498_/X (sky130_fd_sc_hd__a221o_2)
                                                         _0652_ (net)
                      0.107046    0.000151    7.661896 v _1516_/A3 (sky130_fd_sc_hd__a32o_2)
     2    0.006918    0.085866    0.505943    8.167839 v _1516_/X (sky130_fd_sc_hd__a32o_2)
                                                         _0669_ (net)
                      0.085866    0.000194    8.168033 v _1531_/B (sky130_fd_sc_hd__and2b_2)
     1    0.009303    0.097630    0.447908    8.615940 v _1531_/X (sky130_fd_sc_hd__and2b_2)
                                                         _0683_ (net)
                      0.097630    0.000303    8.616243 v _1532_/B (sky130_fd_sc_hd__xnor2_2)
     1    0.005787    0.113241    0.253226    8.869469 v _1532_/Y (sky130_fd_sc_hd__xnor2_2)
                                                         _0684_ (net)
                      0.113241    0.000180    8.869649 v _1545_/A2 (sky130_fd_sc_hd__a211o_4)
     2    0.009614    0.092914    0.625019    9.494668 v _1545_/X (sky130_fd_sc_hd__a211o_4)
                                                         net84 (net)
                      0.092914    0.000253    9.494922 v output84/A (sky130_fd_sc_hd__buf_6)
     1    0.034590    0.076356    0.258070    9.752992 v output84/X (sky130_fd_sc_hd__buf_6)
                                                         result[23] (net)
                      0.076365    0.000826    9.753818 v result[23] (out)
                                              9.753818   data arrival time

                      0.000000   10.000000   10.000000   clock __VIRTUAL_CLK__ (rise edge)
                                  0.000000   10.000000   clock network delay (ideal)
                                 -0.250000    9.750000   clock uncertainty
                                  0.000000    9.750000   clock reconvergence pessimism
                                 -2.000000    7.750000   output external delay
                                              7.750000   data required time
---------------------------------------------------------------------------------------------
                                              7.750000   data required time
                                             -9.753818   data arrival time
---------------------------------------------------------------------------------------------
                                             -2.003818   slack (VIOLATED)


Startpoint: B[1] (input port clocked by __VIRTUAL_CLK__)
Endpoint: result[30] (output port clocked by __VIRTUAL_CLK__)
Path Group: __VIRTUAL_CLK__
Path Type: max

Fanout         Cap        Slew       Delay        Time   Description
---------------------------------------------------------------------------------------------
                      0.000000    0.000000    0.000000   clock __VIRTUAL_CLK__ (rise edge)
                                  0.000000    0.000000   clock network delay (ideal)
                                  2.000000    2.000000 v input external delay
     1    0.008054    0.039415    0.025472    2.025472 v B[1] (in)
                                                         B[1] (net)
                      0.039416    0.000000    2.025472 v input44/A (sky130_fd_sc_hd__buf_8)
     3    0.020041    0.051609    0.207253    2.232724 v input44/X (sky130_fd_sc_hd__buf_8)
                                                         net44 (net)
                      0.051684    0.001037    2.233762 v fanout180/A (sky130_fd_sc_hd__buf_8)
     2    0.010941    0.042647    0.201959    2.435721 v fanout180/X (sky130_fd_sc_hd__buf_8)
                                                         net180 (net)
                      0.042647    0.000287    2.436008 v load_slew181/A (sky130_fd_sc_hd__buf_8)
     2    0.020097    0.051651    0.208701    2.644709 v load_slew181/X (sky130_fd_sc_hd__buf_8)
                                                         net181 (net)
                      0.051756    0.001352    2.646061 v fanout178/A (sky130_fd_sc_hd__buf_8)
     2    0.012186    0.043865    0.203525    2.849586 v fanout178/X (sky130_fd_sc_hd__buf_8)
                                                         net178 (net)
                      0.043865    0.000289    2.849875 v rebuffer525/A (sky130_fd_sc_hd__buf_8)
     2    0.018761    0.050330    0.207878    3.057753 v rebuffer525/X (sky130_fd_sc_hd__buf_8)
                                                         net525 (net)
                      0.050348    0.000524    3.058278 v _0958_/B (sky130_fd_sc_hd__xnor2_4)
     5    0.018214    0.293583    0.292767    3.351045 ^ _0958_/Y (sky130_fd_sc_hd__xnor2_4)
                                                         _0133_ (net)
                      0.293583    0.000408    3.351453 ^ _0960_/A1 (sky130_fd_sc_hd__a21o_4)
     2    0.009006    0.070004    0.318180    3.669632 ^ _0960_/X (sky130_fd_sc_hd__a21o_4)
                                                         _0135_ (net)
                      0.070004    0.000280    3.669913 ^ _0968_/A3 (sky130_fd_sc_hd__a31o_4)
     2    0.013992    0.107445    0.351391    4.021303 ^ _0968_/X (sky130_fd_sc_hd__a31o_4)
                                                         _0143_ (net)
                      0.107449    0.000792    4.022096 ^ _0983_/D_N (sky130_fd_sc_hd__or4b_4)
     2    0.009830    0.173272    0.968868    4.990964 v _0983_/X (sky130_fd_sc_hd__or4b_4)
                                                         _0158_ (net)
                      0.173272    0.000374    4.991338 v rebuffer218/A (sky130_fd_sc_hd__buf_6)
     2    0.012806    0.047254    0.263277    5.254615 v rebuffer218/X (sky130_fd_sc_hd__buf_6)
                                                         net218 (net)
                      0.047254    0.000503    5.255118 v _1017_/A2 (sky130_fd_sc_hd__a211o_4)
     2    0.018448    0.112780    0.626319    5.881437 v _1017_/X (sky130_fd_sc_hd__a211o_4)
                                                         _0192_ (net)
                      0.112910    0.001267    5.882703 v rebuffer381/A (sky130_fd_sc_hd__buf_6)
     3    0.014862    0.049952    0.237492    6.120195 v rebuffer381/X (sky130_fd_sc_hd__buf_6)
                                                         net381 (net)
                      0.049982    0.000409    6.120605 v _1050_/A1 (sky130_fd_sc_hd__a211o_4)
     2    0.025462    0.128589    0.636258    6.756862 v _1050_/X (sky130_fd_sc_hd__a211o_4)
                                                         _0225_ (net)
                      0.128598    0.001182    6.758045 v rebuffer287/A (sky130_fd_sc_hd__buf_8)
     4    0.030182    0.062703    0.261481    7.019526 v rebuffer287/X (sky130_fd_sc_hd__buf_8)
                                                         net287 (net)
                      0.062763    0.001751    7.021277 v _1057_/A1 (sky130_fd_sc_hd__a21oi_4)
     2    0.017403    0.261410    0.281025    7.302301 ^ _1057_/Y (sky130_fd_sc_hd__a21oi_4)
                                                         _0232_ (net)
                      0.261410    0.000933    7.303235 ^ _1064_/A1 (sky130_fd_sc_hd__a21oi_4)
     3    0.020578    0.135331    0.213421    7.516656 v _1064_/Y (sky130_fd_sc_hd__a21oi_4)
                                                         _0239_ (net)
                      0.135354    0.001402    7.518057 v _1627_/B (sky130_fd_sc_hd__or2_4)
     2    0.007642    0.089698    0.473353    7.991410 v _1627_/X (sky130_fd_sc_hd__or2_4)
                                                         _0773_ (net)
                      0.089698    0.000068    7.991479 v rebuffer364/A (sky130_fd_sc_hd__buf_2)
     2    0.012664    0.083205    0.279399    8.270878 v rebuffer364/X (sky130_fd_sc_hd__buf_2)
                                                         net364 (net)
                      0.083205    0.000298    8.271175 v _1639_/A2 (sky130_fd_sc_hd__a21oi_4)
     2    0.010801    0.199582    0.273586    8.544761 ^ _1639_/Y (sky130_fd_sc_hd__a21oi_4)
                                                         _0784_ (net)
                      0.199582    0.000260    8.545021 ^ _1641_/A (sky130_fd_sc_hd__nor2_2)
     1    0.005610    0.061976    0.129251    8.674273 v _1641_/Y (sky130_fd_sc_hd__nor2_2)
                                                         _0786_ (net)
                      0.061976    0.000176    8.674448 v _1653_/B1 (sky130_fd_sc_hd__a211o_4)
     2    0.016731    0.107787    0.587614    9.262062 v _1653_/X (sky130_fd_sc_hd__a211o_4)
                                                         net92 (net)
                      0.107886    0.000592    9.262655 v output92/A (sky130_fd_sc_hd__buf_6)
     1    0.034551    0.076303    0.265294    9.527949 v output92/X (sky130_fd_sc_hd__buf_6)
                                                         result[30] (net)
                      0.076312    0.000840    9.528790 v result[30] (out)
                                              9.528790   data arrival time

                      0.000000   10.000000   10.000000   clock __VIRTUAL_CLK__ (rise edge)
                                  0.000000   10.000000   clock network delay (ideal)
                                 -0.250000    9.750000   clock uncertainty
                                  0.000000    9.750000   clock reconvergence pessimism
                                 -2.000000    7.750000   output external delay
                                              7.750000   data required time
---------------------------------------------------------------------------------------------
                                              7.750000   data required time
                                             -9.528790   data arrival time
---------------------------------------------------------------------------------------------
                                             -1.778790   slack (VIOLATED)


Startpoint: B[1] (input port clocked by __VIRTUAL_CLK__)
Endpoint: result[0] (output port clocked by __VIRTUAL_CLK__)
Path Group: __VIRTUAL_CLK__
Path Type: max

Fanout         Cap        Slew       Delay        Time   Description
---------------------------------------------------------------------------------------------
                      0.000000    0.000000    0.000000   clock __VIRTUAL_CLK__ (rise edge)
                                  0.000000    0.000000   clock network delay (ideal)
                                  2.000000    2.000000 v input external delay
     1    0.008054    0.039415    0.025472    2.025472 v B[1] (in)
                                                         B[1] (net)
                      0.039416    0.000000    2.025472 v input44/A (sky130_fd_sc_hd__buf_8)
     3    0.020041    0.051609    0.207253    2.232724 v input44/X (sky130_fd_sc_hd__buf_8)
                                                         net44 (net)
                      0.051684    0.001037    2.233762 v fanout180/A (sky130_fd_sc_hd__buf_8)
     2    0.010941    0.042647    0.201959    2.435721 v fanout180/X (sky130_fd_sc_hd__buf_8)
                                                         net180 (net)
                      0.042647    0.000287    2.436008 v load_slew181/A (sky130_fd_sc_hd__buf_8)
     2    0.020097    0.051651    0.208701    2.644709 v load_slew181/X (sky130_fd_sc_hd__buf_8)
                                                         net181 (net)
                      0.051756    0.001352    2.646061 v fanout178/A (sky130_fd_sc_hd__buf_8)
     2    0.012186    0.043865    0.203525    2.849586 v fanout178/X (sky130_fd_sc_hd__buf_8)
                                                         net178 (net)
                      0.043865    0.000289    2.849875 v rebuffer525/A (sky130_fd_sc_hd__buf_8)
     2    0.018761    0.050330    0.207878    3.057753 v rebuffer525/X (sky130_fd_sc_hd__buf_8)
                                                         net525 (net)
                      0.050348    0.000524    3.058278 v _0958_/B (sky130_fd_sc_hd__xnor2_4)
     5    0.018214    0.293583    0.292767    3.351045 ^ _0958_/Y (sky130_fd_sc_hd__xnor2_4)
                                                         _0133_ (net)
                      0.293583    0.000408    3.351453 ^ _0960_/A1 (sky130_fd_sc_hd__a21o_4)
     2    0.009006    0.070004    0.318180    3.669632 ^ _0960_/X (sky130_fd_sc_hd__a21o_4)
                                                         _0135_ (net)
                      0.070004    0.000280    3.669913 ^ _0968_/A3 (sky130_fd_sc_hd__a31o_4)
     2    0.013992    0.107445    0.351391    4.021303 ^ _0968_/X (sky130_fd_sc_hd__a31o_4)
                                                         _0143_ (net)
                      0.107449    0.000792    4.022096 ^ _0983_/D_N (sky130_fd_sc_hd__or4b_4)
     2    0.009830    0.173272    0.968868    4.990964 v _0983_/X (sky130_fd_sc_hd__or4b_4)
                                                         _0158_ (net)
                      0.173272    0.000374    4.991338 v rebuffer218/A (sky130_fd_sc_hd__buf_6)
     2    0.012806    0.047254    0.263277    5.254615 v rebuffer218/X (sky130_fd_sc_hd__buf_6)
                                                         net218 (net)
                      0.047254    0.000503    5.255118 v _1017_/A2 (sky130_fd_sc_hd__a211o_4)
     2    0.018448    0.112780    0.626319    5.881437 v _1017_/X (sky130_fd_sc_hd__a211o_4)
                                                         _0192_ (net)
                      0.112910    0.001267    5.882703 v rebuffer381/A (sky130_fd_sc_hd__buf_6)
     3    0.014862    0.049952    0.237492    6.120195 v rebuffer381/X (sky130_fd_sc_hd__buf_6)
                                                         net381 (net)
                      0.049982    0.000409    6.120605 v _1050_/A1 (sky130_fd_sc_hd__a211o_4)
     2    0.025462    0.128589    0.636258    6.756862 v _1050_/X (sky130_fd_sc_hd__a211o_4)
                                                         _0225_ (net)
                      0.128598    0.001182    6.758045 v rebuffer287/A (sky130_fd_sc_hd__buf_8)
     4    0.030182    0.062703    0.261481    7.019526 v rebuffer287/X (sky130_fd_sc_hd__buf_8)
                                                         net287 (net)
                      0.062763    0.001751    7.021277 v _1057_/A1 (sky130_fd_sc_hd__a21oi_4)
     2    0.017403    0.261410    0.281025    7.302301 ^ _1057_/Y (sky130_fd_sc_hd__a21oi_4)
                                                         _0232_ (net)
                      0.261410    0.000933    7.303235 ^ _1064_/A1 (sky130_fd_sc_hd__a21oi_4)
     3    0.020578    0.135331    0.213421    7.516656 v _1064_/Y (sky130_fd_sc_hd__a21oi_4)
                                                         _0239_ (net)
                      0.135354    0.001391    7.518047 v _1065_/A4 (sky130_fd_sc_hd__o41a_4)
     2    0.013106    0.131264    0.717172    8.235219 v _1065_/X (sky130_fd_sc_hd__o41a_4)
                                                         _0240_ (net)
                      0.131264    0.000394    8.235613 v _1067_/B1 (sky130_fd_sc_hd__a2bb2o_4)
     1    0.004996    0.058421    0.414007    8.649620 v _1067_/X (sky130_fd_sc_hd__a2bb2o_4)
                                                         _0242_ (net)
                      0.058552    0.000144    8.649764 v _1068_/A3 (sky130_fd_sc_hd__a31o_4)
     2    0.017827    0.092225    0.460322    9.110085 v _1068_/X (sky130_fd_sc_hd__a31o_4)
                                                         net69 (net)
                      0.092227    0.000600    9.110685 v output69/A (sky130_fd_sc_hd__buf_6)
     1    0.035154    0.077073    0.258303    9.368988 v output69/X (sky130_fd_sc_hd__buf_6)
                                                         result[0] (net)
                      0.077087    0.001010    9.369997 v result[0] (out)
                                              9.369997   data arrival time

                      0.000000   10.000000   10.000000   clock __VIRTUAL_CLK__ (rise edge)
                                  0.000000   10.000000   clock network delay (ideal)
                                 -0.250000    9.750000   clock uncertainty
                                  0.000000    9.750000   clock reconvergence pessimism
                                 -2.000000    7.750000   output external delay
                                              7.750000   data required time
---------------------------------------------------------------------------------------------
                                              7.750000   data required time
                                             -9.369997   data arrival time
---------------------------------------------------------------------------------------------
                                             -1.619998   slack (VIOLATED)


Startpoint: A[21] (input port clocked by __VIRTUAL_CLK__)
Endpoint: result[21] (output port clocked by __VIRTUAL_CLK__)
Path Group: __VIRTUAL_CLK__
Path Type: max

Fanout         Cap        Slew       Delay        Time   Description
---------------------------------------------------------------------------------------------
                      0.000000    0.000000    0.000000   clock __VIRTUAL_CLK__ (rise edge)
                                  0.000000    0.000000   clock network delay (ideal)
                                  2.000000    2.000000 v input external delay
     1    0.004286    0.024275    0.013930    2.013930 v A[21] (in)
                                                         A[21] (net)
                      0.024284    0.000000    2.013930 v input14/A (sky130_fd_sc_hd__clkdlybuf4s25_1)
     2    0.010924    0.172201    0.523162    2.537092 v input14/X (sky130_fd_sc_hd__clkdlybuf4s25_1)
                                                         net14 (net)
                      0.172201    0.000353    2.537446 v fanout211/A (sky130_fd_sc_hd__dlymetal6s2s_1)
    10    0.042565    0.399443    0.597366    3.134812 v fanout211/X (sky130_fd_sc_hd__dlymetal6s2s_1)
                                                         net211 (net)
                      0.399449    0.002236    3.137048 v _1070_/A0 (sky130_fd_sc_hd__mux4_2)
     2    0.015795    0.228005    1.266009    4.403057 v _1070_/X (sky130_fd_sc_hd__mux4_2)
                                                         _0244_ (net)
                      0.228005    0.000855    4.403912 v rebuffer216/A (sky130_fd_sc_hd__buf_2)
     2    0.005617    0.056018    0.316334    4.720246 v rebuffer216/X (sky130_fd_sc_hd__buf_2)
                                                         net216 (net)
                      0.056018    0.000069    4.720315 v _1193_/B (sky130_fd_sc_hd__or2_2)
     1    0.002591    0.109207    0.606341    5.326656 v _1193_/X (sky130_fd_sc_hd__or2_2)
                                                         _0363_ (net)
                      0.109207    0.000051    5.326707 v _1194_/B1 (sky130_fd_sc_hd__o211a_2)
     2    0.006641    0.088581    0.278306    5.605012 v _1194_/X (sky130_fd_sc_hd__o211a_2)
                                                         _0364_ (net)
                      0.088581    0.000119    5.605132 v _1196_/B1 (sky130_fd_sc_hd__a21o_2)
     1    0.002715    0.057006    0.339838    5.944970 v _1196_/X (sky130_fd_sc_hd__a21o_2)
                                                         _0366_ (net)
                      0.057006    0.000079    5.945049 v _1198_/A2 (sky130_fd_sc_hd__a22o_2)
     2    0.013239    0.115784    0.518852    6.463901 v _1198_/X (sky130_fd_sc_hd__a22o_2)
                                                         _0368_ (net)
                      0.115784    0.000384    6.464285 v _1503_/B1 (sky130_fd_sc_hd__a21oi_2)
     1    0.006583    0.189856    0.223152    6.687438 ^ _1503_/Y (sky130_fd_sc_hd__a21oi_2)
                                                         _0657_ (net)
                      0.189857    0.000248    6.687685 ^ _1506_/B1 (sky130_fd_sc_hd__o22a_2)
     1    0.007110    0.092235    0.346745    7.034431 ^ _1506_/X (sky130_fd_sc_hd__o22a_2)
                                                         _0660_ (net)
                      0.092235    0.000236    7.034667 ^ _1507_/C_N (sky130_fd_sc_hd__or3b_2)
     1    0.005635    0.182501    1.069367    8.104034 v _1507_/X (sky130_fd_sc_hd__or3b_2)
                                                         _0661_ (net)
                      0.182501    0.000223    8.104257 v _1513_/B1 (sky130_fd_sc_hd__a41o_2)
     1    0.004137    0.070899    0.464507    8.568764 v _1513_/X (sky130_fd_sc_hd__a41o_2)
                                                         _0667_ (net)
                      0.070899    0.000107    8.568871 v _1514_/B1 (sky130_fd_sc_hd__a41o_2)
     2    0.008707    0.093498    0.451139    9.020009 v _1514_/X (sky130_fd_sc_hd__a41o_2)
                                                         net82 (net)
                      0.093498    0.000205    9.020214 v output82/A (sky130_fd_sc_hd__buf_6)
     1    0.034557    0.076313    0.258376    9.278590 v output82/X (sky130_fd_sc_hd__buf_6)
                                                         result[21] (net)
                      0.076319    0.000698    9.279288 v result[21] (out)
                                              9.279288   data arrival time

                      0.000000   10.000000   10.000000   clock __VIRTUAL_CLK__ (rise edge)
                                  0.000000   10.000000   clock network delay (ideal)
                                 -0.250000    9.750000   clock uncertainty
                                  0.000000    9.750000   clock reconvergence pessimism
                                 -2.000000    7.750000   output external delay
                                              7.750000   data required time
---------------------------------------------------------------------------------------------
                                              7.750000   data required time
                                             -9.279288   data arrival time
---------------------------------------------------------------------------------------------
                                             -1.529289   slack (VIOLATED)


Startpoint: control[0] (input port clocked by __VIRTUAL_CLK__)
Endpoint: result[29] (output port clocked by __VIRTUAL_CLK__)
Path Group: __VIRTUAL_CLK__
Path Type: max

Fanout         Cap        Slew       Delay        Time   Description
---------------------------------------------------------------------------------------------
                      0.000000    0.000000    0.000000   clock __VIRTUAL_CLK__ (rise edge)
                                  0.000000    0.000000   clock network delay (ideal)
                                  2.000000    2.000000 v input external delay
     1    0.002962    0.019080    0.009744    2.009744 v control[0] (in)
                                                         control[0] (net)
                      0.019080    0.000000    2.009744 v input65/A (sky130_fd_sc_hd__clkdlybuf4s25_1)
     5    0.019651    0.279130    0.605656    2.615400 v input65/X (sky130_fd_sc_hd__clkdlybuf4s25_1)
                                                         net65 (net)
                      0.279130    0.000860    2.616260 v fanout156/A (sky130_fd_sc_hd__buf_4)
    10    0.038176    0.110822    0.409646    3.025906 v fanout156/X (sky130_fd_sc_hd__buf_4)
                                                         net156 (net)
                      0.110826    0.000898    3.026804 v _0865_/C (sky130_fd_sc_hd__and4b_2)
     1    0.004564    0.086031    0.488889    3.515692 v _0865_/X (sky130_fd_sc_hd__and4b_2)
                                                         _0040_ (net)
                      0.086031    0.000149    3.515841 v fanout123/A (sky130_fd_sc_hd__clkdlybuf4s25_1)
     6    0.043028    0.576309    0.857346    4.373187 v fanout123/X (sky130_fd_sc_hd__clkdlybuf4s25_1)
                                                         net123 (net)
                      0.576309    0.000755    4.373943 v fanout122/A (sky130_fd_sc_hd__clkdlybuf4s25_1)
    10    0.057265    0.761733    1.176480    5.550423 v fanout122/X (sky130_fd_sc_hd__clkdlybuf4s25_1)
                                                         net122 (net)
                      0.761733    0.001796    5.552218 v _1628_/A1 (sky130_fd_sc_hd__a221o_2)
     1    0.002502    0.085851    0.880065    6.432283 v _1628_/X (sky130_fd_sc_hd__a221o_2)
                                                         _0774_ (net)
                      0.085851    0.000070    6.432353 v _1632_/B1 (sky130_fd_sc_hd__a311o_2)
     1    0.007880    0.118072    0.709349    7.141702 v _1632_/X (sky130_fd_sc_hd__a311o_2)
                                                         _0778_ (net)
                      0.118072    0.000343    7.142045 v _1633_/B1 (sky130_fd_sc_hd__a21o_2)
     1    0.002738    0.056732    0.351759    7.493804 v _1633_/X (sky130_fd_sc_hd__a21o_2)
                                                         _0779_ (net)
                      0.056732    0.000079    7.493883 v _1634_/C1 (sky130_fd_sc_hd__a221o_2)
     1    0.009623    0.124878    0.614528    8.108411 v _1634_/X (sky130_fd_sc_hd__a221o_2)
                                                         _0780_ (net)
                      0.124878    0.000508    8.108919 v _1637_/B1 (sky130_fd_sc_hd__a41o_2)
     1    0.005329    0.078035    0.452236    8.561155 v _1637_/X (sky130_fd_sc_hd__a41o_2)
                                                         _0783_ (net)
                      0.078035    0.000172    8.561328 v _1638_/B1 (sky130_fd_sc_hd__a31o_4)
     2    0.021509    0.102750    0.425565    8.986894 v _1638_/X (sky130_fd_sc_hd__a31o_4)
                                                         net90 (net)
                      0.102750    0.000358    8.987251 v output90/A (sky130_fd_sc_hd__buf_6)
     1    0.035955    0.078092    0.264278    9.251530 v output90/X (sky130_fd_sc_hd__buf_6)
                                                         result[29] (net)
                      0.078110    0.001135    9.252665 v result[29] (out)
                                              9.252665   data arrival time

                      0.000000   10.000000   10.000000   clock __VIRTUAL_CLK__ (rise edge)
                                  0.000000   10.000000   clock network delay (ideal)
                                 -0.250000    9.750000   clock uncertainty
                                  0.000000    9.750000   clock reconvergence pessimism
                                 -2.000000    7.750000   output external delay
                                              7.750000   data required time
---------------------------------------------------------------------------------------------
                                              7.750000   data required time
                                             -9.252665   data arrival time
---------------------------------------------------------------------------------------------
                                             -1.502665   slack (VIOLATED)


Startpoint: B[1] (input port clocked by __VIRTUAL_CLK__)
Endpoint: result[28] (output port clocked by __VIRTUAL_CLK__)
Path Group: __VIRTUAL_CLK__
Path Type: max

Fanout         Cap        Slew       Delay        Time   Description
---------------------------------------------------------------------------------------------
                      0.000000    0.000000    0.000000   clock __VIRTUAL_CLK__ (rise edge)
                                  0.000000    0.000000   clock network delay (ideal)
                                  2.000000    2.000000 v input external delay
     1    0.008054    0.039415    0.025472    2.025472 v B[1] (in)
                                                         B[1] (net)
                      0.039416    0.000000    2.025472 v input44/A (sky130_fd_sc_hd__buf_8)
     3    0.020041    0.051609    0.207253    2.232724 v input44/X (sky130_fd_sc_hd__buf_8)
                                                         net44 (net)
                      0.051684    0.001037    2.233762 v fanout180/A (sky130_fd_sc_hd__buf_8)
     2    0.010941    0.042647    0.201959    2.435721 v fanout180/X (sky130_fd_sc_hd__buf_8)
                                                         net180 (net)
                      0.042647    0.000287    2.436008 v load_slew181/A (sky130_fd_sc_hd__buf_8)
     2    0.020097    0.051651    0.208701    2.644709 v load_slew181/X (sky130_fd_sc_hd__buf_8)
                                                         net181 (net)
                      0.051756    0.001352    2.646061 v fanout178/A (sky130_fd_sc_hd__buf_8)
     2    0.012186    0.043865    0.203525    2.849586 v fanout178/X (sky130_fd_sc_hd__buf_8)
                                                         net178 (net)
                      0.043865    0.000289    2.849875 v rebuffer525/A (sky130_fd_sc_hd__buf_8)
     2    0.018761    0.050330    0.207878    3.057753 v rebuffer525/X (sky130_fd_sc_hd__buf_8)
                                                         net525 (net)
                      0.050348    0.000524    3.058278 v _0958_/B (sky130_fd_sc_hd__xnor2_4)
     5    0.018214    0.293583    0.292767    3.351045 ^ _0958_/Y (sky130_fd_sc_hd__xnor2_4)
                                                         _0133_ (net)
                      0.293583    0.000408    3.351453 ^ _0960_/A1 (sky130_fd_sc_hd__a21o_4)
     2    0.009006    0.070004    0.318180    3.669632 ^ _0960_/X (sky130_fd_sc_hd__a21o_4)
                                                         _0135_ (net)
                      0.070004    0.000280    3.669913 ^ _0968_/A3 (sky130_fd_sc_hd__a31o_4)
     2    0.013992    0.107445    0.351391    4.021303 ^ _0968_/X (sky130_fd_sc_hd__a31o_4)
                                                         _0143_ (net)
                      0.107449    0.000792    4.022096 ^ _0983_/D_N (sky130_fd_sc_hd__or4b_4)
     2    0.009830    0.173272    0.968868    4.990964 v _0983_/X (sky130_fd_sc_hd__or4b_4)
                                                         _0158_ (net)
                      0.173272    0.000374    4.991338 v rebuffer218/A (sky130_fd_sc_hd__buf_6)
     2    0.012806    0.047254    0.263277    5.254615 v rebuffer218/X (sky130_fd_sc_hd__buf_6)
                                                         net218 (net)
                      0.047254    0.000503    5.255118 v _1017_/A2 (sky130_fd_sc_hd__a211o_4)
     2    0.018448    0.112780    0.626319    5.881437 v _1017_/X (sky130_fd_sc_hd__a211o_4)
                                                         _0192_ (net)
                      0.112910    0.001267    5.882703 v rebuffer381/A (sky130_fd_sc_hd__buf_6)
     3    0.014862    0.049952    0.237492    6.120195 v rebuffer381/X (sky130_fd_sc_hd__buf_6)
                                                         net381 (net)
                      0.049982    0.000409    6.120605 v _1050_/A1 (sky130_fd_sc_hd__a211o_4)
     2    0.025462    0.128589    0.636258    6.756862 v _1050_/X (sky130_fd_sc_hd__a211o_4)
                                                         _0225_ (net)
                      0.128598    0.001182    6.758045 v rebuffer287/A (sky130_fd_sc_hd__buf_8)
     4    0.030182    0.062703    0.261481    7.019526 v rebuffer287/X (sky130_fd_sc_hd__buf_8)
                                                         net287 (net)
                      0.062763    0.001751    7.021277 v _1057_/A1 (sky130_fd_sc_hd__a21oi_4)
     2    0.017403    0.261410    0.281025    7.302301 ^ _1057_/Y (sky130_fd_sc_hd__a21oi_4)
                                                         _0232_ (net)
                      0.261410    0.000933    7.303235 ^ _1064_/A1 (sky130_fd_sc_hd__a21oi_4)
     3    0.020578    0.135331    0.213421    7.516656 v _1064_/Y (sky130_fd_sc_hd__a21oi_4)
                                                         _0239_ (net)
                      0.135339    0.000945    7.517601 v rebuffer307/A (sky130_fd_sc_hd__buf_4)
     3    0.013942    0.063602    0.292212    7.809813 v rebuffer307/X (sky130_fd_sc_hd__buf_4)
                                                         net307 (net)
                      0.063602    0.000268    7.810081 v _1609_/B (sky130_fd_sc_hd__or2_2)
     1    0.005440    0.127714    0.643228    8.453308 v _1609_/X (sky130_fd_sc_hd__or2_2)
                                                         _0756_ (net)
                      0.127714    0.000171    8.453480 v _1625_/A2 (sky130_fd_sc_hd__a31o_4)
     2    0.009882    0.076099    0.449587    8.903067 v _1625_/X (sky130_fd_sc_hd__a31o_4)
                                                         net89 (net)
                      0.076099    0.000267    8.903335 v output89/A (sky130_fd_sc_hd__buf_8)
     1    0.034696    0.068046    0.241901    9.145235 v output89/X (sky130_fd_sc_hd__buf_8)
                                                         result[28] (net)
                      0.068056    0.000847    9.146082 v result[28] (out)
                                              9.146082   data arrival time

                      0.000000   10.000000   10.000000   clock __VIRTUAL_CLK__ (rise edge)
                                  0.000000   10.000000   clock network delay (ideal)
                                 -0.250000    9.750000   clock uncertainty
                                  0.000000    9.750000   clock reconvergence pessimism
                                 -2.000000    7.750000   output external delay
                                              7.750000   data required time
---------------------------------------------------------------------------------------------
                                              7.750000   data required time
                                             -9.146082   data arrival time
---------------------------------------------------------------------------------------------
                                             -1.396082   slack (VIOLATED)


Startpoint: control[0] (input port clocked by __VIRTUAL_CLK__)
Endpoint: result[26] (output port clocked by __VIRTUAL_CLK__)
Path Group: __VIRTUAL_CLK__
Path Type: max

Fanout         Cap        Slew       Delay        Time   Description
---------------------------------------------------------------------------------------------
                      0.000000    0.000000    0.000000   clock __VIRTUAL_CLK__ (rise edge)
                                  0.000000    0.000000   clock network delay (ideal)
                                  2.000000    2.000000 v input external delay
     1    0.002962    0.019080    0.009744    2.009744 v control[0] (in)
                                                         control[0] (net)
                      0.019080    0.000000    2.009744 v input65/A (sky130_fd_sc_hd__clkdlybuf4s25_1)
     5    0.019651    0.279130    0.605656    2.615400 v input65/X (sky130_fd_sc_hd__clkdlybuf4s25_1)
                                                         net65 (net)
                      0.279130    0.000860    2.616260 v fanout156/A (sky130_fd_sc_hd__buf_4)
    10    0.038176    0.110822    0.409646    3.025906 v fanout156/X (sky130_fd_sc_hd__buf_4)
                                                         net156 (net)
                      0.110826    0.000898    3.026804 v _0865_/C (sky130_fd_sc_hd__and4b_2)
     1    0.004564    0.086031    0.488889    3.515692 v _0865_/X (sky130_fd_sc_hd__and4b_2)
                                                         _0040_ (net)
                      0.086031    0.000149    3.515841 v fanout123/A (sky130_fd_sc_hd__clkdlybuf4s25_1)
     6    0.043028    0.576309    0.857346    4.373187 v fanout123/X (sky130_fd_sc_hd__clkdlybuf4s25_1)
                                                         net123 (net)
                      0.576309    0.000755    4.373943 v fanout122/A (sky130_fd_sc_hd__clkdlybuf4s25_1)
    10    0.057265    0.761733    1.176480    5.550423 v fanout122/X (sky130_fd_sc_hd__clkdlybuf4s25_1)
                                                         net122 (net)
                      0.761736    0.002871    5.553293 v _1584_/A1 (sky130_fd_sc_hd__a22o_2)
     1    0.003282    0.067875    0.680513    6.233806 v _1584_/X (sky130_fd_sc_hd__a22o_2)
                                                         _0733_ (net)
                      0.067875    0.000102    6.233907 v _1585_/C1 (sky130_fd_sc_hd__a311o_2)
     1    0.003621    0.093787    0.587463    6.821370 v _1585_/X (sky130_fd_sc_hd__a311o_2)
                                                         _0734_ (net)
                      0.093787    0.000113    6.821484 v _1589_/C1 (sky130_fd_sc_hd__a221o_2)
     1    0.002743    0.087141    0.566818    7.388302 v _1589_/X (sky130_fd_sc_hd__a221o_2)
                                                         _0738_ (net)
                      0.087141    0.000056    7.388358 v _1590_/B1 (sky130_fd_sc_hd__a21o_2)
     1    0.004708    0.066608    0.354962    7.743320 v _1590_/X (sky130_fd_sc_hd__a21o_2)
                                                         _0739_ (net)
                      0.066608    0.000170    7.743490 v _1592_/B1 (sky130_fd_sc_hd__a311o_2)
     1    0.006287    0.110923    0.690894    8.434383 v _1592_/X (sky130_fd_sc_hd__a311o_2)
                                                         _0741_ (net)
                      0.110923    0.000228    8.434611 v _1593_/B1 (sky130_fd_sc_hd__a31o_4)
     2    0.012090    0.081473    0.409419    8.844030 v _1593_/X (sky130_fd_sc_hd__a31o_4)
                                                         net87 (net)
                      0.081473    0.000346    8.844377 v output87/A (sky130_fd_sc_hd__buf_8)
     1    0.035059    0.068507    0.244781    9.089158 v output87/X (sky130_fd_sc_hd__buf_8)
                                                         result[26] (net)
                      0.068521    0.000973    9.090132 v result[26] (out)
                                              9.090132   data arrival time

                      0.000000   10.000000   10.000000   clock __VIRTUAL_CLK__ (rise edge)
                                  0.000000   10.000000   clock network delay (ideal)
                                 -0.250000    9.750000   clock uncertainty
                                  0.000000    9.750000   clock reconvergence pessimism
                                 -2.000000    7.750000   output external delay
                                              7.750000   data required time
---------------------------------------------------------------------------------------------
                                              7.750000   data required time
                                             -9.090132   data arrival time
---------------------------------------------------------------------------------------------
                                             -1.340132   slack (VIOLATED)


Startpoint: B[1] (input port clocked by __VIRTUAL_CLK__)
Endpoint: result[22] (output port clocked by __VIRTUAL_CLK__)
Path Group: __VIRTUAL_CLK__
Path Type: max

Fanout         Cap        Slew       Delay        Time   Description
---------------------------------------------------------------------------------------------
                      0.000000    0.000000    0.000000   clock __VIRTUAL_CLK__ (rise edge)
                                  0.000000    0.000000   clock network delay (ideal)
                                  2.000000    2.000000 v input external delay
     1    0.008054    0.039415    0.025472    2.025472 v B[1] (in)
                                                         B[1] (net)
                      0.039416    0.000000    2.025472 v input44/A (sky130_fd_sc_hd__buf_8)
     3    0.020041    0.051609    0.207253    2.232724 v input44/X (sky130_fd_sc_hd__buf_8)
                                                         net44 (net)
                      0.051684    0.001037    2.233762 v fanout180/A (sky130_fd_sc_hd__buf_8)
     2    0.010941    0.042647    0.201959    2.435721 v fanout180/X (sky130_fd_sc_hd__buf_8)
                                                         net180 (net)
                      0.042647    0.000287    2.436008 v load_slew181/A (sky130_fd_sc_hd__buf_8)
     2    0.020097    0.051651    0.208701    2.644709 v load_slew181/X (sky130_fd_sc_hd__buf_8)
                                                         net181 (net)
                      0.051756    0.001352    2.646061 v fanout178/A (sky130_fd_sc_hd__buf_8)
     2    0.012186    0.043865    0.203525    2.849586 v fanout178/X (sky130_fd_sc_hd__buf_8)
                                                         net178 (net)
                      0.043865    0.000289    2.849875 v rebuffer525/A (sky130_fd_sc_hd__buf_8)
     2    0.018761    0.050330    0.207878    3.057753 v rebuffer525/X (sky130_fd_sc_hd__buf_8)
                                                         net525 (net)
                      0.050348    0.000524    3.058278 v _0958_/B (sky130_fd_sc_hd__xnor2_4)
     5    0.018214    0.293583    0.292767    3.351045 ^ _0958_/Y (sky130_fd_sc_hd__xnor2_4)
                                                         _0133_ (net)
                      0.293583    0.000408    3.351453 ^ _0960_/A1 (sky130_fd_sc_hd__a21o_4)
     2    0.009006    0.070004    0.318180    3.669632 ^ _0960_/X (sky130_fd_sc_hd__a21o_4)
                                                         _0135_ (net)
                      0.070004    0.000280    3.669913 ^ _0968_/A3 (sky130_fd_sc_hd__a31o_4)
     2    0.013992    0.107445    0.351391    4.021303 ^ _0968_/X (sky130_fd_sc_hd__a31o_4)
                                                         _0143_ (net)
                      0.107449    0.000792    4.022096 ^ _0983_/D_N (sky130_fd_sc_hd__or4b_4)
     2    0.009830    0.173272    0.968868    4.990964 v _0983_/X (sky130_fd_sc_hd__or4b_4)
                                                         _0158_ (net)
                      0.173272    0.000374    4.991338 v rebuffer218/A (sky130_fd_sc_hd__buf_6)
     2    0.012806    0.047254    0.263277    5.254615 v rebuffer218/X (sky130_fd_sc_hd__buf_6)
                                                         net218 (net)
                      0.047254    0.000503    5.255118 v _1017_/A2 (sky130_fd_sc_hd__a211o_4)
     2    0.018448    0.112780    0.626319    5.881437 v _1017_/X (sky130_fd_sc_hd__a211o_4)
                                                         _0192_ (net)
                      0.112910    0.001267    5.882703 v rebuffer381/A (sky130_fd_sc_hd__buf_6)
     3    0.014862    0.049952    0.237492    6.120195 v rebuffer381/X (sky130_fd_sc_hd__buf_6)
                                                         net381 (net)
                      0.049982    0.000409    6.120605 v _1050_/A1 (sky130_fd_sc_hd__a211o_4)
     2    0.025462    0.128589    0.636258    6.756862 v _1050_/X (sky130_fd_sc_hd__a211o_4)
                                                         _0225_ (net)
                      0.128598    0.001182    6.758045 v rebuffer287/A (sky130_fd_sc_hd__buf_8)
     4    0.030182    0.062703    0.261481    7.019526 v rebuffer287/X (sky130_fd_sc_hd__buf_8)
                                                         net287 (net)
                      0.062711    0.000803    7.020329 v _1498_/B1 (sky130_fd_sc_hd__a221o_2)
     2    0.005758    0.107046    0.641416    7.661745 v _1498_/X (sky130_fd_sc_hd__a221o_2)
                                                         _0652_ (net)
                      0.107046    0.000151    7.661896 v _1516_/A3 (sky130_fd_sc_hd__a32o_2)
     2    0.006918    0.085866    0.505943    8.167839 v _1516_/X (sky130_fd_sc_hd__a32o_2)
                                                         _0669_ (net)
                      0.085866    0.000164    8.168003 v _1530_/A3 (sky130_fd_sc_hd__a31o_2)
     2    0.006735    0.081549    0.470917    8.638920 v _1530_/X (sky130_fd_sc_hd__a31o_2)
                                                         net83 (net)
                      0.081549    0.000112    8.639032 v output83/A (sky130_fd_sc_hd__buf_6)
     1    0.034935    0.076796    0.252953    8.891985 v output83/X (sky130_fd_sc_hd__buf_6)
                                                         result[22] (net)
                      0.076804    0.000813    8.892797 v result[22] (out)
                                              8.892797   data arrival time

                      0.000000   10.000000   10.000000   clock __VIRTUAL_CLK__ (rise edge)
                                  0.000000   10.000000   clock network delay (ideal)
                                 -0.250000    9.750000   clock uncertainty
                                  0.000000    9.750000   clock reconvergence pessimism
                                 -2.000000    7.750000   output external delay
                                              7.750000   data required time
---------------------------------------------------------------------------------------------
                                              7.750000   data required time
                                             -8.892797   data arrival time
---------------------------------------------------------------------------------------------
                                             -1.142798   slack (VIOLATED)


Startpoint: control[0] (input port clocked by __VIRTUAL_CLK__)
Endpoint: result[24] (output port clocked by __VIRTUAL_CLK__)
Path Group: __VIRTUAL_CLK__
Path Type: max

Fanout         Cap        Slew       Delay        Time   Description
---------------------------------------------------------------------------------------------
                      0.000000    0.000000    0.000000   clock __VIRTUAL_CLK__ (rise edge)
                                  0.000000    0.000000   clock network delay (ideal)
                                  2.000000    2.000000 v input external delay
     1    0.002962    0.019080    0.009744    2.009744 v control[0] (in)
                                                         control[0] (net)
                      0.019080    0.000000    2.009744 v input65/A (sky130_fd_sc_hd__clkdlybuf4s25_1)
     5    0.019651    0.279130    0.605656    2.615400 v input65/X (sky130_fd_sc_hd__clkdlybuf4s25_1)
                                                         net65 (net)
                      0.279130    0.000860    2.616260 v fanout156/A (sky130_fd_sc_hd__buf_4)
    10    0.038176    0.110822    0.409646    3.025906 v fanout156/X (sky130_fd_sc_hd__buf_4)
                                                         net156 (net)
                      0.110826    0.000898    3.026804 v _0865_/C (sky130_fd_sc_hd__and4b_2)
     1    0.004564    0.086031    0.488889    3.515692 v _0865_/X (sky130_fd_sc_hd__and4b_2)
                                                         _0040_ (net)
                      0.086031    0.000149    3.515841 v fanout123/A (sky130_fd_sc_hd__clkdlybuf4s25_1)
     6    0.043028    0.576309    0.857346    4.373187 v fanout123/X (sky130_fd_sc_hd__clkdlybuf4s25_1)
                                                         net123 (net)
                      0.576309    0.000755    4.373943 v fanout122/A (sky130_fd_sc_hd__clkdlybuf4s25_1)
    10    0.057265    0.761733    1.176480    5.550423 v fanout122/X (sky130_fd_sc_hd__clkdlybuf4s25_1)
                                                         net122 (net)
                      0.761741    0.003440    5.553863 v _1555_/A1 (sky130_fd_sc_hd__a221o_2)
     1    0.012797    0.142569    0.963808    6.517671 v _1555_/X (sky130_fd_sc_hd__a221o_2)
                                                         _0706_ (net)
                      0.142572    0.000869    6.518540 v _1559_/C1 (sky130_fd_sc_hd__a221o_2)
     1    0.009581    0.124530    0.642633    7.161172 v _1559_/X (sky130_fd_sc_hd__a221o_2)
                                                         _0710_ (net)
                      0.124530    0.000377    7.161550 v _1560_/C1 (sky130_fd_sc_hd__a221oi_2)
     1    0.022733    0.774835    0.672320    7.833870 ^ _1560_/Y (sky130_fd_sc_hd__a221oi_2)
                                                         _0711_ (net)
                      0.774840    0.001688    7.835558 ^ _1561_/B1 (sky130_fd_sc_hd__o31a_4)
     1    0.007941    0.086267    0.526004    8.361563 ^ _1561_/X (sky130_fd_sc_hd__o31a_4)
                                                         _0712_ (net)
                      0.086267    0.000354    8.361917 ^ _1562_/B1 (sky130_fd_sc_hd__o21ai_2)
     2    0.007601    0.121729    0.127226    8.489143 v _1562_/Y (sky130_fd_sc_hd__o21ai_2)
                                                         net85 (net)
                      0.121729    0.000176    8.489319 v output85/A (sky130_fd_sc_hd__buf_6)
     1    0.036077    0.078243    0.273636    8.762955 v output85/X (sky130_fd_sc_hd__buf_6)
                                                         result[24] (net)
                      0.078262    0.001149    8.764104 v result[24] (out)
                                              8.764104   data arrival time

                      0.000000   10.000000   10.000000   clock __VIRTUAL_CLK__ (rise edge)
                                  0.000000   10.000000   clock network delay (ideal)
                                 -0.250000    9.750000   clock uncertainty
                                  0.000000    9.750000   clock reconvergence pessimism
                                 -2.000000    7.750000   output external delay
                                              7.750000   data required time
---------------------------------------------------------------------------------------------
                                              7.750000   data required time
                                             -8.764104   data arrival time
---------------------------------------------------------------------------------------------
                                             -1.014104   slack (VIOLATED)


Startpoint: B[0] (input port clocked by __VIRTUAL_CLK__)
Endpoint: result[19] (output port clocked by __VIRTUAL_CLK__)
Path Group: __VIRTUAL_CLK__
Path Type: max

Fanout         Cap        Slew       Delay        Time   Description
---------------------------------------------------------------------------------------------
                      0.000000    0.000000    0.000000   clock __VIRTUAL_CLK__ (rise edge)
                                  0.000000    0.000000   clock network delay (ideal)
                                  2.000000    2.000000 v input external delay
     1    0.007725    0.038075    0.024474    2.024474 v B[0] (in)
                                                         B[0] (net)
                      0.038076    0.000000    2.024474 v input33/A (sky130_fd_sc_hd__buf_8)
     2    0.025993    0.058026    0.213992    2.238466 v input33/X (sky130_fd_sc_hd__buf_8)
                                                         net33 (net)
                      0.058040    0.000864    2.239330 v fanout192/A (sky130_fd_sc_hd__buf_8)
     2    0.019503    0.050984    0.215233    2.454563 v fanout192/X (sky130_fd_sc_hd__buf_8)
                                                         net192 (net)
                      0.051020    0.000785    2.455348 v fanout190/A (sky130_fd_sc_hd__buf_6)
     2    0.006945    0.039370    0.194429    2.649777 v fanout190/X (sky130_fd_sc_hd__buf_6)
                                                         net190 (net)
                      0.039370    0.000099    2.649876 v load_slew191/A (sky130_fd_sc_hd__buf_6)
     3    0.020480    0.058270    0.211881    2.861757 v load_slew191/X (sky130_fd_sc_hd__buf_6)
                                                         net191 (net)
                      0.058330    0.001669    2.863426 v fanout188/A (sky130_fd_sc_hd__buf_8)
     5    0.025516    0.057382    0.222731    3.086157 v fanout188/X (sky130_fd_sc_hd__buf_8)
                                                         net188 (net)
                      0.057388    0.000619    3.086776 v load_slew189/A (sky130_fd_sc_hd__buf_8)
     4    0.012591    0.044236    0.206587    3.293363 v load_slew189/X (sky130_fd_sc_hd__buf_8)
                                                         net189 (net)
                      0.044236    0.000329    3.293691 v rebuffer632/A (sky130_fd_sc_hd__buf_2)
     1    0.005329    0.054527    0.227253    3.520945 v rebuffer632/X (sky130_fd_sc_hd__buf_2)
                                                         net632 (net)
                      0.054527    0.000167    3.521112 v rebuffer230/A (sky130_fd_sc_hd__buf_6)
     2    0.009569    0.043216    0.200902    3.722014 v rebuffer230/X (sky130_fd_sc_hd__buf_6)
                                                         net230 (net)
                      0.043216    0.000317    3.722331 v rebuffer523/A (sky130_fd_sc_hd__buf_4)
     1    0.005739    0.046447    0.227010    3.949341 v rebuffer523/X (sky130_fd_sc_hd__buf_4)
                                                         net523 (net)
                      0.046447    0.000127    3.949467 v _1142_/S0 (sky130_fd_sc_hd__mux4_2)
     4    0.032264    0.297426    1.157861    5.107328 v _1142_/X (sky130_fd_sc_hd__mux4_2)
                                                         _0314_ (net)
                      0.297429    0.001646    5.108975 v _1144_/A0 (sky130_fd_sc_hd__mux2_4)
     2    0.007380    0.092989    0.597131    5.706106 v _1144_/X (sky130_fd_sc_hd__mux2_4)
                                                         _0316_ (net)
                      0.092989    0.000217    5.706322 v _1149_/A0 (sky130_fd_sc_hd__mux2_2)
     1    0.005518    0.105845    0.567697    6.274019 v _1149_/X (sky130_fd_sc_hd__mux2_2)
                                                         _0321_ (net)
                      0.105845    0.000182    6.274200 v _1150_/B1 (sky130_fd_sc_hd__a22o_4)
     2    0.026428    0.115489    0.472939    6.747139 v _1150_/X (sky130_fd_sc_hd__a22o_4)
                                                         _0322_ (net)
                      0.115573    0.001225    6.748364 v _1474_/A1 (sky130_fd_sc_hd__o21a_4)
     1    0.007400    0.066575    0.418085    7.166449 v _1474_/X (sky130_fd_sc_hd__o21a_4)
                                                         _0630_ (net)
                      0.066575    0.000322    7.166770 v _1475_/B (sky130_fd_sc_hd__or3b_4)
     1    0.007061    0.127617    0.733205    7.899975 v _1475_/X (sky130_fd_sc_hd__or3b_4)
                                                         _0631_ (net)
                      0.127617    0.000293    7.900268 v _1476_/A_N (sky130_fd_sc_hd__nand3b_4)
     2    0.012021    0.137751    0.336152    8.236420 v _1476_/Y (sky130_fd_sc_hd__nand3b_4)
                                                         net79 (net)
                      0.137752    0.000570    8.236990 v rebuffer443/A (sky130_fd_sc_hd__buf_6)
     1    0.007445    0.040521    0.236988    8.473978 v rebuffer443/X (sky130_fd_sc_hd__buf_6)
                                                         net443 (net)
                      0.040521    0.000167    8.474145 v output79/A (sky130_fd_sc_hd__buf_8)
     1    0.034854    0.068432    0.225810    8.699956 v output79/X (sky130_fd_sc_hd__buf_8)
                                                         result[19] (net)
                      0.068444    0.000907    8.700863 v result[19] (out)
                                              8.700863   data arrival time

                      0.000000   10.000000   10.000000   clock __VIRTUAL_CLK__ (rise edge)
                                  0.000000   10.000000   clock network delay (ideal)
                                 -0.250000    9.750000   clock uncertainty
                                  0.000000    9.750000   clock reconvergence pessimism
                                 -2.000000    7.750000   output external delay
                                              7.750000   data required time
---------------------------------------------------------------------------------------------
                                              7.750000   data required time
                                             -8.700863   data arrival time
---------------------------------------------------------------------------------------------
                                             -0.950863   slack (VIOLATED)


Startpoint: A[21] (input port clocked by __VIRTUAL_CLK__)
Endpoint: result[17] (output port clocked by __VIRTUAL_CLK__)
Path Group: __VIRTUAL_CLK__
Path Type: max

Fanout         Cap        Slew       Delay        Time   Description
---------------------------------------------------------------------------------------------
                      0.000000    0.000000    0.000000   clock __VIRTUAL_CLK__ (rise edge)
                                  0.000000    0.000000   clock network delay (ideal)
                                  2.000000    2.000000 v input external delay
     1    0.004286    0.024275    0.013930    2.013930 v A[21] (in)
                                                         A[21] (net)
                      0.024284    0.000000    2.013930 v input14/A (sky130_fd_sc_hd__clkdlybuf4s25_1)
     2    0.010924    0.172201    0.523162    2.537092 v input14/X (sky130_fd_sc_hd__clkdlybuf4s25_1)
                                                         net14 (net)
                      0.172201    0.000353    2.537446 v fanout211/A (sky130_fd_sc_hd__dlymetal6s2s_1)
    10    0.042565    0.399443    0.597366    3.134812 v fanout211/X (sky130_fd_sc_hd__dlymetal6s2s_1)
                                                         net211 (net)
                      0.399449    0.002236    3.137048 v _1070_/A0 (sky130_fd_sc_hd__mux4_2)
     2    0.015795    0.228005    1.266009    4.403057 v _1070_/X (sky130_fd_sc_hd__mux4_2)
                                                         _0244_ (net)
                      0.228006    0.001013    4.404070 v _1072_/A0 (sky130_fd_sc_hd__mux2_4)
     3    0.013012    0.105755    0.590935    4.995005 v _1072_/X (sky130_fd_sc_hd__mux2_4)
                                                         _0246_ (net)
                      0.105755    0.000303    4.995308 v _1079_/A0 (sky130_fd_sc_hd__mux2_4)
     1    0.005058    0.085537    0.508877    5.504185 v _1079_/X (sky130_fd_sc_hd__mux2_4)
                                                         _0253_ (net)
                      0.085537    0.000160    5.504344 v _1086_/A1 (sky130_fd_sc_hd__a22o_4)
     2    0.012262    0.082738    0.467391    5.971736 v _1086_/X (sky130_fd_sc_hd__a22o_4)
                                                         _0260_ (net)
                      0.082738    0.000565    5.972301 v _1435_/A2 (sky130_fd_sc_hd__o21a_4)
     1    0.010934    0.073860    0.381748    6.354049 v _1435_/X (sky130_fd_sc_hd__o21a_4)
                                                         _0593_ (net)
                      0.073860    0.000579    6.354628 v _1438_/C (sky130_fd_sc_hd__or4_4)
     1    0.005738    0.157982    0.961286    7.315914 v _1438_/X (sky130_fd_sc_hd__or4_4)
                                                         _0596_ (net)
                      0.157982    0.000222    7.316136 v _1445_/C (sky130_fd_sc_hd__or3_4)
     2    0.009749    0.134624    0.706374    8.022510 v _1445_/X (sky130_fd_sc_hd__or3_4)
                                                         net77 (net)
                      0.134624    0.000240    8.022750 v rebuffer223/A (sky130_fd_sc_hd__buf_2)
     1    0.007120    0.061185    0.277813    8.300563 v rebuffer223/X (sky130_fd_sc_hd__buf_2)
                                                         net223 (net)
                      0.061185    0.000267    8.300831 v output77/A (sky130_fd_sc_hd__buf_6)
     1    0.034519    0.076242    0.243184    8.544015 v output77/X (sky130_fd_sc_hd__buf_6)
                                                         result[17] (net)
                      0.076247    0.000686    8.544701 v result[17] (out)
                                              8.544701   data arrival time

                      0.000000   10.000000   10.000000   clock __VIRTUAL_CLK__ (rise edge)
                                  0.000000   10.000000   clock network delay (ideal)
                                 -0.250000    9.750000   clock uncertainty
                                  0.000000    9.750000   clock reconvergence pessimism
                                 -2.000000    7.750000   output external delay
                                              7.750000   data required time
---------------------------------------------------------------------------------------------
                                              7.750000   data required time
                                             -8.544701   data arrival time
---------------------------------------------------------------------------------------------
                                             -0.794700   slack (VIOLATED)


Startpoint: B[1] (input port clocked by __VIRTUAL_CLK__)
Endpoint: result[18] (output port clocked by __VIRTUAL_CLK__)
Path Group: __VIRTUAL_CLK__
Path Type: max

Fanout         Cap        Slew       Delay        Time   Description
---------------------------------------------------------------------------------------------
                      0.000000    0.000000    0.000000   clock __VIRTUAL_CLK__ (rise edge)
                                  0.000000    0.000000   clock network delay (ideal)
                                  2.000000    2.000000 v input external delay
     1    0.008054    0.039415    0.025472    2.025472 v B[1] (in)
                                                         B[1] (net)
                      0.039416    0.000000    2.025472 v input44/A (sky130_fd_sc_hd__buf_8)
     3    0.020041    0.051609    0.207253    2.232724 v input44/X (sky130_fd_sc_hd__buf_8)
                                                         net44 (net)
                      0.051684    0.001037    2.233762 v fanout180/A (sky130_fd_sc_hd__buf_8)
     2    0.010941    0.042647    0.201959    2.435721 v fanout180/X (sky130_fd_sc_hd__buf_8)
                                                         net180 (net)
                      0.042647    0.000287    2.436008 v load_slew181/A (sky130_fd_sc_hd__buf_8)
     2    0.020097    0.051651    0.208701    2.644709 v load_slew181/X (sky130_fd_sc_hd__buf_8)
                                                         net181 (net)
                      0.051756    0.001352    2.646061 v fanout178/A (sky130_fd_sc_hd__buf_8)
     2    0.012186    0.043865    0.203525    2.849586 v fanout178/X (sky130_fd_sc_hd__buf_8)
                                                         net178 (net)
                      0.043865    0.000289    2.849875 v rebuffer525/A (sky130_fd_sc_hd__buf_8)
     2    0.018761    0.050330    0.207878    3.057753 v rebuffer525/X (sky130_fd_sc_hd__buf_8)
                                                         net525 (net)
                      0.050348    0.000524    3.058278 v _0958_/B (sky130_fd_sc_hd__xnor2_4)
     5    0.018214    0.293583    0.292767    3.351045 ^ _0958_/Y (sky130_fd_sc_hd__xnor2_4)
                                                         _0133_ (net)
                      0.293583    0.000408    3.351453 ^ _0960_/A1 (sky130_fd_sc_hd__a21o_4)
     2    0.009006    0.070004    0.318180    3.669632 ^ _0960_/X (sky130_fd_sc_hd__a21o_4)
                                                         _0135_ (net)
                      0.070004    0.000280    3.669913 ^ _0968_/A3 (sky130_fd_sc_hd__a31o_4)
     2    0.013992    0.107445    0.351391    4.021303 ^ _0968_/X (sky130_fd_sc_hd__a31o_4)
                                                         _0143_ (net)
                      0.107449    0.000792    4.022096 ^ _0983_/D_N (sky130_fd_sc_hd__or4b_4)
     2    0.009830    0.173272    0.968868    4.990964 v _0983_/X (sky130_fd_sc_hd__or4b_4)
                                                         _0158_ (net)
                      0.173272    0.000374    4.991338 v rebuffer218/A (sky130_fd_sc_hd__buf_6)
     2    0.012806    0.047254    0.263277    5.254615 v rebuffer218/X (sky130_fd_sc_hd__buf_6)
                                                         net218 (net)
                      0.047254    0.000503    5.255118 v _1017_/A2 (sky130_fd_sc_hd__a211o_4)
     2    0.018448    0.112780    0.626319    5.881437 v _1017_/X (sky130_fd_sc_hd__a211o_4)
                                                         _0192_ (net)
                      0.112911    0.001308    5.882745 v _1427_/A1 (sky130_fd_sc_hd__a21o_2)
     3    0.009038    0.085266    0.398074    6.280819 v _1427_/X (sky130_fd_sc_hd__a21o_2)
                                                         _0585_ (net)
                      0.085266    0.000172    6.280992 v _1446_/A2 (sky130_fd_sc_hd__a21o_2)
     3    0.010473    0.091528    0.425315    6.706307 v _1446_/X (sky130_fd_sc_hd__a21o_2)
                                                         _0603_ (net)
                      0.091528    0.000205    6.706512 v _1448_/B (sky130_fd_sc_hd__and2b_2)
     1    0.006889    0.088569    0.437493    7.144005 v _1448_/X (sky130_fd_sc_hd__and2b_2)
                                                         _0605_ (net)
                      0.088569    0.000242    7.144247 v _1461_/C (sky130_fd_sc_hd__or4_4)
     2    0.015189    0.189109    1.025789    8.170036 v _1461_/X (sky130_fd_sc_hd__or4_4)
                                                         net78 (net)
                      0.189109    0.000811    8.170847 v output78/A (sky130_fd_sc_hd__buf_8)
     1    0.034742    0.068103    0.296584    8.467431 v output78/X (sky130_fd_sc_hd__buf_8)
                                                         result[18] (net)
                      0.068112    0.000827    8.468258 v result[18] (out)
                                              8.468258   data arrival time

                      0.000000   10.000000   10.000000   clock __VIRTUAL_CLK__ (rise edge)
                                  0.000000   10.000000   clock network delay (ideal)
                                 -0.250000    9.750000   clock uncertainty
                                  0.000000    9.750000   clock reconvergence pessimism
                                 -2.000000    7.750000   output external delay
                                              7.750000   data required time
---------------------------------------------------------------------------------------------
                                              7.750000   data required time
                                             -8.468258   data arrival time
---------------------------------------------------------------------------------------------
                                             -0.718258   slack (VIOLATED)


Startpoint: B[1] (input port clocked by __VIRTUAL_CLK__)
Endpoint: result[25] (output port clocked by __VIRTUAL_CLK__)
Path Group: __VIRTUAL_CLK__
Path Type: max

Fanout         Cap        Slew       Delay        Time   Description
---------------------------------------------------------------------------------------------
                      0.000000    0.000000    0.000000   clock __VIRTUAL_CLK__ (rise edge)
                                  0.000000    0.000000   clock network delay (ideal)
                                  2.000000    2.000000 v input external delay
     1    0.008054    0.039415    0.025472    2.025472 v B[1] (in)
                                                         B[1] (net)
                      0.039416    0.000000    2.025472 v input44/A (sky130_fd_sc_hd__buf_8)
     3    0.020041    0.051609    0.207253    2.232724 v input44/X (sky130_fd_sc_hd__buf_8)
                                                         net44 (net)
                      0.051684    0.001037    2.233762 v fanout180/A (sky130_fd_sc_hd__buf_8)
     2    0.010941    0.042647    0.201959    2.435721 v fanout180/X (sky130_fd_sc_hd__buf_8)
                                                         net180 (net)
                      0.042647    0.000287    2.436008 v load_slew181/A (sky130_fd_sc_hd__buf_8)
     2    0.020097    0.051651    0.208701    2.644709 v load_slew181/X (sky130_fd_sc_hd__buf_8)
                                                         net181 (net)
                      0.051756    0.001352    2.646061 v fanout178/A (sky130_fd_sc_hd__buf_8)
     2    0.012186    0.043865    0.203525    2.849586 v fanout178/X (sky130_fd_sc_hd__buf_8)
                                                         net178 (net)
                      0.043865    0.000289    2.849875 v rebuffer525/A (sky130_fd_sc_hd__buf_8)
     2    0.018761    0.050330    0.207878    3.057753 v rebuffer525/X (sky130_fd_sc_hd__buf_8)
                                                         net525 (net)
                      0.050348    0.000524    3.058278 v _0958_/B (sky130_fd_sc_hd__xnor2_4)
     5    0.018214    0.293583    0.292767    3.351045 ^ _0958_/Y (sky130_fd_sc_hd__xnor2_4)
                                                         _0133_ (net)
                      0.293583    0.000408    3.351453 ^ _0960_/A1 (sky130_fd_sc_hd__a21o_4)
     2    0.009006    0.070004    0.318180    3.669632 ^ _0960_/X (sky130_fd_sc_hd__a21o_4)
                                                         _0135_ (net)
                      0.070004    0.000280    3.669913 ^ _0968_/A3 (sky130_fd_sc_hd__a31o_4)
     2    0.013992    0.107445    0.351391    4.021303 ^ _0968_/X (sky130_fd_sc_hd__a31o_4)
                                                         _0143_ (net)
                      0.107449    0.000792    4.022096 ^ _0983_/D_N (sky130_fd_sc_hd__or4b_4)
     2    0.009830    0.173272    0.968868    4.990964 v _0983_/X (sky130_fd_sc_hd__or4b_4)
                                                         _0158_ (net)
                      0.173272    0.000374    4.991338 v rebuffer218/A (sky130_fd_sc_hd__buf_6)
     2    0.012806    0.047254    0.263277    5.254615 v rebuffer218/X (sky130_fd_sc_hd__buf_6)
                                                         net218 (net)
                      0.047254    0.000503    5.255118 v _1017_/A2 (sky130_fd_sc_hd__a211o_4)
     2    0.018448    0.112780    0.626319    5.881437 v _1017_/X (sky130_fd_sc_hd__a211o_4)
                                                         _0192_ (net)
                      0.112910    0.001267    5.882703 v rebuffer381/A (sky130_fd_sc_hd__buf_6)
     3    0.014862    0.049952    0.237492    6.120195 v rebuffer381/X (sky130_fd_sc_hd__buf_6)
                                                         net381 (net)
                      0.049982    0.000409    6.120605 v _1050_/A1 (sky130_fd_sc_hd__a211o_4)
     2    0.025462    0.128589    0.636258    6.756862 v _1050_/X (sky130_fd_sc_hd__a211o_4)
                                                         _0225_ (net)
                      0.128607    0.001538    6.758401 v _1563_/A2 (sky130_fd_sc_hd__a211o_4)
     2    0.010676    0.092869    0.635511    7.393911 v _1563_/X (sky130_fd_sc_hd__a211o_4)
                                                         _0713_ (net)
                      0.092869    0.000205    7.394116 v _1564_/B1 (sky130_fd_sc_hd__o311a_4)
     1    0.004827    0.083917    0.232747    7.626864 v _1564_/X (sky130_fd_sc_hd__o311a_4)
                                                         _0714_ (net)
                      0.083917    0.000147    7.627010 v _1578_/A1 (sky130_fd_sc_hd__a211o_4)
     2    0.008963    0.089127    0.590122    8.217133 v _1578_/X (sky130_fd_sc_hd__a211o_4)
                                                         net86 (net)
                      0.089127    0.000256    8.217388 v output86/A (sky130_fd_sc_hd__buf_8)
     1    0.034834    0.068199    0.248283    8.465672 v output86/X (sky130_fd_sc_hd__buf_8)
                                                         result[25] (net)
                      0.068209    0.000852    8.466523 v result[25] (out)
                                              8.466523   data arrival time

                      0.000000   10.000000   10.000000   clock __VIRTUAL_CLK__ (rise edge)
                                  0.000000   10.000000   clock network delay (ideal)
                                 -0.250000    9.750000   clock uncertainty
                                  0.000000    9.750000   clock reconvergence pessimism
                                 -2.000000    7.750000   output external delay
                                              7.750000   data required time
---------------------------------------------------------------------------------------------
                                              7.750000   data required time
                                             -8.466523   data arrival time
---------------------------------------------------------------------------------------------
                                             -0.716523   slack (VIOLATED)


Startpoint: B[0] (input port clocked by __VIRTUAL_CLK__)
Endpoint: result[10] (output port clocked by __VIRTUAL_CLK__)
Path Group: __VIRTUAL_CLK__
Path Type: max

Fanout         Cap        Slew       Delay        Time   Description
---------------------------------------------------------------------------------------------
                      0.000000    0.000000    0.000000   clock __VIRTUAL_CLK__ (rise edge)
                                  0.000000    0.000000   clock network delay (ideal)
                                  2.000000    2.000000 v input external delay
     1    0.007725    0.038075    0.024474    2.024474 v B[0] (in)
                                                         B[0] (net)
                      0.038076    0.000000    2.024474 v input33/A (sky130_fd_sc_hd__buf_8)
     2    0.025993    0.058026    0.213992    2.238466 v input33/X (sky130_fd_sc_hd__buf_8)
                                                         net33 (net)
                      0.058040    0.000864    2.239330 v fanout192/A (sky130_fd_sc_hd__buf_8)
     2    0.019503    0.050984    0.215233    2.454563 v fanout192/X (sky130_fd_sc_hd__buf_8)
                                                         net192 (net)
                      0.051020    0.000785    2.455348 v fanout190/A (sky130_fd_sc_hd__buf_6)
     2    0.006945    0.039370    0.194429    2.649777 v fanout190/X (sky130_fd_sc_hd__buf_6)
                                                         net190 (net)
                      0.039370    0.000099    2.649876 v load_slew191/A (sky130_fd_sc_hd__buf_6)
     3    0.020480    0.058270    0.211881    2.861757 v load_slew191/X (sky130_fd_sc_hd__buf_6)
                                                         net191 (net)
                      0.058330    0.001669    2.863426 v fanout188/A (sky130_fd_sc_hd__buf_8)
     5    0.025516    0.057382    0.222731    3.086157 v fanout188/X (sky130_fd_sc_hd__buf_8)
                                                         net188 (net)
                      0.057388    0.000619    3.086776 v load_slew189/A (sky130_fd_sc_hd__buf_8)
     4    0.012591    0.044236    0.206587    3.293363 v load_slew189/X (sky130_fd_sc_hd__buf_8)
                                                         net189 (net)
                      0.044236    0.000329    3.293691 v rebuffer632/A (sky130_fd_sc_hd__buf_2)
     1    0.005329    0.054527    0.227253    3.520945 v rebuffer632/X (sky130_fd_sc_hd__buf_2)
                                                         net632 (net)
                      0.054527    0.000167    3.521112 v rebuffer230/A (sky130_fd_sc_hd__buf_6)
     2    0.009569    0.043216    0.200902    3.722014 v rebuffer230/X (sky130_fd_sc_hd__buf_6)
                                                         net230 (net)
                      0.043216    0.000260    3.722274 v _1112_/S0 (sky130_fd_sc_hd__mux4_2)
     2    0.014859    0.221283    1.048028    4.770302 v _1112_/X (sky130_fd_sc_hd__mux4_2)
                                                         _0285_ (net)
                      0.221283    0.000567    4.770869 v rebuffer520/A (sky130_fd_sc_hd__buf_6)
     2    0.015447    0.050728    0.291013    5.061882 v rebuffer520/X (sky130_fd_sc_hd__buf_6)
                                                         net520 (net)
                      0.050728    0.000635    5.062517 v _1114_/A0 (sky130_fd_sc_hd__mux2_4)
     2    0.004355    0.083145    0.484282    5.546800 v _1114_/X (sky130_fd_sc_hd__mux2_4)
                                                         _0287_ (net)
                      0.083145    0.000091    5.546891 v _1298_/A0 (sky130_fd_sc_hd__mux2_4)
     1    0.009539    0.098912    0.521591    6.068482 v _1298_/X (sky130_fd_sc_hd__mux2_4)
                                                         _0463_ (net)
                      0.098912    0.000435    6.068917 v _1303_/B1 (sky130_fd_sc_hd__a2bb2o_4)
     1    0.003316    0.057239    0.392047    6.460964 v _1303_/X (sky130_fd_sc_hd__a2bb2o_4)
                                                         _0468_ (net)
                      0.057239    0.000098    6.461061 v _1305_/A (sky130_fd_sc_hd__or3_4)
     1    0.006382    0.125493    0.753646    7.214708 v _1305_/X (sky130_fd_sc_hd__or3_4)
                                                         _0470_ (net)
                      0.125493    0.000233    7.214942 v _1306_/B1 (sky130_fd_sc_hd__a31o_4)
     1    0.004918    0.063950    0.390093    7.605034 v _1306_/X (sky130_fd_sc_hd__a31o_4)
                                                         _0471_ (net)
                      0.063950    0.000149    7.605184 v _1307_/B1 (sky130_fd_sc_hd__a31o_4)
     2    0.010362    0.077808    0.385952    7.991135 v _1307_/X (sky130_fd_sc_hd__a31o_4)
                                                         net70 (net)
                      0.077808    0.000176    7.991311 v rebuffer521/A (sky130_fd_sc_hd__buf_6)
     1    0.007697    0.040918    0.208408    8.199719 v rebuffer521/X (sky130_fd_sc_hd__buf_6)
                                                         net521 (net)
                      0.040918    0.000254    8.199973 v output70/A (sky130_fd_sc_hd__buf_8)
     1    0.035384    0.069107    0.226567    8.426540 v output70/X (sky130_fd_sc_hd__buf_8)
                                                         result[10] (net)
                      0.069123    0.001024    8.427565 v result[10] (out)
                                              8.427565   data arrival time

                      0.000000   10.000000   10.000000   clock __VIRTUAL_CLK__ (rise edge)
                                  0.000000   10.000000   clock network delay (ideal)
                                 -0.250000    9.750000   clock uncertainty
                                  0.000000    9.750000   clock reconvergence pessimism
                                 -2.000000    7.750000   output external delay
                                              7.750000   data required time
---------------------------------------------------------------------------------------------
                                              7.750000   data required time
                                             -8.427565   data arrival time
---------------------------------------------------------------------------------------------
                                             -0.677565   slack (VIOLATED)


Startpoint: B[0] (input port clocked by __VIRTUAL_CLK__)
Endpoint: result[12] (output port clocked by __VIRTUAL_CLK__)
Path Group: __VIRTUAL_CLK__
Path Type: max

Fanout         Cap        Slew       Delay        Time   Description
---------------------------------------------------------------------------------------------
                      0.000000    0.000000    0.000000   clock __VIRTUAL_CLK__ (rise edge)
                                  0.000000    0.000000   clock network delay (ideal)
                                  2.000000    2.000000 ^ input external delay
     1    0.008326    0.069707    0.044101    2.044101 ^ B[0] (in)
                                                         B[0] (net)
                      0.069707    0.000000    2.044101 ^ input33/A (sky130_fd_sc_hd__buf_8)
     2    0.026973    0.087566    0.190926    2.235027 ^ input33/X (sky130_fd_sc_hd__buf_8)
                                                         net33 (net)
                      0.087574    0.000903    2.235930 ^ fanout192/A (sky130_fd_sc_hd__buf_8)
     2    0.020010    0.071954    0.186137    2.422067 ^ fanout192/X (sky130_fd_sc_hd__buf_8)
                                                         net192 (net)
                      0.071964    0.000809    2.422876 ^ fanout190/A (sky130_fd_sc_hd__buf_6)
     2    0.007452    0.048392    0.160456    2.583331 ^ fanout190/X (sky130_fd_sc_hd__buf_6)
                                                         net190 (net)
                      0.048392    0.000107    2.583438 ^ load_slew191/A (sky130_fd_sc_hd__buf_6)
     3    0.021337    0.086478    0.182723    2.766161 ^ load_slew191/X (sky130_fd_sc_hd__buf_6)
                                                         net191 (net)
                      0.086478    0.000488    2.766649 ^ rebuffer220/A (sky130_fd_sc_hd__buf_2)
     3    0.018308    0.153896    0.266598    3.033247 ^ rebuffer220/X (sky130_fd_sc_hd__buf_2)
                                                         net220 (net)
                      0.153896    0.000235    3.033482 ^ rebuffer219/A (sky130_fd_sc_hd__buf_4)
     4    0.023929    0.123674    0.287955    3.321436 ^ rebuffer219/X (sky130_fd_sc_hd__buf_4)
                                                         net219 (net)
                      0.123674    0.000549    3.321986 ^ _0843_/S0 (sky130_fd_sc_hd__mux4_2)
     3    0.021876    0.251998    1.270081    4.592066 v _0843_/X (sky130_fd_sc_hd__mux4_2)
                                                         _0018_ (net)
                      0.252113    0.001069    4.593136 v rebuffer227/A (sky130_fd_sc_hd__buf_6)
     1    0.008711    0.042689    0.293675    4.886811 v rebuffer227/X (sky130_fd_sc_hd__buf_6)
                                                         net227 (net)
                      0.042689    0.000434    4.887245 v _1343_/A1 (sky130_fd_sc_hd__mux4_2)
     1    0.005854    0.168772    1.019380    5.906625 v _1343_/X (sky130_fd_sc_hd__mux4_2)
                                                         _0506_ (net)
                      0.168772    0.000212    5.906837 v _1346_/B1 (sky130_fd_sc_hd__a2bb2o_2)
     1    0.002049    0.074566    0.532600    6.439437 v _1346_/X (sky130_fd_sc_hd__a2bb2o_2)
                                                         _0509_ (net)
                      0.074566    0.000060    6.439497 v _1347_/C (sky130_fd_sc_hd__or3_2)
     1    0.003106    0.163458    0.964360    7.403856 v _1347_/X (sky130_fd_sc_hd__or3_2)
                                                         _0510_ (net)
                      0.163458    0.000094    7.403950 v _1348_/C (sky130_fd_sc_hd__or3_4)
     2    0.012673    0.141746    0.722590    8.126540 v _1348_/X (sky130_fd_sc_hd__or3_4)
                                                         net72 (net)
                      0.141746    0.000425    8.126966 v output72/A (sky130_fd_sc_hd__buf_6)
     1    0.035029    0.076901    0.282261    8.409226 v output72/X (sky130_fd_sc_hd__buf_6)
                                                         result[12] (net)
                      0.076912    0.000922    8.410149 v result[12] (out)
                                              8.410149   data arrival time

                      0.000000   10.000000   10.000000   clock __VIRTUAL_CLK__ (rise edge)
                                  0.000000   10.000000   clock network delay (ideal)
                                 -0.250000    9.750000   clock uncertainty
                                  0.000000    9.750000   clock reconvergence pessimism
                                 -2.000000    7.750000   output external delay
                                              7.750000   data required time
---------------------------------------------------------------------------------------------
                                              7.750000   data required time
                                             -8.410149   data arrival time
---------------------------------------------------------------------------------------------
                                             -0.660148   slack (VIOLATED)


Startpoint: control[0] (input port clocked by __VIRTUAL_CLK__)
Endpoint: result[16] (output port clocked by __VIRTUAL_CLK__)
Path Group: __VIRTUAL_CLK__
Path Type: max

Fanout         Cap        Slew       Delay        Time   Description
---------------------------------------------------------------------------------------------
                      0.000000    0.000000    0.000000   clock __VIRTUAL_CLK__ (rise edge)
                                  0.000000    0.000000   clock network delay (ideal)
                                  2.000000    2.000000 v input external delay
     1    0.002962    0.019080    0.009744    2.009744 v control[0] (in)
                                                         control[0] (net)
                      0.019080    0.000000    2.009744 v input65/A (sky130_fd_sc_hd__clkdlybuf4s25_1)
     5    0.019651    0.279130    0.605656    2.615400 v input65/X (sky130_fd_sc_hd__clkdlybuf4s25_1)
                                                         net65 (net)
                      0.279130    0.000860    2.616260 v fanout156/A (sky130_fd_sc_hd__buf_4)
    10    0.038176    0.110822    0.409646    3.025906 v fanout156/X (sky130_fd_sc_hd__buf_4)
                                                         net156 (net)
                      0.110826    0.000898    3.026804 v _0865_/C (sky130_fd_sc_hd__and4b_2)
     1    0.004564    0.086031    0.488889    3.515692 v _0865_/X (sky130_fd_sc_hd__and4b_2)
                                                         _0040_ (net)
                      0.086031    0.000149    3.515841 v fanout123/A (sky130_fd_sc_hd__clkdlybuf4s25_1)
     6    0.043028    0.576309    0.857346    4.373187 v fanout123/X (sky130_fd_sc_hd__clkdlybuf4s25_1)
                                                         net123 (net)
                      0.576309    0.001479    4.374667 v fanout121/A (sky130_fd_sc_hd__buf_2)
    10    0.061282    0.270390    0.666972    5.041639 v fanout121/X (sky130_fd_sc_hd__buf_2)
                                                         net121 (net)
                      0.270732    0.008604    5.050243 v _1420_/B1 (sky130_fd_sc_hd__a21o_2)
     1    0.003051    0.058200    0.416136    5.466379 v _1420_/X (sky130_fd_sc_hd__a21o_2)
                                                         _0579_ (net)
                      0.058200    0.000067    5.466446 v _1421_/A2 (sky130_fd_sc_hd__a21o_2)
     1    0.009339    0.086638    0.407250    5.873696 v _1421_/X (sky130_fd_sc_hd__a21o_2)
                                                         _0580_ (net)
                      0.086638    0.000443    5.874140 v _1423_/B1 (sky130_fd_sc_hd__a211o_2)
     1    0.002593    0.079420    0.570645    6.444785 v _1423_/X (sky130_fd_sc_hd__a211o_2)
                                                         _0582_ (net)
                      0.079420    0.000075    6.444860 v _1424_/C1 (sky130_fd_sc_hd__a221o_2)
     1    0.013489    0.146689    0.648326    7.093187 v _1424_/X (sky130_fd_sc_hd__a221o_2)
                                                         _0583_ (net)
                      0.146691    0.000854    7.094041 v _1425_/B (sky130_fd_sc_hd__or3b_4)
     2    0.009397    0.134161    0.776479    7.870520 v _1425_/X (sky130_fd_sc_hd__or3b_4)
                                                         net76 (net)
                      0.134161    0.000259    7.870779 v rebuffer524/A (sky130_fd_sc_hd__buf_6)
     1    0.009543    0.043208    0.238807    8.109586 v rebuffer524/X (sky130_fd_sc_hd__buf_6)
                                                         net524 (net)
                      0.043208    0.000371    8.109958 v output76/A (sky130_fd_sc_hd__buf_8)
     1    0.034322    0.067691    0.226542    8.336500 v output76/X (sky130_fd_sc_hd__buf_8)
                                                         result[16] (net)
                      0.067697    0.000655    8.337154 v result[16] (out)
                                              8.337154   data arrival time

                      0.000000   10.000000   10.000000   clock __VIRTUAL_CLK__ (rise edge)
                                  0.000000   10.000000   clock network delay (ideal)
                                 -0.250000    9.750000   clock uncertainty
                                  0.000000    9.750000   clock reconvergence pessimism
                                 -2.000000    7.750000   output external delay
                                              7.750000   data required time
---------------------------------------------------------------------------------------------
                                              7.750000   data required time
                                             -8.337154   data arrival time
---------------------------------------------------------------------------------------------
                                             -0.587154   slack (VIOLATED)


Startpoint: B[0] (input port clocked by __VIRTUAL_CLK__)
Endpoint: result[7] (output port clocked by __VIRTUAL_CLK__)
Path Group: __VIRTUAL_CLK__
Path Type: max

Fanout         Cap        Slew       Delay        Time   Description
---------------------------------------------------------------------------------------------
                      0.000000    0.000000    0.000000   clock __VIRTUAL_CLK__ (rise edge)
                                  0.000000    0.000000   clock network delay (ideal)
                                  2.000000    2.000000 v input external delay
     1    0.007725    0.038075    0.024474    2.024474 v B[0] (in)
                                                         B[0] (net)
                      0.038076    0.000000    2.024474 v input33/A (sky130_fd_sc_hd__buf_8)
     2    0.025993    0.058026    0.213992    2.238466 v input33/X (sky130_fd_sc_hd__buf_8)
                                                         net33 (net)
                      0.058040    0.000864    2.239330 v fanout192/A (sky130_fd_sc_hd__buf_8)
     2    0.019503    0.050984    0.215233    2.454563 v fanout192/X (sky130_fd_sc_hd__buf_8)
                                                         net192 (net)
                      0.051020    0.000785    2.455348 v fanout190/A (sky130_fd_sc_hd__buf_6)
     2    0.006945    0.039370    0.194429    2.649777 v fanout190/X (sky130_fd_sc_hd__buf_6)
                                                         net190 (net)
                      0.039370    0.000099    2.649876 v load_slew191/A (sky130_fd_sc_hd__buf_6)
     3    0.020480    0.058270    0.211881    2.861757 v load_slew191/X (sky130_fd_sc_hd__buf_6)
                                                         net191 (net)
                      0.058330    0.001669    2.863426 v fanout188/A (sky130_fd_sc_hd__buf_8)
     5    0.025516    0.057382    0.222731    3.086157 v fanout188/X (sky130_fd_sc_hd__buf_8)
                                                         net188 (net)
                      0.057388    0.000619    3.086776 v load_slew189/A (sky130_fd_sc_hd__buf_8)
     4    0.012591    0.044236    0.206587    3.293363 v load_slew189/X (sky130_fd_sc_hd__buf_8)
                                                         net189 (net)
                      0.044236    0.000329    3.293691 v rebuffer632/A (sky130_fd_sc_hd__buf_2)
     1    0.005329    0.054527    0.227253    3.520945 v rebuffer632/X (sky130_fd_sc_hd__buf_2)
                                                         net632 (net)
                      0.054527    0.000167    3.521112 v rebuffer230/A (sky130_fd_sc_hd__buf_6)
     2    0.009569    0.043216    0.200902    3.722014 v rebuffer230/X (sky130_fd_sc_hd__buf_6)
                                                         net230 (net)
                      0.043216    0.000317    3.722331 v rebuffer523/A (sky130_fd_sc_hd__buf_4)
     1    0.005739    0.046447    0.227010    3.949341 v rebuffer523/X (sky130_fd_sc_hd__buf_4)
                                                         net523 (net)
                      0.046447    0.000127    3.949467 v _1142_/S0 (sky130_fd_sc_hd__mux4_2)
     4    0.032264    0.297426    1.157861    5.107328 v _1142_/X (sky130_fd_sc_hd__mux4_2)
                                                         _0314_ (net)
                      0.297429    0.001594    5.108923 v _1243_/A0 (sky130_fd_sc_hd__mux2_2)
     2    0.006012    0.108603    0.657288    5.766211 v _1243_/X (sky130_fd_sc_hd__mux2_2)
                                                         _0411_ (net)
                      0.108603    0.000131    5.766342 v _1248_/A2 (sky130_fd_sc_hd__o221a_2)
     1    0.012837    0.136959    0.577349    6.343691 v _1248_/X (sky130_fd_sc_hd__o221a_2)
                                                         _0416_ (net)
                      0.136962    0.000814    6.344505 v _1249_/C (sky130_fd_sc_hd__or3_2)
     1    0.003039    0.162651    0.983253    7.327759 v _1249_/X (sky130_fd_sc_hd__or3_2)
                                                         _0417_ (net)
                      0.162651    0.000066    7.327825 v _1250_/C (sky130_fd_sc_hd__or3_4)
     2    0.011597    0.138634    0.717042    8.044868 v _1250_/X (sky130_fd_sc_hd__or3_4)
                                                         net98 (net)
                      0.138634    0.000436    8.045303 v output98/A (sky130_fd_sc_hd__buf_6)
     1    0.035944    0.078069    0.281707    8.327010 v output98/X (sky130_fd_sc_hd__buf_6)
                                                         result[7] (net)
                      0.078087    0.001127    8.328137 v result[7] (out)
                                              8.328137   data arrival time

                      0.000000   10.000000   10.000000   clock __VIRTUAL_CLK__ (rise edge)
                                  0.000000   10.000000   clock network delay (ideal)
                                 -0.250000    9.750000   clock uncertainty
                                  0.000000    9.750000   clock reconvergence pessimism
                                 -2.000000    7.750000   output external delay
                                              7.750000   data required time
---------------------------------------------------------------------------------------------
                                              7.750000   data required time
                                             -8.328137   data arrival time
---------------------------------------------------------------------------------------------
                                             -0.578138   slack (VIOLATED)


Startpoint: B[0] (input port clocked by __VIRTUAL_CLK__)
Endpoint: result[9] (output port clocked by __VIRTUAL_CLK__)
Path Group: __VIRTUAL_CLK__
Path Type: max

Fanout         Cap        Slew       Delay        Time   Description
---------------------------------------------------------------------------------------------
                      0.000000    0.000000    0.000000   clock __VIRTUAL_CLK__ (rise edge)
                                  0.000000    0.000000   clock network delay (ideal)
                                  2.000000    2.000000 ^ input external delay
     1    0.008326    0.069707    0.044101    2.044101 ^ B[0] (in)
                                                         B[0] (net)
                      0.069707    0.000000    2.044101 ^ input33/A (sky130_fd_sc_hd__buf_8)
     2    0.026973    0.087566    0.190926    2.235027 ^ input33/X (sky130_fd_sc_hd__buf_8)
                                                         net33 (net)
                      0.087574    0.000903    2.235930 ^ fanout192/A (sky130_fd_sc_hd__buf_8)
     2    0.020010    0.071954    0.186137    2.422067 ^ fanout192/X (sky130_fd_sc_hd__buf_8)
                                                         net192 (net)
                      0.071964    0.000809    2.422876 ^ fanout190/A (sky130_fd_sc_hd__buf_6)
     2    0.007452    0.048392    0.160456    2.583331 ^ fanout190/X (sky130_fd_sc_hd__buf_6)
                                                         net190 (net)
                      0.048392    0.000107    2.583438 ^ load_slew191/A (sky130_fd_sc_hd__buf_6)
     3    0.021337    0.086478    0.182723    2.766161 ^ load_slew191/X (sky130_fd_sc_hd__buf_6)
                                                         net191 (net)
                      0.086478    0.000488    2.766649 ^ rebuffer220/A (sky130_fd_sc_hd__buf_2)
     3    0.018308    0.153896    0.266598    3.033247 ^ rebuffer220/X (sky130_fd_sc_hd__buf_2)
                                                         net220 (net)
                      0.153896    0.000263    3.033510 ^ _1074_/S (sky130_fd_sc_hd__mux2_2)
     2    0.010273    0.126355    0.757441    3.790951 v _1074_/X (sky130_fd_sc_hd__mux2_2)
                                                         _0248_ (net)
                      0.126355    0.000436    3.791387 v _1078_/A3 (sky130_fd_sc_hd__mux4_2)
     2    0.011023    0.195421    1.138460    4.929847 v _1078_/X (sky130_fd_sc_hd__mux4_2)
                                                         _0252_ (net)
                      0.195421    0.000373    4.930220 v _1276_/A2 (sky130_fd_sc_hd__a31o_2)
     1    0.004288    0.069471    0.481282    5.411501 v _1276_/X (sky130_fd_sc_hd__a31o_2)
                                                         _0442_ (net)
                      0.069471    0.000082    5.411583 v _1277_/B1 (sky130_fd_sc_hd__a21oi_2)
     1    0.009387    0.235642    0.241556    5.653139 ^ _1277_/Y (sky130_fd_sc_hd__a21oi_2)
                                                         _0443_ (net)
                      0.235642    0.000444    5.653583 ^ _1278_/A (sky130_fd_sc_hd__inv_2)
     2    0.005934    0.062762    0.124052    5.777635 v _1278_/Y (sky130_fd_sc_hd__inv_2)
                                                         _0444_ (net)
                      0.062762    0.000102    5.777736 v _1285_/A2 (sky130_fd_sc_hd__a22o_2)
     1    0.010691    0.103371    0.506933    6.284669 v _1285_/X (sky130_fd_sc_hd__a22o_2)
                                                         _0451_ (net)
                      0.103373    0.000624    6.285294 v _1286_/C (sky130_fd_sc_hd__or3_2)
     1    0.004815    0.176593    1.002639    7.287933 v _1286_/X (sky130_fd_sc_hd__or3_2)
                                                         _0452_ (net)
                      0.176593    0.000171    7.288104 v _1291_/C (sky130_fd_sc_hd__or3_4)
     2    0.008476    0.131379    0.706481    7.994585 v _1291_/X (sky130_fd_sc_hd__or3_4)
                                                         net100 (net)
                      0.131379    0.000277    7.994862 v output100/A (sky130_fd_sc_hd__buf_6)
     1    0.035684    0.077738    0.277920    8.272781 v output100/X (sky130_fd_sc_hd__buf_6)
                                                         result[9] (net)
                      0.077754    0.001044    8.273827 v result[9] (out)
                                              8.273827   data arrival time

                      0.000000   10.000000   10.000000   clock __VIRTUAL_CLK__ (rise edge)
                                  0.000000   10.000000   clock network delay (ideal)
                                 -0.250000    9.750000   clock uncertainty
                                  0.000000    9.750000   clock reconvergence pessimism
                                 -2.000000    7.750000   output external delay
                                              7.750000   data required time
---------------------------------------------------------------------------------------------
                                              7.750000   data required time
                                             -8.273827   data arrival time
---------------------------------------------------------------------------------------------
                                             -0.523826   slack (VIOLATED)


Startpoint: control[0] (input port clocked by __VIRTUAL_CLK__)
Endpoint: result[2] (output port clocked by __VIRTUAL_CLK__)
Path Group: __VIRTUAL_CLK__
Path Type: max

Fanout         Cap        Slew       Delay        Time   Description
---------------------------------------------------------------------------------------------
                      0.000000    0.000000    0.000000   clock __VIRTUAL_CLK__ (rise edge)
                                  0.000000    0.000000   clock network delay (ideal)
                                  2.000000    2.000000 v input external delay
     1    0.002962    0.019080    0.009744    2.009744 v control[0] (in)
                                                         control[0] (net)
                      0.019080    0.000000    2.009744 v input65/A (sky130_fd_sc_hd__clkdlybuf4s25_1)
     5    0.019651    0.279130    0.605656    2.615400 v input65/X (sky130_fd_sc_hd__clkdlybuf4s25_1)
                                                         net65 (net)
                      0.279130    0.000860    2.616260 v fanout156/A (sky130_fd_sc_hd__buf_4)
    10    0.038176    0.110822    0.409646    3.025906 v fanout156/X (sky130_fd_sc_hd__buf_4)
                                                         net156 (net)
                      0.110826    0.000898    3.026804 v _0865_/C (sky130_fd_sc_hd__and4b_2)
     1    0.004564    0.086031    0.488889    3.515692 v _0865_/X (sky130_fd_sc_hd__and4b_2)
                                                         _0040_ (net)
                      0.086031    0.000149    3.515841 v fanout123/A (sky130_fd_sc_hd__clkdlybuf4s25_1)
     6    0.043028    0.576309    0.857346    4.373187 v fanout123/X (sky130_fd_sc_hd__clkdlybuf4s25_1)
                                                         net123 (net)
                      0.576309    0.001479    4.374667 v fanout121/A (sky130_fd_sc_hd__buf_2)
    10    0.061282    0.270390    0.666972    5.041639 v fanout121/X (sky130_fd_sc_hd__buf_2)
                                                         net121 (net)
                      0.270390    0.001077    5.042716 v _1138_/A1 (sky130_fd_sc_hd__a221o_2)
     1    0.002701    0.086901    0.719322    5.762038 v _1138_/X (sky130_fd_sc_hd__a221o_2)
                                                         _0311_ (net)
                      0.086901    0.000079    5.762117 v _1139_/B1 (sky130_fd_sc_hd__a31o_2)
     1    0.003461    0.065248    0.396553    6.158669 v _1139_/X (sky130_fd_sc_hd__a31o_2)
                                                         _0312_ (net)
                      0.065248    0.000078    6.158747 v _1140_/B1 (sky130_fd_sc_hd__a311o_2)
     1    0.006449    0.111491    0.691510    6.850256 v _1140_/X (sky130_fd_sc_hd__a311o_2)
                                                         _0313_ (net)
                      0.111491    0.000254    6.850510 v _1141_/C1 (sky130_fd_sc_hd__a211o_2)
     2    0.009426    0.115001    0.569758    7.420269 v _1141_/X (sky130_fd_sc_hd__a211o_2)
                                                         net91 (net)
                      0.115001    0.000393    7.420661 v output91/A (sky130_fd_sc_hd__clkdlybuf4s25_1)
     1    0.035662    0.481615    0.801240    8.221902 v output91/X (sky130_fd_sc_hd__clkdlybuf4s25_1)
                                                         result[2] (net)
                      0.481615    0.000852    8.222754 v result[2] (out)
                                              8.222754   data arrival time

                      0.000000   10.000000   10.000000   clock __VIRTUAL_CLK__ (rise edge)
                                  0.000000   10.000000   clock network delay (ideal)
                                 -0.250000    9.750000   clock uncertainty
                                  0.000000    9.750000   clock reconvergence pessimism
                                 -2.000000    7.750000   output external delay
                                              7.750000   data required time
---------------------------------------------------------------------------------------------
                                              7.750000   data required time
                                             -8.222754   data arrival time
---------------------------------------------------------------------------------------------
                                             -0.472753   slack (VIOLATED)


Startpoint: control[0] (input port clocked by __VIRTUAL_CLK__)
Endpoint: result[1] (output port clocked by __VIRTUAL_CLK__)
Path Group: __VIRTUAL_CLK__
Path Type: max

Fanout         Cap        Slew       Delay        Time   Description
---------------------------------------------------------------------------------------------
                      0.000000    0.000000    0.000000   clock __VIRTUAL_CLK__ (rise edge)
                                  0.000000    0.000000   clock network delay (ideal)
                                  2.000000    2.000000 v input external delay
     1    0.002962    0.019080    0.009744    2.009744 v control[0] (in)
                                                         control[0] (net)
                      0.019080    0.000000    2.009744 v input65/A (sky130_fd_sc_hd__clkdlybuf4s25_1)
     5    0.019651    0.279130    0.605656    2.615400 v input65/X (sky130_fd_sc_hd__clkdlybuf4s25_1)
                                                         net65 (net)
                      0.279130    0.000860    2.616260 v fanout156/A (sky130_fd_sc_hd__buf_4)
    10    0.038176    0.110822    0.409646    3.025906 v fanout156/X (sky130_fd_sc_hd__buf_4)
                                                         net156 (net)
                      0.110826    0.000867    3.026773 v _0868_/A (sky130_fd_sc_hd__or2_2)
     5    0.020395    0.195959    0.807634    3.834407 v _0868_/X (sky130_fd_sc_hd__or2_2)
                                                         _0043_ (net)
                      0.195959    0.000144    3.834551 v _1104_/B (sky130_fd_sc_hd__or2_2)
     4    0.045577    0.300260    0.913910    4.748461 v _1104_/X (sky130_fd_sc_hd__or2_2)
                                                         _0278_ (net)
                      0.300265    0.001615    4.750076 v fanout107/A (sky130_fd_sc_hd__dlymetal6s2s_1)
    10    0.094646    0.850945    0.987188    5.737264 v fanout107/X (sky130_fd_sc_hd__dlymetal6s2s_1)
                                                         net107 (net)
                      0.850945    0.001809    5.739073 v _1105_/B1 (sky130_fd_sc_hd__a21o_2)
     1    0.002271    0.060021    0.630358    6.369431 v _1105_/X (sky130_fd_sc_hd__a21o_2)
                                                         _0279_ (net)
                      0.060021    0.000067    6.369497 v _1108_/B1 (sky130_fd_sc_hd__o2bb2a_2)
     1    0.005694    0.098544    0.539613    6.909110 v _1108_/X (sky130_fd_sc_hd__o2bb2a_2)
                                                         _0282_ (net)
                      0.098544    0.000191    6.909300 v _1109_/B1 (sky130_fd_sc_hd__o211ai_2)
     1    0.006356    0.257836    0.135584    7.044884 ^ _1109_/Y (sky130_fd_sc_hd__o211ai_2)
                                                         _0283_ (net)
                      0.257836    0.000266    7.045150 ^ _1110_/C1 (sky130_fd_sc_hd__a211o_2)
     2    0.012682    0.121736    0.299868    7.345018 ^ _1110_/X (sky130_fd_sc_hd__a211o_2)
                                                         net80 (net)
                      0.121736    0.000496    7.345515 ^ output80/A (sky130_fd_sc_hd__clkdlybuf4s25_1)
     1    0.035561    0.573241    0.848689    8.194203 ^ output80/X (sky130_fd_sc_hd__clkdlybuf4s25_1)
                                                         result[1] (net)
                      0.573241    0.000687    8.194890 ^ result[1] (out)
                                              8.194890   data arrival time

                      0.000000   10.000000   10.000000   clock __VIRTUAL_CLK__ (rise edge)
                                  0.000000   10.000000   clock network delay (ideal)
                                 -0.250000    9.750000   clock uncertainty
                                  0.000000    9.750000   clock reconvergence pessimism
                                 -2.000000    7.750000   output external delay
                                              7.750000   data required time
---------------------------------------------------------------------------------------------
                                              7.750000   data required time
                                             -8.194890   data arrival time
---------------------------------------------------------------------------------------------
                                             -0.444890   slack (VIOLATED)


Startpoint: control[0] (input port clocked by __VIRTUAL_CLK__)
Endpoint: result[3] (output port clocked by __VIRTUAL_CLK__)
Path Group: __VIRTUAL_CLK__
Path Type: max

Fanout         Cap        Slew       Delay        Time   Description
---------------------------------------------------------------------------------------------
                      0.000000    0.000000    0.000000   clock __VIRTUAL_CLK__ (rise edge)
                                  0.000000    0.000000   clock network delay (ideal)
                                  2.000000    2.000000 ^ input external delay
     1    0.003139    0.034501    0.017580    2.017580 ^ control[0] (in)
                                                         control[0] (net)
                      0.034501    0.000000    2.017580 ^ input65/A (sky130_fd_sc_hd__clkdlybuf4s25_1)
     5    0.020298    0.337354    0.641804    2.659384 ^ input65/X (sky130_fd_sc_hd__clkdlybuf4s25_1)
                                                         net65 (net)
                      0.337354    0.000891    2.660276 ^ fanout156/A (sky130_fd_sc_hd__buf_4)
    10    0.039597    0.188483    0.413311    3.073587 ^ fanout156/X (sky130_fd_sc_hd__buf_4)
                                                         net156 (net)
                      0.188483    0.000901    3.074488 ^ _0868_/A (sky130_fd_sc_hd__or2_2)
     5    0.022150    0.190937    0.344055    3.418543 ^ _0868_/X (sky130_fd_sc_hd__or2_2)
                                                         _0043_ (net)
                      0.190937    0.000159    3.418702 ^ _1104_/B (sky130_fd_sc_hd__or2_2)
     4    0.047090    0.383068    0.480314    3.899017 ^ _1104_/X (sky130_fd_sc_hd__or2_2)
                                                         _0278_ (net)
                      0.383069    0.001668    3.900684 ^ fanout107/A (sky130_fd_sc_hd__dlymetal6s2s_1)
    10    0.098672    1.451356    1.262483    5.163167 ^ fanout107/X (sky130_fd_sc_hd__dlymetal6s2s_1)
                                                         net107 (net)
                      1.451381    0.005110    5.168277 ^ _1152_/B1 (sky130_fd_sc_hd__a21oi_2)
     1    0.002958    0.244617    0.246153    5.414430 v _1152_/Y (sky130_fd_sc_hd__a21oi_2)
                                                         _0324_ (net)
                      0.244617    0.000087    5.414517 v _1153_/B1 (sky130_fd_sc_hd__o21a_2)
     1    0.002134    0.055346    0.284509    5.699026 v _1153_/X (sky130_fd_sc_hd__o21a_2)
                                                         _0325_ (net)
                      0.055346    0.000045    5.699071 v _1169_/A (sky130_fd_sc_hd__or4b_2)
     1    0.002901    0.213226    1.545793    7.244864 v _1169_/X (sky130_fd_sc_hd__or4b_2)
                                                         _0341_ (net)
                      0.213226    0.000088    7.244952 v _1170_/B1 (sky130_fd_sc_hd__a21o_2)
     2    0.006058    0.073386    0.414371    7.659323 v _1170_/X (sky130_fd_sc_hd__a21o_2)
                                                         net94 (net)
                      0.073386    0.000113    7.659436 v output94/A (sky130_fd_sc_hd__dlymetal6s2s_1)
     1    0.035771    0.343323    0.505926    8.165362 v output94/X (sky130_fd_sc_hd__dlymetal6s2s_1)
                                                         result[3] (net)
                      0.343323    0.000731    8.166093 v result[3] (out)
                                              8.166093   data arrival time

                      0.000000   10.000000   10.000000   clock __VIRTUAL_CLK__ (rise edge)
                                  0.000000   10.000000   clock network delay (ideal)
                                 -0.250000    9.750000   clock uncertainty
                                  0.000000    9.750000   clock reconvergence pessimism
                                 -2.000000    7.750000   output external delay
                                              7.750000   data required time
---------------------------------------------------------------------------------------------
                                              7.750000   data required time
                                             -8.166093   data arrival time
---------------------------------------------------------------------------------------------
                                             -0.416093   slack (VIOLATED)


Startpoint: B[1] (input port clocked by __VIRTUAL_CLK__)
Endpoint: result[20] (output port clocked by __VIRTUAL_CLK__)
Path Group: __VIRTUAL_CLK__
Path Type: max

Fanout         Cap        Slew       Delay        Time   Description
---------------------------------------------------------------------------------------------
                      0.000000    0.000000    0.000000   clock __VIRTUAL_CLK__ (rise edge)
                                  0.000000    0.000000   clock network delay (ideal)
                                  2.000000    2.000000 v input external delay
     1    0.008054    0.039415    0.025472    2.025472 v B[1] (in)
                                                         B[1] (net)
                      0.039416    0.000000    2.025472 v input44/A (sky130_fd_sc_hd__buf_8)
     3    0.020041    0.051609    0.207253    2.232724 v input44/X (sky130_fd_sc_hd__buf_8)
                                                         net44 (net)
                      0.051684    0.001037    2.233762 v fanout180/A (sky130_fd_sc_hd__buf_8)
     2    0.010941    0.042647    0.201959    2.435721 v fanout180/X (sky130_fd_sc_hd__buf_8)
                                                         net180 (net)
                      0.042647    0.000287    2.436008 v load_slew181/A (sky130_fd_sc_hd__buf_8)
     2    0.020097    0.051651    0.208701    2.644709 v load_slew181/X (sky130_fd_sc_hd__buf_8)
                                                         net181 (net)
                      0.051756    0.001352    2.646061 v fanout178/A (sky130_fd_sc_hd__buf_8)
     2    0.012186    0.043865    0.203525    2.849586 v fanout178/X (sky130_fd_sc_hd__buf_8)
                                                         net178 (net)
                      0.043865    0.000289    2.849875 v rebuffer525/A (sky130_fd_sc_hd__buf_8)
     2    0.018761    0.050330    0.207878    3.057753 v rebuffer525/X (sky130_fd_sc_hd__buf_8)
                                                         net525 (net)
                      0.050348    0.000524    3.058278 v _0958_/B (sky130_fd_sc_hd__xnor2_4)
     5    0.018214    0.293583    0.292767    3.351045 ^ _0958_/Y (sky130_fd_sc_hd__xnor2_4)
                                                         _0133_ (net)
                      0.293583    0.000408    3.351453 ^ _0960_/A1 (sky130_fd_sc_hd__a21o_4)
     2    0.009006    0.070004    0.318180    3.669632 ^ _0960_/X (sky130_fd_sc_hd__a21o_4)
                                                         _0135_ (net)
                      0.070004    0.000280    3.669913 ^ _0968_/A3 (sky130_fd_sc_hd__a31o_4)
     2    0.013992    0.107445    0.351391    4.021303 ^ _0968_/X (sky130_fd_sc_hd__a31o_4)
                                                         _0143_ (net)
                      0.107449    0.000792    4.022096 ^ _0983_/D_N (sky130_fd_sc_hd__or4b_4)
     2    0.009830    0.173272    0.968868    4.990964 v _0983_/X (sky130_fd_sc_hd__or4b_4)
                                                         _0158_ (net)
                      0.173272    0.000374    4.991338 v rebuffer218/A (sky130_fd_sc_hd__buf_6)
     2    0.012806    0.047254    0.263277    5.254615 v rebuffer218/X (sky130_fd_sc_hd__buf_6)
                                                         net218 (net)
                      0.047254    0.000503    5.255118 v _1017_/A2 (sky130_fd_sc_hd__a211o_4)
     2    0.018448    0.112780    0.626319    5.881437 v _1017_/X (sky130_fd_sc_hd__a211o_4)
                                                         _0192_ (net)
                      0.112910    0.001267    5.882703 v rebuffer381/A (sky130_fd_sc_hd__buf_6)
     3    0.014862    0.049952    0.237492    6.120195 v rebuffer381/X (sky130_fd_sc_hd__buf_6)
                                                         net381 (net)
                      0.049982    0.000409    6.120605 v _1050_/A1 (sky130_fd_sc_hd__a211o_4)
     2    0.025462    0.128589    0.636258    6.756862 v _1050_/X (sky130_fd_sc_hd__a211o_4)
                                                         _0225_ (net)
                      0.128598    0.001182    6.758045 v rebuffer287/A (sky130_fd_sc_hd__buf_8)
     4    0.030182    0.062703    0.261481    7.019526 v rebuffer287/X (sky130_fd_sc_hd__buf_8)
                                                         net287 (net)
                      0.062704    0.000514    7.020040 v _1477_/A (sky130_fd_sc_hd__nand2_2)
     2    0.011451    0.124347    0.124318    7.144358 ^ _1477_/Y (sky130_fd_sc_hd__nand2_2)
                                                         _0632_ (net)
                      0.124347    0.000203    7.144561 ^ _1478_/B (sky130_fd_sc_hd__xor2_2)
     1    0.005093    0.101873    0.141439    7.286000 v _1478_/X (sky130_fd_sc_hd__xor2_2)
                                                         _0633_ (net)
                      0.101873    0.000158    7.286159 v _1495_/A1 (sky130_fd_sc_hd__a211o_4)
     2    0.011475    0.094624    0.607030    7.893188 v _1495_/X (sky130_fd_sc_hd__a211o_4)
                                                         net81 (net)
                      0.094624    0.000250    7.893439 v output81/A (sky130_fd_sc_hd__buf_8)
     1    0.034563    0.067838    0.250679    8.144117 v output81/X (sky130_fd_sc_hd__buf_8)
                                                         result[20] (net)
                      0.067845    0.000748    8.144865 v result[20] (out)
                                              8.144865   data arrival time

                      0.000000   10.000000   10.000000   clock __VIRTUAL_CLK__ (rise edge)
                                  0.000000   10.000000   clock network delay (ideal)
                                 -0.250000    9.750000   clock uncertainty
                                  0.000000    9.750000   clock reconvergence pessimism
                                 -2.000000    7.750000   output external delay
                                              7.750000   data required time
---------------------------------------------------------------------------------------------
                                              7.750000   data required time
                                             -8.144865   data arrival time
---------------------------------------------------------------------------------------------
                                             -0.394865   slack (VIOLATED)


Startpoint: B[0] (input port clocked by __VIRTUAL_CLK__)
Endpoint: result[6] (output port clocked by __VIRTUAL_CLK__)
Path Group: __VIRTUAL_CLK__
Path Type: max

Fanout         Cap        Slew       Delay        Time   Description
---------------------------------------------------------------------------------------------
                      0.000000    0.000000    0.000000   clock __VIRTUAL_CLK__ (rise edge)
                                  0.000000    0.000000   clock network delay (ideal)
                                  2.000000    2.000000 v input external delay
     1    0.007725    0.038075    0.024474    2.024474 v B[0] (in)
                                                         B[0] (net)
                      0.038076    0.000000    2.024474 v input33/A (sky130_fd_sc_hd__buf_8)
     2    0.025993    0.058026    0.213992    2.238466 v input33/X (sky130_fd_sc_hd__buf_8)
                                                         net33 (net)
                      0.058040    0.000864    2.239330 v fanout192/A (sky130_fd_sc_hd__buf_8)
     2    0.019503    0.050984    0.215233    2.454563 v fanout192/X (sky130_fd_sc_hd__buf_8)
                                                         net192 (net)
                      0.051020    0.000785    2.455348 v fanout190/A (sky130_fd_sc_hd__buf_6)
     2    0.006945    0.039370    0.194429    2.649777 v fanout190/X (sky130_fd_sc_hd__buf_6)
                                                         net190 (net)
                      0.039370    0.000099    2.649876 v load_slew191/A (sky130_fd_sc_hd__buf_6)
     3    0.020480    0.058270    0.211881    2.861757 v load_slew191/X (sky130_fd_sc_hd__buf_6)
                                                         net191 (net)
                      0.058330    0.001669    2.863426 v fanout188/A (sky130_fd_sc_hd__buf_8)
     5    0.025516    0.057382    0.222731    3.086157 v fanout188/X (sky130_fd_sc_hd__buf_8)
                                                         net188 (net)
                      0.057388    0.000619    3.086776 v load_slew189/A (sky130_fd_sc_hd__buf_8)
     4    0.012591    0.044236    0.206587    3.293363 v load_slew189/X (sky130_fd_sc_hd__buf_8)
                                                         net189 (net)
                      0.044236    0.000329    3.293691 v rebuffer632/A (sky130_fd_sc_hd__buf_2)
     1    0.005329    0.054527    0.227253    3.520945 v rebuffer632/X (sky130_fd_sc_hd__buf_2)
                                                         net632 (net)
                      0.054527    0.000167    3.521112 v rebuffer230/A (sky130_fd_sc_hd__buf_6)
     2    0.009569    0.043216    0.200902    3.722014 v rebuffer230/X (sky130_fd_sc_hd__buf_6)
                                                         net230 (net)
                      0.043216    0.000260    3.722274 v _1112_/S0 (sky130_fd_sc_hd__mux4_2)
     2    0.014859    0.221283    1.048028    4.770302 v _1112_/X (sky130_fd_sc_hd__mux4_2)
                                                         _0285_ (net)
                      0.221283    0.000502    4.770804 v rebuffer233/A (sky130_fd_sc_hd__buf_6)
     1    0.010498    0.044361    0.282679    5.053483 v rebuffer233/X (sky130_fd_sc_hd__buf_6)
                                                         net233 (net)
                      0.044361    0.000501    5.053984 v _1223_/A0 (sky130_fd_sc_hd__mux2_4)
     2    0.006804    0.092011    0.496952    5.550936 v _1223_/X (sky130_fd_sc_hd__mux2_4)
                                                         _0392_ (net)
                      0.092011    0.000143    5.551079 v _1225_/A0 (sky130_fd_sc_hd__mux2_4)
     1    0.005268    0.086237    0.505000    6.056079 v _1225_/X (sky130_fd_sc_hd__mux2_4)
                                                         _0394_ (net)
                      0.086237    0.000165    6.056244 v _1228_/A1 (sky130_fd_sc_hd__a22o_4)
     2    0.020078    0.102934    0.492966    6.549210 v _1228_/X (sky130_fd_sc_hd__a22o_4)
                                                         _0397_ (net)
                      0.102943    0.001031    6.550241 v _1229_/A1 (sky130_fd_sc_hd__a211o_4)
     1    0.006312    0.081587    0.586948    7.137189 v _1229_/X (sky130_fd_sc_hd__a211o_4)
                                                         _0398_ (net)
                      0.081587    0.000230    7.137419 v _1230_/B1 (sky130_fd_sc_hd__a31o_4)
     1    0.005537    0.066081    0.375586    7.513006 v _1230_/X (sky130_fd_sc_hd__a31o_4)
                                                         _0399_ (net)
                      0.066081    0.000185    7.513190 v _1231_/B1 (sky130_fd_sc_hd__a21o_4)
     2    0.014927    0.084940    0.362232    7.875422 v _1231_/X (sky130_fd_sc_hd__a21o_4)
                                                         net97 (net)
                      0.084940    0.000743    7.876165 v output97/A (sky130_fd_sc_hd__buf_8)
     1    0.035435    0.068968    0.246901    8.123066 v output97/X (sky130_fd_sc_hd__buf_8)
                                                         result[6] (net)
                      0.068983    0.000990    8.124056 v result[6] (out)
                                              8.124056   data arrival time

                      0.000000   10.000000   10.000000   clock __VIRTUAL_CLK__ (rise edge)
                                  0.000000   10.000000   clock network delay (ideal)
                                 -0.250000    9.750000   clock uncertainty
                                  0.000000    9.750000   clock reconvergence pessimism
                                 -2.000000    7.750000   output external delay
                                              7.750000   data required time
---------------------------------------------------------------------------------------------
                                              7.750000   data required time
                                             -8.124056   data arrival time
---------------------------------------------------------------------------------------------
                                             -0.374056   slack (VIOLATED)


Startpoint: A[21] (input port clocked by __VIRTUAL_CLK__)
Endpoint: result[5] (output port clocked by __VIRTUAL_CLK__)
Path Group: __VIRTUAL_CLK__
Path Type: max

Fanout         Cap        Slew       Delay        Time   Description
---------------------------------------------------------------------------------------------
                      0.000000    0.000000    0.000000   clock __VIRTUAL_CLK__ (rise edge)
                                  0.000000    0.000000   clock network delay (ideal)
                                  2.000000    2.000000 v input external delay
     1    0.004286    0.024275    0.013930    2.013930 v A[21] (in)
                                                         A[21] (net)
                      0.024284    0.000000    2.013930 v input14/A (sky130_fd_sc_hd__clkdlybuf4s25_1)
     2    0.010924    0.172201    0.523162    2.537092 v input14/X (sky130_fd_sc_hd__clkdlybuf4s25_1)
                                                         net14 (net)
                      0.172201    0.000353    2.537446 v fanout211/A (sky130_fd_sc_hd__dlymetal6s2s_1)
    10    0.042565    0.399443    0.597366    3.134812 v fanout211/X (sky130_fd_sc_hd__dlymetal6s2s_1)
                                                         net211 (net)
                      0.399449    0.002236    3.137048 v _1070_/A0 (sky130_fd_sc_hd__mux4_2)
     2    0.015795    0.228005    1.266009    4.403057 v _1070_/X (sky130_fd_sc_hd__mux4_2)
                                                         _0244_ (net)
                      0.228005    0.000855    4.403912 v rebuffer216/A (sky130_fd_sc_hd__buf_2)
     2    0.005617    0.056018    0.316334    4.720246 v rebuffer216/X (sky130_fd_sc_hd__buf_2)
                                                         net216 (net)
                      0.056018    0.000069    4.720315 v _1193_/B (sky130_fd_sc_hd__or2_2)
     1    0.002591    0.109207    0.606341    5.326656 v _1193_/X (sky130_fd_sc_hd__or2_2)
                                                         _0363_ (net)
                      0.109207    0.000051    5.326707 v _1194_/B1 (sky130_fd_sc_hd__o211a_2)
     2    0.006641    0.088581    0.278306    5.605012 v _1194_/X (sky130_fd_sc_hd__o211a_2)
                                                         _0364_ (net)
                      0.088581    0.000119    5.605132 v _1196_/B1 (sky130_fd_sc_hd__a21o_2)
     1    0.002715    0.057006    0.339838    5.944970 v _1196_/X (sky130_fd_sc_hd__a21o_2)
                                                         _0366_ (net)
                      0.057006    0.000079    5.945049 v _1198_/A2 (sky130_fd_sc_hd__a22o_2)
     2    0.013239    0.115784    0.518852    6.463901 v _1198_/X (sky130_fd_sc_hd__a22o_2)
                                                         _0368_ (net)
                      0.115784    0.000423    6.464324 v _1206_/A2 (sky130_fd_sc_hd__a22o_2)
     1    0.013556    0.117530    0.547016    7.011340 v _1206_/X (sky130_fd_sc_hd__a22o_2)
                                                         _0376_ (net)
                      0.117535    0.000888    7.012228 v _1210_/B (sky130_fd_sc_hd__or3_4)
     2    0.009552    0.134234    0.759992    7.772221 v _1210_/X (sky130_fd_sc_hd__or3_4)
                                                         net96 (net)
                      0.134234    0.000312    7.772532 v output96/A (sky130_fd_sc_hd__buf_6)
     1    0.035381    0.077351    0.278958    8.051491 v output96/X (sky130_fd_sc_hd__buf_6)
                                                         result[5] (net)
                      0.077367    0.001053    8.052544 v result[5] (out)
                                              8.052544   data arrival time

                      0.000000   10.000000   10.000000   clock __VIRTUAL_CLK__ (rise edge)
                                  0.000000   10.000000   clock network delay (ideal)
                                 -0.250000    9.750000   clock uncertainty
                                  0.000000    9.750000   clock reconvergence pessimism
                                 -2.000000    7.750000   output external delay
                                              7.750000   data required time
---------------------------------------------------------------------------------------------
                                              7.750000   data required time
                                             -8.052544   data arrival time
---------------------------------------------------------------------------------------------
                                             -0.302544   slack (VIOLATED)


Startpoint: control[3] (input port clocked by __VIRTUAL_CLK__)
Endpoint: result[15] (output port clocked by __VIRTUAL_CLK__)
Path Group: __VIRTUAL_CLK__
Path Type: max

Fanout         Cap        Slew       Delay        Time   Description
---------------------------------------------------------------------------------------------
                      0.000000    0.000000    0.000000   clock __VIRTUAL_CLK__ (rise edge)
                                  0.000000    0.000000   clock network delay (ideal)
                                  2.000000    2.000000 ^ input external delay
     1    0.003560    0.037328    0.019801    2.019801 ^ control[3] (in)
                                                         control[3] (net)
                      0.037328    0.000000    2.019801 ^ input68/A (sky130_fd_sc_hd__clkdlybuf4s25_1)
     2    0.010194    0.182808    0.531153    2.550954 ^ input68/X (sky130_fd_sc_hd__clkdlybuf4s25_1)
                                                         net68 (net)
                      0.182808    0.000253    2.551208 ^ fanout154/A (sky130_fd_sc_hd__clkbuf_2)
    10    0.028101    0.244780    0.369687    2.920894 ^ fanout154/X (sky130_fd_sc_hd__clkbuf_2)
                                                         net154 (net)
                      0.244780    0.000587    2.921482 ^ _0864_/B (sky130_fd_sc_hd__or2_2)
     5    0.016930    0.153710    0.338048    3.259530 ^ _0864_/X (sky130_fd_sc_hd__or2_2)
                                                         _0039_ (net)
                      0.153710    0.000347    3.259877 ^ _0874_/A_N (sky130_fd_sc_hd__and3b_2)
     1    0.009721    0.102105    0.494821    3.754698 v _0874_/X (sky130_fd_sc_hd__and3b_2)
                                                         _0049_ (net)
                      0.102178    0.000477    3.755174 v fanout115/A (sky130_fd_sc_hd__clkdlybuf4s25_1)
     7    0.043489    0.582405    0.868865    4.624039 v fanout115/X (sky130_fd_sc_hd__clkdlybuf4s25_1)
                                                         net115 (net)
                      0.582405    0.000763    4.624802 v fanout114/A (sky130_fd_sc_hd__buf_2)
    10    0.051605    0.236553    0.641982    5.266784 v fanout114/X (sky130_fd_sc_hd__buf_2)
                                                         net114 (net)
                      0.236631    0.004091    5.270875 v _1394_/A1 (sky130_fd_sc_hd__a211o_2)
     1    0.008492    0.110446    0.668008    5.938883 v _1394_/X (sky130_fd_sc_hd__a211o_2)
                                                         _0554_ (net)
                      0.110446    0.000314    5.939197 v _1399_/C1 (sky130_fd_sc_hd__a221o_2)
     1    0.002953    0.088378    0.574872    6.514069 v _1399_/X (sky130_fd_sc_hd__a221o_2)
                                                         _0559_ (net)
                      0.088378    0.000086    6.514155 v _1400_/B1 (sky130_fd_sc_hd__a21o_2)
     1    0.007303    0.079244    0.371042    6.885197 v _1400_/X (sky130_fd_sc_hd__a21o_2)
                                                         _0560_ (net)
                      0.079244    0.000321    6.885518 v _1401_/B1 (sky130_fd_sc_hd__a31o_2)
     1    0.006110    0.079047    0.413221    7.298739 v _1401_/X (sky130_fd_sc_hd__a31o_2)
                                                         _0561_ (net)
                      0.079047    0.000245    7.298985 v _1402_/B1 (sky130_fd_sc_hd__a21o_2)
     2    0.011505    0.100099    0.388951    7.687935 v _1402_/X (sky130_fd_sc_hd__a21o_2)
                                                         net75 (net)
                      0.100099    0.000559    7.688494 v output75/A (sky130_fd_sc_hd__buf_4)
     1    0.034884    0.104244    0.320009    8.008503 v output75/X (sky130_fd_sc_hd__buf_4)
                                                         result[15] (net)
                      0.104247    0.000745    8.009248 v result[15] (out)
                                              8.009248   data arrival time

                      0.000000   10.000000   10.000000   clock __VIRTUAL_CLK__ (rise edge)
                                  0.000000   10.000000   clock network delay (ideal)
                                 -0.250000    9.750000   clock uncertainty
                                  0.000000    9.750000   clock reconvergence pessimism
                                 -2.000000    7.750000   output external delay
                                              7.750000   data required time
---------------------------------------------------------------------------------------------
                                              7.750000   data required time
                                             -8.009248   data arrival time
---------------------------------------------------------------------------------------------
                                             -0.259248   slack (VIOLATED)


Startpoint: B[0] (input port clocked by __VIRTUAL_CLK__)
Endpoint: result[13] (output port clocked by __VIRTUAL_CLK__)
Path Group: __VIRTUAL_CLK__
Path Type: max

Fanout         Cap        Slew       Delay        Time   Description
---------------------------------------------------------------------------------------------
                      0.000000    0.000000    0.000000   clock __VIRTUAL_CLK__ (rise edge)
                                  0.000000    0.000000   clock network delay (ideal)
                                  2.000000    2.000000 v input external delay
     1    0.007725    0.038075    0.024474    2.024474 v B[0] (in)
                                                         B[0] (net)
                      0.038076    0.000000    2.024474 v input33/A (sky130_fd_sc_hd__buf_8)
     2    0.025993    0.058026    0.213992    2.238466 v input33/X (sky130_fd_sc_hd__buf_8)
                                                         net33 (net)
                      0.058040    0.000864    2.239330 v fanout192/A (sky130_fd_sc_hd__buf_8)
     2    0.019503    0.050984    0.215233    2.454563 v fanout192/X (sky130_fd_sc_hd__buf_8)
                                                         net192 (net)
                      0.050984    0.000340    2.454903 v rebuffer522/A (sky130_fd_sc_hd__buf_2)
     2    0.010774    0.075502    0.253466    2.708369 v rebuffer522/X (sky130_fd_sc_hd__buf_2)
                                                         net522 (net)
                      0.075503    0.000382    2.708750 v fanout186/A (sky130_fd_sc_hd__buf_8)
     5    0.022996    0.054528    0.227615    2.936365 v fanout186/X (sky130_fd_sc_hd__buf_8)
                                                         net186 (net)
                      0.054531    0.000433    2.936798 v load_slew187/A (sky130_fd_sc_hd__buf_8)
     2    0.011904    0.043588    0.204400    3.141198 v load_slew187/X (sky130_fd_sc_hd__buf_8)
                                                         net187 (net)
                      0.043588    0.000487    3.141685 v fanout184/A (sky130_fd_sc_hd__buf_8)
     6    0.028290    0.060571    0.219492    3.361176 v fanout184/X (sky130_fd_sc_hd__buf_8)
                                                         net184 (net)
                      0.060571    0.000192    3.361369 v load_slew185/A (sky130_fd_sc_hd__buf_6)
     4    0.020137    0.057720    0.221317    3.582685 v load_slew185/X (sky130_fd_sc_hd__buf_6)
                                                         net185 (net)
                      0.057728    0.000720    3.583406 v _1087_/S0 (sky130_fd_sc_hd__mux4_2)
     2    0.013541    0.211394    1.041299    4.624705 v _1087_/X (sky130_fd_sc_hd__mux4_2)
                                                         _0261_ (net)
                      0.211394    0.000425    4.625131 v rebuffer222/A (sky130_fd_sc_hd__buf_2)
     2    0.005916    0.056985    0.309661    4.934792 v rebuffer222/X (sky130_fd_sc_hd__buf_2)
                                                         net222 (net)
                      0.056985    0.000178    4.934969 v _1357_/A2 (sky130_fd_sc_hd__mux4_2)
     1    0.003418    0.147749    1.010566    5.945536 v _1357_/X (sky130_fd_sc_hd__mux4_2)
                                                         _0519_ (net)
                      0.147749    0.000078    5.945613 v _1365_/A2 (sky130_fd_sc_hd__a221o_2)
     1    0.002691    0.086885    0.735876    6.681490 v _1365_/X (sky130_fd_sc_hd__a221o_2)
                                                         _0527_ (net)
                      0.086885    0.000078    6.681568 v _1366_/B1 (sky130_fd_sc_hd__a21o_2)
     1    0.020028    0.129339    0.433386    7.114953 v _1366_/X (sky130_fd_sc_hd__a21o_2)
                                                         _0528_ (net)
                      0.129340    0.000679    7.115632 v _1367_/C1 (sky130_fd_sc_hd__a211o_2)
     2    0.011614    0.126172    0.590354    7.705986 v _1367_/X (sky130_fd_sc_hd__a211o_2)
                                                         net73 (net)
                      0.126172    0.000301    7.706286 v output73/A (sky130_fd_sc_hd__buf_6)
     1    0.035414    0.077395    0.275086    7.981372 v output73/X (sky130_fd_sc_hd__buf_6)
                                                         result[13] (net)
                      0.077410    0.001030    7.982402 v result[13] (out)
                                              7.982402   data arrival time

                      0.000000   10.000000   10.000000   clock __VIRTUAL_CLK__ (rise edge)
                                  0.000000   10.000000   clock network delay (ideal)
                                 -0.250000    9.750000   clock uncertainty
                                  0.000000    9.750000   clock reconvergence pessimism
                                 -2.000000    7.750000   output external delay
                                              7.750000   data required time
---------------------------------------------------------------------------------------------
                                              7.750000   data required time
                                             -7.982402   data arrival time
---------------------------------------------------------------------------------------------
                                             -0.232403   slack (VIOLATED)


Startpoint: B[0] (input port clocked by __VIRTUAL_CLK__)
Endpoint: result[11] (output port clocked by __VIRTUAL_CLK__)
Path Group: __VIRTUAL_CLK__
Path Type: max

Fanout         Cap        Slew       Delay        Time   Description
---------------------------------------------------------------------------------------------
                      0.000000    0.000000    0.000000   clock __VIRTUAL_CLK__ (rise edge)
                                  0.000000    0.000000   clock network delay (ideal)
                                  2.000000    2.000000 v input external delay
     1    0.007725    0.038075    0.024474    2.024474 v B[0] (in)
                                                         B[0] (net)
                      0.038076    0.000000    2.024474 v input33/A (sky130_fd_sc_hd__buf_8)
     2    0.025993    0.058026    0.213992    2.238466 v input33/X (sky130_fd_sc_hd__buf_8)
                                                         net33 (net)
                      0.058040    0.000864    2.239330 v fanout192/A (sky130_fd_sc_hd__buf_8)
     2    0.019503    0.050984    0.215233    2.454563 v fanout192/X (sky130_fd_sc_hd__buf_8)
                                                         net192 (net)
                      0.051020    0.000785    2.455348 v fanout190/A (sky130_fd_sc_hd__buf_6)
     2    0.006945    0.039370    0.194429    2.649777 v fanout190/X (sky130_fd_sc_hd__buf_6)
                                                         net190 (net)
                      0.039370    0.000099    2.649876 v load_slew191/A (sky130_fd_sc_hd__buf_6)
     3    0.020480    0.058270    0.211881    2.861757 v load_slew191/X (sky130_fd_sc_hd__buf_6)
                                                         net191 (net)
                      0.058330    0.001669    2.863426 v fanout188/A (sky130_fd_sc_hd__buf_8)
     5    0.025516    0.057382    0.222731    3.086157 v fanout188/X (sky130_fd_sc_hd__buf_8)
                                                         net188 (net)
                      0.057388    0.000619    3.086776 v load_slew189/A (sky130_fd_sc_hd__buf_8)
     4    0.012591    0.044236    0.206587    3.293363 v load_slew189/X (sky130_fd_sc_hd__buf_8)
                                                         net189 (net)
                      0.044236    0.000260    3.293622 v rebuffer229/A (sky130_fd_sc_hd__buf_2)
     2    0.008984    0.068289    0.243011    3.536633 v rebuffer229/X (sky130_fd_sc_hd__buf_2)
                                                         net229 (net)
                      0.068289    0.000111    3.536745 v _1143_/S0 (sky130_fd_sc_hd__mux4_2)
     2    0.021378    0.250156    1.106201    4.642945 v _1143_/X (sky130_fd_sc_hd__mux4_2)
                                                         _0315_ (net)
                      0.250169    0.000490    4.643435 v rebuffer235/A (sky130_fd_sc_hd__buf_6)
     2    0.010512    0.044892    0.295829    4.939265 v rebuffer235/X (sky130_fd_sc_hd__buf_6)
                                                         net235 (net)
                      0.044892    0.000248    4.939513 v rebuffer444/A (sky130_fd_sc_hd__buf_2)
     2    0.012891    0.084380    0.259439    5.198951 v rebuffer444/X (sky130_fd_sc_hd__buf_2)
                                                         net444 (net)
                      0.084380    0.000285    5.199236 v rebuffer234/A (sky130_fd_sc_hd__buf_2)
     1    0.007914    0.064124    0.256993    5.456229 v rebuffer234/X (sky130_fd_sc_hd__buf_2)
                                                         net234 (net)
                      0.064125    0.000344    5.456572 v _1316_/A1 (sky130_fd_sc_hd__mux4_2)
     1    0.004226    0.152545    1.006148    6.462720 v _1316_/X (sky130_fd_sc_hd__mux4_2)
                                                         _0480_ (net)
                      0.152545    0.000143    6.462864 v _1324_/A2 (sky130_fd_sc_hd__a211o_2)
     1    0.006241    0.100586    0.672933    7.135797 v _1324_/X (sky130_fd_sc_hd__a211o_2)
                                                         _0488_ (net)
                      0.100944    0.000230    7.136026 v _1325_/C1 (sky130_fd_sc_hd__a211o_4)
     2    0.012467    0.096830    0.521200    7.657226 v _1325_/X (sky130_fd_sc_hd__a211o_4)
                                                         net71 (net)
                      0.096830    0.000471    7.657697 v output71/A (sky130_fd_sc_hd__buf_8)
     1    0.034642    0.067966    0.251786    7.909483 v output71/X (sky130_fd_sc_hd__buf_8)
                                                         result[11] (net)
                      0.067976    0.000843    7.910326 v result[11] (out)
                                              7.910326   data arrival time

                      0.000000   10.000000   10.000000   clock __VIRTUAL_CLK__ (rise edge)
                                  0.000000   10.000000   clock network delay (ideal)
                                 -0.250000    9.750000   clock uncertainty
                                  0.000000    9.750000   clock reconvergence pessimism
                                 -2.000000    7.750000   output external delay
                                              7.750000   data required time
---------------------------------------------------------------------------------------------
                                              7.750000   data required time
                                             -7.910326   data arrival time
---------------------------------------------------------------------------------------------
                                             -0.160326   slack (VIOLATED)


Startpoint: B[0] (input port clocked by __VIRTUAL_CLK__)
Endpoint: result[4] (output port clocked by __VIRTUAL_CLK__)
Path Group: __VIRTUAL_CLK__
Path Type: max

Fanout         Cap        Slew       Delay        Time   Description
---------------------------------------------------------------------------------------------
                      0.000000    0.000000    0.000000   clock __VIRTUAL_CLK__ (rise edge)
                                  0.000000    0.000000   clock network delay (ideal)
                                  2.000000    2.000000 v input external delay
     1    0.007725    0.038075    0.024474    2.024474 v B[0] (in)
                                                         B[0] (net)
                      0.038076    0.000000    2.024474 v input33/A (sky130_fd_sc_hd__buf_8)
     2    0.025993    0.058026    0.213992    2.238466 v input33/X (sky130_fd_sc_hd__buf_8)
                                                         net33 (net)
                      0.058040    0.000864    2.239330 v fanout192/A (sky130_fd_sc_hd__buf_8)
     2    0.019503    0.050984    0.215233    2.454563 v fanout192/X (sky130_fd_sc_hd__buf_8)
                                                         net192 (net)
                      0.051020    0.000785    2.455348 v fanout190/A (sky130_fd_sc_hd__buf_6)
     2    0.006945    0.039370    0.194429    2.649777 v fanout190/X (sky130_fd_sc_hd__buf_6)
                                                         net190 (net)
                      0.039370    0.000099    2.649876 v load_slew191/A (sky130_fd_sc_hd__buf_6)
     3    0.020480    0.058270    0.211881    2.861757 v load_slew191/X (sky130_fd_sc_hd__buf_6)
                                                         net191 (net)
                      0.058330    0.001669    2.863426 v fanout188/A (sky130_fd_sc_hd__buf_8)
     5    0.025516    0.057382    0.222731    3.086157 v fanout188/X (sky130_fd_sc_hd__buf_8)
                                                         net188 (net)
                      0.057388    0.000619    3.086776 v load_slew189/A (sky130_fd_sc_hd__buf_8)
     4    0.012591    0.044236    0.206587    3.293363 v load_slew189/X (sky130_fd_sc_hd__buf_8)
                                                         net189 (net)
                      0.044236    0.000261    3.293624 v rebuffer242/A (sky130_fd_sc_hd__buf_2)
     1    0.005388    0.054847    0.227649    3.521274 v rebuffer242/X (sky130_fd_sc_hd__buf_2)
                                                         net242 (net)
                      0.054847    0.000107    3.521380 v _0838_/S0 (sky130_fd_sc_hd__mux4_2)
     3    0.028539    0.280349    1.140404    4.661784 v _0838_/X (sky130_fd_sc_hd__mux4_2)
                                                         _0013_ (net)
                      0.280353    0.001588    4.663372 v _1174_/A0 (sky130_fd_sc_hd__mux2_4)
     2    0.006432    0.090389    0.585767    5.249139 v _1174_/X (sky130_fd_sc_hd__mux2_4)
                                                         _0345_ (net)
                      0.090389    0.000210    5.249348 v _1178_/A0 (sky130_fd_sc_hd__mux2_1)
     1    0.005380    0.136670    0.674889    5.924237 v _1178_/X (sky130_fd_sc_hd__mux2_1)
                                                         _0349_ (net)
                      0.136670    0.000159    5.924396 v _1180_/A2 (sky130_fd_sc_hd__a22o_4)
     2    0.021116    0.105769    0.538180    6.462576 v _1180_/X (sky130_fd_sc_hd__a22o_4)
                                                         _0351_ (net)
                      0.105772    0.000655    6.463232 v _1189_/A2 (sky130_fd_sc_hd__a211o_2)
     1    0.005801    0.099147    0.651272    7.114504 v _1189_/X (sky130_fd_sc_hd__a211o_2)
                                                         _0360_ (net)
                      0.099147    0.000215    7.114719 v _1190_/B1 (sky130_fd_sc_hd__a31o_2)
     2    0.006620    0.080957    0.424029    7.538749 v _1190_/X (sky130_fd_sc_hd__a31o_2)
                                                         net95 (net)
                      0.080957    0.000156    7.538905 v output95/A (sky130_fd_sc_hd__clkbuf_2)
     1    0.034684    0.243645    0.344004    7.882909 v output95/X (sky130_fd_sc_hd__clkbuf_2)
                                                         result[4] (net)
                      0.243645    0.000683    7.883592 v result[4] (out)
                                              7.883592   data arrival time

                      0.000000   10.000000   10.000000   clock __VIRTUAL_CLK__ (rise edge)
                                  0.000000   10.000000   clock network delay (ideal)
                                 -0.250000    9.750000   clock uncertainty
                                  0.000000    9.750000   clock reconvergence pessimism
                                 -2.000000    7.750000   output external delay
                                              7.750000   data required time
---------------------------------------------------------------------------------------------
                                              7.750000   data required time
                                             -7.883592   data arrival time
---------------------------------------------------------------------------------------------
                                             -0.133592   slack (VIOLATED)


Startpoint: B[0] (input port clocked by __VIRTUAL_CLK__)
Endpoint: result[8] (output port clocked by __VIRTUAL_CLK__)
Path Group: __VIRTUAL_CLK__
Path Type: max

Fanout         Cap        Slew       Delay        Time   Description
---------------------------------------------------------------------------------------------
                      0.000000    0.000000    0.000000   clock __VIRTUAL_CLK__ (rise edge)
                                  0.000000    0.000000   clock network delay (ideal)
                                  2.000000    2.000000 ^ input external delay
     1    0.008326    0.069707    0.044101    2.044101 ^ B[0] (in)
                                                         B[0] (net)
                      0.069707    0.000000    2.044101 ^ input33/A (sky130_fd_sc_hd__buf_8)
     2    0.026973    0.087566    0.190926    2.235027 ^ input33/X (sky130_fd_sc_hd__buf_8)
                                                         net33 (net)
                      0.087571    0.000760    2.235787 ^ fanout199/A (sky130_fd_sc_hd__buf_6)
     5    0.026775    0.102263    0.214027    2.449814 ^ fanout199/X (sky130_fd_sc_hd__buf_6)
                                                         net199 (net)
                      0.102263    0.000405    2.450219 ^ fanout196/A (sky130_fd_sc_hd__buf_4)
     5    0.027229    0.136245    0.273767    2.723986 ^ fanout196/X (sky130_fd_sc_hd__buf_4)
                                                         net196 (net)
                      0.136254    0.001235    2.725221 ^ fanout193/A (sky130_fd_sc_hd__buf_6)
     5    0.023673    0.093384    0.228713    2.953934 ^ fanout193/X (sky130_fd_sc_hd__buf_6)
                                                         net193 (net)
                      0.093384    0.000363    2.954297 ^ load_slew194/A (sky130_fd_sc_hd__buf_6)
     6    0.038126    0.134119    0.241375    3.195672 ^ load_slew194/X (sky130_fd_sc_hd__buf_6)
                                                         net194 (net)
                      0.134132    0.001374    3.197047 ^ _1264_/S0 (sky130_fd_sc_hd__mux4_2)
     2    0.014031    0.214891    1.216537    4.413583 v _1264_/X (sky130_fd_sc_hd__mux4_2)
                                                         _0431_ (net)
                      0.214891    0.000662    4.414246 v _1265_/A1 (sky130_fd_sc_hd__mux2_1)
     2    0.013458    0.205768    0.838693    5.252939 v _1265_/X (sky130_fd_sc_hd__mux2_1)
                                                         _0432_ (net)
                      0.205768    0.000190    5.253129 v _1267_/A2 (sky130_fd_sc_hd__o211a_2)
     2    0.008750    0.096828    0.539640    5.792768 v _1267_/X (sky130_fd_sc_hd__o211a_2)
                                                         _0434_ (net)
                      0.096828    0.000047    5.792816 v _1268_/B1 (sky130_fd_sc_hd__a31o_2)
     1    0.006765    0.081542    0.423850    6.216666 v _1268_/X (sky130_fd_sc_hd__a31o_2)
                                                         _0435_ (net)
                      0.081542    0.000258    6.216924 v _1269_/B1 (sky130_fd_sc_hd__a21oi_2)
     1    0.009099    0.230953    0.242106    6.459030 ^ _1269_/Y (sky130_fd_sc_hd__a21oi_2)
                                                         _0436_ (net)
                      0.230953    0.000418    6.459448 ^ _1270_/B (sky130_fd_sc_hd__nor2_2)
     1    0.004585    0.072623    0.119158    6.578606 v _1270_/Y (sky130_fd_sc_hd__nor2_2)
                                                         _0437_ (net)
                      0.072623    0.000159    6.578765 v _1271_/C (sky130_fd_sc_hd__or4b_4)
     2    0.012148    0.179871    1.007245    7.586010 v _1271_/X (sky130_fd_sc_hd__or4b_4)
                                                         net99 (net)
                      0.179871    0.000451    7.586461 v output99/A (sky130_fd_sc_hd__buf_8)
     1    0.035869    0.069532    0.293348    7.879809 v output99/X (sky130_fd_sc_hd__buf_8)
                                                         result[8] (net)
                      0.069549    0.001059    7.880868 v result[8] (out)
                                              7.880868   data arrival time

                      0.000000   10.000000   10.000000   clock __VIRTUAL_CLK__ (rise edge)
                                  0.000000   10.000000   clock network delay (ideal)
                                 -0.250000    9.750000   clock uncertainty
                                  0.000000    9.750000   clock reconvergence pessimism
                                 -2.000000    7.750000   output external delay
                                              7.750000   data required time
---------------------------------------------------------------------------------------------
                                              7.750000   data required time
                                             -7.880868   data arrival time
---------------------------------------------------------------------------------------------
                                             -0.130868   slack (VIOLATED)


Startpoint: B[0] (input port clocked by __VIRTUAL_CLK__)
Endpoint: result[14] (output port clocked by __VIRTUAL_CLK__)
Path Group: __VIRTUAL_CLK__
Path Type: max

Fanout         Cap        Slew       Delay        Time   Description
---------------------------------------------------------------------------------------------
                      0.000000    0.000000    0.000000   clock __VIRTUAL_CLK__ (rise edge)
                                  0.000000    0.000000   clock network delay (ideal)
                                  2.000000    2.000000 v input external delay
     1    0.007725    0.038075    0.024474    2.024474 v B[0] (in)
                                                         B[0] (net)
                      0.038076    0.000000    2.024474 v input33/A (sky130_fd_sc_hd__buf_8)
     2    0.025993    0.058026    0.213992    2.238466 v input33/X (sky130_fd_sc_hd__buf_8)
                                                         net33 (net)
                      0.058040    0.000864    2.239330 v fanout192/A (sky130_fd_sc_hd__buf_8)
     2    0.019503    0.050984    0.215233    2.454563 v fanout192/X (sky130_fd_sc_hd__buf_8)
                                                         net192 (net)
                      0.050984    0.000340    2.454903 v rebuffer522/A (sky130_fd_sc_hd__buf_2)
     2    0.010774    0.075502    0.253466    2.708369 v rebuffer522/X (sky130_fd_sc_hd__buf_2)
                                                         net522 (net)
                      0.075503    0.000382    2.708750 v fanout186/A (sky130_fd_sc_hd__buf_8)
     5    0.022996    0.054528    0.227615    2.936365 v fanout186/X (sky130_fd_sc_hd__buf_8)
                                                         net186 (net)
                      0.054531    0.000433    2.936798 v load_slew187/A (sky130_fd_sc_hd__buf_8)
     2    0.011904    0.043588    0.204400    3.141198 v load_slew187/X (sky130_fd_sc_hd__buf_8)
                                                         net187 (net)
                      0.043588    0.000487    3.141685 v fanout184/A (sky130_fd_sc_hd__buf_8)
     6    0.028290    0.060571    0.219492    3.361176 v fanout184/X (sky130_fd_sc_hd__buf_8)
                                                         net184 (net)
                      0.060571    0.000192    3.361369 v load_slew185/A (sky130_fd_sc_hd__buf_6)
     4    0.020137    0.057720    0.221317    3.582685 v load_slew185/X (sky130_fd_sc_hd__buf_6)
                                                         net185 (net)
                      0.057723    0.000520    3.583206 v _1375_/S (sky130_fd_sc_hd__mux2_1)
     2    0.004853    0.132777    0.714632    4.297838 v _1375_/X (sky130_fd_sc_hd__mux2_1)
                                                         _0536_ (net)
                      0.132777    0.000112    4.297950 v _1376_/A1 (sky130_fd_sc_hd__mux2_1)
     2    0.006242    0.143595    0.723585    5.021535 v _1376_/X (sky130_fd_sc_hd__mux2_1)
                                                         _0537_ (net)
                      0.143595    0.000151    5.021686 v _1377_/A1 (sky130_fd_sc_hd__mux2_1)
     2    0.009283    0.171616    0.762743    5.784428 v _1377_/X (sky130_fd_sc_hd__mux2_1)
                                                         _0538_ (net)
                      0.171616    0.000350    5.784778 v _1378_/A1 (sky130_fd_sc_hd__mux2_1)
     2    0.021028    0.264342    0.881500    6.666278 v _1378_/X (sky130_fd_sc_hd__mux2_1)
                                                         _0539_ (net)
                      0.264342    0.000911    6.667190 v _1384_/A2 (sky130_fd_sc_hd__a21oi_2)
     1    0.003250    0.139554    0.293235    6.960425 ^ _1384_/Y (sky130_fd_sc_hd__a21oi_2)
                                                         _0545_ (net)
                      0.139554    0.000097    6.960522 ^ _1385_/C1 (sky130_fd_sc_hd__o211a_2)
     1    0.005359    0.100135    0.392952    7.353475 ^ _1385_/X (sky130_fd_sc_hd__o211a_2)
                                                         _0546_ (net)
                      0.100135    0.000167    7.353642 ^ _1386_/B1 (sky130_fd_sc_hd__o21ai_2)
     2    0.009217    0.152472    0.142846    7.496488 v _1386_/Y (sky130_fd_sc_hd__o21ai_2)
                                                         net74 (net)
                      0.152472    0.000420    7.496908 v output74/A (sky130_fd_sc_hd__clkbuf_2)
     1    0.035546    0.249495    0.381741    7.878649 v output74/X (sky130_fd_sc_hd__clkbuf_2)
                                                         result[14] (net)
                      0.249497    0.001017    7.879666 v result[14] (out)
                                              7.879666   data arrival time

                      0.000000   10.000000   10.000000   clock __VIRTUAL_CLK__ (rise edge)
                                  0.000000   10.000000   clock network delay (ideal)
                                 -0.250000    9.750000   clock uncertainty
                                  0.000000    9.750000   clock reconvergence pessimism
                                 -2.000000    7.750000   output external delay
                                              7.750000   data required time
---------------------------------------------------------------------------------------------
                                              7.750000   data required time
                                             -7.879666   data arrival time
---------------------------------------------------------------------------------------------
                                             -0.129666   slack (VIOLATED)



