
===========================================================================
report_checks -path_delay min (Hold)
============================================================================
======================= nom_ss_100C_1v60 Corner ===================================

Startpoint: A[4] (input port clocked by __VIRTUAL_CLK__)
Endpoint: result[4] (output port clocked by __VIRTUAL_CLK__)
Path Group: __VIRTUAL_CLK__
Path Type: min

Fanout         Cap        Slew       Delay        Time   Description
---------------------------------------------------------------------------------------------
                      0.000000    0.000000    0.000000   clock __VIRTUAL_CLK__ (rise edge)
                                  0.000000    0.000000   clock network delay (ideal)
                                  2.000000    2.000000 ^ input external delay
     1    0.006939    0.060294    0.037221    2.037221 ^ A[4] (in)
                                                         A[4] (net)
                      0.060294    0.000000    2.037221 ^ input27/A (sky130_fd_sc_hd__buf_6)
     2    0.013917    0.065521    0.170711    2.207932 ^ input27/X (sky130_fd_sc_hd__buf_6)
                                                         net27 (net)
                      0.065524    0.000522    2.208454 ^ _1186_/A2 (sky130_fd_sc_hd__a31o_2)
     1    0.003384    0.058933    0.312289    2.520743 ^ _1186_/X (sky130_fd_sc_hd__a31o_2)
                                                         _0357_ (net)
                      0.058933    0.000074    2.520818 ^ _1189_/B1 (sky130_fd_sc_hd__a211o_2)
     1    0.006082    0.065912    0.179359    2.700176 ^ _1189_/X (sky130_fd_sc_hd__a211o_2)
                                                         _0360_ (net)
                      0.065912    0.000228    2.700404 ^ _1190_/B1 (sky130_fd_sc_hd__a31o_2)
     2    0.007169    0.088226    0.194455    2.894859 ^ _1190_/X (sky130_fd_sc_hd__a31o_2)
                                                         net95 (net)
                      0.088226    0.000169    2.895027 ^ output95/A (sky130_fd_sc_hd__clkbuf_2)
     1    0.034684    0.297885    0.363583    3.258610 ^ output95/X (sky130_fd_sc_hd__clkbuf_2)
                                                         result[4] (net)
                      0.297885    0.000683    3.259293 ^ result[4] (out)
                                              3.259293   data arrival time

                      0.000000    0.000000    0.000000   clock __VIRTUAL_CLK__ (rise edge)
                                  0.000000    0.000000   clock network delay (ideal)
                                  0.250000    0.250000   clock uncertainty
                                  0.000000    0.250000   clock reconvergence pessimism
                                 -2.000000   -1.750000   output external delay
                                             -1.750000   data required time
---------------------------------------------------------------------------------------------
                                             -1.750000   data required time
                                             -3.259293   data arrival time
---------------------------------------------------------------------------------------------
                                              5.009293   slack (MET)


Startpoint: A[5] (input port clocked by __VIRTUAL_CLK__)
Endpoint: result[6] (output port clocked by __VIRTUAL_CLK__)
Path Group: __VIRTUAL_CLK__
Path Type: min

Fanout         Cap        Slew       Delay        Time   Description
---------------------------------------------------------------------------------------------
                      0.000000    0.000000    0.000000   clock __VIRTUAL_CLK__ (rise edge)
                                  0.000000    0.000000   clock network delay (ideal)
                                  2.000000    2.000000 ^ input external delay
     1    0.004450    0.043405    0.024506    2.024506 ^ A[5] (in)
                                                         A[5] (net)
                      0.043419    0.000000    2.024506 ^ input28/A (sky130_fd_sc_hd__clkbuf_2)
     3    0.018288    0.165400    0.249963    2.274470 ^ input28/X (sky130_fd_sc_hd__clkbuf_2)
                                                         net28 (net)
                      0.165400    0.000467    2.274937 ^ _0985_/B (sky130_fd_sc_hd__and2b_2)
     1    0.005411    0.081980    0.320461    2.595398 ^ _0985_/X (sky130_fd_sc_hd__and2b_2)
                                                         _0160_ (net)
                      0.081980    0.000170    2.595568 ^ _0987_/B1 (sky130_fd_sc_hd__a21oi_2)
     3    0.015348    0.076100    0.098808    2.694376 v _0987_/Y (sky130_fd_sc_hd__a21oi_2)
                                                         _0162_ (net)
                      0.076136    0.000578    2.694954 v _1215_/C (sky130_fd_sc_hd__nand3_2)
     1    0.005408    0.071448    0.117500    2.812454 ^ _1215_/Y (sky130_fd_sc_hd__nand3_2)
                                                         _0384_ (net)
                      0.071448    0.000155    2.812609 ^ _1230_/A3 (sky130_fd_sc_hd__a31o_4)
     1    0.006082    0.058863    0.317607    3.130216 ^ _1230_/X (sky130_fd_sc_hd__a31o_4)
                                                         _0399_ (net)
                      0.058863    0.000203    3.130419 ^ _1231_/B1 (sky130_fd_sc_hd__a21o_4)
     2    0.015756    0.085568    0.173866    3.304285 ^ _1231_/X (sky130_fd_sc_hd__a21o_4)
                                                         net97 (net)
                      0.085573    0.000788    3.305073 ^ output97/A (sky130_fd_sc_hd__buf_8)
     1    0.035435    0.107228    0.213487    3.518560 ^ output97/X (sky130_fd_sc_hd__buf_8)
                                                         result[6] (net)
                      0.107236    0.000991    3.519551 ^ result[6] (out)
                                              3.519551   data arrival time

                      0.000000    0.000000    0.000000   clock __VIRTUAL_CLK__ (rise edge)
                                  0.000000    0.000000   clock network delay (ideal)
                                  0.250000    0.250000   clock uncertainty
                                  0.000000    0.250000   clock reconvergence pessimism
                                 -2.000000   -1.750000   output external delay
                                             -1.750000   data required time
---------------------------------------------------------------------------------------------
                                             -1.750000   data required time
                                             -3.519551   data arrival time
---------------------------------------------------------------------------------------------
                                              5.269550   slack (MET)


Startpoint: control[2] (input port clocked by __VIRTUAL_CLK__)
Endpoint: result[0] (output port clocked by __VIRTUAL_CLK__)
Path Group: __VIRTUAL_CLK__
Path Type: min

Fanout         Cap        Slew       Delay        Time   Description
---------------------------------------------------------------------------------------------
                      0.000000    0.000000    0.000000   clock __VIRTUAL_CLK__ (rise edge)
                                  0.000000    0.000000   clock network delay (ideal)
                                  2.000000    2.000000 v input external delay
     1    0.003559    0.021401    0.011626    2.011626 v control[2] (in)
                                                         control[2] (net)
                      0.021401    0.000000    2.011626 v input67/A (sky130_fd_sc_hd__clkdlybuf4s25_1)
     7    0.024485    0.340410    0.652434    2.664060 v input67/X (sky130_fd_sc_hd__clkdlybuf4s25_1)
                                                         net67 (net)
                      0.340411    0.001239    2.665299 v _0837_/A (sky130_fd_sc_hd__inv_2)
     5    0.016854    0.167412    0.255543    2.920842 ^ _0837_/Y (sky130_fd_sc_hd__inv_2)
                                                         _0012_ (net)
                      0.167412    0.000327    2.921170 ^ _1068_/A1 (sky130_fd_sc_hd__a31o_4)
     2    0.018422    0.110861    0.377616    3.298786 ^ _1068_/X (sky130_fd_sc_hd__a31o_4)
                                                         net69 (net)
                      0.110862    0.000623    3.299409 ^ output69/A (sky130_fd_sc_hd__buf_6)
     1    0.035154    0.125456    0.243002    3.542411 ^ output69/X (sky130_fd_sc_hd__buf_6)
                                                         result[0] (net)
                      0.125461    0.001010    3.543421 ^ result[0] (out)
                                              3.543421   data arrival time

                      0.000000    0.000000    0.000000   clock __VIRTUAL_CLK__ (rise edge)
                                  0.000000    0.000000   clock network delay (ideal)
                                  0.250000    0.250000   clock uncertainty
                                  0.000000    0.250000   clock reconvergence pessimism
                                 -2.000000   -1.750000   output external delay
                                             -1.750000   data required time
---------------------------------------------------------------------------------------------
                                             -1.750000   data required time
                                             -3.543421   data arrival time
---------------------------------------------------------------------------------------------
                                              5.293421   slack (MET)


Startpoint: B[18] (input port clocked by __VIRTUAL_CLK__)
Endpoint: result[18] (output port clocked by __VIRTUAL_CLK__)
Path Group: __VIRTUAL_CLK__
Path Type: min

Fanout         Cap        Slew       Delay        Time   Description
---------------------------------------------------------------------------------------------
                      0.000000    0.000000    0.000000   clock __VIRTUAL_CLK__ (rise edge)
                                  0.000000    0.000000   clock network delay (ideal)
                                  2.000000    2.000000 ^ input external delay
     1    0.003682    0.038158    0.020457    2.020458 ^ B[18] (in)
                                                         B[18] (net)
                      0.038158    0.000000    2.020458 ^ input42/A (sky130_fd_sc_hd__clkdlybuf4s25_1)
     3    0.009690    0.175178    0.525870    2.546327 ^ input42/X (sky130_fd_sc_hd__clkdlybuf4s25_1)
                                                         net42 (net)
                      0.175178    0.000287    2.546614 ^ _1042_/A (sky130_fd_sc_hd__nand2_2)
     5    0.020337    0.185536    0.226742    2.773356 v _1042_/Y (sky130_fd_sc_hd__nand2_2)
                                                         _0217_ (net)
                      0.185536    0.000735    2.774091 v _1452_/B (sky130_fd_sc_hd__nor2_2)
     1    0.002755    0.110379    0.164811    2.938902 ^ _1452_/Y (sky130_fd_sc_hd__nor2_2)
                                                         _0609_ (net)
                      0.110379    0.000054    2.938956 ^ _1454_/B1 (sky130_fd_sc_hd__a211o_2)
     1    0.003922    0.052118    0.188836    3.127792 ^ _1454_/X (sky130_fd_sc_hd__a211o_2)
                                                         _0611_ (net)
                      0.052118    0.000122    3.127914 ^ _1461_/B (sky130_fd_sc_hd__or4_4)
     2    0.016051    0.099100    0.243163    3.371077 ^ _1461_/X (sky130_fd_sc_hd__or4_4)
                                                         net78 (net)
                      0.099105    0.000863    3.371941 ^ output78/A (sky130_fd_sc_hd__buf_8)
     1    0.034742    0.105639    0.218353    3.590293 ^ output78/X (sky130_fd_sc_hd__buf_8)
                                                         result[18] (net)
                      0.105644    0.000828    3.591121 ^ result[18] (out)
                                              3.591121   data arrival time

                      0.000000    0.000000    0.000000   clock __VIRTUAL_CLK__ (rise edge)
                                  0.000000    0.000000   clock network delay (ideal)
                                  0.250000    0.250000   clock uncertainty
                                  0.000000    0.250000   clock reconvergence pessimism
                                 -2.000000   -1.750000   output external delay
                                             -1.750000   data required time
---------------------------------------------------------------------------------------------
                                             -1.750000   data required time
                                             -3.591121   data arrival time
---------------------------------------------------------------------------------------------
                                              5.341121   slack (MET)


Startpoint: B[10] (input port clocked by __VIRTUAL_CLK__)
Endpoint: result[11] (output port clocked by __VIRTUAL_CLK__)
Path Group: __VIRTUAL_CLK__
Path Type: min

Fanout         Cap        Slew       Delay        Time   Description
---------------------------------------------------------------------------------------------
                      0.000000    0.000000    0.000000   clock __VIRTUAL_CLK__ (rise edge)
                                  0.000000    0.000000   clock network delay (ideal)
                                  2.000000    2.000000 v input external delay
     1    0.004193    0.023906    0.013639    2.013639 v B[10] (in)
                                                         B[10] (net)
                      0.023915    0.000000    2.013639 v input34/A (sky130_fd_sc_hd__clkdlybuf4s25_1)
     4    0.019169    0.272833    0.603298    2.616936 v input34/X (sky130_fd_sc_hd__clkdlybuf4s25_1)
                                                         net34 (net)
                      0.272833    0.000514    2.617450 v _1006_/A (sky130_fd_sc_hd__nand2_2)
     4    0.016200    0.162197    0.248089    2.865540 ^ _1006_/Y (sky130_fd_sc_hd__nand2_2)
                                                         _0181_ (net)
                      0.162197    0.000199    2.865738 ^ _1310_/A1 (sky130_fd_sc_hd__a21oi_2)
     1    0.005513    0.065336    0.145348    3.011086 v _1310_/Y (sky130_fd_sc_hd__a21oi_2)
                                                         _0474_ (net)
                      0.065336    0.000183    3.011268 v _1312_/A (sky130_fd_sc_hd__nor2_2)
     1    0.005517    0.142364    0.188352    3.199620 ^ _1312_/Y (sky130_fd_sc_hd__nor2_2)
                                                         _0476_ (net)
                      0.142364    0.000162    3.199782 ^ _1325_/B1 (sky130_fd_sc_hd__a211o_4)
     2    0.013187    0.069794    0.207170    3.406952 ^ _1325_/X (sky130_fd_sc_hd__a211o_4)
                                                         net71 (net)
                      0.069796    0.000500    3.407453 ^ output71/A (sky130_fd_sc_hd__buf_8)
     1    0.034642    0.105354    0.205052    3.612505 ^ output71/X (sky130_fd_sc_hd__buf_8)
                                                         result[11] (net)
                      0.105358    0.000843    3.613348 ^ result[11] (out)
                                              3.613348   data arrival time

                      0.000000    0.000000    0.000000   clock __VIRTUAL_CLK__ (rise edge)
                                  0.000000    0.000000   clock network delay (ideal)
                                  0.250000    0.250000   clock uncertainty
                                  0.000000    0.250000   clock reconvergence pessimism
                                 -2.000000   -1.750000   output external delay
                                             -1.750000   data required time
---------------------------------------------------------------------------------------------
                                             -1.750000   data required time
                                             -3.613348   data arrival time
---------------------------------------------------------------------------------------------
                                              5.363348   slack (MET)


Startpoint: B[3] (input port clocked by __VIRTUAL_CLK__)
Endpoint: result[7] (output port clocked by __VIRTUAL_CLK__)
Path Group: __VIRTUAL_CLK__
Path Type: min

Fanout         Cap        Slew       Delay        Time   Description
---------------------------------------------------------------------------------------------
                      0.000000    0.000000    0.000000   clock __VIRTUAL_CLK__ (rise edge)
                                  0.000000    0.000000   clock network delay (ideal)
                                  2.000000    2.000000 ^ input external delay
     1    0.004155    0.041382    0.022944    2.022944 ^ B[3] (in)
                                                         B[3] (net)
                      0.041382    0.000000    2.022944 ^ input58/A (sky130_fd_sc_hd__clkbuf_4)
     9    0.053916    0.265606    0.377069    2.400012 ^ input58/X (sky130_fd_sc_hd__clkbuf_4)
                                                         net58 (net)
                      0.265808    0.004476    2.404488 ^ _1248_/A1 (sky130_fd_sc_hd__o221a_2)
     1    0.012984    0.157966    0.561658    2.966146 ^ _1248_/X (sky130_fd_sc_hd__o221a_2)
                                                         _0416_ (net)
                      0.157968    0.000829    2.966974 ^ _1249_/C (sky130_fd_sc_hd__or3_2)
     1    0.003370    0.051848    0.223350    3.190325 ^ _1249_/X (sky130_fd_sc_hd__or3_2)
                                                         _0417_ (net)
                      0.051848    0.000074    3.190398 ^ _1250_/C (sky130_fd_sc_hd__or3_4)
     2    0.012095    0.082922    0.220066    3.410464 ^ _1250_/X (sky130_fd_sc_hd__or3_4)
                                                         net98 (net)
                      0.082923    0.000457    3.410921 ^ output98/A (sky130_fd_sc_hd__buf_6)
     1    0.035944    0.127693    0.231921    3.642843 ^ output98/X (sky130_fd_sc_hd__buf_6)
                                                         result[7] (net)
                      0.127701    0.001128    3.643970 ^ result[7] (out)
                                              3.643970   data arrival time

                      0.000000    0.000000    0.000000   clock __VIRTUAL_CLK__ (rise edge)
                                  0.000000    0.000000   clock network delay (ideal)
                                  0.250000    0.250000   clock uncertainty
                                  0.000000    0.250000   clock reconvergence pessimism
                                 -2.000000   -1.750000   output external delay
                                             -1.750000   data required time
---------------------------------------------------------------------------------------------
                                             -1.750000   data required time
                                             -3.643970   data arrival time
---------------------------------------------------------------------------------------------
                                              5.393970   slack (MET)


Startpoint: A[5] (input port clocked by __VIRTUAL_CLK__)
Endpoint: result[5] (output port clocked by __VIRTUAL_CLK__)
Path Group: __VIRTUAL_CLK__
Path Type: min

Fanout         Cap        Slew       Delay        Time   Description
---------------------------------------------------------------------------------------------
                      0.000000    0.000000    0.000000   clock __VIRTUAL_CLK__ (rise edge)
                                  0.000000    0.000000   clock network delay (ideal)
                                  2.000000    2.000000 ^ input external delay
     1    0.004450    0.043405    0.024506    2.024506 ^ A[5] (in)
                                                         A[5] (net)
                      0.043419    0.000000    2.024506 ^ input28/A (sky130_fd_sc_hd__clkbuf_2)
     3    0.018288    0.165400    0.249963    2.274470 ^ input28/X (sky130_fd_sc_hd__clkbuf_2)
                                                         net28 (net)
                      0.165400    0.000734    2.275204 ^ fanout205/A (sky130_fd_sc_hd__buf_6)
     2    0.018688    0.079247    0.229856    2.505060 ^ fanout205/X (sky130_fd_sc_hd__buf_6)
                                                         net205 (net)
                      0.079249    0.000491    2.505551 ^ _0952_/B (sky130_fd_sc_hd__xnor2_4)
     3    0.019329    0.119203    0.163406    2.668957 v _0952_/Y (sky130_fd_sc_hd__xnor2_4)
                                                         _0127_ (net)
                      0.119205    0.000683    2.669640 v _1208_/A (sky130_fd_sc_hd__xnor2_2)
     1    0.004305    0.067720    0.259746    2.929386 ^ _1208_/Y (sky130_fd_sc_hd__xnor2_2)
                                                         _0378_ (net)
                      0.067720    0.000147    2.929533 ^ _1209_/B1 (sky130_fd_sc_hd__a22o_2)
     1    0.005205    0.078642    0.266212    3.195745 ^ _1209_/X (sky130_fd_sc_hd__a22o_2)
                                                         _0379_ (net)
                      0.078642    0.000176    3.195920 ^ _1210_/C (sky130_fd_sc_hd__or3_4)
     2    0.010209    0.075408    0.225829    3.421749 ^ _1210_/X (sky130_fd_sc_hd__or3_4)
                                                         net96 (net)
                      0.075408    0.000336    3.422084 ^ output96/A (sky130_fd_sc_hd__buf_6)
     1    0.035381    0.126030    0.227361    3.649446 ^ output96/X (sky130_fd_sc_hd__buf_6)
                                                         result[5] (net)
                      0.126037    0.001053    3.650499 ^ result[5] (out)
                                              3.650499   data arrival time

                      0.000000    0.000000    0.000000   clock __VIRTUAL_CLK__ (rise edge)
                                  0.000000    0.000000   clock network delay (ideal)
                                  0.250000    0.250000   clock uncertainty
                                  0.000000    0.250000   clock reconvergence pessimism
                                 -2.000000   -1.750000   output external delay
                                             -1.750000   data required time
---------------------------------------------------------------------------------------------
                                             -1.750000   data required time
                                             -3.650499   data arrival time
---------------------------------------------------------------------------------------------
                                              5.400499   slack (MET)


Startpoint: B[24] (input port clocked by __VIRTUAL_CLK__)
Endpoint: result[25] (output port clocked by __VIRTUAL_CLK__)
Path Group: __VIRTUAL_CLK__
Path Type: min

Fanout         Cap        Slew       Delay        Time   Description
---------------------------------------------------------------------------------------------
                      0.000000    0.000000    0.000000   clock __VIRTUAL_CLK__ (rise edge)
                                  0.000000    0.000000   clock network delay (ideal)
                                  2.000000    2.000000 ^ input external delay
     1    0.003567    0.037378    0.019844    2.019844 ^ B[24] (in)
                                                         B[24] (net)
                      0.037378    0.000000    2.019844 ^ input49/A (sky130_fd_sc_hd__clkdlybuf4s25_1)
     4    0.014966    0.255137    0.584251    2.604094 ^ input49/X (sky130_fd_sc_hd__clkdlybuf4s25_1)
                                                         net49 (net)
                      0.255137    0.000622    2.604717 ^ _1058_/A (sky130_fd_sc_hd__nand2_2)
     3    0.011864    0.133200    0.203856    2.808573 v _1058_/Y (sky130_fd_sc_hd__nand2_2)
                                                         _0233_ (net)
                      0.133200    0.000174    2.808747 v _1572_/B (sky130_fd_sc_hd__nand2_2)
     1    0.002904    0.064139    0.121641    2.930388 ^ _1572_/Y (sky130_fd_sc_hd__nand2_2)
                                                         _0722_ (net)
                      0.064139    0.000084    2.930472 ^ _1577_/A2 (sky130_fd_sc_hd__o211a_2)
     1    0.006543    0.107668    0.379124    3.309596 ^ _1577_/X (sky130_fd_sc_hd__o211a_2)
                                                         _0727_ (net)
                      0.107668    0.000236    3.309832 ^ _1578_/C1 (sky130_fd_sc_hd__a211o_4)
     2    0.009701    0.058329    0.171162    3.480993 ^ _1578_/X (sky130_fd_sc_hd__a211o_4)
                                                         net86 (net)
                      0.058330    0.000278    3.481271 ^ output86/A (sky130_fd_sc_hd__buf_8)
     1    0.034834    0.105813    0.200259    3.681530 ^ output86/X (sky130_fd_sc_hd__buf_8)
                                                         result[25] (net)
                      0.105818    0.000852    3.682383 ^ result[25] (out)
                                              3.682383   data arrival time

                      0.000000    0.000000    0.000000   clock __VIRTUAL_CLK__ (rise edge)
                                  0.000000    0.000000   clock network delay (ideal)
                                  0.250000    0.250000   clock uncertainty
                                  0.000000    0.250000   clock reconvergence pessimism
                                 -2.000000   -1.750000   output external delay
                                             -1.750000   data required time
---------------------------------------------------------------------------------------------
                                             -1.750000   data required time
                                             -3.682383   data arrival time
---------------------------------------------------------------------------------------------
                                              5.432383   slack (MET)


Startpoint: B[28] (input port clocked by __VIRTUAL_CLK__)
Endpoint: result[29] (output port clocked by __VIRTUAL_CLK__)
Path Group: __VIRTUAL_CLK__
Path Type: min

Fanout         Cap        Slew       Delay        Time   Description
---------------------------------------------------------------------------------------------
                      0.000000    0.000000    0.000000   clock __VIRTUAL_CLK__ (rise edge)
                                  0.000000    0.000000   clock network delay (ideal)
                                  2.000000    2.000000 v input external delay
     1    0.003624    0.021652    0.011840    2.011840 v B[28] (in)
                                                         B[28] (net)
                      0.021652    0.000000    2.011840 v input53/A (sky130_fd_sc_hd__clkdlybuf4s25_1)
     4    0.015873    0.231271    0.570877    2.582717 v input53/X (sky130_fd_sc_hd__clkdlybuf4s25_1)
                                                         net53 (net)
                      0.231271    0.000516    2.583233 v _0904_/A (sky130_fd_sc_hd__nand2_2)
     3    0.009263    0.110382    0.189131    2.772364 ^ _0904_/Y (sky130_fd_sc_hd__nand2_2)
                                                         _0079_ (net)
                      0.110382    0.000056    2.772420 ^ _1636_/A1 (sky130_fd_sc_hd__a21bo_2)
     1    0.005546    0.071401    0.271172    3.043592 ^ _1636_/X (sky130_fd_sc_hd__a21bo_2)
                                                         _0782_ (net)
                      0.071404    0.000162    3.043754 ^ _1638_/A3 (sky130_fd_sc_hd__a31o_4)
     2    0.022149    0.127069    0.386626    3.430380 ^ _1638_/X (sky130_fd_sc_hd__a31o_4)
                                                         net90 (net)
                      0.127069    0.000374    3.430754 ^ output90/A (sky130_fd_sc_hd__buf_6)
     1    0.035955    0.127868    0.252020    3.682774 ^ output90/X (sky130_fd_sc_hd__buf_6)
                                                         result[29] (net)
                      0.127875    0.001136    3.683910 ^ result[29] (out)
                                              3.683910   data arrival time

                      0.000000    0.000000    0.000000   clock __VIRTUAL_CLK__ (rise edge)
                                  0.000000    0.000000   clock network delay (ideal)
                                  0.250000    0.250000   clock uncertainty
                                  0.000000    0.250000   clock reconvergence pessimism
                                 -2.000000   -1.750000   output external delay
                                             -1.750000   data required time
---------------------------------------------------------------------------------------------
                                             -1.750000   data required time
                                             -3.683910   data arrival time
---------------------------------------------------------------------------------------------
                                              5.433909   slack (MET)


Startpoint: B[24] (input port clocked by __VIRTUAL_CLK__)
Endpoint: result[24] (output port clocked by __VIRTUAL_CLK__)
Path Group: __VIRTUAL_CLK__
Path Type: min

Fanout         Cap        Slew       Delay        Time   Description
---------------------------------------------------------------------------------------------
                      0.000000    0.000000    0.000000   clock __VIRTUAL_CLK__ (rise edge)
                                  0.000000    0.000000   clock network delay (ideal)
                                  2.000000    2.000000 v input external delay
     1    0.003390    0.020738    0.011096    2.011096 v B[24] (in)
                                                         B[24] (net)
                      0.020738    0.000000    2.011096 v input49/A (sky130_fd_sc_hd__clkdlybuf4s25_1)
     4    0.014412    0.212895    0.556526    2.567622 v input49/X (sky130_fd_sc_hd__clkdlybuf4s25_1)
                                                         net49 (net)
                      0.212895    0.000597    2.568219 v _1058_/A (sky130_fd_sc_hd__nand2_2)
     3    0.012593    0.128438    0.200887    2.769106 ^ _1058_/Y (sky130_fd_sc_hd__nand2_2)
                                                         _0233_ (net)
                      0.128438    0.000238    2.769344 ^ _1060_/A (sky130_fd_sc_hd__nand2_2)
     6    0.027265    0.238661    0.248586    3.017929 v _1060_/Y (sky130_fd_sc_hd__nand2_2)
                                                         _0235_ (net)
                      0.238662    0.000443    3.018373 v _1547_/A2 (sky130_fd_sc_hd__o21ai_2)
     1    0.004927    0.169800    0.266724    3.285097 ^ _1547_/Y (sky130_fd_sc_hd__o21ai_2)
                                                         _0698_ (net)
                      0.169800    0.000143    3.285240 ^ _1562_/A2 (sky130_fd_sc_hd__o21ai_2)
     2    0.007601    0.084804    0.156504    3.441745 v _1562_/Y (sky130_fd_sc_hd__o21ai_2)
                                                         net85 (net)
                      0.084804    0.000176    3.441921 v output85/A (sky130_fd_sc_hd__buf_6)
     1    0.036077    0.078252    0.255691    3.697612 v output85/X (sky130_fd_sc_hd__buf_6)
                                                         result[24] (net)
                      0.078271    0.001149    3.698761 v result[24] (out)
                                              3.698761   data arrival time

                      0.000000    0.000000    0.000000   clock __VIRTUAL_CLK__ (rise edge)
                                  0.000000    0.000000   clock network delay (ideal)
                                  0.250000    0.250000   clock uncertainty
                                  0.000000    0.250000   clock reconvergence pessimism
                                 -2.000000   -1.750000   output external delay
                                             -1.750000   data required time
---------------------------------------------------------------------------------------------
                                             -1.750000   data required time
                                             -3.698761   data arrival time
---------------------------------------------------------------------------------------------
                                              5.448761   slack (MET)


Startpoint: B[8] (input port clocked by __VIRTUAL_CLK__)
Endpoint: result[8] (output port clocked by __VIRTUAL_CLK__)
Path Group: __VIRTUAL_CLK__
Path Type: min

Fanout         Cap        Slew       Delay        Time   Description
---------------------------------------------------------------------------------------------
                      0.000000    0.000000    0.000000   clock __VIRTUAL_CLK__ (rise edge)
                                  0.000000    0.000000   clock network delay (ideal)
                                  2.000000    2.000000 ^ input external delay
     1    0.003597    0.037576    0.020003    2.020003 ^ B[8] (in)
                                                         B[8] (net)
                      0.037576    0.000000    2.020003 ^ input63/A (sky130_fd_sc_hd__clkdlybuf4s25_1)
     4    0.019623    0.326893    0.635825    2.655828 ^ input63/X (sky130_fd_sc_hd__clkdlybuf4s25_1)
                                                         net63 (net)
                      0.326893    0.000525    2.656353 ^ _1014_/A (sky130_fd_sc_hd__or2_4)
     3    0.016593    0.102619    0.355144    3.011497 ^ _1014_/X (sky130_fd_sc_hd__or2_4)
                                                         _0189_ (net)
                      0.102619    0.000202    3.011698 ^ _1263_/A2 (sky130_fd_sc_hd__a211o_2)
     1    0.003313    0.048307    0.260011    3.271709 ^ _1263_/X (sky130_fd_sc_hd__a211o_2)
                                                         _0430_ (net)
                      0.048307    0.000100    3.271810 ^ _1271_/B (sky130_fd_sc_hd__or4b_4)
     2    0.013026    0.086833    0.231869    3.503678 ^ _1271_/X (sky130_fd_sc_hd__or4b_4)
                                                         net99 (net)
                      0.086834    0.000487    3.504165 ^ output99/A (sky130_fd_sc_hd__buf_8)
     1    0.035869    0.108250    0.214817    3.718982 ^ output99/X (sky130_fd_sc_hd__buf_8)
                                                         result[8] (net)
                      0.108258    0.001059    3.720041 ^ result[8] (out)
                                              3.720041   data arrival time

                      0.000000    0.000000    0.000000   clock __VIRTUAL_CLK__ (rise edge)
                                  0.000000    0.000000   clock network delay (ideal)
                                  0.250000    0.250000   clock uncertainty
                                  0.000000    0.250000   clock reconvergence pessimism
                                 -2.000000   -1.750000   output external delay
                                             -1.750000   data required time
---------------------------------------------------------------------------------------------
                                             -1.750000   data required time
                                             -3.720041   data arrival time
---------------------------------------------------------------------------------------------
                                              5.470041   slack (MET)


Startpoint: B[13] (input port clocked by __VIRTUAL_CLK__)
Endpoint: result[13] (output port clocked by __VIRTUAL_CLK__)
Path Group: __VIRTUAL_CLK__
Path Type: min

Fanout         Cap        Slew       Delay        Time   Description
---------------------------------------------------------------------------------------------
                      0.000000    0.000000    0.000000   clock __VIRTUAL_CLK__ (rise edge)
                                  0.000000    0.000000   clock network delay (ideal)
                                  2.000000    2.000000 ^ input external delay
     1    0.002973    0.033397    0.016713    2.016713 ^ B[13] (in)
                                                         B[13] (net)
                      0.033397    0.000000    2.016713 ^ input37/A (sky130_fd_sc_hd__dlymetal6s2s_1)
     4    0.032067    0.501475    0.452575    2.469288 ^ input37/X (sky130_fd_sc_hd__dlymetal6s2s_1)
                                                         net37 (net)
                      0.501478    0.000972    2.470260 ^ _0992_/A (sky130_fd_sc_hd__xnor2_4)
     3    0.012903    0.091889    0.293266    2.763525 v _0992_/Y (sky130_fd_sc_hd__xnor2_4)
                                                         _0167_ (net)
                      0.091889    0.000310    2.763835 v _1026_/A (sky130_fd_sc_hd__nand2_2)
     1    0.001942    0.042335    0.081849    2.845685 ^ _1026_/Y (sky130_fd_sc_hd__nand2_2)
                                                         _0201_ (net)
                      0.042335    0.000057    2.845742 ^ _1351_/A (sky130_fd_sc_hd__and3_2)
     1    0.003590    0.085210    0.322861    3.168602 ^ _1351_/X (sky130_fd_sc_hd__and3_2)
                                                         _0513_ (net)
                      0.085211    0.000110    3.168713 ^ _1367_/A2 (sky130_fd_sc_hd__a211o_2)
     2    0.012254    0.107413    0.312231    3.480944 ^ _1367_/X (sky130_fd_sc_hd__a211o_2)
                                                         net73 (net)
                      0.107413    0.000320    3.481265 ^ output73/A (sky130_fd_sc_hd__buf_6)
     1    0.035414    0.126208    0.241976    3.723240 ^ output73/X (sky130_fd_sc_hd__buf_6)
                                                         result[13] (net)
                      0.126214    0.001031    3.724271 ^ result[13] (out)
                                              3.724271   data arrival time

                      0.000000    0.000000    0.000000   clock __VIRTUAL_CLK__ (rise edge)
                                  0.000000    0.000000   clock network delay (ideal)
                                  0.250000    0.250000   clock uncertainty
                                  0.000000    0.250000   clock reconvergence pessimism
                                 -2.000000   -1.750000   output external delay
                                             -1.750000   data required time
---------------------------------------------------------------------------------------------
                                             -1.750000   data required time
                                             -3.724271   data arrival time
---------------------------------------------------------------------------------------------
                                              5.474271   slack (MET)


Startpoint: B[20] (input port clocked by __VIRTUAL_CLK__)
Endpoint: result[20] (output port clocked by __VIRTUAL_CLK__)
Path Group: __VIRTUAL_CLK__
Path Type: min

Fanout         Cap        Slew       Delay        Time   Description
---------------------------------------------------------------------------------------------
                      0.000000    0.000000    0.000000   clock __VIRTUAL_CLK__ (rise edge)
                                  0.000000    0.000000   clock network delay (ideal)
                                  2.000000    2.000000 ^ input external delay
     1    0.003472    0.036733    0.019337    2.019337 ^ B[20] (in)
                                                         B[20] (net)
                      0.036733    0.000000    2.019337 ^ input45/A (sky130_fd_sc_hd__clkdlybuf4s25_1)
     5    0.019344    0.322600    0.632355    2.651693 ^ input45/X (sky130_fd_sc_hd__clkdlybuf4s25_1)
                                                         net45 (net)
                      0.322600    0.000738    2.652431 ^ _1492_/A1 (sky130_fd_sc_hd__a31o_2)
     1    0.002618    0.067395    0.385730    3.038161 ^ _1492_/X (sky130_fd_sc_hd__a31o_2)
                                                         _0647_ (net)
                      0.067395    0.000050    3.038210 ^ _1493_/C1 (sky130_fd_sc_hd__a211o_2)
     1    0.003066    0.046733    0.157934    3.196144 ^ _1493_/X (sky130_fd_sc_hd__a211o_2)
                                                         _0648_ (net)
                      0.046733    0.000089    3.196234 ^ _1494_/B1 (sky130_fd_sc_hd__a21o_2)
     1    0.007028    0.072909    0.161922    3.358156 ^ _1494_/X (sky130_fd_sc_hd__a21o_2)
                                                         _0649_ (net)
                      0.072909    0.000254    3.358410 ^ _1495_/C1 (sky130_fd_sc_hd__a211o_4)
     2    0.012397    0.067113    0.163330    3.521740 ^ _1495_/X (sky130_fd_sc_hd__a211o_4)
                                                         net81 (net)
                      0.067113    0.000272    3.522012 ^ output81/A (sky130_fd_sc_hd__buf_8)
     1    0.034563    0.105158    0.203758    3.725770 ^ output81/X (sky130_fd_sc_hd__buf_8)
                                                         result[20] (net)
                      0.105161    0.000748    3.726517 ^ result[20] (out)
                                              3.726517   data arrival time

                      0.000000    0.000000    0.000000   clock __VIRTUAL_CLK__ (rise edge)
                                  0.000000    0.000000   clock network delay (ideal)
                                  0.250000    0.250000   clock uncertainty
                                  0.000000    0.250000   clock reconvergence pessimism
                                 -2.000000   -1.750000   output external delay
                                             -1.750000   data required time
---------------------------------------------------------------------------------------------
                                             -1.750000   data required time
                                             -3.726517   data arrival time
---------------------------------------------------------------------------------------------
                                              5.476517   slack (MET)


Startpoint: B[8] (input port clocked by __VIRTUAL_CLK__)
Endpoint: result[9] (output port clocked by __VIRTUAL_CLK__)
Path Group: __VIRTUAL_CLK__
Path Type: min

Fanout         Cap        Slew       Delay        Time   Description
---------------------------------------------------------------------------------------------
                      0.000000    0.000000    0.000000   clock __VIRTUAL_CLK__ (rise edge)
                                  0.000000    0.000000   clock network delay (ideal)
                                  2.000000    2.000000 v input external delay
     1    0.003420    0.020853    0.011193    2.011193 v B[8] (in)
                                                         B[8] (net)
                      0.020853    0.000000    2.011193 v input63/A (sky130_fd_sc_hd__clkdlybuf4s25_1)
     4    0.018727    0.267332    0.597757    2.608951 v input63/X (sky130_fd_sc_hd__clkdlybuf4s25_1)
                                                         net63 (net)
                      0.267332    0.000520    2.609471 v _1013_/A (sky130_fd_sc_hd__nand2_4)
     5    0.028234    0.155163    0.247140    2.856611 ^ _1013_/Y (sky130_fd_sc_hd__nand2_4)
                                                         _0188_ (net)
                      0.155163    0.000376    2.856987 ^ _1290_/A2 (sky130_fd_sc_hd__o2111a_2)
     1    0.003935    0.089791    0.435445    3.292432 ^ _1290_/X (sky130_fd_sc_hd__o2111a_2)
                                                         _0456_ (net)
                      0.089791    0.000123    3.292555 ^ _1291_/B (sky130_fd_sc_hd__or3_4)
     2    0.009186    0.071397    0.230513    3.523068 ^ _1291_/X (sky130_fd_sc_hd__or3_4)
                                                         net100 (net)
                      0.071398    0.000301    3.523370 ^ output100/A (sky130_fd_sc_hd__buf_6)
     1    0.035684    0.126924    0.226208    3.749577 ^ output100/X (sky130_fd_sc_hd__buf_6)
                                                         result[9] (net)
                      0.126930    0.001045    3.750622 ^ result[9] (out)
                                              3.750622   data arrival time

                      0.000000    0.000000    0.000000   clock __VIRTUAL_CLK__ (rise edge)
                                  0.000000    0.000000   clock network delay (ideal)
                                  0.250000    0.250000   clock uncertainty
                                  0.000000    0.250000   clock reconvergence pessimism
                                 -2.000000   -1.750000   output external delay
                                             -1.750000   data required time
---------------------------------------------------------------------------------------------
                                             -1.750000   data required time
                                             -3.750622   data arrival time
---------------------------------------------------------------------------------------------
                                              5.500622   slack (MET)


Startpoint: B[28] (input port clocked by __VIRTUAL_CLK__)
Endpoint: result[28] (output port clocked by __VIRTUAL_CLK__)
Path Group: __VIRTUAL_CLK__
Path Type: min

Fanout         Cap        Slew       Delay        Time   Description
---------------------------------------------------------------------------------------------
                      0.000000    0.000000    0.000000   clock __VIRTUAL_CLK__ (rise edge)
                                  0.000000    0.000000   clock network delay (ideal)
                                  2.000000    2.000000 v input external delay
     1    0.003624    0.021652    0.011840    2.011840 v B[28] (in)
                                                         B[28] (net)
                      0.021652    0.000000    2.011840 v input53/A (sky130_fd_sc_hd__clkdlybuf4s25_1)
     4    0.015873    0.231271    0.570877    2.582717 v input53/X (sky130_fd_sc_hd__clkdlybuf4s25_1)
                                                         net53 (net)
                      0.231271    0.000562    2.583279 v _0905_/A (sky130_fd_sc_hd__nor2_2)
     2    0.008316    0.188933    0.292820    2.876100 ^ _0905_/Y (sky130_fd_sc_hd__nor2_2)
                                                         _0080_ (net)
                      0.188933    0.000209    2.876309 ^ _0906_/B (sky130_fd_sc_hd__nor2_2)
     7    0.034520    0.154354    0.209166    3.085475 v _0906_/Y (sky130_fd_sc_hd__nor2_2)
                                                         _0081_ (net)
                      0.154364    0.001323    3.086797 v _1608_/A (sky130_fd_sc_hd__nand2_2)
     1    0.006277    0.081112    0.136925    3.223722 ^ _1608_/Y (sky130_fd_sc_hd__nand2_2)
                                                         _0755_ (net)
                      0.081112    0.000208    3.223931 ^ _1625_/A3 (sky130_fd_sc_hd__a31o_4)
     2    0.010847    0.078237    0.342303    3.566234 ^ _1625_/X (sky130_fd_sc_hd__a31o_4)
                                                         net89 (net)
                      0.078237    0.000292    3.566526 ^ output89/A (sky130_fd_sc_hd__buf_8)
     1    0.034696    0.105471    0.208929    3.775455 ^ output89/X (sky130_fd_sc_hd__buf_8)
                                                         result[28] (net)
                      0.105476    0.000848    3.776303 ^ result[28] (out)
                                              3.776303   data arrival time

                      0.000000    0.000000    0.000000   clock __VIRTUAL_CLK__ (rise edge)
                                  0.000000    0.000000   clock network delay (ideal)
                                  0.250000    0.250000   clock uncertainty
                                  0.000000    0.250000   clock reconvergence pessimism
                                 -2.000000   -1.750000   output external delay
                                             -1.750000   data required time
---------------------------------------------------------------------------------------------
                                             -1.750000   data required time
                                             -3.776303   data arrival time
---------------------------------------------------------------------------------------------
                                              5.526303   slack (MET)


Startpoint: B[22] (input port clocked by __VIRTUAL_CLK__)
Endpoint: result[22] (output port clocked by __VIRTUAL_CLK__)
Path Group: __VIRTUAL_CLK__
Path Type: min

Fanout         Cap        Slew       Delay        Time   Description
---------------------------------------------------------------------------------------------
                      0.000000    0.000000    0.000000   clock __VIRTUAL_CLK__ (rise edge)
                                  0.000000    0.000000   clock network delay (ideal)
                                  2.000000    2.000000 v input external delay
     1    0.004798    0.026318    0.015542    2.015542 v B[22] (in)
                                                         B[22] (net)
                      0.026319    0.000000    2.015542 v input47/A (sky130_fd_sc_hd__clkdlybuf4s25_1)
     4    0.017632    0.253385    0.589580    2.605122 v input47/X (sky130_fd_sc_hd__clkdlybuf4s25_1)
                                                         net47 (net)
                      0.253385    0.000599    2.605721 v _0934_/A (sky130_fd_sc_hd__nand2_2)
     5    0.021704    0.196265    0.271090    2.876810 ^ _0934_/Y (sky130_fd_sc_hd__nand2_2)
                                                         _0109_ (net)
                      0.196265    0.000455    2.877265 ^ _1516_/B1 (sky130_fd_sc_hd__a32o_2)
     2    0.007250    0.107811    0.305444    3.182709 ^ _1516_/X (sky130_fd_sc_hd__a32o_2)
                                                         _0669_ (net)
                      0.107811    0.000174    3.182883 ^ _1530_/A3 (sky130_fd_sc_hd__a31o_2)
     2    0.007251    0.088854    0.371365    3.554249 ^ _1530_/X (sky130_fd_sc_hd__a31o_2)
                                                         net83 (net)
                      0.088854    0.000121    3.554369 ^ output83/A (sky130_fd_sc_hd__buf_6)
     1    0.034935    0.124728    0.232635    3.787005 ^ output83/X (sky130_fd_sc_hd__buf_6)
                                                         result[22] (net)
                      0.124731    0.000813    3.787818 ^ result[22] (out)
                                              3.787818   data arrival time

                      0.000000    0.000000    0.000000   clock __VIRTUAL_CLK__ (rise edge)
                                  0.000000    0.000000   clock network delay (ideal)
                                  0.250000    0.250000   clock uncertainty
                                  0.000000    0.250000   clock reconvergence pessimism
                                 -2.000000   -1.750000   output external delay
                                             -1.750000   data required time
---------------------------------------------------------------------------------------------
                                             -1.750000   data required time
                                             -3.787818   data arrival time
---------------------------------------------------------------------------------------------
                                              5.537817   slack (MET)


Startpoint: B[22] (input port clocked by __VIRTUAL_CLK__)
Endpoint: result[23] (output port clocked by __VIRTUAL_CLK__)
Path Group: __VIRTUAL_CLK__
Path Type: min

Fanout         Cap        Slew       Delay        Time   Description
---------------------------------------------------------------------------------------------
                      0.000000    0.000000    0.000000   clock __VIRTUAL_CLK__ (rise edge)
                                  0.000000    0.000000   clock network delay (ideal)
                                  2.000000    2.000000 ^ input external delay
     1    0.004975    0.047016    0.027286    2.027286 ^ B[22] (in)
                                                         B[22] (net)
                      0.047017    0.000000    2.027286 ^ input47/A (sky130_fd_sc_hd__clkdlybuf4s25_1)
     4    0.018186    0.304787    0.623943    2.651229 ^ input47/X (sky130_fd_sc_hd__clkdlybuf4s25_1)
                                                         net47 (net)
                      0.304787    0.000618    2.651847 ^ _0934_/A (sky130_fd_sc_hd__nand2_2)
     5    0.020740    0.201826    0.279850    2.931697 v _0934_/Y (sky130_fd_sc_hd__nand2_2)
                                                         _0109_ (net)
                      0.201826    0.000426    2.932122 v _1533_/A (sky130_fd_sc_hd__nand3_2)
     1    0.003160    0.072472    0.141909    3.074031 ^ _1533_/Y (sky130_fd_sc_hd__nand3_2)
                                                         _0685_ (net)
                      0.072472    0.000094    3.074125 ^ _1544_/A2 (sky130_fd_sc_hd__a31o_2)
     1    0.005634    0.077278    0.336512    3.410637 ^ _1544_/X (sky130_fd_sc_hd__a31o_2)
                                                         _0696_ (net)
                      0.077278    0.000181    3.410818 ^ _1545_/C1 (sky130_fd_sc_hd__a211o_4)
     2    0.010209    0.059784    0.159099    3.569917 ^ _1545_/X (sky130_fd_sc_hd__a211o_4)
                                                         net84 (net)
                      0.059784    0.000270    3.570187 ^ output84/A (sky130_fd_sc_hd__buf_6)
     1    0.034590    0.123719    0.218762    3.788948 ^ output84/X (sky130_fd_sc_hd__buf_6)
                                                         result[23] (net)
                      0.123722    0.000826    3.789774 ^ result[23] (out)
                                              3.789774   data arrival time

                      0.000000    0.000000    0.000000   clock __VIRTUAL_CLK__ (rise edge)
                                  0.000000    0.000000   clock network delay (ideal)
                                  0.250000    0.250000   clock uncertainty
                                  0.000000    0.250000   clock reconvergence pessimism
                                 -2.000000   -1.750000   output external delay
                                             -1.750000   data required time
---------------------------------------------------------------------------------------------
                                             -1.750000   data required time
                                             -3.789774   data arrival time
---------------------------------------------------------------------------------------------
                                              5.539774   slack (MET)


Startpoint: B[12] (input port clocked by __VIRTUAL_CLK__)
Endpoint: result[12] (output port clocked by __VIRTUAL_CLK__)
Path Group: __VIRTUAL_CLK__
Path Type: min

Fanout         Cap        Slew       Delay        Time   Description
---------------------------------------------------------------------------------------------
                      0.000000    0.000000    0.000000   clock __VIRTUAL_CLK__ (rise edge)
                                  0.000000    0.000000   clock network delay (ideal)
                                  2.000000    2.000000 v input external delay
     1    0.003753    0.022161    0.012247    2.012247 v B[12] (in)
                                                         B[12] (net)
                      0.022161    0.000000    2.012247 v input36/A (sky130_fd_sc_hd__clkdlybuf4s25_1)
     3    0.013120    0.196544    0.545021    2.557267 v input36/X (sky130_fd_sc_hd__clkdlybuf4s25_1)
                                                         net36 (net)
                      0.196544    0.000328    2.557595 v _0994_/A (sky130_fd_sc_hd__nand2_4)
     2    0.021606    0.123562    0.194061    2.751656 ^ _0994_/Y (sky130_fd_sc_hd__nand2_4)
                                                         _0169_ (net)
                      0.123562    0.000429    2.752085 ^ _0995_/B (sky130_fd_sc_hd__nand2_8)
     7    0.027016    0.089625    0.140081    2.892166 v _0995_/Y (sky130_fd_sc_hd__nand2_8)
                                                         _0170_ (net)
                      0.089636    0.001042    2.893209 v _1336_/A1 (sky130_fd_sc_hd__a311oi_2)
     1    0.004011    0.239934    0.350375    3.243583 ^ _1336_/Y (sky130_fd_sc_hd__a311oi_2)
                                                         _0499_ (net)
                      0.239934    0.000131    3.243714 ^ _1348_/B (sky130_fd_sc_hd__or3_4)
     2    0.013416    0.088621    0.315304    3.559019 ^ _1348_/X (sky130_fd_sc_hd__or3_4)
                                                         net72 (net)
                      0.088621    0.000450    3.559469 ^ output72/A (sky130_fd_sc_hd__buf_6)
     1    0.035029    0.125013    0.232666    3.792135 ^ output72/X (sky130_fd_sc_hd__buf_6)
                                                         result[12] (net)
                      0.125017    0.000922    3.793057 ^ result[12] (out)
                                              3.793057   data arrival time

                      0.000000    0.000000    0.000000   clock __VIRTUAL_CLK__ (rise edge)
                                  0.000000    0.000000   clock network delay (ideal)
                                  0.250000    0.250000   clock uncertainty
                                  0.000000    0.250000   clock reconvergence pessimism
                                 -2.000000   -1.750000   output external delay
                                             -1.750000   data required time
---------------------------------------------------------------------------------------------
                                             -1.750000   data required time
                                             -3.793057   data arrival time
---------------------------------------------------------------------------------------------
                                              5.543057   slack (MET)


Startpoint: B[31] (input port clocked by __VIRTUAL_CLK__)
Endpoint: zero (output port clocked by __VIRTUAL_CLK__)
Path Group: __VIRTUAL_CLK__
Path Type: min

Fanout         Cap        Slew       Delay        Time   Description
---------------------------------------------------------------------------------------------
                      0.000000    0.000000    0.000000   clock __VIRTUAL_CLK__ (rise edge)
                                  0.000000    0.000000   clock network delay (ideal)
                                  2.000000    2.000000 ^ input external delay
     1    0.004405    0.043098    0.024279    2.024279 ^ B[31] (in)
                                                         B[31] (net)
                      0.043112    0.000000    2.024279 ^ input57/A (sky130_fd_sc_hd__clkdlybuf4s25_1)
     3    0.010790    0.191885    0.540281    2.564560 ^ input57/X (sky130_fd_sc_hd__clkdlybuf4s25_1)
                                                         net57 (net)
                      0.191885    0.000485    2.565046 ^ _0886_/A (sky130_fd_sc_hd__nand2_2)
     2    0.006296    0.088293    0.145938    2.710984 v _0886_/Y (sky130_fd_sc_hd__nand2_2)
                                                         _0061_ (net)
                      0.088293    0.000143    2.711127 v _1659_/B (sky130_fd_sc_hd__nor2_2)
     1    0.003911    0.118004    0.139704    2.850831 ^ _1659_/Y (sky130_fd_sc_hd__nor2_2)
                                                         _0803_ (net)
                      0.118004    0.000128    2.850958 ^ _1661_/B1 (sky130_fd_sc_hd__a211o_2)
     1    0.010242    0.093730    0.229334    3.080292 ^ _1661_/X (sky130_fd_sc_hd__a211o_2)
                                                         _0805_ (net)
                      0.093731    0.000485    3.080777 ^ _1662_/B1 (sky130_fd_sc_hd__a21o_2)
     1    0.004172    0.053766    0.165609    3.246386 ^ _1662_/X (sky130_fd_sc_hd__a21o_2)
                                                         _0806_ (net)
                      0.053766    0.000140    3.246526 ^ _1668_/A (sky130_fd_sc_hd__or4_4)
     2    0.017224    0.103962    0.252353    3.498879 ^ _1668_/X (sky130_fd_sc_hd__or4_4)
                                                         net93 (net)
                      0.103963    0.000528    3.499407 ^ _1682_/B (sky130_fd_sc_hd__nor4_4)
     1    0.004774    0.031956    0.088253    3.587661 v _1682_/Y (sky130_fd_sc_hd__nor4_4)
                                                         net101 (net)
                      0.031957    0.000097    3.587757 v output101/A (sky130_fd_sc_hd__buf_6)
     1    0.036141    0.078270    0.231520    3.819277 v output101/X (sky130_fd_sc_hd__buf_6)
                                                         zero (net)
                      0.078288    0.001117    3.820394 v zero (out)
                                              3.820394   data arrival time

                      0.000000    0.000000    0.000000   clock __VIRTUAL_CLK__ (rise edge)
                                  0.000000    0.000000   clock network delay (ideal)
                                  0.250000    0.250000   clock uncertainty
                                  0.000000    0.250000   clock reconvergence pessimism
                                 -2.000000   -1.750000   output external delay
                                             -1.750000   data required time
---------------------------------------------------------------------------------------------
                                             -1.750000   data required time
                                             -3.820394   data arrival time
---------------------------------------------------------------------------------------------
                                              5.570394   slack (MET)


Startpoint: B[4] (input port clocked by __VIRTUAL_CLK__)
Endpoint: result[3] (output port clocked by __VIRTUAL_CLK__)
Path Group: __VIRTUAL_CLK__
Path Type: min

Fanout         Cap        Slew       Delay        Time   Description
---------------------------------------------------------------------------------------------
                      0.000000    0.000000    0.000000   clock __VIRTUAL_CLK__ (rise edge)
                                  0.000000    0.000000   clock network delay (ideal)
                                  2.000000    2.000000 ^ input external delay
     1    0.009310    0.076418    0.048999    2.048999 ^ B[4] (in)
                                                         B[4] (net)
                      0.076419    0.000000    2.048999 ^ input59/A (sky130_fd_sc_hd__buf_8)
     4    0.036859    0.110324    0.211372    2.260371 ^ input59/X (sky130_fd_sc_hd__buf_8)
                                                         net59 (net)
                      0.110325    0.000750    2.261121 ^ fanout158/A (sky130_fd_sc_hd__buf_6)
     2    0.012310    0.061312    0.189504    2.450625 ^ fanout158/X (sky130_fd_sc_hd__buf_6)
                                                         net158 (net)
                      0.061314    0.000367    2.450992 ^ fanout157/A (sky130_fd_sc_hd__buf_8)
     4    0.020663    0.073374    0.175571    2.626563 ^ fanout157/X (sky130_fd_sc_hd__buf_8)
                                                         net157 (net)
                      0.073379    0.000665    2.627228 ^ rebuffer457/A (sky130_fd_sc_hd__buf_2)
     7    0.036637    0.289804    0.357374    2.984601 ^ rebuffer457/X (sky130_fd_sc_hd__buf_2)
                                                         net457 (net)
                      0.289804    0.000840    2.985441 ^ _1170_/A1 (sky130_fd_sc_hd__a21o_2)
     2    0.006494    0.069227    0.336576    3.322018 ^ _1170_/X (sky130_fd_sc_hd__a21o_2)
                                                         net94 (net)
                      0.069227    0.000122    3.322139 ^ output94/A (sky130_fd_sc_hd__dlymetal6s2s_1)
     1    0.035771    0.554849    0.507262    3.829401 ^ output94/X (sky130_fd_sc_hd__dlymetal6s2s_1)
                                                         result[3] (net)
                      0.554850    0.000731    3.830132 ^ result[3] (out)
                                              3.830132   data arrival time

                      0.000000    0.000000    0.000000   clock __VIRTUAL_CLK__ (rise edge)
                                  0.000000    0.000000   clock network delay (ideal)
                                  0.250000    0.250000   clock uncertainty
                                  0.000000    0.250000   clock reconvergence pessimism
                                 -2.000000   -1.750000   output external delay
                                             -1.750000   data required time
---------------------------------------------------------------------------------------------
                                             -1.750000   data required time
                                             -3.830132   data arrival time
---------------------------------------------------------------------------------------------
                                              5.580132   slack (MET)


Startpoint: B[20] (input port clocked by __VIRTUAL_CLK__)
Endpoint: result[21] (output port clocked by __VIRTUAL_CLK__)
Path Group: __VIRTUAL_CLK__
Path Type: min

Fanout         Cap        Slew       Delay        Time   Description
---------------------------------------------------------------------------------------------
                      0.000000    0.000000    0.000000   clock __VIRTUAL_CLK__ (rise edge)
                                  0.000000    0.000000   clock network delay (ideal)
                                  2.000000    2.000000 ^ input external delay
     1    0.003472    0.036733    0.019337    2.019337 ^ B[20] (in)
                                                         B[20] (net)
                      0.036733    0.000000    2.019337 ^ input45/A (sky130_fd_sc_hd__clkdlybuf4s25_1)
     5    0.019344    0.322600    0.632355    2.651693 ^ input45/X (sky130_fd_sc_hd__clkdlybuf4s25_1)
                                                         net45 (net)
                      0.322600    0.000592    2.652285 ^ _1508_/A1 (sky130_fd_sc_hd__a211o_2)
     1    0.002922    0.047060    0.338294    2.990579 ^ _1508_/X (sky130_fd_sc_hd__a211o_2)
                                                         _0662_ (net)
                      0.047060    0.000084    2.990663 ^ _1513_/A2 (sky130_fd_sc_hd__a41o_2)
     1    0.004417    0.061428    0.408447    3.399110 ^ _1513_/X (sky130_fd_sc_hd__a41o_2)
                                                         _0667_ (net)
                      0.061428    0.000114    3.399224 ^ _1514_/B1 (sky130_fd_sc_hd__a41o_2)
     2    0.009450    0.097489    0.197141    3.596365 ^ _1514_/X (sky130_fd_sc_hd__a41o_2)
                                                         net82 (net)
                      0.097489    0.000222    3.596588 ^ output82/A (sky130_fd_sc_hd__buf_6)
     1    0.034557    0.123637    0.235815    3.832403 ^ output82/X (sky130_fd_sc_hd__buf_6)
                                                         result[21] (net)
                      0.123638    0.000698    3.833101 ^ result[21] (out)
                                              3.833101   data arrival time

                      0.000000    0.000000    0.000000   clock __VIRTUAL_CLK__ (rise edge)
                                  0.000000    0.000000   clock network delay (ideal)
                                  0.250000    0.250000   clock uncertainty
                                  0.000000    0.250000   clock reconvergence pessimism
                                 -2.000000   -1.750000   output external delay
                                             -1.750000   data required time
---------------------------------------------------------------------------------------------
                                             -1.750000   data required time
                                             -3.833101   data arrival time
---------------------------------------------------------------------------------------------
                                              5.583101   slack (MET)


Startpoint: B[18] (input port clocked by __VIRTUAL_CLK__)
Endpoint: result[19] (output port clocked by __VIRTUAL_CLK__)
Path Group: __VIRTUAL_CLK__
Path Type: min

Fanout         Cap        Slew       Delay        Time   Description
---------------------------------------------------------------------------------------------
                      0.000000    0.000000    0.000000   clock __VIRTUAL_CLK__ (rise edge)
                                  0.000000    0.000000   clock network delay (ideal)
                                  2.000000    2.000000 v input external delay
     1    0.003505    0.021188    0.011465    2.011465 v B[18] (in)
                                                         B[18] (net)
                      0.021188    0.000000    2.011465 v input42/A (sky130_fd_sc_hd__clkdlybuf4s25_1)
     3    0.009300    0.152040    0.504899    2.516364 v input42/X (sky130_fd_sc_hd__clkdlybuf4s25_1)
                                                         net42 (net)
                      0.152040    0.000274    2.516638 v _1042_/A (sky130_fd_sc_hd__nand2_2)
     5    0.021532    0.188946    0.223065    2.739703 ^ _1042_/Y (sky130_fd_sc_hd__nand2_2)
                                                         _0217_ (net)
                      0.189008    0.000593    2.740296 ^ _1466_/A1 (sky130_fd_sc_hd__a311o_2)
     1    0.011508    0.117583    0.447910    3.188206 ^ _1466_/X (sky130_fd_sc_hd__a311o_2)
                                                         _0622_ (net)
                      0.117583    0.000455    3.188661 ^ _1476_/B (sky130_fd_sc_hd__nand3b_4)
     2    0.012021    0.132930    0.190493    3.379153 v _1476_/Y (sky130_fd_sc_hd__nand3b_4)
                                                         net79 (net)
                      0.132930    0.000570    3.379723 v rebuffer443/A (sky130_fd_sc_hd__buf_6)
     1    0.007445    0.040524    0.234649    3.614372 v rebuffer443/X (sky130_fd_sc_hd__buf_6)
                                                         net443 (net)
                      0.040524    0.000167    3.614539 v output79/A (sky130_fd_sc_hd__buf_8)
     1    0.034854    0.068432    0.225811    3.840350 v output79/X (sky130_fd_sc_hd__buf_8)
                                                         result[19] (net)
                      0.068444    0.000907    3.841257 v result[19] (out)
                                              3.841257   data arrival time

                      0.000000    0.000000    0.000000   clock __VIRTUAL_CLK__ (rise edge)
                                  0.000000    0.000000   clock network delay (ideal)
                                  0.250000    0.250000   clock uncertainty
                                  0.000000    0.250000   clock reconvergence pessimism
                                 -2.000000   -1.750000   output external delay
                                             -1.750000   data required time
---------------------------------------------------------------------------------------------
                                             -1.750000   data required time
                                             -3.841257   data arrival time
---------------------------------------------------------------------------------------------
                                              5.591257   slack (MET)


Startpoint: B[25] (input port clocked by __VIRTUAL_CLK__)
Endpoint: result[26] (output port clocked by __VIRTUAL_CLK__)
Path Group: __VIRTUAL_CLK__
Path Type: min

Fanout         Cap        Slew       Delay        Time   Description
---------------------------------------------------------------------------------------------
                      0.000000    0.000000    0.000000   clock __VIRTUAL_CLK__ (rise edge)
                                  0.000000    0.000000   clock network delay (ideal)
                                  2.000000    2.000000 v input external delay
     1    0.004290    0.024291    0.013948    2.013948 v B[25] (in)
                                                         B[25] (net)
                      0.024300    0.000000    2.013948 v input50/A (sky130_fd_sc_hd__clkdlybuf4s25_1)
     4    0.017292    0.249065    0.585660    2.599608 v input50/X (sky130_fd_sc_hd__clkdlybuf4s25_1)
                                                         net50 (net)
                      0.249065    0.000129    2.599737 v _0923_/A1 (sky130_fd_sc_hd__o21a_2)
     3    0.016420    0.109491    0.530290    3.130028 v _0923_/X (sky130_fd_sc_hd__o21a_2)
                                                         _0098_ (net)
                      0.109492    0.000508    3.130535 v _1579_/B (sky130_fd_sc_hd__nand3_2)
     1    0.006720    0.095089    0.141366    3.271901 ^ _1579_/Y (sky130_fd_sc_hd__nand3_2)
                                                         _0728_ (net)
                      0.095089    0.000223    3.272125 ^ _1593_/A3 (sky130_fd_sc_hd__a31o_4)
     2    0.012907    0.086902    0.355775    3.627900 ^ _1593_/X (sky130_fd_sc_hd__a31o_4)
                                                         net87 (net)
                      0.086902    0.000372    3.628272 ^ output87/A (sky130_fd_sc_hd__buf_8)
     1    0.035059    0.106355    0.213402    3.841674 ^ output87/X (sky130_fd_sc_hd__buf_8)
                                                         result[26] (net)
                      0.106362    0.000974    3.842649 ^ result[26] (out)
                                              3.842649   data arrival time

                      0.000000    0.000000    0.000000   clock __VIRTUAL_CLK__ (rise edge)
                                  0.000000    0.000000   clock network delay (ideal)
                                  0.250000    0.250000   clock uncertainty
                                  0.000000    0.250000   clock reconvergence pessimism
                                 -2.000000   -1.750000   output external delay
                                             -1.750000   data required time
---------------------------------------------------------------------------------------------
                                             -1.750000   data required time
                                             -3.842649   data arrival time
---------------------------------------------------------------------------------------------
                                              5.592649   slack (MET)


Startpoint: B[31] (input port clocked by __VIRTUAL_CLK__)
Endpoint: result[31] (output port clocked by __VIRTUAL_CLK__)
Path Group: __VIRTUAL_CLK__
Path Type: min

Fanout         Cap        Slew       Delay        Time   Description
---------------------------------------------------------------------------------------------
                      0.000000    0.000000    0.000000   clock __VIRTUAL_CLK__ (rise edge)
                                  0.000000    0.000000   clock network delay (ideal)
                                  2.000000    2.000000 ^ input external delay
     1    0.004405    0.043098    0.024279    2.024279 ^ B[31] (in)
                                                         B[31] (net)
                      0.043112    0.000000    2.024279 ^ input57/A (sky130_fd_sc_hd__clkdlybuf4s25_1)
     3    0.010790    0.191885    0.540281    2.564560 ^ input57/X (sky130_fd_sc_hd__clkdlybuf4s25_1)
                                                         net57 (net)
                      0.191885    0.000485    2.565046 ^ _0886_/A (sky130_fd_sc_hd__nand2_2)
     2    0.006296    0.088293    0.145938    2.710984 v _0886_/Y (sky130_fd_sc_hd__nand2_2)
                                                         _0061_ (net)
                      0.088293    0.000143    2.711127 v _1659_/B (sky130_fd_sc_hd__nor2_2)
     1    0.003911    0.118004    0.139704    2.850831 ^ _1659_/Y (sky130_fd_sc_hd__nor2_2)
                                                         _0803_ (net)
                      0.118004    0.000128    2.850958 ^ _1661_/B1 (sky130_fd_sc_hd__a211o_2)
     1    0.010242    0.093730    0.229334    3.080292 ^ _1661_/X (sky130_fd_sc_hd__a211o_2)
                                                         _0805_ (net)
                      0.093731    0.000485    3.080777 ^ _1662_/B1 (sky130_fd_sc_hd__a21o_2)
     1    0.004172    0.053766    0.165609    3.246386 ^ _1662_/X (sky130_fd_sc_hd__a21o_2)
                                                         _0806_ (net)
                      0.053766    0.000140    3.246526 ^ _1668_/A (sky130_fd_sc_hd__or4_4)
     2    0.017224    0.103962    0.252353    3.498879 ^ _1668_/X (sky130_fd_sc_hd__or4_4)
                                                         net93 (net)
                      0.103964    0.000592    3.499472 ^ rebuffer248/A (sky130_fd_sc_hd__buf_6)
     1    0.009506    0.053911    0.179886    3.679358 ^ rebuffer248/X (sky130_fd_sc_hd__buf_6)
                                                         net248 (net)
                      0.053924    0.000296    3.679655 ^ output93/A (sky130_fd_sc_hd__buf_8)
     1    0.036261    0.109192    0.200700    3.880354 ^ output93/X (sky130_fd_sc_hd__buf_8)
                                                         result[31] (net)
                      0.109205    0.001226    3.881580 ^ result[31] (out)
                                              3.881580   data arrival time

                      0.000000    0.000000    0.000000   clock __VIRTUAL_CLK__ (rise edge)
                                  0.000000    0.000000   clock network delay (ideal)
                                  0.250000    0.250000   clock uncertainty
                                  0.000000    0.250000   clock reconvergence pessimism
                                 -2.000000   -1.750000   output external delay
                                             -1.750000   data required time
---------------------------------------------------------------------------------------------
                                             -1.750000   data required time
                                             -3.881580   data arrival time
---------------------------------------------------------------------------------------------
                                              5.631580   slack (MET)


Startpoint: B[4] (input port clocked by __VIRTUAL_CLK__)
Endpoint: result[14] (output port clocked by __VIRTUAL_CLK__)
Path Group: __VIRTUAL_CLK__
Path Type: min

Fanout         Cap        Slew       Delay        Time   Description
---------------------------------------------------------------------------------------------
                      0.000000    0.000000    0.000000   clock __VIRTUAL_CLK__ (rise edge)
                                  0.000000    0.000000   clock network delay (ideal)
                                  2.000000    2.000000 ^ input external delay
     1    0.009310    0.076418    0.048999    2.048999 ^ B[4] (in)
                                                         B[4] (net)
                      0.076419    0.000000    2.048999 ^ input59/A (sky130_fd_sc_hd__buf_8)
     4    0.036859    0.110324    0.211372    2.260371 ^ input59/X (sky130_fd_sc_hd__buf_8)
                                                         net59 (net)
                      0.110490    0.002822    2.263193 ^ _0879_/A (sky130_fd_sc_hd__nor2_2)
     3    0.032290    0.143645    0.173877    2.437070 v _0879_/Y (sky130_fd_sc_hd__nor2_2)
                                                         _0054_ (net)
                      0.143652    0.001140    2.438210 v max_cap104/A (sky130_fd_sc_hd__clkbuf_4)
     8    0.040788    0.159515    0.374825    2.813035 v max_cap104/X (sky130_fd_sc_hd__clkbuf_4)
                                                         net104 (net)
                      0.159662    0.004357    2.817392 v _1384_/A1 (sky130_fd_sc_hd__a21oi_2)
     1    0.003250    0.119723    0.223335    3.040727 ^ _1384_/Y (sky130_fd_sc_hd__a21oi_2)
                                                         _0545_ (net)
                      0.119723    0.000097    3.040824 ^ _1385_/C1 (sky130_fd_sc_hd__o211a_2)
     1    0.005359    0.099043    0.385407    3.426232 ^ _1385_/X (sky130_fd_sc_hd__o211a_2)
                                                         _0546_ (net)
                      0.099043    0.000167    3.426399 ^ _1386_/B1 (sky130_fd_sc_hd__o21ai_2)
     2    0.009217    0.093632    0.142387    3.568786 v _1386_/Y (sky130_fd_sc_hd__o21ai_2)
                                                         net74 (net)
                      0.093632    0.000420    3.569206 v output74/A (sky130_fd_sc_hd__clkbuf_2)
     1    0.035546    0.249400    0.353931    3.923137 v output74/X (sky130_fd_sc_hd__clkbuf_2)
                                                         result[14] (net)
                      0.249401    0.001017    3.924154 v result[14] (out)
                                              3.924154   data arrival time

                      0.000000    0.000000    0.000000   clock __VIRTUAL_CLK__ (rise edge)
                                  0.000000    0.000000   clock network delay (ideal)
                                  0.250000    0.250000   clock uncertainty
                                  0.000000    0.250000   clock reconvergence pessimism
                                 -2.000000   -1.750000   output external delay
                                             -1.750000   data required time
---------------------------------------------------------------------------------------------
                                             -1.750000   data required time
                                             -3.924154   data arrival time
---------------------------------------------------------------------------------------------
                                              5.674154   slack (MET)


Startpoint: B[28] (input port clocked by __VIRTUAL_CLK__)
Endpoint: result[30] (output port clocked by __VIRTUAL_CLK__)
Path Group: __VIRTUAL_CLK__
Path Type: min

Fanout         Cap        Slew       Delay        Time   Description
---------------------------------------------------------------------------------------------
                      0.000000    0.000000    0.000000   clock __VIRTUAL_CLK__ (rise edge)
                                  0.000000    0.000000   clock network delay (ideal)
                                  2.000000    2.000000 v input external delay
     1    0.003624    0.021652    0.011840    2.011840 v B[28] (in)
                                                         B[28] (net)
                      0.021652    0.000000    2.011840 v input53/A (sky130_fd_sc_hd__clkdlybuf4s25_1)
     4    0.015873    0.231271    0.570877    2.582717 v input53/X (sky130_fd_sc_hd__clkdlybuf4s25_1)
                                                         net53 (net)
                      0.231271    0.000516    2.583233 v _0904_/A (sky130_fd_sc_hd__nand2_2)
     3    0.009263    0.110382    0.189131    2.772364 ^ _0904_/Y (sky130_fd_sc_hd__nand2_2)
                                                         _0079_ (net)
                      0.110382    0.000105    2.772469 ^ _1651_/A2 (sky130_fd_sc_hd__a311o_2)
     2    0.007092    0.085081    0.403100    3.175570 ^ _1651_/X (sky130_fd_sc_hd__a311o_2)
                                                         _0796_ (net)
                      0.085081    0.000116    3.175686 ^ rebuffer243/A (sky130_fd_sc_hd__buf_2)
     2    0.012251    0.111584    0.231855    3.407541 ^ rebuffer243/X (sky130_fd_sc_hd__buf_2)
                                                         net243 (net)
                      0.111584    0.000304    3.407844 ^ _1653_/A1 (sky130_fd_sc_hd__a211o_4)
     2    0.017847    0.086276    0.286547    3.694391 ^ _1653_/X (sky130_fd_sc_hd__a211o_4)
                                                         net92 (net)
                      0.086278    0.000635    3.695027 ^ output92/A (sky130_fd_sc_hd__buf_6)
     1    0.034551    0.123598    0.230622    3.925649 ^ output92/X (sky130_fd_sc_hd__buf_6)
                                                         result[30] (net)
                      0.123601    0.000841    3.926489 ^ result[30] (out)
                                              3.926489   data arrival time

                      0.000000    0.000000    0.000000   clock __VIRTUAL_CLK__ (rise edge)
                                  0.000000    0.000000   clock network delay (ideal)
                                  0.250000    0.250000   clock uncertainty
                                  0.000000    0.250000   clock reconvergence pessimism
                                 -2.000000   -1.750000   output external delay
                                             -1.750000   data required time
---------------------------------------------------------------------------------------------
                                             -1.750000   data required time
                                             -3.926489   data arrival time
---------------------------------------------------------------------------------------------
                                              5.676490   slack (MET)


Startpoint: B[16] (input port clocked by __VIRTUAL_CLK__)
Endpoint: result[17] (output port clocked by __VIRTUAL_CLK__)
Path Group: __VIRTUAL_CLK__
Path Type: min

Fanout         Cap        Slew       Delay        Time   Description
---------------------------------------------------------------------------------------------
                      0.000000    0.000000    0.000000   clock __VIRTUAL_CLK__ (rise edge)
                                  0.000000    0.000000   clock network delay (ideal)
                                  2.000000    2.000000 v input external delay
     1    0.003055    0.019437    0.010042    2.010042 v B[16] (in)
                                                         B[16] (net)
                      0.019437    0.000000    2.010042 v input40/A (sky130_fd_sc_hd__clkdlybuf4s25_1)
     3    0.014333    0.211924    0.555280    2.565322 v input40/X (sky130_fd_sc_hd__clkdlybuf4s25_1)
                                                         net40 (net)
                      0.211924    0.000532    2.565854 v _0828_/A (sky130_fd_sc_hd__inv_2)
     2    0.004892    0.075354    0.134872    2.700726 ^ _0828_/Y (sky130_fd_sc_hd__inv_2)
                                                         _0003_ (net)
                      0.075354    0.000077    2.700804 ^ _1426_/A1 (sky130_fd_sc_hd__a21o_2)
     1    0.003786    0.053028    0.230108    2.930912 ^ _1426_/X (sky130_fd_sc_hd__a21o_2)
                                                         _0584_ (net)
                      0.053028    0.000119    2.931031 ^ _1429_/A2 (sky130_fd_sc_hd__o211a_2)
     1    0.003840    0.085181    0.348941    3.279972 ^ _1429_/X (sky130_fd_sc_hd__o211a_2)
                                                         _0587_ (net)
                      0.085181    0.000090    3.280061 ^ _1445_/A (sky130_fd_sc_hd__or3_4)
     2    0.010093    0.074913    0.233281    3.513342 ^ _1445_/X (sky130_fd_sc_hd__or3_4)
                                                         net77 (net)
                      0.074913    0.000249    3.513591 ^ rebuffer223/A (sky130_fd_sc_hd__buf_2)
     1    0.007499    0.077909    0.200331    3.713922 ^ rebuffer223/X (sky130_fd_sc_hd__buf_2)
                                                         net223 (net)
                      0.077909    0.000283    3.714205 ^ output77/A (sky130_fd_sc_hd__buf_6)
     1    0.034519    0.123469    0.226845    3.941050 ^ output77/X (sky130_fd_sc_hd__buf_6)
                                                         result[17] (net)
                      0.123470    0.000686    3.941736 ^ result[17] (out)
                                              3.941736   data arrival time

                      0.000000    0.000000    0.000000   clock __VIRTUAL_CLK__ (rise edge)
                                  0.000000    0.000000   clock network delay (ideal)
                                  0.250000    0.250000   clock uncertainty
                                  0.000000    0.250000   clock reconvergence pessimism
                                 -2.000000   -1.750000   output external delay
                                             -1.750000   data required time
---------------------------------------------------------------------------------------------
                                             -1.750000   data required time
                                             -3.941736   data arrival time
---------------------------------------------------------------------------------------------
                                              5.691736   slack (MET)


Startpoint: B[14] (input port clocked by __VIRTUAL_CLK__)
Endpoint: result[15] (output port clocked by __VIRTUAL_CLK__)
Path Group: __VIRTUAL_CLK__
Path Type: min

Fanout         Cap        Slew       Delay        Time   Description
---------------------------------------------------------------------------------------------
                      0.000000    0.000000    0.000000   clock __VIRTUAL_CLK__ (rise edge)
                                  0.000000    0.000000   clock network delay (ideal)
                                  2.000000    2.000000 v input external delay
     1    0.003084    0.019547    0.010133    2.010133 v B[14] (in)
                                                         B[14] (net)
                      0.019547    0.000000    2.010133 v input38/A (sky130_fd_sc_hd__clkdlybuf4s25_1)
     3    0.012758    0.192113    0.540334    2.550467 v input38/X (sky130_fd_sc_hd__clkdlybuf4s25_1)
                                                         net38 (net)
                      0.192113    0.000455    2.550921 v _0998_/A (sky130_fd_sc_hd__and2_4)
     5    0.019551    0.078771    0.341537    2.892459 v _0998_/X (sky130_fd_sc_hd__and2_4)
                                                         _0173_ (net)
                      0.078774    0.000633    2.893092 v _1390_/A1 (sky130_fd_sc_hd__o21ai_2)
     1    0.002880    0.070298    0.207693    3.100785 ^ _1390_/Y (sky130_fd_sc_hd__o21ai_2)
                                                         _0550_ (net)
                      0.070298    0.000084    3.100869 ^ _1401_/A3 (sky130_fd_sc_hd__a31o_2)
     1    0.006399    0.082372    0.352222    3.453091 ^ _1401_/X (sky130_fd_sc_hd__a31o_2)
                                                         _0561_ (net)
                      0.082372    0.000259    3.453351 ^ _1402_/B1 (sky130_fd_sc_hd__a21o_2)
     2    0.011914    0.107417    0.205299    3.658650 ^ _1402_/X (sky130_fd_sc_hd__a21o_2)
                                                         net75 (net)
                      0.107418    0.000584    3.659234 ^ output75/A (sky130_fd_sc_hd__buf_4)
     1    0.034884    0.167724    0.299439    3.958673 ^ output75/X (sky130_fd_sc_hd__buf_4)
                                                         result[15] (net)
                      0.167725    0.000745    3.959418 ^ result[15] (out)
                                              3.959418   data arrival time

                      0.000000    0.000000    0.000000   clock __VIRTUAL_CLK__ (rise edge)
                                  0.000000    0.000000   clock network delay (ideal)
                                  0.250000    0.250000   clock uncertainty
                                  0.000000    0.250000   clock reconvergence pessimism
                                 -2.000000   -1.750000   output external delay
                                             -1.750000   data required time
---------------------------------------------------------------------------------------------
                                             -1.750000   data required time
                                             -3.959418   data arrival time
---------------------------------------------------------------------------------------------
                                              5.709418   slack (MET)


Startpoint: B[9] (input port clocked by __VIRTUAL_CLK__)
Endpoint: result[10] (output port clocked by __VIRTUAL_CLK__)
Path Group: __VIRTUAL_CLK__
Path Type: min

Fanout         Cap        Slew       Delay        Time   Description
---------------------------------------------------------------------------------------------
                      0.000000    0.000000    0.000000   clock __VIRTUAL_CLK__ (rise edge)
                                  0.000000    0.000000   clock network delay (ideal)
                                  2.000000    2.000000 ^ input external delay
     1    0.004502    0.043782    0.024793    2.024793 ^ B[9] (in)
                                                         B[9] (net)
                      0.043783    0.000000    2.024793 ^ input64/A (sky130_fd_sc_hd__clkdlybuf4s25_1)
     3    0.009551    0.173072    0.526763    2.551556 ^ input64/X (sky130_fd_sc_hd__clkdlybuf4s25_1)
                                                         net64 (net)
                      0.173072    0.000183    2.551739 ^ _1010_/A (sky130_fd_sc_hd__nand2_2)
     4    0.014726    0.141646    0.191567    2.743306 v _1010_/Y (sky130_fd_sc_hd__nand2_2)
                                                         _0185_ (net)
                      0.141646    0.000528    2.743834 v _1294_/B1 (sky130_fd_sc_hd__o21a_2)
     3    0.010381    0.080237    0.281462    3.025296 v _1294_/X (sky130_fd_sc_hd__o21a_2)
                                                         _0459_ (net)
                      0.080237    0.000146    3.025443 v _1295_/C (sky130_fd_sc_hd__nand3_2)
     1    0.005386    0.085320    0.119264    3.144706 ^ _1295_/Y (sky130_fd_sc_hd__nand3_2)
                                                         _0460_ (net)
                      0.085320    0.000159    3.144866 ^ _1306_/A2 (sky130_fd_sc_hd__a31o_4)
     1    0.005472    0.055832    0.307852    3.452717 ^ _1306_/X (sky130_fd_sc_hd__a31o_4)
                                                         _0471_ (net)
                      0.055832    0.000166    3.452884 ^ _1307_/B1 (sky130_fd_sc_hd__a31o_4)
     2    0.010878    0.078363    0.170302    3.623185 ^ _1307_/X (sky130_fd_sc_hd__a31o_4)
                                                         net70 (net)
                      0.078363    0.000186    3.623372 ^ rebuffer521/A (sky130_fd_sc_hd__buf_6)
     1    0.008298    0.050616    0.165370    3.788742 ^ rebuffer521/X (sky130_fd_sc_hd__buf_6)
                                                         net521 (net)
                      0.050616    0.000274    3.789016 ^ output70/A (sky130_fd_sc_hd__buf_8)
     1    0.035384    0.107125    0.197721    3.986737 ^ output70/X (sky130_fd_sc_hd__buf_8)
                                                         result[10] (net)
                      0.107133    0.001025    3.987761 ^ result[10] (out)
                                              3.987761   data arrival time

                      0.000000    0.000000    0.000000   clock __VIRTUAL_CLK__ (rise edge)
                                  0.000000    0.000000   clock network delay (ideal)
                                  0.250000    0.250000   clock uncertainty
                                  0.000000    0.250000   clock reconvergence pessimism
                                 -2.000000   -1.750000   output external delay
                                             -1.750000   data required time
---------------------------------------------------------------------------------------------
                                             -1.750000   data required time
                                             -3.987761   data arrival time
---------------------------------------------------------------------------------------------
                                              5.737761   slack (MET)


Startpoint: B[4] (input port clocked by __VIRTUAL_CLK__)
Endpoint: result[2] (output port clocked by __VIRTUAL_CLK__)
Path Group: __VIRTUAL_CLK__
Path Type: min

Fanout         Cap        Slew       Delay        Time   Description
---------------------------------------------------------------------------------------------
                      0.000000    0.000000    0.000000   clock __VIRTUAL_CLK__ (rise edge)
                                  0.000000    0.000000   clock network delay (ideal)
                                  2.000000    2.000000 ^ input external delay
     1    0.009310    0.076418    0.048999    2.048999 ^ B[4] (in)
                                                         B[4] (net)
                      0.076419    0.000000    2.048999 ^ input59/A (sky130_fd_sc_hd__buf_8)
     4    0.036859    0.110324    0.211372    2.260371 ^ input59/X (sky130_fd_sc_hd__buf_8)
                                                         net59 (net)
                      0.110325    0.000750    2.261121 ^ fanout158/A (sky130_fd_sc_hd__buf_6)
     2    0.012310    0.061312    0.189504    2.450625 ^ fanout158/X (sky130_fd_sc_hd__buf_6)
                                                         net158 (net)
                      0.061315    0.000404    2.451029 ^ rebuffer338/A (sky130_fd_sc_hd__buf_2)
     6    0.048161    0.375639    0.411590    2.862619 ^ rebuffer338/X (sky130_fd_sc_hd__buf_2)
                                                         net338 (net)
                      0.375663    0.002520    2.865139 ^ _1141_/A1 (sky130_fd_sc_hd__a211o_2)
     2    0.009864    0.091171    0.407031    3.272171 ^ _1141_/X (sky130_fd_sc_hd__a211o_2)
                                                         net91 (net)
                      0.091171    0.000413    3.272584 ^ output91/A (sky130_fd_sc_hd__clkdlybuf4s25_1)
     1    0.035662    0.574715    0.835969    4.108553 ^ output91/X (sky130_fd_sc_hd__clkdlybuf4s25_1)
                                                         result[2] (net)
                      0.574715    0.000852    4.109406 ^ result[2] (out)
                                              4.109406   data arrival time

                      0.000000    0.000000    0.000000   clock __VIRTUAL_CLK__ (rise edge)
                                  0.000000    0.000000   clock network delay (ideal)
                                  0.250000    0.250000   clock uncertainty
                                  0.000000    0.250000   clock reconvergence pessimism
                                 -2.000000   -1.750000   output external delay
                                             -1.750000   data required time
---------------------------------------------------------------------------------------------
                                             -1.750000   data required time
                                             -4.109406   data arrival time
---------------------------------------------------------------------------------------------
                                              5.859406   slack (MET)


Startpoint: B[16] (input port clocked by __VIRTUAL_CLK__)
Endpoint: result[16] (output port clocked by __VIRTUAL_CLK__)
Path Group: __VIRTUAL_CLK__
Path Type: min

Fanout         Cap        Slew       Delay        Time   Description
---------------------------------------------------------------------------------------------
                      0.000000    0.000000    0.000000   clock __VIRTUAL_CLK__ (rise edge)
                                  0.000000    0.000000   clock network delay (ideal)
                                  2.000000    2.000000 ^ input external delay
     1    0.003232    0.035121    0.018076    2.018076 ^ B[16] (in)
                                                         B[16] (net)
                      0.035121    0.000000    2.018076 ^ input40/A (sky130_fd_sc_hd__clkdlybuf4s25_1)
     3    0.014977    0.255292    0.583476    2.601552 ^ input40/X (sky130_fd_sc_hd__clkdlybuf4s25_1)
                                                         net40 (net)
                      0.255292    0.000463    2.602015 ^ _1037_/A (sky130_fd_sc_hd__or2_2)
     3    0.013988    0.130224    0.326313    2.928328 ^ _1037_/X (sky130_fd_sc_hd__or2_2)
                                                         _0212_ (net)
                      0.130224    0.000261    2.928590 ^ _1039_/B (sky130_fd_sc_hd__nand2_2)
     4    0.018733    0.170890    0.209203    3.137793 v _1039_/Y (sky130_fd_sc_hd__nand2_2)
                                                         _0214_ (net)
                      0.170890    0.000428    3.138221 v _1412_/A1 (sky130_fd_sc_hd__a311oi_2)
     1    0.003092    0.217529    0.364254    3.502475 ^ _1412_/Y (sky130_fd_sc_hd__a311oi_2)
                                                         _0571_ (net)
                      0.217529    0.000064    3.502539 ^ _1425_/A (sky130_fd_sc_hd__or3b_4)
     2    0.010097    0.079468    0.301649    3.804188 ^ _1425_/X (sky130_fd_sc_hd__or3b_4)
                                                         net76 (net)
                      0.079468    0.000280    3.804468 ^ rebuffer524/A (sky130_fd_sc_hd__buf_6)
     1    0.010144    0.055441    0.170293    3.974761 ^ rebuffer524/X (sky130_fd_sc_hd__buf_6)
                                                         net524 (net)
                      0.055442    0.000398    3.975158 ^ output76/A (sky130_fd_sc_hd__buf_8)
     1    0.034322    0.104593    0.198138    4.173296 ^ output76/X (sky130_fd_sc_hd__buf_8)
                                                         result[16] (net)
                      0.104595    0.000655    4.173951 ^ result[16] (out)
                                              4.173951   data arrival time

                      0.000000    0.000000    0.000000   clock __VIRTUAL_CLK__ (rise edge)
                                  0.000000    0.000000   clock network delay (ideal)
                                  0.250000    0.250000   clock uncertainty
                                  0.000000    0.250000   clock reconvergence pessimism
                                 -2.000000   -1.750000   output external delay
                                             -1.750000   data required time
---------------------------------------------------------------------------------------------
                                             -1.750000   data required time
                                             -4.173951   data arrival time
---------------------------------------------------------------------------------------------
                                              5.923950   slack (MET)


Startpoint: B[4] (input port clocked by __VIRTUAL_CLK__)
Endpoint: result[1] (output port clocked by __VIRTUAL_CLK__)
Path Group: __VIRTUAL_CLK__
Path Type: min

Fanout         Cap        Slew       Delay        Time   Description
---------------------------------------------------------------------------------------------
                      0.000000    0.000000    0.000000   clock __VIRTUAL_CLK__ (rise edge)
                                  0.000000    0.000000   clock network delay (ideal)
                                  2.000000    2.000000 ^ input external delay
     1    0.009310    0.076418    0.048999    2.048999 ^ B[4] (in)
                                                         B[4] (net)
                      0.076419    0.000000    2.048999 ^ input59/A (sky130_fd_sc_hd__buf_8)
     4    0.036859    0.110324    0.211372    2.260371 ^ input59/X (sky130_fd_sc_hd__buf_8)
                                                         net59 (net)
                      0.110325    0.000750    2.261121 ^ fanout158/A (sky130_fd_sc_hd__buf_6)
     2    0.012310    0.061312    0.189504    2.450625 ^ fanout158/X (sky130_fd_sc_hd__buf_6)
                                                         net158 (net)
                      0.061314    0.000367    2.450992 ^ fanout157/A (sky130_fd_sc_hd__buf_8)
     4    0.020663    0.073374    0.175571    2.626563 ^ fanout157/X (sky130_fd_sc_hd__buf_8)
                                                         net157 (net)
                      0.073379    0.000665    2.627228 ^ rebuffer457/A (sky130_fd_sc_hd__buf_2)
     7    0.036637    0.289804    0.357374    2.984601 ^ rebuffer457/X (sky130_fd_sc_hd__buf_2)
                                                         net457 (net)
                      0.289806    0.001268    2.985869 ^ _1110_/A1 (sky130_fd_sc_hd__a211o_2)
     2    0.012682    0.110393    0.389961    3.375830 ^ _1110_/X (sky130_fd_sc_hd__a211o_2)
                                                         net80 (net)
                      0.110393    0.000497    3.376327 ^ output80/A (sky130_fd_sc_hd__clkdlybuf4s25_1)
     1    0.035561    0.573194    0.843602    4.219929 ^ output80/X (sky130_fd_sc_hd__clkdlybuf4s25_1)
                                                         result[1] (net)
                      0.573194    0.000687    4.220616 ^ result[1] (out)
                                              4.220616   data arrival time

                      0.000000    0.000000    0.000000   clock __VIRTUAL_CLK__ (rise edge)
                                  0.000000    0.000000   clock network delay (ideal)
                                  0.250000    0.250000   clock uncertainty
                                  0.000000    0.250000   clock reconvergence pessimism
                                 -2.000000   -1.750000   output external delay
                                             -1.750000   data required time
---------------------------------------------------------------------------------------------
                                             -1.750000   data required time
                                             -4.220616   data arrival time
---------------------------------------------------------------------------------------------
                                              5.970616   slack (MET)


Startpoint: B[26] (input port clocked by __VIRTUAL_CLK__)
Endpoint: result[27] (output port clocked by __VIRTUAL_CLK__)
Path Group: __VIRTUAL_CLK__
Path Type: min

Fanout         Cap        Slew       Delay        Time   Description
---------------------------------------------------------------------------------------------
                      0.000000    0.000000    0.000000   clock __VIRTUAL_CLK__ (rise edge)
                                  0.000000    0.000000   clock network delay (ideal)
                                  2.000000    2.000000 ^ input external delay
     1    0.005441    0.050194    0.029765    2.029765 ^ B[26] (in)
                                                         B[26] (net)
                      0.050195    0.000000    2.029765 ^ input51/A (sky130_fd_sc_hd__clkdlybuf4s25_1)
     4    0.013440    0.231646    0.573098    2.602863 ^ input51/X (sky130_fd_sc_hd__clkdlybuf4s25_1)
                                                         net51 (net)
                      0.231646    0.000308    2.603171 ^ _0913_/A (sky130_fd_sc_hd__nand2_2)
     4    0.016977    0.163250    0.229397    2.832568 v _0913_/Y (sky130_fd_sc_hd__nand2_2)
                                                         _0088_ (net)
                      0.163250    0.000407    2.832975 v _1597_/B (sky130_fd_sc_hd__nand3b_2)
     1    0.005825    0.095479    0.166384    2.999359 ^ _1597_/Y (sky130_fd_sc_hd__nand3b_2)
                                                         _0745_ (net)
                      0.095479    0.000176    2.999535 ^ _1607_/A3 (sky130_fd_sc_hd__a31o_4)
     2    0.005645    0.056648    0.323513    3.323048 ^ _1607_/X (sky130_fd_sc_hd__a31o_4)
                                                         net88 (net)
                      0.056648    0.000140    3.323188 ^ rebuffer394/A (sky130_fd_sc_hd__buf_2)
     1    0.006559    0.071360    0.186646    3.509834 ^ rebuffer394/X (sky130_fd_sc_hd__buf_2)
                                                         net394 (net)
                      0.071360    0.000233    3.510067 ^ rebuffer393/A (sky130_fd_sc_hd__buf_6)
     1    0.006692    0.045965    0.157786    3.667853 ^ rebuffer393/X (sky130_fd_sc_hd__buf_6)
                                                         net393 (net)
                      0.045977    0.000242    3.668095 ^ rebuffer392/A (sky130_fd_sc_hd__buf_6)
     1    0.005078    0.041676    0.141355    3.809450 ^ rebuffer392/X (sky130_fd_sc_hd__buf_6)
                                                         net392 (net)
                      0.041676    0.000148    3.809598 ^ rebuffer391/A (sky130_fd_sc_hd__buf_6)
     1    0.006187    0.044554    0.142800    3.952397 ^ rebuffer391/X (sky130_fd_sc_hd__buf_6)
                                                         net391 (net)
                      0.044554    0.000206    3.952603 ^ rebuffer389/A (sky130_fd_sc_hd__buf_6)
     1    0.008624    0.051479    0.150844    4.103447 ^ rebuffer389/X (sky130_fd_sc_hd__buf_6)
                                                         net389 (net)
                      0.051479    0.000305    4.103752 ^ output88/A (sky130_fd_sc_hd__buf_8)
     1    0.036331    0.109352    0.199758    4.303511 ^ output88/X (sky130_fd_sc_hd__buf_8)
                                                         result[27] (net)
                      0.109364    0.001194    4.304705 ^ result[27] (out)
                                              4.304705   data arrival time

                      0.000000    0.000000    0.000000   clock __VIRTUAL_CLK__ (rise edge)
                                  0.000000    0.000000   clock network delay (ideal)
                                  0.250000    0.250000   clock uncertainty
                                  0.000000    0.250000   clock reconvergence pessimism
                                 -2.000000   -1.750000   output external delay
                                             -1.750000   data required time
---------------------------------------------------------------------------------------------
                                             -1.750000   data required time
                                             -4.304705   data arrival time
---------------------------------------------------------------------------------------------
                                              6.054705   slack (MET)



