
===========================================================================
report_checks -path_delay min (Hold)
============================================================================
======================= min_ss_100C_1v60 Corner ===================================

Startpoint: A[4] (input port clocked by __VIRTUAL_CLK__)
Endpoint: result[4] (output port clocked by __VIRTUAL_CLK__)
Path Group: __VIRTUAL_CLK__
Path Type: min

Fanout         Cap        Slew       Delay        Time   Description
---------------------------------------------------------------------------------------------
                      0.000000    0.000000    0.000000   clock __VIRTUAL_CLK__ (rise edge)
                                  0.000000    0.000000   clock network delay (ideal)
                                  2.000000    2.000000 ^ input external delay
     1    0.006722    0.058825    0.036103    2.036103 ^ A[4] (in)
                                                         A[4] (net)
                      0.058825    0.000000    2.036103 ^ input27/A (sky130_fd_sc_hd__buf_6)
     2    0.013195    0.063567    0.168413    2.204516 ^ input27/X (sky130_fd_sc_hd__buf_6)
                                                         net27 (net)
                      0.063567    0.000235    2.204751 ^ _1186_/A2 (sky130_fd_sc_hd__a31o_2)
     1    0.003283    0.058161    0.310563    2.515315 ^ _1186_/X (sky130_fd_sc_hd__a31o_2)
                                                         _0357_ (net)
                      0.058161    0.000022    2.515336 ^ _1189_/B1 (sky130_fd_sc_hd__a211o_2)
     1    0.005652    0.063156    0.176684    2.692020 ^ _1189_/X (sky130_fd_sc_hd__a211o_2)
                                                         _0360_ (net)
                      0.063156    0.000105    2.692125 ^ _1190_/B1 (sky130_fd_sc_hd__a31o_2)
     2    0.006891    0.086107    0.191388    2.883513 ^ _1190_/X (sky130_fd_sc_hd__a31o_2)
                                                         net95 (net)
                      0.086107    0.000060    2.883574 ^ output95/A (sky130_fd_sc_hd__clkbuf_2)
     1    0.034604    0.297139    0.362467    3.246040 ^ output95/X (sky130_fd_sc_hd__clkbuf_2)
                                                         result[4] (net)
                      0.297139    0.000217    3.246258 ^ result[4] (out)
                                              3.246258   data arrival time

                      0.000000    0.000000    0.000000   clock __VIRTUAL_CLK__ (rise edge)
                                  0.000000    0.000000   clock network delay (ideal)
                                  0.250000    0.250000   clock uncertainty
                                  0.000000    0.250000   clock reconvergence pessimism
                                 -2.000000   -1.750000   output external delay
                                             -1.750000   data required time
---------------------------------------------------------------------------------------------
                                             -1.750000   data required time
                                             -3.246258   data arrival time
---------------------------------------------------------------------------------------------
                                              4.996258   slack (MET)


Startpoint: A[5] (input port clocked by __VIRTUAL_CLK__)
Endpoint: result[6] (output port clocked by __VIRTUAL_CLK__)
Path Group: __VIRTUAL_CLK__
Path Type: min

Fanout         Cap        Slew       Delay        Time   Description
---------------------------------------------------------------------------------------------
                      0.000000    0.000000    0.000000   clock __VIRTUAL_CLK__ (rise edge)
                                  0.000000    0.000000   clock network delay (ideal)
                                  2.000000    2.000000 ^ input external delay
     1    0.004250    0.042035    0.023425    2.023425 ^ A[5] (in)
                                                         A[5] (net)
                      0.042035    0.000000    2.023425 ^ input28/A (sky130_fd_sc_hd__clkbuf_2)
     3    0.017230    0.157198    0.243463    2.266888 ^ input28/X (sky130_fd_sc_hd__clkbuf_2)
                                                         net28 (net)
                      0.157198    0.000196    2.267083 ^ _0985_/B (sky130_fd_sc_hd__and2b_2)
     1    0.005347    0.081418    0.316993    2.584076 ^ _0985_/X (sky130_fd_sc_hd__and2b_2)
                                                         _0160_ (net)
                      0.081418    0.000059    2.584135 ^ _0987_/B1 (sky130_fd_sc_hd__a21oi_2)
     3    0.014885    0.074369    0.097369    2.681504 v _0987_/Y (sky130_fd_sc_hd__a21oi_2)
                                                         _0162_ (net)
                      0.074369    0.000312    2.681816 v _1215_/C (sky130_fd_sc_hd__nand3_2)
     1    0.005381    0.071669    0.116587    2.798403 ^ _1215_/Y (sky130_fd_sc_hd__nand3_2)
                                                         _0384_ (net)
                      0.071669    0.000046    2.798449 ^ _1230_/A3 (sky130_fd_sc_hd__a31o_4)
     1    0.005938    0.058123    0.316894    3.115343 ^ _1230_/X (sky130_fd_sc_hd__a31o_4)
                                                         _0399_ (net)
                      0.058123    0.000076    3.115419 ^ _1231_/B1 (sky130_fd_sc_hd__a21o_4)
     2    0.015114    0.083019    0.171687    3.287105 ^ _1231_/X (sky130_fd_sc_hd__a21o_4)
                                                         net97 (net)
                      0.083020    0.000405    3.287511 ^ output97/A (sky130_fd_sc_hd__buf_8)
     1    0.035282    0.106787    0.212330    3.499841 ^ output97/X (sky130_fd_sc_hd__buf_8)
                                                         result[6] (net)
                      0.106788    0.000551    3.500392 ^ result[6] (out)
                                              3.500392   data arrival time

                      0.000000    0.000000    0.000000   clock __VIRTUAL_CLK__ (rise edge)
                                  0.000000    0.000000   clock network delay (ideal)
                                  0.250000    0.250000   clock uncertainty
                                  0.000000    0.250000   clock reconvergence pessimism
                                 -2.000000   -1.750000   output external delay
                                             -1.750000   data required time
---------------------------------------------------------------------------------------------
                                             -1.750000   data required time
                                             -3.500392   data arrival time
---------------------------------------------------------------------------------------------
                                              5.250392   slack (MET)


Startpoint: control[2] (input port clocked by __VIRTUAL_CLK__)
Endpoint: result[0] (output port clocked by __VIRTUAL_CLK__)
Path Group: __VIRTUAL_CLK__
Path Type: min

Fanout         Cap        Slew       Delay        Time   Description
---------------------------------------------------------------------------------------------
                      0.000000    0.000000    0.000000   clock __VIRTUAL_CLK__ (rise edge)
                                  0.000000    0.000000   clock network delay (ideal)
                                  2.000000    2.000000 v input external delay
     1    0.003394    0.020754    0.011082    2.011082 v control[2] (in)
                                                         control[2] (net)
                      0.020754    0.000000    2.011082 v input67/A (sky130_fd_sc_hd__clkdlybuf4s25_1)
     7    0.023515    0.327987    0.643288    2.654370 v input67/X (sky130_fd_sc_hd__clkdlybuf4s25_1)
                                                         net67 (net)
                      0.327987    0.000656    2.655025 v _0837_/A (sky130_fd_sc_hd__inv_2)
     5    0.016563    0.162610    0.248778    2.903804 ^ _0837_/Y (sky130_fd_sc_hd__inv_2)
                                                         _0012_ (net)
                      0.162610    0.000117    2.903921 ^ _1068_/A1 (sky130_fd_sc_hd__a31o_4)
     2    0.017260    0.105696    0.371027    3.274948 ^ _1068_/X (sky130_fd_sc_hd__a31o_4)
                                                         net69 (net)
                      0.105696    0.000295    3.275244 ^ output69/A (sky130_fd_sc_hd__buf_6)
     1    0.035035    0.125045    0.240653    3.515897 ^ output69/X (sky130_fd_sc_hd__buf_6)
                                                         result[0] (net)
                      0.125045    0.000574    3.516470 ^ result[0] (out)
                                              3.516470   data arrival time

                      0.000000    0.000000    0.000000   clock __VIRTUAL_CLK__ (rise edge)
                                  0.000000    0.000000   clock network delay (ideal)
                                  0.250000    0.250000   clock uncertainty
                                  0.000000    0.250000   clock reconvergence pessimism
                                 -2.000000   -1.750000   output external delay
                                             -1.750000   data required time
---------------------------------------------------------------------------------------------
                                             -1.750000   data required time
                                             -3.516470   data arrival time
---------------------------------------------------------------------------------------------
                                              5.266470   slack (MET)


Startpoint: B[18] (input port clocked by __VIRTUAL_CLK__)
Endpoint: result[18] (output port clocked by __VIRTUAL_CLK__)
Path Group: __VIRTUAL_CLK__
Path Type: min

Fanout         Cap        Slew       Delay        Time   Description
---------------------------------------------------------------------------------------------
                      0.000000    0.000000    0.000000   clock __VIRTUAL_CLK__ (rise edge)
                                  0.000000    0.000000   clock network delay (ideal)
                                  2.000000    2.000000 ^ input external delay
     1    0.003572    0.037409    0.019847    2.019847 ^ B[18] (in)
                                                         B[18] (net)
                      0.037409    0.000000    2.019847 ^ input42/A (sky130_fd_sc_hd__clkdlybuf4s25_1)
     3    0.009452    0.171549    0.522946    2.542792 ^ input42/X (sky130_fd_sc_hd__clkdlybuf4s25_1)
                                                         net42 (net)
                      0.171549    0.000127    2.542919 ^ _1042_/A (sky130_fd_sc_hd__nand2_2)
     5    0.019750    0.180756    0.222001    2.764920 v _1042_/Y (sky130_fd_sc_hd__nand2_2)
                                                         _0217_ (net)
                      0.180756    0.000373    2.765293 v _1452_/B (sky130_fd_sc_hd__nor2_2)
     1    0.002733    0.111479    0.162573    2.927866 ^ _1452_/Y (sky130_fd_sc_hd__nor2_2)
                                                         _0609_ (net)
                      0.111479    0.000012    2.927878 ^ _1454_/B1 (sky130_fd_sc_hd__a211o_2)
     1    0.003777    0.051183    0.188368    3.116246 ^ _1454_/X (sky130_fd_sc_hd__a211o_2)
                                                         _0611_ (net)
                      0.051183    0.000044    3.116290 ^ _1461_/B (sky130_fd_sc_hd__or4_4)
     2    0.015431    0.096460    0.240627    3.356917 ^ _1461_/X (sky130_fd_sc_hd__or4_4)
                                                         net78 (net)
                      0.096460    0.000484    3.357400 ^ output78/A (sky130_fd_sc_hd__buf_8)
     1    0.034611    0.105238    0.217225    3.574625 ^ output78/X (sky130_fd_sc_hd__buf_8)
                                                         result[18] (net)
                      0.105238    0.000338    3.574963 ^ result[18] (out)
                                              3.574963   data arrival time

                      0.000000    0.000000    0.000000   clock __VIRTUAL_CLK__ (rise edge)
                                  0.000000    0.000000   clock network delay (ideal)
                                  0.250000    0.250000   clock uncertainty
                                  0.000000    0.250000   clock reconvergence pessimism
                                 -2.000000   -1.750000   output external delay
                                             -1.750000   data required time
---------------------------------------------------------------------------------------------
                                             -1.750000   data required time
                                             -3.574963   data arrival time
---------------------------------------------------------------------------------------------
                                              5.324963   slack (MET)


Startpoint: B[10] (input port clocked by __VIRTUAL_CLK__)
Endpoint: result[11] (output port clocked by __VIRTUAL_CLK__)
Path Group: __VIRTUAL_CLK__
Path Type: min

Fanout         Cap        Slew       Delay        Time   Description
---------------------------------------------------------------------------------------------
                      0.000000    0.000000    0.000000   clock __VIRTUAL_CLK__ (rise edge)
                                  0.000000    0.000000   clock network delay (ideal)
                                  2.000000    2.000000 v input external delay
     1    0.004034    0.023270    0.013112    2.013112 v B[10] (in)
                                                         B[10] (net)
                      0.023270    0.000000    2.013112 v input34/A (sky130_fd_sc_hd__clkdlybuf4s25_1)
     4    0.018429    0.263438    0.596146    2.609258 v input34/X (sky130_fd_sc_hd__clkdlybuf4s25_1)
                                                         net34 (net)
                      0.263438    0.000238    2.609496 v _1006_/A (sky130_fd_sc_hd__nand2_2)
     4    0.015877    0.158122    0.242115    2.851611 ^ _1006_/Y (sky130_fd_sc_hd__nand2_2)
                                                         _0181_ (net)
                      0.158122    0.000065    2.851676 ^ _1310_/A1 (sky130_fd_sc_hd__a21oi_2)
     1    0.005388    0.063987    0.142958    2.994635 v _1310_/Y (sky130_fd_sc_hd__a21oi_2)
                                                         _0474_ (net)
                      0.063987    0.000068    2.994702 v _1312_/A (sky130_fd_sc_hd__nor2_2)
     1    0.005453    0.141382    0.187000    3.181702 ^ _1312_/Y (sky130_fd_sc_hd__nor2_2)
                                                         _0476_ (net)
                      0.141382    0.000050    3.181752 ^ _1325_/B1 (sky130_fd_sc_hd__a211o_4)
     2    0.012716    0.068232    0.205438    3.387190 ^ _1325_/X (sky130_fd_sc_hd__a211o_4)
                                                         net71 (net)
                      0.068232    0.000270    3.387460 ^ output71/A (sky130_fd_sc_hd__buf_8)
     1    0.034555    0.105080    0.204435    3.591894 ^ output71/X (sky130_fd_sc_hd__buf_8)
                                                         result[11] (net)
                      0.105080    0.000435    3.592330 ^ result[11] (out)
                                              3.592330   data arrival time

                      0.000000    0.000000    0.000000   clock __VIRTUAL_CLK__ (rise edge)
                                  0.000000    0.000000   clock network delay (ideal)
                                  0.250000    0.250000   clock uncertainty
                                  0.000000    0.250000   clock reconvergence pessimism
                                 -2.000000   -1.750000   output external delay
                                             -1.750000   data required time
---------------------------------------------------------------------------------------------
                                             -1.750000   data required time
                                             -3.592330   data arrival time
---------------------------------------------------------------------------------------------
                                              5.342330   slack (MET)


Startpoint: B[3] (input port clocked by __VIRTUAL_CLK__)
Endpoint: result[7] (output port clocked by __VIRTUAL_CLK__)
Path Group: __VIRTUAL_CLK__
Path Type: min

Fanout         Cap        Slew       Delay        Time   Description
---------------------------------------------------------------------------------------------
                      0.000000    0.000000    0.000000   clock __VIRTUAL_CLK__ (rise edge)
                                  0.000000    0.000000   clock network delay (ideal)
                                  2.000000    2.000000 ^ input external delay
     1    0.003945    0.039946    0.021808    2.021808 ^ B[3] (in)
                                                         B[3] (net)
                      0.039946    0.000000    2.021808 ^ input58/A (sky130_fd_sc_hd__clkbuf_4)
     9    0.050550    0.250645    0.366415    2.388223 ^ input58/X (sky130_fd_sc_hd__clkbuf_4)
                                                         net58 (net)
                      0.250676    0.002859    2.391083 ^ _1248_/A1 (sky130_fd_sc_hd__o221a_2)
     1    0.011828    0.148405    0.548049    2.939132 ^ _1248_/X (sky130_fd_sc_hd__o221a_2)
                                                         _0416_ (net)
                      0.148405    0.000519    2.939651 ^ _1249_/C (sky130_fd_sc_hd__or3_2)
     1    0.003278    0.051252    0.218182    3.157833 ^ _1249_/X (sky130_fd_sc_hd__or3_2)
                                                         _0417_ (net)
                      0.051252    0.000023    3.157856 ^ _1250_/C (sky130_fd_sc_hd__or3_4)
     2    0.011508    0.080588    0.217708    3.375564 ^ _1250_/X (sky130_fd_sc_hd__or3_4)
                                                         net98 (net)
                      0.080588    0.000223    3.375787 ^ output98/A (sky130_fd_sc_hd__buf_6)
     1    0.035745    0.127054    0.230708    3.606494 ^ output98/X (sky130_fd_sc_hd__buf_6)
                                                         result[7] (net)
                      0.127055    0.000662    3.607157 ^ result[7] (out)
                                              3.607157   data arrival time

                      0.000000    0.000000    0.000000   clock __VIRTUAL_CLK__ (rise edge)
                                  0.000000    0.000000   clock network delay (ideal)
                                  0.250000    0.250000   clock uncertainty
                                  0.000000    0.250000   clock reconvergence pessimism
                                 -2.000000   -1.750000   output external delay
                                             -1.750000   data required time
---------------------------------------------------------------------------------------------
                                             -1.750000   data required time
                                             -3.607157   data arrival time
---------------------------------------------------------------------------------------------
                                              5.357157   slack (MET)


Startpoint: A[5] (input port clocked by __VIRTUAL_CLK__)
Endpoint: result[5] (output port clocked by __VIRTUAL_CLK__)
Path Group: __VIRTUAL_CLK__
Path Type: min

Fanout         Cap        Slew       Delay        Time   Description
---------------------------------------------------------------------------------------------
                      0.000000    0.000000    0.000000   clock __VIRTUAL_CLK__ (rise edge)
                                  0.000000    0.000000   clock network delay (ideal)
                                  2.000000    2.000000 ^ input external delay
     1    0.004250    0.042035    0.023425    2.023425 ^ A[5] (in)
                                                         A[5] (net)
                      0.042035    0.000000    2.023425 ^ input28/A (sky130_fd_sc_hd__clkbuf_2)
     3    0.017230    0.157198    0.243463    2.266888 ^ input28/X (sky130_fd_sc_hd__clkbuf_2)
                                                         net28 (net)
                      0.157198    0.000337    2.267225 ^ fanout205/A (sky130_fd_sc_hd__buf_6)
     2    0.018639    0.079026    0.226188    2.493413 ^ fanout205/X (sky130_fd_sc_hd__buf_6)
                                                         net205 (net)
                      0.079026    0.000147    2.493560 ^ _0952_/B (sky130_fd_sc_hd__xnor2_4)
     3    0.019111    0.118330    0.162739    2.656299 v _0952_/Y (sky130_fd_sc_hd__xnor2_4)
                                                         _0127_ (net)
                      0.118330    0.000290    2.656589 v _1208_/A (sky130_fd_sc_hd__xnor2_2)
     1    0.004131    0.066587    0.257024    2.913613 ^ _1208_/Y (sky130_fd_sc_hd__xnor2_2)
                                                         _0378_ (net)
                      0.066587    0.000059    2.913672 ^ _1209_/B1 (sky130_fd_sc_hd__a22o_2)
     1    0.004870    0.075929    0.262506    3.176178 ^ _1209_/X (sky130_fd_sc_hd__a22o_2)
                                                         _0379_ (net)
                      0.075929    0.000074    3.176252 ^ _1210_/C (sky130_fd_sc_hd__or3_4)
     2    0.009936    0.074341    0.223605    3.399857 ^ _1210_/X (sky130_fd_sc_hd__or3_4)
                                                         net96 (net)
                      0.074341    0.000163    3.400020 ^ output96/A (sky130_fd_sc_hd__buf_6)
     1    0.035228    0.125529    0.226863    3.626883 ^ output96/X (sky130_fd_sc_hd__buf_6)
                                                         result[5] (net)
                      0.125529    0.000525    3.627408 ^ result[5] (out)
                                              3.627408   data arrival time

                      0.000000    0.000000    0.000000   clock __VIRTUAL_CLK__ (rise edge)
                                  0.000000    0.000000   clock network delay (ideal)
                                  0.250000    0.250000   clock uncertainty
                                  0.000000    0.250000   clock reconvergence pessimism
                                 -2.000000   -1.750000   output external delay
                                             -1.750000   data required time
---------------------------------------------------------------------------------------------
                                             -1.750000   data required time
                                             -3.627408   data arrival time
---------------------------------------------------------------------------------------------
                                              5.377408   slack (MET)


Startpoint: B[28] (input port clocked by __VIRTUAL_CLK__)
Endpoint: result[29] (output port clocked by __VIRTUAL_CLK__)
Path Group: __VIRTUAL_CLK__
Path Type: min

Fanout         Cap        Slew       Delay        Time   Description
---------------------------------------------------------------------------------------------
                      0.000000    0.000000    0.000000   clock __VIRTUAL_CLK__ (rise edge)
                                  0.000000    0.000000   clock network delay (ideal)
                                  2.000000    2.000000 v input external delay
     1    0.003520    0.021246    0.011492    2.011492 v B[28] (in)
                                                         B[28] (net)
                      0.021246    0.000000    2.011492 v input53/A (sky130_fd_sc_hd__clkdlybuf4s25_1)
     4    0.015359    0.224755    0.565961    2.577453 v input53/X (sky130_fd_sc_hd__clkdlybuf4s25_1)
                                                         net53 (net)
                      0.224755    0.000270    2.577724 v _0904_/A (sky130_fd_sc_hd__nand2_2)
     3    0.009040    0.107813    0.185568    2.763291 ^ _0904_/Y (sky130_fd_sc_hd__nand2_2)
                                                         _0079_ (net)
                      0.107813    0.000013    2.763304 ^ _1636_/A1 (sky130_fd_sc_hd__a21bo_2)
     1    0.005507    0.071149    0.269887    3.033191 ^ _1636_/X (sky130_fd_sc_hd__a21bo_2)
                                                         _0782_ (net)
                      0.071149    0.000048    3.033239 ^ _1638_/A3 (sky130_fd_sc_hd__a31o_4)
     2    0.020526    0.119790    0.379856    3.413095 ^ _1638_/X (sky130_fd_sc_hd__a31o_4)
                                                         net90 (net)
                      0.119790    0.000118    3.413213 ^ output90/A (sky130_fd_sc_hd__buf_6)
     1    0.035749    0.127191    0.248541    3.661754 ^ output90/X (sky130_fd_sc_hd__buf_6)
                                                         result[29] (net)
                      0.127192    0.000670    3.662425 ^ result[29] (out)
                                              3.662425   data arrival time

                      0.000000    0.000000    0.000000   clock __VIRTUAL_CLK__ (rise edge)
                                  0.000000    0.000000   clock network delay (ideal)
                                  0.250000    0.250000   clock uncertainty
                                  0.000000    0.250000   clock reconvergence pessimism
                                 -2.000000   -1.750000   output external delay
                                             -1.750000   data required time
---------------------------------------------------------------------------------------------
                                             -1.750000   data required time
                                             -3.662425   data arrival time
---------------------------------------------------------------------------------------------
                                              5.412425   slack (MET)


Startpoint: B[24] (input port clocked by __VIRTUAL_CLK__)
Endpoint: result[25] (output port clocked by __VIRTUAL_CLK__)
Path Group: __VIRTUAL_CLK__
Path Type: min

Fanout         Cap        Slew       Delay        Time   Description
---------------------------------------------------------------------------------------------
                      0.000000    0.000000    0.000000   clock __VIRTUAL_CLK__ (rise edge)
                                  0.000000    0.000000   clock network delay (ideal)
                                  2.000000    2.000000 ^ input external delay
     1    0.003475    0.036759    0.019334    2.019334 ^ B[24] (in)
                                                         B[24] (net)
                      0.036759    0.000000    2.019334 ^ input49/A (sky130_fd_sc_hd__clkdlybuf4s25_1)
     4    0.014548    0.248664    0.579530    2.598863 ^ input49/X (sky130_fd_sc_hd__clkdlybuf4s25_1)
                                                         net49 (net)
                      0.248664    0.000353    2.599216 ^ _1058_/A (sky130_fd_sc_hd__nand2_2)
     3    0.011674    0.130763    0.200624    2.799840 v _1058_/Y (sky130_fd_sc_hd__nand2_2)
                                                         _0233_ (net)
                      0.130763    0.000045    2.799886 v _1572_/B (sky130_fd_sc_hd__nand2_2)
     1    0.002860    0.063513    0.120251    2.920137 ^ _1572_/Y (sky130_fd_sc_hd__nand2_2)
                                                         _0722_ (net)
                      0.063513    0.000026    2.920162 ^ _1577_/A2 (sky130_fd_sc_hd__o211a_2)
     1    0.006346    0.106259    0.377380    3.297542 ^ _1577_/X (sky130_fd_sc_hd__o211a_2)
                                                         _0727_ (net)
                      0.106259    0.000099    3.297641 ^ _1578_/C1 (sky130_fd_sc_hd__a211o_4)
     2    0.009595    0.057989    0.170304    3.467946 ^ _1578_/X (sky130_fd_sc_hd__a211o_4)
                                                         net86 (net)
                      0.057992    0.000096    3.468042 ^ output86/A (sky130_fd_sc_hd__buf_8)
     1    0.034741    0.105521    0.200185    3.668226 ^ output86/X (sky130_fd_sc_hd__buf_8)
                                                         result[25] (net)
                      0.105521    0.000440    3.668666 ^ result[25] (out)
                                              3.668666   data arrival time

                      0.000000    0.000000    0.000000   clock __VIRTUAL_CLK__ (rise edge)
                                  0.000000    0.000000   clock network delay (ideal)
                                  0.250000    0.250000   clock uncertainty
                                  0.000000    0.250000   clock reconvergence pessimism
                                 -2.000000   -1.750000   output external delay
                                             -1.750000   data required time
---------------------------------------------------------------------------------------------
                                             -1.750000   data required time
                                             -3.668666   data arrival time
---------------------------------------------------------------------------------------------
                                              5.418666   slack (MET)


Startpoint: B[24] (input port clocked by __VIRTUAL_CLK__)
Endpoint: result[24] (output port clocked by __VIRTUAL_CLK__)
Path Group: __VIRTUAL_CLK__
Path Type: min

Fanout         Cap        Slew       Delay        Time   Description
---------------------------------------------------------------------------------------------
                      0.000000    0.000000    0.000000   clock __VIRTUAL_CLK__ (rise edge)
                                  0.000000    0.000000   clock network delay (ideal)
                                  2.000000    2.000000 v input external delay
     1    0.003298    0.020380    0.010784    2.010784 v B[24] (in)
                                                         B[24] (net)
                      0.020380    0.000000    2.010784 v input49/A (sky130_fd_sc_hd__clkdlybuf4s25_1)
     4    0.013994    0.207600    0.552539    2.563323 v input49/X (sky130_fd_sc_hd__clkdlybuf4s25_1)
                                                         net49 (net)
                      0.207600    0.000338    2.563661 v _1058_/A (sky130_fd_sc_hd__nand2_2)
     3    0.012403    0.126788    0.197387    2.761049 ^ _1058_/Y (sky130_fd_sc_hd__nand2_2)
                                                         _0233_ (net)
                      0.126788    0.000069    2.761118 ^ _1060_/A (sky130_fd_sc_hd__nand2_2)
     6    0.026448    0.232022    0.243315    3.004433 v _1060_/Y (sky130_fd_sc_hd__nand2_2)
                                                         _0235_ (net)
                      0.232022    0.000142    3.004575 v _1547_/A2 (sky130_fd_sc_hd__o21ai_2)
     1    0.004908    0.173425    0.263749    3.268324 ^ _1547_/Y (sky130_fd_sc_hd__o21ai_2)
                                                         _0698_ (net)
                      0.173425    0.000043    3.268367 ^ _1562_/A2 (sky130_fd_sc_hd__o21ai_2)
     2    0.007422    0.083688    0.156738    3.425105 v _1562_/Y (sky130_fd_sc_hd__o21ai_2)
                                                         net85 (net)
                      0.083688    0.000067    3.425171 v output85/A (sky130_fd_sc_hd__buf_6)
     1    0.035868    0.077976    0.255137    3.680308 v output85/X (sky130_fd_sc_hd__buf_6)
                                                         result[24] (net)
                      0.077981    0.000681    3.680989 v result[24] (out)
                                              3.680989   data arrival time

                      0.000000    0.000000    0.000000   clock __VIRTUAL_CLK__ (rise edge)
                                  0.000000    0.000000   clock network delay (ideal)
                                  0.250000    0.250000   clock uncertainty
                                  0.000000    0.250000   clock reconvergence pessimism
                                 -2.000000   -1.750000   output external delay
                                             -1.750000   data required time
---------------------------------------------------------------------------------------------
                                             -1.750000   data required time
                                             -3.680989   data arrival time
---------------------------------------------------------------------------------------------
                                              5.430989   slack (MET)


Startpoint: B[4] (input port clocked by __VIRTUAL_CLK__)
Endpoint: result[8] (output port clocked by __VIRTUAL_CLK__)
Path Group: __VIRTUAL_CLK__
Path Type: min

Fanout         Cap        Slew       Delay        Time   Description
---------------------------------------------------------------------------------------------
                      0.000000    0.000000    0.000000   clock __VIRTUAL_CLK__ (rise edge)
                                  0.000000    0.000000   clock network delay (ideal)
                                  2.000000    2.000000 v input external delay
     1    0.008477    0.041118    0.026712    2.026712 v B[4] (in)
                                                         B[4] (net)
                      0.041118    0.000000    2.026712 v input59/A (sky130_fd_sc_hd__buf_8)
     4    0.033590    0.066852    0.224362    2.251074 v input59/X (sky130_fd_sc_hd__buf_8)
                                                         net59 (net)
                      0.066852    0.000264    2.251337 v fanout158/A (sky130_fd_sc_hd__buf_6)
     2    0.011234    0.045299    0.209416    2.460754 v fanout158/X (sky130_fd_sc_hd__buf_6)
                                                         net158 (net)
                      0.045299    0.000133    2.460887 v fanout157/A (sky130_fd_sc_hd__buf_8)
     4    0.018798    0.050352    0.208681    2.669568 v fanout157/X (sky130_fd_sc_hd__buf_8)
                                                         net157 (net)
                      0.050352    0.000294    2.669862 v rebuffer457/A (sky130_fd_sc_hd__buf_2)
     7    0.033689    0.163658    0.333860    3.003721 v rebuffer457/X (sky130_fd_sc_hd__buf_2)
                                                         net457 (net)
                      0.163658    0.000471    3.004193 v _1270_/A (sky130_fd_sc_hd__nor2_2)
     1    0.004652    0.129107    0.219469    3.223662 ^ _1270_/Y (sky130_fd_sc_hd__nor2_2)
                                                         _0437_ (net)
                      0.129107    0.000073    3.223735 ^ _1271_/C (sky130_fd_sc_hd__or4b_4)
     2    0.012692    0.085454    0.263579    3.487314 ^ _1271_/X (sky130_fd_sc_hd__or4b_4)
                                                         net99 (net)
                      0.085454    0.000238    3.487551 ^ output99/A (sky130_fd_sc_hd__buf_8)
     1    0.035650    0.107657    0.214067    3.701618 ^ output99/X (sky130_fd_sc_hd__buf_8)
                                                         result[8] (net)
                      0.107658    0.000607    3.702226 ^ result[8] (out)
                                              3.702226   data arrival time

                      0.000000    0.000000    0.000000   clock __VIRTUAL_CLK__ (rise edge)
                                  0.000000    0.000000   clock network delay (ideal)
                                  0.250000    0.250000   clock uncertainty
                                  0.000000    0.250000   clock reconvergence pessimism
                                 -2.000000   -1.750000   output external delay
                                             -1.750000   data required time
---------------------------------------------------------------------------------------------
                                             -1.750000   data required time
                                             -3.702226   data arrival time
---------------------------------------------------------------------------------------------
                                              5.452226   slack (MET)


Startpoint: B[13] (input port clocked by __VIRTUAL_CLK__)
Endpoint: result[13] (output port clocked by __VIRTUAL_CLK__)
Path Group: __VIRTUAL_CLK__
Path Type: min

Fanout         Cap        Slew       Delay        Time   Description
---------------------------------------------------------------------------------------------
                      0.000000    0.000000    0.000000   clock __VIRTUAL_CLK__ (rise edge)
                                  0.000000    0.000000   clock network delay (ideal)
                                  2.000000    2.000000 ^ input external delay
     1    0.002885    0.032818    0.016229    2.016229 ^ B[13] (in)
                                                         B[13] (net)
                      0.032818    0.000000    2.016229 ^ input37/A (sky130_fd_sc_hd__dlymetal6s2s_1)
     4    0.031738    0.496631    0.449341    2.465570 ^ input37/X (sky130_fd_sc_hd__dlymetal6s2s_1)
                                                         net37 (net)
                      0.496631    0.000394    2.465964 ^ _0992_/A (sky130_fd_sc_hd__xnor2_4)
     3    0.012700    0.091010    0.290991    2.756955 v _0992_/Y (sky130_fd_sc_hd__xnor2_4)
                                                         _0167_ (net)
                      0.091010    0.000107    2.757062 v _1026_/A (sky130_fd_sc_hd__nand2_2)
     1    0.001889    0.041805    0.081189    2.838252 ^ _1026_/Y (sky130_fd_sc_hd__nand2_2)
                                                         _0201_ (net)
                      0.041805    0.000018    2.838269 ^ _1351_/A (sky130_fd_sc_hd__and3_2)
     1    0.003474    0.084356    0.321424    3.159693 ^ _1351_/X (sky130_fd_sc_hd__and3_2)
                                                         _0513_ (net)
                      0.084356    0.000039    3.159733 ^ _1367_/A2 (sky130_fd_sc_hd__a211o_2)
     2    0.011755    0.103954    0.309012    3.468744 ^ _1367_/X (sky130_fd_sc_hd__a211o_2)
                                                         net73 (net)
                      0.103954    0.000132    3.468876 ^ output73/A (sky130_fd_sc_hd__buf_6)
     1    0.035268    0.125723    0.240352    3.709228 ^ output73/X (sky130_fd_sc_hd__buf_6)
                                                         result[13] (net)
                      0.125723    0.000586    3.709814 ^ result[13] (out)
                                              3.709814   data arrival time

                      0.000000    0.000000    0.000000   clock __VIRTUAL_CLK__ (rise edge)
                                  0.000000    0.000000   clock network delay (ideal)
                                  0.250000    0.250000   clock uncertainty
                                  0.000000    0.250000   clock reconvergence pessimism
                                 -2.000000   -1.750000   output external delay
                                             -1.750000   data required time
---------------------------------------------------------------------------------------------
                                             -1.750000   data required time
                                             -3.709814   data arrival time
---------------------------------------------------------------------------------------------
                                              5.459814   slack (MET)


Startpoint: B[20] (input port clocked by __VIRTUAL_CLK__)
Endpoint: result[20] (output port clocked by __VIRTUAL_CLK__)
Path Group: __VIRTUAL_CLK__
Path Type: min

Fanout         Cap        Slew       Delay        Time   Description
---------------------------------------------------------------------------------------------
                      0.000000    0.000000    0.000000   clock __VIRTUAL_CLK__ (rise edge)
                                  0.000000    0.000000   clock network delay (ideal)
                                  2.000000    2.000000 ^ input external delay
     1    0.003362    0.035992    0.018731    2.018731 ^ B[20] (in)
                                                         B[20] (net)
                      0.035992    0.000000    2.018731 ^ input45/A (sky130_fd_sc_hd__clkdlybuf4s25_1)
     5    0.018673    0.312193    0.624816    2.643547 ^ input45/X (sky130_fd_sc_hd__clkdlybuf4s25_1)
                                                         net45 (net)
                      0.312193    0.000391    2.643939 ^ _1492_/A1 (sky130_fd_sc_hd__a31o_2)
     1    0.002608    0.068244    0.381700    3.025639 ^ _1492_/X (sky130_fd_sc_hd__a31o_2)
                                                         _0647_ (net)
                      0.068244    0.000010    3.025648 ^ _1493_/C1 (sky130_fd_sc_hd__a211o_2)
     1    0.003011    0.046408    0.157962    3.183610 ^ _1493_/X (sky130_fd_sc_hd__a211o_2)
                                                         _0648_ (net)
                      0.046408    0.000027    3.183637 ^ _1494_/B1 (sky130_fd_sc_hd__a21o_2)
     1    0.006782    0.071201    0.160462    3.344099 ^ _1494_/X (sky130_fd_sc_hd__a21o_2)
                                                         _0649_ (net)
                      0.071201    0.000113    3.344211 ^ _1495_/C1 (sky130_fd_sc_hd__a211o_4)
     2    0.012135    0.066253    0.161854    3.506066 ^ _1495_/X (sky130_fd_sc_hd__a211o_4)
                                                         net81 (net)
                      0.066253    0.000107    3.506172 ^ output81/A (sky130_fd_sc_hd__buf_8)
     1    0.034451    0.104810    0.203452    3.709625 ^ output81/X (sky130_fd_sc_hd__buf_8)
                                                         result[20] (net)
                      0.104810    0.000273    3.709897 ^ result[20] (out)
                                              3.709897   data arrival time

                      0.000000    0.000000    0.000000   clock __VIRTUAL_CLK__ (rise edge)
                                  0.000000    0.000000   clock network delay (ideal)
                                  0.250000    0.250000   clock uncertainty
                                  0.000000    0.250000   clock reconvergence pessimism
                                 -2.000000   -1.750000   output external delay
                                             -1.750000   data required time
---------------------------------------------------------------------------------------------
                                             -1.750000   data required time
                                             -3.709897   data arrival time
---------------------------------------------------------------------------------------------
                                              5.459897   slack (MET)


Startpoint: B[8] (input port clocked by __VIRTUAL_CLK__)
Endpoint: result[9] (output port clocked by __VIRTUAL_CLK__)
Path Group: __VIRTUAL_CLK__
Path Type: min

Fanout         Cap        Slew       Delay        Time   Description
---------------------------------------------------------------------------------------------
                      0.000000    0.000000    0.000000   clock __VIRTUAL_CLK__ (rise edge)
                                  0.000000    0.000000   clock network delay (ideal)
                                  2.000000    2.000000 v input external delay
     1    0.003336    0.020529    0.010911    2.010911 v B[8] (in)
                                                         B[8] (net)
                      0.020529    0.000000    2.010911 v input63/A (sky130_fd_sc_hd__clkdlybuf4s25_1)
     4    0.018218    0.260834    0.592946    2.603857 v input63/X (sky130_fd_sc_hd__clkdlybuf4s25_1)
                                                         net63 (net)
                      0.260834    0.000221    2.604078 v _1013_/A (sky130_fd_sc_hd__nand2_4)
     5    0.027377    0.151516    0.241795    2.845873 ^ _1013_/Y (sky130_fd_sc_hd__nand2_4)
                                                         _0188_ (net)
                      0.151516    0.000104    2.845977 ^ _1290_/A2 (sky130_fd_sc_hd__o2111a_2)
     1    0.003765    0.088334    0.432288    3.278265 ^ _1290_/X (sky130_fd_sc_hd__o2111a_2)
                                                         _0456_ (net)
                      0.088334    0.000045    3.278311 ^ _1291_/B (sky130_fd_sc_hd__or3_4)
     2    0.008992    0.070674    0.229182    3.507493 ^ _1291_/X (sky130_fd_sc_hd__or3_4)
                                                         net100 (net)
                      0.070674    0.000135    3.507629 ^ output100/A (sky130_fd_sc_hd__buf_6)
     1    0.035497    0.126329    0.225747    3.733376 ^ output100/X (sky130_fd_sc_hd__buf_6)
                                                         result[9] (net)
                      0.126329    0.000595    3.733971 ^ result[9] (out)
                                              3.733971   data arrival time

                      0.000000    0.000000    0.000000   clock __VIRTUAL_CLK__ (rise edge)
                                  0.000000    0.000000   clock network delay (ideal)
                                  0.250000    0.250000   clock uncertainty
                                  0.000000    0.250000   clock reconvergence pessimism
                                 -2.000000   -1.750000   output external delay
                                             -1.750000   data required time
---------------------------------------------------------------------------------------------
                                             -1.750000   data required time
                                             -3.733971   data arrival time
---------------------------------------------------------------------------------------------
                                              5.483971   slack (MET)


Startpoint: B[28] (input port clocked by __VIRTUAL_CLK__)
Endpoint: result[28] (output port clocked by __VIRTUAL_CLK__)
Path Group: __VIRTUAL_CLK__
Path Type: min

Fanout         Cap        Slew       Delay        Time   Description
---------------------------------------------------------------------------------------------
                      0.000000    0.000000    0.000000   clock __VIRTUAL_CLK__ (rise edge)
                                  0.000000    0.000000   clock network delay (ideal)
                                  2.000000    2.000000 v input external delay
     1    0.003520    0.021246    0.011492    2.011492 v B[28] (in)
                                                         B[28] (net)
                      0.021246    0.000000    2.011492 v input53/A (sky130_fd_sc_hd__clkdlybuf4s25_1)
     4    0.015359    0.224755    0.565961    2.577453 v input53/X (sky130_fd_sc_hd__clkdlybuf4s25_1)
                                                         net53 (net)
                      0.224755    0.000305    2.577758 v _0905_/A (sky130_fd_sc_hd__nor2_2)
     2    0.008114    0.191905    0.288063    2.865821 ^ _0905_/Y (sky130_fd_sc_hd__nor2_2)
                                                         _0080_ (net)
                      0.191905    0.000069    2.865890 ^ _0906_/B (sky130_fd_sc_hd__nor2_2)
     7    0.033209    0.149809    0.206945    3.072835 v _0906_/Y (sky130_fd_sc_hd__nor2_2)
                                                         _0081_ (net)
                      0.149810    0.000644    3.073479 v _1608_/A (sky130_fd_sc_hd__nand2_2)
     1    0.006166    0.079696    0.134223    3.207702 ^ _1608_/Y (sky130_fd_sc_hd__nand2_2)
                                                         _0755_ (net)
                      0.079696    0.000077    3.207779 ^ _1625_/A3 (sky130_fd_sc_hd__a31o_4)
     2    0.010728    0.077766    0.341394    3.549173 ^ _1625_/X (sky130_fd_sc_hd__a31o_4)
                                                         net89 (net)
                      0.077766    0.000098    3.549271 ^ output89/A (sky130_fd_sc_hd__buf_8)
     1    0.034616    0.105213    0.208819    3.758090 ^ output89/X (sky130_fd_sc_hd__buf_8)
                                                         result[28] (net)
                      0.105213    0.000438    3.758527 ^ result[28] (out)
                                              3.758527   data arrival time

                      0.000000    0.000000    0.000000   clock __VIRTUAL_CLK__ (rise edge)
                                  0.000000    0.000000   clock network delay (ideal)
                                  0.250000    0.250000   clock uncertainty
                                  0.000000    0.250000   clock reconvergence pessimism
                                 -2.000000   -1.750000   output external delay
                                             -1.750000   data required time
---------------------------------------------------------------------------------------------
                                             -1.750000   data required time
                                             -3.758527   data arrival time
---------------------------------------------------------------------------------------------
                                              5.508527   slack (MET)


Startpoint: B[22] (input port clocked by __VIRTUAL_CLK__)
Endpoint: result[23] (output port clocked by __VIRTUAL_CLK__)
Path Group: __VIRTUAL_CLK__
Path Type: min

Fanout         Cap        Slew       Delay        Time   Description
---------------------------------------------------------------------------------------------
                      0.000000    0.000000    0.000000   clock __VIRTUAL_CLK__ (rise edge)
                                  0.000000    0.000000   clock network delay (ideal)
                                  2.000000    2.000000 ^ input external delay
     1    0.004708    0.045176    0.025842    2.025841 ^ B[22] (in)
                                                         B[22] (net)
                      0.045190    0.000000    2.025841 ^ input47/A (sky130_fd_sc_hd__clkdlybuf4s25_1)
     4    0.017349    0.291821    0.614119    2.639960 ^ input47/X (sky130_fd_sc_hd__clkdlybuf4s25_1)
                                                         net47 (net)
                      0.291821    0.000308    2.640268 ^ _0934_/A (sky130_fd_sc_hd__nand2_2)
     5    0.020169    0.195428    0.271656    2.911924 v _0934_/Y (sky130_fd_sc_hd__nand2_2)
                                                         _0109_ (net)
                      0.195428    0.000147    2.912071 v _1533_/A (sky130_fd_sc_hd__nand3_2)
     1    0.003086    0.071885    0.138571    3.050642 ^ _1533_/Y (sky130_fd_sc_hd__nand3_2)
                                                         _0685_ (net)
                      0.071885    0.000030    3.050672 ^ _1544_/A2 (sky130_fd_sc_hd__a31o_2)
     1    0.005544    0.076563    0.335667    3.386340 ^ _1544_/X (sky130_fd_sc_hd__a31o_2)
                                                         _0696_ (net)
                      0.076563    0.000066    3.386405 ^ _1545_/C1 (sky130_fd_sc_hd__a211o_4)
     2    0.009928    0.058871    0.158027    3.544433 ^ _1545_/X (sky130_fd_sc_hd__a211o_4)
                                                         net84 (net)
                      0.058871    0.000099    3.544532 ^ output84/A (sky130_fd_sc_hd__buf_6)
     1    0.034510    0.123432    0.218466    3.762998 ^ output84/X (sky130_fd_sc_hd__buf_6)
                                                         result[23] (net)
                      0.123432    0.000340    3.763338 ^ result[23] (out)
                                              3.763338   data arrival time

                      0.000000    0.000000    0.000000   clock __VIRTUAL_CLK__ (rise edge)
                                  0.000000    0.000000   clock network delay (ideal)
                                  0.250000    0.250000   clock uncertainty
                                  0.000000    0.250000   clock reconvergence pessimism
                                 -2.000000   -1.750000   output external delay
                                             -1.750000   data required time
---------------------------------------------------------------------------------------------
                                             -1.750000   data required time
                                             -3.763338   data arrival time
---------------------------------------------------------------------------------------------
                                              5.513338   slack (MET)


Startpoint: B[22] (input port clocked by __VIRTUAL_CLK__)
Endpoint: result[22] (output port clocked by __VIRTUAL_CLK__)
Path Group: __VIRTUAL_CLK__
Path Type: min

Fanout         Cap        Slew       Delay        Time   Description
---------------------------------------------------------------------------------------------
                      0.000000    0.000000    0.000000   clock __VIRTUAL_CLK__ (rise edge)
                                  0.000000    0.000000   clock network delay (ideal)
                                  2.000000    2.000000 v input external delay
     1    0.004531    0.025248    0.014669    2.014669 v B[22] (in)
                                                         B[22] (net)
                      0.025248    0.000000    2.014669 v input47/A (sky130_fd_sc_hd__clkdlybuf4s25_1)
     4    0.016795    0.242767    0.581352    2.596021 v input47/X (sky130_fd_sc_hd__clkdlybuf4s25_1)
                                                         net47 (net)
                      0.242767    0.000298    2.596318 v _0934_/A (sky130_fd_sc_hd__nand2_2)
     5    0.021133    0.190205    0.263327    2.859645 ^ _0934_/Y (sky130_fd_sc_hd__nand2_2)
                                                         _0109_ (net)
                      0.190205    0.000162    2.859807 ^ _1516_/B1 (sky130_fd_sc_hd__a32o_2)
     2    0.006947    0.105661    0.300762    3.160570 ^ _1516_/X (sky130_fd_sc_hd__a32o_2)
                                                         _0669_ (net)
                      0.105661    0.000066    3.160635 ^ _1530_/A3 (sky130_fd_sc_hd__a31o_2)
     2    0.007151    0.091318    0.369978    3.530613 ^ _1530_/X (sky130_fd_sc_hd__a31o_2)
                                                         net83 (net)
                      0.091318    0.000025    3.530638 ^ output83/A (sky130_fd_sc_hd__buf_6)
     1    0.034790    0.124254    0.233732    3.764370 ^ output83/X (sky130_fd_sc_hd__buf_6)
                                                         result[22] (net)
                      0.124254    0.000325    3.764694 ^ result[22] (out)
                                              3.764694   data arrival time

                      0.000000    0.000000    0.000000   clock __VIRTUAL_CLK__ (rise edge)
                                  0.000000    0.000000   clock network delay (ideal)
                                  0.250000    0.250000   clock uncertainty
                                  0.000000    0.250000   clock reconvergence pessimism
                                 -2.000000   -1.750000   output external delay
                                             -1.750000   data required time
---------------------------------------------------------------------------------------------
                                             -1.750000   data required time
                                             -3.764694   data arrival time
---------------------------------------------------------------------------------------------
                                              5.514695   slack (MET)


Startpoint: B[12] (input port clocked by __VIRTUAL_CLK__)
Endpoint: result[12] (output port clocked by __VIRTUAL_CLK__)
Path Group: __VIRTUAL_CLK__
Path Type: min

Fanout         Cap        Slew       Delay        Time   Description
---------------------------------------------------------------------------------------------
                      0.000000    0.000000    0.000000   clock __VIRTUAL_CLK__ (rise edge)
                                  0.000000    0.000000   clock network delay (ideal)
                                  2.000000    2.000000 v input external delay
     1    0.003639    0.021713    0.011867    2.011867 v B[12] (in)
                                                         B[12] (net)
                      0.021713    0.000000    2.011867 v input36/A (sky130_fd_sc_hd__clkdlybuf4s25_1)
     3    0.013006    0.195091    0.543841    2.555708 v input36/X (sky130_fd_sc_hd__clkdlybuf4s25_1)
                                                         net36 (net)
                      0.195091    0.000123    2.555831 v _0994_/A (sky130_fd_sc_hd__nand2_4)
     2    0.021414    0.122683    0.192897    2.748729 ^ _0994_/Y (sky130_fd_sc_hd__nand2_4)
                                                         _0169_ (net)
                      0.122683    0.000111    2.748839 ^ _0995_/B (sky130_fd_sc_hd__nand2_8)
     7    0.026084    0.087574    0.138289    2.887128 v _0995_/Y (sky130_fd_sc_hd__nand2_8)
                                                         _0170_ (net)
                      0.087577    0.000607    2.887735 v _1336_/A1 (sky130_fd_sc_hd__a311oi_2)
     1    0.003815    0.239284    0.345615    3.233350 ^ _1336_/Y (sky130_fd_sc_hd__a311oi_2)
                                                         _0499_ (net)
                      0.239284    0.000047    3.233397 ^ _1348_/B (sky130_fd_sc_hd__or3_4)
     2    0.012811    0.086125    0.312932    3.546329 ^ _1348_/X (sky130_fd_sc_hd__or3_4)
                                                         net72 (net)
                      0.086125    0.000225    3.546555 ^ output72/A (sky130_fd_sc_hd__buf_6)
     1    0.034917    0.124631    0.231542    3.778096 ^ output72/X (sky130_fd_sc_hd__buf_6)
                                                         result[12] (net)
                      0.124631    0.000497    3.778594 ^ result[12] (out)
                                              3.778594   data arrival time

                      0.000000    0.000000    0.000000   clock __VIRTUAL_CLK__ (rise edge)
                                  0.000000    0.000000   clock network delay (ideal)
                                  0.250000    0.250000   clock uncertainty
                                  0.000000    0.250000   clock reconvergence pessimism
                                 -2.000000   -1.750000   output external delay
                                             -1.750000   data required time
---------------------------------------------------------------------------------------------
                                             -1.750000   data required time
                                             -3.778594   data arrival time
---------------------------------------------------------------------------------------------
                                              5.528594   slack (MET)


Startpoint: B[31] (input port clocked by __VIRTUAL_CLK__)
Endpoint: zero (output port clocked by __VIRTUAL_CLK__)
Path Group: __VIRTUAL_CLK__
Path Type: min

Fanout         Cap        Slew       Delay        Time   Description
---------------------------------------------------------------------------------------------
                      0.000000    0.000000    0.000000   clock __VIRTUAL_CLK__ (rise edge)
                                  0.000000    0.000000   clock network delay (ideal)
                                  2.000000    2.000000 ^ input external delay
     1    0.004242    0.041979    0.023394    2.023393 ^ B[31] (in)
                                                         B[31] (net)
                      0.041979    0.000000    2.023393 ^ input57/A (sky130_fd_sc_hd__clkdlybuf4s25_1)
     3    0.010460    0.186833    0.536189    2.559583 ^ input57/X (sky130_fd_sc_hd__clkdlybuf4s25_1)
                                                         net57 (net)
                      0.186833    0.000253    2.559836 ^ _0886_/A (sky130_fd_sc_hd__nand2_2)
     2    0.006211    0.087030    0.143452    2.703288 v _0886_/Y (sky130_fd_sc_hd__nand2_2)
                                                         _0061_ (net)
                      0.087030    0.000045    2.703333 v _1659_/B (sky130_fd_sc_hd__nor2_2)
     1    0.003763    0.115610    0.137308    2.840641 ^ _1659_/Y (sky130_fd_sc_hd__nor2_2)
                                                         _0803_ (net)
                      0.115610    0.000047    2.840688 ^ _1661_/B1 (sky130_fd_sc_hd__a211o_2)
     1    0.009317    0.087455    0.223232    3.063920 ^ _1661_/X (sky130_fd_sc_hd__a211o_2)
                                                         _0805_ (net)
                      0.087455    0.000306    3.064226 ^ _1662_/B1 (sky130_fd_sc_hd__a21o_2)
     1    0.004001    0.052558    0.161702    3.225928 ^ _1662_/X (sky130_fd_sc_hd__a21o_2)
                                                         _0806_ (net)
                      0.052558    0.000056    3.225984 ^ _1668_/A (sky130_fd_sc_hd__or4_4)
     2    0.016895    0.102512    0.250738    3.476722 ^ _1668_/X (sky130_fd_sc_hd__or4_4)
                                                         net93 (net)
                      0.102512    0.000216    3.476938 ^ _1682_/B (sky130_fd_sc_hd__nor4_4)
     1    0.004740    0.031859    0.087581    3.564519 v _1682_/Y (sky130_fd_sc_hd__nor4_4)
                                                         net101 (net)
                      0.031859    0.000023    3.564542 v output101/A (sky130_fd_sc_hd__buf_6)
     1    0.035914    0.077972    0.231447    3.795989 v output101/X (sky130_fd_sc_hd__buf_6)
                                                         zero (net)
                      0.077976    0.000650    3.796639 v zero (out)
                                              3.796639   data arrival time

                      0.000000    0.000000    0.000000   clock __VIRTUAL_CLK__ (rise edge)
                                  0.000000    0.000000   clock network delay (ideal)
                                  0.250000    0.250000   clock uncertainty
                                  0.000000    0.250000   clock reconvergence pessimism
                                 -2.000000   -1.750000   output external delay
                                             -1.750000   data required time
---------------------------------------------------------------------------------------------
                                             -1.750000   data required time
                                             -3.796639   data arrival time
---------------------------------------------------------------------------------------------
                                              5.546639   slack (MET)


Startpoint: B[4] (input port clocked by __VIRTUAL_CLK__)
Endpoint: result[3] (output port clocked by __VIRTUAL_CLK__)
Path Group: __VIRTUAL_CLK__
Path Type: min

Fanout         Cap        Slew       Delay        Time   Description
---------------------------------------------------------------------------------------------
                      0.000000    0.000000    0.000000   clock __VIRTUAL_CLK__ (rise edge)
                                  0.000000    0.000000   clock network delay (ideal)
                                  2.000000    2.000000 ^ input external delay
     1    0.009078    0.074817    0.047792    2.047792 ^ B[4] (in)
                                                         B[4] (net)
                      0.074817    0.000000    2.047792 ^ input59/A (sky130_fd_sc_hd__buf_8)
     4    0.034533    0.104911    0.206877    2.254669 ^ input59/X (sky130_fd_sc_hd__buf_8)
                                                         net59 (net)
                      0.104911    0.000273    2.254942 ^ fanout158/A (sky130_fd_sc_hd__buf_6)
     2    0.011963    0.060377    0.186304    2.441247 ^ fanout158/X (sky130_fd_sc_hd__buf_6)
                                                         net158 (net)
                      0.060377    0.000142    2.441389 ^ fanout157/A (sky130_fd_sc_hd__buf_8)
     4    0.020021    0.071972    0.174103    2.615492 ^ fanout157/X (sky130_fd_sc_hd__buf_8)
                                                         net157 (net)
                      0.071973    0.000314    2.615805 ^ rebuffer457/A (sky130_fd_sc_hd__buf_2)
     7    0.034996    0.277514    0.348404    2.964209 ^ rebuffer457/X (sky130_fd_sc_hd__buf_2)
                                                         net457 (net)
                      0.277514    0.000371    2.964581 ^ _1170_/A1 (sky130_fd_sc_hd__a21o_2)
     2    0.006240    0.067489    0.330470    3.295051 ^ _1170_/X (sky130_fd_sc_hd__a21o_2)
                                                         net94 (net)
                      0.067489    0.000054    3.295105 ^ output94/A (sky130_fd_sc_hd__dlymetal6s2s_1)
     1    0.035548    0.551540    0.504502    3.799608 ^ output94/X (sky130_fd_sc_hd__dlymetal6s2s_1)
                                                         result[3] (net)
                      0.551540    0.000247    3.799855 ^ result[3] (out)
                                              3.799855   data arrival time

                      0.000000    0.000000    0.000000   clock __VIRTUAL_CLK__ (rise edge)
                                  0.000000    0.000000   clock network delay (ideal)
                                  0.250000    0.250000   clock uncertainty
                                  0.000000    0.250000   clock reconvergence pessimism
                                 -2.000000   -1.750000   output external delay
                                             -1.750000   data required time
---------------------------------------------------------------------------------------------
                                             -1.750000   data required time
                                             -3.799855   data arrival time
---------------------------------------------------------------------------------------------
                                              5.549855   slack (MET)


Startpoint: B[20] (input port clocked by __VIRTUAL_CLK__)
Endpoint: result[21] (output port clocked by __VIRTUAL_CLK__)
Path Group: __VIRTUAL_CLK__
Path Type: min

Fanout         Cap        Slew       Delay        Time   Description
---------------------------------------------------------------------------------------------
                      0.000000    0.000000    0.000000   clock __VIRTUAL_CLK__ (rise edge)
                                  0.000000    0.000000   clock network delay (ideal)
                                  2.000000    2.000000 ^ input external delay
     1    0.003362    0.035992    0.018731    2.018731 ^ B[20] (in)
                                                         B[20] (net)
                      0.035992    0.000000    2.018731 ^ input45/A (sky130_fd_sc_hd__clkdlybuf4s25_1)
     5    0.018673    0.312193    0.624816    2.643547 ^ input45/X (sky130_fd_sc_hd__clkdlybuf4s25_1)
                                                         net45 (net)
                      0.312193    0.000299    2.643846 ^ _1508_/A1 (sky130_fd_sc_hd__a211o_2)
     1    0.002861    0.046729    0.333719    2.977565 ^ _1508_/X (sky130_fd_sc_hd__a211o_2)
                                                         _0662_ (net)
                      0.046729    0.000026    2.977591 ^ _1513_/A2 (sky130_fd_sc_hd__a41o_2)
     1    0.004208    0.059689    0.406050    3.383640 ^ _1513_/X (sky130_fd_sc_hd__a41o_2)
                                                         _0667_ (net)
                      0.059689    0.000045    3.383685 ^ _1514_/B1 (sky130_fd_sc_hd__a41o_2)
     2    0.009262    0.096111    0.195251    3.578937 ^ _1514_/X (sky130_fd_sc_hd__a41o_2)
                                                         net82 (net)
                      0.096111    0.000072    3.579009 ^ output82/A (sky130_fd_sc_hd__buf_6)
     1    0.034464    0.123306    0.235264    3.814273 ^ output82/X (sky130_fd_sc_hd__buf_6)
                                                         result[21] (net)
                      0.123306    0.000232    3.814505 ^ result[21] (out)
                                              3.814505   data arrival time

                      0.000000    0.000000    0.000000   clock __VIRTUAL_CLK__ (rise edge)
                                  0.000000    0.000000   clock network delay (ideal)
                                  0.250000    0.250000   clock uncertainty
                                  0.000000    0.250000   clock reconvergence pessimism
                                 -2.000000   -1.750000   output external delay
                                             -1.750000   data required time
---------------------------------------------------------------------------------------------
                                             -1.750000   data required time
                                             -3.814505   data arrival time
---------------------------------------------------------------------------------------------
                                              5.564505   slack (MET)


Startpoint: B[18] (input port clocked by __VIRTUAL_CLK__)
Endpoint: result[19] (output port clocked by __VIRTUAL_CLK__)
Path Group: __VIRTUAL_CLK__
Path Type: min

Fanout         Cap        Slew       Delay        Time   Description
---------------------------------------------------------------------------------------------
                      0.000000    0.000000    0.000000   clock __VIRTUAL_CLK__ (rise edge)
                                  0.000000    0.000000   clock network delay (ideal)
                                  2.000000    2.000000 v input external delay
     1    0.003395    0.020756    0.011091    2.011091 v B[18] (in)
                                                         B[18] (net)
                      0.020756    0.000000    2.011091 v input42/A (sky130_fd_sc_hd__clkdlybuf4s25_1)
     3    0.009062    0.149064    0.502291    2.513382 v input42/X (sky130_fd_sc_hd__clkdlybuf4s25_1)
                                                         net42 (net)
                      0.149064    0.000121    2.513504 v _1042_/A (sky130_fd_sc_hd__nand2_2)
     5    0.020945    0.184313    0.218619    2.732123 ^ _1042_/Y (sky130_fd_sc_hd__nand2_2)
                                                         _0217_ (net)
                      0.184313    0.000285    2.732408 ^ _1466_/A1 (sky130_fd_sc_hd__a311o_2)
     1    0.011221    0.115357    0.444069    3.176477 ^ _1466_/X (sky130_fd_sc_hd__a311o_2)
                                                         _0622_ (net)
                      0.115357    0.000207    3.176683 ^ _1476_/B (sky130_fd_sc_hd__nand3b_4)
     2    0.011451    0.129634    0.187057    3.363740 v _1476_/Y (sky130_fd_sc_hd__nand3b_4)
                                                         net79 (net)
                      0.129634    0.000341    3.364081 v rebuffer443/A (sky130_fd_sc_hd__buf_6)
     1    0.007340    0.040278    0.232825    3.596906 v rebuffer443/X (sky130_fd_sc_hd__buf_6)
                                                         net443 (net)
                      0.040278    0.000049    3.596955 v output79/A (sky130_fd_sc_hd__buf_8)
     1    0.034735    0.068100    0.225868    3.822822 v output79/X (sky130_fd_sc_hd__buf_8)
                                                         result[19] (net)
                      0.068101    0.000406    3.823229 v result[19] (out)
                                              3.823229   data arrival time

                      0.000000    0.000000    0.000000   clock __VIRTUAL_CLK__ (rise edge)
                                  0.000000    0.000000   clock network delay (ideal)
                                  0.250000    0.250000   clock uncertainty
                                  0.000000    0.250000   clock reconvergence pessimism
                                 -2.000000   -1.750000   output external delay
                                             -1.750000   data required time
---------------------------------------------------------------------------------------------
                                             -1.750000   data required time
                                             -3.823229   data arrival time
---------------------------------------------------------------------------------------------
                                              5.573228   slack (MET)


Startpoint: B[25] (input port clocked by __VIRTUAL_CLK__)
Endpoint: result[26] (output port clocked by __VIRTUAL_CLK__)
Path Group: __VIRTUAL_CLK__
Path Type: min

Fanout         Cap        Slew       Delay        Time   Description
---------------------------------------------------------------------------------------------
                      0.000000    0.000000    0.000000   clock __VIRTUAL_CLK__ (rise edge)
                                  0.000000    0.000000   clock network delay (ideal)
                                  2.000000    2.000000 v input external delay
     1    0.004117    0.023600    0.013377    2.013377 v B[25] (in)
                                                         B[25] (net)
                      0.023600    0.000000    2.013377 v input50/A (sky130_fd_sc_hd__clkdlybuf4s25_1)
     4    0.016763    0.242373    0.580439    2.593817 v input50/X (sky130_fd_sc_hd__clkdlybuf4s25_1)
                                                         net50 (net)
                      0.242373    0.000052    2.593868 v _0923_/A1 (sky130_fd_sc_hd__o21a_2)
     3    0.015849    0.106558    0.524875    3.118744 v _0923_/X (sky130_fd_sc_hd__o21a_2)
                                                         _0098_ (net)
                      0.106558    0.000273    3.119016 v _1579_/B (sky130_fd_sc_hd__nand3_2)
     1    0.006550    0.093605    0.139037    3.258054 ^ _1579_/Y (sky130_fd_sc_hd__nand3_2)
                                                         _0728_ (net)
                      0.093605    0.000085    3.258139 ^ _1593_/A3 (sky130_fd_sc_hd__a31o_4)
     2    0.012557    0.085388    0.353876    3.612015 ^ _1593_/X (sky130_fd_sc_hd__a31o_4)
                                                         net87 (net)
                      0.085388    0.000149    3.612164 ^ output87/A (sky130_fd_sc_hd__buf_8)
     1    0.034940    0.106000    0.212764    3.824929 ^ output87/X (sky130_fd_sc_hd__buf_8)
                                                         result[26] (net)
                      0.106001    0.000544    3.825472 ^ result[26] (out)
                                              3.825472   data arrival time

                      0.000000    0.000000    0.000000   clock __VIRTUAL_CLK__ (rise edge)
                                  0.000000    0.000000   clock network delay (ideal)
                                  0.250000    0.250000   clock uncertainty
                                  0.000000    0.250000   clock reconvergence pessimism
                                 -2.000000   -1.750000   output external delay
                                             -1.750000   data required time
---------------------------------------------------------------------------------------------
                                             -1.750000   data required time
                                             -3.825472   data arrival time
---------------------------------------------------------------------------------------------
                                              5.575472   slack (MET)


Startpoint: B[31] (input port clocked by __VIRTUAL_CLK__)
Endpoint: result[31] (output port clocked by __VIRTUAL_CLK__)
Path Group: __VIRTUAL_CLK__
Path Type: min

Fanout         Cap        Slew       Delay        Time   Description
---------------------------------------------------------------------------------------------
                      0.000000    0.000000    0.000000   clock __VIRTUAL_CLK__ (rise edge)
                                  0.000000    0.000000   clock network delay (ideal)
                                  2.000000    2.000000 ^ input external delay
     1    0.004242    0.041979    0.023394    2.023393 ^ B[31] (in)
                                                         B[31] (net)
                      0.041979    0.000000    2.023393 ^ input57/A (sky130_fd_sc_hd__clkdlybuf4s25_1)
     3    0.010460    0.186833    0.536189    2.559583 ^ input57/X (sky130_fd_sc_hd__clkdlybuf4s25_1)
                                                         net57 (net)
                      0.186833    0.000253    2.559836 ^ _0886_/A (sky130_fd_sc_hd__nand2_2)
     2    0.006211    0.087030    0.143452    2.703288 v _0886_/Y (sky130_fd_sc_hd__nand2_2)
                                                         _0061_ (net)
                      0.087030    0.000045    2.703333 v _1659_/B (sky130_fd_sc_hd__nor2_2)
     1    0.003763    0.115610    0.137308    2.840641 ^ _1659_/Y (sky130_fd_sc_hd__nor2_2)
                                                         _0803_ (net)
                      0.115610    0.000047    2.840688 ^ _1661_/B1 (sky130_fd_sc_hd__a211o_2)
     1    0.009317    0.087455    0.223232    3.063920 ^ _1661_/X (sky130_fd_sc_hd__a211o_2)
                                                         _0805_ (net)
                      0.087455    0.000306    3.064226 ^ _1662_/B1 (sky130_fd_sc_hd__a21o_2)
     1    0.004001    0.052558    0.161702    3.225928 ^ _1662_/X (sky130_fd_sc_hd__a21o_2)
                                                         _0806_ (net)
                      0.052558    0.000056    3.225984 ^ _1668_/A (sky130_fd_sc_hd__or4_4)
     2    0.016895    0.102512    0.250738    3.476722 ^ _1668_/X (sky130_fd_sc_hd__or4_4)
                                                         net93 (net)
                      0.102512    0.000266    3.476988 ^ rebuffer248/A (sky130_fd_sc_hd__buf_6)
     1    0.009308    0.053398    0.178804    3.655792 ^ rebuffer248/X (sky130_fd_sc_hd__buf_6)
                                                         net248 (net)
                      0.053410    0.000138    3.655931 ^ output93/A (sky130_fd_sc_hd__buf_8)
     1    0.036066    0.108654    0.200403    3.856333 ^ output93/X (sky130_fd_sc_hd__buf_8)
                                                         result[31] (net)
                      0.108657    0.000743    3.857077 ^ result[31] (out)
                                              3.857077   data arrival time

                      0.000000    0.000000    0.000000   clock __VIRTUAL_CLK__ (rise edge)
                                  0.000000    0.000000   clock network delay (ideal)
                                  0.250000    0.250000   clock uncertainty
                                  0.000000    0.250000   clock reconvergence pessimism
                                 -2.000000   -1.750000   output external delay
                                             -1.750000   data required time
---------------------------------------------------------------------------------------------
                                             -1.750000   data required time
                                             -3.857077   data arrival time
---------------------------------------------------------------------------------------------
                                              5.607077   slack (MET)


Startpoint: control[0] (input port clocked by __VIRTUAL_CLK__)
Endpoint: result[14] (output port clocked by __VIRTUAL_CLK__)
Path Group: __VIRTUAL_CLK__
Path Type: min

Fanout         Cap        Slew       Delay        Time   Description
---------------------------------------------------------------------------------------------
                      0.000000    0.000000    0.000000   clock __VIRTUAL_CLK__ (rise edge)
                                  0.000000    0.000000   clock network delay (ideal)
                                  2.000000    2.000000 v input external delay
     1    0.002910    0.018882    0.009559    2.009559 v control[0] (in)
                                                         control[0] (net)
                      0.018882    0.000000    2.009559 v input65/A (sky130_fd_sc_hd__clkdlybuf4s25_1)
     5    0.018794    0.268208    0.597622    2.607181 v input65/X (sky130_fd_sc_hd__clkdlybuf4s25_1)
                                                         net65 (net)
                      0.268208    0.000375    2.607556 v _1100_/A (sky130_fd_sc_hd__nand2_2)
     9    0.077965    0.629198    0.587550    3.195106 ^ _1100_/Y (sky130_fd_sc_hd__nand2_2)
                                                         _0274_ (net)
                      0.629274    0.005815    3.200921 ^ _1386_/A1 (sky130_fd_sc_hd__o21ai_2)
     2    0.008634    0.089025    0.330483    3.531404 v _1386_/Y (sky130_fd_sc_hd__o21ai_2)
                                                         net74 (net)
                      0.089025    0.000223    3.531628 v output74/A (sky130_fd_sc_hd__clkbuf_2)
     1    0.035366    0.248095    0.351209    3.882837 v output74/X (sky130_fd_sc_hd__clkbuf_2)
                                                         result[14] (net)
                      0.248095    0.000576    3.883413 v result[14] (out)
                                              3.883413   data arrival time

                      0.000000    0.000000    0.000000   clock __VIRTUAL_CLK__ (rise edge)
                                  0.000000    0.000000   clock network delay (ideal)
                                  0.250000    0.250000   clock uncertainty
                                  0.000000    0.250000   clock reconvergence pessimism
                                 -2.000000   -1.750000   output external delay
                                             -1.750000   data required time
---------------------------------------------------------------------------------------------
                                             -1.750000   data required time
                                             -3.883413   data arrival time
---------------------------------------------------------------------------------------------
                                              5.633413   slack (MET)


Startpoint: B[28] (input port clocked by __VIRTUAL_CLK__)
Endpoint: result[30] (output port clocked by __VIRTUAL_CLK__)
Path Group: __VIRTUAL_CLK__
Path Type: min

Fanout         Cap        Slew       Delay        Time   Description
---------------------------------------------------------------------------------------------
                      0.000000    0.000000    0.000000   clock __VIRTUAL_CLK__ (rise edge)
                                  0.000000    0.000000   clock network delay (ideal)
                                  2.000000    2.000000 v input external delay
     1    0.003520    0.021246    0.011492    2.011492 v B[28] (in)
                                                         B[28] (net)
                      0.021246    0.000000    2.011492 v input53/A (sky130_fd_sc_hd__clkdlybuf4s25_1)
     4    0.015359    0.224755    0.565961    2.577453 v input53/X (sky130_fd_sc_hd__clkdlybuf4s25_1)
                                                         net53 (net)
                      0.224755    0.000270    2.577724 v _0904_/A (sky130_fd_sc_hd__nand2_2)
     3    0.009040    0.107813    0.185568    2.763291 ^ _0904_/Y (sky130_fd_sc_hd__nand2_2)
                                                         _0079_ (net)
                      0.107813    0.000034    2.763325 ^ _1651_/A2 (sky130_fd_sc_hd__a311o_2)
     2    0.006745    0.082614    0.399607    3.162932 ^ _1651_/X (sky130_fd_sc_hd__a311o_2)
                                                         _0796_ (net)
                      0.082614    0.000031    3.162963 ^ rebuffer243/A (sky130_fd_sc_hd__buf_2)
     2    0.011916    0.109146    0.228923    3.391886 ^ rebuffer243/X (sky130_fd_sc_hd__buf_2)
                                                         net243 (net)
                      0.109146    0.000119    3.392004 ^ _1653_/A1 (sky130_fd_sc_hd__a211o_4)
     2    0.017422    0.084700    0.284270    3.676274 ^ _1653_/X (sky130_fd_sc_hd__a211o_4)
                                                         net92 (net)
                      0.084700    0.000334    3.676609 ^ output92/A (sky130_fd_sc_hd__buf_6)
     1    0.034481    0.123346    0.229994    3.906603 ^ output92/X (sky130_fd_sc_hd__buf_6)
                                                         result[30] (net)
                      0.123346    0.000434    3.907037 ^ result[30] (out)
                                              3.907037   data arrival time

                      0.000000    0.000000    0.000000   clock __VIRTUAL_CLK__ (rise edge)
                                  0.000000    0.000000   clock network delay (ideal)
                                  0.250000    0.250000   clock uncertainty
                                  0.000000    0.250000   clock reconvergence pessimism
                                 -2.000000   -1.750000   output external delay
                                             -1.750000   data required time
---------------------------------------------------------------------------------------------
                                             -1.750000   data required time
                                             -3.907037   data arrival time
---------------------------------------------------------------------------------------------
                                              5.657037   slack (MET)


Startpoint: B[16] (input port clocked by __VIRTUAL_CLK__)
Endpoint: result[17] (output port clocked by __VIRTUAL_CLK__)
Path Group: __VIRTUAL_CLK__
Path Type: min

Fanout         Cap        Slew       Delay        Time   Description
---------------------------------------------------------------------------------------------
                      0.000000    0.000000    0.000000   clock __VIRTUAL_CLK__ (rise edge)
                                  0.000000    0.000000   clock network delay (ideal)
                                  2.000000    2.000000 v input external delay
     1    0.002990    0.019186    0.009814    2.009814 v B[16] (in)
                                                         B[16] (net)
                      0.019186    0.000000    2.009814 v input40/A (sky130_fd_sc_hd__clkdlybuf4s25_1)
     3    0.013871    0.206054    0.550930    2.560744 v input40/X (sky130_fd_sc_hd__clkdlybuf4s25_1)
                                                         net40 (net)
                      0.206054    0.000228    2.560972 v _0828_/A (sky130_fd_sc_hd__inv_2)
     2    0.004802    0.073604    0.131739    2.692711 ^ _0828_/Y (sky130_fd_sc_hd__inv_2)
                                                         _0003_ (net)
                      0.073604    0.000020    2.692731 ^ _1426_/A1 (sky130_fd_sc_hd__a21o_2)
     1    0.003643    0.051917    0.228274    2.921005 ^ _1426_/X (sky130_fd_sc_hd__a21o_2)
                                                         _0584_ (net)
                      0.051917    0.000043    2.921048 ^ _1429_/A2 (sky130_fd_sc_hd__o211a_2)
     1    0.003692    0.083937    0.346872    3.267920 ^ _1429_/X (sky130_fd_sc_hd__o211a_2)
                                                         _0587_ (net)
                      0.083937    0.000031    3.267951 ^ _1445_/A (sky130_fd_sc_hd__or3_4)
     2    0.009507    0.072634    0.230637    3.498588 ^ _1445_/X (sky130_fd_sc_hd__or3_4)
                                                         net77 (net)
                      0.072634    0.000097    3.498685 ^ rebuffer223/A (sky130_fd_sc_hd__buf_2)
     1    0.007208    0.075879    0.197713    3.696397 ^ rebuffer223/X (sky130_fd_sc_hd__buf_2)
                                                         net223 (net)
                      0.075879    0.000126    3.696523 ^ output77/A (sky130_fd_sc_hd__buf_6)
     1    0.034442    0.123194    0.226040    3.922563 ^ output77/X (sky130_fd_sc_hd__buf_6)
                                                         result[17] (net)
                      0.123194    0.000222    3.922786 ^ result[17] (out)
                                              3.922786   data arrival time

                      0.000000    0.000000    0.000000   clock __VIRTUAL_CLK__ (rise edge)
                                  0.000000    0.000000   clock network delay (ideal)
                                  0.250000    0.250000   clock uncertainty
                                  0.000000    0.250000   clock reconvergence pessimism
                                 -2.000000   -1.750000   output external delay
                                             -1.750000   data required time
---------------------------------------------------------------------------------------------
                                             -1.750000   data required time
                                             -3.922786   data arrival time
---------------------------------------------------------------------------------------------
                                              5.672786   slack (MET)


Startpoint: B[14] (input port clocked by __VIRTUAL_CLK__)
Endpoint: result[15] (output port clocked by __VIRTUAL_CLK__)
Path Group: __VIRTUAL_CLK__
Path Type: min

Fanout         Cap        Slew       Delay        Time   Description
---------------------------------------------------------------------------------------------
                      0.000000    0.000000    0.000000   clock __VIRTUAL_CLK__ (rise edge)
                                  0.000000    0.000000   clock network delay (ideal)
                                  2.000000    2.000000 v input external delay
     1    0.003018    0.019295    0.009904    2.009904 v B[14] (in)
                                                         B[14] (net)
                      0.019295    0.000000    2.009904 v input38/A (sky130_fd_sc_hd__clkdlybuf4s25_1)
     3    0.012241    0.186887    0.534971    2.544875 v input38/X (sky130_fd_sc_hd__clkdlybuf4s25_1)
                                                         net38 (net)
                      0.186887    0.000254    2.545129 v _0998_/A (sky130_fd_sc_hd__and2_4)
     5    0.019028    0.077404    0.337945    2.883074 v _0998_/X (sky130_fd_sc_hd__and2_4)
                                                         _0173_ (net)
                      0.077404    0.000280    2.883354 v _1390_/A1 (sky130_fd_sc_hd__o21ai_2)
     1    0.002847    0.069156    0.206666    3.090020 ^ _1390_/Y (sky130_fd_sc_hd__o21ai_2)
                                                         _0550_ (net)
                      0.069156    0.000026    3.090046 ^ _1401_/A3 (sky130_fd_sc_hd__a31o_2)
     1    0.005998    0.079393    0.348904    3.438950 ^ _1401_/X (sky130_fd_sc_hd__a31o_2)
                                                         _0561_ (net)
                      0.079393    0.000126    3.439076 ^ _1402_/B1 (sky130_fd_sc_hd__a21o_2)
     2    0.011244    0.102601    0.200338    3.639414 ^ _1402_/X (sky130_fd_sc_hd__a21o_2)
                                                         net75 (net)
                      0.102601    0.000385    3.639799 ^ output75/A (sky130_fd_sc_hd__buf_4)
     1    0.034732    0.167014    0.297022    3.936821 ^ output75/X (sky130_fd_sc_hd__buf_4)
                                                         result[15] (net)
                      0.167014    0.000266    3.937087 ^ result[15] (out)
                                              3.937087   data arrival time

                      0.000000    0.000000    0.000000   clock __VIRTUAL_CLK__ (rise edge)
                                  0.000000    0.000000   clock network delay (ideal)
                                  0.250000    0.250000   clock uncertainty
                                  0.000000    0.250000   clock reconvergence pessimism
                                 -2.000000   -1.750000   output external delay
                                             -1.750000   data required time
---------------------------------------------------------------------------------------------
                                             -1.750000   data required time
                                             -3.937087   data arrival time
---------------------------------------------------------------------------------------------
                                              5.687088   slack (MET)


Startpoint: B[9] (input port clocked by __VIRTUAL_CLK__)
Endpoint: result[10] (output port clocked by __VIRTUAL_CLK__)
Path Group: __VIRTUAL_CLK__
Path Type: min

Fanout         Cap        Slew       Delay        Time   Description
---------------------------------------------------------------------------------------------
                      0.000000    0.000000    0.000000   clock __VIRTUAL_CLK__ (rise edge)
                                  0.000000    0.000000   clock network delay (ideal)
                                  2.000000    2.000000 ^ input external delay
     1    0.004322    0.042530    0.023816    2.023816 ^ B[9] (in)
                                                         B[9] (net)
                      0.042530    0.000000    2.023816 ^ input64/A (sky130_fd_sc_hd__clkdlybuf4s25_1)
     3    0.009320    0.174182    0.523713    2.547529 ^ input64/X (sky130_fd_sc_hd__clkdlybuf4s25_1)
                                                         net64 (net)
                      0.174182    0.000063    2.547593 ^ _1010_/A (sky130_fd_sc_hd__nand2_2)
     4    0.014128    0.136809    0.188408    2.736001 v _1010_/Y (sky130_fd_sc_hd__nand2_2)
                                                         _0185_ (net)
                      0.136809    0.000279    2.736280 v _1294_/B1 (sky130_fd_sc_hd__o21a_2)
     3    0.010203    0.079362    0.278303    3.014583 v _1294_/X (sky130_fd_sc_hd__o21a_2)
                                                         _0459_ (net)
                      0.079362    0.000031    3.014614 v _1295_/C (sky130_fd_sc_hd__nand3_2)
     1    0.005338    0.084740    0.118608    3.133223 ^ _1295_/Y (sky130_fd_sc_hd__nand3_2)
                                                         _0460_ (net)
                      0.084740    0.000048    3.133271 ^ _1306_/A2 (sky130_fd_sc_hd__a31o_4)
     1    0.005399    0.055504    0.307254    3.440524 ^ _1306_/X (sky130_fd_sc_hd__a31o_4)
                                                         _0471_ (net)
                      0.055504    0.000054    3.440578 ^ _1307_/B1 (sky130_fd_sc_hd__a31o_4)
     2    0.010376    0.076337    0.168332    3.608910 ^ _1307_/X (sky130_fd_sc_hd__a31o_4)
                                                         net70 (net)
                      0.076337    0.000057    3.608967 ^ rebuffer521/A (sky130_fd_sc_hd__buf_6)
     1    0.008173    0.050300    0.164209    3.773176 ^ rebuffer521/X (sky130_fd_sc_hd__buf_6)
                                                         net521 (net)
                      0.050300    0.000100    3.773276 ^ output70/A (sky130_fd_sc_hd__buf_8)
     1    0.035232    0.106691    0.197562    3.970839 ^ output70/X (sky130_fd_sc_hd__buf_8)
                                                         result[10] (net)
                      0.106692    0.000583    3.971421 ^ result[10] (out)
                                              3.971421   data arrival time

                      0.000000    0.000000    0.000000   clock __VIRTUAL_CLK__ (rise edge)
                                  0.000000    0.000000   clock network delay (ideal)
                                  0.250000    0.250000   clock uncertainty
                                  0.000000    0.250000   clock reconvergence pessimism
                                 -2.000000   -1.750000   output external delay
                                             -1.750000   data required time
---------------------------------------------------------------------------------------------
                                             -1.750000   data required time
                                             -3.971421   data arrival time
---------------------------------------------------------------------------------------------
                                              5.721421   slack (MET)


Startpoint: B[4] (input port clocked by __VIRTUAL_CLK__)
Endpoint: result[2] (output port clocked by __VIRTUAL_CLK__)
Path Group: __VIRTUAL_CLK__
Path Type: min

Fanout         Cap        Slew       Delay        Time   Description
---------------------------------------------------------------------------------------------
                      0.000000    0.000000    0.000000   clock __VIRTUAL_CLK__ (rise edge)
                                  0.000000    0.000000   clock network delay (ideal)
                                  2.000000    2.000000 ^ input external delay
     1    0.009078    0.074817    0.047792    2.047792 ^ B[4] (in)
                                                         B[4] (net)
                      0.074817    0.000000    2.047792 ^ input59/A (sky130_fd_sc_hd__buf_8)
     4    0.034533    0.104911    0.206877    2.254669 ^ input59/X (sky130_fd_sc_hd__buf_8)
                                                         net59 (net)
                      0.104911    0.000273    2.254942 ^ fanout158/A (sky130_fd_sc_hd__buf_6)
     2    0.011963    0.060377    0.186304    2.441247 ^ fanout158/X (sky130_fd_sc_hd__buf_6)
                                                         net158 (net)
                      0.060377    0.000181    2.441428 ^ rebuffer338/A (sky130_fd_sc_hd__buf_2)
     6    0.044678    0.349504    0.393570    2.834998 ^ rebuffer338/X (sky130_fd_sc_hd__buf_2)
                                                         net338 (net)
                      0.349606    0.001467    2.836465 ^ _1141_/A1 (sky130_fd_sc_hd__a211o_2)
     2    0.009345    0.087632    0.393654    3.230119 ^ _1141_/X (sky130_fd_sc_hd__a211o_2)
                                                         net91 (net)
                      0.087632    0.000233    3.230353 ^ output91/A (sky130_fd_sc_hd__clkdlybuf4s25_1)
     1    0.035429    0.570974    0.832187    4.062539 ^ output91/X (sky130_fd_sc_hd__clkdlybuf4s25_1)
                                                         result[2] (net)
                      0.570974    0.000346    4.062886 ^ result[2] (out)
                                              4.062886   data arrival time

                      0.000000    0.000000    0.000000   clock __VIRTUAL_CLK__ (rise edge)
                                  0.000000    0.000000   clock network delay (ideal)
                                  0.250000    0.250000   clock uncertainty
                                  0.000000    0.250000   clock reconvergence pessimism
                                 -2.000000   -1.750000   output external delay
                                             -1.750000   data required time
---------------------------------------------------------------------------------------------
                                             -1.750000   data required time
                                             -4.062886   data arrival time
---------------------------------------------------------------------------------------------
                                              5.812885   slack (MET)


Startpoint: B[16] (input port clocked by __VIRTUAL_CLK__)
Endpoint: result[16] (output port clocked by __VIRTUAL_CLK__)
Path Group: __VIRTUAL_CLK__
Path Type: min

Fanout         Cap        Slew       Delay        Time   Description
---------------------------------------------------------------------------------------------
                      0.000000    0.000000    0.000000   clock __VIRTUAL_CLK__ (rise edge)
                                  0.000000    0.000000   clock network delay (ideal)
                                  2.000000    2.000000 ^ input external delay
     1    0.003167    0.034685    0.017707    2.017707 ^ B[16] (in)
                                                         B[16] (net)
                      0.034685    0.000000    2.017707 ^ input40/A (sky130_fd_sc_hd__clkdlybuf4s25_1)
     3    0.014515    0.248121    0.578359    2.596066 ^ input40/X (sky130_fd_sc_hd__clkdlybuf4s25_1)
                                                         net40 (net)
                      0.248121    0.000197    2.596262 ^ _1037_/A (sky130_fd_sc_hd__or2_2)
     3    0.013388    0.125626    0.320143    2.916405 ^ _1037_/X (sky130_fd_sc_hd__or2_2)
                                                         _0212_ (net)
                      0.125626    0.000102    2.916507 ^ _1039_/B (sky130_fd_sc_hd__nand2_2)
     4    0.018246    0.166880    0.204736    3.121243 v _1039_/Y (sky130_fd_sc_hd__nand2_2)
                                                         _0214_ (net)
                      0.166880    0.000165    3.121408 v _1412_/A1 (sky130_fd_sc_hd__a311oi_2)
     1    0.003025    0.218649    0.361269    3.482677 ^ _1412_/Y (sky130_fd_sc_hd__a311oi_2)
                                                         _0571_ (net)
                      0.218649    0.000016    3.482692 ^ _1425_/A (sky130_fd_sc_hd__or3b_4)
     2    0.009820    0.078283    0.301150    3.783842 ^ _1425_/X (sky130_fd_sc_hd__or3b_4)
                                                         net76 (net)
                      0.078283    0.000119    3.783961 ^ rebuffer524/A (sky130_fd_sc_hd__buf_6)
     1    0.009810    0.054584    0.169021    3.952982 ^ rebuffer524/X (sky130_fd_sc_hd__buf_6)
                                                         net524 (net)
                      0.054584    0.000186    3.953168 ^ output76/A (sky130_fd_sc_hd__buf_8)
     1    0.034270    0.104386    0.197931    4.151099 ^ output76/X (sky130_fd_sc_hd__buf_8)
                                                         result[16] (net)
                      0.104386    0.000198    4.151296 ^ result[16] (out)
                                              4.151296   data arrival time

                      0.000000    0.000000    0.000000   clock __VIRTUAL_CLK__ (rise edge)
                                  0.000000    0.000000   clock network delay (ideal)
                                  0.250000    0.250000   clock uncertainty
                                  0.000000    0.250000   clock reconvergence pessimism
                                 -2.000000   -1.750000   output external delay
                                             -1.750000   data required time
---------------------------------------------------------------------------------------------
                                             -1.750000   data required time
                                             -4.151296   data arrival time
---------------------------------------------------------------------------------------------
                                              5.901297   slack (MET)


Startpoint: B[4] (input port clocked by __VIRTUAL_CLK__)
Endpoint: result[1] (output port clocked by __VIRTUAL_CLK__)
Path Group: __VIRTUAL_CLK__
Path Type: min

Fanout         Cap        Slew       Delay        Time   Description
---------------------------------------------------------------------------------------------
                      0.000000    0.000000    0.000000   clock __VIRTUAL_CLK__ (rise edge)
                                  0.000000    0.000000   clock network delay (ideal)
                                  2.000000    2.000000 ^ input external delay
     1    0.009078    0.074817    0.047792    2.047792 ^ B[4] (in)
                                                         B[4] (net)
                      0.074817    0.000000    2.047792 ^ input59/A (sky130_fd_sc_hd__buf_8)
     4    0.034533    0.104911    0.206877    2.254669 ^ input59/X (sky130_fd_sc_hd__buf_8)
                                                         net59 (net)
                      0.104911    0.000273    2.254942 ^ fanout158/A (sky130_fd_sc_hd__buf_6)
     2    0.011963    0.060377    0.186304    2.441247 ^ fanout158/X (sky130_fd_sc_hd__buf_6)
                                                         net158 (net)
                      0.060377    0.000142    2.441389 ^ fanout157/A (sky130_fd_sc_hd__buf_8)
     4    0.020021    0.071972    0.174103    2.615492 ^ fanout157/X (sky130_fd_sc_hd__buf_8)
                                                         net157 (net)
                      0.071973    0.000314    2.615805 ^ rebuffer457/A (sky130_fd_sc_hd__buf_2)
     7    0.034996    0.277514    0.348404    2.964209 ^ rebuffer457/X (sky130_fd_sc_hd__buf_2)
                                                         net457 (net)
                      0.277514    0.000665    2.964874 ^ _1110_/A1 (sky130_fd_sc_hd__a211o_2)
     2    0.011862    0.104722    0.380276    3.345150 ^ _1110_/X (sky130_fd_sc_hd__a211o_2)
                                                         net80 (net)
                      0.104722    0.000242    3.345392 ^ output80/A (sky130_fd_sc_hd__clkdlybuf4s25_1)
     1    0.035324    0.574633    0.838948    4.184340 ^ output80/X (sky130_fd_sc_hd__clkdlybuf4s25_1)
                                                         result[1] (net)
                      0.574633    0.000210    4.184550 ^ result[1] (out)
                                              4.184550   data arrival time

                      0.000000    0.000000    0.000000   clock __VIRTUAL_CLK__ (rise edge)
                                  0.000000    0.000000   clock network delay (ideal)
                                  0.250000    0.250000   clock uncertainty
                                  0.000000    0.250000   clock reconvergence pessimism
                                 -2.000000   -1.750000   output external delay
                                             -1.750000   data required time
---------------------------------------------------------------------------------------------
                                             -1.750000   data required time
                                             -4.184550   data arrival time
---------------------------------------------------------------------------------------------
                                              5.934550   slack (MET)


Startpoint: B[26] (input port clocked by __VIRTUAL_CLK__)
Endpoint: result[27] (output port clocked by __VIRTUAL_CLK__)
Path Group: __VIRTUAL_CLK__
Path Type: min

Fanout         Cap        Slew       Delay        Time   Description
---------------------------------------------------------------------------------------------
                      0.000000    0.000000    0.000000   clock __VIRTUAL_CLK__ (rise edge)
                                  0.000000    0.000000   clock network delay (ideal)
                                  2.000000    2.000000 ^ input external delay
     1    0.005162    0.048293    0.028259    2.028259 ^ B[26] (in)
                                                         B[26] (net)
                      0.048293    0.000000    2.028259 ^ input51/A (sky130_fd_sc_hd__clkdlybuf4s25_1)
     4    0.013012    0.225028    0.567671    2.595930 ^ input51/X (sky130_fd_sc_hd__clkdlybuf4s25_1)
                                                         net51 (net)
                      0.225028    0.000109    2.596039 ^ _0913_/A (sky130_fd_sc_hd__nand2_2)
     4    0.016459    0.159129    0.223773    2.819812 v _0913_/Y (sky130_fd_sc_hd__nand2_2)
                                                         _0088_ (net)
                      0.159129    0.000173    2.819985 v _1597_/B (sky130_fd_sc_hd__nand3b_2)
     1    0.005749    0.094152    0.163971    2.983956 ^ _1597_/Y (sky130_fd_sc_hd__nand3b_2)
                                                         _0745_ (net)
                      0.094152    0.000056    2.984012 ^ _1607_/A3 (sky130_fd_sc_hd__a31o_4)
     2    0.005495    0.055915    0.322217    3.306228 ^ _1607_/X (sky130_fd_sc_hd__a31o_4)
                                                         net88 (net)
                      0.055915    0.000052    3.306280 ^ rebuffer394/A (sky130_fd_sc_hd__buf_2)
     1    0.006370    0.070101    0.185305    3.491585 ^ rebuffer394/X (sky130_fd_sc_hd__buf_2)
                                                         net394 (net)
                      0.070101    0.000094    3.491679 ^ rebuffer393/A (sky130_fd_sc_hd__buf_6)
     1    0.006495    0.045364    0.156660    3.648340 ^ rebuffer393/X (sky130_fd_sc_hd__buf_6)
                                                         net393 (net)
                      0.045364    0.000100    3.648440 ^ rebuffer392/A (sky130_fd_sc_hd__buf_6)
     1    0.005056    0.041612    0.141039    3.789479 ^ rebuffer392/X (sky130_fd_sc_hd__buf_6)
                                                         net392 (net)
                      0.041612    0.000044    3.789523 ^ rebuffer391/A (sky130_fd_sc_hd__buf_6)
     1    0.006033    0.044150    0.142341    3.931863 ^ rebuffer391/X (sky130_fd_sc_hd__buf_6)
                                                         net391 (net)
                      0.044150    0.000075    3.931938 ^ rebuffer389/A (sky130_fd_sc_hd__buf_6)
     1    0.008479    0.051109    0.150369    4.082307 ^ rebuffer389/X (sky130_fd_sc_hd__buf_6)
                                                         net389 (net)
                      0.051109    0.000123    4.082430 ^ output88/A (sky130_fd_sc_hd__buf_8)
     1    0.036081    0.108685    0.199417    4.281848 ^ output88/X (sky130_fd_sc_hd__buf_8)
                                                         result[27] (net)
                      0.108688    0.000717    4.282565 ^ result[27] (out)
                                              4.282565   data arrival time

                      0.000000    0.000000    0.000000   clock __VIRTUAL_CLK__ (rise edge)
                                  0.000000    0.000000   clock network delay (ideal)
                                  0.250000    0.250000   clock uncertainty
                                  0.000000    0.250000   clock reconvergence pessimism
                                 -2.000000   -1.750000   output external delay
                                             -1.750000   data required time
---------------------------------------------------------------------------------------------
                                             -1.750000   data required time
                                             -4.282565   data arrival time
---------------------------------------------------------------------------------------------
                                              6.032565   slack (MET)



