Instance,Terminal,Layer,X location,Y location,Voltage
FILLER_52_309,VGND,li1,147.8900,152.3200,0.000337
FILLER_52_305,VGND,li1,146.5100,152.3200,0.000337
FILLER_52_302,VGND,li1,145.1300,152.3200,0.000337
FILLER_52_299,VGND,li1,143.7500,152.3200,0.000337
FILLER_52_296,VGND,li1,142.3700,152.3200,0.000337
FILLER_52_293,VGND,li1,140.9900,152.3200,0.000337
FILLER_52_290,VGND,li1,139.6100,152.3200,0.000337
FILLER_52_287,VGND,li1,138.2300,152.3200,0.000337
FILLER_52_284,VGND,li1,136.8500,152.3200,0.000337
FILLER_52_281,VGND,li1,135.4700,152.3200,0.000337
FILLER_52_270,VGND,li1,130.1800,152.3200,0.000337
FILLER_52_267,VGND,li1,129.0300,152.3200,0.000336
FILLER_52_264,VGND,li1,127.6500,152.3200,0.000336
FILLER_52_261,VGND,li1,126.2700,152.3200,0.000336
FILLER_52_251,VGND,li1,121.2100,152.3200,0.000335
FILLER_52_248,VGND,li1,120.2900,152.3200,0.000335
FILLER_52_245,VGND,li1,118.9100,152.3200,0.000334
FILLER_52_235,VGND,li1,114.0800,152.3200,0.000330
FILLER_52_225,VGND,li1,109.4800,152.3200,0.000325
FILLER_52_223,VGND,li1,108.3300,152.3200,0.000325
FILLER_52_214,VGND,li1,104.1900,152.3200,0.000322
FILLER_52_205,VGND,li1,100.2800,152.3200,0.000317
FILLER_52_194,VGND,li1,95.2200,152.3200,0.000310
FILLER_52_153,VGND,li1,76.1300,152.3200,0.000277
FILLER_52_113,VGND,li1,58.1900,152.3200,0.000219
FILLER_52_85,VGND,li1,45.0800,152.3200,0.000164
FILLER_52_66,VGND,li1,36.1100,152.3200,0.000118
FILLER_52_63,VGND,li1,35.1900,152.3200,0.000118
FILLER_52_60,VGND,li1,33.8100,152.3200,0.000108
FILLER_52_57,VGND,li1,32.4300,152.3200,0.000098
FILLER_52_53,VGND,li1,30.5900,152.3200,0.000088
FILLER_52_50,VGND,li1,29.2100,152.3200,0.000078
FILLER_52_47,VGND,li1,27.8300,152.3200,0.000078
FILLER_52_44,VGND,li1,26.4500,152.3200,0.000065
FILLER_52_41,VGND,li1,25.0700,152.3200,0.000055
FILLER_52_38,VGND,li1,23.6900,152.3200,0.000055
FILLER_52_35,VGND,li1,22.3100,152.3200,0.000055
FILLER_52_32,VGND,li1,20.9300,152.3200,0.000055
FILLER_52_29,VGND,li1,19.5500,152.3200,0.000055
FILLER_52_27,VGND,li1,18.1700,152.3200,0.000055
FILLER_52_24,VGND,li1,17.2500,152.3200,0.000055
FILLER_52_21,VGND,li1,15.8700,152.3200,0.000055
FILLER_52_18,VGND,li1,14.4900,152.3200,0.000055
FILLER_52_15,VGND,li1,13.1100,152.3200,0.000055
FILLER_52_12,VGND,li1,11.7300,152.3200,0.000055
FILLER_52_9,VGND,li1,10.3500,152.3200,0.000055
FILLER_52_6,VGND,li1,8.9700,152.3200,0.000055
FILLER_52_3,VGND,li1,7.5900,152.3200,0.000055
FILLER_51_308,VGND,li1,147.6600,152.3200,0.000337
FILLER_51_305,VGND,li1,146.5100,152.3200,0.000337
FILLER_51_302,VGND,li1,145.1300,152.3200,0.000337
FILLER_51_299,VGND,li1,143.7500,152.3200,0.000337
FILLER_51_296,VGND,li1,142.3700,152.3200,0.000337
FILLER_51_293,VGND,li1,140.9900,152.3200,0.000337
FILLER_51_290,VGND,li1,139.6100,152.3200,0.000337
FILLER_51_287,VGND,li1,138.2300,152.3200,0.000337
FILLER_51_284,VGND,li1,136.8500,152.3200,0.000337
FILLER_51_281,VGND,li1,135.4700,152.3200,0.000337
FILLER_51_279,VGND,li1,134.0900,152.3200,0.000337
FILLER_51_276,VGND,li1,133.1700,152.3200,0.000337
FILLER_51_273,VGND,li1,131.7900,152.3200,0.000337
FILLER_51_270,VGND,li1,130.4100,152.3200,0.000337
FILLER_51_267,VGND,li1,129.0300,152.3200,0.000336
FILLER_51_264,VGND,li1,127.6500,152.3200,0.000336
FILLER_51_261,VGND,li1,126.2700,152.3200,0.000336
FILLER_51_258,VGND,li1,124.8900,152.3200,0.000336
FILLER_51_239,VGND,li1,115.9200,152.3200,0.000332
FILLER_51_236,VGND,li1,114.7700,152.3200,0.000330
FILLER_51_233,VGND,li1,113.3900,152.3200,0.000330
FILLER_51_225,VGND,li1,109.2500,152.3200,0.000325
FILLER_51_222,VGND,li1,108.1000,152.3200,0.000325
FILLER_51_219,VGND,li1,106.9500,152.3200,0.000324
FILLER_51_193,VGND,li1,94.7600,152.3200,0.000310
FILLER_51_182,VGND,li1,89.9300,152.3200,0.000302
FILLER_51_169,VGND,li1,83.9500,152.3200,0.000291
FILLER_51_106,VGND,li1,54.7400,152.3200,0.000209
FILLER_51_92,VGND,li1,48.3000,152.3200,0.000177
FILLER_51_89,VGND,li1,47.1500,152.3200,0.000177
FILLER_51_54,VGND,li1,30.8200,152.3200,0.000088
FILLER_51_51,VGND,li1,29.6700,152.3200,0.000088
FILLER_51_48,VGND,li1,28.2900,152.3200,0.000078
FILLER_51_45,VGND,li1,26.9100,152.3200,0.000065
FILLER_51_42,VGND,li1,25.5300,152.3200,0.000065
FILLER_51_39,VGND,li1,24.1500,152.3200,0.000055
FILLER_51_36,VGND,li1,22.7700,152.3200,0.000055
FILLER_51_33,VGND,li1,21.3900,152.3200,0.000055
FILLER_51_30,VGND,li1,20.0100,152.3200,0.000055
FILLER_51_27,VGND,li1,18.6300,152.3200,0.000055
FILLER_51_24,VGND,li1,17.2500,152.3200,0.000055
FILLER_51_21,VGND,li1,15.8700,152.3200,0.000055
FILLER_51_18,VGND,li1,14.4900,152.3200,0.000055
FILLER_51_15,VGND,li1,13.1100,152.3200,0.000055
FILLER_51_12,VGND,li1,11.7300,152.3200,0.000055
FILLER_51_9,VGND,li1,10.3500,152.3200,0.000055
FILLER_51_6,VGND,li1,8.9700,152.3200,0.000055
FILLER_51_3,VGND,li1,7.5900,152.3200,0.000055
FILLER_50_309,VGND,li1,147.8900,146.8800,0.000178
FILLER_50_307,VGND,li1,146.9700,146.8800,0.000178
FILLER_50_304,VGND,li1,146.0500,146.8800,0.000178
FILLER_50_301,VGND,li1,144.6700,146.8800,0.000178
FILLER_50_298,VGND,li1,143.2900,146.8800,0.000178
FILLER_50_295,VGND,li1,141.9100,146.8800,0.000178
FILLER_50_292,VGND,li1,140.5300,146.8800,0.000178
FILLER_50_289,VGND,li1,139.1500,146.8800,0.000178
FILLER_50_286,VGND,li1,137.7700,146.8800,0.000178
FILLER_50_283,VGND,li1,136.3900,146.8800,0.000178
FILLER_50_280,VGND,li1,135.0100,146.8800,0.000178
FILLER_50_277,VGND,li1,133.6300,146.8800,0.000178
FILLER_50_274,VGND,li1,132.2500,146.8800,0.000178
FILLER_50_271,VGND,li1,130.8700,146.8800,0.000178
FILLER_50_268,VGND,li1,129.4900,146.8800,0.000178
FILLER_50_265,VGND,li1,128.1100,146.8800,0.000178
FILLER_50_262,VGND,li1,126.7300,146.8800,0.000178
FILLER_50_259,VGND,li1,125.3500,146.8800,0.000178
FILLER_50_256,VGND,li1,123.9700,146.8800,0.000178
FILLER_50_253,VGND,li1,122.5900,146.8800,0.000178
FILLER_50_249,VGND,li1,120.7500,146.8800,0.000178
FILLER_50_246,VGND,li1,119.3700,146.8800,0.000178
FILLER_50_243,VGND,li1,117.9900,146.8800,0.000178
FILLER_50_240,VGND,li1,116.6100,146.8800,0.000178
FILLER_50_224,VGND,li1,109.0200,146.8800,0.000177
FILLER_50_206,VGND,li1,100.5100,146.8800,0.000175
FILLER_50_200,VGND,li1,97.7500,146.8800,0.000174
FILLER_50_197,VGND,li1,96.8300,146.8800,0.000174
FILLER_50_183,VGND,li1,90.3900,146.8800,0.000170
FILLER_50_166,VGND,li1,82.5700,146.8800,0.000165
FILLER_50_141,VGND,li1,71.0700,146.8800,0.000147
FILLER_50_138,VGND,li1,69.4600,146.8800,0.000147
FILLER_50_119,VGND,li1,60.4900,146.8800,0.000130
FILLER_50_102,VGND,li1,53.1300,146.8800,0.000113
FILLER_50_99,VGND,li1,51.7500,146.8800,0.000108
FILLER_50_85,VGND,li1,44.8500,146.8800,0.000091
FILLER_50_53,VGND,li1,30.1300,146.8800,0.000047
FILLER_50_50,VGND,li1,29.2100,146.8800,0.000047
FILLER_50_47,VGND,li1,27.8300,146.8800,0.000039
FILLER_50_44,VGND,li1,26.4500,146.8800,0.000039
FILLER_50_41,VGND,li1,25.0700,146.8800,0.000031
FILLER_50_38,VGND,li1,23.6900,146.8800,0.000031
FILLER_50_35,VGND,li1,22.3100,146.8800,0.000031
FILLER_50_32,VGND,li1,20.9300,146.8800,0.000031
FILLER_50_29,VGND,li1,19.5500,146.8800,0.000031
FILLER_50_27,VGND,li1,18.1700,146.8800,0.000031
FILLER_50_24,VGND,li1,17.2500,146.8800,0.000031
FILLER_50_21,VGND,li1,15.8700,146.8800,0.000031
FILLER_50_18,VGND,li1,14.4900,146.8800,0.000031
FILLER_50_15,VGND,li1,13.1100,146.8800,0.000031
FILLER_50_12,VGND,li1,11.7300,146.8800,0.000031
FILLER_50_9,VGND,li1,10.3500,146.8800,0.000031
FILLER_50_6,VGND,li1,8.9700,146.8800,0.000031
FILLER_50_3,VGND,li1,7.5900,146.8800,0.000031
FILLER_49_308,VGND,li1,147.6600,146.8800,0.000178
FILLER_49_305,VGND,li1,146.5100,146.8800,0.000178
FILLER_49_302,VGND,li1,145.1300,146.8800,0.000178
FILLER_49_299,VGND,li1,143.7500,146.8800,0.000178
FILLER_49_296,VGND,li1,142.3700,146.8800,0.000178
FILLER_49_293,VGND,li1,140.9900,146.8800,0.000178
FILLER_49_290,VGND,li1,139.6100,146.8800,0.000178
FILLER_49_287,VGND,li1,138.2300,146.8800,0.000178
FILLER_49_284,VGND,li1,136.8500,146.8800,0.000178
FILLER_49_281,VGND,li1,135.4700,146.8800,0.000178
FILLER_49_278,VGND,li1,133.8600,146.8800,0.000178
FILLER_49_275,VGND,li1,132.7100,146.8800,0.000178
FILLER_49_272,VGND,li1,131.3300,146.8800,0.000178
FILLER_49_269,VGND,li1,129.9500,146.8800,0.000178
FILLER_49_266,VGND,li1,128.5700,146.8800,0.000178
FILLER_49_263,VGND,li1,127.1900,146.8800,0.000178
FILLER_49_260,VGND,li1,125.8100,146.8800,0.000178
FILLER_49_257,VGND,li1,124.4300,146.8800,0.000178
FILLER_49_254,VGND,li1,123.0500,146.8800,0.000178
FILLER_49_251,VGND,li1,121.6700,146.8800,0.000178
FILLER_49_248,VGND,li1,120.2900,146.8800,0.000178
FILLER_49_245,VGND,li1,118.9100,146.8800,0.000178
FILLER_49_242,VGND,li1,117.5300,146.8800,0.000178
FILLER_49_239,VGND,li1,116.1500,146.8800,0.000178
FILLER_49_236,VGND,li1,114.7700,146.8800,0.000178
FILLER_49_233,VGND,li1,113.3900,146.8800,0.000178
FILLER_49_230,VGND,li1,112.0100,146.8800,0.000178
FILLER_49_223,VGND,li1,108.3300,146.8800,0.000177
FILLER_49_220,VGND,li1,107.4100,146.8800,0.000177
FILLER_49_217,VGND,li1,106.0300,146.8800,0.000177
FILLER_49_214,VGND,li1,104.6500,146.8800,0.000177
FILLER_49_182,VGND,li1,89.7000,146.8800,0.000170
FILLER_49_179,VGND,li1,88.5500,146.8800,0.000168
FILLER_49_176,VGND,li1,87.1700,146.8800,0.000168
FILLER_49_167,VGND,li1,82.5700,146.8800,0.000165
FILLER_49_129,VGND,li1,65.0900,146.8800,0.000139
FILLER_49_113,VGND,li1,57.9600,146.8800,0.000123
FILLER_49_98,VGND,li1,51.0600,146.8800,0.000108
FILLER_49_78,VGND,li1,41.6300,146.8800,0.000082
FILLER_49_60,VGND,li1,33.3500,146.8800,0.000060
FILLER_49_57,VGND,li1,32.4300,146.8800,0.000054
FILLER_49_39,VGND,li1,24.1500,146.8800,0.000031
FILLER_49_36,VGND,li1,22.7700,146.8800,0.000031
FILLER_49_33,VGND,li1,21.3900,146.8800,0.000031
FILLER_49_30,VGND,li1,20.0100,146.8800,0.000031
FILLER_49_27,VGND,li1,18.6300,146.8800,0.000031
FILLER_49_24,VGND,li1,17.2500,146.8800,0.000031
FILLER_49_21,VGND,li1,15.8700,146.8800,0.000031
FILLER_49_18,VGND,li1,14.4900,146.8800,0.000031
FILLER_49_15,VGND,li1,13.1100,146.8800,0.000031
FILLER_49_12,VGND,li1,11.7300,146.8800,0.000031
FILLER_49_9,VGND,li1,10.3500,146.8800,0.000031
FILLER_49_6,VGND,li1,8.9700,146.8800,0.000031
FILLER_49_3,VGND,li1,7.5900,146.8800,0.000031
FILLER_48_309,VGND,li1,147.8900,141.4400,0.000196
FILLER_48_307,VGND,li1,146.9700,141.4400,0.000196
FILLER_48_304,VGND,li1,146.0500,141.4400,0.000196
FILLER_48_301,VGND,li1,144.6700,141.4400,0.000196
FILLER_48_298,VGND,li1,143.2900,141.4400,0.000196
FILLER_48_295,VGND,li1,141.9100,141.4400,0.000196
FILLER_48_292,VGND,li1,140.5300,141.4400,0.000196
FILLER_48_289,VGND,li1,139.1500,141.4400,0.000196
FILLER_48_286,VGND,li1,137.7700,141.4400,0.000196
FILLER_48_283,VGND,li1,136.3900,141.4400,0.000196
FILLER_48_280,VGND,li1,135.0100,141.4400,0.000196
FILLER_48_277,VGND,li1,133.6300,141.4400,0.000196
FILLER_48_274,VGND,li1,132.2500,141.4400,0.000196
FILLER_48_271,VGND,li1,130.8700,141.4400,0.000196
FILLER_48_268,VGND,li1,129.4900,141.4400,0.000196
FILLER_48_265,VGND,li1,128.1100,141.4400,0.000196
FILLER_48_262,VGND,li1,126.7300,141.4400,0.000196
FILLER_48_259,VGND,li1,125.3500,141.4400,0.000196
FILLER_48_256,VGND,li1,123.9700,141.4400,0.000196
FILLER_48_253,VGND,li1,122.5900,141.4400,0.000196
FILLER_48_250,VGND,li1,120.9800,141.4400,0.000196
FILLER_48_247,VGND,li1,119.8300,141.4400,0.000196
FILLER_48_234,VGND,li1,113.3900,141.4400,0.000196
FILLER_48_231,VGND,li1,112.4700,141.4400,0.000195
FILLER_48_228,VGND,li1,111.0900,141.4400,0.000195
FILLER_48_225,VGND,li1,109.7100,141.4400,0.000195
FILLER_48_222,VGND,li1,108.3300,141.4400,0.000194
FILLER_48_219,VGND,li1,106.9500,141.4400,0.000194
FILLER_48_216,VGND,li1,105.5700,141.4400,0.000193
FILLER_48_213,VGND,li1,104.1900,141.4400,0.000193
FILLER_48_202,VGND,li1,99.1300,141.4400,0.000190
FILLER_48_194,VGND,li1,95.2200,141.4400,0.000188
FILLER_48_181,VGND,li1,89.2400,141.4400,0.000182
FILLER_48_178,VGND,li1,88.0900,141.4400,0.000182
FILLER_48_175,VGND,li1,86.7100,141.4400,0.000179
FILLER_48_160,VGND,li1,79.3500,141.4400,0.000173
FILLER_48_157,VGND,li1,78.4300,141.4400,0.000171
FILLER_48_141,VGND,li1,70.8400,141.4400,0.000158
FILLER_48_112,VGND,li1,57.5000,141.4400,0.000132
FILLER_48_103,VGND,li1,53.1300,141.4400,0.000122
FILLER_48_83,VGND,li1,43.9300,141.4400,0.000093
FILLER_48_80,VGND,li1,43.0100,141.4400,0.000093
FILLER_48_65,VGND,li1,35.6500,141.4400,0.000069
FILLER_48_62,VGND,li1,34.7300,141.4400,0.000069
FILLER_48_47,VGND,li1,27.6000,141.4400,0.000046
FILLER_48_44,VGND,li1,26.4500,141.4400,0.000040
FILLER_48_41,VGND,li1,25.0700,141.4400,0.000033
FILLER_48_38,VGND,li1,23.6900,141.4400,0.000033
FILLER_48_35,VGND,li1,22.3100,141.4400,0.000033
FILLER_48_32,VGND,li1,20.9300,141.4400,0.000033
FILLER_48_29,VGND,li1,19.5500,141.4400,0.000033
FILLER_48_27,VGND,li1,18.1700,141.4400,0.000033
FILLER_48_24,VGND,li1,17.2500,141.4400,0.000033
FILLER_48_21,VGND,li1,15.8700,141.4400,0.000033
FILLER_48_18,VGND,li1,14.4900,141.4400,0.000033
FILLER_48_15,VGND,li1,13.1100,141.4400,0.000033
FILLER_48_12,VGND,li1,11.7300,141.4400,0.000033
FILLER_48_9,VGND,li1,10.3500,141.4400,0.000033
FILLER_48_6,VGND,li1,8.9700,141.4400,0.000033
FILLER_48_3,VGND,li1,7.5900,141.4400,0.000033
FILLER_47_308,VGND,li1,147.6600,141.4400,0.000196
FILLER_47_305,VGND,li1,146.5100,141.4400,0.000196
FILLER_47_302,VGND,li1,145.1300,141.4400,0.000196
FILLER_47_299,VGND,li1,143.7500,141.4400,0.000196
FILLER_47_296,VGND,li1,142.3700,141.4400,0.000196
FILLER_47_293,VGND,li1,140.9900,141.4400,0.000196
FILLER_47_290,VGND,li1,139.6100,141.4400,0.000196
FILLER_47_287,VGND,li1,138.2300,141.4400,0.000196
FILLER_47_284,VGND,li1,136.8500,141.4400,0.000196
FILLER_47_281,VGND,li1,135.4700,141.4400,0.000196
FILLER_47_277,VGND,li1,133.6300,141.4400,0.000196
FILLER_47_274,VGND,li1,132.2500,141.4400,0.000196
FILLER_47_271,VGND,li1,130.8700,141.4400,0.000196
FILLER_47_268,VGND,li1,129.4900,141.4400,0.000196
FILLER_47_265,VGND,li1,128.1100,141.4400,0.000196
FILLER_47_262,VGND,li1,126.7300,141.4400,0.000196
FILLER_47_259,VGND,li1,125.3500,141.4400,0.000196
FILLER_47_256,VGND,li1,123.9700,141.4400,0.000196
FILLER_47_253,VGND,li1,122.5900,141.4400,0.000196
FILLER_47_250,VGND,li1,121.2100,141.4400,0.000196
FILLER_47_247,VGND,li1,119.8300,141.4400,0.000196
FILLER_47_244,VGND,li1,118.4500,141.4400,0.000196
FILLER_47_241,VGND,li1,117.0700,141.4400,0.000196
FILLER_47_216,VGND,li1,105.3400,141.4400,0.000193
FILLER_47_197,VGND,li1,96.3700,141.4400,0.000188
FILLER_47_194,VGND,li1,95.4500,141.4400,0.000188
FILLER_47_182,VGND,li1,89.9300,141.4400,0.000184
FILLER_47_118,VGND,li1,60.0300,141.4400,0.000138
FILLER_47_105,VGND,li1,54.0500,141.4400,0.000122
FILLER_47_83,VGND,li1,44.3900,141.4400,0.000098
FILLER_47_77,VGND,li1,41.1700,141.4400,0.000085
FILLER_47_70,VGND,li1,38.1800,141.4400,0.000076
FILLER_47_67,VGND,li1,37.0300,141.4400,0.000076
FILLER_47_54,VGND,li1,30.8200,141.4400,0.000053
FILLER_47_51,VGND,li1,29.6700,141.4400,0.000053
FILLER_47_48,VGND,li1,28.2900,141.4400,0.000046
FILLER_47_45,VGND,li1,26.9100,141.4400,0.000040
FILLER_47_42,VGND,li1,25.5300,141.4400,0.000040
FILLER_47_39,VGND,li1,24.1500,141.4400,0.000033
FILLER_47_36,VGND,li1,22.7700,141.4400,0.000033
FILLER_47_33,VGND,li1,21.3900,141.4400,0.000033
FILLER_47_30,VGND,li1,20.0100,141.4400,0.000033
FILLER_47_27,VGND,li1,18.6300,141.4400,0.000033
FILLER_47_24,VGND,li1,17.2500,141.4400,0.000033
FILLER_47_21,VGND,li1,15.8700,141.4400,0.000033
FILLER_47_18,VGND,li1,14.4900,141.4400,0.000033
FILLER_47_15,VGND,li1,13.1100,141.4400,0.000033
FILLER_47_12,VGND,li1,11.7300,141.4400,0.000033
FILLER_47_9,VGND,li1,10.3500,141.4400,0.000033
FILLER_47_6,VGND,li1,8.9700,141.4400,0.000033
FILLER_47_3,VGND,li1,7.5900,141.4400,0.000033
FILLER_46_309,VGND,li1,147.8900,136.0000,0.000166
FILLER_46_307,VGND,li1,146.9700,136.0000,0.000166
FILLER_46_304,VGND,li1,146.0500,136.0000,0.000166
FILLER_46_301,VGND,li1,144.6700,136.0000,0.000166
FILLER_46_298,VGND,li1,143.2900,136.0000,0.000166
FILLER_46_295,VGND,li1,141.9100,136.0000,0.000166
FILLER_46_292,VGND,li1,140.5300,136.0000,0.000166
FILLER_46_289,VGND,li1,139.1500,136.0000,0.000166
FILLER_46_286,VGND,li1,137.7700,136.0000,0.000166
FILLER_46_283,VGND,li1,136.3900,136.0000,0.000166
FILLER_46_280,VGND,li1,135.0100,136.0000,0.000166
FILLER_46_277,VGND,li1,133.6300,136.0000,0.000166
FILLER_46_274,VGND,li1,132.2500,136.0000,0.000166
FILLER_46_271,VGND,li1,130.8700,136.0000,0.000166
FILLER_46_268,VGND,li1,129.4900,136.0000,0.000166
FILLER_46_265,VGND,li1,128.1100,136.0000,0.000166
FILLER_46_262,VGND,li1,126.7300,136.0000,0.000166
FILLER_46_259,VGND,li1,125.3500,136.0000,0.000166
FILLER_46_256,VGND,li1,123.9700,136.0000,0.000166
FILLER_46_253,VGND,li1,122.5900,136.0000,0.000166
FILLER_46_251,VGND,li1,121.2100,136.0000,0.000166
FILLER_46_248,VGND,li1,120.2900,136.0000,0.000166
FILLER_46_231,VGND,li1,112.4700,136.0000,0.000164
FILLER_46_220,VGND,li1,106.9500,136.0000,0.000161
FILLER_46_217,VGND,li1,106.0300,136.0000,0.000161
FILLER_46_214,VGND,li1,104.6500,136.0000,0.000160
FILLER_46_202,VGND,li1,98.6700,136.0000,0.000157
FILLER_46_195,VGND,li1,95.4500,136.0000,0.000153
FILLER_46_192,VGND,li1,94.5300,136.0000,0.000153
FILLER_46_182,VGND,li1,89.9300,136.0000,0.000149
FILLER_46_144,VGND,li1,72.2200,136.0000,0.000126
FILLER_46_141,VGND,li1,71.0700,136.0000,0.000123
FILLER_46_114,VGND,li1,58.4200,136.0000,0.000101
FILLER_46_111,VGND,li1,57.2700,136.0000,0.000101
FILLER_46_108,VGND,li1,55.8900,136.0000,0.000095
FILLER_46_105,VGND,li1,54.5100,136.0000,0.000095
FILLER_46_91,VGND,li1,47.8400,136.0000,0.000081
FILLER_46_88,VGND,li1,46.6900,136.0000,0.000076
FILLER_46_85,VGND,li1,45.3100,136.0000,0.000071
FILLER_46_82,VGND,li1,43.7000,136.0000,0.000071
FILLER_46_67,VGND,li1,36.5700,136.0000,0.000052
FILLER_46_64,VGND,li1,35.6500,136.0000,0.000052
FILLER_46_47,VGND,li1,27.6000,136.0000,0.000033
FILLER_46_44,VGND,li1,26.4500,136.0000,0.000026
FILLER_46_41,VGND,li1,25.0700,136.0000,0.000026
FILLER_46_38,VGND,li1,23.6900,136.0000,0.000026
FILLER_46_35,VGND,li1,22.3100,136.0000,0.000026
FILLER_46_32,VGND,li1,20.9300,136.0000,0.000027
FILLER_46_29,VGND,li1,19.5500,136.0000,0.000027
FILLER_46_27,VGND,li1,18.1700,136.0000,0.000027
FILLER_46_24,VGND,li1,17.2500,136.0000,0.000027
FILLER_46_21,VGND,li1,15.8700,136.0000,0.000027
FILLER_46_18,VGND,li1,14.4900,136.0000,0.000027
FILLER_46_15,VGND,li1,13.1100,136.0000,0.000027
FILLER_46_12,VGND,li1,11.7300,136.0000,0.000027
FILLER_46_9,VGND,li1,10.3500,136.0000,0.000027
FILLER_46_6,VGND,li1,8.9700,136.0000,0.000027
FILLER_46_3,VGND,li1,7.5900,136.0000,0.000027
FILLER_45_308,VGND,li1,147.6600,136.0000,0.000166
FILLER_45_305,VGND,li1,146.5100,136.0000,0.000166
FILLER_45_302,VGND,li1,145.1300,136.0000,0.000166
FILLER_45_299,VGND,li1,143.7500,136.0000,0.000166
FILLER_45_296,VGND,li1,142.3700,136.0000,0.000166
FILLER_45_293,VGND,li1,140.9900,136.0000,0.000166
FILLER_45_290,VGND,li1,139.6100,136.0000,0.000166
FILLER_45_287,VGND,li1,138.2300,136.0000,0.000166
FILLER_45_284,VGND,li1,136.8500,136.0000,0.000166
FILLER_45_281,VGND,li1,135.4700,136.0000,0.000166
FILLER_45_278,VGND,li1,133.8600,136.0000,0.000166
FILLER_45_275,VGND,li1,132.7100,136.0000,0.000166
FILLER_45_272,VGND,li1,131.3300,136.0000,0.000166
FILLER_45_269,VGND,li1,129.9500,136.0000,0.000166
FILLER_45_259,VGND,li1,125.1200,136.0000,0.000166
FILLER_45_256,VGND,li1,123.9700,136.0000,0.000166
FILLER_45_253,VGND,li1,122.5900,136.0000,0.000166
FILLER_45_250,VGND,li1,121.2100,136.0000,0.000166
FILLER_45_225,VGND,li1,109.2500,136.0000,0.000162
FILLER_45_221,VGND,li1,107.8700,136.0000,0.000162
FILLER_45_218,VGND,li1,106.4900,136.0000,0.000161
FILLER_45_201,VGND,li1,98.6700,136.0000,0.000157
FILLER_45_180,VGND,li1,88.7800,136.0000,0.000148
FILLER_45_177,VGND,li1,87.6300,136.0000,0.000146
FILLER_45_174,VGND,li1,86.2500,136.0000,0.000146
FILLER_45_165,VGND,li1,82.1100,136.0000,0.000141
FILLER_45_162,VGND,li1,80.7300,136.0000,0.000137
FILLER_45_159,VGND,li1,79.3500,136.0000,0.000137
FILLER_45_156,VGND,li1,77.9700,136.0000,0.000133
FILLER_45_153,VGND,li1,76.5900,136.0000,0.000133
FILLER_45_150,VGND,li1,75.2100,136.0000,0.000130
FILLER_45_147,VGND,li1,73.8300,136.0000,0.000126
FILLER_45_144,VGND,li1,72.4500,136.0000,0.000126
FILLER_45_141,VGND,li1,71.0700,136.0000,0.000123
FILLER_45_126,VGND,li1,63.9400,136.0000,0.000113
FILLER_45_105,VGND,li1,54.2800,136.0000,0.000095
FILLER_45_102,VGND,li1,53.1300,136.0000,0.000090
FILLER_45_99,VGND,li1,51.7500,136.0000,0.000086
FILLER_45_96,VGND,li1,50.3700,136.0000,0.000086
FILLER_45_89,VGND,li1,46.9200,136.0000,0.000076
FILLER_45_86,VGND,li1,45.7700,136.0000,0.000076
FILLER_45_83,VGND,li1,44.3900,136.0000,0.000071
FILLER_45_80,VGND,li1,43.0100,136.0000,0.000067
FILLER_45_77,VGND,li1,41.6300,136.0000,0.000067
FILLER_45_70,VGND,li1,38.1800,136.0000,0.000056
FILLER_45_67,VGND,li1,37.0300,136.0000,0.000056
FILLER_45_53,VGND,li1,30.5900,136.0000,0.000040
FILLER_45_50,VGND,li1,29.2100,136.0000,0.000033
FILLER_45_47,VGND,li1,27.8300,136.0000,0.000033
FILLER_45_44,VGND,li1,26.4500,136.0000,0.000026
FILLER_45_41,VGND,li1,25.0700,136.0000,0.000026
FILLER_45_38,VGND,li1,23.6900,136.0000,0.000026
FILLER_45_35,VGND,li1,22.3100,136.0000,0.000026
FILLER_45_32,VGND,li1,20.9300,136.0000,0.000027
FILLER_45_29,VGND,li1,19.5500,136.0000,0.000027
FILLER_45_26,VGND,li1,18.1700,136.0000,0.000027
FILLER_45_23,VGND,li1,16.7900,136.0000,0.000027
FILLER_45_20,VGND,li1,15.4100,136.0000,0.000027
FILLER_45_17,VGND,li1,14.0300,136.0000,0.000027
FILLER_45_14,VGND,li1,12.6500,136.0000,0.000027
FILLER_45_11,VGND,li1,11.2700,136.0000,0.000027
FILLER_45_3,VGND,li1,7.1300,136.0000,0.000027
FILLER_44_309,VGND,li1,147.8900,130.5600,0.000175
FILLER_44_297,VGND,li1,142.8300,130.5600,0.000174
FILLER_44_294,VGND,li1,141.4500,130.5600,0.000174
FILLER_44_291,VGND,li1,140.0700,130.5600,0.000174
FILLER_44_288,VGND,li1,138.6900,130.5600,0.000174
FILLER_44_285,VGND,li1,137.3100,130.5600,0.000173
FILLER_44_280,VGND,li1,134.5500,130.5600,0.000173
FILLER_44_277,VGND,li1,133.6300,130.5600,0.000173
FILLER_44_269,VGND,li1,129.9500,130.5600,0.000172
FILLER_44_256,VGND,li1,123.5100,130.5600,0.000168
FILLER_44_253,VGND,li1,122.5900,130.5600,0.000168
FILLER_44_249,VGND,li1,120.7500,130.5600,0.000167
FILLER_44_240,VGND,li1,116.3800,130.5600,0.000163
FILLER_44_222,VGND,li1,108.1000,130.5600,0.000156
FILLER_44_212,VGND,li1,103.5000,130.5600,0.000152
FILLER_44_209,VGND,li1,102.3500,130.5600,0.000152
FILLER_44_206,VGND,li1,100.9700,130.5600,0.000149
FILLER_44_203,VGND,li1,99.5900,130.5600,0.000147
FILLER_44_200,VGND,li1,98.2100,130.5600,0.000147
FILLER_44_197,VGND,li1,96.8300,130.5600,0.000145
FILLER_44_181,VGND,li1,89.0100,130.5600,0.000137
FILLER_44_178,VGND,li1,88.0900,130.5600,0.000137
FILLER_44_175,VGND,li1,86.7100,130.5600,0.000135
FILLER_44_155,VGND,li1,77.5100,130.5600,0.000125
FILLER_44_147,VGND,li1,73.3700,130.5600,0.000119
FILLER_44_144,VGND,li1,72.4500,130.5600,0.000116
FILLER_44_141,VGND,li1,71.0700,130.5600,0.000116
FILLER_44_137,VGND,li1,69.2300,130.5600,0.000113
FILLER_44_127,VGND,li1,64.4000,130.5600,0.000106
FILLER_44_124,VGND,li1,63.2500,130.5600,0.000103
FILLER_44_121,VGND,li1,61.8700,130.5600,0.000100
FILLER_44_118,VGND,li1,60.4900,130.5600,0.000097
FILLER_44_113,VGND,li1,57.7300,130.5600,0.000093
FILLER_44_110,VGND,li1,56.8100,130.5600,0.000093
FILLER_44_101,VGND,li1,52.2100,130.5600,0.000084
FILLER_44_77,VGND,li1,41.4000,130.5600,0.000062
FILLER_44_74,VGND,li1,40.2500,130.5600,0.000062
FILLER_44_65,VGND,li1,36.1100,130.5600,0.000053
FILLER_44_62,VGND,li1,34.7300,130.5600,0.000048
FILLER_44_53,VGND,li1,30.3600,130.5600,0.000037
FILLER_44_50,VGND,li1,29.2100,130.5600,0.000037
FILLER_44_47,VGND,li1,27.8300,130.5600,0.000033
FILLER_44_44,VGND,li1,26.4500,130.5600,0.000027
FILLER_44_41,VGND,li1,25.0700,130.5600,0.000027
FILLER_44_38,VGND,li1,23.6900,130.5600,0.000028
FILLER_44_35,VGND,li1,22.3100,130.5600,0.000028
FILLER_44_32,VGND,li1,20.9300,130.5600,0.000029
FILLER_44_29,VGND,li1,19.5500,130.5600,0.000029
FILLER_44_26,VGND,li1,17.9400,130.5600,0.000029
FILLER_44_23,VGND,li1,16.7900,130.5600,0.000030
FILLER_44_20,VGND,li1,15.4100,130.5600,0.000030
FILLER_44_17,VGND,li1,14.0300,130.5600,0.000030
FILLER_44_14,VGND,li1,12.6500,130.5600,0.000031
FILLER_44_11,VGND,li1,11.2700,130.5600,0.000031
FILLER_43_301,VGND,li1,144.2100,130.5600,0.000175
FILLER_43_298,VGND,li1,143.2900,130.5600,0.000174
FILLER_43_295,VGND,li1,141.9100,130.5600,0.000174
FILLER_43_292,VGND,li1,140.5300,130.5600,0.000174
FILLER_43_289,VGND,li1,139.1500,130.5600,0.000174
FILLER_43_286,VGND,li1,137.7700,130.5600,0.000174
FILLER_43_274,VGND,li1,131.7900,130.5600,0.000172
FILLER_43_265,VGND,li1,127.6500,130.5600,0.000171
FILLER_43_253,VGND,li1,122.5900,130.5600,0.000168
FILLER_43_250,VGND,li1,121.2100,130.5600,0.000167
FILLER_43_236,VGND,li1,114.5400,130.5600,0.000161
FILLER_43_233,VGND,li1,113.3900,130.5600,0.000161
FILLER_43_222,VGND,li1,108.1000,130.5600,0.000156
FILLER_43_219,VGND,li1,106.9500,130.5600,0.000156
FILLER_43_216,VGND,li1,105.5700,130.5600,0.000153
FILLER_43_213,VGND,li1,104.1900,130.5600,0.000153
FILLER_43_210,VGND,li1,102.8100,130.5600,0.000152
FILLER_43_207,VGND,li1,101.4300,130.5600,0.000149
FILLER_43_204,VGND,li1,100.0500,130.5600,0.000149
FILLER_43_195,VGND,li1,95.9100,130.5600,0.000145
FILLER_43_177,VGND,li1,87.1700,130.5600,0.000135
FILLER_43_174,VGND,li1,86.2500,130.5600,0.000135
FILLER_43_165,VGND,li1,82.1100,130.5600,0.000130
FILLER_43_150,VGND,li1,74.7500,130.5600,0.000119
FILLER_43_147,VGND,li1,73.8300,130.5600,0.000119
FILLER_43_144,VGND,li1,72.4500,130.5600,0.000116
FILLER_43_127,VGND,li1,64.4000,130.5600,0.000106
FILLER_43_119,VGND,li1,60.7200,130.5600,0.000100
FILLER_43_116,VGND,li1,59.5700,130.5600,0.000097
FILLER_43_113,VGND,li1,58.1900,130.5600,0.000093
FILLER_43_102,VGND,li1,52.6700,130.5600,0.000084
FILLER_43_99,VGND,li1,51.7500,130.5600,0.000084
FILLER_43_96,VGND,li1,50.3700,130.5600,0.000079
FILLER_43_93,VGND,li1,48.9900,130.5600,0.000079
FILLER_43_84,VGND,li1,44.6200,130.5600,0.000068
FILLER_43_69,VGND,li1,37.4900,130.5600,0.000053
FILLER_43_66,VGND,li1,36.5700,130.5600,0.000053
FILLER_43_55,VGND,li1,31.0500,130.5600,0.000041
FILLER_43_52,VGND,li1,30.1300,130.5600,0.000037
FILLER_43_49,VGND,li1,28.7500,130.5600,0.000033
FILLER_43_46,VGND,li1,27.3700,130.5600,0.000033
FILLER_43_43,VGND,li1,25.9900,130.5600,0.000027
FILLER_43_33,VGND,li1,21.3900,130.5600,0.000029
FILLER_43_30,VGND,li1,20.0100,130.5600,0.000029
FILLER_43_27,VGND,li1,18.6300,130.5600,0.000029
FILLER_43_24,VGND,li1,17.2500,130.5600,0.000030
FILLER_43_21,VGND,li1,15.8700,130.5600,0.000030
FILLER_43_18,VGND,li1,14.4900,130.5600,0.000030
FILLER_42_309,VGND,li1,147.8900,125.1200,0.000231
FILLER_42_297,VGND,li1,142.8300,125.1200,0.000231
FILLER_42_294,VGND,li1,141.4500,125.1200,0.000231
FILLER_42_286,VGND,li1,137.5400,125.1200,0.000230
FILLER_42_280,VGND,li1,134.7800,125.1200,0.000229
FILLER_42_277,VGND,li1,133.6300,125.1200,0.000229
FILLER_42_274,VGND,li1,132.2500,125.1200,0.000229
FILLER_42_271,VGND,li1,130.8700,125.1200,0.000228
FILLER_42_268,VGND,li1,129.4900,125.1200,0.000226
FILLER_42_265,VGND,li1,128.1100,125.1200,0.000226
FILLER_42_262,VGND,li1,126.7300,125.1200,0.000225
FILLER_42_259,VGND,li1,125.3500,125.1200,0.000225
FILLER_42_256,VGND,li1,123.9700,125.1200,0.000223
FILLER_42_253,VGND,li1,122.5900,125.1200,0.000223
FILLER_42_251,VGND,li1,121.2100,125.1200,0.000222
FILLER_42_248,VGND,li1,120.2900,125.1200,0.000222
FILLER_42_245,VGND,li1,118.9100,125.1200,0.000220
FILLER_42_242,VGND,li1,117.5300,125.1200,0.000219
FILLER_42_239,VGND,li1,116.1500,125.1200,0.000219
FILLER_42_236,VGND,li1,114.7700,125.1200,0.000217
FILLER_42_233,VGND,li1,113.3900,125.1200,0.000217
FILLER_42_222,VGND,li1,108.1000,125.1200,0.000212
FILLER_42_210,VGND,li1,102.8100,125.1200,0.000206
FILLER_42_207,VGND,li1,101.4300,125.1200,0.000206
FILLER_42_197,VGND,li1,96.3700,125.1200,0.000200
FILLER_42_193,VGND,li1,94.9900,125.1200,0.000197
FILLER_42_178,VGND,li1,87.8600,125.1200,0.000189
FILLER_42_153,VGND,li1,76.5900,125.1200,0.000168
FILLER_42_150,VGND,li1,75.2100,125.1200,0.000168
FILLER_42_147,VGND,li1,73.8300,125.1200,0.000162
FILLER_42_144,VGND,li1,72.4500,125.1200,0.000162
FILLER_42_141,VGND,li1,71.0700,125.1200,0.000158
FILLER_42_137,VGND,li1,69.2300,125.1200,0.000153
FILLER_42_134,VGND,li1,67.8500,125.1200,0.000153
FILLER_42_119,VGND,li1,60.7200,125.1200,0.000135
FILLER_42_116,VGND,li1,59.5700,125.1200,0.000135
FILLER_42_113,VGND,li1,58.1900,125.1200,0.000130
FILLER_42_110,VGND,li1,56.8100,125.1200,0.000126
FILLER_42_106,VGND,li1,54.5100,125.1200,0.000120
FILLER_42_103,VGND,li1,53.5900,125.1200,0.000120
FILLER_42_100,VGND,li1,52.2100,125.1200,0.000115
FILLER_42_97,VGND,li1,50.8300,125.1200,0.000115
FILLER_42_85,VGND,li1,44.8500,125.1200,0.000099
FILLER_42_83,VGND,li1,43.9300,125.1200,0.000094
FILLER_42_72,VGND,li1,39.1000,125.1200,0.000078
FILLER_42_69,VGND,li1,37.9500,125.1200,0.000078
FILLER_42_58,VGND,li1,32.4300,125.1200,0.000063
FILLER_42_55,VGND,li1,31.5100,125.1200,0.000057
FILLER_42_52,VGND,li1,30.1300,125.1200,0.000057
FILLER_42_49,VGND,li1,28.7500,125.1200,0.000048
FILLER_42_46,VGND,li1,27.3700,125.1200,0.000048
FILLER_42_43,VGND,li1,25.9900,125.1200,0.000040
FILLER_42_40,VGND,li1,24.6100,125.1200,0.000040
FILLER_42_32,VGND,li1,20.4700,125.1200,0.000043
FILLER_42_29,VGND,li1,19.5500,125.1200,0.000045
FILLER_42_18,VGND,li1,14.0300,125.1200,0.000048
FILLER_41_307,VGND,li1,147.4300,125.1200,0.000231
FILLER_41_304,VGND,li1,146.0500,125.1200,0.000231
FILLER_41_301,VGND,li1,144.6700,125.1200,0.000231
FILLER_41_298,VGND,li1,143.2900,125.1200,0.000231
FILLER_41_295,VGND,li1,141.9100,125.1200,0.000231
FILLER_41_292,VGND,li1,140.5300,125.1200,0.000231
FILLER_41_289,VGND,li1,139.1500,125.1200,0.000230
FILLER_41_286,VGND,li1,137.7700,125.1200,0.000230
FILLER_41_270,VGND,li1,130.4100,125.1200,0.000228
FILLER_41_252,VGND,li1,121.6700,125.1200,0.000222
FILLER_41_249,VGND,li1,120.7500,125.1200,0.000222
FILLER_41_246,VGND,li1,119.3700,125.1200,0.000220
FILLER_41_243,VGND,li1,117.9900,125.1200,0.000220
FILLER_41_221,VGND,li1,107.8700,125.1200,0.000212
FILLER_41_209,VGND,li1,102.3500,125.1200,0.000206
FILLER_41_199,VGND,li1,97.2900,125.1200,0.000200
FILLER_41_196,VGND,li1,96.3700,125.1200,0.000200
FILLER_41_193,VGND,li1,94.9900,125.1200,0.000197
FILLER_41_172,VGND,li1,85.3300,125.1200,0.000183
FILLER_41_169,VGND,li1,83.9500,125.1200,0.000183
FILLER_41_167,VGND,li1,82.5700,125.1200,0.000179
FILLER_41_135,VGND,li1,67.8500,125.1200,0.000153
FILLER_41_132,VGND,li1,66.9300,125.1200,0.000148
FILLER_41_129,VGND,li1,65.5500,125.1200,0.000148
FILLER_41_122,VGND,li1,61.8700,125.1200,0.000140
FILLER_41_119,VGND,li1,60.9500,125.1200,0.000135
FILLER_41_116,VGND,li1,59.5700,125.1200,0.000135
FILLER_41_113,VGND,li1,58.1900,125.1200,0.000130
FILLER_41_66,VGND,li1,36.1100,125.1200,0.000071
FILLER_41_63,VGND,li1,35.1900,125.1200,0.000071
FILLER_41_60,VGND,li1,33.8100,125.1200,0.000063
FILLER_41_57,VGND,li1,32.4300,125.1200,0.000063
FILLER_41_43,VGND,li1,25.9900,125.1200,0.000040
FILLER_41_34,VGND,li1,21.6200,125.1200,0.000043
FILLER_41_31,VGND,li1,20.4700,125.1200,0.000043
FILLER_41_28,VGND,li1,19.0900,125.1200,0.000045
FILLER_41_25,VGND,li1,17.7100,125.1200,0.000047
FILLER_40_309,VGND,li1,147.8900,119.6800,0.000170
FILLER_40_305,VGND,li1,146.5100,119.6800,0.000170
FILLER_40_302,VGND,li1,145.1300,119.6800,0.000170
FILLER_40_299,VGND,li1,143.7500,119.6800,0.000170
FILLER_40_296,VGND,li1,142.3700,119.6800,0.000170
FILLER_40_293,VGND,li1,140.9900,119.6800,0.000170
FILLER_40_290,VGND,li1,139.6100,119.6800,0.000170
FILLER_40_287,VGND,li1,138.2300,119.6800,0.000170
FILLER_40_271,VGND,li1,130.8700,119.6800,0.000169
FILLER_40_268,VGND,li1,129.4900,119.6800,0.000169
FILLER_40_265,VGND,li1,128.1100,119.6800,0.000169
FILLER_40_262,VGND,li1,126.7300,119.6800,0.000168
FILLER_40_259,VGND,li1,125.3500,119.6800,0.000168
FILLER_40_256,VGND,li1,123.9700,119.6800,0.000168
FILLER_40_253,VGND,li1,122.5900,119.6800,0.000167
FILLER_40_241,VGND,li1,116.6100,119.6800,0.000166
FILLER_40_238,VGND,li1,115.6900,119.6800,0.000165
FILLER_40_235,VGND,li1,114.3100,119.6800,0.000165
FILLER_40_232,VGND,li1,112.9300,119.6800,0.000164
FILLER_40_229,VGND,li1,111.5500,119.6800,0.000164
FILLER_40_226,VGND,li1,110.1700,119.6800,0.000163
FILLER_40_206,VGND,li1,100.7400,119.6800,0.000156
FILLER_40_203,VGND,li1,99.5900,119.6800,0.000154
FILLER_40_200,VGND,li1,98.2100,119.6800,0.000154
FILLER_40_197,VGND,li1,96.8300,119.6800,0.000152
FILLER_40_185,VGND,li1,91.3100,119.6800,0.000148
FILLER_40_182,VGND,li1,89.9300,119.6800,0.000146
FILLER_40_179,VGND,li1,88.5500,119.6800,0.000143
FILLER_40_176,VGND,li1,87.1700,119.6800,0.000143
FILLER_40_166,VGND,li1,82.1100,119.6800,0.000137
FILLER_40_156,VGND,li1,77.5100,119.6800,0.000132
FILLER_40_153,VGND,li1,76.5900,119.6800,0.000129
FILLER_40_150,VGND,li1,75.2100,119.6800,0.000129
FILLER_40_139,VGND,li1,69.6900,119.6800,0.000120
FILLER_40_136,VGND,li1,68.7700,119.6800,0.000120
FILLER_40_133,VGND,li1,67.3900,119.6800,0.000116
FILLER_40_130,VGND,li1,66.0100,119.6800,0.000116
FILLER_40_112,VGND,li1,57.5000,119.6800,0.000101
FILLER_40_109,VGND,li1,56.3500,119.6800,0.000101
FILLER_40_106,VGND,li1,54.9700,119.6800,0.000096
FILLER_40_103,VGND,li1,53.5900,119.6800,0.000096
FILLER_40_100,VGND,li1,52.2100,119.6800,0.000091
FILLER_40_97,VGND,li1,50.8300,119.6800,0.000091
FILLER_40_94,VGND,li1,49.4500,119.6800,0.000088
FILLER_40_85,VGND,li1,44.8500,119.6800,0.000081
FILLER_40_83,VGND,li1,43.9300,119.6800,0.000077
FILLER_40_80,VGND,li1,43.0100,119.6800,0.000077
FILLER_40_77,VGND,li1,41.6300,119.6800,0.000072
FILLER_40_74,VGND,li1,40.2500,119.6800,0.000072
FILLER_40_56,VGND,li1,31.5100,119.6800,0.000054
FILLER_40_53,VGND,li1,30.5900,119.6800,0.000048
FILLER_40_50,VGND,li1,29.2100,119.6800,0.000048
FILLER_40_47,VGND,li1,27.8300,119.6800,0.000041
FILLER_40_44,VGND,li1,26.4500,119.6800,0.000041
FILLER_40_35,VGND,li1,21.8500,119.6800,0.000038
FILLER_40_32,VGND,li1,20.9300,119.6800,0.000038
FILLER_40_29,VGND,li1,19.5500,119.6800,0.000040
FILLER_40_12,VGND,li1,11.7300,119.6800,0.000045
FILLER_39_307,VGND,li1,147.4300,119.6800,0.000170
FILLER_39_304,VGND,li1,146.0500,119.6800,0.000170
FILLER_39_301,VGND,li1,144.6700,119.6800,0.000170
FILLER_39_298,VGND,li1,143.2900,119.6800,0.000170
FILLER_39_295,VGND,li1,141.9100,119.6800,0.000170
FILLER_39_292,VGND,li1,140.5300,119.6800,0.000170
FILLER_39_289,VGND,li1,139.1500,119.6800,0.000170
FILLER_39_286,VGND,li1,137.7700,119.6800,0.000170
FILLER_39_278,VGND,li1,133.8600,119.6800,0.000170
FILLER_39_275,VGND,li1,132.7100,119.6800,0.000170
FILLER_39_272,VGND,li1,131.3300,119.6800,0.000169
FILLER_39_269,VGND,li1,129.9500,119.6800,0.000169
FILLER_39_263,VGND,li1,126.7300,119.6800,0.000168
FILLER_39_260,VGND,li1,125.8100,119.6800,0.000168
FILLER_39_257,VGND,li1,124.4300,119.6800,0.000168
FILLER_39_254,VGND,li1,123.0500,119.6800,0.000167
FILLER_39_243,VGND,li1,117.7600,119.6800,0.000166
FILLER_39_240,VGND,li1,116.6100,119.6800,0.000166
FILLER_39_228,VGND,li1,110.8600,119.6800,0.000163
FILLER_39_225,VGND,li1,109.7100,119.6800,0.000163
FILLER_39_223,VGND,li1,108.3300,119.6800,0.000161
FILLER_39_220,VGND,li1,107.4100,119.6800,0.000161
FILLER_39_207,VGND,li1,100.9700,119.6800,0.000156
FILLER_39_204,VGND,li1,100.0500,119.6800,0.000156
FILLER_39_187,VGND,li1,92.0000,119.6800,0.000148
FILLER_39_161,VGND,li1,80.0400,119.6800,0.000135
FILLER_39_158,VGND,li1,78.8900,119.6800,0.000132
FILLER_39_155,VGND,li1,77.5100,119.6800,0.000132
FILLER_39_152,VGND,li1,76.1300,119.6800,0.000129
FILLER_39_141,VGND,li1,70.8400,119.6800,0.000123
FILLER_39_138,VGND,li1,69.6900,119.6800,0.000120
FILLER_39_119,VGND,li1,60.4900,119.6800,0.000107
FILLER_39_116,VGND,li1,59.5700,119.6800,0.000104
FILLER_39_113,VGND,li1,58.1900,119.6800,0.000104
FILLER_39_111,VGND,li1,56.8100,119.6800,0.000101
FILLER_39_100,VGND,li1,51.9800,119.6800,0.000091
FILLER_39_97,VGND,li1,50.8300,119.6800,0.000091
FILLER_39_88,VGND,li1,46.6900,119.6800,0.000084
FILLER_39_85,VGND,li1,45.3100,119.6800,0.000081
FILLER_39_82,VGND,li1,43.9300,119.6800,0.000077
FILLER_39_65,VGND,li1,35.8800,119.6800,0.000063
FILLER_39_46,VGND,li1,27.1400,119.6800,0.000041
FILLER_39_24,VGND,li1,16.7900,119.6800,0.000043
FILLER_38_309,VGND,li1,147.8900,114.2400,0.000238
FILLER_38_306,VGND,li1,146.7400,114.2400,0.000238
FILLER_38_303,VGND,li1,145.5900,114.2400,0.000238
FILLER_38_300,VGND,li1,144.2100,114.2400,0.000237
FILLER_38_297,VGND,li1,142.8300,114.2400,0.000237
FILLER_38_294,VGND,li1,141.4500,114.2400,0.000237
FILLER_38_291,VGND,li1,140.0700,114.2400,0.000237
FILLER_38_249,VGND,li1,120.7500,114.2400,0.000229
FILLER_38_246,VGND,li1,119.3700,114.2400,0.000229
FILLER_38_243,VGND,li1,117.9900,114.2400,0.000226
FILLER_38_240,VGND,li1,116.6100,114.2400,0.000226
FILLER_38_228,VGND,li1,110.8600,114.2400,0.000221
FILLER_38_225,VGND,li1,109.7100,114.2400,0.000218
FILLER_38_206,VGND,li1,100.9700,114.2400,0.000209
FILLER_38_203,VGND,li1,99.5900,114.2400,0.000205
FILLER_38_200,VGND,li1,98.2100,114.2400,0.000205
FILLER_38_197,VGND,li1,96.8300,114.2400,0.000202
FILLER_38_195,VGND,li1,95.4500,114.2400,0.000199
FILLER_38_190,VGND,li1,93.3800,114.2400,0.000197
FILLER_38_187,VGND,li1,92.2300,114.2400,0.000197
FILLER_38_178,VGND,li1,87.8600,114.2400,0.000190
FILLER_38_175,VGND,li1,86.7100,114.2400,0.000187
FILLER_38_172,VGND,li1,85.3300,114.2400,0.000184
FILLER_38_169,VGND,li1,83.9500,114.2400,0.000184
FILLER_38_144,VGND,li1,71.9900,114.2400,0.000161
FILLER_38_141,VGND,li1,71.0700,114.2400,0.000157
FILLER_38_137,VGND,li1,69.2300,114.2400,0.000152
FILLER_38_134,VGND,li1,67.8500,114.2400,0.000152
FILLER_38_131,VGND,li1,66.4700,114.2400,0.000146
FILLER_38_128,VGND,li1,65.0900,114.2400,0.000146
FILLER_38_125,VGND,li1,63.7100,114.2400,0.000140
FILLER_38_122,VGND,li1,62.3300,114.2400,0.000140
FILLER_38_119,VGND,li1,60.9500,114.2400,0.000133
FILLER_38_116,VGND,li1,59.5700,114.2400,0.000133
FILLER_38_113,VGND,li1,58.1900,114.2400,0.000128
FILLER_38_103,VGND,li1,53.1300,114.2400,0.000118
FILLER_38_82,VGND,li1,43.7000,114.2400,0.000090
FILLER_38_79,VGND,li1,42.5500,114.2400,0.000090
FILLER_38_76,VGND,li1,41.1700,114.2400,0.000083
FILLER_38_73,VGND,li1,39.7900,114.2400,0.000083
FILLER_38_70,VGND,li1,38.4100,114.2400,0.000075
FILLER_38_67,VGND,li1,37.0300,114.2400,0.000075
FILLER_38_64,VGND,li1,35.6500,114.2400,0.000067
FILLER_38_61,VGND,li1,34.2700,114.2400,0.000067
FILLER_38_58,VGND,li1,32.8900,114.2400,0.000061
FILLER_38_55,VGND,li1,31.5100,114.2400,0.000056
FILLER_38_52,VGND,li1,30.1300,114.2400,0.000056
FILLER_38_49,VGND,li1,28.7500,114.2400,0.000048
FILLER_38_46,VGND,li1,27.3700,114.2400,0.000048
FILLER_38_43,VGND,li1,25.9900,114.2400,0.000041
FILLER_38_40,VGND,li1,24.6100,114.2400,0.000044
FILLER_38_37,VGND,li1,23.2300,114.2400,0.000044
FILLER_38_34,VGND,li1,21.8500,114.2400,0.000047
FILLER_38_18,VGND,li1,14.0300,114.2400,0.000053
FILLER_38_15,VGND,li1,13.1100,114.2400,0.000054
FILLER_37_299,VGND,li1,143.7500,114.2400,0.000237
FILLER_37_296,VGND,li1,142.3700,114.2400,0.000237
FILLER_37_293,VGND,li1,140.9900,114.2400,0.000237
FILLER_37_290,VGND,li1,139.6100,114.2400,0.000237
FILLER_37_287,VGND,li1,138.2300,114.2400,0.000237
FILLER_37_277,VGND,li1,133.6300,114.2400,0.000236
FILLER_37_274,VGND,li1,132.2500,114.2400,0.000236
FILLER_37_271,VGND,li1,130.8700,114.2400,0.000235
FILLER_37_260,VGND,li1,125.3500,114.2400,0.000233
FILLER_37_232,VGND,li1,112.7000,114.2400,0.000223
FILLER_37_223,VGND,li1,108.3300,114.2400,0.000218
FILLER_37_220,VGND,li1,107.4100,114.2400,0.000216
FILLER_37_206,VGND,li1,100.5100,114.2400,0.000209
FILLER_37_203,VGND,li1,99.5900,114.2400,0.000205
FILLER_37_191,VGND,li1,94.0700,114.2400,0.000199
FILLER_37_188,VGND,li1,92.6900,114.2400,0.000197
FILLER_37_185,VGND,li1,91.3100,114.2400,0.000193
FILLER_37_182,VGND,li1,89.9300,114.2400,0.000193
FILLER_37_179,VGND,li1,88.5500,114.2400,0.000190
FILLER_37_176,VGND,li1,87.1700,114.2400,0.000187
FILLER_37_173,VGND,li1,85.7900,114.2400,0.000187
FILLER_37_165,VGND,li1,82.1100,114.2400,0.000181
FILLER_37_155,VGND,li1,77.0500,114.2400,0.000172
FILLER_37_136,VGND,li1,68.7700,114.2400,0.000152
FILLER_37_116,VGND,li1,59.3400,114.2400,0.000133
FILLER_37_113,VGND,li1,58.1900,114.2400,0.000128
FILLER_37_111,VGND,li1,56.8100,114.2400,0.000123
FILLER_37_108,VGND,li1,55.8900,114.2400,0.000123
FILLER_37_98,VGND,li1,50.8300,114.2400,0.000110
FILLER_37_95,VGND,li1,49.9100,114.2400,0.000110
FILLER_37_92,VGND,li1,48.5300,114.2400,0.000103
FILLER_37_89,VGND,li1,47.1500,114.2400,0.000103
FILLER_37_79,VGND,li1,42.3200,114.2400,0.000090
FILLER_37_71,VGND,li1,38.4100,114.2400,0.000075
FILLER_37_68,VGND,li1,37.4900,114.2400,0.000075
FILLER_37_57,VGND,li1,32.2000,114.2400,0.000061
FILLER_37_55,VGND,li1,31.0500,114.2400,0.000056
FILLER_37_52,VGND,li1,30.1300,114.2400,0.000056
FILLER_37_44,VGND,li1,25.9900,114.2400,0.000041
FILLER_37_34,VGND,li1,21.8500,114.2400,0.000047
FILLER_37_31,VGND,li1,20.4700,114.2400,0.000047
FILLER_37_9,VGND,li1,9.8900,114.2400,0.000055
FILLER_37_6,VGND,li1,8.9700,114.2400,0.000055
FILLER_37_3,VGND,li1,7.5900,114.2400,0.000055
FILLER_36_309,VGND,li1,147.8900,108.8000,0.000122
FILLER_36_306,VGND,li1,146.7400,108.8000,0.000122
FILLER_36_303,VGND,li1,145.5900,108.8000,0.000122
FILLER_36_300,VGND,li1,144.2100,108.8000,0.000122
FILLER_36_297,VGND,li1,142.8300,108.8000,0.000122
FILLER_36_294,VGND,li1,141.4500,108.8000,0.000121
FILLER_36_291,VGND,li1,140.0700,108.8000,0.000121
FILLER_36_288,VGND,li1,138.6900,108.8000,0.000121
FILLER_36_285,VGND,li1,137.3100,108.8000,0.000121
FILLER_36_282,VGND,li1,135.9300,108.8000,0.000121
FILLER_36_272,VGND,li1,131.3300,108.8000,0.000120
FILLER_36_269,VGND,li1,129.9500,108.8000,0.000120
FILLER_36_266,VGND,li1,128.5700,108.8000,0.000120
FILLER_36_263,VGND,li1,127.1900,108.8000,0.000120
FILLER_36_256,VGND,li1,123.7400,108.8000,0.000119
FILLER_36_253,VGND,li1,122.5900,108.8000,0.000118
FILLER_36_242,VGND,li1,117.5300,108.8000,0.000117
FILLER_36_227,VGND,li1,110.4000,108.8000,0.000113
FILLER_36_224,VGND,li1,109.2500,108.8000,0.000113
FILLER_36_221,VGND,li1,107.8700,108.8000,0.000112
FILLER_36_209,VGND,li1,102.3500,108.8000,0.000108
FILLER_36_206,VGND,li1,100.9700,108.8000,0.000108
FILLER_36_203,VGND,li1,99.5900,108.8000,0.000106
FILLER_36_200,VGND,li1,98.2100,108.8000,0.000106
FILLER_36_197,VGND,li1,96.8300,108.8000,0.000105
FILLER_36_193,VGND,li1,94.9900,108.8000,0.000103
FILLER_36_182,VGND,li1,89.7000,108.8000,0.000100
FILLER_36_170,VGND,li1,84.4100,108.8000,0.000095
FILLER_36_167,VGND,li1,83.0300,108.8000,0.000093
FILLER_36_159,VGND,li1,79.1200,108.8000,0.000089
FILLER_36_156,VGND,li1,77.9700,108.8000,0.000089
FILLER_36_153,VGND,li1,76.5900,108.8000,0.000087
FILLER_36_150,VGND,li1,75.2100,108.8000,0.000087
FILLER_36_147,VGND,li1,73.8300,108.8000,0.000084
FILLER_36_144,VGND,li1,72.4500,108.8000,0.000084
FILLER_36_141,VGND,li1,71.0700,108.8000,0.000082
FILLER_36_130,VGND,li1,65.7800,108.8000,0.000078
FILLER_36_127,VGND,li1,64.6300,108.8000,0.000075
FILLER_36_124,VGND,li1,63.2500,108.8000,0.000075
FILLER_36_106,VGND,li1,54.5100,108.8000,0.000066
FILLER_36_95,VGND,li1,49.6800,108.8000,0.000059
FILLER_36_92,VGND,li1,48.5300,108.8000,0.000056
FILLER_36_89,VGND,li1,47.1500,108.8000,0.000056
FILLER_36_82,VGND,li1,43.7000,108.8000,0.000050
FILLER_36_79,VGND,li1,42.5500,108.8000,0.000050
FILLER_36_76,VGND,li1,41.1700,108.8000,0.000046
FILLER_36_60,VGND,li1,33.3500,108.8000,0.000036
FILLER_36_57,VGND,li1,32.4300,108.8000,0.000032
FILLER_36_54,VGND,li1,31.0500,108.8000,0.000032
FILLER_36_51,VGND,li1,29.6700,108.8000,0.000028
FILLER_36_48,VGND,li1,28.2900,108.8000,0.000025
FILLER_36_45,VGND,li1,26.9100,108.8000,0.000025
FILLER_36_35,VGND,li1,22.0800,108.8000,0.000024
FILLER_36_32,VGND,li1,20.9300,108.8000,0.000024
FILLER_36_29,VGND,li1,19.5500,108.8000,0.000025
FILLER_36_25,VGND,li1,17.7100,108.8000,0.000026
FILLER_36_3,VGND,li1,7.1300,108.8000,0.000028
FILLER_35_299,VGND,li1,143.7500,108.8000,0.000122
FILLER_35_296,VGND,li1,142.3700,108.8000,0.000121
FILLER_35_293,VGND,li1,140.9900,108.8000,0.000121
FILLER_35_290,VGND,li1,139.6100,108.8000,0.000121
FILLER_35_287,VGND,li1,138.2300,108.8000,0.000121
FILLER_35_284,VGND,li1,136.8500,108.8000,0.000121
FILLER_35_281,VGND,li1,135.4700,108.8000,0.000121
FILLER_35_278,VGND,li1,133.8600,108.8000,0.000121
FILLER_35_275,VGND,li1,132.7100,108.8000,0.000121
FILLER_35_264,VGND,li1,127.6500,108.8000,0.000120
FILLER_35_254,VGND,li1,122.5900,108.8000,0.000118
FILLER_35_251,VGND,li1,121.6700,108.8000,0.000118
FILLER_35_248,VGND,li1,120.2900,108.8000,0.000118
FILLER_35_245,VGND,li1,118.9100,108.8000,0.000117
FILLER_35_242,VGND,li1,117.5300,108.8000,0.000117
FILLER_35_239,VGND,li1,116.1500,108.8000,0.000116
FILLER_35_236,VGND,li1,114.7700,108.8000,0.000116
FILLER_35_228,VGND,li1,111.0900,108.8000,0.000114
FILLER_35_225,VGND,li1,109.7100,108.8000,0.000113
FILLER_35_215,VGND,li1,105.1100,108.8000,0.000111
FILLER_35_192,VGND,li1,94.0700,108.8000,0.000103
FILLER_35_189,VGND,li1,93.1500,108.8000,0.000102
FILLER_35_172,VGND,li1,84.8700,108.8000,0.000095
FILLER_35_169,VGND,li1,83.9500,108.8000,0.000095
FILLER_35_165,VGND,li1,82.1100,108.8000,0.000093
FILLER_35_154,VGND,li1,76.8200,108.8000,0.000087
FILLER_35_151,VGND,li1,75.6700,108.8000,0.000087
FILLER_35_138,VGND,li1,69.2300,108.8000,0.000080
FILLER_35_135,VGND,li1,68.3100,108.8000,0.000080
FILLER_35_132,VGND,li1,66.9300,108.8000,0.000078
FILLER_35_129,VGND,li1,65.5500,108.8000,0.000078
FILLER_35_126,VGND,li1,64.1700,108.8000,0.000075
FILLER_35_109,VGND,li1,56.3500,108.8000,0.000068
FILLER_35_106,VGND,li1,54.9700,108.8000,0.000066
FILLER_35_76,VGND,li1,41.1700,108.8000,0.000046
FILLER_35_73,VGND,li1,39.7900,108.8000,0.000046
FILLER_35_70,VGND,li1,38.4100,108.8000,0.000041
FILLER_35_67,VGND,li1,37.0300,108.8000,0.000041
FILLER_35_64,VGND,li1,35.6500,108.8000,0.000039
FILLER_35_57,VGND,li1,31.9700,108.8000,0.000032
FILLER_35_55,VGND,li1,31.0500,108.8000,0.000032
FILLER_35_52,VGND,li1,30.1300,108.8000,0.000028
FILLER_35_49,VGND,li1,28.7500,108.8000,0.000028
FILLER_35_46,VGND,li1,27.3700,108.8000,0.000025
FILLER_35_43,VGND,li1,25.9900,108.8000,0.000022
FILLER_35_40,VGND,li1,24.6100,108.8000,0.000023
FILLER_35_37,VGND,li1,23.2300,108.8000,0.000023
FILLER_35_34,VGND,li1,21.8500,108.8000,0.000024
FILLER_35_31,VGND,li1,20.4700,108.8000,0.000025
FILLER_35_28,VGND,li1,19.0900,108.8000,0.000025
FILLER_35_11,VGND,li1,11.0400,108.8000,0.000028
FILLER_34_309,VGND,li1,147.8900,103.3600,0.000136
FILLER_34_305,VGND,li1,146.5100,103.3600,0.000136
FILLER_34_302,VGND,li1,145.1300,103.3600,0.000136
FILLER_34_299,VGND,li1,143.7500,103.3600,0.000136
FILLER_34_296,VGND,li1,142.3700,103.3600,0.000136
FILLER_34_293,VGND,li1,140.9900,103.3600,0.000136
FILLER_34_290,VGND,li1,139.6100,103.3600,0.000136
FILLER_34_287,VGND,li1,138.2300,103.3600,0.000136
FILLER_34_263,VGND,li1,127.1900,103.3600,0.000135
FILLER_34_253,VGND,li1,122.5900,103.3600,0.000134
FILLER_34_234,VGND,li1,113.6200,103.3600,0.000131
FILLER_34_231,VGND,li1,112.4700,103.3600,0.000130
FILLER_34_228,VGND,li1,111.0900,103.3600,0.000130
FILLER_34_218,VGND,li1,106.4900,103.3600,0.000128
FILLER_34_215,VGND,li1,105.1100,103.3600,0.000126
FILLER_34_212,VGND,li1,103.7300,103.3600,0.000126
FILLER_34_209,VGND,li1,102.3500,103.3600,0.000125
FILLER_34_206,VGND,li1,100.9700,103.3600,0.000125
FILLER_34_203,VGND,li1,99.5900,103.3600,0.000123
FILLER_34_200,VGND,li1,98.2100,103.3600,0.000123
FILLER_34_197,VGND,li1,96.8300,103.3600,0.000122
FILLER_34_195,VGND,li1,95.4500,103.3600,0.000122
FILLER_34_192,VGND,li1,94.5300,103.3600,0.000120
FILLER_34_189,VGND,li1,93.1500,103.3600,0.000120
FILLER_34_186,VGND,li1,91.7700,103.3600,0.000119
FILLER_34_183,VGND,li1,90.3900,103.3600,0.000117
FILLER_34_176,VGND,li1,86.9400,103.3600,0.000115
FILLER_34_173,VGND,li1,85.7900,103.3600,0.000113
FILLER_34_170,VGND,li1,84.4100,103.3600,0.000113
FILLER_34_167,VGND,li1,83.0300,103.3600,0.000111
FILLER_34_158,VGND,li1,78.6600,103.3600,0.000107
FILLER_34_147,VGND,li1,73.8300,103.3600,0.000102
FILLER_34_144,VGND,li1,72.4500,103.3600,0.000100
FILLER_34_141,VGND,li1,71.0700,103.3600,0.000098
FILLER_34_129,VGND,li1,65.5500,103.3600,0.000092
FILLER_34_118,VGND,li1,60.2600,103.3600,0.000085
FILLER_34_115,VGND,li1,59.1100,103.3600,0.000085
FILLER_34_97,VGND,li1,50.6000,103.3600,0.000071
FILLER_34_94,VGND,li1,49.4500,103.3600,0.000071
FILLER_34_83,VGND,li1,43.9300,103.3600,0.000060
FILLER_34_80,VGND,li1,43.0100,103.3600,0.000060
FILLER_34_77,VGND,li1,41.6300,103.3600,0.000056
FILLER_34_74,VGND,li1,40.2500,103.3600,0.000052
FILLER_34_71,VGND,li1,38.8700,103.3600,0.000052
FILLER_34_68,VGND,li1,37.4900,103.3600,0.000047
FILLER_34_65,VGND,li1,36.1100,103.3600,0.000047
FILLER_34_62,VGND,li1,34.7300,103.3600,0.000043
FILLER_34_59,VGND,li1,33.3500,103.3600,0.000039
FILLER_34_56,VGND,li1,31.9700,103.3600,0.000039
FILLER_34_50,VGND,li1,28.7500,103.3600,0.000031
FILLER_34_47,VGND,li1,27.8300,103.3600,0.000031
FILLER_34_44,VGND,li1,26.4500,103.3600,0.000025
FILLER_34_41,VGND,li1,25.0700,103.3600,0.000025
FILLER_34_38,VGND,li1,23.6900,103.3600,0.000026
FILLER_34_35,VGND,li1,22.3100,103.3600,0.000026
FILLER_34_27,VGND,li1,18.1700,103.3600,0.000027
FILLER_34_24,VGND,li1,17.2500,103.3600,0.000027
FILLER_34_21,VGND,li1,15.8700,103.3600,0.000028
FILLER_34_18,VGND,li1,14.4900,103.3600,0.000028
FILLER_33_308,VGND,li1,147.6600,103.3600,0.000136
FILLER_33_305,VGND,li1,146.5100,103.3600,0.000136
FILLER_33_302,VGND,li1,145.1300,103.3600,0.000136
FILLER_33_299,VGND,li1,143.7500,103.3600,0.000136
FILLER_33_296,VGND,li1,142.3700,103.3600,0.000136
FILLER_33_293,VGND,li1,140.9900,103.3600,0.000136
FILLER_33_290,VGND,li1,139.6100,103.3600,0.000136
FILLER_33_287,VGND,li1,138.2300,103.3600,0.000136
FILLER_33_284,VGND,li1,136.8500,103.3600,0.000136
FILLER_33_281,VGND,li1,135.4700,103.3600,0.000136
FILLER_33_277,VGND,li1,133.6300,103.3600,0.000136
FILLER_33_274,VGND,li1,132.2500,103.3600,0.000136
FILLER_33_268,VGND,li1,129.4900,103.3600,0.000135
FILLER_33_265,VGND,li1,128.1100,103.3600,0.000135
FILLER_33_258,VGND,li1,124.4300,103.3600,0.000135
FILLER_33_255,VGND,li1,123.5100,103.3600,0.000134
FILLER_33_252,VGND,li1,122.1300,103.3600,0.000134
FILLER_33_249,VGND,li1,120.7500,103.3600,0.000134
FILLER_33_235,VGND,li1,114.0800,103.3600,0.000131
FILLER_33_223,VGND,li1,108.3300,103.3600,0.000129
FILLER_33_220,VGND,li1,107.4100,103.3600,0.000128
FILLER_33_192,VGND,li1,94.0700,103.3600,0.000120
FILLER_33_189,VGND,li1,93.1500,103.3600,0.000120
FILLER_33_181,VGND,li1,89.2400,103.3600,0.000117
FILLER_33_178,VGND,li1,88.0900,103.3600,0.000115
FILLER_33_167,VGND,li1,82.5700,103.3600,0.000111
FILLER_33_164,VGND,li1,81.6500,103.3600,0.000109
FILLER_33_161,VGND,li1,80.2700,103.3600,0.000107
FILLER_33_158,VGND,li1,78.8900,103.3600,0.000107
FILLER_33_155,VGND,li1,77.5100,103.3600,0.000105
FILLER_33_152,VGND,li1,76.1300,103.3600,0.000105
FILLER_33_149,VGND,li1,74.7500,103.3600,0.000102
FILLER_33_146,VGND,li1,73.3700,103.3600,0.000100
FILLER_33_143,VGND,li1,71.9900,103.3600,0.000100
FILLER_33_140,VGND,li1,70.6100,103.3600,0.000098
FILLER_33_137,VGND,li1,69.2300,103.3600,0.000096
FILLER_33_134,VGND,li1,67.8500,103.3600,0.000096
FILLER_33_126,VGND,li1,64.1700,103.3600,0.000092
FILLER_33_116,VGND,li1,59.1100,103.3600,0.000085
FILLER_33_113,VGND,li1,58.1900,103.3600,0.000082
FILLER_33_111,VGND,li1,56.8100,103.3600,0.000082
FILLER_33_108,VGND,li1,55.8900,103.3600,0.000079
FILLER_33_105,VGND,li1,54.5100,103.3600,0.000079
FILLER_33_76,VGND,li1,40.9400,103.3600,0.000056
FILLER_33_60,VGND,li1,33.8100,103.3600,0.000043
FILLER_33_57,VGND,li1,32.4300,103.3600,0.000039
FILLER_33_37,VGND,li1,23.0000,103.3600,0.000026
FILLER_33_34,VGND,li1,21.8500,103.3600,0.000026
FILLER_33_31,VGND,li1,20.4700,103.3600,0.000026
FILLER_33_28,VGND,li1,19.0900,103.3600,0.000027
FILLER_33_25,VGND,li1,17.7100,103.3600,0.000027
FILLER_33_22,VGND,li1,16.3300,103.3600,0.000027
FILLER_33_19,VGND,li1,14.9500,103.3600,0.000028
FILLER_33_16,VGND,li1,13.5700,103.3600,0.000028
FILLER_32_309,VGND,li1,147.8900,97.9200,0.000199
FILLER_32_305,VGND,li1,146.5100,97.9200,0.000199
FILLER_32_302,VGND,li1,145.1300,97.9200,0.000199
FILLER_32_299,VGND,li1,143.7500,97.9200,0.000199
FILLER_32_296,VGND,li1,142.3700,97.9200,0.000199
FILLER_32_293,VGND,li1,140.9900,97.9200,0.000199
FILLER_32_290,VGND,li1,139.6100,97.9200,0.000198
FILLER_32_287,VGND,li1,138.2300,97.9200,0.000198
FILLER_32_284,VGND,li1,136.8500,97.9200,0.000198
FILLER_32_281,VGND,li1,135.4700,97.9200,0.000198
FILLER_32_278,VGND,li1,134.0900,97.9200,0.000198
FILLER_32_275,VGND,li1,132.7100,97.9200,0.000198
FILLER_32_272,VGND,li1,131.3300,97.9200,0.000198
FILLER_32_259,VGND,li1,125.3500,97.9200,0.000196
FILLER_32_256,VGND,li1,123.9700,97.9200,0.000196
FILLER_32_253,VGND,li1,122.5900,97.9200,0.000195
FILLER_32_251,VGND,li1,121.2100,97.9200,0.000194
FILLER_32_245,VGND,li1,118.4500,97.9200,0.000193
FILLER_32_241,VGND,li1,116.6100,97.9200,0.000192
FILLER_32_238,VGND,li1,115.6900,97.9200,0.000192
FILLER_32_221,VGND,li1,107.8700,97.9200,0.000187
FILLER_32_218,VGND,li1,106.4900,97.9200,0.000185
FILLER_32_215,VGND,li1,105.1100,97.9200,0.000185
FILLER_32_205,VGND,li1,100.0500,97.9200,0.000181
FILLER_32_193,VGND,li1,94.9900,97.9200,0.000176
FILLER_32_190,VGND,li1,93.6100,97.9200,0.000174
FILLER_32_139,VGND,li1,69.6900,97.9200,0.000140
FILLER_32_136,VGND,li1,68.7700,97.9200,0.000140
FILLER_32_133,VGND,li1,67.3900,97.9200,0.000137
FILLER_32_128,VGND,li1,64.6300,97.9200,0.000132
FILLER_32_125,VGND,li1,63.7100,97.9200,0.000128
FILLER_32_122,VGND,li1,62.3300,97.9200,0.000128
FILLER_32_105,VGND,li1,54.2800,97.9200,0.000106
FILLER_32_102,VGND,li1,53.1300,97.9200,0.000106
FILLER_32_81,VGND,li1,43.4700,97.9200,0.000084
FILLER_32_78,VGND,li1,42.0900,97.9200,0.000077
FILLER_32_75,VGND,li1,40.7100,97.9200,0.000077
FILLER_32_72,VGND,li1,39.3300,97.9200,0.000071
FILLER_32_62,VGND,li1,34.7300,97.9200,0.000057
FILLER_32_59,VGND,li1,33.3500,97.9200,0.000057
FILLER_32_56,VGND,li1,31.9700,97.9200,0.000052
FILLER_32_53,VGND,li1,30.5900,97.9200,0.000046
FILLER_32_50,VGND,li1,29.2100,97.9200,0.000046
FILLER_32_47,VGND,li1,27.8300,97.9200,0.000041
FILLER_32_44,VGND,li1,26.4500,97.9200,0.000034
FILLER_32_41,VGND,li1,25.0700,97.9200,0.000034
FILLER_32_38,VGND,li1,23.6900,97.9200,0.000035
FILLER_32_32,VGND,li1,20.4700,97.9200,0.000036
FILLER_32_29,VGND,li1,19.5500,97.9200,0.000037
FILLER_32_27,VGND,li1,18.1700,97.9200,0.000038
FILLER_32_24,VGND,li1,17.2500,97.9200,0.000038
FILLER_31_309,VGND,li1,147.8900,97.9200,0.000199
FILLER_31_306,VGND,li1,146.9700,97.9200,0.000199
FILLER_31_303,VGND,li1,145.5900,97.9200,0.000199
FILLER_31_300,VGND,li1,144.2100,97.9200,0.000199
FILLER_31_263,VGND,li1,126.9600,97.9200,0.000197
FILLER_31_244,VGND,li1,117.9900,97.9200,0.000193
FILLER_31_221,VGND,li1,107.8700,97.9200,0.000187
FILLER_31_218,VGND,li1,106.4900,97.9200,0.000185
FILLER_31_207,VGND,li1,101.4300,97.9200,0.000181
FILLER_31_204,VGND,li1,100.0500,97.9200,0.000181
FILLER_31_201,VGND,li1,98.6700,97.9200,0.000178
FILLER_31_198,VGND,li1,97.2900,97.9200,0.000178
FILLER_31_190,VGND,li1,93.1500,97.9200,0.000174
FILLER_31_187,VGND,li1,92.2300,97.9200,0.000171
FILLER_31_184,VGND,li1,90.8500,97.9200,0.000171
FILLER_31_181,VGND,li1,89.4700,97.9200,0.000168
FILLER_31_178,VGND,li1,88.0900,97.9200,0.000168
FILLER_31_169,VGND,li1,83.7200,97.9200,0.000162
FILLER_31_165,VGND,li1,82.1100,97.9200,0.000159
FILLER_31_162,VGND,li1,80.7300,97.9200,0.000157
FILLER_31_159,VGND,li1,79.3500,97.9200,0.000157
FILLER_31_156,VGND,li1,77.9700,97.9200,0.000154
FILLER_31_113,VGND,li1,57.7300,97.9200,0.000117
FILLER_31_110,VGND,li1,56.5800,97.9200,0.000112
FILLER_31_107,VGND,li1,55.4300,97.9200,0.000112
FILLER_31_95,VGND,li1,49.9100,97.9200,0.000100
FILLER_31_76,VGND,li1,40.7100,97.9200,0.000077
FILLER_31_73,VGND,li1,39.7900,97.9200,0.000071
FILLER_31_70,VGND,li1,38.4100,97.9200,0.000071
FILLER_31_57,VGND,li1,31.9700,97.9200,0.000052
FILLER_31_46,VGND,li1,27.3700,97.9200,0.000041
FILLER_31_43,VGND,li1,25.9900,97.9200,0.000034
FILLER_31_40,VGND,li1,24.6100,97.9200,0.000035
FILLER_31_35,VGND,li1,22.0800,97.9200,0.000036
FILLER_31_32,VGND,li1,20.9300,97.9200,0.000036
FILLER_31_29,VGND,li1,19.5500,97.9200,0.000037
FILLER_31_11,VGND,li1,11.2700,97.9200,0.000040
FILLER_30_309,VGND,li1,147.8900,92.4800,0.000264
FILLER_30_298,VGND,li1,142.8300,92.4800,0.000263
FILLER_30_271,VGND,li1,130.8700,92.4800,0.000258
FILLER_30_262,VGND,li1,126.2700,92.4800,0.000255
FILLER_30_259,VGND,li1,125.3500,92.4800,0.000255
FILLER_30_256,VGND,li1,123.9700,92.4800,0.000253
FILLER_30_253,VGND,li1,122.5900,92.4800,0.000253
FILLER_30_197,VGND,li1,96.8300,92.4800,0.000225
FILLER_30_194,VGND,li1,95.2200,92.4800,0.000221
FILLER_30_180,VGND,li1,88.7800,92.4800,0.000211
FILLER_30_170,VGND,li1,83.9500,92.4800,0.000200
FILLER_30_150,VGND,li1,75.2100,92.4800,0.000184
FILLER_30_147,VGND,li1,73.8300,92.4800,0.000180
FILLER_30_144,VGND,li1,72.4500,92.4800,0.000174
FILLER_30_141,VGND,li1,71.0700,92.4800,0.000174
FILLER_30_138,VGND,li1,69.4600,92.4800,0.000170
FILLER_30_129,VGND,li1,65.0900,92.4800,0.000160
FILLER_30_123,VGND,li1,62.3300,92.4800,0.000153
FILLER_30_112,VGND,li1,57.5000,92.4800,0.000136
FILLER_30_85,VGND,li1,45.0800,92.4800,0.000102
FILLER_30_82,VGND,li1,43.7000,92.4800,0.000096
FILLER_30_79,VGND,li1,42.5500,92.4800,0.000096
FILLER_30_76,VGND,li1,41.1700,92.4800,0.000089
FILLER_30_73,VGND,li1,39.7900,92.4800,0.000083
FILLER_30_70,VGND,li1,38.4100,92.4800,0.000083
FILLER_30_67,VGND,li1,37.0300,92.4800,0.000078
FILLER_30_55,VGND,li1,31.5100,92.4800,0.000061
FILLER_30_52,VGND,li1,30.1300,92.4800,0.000056
FILLER_30_49,VGND,li1,28.7500,92.4800,0.000048
FILLER_30_46,VGND,li1,27.3700,92.4800,0.000048
FILLER_30_43,VGND,li1,25.9900,92.4800,0.000041
FILLER_30_32,VGND,li1,20.7000,92.4800,0.000044
FILLER_30_29,VGND,li1,19.5500,92.4800,0.000046
FILLER_30_27,VGND,li1,18.1700,92.4800,0.000047
FILLER_30_21,VGND,li1,15.4100,92.4800,0.000049
FILLER_30_18,VGND,li1,14.4900,92.4800,0.000049
FILLER_30_3,VGND,li1,7.1300,92.4800,0.000051
FILLER_29_308,VGND,li1,147.6600,92.4800,0.000264
FILLER_29_284,VGND,li1,136.6200,92.4800,0.000261
FILLER_29_281,VGND,li1,135.4700,92.4800,0.000260
FILLER_29_279,VGND,li1,134.0900,92.4800,0.000259
FILLER_29_276,VGND,li1,133.1700,92.4800,0.000259
FILLER_29_273,VGND,li1,131.7900,92.4800,0.000258
FILLER_29_257,VGND,li1,124.2000,92.4800,0.000253
FILLER_29_254,VGND,li1,123.0500,92.4800,0.000253
FILLER_29_251,VGND,li1,121.6700,92.4800,0.000251
FILLER_29_248,VGND,li1,120.2900,92.4800,0.000251
FILLER_29_245,VGND,li1,118.9100,92.4800,0.000250
FILLER_29_236,VGND,li1,114.3100,92.4800,0.000247
FILLER_29_225,VGND,li1,109.4800,92.4800,0.000242
FILLER_29_223,VGND,li1,108.3300,92.4800,0.000240
FILLER_29_220,VGND,li1,107.4100,92.4800,0.000240
FILLER_29_200,VGND,li1,97.7500,92.4800,0.000225
FILLER_29_197,VGND,li1,96.8300,92.4800,0.000225
FILLER_29_188,VGND,li1,92.2300,92.4800,0.000216
FILLER_29_185,VGND,li1,91.3100,92.4800,0.000216
FILLER_29_182,VGND,li1,89.9300,92.4800,0.000211
FILLER_29_169,VGND,li1,83.4900,92.4800,0.000200
FILLER_29_167,VGND,li1,82.5700,92.4800,0.000200
FILLER_29_164,VGND,li1,81.6500,92.4800,0.000195
FILLER_29_161,VGND,li1,80.2700,92.4800,0.000195
FILLER_29_140,VGND,li1,70.6100,92.4800,0.000170
FILLER_29_137,VGND,li1,69.2300,92.4800,0.000170
FILLER_29_134,VGND,li1,67.8500,92.4800,0.000165
FILLER_29_131,VGND,li1,66.4700,92.4800,0.000160
FILLER_29_128,VGND,li1,65.0900,92.4800,0.000160
FILLER_29_113,VGND,li1,57.9600,92.4800,0.000141
FILLER_29_89,VGND,li1,46.9200,92.4800,0.000110
FILLER_29_86,VGND,li1,45.7700,92.4800,0.000102
FILLER_29_83,VGND,li1,44.3900,92.4800,0.000102
FILLER_29_80,VGND,li1,43.0100,92.4800,0.000096
FILLER_29_77,VGND,li1,41.6300,92.4800,0.000089
FILLER_29_74,VGND,li1,40.2500,92.4800,0.000089
FILLER_29_71,VGND,li1,38.8700,92.4800,0.000083
FILLER_29_63,VGND,li1,34.7300,92.4800,0.000069
FILLER_29_60,VGND,li1,33.8100,92.4800,0.000069
FILLER_29_57,VGND,li1,32.4300,92.4800,0.000061
FILLER_29_54,VGND,li1,30.8200,92.4800,0.000056
FILLER_29_51,VGND,li1,29.6700,92.4800,0.000056
FILLER_29_48,VGND,li1,28.2900,92.4800,0.000048
FILLER_29_37,VGND,li1,23.2300,92.4800,0.000043
FILLER_29_24,VGND,li1,16.7900,92.4800,0.000047
FILLER_28_309,VGND,li1,147.8900,87.0400,0.000350
FILLER_28_307,VGND,li1,146.9700,87.0400,0.000350
FILLER_28_293,VGND,li1,140.7600,87.0400,0.000348
FILLER_28_272,VGND,li1,130.8700,87.0400,0.000343
FILLER_28_246,VGND,li1,119.1400,87.0400,0.000330
FILLER_28_243,VGND,li1,117.9900,87.0400,0.000330
FILLER_28_234,VGND,li1,113.8500,87.0400,0.000324
FILLER_28_208,VGND,li1,101.6600,87.0400,0.000297
FILLER_28_205,VGND,li1,100.5100,87.0400,0.000297
FILLER_28_176,VGND,li1,86.9400,87.0400,0.000263
FILLER_28_169,VGND,li1,83.4900,87.0400,0.000249
FILLER_28_166,VGND,li1,82.5700,87.0400,0.000249
FILLER_28_157,VGND,li1,78.2000,87.0400,0.000233
FILLER_28_154,VGND,li1,77.0500,87.0400,0.000233
FILLER_28_151,VGND,li1,75.6700,87.0400,0.000225
FILLER_28_148,VGND,li1,74.2900,87.0400,0.000225
FILLER_28_138,VGND,li1,69.4600,87.0400,0.000207
FILLER_28_128,VGND,li1,64.6300,87.0400,0.000191
FILLER_28_125,VGND,li1,63.7100,87.0400,0.000191
FILLER_28_122,VGND,li1,62.3300,87.0400,0.000185
FILLER_28_110,VGND,li1,56.8100,87.0400,0.000168
FILLER_28_107,VGND,li1,55.4300,87.0400,0.000160
FILLER_28_97,VGND,li1,50.3700,87.0400,0.000145
FILLER_28_94,VGND,li1,49.4500,87.0400,0.000137
FILLER_28_91,VGND,li1,48.0700,87.0400,0.000137
FILLER_28_88,VGND,li1,46.6900,87.0400,0.000128
FILLER_28_85,VGND,li1,45.3100,87.0400,0.000128
FILLER_28_83,VGND,li1,43.9300,87.0400,0.000119
FILLER_28_80,VGND,li1,43.0100,87.0400,0.000119
FILLER_28_64,VGND,li1,35.1900,87.0400,0.000089
FILLER_28_61,VGND,li1,34.2700,87.0400,0.000081
FILLER_28_58,VGND,li1,32.8900,87.0400,0.000081
FILLER_28_55,VGND,li1,31.5100,87.0400,0.000074
FILLER_28_47,VGND,li1,27.3700,87.0400,0.000057
FILLER_28_44,VGND,li1,26.4500,87.0400,0.000057
FILLER_28_29,VGND,li1,19.0900,87.0400,0.000054
FILLER_28_15,VGND,li1,12.6500,87.0400,0.000059
FILLER_27_291,VGND,li1,139.8400,87.0400,0.000348
FILLER_27_270,VGND,li1,129.9500,87.0400,0.000342
FILLER_27_267,VGND,li1,129.0300,87.0400,0.000342
FILLER_27_264,VGND,li1,127.6500,87.0400,0.000340
FILLER_27_261,VGND,li1,126.2700,87.0400,0.000340
FILLER_27_225,VGND,li1,109.4800,87.0400,0.000315
FILLER_27_211,VGND,li1,102.8100,87.0400,0.000302
FILLER_27_208,VGND,li1,101.8900,87.0400,0.000297
FILLER_27_205,VGND,li1,100.5100,87.0400,0.000297
FILLER_27_189,VGND,li1,93.1500,87.0400,0.000279
FILLER_27_169,VGND,li1,83.7200,87.0400,0.000249
FILLER_27_165,VGND,li1,82.1100,87.0400,0.000249
FILLER_27_154,VGND,li1,76.8200,87.0400,0.000233
FILLER_27_151,VGND,li1,75.6700,87.0400,0.000225
FILLER_27_148,VGND,li1,74.2900,87.0400,0.000225
FILLER_27_145,VGND,li1,72.9100,87.0400,0.000216
FILLER_27_142,VGND,li1,71.5300,87.0400,0.000216
FILLER_27_139,VGND,li1,70.1500,87.0400,0.000207
FILLER_27_136,VGND,li1,68.7700,87.0400,0.000207
FILLER_27_133,VGND,li1,67.3900,87.0400,0.000198
FILLER_27_130,VGND,li1,66.0100,87.0400,0.000198
FILLER_27_127,VGND,li1,64.6300,87.0400,0.000191
FILLER_27_116,VGND,li1,59.3400,87.0400,0.000176
FILLER_27_113,VGND,li1,58.1900,87.0400,0.000168
FILLER_27_111,VGND,li1,56.8100,87.0400,0.000168
FILLER_27_108,VGND,li1,55.8900,87.0400,0.000160
FILLER_27_105,VGND,li1,54.5100,87.0400,0.000160
FILLER_27_102,VGND,li1,53.1300,87.0400,0.000153
FILLER_27_99,VGND,li1,51.7500,87.0400,0.000145
FILLER_27_96,VGND,li1,50.3700,87.0400,0.000145
FILLER_27_77,VGND,li1,41.1700,87.0400,0.000109
FILLER_27_74,VGND,li1,40.2500,87.0400,0.000109
FILLER_27_71,VGND,li1,38.8700,87.0400,0.000098
FILLER_27_54,VGND,li1,30.8200,87.0400,0.000074
FILLER_27_40,VGND,li1,24.3800,87.0400,0.000049
FILLER_27_37,VGND,li1,23.2300,87.0400,0.000052
FILLER_27_34,VGND,li1,21.8500,87.0400,0.000052
FILLER_27_19,VGND,li1,14.7200,87.0400,0.000057
FILLER_26_309,VGND,li1,147.8900,81.6000,0.000266
FILLER_26_307,VGND,li1,146.9700,81.6000,0.000266
FILLER_26_275,VGND,li1,132.4800,81.6000,0.000259
FILLER_26_272,VGND,li1,131.3300,81.6000,0.000259
FILLER_26_262,VGND,li1,126.7300,81.6000,0.000255
FILLER_26_249,VGND,li1,120.7500,81.6000,0.000249
FILLER_26_241,VGND,li1,116.6100,81.6000,0.000245
FILLER_26_238,VGND,li1,115.6900,81.6000,0.000245
FILLER_26_229,VGND,li1,111.5500,81.6000,0.000240
FILLER_26_219,VGND,li1,106.4900,81.6000,0.000235
FILLER_26_216,VGND,li1,105.5700,81.6000,0.000232
FILLER_26_213,VGND,li1,104.1900,81.6000,0.000232
FILLER_26_205,VGND,li1,100.0500,81.6000,0.000226
FILLER_26_194,VGND,li1,95.2200,81.6000,0.000219
FILLER_26_171,VGND,li1,84.6400,81.6000,0.000199
FILLER_26_161,VGND,li1,80.0400,81.6000,0.000190
FILLER_26_150,VGND,li1,74.9800,81.6000,0.000175
FILLER_26_147,VGND,li1,73.8300,81.6000,0.000175
FILLER_26_144,VGND,li1,72.4500,81.6000,0.000168
FILLER_26_141,VGND,li1,71.0700,81.6000,0.000168
FILLER_26_139,VGND,li1,69.6900,81.6000,0.000163
FILLER_26_136,VGND,li1,68.7700,81.6000,0.000163
FILLER_26_133,VGND,li1,67.3900,81.6000,0.000156
FILLER_26_130,VGND,li1,66.0100,81.6000,0.000156
FILLER_26_127,VGND,li1,64.6300,81.6000,0.000149
FILLER_26_124,VGND,li1,63.2500,81.6000,0.000149
FILLER_26_112,VGND,li1,57.7300,81.6000,0.000134
FILLER_26_109,VGND,li1,56.3500,81.6000,0.000128
FILLER_26_106,VGND,li1,54.9700,81.6000,0.000128
FILLER_26_94,VGND,li1,49.4500,81.6000,0.000109
FILLER_26_91,VGND,li1,48.0700,81.6000,0.000109
FILLER_26_88,VGND,li1,46.6900,81.6000,0.000101
FILLER_26_85,VGND,li1,45.3100,81.6000,0.000101
FILLER_26_83,VGND,li1,43.9300,81.6000,0.000095
FILLER_26_80,VGND,li1,43.0100,81.6000,0.000095
FILLER_26_77,VGND,li1,41.6300,81.6000,0.000087
FILLER_26_74,VGND,li1,40.2500,81.6000,0.000087
FILLER_26_71,VGND,li1,38.8700,81.6000,0.000079
FILLER_26_68,VGND,li1,37.4900,81.6000,0.000079
FILLER_26_65,VGND,li1,36.1100,81.6000,0.000071
FILLER_26_62,VGND,li1,34.7300,81.6000,0.000071
FILLER_26_52,VGND,li1,30.1300,81.6000,0.000058
FILLER_26_49,VGND,li1,28.7500,81.6000,0.000051
FILLER_26_46,VGND,li1,27.3700,81.6000,0.000046
FILLER_26_43,VGND,li1,25.9900,81.6000,0.000046
FILLER_26_40,VGND,li1,24.6100,81.6000,0.000040
FILLER_26_37,VGND,li1,23.2300,81.6000,0.000042
FILLER_26_34,VGND,li1,21.8500,81.6000,0.000042
FILLER_25_307,VGND,li1,147.4300,81.6000,0.000266
FILLER_25_275,VGND,li1,132.2500,81.6000,0.000259
FILLER_25_268,VGND,li1,129.2600,81.6000,0.000257
FILLER_25_265,VGND,li1,128.1100,81.6000,0.000255
FILLER_25_262,VGND,li1,126.7300,81.6000,0.000255
FILLER_25_259,VGND,li1,125.3500,81.6000,0.000253
FILLER_25_249,VGND,li1,120.5200,81.6000,0.000249
FILLER_25_246,VGND,li1,119.3700,81.6000,0.000247
FILLER_25_243,VGND,li1,117.9900,81.6000,0.000247
FILLER_25_240,VGND,li1,116.6100,81.6000,0.000245
FILLER_25_237,VGND,li1,115.2300,81.6000,0.000242
FILLER_25_234,VGND,li1,113.8500,81.6000,0.000242
FILLER_25_231,VGND,li1,112.4700,81.6000,0.000240
FILLER_25_228,VGND,li1,111.0900,81.6000,0.000240
FILLER_25_225,VGND,li1,109.7100,81.6000,0.000237
FILLER_25_209,VGND,li1,102.3500,81.6000,0.000229
FILLER_25_206,VGND,li1,100.9700,81.6000,0.000226
FILLER_25_196,VGND,li1,95.9100,81.6000,0.000219
FILLER_25_190,VGND,li1,93.1500,81.6000,0.000216
FILLER_25_172,VGND,li1,84.8700,81.6000,0.000199
FILLER_25_169,VGND,li1,83.9500,81.6000,0.000195
FILLER_25_156,VGND,li1,77.9700,81.6000,0.000184
FILLER_25_134,VGND,li1,67.6200,81.6000,0.000156
FILLER_25_131,VGND,li1,66.4700,81.6000,0.000156
FILLER_25_109,VGND,li1,56.3500,81.6000,0.000128
FILLER_25_106,VGND,li1,54.9700,81.6000,0.000128
FILLER_25_95,VGND,li1,49.6800,81.6000,0.000109
FILLER_25_75,VGND,li1,40.4800,81.6000,0.000087
FILLER_25_63,VGND,li1,35.1900,81.6000,0.000071
FILLER_25_60,VGND,li1,33.8100,81.6000,0.000065
FILLER_25_57,VGND,li1,32.4300,81.6000,0.000065
FILLER_25_55,VGND,li1,31.0500,81.6000,0.000058
FILLER_25_52,VGND,li1,30.1300,81.6000,0.000058
FILLER_25_42,VGND,li1,25.5300,81.6000,0.000040
FILLER_25_39,VGND,li1,24.1500,81.6000,0.000040
FILLER_25_36,VGND,li1,22.7700,81.6000,0.000042
FILLER_25_30,VGND,li1,19.5500,81.6000,0.000045
FILLER_25_27,VGND,li1,18.6300,81.6000,0.000047
FILLER_25_3,VGND,li1,7.3600,81.6000,0.000053
FILLER_24_309,VGND,li1,147.8900,76.1600,0.000260
FILLER_24_299,VGND,li1,143.5200,76.1600,0.000260
FILLER_24_276,VGND,li1,132.9400,76.1600,0.000255
FILLER_24_264,VGND,li1,127.6500,76.1600,0.000250
FILLER_24_261,VGND,li1,126.2700,76.1600,0.000250
FILLER_24_250,VGND,li1,120.9800,76.1600,0.000245
FILLER_24_224,VGND,li1,108.7900,76.1600,0.000231
FILLER_24_221,VGND,li1,107.8700,76.1600,0.000231
FILLER_24_218,VGND,li1,106.4900,76.1600,0.000229
FILLER_24_215,VGND,li1,105.1100,76.1600,0.000225
FILLER_24_212,VGND,li1,103.7300,76.1600,0.000225
FILLER_24_209,VGND,li1,102.3500,76.1600,0.000221
FILLER_24_206,VGND,li1,100.9700,76.1600,0.000221
FILLER_24_200,VGND,li1,97.9800,76.1600,0.000217
FILLER_24_197,VGND,li1,96.8300,76.1600,0.000213
FILLER_24_194,VGND,li1,95.2200,76.1600,0.000213
FILLER_24_191,VGND,li1,94.0700,76.1600,0.000209
FILLER_24_171,VGND,li1,84.8700,76.1600,0.000195
FILLER_24_168,VGND,li1,83.4900,76.1600,0.000191
FILLER_24_165,VGND,li1,82.1100,76.1600,0.000186
FILLER_24_158,VGND,li1,78.6600,76.1600,0.000183
FILLER_24_147,VGND,li1,73.6000,76.1600,0.000169
FILLER_24_144,VGND,li1,72.4500,76.1600,0.000169
FILLER_24_141,VGND,li1,71.0700,76.1600,0.000164
FILLER_24_137,VGND,li1,69.2300,76.1600,0.000160
FILLER_24_134,VGND,li1,67.8500,76.1600,0.000155
FILLER_24_131,VGND,li1,66.4700,76.1600,0.000155
FILLER_24_128,VGND,li1,65.0900,76.1600,0.000150
FILLER_24_118,VGND,li1,60.0300,76.1600,0.000140
FILLER_24_115,VGND,li1,59.1100,76.1600,0.000135
FILLER_24_112,VGND,li1,57.7300,76.1600,0.000131
FILLER_24_109,VGND,li1,56.3500,76.1600,0.000131
FILLER_24_88,VGND,li1,46.6900,76.1600,0.000103
FILLER_24_85,VGND,li1,45.3100,76.1600,0.000097
FILLER_24_83,VGND,li1,43.9300,76.1600,0.000097
FILLER_24_71,VGND,li1,38.8700,76.1600,0.000080
FILLER_24_62,VGND,li1,34.2700,76.1600,0.000066
FILLER_24_59,VGND,li1,33.3500,76.1600,0.000066
FILLER_24_53,VGND,li1,30.1300,76.1600,0.000054
FILLER_24_41,VGND,li1,25.0700,76.1600,0.000040
FILLER_24_29,VGND,li1,19.0900,76.1600,0.000045
FILLER_24_27,VGND,li1,18.1700,76.1600,0.000045
FILLER_24_9,VGND,li1,10.1200,76.1600,0.000048
FILLER_24_6,VGND,li1,8.9700,76.1600,0.000048
FILLER_24_3,VGND,li1,7.5900,76.1600,0.000048
FILLER_23_295,VGND,li1,141.4500,76.1600,0.000259
FILLER_23_277,VGND,li1,133.6300,76.1600,0.000255
FILLER_23_262,VGND,li1,126.7300,76.1600,0.000250
FILLER_23_259,VGND,li1,125.3500,76.1600,0.000248
FILLER_23_256,VGND,li1,123.9700,76.1600,0.000248
FILLER_23_253,VGND,li1,122.5900,76.1600,0.000246
FILLER_23_250,VGND,li1,121.2100,76.1600,0.000245
FILLER_23_247,VGND,li1,119.8300,76.1600,0.000245
FILLER_23_240,VGND,li1,116.3800,76.1600,0.000240
FILLER_23_237,VGND,li1,115.2300,76.1600,0.000240
FILLER_23_225,VGND,li1,109.4800,76.1600,0.000231
FILLER_23_223,VGND,li1,108.3300,76.1600,0.000231
FILLER_23_220,VGND,li1,107.4100,76.1600,0.000229
FILLER_23_217,VGND,li1,106.0300,76.1600,0.000229
FILLER_23_207,VGND,li1,101.2000,76.1600,0.000221
FILLER_23_169,VGND,li1,83.9500,76.1600,0.000191
FILLER_23_167,VGND,li1,82.5700,76.1600,0.000191
FILLER_23_147,VGND,li1,73.8300,76.1600,0.000169
FILLER_23_144,VGND,li1,72.4500,76.1600,0.000169
FILLER_23_141,VGND,li1,71.0700,76.1600,0.000164
FILLER_23_138,VGND,li1,69.6900,76.1600,0.000160
FILLER_23_135,VGND,li1,68.3100,76.1600,0.000160
FILLER_23_132,VGND,li1,66.9300,76.1600,0.000155
FILLER_23_122,VGND,li1,61.8700,76.1600,0.000145
FILLER_23_119,VGND,li1,60.9500,76.1600,0.000140
FILLER_23_116,VGND,li1,59.5700,76.1600,0.000135
FILLER_23_113,VGND,li1,58.1900,76.1600,0.000135
FILLER_23_111,VGND,li1,56.8100,76.1600,0.000131
FILLER_23_100,VGND,li1,51.9800,76.1600,0.000119
FILLER_23_97,VGND,li1,50.8300,76.1600,0.000113
FILLER_23_78,VGND,li1,41.6300,76.1600,0.000088
FILLER_23_75,VGND,li1,40.7100,76.1600,0.000088
FILLER_23_72,VGND,li1,39.3300,76.1600,0.000080
FILLER_23_69,VGND,li1,37.9500,76.1600,0.000080
FILLER_23_66,VGND,li1,36.5700,76.1600,0.000071
FILLER_23_63,VGND,li1,35.1900,76.1600,0.000071
FILLER_23_60,VGND,li1,33.8100,76.1600,0.000066
FILLER_23_57,VGND,li1,32.4300,76.1600,0.000060
FILLER_23_54,VGND,li1,30.8200,76.1600,0.000054
FILLER_23_51,VGND,li1,29.6700,76.1600,0.000054
FILLER_23_39,VGND,li1,24.1500,76.1600,0.000042
FILLER_23_36,VGND,li1,22.7700,76.1600,0.000042
FILLER_23_33,VGND,li1,21.3900,76.1600,0.000044
FILLER_23_30,VGND,li1,20.0100,76.1600,0.000044
FILLER_22_309,VGND,li1,147.8900,70.7200,0.000238
FILLER_22_294,VGND,li1,140.9900,70.7200,0.000238
FILLER_22_263,VGND,li1,127.1900,70.7200,0.000230
FILLER_22_251,VGND,li1,121.2100,70.7200,0.000226
FILLER_22_248,VGND,li1,120.2900,70.7200,0.000223
FILLER_22_245,VGND,li1,118.9100,70.7200,0.000223
FILLER_22_233,VGND,li1,113.3900,70.7200,0.000215
FILLER_22_230,VGND,li1,112.0100,70.7200,0.000215
FILLER_22_227,VGND,li1,110.6300,70.7200,0.000212
FILLER_22_224,VGND,li1,109.2500,70.7200,0.000210
FILLER_22_221,VGND,li1,107.8700,70.7200,0.000210
FILLER_22_218,VGND,li1,106.4900,70.7200,0.000207
FILLER_22_200,VGND,li1,97.9800,70.7200,0.000196
FILLER_22_197,VGND,li1,96.8300,70.7200,0.000192
FILLER_22_194,VGND,li1,95.2200,70.7200,0.000192
FILLER_22_172,VGND,li1,85.3300,70.7200,0.000172
FILLER_22_159,VGND,li1,78.8900,70.7200,0.000160
FILLER_22_156,VGND,li1,77.9700,70.7200,0.000160
FILLER_22_153,VGND,li1,76.5900,70.7200,0.000155
FILLER_22_141,VGND,li1,71.0700,70.7200,0.000144
FILLER_22_128,VGND,li1,65.0900,70.7200,0.000132
FILLER_22_125,VGND,li1,63.7100,70.7200,0.000132
FILLER_22_122,VGND,li1,62.3300,70.7200,0.000126
FILLER_22_119,VGND,li1,60.9500,70.7200,0.000126
FILLER_22_116,VGND,li1,59.5700,70.7200,0.000122
FILLER_22_113,VGND,li1,58.1900,70.7200,0.000118
FILLER_22_103,VGND,li1,53.1300,70.7200,0.000108
FILLER_22_83,VGND,li1,43.9300,70.7200,0.000082
FILLER_22_80,VGND,li1,43.0100,70.7200,0.000082
FILLER_22_65,VGND,li1,35.8800,70.7200,0.000060
FILLER_22_62,VGND,li1,34.7300,70.7200,0.000060
FILLER_22_52,VGND,li1,29.9000,70.7200,0.000048
FILLER_22_49,VGND,li1,28.7500,70.7200,0.000042
FILLER_22_46,VGND,li1,27.3700,70.7200,0.000042
FILLER_22_43,VGND,li1,25.9900,70.7200,0.000034
FILLER_22_40,VGND,li1,24.6100,70.7200,0.000034
FILLER_22_34,VGND,li1,21.3900,70.7200,0.000037
FILLER_22_27,VGND,li1,18.1700,70.7200,0.000038
FILLER_22_24,VGND,li1,17.2500,70.7200,0.000039
FILLER_22_17,VGND,li1,13.5700,70.7200,0.000039
FILLER_22_6,VGND,li1,8.7400,70.7200,0.000041
FILLER_22_3,VGND,li1,7.5900,70.7200,0.000041
FILLER_21_307,VGND,li1,147.4300,70.7200,0.000238
FILLER_21_263,VGND,li1,126.7300,70.7200,0.000230
FILLER_21_225,VGND,li1,109.7100,70.7200,0.000212
FILLER_21_223,VGND,li1,108.3300,70.7200,0.000210
FILLER_21_213,VGND,li1,103.7300,70.7200,0.000203
FILLER_21_210,VGND,li1,102.8100,70.7200,0.000203
FILLER_21_207,VGND,li1,101.4300,70.7200,0.000199
FILLER_21_197,VGND,li1,96.8300,70.7200,0.000192
FILLER_21_194,VGND,li1,95.4500,70.7200,0.000192
FILLER_21_191,VGND,li1,94.0700,70.7200,0.000188
FILLER_21_188,VGND,li1,92.6900,70.7200,0.000188
FILLER_21_185,VGND,li1,91.3100,70.7200,0.000183
FILLER_21_172,VGND,li1,84.8700,70.7200,0.000172
FILLER_21_169,VGND,li1,83.9500,70.7200,0.000172
FILLER_21_165,VGND,li1,82.1100,70.7200,0.000168
FILLER_21_162,VGND,li1,80.7300,70.7200,0.000163
FILLER_21_159,VGND,li1,79.3500,70.7200,0.000163
FILLER_21_156,VGND,li1,77.9700,70.7200,0.000160
FILLER_21_153,VGND,li1,76.5900,70.7200,0.000155
FILLER_21_150,VGND,li1,75.2100,70.7200,0.000155
FILLER_21_147,VGND,li1,73.8300,70.7200,0.000150
FILLER_21_144,VGND,li1,72.4500,70.7200,0.000150
FILLER_21_141,VGND,li1,71.0700,70.7200,0.000144
FILLER_21_138,VGND,li1,69.6900,70.7200,0.000144
FILLER_21_135,VGND,li1,68.3100,70.7200,0.000141
FILLER_21_132,VGND,li1,66.9300,70.7200,0.000136
FILLER_21_129,VGND,li1,65.5500,70.7200,0.000136
FILLER_21_126,VGND,li1,64.1700,70.7200,0.000132
FILLER_21_116,VGND,li1,59.1100,70.7200,0.000122
FILLER_21_113,VGND,li1,58.1900,70.7200,0.000118
FILLER_21_110,VGND,li1,56.5800,70.7200,0.000114
FILLER_21_107,VGND,li1,55.4300,70.7200,0.000114
FILLER_21_88,VGND,li1,46.2300,70.7200,0.000092
FILLER_21_85,VGND,li1,45.3100,70.7200,0.000087
FILLER_21_82,VGND,li1,43.9300,70.7200,0.000082
FILLER_21_79,VGND,li1,42.5500,70.7200,0.000082
FILLER_21_76,VGND,li1,41.1700,70.7200,0.000075
FILLER_21_73,VGND,li1,39.7900,70.7200,0.000075
FILLER_21_70,VGND,li1,38.4100,70.7200,0.000068
FILLER_21_67,VGND,li1,37.0300,70.7200,0.000068
FILLER_21_57,VGND,li1,31.9700,70.7200,0.000054
FILLER_21_55,VGND,li1,31.0500,70.7200,0.000048
FILLER_21_52,VGND,li1,30.1300,70.7200,0.000048
FILLER_21_49,VGND,li1,28.7500,70.7200,0.000042
FILLER_21_46,VGND,li1,27.3700,70.7200,0.000042
FILLER_21_43,VGND,li1,25.9900,70.7200,0.000034
FILLER_21_24,VGND,li1,17.2500,70.7200,0.000039
FILLER_21_21,VGND,li1,15.8700,70.7200,0.000039
FILLER_21_18,VGND,li1,14.4900,70.7200,0.000039
FILLER_20_309,VGND,li1,147.8900,65.2800,0.000308
FILLER_20_307,VGND,li1,146.9700,65.2800,0.000308
FILLER_20_250,VGND,li1,120.9800,65.2800,0.000293
FILLER_20_247,VGND,li1,119.8300,65.2800,0.000291
FILLER_20_244,VGND,li1,118.4500,65.2800,0.000291
FILLER_20_225,VGND,li1,109.4800,65.2800,0.000277
FILLER_20_222,VGND,li1,108.3300,65.2800,0.000277
FILLER_20_213,VGND,li1,103.7300,65.2800,0.000268
FILLER_20_210,VGND,li1,102.8100,65.2800,0.000268
FILLER_20_203,VGND,li1,99.1300,65.2800,0.000260
FILLER_20_200,VGND,li1,98.2100,65.2800,0.000260
FILLER_20_197,VGND,li1,96.8300,65.2800,0.000256
FILLER_20_172,VGND,li1,84.8700,65.2800,0.000234
FILLER_20_169,VGND,li1,83.9500,65.2800,0.000228
FILLER_20_150,VGND,li1,74.7500,65.2800,0.000206
FILLER_20_147,VGND,li1,73.8300,65.2800,0.000206
FILLER_20_144,VGND,li1,72.4500,65.2800,0.000201
FILLER_20_141,VGND,li1,71.0700,65.2800,0.000196
FILLER_20_137,VGND,li1,69.2300,65.2800,0.000190
FILLER_20_134,VGND,li1,67.8500,65.2800,0.000190
FILLER_20_131,VGND,li1,66.4700,65.2800,0.000185
FILLER_20_128,VGND,li1,65.0900,65.2800,0.000178
FILLER_20_125,VGND,li1,63.7100,65.2800,0.000178
FILLER_20_100,VGND,li1,52.2100,65.2800,0.000141
FILLER_20_97,VGND,li1,50.8300,65.2800,0.000132
FILLER_20_94,VGND,li1,49.4500,65.2800,0.000132
FILLER_20_91,VGND,li1,48.0700,65.2800,0.000125
FILLER_20_88,VGND,li1,46.6900,65.2800,0.000118
FILLER_20_85,VGND,li1,45.3100,65.2800,0.000118
FILLER_20_82,VGND,li1,43.7000,65.2800,0.000110
FILLER_20_71,VGND,li1,38.6400,65.2800,0.000090
FILLER_20_68,VGND,li1,37.4900,65.2800,0.000090
FILLER_20_65,VGND,li1,36.1100,65.2800,0.000082
FILLER_20_55,VGND,li1,31.0500,65.2800,0.000066
FILLER_20_35,VGND,li1,22.3100,65.2800,0.000044
FILLER_20_32,VGND,li1,20.9300,65.2800,0.000044
FILLER_20_29,VGND,li1,19.5500,65.2800,0.000044
FILLER_20_18,VGND,li1,14.4900,65.2800,0.000045
FILLER_19_309,VGND,li1,147.8900,65.2800,0.000308
FILLER_19_290,VGND,li1,139.1500,65.2800,0.000307
FILLER_19_279,VGND,li1,134.0900,65.2800,0.000304
FILLER_19_261,VGND,li1,126.0400,65.2800,0.000298
FILLER_19_258,VGND,li1,124.8900,65.2800,0.000296
FILLER_19_255,VGND,li1,123.5100,65.2800,0.000296
FILLER_19_252,VGND,li1,122.1300,65.2800,0.000293
FILLER_19_223,VGND,li1,108.3300,65.2800,0.000277
FILLER_19_212,VGND,li1,103.5000,65.2800,0.000268
FILLER_19_209,VGND,li1,102.3500,65.2800,0.000265
FILLER_19_198,VGND,li1,97.0600,65.2800,0.000256
FILLER_19_187,VGND,li1,92.2300,65.2800,0.000249
FILLER_19_184,VGND,li1,90.8500,65.2800,0.000243
FILLER_19_181,VGND,li1,89.4700,65.2800,0.000243
FILLER_19_167,VGND,li1,82.5700,65.2800,0.000228
FILLER_19_146,VGND,li1,73.3700,65.2800,0.000201
FILLER_19_143,VGND,li1,71.9900,65.2800,0.000201
FILLER_19_128,VGND,li1,64.6300,65.2800,0.000178
FILLER_19_113,VGND,li1,58.1900,65.2800,0.000156
FILLER_19_110,VGND,li1,56.5800,65.2800,0.000156
FILLER_19_107,VGND,li1,55.4300,65.2800,0.000147
FILLER_19_104,VGND,li1,54.0500,65.2800,0.000147
FILLER_19_81,VGND,li1,43.0100,65.2800,0.000110
FILLER_19_78,VGND,li1,42.0900,65.2800,0.000103
FILLER_19_75,VGND,li1,40.7100,65.2800,0.000097
FILLER_19_72,VGND,li1,39.3300,65.2800,0.000097
FILLER_19_69,VGND,li1,37.9500,65.2800,0.000090
FILLER_19_66,VGND,li1,36.5700,65.2800,0.000082
FILLER_19_63,VGND,li1,35.1900,65.2800,0.000082
FILLER_19_60,VGND,li1,33.8100,65.2800,0.000075
FILLER_19_57,VGND,li1,32.4300,65.2800,0.000066
FILLER_19_54,VGND,li1,30.8200,65.2800,0.000066
FILLER_19_51,VGND,li1,29.6700,65.2800,0.000058
FILLER_19_48,VGND,li1,28.2900,65.2800,0.000051
FILLER_19_45,VGND,li1,26.9100,65.2800,0.000051
FILLER_19_35,VGND,li1,22.3100,65.2800,0.000044
FILLER_19_32,VGND,li1,20.9300,65.2800,0.000044
FILLER_18_309,VGND,li1,147.8900,59.8400,0.000329
FILLER_18_264,VGND,li1,127.4200,59.8400,0.000315
FILLER_18_253,VGND,li1,122.3600,59.8400,0.000307
FILLER_18_228,VGND,li1,110.8600,59.8400,0.000292
FILLER_18_225,VGND,li1,109.7100,59.8400,0.000289
FILLER_18_195,VGND,li1,95.4500,59.8400,0.000263
FILLER_18_192,VGND,li1,94.5300,59.8400,0.000263
FILLER_18_172,VGND,li1,85.1000,59.8400,0.000239
FILLER_18_169,VGND,li1,83.9500,59.8400,0.000239
FILLER_18_166,VGND,li1,82.5700,59.8400,0.000235
FILLER_18_163,VGND,li1,81.1900,59.8400,0.000230
FILLER_18_160,VGND,li1,79.8100,59.8400,0.000230
FILLER_18_157,VGND,li1,78.4300,59.8400,0.000223
FILLER_18_154,VGND,li1,77.0500,59.8400,0.000223
FILLER_18_151,VGND,li1,75.6700,59.8400,0.000217
FILLER_18_148,VGND,li1,74.2900,59.8400,0.000217
FILLER_18_137,VGND,li1,69.2300,59.8400,0.000200
FILLER_18_91,VGND,li1,48.0700,59.8400,0.000135
FILLER_18_88,VGND,li1,46.6900,59.8400,0.000127
FILLER_18_85,VGND,li1,45.3100,59.8400,0.000127
FILLER_18_81,VGND,li1,43.4700,59.8400,0.000120
FILLER_18_78,VGND,li1,42.0900,59.8400,0.000110
FILLER_18_75,VGND,li1,40.7100,59.8400,0.000110
FILLER_18_59,VGND,li1,32.8900,59.8400,0.000079
FILLER_18_44,VGND,li1,26.4500,59.8400,0.000055
FILLER_18_38,VGND,li1,23.2300,59.8400,0.000049
FILLER_18_35,VGND,li1,22.3100,59.8400,0.000049
FILLER_18_29,VGND,li1,19.0900,59.8400,0.000052
FILLER_18_26,VGND,li1,17.9400,59.8400,0.000052
FILLER_18_23,VGND,li1,16.7900,59.8400,0.000052
FILLER_18_11,VGND,li1,10.8100,59.8400,0.000055
FILLER_17_288,VGND,li1,138.2300,59.8400,0.000326
FILLER_17_277,VGND,li1,133.6300,59.8400,0.000322
FILLER_17_268,VGND,li1,129.0300,59.8400,0.000317
FILLER_17_265,VGND,li1,128.1100,59.8400,0.000315
FILLER_17_262,VGND,li1,126.7300,59.8400,0.000315
FILLER_17_250,VGND,li1,120.9800,59.8400,0.000307
FILLER_17_247,VGND,li1,119.8300,59.8400,0.000304
FILLER_17_244,VGND,li1,118.4500,59.8400,0.000304
FILLER_17_241,VGND,li1,117.0700,59.8400,0.000300
FILLER_17_238,VGND,li1,115.6900,59.8400,0.000300
FILLER_17_228,VGND,li1,110.8600,59.8400,0.000292
FILLER_17_225,VGND,li1,109.7100,59.8400,0.000289
FILLER_17_221,VGND,li1,107.8700,59.8400,0.000285
FILLER_17_218,VGND,li1,106.4900,59.8400,0.000282
FILLER_17_215,VGND,li1,105.1100,59.8400,0.000282
FILLER_17_212,VGND,li1,103.7300,59.8400,0.000278
FILLER_17_209,VGND,li1,102.3500,59.8400,0.000275
FILLER_17_206,VGND,li1,100.9700,59.8400,0.000275
FILLER_17_194,VGND,li1,95.4500,59.8400,0.000263
FILLER_17_191,VGND,li1,94.0700,59.8400,0.000259
FILLER_17_188,VGND,li1,92.6900,59.8400,0.000259
FILLER_17_185,VGND,li1,91.3100,59.8400,0.000253
FILLER_17_182,VGND,li1,89.9300,59.8400,0.000253
FILLER_17_172,VGND,li1,84.8700,59.8400,0.000239
FILLER_17_169,VGND,li1,83.9500,59.8400,0.000239
FILLER_17_165,VGND,li1,82.1100,59.8400,0.000235
FILLER_17_162,VGND,li1,80.7300,59.8400,0.000230
FILLER_17_143,VGND,li1,71.5300,59.8400,0.000206
FILLER_17_111,VGND,li1,56.8100,59.8400,0.000166
FILLER_17_90,VGND,li1,47.6100,59.8400,0.000135
FILLER_17_87,VGND,li1,46.2300,59.8400,0.000127
FILLER_17_84,VGND,li1,44.8500,59.8400,0.000120
FILLER_17_63,VGND,li1,35.1900,59.8400,0.000086
FILLER_17_60,VGND,li1,33.8100,59.8400,0.000079
FILLER_17_57,VGND,li1,32.4300,59.8400,0.000079
FILLER_17_55,VGND,li1,31.0500,59.8400,0.000070
FILLER_17_52,VGND,li1,30.1300,59.8400,0.000070
FILLER_17_33,VGND,li1,21.1600,59.8400,0.000050
FILLER_17_18,VGND,li1,14.4900,59.8400,0.000053
FILLER_17_3,VGND,li1,7.3600,59.8400,0.000055
FILLER_16_309,VGND,li1,147.8900,54.4000,0.000346
FILLER_16_302,VGND,li1,144.9000,54.4000,0.000345
FILLER_16_275,VGND,li1,132.4800,54.4000,0.000335
FILLER_16_265,VGND,li1,128.1100,54.4000,0.000328
FILLER_16_262,VGND,li1,126.7300,54.4000,0.000328
FILLER_16_259,VGND,li1,125.3500,54.4000,0.000324
FILLER_16_256,VGND,li1,123.9700,54.4000,0.000324
FILLER_16_253,VGND,li1,122.5900,54.4000,0.000321
FILLER_16_250,VGND,li1,120.9800,54.4000,0.000317
FILLER_16_242,VGND,li1,117.5300,54.4000,0.000314
FILLER_16_239,VGND,li1,116.1500,54.4000,0.000310
FILLER_16_216,VGND,li1,105.1100,54.4000,0.000291
FILLER_16_213,VGND,li1,104.1900,54.4000,0.000291
FILLER_16_210,VGND,li1,102.8100,54.4000,0.000287
FILLER_16_200,VGND,li1,97.9800,54.4000,0.000278
FILLER_16_197,VGND,li1,96.8300,54.4000,0.000273
FILLER_16_195,VGND,li1,95.4500,54.4000,0.000273
FILLER_16_174,VGND,li1,86.2500,54.4000,0.000250
FILLER_16_153,VGND,li1,76.5900,54.4000,0.000227
FILLER_16_150,VGND,li1,75.2100,54.4000,0.000219
FILLER_16_147,VGND,li1,73.8300,54.4000,0.000219
FILLER_16_144,VGND,li1,72.4500,54.4000,0.000211
FILLER_16_141,VGND,li1,71.0700,54.4000,0.000211
FILLER_16_139,VGND,li1,69.6900,54.4000,0.000203
FILLER_16_136,VGND,li1,68.7700,54.4000,0.000203
FILLER_16_133,VGND,li1,67.3900,54.4000,0.000195
FILLER_16_130,VGND,li1,66.0100,54.4000,0.000195
FILLER_16_101,VGND,li1,52.6700,54.4000,0.000146
FILLER_16_98,VGND,li1,51.2900,54.4000,0.000146
FILLER_16_95,VGND,li1,49.9100,54.4000,0.000136
FILLER_16_92,VGND,li1,48.5300,54.4000,0.000136
FILLER_16_74,VGND,li1,40.2500,54.4000,0.000106
FILLER_16_71,VGND,li1,38.8700,54.4000,0.000095
FILLER_16_68,VGND,li1,37.4900,54.4000,0.000095
FILLER_16_65,VGND,li1,36.1100,54.4000,0.000085
FILLER_16_62,VGND,li1,34.7300,54.4000,0.000085
FILLER_16_59,VGND,li1,33.3500,54.4000,0.000076
FILLER_16_56,VGND,li1,31.9700,54.4000,0.000069
FILLER_16_53,VGND,li1,30.5900,54.4000,0.000069
FILLER_16_45,VGND,li1,26.9100,54.4000,0.000055
FILLER_16_35,VGND,li1,21.8500,54.4000,0.000052
FILLER_16_26,VGND,li1,17.9400,54.4000,0.000054
FILLER_15_301,VGND,li1,144.2100,54.4000,0.000345
FILLER_15_277,VGND,li1,133.6300,54.4000,0.000335
FILLER_15_274,VGND,li1,132.2500,54.4000,0.000335
FILLER_15_269,VGND,li1,129.4900,54.4000,0.000332
FILLER_15_252,VGND,li1,121.9000,54.4000,0.000321
FILLER_15_242,VGND,li1,117.3000,54.4000,0.000314
FILLER_15_239,VGND,li1,116.1500,54.4000,0.000310
FILLER_15_236,VGND,li1,114.7700,54.4000,0.000310
FILLER_15_229,VGND,li1,111.0900,54.4000,0.000301
FILLER_15_223,VGND,li1,108.3300,54.4000,0.000297
FILLER_15_220,VGND,li1,107.4100,54.4000,0.000297
FILLER_15_209,VGND,li1,102.1200,54.4000,0.000287
FILLER_15_199,VGND,li1,97.7500,54.4000,0.000278
FILLER_15_190,VGND,li1,93.1500,54.4000,0.000268
FILLER_15_176,VGND,li1,86.7100,54.4000,0.000250
FILLER_15_169,VGND,li1,83.4900,54.4000,0.000243
FILLER_15_166,VGND,li1,82.3400,54.4000,0.000243
FILLER_15_154,VGND,li1,76.8200,54.4000,0.000227
FILLER_15_134,VGND,li1,67.6200,54.4000,0.000195
FILLER_15_131,VGND,li1,66.4700,54.4000,0.000195
FILLER_15_128,VGND,li1,65.0900,54.4000,0.000188
FILLER_15_125,VGND,li1,63.7100,54.4000,0.000188
FILLER_15_110,VGND,li1,56.5800,54.4000,0.000163
FILLER_15_107,VGND,li1,55.4300,54.4000,0.000156
FILLER_15_104,VGND,li1,54.0500,54.4000,0.000156
FILLER_15_84,VGND,li1,44.6200,54.4000,0.000121
FILLER_15_81,VGND,li1,43.4700,54.4000,0.000113
FILLER_15_78,VGND,li1,42.0900,54.4000,0.000113
FILLER_15_75,VGND,li1,40.7100,54.4000,0.000106
FILLER_15_66,VGND,li1,36.1100,54.4000,0.000085
FILLER_15_63,VGND,li1,35.1900,54.4000,0.000085
FILLER_15_60,VGND,li1,33.8100,54.4000,0.000076
FILLER_15_57,VGND,li1,32.4300,54.4000,0.000076
FILLER_15_47,VGND,li1,27.6000,54.4000,0.000055
FILLER_15_44,VGND,li1,26.4500,54.4000,0.000048
FILLER_15_41,VGND,li1,25.0700,54.4000,0.000048
FILLER_15_26,VGND,li1,18.1700,54.4000,0.000053
FILLER_15_18,VGND,li1,14.4900,54.4000,0.000055
FILLER_14_309,VGND,li1,147.8900,48.9600,0.000317
FILLER_14_253,VGND,li1,122.1300,48.9600,0.000291
FILLER_14_251,VGND,li1,121.2100,48.9600,0.000291
FILLER_14_248,VGND,li1,120.2900,48.9600,0.000288
FILLER_14_245,VGND,li1,118.9100,48.9600,0.000288
FILLER_14_234,VGND,li1,113.8500,48.9600,0.000279
FILLER_14_215,VGND,li1,104.6500,48.9600,0.000264
FILLER_14_212,VGND,li1,103.7300,48.9600,0.000260
FILLER_14_209,VGND,li1,102.3500,48.9600,0.000260
FILLER_14_206,VGND,li1,100.9700,48.9600,0.000256
FILLER_14_203,VGND,li1,99.5900,48.9600,0.000251
FILLER_14_200,VGND,li1,98.2100,48.9600,0.000251
FILLER_14_197,VGND,li1,96.8300,48.9600,0.000245
FILLER_14_194,VGND,li1,95.2200,48.9600,0.000245
FILLER_14_144,VGND,li1,72.2200,48.9600,0.000187
FILLER_14_141,VGND,li1,71.0700,48.9600,0.000187
FILLER_14_137,VGND,li1,69.2300,48.9600,0.000182
FILLER_14_134,VGND,li1,67.8500,48.9600,0.000174
FILLER_14_131,VGND,li1,66.4700,48.9600,0.000174
FILLER_14_122,VGND,li1,61.8700,48.9600,0.000161
FILLER_14_97,VGND,li1,50.8300,48.9600,0.000122
FILLER_14_94,VGND,li1,49.4500,48.9600,0.000122
FILLER_14_91,VGND,li1,48.0700,48.9600,0.000114
FILLER_14_88,VGND,li1,46.6900,48.9600,0.000108
FILLER_14_85,VGND,li1,45.3100,48.9600,0.000108
FILLER_14_83,VGND,li1,43.9300,48.9600,0.000101
FILLER_14_80,VGND,li1,43.0100,48.9600,0.000101
FILLER_14_69,VGND,li1,37.7200,48.9600,0.000083
FILLER_14_66,VGND,li1,36.5700,48.9600,0.000074
FILLER_14_63,VGND,li1,35.1900,48.9600,0.000074
FILLER_14_32,VGND,li1,20.4700,48.9600,0.000039
FILLER_14_29,VGND,li1,19.5500,48.9600,0.000039
FILLER_14_26,VGND,li1,17.9400,48.9600,0.000039
FILLER_14_23,VGND,li1,16.7900,48.9600,0.000039
FILLER_14_10,VGND,li1,10.3500,48.9600,0.000040
FILLER_14_6,VGND,li1,8.5100,48.9600,0.000040
FILLER_14_3,VGND,li1,7.5900,48.9600,0.000040
FILLER_13_297,VGND,li1,142.3700,48.9600,0.000315
FILLER_13_260,VGND,li1,125.3500,48.9600,0.000296
FILLER_13_252,VGND,li1,122.1300,48.9600,0.000291
FILLER_13_249,VGND,li1,120.7500,48.9600,0.000291
FILLER_13_246,VGND,li1,119.3700,48.9600,0.000288
FILLER_13_243,VGND,li1,117.9900,48.9600,0.000284
FILLER_13_221,VGND,li1,107.8700,48.9600,0.000267
FILLER_13_218,VGND,li1,106.4900,48.9600,0.000267
FILLER_13_215,VGND,li1,105.1100,48.9600,0.000264
FILLER_13_195,VGND,li1,95.6800,48.9600,0.000245
FILLER_13_155,VGND,li1,77.0500,48.9600,0.000203
FILLER_13_135,VGND,li1,68.0800,48.9600,0.000174
FILLER_13_132,VGND,li1,66.9300,48.9600,0.000174
FILLER_13_129,VGND,li1,65.5500,48.9600,0.000167
FILLER_13_120,VGND,li1,60.9500,48.9600,0.000155
FILLER_13_117,VGND,li1,60.0300,48.9600,0.000155
FILLER_13_103,VGND,li1,53.3600,48.9600,0.000131
FILLER_13_100,VGND,li1,52.2100,48.9600,0.000131
FILLER_13_97,VGND,li1,50.8300,48.9600,0.000122
FILLER_13_94,VGND,li1,49.4500,48.9600,0.000122
FILLER_13_86,VGND,li1,45.3100,48.9600,0.000108
FILLER_13_83,VGND,li1,44.3900,48.9600,0.000101
FILLER_13_80,VGND,li1,43.0100,48.9600,0.000101
FILLER_13_77,VGND,li1,41.6300,48.9600,0.000091
FILLER_13_74,VGND,li1,40.2500,48.9600,0.000091
FILLER_13_57,VGND,li1,32.4300,48.9600,0.000064
FILLER_13_55,VGND,li1,31.0500,48.9600,0.000056
FILLER_13_52,VGND,li1,30.1300,48.9600,0.000056
FILLER_13_30,VGND,li1,19.5500,48.9600,0.000039
FILLER_13_27,VGND,li1,18.6300,48.9600,0.000039
FILLER_13_24,VGND,li1,17.2500,48.9600,0.000039
FILLER_13_21,VGND,li1,15.8700,48.9600,0.000039
FILLER_13_18,VGND,li1,14.4900,48.9600,0.000039
FILLER_13_15,VGND,li1,13.1100,48.9600,0.000040
FILLER_13_12,VGND,li1,11.7300,48.9600,0.000040
FILLER_13_9,VGND,li1,10.3500,48.9600,0.000040
FILLER_13_6,VGND,li1,8.9700,48.9600,0.000040
FILLER_13_3,VGND,li1,7.5900,48.9600,0.000040
FILLER_12_309,VGND,li1,147.8900,43.5200,0.000275
FILLER_12_266,VGND,li1,128.1100,43.5200,0.000266
FILLER_12_261,VGND,li1,125.8100,43.5200,0.000264
FILLER_12_251,VGND,li1,121.2100,43.5200,0.000258
FILLER_12_248,VGND,li1,120.2900,43.5200,0.000258
FILLER_12_232,VGND,li1,112.9300,43.5200,0.000248
FILLER_12_229,VGND,li1,111.5500,43.5200,0.000248
FILLER_12_226,VGND,li1,110.1700,43.5200,0.000245
FILLER_12_205,VGND,li1,100.5100,43.5200,0.000230
FILLER_12_169,VGND,li1,83.9500,43.5200,0.000198
FILLER_12_150,VGND,li1,74.7500,43.5200,0.000178
FILLER_12_147,VGND,li1,73.8300,43.5200,0.000178
FILLER_12_144,VGND,li1,72.4500,43.5200,0.000172
FILLER_12_141,VGND,li1,71.0700,43.5200,0.000172
FILLER_12_138,VGND,li1,69.4600,43.5200,0.000166
FILLER_12_135,VGND,li1,68.3100,43.5200,0.000161
FILLER_12_132,VGND,li1,66.9300,43.5200,0.000161
FILLER_12_124,VGND,li1,62.7900,43.5200,0.000151
FILLER_12_121,VGND,li1,61.8700,43.5200,0.000145
FILLER_12_118,VGND,li1,60.4900,43.5200,0.000145
FILLER_12_115,VGND,li1,59.1100,43.5200,0.000138
FILLER_12_112,VGND,li1,57.7300,43.5200,0.000138
FILLER_12_101,VGND,li1,52.4400,43.5200,0.000121
FILLER_12_98,VGND,li1,51.2900,43.5200,0.000121
FILLER_12_83,VGND,li1,43.9300,43.5200,0.000099
FILLER_12_80,VGND,li1,43.0100,43.5200,0.000099
FILLER_12_69,VGND,li1,37.4900,43.5200,0.000081
FILLER_12_66,VGND,li1,36.5700,43.5200,0.000081
FILLER_12_63,VGND,li1,35.1900,43.5200,0.000073
FILLER_12_46,VGND,li1,26.9100,43.5200,0.000052
FILLER_12_29,VGND,li1,19.0900,43.5200,0.000043
FILLER_12_27,VGND,li1,18.1700,43.5200,0.000044
FILLER_12_24,VGND,li1,17.2500,43.5200,0.000044
FILLER_12_21,VGND,li1,15.8700,43.5200,0.000045
FILLER_12_18,VGND,li1,14.4900,43.5200,0.000045
FILLER_12_15,VGND,li1,13.1100,43.5200,0.000046
FILLER_12_12,VGND,li1,11.7300,43.5200,0.000046
FILLER_12_9,VGND,li1,10.3500,43.5200,0.000047
FILLER_12_6,VGND,li1,8.9700,43.5200,0.000047
FILLER_12_3,VGND,li1,7.5900,43.5200,0.000047
FILLER_11_281,VGND,li1,135.4700,43.5200,0.000272
FILLER_11_277,VGND,li1,133.6300,43.5200,0.000271
FILLER_11_266,VGND,li1,128.3400,43.5200,0.000266
FILLER_11_256,VGND,li1,123.7400,43.5200,0.000261
FILLER_11_253,VGND,li1,122.5900,43.5200,0.000261
FILLER_11_250,VGND,li1,121.2100,43.5200,0.000258
FILLER_11_247,VGND,li1,119.8300,43.5200,0.000256
FILLER_11_244,VGND,li1,118.4500,43.5200,0.000256
FILLER_11_241,VGND,li1,117.0700,43.5200,0.000254
FILLER_11_225,VGND,li1,109.4800,43.5200,0.000245
FILLER_11_210,VGND,li1,102.5800,43.5200,0.000234
FILLER_11_207,VGND,li1,101.4300,43.5200,0.000234
FILLER_11_188,VGND,li1,92.2300,43.5200,0.000216
FILLER_11_169,VGND,li1,83.4900,43.5200,0.000198
FILLER_11_166,VGND,li1,82.3400,43.5200,0.000198
FILLER_11_163,VGND,li1,81.1900,43.5200,0.000192
FILLER_11_160,VGND,li1,79.8100,43.5200,0.000192
FILLER_11_157,VGND,li1,78.4300,43.5200,0.000187
FILLER_11_137,VGND,li1,69.0000,43.5200,0.000166
FILLER_11_124,VGND,li1,62.7900,43.5200,0.000151
FILLER_11_121,VGND,li1,61.8700,43.5200,0.000145
FILLER_11_118,VGND,li1,60.4900,43.5200,0.000145
FILLER_11_111,VGND,li1,56.8100,43.5200,0.000133
FILLER_11_108,VGND,li1,55.8900,43.5200,0.000133
FILLER_11_98,VGND,li1,51.0600,43.5200,0.000121
FILLER_11_95,VGND,li1,49.9100,43.5200,0.000114
FILLER_11_92,VGND,li1,48.5300,43.5200,0.000114
FILLER_11_89,VGND,li1,47.1500,43.5200,0.000107
FILLER_11_86,VGND,li1,45.7700,43.5200,0.000107
FILLER_11_83,VGND,li1,44.3900,43.5200,0.000099
FILLER_11_80,VGND,li1,43.0100,43.5200,0.000099
FILLER_11_77,VGND,li1,41.6300,43.5200,0.000091
FILLER_11_74,VGND,li1,40.2500,43.5200,0.000091
FILLER_11_60,VGND,li1,33.5800,43.5200,0.000073
FILLER_11_57,VGND,li1,32.4300,43.5200,0.000067
FILLER_11_46,VGND,li1,27.3700,43.5200,0.000052
FILLER_11_30,VGND,li1,20.0100,43.5200,0.000043
FILLER_11_27,VGND,li1,18.6300,43.5200,0.000044
FILLER_11_24,VGND,li1,17.2500,43.5200,0.000044
FILLER_11_21,VGND,li1,15.8700,43.5200,0.000045
FILLER_11_18,VGND,li1,14.4900,43.5200,0.000045
FILLER_11_15,VGND,li1,13.1100,43.5200,0.000046
FILLER_10_309,VGND,li1,147.8900,38.0800,0.000312
FILLER_10_286,VGND,li1,137.7700,38.0800,0.000310
FILLER_10_249,VGND,li1,120.7500,38.0800,0.000294
FILLER_10_246,VGND,li1,119.3700,38.0800,0.000290
FILLER_10_224,VGND,li1,108.7900,38.0800,0.000275
FILLER_10_221,VGND,li1,107.8700,38.0800,0.000275
FILLER_10_218,VGND,li1,106.4900,38.0800,0.000270
FILLER_10_215,VGND,li1,105.1100,38.0800,0.000270
FILLER_10_212,VGND,li1,103.7300,38.0800,0.000266
FILLER_10_209,VGND,li1,102.3500,38.0800,0.000266
FILLER_10_206,VGND,li1,100.9700,38.0800,0.000261
FILLER_10_203,VGND,li1,99.5900,38.0800,0.000261
FILLER_10_197,VGND,li1,96.3700,38.0800,0.000254
FILLER_10_195,VGND,li1,95.4500,38.0800,0.000254
FILLER_10_192,VGND,li1,94.5300,38.0800,0.000250
FILLER_10_147,VGND,li1,73.3700,38.0800,0.000200
FILLER_10_144,VGND,li1,72.4500,38.0800,0.000200
FILLER_10_141,VGND,li1,71.0700,38.0800,0.000194
FILLER_10_137,VGND,li1,69.2300,38.0800,0.000188
FILLER_10_134,VGND,li1,67.8500,38.0800,0.000188
FILLER_10_126,VGND,li1,64.1700,38.0800,0.000174
FILLER_10_123,VGND,li1,62.7900,38.0800,0.000174
FILLER_10_117,VGND,li1,59.5700,38.0800,0.000160
FILLER_10_114,VGND,li1,58.6500,38.0800,0.000160
FILLER_10_111,VGND,li1,57.2700,38.0800,0.000153
FILLER_10_108,VGND,li1,55.8900,38.0800,0.000153
FILLER_10_98,VGND,li1,51.2900,38.0800,0.000133
FILLER_10_95,VGND,li1,49.9100,38.0800,0.000133
FILLER_10_92,VGND,li1,48.5300,38.0800,0.000126
FILLER_10_83,VGND,li1,43.9300,38.0800,0.000110
FILLER_10_80,VGND,li1,43.0100,38.0800,0.000110
FILLER_10_77,VGND,li1,41.6300,38.0800,0.000101
FILLER_10_74,VGND,li1,40.2500,38.0800,0.000101
FILLER_10_64,VGND,li1,35.4200,38.0800,0.000084
FILLER_10_61,VGND,li1,34.2700,38.0800,0.000075
FILLER_10_58,VGND,li1,32.8900,38.0800,0.000075
FILLER_10_55,VGND,li1,31.5100,38.0800,0.000064
FILLER_10_52,VGND,li1,30.1300,38.0800,0.000064
FILLER_10_49,VGND,li1,28.7500,38.0800,0.000053
FILLER_10_46,VGND,li1,27.3700,38.0800,0.000053
FILLER_10_38,VGND,li1,23.2300,38.0800,0.000043
FILLER_10_35,VGND,li1,22.3100,38.0800,0.000043
FILLER_10_32,VGND,li1,20.9300,38.0800,0.000043
FILLER_10_29,VGND,li1,19.5500,38.0800,0.000043
FILLER_10_27,VGND,li1,18.1700,38.0800,0.000043
FILLER_10_24,VGND,li1,17.2500,38.0800,0.000043
FILLER_10_21,VGND,li1,15.8700,38.0800,0.000043
FILLER_10_18,VGND,li1,14.4900,38.0800,0.000043
FILLER_10_15,VGND,li1,13.1100,38.0800,0.000043
FILLER_10_12,VGND,li1,11.7300,38.0800,0.000043
FILLER_10_9,VGND,li1,10.3500,38.0800,0.000043
FILLER_10_6,VGND,li1,8.9700,38.0800,0.000043
FILLER_10_3,VGND,li1,7.5900,38.0800,0.000043
FILLER_9_300,VGND,li1,143.7500,38.0800,0.000311
FILLER_9_281,VGND,li1,135.2400,38.0800,0.000308
FILLER_9_244,VGND,li1,117.9900,38.0800,0.000290
FILLER_9_241,VGND,li1,117.0700,38.0800,0.000287
FILLER_9_238,VGND,li1,115.6900,38.0800,0.000287
FILLER_9_225,VGND,li1,109.7100,38.0800,0.000278
FILLER_9_211,VGND,li1,102.8100,38.0800,0.000266
FILLER_9_181,VGND,li1,89.0100,38.0800,0.000239
FILLER_9_178,VGND,li1,88.0900,38.0800,0.000239
FILLER_9_175,VGND,li1,86.7100,38.0800,0.000232
FILLER_9_172,VGND,li1,85.3300,38.0800,0.000232
FILLER_9_169,VGND,li1,83.9500,38.0800,0.000226
FILLER_9_167,VGND,li1,82.5700,38.0800,0.000226
FILLER_9_164,VGND,li1,81.6500,38.0800,0.000220
FILLER_9_161,VGND,li1,80.2700,38.0800,0.000220
FILLER_9_137,VGND,li1,68.7700,38.0800,0.000188
FILLER_9_134,VGND,li1,67.8500,38.0800,0.000188
FILLER_9_119,VGND,li1,60.4900,38.0800,0.000168
FILLER_9_116,VGND,li1,59.5700,38.0800,0.000160
FILLER_9_113,VGND,li1,58.1900,38.0800,0.000160
FILLER_9_96,VGND,li1,50.1400,38.0800,0.000133
FILLER_9_93,VGND,li1,48.9900,38.0800,0.000126
FILLER_9_90,VGND,li1,47.6100,38.0800,0.000126
FILLER_9_80,VGND,li1,43.0100,38.0800,0.000110
FILLER_9_77,VGND,li1,41.6300,38.0800,0.000101
FILLER_9_74,VGND,li1,40.2500,38.0800,0.000101
FILLER_9_71,VGND,li1,38.8700,38.0800,0.000092
FILLER_9_42,VGND,li1,25.0700,38.0800,0.000043
FILLER_9_39,VGND,li1,24.1500,38.0800,0.000043
FILLER_9_36,VGND,li1,22.7700,38.0800,0.000043
FILLER_9_33,VGND,li1,21.3900,38.0800,0.000043
FILLER_9_30,VGND,li1,20.0100,38.0800,0.000043
FILLER_9_27,VGND,li1,18.6300,38.0800,0.000043
FILLER_9_24,VGND,li1,17.2500,38.0800,0.000043
FILLER_9_21,VGND,li1,15.8700,38.0800,0.000043
FILLER_9_18,VGND,li1,14.4900,38.0800,0.000043
FILLER_9_15,VGND,li1,13.1100,38.0800,0.000043
FILLER_9_12,VGND,li1,11.7300,38.0800,0.000043
FILLER_9_9,VGND,li1,10.3500,38.0800,0.000043
FILLER_9_6,VGND,li1,8.9700,38.0800,0.000043
FILLER_9_3,VGND,li1,7.5900,38.0800,0.000043
FILLER_8_309,VGND,li1,147.8900,32.6400,0.000285
FILLER_8_291,VGND,li1,139.6100,32.6400,0.000281
FILLER_8_277,VGND,li1,133.1700,32.6400,0.000274
FILLER_8_274,VGND,li1,132.2500,32.6400,0.000271
FILLER_8_271,VGND,li1,130.8700,32.6400,0.000271
FILLER_8_262,VGND,li1,126.5000,32.6400,0.000265
FILLER_8_259,VGND,li1,125.3500,32.6400,0.000263
FILLER_8_256,VGND,li1,123.9700,32.6400,0.000260
FILLER_8_253,VGND,li1,122.5900,32.6400,0.000260
FILLER_8_251,VGND,li1,121.2100,32.6400,0.000257
FILLER_8_244,VGND,li1,118.2200,32.6400,0.000254
FILLER_8_241,VGND,li1,117.0700,32.6400,0.000250
FILLER_8_238,VGND,li1,115.6900,32.6400,0.000250
FILLER_8_235,VGND,li1,114.3100,32.6400,0.000245
FILLER_8_232,VGND,li1,112.9300,32.6400,0.000245
FILLER_8_226,VGND,li1,109.7100,32.6400,0.000238
FILLER_8_223,VGND,li1,108.7900,32.6400,0.000238
FILLER_8_215,VGND,li1,104.6500,32.6400,0.000231
FILLER_8_212,VGND,li1,103.7300,32.6400,0.000228
FILLER_8_209,VGND,li1,102.3500,32.6400,0.000225
FILLER_8_206,VGND,li1,100.9700,32.6400,0.000225
FILLER_8_203,VGND,li1,99.5900,32.6400,0.000220
FILLER_8_200,VGND,li1,98.2100,32.6400,0.000220
FILLER_8_197,VGND,li1,96.8300,32.6400,0.000215
FILLER_8_195,VGND,li1,95.4500,32.6400,0.000215
FILLER_8_192,VGND,li1,94.5300,32.6400,0.000210
FILLER_8_185,VGND,li1,91.3100,32.6400,0.000204
FILLER_8_182,VGND,li1,89.9300,32.6400,0.000204
FILLER_8_179,VGND,li1,88.5500,32.6400,0.000199
FILLER_8_176,VGND,li1,87.1700,32.6400,0.000199
FILLER_8_160,VGND,li1,79.5800,32.6400,0.000183
FILLER_8_157,VGND,li1,78.4300,32.6400,0.000179
FILLER_8_149,VGND,li1,74.7500,32.6400,0.000169
FILLER_8_146,VGND,li1,73.3700,32.6400,0.000169
FILLER_8_138,VGND,li1,69.4600,32.6400,0.000160
FILLER_8_128,VGND,li1,65.0900,32.6400,0.000149
FILLER_8_125,VGND,li1,63.7100,32.6400,0.000143
FILLER_8_122,VGND,li1,62.3300,32.6400,0.000143
FILLER_8_119,VGND,li1,60.9500,32.6400,0.000136
FILLER_8_116,VGND,li1,59.5700,32.6400,0.000136
FILLER_8_97,VGND,li1,50.8300,32.6400,0.000109
FILLER_8_94,VGND,li1,49.4500,32.6400,0.000109
FILLER_8_91,VGND,li1,48.0700,32.6400,0.000101
FILLER_8_88,VGND,li1,46.6900,32.6400,0.000101
FILLER_8_85,VGND,li1,45.3100,32.6400,0.000095
FILLER_8_82,VGND,li1,43.7000,32.6400,0.000090
FILLER_8_79,VGND,li1,42.5500,32.6400,0.000090
FILLER_8_68,VGND,li1,37.2600,32.6400,0.000074
FILLER_8_59,VGND,li1,33.3500,32.6400,0.000063
FILLER_8_56,VGND,li1,31.9700,32.6400,0.000057
FILLER_8_53,VGND,li1,30.5900,32.6400,0.000050
FILLER_8_47,VGND,li1,27.8300,32.6400,0.000042
FILLER_8_44,VGND,li1,26.4500,32.6400,0.000042
FILLER_8_41,VGND,li1,25.0700,32.6400,0.000033
FILLER_8_38,VGND,li1,23.6900,32.6400,0.000033
FILLER_8_35,VGND,li1,22.3100,32.6400,0.000033
FILLER_8_32,VGND,li1,20.9300,32.6400,0.000033
FILLER_8_29,VGND,li1,19.5500,32.6400,0.000033
FILLER_8_27,VGND,li1,18.1700,32.6400,0.000033
FILLER_8_24,VGND,li1,17.2500,32.6400,0.000033
FILLER_8_21,VGND,li1,15.8700,32.6400,0.000033
FILLER_8_18,VGND,li1,14.4900,32.6400,0.000033
FILLER_8_15,VGND,li1,13.1100,32.6400,0.000033
FILLER_8_12,VGND,li1,11.7300,32.6400,0.000033
FILLER_8_9,VGND,li1,10.3500,32.6400,0.000033
FILLER_8_6,VGND,li1,8.9700,32.6400,0.000033
FILLER_8_3,VGND,li1,7.5900,32.6400,0.000033
FILLER_7_269,VGND,li1,129.4900,32.6400,0.000268
FILLER_7_266,VGND,li1,128.5700,32.6400,0.000268
FILLER_7_263,VGND,li1,127.1900,32.6400,0.000265
FILLER_7_260,VGND,li1,125.8100,32.6400,0.000263
FILLER_7_257,VGND,li1,124.4300,32.6400,0.000263
FILLER_7_241,VGND,li1,116.8400,32.6400,0.000250
FILLER_7_238,VGND,li1,115.6900,32.6400,0.000250
FILLER_7_225,VGND,li1,109.2500,32.6400,0.000238
FILLER_7_223,VGND,li1,108.3300,32.6400,0.000238
FILLER_7_220,VGND,li1,107.4100,32.6400,0.000235
FILLER_7_206,VGND,li1,100.9700,32.6400,0.000225
FILLER_7_203,VGND,li1,99.5900,32.6400,0.000220
FILLER_7_200,VGND,li1,98.2100,32.6400,0.000220
FILLER_7_197,VGND,li1,96.8300,32.6400,0.000215
FILLER_7_194,VGND,li1,95.4500,32.6400,0.000215
FILLER_7_191,VGND,li1,94.0700,32.6400,0.000210
FILLER_7_172,VGND,li1,85.3300,32.6400,0.000192
FILLER_7_169,VGND,li1,83.9500,32.6400,0.000192
FILLER_7_167,VGND,li1,82.5700,32.6400,0.000187
FILLER_7_153,VGND,li1,76.5900,32.6400,0.000173
FILLER_7_150,VGND,li1,75.2100,32.6400,0.000173
FILLER_7_147,VGND,li1,73.8300,32.6400,0.000169
FILLER_7_144,VGND,li1,72.4500,32.6400,0.000165
FILLER_7_141,VGND,li1,71.0700,32.6400,0.000160
FILLER_7_138,VGND,li1,69.6900,32.6400,0.000160
FILLER_7_129,VGND,li1,65.3200,32.6400,0.000149
FILLER_7_111,VGND,li1,56.8100,32.6400,0.000124
FILLER_7_102,VGND,li1,53.1300,32.6400,0.000115
FILLER_7_99,VGND,li1,51.7500,32.6400,0.000115
FILLER_7_96,VGND,li1,50.3700,32.6400,0.000109
FILLER_7_74,VGND,li1,40.2500,32.6400,0.000082
FILLER_7_71,VGND,li1,38.8700,32.6400,0.000074
FILLER_7_60,VGND,li1,33.5800,32.6400,0.000063
FILLER_7_57,VGND,li1,32.4300,32.6400,0.000057
FILLER_7_39,VGND,li1,23.6900,32.6400,0.000033
FILLER_7_36,VGND,li1,22.7700,32.6400,0.000033
FILLER_7_33,VGND,li1,21.3900,32.6400,0.000033
FILLER_7_30,VGND,li1,20.0100,32.6400,0.000033
FILLER_7_27,VGND,li1,18.6300,32.6400,0.000033
FILLER_7_24,VGND,li1,17.2500,32.6400,0.000033
FILLER_7_21,VGND,li1,15.8700,32.6400,0.000033
FILLER_7_18,VGND,li1,14.4900,32.6400,0.000033
FILLER_7_15,VGND,li1,13.1100,32.6400,0.000033
FILLER_7_12,VGND,li1,11.7300,32.6400,0.000033
FILLER_7_9,VGND,li1,10.3500,32.6400,0.000033
FILLER_7_6,VGND,li1,8.9700,32.6400,0.000033
FILLER_7_3,VGND,li1,7.5900,32.6400,0.000033
FILLER_6_309,VGND,li1,147.8900,27.2000,0.000208
FILLER_6_288,VGND,li1,138.6900,27.2000,0.000206
FILLER_6_285,VGND,li1,137.3100,27.2000,0.000206
FILLER_6_282,VGND,li1,135.9300,27.2000,0.000205
FILLER_6_279,VGND,li1,134.5500,27.2000,0.000205
FILLER_6_276,VGND,li1,133.1700,27.2000,0.000205
FILLER_6_273,VGND,li1,131.7900,27.2000,0.000205
FILLER_6_270,VGND,li1,130.4100,27.2000,0.000205
FILLER_6_267,VGND,li1,129.0300,27.2000,0.000204
FILLER_6_264,VGND,li1,127.6500,27.2000,0.000204
FILLER_6_261,VGND,li1,126.2700,27.2000,0.000204
FILLER_6_244,VGND,li1,117.9900,27.2000,0.000200
FILLER_6_229,VGND,li1,111.3200,27.2000,0.000197
FILLER_6_226,VGND,li1,110.1700,27.2000,0.000195
FILLER_6_223,VGND,li1,108.7900,27.2000,0.000195
FILLER_6_220,VGND,li1,107.4100,27.2000,0.000194
FILLER_6_210,VGND,li1,102.3500,27.2000,0.000190
FILLER_6_207,VGND,li1,101.4300,27.2000,0.000188
FILLER_6_182,VGND,li1,89.9300,27.2000,0.000175
FILLER_6_179,VGND,li1,88.5500,27.2000,0.000175
FILLER_6_176,VGND,li1,87.1700,27.2000,0.000173
FILLER_6_173,VGND,li1,85.7900,27.2000,0.000170
FILLER_6_170,VGND,li1,84.4100,27.2000,0.000170
FILLER_6_167,VGND,li1,83.0300,27.2000,0.000167
FILLER_6_141,VGND,li1,70.8400,27.2000,0.000149
FILLER_6_129,VGND,li1,65.5500,27.2000,0.000138
FILLER_6_126,VGND,li1,64.1700,27.2000,0.000138
FILLER_6_120,VGND,li1,60.9500,27.2000,0.000129
FILLER_6_117,VGND,li1,60.0300,27.2000,0.000129
FILLER_6_108,VGND,li1,55.8900,27.2000,0.000119
FILLER_6_105,VGND,li1,54.5100,27.2000,0.000115
FILLER_6_102,VGND,li1,53.1300,27.2000,0.000109
FILLER_6_99,VGND,li1,51.7500,27.2000,0.000109
FILLER_6_88,VGND,li1,46.4600,27.2000,0.000096
FILLER_6_85,VGND,li1,45.3100,27.2000,0.000091
FILLER_6_76,VGND,li1,40.7100,27.2000,0.000081
FILLER_6_70,VGND,li1,37.9500,27.2000,0.000073
FILLER_6_67,VGND,li1,37.0300,27.2000,0.000066
FILLER_6_64,VGND,li1,35.6500,27.2000,0.000066
FILLER_6_61,VGND,li1,34.2700,27.2000,0.000060
FILLER_6_58,VGND,li1,32.8900,27.2000,0.000054
FILLER_6_55,VGND,li1,31.5100,27.2000,0.000054
FILLER_6_52,VGND,li1,30.1300,27.2000,0.000049
FILLER_6_38,VGND,li1,23.4600,27.2000,0.000030
FILLER_6_35,VGND,li1,22.3100,27.2000,0.000030
FILLER_6_32,VGND,li1,20.9300,27.2000,0.000030
FILLER_6_29,VGND,li1,19.5500,27.2000,0.000030
FILLER_6_27,VGND,li1,18.1700,27.2000,0.000030
FILLER_6_24,VGND,li1,17.2500,27.2000,0.000030
FILLER_6_21,VGND,li1,15.8700,27.2000,0.000030
FILLER_6_18,VGND,li1,14.4900,27.2000,0.000030
FILLER_6_15,VGND,li1,13.1100,27.2000,0.000030
FILLER_6_12,VGND,li1,11.7300,27.2000,0.000030
FILLER_6_9,VGND,li1,10.3500,27.2000,0.000030
FILLER_6_6,VGND,li1,8.9700,27.2000,0.000030
FILLER_6_3,VGND,li1,7.5900,27.2000,0.000030
FILLER_5_308,VGND,li1,147.6600,27.2000,0.000208
FILLER_5_302,VGND,li1,144.9000,27.2000,0.000207
FILLER_5_299,VGND,li1,143.7500,27.2000,0.000207
FILLER_5_296,VGND,li1,142.3700,27.2000,0.000207
FILLER_5_293,VGND,li1,140.9900,27.2000,0.000207
FILLER_5_290,VGND,li1,139.6100,27.2000,0.000206
FILLER_5_287,VGND,li1,138.2300,27.2000,0.000206
FILLER_5_284,VGND,li1,136.8500,27.2000,0.000206
FILLER_5_281,VGND,li1,135.4700,27.2000,0.000205
FILLER_5_277,VGND,li1,133.6300,27.2000,0.000205
FILLER_5_274,VGND,li1,132.2500,27.2000,0.000205
FILLER_5_271,VGND,li1,130.8700,27.2000,0.000205
FILLER_5_268,VGND,li1,129.4900,27.2000,0.000204
FILLER_5_265,VGND,li1,128.1100,27.2000,0.000204
FILLER_5_262,VGND,li1,126.7300,27.2000,0.000204
FILLER_5_259,VGND,li1,125.3500,27.2000,0.000203
FILLER_5_256,VGND,li1,123.9700,27.2000,0.000203
FILLER_5_228,VGND,li1,111.0900,27.2000,0.000197
FILLER_5_225,VGND,li1,109.7100,27.2000,0.000195
FILLER_5_222,VGND,li1,108.1000,27.2000,0.000194
FILLER_5_219,VGND,li1,106.9500,27.2000,0.000194
FILLER_5_216,VGND,li1,105.5700,27.2000,0.000192
FILLER_5_201,VGND,li1,98.4400,27.2000,0.000187
FILLER_5_169,VGND,li1,83.9500,27.2000,0.000167
FILLER_5_167,VGND,li1,82.5700,27.2000,0.000167
FILLER_5_156,VGND,li1,77.5100,27.2000,0.000159
FILLER_5_133,VGND,li1,67.1600,27.2000,0.000141
FILLER_5_130,VGND,li1,66.0100,27.2000,0.000141
FILLER_5_110,VGND,li1,56.5800,27.2000,0.000119
FILLER_5_99,VGND,li1,51.5200,27.2000,0.000109
FILLER_5_96,VGND,li1,50.3700,27.2000,0.000103
FILLER_5_93,VGND,li1,48.9900,27.2000,0.000103
FILLER_5_90,VGND,li1,47.6100,27.2000,0.000096
FILLER_5_80,VGND,li1,42.7800,27.2000,0.000086
FILLER_5_60,VGND,li1,33.3500,27.2000,0.000060
FILLER_5_57,VGND,li1,32.4300,27.2000,0.000054
FILLER_5_48,VGND,li1,27.8300,27.2000,0.000043
FILLER_5_45,VGND,li1,26.9100,27.2000,0.000037
FILLER_5_42,VGND,li1,25.5300,27.2000,0.000037
FILLER_5_39,VGND,li1,24.1500,27.2000,0.000030
FILLER_5_36,VGND,li1,22.7700,27.2000,0.000030
FILLER_5_33,VGND,li1,21.3900,27.2000,0.000030
FILLER_5_30,VGND,li1,20.0100,27.2000,0.000030
FILLER_5_27,VGND,li1,18.6300,27.2000,0.000030
FILLER_5_24,VGND,li1,17.2500,27.2000,0.000030
FILLER_5_21,VGND,li1,15.8700,27.2000,0.000030
FILLER_5_18,VGND,li1,14.4900,27.2000,0.000030
FILLER_5_15,VGND,li1,13.1100,27.2000,0.000030
FILLER_5_12,VGND,li1,11.7300,27.2000,0.000030
FILLER_5_9,VGND,li1,10.3500,27.2000,0.000030
FILLER_5_6,VGND,li1,8.9700,27.2000,0.000030
FILLER_5_3,VGND,li1,7.5900,27.2000,0.000030
FILLER_4_309,VGND,li1,147.8900,21.7600,0.000267
FILLER_4_305,VGND,li1,146.5100,21.7600,0.000267
FILLER_4_302,VGND,li1,145.1300,21.7600,0.000267
FILLER_4_299,VGND,li1,143.7500,21.7600,0.000267
FILLER_4_296,VGND,li1,142.3700,21.7600,0.000267
FILLER_4_293,VGND,li1,140.9900,21.7600,0.000267
FILLER_4_290,VGND,li1,139.6100,21.7600,0.000267
FILLER_4_287,VGND,li1,138.2300,21.7600,0.000267
FILLER_4_284,VGND,li1,136.8500,21.7600,0.000267
FILLER_4_281,VGND,li1,135.4700,21.7600,0.000267
FILLER_4_278,VGND,li1,134.0900,21.7600,0.000267
FILLER_4_275,VGND,li1,132.7100,21.7600,0.000267
FILLER_4_272,VGND,li1,131.3300,21.7600,0.000267
FILLER_4_269,VGND,li1,129.9500,21.7600,0.000267
FILLER_4_266,VGND,li1,128.5700,21.7600,0.000267
FILLER_4_263,VGND,li1,127.1900,21.7600,0.000267
FILLER_4_260,VGND,li1,125.8100,21.7600,0.000267
FILLER_4_257,VGND,li1,124.4300,21.7600,0.000267
FILLER_4_226,VGND,li1,109.7100,21.7600,0.000258
FILLER_4_209,VGND,li1,101.8900,21.7600,0.000250
FILLER_4_206,VGND,li1,100.9700,21.7600,0.000250
FILLER_4_164,VGND,li1,81.1900,21.7600,0.000218
FILLER_4_125,VGND,li1,63.2500,21.7600,0.000174
FILLER_4_114,VGND,li1,58.6500,21.7600,0.000157
FILLER_4_76,VGND,li1,41.1700,21.7600,0.000100
FILLER_4_73,VGND,li1,39.7900,21.7600,0.000100
FILLER_4_67,VGND,li1,36.5700,21.7600,0.000083
FILLER_4_55,VGND,li1,31.0500,21.7600,0.000065
FILLER_4_52,VGND,li1,30.1300,21.7600,0.000065
FILLER_4_44,VGND,li1,25.9900,21.7600,0.000047
FILLER_4_41,VGND,li1,25.0700,21.7600,0.000040
FILLER_4_38,VGND,li1,23.6900,21.7600,0.000040
FILLER_4_35,VGND,li1,22.3100,21.7600,0.000040
FILLER_4_32,VGND,li1,20.9300,21.7600,0.000040
FILLER_4_29,VGND,li1,19.5500,21.7600,0.000040
FILLER_4_27,VGND,li1,18.1700,21.7600,0.000040
FILLER_4_24,VGND,li1,17.2500,21.7600,0.000040
FILLER_4_21,VGND,li1,15.8700,21.7600,0.000040
FILLER_4_18,VGND,li1,14.4900,21.7600,0.000040
FILLER_4_15,VGND,li1,13.1100,21.7600,0.000040
FILLER_4_12,VGND,li1,11.7300,21.7600,0.000040
FILLER_4_9,VGND,li1,10.3500,21.7600,0.000040
FILLER_4_6,VGND,li1,8.9700,21.7600,0.000040
FILLER_4_3,VGND,li1,7.5900,21.7600,0.000040
FILLER_3_308,VGND,li1,147.6600,21.7600,0.000267
FILLER_3_305,VGND,li1,146.5100,21.7600,0.000267
FILLER_3_302,VGND,li1,145.1300,21.7600,0.000267
FILLER_3_299,VGND,li1,143.7500,21.7600,0.000267
FILLER_3_296,VGND,li1,142.3700,21.7600,0.000267
FILLER_3_293,VGND,li1,140.9900,21.7600,0.000267
FILLER_3_290,VGND,li1,139.6100,21.7600,0.000267
FILLER_3_287,VGND,li1,138.2300,21.7600,0.000267
FILLER_3_284,VGND,li1,136.8500,21.7600,0.000267
FILLER_3_281,VGND,li1,135.4700,21.7600,0.000267
FILLER_3_279,VGND,li1,134.0900,21.7600,0.000267
FILLER_3_276,VGND,li1,133.1700,21.7600,0.000267
FILLER_3_273,VGND,li1,131.7900,21.7600,0.000267
FILLER_3_270,VGND,li1,130.4100,21.7600,0.000267
FILLER_3_267,VGND,li1,129.0300,21.7600,0.000267
FILLER_3_264,VGND,li1,127.6500,21.7600,0.000267
FILLER_3_228,VGND,li1,110.6300,21.7600,0.000260
FILLER_3_225,VGND,li1,109.7100,21.7600,0.000258
FILLER_3_223,VGND,li1,108.3300,21.7600,0.000258
FILLER_3_201,VGND,li1,98.2100,21.7600,0.000247
FILLER_3_169,VGND,li1,83.7200,21.7600,0.000222
FILLER_3_137,VGND,li1,69.0000,21.7600,0.000188
FILLER_3_113,VGND,li1,57.9600,21.7600,0.000157
FILLER_3_80,VGND,li1,42.5500,21.7600,0.000110
FILLER_3_64,VGND,li1,35.6500,21.7600,0.000083
FILLER_3_51,VGND,li1,29.2100,21.7600,0.000056
FILLER_3_48,VGND,li1,28.2900,21.7600,0.000056
FILLER_3_45,VGND,li1,26.9100,21.7600,0.000047
FILLER_3_42,VGND,li1,25.5300,21.7600,0.000047
FILLER_3_39,VGND,li1,24.1500,21.7600,0.000040
FILLER_3_36,VGND,li1,22.7700,21.7600,0.000040
FILLER_3_33,VGND,li1,21.3900,21.7600,0.000040
FILLER_3_30,VGND,li1,20.0100,21.7600,0.000040
FILLER_3_27,VGND,li1,18.6300,21.7600,0.000040
FILLER_3_24,VGND,li1,17.2500,21.7600,0.000040
FILLER_3_21,VGND,li1,15.8700,21.7600,0.000040
FILLER_3_18,VGND,li1,14.4900,21.7600,0.000040
FILLER_3_15,VGND,li1,13.1100,21.7600,0.000040
FILLER_3_12,VGND,li1,11.7300,21.7600,0.000040
FILLER_3_9,VGND,li1,10.3500,21.7600,0.000040
FILLER_3_6,VGND,li1,8.9700,21.7600,0.000040
FILLER_3_3,VGND,li1,7.5900,21.7600,0.000040
FILLER_2_309,VGND,li1,147.8900,16.3200,0.000218
FILLER_2_307,VGND,li1,146.9700,16.3200,0.000218
FILLER_2_304,VGND,li1,146.0500,16.3200,0.000218
FILLER_2_301,VGND,li1,144.6700,16.3200,0.000218
FILLER_2_298,VGND,li1,143.2900,16.3200,0.000218
FILLER_2_295,VGND,li1,141.9100,16.3200,0.000218
FILLER_2_292,VGND,li1,140.5300,16.3200,0.000218
FILLER_2_289,VGND,li1,139.1500,16.3200,0.000218
FILLER_2_286,VGND,li1,137.7700,16.3200,0.000218
FILLER_2_283,VGND,li1,136.3900,16.3200,0.000218
FILLER_2_280,VGND,li1,135.0100,16.3200,0.000218
FILLER_2_277,VGND,li1,133.6300,16.3200,0.000218
FILLER_2_274,VGND,li1,132.2500,16.3200,0.000218
FILLER_2_271,VGND,li1,130.8700,16.3200,0.000218
FILLER_2_268,VGND,li1,129.4900,16.3200,0.000218
FILLER_2_265,VGND,li1,128.1100,16.3200,0.000218
FILLER_2_262,VGND,li1,126.7300,16.3200,0.000218
FILLER_2_259,VGND,li1,125.3500,16.3200,0.000218
FILLER_2_256,VGND,li1,123.9700,16.3200,0.000218
FILLER_2_253,VGND,li1,122.5900,16.3200,0.000218
FILLER_2_251,VGND,li1,121.2100,16.3200,0.000218
FILLER_2_248,VGND,li1,120.2900,16.3200,0.000218
FILLER_2_232,VGND,li1,112.9300,16.3200,0.000217
FILLER_2_224,VGND,li1,108.7900,16.3200,0.000216
FILLER_2_221,VGND,li1,107.8700,16.3200,0.000216
FILLER_2_203,VGND,li1,99.3600,16.3200,0.000213
FILLER_2_200,VGND,li1,98.2100,16.3200,0.000212
FILLER_2_197,VGND,li1,96.8300,16.3200,0.000212
FILLER_2_195,VGND,li1,95.4500,16.3200,0.000209
FILLER_2_192,VGND,li1,94.5300,16.3200,0.000209
FILLER_2_173,VGND,li1,85.3300,16.3200,0.000200
FILLER_2_170,VGND,li1,84.4100,16.3200,0.000198
FILLER_2_141,VGND,li1,70.8400,16.3200,0.000177
FILLER_2_139,VGND,li1,69.6900,16.3200,0.000177
FILLER_2_129,VGND,li1,65.3200,16.3200,0.000166
FILLER_2_83,VGND,li1,43.9300,16.3200,0.000111
FILLER_2_50,VGND,li1,29.2100,16.3200,0.000056
FILLER_2_47,VGND,li1,27.8300,16.3200,0.000056
FILLER_2_44,VGND,li1,26.4500,16.3200,0.000047
FILLER_2_41,VGND,li1,25.0700,16.3200,0.000039
FILLER_2_38,VGND,li1,23.6900,16.3200,0.000039
FILLER_2_35,VGND,li1,22.3100,16.3200,0.000039
FILLER_2_32,VGND,li1,20.9300,16.3200,0.000039
FILLER_2_29,VGND,li1,19.5500,16.3200,0.000039
FILLER_2_27,VGND,li1,18.1700,16.3200,0.000039
FILLER_2_24,VGND,li1,17.2500,16.3200,0.000039
FILLER_2_21,VGND,li1,15.8700,16.3200,0.000039
FILLER_2_18,VGND,li1,14.4900,16.3200,0.000039
FILLER_2_15,VGND,li1,13.1100,16.3200,0.000039
FILLER_2_12,VGND,li1,11.7300,16.3200,0.000039
FILLER_2_9,VGND,li1,10.3500,16.3200,0.000039
FILLER_2_6,VGND,li1,8.9700,16.3200,0.000039
FILLER_2_3,VGND,li1,7.5900,16.3200,0.000039
FILLER_1_308,VGND,li1,147.6600,16.3200,0.000218
FILLER_1_305,VGND,li1,146.5100,16.3200,0.000218
FILLER_1_302,VGND,li1,145.1300,16.3200,0.000218
FILLER_1_299,VGND,li1,143.7500,16.3200,0.000218
FILLER_1_296,VGND,li1,142.3700,16.3200,0.000218
FILLER_1_293,VGND,li1,140.9900,16.3200,0.000218
FILLER_1_290,VGND,li1,139.6100,16.3200,0.000218
FILLER_1_287,VGND,li1,138.2300,16.3200,0.000218
FILLER_1_284,VGND,li1,136.8500,16.3200,0.000218
FILLER_1_281,VGND,li1,135.4700,16.3200,0.000218
FILLER_1_279,VGND,li1,134.0900,16.3200,0.000218
FILLER_1_276,VGND,li1,133.1700,16.3200,0.000218
FILLER_1_273,VGND,li1,131.7900,16.3200,0.000218
FILLER_1_270,VGND,li1,130.4100,16.3200,0.000218
FILLER_1_267,VGND,li1,129.0300,16.3200,0.000218
FILLER_1_264,VGND,li1,127.6500,16.3200,0.000218
FILLER_1_261,VGND,li1,126.2700,16.3200,0.000218
FILLER_1_258,VGND,li1,124.8900,16.3200,0.000218
FILLER_1_255,VGND,li1,123.5100,16.3200,0.000218
FILLER_1_252,VGND,li1,122.1300,16.3200,0.000218
FILLER_1_249,VGND,li1,120.7500,16.3200,0.000218
FILLER_1_246,VGND,li1,119.3700,16.3200,0.000218
FILLER_1_243,VGND,li1,117.9900,16.3200,0.000218
FILLER_1_240,VGND,li1,116.6100,16.3200,0.000218
FILLER_1_237,VGND,li1,115.2300,16.3200,0.000218
FILLER_1_234,VGND,li1,113.8500,16.3200,0.000217
FILLER_1_231,VGND,li1,112.4700,16.3200,0.000217
FILLER_1_228,VGND,li1,111.0900,16.3200,0.000217
FILLER_1_225,VGND,li1,109.7100,16.3200,0.000217
FILLER_1_221,VGND,li1,107.8700,16.3200,0.000216
FILLER_1_210,VGND,li1,102.8100,16.3200,0.000214
FILLER_1_207,VGND,li1,101.4300,16.3200,0.000214
FILLER_1_192,VGND,li1,94.5300,16.3200,0.000209
FILLER_1_127,VGND,li1,64.4000,16.3200,0.000166
FILLER_1_113,VGND,li1,57.7300,16.3200,0.000149
FILLER_1_87,VGND,li1,45.7700,16.3200,0.000118
FILLER_1_55,VGND,li1,31.0500,16.3200,0.000065
FILLER_1_52,VGND,li1,30.1300,16.3200,0.000065
FILLER_1_45,VGND,li1,26.9100,16.3200,0.000047
FILLER_1_42,VGND,li1,25.5300,16.3200,0.000047
FILLER_1_39,VGND,li1,24.1500,16.3200,0.000039
FILLER_1_36,VGND,li1,22.7700,16.3200,0.000039
FILLER_1_33,VGND,li1,21.3900,16.3200,0.000039
FILLER_1_30,VGND,li1,20.0100,16.3200,0.000039
FILLER_1_27,VGND,li1,18.6300,16.3200,0.000039
FILLER_1_24,VGND,li1,17.2500,16.3200,0.000039
FILLER_1_21,VGND,li1,15.8700,16.3200,0.000039
FILLER_1_18,VGND,li1,14.4900,16.3200,0.000039
FILLER_1_15,VGND,li1,13.1100,16.3200,0.000039
FILLER_1_12,VGND,li1,11.7300,16.3200,0.000039
FILLER_1_9,VGND,li1,10.3500,16.3200,0.000039
FILLER_1_6,VGND,li1,8.9700,16.3200,0.000039
FILLER_1_3,VGND,li1,7.5900,16.3200,0.000039
FILLER_0_309,VGND,li1,147.8900,10.8800,0.000198
FILLER_0_305,VGND,li1,146.5100,10.8800,0.000198
FILLER_0_302,VGND,li1,145.1300,10.8800,0.000198
FILLER_0_299,VGND,li1,143.7500,10.8800,0.000198
FILLER_0_296,VGND,li1,142.3700,10.8800,0.000198
FILLER_0_293,VGND,li1,140.9900,10.8800,0.000198
FILLER_0_290,VGND,li1,139.6100,10.8800,0.000198
FILLER_0_287,VGND,li1,138.2300,10.8800,0.000198
FILLER_0_284,VGND,li1,136.8500,10.8800,0.000198
FILLER_0_281,VGND,li1,135.4700,10.8800,0.000198
FILLER_0_277,VGND,li1,133.6300,10.8800,0.000198
FILLER_0_274,VGND,li1,132.2500,10.8800,0.000198
FILLER_0_271,VGND,li1,130.8700,10.8800,0.000198
FILLER_0_268,VGND,li1,129.4900,10.8800,0.000198
FILLER_0_265,VGND,li1,128.1100,10.8800,0.000198
FILLER_0_262,VGND,li1,126.7300,10.8800,0.000198
FILLER_0_259,VGND,li1,125.3500,10.8800,0.000198
FILLER_0_256,VGND,li1,123.9700,10.8800,0.000198
FILLER_0_253,VGND,li1,122.5900,10.8800,0.000198
FILLER_0_251,VGND,li1,121.2100,10.8800,0.000198
FILLER_0_248,VGND,li1,120.2900,10.8800,0.000198
FILLER_0_245,VGND,li1,118.9100,10.8800,0.000198
FILLER_0_242,VGND,li1,117.5300,10.8800,0.000198
FILLER_0_239,VGND,li1,116.1500,10.8800,0.000198
FILLER_0_228,VGND,li1,110.6300,10.8800,0.000198
FILLER_0_225,VGND,li1,109.7100,10.8800,0.000198
FILLER_0_221,VGND,li1,107.8700,10.8800,0.000197
FILLER_0_218,VGND,li1,106.4900,10.8800,0.000197
FILLER_0_169,VGND,li1,83.4900,10.8800,0.000177
FILLER_0_160,VGND,li1,79.5800,10.8800,0.000171
FILLER_0_113,VGND,li1,58.1900,10.8800,0.000128
FILLER_0_88,VGND,li1,46.2300,10.8800,0.000099
FILLER_0_85,VGND,li1,45.3100,10.8800,0.000094
FILLER_0_75,VGND,li1,40.2500,10.8800,0.000083
FILLER_0_44,VGND,li1,26.2200,10.8800,0.000034
FILLER_0_41,VGND,li1,25.0700,10.8800,0.000034
FILLER_0_38,VGND,li1,23.6900,10.8800,0.000034
FILLER_0_35,VGND,li1,22.3100,10.8800,0.000034
FILLER_0_32,VGND,li1,20.9300,10.8800,0.000034
FILLER_0_29,VGND,li1,19.5500,10.8800,0.000034
FILLER_0_27,VGND,li1,18.1700,10.8800,0.000034
FILLER_0_24,VGND,li1,17.2500,10.8800,0.000034
FILLER_0_21,VGND,li1,15.8700,10.8800,0.000034
FILLER_0_18,VGND,li1,14.4900,10.8800,0.000034
FILLER_0_15,VGND,li1,13.1100,10.8800,0.000034
FILLER_0_12,VGND,li1,11.7300,10.8800,0.000034
FILLER_0_9,VGND,li1,10.3500,10.8800,0.000034
FILLER_0_6,VGND,li1,8.9700,10.8800,0.000034
FILLER_0_3,VGND,li1,7.5900,10.8800,0.000034
rebuffer632,VGND,li1,45.5400,108.8000,0.000053
rebuffer616,VGND,li1,67.6200,59.8400,0.000200
rebuffer530,VGND,li1,56.1200,54.4000,0.000163
rebuffer529,VGND,li1,52.4400,65.2800,0.000141
rebuffer528,VGND,li1,91.0800,43.5200,0.000216
rebuffer527,VGND,li1,92.9200,43.5200,0.000220
rebuffer526,VGND,li1,109.9400,54.4000,0.000301
rebuffer525,VGND,li1,143.9800,87.0400,0.000350
rebuffer524,VGND,li1,29.2100,43.5200,0.000059
rebuffer523,VGND,li1,48.7600,119.6800,0.000088
rebuffer522,VGND,li1,92.0000,54.4000,0.000264
rebuffer521,VGND,li1,78.8900,21.7600,0.000214
rebuffer520,VGND,li1,79.3500,114.2400,0.000177
rebuffer477,VGND,li1,11.5000,97.9200,0.000040
rebuffer464,VGND,li1,48.7600,21.7600,0.000131
rebuffer463,VGND,li1,58.4200,48.9600,0.000147
rebuffer462,VGND,li1,50.6000,21.7600,0.000136
rebuffer461,VGND,li1,54.2800,54.4000,0.000156
rebuffer460,VGND,li1,34.9600,21.7600,0.000083
rebuffer459,VGND,li1,133.4000,38.0800,0.000307
rebuffer458,VGND,li1,43.7000,21.7600,0.000110
rebuffer457,VGND,li1,126.9600,43.5200,0.000264
rebuffer456,VGND,li1,118.6800,16.3200,0.000218
rebuffer444,VGND,li1,65.7800,97.9200,0.000132
rebuffer443,VGND,li1,16.3300,114.2400,0.000052
rebuffer394,VGND,li1,70.3800,146.8800,0.000147
rebuffer393,VGND,li1,63.2500,152.3200,0.000236
rebuffer392,VGND,li1,67.8500,141.4400,0.000155
rebuffer391,VGND,li1,69.6900,141.4400,0.000158
rebuffer390,VGND,li1,137.0800,48.9600,0.000311
rebuffer389,VGND,li1,63.7100,141.4400,0.000147
rebuffer388,VGND,li1,40.2500,141.4400,0.000085
rebuffer387,VGND,li1,56.1200,152.3200,0.000209
rebuffer386,VGND,li1,54.9700,152.3200,0.000209
rebuffer385,VGND,li1,114.5400,54.4000,0.000310
rebuffer384,VGND,li1,35.6500,146.8800,0.000067
rebuffer383,VGND,li1,138.9200,54.4000,0.000342
rebuffer382,VGND,li1,142.6000,76.1600,0.000259
rebuffer381,VGND,li1,21.8500,48.9600,0.000039
rebuffer380,VGND,li1,40.2500,152.3200,0.000145
rebuffer364,VGND,li1,105.3400,152.3200,0.000322
rebuffer348,VGND,li1,122.8200,21.7600,0.000266
rebuffer347,VGND,li1,110.8600,21.7600,0.000260
rebuffer346,VGND,li1,30.3600,21.7600,0.000065
rebuffer345,VGND,li1,129.2600,38.0800,0.000304
rebuffer344,VGND,li1,130.6400,54.4000,0.000332
rebuffer343,VGND,li1,126.5000,48.9600,0.000300
rebuffer342,VGND,li1,112.2400,59.8400,0.000292
rebuffer341,VGND,li1,127.6500,48.9600,0.000300
rebuffer340,VGND,li1,142.6000,38.0800,0.000311
rebuffer339,VGND,li1,100.2800,27.2000,0.000188
rebuffer338,VGND,li1,146.2800,48.9600,0.000317
rebuffer337,VGND,li1,97.0600,43.5200,0.000227
rebuffer336,VGND,li1,89.2400,21.7600,0.000233
rebuffer307,VGND,li1,80.9600,146.8800,0.000163
rebuffer292,VGND,li1,133.8600,59.8400,0.000322
rebuffer291,VGND,li1,141.2200,87.0400,0.000349
rebuffer290,VGND,li1,132.0200,87.0400,0.000343
rebuffer289,VGND,li1,139.3800,87.0400,0.000348
rebuffer288,VGND,li1,94.7600,21.7600,0.000242
rebuffer287,VGND,li1,19.7800,92.4800,0.000046
rebuffer249,VGND,li1,35.1900,48.9600,0.000074
rebuffer248,VGND,li1,85.3300,152.3200,0.000296
rebuffer247,VGND,li1,41.6300,125.1200,0.000086
rebuffer246,VGND,li1,116.3800,27.2000,0.000200
rebuffer245,VGND,li1,134.3200,32.6400,0.000274
rebuffer244,VGND,li1,82.1100,136.0000,0.000141
rebuffer243,VGND,li1,90.6200,141.4400,0.000184
rebuffer242,VGND,li1,45.5400,97.9200,0.000089
rebuffer241,VGND,li1,93.3800,125.1200,0.000197
rebuffer240,VGND,li1,58.4200,108.8000,0.000070
rebuffer239,VGND,li1,56.1200,92.4800,0.000136
rebuffer238,VGND,li1,92.9200,32.6400,0.000210
rebuffer237,VGND,li1,99.3600,76.1600,0.000217
rebuffer236,VGND,li1,86.0200,65.2800,0.000234
rebuffer235,VGND,li1,62.7900,97.9200,0.000128
rebuffer234,VGND,li1,63.4800,92.4800,0.000153
rebuffer233,VGND,li1,78.4300,114.2400,0.000172
rebuffer232,VGND,li1,78.2000,54.4000,0.000227
rebuffer231,VGND,li1,76.1300,76.1600,0.000178
rebuffer230,VGND,li1,46.6900,103.3600,0.000065
rebuffer228,VGND,li1,60.7200,48.9600,0.000155
rebuffer227,VGND,li1,77.9700,92.4800,0.000189
rebuffer226,VGND,li1,61.6400,65.2800,0.000172
rebuffer225,VGND,li1,90.6200,76.1600,0.000206
rebuffer224,VGND,li1,89.7000,70.7200,0.000183
rebuffer223,VGND,li1,23.9200,59.8400,0.000049
rebuffer222,VGND,li1,93.8400,70.7200,0.000188
rebuffer221,VGND,li1,140.7600,43.5200,0.000275
rebuffer220,VGND,li1,81.4200,125.1200,0.000179
rebuffer219,VGND,li1,81.8800,125.1200,0.000179
rebuffer217,VGND,li1,94.7600,43.5200,0.000223
rebuffer229,VGND,li1,47.3800,97.9200,0.000094
rebuffer214,VGND,li1,133.8600,70.7200,0.000235
rebuffer216,VGND,li1,86.0200,97.9200,0.000165
rebuffer218,VGND,li1,91.7700,21.7600,0.000237
rebuffer631,VGND,li1,115.0000,103.3600,0.000131
rebuffer215,VGND,li1,105.8000,114.2400,0.000216
fanout115,VGND,li1,91.0800,136.0000,0.000149
fanout123,VGND,li1,111.3200,136.0000,0.000163
max_cap213,VGND,li1,133.8600,81.6000,0.000261
fanout212,VGND,li1,16.5600,97.9200,0.000038
fanout211,VGND,li1,13.8000,108.8000,0.000027
fanout210,VGND,li1,67.1600,16.3200,0.000172
fanout209,VGND,li1,137.5400,114.2400,0.000237
fanout208,VGND,li1,113.6200,114.2400,0.000223
max_cap207,VGND,li1,143.5200,59.8400,0.000328
fanout206,VGND,li1,146.0500,38.0800,0.000312
fanout205,VGND,li1,137.3100,32.6400,0.000279
fanout204,VGND,li1,115.6900,16.3200,0.000218
fanout203,VGND,li1,70.3800,21.7600,0.000193
fanout202,VGND,li1,105.1100,16.3200,0.000215
fanout201,VGND,li1,91.7700,16.3200,0.000207
fanout200,VGND,li1,81.4200,10.8800,0.000174
fanout199,VGND,li1,145.1300,92.4800,0.000264
load_slew198,VGND,li1,123.5100,87.0400,0.000337
fanout197,VGND,li1,120.5200,87.0400,0.000333
fanout196,VGND,li1,139.8400,81.6000,0.000265
fanout195,VGND,li1,124.2000,70.7200,0.000228
load_slew194,VGND,li1,111.0900,65.2800,0.000281
fanout193,VGND,li1,119.3700,65.2800,0.000291
fanout192,VGND,li1,92.0000,48.9600,0.000237
load_slew191,VGND,li1,85.3300,125.1200,0.000183
fanout190,VGND,li1,90.3900,125.1200,0.000193
load_slew189,VGND,li1,48.3000,92.4800,0.000110
fanout188,VGND,li1,54.2800,92.4800,0.000128
load_slew187,VGND,li1,80.0400,48.9600,0.000211
fanout186,VGND,li1,87.4000,43.5200,0.000209
load_slew185,VGND,li1,59.1100,59.8400,0.000174
fanout184,VGND,li1,60.2600,54.4000,0.000177
fanout183,VGND,li1,54.9700,16.3200,0.000144
load_slew181,VGND,li1,111.7800,38.0800,0.000280
fanout180,VGND,li1,105.8000,43.5200,0.000240
load_slew179,VGND,li1,139.1500,81.6000,0.000265
fanout178,VGND,li1,143.9800,81.6000,0.000266
wire177,VGND,li1,80.5000,54.4000,0.000238
fanout176,VGND,li1,98.9000,43.5200,0.000230
fanout175,VGND,li1,91.5400,38.0800,0.000244
load_slew174,VGND,li1,85.1000,54.4000,0.000250
fanout173,VGND,li1,85.1000,48.9600,0.000223
fanout172,VGND,li1,33.8100,10.8800,0.000063
load_slew171,VGND,li1,134.7800,76.1600,0.000257
load_slew169,VGND,li1,138.6900,70.7200,0.000237
fanout168,VGND,li1,145.5900,65.2800,0.000308
load_slew167,VGND,li1,100.7400,65.2800,0.000265
fanout166,VGND,li1,98.4400,59.8400,0.000270
wire164,VGND,li1,131.5600,59.8400,0.000320
fanout163,VGND,li1,145.8200,70.7200,0.000238
fanout162,VGND,li1,105.8000,65.2800,0.000273
fanout161,VGND,li1,103.9600,97.9200,0.000183
load_slew160,VGND,li1,115.9200,87.0400,0.000327
fanout159,VGND,li1,116.3800,92.4800,0.000248
fanout158,VGND,li1,138.2300,43.5200,0.000273
fanout157,VGND,li1,141.2200,38.0800,0.000311
fanout156,VGND,li1,139.3800,125.1200,0.000231
fanout155,VGND,li1,135.7000,130.5600,0.000173
fanout154,VGND,li1,136.1600,125.1200,0.000229
fanout153,VGND,li1,11.5000,59.8400,0.000055
fanout152,VGND,li1,11.9600,59.8400,0.000055
fanout150,VGND,li1,62.5600,130.5600,0.000103
fanout149,VGND,li1,112.2400,70.7200,0.000215
fanout148,VGND,li1,92.4600,76.1600,0.000209
fanout147,VGND,li1,91.0800,103.3600,0.000119
fanout146,VGND,li1,82.3400,81.6000,0.000195
fanout145,VGND,li1,91.0800,81.6000,0.000212
fanout144,VGND,li1,132.0200,103.3600,0.000136
load_slew143,VGND,li1,107.6400,81.6000,0.000235
fanout142,VGND,li1,112.0100,87.0400,0.000321
fanout141,VGND,li1,95.6800,103.3600,0.000122
load_slew140,VGND,li1,71.7600,97.9200,0.000145
fanout139,VGND,li1,94.3000,92.4800,0.000221
load_slew138,VGND,li1,85.1000,87.0400,0.000258
fanout137,VGND,li1,94.7600,87.0400,0.000283
load_slew136,VGND,li1,87.1700,81.6000,0.000205
fanout135,VGND,li1,88.7800,87.0400,0.000268
fanout133,VGND,li1,81.8800,114.2400,0.000181
fanout132,VGND,li1,129.2600,114.2400,0.000235
fanout131,VGND,li1,84.1800,114.2400,0.000184
max_cap130,VGND,li1,135.0100,38.0800,0.000307
max_cap129,VGND,li1,133.8600,54.4000,0.000335
max_cap128,VGND,li1,113.8500,21.7600,0.000263
max_cap127,VGND,li1,41.6300,16.3200,0.000105
max_cap126,VGND,li1,58.4200,27.2000,0.000125
fanout125,VGND,li1,97.9800,87.0400,0.000290
fanout124,VGND,li1,119.6000,87.0400,0.000330
fanout122,VGND,li1,105.8000,130.5600,0.000153
fanout121,VGND,li1,133.4000,81.6000,0.000261
fanout120,VGND,li1,114.0800,130.5600,0.000161
load_slew119,VGND,li1,132.9400,48.9600,0.000306
fanout118,VGND,li1,132.4800,97.9200,0.000198
fanout116,VGND,li1,38.4100,119.6800,0.000068
fanout114,VGND,li1,58.8800,130.5600,0.000097
fanout112,VGND,li1,136.8500,65.2800,0.000306
fanout111,VGND,li1,59.3400,97.9200,0.000121
max_cap110,VGND,li1,61.6400,146.8800,0.000130
fanout109,VGND,li1,101.6600,141.4400,0.000192
fanout108,VGND,li1,138.0000,54.4000,0.000339
fanout107,VGND,li1,140.3000,92.4800,0.000263
fanout106,VGND,li1,93.3800,130.5600,0.000143
fanout105,VGND,li1,34.9600,125.1200,0.000071
max_cap104,VGND,li1,70.3800,130.5600,0.000113
fanout103,VGND,li1,89.2400,152.3200,0.000302
fanout102,VGND,li1,141.2200,76.1600,0.000259
output101,VGND,li1,80.7300,152.3200,0.000287
output100,VGND,li1,93.6100,10.8800,0.000190
output99,VGND,li1,98.9000,10.8800,0.000195
output98,VGND,li1,103.7300,10.8800,0.000197
output97,VGND,li1,97.9800,16.3200,0.000212
output96,VGND,li1,145.1300,32.6400,0.000285
output95,VGND,li1,144.4400,48.9600,0.000316
output94,VGND,li1,142.1400,54.4000,0.000344
output93,VGND,li1,67.1600,152.3200,0.000254
output92,VGND,li1,80.7300,152.3200,0.000287
output91,VGND,li1,146.2800,54.4000,0.000346
output90,VGND,li1,77.5100,146.8800,0.000160
output89,VGND,li1,73.1400,152.3200,0.000270
output88,VGND,li1,61.6400,152.3200,0.000236
output87,VGND,li1,68.0800,152.3200,0.000254
output86,VGND,li1,41.4000,152.3200,0.000145
output85,VGND,li1,44.3900,152.3200,0.000164
output84,VGND,li1,8.9700,119.6800,0.000046
output83,VGND,li1,12.1900,114.2400,0.000054
output82,VGND,li1,8.9700,92.4800,0.000051
output81,VGND,li1,9.6600,87.0400,0.000060
output80,VGND,li1,140.3000,59.8400,0.000327
output79,VGND,li1,9.6600,114.2400,0.000055
output78,VGND,li1,9.6600,81.6000,0.000053
output77,VGND,li1,8.9700,54.4000,0.000057
output76,VGND,li1,9.6600,43.5200,0.000047
output75,VGND,li1,9.2000,81.6000,0.000053
output74,VGND,li1,65.3200,10.8800,0.000147
output73,VGND,li1,35.1900,16.3200,0.000084
output72,VGND,li1,37.9500,10.8800,0.000076
output71,VGND,li1,61.6400,10.8800,0.000139
output70,VGND,li1,74.0600,16.3200,0.000185
output69,VGND,li1,122.1300,152.3200,0.000336
input68,VGND,li1,145.3600,130.5600,0.000175
input67,VGND,li1,145.3600,125.1200,0.000231
input66,VGND,li1,146.2800,130.5600,0.000175
input65,VGND,li1,146.2800,108.8000,0.000122
input64,VGND,li1,80.9600,16.3200,0.000195
input63,VGND,li1,85.5600,10.8800,0.000180
input62,VGND,li1,105.3400,16.3200,0.000215
input61,VGND,li1,113.1600,10.8800,0.000198
input60,VGND,li1,144.9000,27.2000,0.000207
input59,VGND,li1,140.7600,48.9600,0.000314
input58,VGND,li1,145.8200,59.8400,0.000329
input57,VGND,li1,123.7400,152.3200,0.000336
input56,VGND,li1,111.7800,152.3200,0.000328
input55,VGND,li1,146.2800,54.4000,0.000346
input54,VGND,li1,97.9800,152.3200,0.000315
input53,VGND,li1,92.9200,152.3200,0.000307
input52,VGND,li1,47.3800,152.3200,0.000177
input51,VGND,li1,55.2000,141.4400,0.000127
input50,VGND,li1,45.0800,146.8800,0.000091
input49,VGND,li1,8.7400,130.5600,0.000031
input48,VGND,li1,8.7400,130.5600,0.000031
input47,VGND,li1,8.7400,125.1200,0.000049
input46,VGND,li1,8.7400,108.8000,0.000028
input45,VGND,li1,8.7400,97.9200,0.000041
input44,VGND,li1,144.4400,43.5200,0.000275
input43,VGND,li1,14.2600,81.6000,0.000049
input42,VGND,li1,8.7400,65.2800,0.000046
input41,VGND,li1,8.7400,65.2800,0.000046
input40,VGND,li1,8.7400,59.8400,0.000055
input39,VGND,li1,42.3200,10.8800,0.000088
input38,VGND,li1,8.7400,54.4000,0.000057
input37,VGND,li1,28.9800,10.8800,0.000047
input36,VGND,li1,51.5200,10.8800,0.000113
input35,VGND,li1,55.2000,10.8800,0.000123
input34,VGND,li1,78.6600,16.3200,0.000190
input33,VGND,li1,145.3600,48.9600,0.000316
input32,VGND,li1,77.2800,16.3200,0.000190
input31,VGND,li1,77.5100,10.8800,0.000168
input30,VGND,li1,74.9800,10.8800,0.000164
input29,VGND,li1,84.8700,16.3200,0.000200
input28,VGND,li1,146.2800,27.2000,0.000208
input27,VGND,li1,142.3700,43.5200,0.000275
input26,VGND,li1,135.4700,54.4000,0.000337
input25,VGND,li1,146.2800,114.2400,0.000238
input24,VGND,li1,132.4800,152.3200,0.000337
input23,VGND,li1,141.6800,65.2800,0.000308
input22,VGND,li1,116.3800,152.3200,0.000332
input21,VGND,li1,118.2200,152.3200,0.000334
input20,VGND,li1,106.2600,152.3200,0.000324
input19,VGND,li1,92.4600,152.3200,0.000307
input18,VGND,li1,80.0400,146.8800,0.000163
input17,VGND,li1,51.0600,152.3200,0.000194
input16,VGND,li1,8.7400,125.1200,0.000049
input15,VGND,li1,12.4200,119.6800,0.000045
input14,VGND,li1,8.7400,119.6800,0.000046
input13,VGND,li1,8.7400,103.3600,0.000029
input12,VGND,li1,135.4700,81.6000,0.000263
input11,VGND,li1,8.7400,97.9200,0.000041
input10,VGND,li1,8.7400,87.0400,0.000060
input9,VGND,li1,12.4200,87.0400,0.000059
input8,VGND,li1,8.7400,76.1600,0.000048
input7,VGND,li1,8.7400,70.7200,0.000041
input6,VGND,li1,12.8800,76.1600,0.000048
input5,VGND,li1,28.5200,16.3200,0.000056
input4,VGND,li1,62.5600,16.3200,0.000158
input3,VGND,li1,67.6200,16.3200,0.000172
input2,VGND,li1,68.0800,10.8800,0.000152
input1,VGND,li1,145.8200,76.1600,0.000260
TAP_TAPCELL_ROW_52_407,VGND,li1,147.4300,152.6110,0.000337
TAP_TAPCELL_ROW_52_406,VGND,li1,134.5500,152.6110,0.000337
TAP_TAPCELL_ROW_52_405,VGND,li1,121.6700,152.6110,0.000335
TAP_TAPCELL_ROW_52_404,VGND,li1,108.7900,152.6110,0.000325
TAP_TAPCELL_ROW_52_403,VGND,li1,95.9100,152.6110,0.000310
TAP_TAPCELL_ROW_52_402,VGND,li1,83.0300,152.6110,0.000291
TAP_TAPCELL_ROW_52_401,VGND,li1,70.1500,152.6110,0.000262
TAP_TAPCELL_ROW_52_400,VGND,li1,57.2700,152.6110,0.000219
TAP_TAPCELL_ROW_52_399,VGND,li1,44.3900,152.6110,0.000164
TAP_TAPCELL_ROW_52_398,VGND,li1,31.5100,152.6110,0.000098
TAP_TAPCELL_ROW_52_397,VGND,li1,18.6300,152.6110,0.000055
TAP_TAPCELL_ROW_51_396,VGND,li1,134.5500,152.0280,0.000337
TAP_TAPCELL_ROW_51_395,VGND,li1,108.7900,152.0280,0.000325
TAP_TAPCELL_ROW_51_394,VGND,li1,83.0300,152.0280,0.000291
TAP_TAPCELL_ROW_51_393,VGND,li1,57.2700,152.0280,0.000219
TAP_TAPCELL_ROW_51_392,VGND,li1,31.5100,152.0280,0.000098
TAP_TAPCELL_ROW_50_391,VGND,li1,147.4300,147.1710,0.000178
TAP_TAPCELL_ROW_50_390,VGND,li1,121.6700,147.1710,0.000178
TAP_TAPCELL_ROW_50_389,VGND,li1,95.9100,147.1710,0.000173
TAP_TAPCELL_ROW_50_388,VGND,li1,70.1500,147.1710,0.000147
TAP_TAPCELL_ROW_50_387,VGND,li1,44.3900,147.1710,0.000091
TAP_TAPCELL_ROW_50_386,VGND,li1,18.6300,147.1710,0.000031
TAP_TAPCELL_ROW_49_385,VGND,li1,134.5500,146.5880,0.000178
TAP_TAPCELL_ROW_49_384,VGND,li1,108.7900,146.5880,0.000177
TAP_TAPCELL_ROW_49_383,VGND,li1,83.0300,146.5880,0.000165
TAP_TAPCELL_ROW_49_382,VGND,li1,57.2700,146.5880,0.000123
TAP_TAPCELL_ROW_49_381,VGND,li1,31.5100,146.5880,0.000054
TAP_TAPCELL_ROW_48_380,VGND,li1,147.4300,141.7310,0.000196
TAP_TAPCELL_ROW_48_379,VGND,li1,121.6700,141.7310,0.000196
TAP_TAPCELL_ROW_48_378,VGND,li1,95.9100,141.7310,0.000188
TAP_TAPCELL_ROW_48_377,VGND,li1,70.1500,141.7310,0.000158
TAP_TAPCELL_ROW_48_376,VGND,li1,44.3900,141.7310,0.000098
TAP_TAPCELL_ROW_48_375,VGND,li1,18.6300,141.7310,0.000033
TAP_TAPCELL_ROW_47_374,VGND,li1,134.5500,141.1480,0.000196
TAP_TAPCELL_ROW_47_373,VGND,li1,108.7900,141.1480,0.000195
TAP_TAPCELL_ROW_47_372,VGND,li1,83.0300,141.1480,0.000177
TAP_TAPCELL_ROW_47_371,VGND,li1,57.2700,141.1480,0.000132
TAP_TAPCELL_ROW_47_370,VGND,li1,31.5100,141.1480,0.000059
TAP_TAPCELL_ROW_46_369,VGND,li1,147.4300,136.2910,0.000166
TAP_TAPCELL_ROW_46_368,VGND,li1,121.6700,136.2910,0.000166
TAP_TAPCELL_ROW_46_367,VGND,li1,95.9100,136.2910,0.000153
TAP_TAPCELL_ROW_46_366,VGND,li1,70.1500,136.2910,0.000123
TAP_TAPCELL_ROW_46_365,VGND,li1,44.3900,136.2910,0.000071
TAP_TAPCELL_ROW_46_364,VGND,li1,18.6300,136.2910,0.000027
TAP_TAPCELL_ROW_45_363,VGND,li1,134.5500,135.7080,0.000166
TAP_TAPCELL_ROW_45_362,VGND,li1,108.7900,135.7080,0.000162
TAP_TAPCELL_ROW_45_361,VGND,li1,83.0300,135.7080,0.000141
TAP_TAPCELL_ROW_45_360,VGND,li1,57.2700,135.7080,0.000101
TAP_TAPCELL_ROW_45_359,VGND,li1,31.5100,135.7080,0.000040
TAP_TAPCELL_ROW_44_358,VGND,li1,147.4300,130.8510,0.000175
TAP_TAPCELL_ROW_44_357,VGND,li1,121.6700,130.8510,0.000167
TAP_TAPCELL_ROW_44_356,VGND,li1,95.9100,130.8510,0.000145
TAP_TAPCELL_ROW_44_355,VGND,li1,70.1500,130.8510,0.000113
TAP_TAPCELL_ROW_44_354,VGND,li1,44.3900,130.8510,0.000068
TAP_TAPCELL_ROW_44_353,VGND,li1,18.6300,130.8510,0.000029
TAP_TAPCELL_ROW_43_352,VGND,li1,134.5500,130.2680,0.000173
TAP_TAPCELL_ROW_43_351,VGND,li1,108.7900,130.2680,0.000157
TAP_TAPCELL_ROW_43_350,VGND,li1,83.0300,130.2680,0.000130
TAP_TAPCELL_ROW_43_349,VGND,li1,57.2700,130.2680,0.000093
TAP_TAPCELL_ROW_43_348,VGND,li1,31.5100,130.2680,0.000041
TAP_TAPCELL_ROW_42_347,VGND,li1,147.4300,125.4110,0.000231
TAP_TAPCELL_ROW_42_346,VGND,li1,121.6700,125.4110,0.000222
TAP_TAPCELL_ROW_42_345,VGND,li1,95.9100,125.4110,0.000200
TAP_TAPCELL_ROW_42_344,VGND,li1,70.1500,125.4110,0.000158
TAP_TAPCELL_ROW_42_343,VGND,li1,44.3900,125.4110,0.000094
TAP_TAPCELL_ROW_42_342,VGND,li1,18.6300,125.4110,0.000045
TAP_TAPCELL_ROW_41_341,VGND,li1,134.5500,124.8280,0.000229
TAP_TAPCELL_ROW_41_340,VGND,li1,108.7900,124.8280,0.000212
TAP_TAPCELL_ROW_41_339,VGND,li1,83.0300,124.8280,0.000179
TAP_TAPCELL_ROW_41_338,VGND,li1,57.2700,124.8280,0.000130
TAP_TAPCELL_ROW_41_337,VGND,li1,31.5100,124.8280,0.000057
TAP_TAPCELL_ROW_40_336,VGND,li1,147.4300,119.9710,0.000170
TAP_TAPCELL_ROW_40_335,VGND,li1,121.6700,119.9710,0.000167
TAP_TAPCELL_ROW_40_334,VGND,li1,95.9100,119.9710,0.000152
TAP_TAPCELL_ROW_40_333,VGND,li1,70.1500,119.9710,0.000120
TAP_TAPCELL_ROW_40_332,VGND,li1,44.3900,119.9710,0.000077
TAP_TAPCELL_ROW_40_331,VGND,li1,18.6300,119.9710,0.000040
TAP_TAPCELL_ROW_39_330,VGND,li1,134.5500,119.3880,0.000170
TAP_TAPCELL_ROW_39_329,VGND,li1,108.7900,119.3880,0.000161
TAP_TAPCELL_ROW_39_328,VGND,li1,83.0300,119.3880,0.000137
TAP_TAPCELL_ROW_39_327,VGND,li1,57.2700,119.3880,0.000101
TAP_TAPCELL_ROW_39_326,VGND,li1,31.5100,119.3880,0.000054
TAP_TAPCELL_ROW_38_325,VGND,li1,147.4300,114.5310,0.000238
TAP_TAPCELL_ROW_38_324,VGND,li1,121.6700,114.5310,0.000231
TAP_TAPCELL_ROW_38_323,VGND,li1,95.9100,114.5310,0.000202
TAP_TAPCELL_ROW_38_322,VGND,li1,70.1500,114.5310,0.000157
TAP_TAPCELL_ROW_38_321,VGND,li1,44.3900,114.5310,0.000095
TAP_TAPCELL_ROW_38_320,VGND,li1,18.6300,114.5310,0.000049
TAP_TAPCELL_ROW_37_319,VGND,li1,134.5500,113.9480,0.000236
TAP_TAPCELL_ROW_37_318,VGND,li1,108.7900,113.9480,0.000218
TAP_TAPCELL_ROW_37_317,VGND,li1,83.0300,113.9480,0.000181
TAP_TAPCELL_ROW_37_316,VGND,li1,57.2700,113.9480,0.000128
TAP_TAPCELL_ROW_37_315,VGND,li1,31.5100,113.9480,0.000056
TAP_TAPCELL_ROW_36_314,VGND,li1,147.4300,109.0910,0.000122
TAP_TAPCELL_ROW_36_313,VGND,li1,121.6700,109.0910,0.000118
TAP_TAPCELL_ROW_36_312,VGND,li1,95.9100,109.0910,0.000105
TAP_TAPCELL_ROW_36_311,VGND,li1,70.1500,109.0910,0.000082
TAP_TAPCELL_ROW_36_310,VGND,li1,44.3900,109.0910,0.000053
TAP_TAPCELL_ROW_36_309,VGND,li1,18.6300,109.0910,0.000026
TAP_TAPCELL_ROW_35_308,VGND,li1,134.5500,108.5080,0.000121
TAP_TAPCELL_ROW_35_307,VGND,li1,108.7900,108.5080,0.000112
TAP_TAPCELL_ROW_35_306,VGND,li1,83.0300,108.5080,0.000093
TAP_TAPCELL_ROW_35_305,VGND,li1,57.2700,108.5080,0.000068
TAP_TAPCELL_ROW_35_304,VGND,li1,31.5100,108.5080,0.000032
TAP_TAPCELL_ROW_34_303,VGND,li1,147.4300,103.6510,0.000136
TAP_TAPCELL_ROW_34_302,VGND,li1,121.6700,103.6510,0.000134
TAP_TAPCELL_ROW_34_301,VGND,li1,95.9100,103.6510,0.000122
TAP_TAPCELL_ROW_34_300,VGND,li1,70.1500,103.6510,0.000098
TAP_TAPCELL_ROW_34_299,VGND,li1,44.3900,103.6510,0.000060
TAP_TAPCELL_ROW_34_298,VGND,li1,18.6300,103.6510,0.000027
TAP_TAPCELL_ROW_33_297,VGND,li1,134.5500,103.0680,0.000136
TAP_TAPCELL_ROW_33_296,VGND,li1,108.7900,103.0680,0.000129
TAP_TAPCELL_ROW_33_295,VGND,li1,83.0300,103.0680,0.000111
TAP_TAPCELL_ROW_33_294,VGND,li1,57.2700,103.0680,0.000082
TAP_TAPCELL_ROW_33_293,VGND,li1,31.5100,103.0680,0.000035
TAP_TAPCELL_ROW_32_292,VGND,li1,147.4300,98.2110,0.000199
TAP_TAPCELL_ROW_32_291,VGND,li1,121.6700,98.2110,0.000195
TAP_TAPCELL_ROW_32_290,VGND,li1,95.9100,98.2110,0.000176
TAP_TAPCELL_ROW_32_289,VGND,li1,70.1500,98.2110,0.000140
TAP_TAPCELL_ROW_32_288,VGND,li1,44.3900,98.2110,0.000084
TAP_TAPCELL_ROW_32_287,VGND,li1,18.6300,98.2110,0.000037
TAP_TAPCELL_ROW_31_286,VGND,li1,134.5500,97.6280,0.000198
TAP_TAPCELL_ROW_31_285,VGND,li1,108.7900,97.6280,0.000187
TAP_TAPCELL_ROW_31_284,VGND,li1,83.0300,97.6280,0.000162
TAP_TAPCELL_ROW_31_283,VGND,li1,57.2700,97.6280,0.000117
TAP_TAPCELL_ROW_31_282,VGND,li1,31.5100,97.6280,0.000052
TAP_TAPCELL_ROW_30_281,VGND,li1,147.4300,92.7710,0.000264
TAP_TAPCELL_ROW_30_280,VGND,li1,121.6700,92.7710,0.000251
TAP_TAPCELL_ROW_30_279,VGND,li1,95.9100,92.7710,0.000221
TAP_TAPCELL_ROW_30_278,VGND,li1,70.1500,92.7710,0.000170
TAP_TAPCELL_ROW_30_277,VGND,li1,44.3900,92.7710,0.000102
TAP_TAPCELL_ROW_30_276,VGND,li1,18.6300,92.7710,0.000046
TAP_TAPCELL_ROW_29_275,VGND,li1,134.5500,92.1880,0.000260
TAP_TAPCELL_ROW_29_274,VGND,li1,108.7900,92.1880,0.000240
TAP_TAPCELL_ROW_29_273,VGND,li1,83.0300,92.1880,0.000200
TAP_TAPCELL_ROW_29_272,VGND,li1,57.2700,92.1880,0.000136
TAP_TAPCELL_ROW_29_271,VGND,li1,31.5100,92.1880,0.000061
TAP_TAPCELL_ROW_28_270,VGND,li1,147.4300,87.3310,0.000350
TAP_TAPCELL_ROW_28_269,VGND,li1,121.6700,87.3310,0.000333
TAP_TAPCELL_ROW_28_268,VGND,li1,95.9100,87.3310,0.000283
TAP_TAPCELL_ROW_28_267,VGND,li1,70.1500,87.3310,0.000207
TAP_TAPCELL_ROW_28_266,VGND,li1,44.3900,87.3310,0.000119
TAP_TAPCELL_ROW_28_265,VGND,li1,18.6300,87.3310,0.000056
TAP_TAPCELL_ROW_27_264,VGND,li1,134.5500,86.7480,0.000346
TAP_TAPCELL_ROW_27_263,VGND,li1,108.7900,86.7480,0.000315
TAP_TAPCELL_ROW_27_262,VGND,li1,83.0300,86.7480,0.000249
TAP_TAPCELL_ROW_27_261,VGND,li1,57.2700,86.7480,0.000168
TAP_TAPCELL_ROW_27_260,VGND,li1,31.5100,86.7480,0.000074
TAP_TAPCELL_ROW_26_259,VGND,li1,147.4300,81.8910,0.000266
TAP_TAPCELL_ROW_26_258,VGND,li1,121.6700,81.8910,0.000249
TAP_TAPCELL_ROW_26_257,VGND,li1,95.9100,81.8910,0.000219
TAP_TAPCELL_ROW_26_256,VGND,li1,70.1500,81.8910,0.000163
TAP_TAPCELL_ROW_26_255,VGND,li1,44.3900,81.8910,0.000095
TAP_TAPCELL_ROW_26_254,VGND,li1,18.6300,81.8910,0.000047
TAP_TAPCELL_ROW_25_253,VGND,li1,134.5500,81.3080,0.000261
TAP_TAPCELL_ROW_25_252,VGND,li1,108.7900,81.3080,0.000237
TAP_TAPCELL_ROW_25_251,VGND,li1,83.0300,81.3080,0.000195
TAP_TAPCELL_ROW_25_250,VGND,li1,57.2700,81.3080,0.000134
TAP_TAPCELL_ROW_25_249,VGND,li1,31.5100,81.3080,0.000058
TAP_TAPCELL_ROW_24_248,VGND,li1,147.4300,76.4510,0.000260
TAP_TAPCELL_ROW_24_247,VGND,li1,121.6700,76.4510,0.000246
TAP_TAPCELL_ROW_24_246,VGND,li1,95.9100,76.4510,0.000213
TAP_TAPCELL_ROW_24_245,VGND,li1,70.1500,76.4510,0.000164
TAP_TAPCELL_ROW_24_244,VGND,li1,44.3900,76.4510,0.000097
TAP_TAPCELL_ROW_24_243,VGND,li1,18.6300,76.4510,0.000045
TAP_TAPCELL_ROW_23_242,VGND,li1,134.5500,75.8680,0.000255
TAP_TAPCELL_ROW_23_241,VGND,li1,108.7900,75.8680,0.000231
TAP_TAPCELL_ROW_23_240,VGND,li1,83.0300,75.8680,0.000191
TAP_TAPCELL_ROW_23_239,VGND,li1,57.2700,75.8680,0.000131
TAP_TAPCELL_ROW_23_238,VGND,li1,31.5100,75.8680,0.000060
TAP_TAPCELL_ROW_22_237,VGND,li1,147.4300,71.0110,0.000238
TAP_TAPCELL_ROW_22_236,VGND,li1,121.6700,71.0110,0.000226
TAP_TAPCELL_ROW_22_235,VGND,li1,95.9100,71.0110,0.000192
TAP_TAPCELL_ROW_22_234,VGND,li1,70.1500,71.0110,0.000144
TAP_TAPCELL_ROW_22_233,VGND,li1,44.3900,71.0110,0.000087
TAP_TAPCELL_ROW_22_232,VGND,li1,18.6300,71.0110,0.000038
TAP_TAPCELL_ROW_21_231,VGND,li1,134.5500,70.4280,0.000235
TAP_TAPCELL_ROW_21_230,VGND,li1,108.7900,70.4280,0.000210
TAP_TAPCELL_ROW_21_229,VGND,li1,83.0300,70.4280,0.000168
TAP_TAPCELL_ROW_21_228,VGND,li1,57.2700,70.4280,0.000118
TAP_TAPCELL_ROW_21_227,VGND,li1,31.5100,70.4280,0.000048
TAP_TAPCELL_ROW_20_226,VGND,li1,147.4300,65.5710,0.000308
TAP_TAPCELL_ROW_20_225,VGND,li1,121.6700,65.5710,0.000293
TAP_TAPCELL_ROW_20_224,VGND,li1,95.9100,65.5710,0.000256
TAP_TAPCELL_ROW_20_223,VGND,li1,70.1500,65.5710,0.000196
TAP_TAPCELL_ROW_20_222,VGND,li1,44.3900,65.5710,0.000110
TAP_TAPCELL_ROW_20_221,VGND,li1,18.6300,65.5710,0.000044
TAP_TAPCELL_ROW_19_220,VGND,li1,134.5500,64.9880,0.000304
TAP_TAPCELL_ROW_19_219,VGND,li1,108.7900,64.9880,0.000277
TAP_TAPCELL_ROW_19_218,VGND,li1,83.0300,64.9880,0.000228
TAP_TAPCELL_ROW_19_217,VGND,li1,57.2700,64.9880,0.000156
TAP_TAPCELL_ROW_19_216,VGND,li1,31.5100,64.9880,0.000066
TAP_TAPCELL_ROW_18_215,VGND,li1,147.4300,60.1310,0.000329
TAP_TAPCELL_ROW_18_214,VGND,li1,121.6700,60.1310,0.000307
TAP_TAPCELL_ROW_18_213,VGND,li1,95.9100,60.1310,0.000263
TAP_TAPCELL_ROW_18_212,VGND,li1,70.1500,60.1310,0.000206
TAP_TAPCELL_ROW_18_211,VGND,li1,44.3900,60.1310,0.000120
TAP_TAPCELL_ROW_18_210,VGND,li1,18.6300,60.1310,0.000052
TAP_TAPCELL_ROW_17_209,VGND,li1,134.5500,59.5480,0.000322
TAP_TAPCELL_ROW_17_208,VGND,li1,108.7900,59.5480,0.000289
TAP_TAPCELL_ROW_17_207,VGND,li1,83.0300,59.5480,0.000235
TAP_TAPCELL_ROW_17_206,VGND,li1,57.2700,59.5480,0.000166
TAP_TAPCELL_ROW_17_205,VGND,li1,31.5100,59.5480,0.000070
TAP_TAPCELL_ROW_16_204,VGND,li1,147.4300,54.6910,0.000346
TAP_TAPCELL_ROW_16_203,VGND,li1,121.6700,54.6910,0.000321
TAP_TAPCELL_ROW_16_202,VGND,li1,95.9100,54.6910,0.000273
TAP_TAPCELL_ROW_16_201,VGND,li1,70.1500,54.6910,0.000203
TAP_TAPCELL_ROW_16_200,VGND,li1,44.3900,54.6910,0.000121
TAP_TAPCELL_ROW_16_199,VGND,li1,18.6300,54.6910,0.000053
TAP_TAPCELL_ROW_15_198,VGND,li1,134.5500,54.1080,0.000337
TAP_TAPCELL_ROW_15_197,VGND,li1,108.7900,54.1080,0.000297
TAP_TAPCELL_ROW_15_196,VGND,li1,83.0300,54.1080,0.000243
TAP_TAPCELL_ROW_15_195,VGND,li1,57.2700,54.1080,0.000163
TAP_TAPCELL_ROW_15_194,VGND,li1,31.5100,54.1080,0.000069
TAP_TAPCELL_ROW_14_193,VGND,li1,147.4300,49.2510,0.000317
TAP_TAPCELL_ROW_14_192,VGND,li1,121.6700,49.2510,0.000291
TAP_TAPCELL_ROW_14_191,VGND,li1,95.9100,49.2510,0.000245
TAP_TAPCELL_ROW_14_190,VGND,li1,70.1500,49.2510,0.000182
TAP_TAPCELL_ROW_14_189,VGND,li1,44.3900,49.2510,0.000101
TAP_TAPCELL_ROW_14_188,VGND,li1,18.6300,49.2510,0.000039
TAP_TAPCELL_ROW_13_187,VGND,li1,134.5500,48.6680,0.000309
TAP_TAPCELL_ROW_13_186,VGND,li1,108.7900,48.6680,0.000272
TAP_TAPCELL_ROW_13_185,VGND,li1,83.0300,48.6680,0.000218
TAP_TAPCELL_ROW_13_184,VGND,li1,57.2700,48.6680,0.000147
TAP_TAPCELL_ROW_13_183,VGND,li1,31.5100,48.6680,0.000056
TAP_TAPCELL_ROW_12_182,VGND,li1,147.4300,43.8110,0.000275
TAP_TAPCELL_ROW_12_181,VGND,li1,121.6700,43.8110,0.000258
TAP_TAPCELL_ROW_12_180,VGND,li1,95.9100,43.8110,0.000223
TAP_TAPCELL_ROW_12_179,VGND,li1,70.1500,43.8110,0.000166
TAP_TAPCELL_ROW_12_178,VGND,li1,44.3900,43.8110,0.000099
TAP_TAPCELL_ROW_12_177,VGND,li1,18.6300,43.8110,0.000044
TAP_TAPCELL_ROW_11_176,VGND,li1,134.5500,43.2280,0.000271
TAP_TAPCELL_ROW_11_175,VGND,li1,108.7900,43.2280,0.000245
TAP_TAPCELL_ROW_11_174,VGND,li1,83.0300,43.2280,0.000198
TAP_TAPCELL_ROW_11_173,VGND,li1,57.2700,43.2280,0.000133
TAP_TAPCELL_ROW_11_172,VGND,li1,31.5100,43.2280,0.000067
TAP_TAPCELL_ROW_10_171,VGND,li1,147.4300,38.3710,0.000312
TAP_TAPCELL_ROW_10_170,VGND,li1,121.6700,38.3710,0.000294
TAP_TAPCELL_ROW_10_169,VGND,li1,95.9100,38.3710,0.000254
TAP_TAPCELL_ROW_10_168,VGND,li1,70.1500,38.3710,0.000194
TAP_TAPCELL_ROW_10_167,VGND,li1,44.3900,38.3710,0.000110
TAP_TAPCELL_ROW_10_166,VGND,li1,18.6300,38.3710,0.000043
TAP_TAPCELL_ROW_9_165,VGND,li1,134.5500,37.7880,0.000307
TAP_TAPCELL_ROW_9_164,VGND,li1,108.7900,37.7880,0.000275
TAP_TAPCELL_ROW_9_163,VGND,li1,83.0300,37.7880,0.000226
TAP_TAPCELL_ROW_9_162,VGND,li1,57.2700,37.7880,0.000153
TAP_TAPCELL_ROW_9_161,VGND,li1,31.5100,37.7880,0.000064
TAP_TAPCELL_ROW_8_160,VGND,li1,147.4300,32.9310,0.000285
TAP_TAPCELL_ROW_8_159,VGND,li1,121.6700,32.9310,0.000257
TAP_TAPCELL_ROW_8_158,VGND,li1,95.9100,32.9310,0.000215
TAP_TAPCELL_ROW_8_157,VGND,li1,70.1500,32.9310,0.000160
TAP_TAPCELL_ROW_8_156,VGND,li1,44.3900,32.9310,0.000095
TAP_TAPCELL_ROW_8_155,VGND,li1,18.6300,32.9310,0.000033
TAP_TAPCELL_ROW_7_154,VGND,li1,134.5500,32.3480,0.000274
TAP_TAPCELL_ROW_7_153,VGND,li1,108.7900,32.3480,0.000238
TAP_TAPCELL_ROW_7_152,VGND,li1,83.0300,32.3480,0.000187
TAP_TAPCELL_ROW_7_151,VGND,li1,57.2700,32.3480,0.000130
TAP_TAPCELL_ROW_7_150,VGND,li1,31.5100,32.3480,0.000057
TAP_TAPCELL_ROW_6_149,VGND,li1,147.4300,27.4910,0.000208
TAP_TAPCELL_ROW_6_148,VGND,li1,121.6700,27.4910,0.000203
TAP_TAPCELL_ROW_6_147,VGND,li1,95.9100,27.4910,0.000184
TAP_TAPCELL_ROW_6_146,VGND,li1,70.1500,27.4910,0.000149
TAP_TAPCELL_ROW_6_145,VGND,li1,44.3900,27.4910,0.000091
TAP_TAPCELL_ROW_6_144,VGND,li1,18.6300,27.4910,0.000030
TAP_TAPCELL_ROW_5_143,VGND,li1,134.5500,26.9080,0.000205
TAP_TAPCELL_ROW_5_142,VGND,li1,108.7900,26.9080,0.000195
TAP_TAPCELL_ROW_5_141,VGND,li1,83.0300,26.9080,0.000167
TAP_TAPCELL_ROW_5_140,VGND,li1,57.2700,26.9080,0.000119
TAP_TAPCELL_ROW_5_139,VGND,li1,31.5100,26.9080,0.000054
TAP_TAPCELL_ROW_4_138,VGND,li1,147.4300,22.0510,0.000267
TAP_TAPCELL_ROW_4_137,VGND,li1,121.6700,22.0510,0.000266
TAP_TAPCELL_ROW_4_136,VGND,li1,95.9100,22.0510,0.000242
TAP_TAPCELL_ROW_4_135,VGND,li1,70.1500,22.0510,0.000193
TAP_TAPCELL_ROW_4_134,VGND,li1,44.3900,22.0510,0.000116
TAP_TAPCELL_ROW_4_133,VGND,li1,18.6300,22.0510,0.000040
TAP_TAPCELL_ROW_3_132,VGND,li1,134.5500,21.4680,0.000267
TAP_TAPCELL_ROW_3_131,VGND,li1,108.7900,21.4680,0.000258
TAP_TAPCELL_ROW_3_130,VGND,li1,83.0300,21.4680,0.000222
TAP_TAPCELL_ROW_3_129,VGND,li1,57.2700,21.4680,0.000157
TAP_TAPCELL_ROW_3_128,VGND,li1,31.5100,21.4680,0.000065
TAP_TAPCELL_ROW_2_127,VGND,li1,147.4300,16.6110,0.000218
TAP_TAPCELL_ROW_2_126,VGND,li1,121.6700,16.6110,0.000218
TAP_TAPCELL_ROW_2_125,VGND,li1,95.9100,16.6110,0.000209
TAP_TAPCELL_ROW_2_124,VGND,li1,70.1500,16.6110,0.000177
TAP_TAPCELL_ROW_2_123,VGND,li1,44.3900,16.6110,0.000111
TAP_TAPCELL_ROW_2_122,VGND,li1,18.6300,16.6110,0.000039
TAP_TAPCELL_ROW_1_121,VGND,li1,134.5500,16.0280,0.000218
TAP_TAPCELL_ROW_1_120,VGND,li1,108.7900,16.0280,0.000216
TAP_TAPCELL_ROW_1_119,VGND,li1,83.0300,16.0280,0.000198
TAP_TAPCELL_ROW_1_118,VGND,li1,57.2700,16.0280,0.000149
TAP_TAPCELL_ROW_1_117,VGND,li1,31.5100,16.0280,0.000065
TAP_TAPCELL_ROW_0_116,VGND,li1,147.4300,11.1710,0.000198
TAP_TAPCELL_ROW_0_115,VGND,li1,134.5500,11.1710,0.000198
TAP_TAPCELL_ROW_0_114,VGND,li1,121.6700,11.1710,0.000198
TAP_TAPCELL_ROW_0_113,VGND,li1,108.7900,11.1710,0.000198
TAP_TAPCELL_ROW_0_112,VGND,li1,95.9100,11.1710,0.000192
TAP_TAPCELL_ROW_0_111,VGND,li1,83.0300,11.1710,0.000174
TAP_TAPCELL_ROW_0_110,VGND,li1,70.1500,11.1710,0.000155
TAP_TAPCELL_ROW_0_109,VGND,li1,57.2700,11.1710,0.000128
TAP_TAPCELL_ROW_0_108,VGND,li1,44.3900,11.1710,0.000094
TAP_TAPCELL_ROW_0_107,VGND,li1,31.5100,11.1710,0.000056
TAP_TAPCELL_ROW_0_106,VGND,li1,18.6300,11.1710,0.000034
PHY_EDGE_ROW_52_Left_105,VGND,li1,6.2100,152.3200,0.000055
PHY_EDGE_ROW_51_Left_104,VGND,li1,6.2100,152.3200,0.000055
PHY_EDGE_ROW_50_Left_103,VGND,li1,6.2100,146.8800,0.000031
PHY_EDGE_ROW_49_Left_102,VGND,li1,6.2100,146.8800,0.000031
PHY_EDGE_ROW_48_Left_101,VGND,li1,6.2100,141.4400,0.000033
PHY_EDGE_ROW_47_Left_100,VGND,li1,6.2100,141.4400,0.000033
PHY_EDGE_ROW_46_Left_99,VGND,li1,6.2100,136.0000,0.000027
PHY_EDGE_ROW_45_Left_98,VGND,li1,6.2100,136.0000,0.000027
PHY_EDGE_ROW_44_Left_97,VGND,li1,6.2100,130.5600,0.000031
PHY_EDGE_ROW_43_Left_96,VGND,li1,6.2100,130.5600,0.000031
PHY_EDGE_ROW_42_Left_95,VGND,li1,6.2100,125.1200,0.000049
PHY_EDGE_ROW_41_Left_94,VGND,li1,6.2100,125.1200,0.000049
PHY_EDGE_ROW_40_Left_93,VGND,li1,6.2100,119.6800,0.000046
PHY_EDGE_ROW_39_Left_92,VGND,li1,6.2100,119.6800,0.000046
PHY_EDGE_ROW_38_Left_91,VGND,li1,6.2100,114.2400,0.000055
PHY_EDGE_ROW_37_Left_90,VGND,li1,6.2100,114.2400,0.000055
PHY_EDGE_ROW_36_Left_89,VGND,li1,6.2100,108.8000,0.000028
PHY_EDGE_ROW_35_Left_88,VGND,li1,6.2100,108.8000,0.000028
PHY_EDGE_ROW_34_Left_87,VGND,li1,6.2100,103.3600,0.000029
PHY_EDGE_ROW_33_Left_86,VGND,li1,6.2100,103.3600,0.000029
PHY_EDGE_ROW_32_Left_85,VGND,li1,6.2100,97.9200,0.000041
PHY_EDGE_ROW_31_Left_84,VGND,li1,6.2100,97.9200,0.000041
PHY_EDGE_ROW_30_Left_83,VGND,li1,6.2100,92.4800,0.000051
PHY_EDGE_ROW_29_Left_82,VGND,li1,6.2100,92.4800,0.000051
PHY_EDGE_ROW_28_Left_81,VGND,li1,6.2100,87.0400,0.000060
PHY_EDGE_ROW_27_Left_80,VGND,li1,6.2100,87.0400,0.000060
PHY_EDGE_ROW_26_Left_79,VGND,li1,6.2100,81.6000,0.000053
PHY_EDGE_ROW_25_Left_78,VGND,li1,6.2100,81.6000,0.000053
PHY_EDGE_ROW_24_Left_77,VGND,li1,6.2100,76.1600,0.000048
PHY_EDGE_ROW_23_Left_76,VGND,li1,6.2100,76.1600,0.000048
PHY_EDGE_ROW_22_Left_75,VGND,li1,6.2100,70.7200,0.000041
PHY_EDGE_ROW_21_Left_74,VGND,li1,6.2100,70.7200,0.000041
PHY_EDGE_ROW_20_Left_73,VGND,li1,6.2100,65.2800,0.000046
PHY_EDGE_ROW_19_Left_72,VGND,li1,6.2100,65.2800,0.000046
PHY_EDGE_ROW_18_Left_71,VGND,li1,6.2100,59.8400,0.000055
PHY_EDGE_ROW_17_Left_70,VGND,li1,6.2100,59.8400,0.000055
PHY_EDGE_ROW_16_Left_69,VGND,li1,6.2100,54.4000,0.000057
PHY_EDGE_ROW_15_Left_68,VGND,li1,6.2100,54.4000,0.000057
PHY_EDGE_ROW_14_Left_67,VGND,li1,6.2100,48.9600,0.000040
PHY_EDGE_ROW_13_Left_66,VGND,li1,6.2100,48.9600,0.000040
PHY_EDGE_ROW_12_Left_65,VGND,li1,6.2100,43.5200,0.000047
PHY_EDGE_ROW_11_Left_64,VGND,li1,6.2100,43.5200,0.000047
PHY_EDGE_ROW_10_Left_63,VGND,li1,6.2100,38.0800,0.000043
PHY_EDGE_ROW_9_Left_62,VGND,li1,6.2100,38.0800,0.000043
PHY_EDGE_ROW_8_Left_61,VGND,li1,6.2100,32.6400,0.000033
PHY_EDGE_ROW_7_Left_60,VGND,li1,6.2100,32.6400,0.000033
PHY_EDGE_ROW_6_Left_59,VGND,li1,6.2100,27.2000,0.000030
PHY_EDGE_ROW_5_Left_58,VGND,li1,6.2100,27.2000,0.000030
PHY_EDGE_ROW_4_Left_57,VGND,li1,6.2100,21.7600,0.000040
PHY_EDGE_ROW_3_Left_56,VGND,li1,6.2100,21.7600,0.000040
PHY_EDGE_ROW_2_Left_55,VGND,li1,6.2100,16.3200,0.000039
PHY_EDGE_ROW_1_Left_54,VGND,li1,6.2100,16.3200,0.000039
PHY_EDGE_ROW_0_Left_53,VGND,li1,6.2100,10.8800,0.000034
PHY_EDGE_ROW_52_Right_52,VGND,li1,148.8100,152.3200,0.000337
PHY_EDGE_ROW_51_Right_51,VGND,li1,148.8100,152.3200,0.000337
PHY_EDGE_ROW_50_Right_50,VGND,li1,148.8100,146.8800,0.000178
PHY_EDGE_ROW_49_Right_49,VGND,li1,148.8100,146.8800,0.000178
PHY_EDGE_ROW_48_Right_48,VGND,li1,148.8100,141.4400,0.000196
PHY_EDGE_ROW_47_Right_47,VGND,li1,148.8100,141.4400,0.000196
PHY_EDGE_ROW_46_Right_46,VGND,li1,148.8100,136.0000,0.000166
PHY_EDGE_ROW_45_Right_45,VGND,li1,148.8100,136.0000,0.000166
PHY_EDGE_ROW_44_Right_44,VGND,li1,148.8100,130.5600,0.000175
PHY_EDGE_ROW_43_Right_43,VGND,li1,148.8100,130.5600,0.000175
PHY_EDGE_ROW_42_Right_42,VGND,li1,148.8100,125.1200,0.000231
PHY_EDGE_ROW_41_Right_41,VGND,li1,148.8100,125.1200,0.000231
PHY_EDGE_ROW_40_Right_40,VGND,li1,148.8100,119.6800,0.000170
PHY_EDGE_ROW_39_Right_39,VGND,li1,148.8100,119.6800,0.000170
PHY_EDGE_ROW_38_Right_38,VGND,li1,148.8100,114.2400,0.000238
PHY_EDGE_ROW_37_Right_37,VGND,li1,148.8100,114.2400,0.000238
PHY_EDGE_ROW_36_Right_36,VGND,li1,148.8100,108.8000,0.000122
PHY_EDGE_ROW_35_Right_35,VGND,li1,148.8100,108.8000,0.000122
PHY_EDGE_ROW_34_Right_34,VGND,li1,148.8100,103.3600,0.000136
PHY_EDGE_ROW_33_Right_33,VGND,li1,148.8100,103.3600,0.000136
PHY_EDGE_ROW_32_Right_32,VGND,li1,148.8100,97.9200,0.000199
PHY_EDGE_ROW_31_Right_31,VGND,li1,148.8100,97.9200,0.000199
PHY_EDGE_ROW_30_Right_30,VGND,li1,148.8100,92.4800,0.000264
PHY_EDGE_ROW_29_Right_29,VGND,li1,148.8100,92.4800,0.000264
PHY_EDGE_ROW_28_Right_28,VGND,li1,148.8100,87.0400,0.000350
PHY_EDGE_ROW_27_Right_27,VGND,li1,148.8100,87.0400,0.000350
PHY_EDGE_ROW_26_Right_26,VGND,li1,148.8100,81.6000,0.000266
PHY_EDGE_ROW_25_Right_25,VGND,li1,148.8100,81.6000,0.000266
PHY_EDGE_ROW_24_Right_24,VGND,li1,148.8100,76.1600,0.000260
PHY_EDGE_ROW_23_Right_23,VGND,li1,148.8100,76.1600,0.000260
PHY_EDGE_ROW_22_Right_22,VGND,li1,148.8100,70.7200,0.000238
PHY_EDGE_ROW_21_Right_21,VGND,li1,148.8100,70.7200,0.000238
PHY_EDGE_ROW_20_Right_20,VGND,li1,148.8100,65.2800,0.000308
PHY_EDGE_ROW_19_Right_19,VGND,li1,148.8100,65.2800,0.000308
PHY_EDGE_ROW_18_Right_18,VGND,li1,148.8100,59.8400,0.000329
PHY_EDGE_ROW_17_Right_17,VGND,li1,148.8100,59.8400,0.000329
PHY_EDGE_ROW_16_Right_16,VGND,li1,148.8100,54.4000,0.000346
PHY_EDGE_ROW_15_Right_15,VGND,li1,148.8100,54.4000,0.000346
PHY_EDGE_ROW_14_Right_14,VGND,li1,148.8100,48.9600,0.000317
PHY_EDGE_ROW_13_Right_13,VGND,li1,148.8100,48.9600,0.000317
PHY_EDGE_ROW_12_Right_12,VGND,li1,148.8100,43.5200,0.000275
PHY_EDGE_ROW_11_Right_11,VGND,li1,148.8100,43.5200,0.000275
PHY_EDGE_ROW_10_Right_10,VGND,li1,148.8100,38.0800,0.000312
PHY_EDGE_ROW_9_Right_9,VGND,li1,148.8100,38.0800,0.000312
PHY_EDGE_ROW_8_Right_8,VGND,li1,148.8100,32.6400,0.000285
PHY_EDGE_ROW_7_Right_7,VGND,li1,148.8100,32.6400,0.000285
PHY_EDGE_ROW_6_Right_6,VGND,li1,148.8100,27.2000,0.000208
PHY_EDGE_ROW_5_Right_5,VGND,li1,148.8100,27.2000,0.000208
PHY_EDGE_ROW_4_Right_4,VGND,li1,148.8100,21.7600,0.000267
PHY_EDGE_ROW_3_Right_3,VGND,li1,148.8100,21.7600,0.000267
PHY_EDGE_ROW_2_Right_2,VGND,li1,148.8100,16.3200,0.000218
PHY_EDGE_ROW_1_Right_1,VGND,li1,148.8100,16.3200,0.000218
PHY_EDGE_ROW_0_Right_0,VGND,li1,148.8100,10.8800,0.000198
_1682_,VGND,li1,74.7500,152.3200,0.000270
_1681_,VGND,li1,16.3300,125.1200,0.000047
_1680_,VGND,li1,15.4100,119.6800,0.000043
_1679_,VGND,li1,12.6500,76.1600,0.000048
_1678_,VGND,li1,73.3700,146.8800,0.000154
_1677_,VGND,li1,65.5500,141.4400,0.000151
_1676_,VGND,li1,37.4900,152.3200,0.000131
_1675_,VGND,li1,60.9500,38.0800,0.000168
_1674_,VGND,li1,93.6100,38.0800,0.000250
_1673_,VGND,li1,89.4700,10.8800,0.000186
_1672_,VGND,li1,146.5100,32.6400,0.000285
_1671_,VGND,li1,141.9100,54.4000,0.000344
_1670_,VGND,li1,90.3900,38.0800,0.000244
_1669_,VGND,li1,33.8100,38.0800,0.000075
_1668_,VGND,li1,75.6700,141.4400,0.000168
_1667_,VGND,li1,71.0700,108.8000,0.000082
_1666_,VGND,li1,68.0800,108.8000,0.000080
_1665_,VGND,li1,71.0700,114.2400,0.000157
_1664_,VGND,li1,96.8300,114.2400,0.000202
_1663_,VGND,li1,103.2700,114.2400,0.000212
_1662_,VGND,li1,75.2100,130.5600,0.000122
_1661_,VGND,li1,110.8600,130.5600,0.000159
_1660_,VGND,li1,110.4000,130.5600,0.000157
_1659_,VGND,li1,110.6300,136.0000,0.000163
_1658_,VGND,li1,100.2800,146.8800,0.000175
_1657_,VGND,li1,114.7700,146.8800,0.000178
_1656_,VGND,li1,98.6700,141.4400,0.000189
_1655_,VGND,li1,102.1200,136.0000,0.000158
_1654_,VGND,li1,102.8100,141.4400,0.000192
_1653_,VGND,li1,93.3800,146.8800,0.000172
_1652_,VGND,li1,93.1500,141.4400,0.000186
_1651_,VGND,li1,92.6900,141.4400,0.000186
_1650_,VGND,li1,92.2300,136.0000,0.000152
_1649_,VGND,li1,80.7300,103.3600,0.000109
_1648_,VGND,li1,79.3500,108.8000,0.000091
_1647_,VGND,li1,93.8400,119.6800,0.000151
_1646_,VGND,li1,94.0700,119.6800,0.000151
_1645_,VGND,li1,97.5200,119.6800,0.000152
_1644_,VGND,li1,105.1100,125.1200,0.000210
_1643_,VGND,li1,103.7300,136.0000,0.000160
_1642_,VGND,li1,100.5100,136.0000,0.000158
_1641_,VGND,li1,99.1300,146.8800,0.000175
_1640_,VGND,li1,102.8100,152.3200,0.000320
_1639_,VGND,li1,98.2100,152.3200,0.000315
_1638_,VGND,li1,82.8000,141.4400,0.000176
_1637_,VGND,li1,85.3300,146.8800,0.000167
_1636_,VGND,li1,85.1000,141.4400,0.000179
_1635_,VGND,li1,81.1900,141.4400,0.000176
_1634_,VGND,li1,85.3300,103.3600,0.000113
_1633_,VGND,li1,83.4900,97.9200,0.000162
_1632_,VGND,li1,89.4700,130.5600,0.000137
_1631_,VGND,li1,89.9300,114.2400,0.000193
_1630_,VGND,li1,89.4700,119.6800,0.000146
_1629_,VGND,li1,98.6700,125.1200,0.000203
_1628_,VGND,li1,91.3100,130.5600,0.000141
_1627_,VGND,li1,102.3500,152.3200,0.000320
_1626_,VGND,li1,86.9400,152.3200,0.000296
_1625_,VGND,li1,74.9800,146.8800,0.000154
_1624_,VGND,li1,78.2000,130.5600,0.000125
_1623_,VGND,li1,77.9700,136.0000,0.000133
_1622_,VGND,li1,75.6700,141.4400,0.000168
_1621_,VGND,li1,74.2900,136.0000,0.000130
_1620_,VGND,li1,55.6600,141.4400,0.000127
_1619_,VGND,li1,67.8500,136.0000,0.000120
_1618_,VGND,li1,48.3000,130.5600,0.000075
_1617_,VGND,li1,48.5300,136.0000,0.000081
_1616_,VGND,li1,78.8900,125.1200,0.000172
_1615_,VGND,li1,79.8100,119.6800,0.000135
_1614_,VGND,li1,85.3300,119.6800,0.000141
_1613_,VGND,li1,99.5900,125.1200,0.000203
_1612_,VGND,li1,81.6500,119.6800,0.000137
_1611_,VGND,li1,80.0400,130.5600,0.000128
_1610_,VGND,li1,83.9500,130.5600,0.000133
_1609_,VGND,li1,77.5100,152.3200,0.000277
_1608_,VGND,li1,72.4500,141.4400,0.000163
_1607_,VGND,li1,65.7800,146.8800,0.000139
_1606_,VGND,li1,61.6400,146.8800,0.000130
_1605_,VGND,li1,63.0200,125.1200,0.000140
_1604_,VGND,li1,66.7000,130.5600,0.000109
_1603_,VGND,li1,66.9300,130.5600,0.000109
_1602_,VGND,li1,63.9400,114.2400,0.000140
_1601_,VGND,li1,67.8500,136.0000,0.000120
_1600_,VGND,li1,74.7500,114.2400,0.000166
_1599_,VGND,li1,84.4100,119.6800,0.000141
_1598_,VGND,li1,66.0100,125.1200,0.000148
_1597_,VGND,li1,67.3900,146.8800,0.000144
_1596_,VGND,li1,59.8000,141.4400,0.000138
_1595_,VGND,li1,54.2800,146.8800,0.000113
_1594_,VGND,li1,59.3400,152.3200,0.000227
_1593_,VGND,li1,57.0400,146.8800,0.000123
_1592_,VGND,li1,60.9500,136.0000,0.000108
_1591_,VGND,li1,63.4800,125.1200,0.000140
_1590_,VGND,li1,63.7100,119.6800,0.000112
_1589_,VGND,li1,60.0300,119.6800,0.000107
_1588_,VGND,li1,62.7900,119.6800,0.000112
_1587_,VGND,li1,66.9300,119.6800,0.000116
_1586_,VGND,li1,72.4500,119.6800,0.000123
_1585_,VGND,li1,54.9700,130.5600,0.000089
_1584_,VGND,li1,54.2800,130.5600,0.000089
_1583_,VGND,li1,48.9900,141.4400,0.000111
_1582_,VGND,li1,52.2100,136.0000,0.000090
_1581_,VGND,li1,49.4500,136.0000,0.000081
_1580_,VGND,li1,51.5200,152.3200,0.000194
_1579_,VGND,li1,51.0600,141.4400,0.000117
_1578_,VGND,li1,40.9400,146.8800,0.000082
_1577_,VGND,li1,41.4000,136.0000,0.000063
_1576_,VGND,li1,38.1800,136.0000,0.000056
_1575_,VGND,li1,39.7900,141.4400,0.000085
_1574_,VGND,li1,46.6900,130.5600,0.000075
_1573_,VGND,li1,43.0100,130.5600,0.000068
_1572_,VGND,li1,39.7900,136.0000,0.000063
_1571_,VGND,li1,78.4300,97.9200,0.000154
_1570_,VGND,li1,74.7500,97.9200,0.000150
_1569_,VGND,li1,73.1400,97.9200,0.000145
_1568_,VGND,li1,73.3700,119.6800,0.000127
_1567_,VGND,li1,74.2900,114.2400,0.000166
_1566_,VGND,li1,46.9200,119.6800,0.000084
_1565_,VGND,li1,46.4600,125.1200,0.000099
_1564_,VGND,li1,37.4900,146.8800,0.000072
_1563_,VGND,li1,28.0600,146.8800,0.000039
_1562_,VGND,li1,33.3500,152.3200,0.000108
_1561_,VGND,li1,40.9400,130.5600,0.000062
_1560_,VGND,li1,92.9200,87.0400,0.000279
_1559_,VGND,li1,59.5700,87.0400,0.000176
_1558_,VGND,li1,60.0300,92.4800,0.000147
_1557_,VGND,li1,54.5100,119.6800,0.000096
_1556_,VGND,li1,55.4300,114.2400,0.000123
_1555_,VGND,li1,33.8100,130.5600,0.000048
_1554_,VGND,li1,32.4300,130.5600,0.000041
_1553_,VGND,li1,40.2500,125.1200,0.000086
_1552_,VGND,li1,38.1800,130.5600,0.000057
_1551_,VGND,li1,33.5800,119.6800,0.000059
_1550_,VGND,li1,29.4400,119.6800,0.000048
_1549_,VGND,li1,34.9600,87.0400,0.000089
_1548_,VGND,li1,33.5800,108.8000,0.000036
_1547_,VGND,li1,31.9700,146.8800,0.000054
_1546_,VGND,li1,30.3600,136.0000,0.000040
_1545_,VGND,li1,20.2400,119.6800,0.000040
_1544_,VGND,li1,23.6900,125.1200,0.000042
_1543_,VGND,li1,87.1700,108.8000,0.000098
_1542_,VGND,li1,44.6200,114.2400,0.000095
_1541_,VGND,li1,56.5800,108.8000,0.000068
_1540_,VGND,li1,60.4900,108.8000,0.000073
_1539_,VGND,li1,53.1300,114.2400,0.000118
_1538_,VGND,li1,52.2100,108.8000,0.000063
_1537_,VGND,li1,41.8600,119.6800,0.000072
_1536_,VGND,li1,37.4900,119.6800,0.000063
_1535_,VGND,li1,37.4900,125.1200,0.000078
_1534_,VGND,li1,25.0700,119.6800,0.000035
_1533_,VGND,li1,23.9200,119.6800,0.000035
_1532_,VGND,li1,15.4100,119.6800,0.000043
_1531_,VGND,li1,12.1900,125.1200,0.000048
_1530_,VGND,li1,15.8700,114.2400,0.000052
_1529_,VGND,li1,24.1500,114.2400,0.000044
_1528_,VGND,li1,35.1900,108.8000,0.000039
_1527_,VGND,li1,56.8100,103.3600,0.000082
_1526_,VGND,li1,61.4100,108.8000,0.000073
_1525_,VGND,li1,62.7900,103.3600,0.000089
_1524_,VGND,li1,53.1300,103.3600,0.000075
_1523_,VGND,li1,52.2100,108.8000,0.000063
_1522_,VGND,li1,38.6400,108.8000,0.000041
_1521_,VGND,li1,40.2500,114.2400,0.000083
_1520_,VGND,li1,34.7300,114.2400,0.000067
_1519_,VGND,li1,24.3800,108.8000,0.000023
_1518_,VGND,li1,27.8300,114.2400,0.000048
_1517_,VGND,li1,25.0700,103.3600,0.000025
_1516_,VGND,li1,11.7300,108.8000,0.000028
_1515_,VGND,li1,15.4100,108.8000,0.000027
_1514_,VGND,li1,11.7300,92.4800,0.000050
_1513_,VGND,li1,23.2300,92.4800,0.000043
_1512_,VGND,li1,23.2300,97.9200,0.000035
_1511_,VGND,li1,21.8500,97.9200,0.000036
_1510_,VGND,li1,29.6700,97.9200,0.000046
_1509_,VGND,li1,30.1300,103.3600,0.000035
_1508_,VGND,li1,25.7600,92.4800,0.000041
_1507_,VGND,li1,36.1100,97.9200,0.000065
_1506_,VGND,li1,67.1600,92.4800,0.000165
_1505_,VGND,li1,37.0300,97.9200,0.000065
_1504_,VGND,li1,36.3400,103.3600,0.000047
_1503_,VGND,li1,85.7900,97.9200,0.000165
_1502_,VGND,li1,86.2500,92.4800,0.000206
_1501_,VGND,li1,66.9300,97.9200,0.000137
_1500_,VGND,li1,52.6700,97.9200,0.000106
_1499_,VGND,li1,51.7500,103.3600,0.000075
_1498_,VGND,li1,14.4900,97.9200,0.000040
_1497_,VGND,li1,14.4900,87.0400,0.000057
_1496_,VGND,li1,15.4100,92.4800,0.000049
_1495_,VGND,li1,22.5400,87.0400,0.000052
_1494_,VGND,li1,36.5700,92.4800,0.000078
_1493_,VGND,li1,37.2600,87.0400,0.000098
_1492_,VGND,li1,40.7100,87.0400,0.000109
_1491_,VGND,li1,34.2700,92.4800,0.000069
_1490_,VGND,li1,71.9900,87.0400,0.000216
_1489_,VGND,li1,73.3700,92.4800,0.000180
_1488_,VGND,li1,60.4900,92.4800,0.000147
_1487_,VGND,li1,53.1300,92.4800,0.000128
_1486_,VGND,li1,50.3700,97.9200,0.000100
_1485_,VGND,li1,25.9900,87.0400,0.000049
_1484_,VGND,li1,28.7500,87.0400,0.000066
_1483_,VGND,li1,29.2100,87.0400,0.000066
_1482_,VGND,li1,32.4300,81.6000,0.000065
_1481_,VGND,li1,31.5100,76.1600,0.000060
_1480_,VGND,li1,27.8300,76.1600,0.000046
_1479_,VGND,li1,22.7700,70.7200,0.000035
_1478_,VGND,li1,18.1700,87.0400,0.000056
_1477_,VGND,li1,17.2500,87.0400,0.000056
_1476_,VGND,li1,14.2600,81.6000,0.000049
_1475_,VGND,li1,41.6300,76.1600,0.000088
_1474_,VGND,li1,74.5200,81.6000,0.000175
_1473_,VGND,li1,69.9200,81.6000,0.000163
_1472_,VGND,li1,66.0100,65.2800,0.000185
_1471_,VGND,li1,66.9300,87.0400,0.000198
_1470_,VGND,li1,52.6700,87.0400,0.000153
_1469_,VGND,li1,49.4500,92.4800,0.000117
_1468_,VGND,li1,37.9500,81.6000,0.000079
_1467_,VGND,li1,36.3400,76.1600,0.000071
_1466_,VGND,li1,26.9100,76.1600,0.000046
_1465_,VGND,li1,27.8300,81.6000,0.000051
_1464_,VGND,li1,17.2500,76.1600,0.000046
_1463_,VGND,li1,12.1900,70.7200,0.000040
_1462_,VGND,li1,15.1800,70.7200,0.000039
_1461_,VGND,li1,33.3500,65.2800,0.000075
_1460_,VGND,li1,34.2700,70.7200,0.000060
_1459_,VGND,li1,58.6500,65.2800,0.000163
_1458_,VGND,li1,61.4100,70.7200,0.000126
_1457_,VGND,li1,62.3300,76.1600,0.000145
_1456_,VGND,li1,53.5900,76.1600,0.000119
_1455_,VGND,li1,52.2100,81.6000,0.000121
_1454_,VGND,li1,38.1800,70.7200,0.000068
_1453_,VGND,li1,32.2000,70.7200,0.000054
_1452_,VGND,li1,41.1700,70.7200,0.000075
_1451_,VGND,li1,24.8400,65.2800,0.000043
_1450_,VGND,li1,28.7500,65.2800,0.000058
_1449_,VGND,li1,24.6100,65.2800,0.000043
_1448_,VGND,li1,12.1900,65.2800,0.000046
_1447_,VGND,li1,16.7900,65.2800,0.000045
_1446_,VGND,li1,14.4900,59.8400,0.000053
_1445_,VGND,li1,24.1500,54.4000,0.000050
_1444_,VGND,li1,27.1400,59.8400,0.000055
_1443_,VGND,li1,22.3100,59.8400,0.000049
_1442_,VGND,li1,24.6100,59.8400,0.000048
_1441_,VGND,li1,31.0500,59.8400,0.000070
_1440_,VGND,li1,28.2900,59.8400,0.000063
_1439_,VGND,li1,28.7500,54.4000,0.000062
_1438_,VGND,li1,42.0900,59.8400,0.000110
_1437_,VGND,li1,41.1700,65.2800,0.000103
_1436_,VGND,li1,37.9500,59.8400,0.000095
_1435_,VGND,li1,81.8800,70.7200,0.000168
_1434_,VGND,li1,80.5000,76.1600,0.000186
_1433_,VGND,li1,76.5900,76.1600,0.000178
_1432_,VGND,li1,48.7600,70.7200,0.000098
_1431_,VGND,li1,52.2100,81.6000,0.000121
_1430_,VGND,li1,80.2700,76.1600,0.000183
_1429_,VGND,li1,15.6400,54.4000,0.000055
_1428_,VGND,li1,14.9500,48.9600,0.000039
_1427_,VGND,li1,16.7900,59.8400,0.000052
_1426_,VGND,li1,12.1900,48.9600,0.000040
_1425_,VGND,li1,26.9100,48.9600,0.000045
_1424_,VGND,li1,60.4900,81.6000,0.000139
_1423_,VGND,li1,59.3400,81.6000,0.000139
_1422_,VGND,li1,63.4800,81.6000,0.000149
_1421_,VGND,li1,42.5500,54.4000,0.000113
_1420_,VGND,li1,46.2300,54.4000,0.000128
_1419_,VGND,li1,63.7100,92.4800,0.000153
_1418_,VGND,li1,56.1200,97.9200,0.000112
_1417_,VGND,li1,84.4100,130.5600,0.000133
_1416_,VGND,li1,80.9600,108.8000,0.000091
_1415_,VGND,li1,61.8700,87.0400,0.000185
_1414_,VGND,li1,54.5100,76.1600,0.000126
_1413_,VGND,li1,49.4500,76.1600,0.000113
_1412_,VGND,li1,31.7400,48.9600,0.000056
_1411_,VGND,li1,29.6700,54.4000,0.000062
_1410_,VGND,li1,37.7200,38.0800,0.000092
_1409_,VGND,li1,37.9500,43.5200,0.000081
_1408_,VGND,li1,35.1900,43.5200,0.000073
_1407_,VGND,li1,53.8200,38.0800,0.000145
_1406_,VGND,li1,39.7900,32.6400,0.000082
_1405_,VGND,li1,22.7700,48.9600,0.000039
_1404_,VGND,li1,21.3900,43.5200,0.000042
_1403_,VGND,li1,20.4700,54.4000,0.000052
_1402_,VGND,li1,25.0700,43.5200,0.000041
_1401_,VGND,li1,47.1500,48.9600,0.000114
_1400_,VGND,li1,71.9900,59.8400,0.000211
_1399_,VGND,li1,69.2300,65.2800,0.000190
_1398_,VGND,li1,61.6400,65.2800,0.000172
_1397_,VGND,li1,64.4000,59.8400,0.000191
_1396_,VGND,li1,52.4400,59.8400,0.000152
_1395_,VGND,li1,73.8300,108.8000,0.000084
_1394_,VGND,li1,38.1800,54.4000,0.000095
_1393_,VGND,li1,40.2500,48.9600,0.000091
_1392_,VGND,li1,97.9800,130.5600,0.000147
_1391_,VGND,li1,78.2000,65.2800,0.000216
_1390_,VGND,li1,46.2300,43.5200,0.000107
_1389_,VGND,li1,49.2200,43.5200,0.000114
_1388_,VGND,li1,23.6900,43.5200,0.000041
_1387_,VGND,li1,25.0700,38.0800,0.000043
_1386_,VGND,li1,53.5900,38.0800,0.000145
_1385_,VGND,li1,53.3600,43.5200,0.000127
_1384_,VGND,li1,55.4300,48.9600,0.000141
_1383_,VGND,li1,54.9700,43.5200,0.000127
_1382_,VGND,li1,40.0200,43.5200,0.000091
_1381_,VGND,li1,124.8900,108.8000,0.000119
_1380_,VGND,li1,124.8900,103.3600,0.000135
_1379_,VGND,li1,125.3500,108.8000,0.000119
_1378_,VGND,li1,61.4100,103.3600,0.000089
_1377_,VGND,li1,64.1700,76.1600,0.000150
_1376_,VGND,li1,55.4300,70.7200,0.000114
_1375_,VGND,li1,54.9700,65.2800,0.000147
_1374_,VGND,li1,58.6500,43.5200,0.000138
_1373_,VGND,li1,79.1200,65.2800,0.000216
_1372_,VGND,li1,45.3100,38.0800,0.000118
_1371_,VGND,li1,46.2300,38.0800,0.000118
_1370_,VGND,li1,40.7100,27.2000,0.000081
_1369_,VGND,li1,28.2900,38.0800,0.000053
_1368_,VGND,li1,27.8300,21.7600,0.000056
_1367_,VGND,li1,43.7000,16.3200,0.000111
_1366_,VGND,li1,80.2700,87.0400,0.000241
_1365_,VGND,li1,79.3500,87.0400,0.000241
_1364_,VGND,li1,36.3400,27.2000,0.000066
_1363_,VGND,li1,29.6700,27.2000,0.000049
_1362_,VGND,li1,99.5900,108.8000,0.000106
_1361_,VGND,li1,102.8100,108.8000,0.000109
_1360_,VGND,li1,85.7900,92.4800,0.000206
_1359_,VGND,li1,87.1700,81.6000,0.000205
_1358_,VGND,li1,75.9000,59.8400,0.000217
_1357_,VGND,li1,88.3200,87.0400,0.000263
_1356_,VGND,li1,45.0800,27.2000,0.000091
_1355_,VGND,li1,42.5500,32.6400,0.000090
_1354_,VGND,li1,39.3300,27.2000,0.000073
_1353_,VGND,li1,46.2300,21.7600,0.000122
_1352_,VGND,li1,43.0100,21.7600,0.000110
_1351_,VGND,li1,40.9400,21.7600,0.000100
_1350_,VGND,li1,37.9500,21.7600,0.000094
_1349_,VGND,li1,46.2300,21.7600,0.000122
_1348_,VGND,li1,48.9900,27.2000,0.000103
_1347_,VGND,li1,55.2000,32.6400,0.000124
_1346_,VGND,li1,56.8100,32.6400,0.000124
_1345_,VGND,li1,54.0500,27.2000,0.000115
_1344_,VGND,li1,76.3600,103.3600,0.000105
_1343_,VGND,li1,72.2200,54.4000,0.000211
_1342_,VGND,li1,108.7900,103.3600,0.000129
_1341_,VGND,li1,117.5300,103.3600,0.000133
_1340_,VGND,li1,77.5100,92.4800,0.000189
_1339_,VGND,li1,77.5100,81.6000,0.000184
_1338_,VGND,li1,72.6800,48.9600,0.000187
_1337_,VGND,li1,59.5700,59.8400,0.000174
_1336_,VGND,li1,46.9200,32.6400,0.000101
_1335_,VGND,li1,42.5500,27.2000,0.000086
_1334_,VGND,li1,53.1300,32.6400,0.000115
_1333_,VGND,li1,59.5700,32.6400,0.000136
_1332_,VGND,li1,68.0800,27.2000,0.000145
_1331_,VGND,li1,68.3100,21.7600,0.000188
_1330_,VGND,li1,72.2200,10.8800,0.000159
_1329_,VGND,li1,49.2200,21.7600,0.000131
_1328_,VGND,li1,47.8400,16.3200,0.000124
_1327_,VGND,li1,46.6900,16.3200,0.000118
_1326_,VGND,li1,52.2100,21.7600,0.000136
_1325_,VGND,li1,63.9400,38.0800,0.000174
_1324_,VGND,li1,63.9400,48.9600,0.000167
_1323_,VGND,li1,63.0200,48.9600,0.000161
_1322_,VGND,li1,64.6300,43.5200,0.000156
_1321_,VGND,li1,67.3900,43.5200,0.000161
_1320_,VGND,li1,64.6300,43.5200,0.000156
_1319_,VGND,li1,64.6300,59.8400,0.000191
_1318_,VGND,li1,69.2300,59.8400,0.000200
_1317_,VGND,li1,73.6000,43.5200,0.000178
_1316_,VGND,li1,61.1800,54.4000,0.000177
_1315_,VGND,li1,66.0100,103.3600,0.000094
_1314_,VGND,li1,111.3200,103.3600,0.000130
_1313_,VGND,li1,109.9400,97.9200,0.000189
_1312_,VGND,li1,66.0100,38.0800,0.000183
_1311_,VGND,li1,67.3900,32.6400,0.000155
_1310_,VGND,li1,67.3900,32.6400,0.000155
_1309_,VGND,li1,62.3300,27.2000,0.000134
_1308_,VGND,li1,65.0900,21.7600,0.000179
_1307_,VGND,li1,73.6000,21.7600,0.000201
_1306_,VGND,li1,74.0600,27.2000,0.000154
_1305_,VGND,li1,71.0700,38.0800,0.000194
_1304_,VGND,li1,68.0800,103.3600,0.000096
_1303_,VGND,li1,77.2800,38.0800,0.000213
_1302_,VGND,li1,75.2100,38.0800,0.000208
_1301_,VGND,li1,67.8500,70.7200,0.000141
_1300_,VGND,li1,73.8300,70.7200,0.000150
_1299_,VGND,li1,79.1200,43.5200,0.000187
_1298_,VGND,li1,86.0200,65.2800,0.000234
_1297_,VGND,li1,86.7100,108.8000,0.000098
_1296_,VGND,li1,69.2300,27.2000,0.000145
_1295_,VGND,li1,73.1400,27.2000,0.000154
_1294_,VGND,li1,76.5900,27.2000,0.000159
_1293_,VGND,li1,76.5900,21.7600,0.000208
_1292_,VGND,li1,73.1400,21.7600,0.000201
_1291_,VGND,li1,86.2500,21.7600,0.000228
_1290_,VGND,li1,80.0400,27.2000,0.000164
_1289_,VGND,li1,63.2500,32.6400,0.000143
_1288_,VGND,li1,62.3300,27.2000,0.000134
_1287_,VGND,li1,86.4800,27.2000,0.000173
_1286_,VGND,li1,81.4200,32.6400,0.000187
_1285_,VGND,li1,81.8800,92.4800,0.000195
_1284_,VGND,li1,84.6400,32.6400,0.000192
_1283_,VGND,li1,80.2700,27.2000,0.000164
_1282_,VGND,li1,80.7300,81.6000,0.000190
_1281_,VGND,li1,87.6300,76.1600,0.000199
_1280_,VGND,li1,85.1000,38.0800,0.000232
_1279_,VGND,li1,86.7100,76.1600,0.000199
_1278_,VGND,li1,81.1900,97.9200,0.000159
_1277_,VGND,li1,101.8900,103.3600,0.000125
_1276_,VGND,li1,105.1100,103.3600,0.000126
_1275_,VGND,li1,126.0400,103.3600,0.000135
_1274_,VGND,li1,87.8600,16.3200,0.000203
_1273_,VGND,li1,87.6300,21.7600,0.000228
_1272_,VGND,li1,92.0000,16.3200,0.000207
_1271_,VGND,li1,93.1500,27.2000,0.000181
_1270_,VGND,li1,97.7500,38.0800,0.000258
_1269_,VGND,li1,99.1300,70.7200,0.000196
_1268_,VGND,li1,101.8900,81.6000,0.000229
_1267_,VGND,li1,97.9800,81.6000,0.000223
_1266_,VGND,li1,94.5300,81.6000,0.000216
_1265_,VGND,li1,98.2100,81.6000,0.000223
_1264_,VGND,li1,96.6000,43.5200,0.000227
_1263_,VGND,li1,96.1400,27.2000,0.000184
_1262_,VGND,li1,98.4400,27.2000,0.000187
_1261_,VGND,li1,97.7500,87.0400,0.000290
_1260_,VGND,li1,105.1100,92.4800,0.000237
_1259_,VGND,li1,91.3100,32.6400,0.000204
_1258_,VGND,li1,87.6300,32.6400,0.000199
_1257_,VGND,li1,125.1200,38.0800,0.000299
_1256_,VGND,li1,126.0400,38.0800,0.000299
_1255_,VGND,li1,103.2700,27.2000,0.000190
_1254_,VGND,li1,121.6700,38.0800,0.000294
_1253_,VGND,li1,92.9200,27.2000,0.000181
_1252_,VGND,li1,95.9100,21.7600,0.000242
_1251_,VGND,li1,92.0000,21.7600,0.000237
_1250_,VGND,li1,100.5100,38.0800,0.000261
_1249_,VGND,li1,97.0600,38.0800,0.000254
_1248_,VGND,li1,90.3900,108.8000,0.000100
_1247_,VGND,li1,88.5500,103.3600,0.000115
_1246_,VGND,li1,118.4500,103.3600,0.000133
_1245_,VGND,li1,96.1400,108.8000,0.000105
_1244_,VGND,li1,107.1800,108.8000,0.000112
_1243_,VGND,li1,92.2300,108.8000,0.000102
_1242_,VGND,li1,95.2200,54.4000,0.000273
_1241_,VGND,li1,98.2100,59.8400,0.000270
_1240_,VGND,li1,105.3400,43.5200,0.000240
_1239_,VGND,li1,104.6500,27.2000,0.000192
_1238_,VGND,li1,102.8100,32.6400,0.000228
_1237_,VGND,li1,91.0800,54.4000,0.000264
_1236_,VGND,li1,110.6300,32.6400,0.000242
_1235_,VGND,li1,113.3900,27.2000,0.000198
_1234_,VGND,li1,113.3900,32.6400,0.000245
_1233_,VGND,li1,105.8000,38.0800,0.000270
_1232_,VGND,li1,106.4900,32.6400,0.000235
_1231_,VGND,li1,118.6800,21.7600,0.000265
_1230_,VGND,li1,120.5200,32.6400,0.000257
_1229_,VGND,li1,113.1600,43.5200,0.000248
_1228_,VGND,li1,116.3800,114.2400,0.000226
_1227_,VGND,li1,119.8300,108.8000,0.000118
_1226_,VGND,li1,126.9600,114.2400,0.000234
_1225_,VGND,li1,124.6600,114.2400,0.000233
_1224_,VGND,li1,129.4900,114.2400,0.000235
_1223_,VGND,li1,122.3600,114.2400,0.000231
_1222_,VGND,li1,113.1600,59.8400,0.000296
_1221_,VGND,li1,110.6300,76.1600,0.000235
_1220_,VGND,li1,113.3900,76.1600,0.000238
_1219_,VGND,li1,109.4800,54.4000,0.000301
_1218_,VGND,li1,116.6100,38.0800,0.000287
_1217_,VGND,li1,111.5500,38.0800,0.000280
_1216_,VGND,li1,89.7000,59.8400,0.000253
_1215_,VGND,li1,123.7400,27.2000,0.000203
_1214_,VGND,li1,121.6700,27.2000,0.000203
_1213_,VGND,li1,123.9700,21.7600,0.000267
_1212_,VGND,li1,130.4100,38.0800,0.000304
_1211_,VGND,li1,128.5700,32.6400,0.000268
_1210_,VGND,li1,140.0700,48.9600,0.000314
_1209_,VGND,li1,146.2800,43.5200,0.000275
_1208_,VGND,li1,138.6900,38.0800,0.000310
_1207_,VGND,li1,132.2500,43.5200,0.000269
_1206_,VGND,li1,98.9000,76.1600,0.000217
_1205_,VGND,li1,92.9200,76.1600,0.000209
_1204_,VGND,li1,123.9700,48.9600,0.000296
_1203_,VGND,li1,123.7400,43.5200,0.000261
_1202_,VGND,li1,126.0400,43.5200,0.000264
_1201_,VGND,li1,88.5500,92.4800,0.000211
_1200_,VGND,li1,124.2000,87.0400,0.000337
_1199_,VGND,li1,117.3000,59.8400,0.000300
_1198_,VGND,li1,97.9800,97.9200,0.000178
_1197_,VGND,li1,94.9900,97.9200,0.000176
_1196_,VGND,li1,98.6700,103.3600,0.000123
_1195_,VGND,li1,102.8100,114.2400,0.000212
_1194_,VGND,li1,91.0800,97.9200,0.000171
_1193_,VGND,li1,88.0900,97.9200,0.000168
_1192_,VGND,li1,136.8500,43.5200,0.000272
_1191_,VGND,li1,129.4900,43.5200,0.000266
_1190_,VGND,li1,136.3900,48.9600,0.000311
_1189_,VGND,li1,119.6000,54.4000,0.000317
_1188_,VGND,li1,116.3800,48.9600,0.000284
_1187_,VGND,li1,109.0200,48.9600,0.000272
_1186_,VGND,li1,123.9700,54.4000,0.000324
_1185_,VGND,li1,127.4200,54.4000,0.000328
_1184_,VGND,li1,131.3300,48.9600,0.000306
_1183_,VGND,li1,128.5700,87.0400,0.000342
_1182_,VGND,li1,126.0400,65.2800,0.000298
_1181_,VGND,li1,116.6100,43.5200,0.000254
_1180_,VGND,li1,118.2200,92.4800,0.000250
_1179_,VGND,li1,120.2900,97.9200,0.000194
_1178_,VGND,li1,124.4300,97.9200,0.000196
_1177_,VGND,li1,119.8300,97.9200,0.000194
_1176_,VGND,li1,117.5300,97.9200,0.000193
_1175_,VGND,li1,115.6900,103.3600,0.000132
_1174_,VGND,li1,106.7200,92.4800,0.000237
_1173_,VGND,li1,131.5600,38.0800,0.000306
_1172_,VGND,li1,134.5500,48.9600,0.000309
_1171_,VGND,li1,133.4000,65.2800,0.000303
_1170_,VGND,li1,130.4100,54.4000,0.000332
_1169_,VGND,li1,131.1000,59.8400,0.000320
_1168_,VGND,li1,124.8900,59.8400,0.000312
_1167_,VGND,li1,132.0200,65.2800,0.000303
_1166_,VGND,li1,61.8700,59.8400,0.000183
_1165_,VGND,li1,122.5900,59.8400,0.000307
_1164_,VGND,li1,122.3600,70.7200,0.000226
_1163_,VGND,li1,100.2800,54.4000,0.000283
_1162_,VGND,li1,100.0500,54.4000,0.000283
_1161_,VGND,li1,99.5900,65.2800,0.000260
_1160_,VGND,li1,87.8600,43.5200,0.000209
_1159_,VGND,li1,89.0100,54.4000,0.000259
_1158_,VGND,li1,55.6600,48.9600,0.000141
_1157_,VGND,li1,47.3800,65.2800,0.000125
_1156_,VGND,li1,140.3000,59.8400,0.000327
_1155_,VGND,li1,141.4500,65.2800,0.000308
_1154_,VGND,li1,129.0300,59.8400,0.000317
_1153_,VGND,li1,136.3900,59.8400,0.000324
_1152_,VGND,li1,136.3900,54.4000,0.000339
_1151_,VGND,li1,138.2300,65.2800,0.000306
_1150_,VGND,li1,112.2400,97.9200,0.000190
_1149_,VGND,li1,112.0100,92.4800,0.000245
_1148_,VGND,li1,112.7000,108.8000,0.000114
_1147_,VGND,li1,112.2400,92.4800,0.000245
_1146_,VGND,li1,113.1600,97.9200,0.000190
_1145_,VGND,li1,106.9500,114.2400,0.000216
_1144_,VGND,li1,92.0000,92.4800,0.000216
_1143_,VGND,li1,45.0800,97.9200,0.000084
_1142_,VGND,li1,52.9000,125.1200,0.000120
_1141_,VGND,li1,128.3400,65.2800,0.000300
_1140_,VGND,li1,139.1500,76.1600,0.000258
_1139_,VGND,li1,131.3300,76.1600,0.000254
_1138_,VGND,li1,130.4100,76.1600,0.000254
_1137_,VGND,li1,111.0900,76.1600,0.000235
_1136_,VGND,li1,114.3100,76.1600,0.000238
_1135_,VGND,li1,118.4500,76.1600,0.000243
_1134_,VGND,li1,117.9900,76.1600,0.000243
_1133_,VGND,li1,130.8700,81.6000,0.000259
_1132_,VGND,li1,135.9300,76.1600,0.000257
_1131_,VGND,li1,142.8300,70.7200,0.000238
_1130_,VGND,li1,137.7700,76.1600,0.000258
_1129_,VGND,li1,135.7000,87.0400,0.000346
_1128_,VGND,li1,94.7600,65.2800,0.000252
_1127_,VGND,li1,94.0700,65.2800,0.000252
_1126_,VGND,li1,106.0300,65.2800,0.000273
_1125_,VGND,li1,91.0800,48.9600,0.000237
_1124_,VGND,li1,87.1700,59.8400,0.000247
_1123_,VGND,li1,81.4200,54.4000,0.000238
_1122_,VGND,li1,52.9000,59.8400,0.000152
_1121_,VGND,li1,86.9400,70.7200,0.000178
_1120_,VGND,li1,86.7100,70.7200,0.000178
_1119_,VGND,li1,133.6300,108.8000,0.000121
_1118_,VGND,li1,130.1800,108.8000,0.000120
_1117_,VGND,li1,129.0300,97.9200,0.000197
_1116_,VGND,li1,135.7000,103.3600,0.000136
_1115_,VGND,li1,90.1600,125.1200,0.000193
_1114_,VGND,li1,89.7000,65.2800,0.000243
_1113_,VGND,li1,45.5400,87.0400,0.000128
_1112_,VGND,li1,48.7600,114.2400,0.000103
_1111_,VGND,li1,112.9300,108.8000,0.000115
_1110_,VGND,li1,123.7400,76.1600,0.000248
_1109_,VGND,li1,137.0800,87.0400,0.000347
_1108_,VGND,li1,135.9300,92.4800,0.000260
_1107_,VGND,li1,126.0400,92.4800,0.000255
_1106_,VGND,li1,129.2600,92.4800,0.000257
_1105_,VGND,li1,136.3900,97.9200,0.000198
_1104_,VGND,li1,135.9300,130.5600,0.000173
_1103_,VGND,li1,133.1700,130.5600,0.000172
_1102_,VGND,li1,132.7100,92.4800,0.000259
_1101_,VGND,li1,145.1300,87.0400,0.000350
_1100_,VGND,li1,135.9300,119.6800,0.000170
_1099_,VGND,li1,136.1600,114.2400,0.000236
_1098_,VGND,li1,132.2500,87.0400,0.000343
_1097_,VGND,li1,129.0300,81.6000,0.000257
_1096_,VGND,li1,103.5000,76.1600,0.000225
_1095_,VGND,li1,100.0500,70.7200,0.000199
_1094_,VGND,li1,103.7300,70.7200,0.000203
_1093_,VGND,li1,106.0300,70.7200,0.000207
_1092_,VGND,li1,116.1500,70.7200,0.000220
_1091_,VGND,li1,100.2800,48.9600,0.000256
_1090_,VGND,li1,102.8100,59.8400,0.000278
_1089_,VGND,li1,90.1600,70.7200,0.000183
_1088_,VGND,li1,76.8200,48.9600,0.000203
_1087_,VGND,li1,50.6000,70.7200,0.000103
_1086_,VGND,li1,100.7400,92.4800,0.000231
_1085_,VGND,li1,100.7400,92.4800,0.000231
_1084_,VGND,li1,102.3500,97.9200,0.000183
_1083_,VGND,li1,105.1100,108.8000,0.000111
_1082_,VGND,li1,129.0300,103.3600,0.000135
_1081_,VGND,li1,110.6300,114.2400,0.000221
_1080_,VGND,li1,115.6900,108.8000,0.000116
_1079_,VGND,li1,104.8800,87.0400,0.000307
_1078_,VGND,li1,105.3400,119.6800,0.000159
_1077_,VGND,li1,120.2900,103.3600,0.000134
_1076_,VGND,li1,110.6300,125.1200,0.000215
_1075_,VGND,li1,103.9600,119.6800,0.000159
_1074_,VGND,li1,78.4300,125.1200,0.000172
_1073_,VGND,li1,105.5700,125.1200,0.000210
_1072_,VGND,li1,92.0000,81.6000,0.000212
_1071_,VGND,li1,45.0800,81.6000,0.000101
_1070_,VGND,li1,46.0000,108.8000,0.000053
_1069_,VGND,li1,123.9700,125.1200,0.000223
_1068_,VGND,li1,116.3800,136.0000,0.000166
_1067_,VGND,li1,116.8400,136.0000,0.000166
_1066_,VGND,li1,118.4500,130.5600,0.000165
_1065_,VGND,li1,104.6500,146.8800,0.000177
_1064_,VGND,li1,48.0700,146.8800,0.000101
_1063_,VGND,li1,48.7600,146.8800,0.000101
_1062_,VGND,li1,42.5500,141.4400,0.000093
_1061_,VGND,li1,32.4300,141.4400,0.000059
_1060_,VGND,li1,33.8100,136.0000,0.000046
_1059_,VGND,li1,32.8900,136.0000,0.000046
_1058_,VGND,li1,35.1900,136.0000,0.000052
_1057_,VGND,li1,31.0500,141.4400,0.000053
_1056_,VGND,li1,23.6900,130.5600,0.000028
_1055_,VGND,li1,11.2700,70.7200,0.000040
_1054_,VGND,li1,12.1900,54.4000,0.000056
_1053_,VGND,li1,12.4200,54.4000,0.000056
_1052_,VGND,li1,12.1900,65.2800,0.000046
_1051_,VGND,li1,16.3300,76.1600,0.000046
_1050_,VGND,li1,17.0200,65.2800,0.000045
_1049_,VGND,li1,20.0100,70.7200,0.000037
_1048_,VGND,li1,23.2300,76.1600,0.000042
_1047_,VGND,li1,20.7000,76.1600,0.000044
_1046_,VGND,li1,20.0100,81.6000,0.000045
_1045_,VGND,li1,17.2500,81.6000,0.000047
_1044_,VGND,li1,20.9300,81.6000,0.000045
_1043_,VGND,li1,23.9200,70.7200,0.000035
_1042_,VGND,li1,21.3900,70.7200,0.000037
_1041_,VGND,li1,19.0900,70.7200,0.000038
_1040_,VGND,li1,20.4700,59.8400,0.000050
_1039_,VGND,li1,23.2300,54.4000,0.000050
_1038_,VGND,li1,20.2400,54.4000,0.000052
_1037_,VGND,li1,16.3300,54.4000,0.000054
_1036_,VGND,li1,19.5500,59.8400,0.000052
_1035_,VGND,li1,36.5700,59.8400,0.000095
_1034_,VGND,li1,34.2700,59.8400,0.000086
_1033_,VGND,li1,38.8700,59.8400,0.000103
_1032_,VGND,li1,27.6000,32.6400,0.000042
_1031_,VGND,li1,28.2900,27.2000,0.000043
_1030_,VGND,li1,25.5300,27.2000,0.000037
_1029_,VGND,li1,25.5300,48.9600,0.000039
_1028_,VGND,li1,31.5100,16.3200,0.000065
_1027_,VGND,li1,33.3500,21.7600,0.000074
_1026_,VGND,li1,38.4100,16.3200,0.000094
_1025_,VGND,li1,51.2900,16.3200,0.000132
_1024_,VGND,li1,55.4300,21.7600,0.000149
_1023_,VGND,li1,60.0300,21.7600,0.000165
_1022_,VGND,li1,78.8900,21.7600,0.000214
_1021_,VGND,li1,82.1100,16.3200,0.000195
_1020_,VGND,li1,88.0900,16.3200,0.000203
_1019_,VGND,li1,81.1900,21.7600,0.000218
_1018_,VGND,li1,65.0900,21.7600,0.000179
_1017_,VGND,li1,54.7400,21.7600,0.000149
_1016_,VGND,li1,61.1800,21.7600,0.000165
_1015_,VGND,li1,98.2100,21.7600,0.000247
_1014_,VGND,li1,89.9300,27.2000,0.000175
_1013_,VGND,li1,83.4900,21.7600,0.000222
_1012_,VGND,li1,78.4300,32.6400,0.000179
_1011_,VGND,li1,80.9600,32.6400,0.000183
_1010_,VGND,li1,71.9900,16.3200,0.000182
_1009_,VGND,li1,74.2900,16.3200,0.000185
_1008_,VGND,li1,57.9600,27.2000,0.000125
_1007_,VGND,li1,78.4300,38.0800,0.000213
_1006_,VGND,li1,71.5300,32.6400,0.000165
_1005_,VGND,li1,76.5900,32.6400,0.000173
_1004_,VGND,li1,60.9500,16.3200,0.000158
_1003_,VGND,li1,36.1100,32.6400,0.000069
_1002_,VGND,li1,38.4100,48.9600,0.000083
_1001_,VGND,li1,35.4200,32.6400,0.000069
_1000_,VGND,li1,37.0300,38.0800,0.000084
_0999_,VGND,li1,32.8900,43.5200,0.000067
_0998_,VGND,li1,29.6700,43.5200,0.000059
_0997_,VGND,li1,28.2900,48.9600,0.000045
_0996_,VGND,li1,37.9500,21.7600,0.000094
_0995_,VGND,li1,56.5800,16.3200,0.000144
_0994_,VGND,li1,50.8300,16.3200,0.000132
_0993_,VGND,li1,48.0700,10.8800,0.000104
_0992_,VGND,li1,36.8000,16.3200,0.000084
_0991_,VGND,li1,32.4300,21.7600,0.000074
_0990_,VGND,li1,107.8700,21.7600,0.000257
_0989_,VGND,li1,118.4500,27.2000,0.000201
_0988_,VGND,li1,110.6300,16.3200,0.000217
_0987_,VGND,li1,141.4500,32.6400,0.000282
_0986_,VGND,li1,145.5900,38.0800,0.000312
_0985_,VGND,li1,140.9900,27.2000,0.000207
_0984_,VGND,li1,106.4900,21.7600,0.000257
_0983_,VGND,li1,114.3100,27.2000,0.000198
_0982_,VGND,li1,118.9100,38.0800,0.000290
_0981_,VGND,li1,115.9200,21.7600,0.000264
_0980_,VGND,li1,113.8500,38.0800,0.000284
_0979_,VGND,li1,111.0900,32.6400,0.000242
_0978_,VGND,li1,104.1900,21.7600,0.000253
_0977_,VGND,li1,105.3400,32.6400,0.000231
_0976_,VGND,li1,102.8100,21.7600,0.000253
_0975_,VGND,li1,101.4300,16.3200,0.000214
_0974_,VGND,li1,99.5900,21.7600,0.000247
_0973_,VGND,li1,119.8300,27.2000,0.000201
_0972_,VGND,li1,119.8300,32.6400,0.000254
_0971_,VGND,li1,129.4900,48.9600,0.000304
_0970_,VGND,li1,123.9700,48.9600,0.000296
_0969_,VGND,li1,130.8700,43.5200,0.000269
_0968_,VGND,li1,140.3000,70.7200,0.000237
_0967_,VGND,li1,145.1300,65.2800,0.000308
_0966_,VGND,li1,145.1300,70.7200,0.000238
_0965_,VGND,li1,136.3900,59.8400,0.000324
_0964_,VGND,li1,137.3100,81.6000,0.000264
_0963_,VGND,li1,130.6400,70.7200,0.000233
_0962_,VGND,li1,128.5700,76.1600,0.000252
_0961_,VGND,li1,129.4900,70.7200,0.000233
_0960_,VGND,li1,143.9800,81.6000,0.000266
_0959_,VGND,li1,145.5900,76.1600,0.000260
_0958_,VGND,li1,142.1400,92.4800,0.000263
_0957_,VGND,li1,135.9300,81.6000,0.000263
_0956_,VGND,li1,141.9100,97.9200,0.000199
_0955_,VGND,li1,145.1300,59.8400,0.000328
_0954_,VGND,li1,124.8900,59.8400,0.000312
_0953_,VGND,li1,135.9300,70.7200,0.000236
_0952_,VGND,li1,139.8400,32.6400,0.000281
_0951_,VGND,li1,130.8700,32.6400,0.000271
_0950_,VGND,li1,133.1700,32.6400,0.000274
_0949_,VGND,li1,22.3100,125.1200,0.000042
_0948_,VGND,li1,15.4100,125.1200,0.000048
_0947_,VGND,li1,8.9700,136.0000,0.000027
_0946_,VGND,li1,12.1900,130.5600,0.000031
_0945_,VGND,li1,17.2500,108.8000,0.000026
_0944_,VGND,li1,8.5100,92.4800,0.000051
_0943_,VGND,li1,12.6500,92.4800,0.000050
_0942_,VGND,li1,12.1900,103.3600,0.000028
_0941_,VGND,li1,12.1900,125.1200,0.000048
_0940_,VGND,li1,20.2400,103.3600,0.000026
_0939_,VGND,li1,34.2700,119.6800,0.000059
_0938_,VGND,li1,27.8300,125.1200,0.000048
_0937_,VGND,li1,32.4300,119.6800,0.000054
_0936_,VGND,li1,30.1300,125.1200,0.000057
_0935_,VGND,li1,18.6300,114.2400,0.000049
_0934_,VGND,li1,20.0100,114.2400,0.000049
_0933_,VGND,li1,8.5100,108.8000,0.000028
_0932_,VGND,li1,16.7900,92.4800,0.000047
_0931_,VGND,li1,13.1100,97.9200,0.000040
_0930_,VGND,li1,33.3500,97.9200,0.000057
_0929_,VGND,li1,30.1300,103.3600,0.000035
_0928_,VGND,li1,9.8900,103.3600,0.000029
_0927_,VGND,li1,27.8300,103.3600,0.000031
_0926_,VGND,li1,39.3300,103.3600,0.000052
_0925_,VGND,li1,47.6100,141.4400,0.000104
_0924_,VGND,li1,52.2100,141.4400,0.000117
_0923_,VGND,li1,36.5700,152.3200,0.000118
_0922_,VGND,li1,37.0300,141.4400,0.000076
_0921_,VGND,li1,34.7300,141.4400,0.000069
_0920_,VGND,li1,43.0100,125.1200,0.000094
_0919_,VGND,li1,48.9900,125.1200,0.000110
_0918_,VGND,li1,46.2300,141.4400,0.000104
_0917_,VGND,li1,46.4600,125.1200,0.000099
_0916_,VGND,li1,45.3100,141.4400,0.000098
_0915_,VGND,li1,58.8800,136.0000,0.000101
_0914_,VGND,li1,55.8900,136.0000,0.000095
_0913_,VGND,li1,58.6500,141.4400,0.000132
_0912_,VGND,li1,61.8700,141.4400,0.000143
_0911_,VGND,li1,69.6900,136.0000,0.000123
_0910_,VGND,li1,64.4000,136.0000,0.000113
_0909_,VGND,li1,65.5500,136.0000,0.000113
_0908_,VGND,li1,61.8700,136.0000,0.000108
_0907_,VGND,li1,97.2900,141.4400,0.000189
_0906_,VGND,li1,84.4100,136.0000,0.000144
_0905_,VGND,li1,88.0900,136.0000,0.000148
_0904_,VGND,li1,88.0900,141.4400,0.000182
_0903_,VGND,li1,85.5600,136.0000,0.000144
_0902_,VGND,li1,111.5500,146.8800,0.000177
_0901_,VGND,li1,110.1700,146.8800,0.000177
_0900_,VGND,li1,92.6900,146.8800,0.000172
_0899_,VGND,li1,88.5500,146.8800,0.000168
_0898_,VGND,li1,84.8700,146.8800,0.000167
_0897_,VGND,li1,94.3000,136.0000,0.000153
_0896_,VGND,li1,94.5300,130.5600,0.000143
_0895_,VGND,li1,97.2900,136.0000,0.000155
_0894_,VGND,li1,96.8300,136.0000,0.000155
_0893_,VGND,li1,99.5900,136.0000,0.000157
_0892_,VGND,li1,107.1800,141.4400,0.000194
_0891_,VGND,li1,110.1700,141.4400,0.000195
_0890_,VGND,li1,108.3300,136.0000,0.000162
_0889_,VGND,li1,111.0900,152.3200,0.000328
_0888_,VGND,li1,115.0000,141.4400,0.000196
_0887_,VGND,li1,114.7700,141.4400,0.000196
_0886_,VGND,li1,112.4700,141.4400,0.000195
_0885_,VGND,li1,117.5300,141.4400,0.000196
_0884_,VGND,li1,115.9200,87.0400,0.000327
_0883_,VGND,li1,123.9700,81.6000,0.000253
_0882_,VGND,li1,122.1300,81.6000,0.000249
_0881_,VGND,li1,119.3700,54.4000,0.000317
_0880_,VGND,li1,59.5700,97.9200,0.000121
_0879_,VGND,li1,116.1500,130.5600,0.000163
_0878_,VGND,li1,118.9100,130.5600,0.000165
_0877_,VGND,li1,119.1400,119.6800,0.000166
_0876_,VGND,li1,118.4500,81.6000,0.000247
_0875_,VGND,li1,132.7100,125.1200,0.000229
_0874_,VGND,li1,129.7200,130.5600,0.000172
_0873_,VGND,li1,128.3400,92.4800,0.000257
_0872_,VGND,li1,129.0300,97.9200,0.000197
_0871_,VGND,li1,136.3900,119.6800,0.000170
_0870_,VGND,li1,126.0400,130.5600,0.000170
_0869_,VGND,li1,127.4200,136.0000,0.000166
_0868_,VGND,li1,131.7900,130.5600,0.000172
_0867_,VGND,li1,139.1500,97.9200,0.000198
_0866_,VGND,li1,127.8800,125.1200,0.000226
_0865_,VGND,li1,125.8100,130.5600,0.000170
_0864_,VGND,li1,135.9300,125.1200,0.000229
_0863_,VGND,li1,115.9200,65.2800,0.000287
_0862_,VGND,li1,112.0100,65.2800,0.000281
_0861_,VGND,li1,94.5300,114.2400,0.000199
_0860_,VGND,li1,109.7100,81.6000,0.000237
_0859_,VGND,li1,115.2300,65.2800,0.000287
_0858_,VGND,li1,116.1500,70.7200,0.000220
_0857_,VGND,li1,114.7700,119.6800,0.000165
_0856_,VGND,li1,128.1100,119.6800,0.000169
_0855_,VGND,li1,112.7000,54.4000,0.000307
_0854_,VGND,li1,113.1600,48.9600,0.000279
_0853_,VGND,li1,106.9500,59.8400,0.000285
_0852_,VGND,li1,116.6100,97.9200,0.000192
_0851_,VGND,li1,104.6500,54.4000,0.000291
_0850_,VGND,li1,85.1000,48.9600,0.000223
_0849_,VGND,li1,49.2200,54.4000,0.000136
_0848_,VGND,li1,113.6200,81.6000,0.000242
_0847_,VGND,li1,120.2900,119.6800,0.000166
_0846_,VGND,li1,133.4000,119.6800,0.000170
_0845_,VGND,li1,105.8000,87.0400,0.000307
_0844_,VGND,li1,110.4000,87.0400,0.000315
_0843_,VGND,li1,72.2200,125.1200,0.000162
_0842_,VGND,li1,113.1600,125.1200,0.000217
_0841_,VGND,li1,133.6300,114.2400,0.000236
_0840_,VGND,li1,105.8000,81.6000,0.000232
_0839_,VGND,li1,46.0000,76.1600,0.000103
_0838_,VGND,li1,45.5400,103.3600,0.000065
_0837_,VGND,li1,123.9700,130.5600,0.000168
_0836_,VGND,li1,128.5700,130.5600,0.000171
_0835_,VGND,li1,130.8700,103.3600,0.000136
_0834_,VGND,li1,112.4700,119.6800,0.000164
_0833_,VGND,li1,126.7300,97.9200,0.000197
_0832_,VGND,li1,123.9700,81.6000,0.000253
_0831_,VGND,li1,55.4300,125.1200,0.000126
_0830_,VGND,li1,70.1500,16.3200,0.000177
_0829_,VGND,li1,29.2100,32.6400,0.000050
_0828_,VGND,li1,9.4300,48.9600,0.000040
_0827_,VGND,li1,8.5100,59.8400,0.000055
_0826_,VGND,li1,42.5500,146.8800,0.000082
_0825_,VGND,li1,94.9900,146.8800,0.000173
