Instance,Terminal,Layer,X location,Y location,Voltage
FILLER_52_309,VPWR,li1,147.8900,155.0400,1.799792
FILLER_52_305,VPWR,li1,146.5100,155.0400,1.799792
FILLER_52_302,VPWR,li1,145.1300,155.0400,1.799792
FILLER_52_299,VPWR,li1,143.7500,155.0400,1.799792
FILLER_52_296,VPWR,li1,142.3700,155.0400,1.799792
FILLER_52_293,VPWR,li1,140.9900,155.0400,1.799792
FILLER_52_290,VPWR,li1,139.6100,155.0400,1.799792
FILLER_52_287,VPWR,li1,138.2300,155.0400,1.799792
FILLER_52_284,VPWR,li1,136.8500,155.0400,1.799792
FILLER_52_281,VPWR,li1,135.4700,155.0400,1.799792
FILLER_52_270,VPWR,li1,130.1800,155.0400,1.799793
FILLER_52_267,VPWR,li1,129.0300,155.0400,1.799793
FILLER_52_264,VPWR,li1,127.6500,155.0400,1.799793
FILLER_52_261,VPWR,li1,126.2700,155.0400,1.799793
FILLER_52_251,VPWR,li1,121.2100,155.0400,1.799794
FILLER_52_248,VPWR,li1,120.2900,155.0400,1.799794
FILLER_52_245,VPWR,li1,118.9100,155.0400,1.799794
FILLER_52_235,VPWR,li1,114.0800,155.0400,1.799795
FILLER_52_225,VPWR,li1,109.4800,155.0400,1.799798
FILLER_52_223,VPWR,li1,108.3300,155.0400,1.799798
FILLER_52_214,VPWR,li1,104.1900,155.0400,1.799800
FILLER_52_205,VPWR,li1,100.2800,155.0400,1.799802
FILLER_52_194,VPWR,li1,95.2200,155.0400,1.799805
FILLER_52_153,VPWR,li1,76.1300,155.0400,1.799823
FILLER_52_113,VPWR,li1,58.1900,155.0400,1.799860
FILLER_52_85,VPWR,li1,45.0800,155.0400,1.799894
FILLER_52_66,VPWR,li1,36.1100,155.0400,1.799919
FILLER_52_63,VPWR,li1,35.1900,155.0400,1.799927
FILLER_52_60,VPWR,li1,33.8100,155.0400,1.799927
FILLER_52_57,VPWR,li1,32.4300,155.0400,1.799935
FILLER_52_53,VPWR,li1,30.5900,155.0400,1.799942
FILLER_52_50,VPWR,li1,29.2100,155.0400,1.799942
FILLER_52_47,VPWR,li1,27.8300,155.0400,1.799951
FILLER_52_44,VPWR,li1,26.4500,155.0400,1.799951
FILLER_52_41,VPWR,li1,25.0700,155.0400,1.799961
FILLER_52_38,VPWR,li1,23.6900,155.0400,1.799961
FILLER_52_35,VPWR,li1,22.3100,155.0400,1.799967
FILLER_52_32,VPWR,li1,20.9300,155.0400,1.799967
FILLER_52_29,VPWR,li1,19.5500,155.0400,1.799967
FILLER_52_27,VPWR,li1,18.1700,155.0400,1.799967
FILLER_52_24,VPWR,li1,17.2500,155.0400,1.799967
FILLER_52_21,VPWR,li1,15.8700,155.0400,1.799967
FILLER_52_18,VPWR,li1,14.4900,155.0400,1.799967
FILLER_52_15,VPWR,li1,13.1100,155.0400,1.799967
FILLER_52_12,VPWR,li1,11.7300,155.0400,1.799967
FILLER_52_9,VPWR,li1,10.3500,155.0400,1.799967
FILLER_52_6,VPWR,li1,8.9700,155.0400,1.799967
FILLER_52_3,VPWR,li1,7.5900,155.0400,1.799967
FILLER_51_308,VPWR,li1,147.6600,149.6000,1.799757
FILLER_51_305,VPWR,li1,146.5100,149.6000,1.799757
FILLER_51_302,VPWR,li1,145.1300,149.6000,1.799757
FILLER_51_299,VPWR,li1,143.7500,149.6000,1.799757
FILLER_51_296,VPWR,li1,142.3700,149.6000,1.799757
FILLER_51_293,VPWR,li1,140.9900,149.6000,1.799757
FILLER_51_290,VPWR,li1,139.6100,149.6000,1.799757
FILLER_51_287,VPWR,li1,138.2300,149.6000,1.799757
FILLER_51_284,VPWR,li1,136.8500,149.6000,1.799757
FILLER_51_281,VPWR,li1,135.4700,149.6000,1.799757
FILLER_51_279,VPWR,li1,134.0900,149.6000,1.799757
FILLER_51_276,VPWR,li1,133.1700,149.6000,1.799757
FILLER_51_273,VPWR,li1,131.7900,149.6000,1.799757
FILLER_51_270,VPWR,li1,130.4100,149.6000,1.799757
FILLER_51_267,VPWR,li1,129.0300,149.6000,1.799757
FILLER_51_264,VPWR,li1,127.6500,149.6000,1.799757
FILLER_51_261,VPWR,li1,126.2700,149.6000,1.799757
FILLER_51_258,VPWR,li1,124.8900,149.6000,1.799757
FILLER_51_239,VPWR,li1,115.9200,149.6000,1.799759
FILLER_51_236,VPWR,li1,114.7700,149.6000,1.799760
FILLER_51_233,VPWR,li1,113.3900,149.6000,1.799760
FILLER_51_225,VPWR,li1,109.2500,149.6000,1.799763
FILLER_51_222,VPWR,li1,108.1000,149.6000,1.799764
FILLER_51_219,VPWR,li1,106.9500,149.6000,1.799764
FILLER_51_193,VPWR,li1,94.7600,149.6000,1.799774
FILLER_51_182,VPWR,li1,89.9300,149.6000,1.799781
FILLER_51_169,VPWR,li1,83.9500,149.6000,1.799789
FILLER_51_106,VPWR,li1,54.7400,149.6000,1.799845
FILLER_51_92,VPWR,li1,48.3000,149.6000,1.799867
FILLER_51_89,VPWR,li1,47.1500,149.6000,1.799867
FILLER_51_54,VPWR,li1,30.8200,149.6000,1.799929
FILLER_51_51,VPWR,li1,29.6700,149.6000,1.799929
FILLER_51_48,VPWR,li1,28.2900,149.6000,1.799936
FILLER_51_45,VPWR,li1,26.9100,149.6000,1.799945
FILLER_51_42,VPWR,li1,25.5300,149.6000,1.799945
FILLER_51_39,VPWR,li1,24.1500,149.6000,1.799952
FILLER_51_36,VPWR,li1,22.7700,149.6000,1.799961
FILLER_51_33,VPWR,li1,21.3900,149.6000,1.799961
FILLER_51_30,VPWR,li1,20.0100,149.6000,1.799961
FILLER_51_27,VPWR,li1,18.6300,149.6000,1.799961
FILLER_51_24,VPWR,li1,17.2500,149.6000,1.799961
FILLER_51_21,VPWR,li1,15.8700,149.6000,1.799961
FILLER_51_18,VPWR,li1,14.4900,149.6000,1.799961
FILLER_51_15,VPWR,li1,13.1100,149.6000,1.799961
FILLER_51_12,VPWR,li1,11.7300,149.6000,1.799961
FILLER_51_9,VPWR,li1,10.3500,149.6000,1.799961
FILLER_51_6,VPWR,li1,8.9700,149.6000,1.799961
FILLER_51_3,VPWR,li1,7.5900,149.6000,1.799961
FILLER_50_309,VPWR,li1,147.8900,149.6000,1.799757
FILLER_50_307,VPWR,li1,146.9700,149.6000,1.799757
FILLER_50_304,VPWR,li1,146.0500,149.6000,1.799757
FILLER_50_301,VPWR,li1,144.6700,149.6000,1.799757
FILLER_50_298,VPWR,li1,143.2900,149.6000,1.799757
FILLER_50_295,VPWR,li1,141.9100,149.6000,1.799757
FILLER_50_292,VPWR,li1,140.5300,149.6000,1.799757
FILLER_50_289,VPWR,li1,139.1500,149.6000,1.799757
FILLER_50_286,VPWR,li1,137.7700,149.6000,1.799757
FILLER_50_283,VPWR,li1,136.3900,149.6000,1.799757
FILLER_50_280,VPWR,li1,135.0100,149.6000,1.799757
FILLER_50_277,VPWR,li1,133.6300,149.6000,1.799757
FILLER_50_274,VPWR,li1,132.2500,149.6000,1.799757
FILLER_50_271,VPWR,li1,130.8700,149.6000,1.799757
FILLER_50_268,VPWR,li1,129.4900,149.6000,1.799757
FILLER_50_265,VPWR,li1,128.1100,149.6000,1.799757
FILLER_50_262,VPWR,li1,126.7300,149.6000,1.799757
FILLER_50_259,VPWR,li1,125.3500,149.6000,1.799757
FILLER_50_256,VPWR,li1,123.9700,149.6000,1.799757
FILLER_50_253,VPWR,li1,122.5900,149.6000,1.799757
FILLER_50_249,VPWR,li1,120.7500,149.6000,1.799757
FILLER_50_246,VPWR,li1,119.3700,149.6000,1.799758
FILLER_50_243,VPWR,li1,117.9900,149.6000,1.799758
FILLER_50_240,VPWR,li1,116.6100,149.6000,1.799759
FILLER_50_224,VPWR,li1,109.0200,149.6000,1.799763
FILLER_50_206,VPWR,li1,100.5100,149.6000,1.799770
FILLER_50_200,VPWR,li1,97.7500,149.6000,1.799772
FILLER_50_197,VPWR,li1,96.8300,149.6000,1.799772
FILLER_50_183,VPWR,li1,90.3900,149.6000,1.799779
FILLER_50_166,VPWR,li1,82.5700,149.6000,1.799789
FILLER_50_141,VPWR,li1,71.0700,149.6000,1.799809
FILLER_50_138,VPWR,li1,69.4600,149.6000,1.799813
FILLER_50_119,VPWR,li1,60.4900,149.6000,1.799833
FILLER_50_102,VPWR,li1,53.1300,149.6000,1.799854
FILLER_50_99,VPWR,li1,51.7500,149.6000,1.799854
FILLER_50_85,VPWR,li1,44.8500,149.6000,1.799876
FILLER_50_53,VPWR,li1,30.1300,149.6000,1.799929
FILLER_50_50,VPWR,li1,29.2100,149.6000,1.799936
FILLER_50_47,VPWR,li1,27.8300,149.6000,1.799936
FILLER_50_44,VPWR,li1,26.4500,149.6000,1.799945
FILLER_50_41,VPWR,li1,25.0700,149.6000,1.799952
FILLER_50_38,VPWR,li1,23.6900,149.6000,1.799952
FILLER_50_35,VPWR,li1,22.3100,149.6000,1.799961
FILLER_50_32,VPWR,li1,20.9300,149.6000,1.799961
FILLER_50_29,VPWR,li1,19.5500,149.6000,1.799961
FILLER_50_27,VPWR,li1,18.1700,149.6000,1.799961
FILLER_50_24,VPWR,li1,17.2500,149.6000,1.799961
FILLER_50_21,VPWR,li1,15.8700,149.6000,1.799961
FILLER_50_18,VPWR,li1,14.4900,149.6000,1.799961
FILLER_50_15,VPWR,li1,13.1100,149.6000,1.799961
FILLER_50_12,VPWR,li1,11.7300,149.6000,1.799961
FILLER_50_9,VPWR,li1,10.3500,149.6000,1.799961
FILLER_50_6,VPWR,li1,8.9700,149.6000,1.799961
FILLER_50_3,VPWR,li1,7.5900,149.6000,1.799961
FILLER_49_308,VPWR,li1,147.6600,144.1600,1.799821
FILLER_49_305,VPWR,li1,146.5100,144.1600,1.799821
FILLER_49_302,VPWR,li1,145.1300,144.1600,1.799821
FILLER_49_299,VPWR,li1,143.7500,144.1600,1.799821
FILLER_49_296,VPWR,li1,142.3700,144.1600,1.799821
FILLER_49_293,VPWR,li1,140.9900,144.1600,1.799821
FILLER_49_290,VPWR,li1,139.6100,144.1600,1.799821
FILLER_49_287,VPWR,li1,138.2300,144.1600,1.799821
FILLER_49_284,VPWR,li1,136.8500,144.1600,1.799821
FILLER_49_281,VPWR,li1,135.4700,144.1600,1.799821
FILLER_49_278,VPWR,li1,133.8600,144.1600,1.799821
FILLER_49_275,VPWR,li1,132.7100,144.1600,1.799821
FILLER_49_272,VPWR,li1,131.3300,144.1600,1.799821
FILLER_49_269,VPWR,li1,129.9500,144.1600,1.799821
FILLER_49_266,VPWR,li1,128.5700,144.1600,1.799821
FILLER_49_263,VPWR,li1,127.1900,144.1600,1.799821
FILLER_49_260,VPWR,li1,125.8100,144.1600,1.799821
FILLER_49_257,VPWR,li1,124.4300,144.1600,1.799821
FILLER_49_254,VPWR,li1,123.0500,144.1600,1.799821
FILLER_49_251,VPWR,li1,121.6700,144.1600,1.799821
FILLER_49_248,VPWR,li1,120.2900,144.1600,1.799821
FILLER_49_245,VPWR,li1,118.9100,144.1600,1.799821
FILLER_49_242,VPWR,li1,117.5300,144.1600,1.799821
FILLER_49_239,VPWR,li1,116.1500,144.1600,1.799821
FILLER_49_236,VPWR,li1,114.7700,144.1600,1.799821
FILLER_49_233,VPWR,li1,113.3900,144.1600,1.799821
FILLER_49_230,VPWR,li1,112.0100,144.1600,1.799821
FILLER_49_223,VPWR,li1,108.3300,144.1600,1.799822
FILLER_49_220,VPWR,li1,107.4100,144.1600,1.799822
FILLER_49_217,VPWR,li1,106.0300,144.1600,1.799822
FILLER_49_214,VPWR,li1,104.6500,144.1600,1.799822
FILLER_49_182,VPWR,li1,89.7000,144.1600,1.799827
FILLER_49_179,VPWR,li1,88.5500,144.1600,1.799827
FILLER_49_176,VPWR,li1,87.1700,144.1600,1.799828
FILLER_49_167,VPWR,li1,82.5700,144.1600,1.799831
FILLER_49_129,VPWR,li1,65.0900,144.1600,1.799858
FILLER_49_113,VPWR,li1,57.9600,144.1600,1.799872
FILLER_49_98,VPWR,li1,51.0600,144.1600,1.799887
FILLER_49_78,VPWR,li1,41.6300,144.1600,1.799915
FILLER_49_60,VPWR,li1,33.3500,144.1600,1.799934
FILLER_49_57,VPWR,li1,32.4300,144.1600,1.799941
FILLER_49_39,VPWR,li1,24.1500,144.1600,1.799963
FILLER_49_36,VPWR,li1,22.7700,144.1600,1.799970
FILLER_49_33,VPWR,li1,21.3900,144.1600,1.799970
FILLER_49_30,VPWR,li1,20.0100,144.1600,1.799970
FILLER_49_27,VPWR,li1,18.6300,144.1600,1.799970
FILLER_49_24,VPWR,li1,17.2500,144.1600,1.799970
FILLER_49_21,VPWR,li1,15.8700,144.1600,1.799970
FILLER_49_18,VPWR,li1,14.4900,144.1600,1.799970
FILLER_49_15,VPWR,li1,13.1100,144.1600,1.799970
FILLER_49_12,VPWR,li1,11.7300,144.1600,1.799970
FILLER_49_9,VPWR,li1,10.3500,144.1600,1.799970
FILLER_49_6,VPWR,li1,8.9700,144.1600,1.799970
FILLER_49_3,VPWR,li1,7.5900,144.1600,1.799970
FILLER_48_309,VPWR,li1,147.8900,144.1600,1.799821
FILLER_48_307,VPWR,li1,146.9700,144.1600,1.799821
FILLER_48_304,VPWR,li1,146.0500,144.1600,1.799821
FILLER_48_301,VPWR,li1,144.6700,144.1600,1.799821
FILLER_48_298,VPWR,li1,143.2900,144.1600,1.799821
FILLER_48_295,VPWR,li1,141.9100,144.1600,1.799821
FILLER_48_292,VPWR,li1,140.5300,144.1600,1.799821
FILLER_48_289,VPWR,li1,139.1500,144.1600,1.799821
FILLER_48_286,VPWR,li1,137.7700,144.1600,1.799821
FILLER_48_283,VPWR,li1,136.3900,144.1600,1.799821
FILLER_48_280,VPWR,li1,135.0100,144.1600,1.799821
FILLER_48_277,VPWR,li1,133.6300,144.1600,1.799821
FILLER_48_274,VPWR,li1,132.2500,144.1600,1.799821
FILLER_48_271,VPWR,li1,130.8700,144.1600,1.799821
FILLER_48_268,VPWR,li1,129.4900,144.1600,1.799821
FILLER_48_265,VPWR,li1,128.1100,144.1600,1.799821
FILLER_48_262,VPWR,li1,126.7300,144.1600,1.799821
FILLER_48_259,VPWR,li1,125.3500,144.1600,1.799821
FILLER_48_256,VPWR,li1,123.9700,144.1600,1.799821
FILLER_48_253,VPWR,li1,122.5900,144.1600,1.799821
FILLER_48_250,VPWR,li1,120.9800,144.1600,1.799821
FILLER_48_247,VPWR,li1,119.8300,144.1600,1.799821
FILLER_48_234,VPWR,li1,113.3900,144.1600,1.799821
FILLER_48_231,VPWR,li1,112.4700,144.1600,1.799821
FILLER_48_228,VPWR,li1,111.0900,144.1600,1.799821
FILLER_48_225,VPWR,li1,109.7100,144.1600,1.799822
FILLER_48_222,VPWR,li1,108.3300,144.1600,1.799822
FILLER_48_219,VPWR,li1,106.9500,144.1600,1.799822
FILLER_48_216,VPWR,li1,105.5700,144.1600,1.799822
FILLER_48_213,VPWR,li1,104.1900,144.1600,1.799822
FILLER_48_202,VPWR,li1,99.1300,144.1600,1.799823
FILLER_48_194,VPWR,li1,95.2200,144.1600,1.799824
FILLER_48_181,VPWR,li1,89.2400,144.1600,1.799827
FILLER_48_178,VPWR,li1,88.0900,144.1600,1.799828
FILLER_48_175,VPWR,li1,86.7100,144.1600,1.799828
FILLER_48_160,VPWR,li1,79.3500,144.1600,1.799833
FILLER_48_157,VPWR,li1,78.4300,144.1600,1.799835
FILLER_48_141,VPWR,li1,70.8400,144.1600,1.799846
FILLER_48_112,VPWR,li1,57.5000,144.1600,1.799872
FILLER_48_103,VPWR,li1,53.1300,144.1600,1.799882
FILLER_48_83,VPWR,li1,43.9300,144.1600,1.799909
FILLER_48_80,VPWR,li1,43.0100,144.1600,1.799909
FILLER_48_65,VPWR,li1,35.6500,144.1600,1.799928
FILLER_48_62,VPWR,li1,34.7300,144.1600,1.799934
FILLER_48_47,VPWR,li1,27.6000,144.1600,1.799954
FILLER_48_44,VPWR,li1,26.4500,144.1600,1.799954
FILLER_48_41,VPWR,li1,25.0700,144.1600,1.799963
FILLER_48_38,VPWR,li1,23.6900,144.1600,1.799963
FILLER_48_35,VPWR,li1,22.3100,144.1600,1.799970
FILLER_48_32,VPWR,li1,20.9300,144.1600,1.799970
FILLER_48_29,VPWR,li1,19.5500,144.1600,1.799970
FILLER_48_27,VPWR,li1,18.1700,144.1600,1.799970
FILLER_48_24,VPWR,li1,17.2500,144.1600,1.799970
FILLER_48_21,VPWR,li1,15.8700,144.1600,1.799970
FILLER_48_18,VPWR,li1,14.4900,144.1600,1.799970
FILLER_48_15,VPWR,li1,13.1100,144.1600,1.799970
FILLER_48_12,VPWR,li1,11.7300,144.1600,1.799970
FILLER_48_9,VPWR,li1,10.3500,144.1600,1.799970
FILLER_48_6,VPWR,li1,8.9700,144.1600,1.799970
FILLER_48_3,VPWR,li1,7.5900,144.1600,1.799970
FILLER_47_308,VPWR,li1,147.6600,138.7200,1.799800
FILLER_47_305,VPWR,li1,146.5100,138.7200,1.799800
FILLER_47_302,VPWR,li1,145.1300,138.7200,1.799800
FILLER_47_299,VPWR,li1,143.7500,138.7200,1.799800
FILLER_47_296,VPWR,li1,142.3700,138.7200,1.799800
FILLER_47_293,VPWR,li1,140.9900,138.7200,1.799800
FILLER_47_290,VPWR,li1,139.6100,138.7200,1.799800
FILLER_47_287,VPWR,li1,138.2300,138.7200,1.799800
FILLER_47_284,VPWR,li1,136.8500,138.7200,1.799800
FILLER_47_281,VPWR,li1,135.4700,138.7200,1.799800
FILLER_47_277,VPWR,li1,133.6300,138.7200,1.799800
FILLER_47_274,VPWR,li1,132.2500,138.7200,1.799800
FILLER_47_271,VPWR,li1,130.8700,138.7200,1.799800
FILLER_47_268,VPWR,li1,129.4900,138.7200,1.799800
FILLER_47_265,VPWR,li1,128.1100,138.7200,1.799800
FILLER_47_262,VPWR,li1,126.7300,138.7200,1.799800
FILLER_47_259,VPWR,li1,125.3500,138.7200,1.799800
FILLER_47_256,VPWR,li1,123.9700,138.7200,1.799800
FILLER_47_253,VPWR,li1,122.5900,138.7200,1.799800
FILLER_47_250,VPWR,li1,121.2100,138.7200,1.799800
FILLER_47_247,VPWR,li1,119.8300,138.7200,1.799800
FILLER_47_244,VPWR,li1,118.4500,138.7200,1.799800
FILLER_47_241,VPWR,li1,117.0700,138.7200,1.799800
FILLER_47_216,VPWR,li1,105.3400,138.7200,1.799805
FILLER_47_197,VPWR,li1,96.3700,138.7200,1.799811
FILLER_47_194,VPWR,li1,95.4500,138.7200,1.799813
FILLER_47_182,VPWR,li1,89.9300,138.7200,1.799818
FILLER_47_118,VPWR,li1,60.0300,138.7200,1.799869
FILLER_47_105,VPWR,li1,54.0500,138.7200,1.799879
FILLER_47_83,VPWR,li1,44.3900,138.7200,1.799905
FILLER_47_77,VPWR,li1,41.1700,138.7200,1.799912
FILLER_47_70,VPWR,li1,38.1800,138.7200,1.799920
FILLER_47_67,VPWR,li1,37.0300,138.7200,1.799927
FILLER_47_54,VPWR,li1,30.8200,138.7200,1.799944
FILLER_47_51,VPWR,li1,29.6700,138.7200,1.799944
FILLER_47_48,VPWR,li1,28.2900,138.7200,1.799951
FILLER_47_45,VPWR,li1,26.9100,138.7200,1.799957
FILLER_47_42,VPWR,li1,25.5300,138.7200,1.799957
FILLER_47_39,VPWR,li1,24.1500,138.7200,1.799962
FILLER_47_36,VPWR,li1,22.7700,138.7200,1.799969
FILLER_47_33,VPWR,li1,21.3900,138.7200,1.799969
FILLER_47_30,VPWR,li1,20.0100,138.7200,1.799969
FILLER_47_27,VPWR,li1,18.6300,138.7200,1.799969
FILLER_47_24,VPWR,li1,17.2500,138.7200,1.799969
FILLER_47_21,VPWR,li1,15.8700,138.7200,1.799969
FILLER_47_18,VPWR,li1,14.4900,138.7200,1.799969
FILLER_47_15,VPWR,li1,13.1100,138.7200,1.799969
FILLER_47_12,VPWR,li1,11.7300,138.7200,1.799969
FILLER_47_9,VPWR,li1,10.3500,138.7200,1.799969
FILLER_47_6,VPWR,li1,8.9700,138.7200,1.799969
FILLER_47_3,VPWR,li1,7.5900,138.7200,1.799969
FILLER_46_309,VPWR,li1,147.8900,138.7200,1.799800
FILLER_46_307,VPWR,li1,146.9700,138.7200,1.799800
FILLER_46_304,VPWR,li1,146.0500,138.7200,1.799800
FILLER_46_301,VPWR,li1,144.6700,138.7200,1.799800
FILLER_46_298,VPWR,li1,143.2900,138.7200,1.799800
FILLER_46_295,VPWR,li1,141.9100,138.7200,1.799800
FILLER_46_292,VPWR,li1,140.5300,138.7200,1.799800
FILLER_46_289,VPWR,li1,139.1500,138.7200,1.799800
FILLER_46_286,VPWR,li1,137.7700,138.7200,1.799800
FILLER_46_283,VPWR,li1,136.3900,138.7200,1.799800
FILLER_46_280,VPWR,li1,135.0100,138.7200,1.799800
FILLER_46_277,VPWR,li1,133.6300,138.7200,1.799800
FILLER_46_274,VPWR,li1,132.2500,138.7200,1.799800
FILLER_46_271,VPWR,li1,130.8700,138.7200,1.799800
FILLER_46_268,VPWR,li1,129.4900,138.7200,1.799800
FILLER_46_265,VPWR,li1,128.1100,138.7200,1.799800
FILLER_46_262,VPWR,li1,126.7300,138.7200,1.799800
FILLER_46_259,VPWR,li1,125.3500,138.7200,1.799800
FILLER_46_256,VPWR,li1,123.9700,138.7200,1.799800
FILLER_46_253,VPWR,li1,122.5900,138.7200,1.799800
FILLER_46_251,VPWR,li1,121.2100,138.7200,1.799800
FILLER_46_248,VPWR,li1,120.2900,138.7200,1.799800
FILLER_46_231,VPWR,li1,112.4700,138.7200,1.799801
FILLER_46_220,VPWR,li1,106.9500,138.7200,1.799803
FILLER_46_217,VPWR,li1,106.0300,138.7200,1.799805
FILLER_46_214,VPWR,li1,104.6500,138.7200,1.799805
FILLER_46_202,VPWR,li1,98.6700,138.7200,1.799809
FILLER_46_195,VPWR,li1,95.4500,138.7200,1.799813
FILLER_46_192,VPWR,li1,94.5300,138.7200,1.799813
FILLER_46_182,VPWR,li1,89.9300,138.7200,1.799818
FILLER_46_144,VPWR,li1,72.2200,138.7200,1.799842
FILLER_46_141,VPWR,li1,71.0700,138.7200,1.799846
FILLER_46_114,VPWR,li1,58.4200,138.7200,1.799869
FILLER_46_111,VPWR,li1,57.2700,138.7200,1.799875
FILLER_46_108,VPWR,li1,55.8900,138.7200,1.799875
FILLER_46_105,VPWR,li1,54.5100,138.7200,1.799879
FILLER_46_91,VPWR,li1,47.8400,138.7200,1.799898
FILLER_46_88,VPWR,li1,46.6900,138.7200,1.799898
FILLER_46_85,VPWR,li1,45.3100,138.7200,1.799905
FILLER_46_82,VPWR,li1,43.7000,138.7200,1.799905
FILLER_46_67,VPWR,li1,36.5700,138.7200,1.799927
FILLER_46_64,VPWR,li1,35.6500,138.7200,1.799927
FILLER_46_47,VPWR,li1,27.6000,138.7200,1.799951
FILLER_46_44,VPWR,li1,26.4500,138.7200,1.799957
FILLER_46_41,VPWR,li1,25.0700,138.7200,1.799962
FILLER_46_38,VPWR,li1,23.6900,138.7200,1.799962
FILLER_46_35,VPWR,li1,22.3100,138.7200,1.799969
FILLER_46_32,VPWR,li1,20.9300,138.7200,1.799969
FILLER_46_29,VPWR,li1,19.5500,138.7200,1.799969
FILLER_46_27,VPWR,li1,18.1700,138.7200,1.799969
FILLER_46_24,VPWR,li1,17.2500,138.7200,1.799969
FILLER_46_21,VPWR,li1,15.8700,138.7200,1.799969
FILLER_46_18,VPWR,li1,14.4900,138.7200,1.799969
FILLER_46_15,VPWR,li1,13.1100,138.7200,1.799969
FILLER_46_12,VPWR,li1,11.7300,138.7200,1.799969
FILLER_46_9,VPWR,li1,10.3500,138.7200,1.799969
FILLER_46_6,VPWR,li1,8.9700,138.7200,1.799969
FILLER_46_3,VPWR,li1,7.5900,138.7200,1.799969
FILLER_45_308,VPWR,li1,147.6600,133.2800,1.799828
FILLER_45_305,VPWR,li1,146.5100,133.2800,1.799828
FILLER_45_302,VPWR,li1,145.1300,133.2800,1.799828
FILLER_45_299,VPWR,li1,143.7500,133.2800,1.799828
FILLER_45_296,VPWR,li1,142.3700,133.2800,1.799828
FILLER_45_293,VPWR,li1,140.9900,133.2800,1.799828
FILLER_45_290,VPWR,li1,139.6100,133.2800,1.799828
FILLER_45_287,VPWR,li1,138.2300,133.2800,1.799828
FILLER_45_284,VPWR,li1,136.8500,133.2800,1.799828
FILLER_45_281,VPWR,li1,135.4700,133.2800,1.799828
FILLER_45_278,VPWR,li1,133.8600,133.2800,1.799828
FILLER_45_275,VPWR,li1,132.7100,133.2800,1.799829
FILLER_45_272,VPWR,li1,131.3300,133.2800,1.799829
FILLER_45_269,VPWR,li1,129.9500,133.2800,1.799829
FILLER_45_259,VPWR,li1,125.1200,133.2800,1.799831
FILLER_45_256,VPWR,li1,123.9700,133.2800,1.799831
FILLER_45_253,VPWR,li1,122.5900,133.2800,1.799831
FILLER_45_250,VPWR,li1,121.2100,133.2800,1.799832
FILLER_45_225,VPWR,li1,109.2500,133.2800,1.799839
FILLER_45_221,VPWR,li1,107.8700,133.2800,1.799839
FILLER_45_218,VPWR,li1,106.4900,133.2800,1.799840
FILLER_45_201,VPWR,li1,98.6700,133.2800,1.799846
FILLER_45_180,VPWR,li1,88.7800,133.2800,1.799856
FILLER_45_177,VPWR,li1,87.6300,133.2800,1.799858
FILLER_45_174,VPWR,li1,86.2500,133.2800,1.799858
FILLER_45_165,VPWR,li1,82.1100,133.2800,1.799863
FILLER_45_162,VPWR,li1,80.7300,133.2800,1.799867
FILLER_45_159,VPWR,li1,79.3500,133.2800,1.799867
FILLER_45_156,VPWR,li1,77.9700,133.2800,1.799869
FILLER_45_153,VPWR,li1,76.5900,133.2800,1.799872
FILLER_45_150,VPWR,li1,75.2100,133.2800,1.799872
FILLER_45_147,VPWR,li1,73.8300,133.2800,1.799875
FILLER_45_144,VPWR,li1,72.4500,133.2800,1.799878
FILLER_45_141,VPWR,li1,71.0700,133.2800,1.799878
FILLER_45_126,VPWR,li1,63.9400,133.2800,1.799888
FILLER_45_105,VPWR,li1,54.2800,133.2800,1.799905
FILLER_45_102,VPWR,li1,53.1300,133.2800,1.799908
FILLER_45_99,VPWR,li1,51.7500,133.2800,1.799912
FILLER_45_96,VPWR,li1,50.3700,133.2800,1.799912
FILLER_45_89,VPWR,li1,46.9200,133.2800,1.799919
FILLER_45_86,VPWR,li1,45.7700,133.2800,1.799924
FILLER_45_83,VPWR,li1,44.3900,133.2800,1.799924
FILLER_45_80,VPWR,li1,43.0100,133.2800,1.799929
FILLER_45_77,VPWR,li1,41.6300,133.2800,1.799929
FILLER_45_70,VPWR,li1,38.1800,133.2800,1.799939
FILLER_45_67,VPWR,li1,37.0300,133.2800,1.799939
FILLER_45_53,VPWR,li1,30.5900,133.2800,1.799957
FILLER_45_50,VPWR,li1,29.2100,133.2800,1.799957
FILLER_45_47,VPWR,li1,27.8300,133.2800,1.799963
FILLER_45_44,VPWR,li1,26.4500,133.2800,1.799963
FILLER_45_41,VPWR,li1,25.0700,133.2800,1.799969
FILLER_45_38,VPWR,li1,23.6900,133.2800,1.799969
FILLER_45_35,VPWR,li1,22.3100,133.2800,1.799976
FILLER_45_32,VPWR,li1,20.9300,133.2800,1.799976
FILLER_45_29,VPWR,li1,19.5500,133.2800,1.799976
FILLER_45_26,VPWR,li1,18.1700,133.2800,1.799975
FILLER_45_23,VPWR,li1,16.7900,133.2800,1.799975
FILLER_45_20,VPWR,li1,15.4100,133.2800,1.799975
FILLER_45_17,VPWR,li1,14.0300,133.2800,1.799975
FILLER_45_14,VPWR,li1,12.6500,133.2800,1.799975
FILLER_45_11,VPWR,li1,11.2700,133.2800,1.799975
FILLER_45_3,VPWR,li1,7.1300,133.2800,1.799974
FILLER_44_309,VPWR,li1,147.8900,133.2800,1.799828
FILLER_44_297,VPWR,li1,142.8300,133.2800,1.799828
FILLER_44_294,VPWR,li1,141.4500,133.2800,1.799828
FILLER_44_291,VPWR,li1,140.0700,133.2800,1.799828
FILLER_44_288,VPWR,li1,138.6900,133.2800,1.799828
FILLER_44_285,VPWR,li1,137.3100,133.2800,1.799828
FILLER_44_280,VPWR,li1,134.5500,133.2800,1.799828
FILLER_44_277,VPWR,li1,133.6300,133.2800,1.799828
FILLER_44_269,VPWR,li1,129.9500,133.2800,1.799829
FILLER_44_256,VPWR,li1,123.5100,133.2800,1.799831
FILLER_44_253,VPWR,li1,122.5900,133.2800,1.799831
FILLER_44_249,VPWR,li1,120.7500,133.2800,1.799832
FILLER_44_240,VPWR,li1,116.3800,133.2800,1.799834
FILLER_44_222,VPWR,li1,108.1000,133.2800,1.799839
FILLER_44_212,VPWR,li1,103.5000,133.2800,1.799843
FILLER_44_209,VPWR,li1,102.3500,133.2800,1.799843
FILLER_44_206,VPWR,li1,100.9700,133.2800,1.799844
FILLER_44_203,VPWR,li1,99.5900,133.2800,1.799846
FILLER_44_200,VPWR,li1,98.2100,133.2800,1.799847
FILLER_44_197,VPWR,li1,96.8300,133.2800,1.799847
FILLER_44_181,VPWR,li1,89.0100,133.2800,1.799856
FILLER_44_178,VPWR,li1,88.0900,133.2800,1.799856
FILLER_44_175,VPWR,li1,86.7100,133.2800,1.799858
FILLER_44_155,VPWR,li1,77.5100,133.2800,1.799869
FILLER_44_147,VPWR,li1,73.3700,133.2800,1.799875
FILLER_44_144,VPWR,li1,72.4500,133.2800,1.799878
FILLER_44_141,VPWR,li1,71.0700,133.2800,1.799878
FILLER_44_137,VPWR,li1,69.2300,133.2800,1.799880
FILLER_44_127,VPWR,li1,64.4000,133.2800,1.799888
FILLER_44_124,VPWR,li1,63.2500,133.2800,1.799891
FILLER_44_121,VPWR,li1,61.8700,133.2800,1.799891
FILLER_44_118,VPWR,li1,60.4900,133.2800,1.799896
FILLER_44_113,VPWR,li1,57.7300,133.2800,1.799900
FILLER_44_110,VPWR,li1,56.8100,133.2800,1.799900
FILLER_44_101,VPWR,li1,52.2100,133.2800,1.799908
FILLER_44_77,VPWR,li1,41.4000,133.2800,1.799933
FILLER_44_74,VPWR,li1,40.2500,133.2800,1.799933
FILLER_44_65,VPWR,li1,36.1100,133.2800,1.799944
FILLER_44_62,VPWR,li1,34.7300,133.2800,1.799944
FILLER_44_53,VPWR,li1,30.3600,133.2800,1.799957
FILLER_44_50,VPWR,li1,29.2100,133.2800,1.799957
FILLER_44_47,VPWR,li1,27.8300,133.2800,1.799963
FILLER_44_44,VPWR,li1,26.4500,133.2800,1.799963
FILLER_44_41,VPWR,li1,25.0700,133.2800,1.799969
FILLER_44_38,VPWR,li1,23.6900,133.2800,1.799969
FILLER_44_35,VPWR,li1,22.3100,133.2800,1.799976
FILLER_44_32,VPWR,li1,20.9300,133.2800,1.799976
FILLER_44_29,VPWR,li1,19.5500,133.2800,1.799976
FILLER_44_26,VPWR,li1,17.9400,133.2800,1.799975
FILLER_44_23,VPWR,li1,16.7900,133.2800,1.799975
FILLER_44_20,VPWR,li1,15.4100,133.2800,1.799975
FILLER_44_17,VPWR,li1,14.0300,133.2800,1.799975
FILLER_44_14,VPWR,li1,12.6500,133.2800,1.799975
FILLER_44_11,VPWR,li1,11.2700,133.2800,1.799975
FILLER_43_301,VPWR,li1,144.2100,127.8400,1.799794
FILLER_43_298,VPWR,li1,143.2900,127.8400,1.799794
FILLER_43_295,VPWR,li1,141.9100,127.8400,1.799794
FILLER_43_292,VPWR,li1,140.5300,127.8400,1.799794
FILLER_43_289,VPWR,li1,139.1500,127.8400,1.799794
FILLER_43_286,VPWR,li1,137.7700,127.8400,1.799794
FILLER_43_274,VPWR,li1,131.7900,127.8400,1.799797
FILLER_43_265,VPWR,li1,127.6500,127.8400,1.799800
FILLER_43_253,VPWR,li1,122.5900,127.8400,1.799803
FILLER_43_250,VPWR,li1,121.2100,127.8400,1.799803
FILLER_43_236,VPWR,li1,114.5400,127.8400,1.799808
FILLER_43_233,VPWR,li1,113.3900,127.8400,1.799808
FILLER_43_222,VPWR,li1,108.1000,127.8400,1.799812
FILLER_43_219,VPWR,li1,106.9500,127.8400,1.799814
FILLER_43_216,VPWR,li1,105.5700,127.8400,1.799814
FILLER_43_213,VPWR,li1,104.1900,127.8400,1.799817
FILLER_43_210,VPWR,li1,102.8100,127.8400,1.799817
FILLER_43_207,VPWR,li1,101.4300,127.8400,1.799819
FILLER_43_204,VPWR,li1,100.0500,127.8400,1.799819
FILLER_43_195,VPWR,li1,95.9100,127.8400,1.799823
FILLER_43_177,VPWR,li1,87.1700,127.8400,1.799834
FILLER_43_174,VPWR,li1,86.2500,127.8400,1.799834
FILLER_43_165,VPWR,li1,82.1100,127.8400,1.799839
FILLER_43_150,VPWR,li1,74.7500,127.8400,1.799852
FILLER_43_147,VPWR,li1,73.8300,127.8400,1.799852
FILLER_43_144,VPWR,li1,72.4500,127.8400,1.799856
FILLER_43_127,VPWR,li1,64.4000,127.8400,1.799867
FILLER_43_119,VPWR,li1,60.7200,127.8400,1.799876
FILLER_43_116,VPWR,li1,59.5700,127.8400,1.799876
FILLER_43_113,VPWR,li1,58.1900,127.8400,1.799881
FILLER_43_102,VPWR,li1,52.6700,127.8400,1.799889
FILLER_43_99,VPWR,li1,51.7500,127.8400,1.799893
FILLER_43_96,VPWR,li1,50.3700,127.8400,1.799897
FILLER_43_93,VPWR,li1,48.9900,127.8400,1.799897
FILLER_43_84,VPWR,li1,44.6200,127.8400,1.799908
FILLER_43_69,VPWR,li1,37.4900,127.8400,1.799923
FILLER_43_66,VPWR,li1,36.5700,127.8400,1.799929
FILLER_43_55,VPWR,li1,31.0500,127.8400,1.799941
FILLER_43_52,VPWR,li1,30.1300,127.8400,1.799941
FILLER_43_49,VPWR,li1,28.7500,127.8400,1.799947
FILLER_43_46,VPWR,li1,27.3700,127.8400,1.799947
FILLER_43_43,VPWR,li1,25.9900,127.8400,1.799954
FILLER_43_33,VPWR,li1,21.3900,127.8400,1.799965
FILLER_43_30,VPWR,li1,20.0100,127.8400,1.799964
FILLER_43_27,VPWR,li1,18.6300,127.8400,1.799964
FILLER_43_24,VPWR,li1,17.2500,127.8400,1.799962
FILLER_43_21,VPWR,li1,15.8700,127.8400,1.799962
FILLER_43_18,VPWR,li1,14.4900,127.8400,1.799961
FILLER_42_309,VPWR,li1,147.8900,127.8400,1.799793
FILLER_42_297,VPWR,li1,142.8300,127.8400,1.799794
FILLER_42_294,VPWR,li1,141.4500,127.8400,1.799794
FILLER_42_286,VPWR,li1,137.5400,127.8400,1.799795
FILLER_42_280,VPWR,li1,134.7800,127.8400,1.799796
FILLER_42_277,VPWR,li1,133.6300,127.8400,1.799796
FILLER_42_274,VPWR,li1,132.2500,127.8400,1.799797
FILLER_42_271,VPWR,li1,130.8700,127.8400,1.799797
FILLER_42_268,VPWR,li1,129.4900,127.8400,1.799799
FILLER_42_265,VPWR,li1,128.1100,127.8400,1.799799
FILLER_42_262,VPWR,li1,126.7300,127.8400,1.799800
FILLER_42_259,VPWR,li1,125.3500,127.8400,1.799801
FILLER_42_256,VPWR,li1,123.9700,127.8400,1.799801
FILLER_42_253,VPWR,li1,122.5900,127.8400,1.799803
FILLER_42_251,VPWR,li1,121.2100,127.8400,1.799803
FILLER_42_248,VPWR,li1,120.2900,127.8400,1.799804
FILLER_42_245,VPWR,li1,118.9100,127.8400,1.799804
FILLER_42_242,VPWR,li1,117.5300,127.8400,1.799806
FILLER_42_239,VPWR,li1,116.1500,127.8400,1.799806
FILLER_42_236,VPWR,li1,114.7700,127.8400,1.799808
FILLER_42_233,VPWR,li1,113.3900,127.8400,1.799808
FILLER_42_222,VPWR,li1,108.1000,127.8400,1.799812
FILLER_42_210,VPWR,li1,102.8100,127.8400,1.799817
FILLER_42_207,VPWR,li1,101.4300,127.8400,1.799819
FILLER_42_197,VPWR,li1,96.3700,127.8400,1.799823
FILLER_42_193,VPWR,li1,94.9900,127.8400,1.799826
FILLER_42_178,VPWR,li1,87.8600,127.8400,1.799834
FILLER_42_153,VPWR,li1,76.5900,127.8400,1.799847
FILLER_42_150,VPWR,li1,75.2100,127.8400,1.799852
FILLER_42_147,VPWR,li1,73.8300,127.8400,1.799852
FILLER_42_144,VPWR,li1,72.4500,127.8400,1.799856
FILLER_42_141,VPWR,li1,71.0700,127.8400,1.799856
FILLER_42_137,VPWR,li1,69.2300,127.8400,1.799859
FILLER_42_134,VPWR,li1,67.8500,127.8400,1.799863
FILLER_42_119,VPWR,li1,60.7200,127.8400,1.799876
FILLER_42_116,VPWR,li1,59.5700,127.8400,1.799876
FILLER_42_113,VPWR,li1,58.1900,127.8400,1.799881
FILLER_42_110,VPWR,li1,56.8100,127.8400,1.799881
FILLER_42_106,VPWR,li1,54.5100,127.8400,1.799886
FILLER_42_103,VPWR,li1,53.5900,127.8400,1.799889
FILLER_42_100,VPWR,li1,52.2100,127.8400,1.799893
FILLER_42_97,VPWR,li1,50.8300,127.8400,1.799893
FILLER_42_85,VPWR,li1,44.8500,127.8400,1.799908
FILLER_42_83,VPWR,li1,43.9300,127.8400,1.799908
FILLER_42_72,VPWR,li1,39.1000,127.8400,1.799923
FILLER_42_69,VPWR,li1,37.9500,127.8400,1.799923
FILLER_42_58,VPWR,li1,32.4300,127.8400,1.799935
FILLER_42_55,VPWR,li1,31.5100,127.8400,1.799941
FILLER_42_52,VPWR,li1,30.1300,127.8400,1.799941
FILLER_42_49,VPWR,li1,28.7500,127.8400,1.799947
FILLER_42_46,VPWR,li1,27.3700,127.8400,1.799947
FILLER_42_43,VPWR,li1,25.9900,127.8400,1.799954
FILLER_42_40,VPWR,li1,24.6100,127.8400,1.799954
FILLER_42_32,VPWR,li1,20.4700,127.8400,1.799965
FILLER_42_29,VPWR,li1,19.5500,127.8400,1.799964
FILLER_42_18,VPWR,li1,14.0300,127.8400,1.799961
FILLER_41_307,VPWR,li1,147.4300,122.4000,1.799804
FILLER_41_304,VPWR,li1,146.0500,122.4000,1.799804
FILLER_41_301,VPWR,li1,144.6700,122.4000,1.799804
FILLER_41_298,VPWR,li1,143.2900,122.4000,1.799804
FILLER_41_295,VPWR,li1,141.9100,122.4000,1.799804
FILLER_41_292,VPWR,li1,140.5300,122.4000,1.799804
FILLER_41_289,VPWR,li1,139.1500,122.4000,1.799804
FILLER_41_286,VPWR,li1,137.7700,122.4000,1.799804
FILLER_41_270,VPWR,li1,130.4100,122.4000,1.799805
FILLER_41_252,VPWR,li1,121.6700,122.4000,1.799808
FILLER_41_249,VPWR,li1,120.7500,122.4000,1.799808
FILLER_41_246,VPWR,li1,119.3700,122.4000,1.799809
FILLER_41_243,VPWR,li1,117.9900,122.4000,1.799809
FILLER_41_221,VPWR,li1,107.8700,122.4000,1.799815
FILLER_41_209,VPWR,li1,102.3500,122.4000,1.799821
FILLER_41_199,VPWR,li1,97.2900,122.4000,1.799826
FILLER_41_196,VPWR,li1,96.3700,122.4000,1.799826
FILLER_41_193,VPWR,li1,94.9900,122.4000,1.799828
FILLER_41_172,VPWR,li1,85.3300,122.4000,1.799839
FILLER_41_169,VPWR,li1,83.9500,122.4000,1.799839
FILLER_41_167,VPWR,li1,82.5700,122.4000,1.799841
FILLER_41_135,VPWR,li1,67.8500,122.4000,1.799864
FILLER_41_132,VPWR,li1,66.9300,122.4000,1.799867
FILLER_41_129,VPWR,li1,65.5500,122.4000,1.799867
FILLER_41_122,VPWR,li1,61.8700,122.4000,1.799873
FILLER_41_119,VPWR,li1,60.9500,122.4000,1.799878
FILLER_41_116,VPWR,li1,59.5700,122.4000,1.799878
FILLER_41_113,VPWR,li1,58.1900,122.4000,1.799882
FILLER_41_66,VPWR,li1,36.1100,122.4000,1.799927
FILLER_41_63,VPWR,li1,35.1900,122.4000,1.799932
FILLER_41_60,VPWR,li1,33.8100,122.4000,1.799936
FILLER_41_57,VPWR,li1,32.4300,122.4000,1.799936
FILLER_41_43,VPWR,li1,25.9900,122.4000,1.799953
FILLER_41_34,VPWR,li1,21.6200,122.4000,1.799965
FILLER_41_31,VPWR,li1,20.4700,122.4000,1.799964
FILLER_41_28,VPWR,li1,19.0900,122.4000,1.799963
FILLER_41_25,VPWR,li1,17.7100,122.4000,1.799963
FILLER_40_309,VPWR,li1,147.8900,122.4000,1.799804
FILLER_40_305,VPWR,li1,146.5100,122.4000,1.799804
FILLER_40_302,VPWR,li1,145.1300,122.4000,1.799804
FILLER_40_299,VPWR,li1,143.7500,122.4000,1.799804
FILLER_40_296,VPWR,li1,142.3700,122.4000,1.799804
FILLER_40_293,VPWR,li1,140.9900,122.4000,1.799804
FILLER_40_290,VPWR,li1,139.6100,122.4000,1.799804
FILLER_40_287,VPWR,li1,138.2300,122.4000,1.799804
FILLER_40_271,VPWR,li1,130.8700,122.4000,1.799805
FILLER_40_268,VPWR,li1,129.4900,122.4000,1.799805
FILLER_40_265,VPWR,li1,128.1100,122.4000,1.799805
FILLER_40_262,VPWR,li1,126.7300,122.4000,1.799806
FILLER_40_259,VPWR,li1,125.3500,122.4000,1.799806
FILLER_40_256,VPWR,li1,123.9700,122.4000,1.799807
FILLER_40_253,VPWR,li1,122.5900,122.4000,1.799807
FILLER_40_241,VPWR,li1,116.6100,122.4000,1.799811
FILLER_40_238,VPWR,li1,115.6900,122.4000,1.799811
FILLER_40_235,VPWR,li1,114.3100,122.4000,1.799812
FILLER_40_232,VPWR,li1,112.9300,122.4000,1.799812
FILLER_40_229,VPWR,li1,111.5500,122.4000,1.799814
FILLER_40_226,VPWR,li1,110.1700,122.4000,1.799814
FILLER_40_206,VPWR,li1,100.7400,122.4000,1.799821
FILLER_40_203,VPWR,li1,99.5900,122.4000,1.799823
FILLER_40_200,VPWR,li1,98.2100,122.4000,1.799823
FILLER_40_197,VPWR,li1,96.8300,122.4000,1.799826
FILLER_40_185,VPWR,li1,91.3100,122.4000,1.799832
FILLER_40_182,VPWR,li1,89.9300,122.4000,1.799832
FILLER_40_179,VPWR,li1,88.5500,122.4000,1.799835
FILLER_40_176,VPWR,li1,87.1700,122.4000,1.799835
FILLER_40_166,VPWR,li1,82.1100,122.4000,1.799841
FILLER_40_156,VPWR,li1,77.5100,122.4000,1.799847
FILLER_40_153,VPWR,li1,76.5900,122.4000,1.799851
FILLER_40_150,VPWR,li1,75.2100,122.4000,1.799851
FILLER_40_139,VPWR,li1,69.6900,122.4000,1.799860
FILLER_40_136,VPWR,li1,68.7700,122.4000,1.799864
FILLER_40_133,VPWR,li1,67.3900,122.4000,1.799864
FILLER_40_130,VPWR,li1,66.0100,122.4000,1.799867
FILLER_40_112,VPWR,li1,57.5000,122.4000,1.799882
FILLER_40_109,VPWR,li1,56.3500,122.4000,1.799886
FILLER_40_106,VPWR,li1,54.9700,122.4000,1.799886
FILLER_40_103,VPWR,li1,53.5900,122.4000,1.799891
FILLER_40_100,VPWR,li1,52.2100,122.4000,1.799891
FILLER_40_97,VPWR,li1,50.8300,122.4000,1.799897
FILLER_40_94,VPWR,li1,49.4500,122.4000,1.799897
FILLER_40_85,VPWR,li1,44.8500,122.4000,1.799907
FILLER_40_83,VPWR,li1,43.9300,122.4000,1.799911
FILLER_40_80,VPWR,li1,43.0100,122.4000,1.799911
FILLER_40_77,VPWR,li1,41.6300,122.4000,1.799917
FILLER_40_74,VPWR,li1,40.2500,122.4000,1.799917
FILLER_40_56,VPWR,li1,31.5100,122.4000,1.799942
FILLER_40_53,VPWR,li1,30.5900,122.4000,1.799942
FILLER_40_50,VPWR,li1,29.2100,122.4000,1.799948
FILLER_40_47,VPWR,li1,27.8300,122.4000,1.799948
FILLER_40_44,VPWR,li1,26.4500,122.4000,1.799953
FILLER_40_35,VPWR,li1,21.8500,122.4000,1.799965
FILLER_40_32,VPWR,li1,20.9300,122.4000,1.799964
FILLER_40_29,VPWR,li1,19.5500,122.4000,1.799964
FILLER_40_12,VPWR,li1,11.7300,122.4000,1.799959
FILLER_39_307,VPWR,li1,147.4300,116.9600,1.799770
FILLER_39_304,VPWR,li1,146.0500,116.9600,1.799770
FILLER_39_301,VPWR,li1,144.6700,116.9600,1.799770
FILLER_39_298,VPWR,li1,143.2900,116.9600,1.799770
FILLER_39_295,VPWR,li1,141.9100,116.9600,1.799770
FILLER_39_292,VPWR,li1,140.5300,116.9600,1.799770
FILLER_39_289,VPWR,li1,139.1500,116.9600,1.799770
FILLER_39_286,VPWR,li1,137.7700,116.9600,1.799770
FILLER_39_278,VPWR,li1,133.8600,116.9600,1.799770
FILLER_39_275,VPWR,li1,132.7100,116.9600,1.799771
FILLER_39_272,VPWR,li1,131.3300,116.9600,1.799771
FILLER_39_269,VPWR,li1,129.9500,116.9600,1.799771
FILLER_39_263,VPWR,li1,126.7300,116.9600,1.799772
FILLER_39_260,VPWR,li1,125.8100,116.9600,1.799773
FILLER_39_257,VPWR,li1,124.4300,116.9600,1.799773
FILLER_39_254,VPWR,li1,123.0500,116.9600,1.799775
FILLER_39_243,VPWR,li1,117.7600,116.9600,1.799777
FILLER_39_240,VPWR,li1,116.6100,116.9600,1.799777
FILLER_39_228,VPWR,li1,110.8600,116.9600,1.799781
FILLER_39_225,VPWR,li1,109.7100,116.9600,1.799783
FILLER_39_223,VPWR,li1,108.3300,116.9600,1.799785
FILLER_39_220,VPWR,li1,107.4100,116.9600,1.799785
FILLER_39_207,VPWR,li1,100.9700,116.9600,1.799793
FILLER_39_204,VPWR,li1,100.0500,116.9600,1.799793
FILLER_39_187,VPWR,li1,92.0000,116.9600,1.799804
FILLER_39_161,VPWR,li1,80.0400,116.9600,1.799824
FILLER_39_158,VPWR,li1,78.8900,116.9600,1.799824
FILLER_39_155,VPWR,li1,77.5100,116.9600,1.799829
FILLER_39_152,VPWR,li1,76.1300,116.9600,1.799829
FILLER_39_141,VPWR,li1,70.8400,116.9600,1.799842
FILLER_39_138,VPWR,li1,69.6900,116.9600,1.799842
FILLER_39_119,VPWR,li1,60.4900,116.9600,1.799862
FILLER_39_116,VPWR,li1,59.5700,116.9600,1.799862
FILLER_39_113,VPWR,li1,58.1900,116.9600,1.799867
FILLER_39_111,VPWR,li1,56.8100,116.9600,1.799871
FILLER_39_100,VPWR,li1,51.9800,116.9600,1.799882
FILLER_39_97,VPWR,li1,50.8300,116.9600,1.799882
FILLER_39_88,VPWR,li1,46.6900,116.9600,1.799892
FILLER_39_85,VPWR,li1,45.3100,116.9600,1.799899
FILLER_39_82,VPWR,li1,43.9300,116.9600,1.799899
FILLER_39_65,VPWR,li1,35.8800,116.9600,1.799920
FILLER_39_46,VPWR,li1,27.1400,116.9600,1.799944
FILLER_39_24,VPWR,li1,16.7900,116.9600,1.799953
FILLER_38_309,VPWR,li1,147.8900,116.9600,1.799770
FILLER_38_306,VPWR,li1,146.7400,116.9600,1.799770
FILLER_38_303,VPWR,li1,145.5900,116.9600,1.799770
FILLER_38_300,VPWR,li1,144.2100,116.9600,1.799770
FILLER_38_297,VPWR,li1,142.8300,116.9600,1.799770
FILLER_38_294,VPWR,li1,141.4500,116.9600,1.799770
FILLER_38_291,VPWR,li1,140.0700,116.9600,1.799770
FILLER_38_249,VPWR,li1,120.7500,116.9600,1.799776
FILLER_38_246,VPWR,li1,119.3700,116.9600,1.799776
FILLER_38_243,VPWR,li1,117.9900,116.9600,1.799777
FILLER_38_240,VPWR,li1,116.6100,116.9600,1.799777
FILLER_38_228,VPWR,li1,110.8600,116.9600,1.799781
FILLER_38_225,VPWR,li1,109.7100,116.9600,1.799783
FILLER_38_206,VPWR,li1,100.9700,116.9600,1.799793
FILLER_38_203,VPWR,li1,99.5900,116.9600,1.799795
FILLER_38_200,VPWR,li1,98.2100,116.9600,1.799795
FILLER_38_197,VPWR,li1,96.8300,116.9600,1.799798
FILLER_38_195,VPWR,li1,95.4500,116.9600,1.799801
FILLER_38_190,VPWR,li1,93.3800,116.9600,1.799804
FILLER_38_187,VPWR,li1,92.2300,116.9600,1.799804
FILLER_38_178,VPWR,li1,87.8600,116.9600,1.799811
FILLER_38_175,VPWR,li1,86.7100,116.9600,1.799811
FILLER_38_172,VPWR,li1,85.3300,116.9600,1.799815
FILLER_38_169,VPWR,li1,83.9500,116.9600,1.799815
FILLER_38_144,VPWR,li1,71.9900,116.9600,1.799838
FILLER_38_141,VPWR,li1,71.0700,116.9600,1.799838
FILLER_38_137,VPWR,li1,69.2300,116.9600,1.799842
FILLER_38_134,VPWR,li1,67.8500,116.9600,1.799847
FILLER_38_131,VPWR,li1,66.4700,116.9600,1.799851
FILLER_38_128,VPWR,li1,65.0900,116.9600,1.799851
FILLER_38_125,VPWR,li1,63.7100,116.9600,1.799856
FILLER_38_122,VPWR,li1,62.3300,116.9600,1.799856
FILLER_38_119,VPWR,li1,60.9500,116.9600,1.799862
FILLER_38_116,VPWR,li1,59.5700,116.9600,1.799862
FILLER_38_113,VPWR,li1,58.1900,116.9600,1.799867
FILLER_38_103,VPWR,li1,53.1300,116.9600,1.799876
FILLER_38_82,VPWR,li1,43.7000,116.9600,1.799899
FILLER_38_79,VPWR,li1,42.5500,116.9600,1.799906
FILLER_38_76,VPWR,li1,41.1700,116.9600,1.799906
FILLER_38_73,VPWR,li1,39.7900,116.9600,1.799913
FILLER_38_70,VPWR,li1,38.4100,116.9600,1.799913
FILLER_38_67,VPWR,li1,37.0300,116.9600,1.799920
FILLER_38_64,VPWR,li1,35.6500,116.9600,1.799920
FILLER_38_61,VPWR,li1,34.2700,116.9600,1.799925
FILLER_38_58,VPWR,li1,32.8900,116.9600,1.799931
FILLER_38_55,VPWR,li1,31.5100,116.9600,1.799931
FILLER_38_52,VPWR,li1,30.1300,116.9600,1.799937
FILLER_38_49,VPWR,li1,28.7500,116.9600,1.799944
FILLER_38_46,VPWR,li1,27.3700,116.9600,1.799944
FILLER_38_43,VPWR,li1,25.9900,116.9600,1.799951
FILLER_38_40,VPWR,li1,24.6100,116.9600,1.799951
FILLER_38_37,VPWR,li1,23.2300,116.9600,1.799960
FILLER_38_34,VPWR,li1,21.8500,116.9600,1.799960
FILLER_38_18,VPWR,li1,14.0300,116.9600,1.799952
FILLER_38_15,VPWR,li1,13.1100,116.9600,1.799952
FILLER_37_299,VPWR,li1,143.7500,111.5200,1.799807
FILLER_37_296,VPWR,li1,142.3700,111.5200,1.799807
FILLER_37_293,VPWR,li1,140.9900,111.5200,1.799807
FILLER_37_290,VPWR,li1,139.6100,111.5200,1.799807
FILLER_37_287,VPWR,li1,138.2300,111.5200,1.799807
FILLER_37_277,VPWR,li1,133.6300,111.5200,1.799807
FILLER_37_274,VPWR,li1,132.2500,111.5200,1.799808
FILLER_37_271,VPWR,li1,130.8700,111.5200,1.799808
FILLER_37_260,VPWR,li1,125.3500,111.5200,1.799810
FILLER_37_232,VPWR,li1,112.7000,111.5200,1.799816
FILLER_37_223,VPWR,li1,108.3300,111.5200,1.799820
FILLER_37_220,VPWR,li1,107.4100,111.5200,1.799820
FILLER_37_206,VPWR,li1,100.5100,111.5200,1.799827
FILLER_37_203,VPWR,li1,99.5900,111.5200,1.799830
FILLER_37_191,VPWR,li1,94.0700,111.5200,1.799834
FILLER_37_188,VPWR,li1,92.6900,111.5200,1.799837
FILLER_37_185,VPWR,li1,91.3100,111.5200,1.799837
FILLER_37_182,VPWR,li1,89.9300,111.5200,1.799841
FILLER_37_179,VPWR,li1,88.5500,111.5200,1.799841
FILLER_37_176,VPWR,li1,87.1700,111.5200,1.799844
FILLER_37_173,VPWR,li1,85.7900,111.5200,1.799844
FILLER_37_165,VPWR,li1,82.1100,111.5200,1.799850
FILLER_37_155,VPWR,li1,77.0500,111.5200,1.799857
FILLER_37_136,VPWR,li1,68.7700,111.5200,1.799870
FILLER_37_116,VPWR,li1,59.3400,111.5200,1.799885
FILLER_37_113,VPWR,li1,58.1900,111.5200,1.799891
FILLER_37_111,VPWR,li1,56.8100,111.5200,1.799891
FILLER_37_108,VPWR,li1,55.8900,111.5200,1.799895
FILLER_37_98,VPWR,li1,50.8300,111.5200,1.799904
FILLER_37_95,VPWR,li1,49.9100,111.5200,1.799904
FILLER_37_92,VPWR,li1,48.5300,111.5200,1.799910
FILLER_37_89,VPWR,li1,47.1500,111.5200,1.799910
FILLER_37_79,VPWR,li1,42.3200,111.5200,1.799920
FILLER_37_71,VPWR,li1,38.4100,111.5200,1.799930
FILLER_37_68,VPWR,li1,37.4900,111.5200,1.799930
FILLER_37_57,VPWR,li1,32.2000,111.5200,1.799944
FILLER_37_55,VPWR,li1,31.0500,111.5200,1.799948
FILLER_37_52,VPWR,li1,30.1300,111.5200,1.799948
FILLER_37_44,VPWR,li1,25.9900,111.5200,1.799957
FILLER_37_34,VPWR,li1,21.8500,111.5200,1.799967
FILLER_37_31,VPWR,li1,20.4700,111.5200,1.799966
FILLER_37_9,VPWR,li1,9.8900,111.5200,1.799961
FILLER_37_6,VPWR,li1,8.9700,111.5200,1.799961
FILLER_37_3,VPWR,li1,7.5900,111.5200,1.799961
FILLER_36_309,VPWR,li1,147.8900,111.5200,1.799806
FILLER_36_306,VPWR,li1,146.7400,111.5200,1.799806
FILLER_36_303,VPWR,li1,145.5900,111.5200,1.799807
FILLER_36_300,VPWR,li1,144.2100,111.5200,1.799807
FILLER_36_297,VPWR,li1,142.8300,111.5200,1.799807
FILLER_36_294,VPWR,li1,141.4500,111.5200,1.799807
FILLER_36_291,VPWR,li1,140.0700,111.5200,1.799807
FILLER_36_288,VPWR,li1,138.6900,111.5200,1.799807
FILLER_36_285,VPWR,li1,137.3100,111.5200,1.799807
FILLER_36_282,VPWR,li1,135.9300,111.5200,1.799807
FILLER_36_272,VPWR,li1,131.3300,111.5200,1.799808
FILLER_36_269,VPWR,li1,129.9500,111.5200,1.799808
FILLER_36_266,VPWR,li1,128.5700,111.5200,1.799809
FILLER_36_263,VPWR,li1,127.1900,111.5200,1.799809
FILLER_36_256,VPWR,li1,123.7400,111.5200,1.799810
FILLER_36_253,VPWR,li1,122.5900,111.5200,1.799811
FILLER_36_242,VPWR,li1,117.5300,111.5200,1.799813
FILLER_36_227,VPWR,li1,110.4000,111.5200,1.799819
FILLER_36_224,VPWR,li1,109.2500,111.5200,1.799819
FILLER_36_221,VPWR,li1,107.8700,111.5200,1.799820
FILLER_36_209,VPWR,li1,102.3500,111.5200,1.799825
FILLER_36_206,VPWR,li1,100.9700,111.5200,1.799827
FILLER_36_203,VPWR,li1,99.5900,111.5200,1.799830
FILLER_36_200,VPWR,li1,98.2100,111.5200,1.799830
FILLER_36_197,VPWR,li1,96.8300,111.5200,1.799832
FILLER_36_193,VPWR,li1,94.9900,111.5200,1.799834
FILLER_36_182,VPWR,li1,89.7000,111.5200,1.799841
FILLER_36_170,VPWR,li1,84.4100,111.5200,1.799847
FILLER_36_167,VPWR,li1,83.0300,111.5200,1.799847
FILLER_36_159,VPWR,li1,79.1200,111.5200,1.799853
FILLER_36_156,VPWR,li1,77.9700,111.5200,1.799857
FILLER_36_153,VPWR,li1,76.5900,111.5200,1.799857
FILLER_36_150,VPWR,li1,75.2100,111.5200,1.799859
FILLER_36_147,VPWR,li1,73.8300,111.5200,1.799863
FILLER_36_144,VPWR,li1,72.4500,111.5200,1.799863
FILLER_36_141,VPWR,li1,71.0700,111.5200,1.799867
FILLER_36_130,VPWR,li1,65.7800,111.5200,1.799874
FILLER_36_127,VPWR,li1,64.6300,111.5200,1.799878
FILLER_36_124,VPWR,li1,63.2500,111.5200,1.799878
FILLER_36_106,VPWR,li1,54.5100,111.5200,1.799895
FILLER_36_95,VPWR,li1,49.6800,111.5200,1.799904
FILLER_36_92,VPWR,li1,48.5300,111.5200,1.799910
FILLER_36_89,VPWR,li1,47.1500,111.5200,1.799910
FILLER_36_82,VPWR,li1,43.7000,111.5200,1.799920
FILLER_36_79,VPWR,li1,42.5500,111.5200,1.799920
FILLER_36_76,VPWR,li1,41.1700,111.5200,1.799924
FILLER_36_60,VPWR,li1,33.3500,111.5200,1.799940
FILLER_36_57,VPWR,li1,32.4300,111.5200,1.799944
FILLER_36_54,VPWR,li1,31.0500,111.5200,1.799948
FILLER_36_51,VPWR,li1,29.6700,111.5200,1.799948
FILLER_36_48,VPWR,li1,28.2900,111.5200,1.799952
FILLER_36_45,VPWR,li1,26.9100,111.5200,1.799957
FILLER_36_35,VPWR,li1,22.0800,111.5200,1.799967
FILLER_36_32,VPWR,li1,20.9300,111.5200,1.799966
FILLER_36_29,VPWR,li1,19.5500,111.5200,1.799966
FILLER_36_25,VPWR,li1,17.7100,111.5200,1.799964
FILLER_36_3,VPWR,li1,7.1300,111.5200,1.799961
FILLER_35_299,VPWR,li1,143.7500,106.0800,1.799872
FILLER_35_296,VPWR,li1,142.3700,106.0800,1.799872
FILLER_35_293,VPWR,li1,140.9900,106.0800,1.799872
FILLER_35_290,VPWR,li1,139.6100,106.0800,1.799872
FILLER_35_287,VPWR,li1,138.2300,106.0800,1.799872
FILLER_35_284,VPWR,li1,136.8500,106.0800,1.799873
FILLER_35_281,VPWR,li1,135.4700,106.0800,1.799873
FILLER_35_278,VPWR,li1,133.8600,106.0800,1.799873
FILLER_35_275,VPWR,li1,132.7100,106.0800,1.799873
FILLER_35_264,VPWR,li1,127.6500,106.0800,1.799874
FILLER_35_254,VPWR,li1,122.5900,106.0800,1.799876
FILLER_35_251,VPWR,li1,121.6700,106.0800,1.799877
FILLER_35_248,VPWR,li1,120.2900,106.0800,1.799877
FILLER_35_245,VPWR,li1,118.9100,106.0800,1.799878
FILLER_35_242,VPWR,li1,117.5300,106.0800,1.799878
FILLER_35_239,VPWR,li1,116.1500,106.0800,1.799879
FILLER_35_236,VPWR,li1,114.7700,106.0800,1.799879
FILLER_35_228,VPWR,li1,111.0900,106.0800,1.799882
FILLER_35_225,VPWR,li1,109.7100,106.0800,1.799882
FILLER_35_215,VPWR,li1,105.1100,106.0800,1.799885
FILLER_35_192,VPWR,li1,94.0700,106.0800,1.799893
FILLER_35_189,VPWR,li1,93.1500,106.0800,1.799893
FILLER_35_172,VPWR,li1,84.8700,106.0800,1.799899
FILLER_35_169,VPWR,li1,83.9500,106.0800,1.799899
FILLER_35_165,VPWR,li1,82.1100,106.0800,1.799900
FILLER_35_154,VPWR,li1,76.8200,106.0800,1.799906
FILLER_35_151,VPWR,li1,75.6700,106.0800,1.799906
FILLER_35_138,VPWR,li1,69.2300,106.0800,1.799911
FILLER_35_135,VPWR,li1,68.3100,106.0800,1.799914
FILLER_35_132,VPWR,li1,66.9300,106.0800,1.799914
FILLER_35_129,VPWR,li1,65.5500,106.0800,1.799916
FILLER_35_126,VPWR,li1,64.1700,106.0800,1.799916
FILLER_35_109,VPWR,li1,56.3500,106.0800,1.799926
FILLER_35_106,VPWR,li1,54.9700,106.0800,1.799926
FILLER_35_76,VPWR,li1,41.1700,106.0800,1.799947
FILLER_35_73,VPWR,li1,39.7900,106.0800,1.799947
FILLER_35_70,VPWR,li1,38.4100,106.0800,1.799951
FILLER_35_67,VPWR,li1,37.0300,106.0800,1.799954
FILLER_35_64,VPWR,li1,35.6500,106.0800,1.799954
FILLER_35_57,VPWR,li1,31.9700,106.0800,1.799961
FILLER_35_55,VPWR,li1,31.0500,106.0800,1.799961
FILLER_35_52,VPWR,li1,30.1300,106.0800,1.799965
FILLER_35_49,VPWR,li1,28.7500,106.0800,1.799965
FILLER_35_46,VPWR,li1,27.3700,106.0800,1.799968
FILLER_35_43,VPWR,li1,25.9900,106.0800,1.799971
FILLER_35_40,VPWR,li1,24.6100,106.0800,1.799971
FILLER_35_37,VPWR,li1,23.2300,106.0800,1.799975
FILLER_35_34,VPWR,li1,21.8500,106.0800,1.799979
FILLER_35_31,VPWR,li1,20.4700,106.0800,1.799979
FILLER_35_28,VPWR,li1,19.0900,106.0800,1.799978
FILLER_35_11,VPWR,li1,11.0400,106.0800,1.799976
FILLER_34_309,VPWR,li1,147.8900,106.0800,1.799872
FILLER_34_305,VPWR,li1,146.5100,106.0800,1.799872
FILLER_34_302,VPWR,li1,145.1300,106.0800,1.799872
FILLER_34_299,VPWR,li1,143.7500,106.0800,1.799872
FILLER_34_296,VPWR,li1,142.3700,106.0800,1.799872
FILLER_34_293,VPWR,li1,140.9900,106.0800,1.799872
FILLER_34_290,VPWR,li1,139.6100,106.0800,1.799872
FILLER_34_287,VPWR,li1,138.2300,106.0800,1.799872
FILLER_34_263,VPWR,li1,127.1900,106.0800,1.799874
FILLER_34_253,VPWR,li1,122.5900,106.0800,1.799876
FILLER_34_234,VPWR,li1,113.6200,106.0800,1.799881
FILLER_34_231,VPWR,li1,112.4700,106.0800,1.799881
FILLER_34_228,VPWR,li1,111.0900,106.0800,1.799882
FILLER_34_218,VPWR,li1,106.4900,106.0800,1.799885
FILLER_34_215,VPWR,li1,105.1100,106.0800,1.799885
FILLER_34_212,VPWR,li1,103.7300,106.0800,1.799886
FILLER_34_209,VPWR,li1,102.3500,106.0800,1.799888
FILLER_34_206,VPWR,li1,100.9700,106.0800,1.799888
FILLER_34_203,VPWR,li1,99.5900,106.0800,1.799889
FILLER_34_200,VPWR,li1,98.2100,106.0800,1.799889
FILLER_34_197,VPWR,li1,96.8300,106.0800,1.799891
FILLER_34_195,VPWR,li1,95.4500,106.0800,1.799891
FILLER_34_192,VPWR,li1,94.5300,106.0800,1.799893
FILLER_34_189,VPWR,li1,93.1500,106.0800,1.799893
FILLER_34_186,VPWR,li1,91.7700,106.0800,1.799895
FILLER_34_183,VPWR,li1,90.3900,106.0800,1.799895
FILLER_34_176,VPWR,li1,86.9400,106.0800,1.799898
FILLER_34_173,VPWR,li1,85.7900,106.0800,1.799898
FILLER_34_170,VPWR,li1,84.4100,106.0800,1.799899
FILLER_34_167,VPWR,li1,83.0300,106.0800,1.799900
FILLER_34_158,VPWR,li1,78.6600,106.0800,1.799904
FILLER_34_147,VPWR,li1,73.8300,106.0800,1.799907
FILLER_34_144,VPWR,li1,72.4500,106.0800,1.799910
FILLER_34_141,VPWR,li1,71.0700,106.0800,1.799910
FILLER_34_129,VPWR,li1,65.5500,106.0800,1.799916
FILLER_34_118,VPWR,li1,60.2600,106.0800,1.799921
FILLER_34_115,VPWR,li1,59.1100,106.0800,1.799921
FILLER_34_97,VPWR,li1,50.6000,106.0800,1.799933
FILLER_34_94,VPWR,li1,49.4500,106.0800,1.799933
FILLER_34_83,VPWR,li1,43.9300,106.0800,1.799941
FILLER_34_80,VPWR,li1,43.0100,106.0800,1.799944
FILLER_34_77,VPWR,li1,41.6300,106.0800,1.799944
FILLER_34_74,VPWR,li1,40.2500,106.0800,1.799947
FILLER_34_71,VPWR,li1,38.8700,106.0800,1.799951
FILLER_34_68,VPWR,li1,37.4900,106.0800,1.799951
FILLER_34_65,VPWR,li1,36.1100,106.0800,1.799954
FILLER_34_62,VPWR,li1,34.7300,106.0800,1.799957
FILLER_34_59,VPWR,li1,33.3500,106.0800,1.799957
FILLER_34_56,VPWR,li1,31.9700,106.0800,1.799961
FILLER_34_50,VPWR,li1,28.7500,106.0800,1.799965
FILLER_34_47,VPWR,li1,27.8300,106.0800,1.799968
FILLER_34_44,VPWR,li1,26.4500,106.0800,1.799968
FILLER_34_41,VPWR,li1,25.0700,106.0800,1.799971
FILLER_34_38,VPWR,li1,23.6900,106.0800,1.799975
FILLER_34_35,VPWR,li1,22.3100,106.0800,1.799975
FILLER_34_27,VPWR,li1,18.1700,106.0800,1.799978
FILLER_34_24,VPWR,li1,17.2500,106.0800,1.799977
FILLER_34_21,VPWR,li1,15.8700,106.0800,1.799977
FILLER_34_18,VPWR,li1,14.4900,106.0800,1.799976
FILLER_33_308,VPWR,li1,147.6600,100.6400,1.799823
FILLER_33_305,VPWR,li1,146.5100,100.6400,1.799823
FILLER_33_302,VPWR,li1,145.1300,100.6400,1.799823
FILLER_33_299,VPWR,li1,143.7500,100.6400,1.799823
FILLER_33_296,VPWR,li1,142.3700,100.6400,1.799823
FILLER_33_293,VPWR,li1,140.9900,100.6400,1.799823
FILLER_33_290,VPWR,li1,139.6100,100.6400,1.799823
FILLER_33_287,VPWR,li1,138.2300,100.6400,1.799823
FILLER_33_284,VPWR,li1,136.8500,100.6400,1.799823
FILLER_33_281,VPWR,li1,135.4700,100.6400,1.799823
FILLER_33_277,VPWR,li1,133.6300,100.6400,1.799823
FILLER_33_274,VPWR,li1,132.2500,100.6400,1.799823
FILLER_33_268,VPWR,li1,129.4900,100.6400,1.799823
FILLER_33_265,VPWR,li1,128.1100,100.6400,1.799823
FILLER_33_258,VPWR,li1,124.4300,100.6400,1.799824
FILLER_33_255,VPWR,li1,123.5100,100.6400,1.799824
FILLER_33_252,VPWR,li1,122.1300,100.6400,1.799824
FILLER_33_249,VPWR,li1,120.7500,100.6400,1.799825
FILLER_33_235,VPWR,li1,114.0800,100.6400,1.799826
FILLER_33_223,VPWR,li1,108.3300,100.6400,1.799829
FILLER_33_220,VPWR,li1,107.4100,100.6400,1.799829
FILLER_33_192,VPWR,li1,94.0700,100.6400,1.799837
FILLER_33_189,VPWR,li1,93.1500,100.6400,1.799837
FILLER_33_181,VPWR,li1,89.2400,100.6400,1.799842
FILLER_33_178,VPWR,li1,88.0900,100.6400,1.799842
FILLER_33_167,VPWR,li1,82.5700,100.6400,1.799848
FILLER_33_164,VPWR,li1,81.6500,100.6400,1.799851
FILLER_33_161,VPWR,li1,80.2700,100.6400,1.799851
FILLER_33_158,VPWR,li1,78.8900,100.6400,1.799854
FILLER_33_155,VPWR,li1,77.5100,100.6400,1.799854
FILLER_33_152,VPWR,li1,76.1300,100.6400,1.799858
FILLER_33_149,VPWR,li1,74.7500,100.6400,1.799858
FILLER_33_146,VPWR,li1,73.3700,100.6400,1.799862
FILLER_33_143,VPWR,li1,71.9900,100.6400,1.799862
FILLER_33_140,VPWR,li1,70.6100,100.6400,1.799866
FILLER_33_137,VPWR,li1,69.2300,100.6400,1.799869
FILLER_33_134,VPWR,li1,67.8500,100.6400,1.799869
FILLER_33_126,VPWR,li1,64.1700,100.6400,1.799875
FILLER_33_116,VPWR,li1,59.1100,100.6400,1.799885
FILLER_33_113,VPWR,li1,58.1900,100.6400,1.799885
FILLER_33_111,VPWR,li1,56.8100,100.6400,1.799889
FILLER_33_108,VPWR,li1,55.8900,100.6400,1.799889
FILLER_33_105,VPWR,li1,54.5100,100.6400,1.799895
FILLER_33_76,VPWR,li1,40.9400,100.6400,1.799924
FILLER_33_60,VPWR,li1,33.8100,100.6400,1.799937
FILLER_33_57,VPWR,li1,32.4300,100.6400,1.799941
FILLER_33_37,VPWR,li1,23.0000,100.6400,1.799964
FILLER_33_34,VPWR,li1,21.8500,100.6400,1.799970
FILLER_33_31,VPWR,li1,20.4700,100.6400,1.799970
FILLER_33_28,VPWR,li1,19.0900,100.6400,1.799969
FILLER_33_25,VPWR,li1,17.7100,100.6400,1.799969
FILLER_33_22,VPWR,li1,16.3300,100.6400,1.799969
FILLER_33_19,VPWR,li1,14.9500,100.6400,1.799968
FILLER_33_16,VPWR,li1,13.5700,100.6400,1.799968
FILLER_32_309,VPWR,li1,147.8900,100.6400,1.799823
FILLER_32_305,VPWR,li1,146.5100,100.6400,1.799823
FILLER_32_302,VPWR,li1,145.1300,100.6400,1.799823
FILLER_32_299,VPWR,li1,143.7500,100.6400,1.799823
FILLER_32_296,VPWR,li1,142.3700,100.6400,1.799823
FILLER_32_293,VPWR,li1,140.9900,100.6400,1.799823
FILLER_32_290,VPWR,li1,139.6100,100.6400,1.799823
FILLER_32_287,VPWR,li1,138.2300,100.6400,1.799823
FILLER_32_284,VPWR,li1,136.8500,100.6400,1.799823
FILLER_32_281,VPWR,li1,135.4700,100.6400,1.799823
FILLER_32_278,VPWR,li1,134.0900,100.6400,1.799823
FILLER_32_275,VPWR,li1,132.7100,100.6400,1.799823
FILLER_32_272,VPWR,li1,131.3300,100.6400,1.799823
FILLER_32_259,VPWR,li1,125.3500,100.6400,1.799824
FILLER_32_256,VPWR,li1,123.9700,100.6400,1.799824
FILLER_32_253,VPWR,li1,122.5900,100.6400,1.799824
FILLER_32_251,VPWR,li1,121.2100,100.6400,1.799825
FILLER_32_245,VPWR,li1,118.4500,100.6400,1.799825
FILLER_32_241,VPWR,li1,116.6100,100.6400,1.799826
FILLER_32_238,VPWR,li1,115.6900,100.6400,1.799826
FILLER_32_221,VPWR,li1,107.8700,100.6400,1.799829
FILLER_32_218,VPWR,li1,106.4900,100.6400,1.799830
FILLER_32_215,VPWR,li1,105.1100,100.6400,1.799830
FILLER_32_205,VPWR,li1,100.0500,100.6400,1.799832
FILLER_32_193,VPWR,li1,94.9900,100.6400,1.799836
FILLER_32_190,VPWR,li1,93.6100,100.6400,1.799837
FILLER_32_139,VPWR,li1,69.6900,100.6400,1.799866
FILLER_32_136,VPWR,li1,68.7700,100.6400,1.799869
FILLER_32_133,VPWR,li1,67.3900,100.6400,1.799872
FILLER_32_128,VPWR,li1,64.6300,100.6400,1.799875
FILLER_32_125,VPWR,li1,63.7100,100.6400,1.799875
FILLER_32_122,VPWR,li1,62.3300,100.6400,1.799879
FILLER_32_105,VPWR,li1,54.2800,100.6400,1.799895
FILLER_32_102,VPWR,li1,53.1300,100.6400,1.799895
FILLER_32_81,VPWR,li1,43.4700,100.6400,1.799917
FILLER_32_78,VPWR,li1,42.0900,100.6400,1.799917
FILLER_32_75,VPWR,li1,40.7100,100.6400,1.799924
FILLER_32_72,VPWR,li1,39.3300,100.6400,1.799924
FILLER_32_62,VPWR,li1,34.7300,100.6400,1.799937
FILLER_32_59,VPWR,li1,33.3500,100.6400,1.799941
FILLER_32_56,VPWR,li1,31.9700,100.6400,1.799941
FILLER_32_53,VPWR,li1,30.5900,100.6400,1.799946
FILLER_32_50,VPWR,li1,29.2100,100.6400,1.799951
FILLER_32_47,VPWR,li1,27.8300,100.6400,1.799951
FILLER_32_44,VPWR,li1,26.4500,100.6400,1.799958
FILLER_32_41,VPWR,li1,25.0700,100.6400,1.799958
FILLER_32_38,VPWR,li1,23.6900,100.6400,1.799964
FILLER_32_32,VPWR,li1,20.4700,100.6400,1.799970
FILLER_32_29,VPWR,li1,19.5500,100.6400,1.799969
FILLER_32_27,VPWR,li1,18.1700,100.6400,1.799969
FILLER_32_24,VPWR,li1,17.2500,100.6400,1.799969
FILLER_31_309,VPWR,li1,147.8900,95.2000,1.799746
FILLER_31_306,VPWR,li1,146.9700,95.2000,1.799746
FILLER_31_303,VPWR,li1,145.5900,95.2000,1.799746
FILLER_31_300,VPWR,li1,144.2100,95.2000,1.799746
FILLER_31_263,VPWR,li1,126.9600,95.2000,1.799752
FILLER_31_244,VPWR,li1,117.9900,95.2000,1.799758
FILLER_31_221,VPWR,li1,107.8700,95.2000,1.799768
FILLER_31_218,VPWR,li1,106.4900,95.2000,1.799768
FILLER_31_207,VPWR,li1,101.4300,95.2000,1.799775
FILLER_31_204,VPWR,li1,100.0500,95.2000,1.799778
FILLER_31_201,VPWR,li1,98.6700,95.2000,1.799778
FILLER_31_198,VPWR,li1,97.2900,95.2000,1.799780
FILLER_31_190,VPWR,li1,93.1500,95.2000,1.799786
FILLER_31_187,VPWR,li1,92.2300,95.2000,1.799789
FILLER_31_184,VPWR,li1,90.8500,95.2000,1.799789
FILLER_31_181,VPWR,li1,89.4700,95.2000,1.799794
FILLER_31_178,VPWR,li1,88.0900,95.2000,1.799794
FILLER_31_169,VPWR,li1,83.7200,95.2000,1.799801
FILLER_31_165,VPWR,li1,82.1100,95.2000,1.799804
FILLER_31_162,VPWR,li1,80.7300,95.2000,1.799809
FILLER_31_159,VPWR,li1,79.3500,95.2000,1.799809
FILLER_31_156,VPWR,li1,77.9700,95.2000,1.799812
FILLER_31_113,VPWR,li1,57.7300,95.2000,1.799855
FILLER_31_110,VPWR,li1,56.5800,95.2000,1.799860
FILLER_31_107,VPWR,li1,55.4300,95.2000,1.799860
FILLER_31_95,VPWR,li1,49.9100,95.2000,1.799878
FILLER_31_76,VPWR,li1,40.7100,95.2000,1.799900
FILLER_31_73,VPWR,li1,39.7900,95.2000,1.799907
FILLER_31_70,VPWR,li1,38.4100,95.2000,1.799907
FILLER_31_57,VPWR,li1,31.9700,95.2000,1.799927
FILLER_31_46,VPWR,li1,27.3700,95.2000,1.799945
FILLER_31_43,VPWR,li1,25.9900,95.2000,1.799945
FILLER_31_40,VPWR,li1,24.6100,95.2000,1.799953
FILLER_31_35,VPWR,li1,22.0800,95.2000,1.799962
FILLER_31_32,VPWR,li1,20.9300,95.2000,1.799962
FILLER_31_29,VPWR,li1,19.5500,95.2000,1.799960
FILLER_31_11,VPWR,li1,11.2700,95.2000,1.799957
FILLER_30_309,VPWR,li1,147.8900,95.2000,1.799746
FILLER_30_298,VPWR,li1,142.8300,95.2000,1.799747
FILLER_30_271,VPWR,li1,130.8700,95.2000,1.799750
FILLER_30_262,VPWR,li1,126.2700,95.2000,1.799752
FILLER_30_259,VPWR,li1,125.3500,95.2000,1.799753
FILLER_30_256,VPWR,li1,123.9700,95.2000,1.799755
FILLER_30_253,VPWR,li1,122.5900,95.2000,1.799755
FILLER_30_197,VPWR,li1,96.8300,95.2000,1.799780
FILLER_30_194,VPWR,li1,95.2200,95.2000,1.799783
FILLER_30_180,VPWR,li1,88.7800,95.2000,1.799794
FILLER_30_170,VPWR,li1,83.9500,95.2000,1.799801
FILLER_30_150,VPWR,li1,75.2100,95.2000,1.799816
FILLER_30_147,VPWR,li1,73.8300,95.2000,1.799822
FILLER_30_144,VPWR,li1,72.4500,95.2000,1.799822
FILLER_30_141,VPWR,li1,71.0700,95.2000,1.799828
FILLER_30_138,VPWR,li1,69.4600,95.2000,1.799828
FILLER_30_129,VPWR,li1,65.0900,95.2000,1.799837
FILLER_30_123,VPWR,li1,62.3300,95.2000,1.799843
FILLER_30_112,VPWR,li1,57.5000,95.2000,1.799855
FILLER_30_85,VPWR,li1,45.0800,95.2000,1.799889
FILLER_30_82,VPWR,li1,43.7000,95.2000,1.799894
FILLER_30_79,VPWR,li1,42.5500,95.2000,1.799894
FILLER_30_76,VPWR,li1,41.1700,95.2000,1.799900
FILLER_30_73,VPWR,li1,39.7900,95.2000,1.799907
FILLER_30_70,VPWR,li1,38.4100,95.2000,1.799907
FILLER_30_67,VPWR,li1,37.0300,95.2000,1.799913
FILLER_30_55,VPWR,li1,31.5100,95.2000,1.799927
FILLER_30_52,VPWR,li1,30.1300,95.2000,1.799936
FILLER_30_49,VPWR,li1,28.7500,95.2000,1.799936
FILLER_30_46,VPWR,li1,27.3700,95.2000,1.799945
FILLER_30_43,VPWR,li1,25.9900,95.2000,1.799945
FILLER_30_32,VPWR,li1,20.7000,95.2000,1.799962
FILLER_30_29,VPWR,li1,19.5500,95.2000,1.799960
FILLER_30_27,VPWR,li1,18.1700,95.2000,1.799960
FILLER_30_21,VPWR,li1,15.4100,95.2000,1.799959
FILLER_30_18,VPWR,li1,14.4900,95.2000,1.799958
FILLER_30_3,VPWR,li1,7.1300,95.2000,1.799957
FILLER_29_308,VPWR,li1,147.6600,89.7600,1.799652
FILLER_29_284,VPWR,li1,136.6200,89.7600,1.799655
FILLER_29_281,VPWR,li1,135.4700,89.7600,1.799655
FILLER_29_279,VPWR,li1,134.0900,89.7600,1.799656
FILLER_29_276,VPWR,li1,133.1700,89.7600,1.799656
FILLER_29_273,VPWR,li1,131.7900,89.7600,1.799657
FILLER_29_257,VPWR,li1,124.2000,89.7600,1.799664
FILLER_29_254,VPWR,li1,123.0500,89.7600,1.799664
FILLER_29_251,VPWR,li1,121.6700,89.7600,1.799667
FILLER_29_248,VPWR,li1,120.2900,89.7600,1.799667
FILLER_29_245,VPWR,li1,118.9100,89.7600,1.799670
FILLER_29_236,VPWR,li1,114.3100,89.7600,1.799676
FILLER_29_225,VPWR,li1,109.4800,89.7600,1.799682
FILLER_29_223,VPWR,li1,108.3300,89.7600,1.799685
FILLER_29_220,VPWR,li1,107.4100,89.7600,1.799685
FILLER_29_200,VPWR,li1,97.7500,89.7600,1.799706
FILLER_29_197,VPWR,li1,96.8300,89.7600,1.799706
FILLER_29_188,VPWR,li1,92.2300,89.7600,1.799718
FILLER_29_185,VPWR,li1,91.3100,89.7600,1.799718
FILLER_29_182,VPWR,li1,89.9300,89.7600,1.799724
FILLER_29_169,VPWR,li1,83.4900,89.7600,1.799740
FILLER_29_167,VPWR,li1,82.5700,89.7600,1.799740
FILLER_29_164,VPWR,li1,81.6500,89.7600,1.799746
FILLER_29_161,VPWR,li1,80.2700,89.7600,1.799746
FILLER_29_140,VPWR,li1,70.6100,89.7600,1.799778
FILLER_29_137,VPWR,li1,69.2300,89.7600,1.799778
FILLER_29_134,VPWR,li1,67.8500,89.7600,1.799787
FILLER_29_131,VPWR,li1,66.4700,89.7600,1.799787
FILLER_29_128,VPWR,li1,65.0900,89.7600,1.799793
FILLER_29_113,VPWR,li1,57.9600,89.7600,1.799817
FILLER_29_89,VPWR,li1,46.9200,89.7600,1.799859
FILLER_29_86,VPWR,li1,45.7700,89.7600,1.799859
FILLER_29_83,VPWR,li1,44.3900,89.7600,1.799868
FILLER_29_80,VPWR,li1,43.0100,89.7600,1.799868
FILLER_29_77,VPWR,li1,41.6300,89.7600,1.799876
FILLER_29_74,VPWR,li1,40.2500,89.7600,1.799883
FILLER_29_71,VPWR,li1,38.8700,89.7600,1.799883
FILLER_29_63,VPWR,li1,34.7300,89.7600,1.799899
FILLER_29_60,VPWR,li1,33.8100,89.7600,1.799906
FILLER_29_57,VPWR,li1,32.4300,89.7600,1.799914
FILLER_29_54,VPWR,li1,30.8200,89.7600,1.799914
FILLER_29_51,VPWR,li1,29.6700,89.7600,1.799924
FILLER_29_48,VPWR,li1,28.2900,89.7600,1.799924
FILLER_29_37,VPWR,li1,23.2300,89.7600,1.799949
FILLER_29_24,VPWR,li1,16.7900,89.7600,1.799944
FILLER_28_309,VPWR,li1,147.8900,89.7600,1.799652
FILLER_28_307,VPWR,li1,146.9700,89.7600,1.799652
FILLER_28_293,VPWR,li1,140.7600,89.7600,1.799653
FILLER_28_272,VPWR,li1,130.8700,89.7600,1.799657
FILLER_28_246,VPWR,li1,119.1400,89.7600,1.799670
FILLER_28_243,VPWR,li1,117.9900,89.7600,1.799670
FILLER_28_234,VPWR,li1,113.8500,89.7600,1.799676
FILLER_28_208,VPWR,li1,101.6600,89.7600,1.799698
FILLER_28_205,VPWR,li1,100.5100,89.7600,1.799698
FILLER_28_176,VPWR,li1,86.9400,89.7600,1.799728
FILLER_28_169,VPWR,li1,83.4900,89.7600,1.799740
FILLER_28_166,VPWR,li1,82.5700,89.7600,1.799740
FILLER_28_157,VPWR,li1,78.2000,89.7600,1.799755
FILLER_28_154,VPWR,li1,77.0500,89.7600,1.799755
FILLER_28_151,VPWR,li1,75.6700,89.7600,1.799763
FILLER_28_148,VPWR,li1,74.2900,89.7600,1.799763
FILLER_28_138,VPWR,li1,69.4600,89.7600,1.799778
FILLER_28_128,VPWR,li1,64.6300,89.7600,1.799793
FILLER_28_125,VPWR,li1,63.7100,89.7600,1.799800
FILLER_28_122,VPWR,li1,62.3300,89.7600,1.799800
FILLER_28_110,VPWR,li1,56.8100,89.7600,1.799823
FILLER_28_107,VPWR,li1,55.4300,89.7600,1.799823
FILLER_28_97,VPWR,li1,50.3700,89.7600,1.799841
FILLER_28_94,VPWR,li1,49.4500,89.7600,1.799849
FILLER_28_91,VPWR,li1,48.0700,89.7600,1.799849
FILLER_28_88,VPWR,li1,46.6900,89.7600,1.799859
FILLER_28_85,VPWR,li1,45.3100,89.7600,1.799859
FILLER_28_83,VPWR,li1,43.9300,89.7600,1.799868
FILLER_28_80,VPWR,li1,43.0100,89.7600,1.799868
FILLER_28_64,VPWR,li1,35.1900,89.7600,1.799899
FILLER_28_61,VPWR,li1,34.2700,89.7600,1.799906
FILLER_28_58,VPWR,li1,32.8900,89.7600,1.799906
FILLER_28_55,VPWR,li1,31.5100,89.7600,1.799914
FILLER_28_47,VPWR,li1,27.3700,89.7600,1.799933
FILLER_28_44,VPWR,li1,26.4500,89.7600,1.799933
FILLER_28_29,VPWR,li1,19.0900,89.7600,1.799946
FILLER_28_15,VPWR,li1,12.6500,89.7600,1.799941
FILLER_27_291,VPWR,li1,139.8400,84.3200,1.799716
FILLER_27_270,VPWR,li1,129.9500,84.3200,1.799722
FILLER_27_267,VPWR,li1,129.0300,84.3200,1.799722
FILLER_27_264,VPWR,li1,127.6500,84.3200,1.799724
FILLER_27_261,VPWR,li1,126.2700,84.3200,1.799724
FILLER_27_225,VPWR,li1,109.4800,84.3200,1.799743
FILLER_27_211,VPWR,li1,102.8100,84.3200,1.799754
FILLER_27_208,VPWR,li1,101.8900,84.3200,1.799754
FILLER_27_205,VPWR,li1,100.5100,84.3200,1.799757
FILLER_27_189,VPWR,li1,93.1500,84.3200,1.799772
FILLER_27_169,VPWR,li1,83.7200,84.3200,1.799794
FILLER_27_165,VPWR,li1,82.1100,84.3200,1.799794
FILLER_27_154,VPWR,li1,76.8200,84.3200,1.799807
FILLER_27_151,VPWR,li1,75.6700,84.3200,1.799811
FILLER_27_148,VPWR,li1,74.2900,84.3200,1.799817
FILLER_27_145,VPWR,li1,72.9100,84.3200,1.799817
FILLER_27_142,VPWR,li1,71.5300,84.3200,1.799821
FILLER_27_139,VPWR,li1,70.1500,84.3200,1.799827
FILLER_27_136,VPWR,li1,68.7700,84.3200,1.799827
FILLER_27_133,VPWR,li1,67.3900,84.3200,1.799834
FILLER_27_130,VPWR,li1,66.0100,84.3200,1.799834
FILLER_27_127,VPWR,li1,64.6300,84.3200,1.799841
FILLER_27_116,VPWR,li1,59.3400,84.3200,1.799855
FILLER_27_113,VPWR,li1,58.1900,84.3200,1.799855
FILLER_27_111,VPWR,li1,56.8100,84.3200,1.799860
FILLER_27_108,VPWR,li1,55.8900,84.3200,1.799865
FILLER_27_105,VPWR,li1,54.5100,84.3200,1.799865
FILLER_27_102,VPWR,li1,53.1300,84.3200,1.799871
FILLER_27_99,VPWR,li1,51.7500,84.3200,1.799876
FILLER_27_96,VPWR,li1,50.3700,84.3200,1.799876
FILLER_27_77,VPWR,li1,41.1700,84.3200,1.799906
FILLER_27_74,VPWR,li1,40.2500,84.3200,1.799906
FILLER_27_71,VPWR,li1,38.8700,84.3200,1.799914
FILLER_27_54,VPWR,li1,30.8200,84.3200,1.799936
FILLER_27_40,VPWR,li1,24.3800,84.3200,1.799953
FILLER_27_37,VPWR,li1,23.2300,84.3200,1.799961
FILLER_27_34,VPWR,li1,21.8500,84.3200,1.799961
FILLER_27_19,VPWR,li1,14.7200,84.3200,1.799955
FILLER_26_309,VPWR,li1,147.8900,84.3200,1.799715
FILLER_26_307,VPWR,li1,146.9700,84.3200,1.799715
FILLER_26_275,VPWR,li1,132.4800,84.3200,1.799721
FILLER_26_272,VPWR,li1,131.3300,84.3200,1.799721
FILLER_26_262,VPWR,li1,126.7300,84.3200,1.799724
FILLER_26_249,VPWR,li1,120.7500,84.3200,1.799729
FILLER_26_241,VPWR,li1,116.6100,84.3200,1.799734
FILLER_26_238,VPWR,li1,115.6900,84.3200,1.799734
FILLER_26_229,VPWR,li1,111.5500,84.3200,1.799739
FILLER_26_219,VPWR,li1,106.4900,84.3200,1.799746
FILLER_26_216,VPWR,li1,105.5700,84.3200,1.799750
FILLER_26_213,VPWR,li1,104.1900,84.3200,1.799750
FILLER_26_205,VPWR,li1,100.0500,84.3200,1.799757
FILLER_26_194,VPWR,li1,95.2200,84.3200,1.799767
FILLER_26_171,VPWR,li1,84.6400,84.3200,1.799788
FILLER_26_161,VPWR,li1,80.0400,84.3200,1.799800
FILLER_26_150,VPWR,li1,74.9800,84.3200,1.799811
FILLER_26_147,VPWR,li1,73.8300,84.3200,1.799817
FILLER_26_144,VPWR,li1,72.4500,84.3200,1.799821
FILLER_26_141,VPWR,li1,71.0700,84.3200,1.799821
FILLER_26_139,VPWR,li1,69.6900,84.3200,1.799827
FILLER_26_136,VPWR,li1,68.7700,84.3200,1.799827
FILLER_26_133,VPWR,li1,67.3900,84.3200,1.799834
FILLER_26_130,VPWR,li1,66.0100,84.3200,1.799834
FILLER_26_127,VPWR,li1,64.6300,84.3200,1.799841
FILLER_26_124,VPWR,li1,63.2500,84.3200,1.799841
FILLER_26_112,VPWR,li1,57.7300,84.3200,1.799860
FILLER_26_109,VPWR,li1,56.3500,84.3200,1.799860
FILLER_26_106,VPWR,li1,54.9700,84.3200,1.799865
FILLER_26_94,VPWR,li1,49.4500,84.3200,1.799883
FILLER_26_91,VPWR,li1,48.0700,84.3200,1.799883
FILLER_26_88,VPWR,li1,46.6900,84.3200,1.799891
FILLER_26_85,VPWR,li1,45.3100,84.3200,1.799891
FILLER_26_83,VPWR,li1,43.9300,84.3200,1.799897
FILLER_26_80,VPWR,li1,43.0100,84.3200,1.799897
FILLER_26_77,VPWR,li1,41.6300,84.3200,1.799906
FILLER_26_74,VPWR,li1,40.2500,84.3200,1.799906
FILLER_26_71,VPWR,li1,38.8700,84.3200,1.799914
FILLER_26_68,VPWR,li1,37.4900,84.3200,1.799914
FILLER_26_65,VPWR,li1,36.1100,84.3200,1.799922
FILLER_26_62,VPWR,li1,34.7300,84.3200,1.799922
FILLER_26_52,VPWR,li1,30.1300,84.3200,1.799936
FILLER_26_49,VPWR,li1,28.7500,84.3200,1.799944
FILLER_26_46,VPWR,li1,27.3700,84.3200,1.799944
FILLER_26_43,VPWR,li1,25.9900,84.3200,1.799953
FILLER_26_40,VPWR,li1,24.6100,84.3200,1.799953
FILLER_26_37,VPWR,li1,23.2300,84.3200,1.799961
FILLER_26_34,VPWR,li1,21.8500,84.3200,1.799961
FILLER_25_307,VPWR,li1,147.4300,78.8800,1.799711
FILLER_25_275,VPWR,li1,132.2500,78.8800,1.799716
FILLER_25_268,VPWR,li1,129.2600,78.8800,1.799719
FILLER_25_265,VPWR,li1,128.1100,78.8800,1.799719
FILLER_25_262,VPWR,li1,126.7300,78.8800,1.799721
FILLER_25_259,VPWR,li1,125.3500,78.8800,1.799723
FILLER_25_249,VPWR,li1,120.5200,78.8800,1.799726
FILLER_25_246,VPWR,li1,119.3700,78.8800,1.799728
FILLER_25_243,VPWR,li1,117.9900,78.8800,1.799730
FILLER_25_240,VPWR,li1,116.6100,78.8800,1.799730
FILLER_25_237,VPWR,li1,115.2300,78.8800,1.799732
FILLER_25_234,VPWR,li1,113.8500,78.8800,1.799735
FILLER_25_231,VPWR,li1,112.4700,78.8800,1.799735
FILLER_25_228,VPWR,li1,111.0900,78.8800,1.799738
FILLER_25_225,VPWR,li1,109.7100,78.8800,1.799738
FILLER_25_209,VPWR,li1,102.3500,78.8800,1.799748
FILLER_25_206,VPWR,li1,100.9700,78.8800,1.799752
FILLER_25_196,VPWR,li1,95.9100,78.8800,1.799760
FILLER_25_190,VPWR,li1,93.1500,78.8800,1.799763
FILLER_25_172,VPWR,li1,84.8700,78.8800,1.799780
FILLER_25_169,VPWR,li1,83.9500,78.8800,1.799780
FILLER_25_156,VPWR,li1,77.9700,78.8800,1.799793
FILLER_25_134,VPWR,li1,67.6200,78.8800,1.799817
FILLER_25_131,VPWR,li1,66.4700,78.8800,1.799823
FILLER_25_109,VPWR,li1,56.3500,78.8800,1.799850
FILLER_25_106,VPWR,li1,54.9700,78.8800,1.799850
FILLER_25_95,VPWR,li1,49.6800,78.8800,1.799865
FILLER_25_75,VPWR,li1,40.4800,78.8800,1.799896
FILLER_25_63,VPWR,li1,35.1900,78.8800,1.799911
FILLER_25_60,VPWR,li1,33.8100,78.8800,1.799916
FILLER_25_57,VPWR,li1,32.4300,78.8800,1.799916
FILLER_25_55,VPWR,li1,31.0500,78.8800,1.799924
FILLER_25_52,VPWR,li1,30.1300,78.8800,1.799924
FILLER_25_42,VPWR,li1,25.5300,78.8800,1.799941
FILLER_25_39,VPWR,li1,24.1500,78.8800,1.799949
FILLER_25_36,VPWR,li1,22.7700,78.8800,1.799949
FILLER_25_30,VPWR,li1,19.5500,78.8800,1.799954
FILLER_25_27,VPWR,li1,18.6300,78.8800,1.799954
FILLER_25_3,VPWR,li1,7.3600,78.8800,1.799948
FILLER_24_309,VPWR,li1,147.8900,78.8800,1.799711
FILLER_24_299,VPWR,li1,143.5200,78.8800,1.799711
FILLER_24_276,VPWR,li1,132.9400,78.8800,1.799716
FILLER_24_264,VPWR,li1,127.6500,78.8800,1.799721
FILLER_24_261,VPWR,li1,126.2700,78.8800,1.799721
FILLER_24_250,VPWR,li1,120.9800,78.8800,1.799726
FILLER_24_224,VPWR,li1,108.7900,78.8800,1.799740
FILLER_24_221,VPWR,li1,107.8700,78.8800,1.799740
FILLER_24_218,VPWR,li1,106.4900,78.8800,1.799744
FILLER_24_215,VPWR,li1,105.1100,78.8800,1.799744
FILLER_24_212,VPWR,li1,103.7300,78.8800,1.799748
FILLER_24_209,VPWR,li1,102.3500,78.8800,1.799748
FILLER_24_206,VPWR,li1,100.9700,78.8800,1.799752
FILLER_24_200,VPWR,li1,97.9800,78.8800,1.799756
FILLER_24_197,VPWR,li1,96.8300,78.8800,1.799756
FILLER_24_194,VPWR,li1,95.2200,78.8800,1.799760
FILLER_24_191,VPWR,li1,94.0700,78.8800,1.799763
FILLER_24_171,VPWR,li1,84.8700,78.8800,1.799780
FILLER_24_168,VPWR,li1,83.4900,78.8800,1.799783
FILLER_24_165,VPWR,li1,82.1100,78.8800,1.799783
FILLER_24_158,VPWR,li1,78.6600,78.8800,1.799793
FILLER_24_147,VPWR,li1,73.6000,78.8800,1.799805
FILLER_24_144,VPWR,li1,72.4500,78.8800,1.799805
FILLER_24_141,VPWR,li1,71.0700,78.8800,1.799811
FILLER_24_137,VPWR,li1,69.2300,78.8800,1.799817
FILLER_24_134,VPWR,li1,67.8500,78.8800,1.799817
FILLER_24_131,VPWR,li1,66.4700,78.8800,1.799823
FILLER_24_128,VPWR,li1,65.0900,78.8800,1.799823
FILLER_24_118,VPWR,li1,60.0300,78.8800,1.799839
FILLER_24_115,VPWR,li1,59.1100,78.8800,1.799839
FILLER_24_112,VPWR,li1,57.7300,78.8800,1.799843
FILLER_24_109,VPWR,li1,56.3500,78.8800,1.799850
FILLER_24_88,VPWR,li1,46.6900,78.8800,1.799873
FILLER_24_85,VPWR,li1,45.3100,78.8800,1.799880
FILLER_24_83,VPWR,li1,43.9300,78.8800,1.799880
FILLER_24_71,VPWR,li1,38.8700,78.8800,1.799896
FILLER_24_62,VPWR,li1,34.2700,78.8800,1.799911
FILLER_24_59,VPWR,li1,33.3500,78.8800,1.799916
FILLER_24_53,VPWR,li1,30.1300,78.8800,1.799924
FILLER_24_41,VPWR,li1,25.0700,78.8800,1.799941
FILLER_24_29,VPWR,li1,19.0900,78.8800,1.799954
FILLER_24_27,VPWR,li1,18.1700,78.8800,1.799954
FILLER_24_9,VPWR,li1,10.1200,78.8800,1.799948
FILLER_24_6,VPWR,li1,8.9700,78.8800,1.799948
FILLER_24_3,VPWR,li1,7.5900,78.8800,1.799948
FILLER_23_295,VPWR,li1,141.4500,73.4400,1.799749
FILLER_23_277,VPWR,li1,133.6300,73.4400,1.799753
FILLER_23_262,VPWR,li1,126.7300,73.4400,1.799758
FILLER_23_259,VPWR,li1,125.3500,73.4400,1.799760
FILLER_23_256,VPWR,li1,123.9700,73.4400,1.799760
FILLER_23_253,VPWR,li1,122.5900,73.4400,1.799763
FILLER_23_250,VPWR,li1,121.2100,73.4400,1.799765
FILLER_23_247,VPWR,li1,119.8300,73.4400,1.799765
FILLER_23_240,VPWR,li1,116.3800,73.4400,1.799769
FILLER_23_237,VPWR,li1,115.2300,73.4400,1.799769
FILLER_23_225,VPWR,li1,109.4800,73.4400,1.799778
FILLER_23_223,VPWR,li1,108.3300,73.4400,1.799778
FILLER_23_220,VPWR,li1,107.4100,73.4400,1.799780
FILLER_23_217,VPWR,li1,106.0300,73.4400,1.799780
FILLER_23_207,VPWR,li1,101.2000,73.4400,1.799787
FILLER_23_169,VPWR,li1,83.9500,73.4400,1.799813
FILLER_23_167,VPWR,li1,82.5700,73.4400,1.799817
FILLER_23_147,VPWR,li1,73.8300,73.4400,1.799836
FILLER_23_144,VPWR,li1,72.4500,73.4400,1.799836
FILLER_23_141,VPWR,li1,71.0700,73.4400,1.799841
FILLER_23_138,VPWR,li1,69.6900,73.4400,1.799841
FILLER_23_135,VPWR,li1,68.3100,73.4400,1.799847
FILLER_23_132,VPWR,li1,66.9300,73.4400,1.799847
FILLER_23_122,VPWR,li1,61.8700,73.4400,1.799859
FILLER_23_119,VPWR,li1,60.9500,73.4400,1.799864
FILLER_23_116,VPWR,li1,59.5700,73.4400,1.799864
FILLER_23_113,VPWR,li1,58.1900,73.4400,1.799869
FILLER_23_111,VPWR,li1,56.8100,73.4400,1.799874
FILLER_23_100,VPWR,li1,51.9800,73.4400,1.799885
FILLER_23_97,VPWR,li1,50.8300,73.4400,1.799885
FILLER_23_78,VPWR,li1,41.6300,73.4400,1.799912
FILLER_23_75,VPWR,li1,40.7100,73.4400,1.799912
FILLER_23_72,VPWR,li1,39.3300,73.4400,1.799920
FILLER_23_69,VPWR,li1,37.9500,73.4400,1.799920
FILLER_23_66,VPWR,li1,36.5700,73.4400,1.799925
FILLER_23_63,VPWR,li1,35.1900,73.4400,1.799931
FILLER_23_60,VPWR,li1,33.8100,73.4400,1.799931
FILLER_23_57,VPWR,li1,32.4300,73.4400,1.799940
FILLER_23_54,VPWR,li1,30.8200,73.4400,1.799940
FILLER_23_51,VPWR,li1,29.6700,73.4400,1.799946
FILLER_23_39,VPWR,li1,24.1500,73.4400,1.799959
FILLER_23_36,VPWR,li1,22.7700,73.4400,1.799966
FILLER_23_33,VPWR,li1,21.3900,73.4400,1.799965
FILLER_23_30,VPWR,li1,20.0100,73.4400,1.799965
FILLER_22_309,VPWR,li1,147.8900,73.4400,1.799748
FILLER_22_294,VPWR,li1,140.9900,73.4400,1.799749
FILLER_22_263,VPWR,li1,127.1900,73.4400,1.799758
FILLER_22_251,VPWR,li1,121.2100,73.4400,1.799765
FILLER_22_248,VPWR,li1,120.2900,73.4400,1.799765
FILLER_22_245,VPWR,li1,118.9100,73.4400,1.799767
FILLER_22_233,VPWR,li1,113.3900,73.4400,1.799771
FILLER_22_230,VPWR,li1,112.0100,73.4400,1.799774
FILLER_22_227,VPWR,li1,110.6300,73.4400,1.799774
FILLER_22_224,VPWR,li1,109.2500,73.4400,1.799778
FILLER_22_221,VPWR,li1,107.8700,73.4400,1.799778
FILLER_22_218,VPWR,li1,106.4900,73.4400,1.799780
FILLER_22_200,VPWR,li1,97.9800,73.4400,1.799790
FILLER_22_197,VPWR,li1,96.8300,73.4400,1.799794
FILLER_22_194,VPWR,li1,95.2200,73.4400,1.799794
FILLER_22_172,VPWR,li1,85.3300,73.4400,1.799813
FILLER_22_159,VPWR,li1,78.8900,73.4400,1.799823
FILLER_22_156,VPWR,li1,77.9700,73.4400,1.799827
FILLER_22_153,VPWR,li1,76.5900,73.4400,1.799827
FILLER_22_141,VPWR,li1,71.0700,73.4400,1.799841
FILLER_22_128,VPWR,li1,65.0900,73.4400,1.799854
FILLER_22_125,VPWR,li1,63.7100,73.4400,1.799854
FILLER_22_122,VPWR,li1,62.3300,73.4400,1.799859
FILLER_22_119,VPWR,li1,60.9500,73.4400,1.799864
FILLER_22_116,VPWR,li1,59.5700,73.4400,1.799864
FILLER_22_113,VPWR,li1,58.1900,73.4400,1.799869
FILLER_22_103,VPWR,li1,53.1300,73.4400,1.799879
FILLER_22_83,VPWR,li1,43.9300,73.4400,1.799905
FILLER_22_80,VPWR,li1,43.0100,73.4400,1.799905
FILLER_22_65,VPWR,li1,35.8800,73.4400,1.799925
FILLER_22_62,VPWR,li1,34.7300,73.4400,1.799931
FILLER_22_52,VPWR,li1,29.9000,73.4400,1.799946
FILLER_22_49,VPWR,li1,28.7500,73.4400,1.799946
FILLER_22_46,VPWR,li1,27.3700,73.4400,1.799954
FILLER_22_43,VPWR,li1,25.9900,73.4400,1.799954
FILLER_22_40,VPWR,li1,24.6100,73.4400,1.799959
FILLER_22_34,VPWR,li1,21.3900,73.4400,1.799965
FILLER_22_27,VPWR,li1,18.1700,73.4400,1.799963
FILLER_22_24,VPWR,li1,17.2500,73.4400,1.799963
FILLER_22_17,VPWR,li1,13.5700,73.4400,1.799962
FILLER_22_6,VPWR,li1,8.7400,73.4400,1.799961
FILLER_22_3,VPWR,li1,7.5900,73.4400,1.799961
FILLER_21_307,VPWR,li1,147.4300,68.0000,1.799709
FILLER_21_263,VPWR,li1,126.7300,68.0000,1.799719
FILLER_21_225,VPWR,li1,109.7100,68.0000,1.799740
FILLER_21_223,VPWR,li1,108.3300,68.0000,1.799740
FILLER_21_213,VPWR,li1,103.7300,68.0000,1.799749
FILLER_21_210,VPWR,li1,102.8100,68.0000,1.799749
FILLER_21_207,VPWR,li1,101.4300,68.0000,1.799753
FILLER_21_197,VPWR,li1,96.8300,68.0000,1.799763
FILLER_21_194,VPWR,li1,95.4500,68.0000,1.799763
FILLER_21_191,VPWR,li1,94.0700,68.0000,1.799768
FILLER_21_188,VPWR,li1,92.6900,68.0000,1.799768
FILLER_21_185,VPWR,li1,91.3100,68.0000,1.799774
FILLER_21_172,VPWR,li1,84.8700,68.0000,1.799786
FILLER_21_169,VPWR,li1,83.9500,68.0000,1.799786
FILLER_21_165,VPWR,li1,82.1100,68.0000,1.799790
FILLER_21_162,VPWR,li1,80.7300,68.0000,1.799797
FILLER_21_159,VPWR,li1,79.3500,68.0000,1.799797
FILLER_21_156,VPWR,li1,77.9700,68.0000,1.799803
FILLER_21_153,VPWR,li1,76.5900,68.0000,1.799803
FILLER_21_150,VPWR,li1,75.2100,68.0000,1.799808
FILLER_21_147,VPWR,li1,73.8300,68.0000,1.799814
FILLER_21_144,VPWR,li1,72.4500,68.0000,1.799814
FILLER_21_141,VPWR,li1,71.0700,68.0000,1.799820
FILLER_21_138,VPWR,li1,69.6900,68.0000,1.799820
FILLER_21_135,VPWR,li1,68.3100,68.0000,1.799825
FILLER_21_132,VPWR,li1,66.9300,68.0000,1.799831
FILLER_21_129,VPWR,li1,65.5500,68.0000,1.799831
FILLER_21_126,VPWR,li1,64.1700,68.0000,1.799835
FILLER_21_116,VPWR,li1,59.1100,68.0000,1.799847
FILLER_21_113,VPWR,li1,58.1900,68.0000,1.799852
FILLER_21_110,VPWR,li1,56.5800,68.0000,1.799858
FILLER_21_107,VPWR,li1,55.4300,68.0000,1.799858
FILLER_21_88,VPWR,li1,46.2300,68.0000,1.799883
FILLER_21_85,VPWR,li1,45.3100,68.0000,1.799891
FILLER_21_82,VPWR,li1,43.9300,68.0000,1.799891
FILLER_21_79,VPWR,li1,42.5500,68.0000,1.799898
FILLER_21_76,VPWR,li1,41.1700,68.0000,1.799898
FILLER_21_73,VPWR,li1,39.7900,68.0000,1.799906
FILLER_21_70,VPWR,li1,38.4100,68.0000,1.799906
FILLER_21_67,VPWR,li1,37.0300,68.0000,1.799913
FILLER_21_57,VPWR,li1,31.9700,68.0000,1.799928
FILLER_21_55,VPWR,li1,31.0500,68.0000,1.799928
FILLER_21_52,VPWR,li1,30.1300,68.0000,1.799935
FILLER_21_49,VPWR,li1,28.7500,68.0000,1.799935
FILLER_21_46,VPWR,li1,27.3700,68.0000,1.799944
FILLER_21_43,VPWR,li1,25.9900,68.0000,1.799944
FILLER_21_24,VPWR,li1,17.2500,68.0000,1.799960
FILLER_21_21,VPWR,li1,15.8700,68.0000,1.799959
FILLER_21_18,VPWR,li1,14.4900,68.0000,1.799959
FILLER_20_309,VPWR,li1,147.8900,68.0000,1.799709
FILLER_20_307,VPWR,li1,146.9700,68.0000,1.799709
FILLER_20_250,VPWR,li1,120.9800,68.0000,1.799724
FILLER_20_247,VPWR,li1,119.8300,68.0000,1.799727
FILLER_20_244,VPWR,li1,118.4500,68.0000,1.799727
FILLER_20_225,VPWR,li1,109.4800,68.0000,1.799740
FILLER_20_222,VPWR,li1,108.3300,68.0000,1.799740
FILLER_20_213,VPWR,li1,103.7300,68.0000,1.799749
FILLER_20_210,VPWR,li1,102.8100,68.0000,1.799749
FILLER_20_203,VPWR,li1,99.1300,68.0000,1.799758
FILLER_20_200,VPWR,li1,98.2100,68.0000,1.799758
FILLER_20_197,VPWR,li1,96.8300,68.0000,1.799763
FILLER_20_172,VPWR,li1,84.8700,68.0000,1.799786
FILLER_20_169,VPWR,li1,83.9500,68.0000,1.799786
FILLER_20_150,VPWR,li1,74.7500,68.0000,1.799808
FILLER_20_147,VPWR,li1,73.8300,68.0000,1.799814
FILLER_20_144,VPWR,li1,72.4500,68.0000,1.799814
FILLER_20_141,VPWR,li1,71.0700,68.0000,1.799820
FILLER_20_137,VPWR,li1,69.2300,68.0000,1.799825
FILLER_20_134,VPWR,li1,67.8500,68.0000,1.799825
FILLER_20_131,VPWR,li1,66.4700,68.0000,1.799831
FILLER_20_128,VPWR,li1,65.0900,68.0000,1.799835
FILLER_20_125,VPWR,li1,63.7100,68.0000,1.799835
FILLER_20_100,VPWR,li1,52.2100,68.0000,1.799870
FILLER_20_97,VPWR,li1,50.8300,68.0000,1.799870
FILLER_20_94,VPWR,li1,49.4500,68.0000,1.799878
FILLER_20_91,VPWR,li1,48.0700,68.0000,1.799878
FILLER_20_88,VPWR,li1,46.6900,68.0000,1.799883
FILLER_20_85,VPWR,li1,45.3100,68.0000,1.799891
FILLER_20_82,VPWR,li1,43.7000,68.0000,1.799891
FILLER_20_71,VPWR,li1,38.6400,68.0000,1.799906
FILLER_20_68,VPWR,li1,37.4900,68.0000,1.799913
FILLER_20_65,VPWR,li1,36.1100,68.0000,1.799913
FILLER_20_55,VPWR,li1,31.0500,68.0000,1.799928
FILLER_20_35,VPWR,li1,22.3100,68.0000,1.799961
FILLER_20_32,VPWR,li1,20.9300,68.0000,1.799961
FILLER_20_29,VPWR,li1,19.5500,68.0000,1.799961
FILLER_20_18,VPWR,li1,14.4900,68.0000,1.799959
FILLER_19_309,VPWR,li1,147.8900,62.5600,1.799656
FILLER_19_290,VPWR,li1,139.1500,62.5600,1.799658
FILLER_19_279,VPWR,li1,134.0900,62.5600,1.799661
FILLER_19_261,VPWR,li1,126.0400,62.5600,1.799669
FILLER_19_258,VPWR,li1,124.8900,62.5600,1.799672
FILLER_19_255,VPWR,li1,123.5100,62.5600,1.799672
FILLER_19_252,VPWR,li1,122.1300,62.5600,1.799674
FILLER_19_223,VPWR,li1,108.3300,62.5600,1.799693
FILLER_19_212,VPWR,li1,103.5000,62.5600,1.799703
FILLER_19_209,VPWR,li1,102.3500,62.5600,1.799703
FILLER_19_198,VPWR,li1,97.0600,62.5600,1.799713
FILLER_19_187,VPWR,li1,92.2300,62.5600,1.799723
FILLER_19_184,VPWR,li1,90.8500,62.5600,1.799728
FILLER_19_181,VPWR,li1,89.4700,62.5600,1.799728
FILLER_19_167,VPWR,li1,82.5700,62.5600,1.799744
FILLER_19_146,VPWR,li1,73.3700,62.5600,1.799770
FILLER_19_143,VPWR,li1,71.9900,62.5600,1.799770
FILLER_19_128,VPWR,li1,64.6300,62.5600,1.799790
FILLER_19_113,VPWR,li1,58.1900,62.5600,1.799813
FILLER_19_110,VPWR,li1,56.5800,62.5600,1.799820
FILLER_19_107,VPWR,li1,55.4300,62.5600,1.799820
FILLER_19_104,VPWR,li1,54.0500,62.5600,1.799830
FILLER_19_81,VPWR,li1,43.0100,62.5600,1.799864
FILLER_19_78,VPWR,li1,42.0900,62.5600,1.799873
FILLER_19_75,VPWR,li1,40.7100,62.5600,1.799873
FILLER_19_72,VPWR,li1,39.3300,62.5600,1.799883
FILLER_19_69,VPWR,li1,37.9500,62.5600,1.799883
FILLER_19_66,VPWR,li1,36.5700,62.5600,1.799894
FILLER_19_63,VPWR,li1,35.1900,62.5600,1.799894
FILLER_19_60,VPWR,li1,33.8100,62.5600,1.799903
FILLER_19_57,VPWR,li1,32.4300,62.5600,1.799911
FILLER_19_54,VPWR,li1,30.8200,62.5600,1.799911
FILLER_19_51,VPWR,li1,29.6700,62.5600,1.799921
FILLER_19_48,VPWR,li1,28.2900,62.5600,1.799921
FILLER_19_45,VPWR,li1,26.9100,62.5600,1.799929
FILLER_19_35,VPWR,li1,22.3100,62.5600,1.799946
FILLER_19_32,VPWR,li1,20.9300,62.5600,1.799954
FILLER_18_309,VPWR,li1,147.8900,62.5600,1.799656
FILLER_18_264,VPWR,li1,127.4200,62.5600,1.799669
FILLER_18_253,VPWR,li1,122.3600,62.5600,1.799674
FILLER_18_228,VPWR,li1,110.8600,62.5600,1.799688
FILLER_18_225,VPWR,li1,109.7100,62.5600,1.799693
FILLER_18_195,VPWR,li1,95.4500,62.5600,1.799718
FILLER_18_192,VPWR,li1,94.5300,62.5600,1.799718
FILLER_18_172,VPWR,li1,85.1000,62.5600,1.799738
FILLER_18_169,VPWR,li1,83.9500,62.5600,1.799744
FILLER_18_166,VPWR,li1,82.5700,62.5600,1.799744
FILLER_18_163,VPWR,li1,81.1900,62.5600,1.799751
FILLER_18_160,VPWR,li1,79.8100,62.5600,1.799751
FILLER_18_157,VPWR,li1,78.4300,62.5600,1.799757
FILLER_18_154,VPWR,li1,77.0500,62.5600,1.799757
FILLER_18_151,VPWR,li1,75.6700,62.5600,1.799764
FILLER_18_148,VPWR,li1,74.2900,62.5600,1.799764
FILLER_18_137,VPWR,li1,69.2300,62.5600,1.799782
FILLER_18_91,VPWR,li1,48.0700,62.5600,1.799848
FILLER_18_88,VPWR,li1,46.6900,62.5600,1.799856
FILLER_18_85,VPWR,li1,45.3100,62.5600,1.799856
FILLER_18_81,VPWR,li1,43.4700,62.5600,1.799864
FILLER_18_78,VPWR,li1,42.0900,62.5600,1.799873
FILLER_18_75,VPWR,li1,40.7100,62.5600,1.799873
FILLER_18_59,VPWR,li1,32.8900,62.5600,1.799903
FILLER_18_44,VPWR,li1,26.4500,62.5600,1.799929
FILLER_18_38,VPWR,li1,23.2300,62.5600,1.799946
FILLER_18_35,VPWR,li1,22.3100,62.5600,1.799946
FILLER_18_29,VPWR,li1,19.0900,62.5600,1.799953
FILLER_18_26,VPWR,li1,17.9400,62.5600,1.799952
FILLER_18_23,VPWR,li1,16.7900,62.5600,1.799952
FILLER_18_11,VPWR,li1,10.8100,62.5600,1.799950
FILLER_17_288,VPWR,li1,138.2300,57.1200,1.799698
FILLER_17_277,VPWR,li1,133.6300,57.1200,1.799702
FILLER_17_268,VPWR,li1,129.0300,57.1200,1.799707
FILLER_17_265,VPWR,li1,128.1100,57.1200,1.799709
FILLER_17_262,VPWR,li1,126.7300,57.1200,1.799709
FILLER_17_250,VPWR,li1,120.9800,57.1200,1.799718
FILLER_17_247,VPWR,li1,119.8300,57.1200,1.799718
FILLER_17_244,VPWR,li1,118.4500,57.1200,1.799721
FILLER_17_241,VPWR,li1,117.0700,57.1200,1.799723
FILLER_17_238,VPWR,li1,115.6900,57.1200,1.799723
FILLER_17_228,VPWR,li1,110.8600,57.1200,1.799730
FILLER_17_225,VPWR,li1,109.7100,57.1200,1.799733
FILLER_17_221,VPWR,li1,107.8700,57.1200,1.799737
FILLER_17_218,VPWR,li1,106.4900,57.1200,1.799737
FILLER_17_215,VPWR,li1,105.1100,57.1200,1.799741
FILLER_17_212,VPWR,li1,103.7300,57.1200,1.799744
FILLER_17_209,VPWR,li1,102.3500,57.1200,1.799744
FILLER_17_206,VPWR,li1,100.9700,57.1200,1.799747
FILLER_17_194,VPWR,li1,95.4500,57.1200,1.799755
FILLER_17_191,VPWR,li1,94.0700,57.1200,1.799761
FILLER_17_188,VPWR,li1,92.6900,57.1200,1.799761
FILLER_17_185,VPWR,li1,91.3100,57.1200,1.799766
FILLER_17_182,VPWR,li1,89.9300,57.1200,1.799766
FILLER_17_172,VPWR,li1,84.8700,57.1200,1.799776
FILLER_17_169,VPWR,li1,83.9500,57.1200,1.799780
FILLER_17_165,VPWR,li1,82.1100,57.1200,1.799785
FILLER_17_162,VPWR,li1,80.7300,57.1200,1.799785
FILLER_17_143,VPWR,li1,71.5300,57.1200,1.799807
FILLER_17_111,VPWR,li1,56.8100,57.1200,1.799846
FILLER_17_90,VPWR,li1,47.6100,57.1200,1.799876
FILLER_17_87,VPWR,li1,46.2300,57.1200,1.799876
FILLER_17_84,VPWR,li1,44.8500,57.1200,1.799882
FILLER_17_63,VPWR,li1,35.1900,57.1200,1.799912
FILLER_17_60,VPWR,li1,33.8100,57.1200,1.799920
FILLER_17_57,VPWR,li1,32.4300,57.1200,1.799920
FILLER_17_55,VPWR,li1,31.0500,57.1200,1.799926
FILLER_17_52,VPWR,li1,30.1300,57.1200,1.799932
FILLER_17_33,VPWR,li1,21.1600,57.1200,1.799957
FILLER_17_18,VPWR,li1,14.4900,57.1200,1.799953
FILLER_17_3,VPWR,li1,7.3600,57.1200,1.799951
FILLER_16_309,VPWR,li1,147.8900,57.1200,1.799695
FILLER_16_302,VPWR,li1,144.9000,57.1200,1.799695
FILLER_16_275,VPWR,li1,132.4800,57.1200,1.799704
FILLER_16_265,VPWR,li1,128.1100,57.1200,1.799709
FILLER_16_262,VPWR,li1,126.7300,57.1200,1.799709
FILLER_16_259,VPWR,li1,125.3500,57.1200,1.799712
FILLER_16_256,VPWR,li1,123.9700,57.1200,1.799712
FILLER_16_253,VPWR,li1,122.5900,57.1200,1.799715
FILLER_16_250,VPWR,li1,120.9800,57.1200,1.799718
FILLER_16_242,VPWR,li1,117.5300,57.1200,1.799721
FILLER_16_239,VPWR,li1,116.1500,57.1200,1.799723
FILLER_16_216,VPWR,li1,105.1100,57.1200,1.799741
FILLER_16_213,VPWR,li1,104.1900,57.1200,1.799741
FILLER_16_210,VPWR,li1,102.8100,57.1200,1.799744
FILLER_16_200,VPWR,li1,97.9800,57.1200,1.799751
FILLER_16_197,VPWR,li1,96.8300,57.1200,1.799755
FILLER_16_195,VPWR,li1,95.4500,57.1200,1.799755
FILLER_16_174,VPWR,li1,86.2500,57.1200,1.799776
FILLER_16_153,VPWR,li1,76.5900,57.1200,1.799796
FILLER_16_150,VPWR,li1,75.2100,57.1200,1.799801
FILLER_16_147,VPWR,li1,73.8300,57.1200,1.799801
FILLER_16_144,VPWR,li1,72.4500,57.1200,1.799807
FILLER_16_141,VPWR,li1,71.0700,57.1200,1.799807
FILLER_16_139,VPWR,li1,69.6900,57.1200,1.799812
FILLER_16_136,VPWR,li1,68.7700,57.1200,1.799816
FILLER_16_133,VPWR,li1,67.3900,57.1200,1.799816
FILLER_16_130,VPWR,li1,66.0100,57.1200,1.799824
FILLER_16_101,VPWR,li1,52.6700,57.1200,1.799860
FILLER_16_98,VPWR,li1,51.2900,57.1200,1.799860
FILLER_16_95,VPWR,li1,49.9100,57.1200,1.799869
FILLER_16_92,VPWR,li1,48.5300,57.1200,1.799869
FILLER_16_74,VPWR,li1,40.2500,57.1200,1.799895
FILLER_16_71,VPWR,li1,38.8700,57.1200,1.799903
FILLER_16_68,VPWR,li1,37.4900,57.1200,1.799903
FILLER_16_65,VPWR,li1,36.1100,57.1200,1.799912
FILLER_16_62,VPWR,li1,34.7300,57.1200,1.799912
FILLER_16_59,VPWR,li1,33.3500,57.1200,1.799920
FILLER_16_56,VPWR,li1,31.9700,57.1200,1.799926
FILLER_16_53,VPWR,li1,30.5900,57.1200,1.799926
FILLER_16_45,VPWR,li1,26.9100,57.1200,1.799938
FILLER_16_35,VPWR,li1,21.8500,57.1200,1.799957
FILLER_16_26,VPWR,li1,17.9400,57.1200,1.799955
FILLER_15_301,VPWR,li1,144.2100,51.6800,1.799612
FILLER_15_277,VPWR,li1,133.6300,51.6800,1.799623
FILLER_15_274,VPWR,li1,132.2500,51.6800,1.799626
FILLER_15_269,VPWR,li1,129.4900,51.6800,1.799628
FILLER_15_252,VPWR,li1,121.9000,51.6800,1.799641
FILLER_15_242,VPWR,li1,117.3000,51.6800,1.799648
FILLER_15_239,VPWR,li1,116.1500,51.6800,1.799652
FILLER_15_236,VPWR,li1,114.7700,51.6800,1.799652
FILLER_15_229,VPWR,li1,111.0900,51.6800,1.799661
FILLER_15_223,VPWR,li1,108.3300,51.6800,1.799666
FILLER_15_220,VPWR,li1,107.4100,51.6800,1.799666
FILLER_15_209,VPWR,li1,102.1200,51.6800,1.799677
FILLER_15_199,VPWR,li1,97.7500,51.6800,1.799687
FILLER_15_190,VPWR,li1,93.1500,51.6800,1.799699
FILLER_15_176,VPWR,li1,86.7100,51.6800,1.799716
FILLER_15_169,VPWR,li1,83.4900,51.6800,1.799724
FILLER_15_166,VPWR,li1,82.3400,51.6800,1.799724
FILLER_15_154,VPWR,li1,76.8200,51.6800,1.799740
FILLER_15_134,VPWR,li1,67.6200,51.6800,1.799773
FILLER_15_131,VPWR,li1,66.4700,51.6800,1.799773
FILLER_15_128,VPWR,li1,65.0900,51.6800,1.799783
FILLER_15_125,VPWR,li1,63.7100,51.6800,1.799783
FILLER_15_110,VPWR,li1,56.5800,51.6800,1.799808
FILLER_15_107,VPWR,li1,55.4300,51.6800,1.799817
FILLER_15_104,VPWR,li1,54.0500,51.6800,1.799817
FILLER_15_84,VPWR,li1,44.6200,51.6800,1.799856
FILLER_15_81,VPWR,li1,43.4700,51.6800,1.799864
FILLER_15_78,VPWR,li1,42.0900,51.6800,1.799864
FILLER_15_75,VPWR,li1,40.7100,51.6800,1.799871
FILLER_15_66,VPWR,li1,36.1100,51.6800,1.799888
FILLER_15_63,VPWR,li1,35.1900,51.6800,1.799897
FILLER_15_60,VPWR,li1,33.8100,51.6800,1.799897
FILLER_15_57,VPWR,li1,32.4300,51.6800,1.799906
FILLER_15_47,VPWR,li1,27.6000,51.6800,1.799925
FILLER_15_44,VPWR,li1,26.4500,51.6800,1.799933
FILLER_15_41,VPWR,li1,25.0700,51.6800,1.799933
FILLER_15_26,VPWR,li1,18.1700,51.6800,1.799952
FILLER_15_18,VPWR,li1,14.4900,51.6800,1.799951
FILLER_14_309,VPWR,li1,147.8900,51.6800,1.799611
FILLER_14_253,VPWR,li1,122.1300,51.6800,1.799641
FILLER_14_251,VPWR,li1,121.2100,51.6800,1.799644
FILLER_14_248,VPWR,li1,120.2900,51.6800,1.799644
FILLER_14_245,VPWR,li1,118.9100,51.6800,1.799648
FILLER_14_234,VPWR,li1,113.8500,51.6800,1.799656
FILLER_14_215,VPWR,li1,104.6500,51.6800,1.799671
FILLER_14_212,VPWR,li1,103.7300,51.6800,1.799677
FILLER_14_209,VPWR,li1,102.3500,51.6800,1.799677
FILLER_14_206,VPWR,li1,100.9700,51.6800,1.799682
FILLER_14_203,VPWR,li1,99.5900,51.6800,1.799682
FILLER_14_200,VPWR,li1,98.2100,51.6800,1.799687
FILLER_14_197,VPWR,li1,96.8300,51.6800,1.799692
FILLER_14_194,VPWR,li1,95.2200,51.6800,1.799692
FILLER_14_144,VPWR,li1,72.2200,51.6800,1.799758
FILLER_14_141,VPWR,li1,71.0700,51.6800,1.799758
FILLER_14_137,VPWR,li1,69.2300,51.6800,1.799764
FILLER_14_134,VPWR,li1,67.8500,51.6800,1.799773
FILLER_14_131,VPWR,li1,66.4700,51.6800,1.799773
FILLER_14_122,VPWR,li1,61.8700,51.6800,1.799794
FILLER_14_97,VPWR,li1,50.8300,51.6800,1.799835
FILLER_14_94,VPWR,li1,49.4500,51.6800,1.799835
FILLER_14_91,VPWR,li1,48.0700,51.6800,1.799845
FILLER_14_88,VPWR,li1,46.6900,51.6800,1.799845
FILLER_14_85,VPWR,li1,45.3100,51.6800,1.799856
FILLER_14_83,VPWR,li1,43.9300,51.6800,1.799856
FILLER_14_80,VPWR,li1,43.0100,51.6800,1.799864
FILLER_14_69,VPWR,li1,37.7200,51.6800,1.799888
FILLER_14_66,VPWR,li1,36.5700,51.6800,1.799888
FILLER_14_63,VPWR,li1,35.1900,51.6800,1.799897
FILLER_14_32,VPWR,li1,20.4700,51.6800,1.799953
FILLER_14_29,VPWR,li1,19.5500,51.6800,1.799952
FILLER_14_26,VPWR,li1,17.9400,51.6800,1.799952
FILLER_14_23,VPWR,li1,16.7900,51.6800,1.799952
FILLER_14_10,VPWR,li1,10.3500,51.6800,1.799951
FILLER_14_6,VPWR,li1,8.5100,51.6800,1.799951
FILLER_14_3,VPWR,li1,7.5900,51.6800,1.799951
FILLER_13_297,VPWR,li1,142.3700,46.2400,1.799665
FILLER_13_260,VPWR,li1,125.3500,46.2400,1.799682
FILLER_13_252,VPWR,li1,122.1300,46.2400,1.799685
FILLER_13_249,VPWR,li1,120.7500,46.2400,1.799688
FILLER_13_246,VPWR,li1,119.3700,46.2400,1.799688
FILLER_13_243,VPWR,li1,117.9900,46.2400,1.799692
FILLER_13_221,VPWR,li1,107.8700,46.2400,1.799707
FILLER_13_218,VPWR,li1,106.4900,46.2400,1.799711
FILLER_13_215,VPWR,li1,105.1100,46.2400,1.799711
FILLER_13_195,VPWR,li1,95.6800,46.2400,1.799732
FILLER_13_155,VPWR,li1,77.0500,46.2400,1.799775
FILLER_13_135,VPWR,li1,68.0800,46.2400,1.799805
FILLER_13_132,VPWR,li1,66.9300,46.2400,1.799805
FILLER_13_129,VPWR,li1,65.5500,46.2400,1.799812
FILLER_13_120,VPWR,li1,60.9500,46.2400,1.799823
FILLER_13_117,VPWR,li1,60.0300,46.2400,1.799828
FILLER_13_103,VPWR,li1,53.3600,46.2400,1.799846
FILLER_13_100,VPWR,li1,52.2100,46.2400,1.799852
FILLER_13_97,VPWR,li1,50.8300,46.2400,1.799859
FILLER_13_94,VPWR,li1,49.4500,46.2400,1.799859
FILLER_13_86,VPWR,li1,45.3100,46.2400,1.799872
FILLER_13_83,VPWR,li1,44.3900,46.2400,1.799879
FILLER_13_80,VPWR,li1,43.0100,46.2400,1.799879
FILLER_13_77,VPWR,li1,41.6300,46.2400,1.799889
FILLER_13_74,VPWR,li1,40.2500,46.2400,1.799889
FILLER_13_57,VPWR,li1,32.4300,46.2400,1.799920
FILLER_13_55,VPWR,li1,31.0500,46.2400,1.799920
FILLER_13_52,VPWR,li1,30.1300,46.2400,1.799927
FILLER_13_30,VPWR,li1,19.5500,46.2400,1.799958
FILLER_13_27,VPWR,li1,18.6300,46.2400,1.799958
FILLER_13_24,VPWR,li1,17.2500,46.2400,1.799958
FILLER_13_21,VPWR,li1,15.8700,46.2400,1.799958
FILLER_13_18,VPWR,li1,14.4900,46.2400,1.799958
FILLER_13_15,VPWR,li1,13.1100,46.2400,1.799958
FILLER_13_12,VPWR,li1,11.7300,46.2400,1.799958
FILLER_13_9,VPWR,li1,10.3500,46.2400,1.799958
FILLER_13_6,VPWR,li1,8.9700,46.2400,1.799958
FILLER_13_3,VPWR,li1,7.5900,46.2400,1.799958
FILLER_12_309,VPWR,li1,147.8900,46.2400,1.799664
FILLER_12_266,VPWR,li1,128.1100,46.2400,1.799676
FILLER_12_261,VPWR,li1,125.8100,46.2400,1.799679
FILLER_12_251,VPWR,li1,121.2100,46.2400,1.799685
FILLER_12_248,VPWR,li1,120.2900,46.2400,1.799688
FILLER_12_232,VPWR,li1,112.9300,46.2400,1.799698
FILLER_12_229,VPWR,li1,111.5500,46.2400,1.799703
FILLER_12_226,VPWR,li1,110.1700,46.2400,1.799703
FILLER_12_205,VPWR,li1,100.5100,46.2400,1.799723
FILLER_12_169,VPWR,li1,83.9500,46.2400,1.799760
FILLER_12_150,VPWR,li1,74.7500,46.2400,1.799782
FILLER_12_147,VPWR,li1,73.8300,46.2400,1.799788
FILLER_12_144,VPWR,li1,72.4500,46.2400,1.799788
FILLER_12_141,VPWR,li1,71.0700,46.2400,1.799797
FILLER_12_138,VPWR,li1,69.4600,46.2400,1.799797
FILLER_12_135,VPWR,li1,68.3100,46.2400,1.799805
FILLER_12_132,VPWR,li1,66.9300,46.2400,1.799805
FILLER_12_124,VPWR,li1,62.7900,46.2400,1.799817
FILLER_12_121,VPWR,li1,61.8700,46.2400,1.799823
FILLER_12_118,VPWR,li1,60.4900,46.2400,1.799828
FILLER_12_115,VPWR,li1,59.1100,46.2400,1.799828
FILLER_12_112,VPWR,li1,57.7300,46.2400,1.799834
FILLER_12_101,VPWR,li1,52.4400,46.2400,1.799852
FILLER_12_98,VPWR,li1,51.2900,46.2400,1.799852
FILLER_12_83,VPWR,li1,43.9300,46.2400,1.799879
FILLER_12_80,VPWR,li1,43.0100,46.2400,1.799879
FILLER_12_69,VPWR,li1,37.4900,46.2400,1.799897
FILLER_12_66,VPWR,li1,36.5700,46.2400,1.799905
FILLER_12_63,VPWR,li1,35.1900,46.2400,1.799905
FILLER_12_46,VPWR,li1,26.9100,46.2400,1.799936
FILLER_12_29,VPWR,li1,19.0900,46.2400,1.799958
FILLER_12_27,VPWR,li1,18.1700,46.2400,1.799958
FILLER_12_24,VPWR,li1,17.2500,46.2400,1.799958
FILLER_12_21,VPWR,li1,15.8700,46.2400,1.799958
FILLER_12_18,VPWR,li1,14.4900,46.2400,1.799958
FILLER_12_15,VPWR,li1,13.1100,46.2400,1.799958
FILLER_12_12,VPWR,li1,11.7300,46.2400,1.799958
FILLER_12_9,VPWR,li1,10.3500,46.2400,1.799958
FILLER_12_6,VPWR,li1,8.9700,46.2400,1.799958
FILLER_12_3,VPWR,li1,7.5900,46.2400,1.799958
FILLER_11_281,VPWR,li1,135.4700,40.8000,1.799746
FILLER_11_277,VPWR,li1,133.6300,40.8000,1.799747
FILLER_11_266,VPWR,li1,128.3400,40.8000,1.799751
FILLER_11_256,VPWR,li1,123.7400,40.8000,1.799756
FILLER_11_253,VPWR,li1,122.5900,40.8000,1.799756
FILLER_11_250,VPWR,li1,121.2100,40.8000,1.799757
FILLER_11_247,VPWR,li1,119.8300,40.8000,1.799760
FILLER_11_244,VPWR,li1,118.4500,40.8000,1.799760
FILLER_11_241,VPWR,li1,117.0700,40.8000,1.799761
FILLER_11_225,VPWR,li1,109.4800,40.8000,1.799771
FILLER_11_210,VPWR,li1,102.5800,40.8000,1.799779
FILLER_11_207,VPWR,li1,101.4300,40.8000,1.799779
FILLER_11_188,VPWR,li1,92.2300,40.8000,1.799794
FILLER_11_169,VPWR,li1,83.4900,40.8000,1.799810
FILLER_11_166,VPWR,li1,82.3400,40.8000,1.799810
FILLER_11_163,VPWR,li1,81.1900,40.8000,1.799815
FILLER_11_160,VPWR,li1,79.8100,40.8000,1.799815
FILLER_11_157,VPWR,li1,78.4300,40.8000,1.799820
FILLER_11_137,VPWR,li1,69.0000,40.8000,1.799840
FILLER_11_124,VPWR,li1,62.7900,40.8000,1.799850
FILLER_11_121,VPWR,li1,61.8700,40.8000,1.799855
FILLER_11_118,VPWR,li1,60.4900,40.8000,1.799855
FILLER_11_111,VPWR,li1,56.8100,40.8000,1.799866
FILLER_11_108,VPWR,li1,55.8900,40.8000,1.799866
FILLER_11_98,VPWR,li1,51.0600,40.8000,1.799878
FILLER_11_95,VPWR,li1,49.9100,40.8000,1.799885
FILLER_11_92,VPWR,li1,48.5300,40.8000,1.799885
FILLER_11_89,VPWR,li1,47.1500,40.8000,1.799892
FILLER_11_86,VPWR,li1,45.7700,40.8000,1.799892
FILLER_11_83,VPWR,li1,44.3900,40.8000,1.799900
FILLER_11_80,VPWR,li1,43.0100,40.8000,1.799900
FILLER_11_77,VPWR,li1,41.6300,40.8000,1.799907
FILLER_11_74,VPWR,li1,40.2500,40.8000,1.799907
FILLER_11_60,VPWR,li1,33.5800,40.8000,1.799926
FILLER_11_57,VPWR,li1,32.4300,40.8000,1.799933
FILLER_11_46,VPWR,li1,27.3700,40.8000,1.799945
FILLER_11_30,VPWR,li1,20.0100,40.8000,1.799962
FILLER_11_27,VPWR,li1,18.6300,40.8000,1.799961
FILLER_11_24,VPWR,li1,17.2500,40.8000,1.799961
FILLER_11_21,VPWR,li1,15.8700,40.8000,1.799960
FILLER_11_18,VPWR,li1,14.4900,40.8000,1.799960
FILLER_11_15,VPWR,li1,13.1100,40.8000,1.799959
FILLER_10_309,VPWR,li1,147.8900,40.8000,1.799744
FILLER_10_286,VPWR,li1,137.7700,40.8000,1.799746
FILLER_10_249,VPWR,li1,120.7500,40.8000,1.799757
FILLER_10_246,VPWR,li1,119.3700,40.8000,1.799760
FILLER_10_224,VPWR,li1,108.7900,40.8000,1.799771
FILLER_10_221,VPWR,li1,107.8700,40.8000,1.799771
FILLER_10_218,VPWR,li1,106.4900,40.8000,1.799774
FILLER_10_215,VPWR,li1,105.1100,40.8000,1.799776
FILLER_10_212,VPWR,li1,103.7300,40.8000,1.799776
FILLER_10_209,VPWR,li1,102.3500,40.8000,1.799779
FILLER_10_206,VPWR,li1,100.9700,40.8000,1.799782
FILLER_10_203,VPWR,li1,99.5900,40.8000,1.799782
FILLER_10_197,VPWR,li1,96.3700,40.8000,1.799786
FILLER_10_195,VPWR,li1,95.4500,40.8000,1.799789
FILLER_10_192,VPWR,li1,94.5300,40.8000,1.799789
FILLER_10_147,VPWR,li1,73.3700,40.8000,1.799827
FILLER_10_144,VPWR,li1,72.4500,40.8000,1.799832
FILLER_10_141,VPWR,li1,71.0700,40.8000,1.799832
FILLER_10_137,VPWR,li1,69.2300,40.8000,1.799836
FILLER_10_134,VPWR,li1,67.8500,40.8000,1.799840
FILLER_10_126,VPWR,li1,64.1700,40.8000,1.799850
FILLER_10_123,VPWR,li1,62.7900,40.8000,1.799850
FILLER_10_117,VPWR,li1,59.5700,40.8000,1.799860
FILLER_10_114,VPWR,li1,58.6500,40.8000,1.799860
FILLER_10_111,VPWR,li1,57.2700,40.8000,1.799866
FILLER_10_108,VPWR,li1,55.8900,40.8000,1.799866
FILLER_10_98,VPWR,li1,51.2900,40.8000,1.799878
FILLER_10_95,VPWR,li1,49.9100,40.8000,1.799885
FILLER_10_92,VPWR,li1,48.5300,40.8000,1.799885
FILLER_10_83,VPWR,li1,43.9300,40.8000,1.799900
FILLER_10_80,VPWR,li1,43.0100,40.8000,1.799900
FILLER_10_77,VPWR,li1,41.6300,40.8000,1.799907
FILLER_10_74,VPWR,li1,40.2500,40.8000,1.799907
FILLER_10_64,VPWR,li1,35.4200,40.8000,1.799921
FILLER_10_61,VPWR,li1,34.2700,40.8000,1.799926
FILLER_10_58,VPWR,li1,32.8900,40.8000,1.799933
FILLER_10_55,VPWR,li1,31.5100,40.8000,1.799933
FILLER_10_52,VPWR,li1,30.1300,40.8000,1.799938
FILLER_10_49,VPWR,li1,28.7500,40.8000,1.799945
FILLER_10_46,VPWR,li1,27.3700,40.8000,1.799945
FILLER_10_38,VPWR,li1,23.2300,40.8000,1.799963
FILLER_10_35,VPWR,li1,22.3100,40.8000,1.799963
FILLER_10_32,VPWR,li1,20.9300,40.8000,1.799962
FILLER_10_29,VPWR,li1,19.5500,40.8000,1.799962
FILLER_10_27,VPWR,li1,18.1700,40.8000,1.799961
FILLER_10_24,VPWR,li1,17.2500,40.8000,1.799961
FILLER_10_21,VPWR,li1,15.8700,40.8000,1.799960
FILLER_10_18,VPWR,li1,14.4900,40.8000,1.799960
FILLER_10_15,VPWR,li1,13.1100,40.8000,1.799959
FILLER_10_12,VPWR,li1,11.7300,40.8000,1.799959
FILLER_10_9,VPWR,li1,10.3500,40.8000,1.799958
FILLER_10_6,VPWR,li1,8.9700,40.8000,1.799958
FILLER_10_3,VPWR,li1,7.5900,40.8000,1.799958
FILLER_9_300,VPWR,li1,143.7500,35.3600,1.799688
FILLER_9_281,VPWR,li1,135.2400,35.3600,1.799694
FILLER_9_244,VPWR,li1,117.9900,35.3600,1.799715
FILLER_9_241,VPWR,li1,117.0700,35.3600,1.799718
FILLER_9_238,VPWR,li1,115.6900,35.3600,1.799718
FILLER_9_225,VPWR,li1,109.7100,35.3600,1.799729
FILLER_9_211,VPWR,li1,102.8100,35.3600,1.799740
FILLER_9_181,VPWR,li1,89.0100,35.3600,1.799767
FILLER_9_178,VPWR,li1,88.0900,35.3600,1.799771
FILLER_9_175,VPWR,li1,86.7100,35.3600,1.799771
FILLER_9_172,VPWR,li1,85.3300,35.3600,1.799777
FILLER_9_169,VPWR,li1,83.9500,35.3600,1.799777
FILLER_9_167,VPWR,li1,82.5700,35.3600,1.799783
FILLER_9_164,VPWR,li1,81.6500,35.3600,1.799783
FILLER_9_161,VPWR,li1,80.2700,35.3600,1.799787
FILLER_9_137,VPWR,li1,68.7700,35.3600,1.799818
FILLER_9_134,VPWR,li1,67.8500,35.3600,1.799818
FILLER_9_119,VPWR,li1,60.4900,35.3600,1.799840
FILLER_9_116,VPWR,li1,59.5700,35.3600,1.799840
FILLER_9_113,VPWR,li1,58.1900,35.3600,1.799848
FILLER_9_96,VPWR,li1,50.1400,35.3600,1.799871
FILLER_9_93,VPWR,li1,48.9900,35.3600,1.799871
FILLER_9_90,VPWR,li1,47.6100,35.3600,1.799878
FILLER_9_80,VPWR,li1,43.0100,35.3600,1.799893
FILLER_9_77,VPWR,li1,41.6300,35.3600,1.799893
FILLER_9_74,VPWR,li1,40.2500,35.3600,1.799899
FILLER_9_71,VPWR,li1,38.8700,35.3600,1.799907
FILLER_9_42,VPWR,li1,25.0700,35.3600,1.799954
FILLER_9_39,VPWR,li1,24.1500,35.3600,1.799954
FILLER_9_36,VPWR,li1,22.7700,35.3600,1.799963
FILLER_9_33,VPWR,li1,21.3900,35.3600,1.799963
FILLER_9_30,VPWR,li1,20.0100,35.3600,1.799963
FILLER_9_27,VPWR,li1,18.6300,35.3600,1.799963
FILLER_9_24,VPWR,li1,17.2500,35.3600,1.799963
FILLER_9_21,VPWR,li1,15.8700,35.3600,1.799963
FILLER_9_18,VPWR,li1,14.4900,35.3600,1.799963
FILLER_9_15,VPWR,li1,13.1100,35.3600,1.799963
FILLER_9_12,VPWR,li1,11.7300,35.3600,1.799963
FILLER_9_9,VPWR,li1,10.3500,35.3600,1.799963
FILLER_9_6,VPWR,li1,8.9700,35.3600,1.799963
FILLER_9_3,VPWR,li1,7.5900,35.3600,1.799963
FILLER_8_309,VPWR,li1,147.8900,35.3600,1.799687
FILLER_8_291,VPWR,li1,139.6100,35.3600,1.799690
FILLER_8_277,VPWR,li1,133.1700,35.3600,1.799696
FILLER_8_274,VPWR,li1,132.2500,35.3600,1.799696
FILLER_8_271,VPWR,li1,130.8700,35.3600,1.799698
FILLER_8_262,VPWR,li1,126.5000,35.3600,1.799703
FILLER_8_259,VPWR,li1,125.3500,35.3600,1.799706
FILLER_8_256,VPWR,li1,123.9700,35.3600,1.799706
FILLER_8_253,VPWR,li1,122.5900,35.3600,1.799709
FILLER_8_251,VPWR,li1,121.2100,35.3600,1.799712
FILLER_8_244,VPWR,li1,118.2200,35.3600,1.799715
FILLER_8_241,VPWR,li1,117.0700,35.3600,1.799718
FILLER_8_238,VPWR,li1,115.6900,35.3600,1.799718
FILLER_8_235,VPWR,li1,114.3100,35.3600,1.799722
FILLER_8_232,VPWR,li1,112.9300,35.3600,1.799722
FILLER_8_226,VPWR,li1,109.7100,35.3600,1.799729
FILLER_8_223,VPWR,li1,108.7900,35.3600,1.799729
FILLER_8_215,VPWR,li1,104.6500,35.3600,1.799736
FILLER_8_212,VPWR,li1,103.7300,35.3600,1.799740
FILLER_8_209,VPWR,li1,102.3500,35.3600,1.799740
FILLER_8_206,VPWR,li1,100.9700,35.3600,1.799743
FILLER_8_203,VPWR,li1,99.5900,35.3600,1.799747
FILLER_8_200,VPWR,li1,98.2100,35.3600,1.799747
FILLER_8_197,VPWR,li1,96.8300,35.3600,1.799752
FILLER_8_195,VPWR,li1,95.4500,35.3600,1.799752
FILLER_8_192,VPWR,li1,94.5300,35.3600,1.799757
FILLER_8_185,VPWR,li1,91.3100,35.3600,1.799763
FILLER_8_182,VPWR,li1,89.9300,35.3600,1.799767
FILLER_8_179,VPWR,li1,88.5500,35.3600,1.799767
FILLER_8_176,VPWR,li1,87.1700,35.3600,1.799771
FILLER_8_160,VPWR,li1,79.5800,35.3600,1.799787
FILLER_8_157,VPWR,li1,78.4300,35.3600,1.799792
FILLER_8_149,VPWR,li1,74.7500,35.3600,1.799803
FILLER_8_146,VPWR,li1,73.3700,35.3600,1.799803
FILLER_8_138,VPWR,li1,69.4600,35.3600,1.799813
FILLER_8_128,VPWR,li1,65.0900,35.3600,1.799824
FILLER_8_125,VPWR,li1,63.7100,35.3600,1.799832
FILLER_8_122,VPWR,li1,62.3300,35.3600,1.799832
FILLER_8_119,VPWR,li1,60.9500,35.3600,1.799840
FILLER_8_116,VPWR,li1,59.5700,35.3600,1.799840
FILLER_8_97,VPWR,li1,50.8300,35.3600,1.799866
FILLER_8_94,VPWR,li1,49.4500,35.3600,1.799871
FILLER_8_91,VPWR,li1,48.0700,35.3600,1.799878
FILLER_8_88,VPWR,li1,46.6900,35.3600,1.799878
FILLER_8_85,VPWR,li1,45.3100,35.3600,1.799887
FILLER_8_82,VPWR,li1,43.7000,35.3600,1.799887
FILLER_8_79,VPWR,li1,42.5500,35.3600,1.799893
FILLER_8_68,VPWR,li1,37.2600,35.3600,1.799907
FILLER_8_59,VPWR,li1,33.3500,35.3600,1.799919
FILLER_8_56,VPWR,li1,31.9700,35.3600,1.799929
FILLER_8_53,VPWR,li1,30.5900,35.3600,1.799929
FILLER_8_47,VPWR,li1,27.8300,35.3600,1.799944
FILLER_8_44,VPWR,li1,26.4500,35.3600,1.799944
FILLER_8_41,VPWR,li1,25.0700,35.3600,1.799954
FILLER_8_38,VPWR,li1,23.6900,35.3600,1.799954
FILLER_8_35,VPWR,li1,22.3100,35.3600,1.799963
FILLER_8_32,VPWR,li1,20.9300,35.3600,1.799963
FILLER_8_29,VPWR,li1,19.5500,35.3600,1.799963
FILLER_8_27,VPWR,li1,18.1700,35.3600,1.799963
FILLER_8_24,VPWR,li1,17.2500,35.3600,1.799963
FILLER_8_21,VPWR,li1,15.8700,35.3600,1.799963
FILLER_8_18,VPWR,li1,14.4900,35.3600,1.799963
FILLER_8_15,VPWR,li1,13.1100,35.3600,1.799963
FILLER_8_12,VPWR,li1,11.7300,35.3600,1.799963
FILLER_8_9,VPWR,li1,10.3500,35.3600,1.799963
FILLER_8_6,VPWR,li1,8.9700,35.3600,1.799963
FILLER_8_3,VPWR,li1,7.5900,35.3600,1.799963
FILLER_7_269,VPWR,li1,129.4900,29.9200,1.799752
FILLER_7_266,VPWR,li1,128.5700,29.9200,1.799753
FILLER_7_263,VPWR,li1,127.1900,29.9200,1.799755
FILLER_7_260,VPWR,li1,125.8100,29.9200,1.799755
FILLER_7_257,VPWR,li1,124.4300,29.9200,1.799756
FILLER_7_241,VPWR,li1,116.8400,29.9200,1.799764
FILLER_7_238,VPWR,li1,115.6900,29.9200,1.799764
FILLER_7_225,VPWR,li1,109.2500,29.9200,1.799772
FILLER_7_223,VPWR,li1,108.3300,29.9200,1.799774
FILLER_7_220,VPWR,li1,107.4100,29.9200,1.799774
FILLER_7_206,VPWR,li1,100.9700,29.9200,1.799783
FILLER_7_203,VPWR,li1,99.5900,29.9200,1.799787
FILLER_7_200,VPWR,li1,98.2100,29.9200,1.799787
FILLER_7_197,VPWR,li1,96.8300,29.9200,1.799791
FILLER_7_194,VPWR,li1,95.4500,29.9200,1.799791
FILLER_7_191,VPWR,li1,94.0700,29.9200,1.799794
FILLER_7_172,VPWR,li1,85.3300,29.9200,1.799808
FILLER_7_169,VPWR,li1,83.9500,29.9200,1.799811
FILLER_7_167,VPWR,li1,82.5700,29.9200,1.799811
FILLER_7_153,VPWR,li1,76.5900,29.9200,1.799824
FILLER_7_150,VPWR,li1,75.2100,29.9200,1.799824
FILLER_7_147,VPWR,li1,73.8300,29.9200,1.799829
FILLER_7_144,VPWR,li1,72.4500,29.9200,1.799829
FILLER_7_141,VPWR,li1,71.0700,29.9200,1.799835
FILLER_7_138,VPWR,li1,69.6900,29.9200,1.799835
FILLER_7_129,VPWR,li1,65.3200,29.9200,1.799847
FILLER_7_111,VPWR,li1,56.8100,29.9200,1.799864
FILLER_7_102,VPWR,li1,53.1300,29.9200,1.799877
FILLER_7_99,VPWR,li1,51.7500,29.9200,1.799877
FILLER_7_96,VPWR,li1,50.3700,29.9200,1.799884
FILLER_7_74,VPWR,li1,40.2500,29.9200,1.799908
FILLER_7_71,VPWR,li1,38.8700,29.9200,1.799915
FILLER_7_60,VPWR,li1,33.5800,29.9200,1.799932
FILLER_7_57,VPWR,li1,32.4300,29.9200,1.799932
FILLER_7_39,VPWR,li1,23.6900,29.9200,1.799960
FILLER_7_36,VPWR,li1,22.7700,29.9200,1.799967
FILLER_7_33,VPWR,li1,21.3900,29.9200,1.799967
FILLER_7_30,VPWR,li1,20.0100,29.9200,1.799967
FILLER_7_27,VPWR,li1,18.6300,29.9200,1.799967
FILLER_7_24,VPWR,li1,17.2500,29.9200,1.799967
FILLER_7_21,VPWR,li1,15.8700,29.9200,1.799967
FILLER_7_18,VPWR,li1,14.4900,29.9200,1.799967
FILLER_7_15,VPWR,li1,13.1100,29.9200,1.799967
FILLER_7_12,VPWR,li1,11.7300,29.9200,1.799967
FILLER_7_9,VPWR,li1,10.3500,29.9200,1.799967
FILLER_7_6,VPWR,li1,8.9700,29.9200,1.799967
FILLER_7_3,VPWR,li1,7.5900,29.9200,1.799967
FILLER_6_309,VPWR,li1,147.8900,29.9200,1.799742
FILLER_6_288,VPWR,li1,138.6900,29.9200,1.799746
FILLER_6_285,VPWR,li1,137.3100,29.9200,1.799746
FILLER_6_282,VPWR,li1,135.9300,29.9200,1.799748
FILLER_6_279,VPWR,li1,134.5500,29.9200,1.799748
FILLER_6_276,VPWR,li1,133.1700,29.9200,1.799750
FILLER_6_273,VPWR,li1,131.7900,29.9200,1.799750
FILLER_6_270,VPWR,li1,130.4100,29.9200,1.799752
FILLER_6_267,VPWR,li1,129.0300,29.9200,1.799753
FILLER_6_264,VPWR,li1,127.6500,29.9200,1.799753
FILLER_6_261,VPWR,li1,126.2700,29.9200,1.799755
FILLER_6_244,VPWR,li1,117.9900,29.9200,1.799762
FILLER_6_229,VPWR,li1,111.3200,29.9200,1.799770
FILLER_6_226,VPWR,li1,110.1700,29.9200,1.799772
FILLER_6_223,VPWR,li1,108.7900,29.9200,1.799774
FILLER_6_220,VPWR,li1,107.4100,29.9200,1.799774
FILLER_6_210,VPWR,li1,102.3500,29.9200,1.799783
FILLER_6_207,VPWR,li1,101.4300,29.9200,1.799783
FILLER_6_182,VPWR,li1,89.9300,29.9200,1.799799
FILLER_6_179,VPWR,li1,88.5500,29.9200,1.799803
FILLER_6_176,VPWR,li1,87.1700,29.9200,1.799803
FILLER_6_173,VPWR,li1,85.7900,29.9200,1.799808
FILLER_6_170,VPWR,li1,84.4100,29.9200,1.799808
FILLER_6_167,VPWR,li1,83.0300,29.9200,1.799811
FILLER_6_141,VPWR,li1,70.8400,29.9200,1.799835
FILLER_6_129,VPWR,li1,65.5500,29.9200,1.799847
FILLER_6_126,VPWR,li1,64.1700,29.9200,1.799847
FILLER_6_120,VPWR,li1,60.9500,29.9200,1.799857
FILLER_6_117,VPWR,li1,60.0300,29.9200,1.799857
FILLER_6_108,VPWR,li1,55.8900,29.9200,1.799870
FILLER_6_105,VPWR,li1,54.5100,29.9200,1.799870
FILLER_6_102,VPWR,li1,53.1300,29.9200,1.799877
FILLER_6_99,VPWR,li1,51.7500,29.9200,1.799877
FILLER_6_88,VPWR,li1,46.4600,29.9200,1.799891
FILLER_6_85,VPWR,li1,45.3100,29.9200,1.799897
FILLER_6_76,VPWR,li1,40.7100,29.9200,1.799908
FILLER_6_70,VPWR,li1,37.9500,29.9200,1.799915
FILLER_6_67,VPWR,li1,37.0300,29.9200,1.799920
FILLER_6_64,VPWR,li1,35.6500,29.9200,1.799926
FILLER_6_61,VPWR,li1,34.2700,29.9200,1.799926
FILLER_6_58,VPWR,li1,32.8900,29.9200,1.799932
FILLER_6_55,VPWR,li1,31.5100,29.9200,1.799939
FILLER_6_52,VPWR,li1,30.1300,29.9200,1.799939
FILLER_6_38,VPWR,li1,23.4600,29.9200,1.799960
FILLER_6_35,VPWR,li1,22.3100,29.9200,1.799967
FILLER_6_32,VPWR,li1,20.9300,29.9200,1.799967
FILLER_6_29,VPWR,li1,19.5500,29.9200,1.799967
FILLER_6_27,VPWR,li1,18.1700,29.9200,1.799967
FILLER_6_24,VPWR,li1,17.2500,29.9200,1.799967
FILLER_6_21,VPWR,li1,15.8700,29.9200,1.799967
FILLER_6_18,VPWR,li1,14.4900,29.9200,1.799967
FILLER_6_15,VPWR,li1,13.1100,29.9200,1.799967
FILLER_6_12,VPWR,li1,11.7300,29.9200,1.799967
FILLER_6_9,VPWR,li1,10.3500,29.9200,1.799967
FILLER_6_6,VPWR,li1,8.9700,29.9200,1.799967
FILLER_6_3,VPWR,li1,7.5900,29.9200,1.799967
FILLER_5_308,VPWR,li1,147.6600,24.4800,1.799740
FILLER_5_302,VPWR,li1,144.9000,24.4800,1.799740
FILLER_5_299,VPWR,li1,143.7500,24.4800,1.799740
FILLER_5_296,VPWR,li1,142.3700,24.4800,1.799740
FILLER_5_293,VPWR,li1,140.9900,24.4800,1.799740
FILLER_5_290,VPWR,li1,139.6100,24.4800,1.799740
FILLER_5_287,VPWR,li1,138.2300,24.4800,1.799741
FILLER_5_284,VPWR,li1,136.8500,24.4800,1.799741
FILLER_5_281,VPWR,li1,135.4700,24.4800,1.799741
FILLER_5_277,VPWR,li1,133.6300,24.4800,1.799741
FILLER_5_274,VPWR,li1,132.2500,24.4800,1.799741
FILLER_5_271,VPWR,li1,130.8700,24.4800,1.799741
FILLER_5_268,VPWR,li1,129.4900,24.4800,1.799741
FILLER_5_265,VPWR,li1,128.1100,24.4800,1.799741
FILLER_5_262,VPWR,li1,126.7300,24.4800,1.799741
FILLER_5_259,VPWR,li1,125.3500,24.4800,1.799741
FILLER_5_256,VPWR,li1,123.9700,24.4800,1.799741
FILLER_5_228,VPWR,li1,111.0900,24.4800,1.799748
FILLER_5_225,VPWR,li1,109.7100,24.4800,1.799748
FILLER_5_222,VPWR,li1,108.1000,24.4800,1.799749
FILLER_5_219,VPWR,li1,106.9500,24.4800,1.799752
FILLER_5_216,VPWR,li1,105.5700,24.4800,1.799752
FILLER_5_201,VPWR,li1,98.4400,24.4800,1.799761
FILLER_5_169,VPWR,li1,83.9500,24.4800,1.799787
FILLER_5_167,VPWR,li1,82.5700,24.4800,1.799787
FILLER_5_156,VPWR,li1,77.5100,24.4800,1.799796
FILLER_5_133,VPWR,li1,67.1600,24.4800,1.799820
FILLER_5_130,VPWR,li1,66.0100,24.4800,1.799826
FILLER_5_110,VPWR,li1,56.5800,24.4800,1.799849
FILLER_5_99,VPWR,li1,51.5200,24.4800,1.799867
FILLER_5_96,VPWR,li1,50.3700,24.4800,1.799867
FILLER_5_93,VPWR,li1,48.9900,24.4800,1.799876
FILLER_5_90,VPWR,li1,47.6100,24.4800,1.799876
FILLER_5_80,VPWR,li1,42.7800,24.4800,1.799891
FILLER_5_60,VPWR,li1,33.3500,24.4800,1.799921
FILLER_5_57,VPWR,li1,32.4300,24.4800,1.799928
FILLER_5_48,VPWR,li1,27.8300,24.4800,1.799941
FILLER_5_45,VPWR,li1,26.9100,24.4800,1.799949
FILLER_5_42,VPWR,li1,25.5300,24.4800,1.799949
FILLER_5_39,VPWR,li1,24.1500,24.4800,1.799956
FILLER_5_36,VPWR,li1,22.7700,24.4800,1.799964
FILLER_5_33,VPWR,li1,21.3900,24.4800,1.799964
FILLER_5_30,VPWR,li1,20.0100,24.4800,1.799964
FILLER_5_27,VPWR,li1,18.6300,24.4800,1.799964
FILLER_5_24,VPWR,li1,17.2500,24.4800,1.799964
FILLER_5_21,VPWR,li1,15.8700,24.4800,1.799964
FILLER_5_18,VPWR,li1,14.4900,24.4800,1.799964
FILLER_5_15,VPWR,li1,13.1100,24.4800,1.799964
FILLER_5_12,VPWR,li1,11.7300,24.4800,1.799964
FILLER_5_9,VPWR,li1,10.3500,24.4800,1.799964
FILLER_5_6,VPWR,li1,8.9700,24.4800,1.799964
FILLER_5_3,VPWR,li1,7.5900,24.4800,1.799964
FILLER_4_309,VPWR,li1,147.8900,24.4800,1.799740
FILLER_4_305,VPWR,li1,146.5100,24.4800,1.799740
FILLER_4_302,VPWR,li1,145.1300,24.4800,1.799740
FILLER_4_299,VPWR,li1,143.7500,24.4800,1.799740
FILLER_4_296,VPWR,li1,142.3700,24.4800,1.799740
FILLER_4_293,VPWR,li1,140.9900,24.4800,1.799740
FILLER_4_290,VPWR,li1,139.6100,24.4800,1.799740
FILLER_4_287,VPWR,li1,138.2300,24.4800,1.799741
FILLER_4_284,VPWR,li1,136.8500,24.4800,1.799741
FILLER_4_281,VPWR,li1,135.4700,24.4800,1.799741
FILLER_4_278,VPWR,li1,134.0900,24.4800,1.799741
FILLER_4_275,VPWR,li1,132.7100,24.4800,1.799741
FILLER_4_272,VPWR,li1,131.3300,24.4800,1.799741
FILLER_4_269,VPWR,li1,129.9500,24.4800,1.799741
FILLER_4_266,VPWR,li1,128.5700,24.4800,1.799741
FILLER_4_263,VPWR,li1,127.1900,24.4800,1.799741
FILLER_4_260,VPWR,li1,125.8100,24.4800,1.799741
FILLER_4_257,VPWR,li1,124.4300,24.4800,1.799741
FILLER_4_226,VPWR,li1,109.7100,24.4800,1.799748
FILLER_4_209,VPWR,li1,101.8900,24.4800,1.799758
FILLER_4_206,VPWR,li1,100.9700,24.4800,1.799758
FILLER_4_164,VPWR,li1,81.1900,24.4800,1.799792
FILLER_4_125,VPWR,li1,63.2500,24.4800,1.799830
FILLER_4_114,VPWR,li1,58.6500,24.4800,1.799843
FILLER_4_76,VPWR,li1,41.1700,24.4800,1.799900
FILLER_4_73,VPWR,li1,39.7900,24.4800,1.799900
FILLER_4_67,VPWR,li1,36.5700,24.4800,1.799911
FILLER_4_55,VPWR,li1,31.0500,24.4800,1.799934
FILLER_4_52,VPWR,li1,30.1300,24.4800,1.799934
FILLER_4_44,VPWR,li1,25.9900,24.4800,1.799949
FILLER_4_41,VPWR,li1,25.0700,24.4800,1.799956
FILLER_4_38,VPWR,li1,23.6900,24.4800,1.799956
FILLER_4_35,VPWR,li1,22.3100,24.4800,1.799964
FILLER_4_32,VPWR,li1,20.9300,24.4800,1.799964
FILLER_4_29,VPWR,li1,19.5500,24.4800,1.799964
FILLER_4_27,VPWR,li1,18.1700,24.4800,1.799964
FILLER_4_24,VPWR,li1,17.2500,24.4800,1.799964
FILLER_4_21,VPWR,li1,15.8700,24.4800,1.799964
FILLER_4_18,VPWR,li1,14.4900,24.4800,1.799964
FILLER_4_15,VPWR,li1,13.1100,24.4800,1.799964
FILLER_4_12,VPWR,li1,11.7300,24.4800,1.799964
FILLER_4_9,VPWR,li1,10.3500,24.4800,1.799964
FILLER_4_6,VPWR,li1,8.9700,24.4800,1.799964
FILLER_4_3,VPWR,li1,7.5900,24.4800,1.799964
FILLER_3_308,VPWR,li1,147.6600,19.0400,1.799760
FILLER_3_305,VPWR,li1,146.5100,19.0400,1.799760
FILLER_3_302,VPWR,li1,145.1300,19.0400,1.799760
FILLER_3_299,VPWR,li1,143.7500,19.0400,1.799760
FILLER_3_296,VPWR,li1,142.3700,19.0400,1.799760
FILLER_3_293,VPWR,li1,140.9900,19.0400,1.799760
FILLER_3_290,VPWR,li1,139.6100,19.0400,1.799760
FILLER_3_287,VPWR,li1,138.2300,19.0400,1.799760
FILLER_3_284,VPWR,li1,136.8500,19.0400,1.799760
FILLER_3_281,VPWR,li1,135.4700,19.0400,1.799760
FILLER_3_279,VPWR,li1,134.0900,19.0400,1.799760
FILLER_3_276,VPWR,li1,133.1700,19.0400,1.799760
FILLER_3_273,VPWR,li1,131.7900,19.0400,1.799760
FILLER_3_270,VPWR,li1,130.4100,19.0400,1.799760
FILLER_3_267,VPWR,li1,129.0300,19.0400,1.799760
FILLER_3_264,VPWR,li1,127.6500,19.0400,1.799760
FILLER_3_228,VPWR,li1,110.6300,19.0400,1.799765
FILLER_3_225,VPWR,li1,109.7100,19.0400,1.799765
FILLER_3_223,VPWR,li1,108.3300,19.0400,1.799766
FILLER_3_201,VPWR,li1,98.2100,19.0400,1.799774
FILLER_3_169,VPWR,li1,83.7200,19.0400,1.799788
FILLER_3_137,VPWR,li1,69.0000,19.0400,1.799814
FILLER_3_113,VPWR,li1,57.9600,19.0400,1.799839
FILLER_3_80,VPWR,li1,42.5500,19.0400,1.799887
FILLER_3_64,VPWR,li1,35.6500,19.0400,1.799907
FILLER_3_51,VPWR,li1,29.2100,19.0400,1.799935
FILLER_3_48,VPWR,li1,28.2900,19.0400,1.799935
FILLER_3_45,VPWR,li1,26.9100,19.0400,1.799944
FILLER_3_42,VPWR,li1,25.5300,19.0400,1.799944
FILLER_3_39,VPWR,li1,24.1500,19.0400,1.799952
FILLER_3_36,VPWR,li1,22.7700,19.0400,1.799961
FILLER_3_33,VPWR,li1,21.3900,19.0400,1.799961
FILLER_3_30,VPWR,li1,20.0100,19.0400,1.799961
FILLER_3_27,VPWR,li1,18.6300,19.0400,1.799961
FILLER_3_24,VPWR,li1,17.2500,19.0400,1.799961
FILLER_3_21,VPWR,li1,15.8700,19.0400,1.799961
FILLER_3_18,VPWR,li1,14.4900,19.0400,1.799961
FILLER_3_15,VPWR,li1,13.1100,19.0400,1.799961
FILLER_3_12,VPWR,li1,11.7300,19.0400,1.799961
FILLER_3_9,VPWR,li1,10.3500,19.0400,1.799961
FILLER_3_6,VPWR,li1,8.9700,19.0400,1.799961
FILLER_3_3,VPWR,li1,7.5900,19.0400,1.799961
FILLER_2_309,VPWR,li1,147.8900,19.0400,1.799760
FILLER_2_307,VPWR,li1,146.9700,19.0400,1.799760
FILLER_2_304,VPWR,li1,146.0500,19.0400,1.799760
FILLER_2_301,VPWR,li1,144.6700,19.0400,1.799760
FILLER_2_298,VPWR,li1,143.2900,19.0400,1.799760
FILLER_2_295,VPWR,li1,141.9100,19.0400,1.799760
FILLER_2_292,VPWR,li1,140.5300,19.0400,1.799760
FILLER_2_289,VPWR,li1,139.1500,19.0400,1.799760
FILLER_2_286,VPWR,li1,137.7700,19.0400,1.799760
FILLER_2_283,VPWR,li1,136.3900,19.0400,1.799760
FILLER_2_280,VPWR,li1,135.0100,19.0400,1.799760
FILLER_2_277,VPWR,li1,133.6300,19.0400,1.799760
FILLER_2_274,VPWR,li1,132.2500,19.0400,1.799760
FILLER_2_271,VPWR,li1,130.8700,19.0400,1.799760
FILLER_2_268,VPWR,li1,129.4900,19.0400,1.799760
FILLER_2_265,VPWR,li1,128.1100,19.0400,1.799760
FILLER_2_262,VPWR,li1,126.7300,19.0400,1.799760
FILLER_2_259,VPWR,li1,125.3500,19.0400,1.799760
FILLER_2_256,VPWR,li1,123.9700,19.0400,1.799760
FILLER_2_253,VPWR,li1,122.5900,19.0400,1.799760
FILLER_2_251,VPWR,li1,121.2100,19.0400,1.799760
FILLER_2_248,VPWR,li1,120.2900,19.0400,1.799761
FILLER_2_232,VPWR,li1,112.9300,19.0400,1.799763
FILLER_2_224,VPWR,li1,108.7900,19.0400,1.799766
FILLER_2_221,VPWR,li1,107.8700,19.0400,1.799766
FILLER_2_203,VPWR,li1,99.3600,19.0400,1.799772
FILLER_2_200,VPWR,li1,98.2100,19.0400,1.799774
FILLER_2_197,VPWR,li1,96.8300,19.0400,1.799774
FILLER_2_195,VPWR,li1,95.4500,19.0400,1.799776
FILLER_2_192,VPWR,li1,94.5300,19.0400,1.799776
FILLER_2_173,VPWR,li1,85.3300,19.0400,1.799785
FILLER_2_170,VPWR,li1,84.4100,19.0400,1.799788
FILLER_2_141,VPWR,li1,70.8400,19.0400,1.799810
FILLER_2_139,VPWR,li1,69.6900,19.0400,1.799810
FILLER_2_129,VPWR,li1,65.3200,19.0400,1.799820
FILLER_2_83,VPWR,li1,43.9300,19.0400,1.799878
FILLER_2_50,VPWR,li1,29.2100,19.0400,1.799935
FILLER_2_47,VPWR,li1,27.8300,19.0400,1.799935
FILLER_2_44,VPWR,li1,26.4500,19.0400,1.799944
FILLER_2_41,VPWR,li1,25.0700,19.0400,1.799952
FILLER_2_38,VPWR,li1,23.6900,19.0400,1.799952
FILLER_2_35,VPWR,li1,22.3100,19.0400,1.799961
FILLER_2_32,VPWR,li1,20.9300,19.0400,1.799961
FILLER_2_29,VPWR,li1,19.5500,19.0400,1.799961
FILLER_2_27,VPWR,li1,18.1700,19.0400,1.799961
FILLER_2_24,VPWR,li1,17.2500,19.0400,1.799961
FILLER_2_21,VPWR,li1,15.8700,19.0400,1.799961
FILLER_2_18,VPWR,li1,14.4900,19.0400,1.799961
FILLER_2_15,VPWR,li1,13.1100,19.0400,1.799961
FILLER_2_12,VPWR,li1,11.7300,19.0400,1.799961
FILLER_2_9,VPWR,li1,10.3500,19.0400,1.799961
FILLER_2_6,VPWR,li1,8.9700,19.0400,1.799961
FILLER_2_3,VPWR,li1,7.5900,19.0400,1.799961
FILLER_1_308,VPWR,li1,147.6600,13.6000,1.799680
FILLER_1_305,VPWR,li1,146.5100,13.6000,1.799680
FILLER_1_302,VPWR,li1,145.1300,13.6000,1.799680
FILLER_1_299,VPWR,li1,143.7500,13.6000,1.799680
FILLER_1_296,VPWR,li1,142.3700,13.6000,1.799680
FILLER_1_293,VPWR,li1,140.9900,13.6000,1.799680
FILLER_1_290,VPWR,li1,139.6100,13.6000,1.799680
FILLER_1_287,VPWR,li1,138.2300,13.6000,1.799680
FILLER_1_284,VPWR,li1,136.8500,13.6000,1.799680
FILLER_1_281,VPWR,li1,135.4700,13.6000,1.799680
FILLER_1_279,VPWR,li1,134.0900,13.6000,1.799680
FILLER_1_276,VPWR,li1,133.1700,13.6000,1.799680
FILLER_1_273,VPWR,li1,131.7900,13.6000,1.799680
FILLER_1_270,VPWR,li1,130.4100,13.6000,1.799680
FILLER_1_267,VPWR,li1,129.0300,13.6000,1.799680
FILLER_1_264,VPWR,li1,127.6500,13.6000,1.799680
FILLER_1_261,VPWR,li1,126.2700,13.6000,1.799680
FILLER_1_258,VPWR,li1,124.8900,13.6000,1.799680
FILLER_1_255,VPWR,li1,123.5100,13.6000,1.799680
FILLER_1_252,VPWR,li1,122.1300,13.6000,1.799680
FILLER_1_249,VPWR,li1,120.7500,13.6000,1.799680
FILLER_1_246,VPWR,li1,119.3700,13.6000,1.799680
FILLER_1_243,VPWR,li1,117.9900,13.6000,1.799680
FILLER_1_240,VPWR,li1,116.6100,13.6000,1.799680
FILLER_1_237,VPWR,li1,115.2300,13.6000,1.799680
FILLER_1_234,VPWR,li1,113.8500,13.6000,1.799680
FILLER_1_231,VPWR,li1,112.4700,13.6000,1.799680
FILLER_1_228,VPWR,li1,111.0900,13.6000,1.799680
FILLER_1_225,VPWR,li1,109.7100,13.6000,1.799681
FILLER_1_221,VPWR,li1,107.8700,13.6000,1.799681
FILLER_1_210,VPWR,li1,102.8100,13.6000,1.799682
FILLER_1_207,VPWR,li1,101.4300,13.6000,1.799682
FILLER_1_192,VPWR,li1,94.5300,13.6000,1.799690
FILLER_1_127,VPWR,li1,64.4000,13.6000,1.799757
FILLER_1_113,VPWR,li1,57.7300,13.6000,1.799782
FILLER_1_87,VPWR,li1,45.7700,13.6000,1.799834
FILLER_1_55,VPWR,li1,31.0500,13.6000,1.799896
FILLER_1_52,VPWR,li1,30.1300,13.6000,1.799909
FILLER_1_45,VPWR,li1,26.9100,13.6000,1.799925
FILLER_1_42,VPWR,li1,25.5300,13.6000,1.799925
FILLER_1_39,VPWR,li1,24.1500,13.6000,1.799935
FILLER_1_36,VPWR,li1,22.7700,13.6000,1.799947
FILLER_1_33,VPWR,li1,21.3900,13.6000,1.799947
FILLER_1_30,VPWR,li1,20.0100,13.6000,1.799947
FILLER_1_27,VPWR,li1,18.6300,13.6000,1.799947
FILLER_1_24,VPWR,li1,17.2500,13.6000,1.799947
FILLER_1_21,VPWR,li1,15.8700,13.6000,1.799947
FILLER_1_18,VPWR,li1,14.4900,13.6000,1.799947
FILLER_1_15,VPWR,li1,13.1100,13.6000,1.799947
FILLER_1_12,VPWR,li1,11.7300,13.6000,1.799947
FILLER_1_9,VPWR,li1,10.3500,13.6000,1.799947
FILLER_1_6,VPWR,li1,8.9700,13.6000,1.799947
FILLER_1_3,VPWR,li1,7.5900,13.6000,1.799947
FILLER_0_309,VPWR,li1,147.8900,13.6000,1.799680
FILLER_0_305,VPWR,li1,146.5100,13.6000,1.799680
FILLER_0_302,VPWR,li1,145.1300,13.6000,1.799680
FILLER_0_299,VPWR,li1,143.7500,13.6000,1.799680
FILLER_0_296,VPWR,li1,142.3700,13.6000,1.799680
FILLER_0_293,VPWR,li1,140.9900,13.6000,1.799680
FILLER_0_290,VPWR,li1,139.6100,13.6000,1.799680
FILLER_0_287,VPWR,li1,138.2300,13.6000,1.799680
FILLER_0_284,VPWR,li1,136.8500,13.6000,1.799680
FILLER_0_281,VPWR,li1,135.4700,13.6000,1.799680
FILLER_0_277,VPWR,li1,133.6300,13.6000,1.799680
FILLER_0_274,VPWR,li1,132.2500,13.6000,1.799680
FILLER_0_271,VPWR,li1,130.8700,13.6000,1.799680
FILLER_0_268,VPWR,li1,129.4900,13.6000,1.799680
FILLER_0_265,VPWR,li1,128.1100,13.6000,1.799680
FILLER_0_262,VPWR,li1,126.7300,13.6000,1.799680
FILLER_0_259,VPWR,li1,125.3500,13.6000,1.799680
FILLER_0_256,VPWR,li1,123.9700,13.6000,1.799680
FILLER_0_253,VPWR,li1,122.5900,13.6000,1.799680
FILLER_0_251,VPWR,li1,121.2100,13.6000,1.799680
FILLER_0_248,VPWR,li1,120.2900,13.6000,1.799680
FILLER_0_245,VPWR,li1,118.9100,13.6000,1.799680
FILLER_0_242,VPWR,li1,117.5300,13.6000,1.799680
FILLER_0_239,VPWR,li1,116.1500,13.6000,1.799680
FILLER_0_228,VPWR,li1,110.6300,13.6000,1.799680
FILLER_0_225,VPWR,li1,109.7100,13.6000,1.799681
FILLER_0_221,VPWR,li1,107.8700,13.6000,1.799681
FILLER_0_218,VPWR,li1,106.4900,13.6000,1.799681
FILLER_0_169,VPWR,li1,83.4900,13.6000,1.799709
FILLER_0_160,VPWR,li1,79.5800,13.6000,1.799717
FILLER_0_113,VPWR,li1,58.1900,13.6000,1.799782
FILLER_0_88,VPWR,li1,46.2300,13.6000,1.799826
FILLER_0_85,VPWR,li1,45.3100,13.6000,1.799834
FILLER_0_75,VPWR,li1,40.2500,13.6000,1.799852
FILLER_0_44,VPWR,li1,26.2200,13.6000,1.799925
FILLER_0_41,VPWR,li1,25.0700,13.6000,1.799935
FILLER_0_38,VPWR,li1,23.6900,13.6000,1.799935
FILLER_0_35,VPWR,li1,22.3100,13.6000,1.799947
FILLER_0_32,VPWR,li1,20.9300,13.6000,1.799947
FILLER_0_29,VPWR,li1,19.5500,13.6000,1.799947
FILLER_0_27,VPWR,li1,18.1700,13.6000,1.799947
FILLER_0_24,VPWR,li1,17.2500,13.6000,1.799947
FILLER_0_21,VPWR,li1,15.8700,13.6000,1.799947
FILLER_0_18,VPWR,li1,14.4900,13.6000,1.799947
FILLER_0_15,VPWR,li1,13.1100,13.6000,1.799947
FILLER_0_12,VPWR,li1,11.7300,13.6000,1.799947
FILLER_0_9,VPWR,li1,10.3500,13.6000,1.799947
FILLER_0_6,VPWR,li1,8.9700,13.6000,1.799947
FILLER_0_3,VPWR,li1,7.5900,13.6000,1.799947
rebuffer632,VPWR,li1,45.5400,111.5200,1.799915
rebuffer616,VPWR,li1,67.6200,62.5600,1.799782
rebuffer530,VPWR,li1,56.1200,57.1200,1.799846
rebuffer529,VPWR,li1,52.4400,62.5600,1.799830
rebuffer528,VPWR,li1,91.0800,46.2400,1.799740
rebuffer527,VPWR,li1,92.9200,46.2400,1.799736
rebuffer526,VPWR,li1,109.9400,51.6800,1.799661
rebuffer525,VPWR,li1,143.9800,89.7600,1.799652
rebuffer524,VPWR,li1,29.2100,46.2400,1.799927
rebuffer523,VPWR,li1,48.7600,116.9600,1.799886
rebuffer522,VPWR,li1,92.0000,51.6800,1.799699
rebuffer521,VPWR,li1,78.8900,24.4800,1.799796
rebuffer520,VPWR,li1,79.3500,111.5200,1.799853
rebuffer477,VPWR,li1,11.5000,100.6400,1.799967
rebuffer464,VPWR,li1,48.7600,24.4800,1.799876
rebuffer463,VPWR,li1,58.4200,46.2400,1.799834
rebuffer462,VPWR,li1,50.6000,24.4800,1.799867
rebuffer461,VPWR,li1,54.2800,57.1200,1.799852
rebuffer460,VPWR,li1,34.9600,24.4800,1.799921
rebuffer459,VPWR,li1,133.4000,35.3600,1.799696
rebuffer458,VPWR,li1,43.7000,19.0400,1.799878
rebuffer457,VPWR,li1,126.9600,46.2400,1.799679
rebuffer456,VPWR,li1,118.6800,19.0400,1.799761
rebuffer444,VPWR,li1,65.7800,100.6400,1.799872
rebuffer443,VPWR,li1,16.3300,116.9600,1.799953
rebuffer394,VPWR,li1,70.3800,144.1600,1.799846
rebuffer393,VPWR,li1,63.2500,149.6000,1.799827
rebuffer392,VPWR,li1,67.8500,144.1600,1.799851
rebuffer391,VPWR,li1,69.6900,138.7200,1.799846
rebuffer390,VPWR,li1,137.0800,51.6800,1.799620
rebuffer389,VPWR,li1,63.7100,144.1600,1.799858
rebuffer388,VPWR,li1,40.2500,144.1600,1.799915
rebuffer387,VPWR,li1,56.1200,149.6000,1.799845
rebuffer386,VPWR,li1,54.9700,155.0400,1.799866
rebuffer385,VPWR,li1,114.5400,57.1200,1.799727
rebuffer384,VPWR,li1,35.6500,149.6000,1.799906
rebuffer383,VPWR,li1,138.9200,57.1200,1.799698
rebuffer382,VPWR,li1,142.6000,73.4400,1.799749
rebuffer381,VPWR,li1,21.8500,46.2400,1.799958
rebuffer380,VPWR,li1,40.2500,149.6000,1.799890
rebuffer364,VPWR,li1,105.3400,149.6000,1.799765
rebuffer348,VPWR,li1,122.8200,24.4800,1.799741
rebuffer347,VPWR,li1,110.8600,24.4800,1.799748
rebuffer346,VPWR,li1,30.3600,19.0400,1.799925
rebuffer345,VPWR,li1,129.2600,40.8000,1.799751
rebuffer344,VPWR,li1,130.6400,51.6800,1.799628
rebuffer343,VPWR,li1,126.5000,46.2400,1.799679
rebuffer342,VPWR,li1,112.2400,62.5600,1.799688
rebuffer341,VPWR,li1,127.6500,51.6800,1.799631
rebuffer340,VPWR,li1,142.6000,35.3600,1.799689
rebuffer339,VPWR,li1,100.2800,24.4800,1.799758
rebuffer338,VPWR,li1,146.2800,51.6800,1.799611
rebuffer337,VPWR,li1,97.0600,46.2400,1.799727
rebuffer336,VPWR,li1,89.2400,19.0400,1.799783
rebuffer307,VPWR,li1,80.9600,144.1600,1.799833
rebuffer292,VPWR,li1,133.8600,62.5600,1.799661
rebuffer291,VPWR,li1,141.2200,84.3200,1.799715
rebuffer290,VPWR,li1,132.0200,89.7600,1.799657
rebuffer289,VPWR,li1,139.3800,89.7600,1.799653
rebuffer288,VPWR,li1,94.7600,24.4800,1.799766
rebuffer287,VPWR,li1,19.7800,89.7600,1.799946
rebuffer249,VPWR,li1,35.1900,46.2400,1.799905
rebuffer248,VPWR,li1,85.3300,155.0400,1.799812
rebuffer247,VPWR,li1,41.6300,127.8400,1.799915
rebuffer246,VPWR,li1,116.3800,29.9200,1.799764
rebuffer245,VPWR,li1,134.3200,35.3600,1.799694
rebuffer244,VPWR,li1,82.1100,138.7200,1.799828
rebuffer243,VPWR,li1,90.6200,144.1600,1.799826
rebuffer242,VPWR,li1,45.5400,100.6400,1.799912
rebuffer241,VPWR,li1,93.3800,127.8400,1.799826
rebuffer240,VPWR,li1,58.4200,106.0800,1.799924
rebuffer239,VPWR,li1,56.1200,95.2000,1.799860
rebuffer238,VPWR,li1,92.9200,35.3600,1.799757
rebuffer237,VPWR,li1,99.3600,78.8800,1.799752
rebuffer236,VPWR,li1,86.0200,68.0000,1.799782
rebuffer235,VPWR,li1,62.7900,95.2000,1.799843
rebuffer234,VPWR,li1,63.4800,89.7600,1.799800
rebuffer233,VPWR,li1,78.4300,116.9600,1.799824
rebuffer232,VPWR,li1,78.2000,51.6800,1.799740
rebuffer231,VPWR,li1,76.1300,78.8800,1.799800
rebuffer230,VPWR,li1,46.6900,106.0800,1.799937
rebuffer228,VPWR,li1,60.7200,51.6800,1.799794
rebuffer227,VPWR,li1,77.9700,95.2000,1.799812
rebuffer226,VPWR,li1,61.6400,68.0000,1.799841
rebuffer225,VPWR,li1,90.6200,78.8800,1.799766
rebuffer224,VPWR,li1,89.7000,68.0000,1.799774
rebuffer223,VPWR,li1,23.9200,57.1200,1.799948
rebuffer222,VPWR,li1,93.8400,73.4400,1.799797
rebuffer221,VPWR,li1,140.7600,46.2400,1.799665
rebuffer220,VPWR,li1,81.4200,122.4000,1.799844
rebuffer219,VPWR,li1,81.8800,127.8400,1.799839
rebuffer217,VPWR,li1,94.7600,46.2400,1.799732
rebuffer229,VPWR,li1,47.3800,100.6400,1.799906
rebuffer214,VPWR,li1,133.8600,73.4400,1.799753
rebuffer216,VPWR,li1,86.0200,100.6400,1.799845
rebuffer218,VPWR,li1,91.7700,24.4800,1.799771
rebuffer631,VPWR,li1,115.0000,106.0800,1.799879
rebuffer215,VPWR,li1,105.8000,111.5200,1.799822
fanout115,VPWR,li1,91.0800,133.2800,1.799853
fanout123,VPWR,li1,111.3200,133.2800,1.799837
max_cap213,VPWR,li1,133.8600,84.3200,1.799719
fanout212,VPWR,li1,16.5600,95.2000,1.799959
fanout211,VPWR,li1,13.8000,106.0800,1.799976
fanout210,VPWR,li1,67.1600,13.6000,1.799749
fanout209,VPWR,li1,137.5400,116.9600,1.799770
fanout208,VPWR,li1,113.6200,116.9600,1.799779
max_cap207,VPWR,li1,143.5200,62.5600,1.799657
fanout206,VPWR,li1,146.0500,35.3600,1.799687
fanout205,VPWR,li1,137.3100,35.3600,1.799691
fanout204,VPWR,li1,115.6900,19.0400,1.799762
fanout203,VPWR,li1,70.3800,19.0400,1.799810
fanout202,VPWR,li1,105.1100,19.0400,1.799767
fanout201,VPWR,li1,91.7700,13.6000,1.799693
fanout200,VPWR,li1,81.4200,13.6000,1.799713
fanout199,VPWR,li1,145.1300,95.2000,1.799746
load_slew198,VPWR,li1,123.5100,84.3200,1.799727
fanout197,VPWR,li1,120.5200,89.7600,1.799667
fanout196,VPWR,li1,139.8400,78.8800,1.799712
fanout195,VPWR,li1,124.2000,73.4400,1.799760
load_slew194,VPWR,li1,111.0900,62.5600,1.799688
fanout193,VPWR,li1,119.3700,62.5600,1.799676
fanout192,VPWR,li1,92.0000,51.6800,1.799699
load_slew191,VPWR,li1,85.3300,127.8400,1.799836
fanout190,VPWR,li1,90.3900,127.8400,1.799830
load_slew189,VPWR,li1,48.3000,95.2000,1.799878
fanout188,VPWR,li1,54.2800,89.7600,1.799832
load_slew187,VPWR,li1,80.0400,46.2400,1.799770
fanout186,VPWR,li1,87.4000,46.2400,1.799748
load_slew185,VPWR,li1,59.1100,62.5600,1.799807
fanout184,VPWR,li1,60.2600,51.6800,1.799794
fanout183,VPWR,li1,54.9700,13.6000,1.799791
load_slew181,VPWR,li1,111.7800,40.8000,1.799766
fanout180,VPWR,li1,105.8000,40.8000,1.799774
load_slew179,VPWR,li1,139.1500,84.3200,1.799716
fanout178,VPWR,li1,143.9800,84.3200,1.799715
wire177,VPWR,li1,80.5000,51.6800,1.799729
fanout176,VPWR,li1,98.9000,46.2400,1.799723
fanout175,VPWR,li1,91.5400,40.8000,1.799794
load_slew174,VPWR,li1,85.1000,51.6800,1.799716
fanout173,VPWR,li1,85.1000,46.2400,1.799754
fanout172,VPWR,li1,33.8100,13.6000,1.799882
load_slew171,VPWR,li1,134.7800,78.8800,1.799714
load_slew169,VPWR,li1,138.6900,73.4400,1.799750
fanout168,VPWR,li1,145.5900,62.5600,1.799656
load_slew167,VPWR,li1,100.7400,68.0000,1.799753
fanout166,VPWR,li1,98.4400,62.5600,1.799713
wire164,VPWR,li1,131.5600,62.5600,1.799663
fanout163,VPWR,li1,145.8200,73.4400,1.799748
fanout162,VPWR,li1,105.8000,68.0000,1.799744
fanout161,VPWR,li1,103.9600,95.2000,1.799771
load_slew160,VPWR,li1,115.9200,89.7600,1.799673
fanout159,VPWR,li1,116.3800,89.7600,1.799673
fanout158,VPWR,li1,138.2300,40.8000,1.799746
fanout157,VPWR,li1,141.2200,40.8000,1.799744
fanout156,VPWR,li1,139.3800,127.8400,1.799794
fanout155,VPWR,li1,135.7000,133.2800,1.799828
fanout154,VPWR,li1,136.1600,127.8400,1.799795
fanout153,VPWR,li1,11.5000,57.1200,1.799952
fanout152,VPWR,li1,11.9600,62.5600,1.799950
fanout150,VPWR,li1,62.5600,127.8400,1.799870
fanout149,VPWR,li1,112.2400,68.0000,1.799735
fanout148,VPWR,li1,92.4600,78.8800,1.799763
fanout147,VPWR,li1,91.0800,100.6400,1.799839
fanout146,VPWR,li1,82.3400,84.3200,1.799794
fanout145,VPWR,li1,91.0800,78.8800,1.799766
fanout144,VPWR,li1,132.0200,106.0800,1.799873
load_slew143,VPWR,li1,107.6400,84.3200,1.799746
fanout142,VPWR,li1,112.0100,84.3200,1.799739
fanout141,VPWR,li1,95.6800,100.6400,1.799836
load_slew140,VPWR,li1,71.7600,100.6400,1.799862
fanout139,VPWR,li1,94.3000,89.7600,1.799711
load_slew138,VPWR,li1,85.1000,89.7600,1.799733
fanout137,VPWR,li1,94.7600,84.3200,1.799767
load_slew136,VPWR,li1,87.1700,84.3200,1.799782
fanout135,VPWR,li1,88.7800,89.7600,1.799724
fanout133,VPWR,li1,81.8800,116.9600,1.799819
fanout132,VPWR,li1,129.2600,111.5200,1.799808
fanout131,VPWR,li1,84.1800,111.5200,1.799847
max_cap130,VPWR,li1,135.0100,40.8000,1.799747
max_cap129,VPWR,li1,133.8600,57.1200,1.799702
max_cap128,VPWR,li1,113.8500,24.4800,1.799745
max_cap127,VPWR,li1,41.6300,19.0400,1.799887
max_cap126,VPWR,li1,58.4200,24.4800,1.799843
fanout125,VPWR,li1,97.9800,89.7600,1.799706
fanout124,VPWR,li1,119.6000,84.3200,1.799731
fanout122,VPWR,li1,105.8000,133.2800,1.799840
fanout121,VPWR,li1,133.4000,78.8800,1.799716
fanout120,VPWR,li1,114.0800,133.2800,1.799835
load_slew119,VPWR,li1,132.9400,46.2400,1.799671
fanout118,VPWR,li1,132.4800,95.2000,1.799750
fanout116,VPWR,li1,38.4100,116.9600,1.799913
fanout114,VPWR,li1,58.8800,133.2800,1.799896
fanout112,VPWR,li1,136.8500,62.5600,1.799660
fanout111,VPWR,li1,59.3400,95.2000,1.799850
max_cap110,VPWR,li1,61.6400,149.6000,1.799827
fanout109,VPWR,li1,101.6600,144.1600,1.799822
fanout108,VPWR,li1,138.0000,51.6800,1.799617
fanout107,VPWR,li1,140.3000,95.2000,1.799747
fanout106,VPWR,li1,93.3800,127.8400,1.799826
fanout105,VPWR,li1,34.9600,127.8400,1.799929
max_cap104,VPWR,li1,70.3800,127.8400,1.799859
fanout103,VPWR,li1,89.2400,155.0400,1.799809
fanout102,VPWR,li1,141.2200,78.8800,1.799712
output101,VPWR,li1,80.7300,149.6000,1.799793
output100,VPWR,li1,93.6100,13.6000,1.799690
output99,VPWR,li1,98.9000,13.6000,1.799684
output98,VPWR,li1,103.7300,13.6000,1.799681
output97,VPWR,li1,97.9800,13.6000,1.799684
output96,VPWR,li1,145.1300,35.3600,1.799688
output95,VPWR,li1,144.4400,51.6800,1.799612
output94,VPWR,li1,142.1400,57.1200,1.799696
output93,VPWR,li1,67.1600,155.0400,1.799838
output92,VPWR,li1,80.7300,155.0400,1.799817
output91,VPWR,li1,146.2800,51.6800,1.799611
output90,VPWR,li1,77.5100,144.1600,1.799835
output89,VPWR,li1,73.1400,155.0400,1.799827
output88,VPWR,li1,61.6400,155.0400,1.799849
output87,VPWR,li1,68.0800,149.6000,1.799813
output86,VPWR,li1,41.4000,155.0400,1.799903
output85,VPWR,li1,44.3900,149.6000,1.799876
output84,VPWR,li1,8.9700,122.4000,1.799958
output83,VPWR,li1,12.1900,111.5200,1.799961
output82,VPWR,li1,8.9700,89.7600,1.799938
output81,VPWR,li1,9.6600,89.7600,1.799938
output80,VPWR,li1,140.3000,57.1200,1.799696
output79,VPWR,li1,9.6600,116.9600,1.799950
output78,VPWR,li1,9.6600,84.3200,1.799952
output77,VPWR,li1,8.9700,57.1200,1.799951
output76,VPWR,li1,9.6600,40.8000,1.799958
output75,VPWR,li1,9.2000,78.8800,1.799948
output74,VPWR,li1,65.3200,13.6000,1.799757
output73,VPWR,li1,35.1900,19.0400,1.799907
output72,VPWR,li1,37.9500,13.6000,1.799867
output71,VPWR,li1,61.6400,13.6000,1.799768
output70,VPWR,li1,74.0600,19.0400,1.799803
output69,VPWR,li1,122.1300,149.6000,1.799757
input68,VPWR,li1,145.3600,133.2800,1.799828
input67,VPWR,li1,145.3600,127.8400,1.799793
input66,VPWR,li1,146.2800,127.8400,1.799793
input65,VPWR,li1,146.2800,106.0800,1.799872
input64,VPWR,li1,80.9600,13.6000,1.799717
input63,VPWR,li1,85.5600,13.6000,1.799704
input62,VPWR,li1,105.3400,13.6000,1.799681
input61,VPWR,li1,113.1600,13.6000,1.799680
input60,VPWR,li1,144.9000,29.9200,1.799742
input59,VPWR,li1,140.7600,51.6800,1.799615
input58,VPWR,li1,145.8200,62.5600,1.799656
input57,VPWR,li1,123.7400,155.0400,1.799793
input56,VPWR,li1,111.7800,155.0400,1.799796
input55,VPWR,li1,146.2800,57.1200,1.799695
input54,VPWR,li1,97.9800,155.0400,1.799803
input53,VPWR,li1,92.9200,155.0400,1.799806
input52,VPWR,li1,47.3800,155.0400,1.799886
input51,VPWR,li1,55.2000,144.1600,1.799877
input50,VPWR,li1,45.0800,144.1600,1.799904
input49,VPWR,li1,8.7400,133.2800,1.799974
input48,VPWR,li1,8.7400,127.8400,1.799960
input47,VPWR,li1,8.7400,122.4000,1.799958
input46,VPWR,li1,8.7400,106.0800,1.799975
input45,VPWR,li1,8.7400,95.2000,1.799957
input44,VPWR,li1,144.4400,46.2400,1.799664
input43,VPWR,li1,14.2600,84.3200,1.799955
input42,VPWR,li1,8.7400,68.0000,1.799958
input41,VPWR,li1,8.7400,62.5600,1.799950
input40,VPWR,li1,8.7400,62.5600,1.799950
input39,VPWR,li1,42.3200,13.6000,1.799843
input38,VPWR,li1,8.7400,51.6800,1.799951
input37,VPWR,li1,28.9800,13.6000,1.799909
input36,VPWR,li1,51.5200,13.6000,1.799805
input35,VPWR,li1,55.2000,13.6000,1.799791
input34,VPWR,li1,78.6600,19.0400,1.799794
input33,VPWR,li1,145.3600,46.2400,1.799664
input32,VPWR,li1,77.2800,13.6000,1.799723
input31,VPWR,li1,77.5100,13.6000,1.799723
input30,VPWR,li1,74.9800,13.6000,1.799730
input29,VPWR,li1,84.8700,13.6000,1.799709
input28,VPWR,li1,146.2800,24.4800,1.799740
input27,VPWR,li1,142.3700,40.8000,1.799744
input26,VPWR,li1,135.4700,51.6800,1.799620
input25,VPWR,li1,146.2800,111.5200,1.799806
input24,VPWR,li1,132.4800,155.0400,1.799792
input23,VPWR,li1,141.6800,68.0000,1.799710
input22,VPWR,li1,116.3800,155.0400,1.799795
input21,VPWR,li1,118.2200,149.6000,1.799758
input20,VPWR,li1,106.2600,155.0400,1.799798
input19,VPWR,li1,92.4600,149.6000,1.799777
input18,VPWR,li1,80.0400,149.6000,1.799793
input17,VPWR,li1,51.0600,155.0400,1.799876
input16,VPWR,li1,8.7400,127.8400,1.799960
input15,VPWR,li1,12.4200,116.9600,1.799952
input14,VPWR,li1,8.7400,116.9600,1.799950
input13,VPWR,li1,8.7400,106.0800,1.799975
input12,VPWR,li1,135.4700,78.8800,1.799714
input11,VPWR,li1,8.7400,100.6400,1.799966
input10,VPWR,li1,8.7400,84.3200,1.799952
input9,VPWR,li1,12.4200,84.3200,1.799954
input8,VPWR,li1,8.7400,73.4400,1.799961
input7,VPWR,li1,8.7400,68.0000,1.799958
input6,VPWR,li1,12.8800,73.4400,1.799961
input5,VPWR,li1,28.5200,13.6000,1.799909
input4,VPWR,li1,62.5600,19.0400,1.799826
input3,VPWR,li1,67.6200,19.0400,1.799814
input2,VPWR,li1,68.0800,13.6000,1.799749
input1,VPWR,li1,145.8200,73.4400,1.799748
TAP_TAPCELL_ROW_52_407,VPWR,li1,147.4300,154.7330,1.799792
TAP_TAPCELL_ROW_52_406,VPWR,li1,134.5500,154.7330,1.799792
TAP_TAPCELL_ROW_52_405,VPWR,li1,121.6700,154.7330,1.799794
TAP_TAPCELL_ROW_52_404,VPWR,li1,108.7900,154.7330,1.799798
TAP_TAPCELL_ROW_52_403,VPWR,li1,95.9100,154.7330,1.799805
TAP_TAPCELL_ROW_52_402,VPWR,li1,83.0300,154.7330,1.799815
TAP_TAPCELL_ROW_52_401,VPWR,li1,70.1500,154.7330,1.799832
TAP_TAPCELL_ROW_52_400,VPWR,li1,57.2700,154.7330,1.799860
TAP_TAPCELL_ROW_52_399,VPWR,li1,44.3900,154.7330,1.799894
TAP_TAPCELL_ROW_52_398,VPWR,li1,31.5100,154.7330,1.799935
TAP_TAPCELL_ROW_52_397,VPWR,li1,18.6300,154.7330,1.799967
TAP_TAPCELL_ROW_51_396,VPWR,li1,134.5500,149.9060,1.799757
TAP_TAPCELL_ROW_51_395,VPWR,li1,108.7900,149.9060,1.799763
TAP_TAPCELL_ROW_51_394,VPWR,li1,83.0300,149.9060,1.799789
TAP_TAPCELL_ROW_51_393,VPWR,li1,57.2700,149.9060,1.799839
TAP_TAPCELL_ROW_51_392,VPWR,li1,31.5100,149.9060,1.799922
TAP_TAPCELL_ROW_50_391,VPWR,li1,147.4300,149.2930,1.799757
TAP_TAPCELL_ROW_50_390,VPWR,li1,121.6700,149.2930,1.799757
TAP_TAPCELL_ROW_50_389,VPWR,li1,95.9100,149.2930,1.799774
TAP_TAPCELL_ROW_50_388,VPWR,li1,70.1500,149.2930,1.799809
TAP_TAPCELL_ROW_50_387,VPWR,li1,44.3900,149.2930,1.799876
TAP_TAPCELL_ROW_50_386,VPWR,li1,18.6300,149.2930,1.799961
TAP_TAPCELL_ROW_49_385,VPWR,li1,134.5500,144.4660,1.799821
TAP_TAPCELL_ROW_49_384,VPWR,li1,108.7900,144.4660,1.799822
TAP_TAPCELL_ROW_49_383,VPWR,li1,83.0300,144.4660,1.799831
TAP_TAPCELL_ROW_49_382,VPWR,li1,57.2700,144.4660,1.799872
TAP_TAPCELL_ROW_49_381,VPWR,li1,31.5100,144.4660,1.799941
TAP_TAPCELL_ROW_48_380,VPWR,li1,147.4300,143.8530,1.799821
TAP_TAPCELL_ROW_48_379,VPWR,li1,121.6700,143.8530,1.799821
TAP_TAPCELL_ROW_48_378,VPWR,li1,95.9100,143.8530,1.799824
TAP_TAPCELL_ROW_48_377,VPWR,li1,70.1500,143.8530,1.799846
TAP_TAPCELL_ROW_48_376,VPWR,li1,44.3900,143.8530,1.799904
TAP_TAPCELL_ROW_48_375,VPWR,li1,18.6300,143.8530,1.799970
TAP_TAPCELL_ROW_47_374,VPWR,li1,134.5500,139.0260,1.799800
TAP_TAPCELL_ROW_47_373,VPWR,li1,108.7900,139.0260,1.799803
TAP_TAPCELL_ROW_47_372,VPWR,li1,83.0300,139.0260,1.799826
TAP_TAPCELL_ROW_47_371,VPWR,li1,57.2700,139.0260,1.799875
TAP_TAPCELL_ROW_47_370,VPWR,li1,31.5100,139.0260,1.799939
TAP_TAPCELL_ROW_46_369,VPWR,li1,147.4300,138.4130,1.799800
TAP_TAPCELL_ROW_46_368,VPWR,li1,121.6700,138.4130,1.799800
TAP_TAPCELL_ROW_46_367,VPWR,li1,95.9100,138.4130,1.799813
TAP_TAPCELL_ROW_46_366,VPWR,li1,70.1500,138.4130,1.799846
TAP_TAPCELL_ROW_46_365,VPWR,li1,44.3900,138.4130,1.799905
TAP_TAPCELL_ROW_46_364,VPWR,li1,18.6300,138.4130,1.799969
TAP_TAPCELL_ROW_45_363,VPWR,li1,134.5500,133.5860,1.799828
TAP_TAPCELL_ROW_45_362,VPWR,li1,108.7900,133.5860,1.799839
TAP_TAPCELL_ROW_45_361,VPWR,li1,83.0300,133.5860,1.799863
TAP_TAPCELL_ROW_45_360,VPWR,li1,57.2700,133.5860,1.799900
TAP_TAPCELL_ROW_45_359,VPWR,li1,31.5100,133.5860,1.799951
TAP_TAPCELL_ROW_44_358,VPWR,li1,147.4300,132.9730,1.799828
TAP_TAPCELL_ROW_44_357,VPWR,li1,121.6700,132.9730,1.799832
TAP_TAPCELL_ROW_44_356,VPWR,li1,95.9100,132.9730,1.799850
TAP_TAPCELL_ROW_44_355,VPWR,li1,70.1500,132.9730,1.799880
TAP_TAPCELL_ROW_44_354,VPWR,li1,44.3900,132.9730,1.799924
TAP_TAPCELL_ROW_44_353,VPWR,li1,18.6300,132.9730,1.799976
TAP_TAPCELL_ROW_43_352,VPWR,li1,134.5500,128.1460,1.799796
TAP_TAPCELL_ROW_43_351,VPWR,li1,108.7900,128.1460,1.799812
TAP_TAPCELL_ROW_43_350,VPWR,li1,83.0300,128.1460,1.799839
TAP_TAPCELL_ROW_43_349,VPWR,li1,57.2700,128.1460,1.799881
TAP_TAPCELL_ROW_43_348,VPWR,li1,31.5100,128.1460,1.799941
TAP_TAPCELL_ROW_42_347,VPWR,li1,147.4300,127.5330,1.799793
TAP_TAPCELL_ROW_42_346,VPWR,li1,121.6700,127.5330,1.799803
TAP_TAPCELL_ROW_42_345,VPWR,li1,95.9100,127.5330,1.799823
TAP_TAPCELL_ROW_42_344,VPWR,li1,70.1500,127.5330,1.799859
TAP_TAPCELL_ROW_42_343,VPWR,li1,44.3900,127.5330,1.799908
TAP_TAPCELL_ROW_42_342,VPWR,li1,18.6300,127.5330,1.799964
TAP_TAPCELL_ROW_41_341,VPWR,li1,134.5500,122.7060,1.799804
TAP_TAPCELL_ROW_41_340,VPWR,li1,108.7900,122.7060,1.799815
TAP_TAPCELL_ROW_41_339,VPWR,li1,83.0300,122.7060,1.799841
TAP_TAPCELL_ROW_41_338,VPWR,li1,57.2700,122.7060,1.799882
TAP_TAPCELL_ROW_41_337,VPWR,li1,31.5100,122.7060,1.799942
TAP_TAPCELL_ROW_40_336,VPWR,li1,147.4300,122.0930,1.799804
TAP_TAPCELL_ROW_40_335,VPWR,li1,121.6700,122.0930,1.799808
TAP_TAPCELL_ROW_40_334,VPWR,li1,95.9100,122.0930,1.799826
TAP_TAPCELL_ROW_40_333,VPWR,li1,70.1500,122.0930,1.799860
TAP_TAPCELL_ROW_40_332,VPWR,li1,44.3900,122.0930,1.799911
TAP_TAPCELL_ROW_40_331,VPWR,li1,18.6300,122.0930,1.799963
TAP_TAPCELL_ROW_39_330,VPWR,li1,134.5500,117.2660,1.799770
TAP_TAPCELL_ROW_39_329,VPWR,li1,108.7900,117.2660,1.799783
TAP_TAPCELL_ROW_39_328,VPWR,li1,83.0300,117.2660,1.799819
TAP_TAPCELL_ROW_39_327,VPWR,li1,57.2700,117.2660,1.799867
TAP_TAPCELL_ROW_39_326,VPWR,li1,31.5100,117.2660,1.799931
TAP_TAPCELL_ROW_38_325,VPWR,li1,147.4300,116.6530,1.799770
TAP_TAPCELL_ROW_38_324,VPWR,li1,121.6700,116.6530,1.799775
TAP_TAPCELL_ROW_38_323,VPWR,li1,95.9100,116.6530,1.799798
TAP_TAPCELL_ROW_38_322,VPWR,li1,70.1500,116.6530,1.799842
TAP_TAPCELL_ROW_38_321,VPWR,li1,44.3900,116.6530,1.799899
TAP_TAPCELL_ROW_38_320,VPWR,li1,18.6300,116.6530,1.799956
TAP_TAPCELL_ROW_37_319,VPWR,li1,134.5500,111.8260,1.799807
TAP_TAPCELL_ROW_37_318,VPWR,li1,108.7900,111.8260,1.799820
TAP_TAPCELL_ROW_37_317,VPWR,li1,83.0300,111.8260,1.799847
TAP_TAPCELL_ROW_37_316,VPWR,li1,57.2700,111.8260,1.799891
TAP_TAPCELL_ROW_37_315,VPWR,li1,31.5100,111.8260,1.799944
TAP_TAPCELL_ROW_36_314,VPWR,li1,147.4300,111.2130,1.799806
TAP_TAPCELL_ROW_36_313,VPWR,li1,121.6700,111.2130,1.799811
TAP_TAPCELL_ROW_36_312,VPWR,li1,95.9100,111.2130,1.799832
TAP_TAPCELL_ROW_36_311,VPWR,li1,70.1500,111.2130,1.799867
TAP_TAPCELL_ROW_36_310,VPWR,li1,44.3900,111.2130,1.799915
TAP_TAPCELL_ROW_36_309,VPWR,li1,18.6300,111.2130,1.799964
TAP_TAPCELL_ROW_35_308,VPWR,li1,134.5500,106.3860,1.799873
TAP_TAPCELL_ROW_35_307,VPWR,li1,108.7900,106.3860,1.799884
TAP_TAPCELL_ROW_35_306,VPWR,li1,83.0300,106.3860,1.799900
TAP_TAPCELL_ROW_35_305,VPWR,li1,57.2700,106.3860,1.799924
TAP_TAPCELL_ROW_35_304,VPWR,li1,31.5100,106.3860,1.799961
TAP_TAPCELL_ROW_34_303,VPWR,li1,147.4300,105.7730,1.799872
TAP_TAPCELL_ROW_34_302,VPWR,li1,121.6700,105.7730,1.799877
TAP_TAPCELL_ROW_34_301,VPWR,li1,95.9100,105.7730,1.799891
TAP_TAPCELL_ROW_34_300,VPWR,li1,70.1500,105.7730,1.799911
TAP_TAPCELL_ROW_34_299,VPWR,li1,44.3900,105.7730,1.799941
TAP_TAPCELL_ROW_34_298,VPWR,li1,18.6300,105.7730,1.799978
TAP_TAPCELL_ROW_33_297,VPWR,li1,134.5500,100.9460,1.799823
TAP_TAPCELL_ROW_33_296,VPWR,li1,108.7900,100.9460,1.799829
TAP_TAPCELL_ROW_33_295,VPWR,li1,83.0300,100.9460,1.799848
TAP_TAPCELL_ROW_33_294,VPWR,li1,57.2700,100.9460,1.799889
TAP_TAPCELL_ROW_33_293,VPWR,li1,31.5100,100.9460,1.799946
TAP_TAPCELL_ROW_32_292,VPWR,li1,147.4300,100.3330,1.799823
TAP_TAPCELL_ROW_32_291,VPWR,li1,121.6700,100.3330,1.799824
TAP_TAPCELL_ROW_32_290,VPWR,li1,95.9100,100.3330,1.799836
TAP_TAPCELL_ROW_32_289,VPWR,li1,70.1500,100.3330,1.799866
TAP_TAPCELL_ROW_32_288,VPWR,li1,44.3900,100.3330,1.799912
TAP_TAPCELL_ROW_32_287,VPWR,li1,18.6300,100.3330,1.799969
TAP_TAPCELL_ROW_31_286,VPWR,li1,134.5500,95.5060,1.799749
TAP_TAPCELL_ROW_31_285,VPWR,li1,108.7900,95.5060,1.799765
TAP_TAPCELL_ROW_31_284,VPWR,li1,83.0300,95.5060,1.799804
TAP_TAPCELL_ROW_31_283,VPWR,li1,57.2700,95.5060,1.799855
TAP_TAPCELL_ROW_31_282,VPWR,li1,31.5100,95.5060,1.799927
TAP_TAPCELL_ROW_30_281,VPWR,li1,147.4300,94.8930,1.799746
TAP_TAPCELL_ROW_30_280,VPWR,li1,121.6700,94.8930,1.799756
TAP_TAPCELL_ROW_30_279,VPWR,li1,95.9100,94.8930,1.799783
TAP_TAPCELL_ROW_30_278,VPWR,li1,70.1500,94.8930,1.799828
TAP_TAPCELL_ROW_30_277,VPWR,li1,44.3900,94.8930,1.799889
TAP_TAPCELL_ROW_30_276,VPWR,li1,18.6300,94.8930,1.799960
TAP_TAPCELL_ROW_29_275,VPWR,li1,134.5500,90.0660,1.799656
TAP_TAPCELL_ROW_29_274,VPWR,li1,108.7900,90.0660,1.799685
TAP_TAPCELL_ROW_29_273,VPWR,li1,83.0300,90.0660,1.799740
TAP_TAPCELL_ROW_29_272,VPWR,li1,57.2700,90.0660,1.799817
TAP_TAPCELL_ROW_29_271,VPWR,li1,31.5100,90.0660,1.799914
TAP_TAPCELL_ROW_28_270,VPWR,li1,147.4300,89.4530,1.799652
TAP_TAPCELL_ROW_28_269,VPWR,li1,121.6700,89.4530,1.799667
TAP_TAPCELL_ROW_28_268,VPWR,li1,95.9100,89.4530,1.799711
TAP_TAPCELL_ROW_28_267,VPWR,li1,70.1500,89.4530,1.799778
TAP_TAPCELL_ROW_28_266,VPWR,li1,44.3900,89.4530,1.799868
TAP_TAPCELL_ROW_28_265,VPWR,li1,18.6300,89.4530,1.799946
TAP_TAPCELL_ROW_27_264,VPWR,li1,134.5500,84.6260,1.799719
TAP_TAPCELL_ROW_27_263,VPWR,li1,108.7900,84.6260,1.799743
TAP_TAPCELL_ROW_27_262,VPWR,li1,83.0300,84.6260,1.799794
TAP_TAPCELL_ROW_27_261,VPWR,li1,57.2700,84.6260,1.799860
TAP_TAPCELL_ROW_27_260,VPWR,li1,31.5100,84.6260,1.799936
TAP_TAPCELL_ROW_26_259,VPWR,li1,147.4300,84.0130,1.799715
TAP_TAPCELL_ROW_26_258,VPWR,li1,121.6700,84.0130,1.799729
TAP_TAPCELL_ROW_26_257,VPWR,li1,95.9100,84.0130,1.799767
TAP_TAPCELL_ROW_26_256,VPWR,li1,70.1500,84.0130,1.799827
TAP_TAPCELL_ROW_26_255,VPWR,li1,44.3900,84.0130,1.799897
TAP_TAPCELL_ROW_26_254,VPWR,li1,18.6300,84.0130,1.799957
TAP_TAPCELL_ROW_25_253,VPWR,li1,134.5500,79.1860,1.799714
TAP_TAPCELL_ROW_25_252,VPWR,li1,108.7900,79.1860,1.799740
TAP_TAPCELL_ROW_25_251,VPWR,li1,83.0300,79.1860,1.799783
TAP_TAPCELL_ROW_25_250,VPWR,li1,57.2700,79.1860,1.799843
TAP_TAPCELL_ROW_25_249,VPWR,li1,31.5100,79.1860,1.799924
TAP_TAPCELL_ROW_24_248,VPWR,li1,147.4300,78.5730,1.799711
TAP_TAPCELL_ROW_24_247,VPWR,li1,121.6700,78.5730,1.799726
TAP_TAPCELL_ROW_24_246,VPWR,li1,95.9100,78.5730,1.799760
TAP_TAPCELL_ROW_24_245,VPWR,li1,70.1500,78.5730,1.799811
TAP_TAPCELL_ROW_24_244,VPWR,li1,44.3900,78.5730,1.799880
TAP_TAPCELL_ROW_24_243,VPWR,li1,18.6300,78.5730,1.799954
TAP_TAPCELL_ROW_23_242,VPWR,li1,134.5500,73.7460,1.799753
TAP_TAPCELL_ROW_23_241,VPWR,li1,108.7900,73.7460,1.799778
TAP_TAPCELL_ROW_23_240,VPWR,li1,83.0300,73.7460,1.799817
TAP_TAPCELL_ROW_23_239,VPWR,li1,57.2700,73.7460,1.799869
TAP_TAPCELL_ROW_23_238,VPWR,li1,31.5100,73.7460,1.799940
TAP_TAPCELL_ROW_22_237,VPWR,li1,147.4300,73.1330,1.799748
TAP_TAPCELL_ROW_22_236,VPWR,li1,121.6700,73.1330,1.799763
TAP_TAPCELL_ROW_22_235,VPWR,li1,95.9100,73.1330,1.799794
TAP_TAPCELL_ROW_22_234,VPWR,li1,70.1500,73.1330,1.799841
TAP_TAPCELL_ROW_22_233,VPWR,li1,44.3900,73.1330,1.799905
TAP_TAPCELL_ROW_22_232,VPWR,li1,18.6300,73.1330,1.799963
TAP_TAPCELL_ROW_21_231,VPWR,li1,134.5500,68.3060,1.799713
TAP_TAPCELL_ROW_21_230,VPWR,li1,108.7900,68.3060,1.799740
TAP_TAPCELL_ROW_21_229,VPWR,li1,83.0300,68.3060,1.799790
TAP_TAPCELL_ROW_21_228,VPWR,li1,57.2700,68.3060,1.799852
TAP_TAPCELL_ROW_21_227,VPWR,li1,31.5100,68.3060,1.799928
TAP_TAPCELL_ROW_20_226,VPWR,li1,147.4300,67.6930,1.799709
TAP_TAPCELL_ROW_20_225,VPWR,li1,121.6700,67.6930,1.799724
TAP_TAPCELL_ROW_20_224,VPWR,li1,95.9100,67.6930,1.799763
TAP_TAPCELL_ROW_20_223,VPWR,li1,70.1500,67.6930,1.799820
TAP_TAPCELL_ROW_20_222,VPWR,li1,44.3900,67.6930,1.799891
TAP_TAPCELL_ROW_20_221,VPWR,li1,18.6300,67.6930,1.799961
TAP_TAPCELL_ROW_19_220,VPWR,li1,134.5500,62.8660,1.799661
TAP_TAPCELL_ROW_19_219,VPWR,li1,108.7900,62.8660,1.799693
TAP_TAPCELL_ROW_19_218,VPWR,li1,83.0300,62.8660,1.799744
TAP_TAPCELL_ROW_19_217,VPWR,li1,57.2700,62.8660,1.799813
TAP_TAPCELL_ROW_19_216,VPWR,li1,31.5100,62.8660,1.799911
TAP_TAPCELL_ROW_18_215,VPWR,li1,147.4300,62.2530,1.799656
TAP_TAPCELL_ROW_18_214,VPWR,li1,121.6700,62.2530,1.799674
TAP_TAPCELL_ROW_18_213,VPWR,li1,95.9100,62.2530,1.799718
TAP_TAPCELL_ROW_18_212,VPWR,li1,70.1500,62.2530,1.799775
TAP_TAPCELL_ROW_18_211,VPWR,li1,44.3900,62.2530,1.799864
TAP_TAPCELL_ROW_18_210,VPWR,li1,18.6300,62.2530,1.799953
TAP_TAPCELL_ROW_17_209,VPWR,li1,134.5500,57.4260,1.799702
TAP_TAPCELL_ROW_17_208,VPWR,li1,108.7900,57.4260,1.799733
TAP_TAPCELL_ROW_17_207,VPWR,li1,83.0300,57.4260,1.799780
TAP_TAPCELL_ROW_17_206,VPWR,li1,57.2700,57.4260,1.799846
TAP_TAPCELL_ROW_17_205,VPWR,li1,31.5100,57.4260,1.799926
TAP_TAPCELL_ROW_16_204,VPWR,li1,147.4300,56.8130,1.799695
TAP_TAPCELL_ROW_16_203,VPWR,li1,121.6700,56.8130,1.799715
TAP_TAPCELL_ROW_16_202,VPWR,li1,95.9100,56.8130,1.799755
TAP_TAPCELL_ROW_16_201,VPWR,li1,70.1500,56.8130,1.799812
TAP_TAPCELL_ROW_16_200,VPWR,li1,44.3900,56.8130,1.799882
TAP_TAPCELL_ROW_16_199,VPWR,li1,18.6300,56.8130,1.799956
TAP_TAPCELL_ROW_15_198,VPWR,li1,134.5500,51.9860,1.799623
TAP_TAPCELL_ROW_15_197,VPWR,li1,108.7900,51.9860,1.799666
TAP_TAPCELL_ROW_15_196,VPWR,li1,83.0300,51.9860,1.799724
TAP_TAPCELL_ROW_15_195,VPWR,li1,57.2700,51.9860,1.799808
TAP_TAPCELL_ROW_15_194,VPWR,li1,31.5100,51.9860,1.799906
TAP_TAPCELL_ROW_14_193,VPWR,li1,147.4300,51.3730,1.799611
TAP_TAPCELL_ROW_14_192,VPWR,li1,121.6700,51.3730,1.799641
TAP_TAPCELL_ROW_14_191,VPWR,li1,95.9100,51.3730,1.799692
TAP_TAPCELL_ROW_14_190,VPWR,li1,70.1500,51.3730,1.799764
TAP_TAPCELL_ROW_14_189,VPWR,li1,44.3900,51.3730,1.799856
TAP_TAPCELL_ROW_14_188,VPWR,li1,18.6300,51.3730,1.799952
TAP_TAPCELL_ROW_13_187,VPWR,li1,134.5500,46.5460,1.799669
TAP_TAPCELL_ROW_13_186,VPWR,li1,108.7900,46.5460,1.799707
TAP_TAPCELL_ROW_13_185,VPWR,li1,83.0300,46.5460,1.799760
TAP_TAPCELL_ROW_13_184,VPWR,li1,57.2700,46.5460,1.799834
TAP_TAPCELL_ROW_13_183,VPWR,li1,31.5100,46.5460,1.799920
TAP_TAPCELL_ROW_12_182,VPWR,li1,147.4300,45.9330,1.799664
TAP_TAPCELL_ROW_12_181,VPWR,li1,121.6700,45.9330,1.799685
TAP_TAPCELL_ROW_12_180,VPWR,li1,95.9100,45.9330,1.799732
TAP_TAPCELL_ROW_12_179,VPWR,li1,70.1500,45.9330,1.799797
TAP_TAPCELL_ROW_12_178,VPWR,li1,44.3900,45.9330,1.799879
TAP_TAPCELL_ROW_12_177,VPWR,li1,18.6300,45.9330,1.799958
TAP_TAPCELL_ROW_11_176,VPWR,li1,134.5500,41.1060,1.799747
TAP_TAPCELL_ROW_11_175,VPWR,li1,108.7900,41.1060,1.799771
TAP_TAPCELL_ROW_11_174,VPWR,li1,83.0300,41.1060,1.799810
TAP_TAPCELL_ROW_11_173,VPWR,li1,57.2700,41.1060,1.799866
TAP_TAPCELL_ROW_11_172,VPWR,li1,31.5100,41.1060,1.799933
TAP_TAPCELL_ROW_10_171,VPWR,li1,147.4300,40.4930,1.799744
TAP_TAPCELL_ROW_10_170,VPWR,li1,121.6700,40.4930,1.799757
TAP_TAPCELL_ROW_10_169,VPWR,li1,95.9100,40.4930,1.799789
TAP_TAPCELL_ROW_10_168,VPWR,li1,70.1500,40.4930,1.799836
TAP_TAPCELL_ROW_10_167,VPWR,li1,44.3900,40.4930,1.799900
TAP_TAPCELL_ROW_10_166,VPWR,li1,18.6300,40.4930,1.799961
TAP_TAPCELL_ROW_9_165,VPWR,li1,134.5500,35.6660,1.799694
TAP_TAPCELL_ROW_9_164,VPWR,li1,108.7900,35.6660,1.799729
TAP_TAPCELL_ROW_9_163,VPWR,li1,83.0300,35.6660,1.799783
TAP_TAPCELL_ROW_9_162,VPWR,li1,57.2700,35.6660,1.799848
TAP_TAPCELL_ROW_9_161,VPWR,li1,31.5100,35.6660,1.799929
TAP_TAPCELL_ROW_8_160,VPWR,li1,147.4300,35.0530,1.799687
TAP_TAPCELL_ROW_8_159,VPWR,li1,121.6700,35.0530,1.799709
TAP_TAPCELL_ROW_8_158,VPWR,li1,95.9100,35.0530,1.799752
TAP_TAPCELL_ROW_8_157,VPWR,li1,70.1500,35.0530,1.799813
TAP_TAPCELL_ROW_8_156,VPWR,li1,44.3900,35.0530,1.799887
TAP_TAPCELL_ROW_8_155,VPWR,li1,18.6300,35.0530,1.799963
TAP_TAPCELL_ROW_7_154,VPWR,li1,134.5500,30.2260,1.799748
TAP_TAPCELL_ROW_7_153,VPWR,li1,108.7900,30.2260,1.799774
TAP_TAPCELL_ROW_7_152,VPWR,li1,83.0300,30.2260,1.799811
TAP_TAPCELL_ROW_7_151,VPWR,li1,57.2700,30.2260,1.799864
TAP_TAPCELL_ROW_7_150,VPWR,li1,31.5100,30.2260,1.799939
TAP_TAPCELL_ROW_6_149,VPWR,li1,147.4300,29.6130,1.799742
TAP_TAPCELL_ROW_6_148,VPWR,li1,121.6700,29.6130,1.799758
TAP_TAPCELL_ROW_6_147,VPWR,li1,95.9100,29.6130,1.799791
TAP_TAPCELL_ROW_6_146,VPWR,li1,70.1500,29.6130,1.799835
TAP_TAPCELL_ROW_6_145,VPWR,li1,44.3900,29.6130,1.799897
TAP_TAPCELL_ROW_6_144,VPWR,li1,18.6300,29.6130,1.799967
TAP_TAPCELL_ROW_5_143,VPWR,li1,134.5500,24.7860,1.799741
TAP_TAPCELL_ROW_5_142,VPWR,li1,108.7900,24.7860,1.799749
TAP_TAPCELL_ROW_5_141,VPWR,li1,83.0300,24.7860,1.799787
TAP_TAPCELL_ROW_5_140,VPWR,li1,57.2700,24.7860,1.799849
TAP_TAPCELL_ROW_5_139,VPWR,li1,31.5100,24.7860,1.799928
TAP_TAPCELL_ROW_4_138,VPWR,li1,147.4300,24.1730,1.799740
TAP_TAPCELL_ROW_4_137,VPWR,li1,121.6700,24.1730,1.799741
TAP_TAPCELL_ROW_4_136,VPWR,li1,95.9100,24.1730,1.799766
TAP_TAPCELL_ROW_4_135,VPWR,li1,70.1500,24.1730,1.799815
TAP_TAPCELL_ROW_4_134,VPWR,li1,44.3900,24.1730,1.799891
TAP_TAPCELL_ROW_4_133,VPWR,li1,18.6300,24.1730,1.799964
TAP_TAPCELL_ROW_3_132,VPWR,li1,134.5500,19.3460,1.799760
TAP_TAPCELL_ROW_3_131,VPWR,li1,108.7900,19.3460,1.799766
TAP_TAPCELL_ROW_3_130,VPWR,li1,83.0300,19.3460,1.799788
TAP_TAPCELL_ROW_3_129,VPWR,li1,57.2700,19.3460,1.799839
TAP_TAPCELL_ROW_3_128,VPWR,li1,31.5100,19.3460,1.799925
TAP_TAPCELL_ROW_2_127,VPWR,li1,147.4300,18.7330,1.799760
TAP_TAPCELL_ROW_2_126,VPWR,li1,121.6700,18.7330,1.799760
TAP_TAPCELL_ROW_2_125,VPWR,li1,95.9100,18.7330,1.799776
TAP_TAPCELL_ROW_2_124,VPWR,li1,70.1500,18.7330,1.799810
TAP_TAPCELL_ROW_2_123,VPWR,li1,44.3900,18.7330,1.799878
TAP_TAPCELL_ROW_2_122,VPWR,li1,18.6300,18.7330,1.799961
TAP_TAPCELL_ROW_1_121,VPWR,li1,134.5500,13.9060,1.799680
TAP_TAPCELL_ROW_1_120,VPWR,li1,108.7900,13.9060,1.799681
TAP_TAPCELL_ROW_1_119,VPWR,li1,83.0300,13.9060,1.799713
TAP_TAPCELL_ROW_1_118,VPWR,li1,57.2700,13.9060,1.799782
TAP_TAPCELL_ROW_1_117,VPWR,li1,31.5100,13.9060,1.799896
TAP_TAPCELL_ROW_0_116,VPWR,li1,147.4300,13.2930,1.799680
TAP_TAPCELL_ROW_0_115,VPWR,li1,134.5500,13.2930,1.799680
TAP_TAPCELL_ROW_0_114,VPWR,li1,121.6700,13.2930,1.799680
TAP_TAPCELL_ROW_0_113,VPWR,li1,108.7900,13.2930,1.799681
TAP_TAPCELL_ROW_0_112,VPWR,li1,95.9100,13.2930,1.799687
TAP_TAPCELL_ROW_0_111,VPWR,li1,83.0300,13.2930,1.799713
TAP_TAPCELL_ROW_0_110,VPWR,li1,70.1500,13.2930,1.799741
TAP_TAPCELL_ROW_0_109,VPWR,li1,57.2700,13.2930,1.799782
TAP_TAPCELL_ROW_0_108,VPWR,li1,44.3900,13.2930,1.799834
TAP_TAPCELL_ROW_0_107,VPWR,li1,31.5100,13.2930,1.799896
TAP_TAPCELL_ROW_0_106,VPWR,li1,18.6300,13.2930,1.799947
PHY_EDGE_ROW_52_Left_105,VPWR,li1,6.2100,155.0400,1.799967
PHY_EDGE_ROW_51_Left_104,VPWR,li1,6.2100,149.6000,1.799961
PHY_EDGE_ROW_50_Left_103,VPWR,li1,6.2100,149.6000,1.799961
PHY_EDGE_ROW_49_Left_102,VPWR,li1,6.2100,144.1600,1.799970
PHY_EDGE_ROW_48_Left_101,VPWR,li1,6.2100,144.1600,1.799970
PHY_EDGE_ROW_47_Left_100,VPWR,li1,6.2100,138.7200,1.799969
PHY_EDGE_ROW_46_Left_99,VPWR,li1,6.2100,138.7200,1.799969
PHY_EDGE_ROW_45_Left_98,VPWR,li1,6.2100,133.2800,1.799974
PHY_EDGE_ROW_44_Left_97,VPWR,li1,6.2100,133.2800,1.799974
PHY_EDGE_ROW_43_Left_96,VPWR,li1,6.2100,127.8400,1.799960
PHY_EDGE_ROW_42_Left_95,VPWR,li1,6.2100,127.8400,1.799960
PHY_EDGE_ROW_41_Left_94,VPWR,li1,6.2100,122.4000,1.799958
PHY_EDGE_ROW_40_Left_93,VPWR,li1,6.2100,122.4000,1.799958
PHY_EDGE_ROW_39_Left_92,VPWR,li1,6.2100,116.9600,1.799950
PHY_EDGE_ROW_38_Left_91,VPWR,li1,6.2100,116.9600,1.799950
PHY_EDGE_ROW_37_Left_90,VPWR,li1,6.2100,111.5200,1.799961
PHY_EDGE_ROW_36_Left_89,VPWR,li1,6.2100,111.5200,1.799961
PHY_EDGE_ROW_35_Left_88,VPWR,li1,6.2100,106.0800,1.799975
PHY_EDGE_ROW_34_Left_87,VPWR,li1,6.2100,106.0800,1.799975
PHY_EDGE_ROW_33_Left_86,VPWR,li1,6.2100,100.6400,1.799966
PHY_EDGE_ROW_32_Left_85,VPWR,li1,6.2100,100.6400,1.799966
PHY_EDGE_ROW_31_Left_84,VPWR,li1,6.2100,95.2000,1.799957
PHY_EDGE_ROW_30_Left_83,VPWR,li1,6.2100,95.2000,1.799957
PHY_EDGE_ROW_29_Left_82,VPWR,li1,6.2100,89.7600,1.799938
PHY_EDGE_ROW_28_Left_81,VPWR,li1,6.2100,89.7600,1.799938
PHY_EDGE_ROW_27_Left_80,VPWR,li1,6.2100,84.3200,1.799952
PHY_EDGE_ROW_26_Left_79,VPWR,li1,6.2100,84.3200,1.799952
PHY_EDGE_ROW_25_Left_78,VPWR,li1,6.2100,78.8800,1.799948
PHY_EDGE_ROW_24_Left_77,VPWR,li1,6.2100,78.8800,1.799948
PHY_EDGE_ROW_23_Left_76,VPWR,li1,6.2100,73.4400,1.799961
PHY_EDGE_ROW_22_Left_75,VPWR,li1,6.2100,73.4400,1.799961
PHY_EDGE_ROW_21_Left_74,VPWR,li1,6.2100,68.0000,1.799958
PHY_EDGE_ROW_20_Left_73,VPWR,li1,6.2100,68.0000,1.799958
PHY_EDGE_ROW_19_Left_72,VPWR,li1,6.2100,62.5600,1.799950
PHY_EDGE_ROW_18_Left_71,VPWR,li1,6.2100,62.5600,1.799950
PHY_EDGE_ROW_17_Left_70,VPWR,li1,6.2100,57.1200,1.799951
PHY_EDGE_ROW_16_Left_69,VPWR,li1,6.2100,57.1200,1.799951
PHY_EDGE_ROW_15_Left_68,VPWR,li1,6.2100,51.6800,1.799951
PHY_EDGE_ROW_14_Left_67,VPWR,li1,6.2100,51.6800,1.799951
PHY_EDGE_ROW_13_Left_66,VPWR,li1,6.2100,46.2400,1.799958
PHY_EDGE_ROW_12_Left_65,VPWR,li1,6.2100,46.2400,1.799958
PHY_EDGE_ROW_11_Left_64,VPWR,li1,6.2100,40.8000,1.799958
PHY_EDGE_ROW_10_Left_63,VPWR,li1,6.2100,40.8000,1.799958
PHY_EDGE_ROW_9_Left_62,VPWR,li1,6.2100,35.3600,1.799963
PHY_EDGE_ROW_8_Left_61,VPWR,li1,6.2100,35.3600,1.799963
PHY_EDGE_ROW_7_Left_60,VPWR,li1,6.2100,29.9200,1.799967
PHY_EDGE_ROW_6_Left_59,VPWR,li1,6.2100,29.9200,1.799967
PHY_EDGE_ROW_5_Left_58,VPWR,li1,6.2100,24.4800,1.799964
PHY_EDGE_ROW_4_Left_57,VPWR,li1,6.2100,24.4800,1.799964
PHY_EDGE_ROW_3_Left_56,VPWR,li1,6.2100,19.0400,1.799961
PHY_EDGE_ROW_2_Left_55,VPWR,li1,6.2100,19.0400,1.799961
PHY_EDGE_ROW_1_Left_54,VPWR,li1,6.2100,13.6000,1.799947
PHY_EDGE_ROW_0_Left_53,VPWR,li1,6.2100,13.6000,1.799947
PHY_EDGE_ROW_52_Right_52,VPWR,li1,148.8100,155.0400,1.799792
PHY_EDGE_ROW_51_Right_51,VPWR,li1,148.8100,149.6000,1.799757
PHY_EDGE_ROW_50_Right_50,VPWR,li1,148.8100,149.6000,1.799757
PHY_EDGE_ROW_49_Right_49,VPWR,li1,148.8100,144.1600,1.799821
PHY_EDGE_ROW_48_Right_48,VPWR,li1,148.8100,144.1600,1.799821
PHY_EDGE_ROW_47_Right_47,VPWR,li1,148.8100,138.7200,1.799800
PHY_EDGE_ROW_46_Right_46,VPWR,li1,148.8100,138.7200,1.799800
PHY_EDGE_ROW_45_Right_45,VPWR,li1,148.8100,133.2800,1.799828
PHY_EDGE_ROW_44_Right_44,VPWR,li1,148.8100,133.2800,1.799828
PHY_EDGE_ROW_43_Right_43,VPWR,li1,148.8100,127.8400,1.799793
PHY_EDGE_ROW_42_Right_42,VPWR,li1,148.8100,127.8400,1.799793
PHY_EDGE_ROW_41_Right_41,VPWR,li1,148.8100,122.4000,1.799804
PHY_EDGE_ROW_40_Right_40,VPWR,li1,148.8100,122.4000,1.799804
PHY_EDGE_ROW_39_Right_39,VPWR,li1,148.8100,116.9600,1.799770
PHY_EDGE_ROW_38_Right_38,VPWR,li1,148.8100,116.9600,1.799770
PHY_EDGE_ROW_37_Right_37,VPWR,li1,148.8100,111.5200,1.799806
PHY_EDGE_ROW_36_Right_36,VPWR,li1,148.8100,111.5200,1.799806
PHY_EDGE_ROW_35_Right_35,VPWR,li1,148.8100,106.0800,1.799872
PHY_EDGE_ROW_34_Right_34,VPWR,li1,148.8100,106.0800,1.799872
PHY_EDGE_ROW_33_Right_33,VPWR,li1,148.8100,100.6400,1.799823
PHY_EDGE_ROW_32_Right_32,VPWR,li1,148.8100,100.6400,1.799823
PHY_EDGE_ROW_31_Right_31,VPWR,li1,148.8100,95.2000,1.799746
PHY_EDGE_ROW_30_Right_30,VPWR,li1,148.8100,95.2000,1.799746
PHY_EDGE_ROW_29_Right_29,VPWR,li1,148.8100,89.7600,1.799652
PHY_EDGE_ROW_28_Right_28,VPWR,li1,148.8100,89.7600,1.799652
PHY_EDGE_ROW_27_Right_27,VPWR,li1,148.8100,84.3200,1.799715
PHY_EDGE_ROW_26_Right_26,VPWR,li1,148.8100,84.3200,1.799715
PHY_EDGE_ROW_25_Right_25,VPWR,li1,148.8100,78.8800,1.799711
PHY_EDGE_ROW_24_Right_24,VPWR,li1,148.8100,78.8800,1.799711
PHY_EDGE_ROW_23_Right_23,VPWR,li1,148.8100,73.4400,1.799748
PHY_EDGE_ROW_22_Right_22,VPWR,li1,148.8100,73.4400,1.799748
PHY_EDGE_ROW_21_Right_21,VPWR,li1,148.8100,68.0000,1.799709
PHY_EDGE_ROW_20_Right_20,VPWR,li1,148.8100,68.0000,1.799709
PHY_EDGE_ROW_19_Right_19,VPWR,li1,148.8100,62.5600,1.799656
PHY_EDGE_ROW_18_Right_18,VPWR,li1,148.8100,62.5600,1.799656
PHY_EDGE_ROW_17_Right_17,VPWR,li1,148.8100,57.1200,1.799695
PHY_EDGE_ROW_16_Right_16,VPWR,li1,148.8100,57.1200,1.799695
PHY_EDGE_ROW_15_Right_15,VPWR,li1,148.8100,51.6800,1.799611
PHY_EDGE_ROW_14_Right_14,VPWR,li1,148.8100,51.6800,1.799611
PHY_EDGE_ROW_13_Right_13,VPWR,li1,148.8100,46.2400,1.799664
PHY_EDGE_ROW_12_Right_12,VPWR,li1,148.8100,46.2400,1.799664
PHY_EDGE_ROW_11_Right_11,VPWR,li1,148.8100,40.8000,1.799744
PHY_EDGE_ROW_10_Right_10,VPWR,li1,148.8100,40.8000,1.799744
PHY_EDGE_ROW_9_Right_9,VPWR,li1,148.8100,35.3600,1.799687
PHY_EDGE_ROW_8_Right_8,VPWR,li1,148.8100,35.3600,1.799687
PHY_EDGE_ROW_7_Right_7,VPWR,li1,148.8100,29.9200,1.799742
PHY_EDGE_ROW_6_Right_6,VPWR,li1,148.8100,29.9200,1.799742
PHY_EDGE_ROW_5_Right_5,VPWR,li1,148.8100,24.4800,1.799740
PHY_EDGE_ROW_4_Right_4,VPWR,li1,148.8100,24.4800,1.799740
PHY_EDGE_ROW_3_Right_3,VPWR,li1,148.8100,19.0400,1.799760
PHY_EDGE_ROW_2_Right_2,VPWR,li1,148.8100,19.0400,1.799760
PHY_EDGE_ROW_1_Right_1,VPWR,li1,148.8100,13.6000,1.799680
PHY_EDGE_ROW_0_Right_0,VPWR,li1,148.8100,13.6000,1.799680
_1682_,VPWR,li1,74.7500,149.6000,1.799801
_1681_,VPWR,li1,16.3300,127.8400,1.799962
_1680_,VPWR,li1,15.4100,116.9600,1.799953
_1679_,VPWR,li1,12.6500,78.8800,1.799949
_1678_,VPWR,li1,73.3700,144.1600,1.799843
_1677_,VPWR,li1,65.5500,138.7200,1.799857
_1676_,VPWR,li1,37.4900,155.0400,1.799919
_1675_,VPWR,li1,60.9500,40.8000,1.799855
_1674_,VPWR,li1,93.6100,35.3600,1.799757
_1673_,VPWR,li1,89.4700,13.6000,1.799699
_1672_,VPWR,li1,146.5100,29.9200,1.799742
_1671_,VPWR,li1,141.9100,51.6800,1.799615
_1670_,VPWR,li1,90.3900,35.3600,1.799763
_1669_,VPWR,li1,33.8100,35.3600,1.799919
_1668_,VPWR,li1,75.6700,144.1600,1.799838
_1667_,VPWR,li1,71.0700,106.0800,1.799910
_1666_,VPWR,li1,68.0800,111.5200,1.799870
_1665_,VPWR,li1,71.0700,111.5200,1.799867
_1664_,VPWR,li1,96.8300,111.5200,1.799832
_1663_,VPWR,li1,103.2700,116.9600,1.799789
_1662_,VPWR,li1,75.2100,133.2800,1.799872
_1661_,VPWR,li1,110.8600,127.8400,1.799810
_1660_,VPWR,li1,110.4000,133.2800,1.799837
_1659_,VPWR,li1,110.6300,138.7200,1.799802
_1658_,VPWR,li1,100.2800,144.1600,1.799823
_1657_,VPWR,li1,114.7700,149.6000,1.799760
_1656_,VPWR,li1,98.6700,138.7200,1.799809
_1655_,VPWR,li1,102.1200,138.7200,1.799807
_1654_,VPWR,li1,102.8100,138.7200,1.799807
_1653_,VPWR,li1,93.3800,144.1600,1.799824
_1652_,VPWR,li1,93.1500,144.1600,1.799824
_1651_,VPWR,li1,92.6900,138.7200,1.799815
_1650_,VPWR,li1,92.2300,138.7200,1.799815
_1649_,VPWR,li1,80.7300,106.0800,1.799902
_1648_,VPWR,li1,79.3500,106.0800,1.799902
_1647_,VPWR,li1,93.8400,122.4000,1.799828
_1646_,VPWR,li1,94.0700,116.9600,1.799801
_1645_,VPWR,li1,97.5200,116.9600,1.799798
_1644_,VPWR,li1,105.1100,122.4000,1.799817
_1643_,VPWR,li1,103.7300,133.2800,1.799843
_1642_,VPWR,li1,100.5100,133.2800,1.799844
_1641_,VPWR,li1,99.1300,149.6000,1.799770
_1640_,VPWR,li1,102.8100,149.6000,1.799767
_1639_,VPWR,li1,98.2100,149.6000,1.799772
_1638_,VPWR,li1,82.8000,144.1600,1.799831
_1637_,VPWR,li1,85.3300,149.6000,1.799785
_1636_,VPWR,li1,85.1000,138.7200,1.799823
_1635_,VPWR,li1,81.1900,138.7200,1.799828
_1634_,VPWR,li1,85.3300,100.6400,1.799845
_1633_,VPWR,li1,83.4900,100.6400,1.799848
_1632_,VPWR,li1,89.4700,127.8400,1.799830
_1631_,VPWR,li1,89.9300,116.9600,1.799807
_1630_,VPWR,li1,89.4700,116.9600,1.799807
_1629_,VPWR,li1,98.6700,127.8400,1.799821
_1628_,VPWR,li1,91.3100,133.2800,1.799853
_1627_,VPWR,li1,102.3500,155.0400,1.799800
_1626_,VPWR,li1,86.9400,149.6000,1.799785
_1625_,VPWR,li1,74.9800,149.6000,1.799801
_1624_,VPWR,li1,78.2000,127.8400,1.799847
_1623_,VPWR,li1,77.9700,138.7200,1.799834
_1622_,VPWR,li1,75.6700,138.7200,1.799838
_1621_,VPWR,li1,74.2900,138.7200,1.799838
_1620_,VPWR,li1,55.6600,138.7200,1.799879
_1619_,VPWR,li1,67.8500,138.7200,1.799850
_1618_,VPWR,li1,48.3000,133.2800,1.799919
_1617_,VPWR,li1,48.5300,133.2800,1.799919
_1616_,VPWR,li1,78.8900,127.8400,1.799844
_1615_,VPWR,li1,79.8100,122.4000,1.799844
_1614_,VPWR,li1,85.3300,116.9600,1.799815
_1613_,VPWR,li1,99.5900,122.4000,1.799823
_1612_,VPWR,li1,81.6500,116.9600,1.799819
_1611_,VPWR,li1,80.0400,133.2800,1.799867
_1610_,VPWR,li1,83.9500,133.2800,1.799861
_1609_,VPWR,li1,77.5100,155.0400,1.799823
_1608_,VPWR,li1,72.4500,144.1600,1.799843
_1607_,VPWR,li1,65.7800,149.6000,1.799818
_1606_,VPWR,li1,61.6400,144.1600,1.799862
_1605_,VPWR,li1,63.0200,127.8400,1.799870
_1604_,VPWR,li1,66.7000,133.2800,1.799884
_1603_,VPWR,li1,66.9300,127.8400,1.799863
_1602_,VPWR,li1,63.9400,111.5200,1.799878
_1601_,VPWR,li1,67.8500,133.2800,1.799884
_1600_,VPWR,li1,74.7500,111.5200,1.799859
_1599_,VPWR,li1,84.4100,122.4000,1.799839
_1598_,VPWR,li1,66.0100,127.8400,1.799867
_1597_,VPWR,li1,67.3900,144.1600,1.799851
_1596_,VPWR,li1,59.8000,144.1600,1.799866
_1595_,VPWR,li1,54.2800,144.1600,1.799882
_1594_,VPWR,li1,59.3400,149.6000,1.799833
_1593_,VPWR,li1,57.0400,149.6000,1.799839
_1592_,VPWR,li1,60.9500,138.7200,1.799864
_1591_,VPWR,li1,63.4800,122.4000,1.799873
_1590_,VPWR,li1,63.7100,122.4000,1.799870
_1589_,VPWR,li1,60.0300,122.4000,1.799878
_1588_,VPWR,li1,62.7900,116.9600,1.799856
_1587_,VPWR,li1,66.9300,116.9600,1.799847
_1586_,VPWR,li1,72.4500,122.4000,1.799855
_1585_,VPWR,li1,54.9700,127.8400,1.799886
_1584_,VPWR,li1,54.2800,133.2800,1.799905
_1583_,VPWR,li1,48.9900,138.7200,1.799891
_1582_,VPWR,li1,52.2100,138.7200,1.799883
_1581_,VPWR,li1,49.4500,138.7200,1.799891
_1580_,VPWR,li1,51.5200,149.6000,1.799854
_1579_,VPWR,li1,51.0600,144.1600,1.799887
_1578_,VPWR,li1,40.9400,149.6000,1.799890
_1577_,VPWR,li1,41.4000,138.7200,1.799912
_1576_,VPWR,li1,38.1800,138.7200,1.799920
_1575_,VPWR,li1,39.7900,138.7200,1.799920
_1574_,VPWR,li1,46.6900,127.8400,1.799902
_1573_,VPWR,li1,43.0100,133.2800,1.799929
_1572_,VPWR,li1,39.7900,133.2800,1.799933
_1571_,VPWR,li1,78.4300,100.6400,1.799854
_1570_,VPWR,li1,74.7500,100.6400,1.799858
_1569_,VPWR,li1,73.1400,95.2000,1.799822
_1568_,VPWR,li1,73.3700,116.9600,1.799834
_1567_,VPWR,li1,74.2900,116.9600,1.799834
_1566_,VPWR,li1,46.9200,122.4000,1.799902
_1565_,VPWR,li1,46.4600,122.4000,1.799907
_1564_,VPWR,li1,37.4900,144.1600,1.799922
_1563_,VPWR,li1,28.0600,144.1600,1.799954
_1562_,VPWR,li1,33.3500,149.6000,1.799915
_1561_,VPWR,li1,40.9400,127.8400,1.799915
_1560_,VPWR,li1,92.9200,89.7600,1.799718
_1559_,VPWR,li1,59.5700,89.7600,1.799809
_1558_,VPWR,li1,60.0300,95.2000,1.799850
_1557_,VPWR,li1,54.5100,116.9600,1.799876
_1556_,VPWR,li1,55.4300,116.9600,1.799871
_1555_,VPWR,li1,33.8100,127.8400,1.799935
_1554_,VPWR,li1,32.4300,133.2800,1.799951
_1553_,VPWR,li1,40.2500,122.4000,1.799917
_1552_,VPWR,li1,38.1800,133.2800,1.799939
_1551_,VPWR,li1,33.5800,116.9600,1.799925
_1550_,VPWR,li1,29.4400,116.9600,1.799937
_1549_,VPWR,li1,34.9600,84.3200,1.799922
_1548_,VPWR,li1,33.5800,106.0800,1.799957
_1547_,VPWR,li1,31.9700,149.6000,1.799922
_1546_,VPWR,li1,30.3600,138.7200,1.799944
_1545_,VPWR,li1,20.2400,116.9600,1.799956
_1544_,VPWR,li1,23.6900,122.4000,1.799960
_1543_,VPWR,li1,87.1700,111.5200,1.799844
_1542_,VPWR,li1,44.6200,111.5200,1.799915
_1541_,VPWR,li1,56.5800,111.5200,1.799891
_1540_,VPWR,li1,60.4900,111.5200,1.799885
_1539_,VPWR,li1,53.1300,111.5200,1.799899
_1538_,VPWR,li1,52.2100,111.5200,1.799899
_1537_,VPWR,li1,41.8600,116.9600,1.799906
_1536_,VPWR,li1,37.4900,122.4000,1.799927
_1535_,VPWR,li1,37.4900,122.4000,1.799927
_1534_,VPWR,li1,25.0700,116.9600,1.799951
_1533_,VPWR,li1,23.9200,122.4000,1.799960
_1532_,VPWR,li1,15.4100,122.4000,1.799961
_1531_,VPWR,li1,12.1900,127.8400,1.799961
_1530_,VPWR,li1,15.8700,111.5200,1.799963
_1529_,VPWR,li1,24.1500,111.5200,1.799961
_1528_,VPWR,li1,35.1900,111.5200,1.799935
_1527_,VPWR,li1,56.8100,106.0800,1.799924
_1526_,VPWR,li1,61.4100,106.0800,1.799919
_1525_,VPWR,li1,62.7900,106.0800,1.799919
_1524_,VPWR,li1,53.1300,106.0800,1.799929
_1523_,VPWR,li1,52.2100,106.0800,1.799929
_1522_,VPWR,li1,38.6400,111.5200,1.799930
_1521_,VPWR,li1,40.2500,111.5200,1.799924
_1520_,VPWR,li1,34.7300,111.5200,1.799940
_1519_,VPWR,li1,24.3800,111.5200,1.799961
_1518_,VPWR,li1,27.8300,111.5200,1.799952
_1517_,VPWR,li1,25.0700,100.6400,1.799958
_1516_,VPWR,li1,11.7300,111.5200,1.799961
_1515_,VPWR,li1,15.4100,111.5200,1.799963
_1514_,VPWR,li1,11.7300,95.2000,1.799957
_1513_,VPWR,li1,23.2300,95.2000,1.799953
_1512_,VPWR,li1,23.2300,95.2000,1.799953
_1511_,VPWR,li1,21.8500,100.6400,1.799970
_1510_,VPWR,li1,29.6700,95.2000,1.799936
_1509_,VPWR,li1,30.1300,106.0800,1.799965
_1508_,VPWR,li1,25.7600,89.7600,1.799933
_1507_,VPWR,li1,36.1100,95.2000,1.799913
_1506_,VPWR,li1,67.1600,95.2000,1.799833
_1505_,VPWR,li1,37.0300,100.6400,1.799931
_1504_,VPWR,li1,36.3400,100.6400,1.799931
_1503_,VPWR,li1,85.7900,95.2000,1.799797
_1502_,VPWR,li1,86.2500,95.2000,1.799797
_1501_,VPWR,li1,66.9300,95.2000,1.799833
_1500_,VPWR,li1,52.6700,95.2000,1.799867
_1499_,VPWR,li1,51.7500,100.6400,1.799900
_1498_,VPWR,li1,14.4900,100.6400,1.799968
_1497_,VPWR,li1,14.4900,89.7600,1.799942
_1496_,VPWR,li1,15.4100,89.7600,1.799942
_1495_,VPWR,li1,22.5400,89.7600,1.799949
_1494_,VPWR,li1,36.5700,89.7600,1.799892
_1493_,VPWR,li1,37.2600,89.7600,1.799892
_1492_,VPWR,li1,40.7100,89.7600,1.799876
_1491_,VPWR,li1,34.2700,95.2000,1.799922
_1490_,VPWR,li1,71.9900,89.7600,1.799770
_1489_,VPWR,li1,73.3700,89.7600,1.799770
_1488_,VPWR,li1,60.4900,89.7600,1.799809
_1487_,VPWR,li1,53.1300,95.2000,1.799867
_1486_,VPWR,li1,50.3700,100.6400,1.799900
_1485_,VPWR,li1,25.9900,84.3200,1.799953
_1484_,VPWR,li1,28.7500,84.3200,1.799944
_1483_,VPWR,li1,29.2100,89.7600,1.799924
_1482_,VPWR,li1,32.4300,84.3200,1.799929
_1481_,VPWR,li1,31.5100,78.8800,1.799924
_1480_,VPWR,li1,27.8300,78.8800,1.799931
_1479_,VPWR,li1,22.7700,73.4400,1.799966
_1478_,VPWR,li1,18.1700,84.3200,1.799957
_1477_,VPWR,li1,17.2500,89.7600,1.799944
_1476_,VPWR,li1,14.2600,78.8800,1.799949
_1475_,VPWR,li1,41.6300,78.8800,1.799887
_1474_,VPWR,li1,74.5200,78.8800,1.799800
_1473_,VPWR,li1,69.9200,78.8800,1.799811
_1472_,VPWR,li1,66.0100,62.5600,1.799790
_1471_,VPWR,li1,66.9300,89.7600,1.799787
_1470_,VPWR,li1,52.6700,89.7600,1.799832
_1469_,VPWR,li1,49.4500,89.7600,1.799849
_1468_,VPWR,li1,37.9500,78.8800,1.799904
_1467_,VPWR,li1,36.3400,78.8800,1.799904
_1466_,VPWR,li1,26.9100,73.4400,1.799954
_1465_,VPWR,li1,27.8300,78.8800,1.799931
_1464_,VPWR,li1,17.2500,73.4400,1.799963
_1463_,VPWR,li1,12.1900,68.0000,1.799959
_1462_,VPWR,li1,15.1800,73.4400,1.799962
_1461_,VPWR,li1,33.3500,68.0000,1.799921
_1460_,VPWR,li1,34.2700,68.0000,1.799921
_1459_,VPWR,li1,58.6500,68.0000,1.799852
_1458_,VPWR,li1,61.4100,68.0000,1.799841
_1457_,VPWR,li1,62.3300,78.8800,1.799830
_1456_,VPWR,li1,53.5900,78.8800,1.799857
_1455_,VPWR,li1,52.2100,78.8800,1.799857
_1454_,VPWR,li1,38.1800,73.4400,1.799920
_1453_,VPWR,li1,32.2000,73.4400,1.799940
_1452_,VPWR,li1,41.1700,73.4400,1.799912
_1451_,VPWR,li1,24.8400,68.0000,1.799951
_1450_,VPWR,li1,28.7500,68.0000,1.799935
_1449_,VPWR,li1,24.6100,62.5600,1.799936
_1448_,VPWR,li1,12.1900,62.5600,1.799950
_1447_,VPWR,li1,16.7900,68.0000,1.799960
_1446_,VPWR,li1,14.4900,62.5600,1.799951
_1445_,VPWR,li1,24.1500,57.1200,1.799948
_1444_,VPWR,li1,27.1400,57.1200,1.799938
_1443_,VPWR,li1,22.3100,57.1200,1.799957
_1442_,VPWR,li1,24.6100,62.5600,1.799936
_1441_,VPWR,li1,31.0500,62.5600,1.799911
_1440_,VPWR,li1,28.2900,62.5600,1.799921
_1439_,VPWR,li1,28.7500,57.1200,1.799932
_1438_,VPWR,li1,42.0900,57.1200,1.799889
_1437_,VPWR,li1,41.1700,68.0000,1.799898
_1436_,VPWR,li1,37.9500,57.1200,1.799903
_1435_,VPWR,li1,81.8800,73.4400,1.799817
_1434_,VPWR,li1,80.5000,73.4400,1.799823
_1433_,VPWR,li1,76.5900,73.4400,1.799827
_1432_,VPWR,li1,48.7600,73.4400,1.799890
_1431_,VPWR,li1,52.2100,84.3200,1.799871
_1430_,VPWR,li1,80.2700,78.8800,1.799787
_1429_,VPWR,li1,15.6400,57.1200,1.799953
_1428_,VPWR,li1,14.9500,51.6800,1.799951
_1427_,VPWR,li1,16.7900,57.1200,1.799955
_1426_,VPWR,li1,12.1900,51.6800,1.799951
_1425_,VPWR,li1,26.9100,51.6800,1.799925
_1424_,VPWR,li1,60.4900,84.3200,1.799849
_1423_,VPWR,li1,59.3400,78.8800,1.799839
_1422_,VPWR,li1,63.4800,78.8800,1.799830
_1421_,VPWR,li1,42.5500,57.1200,1.799889
_1420_,VPWR,li1,46.2300,57.1200,1.799876
_1419_,VPWR,li1,63.7100,95.2000,1.799843
_1418_,VPWR,li1,56.1200,100.6400,1.799889
_1417_,VPWR,li1,84.4100,127.8400,1.799836
_1416_,VPWR,li1,80.9600,111.5200,1.799850
_1415_,VPWR,li1,61.8700,84.3200,1.799849
_1414_,VPWR,li1,54.5100,73.4400,1.799879
_1413_,VPWR,li1,49.4500,78.8800,1.799865
_1412_,VPWR,li1,31.7400,51.6800,1.799906
_1411_,VPWR,li1,29.6700,51.6800,1.799914
_1410_,VPWR,li1,37.7200,40.8000,1.799914
_1409_,VPWR,li1,37.9500,40.8000,1.799914
_1408_,VPWR,li1,35.1900,40.8000,1.799926
_1407_,VPWR,li1,53.8200,35.3600,1.799859
_1406_,VPWR,li1,39.7900,35.3600,1.799899
_1405_,VPWR,li1,22.7700,51.6800,1.799943
_1404_,VPWR,li1,21.3900,46.2400,1.799958
_1403_,VPWR,li1,20.4700,51.6800,1.799953
_1402_,VPWR,li1,25.0700,46.2400,1.799943
_1401_,VPWR,li1,47.1500,46.2400,1.799866
_1400_,VPWR,li1,71.9900,62.5600,1.799770
_1399_,VPWR,li1,69.2300,62.5600,1.799782
_1398_,VPWR,li1,61.6400,62.5600,1.799799
_1397_,VPWR,li1,64.4000,57.1200,1.799824
_1396_,VPWR,li1,52.4400,57.1200,1.799860
_1395_,VPWR,li1,73.8300,106.0800,1.799907
_1394_,VPWR,li1,38.1800,51.6800,1.799879
_1393_,VPWR,li1,40.2500,51.6800,1.799871
_1392_,VPWR,li1,97.9800,127.8400,1.799821
_1391_,VPWR,li1,78.2000,62.5600,1.799757
_1390_,VPWR,li1,46.2300,46.2400,1.799872
_1389_,VPWR,li1,49.2200,46.2400,1.799859
_1388_,VPWR,li1,23.6900,40.8000,1.799957
_1387_,VPWR,li1,25.0700,40.8000,1.799957
_1386_,VPWR,li1,53.5900,40.8000,1.799872
_1385_,VPWR,li1,53.3600,40.8000,1.799872
_1384_,VPWR,li1,55.4300,46.2400,1.799840
_1383_,VPWR,li1,54.9700,46.2400,1.799846
_1382_,VPWR,li1,40.0200,46.2400,1.799889
_1381_,VPWR,li1,124.8900,106.0800,1.799875
_1380_,VPWR,li1,124.8900,106.0800,1.799875
_1379_,VPWR,li1,125.3500,111.5200,1.799810
_1378_,VPWR,li1,61.4100,100.6400,1.799879
_1377_,VPWR,li1,64.1700,73.4400,1.799854
_1376_,VPWR,li1,55.4300,73.4400,1.799874
_1375_,VPWR,li1,54.9700,68.0000,1.799858
_1374_,VPWR,li1,58.6500,40.8000,1.799860
_1373_,VPWR,li1,79.1200,68.0000,1.799797
_1372_,VPWR,li1,45.3100,35.3600,1.799887
_1371_,VPWR,li1,46.2300,40.8000,1.799892
_1370_,VPWR,li1,40.7100,24.4800,1.799900
_1369_,VPWR,li1,28.2900,35.3600,1.799937
_1368_,VPWR,li1,27.8300,24.4800,1.799941
_1367_,VPWR,li1,43.7000,13.6000,1.799843
_1366_,VPWR,li1,80.2700,89.7600,1.799746
_1365_,VPWR,li1,79.3500,84.3200,1.799800
_1364_,VPWR,li1,36.3400,24.4800,1.799911
_1363_,VPWR,li1,29.6700,24.4800,1.799934
_1362_,VPWR,li1,99.5900,106.0800,1.799889
_1361_,VPWR,li1,102.8100,106.0800,1.799886
_1360_,VPWR,li1,85.7900,89.7600,1.799733
_1359_,VPWR,li1,87.1700,78.8800,1.799773
_1358_,VPWR,li1,75.9000,57.1200,1.799796
_1357_,VPWR,li1,88.3200,84.3200,1.799782
_1356_,VPWR,li1,45.0800,24.4800,1.799883
_1355_,VPWR,li1,42.5500,29.9200,1.799902
_1354_,VPWR,li1,39.3300,29.9200,1.799915
_1353_,VPWR,li1,46.2300,24.4800,1.799883
_1352_,VPWR,li1,43.0100,24.4800,1.799891
_1351_,VPWR,li1,40.9400,19.0400,1.799887
_1350_,VPWR,li1,37.9500,19.0400,1.799897
_1349_,VPWR,li1,46.2300,19.0400,1.799871
_1348_,VPWR,li1,48.9900,29.9200,1.799884
_1347_,VPWR,li1,55.2000,29.9200,1.799870
_1346_,VPWR,li1,56.8100,35.3600,1.799848
_1345_,VPWR,li1,54.0500,24.4800,1.799856
_1344_,VPWR,li1,76.3600,106.0800,1.799906
_1343_,VPWR,li1,72.2200,51.6800,1.799758
_1342_,VPWR,li1,108.7900,106.0800,1.799884
_1341_,VPWR,li1,117.5300,106.0800,1.799878
_1340_,VPWR,li1,77.5100,89.7600,1.799755
_1339_,VPWR,li1,77.5100,84.3200,1.799807
_1338_,VPWR,li1,72.6800,46.2400,1.799788
_1337_,VPWR,li1,59.5700,57.1200,1.799836
_1336_,VPWR,li1,46.9200,29.9200,1.799891
_1335_,VPWR,li1,42.5500,29.9200,1.799902
_1334_,VPWR,li1,53.1300,35.3600,1.799859
_1333_,VPWR,li1,59.5700,29.9200,1.799857
_1332_,VPWR,li1,68.0800,29.9200,1.799840
_1331_,VPWR,li1,68.3100,24.4800,1.799820
_1330_,VPWR,li1,72.2200,13.6000,1.799736
_1329_,VPWR,li1,49.2200,19.0400,1.799862
_1328_,VPWR,li1,47.8400,13.6000,1.799826
_1327_,VPWR,li1,46.6900,19.0400,1.799871
_1326_,VPWR,li1,52.2100,19.0400,1.799853
_1325_,VPWR,li1,63.9400,35.3600,1.799832
_1324_,VPWR,li1,63.9400,51.6800,1.799783
_1323_,VPWR,li1,63.0200,46.2400,1.799817
_1322_,VPWR,li1,64.6300,40.8000,1.799846
_1321_,VPWR,li1,67.3900,40.8000,1.799840
_1320_,VPWR,li1,64.6300,46.2400,1.799812
_1319_,VPWR,li1,64.6300,62.5600,1.799790
_1318_,VPWR,li1,69.2300,57.1200,1.799812
_1317_,VPWR,li1,73.6000,40.8000,1.799827
_1316_,VPWR,li1,61.1800,57.1200,1.799836
_1315_,VPWR,li1,66.0100,100.6400,1.799872
_1314_,VPWR,li1,111.3200,100.6400,1.799828
_1313_,VPWR,li1,109.9400,100.6400,1.799828
_1312_,VPWR,li1,66.0100,40.8000,1.799846
_1311_,VPWR,li1,67.3900,35.3600,1.799818
_1310_,VPWR,li1,67.3900,29.9200,1.799840
_1309_,VPWR,li1,62.3300,24.4800,1.799836
_1308_,VPWR,li1,65.0900,19.0400,1.799820
_1307_,VPWR,li1,73.6000,24.4800,1.799805
_1306_,VPWR,li1,74.0600,24.4800,1.799805
_1305_,VPWR,li1,71.0700,35.3600,1.799813
_1304_,VPWR,li1,68.0800,106.0800,1.799914
_1303_,VPWR,li1,77.2800,40.8000,1.799820
_1302_,VPWR,li1,75.2100,35.3600,1.799798
_1301_,VPWR,li1,67.8500,73.4400,1.799847
_1300_,VPWR,li1,73.8300,73.4400,1.799836
_1299_,VPWR,li1,79.1200,46.2400,1.799770
_1298_,VPWR,li1,86.0200,62.5600,1.799738
_1297_,VPWR,li1,86.7100,106.0800,1.799898
_1296_,VPWR,li1,69.2300,24.4800,1.799815
_1295_,VPWR,li1,73.1400,29.9200,1.799829
_1294_,VPWR,li1,76.5900,29.9200,1.799824
_1293_,VPWR,li1,76.5900,19.0400,1.799797
_1292_,VPWR,li1,73.1400,19.0400,1.799803
_1291_,VPWR,li1,86.2500,19.0400,1.799785
_1290_,VPWR,li1,80.0400,24.4800,1.799792
_1289_,VPWR,li1,63.2500,29.9200,1.799851
_1288_,VPWR,li1,62.3300,29.9200,1.799851
_1287_,VPWR,li1,86.4800,24.4800,1.799780
_1286_,VPWR,li1,81.4200,35.3600,1.799783
_1285_,VPWR,li1,81.8800,95.2000,1.799804
_1284_,VPWR,li1,84.6400,35.3600,1.799777
_1283_,VPWR,li1,80.2700,29.9200,1.799815
_1282_,VPWR,li1,80.7300,78.8800,1.799787
_1281_,VPWR,li1,87.6300,78.8800,1.799773
_1280_,VPWR,li1,85.1000,40.8000,1.799805
_1279_,VPWR,li1,86.7100,73.4400,1.799808
_1278_,VPWR,li1,81.1900,100.6400,1.799851
_1277_,VPWR,li1,101.8900,100.6400,1.799831
_1276_,VPWR,li1,105.1100,100.6400,1.799830
_1275_,VPWR,li1,126.0400,100.6400,1.799824
_1274_,VPWR,li1,87.8600,19.0400,1.799783
_1273_,VPWR,li1,87.6300,24.4800,1.799780
_1272_,VPWR,li1,92.0000,19.0400,1.799778
_1271_,VPWR,li1,93.1500,29.9200,1.799794
_1270_,VPWR,li1,97.7500,40.8000,1.799786
_1269_,VPWR,li1,99.1300,68.0000,1.799758
_1268_,VPWR,li1,101.8900,84.3200,1.799754
_1267_,VPWR,li1,97.9800,84.3200,1.799761
_1266_,VPWR,li1,94.5300,78.8800,1.799760
_1265_,VPWR,li1,98.2100,78.8800,1.799756
_1264_,VPWR,li1,96.6000,40.8000,1.799786
_1263_,VPWR,li1,96.1400,24.4800,1.799766
_1262_,VPWR,li1,98.4400,29.9200,1.799787
_1261_,VPWR,li1,97.7500,84.3200,1.799761
_1260_,VPWR,li1,105.1100,89.7600,1.799690
_1259_,VPWR,li1,91.3100,29.9200,1.799799
_1258_,VPWR,li1,87.6300,29.9200,1.799803
_1257_,VPWR,li1,125.1200,40.8000,1.799753
_1256_,VPWR,li1,126.0400,35.3600,1.799703
_1255_,VPWR,li1,103.2700,24.4800,1.799754
_1254_,VPWR,li1,121.6700,35.3600,1.799709
_1253_,VPWR,li1,92.9200,24.4800,1.799771
_1252_,VPWR,li1,95.9100,19.0400,1.799776
_1251_,VPWR,li1,92.0000,19.0400,1.799778
_1250_,VPWR,li1,100.5100,35.3600,1.799743
_1249_,VPWR,li1,97.0600,35.3600,1.799752
_1248_,VPWR,li1,90.3900,106.0800,1.799895
_1247_,VPWR,li1,88.5500,106.0800,1.799896
_1246_,VPWR,li1,118.4500,100.6400,1.799825
_1245_,VPWR,li1,96.1400,106.0800,1.799891
_1244_,VPWR,li1,107.1800,106.0800,1.799884
_1243_,VPWR,li1,92.2300,111.5200,1.799837
_1242_,VPWR,li1,95.2200,51.6800,1.799692
_1241_,VPWR,li1,98.2100,57.1200,1.799751
_1240_,VPWR,li1,105.3400,46.2400,1.799711
_1239_,VPWR,li1,104.6500,29.9200,1.799778
_1238_,VPWR,li1,102.8100,29.9200,1.799780
_1237_,VPWR,li1,91.0800,57.1200,1.799766
_1236_,VPWR,li1,110.6300,29.9200,1.799772
_1235_,VPWR,li1,113.3900,29.9200,1.799767
_1234_,VPWR,li1,113.3900,29.9200,1.799767
_1233_,VPWR,li1,105.8000,35.3600,1.799736
_1232_,VPWR,li1,106.4900,35.3600,1.799733
_1231_,VPWR,li1,118.6800,24.4800,1.799742
_1230_,VPWR,li1,120.5200,29.9200,1.799760
_1229_,VPWR,li1,113.1600,40.8000,1.799766
_1228_,VPWR,li1,116.3800,111.5200,1.799814
_1227_,VPWR,li1,119.8300,111.5200,1.799812
_1226_,VPWR,li1,126.9600,111.5200,1.799809
_1225_,VPWR,li1,124.6600,116.9600,1.799773
_1224_,VPWR,li1,129.4900,116.9600,1.799771
_1223_,VPWR,li1,122.3600,111.5200,1.799811
_1222_,VPWR,li1,113.1600,57.1200,1.799727
_1221_,VPWR,li1,110.6300,78.8800,1.799738
_1220_,VPWR,li1,113.3900,73.4400,1.799771
_1219_,VPWR,li1,109.4800,57.1200,1.799733
_1218_,VPWR,li1,116.6100,40.8000,1.799761
_1217_,VPWR,li1,111.5500,35.3600,1.799725
_1216_,VPWR,li1,89.7000,62.5600,1.799728
_1215_,VPWR,li1,123.7400,29.9200,1.799756
_1214_,VPWR,li1,121.6700,24.4800,1.799741
_1213_,VPWR,li1,123.9700,19.0400,1.799760
_1212_,VPWR,li1,130.4100,35.3600,1.799698
_1211_,VPWR,li1,128.5700,35.3600,1.799700
_1210_,VPWR,li1,140.0700,46.2400,1.799665
_1209_,VPWR,li1,146.2800,40.8000,1.799744
_1208_,VPWR,li1,138.6900,35.3600,1.799691
_1207_,VPWR,li1,132.2500,46.2400,1.799671
_1206_,VPWR,li1,98.9000,73.4400,1.799790
_1205_,VPWR,li1,92.9200,73.4400,1.799797
_1204_,VPWR,li1,123.9700,46.2400,1.799682
_1203_,VPWR,li1,123.7400,46.2400,1.799682
_1202_,VPWR,li1,126.0400,40.8000,1.799753
_1201_,VPWR,li1,88.5500,89.7600,1.799728
_1200_,VPWR,li1,124.2000,89.7600,1.799664
_1199_,VPWR,li1,117.3000,62.5600,1.799679
_1198_,VPWR,li1,97.9800,100.6400,1.799834
_1197_,VPWR,li1,94.9900,95.2000,1.799783
_1196_,VPWR,li1,98.6700,100.6400,1.799834
_1195_,VPWR,li1,102.8100,111.5200,1.799825
_1194_,VPWR,li1,91.0800,100.6400,1.799839
_1193_,VPWR,li1,88.0900,100.6400,1.799842
_1192_,VPWR,li1,136.8500,46.2400,1.799668
_1191_,VPWR,li1,129.4900,46.2400,1.799676
_1190_,VPWR,li1,136.3900,46.2400,1.799668
_1189_,VPWR,li1,119.6000,51.6800,1.799644
_1188_,VPWR,li1,116.3800,51.6800,1.799652
_1187_,VPWR,li1,109.0200,51.6800,1.799666
_1186_,VPWR,li1,123.9700,51.6800,1.799637
_1185_,VPWR,li1,127.4200,51.6800,1.799631
_1184_,VPWR,li1,131.3300,51.6800,1.799626
_1183_,VPWR,li1,128.5700,89.7600,1.799659
_1182_,VPWR,li1,126.0400,68.0000,1.799719
_1181_,VPWR,li1,116.6100,46.2400,1.799692
_1180_,VPWR,li1,118.2200,95.2000,1.799758
_1179_,VPWR,li1,120.2900,95.2000,1.799756
_1178_,VPWR,li1,124.4300,95.2000,1.799753
_1177_,VPWR,li1,119.8300,100.6400,1.799825
_1176_,VPWR,li1,117.5300,100.6400,1.799825
_1175_,VPWR,li1,115.6900,100.6400,1.799826
_1174_,VPWR,li1,106.7200,95.2000,1.799768
_1173_,VPWR,li1,131.5600,40.8000,1.799749
_1172_,VPWR,li1,134.5500,51.6800,1.799623
_1171_,VPWR,li1,133.4000,68.0000,1.799713
_1170_,VPWR,li1,130.4100,57.1200,1.799707
_1169_,VPWR,li1,131.1000,57.1200,1.799704
_1168_,VPWR,li1,124.8900,62.5600,1.799672
_1167_,VPWR,li1,132.0200,62.5600,1.799663
_1166_,VPWR,li1,61.8700,62.5600,1.799799
_1165_,VPWR,li1,122.5900,57.1200,1.799715
_1164_,VPWR,li1,122.3600,68.0000,1.799724
_1163_,VPWR,li1,100.2800,57.1200,1.799747
_1162_,VPWR,li1,100.0500,51.6800,1.799682
_1161_,VPWR,li1,99.5900,62.5600,1.799708
_1160_,VPWR,li1,87.8600,40.8000,1.799800
_1159_,VPWR,li1,89.0100,51.6800,1.799707
_1158_,VPWR,li1,55.6600,51.6800,1.799817
_1157_,VPWR,li1,47.3800,62.5600,1.799848
_1156_,VPWR,li1,140.3000,62.5600,1.799658
_1155_,VPWR,li1,141.4500,62.5600,1.799657
_1154_,VPWR,li1,129.0300,62.5600,1.799666
_1153_,VPWR,li1,136.3900,57.1200,1.799700
_1152_,VPWR,li1,136.3900,57.1200,1.799700
_1151_,VPWR,li1,138.2300,68.0000,1.799711
_1150_,VPWR,li1,112.2400,95.2000,1.799762
_1149_,VPWR,li1,112.0100,89.7600,1.799678
_1148_,VPWR,li1,112.7000,111.5200,1.799816
_1147_,VPWR,li1,112.2400,95.2000,1.799762
_1146_,VPWR,li1,113.1600,100.6400,1.799826
_1145_,VPWR,li1,106.9500,116.9600,1.799785
_1144_,VPWR,li1,92.0000,95.2000,1.799789
_1143_,VPWR,li1,45.0800,95.2000,1.799889
_1142_,VPWR,li1,52.9000,122.4000,1.799891
_1141_,VPWR,li1,128.3400,62.5600,1.799666
_1140_,VPWR,li1,139.1500,73.4400,1.799750
_1139_,VPWR,li1,131.3300,73.4400,1.799754
_1138_,VPWR,li1,130.4100,78.8800,1.799717
_1137_,VPWR,li1,111.0900,73.4400,1.799774
_1136_,VPWR,li1,114.3100,78.8800,1.799732
_1135_,VPWR,li1,118.4500,78.8800,1.799728
_1134_,VPWR,li1,117.9900,73.4400,1.799767
_1133_,VPWR,li1,130.8700,78.8800,1.799717
_1132_,VPWR,li1,135.9300,73.4400,1.799751
_1131_,VPWR,li1,142.8300,73.4400,1.799749
_1130_,VPWR,li1,137.7700,78.8800,1.799713
_1129_,VPWR,li1,135.7000,89.7600,1.799655
_1128_,VPWR,li1,94.7600,62.5600,1.799718
_1127_,VPWR,li1,94.0700,68.0000,1.799768
_1126_,VPWR,li1,106.0300,62.5600,1.799697
_1125_,VPWR,li1,91.0800,46.2400,1.799740
_1124_,VPWR,li1,87.1700,57.1200,1.799771
_1123_,VPWR,li1,81.4200,57.1200,1.799785
_1122_,VPWR,li1,52.9000,62.5600,1.799830
_1121_,VPWR,li1,86.9400,68.0000,1.799782
_1120_,VPWR,li1,86.7100,73.4400,1.799808
_1119_,VPWR,li1,133.6300,111.5200,1.799807
_1118_,VPWR,li1,130.1800,106.0800,1.799874
_1117_,VPWR,li1,129.0300,100.6400,1.799823
_1116_,VPWR,li1,135.7000,106.0800,1.799873
_1115_,VPWR,li1,90.1600,122.4000,1.799832
_1114_,VPWR,li1,89.7000,68.0000,1.799774
_1113_,VPWR,li1,45.5400,84.3200,1.799891
_1112_,VPWR,li1,48.7600,116.9600,1.799886
_1111_,VPWR,li1,112.9300,106.0800,1.799881
_1110_,VPWR,li1,123.7400,78.8800,1.799723
_1109_,VPWR,li1,137.0800,84.3200,1.799718
_1108_,VPWR,li1,135.9300,95.2000,1.799749
_1107_,VPWR,li1,126.0400,89.7600,1.799661
_1106_,VPWR,li1,129.2600,89.7600,1.799659
_1105_,VPWR,li1,136.3900,95.2000,1.799748
_1104_,VPWR,li1,135.9300,127.8400,1.799795
_1103_,VPWR,li1,133.1700,127.8400,1.799796
_1102_,VPWR,li1,132.7100,95.2000,1.799749
_1101_,VPWR,li1,145.1300,84.3200,1.799715
_1100_,VPWR,li1,135.9300,116.9600,1.799770
_1099_,VPWR,li1,136.1600,111.5200,1.799807
_1098_,VPWR,li1,132.2500,84.3200,1.799721
_1097_,VPWR,li1,129.0300,84.3200,1.799722
_1096_,VPWR,li1,103.5000,73.4400,1.799783
_1095_,VPWR,li1,100.0500,73.4400,1.799787
_1094_,VPWR,li1,103.7300,73.4400,1.799783
_1093_,VPWR,li1,106.0300,68.0000,1.799744
_1092_,VPWR,li1,116.1500,73.4400,1.799769
_1091_,VPWR,li1,100.2800,46.2400,1.799723
_1090_,VPWR,li1,102.8100,62.5600,1.799703
_1089_,VPWR,li1,90.1600,73.4400,1.799802
_1088_,VPWR,li1,76.8200,51.6800,1.799740
_1087_,VPWR,li1,50.6000,68.0000,1.799870
_1086_,VPWR,li1,100.7400,95.2000,1.799775
_1085_,VPWR,li1,100.7400,89.7600,1.799698
_1084_,VPWR,li1,102.3500,100.6400,1.799831
_1083_,VPWR,li1,105.1100,111.5200,1.799822
_1082_,VPWR,li1,129.0300,106.0800,1.799874
_1081_,VPWR,li1,110.6300,111.5200,1.799819
_1080_,VPWR,li1,115.6900,111.5200,1.799814
_1079_,VPWR,li1,104.8800,89.7600,1.799690
_1078_,VPWR,li1,105.3400,122.4000,1.799817
_1077_,VPWR,li1,120.2900,106.0800,1.799877
_1076_,VPWR,li1,110.6300,127.8400,1.799810
_1075_,VPWR,li1,103.9600,116.9600,1.799789
_1074_,VPWR,li1,78.4300,122.4000,1.799847
_1073_,VPWR,li1,105.5700,127.8400,1.799814
_1072_,VPWR,li1,92.0000,84.3200,1.799772
_1071_,VPWR,li1,45.0800,78.8800,1.799880
_1070_,VPWR,li1,46.0000,106.0800,1.799937
_1069_,VPWR,li1,123.9700,122.4000,1.799807
_1068_,VPWR,li1,116.3800,138.7200,1.799800
_1067_,VPWR,li1,116.8400,133.2800,1.799834
_1066_,VPWR,li1,118.4500,133.2800,1.799833
_1065_,VPWR,li1,104.6500,149.6000,1.799765
_1064_,VPWR,li1,48.0700,149.6000,1.799867
_1063_,VPWR,li1,48.7600,144.1600,1.799895
_1062_,VPWR,li1,42.5500,138.7200,1.799912
_1061_,VPWR,li1,32.4300,138.7200,1.799939
_1060_,VPWR,li1,33.8100,138.7200,1.799932
_1059_,VPWR,li1,32.8900,133.2800,1.799951
_1058_,VPWR,li1,35.1900,133.2800,1.799944
_1057_,VPWR,li1,31.0500,144.1600,1.799941
_1056_,VPWR,li1,23.6900,127.8400,1.799960
_1055_,VPWR,li1,11.2700,73.4400,1.799961
_1054_,VPWR,li1,12.1900,51.6800,1.799951
_1053_,VPWR,li1,12.4200,57.1200,1.799952
_1052_,VPWR,li1,12.1900,68.0000,1.799959
_1051_,VPWR,li1,16.3300,78.8800,1.799952
_1050_,VPWR,li1,17.0200,62.5600,1.799952
_1049_,VPWR,li1,20.0100,73.4400,1.799965
_1048_,VPWR,li1,23.2300,78.8800,1.799949
_1047_,VPWR,li1,20.7000,78.8800,1.799956
_1046_,VPWR,li1,20.0100,84.3200,1.799959
_1045_,VPWR,li1,17.2500,84.3200,1.799957
_1044_,VPWR,li1,20.9300,78.8800,1.799956
_1043_,VPWR,li1,23.9200,68.0000,1.799951
_1042_,VPWR,li1,21.3900,68.0000,1.799961
_1041_,VPWR,li1,19.0900,68.0000,1.799961
_1040_,VPWR,li1,20.4700,62.5600,1.799954
_1039_,VPWR,li1,23.2300,51.6800,1.799943
_1038_,VPWR,li1,20.2400,57.1200,1.799956
_1037_,VPWR,li1,16.3300,51.6800,1.799952
_1036_,VPWR,li1,19.5500,57.1200,1.799956
_1035_,VPWR,li1,36.5700,62.5600,1.799894
_1034_,VPWR,li1,34.2700,62.5600,1.799903
_1033_,VPWR,li1,38.8700,62.5600,1.799883
_1032_,VPWR,li1,27.6000,29.9200,1.799946
_1031_,VPWR,li1,28.2900,29.9200,1.799946
_1030_,VPWR,li1,25.5300,29.9200,1.799953
_1029_,VPWR,li1,25.5300,46.2400,1.799943
_1028_,VPWR,li1,31.5100,19.0400,1.799925
_1027_,VPWR,li1,33.3500,19.0400,1.799914
_1026_,VPWR,li1,38.4100,19.0400,1.799897
_1025_,VPWR,li1,51.2900,13.6000,1.799805
_1024_,VPWR,li1,55.4300,19.0400,1.799844
_1023_,VPWR,li1,60.0300,19.0400,1.799832
_1022_,VPWR,li1,78.8900,19.0400,1.799794
_1021_,VPWR,li1,82.1100,19.0400,1.799791
_1020_,VPWR,li1,88.0900,13.6000,1.799699
_1019_,VPWR,li1,81.1900,19.0400,1.799791
_1018_,VPWR,li1,65.0900,24.4800,1.799826
_1017_,VPWR,li1,54.7400,24.4800,1.799856
_1016_,VPWR,li1,61.1800,24.4800,1.799836
_1015_,VPWR,li1,98.2100,24.4800,1.799761
_1014_,VPWR,li1,89.9300,24.4800,1.799774
_1013_,VPWR,li1,83.4900,24.4800,1.799787
_1012_,VPWR,li1,78.4300,29.9200,1.799820
_1011_,VPWR,li1,80.9600,29.9200,1.799815
_1010_,VPWR,li1,71.9900,13.6000,1.799736
_1009_,VPWR,li1,74.2900,13.6000,1.799730
_1008_,VPWR,li1,57.9600,29.9200,1.799864
_1007_,VPWR,li1,78.4300,35.3600,1.799792
_1006_,VPWR,li1,71.5300,35.3600,1.799807
_1005_,VPWR,li1,76.5900,35.3600,1.799798
_1004_,VPWR,li1,60.9500,13.6000,1.799768
_1003_,VPWR,li1,36.1100,29.9200,1.799920
_1002_,VPWR,li1,38.4100,46.2400,1.799897
_1001_,VPWR,li1,35.4200,35.3600,1.799912
_1000_,VPWR,li1,37.0300,35.3600,1.799912
_0999_,VPWR,li1,32.8900,46.2400,1.799913
_0998_,VPWR,li1,29.6700,40.8000,1.799938
_0997_,VPWR,li1,28.2900,46.2400,1.799936
_0996_,VPWR,li1,37.9500,24.4800,1.799911
_0995_,VPWR,li1,56.5800,19.0400,1.799844
_0994_,VPWR,li1,50.8300,19.0400,1.799862
_0993_,VPWR,li1,48.0700,13.6000,1.799818
_0992_,VPWR,li1,36.8000,13.6000,1.799867
_0991_,VPWR,li1,32.4300,24.4800,1.799928
_0990_,VPWR,li1,107.8700,24.4800,1.799749
_0989_,VPWR,li1,118.4500,24.4800,1.799742
_0988_,VPWR,li1,110.6300,19.0400,1.799765
_0987_,VPWR,li1,141.4500,35.3600,1.799689
_0986_,VPWR,li1,145.5900,40.8000,1.799744
_0985_,VPWR,li1,140.9900,29.9200,1.799744
_0984_,VPWR,li1,106.4900,19.0400,1.799767
_0983_,VPWR,li1,114.3100,24.4800,1.799745
_0982_,VPWR,li1,118.9100,35.3600,1.799715
_0981_,VPWR,li1,115.9200,19.0400,1.799762
_0980_,VPWR,li1,113.8500,35.3600,1.799722
_0979_,VPWR,li1,111.0900,35.3600,1.799725
_0978_,VPWR,li1,104.1900,24.4800,1.799754
_0977_,VPWR,li1,105.3400,29.9200,1.799778
_0976_,VPWR,li1,102.8100,19.0400,1.799770
_0975_,VPWR,li1,101.4300,19.0400,1.799770
_0974_,VPWR,li1,99.5900,19.0400,1.799772
_0973_,VPWR,li1,119.8300,29.9200,1.799760
_0972_,VPWR,li1,119.8300,35.3600,1.799712
_0971_,VPWR,li1,129.4900,46.2400,1.799676
_0970_,VPWR,li1,123.9700,51.6800,1.799637
_0969_,VPWR,li1,130.8700,40.8000,1.799749
_0968_,VPWR,li1,140.3000,68.0000,1.799710
_0967_,VPWR,li1,145.1300,68.0000,1.799709
_0966_,VPWR,li1,145.1300,68.0000,1.799709
_0965_,VPWR,li1,136.3900,62.5600,1.799660
_0964_,VPWR,li1,137.3100,78.8800,1.799713
_0963_,VPWR,li1,130.6400,68.0000,1.799715
_0962_,VPWR,li1,128.5700,73.4400,1.799756
_0961_,VPWR,li1,129.4900,73.4400,1.799756
_0960_,VPWR,li1,143.9800,78.8800,1.799711
_0959_,VPWR,li1,145.5900,78.8800,1.799711
_0958_,VPWR,li1,142.1400,89.7600,1.799652
_0957_,VPWR,li1,135.9300,84.3200,1.799718
_0956_,VPWR,li1,141.9100,95.2000,1.799747
_0955_,VPWR,li1,145.1300,57.1200,1.799695
_0954_,VPWR,li1,124.8900,57.1200,1.799712
_0953_,VPWR,li1,135.9300,68.0000,1.799712
_0952_,VPWR,li1,139.8400,29.9200,1.799744
_0951_,VPWR,li1,130.8700,29.9200,1.799752
_0950_,VPWR,li1,133.1700,29.9200,1.799750
_0949_,VPWR,li1,22.3100,127.8400,1.799960
_0948_,VPWR,li1,15.4100,122.4000,1.799961
_0947_,VPWR,li1,8.9700,133.2800,1.799974
_0946_,VPWR,li1,12.1900,127.8400,1.799961
_0945_,VPWR,li1,17.2500,106.0800,1.799977
_0944_,VPWR,li1,8.5100,95.2000,1.799957
_0943_,VPWR,li1,12.6500,89.7600,1.799941
_0942_,VPWR,li1,12.1900,106.0800,1.799976
_0941_,VPWR,li1,12.1900,122.4000,1.799959
_0940_,VPWR,li1,20.2400,106.0800,1.799979
_0939_,VPWR,li1,34.2700,122.4000,1.799932
_0938_,VPWR,li1,27.8300,122.4000,1.799948
_0937_,VPWR,li1,32.4300,122.4000,1.799936
_0936_,VPWR,li1,30.1300,122.4000,1.799942
_0935_,VPWR,li1,18.6300,111.5200,1.799964
_0934_,VPWR,li1,20.0100,116.9600,1.799956
_0933_,VPWR,li1,8.5100,111.5200,1.799961
_0932_,VPWR,li1,16.7900,95.2000,1.799959
_0931_,VPWR,li1,13.1100,95.2000,1.799958
_0930_,VPWR,li1,33.3500,95.2000,1.799922
_0929_,VPWR,li1,30.1300,100.6400,1.799946
_0928_,VPWR,li1,9.8900,100.6400,1.799966
_0927_,VPWR,li1,27.8300,100.6400,1.799951
_0926_,VPWR,li1,39.3300,100.6400,1.799924
_0925_,VPWR,li1,47.6100,144.1600,1.799895
_0924_,VPWR,li1,52.2100,138.7200,1.799883
_0923_,VPWR,li1,36.5700,149.6000,1.799906
_0922_,VPWR,li1,37.0300,144.1600,1.799928
_0921_,VPWR,li1,34.7300,138.7200,1.799932
_0920_,VPWR,li1,43.0100,122.4000,1.799911
_0919_,VPWR,li1,48.9900,127.8400,1.799897
_0918_,VPWR,li1,46.2300,138.7200,1.799898
_0917_,VPWR,li1,46.4600,127.8400,1.799902
_0916_,VPWR,li1,45.3100,144.1600,1.799904
_0915_,VPWR,li1,58.8800,133.2800,1.799896
_0914_,VPWR,li1,55.8900,133.2800,1.799905
_0913_,VPWR,li1,58.6500,138.7200,1.799869
_0912_,VPWR,li1,61.8700,138.7200,1.799864
_0911_,VPWR,li1,69.6900,133.2800,1.799880
_0910_,VPWR,li1,64.4000,138.7200,1.799857
_0909_,VPWR,li1,65.5500,133.2800,1.799888
_0908_,VPWR,li1,61.8700,133.2800,1.799891
_0907_,VPWR,li1,97.2900,144.1600,1.799823
_0906_,VPWR,li1,84.4100,133.2800,1.799861
_0905_,VPWR,li1,88.0900,138.7200,1.799820
_0904_,VPWR,li1,88.0900,138.7200,1.799820
_0903_,VPWR,li1,85.5600,138.7200,1.799823
_0902_,VPWR,li1,111.5500,149.6000,1.799761
_0901_,VPWR,li1,110.1700,144.1600,1.799821
_0900_,VPWR,li1,92.6900,149.6000,1.799777
_0899_,VPWR,li1,88.5500,149.6000,1.799781
_0898_,VPWR,li1,84.8700,144.1600,1.799829
_0897_,VPWR,li1,94.3000,133.2800,1.799850
_0896_,VPWR,li1,94.5300,133.2800,1.799850
_0895_,VPWR,li1,97.2900,138.7200,1.799811
_0894_,VPWR,li1,96.8300,133.2800,1.799847
_0893_,VPWR,li1,99.5900,138.7200,1.799809
_0892_,VPWR,li1,107.1800,138.7200,1.799803
_0891_,VPWR,li1,110.1700,138.7200,1.799803
_0890_,VPWR,li1,108.3300,138.7200,1.799803
_0889_,VPWR,li1,111.0900,149.6000,1.799761
_0888_,VPWR,li1,115.0000,138.7200,1.799800
_0887_,VPWR,li1,114.7700,144.1600,1.799821
_0886_,VPWR,li1,112.4700,138.7200,1.799801
_0885_,VPWR,li1,117.5300,144.1600,1.799821
_0884_,VPWR,li1,115.9200,84.3200,1.799734
_0883_,VPWR,li1,123.9700,84.3200,1.799727
_0882_,VPWR,li1,122.1300,78.8800,1.799726
_0881_,VPWR,li1,119.3700,57.1200,1.799718
_0880_,VPWR,li1,59.5700,100.6400,1.799885
_0879_,VPWR,li1,116.1500,127.8400,1.799806
_0878_,VPWR,li1,118.9100,127.8400,1.799804
_0877_,VPWR,li1,119.1400,122.4000,1.799809
_0876_,VPWR,li1,118.4500,84.3200,1.799731
_0875_,VPWR,li1,132.7100,122.4000,1.799804
_0874_,VPWR,li1,129.7200,127.8400,1.799799
_0873_,VPWR,li1,128.3400,95.2000,1.799751
_0872_,VPWR,li1,129.0300,95.2000,1.799751
_0871_,VPWR,li1,136.3900,122.4000,1.799804
_0870_,VPWR,li1,126.0400,127.8400,1.799800
_0869_,VPWR,li1,127.4200,133.2800,1.799830
_0868_,VPWR,li1,131.7900,133.2800,1.799829
_0867_,VPWR,li1,139.1500,95.2000,1.799747
_0866_,VPWR,li1,127.8800,122.4000,1.799805
_0865_,VPWR,li1,125.8100,133.2800,1.799831
_0864_,VPWR,li1,135.9300,122.4000,1.799804
_0863_,VPWR,li1,115.9200,68.0000,1.799730
_0862_,VPWR,li1,112.0100,68.0000,1.799735
_0861_,VPWR,li1,94.5300,116.9600,1.799801
_0860_,VPWR,li1,109.7100,84.3200,1.799743
_0859_,VPWR,li1,115.2300,62.5600,1.799682
_0858_,VPWR,li1,116.1500,68.0000,1.799730
_0857_,VPWR,li1,114.7700,116.9600,1.799779
_0856_,VPWR,li1,128.1100,116.9600,1.799772
_0855_,VPWR,li1,112.7000,51.6800,1.799656
_0854_,VPWR,li1,113.1600,46.2400,1.799698
_0853_,VPWR,li1,106.9500,62.5600,1.799697
_0852_,VPWR,li1,116.6100,95.2000,1.799758
_0851_,VPWR,li1,104.6500,51.6800,1.799671
_0850_,VPWR,li1,85.1000,51.6800,1.799716
_0849_,VPWR,li1,49.2200,51.6800,1.799835
_0848_,VPWR,li1,113.6200,84.3200,1.799737
_0847_,VPWR,li1,120.2900,116.9600,1.799776
_0846_,VPWR,li1,133.4000,122.4000,1.799804
_0845_,VPWR,li1,105.8000,84.3200,1.799750
_0844_,VPWR,li1,110.4000,89.7600,1.799682
_0843_,VPWR,li1,72.2200,122.4000,1.799855
_0842_,VPWR,li1,113.1600,122.4000,1.799812
_0841_,VPWR,li1,133.6300,116.9600,1.799770
_0840_,VPWR,li1,105.8000,78.8800,1.799744
_0839_,VPWR,li1,46.0000,73.4400,1.799897
_0838_,VPWR,li1,45.5400,100.6400,1.799912
_0837_,VPWR,li1,123.9700,127.8400,1.799801
_0836_,VPWR,li1,128.5700,133.2800,1.799830
_0835_,VPWR,li1,130.8700,100.6400,1.799823
_0834_,VPWR,li1,112.4700,116.9600,1.799781
_0833_,VPWR,li1,126.7300,100.6400,1.799824
_0832_,VPWR,li1,123.9700,78.8800,1.799723
_0831_,VPWR,li1,55.4300,127.8400,1.799886
_0830_,VPWR,li1,70.1500,13.6000,1.799741
_0829_,VPWR,li1,29.2100,35.3600,1.799937
_0828_,VPWR,li1,9.4300,51.6800,1.799951
_0827_,VPWR,li1,8.5100,57.1200,1.799951
_0826_,VPWR,li1,42.5500,144.1600,1.799909
_0825_,VPWR,li1,94.9900,149.6000,1.799774
