Reading timing models for corner nom_tt_025C_1v80…
Reading timing library for the 'nom_tt_025C_1v80' corner at '/home/naghul/.ciel/ciel/sky130/versions/8afc8346a57fe1ab7934ba5a6056ea8b43078e71/sky130A/libs.ref/sky130_fd_sc_hd/lib/sky130_fd_sc_hd__tt_025C_1v80.lib'…
Reading OpenROAD database at '/home/naghul/vlsi/projects/alu_pd/runs/RUN_2026-08-01_18-08-22/28-openroad-globalplacement/ALU.odb'…
Reading design constraints file at '/nix/store/ffl2vg3m80k0p74pyffnmai83fnv38mf-python3-3.13.9-env/lib/python3.13/site-packages/librelane/scripts/base.sdc'…
[WARNING STA-0366] port '__VIRTUAL_CLK__' not found.
[INFO] Using clock __VIRTUAL_CLK__…
[INFO] Setting output delay to: 2
[INFO] Setting input delay to: 2
[WARNING STA-0366] port '__VIRTUAL_CLK__' not found.
[INFO] Setting load to: 0.033442
[INFO] Setting clock uncertainty to: 0.25
[INFO] Setting clock transition to: 0.1499999999999999944488848768742172978818416595458984375
[WARNING STA-0419] transition time can not be specified for virtual clocks.
[INFO] Setting timing derate to: 5%
[WARNING STA-0450] virtual clock __VIRTUAL_CLK__ can not be propagated.
%OL_CREATE_REPORT min.rpt

===========================================================================
report_checks -path_delay min (Hold)
============================================================================
======================= nom_tt_025C_1v80 Corner ===================================

Startpoint: control[3] (input port clocked by __VIRTUAL_CLK__)
Endpoint: result[0] (output port clocked by __VIRTUAL_CLK__)
Path Group: __VIRTUAL_CLK__
Path Type: min

Fanout         Cap        Slew       Delay        Time   Description
---------------------------------------------------------------------------------------------
                      0.000000    0.000000    0.000000   clock __VIRTUAL_CLK__ (rise edge)
                                  0.000000    0.000000   clock network delay (ideal)
                                  2.000000    2.000000 v input external delay
    11    0.024906    0.056633    0.040008    2.040008 v control[3] (in)
                                                         control[3] (net)
                      0.056636    0.000000    2.040008 v _1068_/A2 (sky130_fd_sc_hd__a31o_2)
     2    0.041247    0.115818    0.326450    2.366457 v _1068_/X (sky130_fd_sc_hd__a31o_2)
                                                         result[0] (net)
                      0.115820    0.000666    2.367123 v result[0] (out)
                                              2.367123   data arrival time

                      0.000000    0.000000    0.000000   clock __VIRTUAL_CLK__ (rise edge)
                                  0.000000    0.000000   clock network delay (ideal)
                                  0.250000    0.250000   clock uncertainty
                                  0.000000    0.250000   clock reconvergence pessimism
                                 -2.000000   -1.750000   output external delay
                                             -1.750000   data required time
---------------------------------------------------------------------------------------------
                                             -1.750000   data required time
                                             -2.367123   data arrival time
---------------------------------------------------------------------------------------------
                                              4.117124   slack (MET)


Startpoint: B[10] (input port clocked by __VIRTUAL_CLK__)
Endpoint: result[11] (output port clocked by __VIRTUAL_CLK__)
Path Group: __VIRTUAL_CLK__
Path Type: min

Fanout         Cap        Slew       Delay        Time   Description
---------------------------------------------------------------------------------------------
                      0.000000    0.000000    0.000000   clock __VIRTUAL_CLK__ (rise edge)
                                  0.000000    0.000000   clock network delay (ideal)
                                  2.000000    2.000000 v input external delay
     4    0.016220    0.037888    0.026216    2.026216 v B[10] (in)
                                                         B[10] (net)
                      0.037890    0.000000    2.026216 v _1006_/A (sky130_fd_sc_hd__nand2_2)
     4    0.014469    0.085594    0.085880    2.112095 ^ _1006_/Y (sky130_fd_sc_hd__nand2_2)
                                                         _0181_ (net)
                      0.085594    0.000017    2.112112 ^ _1310_/A1 (sky130_fd_sc_hd__a21oi_2)
     1    0.004481    0.035390    0.058551    2.170663 v _1310_/Y (sky130_fd_sc_hd__a21oi_2)
                                                         _0474_ (net)
                      0.035390    0.000006    2.170669 v _1312_/A (sky130_fd_sc_hd__nor2_2)
     1    0.002788    0.061533    0.087689    2.258358 ^ _1312_/Y (sky130_fd_sc_hd__nor2_2)
                                                         _0476_ (net)
                      0.061533    0.000003    2.258361 ^ _1325_/B1 (sky130_fd_sc_hd__a211o_2)
     2    0.038215    0.181957    0.210960    2.469321 ^ _1325_/X (sky130_fd_sc_hd__a211o_2)
                                                         result[11] (net)
                      0.181961    0.000711    2.470032 ^ result[11] (out)
                                              2.470032   data arrival time

                      0.000000    0.000000    0.000000   clock __VIRTUAL_CLK__ (rise edge)
                                  0.000000    0.000000   clock network delay (ideal)
                                  0.250000    0.250000   clock uncertainty
                                  0.000000    0.250000   clock reconvergence pessimism
                                 -2.000000   -1.750000   output external delay
                                             -1.750000   data required time
---------------------------------------------------------------------------------------------
                                             -1.750000   data required time
                                             -2.470032   data arrival time
---------------------------------------------------------------------------------------------
                                              4.220032   slack (MET)


Startpoint: B[26] (input port clocked by __VIRTUAL_CLK__)
Endpoint: result[27] (output port clocked by __VIRTUAL_CLK__)
Path Group: __VIRTUAL_CLK__
Path Type: min

Fanout         Cap        Slew       Delay        Time   Description
---------------------------------------------------------------------------------------------
                      0.000000    0.000000    0.000000   clock __VIRTUAL_CLK__ (rise edge)
                                  0.000000    0.000000   clock network delay (ideal)
                                  2.000000    2.000000 ^ input external delay
     4    0.012989    0.064456    0.043665    2.043665 ^ B[26] (in)
                                                         B[26] (net)
                      0.064456    0.000000    2.043665 ^ _0913_/A (sky130_fd_sc_hd__nand2_2)
     4    0.014516    0.066038    0.076979    2.120644 v _0913_/Y (sky130_fd_sc_hd__nand2_2)
                                                         _0088_ (net)
                      0.066038    0.000064    2.120707 v _1597_/B (sky130_fd_sc_hd__nand3b_2)
     1    0.002607    0.045647    0.071474    2.192181 ^ _1597_/Y (sky130_fd_sc_hd__nand3b_2)
                                                         _0745_ (net)
                      0.045647    0.000001    2.192182 ^ _1607_/A3 (sky130_fd_sc_hd__a31o_2)
     2    0.037283    0.211826    0.281923    2.474105 ^ _1607_/X (sky130_fd_sc_hd__a31o_2)
                                                         result[27] (net)
                      0.211827    0.000434    2.474539 ^ result[27] (out)
                                              2.474539   data arrival time

                      0.000000    0.000000    0.000000   clock __VIRTUAL_CLK__ (rise edge)
                                  0.000000    0.000000   clock network delay (ideal)
                                  0.250000    0.250000   clock uncertainty
                                  0.000000    0.250000   clock reconvergence pessimism
                                 -2.000000   -1.750000   output external delay
                                             -1.750000   data required time
---------------------------------------------------------------------------------------------
                                             -1.750000   data required time
                                             -2.474539   data arrival time
---------------------------------------------------------------------------------------------
                                              4.224539   slack (MET)


Startpoint: B[24] (input port clocked by __VIRTUAL_CLK__)
Endpoint: result[24] (output port clocked by __VIRTUAL_CLK__)
Path Group: __VIRTUAL_CLK__
Path Type: min

Fanout         Cap        Slew       Delay        Time   Description
---------------------------------------------------------------------------------------------
                      0.000000    0.000000    0.000000   clock __VIRTUAL_CLK__ (rise edge)
                                  0.000000    0.000000   clock network delay (ideal)
                                  2.000000    2.000000 v input external delay
     4    0.013487    0.031999    0.021860    2.021860 v B[24] (in)
                                                         B[24] (net)
                      0.032001    0.000000    2.021860 v _1058_/A (sky130_fd_sc_hd__nand2_2)
     3    0.011330    0.070015    0.072339    2.094199 ^ _1058_/Y (sky130_fd_sc_hd__nand2_2)
                                                         _0233_ (net)
                      0.070015    0.000004    2.094204 ^ _1060_/A (sky130_fd_sc_hd__nand2_2)
     6    0.022548    0.094477    0.101157    2.195361 v _1060_/Y (sky130_fd_sc_hd__nand2_2)
                                                         _0235_ (net)
                      0.094477    0.000047    2.195408 v _1547_/A2 (sky130_fd_sc_hd__o21ai_2)
     1    0.004855    0.084867    0.134009    2.329417 ^ _1547_/Y (sky130_fd_sc_hd__o21ai_2)
                                                         _0698_ (net)
                      0.084867    0.000003    2.329419 ^ _1562_/A2 (sky130_fd_sc_hd__o21ai_2)
     2    0.036637    0.145449    0.148854    2.478274 v _1562_/Y (sky130_fd_sc_hd__o21ai_2)
                                                         result[24] (net)
                      0.145450    0.000375    2.478649 v result[24] (out)
                                              2.478649   data arrival time

                      0.000000    0.000000    0.000000   clock __VIRTUAL_CLK__ (rise edge)
                                  0.000000    0.000000   clock network delay (ideal)
                                  0.250000    0.250000   clock uncertainty
                                  0.000000    0.250000   clock reconvergence pessimism
                                 -2.000000   -1.750000   output external delay
                                             -1.750000   data required time
---------------------------------------------------------------------------------------------
                                             -1.750000   data required time
                                             -2.478649   data arrival time
---------------------------------------------------------------------------------------------
                                              4.228649   slack (MET)


Startpoint: B[18] (input port clocked by __VIRTUAL_CLK__)
Endpoint: result[19] (output port clocked by __VIRTUAL_CLK__)
Path Group: __VIRTUAL_CLK__
Path Type: min

Fanout         Cap        Slew       Delay        Time   Description
---------------------------------------------------------------------------------------------
                      0.000000    0.000000    0.000000   clock __VIRTUAL_CLK__ (rise edge)
                                  0.000000    0.000000   clock network delay (ideal)
                                  2.000000    2.000000 v input external delay
     3    0.009054    0.022425    0.014657    2.014657 v B[18] (in)
                                                         B[18] (net)
                      0.022425    0.000000    2.014657 v _1042_/A (sky130_fd_sc_hd__nand2_2)
     5    0.017921    0.100222    0.091532    2.106189 ^ _1042_/Y (sky130_fd_sc_hd__nand2_2)
                                                         _0217_ (net)
                      0.100222    0.000070    2.106260 ^ _1466_/A1 (sky130_fd_sc_hd__a311o_2)
     1    0.005549    0.042178    0.177877    2.284137 ^ _1466_/X (sky130_fd_sc_hd__a311o_2)
                                                         _0622_ (net)
                      0.042178    0.000020    2.284157 ^ _1476_/B (sky130_fd_sc_hd__nand3b_2)
     2    0.038849    0.236772    0.209547    2.493703 v _1476_/Y (sky130_fd_sc_hd__nand3b_2)
                                                         result[19] (net)
                      0.236776    0.000802    2.494506 v result[19] (out)
                                              2.494506   data arrival time

                      0.000000    0.000000    0.000000   clock __VIRTUAL_CLK__ (rise edge)
                                  0.000000    0.000000   clock network delay (ideal)
                                  0.250000    0.250000   clock uncertainty
                                  0.000000    0.250000   clock reconvergence pessimism
                                 -2.000000   -1.750000   output external delay
                                             -1.750000   data required time
---------------------------------------------------------------------------------------------
                                             -1.750000   data required time
                                             -2.494506   data arrival time
---------------------------------------------------------------------------------------------
                                              4.244505   slack (MET)


Startpoint: B[18] (input port clocked by __VIRTUAL_CLK__)
Endpoint: result[18] (output port clocked by __VIRTUAL_CLK__)
Path Group: __VIRTUAL_CLK__
Path Type: min

Fanout         Cap        Slew       Delay        Time   Description
---------------------------------------------------------------------------------------------
                      0.000000    0.000000    0.000000   clock __VIRTUAL_CLK__ (rise edge)
                                  0.000000    0.000000   clock network delay (ideal)
                                  2.000000    2.000000 ^ input external delay
     3    0.009583    0.049549    0.032647    2.032647 ^ B[18] (in)
                                                         B[18] (net)
                      0.049549    0.000000    2.032647 ^ _1042_/A (sky130_fd_sc_hd__nand2_2)
     5    0.016432    0.071699    0.077443    2.110090 v _1042_/Y (sky130_fd_sc_hd__nand2_2)
                                                         _0217_ (net)
                      0.071699    0.000054    2.110143 v _1452_/B (sky130_fd_sc_hd__nor2_2)
     1    0.002555    0.061268    0.077668    2.187811 ^ _1452_/Y (sky130_fd_sc_hd__nor2_2)
                                                         _0609_ (net)
                      0.061268    0.000000    2.187812 ^ _1454_/B1 (sky130_fd_sc_hd__a211o_2)
     1    0.002039    0.023308    0.090681    2.278493 ^ _1454_/X (sky130_fd_sc_hd__a211o_2)
                                                         _0611_ (net)
                      0.023308    0.000004    2.278497 ^ _1461_/C (sky130_fd_sc_hd__or4_2)
     2    0.039471    0.197518    0.220795    2.499292 ^ _1461_/X (sky130_fd_sc_hd__or4_2)
                                                         result[18] (net)
                      0.197577    0.000749    2.500041 ^ result[18] (out)
                                              2.500041   data arrival time

                      0.000000    0.000000    0.000000   clock __VIRTUAL_CLK__ (rise edge)
                                  0.000000    0.000000   clock network delay (ideal)
                                  0.250000    0.250000   clock uncertainty
                                  0.000000    0.250000   clock reconvergence pessimism
                                 -2.000000   -1.750000   output external delay
                                             -1.750000   data required time
---------------------------------------------------------------------------------------------
                                             -1.750000   data required time
                                             -2.500041   data arrival time
---------------------------------------------------------------------------------------------
                                              4.250041   slack (MET)


Startpoint: B[28] (input port clocked by __VIRTUAL_CLK__)
Endpoint: result[29] (output port clocked by __VIRTUAL_CLK__)
Path Group: __VIRTUAL_CLK__
Path Type: min

Fanout         Cap        Slew       Delay        Time   Description
---------------------------------------------------------------------------------------------
                      0.000000    0.000000    0.000000   clock __VIRTUAL_CLK__ (rise edge)
                                  0.000000    0.000000   clock network delay (ideal)
                                  2.000000    2.000000 v input external delay
     4    0.014281    0.033711    0.023115    2.023115 v B[28] (in)
                                                         B[28] (net)
                      0.033713    0.000000    2.023115 v _0904_/A (sky130_fd_sc_hd__nand2_2)
     3    0.008101    0.054101    0.061472    2.084587 ^ _0904_/Y (sky130_fd_sc_hd__nand2_2)
                                                         _0079_ (net)
                      0.054101    0.000002    2.084589 ^ _1636_/A1 (sky130_fd_sc_hd__a21bo_2)
     1    0.002822    0.031128    0.113799    2.198389 ^ _1636_/X (sky130_fd_sc_hd__a21bo_2)
                                                         _0782_ (net)
                      0.031128    0.000004    2.198393 ^ _1638_/A3 (sky130_fd_sc_hd__a31o_2)
     2    0.043716    0.246707    0.302009    2.500402 ^ _1638_/X (sky130_fd_sc_hd__a31o_2)
                                                         result[29] (net)
                      0.246708    0.000441    2.500843 ^ result[29] (out)
                                              2.500843   data arrival time

                      0.000000    0.000000    0.000000   clock __VIRTUAL_CLK__ (rise edge)
                                  0.000000    0.000000   clock network delay (ideal)
                                  0.250000    0.250000   clock uncertainty
                                  0.000000    0.250000   clock reconvergence pessimism
                                 -2.000000   -1.750000   output external delay
                                             -1.750000   data required time
---------------------------------------------------------------------------------------------
                                             -1.750000   data required time
                                             -2.500843   data arrival time
---------------------------------------------------------------------------------------------
                                              4.250843   slack (MET)


Startpoint: B[8] (input port clocked by __VIRTUAL_CLK__)
Endpoint: result[9] (output port clocked by __VIRTUAL_CLK__)
Path Group: __VIRTUAL_CLK__
Path Type: min

Fanout         Cap        Slew       Delay        Time   Description
---------------------------------------------------------------------------------------------
                      0.000000    0.000000    0.000000   clock __VIRTUAL_CLK__ (rise edge)
                                  0.000000    0.000000   clock network delay (ideal)
                                  2.000000    2.000000 v input external delay
     4    0.011465    0.027707    0.018581    2.018581 v B[8] (in)
                                                         B[8] (net)
                      0.027708    0.000000    2.018581 v _1013_/A (sky130_fd_sc_hd__nand2_2)
     5    0.018962    0.107909    0.097418    2.115999 ^ _1013_/Y (sky130_fd_sc_hd__nand2_2)
                                                         _0188_ (net)
                      0.107909    0.000018    2.116017 ^ _1290_/A2 (sky130_fd_sc_hd__o2111a_2)
     1    0.002705    0.039749    0.182830    2.298846 ^ _1290_/X (sky130_fd_sc_hd__o2111a_2)
                                                         _0456_ (net)
                      0.039749    0.000015    2.298861 ^ _1291_/C (sky130_fd_sc_hd__or3_2)
     2    0.036772    0.184366    0.213130    2.511991 ^ _1291_/X (sky130_fd_sc_hd__or3_2)
                                                         result[9] (net)
                      0.184366    0.000330    2.512321 ^ result[9] (out)
                                              2.512321   data arrival time

                      0.000000    0.000000    0.000000   clock __VIRTUAL_CLK__ (rise edge)
                                  0.000000    0.000000   clock network delay (ideal)
                                  0.250000    0.250000   clock uncertainty
                                  0.000000    0.250000   clock reconvergence pessimism
                                 -2.000000   -1.750000   output external delay
                                             -1.750000   data required time
---------------------------------------------------------------------------------------------
                                             -1.750000   data required time
                                             -2.512321   data arrival time
---------------------------------------------------------------------------------------------
                                              4.262321   slack (MET)


Startpoint: B[4] (input port clocked by __VIRTUAL_CLK__)
Endpoint: result[3] (output port clocked by __VIRTUAL_CLK__)
Path Group: __VIRTUAL_CLK__
Path Type: min

Fanout         Cap        Slew       Delay        Time   Description
---------------------------------------------------------------------------------------------
                      0.000000    0.000000    0.000000   clock __VIRTUAL_CLK__ (rise edge)
                                  0.000000    0.000000   clock network delay (ideal)
                                  2.000000    2.000000 v input external delay
    28    0.108237    0.237407    0.173802    2.173802 v B[4] (in)
                                                         B[4] (net)
                      0.237426    0.000000    2.173802 v _1170_/A1 (sky130_fd_sc_hd__a21o_2)
     2    0.037388    0.106138    0.343547    2.517349 v _1170_/X (sky130_fd_sc_hd__a21o_2)
                                                         result[3] (net)
                      0.106138    0.000322    2.517672 v result[3] (out)
                                              2.517672   data arrival time

                      0.000000    0.000000    0.000000   clock __VIRTUAL_CLK__ (rise edge)
                                  0.000000    0.000000   clock network delay (ideal)
                                  0.250000    0.250000   clock uncertainty
                                  0.000000    0.250000   clock reconvergence pessimism
                                 -2.000000   -1.750000   output external delay
                                             -1.750000   data required time
---------------------------------------------------------------------------------------------
                                             -1.750000   data required time
                                             -2.517672   data arrival time
---------------------------------------------------------------------------------------------
                                              4.267672   slack (MET)


Startpoint: B[29] (input port clocked by __VIRTUAL_CLK__)
Endpoint: result[30] (output port clocked by __VIRTUAL_CLK__)
Path Group: __VIRTUAL_CLK__
Path Type: min

Fanout         Cap        Slew       Delay        Time   Description
---------------------------------------------------------------------------------------------
                      0.000000    0.000000    0.000000   clock __VIRTUAL_CLK__ (rise edge)
                                  0.000000    0.000000   clock network delay (ideal)
                                  2.000000    2.000000 v input external delay
     5    0.017646    0.040964    0.028469    2.028470 v B[29] (in)
                                                         B[29] (net)
                      0.040966    0.000000    2.028470 v _0894_/A (sky130_fd_sc_hd__nand2_2)
     3    0.007020    0.047187    0.060672    2.089142 ^ _0894_/Y (sky130_fd_sc_hd__nand2_2)
                                                         _0069_ (net)
                      0.047187    0.000018    2.089160 ^ _1651_/A1 (sky130_fd_sc_hd__a311o_2)
     3    0.011109    0.067887    0.185883    2.275043 ^ _1651_/X (sky130_fd_sc_hd__a311o_2)
                                                         _0796_ (net)
                      0.067887    0.000014    2.275057 ^ _1653_/A1 (sky130_fd_sc_hd__a211o_2)
     2    0.041011    0.194739    0.248198    2.523256 ^ _1653_/X (sky130_fd_sc_hd__a211o_2)
                                                         result[30] (net)
                      0.194741    0.000529    2.523785 ^ result[30] (out)
                                              2.523785   data arrival time

                      0.000000    0.000000    0.000000   clock __VIRTUAL_CLK__ (rise edge)
                                  0.000000    0.000000   clock network delay (ideal)
                                  0.250000    0.250000   clock uncertainty
                                  0.000000    0.250000   clock reconvergence pessimism
                                 -2.000000   -1.750000   output external delay
                                             -1.750000   data required time
---------------------------------------------------------------------------------------------
                                             -1.750000   data required time
                                             -2.523785   data arrival time
---------------------------------------------------------------------------------------------
                                              4.273785   slack (MET)


Startpoint: B[8] (input port clocked by __VIRTUAL_CLK__)
Endpoint: result[8] (output port clocked by __VIRTUAL_CLK__)
Path Group: __VIRTUAL_CLK__
Path Type: min

Fanout         Cap        Slew       Delay        Time   Description
---------------------------------------------------------------------------------------------
                      0.000000    0.000000    0.000000   clock __VIRTUAL_CLK__ (rise edge)
                                  0.000000    0.000000   clock network delay (ideal)
                                  2.000000    2.000000 ^ input external delay
     4    0.012208    0.061168    0.041150    2.041150 ^ B[8] (in)
                                                         B[8] (net)
                      0.061168    0.000000    2.041150 ^ _1014_/A (sky130_fd_sc_hd__or2_2)
     3    0.010991    0.068522    0.132961    2.174110 ^ _1014_/X (sky130_fd_sc_hd__or2_2)
                                                         _0189_ (net)
                      0.068522    0.000023    2.174133 ^ _1263_/A2 (sky130_fd_sc_hd__a211o_2)
     1    0.001669    0.021754    0.116070    2.290203 ^ _1263_/X (sky130_fd_sc_hd__a211o_2)
                                                         _0430_ (net)
                      0.021754    0.000001    2.290204 ^ _1271_/B (sky130_fd_sc_hd__or4b_2)
     2    0.037349    0.217508    0.233920    2.524124 ^ _1271_/X (sky130_fd_sc_hd__or4b_2)
                                                         result[8] (net)
                      0.217572    0.000518    2.524642 ^ result[8] (out)
                                              2.524642   data arrival time

                      0.000000    0.000000    0.000000   clock __VIRTUAL_CLK__ (rise edge)
                                  0.000000    0.000000   clock network delay (ideal)
                                  0.250000    0.250000   clock uncertainty
                                  0.000000    0.250000   clock reconvergence pessimism
                                 -2.000000   -1.750000   output external delay
                                             -1.750000   data required time
---------------------------------------------------------------------------------------------
                                             -1.750000   data required time
                                             -2.524642   data arrival time
---------------------------------------------------------------------------------------------
                                              4.274642   slack (MET)


Startpoint: B[22] (input port clocked by __VIRTUAL_CLK__)
Endpoint: result[23] (output port clocked by __VIRTUAL_CLK__)
Path Group: __VIRTUAL_CLK__
Path Type: min

Fanout         Cap        Slew       Delay        Time   Description
---------------------------------------------------------------------------------------------
                      0.000000    0.000000    0.000000   clock __VIRTUAL_CLK__ (rise edge)
                                  0.000000    0.000000   clock network delay (ideal)
                                  2.000000    2.000000 ^ input external delay
     4    0.014104    0.069401    0.047117    2.047117 ^ B[22] (in)
                                                         B[22] (net)
                      0.069401    0.000000    2.047117 ^ _0934_/A (sky130_fd_sc_hd__nand2_2)
     5    0.017485    0.077479    0.086863    2.133980 v _0934_/Y (sky130_fd_sc_hd__nand2_2)
                                                         _0109_ (net)
                      0.077479    0.000039    2.134019 v _1533_/A (sky130_fd_sc_hd__nand3_2)
     1    0.002466    0.036406    0.061722    2.195741 ^ _1533_/Y (sky130_fd_sc_hd__nand3_2)
                                                         _0685_ (net)
                      0.036406    0.000000    2.195741 ^ _1544_/A2 (sky130_fd_sc_hd__a31o_2)
     1    0.002714    0.032138    0.135122    2.330863 ^ _1544_/X (sky130_fd_sc_hd__a31o_2)
                                                         _0696_ (net)
                      0.032138    0.000002    2.330865 ^ _1545_/C1 (sky130_fd_sc_hd__a211o_2)
     2    0.037209    0.177325    0.193707    2.524572 ^ _1545_/X (sky130_fd_sc_hd__a211o_2)
                                                         result[23] (net)
                      0.177325    0.000284    2.524856 ^ result[23] (out)
                                              2.524856   data arrival time

                      0.000000    0.000000    0.000000   clock __VIRTUAL_CLK__ (rise edge)
                                  0.000000    0.000000   clock network delay (ideal)
                                  0.250000    0.250000   clock uncertainty
                                  0.000000    0.250000   clock reconvergence pessimism
                                 -2.000000   -1.750000   output external delay
                                             -1.750000   data required time
---------------------------------------------------------------------------------------------
                                             -1.750000   data required time
                                             -2.524856   data arrival time
---------------------------------------------------------------------------------------------
                                              4.274856   slack (MET)


Startpoint: B[24] (input port clocked by __VIRTUAL_CLK__)
Endpoint: result[25] (output port clocked by __VIRTUAL_CLK__)
Path Group: __VIRTUAL_CLK__
Path Type: min

Fanout         Cap        Slew       Delay        Time   Description
---------------------------------------------------------------------------------------------
                      0.000000    0.000000    0.000000   clock __VIRTUAL_CLK__ (rise edge)
                                  0.000000    0.000000   clock network delay (ideal)
                                  2.000000    2.000000 ^ input external delay
     4    0.014192    0.069805    0.047446    2.047446 ^ B[24] (in)
                                                         B[24] (net)
                      0.069806    0.000000    2.047446 ^ _1058_/A (sky130_fd_sc_hd__nand2_2)
     3    0.010496    0.054579    0.067098    2.114544 v _1058_/Y (sky130_fd_sc_hd__nand2_2)
                                                         _0233_ (net)
                      0.054579    0.000013    2.114557 v _1572_/B (sky130_fd_sc_hd__nand2_2)
     1    0.002567    0.035664    0.059904    2.174461 ^ _1572_/Y (sky130_fd_sc_hd__nand2_2)
                                                         _0722_ (net)
                      0.035664    0.000000    2.174462 ^ _1577_/A2 (sky130_fd_sc_hd__o211a_2)
     1    0.003233    0.042985    0.154947    2.329408 ^ _1577_/X (sky130_fd_sc_hd__o211a_2)
                                                         _0727_ (net)
                      0.042985    0.000014    2.329422 ^ _1578_/C1 (sky130_fd_sc_hd__a211o_2)
     2    0.036497    0.174256    0.195451    2.524873 ^ _1578_/X (sky130_fd_sc_hd__a211o_2)
                                                         result[25] (net)
                      0.174256    0.000355    2.525229 ^ result[25] (out)
                                              2.525229   data arrival time

                      0.000000    0.000000    0.000000   clock __VIRTUAL_CLK__ (rise edge)
                                  0.000000    0.000000   clock network delay (ideal)
                                  0.250000    0.250000   clock uncertainty
                                  0.000000    0.250000   clock reconvergence pessimism
                                 -2.000000   -1.750000   output external delay
                                             -1.750000   data required time
---------------------------------------------------------------------------------------------
                                             -1.750000   data required time
                                             -2.525229   data arrival time
---------------------------------------------------------------------------------------------
                                              4.275229   slack (MET)


Startpoint: B[16] (input port clocked by __VIRTUAL_CLK__)
Endpoint: result[17] (output port clocked by __VIRTUAL_CLK__)
Path Group: __VIRTUAL_CLK__
Path Type: min

Fanout         Cap        Slew       Delay        Time   Description
---------------------------------------------------------------------------------------------
                      0.000000    0.000000    0.000000   clock __VIRTUAL_CLK__ (rise edge)
                                  0.000000    0.000000   clock network delay (ideal)
                                  2.000000    2.000000 v input external delay
     3    0.011741    0.028298    0.018988    2.018988 v B[16] (in)
                                                         B[16] (net)
                      0.028298    0.000000    2.018988 v _0828_/A (sky130_fd_sc_hd__inv_2)
     2    0.004111    0.026778    0.037540    2.056528 ^ _0828_/Y (sky130_fd_sc_hd__inv_2)
                                                         _0003_ (net)
                      0.026778    0.000001    2.056529 ^ _1426_/A1 (sky130_fd_sc_hd__a21o_2)
     1    0.003054    0.029691    0.100592    2.157121 ^ _1426_/X (sky130_fd_sc_hd__a21o_2)
                                                         _0584_ (net)
                      0.029691    0.000007    2.157128 ^ _1429_/A2 (sky130_fd_sc_hd__o211a_2)
     1    0.002255    0.038860    0.147189    2.304317 ^ _1429_/X (sky130_fd_sc_hd__o211a_2)
                                                         _0587_ (net)
                      0.038860    0.000005    2.304322 ^ _1445_/A (sky130_fd_sc_hd__or3_2)
     2    0.038907    0.194574    0.223943    2.528265 ^ _1445_/X (sky130_fd_sc_hd__or3_2)
                                                         result[17] (net)
                      0.194574    0.000360    2.528625 ^ result[17] (out)
                                              2.528625   data arrival time

                      0.000000    0.000000    0.000000   clock __VIRTUAL_CLK__ (rise edge)
                                  0.000000    0.000000   clock network delay (ideal)
                                  0.250000    0.250000   clock uncertainty
                                  0.000000    0.250000   clock reconvergence pessimism
                                 -2.000000   -1.750000   output external delay
                                             -1.750000   data required time
---------------------------------------------------------------------------------------------
                                             -1.750000   data required time
                                             -2.528625   data arrival time
---------------------------------------------------------------------------------------------
                                              4.278625   slack (MET)


Startpoint: control[0] (input port clocked by __VIRTUAL_CLK__)
Endpoint: result[14] (output port clocked by __VIRTUAL_CLK__)
Path Group: __VIRTUAL_CLK__
Path Type: min

Fanout         Cap        Slew       Delay        Time   Description
---------------------------------------------------------------------------------------------
                      0.000000    0.000000    0.000000   clock __VIRTUAL_CLK__ (rise edge)
                                  0.000000    0.000000   clock network delay (ideal)
                                  2.000000    2.000000 v input external delay
    14    0.040433    0.090606    0.064601    2.064601 v control[0] (in)
                                                         control[0] (net)
                      0.090608    0.000000    2.064601 v _1100_/A (sky130_fd_sc_hd__nand2_2)
     9    0.055854    0.287558    0.252251    2.316852 ^ _1100_/Y (sky130_fd_sc_hd__nand2_2)
                                                         _0274_ (net)
                      0.287588    0.002445    2.319297 ^ _1386_/A1 (sky130_fd_sc_hd__o21ai_2)
     2    0.038361    0.151654    0.215671    2.534968 v _1386_/Y (sky130_fd_sc_hd__o21ai_2)
                                                         result[14] (net)
                      0.151660    0.000798    2.535767 v result[14] (out)
                                              2.535767   data arrival time

                      0.000000    0.000000    0.000000   clock __VIRTUAL_CLK__ (rise edge)
                                  0.000000    0.000000   clock network delay (ideal)
                                  0.250000    0.250000   clock uncertainty
                                  0.000000    0.250000   clock reconvergence pessimism
                                 -2.000000   -1.750000   output external delay
                                             -1.750000   data required time
---------------------------------------------------------------------------------------------
                                             -1.750000   data required time
                                             -2.535767   data arrival time
---------------------------------------------------------------------------------------------
                                              4.285767   slack (MET)


Startpoint: B[22] (input port clocked by __VIRTUAL_CLK__)
Endpoint: result[22] (output port clocked by __VIRTUAL_CLK__)
Path Group: __VIRTUAL_CLK__
Path Type: min

Fanout         Cap        Slew       Delay        Time   Description
---------------------------------------------------------------------------------------------
                      0.000000    0.000000    0.000000   clock __VIRTUAL_CLK__ (rise edge)
                                  0.000000    0.000000   clock network delay (ideal)
                                  2.000000    2.000000 v input external delay
     4    0.013399    0.031790    0.021674    2.021674 v B[22] (in)
                                                         B[22] (net)
                      0.031790    0.000000    2.021674 v _0934_/A (sky130_fd_sc_hd__nand2_2)
     5    0.018621    0.103649    0.097892    2.119566 ^ _0934_/Y (sky130_fd_sc_hd__nand2_2)
                                                         _0109_ (net)
                      0.103649    0.000023    2.119590 ^ _1516_/B1 (sky130_fd_sc_hd__a32o_2)
     2    0.005266    0.052248    0.139541    2.259130 ^ _1516_/X (sky130_fd_sc_hd__a32o_2)
                                                         _0669_ (net)
                      0.052248    0.000012    2.259143 ^ _1530_/A3 (sky130_fd_sc_hd__a31o_2)
     2    0.036106    0.205388    0.279473    2.538616 ^ _1530_/X (sky130_fd_sc_hd__a31o_2)
                                                         result[22] (net)
                      0.205388    0.000152    2.538768 ^ result[22] (out)
                                              2.538768   data arrival time

                      0.000000    0.000000    0.000000   clock __VIRTUAL_CLK__ (rise edge)
                                  0.000000    0.000000   clock network delay (ideal)
                                  0.250000    0.250000   clock uncertainty
                                  0.000000    0.250000   clock reconvergence pessimism
                                 -2.000000   -1.750000   output external delay
                                             -1.750000   data required time
---------------------------------------------------------------------------------------------
                                             -1.750000   data required time
                                             -2.538768   data arrival time
---------------------------------------------------------------------------------------------
                                              4.288769   slack (MET)


Startpoint: B[12] (input port clocked by __VIRTUAL_CLK__)
Endpoint: result[13] (output port clocked by __VIRTUAL_CLK__)
Path Group: __VIRTUAL_CLK__
Path Type: min

Fanout         Cap        Slew       Delay        Time   Description
---------------------------------------------------------------------------------------------
                      0.000000    0.000000    0.000000   clock __VIRTUAL_CLK__ (rise edge)
                                  0.000000    0.000000   clock network delay (ideal)
                                  2.000000    2.000000 ^ input external delay
     3    0.009283    0.048217    0.031677    2.031677 ^ B[12] (in)
                                                         B[12] (net)
                      0.048217    0.000000    2.031677 ^ _0994_/A (sky130_fd_sc_hd__nand2_2)
     5    0.016735    0.072815    0.077828    2.109505 v _0994_/Y (sky130_fd_sc_hd__nand2_2)
                                                         _0169_ (net)
                      0.072815    0.000100    2.109606 v _1352_/B (sky130_fd_sc_hd__nand2_2)
     1    0.002531    0.038465    0.067700    2.177305 ^ _1352_/Y (sky130_fd_sc_hd__nand2_2)
                                                         _0514_ (net)
                      0.038465    0.000000    2.177306 ^ _1356_/A2 (sky130_fd_sc_hd__o211a_2)
     1    0.003486    0.044391    0.157315    2.334621 ^ _1356_/X (sky130_fd_sc_hd__o211a_2)
                                                         _0518_ (net)
                      0.044391    0.000018    2.334640 ^ _1367_/B1 (sky130_fd_sc_hd__a211o_2)
     2    0.039148    0.186134    0.207887    2.542526 ^ _1367_/X (sky130_fd_sc_hd__a211o_2)
                                                         result[13] (net)
                      0.186134    0.000380    2.542907 ^ result[13] (out)
                                              2.542907   data arrival time

                      0.000000    0.000000    0.000000   clock __VIRTUAL_CLK__ (rise edge)
                                  0.000000    0.000000   clock network delay (ideal)
                                  0.250000    0.250000   clock uncertainty
                                  0.000000    0.250000   clock reconvergence pessimism
                                 -2.000000   -1.750000   output external delay
                                             -1.750000   data required time
---------------------------------------------------------------------------------------------
                                             -1.750000   data required time
                                             -2.542907   data arrival time
---------------------------------------------------------------------------------------------
                                              4.292907   slack (MET)


Startpoint: B[20] (input port clocked by __VIRTUAL_CLK__)
Endpoint: result[21] (output port clocked by __VIRTUAL_CLK__)
Path Group: __VIRTUAL_CLK__
Path Type: min

Fanout         Cap        Slew       Delay        Time   Description
---------------------------------------------------------------------------------------------
                      0.000000    0.000000    0.000000   clock __VIRTUAL_CLK__ (rise edge)
                                  0.000000    0.000000   clock network delay (ideal)
                                  2.000000    2.000000 ^ input external delay
     5    0.017057    0.082546    0.056359    2.056359 ^ B[20] (in)
                                                         B[20] (net)
                      0.082546    0.000000    2.056359 ^ _1508_/A1 (sky130_fd_sc_hd__a211o_2)
     1    0.002750    0.027644    0.122749    2.179108 ^ _1508_/X (sky130_fd_sc_hd__a211o_2)
                                                         _0662_ (net)
                      0.027644    0.000006    2.179114 ^ _1513_/A2 (sky130_fd_sc_hd__a41o_2)
     1    0.003551    0.032289    0.168693    2.347807 ^ _1513_/X (sky130_fd_sc_hd__a41o_2)
                                                         _0667_ (net)
                      0.032289    0.000014    2.347821 ^ _1514_/B1 (sky130_fd_sc_hd__a41o_2)
     2    0.036337    0.175036    0.196906    2.544727 ^ _1514_/X (sky130_fd_sc_hd__a41o_2)
                                                         result[21] (net)
                      0.175036    0.000193    2.544920 ^ result[21] (out)
                                              2.544920   data arrival time

                      0.000000    0.000000    0.000000   clock __VIRTUAL_CLK__ (rise edge)
                                  0.000000    0.000000   clock network delay (ideal)
                                  0.250000    0.250000   clock uncertainty
                                  0.000000    0.250000   clock reconvergence pessimism
                                 -2.000000   -1.750000   output external delay
                                             -1.750000   data required time
---------------------------------------------------------------------------------------------
                                             -1.750000   data required time
                                             -2.544920   data arrival time
---------------------------------------------------------------------------------------------
                                              4.294919   slack (MET)


Startpoint: B[20] (input port clocked by __VIRTUAL_CLK__)
Endpoint: result[20] (output port clocked by __VIRTUAL_CLK__)
Path Group: __VIRTUAL_CLK__
Path Type: min

Fanout         Cap        Slew       Delay        Time   Description
---------------------------------------------------------------------------------------------
                      0.000000    0.000000    0.000000   clock __VIRTUAL_CLK__ (rise edge)
                                  0.000000    0.000000   clock network delay (ideal)
                                  2.000000    2.000000 ^ input external delay
     5    0.017057    0.082546    0.056382    2.056382 ^ B[20] (in)
                                                         B[20] (net)
                      0.082546    0.000000    2.056382 ^ _1492_/A1 (sky130_fd_sc_hd__a31o_2)
     1    0.002696    0.037735    0.142594    2.198976 ^ _1492_/X (sky130_fd_sc_hd__a31o_2)
                                                         _0647_ (net)
                      0.037735    0.000002    2.198978 ^ _1493_/C1 (sky130_fd_sc_hd__a211o_2)
     1    0.002683    0.025924    0.081201    2.280179 ^ _1493_/X (sky130_fd_sc_hd__a211o_2)
                                                         _0648_ (net)
                      0.025924    0.000002    2.280181 ^ _1494_/B1 (sky130_fd_sc_hd__a21o_2)
     1    0.003674    0.029585    0.075734    2.355915 ^ _1494_/X (sky130_fd_sc_hd__a21o_2)
                                                         _0649_ (net)
                      0.029585    0.000015    2.355930 ^ _1495_/C1 (sky130_fd_sc_hd__a211o_2)
     2    0.036931    0.176125    0.191872    2.547801 ^ _1495_/X (sky130_fd_sc_hd__a211o_2)
                                                         result[20] (net)
                      0.176125    0.000251    2.548053 ^ result[20] (out)
                                              2.548053   data arrival time

                      0.000000    0.000000    0.000000   clock __VIRTUAL_CLK__ (rise edge)
                                  0.000000    0.000000   clock network delay (ideal)
                                  0.250000    0.250000   clock uncertainty
                                  0.000000    0.250000   clock reconvergence pessimism
                                 -2.000000   -1.750000   output external delay
                                             -1.750000   data required time
---------------------------------------------------------------------------------------------
                                             -1.750000   data required time
                                             -2.548053   data arrival time
---------------------------------------------------------------------------------------------
                                              4.298053   slack (MET)


Startpoint: B[28] (input port clocked by __VIRTUAL_CLK__)
Endpoint: result[28] (output port clocked by __VIRTUAL_CLK__)
Path Group: __VIRTUAL_CLK__
Path Type: min

Fanout         Cap        Slew       Delay        Time   Description
---------------------------------------------------------------------------------------------
                      0.000000    0.000000    0.000000   clock __VIRTUAL_CLK__ (rise edge)
                                  0.000000    0.000000   clock network delay (ideal)
                                  2.000000    2.000000 v input external delay
     4    0.014281    0.033711    0.023120    2.023120 v B[28] (in)
                                                         B[28] (net)
                      0.033713    0.000000    2.023120 v _0905_/A (sky130_fd_sc_hd__nor2_2)
     2    0.006897    0.103815    0.118135    2.141255 ^ _0905_/Y (sky130_fd_sc_hd__nor2_2)
                                                         _0080_ (net)
                      0.103815    0.000009    2.141264 ^ _0906_/B (sky130_fd_sc_hd__nor2_2)
     7    0.022325    0.059421    0.085050    2.226314 v _0906_/Y (sky130_fd_sc_hd__nor2_2)
                                                         _0081_ (net)
                      0.059421    0.000112    2.226426 v _1608_/A (sky130_fd_sc_hd__nand2_2)
     1    0.002543    0.029974    0.052031    2.278457 ^ _1608_/Y (sky130_fd_sc_hd__nand2_2)
                                                         _0755_ (net)
                      0.029974    0.000001    2.278458 ^ _1625_/A2 (sky130_fd_sc_hd__a31o_2)
     2    0.036506    0.207557    0.270197    2.548655 ^ _1625_/X (sky130_fd_sc_hd__a31o_2)
                                                         result[28] (net)
                      0.207558    0.000324    2.548978 ^ result[28] (out)
                                              2.548978   data arrival time

                      0.000000    0.000000    0.000000   clock __VIRTUAL_CLK__ (rise edge)
                                  0.000000    0.000000   clock network delay (ideal)
                                  0.250000    0.250000   clock uncertainty
                                  0.000000    0.250000   clock reconvergence pessimism
                                 -2.000000   -1.750000   output external delay
                                             -1.750000   data required time
---------------------------------------------------------------------------------------------
                                             -1.750000   data required time
                                             -2.548978   data arrival time
---------------------------------------------------------------------------------------------
                                              4.298978   slack (MET)


Startpoint: A[2] (input port clocked by __VIRTUAL_CLK__)
Endpoint: result[2] (output port clocked by __VIRTUAL_CLK__)
Path Group: __VIRTUAL_CLK__
Path Type: min

Fanout         Cap        Slew       Delay        Time   Description
---------------------------------------------------------------------------------------------
                      0.000000    0.000000    0.000000   clock __VIRTUAL_CLK__ (rise edge)
                                  0.000000    0.000000   clock network delay (ideal)
                                  2.000000    2.000000 ^ input external delay
    10    0.026941    0.126610    0.087223    2.087223 ^ A[2] (in)
                                                         A[2] (net)
                      0.126611    0.000000    2.087223 ^ _1139_/A2 (sky130_fd_sc_hd__a31o_2)
     1    0.003368    0.033909    0.165066    2.252289 ^ _1139_/X (sky130_fd_sc_hd__a31o_2)
                                                         _0312_ (net)
                      0.033909    0.000012    2.252301 ^ _1140_/B1 (sky130_fd_sc_hd__a311o_2)
     1    0.003915    0.034974    0.097034    2.349334 ^ _1140_/X (sky130_fd_sc_hd__a311o_2)
                                                         _0313_ (net)
                      0.034974    0.000025    2.349359 ^ _1141_/C1 (sky130_fd_sc_hd__a211o_2)
     2    0.038619    0.183730    0.199136    2.548495 ^ _1141_/X (sky130_fd_sc_hd__a211o_2)
                                                         result[2] (net)
                      0.183781    0.000484    2.548979 ^ result[2] (out)
                                              2.548979   data arrival time

                      0.000000    0.000000    0.000000   clock __VIRTUAL_CLK__ (rise edge)
                                  0.000000    0.000000   clock network delay (ideal)
                                  0.250000    0.250000   clock uncertainty
                                  0.000000    0.250000   clock reconvergence pessimism
                                 -2.000000   -1.750000   output external delay
                                             -1.750000   data required time
---------------------------------------------------------------------------------------------
                                             -1.750000   data required time
                                             -2.548979   data arrival time
---------------------------------------------------------------------------------------------
                                              4.298979   slack (MET)


Startpoint: B[31] (input port clocked by __VIRTUAL_CLK__)
Endpoint: result[31] (output port clocked by __VIRTUAL_CLK__)
Path Group: __VIRTUAL_CLK__
Path Type: min

Fanout         Cap        Slew       Delay        Time   Description
---------------------------------------------------------------------------------------------
                      0.000000    0.000000    0.000000   clock __VIRTUAL_CLK__ (rise edge)
                                  0.000000    0.000000   clock network delay (ideal)
                                  2.000000    2.000000 ^ input external delay
     3    0.009716    0.050148    0.033096    2.033096 ^ B[31] (in)
                                                         B[31] (net)
                      0.050148    0.000000    2.033096 ^ _0886_/A (sky130_fd_sc_hd__nand2_2)
     2    0.006285    0.035743    0.049150    2.082246 v _0886_/Y (sky130_fd_sc_hd__nand2_2)
                                                         _0061_ (net)
                      0.035743    0.000021    2.082267 v _1659_/B (sky130_fd_sc_hd__nor2_2)
     1    0.002712    0.060774    0.065106    2.147373 ^ _1659_/Y (sky130_fd_sc_hd__nor2_2)
                                                         _0803_ (net)
                      0.060774    0.000003    2.147376 ^ _1661_/B1 (sky130_fd_sc_hd__a211o_2)
     1    0.005603    0.037032    0.104459    2.251835 ^ _1661_/X (sky130_fd_sc_hd__a211o_2)
                                                         _0805_ (net)
                      0.037032    0.000052    2.251887 ^ _1662_/B1 (sky130_fd_sc_hd__a21o_2)
     1    0.002526    0.024814    0.074969    2.326856 ^ _1662_/X (sky130_fd_sc_hd__a21o_2)
                                                         _0806_ (net)
                      0.024814    0.000013    2.326869 ^ _1668_/C (sky130_fd_sc_hd__or4_2)
     2    0.039900    0.199538    0.222995    2.549865 ^ _1668_/X (sky130_fd_sc_hd__or4_2)
                                                         result[31] (net)
                      0.199538    0.000452    2.550317 ^ result[31] (out)
                                              2.550317   data arrival time

                      0.000000    0.000000    0.000000   clock __VIRTUAL_CLK__ (rise edge)
                                  0.000000    0.000000   clock network delay (ideal)
                                  0.250000    0.250000   clock uncertainty
                                  0.000000    0.250000   clock reconvergence pessimism
                                 -2.000000   -1.750000   output external delay
                                             -1.750000   data required time
---------------------------------------------------------------------------------------------
                                             -1.750000   data required time
                                             -2.550317   data arrival time
---------------------------------------------------------------------------------------------
                                              4.300317   slack (MET)


Startpoint: A[6] (input port clocked by __VIRTUAL_CLK__)
Endpoint: result[7] (output port clocked by __VIRTUAL_CLK__)
Path Group: __VIRTUAL_CLK__
Path Type: min

Fanout         Cap        Slew       Delay        Time   Description
---------------------------------------------------------------------------------------------
                      0.000000    0.000000    0.000000   clock __VIRTUAL_CLK__ (rise edge)
                                  0.000000    0.000000   clock network delay (ideal)
                                  2.000000    2.000000 v input external delay
    12    0.041737    0.093662    0.067150    2.067150 v A[6] (in)
                                                         A[6] (net)
                      0.093694    0.000000    2.067150 v _0988_/B (sky130_fd_sc_hd__nand2b_2)
     3    0.012306    0.078995    0.113408    2.180558 ^ _0988_/Y (sky130_fd_sc_hd__nand2b_2)
                                                         _0163_ (net)
                      0.078995    0.000025    2.180583 ^ _1234_/A1 (sky130_fd_sc_hd__a21oi_2)
     1    0.004537    0.030276    0.056843    2.237426 v _1234_/Y (sky130_fd_sc_hd__a21oi_2)
                                                         _0402_ (net)
                      0.030276    0.000008    2.237434 v _1236_/A (sky130_fd_sc_hd__nor2_2)
     1    0.003237    0.064609    0.089033    2.326467 ^ _1236_/Y (sky130_fd_sc_hd__nor2_2)
                                                         _0404_ (net)
                      0.064609    0.000019    2.326486 ^ _1250_/B (sky130_fd_sc_hd__or3_2)
     2    0.038575    0.193036    0.230520    2.557006 ^ _1250_/X (sky130_fd_sc_hd__or3_2)
                                                         result[7] (net)
                      0.193040    0.000737    2.557743 ^ result[7] (out)
                                              2.557743   data arrival time

                      0.000000    0.000000    0.000000   clock __VIRTUAL_CLK__ (rise edge)
                                  0.000000    0.000000   clock network delay (ideal)
                                  0.250000    0.250000   clock uncertainty
                                  0.000000    0.250000   clock reconvergence pessimism
                                 -2.000000   -1.750000   output external delay
                                             -1.750000   data required time
---------------------------------------------------------------------------------------------
                                             -1.750000   data required time
                                             -2.557743   data arrival time
---------------------------------------------------------------------------------------------
                                              4.307743   slack (MET)


Startpoint: A[1] (input port clocked by __VIRTUAL_CLK__)
Endpoint: result[1] (output port clocked by __VIRTUAL_CLK__)
Path Group: __VIRTUAL_CLK__
Path Type: min

Fanout         Cap        Slew       Delay        Time   Description
---------------------------------------------------------------------------------------------
                      0.000000    0.000000    0.000000   clock __VIRTUAL_CLK__ (rise edge)
                                  0.000000    0.000000   clock network delay (ideal)
                                  2.000000    2.000000 ^ input external delay
    10    0.038042    0.175632    0.121929    2.121929 ^ A[1] (in)
                                                         A[1] (net)
                      0.175634    0.000000    2.121929 ^ _1097_/A2 (sky130_fd_sc_hd__o21ai_2)
     1    0.002361    0.035750    0.061565    2.183494 v _1097_/Y (sky130_fd_sc_hd__o21ai_2)
                                                         _0271_ (net)
                      0.035750    0.000001    2.183495 v _1098_/C1 (sky130_fd_sc_hd__o221a_2)
     1    0.004312    0.031520    0.117964    2.301459 v _1098_/X (sky130_fd_sc_hd__o221a_2)
                                                         _0272_ (net)
                      0.031520    0.000002    2.301461 v _1109_/C1 (sky130_fd_sc_hd__o211ai_2)
     1    0.004082    0.051210    0.050931    2.352391 ^ _1109_/Y (sky130_fd_sc_hd__o211ai_2)
                                                         _0283_ (net)
                      0.051210    0.000027    2.352419 ^ _1110_/C1 (sky130_fd_sc_hd__a211o_2)
     2    0.039579    0.188123    0.208116    2.560534 ^ _1110_/X (sky130_fd_sc_hd__a211o_2)
                                                         result[1] (net)
                      0.188179    0.000778    2.561313 ^ result[1] (out)
                                              2.561313   data arrival time

                      0.000000    0.000000    0.000000   clock __VIRTUAL_CLK__ (rise edge)
                                  0.000000    0.000000   clock network delay (ideal)
                                  0.250000    0.250000   clock uncertainty
                                  0.000000    0.250000   clock reconvergence pessimism
                                 -2.000000   -1.750000   output external delay
                                             -1.750000   data required time
---------------------------------------------------------------------------------------------
                                             -1.750000   data required time
                                             -2.561313   data arrival time
---------------------------------------------------------------------------------------------
                                              4.311313   slack (MET)


Startpoint: A[4] (input port clocked by __VIRTUAL_CLK__)
Endpoint: result[4] (output port clocked by __VIRTUAL_CLK__)
Path Group: __VIRTUAL_CLK__
Path Type: min

Fanout         Cap        Slew       Delay        Time   Description
---------------------------------------------------------------------------------------------
                      0.000000    0.000000    0.000000   clock __VIRTUAL_CLK__ (rise edge)
                                  0.000000    0.000000   clock network delay (ideal)
                                  2.000000    2.000000 ^ input external delay
    11    0.033574    0.156227    0.107991    2.107991 ^ A[4] (in)
                                                         A[4] (net)
                      0.156229    0.000000    2.107991 ^ _1186_/A2 (sky130_fd_sc_hd__a31o_2)
     1    0.002740    0.031946    0.168867    2.276858 ^ _1186_/X (sky130_fd_sc_hd__a31o_2)
                                                         _0357_ (net)
                      0.031946    0.000002    2.276861 ^ _1189_/B1 (sky130_fd_sc_hd__a211o_2)
     1    0.004189    0.031153    0.088870    2.365731 ^ _1189_/X (sky130_fd_sc_hd__a211o_2)
                                                         _0360_ (net)
                      0.031153    0.000024    2.365755 ^ _1190_/B1 (sky130_fd_sc_hd__a31o_2)
     2    0.036777    0.209023    0.215835    2.581589 ^ _1190_/X (sky130_fd_sc_hd__a31o_2)
                                                         result[4] (net)
                      0.209023    0.000271    2.581860 ^ result[4] (out)
                                              2.581860   data arrival time

                      0.000000    0.000000    0.000000   clock __VIRTUAL_CLK__ (rise edge)
                                  0.000000    0.000000   clock network delay (ideal)
                                  0.250000    0.250000   clock uncertainty
                                  0.000000    0.250000   clock reconvergence pessimism
                                 -2.000000   -1.750000   output external delay
                                             -1.750000   data required time
---------------------------------------------------------------------------------------------
                                             -1.750000   data required time
                                             -2.581860   data arrival time
---------------------------------------------------------------------------------------------
                                              4.331861   slack (MET)


Startpoint: B[25] (input port clocked by __VIRTUAL_CLK__)
Endpoint: result[26] (output port clocked by __VIRTUAL_CLK__)
Path Group: __VIRTUAL_CLK__
Path Type: min

Fanout         Cap        Slew       Delay        Time   Description
---------------------------------------------------------------------------------------------
                      0.000000    0.000000    0.000000   clock __VIRTUAL_CLK__ (rise edge)
                                  0.000000    0.000000   clock network delay (ideal)
                                  2.000000    2.000000 v input external delay
     4    0.015723    0.036818    0.025308    2.025308 v B[25] (in)
                                                         B[25] (net)
                      0.036818    0.000000    2.025308 v _0923_/A1 (sky130_fd_sc_hd__o21a_2)
     3    0.009968    0.042881    0.223784    2.249092 v _0923_/X (sky130_fd_sc_hd__o21a_2)
                                                         _0098_ (net)
                      0.042881    0.000040    2.249132 v _1579_/B (sky130_fd_sc_hd__nand3_2)
     1    0.003199    0.041260    0.061865    2.310997 ^ _1579_/Y (sky130_fd_sc_hd__nand3_2)
                                                         _0728_ (net)
                      0.041260    0.000009    2.311006 ^ _1593_/A2 (sky130_fd_sc_hd__a31o_2)
     2    0.036934    0.209912    0.275141    2.586147 ^ _1593_/X (sky130_fd_sc_hd__a31o_2)
                                                         result[26] (net)
                      0.209913    0.000399    2.586546 ^ result[26] (out)
                                              2.586546   data arrival time

                      0.000000    0.000000    0.000000   clock __VIRTUAL_CLK__ (rise edge)
                                  0.000000    0.000000   clock network delay (ideal)
                                  0.250000    0.250000   clock uncertainty
                                  0.000000    0.250000   clock reconvergence pessimism
                                 -2.000000   -1.750000   output external delay
                                             -1.750000   data required time
---------------------------------------------------------------------------------------------
                                             -1.750000   data required time
                                             -2.586546   data arrival time
---------------------------------------------------------------------------------------------
                                              4.336546   slack (MET)


Startpoint: B[12] (input port clocked by __VIRTUAL_CLK__)
Endpoint: result[12] (output port clocked by __VIRTUAL_CLK__)
Path Group: __VIRTUAL_CLK__
Path Type: min

Fanout         Cap        Slew       Delay        Time   Description
---------------------------------------------------------------------------------------------
                      0.000000    0.000000    0.000000   clock __VIRTUAL_CLK__ (rise edge)
                                  0.000000    0.000000   clock network delay (ideal)
                                  2.000000    2.000000 ^ input external delay
     3    0.009283    0.048217    0.031675    2.031675 ^ B[12] (in)
                                                         B[12] (net)
                      0.048217    0.000000    2.031675 ^ _0993_/A (sky130_fd_sc_hd__or2_2)
     2    0.007363    0.051274    0.114572    2.146247 ^ _0993_/X (sky130_fd_sc_hd__or2_2)
                                                         _0168_ (net)
                      0.051274    0.000020    2.146267 ^ _1345_/B1 (sky130_fd_sc_hd__a2bb2o_2)
     1    0.002222    0.029918    0.140388    2.286655 ^ _1345_/X (sky130_fd_sc_hd__a2bb2o_2)
                                                         _0508_ (net)
                      0.029918    0.000006    2.286661 ^ _1347_/B (sky130_fd_sc_hd__or3_2)
     1    0.002261    0.025986    0.090520    2.377182 ^ _1347_/X (sky130_fd_sc_hd__or3_2)
                                                         _0510_ (net)
                      0.025986    0.000007    2.377188 ^ _1348_/C (sky130_fd_sc_hd__or3_2)
     2    0.039324    0.196578    0.216146    2.593334 ^ _1348_/X (sky130_fd_sc_hd__or3_2)
                                                         result[12] (net)
                      0.196578    0.000730    2.594064 ^ result[12] (out)
                                              2.594064   data arrival time

                      0.000000    0.000000    0.000000   clock __VIRTUAL_CLK__ (rise edge)
                                  0.000000    0.000000   clock network delay (ideal)
                                  0.250000    0.250000   clock uncertainty
                                  0.000000    0.250000   clock reconvergence pessimism
                                 -2.000000   -1.750000   output external delay
                                             -1.750000   data required time
---------------------------------------------------------------------------------------------
                                             -1.750000   data required time
                                             -2.594064   data arrival time
---------------------------------------------------------------------------------------------
                                              4.344064   slack (MET)


Startpoint: B[6] (input port clocked by __VIRTUAL_CLK__)
Endpoint: result[6] (output port clocked by __VIRTUAL_CLK__)
Path Group: __VIRTUAL_CLK__
Path Type: min

Fanout         Cap        Slew       Delay        Time   Description
---------------------------------------------------------------------------------------------
                      0.000000    0.000000    0.000000   clock __VIRTUAL_CLK__ (rise edge)
                                  0.000000    0.000000   clock network delay (ideal)
                                  2.000000    2.000000 ^ input external delay
     4    0.020049    0.095887    0.065690    2.065690 ^ B[6] (in)
                                                         B[6] (net)
                      0.095888    0.000000    2.065690 ^ _0981_/A (sky130_fd_sc_hd__xor2_2)
     7    0.030838    0.093537    0.155326    2.221016 v _0981_/X (sky130_fd_sc_hd__xor2_2)
                                                         _0156_ (net)
                      0.093537    0.000059    2.221075 v _1213_/A (sky130_fd_sc_hd__xnor2_2)
     1    0.002701    0.034283    0.151518    2.372593 ^ _1213_/Y (sky130_fd_sc_hd__xnor2_2)
                                                         _0382_ (net)
                      0.034283    0.000003    2.372596 ^ _1231_/A2 (sky130_fd_sc_hd__a21o_2)
     2    0.039070    0.195692    0.235698    2.608294 ^ _1231_/X (sky130_fd_sc_hd__a21o_2)
                                                         result[6] (net)
                      0.195696    0.000742    2.609035 ^ result[6] (out)
                                              2.609035   data arrival time

                      0.000000    0.000000    0.000000   clock __VIRTUAL_CLK__ (rise edge)
                                  0.000000    0.000000   clock network delay (ideal)
                                  0.250000    0.250000   clock uncertainty
                                  0.000000    0.250000   clock reconvergence pessimism
                                 -2.000000   -1.750000   output external delay
                                             -1.750000   data required time
---------------------------------------------------------------------------------------------
                                             -1.750000   data required time
                                             -2.609035   data arrival time
---------------------------------------------------------------------------------------------
                                              4.359035   slack (MET)


Startpoint: B[5] (input port clocked by __VIRTUAL_CLK__)
Endpoint: result[5] (output port clocked by __VIRTUAL_CLK__)
Path Group: __VIRTUAL_CLK__
Path Type: min

Fanout         Cap        Slew       Delay        Time   Description
---------------------------------------------------------------------------------------------
                      0.000000    0.000000    0.000000   clock __VIRTUAL_CLK__ (rise edge)
                                  0.000000    0.000000   clock network delay (ideal)
                                  2.000000    2.000000 ^ input external delay
     4    0.022057    0.104821    0.071965    2.071965 ^ B[5] (in)
                                                         B[5] (net)
                      0.104822    0.000000    2.071965 ^ _0951_/A (sky130_fd_sc_hd__nand2_2)
     4    0.010410    0.058581    0.077259    2.149225 v _0951_/Y (sky130_fd_sc_hd__nand2_2)
                                                         _0126_ (net)
                      0.058581    0.000038    2.149263 v _1202_/B1 (sky130_fd_sc_hd__o22a_2)
     1    0.004500    0.040968    0.205559    2.354821 v _1202_/X (sky130_fd_sc_hd__o22a_2)
                                                         _0372_ (net)
                      0.040968    0.000005    2.354826 v _1204_/A (sky130_fd_sc_hd__nand2_2)
     1    0.003056    0.029254    0.046289    2.401115 ^ _1204_/Y (sky130_fd_sc_hd__nand2_2)
                                                         _0374_ (net)
                      0.029254    0.000014    2.401129 ^ _1210_/A (sky130_fd_sc_hd__or3_2)
     2    0.036273    0.182013    0.211636    2.612765 ^ _1210_/X (sky130_fd_sc_hd__or3_2)
                                                         result[5] (net)
                      0.182013    0.000188    2.612954 ^ result[5] (out)
                                              2.612954   data arrival time

                      0.000000    0.000000    0.000000   clock __VIRTUAL_CLK__ (rise edge)
                                  0.000000    0.000000   clock network delay (ideal)
                                  0.250000    0.250000   clock uncertainty
                                  0.000000    0.250000   clock reconvergence pessimism
                                 -2.000000   -1.750000   output external delay
                                             -1.750000   data required time
---------------------------------------------------------------------------------------------
                                             -1.750000   data required time
                                             -2.612954   data arrival time
---------------------------------------------------------------------------------------------
                                              4.362954   slack (MET)


Startpoint: A[9] (input port clocked by __VIRTUAL_CLK__)
Endpoint: result[10] (output port clocked by __VIRTUAL_CLK__)
Path Group: __VIRTUAL_CLK__
Path Type: min

Fanout         Cap        Slew       Delay        Time   Description
---------------------------------------------------------------------------------------------
                      0.000000    0.000000    0.000000   clock __VIRTUAL_CLK__ (rise edge)
                                  0.000000    0.000000   clock network delay (ideal)
                                  2.000000    2.000000 v input external delay
    11    0.030511    0.068748    0.048691    2.048691 v A[9] (in)
                                                         A[9] (net)
                      0.068749    0.000000    2.048691 v _1019_/B (sky130_fd_sc_hd__nand2b_2)
     1    0.004729    0.043829    0.074591    2.123282 ^ _1019_/Y (sky130_fd_sc_hd__nand2b_2)
                                                         _0194_ (net)
                      0.043829    0.000006    2.123288 ^ _1021_/B1 (sky130_fd_sc_hd__o21ai_2)
     3    0.012442    0.058719    0.069828    2.193116 v _1021_/Y (sky130_fd_sc_hd__o21ai_2)
                                                         _0196_ (net)
                      0.058719    0.000042    2.193159 v _1022_/A (sky130_fd_sc_hd__inv_2)
     1    0.002544    0.025177    0.044440    2.237598 ^ _1022_/Y (sky130_fd_sc_hd__inv_2)
                                                         _0197_ (net)
                      0.025177    0.000001    2.237599 ^ _1292_/A1 (sky130_fd_sc_hd__a21bo_2)
     2    0.004760    0.040335    0.113364    2.350963 ^ _1292_/X (sky130_fd_sc_hd__a21bo_2)
                                                         _0457_ (net)
                      0.040335    0.000000    2.350964 ^ _1307_/A2 (sky130_fd_sc_hd__a31o_2)
     2    0.039486    0.223778    0.284381    2.635345 ^ _1307_/X (sky130_fd_sc_hd__a31o_2)
                                                         result[10] (net)
                      0.223779    0.000385    2.635730 ^ result[10] (out)
                                              2.635730   data arrival time

                      0.000000    0.000000    0.000000   clock __VIRTUAL_CLK__ (rise edge)
                                  0.000000    0.000000   clock network delay (ideal)
                                  0.250000    0.250000   clock uncertainty
                                  0.000000    0.250000   clock reconvergence pessimism
                                 -2.000000   -1.750000   output external delay
                                             -1.750000   data required time
---------------------------------------------------------------------------------------------
                                             -1.750000   data required time
                                             -2.635730   data arrival time
---------------------------------------------------------------------------------------------
                                              4.385730   slack (MET)


Startpoint: B[15] (input port clocked by __VIRTUAL_CLK__)
Endpoint: result[15] (output port clocked by __VIRTUAL_CLK__)
Path Group: __VIRTUAL_CLK__
Path Type: min

Fanout         Cap        Slew       Delay        Time   Description
---------------------------------------------------------------------------------------------
                      0.000000    0.000000    0.000000   clock __VIRTUAL_CLK__ (rise edge)
                                  0.000000    0.000000   clock network delay (ideal)
                                  2.000000    2.000000 v input external delay
     3    0.011843    0.028551    0.019222    2.019222 v B[15] (in)
                                                         B[15] (net)
                      0.028553    0.000000    2.019222 v _1000_/A (sky130_fd_sc_hd__nor2_2)
     4    0.012299    0.153943    0.156358    2.175581 ^ _1000_/Y (sky130_fd_sc_hd__nor2_2)
                                                         _0175_ (net)
                      0.153943    0.000064    2.175645 ^ _1002_/A (sky130_fd_sc_hd__nor2_2)
     6    0.023209    0.061197    0.106123    2.281768 v _1002_/Y (sky130_fd_sc_hd__nor2_2)
                                                         _0177_ (net)
                      0.061197    0.000235    2.282003 v _1388_/A (sky130_fd_sc_hd__xnor2_2)
     1    0.002802    0.034506    0.139820    2.421823 ^ _1388_/Y (sky130_fd_sc_hd__xnor2_2)
                                                         _0548_ (net)
                      0.034506    0.000006    2.421829 ^ _1402_/A2 (sky130_fd_sc_hd__a21o_2)
     2    0.039933    0.199918    0.238466    2.660295 ^ _1402_/X (sky130_fd_sc_hd__a21o_2)
                                                         result[15] (net)
                      0.199926    0.001022    2.661317 ^ result[15] (out)
                                              2.661317   data arrival time

                      0.000000    0.000000    0.000000   clock __VIRTUAL_CLK__ (rise edge)
                                  0.000000    0.000000   clock network delay (ideal)
                                  0.250000    0.250000   clock uncertainty
                                  0.000000    0.250000   clock reconvergence pessimism
                                 -2.000000   -1.750000   output external delay
                                             -1.750000   data required time
---------------------------------------------------------------------------------------------
                                             -1.750000   data required time
                                             -2.661317   data arrival time
---------------------------------------------------------------------------------------------
                                              4.411317   slack (MET)


Startpoint: control[2] (input port clocked by __VIRTUAL_CLK__)
Endpoint: zero (output port clocked by __VIRTUAL_CLK__)
Path Group: __VIRTUAL_CLK__
Path Type: min

Fanout         Cap        Slew       Delay        Time   Description
---------------------------------------------------------------------------------------------
                      0.000000    0.000000    0.000000   clock __VIRTUAL_CLK__ (rise edge)
                                  0.000000    0.000000   clock network delay (ideal)
                                  2.000000    2.000000 v input external delay
     7    0.019867    0.045744    0.031975    2.031975 v control[2] (in)
                                                         control[2] (net)
                      0.045746    0.000000    2.031975 v _0837_/A (sky130_fd_sc_hd__inv_2)
     5    0.013372    0.067621    0.074474    2.106449 ^ _0837_/Y (sky130_fd_sc_hd__inv_2)
                                                         _0012_ (net)
                      0.067621    0.000021    2.106470 ^ _1068_/A1 (sky130_fd_sc_hd__a31o_2)
     2    0.041409    0.234371    0.293245    2.399715 ^ _1068_/X (sky130_fd_sc_hd__a31o_2)
                                                         result[0] (net)
                      0.234372    0.000420    2.400135 ^ _1678_/A (sky130_fd_sc_hd__or4_2)
     1    0.004897    0.038987    0.175995    2.576130 ^ _1678_/X (sky130_fd_sc_hd__or4_2)
                                                         _0821_ (net)
                      0.038987    0.000005    2.576135 ^ _1682_/C (sky130_fd_sc_hd__nor4_2)
     1    0.034612    0.084216    0.091181    2.667316 v _1682_/Y (sky130_fd_sc_hd__nor4_2)
                                                         zero (net)
                      0.084241    0.000267    2.667583 v zero (out)
                                              2.667583   data arrival time

                      0.000000    0.000000    0.000000   clock __VIRTUAL_CLK__ (rise edge)
                                  0.000000    0.000000   clock network delay (ideal)
                                  0.250000    0.250000   clock uncertainty
                                  0.000000    0.250000   clock reconvergence pessimism
                                 -2.000000   -1.750000   output external delay
                                             -1.750000   data required time
---------------------------------------------------------------------------------------------
                                             -1.750000   data required time
                                             -2.667583   data arrival time
---------------------------------------------------------------------------------------------
                                              4.417583   slack (MET)


Startpoint: B[16] (input port clocked by __VIRTUAL_CLK__)
Endpoint: result[16] (output port clocked by __VIRTUAL_CLK__)
Path Group: __VIRTUAL_CLK__
Path Type: min

Fanout         Cap        Slew       Delay        Time   Description
---------------------------------------------------------------------------------------------
                      0.000000    0.000000    0.000000   clock __VIRTUAL_CLK__ (rise edge)
                                  0.000000    0.000000   clock network delay (ideal)
                                  2.000000    2.000000 v input external delay
     3    0.011741    0.028298    0.019009    2.019009 v B[16] (in)
                                                         B[16] (net)
                      0.028298    0.000000    2.019009 v _1036_/A (sky130_fd_sc_hd__nand2_2)
     6    0.029302    0.156542    0.133841    2.152850 ^ _1036_/Y (sky130_fd_sc_hd__nand2_2)
                                                         _0211_ (net)
                      0.156542    0.000079    2.152930 ^ _1039_/A (sky130_fd_sc_hd__nand2_2)
     4    0.016176    0.071518    0.108334    2.261263 v _1039_/Y (sky130_fd_sc_hd__nand2_2)
                                                         _0214_ (net)
                      0.071518    0.000042    2.261306 v _1412_/A1 (sky130_fd_sc_hd__a311oi_2)
     1    0.001880    0.113537    0.181267    2.442573 ^ _1412_/Y (sky130_fd_sc_hd__a311oi_2)
                                                         _0571_ (net)
                      0.113537    0.000002    2.442575 ^ _1425_/B (sky130_fd_sc_hd__or3b_2)
     2    0.038600    0.221726    0.264715    2.707290 ^ _1425_/X (sky130_fd_sc_hd__or3b_2)
                                                         result[16] (net)
                      0.221726    0.000532    2.707822 ^ result[16] (out)
                                              2.707822   data arrival time

                      0.000000    0.000000    0.000000   clock __VIRTUAL_CLK__ (rise edge)
                                  0.000000    0.000000   clock network delay (ideal)
                                  0.250000    0.250000   clock uncertainty
                                  0.000000    0.250000   clock reconvergence pessimism
                                 -2.000000   -1.750000   output external delay
                                             -1.750000   data required time
---------------------------------------------------------------------------------------------
                                             -1.750000   data required time
                                             -2.707822   data arrival time
---------------------------------------------------------------------------------------------
                                              4.457822   slack (MET)



%OL_END_REPORT
%OL_CREATE_REPORT max.rpt

===========================================================================
report_checks -path_delay max (Setup)
============================================================================
======================= nom_tt_025C_1v80 Corner ===================================

Startpoint: B[0] (input port clocked by __VIRTUAL_CLK__)
Endpoint: zero (output port clocked by __VIRTUAL_CLK__)
Path Group: __VIRTUAL_CLK__
Path Type: max

Fanout         Cap        Slew       Delay        Time   Description
---------------------------------------------------------------------------------------------
                      0.000000    0.000000    0.000000   clock __VIRTUAL_CLK__ (rise edge)
                                  0.000000    0.000000   clock network delay (ideal)
                                  2.000000    2.000000 ^ input external delay
    73    0.377090    1.681016    1.158316    3.158316 ^ B[0] (in)
                                                         B[0] (net)
                      1.681153    0.000000    3.158316 ^ _1076_/S (sky130_fd_sc_hd__mux2_1)
     4    0.008561    0.087234    0.433491    3.591807 v _1076_/X (sky130_fd_sc_hd__mux2_1)
                                                         _0250_ (net)
                      0.087234    0.000046    3.591853 v _1083_/A0 (sky130_fd_sc_hd__mux2_1)
     3    0.008292    0.083148    0.329960    3.921813 v _1083_/X (sky130_fd_sc_hd__mux2_1)
                                                         _0257_ (net)
                      0.083148    0.000044    3.921857 v _1084_/A1 (sky130_fd_sc_hd__mux2_1)
     2    0.006768    0.076811    0.328859    4.250716 v _1084_/X (sky130_fd_sc_hd__mux2_1)
                                                         _0258_ (net)
                      0.076811    0.000008    4.250724 v _1085_/A1 (sky130_fd_sc_hd__mux2_1)
     1    0.002204    0.053147    0.292510    4.543235 v _1085_/X (sky130_fd_sc_hd__mux2_1)
                                                         _0259_ (net)
                      0.053147    0.000000    4.543235 v _1086_/B2 (sky130_fd_sc_hd__a22o_2)
     2    0.009436    0.056172    0.247070    4.790306 v _1086_/X (sky130_fd_sc_hd__a22o_2)
                                                         _0260_ (net)
                      0.056172    0.000096    4.790402 v _1435_/A1 (sky130_fd_sc_hd__o21a_2)
     1    0.006090    0.041584    0.218974    5.009376 v _1435_/X (sky130_fd_sc_hd__o21a_2)
                                                         _0593_ (net)
                      0.041584    0.000082    5.009458 v _1438_/B (sky130_fd_sc_hd__or4_2)
     1    0.003226    0.099940    0.636308    5.645765 v _1438_/X (sky130_fd_sc_hd__or4_2)
                                                         _0596_ (net)
                      0.099940    0.000018    5.645783 v _1445_/B (sky130_fd_sc_hd__or3_2)
     2    0.038732    0.171835    0.604685    6.250468 v _1445_/X (sky130_fd_sc_hd__or3_2)
                                                         result[17] (net)
                      0.171835    0.000074    6.250542 v _1669_/D (sky130_fd_sc_hd__or4_2)
     1    0.006595    0.114619    0.598444    6.848986 v _1669_/X (sky130_fd_sc_hd__or4_2)
                                                         _0812_ (net)
                      0.114619    0.000086    6.849072 v _1674_/A (sky130_fd_sc_hd__or4_2)
     1    0.012930    0.140450    0.742566    7.591638 v _1674_/X (sky130_fd_sc_hd__or4_2)
                                                         _0817_ (net)
                      0.140450    0.000512    7.592150 v _1677_/B (sky130_fd_sc_hd__or4_2)
     1    0.001631    0.092219    0.650168    8.242318 v _1677_/X (sky130_fd_sc_hd__or4_2)
                                                         _0820_ (net)
                      0.092219    0.000003    8.242321 v _1678_/D (sky130_fd_sc_hd__or4_2)
     1    0.004221    0.107131    0.556250    8.798571 v _1678_/X (sky130_fd_sc_hd__or4_2)
                                                         _0821_ (net)
                      0.107131    0.000004    8.798575 v _1682_/C (sky130_fd_sc_hd__nor4_2)
     1    0.034612    0.848381    0.715237    9.513812 ^ _1682_/Y (sky130_fd_sc_hd__nor4_2)
                                                         zero (net)
                      0.848381    0.000267    9.514080 ^ zero (out)
                                              9.514080   data arrival time

                      0.000000   10.000000   10.000000   clock __VIRTUAL_CLK__ (rise edge)
                                  0.000000   10.000000   clock network delay (ideal)
                                 -0.250000    9.750000   clock uncertainty
                                  0.000000    9.750000   clock reconvergence pessimism
                                 -2.000000    7.750000   output external delay
                                              7.750000   data required time
---------------------------------------------------------------------------------------------
                                              7.750000   data required time
                                             -9.514080   data arrival time
---------------------------------------------------------------------------------------------
                                             -1.764080   slack (VIOLATED)


Startpoint: B[0] (input port clocked by __VIRTUAL_CLK__)
Endpoint: result[31] (output port clocked by __VIRTUAL_CLK__)
Path Group: __VIRTUAL_CLK__
Path Type: max

Fanout         Cap        Slew       Delay        Time   Description
---------------------------------------------------------------------------------------------
                      0.000000    0.000000    0.000000   clock __VIRTUAL_CLK__ (rise edge)
                                  0.000000    0.000000   clock network delay (ideal)
                                  2.000000    2.000000 ^ input external delay
    73    0.377090    1.681016    1.155237    3.155237 ^ B[0] (in)
                                                         B[0] (net)
                      1.681094    0.000000    3.155237 ^ _0867_/A (sky130_fd_sc_hd__nand2_2)
     5    0.014452    0.298171    0.200680    3.355917 v _0867_/Y (sky130_fd_sc_hd__nand2_2)
                                                         _0042_ (net)
                      0.298171    0.000014    3.355932 v _1129_/A1 (sky130_fd_sc_hd__o21a_2)
     4    0.013537    0.058765    0.330464    3.686396 v _1129_/X (sky130_fd_sc_hd__o21a_2)
                                                         _0302_ (net)
                      0.058765    0.000098    3.686494 v _1171_/A2 (sky130_fd_sc_hd__o211a_2)
     3    0.011002    0.060591    0.268156    3.954650 v _1171_/X (sky130_fd_sc_hd__o211a_2)
                                                         _0342_ (net)
                      0.060591    0.000140    3.954790 v _1257_/A2 (sky130_fd_sc_hd__o31a_2)
     5    0.020318    0.091179    0.381833    4.336623 v _1257_/X (sky130_fd_sc_hd__o31a_2)
                                                         _0424_ (net)
                      0.091179    0.000384    4.337007 v _1407_/A2 (sky130_fd_sc_hd__a211o_2)
     5    0.021156    0.092459    0.404167    4.741174 v _1407_/X (sky130_fd_sc_hd__a211o_2)
                                                         _0566_ (net)
                      0.092459    0.000434    4.741608 v _1549_/A1 (sky130_fd_sc_hd__a211o_2)
     4    0.017313    0.083578    0.356924    5.098532 v _1549_/X (sky130_fd_sc_hd__a211o_2)
                                                         _0700_ (net)
                      0.083579    0.000433    5.098965 v _1618_/A1 (sky130_fd_sc_hd__a211oi_2)
     2    0.009254    0.236703    0.254860    5.353825 ^ _1618_/Y (sky130_fd_sc_hd__a211oi_2)
                                                         _0765_ (net)
                      0.236703    0.000099    5.353923 ^ _1622_/A1 (sky130_fd_sc_hd__o31ai_2)
     5    0.011593    0.107812    0.141669    5.495593 v _1622_/Y (sky130_fd_sc_hd__o31ai_2)
                                                         _0769_ (net)
                      0.107812    0.000057    5.495649 v _1651_/A3 (sky130_fd_sc_hd__a311o_2)
     3    0.010210    0.074470    0.435293    5.930942 v _1651_/X (sky130_fd_sc_hd__a311o_2)
                                                         _0796_ (net)
                      0.074470    0.000033    5.930975 v _1655_/A2 (sky130_fd_sc_hd__a21bo_2)
     1    0.001470    0.031088    0.210303    6.141278 v _1655_/X (sky130_fd_sc_hd__a21bo_2)
                                                         _0799_ (net)
                      0.031088    0.000000    6.141278 v _1656_/C (sky130_fd_sc_hd__and3_2)
     1    0.003732    0.039816    0.199703    6.340981 v _1656_/X (sky130_fd_sc_hd__and3_2)
                                                         _0800_ (net)
                      0.039816    0.000026    6.341007 v _1668_/A (sky130_fd_sc_hd__or4_2)
     2    0.039298    0.209337    0.826781    7.167788 v _1668_/X (sky130_fd_sc_hd__or4_2)
                                                         result[31] (net)
                      0.209337    0.000449    7.168236 v result[31] (out)
                                              7.168236   data arrival time

                      0.000000   10.000000   10.000000   clock __VIRTUAL_CLK__ (rise edge)
                                  0.000000   10.000000   clock network delay (ideal)
                                 -0.250000    9.750000   clock uncertainty
                                  0.000000    9.750000   clock reconvergence pessimism
                                 -2.000000    7.750000   output external delay
                                              7.750000   data required time
---------------------------------------------------------------------------------------------
                                              7.750000   data required time
                                             -7.168236   data arrival time
---------------------------------------------------------------------------------------------
                                              0.581764   slack (MET)


Startpoint: B[0] (input port clocked by __VIRTUAL_CLK__)
Endpoint: result[30] (output port clocked by __VIRTUAL_CLK__)
Path Group: __VIRTUAL_CLK__
Path Type: max

Fanout         Cap        Slew       Delay        Time   Description
---------------------------------------------------------------------------------------------
                      0.000000    0.000000    0.000000   clock __VIRTUAL_CLK__ (rise edge)
                                  0.000000    0.000000   clock network delay (ideal)
                                  2.000000    2.000000 ^ input external delay
    73    0.377090    1.681016    1.155237    3.155237 ^ B[0] (in)
                                                         B[0] (net)
                      1.681094    0.000000    3.155237 ^ _0867_/A (sky130_fd_sc_hd__nand2_2)
     5    0.014452    0.298171    0.200680    3.355917 v _0867_/Y (sky130_fd_sc_hd__nand2_2)
                                                         _0042_ (net)
                      0.298171    0.000014    3.355932 v _1129_/A1 (sky130_fd_sc_hd__o21a_2)
     4    0.013537    0.058765    0.330464    3.686396 v _1129_/X (sky130_fd_sc_hd__o21a_2)
                                                         _0302_ (net)
                      0.058765    0.000098    3.686494 v _1171_/A2 (sky130_fd_sc_hd__o211a_2)
     3    0.011002    0.060591    0.268156    3.954650 v _1171_/X (sky130_fd_sc_hd__o211a_2)
                                                         _0342_ (net)
                      0.060591    0.000140    3.954790 v _1257_/A2 (sky130_fd_sc_hd__o31a_2)
     5    0.020318    0.091179    0.381833    4.336623 v _1257_/X (sky130_fd_sc_hd__o31a_2)
                                                         _0424_ (net)
                      0.091179    0.000384    4.337007 v _1407_/A2 (sky130_fd_sc_hd__a211o_2)
     5    0.021156    0.092459    0.404167    4.741174 v _1407_/X (sky130_fd_sc_hd__a211o_2)
                                                         _0566_ (net)
                      0.092459    0.000434    4.741608 v _1549_/A1 (sky130_fd_sc_hd__a211o_2)
     4    0.017313    0.083578    0.356924    5.098532 v _1549_/X (sky130_fd_sc_hd__a211o_2)
                                                         _0700_ (net)
                      0.083579    0.000433    5.098965 v _1618_/A1 (sky130_fd_sc_hd__a211oi_2)
     2    0.009254    0.236703    0.254860    5.353825 ^ _1618_/Y (sky130_fd_sc_hd__a211oi_2)
                                                         _0765_ (net)
                      0.236703    0.000099    5.353923 ^ _1622_/A1 (sky130_fd_sc_hd__o31ai_2)
     5    0.011593    0.107812    0.141669    5.495593 v _1622_/Y (sky130_fd_sc_hd__o31ai_2)
                                                         _0769_ (net)
                      0.107812    0.000057    5.495649 v _1651_/A3 (sky130_fd_sc_hd__a311o_2)
     3    0.010210    0.074470    0.435293    5.930942 v _1651_/X (sky130_fd_sc_hd__a311o_2)
                                                         _0796_ (net)
                      0.074470    0.000013    5.930955 v _1653_/A1 (sky130_fd_sc_hd__a211o_2)
     2    0.040562    0.131430    0.408594    6.339549 v _1653_/X (sky130_fd_sc_hd__a211o_2)
                                                         result[30] (net)
                      0.131430    0.000526    6.340075 v result[30] (out)
                                              6.340075   data arrival time

                      0.000000   10.000000   10.000000   clock __VIRTUAL_CLK__ (rise edge)
                                  0.000000   10.000000   clock network delay (ideal)
                                 -0.250000    9.750000   clock uncertainty
                                  0.000000    9.750000   clock reconvergence pessimism
                                 -2.000000    7.750000   output external delay
                                              7.750000   data required time
---------------------------------------------------------------------------------------------
                                              7.750000   data required time
                                             -6.340075   data arrival time
---------------------------------------------------------------------------------------------
                                              1.409925   slack (MET)


Startpoint: B[0] (input port clocked by __VIRTUAL_CLK__)
Endpoint: result[28] (output port clocked by __VIRTUAL_CLK__)
Path Group: __VIRTUAL_CLK__
Path Type: max

Fanout         Cap        Slew       Delay        Time   Description
---------------------------------------------------------------------------------------------
                      0.000000    0.000000    0.000000   clock __VIRTUAL_CLK__ (rise edge)
                                  0.000000    0.000000   clock network delay (ideal)
                                  2.000000    2.000000 ^ input external delay
    73    0.377090    1.681016    1.155237    3.155237 ^ B[0] (in)
                                                         B[0] (net)
                      1.681094    0.000000    3.155237 ^ _0867_/A (sky130_fd_sc_hd__nand2_2)
     5    0.014452    0.298171    0.200680    3.355917 v _0867_/Y (sky130_fd_sc_hd__nand2_2)
                                                         _0042_ (net)
                      0.298171    0.000014    3.355932 v _1129_/A1 (sky130_fd_sc_hd__o21a_2)
     4    0.013537    0.058765    0.330464    3.686396 v _1129_/X (sky130_fd_sc_hd__o21a_2)
                                                         _0302_ (net)
                      0.058765    0.000098    3.686494 v _1171_/A2 (sky130_fd_sc_hd__o211a_2)
     3    0.011002    0.060591    0.268156    3.954650 v _1171_/X (sky130_fd_sc_hd__o211a_2)
                                                         _0342_ (net)
                      0.060591    0.000140    3.954790 v _1257_/A2 (sky130_fd_sc_hd__o31a_2)
     5    0.020318    0.091179    0.381833    4.336623 v _1257_/X (sky130_fd_sc_hd__o31a_2)
                                                         _0424_ (net)
                      0.091179    0.000384    4.337007 v _1407_/A2 (sky130_fd_sc_hd__a211o_2)
     5    0.021156    0.092459    0.404167    4.741174 v _1407_/X (sky130_fd_sc_hd__a211o_2)
                                                         _0566_ (net)
                      0.092459    0.000434    4.741608 v _1549_/A1 (sky130_fd_sc_hd__a211o_2)
     4    0.017313    0.083578    0.356924    5.098532 v _1549_/X (sky130_fd_sc_hd__a211o_2)
                                                         _0700_ (net)
                      0.083579    0.000433    5.098965 v _1618_/A1 (sky130_fd_sc_hd__a211oi_2)
     2    0.009254    0.236703    0.254860    5.353825 ^ _1618_/Y (sky130_fd_sc_hd__a211oi_2)
                                                         _0765_ (net)
                      0.236703    0.000099    5.353923 ^ _1622_/A1 (sky130_fd_sc_hd__o31ai_2)
     5    0.011593    0.107812    0.141669    5.495593 v _1622_/Y (sky130_fd_sc_hd__o31ai_2)
                                                         _0769_ (net)
                      0.107812    0.000007    5.495600 v _1623_/C (sky130_fd_sc_hd__and3_2)
     1    0.002796    0.037005    0.229297    5.724897 v _1623_/X (sky130_fd_sc_hd__and3_2)
                                                         _0770_ (net)
                      0.037005    0.000011    5.724907 v _1624_/C1 (sky130_fd_sc_hd__a211o_2)
     1    0.003740    0.049700    0.262010    5.986917 v _1624_/X (sky130_fd_sc_hd__a211o_2)
                                                         _0771_ (net)
                      0.049700    0.000031    5.986948 v _1625_/B1 (sky130_fd_sc_hd__a31o_2)
     2    0.036308    0.109051    0.297817    6.284765 v _1625_/X (sky130_fd_sc_hd__a31o_2)
                                                         result[28] (net)
                      0.109051    0.000323    6.285089 v result[28] (out)
                                              6.285089   data arrival time

                      0.000000   10.000000   10.000000   clock __VIRTUAL_CLK__ (rise edge)
                                  0.000000   10.000000   clock network delay (ideal)
                                 -0.250000    9.750000   clock uncertainty
                                  0.000000    9.750000   clock reconvergence pessimism
                                 -2.000000    7.750000   output external delay
                                              7.750000   data required time
---------------------------------------------------------------------------------------------
                                              7.750000   data required time
                                             -6.285089   data arrival time
---------------------------------------------------------------------------------------------
                                              1.464911   slack (MET)


Startpoint: B[0] (input port clocked by __VIRTUAL_CLK__)
Endpoint: result[17] (output port clocked by __VIRTUAL_CLK__)
Path Group: __VIRTUAL_CLK__
Path Type: max

Fanout         Cap        Slew       Delay        Time   Description
---------------------------------------------------------------------------------------------
                      0.000000    0.000000    0.000000   clock __VIRTUAL_CLK__ (rise edge)
                                  0.000000    0.000000   clock network delay (ideal)
                                  2.000000    2.000000 ^ input external delay
    73    0.377090    1.681016    1.158316    3.158316 ^ B[0] (in)
                                                         B[0] (net)
                      1.681153    0.000000    3.158316 ^ _1076_/S (sky130_fd_sc_hd__mux2_1)
     4    0.008561    0.087234    0.433491    3.591807 v _1076_/X (sky130_fd_sc_hd__mux2_1)
                                                         _0250_ (net)
                      0.087234    0.000046    3.591853 v _1083_/A0 (sky130_fd_sc_hd__mux2_1)
     3    0.008292    0.083148    0.329960    3.921813 v _1083_/X (sky130_fd_sc_hd__mux2_1)
                                                         _0257_ (net)
                      0.083148    0.000044    3.921857 v _1084_/A1 (sky130_fd_sc_hd__mux2_1)
     2    0.006768    0.076811    0.328859    4.250716 v _1084_/X (sky130_fd_sc_hd__mux2_1)
                                                         _0258_ (net)
                      0.076811    0.000008    4.250724 v _1085_/A1 (sky130_fd_sc_hd__mux2_1)
     1    0.002204    0.053147    0.292510    4.543235 v _1085_/X (sky130_fd_sc_hd__mux2_1)
                                                         _0259_ (net)
                      0.053147    0.000000    4.543235 v _1086_/B2 (sky130_fd_sc_hd__a22o_2)
     2    0.009436    0.056172    0.247070    4.790306 v _1086_/X (sky130_fd_sc_hd__a22o_2)
                                                         _0260_ (net)
                      0.056172    0.000096    4.790402 v _1435_/A1 (sky130_fd_sc_hd__o21a_2)
     1    0.006090    0.041584    0.218974    5.009376 v _1435_/X (sky130_fd_sc_hd__o21a_2)
                                                         _0593_ (net)
                      0.041584    0.000082    5.009458 v _1438_/B (sky130_fd_sc_hd__or4_2)
     1    0.003226    0.099940    0.636308    5.645765 v _1438_/X (sky130_fd_sc_hd__or4_2)
                                                         _0596_ (net)
                      0.099940    0.000018    5.645783 v _1445_/B (sky130_fd_sc_hd__or3_2)
     2    0.038732    0.171835    0.604685    6.250468 v _1445_/X (sky130_fd_sc_hd__or3_2)
                                                         result[17] (net)
                      0.171835    0.000360    6.250828 v result[17] (out)
                                              6.250828   data arrival time

                      0.000000   10.000000   10.000000   clock __VIRTUAL_CLK__ (rise edge)
                                  0.000000   10.000000   clock network delay (ideal)
                                 -0.250000    9.750000   clock uncertainty
                                  0.000000    9.750000   clock reconvergence pessimism
                                 -2.000000    7.750000   output external delay
                                              7.750000   data required time
---------------------------------------------------------------------------------------------
                                              7.750000   data required time
                                             -6.250828   data arrival time
---------------------------------------------------------------------------------------------
                                              1.499172   slack (MET)


Startpoint: B[0] (input port clocked by __VIRTUAL_CLK__)
Endpoint: result[26] (output port clocked by __VIRTUAL_CLK__)
Path Group: __VIRTUAL_CLK__
Path Type: max

Fanout         Cap        Slew       Delay        Time   Description
---------------------------------------------------------------------------------------------
                      0.000000    0.000000    0.000000   clock __VIRTUAL_CLK__ (rise edge)
                                  0.000000    0.000000   clock network delay (ideal)
                                  2.000000    2.000000 ^ input external delay
    73    0.377090    1.681016    1.155237    3.155237 ^ B[0] (in)
                                                         B[0] (net)
                      1.681094    0.000000    3.155237 ^ _0867_/A (sky130_fd_sc_hd__nand2_2)
     5    0.014452    0.298171    0.200680    3.355917 v _0867_/Y (sky130_fd_sc_hd__nand2_2)
                                                         _0042_ (net)
                      0.298171    0.000014    3.355932 v _1129_/A1 (sky130_fd_sc_hd__o21a_2)
     4    0.013537    0.058765    0.330464    3.686396 v _1129_/X (sky130_fd_sc_hd__o21a_2)
                                                         _0302_ (net)
                      0.058765    0.000098    3.686494 v _1171_/A2 (sky130_fd_sc_hd__o211a_2)
     3    0.011002    0.060591    0.268156    3.954650 v _1171_/X (sky130_fd_sc_hd__o211a_2)
                                                         _0342_ (net)
                      0.060591    0.000140    3.954790 v _1257_/A2 (sky130_fd_sc_hd__o31a_2)
     5    0.020318    0.091179    0.381833    4.336623 v _1257_/X (sky130_fd_sc_hd__o31a_2)
                                                         _0424_ (net)
                      0.091179    0.000384    4.337007 v _1407_/A2 (sky130_fd_sc_hd__a211o_2)
     5    0.021156    0.092459    0.404167    4.741174 v _1407_/X (sky130_fd_sc_hd__a211o_2)
                                                         _0566_ (net)
                      0.092459    0.000434    4.741608 v _1549_/A1 (sky130_fd_sc_hd__a211o_2)
     4    0.017313    0.083578    0.356924    5.098532 v _1549_/X (sky130_fd_sc_hd__a211o_2)
                                                         _0700_ (net)
                      0.083579    0.000430    5.098962 v _1574_/A1 (sky130_fd_sc_hd__a21o_2)
     3    0.007408    0.044789    0.212729    5.311691 v _1574_/X (sky130_fd_sc_hd__a21o_2)
                                                         _0724_ (net)
                      0.044789    0.000028    5.311719 v _1583_/A2 (sky130_fd_sc_hd__a31o_2)
     3    0.010996    0.056855    0.253535    5.565254 v _1583_/X (sky130_fd_sc_hd__a31o_2)
                                                         _0732_ (net)
                      0.056855    0.000048    5.565302 v _1592_/A3 (sky130_fd_sc_hd__a311o_2)
     1    0.003092    0.053177    0.379992    5.945294 v _1592_/X (sky130_fd_sc_hd__a311o_2)
                                                         _0741_ (net)
                      0.053177    0.000016    5.945311 v _1593_/B1 (sky130_fd_sc_hd__a31o_2)
     2    0.036772    0.110054    0.299690    6.245000 v _1593_/X (sky130_fd_sc_hd__a31o_2)
                                                         result[26] (net)
                      0.110054    0.000398    6.245398 v result[26] (out)
                                              6.245398   data arrival time

                      0.000000   10.000000   10.000000   clock __VIRTUAL_CLK__ (rise edge)
                                  0.000000   10.000000   clock network delay (ideal)
                                 -0.250000    9.750000   clock uncertainty
                                  0.000000    9.750000   clock reconvergence pessimism
                                 -2.000000    7.750000   output external delay
                                              7.750000   data required time
---------------------------------------------------------------------------------------------
                                              7.750000   data required time
                                             -6.245398   data arrival time
---------------------------------------------------------------------------------------------
                                              1.504602   slack (MET)


Startpoint: B[0] (input port clocked by __VIRTUAL_CLK__)
Endpoint: result[23] (output port clocked by __VIRTUAL_CLK__)
Path Group: __VIRTUAL_CLK__
Path Type: max

Fanout         Cap        Slew       Delay        Time   Description
---------------------------------------------------------------------------------------------
                      0.000000    0.000000    0.000000   clock __VIRTUAL_CLK__ (rise edge)
                                  0.000000    0.000000   clock network delay (ideal)
                                  2.000000    2.000000 ^ input external delay
    73    0.377090    1.681016    1.155237    3.155237 ^ B[0] (in)
                                                         B[0] (net)
                      1.681094    0.000000    3.155237 ^ _0867_/A (sky130_fd_sc_hd__nand2_2)
     5    0.014452    0.298171    0.200680    3.355917 v _0867_/Y (sky130_fd_sc_hd__nand2_2)
                                                         _0042_ (net)
                      0.298171    0.000014    3.355932 v _1129_/A1 (sky130_fd_sc_hd__o21a_2)
     4    0.013537    0.058765    0.330464    3.686396 v _1129_/X (sky130_fd_sc_hd__o21a_2)
                                                         _0302_ (net)
                      0.058765    0.000098    3.686494 v _1171_/A2 (sky130_fd_sc_hd__o211a_2)
     3    0.011002    0.060591    0.268156    3.954650 v _1171_/X (sky130_fd_sc_hd__o211a_2)
                                                         _0342_ (net)
                      0.060591    0.000140    3.954790 v _1257_/A2 (sky130_fd_sc_hd__o31a_2)
     5    0.020318    0.091179    0.381833    4.336623 v _1257_/X (sky130_fd_sc_hd__o31a_2)
                                                         _0424_ (net)
                      0.091179    0.000384    4.337007 v _1407_/A2 (sky130_fd_sc_hd__a211o_2)
     5    0.021156    0.092459    0.404167    4.741174 v _1407_/X (sky130_fd_sc_hd__a211o_2)
                                                         _0566_ (net)
                      0.092459    0.000432    4.741606 v _1482_/A1 (sky130_fd_sc_hd__a21o_2)
     3    0.010405    0.052711    0.225935    4.967541 v _1482_/X (sky130_fd_sc_hd__a21o_2)
                                                         _0637_ (net)
                      0.052711    0.000044    4.967586 v _1510_/A2 (sky130_fd_sc_hd__a21o_2)
     3    0.010992    0.054440    0.234707    5.202292 v _1510_/X (sky130_fd_sc_hd__a21o_2)
                                                         _0664_ (net)
                      0.054440    0.000066    5.202358 v _1518_/A1 (sky130_fd_sc_hd__a21o_2)
     3    0.009594    0.050494    0.208040    5.410398 v _1518_/X (sky130_fd_sc_hd__a21o_2)
                                                         _0671_ (net)
                      0.050494    0.000033    5.410431 v _1534_/A2 (sky130_fd_sc_hd__a21o_2)
     1    0.002297    0.032534    0.202237    5.612669 v _1534_/X (sky130_fd_sc_hd__a21o_2)
                                                         _0686_ (net)
                      0.032534    0.000000    5.612669 v _1544_/A3 (sky130_fd_sc_hd__a31o_2)
     1    0.002326    0.036030    0.227795    5.840465 v _1544_/X (sky130_fd_sc_hd__a31o_2)
                                                         _0696_ (net)
                      0.036030    0.000002    5.840466 v _1545_/C1 (sky130_fd_sc_hd__a211o_2)
     2    0.037047    0.126896    0.365751    6.206217 v _1545_/X (sky130_fd_sc_hd__a211o_2)
                                                         result[23] (net)
                      0.126896    0.000284    6.206501 v result[23] (out)
                                              6.206501   data arrival time

                      0.000000   10.000000   10.000000   clock __VIRTUAL_CLK__ (rise edge)
                                  0.000000   10.000000   clock network delay (ideal)
                                 -0.250000    9.750000   clock uncertainty
                                  0.000000    9.750000   clock reconvergence pessimism
                                 -2.000000    7.750000   output external delay
                                              7.750000   data required time
---------------------------------------------------------------------------------------------
                                              7.750000   data required time
                                             -6.206501   data arrival time
---------------------------------------------------------------------------------------------
                                              1.543499   slack (MET)


Startpoint: B[0] (input port clocked by __VIRTUAL_CLK__)
Endpoint: result[18] (output port clocked by __VIRTUAL_CLK__)
Path Group: __VIRTUAL_CLK__
Path Type: max

Fanout         Cap        Slew       Delay        Time   Description
---------------------------------------------------------------------------------------------
                      0.000000    0.000000    0.000000   clock __VIRTUAL_CLK__ (rise edge)
                                  0.000000    0.000000   clock network delay (ideal)
                                  2.000000    2.000000 ^ input external delay
    73    0.377090    1.681016    1.155237    3.155237 ^ B[0] (in)
                                                         B[0] (net)
                      1.681094    0.000000    3.155237 ^ _0867_/A (sky130_fd_sc_hd__nand2_2)
     5    0.014452    0.298171    0.200680    3.355917 v _0867_/Y (sky130_fd_sc_hd__nand2_2)
                                                         _0042_ (net)
                      0.298171    0.000014    3.355932 v _1129_/A1 (sky130_fd_sc_hd__o21a_2)
     4    0.013537    0.058765    0.330464    3.686396 v _1129_/X (sky130_fd_sc_hd__o21a_2)
                                                         _0302_ (net)
                      0.058765    0.000098    3.686494 v _1171_/A2 (sky130_fd_sc_hd__o211a_2)
     3    0.011002    0.060591    0.268156    3.954650 v _1171_/X (sky130_fd_sc_hd__o211a_2)
                                                         _0342_ (net)
                      0.060591    0.000140    3.954790 v _1257_/A2 (sky130_fd_sc_hd__o31a_2)
     5    0.020318    0.091179    0.381833    4.336623 v _1257_/X (sky130_fd_sc_hd__o31a_2)
                                                         _0424_ (net)
                      0.091179    0.000384    4.337007 v _1407_/A2 (sky130_fd_sc_hd__a211o_2)
     5    0.021156    0.092459    0.404167    4.741174 v _1407_/X (sky130_fd_sc_hd__a211o_2)
                                                         _0566_ (net)
                      0.092459    0.000361    4.741536 v _1441_/A1 (sky130_fd_sc_hd__a21o_2)
     3    0.010021    0.051633    0.224706    4.966242 v _1441_/X (sky130_fd_sc_hd__a21o_2)
                                                         _0599_ (net)
                      0.051633    0.000030    4.966271 v _1451_/A1 (sky130_fd_sc_hd__a21bo_2)
     3    0.010772    0.054658    0.214934    5.181206 v _1451_/X (sky130_fd_sc_hd__a21bo_2)
                                                         _0608_ (net)
                      0.054658    0.000019    5.181224 v _1460_/A3 (sky130_fd_sc_hd__a32o_2)
     1    0.001283    0.035287    0.251199    5.432424 v _1460_/X (sky130_fd_sc_hd__a32o_2)
                                                         _0617_ (net)
                      0.035287    0.000000    5.432424 v _1461_/D (sky130_fd_sc_hd__or4_2)
     2    0.039288    0.209339    0.705222    6.137645 v _1461_/X (sky130_fd_sc_hd__or4_2)
                                                         result[18] (net)
                      0.209339    0.000747    6.138392 v result[18] (out)
                                              6.138392   data arrival time

                      0.000000   10.000000   10.000000   clock __VIRTUAL_CLK__ (rise edge)
                                  0.000000   10.000000   clock network delay (ideal)
                                 -0.250000    9.750000   clock uncertainty
                                  0.000000    9.750000   clock reconvergence pessimism
                                 -2.000000    7.750000   output external delay
                                              7.750000   data required time
---------------------------------------------------------------------------------------------
                                              7.750000   data required time
                                             -6.138392   data arrival time
---------------------------------------------------------------------------------------------
                                              1.611608   slack (MET)


Startpoint: B[1] (input port clocked by __VIRTUAL_CLK__)
Endpoint: result[0] (output port clocked by __VIRTUAL_CLK__)
Path Group: __VIRTUAL_CLK__
Path Type: max

Fanout         Cap        Slew       Delay        Time   Description
---------------------------------------------------------------------------------------------
                      0.000000    0.000000    0.000000   clock __VIRTUAL_CLK__ (rise edge)
                                  0.000000    0.000000   clock network delay (ideal)
                                  2.000000    2.000000 ^ input external delay
    48    0.200793    0.898785    0.620817    2.620816 ^ B[1] (in)
                                                         B[1] (net)
                      0.898830    0.000000    2.620816 ^ _0958_/A (sky130_fd_sc_hd__xnor2_2)
     6    0.026271    0.380553    0.272579    2.893395 ^ _0958_/Y (sky130_fd_sc_hd__xnor2_2)
                                                         _0133_ (net)
                      0.380553    0.000067    2.893462 ^ _0960_/A1 (sky130_fd_sc_hd__a21o_2)
     3    0.009847    0.064323    0.212299    3.105761 ^ _0960_/X (sky130_fd_sc_hd__a21o_2)
                                                         _0135_ (net)
                      0.064323    0.000063    3.105824 ^ _0968_/A2 (sky130_fd_sc_hd__a31o_2)
     4    0.027347    0.164656    0.245262    3.351086 ^ _0968_/X (sky130_fd_sc_hd__a31o_2)
                                                         _0143_ (net)
                      0.164657    0.000691    3.351776 ^ _0983_/D_N (sky130_fd_sc_hd__or4b_2)
     5    0.019582    0.158196    0.695414    4.047190 v _0983_/X (sky130_fd_sc_hd__or4b_2)
                                                         _0158_ (net)
                      0.158196    0.000295    4.047485 v _1017_/A1 (sky130_fd_sc_hd__a211o_2)
     4    0.016100    0.081097    0.378531    4.426016 v _1017_/X (sky130_fd_sc_hd__a211o_2)
                                                         _0192_ (net)
                      0.081097    0.000378    4.426394 v _1050_/A1 (sky130_fd_sc_hd__a211o_2)
     5    0.025177    0.102008    0.372915    4.799310 v _1050_/X (sky130_fd_sc_hd__a211o_2)
                                                         _0225_ (net)
                      0.102013    0.000798    4.800107 v _1057_/A1 (sky130_fd_sc_hd__a21oi_2)
     2    0.011508    0.172816    0.201421    5.001528 ^ _1057_/Y (sky130_fd_sc_hd__a21oi_2)
                                                         _0232_ (net)
                      0.172816    0.000056    5.001584 ^ _1064_/A1 (sky130_fd_sc_hd__a21oi_2)
     5    0.018256    0.091369    0.121426    5.123009 v _1064_/Y (sky130_fd_sc_hd__a21oi_2)
                                                         _0239_ (net)
                      0.091369    0.000248    5.123257 v _1065_/A4 (sky130_fd_sc_hd__o41a_2)
     2    0.006253    0.072479    0.397521    5.520778 v _1065_/X (sky130_fd_sc_hd__o41a_2)
                                                         _0240_ (net)
                      0.072479    0.000036    5.520814 v _1067_/B1 (sky130_fd_sc_hd__a2bb2o_2)
     1    0.002424    0.042213    0.258765    5.779579 v _1067_/X (sky130_fd_sc_hd__a2bb2o_2)
                                                         _0242_ (net)
                      0.042213    0.000003    5.779582 v _1068_/A3 (sky130_fd_sc_hd__a31o_2)
     2    0.041247    0.119283    0.332704    6.112285 v _1068_/X (sky130_fd_sc_hd__a31o_2)
                                                         result[0] (net)
                      0.119284    0.000666    6.112951 v result[0] (out)
                                              6.112951   data arrival time

                      0.000000   10.000000   10.000000   clock __VIRTUAL_CLK__ (rise edge)
                                  0.000000   10.000000   clock network delay (ideal)
                                 -0.250000    9.750000   clock uncertainty
                                  0.000000    9.750000   clock reconvergence pessimism
                                 -2.000000    7.750000   output external delay
                                              7.750000   data required time
---------------------------------------------------------------------------------------------
                                              7.750000   data required time
                                             -6.112951   data arrival time
---------------------------------------------------------------------------------------------
                                              1.637049   slack (MET)


Startpoint: B[1] (input port clocked by __VIRTUAL_CLK__)
Endpoint: result[27] (output port clocked by __VIRTUAL_CLK__)
Path Group: __VIRTUAL_CLK__
Path Type: max

Fanout         Cap        Slew       Delay        Time   Description
---------------------------------------------------------------------------------------------
                      0.000000    0.000000    0.000000   clock __VIRTUAL_CLK__ (rise edge)
                                  0.000000    0.000000   clock network delay (ideal)
                                  2.000000    2.000000 ^ input external delay
    48    0.200793    0.898785    0.620817    2.620816 ^ B[1] (in)
                                                         B[1] (net)
                      0.898830    0.000000    2.620816 ^ _0958_/A (sky130_fd_sc_hd__xnor2_2)
     6    0.026271    0.380553    0.272579    2.893395 ^ _0958_/Y (sky130_fd_sc_hd__xnor2_2)
                                                         _0133_ (net)
                      0.380553    0.000067    2.893462 ^ _0960_/A1 (sky130_fd_sc_hd__a21o_2)
     3    0.009847    0.064323    0.212299    3.105761 ^ _0960_/X (sky130_fd_sc_hd__a21o_2)
                                                         _0135_ (net)
                      0.064323    0.000063    3.105824 ^ _0968_/A2 (sky130_fd_sc_hd__a31o_2)
     4    0.027347    0.164656    0.245262    3.351086 ^ _0968_/X (sky130_fd_sc_hd__a31o_2)
                                                         _0143_ (net)
                      0.164657    0.000691    3.351776 ^ _0983_/D_N (sky130_fd_sc_hd__or4b_2)
     5    0.019582    0.158196    0.695414    4.047190 v _0983_/X (sky130_fd_sc_hd__or4b_2)
                                                         _0158_ (net)
                      0.158196    0.000295    4.047485 v _1017_/A1 (sky130_fd_sc_hd__a211o_2)
     4    0.016100    0.081097    0.378531    4.426016 v _1017_/X (sky130_fd_sc_hd__a211o_2)
                                                         _0192_ (net)
                      0.081097    0.000378    4.426394 v _1050_/A1 (sky130_fd_sc_hd__a211o_2)
     5    0.025177    0.102008    0.372915    4.799310 v _1050_/X (sky130_fd_sc_hd__a211o_2)
                                                         _0225_ (net)
                      0.102013    0.000796    4.800106 v _1563_/A1 (sky130_fd_sc_hd__a211o_2)
     3    0.011136    0.070700    0.342413    5.142518 v _1563_/X (sky130_fd_sc_hd__a211o_2)
                                                         _0713_ (net)
                      0.070700    0.000091    5.142610 v _1580_/A2 (sky130_fd_sc_hd__a21o_2)
     3    0.009844    0.051163    0.237989    5.380599 v _1580_/X (sky130_fd_sc_hd__a21o_2)
                                                         _0729_ (net)
                      0.051163    0.000040    5.380638 v _1595_/A2 (sky130_fd_sc_hd__a21o_2)
     1    0.002481    0.033148    0.203407    5.584045 v _1595_/X (sky130_fd_sc_hd__a21o_2)
                                                         _0743_ (net)
                      0.033148    0.000003    5.584048 v _1606_/A3 (sky130_fd_sc_hd__a31o_2)
     1    0.003044    0.037261    0.231723    5.815771 v _1606_/X (sky130_fd_sc_hd__a31o_2)
                                                         _0754_ (net)
                      0.037261    0.000010    5.815781 v _1607_/B1 (sky130_fd_sc_hd__a31o_2)
     2    0.037100    0.110554    0.295338    6.111118 v _1607_/X (sky130_fd_sc_hd__a31o_2)
                                                         result[27] (net)
                      0.110554    0.000433    6.111551 v result[27] (out)
                                              6.111551   data arrival time

                      0.000000   10.000000   10.000000   clock __VIRTUAL_CLK__ (rise edge)
                                  0.000000   10.000000   clock network delay (ideal)
                                 -0.250000    9.750000   clock uncertainty
                                  0.000000    9.750000   clock reconvergence pessimism
                                 -2.000000    7.750000   output external delay
                                              7.750000   data required time
---------------------------------------------------------------------------------------------
                                              7.750000   data required time
                                             -6.111551   data arrival time
---------------------------------------------------------------------------------------------
                                              1.638448   slack (MET)


Startpoint: B[0] (input port clocked by __VIRTUAL_CLK__)
Endpoint: result[29] (output port clocked by __VIRTUAL_CLK__)
Path Group: __VIRTUAL_CLK__
Path Type: max

Fanout         Cap        Slew       Delay        Time   Description
---------------------------------------------------------------------------------------------
                      0.000000    0.000000    0.000000   clock __VIRTUAL_CLK__ (rise edge)
                                  0.000000    0.000000   clock network delay (ideal)
                                  2.000000    2.000000 ^ input external delay
    73    0.377090    1.681016    1.155237    3.155237 ^ B[0] (in)
                                                         B[0] (net)
                      1.681094    0.000000    3.155237 ^ _0867_/A (sky130_fd_sc_hd__nand2_2)
     5    0.014452    0.298171    0.200680    3.355917 v _0867_/Y (sky130_fd_sc_hd__nand2_2)
                                                         _0042_ (net)
                      0.298171    0.000014    3.355932 v _1129_/A1 (sky130_fd_sc_hd__o21a_2)
     4    0.013537    0.058765    0.330464    3.686396 v _1129_/X (sky130_fd_sc_hd__o21a_2)
                                                         _0302_ (net)
                      0.058765    0.000098    3.686494 v _1171_/A2 (sky130_fd_sc_hd__o211a_2)
     3    0.011002    0.060591    0.268156    3.954650 v _1171_/X (sky130_fd_sc_hd__o211a_2)
                                                         _0342_ (net)
                      0.060591    0.000140    3.954790 v _1257_/A2 (sky130_fd_sc_hd__o31a_2)
     5    0.020318    0.091179    0.381833    4.336623 v _1257_/X (sky130_fd_sc_hd__o31a_2)
                                                         _0424_ (net)
                      0.091179    0.000384    4.337007 v _1407_/A2 (sky130_fd_sc_hd__a211o_2)
     5    0.021156    0.092459    0.404167    4.741174 v _1407_/X (sky130_fd_sc_hd__a211o_2)
                                                         _0566_ (net)
                      0.092459    0.000434    4.741608 v _1549_/A1 (sky130_fd_sc_hd__a211o_2)
     4    0.017313    0.083578    0.356924    5.098532 v _1549_/X (sky130_fd_sc_hd__a211o_2)
                                                         _0700_ (net)
                      0.083579    0.000433    5.098965 v _1618_/A1 (sky130_fd_sc_hd__a211oi_2)
     2    0.009254    0.236703    0.254860    5.353825 ^ _1618_/Y (sky130_fd_sc_hd__a211oi_2)
                                                         _0765_ (net)
                      0.236703    0.000099    5.353923 ^ _1622_/A1 (sky130_fd_sc_hd__o31ai_2)
     5    0.011593    0.107812    0.141669    5.495593 v _1622_/Y (sky130_fd_sc_hd__o31ai_2)
                                                         _0769_ (net)
                      0.107812    0.000045    5.495638 v _1636_/A2 (sky130_fd_sc_hd__a21bo_2)
     1    0.002555    0.034449    0.228259    5.723897 v _1636_/X (sky130_fd_sc_hd__a21bo_2)
                                                         _0782_ (net)
                      0.034449    0.000004    5.723901 v _1638_/A3 (sky130_fd_sc_hd__a31o_2)
     2    0.043533    0.123809    0.333565    6.057466 v _1638_/X (sky130_fd_sc_hd__a31o_2)
                                                         result[29] (net)
                      0.123809    0.000441    6.057907 v result[29] (out)
                                              6.057907   data arrival time

                      0.000000   10.000000   10.000000   clock __VIRTUAL_CLK__ (rise edge)
                                  0.000000   10.000000   clock network delay (ideal)
                                 -0.250000    9.750000   clock uncertainty
                                  0.000000    9.750000   clock reconvergence pessimism
                                 -2.000000    7.750000   output external delay
                                              7.750000   data required time
---------------------------------------------------------------------------------------------
                                              7.750000   data required time
                                             -6.057907   data arrival time
---------------------------------------------------------------------------------------------
                                              1.692093   slack (MET)


Startpoint: B[0] (input port clocked by __VIRTUAL_CLK__)
Endpoint: result[21] (output port clocked by __VIRTUAL_CLK__)
Path Group: __VIRTUAL_CLK__
Path Type: max

Fanout         Cap        Slew       Delay        Time   Description
---------------------------------------------------------------------------------------------
                      0.000000    0.000000    0.000000   clock __VIRTUAL_CLK__ (rise edge)
                                  0.000000    0.000000   clock network delay (ideal)
                                  2.000000    2.000000 ^ input external delay
    73    0.377090    1.681016    1.160547    3.160547 ^ B[0] (in)
                                                         B[0] (net)
                      1.681206    0.000000    3.160547 ^ _1070_/S0 (sky130_fd_sc_hd__mux4_2)
     3    0.009816    0.102799    0.677352    3.837898 v _1070_/X (sky130_fd_sc_hd__mux4_2)
                                                         _0244_ (net)
                      0.102799    0.000140    3.838038 v _1193_/B (sky130_fd_sc_hd__or2_2)
     1    0.002299    0.052550    0.284743    4.122781 v _1193_/X (sky130_fd_sc_hd__or2_2)
                                                         _0363_ (net)
                      0.052550    0.000000    4.122781 v _1194_/B1 (sky130_fd_sc_hd__o211a_2)
     2    0.004819    0.049064    0.137792    4.260573 v _1194_/X (sky130_fd_sc_hd__o211a_2)
                                                         _0364_ (net)
                      0.049064    0.000008    4.260581 v _1196_/B1 (sky130_fd_sc_hd__a21o_2)
     1    0.002367    0.032813    0.178284    4.438865 v _1196_/X (sky130_fd_sc_hd__a21o_2)
                                                         _0366_ (net)
                      0.032813    0.000002    4.438868 v _1198_/A2 (sky130_fd_sc_hd__a22o_2)
     2    0.009154    0.055355    0.268644    4.707512 v _1198_/X (sky130_fd_sc_hd__a22o_2)
                                                         _0368_ (net)
                      0.055355    0.000043    4.707555 v _1503_/B1 (sky130_fd_sc_hd__a21oi_2)
     1    0.004131    0.093115    0.105973    4.813528 ^ _1503_/Y (sky130_fd_sc_hd__a21oi_2)
                                                         _0657_ (net)
                      0.093115    0.000023    4.813550 ^ _1506_/B1 (sky130_fd_sc_hd__o22a_2)
     1    0.004512    0.045560    0.150409    4.963959 ^ _1506_/X (sky130_fd_sc_hd__o22a_2)
                                                         _0660_ (net)
                      0.045560    0.000039    4.963998 ^ _1507_/C_N (sky130_fd_sc_hd__or3b_2)
     1    0.003310    0.078676    0.435152    5.399150 v _1507_/X (sky130_fd_sc_hd__or3b_2)
                                                         _0661_ (net)
                      0.078676    0.000013    5.399163 v _1513_/B1 (sky130_fd_sc_hd__a41o_2)
     1    0.003195    0.038107    0.234869    5.634032 v _1513_/X (sky130_fd_sc_hd__a41o_2)
                                                         _0667_ (net)
                      0.038107    0.000012    5.634044 v _1514_/B1 (sky130_fd_sc_hd__a41o_2)
     2    0.036162    0.117586    0.312153    5.946197 v _1514_/X (sky130_fd_sc_hd__a41o_2)
                                                         result[21] (net)
                      0.117586    0.000192    5.946389 v result[21] (out)
                                              5.946389   data arrival time

                      0.000000   10.000000   10.000000   clock __VIRTUAL_CLK__ (rise edge)
                                  0.000000   10.000000   clock network delay (ideal)
                                 -0.250000    9.750000   clock uncertainty
                                  0.000000    9.750000   clock reconvergence pessimism
                                 -2.000000    7.750000   output external delay
                                              7.750000   data required time
---------------------------------------------------------------------------------------------
                                              7.750000   data required time
                                             -5.946389   data arrival time
---------------------------------------------------------------------------------------------
                                              1.803611   slack (MET)


Startpoint: B[0] (input port clocked by __VIRTUAL_CLK__)
Endpoint: result[22] (output port clocked by __VIRTUAL_CLK__)
Path Group: __VIRTUAL_CLK__
Path Type: max

Fanout         Cap        Slew       Delay        Time   Description
---------------------------------------------------------------------------------------------
                      0.000000    0.000000    0.000000   clock __VIRTUAL_CLK__ (rise edge)
                                  0.000000    0.000000   clock network delay (ideal)
                                  2.000000    2.000000 ^ input external delay
    73    0.377090    1.681016    1.155237    3.155237 ^ B[0] (in)
                                                         B[0] (net)
                      1.681094    0.000000    3.155237 ^ _0867_/A (sky130_fd_sc_hd__nand2_2)
     5    0.014452    0.298171    0.200680    3.355917 v _0867_/Y (sky130_fd_sc_hd__nand2_2)
                                                         _0042_ (net)
                      0.298171    0.000014    3.355932 v _1129_/A1 (sky130_fd_sc_hd__o21a_2)
     4    0.013537    0.058765    0.330464    3.686396 v _1129_/X (sky130_fd_sc_hd__o21a_2)
                                                         _0302_ (net)
                      0.058765    0.000098    3.686494 v _1171_/A2 (sky130_fd_sc_hd__o211a_2)
     3    0.011002    0.060591    0.268156    3.954650 v _1171_/X (sky130_fd_sc_hd__o211a_2)
                                                         _0342_ (net)
                      0.060591    0.000140    3.954790 v _1257_/A2 (sky130_fd_sc_hd__o31a_2)
     5    0.020318    0.091179    0.381833    4.336623 v _1257_/X (sky130_fd_sc_hd__o31a_2)
                                                         _0424_ (net)
                      0.091179    0.000384    4.337007 v _1407_/A2 (sky130_fd_sc_hd__a211o_2)
     5    0.021156    0.092459    0.404167    4.741174 v _1407_/X (sky130_fd_sc_hd__a211o_2)
                                                         _0566_ (net)
                      0.092459    0.000432    4.741606 v _1482_/A1 (sky130_fd_sc_hd__a21o_2)
     3    0.010405    0.052711    0.225935    4.967541 v _1482_/X (sky130_fd_sc_hd__a21o_2)
                                                         _0637_ (net)
                      0.052711    0.000044    4.967586 v _1510_/A2 (sky130_fd_sc_hd__a21o_2)
     3    0.010992    0.054440    0.234707    5.202292 v _1510_/X (sky130_fd_sc_hd__a21o_2)
                                                         _0664_ (net)
                      0.054440    0.000066    5.202358 v _1518_/A1 (sky130_fd_sc_hd__a21o_2)
     3    0.009594    0.050494    0.208040    5.410398 v _1518_/X (sky130_fd_sc_hd__a21o_2)
                                                         _0671_ (net)
                      0.050494    0.000007    5.410405 v _1529_/A2 (sky130_fd_sc_hd__a31o_2)
     1    0.002913    0.037799    0.225734    5.636139 v _1529_/X (sky130_fd_sc_hd__a31o_2)
                                                         _0682_ (net)
                      0.037799    0.000008    5.636147 v _1530_/B1 (sky130_fd_sc_hd__a31o_2)
     2    0.035931    0.108104    0.293558    5.929705 v _1530_/X (sky130_fd_sc_hd__a31o_2)
                                                         result[22] (net)
                      0.108104    0.000152    5.929858 v result[22] (out)
                                              5.929858   data arrival time

                      0.000000   10.000000   10.000000   clock __VIRTUAL_CLK__ (rise edge)
                                  0.000000   10.000000   clock network delay (ideal)
                                 -0.250000    9.750000   clock uncertainty
                                  0.000000    9.750000   clock reconvergence pessimism
                                 -2.000000    7.750000   output external delay
                                              7.750000   data required time
---------------------------------------------------------------------------------------------
                                              7.750000   data required time
                                             -5.929858   data arrival time
---------------------------------------------------------------------------------------------
                                              1.820142   slack (MET)


Startpoint: B[0] (input port clocked by __VIRTUAL_CLK__)
Endpoint: result[24] (output port clocked by __VIRTUAL_CLK__)
Path Group: __VIRTUAL_CLK__
Path Type: max

Fanout         Cap        Slew       Delay        Time   Description
---------------------------------------------------------------------------------------------
                      0.000000    0.000000    0.000000   clock __VIRTUAL_CLK__ (rise edge)
                                  0.000000    0.000000   clock network delay (ideal)
                                  2.000000    2.000000 ^ input external delay
    73    0.377090    1.681016    1.155237    3.155237 ^ B[0] (in)
                                                         B[0] (net)
                      1.681094    0.000000    3.155237 ^ _0867_/A (sky130_fd_sc_hd__nand2_2)
     5    0.014452    0.298171    0.200680    3.355917 v _0867_/Y (sky130_fd_sc_hd__nand2_2)
                                                         _0042_ (net)
                      0.298171    0.000014    3.355932 v _1129_/A1 (sky130_fd_sc_hd__o21a_2)
     4    0.013537    0.058765    0.330464    3.686396 v _1129_/X (sky130_fd_sc_hd__o21a_2)
                                                         _0302_ (net)
                      0.058765    0.000098    3.686494 v _1171_/A2 (sky130_fd_sc_hd__o211a_2)
     3    0.011002    0.060591    0.268156    3.954650 v _1171_/X (sky130_fd_sc_hd__o211a_2)
                                                         _0342_ (net)
                      0.060591    0.000140    3.954790 v _1257_/A2 (sky130_fd_sc_hd__o31a_2)
     5    0.020318    0.091179    0.381833    4.336623 v _1257_/X (sky130_fd_sc_hd__o31a_2)
                                                         _0424_ (net)
                      0.091179    0.000384    4.337007 v _1407_/A2 (sky130_fd_sc_hd__a211o_2)
     5    0.021156    0.092459    0.404167    4.741174 v _1407_/X (sky130_fd_sc_hd__a211o_2)
                                                         _0566_ (net)
                      0.092459    0.000434    4.741608 v _1549_/A1 (sky130_fd_sc_hd__a211o_2)
     4    0.017313    0.083578    0.356924    5.098532 v _1549_/X (sky130_fd_sc_hd__a211o_2)
                                                         _0700_ (net)
                      0.083579    0.000397    5.098929 v _1552_/B (sky130_fd_sc_hd__and3_2)
     1    0.002284    0.036326    0.201678    5.300607 v _1552_/X (sky130_fd_sc_hd__and3_2)
                                                         _0703_ (net)
                      0.036326    0.000000    5.300608 v _1561_/A2 (sky130_fd_sc_hd__o31a_2)
     1    0.005734    0.058362    0.325162    5.625770 v _1561_/X (sky130_fd_sc_hd__o31a_2)
                                                         _0712_ (net)
                      0.058362    0.000049    5.625819 v _1562_/B1 (sky130_fd_sc_hd__o21ai_2)
     2    0.036792    0.423986    0.179380    5.805199 ^ _1562_/Y (sky130_fd_sc_hd__o21ai_2)
                                                         result[24] (net)
                      0.423986    0.000376    5.805574 ^ result[24] (out)
                                              5.805574   data arrival time

                      0.000000   10.000000   10.000000   clock __VIRTUAL_CLK__ (rise edge)
                                  0.000000   10.000000   clock network delay (ideal)
                                 -0.250000    9.750000   clock uncertainty
                                  0.000000    9.750000   clock reconvergence pessimism
                                 -2.000000    7.750000   output external delay
                                              7.750000   data required time
---------------------------------------------------------------------------------------------
                                              7.750000   data required time
                                             -5.805574   data arrival time
---------------------------------------------------------------------------------------------
                                              1.944426   slack (MET)


Startpoint: B[0] (input port clocked by __VIRTUAL_CLK__)
Endpoint: result[25] (output port clocked by __VIRTUAL_CLK__)
Path Group: __VIRTUAL_CLK__
Path Type: max

Fanout         Cap        Slew       Delay        Time   Description
---------------------------------------------------------------------------------------------
                      0.000000    0.000000    0.000000   clock __VIRTUAL_CLK__ (rise edge)
                                  0.000000    0.000000   clock network delay (ideal)
                                  2.000000    2.000000 ^ input external delay
    73    0.377090    1.681016    1.155237    3.155237 ^ B[0] (in)
                                                         B[0] (net)
                      1.681094    0.000000    3.155237 ^ _0867_/A (sky130_fd_sc_hd__nand2_2)
     5    0.014452    0.298171    0.200680    3.355917 v _0867_/Y (sky130_fd_sc_hd__nand2_2)
                                                         _0042_ (net)
                      0.298171    0.000014    3.355932 v _1129_/A1 (sky130_fd_sc_hd__o21a_2)
     4    0.013537    0.058765    0.330464    3.686396 v _1129_/X (sky130_fd_sc_hd__o21a_2)
                                                         _0302_ (net)
                      0.058765    0.000098    3.686494 v _1171_/A2 (sky130_fd_sc_hd__o211a_2)
     3    0.011002    0.060591    0.268156    3.954650 v _1171_/X (sky130_fd_sc_hd__o211a_2)
                                                         _0342_ (net)
                      0.060591    0.000140    3.954790 v _1257_/A2 (sky130_fd_sc_hd__o31a_2)
     5    0.020318    0.091179    0.381833    4.336623 v _1257_/X (sky130_fd_sc_hd__o31a_2)
                                                         _0424_ (net)
                      0.091179    0.000384    4.337007 v _1407_/A2 (sky130_fd_sc_hd__a211o_2)
     5    0.021156    0.092459    0.404167    4.741174 v _1407_/X (sky130_fd_sc_hd__a211o_2)
                                                         _0566_ (net)
                      0.092459    0.000434    4.741608 v _1549_/A1 (sky130_fd_sc_hd__a211o_2)
     4    0.017313    0.083578    0.356924    5.098532 v _1549_/X (sky130_fd_sc_hd__a211o_2)
                                                         _0700_ (net)
                      0.083579    0.000430    5.098962 v _1574_/A1 (sky130_fd_sc_hd__a21o_2)
     3    0.007408    0.044789    0.212729    5.311691 v _1574_/X (sky130_fd_sc_hd__a21o_2)
                                                         _0724_ (net)
                      0.044789    0.000026    5.311717 v _1577_/B1 (sky130_fd_sc_hd__o211a_2)
     1    0.002845    0.040425    0.127226    5.438943 v _1577_/X (sky130_fd_sc_hd__o211a_2)
                                                         _0727_ (net)
                      0.040425    0.000012    5.438955 v _1578_/C1 (sky130_fd_sc_hd__a211o_2)
     2    0.036322    0.130392    0.364730    5.803685 v _1578_/X (sky130_fd_sc_hd__a211o_2)
                                                         result[25] (net)
                      0.130392    0.000355    5.804040 v result[25] (out)
                                              5.804040   data arrival time

                      0.000000   10.000000   10.000000   clock __VIRTUAL_CLK__ (rise edge)
                                  0.000000   10.000000   clock network delay (ideal)
                                 -0.250000    9.750000   clock uncertainty
                                  0.000000    9.750000   clock reconvergence pessimism
                                 -2.000000    7.750000   output external delay
                                              7.750000   data required time
---------------------------------------------------------------------------------------------
                                              7.750000   data required time
                                             -5.804040   data arrival time
---------------------------------------------------------------------------------------------
                                              1.945960   slack (MET)


Startpoint: B[0] (input port clocked by __VIRTUAL_CLK__)
Endpoint: result[19] (output port clocked by __VIRTUAL_CLK__)
Path Group: __VIRTUAL_CLK__
Path Type: max

Fanout         Cap        Slew       Delay        Time   Description
---------------------------------------------------------------------------------------------
                      0.000000    0.000000    0.000000   clock __VIRTUAL_CLK__ (rise edge)
                                  0.000000    0.000000   clock network delay (ideal)
                                  2.000000    2.000000 ^ input external delay
    73    0.377090    1.681016    1.158316    3.158316 ^ B[0] (in)
                                                         B[0] (net)
                      1.681153    0.000000    3.158316 ^ _1076_/S (sky130_fd_sc_hd__mux2_1)
     4    0.008561    0.087234    0.433491    3.591807 v _1076_/X (sky130_fd_sc_hd__mux2_1)
                                                         _0250_ (net)
                      0.087234    0.000027    3.591834 v _1145_/A1 (sky130_fd_sc_hd__mux2_1)
     4    0.016094    0.115178    0.378968    3.970803 v _1145_/X (sky130_fd_sc_hd__mux2_1)
                                                         _0317_ (net)
                      0.115178    0.000103    3.970905 v _1146_/A2 (sky130_fd_sc_hd__a21bo_2)
     2    0.003926    0.040576    0.237644    4.208549 v _1146_/X (sky130_fd_sc_hd__a21bo_2)
                                                         _0318_ (net)
                      0.040576    0.000007    4.208556 v _1147_/A1 (sky130_fd_sc_hd__mux2_1)
     1    0.002358    0.053938    0.282129    4.490685 v _1147_/X (sky130_fd_sc_hd__mux2_1)
                                                         _0319_ (net)
                      0.053938    0.000002    4.490687 v _1150_/A2 (sky130_fd_sc_hd__a22o_2)
     2    0.012202    0.062770    0.288775    4.779462 v _1150_/X (sky130_fd_sc_hd__a22o_2)
                                                         _0322_ (net)
                      0.062770    0.000128    4.779590 v _1474_/A1 (sky130_fd_sc_hd__o21a_2)
     1    0.003971    0.036904    0.214157    4.993747 v _1474_/X (sky130_fd_sc_hd__o21a_2)
                                                         _0630_ (net)
                      0.036904    0.000028    4.993775 v _1475_/B (sky130_fd_sc_hd__or3b_2)
     1    0.003639    0.079082    0.435820    5.429595 v _1475_/X (sky130_fd_sc_hd__or3b_2)
                                                         _0631_ (net)
                      0.079082    0.000024    5.429618 v _1476_/A_N (sky130_fd_sc_hd__nand3b_2)
     2    0.038849    0.239206    0.361839    5.791458 v _1476_/Y (sky130_fd_sc_hd__nand3b_2)
                                                         result[19] (net)
                      0.239206    0.000802    5.792260 v result[19] (out)
                                              5.792260   data arrival time

                      0.000000   10.000000   10.000000   clock __VIRTUAL_CLK__ (rise edge)
                                  0.000000   10.000000   clock network delay (ideal)
                                 -0.250000    9.750000   clock uncertainty
                                  0.000000    9.750000   clock reconvergence pessimism
                                 -2.000000    7.750000   output external delay
                                              7.750000   data required time
---------------------------------------------------------------------------------------------
                                              7.750000   data required time
                                             -5.792260   data arrival time
---------------------------------------------------------------------------------------------
                                              1.957740   slack (MET)


Startpoint: B[0] (input port clocked by __VIRTUAL_CLK__)
Endpoint: result[12] (output port clocked by __VIRTUAL_CLK__)
Path Group: __VIRTUAL_CLK__
Path Type: max

Fanout         Cap        Slew       Delay        Time   Description
---------------------------------------------------------------------------------------------
                      0.000000    0.000000    0.000000   clock __VIRTUAL_CLK__ (rise edge)
                                  0.000000    0.000000   clock network delay (ideal)
                                  2.000000    2.000000 ^ input external delay
    73    0.377090    1.681016    1.162192    3.162192 ^ B[0] (in)
                                                         B[0] (net)
                      1.681251    0.000000    3.162192 ^ _1338_/S0 (sky130_fd_sc_hd__mux4_2)
     2    0.007365    0.095062    0.663647    3.825839 v _1338_/X (sky130_fd_sc_hd__mux4_2)
                                                         _0501_ (net)
                      0.095062    0.000107    3.825946 v _1339_/A1 (sky130_fd_sc_hd__mux2_1)
     2    0.004134    0.065395    0.315538    4.141484 v _1339_/X (sky130_fd_sc_hd__mux2_1)
                                                         _0502_ (net)
                      0.065395    0.000016    4.141500 v _1340_/A1 (sky130_fd_sc_hd__mux2_1)
     2    0.007298    0.077538    0.326015    4.467516 v _1340_/X (sky130_fd_sc_hd__mux2_1)
                                                         _0503_ (net)
                      0.077538    0.000053    4.467569 v _1344_/A2 (sky130_fd_sc_hd__a22o_2)
     1    0.009225    0.055874    0.287582    4.755151 v _1344_/X (sky130_fd_sc_hd__a22o_2)
                                                         _0507_ (net)
                      0.055874    0.000255    4.755406 v _1347_/A (sky130_fd_sc_hd__or3_2)
     1    0.002080    0.072609    0.460989    5.216394 v _1347_/X (sky130_fd_sc_hd__or3_2)
                                                         _0510_ (net)
                      0.072609    0.000006    5.216400 v _1348_/C (sky130_fd_sc_hd__or3_2)
     2    0.039162    0.172544    0.557346    5.773746 v _1348_/X (sky130_fd_sc_hd__or3_2)
                                                         result[12] (net)
                      0.172544    0.000729    5.774476 v result[12] (out)
                                              5.774476   data arrival time

                      0.000000   10.000000   10.000000   clock __VIRTUAL_CLK__ (rise edge)
                                  0.000000   10.000000   clock network delay (ideal)
                                 -0.250000    9.750000   clock uncertainty
                                  0.000000    9.750000   clock reconvergence pessimism
                                 -2.000000    7.750000   output external delay
                                              7.750000   data required time
---------------------------------------------------------------------------------------------
                                              7.750000   data required time
                                             -5.774476   data arrival time
---------------------------------------------------------------------------------------------
                                              1.975524   slack (MET)


Startpoint: B[0] (input port clocked by __VIRTUAL_CLK__)
Endpoint: result[9] (output port clocked by __VIRTUAL_CLK__)
Path Group: __VIRTUAL_CLK__
Path Type: max

Fanout         Cap        Slew       Delay        Time   Description
---------------------------------------------------------------------------------------------
                      0.000000    0.000000    0.000000   clock __VIRTUAL_CLK__ (rise edge)
                                  0.000000    0.000000   clock network delay (ideal)
                                  2.000000    2.000000 ^ input external delay
    73    0.377090    1.681016    1.158316    3.158316 ^ B[0] (in)
                                                         B[0] (net)
                      1.681153    0.000000    3.158316 ^ _1076_/S (sky130_fd_sc_hd__mux2_1)
     4    0.008561    0.087234    0.433491    3.591807 v _1076_/X (sky130_fd_sc_hd__mux2_1)
                                                         _0250_ (net)
                      0.087234    0.000033    3.591840 v _1078_/A2 (sky130_fd_sc_hd__mux4_2)
     2    0.006717    0.092930    0.488919    4.080760 v _1078_/X (sky130_fd_sc_hd__mux4_2)
                                                         _0252_ (net)
                      0.092930    0.000067    4.080826 v _1276_/A2 (sky130_fd_sc_hd__a31o_2)
     1    0.004248    0.042036    0.250000    4.330826 v _1276_/X (sky130_fd_sc_hd__a31o_2)
                                                         _0442_ (net)
                      0.042036    0.000003    4.330829 v _1277_/B1 (sky130_fd_sc_hd__a21oi_2)
     1    0.006203    0.113533    0.117641    4.448470 ^ _1277_/Y (sky130_fd_sc_hd__a21oi_2)
                                                         _0443_ (net)
                      0.113533    0.000036    4.448505 ^ _1278_/A (sky130_fd_sc_hd__inv_2)
     2    0.005376    0.031609    0.045292    4.493797 v _1278_/Y (sky130_fd_sc_hd__inv_2)
                                                         _0444_ (net)
                      0.031609    0.000016    4.493813 v _1285_/A2 (sky130_fd_sc_hd__a22o_2)
     1    0.006038    0.047477    0.256749    4.750562 v _1285_/X (sky130_fd_sc_hd__a22o_2)
                                                         _0451_ (net)
                      0.047477    0.000118    4.750680 v _1286_/C (sky130_fd_sc_hd__or3_2)
     1    0.002751    0.074864    0.401336    5.152016 v _1286_/X (sky130_fd_sc_hd__or3_2)
                                                         _0452_ (net)
                      0.074864    0.000017    5.152033 v _1291_/B (sky130_fd_sc_hd__or3_2)
     2    0.036591    0.167400    0.591548    5.743581 v _1291_/X (sky130_fd_sc_hd__or3_2)
                                                         result[9] (net)
                      0.167400    0.000330    5.743911 v result[9] (out)
                                              5.743911   data arrival time

                      0.000000   10.000000   10.000000   clock __VIRTUAL_CLK__ (rise edge)
                                  0.000000   10.000000   clock network delay (ideal)
                                 -0.250000    9.750000   clock uncertainty
                                  0.000000    9.750000   clock reconvergence pessimism
                                 -2.000000    7.750000   output external delay
                                              7.750000   data required time
---------------------------------------------------------------------------------------------
                                              7.750000   data required time
                                             -5.743911   data arrival time
---------------------------------------------------------------------------------------------
                                              2.006089   slack (MET)


Startpoint: B[0] (input port clocked by __VIRTUAL_CLK__)
Endpoint: result[8] (output port clocked by __VIRTUAL_CLK__)
Path Group: __VIRTUAL_CLK__
Path Type: max

Fanout         Cap        Slew       Delay        Time   Description
---------------------------------------------------------------------------------------------
                      0.000000    0.000000    0.000000   clock __VIRTUAL_CLK__ (rise edge)
                                  0.000000    0.000000   clock network delay (ideal)
                                  2.000000    2.000000 ^ input external delay
    73    0.377090    1.681016    1.159812    3.159812 ^ B[0] (in)
                                                         B[0] (net)
                      1.681188    0.000000    3.159812 ^ _0843_/S0 (sky130_fd_sc_hd__mux4_2)
     3    0.014275    0.115613    0.698150    3.857962 v _0843_/X (sky130_fd_sc_hd__mux4_2)
                                                         _0018_ (net)
                      0.115613    0.000278    3.858240 v _0844_/A1 (sky130_fd_sc_hd__mux2_1)
     2    0.004352    0.066429    0.324379    4.182618 v _0844_/X (sky130_fd_sc_hd__mux2_1)
                                                         _0019_ (net)
                      0.066429    0.000002    4.182620 v _1260_/A2 (sky130_fd_sc_hd__a21o_2)
     2    0.006974    0.043757    0.226901    4.409521 v _1260_/X (sky130_fd_sc_hd__a21o_2)
                                                         _0427_ (net)
                      0.043757    0.000014    4.409535 v _1261_/C (sky130_fd_sc_hd__and3_2)
     1    0.006721    0.046944    0.216108    4.625644 v _1261_/X (sky130_fd_sc_hd__and3_2)
                                                         _0428_ (net)
                      0.046944    0.000135    4.625779 v _1263_/B1 (sky130_fd_sc_hd__a211o_2)
     1    0.001547    0.042439    0.289129    4.914908 v _1263_/X (sky130_fd_sc_hd__a211o_2)
                                                         _0430_ (net)
                      0.042439    0.000000    4.914909 v _1271_/B (sky130_fd_sc_hd__or4b_2)
     2    0.037183    0.204819    0.793187    5.708096 v _1271_/X (sky130_fd_sc_hd__or4b_2)
                                                         result[8] (net)
                      0.204819    0.000516    5.708612 v result[8] (out)
                                              5.708612   data arrival time

                      0.000000   10.000000   10.000000   clock __VIRTUAL_CLK__ (rise edge)
                                  0.000000   10.000000   clock network delay (ideal)
                                 -0.250000    9.750000   clock uncertainty
                                  0.000000    9.750000   clock reconvergence pessimism
                                 -2.000000    7.750000   output external delay
                                              7.750000   data required time
---------------------------------------------------------------------------------------------
                                              7.750000   data required time
                                             -5.708612   data arrival time
---------------------------------------------------------------------------------------------
                                              2.041388   slack (MET)


Startpoint: B[0] (input port clocked by __VIRTUAL_CLK__)
Endpoint: result[7] (output port clocked by __VIRTUAL_CLK__)
Path Group: __VIRTUAL_CLK__
Path Type: max

Fanout         Cap        Slew       Delay        Time   Description
---------------------------------------------------------------------------------------------
                      0.000000    0.000000    0.000000   clock __VIRTUAL_CLK__ (rise edge)
                                  0.000000    0.000000   clock network delay (ideal)
                                  2.000000    2.000000 ^ input external delay
    73    0.377090    1.681016    1.155237    3.155237 ^ B[0] (in)
                                                         B[0] (net)
                      1.681094    0.000000    3.155237 ^ _0867_/A (sky130_fd_sc_hd__nand2_2)
     5    0.014452    0.298171    0.200680    3.355917 v _0867_/Y (sky130_fd_sc_hd__nand2_2)
                                                         _0042_ (net)
                      0.298171    0.000014    3.355932 v _1129_/A1 (sky130_fd_sc_hd__o21a_2)
     4    0.013537    0.058765    0.330464    3.686396 v _1129_/X (sky130_fd_sc_hd__o21a_2)
                                                         _0302_ (net)
                      0.058765    0.000098    3.686494 v _1171_/A2 (sky130_fd_sc_hd__o211a_2)
     3    0.011002    0.060591    0.268156    3.954650 v _1171_/X (sky130_fd_sc_hd__o211a_2)
                                                         _0342_ (net)
                      0.060591    0.000128    3.954778 v _1173_/C (sky130_fd_sc_hd__or3_2)
     4    0.013029    0.113635    0.465172    4.419950 v _1173_/X (sky130_fd_sc_hd__or3_2)
                                                         _0344_ (net)
                      0.113635    0.000025    4.419975 v _1212_/A3 (sky130_fd_sc_hd__a311o_2)
     2    0.010833    0.076621    0.440456    4.860431 v _1212_/X (sky130_fd_sc_hd__a311o_2)
                                                         _0381_ (net)
                      0.076621    0.000078    4.860509 v _1232_/A2 (sky130_fd_sc_hd__a21oi_2)
     1    0.004675    0.100878    0.148757    5.009265 ^ _1232_/Y (sky130_fd_sc_hd__a21oi_2)
                                                         _0400_ (net)
                      0.100878    0.000002    5.009267 ^ _1233_/B1 (sky130_fd_sc_hd__a311oi_2)
     1    0.002098    0.085265    0.052013    5.061280 v _1233_/Y (sky130_fd_sc_hd__a311oi_2)
                                                         _0401_ (net)
                      0.085265    0.000005    5.061285 v _1250_/A (sky130_fd_sc_hd__or3_2)
     2    0.038420    0.171114    0.623273    5.684558 v _1250_/X (sky130_fd_sc_hd__or3_2)
                                                         result[7] (net)
                      0.171115    0.000737    5.685295 v result[7] (out)
                                              5.685295   data arrival time

                      0.000000   10.000000   10.000000   clock __VIRTUAL_CLK__ (rise edge)
                                  0.000000   10.000000   clock network delay (ideal)
                                 -0.250000    9.750000   clock uncertainty
                                  0.000000    9.750000   clock reconvergence pessimism
                                 -2.000000    7.750000   output external delay
                                              7.750000   data required time
---------------------------------------------------------------------------------------------
                                              7.750000   data required time
                                             -5.685295   data arrival time
---------------------------------------------------------------------------------------------
                                              2.064705   slack (MET)


Startpoint: B[0] (input port clocked by __VIRTUAL_CLK__)
Endpoint: result[10] (output port clocked by __VIRTUAL_CLK__)
Path Group: __VIRTUAL_CLK__
Path Type: max

Fanout         Cap        Slew       Delay        Time   Description
---------------------------------------------------------------------------------------------
                      0.000000    0.000000    0.000000   clock __VIRTUAL_CLK__ (rise edge)
                                  0.000000    0.000000   clock network delay (ideal)
                                  2.000000    2.000000 ^ input external delay
    73    0.377090    1.681016    1.160348    3.160348 ^ B[0] (in)
                                                         B[0] (net)
                      1.681201    0.000000    3.160348 ^ _1112_/S0 (sky130_fd_sc_hd__mux4_2)
     3    0.015260    0.117546    0.701629    3.861977 v _1112_/X (sky130_fd_sc_hd__mux4_2)
                                                         _0285_ (net)
                      0.117546    0.000302    3.862279 v _1114_/A0 (sky130_fd_sc_hd__mux2_1)
     2    0.004290    0.066134    0.314951    4.177230 v _1114_/X (sky130_fd_sc_hd__mux2_1)
                                                         _0287_ (net)
                      0.066134    0.000004    4.177234 v _1298_/A0 (sky130_fd_sc_hd__mux2_1)
     1    0.003960    0.061467    0.293455    4.470689 v _1298_/X (sky130_fd_sc_hd__mux2_1)
                                                         _0463_ (net)
                      0.061467    0.000042    4.470731 v _1303_/B1 (sky130_fd_sc_hd__a2bb2o_2)
     1    0.001840    0.040128    0.251170    4.721901 v _1303_/X (sky130_fd_sc_hd__a2bb2o_2)
                                                         _0468_ (net)
                      0.040128    0.000002    4.721903 v _1305_/B (sky130_fd_sc_hd__or3_2)
     1    0.002879    0.076598    0.438260    5.160163 v _1305_/X (sky130_fd_sc_hd__or3_2)
                                                         _0470_ (net)
                      0.076598    0.000012    5.160175 v _1306_/B1 (sky130_fd_sc_hd__a31o_2)
     1    0.003006    0.036954    0.219285    5.379460 v _1306_/X (sky130_fd_sc_hd__a31o_2)
                                                         _0471_ (net)
                      0.036954    0.000014    5.379474 v _1307_/B1 (sky130_fd_sc_hd__a31o_2)
     2    0.039311    0.115069    0.299264    5.678738 v _1307_/X (sky130_fd_sc_hd__a31o_2)
                                                         result[10] (net)
                      0.115069    0.000385    5.679123 v result[10] (out)
                                              5.679123   data arrival time

                      0.000000   10.000000   10.000000   clock __VIRTUAL_CLK__ (rise edge)
                                  0.000000   10.000000   clock network delay (ideal)
                                 -0.250000    9.750000   clock uncertainty
                                  0.000000    9.750000   clock reconvergence pessimism
                                 -2.000000    7.750000   output external delay
                                              7.750000   data required time
---------------------------------------------------------------------------------------------
                                              7.750000   data required time
                                             -5.679123   data arrival time
---------------------------------------------------------------------------------------------
                                              2.070877   slack (MET)


Startpoint: B[0] (input port clocked by __VIRTUAL_CLK__)
Endpoint: result[20] (output port clocked by __VIRTUAL_CLK__)
Path Group: __VIRTUAL_CLK__
Path Type: max

Fanout         Cap        Slew       Delay        Time   Description
---------------------------------------------------------------------------------------------
                      0.000000    0.000000    0.000000   clock __VIRTUAL_CLK__ (rise edge)
                                  0.000000    0.000000   clock network delay (ideal)
                                  2.000000    2.000000 ^ input external delay
    73    0.377090    1.681016    1.155237    3.155237 ^ B[0] (in)
                                                         B[0] (net)
                      1.681094    0.000000    3.155237 ^ _0867_/A (sky130_fd_sc_hd__nand2_2)
     5    0.014452    0.298171    0.200680    3.355917 v _0867_/Y (sky130_fd_sc_hd__nand2_2)
                                                         _0042_ (net)
                      0.298171    0.000014    3.355932 v _1129_/A1 (sky130_fd_sc_hd__o21a_2)
     4    0.013537    0.058765    0.330464    3.686396 v _1129_/X (sky130_fd_sc_hd__o21a_2)
                                                         _0302_ (net)
                      0.058765    0.000098    3.686494 v _1171_/A2 (sky130_fd_sc_hd__o211a_2)
     3    0.011002    0.060591    0.268156    3.954650 v _1171_/X (sky130_fd_sc_hd__o211a_2)
                                                         _0342_ (net)
                      0.060591    0.000140    3.954790 v _1257_/A2 (sky130_fd_sc_hd__o31a_2)
     5    0.020318    0.091179    0.381833    4.336623 v _1257_/X (sky130_fd_sc_hd__o31a_2)
                                                         _0424_ (net)
                      0.091179    0.000384    4.337007 v _1407_/A2 (sky130_fd_sc_hd__a211o_2)
     5    0.021156    0.092459    0.404167    4.741174 v _1407_/X (sky130_fd_sc_hd__a211o_2)
                                                         _0566_ (net)
                      0.092459    0.000432    4.741606 v _1482_/A1 (sky130_fd_sc_hd__a21o_2)
     3    0.010405    0.052711    0.225935    4.967541 v _1482_/X (sky130_fd_sc_hd__a21o_2)
                                                         _0637_ (net)
                      0.052711    0.000033    4.967575 v _1483_/A2 (sky130_fd_sc_hd__a21oi_2)
     2    0.007682    0.132541    0.162635    5.130210 ^ _1483_/Y (sky130_fd_sc_hd__a21oi_2)
                                                         _0638_ (net)
                      0.132541    0.000010    5.130219 ^ _1485_/A (sky130_fd_sc_hd__nor2_2)
     1    0.002592    0.034771    0.052286    5.182506 v _1485_/Y (sky130_fd_sc_hd__nor2_2)
                                                         _0640_ (net)
                      0.034771    0.000004    5.182510 v _1495_/B1 (sky130_fd_sc_hd__a211o_2)
     2    0.036733    0.128993    0.402061    5.584571 v _1495_/X (sky130_fd_sc_hd__a211o_2)
                                                         result[20] (net)
                      0.128993    0.000250    5.584822 v result[20] (out)
                                              5.584822   data arrival time

                      0.000000   10.000000   10.000000   clock __VIRTUAL_CLK__ (rise edge)
                                  0.000000   10.000000   clock network delay (ideal)
                                 -0.250000    9.750000   clock uncertainty
                                  0.000000    9.750000   clock reconvergence pessimism
                                 -2.000000    7.750000   output external delay
                                              7.750000   data required time
---------------------------------------------------------------------------------------------
                                              7.750000   data required time
                                             -5.584822   data arrival time
---------------------------------------------------------------------------------------------
                                              2.165178   slack (MET)


Startpoint: B[0] (input port clocked by __VIRTUAL_CLK__)
Endpoint: result[6] (output port clocked by __VIRTUAL_CLK__)
Path Group: __VIRTUAL_CLK__
Path Type: max

Fanout         Cap        Slew       Delay        Time   Description
---------------------------------------------------------------------------------------------
                      0.000000    0.000000    0.000000   clock __VIRTUAL_CLK__ (rise edge)
                                  0.000000    0.000000   clock network delay (ideal)
                                  2.000000    2.000000 ^ input external delay
    73    0.377090    1.681016    1.159236    3.159236 ^ B[0] (in)
                                                         B[0] (net)
                      1.681174    0.000000    3.159236 ^ _1115_/S0 (sky130_fd_sc_hd__mux4_2)
     3    0.015247    0.117517    0.701609    3.860845 v _1115_/X (sky130_fd_sc_hd__mux4_2)
                                                         _0288_ (net)
                      0.117517    0.000144    3.860989 v _1223_/A1 (sky130_fd_sc_hd__mux2_1)
     2    0.003979    0.063438    0.322581    4.183569 v _1223_/X (sky130_fd_sc_hd__mux2_1)
                                                         _0392_ (net)
                      0.063438    0.000004    4.183574 v _1225_/A0 (sky130_fd_sc_hd__mux2_1)
     1    0.002500    0.054875    0.280045    4.463619 v _1225_/X (sky130_fd_sc_hd__mux2_1)
                                                         _0394_ (net)
                      0.054875    0.000003    4.463623 v _1228_/A2 (sky130_fd_sc_hd__a22o_2)
     2    0.015291    0.069154    0.296700    4.760323 v _1228_/X (sky130_fd_sc_hd__a22o_2)
                                                         _0397_ (net)
                      0.069154    0.000232    4.760555 v _1229_/A2 (sky130_fd_sc_hd__a211o_2)
     1    0.004104    0.051425    0.337089    5.097644 v _1229_/X (sky130_fd_sc_hd__a211o_2)
                                                         _0398_ (net)
                      0.051425    0.000035    5.097679 v _1230_/B1 (sky130_fd_sc_hd__a31o_2)
     1    0.002705    0.037127    0.208041    5.305719 v _1230_/X (sky130_fd_sc_hd__a31o_2)
                                                         _0399_ (net)
                      0.037127    0.000008    5.305727 v _1231_/B1 (sky130_fd_sc_hd__a21o_2)
     2    0.038880    0.111267    0.269091    5.574818 v _1231_/X (sky130_fd_sc_hd__a21o_2)
                                                         result[6] (net)
                      0.111270    0.000739    5.575557 v result[6] (out)
                                              5.575557   data arrival time

                      0.000000   10.000000   10.000000   clock __VIRTUAL_CLK__ (rise edge)
                                  0.000000   10.000000   clock network delay (ideal)
                                 -0.250000    9.750000   clock uncertainty
                                  0.000000    9.750000   clock reconvergence pessimism
                                 -2.000000    7.750000   output external delay
                                              7.750000   data required time
---------------------------------------------------------------------------------------------
                                              7.750000   data required time
                                             -5.575557   data arrival time
---------------------------------------------------------------------------------------------
                                              2.174443   slack (MET)


Startpoint: B[0] (input port clocked by __VIRTUAL_CLK__)
Endpoint: result[15] (output port clocked by __VIRTUAL_CLK__)
Path Group: __VIRTUAL_CLK__
Path Type: max

Fanout         Cap        Slew       Delay        Time   Description
---------------------------------------------------------------------------------------------
                      0.000000    0.000000    0.000000   clock __VIRTUAL_CLK__ (rise edge)
                                  0.000000    0.000000   clock network delay (ideal)
                                  2.000000    2.000000 ^ input external delay
    73    0.377090    1.681016    1.155237    3.155237 ^ B[0] (in)
                                                         B[0] (net)
                      1.681094    0.000000    3.155237 ^ _0867_/A (sky130_fd_sc_hd__nand2_2)
     5    0.014452    0.298171    0.200680    3.355917 v _0867_/Y (sky130_fd_sc_hd__nand2_2)
                                                         _0042_ (net)
                      0.298171    0.000014    3.355932 v _1129_/A1 (sky130_fd_sc_hd__o21a_2)
     4    0.013537    0.058765    0.330464    3.686396 v _1129_/X (sky130_fd_sc_hd__o21a_2)
                                                         _0302_ (net)
                      0.058765    0.000098    3.686494 v _1171_/A2 (sky130_fd_sc_hd__o211a_2)
     3    0.011002    0.060591    0.268156    3.954650 v _1171_/X (sky130_fd_sc_hd__o211a_2)
                                                         _0342_ (net)
                      0.060591    0.000140    3.954790 v _1257_/A2 (sky130_fd_sc_hd__o31a_2)
     5    0.020318    0.091179    0.381833    4.336623 v _1257_/X (sky130_fd_sc_hd__o31a_2)
                                                         _0424_ (net)
                      0.091179    0.000379    4.337001 v _1334_/A2 (sky130_fd_sc_hd__a21o_2)
     3    0.011763    0.055628    0.252320    4.589322 v _1334_/X (sky130_fd_sc_hd__a21o_2)
                                                         _0497_ (net)
                      0.055628    0.000034    4.589355 v _1355_/A2 (sky130_fd_sc_hd__a21o_2)
     3    0.010260    0.052338    0.233471    4.822827 v _1355_/X (sky130_fd_sc_hd__a21o_2)
                                                         _0517_ (net)
                      0.052338    0.000032    4.822859 v _1371_/A1 (sky130_fd_sc_hd__a21oi_2)
     3    0.009906    0.155962    0.167916    4.990775 ^ _1371_/Y (sky130_fd_sc_hd__a21oi_2)
                                                         _0532_ (net)
                      0.155962    0.000023    4.990798 ^ _1390_/A2 (sky130_fd_sc_hd__o21ai_2)
     1    0.002271    0.061960    0.059508    5.050305 v _1390_/Y (sky130_fd_sc_hd__o21ai_2)
                                                         _0550_ (net)
                      0.061960    0.000000    5.050306 v _1401_/A3 (sky130_fd_sc_hd__a31o_2)
     1    0.004184    0.040766    0.249855    5.300161 v _1401_/X (sky130_fd_sc_hd__a31o_2)
                                                         _0561_ (net)
                      0.040766    0.000027    5.300188 v _1402_/B1 (sky130_fd_sc_hd__a21o_2)
     2    0.039771    0.113221    0.271597    5.571785 v _1402_/X (sky130_fd_sc_hd__a21o_2)
                                                         result[15] (net)
                      0.113228    0.001017    5.572803 v result[15] (out)
                                              5.572803   data arrival time

                      0.000000   10.000000   10.000000   clock __VIRTUAL_CLK__ (rise edge)
                                  0.000000   10.000000   clock network delay (ideal)
                                 -0.250000    9.750000   clock uncertainty
                                  0.000000    9.750000   clock reconvergence pessimism
                                 -2.000000    7.750000   output external delay
                                              7.750000   data required time
---------------------------------------------------------------------------------------------
                                              7.750000   data required time
                                             -5.572803   data arrival time
---------------------------------------------------------------------------------------------
                                              2.177198   slack (MET)


Startpoint: B[0] (input port clocked by __VIRTUAL_CLK__)
Endpoint: result[5] (output port clocked by __VIRTUAL_CLK__)
Path Group: __VIRTUAL_CLK__
Path Type: max

Fanout         Cap        Slew       Delay        Time   Description
---------------------------------------------------------------------------------------------
                      0.000000    0.000000    0.000000   clock __VIRTUAL_CLK__ (rise edge)
                                  0.000000    0.000000   clock network delay (ideal)
                                  2.000000    2.000000 ^ input external delay
    73    0.377090    1.681016    1.160547    3.160547 ^ B[0] (in)
                                                         B[0] (net)
                      1.681206    0.000000    3.160547 ^ _1070_/S0 (sky130_fd_sc_hd__mux4_2)
     3    0.009816    0.102799    0.677352    3.837898 v _1070_/X (sky130_fd_sc_hd__mux4_2)
                                                         _0244_ (net)
                      0.102799    0.000140    3.838038 v _1193_/B (sky130_fd_sc_hd__or2_2)
     1    0.002299    0.052550    0.284743    4.122781 v _1193_/X (sky130_fd_sc_hd__or2_2)
                                                         _0363_ (net)
                      0.052550    0.000000    4.122781 v _1194_/B1 (sky130_fd_sc_hd__o211a_2)
     2    0.004819    0.049064    0.137792    4.260573 v _1194_/X (sky130_fd_sc_hd__o211a_2)
                                                         _0364_ (net)
                      0.049064    0.000008    4.260581 v _1196_/B1 (sky130_fd_sc_hd__a21o_2)
     1    0.002367    0.032813    0.178284    4.438865 v _1196_/X (sky130_fd_sc_hd__a21o_2)
                                                         _0366_ (net)
                      0.032813    0.000002    4.438868 v _1198_/A2 (sky130_fd_sc_hd__a22o_2)
     2    0.009154    0.055355    0.268644    4.707512 v _1198_/X (sky130_fd_sc_hd__a22o_2)
                                                         _0368_ (net)
                      0.055355    0.000058    4.707570 v _1206_/A2 (sky130_fd_sc_hd__a22o_2)
     1    0.007276    0.050492    0.271401    4.978971 v _1206_/X (sky130_fd_sc_hd__a22o_2)
                                                         _0376_ (net)
                      0.050492    0.000130    4.979101 v _1210_/B (sky130_fd_sc_hd__or3_2)
     2    0.036118    0.166449    0.582165    5.561266 v _1210_/X (sky130_fd_sc_hd__or3_2)
                                                         result[5] (net)
                      0.166449    0.000188    5.561454 v result[5] (out)
                                              5.561454   data arrival time

                      0.000000   10.000000   10.000000   clock __VIRTUAL_CLK__ (rise edge)
                                  0.000000   10.000000   clock network delay (ideal)
                                 -0.250000    9.750000   clock uncertainty
                                  0.000000    9.750000   clock reconvergence pessimism
                                 -2.000000    7.750000   output external delay
                                              7.750000   data required time
---------------------------------------------------------------------------------------------
                                              7.750000   data required time
                                             -5.561454   data arrival time
---------------------------------------------------------------------------------------------
                                              2.188546   slack (MET)


Startpoint: B[0] (input port clocked by __VIRTUAL_CLK__)
Endpoint: result[16] (output port clocked by __VIRTUAL_CLK__)
Path Group: __VIRTUAL_CLK__
Path Type: max

Fanout         Cap        Slew       Delay        Time   Description
---------------------------------------------------------------------------------------------
                      0.000000    0.000000    0.000000   clock __VIRTUAL_CLK__ (rise edge)
                                  0.000000    0.000000   clock network delay (ideal)
                                  2.000000    2.000000 ^ input external delay
    73    0.377090    1.681016    1.155237    3.155237 ^ B[0] (in)
                                                         B[0] (net)
                      1.681094    0.000000    3.155237 ^ _0867_/A (sky130_fd_sc_hd__nand2_2)
     5    0.014452    0.298171    0.200680    3.355917 v _0867_/Y (sky130_fd_sc_hd__nand2_2)
                                                         _0042_ (net)
                      0.298171    0.000014    3.355932 v _1129_/A1 (sky130_fd_sc_hd__o21a_2)
     4    0.013537    0.058765    0.330464    3.686396 v _1129_/X (sky130_fd_sc_hd__o21a_2)
                                                         _0302_ (net)
                      0.058765    0.000098    3.686494 v _1171_/A2 (sky130_fd_sc_hd__o211a_2)
     3    0.011002    0.060591    0.268156    3.954650 v _1171_/X (sky130_fd_sc_hd__o211a_2)
                                                         _0342_ (net)
                      0.060591    0.000140    3.954790 v _1257_/A2 (sky130_fd_sc_hd__o31a_2)
     5    0.020318    0.091179    0.381833    4.336623 v _1257_/X (sky130_fd_sc_hd__o31a_2)
                                                         _0424_ (net)
                      0.091179    0.000384    4.337007 v _1407_/A2 (sky130_fd_sc_hd__a211o_2)
     5    0.021156    0.092459    0.404167    4.741174 v _1407_/X (sky130_fd_sc_hd__a211o_2)
                                                         _0566_ (net)
                      0.092459    0.000317    4.741491 v _1411_/A1 (sky130_fd_sc_hd__a21oi_2)
     2    0.007951    0.135433    0.167698    4.909190 ^ _1411_/Y (sky130_fd_sc_hd__a21oi_2)
                                                         _0570_ (net)
                      0.135433    0.000003    4.909192 ^ _1412_/B1 (sky130_fd_sc_hd__a311oi_2)
     1    0.001751    0.084108    0.057320    4.966513 v _1412_/Y (sky130_fd_sc_hd__a311oi_2)
                                                         _0571_ (net)
                      0.084108    0.000002    4.966515 v _1425_/B (sky130_fd_sc_hd__or3b_2)
     2    0.038402    0.171973    0.590003    5.556518 v _1425_/X (sky130_fd_sc_hd__or3b_2)
                                                         result[16] (net)
                      0.171973    0.000532    5.557049 v result[16] (out)
                                              5.557049   data arrival time

                      0.000000   10.000000   10.000000   clock __VIRTUAL_CLK__ (rise edge)
                                  0.000000   10.000000   clock network delay (ideal)
                                 -0.250000    9.750000   clock uncertainty
                                  0.000000    9.750000   clock reconvergence pessimism
                                 -2.000000    7.750000   output external delay
                                              7.750000   data required time
---------------------------------------------------------------------------------------------
                                              7.750000   data required time
                                             -5.557049   data arrival time
---------------------------------------------------------------------------------------------
                                              2.192951   slack (MET)


Startpoint: B[0] (input port clocked by __VIRTUAL_CLK__)
Endpoint: result[11] (output port clocked by __VIRTUAL_CLK__)
Path Group: __VIRTUAL_CLK__
Path Type: max

Fanout         Cap        Slew       Delay        Time   Description
---------------------------------------------------------------------------------------------
                      0.000000    0.000000    0.000000   clock __VIRTUAL_CLK__ (rise edge)
                                  0.000000    0.000000   clock network delay (ideal)
                                  2.000000    2.000000 ^ input external delay
    73    0.377090    1.681016    1.160999    3.160999 ^ B[0] (in)
                                                         B[0] (net)
                      1.681218    0.000000    3.160999 ^ _1240_/S0 (sky130_fd_sc_hd__mux4_2)
     2    0.007833    0.097076    0.666274    3.827273 v _1240_/X (sky130_fd_sc_hd__mux4_2)
                                                         _0408_ (net)
                      0.097076    0.000103    3.827375 v _1318_/A0 (sky130_fd_sc_hd__mux2_1)
     2    0.003806    0.063835    0.304071    4.131446 v _1318_/X (sky130_fd_sc_hd__mux2_1)
                                                         _0482_ (net)
                      0.063835    0.000008    4.131454 v _1319_/A1 (sky130_fd_sc_hd__mux2_1)
     2    0.010699    0.091659    0.345408    4.476862 v _1319_/X (sky130_fd_sc_hd__mux2_1)
                                                         _0483_ (net)
                      0.091659    0.000019    4.476881 v _1323_/A2 (sky130_fd_sc_hd__a211o_2)
     1    0.002685    0.046807    0.336697    4.813578 v _1323_/X (sky130_fd_sc_hd__a211o_2)
                                                         _0487_ (net)
                      0.046807    0.000007    4.813585 v _1324_/B1 (sky130_fd_sc_hd__a211o_2)
     1    0.003275    0.047532    0.299789    5.113373 v _1324_/X (sky130_fd_sc_hd__a211o_2)
                                                         _0488_ (net)
                      0.047532    0.000020    5.113394 v _1325_/C1 (sky130_fd_sc_hd__a211o_2)
     2    0.038060    0.126634    0.370599    5.483993 v _1325_/X (sky130_fd_sc_hd__a211o_2)
                                                         result[11] (net)
                      0.126636    0.000719    5.484712 v result[11] (out)
                                              5.484712   data arrival time

                      0.000000   10.000000   10.000000   clock __VIRTUAL_CLK__ (rise edge)
                                  0.000000   10.000000   clock network delay (ideal)
                                 -0.250000    9.750000   clock uncertainty
                                  0.000000    9.750000   clock reconvergence pessimism
                                 -2.000000    7.750000   output external delay
                                              7.750000   data required time
---------------------------------------------------------------------------------------------
                                              7.750000   data required time
                                             -5.484712   data arrival time
---------------------------------------------------------------------------------------------
                                              2.265288   slack (MET)


Startpoint: B[0] (input port clocked by __VIRTUAL_CLK__)
Endpoint: result[14] (output port clocked by __VIRTUAL_CLK__)
Path Group: __VIRTUAL_CLK__
Path Type: max

Fanout         Cap        Slew       Delay        Time   Description
---------------------------------------------------------------------------------------------
                      0.000000    0.000000    0.000000   clock __VIRTUAL_CLK__ (rise edge)
                                  0.000000    0.000000   clock network delay (ideal)
                                  2.000000    2.000000 ^ input external delay
    73    0.377090    1.681016    1.155237    3.155237 ^ B[0] (in)
                                                         B[0] (net)
                      1.681094    0.000000    3.155237 ^ _0867_/A (sky130_fd_sc_hd__nand2_2)
     5    0.014452    0.298171    0.200680    3.355917 v _0867_/Y (sky130_fd_sc_hd__nand2_2)
                                                         _0042_ (net)
                      0.298171    0.000014    3.355932 v _1129_/A1 (sky130_fd_sc_hd__o21a_2)
     4    0.013537    0.058765    0.330464    3.686396 v _1129_/X (sky130_fd_sc_hd__o21a_2)
                                                         _0302_ (net)
                      0.058765    0.000098    3.686494 v _1171_/A2 (sky130_fd_sc_hd__o211a_2)
     3    0.011002    0.060591    0.268156    3.954650 v _1171_/X (sky130_fd_sc_hd__o211a_2)
                                                         _0342_ (net)
                      0.060591    0.000140    3.954790 v _1257_/A2 (sky130_fd_sc_hd__o31a_2)
     5    0.020318    0.091179    0.381833    4.336623 v _1257_/X (sky130_fd_sc_hd__o31a_2)
                                                         _0424_ (net)
                      0.091179    0.000379    4.337001 v _1334_/A2 (sky130_fd_sc_hd__a21o_2)
     3    0.011763    0.055628    0.252320    4.589322 v _1334_/X (sky130_fd_sc_hd__a21o_2)
                                                         _0497_ (net)
                      0.055628    0.000034    4.589355 v _1355_/A2 (sky130_fd_sc_hd__a21o_2)
     3    0.010260    0.052338    0.233471    4.822827 v _1355_/X (sky130_fd_sc_hd__a21o_2)
                                                         _0517_ (net)
                      0.052338    0.000032    4.822859 v _1372_/A2 (sky130_fd_sc_hd__a31o_2)
     1    0.003080    0.037073    0.227355    5.050214 v _1372_/X (sky130_fd_sc_hd__a31o_2)
                                                         _0533_ (net)
                      0.037073    0.000011    5.050225 v _1385_/A2 (sky130_fd_sc_hd__o211a_2)
     1    0.004463    0.046441    0.235880    5.286105 v _1385_/X (sky130_fd_sc_hd__o211a_2)
                                                         _0546_ (net)
                      0.046441    0.000007    5.286111 v _1386_/B1 (sky130_fd_sc_hd__o21ai_2)
     2    0.038536    0.442191    0.180463    5.466575 ^ _1386_/Y (sky130_fd_sc_hd__o21ai_2)
                                                         result[14] (net)
                      0.442193    0.000799    5.467374 ^ result[14] (out)
                                              5.467374   data arrival time

                      0.000000   10.000000   10.000000   clock __VIRTUAL_CLK__ (rise edge)
                                  0.000000   10.000000   clock network delay (ideal)
                                 -0.250000    9.750000   clock uncertainty
                                  0.000000    9.750000   clock reconvergence pessimism
                                 -2.000000    7.750000   output external delay
                                              7.750000   data required time
---------------------------------------------------------------------------------------------
                                              7.750000   data required time
                                             -5.467374   data arrival time
---------------------------------------------------------------------------------------------
                                              2.282626   slack (MET)


Startpoint: B[0] (input port clocked by __VIRTUAL_CLK__)
Endpoint: result[4] (output port clocked by __VIRTUAL_CLK__)
Path Group: __VIRTUAL_CLK__
Path Type: max

Fanout         Cap        Slew       Delay        Time   Description
---------------------------------------------------------------------------------------------
                      0.000000    0.000000    0.000000   clock __VIRTUAL_CLK__ (rise edge)
                                  0.000000    0.000000   clock network delay (ideal)
                                  2.000000    2.000000 ^ input external delay
    73    0.377090    1.681016    1.159812    3.159812 ^ B[0] (in)
                                                         B[0] (net)
                      1.681188    0.000000    3.159812 ^ _0843_/S0 (sky130_fd_sc_hd__mux4_2)
     3    0.014275    0.115613    0.698150    3.857962 v _0843_/X (sky130_fd_sc_hd__mux4_2)
                                                         _0018_ (net)
                      0.115613    0.000269    3.858230 v _1174_/A1 (sky130_fd_sc_hd__mux2_1)
     2    0.004447    0.063489    0.325004    4.183235 v _1174_/X (sky130_fd_sc_hd__mux2_1)
                                                         _0345_ (net)
                      0.063489    0.000022    4.183257 v _1178_/A0 (sky130_fd_sc_hd__mux2_1)
     1    0.002409    0.054243    0.279218    4.462474 v _1178_/X (sky130_fd_sc_hd__mux2_1)
                                                         _0349_ (net)
                      0.054243    0.000003    4.462477 v _1180_/A2 (sky130_fd_sc_hd__a22o_2)
     2    0.011828    0.061904    0.287555    4.750032 v _1180_/X (sky130_fd_sc_hd__a22o_2)
                                                         _0351_ (net)
                      0.061904    0.000101    4.750133 v _1189_/A2 (sky130_fd_sc_hd__a211o_2)
     1    0.003832    0.050179    0.332706    5.082839 v _1189_/X (sky130_fd_sc_hd__a211o_2)
                                                         _0360_ (net)
                      0.050179    0.000021    5.082860 v _1190_/B1 (sky130_fd_sc_hd__a31o_2)
     2    0.036602    0.109643    0.298525    5.381385 v _1190_/X (sky130_fd_sc_hd__a31o_2)
                                                         result[4] (net)
                      0.109643    0.000270    5.381655 v result[4] (out)
                                              5.381655   data arrival time

                      0.000000   10.000000   10.000000   clock __VIRTUAL_CLK__ (rise edge)
                                  0.000000   10.000000   clock network delay (ideal)
                                 -0.250000    9.750000   clock uncertainty
                                  0.000000    9.750000   clock reconvergence pessimism
                                 -2.000000    7.750000   output external delay
                                              7.750000   data required time
---------------------------------------------------------------------------------------------
                                              7.750000   data required time
                                             -5.381655   data arrival time
---------------------------------------------------------------------------------------------
                                              2.368345   slack (MET)


Startpoint: B[0] (input port clocked by __VIRTUAL_CLK__)
Endpoint: result[13] (output port clocked by __VIRTUAL_CLK__)
Path Group: __VIRTUAL_CLK__
Path Type: max

Fanout         Cap        Slew       Delay        Time   Description
---------------------------------------------------------------------------------------------
                      0.000000    0.000000    0.000000   clock __VIRTUAL_CLK__ (rise edge)
                                  0.000000    0.000000   clock network delay (ideal)
                                  2.000000    2.000000 ^ input external delay
    73    0.377090    1.681016    1.155237    3.155237 ^ B[0] (in)
                                                         B[0] (net)
                      1.681094    0.000000    3.155237 ^ _0867_/A (sky130_fd_sc_hd__nand2_2)
     5    0.014452    0.298171    0.200680    3.355917 v _0867_/Y (sky130_fd_sc_hd__nand2_2)
                                                         _0042_ (net)
                      0.298171    0.000014    3.355932 v _1129_/A1 (sky130_fd_sc_hd__o21a_2)
     4    0.013537    0.058765    0.330464    3.686396 v _1129_/X (sky130_fd_sc_hd__o21a_2)
                                                         _0302_ (net)
                      0.058765    0.000098    3.686494 v _1171_/A2 (sky130_fd_sc_hd__o211a_2)
     3    0.011002    0.060591    0.268156    3.954650 v _1171_/X (sky130_fd_sc_hd__o211a_2)
                                                         _0342_ (net)
                      0.060591    0.000140    3.954790 v _1257_/A2 (sky130_fd_sc_hd__o31a_2)
     5    0.020318    0.091179    0.381833    4.336623 v _1257_/X (sky130_fd_sc_hd__o31a_2)
                                                         _0424_ (net)
                      0.091179    0.000379    4.337001 v _1334_/A2 (sky130_fd_sc_hd__a21o_2)
     3    0.011763    0.055628    0.252320    4.589322 v _1334_/X (sky130_fd_sc_hd__a21o_2)
                                                         _0497_ (net)
                      0.055628    0.000034    4.589355 v _1355_/A2 (sky130_fd_sc_hd__a21o_2)
     3    0.010260    0.052338    0.233471    4.822827 v _1355_/X (sky130_fd_sc_hd__a21o_2)
                                                         _0517_ (net)
                      0.052338    0.000015    4.822842 v _1356_/C1 (sky130_fd_sc_hd__o211a_2)
     1    0.003157    0.041217    0.115497    4.938338 v _1356_/X (sky130_fd_sc_hd__o211a_2)
                                                         _0518_ (net)
                      0.041217    0.000016    4.938355 v _1367_/B1 (sky130_fd_sc_hd__a211o_2)
     2    0.038965    0.128306    0.409070    5.347425 v _1367_/X (sky130_fd_sc_hd__a211o_2)
                                                         result[13] (net)
                      0.128306    0.000380    5.347805 v result[13] (out)
                                              5.347805   data arrival time

                      0.000000   10.000000   10.000000   clock __VIRTUAL_CLK__ (rise edge)
                                  0.000000   10.000000   clock network delay (ideal)
                                 -0.250000    9.750000   clock uncertainty
                                  0.000000    9.750000   clock reconvergence pessimism
                                 -2.000000    7.750000   output external delay
                                              7.750000   data required time
---------------------------------------------------------------------------------------------
                                              7.750000   data required time
                                             -5.347805   data arrival time
---------------------------------------------------------------------------------------------
                                              2.402195   slack (MET)


Startpoint: B[0] (input port clocked by __VIRTUAL_CLK__)
Endpoint: result[3] (output port clocked by __VIRTUAL_CLK__)
Path Group: __VIRTUAL_CLK__
Path Type: max

Fanout         Cap        Slew       Delay        Time   Description
---------------------------------------------------------------------------------------------
                      0.000000    0.000000    0.000000   clock __VIRTUAL_CLK__ (rise edge)
                                  0.000000    0.000000   clock network delay (ideal)
                                  2.000000    2.000000 ^ input external delay
    73    0.377090    1.681016    1.163695    3.163695 ^ B[0] (in)
                                                         B[0] (net)
                      1.681296    0.000000    3.163695 ^ _1157_/S0 (sky130_fd_sc_hd__mux4_2)
     4    0.011535    0.108032    0.687007    3.850702 v _1157_/X (sky130_fd_sc_hd__mux4_2)
                                                         _0329_ (net)
                      0.108032    0.000119    3.850821 v _1159_/A0 (sky130_fd_sc_hd__mux2_1)
     1    0.003277    0.061057    0.304055    4.154876 v _1159_/X (sky130_fd_sc_hd__mux2_1)
                                                         _0331_ (net)
                      0.061057    0.000013    4.154889 v _1163_/A2 (sky130_fd_sc_hd__o211a_2)
     1    0.004276    0.045487    0.244254    4.399143 v _1163_/X (sky130_fd_sc_hd__o211a_2)
                                                         _0335_ (net)
                      0.045487    0.000036    4.399178 v _1169_/C (sky130_fd_sc_hd__or4b_2)
     1    0.002201    0.095729    0.593187    4.992365 v _1169_/X (sky130_fd_sc_hd__or4b_2)
                                                         _0341_ (net)
                      0.095729    0.000000    4.992365 v _1170_/B1 (sky130_fd_sc_hd__a21o_2)
     2    0.037388    0.108127    0.288147    5.280513 v _1170_/X (sky130_fd_sc_hd__a21o_2)
                                                         result[3] (net)
                      0.108127    0.000322    5.280835 v result[3] (out)
                                              5.280835   data arrival time

                      0.000000   10.000000   10.000000   clock __VIRTUAL_CLK__ (rise edge)
                                  0.000000   10.000000   clock network delay (ideal)
                                 -0.250000    9.750000   clock uncertainty
                                  0.000000    9.750000   clock reconvergence pessimism
                                 -2.000000    7.750000   output external delay
                                              7.750000   data required time
---------------------------------------------------------------------------------------------
                                              7.750000   data required time
                                             -5.280835   data arrival time
---------------------------------------------------------------------------------------------
                                              2.469165   slack (MET)


Startpoint: B[0] (input port clocked by __VIRTUAL_CLK__)
Endpoint: result[1] (output port clocked by __VIRTUAL_CLK__)
Path Group: __VIRTUAL_CLK__
Path Type: max

Fanout         Cap        Slew       Delay        Time   Description
---------------------------------------------------------------------------------------------
                      0.000000    0.000000    0.000000   clock __VIRTUAL_CLK__ (rise edge)
                                  0.000000    0.000000   clock network delay (ideal)
                                  2.000000    2.000000 ^ input external delay
    73    0.377090    1.681016    1.158316    3.158316 ^ B[0] (in)
                                                         B[0] (net)
                      1.681153    0.000000    3.158316 ^ _1076_/S (sky130_fd_sc_hd__mux2_1)
     4    0.008561    0.087234    0.433491    3.591807 v _1076_/X (sky130_fd_sc_hd__mux2_1)
                                                         _0250_ (net)
                      0.087234    0.000046    3.591853 v _1083_/A0 (sky130_fd_sc_hd__mux2_1)
     3    0.008292    0.083148    0.329960    3.921813 v _1083_/X (sky130_fd_sc_hd__mux2_1)
                                                         _0257_ (net)
                      0.083148    0.000044    3.921857 v _1084_/A1 (sky130_fd_sc_hd__mux2_1)
     2    0.006768    0.076811    0.328859    4.250716 v _1084_/X (sky130_fd_sc_hd__mux2_1)
                                                         _0258_ (net)
                      0.076811    0.000008    4.250724 v _1085_/A1 (sky130_fd_sc_hd__mux2_1)
     1    0.002204    0.053147    0.292510    4.543235 v _1085_/X (sky130_fd_sc_hd__mux2_1)
                                                         _0259_ (net)
                      0.053147    0.000000    4.543235 v _1086_/B2 (sky130_fd_sc_hd__a22o_2)
     2    0.009436    0.056172    0.247070    4.790306 v _1086_/X (sky130_fd_sc_hd__a22o_2)
                                                         _0260_ (net)
                      0.056172    0.000097    4.790403 v _1110_/A2 (sky130_fd_sc_hd__a211o_2)
     2    0.039417    0.129279    0.438800    5.229203 v _1110_/X (sky130_fd_sc_hd__a211o_2)
                                                         result[1] (net)
                      0.129281    0.000775    5.229978 v result[1] (out)
                                              5.229978   data arrival time

                      0.000000   10.000000   10.000000   clock __VIRTUAL_CLK__ (rise edge)
                                  0.000000   10.000000   clock network delay (ideal)
                                 -0.250000    9.750000   clock uncertainty
                                  0.000000    9.750000   clock reconvergence pessimism
                                 -2.000000    7.750000   output external delay
                                              7.750000   data required time
---------------------------------------------------------------------------------------------
                                              7.750000   data required time
                                             -5.229978   data arrival time
---------------------------------------------------------------------------------------------
                                              2.520022   slack (MET)


Startpoint: B[0] (input port clocked by __VIRTUAL_CLK__)
Endpoint: result[2] (output port clocked by __VIRTUAL_CLK__)
Path Group: __VIRTUAL_CLK__
Path Type: max

Fanout         Cap        Slew       Delay        Time   Description
---------------------------------------------------------------------------------------------
                      0.000000    0.000000    0.000000   clock __VIRTUAL_CLK__ (rise edge)
                                  0.000000    0.000000   clock network delay (ideal)
                                  2.000000    2.000000 ^ input external delay
    73    0.377090    1.681016    1.156790    3.156790 ^ B[0] (in)
                                                         B[0] (net)
                      1.681122    0.000000    3.156790 ^ _1135_/S (sky130_fd_sc_hd__mux2_1)
     1    0.001883    0.056148    0.384266    3.541056 v _1135_/X (sky130_fd_sc_hd__mux2_1)
                                                         _0308_ (net)
                      0.056148    0.000002    3.541058 v _1136_/A2_N (sky130_fd_sc_hd__o2bb2a_2)
     2    0.009830    0.097847    0.263337    3.804395 ^ _1136_/X (sky130_fd_sc_hd__o2bb2a_2)
                                                         _0309_ (net)
                      0.097847    0.000015    3.804410 ^ _1137_/B (sky130_fd_sc_hd__nor2_2)
     3    0.014235    0.119504    0.066498    3.870908 v _1137_/Y (sky130_fd_sc_hd__nor2_2)
                                                         _0310_ (net)
                      0.119504    0.000023    3.870931 v _1138_/B1 (sky130_fd_sc_hd__a221o_2)
     1    0.002235    0.050514    0.345190    4.216121 v _1138_/X (sky130_fd_sc_hd__a221o_2)
                                                         _0311_ (net)
                      0.050514    0.000000    4.216122 v _1139_/B1 (sky130_fd_sc_hd__a31o_2)
     1    0.003042    0.037095    0.209453    4.425575 v _1139_/X (sky130_fd_sc_hd__a31o_2)
                                                         _0312_ (net)
                      0.037095    0.000010    4.425585 v _1140_/B1 (sky130_fd_sc_hd__a311o_2)
     1    0.003527    0.054841    0.345215    4.770800 v _1140_/X (sky130_fd_sc_hd__a311o_2)
                                                         _0313_ (net)
                      0.054841    0.000022    4.770822 v _1141_/C1 (sky130_fd_sc_hd__a211o_2)
     2    0.038436    0.127321    0.373299    5.144121 v _1141_/X (sky130_fd_sc_hd__a211o_2)
                                                         result[2] (net)
                      0.127321    0.000482    5.144604 v result[2] (out)
                                              5.144604   data arrival time

                      0.000000   10.000000   10.000000   clock __VIRTUAL_CLK__ (rise edge)
                                  0.000000   10.000000   clock network delay (ideal)
                                 -0.250000    9.750000   clock uncertainty
                                  0.000000    9.750000   clock reconvergence pessimism
                                 -2.000000    7.750000   output external delay
                                              7.750000   data required time
---------------------------------------------------------------------------------------------
                                              7.750000   data required time
                                             -5.144604   data arrival time
---------------------------------------------------------------------------------------------
                                              2.605397   slack (MET)



%OL_END_REPORT
%OL_CREATE_REPORT checks.rpt

===========================================================================
report_checks -unconstrained
===========================================================================
======================= nom_tt_025C_1v80 Corner ===================================

Startpoint: B[0] (input port clocked by __VIRTUAL_CLK__)
Endpoint: zero (output port clocked by __VIRTUAL_CLK__)
Path Group: __VIRTUAL_CLK__
Path Type: max

Fanout         Cap        Slew       Delay        Time   Description
---------------------------------------------------------------------------------------------
                      0.000000    0.000000    0.000000   clock __VIRTUAL_CLK__ (rise edge)
                                  0.000000    0.000000   clock network delay (ideal)
                                  2.000000    2.000000 ^ input external delay
    73    0.377090    1.681016    1.158316    3.158316 ^ B[0] (in)
                                                         B[0] (net)
                      1.681153    0.000000    3.158316 ^ _1076_/S (sky130_fd_sc_hd__mux2_1)
     4    0.008561    0.087234    0.433491    3.591807 v _1076_/X (sky130_fd_sc_hd__mux2_1)
                                                         _0250_ (net)
                      0.087234    0.000046    3.591853 v _1083_/A0 (sky130_fd_sc_hd__mux2_1)
     3    0.008292    0.083148    0.329960    3.921813 v _1083_/X (sky130_fd_sc_hd__mux2_1)
                                                         _0257_ (net)
                      0.083148    0.000044    3.921857 v _1084_/A1 (sky130_fd_sc_hd__mux2_1)
     2    0.006768    0.076811    0.328859    4.250716 v _1084_/X (sky130_fd_sc_hd__mux2_1)
                                                         _0258_ (net)
                      0.076811    0.000008    4.250724 v _1085_/A1 (sky130_fd_sc_hd__mux2_1)
     1    0.002204    0.053147    0.292510    4.543235 v _1085_/X (sky130_fd_sc_hd__mux2_1)
                                                         _0259_ (net)
                      0.053147    0.000000    4.543235 v _1086_/B2 (sky130_fd_sc_hd__a22o_2)
     2    0.009436    0.056172    0.247070    4.790306 v _1086_/X (sky130_fd_sc_hd__a22o_2)
                                                         _0260_ (net)
                      0.056172    0.000096    4.790402 v _1435_/A1 (sky130_fd_sc_hd__o21a_2)
     1    0.006090    0.041584    0.218974    5.009376 v _1435_/X (sky130_fd_sc_hd__o21a_2)
                                                         _0593_ (net)
                      0.041584    0.000082    5.009458 v _1438_/B (sky130_fd_sc_hd__or4_2)
     1    0.003226    0.099940    0.636308    5.645765 v _1438_/X (sky130_fd_sc_hd__or4_2)
                                                         _0596_ (net)
                      0.099940    0.000018    5.645783 v _1445_/B (sky130_fd_sc_hd__or3_2)
     2    0.038732    0.171835    0.604685    6.250468 v _1445_/X (sky130_fd_sc_hd__or3_2)
                                                         result[17] (net)
                      0.171835    0.000074    6.250542 v _1669_/D (sky130_fd_sc_hd__or4_2)
     1    0.006595    0.114619    0.598444    6.848986 v _1669_/X (sky130_fd_sc_hd__or4_2)
                                                         _0812_ (net)
                      0.114619    0.000086    6.849072 v _1674_/A (sky130_fd_sc_hd__or4_2)
     1    0.012930    0.140450    0.742566    7.591638 v _1674_/X (sky130_fd_sc_hd__or4_2)
                                                         _0817_ (net)
                      0.140450    0.000512    7.592150 v _1677_/B (sky130_fd_sc_hd__or4_2)
     1    0.001631    0.092219    0.650168    8.242318 v _1677_/X (sky130_fd_sc_hd__or4_2)
                                                         _0820_ (net)
                      0.092219    0.000003    8.242321 v _1678_/D (sky130_fd_sc_hd__or4_2)
     1    0.004221    0.107131    0.556250    8.798571 v _1678_/X (sky130_fd_sc_hd__or4_2)
                                                         _0821_ (net)
                      0.107131    0.000004    8.798575 v _1682_/C (sky130_fd_sc_hd__nor4_2)
     1    0.034612    0.848381    0.715237    9.513812 ^ _1682_/Y (sky130_fd_sc_hd__nor4_2)
                                                         zero (net)
                      0.848381    0.000267    9.514080 ^ zero (out)
                                              9.514080   data arrival time

                      0.000000   10.000000   10.000000   clock __VIRTUAL_CLK__ (rise edge)
                                  0.000000   10.000000   clock network delay (ideal)
                                 -0.250000    9.750000   clock uncertainty
                                  0.000000    9.750000   clock reconvergence pessimism
                                 -2.000000    7.750000   output external delay
                                              7.750000   data required time
---------------------------------------------------------------------------------------------
                                              7.750000   data required time
                                             -9.514080   data arrival time
---------------------------------------------------------------------------------------------
                                             -1.764080   slack (VIOLATED)




===========================================================================
report_checks --slack_max -0.01
============================================================================
======================= nom_tt_025C_1v80 Corner ===================================

Startpoint: B[0] (input port clocked by __VIRTUAL_CLK__)
Endpoint: zero (output port clocked by __VIRTUAL_CLK__)
Path Group: __VIRTUAL_CLK__
Path Type: max

Fanout         Cap        Slew       Delay        Time   Description
---------------------------------------------------------------------------------------------
                      0.000000    0.000000    0.000000   clock __VIRTUAL_CLK__ (rise edge)
                                  0.000000    0.000000   clock network delay (ideal)
                                  2.000000    2.000000 ^ input external delay
    73    0.377090    1.681016    1.158316    3.158316 ^ B[0] (in)
                                                         B[0] (net)
                      1.681153    0.000000    3.158316 ^ _1076_/S (sky130_fd_sc_hd__mux2_1)
     4    0.008561    0.087234    0.433491    3.591807 v _1076_/X (sky130_fd_sc_hd__mux2_1)
                                                         _0250_ (net)
                      0.087234    0.000046    3.591853 v _1083_/A0 (sky130_fd_sc_hd__mux2_1)
     3    0.008292    0.083148    0.329960    3.921813 v _1083_/X (sky130_fd_sc_hd__mux2_1)
                                                         _0257_ (net)
                      0.083148    0.000044    3.921857 v _1084_/A1 (sky130_fd_sc_hd__mux2_1)
     2    0.006768    0.076811    0.328859    4.250716 v _1084_/X (sky130_fd_sc_hd__mux2_1)
                                                         _0258_ (net)
                      0.076811    0.000008    4.250724 v _1085_/A1 (sky130_fd_sc_hd__mux2_1)
     1    0.002204    0.053147    0.292510    4.543235 v _1085_/X (sky130_fd_sc_hd__mux2_1)
                                                         _0259_ (net)
                      0.053147    0.000000    4.543235 v _1086_/B2 (sky130_fd_sc_hd__a22o_2)
     2    0.009436    0.056172    0.247070    4.790306 v _1086_/X (sky130_fd_sc_hd__a22o_2)
                                                         _0260_ (net)
                      0.056172    0.000096    4.790402 v _1435_/A1 (sky130_fd_sc_hd__o21a_2)
     1    0.006090    0.041584    0.218974    5.009376 v _1435_/X (sky130_fd_sc_hd__o21a_2)
                                                         _0593_ (net)
                      0.041584    0.000082    5.009458 v _1438_/B (sky130_fd_sc_hd__or4_2)
     1    0.003226    0.099940    0.636308    5.645765 v _1438_/X (sky130_fd_sc_hd__or4_2)
                                                         _0596_ (net)
                      0.099940    0.000018    5.645783 v _1445_/B (sky130_fd_sc_hd__or3_2)
     2    0.038732    0.171835    0.604685    6.250468 v _1445_/X (sky130_fd_sc_hd__or3_2)
                                                         result[17] (net)
                      0.171835    0.000074    6.250542 v _1669_/D (sky130_fd_sc_hd__or4_2)
     1    0.006595    0.114619    0.598444    6.848986 v _1669_/X (sky130_fd_sc_hd__or4_2)
                                                         _0812_ (net)
                      0.114619    0.000086    6.849072 v _1674_/A (sky130_fd_sc_hd__or4_2)
     1    0.012930    0.140450    0.742566    7.591638 v _1674_/X (sky130_fd_sc_hd__or4_2)
                                                         _0817_ (net)
                      0.140450    0.000512    7.592150 v _1677_/B (sky130_fd_sc_hd__or4_2)
     1    0.001631    0.092219    0.650168    8.242318 v _1677_/X (sky130_fd_sc_hd__or4_2)
                                                         _0820_ (net)
                      0.092219    0.000003    8.242321 v _1678_/D (sky130_fd_sc_hd__or4_2)
     1    0.004221    0.107131    0.556250    8.798571 v _1678_/X (sky130_fd_sc_hd__or4_2)
                                                         _0821_ (net)
                      0.107131    0.000004    8.798575 v _1682_/C (sky130_fd_sc_hd__nor4_2)
     1    0.034612    0.848381    0.715237    9.513812 ^ _1682_/Y (sky130_fd_sc_hd__nor4_2)
                                                         zero (net)
                      0.848381    0.000267    9.514080 ^ zero (out)
                                              9.514080   data arrival time

                      0.000000   10.000000   10.000000   clock __VIRTUAL_CLK__ (rise edge)
                                  0.000000   10.000000   clock network delay (ideal)
                                 -0.250000    9.750000   clock uncertainty
                                  0.000000    9.750000   clock reconvergence pessimism
                                 -2.000000    7.750000   output external delay
                                              7.750000   data required time
---------------------------------------------------------------------------------------------
                                              7.750000   data required time
                                             -9.514080   data arrival time
---------------------------------------------------------------------------------------------
                                             -1.764080   slack (VIOLATED)




===========================================================================
 report_check_types -max_slew -max_cap -max_fanout -violators
============================================================================
======================= nom_tt_025C_1v80 Corner ===================================

max slew

Pin                                        Limit        Slew       Slack
------------------------------------------------------------------------
_1071_/S0                               0.750000    1.681309   -0.931309 (VIOLATED)
_1113_/S0                               0.750000    1.681310   -0.931310 (VIOLATED)
_0839_/S0                               0.750000    1.681308   -0.931308 (VIOLATED)
_1432_/S0                               0.750000    1.681306   -0.931306 (VIOLATED)
_1087_/S0                               0.750000    1.681303   -0.931303 (VIOLATED)
_1413_/S                                0.750000    1.681304   -0.931304 (VIOLATED)
_1431_/S                                0.750000    1.681304   -0.931305 (VIOLATED)
_1455_/S                                0.750000    1.681304   -0.931305 (VIOLATED)
_1375_/S                                0.750000    1.681301   -0.931301 (VIOLATED)
_0849_/S0                               0.750000    1.681296   -0.931296 (VIOLATED)
_1122_/S0                               0.750000    1.681295   -0.931295 (VIOLATED)
_1157_/S0                               0.750000    1.681296   -0.931296 (VIOLATED)
_1158_/S0                               0.750000    1.681295   -0.931295 (VIOLATED)
_1396_/S0                               0.750000    1.681295   -0.931295 (VIOLATED)
_1337_/S                                0.750000    1.681291   -0.931291 (VIOLATED)
_1358_/S0                               0.750000    1.681274   -0.931274 (VIOLATED)
_1123_/S0                               0.750000    1.681268   -0.931268 (VIOLATED)
_1088_/S0                               0.750000    1.681259   -0.931259 (VIOLATED)
_0850_/S0                               0.750000    1.681251   -0.931251 (VIOLATED)
_1299_/S0                               0.750000    1.681250   -0.931250 (VIOLATED)
_1317_/S0                               0.750000    1.681250   -0.931250 (VIOLATED)
_1338_/S0                               0.750000    1.681251   -0.931251 (VIOLATED)
_1160_/S0                               0.750000    1.681247   -0.931247 (VIOLATED)
_1280_/S0                               0.750000    1.681248   -0.931248 (VIOLATED)
_1125_/S0                               0.750000    1.681240   -0.931240 (VIOLATED)
_1264_/S0                               0.750000    1.681232   -0.931232 (VIOLATED)
_1091_/S0                               0.750000    1.681227   -0.931227 (VIOLATED)
_1240_/S0                               0.750000    1.681218   -0.931218 (VIOLATED)
_0854_/S0                               0.750000    1.681212   -0.931212 (VIOLATED)
_0838_/S0                               0.750000    1.681207   -0.931207 (VIOLATED)
_1143_/S0                               0.750000    1.681207   -0.931207 (VIOLATED)
_1070_/S0                               0.750000    1.681206   -0.931206 (VIOLATED)
_1469_/S                                0.750000    1.681207   -0.931207 (VIOLATED)
_1486_/S                                0.750000    1.681206   -0.931206 (VIOLATED)
_1499_/S                                0.750000    1.681206   -0.931206 (VIOLATED)
_1523_/S                                0.750000    1.681205   -0.931205 (VIOLATED)
_1112_/S0                               0.750000    1.681201   -0.931201 (VIOLATED)
_1538_/S                                0.750000    1.681201   -0.931201 (VIOLATED)
_1556_/S                                0.750000    1.681197   -0.931197 (VIOLATED)
_1142_/S0                               0.750000    1.681195   -0.931195 (VIOLATED)
_0843_/S0                               0.750000    1.681188   -0.931188 (VIOLATED)
_1586_/S                                0.750000    1.681187   -0.931187 (VIOLATED)
_1567_/S                                0.750000    1.681185   -0.931185 (VIOLATED)
_1074_/S                                0.750000    1.681182   -0.931182 (VIOLATED)
_1219_/S0                               0.750000    1.681183   -0.931183 (VIOLATED)
_1090_/S                                0.750000    1.681178   -0.931179 (VIOLATED)
_1599_/S                                0.750000    1.681177   -0.931177 (VIOLATED)
_0853_/S                                0.750000    1.681175   -0.931175 (VIOLATED)
_1115_/S0                               0.750000    1.681174   -0.931174 (VIOLATED)
_1629_/S                                0.750000    1.681165   -0.931165 (VIOLATED)
_1613_/S                                0.750000    1.681164   -0.931164 (VIOLATED)
_1073_/S                                0.750000    1.681160   -0.931160 (VIOLATED)
_1644_/S                                0.750000    1.681160   -0.931160 (VIOLATED)
_1093_/S                                0.750000    1.681159   -0.931159 (VIOLATED)
_0842_/S0                               0.750000    1.681154   -0.931154 (VIOLATED)
_1076_/S                                0.750000    1.681153   -0.931153 (VIOLATED)
_0859_/S                                0.750000    1.681147   -0.931147 (VIOLATED)
_1199_/S0                               0.750000    1.681147   -0.931147 (VIOLATED)
_0858_/S                                0.750000    1.681143   -0.931143 (VIOLATED)
_1164_/S0                               0.750000    1.681143   -0.931143 (VIOLATED)
_1182_/S0                               0.750000    1.681143   -0.931143 (VIOLATED)
_1081_/A_N                              0.750000    1.681141   -0.931141 (VIOLATED)
_1663_/A2                               0.750000    1.681141   -0.931141 (VIOLATED)
_1092_/S                                0.750000    1.681138   -0.931138 (VIOLATED)
_0841_/S                                0.750000    1.681124   -0.931124 (VIOLATED)
_1136_/B2                               0.750000    1.681125   -0.931125 (VIOLATED)
_1135_/S                                0.750000    1.681122   -0.931122 (VIOLATED)
_0835_/A                                0.750000    1.681108   -0.931108 (VIOLATED)
_0876_/B                                0.750000    1.681108   -0.931108 (VIOLATED)
_0883_/A1                               0.750000    1.681102   -0.931102 (VIOLATED)
_0873_/A1                               0.750000    1.681101   -0.931101 (VIOLATED)
_0867_/A                                0.750000    1.681094   -0.931094 (VIOLATED)
_0959_/B                                0.750000    1.681065   -0.931065 (VIOLATED)
B[0]                                    0.750000    1.681016   -0.931016 (VIOLATED)
_1393_/B2                               0.750000    1.074083   -0.324083 (VIOLATED)
_1420_/A1                               0.750000    1.074083   -0.324083 (VIOLATED)
_1453_/B2                               0.750000    1.074083   -0.324083 (VIOLATED)
_1504_/B2                               0.750000    1.074082   -0.324082 (VIOLATED)
_1239_/B2                               0.750000    1.074081   -0.324081 (VIOLATED)
_1284_/A1                               0.750000    1.074081   -0.324081 (VIOLATED)
_0869_/Y                                0.750000    1.074080   -0.324080 (VIOLATED)
_0872_/A1                               0.750000    1.074080   -0.324080 (VIOLATED)
_1184_/A1                               0.750000    1.074080   -0.324080 (VIOLATED)
_1218_/B2                               0.750000    1.074080   -0.324080 (VIOLATED)
_1555_/B2                               0.750000    1.074080   -0.324080 (VIOLATED)
_1584_/B2                               0.750000    1.074080   -0.324080 (VIOLATED)
_1603_/A1                               0.750000    1.074080   -0.324080 (VIOLATED)
_1610_/B2                               0.750000    1.074080   -0.324080 (VIOLATED)
_1628_/B2                               0.750000    1.074080   -0.324080 (VIOLATED)
_1643_/B2                               0.750000    1.074080   -0.324080 (VIOLATED)
_1660_/A1                               0.750000    1.074080   -0.324080 (VIOLATED)
_1540_/S                                0.750000    1.003549   -0.253549 (VIOLATED)
_1588_/S                                0.750000    1.003549   -0.253549 (VIOLATED)
_1602_/S0                               0.750000    1.003549   -0.253549 (VIOLATED)
_1525_/S                                0.750000    1.003548   -0.253548 (VIOLATED)
_1501_/S                                0.750000    1.003547   -0.253547 (VIOLATED)
_1569_/S0                               0.750000    1.003547   -0.253547 (VIOLATED)
_1377_/S                                0.750000    1.003546   -0.253546 (VIOLATED)
_1457_/S                                0.750000    1.003546   -0.253546 (VIOLATED)
_1488_/S                                0.750000    1.003546   -0.253546 (VIOLATED)
_1558_/S                                0.750000    1.003546   -0.253546 (VIOLATED)
_1415_/S                                0.750000    1.003545   -0.253545 (VIOLATED)
_1471_/S                                0.750000    1.003545   -0.253545 (VIOLATED)
_1316_/S0                               0.750000    1.003544   -0.253544 (VIOLATED)
_1318_/S                                0.750000    1.003544   -0.253544 (VIOLATED)
_1397_/S                                0.750000    1.003544   -0.253544 (VIOLATED)
_1300_/S                                0.750000    1.003542   -0.253542 (VIOLATED)
_1433_/S                                0.750000    1.003542   -0.253542 (VIOLATED)
_1159_/S                                0.750000    1.003541   -0.253541 (VIOLATED)
_1237_/S0                               0.750000    1.003541   -0.253541 (VIOLATED)
_1339_/S                                0.750000    1.003541   -0.253541 (VIOLATED)
_1124_/S                                0.750000    1.003541   -0.253541 (VIOLATED)
_1216_/S0                               0.750000    1.003541   -0.253541 (VIOLATED)
_1114_/S                                0.750000    1.003540   -0.253540 (VIOLATED)
_1089_/S                                0.750000    1.003539   -0.253539 (VIOLATED)
_1205_/S0                               0.750000    1.003539   -0.253539 (VIOLATED)
_1281_/S                                0.750000    1.003538   -0.253538 (VIOLATED)
_1359_/S                                0.750000    1.003538   -0.253538 (VIOLATED)
_1072_/S                                0.750000    1.003536   -0.253536 (VIOLATED)
_1265_/S                                0.750000    1.003532   -0.253532 (VIOLATED)
_0840_/S                                0.750000    1.003529   -0.253529 (VIOLATED)
_1220_/A                                0.750000    1.003528   -0.253528 (VIOLATED)
_1221_/A1                               0.750000    1.003528   -0.253528 (VIOLATED)
_0844_/S                                0.750000    1.003523   -0.253524 (VIOLATED)
_0851_/S                                0.750000    1.003521   -0.253521 (VIOLATED)
_1187_/S0                               0.750000    1.003521   -0.253521 (VIOLATED)
_1241_/S                                0.750000    1.003522   -0.253522 (VIOLATED)
_1165_/A                                0.750000    1.003521   -0.253521 (VIOLATED)
_1200_/B2                               0.750000    1.003520   -0.253520 (VIOLATED)
_1183_/B2                               0.750000    1.003518   -0.253518 (VIOLATED)
_0833_/Y                                0.750000    1.003517   -0.253517 (VIOLATED)
_1078_/S0                               0.750000    1.003517   -0.253517 (VIOLATED)
_1118_/A1                               0.750000    1.003517   -0.253517 (VIOLATED)
_1144_/S                                0.750000    1.003517   -0.253517 (VIOLATED)
_1146_/A1                               0.750000    1.003517   -0.253517 (VIOLATED)
_1148_/B2                               0.750000    1.003517   -0.253517 (VIOLATED)
_1175_/A                                0.750000    1.003517   -0.253517 (VIOLATED)
_1194_/A1                               0.750000    1.003517   -0.253517 (VIOLATED)
_1197_/A2                               0.750000    1.003517   -0.253517 (VIOLATED)
_1362_/A1                               0.750000    1.003517   -0.253517 (VIOLATED)
_1614_/A1                               0.750000    1.003517   -0.253517 (VIOLATED)
_1631_/A1                               0.750000    1.003517   -0.253517 (VIOLATED)
_1142_/S1                               0.750000    0.898850   -0.148850 (VIOLATED)
_1112_/S1                               0.750000    0.898850   -0.148850 (VIOLATED)
_1070_/S1                               0.750000    0.898849   -0.148849 (VIOLATED)
_0838_/S1                               0.750000    0.898848   -0.148848 (VIOLATED)
_1143_/S1                               0.750000    0.898847   -0.148847 (VIOLATED)
_0843_/S1                               0.750000    0.898847   -0.148847 (VIOLATED)
_1113_/S1                               0.750000    0.898846   -0.148846 (VIOLATED)
_1115_/S1                               0.750000    0.898846   -0.148846 (VIOLATED)
_1071_/S1                               0.750000    0.898845   -0.148845 (VIOLATED)
_1083_/S                                0.750000    0.898845   -0.148845 (VIOLATED)
_1145_/S                                0.750000    0.898844   -0.148844 (VIOLATED)
_0842_/S1                               0.750000    0.898844   -0.148844 (VIOLATED)
_0834_/A                                0.750000    0.898844   -0.148844 (VIOLATED)
_0839_/S1                               0.750000    0.898843   -0.148843 (VIOLATED)
_0857_/B                                0.750000    0.898843   -0.148843 (VIOLATED)
_1432_/S1                               0.750000    0.898841   -0.148841 (VIOLATED)
_0856_/B                                0.750000    0.898840   -0.148840 (VIOLATED)
_1087_/S1                               0.750000    0.898839   -0.148839 (VIOLATED)
_1157_/S1                               0.750000    0.898837   -0.148837 (VIOLATED)
_1116_/C                                0.750000    0.898836   -0.148836 (VIOLATED)
_1122_/S1                               0.750000    0.898836   -0.148836 (VIOLATED)
_1396_/S1                               0.750000    0.898834   -0.148834 (VIOLATED)
_1117_/A_N                              0.750000    0.898834   -0.148834 (VIOLATED)
_0849_/S1                               0.750000    0.898832   -0.148832 (VIOLATED)
_0958_/A                                0.750000    0.898830   -0.148830 (VIOLATED)
_1158_/S1                               0.750000    0.898830   -0.148830 (VIOLATED)
_0956_/A_N                              0.750000    0.898830   -0.148830 (VIOLATED)
_0957_/A                                0.750000    0.898829   -0.148829 (VIOLATED)
_1097_/A1                               0.750000    0.898828   -0.148828 (VIOLATED)
_1338_/S1                               0.750000    0.898823   -0.148823 (VIOLATED)
_1317_/S1                               0.750000    0.898821   -0.148821 (VIOLATED)
_1182_/S1                               0.750000    0.898819   -0.148819 (VIOLATED)
_1299_/S1                               0.750000    0.898818   -0.148819 (VIOLATED)
_1164_/S1                               0.750000    0.898818   -0.148818 (VIOLATED)
_1134_/A                                0.750000    0.898817   -0.148817 (VIOLATED)
_1280_/S1                               0.750000    0.898815   -0.148815 (VIOLATED)
_1160_/S1                               0.750000    0.898814   -0.148814 (VIOLATED)
_1123_/S1                               0.750000    0.898812   -0.148812 (VIOLATED)
_1358_/S1                               0.750000    0.898812   -0.148812 (VIOLATED)
_1088_/S1                               0.750000    0.898812   -0.148812 (VIOLATED)
_1199_/S1                               0.750000    0.898812   -0.148812 (VIOLATED)
_0850_/S1                               0.750000    0.898812   -0.148812 (VIOLATED)
_1125_/S1                               0.750000    0.898810   -0.148810 (VIOLATED)
_1264_/S1                               0.750000    0.898808   -0.148808 (VIOLATED)
_1219_/S1                               0.750000    0.898807   -0.148807 (VIOLATED)
_1091_/S1                               0.750000    0.898806   -0.148806 (VIOLATED)
_1240_/S1                               0.750000    0.898803   -0.148803 (VIOLATED)
_0854_/S1                               0.750000    0.898802   -0.148802 (VIOLATED)
B[1]                                    0.750000    0.898785   -0.148785 (VIOLATED)
zero                                    0.750000    0.848381   -0.098381 (VIOLATED)
_1682_/Y                                0.750000    0.848381   -0.098381 (VIOLATED)
_1401_/A1                               0.750000    0.822073   -0.072073 (VIOLATED)
_1353_/B1                               0.750000    0.822073   -0.072073 (VIOLATED)
_1306_/A1                               0.750000    0.822073   -0.072073 (VIOLATED)
_1444_/D1                               0.750000    0.822073   -0.072073 (VIOLATED)
_1290_/B1                               0.750000    0.822072   -0.072072 (VIOLATED)
_1460_/A1                               0.750000    0.822072   -0.072072 (VIOLATED)
_1513_/A1                               0.750000    0.822072   -0.072072 (VIOLATED)
_1529_/A1                               0.750000    0.822071   -0.072071 (VIOLATED)
_1231_/A1                               0.750000    0.822071   -0.072071 (VIOLATED)
_1544_/A1                               0.750000    0.822071   -0.072071 (VIOLATED)
_1209_/A1                               0.750000    0.822069   -0.072069 (VIOLATED)
_1576_/A                                0.750000    0.822069   -0.072069 (VIOLATED)
_1190_/A1                               0.750000    0.822069   -0.072069 (VIOLATED)
_1592_/A1                               0.750000    0.822068   -0.072068 (VIOLATED)
_1607_/A1                               0.750000    0.822068   -0.072068 (VIOLATED)
_1623_/A                                0.750000    0.822068   -0.072068 (VIOLATED)
_1638_/A1                               0.750000    0.822067   -0.072067 (VIOLATED)
_1103_/Y                                0.750000    0.822066   -0.072066 (VIOLATED)
_1656_/A                                0.750000    0.822066   -0.072066 (VIOLATED)

max fanout

Pin                                   Limit Fanout  Slack
---------------------------------------------------------
B[0]                                     10     73    -63 (VIOLATED)
_0833_/Y                                 10     50    -40 (VIOLATED)
B[1]                                     10     48    -38 (VIOLATED)
_0832_/Y                                 10     40    -30 (VIOLATED)
B[3]                                     10     36    -26 (VIOLATED)
B[4]                                     10     28    -18 (VIOLATED)
B[2]                                     10     27    -17 (VIOLATED)
_0865_/X                                 10     24    -14 (VIOLATED)
_1099_/X                                 10     22    -12 (VIOLATED)
_1103_/Y                                 10     18     -8 (VIOLATED)
A[31]                                    10     17     -7 (VIOLATED)
_0852_/Y                                 10     17     -7 (VIOLATED)
_0831_/Y                                 10     16     -6 (VIOLATED)
_0834_/Y                                 10     16     -6 (VIOLATED)
_0869_/Y                                 10     16     -6 (VIOLATED)
_0870_/X                                 10     16     -6 (VIOLATED)
_0874_/X                                 10     16     -6 (VIOLATED)
_0875_/X                                 10     16     -6 (VIOLATED)
_1392_/X                                 10     16     -6 (VIOLATED)
A[11]                                    10     14     -4 (VIOLATED)
control[0]                               10     14     -4 (VIOLATED)
A[10]                                    10     13     -3 (VIOLATED)
_1104_/X                                 10     13     -3 (VIOLATED)
A[17]                                    10     12     -2 (VIOLATED)
A[5]                                     10     12     -2 (VIOLATED)
A[6]                                     10     12     -2 (VIOLATED)
A[7]                                     10     12     -2 (VIOLATED)
A[8]                                     10     12     -2 (VIOLATED)
control[1]                               10     12     -2 (VIOLATED)
_0880_/X                                 10     12     -2 (VIOLATED)
A[12]                                    10     11        (VIOLATED)
A[13]                                    10     11        (VIOLATED)
A[16]                                    10     11        (VIOLATED)
A[20]                                    10     11        (VIOLATED)
A[21]                                    10     11        (VIOLATED)
A[4]                                     10     11        (VIOLATED)
A[9]                                     10     11        (VIOLATED)
control[3]                               10     11        (VIOLATED)
_0856_/Y                                 10     11        (VIOLATED)
_0877_/X                                 10     11        (VIOLATED)

max capacitance

Pin                                        Limit         Cap       Slack
------------------------------------------------------------------------
B[0]                                    0.200000    0.377090   -0.177090 (VIOLATED)
_0833_/Y                                0.200000    0.224801   -0.024801 (VIOLATED)
B[1]                                    0.200000    0.200793   -0.000793 (VIOLATED)



===========================================================================
report_parasitic_annotation -report_unannotated
============================================================================
Found 0 unannotated drivers.
Found 0 partially unannotated drivers.

===========================================================================
max slew violation count 212
Writing metric design__max_slew_violation__count__corner:nom_tt_025C_1v80: 212
max fanout violation count 40
Writing metric design__max_fanout_violation__count__corner:nom_tt_025C_1v80: 40
max cap violation count 3
Writing metric design__max_cap_violation__count__corner:nom_tt_025C_1v80: 3
============================================================================

===========================================================================
check_setup -verbose -unconstrained_endpoints -multiple_clock -no_clock -no_input_delay -loops -generated_clocks
===========================================================================
%OL_END_REPORT
%OL_CREATE_REPORT power.rpt

===========================================================================
 report_power
============================================================================
======================= nom_tt_025C_1v80 Corner ===================================

Group                    Internal    Switching      Leakage        Total
                            Power        Power        Power        Power (Watts)
------------------------------------------------------------------------
Sequential           0.000000e+00 0.000000e+00 0.000000e+00 0.000000e+00   0.0%
Combinational        2.035406e-04 2.007485e-04 3.370647e-09 4.042924e-04 100.0%
Clock                0.000000e+00 0.000000e+00 3.434442e-10 3.434442e-10   0.0%
Macro                0.000000e+00 0.000000e+00 0.000000e+00 0.000000e+00   0.0%
Pad                  0.000000e+00 0.000000e+00 0.000000e+00 0.000000e+00   0.0%
------------------------------------------------------------------------
Total                2.035406e-04 2.007485e-04 3.714095e-09 4.042927e-04 100.0%
                            50.3%        49.7%         0.0%
Writing metric power__internal__total: 0.00020354056323412806
Writing metric power__switching__total: 0.00020074845815543085
Writing metric power__leakage__total: 3.714095253570804e-9
Writing metric power__total: 0.0004042927466798574

%OL_END_REPORT
%OL_CREATE_REPORT skew.min.rpt

===========================================================================
Clock Skew (Hold)
============================================================================
Writing metric clock__skew__worst_hold__corner:nom_tt_025C_1v80: 0.0
======================= nom_tt_025C_1v80 Corner ===================================

Clock __VIRTUAL_CLK__
No launch/capture paths found.

%OL_END_REPORT
%OL_CREATE_REPORT skew.max.rpt

===========================================================================
Clock Skew (Setup)
============================================================================
Writing metric clock__skew__worst_setup__corner:nom_tt_025C_1v80: 0.0
======================= nom_tt_025C_1v80 Corner ===================================

Clock __VIRTUAL_CLK__
No launch/capture paths found.

%OL_END_REPORT
%OL_CREATE_REPORT ws.min.rpt

===========================================================================
Worst Slack (Hold)
============================================================================
Writing metric timing__hold__ws__corner:nom_tt_025C_1v80: 4.117123647429128
nom_tt_025C_1v80: 4.117123647429128
%OL_END_REPORT
%OL_CREATE_REPORT ws.max.rpt

===========================================================================
Worst Slack (Setup)
============================================================================
Writing metric timing__setup__ws__corner:nom_tt_025C_1v80: -1.764079598996314
nom_tt_025C_1v80: -1.764079598996314
%OL_END_REPORT
%OL_CREATE_REPORT tns.min.rpt

===========================================================================
Total Negative Slack (Hold)
============================================================================
Writing metric timing__hold__tns__corner:nom_tt_025C_1v80: 0.0
nom_tt_025C_1v80: 0.0
%OL_END_REPORT
%OL_CREATE_REPORT tns.max.rpt

===========================================================================
Total Negative Slack (Setup)
============================================================================
Writing metric timing__setup__tns__corner:nom_tt_025C_1v80: -1.764079598996314
nom_tt_025C_1v80: -1.764079598996314
%OL_END_REPORT
%OL_CREATE_REPORT wns.min.rpt

===========================================================================
Worst Negative Slack (Hold)
============================================================================
Writing metric timing__hold__wns__corner:nom_tt_025C_1v80: 0
nom_tt_025C_1v80: 0
%OL_END_REPORT
%OL_CREATE_REPORT wns.max.rpt

===========================================================================
Worst Negative Slack (Setup)
============================================================================
Writing metric timing__setup__wns__corner:nom_tt_025C_1v80: -1.764079598996314
nom_tt_025C_1v80: -1.764079598996314
%OL_END_REPORT
%OL_CREATE_REPORT violator_list.rpt

===========================================================================
Violator List
============================================================================
[setup in-out] B[0] -> zero : -1.764080
Writing metric timing__hold_vio__count__corner:nom_tt_025C_1v80: 0
Writing metric timing__hold_r2r__ws__corner:nom_tt_025C_1v80: 1e30
Writing metric timing__hold_r2r_vio__count__corner:nom_tt_025C_1v80: 0
Writing metric timing__setup_vio__count__corner:nom_tt_025C_1v80: 1
Writing metric timing__setup_r2r__ws__corner:nom_tt_025C_1v80: 1e30
Writing metric timing__setup_r2r_vio__count__corner:nom_tt_025C_1v80: 0
%OL_END_REPORT
%OL_CREATE_REPORT unpropagated.rpt
__VIRTUAL_CLK__
%OL_END_REPORT
%OL_CREATE_REPORT clock.rpt
Clock: __VIRTUAL_CLK__
Sources: 
Generated: no
Virtual: yes
Propagated: no
Period: 10.000000

===========================================================================
report_clock_properties
============================================================================
Clock                   Period          Waveform
----------------------------------------------------
__VIRTUAL_CLK__      10.000000    0.000000  5.000000

===========================================================================
report_clock_latency
============================================================================
Clock __VIRTUAL_CLK__


===========================================================================
report_clock_min_period
============================================================================
__VIRTUAL_CLK__ period_min = 0.00 fmax = inf
%OL_END_REPORT
