Reading timing models for corner nom_tt_025C_1v80…
Reading timing library for the 'nom_tt_025C_1v80' corner at '/home/naghul/.ciel/ciel/sky130/versions/8afc8346a57fe1ab7934ba5a6056ea8b43078e71/sky130A/libs.ref/sky130_fd_sc_hd/lib/sky130_fd_sc_hd__tt_025C_1v80.lib'…
Reading OpenROAD database at '/home/naghul/vlsi/projects/alu_pd/runs/RUN_2026-08-01_18-08-22/42-openroad-repairantennas/1-openroad-diodeinsertion/ALU.odb'…
Reading design constraints file at '/nix/store/ffl2vg3m80k0p74pyffnmai83fnv38mf-python3-3.13.9-env/lib/python3.13/site-packages/librelane/scripts/base.sdc'…
[WARNING STA-0366] port '__VIRTUAL_CLK__' not found.
[INFO] Using clock __VIRTUAL_CLK__…
[INFO] Setting output delay to: 2
[INFO] Setting input delay to: 2
[WARNING STA-0366] port '__VIRTUAL_CLK__' not found.
[INFO] Setting load to: 0.033442
[INFO] Setting clock uncertainty to: 0.25
[INFO] Setting clock transition to: 0.1499999999999999944488848768742172978818416595458984375
[WARNING STA-0419] transition time can not be specified for virtual clocks.
[INFO] Setting timing derate to: 5%
[WARNING STA-0450] virtual clock __VIRTUAL_CLK__ can not be propagated.
%OL_CREATE_REPORT min.rpt

===========================================================================
report_checks -path_delay min (Hold)
============================================================================
======================= nom_tt_025C_1v80 Corner ===================================

Startpoint: A[4] (input port clocked by __VIRTUAL_CLK__)
Endpoint: result[4] (output port clocked by __VIRTUAL_CLK__)
Path Group: __VIRTUAL_CLK__
Path Type: min

Fanout         Cap        Slew       Delay        Time   Description
---------------------------------------------------------------------------------------------
                      0.000000    0.000000    0.000000   clock __VIRTUAL_CLK__ (rise edge)
                                  0.000000    0.000000   clock network delay (ideal)
                                  2.000000    2.000000 ^ input external delay
     1    0.006390    0.035399    0.022366    2.022366 ^ A[4] (in)
                                                         A[4] (net)
                      0.035400    0.000000    2.022366 ^ input27/A (sky130_fd_sc_hd__buf_6)
     2    0.011125    0.034984    0.088502    2.110868 ^ input27/X (sky130_fd_sc_hd__buf_6)
                                                         net27 (net)
                      0.034987    0.000334    2.111202 ^ _1186_/A2 (sky130_fd_sc_hd__a31o_2)
     1    0.003193    0.033063    0.137416    2.248618 ^ _1186_/X (sky130_fd_sc_hd__a31o_2)
                                                         _0357_ (net)
                      0.033064    0.000073    2.248691 ^ _1189_/B1 (sky130_fd_sc_hd__a211o_2)
     1    0.004655    0.033049    0.090954    2.339645 ^ _1189_/X (sky130_fd_sc_hd__a211o_2)
                                                         _0360_ (net)
                      0.033049    0.000177    2.339822 ^ _1190_/B1 (sky130_fd_sc_hd__a31o_2)
     2    0.007062    0.052038    0.102692    2.442514 ^ _1190_/X (sky130_fd_sc_hd__a31o_2)
                                                         net95 (net)
                      0.052038    0.000258    2.442772 ^ output95/A (sky130_fd_sc_hd__clkbuf_2)
     1    0.034473    0.190038    0.209382    2.652154 ^ output95/X (sky130_fd_sc_hd__clkbuf_2)
                                                         result[4] (net)
                      0.190047    0.001044    2.653198 ^ result[4] (out)
                                              2.653198   data arrival time

                      0.000000    0.000000    0.000000   clock __VIRTUAL_CLK__ (rise edge)
                                  0.000000    0.000000   clock network delay (ideal)
                                  0.250000    0.250000   clock uncertainty
                                  0.000000    0.250000   clock reconvergence pessimism
                                 -2.000000   -1.750000   output external delay
                                             -1.750000   data required time
---------------------------------------------------------------------------------------------
                                             -1.750000   data required time
                                             -2.653198   data arrival time
---------------------------------------------------------------------------------------------
                                              4.403198   slack (MET)


Startpoint: B[3] (input port clocked by __VIRTUAL_CLK__)
Endpoint: result[7] (output port clocked by __VIRTUAL_CLK__)
Path Group: __VIRTUAL_CLK__
Path Type: min

Fanout         Cap        Slew       Delay        Time   Description
---------------------------------------------------------------------------------------------
                      0.000000    0.000000    0.000000   clock __VIRTUAL_CLK__ (rise edge)
                                  0.000000    0.000000   clock network delay (ideal)
                                  2.000000    2.000000 ^ input external delay
     1    0.003787    0.024012    0.013785    2.013785 ^ B[3] (in)
                                                         B[3] (net)
                      0.024020    0.000000    2.013785 ^ input58/A (sky130_fd_sc_hd__clkbuf_4)
     9    0.039980    0.128058    0.187293    2.201077 ^ input58/X (sky130_fd_sc_hd__clkbuf_4)
                                                         net58 (net)
                      0.128248    0.003439    2.204516 ^ _1248_/A1 (sky130_fd_sc_hd__o221a_2)
     1    0.007391    0.062887    0.223545    2.428061 ^ _1248_/X (sky130_fd_sc_hd__o221a_2)
                                                         _0416_ (net)
                      0.062889    0.000422    2.428483 ^ _1249_/C (sky130_fd_sc_hd__or3_2)
     1    0.003031    0.029054    0.104017    2.532499 ^ _1249_/X (sky130_fd_sc_hd__or3_2)
                                                         _0417_ (net)
                      0.029055    0.000067    2.532567 ^ _1250_/C (sky130_fd_sc_hd__or3_4)
     2    0.009950    0.043603    0.112234    2.644800 ^ _1250_/X (sky130_fd_sc_hd__or3_4)
                                                         net98 (net)
                      0.043606    0.000377    2.645177 ^ output98/A (sky130_fd_sc_hd__buf_6)
     1    0.035850    0.079562    0.126312    2.771489 ^ output98/X (sky130_fd_sc_hd__buf_6)
                                                         result[7] (net)
                      0.079632    0.001396    2.772885 ^ result[7] (out)
                                              2.772885   data arrival time

                      0.000000    0.000000    0.000000   clock __VIRTUAL_CLK__ (rise edge)
                                  0.000000    0.000000   clock network delay (ideal)
                                  0.250000    0.250000   clock uncertainty
                                  0.000000    0.250000   clock reconvergence pessimism
                                 -2.000000   -1.750000   output external delay
                                             -1.750000   data required time
---------------------------------------------------------------------------------------------
                                             -1.750000   data required time
                                             -2.772885   data arrival time
---------------------------------------------------------------------------------------------
                                              4.522885   slack (MET)


Startpoint: A[5] (input port clocked by __VIRTUAL_CLK__)
Endpoint: result[6] (output port clocked by __VIRTUAL_CLK__)
Path Group: __VIRTUAL_CLK__
Path Type: min

Fanout         Cap        Slew       Delay        Time   Description
---------------------------------------------------------------------------------------------
                      0.000000    0.000000    0.000000   clock __VIRTUAL_CLK__ (rise edge)
                                  0.000000    0.000000   clock network delay (ideal)
                                  2.000000    2.000000 ^ input external delay
     1    0.003956    0.024747    0.014378    2.014378 ^ A[5] (in)
                                                         A[5] (net)
                      0.024755    0.000000    2.014378 ^ input28/A (sky130_fd_sc_hd__clkbuf_2)
     3    0.014826    0.087769    0.129193    2.143571 ^ input28/X (sky130_fd_sc_hd__clkbuf_2)
                                                         net28 (net)
                      0.087770    0.000518    2.144089 ^ _0985_/B (sky130_fd_sc_hd__and2b_2)
     1    0.005363    0.045697    0.152649    2.296737 ^ _0985_/X (sky130_fd_sc_hd__and2b_2)
                                                         _0160_ (net)
                      0.045697    0.000128    2.296866 ^ _0987_/B1 (sky130_fd_sc_hd__a21oi_2)
     3    0.014157    0.039560    0.048911    2.345777 v _0987_/Y (sky130_fd_sc_hd__a21oi_2)
                                                         _0162_ (net)
                      0.039567    0.000393    2.346170 v _1215_/C (sky130_fd_sc_hd__nand3_2)
     1    0.005591    0.043920    0.070527    2.416697 ^ _1215_/Y (sky130_fd_sc_hd__nand3_2)
                                                         _0384_ (net)
                      0.043920    0.000123    2.416820 ^ _1230_/A3 (sky130_fd_sc_hd__a31o_4)
     1    0.005963    0.034922    0.143918    2.560738 ^ _1230_/X (sky130_fd_sc_hd__a31o_4)
                                                         _0399_ (net)
                      0.034922    0.000218    2.560956 ^ _1231_/B1 (sky130_fd_sc_hd__a21o_4)
     2    0.013698    0.047361    0.092380    2.653337 ^ _1231_/X (sky130_fd_sc_hd__a21o_4)
                                                         net97 (net)
                      0.047368    0.000581    2.653918 ^ output97/A (sky130_fd_sc_hd__buf_8)
     1    0.035971    0.068134    0.118014    2.771932 ^ output97/X (sky130_fd_sc_hd__buf_8)
                                                         result[6] (net)
                      0.068212    0.001458    2.773390 ^ result[6] (out)
                                              2.773390   data arrival time

                      0.000000    0.000000    0.000000   clock __VIRTUAL_CLK__ (rise edge)
                                  0.000000    0.000000   clock network delay (ideal)
                                  0.250000    0.250000   clock uncertainty
                                  0.000000    0.250000   clock reconvergence pessimism
                                 -2.000000   -1.750000   output external delay
                                             -1.750000   data required time
---------------------------------------------------------------------------------------------
                                             -1.750000   data required time
                                             -2.773390   data arrival time
---------------------------------------------------------------------------------------------
                                              4.523390   slack (MET)


Startpoint: control[2] (input port clocked by __VIRTUAL_CLK__)
Endpoint: result[0] (output port clocked by __VIRTUAL_CLK__)
Path Group: __VIRTUAL_CLK__
Path Type: min

Fanout         Cap        Slew       Delay        Time   Description
---------------------------------------------------------------------------------------------
                      0.000000    0.000000    0.000000   clock __VIRTUAL_CLK__ (rise edge)
                                  0.000000    0.000000   clock network delay (ideal)
                                  2.000000    2.000000 v input external delay
     1    0.002869    0.008781    0.004561    2.004561 v control[2] (in)
                                                         control[2] (net)
                      0.008781    0.000000    2.004561 v input67/A (sky130_fd_sc_hd__clkdlybuf4s25_1)
     7    0.021334    0.164813    0.330727    2.335288 v input67/X (sky130_fd_sc_hd__clkdlybuf4s25_1)
                                                         net67 (net)
                      0.164814    0.000593    2.335881 v _0837_/A (sky130_fd_sc_hd__inv_2)
     5    0.017784    0.098019    0.139106    2.474987 ^ _0837_/Y (sky130_fd_sc_hd__inv_2)
                                                         _0012_ (net)
                      0.098021    0.000627    2.475613 ^ _1068_/A1 (sky130_fd_sc_hd__a31o_4)
     2    0.013310    0.054672    0.168428    2.644041 ^ _1068_/X (sky130_fd_sc_hd__a31o_4)
                                                         net69 (net)
                      0.054676    0.000514    2.644556 ^ output69/A (sky130_fd_sc_hd__buf_6)
     1    0.035392    0.078707    0.129799    2.774355 ^ output69/X (sky130_fd_sc_hd__buf_6)
                                                         result[0] (net)
                      0.078727    0.001235    2.775590 ^ result[0] (out)
                                              2.775590   data arrival time

                      0.000000    0.000000    0.000000   clock __VIRTUAL_CLK__ (rise edge)
                                  0.000000    0.000000   clock network delay (ideal)
                                  0.250000    0.250000   clock uncertainty
                                  0.000000    0.250000   clock reconvergence pessimism
                                 -2.000000   -1.750000   output external delay
                                             -1.750000   data required time
---------------------------------------------------------------------------------------------
                                             -1.750000   data required time
                                             -2.775590   data arrival time
---------------------------------------------------------------------------------------------
                                              4.525590   slack (MET)


Startpoint: B[28] (input port clocked by __VIRTUAL_CLK__)
Endpoint: result[29] (output port clocked by __VIRTUAL_CLK__)
Path Group: __VIRTUAL_CLK__
Path Type: min

Fanout         Cap        Slew       Delay        Time   Description
---------------------------------------------------------------------------------------------
                      0.000000    0.000000    0.000000   clock __VIRTUAL_CLK__ (rise edge)
                                  0.000000    0.000000   clock network delay (ideal)
                                  2.000000    2.000000 v input external delay
     1    0.004003    0.011420    0.006487    2.006487 v B[28] (in)
                                                         B[28] (net)
                      0.011426    0.000000    2.006487 v input53/A (sky130_fd_sc_hd__clkdlybuf4s25_1)
     4    0.014895    0.120133    0.297144    2.303632 v input53/X (sky130_fd_sc_hd__clkdlybuf4s25_1)
                                                         net53 (net)
                      0.120134    0.000566    2.304197 v _0904_/A (sky130_fd_sc_hd__nand2_2)
     3    0.009277    0.065474    0.103358    2.407556 ^ _0904_/Y (sky130_fd_sc_hd__nand2_2)
                                                         _0079_ (net)
                      0.065474    0.000137    2.407693 ^ _1636_/A1 (sky130_fd_sc_hd__a21bo_2)
     1    0.005776    0.043675    0.130910    2.538603 ^ _1636_/X (sky130_fd_sc_hd__a21bo_2)
                                                         _0782_ (net)
                      0.043675    0.000138    2.538741 ^ _1638_/A3 (sky130_fd_sc_hd__a31o_4)
     2    0.015234    0.059767    0.168598    2.707339 ^ _1638_/X (sky130_fd_sc_hd__a31o_4)
                                                         net90 (net)
                      0.059768    0.000359    2.707699 ^ output90/A (sky130_fd_sc_hd__buf_6)
     1    0.035195    0.078365    0.131266    2.838964 ^ output90/X (sky130_fd_sc_hd__buf_6)
                                                         result[29] (net)
                      0.078383    0.001164    2.840128 ^ result[29] (out)
                                              2.840128   data arrival time

                      0.000000    0.000000    0.000000   clock __VIRTUAL_CLK__ (rise edge)
                                  0.000000    0.000000   clock network delay (ideal)
                                  0.250000    0.250000   clock uncertainty
                                  0.000000    0.250000   clock reconvergence pessimism
                                 -2.000000   -1.750000   output external delay
                                             -1.750000   data required time
---------------------------------------------------------------------------------------------
                                             -1.750000   data required time
                                             -2.840128   data arrival time
---------------------------------------------------------------------------------------------
                                              4.590128   slack (MET)


Startpoint: B[18] (input port clocked by __VIRTUAL_CLK__)
Endpoint: result[18] (output port clocked by __VIRTUAL_CLK__)
Path Group: __VIRTUAL_CLK__
Path Type: min

Fanout         Cap        Slew       Delay        Time   Description
---------------------------------------------------------------------------------------------
                      0.000000    0.000000    0.000000   clock __VIRTUAL_CLK__ (rise edge)
                                  0.000000    0.000000   clock network delay (ideal)
                                  2.000000    2.000000 ^ input external delay
     1    0.004120    0.025470    0.014966    2.014966 ^ B[18] (in)
                                                         B[18] (net)
                      0.025471    0.000000    2.014966 ^ input42/A (sky130_fd_sc_hd__clkdlybuf4s25_1)
     3    0.010491    0.115910    0.289859    2.304826 ^ input42/X (sky130_fd_sc_hd__clkdlybuf4s25_1)
                                                         net42 (net)
                      0.115910    0.000376    2.305202 ^ _1042_/A (sky130_fd_sc_hd__nand2_2)
     5    0.018767    0.087124    0.105493    2.410695 v _1042_/Y (sky130_fd_sc_hd__nand2_2)
                                                         _0217_ (net)
                      0.087156    0.000372    2.411067 v _1452_/B (sky130_fd_sc_hd__nor2_2)
     1    0.003018    0.066117    0.087520    2.498587 ^ _1452_/Y (sky130_fd_sc_hd__nor2_2)
                                                         _0609_ (net)
                      0.066117    0.000065    2.498652 ^ _1454_/B1 (sky130_fd_sc_hd__a211o_2)
     1    0.004227    0.031407    0.101484    2.600136 ^ _1454_/X (sky130_fd_sc_hd__a211o_2)
                                                         _0611_ (net)
                      0.031412    0.000158    2.600294 ^ _1461_/B (sky130_fd_sc_hd__or4_4)
     2    0.013493    0.052864    0.127383    2.727678 ^ _1461_/X (sky130_fd_sc_hd__or4_4)
                                                         net78 (net)
                      0.052873    0.000707    2.728384 ^ output78/A (sky130_fd_sc_hd__buf_8)
     1    0.035444    0.067355    0.119497    2.847881 ^ output78/X (sky130_fd_sc_hd__buf_8)
                                                         result[18] (net)
                      0.067379    0.001205    2.849087 ^ result[18] (out)
                                              2.849087   data arrival time

                      0.000000    0.000000    0.000000   clock __VIRTUAL_CLK__ (rise edge)
                                  0.000000    0.000000   clock network delay (ideal)
                                  0.250000    0.250000   clock uncertainty
                                  0.000000    0.250000   clock reconvergence pessimism
                                 -2.000000   -1.750000   output external delay
                                             -1.750000   data required time
---------------------------------------------------------------------------------------------
                                             -1.750000   data required time
                                             -2.849087   data arrival time
---------------------------------------------------------------------------------------------
                                              4.599087   slack (MET)


Startpoint: B[10] (input port clocked by __VIRTUAL_CLK__)
Endpoint: result[11] (output port clocked by __VIRTUAL_CLK__)
Path Group: __VIRTUAL_CLK__
Path Type: min

Fanout         Cap        Slew       Delay        Time   Description
---------------------------------------------------------------------------------------------
                      0.000000    0.000000    0.000000   clock __VIRTUAL_CLK__ (rise edge)
                                  0.000000    0.000000   clock network delay (ideal)
                                  2.000000    2.000000 v input external delay
     1    0.003885    0.011147    0.006286    2.006286 v B[10] (in)
                                                         B[10] (net)
                      0.011153    0.000000    2.006286 v input34/A (sky130_fd_sc_hd__clkdlybuf4s25_1)
     4    0.016474    0.130955    0.305719    2.312004 v input34/X (sky130_fd_sc_hd__clkdlybuf4s25_1)
                                                         net34 (net)
                      0.130955    0.000422    2.312426 v _1006_/A (sky130_fd_sc_hd__nand2_2)
     4    0.016663    0.098486    0.134683    2.447109 ^ _1006_/Y (sky130_fd_sc_hd__nand2_2)
                                                         _0181_ (net)
                      0.098486    0.000317    2.447427 ^ _1310_/A1 (sky130_fd_sc_hd__a21oi_2)
     1    0.005051    0.038171    0.063957    2.511383 v _1310_/Y (sky130_fd_sc_hd__a21oi_2)
                                                         _0474_ (net)
                      0.038171    0.000172    2.511555 v _1312_/A (sky130_fd_sc_hd__nor2_2)
     1    0.005444    0.085693    0.108954    2.620509 ^ _1312_/Y (sky130_fd_sc_hd__nor2_2)
                                                         _0476_ (net)
                      0.085693    0.000113    2.620622 ^ _1325_/B1 (sky130_fd_sc_hd__a211o_4)
     2    0.011844    0.044785    0.116710    2.737332 ^ _1325_/X (sky130_fd_sc_hd__a211o_4)
                                                         net71 (net)
                      0.044791    0.000524    2.737856 ^ output71/A (sky130_fd_sc_hd__buf_8)
     1    0.035444    0.067344    0.116634    2.854490 ^ output71/X (sky130_fd_sc_hd__buf_8)
                                                         result[11] (net)
                      0.067369    0.001237    2.855727 ^ result[11] (out)
                                              2.855727   data arrival time

                      0.000000    0.000000    0.000000   clock __VIRTUAL_CLK__ (rise edge)
                                  0.000000    0.000000   clock network delay (ideal)
                                  0.250000    0.250000   clock uncertainty
                                  0.000000    0.250000   clock reconvergence pessimism
                                 -2.000000   -1.750000   output external delay
                                             -1.750000   data required time
---------------------------------------------------------------------------------------------
                                             -1.750000   data required time
                                             -2.855727   data arrival time
---------------------------------------------------------------------------------------------
                                              4.605727   slack (MET)


Startpoint: A[5] (input port clocked by __VIRTUAL_CLK__)
Endpoint: result[5] (output port clocked by __VIRTUAL_CLK__)
Path Group: __VIRTUAL_CLK__
Path Type: min

Fanout         Cap        Slew       Delay        Time   Description
---------------------------------------------------------------------------------------------
                      0.000000    0.000000    0.000000   clock __VIRTUAL_CLK__ (rise edge)
                                  0.000000    0.000000   clock network delay (ideal)
                                  2.000000    2.000000 ^ input external delay
     1    0.003956    0.024747    0.014378    2.014378 ^ A[5] (in)
                                                         A[5] (net)
                      0.024755    0.000000    2.014378 ^ input28/A (sky130_fd_sc_hd__clkbuf_2)
     3    0.014826    0.087769    0.129193    2.143571 ^ input28/X (sky130_fd_sc_hd__clkbuf_2)
                                                         net28 (net)
                      0.087771    0.000571    2.144142 ^ fanout205/A (sky130_fd_sc_hd__buf_6)
     2    0.019281    0.049569    0.119134    2.263276 ^ fanout205/X (sky130_fd_sc_hd__buf_6)
                                                         net205 (net)
                      0.049574    0.000506    2.263783 ^ _0952_/B (sky130_fd_sc_hd__xnor2_4)
     3    0.019105    0.060777    0.081428    2.345211 v _0952_/Y (sky130_fd_sc_hd__xnor2_4)
                                                         _0127_ (net)
                      0.060810    0.000614    2.345824 v _1208_/A (sky130_fd_sc_hd__xnor2_2)
     1    0.004205    0.039992    0.151699    2.497523 ^ _1208_/Y (sky130_fd_sc_hd__xnor2_2)
                                                         _0378_ (net)
                      0.039992    0.000160    2.497683 ^ _1209_/B1 (sky130_fd_sc_hd__a22o_2)
     1    0.003846    0.037549    0.118479    2.616162 ^ _1209_/X (sky130_fd_sc_hd__a22o_2)
                                                         _0379_ (net)
                      0.037549    0.000105    2.616268 ^ _1210_/C (sky130_fd_sc_hd__or3_4)
     2    0.010068    0.043888    0.115701    2.731968 ^ _1210_/X (sky130_fd_sc_hd__or3_4)
                                                         net96 (net)
                      0.043891    0.000389    2.732357 ^ output96/A (sky130_fd_sc_hd__buf_6)
     1    0.035503    0.078925    0.126064    2.858421 ^ output96/X (sky130_fd_sc_hd__buf_6)
                                                         result[5] (net)
                      0.078944    0.001188    2.859609 ^ result[5] (out)
                                              2.859609   data arrival time

                      0.000000    0.000000    0.000000   clock __VIRTUAL_CLK__ (rise edge)
                                  0.000000    0.000000   clock network delay (ideal)
                                  0.250000    0.250000   clock uncertainty
                                  0.000000    0.250000   clock reconvergence pessimism
                                 -2.000000   -1.750000   output external delay
                                             -1.750000   data required time
---------------------------------------------------------------------------------------------
                                             -1.750000   data required time
                                             -2.859609   data arrival time
---------------------------------------------------------------------------------------------
                                              4.609609   slack (MET)


Startpoint: B[8] (input port clocked by __VIRTUAL_CLK__)
Endpoint: result[9] (output port clocked by __VIRTUAL_CLK__)
Path Group: __VIRTUAL_CLK__
Path Type: min

Fanout         Cap        Slew       Delay        Time   Description
---------------------------------------------------------------------------------------------
                      0.000000    0.000000    0.000000   clock __VIRTUAL_CLK__ (rise edge)
                                  0.000000    0.000000   clock network delay (ideal)
                                  2.000000    2.000000 v input external delay
     1    0.003191    0.009540    0.005102    2.005102 v B[8] (in)
                                                         B[8] (net)
                      0.009541    0.000000    2.005102 v input63/A (sky130_fd_sc_hd__clkdlybuf4s25_1)
     4    0.017331    0.137013    0.309494    2.314596 v input63/X (sky130_fd_sc_hd__clkdlybuf4s25_1)
                                                         net63 (net)
                      0.137015    0.000702    2.315298 v _1013_/A (sky130_fd_sc_hd__nand2_4)
     5    0.025831    0.091003    0.131594    2.446892 ^ _1013_/Y (sky130_fd_sc_hd__nand2_4)
                                                         _0188_ (net)
                      0.091003    0.000441    2.447333 ^ _1290_/A2 (sky130_fd_sc_hd__o2111a_2)
     1    0.004257    0.047637    0.188652    2.635985 ^ _1290_/X (sky130_fd_sc_hd__o2111a_2)
                                                         _0456_ (net)
                      0.047637    0.000156    2.636141 ^ _1291_/B (sky130_fd_sc_hd__or3_4)
     2    0.009441    0.042316    0.120728    2.756870 ^ _1291_/X (sky130_fd_sc_hd__or3_4)
                                                         net100 (net)
                      0.042319    0.000363    2.757232 ^ output100/A (sky130_fd_sc_hd__buf_6)
     1    0.035217    0.078399    0.125119    2.882351 ^ output100/X (sky130_fd_sc_hd__buf_6)
                                                         result[9] (net)
                      0.078417    0.001153    2.883504 ^ result[9] (out)
                                              2.883504   data arrival time

                      0.000000    0.000000    0.000000   clock __VIRTUAL_CLK__ (rise edge)
                                  0.000000    0.000000   clock network delay (ideal)
                                  0.250000    0.250000   clock uncertainty
                                  0.000000    0.250000   clock reconvergence pessimism
                                 -2.000000   -1.750000   output external delay
                                             -1.750000   data required time
---------------------------------------------------------------------------------------------
                                             -1.750000   data required time
                                             -2.883504   data arrival time
---------------------------------------------------------------------------------------------
                                              4.633503   slack (MET)


Startpoint: B[24] (input port clocked by __VIRTUAL_CLK__)
Endpoint: result[24] (output port clocked by __VIRTUAL_CLK__)
Path Group: __VIRTUAL_CLK__
Path Type: min

Fanout         Cap        Slew       Delay        Time   Description
---------------------------------------------------------------------------------------------
                      0.000000    0.000000    0.000000   clock __VIRTUAL_CLK__ (rise edge)
                                  0.000000    0.000000   clock network delay (ideal)
                                  2.000000    2.000000 v input external delay
     1    0.004149    0.011761    0.006727    2.006727 v B[24] (in)
                                                         B[24] (net)
                      0.011762    0.000000    2.006727 v input49/A (sky130_fd_sc_hd__clkdlybuf4s25_1)
     4    0.013939    0.113512    0.292178    2.298905 v input49/X (sky130_fd_sc_hd__clkdlybuf4s25_1)
                                                         net49 (net)
                      0.113512    0.000499    2.299405 v _1058_/A (sky130_fd_sc_hd__nand2_2)
     3    0.012864    0.078683    0.113895    2.413300 ^ _1058_/Y (sky130_fd_sc_hd__nand2_2)
                                                         _0233_ (net)
                      0.078683    0.000266    2.413566 ^ _1060_/A (sky130_fd_sc_hd__nand2_2)
     6    0.026109    0.108131    0.113569    2.527135 v _1060_/Y (sky130_fd_sc_hd__nand2_2)
                                                         _0235_ (net)
                      0.108135    0.000526    2.527661 v _1547_/A2 (sky130_fd_sc_hd__o21ai_2)
     1    0.005281    0.107529    0.142706    2.670367 ^ _1547_/Y (sky130_fd_sc_hd__o21ai_2)
                                                         _0698_ (net)
                      0.107529    0.000123    2.670490 ^ _1562_/A2 (sky130_fd_sc_hd__o21ai_2)
     2    0.008601    0.047223    0.076317    2.746807 v _1562_/Y (sky130_fd_sc_hd__o21ai_2)
                                                         net85 (net)
                      0.047223    0.000260    2.747067 v output85/A (sky130_fd_sc_hd__buf_6)
     1    0.035799    0.044924    0.138235    2.885302 v output85/X (sky130_fd_sc_hd__buf_6)
                                                         result[24] (net)
                      0.044979    0.001389    2.886691 v result[24] (out)
                                              2.886691   data arrival time

                      0.000000    0.000000    0.000000   clock __VIRTUAL_CLK__ (rise edge)
                                  0.000000    0.000000   clock network delay (ideal)
                                  0.250000    0.250000   clock uncertainty
                                  0.000000    0.250000   clock reconvergence pessimism
                                 -2.000000   -1.750000   output external delay
                                             -1.750000   data required time
---------------------------------------------------------------------------------------------
                                             -1.750000   data required time
                                             -2.886691   data arrival time
---------------------------------------------------------------------------------------------
                                              4.636691   slack (MET)


Startpoint: B[13] (input port clocked by __VIRTUAL_CLK__)
Endpoint: result[13] (output port clocked by __VIRTUAL_CLK__)
Path Group: __VIRTUAL_CLK__
Path Type: min

Fanout         Cap        Slew       Delay        Time   Description
---------------------------------------------------------------------------------------------
                      0.000000    0.000000    0.000000   clock __VIRTUAL_CLK__ (rise edge)
                                  0.000000    0.000000   clock network delay (ideal)
                                  2.000000    2.000000 ^ input external delay
     1    0.002734    0.019450    0.010092    2.010092 ^ B[13] (in)
                                                         B[13] (net)
                      0.019450    0.000000    2.010092 ^ input37/A (sky130_fd_sc_hd__dlymetal6s2s_1)
     4    0.032093    0.326367    0.277719    2.287811 ^ input37/X (sky130_fd_sc_hd__dlymetal6s2s_1)
                                                         net37 (net)
                      0.326373    0.001182    2.288993 ^ _0992_/A (sky130_fd_sc_hd__xnor2_4)
     3    0.012236    0.046117    0.127653    2.416647 v _0992_/Y (sky130_fd_sc_hd__xnor2_4)
                                                         _0167_ (net)
                      0.046118    0.000197    2.416844 v _1026_/A (sky130_fd_sc_hd__nand2_2)
     1    0.002516    0.027462    0.046501    2.463345 ^ _1026_/Y (sky130_fd_sc_hd__nand2_2)
                                                         _0201_ (net)
                      0.027462    0.000081    2.463426 ^ _1351_/A (sky130_fd_sc_hd__and3_2)
     1    0.003433    0.044844    0.151173    2.614599 ^ _1351_/X (sky130_fd_sc_hd__and3_2)
                                                         _0513_ (net)
                      0.044844    0.000083    2.614682 ^ _1367_/A2 (sky130_fd_sc_hd__a211o_2)
     2    0.011025    0.060334    0.146305    2.760987 ^ _1367_/X (sky130_fd_sc_hd__a211o_2)
                                                         net73 (net)
                      0.060334    0.000258    2.761245 ^ output73/A (sky130_fd_sc_hd__buf_6)
     1    0.035955    0.079767    0.132320    2.893565 ^ output73/X (sky130_fd_sc_hd__buf_6)
                                                         result[13] (net)
                      0.079796    0.001454    2.895019 ^ result[13] (out)
                                              2.895019   data arrival time

                      0.000000    0.000000    0.000000   clock __VIRTUAL_CLK__ (rise edge)
                                  0.000000    0.000000   clock network delay (ideal)
                                  0.250000    0.250000   clock uncertainty
                                  0.000000    0.250000   clock reconvergence pessimism
                                 -2.000000   -1.750000   output external delay
                                             -1.750000   data required time
---------------------------------------------------------------------------------------------
                                             -1.750000   data required time
                                             -2.895019   data arrival time
---------------------------------------------------------------------------------------------
                                              4.645019   slack (MET)


Startpoint: B[24] (input port clocked by __VIRTUAL_CLK__)
Endpoint: result[25] (output port clocked by __VIRTUAL_CLK__)
Path Group: __VIRTUAL_CLK__
Path Type: min

Fanout         Cap        Slew       Delay        Time   Description
---------------------------------------------------------------------------------------------
                      0.000000    0.000000    0.000000   clock __VIRTUAL_CLK__ (rise edge)
                                  0.000000    0.000000   clock network delay (ideal)
                                  2.000000    2.000000 ^ input external delay
     1    0.004374    0.026572    0.015848    2.015847 ^ B[24] (in)
                                                         B[24] (net)
                      0.026572    0.000000    2.015847 ^ input49/A (sky130_fd_sc_hd__clkdlybuf4s25_1)
     4    0.014644    0.155925    0.318579    2.334427 ^ input49/X (sky130_fd_sc_hd__clkdlybuf4s25_1)
                                                         net49 (net)
                      0.155925    0.000526    2.334953 ^ _1058_/A (sky130_fd_sc_hd__nand2_2)
     3    0.012030    0.072307    0.095321    2.430274 v _1058_/Y (sky130_fd_sc_hd__nand2_2)
                                                         _0233_ (net)
                      0.072307    0.000199    2.430474 v _1572_/B (sky130_fd_sc_hd__nand2_2)
     1    0.003180    0.040587    0.069922    2.500395 ^ _1572_/Y (sky130_fd_sc_hd__nand2_2)
                                                         _0722_ (net)
                      0.040587    0.000075    2.500470 ^ _1577_/A2 (sky130_fd_sc_hd__o211a_2)
     1    0.007051    0.062247    0.175689    2.676159 ^ _1577_/X (sky130_fd_sc_hd__o211a_2)
                                                         _0727_ (net)
                      0.062247    0.000313    2.676471 ^ _1578_/C1 (sky130_fd_sc_hd__a211o_4)
     2    0.010822    0.042241    0.104641    2.781112 ^ _1578_/X (sky130_fd_sc_hd__a211o_4)
                                                         net86 (net)
                      0.042244    0.000386    2.781499 ^ output86/A (sky130_fd_sc_hd__buf_8)
     1    0.034771    0.066336    0.115110    2.896609 ^ output86/X (sky130_fd_sc_hd__buf_8)
                                                         result[25] (net)
                      0.066352    0.000983    2.897592 ^ result[25] (out)
                                              2.897592   data arrival time

                      0.000000    0.000000    0.000000   clock __VIRTUAL_CLK__ (rise edge)
                                  0.000000    0.000000   clock network delay (ideal)
                                  0.250000    0.250000   clock uncertainty
                                  0.000000    0.250000   clock reconvergence pessimism
                                 -2.000000   -1.750000   output external delay
                                             -1.750000   data required time
---------------------------------------------------------------------------------------------
                                             -1.750000   data required time
                                             -2.897592   data arrival time
---------------------------------------------------------------------------------------------
                                              4.647592   slack (MET)


Startpoint: B[4] (input port clocked by __VIRTUAL_CLK__)
Endpoint: result[8] (output port clocked by __VIRTUAL_CLK__)
Path Group: __VIRTUAL_CLK__
Path Type: min

Fanout         Cap        Slew       Delay        Time   Description
---------------------------------------------------------------------------------------------
                      0.000000    0.000000    0.000000   clock __VIRTUAL_CLK__ (rise edge)
                                  0.000000    0.000000   clock network delay (ideal)
                                  2.000000    2.000000 v input external delay
     1    0.008810    0.021923    0.014340    2.014340 v B[4] (in)
                                                         B[4] (net)
                      0.021927    0.000000    2.014340 v input59/A (sky130_fd_sc_hd__buf_8)
     4    0.023647    0.032960    0.115901    2.130240 v input59/X (sky130_fd_sc_hd__buf_8)
                                                         net59 (net)
                      0.032968    0.000678    2.130919 v fanout158/A (sky130_fd_sc_hd__buf_6)
     2    0.010930    0.026055    0.110750    2.241668 v fanout158/X (sky130_fd_sc_hd__buf_6)
                                                         net158 (net)
                      0.026072    0.000339    2.242007 v fanout157/A (sky130_fd_sc_hd__buf_8)
     4    0.017988    0.029478    0.113822    2.355829 v fanout157/X (sky130_fd_sc_hd__buf_8)
                                                         net157 (net)
                      0.029489    0.000639    2.356468 v rebuffer457/A (sky130_fd_sc_hd__buf_2)
     7    0.029415    0.079208    0.164396    2.520864 v rebuffer457/X (sky130_fd_sc_hd__buf_2)
                                                         net457 (net)
                      0.079212    0.000659    2.521523 v _1270_/A (sky130_fd_sc_hd__nor2_2)
     1    0.004327    0.075084    0.117139    2.638662 ^ _1270_/Y (sky130_fd_sc_hd__nor2_2)
                                                         _0437_ (net)
                      0.075084    0.000163    2.638824 ^ _1271_/C (sky130_fd_sc_hd__or4b_4)
     2    0.013306    0.052659    0.141351    2.780175 ^ _1271_/X (sky130_fd_sc_hd__or4b_4)
                                                         net99 (net)
                      0.052668    0.000670    2.780845 ^ output99/A (sky130_fd_sc_hd__buf_8)
     1    0.035000    0.066693    0.118994    2.899839 ^ output99/X (sky130_fd_sc_hd__buf_8)
                                                         result[8] (net)
                      0.066711    0.001067    2.900906 ^ result[8] (out)
                                              2.900906   data arrival time

                      0.000000    0.000000    0.000000   clock __VIRTUAL_CLK__ (rise edge)
                                  0.000000    0.000000   clock network delay (ideal)
                                  0.250000    0.250000   clock uncertainty
                                  0.000000    0.250000   clock reconvergence pessimism
                                 -2.000000   -1.750000   output external delay
                                             -1.750000   data required time
---------------------------------------------------------------------------------------------
                                             -1.750000   data required time
                                             -2.900906   data arrival time
---------------------------------------------------------------------------------------------
                                              4.650906   slack (MET)


Startpoint: control[0] (input port clocked by __VIRTUAL_CLK__)
Endpoint: result[14] (output port clocked by __VIRTUAL_CLK__)
Path Group: __VIRTUAL_CLK__
Path Type: min

Fanout         Cap        Slew       Delay        Time   Description
---------------------------------------------------------------------------------------------
                      0.000000    0.000000    0.000000   clock __VIRTUAL_CLK__ (rise edge)
                                  0.000000    0.000000   clock network delay (ideal)
                                  2.000000    2.000000 v input external delay
     1    0.002758    0.008525    0.004371    2.004371 v control[0] (in)
                                                         control[0] (net)
                      0.008525    0.000000    2.004371 v input65/A (sky130_fd_sc_hd__clkdlybuf4s25_1)
     5    0.016197    0.129178    0.303015    2.307386 v input65/X (sky130_fd_sc_hd__clkdlybuf4s25_1)
                                                         net65 (net)
                      0.129180    0.000604    2.307990 v _1100_/A (sky130_fd_sc_hd__nand2_2)
     9    0.060050    0.307682    0.281888    2.589878 ^ _1100_/Y (sky130_fd_sc_hd__nand2_2)
                                                         _0274_ (net)
                      0.307867    0.006260    2.596138 ^ _1386_/A1 (sky130_fd_sc_hd__o21ai_2)
     2    0.007295    0.037717    0.117974    2.714112 v _1386_/Y (sky130_fd_sc_hd__o21ai_2)
                                                         net74 (net)
                      0.037718    0.000296    2.714408 v output74/A (sky130_fd_sc_hd__clkbuf_2)
     1    0.034971    0.134381    0.186682    2.901090 v output74/X (sky130_fd_sc_hd__clkbuf_2)
                                                         result[14] (net)
                      0.134388    0.001055    2.902146 v result[14] (out)
                                              2.902146   data arrival time

                      0.000000    0.000000    0.000000   clock __VIRTUAL_CLK__ (rise edge)
                                  0.000000    0.000000   clock network delay (ideal)
                                  0.250000    0.250000   clock uncertainty
                                  0.000000    0.250000   clock reconvergence pessimism
                                 -2.000000   -1.750000   output external delay
                                             -1.750000   data required time
---------------------------------------------------------------------------------------------
                                             -1.750000   data required time
                                             -2.902146   data arrival time
---------------------------------------------------------------------------------------------
                                              4.652145   slack (MET)


Startpoint: B[22] (input port clocked by __VIRTUAL_CLK__)
Endpoint: result[22] (output port clocked by __VIRTUAL_CLK__)
Path Group: __VIRTUAL_CLK__
Path Type: min

Fanout         Cap        Slew       Delay        Time   Description
---------------------------------------------------------------------------------------------
                      0.000000    0.000000    0.000000   clock __VIRTUAL_CLK__ (rise edge)
                                  0.000000    0.000000   clock network delay (ideal)
                                  2.000000    2.000000 v input external delay
     1    0.004144    0.011748    0.006718    2.006718 v B[22] (in)
                                                         B[22] (net)
                      0.011749    0.000000    2.006718 v input47/A (sky130_fd_sc_hd__clkdlybuf4s25_1)
     4    0.014656    0.118440    0.296078    2.302796 v input47/X (sky130_fd_sc_hd__clkdlybuf4s25_1)
                                                         net47 (net)
                      0.118441    0.000475    2.303271 v _0934_/A (sky130_fd_sc_hd__nand2_2)
     5    0.021096    0.117912    0.144691    2.447962 ^ _0934_/Y (sky130_fd_sc_hd__nand2_2)
                                                         _0109_ (net)
                      0.117953    0.000432    2.448394 ^ _1516_/B1 (sky130_fd_sc_hd__a32o_2)
     2    0.006712    0.059203    0.150798    2.599192 ^ _1516_/X (sky130_fd_sc_hd__a32o_2)
                                                         _0669_ (net)
                      0.059203    0.000138    2.599329 ^ _1530_/A3 (sky130_fd_sc_hd__a31o_2)
     2    0.008461    0.059112    0.173031    2.772360 ^ _1530_/X (sky130_fd_sc_hd__a31o_2)
                                                         net83 (net)
                      0.059112    0.000195    2.772555 ^ output83/A (sky130_fd_sc_hd__buf_6)
     1    0.034579    0.077233    0.130393    2.902948 ^ output83/X (sky130_fd_sc_hd__buf_6)
                                                         result[22] (net)
                      0.077242    0.000852    2.903800 ^ result[22] (out)
                                              2.903800   data arrival time

                      0.000000    0.000000    0.000000   clock __VIRTUAL_CLK__ (rise edge)
                                  0.000000    0.000000   clock network delay (ideal)
                                  0.250000    0.250000   clock uncertainty
                                  0.000000    0.250000   clock reconvergence pessimism
                                 -2.000000   -1.750000   output external delay
                                             -1.750000   data required time
---------------------------------------------------------------------------------------------
                                             -1.750000   data required time
                                             -2.903800   data arrival time
---------------------------------------------------------------------------------------------
                                              4.653800   slack (MET)


Startpoint: B[22] (input port clocked by __VIRTUAL_CLK__)
Endpoint: result[23] (output port clocked by __VIRTUAL_CLK__)
Path Group: __VIRTUAL_CLK__
Path Type: min

Fanout         Cap        Slew       Delay        Time   Description
---------------------------------------------------------------------------------------------
                      0.000000    0.000000    0.000000   clock __VIRTUAL_CLK__ (rise edge)
                                  0.000000    0.000000   clock network delay (ideal)
                                  2.000000    2.000000 ^ input external delay
     1    0.004369    0.026547    0.015829    2.015829 ^ B[22] (in)
                                                         B[22] (net)
                      0.026548    0.000000    2.015829 ^ input47/A (sky130_fd_sc_hd__clkdlybuf4s25_1)
     4    0.015361    0.162844    0.323516    2.339345 ^ input47/X (sky130_fd_sc_hd__clkdlybuf4s25_1)
                                                         net47 (net)
                      0.162844    0.000498    2.339843 ^ _0934_/A (sky130_fd_sc_hd__nand2_2)
     5    0.019960    0.099238    0.121174    2.461018 v _0934_/Y (sky130_fd_sc_hd__nand2_2)
                                                         _0109_ (net)
                      0.099276    0.000556    2.461574 v _1533_/A (sky130_fd_sc_hd__nand3_2)
     1    0.002971    0.041927    0.072536    2.534110 ^ _1533_/Y (sky130_fd_sc_hd__nand3_2)
                                                         _0685_ (net)
                      0.041927    0.000066    2.534176 ^ _1544_/A2 (sky130_fd_sc_hd__a31o_2)
     1    0.006222    0.048078    0.154097    2.688273 ^ _1544_/X (sky130_fd_sc_hd__a31o_2)
                                                         _0696_ (net)
                      0.048078    0.000186    2.688460 ^ _1545_/C1 (sky130_fd_sc_hd__a211o_4)
     2    0.009024    0.037796    0.096082    2.784542 ^ _1545_/X (sky130_fd_sc_hd__a211o_4)
                                                         net84 (net)
                      0.037797    0.000188    2.784730 ^ output84/A (sky130_fd_sc_hd__buf_6)
     1    0.034955    0.077930    0.123216    2.907946 ^ output84/X (sky130_fd_sc_hd__buf_6)
                                                         result[23] (net)
                      0.077941    0.000956    2.908902 ^ result[23] (out)
                                              2.908902   data arrival time

                      0.000000    0.000000    0.000000   clock __VIRTUAL_CLK__ (rise edge)
                                  0.000000    0.000000   clock network delay (ideal)
                                  0.250000    0.250000   clock uncertainty
                                  0.000000    0.250000   clock reconvergence pessimism
                                 -2.000000   -1.750000   output external delay
                                             -1.750000   data required time
---------------------------------------------------------------------------------------------
                                             -1.750000   data required time
                                             -2.908902   data arrival time
---------------------------------------------------------------------------------------------
                                              4.658902   slack (MET)


Startpoint: B[28] (input port clocked by __VIRTUAL_CLK__)
Endpoint: result[28] (output port clocked by __VIRTUAL_CLK__)
Path Group: __VIRTUAL_CLK__
Path Type: min

Fanout         Cap        Slew       Delay        Time   Description
---------------------------------------------------------------------------------------------
                      0.000000    0.000000    0.000000   clock __VIRTUAL_CLK__ (rise edge)
                                  0.000000    0.000000   clock network delay (ideal)
                                  2.000000    2.000000 v input external delay
     1    0.004003    0.011420    0.006487    2.006487 v B[28] (in)
                                                         B[28] (net)
                      0.011426    0.000000    2.006487 v input53/A (sky130_fd_sc_hd__clkdlybuf4s25_1)
     4    0.014895    0.120133    0.297144    2.303632 v input53/X (sky130_fd_sc_hd__clkdlybuf4s25_1)
                                                         net53 (net)
                      0.120134    0.000619    2.304250 v _0905_/A (sky130_fd_sc_hd__nor2_2)
     2    0.007470    0.106314    0.156997    2.461247 ^ _0905_/Y (sky130_fd_sc_hd__nor2_2)
                                                         _0080_ (net)
                      0.106314    0.000142    2.461390 ^ _0906_/B (sky130_fd_sc_hd__nor2_2)
     7    0.029387    0.074900    0.097012    2.558402 v _0906_/Y (sky130_fd_sc_hd__nor2_2)
                                                         _0081_ (net)
                      0.074916    0.000894    2.559296 v _1608_/A (sky130_fd_sc_hd__nand2_2)
     1    0.006794    0.049680    0.074308    2.633603 ^ _1608_/Y (sky130_fd_sc_hd__nand2_2)
                                                         _0755_ (net)
                      0.049681    0.000276    2.633879 ^ _1625_/A3 (sky130_fd_sc_hd__a31o_4)
     2    0.011141    0.048586    0.159305    2.793184 ^ _1625_/X (sky130_fd_sc_hd__a31o_4)
                                                         net89 (net)
                      0.048588    0.000332    2.793515 ^ output89/A (sky130_fd_sc_hd__buf_8)
     1    0.034718    0.066267    0.117297    2.910812 ^ output89/X (sky130_fd_sc_hd__buf_8)
                                                         result[28] (net)
                      0.066281    0.000959    2.911771 ^ result[28] (out)
                                              2.911771   data arrival time

                      0.000000    0.000000    0.000000   clock __VIRTUAL_CLK__ (rise edge)
                                  0.000000    0.000000   clock network delay (ideal)
                                  0.250000    0.250000   clock uncertainty
                                  0.000000    0.250000   clock reconvergence pessimism
                                 -2.000000   -1.750000   output external delay
                                             -1.750000   data required time
---------------------------------------------------------------------------------------------
                                             -1.750000   data required time
                                             -2.911771   data arrival time
---------------------------------------------------------------------------------------------
                                              4.661771   slack (MET)


Startpoint: B[20] (input port clocked by __VIRTUAL_CLK__)
Endpoint: result[21] (output port clocked by __VIRTUAL_CLK__)
Path Group: __VIRTUAL_CLK__
Path Type: min

Fanout         Cap        Slew       Delay        Time   Description
---------------------------------------------------------------------------------------------
                      0.000000    0.000000    0.000000   clock __VIRTUAL_CLK__ (rise edge)
                                  0.000000    0.000000   clock network delay (ideal)
                                  2.000000    2.000000 ^ input external delay
     1    0.004385    0.026620    0.015884    2.015884 ^ B[20] (in)
                                                         B[20] (net)
                      0.026620    0.000000    2.015884 ^ input45/A (sky130_fd_sc_hd__clkdlybuf4s25_1)
     5    0.018597    0.194093    0.345652    2.361537 ^ input45/X (sky130_fd_sc_hd__clkdlybuf4s25_1)
                                                         net45 (net)
                      0.194093    0.000584    2.362121 ^ _1508_/A1 (sky130_fd_sc_hd__a211o_2)
     1    0.002592    0.026685    0.155724    2.517845 ^ _1508_/X (sky130_fd_sc_hd__a211o_2)
                                                         _0662_ (net)
                      0.026685    0.000051    2.517895 ^ _1513_/A2 (sky130_fd_sc_hd__a41o_2)
     1    0.004013    0.034562    0.171221    2.689116 ^ _1513_/X (sky130_fd_sc_hd__a41o_2)
                                                         _0667_ (net)
                      0.034562    0.000111    2.689228 ^ _1514_/B1 (sky130_fd_sc_hd__a41o_2)
     2    0.008920    0.055964    0.105683    2.794911 ^ _1514_/X (sky130_fd_sc_hd__a41o_2)
                                                         net82 (net)
                      0.055964    0.000144    2.795054 ^ output82/A (sky130_fd_sc_hd__buf_6)
     1    0.035415    0.078762    0.130389    2.925443 ^ output82/X (sky130_fd_sc_hd__buf_6)
                                                         result[21] (net)
                      0.078775    0.001017    2.926461 ^ result[21] (out)
                                              2.926461   data arrival time

                      0.000000    0.000000    0.000000   clock __VIRTUAL_CLK__ (rise edge)
                                  0.000000    0.000000   clock network delay (ideal)
                                  0.250000    0.250000   clock uncertainty
                                  0.000000    0.250000   clock reconvergence pessimism
                                 -2.000000   -1.750000   output external delay
                                             -1.750000   data required time
---------------------------------------------------------------------------------------------
                                             -1.750000   data required time
                                             -2.926461   data arrival time
---------------------------------------------------------------------------------------------
                                              4.676460   slack (MET)


Startpoint: B[20] (input port clocked by __VIRTUAL_CLK__)
Endpoint: result[20] (output port clocked by __VIRTUAL_CLK__)
Path Group: __VIRTUAL_CLK__
Path Type: min

Fanout         Cap        Slew       Delay        Time   Description
---------------------------------------------------------------------------------------------
                      0.000000    0.000000    0.000000   clock __VIRTUAL_CLK__ (rise edge)
                                  0.000000    0.000000   clock network delay (ideal)
                                  2.000000    2.000000 ^ input external delay
     1    0.004385    0.026620    0.015884    2.015884 ^ B[20] (in)
                                                         B[20] (net)
                      0.026620    0.000000    2.015884 ^ input45/A (sky130_fd_sc_hd__clkdlybuf4s25_1)
     5    0.018597    0.194093    0.345652    2.361537 ^ input45/X (sky130_fd_sc_hd__clkdlybuf4s25_1)
                                                         net45 (net)
                      0.194093    0.000714    2.362251 ^ _1492_/A1 (sky130_fd_sc_hd__a31o_2)
     1    0.002976    0.038870    0.176187    2.538438 ^ _1492_/X (sky130_fd_sc_hd__a31o_2)
                                                         _0647_ (net)
                      0.038870    0.000064    2.538502 ^ _1493_/C1 (sky130_fd_sc_hd__a211o_2)
     1    0.003663    0.028986    0.085739    2.624240 ^ _1493_/X (sky130_fd_sc_hd__a211o_2)
                                                         _0648_ (net)
                      0.028986    0.000124    2.624364 ^ _1494_/B1 (sky130_fd_sc_hd__a21o_2)
     1    0.007085    0.044629    0.089128    2.713492 ^ _1494_/X (sky130_fd_sc_hd__a21o_2)
                                                         _0649_ (net)
                      0.044630    0.000311    2.713803 ^ _1495_/C1 (sky130_fd_sc_hd__a211o_4)
     2    0.012013    0.045209    0.101090    2.814893 ^ _1495_/X (sky130_fd_sc_hd__a211o_4)
                                                         net81 (net)
                      0.045211    0.000319    2.815212 ^ output81/A (sky130_fd_sc_hd__buf_8)
     1    0.034692    0.066223    0.116097    2.931309 ^ output81/X (sky130_fd_sc_hd__buf_8)
                                                         result[20] (net)
                      0.066236    0.000929    2.932238 ^ result[20] (out)
                                              2.932238   data arrival time

                      0.000000    0.000000    0.000000   clock __VIRTUAL_CLK__ (rise edge)
                                  0.000000    0.000000   clock network delay (ideal)
                                  0.250000    0.250000   clock uncertainty
                                  0.000000    0.250000   clock reconvergence pessimism
                                 -2.000000   -1.750000   output external delay
                                             -1.750000   data required time
---------------------------------------------------------------------------------------------
                                             -1.750000   data required time
                                             -2.932238   data arrival time
---------------------------------------------------------------------------------------------
                                              4.682238   slack (MET)


Startpoint: control[2] (input port clocked by __VIRTUAL_CLK__)
Endpoint: zero (output port clocked by __VIRTUAL_CLK__)
Path Group: __VIRTUAL_CLK__
Path Type: min

Fanout         Cap        Slew       Delay        Time   Description
---------------------------------------------------------------------------------------------
                      0.000000    0.000000    0.000000   clock __VIRTUAL_CLK__ (rise edge)
                                  0.000000    0.000000   clock network delay (ideal)
                                  2.000000    2.000000 v input external delay
     1    0.002869    0.008781    0.004561    2.004561 v control[2] (in)
                                                         control[2] (net)
                      0.008781    0.000000    2.004561 v input67/A (sky130_fd_sc_hd__clkdlybuf4s25_1)
     7    0.021334    0.164813    0.330727    2.335288 v input67/X (sky130_fd_sc_hd__clkdlybuf4s25_1)
                                                         net67 (net)
                      0.164814    0.000593    2.335881 v _0837_/A (sky130_fd_sc_hd__inv_2)
     5    0.017784    0.098019    0.139106    2.474987 ^ _0837_/Y (sky130_fd_sc_hd__inv_2)
                                                         _0012_ (net)
                      0.098021    0.000627    2.475613 ^ _1068_/A1 (sky130_fd_sc_hd__a31o_4)
     2    0.013310    0.054672    0.168428    2.644041 ^ _1068_/X (sky130_fd_sc_hd__a31o_4)
                                                         net69 (net)
                      0.054679    0.000622    2.644664 ^ _1678_/A (sky130_fd_sc_hd__or4_4)
     1    0.009984    0.043792    0.129357    2.774021 ^ _1678_/X (sky130_fd_sc_hd__or4_4)
                                                         _0821_ (net)
                      0.043793    0.000249    2.774270 ^ _1682_/D (sky130_fd_sc_hd__nor4_4)
     1    0.005589    0.019846    0.032632    2.806901 v _1682_/Y (sky130_fd_sc_hd__nor4_4)
                                                         net101 (net)
                      0.019846    0.000156    2.807057 v output101/A (sky130_fd_sc_hd__buf_6)
     1    0.035536    0.044781    0.126257    2.933314 v output101/X (sky130_fd_sc_hd__buf_6)
                                                         zero (net)
                      0.044828    0.001294    2.934608 v zero (out)
                                              2.934608   data arrival time

                      0.000000    0.000000    0.000000   clock __VIRTUAL_CLK__ (rise edge)
                                  0.000000    0.000000   clock network delay (ideal)
                                  0.250000    0.250000   clock uncertainty
                                  0.000000    0.250000   clock reconvergence pessimism
                                 -2.000000   -1.750000   output external delay
                                             -1.750000   data required time
---------------------------------------------------------------------------------------------
                                             -1.750000   data required time
                                             -2.934608   data arrival time
---------------------------------------------------------------------------------------------
                                              4.684608   slack (MET)


Startpoint: B[18] (input port clocked by __VIRTUAL_CLK__)
Endpoint: result[19] (output port clocked by __VIRTUAL_CLK__)
Path Group: __VIRTUAL_CLK__
Path Type: min

Fanout         Cap        Slew       Delay        Time   Description
---------------------------------------------------------------------------------------------
                      0.000000    0.000000    0.000000   clock __VIRTUAL_CLK__ (rise edge)
                                  0.000000    0.000000   clock network delay (ideal)
                                  2.000000    2.000000 v input external delay
     1    0.003895    0.011172    0.006304    2.006304 v B[18] (in)
                                                         B[18] (net)
                      0.011177    0.000000    2.006304 v input42/A (sky130_fd_sc_hd__clkdlybuf4s25_1)
     3    0.009962    0.086266    0.270556    2.276860 v input42/X (sky130_fd_sc_hd__clkdlybuf4s25_1)
                                                         net42 (net)
                      0.086266    0.000357    2.277218 v _1042_/A (sky130_fd_sc_hd__nand2_2)
     5    0.020256    0.112785    0.127230    2.404448 ^ _1042_/Y (sky130_fd_sc_hd__nand2_2)
                                                         _0217_ (net)
                      0.112787    0.000317    2.404765 ^ _1466_/A1 (sky130_fd_sc_hd__a311o_2)
     1    0.010515    0.065180    0.204168    2.608933 ^ _1466_/X (sky130_fd_sc_hd__a311o_2)
                                                         _0622_ (net)
                      0.065182    0.000446    2.609379 ^ _1476_/B (sky130_fd_sc_hd__nand3b_4)
     2    0.010063    0.058598    0.081614    2.690993 v _1476_/Y (sky130_fd_sc_hd__nand3b_4)
                                                         net79 (net)
                      0.058599    0.000508    2.691501 v rebuffer443/A (sky130_fd_sc_hd__buf_6)
     1    0.007542    0.023634    0.118387    2.809888 v rebuffer443/X (sky130_fd_sc_hd__buf_6)
                                                         net443 (net)
                      0.023634    0.000198    2.810086 v output79/A (sky130_fd_sc_hd__buf_8)
     1    0.034900    0.040336    0.124856    2.934941 v output79/X (sky130_fd_sc_hd__buf_8)
                                                         result[19] (net)
                      0.040361    0.000936    2.935878 v result[19] (out)
                                              2.935878   data arrival time

                      0.000000    0.000000    0.000000   clock __VIRTUAL_CLK__ (rise edge)
                                  0.000000    0.000000   clock network delay (ideal)
                                  0.250000    0.250000   clock uncertainty
                                  0.000000    0.250000   clock reconvergence pessimism
                                 -2.000000   -1.750000   output external delay
                                             -1.750000   data required time
---------------------------------------------------------------------------------------------
                                             -1.750000   data required time
                                             -2.935878   data arrival time
---------------------------------------------------------------------------------------------
                                              4.685878   slack (MET)


Startpoint: B[25] (input port clocked by __VIRTUAL_CLK__)
Endpoint: result[26] (output port clocked by __VIRTUAL_CLK__)
Path Group: __VIRTUAL_CLK__
Path Type: min

Fanout         Cap        Slew       Delay        Time   Description
---------------------------------------------------------------------------------------------
                      0.000000    0.000000    0.000000   clock __VIRTUAL_CLK__ (rise edge)
                                  0.000000    0.000000   clock network delay (ideal)
                                  2.000000    2.000000 v input external delay
     1    0.003930    0.011250    0.006362    2.006362 v B[25] (in)
                                                         B[25] (net)
                      0.011256    0.000000    2.006362 v input50/A (sky130_fd_sc_hd__clkdlybuf4s25_1)
     4    0.015781    0.126197    0.301967    2.308329 v input50/X (sky130_fd_sc_hd__clkdlybuf4s25_1)
                                                         net50 (net)
                      0.126197    0.000240    2.308570 v _0923_/A1 (sky130_fd_sc_hd__o21a_2)
     3    0.013995    0.051300    0.269429    2.577999 v _0923_/X (sky130_fd_sc_hd__o21a_2)
                                                         _0098_ (net)
                      0.051304    0.000497    2.578496 v _1579_/B (sky130_fd_sc_hd__nand3_2)
     1    0.006584    0.055506    0.077796    2.656291 ^ _1579_/Y (sky130_fd_sc_hd__nand3_2)
                                                         _0728_ (net)
                      0.055506    0.000252    2.656543 ^ _1593_/A3 (sky130_fd_sc_hd__a31o_4)
     2    0.011428    0.049389    0.161570    2.818114 ^ _1593_/X (sky130_fd_sc_hd__a31o_4)
                                                         net87 (net)
                      0.049390    0.000273    2.818387 ^ output87/A (sky130_fd_sc_hd__buf_8)
     1    0.035494    0.067426    0.118288    2.936675 ^ output87/X (sky130_fd_sc_hd__buf_8)
                                                         result[26] (net)
                      0.067453    0.001272    2.937948 ^ result[26] (out)
                                              2.937948   data arrival time

                      0.000000    0.000000    0.000000   clock __VIRTUAL_CLK__ (rise edge)
                                  0.000000    0.000000   clock network delay (ideal)
                                  0.250000    0.250000   clock uncertainty
                                  0.000000    0.250000   clock reconvergence pessimism
                                 -2.000000   -1.750000   output external delay
                                             -1.750000   data required time
---------------------------------------------------------------------------------------------
                                             -1.750000   data required time
                                             -2.937948   data arrival time
---------------------------------------------------------------------------------------------
                                              4.687947   slack (MET)


Startpoint: B[12] (input port clocked by __VIRTUAL_CLK__)
Endpoint: result[12] (output port clocked by __VIRTUAL_CLK__)
Path Group: __VIRTUAL_CLK__
Path Type: min

Fanout         Cap        Slew       Delay        Time   Description
---------------------------------------------------------------------------------------------
                      0.000000    0.000000    0.000000   clock __VIRTUAL_CLK__ (rise edge)
                                  0.000000    0.000000   clock network delay (ideal)
                                  2.000000    2.000000 v input external delay
     1    0.003908    0.011201    0.006325    2.006325 v B[12] (in)
                                                         B[12] (net)
                      0.011207    0.000000    2.006325 v input36/A (sky130_fd_sc_hd__clkdlybuf4s25_1)
     3    0.013367    0.109564    0.288932    2.295258 v input36/X (sky130_fd_sc_hd__clkdlybuf4s25_1)
                                                         net36 (net)
                      0.109564    0.000394    2.295652 v _0994_/A (sky130_fd_sc_hd__nand2_4)
     2    0.021018    0.075131    0.110547    2.406199 ^ _0994_/Y (sky130_fd_sc_hd__nand2_4)
                                                         _0169_ (net)
                      0.075132    0.000414    2.406612 ^ _0995_/B (sky130_fd_sc_hd__nand2_8)
     7    0.025089    0.047546    0.066716    2.473329 v _0995_/Y (sky130_fd_sc_hd__nand2_8)
                                                         _0170_ (net)
                      0.047619    0.001172    2.474500 v _1336_/A1 (sky130_fd_sc_hd__a311oi_2)
     1    0.003600    0.138625    0.194285    2.668785 ^ _1336_/Y (sky130_fd_sc_hd__a311oi_2)
                                                         _0499_ (net)
                      0.138625    0.000093    2.668878 ^ _1348_/B (sky130_fd_sc_hd__or3_4)
     2    0.011595    0.048021    0.158140    2.827017 ^ _1348_/X (sky130_fd_sc_hd__or3_4)
                                                         net72 (net)
                      0.048025    0.000471    2.827488 ^ output72/A (sky130_fd_sc_hd__buf_6)
     1    0.035264    0.078475    0.127269    2.954757 ^ output72/X (sky130_fd_sc_hd__buf_6)
                                                         result[12] (net)
                      0.078493    0.001173    2.955930 ^ result[12] (out)
                                              2.955930   data arrival time

                      0.000000    0.000000    0.000000   clock __VIRTUAL_CLK__ (rise edge)
                                  0.000000    0.000000   clock network delay (ideal)
                                  0.250000    0.250000   clock uncertainty
                                  0.000000    0.250000   clock reconvergence pessimism
                                 -2.000000   -1.750000   output external delay
                                             -1.750000   data required time
---------------------------------------------------------------------------------------------
                                             -1.750000   data required time
                                             -2.955930   data arrival time
---------------------------------------------------------------------------------------------
                                              4.705930   slack (MET)


Startpoint: A[17] (input port clocked by __VIRTUAL_CLK__)
Endpoint: result[17] (output port clocked by __VIRTUAL_CLK__)
Path Group: __VIRTUAL_CLK__
Path Type: min

Fanout         Cap        Slew       Delay        Time   Description
---------------------------------------------------------------------------------------------
                      0.000000    0.000000    0.000000   clock __VIRTUAL_CLK__ (rise edge)
                                  0.000000    0.000000   clock network delay (ideal)
                                  2.000000    2.000000 ^ input external delay
     1    0.003551    0.022990    0.012957    2.012957 ^ A[17] (in)
                                                         A[17] (net)
                      0.022990    0.000000    2.012957 ^ input9/A (sky130_fd_sc_hd__clkdlybuf4s25_1)
     3    0.014344    0.153059    0.315253    2.328209 ^ input9/X (sky130_fd_sc_hd__clkdlybuf4s25_1)
                                                         net9 (net)
                      0.153059    0.000649    2.328859 ^ _1437_/A2 (sky130_fd_sc_hd__a32o_2)
     1    0.003376    0.043411    0.186939    2.515798 ^ _1437_/X (sky130_fd_sc_hd__a32o_2)
                                                         _0595_ (net)
                      0.043411    0.000110    2.515908 ^ _1438_/D (sky130_fd_sc_hd__or4_4)
     1    0.004825    0.031212    0.105430    2.621338 ^ _1438_/X (sky130_fd_sc_hd__or4_4)
                                                         _0596_ (net)
                      0.031212    0.000159    2.621497 ^ _1445_/C (sky130_fd_sc_hd__or3_4)
     2    0.007315    0.037142    0.107039    2.728536 ^ _1445_/X (sky130_fd_sc_hd__or3_4)
                                                         net77 (net)
                      0.037142    0.000118    2.728654 ^ rebuffer223/A (sky130_fd_sc_hd__buf_2)
     1    0.006423    0.042263    0.101516    2.830170 ^ rebuffer223/X (sky130_fd_sc_hd__buf_2)
                                                         net223 (net)
                      0.042263    0.000199    2.830369 ^ output77/A (sky130_fd_sc_hd__buf_6)
     1    0.035561    0.079039    0.125604    2.955973 ^ output77/X (sky130_fd_sc_hd__buf_6)
                                                         result[17] (net)
                      0.079054    0.001093    2.957066 ^ result[17] (out)
                                              2.957066   data arrival time

                      0.000000    0.000000    0.000000   clock __VIRTUAL_CLK__ (rise edge)
                                  0.000000    0.000000   clock network delay (ideal)
                                  0.250000    0.250000   clock uncertainty
                                  0.000000    0.250000   clock reconvergence pessimism
                                 -2.000000   -1.750000   output external delay
                                             -1.750000   data required time
---------------------------------------------------------------------------------------------
                                             -1.750000   data required time
                                             -2.957066   data arrival time
---------------------------------------------------------------------------------------------
                                              4.707066   slack (MET)


Startpoint: B[4] (input port clocked by __VIRTUAL_CLK__)
Endpoint: result[3] (output port clocked by __VIRTUAL_CLK__)
Path Group: __VIRTUAL_CLK__
Path Type: min

Fanout         Cap        Slew       Delay        Time   Description
---------------------------------------------------------------------------------------------
                      0.000000    0.000000    0.000000   clock __VIRTUAL_CLK__ (rise edge)
                                  0.000000    0.000000   clock network delay (ideal)
                                  2.000000    2.000000 v input external delay
     1    0.008810    0.021923    0.014340    2.014340 v B[4] (in)
                                                         B[4] (net)
                      0.021927    0.000000    2.014340 v input59/A (sky130_fd_sc_hd__buf_8)
     4    0.023647    0.032960    0.115901    2.130240 v input59/X (sky130_fd_sc_hd__buf_8)
                                                         net59 (net)
                      0.032968    0.000678    2.130919 v fanout158/A (sky130_fd_sc_hd__buf_6)
     2    0.010930    0.026055    0.110750    2.241668 v fanout158/X (sky130_fd_sc_hd__buf_6)
                                                         net158 (net)
                      0.026072    0.000339    2.242007 v fanout157/A (sky130_fd_sc_hd__buf_8)
     4    0.017988    0.029478    0.113822    2.355829 v fanout157/X (sky130_fd_sc_hd__buf_8)
                                                         net157 (net)
                      0.029489    0.000639    2.356468 v rebuffer457/A (sky130_fd_sc_hd__buf_2)
     7    0.029415    0.079208    0.164396    2.520864 v rebuffer457/X (sky130_fd_sc_hd__buf_2)
                                                         net457 (net)
                      0.079211    0.000604    2.521468 v _1170_/A1 (sky130_fd_sc_hd__a21o_2)
     2    0.006071    0.039450    0.206615    2.728083 v _1170_/X (sky130_fd_sc_hd__a21o_2)
                                                         net94 (net)
                      0.039450    0.000178    2.728261 v output94/A (sky130_fd_sc_hd__dlymetal6s2s_1)
     1    0.035087    0.175422    0.248810    2.977071 v output94/X (sky130_fd_sc_hd__dlymetal6s2s_1)
                                                         result[3] (net)
                      0.175423    0.000814    2.977885 v result[3] (out)
                                              2.977885   data arrival time

                      0.000000    0.000000    0.000000   clock __VIRTUAL_CLK__ (rise edge)
                                  0.000000    0.000000   clock network delay (ideal)
                                  0.250000    0.250000   clock uncertainty
                                  0.000000    0.250000   clock reconvergence pessimism
                                 -2.000000   -1.750000   output external delay
                                             -1.750000   data required time
---------------------------------------------------------------------------------------------
                                             -1.750000   data required time
                                             -2.977885   data arrival time
---------------------------------------------------------------------------------------------
                                              4.727885   slack (MET)


Startpoint: B[28] (input port clocked by __VIRTUAL_CLK__)
Endpoint: result[30] (output port clocked by __VIRTUAL_CLK__)
Path Group: __VIRTUAL_CLK__
Path Type: min

Fanout         Cap        Slew       Delay        Time   Description
---------------------------------------------------------------------------------------------
                      0.000000    0.000000    0.000000   clock __VIRTUAL_CLK__ (rise edge)
                                  0.000000    0.000000   clock network delay (ideal)
                                  2.000000    2.000000 v input external delay
     1    0.004003    0.011420    0.006487    2.006487 v B[28] (in)
                                                         B[28] (net)
                      0.011426    0.000000    2.006487 v input53/A (sky130_fd_sc_hd__clkdlybuf4s25_1)
     4    0.014895    0.120133    0.297144    2.303632 v input53/X (sky130_fd_sc_hd__clkdlybuf4s25_1)
                                                         net53 (net)
                      0.120134    0.000566    2.304197 v _0904_/A (sky130_fd_sc_hd__nand2_2)
     3    0.009277    0.065474    0.103358    2.407556 ^ _0904_/Y (sky130_fd_sc_hd__nand2_2)
                                                         _0079_ (net)
                      0.065474    0.000174    2.407730 ^ _1651_/A2 (sky130_fd_sc_hd__a311o_2)
     2    0.006277    0.045628    0.177245    2.584975 ^ _1651_/X (sky130_fd_sc_hd__a311o_2)
                                                         _0796_ (net)
                      0.045628    0.000104    2.585079 ^ rebuffer243/A (sky130_fd_sc_hd__buf_2)
     2    0.011402    0.064520    0.122343    2.707422 ^ rebuffer243/X (sky130_fd_sc_hd__buf_2)
                                                         net243 (net)
                      0.064521    0.000281    2.707703 ^ _1653_/A1 (sky130_fd_sc_hd__a211o_4)
     2    0.016578    0.056225    0.146255    2.853958 ^ _1653_/X (sky130_fd_sc_hd__a211o_4)
                                                         net92 (net)
                      0.056230    0.000530    2.854488 ^ output92/A (sky130_fd_sc_hd__buf_6)
     1    0.034857    0.077730    0.129717    2.984205 ^ output92/X (sky130_fd_sc_hd__buf_6)
                                                         result[30] (net)
                      0.077743    0.001015    2.985220 ^ result[30] (out)
                                              2.985220   data arrival time

                      0.000000    0.000000    0.000000   clock __VIRTUAL_CLK__ (rise edge)
                                  0.000000    0.000000   clock network delay (ideal)
                                  0.250000    0.250000   clock uncertainty
                                  0.000000    0.250000   clock reconvergence pessimism
                                 -2.000000   -1.750000   output external delay
                                             -1.750000   data required time
---------------------------------------------------------------------------------------------
                                             -1.750000   data required time
                                             -2.985220   data arrival time
---------------------------------------------------------------------------------------------
                                              4.735220   slack (MET)


Startpoint: B[30] (input port clocked by __VIRTUAL_CLK__)
Endpoint: result[31] (output port clocked by __VIRTUAL_CLK__)
Path Group: __VIRTUAL_CLK__
Path Type: min

Fanout         Cap        Slew       Delay        Time   Description
---------------------------------------------------------------------------------------------
                      0.000000    0.000000    0.000000   clock __VIRTUAL_CLK__ (rise edge)
                                  0.000000    0.000000   clock network delay (ideal)
                                  2.000000    2.000000 ^ input external delay
     1    0.003772    0.023947    0.013737    2.013737 ^ B[30] (in)
                                                         B[30] (net)
                      0.023955    0.000000    2.013737 ^ input56/A (sky130_fd_sc_hd__clkdlybuf4s25_1)
     3    0.011196    0.122705    0.294100    2.307837 ^ input56/X (sky130_fd_sc_hd__clkdlybuf4s25_1)
                                                         net56 (net)
                      0.122705    0.000469    2.308305 ^ _0890_/A (sky130_fd_sc_hd__nand2_2)
     4    0.014909    0.075060    0.096778    2.405083 v _0890_/Y (sky130_fd_sc_hd__nand2_2)
                                                         _0065_ (net)
                      0.075060    0.000361    2.405444 v _1654_/B (sky130_fd_sc_hd__nand3b_2)
     1    0.002790    0.040707    0.076290    2.481734 ^ _1654_/Y (sky130_fd_sc_hd__nand3b_2)
                                                         _0798_ (net)
                      0.040707    0.000058    2.481792 ^ _1656_/B (sky130_fd_sc_hd__and3_4)
     1    0.005510    0.046929    0.170735    2.652527 ^ _1656_/X (sky130_fd_sc_hd__and3_4)
                                                         _0800_ (net)
                      0.046929    0.000199    2.652726 ^ _1668_/C (sky130_fd_sc_hd__or4_4)
     2    0.017299    0.062274    0.139060    2.791786 ^ _1668_/X (sky130_fd_sc_hd__or4_4)
                                                         net93 (net)
                      0.062278    0.000547    2.792333 ^ rebuffer248/A (sky130_fd_sc_hd__buf_6)
     1    0.009242    0.031919    0.095129    2.887462 ^ rebuffer248/X (sky130_fd_sc_hd__buf_6)
                                                         net248 (net)
                      0.031920    0.000322    2.887784 ^ output93/A (sky130_fd_sc_hd__buf_8)
     1    0.035337    0.067165    0.112000    2.999784 ^ output93/X (sky130_fd_sc_hd__buf_8)
                                                         result[31] (net)
                      0.067189    0.001201    3.000985 ^ result[31] (out)
                                              3.000985   data arrival time

                      0.000000    0.000000    0.000000   clock __VIRTUAL_CLK__ (rise edge)
                                  0.000000    0.000000   clock network delay (ideal)
                                  0.250000    0.250000   clock uncertainty
                                  0.000000    0.250000   clock reconvergence pessimism
                                 -2.000000   -1.750000   output external delay
                                             -1.750000   data required time
---------------------------------------------------------------------------------------------
                                             -1.750000   data required time
                                             -3.000985   data arrival time
---------------------------------------------------------------------------------------------
                                              4.750985   slack (MET)


Startpoint: B[14] (input port clocked by __VIRTUAL_CLK__)
Endpoint: result[15] (output port clocked by __VIRTUAL_CLK__)
Path Group: __VIRTUAL_CLK__
Path Type: min

Fanout         Cap        Slew       Delay        Time   Description
---------------------------------------------------------------------------------------------
                      0.000000    0.000000    0.000000   clock __VIRTUAL_CLK__ (rise edge)
                                  0.000000    0.000000   clock network delay (ideal)
                                  2.000000    2.000000 v input external delay
     1    0.003493    0.010243    0.005616    2.005616 v B[14] (in)
                                                         B[14] (net)
                      0.010243    0.000000    2.005616 v input38/A (sky130_fd_sc_hd__clkdlybuf4s25_1)
     3    0.011844    0.099161    0.280244    2.285861 v input38/X (sky130_fd_sc_hd__clkdlybuf4s25_1)
                                                         net38 (net)
                      0.099162    0.000480    2.286340 v _0998_/A (sky130_fd_sc_hd__and2_4)
     5    0.018626    0.043710    0.179739    2.466080 v _0998_/X (sky130_fd_sc_hd__and2_4)
                                                         _0173_ (net)
                      0.043733    0.000393    2.466473 v _1390_/A1 (sky130_fd_sc_hd__o21ai_2)
     1    0.003011    0.042734    0.119903    2.586376 ^ _1390_/Y (sky130_fd_sc_hd__o21ai_2)
                                                         _0550_ (net)
                      0.042734    0.000068    2.586443 ^ _1401_/A3 (sky130_fd_sc_hd__a31o_2)
     1    0.004809    0.040920    0.152513    2.738956 ^ _1401_/X (sky130_fd_sc_hd__a31o_2)
                                                         _0561_ (net)
                      0.040921    0.000154    2.739111 ^ _1402_/B1 (sky130_fd_sc_hd__a21o_2)
     2    0.009432    0.055309    0.101638    2.840749 ^ _1402_/X (sky130_fd_sc_hd__a21o_2)
                                                         net75 (net)
                      0.055313    0.000502    2.841251 ^ output75/A (sky130_fd_sc_hd__buf_4)
     1    0.034799    0.103969    0.160401    3.001652 ^ output75/X (sky130_fd_sc_hd__buf_4)
                                                         result[15] (net)
                      0.103976    0.000933    3.002586 ^ result[15] (out)
                                              3.002586   data arrival time

                      0.000000    0.000000    0.000000   clock __VIRTUAL_CLK__ (rise edge)
                                  0.000000    0.000000   clock network delay (ideal)
                                  0.250000    0.250000   clock uncertainty
                                  0.000000    0.250000   clock reconvergence pessimism
                                 -2.000000   -1.750000   output external delay
                                             -1.750000   data required time
---------------------------------------------------------------------------------------------
                                             -1.750000   data required time
                                             -3.002586   data arrival time
---------------------------------------------------------------------------------------------
                                              4.752586   slack (MET)


Startpoint: B[9] (input port clocked by __VIRTUAL_CLK__)
Endpoint: result[10] (output port clocked by __VIRTUAL_CLK__)
Path Group: __VIRTUAL_CLK__
Path Type: min

Fanout         Cap        Slew       Delay        Time   Description
---------------------------------------------------------------------------------------------
                      0.000000    0.000000    0.000000   clock __VIRTUAL_CLK__ (rise edge)
                                  0.000000    0.000000   clock network delay (ideal)
                                  2.000000    2.000000 ^ input external delay
     1    0.004167    0.025673    0.015131    2.015131 ^ B[9] (in)
                                                         B[9] (net)
                      0.025674    0.000000    2.015131 ^ input64/A (sky130_fd_sc_hd__clkdlybuf4s25_1)
     3    0.009228    0.103771    0.281353    2.296485 ^ input64/X (sky130_fd_sc_hd__clkdlybuf4s25_1)
                                                         net64 (net)
                      0.103771    0.000200    2.296685 ^ _1010_/A (sky130_fd_sc_hd__nand2_2)
     4    0.012487    0.060175    0.083755    2.380440 v _1010_/Y (sky130_fd_sc_hd__nand2_2)
                                                         _0185_ (net)
                      0.060178    0.000498    2.380938 v _1294_/B1 (sky130_fd_sc_hd__o21a_2)
     3    0.011486    0.046463    0.141905    2.522844 v _1294_/X (sky130_fd_sc_hd__o21a_2)
                                                         _0459_ (net)
                      0.046464    0.000228    2.523072 v _1295_/C (sky130_fd_sc_hd__nand3_2)
     1    0.006055    0.054326    0.075127    2.598199 ^ _1295_/Y (sky130_fd_sc_hd__nand3_2)
                                                         _0460_ (net)
                      0.054326    0.000218    2.598417 ^ _1306_/A2 (sky130_fd_sc_hd__a31o_4)
     1    0.006214    0.035566    0.142799    2.741216 ^ _1306_/X (sky130_fd_sc_hd__a31o_4)
                                                         _0471_ (net)
                      0.035566    0.000183    2.741399 ^ _1307_/B1 (sky130_fd_sc_hd__a31o_4)
     2    0.009468    0.044006    0.092400    2.833799 ^ _1307_/X (sky130_fd_sc_hd__a31o_4)
                                                         net70 (net)
                      0.044006    0.000229    2.834028 ^ rebuffer521/A (sky130_fd_sc_hd__buf_6)
     1    0.008551    0.030652    0.087666    2.921694 ^ rebuffer521/X (sky130_fd_sc_hd__buf_6)
                                                         net521 (net)
                      0.030653    0.000325    2.922019 ^ output70/A (sky130_fd_sc_hd__buf_8)
     1    0.034883    0.066485    0.111123    3.033141 ^ output70/X (sky130_fd_sc_hd__buf_8)
                                                         result[10] (net)
                      0.066503    0.001041    3.034182 ^ result[10] (out)
                                              3.034182   data arrival time

                      0.000000    0.000000    0.000000   clock __VIRTUAL_CLK__ (rise edge)
                                  0.000000    0.000000   clock network delay (ideal)
                                  0.250000    0.250000   clock uncertainty
                                  0.000000    0.250000   clock reconvergence pessimism
                                 -2.000000   -1.750000   output external delay
                                             -1.750000   data required time
---------------------------------------------------------------------------------------------
                                             -1.750000   data required time
                                             -3.034182   data arrival time
---------------------------------------------------------------------------------------------
                                              4.784182   slack (MET)


Startpoint: B[4] (input port clocked by __VIRTUAL_CLK__)
Endpoint: result[2] (output port clocked by __VIRTUAL_CLK__)
Path Group: __VIRTUAL_CLK__
Path Type: min

Fanout         Cap        Slew       Delay        Time   Description
---------------------------------------------------------------------------------------------
                      0.000000    0.000000    0.000000   clock __VIRTUAL_CLK__ (rise edge)
                                  0.000000    0.000000   clock network delay (ideal)
                                  2.000000    2.000000 ^ input external delay
     1    0.009471    0.049075    0.032376    2.032376 ^ B[4] (in)
                                                         B[4] (net)
                      0.049077    0.000000    2.032376 ^ input59/A (sky130_fd_sc_hd__buf_8)
     4    0.024832    0.051774    0.105843    2.138218 ^ input59/X (sky130_fd_sc_hd__buf_8)
                                                         net59 (net)
                      0.051827    0.000719    2.138937 ^ fanout158/A (sky130_fd_sc_hd__buf_6)
     2    0.011751    0.036059    0.095485    2.234422 ^ fanout158/X (sky130_fd_sc_hd__buf_6)
                                                         net158 (net)
                      0.036060    0.000274    2.234696 ^ rebuffer338/A (sky130_fd_sc_hd__buf_2)
     6    0.030897    0.154669    0.182516    2.417212 ^ rebuffer338/X (sky130_fd_sc_hd__buf_2)
                                                         net338 (net)
                      0.154693    0.001601    2.418813 ^ _1141_/A1 (sky130_fd_sc_hd__a211o_2)
     2    0.007889    0.046726    0.166225    2.585038 ^ _1141_/X (sky130_fd_sc_hd__a211o_2)
                                                         net91 (net)
                      0.046728    0.000350    2.585388 ^ output91/A (sky130_fd_sc_hd__clkdlybuf4s25_1)
     1    0.034888    0.352045    0.463936    3.049324 ^ output91/X (sky130_fd_sc_hd__clkdlybuf4s25_1)
                                                         result[2] (net)
                      0.352045    0.000938    3.050262 ^ result[2] (out)
                                              3.050262   data arrival time

                      0.000000    0.000000    0.000000   clock __VIRTUAL_CLK__ (rise edge)
                                  0.000000    0.000000   clock network delay (ideal)
                                  0.250000    0.250000   clock uncertainty
                                  0.000000    0.250000   clock reconvergence pessimism
                                 -2.000000   -1.750000   output external delay
                                             -1.750000   data required time
---------------------------------------------------------------------------------------------
                                             -1.750000   data required time
                                             -3.050262   data arrival time
---------------------------------------------------------------------------------------------
                                              4.800261   slack (MET)


Startpoint: B[16] (input port clocked by __VIRTUAL_CLK__)
Endpoint: result[16] (output port clocked by __VIRTUAL_CLK__)
Path Group: __VIRTUAL_CLK__
Path Type: min

Fanout         Cap        Slew       Delay        Time   Description
---------------------------------------------------------------------------------------------
                      0.000000    0.000000    0.000000   clock __VIRTUAL_CLK__ (rise edge)
                                  0.000000    0.000000   clock network delay (ideal)
                                  2.000000    2.000000 v input external delay
     1    0.003465    0.010176    0.005569    2.005569 v B[16] (in)
                                                         B[16] (net)
                      0.010177    0.000000    2.005569 v input40/A (sky130_fd_sc_hd__clkdlybuf4s25_1)
     3    0.012432    0.103139    0.283522    2.289091 v input40/X (sky130_fd_sc_hd__clkdlybuf4s25_1)
                                                         net40 (net)
                      0.103139    0.000213    2.289304 v _1036_/A (sky130_fd_sc_hd__nand2_2)
     6    0.030970    0.164976    0.172035    2.461338 ^ _1036_/Y (sky130_fd_sc_hd__nand2_2)
                                                         _0211_ (net)
                      0.164979    0.000638    2.461976 ^ _1039_/A (sky130_fd_sc_hd__nand2_2)
     4    0.016848    0.074701    0.112191    2.574167 v _1039_/Y (sky130_fd_sc_hd__nand2_2)
                                                         _0214_ (net)
                      0.074701    0.000317    2.574484 v _1412_/A1 (sky130_fd_sc_hd__a311oi_2)
     1    0.003948    0.143942    0.208345    2.782829 ^ _1412_/Y (sky130_fd_sc_hd__a311oi_2)
                                                         _0571_ (net)
                      0.143942    0.000108    2.782937 ^ _1425_/A (sky130_fd_sc_hd__or3b_4)
     2    0.009936    0.047896    0.161655    2.944592 ^ _1425_/X (sky130_fd_sc_hd__or3b_4)
                                                         net76 (net)
                      0.047898    0.000358    2.944950 ^ rebuffer524/A (sky130_fd_sc_hd__buf_6)
     1    0.009754    0.032647    0.090946    3.035896 ^ rebuffer524/X (sky130_fd_sc_hd__buf_6)
                                                         net524 (net)
                      0.032649    0.000376    3.036272 ^ output76/A (sky130_fd_sc_hd__buf_8)
     1    0.035499    0.067407    0.112544    3.148816 ^ output76/X (sky130_fd_sc_hd__buf_8)
                                                         result[16] (net)
                      0.067423    0.001031    3.149847 ^ result[16] (out)
                                              3.149847   data arrival time

                      0.000000    0.000000    0.000000   clock __VIRTUAL_CLK__ (rise edge)
                                  0.000000    0.000000   clock network delay (ideal)
                                  0.250000    0.250000   clock uncertainty
                                  0.000000    0.250000   clock reconvergence pessimism
                                 -2.000000   -1.750000   output external delay
                                             -1.750000   data required time
---------------------------------------------------------------------------------------------
                                             -1.750000   data required time
                                             -3.149847   data arrival time
---------------------------------------------------------------------------------------------
                                              4.899848   slack (MET)


Startpoint: B[4] (input port clocked by __VIRTUAL_CLK__)
Endpoint: result[1] (output port clocked by __VIRTUAL_CLK__)
Path Group: __VIRTUAL_CLK__
Path Type: min

Fanout         Cap        Slew       Delay        Time   Description
---------------------------------------------------------------------------------------------
                      0.000000    0.000000    0.000000   clock __VIRTUAL_CLK__ (rise edge)
                                  0.000000    0.000000   clock network delay (ideal)
                                  2.000000    2.000000 ^ input external delay
     1    0.009471    0.049075    0.032376    2.032376 ^ B[4] (in)
                                                         B[4] (net)
                      0.049077    0.000000    2.032376 ^ input59/A (sky130_fd_sc_hd__buf_8)
     4    0.024832    0.051774    0.105843    2.138218 ^ input59/X (sky130_fd_sc_hd__buf_8)
                                                         net59 (net)
                      0.051827    0.000719    2.138937 ^ fanout158/A (sky130_fd_sc_hd__buf_6)
     2    0.011751    0.036059    0.095485    2.234422 ^ fanout158/X (sky130_fd_sc_hd__buf_6)
                                                         net158 (net)
                      0.036063    0.000368    2.234790 ^ fanout157/A (sky130_fd_sc_hd__buf_8)
     4    0.019425    0.043801    0.095400    2.330190 ^ fanout157/X (sky130_fd_sc_hd__buf_8)
                                                         net157 (net)
                      0.043813    0.000693    2.330883 ^ rebuffer457/A (sky130_fd_sc_hd__buf_2)
     7    0.031097    0.155428    0.187005    2.517888 ^ rebuffer457/X (sky130_fd_sc_hd__buf_2)
                                                         net457 (net)
                      0.155430    0.000804    2.518692 ^ _1110_/A1 (sky130_fd_sc_hd__a211o_2)
     2    0.009002    0.051526    0.170529    2.689220 ^ _1110_/X (sky130_fd_sc_hd__a211o_2)
                                                         net80 (net)
                      0.051528    0.000419    2.689640 ^ output80/A (sky130_fd_sc_hd__clkdlybuf4s25_1)
     1    0.034650    0.349551    0.464180    3.153819 ^ output80/X (sky130_fd_sc_hd__clkdlybuf4s25_1)
                                                         result[1] (net)
                      0.349551    0.000685    3.154505 ^ result[1] (out)
                                              3.154505   data arrival time

                      0.000000    0.000000    0.000000   clock __VIRTUAL_CLK__ (rise edge)
                                  0.000000    0.000000   clock network delay (ideal)
                                  0.250000    0.250000   clock uncertainty
                                  0.000000    0.250000   clock reconvergence pessimism
                                 -2.000000   -1.750000   output external delay
                                             -1.750000   data required time
---------------------------------------------------------------------------------------------
                                             -1.750000   data required time
                                             -3.154505   data arrival time
---------------------------------------------------------------------------------------------
                                              4.904504   slack (MET)


Startpoint: B[26] (input port clocked by __VIRTUAL_CLK__)
Endpoint: result[27] (output port clocked by __VIRTUAL_CLK__)
Path Group: __VIRTUAL_CLK__
Path Type: min

Fanout         Cap        Slew       Delay        Time   Description
---------------------------------------------------------------------------------------------
                      0.000000    0.000000    0.000000   clock __VIRTUAL_CLK__ (rise edge)
                                  0.000000    0.000000   clock network delay (ideal)
                                  2.000000    2.000000 ^ input external delay
     1    0.005305    0.030629    0.018898    2.018898 ^ B[26] (in)
                                                         B[26] (net)
                      0.030631    0.000000    2.018898 ^ input51/A (sky130_fd_sc_hd__clkdlybuf4s25_1)
     4    0.012869    0.138771    0.307995    2.326893 ^ input51/X (sky130_fd_sc_hd__clkdlybuf4s25_1)
                                                         net51 (net)
                      0.138771    0.000197    2.327089 ^ _0913_/A (sky130_fd_sc_hd__nand2_2)
     4    0.015331    0.079489    0.101594    2.428683 v _0913_/Y (sky130_fd_sc_hd__nand2_2)
                                                         _0088_ (net)
                      0.079489    0.000359    2.429042 v _1597_/B (sky130_fd_sc_hd__nand3b_2)
     1    0.005440    0.056276    0.089135    2.518177 ^ _1597_/Y (sky130_fd_sc_hd__nand3b_2)
                                                         _0745_ (net)
                      0.056276    0.000114    2.518291 ^ _1607_/A3 (sky130_fd_sc_hd__a31o_4)
     2    0.005817    0.034556    0.146755    2.665046 ^ _1607_/X (sky130_fd_sc_hd__a31o_4)
                                                         net88 (net)
                      0.034557    0.000124    2.665170 ^ rebuffer394/A (sky130_fd_sc_hd__buf_2)
     1    0.006192    0.041235    0.099743    2.764913 ^ rebuffer394/X (sky130_fd_sc_hd__buf_2)
                                                         net394 (net)
                      0.041235    0.000180    2.765093 ^ rebuffer393/A (sky130_fd_sc_hd__buf_6)
     1    0.006124    0.026625    0.082922    2.848016 ^ rebuffer393/X (sky130_fd_sc_hd__buf_6)
                                                         net393 (net)
                      0.026625    0.000223    2.848239 ^ rebuffer392/A (sky130_fd_sc_hd__buf_6)
     1    0.005497    0.025491    0.076469    2.924708 ^ rebuffer392/X (sky130_fd_sc_hd__buf_6)
                                                         net392 (net)
                      0.025491    0.000131    2.924839 ^ rebuffer391/A (sky130_fd_sc_hd__buf_6)
     1    0.005801    0.026071    0.076625    3.001464 ^ rebuffer391/X (sky130_fd_sc_hd__buf_6)
                                                         net391 (net)
                      0.026071    0.000152    3.001616 ^ rebuffer389/A (sky130_fd_sc_hd__buf_6)
     1    0.009073    0.031508    0.081863    3.083478 ^ rebuffer389/X (sky130_fd_sc_hd__buf_6)
                                                         net389 (net)
                      0.031509    0.000385    3.083863 ^ output88/A (sky130_fd_sc_hd__buf_8)
     1    0.035816    0.067880    0.112304    3.196168 ^ output88/X (sky130_fd_sc_hd__buf_8)
                                                         result[27] (net)
                      0.067952    0.001377    3.197545 ^ result[27] (out)
                                              3.197545   data arrival time

                      0.000000    0.000000    0.000000   clock __VIRTUAL_CLK__ (rise edge)
                                  0.000000    0.000000   clock network delay (ideal)
                                  0.250000    0.250000   clock uncertainty
                                  0.000000    0.250000   clock reconvergence pessimism
                                 -2.000000   -1.750000   output external delay
                                             -1.750000   data required time
---------------------------------------------------------------------------------------------
                                             -1.750000   data required time
                                             -3.197545   data arrival time
---------------------------------------------------------------------------------------------
                                              4.947545   slack (MET)



%OL_END_REPORT
%OL_CREATE_REPORT max.rpt

===========================================================================
report_checks -path_delay max (Setup)
============================================================================
======================= nom_tt_025C_1v80 Corner ===================================

Startpoint: B[0] (input port clocked by __VIRTUAL_CLK__)
Endpoint: zero (output port clocked by __VIRTUAL_CLK__)
Path Group: __VIRTUAL_CLK__
Path Type: max

Fanout         Cap        Slew       Delay        Time   Description
---------------------------------------------------------------------------------------------
                      0.000000    0.000000    0.000000   clock __VIRTUAL_CLK__ (rise edge)
                                  0.000000    0.000000   clock network delay (ideal)
                                  2.000000    2.000000 v input external delay
     1    0.008371    0.020959    0.013611    2.013611 v B[0] (in)
                                                         B[0] (net)
                      0.020962    0.000000    2.013611 v input33/A (sky130_fd_sc_hd__buf_8)
     2    0.020595    0.030924    0.113544    2.127155 v input33/X (sky130_fd_sc_hd__buf_8)
                                                         net33 (net)
                      0.031008    0.001124    2.128279 v fanout192/A (sky130_fd_sc_hd__buf_8)
     2    0.012810    0.026611    0.112281    2.240560 v fanout192/X (sky130_fd_sc_hd__buf_8)
                                                         net192 (net)
                      0.026611    0.000494    2.241054 v fanout190/A (sky130_fd_sc_hd__buf_6)
     2    0.007472    0.023558    0.104159    2.345212 v fanout190/X (sky130_fd_sc_hd__buf_6)
                                                         net190 (net)
                      0.023558    0.000185    2.345398 v load_slew191/A (sky130_fd_sc_hd__buf_6)
     3    0.016333    0.030802    0.112334    2.457732 v load_slew191/X (sky130_fd_sc_hd__buf_6)
                                                         net191 (net)
                      0.030856    0.001128    2.458861 v fanout188/A (sky130_fd_sc_hd__buf_8)
     5    0.025596    0.034034    0.121422    2.580282 v fanout188/X (sky130_fd_sc_hd__buf_8)
                                                         net188 (net)
                      0.034037    0.000363    2.580646 v load_slew189/A (sky130_fd_sc_hd__buf_8)
     4    0.012380    0.026366    0.113324    2.693970 v load_slew189/X (sky130_fd_sc_hd__buf_8)
                                                         net189 (net)
                      0.026366    0.000353    2.694323 v _1070_/S0 (sky130_fd_sc_hd__mux4_2)
     2    0.009835    0.102475    0.445517    3.139840 v _1070_/X (sky130_fd_sc_hd__mux4_2)
                                                         _0244_ (net)
                      0.102475    0.000616    3.140455 v _1072_/A0 (sky130_fd_sc_hd__mux2_4)
     3    0.010502    0.060071    0.303826    3.444282 v _1072_/X (sky130_fd_sc_hd__mux2_4)
                                                         _0246_ (net)
                      0.060071    0.000293    3.444575 v _1079_/A0 (sky130_fd_sc_hd__mux2_4)
     1    0.005233    0.053425    0.274742    3.719316 v _1079_/X (sky130_fd_sc_hd__mux2_4)
                                                         _0253_ (net)
                      0.053425    0.000185    3.719501 v _1086_/A1 (sky130_fd_sc_hd__a22o_4)
     2    0.009306    0.045529    0.250370    3.969871 v _1086_/X (sky130_fd_sc_hd__a22o_4)
                                                         _0260_ (net)
                      0.045529    0.000423    3.970294 v _1435_/A2 (sky130_fd_sc_hd__o21a_4)
     1    0.007261    0.037629    0.193183    4.163478 v _1435_/X (sky130_fd_sc_hd__o21a_4)
                                                         _0593_ (net)
                      0.037629    0.000388    4.163866 v _1438_/C (sky130_fd_sc_hd__or4_4)
     1    0.004444    0.083264    0.470222    4.634088 v _1438_/X (sky130_fd_sc_hd__or4_4)
                                                         _0596_ (net)
                      0.083264    0.000143    4.634231 v _1445_/C (sky130_fd_sc_hd__or3_4)
     2    0.006902    0.069830    0.342266    4.976497 v _1445_/X (sky130_fd_sc_hd__or3_4)
                                                         net77 (net)
                      0.069830    0.000245    4.976742 v _1669_/A (sky130_fd_sc_hd__or4_4)
     1    0.007355    0.089380    0.544812    5.521554 v _1669_/X (sky130_fd_sc_hd__or4_4)
                                                         _0812_ (net)
                      0.089380    0.000230    5.521784 v _1674_/D (sky130_fd_sc_hd__or4_4)
     1    0.012795    0.099085    0.453125    5.974909 v _1674_/X (sky130_fd_sc_hd__or4_4)
                                                         _0817_ (net)
                      0.099085    0.000543    5.975451 v _1677_/D (sky130_fd_sc_hd__or4_4)
     1    0.003361    0.080460    0.419695    6.395146 v _1677_/X (sky130_fd_sc_hd__or4_4)
                                                         _0820_ (net)
                      0.080460    0.000086    6.395232 v _1678_/C (sky130_fd_sc_hd__or4_4)
     1    0.008474    0.091404    0.499469    6.894701 v _1678_/X (sky130_fd_sc_hd__or4_4)
                                                         _0821_ (net)
                      0.091404    0.000210    6.894911 v _1682_/D (sky130_fd_sc_hd__nor4_4)
     1    0.006068    0.210514    0.158136    7.053047 ^ _1682_/Y (sky130_fd_sc_hd__nor4_4)
                                                         net101 (net)
                      0.210514    0.000171    7.053217 ^ output101/A (sky130_fd_sc_hd__buf_6)
     1    0.035536    0.080330    0.171324    7.224542 ^ output101/X (sky130_fd_sc_hd__buf_6)
                                                         zero (net)
                      0.080353    0.001295    7.225837 ^ zero (out)
                                              7.225837   data arrival time

                      0.000000   10.000000   10.000000   clock __VIRTUAL_CLK__ (rise edge)
                                  0.000000   10.000000   clock network delay (ideal)
                                 -0.250000    9.750000   clock uncertainty
                                  0.000000    9.750000   clock reconvergence pessimism
                                 -2.000000    7.750000   output external delay
                                              7.750000   data required time
---------------------------------------------------------------------------------------------
                                              7.750000   data required time
                                             -7.225837   data arrival time
---------------------------------------------------------------------------------------------
                                              0.524163   slack (MET)


Startpoint: B[1] (input port clocked by __VIRTUAL_CLK__)
Endpoint: result[27] (output port clocked by __VIRTUAL_CLK__)
Path Group: __VIRTUAL_CLK__
Path Type: max

Fanout         Cap        Slew       Delay        Time   Description
---------------------------------------------------------------------------------------------
                      0.000000    0.000000    0.000000   clock __VIRTUAL_CLK__ (rise edge)
                                  0.000000    0.000000   clock network delay (ideal)
                                  2.000000    2.000000 v input external delay
     1    0.007502    0.019065    0.012192    2.012192 v B[1] (in)
                                                         B[1] (net)
                      0.019068    0.000000    2.012192 v input44/A (sky130_fd_sc_hd__buf_8)
     3    0.015717    0.028160    0.109428    2.121620 v input44/X (sky130_fd_sc_hd__buf_8)
                                                         net44 (net)
                      0.028160    0.000650    2.122270 v fanout180/A (sky130_fd_sc_hd__buf_8)
     2    0.010194    0.024764    0.108863    2.231133 v fanout180/X (sky130_fd_sc_hd__buf_8)
                                                         net180 (net)
                      0.024764    0.000322    2.231454 v load_slew181/A (sky130_fd_sc_hd__buf_8)
     2    0.014536    0.027574    0.110765    2.342220 v load_slew181/X (sky130_fd_sc_hd__buf_8)
                                                         net181 (net)
                      0.027578    0.001045    2.343265 v fanout178/A (sky130_fd_sc_hd__buf_8)
     2    0.012884    0.026644    0.110861    2.454126 v fanout178/X (sky130_fd_sc_hd__buf_8)
                                                         net178 (net)
                      0.026644    0.000286    2.454412 v rebuffer525/A (sky130_fd_sc_hd__buf_8)
     2    0.019266    0.030189    0.114949    2.569361 v rebuffer525/X (sky130_fd_sc_hd__buf_8)
                                                         net525 (net)
                      0.030220    0.000725    2.570086 v _0958_/B (sky130_fd_sc_hd__xnor2_4)
     5    0.018690    0.194672    0.184275    2.754361 ^ _0958_/Y (sky130_fd_sc_hd__xnor2_4)
                                                         _0133_ (net)
                      0.194672    0.000555    2.754916 ^ _0960_/A1 (sky130_fd_sc_hd__a21o_4)
     2    0.008192    0.039028    0.153094    2.908010 ^ _0960_/X (sky130_fd_sc_hd__a21o_4)
                                                         _0135_ (net)
                      0.039042    0.000273    2.908284 ^ _0968_/A3 (sky130_fd_sc_hd__a31o_4)
     2    0.010100    0.052387    0.153628    3.061912 ^ _0968_/X (sky130_fd_sc_hd__a31o_4)
                                                         _0143_ (net)
                      0.052394    0.000592    3.062504 ^ _0983_/D_N (sky130_fd_sc_hd__or4b_4)
     2    0.008558    0.092119    0.466917    3.529421 v _0983_/X (sky130_fd_sc_hd__or4b_4)
                                                         _0158_ (net)
                      0.092119    0.000292    3.529712 v rebuffer218/A (sky130_fd_sc_hd__buf_6)
     2    0.010627    0.025854    0.137198    3.666910 v rebuffer218/X (sky130_fd_sc_hd__buf_6)
                                                         net218 (net)
                      0.025854    0.000407    3.667317 v _1017_/A2 (sky130_fd_sc_hd__a211o_4)
     2    0.012966    0.062405    0.338563    4.005880 v _1017_/X (sky130_fd_sc_hd__a211o_4)
                                                         _0192_ (net)
                      0.062405    0.000790    4.006670 v rebuffer381/A (sky130_fd_sc_hd__buf_6)
     3    0.014412    0.028879    0.127625    4.134295 v rebuffer381/X (sky130_fd_sc_hd__buf_6)
                                                         net381 (net)
                      0.028891    0.000534    4.134829 v _1050_/A1 (sky130_fd_sc_hd__a211o_4)
     2    0.018864    0.072095    0.343015    4.477844 v _1050_/X (sky130_fd_sc_hd__a211o_4)
                                                         _0225_ (net)
                      0.072095    0.000986    4.478830 v _1563_/A2 (sky130_fd_sc_hd__a211o_4)
     2    0.010588    0.058532    0.351699    4.830529 v _1563_/X (sky130_fd_sc_hd__a211o_4)
                                                         _0713_ (net)
                      0.058532    0.000314    4.830843 v rebuffer388/A (sky130_fd_sc_hd__buf_6)
     1    0.005397    0.021869    0.115781    4.946624 v rebuffer388/X (sky130_fd_sc_hd__buf_6)
                                                         net388 (net)
                      0.021869    0.000188    4.946813 v rebuffer384/A (sky130_fd_sc_hd__buf_6)
     1    0.005071    0.021435    0.099090    5.045902 v rebuffer384/X (sky130_fd_sc_hd__buf_6)
                                                         net384 (net)
                      0.021435    0.000122    5.046024 v rebuffer380/A (sky130_fd_sc_hd__buf_6)
     2    0.011478    0.026488    0.106324    5.152348 v rebuffer380/X (sky130_fd_sc_hd__buf_6)
                                                         net380 (net)
                      0.026504    0.000359    5.152707 v _1580_/A1 (sky130_fd_sc_hd__a21o_4)
     3    0.013218    0.044670    0.202453    5.355160 v _1580_/X (sky130_fd_sc_hd__a21o_4)
                                                         _0729_ (net)
                      0.044671    0.000298    5.355458 v rebuffer386/A (sky130_fd_sc_hd__buf_6)
     1    0.006358    0.022783    0.110831    5.466289 v rebuffer386/X (sky130_fd_sc_hd__buf_6)
                                                         net386 (net)
                      0.022783    0.000258    5.466547 v _1595_/A2 (sky130_fd_sc_hd__a21o_4)
     1    0.005595    0.034739    0.198915    5.665462 v _1595_/X (sky130_fd_sc_hd__a21o_4)
                                                         _0743_ (net)
                      0.034739    0.000145    5.665606 v _1606_/A3 (sky130_fd_sc_hd__a31o_4)
     1    0.004653    0.036416    0.228506    5.894113 v _1606_/X (sky130_fd_sc_hd__a31o_4)
                                                         _0754_ (net)
                      0.036416    0.000105    5.894217 v _1607_/B1 (sky130_fd_sc_hd__a31o_4)
     2    0.005369    0.037035    0.198955    6.093173 v _1607_/X (sky130_fd_sc_hd__a31o_4)
                                                         net88 (net)
                      0.037035    0.000114    6.093287 v rebuffer394/A (sky130_fd_sc_hd__buf_2)
     1    0.005713    0.029931    0.119126    6.212412 v rebuffer394/X (sky130_fd_sc_hd__buf_2)
                                                         net394 (net)
                      0.029932    0.000164    6.212577 v rebuffer393/A (sky130_fd_sc_hd__buf_6)
     1    0.005645    0.022147    0.103480    6.316057 v rebuffer393/X (sky130_fd_sc_hd__buf_6)
                                                         net393 (net)
                      0.022147    0.000203    6.316260 v rebuffer392/A (sky130_fd_sc_hd__buf_6)
     1    0.005018    0.021374    0.099120    6.415380 v rebuffer392/X (sky130_fd_sc_hd__buf_6)
                                                         net392 (net)
                      0.021374    0.000119    6.415499 v rebuffer391/A (sky130_fd_sc_hd__buf_6)
     1    0.005322    0.021730    0.099277    6.514776 v rebuffer391/X (sky130_fd_sc_hd__buf_6)
                                                         net391 (net)
                      0.021730    0.000138    6.514915 v rebuffer389/A (sky130_fd_sc_hd__buf_6)
     1    0.008412    0.024243    0.103050    6.617965 v rebuffer389/X (sky130_fd_sc_hd__buf_6)
                                                         net389 (net)
                      0.024243    0.000354    6.618319 v output88/A (sky130_fd_sc_hd__buf_8)
     1    0.035816    0.041098    0.125476    6.743794 v output88/X (sky130_fd_sc_hd__buf_8)
                                                         result[27] (net)
                      0.041157    0.001374    6.745169 v result[27] (out)
                                              6.745169   data arrival time

                      0.000000   10.000000   10.000000   clock __VIRTUAL_CLK__ (rise edge)
                                  0.000000   10.000000   clock network delay (ideal)
                                 -0.250000    9.750000   clock uncertainty
                                  0.000000    9.750000   clock reconvergence pessimism
                                 -2.000000    7.750000   output external delay
                                              7.750000   data required time
---------------------------------------------------------------------------------------------
                                              7.750000   data required time
                                             -6.745169   data arrival time
---------------------------------------------------------------------------------------------
                                              1.004831   slack (MET)


Startpoint: B[1] (input port clocked by __VIRTUAL_CLK__)
Endpoint: result[31] (output port clocked by __VIRTUAL_CLK__)
Path Group: __VIRTUAL_CLK__
Path Type: max

Fanout         Cap        Slew       Delay        Time   Description
---------------------------------------------------------------------------------------------
                      0.000000    0.000000    0.000000   clock __VIRTUAL_CLK__ (rise edge)
                                  0.000000    0.000000   clock network delay (ideal)
                                  2.000000    2.000000 v input external delay
     1    0.007502    0.019065    0.012192    2.012192 v B[1] (in)
                                                         B[1] (net)
                      0.019068    0.000000    2.012192 v input44/A (sky130_fd_sc_hd__buf_8)
     3    0.015717    0.028160    0.109428    2.121620 v input44/X (sky130_fd_sc_hd__buf_8)
                                                         net44 (net)
                      0.028160    0.000650    2.122270 v fanout180/A (sky130_fd_sc_hd__buf_8)
     2    0.010194    0.024764    0.108863    2.231133 v fanout180/X (sky130_fd_sc_hd__buf_8)
                                                         net180 (net)
                      0.024764    0.000322    2.231454 v load_slew181/A (sky130_fd_sc_hd__buf_8)
     2    0.014536    0.027574    0.110765    2.342220 v load_slew181/X (sky130_fd_sc_hd__buf_8)
                                                         net181 (net)
                      0.027578    0.001045    2.343265 v fanout178/A (sky130_fd_sc_hd__buf_8)
     2    0.012884    0.026644    0.110861    2.454126 v fanout178/X (sky130_fd_sc_hd__buf_8)
                                                         net178 (net)
                      0.026644    0.000286    2.454412 v rebuffer525/A (sky130_fd_sc_hd__buf_8)
     2    0.019266    0.030189    0.114949    2.569361 v rebuffer525/X (sky130_fd_sc_hd__buf_8)
                                                         net525 (net)
                      0.030220    0.000725    2.570086 v _0958_/B (sky130_fd_sc_hd__xnor2_4)
     5    0.018690    0.194672    0.184275    2.754361 ^ _0958_/Y (sky130_fd_sc_hd__xnor2_4)
                                                         _0133_ (net)
                      0.194672    0.000555    2.754916 ^ _0960_/A1 (sky130_fd_sc_hd__a21o_4)
     2    0.008192    0.039028    0.153094    2.908010 ^ _0960_/X (sky130_fd_sc_hd__a21o_4)
                                                         _0135_ (net)
                      0.039042    0.000273    2.908284 ^ _0968_/A3 (sky130_fd_sc_hd__a31o_4)
     2    0.010100    0.052387    0.153628    3.061912 ^ _0968_/X (sky130_fd_sc_hd__a31o_4)
                                                         _0143_ (net)
                      0.052394    0.000592    3.062504 ^ _0983_/D_N (sky130_fd_sc_hd__or4b_4)
     2    0.008558    0.092119    0.466917    3.529421 v _0983_/X (sky130_fd_sc_hd__or4b_4)
                                                         _0158_ (net)
                      0.092119    0.000292    3.529712 v rebuffer218/A (sky130_fd_sc_hd__buf_6)
     2    0.010627    0.025854    0.137198    3.666910 v rebuffer218/X (sky130_fd_sc_hd__buf_6)
                                                         net218 (net)
                      0.025854    0.000407    3.667317 v _1017_/A2 (sky130_fd_sc_hd__a211o_4)
     2    0.012966    0.062405    0.338563    4.005880 v _1017_/X (sky130_fd_sc_hd__a211o_4)
                                                         _0192_ (net)
                      0.062405    0.000790    4.006670 v rebuffer381/A (sky130_fd_sc_hd__buf_6)
     3    0.014412    0.028879    0.127625    4.134295 v rebuffer381/X (sky130_fd_sc_hd__buf_6)
                                                         net381 (net)
                      0.028891    0.000534    4.134829 v _1050_/A1 (sky130_fd_sc_hd__a211o_4)
     2    0.018864    0.072095    0.343015    4.477844 v _1050_/X (sky130_fd_sc_hd__a211o_4)
                                                         _0225_ (net)
                      0.072095    0.000839    4.478683 v rebuffer287/A (sky130_fd_sc_hd__buf_8)
     4    0.025906    0.034311    0.139468    4.618151 v rebuffer287/X (sky130_fd_sc_hd__buf_8)
                                                         net287 (net)
                      0.034413    0.001600    4.619752 v _1057_/A1 (sky130_fd_sc_hd__a21oi_4)
     2    0.016177    0.160462    0.161901    4.781653 ^ _1057_/Y (sky130_fd_sc_hd__a21oi_4)
                                                         _0232_ (net)
                      0.160463    0.000639    4.782292 ^ _1064_/A1 (sky130_fd_sc_hd__a21oi_4)
     3    0.014994    0.066548    0.089399    4.871691 v _1064_/Y (sky130_fd_sc_hd__a21oi_4)
                                                         _0239_ (net)
                      0.066551    0.000774    4.872464 v _1065_/A4 (sky130_fd_sc_hd__o41a_4)
     2    0.011247    0.073800    0.370177    5.242641 v _1065_/X (sky130_fd_sc_hd__o41a_4)
                                                         _0240_ (net)
                      0.073800    0.000195    5.242836 v _1658_/A2 (sky130_fd_sc_hd__o221a_4)
     1    0.005870    0.044385    0.266240    5.509077 v _1658_/X (sky130_fd_sc_hd__o221a_4)
                                                         _0802_ (net)
                      0.044385    0.000278    5.509356 v _1668_/B (sky130_fd_sc_hd__or4_4)
     2    0.015612    0.104821    0.544838    6.054193 v _1668_/X (sky130_fd_sc_hd__or4_4)
                                                         net93 (net)
                      0.104821    0.000495    6.054688 v rebuffer248/A (sky130_fd_sc_hd__buf_6)
     1    0.008581    0.024388    0.140810    6.195498 v rebuffer248/X (sky130_fd_sc_hd__buf_6)
                                                         net248 (net)
                      0.024388    0.000296    6.195793 v output93/A (sky130_fd_sc_hd__buf_8)
     1    0.035337    0.040716    0.125301    6.321095 v output93/X (sky130_fd_sc_hd__buf_8)
                                                         result[31] (net)
                      0.040760    0.001199    6.322294 v result[31] (out)
                                              6.322294   data arrival time

                      0.000000   10.000000   10.000000   clock __VIRTUAL_CLK__ (rise edge)
                                  0.000000   10.000000   clock network delay (ideal)
                                 -0.250000    9.750000   clock uncertainty
                                  0.000000    9.750000   clock reconvergence pessimism
                                 -2.000000    7.750000   output external delay
                                              7.750000   data required time
---------------------------------------------------------------------------------------------
                                              7.750000   data required time
                                             -6.322294   data arrival time
---------------------------------------------------------------------------------------------
                                              1.427706   slack (MET)


Startpoint: B[1] (input port clocked by __VIRTUAL_CLK__)
Endpoint: result[23] (output port clocked by __VIRTUAL_CLK__)
Path Group: __VIRTUAL_CLK__
Path Type: max

Fanout         Cap        Slew       Delay        Time   Description
---------------------------------------------------------------------------------------------
                      0.000000    0.000000    0.000000   clock __VIRTUAL_CLK__ (rise edge)
                                  0.000000    0.000000   clock network delay (ideal)
                                  2.000000    2.000000 v input external delay
     1    0.007502    0.019065    0.012192    2.012192 v B[1] (in)
                                                         B[1] (net)
                      0.019068    0.000000    2.012192 v input44/A (sky130_fd_sc_hd__buf_8)
     3    0.015717    0.028160    0.109428    2.121620 v input44/X (sky130_fd_sc_hd__buf_8)
                                                         net44 (net)
                      0.028160    0.000650    2.122270 v fanout180/A (sky130_fd_sc_hd__buf_8)
     2    0.010194    0.024764    0.108863    2.231133 v fanout180/X (sky130_fd_sc_hd__buf_8)
                                                         net180 (net)
                      0.024764    0.000322    2.231454 v load_slew181/A (sky130_fd_sc_hd__buf_8)
     2    0.014536    0.027574    0.110765    2.342220 v load_slew181/X (sky130_fd_sc_hd__buf_8)
                                                         net181 (net)
                      0.027578    0.001045    2.343265 v fanout178/A (sky130_fd_sc_hd__buf_8)
     2    0.012884    0.026644    0.110861    2.454126 v fanout178/X (sky130_fd_sc_hd__buf_8)
                                                         net178 (net)
                      0.026644    0.000286    2.454412 v rebuffer525/A (sky130_fd_sc_hd__buf_8)
     2    0.019266    0.030189    0.114949    2.569361 v rebuffer525/X (sky130_fd_sc_hd__buf_8)
                                                         net525 (net)
                      0.030220    0.000725    2.570086 v _0958_/B (sky130_fd_sc_hd__xnor2_4)
     5    0.018690    0.194672    0.184275    2.754361 ^ _0958_/Y (sky130_fd_sc_hd__xnor2_4)
                                                         _0133_ (net)
                      0.194672    0.000555    2.754916 ^ _0960_/A1 (sky130_fd_sc_hd__a21o_4)
     2    0.008192    0.039028    0.153094    2.908010 ^ _0960_/X (sky130_fd_sc_hd__a21o_4)
                                                         _0135_ (net)
                      0.039042    0.000273    2.908284 ^ _0968_/A3 (sky130_fd_sc_hd__a31o_4)
     2    0.010100    0.052387    0.153628    3.061912 ^ _0968_/X (sky130_fd_sc_hd__a31o_4)
                                                         _0143_ (net)
                      0.052394    0.000592    3.062504 ^ _0983_/D_N (sky130_fd_sc_hd__or4b_4)
     2    0.008558    0.092119    0.466917    3.529421 v _0983_/X (sky130_fd_sc_hd__or4b_4)
                                                         _0158_ (net)
                      0.092119    0.000292    3.529712 v rebuffer218/A (sky130_fd_sc_hd__buf_6)
     2    0.010627    0.025854    0.137198    3.666910 v rebuffer218/X (sky130_fd_sc_hd__buf_6)
                                                         net218 (net)
                      0.025854    0.000407    3.667317 v _1017_/A2 (sky130_fd_sc_hd__a211o_4)
     2    0.012966    0.062405    0.338563    4.005880 v _1017_/X (sky130_fd_sc_hd__a211o_4)
                                                         _0192_ (net)
                      0.062405    0.000790    4.006670 v rebuffer381/A (sky130_fd_sc_hd__buf_6)
     3    0.014412    0.028879    0.127625    4.134295 v rebuffer381/X (sky130_fd_sc_hd__buf_6)
                                                         net381 (net)
                      0.028891    0.000534    4.134829 v _1050_/A1 (sky130_fd_sc_hd__a211o_4)
     2    0.018864    0.072095    0.343015    4.477844 v _1050_/X (sky130_fd_sc_hd__a211o_4)
                                                         _0225_ (net)
                      0.072095    0.000839    4.478683 v rebuffer287/A (sky130_fd_sc_hd__buf_8)
     4    0.025906    0.034311    0.139468    4.618151 v rebuffer287/X (sky130_fd_sc_hd__buf_8)
                                                         net287 (net)
                      0.034325    0.000723    4.618874 v _1498_/B1 (sky130_fd_sc_hd__a221o_2)
     2    0.005496    0.060668    0.335611    4.954484 v _1498_/X (sky130_fd_sc_hd__a221o_2)
                                                         _0652_ (net)
                      0.060668    0.000151    4.954636 v _1516_/A3 (sky130_fd_sc_hd__a32o_2)
     2    0.006297    0.047713    0.274959    5.229595 v _1516_/X (sky130_fd_sc_hd__a32o_2)
                                                         _0669_ (net)
                      0.047713    0.000152    5.229747 v _1531_/B (sky130_fd_sc_hd__and2b_2)
     1    0.009780    0.052781    0.210581    5.440328 v _1531_/X (sky130_fd_sc_hd__and2b_2)
                                                         _0683_ (net)
                      0.052783    0.000405    5.440734 v _1532_/B (sky130_fd_sc_hd__xnor2_2)
     1    0.005562    0.059398    0.132605    5.573339 v _1532_/Y (sky130_fd_sc_hd__xnor2_2)
                                                         _0684_ (net)
                      0.059398    0.000149    5.573488 v _1545_/A2 (sky130_fd_sc_hd__a211o_4)
     2    0.008292    0.056066    0.340705    5.914193 v _1545_/X (sky130_fd_sc_hd__a211o_4)
                                                         net84 (net)
                      0.056066    0.000172    5.914365 v output84/A (sky130_fd_sc_hd__buf_6)
     1    0.034955    0.044189    0.141783    6.056148 v output84/X (sky130_fd_sc_hd__buf_6)
                                                         result[23] (net)
                      0.044213    0.000955    6.057103 v result[23] (out)
                                              6.057103   data arrival time

                      0.000000   10.000000   10.000000   clock __VIRTUAL_CLK__ (rise edge)
                                  0.000000   10.000000   clock network delay (ideal)
                                 -0.250000    9.750000   clock uncertainty
                                  0.000000    9.750000   clock reconvergence pessimism
                                 -2.000000    7.750000   output external delay
                                              7.750000   data required time
---------------------------------------------------------------------------------------------
                                              7.750000   data required time
                                             -6.057103   data arrival time
---------------------------------------------------------------------------------------------
                                              1.692897   slack (MET)


Startpoint: B[1] (input port clocked by __VIRTUAL_CLK__)
Endpoint: result[30] (output port clocked by __VIRTUAL_CLK__)
Path Group: __VIRTUAL_CLK__
Path Type: max

Fanout         Cap        Slew       Delay        Time   Description
---------------------------------------------------------------------------------------------
                      0.000000    0.000000    0.000000   clock __VIRTUAL_CLK__ (rise edge)
                                  0.000000    0.000000   clock network delay (ideal)
                                  2.000000    2.000000 v input external delay
     1    0.007502    0.019065    0.012192    2.012192 v B[1] (in)
                                                         B[1] (net)
                      0.019068    0.000000    2.012192 v input44/A (sky130_fd_sc_hd__buf_8)
     3    0.015717    0.028160    0.109428    2.121620 v input44/X (sky130_fd_sc_hd__buf_8)
                                                         net44 (net)
                      0.028160    0.000650    2.122270 v fanout180/A (sky130_fd_sc_hd__buf_8)
     2    0.010194    0.024764    0.108863    2.231133 v fanout180/X (sky130_fd_sc_hd__buf_8)
                                                         net180 (net)
                      0.024764    0.000322    2.231454 v load_slew181/A (sky130_fd_sc_hd__buf_8)
     2    0.014536    0.027574    0.110765    2.342220 v load_slew181/X (sky130_fd_sc_hd__buf_8)
                                                         net181 (net)
                      0.027578    0.001045    2.343265 v fanout178/A (sky130_fd_sc_hd__buf_8)
     2    0.012884    0.026644    0.110861    2.454126 v fanout178/X (sky130_fd_sc_hd__buf_8)
                                                         net178 (net)
                      0.026644    0.000286    2.454412 v rebuffer525/A (sky130_fd_sc_hd__buf_8)
     2    0.019266    0.030189    0.114949    2.569361 v rebuffer525/X (sky130_fd_sc_hd__buf_8)
                                                         net525 (net)
                      0.030220    0.000725    2.570086 v _0958_/B (sky130_fd_sc_hd__xnor2_4)
     5    0.018690    0.194672    0.184275    2.754361 ^ _0958_/Y (sky130_fd_sc_hd__xnor2_4)
                                                         _0133_ (net)
                      0.194672    0.000555    2.754916 ^ _0960_/A1 (sky130_fd_sc_hd__a21o_4)
     2    0.008192    0.039028    0.153094    2.908010 ^ _0960_/X (sky130_fd_sc_hd__a21o_4)
                                                         _0135_ (net)
                      0.039042    0.000273    2.908284 ^ _0968_/A3 (sky130_fd_sc_hd__a31o_4)
     2    0.010100    0.052387    0.153628    3.061912 ^ _0968_/X (sky130_fd_sc_hd__a31o_4)
                                                         _0143_ (net)
                      0.052394    0.000592    3.062504 ^ _0983_/D_N (sky130_fd_sc_hd__or4b_4)
     2    0.008558    0.092119    0.466917    3.529421 v _0983_/X (sky130_fd_sc_hd__or4b_4)
                                                         _0158_ (net)
                      0.092119    0.000292    3.529712 v rebuffer218/A (sky130_fd_sc_hd__buf_6)
     2    0.010627    0.025854    0.137198    3.666910 v rebuffer218/X (sky130_fd_sc_hd__buf_6)
                                                         net218 (net)
                      0.025854    0.000407    3.667317 v _1017_/A2 (sky130_fd_sc_hd__a211o_4)
     2    0.012966    0.062405    0.338563    4.005880 v _1017_/X (sky130_fd_sc_hd__a211o_4)
                                                         _0192_ (net)
                      0.062405    0.000790    4.006670 v rebuffer381/A (sky130_fd_sc_hd__buf_6)
     3    0.014412    0.028879    0.127625    4.134295 v rebuffer381/X (sky130_fd_sc_hd__buf_6)
                                                         net381 (net)
                      0.028891    0.000534    4.134829 v _1050_/A1 (sky130_fd_sc_hd__a211o_4)
     2    0.018864    0.072095    0.343015    4.477844 v _1050_/X (sky130_fd_sc_hd__a211o_4)
                                                         _0225_ (net)
                      0.072095    0.000839    4.478683 v rebuffer287/A (sky130_fd_sc_hd__buf_8)
     4    0.025906    0.034311    0.139468    4.618151 v rebuffer287/X (sky130_fd_sc_hd__buf_8)
                                                         net287 (net)
                      0.034413    0.001600    4.619752 v _1057_/A1 (sky130_fd_sc_hd__a21oi_4)
     2    0.016177    0.160462    0.161901    4.781653 ^ _1057_/Y (sky130_fd_sc_hd__a21oi_4)
                                                         _0232_ (net)
                      0.160463    0.000639    4.782292 ^ _1064_/A1 (sky130_fd_sc_hd__a21oi_4)
     3    0.014994    0.066548    0.089399    4.871691 v _1064_/Y (sky130_fd_sc_hd__a21oi_4)
                                                         _0239_ (net)
                      0.066551    0.000805    4.872496 v _1627_/B (sky130_fd_sc_hd__or2_4)
     2    0.007066    0.050096    0.237418    5.109913 v _1627_/X (sky130_fd_sc_hd__or2_4)
                                                         _0773_ (net)
                      0.050096    0.000227    5.110140 v rebuffer364/A (sky130_fd_sc_hd__buf_2)
     2    0.012999    0.044956    0.142891    5.253032 v rebuffer364/X (sky130_fd_sc_hd__buf_2)
                                                         net364 (net)
                      0.044958    0.000387    5.253419 v _1639_/A2 (sky130_fd_sc_hd__a21oi_4)
     2    0.010288    0.125755    0.160417    5.413836 ^ _1639_/Y (sky130_fd_sc_hd__a21oi_4)
                                                         _0784_ (net)
                      0.125755    0.000176    5.414011 ^ _1641_/A (sky130_fd_sc_hd__nor2_2)
     1    0.005637    0.039491    0.060755    5.474767 v _1641_/Y (sky130_fd_sc_hd__nor2_2)
                                                         _0786_ (net)
                      0.039491    0.000155    5.474922 v _1653_/B1 (sky130_fd_sc_hd__a211o_4)
     2    0.015145    0.066644    0.326870    5.801792 v _1653_/X (sky130_fd_sc_hd__a211o_4)
                                                         net92 (net)
                      0.066646    0.000483    5.802274 v output92/A (sky130_fd_sc_hd__buf_6)
     1    0.034857    0.044137    0.146557    5.948832 v output92/X (sky130_fd_sc_hd__buf_6)
                                                         result[30] (net)
                      0.044165    0.001014    5.949846 v result[30] (out)
                                              5.949846   data arrival time

                      0.000000   10.000000   10.000000   clock __VIRTUAL_CLK__ (rise edge)
                                  0.000000   10.000000   clock network delay (ideal)
                                 -0.250000    9.750000   clock uncertainty
                                  0.000000    9.750000   clock reconvergence pessimism
                                 -2.000000    7.750000   output external delay
                                              7.750000   data required time
---------------------------------------------------------------------------------------------
                                              7.750000   data required time
                                             -5.949846   data arrival time
---------------------------------------------------------------------------------------------
                                              1.800154   slack (MET)


Startpoint: B[1] (input port clocked by __VIRTUAL_CLK__)
Endpoint: result[0] (output port clocked by __VIRTUAL_CLK__)
Path Group: __VIRTUAL_CLK__
Path Type: max

Fanout         Cap        Slew       Delay        Time   Description
---------------------------------------------------------------------------------------------
                      0.000000    0.000000    0.000000   clock __VIRTUAL_CLK__ (rise edge)
                                  0.000000    0.000000   clock network delay (ideal)
                                  2.000000    2.000000 v input external delay
     1    0.007502    0.019065    0.012192    2.012192 v B[1] (in)
                                                         B[1] (net)
                      0.019068    0.000000    2.012192 v input44/A (sky130_fd_sc_hd__buf_8)
     3    0.015717    0.028160    0.109428    2.121620 v input44/X (sky130_fd_sc_hd__buf_8)
                                                         net44 (net)
                      0.028160    0.000650    2.122270 v fanout180/A (sky130_fd_sc_hd__buf_8)
     2    0.010194    0.024764    0.108863    2.231133 v fanout180/X (sky130_fd_sc_hd__buf_8)
                                                         net180 (net)
                      0.024764    0.000322    2.231454 v load_slew181/A (sky130_fd_sc_hd__buf_8)
     2    0.014536    0.027574    0.110765    2.342220 v load_slew181/X (sky130_fd_sc_hd__buf_8)
                                                         net181 (net)
                      0.027578    0.001045    2.343265 v fanout178/A (sky130_fd_sc_hd__buf_8)
     2    0.012884    0.026644    0.110861    2.454126 v fanout178/X (sky130_fd_sc_hd__buf_8)
                                                         net178 (net)
                      0.026644    0.000286    2.454412 v rebuffer525/A (sky130_fd_sc_hd__buf_8)
     2    0.019266    0.030189    0.114949    2.569361 v rebuffer525/X (sky130_fd_sc_hd__buf_8)
                                                         net525 (net)
                      0.030220    0.000725    2.570086 v _0958_/B (sky130_fd_sc_hd__xnor2_4)
     5    0.018690    0.194672    0.184275    2.754361 ^ _0958_/Y (sky130_fd_sc_hd__xnor2_4)
                                                         _0133_ (net)
                      0.194672    0.000555    2.754916 ^ _0960_/A1 (sky130_fd_sc_hd__a21o_4)
     2    0.008192    0.039028    0.153094    2.908010 ^ _0960_/X (sky130_fd_sc_hd__a21o_4)
                                                         _0135_ (net)
                      0.039042    0.000273    2.908284 ^ _0968_/A3 (sky130_fd_sc_hd__a31o_4)
     2    0.010100    0.052387    0.153628    3.061912 ^ _0968_/X (sky130_fd_sc_hd__a31o_4)
                                                         _0143_ (net)
                      0.052394    0.000592    3.062504 ^ _0983_/D_N (sky130_fd_sc_hd__or4b_4)
     2    0.008558    0.092119    0.466917    3.529421 v _0983_/X (sky130_fd_sc_hd__or4b_4)
                                                         _0158_ (net)
                      0.092119    0.000292    3.529712 v rebuffer218/A (sky130_fd_sc_hd__buf_6)
     2    0.010627    0.025854    0.137198    3.666910 v rebuffer218/X (sky130_fd_sc_hd__buf_6)
                                                         net218 (net)
                      0.025854    0.000407    3.667317 v _1017_/A2 (sky130_fd_sc_hd__a211o_4)
     2    0.012966    0.062405    0.338563    4.005880 v _1017_/X (sky130_fd_sc_hd__a211o_4)
                                                         _0192_ (net)
                      0.062405    0.000790    4.006670 v rebuffer381/A (sky130_fd_sc_hd__buf_6)
     3    0.014412    0.028879    0.127625    4.134295 v rebuffer381/X (sky130_fd_sc_hd__buf_6)
                                                         net381 (net)
                      0.028891    0.000534    4.134829 v _1050_/A1 (sky130_fd_sc_hd__a211o_4)
     2    0.018864    0.072095    0.343015    4.477844 v _1050_/X (sky130_fd_sc_hd__a211o_4)
                                                         _0225_ (net)
                      0.072095    0.000839    4.478683 v rebuffer287/A (sky130_fd_sc_hd__buf_8)
     4    0.025906    0.034311    0.139468    4.618151 v rebuffer287/X (sky130_fd_sc_hd__buf_8)
                                                         net287 (net)
                      0.034413    0.001600    4.619752 v _1057_/A1 (sky130_fd_sc_hd__a21oi_4)
     2    0.016177    0.160462    0.161901    4.781653 ^ _1057_/Y (sky130_fd_sc_hd__a21oi_4)
                                                         _0232_ (net)
                      0.160463    0.000639    4.782292 ^ _1064_/A1 (sky130_fd_sc_hd__a21oi_4)
     3    0.014994    0.066548    0.089399    4.871691 v _1064_/Y (sky130_fd_sc_hd__a21oi_4)
                                                         _0239_ (net)
                      0.066551    0.000774    4.872464 v _1065_/A4 (sky130_fd_sc_hd__o41a_4)
     2    0.011247    0.073800    0.370177    5.242641 v _1065_/X (sky130_fd_sc_hd__o41a_4)
                                                         _0240_ (net)
                      0.073800    0.000317    5.242958 v _1067_/B1 (sky130_fd_sc_hd__a2bb2o_4)
     1    0.005422    0.035916    0.224447    5.467405 v _1067_/X (sky130_fd_sc_hd__a2bb2o_4)
                                                         _0242_ (net)
                      0.035916    0.000135    5.467540 v _1068_/A3 (sky130_fd_sc_hd__a31o_4)
     2    0.012578    0.046157    0.245598    5.713138 v _1068_/X (sky130_fd_sc_hd__a31o_4)
                                                         net69 (net)
                      0.046198    0.000482    5.713620 v output69/A (sky130_fd_sc_hd__buf_6)
     1    0.035392    0.044587    0.137580    5.851200 v output69/X (sky130_fd_sc_hd__buf_6)
                                                         result[0] (net)
                      0.044629    0.001234    5.852433 v result[0] (out)
                                              5.852433   data arrival time

                      0.000000   10.000000   10.000000   clock __VIRTUAL_CLK__ (rise edge)
                                  0.000000   10.000000   clock network delay (ideal)
                                 -0.250000    9.750000   clock uncertainty
                                  0.000000    9.750000   clock reconvergence pessimism
                                 -2.000000    7.750000   output external delay
                                              7.750000   data required time
---------------------------------------------------------------------------------------------
                                              7.750000   data required time
                                             -5.852433   data arrival time
---------------------------------------------------------------------------------------------
                                              1.897567   slack (MET)


Startpoint: B[1] (input port clocked by __VIRTUAL_CLK__)
Endpoint: result[29] (output port clocked by __VIRTUAL_CLK__)
Path Group: __VIRTUAL_CLK__
Path Type: max

Fanout         Cap        Slew       Delay        Time   Description
---------------------------------------------------------------------------------------------
                      0.000000    0.000000    0.000000   clock __VIRTUAL_CLK__ (rise edge)
                                  0.000000    0.000000   clock network delay (ideal)
                                  2.000000    2.000000 v input external delay
     1    0.007502    0.019065    0.012192    2.012192 v B[1] (in)
                                                         B[1] (net)
                      0.019068    0.000000    2.012192 v input44/A (sky130_fd_sc_hd__buf_8)
     3    0.015717    0.028160    0.109428    2.121620 v input44/X (sky130_fd_sc_hd__buf_8)
                                                         net44 (net)
                      0.028160    0.000650    2.122270 v fanout180/A (sky130_fd_sc_hd__buf_8)
     2    0.010194    0.024764    0.108863    2.231133 v fanout180/X (sky130_fd_sc_hd__buf_8)
                                                         net180 (net)
                      0.024764    0.000322    2.231454 v load_slew181/A (sky130_fd_sc_hd__buf_8)
     2    0.014536    0.027574    0.110765    2.342220 v load_slew181/X (sky130_fd_sc_hd__buf_8)
                                                         net181 (net)
                      0.027578    0.001045    2.343265 v fanout178/A (sky130_fd_sc_hd__buf_8)
     2    0.012884    0.026644    0.110861    2.454126 v fanout178/X (sky130_fd_sc_hd__buf_8)
                                                         net178 (net)
                      0.026644    0.000286    2.454412 v rebuffer525/A (sky130_fd_sc_hd__buf_8)
     2    0.019266    0.030189    0.114949    2.569361 v rebuffer525/X (sky130_fd_sc_hd__buf_8)
                                                         net525 (net)
                      0.030220    0.000725    2.570086 v _0958_/B (sky130_fd_sc_hd__xnor2_4)
     5    0.018690    0.194672    0.184275    2.754361 ^ _0958_/Y (sky130_fd_sc_hd__xnor2_4)
                                                         _0133_ (net)
                      0.194672    0.000555    2.754916 ^ _0960_/A1 (sky130_fd_sc_hd__a21o_4)
     2    0.008192    0.039028    0.153094    2.908010 ^ _0960_/X (sky130_fd_sc_hd__a21o_4)
                                                         _0135_ (net)
                      0.039042    0.000273    2.908284 ^ _0968_/A3 (sky130_fd_sc_hd__a31o_4)
     2    0.010100    0.052387    0.153628    3.061912 ^ _0968_/X (sky130_fd_sc_hd__a31o_4)
                                                         _0143_ (net)
                      0.052394    0.000592    3.062504 ^ _0983_/D_N (sky130_fd_sc_hd__or4b_4)
     2    0.008558    0.092119    0.466917    3.529421 v _0983_/X (sky130_fd_sc_hd__or4b_4)
                                                         _0158_ (net)
                      0.092119    0.000292    3.529712 v rebuffer218/A (sky130_fd_sc_hd__buf_6)
     2    0.010627    0.025854    0.137198    3.666910 v rebuffer218/X (sky130_fd_sc_hd__buf_6)
                                                         net218 (net)
                      0.025854    0.000407    3.667317 v _1017_/A2 (sky130_fd_sc_hd__a211o_4)
     2    0.012966    0.062405    0.338563    4.005880 v _1017_/X (sky130_fd_sc_hd__a211o_4)
                                                         _0192_ (net)
                      0.062405    0.000790    4.006670 v rebuffer381/A (sky130_fd_sc_hd__buf_6)
     3    0.014412    0.028879    0.127625    4.134295 v rebuffer381/X (sky130_fd_sc_hd__buf_6)
                                                         net381 (net)
                      0.028891    0.000534    4.134829 v _1050_/A1 (sky130_fd_sc_hd__a211o_4)
     2    0.018864    0.072095    0.343015    4.477844 v _1050_/X (sky130_fd_sc_hd__a211o_4)
                                                         _0225_ (net)
                      0.072095    0.000839    4.478683 v rebuffer287/A (sky130_fd_sc_hd__buf_8)
     4    0.025906    0.034311    0.139468    4.618151 v rebuffer287/X (sky130_fd_sc_hd__buf_8)
                                                         net287 (net)
                      0.034413    0.001600    4.619752 v _1057_/A1 (sky130_fd_sc_hd__a21oi_4)
     2    0.016177    0.160462    0.161901    4.781653 ^ _1057_/Y (sky130_fd_sc_hd__a21oi_4)
                                                         _0232_ (net)
                      0.160463    0.000639    4.782292 ^ _1064_/A1 (sky130_fd_sc_hd__a21oi_4)
     3    0.014994    0.066548    0.089399    4.871691 v _1064_/Y (sky130_fd_sc_hd__a21oi_4)
                                                         _0239_ (net)
                      0.066551    0.000805    4.872496 v _1627_/B (sky130_fd_sc_hd__or2_4)
     2    0.007066    0.050096    0.237418    5.109913 v _1627_/X (sky130_fd_sc_hd__or2_4)
                                                         _0773_ (net)
                      0.050096    0.000247    5.110161 v _1637_/A4 (sky130_fd_sc_hd__a41o_2)
     1    0.005816    0.045531    0.275095    5.385255 v _1637_/X (sky130_fd_sc_hd__a41o_2)
                                                         _0783_ (net)
                      0.045531    0.000231    5.385487 v _1638_/B1 (sky130_fd_sc_hd__a31o_4)
     2    0.014467    0.049090    0.220730    5.606216 v _1638_/X (sky130_fd_sc_hd__a31o_4)
                                                         net90 (net)
                      0.049091    0.000336    5.606552 v output90/A (sky130_fd_sc_hd__buf_6)
     1    0.035195    0.044417    0.138729    5.745281 v output90/X (sky130_fd_sc_hd__buf_6)
                                                         result[29] (net)
                      0.044454    0.001163    5.746444 v result[29] (out)
                                              5.746444   data arrival time

                      0.000000   10.000000   10.000000   clock __VIRTUAL_CLK__ (rise edge)
                                  0.000000   10.000000   clock network delay (ideal)
                                 -0.250000    9.750000   clock uncertainty
                                  0.000000    9.750000   clock reconvergence pessimism
                                 -2.000000    7.750000   output external delay
                                              7.750000   data required time
---------------------------------------------------------------------------------------------
                                              7.750000   data required time
                                             -5.746444   data arrival time
---------------------------------------------------------------------------------------------
                                              2.003556   slack (MET)


Startpoint: B[4] (input port clocked by __VIRTUAL_CLK__)
Endpoint: result[28] (output port clocked by __VIRTUAL_CLK__)
Path Group: __VIRTUAL_CLK__
Path Type: max

Fanout         Cap        Slew       Delay        Time   Description
---------------------------------------------------------------------------------------------
                      0.000000    0.000000    0.000000   clock __VIRTUAL_CLK__ (rise edge)
                                  0.000000    0.000000   clock network delay (ideal)
                                  2.000000    2.000000 ^ input external delay
     1    0.009471    0.049075    0.032376    2.032376 ^ B[4] (in)
                                                         B[4] (net)
                      0.049077    0.000000    2.032376 ^ input59/A (sky130_fd_sc_hd__buf_8)
     4    0.024832    0.051774    0.105843    2.138218 ^ input59/X (sky130_fd_sc_hd__buf_8)
                                                         net59 (net)
                      0.051827    0.000719    2.138937 ^ fanout158/A (sky130_fd_sc_hd__buf_6)
     2    0.011751    0.036059    0.095485    2.234422 ^ fanout158/X (sky130_fd_sc_hd__buf_6)
                                                         net158 (net)
                      0.036063    0.000368    2.234790 ^ fanout157/A (sky130_fd_sc_hd__buf_8)
     4    0.019425    0.043801    0.095400    2.330190 ^ fanout157/X (sky130_fd_sc_hd__buf_8)
                                                         net157 (net)
                      0.043818    0.000785    2.330975 ^ _0970_/A (sky130_fd_sc_hd__or2_4)
     2    0.013224    0.053670    0.124777    2.455752 ^ _0970_/X (sky130_fd_sc_hd__or2_4)
                                                         _0145_ (net)
                      0.053672    0.000445    2.456197 ^ _0971_/B (sky130_fd_sc_hd__nand2_4)
     2    0.009076    0.032828    0.050816    2.507012 v _0971_/Y (sky130_fd_sc_hd__nand2_4)
                                                         _0146_ (net)
                      0.032828    0.000207    2.507220 v rebuffer344/A (sky130_fd_sc_hd__buf_2)
     2    0.006558    0.031667    0.119430    2.626650 v rebuffer344/X (sky130_fd_sc_hd__buf_2)
                                                         net344 (net)
                      0.031668    0.000226    2.626877 v _1254_/B (sky130_fd_sc_hd__or4_4)
     1    0.005389    0.086056    0.504185    3.131062 v _1254_/X (sky130_fd_sc_hd__or4_4)
                                                         _0421_ (net)
                      0.086057    0.000139    3.131201 v _1257_/A2 (sky130_fd_sc_hd__o31a_4)
     2    0.012483    0.060501    0.356523    3.487725 v _1257_/X (sky130_fd_sc_hd__o31a_4)
                                                         _0424_ (net)
                      0.060546    0.000663    3.488387 v _1407_/A1 (sky130_fd_sc_hd__a211o_4)
     2    0.010702    0.058759    0.335740    3.824127 v _1407_/X (sky130_fd_sc_hd__a211o_4)
                                                         _0566_ (net)
                      0.058759    0.000416    3.824543 v rebuffer249/A (sky130_fd_sc_hd__buf_6)
     4    0.020770    0.033834    0.132568    3.957110 v rebuffer249/X (sky130_fd_sc_hd__buf_6)
                                                         net249 (net)
                      0.033873    0.000977    3.958088 v _1549_/A2 (sky130_fd_sc_hd__a211o_4)
     2    0.011119    0.059327    0.337273    4.295361 v _1549_/X (sky130_fd_sc_hd__a211o_4)
                                                         _0700_ (net)
                      0.059327    0.000607    4.295968 v rebuffer247/A (sky130_fd_sc_hd__buf_6)
     3    0.018094    0.032268    0.130206    4.426174 v rebuffer247/X (sky130_fd_sc_hd__buf_6)
                                                         net247 (net)
                      0.032279    0.000566    4.426740 v _1618_/A2 (sky130_fd_sc_hd__a211oi_4)
     2    0.015261    0.257425    0.294984    4.721724 ^ _1618_/Y (sky130_fd_sc_hd__a211oi_4)
                                                         _0765_ (net)
                      0.257426    0.000857    4.722581 ^ _1622_/A3 (sky130_fd_sc_hd__o31ai_4)
     2    0.009068    0.101520    0.090669    4.813250 v _1622_/Y (sky130_fd_sc_hd__o31ai_4)
                                                         _0769_ (net)
                      0.101520    0.000300    4.813550 v rebuffer244/A (sky130_fd_sc_hd__buf_6)
     4    0.012008    0.026885    0.143102    4.956653 v rebuffer244/X (sky130_fd_sc_hd__buf_6)
                                                         net244 (net)
                      0.026885    0.000175    4.956827 v _1623_/C (sky130_fd_sc_hd__and3_4)
     1    0.005037    0.033997    0.166700    5.123527 v _1623_/X (sky130_fd_sc_hd__and3_4)
                                                         _0770_ (net)
                      0.033997    0.000175    5.123702 v _1624_/C1 (sky130_fd_sc_hd__a211o_4)
     1    0.006918    0.053194    0.262379    5.386081 v _1624_/X (sky130_fd_sc_hd__a211o_4)
                                                         _0771_ (net)
                      0.053194    0.000325    5.386405 v _1625_/B1 (sky130_fd_sc_hd__a31o_4)
     2    0.010073    0.043657    0.214286    5.600692 v _1625_/X (sky130_fd_sc_hd__a31o_4)
                                                         net89 (net)
                      0.043657    0.000302    5.600994 v output89/A (sky130_fd_sc_hd__buf_8)
     1    0.034718    0.040208    0.133344    5.734338 v output89/X (sky130_fd_sc_hd__buf_8)
                                                         result[28] (net)
                      0.040235    0.000958    5.735296 v result[28] (out)
                                              5.735296   data arrival time

                      0.000000   10.000000   10.000000   clock __VIRTUAL_CLK__ (rise edge)
                                  0.000000   10.000000   clock network delay (ideal)
                                 -0.250000    9.750000   clock uncertainty
                                  0.000000    9.750000   clock reconvergence pessimism
                                 -2.000000    7.750000   output external delay
                                              7.750000   data required time
---------------------------------------------------------------------------------------------
                                              7.750000   data required time
                                             -5.735296   data arrival time
---------------------------------------------------------------------------------------------
                                              2.014704   slack (MET)


Startpoint: B[1] (input port clocked by __VIRTUAL_CLK__)
Endpoint: result[26] (output port clocked by __VIRTUAL_CLK__)
Path Group: __VIRTUAL_CLK__
Path Type: max

Fanout         Cap        Slew       Delay        Time   Description
---------------------------------------------------------------------------------------------
                      0.000000    0.000000    0.000000   clock __VIRTUAL_CLK__ (rise edge)
                                  0.000000    0.000000   clock network delay (ideal)
                                  2.000000    2.000000 v input external delay
     1    0.007502    0.019065    0.012192    2.012192 v B[1] (in)
                                                         B[1] (net)
                      0.019068    0.000000    2.012192 v input44/A (sky130_fd_sc_hd__buf_8)
     3    0.015717    0.028160    0.109428    2.121620 v input44/X (sky130_fd_sc_hd__buf_8)
                                                         net44 (net)
                      0.028160    0.000650    2.122270 v fanout180/A (sky130_fd_sc_hd__buf_8)
     2    0.010194    0.024764    0.108863    2.231133 v fanout180/X (sky130_fd_sc_hd__buf_8)
                                                         net180 (net)
                      0.024764    0.000322    2.231454 v load_slew181/A (sky130_fd_sc_hd__buf_8)
     2    0.014536    0.027574    0.110765    2.342220 v load_slew181/X (sky130_fd_sc_hd__buf_8)
                                                         net181 (net)
                      0.027578    0.001045    2.343265 v fanout178/A (sky130_fd_sc_hd__buf_8)
     2    0.012884    0.026644    0.110861    2.454126 v fanout178/X (sky130_fd_sc_hd__buf_8)
                                                         net178 (net)
                      0.026644    0.000286    2.454412 v rebuffer525/A (sky130_fd_sc_hd__buf_8)
     2    0.019266    0.030189    0.114949    2.569361 v rebuffer525/X (sky130_fd_sc_hd__buf_8)
                                                         net525 (net)
                      0.030220    0.000725    2.570086 v _0958_/B (sky130_fd_sc_hd__xnor2_4)
     5    0.018690    0.194672    0.184275    2.754361 ^ _0958_/Y (sky130_fd_sc_hd__xnor2_4)
                                                         _0133_ (net)
                      0.194672    0.000555    2.754916 ^ _0960_/A1 (sky130_fd_sc_hd__a21o_4)
     2    0.008192    0.039028    0.153094    2.908010 ^ _0960_/X (sky130_fd_sc_hd__a21o_4)
                                                         _0135_ (net)
                      0.039042    0.000273    2.908284 ^ _0968_/A3 (sky130_fd_sc_hd__a31o_4)
     2    0.010100    0.052387    0.153628    3.061912 ^ _0968_/X (sky130_fd_sc_hd__a31o_4)
                                                         _0143_ (net)
                      0.052394    0.000592    3.062504 ^ _0983_/D_N (sky130_fd_sc_hd__or4b_4)
     2    0.008558    0.092119    0.466917    3.529421 v _0983_/X (sky130_fd_sc_hd__or4b_4)
                                                         _0158_ (net)
                      0.092119    0.000292    3.529712 v rebuffer218/A (sky130_fd_sc_hd__buf_6)
     2    0.010627    0.025854    0.137198    3.666910 v rebuffer218/X (sky130_fd_sc_hd__buf_6)
                                                         net218 (net)
                      0.025854    0.000407    3.667317 v _1017_/A2 (sky130_fd_sc_hd__a211o_4)
     2    0.012966    0.062405    0.338563    4.005880 v _1017_/X (sky130_fd_sc_hd__a211o_4)
                                                         _0192_ (net)
                      0.062405    0.000790    4.006670 v rebuffer381/A (sky130_fd_sc_hd__buf_6)
     3    0.014412    0.028879    0.127625    4.134295 v rebuffer381/X (sky130_fd_sc_hd__buf_6)
                                                         net381 (net)
                      0.028891    0.000534    4.134829 v _1050_/A1 (sky130_fd_sc_hd__a211o_4)
     2    0.018864    0.072095    0.343015    4.477844 v _1050_/X (sky130_fd_sc_hd__a211o_4)
                                                         _0225_ (net)
                      0.072095    0.000986    4.478830 v _1563_/A2 (sky130_fd_sc_hd__a211o_4)
     2    0.010588    0.058532    0.351699    4.830529 v _1563_/X (sky130_fd_sc_hd__a211o_4)
                                                         _0713_ (net)
                      0.058532    0.000314    4.830843 v rebuffer388/A (sky130_fd_sc_hd__buf_6)
     1    0.005397    0.021869    0.115781    4.946624 v rebuffer388/X (sky130_fd_sc_hd__buf_6)
                                                         net388 (net)
                      0.021869    0.000188    4.946813 v rebuffer384/A (sky130_fd_sc_hd__buf_6)
     1    0.005071    0.021435    0.099090    5.045902 v rebuffer384/X (sky130_fd_sc_hd__buf_6)
                                                         net384 (net)
                      0.021435    0.000122    5.046024 v rebuffer380/A (sky130_fd_sc_hd__buf_6)
     2    0.011478    0.026488    0.106324    5.152348 v rebuffer380/X (sky130_fd_sc_hd__buf_6)
                                                         net380 (net)
                      0.026504    0.000359    5.152707 v _1580_/A1 (sky130_fd_sc_hd__a21o_4)
     3    0.013218    0.044670    0.202453    5.355160 v _1580_/X (sky130_fd_sc_hd__a21o_4)
                                                         _0729_ (net)
                      0.044671    0.000278    5.355438 v _1593_/A2 (sky130_fd_sc_hd__a31o_4)
     2    0.010514    0.044270    0.233098    5.588535 v _1593_/X (sky130_fd_sc_hd__a31o_4)
                                                         net87 (net)
                      0.044270    0.000250    5.588786 v output87/A (sky130_fd_sc_hd__buf_8)
     1    0.035494    0.040832    0.133972    5.722757 v output87/X (sky130_fd_sc_hd__buf_8)
                                                         result[26] (net)
                      0.040882    0.001271    5.724028 v result[26] (out)
                                              5.724028   data arrival time

                      0.000000   10.000000   10.000000   clock __VIRTUAL_CLK__ (rise edge)
                                  0.000000   10.000000   clock network delay (ideal)
                                 -0.250000    9.750000   clock uncertainty
                                  0.000000    9.750000   clock reconvergence pessimism
                                 -2.000000    7.750000   output external delay
                                              7.750000   data required time
---------------------------------------------------------------------------------------------
                                              7.750000   data required time
                                             -5.724028   data arrival time
---------------------------------------------------------------------------------------------
                                              2.025972   slack (MET)


Startpoint: B[1] (input port clocked by __VIRTUAL_CLK__)
Endpoint: result[22] (output port clocked by __VIRTUAL_CLK__)
Path Group: __VIRTUAL_CLK__
Path Type: max

Fanout         Cap        Slew       Delay        Time   Description
---------------------------------------------------------------------------------------------
                      0.000000    0.000000    0.000000   clock __VIRTUAL_CLK__ (rise edge)
                                  0.000000    0.000000   clock network delay (ideal)
                                  2.000000    2.000000 v input external delay
     1    0.007502    0.019065    0.012192    2.012192 v B[1] (in)
                                                         B[1] (net)
                      0.019068    0.000000    2.012192 v input44/A (sky130_fd_sc_hd__buf_8)
     3    0.015717    0.028160    0.109428    2.121620 v input44/X (sky130_fd_sc_hd__buf_8)
                                                         net44 (net)
                      0.028160    0.000650    2.122270 v fanout180/A (sky130_fd_sc_hd__buf_8)
     2    0.010194    0.024764    0.108863    2.231133 v fanout180/X (sky130_fd_sc_hd__buf_8)
                                                         net180 (net)
                      0.024764    0.000322    2.231454 v load_slew181/A (sky130_fd_sc_hd__buf_8)
     2    0.014536    0.027574    0.110765    2.342220 v load_slew181/X (sky130_fd_sc_hd__buf_8)
                                                         net181 (net)
                      0.027578    0.001045    2.343265 v fanout178/A (sky130_fd_sc_hd__buf_8)
     2    0.012884    0.026644    0.110861    2.454126 v fanout178/X (sky130_fd_sc_hd__buf_8)
                                                         net178 (net)
                      0.026644    0.000286    2.454412 v rebuffer525/A (sky130_fd_sc_hd__buf_8)
     2    0.019266    0.030189    0.114949    2.569361 v rebuffer525/X (sky130_fd_sc_hd__buf_8)
                                                         net525 (net)
                      0.030220    0.000725    2.570086 v _0958_/B (sky130_fd_sc_hd__xnor2_4)
     5    0.018690    0.194672    0.184275    2.754361 ^ _0958_/Y (sky130_fd_sc_hd__xnor2_4)
                                                         _0133_ (net)
                      0.194672    0.000555    2.754916 ^ _0960_/A1 (sky130_fd_sc_hd__a21o_4)
     2    0.008192    0.039028    0.153094    2.908010 ^ _0960_/X (sky130_fd_sc_hd__a21o_4)
                                                         _0135_ (net)
                      0.039042    0.000273    2.908284 ^ _0968_/A3 (sky130_fd_sc_hd__a31o_4)
     2    0.010100    0.052387    0.153628    3.061912 ^ _0968_/X (sky130_fd_sc_hd__a31o_4)
                                                         _0143_ (net)
                      0.052394    0.000592    3.062504 ^ _0983_/D_N (sky130_fd_sc_hd__or4b_4)
     2    0.008558    0.092119    0.466917    3.529421 v _0983_/X (sky130_fd_sc_hd__or4b_4)
                                                         _0158_ (net)
                      0.092119    0.000292    3.529712 v rebuffer218/A (sky130_fd_sc_hd__buf_6)
     2    0.010627    0.025854    0.137198    3.666910 v rebuffer218/X (sky130_fd_sc_hd__buf_6)
                                                         net218 (net)
                      0.025854    0.000407    3.667317 v _1017_/A2 (sky130_fd_sc_hd__a211o_4)
     2    0.012966    0.062405    0.338563    4.005880 v _1017_/X (sky130_fd_sc_hd__a211o_4)
                                                         _0192_ (net)
                      0.062405    0.000790    4.006670 v rebuffer381/A (sky130_fd_sc_hd__buf_6)
     3    0.014412    0.028879    0.127625    4.134295 v rebuffer381/X (sky130_fd_sc_hd__buf_6)
                                                         net381 (net)
                      0.028891    0.000534    4.134829 v _1050_/A1 (sky130_fd_sc_hd__a211o_4)
     2    0.018864    0.072095    0.343015    4.477844 v _1050_/X (sky130_fd_sc_hd__a211o_4)
                                                         _0225_ (net)
                      0.072095    0.000839    4.478683 v rebuffer287/A (sky130_fd_sc_hd__buf_8)
     4    0.025906    0.034311    0.139468    4.618151 v rebuffer287/X (sky130_fd_sc_hd__buf_8)
                                                         net287 (net)
                      0.034325    0.000723    4.618874 v _1498_/B1 (sky130_fd_sc_hd__a221o_2)
     2    0.005496    0.060668    0.335611    4.954484 v _1498_/X (sky130_fd_sc_hd__a221o_2)
                                                         _0652_ (net)
                      0.060668    0.000151    4.954636 v _1516_/A3 (sky130_fd_sc_hd__a32o_2)
     2    0.006297    0.047713    0.274959    5.229595 v _1516_/X (sky130_fd_sc_hd__a32o_2)
                                                         _0669_ (net)
                      0.047713    0.000127    5.229722 v _1530_/A3 (sky130_fd_sc_hd__a31o_2)
     2    0.007807    0.048940    0.256407    5.486130 v _1530_/X (sky130_fd_sc_hd__a31o_2)
                                                         net83 (net)
                      0.048940    0.000178    5.486308 v output83/A (sky130_fd_sc_hd__buf_6)
     1    0.034579    0.043892    0.138388    5.624696 v output83/X (sky130_fd_sc_hd__buf_6)
                                                         result[22] (net)
                      0.043911    0.000851    5.625547 v result[22] (out)
                                              5.625547   data arrival time

                      0.000000   10.000000   10.000000   clock __VIRTUAL_CLK__ (rise edge)
                                  0.000000   10.000000   clock network delay (ideal)
                                 -0.250000    9.750000   clock uncertainty
                                  0.000000    9.750000   clock reconvergence pessimism
                                 -2.000000    7.750000   output external delay
                                              7.750000   data required time
---------------------------------------------------------------------------------------------
                                              7.750000   data required time
                                             -5.625547   data arrival time
---------------------------------------------------------------------------------------------
                                              2.124453   slack (MET)


Startpoint: B[1] (input port clocked by __VIRTUAL_CLK__)
Endpoint: result[21] (output port clocked by __VIRTUAL_CLK__)
Path Group: __VIRTUAL_CLK__
Path Type: max

Fanout         Cap        Slew       Delay        Time   Description
---------------------------------------------------------------------------------------------
                      0.000000    0.000000    0.000000   clock __VIRTUAL_CLK__ (rise edge)
                                  0.000000    0.000000   clock network delay (ideal)
                                  2.000000    2.000000 v input external delay
     1    0.007502    0.019065    0.012192    2.012192 v B[1] (in)
                                                         B[1] (net)
                      0.019068    0.000000    2.012192 v input44/A (sky130_fd_sc_hd__buf_8)
     3    0.015717    0.028160    0.109428    2.121620 v input44/X (sky130_fd_sc_hd__buf_8)
                                                         net44 (net)
                      0.028160    0.000650    2.122270 v fanout180/A (sky130_fd_sc_hd__buf_8)
     2    0.010194    0.024764    0.108863    2.231133 v fanout180/X (sky130_fd_sc_hd__buf_8)
                                                         net180 (net)
                      0.024764    0.000322    2.231454 v load_slew181/A (sky130_fd_sc_hd__buf_8)
     2    0.014536    0.027574    0.110765    2.342220 v load_slew181/X (sky130_fd_sc_hd__buf_8)
                                                         net181 (net)
                      0.027578    0.001045    2.343265 v fanout178/A (sky130_fd_sc_hd__buf_8)
     2    0.012884    0.026644    0.110861    2.454126 v fanout178/X (sky130_fd_sc_hd__buf_8)
                                                         net178 (net)
                      0.026644    0.000286    2.454412 v rebuffer525/A (sky130_fd_sc_hd__buf_8)
     2    0.019266    0.030189    0.114949    2.569361 v rebuffer525/X (sky130_fd_sc_hd__buf_8)
                                                         net525 (net)
                      0.030220    0.000725    2.570086 v _0958_/B (sky130_fd_sc_hd__xnor2_4)
     5    0.018690    0.194672    0.184275    2.754361 ^ _0958_/Y (sky130_fd_sc_hd__xnor2_4)
                                                         _0133_ (net)
                      0.194672    0.000555    2.754916 ^ _0960_/A1 (sky130_fd_sc_hd__a21o_4)
     2    0.008192    0.039028    0.153094    2.908010 ^ _0960_/X (sky130_fd_sc_hd__a21o_4)
                                                         _0135_ (net)
                      0.039042    0.000273    2.908284 ^ _0968_/A3 (sky130_fd_sc_hd__a31o_4)
     2    0.010100    0.052387    0.153628    3.061912 ^ _0968_/X (sky130_fd_sc_hd__a31o_4)
                                                         _0143_ (net)
                      0.052394    0.000592    3.062504 ^ _0983_/D_N (sky130_fd_sc_hd__or4b_4)
     2    0.008558    0.092119    0.466917    3.529421 v _0983_/X (sky130_fd_sc_hd__or4b_4)
                                                         _0158_ (net)
                      0.092119    0.000292    3.529712 v rebuffer218/A (sky130_fd_sc_hd__buf_6)
     2    0.010627    0.025854    0.137198    3.666910 v rebuffer218/X (sky130_fd_sc_hd__buf_6)
                                                         net218 (net)
                      0.025854    0.000407    3.667317 v _1017_/A2 (sky130_fd_sc_hd__a211o_4)
     2    0.012966    0.062405    0.338563    4.005880 v _1017_/X (sky130_fd_sc_hd__a211o_4)
                                                         _0192_ (net)
                      0.062405    0.000790    4.006670 v rebuffer381/A (sky130_fd_sc_hd__buf_6)
     3    0.014412    0.028879    0.127625    4.134295 v rebuffer381/X (sky130_fd_sc_hd__buf_6)
                                                         net381 (net)
                      0.028891    0.000534    4.134829 v _1050_/A1 (sky130_fd_sc_hd__a211o_4)
     2    0.018864    0.072095    0.343015    4.477844 v _1050_/X (sky130_fd_sc_hd__a211o_4)
                                                         _0225_ (net)
                      0.072095    0.000839    4.478683 v rebuffer287/A (sky130_fd_sc_hd__buf_8)
     4    0.025906    0.034311    0.139468    4.618151 v rebuffer287/X (sky130_fd_sc_hd__buf_8)
                                                         net287 (net)
                      0.034325    0.000723    4.618874 v _1498_/B1 (sky130_fd_sc_hd__a221o_2)
     2    0.005496    0.060668    0.335611    4.954484 v _1498_/X (sky130_fd_sc_hd__a221o_2)
                                                         _0652_ (net)
                      0.060668    0.000091    4.954576 v rebuffer477/A (sky130_fd_sc_hd__buf_2)
     2    0.006238    0.030978    0.130799    5.085375 v rebuffer477/X (sky130_fd_sc_hd__buf_2)
                                                         net477 (net)
                      0.030978    0.000150    5.085525 v _1514_/A4 (sky130_fd_sc_hd__a41o_2)
     2    0.008034    0.051105    0.274422    5.359947 v _1514_/X (sky130_fd_sc_hd__a41o_2)
                                                         net82 (net)
                      0.051105    0.000130    5.360077 v output82/A (sky130_fd_sc_hd__buf_6)
     1    0.035415    0.044554    0.139854    5.499931 v output82/X (sky130_fd_sc_hd__buf_6)
                                                         result[21] (net)
                      0.044582    0.001016    5.500947 v result[21] (out)
                                              5.500947   data arrival time

                      0.000000   10.000000   10.000000   clock __VIRTUAL_CLK__ (rise edge)
                                  0.000000   10.000000   clock network delay (ideal)
                                 -0.250000    9.750000   clock uncertainty
                                  0.000000    9.750000   clock reconvergence pessimism
                                 -2.000000    7.750000   output external delay
                                              7.750000   data required time
---------------------------------------------------------------------------------------------
                                              7.750000   data required time
                                             -5.500947   data arrival time
---------------------------------------------------------------------------------------------
                                              2.249053   slack (MET)


Startpoint: B[1] (input port clocked by __VIRTUAL_CLK__)
Endpoint: result[25] (output port clocked by __VIRTUAL_CLK__)
Path Group: __VIRTUAL_CLK__
Path Type: max

Fanout         Cap        Slew       Delay        Time   Description
---------------------------------------------------------------------------------------------
                      0.000000    0.000000    0.000000   clock __VIRTUAL_CLK__ (rise edge)
                                  0.000000    0.000000   clock network delay (ideal)
                                  2.000000    2.000000 v input external delay
     1    0.007502    0.019065    0.012192    2.012192 v B[1] (in)
                                                         B[1] (net)
                      0.019068    0.000000    2.012192 v input44/A (sky130_fd_sc_hd__buf_8)
     3    0.015717    0.028160    0.109428    2.121620 v input44/X (sky130_fd_sc_hd__buf_8)
                                                         net44 (net)
                      0.028160    0.000650    2.122270 v fanout180/A (sky130_fd_sc_hd__buf_8)
     2    0.010194    0.024764    0.108863    2.231133 v fanout180/X (sky130_fd_sc_hd__buf_8)
                                                         net180 (net)
                      0.024764    0.000322    2.231454 v load_slew181/A (sky130_fd_sc_hd__buf_8)
     2    0.014536    0.027574    0.110765    2.342220 v load_slew181/X (sky130_fd_sc_hd__buf_8)
                                                         net181 (net)
                      0.027578    0.001045    2.343265 v fanout178/A (sky130_fd_sc_hd__buf_8)
     2    0.012884    0.026644    0.110861    2.454126 v fanout178/X (sky130_fd_sc_hd__buf_8)
                                                         net178 (net)
                      0.026644    0.000286    2.454412 v rebuffer525/A (sky130_fd_sc_hd__buf_8)
     2    0.019266    0.030189    0.114949    2.569361 v rebuffer525/X (sky130_fd_sc_hd__buf_8)
                                                         net525 (net)
                      0.030220    0.000725    2.570086 v _0958_/B (sky130_fd_sc_hd__xnor2_4)
     5    0.018690    0.194672    0.184275    2.754361 ^ _0958_/Y (sky130_fd_sc_hd__xnor2_4)
                                                         _0133_ (net)
                      0.194672    0.000555    2.754916 ^ _0960_/A1 (sky130_fd_sc_hd__a21o_4)
     2    0.008192    0.039028    0.153094    2.908010 ^ _0960_/X (sky130_fd_sc_hd__a21o_4)
                                                         _0135_ (net)
                      0.039042    0.000273    2.908284 ^ _0968_/A3 (sky130_fd_sc_hd__a31o_4)
     2    0.010100    0.052387    0.153628    3.061912 ^ _0968_/X (sky130_fd_sc_hd__a31o_4)
                                                         _0143_ (net)
                      0.052394    0.000592    3.062504 ^ _0983_/D_N (sky130_fd_sc_hd__or4b_4)
     2    0.008558    0.092119    0.466917    3.529421 v _0983_/X (sky130_fd_sc_hd__or4b_4)
                                                         _0158_ (net)
                      0.092119    0.000292    3.529712 v rebuffer218/A (sky130_fd_sc_hd__buf_6)
     2    0.010627    0.025854    0.137198    3.666910 v rebuffer218/X (sky130_fd_sc_hd__buf_6)
                                                         net218 (net)
                      0.025854    0.000407    3.667317 v _1017_/A2 (sky130_fd_sc_hd__a211o_4)
     2    0.012966    0.062405    0.338563    4.005880 v _1017_/X (sky130_fd_sc_hd__a211o_4)
                                                         _0192_ (net)
                      0.062405    0.000790    4.006670 v rebuffer381/A (sky130_fd_sc_hd__buf_6)
     3    0.014412    0.028879    0.127625    4.134295 v rebuffer381/X (sky130_fd_sc_hd__buf_6)
                                                         net381 (net)
                      0.028891    0.000534    4.134829 v _1050_/A1 (sky130_fd_sc_hd__a211o_4)
     2    0.018864    0.072095    0.343015    4.477844 v _1050_/X (sky130_fd_sc_hd__a211o_4)
                                                         _0225_ (net)
                      0.072095    0.000986    4.478830 v _1563_/A2 (sky130_fd_sc_hd__a211o_4)
     2    0.010588    0.058532    0.351699    4.830529 v _1563_/X (sky130_fd_sc_hd__a211o_4)
                                                         _0713_ (net)
                      0.058532    0.000251    4.830780 v _1564_/B1 (sky130_fd_sc_hd__o311a_4)
     1    0.004627    0.051049    0.128905    4.959685 v _1564_/X (sky130_fd_sc_hd__o311a_4)
                                                         _0714_ (net)
                      0.051049    0.000102    4.959786 v _1578_/A1 (sky130_fd_sc_hd__a211o_4)
     2    0.009986    0.057704    0.330301    5.290088 v _1578_/X (sky130_fd_sc_hd__a211o_4)
                                                         net86 (net)
                      0.057704    0.000355    5.290442 v output86/A (sky130_fd_sc_hd__buf_8)
     1    0.034771    0.040232    0.139562    5.430004 v output86/X (sky130_fd_sc_hd__buf_8)
                                                         result[25] (net)
                      0.040261    0.000982    5.430986 v result[25] (out)
                                              5.430986   data arrival time

                      0.000000   10.000000   10.000000   clock __VIRTUAL_CLK__ (rise edge)
                                  0.000000   10.000000   clock network delay (ideal)
                                 -0.250000    9.750000   clock uncertainty
                                  0.000000    9.750000   clock reconvergence pessimism
                                 -2.000000    7.750000   output external delay
                                              7.750000   data required time
---------------------------------------------------------------------------------------------
                                              7.750000   data required time
                                             -5.430986   data arrival time
---------------------------------------------------------------------------------------------
                                              2.319014   slack (MET)


Startpoint: B[0] (input port clocked by __VIRTUAL_CLK__)
Endpoint: result[19] (output port clocked by __VIRTUAL_CLK__)
Path Group: __VIRTUAL_CLK__
Path Type: max

Fanout         Cap        Slew       Delay        Time   Description
---------------------------------------------------------------------------------------------
                      0.000000    0.000000    0.000000   clock __VIRTUAL_CLK__ (rise edge)
                                  0.000000    0.000000   clock network delay (ideal)
                                  2.000000    2.000000 v input external delay
     1    0.008371    0.020959    0.013611    2.013611 v B[0] (in)
                                                         B[0] (net)
                      0.020962    0.000000    2.013611 v input33/A (sky130_fd_sc_hd__buf_8)
     2    0.020595    0.030924    0.113544    2.127155 v input33/X (sky130_fd_sc_hd__buf_8)
                                                         net33 (net)
                      0.031008    0.001124    2.128279 v fanout192/A (sky130_fd_sc_hd__buf_8)
     2    0.012810    0.026611    0.112281    2.240560 v fanout192/X (sky130_fd_sc_hd__buf_8)
                                                         net192 (net)
                      0.026611    0.000494    2.241054 v fanout190/A (sky130_fd_sc_hd__buf_6)
     2    0.007472    0.023558    0.104159    2.345212 v fanout190/X (sky130_fd_sc_hd__buf_6)
                                                         net190 (net)
                      0.023558    0.000185    2.345398 v load_slew191/A (sky130_fd_sc_hd__buf_6)
     3    0.016333    0.030802    0.112334    2.457732 v load_slew191/X (sky130_fd_sc_hd__buf_6)
                                                         net191 (net)
                      0.030856    0.001128    2.458861 v fanout188/A (sky130_fd_sc_hd__buf_8)
     5    0.025596    0.034034    0.121422    2.580282 v fanout188/X (sky130_fd_sc_hd__buf_8)
                                                         net188 (net)
                      0.034037    0.000363    2.580646 v load_slew189/A (sky130_fd_sc_hd__buf_8)
     4    0.012380    0.026366    0.113324    2.693970 v load_slew189/X (sky130_fd_sc_hd__buf_8)
                                                         net189 (net)
                      0.026366    0.000345    2.694315 v rebuffer632/A (sky130_fd_sc_hd__buf_2)
     1    0.004801    0.028175    0.112250    2.806566 v rebuffer632/X (sky130_fd_sc_hd__buf_2)
                                                         net632 (net)
                      0.028175    0.000106    2.806671 v rebuffer230/A (sky130_fd_sc_hd__buf_6)
     2    0.010061    0.025433    0.107688    2.914360 v rebuffer230/X (sky130_fd_sc_hd__buf_6)
                                                         net230 (net)
                      0.025433    0.000312    2.914671 v rebuffer523/A (sky130_fd_sc_hd__buf_4)
     1    0.005974    0.027834    0.122639    3.037311 v rebuffer523/X (sky130_fd_sc_hd__buf_4)
                                                         net523 (net)
                      0.027834    0.000154    3.037465 v _1142_/S0 (sky130_fd_sc_hd__mux4_2)
     4    0.019052    0.125967    0.483914    3.521379 v _1142_/X (sky130_fd_sc_hd__mux4_2)
                                                         _0314_ (net)
                      0.125972    0.000924    3.522303 v _1144_/A0 (sky130_fd_sc_hd__mux2_4)
     2    0.006406    0.054697    0.301700    3.824003 v _1144_/X (sky130_fd_sc_hd__mux2_4)
                                                         _0316_ (net)
                      0.054697    0.000194    3.824197 v _1147_/A0 (sky130_fd_sc_hd__mux2_4)
     1    0.004968    0.052581    0.271928    4.096125 v _1147_/X (sky130_fd_sc_hd__mux2_4)
                                                         _0319_ (net)
                      0.052581    0.000111    4.096236 v _1150_/A2 (sky130_fd_sc_hd__a22o_4)
     2    0.015302    0.054294    0.273896    4.370132 v _1150_/X (sky130_fd_sc_hd__a22o_4)
                                                         _0322_ (net)
                      0.054304    0.000727    4.370859 v _1474_/A1 (sky130_fd_sc_hd__o21a_4)
     1    0.005097    0.035096    0.211565    4.582424 v _1474_/X (sky130_fd_sc_hd__o21a_4)
                                                         _0630_ (net)
                      0.035096    0.000180    4.582603 v _1475_/B (sky130_fd_sc_hd__or3b_4)
     1    0.004643    0.067029    0.361827    4.944431 v _1475_/X (sky130_fd_sc_hd__or3b_4)
                                                         _0631_ (net)
                      0.067030    0.000149    4.944580 v _1476_/A_N (sky130_fd_sc_hd__nand3b_4)
     2    0.010063    0.063826    0.169315    5.113894 v _1476_/Y (sky130_fd_sc_hd__nand3b_4)
                                                         net79 (net)
                      0.063827    0.000508    5.114402 v rebuffer443/A (sky130_fd_sc_hd__buf_6)
     1    0.007542    0.023634    0.120795    5.235198 v rebuffer443/X (sky130_fd_sc_hd__buf_6)
                                                         net443 (net)
                      0.023634    0.000198    5.235395 v output79/A (sky130_fd_sc_hd__buf_8)
     1    0.034900    0.040336    0.124856    5.360250 v output79/X (sky130_fd_sc_hd__buf_8)
                                                         result[19] (net)
                      0.040361    0.000937    5.361187 v result[19] (out)
                                              5.361187   data arrival time

                      0.000000   10.000000   10.000000   clock __VIRTUAL_CLK__ (rise edge)
                                  0.000000   10.000000   clock network delay (ideal)
                                 -0.250000    9.750000   clock uncertainty
                                  0.000000    9.750000   clock reconvergence pessimism
                                 -2.000000    7.750000   output external delay
                                              7.750000   data required time
---------------------------------------------------------------------------------------------
                                              7.750000   data required time
                                             -5.361187   data arrival time
---------------------------------------------------------------------------------------------
                                              2.388813   slack (MET)


Startpoint: B[1] (input port clocked by __VIRTUAL_CLK__)
Endpoint: result[18] (output port clocked by __VIRTUAL_CLK__)
Path Group: __VIRTUAL_CLK__
Path Type: max

Fanout         Cap        Slew       Delay        Time   Description
---------------------------------------------------------------------------------------------
                      0.000000    0.000000    0.000000   clock __VIRTUAL_CLK__ (rise edge)
                                  0.000000    0.000000   clock network delay (ideal)
                                  2.000000    2.000000 v input external delay
     1    0.007502    0.019065    0.012192    2.012192 v B[1] (in)
                                                         B[1] (net)
                      0.019068    0.000000    2.012192 v input44/A (sky130_fd_sc_hd__buf_8)
     3    0.015717    0.028160    0.109428    2.121620 v input44/X (sky130_fd_sc_hd__buf_8)
                                                         net44 (net)
                      0.028160    0.000650    2.122270 v fanout180/A (sky130_fd_sc_hd__buf_8)
     2    0.010194    0.024764    0.108863    2.231133 v fanout180/X (sky130_fd_sc_hd__buf_8)
                                                         net180 (net)
                      0.024764    0.000322    2.231454 v load_slew181/A (sky130_fd_sc_hd__buf_8)
     2    0.014536    0.027574    0.110765    2.342220 v load_slew181/X (sky130_fd_sc_hd__buf_8)
                                                         net181 (net)
                      0.027578    0.001045    2.343265 v fanout178/A (sky130_fd_sc_hd__buf_8)
     2    0.012884    0.026644    0.110861    2.454126 v fanout178/X (sky130_fd_sc_hd__buf_8)
                                                         net178 (net)
                      0.026644    0.000286    2.454412 v rebuffer525/A (sky130_fd_sc_hd__buf_8)
     2    0.019266    0.030189    0.114949    2.569361 v rebuffer525/X (sky130_fd_sc_hd__buf_8)
                                                         net525 (net)
                      0.030220    0.000725    2.570086 v _0958_/B (sky130_fd_sc_hd__xnor2_4)
     5    0.018690    0.194672    0.184275    2.754361 ^ _0958_/Y (sky130_fd_sc_hd__xnor2_4)
                                                         _0133_ (net)
                      0.194672    0.000555    2.754916 ^ _0960_/A1 (sky130_fd_sc_hd__a21o_4)
     2    0.008192    0.039028    0.153094    2.908010 ^ _0960_/X (sky130_fd_sc_hd__a21o_4)
                                                         _0135_ (net)
                      0.039042    0.000273    2.908284 ^ _0968_/A3 (sky130_fd_sc_hd__a31o_4)
     2    0.010100    0.052387    0.153628    3.061912 ^ _0968_/X (sky130_fd_sc_hd__a31o_4)
                                                         _0143_ (net)
                      0.052394    0.000592    3.062504 ^ _0983_/D_N (sky130_fd_sc_hd__or4b_4)
     2    0.008558    0.092119    0.466917    3.529421 v _0983_/X (sky130_fd_sc_hd__or4b_4)
                                                         _0158_ (net)
                      0.092119    0.000292    3.529712 v rebuffer218/A (sky130_fd_sc_hd__buf_6)
     2    0.010627    0.025854    0.137198    3.666910 v rebuffer218/X (sky130_fd_sc_hd__buf_6)
                                                         net218 (net)
                      0.025854    0.000407    3.667317 v _1017_/A2 (sky130_fd_sc_hd__a211o_4)
     2    0.012966    0.062405    0.338563    4.005880 v _1017_/X (sky130_fd_sc_hd__a211o_4)
                                                         _0192_ (net)
                      0.062405    0.000835    4.006715 v _1427_/A1 (sky130_fd_sc_hd__a21o_2)
     3    0.008319    0.047094    0.207074    4.213789 v _1427_/X (sky130_fd_sc_hd__a21o_2)
                                                         _0585_ (net)
                      0.047094    0.000119    4.213909 v _1446_/A2 (sky130_fd_sc_hd__a21o_2)
     3    0.010691    0.053764    0.231209    4.445118 v _1446_/X (sky130_fd_sc_hd__a21o_2)
                                                         _0603_ (net)
                      0.053765    0.000279    4.445396 v _1448_/B (sky130_fd_sc_hd__and2b_2)
     1    0.004517    0.040568    0.195925    4.641322 v _1448_/X (sky130_fd_sc_hd__and2b_2)
                                                         _0605_ (net)
                      0.040568    0.000144    4.641466 v _1461_/C (sky130_fd_sc_hd__or4_4)
     2    0.012544    0.098647    0.501039    5.142505 v _1461_/X (sky130_fd_sc_hd__or4_4)
                                                         net78 (net)
                      0.098647    0.000651    5.143156 v output78/A (sky130_fd_sc_hd__buf_8)
     1    0.035444    0.040874    0.158359    5.301515 v output78/X (sky130_fd_sc_hd__buf_8)
                                                         result[18] (net)
                      0.040918    0.001204    5.302719 v result[18] (out)
                                              5.302719   data arrival time

                      0.000000   10.000000   10.000000   clock __VIRTUAL_CLK__ (rise edge)
                                  0.000000   10.000000   clock network delay (ideal)
                                 -0.250000    9.750000   clock uncertainty
                                  0.000000    9.750000   clock reconvergence pessimism
                                 -2.000000    7.750000   output external delay
                                              7.750000   data required time
---------------------------------------------------------------------------------------------
                                              7.750000   data required time
                                             -5.302719   data arrival time
---------------------------------------------------------------------------------------------
                                              2.447281   slack (MET)


Startpoint: B[0] (input port clocked by __VIRTUAL_CLK__)
Endpoint: result[10] (output port clocked by __VIRTUAL_CLK__)
Path Group: __VIRTUAL_CLK__
Path Type: max

Fanout         Cap        Slew       Delay        Time   Description
---------------------------------------------------------------------------------------------
                      0.000000    0.000000    0.000000   clock __VIRTUAL_CLK__ (rise edge)
                                  0.000000    0.000000   clock network delay (ideal)
                                  2.000000    2.000000 v input external delay
     1    0.008371    0.020959    0.013611    2.013611 v B[0] (in)
                                                         B[0] (net)
                      0.020962    0.000000    2.013611 v input33/A (sky130_fd_sc_hd__buf_8)
     2    0.020595    0.030924    0.113544    2.127155 v input33/X (sky130_fd_sc_hd__buf_8)
                                                         net33 (net)
                      0.031008    0.001124    2.128279 v fanout192/A (sky130_fd_sc_hd__buf_8)
     2    0.012810    0.026611    0.112281    2.240560 v fanout192/X (sky130_fd_sc_hd__buf_8)
                                                         net192 (net)
                      0.026611    0.000494    2.241054 v fanout190/A (sky130_fd_sc_hd__buf_6)
     2    0.007472    0.023558    0.104159    2.345212 v fanout190/X (sky130_fd_sc_hd__buf_6)
                                                         net190 (net)
                      0.023558    0.000185    2.345398 v load_slew191/A (sky130_fd_sc_hd__buf_6)
     3    0.016333    0.030802    0.112334    2.457732 v load_slew191/X (sky130_fd_sc_hd__buf_6)
                                                         net191 (net)
                      0.030856    0.001128    2.458861 v fanout188/A (sky130_fd_sc_hd__buf_8)
     5    0.025596    0.034034    0.121422    2.580282 v fanout188/X (sky130_fd_sc_hd__buf_8)
                                                         net188 (net)
                      0.034037    0.000363    2.580646 v load_slew189/A (sky130_fd_sc_hd__buf_8)
     4    0.012380    0.026366    0.113324    2.693970 v load_slew189/X (sky130_fd_sc_hd__buf_8)
                                                         net189 (net)
                      0.026366    0.000345    2.694315 v rebuffer632/A (sky130_fd_sc_hd__buf_2)
     1    0.004801    0.028175    0.112250    2.806566 v rebuffer632/X (sky130_fd_sc_hd__buf_2)
                                                         net632 (net)
                      0.028175    0.000106    2.806671 v rebuffer230/A (sky130_fd_sc_hd__buf_6)
     2    0.010061    0.025433    0.107688    2.914360 v rebuffer230/X (sky130_fd_sc_hd__buf_6)
                                                         net230 (net)
                      0.025433    0.000309    2.914668 v _1112_/S0 (sky130_fd_sc_hd__mux4_2)
     2    0.011764    0.108519    0.456230    3.370898 v _1112_/X (sky130_fd_sc_hd__mux4_2)
                                                         _0285_ (net)
                      0.108519    0.000431    3.371329 v rebuffer520/A (sky130_fd_sc_hd__buf_6)
     2    0.009345    0.024941    0.143344    3.514673 v rebuffer520/X (sky130_fd_sc_hd__buf_6)
                                                         net520 (net)
                      0.024941    0.000387    3.515059 v _1114_/A0 (sky130_fd_sc_hd__mux2_4)
     2    0.004195    0.050632    0.259358    3.774417 v _1114_/X (sky130_fd_sc_hd__mux2_4)
                                                         _0287_ (net)
                      0.050632    0.000069    3.774487 v _1298_/A0 (sky130_fd_sc_hd__mux2_4)
     1    0.007675    0.056417    0.277832    4.052318 v _1298_/X (sky130_fd_sc_hd__mux2_4)
                                                         _0463_ (net)
                      0.056417    0.000384    4.052702 v _1303_/B1 (sky130_fd_sc_hd__a2bb2o_4)
     1    0.002765    0.031702    0.209982    4.262684 v _1303_/X (sky130_fd_sc_hd__a2bb2o_4)
                                                         _0468_ (net)
                      0.031702    0.000060    4.262745 v _1305_/A (sky130_fd_sc_hd__or3_4)
     1    0.005611    0.067714    0.376486    4.639231 v _1305_/X (sky130_fd_sc_hd__or3_4)
                                                         _0470_ (net)
                      0.067715    0.000218    4.639450 v _1306_/B1 (sky130_fd_sc_hd__a31o_4)
     1    0.005505    0.037444    0.210539    4.849988 v _1306_/X (sky130_fd_sc_hd__a31o_4)
                                                         _0471_ (net)
                      0.037444    0.000159    4.850148 v _1307_/B1 (sky130_fd_sc_hd__a31o_4)
     2    0.008814    0.041590    0.206438    5.056585 v _1307_/X (sky130_fd_sc_hd__a31o_4)
                                                         net70 (net)
                      0.041590    0.000211    5.056797 v rebuffer521/A (sky130_fd_sc_hd__buf_6)
     1    0.007890    0.023883    0.111161    5.167958 v rebuffer521/X (sky130_fd_sc_hd__buf_6)
                                                         net521 (net)
                      0.023883    0.000298    5.168255 v output70/A (sky130_fd_sc_hd__buf_8)
     1    0.034883    0.040356    0.124873    5.293128 v output70/X (sky130_fd_sc_hd__buf_8)
                                                         result[10] (net)
                      0.040389    0.001040    5.294168 v result[10] (out)
                                              5.294168   data arrival time

                      0.000000   10.000000   10.000000   clock __VIRTUAL_CLK__ (rise edge)
                                  0.000000   10.000000   clock network delay (ideal)
                                 -0.250000    9.750000   clock uncertainty
                                  0.000000    9.750000   clock reconvergence pessimism
                                 -2.000000    7.750000   output external delay
                                              7.750000   data required time
---------------------------------------------------------------------------------------------
                                              7.750000   data required time
                                             -5.294168   data arrival time
---------------------------------------------------------------------------------------------
                                              2.455832   slack (MET)


Startpoint: B[0] (input port clocked by __VIRTUAL_CLK__)
Endpoint: result[17] (output port clocked by __VIRTUAL_CLK__)
Path Group: __VIRTUAL_CLK__
Path Type: max

Fanout         Cap        Slew       Delay        Time   Description
---------------------------------------------------------------------------------------------
                      0.000000    0.000000    0.000000   clock __VIRTUAL_CLK__ (rise edge)
                                  0.000000    0.000000   clock network delay (ideal)
                                  2.000000    2.000000 v input external delay
     1    0.008371    0.020959    0.013611    2.013611 v B[0] (in)
                                                         B[0] (net)
                      0.020962    0.000000    2.013611 v input33/A (sky130_fd_sc_hd__buf_8)
     2    0.020595    0.030924    0.113544    2.127155 v input33/X (sky130_fd_sc_hd__buf_8)
                                                         net33 (net)
                      0.031008    0.001124    2.128279 v fanout192/A (sky130_fd_sc_hd__buf_8)
     2    0.012810    0.026611    0.112281    2.240560 v fanout192/X (sky130_fd_sc_hd__buf_8)
                                                         net192 (net)
                      0.026611    0.000494    2.241054 v fanout190/A (sky130_fd_sc_hd__buf_6)
     2    0.007472    0.023558    0.104159    2.345212 v fanout190/X (sky130_fd_sc_hd__buf_6)
                                                         net190 (net)
                      0.023558    0.000185    2.345398 v load_slew191/A (sky130_fd_sc_hd__buf_6)
     3    0.016333    0.030802    0.112334    2.457732 v load_slew191/X (sky130_fd_sc_hd__buf_6)
                                                         net191 (net)
                      0.030856    0.001128    2.458861 v fanout188/A (sky130_fd_sc_hd__buf_8)
     5    0.025596    0.034034    0.121422    2.580282 v fanout188/X (sky130_fd_sc_hd__buf_8)
                                                         net188 (net)
                      0.034037    0.000363    2.580646 v load_slew189/A (sky130_fd_sc_hd__buf_8)
     4    0.012380    0.026366    0.113324    2.693970 v load_slew189/X (sky130_fd_sc_hd__buf_8)
                                                         net189 (net)
                      0.026366    0.000353    2.694323 v _1070_/S0 (sky130_fd_sc_hd__mux4_2)
     2    0.009835    0.102475    0.445517    3.139840 v _1070_/X (sky130_fd_sc_hd__mux4_2)
                                                         _0244_ (net)
                      0.102475    0.000616    3.140455 v _1072_/A0 (sky130_fd_sc_hd__mux2_4)
     3    0.010502    0.060071    0.303826    3.444282 v _1072_/X (sky130_fd_sc_hd__mux2_4)
                                                         _0246_ (net)
                      0.060071    0.000293    3.444575 v _1079_/A0 (sky130_fd_sc_hd__mux2_4)
     1    0.005233    0.053425    0.274742    3.719316 v _1079_/X (sky130_fd_sc_hd__mux2_4)
                                                         _0253_ (net)
                      0.053425    0.000185    3.719501 v _1086_/A1 (sky130_fd_sc_hd__a22o_4)
     2    0.009306    0.045529    0.250370    3.969871 v _1086_/X (sky130_fd_sc_hd__a22o_4)
                                                         _0260_ (net)
                      0.045529    0.000423    3.970294 v _1435_/A2 (sky130_fd_sc_hd__o21a_4)
     1    0.007261    0.037629    0.193183    4.163478 v _1435_/X (sky130_fd_sc_hd__o21a_4)
                                                         _0593_ (net)
                      0.037629    0.000388    4.163866 v _1438_/C (sky130_fd_sc_hd__or4_4)
     1    0.004444    0.083264    0.470222    4.634088 v _1438_/X (sky130_fd_sc_hd__or4_4)
                                                         _0596_ (net)
                      0.083264    0.000143    4.634231 v _1445_/C (sky130_fd_sc_hd__or3_4)
     2    0.006902    0.069830    0.342266    4.976497 v _1445_/X (sky130_fd_sc_hd__or3_4)
                                                         net77 (net)
                      0.069830    0.000110    4.976607 v rebuffer223/A (sky130_fd_sc_hd__buf_2)
     1    0.005944    0.030365    0.134192    5.110798 v rebuffer223/X (sky130_fd_sc_hd__buf_2)
                                                         net223 (net)
                      0.030381    0.000182    5.110981 v output77/A (sky130_fd_sc_hd__buf_6)
     1    0.035561    0.044728    0.130921    5.241902 v output77/X (sky130_fd_sc_hd__buf_6)
                                                         result[17] (net)
                      0.044760    0.001092    5.242994 v result[17] (out)
                                              5.242994   data arrival time

                      0.000000   10.000000   10.000000   clock __VIRTUAL_CLK__ (rise edge)
                                  0.000000   10.000000   clock network delay (ideal)
                                 -0.250000    9.750000   clock uncertainty
                                  0.000000    9.750000   clock reconvergence pessimism
                                 -2.000000    7.750000   output external delay
                                              7.750000   data required time
---------------------------------------------------------------------------------------------
                                              7.750000   data required time
                                             -5.242994   data arrival time
---------------------------------------------------------------------------------------------
                                              2.507006   slack (MET)


Startpoint: B[1] (input port clocked by __VIRTUAL_CLK__)
Endpoint: result[20] (output port clocked by __VIRTUAL_CLK__)
Path Group: __VIRTUAL_CLK__
Path Type: max

Fanout         Cap        Slew       Delay        Time   Description
---------------------------------------------------------------------------------------------
                      0.000000    0.000000    0.000000   clock __VIRTUAL_CLK__ (rise edge)
                                  0.000000    0.000000   clock network delay (ideal)
                                  2.000000    2.000000 v input external delay
     1    0.007502    0.019065    0.012192    2.012192 v B[1] (in)
                                                         B[1] (net)
                      0.019068    0.000000    2.012192 v input44/A (sky130_fd_sc_hd__buf_8)
     3    0.015717    0.028160    0.109428    2.121620 v input44/X (sky130_fd_sc_hd__buf_8)
                                                         net44 (net)
                      0.028160    0.000650    2.122270 v fanout180/A (sky130_fd_sc_hd__buf_8)
     2    0.010194    0.024764    0.108863    2.231133 v fanout180/X (sky130_fd_sc_hd__buf_8)
                                                         net180 (net)
                      0.024764    0.000322    2.231454 v load_slew181/A (sky130_fd_sc_hd__buf_8)
     2    0.014536    0.027574    0.110765    2.342220 v load_slew181/X (sky130_fd_sc_hd__buf_8)
                                                         net181 (net)
                      0.027578    0.001045    2.343265 v fanout178/A (sky130_fd_sc_hd__buf_8)
     2    0.012884    0.026644    0.110861    2.454126 v fanout178/X (sky130_fd_sc_hd__buf_8)
                                                         net178 (net)
                      0.026644    0.000286    2.454412 v rebuffer525/A (sky130_fd_sc_hd__buf_8)
     2    0.019266    0.030189    0.114949    2.569361 v rebuffer525/X (sky130_fd_sc_hd__buf_8)
                                                         net525 (net)
                      0.030220    0.000725    2.570086 v _0958_/B (sky130_fd_sc_hd__xnor2_4)
     5    0.018690    0.194672    0.184275    2.754361 ^ _0958_/Y (sky130_fd_sc_hd__xnor2_4)
                                                         _0133_ (net)
                      0.194672    0.000555    2.754916 ^ _0960_/A1 (sky130_fd_sc_hd__a21o_4)
     2    0.008192    0.039028    0.153094    2.908010 ^ _0960_/X (sky130_fd_sc_hd__a21o_4)
                                                         _0135_ (net)
                      0.039042    0.000273    2.908284 ^ _0968_/A3 (sky130_fd_sc_hd__a31o_4)
     2    0.010100    0.052387    0.153628    3.061912 ^ _0968_/X (sky130_fd_sc_hd__a31o_4)
                                                         _0143_ (net)
                      0.052394    0.000592    3.062504 ^ _0983_/D_N (sky130_fd_sc_hd__or4b_4)
     2    0.008558    0.092119    0.466917    3.529421 v _0983_/X (sky130_fd_sc_hd__or4b_4)
                                                         _0158_ (net)
                      0.092119    0.000292    3.529712 v rebuffer218/A (sky130_fd_sc_hd__buf_6)
     2    0.010627    0.025854    0.137198    3.666910 v rebuffer218/X (sky130_fd_sc_hd__buf_6)
                                                         net218 (net)
                      0.025854    0.000407    3.667317 v _1017_/A2 (sky130_fd_sc_hd__a211o_4)
     2    0.012966    0.062405    0.338563    4.005880 v _1017_/X (sky130_fd_sc_hd__a211o_4)
                                                         _0192_ (net)
                      0.062405    0.000790    4.006670 v rebuffer381/A (sky130_fd_sc_hd__buf_6)
     3    0.014412    0.028879    0.127625    4.134295 v rebuffer381/X (sky130_fd_sc_hd__buf_6)
                                                         net381 (net)
                      0.028891    0.000534    4.134829 v _1050_/A1 (sky130_fd_sc_hd__a211o_4)
     2    0.018864    0.072095    0.343015    4.477844 v _1050_/X (sky130_fd_sc_hd__a211o_4)
                                                         _0225_ (net)
                      0.072095    0.000839    4.478683 v rebuffer287/A (sky130_fd_sc_hd__buf_8)
     4    0.025906    0.034311    0.139468    4.618151 v rebuffer287/X (sky130_fd_sc_hd__buf_8)
                                                         net287 (net)
                      0.034318    0.000580    4.618731 v _1477_/A (sky130_fd_sc_hd__nand2_2)
     2    0.011549    0.076998    0.073976    4.692707 ^ _1477_/Y (sky130_fd_sc_hd__nand2_2)
                                                         _0632_ (net)
                      0.076998    0.000225    4.692933 ^ _1478_/B (sky130_fd_sc_hd__xor2_2)
     1    0.005185    0.056011    0.066497    4.759429 v _1478_/X (sky130_fd_sc_hd__xor2_2)
                                                         _0633_ (net)
                      0.056011    0.000136    4.759565 v _1495_/A1 (sky130_fd_sc_hd__a211o_4)
     2    0.010993    0.059415    0.334786    5.094352 v _1495_/X (sky130_fd_sc_hd__a211o_4)
                                                         net81 (net)
                      0.059419    0.000291    5.094643 v output81/A (sky130_fd_sc_hd__buf_8)
     1    0.034692    0.040160    0.140297    5.234939 v output81/X (sky130_fd_sc_hd__buf_8)
                                                         result[20] (net)
                      0.040185    0.000928    5.235867 v result[20] (out)
                                              5.235867   data arrival time

                      0.000000   10.000000   10.000000   clock __VIRTUAL_CLK__ (rise edge)
                                  0.000000   10.000000   clock network delay (ideal)
                                 -0.250000    9.750000   clock uncertainty
                                  0.000000    9.750000   clock reconvergence pessimism
                                 -2.000000    7.750000   output external delay
                                              7.750000   data required time
---------------------------------------------------------------------------------------------
                                              7.750000   data required time
                                             -5.235867   data arrival time
---------------------------------------------------------------------------------------------
                                              2.514133   slack (MET)


Startpoint: B[1] (input port clocked by __VIRTUAL_CLK__)
Endpoint: result[24] (output port clocked by __VIRTUAL_CLK__)
Path Group: __VIRTUAL_CLK__
Path Type: max

Fanout         Cap        Slew       Delay        Time   Description
---------------------------------------------------------------------------------------------
                      0.000000    0.000000    0.000000   clock __VIRTUAL_CLK__ (rise edge)
                                  0.000000    0.000000   clock network delay (ideal)
                                  2.000000    2.000000 v input external delay
     1    0.007502    0.019065    0.012192    2.012192 v B[1] (in)
                                                         B[1] (net)
                      0.019068    0.000000    2.012192 v input44/A (sky130_fd_sc_hd__buf_8)
     3    0.015717    0.028160    0.109428    2.121620 v input44/X (sky130_fd_sc_hd__buf_8)
                                                         net44 (net)
                      0.028160    0.000650    2.122270 v fanout180/A (sky130_fd_sc_hd__buf_8)
     2    0.010194    0.024764    0.108863    2.231133 v fanout180/X (sky130_fd_sc_hd__buf_8)
                                                         net180 (net)
                      0.024764    0.000322    2.231454 v load_slew181/A (sky130_fd_sc_hd__buf_8)
     2    0.014536    0.027574    0.110765    2.342220 v load_slew181/X (sky130_fd_sc_hd__buf_8)
                                                         net181 (net)
                      0.027578    0.001045    2.343265 v fanout178/A (sky130_fd_sc_hd__buf_8)
     2    0.012884    0.026644    0.110861    2.454126 v fanout178/X (sky130_fd_sc_hd__buf_8)
                                                         net178 (net)
                      0.026644    0.000286    2.454412 v rebuffer525/A (sky130_fd_sc_hd__buf_8)
     2    0.019266    0.030189    0.114949    2.569361 v rebuffer525/X (sky130_fd_sc_hd__buf_8)
                                                         net525 (net)
                      0.030220    0.000725    2.570086 v _0958_/B (sky130_fd_sc_hd__xnor2_4)
     5    0.018690    0.194672    0.184275    2.754361 ^ _0958_/Y (sky130_fd_sc_hd__xnor2_4)
                                                         _0133_ (net)
                      0.194672    0.000555    2.754916 ^ _0960_/A1 (sky130_fd_sc_hd__a21o_4)
     2    0.008192    0.039028    0.153094    2.908010 ^ _0960_/X (sky130_fd_sc_hd__a21o_4)
                                                         _0135_ (net)
                      0.039042    0.000273    2.908284 ^ _0968_/A3 (sky130_fd_sc_hd__a31o_4)
     2    0.010100    0.052387    0.153628    3.061912 ^ _0968_/X (sky130_fd_sc_hd__a31o_4)
                                                         _0143_ (net)
                      0.052394    0.000592    3.062504 ^ _0983_/D_N (sky130_fd_sc_hd__or4b_4)
     2    0.008558    0.092119    0.466917    3.529421 v _0983_/X (sky130_fd_sc_hd__or4b_4)
                                                         _0158_ (net)
                      0.092119    0.000292    3.529712 v rebuffer218/A (sky130_fd_sc_hd__buf_6)
     2    0.010627    0.025854    0.137198    3.666910 v rebuffer218/X (sky130_fd_sc_hd__buf_6)
                                                         net218 (net)
                      0.025854    0.000407    3.667317 v _1017_/A2 (sky130_fd_sc_hd__a211o_4)
     2    0.012966    0.062405    0.338563    4.005880 v _1017_/X (sky130_fd_sc_hd__a211o_4)
                                                         _0192_ (net)
                      0.062405    0.000790    4.006670 v rebuffer381/A (sky130_fd_sc_hd__buf_6)
     3    0.014412    0.028879    0.127625    4.134295 v rebuffer381/X (sky130_fd_sc_hd__buf_6)
                                                         net381 (net)
                      0.028891    0.000534    4.134829 v _1050_/A1 (sky130_fd_sc_hd__a211o_4)
     2    0.018864    0.072095    0.343015    4.477844 v _1050_/X (sky130_fd_sc_hd__a211o_4)
                                                         _0225_ (net)
                      0.072095    0.000839    4.478683 v rebuffer287/A (sky130_fd_sc_hd__buf_8)
     4    0.025906    0.034311    0.139468    4.618151 v rebuffer287/X (sky130_fd_sc_hd__buf_8)
                                                         net287 (net)
                      0.034413    0.001600    4.619752 v _1057_/A1 (sky130_fd_sc_hd__a21oi_4)
     2    0.016177    0.160462    0.161901    4.781653 ^ _1057_/Y (sky130_fd_sc_hd__a21oi_4)
                                                         _0232_ (net)
                      0.160462    0.000468    4.782121 ^ _1547_/A1 (sky130_fd_sc_hd__o21ai_2)
     1    0.004685    0.103322    0.083528    4.865649 v _1547_/Y (sky130_fd_sc_hd__o21ai_2)
                                                         _0698_ (net)
                      0.103322    0.000108    4.865757 v _1562_/A2 (sky130_fd_sc_hd__o21ai_2)
     2    0.009235    0.145693    0.170533    5.036290 ^ _1562_/Y (sky130_fd_sc_hd__o21ai_2)
                                                         net85 (net)
                      0.145693    0.000282    5.036572 ^ output85/A (sky130_fd_sc_hd__buf_6)
     1    0.035799    0.080032    0.157797    5.194370 ^ output85/X (sky130_fd_sc_hd__buf_6)
                                                         result[24] (net)
                      0.080059    0.001391    5.195761 ^ result[24] (out)
                                              5.195761   data arrival time

                      0.000000   10.000000   10.000000   clock __VIRTUAL_CLK__ (rise edge)
                                  0.000000   10.000000   clock network delay (ideal)
                                 -0.250000    9.750000   clock uncertainty
                                  0.000000    9.750000   clock reconvergence pessimism
                                 -2.000000    7.750000   output external delay
                                              7.750000   data required time
---------------------------------------------------------------------------------------------
                                              7.750000   data required time
                                             -5.195761   data arrival time
---------------------------------------------------------------------------------------------
                                              2.554239   slack (MET)


Startpoint: B[0] (input port clocked by __VIRTUAL_CLK__)
Endpoint: result[6] (output port clocked by __VIRTUAL_CLK__)
Path Group: __VIRTUAL_CLK__
Path Type: max

Fanout         Cap        Slew       Delay        Time   Description
---------------------------------------------------------------------------------------------
                      0.000000    0.000000    0.000000   clock __VIRTUAL_CLK__ (rise edge)
                                  0.000000    0.000000   clock network delay (ideal)
                                  2.000000    2.000000 v input external delay
     1    0.008371    0.020959    0.013611    2.013611 v B[0] (in)
                                                         B[0] (net)
                      0.020962    0.000000    2.013611 v input33/A (sky130_fd_sc_hd__buf_8)
     2    0.020595    0.030924    0.113544    2.127155 v input33/X (sky130_fd_sc_hd__buf_8)
                                                         net33 (net)
                      0.031008    0.001124    2.128279 v fanout192/A (sky130_fd_sc_hd__buf_8)
     2    0.012810    0.026611    0.112281    2.240560 v fanout192/X (sky130_fd_sc_hd__buf_8)
                                                         net192 (net)
                      0.026611    0.000494    2.241054 v fanout190/A (sky130_fd_sc_hd__buf_6)
     2    0.007472    0.023558    0.104159    2.345212 v fanout190/X (sky130_fd_sc_hd__buf_6)
                                                         net190 (net)
                      0.023558    0.000185    2.345398 v load_slew191/A (sky130_fd_sc_hd__buf_6)
     3    0.016333    0.030802    0.112334    2.457732 v load_slew191/X (sky130_fd_sc_hd__buf_6)
                                                         net191 (net)
                      0.030856    0.001128    2.458861 v fanout188/A (sky130_fd_sc_hd__buf_8)
     5    0.025596    0.034034    0.121422    2.580282 v fanout188/X (sky130_fd_sc_hd__buf_8)
                                                         net188 (net)
                      0.034037    0.000363    2.580646 v load_slew189/A (sky130_fd_sc_hd__buf_8)
     4    0.012380    0.026366    0.113324    2.693970 v load_slew189/X (sky130_fd_sc_hd__buf_8)
                                                         net189 (net)
                      0.026366    0.000345    2.694315 v rebuffer632/A (sky130_fd_sc_hd__buf_2)
     1    0.004801    0.028175    0.112250    2.806566 v rebuffer632/X (sky130_fd_sc_hd__buf_2)
                                                         net632 (net)
                      0.028175    0.000106    2.806671 v rebuffer230/A (sky130_fd_sc_hd__buf_6)
     2    0.010061    0.025433    0.107688    2.914360 v rebuffer230/X (sky130_fd_sc_hd__buf_6)
                                                         net230 (net)
                      0.025433    0.000309    2.914668 v _1112_/S0 (sky130_fd_sc_hd__mux4_2)
     2    0.011764    0.108519    0.456230    3.370898 v _1112_/X (sky130_fd_sc_hd__mux4_2)
                                                         _0285_ (net)
                      0.108519    0.000437    3.371336 v rebuffer233/A (sky130_fd_sc_hd__buf_6)
     1    0.005857    0.022409    0.139528    3.510864 v rebuffer233/X (sky130_fd_sc_hd__buf_6)
                                                         net233 (net)
                      0.022409    0.000231    3.511095 v _1223_/A0 (sky130_fd_sc_hd__mux2_4)
     2    0.006288    0.054596    0.265189    3.776284 v _1223_/X (sky130_fd_sc_hd__mux2_4)
                                                         _0392_ (net)
                      0.054596    0.000104    3.776389 v _1225_/A0 (sky130_fd_sc_hd__mux2_4)
     1    0.004651    0.051752    0.270677    4.047065 v _1225_/X (sky130_fd_sc_hd__mux2_4)
                                                         _0394_ (net)
                      0.051752    0.000106    4.047171 v _1228_/A1 (sky130_fd_sc_hd__a22o_4)
     2    0.011880    0.048913    0.255135    4.302307 v _1228_/X (sky130_fd_sc_hd__a22o_4)
                                                         _0397_ (net)
                      0.048918    0.000492    4.302799 v _1229_/A1 (sky130_fd_sc_hd__a211o_4)
     1    0.006104    0.051935    0.319551    4.622350 v _1229_/X (sky130_fd_sc_hd__a211o_4)
                                                         _0398_ (net)
                      0.051935    0.000256    4.622605 v _1230_/B1 (sky130_fd_sc_hd__a31o_4)
     1    0.005281    0.037117    0.203952    4.826558 v _1230_/X (sky130_fd_sc_hd__a31o_4)
                                                         _0399_ (net)
                      0.037117    0.000191    4.826748 v _1231_/B1 (sky130_fd_sc_hd__a21o_4)
     2    0.012755    0.045219    0.190314    5.017063 v _1231_/X (sky130_fd_sc_hd__a21o_4)
                                                         net97 (net)
                      0.045219    0.000536    5.017600 v output97/A (sky130_fd_sc_hd__buf_8)
     1    0.035971    0.041214    0.134611    5.152211 v output97/X (sky130_fd_sc_hd__buf_8)
                                                         result[6] (net)
                      0.041280    0.001455    5.153666 v result[6] (out)
                                              5.153666   data arrival time

                      0.000000   10.000000   10.000000   clock __VIRTUAL_CLK__ (rise edge)
                                  0.000000   10.000000   clock network delay (ideal)
                                 -0.250000    9.750000   clock uncertainty
                                  0.000000    9.750000   clock reconvergence pessimism
                                 -2.000000    7.750000   output external delay
                                              7.750000   data required time
---------------------------------------------------------------------------------------------
                                              7.750000   data required time
                                             -5.153666   data arrival time
---------------------------------------------------------------------------------------------
                                              2.596334   slack (MET)


Startpoint: control[3] (input port clocked by __VIRTUAL_CLK__)
Endpoint: result[16] (output port clocked by __VIRTUAL_CLK__)
Path Group: __VIRTUAL_CLK__
Path Type: max

Fanout         Cap        Slew       Delay        Time   Description
---------------------------------------------------------------------------------------------
                      0.000000    0.000000    0.000000   clock __VIRTUAL_CLK__ (rise edge)
                                  0.000000    0.000000   clock network delay (ideal)
                                  2.000000    2.000000 ^ input external delay
     1    0.003937    0.024666    0.014314    2.014314 ^ control[3] (in)
                                                         control[3] (net)
                      0.024674    0.000000    2.014314 ^ input68/A (sky130_fd_sc_hd__clkdlybuf4s25_1)
     2    0.009568    0.107045    0.283293    2.297607 ^ input68/X (sky130_fd_sc_hd__clkdlybuf4s25_1)
                                                         net68 (net)
                      0.107045    0.000264    2.297870 ^ fanout154/A (sky130_fd_sc_hd__clkbuf_2)
    10    0.025714    0.144514    0.198366    2.496236 ^ fanout154/X (sky130_fd_sc_hd__clkbuf_2)
                                                         net154 (net)
                      0.144515    0.000673    2.496909 ^ _0865_/A_N (sky130_fd_sc_hd__and4b_2)
     1    0.003973    0.045375    0.244803    2.741712 v _0865_/X (sky130_fd_sc_hd__and4b_2)
                                                         _0040_ (net)
                      0.045375    0.000114    2.741826 v fanout123/A (sky130_fd_sc_hd__clkdlybuf4s25_1)
     6    0.028521    0.214560    0.383821    3.125647 v fanout123/X (sky130_fd_sc_hd__clkdlybuf4s25_1)
                                                         net123 (net)
                      0.214564    0.001186    3.126834 v fanout121/A (sky130_fd_sc_hd__buf_2)
    10    0.044405    0.109403    0.271002    3.397836 v fanout121/X (sky130_fd_sc_hd__buf_2)
                                                         net121 (net)
                      0.109821    0.005082    3.402918 v _1420_/B1 (sky130_fd_sc_hd__a21o_2)
     1    0.004179    0.037801    0.210172    3.613090 v _1420_/X (sky130_fd_sc_hd__a21o_2)
                                                         _0579_ (net)
                      0.037801    0.000161    3.613251 v _1421_/A2 (sky130_fd_sc_hd__a21o_2)
     1    0.006107    0.041981    0.212371    3.825622 v _1421_/X (sky130_fd_sc_hd__a21o_2)
                                                         _0580_ (net)
                      0.041981    0.000339    3.825961 v _1423_/B1 (sky130_fd_sc_hd__a211o_2)
     1    0.002548    0.045398    0.293686    4.119646 v _1423_/X (sky130_fd_sc_hd__a211o_2)
                                                         _0582_ (net)
                      0.045398    0.000055    4.119701 v _1424_/C1 (sky130_fd_sc_hd__a221o_2)
     1    0.008318    0.067998    0.317955    4.437656 v _1424_/X (sky130_fd_sc_hd__a221o_2)
                                                         _0583_ (net)
                      0.067998    0.000533    4.438190 v _1425_/B (sky130_fd_sc_hd__or3b_4)
     2    0.009098    0.074965    0.388090    4.826280 v _1425_/X (sky130_fd_sc_hd__or3b_4)
                                                         net76 (net)
                      0.074965    0.000325    4.826604 v rebuffer524/A (sky130_fd_sc_hd__buf_6)
     1    0.009093    0.024753    0.127603    4.954208 v rebuffer524/X (sky130_fd_sc_hd__buf_6)
                                                         net524 (net)
                      0.024753    0.000347    4.954555 v output76/A (sky130_fd_sc_hd__buf_8)
     1    0.035499    0.040781    0.125671    5.080225 v output76/X (sky130_fd_sc_hd__buf_8)
                                                         result[16] (net)
                      0.040813    0.001030    5.081255 v result[16] (out)
                                              5.081255   data arrival time

                      0.000000   10.000000   10.000000   clock __VIRTUAL_CLK__ (rise edge)
                                  0.000000   10.000000   clock network delay (ideal)
                                 -0.250000    9.750000   clock uncertainty
                                  0.000000    9.750000   clock reconvergence pessimism
                                 -2.000000    7.750000   output external delay
                                              7.750000   data required time
---------------------------------------------------------------------------------------------
                                              7.750000   data required time
                                             -5.081255   data arrival time
---------------------------------------------------------------------------------------------
                                              2.668745   slack (MET)


Startpoint: control[1] (input port clocked by __VIRTUAL_CLK__)
Endpoint: result[2] (output port clocked by __VIRTUAL_CLK__)
Path Group: __VIRTUAL_CLK__
Path Type: max

Fanout         Cap        Slew       Delay        Time   Description
---------------------------------------------------------------------------------------------
                      0.000000    0.000000    0.000000   clock __VIRTUAL_CLK__ (rise edge)
                                  0.000000    0.000000   clock network delay (ideal)
                                  2.000000    2.000000 ^ input external delay
     1    0.003095    0.021005    0.011363    2.011363 ^ control[1] (in)
                                                         control[1] (net)
                      0.021005    0.000000    2.011363 ^ input66/A (sky130_fd_sc_hd__clkdlybuf4s25_1)
     3    0.009144    0.102967    0.279174    2.290537 ^ input66/X (sky130_fd_sc_hd__clkdlybuf4s25_1)
                                                         net66 (net)
                      0.102967    0.000266    2.290803 ^ fanout155/A (sky130_fd_sc_hd__clkbuf_2)
    10    0.033416    0.184624    0.224489    2.515292 ^ fanout155/X (sky130_fd_sc_hd__clkbuf_2)
                                                         net155 (net)
                      0.184693    0.001288    2.516580 ^ _0877_/A_N (sky130_fd_sc_hd__and4bb_2)
     2    0.010151    0.059861    0.274548    2.791128 v _0877_/X (sky130_fd_sc_hd__and4bb_2)
                                                         _0052_ (net)
                      0.059864    0.000532    2.791661 v fanout131/A (sky130_fd_sc_hd__buf_2)
    10    0.037567    0.093682    0.192104    2.983765 v fanout131/X (sky130_fd_sc_hd__buf_2)
                                                         net131 (net)
                      0.093710    0.001543    2.985308 v _0880_/C (sky130_fd_sc_hd__and3_4)
     3    0.017051    0.048791    0.220135    3.205443 v _0880_/X (sky130_fd_sc_hd__and3_4)
                                                         _0055_ (net)
                      0.048791    0.000247    3.205691 v fanout111/A (sky130_fd_sc_hd__clkbuf_4)
    10    0.042707    0.094871    0.196858    3.402548 v fanout111/X (sky130_fd_sc_hd__clkbuf_4)
                                                         net111 (net)
                      0.094882    0.001048    3.403596 v _1138_/B2 (sky130_fd_sc_hd__a221o_2)
     1    0.003428    0.053954    0.369885    3.773481 v _1138_/X (sky130_fd_sc_hd__a221o_2)
                                                         _0311_ (net)
                      0.053954    0.000116    3.773597 v _1139_/B1 (sky130_fd_sc_hd__a31o_2)
     1    0.003475    0.038401    0.212783    3.986380 v _1139_/X (sky130_fd_sc_hd__a31o_2)
                                                         _0312_ (net)
                      0.038401    0.000091    3.986472 v _1140_/B1 (sky130_fd_sc_hd__a311o_2)
     1    0.003844    0.056278    0.347755    4.334227 v _1140_/X (sky130_fd_sc_hd__a311o_2)
                                                         _0313_ (net)
                      0.056278    0.000134    4.334361 v _1141_/C1 (sky130_fd_sc_hd__a211o_2)
     2    0.007376    0.059585    0.283119    4.617480 v _1141_/X (sky130_fd_sc_hd__a211o_2)
                                                         net91 (net)
                      0.059585    0.000324    4.617804 v output91/A (sky130_fd_sc_hd__clkdlybuf4s25_1)
     1    0.034888    0.259863    0.423727    5.041531 v output91/X (sky130_fd_sc_hd__clkdlybuf4s25_1)
                                                         result[2] (net)
                      0.259864    0.000938    5.042469 v result[2] (out)
                                              5.042469   data arrival time

                      0.000000   10.000000   10.000000   clock __VIRTUAL_CLK__ (rise edge)
                                  0.000000   10.000000   clock network delay (ideal)
                                 -0.250000    9.750000   clock uncertainty
                                  0.000000    9.750000   clock reconvergence pessimism
                                 -2.000000    7.750000   output external delay
                                              7.750000   data required time
---------------------------------------------------------------------------------------------
                                              7.750000   data required time
                                             -5.042469   data arrival time
---------------------------------------------------------------------------------------------
                                              2.707531   slack (MET)


Startpoint: B[1] (input port clocked by __VIRTUAL_CLK__)
Endpoint: result[11] (output port clocked by __VIRTUAL_CLK__)
Path Group: __VIRTUAL_CLK__
Path Type: max

Fanout         Cap        Slew       Delay        Time   Description
---------------------------------------------------------------------------------------------
                      0.000000    0.000000    0.000000   clock __VIRTUAL_CLK__ (rise edge)
                                  0.000000    0.000000   clock network delay (ideal)
                                  2.000000    2.000000 v input external delay
     1    0.007502    0.019065    0.012192    2.012192 v B[1] (in)
                                                         B[1] (net)
                      0.019068    0.000000    2.012192 v input44/A (sky130_fd_sc_hd__buf_8)
     3    0.015717    0.028160    0.109428    2.121620 v input44/X (sky130_fd_sc_hd__buf_8)
                                                         net44 (net)
                      0.028160    0.000650    2.122270 v fanout180/A (sky130_fd_sc_hd__buf_8)
     2    0.010194    0.024764    0.108863    2.231133 v fanout180/X (sky130_fd_sc_hd__buf_8)
                                                         net180 (net)
                      0.024764    0.000322    2.231454 v load_slew181/A (sky130_fd_sc_hd__buf_8)
     2    0.014536    0.027574    0.110765    2.342220 v load_slew181/X (sky130_fd_sc_hd__buf_8)
                                                         net181 (net)
                      0.027578    0.001045    2.343265 v fanout178/A (sky130_fd_sc_hd__buf_8)
     2    0.012884    0.026644    0.110861    2.454126 v fanout178/X (sky130_fd_sc_hd__buf_8)
                                                         net178 (net)
                      0.026644    0.000286    2.454412 v rebuffer525/A (sky130_fd_sc_hd__buf_8)
     2    0.019266    0.030189    0.114949    2.569361 v rebuffer525/X (sky130_fd_sc_hd__buf_8)
                                                         net525 (net)
                      0.030220    0.000725    2.570086 v _0958_/B (sky130_fd_sc_hd__xnor2_4)
     5    0.018690    0.194672    0.184275    2.754361 ^ _0958_/Y (sky130_fd_sc_hd__xnor2_4)
                                                         _0133_ (net)
                      0.194672    0.000555    2.754916 ^ _0960_/A1 (sky130_fd_sc_hd__a21o_4)
     2    0.008192    0.039028    0.153094    2.908010 ^ _0960_/X (sky130_fd_sc_hd__a21o_4)
                                                         _0135_ (net)
                      0.039042    0.000273    2.908284 ^ _0968_/A3 (sky130_fd_sc_hd__a31o_4)
     2    0.010100    0.052387    0.153628    3.061912 ^ _0968_/X (sky130_fd_sc_hd__a31o_4)
                                                         _0143_ (net)
                      0.052394    0.000592    3.062504 ^ _0983_/D_N (sky130_fd_sc_hd__or4b_4)
     2    0.008558    0.092119    0.466917    3.529421 v _0983_/X (sky130_fd_sc_hd__or4b_4)
                                                         _0158_ (net)
                      0.092119    0.000292    3.529712 v rebuffer218/A (sky130_fd_sc_hd__buf_6)
     2    0.010627    0.025854    0.137198    3.666910 v rebuffer218/X (sky130_fd_sc_hd__buf_6)
                                                         net218 (net)
                      0.025854    0.000232    3.667143 v _1273_/A1 (sky130_fd_sc_hd__a221o_2)
     3    0.008883    0.069666    0.364578    4.031721 v _1273_/X (sky130_fd_sc_hd__a221o_2)
                                                         _0439_ (net)
                      0.069727    0.000324    4.032044 v _1292_/A1 (sky130_fd_sc_hd__a21bo_2)
     2    0.009117    0.050107    0.216682    4.248727 v _1292_/X (sky130_fd_sc_hd__a21bo_2)
                                                         _0457_ (net)
                      0.050107    0.000175    4.248902 v _1308_/B1_N (sky130_fd_sc_hd__a21boi_4)
     1    0.009429    0.080859    0.143357    4.392259 v _1308_/Y (sky130_fd_sc_hd__a21boi_4)
                                                         _0472_ (net)
                      0.080859    0.000288    4.392547 v _1309_/B (sky130_fd_sc_hd__xnor2_2)
     1    0.005727    0.068500    0.145010    4.537557 v _1309_/Y (sky130_fd_sc_hd__xnor2_2)
                                                         _0473_ (net)
                      0.068500    0.000220    4.537777 v _1325_/A1 (sky130_fd_sc_hd__a211o_4)
     2    0.011028    0.059358    0.339636    4.877413 v _1325_/X (sky130_fd_sc_hd__a211o_4)
                                                         net71 (net)
                      0.059368    0.000485    4.877898 v output71/A (sky130_fd_sc_hd__buf_8)
     1    0.035444    0.040765    0.140618    5.018516 v output71/X (sky130_fd_sc_hd__buf_8)
                                                         result[11] (net)
                      0.040812    0.001235    5.019751 v result[11] (out)
                                              5.019751   data arrival time

                      0.000000   10.000000   10.000000   clock __VIRTUAL_CLK__ (rise edge)
                                  0.000000   10.000000   clock network delay (ideal)
                                 -0.250000    9.750000   clock uncertainty
                                  0.000000    9.750000   clock reconvergence pessimism
                                 -2.000000    7.750000   output external delay
                                              7.750000   data required time
---------------------------------------------------------------------------------------------
                                              7.750000   data required time
                                             -5.019751   data arrival time
---------------------------------------------------------------------------------------------
                                              2.730249   slack (MET)


Startpoint: B[0] (input port clocked by __VIRTUAL_CLK__)
Endpoint: result[9] (output port clocked by __VIRTUAL_CLK__)
Path Group: __VIRTUAL_CLK__
Path Type: max

Fanout         Cap        Slew       Delay        Time   Description
---------------------------------------------------------------------------------------------
                      0.000000    0.000000    0.000000   clock __VIRTUAL_CLK__ (rise edge)
                                  0.000000    0.000000   clock network delay (ideal)
                                  2.000000    2.000000 ^ input external delay
     1    0.009032    0.047117    0.030937    2.030937 ^ B[0] (in)
                                                         B[0] (net)
                      0.047119    0.000000    2.030937 ^ input33/A (sky130_fd_sc_hd__buf_8)
     2    0.021735    0.047139    0.101829    2.132766 ^ input33/X (sky130_fd_sc_hd__buf_8)
                                                         net33 (net)
                      0.047179    0.001198    2.133965 ^ fanout192/A (sky130_fd_sc_hd__buf_8)
     2    0.013449    0.035485    0.092573    2.226538 ^ fanout192/X (sky130_fd_sc_hd__buf_8)
                                                         net192 (net)
                      0.035486    0.000211    2.226749 ^ rebuffer522/A (sky130_fd_sc_hd__buf_2)
     2    0.010849    0.062043    0.116502    2.343251 ^ rebuffer522/X (sky130_fd_sc_hd__buf_2)
                                                         net522 (net)
                      0.062044    0.000421    2.343671 ^ fanout186/A (sky130_fd_sc_hd__buf_8)
     5    0.026300    0.053858    0.112627    2.456298 ^ fanout186/X (sky130_fd_sc_hd__buf_8)
                                                         net186 (net)
                      0.053861    0.000481    2.456779 ^ load_slew187/A (sky130_fd_sc_hd__buf_8)
     2    0.011832    0.033277    0.093049    2.549827 ^ load_slew187/X (sky130_fd_sc_hd__buf_8)
                                                         net187 (net)
                      0.033279    0.000532    2.550359 ^ fanout184/A (sky130_fd_sc_hd__buf_8)
     6    0.032139    0.062411    0.109119    2.659478 ^ fanout184/X (sky130_fd_sc_hd__buf_8)
                                                         net184 (net)
                      0.062414    0.000538    2.660016 ^ load_slew185/A (sky130_fd_sc_hd__buf_6)
     4    0.023469    0.056776    0.116210    2.776227 ^ load_slew185/X (sky130_fd_sc_hd__buf_6)
                                                         net185 (net)
                      0.056804    0.001150    2.777377 ^ _1087_/S0 (sky130_fd_sc_hd__mux4_2)
     2    0.008036    0.096459    0.514685    3.292062 v _1087_/X (sky130_fd_sc_hd__mux4_2)
                                                         _0261_ (net)
                      0.096459    0.000324    3.292386 v _1089_/A0 (sky130_fd_sc_hd__mux2_4)
     2    0.005992    0.053911    0.289860    3.582246 v _1089_/X (sky130_fd_sc_hd__mux2_4)
                                                         _0263_ (net)
                      0.053911    0.000105    3.582351 v _1279_/A1 (sky130_fd_sc_hd__mux2_2)
     1    0.006063    0.057494    0.276285    3.858636 v _1279_/X (sky130_fd_sc_hd__mux2_2)
                                                         _0445_ (net)
                      0.057494    0.000294    3.858930 v _1284_/B1 (sky130_fd_sc_hd__a22o_2)
     1    0.003520    0.041617    0.208418    4.067348 v _1284_/X (sky130_fd_sc_hd__a22o_2)
                                                         _0450_ (net)
                      0.041617    0.000127    4.067474 v _1286_/B (sky130_fd_sc_hd__or3_2)
     1    0.004483    0.082996    0.451327    4.518802 v _1286_/X (sky130_fd_sc_hd__or3_2)
                                                         _0452_ (net)
                      0.082996    0.000175    4.518977 v _1291_/C (sky130_fd_sc_hd__or3_4)
     2    0.008581    0.072494    0.347241    4.866218 v _1291_/X (sky130_fd_sc_hd__or3_4)
                                                         net100 (net)
                      0.072494    0.000327    4.866545 v output100/A (sky130_fd_sc_hd__buf_6)
     1    0.035217    0.044443    0.149444    5.015989 v output100/X (sky130_fd_sc_hd__buf_6)
                                                         result[9] (net)
                      0.044480    0.001152    5.017140 v result[9] (out)
                                              5.017140   data arrival time

                      0.000000   10.000000   10.000000   clock __VIRTUAL_CLK__ (rise edge)
                                  0.000000   10.000000   clock network delay (ideal)
                                 -0.250000    9.750000   clock uncertainty
                                  0.000000    9.750000   clock reconvergence pessimism
                                 -2.000000    7.750000   output external delay
                                              7.750000   data required time
---------------------------------------------------------------------------------------------
                                              7.750000   data required time
                                             -5.017140   data arrival time
---------------------------------------------------------------------------------------------
                                              2.732860   slack (MET)


Startpoint: B[0] (input port clocked by __VIRTUAL_CLK__)
Endpoint: result[12] (output port clocked by __VIRTUAL_CLK__)
Path Group: __VIRTUAL_CLK__
Path Type: max

Fanout         Cap        Slew       Delay        Time   Description
---------------------------------------------------------------------------------------------
                      0.000000    0.000000    0.000000   clock __VIRTUAL_CLK__ (rise edge)
                                  0.000000    0.000000   clock network delay (ideal)
                                  2.000000    2.000000 ^ input external delay
     1    0.009032    0.047117    0.030937    2.030937 ^ B[0] (in)
                                                         B[0] (net)
                      0.047119    0.000000    2.030937 ^ input33/A (sky130_fd_sc_hd__buf_8)
     2    0.021735    0.047139    0.101829    2.132766 ^ input33/X (sky130_fd_sc_hd__buf_8)
                                                         net33 (net)
                      0.047160    0.000905    2.133671 ^ fanout199/A (sky130_fd_sc_hd__buf_6)
     5    0.023133    0.056163    0.110772    2.244443 ^ fanout199/X (sky130_fd_sc_hd__buf_6)
                                                         net199 (net)
                      0.056165    0.000459    2.244902 ^ fanout196/A (sky130_fd_sc_hd__buf_4)
     5    0.025299    0.079243    0.142776    2.387678 ^ fanout196/X (sky130_fd_sc_hd__buf_4)
                                                         net196 (net)
                      0.079253    0.000938    2.388617 ^ fanout193/A (sky130_fd_sc_hd__buf_6)
     5    0.024993    0.059696    0.124169    2.512786 ^ fanout193/X (sky130_fd_sc_hd__buf_6)
                                                         net193 (net)
                      0.059699    0.000528    2.513314 ^ load_slew194/A (sky130_fd_sc_hd__buf_6)
     6    0.039493    0.086317    0.136708    2.650022 ^ load_slew194/X (sky130_fd_sc_hd__buf_6)
                                                         net194 (net)
                      0.086426    0.002011    2.652033 ^ _1264_/S0 (sky130_fd_sc_hd__mux4_2)
     2    0.009448    0.101105    0.531478    3.183511 v _1264_/X (sky130_fd_sc_hd__mux4_2)
                                                         _0431_ (net)
                      0.101175    0.000495    3.184006 v _1339_/A0 (sky130_fd_sc_hd__mux2_2)
     2    0.005897    0.057118    0.290747    3.474753 v _1339_/X (sky130_fd_sc_hd__mux2_2)
                                                         _0502_ (net)
                      0.057118    0.000209    3.474963 v _1340_/A1 (sky130_fd_sc_hd__mux2_2)
     2    0.008072    0.062436    0.285816    3.760779 v _1340_/X (sky130_fd_sc_hd__mux2_2)
                                                         _0503_ (net)
                      0.062436    0.000263    3.761042 v _1344_/A2 (sky130_fd_sc_hd__a22o_2)
     1    0.009236    0.055691    0.281334    4.042376 v _1344_/X (sky130_fd_sc_hd__a22o_2)
                                                         _0507_ (net)
                      0.055693    0.000363    4.042739 v _1347_/A (sky130_fd_sc_hd__or3_2)
     1    0.002733    0.074737    0.466195    4.508934 v _1347_/X (sky130_fd_sc_hd__or3_2)
                                                         _0510_ (net)
                      0.074737    0.000061    4.508995 v _1348_/C (sky130_fd_sc_hd__or3_4)
     2    0.010709    0.075895    0.350922    4.859917 v _1348_/X (sky130_fd_sc_hd__or3_4)
                                                         net72 (net)
                      0.075895    0.000432    4.860349 v output72/A (sky130_fd_sc_hd__buf_6)
     1    0.035264    0.044487    0.151036    5.011384 v output72/X (sky130_fd_sc_hd__buf_6)
                                                         result[12] (net)
                      0.044525    0.001172    5.012556 v result[12] (out)
                                              5.012556   data arrival time

                      0.000000   10.000000   10.000000   clock __VIRTUAL_CLK__ (rise edge)
                                  0.000000   10.000000   clock network delay (ideal)
                                 -0.250000    9.750000   clock uncertainty
                                  0.000000    9.750000   clock reconvergence pessimism
                                 -2.000000    7.750000   output external delay
                                              7.750000   data required time
---------------------------------------------------------------------------------------------
                                              7.750000   data required time
                                             -5.012556   data arrival time
---------------------------------------------------------------------------------------------
                                              2.737444   slack (MET)


Startpoint: B[0] (input port clocked by __VIRTUAL_CLK__)
Endpoint: result[7] (output port clocked by __VIRTUAL_CLK__)
Path Group: __VIRTUAL_CLK__
Path Type: max

Fanout         Cap        Slew       Delay        Time   Description
---------------------------------------------------------------------------------------------
                      0.000000    0.000000    0.000000   clock __VIRTUAL_CLK__ (rise edge)
                                  0.000000    0.000000   clock network delay (ideal)
                                  2.000000    2.000000 v input external delay
     1    0.008371    0.020959    0.013611    2.013611 v B[0] (in)
                                                         B[0] (net)
                      0.020962    0.000000    2.013611 v input33/A (sky130_fd_sc_hd__buf_8)
     2    0.020595    0.030924    0.113544    2.127155 v input33/X (sky130_fd_sc_hd__buf_8)
                                                         net33 (net)
                      0.031008    0.001124    2.128279 v fanout192/A (sky130_fd_sc_hd__buf_8)
     2    0.012810    0.026611    0.112281    2.240560 v fanout192/X (sky130_fd_sc_hd__buf_8)
                                                         net192 (net)
                      0.026611    0.000494    2.241054 v fanout190/A (sky130_fd_sc_hd__buf_6)
     2    0.007472    0.023558    0.104159    2.345212 v fanout190/X (sky130_fd_sc_hd__buf_6)
                                                         net190 (net)
                      0.023558    0.000185    2.345398 v load_slew191/A (sky130_fd_sc_hd__buf_6)
     3    0.016333    0.030802    0.112334    2.457732 v load_slew191/X (sky130_fd_sc_hd__buf_6)
                                                         net191 (net)
                      0.030856    0.001128    2.458861 v fanout188/A (sky130_fd_sc_hd__buf_8)
     5    0.025596    0.034034    0.121422    2.580282 v fanout188/X (sky130_fd_sc_hd__buf_8)
                                                         net188 (net)
                      0.034037    0.000363    2.580646 v load_slew189/A (sky130_fd_sc_hd__buf_8)
     4    0.012380    0.026366    0.113324    2.693970 v load_slew189/X (sky130_fd_sc_hd__buf_8)
                                                         net189 (net)
                      0.026366    0.000345    2.694315 v rebuffer632/A (sky130_fd_sc_hd__buf_2)
     1    0.004801    0.028175    0.112250    2.806566 v rebuffer632/X (sky130_fd_sc_hd__buf_2)
                                                         net632 (net)
                      0.028175    0.000106    2.806671 v rebuffer230/A (sky130_fd_sc_hd__buf_6)
     2    0.010061    0.025433    0.107688    2.914360 v rebuffer230/X (sky130_fd_sc_hd__buf_6)
                                                         net230 (net)
                      0.025433    0.000312    2.914671 v rebuffer523/A (sky130_fd_sc_hd__buf_4)
     1    0.005974    0.027834    0.122639    3.037311 v rebuffer523/X (sky130_fd_sc_hd__buf_4)
                                                         net523 (net)
                      0.027834    0.000154    3.037465 v _1142_/S0 (sky130_fd_sc_hd__mux4_2)
     4    0.019052    0.125967    0.483914    3.521379 v _1142_/X (sky130_fd_sc_hd__mux4_2)
                                                         _0314_ (net)
                      0.125971    0.000861    3.522240 v _1243_/A0 (sky130_fd_sc_hd__mux2_2)
     2    0.005983    0.057060    0.300934    3.823174 v _1243_/X (sky130_fd_sc_hd__mux2_2)
                                                         _0411_ (net)
                      0.057060    0.000107    3.823280 v _1248_/A2 (sky130_fd_sc_hd__o221a_2)
     1    0.007210    0.053901    0.282586    4.105866 v _1248_/X (sky130_fd_sc_hd__o221a_2)
                                                         _0416_ (net)
                      0.053903    0.000405    4.106271 v _1249_/C (sky130_fd_sc_hd__or3_2)
     1    0.002650    0.074502    0.402081    4.508352 v _1249_/X (sky130_fd_sc_hd__or3_2)
                                                         _0417_ (net)
                      0.074502    0.000058    4.508410 v _1250_/C (sky130_fd_sc_hd__or3_4)
     2    0.009316    0.073520    0.346653    4.855063 v _1250_/X (sky130_fd_sc_hd__or3_4)
                                                         net98 (net)
                      0.073520    0.000349    4.855412 v output98/A (sky130_fd_sc_hd__buf_6)
     1    0.035850    0.044973    0.150245    5.005656 v output98/X (sky130_fd_sc_hd__buf_6)
                                                         result[7] (net)
                      0.045028    0.001394    5.007051 v result[7] (out)
                                              5.007051   data arrival time

                      0.000000   10.000000   10.000000   clock __VIRTUAL_CLK__ (rise edge)
                                  0.000000   10.000000   clock network delay (ideal)
                                 -0.250000    9.750000   clock uncertainty
                                  0.000000    9.750000   clock reconvergence pessimism
                                 -2.000000    7.750000   output external delay
                                              7.750000   data required time
---------------------------------------------------------------------------------------------
                                              7.750000   data required time
                                             -5.007051   data arrival time
---------------------------------------------------------------------------------------------
                                              2.742949   slack (MET)


Startpoint: B[4] (input port clocked by __VIRTUAL_CLK__)
Endpoint: result[15] (output port clocked by __VIRTUAL_CLK__)
Path Group: __VIRTUAL_CLK__
Path Type: max

Fanout         Cap        Slew       Delay        Time   Description
---------------------------------------------------------------------------------------------
                      0.000000    0.000000    0.000000   clock __VIRTUAL_CLK__ (rise edge)
                                  0.000000    0.000000   clock network delay (ideal)
                                  2.000000    2.000000 ^ input external delay
     1    0.009471    0.049075    0.032376    2.032376 ^ B[4] (in)
                                                         B[4] (net)
                      0.049077    0.000000    2.032376 ^ input59/A (sky130_fd_sc_hd__buf_8)
     4    0.024832    0.051774    0.105843    2.138218 ^ input59/X (sky130_fd_sc_hd__buf_8)
                                                         net59 (net)
                      0.051827    0.000719    2.138937 ^ fanout158/A (sky130_fd_sc_hd__buf_6)
     2    0.011751    0.036059    0.095485    2.234422 ^ fanout158/X (sky130_fd_sc_hd__buf_6)
                                                         net158 (net)
                      0.036063    0.000368    2.234790 ^ fanout157/A (sky130_fd_sc_hd__buf_8)
     4    0.019425    0.043801    0.095400    2.330190 ^ fanout157/X (sky130_fd_sc_hd__buf_8)
                                                         net157 (net)
                      0.043818    0.000785    2.330975 ^ _0970_/A (sky130_fd_sc_hd__or2_4)
     2    0.013224    0.053670    0.124777    2.455752 ^ _0970_/X (sky130_fd_sc_hd__or2_4)
                                                         _0145_ (net)
                      0.053672    0.000445    2.456197 ^ _0971_/B (sky130_fd_sc_hd__nand2_4)
     2    0.009076    0.032828    0.050816    2.507012 v _0971_/Y (sky130_fd_sc_hd__nand2_4)
                                                         _0146_ (net)
                      0.032828    0.000207    2.507220 v rebuffer344/A (sky130_fd_sc_hd__buf_2)
     2    0.006558    0.031667    0.119430    2.626650 v rebuffer344/X (sky130_fd_sc_hd__buf_2)
                                                         net344 (net)
                      0.031668    0.000226    2.626877 v _1254_/B (sky130_fd_sc_hd__or4_4)
     1    0.005389    0.086056    0.504185    3.131062 v _1254_/X (sky130_fd_sc_hd__or4_4)
                                                         _0421_ (net)
                      0.086057    0.000139    3.131201 v _1257_/A2 (sky130_fd_sc_hd__o31a_4)
     2    0.012483    0.060501    0.356523    3.487725 v _1257_/X (sky130_fd_sc_hd__o31a_4)
                                                         _0424_ (net)
                      0.060541    0.000475    3.488199 v rebuffer238/A (sky130_fd_sc_hd__buf_2)
     4    0.016015    0.050984    0.153173    3.641372 v rebuffer238/X (sky130_fd_sc_hd__buf_2)
                                                         net238 (net)
                      0.050988    0.000484    3.641855 v _1334_/A2 (sky130_fd_sc_hd__a21o_2)
     3    0.013350    0.058709    0.240746    3.882602 v _1334_/X (sky130_fd_sc_hd__a21o_2)
                                                         _0497_ (net)
                      0.058709    0.000249    3.882851 v _1355_/A2 (sky130_fd_sc_hd__a21o_2)
     3    0.010645    0.053542    0.235783    4.118634 v _1355_/X (sky130_fd_sc_hd__a21o_2)
                                                         _0517_ (net)
                      0.053542    0.000290    4.118924 v _1371_/A1 (sky130_fd_sc_hd__a21oi_2)
     3    0.010696    0.158440    0.174915    4.293839 ^ _1371_/Y (sky130_fd_sc_hd__a21oi_2)
                                                         _0532_ (net)
                      0.158440    0.000329    4.294168 ^ _1390_/A2 (sky130_fd_sc_hd__o21ai_2)
     1    0.002744    0.067170    0.062001    4.356169 v _1390_/Y (sky130_fd_sc_hd__o21ai_2)
                                                         _0550_ (net)
                      0.067170    0.000061    4.356230 v _1401_/A3 (sky130_fd_sc_hd__a31o_2)
     1    0.004440    0.041302    0.252932    4.609162 v _1401_/X (sky130_fd_sc_hd__a31o_2)
                                                         _0561_ (net)
                      0.041302    0.000139    4.609301 v _1402_/B1 (sky130_fd_sc_hd__a21o_2)
     2    0.008931    0.048825    0.200316    4.809617 v _1402_/X (sky130_fd_sc_hd__a21o_2)
                                                         net75 (net)
                      0.048829    0.000469    4.810085 v output75/A (sky130_fd_sc_hd__buf_4)
     1    0.034799    0.059665    0.170059    4.980144 v output75/X (sky130_fd_sc_hd__buf_4)
                                                         result[15] (net)
                      0.059680    0.000933    4.981077 v result[15] (out)
                                              4.981077   data arrival time

                      0.000000   10.000000   10.000000   clock __VIRTUAL_CLK__ (rise edge)
                                  0.000000   10.000000   clock network delay (ideal)
                                 -0.250000    9.750000   clock uncertainty
                                  0.000000    9.750000   clock reconvergence pessimism
                                 -2.000000    7.750000   output external delay
                                              7.750000   data required time
---------------------------------------------------------------------------------------------
                                              7.750000   data required time
                                             -4.981077   data arrival time
---------------------------------------------------------------------------------------------
                                              2.768923   slack (MET)


Startpoint: B[0] (input port clocked by __VIRTUAL_CLK__)
Endpoint: result[5] (output port clocked by __VIRTUAL_CLK__)
Path Group: __VIRTUAL_CLK__
Path Type: max

Fanout         Cap        Slew       Delay        Time   Description
---------------------------------------------------------------------------------------------
                      0.000000    0.000000    0.000000   clock __VIRTUAL_CLK__ (rise edge)
                                  0.000000    0.000000   clock network delay (ideal)
                                  2.000000    2.000000 v input external delay
     1    0.008371    0.020959    0.013611    2.013611 v B[0] (in)
                                                         B[0] (net)
                      0.020962    0.000000    2.013611 v input33/A (sky130_fd_sc_hd__buf_8)
     2    0.020595    0.030924    0.113544    2.127155 v input33/X (sky130_fd_sc_hd__buf_8)
                                                         net33 (net)
                      0.031008    0.001124    2.128279 v fanout192/A (sky130_fd_sc_hd__buf_8)
     2    0.012810    0.026611    0.112281    2.240560 v fanout192/X (sky130_fd_sc_hd__buf_8)
                                                         net192 (net)
                      0.026611    0.000494    2.241054 v fanout190/A (sky130_fd_sc_hd__buf_6)
     2    0.007472    0.023558    0.104159    2.345212 v fanout190/X (sky130_fd_sc_hd__buf_6)
                                                         net190 (net)
                      0.023558    0.000185    2.345398 v load_slew191/A (sky130_fd_sc_hd__buf_6)
     3    0.016333    0.030802    0.112334    2.457732 v load_slew191/X (sky130_fd_sc_hd__buf_6)
                                                         net191 (net)
                      0.030856    0.001128    2.458861 v fanout188/A (sky130_fd_sc_hd__buf_8)
     5    0.025596    0.034034    0.121422    2.580282 v fanout188/X (sky130_fd_sc_hd__buf_8)
                                                         net188 (net)
                      0.034037    0.000363    2.580646 v load_slew189/A (sky130_fd_sc_hd__buf_8)
     4    0.012380    0.026366    0.113324    2.693970 v load_slew189/X (sky130_fd_sc_hd__buf_8)
                                                         net189 (net)
                      0.026366    0.000353    2.694323 v _1070_/S0 (sky130_fd_sc_hd__mux4_2)
     2    0.009835    0.102475    0.445517    3.139840 v _1070_/X (sky130_fd_sc_hd__mux4_2)
                                                         _0244_ (net)
                      0.102475    0.000506    3.140346 v rebuffer216/A (sky130_fd_sc_hd__buf_2)
     2    0.004581    0.027751    0.145543    3.285888 v rebuffer216/X (sky130_fd_sc_hd__buf_2)
                                                         net216 (net)
                      0.027751    0.000068    3.285956 v _1193_/B (sky130_fd_sc_hd__or2_2)
     1    0.003533    0.056494    0.265678    3.551634 v _1193_/X (sky130_fd_sc_hd__or2_2)
                                                         _0363_ (net)
                      0.056494    0.000093    3.551727 v _1194_/B1 (sky130_fd_sc_hd__o211a_2)
     2    0.005800    0.048286    0.142433    3.694160 v _1194_/X (sky130_fd_sc_hd__o211a_2)
                                                         _0364_ (net)
                      0.048286    0.000114    3.694274 v _1196_/B1 (sky130_fd_sc_hd__a21o_2)
     1    0.002960    0.033764    0.180868    3.875142 v _1196_/X (sky130_fd_sc_hd__a21o_2)
                                                         _0366_ (net)
                      0.033764    0.000068    3.875210 v _1198_/A2 (sky130_fd_sc_hd__a22o_2)
     2    0.010785    0.060276    0.274861    4.150071 v _1198_/X (sky130_fd_sc_hd__a22o_2)
                                                         _0368_ (net)
                      0.060277    0.000298    4.150369 v _1206_/A2 (sky130_fd_sc_hd__a22o_2)
     1    0.008602    0.054091    0.278057    4.428426 v _1206_/X (sky130_fd_sc_hd__a22o_2)
                                                         _0376_ (net)
                      0.054144    0.000589    4.429015 v _1210_/B (sky130_fd_sc_hd__or3_4)
     2    0.009236    0.073469    0.377095    4.806109 v _1210_/X (sky130_fd_sc_hd__or3_4)
                                                         net96 (net)
                      0.073469    0.000354    4.806463 v output96/A (sky130_fd_sc_hd__buf_6)
     1    0.035503    0.044671    0.150083    4.956546 v output96/X (sky130_fd_sc_hd__buf_6)
                                                         result[5] (net)
                      0.044709    0.001187    4.957733 v result[5] (out)
                                              4.957733   data arrival time

                      0.000000   10.000000   10.000000   clock __VIRTUAL_CLK__ (rise edge)
                                  0.000000   10.000000   clock network delay (ideal)
                                 -0.250000    9.750000   clock uncertainty
                                  0.000000    9.750000   clock reconvergence pessimism
                                 -2.000000    7.750000   output external delay
                                              7.750000   data required time
---------------------------------------------------------------------------------------------
                                              7.750000   data required time
                                             -4.957733   data arrival time
---------------------------------------------------------------------------------------------
                                              2.792267   slack (MET)


Startpoint: B[0] (input port clocked by __VIRTUAL_CLK__)
Endpoint: result[8] (output port clocked by __VIRTUAL_CLK__)
Path Group: __VIRTUAL_CLK__
Path Type: max

Fanout         Cap        Slew       Delay        Time   Description
---------------------------------------------------------------------------------------------
                      0.000000    0.000000    0.000000   clock __VIRTUAL_CLK__ (rise edge)
                                  0.000000    0.000000   clock network delay (ideal)
                                  2.000000    2.000000 ^ input external delay
     1    0.009032    0.047117    0.030937    2.030937 ^ B[0] (in)
                                                         B[0] (net)
                      0.047119    0.000000    2.030937 ^ input33/A (sky130_fd_sc_hd__buf_8)
     2    0.021735    0.047139    0.101829    2.132766 ^ input33/X (sky130_fd_sc_hd__buf_8)
                                                         net33 (net)
                      0.047179    0.001198    2.133965 ^ fanout192/A (sky130_fd_sc_hd__buf_8)
     2    0.013449    0.035485    0.092573    2.226538 ^ fanout192/X (sky130_fd_sc_hd__buf_8)
                                                         net192 (net)
                      0.035487    0.000525    2.227063 ^ fanout190/A (sky130_fd_sc_hd__buf_6)
     2    0.008111    0.029926    0.083899    2.310962 ^ fanout190/X (sky130_fd_sc_hd__buf_6)
                                                         net190 (net)
                      0.029927    0.000203    2.311165 ^ load_slew191/A (sky130_fd_sc_hd__buf_6)
     3    0.017314    0.046037    0.095751    2.406916 ^ load_slew191/X (sky130_fd_sc_hd__buf_6)
                                                         net191 (net)
                      0.046042    0.000544    2.407460 ^ rebuffer220/A (sky130_fd_sc_hd__buf_2)
     3    0.014918    0.080133    0.134321    2.541781 ^ rebuffer220/X (sky130_fd_sc_hd__buf_2)
                                                         net220 (net)
                      0.080133    0.000394    2.542176 ^ rebuffer219/A (sky130_fd_sc_hd__buf_4)
     4    0.021149    0.068439    0.143716    2.685891 ^ rebuffer219/X (sky130_fd_sc_hd__buf_4)
                                                         net219 (net)
                      0.068444    0.000645    2.686536 ^ _0843_/S0 (sky130_fd_sc_hd__mux4_2)
     3    0.016033    0.119083    0.555015    3.241551 v _0843_/X (sky130_fd_sc_hd__mux4_2)
                                                         _0018_ (net)
                      0.119083    0.001203    3.242754 v _0844_/A1 (sky130_fd_sc_hd__mux2_4)
     2    0.005516    0.053438    0.286761    3.529516 v _0844_/X (sky130_fd_sc_hd__mux2_4)
                                                         _0019_ (net)
                      0.053438    0.000130    3.529645 v _1260_/A2 (sky130_fd_sc_hd__a21o_2)
     2    0.009376    0.050020    0.229526    3.759172 v _1260_/X (sky130_fd_sc_hd__a21o_2)
                                                         _0427_ (net)
                      0.050021    0.000324    3.759496 v _1261_/C (sky130_fd_sc_hd__and3_4)
     1    0.008316    0.037754    0.183122    3.942618 v _1261_/X (sky130_fd_sc_hd__and3_4)
                                                         _0428_ (net)
                      0.037754    0.000554    3.943172 v _1263_/B1 (sky130_fd_sc_hd__a211o_2)
     1    0.003459    0.048638    0.297914    4.241086 v _1263_/X (sky130_fd_sc_hd__a211o_2)
                                                         _0430_ (net)
                      0.048638    0.000115    4.241201 v _1271_/B (sky130_fd_sc_hd__or4b_4)
     2    0.012329    0.098670    0.536778    4.777979 v _1271_/X (sky130_fd_sc_hd__or4b_4)
                                                         net99 (net)
                      0.098670    0.000617    4.778596 v output99/A (sky130_fd_sc_hd__buf_8)
     1    0.035000    0.040531    0.158138    4.936734 v output99/X (sky130_fd_sc_hd__buf_8)
                                                         result[8] (net)
                      0.040565    0.001065    4.937799 v result[8] (out)
                                              4.937799   data arrival time

                      0.000000   10.000000   10.000000   clock __VIRTUAL_CLK__ (rise edge)
                                  0.000000   10.000000   clock network delay (ideal)
                                 -0.250000    9.750000   clock uncertainty
                                  0.000000    9.750000   clock reconvergence pessimism
                                 -2.000000    7.750000   output external delay
                                              7.750000   data required time
---------------------------------------------------------------------------------------------
                                              7.750000   data required time
                                             -4.937799   data arrival time
---------------------------------------------------------------------------------------------
                                              2.812200   slack (MET)


Startpoint: B[0] (input port clocked by __VIRTUAL_CLK__)
Endpoint: result[13] (output port clocked by __VIRTUAL_CLK__)
Path Group: __VIRTUAL_CLK__
Path Type: max

Fanout         Cap        Slew       Delay        Time   Description
---------------------------------------------------------------------------------------------
                      0.000000    0.000000    0.000000   clock __VIRTUAL_CLK__ (rise edge)
                                  0.000000    0.000000   clock network delay (ideal)
                                  2.000000    2.000000 ^ input external delay
     1    0.009032    0.047117    0.030937    2.030937 ^ B[0] (in)
                                                         B[0] (net)
                      0.047119    0.000000    2.030937 ^ input33/A (sky130_fd_sc_hd__buf_8)
     2    0.021735    0.047139    0.101829    2.132766 ^ input33/X (sky130_fd_sc_hd__buf_8)
                                                         net33 (net)
                      0.047179    0.001198    2.133965 ^ fanout192/A (sky130_fd_sc_hd__buf_8)
     2    0.013449    0.035485    0.092573    2.226538 ^ fanout192/X (sky130_fd_sc_hd__buf_8)
                                                         net192 (net)
                      0.035486    0.000211    2.226749 ^ rebuffer522/A (sky130_fd_sc_hd__buf_2)
     2    0.010849    0.062043    0.116502    2.343251 ^ rebuffer522/X (sky130_fd_sc_hd__buf_2)
                                                         net522 (net)
                      0.062044    0.000421    2.343671 ^ fanout186/A (sky130_fd_sc_hd__buf_8)
     5    0.026300    0.053858    0.112627    2.456298 ^ fanout186/X (sky130_fd_sc_hd__buf_8)
                                                         net186 (net)
                      0.053861    0.000481    2.456779 ^ load_slew187/A (sky130_fd_sc_hd__buf_8)
     2    0.011832    0.033277    0.093049    2.549827 ^ load_slew187/X (sky130_fd_sc_hd__buf_8)
                                                         net187 (net)
                      0.033279    0.000532    2.550359 ^ fanout184/A (sky130_fd_sc_hd__buf_8)
     6    0.032139    0.062411    0.109119    2.659478 ^ fanout184/X (sky130_fd_sc_hd__buf_8)
                                                         net184 (net)
                      0.062414    0.000538    2.660016 ^ load_slew185/A (sky130_fd_sc_hd__buf_6)
     4    0.023469    0.056776    0.116210    2.776227 ^ load_slew185/X (sky130_fd_sc_hd__buf_6)
                                                         net185 (net)
                      0.056804    0.001150    2.777377 ^ _1087_/S0 (sky130_fd_sc_hd__mux4_2)
     2    0.008036    0.096459    0.514685    3.292062 v _1087_/X (sky130_fd_sc_hd__mux4_2)
                                                         _0261_ (net)
                      0.096459    0.000325    3.292387 v rebuffer222/A (sky130_fd_sc_hd__buf_2)
     2    0.005034    0.028604    0.143969    3.436356 v rebuffer222/X (sky130_fd_sc_hd__buf_2)
                                                         net222 (net)
                      0.028604    0.000126    3.436482 v _1357_/A2 (sky130_fd_sc_hd__mux4_2)
     1    0.002998    0.080010    0.442337    3.878820 v _1357_/X (sky130_fd_sc_hd__mux4_2)
                                                         _0519_ (net)
                      0.080010    0.000070    3.878889 v _1365_/A2 (sky130_fd_sc_hd__a221o_2)
     1    0.002535    0.050858    0.385100    4.263990 v _1365_/X (sky130_fd_sc_hd__a221o_2)
                                                         _0527_ (net)
                      0.050858    0.000053    4.264042 v _1366_/B1 (sky130_fd_sc_hd__a21o_2)
     1    0.010630    0.053501    0.208904    4.472947 v _1366_/X (sky130_fd_sc_hd__a21o_2)
                                                         _0528_ (net)
                      0.053502    0.000392    4.473339 v _1367_/C1 (sky130_fd_sc_hd__a211o_2)
     2    0.010258    0.067937    0.294034    4.767373 v _1367_/X (sky130_fd_sc_hd__a211o_2)
                                                         net73 (net)
                      0.067937    0.000238    4.767611 v output73/A (sky130_fd_sc_hd__buf_6)
     1    0.035955    0.045058    0.147710    4.915321 v output73/X (sky130_fd_sc_hd__buf_6)
                                                         result[13] (net)
                      0.045117    0.001452    4.916773 v result[13] (out)
                                              4.916773   data arrival time

                      0.000000   10.000000   10.000000   clock __VIRTUAL_CLK__ (rise edge)
                                  0.000000   10.000000   clock network delay (ideal)
                                 -0.250000    9.750000   clock uncertainty
                                  0.000000    9.750000   clock reconvergence pessimism
                                 -2.000000    7.750000   output external delay
                                              7.750000   data required time
---------------------------------------------------------------------------------------------
                                              7.750000   data required time
                                             -4.916773   data arrival time
---------------------------------------------------------------------------------------------
                                              2.833227   slack (MET)


Startpoint: B[0] (input port clocked by __VIRTUAL_CLK__)
Endpoint: result[4] (output port clocked by __VIRTUAL_CLK__)
Path Group: __VIRTUAL_CLK__
Path Type: max

Fanout         Cap        Slew       Delay        Time   Description
---------------------------------------------------------------------------------------------
                      0.000000    0.000000    0.000000   clock __VIRTUAL_CLK__ (rise edge)
                                  0.000000    0.000000   clock network delay (ideal)
                                  2.000000    2.000000 v input external delay
     1    0.008371    0.020959    0.013611    2.013611 v B[0] (in)
                                                         B[0] (net)
                      0.020962    0.000000    2.013611 v input33/A (sky130_fd_sc_hd__buf_8)
     2    0.020595    0.030924    0.113544    2.127155 v input33/X (sky130_fd_sc_hd__buf_8)
                                                         net33 (net)
                      0.031008    0.001124    2.128279 v fanout192/A (sky130_fd_sc_hd__buf_8)
     2    0.012810    0.026611    0.112281    2.240560 v fanout192/X (sky130_fd_sc_hd__buf_8)
                                                         net192 (net)
                      0.026611    0.000494    2.241054 v fanout190/A (sky130_fd_sc_hd__buf_6)
     2    0.007472    0.023558    0.104159    2.345212 v fanout190/X (sky130_fd_sc_hd__buf_6)
                                                         net190 (net)
                      0.023558    0.000185    2.345398 v load_slew191/A (sky130_fd_sc_hd__buf_6)
     3    0.016333    0.030802    0.112334    2.457732 v load_slew191/X (sky130_fd_sc_hd__buf_6)
                                                         net191 (net)
                      0.030856    0.001128    2.458861 v fanout188/A (sky130_fd_sc_hd__buf_8)
     5    0.025596    0.034034    0.121422    2.580282 v fanout188/X (sky130_fd_sc_hd__buf_8)
                                                         net188 (net)
                      0.034037    0.000363    2.580646 v load_slew189/A (sky130_fd_sc_hd__buf_8)
     4    0.012380    0.026366    0.113324    2.693970 v load_slew189/X (sky130_fd_sc_hd__buf_8)
                                                         net189 (net)
                      0.026366    0.000302    2.694272 v rebuffer242/A (sky130_fd_sc_hd__buf_2)
     1    0.005674    0.029859    0.114443    2.808715 v rebuffer242/X (sky130_fd_sc_hd__buf_2)
                                                         net242 (net)
                      0.029860    0.000133    2.808848 v _0838_/S0 (sky130_fd_sc_hd__mux4_2)
     3    0.016515    0.120089    0.475698    3.284546 v _0838_/X (sky130_fd_sc_hd__mux4_2)
                                                         _0013_ (net)
                      0.120089    0.000800    3.285346 v _1174_/A0 (sky130_fd_sc_hd__mux2_4)
     2    0.006413    0.054712    0.299445    3.584791 v _1174_/X (sky130_fd_sc_hd__mux2_4)
                                                         _0345_ (net)
                      0.054712    0.000261    3.585052 v _1178_/A0 (sky130_fd_sc_hd__mux2_1)
     1    0.005524    0.068350    0.299429    3.884481 v _1178_/X (sky130_fd_sc_hd__mux2_1)
                                                         _0349_ (net)
                      0.068350    0.000190    3.884671 v _1180_/A2 (sky130_fd_sc_hd__a22o_4)
     2    0.012393    0.049684    0.274596    4.159267 v _1180_/X (sky130_fd_sc_hd__a22o_4)
                                                         _0351_ (net)
                      0.049686    0.000412    4.159679 v _1189_/A2 (sky130_fd_sc_hd__a211o_2)
     1    0.004298    0.052350    0.330969    4.490648 v _1189_/X (sky130_fd_sc_hd__a211o_2)
                                                         _0360_ (net)
                      0.052350    0.000159    4.490807 v _1190_/B1 (sky130_fd_sc_hd__a31o_2)
     2    0.006425    0.045747    0.223478    4.714284 v _1190_/X (sky130_fd_sc_hd__a31o_2)
                                                         net95 (net)
                      0.045747    0.000232    4.714517 v output95/A (sky130_fd_sc_hd__clkbuf_2)
     1    0.034473    0.132547    0.188806    4.903323 v output95/X (sky130_fd_sc_hd__clkbuf_2)
                                                         result[4] (net)
                      0.132554    0.001044    4.904367 v result[4] (out)
                                              4.904367   data arrival time

                      0.000000   10.000000   10.000000   clock __VIRTUAL_CLK__ (rise edge)
                                  0.000000   10.000000   clock network delay (ideal)
                                 -0.250000    9.750000   clock uncertainty
                                  0.000000    9.750000   clock reconvergence pessimism
                                 -2.000000    7.750000   output external delay
                                              7.750000   data required time
---------------------------------------------------------------------------------------------
                                              7.750000   data required time
                                             -4.904367   data arrival time
---------------------------------------------------------------------------------------------
                                              2.845633   slack (MET)


Startpoint: B[4] (input port clocked by __VIRTUAL_CLK__)
Endpoint: result[14] (output port clocked by __VIRTUAL_CLK__)
Path Group: __VIRTUAL_CLK__
Path Type: max

Fanout         Cap        Slew       Delay        Time   Description
---------------------------------------------------------------------------------------------
                      0.000000    0.000000    0.000000   clock __VIRTUAL_CLK__ (rise edge)
                                  0.000000    0.000000   clock network delay (ideal)
                                  2.000000    2.000000 ^ input external delay
     1    0.009471    0.049075    0.032376    2.032376 ^ B[4] (in)
                                                         B[4] (net)
                      0.049077    0.000000    2.032376 ^ input59/A (sky130_fd_sc_hd__buf_8)
     4    0.024832    0.051774    0.105843    2.138218 ^ input59/X (sky130_fd_sc_hd__buf_8)
                                                         net59 (net)
                      0.051827    0.000719    2.138937 ^ fanout158/A (sky130_fd_sc_hd__buf_6)
     2    0.011751    0.036059    0.095485    2.234422 ^ fanout158/X (sky130_fd_sc_hd__buf_6)
                                                         net158 (net)
                      0.036063    0.000368    2.234790 ^ fanout157/A (sky130_fd_sc_hd__buf_8)
     4    0.019425    0.043801    0.095400    2.330190 ^ fanout157/X (sky130_fd_sc_hd__buf_8)
                                                         net157 (net)
                      0.043818    0.000785    2.330975 ^ _0970_/A (sky130_fd_sc_hd__or2_4)
     2    0.013224    0.053670    0.124777    2.455752 ^ _0970_/X (sky130_fd_sc_hd__or2_4)
                                                         _0145_ (net)
                      0.053672    0.000445    2.456197 ^ _0971_/B (sky130_fd_sc_hd__nand2_4)
     2    0.009076    0.032828    0.050816    2.507012 v _0971_/Y (sky130_fd_sc_hd__nand2_4)
                                                         _0146_ (net)
                      0.032828    0.000207    2.507220 v rebuffer344/A (sky130_fd_sc_hd__buf_2)
     2    0.006558    0.031667    0.119430    2.626650 v rebuffer344/X (sky130_fd_sc_hd__buf_2)
                                                         net344 (net)
                      0.031668    0.000226    2.626877 v _1254_/B (sky130_fd_sc_hd__or4_4)
     1    0.005389    0.086056    0.504185    3.131062 v _1254_/X (sky130_fd_sc_hd__or4_4)
                                                         _0421_ (net)
                      0.086057    0.000139    3.131201 v _1257_/A2 (sky130_fd_sc_hd__o31a_4)
     2    0.012483    0.060501    0.356523    3.487725 v _1257_/X (sky130_fd_sc_hd__o31a_4)
                                                         _0424_ (net)
                      0.060541    0.000475    3.488199 v rebuffer238/A (sky130_fd_sc_hd__buf_2)
     4    0.016015    0.050984    0.153173    3.641372 v rebuffer238/X (sky130_fd_sc_hd__buf_2)
                                                         net238 (net)
                      0.050988    0.000484    3.641855 v _1334_/A2 (sky130_fd_sc_hd__a21o_2)
     3    0.013350    0.058709    0.240746    3.882602 v _1334_/X (sky130_fd_sc_hd__a21o_2)
                                                         _0497_ (net)
                      0.058709    0.000249    3.882851 v _1355_/A2 (sky130_fd_sc_hd__a21o_2)
     3    0.010645    0.053542    0.235783    4.118634 v _1355_/X (sky130_fd_sc_hd__a21o_2)
                                                         _0517_ (net)
                      0.053542    0.000266    4.118899 v _1372_/A2 (sky130_fd_sc_hd__a31o_2)
     1    0.003806    0.040020    0.231508    4.350408 v _1372_/X (sky130_fd_sc_hd__a31o_2)
                                                         _0533_ (net)
                      0.040020    0.000135    4.350542 v _1385_/A2 (sky130_fd_sc_hd__o211a_2)
     1    0.005307    0.047217    0.240011    4.590553 v _1385_/X (sky130_fd_sc_hd__o211a_2)
                                                         _0546_ (net)
                      0.047217    0.000189    4.590742 v _1386_/B1 (sky130_fd_sc_hd__o21ai_2)
     2    0.007700    0.137064    0.067739    4.658481 ^ _1386_/Y (sky130_fd_sc_hd__o21ai_2)
                                                         net74 (net)
                      0.137065    0.000315    4.658797 ^ output74/A (sky130_fd_sc_hd__clkbuf_2)
     1    0.034971    0.192627    0.241283    4.900079 ^ output74/X (sky130_fd_sc_hd__clkbuf_2)
                                                         result[14] (net)
                      0.192629    0.001056    4.901135 ^ result[14] (out)
                                              4.901135   data arrival time

                      0.000000   10.000000   10.000000   clock __VIRTUAL_CLK__ (rise edge)
                                  0.000000   10.000000   clock network delay (ideal)
                                 -0.250000    9.750000   clock uncertainty
                                  0.000000    9.750000   clock reconvergence pessimism
                                 -2.000000    7.750000   output external delay
                                              7.750000   data required time
---------------------------------------------------------------------------------------------
                                              7.750000   data required time
                                             -4.901135   data arrival time
---------------------------------------------------------------------------------------------
                                              2.848865   slack (MET)


Startpoint: B[0] (input port clocked by __VIRTUAL_CLK__)
Endpoint: result[1] (output port clocked by __VIRTUAL_CLK__)
Path Group: __VIRTUAL_CLK__
Path Type: max

Fanout         Cap        Slew       Delay        Time   Description
---------------------------------------------------------------------------------------------
                      0.000000    0.000000    0.000000   clock __VIRTUAL_CLK__ (rise edge)
                                  0.000000    0.000000   clock network delay (ideal)
                                  2.000000    2.000000 v input external delay
     1    0.008371    0.020959    0.013611    2.013611 v B[0] (in)
                                                         B[0] (net)
                      0.020962    0.000000    2.013611 v input33/A (sky130_fd_sc_hd__buf_8)
     2    0.020595    0.030924    0.113544    2.127155 v input33/X (sky130_fd_sc_hd__buf_8)
                                                         net33 (net)
                      0.031008    0.001124    2.128279 v fanout192/A (sky130_fd_sc_hd__buf_8)
     2    0.012810    0.026611    0.112281    2.240560 v fanout192/X (sky130_fd_sc_hd__buf_8)
                                                         net192 (net)
                      0.026611    0.000494    2.241054 v fanout190/A (sky130_fd_sc_hd__buf_6)
     2    0.007472    0.023558    0.104159    2.345212 v fanout190/X (sky130_fd_sc_hd__buf_6)
                                                         net190 (net)
                      0.023558    0.000185    2.345398 v load_slew191/A (sky130_fd_sc_hd__buf_6)
     3    0.016333    0.030802    0.112334    2.457732 v load_slew191/X (sky130_fd_sc_hd__buf_6)
                                                         net191 (net)
                      0.030856    0.001128    2.458861 v fanout188/A (sky130_fd_sc_hd__buf_8)
     5    0.025596    0.034034    0.121422    2.580282 v fanout188/X (sky130_fd_sc_hd__buf_8)
                                                         net188 (net)
                      0.034037    0.000363    2.580646 v load_slew189/A (sky130_fd_sc_hd__buf_8)
     4    0.012380    0.026366    0.113324    2.693970 v load_slew189/X (sky130_fd_sc_hd__buf_8)
                                                         net189 (net)
                      0.026366    0.000353    2.694323 v _1070_/S0 (sky130_fd_sc_hd__mux4_2)
     2    0.009835    0.102475    0.445517    3.139840 v _1070_/X (sky130_fd_sc_hd__mux4_2)
                                                         _0244_ (net)
                      0.102475    0.000616    3.140455 v _1072_/A0 (sky130_fd_sc_hd__mux2_4)
     3    0.010502    0.060071    0.303826    3.444282 v _1072_/X (sky130_fd_sc_hd__mux2_4)
                                                         _0246_ (net)
                      0.060071    0.000293    3.444575 v _1079_/A0 (sky130_fd_sc_hd__mux2_4)
     1    0.005233    0.053425    0.274742    3.719316 v _1079_/X (sky130_fd_sc_hd__mux2_4)
                                                         _0253_ (net)
                      0.053425    0.000185    3.719501 v _1086_/A1 (sky130_fd_sc_hd__a22o_4)
     2    0.009306    0.045529    0.250370    3.969871 v _1086_/X (sky130_fd_sc_hd__a22o_4)
                                                         _0260_ (net)
                      0.045529    0.000278    3.970149 v rebuffer237/A (sky130_fd_sc_hd__buf_2)
     1    0.004722    0.028019    0.120278    4.090427 v rebuffer237/X (sky130_fd_sc_hd__buf_2)
                                                         net237 (net)
                      0.028019    0.000156    4.090583 v _1110_/A2 (sky130_fd_sc_hd__a211o_2)
     2    0.008524    0.062639    0.340191    4.430774 v _1110_/X (sky130_fd_sc_hd__a211o_2)
                                                         net80 (net)
                      0.062693    0.000392    4.431166 v output80/A (sky130_fd_sc_hd__clkdlybuf4s25_1)
     1    0.034650    0.258048    0.424023    4.855188 v output80/X (sky130_fd_sc_hd__clkdlybuf4s25_1)
                                                         result[1] (net)
                      0.258048    0.000685    4.855874 v result[1] (out)
                                              4.855874   data arrival time

                      0.000000   10.000000   10.000000   clock __VIRTUAL_CLK__ (rise edge)
                                  0.000000   10.000000   clock network delay (ideal)
                                 -0.250000    9.750000   clock uncertainty
                                  0.000000    9.750000   clock reconvergence pessimism
                                 -2.000000    7.750000   output external delay
                                              7.750000   data required time
---------------------------------------------------------------------------------------------
                                              7.750000   data required time
                                             -4.855874   data arrival time
---------------------------------------------------------------------------------------------
                                              2.894126   slack (MET)


Startpoint: B[0] (input port clocked by __VIRTUAL_CLK__)
Endpoint: result[3] (output port clocked by __VIRTUAL_CLK__)
Path Group: __VIRTUAL_CLK__
Path Type: max

Fanout         Cap        Slew       Delay        Time   Description
---------------------------------------------------------------------------------------------
                      0.000000    0.000000    0.000000   clock __VIRTUAL_CLK__ (rise edge)
                                  0.000000    0.000000   clock network delay (ideal)
                                  2.000000    2.000000 v input external delay
     1    0.008371    0.020959    0.013611    2.013611 v B[0] (in)
                                                         B[0] (net)
                      0.020962    0.000000    2.013611 v input33/A (sky130_fd_sc_hd__buf_8)
     2    0.020595    0.030924    0.113544    2.127155 v input33/X (sky130_fd_sc_hd__buf_8)
                                                         net33 (net)
                      0.031008    0.001124    2.128279 v fanout192/A (sky130_fd_sc_hd__buf_8)
     2    0.012810    0.026611    0.112281    2.240560 v fanout192/X (sky130_fd_sc_hd__buf_8)
                                                         net192 (net)
                      0.026611    0.000494    2.241054 v fanout190/A (sky130_fd_sc_hd__buf_6)
     2    0.007472    0.023558    0.104159    2.345212 v fanout190/X (sky130_fd_sc_hd__buf_6)
                                                         net190 (net)
                      0.023558    0.000185    2.345398 v load_slew191/A (sky130_fd_sc_hd__buf_6)
     3    0.016333    0.030802    0.112334    2.457732 v load_slew191/X (sky130_fd_sc_hd__buf_6)
                                                         net191 (net)
                      0.030856    0.001128    2.458861 v fanout188/A (sky130_fd_sc_hd__buf_8)
     5    0.025596    0.034034    0.121422    2.580282 v fanout188/X (sky130_fd_sc_hd__buf_8)
                                                         net188 (net)
                      0.034037    0.000363    2.580646 v load_slew189/A (sky130_fd_sc_hd__buf_8)
     4    0.012380    0.026366    0.113324    2.693970 v load_slew189/X (sky130_fd_sc_hd__buf_8)
                                                         net189 (net)
                      0.026366    0.000345    2.694315 v rebuffer632/A (sky130_fd_sc_hd__buf_2)
     1    0.004801    0.028175    0.112250    2.806566 v rebuffer632/X (sky130_fd_sc_hd__buf_2)
                                                         net632 (net)
                      0.028175    0.000106    2.806671 v rebuffer230/A (sky130_fd_sc_hd__buf_6)
     2    0.010061    0.025433    0.107688    2.914360 v rebuffer230/X (sky130_fd_sc_hd__buf_6)
                                                         net230 (net)
                      0.025433    0.000312    2.914671 v rebuffer523/A (sky130_fd_sc_hd__buf_4)
     1    0.005974    0.027834    0.122639    3.037311 v rebuffer523/X (sky130_fd_sc_hd__buf_4)
                                                         net523 (net)
                      0.027834    0.000154    3.037465 v _1142_/S0 (sky130_fd_sc_hd__mux4_2)
     4    0.019052    0.125967    0.483914    3.521379 v _1142_/X (sky130_fd_sc_hd__mux4_2)
                                                         _0314_ (net)
                      0.125972    0.000924    3.522303 v _1144_/A0 (sky130_fd_sc_hd__mux2_4)
     2    0.006406    0.054697    0.301700    3.824003 v _1144_/X (sky130_fd_sc_hd__mux2_4)
                                                         _0316_ (net)
                      0.054697    0.000194    3.824197 v _1147_/A0 (sky130_fd_sc_hd__mux2_4)
     1    0.004968    0.052581    0.271928    4.096125 v _1147_/X (sky130_fd_sc_hd__mux2_4)
                                                         _0319_ (net)
                      0.052581    0.000111    4.096236 v _1150_/A2 (sky130_fd_sc_hd__a22o_4)
     2    0.015302    0.054294    0.273896    4.370132 v _1150_/X (sky130_fd_sc_hd__a22o_4)
                                                         _0322_ (net)
                      0.054299    0.000555    4.370687 v _1170_/A2 (sky130_fd_sc_hd__a21o_2)
     2    0.006071    0.041810    0.219162    4.589849 v _1170_/X (sky130_fd_sc_hd__a21o_2)
                                                         net94 (net)
                      0.041810    0.000178    4.590026 v output94/A (sky130_fd_sc_hd__dlymetal6s2s_1)
     1    0.035087    0.175417    0.249802    4.839828 v output94/X (sky130_fd_sc_hd__dlymetal6s2s_1)
                                                         result[3] (net)
                      0.175418    0.000814    4.840642 v result[3] (out)
                                              4.840642   data arrival time

                      0.000000   10.000000   10.000000   clock __VIRTUAL_CLK__ (rise edge)
                                  0.000000   10.000000   clock network delay (ideal)
                                 -0.250000    9.750000   clock uncertainty
                                  0.000000    9.750000   clock reconvergence pessimism
                                 -2.000000    7.750000   output external delay
                                              7.750000   data required time
---------------------------------------------------------------------------------------------
                                              7.750000   data required time
                                             -4.840642   data arrival time
---------------------------------------------------------------------------------------------
                                              2.909357   slack (MET)



%OL_END_REPORT
%OL_CREATE_REPORT checks.rpt

===========================================================================
report_checks -unconstrained
===========================================================================
======================= nom_tt_025C_1v80 Corner ===================================

Startpoint: B[0] (input port clocked by __VIRTUAL_CLK__)
Endpoint: zero (output port clocked by __VIRTUAL_CLK__)
Path Group: __VIRTUAL_CLK__
Path Type: max

Fanout         Cap        Slew       Delay        Time   Description
---------------------------------------------------------------------------------------------
                      0.000000    0.000000    0.000000   clock __VIRTUAL_CLK__ (rise edge)
                                  0.000000    0.000000   clock network delay (ideal)
                                  2.000000    2.000000 v input external delay
     1    0.008371    0.020959    0.013611    2.013611 v B[0] (in)
                                                         B[0] (net)
                      0.020962    0.000000    2.013611 v input33/A (sky130_fd_sc_hd__buf_8)
     2    0.020595    0.030924    0.113544    2.127155 v input33/X (sky130_fd_sc_hd__buf_8)
                                                         net33 (net)
                      0.031008    0.001124    2.128279 v fanout192/A (sky130_fd_sc_hd__buf_8)
     2    0.012810    0.026611    0.112281    2.240560 v fanout192/X (sky130_fd_sc_hd__buf_8)
                                                         net192 (net)
                      0.026611    0.000494    2.241054 v fanout190/A (sky130_fd_sc_hd__buf_6)
     2    0.007472    0.023558    0.104159    2.345212 v fanout190/X (sky130_fd_sc_hd__buf_6)
                                                         net190 (net)
                      0.023558    0.000185    2.345398 v load_slew191/A (sky130_fd_sc_hd__buf_6)
     3    0.016333    0.030802    0.112334    2.457732 v load_slew191/X (sky130_fd_sc_hd__buf_6)
                                                         net191 (net)
                      0.030856    0.001128    2.458861 v fanout188/A (sky130_fd_sc_hd__buf_8)
     5    0.025596    0.034034    0.121422    2.580282 v fanout188/X (sky130_fd_sc_hd__buf_8)
                                                         net188 (net)
                      0.034037    0.000363    2.580646 v load_slew189/A (sky130_fd_sc_hd__buf_8)
     4    0.012380    0.026366    0.113324    2.693970 v load_slew189/X (sky130_fd_sc_hd__buf_8)
                                                         net189 (net)
                      0.026366    0.000353    2.694323 v _1070_/S0 (sky130_fd_sc_hd__mux4_2)
     2    0.009835    0.102475    0.445517    3.139840 v _1070_/X (sky130_fd_sc_hd__mux4_2)
                                                         _0244_ (net)
                      0.102475    0.000616    3.140455 v _1072_/A0 (sky130_fd_sc_hd__mux2_4)
     3    0.010502    0.060071    0.303826    3.444282 v _1072_/X (sky130_fd_sc_hd__mux2_4)
                                                         _0246_ (net)
                      0.060071    0.000293    3.444575 v _1079_/A0 (sky130_fd_sc_hd__mux2_4)
     1    0.005233    0.053425    0.274742    3.719316 v _1079_/X (sky130_fd_sc_hd__mux2_4)
                                                         _0253_ (net)
                      0.053425    0.000185    3.719501 v _1086_/A1 (sky130_fd_sc_hd__a22o_4)
     2    0.009306    0.045529    0.250370    3.969871 v _1086_/X (sky130_fd_sc_hd__a22o_4)
                                                         _0260_ (net)
                      0.045529    0.000423    3.970294 v _1435_/A2 (sky130_fd_sc_hd__o21a_4)
     1    0.007261    0.037629    0.193183    4.163478 v _1435_/X (sky130_fd_sc_hd__o21a_4)
                                                         _0593_ (net)
                      0.037629    0.000388    4.163866 v _1438_/C (sky130_fd_sc_hd__or4_4)
     1    0.004444    0.083264    0.470222    4.634088 v _1438_/X (sky130_fd_sc_hd__or4_4)
                                                         _0596_ (net)
                      0.083264    0.000143    4.634231 v _1445_/C (sky130_fd_sc_hd__or3_4)
     2    0.006902    0.069830    0.342266    4.976497 v _1445_/X (sky130_fd_sc_hd__or3_4)
                                                         net77 (net)
                      0.069830    0.000245    4.976742 v _1669_/A (sky130_fd_sc_hd__or4_4)
     1    0.007355    0.089380    0.544812    5.521554 v _1669_/X (sky130_fd_sc_hd__or4_4)
                                                         _0812_ (net)
                      0.089380    0.000230    5.521784 v _1674_/D (sky130_fd_sc_hd__or4_4)
     1    0.012795    0.099085    0.453125    5.974909 v _1674_/X (sky130_fd_sc_hd__or4_4)
                                                         _0817_ (net)
                      0.099085    0.000543    5.975451 v _1677_/D (sky130_fd_sc_hd__or4_4)
     1    0.003361    0.080460    0.419695    6.395146 v _1677_/X (sky130_fd_sc_hd__or4_4)
                                                         _0820_ (net)
                      0.080460    0.000086    6.395232 v _1678_/C (sky130_fd_sc_hd__or4_4)
     1    0.008474    0.091404    0.499469    6.894701 v _1678_/X (sky130_fd_sc_hd__or4_4)
                                                         _0821_ (net)
                      0.091404    0.000210    6.894911 v _1682_/D (sky130_fd_sc_hd__nor4_4)
     1    0.006068    0.210514    0.158136    7.053047 ^ _1682_/Y (sky130_fd_sc_hd__nor4_4)
                                                         net101 (net)
                      0.210514    0.000171    7.053217 ^ output101/A (sky130_fd_sc_hd__buf_6)
     1    0.035536    0.080330    0.171324    7.224542 ^ output101/X (sky130_fd_sc_hd__buf_6)
                                                         zero (net)
                      0.080353    0.001295    7.225837 ^ zero (out)
                                              7.225837   data arrival time

                      0.000000   10.000000   10.000000   clock __VIRTUAL_CLK__ (rise edge)
                                  0.000000   10.000000   clock network delay (ideal)
                                 -0.250000    9.750000   clock uncertainty
                                  0.000000    9.750000   clock reconvergence pessimism
                                 -2.000000    7.750000   output external delay
                                              7.750000   data required time
---------------------------------------------------------------------------------------------
                                              7.750000   data required time
                                             -7.225837   data arrival time
---------------------------------------------------------------------------------------------
                                              0.524163   slack (MET)




===========================================================================
report_checks --slack_max -0.01
============================================================================
======================= nom_tt_025C_1v80 Corner ===================================

No paths found.


===========================================================================
 report_check_types -max_slew -max_cap -max_fanout -violators
============================================================================
======================= nom_tt_025C_1v80 Corner ===================================



===========================================================================
report_parasitic_annotation -report_unannotated
============================================================================
Found 0 unannotated drivers.
Found 0 partially unannotated drivers.

===========================================================================
max slew violation count 0
Writing metric design__max_slew_violation__count__corner:nom_tt_025C_1v80: 0
max fanout violation count 0
Writing metric design__max_fanout_violation__count__corner:nom_tt_025C_1v80: 0
max cap violation count 0
Writing metric design__max_cap_violation__count__corner:nom_tt_025C_1v80: 0
============================================================================

===========================================================================
check_setup -verbose -unconstrained_endpoints -multiple_clock -no_clock -no_input_delay -loops -generated_clocks
===========================================================================
%OL_END_REPORT
%OL_CREATE_REPORT power.rpt

===========================================================================
 report_power
============================================================================
======================= nom_tt_025C_1v80 Corner ===================================

Group                    Internal    Switching      Leakage        Total
                            Power        Power        Power        Power (Watts)
------------------------------------------------------------------------
Sequential           0.000000e+00 0.000000e+00 0.000000e+00 0.000000e+00   0.0%
Combinational        3.451878e-04 3.117234e-04 5.210568e-09 6.569164e-04 100.0%
Clock                0.000000e+00 0.000000e+00 3.434442e-10 3.434442e-10   0.0%
Macro                0.000000e+00 0.000000e+00 0.000000e+00 0.000000e+00   0.0%
Pad                  0.000000e+00 0.000000e+00 0.000000e+00 0.000000e+00   0.0%
------------------------------------------------------------------------
Total                3.451878e-04 3.117234e-04 5.554016e-09 6.569167e-04 100.0%
                            52.5%        47.5%         0.0%
Writing metric power__internal__total: 0.0003451877855695784
Writing metric power__switching__total: 0.0003117233864031732
Writing metric power__leakage__total: 5.554015913844523e-9
Writing metric power__total: 0.0006569167017005384

%OL_END_REPORT
%OL_CREATE_REPORT skew.min.rpt

===========================================================================
Clock Skew (Hold)
============================================================================
Writing metric clock__skew__worst_hold__corner:nom_tt_025C_1v80: 0.0
======================= nom_tt_025C_1v80 Corner ===================================

Clock __VIRTUAL_CLK__
No launch/capture paths found.

%OL_END_REPORT
%OL_CREATE_REPORT skew.max.rpt

===========================================================================
Clock Skew (Setup)
============================================================================
Writing metric clock__skew__worst_setup__corner:nom_tt_025C_1v80: 0.0
======================= nom_tt_025C_1v80 Corner ===================================

Clock __VIRTUAL_CLK__
No launch/capture paths found.

%OL_END_REPORT
%OL_CREATE_REPORT ws.min.rpt

===========================================================================
Worst Slack (Hold)
============================================================================
Writing metric timing__hold__ws__corner:nom_tt_025C_1v80: 4.403197930899495
nom_tt_025C_1v80: 4.403197930899495
%OL_END_REPORT
%OL_CREATE_REPORT ws.max.rpt

===========================================================================
Worst Slack (Setup)
============================================================================
Writing metric timing__setup__ws__corner:nom_tt_025C_1v80: 0.524162950102468
nom_tt_025C_1v80: 0.524162950102468
%OL_END_REPORT
%OL_CREATE_REPORT tns.min.rpt

===========================================================================
Total Negative Slack (Hold)
============================================================================
Writing metric timing__hold__tns__corner:nom_tt_025C_1v80: 0.0
nom_tt_025C_1v80: 0.0
%OL_END_REPORT
%OL_CREATE_REPORT tns.max.rpt

===========================================================================
Total Negative Slack (Setup)
============================================================================
Writing metric timing__setup__tns__corner:nom_tt_025C_1v80: 0.0
nom_tt_025C_1v80: 0.0
%OL_END_REPORT
%OL_CREATE_REPORT wns.min.rpt

===========================================================================
Worst Negative Slack (Hold)
============================================================================
Writing metric timing__hold__wns__corner:nom_tt_025C_1v80: 0
nom_tt_025C_1v80: 0
%OL_END_REPORT
%OL_CREATE_REPORT wns.max.rpt

===========================================================================
Worst Negative Slack (Setup)
============================================================================
Writing metric timing__setup__wns__corner:nom_tt_025C_1v80: 0.0
nom_tt_025C_1v80: 0.0
%OL_END_REPORT
%OL_CREATE_REPORT violator_list.rpt

===========================================================================
Violator List
============================================================================
Writing metric timing__hold_vio__count__corner:nom_tt_025C_1v80: 0
Writing metric timing__hold_r2r__ws__corner:nom_tt_025C_1v80: 1e30
Writing metric timing__hold_r2r_vio__count__corner:nom_tt_025C_1v80: 0
Writing metric timing__setup_vio__count__corner:nom_tt_025C_1v80: 0
Writing metric timing__setup_r2r__ws__corner:nom_tt_025C_1v80: 1e30
Writing metric timing__setup_r2r_vio__count__corner:nom_tt_025C_1v80: 0
%OL_END_REPORT
%OL_CREATE_REPORT unpropagated.rpt
__VIRTUAL_CLK__
%OL_END_REPORT
%OL_CREATE_REPORT clock.rpt
Clock: __VIRTUAL_CLK__
Sources: 
Generated: no
Virtual: yes
Propagated: no
Period: 10.000000

===========================================================================
report_clock_properties
============================================================================
Clock                   Period          Waveform
----------------------------------------------------
__VIRTUAL_CLK__      10.000000    0.000000  5.000000

===========================================================================
report_clock_latency
============================================================================
Clock __VIRTUAL_CLK__


===========================================================================
report_clock_min_period
============================================================================
__VIRTUAL_CLK__ period_min = 0.00 fmax = inf
%OL_END_REPORT
