
===========================================================================
report_checks -path_delay max (Setup)
============================================================================
======================= min_tt_025C_1v80 Corner ===================================

Startpoint: control[0] (input port clocked by __VIRTUAL_CLK__)
Endpoint: zero (output port clocked by __VIRTUAL_CLK__)
Path Group: __VIRTUAL_CLK__
Path Type: max

Fanout         Cap        Slew       Delay        Time   Description
---------------------------------------------------------------------------------------------
                      0.000000    0.000000    0.000000   clock __VIRTUAL_CLK__ (rise edge)
                                  0.000000    0.000000   clock network delay (ideal)
                                  2.000000    2.000000 v input external delay
     1    0.002892    0.008845    0.004571    2.004571 v control[0] (in)
                                                         control[0] (net)
                      0.008845    0.000000    2.004571 v input65/A (sky130_fd_sc_hd__clkdlybuf4s25_1)
     5    0.018877    0.147659    0.317752    2.322323 v input65/X (sky130_fd_sc_hd__clkdlybuf4s25_1)
                                                         net65 (net)
                      0.147659    0.000478    2.322801 v fanout156/A (sky130_fd_sc_hd__buf_4)
    10    0.036408    0.061728    0.216293    2.539094 v fanout156/X (sky130_fd_sc_hd__buf_4)
                                                         net156 (net)
                      0.061729    0.000407    2.539501 v _0865_/C (sky130_fd_sc_hd__and4b_2)
     1    0.004266    0.046419    0.226642    2.766144 v _0865_/X (sky130_fd_sc_hd__and4b_2)
                                                         _0040_ (net)
                      0.046419    0.000062    2.766206 v fanout123/A (sky130_fd_sc_hd__clkdlybuf4s25_1)
     6    0.040198    0.297652    0.446181    3.212387 v fanout123/X (sky130_fd_sc_hd__clkdlybuf4s25_1)
                                                         net123 (net)
                      0.297652    0.000627    3.213014 v fanout121/A (sky130_fd_sc_hd__buf_2)
    10    0.056862    0.136726    0.326069    3.539083 v fanout121/X (sky130_fd_sc_hd__buf_2)
                                                         net121 (net)
                      0.136726    0.000367    3.539450 v _1138_/A1 (sky130_fd_sc_hd__a221o_2)
     1    0.002575    0.050901    0.373043    3.912493 v _1138_/X (sky130_fd_sc_hd__a221o_2)
                                                         _0311_ (net)
                      0.050901    0.000023    3.912517 v _1139_/B1 (sky130_fd_sc_hd__a31o_2)
     1    0.003269    0.037767    0.210725    4.123241 v _1139_/X (sky130_fd_sc_hd__a31o_2)
                                                         _0312_ (net)
                      0.037767    0.000027    4.123268 v _1140_/B1 (sky130_fd_sc_hd__a311o_2)
     1    0.005865    0.062001    0.357371    4.480639 v _1140_/X (sky130_fd_sc_hd__a311o_2)
                                                         _0313_ (net)
                      0.062001    0.000116    4.480755 v _1141_/C1 (sky130_fd_sc_hd__a211o_2)
     2    0.008859    0.063617    0.291184    4.771939 v _1141_/X (sky130_fd_sc_hd__a211o_2)
                                                         net91 (net)
                      0.063677    0.000212    4.772151 v _1671_/B (sky130_fd_sc_hd__or4_4)
     1    0.005557    0.086203    0.515458    5.287610 v _1671_/X (sky130_fd_sc_hd__or4_4)
                                                         _0814_ (net)
                      0.086203    0.000121    5.287731 v _1672_/A (sky130_fd_sc_hd__or2_4)
     1    0.011821    0.056420    0.276454    5.564184 v _1672_/X (sky130_fd_sc_hd__or2_4)
                                                         _0815_ (net)
                      0.056420    0.000500    5.564685 v _1674_/C (sky130_fd_sc_hd__or4_4)
     1    0.024475    0.118163    0.537592    6.102277 v _1674_/X (sky130_fd_sc_hd__or4_4)
                                                         _0817_ (net)
                      0.118181    0.000579    6.102856 v _1677_/D (sky130_fd_sc_hd__or4_4)
     1    0.003723    0.081314    0.427362    6.530218 v _1677_/X (sky130_fd_sc_hd__or4_4)
                                                         _0820_ (net)
                      0.081314    0.000048    6.530265 v _1678_/C (sky130_fd_sc_hd__or4_4)
     1    0.009012    0.092355    0.501716    7.031981 v _1678_/X (sky130_fd_sc_hd__or4_4)
                                                         _0821_ (net)
                      0.092355    0.000111    7.032091 v _1682_/D (sky130_fd_sc_hd__nor4_4)
     1    0.005156    0.201891    0.150425    7.182516 ^ _1682_/Y (sky130_fd_sc_hd__nor4_4)
                                                         net101 (net)
                      0.201891    0.000025    7.182541 ^ output101/A (sky130_fd_sc_hd__buf_6)
     1    0.035914    0.081088    0.170365    7.352906 ^ output101/X (sky130_fd_sc_hd__buf_6)
                                                         zero (net)
                      0.081091    0.000650    7.353555 ^ zero (out)
                                              7.353555   data arrival time

                      0.000000   10.000000   10.000000   clock __VIRTUAL_CLK__ (rise edge)
                                  0.000000   10.000000   clock network delay (ideal)
                                 -0.250000    9.750000   clock uncertainty
                                  0.000000    9.750000   clock reconvergence pessimism
                                 -2.000000    7.750000   output external delay
                                              7.750000   data required time
---------------------------------------------------------------------------------------------
                                              7.750000   data required time
                                             -7.353555   data arrival time
---------------------------------------------------------------------------------------------
                                              0.396445   slack (MET)


Startpoint: B[1] (input port clocked by __VIRTUAL_CLK__)
Endpoint: result[27] (output port clocked by __VIRTUAL_CLK__)
Path Group: __VIRTUAL_CLK__
Path Type: max

Fanout         Cap        Slew       Delay        Time   Description
---------------------------------------------------------------------------------------------
                      0.000000    0.000000    0.000000   clock __VIRTUAL_CLK__ (rise edge)
                                  0.000000    0.000000   clock network delay (ideal)
                                  2.000000    2.000000 v input external delay
     1    0.008001    0.020130    0.012944    2.012944 v B[1] (in)
                                                         B[1] (net)
                      0.020130    0.000000    2.012944 v input44/A (sky130_fd_sc_hd__buf_8)
     3    0.019070    0.030024    0.112272    2.125216 v input44/X (sky130_fd_sc_hd__buf_8)
                                                         net44 (net)
                      0.030041    0.000624    2.125840 v fanout180/A (sky130_fd_sc_hd__buf_8)
     2    0.010787    0.025461    0.110456    2.236296 v fanout180/X (sky130_fd_sc_hd__buf_8)
                                                         net180 (net)
                      0.025461    0.000096    2.236392 v load_slew181/A (sky130_fd_sc_hd__buf_8)
     2    0.019077    0.030074    0.114361    2.350754 v load_slew181/X (sky130_fd_sc_hd__buf_8)
                                                         net181 (net)
                      0.030098    0.000770    2.351524 v fanout178/A (sky130_fd_sc_hd__buf_8)
     2    0.012135    0.026214    0.111470    2.462994 v fanout178/X (sky130_fd_sc_hd__buf_8)
                                                         net178 (net)
                      0.026214    0.000098    2.463092 v rebuffer525/A (sky130_fd_sc_hd__buf_8)
     2    0.018383    0.029673    0.114352    2.577444 v rebuffer525/X (sky130_fd_sc_hd__buf_8)
                                                         net525 (net)
                      0.029683    0.000161    2.577605 v _0958_/B (sky130_fd_sc_hd__xnor2_4)
     5    0.018043    0.190785    0.181127    2.758732 ^ _0958_/Y (sky130_fd_sc_hd__xnor2_4)
                                                         _0133_ (net)
                      0.190785    0.000155    2.758887 ^ _0960_/A1 (sky130_fd_sc_hd__a21o_4)
     2    0.008843    0.040471    0.153701    2.912589 ^ _0960_/X (sky130_fd_sc_hd__a21o_4)
                                                         _0135_ (net)
                      0.040471    0.000115    2.912704 ^ _0968_/A3 (sky130_fd_sc_hd__a31o_4)
     2    0.013010    0.060719    0.161833    3.074537 ^ _0968_/X (sky130_fd_sc_hd__a31o_4)
                                                         _0143_ (net)
                      0.060722    0.000511    3.075048 ^ _0983_/D_N (sky130_fd_sc_hd__or4b_4)
     2    0.009371    0.093532    0.472224    3.547271 v _0983_/X (sky130_fd_sc_hd__or4b_4)
                                                         _0158_ (net)
                      0.093532    0.000192    3.547463 v rebuffer218/A (sky130_fd_sc_hd__buf_6)
     2    0.012105    0.026952    0.139527    3.686990 v rebuffer218/X (sky130_fd_sc_hd__buf_6)
                                                         net218 (net)
                      0.026952    0.000272    3.687263 v _1017_/A2 (sky130_fd_sc_hd__a211o_4)
     2    0.017113    0.069588    0.349382    4.036645 v _1017_/X (sky130_fd_sc_hd__a211o_4)
                                                         _0192_ (net)
                      0.069588    0.000789    4.037434 v rebuffer381/A (sky130_fd_sc_hd__buf_6)
     3    0.014339    0.028769    0.131003    4.168437 v rebuffer381/X (sky130_fd_sc_hd__buf_6)
                                                         net381 (net)
                      0.028770    0.000175    4.168612 v _1050_/A1 (sky130_fd_sc_hd__a211o_4)
     2    0.024721    0.079167    0.352681    4.521292 v _1050_/X (sky130_fd_sc_hd__a211o_4)
                                                         _0225_ (net)
                      0.079176    0.000840    4.522132 v _1563_/A2 (sky130_fd_sc_hd__a211o_4)
     2    0.010346    0.058157    0.354018    4.876150 v _1563_/X (sky130_fd_sc_hd__a211o_4)
                                                         _0713_ (net)
                      0.058157    0.000120    4.876270 v rebuffer388/A (sky130_fd_sc_hd__buf_6)
     1    0.005611    0.022127    0.115974    4.992244 v rebuffer388/X (sky130_fd_sc_hd__buf_6)
                                                         net388 (net)
                      0.022127    0.000074    4.992317 v rebuffer384/A (sky130_fd_sc_hd__buf_6)
     1    0.005219    0.021605    0.099445    5.091762 v rebuffer384/X (sky130_fd_sc_hd__buf_6)
                                                         net384 (net)
                      0.021605    0.000059    5.091821 v rebuffer380/A (sky130_fd_sc_hd__buf_6)
     2    0.010859    0.025989    0.105806    5.197628 v rebuffer380/X (sky130_fd_sc_hd__buf_6)
                                                         net380 (net)
                      0.025999    0.000096    5.197723 v _1580_/A1 (sky130_fd_sc_hd__a21o_4)
     3    0.012007    0.042794    0.199981    5.397704 v _1580_/X (sky130_fd_sc_hd__a21o_4)
                                                         _0729_ (net)
                      0.042794    0.000081    5.397785 v rebuffer386/A (sky130_fd_sc_hd__buf_6)
     1    0.006257    0.022694    0.109927    5.507712 v rebuffer386/X (sky130_fd_sc_hd__buf_6)
                                                         net386 (net)
                      0.022694    0.000098    5.507810 v _1595_/A2 (sky130_fd_sc_hd__a21o_4)
     1    0.004975    0.033784    0.197479    5.705289 v _1595_/X (sky130_fd_sc_hd__a21o_4)
                                                         _0743_ (net)
                      0.033784    0.000023    5.705312 v _1606_/A3 (sky130_fd_sc_hd__a31o_4)
     1    0.004809    0.037772    0.228571    5.933883 v _1606_/X (sky130_fd_sc_hd__a31o_4)
                                                         _0754_ (net)
                      0.037772    0.000048    5.933931 v _1607_/B1 (sky130_fd_sc_hd__a31o_4)
     2    0.005098    0.036691    0.198856    6.132788 v _1607_/X (sky130_fd_sc_hd__a31o_4)
                                                         net88 (net)
                      0.036691    0.000048    6.132836 v rebuffer394/A (sky130_fd_sc_hd__buf_2)
     1    0.005928    0.030356    0.119549    6.252385 v rebuffer394/X (sky130_fd_sc_hd__buf_2)
                                                         net394 (net)
                      0.030356    0.000087    6.252472 v rebuffer393/A (sky130_fd_sc_hd__buf_6)
     1    0.006053    0.022529    0.104235    6.356708 v rebuffer393/X (sky130_fd_sc_hd__buf_6)
                                                         net393 (net)
                      0.022529    0.000093    6.356800 v rebuffer392/A (sky130_fd_sc_hd__buf_6)
     1    0.004614    0.020952    0.098664    6.455464 v rebuffer392/X (sky130_fd_sc_hd__buf_6)
                                                         net392 (net)
                      0.020952    0.000040    6.455504 v rebuffer391/A (sky130_fd_sc_hd__buf_6)
     1    0.005591    0.022045    0.099544    6.555048 v rebuffer391/X (sky130_fd_sc_hd__buf_6)
                                                         net391 (net)
                      0.022045    0.000069    6.555118 v rebuffer389/A (sky130_fd_sc_hd__buf_6)
     1    0.007999    0.023923    0.102786    6.657904 v rebuffer389/X (sky130_fd_sc_hd__buf_6)
                                                         net389 (net)
                      0.023923    0.000116    6.658020 v output88/A (sky130_fd_sc_hd__buf_8)
     1    0.036081    0.041198    0.125948    6.783968 v output88/X (sky130_fd_sc_hd__buf_8)
                                                         result[27] (net)
                      0.041212    0.000716    6.784685 v result[27] (out)
                                              6.784685   data arrival time

                      0.000000   10.000000   10.000000   clock __VIRTUAL_CLK__ (rise edge)
                                  0.000000   10.000000   clock network delay (ideal)
                                 -0.250000    9.750000   clock uncertainty
                                  0.000000    9.750000   clock reconvergence pessimism
                                 -2.000000    7.750000   output external delay
                                              7.750000   data required time
---------------------------------------------------------------------------------------------
                                              7.750000   data required time
                                             -6.784685   data arrival time
---------------------------------------------------------------------------------------------
                                              0.965315   slack (MET)


Startpoint: A[6] (input port clocked by __VIRTUAL_CLK__)
Endpoint: result[31] (output port clocked by __VIRTUAL_CLK__)
Path Group: __VIRTUAL_CLK__
Path Type: max

Fanout         Cap        Slew       Delay        Time   Description
---------------------------------------------------------------------------------------------
                      0.000000    0.000000    0.000000   clock __VIRTUAL_CLK__ (rise edge)
                                  0.000000    0.000000   clock network delay (ideal)
                                  2.000000    2.000000 ^ input external delay
     1    0.003235    0.021611    0.011834    2.011834 ^ A[6] (in)
                                                         A[6] (net)
                      0.021611    0.000000    2.011834 ^ input29/A (sky130_fd_sc_hd__dlygate4sd1_1)
     3    0.019909    0.196384    0.293112    2.304945 ^ input29/X (sky130_fd_sc_hd__dlygate4sd1_1)
                                                         net29 (net)
                      0.196384    0.000425    2.305370 ^ fanout204/A (sky130_fd_sc_hd__buf_6)
     2    0.019573    0.051446    0.147026    2.452396 ^ fanout204/X (sky130_fd_sc_hd__buf_6)
                                                         net204 (net)
                      0.051446    0.000177    2.452573 ^ _0981_/B (sky130_fd_sc_hd__xor2_4)
     2    0.007709    0.121154    0.149313    2.601887 ^ _0981_/X (sky130_fd_sc_hd__xor2_4)
                                                         _0156_ (net)
                      0.121154    0.000056    2.601942 ^ max_cap128/A (sky130_fd_sc_hd__buf_6)
     2    0.010524    0.034747    0.116726    2.718668 ^ max_cap128/X (sky130_fd_sc_hd__buf_6)
                                                         net128 (net)
                      0.034753    0.000210    2.718878 ^ _0982_/A (sky130_fd_sc_hd__inv_2)
     3    0.008748    0.023811    0.034561    2.753439 v _0982_/Y (sky130_fd_sc_hd__inv_2)
                                                         _0157_ (net)
                      0.023811    0.000024    2.753463 v _1254_/D (sky130_fd_sc_hd__or4_4)
     1    0.005248    0.085768    0.408841    3.162304 v _1254_/X (sky130_fd_sc_hd__or4_4)
                                                         _0421_ (net)
                      0.085768    0.000056    3.162360 v _1257_/A2 (sky130_fd_sc_hd__o31a_4)
     2    0.017488    0.068671    0.368388    3.530748 v _1257_/X (sky130_fd_sc_hd__o31a_4)
                                                         _0424_ (net)
                      0.068671    0.000694    3.531443 v _1407_/A1 (sky130_fd_sc_hd__a211o_4)
     2    0.012748    0.062073    0.344156    3.875598 v _1407_/X (sky130_fd_sc_hd__a211o_4)
                                                         _0566_ (net)
                      0.062073    0.000311    3.875910 v rebuffer249/A (sky130_fd_sc_hd__buf_6)
     4    0.021258    0.034167    0.134669    4.010578 v rebuffer249/X (sky130_fd_sc_hd__buf_6)
                                                         net249 (net)
                      0.034184    0.000442    4.011020 v _1549_/A2 (sky130_fd_sc_hd__a211o_4)
     2    0.013584    0.063420    0.343722    4.354742 v _1549_/X (sky130_fd_sc_hd__a211o_4)
                                                         _0700_ (net)
                      0.063420    0.000461    4.355203 v rebuffer247/A (sky130_fd_sc_hd__buf_6)
     3    0.017424    0.031479    0.131595    4.486798 v rebuffer247/X (sky130_fd_sc_hd__buf_6)
                                                         net247 (net)
                      0.031479    0.000142    4.486940 v _1618_/A2 (sky130_fd_sc_hd__a211oi_4)
     2    0.016703    0.270183    0.304977    4.791917 ^ _1618_/Y (sky130_fd_sc_hd__a211oi_4)
                                                         _0765_ (net)
                      0.270183    0.000510    4.792427 ^ _1622_/A3 (sky130_fd_sc_hd__o31ai_4)
     2    0.009214    0.107127    0.092620    4.885047 v _1622_/Y (sky130_fd_sc_hd__o31ai_4)
                                                         _0769_ (net)
                      0.107127    0.000105    4.885152 v _1651_/A1 (sky130_fd_sc_hd__a311o_2)
     2    0.006425    0.063540    0.347855    5.233006 v _1651_/X (sky130_fd_sc_hd__a311o_2)
                                                         _0796_ (net)
                      0.063540    0.000060    5.233067 v _1655_/A2 (sky130_fd_sc_hd__a21bo_2)
     1    0.003299    0.035743    0.214834    5.447901 v _1655_/X (sky130_fd_sc_hd__a21bo_2)
                                                         _0799_ (net)
                      0.035743    0.000036    5.447937 v _1656_/C (sky130_fd_sc_hd__and3_4)
     1    0.006416    0.035620    0.173277    5.621214 v _1656_/X (sky130_fd_sc_hd__and3_4)
                                                         _0800_ (net)
                      0.035620    0.000148    5.621363 v _1668_/C (sky130_fd_sc_hd__or4_4)
     2    0.015286    0.104035    0.509607    6.130970 v _1668_/X (sky130_fd_sc_hd__or4_4)
                                                         net93 (net)
                      0.104035    0.000242    6.131213 v rebuffer248/A (sky130_fd_sc_hd__buf_6)
     1    0.008828    0.024549    0.140770    6.271983 v rebuffer248/X (sky130_fd_sc_hd__buf_6)
                                                         net248 (net)
                      0.024549    0.000131    6.272113 v output93/A (sky130_fd_sc_hd__buf_8)
     1    0.036066    0.041201    0.126167    6.398280 v output93/X (sky130_fd_sc_hd__buf_8)
                                                         result[31] (net)
                      0.041216    0.000743    6.399023 v result[31] (out)
                                              6.399023   data arrival time

                      0.000000   10.000000   10.000000   clock __VIRTUAL_CLK__ (rise edge)
                                  0.000000   10.000000   clock network delay (ideal)
                                 -0.250000    9.750000   clock uncertainty
                                  0.000000    9.750000   clock reconvergence pessimism
                                 -2.000000    7.750000   output external delay
                                              7.750000   data required time
---------------------------------------------------------------------------------------------
                                              7.750000   data required time
                                             -6.399023   data arrival time
---------------------------------------------------------------------------------------------
                                              1.350978   slack (MET)


Startpoint: B[1] (input port clocked by __VIRTUAL_CLK__)
Endpoint: result[23] (output port clocked by __VIRTUAL_CLK__)
Path Group: __VIRTUAL_CLK__
Path Type: max

Fanout         Cap        Slew       Delay        Time   Description
---------------------------------------------------------------------------------------------
                      0.000000    0.000000    0.000000   clock __VIRTUAL_CLK__ (rise edge)
                                  0.000000    0.000000   clock network delay (ideal)
                                  2.000000    2.000000 v input external delay
     1    0.008001    0.020130    0.012944    2.012944 v B[1] (in)
                                                         B[1] (net)
                      0.020130    0.000000    2.012944 v input44/A (sky130_fd_sc_hd__buf_8)
     3    0.019070    0.030024    0.112272    2.125216 v input44/X (sky130_fd_sc_hd__buf_8)
                                                         net44 (net)
                      0.030041    0.000624    2.125840 v fanout180/A (sky130_fd_sc_hd__buf_8)
     2    0.010787    0.025461    0.110456    2.236296 v fanout180/X (sky130_fd_sc_hd__buf_8)
                                                         net180 (net)
                      0.025461    0.000096    2.236392 v load_slew181/A (sky130_fd_sc_hd__buf_8)
     2    0.019077    0.030074    0.114361    2.350754 v load_slew181/X (sky130_fd_sc_hd__buf_8)
                                                         net181 (net)
                      0.030098    0.000770    2.351524 v fanout178/A (sky130_fd_sc_hd__buf_8)
     2    0.012135    0.026214    0.111470    2.462994 v fanout178/X (sky130_fd_sc_hd__buf_8)
                                                         net178 (net)
                      0.026214    0.000098    2.463092 v rebuffer525/A (sky130_fd_sc_hd__buf_8)
     2    0.018383    0.029673    0.114352    2.577444 v rebuffer525/X (sky130_fd_sc_hd__buf_8)
                                                         net525 (net)
                      0.029683    0.000161    2.577605 v _0958_/B (sky130_fd_sc_hd__xnor2_4)
     5    0.018043    0.190785    0.181127    2.758732 ^ _0958_/Y (sky130_fd_sc_hd__xnor2_4)
                                                         _0133_ (net)
                      0.190785    0.000155    2.758887 ^ _0960_/A1 (sky130_fd_sc_hd__a21o_4)
     2    0.008843    0.040471    0.153701    2.912589 ^ _0960_/X (sky130_fd_sc_hd__a21o_4)
                                                         _0135_ (net)
                      0.040471    0.000115    2.912704 ^ _0968_/A3 (sky130_fd_sc_hd__a31o_4)
     2    0.013010    0.060719    0.161833    3.074537 ^ _0968_/X (sky130_fd_sc_hd__a31o_4)
                                                         _0143_ (net)
                      0.060722    0.000511    3.075048 ^ _0983_/D_N (sky130_fd_sc_hd__or4b_4)
     2    0.009371    0.093532    0.472224    3.547271 v _0983_/X (sky130_fd_sc_hd__or4b_4)
                                                         _0158_ (net)
                      0.093532    0.000192    3.547463 v rebuffer218/A (sky130_fd_sc_hd__buf_6)
     2    0.012105    0.026952    0.139527    3.686990 v rebuffer218/X (sky130_fd_sc_hd__buf_6)
                                                         net218 (net)
                      0.026952    0.000272    3.687263 v _1017_/A2 (sky130_fd_sc_hd__a211o_4)
     2    0.017113    0.069588    0.349382    4.036645 v _1017_/X (sky130_fd_sc_hd__a211o_4)
                                                         _0192_ (net)
                      0.069588    0.000789    4.037434 v rebuffer381/A (sky130_fd_sc_hd__buf_6)
     3    0.014339    0.028769    0.131003    4.168437 v rebuffer381/X (sky130_fd_sc_hd__buf_6)
                                                         net381 (net)
                      0.028770    0.000175    4.168612 v _1050_/A1 (sky130_fd_sc_hd__a211o_4)
     2    0.024721    0.079167    0.352681    4.521292 v _1050_/X (sky130_fd_sc_hd__a211o_4)
                                                         _0225_ (net)
                      0.079172    0.000695    4.521988 v rebuffer287/A (sky130_fd_sc_hd__buf_8)
     4    0.028818    0.036112    0.144929    4.666917 v rebuffer287/X (sky130_fd_sc_hd__buf_8)
                                                         net287 (net)
                      0.036113    0.000344    4.667261 v _1498_/B1 (sky130_fd_sc_hd__a221o_2)
     2    0.005561    0.060842    0.336485    5.003746 v _1498_/X (sky130_fd_sc_hd__a221o_2)
                                                         _0652_ (net)
                      0.060842    0.000055    5.003800 v _1516_/A3 (sky130_fd_sc_hd__a32o_2)
     2    0.006623    0.048410    0.276176    5.279976 v _1516_/X (sky130_fd_sc_hd__a32o_2)
                                                         _0669_ (net)
                      0.048410    0.000084    5.280061 v _1531_/B (sky130_fd_sc_hd__and2b_2)
     1    0.009054    0.050758    0.208638    5.488698 v _1531_/X (sky130_fd_sc_hd__and2b_2)
                                                         _0683_ (net)
                      0.050758    0.000107    5.488806 v _1532_/B (sky130_fd_sc_hd__xnor2_2)
     1    0.005660    0.060953    0.132146    5.620952 v _1532_/Y (sky130_fd_sc_hd__xnor2_2)
                                                         _0684_ (net)
                      0.060953    0.000064    5.621016 v _1545_/A2 (sky130_fd_sc_hd__a211o_4)
     2    0.009233    0.057460    0.343778    5.964795 v _1545_/X (sky130_fd_sc_hd__a211o_4)
                                                         net84 (net)
                      0.057460    0.000092    5.964887 v output84/A (sky130_fd_sc_hd__buf_6)
     1    0.034510    0.043801    0.142440    6.107327 v output84/X (sky130_fd_sc_hd__buf_6)
                                                         result[23] (net)
                      0.043803    0.000340    6.107666 v result[23] (out)
                                              6.107666   data arrival time

                      0.000000   10.000000   10.000000   clock __VIRTUAL_CLK__ (rise edge)
                                  0.000000   10.000000   clock network delay (ideal)
                                 -0.250000    9.750000   clock uncertainty
                                  0.000000    9.750000   clock reconvergence pessimism
                                 -2.000000    7.750000   output external delay
                                              7.750000   data required time
---------------------------------------------------------------------------------------------
                                              7.750000   data required time
                                             -6.107666   data arrival time
---------------------------------------------------------------------------------------------
                                              1.642333   slack (MET)


Startpoint: B[1] (input port clocked by __VIRTUAL_CLK__)
Endpoint: result[30] (output port clocked by __VIRTUAL_CLK__)
Path Group: __VIRTUAL_CLK__
Path Type: max

Fanout         Cap        Slew       Delay        Time   Description
---------------------------------------------------------------------------------------------
                      0.000000    0.000000    0.000000   clock __VIRTUAL_CLK__ (rise edge)
                                  0.000000    0.000000   clock network delay (ideal)
                                  2.000000    2.000000 v input external delay
     1    0.008001    0.020130    0.012944    2.012944 v B[1] (in)
                                                         B[1] (net)
                      0.020130    0.000000    2.012944 v input44/A (sky130_fd_sc_hd__buf_8)
     3    0.019070    0.030024    0.112272    2.125216 v input44/X (sky130_fd_sc_hd__buf_8)
                                                         net44 (net)
                      0.030041    0.000624    2.125840 v fanout180/A (sky130_fd_sc_hd__buf_8)
     2    0.010787    0.025461    0.110456    2.236296 v fanout180/X (sky130_fd_sc_hd__buf_8)
                                                         net180 (net)
                      0.025461    0.000096    2.236392 v load_slew181/A (sky130_fd_sc_hd__buf_8)
     2    0.019077    0.030074    0.114361    2.350754 v load_slew181/X (sky130_fd_sc_hd__buf_8)
                                                         net181 (net)
                      0.030098    0.000770    2.351524 v fanout178/A (sky130_fd_sc_hd__buf_8)
     2    0.012135    0.026214    0.111470    2.462994 v fanout178/X (sky130_fd_sc_hd__buf_8)
                                                         net178 (net)
                      0.026214    0.000098    2.463092 v rebuffer525/A (sky130_fd_sc_hd__buf_8)
     2    0.018383    0.029673    0.114352    2.577444 v rebuffer525/X (sky130_fd_sc_hd__buf_8)
                                                         net525 (net)
                      0.029683    0.000161    2.577605 v _0958_/B (sky130_fd_sc_hd__xnor2_4)
     5    0.018043    0.190785    0.181127    2.758732 ^ _0958_/Y (sky130_fd_sc_hd__xnor2_4)
                                                         _0133_ (net)
                      0.190785    0.000155    2.758887 ^ _0960_/A1 (sky130_fd_sc_hd__a21o_4)
     2    0.008843    0.040471    0.153701    2.912589 ^ _0960_/X (sky130_fd_sc_hd__a21o_4)
                                                         _0135_ (net)
                      0.040471    0.000115    2.912704 ^ _0968_/A3 (sky130_fd_sc_hd__a31o_4)
     2    0.013010    0.060719    0.161833    3.074537 ^ _0968_/X (sky130_fd_sc_hd__a31o_4)
                                                         _0143_ (net)
                      0.060722    0.000511    3.075048 ^ _0983_/D_N (sky130_fd_sc_hd__or4b_4)
     2    0.009371    0.093532    0.472224    3.547271 v _0983_/X (sky130_fd_sc_hd__or4b_4)
                                                         _0158_ (net)
                      0.093532    0.000192    3.547463 v rebuffer218/A (sky130_fd_sc_hd__buf_6)
     2    0.012105    0.026952    0.139527    3.686990 v rebuffer218/X (sky130_fd_sc_hd__buf_6)
                                                         net218 (net)
                      0.026952    0.000272    3.687263 v _1017_/A2 (sky130_fd_sc_hd__a211o_4)
     2    0.017113    0.069588    0.349382    4.036645 v _1017_/X (sky130_fd_sc_hd__a211o_4)
                                                         _0192_ (net)
                      0.069588    0.000789    4.037434 v rebuffer381/A (sky130_fd_sc_hd__buf_6)
     3    0.014339    0.028769    0.131003    4.168437 v rebuffer381/X (sky130_fd_sc_hd__buf_6)
                                                         net381 (net)
                      0.028770    0.000175    4.168612 v _1050_/A1 (sky130_fd_sc_hd__a211o_4)
     2    0.024721    0.079167    0.352681    4.521292 v _1050_/X (sky130_fd_sc_hd__a211o_4)
                                                         _0225_ (net)
                      0.079172    0.000695    4.521988 v rebuffer287/A (sky130_fd_sc_hd__buf_8)
     4    0.028818    0.036112    0.144929    4.666917 v rebuffer287/X (sky130_fd_sc_hd__buf_8)
                                                         net287 (net)
                      0.036148    0.001040    4.667957 v _1057_/A1 (sky130_fd_sc_hd__a21oi_4)
     2    0.017067    0.165777    0.167022    4.834978 ^ _1057_/Y (sky130_fd_sc_hd__a21oi_4)
                                                         _0232_ (net)
                      0.165777    0.000363    4.835341 ^ _1064_/A1 (sky130_fd_sc_hd__a21oi_4)
     3    0.018991    0.072501    0.097421    4.932763 v _1064_/Y (sky130_fd_sc_hd__a21oi_4)
                                                         _0239_ (net)
                      0.072513    0.000857    4.933619 v _1627_/B (sky130_fd_sc_hd__or2_4)
     2    0.007261    0.050300    0.240240    5.173859 v _1627_/X (sky130_fd_sc_hd__or2_4)
                                                         _0773_ (net)
                      0.050300    0.000022    5.173882 v rebuffer364/A (sky130_fd_sc_hd__buf_2)
     2    0.012358    0.043773    0.141742    5.315623 v rebuffer364/X (sky130_fd_sc_hd__buf_2)
                                                         net364 (net)
                      0.043773    0.000110    5.315733 v _1639_/A2 (sky130_fd_sc_hd__a21oi_4)
     2    0.010677    0.128102    0.161787    5.477520 ^ _1639_/Y (sky130_fd_sc_hd__a21oi_4)
                                                         _0784_ (net)
                      0.128102    0.000095    5.477614 ^ _1641_/A (sky130_fd_sc_hd__nor2_2)
     1    0.005503    0.039599    0.060709    5.538323 v _1641_/Y (sky130_fd_sc_hd__nor2_2)
                                                         _0786_ (net)
                      0.039599    0.000063    5.538386 v _1653_/B1 (sky130_fd_sc_hd__a211o_4)
     2    0.016080    0.067811    0.329377    5.867764 v _1653_/X (sky130_fd_sc_hd__a211o_4)
                                                         net92 (net)
                      0.067857    0.000307    5.868070 v output92/A (sky130_fd_sc_hd__buf_6)
     1    0.034481    0.043818    0.147163    6.015234 v output92/X (sky130_fd_sc_hd__buf_6)
                                                         result[30] (net)
                      0.043821    0.000434    6.015667 v result[30] (out)
                                              6.015667   data arrival time

                      0.000000   10.000000   10.000000   clock __VIRTUAL_CLK__ (rise edge)
                                  0.000000   10.000000   clock network delay (ideal)
                                 -0.250000    9.750000   clock uncertainty
                                  0.000000    9.750000   clock reconvergence pessimism
                                 -2.000000    7.750000   output external delay
                                              7.750000   data required time
---------------------------------------------------------------------------------------------
                                              7.750000   data required time
                                             -6.015667   data arrival time
---------------------------------------------------------------------------------------------
                                              1.734333   slack (MET)


Startpoint: B[1] (input port clocked by __VIRTUAL_CLK__)
Endpoint: result[0] (output port clocked by __VIRTUAL_CLK__)
Path Group: __VIRTUAL_CLK__
Path Type: max

Fanout         Cap        Slew       Delay        Time   Description
---------------------------------------------------------------------------------------------
                      0.000000    0.000000    0.000000   clock __VIRTUAL_CLK__ (rise edge)
                                  0.000000    0.000000   clock network delay (ideal)
                                  2.000000    2.000000 v input external delay
     1    0.008001    0.020130    0.012944    2.012944 v B[1] (in)
                                                         B[1] (net)
                      0.020130    0.000000    2.012944 v input44/A (sky130_fd_sc_hd__buf_8)
     3    0.019070    0.030024    0.112272    2.125216 v input44/X (sky130_fd_sc_hd__buf_8)
                                                         net44 (net)
                      0.030041    0.000624    2.125840 v fanout180/A (sky130_fd_sc_hd__buf_8)
     2    0.010787    0.025461    0.110456    2.236296 v fanout180/X (sky130_fd_sc_hd__buf_8)
                                                         net180 (net)
                      0.025461    0.000096    2.236392 v load_slew181/A (sky130_fd_sc_hd__buf_8)
     2    0.019077    0.030074    0.114361    2.350754 v load_slew181/X (sky130_fd_sc_hd__buf_8)
                                                         net181 (net)
                      0.030098    0.000770    2.351524 v fanout178/A (sky130_fd_sc_hd__buf_8)
     2    0.012135    0.026214    0.111470    2.462994 v fanout178/X (sky130_fd_sc_hd__buf_8)
                                                         net178 (net)
                      0.026214    0.000098    2.463092 v rebuffer525/A (sky130_fd_sc_hd__buf_8)
     2    0.018383    0.029673    0.114352    2.577444 v rebuffer525/X (sky130_fd_sc_hd__buf_8)
                                                         net525 (net)
                      0.029683    0.000161    2.577605 v _0958_/B (sky130_fd_sc_hd__xnor2_4)
     5    0.018043    0.190785    0.181127    2.758732 ^ _0958_/Y (sky130_fd_sc_hd__xnor2_4)
                                                         _0133_ (net)
                      0.190785    0.000155    2.758887 ^ _0960_/A1 (sky130_fd_sc_hd__a21o_4)
     2    0.008843    0.040471    0.153701    2.912589 ^ _0960_/X (sky130_fd_sc_hd__a21o_4)
                                                         _0135_ (net)
                      0.040471    0.000115    2.912704 ^ _0968_/A3 (sky130_fd_sc_hd__a31o_4)
     2    0.013010    0.060719    0.161833    3.074537 ^ _0968_/X (sky130_fd_sc_hd__a31o_4)
                                                         _0143_ (net)
                      0.060722    0.000511    3.075048 ^ _0983_/D_N (sky130_fd_sc_hd__or4b_4)
     2    0.009371    0.093532    0.472224    3.547271 v _0983_/X (sky130_fd_sc_hd__or4b_4)
                                                         _0158_ (net)
                      0.093532    0.000192    3.547463 v rebuffer218/A (sky130_fd_sc_hd__buf_6)
     2    0.012105    0.026952    0.139527    3.686990 v rebuffer218/X (sky130_fd_sc_hd__buf_6)
                                                         net218 (net)
                      0.026952    0.000272    3.687263 v _1017_/A2 (sky130_fd_sc_hd__a211o_4)
     2    0.017113    0.069588    0.349382    4.036645 v _1017_/X (sky130_fd_sc_hd__a211o_4)
                                                         _0192_ (net)
                      0.069588    0.000789    4.037434 v rebuffer381/A (sky130_fd_sc_hd__buf_6)
     3    0.014339    0.028769    0.131003    4.168437 v rebuffer381/X (sky130_fd_sc_hd__buf_6)
                                                         net381 (net)
                      0.028770    0.000175    4.168612 v _1050_/A1 (sky130_fd_sc_hd__a211o_4)
     2    0.024721    0.079167    0.352681    4.521292 v _1050_/X (sky130_fd_sc_hd__a211o_4)
                                                         _0225_ (net)
                      0.079172    0.000695    4.521988 v rebuffer287/A (sky130_fd_sc_hd__buf_8)
     4    0.028818    0.036112    0.144929    4.666917 v rebuffer287/X (sky130_fd_sc_hd__buf_8)
                                                         net287 (net)
                      0.036148    0.001040    4.667957 v _1057_/A1 (sky130_fd_sc_hd__a21oi_4)
     2    0.017067    0.165777    0.167022    4.834978 ^ _1057_/Y (sky130_fd_sc_hd__a21oi_4)
                                                         _0232_ (net)
                      0.165777    0.000363    4.835341 ^ _1064_/A1 (sky130_fd_sc_hd__a21oi_4)
     3    0.018991    0.072501    0.097421    4.932763 v _1064_/Y (sky130_fd_sc_hd__a21oi_4)
                                                         _0239_ (net)
                      0.072512    0.000842    4.933605 v _1065_/A4 (sky130_fd_sc_hd__o41a_4)
     2    0.012483    0.075755    0.375700    5.309306 v _1065_/X (sky130_fd_sc_hd__o41a_4)
                                                         _0240_ (net)
                      0.075755    0.000165    5.309471 v _1067_/B1 (sky130_fd_sc_hd__a2bb2o_4)
     1    0.004889    0.035149    0.224060    5.533531 v _1067_/X (sky130_fd_sc_hd__a2bb2o_4)
                                                         _0242_ (net)
                      0.035149    0.000041    5.533572 v _1068_/A3 (sky130_fd_sc_hd__a31o_4)
     2    0.016565    0.051472    0.253126    5.786697 v _1068_/X (sky130_fd_sc_hd__a31o_4)
                                                         net69 (net)
                      0.051472    0.000282    5.786979 v output69/A (sky130_fd_sc_hd__buf_6)
     1    0.035035    0.044181    0.139996    5.926975 v output69/X (sky130_fd_sc_hd__buf_6)
                                                         result[0] (net)
                      0.044188    0.000573    5.927547 v result[0] (out)
                                              5.927547   data arrival time

                      0.000000   10.000000   10.000000   clock __VIRTUAL_CLK__ (rise edge)
                                  0.000000   10.000000   clock network delay (ideal)
                                 -0.250000    9.750000   clock uncertainty
                                  0.000000    9.750000   clock reconvergence pessimism
                                 -2.000000    7.750000   output external delay
                                              7.750000   data required time
---------------------------------------------------------------------------------------------
                                              7.750000   data required time
                                             -5.927547   data arrival time
---------------------------------------------------------------------------------------------
                                              1.822452   slack (MET)


Startpoint: B[1] (input port clocked by __VIRTUAL_CLK__)
Endpoint: result[29] (output port clocked by __VIRTUAL_CLK__)
Path Group: __VIRTUAL_CLK__
Path Type: max

Fanout         Cap        Slew       Delay        Time   Description
---------------------------------------------------------------------------------------------
                      0.000000    0.000000    0.000000   clock __VIRTUAL_CLK__ (rise edge)
                                  0.000000    0.000000   clock network delay (ideal)
                                  2.000000    2.000000 v input external delay
     1    0.008001    0.020130    0.012944    2.012944 v B[1] (in)
                                                         B[1] (net)
                      0.020130    0.000000    2.012944 v input44/A (sky130_fd_sc_hd__buf_8)
     3    0.019070    0.030024    0.112272    2.125216 v input44/X (sky130_fd_sc_hd__buf_8)
                                                         net44 (net)
                      0.030041    0.000624    2.125840 v fanout180/A (sky130_fd_sc_hd__buf_8)
     2    0.010787    0.025461    0.110456    2.236296 v fanout180/X (sky130_fd_sc_hd__buf_8)
                                                         net180 (net)
                      0.025461    0.000096    2.236392 v load_slew181/A (sky130_fd_sc_hd__buf_8)
     2    0.019077    0.030074    0.114361    2.350754 v load_slew181/X (sky130_fd_sc_hd__buf_8)
                                                         net181 (net)
                      0.030098    0.000770    2.351524 v fanout178/A (sky130_fd_sc_hd__buf_8)
     2    0.012135    0.026214    0.111470    2.462994 v fanout178/X (sky130_fd_sc_hd__buf_8)
                                                         net178 (net)
                      0.026214    0.000098    2.463092 v rebuffer525/A (sky130_fd_sc_hd__buf_8)
     2    0.018383    0.029673    0.114352    2.577444 v rebuffer525/X (sky130_fd_sc_hd__buf_8)
                                                         net525 (net)
                      0.029683    0.000161    2.577605 v _0958_/B (sky130_fd_sc_hd__xnor2_4)
     5    0.018043    0.190785    0.181127    2.758732 ^ _0958_/Y (sky130_fd_sc_hd__xnor2_4)
                                                         _0133_ (net)
                      0.190785    0.000155    2.758887 ^ _0960_/A1 (sky130_fd_sc_hd__a21o_4)
     2    0.008843    0.040471    0.153701    2.912589 ^ _0960_/X (sky130_fd_sc_hd__a21o_4)
                                                         _0135_ (net)
                      0.040471    0.000115    2.912704 ^ _0968_/A3 (sky130_fd_sc_hd__a31o_4)
     2    0.013010    0.060719    0.161833    3.074537 ^ _0968_/X (sky130_fd_sc_hd__a31o_4)
                                                         _0143_ (net)
                      0.060722    0.000511    3.075048 ^ _0983_/D_N (sky130_fd_sc_hd__or4b_4)
     2    0.009371    0.093532    0.472224    3.547271 v _0983_/X (sky130_fd_sc_hd__or4b_4)
                                                         _0158_ (net)
                      0.093532    0.000192    3.547463 v rebuffer218/A (sky130_fd_sc_hd__buf_6)
     2    0.012105    0.026952    0.139527    3.686990 v rebuffer218/X (sky130_fd_sc_hd__buf_6)
                                                         net218 (net)
                      0.026952    0.000272    3.687263 v _1017_/A2 (sky130_fd_sc_hd__a211o_4)
     2    0.017113    0.069588    0.349382    4.036645 v _1017_/X (sky130_fd_sc_hd__a211o_4)
                                                         _0192_ (net)
                      0.069588    0.000789    4.037434 v rebuffer381/A (sky130_fd_sc_hd__buf_6)
     3    0.014339    0.028769    0.131003    4.168437 v rebuffer381/X (sky130_fd_sc_hd__buf_6)
                                                         net381 (net)
                      0.028770    0.000175    4.168612 v _1050_/A1 (sky130_fd_sc_hd__a211o_4)
     2    0.024721    0.079167    0.352681    4.521292 v _1050_/X (sky130_fd_sc_hd__a211o_4)
                                                         _0225_ (net)
                      0.079172    0.000695    4.521988 v rebuffer287/A (sky130_fd_sc_hd__buf_8)
     4    0.028818    0.036112    0.144929    4.666917 v rebuffer287/X (sky130_fd_sc_hd__buf_8)
                                                         net287 (net)
                      0.036148    0.001040    4.667957 v _1057_/A1 (sky130_fd_sc_hd__a21oi_4)
     2    0.017067    0.165777    0.167022    4.834978 ^ _1057_/Y (sky130_fd_sc_hd__a21oi_4)
                                                         _0232_ (net)
                      0.165777    0.000363    4.835341 ^ _1064_/A1 (sky130_fd_sc_hd__a21oi_4)
     3    0.018991    0.072501    0.097421    4.932763 v _1064_/Y (sky130_fd_sc_hd__a21oi_4)
                                                         _0239_ (net)
                      0.072513    0.000857    4.933619 v _1627_/B (sky130_fd_sc_hd__or2_4)
     2    0.007261    0.050300    0.240240    5.173859 v _1627_/X (sky130_fd_sc_hd__or2_4)
                                                         _0773_ (net)
                      0.050300    0.000093    5.173953 v _1637_/A4 (sky130_fd_sc_hd__a41o_2)
     1    0.005082    0.044094    0.272632    5.446585 v _1637_/X (sky130_fd_sc_hd__a41o_2)
                                                         _0783_ (net)
                      0.044094    0.000061    5.446646 v _1638_/B1 (sky130_fd_sc_hd__a31o_4)
     2    0.019793    0.055047    0.228558    5.675204 v _1638_/X (sky130_fd_sc_hd__a31o_4)
                                                         net90 (net)
                      0.055047    0.000111    5.675315 v output90/A (sky130_fd_sc_hd__buf_6)
     1    0.035749    0.044741    0.142077    5.817391 v output90/X (sky130_fd_sc_hd__buf_6)
                                                         result[29] (net)
                      0.044752    0.000670    5.818061 v result[29] (out)
                                              5.818061   data arrival time

                      0.000000   10.000000   10.000000   clock __VIRTUAL_CLK__ (rise edge)
                                  0.000000   10.000000   clock network delay (ideal)
                                 -0.250000    9.750000   clock uncertainty
                                  0.000000    9.750000   clock reconvergence pessimism
                                 -2.000000    7.750000   output external delay
                                              7.750000   data required time
---------------------------------------------------------------------------------------------
                                              7.750000   data required time
                                             -5.818061   data arrival time
---------------------------------------------------------------------------------------------
                                              1.931939   slack (MET)


Startpoint: A[6] (input port clocked by __VIRTUAL_CLK__)
Endpoint: result[28] (output port clocked by __VIRTUAL_CLK__)
Path Group: __VIRTUAL_CLK__
Path Type: max

Fanout         Cap        Slew       Delay        Time   Description
---------------------------------------------------------------------------------------------
                      0.000000    0.000000    0.000000   clock __VIRTUAL_CLK__ (rise edge)
                                  0.000000    0.000000   clock network delay (ideal)
                                  2.000000    2.000000 ^ input external delay
     1    0.003235    0.021611    0.011834    2.011834 ^ A[6] (in)
                                                         A[6] (net)
                      0.021611    0.000000    2.011834 ^ input29/A (sky130_fd_sc_hd__dlygate4sd1_1)
     3    0.019909    0.196384    0.293112    2.304945 ^ input29/X (sky130_fd_sc_hd__dlygate4sd1_1)
                                                         net29 (net)
                      0.196384    0.000425    2.305370 ^ fanout204/A (sky130_fd_sc_hd__buf_6)
     2    0.019573    0.051446    0.147026    2.452396 ^ fanout204/X (sky130_fd_sc_hd__buf_6)
                                                         net204 (net)
                      0.051446    0.000177    2.452573 ^ _0981_/B (sky130_fd_sc_hd__xor2_4)
     2    0.007709    0.121154    0.149313    2.601887 ^ _0981_/X (sky130_fd_sc_hd__xor2_4)
                                                         _0156_ (net)
                      0.121154    0.000056    2.601942 ^ max_cap128/A (sky130_fd_sc_hd__buf_6)
     2    0.010524    0.034747    0.116726    2.718668 ^ max_cap128/X (sky130_fd_sc_hd__buf_6)
                                                         net128 (net)
                      0.034753    0.000210    2.718878 ^ _0982_/A (sky130_fd_sc_hd__inv_2)
     3    0.008748    0.023811    0.034561    2.753439 v _0982_/Y (sky130_fd_sc_hd__inv_2)
                                                         _0157_ (net)
                      0.023811    0.000024    2.753463 v _1254_/D (sky130_fd_sc_hd__or4_4)
     1    0.005248    0.085768    0.408841    3.162304 v _1254_/X (sky130_fd_sc_hd__or4_4)
                                                         _0421_ (net)
                      0.085768    0.000056    3.162360 v _1257_/A2 (sky130_fd_sc_hd__o31a_4)
     2    0.017488    0.068671    0.368388    3.530748 v _1257_/X (sky130_fd_sc_hd__o31a_4)
                                                         _0424_ (net)
                      0.068671    0.000694    3.531443 v _1407_/A1 (sky130_fd_sc_hd__a211o_4)
     2    0.012748    0.062073    0.344156    3.875598 v _1407_/X (sky130_fd_sc_hd__a211o_4)
                                                         _0566_ (net)
                      0.062073    0.000311    3.875910 v rebuffer249/A (sky130_fd_sc_hd__buf_6)
     4    0.021258    0.034167    0.134669    4.010578 v rebuffer249/X (sky130_fd_sc_hd__buf_6)
                                                         net249 (net)
                      0.034184    0.000442    4.011020 v _1549_/A2 (sky130_fd_sc_hd__a211o_4)
     2    0.013584    0.063420    0.343722    4.354742 v _1549_/X (sky130_fd_sc_hd__a211o_4)
                                                         _0700_ (net)
                      0.063420    0.000461    4.355203 v rebuffer247/A (sky130_fd_sc_hd__buf_6)
     3    0.017424    0.031479    0.131595    4.486798 v rebuffer247/X (sky130_fd_sc_hd__buf_6)
                                                         net247 (net)
                      0.031479    0.000142    4.486940 v _1618_/A2 (sky130_fd_sc_hd__a211oi_4)
     2    0.016703    0.270183    0.304977    4.791917 ^ _1618_/Y (sky130_fd_sc_hd__a211oi_4)
                                                         _0765_ (net)
                      0.270183    0.000510    4.792427 ^ _1622_/A3 (sky130_fd_sc_hd__o31ai_4)
     2    0.009214    0.107127    0.092620    4.885047 v _1622_/Y (sky130_fd_sc_hd__o31ai_4)
                                                         _0769_ (net)
                      0.107127    0.000087    4.885133 v rebuffer244/A (sky130_fd_sc_hd__buf_6)
     4    0.011402    0.026402    0.145079    5.030212 v rebuffer244/X (sky130_fd_sc_hd__buf_6)
                                                         net244 (net)
                      0.026402    0.000015    5.030227 v _1623_/C (sky130_fd_sc_hd__and3_4)
     1    0.005138    0.034165    0.166786    5.197013 v _1623_/X (sky130_fd_sc_hd__and3_4)
                                                         _0770_ (net)
                      0.034165    0.000066    5.197079 v _1624_/C1 (sky130_fd_sc_hd__a211o_4)
     1    0.007184    0.053571    0.263141    5.460220 v _1624_/X (sky130_fd_sc_hd__a211o_4)
                                                         _0771_ (net)
                      0.053571    0.000151    5.460371 v _1625_/B1 (sky130_fd_sc_hd__a31o_4)
     2    0.009847    0.044384    0.214039    5.674410 v _1625_/X (sky130_fd_sc_hd__a31o_4)
                                                         net89 (net)
                      0.044384    0.000091    5.674501 v output89/A (sky130_fd_sc_hd__buf_8)
     1    0.034616    0.040064    0.133902    5.808403 v output89/X (sky130_fd_sc_hd__buf_8)
                                                         result[28] (net)
                      0.040068    0.000437    5.808840 v result[28] (out)
                                              5.808840   data arrival time

                      0.000000   10.000000   10.000000   clock __VIRTUAL_CLK__ (rise edge)
                                  0.000000   10.000000   clock network delay (ideal)
                                 -0.250000    9.750000   clock uncertainty
                                  0.000000    9.750000   clock reconvergence pessimism
                                 -2.000000    7.750000   output external delay
                                              7.750000   data required time
---------------------------------------------------------------------------------------------
                                              7.750000   data required time
                                             -5.808840   data arrival time
---------------------------------------------------------------------------------------------
                                              1.941160   slack (MET)


Startpoint: B[1] (input port clocked by __VIRTUAL_CLK__)
Endpoint: result[26] (output port clocked by __VIRTUAL_CLK__)
Path Group: __VIRTUAL_CLK__
Path Type: max

Fanout         Cap        Slew       Delay        Time   Description
---------------------------------------------------------------------------------------------
                      0.000000    0.000000    0.000000   clock __VIRTUAL_CLK__ (rise edge)
                                  0.000000    0.000000   clock network delay (ideal)
                                  2.000000    2.000000 v input external delay
     1    0.008001    0.020130    0.012944    2.012944 v B[1] (in)
                                                         B[1] (net)
                      0.020130    0.000000    2.012944 v input44/A (sky130_fd_sc_hd__buf_8)
     3    0.019070    0.030024    0.112272    2.125216 v input44/X (sky130_fd_sc_hd__buf_8)
                                                         net44 (net)
                      0.030041    0.000624    2.125840 v fanout180/A (sky130_fd_sc_hd__buf_8)
     2    0.010787    0.025461    0.110456    2.236296 v fanout180/X (sky130_fd_sc_hd__buf_8)
                                                         net180 (net)
                      0.025461    0.000096    2.236392 v load_slew181/A (sky130_fd_sc_hd__buf_8)
     2    0.019077    0.030074    0.114361    2.350754 v load_slew181/X (sky130_fd_sc_hd__buf_8)
                                                         net181 (net)
                      0.030098    0.000770    2.351524 v fanout178/A (sky130_fd_sc_hd__buf_8)
     2    0.012135    0.026214    0.111470    2.462994 v fanout178/X (sky130_fd_sc_hd__buf_8)
                                                         net178 (net)
                      0.026214    0.000098    2.463092 v rebuffer525/A (sky130_fd_sc_hd__buf_8)
     2    0.018383    0.029673    0.114352    2.577444 v rebuffer525/X (sky130_fd_sc_hd__buf_8)
                                                         net525 (net)
                      0.029683    0.000161    2.577605 v _0958_/B (sky130_fd_sc_hd__xnor2_4)
     5    0.018043    0.190785    0.181127    2.758732 ^ _0958_/Y (sky130_fd_sc_hd__xnor2_4)
                                                         _0133_ (net)
                      0.190785    0.000155    2.758887 ^ _0960_/A1 (sky130_fd_sc_hd__a21o_4)
     2    0.008843    0.040471    0.153701    2.912589 ^ _0960_/X (sky130_fd_sc_hd__a21o_4)
                                                         _0135_ (net)
                      0.040471    0.000115    2.912704 ^ _0968_/A3 (sky130_fd_sc_hd__a31o_4)
     2    0.013010    0.060719    0.161833    3.074537 ^ _0968_/X (sky130_fd_sc_hd__a31o_4)
                                                         _0143_ (net)
                      0.060722    0.000511    3.075048 ^ _0983_/D_N (sky130_fd_sc_hd__or4b_4)
     2    0.009371    0.093532    0.472224    3.547271 v _0983_/X (sky130_fd_sc_hd__or4b_4)
                                                         _0158_ (net)
                      0.093532    0.000192    3.547463 v rebuffer218/A (sky130_fd_sc_hd__buf_6)
     2    0.012105    0.026952    0.139527    3.686990 v rebuffer218/X (sky130_fd_sc_hd__buf_6)
                                                         net218 (net)
                      0.026952    0.000272    3.687263 v _1017_/A2 (sky130_fd_sc_hd__a211o_4)
     2    0.017113    0.069588    0.349382    4.036645 v _1017_/X (sky130_fd_sc_hd__a211o_4)
                                                         _0192_ (net)
                      0.069588    0.000789    4.037434 v rebuffer381/A (sky130_fd_sc_hd__buf_6)
     3    0.014339    0.028769    0.131003    4.168437 v rebuffer381/X (sky130_fd_sc_hd__buf_6)
                                                         net381 (net)
                      0.028770    0.000175    4.168612 v _1050_/A1 (sky130_fd_sc_hd__a211o_4)
     2    0.024721    0.079167    0.352681    4.521292 v _1050_/X (sky130_fd_sc_hd__a211o_4)
                                                         _0225_ (net)
                      0.079176    0.000840    4.522132 v _1563_/A2 (sky130_fd_sc_hd__a211o_4)
     2    0.010346    0.058157    0.354018    4.876150 v _1563_/X (sky130_fd_sc_hd__a211o_4)
                                                         _0713_ (net)
                      0.058157    0.000120    4.876270 v rebuffer388/A (sky130_fd_sc_hd__buf_6)
     1    0.005611    0.022127    0.115974    4.992244 v rebuffer388/X (sky130_fd_sc_hd__buf_6)
                                                         net388 (net)
                      0.022127    0.000074    4.992317 v rebuffer384/A (sky130_fd_sc_hd__buf_6)
     1    0.005219    0.021605    0.099445    5.091762 v rebuffer384/X (sky130_fd_sc_hd__buf_6)
                                                         net384 (net)
                      0.021605    0.000059    5.091821 v rebuffer380/A (sky130_fd_sc_hd__buf_6)
     2    0.010859    0.025989    0.105806    5.197628 v rebuffer380/X (sky130_fd_sc_hd__buf_6)
                                                         net380 (net)
                      0.025999    0.000096    5.197723 v _1580_/A1 (sky130_fd_sc_hd__a21o_4)
     3    0.012007    0.042794    0.199981    5.397704 v _1580_/X (sky130_fd_sc_hd__a21o_4)
                                                         _0729_ (net)
                      0.042794    0.000084    5.397789 v _1593_/A2 (sky130_fd_sc_hd__a31o_4)
     2    0.011824    0.047235    0.235072    5.632860 v _1593_/X (sky130_fd_sc_hd__a31o_4)
                                                         net87 (net)
                      0.047235    0.000140    5.633000 v output87/A (sky130_fd_sc_hd__buf_8)
     1    0.034940    0.040323    0.135329    5.768329 v output87/X (sky130_fd_sc_hd__buf_8)
                                                         result[26] (net)
                      0.040331    0.000543    5.768872 v result[26] (out)
                                              5.768872   data arrival time

                      0.000000   10.000000   10.000000   clock __VIRTUAL_CLK__ (rise edge)
                                  0.000000   10.000000   clock network delay (ideal)
                                 -0.250000    9.750000   clock uncertainty
                                  0.000000    9.750000   clock reconvergence pessimism
                                 -2.000000    7.750000   output external delay
                                              7.750000   data required time
---------------------------------------------------------------------------------------------
                                              7.750000   data required time
                                             -5.768872   data arrival time
---------------------------------------------------------------------------------------------
                                              1.981128   slack (MET)


Startpoint: B[1] (input port clocked by __VIRTUAL_CLK__)
Endpoint: result[22] (output port clocked by __VIRTUAL_CLK__)
Path Group: __VIRTUAL_CLK__
Path Type: max

Fanout         Cap        Slew       Delay        Time   Description
---------------------------------------------------------------------------------------------
                      0.000000    0.000000    0.000000   clock __VIRTUAL_CLK__ (rise edge)
                                  0.000000    0.000000   clock network delay (ideal)
                                  2.000000    2.000000 v input external delay
     1    0.008001    0.020130    0.012944    2.012944 v B[1] (in)
                                                         B[1] (net)
                      0.020130    0.000000    2.012944 v input44/A (sky130_fd_sc_hd__buf_8)
     3    0.019070    0.030024    0.112272    2.125216 v input44/X (sky130_fd_sc_hd__buf_8)
                                                         net44 (net)
                      0.030041    0.000624    2.125840 v fanout180/A (sky130_fd_sc_hd__buf_8)
     2    0.010787    0.025461    0.110456    2.236296 v fanout180/X (sky130_fd_sc_hd__buf_8)
                                                         net180 (net)
                      0.025461    0.000096    2.236392 v load_slew181/A (sky130_fd_sc_hd__buf_8)
     2    0.019077    0.030074    0.114361    2.350754 v load_slew181/X (sky130_fd_sc_hd__buf_8)
                                                         net181 (net)
                      0.030098    0.000770    2.351524 v fanout178/A (sky130_fd_sc_hd__buf_8)
     2    0.012135    0.026214    0.111470    2.462994 v fanout178/X (sky130_fd_sc_hd__buf_8)
                                                         net178 (net)
                      0.026214    0.000098    2.463092 v rebuffer525/A (sky130_fd_sc_hd__buf_8)
     2    0.018383    0.029673    0.114352    2.577444 v rebuffer525/X (sky130_fd_sc_hd__buf_8)
                                                         net525 (net)
                      0.029683    0.000161    2.577605 v _0958_/B (sky130_fd_sc_hd__xnor2_4)
     5    0.018043    0.190785    0.181127    2.758732 ^ _0958_/Y (sky130_fd_sc_hd__xnor2_4)
                                                         _0133_ (net)
                      0.190785    0.000155    2.758887 ^ _0960_/A1 (sky130_fd_sc_hd__a21o_4)
     2    0.008843    0.040471    0.153701    2.912589 ^ _0960_/X (sky130_fd_sc_hd__a21o_4)
                                                         _0135_ (net)
                      0.040471    0.000115    2.912704 ^ _0968_/A3 (sky130_fd_sc_hd__a31o_4)
     2    0.013010    0.060719    0.161833    3.074537 ^ _0968_/X (sky130_fd_sc_hd__a31o_4)
                                                         _0143_ (net)
                      0.060722    0.000511    3.075048 ^ _0983_/D_N (sky130_fd_sc_hd__or4b_4)
     2    0.009371    0.093532    0.472224    3.547271 v _0983_/X (sky130_fd_sc_hd__or4b_4)
                                                         _0158_ (net)
                      0.093532    0.000192    3.547463 v rebuffer218/A (sky130_fd_sc_hd__buf_6)
     2    0.012105    0.026952    0.139527    3.686990 v rebuffer218/X (sky130_fd_sc_hd__buf_6)
                                                         net218 (net)
                      0.026952    0.000272    3.687263 v _1017_/A2 (sky130_fd_sc_hd__a211o_4)
     2    0.017113    0.069588    0.349382    4.036645 v _1017_/X (sky130_fd_sc_hd__a211o_4)
                                                         _0192_ (net)
                      0.069588    0.000789    4.037434 v rebuffer381/A (sky130_fd_sc_hd__buf_6)
     3    0.014339    0.028769    0.131003    4.168437 v rebuffer381/X (sky130_fd_sc_hd__buf_6)
                                                         net381 (net)
                      0.028770    0.000175    4.168612 v _1050_/A1 (sky130_fd_sc_hd__a211o_4)
     2    0.024721    0.079167    0.352681    4.521292 v _1050_/X (sky130_fd_sc_hd__a211o_4)
                                                         _0225_ (net)
                      0.079172    0.000695    4.521988 v rebuffer287/A (sky130_fd_sc_hd__buf_8)
     4    0.028818    0.036112    0.144929    4.666917 v rebuffer287/X (sky130_fd_sc_hd__buf_8)
                                                         net287 (net)
                      0.036113    0.000344    4.667261 v _1498_/B1 (sky130_fd_sc_hd__a221o_2)
     2    0.005561    0.060842    0.336485    5.003746 v _1498_/X (sky130_fd_sc_hd__a221o_2)
                                                         _0652_ (net)
                      0.060842    0.000055    5.003800 v _1516_/A3 (sky130_fd_sc_hd__a32o_2)
     2    0.006623    0.048410    0.276176    5.279976 v _1516_/X (sky130_fd_sc_hd__a32o_2)
                                                         _0669_ (net)
                      0.048410    0.000062    5.280038 v _1530_/A3 (sky130_fd_sc_hd__a31o_2)
     2    0.006613    0.045968    0.252587    5.532625 v _1530_/X (sky130_fd_sc_hd__a31o_2)
                                                         net83 (net)
                      0.045968    0.000023    5.532648 v output83/A (sky130_fd_sc_hd__buf_6)
     1    0.034790    0.044022    0.137551    5.670199 v output83/X (sky130_fd_sc_hd__buf_6)
                                                         result[22] (net)
                      0.044024    0.000324    5.670523 v result[22] (out)
                                              5.670523   data arrival time

                      0.000000   10.000000   10.000000   clock __VIRTUAL_CLK__ (rise edge)
                                  0.000000   10.000000   clock network delay (ideal)
                                 -0.250000    9.750000   clock uncertainty
                                  0.000000    9.750000   clock reconvergence pessimism
                                 -2.000000    7.750000   output external delay
                                              7.750000   data required time
---------------------------------------------------------------------------------------------
                                              7.750000   data required time
                                             -5.670523   data arrival time
---------------------------------------------------------------------------------------------
                                              2.079477   slack (MET)


Startpoint: B[1] (input port clocked by __VIRTUAL_CLK__)
Endpoint: result[21] (output port clocked by __VIRTUAL_CLK__)
Path Group: __VIRTUAL_CLK__
Path Type: max

Fanout         Cap        Slew       Delay        Time   Description
---------------------------------------------------------------------------------------------
                      0.000000    0.000000    0.000000   clock __VIRTUAL_CLK__ (rise edge)
                                  0.000000    0.000000   clock network delay (ideal)
                                  2.000000    2.000000 v input external delay
     1    0.008001    0.020130    0.012944    2.012944 v B[1] (in)
                                                         B[1] (net)
                      0.020130    0.000000    2.012944 v input44/A (sky130_fd_sc_hd__buf_8)
     3    0.019070    0.030024    0.112272    2.125216 v input44/X (sky130_fd_sc_hd__buf_8)
                                                         net44 (net)
                      0.030041    0.000624    2.125840 v fanout180/A (sky130_fd_sc_hd__buf_8)
     2    0.010787    0.025461    0.110456    2.236296 v fanout180/X (sky130_fd_sc_hd__buf_8)
                                                         net180 (net)
                      0.025461    0.000096    2.236392 v load_slew181/A (sky130_fd_sc_hd__buf_8)
     2    0.019077    0.030074    0.114361    2.350754 v load_slew181/X (sky130_fd_sc_hd__buf_8)
                                                         net181 (net)
                      0.030098    0.000770    2.351524 v fanout178/A (sky130_fd_sc_hd__buf_8)
     2    0.012135    0.026214    0.111470    2.462994 v fanout178/X (sky130_fd_sc_hd__buf_8)
                                                         net178 (net)
                      0.026214    0.000098    2.463092 v rebuffer525/A (sky130_fd_sc_hd__buf_8)
     2    0.018383    0.029673    0.114352    2.577444 v rebuffer525/X (sky130_fd_sc_hd__buf_8)
                                                         net525 (net)
                      0.029683    0.000161    2.577605 v _0958_/B (sky130_fd_sc_hd__xnor2_4)
     5    0.018043    0.190785    0.181127    2.758732 ^ _0958_/Y (sky130_fd_sc_hd__xnor2_4)
                                                         _0133_ (net)
                      0.190785    0.000155    2.758887 ^ _0960_/A1 (sky130_fd_sc_hd__a21o_4)
     2    0.008843    0.040471    0.153701    2.912589 ^ _0960_/X (sky130_fd_sc_hd__a21o_4)
                                                         _0135_ (net)
                      0.040471    0.000115    2.912704 ^ _0968_/A3 (sky130_fd_sc_hd__a31o_4)
     2    0.013010    0.060719    0.161833    3.074537 ^ _0968_/X (sky130_fd_sc_hd__a31o_4)
                                                         _0143_ (net)
                      0.060722    0.000511    3.075048 ^ _0983_/D_N (sky130_fd_sc_hd__or4b_4)
     2    0.009371    0.093532    0.472224    3.547271 v _0983_/X (sky130_fd_sc_hd__or4b_4)
                                                         _0158_ (net)
                      0.093532    0.000192    3.547463 v rebuffer218/A (sky130_fd_sc_hd__buf_6)
     2    0.012105    0.026952    0.139527    3.686990 v rebuffer218/X (sky130_fd_sc_hd__buf_6)
                                                         net218 (net)
                      0.026952    0.000272    3.687263 v _1017_/A2 (sky130_fd_sc_hd__a211o_4)
     2    0.017113    0.069588    0.349382    4.036645 v _1017_/X (sky130_fd_sc_hd__a211o_4)
                                                         _0192_ (net)
                      0.069588    0.000789    4.037434 v rebuffer381/A (sky130_fd_sc_hd__buf_6)
     3    0.014339    0.028769    0.131003    4.168437 v rebuffer381/X (sky130_fd_sc_hd__buf_6)
                                                         net381 (net)
                      0.028770    0.000175    4.168612 v _1050_/A1 (sky130_fd_sc_hd__a211o_4)
     2    0.024721    0.079167    0.352681    4.521292 v _1050_/X (sky130_fd_sc_hd__a211o_4)
                                                         _0225_ (net)
                      0.079172    0.000695    4.521988 v rebuffer287/A (sky130_fd_sc_hd__buf_8)
     4    0.028818    0.036112    0.144929    4.666917 v rebuffer287/X (sky130_fd_sc_hd__buf_8)
                                                         net287 (net)
                      0.036113    0.000344    4.667261 v _1498_/B1 (sky130_fd_sc_hd__a221o_2)
     2    0.005561    0.060842    0.336485    5.003746 v _1498_/X (sky130_fd_sc_hd__a221o_2)
                                                         _0652_ (net)
                      0.060842    0.000015    5.003760 v rebuffer477/A (sky130_fd_sc_hd__buf_2)
     2    0.006239    0.030976    0.130920    5.134680 v rebuffer477/X (sky130_fd_sc_hd__buf_2)
                                                         net477 (net)
                      0.030976    0.000052    5.134732 v _1514_/A4 (sky130_fd_sc_hd__a41o_2)
     2    0.008419    0.052240    0.275828    5.410560 v _1514_/X (sky130_fd_sc_hd__a41o_2)
                                                         net82 (net)
                      0.052240    0.000065    5.410625 v output82/A (sky130_fd_sc_hd__buf_6)
     1    0.034464    0.043732    0.140084    5.550709 v output82/X (sky130_fd_sc_hd__buf_6)
                                                         result[21] (net)
                      0.043733    0.000232    5.550941 v result[21] (out)
                                              5.550941   data arrival time

                      0.000000   10.000000   10.000000   clock __VIRTUAL_CLK__ (rise edge)
                                  0.000000   10.000000   clock network delay (ideal)
                                 -0.250000    9.750000   clock uncertainty
                                  0.000000    9.750000   clock reconvergence pessimism
                                 -2.000000    7.750000   output external delay
                                              7.750000   data required time
---------------------------------------------------------------------------------------------
                                              7.750000   data required time
                                             -5.550941   data arrival time
---------------------------------------------------------------------------------------------
                                              2.199059   slack (MET)


Startpoint: B[1] (input port clocked by __VIRTUAL_CLK__)
Endpoint: result[25] (output port clocked by __VIRTUAL_CLK__)
Path Group: __VIRTUAL_CLK__
Path Type: max

Fanout         Cap        Slew       Delay        Time   Description
---------------------------------------------------------------------------------------------
                      0.000000    0.000000    0.000000   clock __VIRTUAL_CLK__ (rise edge)
                                  0.000000    0.000000   clock network delay (ideal)
                                  2.000000    2.000000 v input external delay
     1    0.008001    0.020130    0.012944    2.012944 v B[1] (in)
                                                         B[1] (net)
                      0.020130    0.000000    2.012944 v input44/A (sky130_fd_sc_hd__buf_8)
     3    0.019070    0.030024    0.112272    2.125216 v input44/X (sky130_fd_sc_hd__buf_8)
                                                         net44 (net)
                      0.030041    0.000624    2.125840 v fanout180/A (sky130_fd_sc_hd__buf_8)
     2    0.010787    0.025461    0.110456    2.236296 v fanout180/X (sky130_fd_sc_hd__buf_8)
                                                         net180 (net)
                      0.025461    0.000096    2.236392 v load_slew181/A (sky130_fd_sc_hd__buf_8)
     2    0.019077    0.030074    0.114361    2.350754 v load_slew181/X (sky130_fd_sc_hd__buf_8)
                                                         net181 (net)
                      0.030098    0.000770    2.351524 v fanout178/A (sky130_fd_sc_hd__buf_8)
     2    0.012135    0.026214    0.111470    2.462994 v fanout178/X (sky130_fd_sc_hd__buf_8)
                                                         net178 (net)
                      0.026214    0.000098    2.463092 v rebuffer525/A (sky130_fd_sc_hd__buf_8)
     2    0.018383    0.029673    0.114352    2.577444 v rebuffer525/X (sky130_fd_sc_hd__buf_8)
                                                         net525 (net)
                      0.029683    0.000161    2.577605 v _0958_/B (sky130_fd_sc_hd__xnor2_4)
     5    0.018043    0.190785    0.181127    2.758732 ^ _0958_/Y (sky130_fd_sc_hd__xnor2_4)
                                                         _0133_ (net)
                      0.190785    0.000155    2.758887 ^ _0960_/A1 (sky130_fd_sc_hd__a21o_4)
     2    0.008843    0.040471    0.153701    2.912589 ^ _0960_/X (sky130_fd_sc_hd__a21o_4)
                                                         _0135_ (net)
                      0.040471    0.000115    2.912704 ^ _0968_/A3 (sky130_fd_sc_hd__a31o_4)
     2    0.013010    0.060719    0.161833    3.074537 ^ _0968_/X (sky130_fd_sc_hd__a31o_4)
                                                         _0143_ (net)
                      0.060722    0.000511    3.075048 ^ _0983_/D_N (sky130_fd_sc_hd__or4b_4)
     2    0.009371    0.093532    0.472224    3.547271 v _0983_/X (sky130_fd_sc_hd__or4b_4)
                                                         _0158_ (net)
                      0.093532    0.000192    3.547463 v rebuffer218/A (sky130_fd_sc_hd__buf_6)
     2    0.012105    0.026952    0.139527    3.686990 v rebuffer218/X (sky130_fd_sc_hd__buf_6)
                                                         net218 (net)
                      0.026952    0.000272    3.687263 v _1017_/A2 (sky130_fd_sc_hd__a211o_4)
     2    0.017113    0.069588    0.349382    4.036645 v _1017_/X (sky130_fd_sc_hd__a211o_4)
                                                         _0192_ (net)
                      0.069588    0.000789    4.037434 v rebuffer381/A (sky130_fd_sc_hd__buf_6)
     3    0.014339    0.028769    0.131003    4.168437 v rebuffer381/X (sky130_fd_sc_hd__buf_6)
                                                         net381 (net)
                      0.028770    0.000175    4.168612 v _1050_/A1 (sky130_fd_sc_hd__a211o_4)
     2    0.024721    0.079167    0.352681    4.521292 v _1050_/X (sky130_fd_sc_hd__a211o_4)
                                                         _0225_ (net)
                      0.079176    0.000840    4.522132 v _1563_/A2 (sky130_fd_sc_hd__a211o_4)
     2    0.010346    0.058157    0.354018    4.876150 v _1563_/X (sky130_fd_sc_hd__a211o_4)
                                                         _0713_ (net)
                      0.058157    0.000080    4.876230 v _1564_/B1 (sky130_fd_sc_hd__o311a_4)
     1    0.004732    0.051340    0.129004    5.005234 v _1564_/X (sky130_fd_sc_hd__o311a_4)
                                                         _0714_ (net)
                      0.051340    0.000048    5.005281 v _1578_/A1 (sky130_fd_sc_hd__a211o_4)
     2    0.009019    0.056238    0.328000    5.333282 v _1578_/X (sky130_fd_sc_hd__a211o_4)
                                                         net86 (net)
                      0.056238    0.000090    5.333372 v output86/A (sky130_fd_sc_hd__buf_8)
     1    0.034741    0.040135    0.139219    5.472591 v output86/X (sky130_fd_sc_hd__buf_8)
                                                         result[25] (net)
                      0.040140    0.000440    5.473031 v result[25] (out)
                                              5.473031   data arrival time

                      0.000000   10.000000   10.000000   clock __VIRTUAL_CLK__ (rise edge)
                                  0.000000   10.000000   clock network delay (ideal)
                                 -0.250000    9.750000   clock uncertainty
                                  0.000000    9.750000   clock reconvergence pessimism
                                 -2.000000    7.750000   output external delay
                                              7.750000   data required time
---------------------------------------------------------------------------------------------
                                              7.750000   data required time
                                             -5.473031   data arrival time
---------------------------------------------------------------------------------------------
                                              2.276969   slack (MET)


Startpoint: control[0] (input port clocked by __VIRTUAL_CLK__)
Endpoint: result[24] (output port clocked by __VIRTUAL_CLK__)
Path Group: __VIRTUAL_CLK__
Path Type: max

Fanout         Cap        Slew       Delay        Time   Description
---------------------------------------------------------------------------------------------
                      0.000000    0.000000    0.000000   clock __VIRTUAL_CLK__ (rise edge)
                                  0.000000    0.000000   clock network delay (ideal)
                                  2.000000    2.000000 v input external delay
     1    0.002892    0.008845    0.004571    2.004571 v control[0] (in)
                                                         control[0] (net)
                      0.008845    0.000000    2.004571 v input65/A (sky130_fd_sc_hd__clkdlybuf4s25_1)
     5    0.018877    0.147659    0.317752    2.322323 v input65/X (sky130_fd_sc_hd__clkdlybuf4s25_1)
                                                         net65 (net)
                      0.147659    0.000478    2.322801 v fanout156/A (sky130_fd_sc_hd__buf_4)
    10    0.036408    0.061728    0.216293    2.539094 v fanout156/X (sky130_fd_sc_hd__buf_4)
                                                         net156 (net)
                      0.061729    0.000407    2.539501 v _0865_/C (sky130_fd_sc_hd__and4b_2)
     1    0.004266    0.046419    0.226642    2.766144 v _0865_/X (sky130_fd_sc_hd__and4b_2)
                                                         _0040_ (net)
                      0.046419    0.000062    2.766206 v fanout123/A (sky130_fd_sc_hd__clkdlybuf4s25_1)
     6    0.040198    0.297652    0.446181    3.212387 v fanout123/X (sky130_fd_sc_hd__clkdlybuf4s25_1)
                                                         net123 (net)
                      0.297652    0.000252    3.212639 v fanout122/A (sky130_fd_sc_hd__clkdlybuf4s25_1)
    10    0.053661    0.393679    0.607855    3.820494 v fanout122/X (sky130_fd_sc_hd__clkdlybuf4s25_1)
                                                         net122 (net)
                      0.393685    0.002034    3.822528 v _1555_/A1 (sky130_fd_sc_hd__a221o_2)
     1    0.011620    0.077696    0.496707    4.319235 v _1555_/X (sky130_fd_sc_hd__a221o_2)
                                                         _0706_ (net)
                      0.077698    0.000513    4.319748 v _1559_/C1 (sky130_fd_sc_hd__a221o_2)
     1    0.008837    0.069423    0.330612    4.650360 v _1559_/X (sky130_fd_sc_hd__a221o_2)
                                                         _0710_ (net)
                      0.069423    0.000199    4.650559 v _1560_/C1 (sky130_fd_sc_hd__a221oi_2)
     1    0.020880    0.453149    0.376742    5.027301 ^ _1560_/Y (sky130_fd_sc_hd__a221oi_2)
                                                         _0711_ (net)
                      0.453151    0.000842    5.028142 ^ _1561_/B1 (sky130_fd_sc_hd__o31a_4)
     1    0.007627    0.051107    0.232051    5.260194 ^ _1561_/X (sky130_fd_sc_hd__o31a_4)
                                                         _0712_ (net)
                      0.051107    0.000179    5.260372 ^ _1562_/B1 (sky130_fd_sc_hd__o21ai_2)
     2    0.007405    0.069072    0.058561    5.318933 v _1562_/Y (sky130_fd_sc_hd__o21ai_2)
                                                         net85 (net)
                      0.069072    0.000066    5.319000 v output85/A (sky130_fd_sc_hd__buf_6)
     1    0.035868    0.044849    0.148631    5.467631 v output85/X (sky130_fd_sc_hd__buf_6)
                                                         result[24] (net)
                      0.044860    0.000680    5.468311 v result[24] (out)
                                              5.468311   data arrival time

                      0.000000   10.000000   10.000000   clock __VIRTUAL_CLK__ (rise edge)
                                  0.000000   10.000000   clock network delay (ideal)
                                 -0.250000    9.750000   clock uncertainty
                                  0.000000    9.750000   clock reconvergence pessimism
                                 -2.000000    7.750000   output external delay
                                              7.750000   data required time
---------------------------------------------------------------------------------------------
                                              7.750000   data required time
                                             -5.468311   data arrival time
---------------------------------------------------------------------------------------------
                                              2.281689   slack (MET)


Startpoint: B[0] (input port clocked by __VIRTUAL_CLK__)
Endpoint: result[19] (output port clocked by __VIRTUAL_CLK__)
Path Group: __VIRTUAL_CLK__
Path Type: max

Fanout         Cap        Slew       Delay        Time   Description
---------------------------------------------------------------------------------------------
                      0.000000    0.000000    0.000000   clock __VIRTUAL_CLK__ (rise edge)
                                  0.000000    0.000000   clock network delay (ideal)
                                  2.000000    2.000000 v input external delay
     1    0.007729    0.019537    0.012502    2.012502 v B[0] (in)
                                                         B[0] (net)
                      0.019537    0.000000    2.012502 v input33/A (sky130_fd_sc_hd__buf_8)
     2    0.024581    0.033327    0.116119    2.128621 v input33/X (sky130_fd_sc_hd__buf_8)
                                                         net33 (net)
                      0.033330    0.000365    2.128986 v fanout192/A (sky130_fd_sc_hd__buf_8)
     2    0.018776    0.029906    0.117676    2.246662 v fanout192/X (sky130_fd_sc_hd__buf_8)
                                                         net192 (net)
                      0.029917    0.000290    2.246952 v fanout190/A (sky130_fd_sc_hd__buf_6)
     2    0.006815    0.023073    0.104913    2.351865 v fanout190/X (sky130_fd_sc_hd__buf_6)
                                                         net190 (net)
                      0.023073    0.000024    2.351889 v load_slew191/A (sky130_fd_sc_hd__buf_6)
     3    0.019538    0.032993    0.115761    2.467650 v load_slew191/X (sky130_fd_sc_hd__buf_6)
                                                         net191 (net)
                      0.033033    0.000981    2.468631 v fanout188/A (sky130_fd_sc_hd__buf_8)
     5    0.025526    0.033958    0.122421    2.591052 v fanout188/X (sky130_fd_sc_hd__buf_8)
                                                         net188 (net)
                      0.033959    0.000268    2.591320 v load_slew189/A (sky130_fd_sc_hd__buf_8)
     4    0.012476    0.026406    0.113411    2.704731 v load_slew189/X (sky130_fd_sc_hd__buf_8)
                                                         net189 (net)
                      0.026406    0.000159    2.704890 v rebuffer632/A (sky130_fd_sc_hd__buf_2)
     1    0.005183    0.028899    0.113251    2.818141 v rebuffer632/X (sky130_fd_sc_hd__buf_2)
                                                         net632 (net)
                      0.028909    0.000056    2.818197 v rebuffer230/A (sky130_fd_sc_hd__buf_6)
     2    0.009405    0.024945    0.107338    2.925535 v rebuffer230/X (sky130_fd_sc_hd__buf_6)
                                                         net230 (net)
                      0.024945    0.000147    2.925682 v rebuffer523/A (sky130_fd_sc_hd__buf_4)
     1    0.005755    0.027595    0.122090    3.047772 v rebuffer523/X (sky130_fd_sc_hd__buf_4)
                                                         net523 (net)
                      0.027595    0.000052    3.047825 v _1142_/S0 (sky130_fd_sc_hd__mux4_2)
     4    0.030034    0.155644    0.522680    3.570504 v _1142_/X (sky130_fd_sc_hd__mux4_2)
                                                         _0314_ (net)
                      0.155648    0.000959    3.571463 v _1144_/A0 (sky130_fd_sc_hd__mux2_4)
     2    0.006958    0.055426    0.315057    3.886521 v _1144_/X (sky130_fd_sc_hd__mux2_4)
                                                         _0316_ (net)
                      0.055426    0.000099    3.886619 v _1147_/A0 (sky130_fd_sc_hd__mux2_4)
     1    0.005121    0.052965    0.272794    4.159413 v _1147_/X (sky130_fd_sc_hd__mux2_4)
                                                         _0319_ (net)
                      0.052965    0.000050    4.159462 v _1150_/A2 (sky130_fd_sc_hd__a22o_4)
     2    0.024267    0.063936    0.287574    4.447036 v _1150_/X (sky130_fd_sc_hd__a22o_4)
                                                         _0322_ (net)
                      0.063940    0.000539    4.447575 v _1474_/A1 (sky130_fd_sc_hd__o21a_4)
     1    0.006841    0.037097    0.218814    4.666389 v _1474_/X (sky130_fd_sc_hd__o21a_4)
                                                         _0630_ (net)
                      0.037097    0.000188    4.666576 v _1475_/B (sky130_fd_sc_hd__or3b_4)
     1    0.006500    0.070593    0.368838    5.035414 v _1475_/X (sky130_fd_sc_hd__or3b_4)
                                                         _0631_ (net)
                      0.070593    0.000163    5.035578 v _1476_/A_N (sky130_fd_sc_hd__nand3b_4)
     2    0.011434    0.067522    0.174400    5.209979 v _1476_/Y (sky130_fd_sc_hd__nand3b_4)
                                                         net79 (net)
                      0.067523    0.000340    5.210318 v rebuffer443/A (sky130_fd_sc_hd__buf_6)
     1    0.007461    0.023560    0.122448    5.332766 v rebuffer443/X (sky130_fd_sc_hd__buf_6)
                                                         net443 (net)
                      0.023560    0.000050    5.332816 v output79/A (sky130_fd_sc_hd__buf_8)
     1    0.034735    0.040141    0.125026    5.457842 v output79/X (sky130_fd_sc_hd__buf_8)
                                                         result[19] (net)
                      0.040144    0.000406    5.458248 v result[19] (out)
                                              5.458248   data arrival time

                      0.000000   10.000000   10.000000   clock __VIRTUAL_CLK__ (rise edge)
                                  0.000000   10.000000   clock network delay (ideal)
                                 -0.250000    9.750000   clock uncertainty
                                  0.000000    9.750000   clock reconvergence pessimism
                                 -2.000000    7.750000   output external delay
                                              7.750000   data required time
---------------------------------------------------------------------------------------------
                                              7.750000   data required time
                                             -5.458248   data arrival time
---------------------------------------------------------------------------------------------
                                              2.291752   slack (MET)


Startpoint: B[1] (input port clocked by __VIRTUAL_CLK__)
Endpoint: result[18] (output port clocked by __VIRTUAL_CLK__)
Path Group: __VIRTUAL_CLK__
Path Type: max

Fanout         Cap        Slew       Delay        Time   Description
---------------------------------------------------------------------------------------------
                      0.000000    0.000000    0.000000   clock __VIRTUAL_CLK__ (rise edge)
                                  0.000000    0.000000   clock network delay (ideal)
                                  2.000000    2.000000 v input external delay
     1    0.008001    0.020130    0.012944    2.012944 v B[1] (in)
                                                         B[1] (net)
                      0.020130    0.000000    2.012944 v input44/A (sky130_fd_sc_hd__buf_8)
     3    0.019070    0.030024    0.112272    2.125216 v input44/X (sky130_fd_sc_hd__buf_8)
                                                         net44 (net)
                      0.030041    0.000624    2.125840 v fanout180/A (sky130_fd_sc_hd__buf_8)
     2    0.010787    0.025461    0.110456    2.236296 v fanout180/X (sky130_fd_sc_hd__buf_8)
                                                         net180 (net)
                      0.025461    0.000096    2.236392 v load_slew181/A (sky130_fd_sc_hd__buf_8)
     2    0.019077    0.030074    0.114361    2.350754 v load_slew181/X (sky130_fd_sc_hd__buf_8)
                                                         net181 (net)
                      0.030098    0.000770    2.351524 v fanout178/A (sky130_fd_sc_hd__buf_8)
     2    0.012135    0.026214    0.111470    2.462994 v fanout178/X (sky130_fd_sc_hd__buf_8)
                                                         net178 (net)
                      0.026214    0.000098    2.463092 v rebuffer525/A (sky130_fd_sc_hd__buf_8)
     2    0.018383    0.029673    0.114352    2.577444 v rebuffer525/X (sky130_fd_sc_hd__buf_8)
                                                         net525 (net)
                      0.029683    0.000161    2.577605 v _0958_/B (sky130_fd_sc_hd__xnor2_4)
     5    0.018043    0.190785    0.181127    2.758732 ^ _0958_/Y (sky130_fd_sc_hd__xnor2_4)
                                                         _0133_ (net)
                      0.190785    0.000155    2.758887 ^ _0960_/A1 (sky130_fd_sc_hd__a21o_4)
     2    0.008843    0.040471    0.153701    2.912589 ^ _0960_/X (sky130_fd_sc_hd__a21o_4)
                                                         _0135_ (net)
                      0.040471    0.000115    2.912704 ^ _0968_/A3 (sky130_fd_sc_hd__a31o_4)
     2    0.013010    0.060719    0.161833    3.074537 ^ _0968_/X (sky130_fd_sc_hd__a31o_4)
                                                         _0143_ (net)
                      0.060722    0.000511    3.075048 ^ _0983_/D_N (sky130_fd_sc_hd__or4b_4)
     2    0.009371    0.093532    0.472224    3.547271 v _0983_/X (sky130_fd_sc_hd__or4b_4)
                                                         _0158_ (net)
                      0.093532    0.000192    3.547463 v rebuffer218/A (sky130_fd_sc_hd__buf_6)
     2    0.012105    0.026952    0.139527    3.686990 v rebuffer218/X (sky130_fd_sc_hd__buf_6)
                                                         net218 (net)
                      0.026952    0.000272    3.687263 v _1017_/A2 (sky130_fd_sc_hd__a211o_4)
     2    0.017113    0.069588    0.349382    4.036645 v _1017_/X (sky130_fd_sc_hd__a211o_4)
                                                         _0192_ (net)
                      0.069588    0.000819    4.037464 v _1427_/A1 (sky130_fd_sc_hd__a21o_2)
     3    0.008702    0.048077    0.211240    4.248704 v _1427_/X (sky130_fd_sc_hd__a21o_2)
                                                         _0585_ (net)
                      0.048077    0.000052    4.248756 v _1446_/A2 (sky130_fd_sc_hd__a21o_2)
     3    0.010191    0.052221    0.230132    4.478889 v _1446_/X (sky130_fd_sc_hd__a21o_2)
                                                         _0603_ (net)
                      0.052221    0.000076    4.478964 v _1448_/B (sky130_fd_sc_hd__and2b_2)
     1    0.006327    0.044266    0.201244    4.680208 v _1448_/X (sky130_fd_sc_hd__and2b_2)
                                                         _0605_ (net)
                      0.044266    0.000132    4.680340 v _1461_/C (sky130_fd_sc_hd__or4_4)
     2    0.014660    0.102685    0.509773    5.190113 v _1461_/X (sky130_fd_sc_hd__or4_4)
                                                         net78 (net)
                      0.102685    0.000457    5.190570 v output78/A (sky130_fd_sc_hd__buf_8)
     1    0.034611    0.040152    0.160153    5.350723 v output78/X (sky130_fd_sc_hd__buf_8)
                                                         result[18] (net)
                      0.040155    0.000338    5.351061 v result[18] (out)
                                              5.351061   data arrival time

                      0.000000   10.000000   10.000000   clock __VIRTUAL_CLK__ (rise edge)
                                  0.000000   10.000000   clock network delay (ideal)
                                 -0.250000    9.750000   clock uncertainty
                                  0.000000    9.750000   clock reconvergence pessimism
                                 -2.000000    7.750000   output external delay
                                              7.750000   data required time
---------------------------------------------------------------------------------------------
                                              7.750000   data required time
                                             -5.351061   data arrival time
---------------------------------------------------------------------------------------------
                                              2.398939   slack (MET)


Startpoint: B[0] (input port clocked by __VIRTUAL_CLK__)
Endpoint: result[10] (output port clocked by __VIRTUAL_CLK__)
Path Group: __VIRTUAL_CLK__
Path Type: max

Fanout         Cap        Slew       Delay        Time   Description
---------------------------------------------------------------------------------------------
                      0.000000    0.000000    0.000000   clock __VIRTUAL_CLK__ (rise edge)
                                  0.000000    0.000000   clock network delay (ideal)
                                  2.000000    2.000000 v input external delay
     1    0.007729    0.019537    0.012502    2.012502 v B[0] (in)
                                                         B[0] (net)
                      0.019537    0.000000    2.012502 v input33/A (sky130_fd_sc_hd__buf_8)
     2    0.024581    0.033327    0.116119    2.128621 v input33/X (sky130_fd_sc_hd__buf_8)
                                                         net33 (net)
                      0.033330    0.000365    2.128986 v fanout192/A (sky130_fd_sc_hd__buf_8)
     2    0.018776    0.029906    0.117676    2.246662 v fanout192/X (sky130_fd_sc_hd__buf_8)
                                                         net192 (net)
                      0.029917    0.000290    2.246952 v fanout190/A (sky130_fd_sc_hd__buf_6)
     2    0.006815    0.023073    0.104913    2.351865 v fanout190/X (sky130_fd_sc_hd__buf_6)
                                                         net190 (net)
                      0.023073    0.000024    2.351889 v load_slew191/A (sky130_fd_sc_hd__buf_6)
     3    0.019538    0.032993    0.115761    2.467650 v load_slew191/X (sky130_fd_sc_hd__buf_6)
                                                         net191 (net)
                      0.033033    0.000981    2.468631 v fanout188/A (sky130_fd_sc_hd__buf_8)
     5    0.025526    0.033958    0.122421    2.591052 v fanout188/X (sky130_fd_sc_hd__buf_8)
                                                         net188 (net)
                      0.033959    0.000268    2.591320 v load_slew189/A (sky130_fd_sc_hd__buf_8)
     4    0.012476    0.026406    0.113411    2.704731 v load_slew189/X (sky130_fd_sc_hd__buf_8)
                                                         net189 (net)
                      0.026406    0.000159    2.704890 v rebuffer632/A (sky130_fd_sc_hd__buf_2)
     1    0.005183    0.028899    0.113251    2.818141 v rebuffer632/X (sky130_fd_sc_hd__buf_2)
                                                         net632 (net)
                      0.028909    0.000056    2.818197 v rebuffer230/A (sky130_fd_sc_hd__buf_6)
     2    0.009405    0.024945    0.107338    2.925535 v rebuffer230/X (sky130_fd_sc_hd__buf_6)
                                                         net230 (net)
                      0.024945    0.000127    2.925662 v _1112_/S0 (sky130_fd_sc_hd__mux4_2)
     2    0.013977    0.114602    0.465128    3.390790 v _1112_/X (sky130_fd_sc_hd__mux4_2)
                                                         _0285_ (net)
                      0.114602    0.000322    3.391112 v rebuffer520/A (sky130_fd_sc_hd__buf_6)
     2    0.014476    0.028930    0.151883    3.542995 v rebuffer520/X (sky130_fd_sc_hd__buf_6)
                                                         net520 (net)
                      0.028954    0.000237    3.543231 v _1114_/A0 (sky130_fd_sc_hd__mux2_4)
     2    0.004254    0.050782    0.260883    3.804115 v _1114_/X (sky130_fd_sc_hd__mux2_4)
                                                         _0287_ (net)
                      0.050782    0.000024    3.804138 v _1298_/A0 (sky130_fd_sc_hd__mux2_4)
     1    0.008979    0.058134    0.281340    4.085478 v _1298_/X (sky130_fd_sc_hd__mux2_4)
                                                         _0463_ (net)
                      0.058134    0.000245    4.085723 v _1303_/B1 (sky130_fd_sc_hd__a2bb2o_4)
     1    0.003164    0.033460    0.211854    4.297577 v _1303_/X (sky130_fd_sc_hd__a2bb2o_4)
                                                         _0468_ (net)
                      0.033460    0.000034    4.297611 v _1305_/A (sky130_fd_sc_hd__or3_4)
     1    0.006021    0.068372    0.378427    4.676038 v _1305_/X (sky130_fd_sc_hd__or3_4)
                                                         _0470_ (net)
                      0.068372    0.000095    4.676133 v _1306_/B1 (sky130_fd_sc_hd__a31o_4)
     1    0.004708    0.037542    0.208904    4.885036 v _1306_/X (sky130_fd_sc_hd__a31o_4)
                                                         _0471_ (net)
                      0.037542    0.000047    4.885084 v _1307_/B1 (sky130_fd_sc_hd__a31o_4)
     2    0.009838    0.044751    0.208652    5.093736 v _1307_/X (sky130_fd_sc_hd__a31o_4)
                                                         net70 (net)
                      0.044751    0.000054    5.093790 v rebuffer521/A (sky130_fd_sc_hd__buf_6)
     1    0.007693    0.023724    0.112385    5.206175 v rebuffer521/X (sky130_fd_sc_hd__buf_6)
                                                         net521 (net)
                      0.023724    0.000094    5.206269 v output70/A (sky130_fd_sc_hd__buf_8)
     1    0.035232    0.040554    0.125340    5.331610 v output70/X (sky130_fd_sc_hd__buf_8)
                                                         result[10] (net)
                      0.040563    0.000582    5.332192 v result[10] (out)
                                              5.332192   data arrival time

                      0.000000   10.000000   10.000000   clock __VIRTUAL_CLK__ (rise edge)
                                  0.000000   10.000000   clock network delay (ideal)
                                 -0.250000    9.750000   clock uncertainty
                                  0.000000    9.750000   clock reconvergence pessimism
                                 -2.000000    7.750000   output external delay
                                              7.750000   data required time
---------------------------------------------------------------------------------------------
                                              7.750000   data required time
                                             -5.332192   data arrival time
---------------------------------------------------------------------------------------------
                                              2.417808   slack (MET)


Startpoint: B[0] (input port clocked by __VIRTUAL_CLK__)
Endpoint: result[17] (output port clocked by __VIRTUAL_CLK__)
Path Group: __VIRTUAL_CLK__
Path Type: max

Fanout         Cap        Slew       Delay        Time   Description
---------------------------------------------------------------------------------------------
                      0.000000    0.000000    0.000000   clock __VIRTUAL_CLK__ (rise edge)
                                  0.000000    0.000000   clock network delay (ideal)
                                  2.000000    2.000000 v input external delay
     1    0.007729    0.019537    0.012502    2.012502 v B[0] (in)
                                                         B[0] (net)
                      0.019537    0.000000    2.012502 v input33/A (sky130_fd_sc_hd__buf_8)
     2    0.024581    0.033327    0.116119    2.128621 v input33/X (sky130_fd_sc_hd__buf_8)
                                                         net33 (net)
                      0.033330    0.000365    2.128986 v fanout192/A (sky130_fd_sc_hd__buf_8)
     2    0.018776    0.029906    0.117676    2.246662 v fanout192/X (sky130_fd_sc_hd__buf_8)
                                                         net192 (net)
                      0.029917    0.000290    2.246952 v fanout190/A (sky130_fd_sc_hd__buf_6)
     2    0.006815    0.023073    0.104913    2.351865 v fanout190/X (sky130_fd_sc_hd__buf_6)
                                                         net190 (net)
                      0.023073    0.000024    2.351889 v load_slew191/A (sky130_fd_sc_hd__buf_6)
     3    0.019538    0.032993    0.115761    2.467650 v load_slew191/X (sky130_fd_sc_hd__buf_6)
                                                         net191 (net)
                      0.033033    0.000981    2.468631 v fanout188/A (sky130_fd_sc_hd__buf_8)
     5    0.025526    0.033958    0.122421    2.591052 v fanout188/X (sky130_fd_sc_hd__buf_8)
                                                         net188 (net)
                      0.033959    0.000268    2.591320 v load_slew189/A (sky130_fd_sc_hd__buf_8)
     4    0.012476    0.026406    0.113411    2.704731 v load_slew189/X (sky130_fd_sc_hd__buf_8)
                                                         net189 (net)
                      0.026406    0.000158    2.704889 v _1070_/S0 (sky130_fd_sc_hd__mux4_2)
     2    0.014391    0.115584    0.467041    3.171930 v _1070_/X (sky130_fd_sc_hd__mux4_2)
                                                         _0244_ (net)
                      0.115584    0.000634    3.172565 v _1072_/A0 (sky130_fd_sc_hd__mux2_4)
     3    0.012125    0.062372    0.312853    3.485417 v _1072_/X (sky130_fd_sc_hd__mux2_4)
                                                         _0246_ (net)
                      0.062372    0.000126    3.485544 v _1079_/A0 (sky130_fd_sc_hd__mux2_4)
     1    0.004885    0.052971    0.274388    3.759932 v _1079_/X (sky130_fd_sc_hd__mux2_4)
                                                         _0253_ (net)
                      0.052971    0.000055    3.759986 v _1086_/A1 (sky130_fd_sc_hd__a22o_4)
     2    0.011492    0.048315    0.254882    4.014868 v _1086_/X (sky130_fd_sc_hd__a22o_4)
                                                         _0260_ (net)
                      0.048345    0.000309    4.015177 v _1435_/A2 (sky130_fd_sc_hd__o21a_4)
     1    0.010004    0.040832    0.199668    4.214845 v _1435_/X (sky130_fd_sc_hd__o21a_4)
                                                         _0593_ (net)
                      0.040832    0.000377    4.215222 v _1438_/C (sky130_fd_sc_hd__or4_4)
     1    0.005264    0.085615    0.475111    4.690333 v _1438_/X (sky130_fd_sc_hd__or4_4)
                                                         _0596_ (net)
                      0.085615    0.000099    4.690431 v _1445_/C (sky130_fd_sc_hd__or3_4)
     2    0.009148    0.073394    0.349860    5.040291 v _1445_/X (sky130_fd_sc_hd__or3_4)
                                                         net77 (net)
                      0.073394    0.000093    5.040384 v rebuffer223/A (sky130_fd_sc_hd__buf_2)
     1    0.006766    0.032086    0.137918    5.178302 v rebuffer223/X (sky130_fd_sc_hd__buf_2)
                                                         net223 (net)
                      0.032086    0.000117    5.178419 v output77/A (sky130_fd_sc_hd__buf_6)
     1    0.034442    0.043763    0.131322    5.309741 v output77/X (sky130_fd_sc_hd__buf_6)
                                                         result[17] (net)
                      0.043763    0.000222    5.309964 v result[17] (out)
                                              5.309964   data arrival time

                      0.000000   10.000000   10.000000   clock __VIRTUAL_CLK__ (rise edge)
                                  0.000000   10.000000   clock network delay (ideal)
                                 -0.250000    9.750000   clock uncertainty
                                  0.000000    9.750000   clock reconvergence pessimism
                                 -2.000000    7.750000   output external delay
                                              7.750000   data required time
---------------------------------------------------------------------------------------------
                                              7.750000   data required time
                                             -5.309964   data arrival time
---------------------------------------------------------------------------------------------
                                              2.440036   slack (MET)


Startpoint: B[1] (input port clocked by __VIRTUAL_CLK__)
Endpoint: result[20] (output port clocked by __VIRTUAL_CLK__)
Path Group: __VIRTUAL_CLK__
Path Type: max

Fanout         Cap        Slew       Delay        Time   Description
---------------------------------------------------------------------------------------------
                      0.000000    0.000000    0.000000   clock __VIRTUAL_CLK__ (rise edge)
                                  0.000000    0.000000   clock network delay (ideal)
                                  2.000000    2.000000 v input external delay
     1    0.008001    0.020130    0.012944    2.012944 v B[1] (in)
                                                         B[1] (net)
                      0.020130    0.000000    2.012944 v input44/A (sky130_fd_sc_hd__buf_8)
     3    0.019070    0.030024    0.112272    2.125216 v input44/X (sky130_fd_sc_hd__buf_8)
                                                         net44 (net)
                      0.030041    0.000624    2.125840 v fanout180/A (sky130_fd_sc_hd__buf_8)
     2    0.010787    0.025461    0.110456    2.236296 v fanout180/X (sky130_fd_sc_hd__buf_8)
                                                         net180 (net)
                      0.025461    0.000096    2.236392 v load_slew181/A (sky130_fd_sc_hd__buf_8)
     2    0.019077    0.030074    0.114361    2.350754 v load_slew181/X (sky130_fd_sc_hd__buf_8)
                                                         net181 (net)
                      0.030098    0.000770    2.351524 v fanout178/A (sky130_fd_sc_hd__buf_8)
     2    0.012135    0.026214    0.111470    2.462994 v fanout178/X (sky130_fd_sc_hd__buf_8)
                                                         net178 (net)
                      0.026214    0.000098    2.463092 v rebuffer525/A (sky130_fd_sc_hd__buf_8)
     2    0.018383    0.029673    0.114352    2.577444 v rebuffer525/X (sky130_fd_sc_hd__buf_8)
                                                         net525 (net)
                      0.029683    0.000161    2.577605 v _0958_/B (sky130_fd_sc_hd__xnor2_4)
     5    0.018043    0.190785    0.181127    2.758732 ^ _0958_/Y (sky130_fd_sc_hd__xnor2_4)
                                                         _0133_ (net)
                      0.190785    0.000155    2.758887 ^ _0960_/A1 (sky130_fd_sc_hd__a21o_4)
     2    0.008843    0.040471    0.153701    2.912589 ^ _0960_/X (sky130_fd_sc_hd__a21o_4)
                                                         _0135_ (net)
                      0.040471    0.000115    2.912704 ^ _0968_/A3 (sky130_fd_sc_hd__a31o_4)
     2    0.013010    0.060719    0.161833    3.074537 ^ _0968_/X (sky130_fd_sc_hd__a31o_4)
                                                         _0143_ (net)
                      0.060722    0.000511    3.075048 ^ _0983_/D_N (sky130_fd_sc_hd__or4b_4)
     2    0.009371    0.093532    0.472224    3.547271 v _0983_/X (sky130_fd_sc_hd__or4b_4)
                                                         _0158_ (net)
                      0.093532    0.000192    3.547463 v rebuffer218/A (sky130_fd_sc_hd__buf_6)
     2    0.012105    0.026952    0.139527    3.686990 v rebuffer218/X (sky130_fd_sc_hd__buf_6)
                                                         net218 (net)
                      0.026952    0.000272    3.687263 v _1017_/A2 (sky130_fd_sc_hd__a211o_4)
     2    0.017113    0.069588    0.349382    4.036645 v _1017_/X (sky130_fd_sc_hd__a211o_4)
                                                         _0192_ (net)
                      0.069588    0.000789    4.037434 v rebuffer381/A (sky130_fd_sc_hd__buf_6)
     3    0.014339    0.028769    0.131003    4.168437 v rebuffer381/X (sky130_fd_sc_hd__buf_6)
                                                         net381 (net)
                      0.028770    0.000175    4.168612 v _1050_/A1 (sky130_fd_sc_hd__a211o_4)
     2    0.024721    0.079167    0.352681    4.521292 v _1050_/X (sky130_fd_sc_hd__a211o_4)
                                                         _0225_ (net)
                      0.079172    0.000695    4.521988 v rebuffer287/A (sky130_fd_sc_hd__buf_8)
     4    0.028818    0.036112    0.144929    4.666917 v rebuffer287/X (sky130_fd_sc_hd__buf_8)
                                                         net287 (net)
                      0.036112    0.000147    4.667064 v _1477_/A (sky130_fd_sc_hd__nand2_2)
     2    0.011342    0.076596    0.074073    4.741137 ^ _1477_/Y (sky130_fd_sc_hd__nand2_2)
                                                         _0632_ (net)
                      0.076596    0.000068    4.741204 ^ _1478_/B (sky130_fd_sc_hd__xor2_2)
     1    0.004970    0.056534    0.065663    4.806867 v _1478_/X (sky130_fd_sc_hd__xor2_2)
                                                         _0633_ (net)
                      0.056534    0.000056    4.806922 v _1495_/A1 (sky130_fd_sc_hd__a211o_4)
     2    0.011301    0.060131    0.335854    5.142776 v _1495_/X (sky130_fd_sc_hd__a211o_4)
                                                         net81 (net)
                      0.060131    0.000099    5.142876 v output81/A (sky130_fd_sc_hd__buf_8)
     1    0.034451    0.039864    0.140832    5.283708 v output81/X (sky130_fd_sc_hd__buf_8)
                                                         result[20] (net)
                      0.039865    0.000273    5.283980 v result[20] (out)
                                              5.283980   data arrival time

                      0.000000   10.000000   10.000000   clock __VIRTUAL_CLK__ (rise edge)
                                  0.000000   10.000000   clock network delay (ideal)
                                 -0.250000    9.750000   clock uncertainty
                                  0.000000    9.750000   clock reconvergence pessimism
                                 -2.000000    7.750000   output external delay
                                              7.750000   data required time
---------------------------------------------------------------------------------------------
                                              7.750000   data required time
                                             -5.283980   data arrival time
---------------------------------------------------------------------------------------------
                                              2.466019   slack (MET)


Startpoint: control[0] (input port clocked by __VIRTUAL_CLK__)
Endpoint: result[16] (output port clocked by __VIRTUAL_CLK__)
Path Group: __VIRTUAL_CLK__
Path Type: max

Fanout         Cap        Slew       Delay        Time   Description
---------------------------------------------------------------------------------------------
                      0.000000    0.000000    0.000000   clock __VIRTUAL_CLK__ (rise edge)
                                  0.000000    0.000000   clock network delay (ideal)
                                  2.000000    2.000000 v input external delay
     1    0.002892    0.008845    0.004571    2.004571 v control[0] (in)
                                                         control[0] (net)
                      0.008845    0.000000    2.004571 v input65/A (sky130_fd_sc_hd__clkdlybuf4s25_1)
     5    0.018877    0.147659    0.317752    2.322323 v input65/X (sky130_fd_sc_hd__clkdlybuf4s25_1)
                                                         net65 (net)
                      0.147659    0.000478    2.322801 v fanout156/A (sky130_fd_sc_hd__buf_4)
    10    0.036408    0.061728    0.216293    2.539094 v fanout156/X (sky130_fd_sc_hd__buf_4)
                                                         net156 (net)
                      0.061729    0.000407    2.539501 v _0865_/C (sky130_fd_sc_hd__and4b_2)
     1    0.004266    0.046419    0.226642    2.766144 v _0865_/X (sky130_fd_sc_hd__and4b_2)
                                                         _0040_ (net)
                      0.046419    0.000062    2.766206 v fanout123/A (sky130_fd_sc_hd__clkdlybuf4s25_1)
     6    0.040198    0.297652    0.446181    3.212387 v fanout123/X (sky130_fd_sc_hd__clkdlybuf4s25_1)
                                                         net123 (net)
                      0.297652    0.000627    3.213014 v fanout121/A (sky130_fd_sc_hd__buf_2)
    10    0.056862    0.136726    0.326069    3.539083 v fanout121/X (sky130_fd_sc_hd__buf_2)
                                                         net121 (net)
                      0.137010    0.005497    3.544580 v _1420_/B1 (sky130_fd_sc_hd__a21o_2)
     1    0.002931    0.033490    0.215112    3.759692 v _1420_/X (sky130_fd_sc_hd__a21o_2)
                                                         _0579_ (net)
                      0.033490    0.000019    3.759711 v _1421_/A2 (sky130_fd_sc_hd__a21o_2)
     1    0.008537    0.047888    0.218583    3.978295 v _1421_/X (sky130_fd_sc_hd__a21o_2)
                                                         _0580_ (net)
                      0.047888    0.000273    3.978568 v _1423_/B1 (sky130_fd_sc_hd__a211o_2)
     1    0.002472    0.045071    0.295166    4.273734 v _1423_/X (sky130_fd_sc_hd__a211o_2)
                                                         _0582_ (net)
                      0.045071    0.000022    4.273756 v _1424_/C1 (sky130_fd_sc_hd__a221o_2)
     1    0.012266    0.079334    0.335483    4.609239 v _1424_/X (sky130_fd_sc_hd__a221o_2)
                                                         _0583_ (net)
                      0.079334    0.000534    4.609773 v _1425_/B (sky130_fd_sc_hd__or3b_4)
     2    0.009024    0.074819    0.392068    5.001841 v _1425_/X (sky130_fd_sc_hd__or3b_4)
                                                         net76 (net)
                      0.074819    0.000108    5.001949 v rebuffer524/A (sky130_fd_sc_hd__buf_6)
     1    0.009330    0.024905    0.127849    5.129798 v rebuffer524/X (sky130_fd_sc_hd__buf_6)
                                                         net524 (net)
                      0.024905    0.000176    5.129974 v output76/A (sky130_fd_sc_hd__buf_8)
     1    0.034270    0.039740    0.125355    5.255329 v output76/X (sky130_fd_sc_hd__buf_8)
                                                         result[16] (net)
                      0.039740    0.000198    5.255527 v result[16] (out)
                                              5.255527   data arrival time

                      0.000000   10.000000   10.000000   clock __VIRTUAL_CLK__ (rise edge)
                                  0.000000   10.000000   clock network delay (ideal)
                                 -0.250000    9.750000   clock uncertainty
                                  0.000000    9.750000   clock reconvergence pessimism
                                 -2.000000    7.750000   output external delay
                                              7.750000   data required time
---------------------------------------------------------------------------------------------
                                              7.750000   data required time
                                             -5.255527   data arrival time
---------------------------------------------------------------------------------------------
                                              2.494473   slack (MET)


Startpoint: B[0] (input port clocked by __VIRTUAL_CLK__)
Endpoint: result[6] (output port clocked by __VIRTUAL_CLK__)
Path Group: __VIRTUAL_CLK__
Path Type: max

Fanout         Cap        Slew       Delay        Time   Description
---------------------------------------------------------------------------------------------
                      0.000000    0.000000    0.000000   clock __VIRTUAL_CLK__ (rise edge)
                                  0.000000    0.000000   clock network delay (ideal)
                                  2.000000    2.000000 v input external delay
     1    0.007729    0.019537    0.012502    2.012502 v B[0] (in)
                                                         B[0] (net)
                      0.019537    0.000000    2.012502 v input33/A (sky130_fd_sc_hd__buf_8)
     2    0.024581    0.033327    0.116119    2.128621 v input33/X (sky130_fd_sc_hd__buf_8)
                                                         net33 (net)
                      0.033330    0.000365    2.128986 v fanout192/A (sky130_fd_sc_hd__buf_8)
     2    0.018776    0.029906    0.117676    2.246662 v fanout192/X (sky130_fd_sc_hd__buf_8)
                                                         net192 (net)
                      0.029917    0.000290    2.246952 v fanout190/A (sky130_fd_sc_hd__buf_6)
     2    0.006815    0.023073    0.104913    2.351865 v fanout190/X (sky130_fd_sc_hd__buf_6)
                                                         net190 (net)
                      0.023073    0.000024    2.351889 v load_slew191/A (sky130_fd_sc_hd__buf_6)
     3    0.019538    0.032993    0.115761    2.467650 v load_slew191/X (sky130_fd_sc_hd__buf_6)
                                                         net191 (net)
                      0.033033    0.000981    2.468631 v fanout188/A (sky130_fd_sc_hd__buf_8)
     5    0.025526    0.033958    0.122421    2.591052 v fanout188/X (sky130_fd_sc_hd__buf_8)
                                                         net188 (net)
                      0.033959    0.000268    2.591320 v load_slew189/A (sky130_fd_sc_hd__buf_8)
     4    0.012476    0.026406    0.113411    2.704731 v load_slew189/X (sky130_fd_sc_hd__buf_8)
                                                         net189 (net)
                      0.026406    0.000159    2.704890 v rebuffer632/A (sky130_fd_sc_hd__buf_2)
     1    0.005183    0.028899    0.113251    2.818141 v rebuffer632/X (sky130_fd_sc_hd__buf_2)
                                                         net632 (net)
                      0.028909    0.000056    2.818197 v rebuffer230/A (sky130_fd_sc_hd__buf_6)
     2    0.009405    0.024945    0.107338    2.925535 v rebuffer230/X (sky130_fd_sc_hd__buf_6)
                                                         net230 (net)
                      0.024945    0.000127    2.925662 v _1112_/S0 (sky130_fd_sc_hd__mux4_2)
     2    0.013977    0.114602    0.465128    3.390790 v _1112_/X (sky130_fd_sc_hd__mux4_2)
                                                         _0285_ (net)
                      0.114602    0.000289    3.391079 v rebuffer233/A (sky130_fd_sc_hd__buf_6)
     1    0.009444    0.025008    0.146280    3.537359 v rebuffer233/X (sky130_fd_sc_hd__buf_6)
                                                         net233 (net)
                      0.025008    0.000303    3.537662 v _1223_/A0 (sky130_fd_sc_hd__mux2_4)
     2    0.006434    0.054744    0.266407    3.804069 v _1223_/X (sky130_fd_sc_hd__mux2_4)
                                                         _0392_ (net)
                      0.054744    0.000043    3.804111 v _1225_/A0 (sky130_fd_sc_hd__mux2_4)
     1    0.005060    0.052802    0.272313    4.076424 v _1225_/X (sky130_fd_sc_hd__mux2_4)
                                                         _0394_ (net)
                      0.052802    0.000056    4.076480 v _1228_/A1 (sky130_fd_sc_hd__a22o_4)
     2    0.018939    0.058237    0.269022    4.345503 v _1228_/X (sky130_fd_sc_hd__a22o_4)
                                                         _0397_ (net)
                      0.058237    0.000418    4.345921 v _1229_/A1 (sky130_fd_sc_hd__a211o_4)
     1    0.005938    0.051691    0.322663    4.668584 v _1229_/X (sky130_fd_sc_hd__a211o_4)
                                                         _0398_ (net)
                      0.051691    0.000096    4.668680 v _1230_/B1 (sky130_fd_sc_hd__a31o_4)
     1    0.005276    0.038913    0.203885    4.872566 v _1230_/X (sky130_fd_sc_hd__a31o_4)
                                                         _0399_ (net)
                      0.038913    0.000067    4.872633 v _1231_/B1 (sky130_fd_sc_hd__a21o_4)
     2    0.014361    0.049077    0.194089    5.066722 v _1231_/X (sky130_fd_sc_hd__a21o_4)
                                                         net97 (net)
                      0.049077    0.000384    5.067106 v output97/A (sky130_fd_sc_hd__buf_8)
     1    0.035282    0.040562    0.136380    5.203485 v output97/X (sky130_fd_sc_hd__buf_8)
                                                         result[6] (net)
                      0.040570    0.000551    5.204036 v result[6] (out)
                                              5.204036   data arrival time

                      0.000000   10.000000   10.000000   clock __VIRTUAL_CLK__ (rise edge)
                                  0.000000   10.000000   clock network delay (ideal)
                                 -0.250000    9.750000   clock uncertainty
                                  0.000000    9.750000   clock reconvergence pessimism
                                 -2.000000    7.750000   output external delay
                                              7.750000   data required time
---------------------------------------------------------------------------------------------
                                              7.750000   data required time
                                             -5.204036   data arrival time
---------------------------------------------------------------------------------------------
                                              2.545964   slack (MET)


Startpoint: control[0] (input port clocked by __VIRTUAL_CLK__)
Endpoint: result[2] (output port clocked by __VIRTUAL_CLK__)
Path Group: __VIRTUAL_CLK__
Path Type: max

Fanout         Cap        Slew       Delay        Time   Description
---------------------------------------------------------------------------------------------
                      0.000000    0.000000    0.000000   clock __VIRTUAL_CLK__ (rise edge)
                                  0.000000    0.000000   clock network delay (ideal)
                                  2.000000    2.000000 v input external delay
     1    0.002892    0.008845    0.004571    2.004571 v control[0] (in)
                                                         control[0] (net)
                      0.008845    0.000000    2.004571 v input65/A (sky130_fd_sc_hd__clkdlybuf4s25_1)
     5    0.018877    0.147659    0.317752    2.322323 v input65/X (sky130_fd_sc_hd__clkdlybuf4s25_1)
                                                         net65 (net)
                      0.147659    0.000478    2.322801 v fanout156/A (sky130_fd_sc_hd__buf_4)
    10    0.036408    0.061728    0.216293    2.539094 v fanout156/X (sky130_fd_sc_hd__buf_4)
                                                         net156 (net)
                      0.061729    0.000407    2.539501 v _0865_/C (sky130_fd_sc_hd__and4b_2)
     1    0.004266    0.046419    0.226642    2.766144 v _0865_/X (sky130_fd_sc_hd__and4b_2)
                                                         _0040_ (net)
                      0.046419    0.000062    2.766206 v fanout123/A (sky130_fd_sc_hd__clkdlybuf4s25_1)
     6    0.040198    0.297652    0.446181    3.212387 v fanout123/X (sky130_fd_sc_hd__clkdlybuf4s25_1)
                                                         net123 (net)
                      0.297652    0.000627    3.213014 v fanout121/A (sky130_fd_sc_hd__buf_2)
    10    0.056862    0.136726    0.326069    3.539083 v fanout121/X (sky130_fd_sc_hd__buf_2)
                                                         net121 (net)
                      0.136726    0.000367    3.539450 v _1138_/A1 (sky130_fd_sc_hd__a221o_2)
     1    0.002575    0.050901    0.373043    3.912493 v _1138_/X (sky130_fd_sc_hd__a221o_2)
                                                         _0311_ (net)
                      0.050901    0.000023    3.912517 v _1139_/B1 (sky130_fd_sc_hd__a31o_2)
     1    0.003269    0.037767    0.210725    4.123241 v _1139_/X (sky130_fd_sc_hd__a31o_2)
                                                         _0312_ (net)
                      0.037767    0.000027    4.123268 v _1140_/B1 (sky130_fd_sc_hd__a311o_2)
     1    0.005865    0.062001    0.357371    4.480639 v _1140_/X (sky130_fd_sc_hd__a311o_2)
                                                         _0313_ (net)
                      0.062001    0.000116    4.480755 v _1141_/C1 (sky130_fd_sc_hd__a211o_2)
     2    0.008859    0.063617    0.291184    4.771939 v _1141_/X (sky130_fd_sc_hd__a211o_2)
                                                         net91 (net)
                      0.063677    0.000220    4.772159 v output91/A (sky130_fd_sc_hd__clkdlybuf4s25_1)
     1    0.035429    0.263459    0.428831    5.200990 v output91/X (sky130_fd_sc_hd__clkdlybuf4s25_1)
                                                         result[2] (net)
                      0.263459    0.000346    5.201336 v result[2] (out)
                                              5.201336   data arrival time

                      0.000000   10.000000   10.000000   clock __VIRTUAL_CLK__ (rise edge)
                                  0.000000   10.000000   clock network delay (ideal)
                                 -0.250000    9.750000   clock uncertainty
                                  0.000000    9.750000   clock reconvergence pessimism
                                 -2.000000    7.750000   output external delay
                                              7.750000   data required time
---------------------------------------------------------------------------------------------
                                              7.750000   data required time
                                             -5.201336   data arrival time
---------------------------------------------------------------------------------------------
                                              2.548664   slack (MET)


Startpoint: control[3] (input port clocked by __VIRTUAL_CLK__)
Endpoint: result[15] (output port clocked by __VIRTUAL_CLK__)
Path Group: __VIRTUAL_CLK__
Path Type: max

Fanout         Cap        Slew       Delay        Time   Description
---------------------------------------------------------------------------------------------
                      0.000000    0.000000    0.000000   clock __VIRTUAL_CLK__ (rise edge)
                                  0.000000    0.000000   clock network delay (ideal)
                                  2.000000    2.000000 ^ input external delay
     1    0.003469    0.022629    0.012638    2.012638 ^ control[3] (in)
                                                         control[3] (net)
                      0.022629    0.000000    2.012638 ^ input68/A (sky130_fd_sc_hd__clkdlybuf4s25_1)
     2    0.009956    0.110750    0.285315    2.297953 ^ input68/X (sky130_fd_sc_hd__clkdlybuf4s25_1)
                                                         net68 (net)
                      0.110750    0.000110    2.298062 ^ fanout154/A (sky130_fd_sc_hd__clkbuf_2)
    10    0.027744    0.155056    0.207253    2.505315 ^ fanout154/X (sky130_fd_sc_hd__clkbuf_2)
                                                         net154 (net)
                      0.155056    0.000213    2.505528 ^ _0864_/B (sky130_fd_sc_hd__or2_2)
     5    0.016889    0.096200    0.183838    2.689365 ^ _0864_/X (sky130_fd_sc_hd__or2_2)
                                                         _0039_ (net)
                      0.096200    0.000141    2.689507 ^ _0874_/A_N (sky130_fd_sc_hd__and3b_2)
     1    0.008842    0.052128    0.230466    2.919973 v _0874_/X (sky130_fd_sc_hd__and3b_2)
                                                         _0049_ (net)
                      0.052128    0.000265    2.920238 v fanout115/A (sky130_fd_sc_hd__clkdlybuf4s25_1)
     7    0.040135    0.297376    0.447998    3.368236 v fanout115/X (sky130_fd_sc_hd__clkdlybuf4s25_1)
                                                         net115 (net)
                      0.297376    0.000304    3.368540 v fanout114/A (sky130_fd_sc_hd__buf_2)
    10    0.048102    0.117656    0.313585    3.682125 v fanout114/X (sky130_fd_sc_hd__buf_2)
                                                         net114 (net)
                      0.117718    0.002537    3.684662 v _1394_/A1 (sky130_fd_sc_hd__a211o_2)
     1    0.007832    0.060779    0.335334    4.019997 v _1394_/X (sky130_fd_sc_hd__a211o_2)
                                                         _0554_ (net)
                      0.060779    0.000119    4.020116 v _1399_/C1 (sky130_fd_sc_hd__a221o_2)
     1    0.002808    0.051961    0.294931    4.315047 v _1399_/X (sky130_fd_sc_hd__a221o_2)
                                                         _0559_ (net)
                      0.051961    0.000027    4.315074 v _1400_/B1 (sky130_fd_sc_hd__a21o_2)
     1    0.006723    0.043197    0.196390    4.511464 v _1400_/X (sky130_fd_sc_hd__a21o_2)
                                                         _0560_ (net)
                      0.043197    0.000177    4.511641 v _1401_/B1 (sky130_fd_sc_hd__a31o_2)
     1    0.005646    0.043802    0.217861    4.729502 v _1401_/X (sky130_fd_sc_hd__a31o_2)
                                                         _0561_ (net)
                      0.043802    0.000117    4.729619 v _1402_/B1 (sky130_fd_sc_hd__a21o_2)
     2    0.010756    0.055641    0.207173    4.936791 v _1402_/X (sky130_fd_sc_hd__a21o_2)
                                                         net75 (net)
                      0.055721    0.000365    4.937156 v output75/A (sky130_fd_sc_hd__buf_4)
     1    0.034732    0.059357    0.173463    5.110619 v output75/X (sky130_fd_sc_hd__buf_4)
                                                         result[15] (net)
                      0.059357    0.000266    5.110885 v result[15] (out)
                                              5.110885   data arrival time

                      0.000000   10.000000   10.000000   clock __VIRTUAL_CLK__ (rise edge)
                                  0.000000   10.000000   clock network delay (ideal)
                                 -0.250000    9.750000   clock uncertainty
                                  0.000000    9.750000   clock reconvergence pessimism
                                 -2.000000    7.750000   output external delay
                                              7.750000   data required time
---------------------------------------------------------------------------------------------
                                              7.750000   data required time
                                             -5.110885   data arrival time
---------------------------------------------------------------------------------------------
                                              2.639115   slack (MET)


Startpoint: B[0] (input port clocked by __VIRTUAL_CLK__)
Endpoint: result[7] (output port clocked by __VIRTUAL_CLK__)
Path Group: __VIRTUAL_CLK__
Path Type: max

Fanout         Cap        Slew       Delay        Time   Description
---------------------------------------------------------------------------------------------
                      0.000000    0.000000    0.000000   clock __VIRTUAL_CLK__ (rise edge)
                                  0.000000    0.000000   clock network delay (ideal)
                                  2.000000    2.000000 v input external delay
     1    0.007729    0.019537    0.012502    2.012502 v B[0] (in)
                                                         B[0] (net)
                      0.019537    0.000000    2.012502 v input33/A (sky130_fd_sc_hd__buf_8)
     2    0.024581    0.033327    0.116119    2.128621 v input33/X (sky130_fd_sc_hd__buf_8)
                                                         net33 (net)
                      0.033330    0.000365    2.128986 v fanout192/A (sky130_fd_sc_hd__buf_8)
     2    0.018776    0.029906    0.117676    2.246662 v fanout192/X (sky130_fd_sc_hd__buf_8)
                                                         net192 (net)
                      0.029917    0.000290    2.246952 v fanout190/A (sky130_fd_sc_hd__buf_6)
     2    0.006815    0.023073    0.104913    2.351865 v fanout190/X (sky130_fd_sc_hd__buf_6)
                                                         net190 (net)
                      0.023073    0.000024    2.351889 v load_slew191/A (sky130_fd_sc_hd__buf_6)
     3    0.019538    0.032993    0.115761    2.467650 v load_slew191/X (sky130_fd_sc_hd__buf_6)
                                                         net191 (net)
                      0.033033    0.000981    2.468631 v fanout188/A (sky130_fd_sc_hd__buf_8)
     5    0.025526    0.033958    0.122421    2.591052 v fanout188/X (sky130_fd_sc_hd__buf_8)
                                                         net188 (net)
                      0.033959    0.000268    2.591320 v load_slew189/A (sky130_fd_sc_hd__buf_8)
     4    0.012476    0.026406    0.113411    2.704731 v load_slew189/X (sky130_fd_sc_hd__buf_8)
                                                         net189 (net)
                      0.026406    0.000159    2.704890 v rebuffer632/A (sky130_fd_sc_hd__buf_2)
     1    0.005183    0.028899    0.113251    2.818141 v rebuffer632/X (sky130_fd_sc_hd__buf_2)
                                                         net632 (net)
                      0.028909    0.000056    2.818197 v rebuffer230/A (sky130_fd_sc_hd__buf_6)
     2    0.009405    0.024945    0.107338    2.925535 v rebuffer230/X (sky130_fd_sc_hd__buf_6)
                                                         net230 (net)
                      0.024945    0.000147    2.925682 v rebuffer523/A (sky130_fd_sc_hd__buf_4)
     1    0.005755    0.027595    0.122090    3.047772 v rebuffer523/X (sky130_fd_sc_hd__buf_4)
                                                         net523 (net)
                      0.027595    0.000052    3.047825 v _1142_/S0 (sky130_fd_sc_hd__mux4_2)
     4    0.030034    0.155644    0.522680    3.570504 v _1142_/X (sky130_fd_sc_hd__mux4_2)
                                                         _0314_ (net)
                      0.155647    0.000931    3.571435 v _1243_/A0 (sky130_fd_sc_hd__mux2_2)
     2    0.005773    0.056552    0.312504    3.883940 v _1243_/X (sky130_fd_sc_hd__mux2_2)
                                                         _0411_ (net)
                      0.056552    0.000041    3.883980 v _1248_/A2 (sky130_fd_sc_hd__o221a_2)
     1    0.011721    0.067002    0.299416    4.183396 v _1248_/X (sky130_fd_sc_hd__o221a_2)
                                                         _0416_ (net)
                      0.067005    0.000512    4.183908 v _1249_/C (sky130_fd_sc_hd__or3_2)
     1    0.002901    0.075514    0.408311    4.592219 v _1249_/X (sky130_fd_sc_hd__or3_2)
                                                         _0417_ (net)
                      0.075514    0.000020    4.592239 v _1250_/C (sky130_fd_sc_hd__or3_4)
     2    0.010993    0.076164    0.352116    4.944355 v _1250_/X (sky130_fd_sc_hd__or3_4)
                                                         net98 (net)
                      0.076164    0.000210    4.944565 v output98/A (sky130_fd_sc_hd__buf_6)
     1    0.035745    0.044760    0.151822    5.096387 v output98/X (sky130_fd_sc_hd__buf_6)
                                                         result[7] (net)
                      0.044770    0.000662    5.097049 v result[7] (out)
                                              5.097049   data arrival time

                      0.000000   10.000000   10.000000   clock __VIRTUAL_CLK__ (rise edge)
                                  0.000000   10.000000   clock network delay (ideal)
                                 -0.250000    9.750000   clock uncertainty
                                  0.000000    9.750000   clock reconvergence pessimism
                                 -2.000000    7.750000   output external delay
                                              7.750000   data required time
---------------------------------------------------------------------------------------------
                                              7.750000   data required time
                                             -5.097049   data arrival time
---------------------------------------------------------------------------------------------
                                              2.652951   slack (MET)


Startpoint: B[0] (input port clocked by __VIRTUAL_CLK__)
Endpoint: result[12] (output port clocked by __VIRTUAL_CLK__)
Path Group: __VIRTUAL_CLK__
Path Type: max

Fanout         Cap        Slew       Delay        Time   Description
---------------------------------------------------------------------------------------------
                      0.000000    0.000000    0.000000   clock __VIRTUAL_CLK__ (rise edge)
                                  0.000000    0.000000   clock network delay (ideal)
                                  2.000000    2.000000 ^ input external delay
     1    0.008390    0.044246    0.028783    2.028783 ^ B[0] (in)
                                                         B[0] (net)
                      0.044246    0.000000    2.028783 ^ input33/A (sky130_fd_sc_hd__buf_8)
     2    0.025721    0.052975    0.105731    2.134514 ^ input33/X (sky130_fd_sc_hd__buf_8)
                                                         net33 (net)
                      0.052978    0.000417    2.134931 ^ fanout199/A (sky130_fd_sc_hd__buf_6)
     5    0.025883    0.061257    0.116796    2.251726 ^ fanout199/X (sky130_fd_sc_hd__buf_6)
                                                         net199 (net)
                      0.061257    0.000134    2.251861 ^ fanout196/A (sky130_fd_sc_hd__buf_4)
     5    0.026905    0.083387    0.147828    2.399688 ^ fanout196/X (sky130_fd_sc_hd__buf_4)
                                                         net196 (net)
                      0.083391    0.000710    2.400398 ^ fanout193/A (sky130_fd_sc_hd__buf_6)
     5    0.024109    0.058177    0.124566    2.524964 ^ fanout193/X (sky130_fd_sc_hd__buf_6)
                                                         net193 (net)
                      0.058177    0.000130    2.525094 ^ load_slew194/A (sky130_fd_sc_hd__buf_6)
     6    0.038781    0.085185    0.135970    2.661064 ^ load_slew194/X (sky130_fd_sc_hd__buf_6)
                                                         net194 (net)
                      0.085191    0.000788    2.661853 ^ _1264_/S0 (sky130_fd_sc_hd__mux4_2)
     2    0.013001    0.112957    0.549630    3.211483 v _1264_/X (sky130_fd_sc_hd__mux4_2)
                                                         _0431_ (net)
                      0.112957    0.000469    3.211952 v _1339_/A0 (sky130_fd_sc_hd__mux2_2)
     2    0.005106    0.055235    0.292159    3.504112 v _1339_/X (sky130_fd_sc_hd__mux2_2)
                                                         _0502_ (net)
                      0.055235    0.000061    3.504172 v _1340_/A1 (sky130_fd_sc_hd__mux2_2)
     2    0.010755    0.070292    0.296228    3.800400 v _1340_/X (sky130_fd_sc_hd__mux2_2)
                                                         _0503_ (net)
                      0.070292    0.000176    3.800576 v _1344_/A2 (sky130_fd_sc_hd__a22o_2)
     1    0.016220    0.071165    0.305211    4.105787 v _1344_/X (sky130_fd_sc_hd__a22o_2)
                                                         _0507_ (net)
                      0.071166    0.000350    4.106137 v _1347_/A (sky130_fd_sc_hd__or3_2)
     1    0.002949    0.075611    0.473059    4.579197 v _1347_/X (sky130_fd_sc_hd__or3_2)
                                                         _0510_ (net)
                      0.075611    0.000032    4.579229 v _1348_/C (sky130_fd_sc_hd__or3_4)
     2    0.011968    0.077836    0.355104    4.934332 v _1348_/X (sky130_fd_sc_hd__or3_4)
                                                         net72 (net)
                      0.077836    0.000210    4.934542 v output72/A (sky130_fd_sc_hd__buf_6)
     1    0.034917    0.044179    0.152056    5.086598 v output72/X (sky130_fd_sc_hd__buf_6)
                                                         result[12] (net)
                      0.044184    0.000497    5.087095 v result[12] (out)
                                              5.087095   data arrival time

                      0.000000   10.000000   10.000000   clock __VIRTUAL_CLK__ (rise edge)
                                  0.000000   10.000000   clock network delay (ideal)
                                 -0.250000    9.750000   clock uncertainty
                                  0.000000    9.750000   clock reconvergence pessimism
                                 -2.000000    7.750000   output external delay
                                              7.750000   data required time
---------------------------------------------------------------------------------------------
                                              7.750000   data required time
                                             -5.087095   data arrival time
---------------------------------------------------------------------------------------------
                                              2.662905   slack (MET)


Startpoint: B[0] (input port clocked by __VIRTUAL_CLK__)
Endpoint: result[9] (output port clocked by __VIRTUAL_CLK__)
Path Group: __VIRTUAL_CLK__
Path Type: max

Fanout         Cap        Slew       Delay        Time   Description
---------------------------------------------------------------------------------------------
                      0.000000    0.000000    0.000000   clock __VIRTUAL_CLK__ (rise edge)
                                  0.000000    0.000000   clock network delay (ideal)
                                  2.000000    2.000000 ^ input external delay
     1    0.008390    0.044246    0.028783    2.028783 ^ B[0] (in)
                                                         B[0] (net)
                      0.044246    0.000000    2.028783 ^ input33/A (sky130_fd_sc_hd__buf_8)
     2    0.025721    0.052975    0.105731    2.134514 ^ input33/X (sky130_fd_sc_hd__buf_8)
                                                         net33 (net)
                      0.052977    0.000385    2.134899 ^ fanout192/A (sky130_fd_sc_hd__buf_8)
     2    0.019415    0.043874    0.101575    2.236474 ^ fanout192/X (sky130_fd_sc_hd__buf_8)
                                                         net192 (net)
                      0.043876    0.000301    2.236775 ^ fanout190/A (sky130_fd_sc_hd__buf_6)
     2    0.007454    0.028848    0.086017    2.322791 ^ fanout190/X (sky130_fd_sc_hd__buf_6)
                                                         net190 (net)
                      0.028848    0.000026    2.322817 ^ load_slew191/A (sky130_fd_sc_hd__buf_6)
     3    0.020519    0.051396    0.100337    2.423154 ^ load_slew191/X (sky130_fd_sc_hd__buf_6)
                                                         net191 (net)
                      0.051396    0.000185    2.423339 ^ rebuffer220/A (sky130_fd_sc_hd__buf_2)
     3    0.017470    0.091945    0.144910    2.568249 ^ rebuffer220/X (sky130_fd_sc_hd__buf_2)
                                                         net220 (net)
                      0.091945    0.000083    2.568333 ^ _1074_/S (sky130_fd_sc_hd__mux2_2)
     2    0.009466    0.066817    0.363586    2.931919 v _1074_/X (sky130_fd_sc_hd__mux2_2)
                                                         _0248_ (net)
                      0.066886    0.000233    2.932153 v _1078_/A3 (sky130_fd_sc_hd__mux4_2)
     2    0.010218    0.103839    0.510074    3.442226 v _1078_/X (sky130_fd_sc_hd__mux4_2)
                                                         _0252_ (net)
                      0.103839    0.000199    3.442425 v _1276_/A2 (sky130_fd_sc_hd__a31o_2)
     1    0.004210    0.041046    0.254419    3.696844 v _1276_/X (sky130_fd_sc_hd__a31o_2)
                                                         _0442_ (net)
                      0.041046    0.000015    3.696860 v _1277_/B1 (sky130_fd_sc_hd__a21oi_2)
     1    0.008822    0.139548    0.137845    3.834704 ^ _1277_/Y (sky130_fd_sc_hd__a21oi_2)
                                                         _0443_ (net)
                      0.139548    0.000229    3.834933 ^ _1278_/A (sky130_fd_sc_hd__inv_2)
     2    0.005688    0.036226    0.049354    3.884288 v _1278_/Y (sky130_fd_sc_hd__inv_2)
                                                         _0444_ (net)
                      0.036226    0.000035    3.884323 v _1285_/A2 (sky130_fd_sc_hd__a22o_2)
     1    0.009766    0.057265    0.272170    4.156493 v _1285_/X (sky130_fd_sc_hd__a22o_2)
                                                         _0451_ (net)
                      0.057267    0.000394    4.156887 v _1286_/C (sky130_fd_sc_hd__or3_2)
     1    0.004463    0.082958    0.417553    4.574440 v _1286_/X (sky130_fd_sc_hd__or3_2)
                                                         _0452_ (net)
                      0.082958    0.000074    4.574514 v _1291_/C (sky130_fd_sc_hd__or3_4)
     2    0.008173    0.071822    0.346040    4.920554 v _1291_/X (sky130_fd_sc_hd__or3_4)
                                                         net100 (net)
                      0.071822    0.000123    4.920677 v output100/A (sky130_fd_sc_hd__buf_6)
     1    0.035497    0.044554    0.149671    5.070348 v output100/X (sky130_fd_sc_hd__buf_6)
                                                         result[9] (net)
                      0.044562    0.000594    5.070942 v result[9] (out)
                                              5.070942   data arrival time

                      0.000000   10.000000   10.000000   clock __VIRTUAL_CLK__ (rise edge)
                                  0.000000   10.000000   clock network delay (ideal)
                                 -0.250000    9.750000   clock uncertainty
                                  0.000000    9.750000   clock reconvergence pessimism
                                 -2.000000    7.750000   output external delay
                                              7.750000   data required time
---------------------------------------------------------------------------------------------
                                              7.750000   data required time
                                             -5.070942   data arrival time
---------------------------------------------------------------------------------------------
                                              2.679058   slack (MET)


Startpoint: control[0] (input port clocked by __VIRTUAL_CLK__)
Endpoint: result[3] (output port clocked by __VIRTUAL_CLK__)
Path Group: __VIRTUAL_CLK__
Path Type: max

Fanout         Cap        Slew       Delay        Time   Description
---------------------------------------------------------------------------------------------
                      0.000000    0.000000    0.000000   clock __VIRTUAL_CLK__ (rise edge)
                                  0.000000    0.000000   clock network delay (ideal)
                                  2.000000    2.000000 ^ input external delay
     1    0.003117    0.021100    0.011407    2.011407 ^ control[0] (in)
                                                         control[0] (net)
                      0.021100    0.000000    2.011407 ^ input65/A (sky130_fd_sc_hd__clkdlybuf4s25_1)
     5    0.019681    0.204560    0.351280    2.362687 ^ input65/X (sky130_fd_sc_hd__clkdlybuf4s25_1)
                                                         net65 (net)
                      0.204560    0.000500    2.363187 ^ fanout156/A (sky130_fd_sc_hd__buf_4)
    10    0.038188    0.113558    0.213829    2.577016 ^ fanout156/X (sky130_fd_sc_hd__buf_4)
                                                         net156 (net)
                      0.113558    0.000405    2.577421 ^ _0868_/A (sky130_fd_sc_hd__or2_2)
     5    0.021915    0.119975    0.190738    2.768159 ^ _0868_/X (sky130_fd_sc_hd__or2_2)
                                                         _0043_ (net)
                      0.119975    0.000057    2.768216 ^ _1104_/B (sky130_fd_sc_hd__or2_2)
     4    0.044200    0.229252    0.269186    3.037402 ^ _1104_/X (sky130_fd_sc_hd__or2_2)
                                                         _0278_ (net)
                      0.229325    0.000971    3.038374 ^ fanout107/A (sky130_fd_sc_hd__dlymetal6s2s_1)
    10    0.092213    0.881850    0.724627    3.763001 ^ fanout107/X (sky130_fd_sc_hd__dlymetal6s2s_1)
                                                         net107 (net)
                      0.881862    0.002829    3.765830 ^ _1152_/B1 (sky130_fd_sc_hd__a21oi_2)
     1    0.002856    0.135665    0.030765    3.796595 v _1152_/Y (sky130_fd_sc_hd__a21oi_2)
                                                         _0324_ (net)
                      0.135665    0.000027    3.796622 v _1153_/B1 (sky130_fd_sc_hd__o21a_2)
     1    0.002084    0.031312    0.147568    3.944190 v _1153_/X (sky130_fd_sc_hd__o21a_2)
                                                         _0325_ (net)
                      0.031312    0.000013    3.944203 v _1169_/A (sky130_fd_sc_hd__or4b_2)
     1    0.002783    0.097972    0.652056    4.596260 v _1169_/X (sky130_fd_sc_hd__or4b_2)
                                                         _0341_ (net)
                      0.097972    0.000028    4.596287 v _1170_/B1 (sky130_fd_sc_hd__a21o_2)
     2    0.005832    0.041296    0.211221    4.807508 v _1170_/X (sky130_fd_sc_hd__a21o_2)
                                                         net94 (net)
                      0.041296    0.000051    4.807559 v output94/A (sky130_fd_sc_hd__dlymetal6s2s_1)
     1    0.035548    0.177312    0.251565    5.059124 v output94/X (sky130_fd_sc_hd__dlymetal6s2s_1)
                                                         result[3] (net)
                      0.177312    0.000247    5.059372 v result[3] (out)
                                              5.059372   data arrival time

                      0.000000   10.000000   10.000000   clock __VIRTUAL_CLK__ (rise edge)
                                  0.000000   10.000000   clock network delay (ideal)
                                 -0.250000    9.750000   clock uncertainty
                                  0.000000    9.750000   clock reconvergence pessimism
                                 -2.000000    7.750000   output external delay
                                              7.750000   data required time
---------------------------------------------------------------------------------------------
                                              7.750000   data required time
                                             -5.059372   data arrival time
---------------------------------------------------------------------------------------------
                                              2.690628   slack (MET)


Startpoint: control[0] (input port clocked by __VIRTUAL_CLK__)
Endpoint: result[1] (output port clocked by __VIRTUAL_CLK__)
Path Group: __VIRTUAL_CLK__
Path Type: max

Fanout         Cap        Slew       Delay        Time   Description
---------------------------------------------------------------------------------------------
                      0.000000    0.000000    0.000000   clock __VIRTUAL_CLK__ (rise edge)
                                  0.000000    0.000000   clock network delay (ideal)
                                  2.000000    2.000000 v input external delay
     1    0.002892    0.008845    0.004571    2.004571 v control[0] (in)
                                                         control[0] (net)
                      0.008845    0.000000    2.004571 v input65/A (sky130_fd_sc_hd__clkdlybuf4s25_1)
     5    0.018877    0.147659    0.317752    2.322323 v input65/X (sky130_fd_sc_hd__clkdlybuf4s25_1)
                                                         net65 (net)
                      0.147659    0.000478    2.322801 v fanout156/A (sky130_fd_sc_hd__buf_4)
    10    0.036408    0.061728    0.216293    2.539094 v fanout156/X (sky130_fd_sc_hd__buf_4)
                                                         net156 (net)
                      0.061729    0.000385    2.539479 v _0868_/A (sky130_fd_sc_hd__or2_2)
     5    0.019784    0.097302    0.357470    2.896949 v _0868_/X (sky130_fd_sc_hd__or2_2)
                                                         _0043_ (net)
                      0.097302    0.000051    2.897000 v _1104_/B (sky130_fd_sc_hd__or2_2)
     4    0.042372    0.144662    0.408110    3.305110 v _1104_/X (sky130_fd_sc_hd__or2_2)
                                                         _0278_ (net)
                      0.144665    0.000932    3.306042 v fanout107/A (sky130_fd_sc_hd__dlymetal6s2s_1)
    10    0.087331    0.411472    0.470186    3.776227 v fanout107/X (sky130_fd_sc_hd__dlymetal6s2s_1)
                                                         net107 (net)
                      0.411473    0.000523    3.776751 v _1105_/B1 (sky130_fd_sc_hd__a21o_2)
     1    0.002217    0.035301    0.316044    4.092795 v _1105_/X (sky130_fd_sc_hd__a21o_2)
                                                         _0279_ (net)
                      0.035301    0.000021    4.092815 v _1108_/B1 (sky130_fd_sc_hd__o2bb2a_2)
     1    0.005532    0.051255    0.259921    4.352736 v _1108_/X (sky130_fd_sc_hd__o2bb2a_2)
                                                         _0282_ (net)
                      0.051255    0.000071    4.352808 v _1109_/B1 (sky130_fd_sc_hd__o211ai_2)
     1    0.005919    0.150529    0.076309    4.429117 ^ _1109_/Y (sky130_fd_sc_hd__o211ai_2)
                                                         _0283_ (net)
                      0.150529    0.000126    4.429243 ^ _1110_/C1 (sky130_fd_sc_hd__a211o_2)
     2    0.011892    0.068781    0.151312    4.580555 ^ _1110_/X (sky130_fd_sc_hd__a211o_2)
                                                         net80 (net)
                      0.068781    0.000242    4.580797 ^ output80/A (sky130_fd_sc_hd__clkdlybuf4s25_1)
     1    0.035324    0.356160    0.475107    5.055904 ^ output80/X (sky130_fd_sc_hd__clkdlybuf4s25_1)
                                                         result[1] (net)
                      0.356160    0.000210    5.056113 ^ result[1] (out)
                                              5.056113   data arrival time

                      0.000000   10.000000   10.000000   clock __VIRTUAL_CLK__ (rise edge)
                                  0.000000   10.000000   clock network delay (ideal)
                                 -0.250000    9.750000   clock uncertainty
                                  0.000000    9.750000   clock reconvergence pessimism
                                 -2.000000    7.750000   output external delay
                                              7.750000   data required time
---------------------------------------------------------------------------------------------
                                              7.750000   data required time
                                             -5.056113   data arrival time
---------------------------------------------------------------------------------------------
                                              2.693887   slack (MET)


Startpoint: B[1] (input port clocked by __VIRTUAL_CLK__)
Endpoint: result[11] (output port clocked by __VIRTUAL_CLK__)
Path Group: __VIRTUAL_CLK__
Path Type: max

Fanout         Cap        Slew       Delay        Time   Description
---------------------------------------------------------------------------------------------
                      0.000000    0.000000    0.000000   clock __VIRTUAL_CLK__ (rise edge)
                                  0.000000    0.000000   clock network delay (ideal)
                                  2.000000    2.000000 v input external delay
     1    0.008001    0.020130    0.012944    2.012944 v B[1] (in)
                                                         B[1] (net)
                      0.020130    0.000000    2.012944 v input44/A (sky130_fd_sc_hd__buf_8)
     3    0.019070    0.030024    0.112272    2.125216 v input44/X (sky130_fd_sc_hd__buf_8)
                                                         net44 (net)
                      0.030041    0.000624    2.125840 v fanout180/A (sky130_fd_sc_hd__buf_8)
     2    0.010787    0.025461    0.110456    2.236296 v fanout180/X (sky130_fd_sc_hd__buf_8)
                                                         net180 (net)
                      0.025461    0.000096    2.236392 v load_slew181/A (sky130_fd_sc_hd__buf_8)
     2    0.019077    0.030074    0.114361    2.350754 v load_slew181/X (sky130_fd_sc_hd__buf_8)
                                                         net181 (net)
                      0.030098    0.000770    2.351524 v fanout178/A (sky130_fd_sc_hd__buf_8)
     2    0.012135    0.026214    0.111470    2.462994 v fanout178/X (sky130_fd_sc_hd__buf_8)
                                                         net178 (net)
                      0.026214    0.000098    2.463092 v rebuffer525/A (sky130_fd_sc_hd__buf_8)
     2    0.018383    0.029673    0.114352    2.577444 v rebuffer525/X (sky130_fd_sc_hd__buf_8)
                                                         net525 (net)
                      0.029683    0.000161    2.577605 v _0958_/B (sky130_fd_sc_hd__xnor2_4)
     5    0.018043    0.190785    0.181127    2.758732 ^ _0958_/Y (sky130_fd_sc_hd__xnor2_4)
                                                         _0133_ (net)
                      0.190785    0.000155    2.758887 ^ _0960_/A1 (sky130_fd_sc_hd__a21o_4)
     2    0.008843    0.040471    0.153701    2.912589 ^ _0960_/X (sky130_fd_sc_hd__a21o_4)
                                                         _0135_ (net)
                      0.040471    0.000115    2.912704 ^ _0968_/A3 (sky130_fd_sc_hd__a31o_4)
     2    0.013010    0.060719    0.161833    3.074537 ^ _0968_/X (sky130_fd_sc_hd__a31o_4)
                                                         _0143_ (net)
                      0.060722    0.000511    3.075048 ^ _0983_/D_N (sky130_fd_sc_hd__or4b_4)
     2    0.009371    0.093532    0.472224    3.547271 v _0983_/X (sky130_fd_sc_hd__or4b_4)
                                                         _0158_ (net)
                      0.093532    0.000192    3.547463 v rebuffer218/A (sky130_fd_sc_hd__buf_6)
     2    0.012105    0.026952    0.139527    3.686990 v rebuffer218/X (sky130_fd_sc_hd__buf_6)
                                                         net218 (net)
                      0.026952    0.000054    3.687045 v _1273_/A1 (sky130_fd_sc_hd__a221o_2)
     3    0.009625    0.071960    0.368345    4.055390 v _1273_/X (sky130_fd_sc_hd__a221o_2)
                                                         _0439_ (net)
                      0.071960    0.000107    4.055497 v _1292_/A1 (sky130_fd_sc_hd__a21bo_2)
     2    0.007731    0.046508    0.213193    4.268690 v _1292_/X (sky130_fd_sc_hd__a21bo_2)
                                                         _0457_ (net)
                      0.046508    0.000016    4.268706 v _1308_/B1_N (sky130_fd_sc_hd__a21boi_4)
     1    0.009154    0.082693    0.141434    4.410140 v _1308_/Y (sky130_fd_sc_hd__a21boi_4)
                                                         _0472_ (net)
                      0.082693    0.000124    4.410264 v _1309_/B (sky130_fd_sc_hd__xnor2_2)
     1    0.005764    0.068950    0.145945    4.556209 v _1309_/Y (sky130_fd_sc_hd__xnor2_2)
                                                         _0473_ (net)
                      0.068950    0.000086    4.556295 v _1325_/A1 (sky130_fd_sc_hd__a211o_4)
     2    0.012163    0.061533    0.342811    4.899106 v _1325_/X (sky130_fd_sc_hd__a211o_4)
                                                         net71 (net)
                      0.061533    0.000257    4.899363 v output71/A (sky130_fd_sc_hd__buf_8)
     1    0.034555    0.039998    0.141424    5.040787 v output71/X (sky130_fd_sc_hd__buf_8)
                                                         result[11] (net)
                      0.040003    0.000435    5.041222 v result[11] (out)
                                              5.041222   data arrival time

                      0.000000   10.000000   10.000000   clock __VIRTUAL_CLK__ (rise edge)
                                  0.000000   10.000000   clock network delay (ideal)
                                 -0.250000    9.750000   clock uncertainty
                                  0.000000    9.750000   clock reconvergence pessimism
                                 -2.000000    7.750000   output external delay
                                              7.750000   data required time
---------------------------------------------------------------------------------------------
                                              7.750000   data required time
                                             -5.041222   data arrival time
---------------------------------------------------------------------------------------------
                                              2.708778   slack (MET)


Startpoint: B[0] (input port clocked by __VIRTUAL_CLK__)
Endpoint: result[5] (output port clocked by __VIRTUAL_CLK__)
Path Group: __VIRTUAL_CLK__
Path Type: max

Fanout         Cap        Slew       Delay        Time   Description
---------------------------------------------------------------------------------------------
                      0.000000    0.000000    0.000000   clock __VIRTUAL_CLK__ (rise edge)
                                  0.000000    0.000000   clock network delay (ideal)
                                  2.000000    2.000000 v input external delay
     1    0.007729    0.019537    0.012502    2.012502 v B[0] (in)
                                                         B[0] (net)
                      0.019537    0.000000    2.012502 v input33/A (sky130_fd_sc_hd__buf_8)
     2    0.024581    0.033327    0.116119    2.128621 v input33/X (sky130_fd_sc_hd__buf_8)
                                                         net33 (net)
                      0.033330    0.000365    2.128986 v fanout192/A (sky130_fd_sc_hd__buf_8)
     2    0.018776    0.029906    0.117676    2.246662 v fanout192/X (sky130_fd_sc_hd__buf_8)
                                                         net192 (net)
                      0.029917    0.000290    2.246952 v fanout190/A (sky130_fd_sc_hd__buf_6)
     2    0.006815    0.023073    0.104913    2.351865 v fanout190/X (sky130_fd_sc_hd__buf_6)
                                                         net190 (net)
                      0.023073    0.000024    2.351889 v load_slew191/A (sky130_fd_sc_hd__buf_6)
     3    0.019538    0.032993    0.115761    2.467650 v load_slew191/X (sky130_fd_sc_hd__buf_6)
                                                         net191 (net)
                      0.033033    0.000981    2.468631 v fanout188/A (sky130_fd_sc_hd__buf_8)
     5    0.025526    0.033958    0.122421    2.591052 v fanout188/X (sky130_fd_sc_hd__buf_8)
                                                         net188 (net)
                      0.033959    0.000268    2.591320 v load_slew189/A (sky130_fd_sc_hd__buf_8)
     4    0.012476    0.026406    0.113411    2.704731 v load_slew189/X (sky130_fd_sc_hd__buf_8)
                                                         net189 (net)
                      0.026406    0.000158    2.704889 v _1070_/S0 (sky130_fd_sc_hd__mux4_2)
     2    0.014391    0.115584    0.467041    3.171930 v _1070_/X (sky130_fd_sc_hd__mux4_2)
                                                         _0244_ (net)
                      0.115584    0.000543    3.172473 v rebuffer216/A (sky130_fd_sc_hd__buf_2)
     2    0.005388    0.029265    0.153549    3.326022 v rebuffer216/X (sky130_fd_sc_hd__buf_2)
                                                         net216 (net)
                      0.029265    0.000013    3.326035 v _1193_/B (sky130_fd_sc_hd__or2_2)
     1    0.002532    0.052763    0.259817    3.585852 v _1193_/X (sky130_fd_sc_hd__or2_2)
                                                         _0363_ (net)
                      0.052763    0.000012    3.585863 v _1194_/B1 (sky130_fd_sc_hd__o211a_2)
     2    0.006259    0.049194    0.142089    3.727953 v _1194_/X (sky130_fd_sc_hd__o211a_2)
                                                         _0364_ (net)
                      0.049194    0.000044    3.727997 v _1196_/B1 (sky130_fd_sc_hd__a21o_2)
     1    0.002620    0.032838    0.179530    3.907527 v _1196_/X (sky130_fd_sc_hd__a21o_2)
                                                         _0366_ (net)
                      0.032838    0.000023    3.907550 v _1198_/A2 (sky130_fd_sc_hd__a22o_2)
     2    0.012378    0.063218    0.280250    4.187800 v _1198_/X (sky130_fd_sc_hd__a22o_2)
                                                         _0368_ (net)
                      0.063251    0.000197    4.187997 v _1206_/A2 (sky130_fd_sc_hd__a22o_2)
     1    0.012256    0.063200    0.292637    4.480634 v _1206_/X (sky130_fd_sc_hd__a22o_2)
                                                         _0376_ (net)
                      0.063205    0.000463    4.481097 v _1210_/B (sky130_fd_sc_hd__or3_4)
     2    0.009151    0.073322    0.380210    4.861307 v _1210_/X (sky130_fd_sc_hd__or3_4)
                                                         net96 (net)
                      0.073322    0.000149    4.861456 v output96/A (sky130_fd_sc_hd__buf_6)
     1    0.035228    0.044417    0.150193    5.011649 v output96/X (sky130_fd_sc_hd__buf_6)
                                                         result[5] (net)
                      0.044423    0.000525    5.012174 v result[5] (out)
                                              5.012174   data arrival time

                      0.000000   10.000000   10.000000   clock __VIRTUAL_CLK__ (rise edge)
                                  0.000000   10.000000   clock network delay (ideal)
                                 -0.250000    9.750000   clock uncertainty
                                  0.000000    9.750000   clock reconvergence pessimism
                                 -2.000000    7.750000   output external delay
                                              7.750000   data required time
---------------------------------------------------------------------------------------------
                                              7.750000   data required time
                                             -5.012174   data arrival time
---------------------------------------------------------------------------------------------
                                              2.737827   slack (MET)


Startpoint: B[0] (input port clocked by __VIRTUAL_CLK__)
Endpoint: result[8] (output port clocked by __VIRTUAL_CLK__)
Path Group: __VIRTUAL_CLK__
Path Type: max

Fanout         Cap        Slew       Delay        Time   Description
---------------------------------------------------------------------------------------------
                      0.000000    0.000000    0.000000   clock __VIRTUAL_CLK__ (rise edge)
                                  0.000000    0.000000   clock network delay (ideal)
                                  2.000000    2.000000 ^ input external delay
     1    0.008390    0.044246    0.028783    2.028783 ^ B[0] (in)
                                                         B[0] (net)
                      0.044246    0.000000    2.028783 ^ input33/A (sky130_fd_sc_hd__buf_8)
     2    0.025721    0.052975    0.105731    2.134514 ^ input33/X (sky130_fd_sc_hd__buf_8)
                                                         net33 (net)
                      0.052977    0.000385    2.134899 ^ fanout192/A (sky130_fd_sc_hd__buf_8)
     2    0.019415    0.043874    0.101575    2.236474 ^ fanout192/X (sky130_fd_sc_hd__buf_8)
                                                         net192 (net)
                      0.043876    0.000301    2.236775 ^ fanout190/A (sky130_fd_sc_hd__buf_6)
     2    0.007454    0.028848    0.086017    2.322791 ^ fanout190/X (sky130_fd_sc_hd__buf_6)
                                                         net190 (net)
                      0.028848    0.000026    2.322817 ^ load_slew191/A (sky130_fd_sc_hd__buf_6)
     3    0.020519    0.051396    0.100337    2.423154 ^ load_slew191/X (sky130_fd_sc_hd__buf_6)
                                                         net191 (net)
                      0.051396    0.000185    2.423339 ^ rebuffer220/A (sky130_fd_sc_hd__buf_2)
     3    0.017470    0.091945    0.144910    2.568249 ^ rebuffer220/X (sky130_fd_sc_hd__buf_2)
                                                         net220 (net)
                      0.091945    0.000055    2.568305 ^ rebuffer219/A (sky130_fd_sc_hd__buf_4)
     4    0.023693    0.075118    0.153057    2.721361 ^ rebuffer219/X (sky130_fd_sc_hd__buf_4)
                                                         net219 (net)
                      0.075118    0.000261    2.721622 ^ _0843_/S0 (sky130_fd_sc_hd__mux4_2)
     3    0.020218    0.128820    0.571902    3.293524 v _0843_/X (sky130_fd_sc_hd__mux4_2)
                                                         _0018_ (net)
                      0.128822    0.000795    3.294319 v _0844_/A1 (sky130_fd_sc_hd__mux2_4)
     2    0.005659    0.053670    0.290958    3.585277 v _0844_/X (sky130_fd_sc_hd__mux2_4)
                                                         _0019_ (net)
                      0.053670    0.000038    3.585315 v _1260_/A2 (sky130_fd_sc_hd__a21o_2)
     2    0.008943    0.048741    0.228342    3.813658 v _1260_/X (sky130_fd_sc_hd__a21o_2)
                                                         _0427_ (net)
                      0.048741    0.000098    3.813755 v _1261_/C (sky130_fd_sc_hd__and3_4)
     1    0.010881    0.040814    0.187587    4.001342 v _1261_/X (sky130_fd_sc_hd__and3_4)
                                                         _0428_ (net)
                      0.040819    0.000472    4.001814 v _1263_/B1 (sky130_fd_sc_hd__a211o_2)
     1    0.002943    0.046811    0.295751    4.297565 v _1263_/X (sky130_fd_sc_hd__a211o_2)
                                                         _0430_ (net)
                      0.046811    0.000030    4.297595 v _1271_/B (sky130_fd_sc_hd__or4b_4)
     2    0.011899    0.097799    0.534767    4.832362 v _1271_/X (sky130_fd_sc_hd__or4b_4)
                                                         net99 (net)
                      0.097799    0.000222    4.832585 v output99/A (sky130_fd_sc_hd__buf_8)
     1    0.035650    0.040933    0.158479    4.991063 v output99/X (sky130_fd_sc_hd__buf_8)
                                                         result[8] (net)
                      0.040942    0.000607    4.991670 v result[8] (out)
                                              4.991670   data arrival time

                      0.000000   10.000000   10.000000   clock __VIRTUAL_CLK__ (rise edge)
                                  0.000000   10.000000   clock network delay (ideal)
                                 -0.250000    9.750000   clock uncertainty
                                  0.000000    9.750000   clock reconvergence pessimism
                                 -2.000000    7.750000   output external delay
                                              7.750000   data required time
---------------------------------------------------------------------------------------------
                                              7.750000   data required time
                                             -4.991670   data arrival time
---------------------------------------------------------------------------------------------
                                              2.758330   slack (MET)


Startpoint: B[0] (input port clocked by __VIRTUAL_CLK__)
Endpoint: result[13] (output port clocked by __VIRTUAL_CLK__)
Path Group: __VIRTUAL_CLK__
Path Type: max

Fanout         Cap        Slew       Delay        Time   Description
---------------------------------------------------------------------------------------------
                      0.000000    0.000000    0.000000   clock __VIRTUAL_CLK__ (rise edge)
                                  0.000000    0.000000   clock network delay (ideal)
                                  2.000000    2.000000 ^ input external delay
     1    0.008390    0.044246    0.028783    2.028783 ^ B[0] (in)
                                                         B[0] (net)
                      0.044246    0.000000    2.028783 ^ input33/A (sky130_fd_sc_hd__buf_8)
     2    0.025721    0.052975    0.105731    2.134514 ^ input33/X (sky130_fd_sc_hd__buf_8)
                                                         net33 (net)
                      0.052977    0.000385    2.134899 ^ fanout192/A (sky130_fd_sc_hd__buf_8)
     2    0.019415    0.043874    0.101575    2.236474 ^ fanout192/X (sky130_fd_sc_hd__buf_8)
                                                         net192 (net)
                      0.043874    0.000118    2.236591 ^ rebuffer522/A (sky130_fd_sc_hd__buf_2)
     2    0.011454    0.064740    0.121918    2.358509 ^ rebuffer522/X (sky130_fd_sc_hd__buf_2)
                                                         net522 (net)
                      0.064740    0.000187    2.358696 ^ fanout186/A (sky130_fd_sc_hd__buf_8)
     5    0.025225    0.052338    0.112474    2.471170 ^ fanout186/X (sky130_fd_sc_hd__buf_8)
                                                         net186 (net)
                      0.052338    0.000175    2.471345 ^ load_slew187/A (sky130_fd_sc_hd__buf_8)
     2    0.012448    0.034146    0.093307    2.564652 ^ load_slew187/X (sky130_fd_sc_hd__buf_8)
                                                         net187 (net)
                      0.034146    0.000254    2.564905 ^ fanout184/A (sky130_fd_sc_hd__buf_8)
     6    0.030646    0.060255    0.107955    2.672860 ^ fanout184/X (sky130_fd_sc_hd__buf_8)
                                                         net184 (net)
                      0.060255    0.000078    2.672938 ^ load_slew185/A (sky130_fd_sc_hd__buf_6)
     4    0.021876    0.053908    0.113653    2.786592 ^ load_slew185/X (sky130_fd_sc_hd__buf_6)
                                                         net185 (net)
                      0.053909    0.000388    2.786980 ^ _1087_/S0 (sky130_fd_sc_hd__mux4_2)
     2    0.012197    0.110778    0.537261    3.324241 v _1087_/X (sky130_fd_sc_hd__mux4_2)
                                                         _0261_ (net)
                      0.110778    0.000153    3.324394 v rebuffer222/A (sky130_fd_sc_hd__buf_2)
     2    0.005681    0.029830    0.152113    3.476506 v rebuffer222/X (sky130_fd_sc_hd__buf_2)
                                                         net222 (net)
                      0.029830    0.000075    3.476581 v _1357_/A2 (sky130_fd_sc_hd__mux4_2)
     1    0.003221    0.080795    0.444718    3.921299 v _1357_/X (sky130_fd_sc_hd__mux4_2)
                                                         _0519_ (net)
                      0.080795    0.000023    3.921322 v _1365_/A2 (sky130_fd_sc_hd__a221o_2)
     1    0.002581    0.051010    0.385723    4.307045 v _1365_/X (sky130_fd_sc_hd__a221o_2)
                                                         _0527_ (net)
                      0.051010    0.000023    4.307068 v _1366_/B1 (sky130_fd_sc_hd__a21o_2)
     1    0.018758    0.070107    0.229366    4.536434 v _1366_/X (sky130_fd_sc_hd__a21o_2)
                                                         _0528_ (net)
                      0.070107    0.000327    4.536761 v _1367_/C1 (sky130_fd_sc_hd__a211o_2)
     2    0.011022    0.070365    0.302866    4.839627 v _1367_/X (sky130_fd_sc_hd__a211o_2)
                                                         net73 (net)
                      0.070365    0.000123    4.839750 v output73/A (sky130_fd_sc_hd__buf_6)
     1    0.035268    0.044376    0.148833    4.988583 v output73/X (sky130_fd_sc_hd__buf_6)
                                                         result[13] (net)
                      0.044384    0.000586    4.989168 v result[13] (out)
                                              4.989168   data arrival time

                      0.000000   10.000000   10.000000   clock __VIRTUAL_CLK__ (rise edge)
                                  0.000000   10.000000   clock network delay (ideal)
                                 -0.250000    9.750000   clock uncertainty
                                  0.000000    9.750000   clock reconvergence pessimism
                                 -2.000000    7.750000   output external delay
                                              7.750000   data required time
---------------------------------------------------------------------------------------------
                                              7.750000   data required time
                                             -4.989168   data arrival time
---------------------------------------------------------------------------------------------
                                              2.760832   slack (MET)


Startpoint: B[0] (input port clocked by __VIRTUAL_CLK__)
Endpoint: result[4] (output port clocked by __VIRTUAL_CLK__)
Path Group: __VIRTUAL_CLK__
Path Type: max

Fanout         Cap        Slew       Delay        Time   Description
---------------------------------------------------------------------------------------------
                      0.000000    0.000000    0.000000   clock __VIRTUAL_CLK__ (rise edge)
                                  0.000000    0.000000   clock network delay (ideal)
                                  2.000000    2.000000 v input external delay
     1    0.007729    0.019537    0.012502    2.012502 v B[0] (in)
                                                         B[0] (net)
                      0.019537    0.000000    2.012502 v input33/A (sky130_fd_sc_hd__buf_8)
     2    0.024581    0.033327    0.116119    2.128621 v input33/X (sky130_fd_sc_hd__buf_8)
                                                         net33 (net)
                      0.033330    0.000365    2.128986 v fanout192/A (sky130_fd_sc_hd__buf_8)
     2    0.018776    0.029906    0.117676    2.246662 v fanout192/X (sky130_fd_sc_hd__buf_8)
                                                         net192 (net)
                      0.029917    0.000290    2.246952 v fanout190/A (sky130_fd_sc_hd__buf_6)
     2    0.006815    0.023073    0.104913    2.351865 v fanout190/X (sky130_fd_sc_hd__buf_6)
                                                         net190 (net)
                      0.023073    0.000024    2.351889 v load_slew191/A (sky130_fd_sc_hd__buf_6)
     3    0.019538    0.032993    0.115761    2.467650 v load_slew191/X (sky130_fd_sc_hd__buf_6)
                                                         net191 (net)
                      0.033033    0.000981    2.468631 v fanout188/A (sky130_fd_sc_hd__buf_8)
     5    0.025526    0.033958    0.122421    2.591052 v fanout188/X (sky130_fd_sc_hd__buf_8)
                                                         net188 (net)
                      0.033959    0.000268    2.591320 v load_slew189/A (sky130_fd_sc_hd__buf_8)
     4    0.012476    0.026406    0.113411    2.704731 v load_slew189/X (sky130_fd_sc_hd__buf_8)
                                                         net189 (net)
                      0.026406    0.000103    2.704834 v rebuffer242/A (sky130_fd_sc_hd__buf_2)
     1    0.005437    0.029394    0.113900    2.818734 v rebuffer242/X (sky130_fd_sc_hd__buf_2)
                                                         net242 (net)
                      0.029394    0.000038    2.818772 v _0838_/S0 (sky130_fd_sc_hd__mux4_2)
     3    0.026134    0.144740    0.509486    3.328258 v _0838_/X (sky130_fd_sc_hd__mux4_2)
                                                         _0013_ (net)
                      0.144742    0.000835    3.329093 v _1174_/A0 (sky130_fd_sc_hd__mux2_4)
     2    0.006128    0.054316    0.308510    3.637603 v _1174_/X (sky130_fd_sc_hd__mux2_4)
                                                         _0345_ (net)
                      0.054316    0.000106    3.637709 v _1178_/A0 (sky130_fd_sc_hd__mux2_1)
     1    0.005200    0.066750    0.297203    3.934912 v _1178_/X (sky130_fd_sc_hd__mux2_1)
                                                         _0349_ (net)
                      0.066750    0.000050    3.934962 v _1180_/A2 (sky130_fd_sc_hd__a22o_4)
     2    0.019395    0.058691    0.286856    4.221817 v _1180_/X (sky130_fd_sc_hd__a22o_4)
                                                         _0351_ (net)
                      0.058691    0.000214    4.222032 v _1189_/A2 (sky130_fd_sc_hd__a211o_2)
     1    0.005304    0.054531    0.338619    4.560652 v _1189_/X (sky130_fd_sc_hd__a211o_2)
                                                         _0360_ (net)
                      0.054531    0.000097    4.560749 v _1190_/B1 (sky130_fd_sc_hd__a31o_2)
     2    0.006282    0.045429    0.223838    4.784586 v _1190_/X (sky130_fd_sc_hd__a31o_2)
                                                         net95 (net)
                      0.045429    0.000056    4.784642 v output95/A (sky130_fd_sc_hd__clkbuf_2)
     1    0.034604    0.132801    0.189647    4.974288 v output95/X (sky130_fd_sc_hd__clkbuf_2)
                                                         result[4] (net)
                      0.132801    0.000218    4.974506 v result[4] (out)
                                              4.974506   data arrival time

                      0.000000   10.000000   10.000000   clock __VIRTUAL_CLK__ (rise edge)
                                  0.000000   10.000000   clock network delay (ideal)
                                 -0.250000    9.750000   clock uncertainty
                                  0.000000    9.750000   clock reconvergence pessimism
                                 -2.000000    7.750000   output external delay
                                              7.750000   data required time
---------------------------------------------------------------------------------------------
                                              7.750000   data required time
                                             -4.974506   data arrival time
---------------------------------------------------------------------------------------------
                                              2.775494   slack (MET)


Startpoint: A[6] (input port clocked by __VIRTUAL_CLK__)
Endpoint: result[14] (output port clocked by __VIRTUAL_CLK__)
Path Group: __VIRTUAL_CLK__
Path Type: max

Fanout         Cap        Slew       Delay        Time   Description
---------------------------------------------------------------------------------------------
                      0.000000    0.000000    0.000000   clock __VIRTUAL_CLK__ (rise edge)
                                  0.000000    0.000000   clock network delay (ideal)
                                  2.000000    2.000000 ^ input external delay
     1    0.003235    0.021611    0.011834    2.011834 ^ A[6] (in)
                                                         A[6] (net)
                      0.021611    0.000000    2.011834 ^ input29/A (sky130_fd_sc_hd__dlygate4sd1_1)
     3    0.019909    0.196384    0.293112    2.304945 ^ input29/X (sky130_fd_sc_hd__dlygate4sd1_1)
                                                         net29 (net)
                      0.196384    0.000425    2.305370 ^ fanout204/A (sky130_fd_sc_hd__buf_6)
     2    0.019573    0.051446    0.147026    2.452396 ^ fanout204/X (sky130_fd_sc_hd__buf_6)
                                                         net204 (net)
                      0.051446    0.000177    2.452573 ^ _0981_/B (sky130_fd_sc_hd__xor2_4)
     2    0.007709    0.121154    0.149313    2.601887 ^ _0981_/X (sky130_fd_sc_hd__xor2_4)
                                                         _0156_ (net)
                      0.121154    0.000056    2.601942 ^ max_cap128/A (sky130_fd_sc_hd__buf_6)
     2    0.010524    0.034747    0.116726    2.718668 ^ max_cap128/X (sky130_fd_sc_hd__buf_6)
                                                         net128 (net)
                      0.034753    0.000210    2.718878 ^ _0982_/A (sky130_fd_sc_hd__inv_2)
     3    0.008748    0.023811    0.034561    2.753439 v _0982_/Y (sky130_fd_sc_hd__inv_2)
                                                         _0157_ (net)
                      0.023811    0.000024    2.753463 v _1254_/D (sky130_fd_sc_hd__or4_4)
     1    0.005248    0.085768    0.408841    3.162304 v _1254_/X (sky130_fd_sc_hd__or4_4)
                                                         _0421_ (net)
                      0.085768    0.000056    3.162360 v _1257_/A2 (sky130_fd_sc_hd__o31a_4)
     2    0.017488    0.068671    0.368388    3.530748 v _1257_/X (sky130_fd_sc_hd__o31a_4)
                                                         _0424_ (net)
                      0.068671    0.000467    3.531216 v rebuffer238/A (sky130_fd_sc_hd__buf_2)
     4    0.017810    0.054616    0.160229    3.691444 v rebuffer238/X (sky130_fd_sc_hd__buf_2)
                                                         net238 (net)
                      0.054618    0.000449    3.691893 v _1334_/A2 (sky130_fd_sc_hd__a21o_2)
     3    0.013488    0.058998    0.242547    3.934440 v _1334_/X (sky130_fd_sc_hd__a21o_2)
                                                         _0497_ (net)
                      0.058998    0.000173    3.934613 v _1355_/A2 (sky130_fd_sc_hd__a21o_2)
     3    0.011065    0.054668    0.237371    4.171985 v _1355_/X (sky130_fd_sc_hd__a21o_2)
                                                         _0517_ (net)
                      0.054668    0.000115    4.172099 v _1372_/A2 (sky130_fd_sc_hd__a31o_2)
     1    0.003950    0.042830    0.232733    4.404832 v _1372_/X (sky130_fd_sc_hd__a31o_2)
                                                         _0533_ (net)
                      0.042830    0.000057    4.404889 v _1385_/A2 (sky130_fd_sc_hd__o211a_2)
     1    0.004997    0.046545    0.239929    4.644817 v _1385_/X (sky130_fd_sc_hd__o211a_2)
                                                         _0546_ (net)
                      0.046545    0.000056    4.644873 v _1386_/B1 (sky130_fd_sc_hd__o21ai_2)
     2    0.009057    0.154160    0.072582    4.717455 ^ _1386_/Y (sky130_fd_sc_hd__o21ai_2)
                                                         net74 (net)
                      0.154160    0.000232    4.717687 ^ output74/A (sky130_fd_sc_hd__clkbuf_2)
     1    0.035366    0.194684    0.247518    4.965205 ^ output74/X (sky130_fd_sc_hd__clkbuf_2)
                                                         result[14] (net)
                      0.194684    0.000576    4.965781 ^ result[14] (out)
                                              4.965781   data arrival time

                      0.000000   10.000000   10.000000   clock __VIRTUAL_CLK__ (rise edge)
                                  0.000000   10.000000   clock network delay (ideal)
                                 -0.250000    9.750000   clock uncertainty
                                  0.000000    9.750000   clock reconvergence pessimism
                                 -2.000000    7.750000   output external delay
                                              7.750000   data required time
---------------------------------------------------------------------------------------------
                                              7.750000   data required time
                                             -4.965781   data arrival time
---------------------------------------------------------------------------------------------
                                              2.784219   slack (MET)



