
===========================================================================
report_checks -path_delay min (Hold)
============================================================================
======================= min_tt_025C_1v80 Corner ===================================

Startpoint: A[4] (input port clocked by __VIRTUAL_CLK__)
Endpoint: result[4] (output port clocked by __VIRTUAL_CLK__)
Path Group: __VIRTUAL_CLK__
Path Type: min

Fanout         Cap        Slew       Delay        Time   Description
---------------------------------------------------------------------------------------------
                      0.000000    0.000000    0.000000   clock __VIRTUAL_CLK__ (rise edge)
                                  0.000000    0.000000   clock network delay (ideal)
                                  2.000000    2.000000 ^ input external delay
     1    0.006759    0.037021    0.023515    2.023515 ^ A[4] (in)
                                                         A[4] (net)
                      0.037021    0.000000    2.023515 ^ input27/A (sky130_fd_sc_hd__buf_6)
     2    0.013225    0.038651    0.092419    2.115934 ^ input27/X (sky130_fd_sc_hd__buf_6)
                                                         net27 (net)
                      0.038652    0.000235    2.116169 ^ _1186_/A2 (sky130_fd_sc_hd__a31o_2)
     1    0.003283    0.033500    0.139022    2.255192 ^ _1186_/X (sky130_fd_sc_hd__a31o_2)
                                                         _0357_ (net)
                      0.033500    0.000022    2.255213 ^ _1189_/B1 (sky130_fd_sc_hd__a211o_2)
     1    0.005661    0.037225    0.094619    2.349833 ^ _1189_/X (sky130_fd_sc_hd__a211o_2)
                                                         _0360_ (net)
                      0.037225    0.000105    2.349937 ^ _1190_/B1 (sky130_fd_sc_hd__a31o_2)
     2    0.006919    0.051310    0.103727    2.453665 ^ _1190_/X (sky130_fd_sc_hd__a31o_2)
                                                         net95 (net)
                      0.051310    0.000061    2.453726 ^ output95/A (sky130_fd_sc_hd__clkbuf_2)
     1    0.034604    0.190610    0.210155    2.663881 ^ output95/X (sky130_fd_sc_hd__clkbuf_2)
                                                         result[4] (net)
                      0.190665    0.000217    2.664098 ^ result[4] (out)
                                              2.664098   data arrival time

                      0.000000    0.000000    0.000000   clock __VIRTUAL_CLK__ (rise edge)
                                  0.000000    0.000000   clock network delay (ideal)
                                  0.250000    0.250000   clock uncertainty
                                  0.000000    0.250000   clock reconvergence pessimism
                                 -2.000000   -1.750000   output external delay
                                             -1.750000   data required time
---------------------------------------------------------------------------------------------
                                             -1.750000   data required time
                                             -2.664098   data arrival time
---------------------------------------------------------------------------------------------
                                              4.414098   slack (MET)


Startpoint: A[5] (input port clocked by __VIRTUAL_CLK__)
Endpoint: result[6] (output port clocked by __VIRTUAL_CLK__)
Path Group: __VIRTUAL_CLK__
Path Type: min

Fanout         Cap        Slew       Delay        Time   Description
---------------------------------------------------------------------------------------------
                      0.000000    0.000000    0.000000   clock __VIRTUAL_CLK__ (rise edge)
                                  0.000000    0.000000   clock network delay (ideal)
                                  2.000000    2.000000 ^ input external delay
     1    0.004272    0.026121    0.015458    2.015458 ^ A[5] (in)
                                                         A[5] (net)
                      0.026121    0.000000    2.015458 ^ input28/A (sky130_fd_sc_hd__clkbuf_2)
     3    0.017399    0.101079    0.139043    2.154501 ^ input28/X (sky130_fd_sc_hd__clkbuf_2)
                                                         net28 (net)
                      0.101079    0.000198    2.154699 ^ _0985_/B (sky130_fd_sc_hd__and2b_2)
     1    0.005370    0.045733    0.156425    2.311124 ^ _0985_/X (sky130_fd_sc_hd__and2b_2)
                                                         _0160_ (net)
                      0.045733    0.000059    2.311183 ^ _0987_/B1 (sky130_fd_sc_hd__a21oi_2)
     3    0.014762    0.040690    0.049945    2.361129 v _0987_/Y (sky130_fd_sc_hd__a21oi_2)
                                                         _0162_ (net)
                      0.040694    0.000309    2.361438 v _1215_/C (sky130_fd_sc_hd__nand3_2)
     1    0.005380    0.042947    0.070329    2.431767 ^ _1215_/Y (sky130_fd_sc_hd__nand3_2)
                                                         _0384_ (net)
                      0.042947    0.000046    2.431813 ^ _1230_/A3 (sky130_fd_sc_hd__a31o_4)
     1    0.005958    0.034916    0.143689    2.575502 ^ _1230_/X (sky130_fd_sc_hd__a31o_4)
                                                         _0399_ (net)
                      0.034916    0.000076    2.575577 ^ _1231_/B1 (sky130_fd_sc_hd__a21o_4)
     2    0.015304    0.051442    0.095699    2.671277 ^ _1231_/X (sky130_fd_sc_hd__a21o_4)
                                                         net97 (net)
                      0.051444    0.000411    2.671688 ^ output97/A (sky130_fd_sc_hd__buf_8)
     1    0.035282    0.067232    0.119181    2.790869 ^ output97/X (sky130_fd_sc_hd__buf_8)
                                                         result[6] (net)
                      0.067236    0.000551    2.791420 ^ result[6] (out)
                                              2.791420   data arrival time

                      0.000000    0.000000    0.000000   clock __VIRTUAL_CLK__ (rise edge)
                                  0.000000    0.000000   clock network delay (ideal)
                                  0.250000    0.250000   clock uncertainty
                                  0.000000    0.250000   clock reconvergence pessimism
                                 -2.000000   -1.750000   output external delay
                                             -1.750000   data required time
---------------------------------------------------------------------------------------------
                                             -1.750000   data required time
                                             -2.791420   data arrival time
---------------------------------------------------------------------------------------------
                                              4.541420   slack (MET)


Startpoint: control[2] (input port clocked by __VIRTUAL_CLK__)
Endpoint: result[0] (output port clocked by __VIRTUAL_CLK__)
Path Group: __VIRTUAL_CLK__
Path Type: min

Fanout         Cap        Slew       Delay        Time   Description
---------------------------------------------------------------------------------------------
                      0.000000    0.000000    0.000000   clock __VIRTUAL_CLK__ (rise edge)
                                  0.000000    0.000000   clock network delay (ideal)
                                  2.000000    2.000000 v input external delay
     1    0.003376    0.009971    0.005386    2.005386 v control[2] (in)
                                                         control[2] (net)
                      0.009971    0.000000    2.005386 v input67/A (sky130_fd_sc_hd__clkdlybuf4s25_1)
     7    0.023706    0.180365    0.344043    2.349429 v input67/X (sky130_fd_sc_hd__clkdlybuf4s25_1)
                                                         net67 (net)
                      0.180366    0.000659    2.350088 v _0837_/A (sky130_fd_sc_hd__inv_2)
     5    0.016798    0.097001    0.142141    2.492230 ^ _0837_/Y (sky130_fd_sc_hd__inv_2)
                                                         _0012_ (net)
                      0.097001    0.000118    2.492348 ^ _1068_/A1 (sky130_fd_sc_hd__a31o_4)
     2    0.017297    0.065325    0.178220    2.670568 ^ _1068_/X (sky130_fd_sc_hd__a31o_4)
                                                         net69 (net)
                      0.065325    0.000296    2.670864 ^ output69/A (sky130_fd_sc_hd__buf_6)
     1    0.035035    0.078257    0.133240    2.804104 ^ output69/X (sky130_fd_sc_hd__buf_6)
                                                         result[0] (net)
                      0.078259    0.000573    2.804678 ^ result[0] (out)
                                              2.804678   data arrival time

                      0.000000    0.000000    0.000000   clock __VIRTUAL_CLK__ (rise edge)
                                  0.000000    0.000000   clock network delay (ideal)
                                  0.250000    0.250000   clock uncertainty
                                  0.000000    0.250000   clock reconvergence pessimism
                                 -2.000000   -1.750000   output external delay
                                             -1.750000   data required time
---------------------------------------------------------------------------------------------
                                             -1.750000   data required time
                                             -2.804678   data arrival time
---------------------------------------------------------------------------------------------
                                              4.554677   slack (MET)


Startpoint: B[3] (input port clocked by __VIRTUAL_CLK__)
Endpoint: result[7] (output port clocked by __VIRTUAL_CLK__)
Path Group: __VIRTUAL_CLK__
Path Type: min

Fanout         Cap        Slew       Delay        Time   Description
---------------------------------------------------------------------------------------------
                      0.000000    0.000000    0.000000   clock __VIRTUAL_CLK__ (rise edge)
                                  0.000000    0.000000   clock network delay (ideal)
                                  2.000000    2.000000 ^ input external delay
     1    0.003952    0.024731    0.014331    2.014331 ^ B[3] (in)
                                                         B[3] (net)
                      0.024731    0.000000    2.014331 ^ input58/A (sky130_fd_sc_hd__clkbuf_4)
     9    0.050987    0.157904    0.210899    2.225230 ^ input58/X (sky130_fd_sc_hd__clkbuf_4)
                                                         net58 (net)
                      0.158039    0.002881    2.228111 ^ _1248_/A1 (sky130_fd_sc_hd__o221a_2)
     1    0.011902    0.084447    0.251268    2.479378 ^ _1248_/X (sky130_fd_sc_hd__o221a_2)
                                                         _0416_ (net)
                      0.084449    0.000524    2.479902 ^ _1249_/C (sky130_fd_sc_hd__or3_2)
     1    0.003282    0.030074    0.113427    2.593328 ^ _1249_/X (sky130_fd_sc_hd__or3_2)
                                                         _0417_ (net)
                      0.030074    0.000023    2.593352 ^ _1250_/C (sky130_fd_sc_hd__or3_4)
     2    0.011627    0.047908    0.116530    2.709882 ^ _1250_/X (sky130_fd_sc_hd__or3_4)
                                                         net98 (net)
                      0.047908    0.000224    2.710106 ^ output98/A (sky130_fd_sc_hd__buf_6)
     1    0.035745    0.079543    0.128173    2.838279 ^ output98/X (sky130_fd_sc_hd__buf_6)
                                                         result[7] (net)
                      0.079547    0.000662    2.838941 ^ result[7] (out)
                                              2.838941   data arrival time

                      0.000000    0.000000    0.000000   clock __VIRTUAL_CLK__ (rise edge)
                                  0.000000    0.000000   clock network delay (ideal)
                                  0.250000    0.250000   clock uncertainty
                                  0.000000    0.250000   clock reconvergence pessimism
                                 -2.000000   -1.750000   output external delay
                                             -1.750000   data required time
---------------------------------------------------------------------------------------------
                                             -1.750000   data required time
                                             -2.838941   data arrival time
---------------------------------------------------------------------------------------------
                                              4.588941   slack (MET)


Startpoint: B[18] (input port clocked by __VIRTUAL_CLK__)
Endpoint: result[18] (output port clocked by __VIRTUAL_CLK__)
Path Group: __VIRTUAL_CLK__
Path Type: min

Fanout         Cap        Slew       Delay        Time   Description
---------------------------------------------------------------------------------------------
                      0.000000    0.000000    0.000000   clock __VIRTUAL_CLK__ (rise edge)
                                  0.000000    0.000000   clock network delay (ideal)
                                  2.000000    2.000000 ^ input external delay
     1    0.003602    0.023207    0.013111    2.013111 ^ B[18] (in)
                                                         B[18] (net)
                      0.023207    0.000000    2.013111 ^ input42/A (sky130_fd_sc_hd__clkdlybuf4s25_1)
     3    0.009724    0.108524    0.283938    2.297049 ^ input42/X (sky130_fd_sc_hd__clkdlybuf4s25_1)
                                                         net42 (net)
                      0.108524    0.000129    2.297178 ^ _1042_/A (sky130_fd_sc_hd__nand2_2)
     5    0.019614    0.089224    0.105512    2.402690 v _1042_/Y (sky130_fd_sc_hd__nand2_2)
                                                         _0217_ (net)
                      0.089256    0.000370    2.403060 v _1452_/B (sky130_fd_sc_hd__nor2_2)
     1    0.002733    0.065070    0.086116    2.489176 ^ _1452_/Y (sky130_fd_sc_hd__nor2_2)
                                                         _0609_ (net)
                      0.065070    0.000012    2.489188 ^ _1454_/B1 (sky130_fd_sc_hd__a211o_2)
     1    0.003774    0.029547    0.099267    2.588455 ^ _1454_/X (sky130_fd_sc_hd__a211o_2)
                                                         _0611_ (net)
                      0.029547    0.000044    2.588499 ^ _1461_/B (sky130_fd_sc_hd__or4_4)
     2    0.015609    0.058331    0.131724    2.720223 ^ _1461_/X (sky130_fd_sc_hd__or4_4)
                                                         net78 (net)
                      0.058334    0.000490    2.720713 ^ output78/A (sky130_fd_sc_hd__buf_8)
     1    0.034611    0.066211    0.120959    2.841672 ^ output78/X (sky130_fd_sc_hd__buf_8)
                                                         result[18] (net)
                      0.066211    0.000338    2.842010 ^ result[18] (out)
                                              2.842010   data arrival time

                      0.000000    0.000000    0.000000   clock __VIRTUAL_CLK__ (rise edge)
                                  0.000000    0.000000   clock network delay (ideal)
                                  0.250000    0.250000   clock uncertainty
                                  0.000000    0.250000   clock reconvergence pessimism
                                 -2.000000   -1.750000   output external delay
                                             -1.750000   data required time
---------------------------------------------------------------------------------------------
                                             -1.750000   data required time
                                             -2.842010   data arrival time
---------------------------------------------------------------------------------------------
                                              4.592010   slack (MET)


Startpoint: B[28] (input port clocked by __VIRTUAL_CLK__)
Endpoint: result[29] (output port clocked by __VIRTUAL_CLK__)
Path Group: __VIRTUAL_CLK__
Path Type: min

Fanout         Cap        Slew       Delay        Time   Description
---------------------------------------------------------------------------------------------
                      0.000000    0.000000    0.000000   clock __VIRTUAL_CLK__ (rise edge)
                                  0.000000    0.000000   clock network delay (ideal)
                                  2.000000    2.000000 v input external delay
     1    0.003502    0.010262    0.005612    2.005612 v B[28] (in)
                                                         B[28] (net)
                      0.010262    0.000000    2.005612 v input53/A (sky130_fd_sc_hd__clkdlybuf4s25_1)
     4    0.015436    0.123806    0.299794    2.305406 v input53/X (sky130_fd_sc_hd__clkdlybuf4s25_1)
                                                         net53 (net)
                      0.123806    0.000271    2.305677 v _0904_/A (sky130_fd_sc_hd__nand2_2)
     3    0.009027    0.065065    0.103974    2.409651 ^ _0904_/Y (sky130_fd_sc_hd__nand2_2)
                                                         _0079_ (net)
                      0.065065    0.000013    2.409664 ^ _1636_/A1 (sky130_fd_sc_hd__a21bo_2)
     1    0.005506    0.042390    0.129704    2.539369 ^ _1636_/X (sky130_fd_sc_hd__a21bo_2)
                                                         _0782_ (net)
                      0.042390    0.000048    2.539417 ^ _1638_/A3 (sky130_fd_sc_hd__a31o_4)
     2    0.020560    0.074617    0.180402    2.719818 ^ _1638_/X (sky130_fd_sc_hd__a31o_4)
                                                         net90 (net)
                      0.074617    0.000119    2.719937 ^ output90/A (sky130_fd_sc_hd__buf_6)
     1    0.035749    0.079634    0.137251    2.857188 ^ output90/X (sky130_fd_sc_hd__buf_6)
                                                         result[29] (net)
                      0.079638    0.000670    2.857858 ^ result[29] (out)
                                              2.857858   data arrival time

                      0.000000    0.000000    0.000000   clock __VIRTUAL_CLK__ (rise edge)
                                  0.000000    0.000000   clock network delay (ideal)
                                  0.250000    0.250000   clock uncertainty
                                  0.000000    0.250000   clock reconvergence pessimism
                                 -2.000000   -1.750000   output external delay
                                             -1.750000   data required time
---------------------------------------------------------------------------------------------
                                             -1.750000   data required time
                                             -2.857858   data arrival time
---------------------------------------------------------------------------------------------
                                              4.607858   slack (MET)


Startpoint: B[10] (input port clocked by __VIRTUAL_CLK__)
Endpoint: result[11] (output port clocked by __VIRTUAL_CLK__)
Path Group: __VIRTUAL_CLK__
Path Type: min

Fanout         Cap        Slew       Delay        Time   Description
---------------------------------------------------------------------------------------------
                      0.000000    0.000000    0.000000   clock __VIRTUAL_CLK__ (rise edge)
                                  0.000000    0.000000   clock network delay (ideal)
                                  2.000000    2.000000 v input external delay
     1    0.004016    0.011449    0.006481    2.006481 v B[10] (in)
                                                         B[10] (net)
                      0.011449    0.000000    2.006481 v input34/A (sky130_fd_sc_hd__clkdlybuf4s25_1)
     4    0.018397    0.144183    0.316349    2.322830 v input34/X (sky130_fd_sc_hd__clkdlybuf4s25_1)
                                                         net34 (net)
                      0.144183    0.000238    2.323068 v _1006_/A (sky130_fd_sc_hd__nand2_2)
     4    0.015944    0.097419    0.137813    2.460881 ^ _1006_/Y (sky130_fd_sc_hd__nand2_2)
                                                         _0181_ (net)
                      0.097419    0.000065    2.460946 ^ _1310_/A1 (sky130_fd_sc_hd__a21oi_2)
     1    0.005332    0.038699    0.064560    2.525506 v _1310_/Y (sky130_fd_sc_hd__a21oi_2)
                                                         _0474_ (net)
                      0.038699    0.000067    2.525573 v _1312_/A (sky130_fd_sc_hd__nor2_2)
     1    0.005683    0.088023    0.111009    2.636582 ^ _1312_/Y (sky130_fd_sc_hd__nor2_2)
                                                         _0476_ (net)
                      0.088023    0.000052    2.636634 ^ _1325_/B1 (sky130_fd_sc_hd__a211o_4)
     2    0.012979    0.047625    0.119947    2.756581 ^ _1325_/X (sky130_fd_sc_hd__a211o_4)
                                                         net71 (net)
                      0.047626    0.000274    2.756855 ^ output71/A (sky130_fd_sc_hd__buf_8)
     1    0.034555    0.066125    0.117067    2.873923 ^ output71/X (sky130_fd_sc_hd__buf_8)
                                                         result[11] (net)
                      0.066127    0.000435    2.874358 ^ result[11] (out)
                                              2.874358   data arrival time

                      0.000000    0.000000    0.000000   clock __VIRTUAL_CLK__ (rise edge)
                                  0.000000    0.000000   clock network delay (ideal)
                                  0.250000    0.250000   clock uncertainty
                                  0.000000    0.250000   clock reconvergence pessimism
                                 -2.000000   -1.750000   output external delay
                                             -1.750000   data required time
---------------------------------------------------------------------------------------------
                                             -1.750000   data required time
                                             -2.874358   data arrival time
---------------------------------------------------------------------------------------------
                                              4.624358   slack (MET)


Startpoint: B[24] (input port clocked by __VIRTUAL_CLK__)
Endpoint: result[24] (output port clocked by __VIRTUAL_CLK__)
Path Group: __VIRTUAL_CLK__
Path Type: min

Fanout         Cap        Slew       Delay        Time   Description
---------------------------------------------------------------------------------------------
                      0.000000    0.000000    0.000000   clock __VIRTUAL_CLK__ (rise edge)
                                  0.000000    0.000000   clock network delay (ideal)
                                  2.000000    2.000000 v input external delay
     1    0.003280    0.009748    0.005228    2.005228 v B[24] (in)
                                                         B[24] (net)
                      0.009748    0.000000    2.005228 v input49/A (sky130_fd_sc_hd__clkdlybuf4s25_1)
     4    0.014029    0.114140    0.291941    2.297169 v input49/X (sky130_fd_sc_hd__clkdlybuf4s25_1)
                                                         net49 (net)
                      0.114140    0.000339    2.297508 v _1058_/A (sky130_fd_sc_hd__nand2_2)
     3    0.012497    0.076988    0.112995    2.410503 ^ _1058_/Y (sky130_fd_sc_hd__nand2_2)
                                                         _0233_ (net)
                      0.076988    0.000069    2.410573 ^ _1060_/A (sky130_fd_sc_hd__nand2_2)
     6    0.026375    0.108999    0.114065    2.524638 v _1060_/Y (sky130_fd_sc_hd__nand2_2)
                                                         _0235_ (net)
                      0.108999    0.000141    2.524778 v _1547_/A2 (sky130_fd_sc_hd__o21ai_2)
     1    0.004937    0.104245    0.140483    2.665262 ^ _1547_/Y (sky130_fd_sc_hd__o21ai_2)
                                                         _0698_ (net)
                      0.104245    0.000043    2.665305 ^ _1562_/A2 (sky130_fd_sc_hd__o21ai_2)
     2    0.007405    0.043150    0.071634    2.736939 v _1562_/Y (sky130_fd_sc_hd__o21ai_2)
                                                         net85 (net)
                      0.043150    0.000066    2.737005 v output85/A (sky130_fd_sc_hd__buf_6)
     1    0.035868    0.044855    0.136941    2.873947 v output85/X (sky130_fd_sc_hd__buf_6)
                                                         result[24] (net)
                      0.044866    0.000680    2.874627 v result[24] (out)
                                              2.874627   data arrival time

                      0.000000    0.000000    0.000000   clock __VIRTUAL_CLK__ (rise edge)
                                  0.000000    0.000000   clock network delay (ideal)
                                  0.250000    0.250000   clock uncertainty
                                  0.000000    0.250000   clock reconvergence pessimism
                                 -2.000000   -1.750000   output external delay
                                             -1.750000   data required time
---------------------------------------------------------------------------------------------
                                             -1.750000   data required time
                                             -2.874627   data arrival time
---------------------------------------------------------------------------------------------
                                              4.624627   slack (MET)


Startpoint: A[5] (input port clocked by __VIRTUAL_CLK__)
Endpoint: result[5] (output port clocked by __VIRTUAL_CLK__)
Path Group: __VIRTUAL_CLK__
Path Type: min

Fanout         Cap        Slew       Delay        Time   Description
---------------------------------------------------------------------------------------------
                      0.000000    0.000000    0.000000   clock __VIRTUAL_CLK__ (rise edge)
                                  0.000000    0.000000   clock network delay (ideal)
                                  2.000000    2.000000 ^ input external delay
     1    0.004272    0.026121    0.015458    2.015458 ^ A[5] (in)
                                                         A[5] (net)
                      0.026121    0.000000    2.015458 ^ input28/A (sky130_fd_sc_hd__clkbuf_2)
     3    0.017399    0.101079    0.139043    2.154501 ^ input28/X (sky130_fd_sc_hd__clkbuf_2)
                                                         net28 (net)
                      0.101079    0.000340    2.154841 ^ fanout205/A (sky130_fd_sc_hd__buf_6)
     2    0.018489    0.048484    0.122534    2.277375 ^ fanout205/X (sky130_fd_sc_hd__buf_6)
                                                         net205 (net)
                      0.048484    0.000145    2.277520 ^ _0952_/B (sky130_fd_sc_hd__xnor2_4)
     3    0.018880    0.060311    0.080821    2.358341 v _0952_/Y (sky130_fd_sc_hd__xnor2_4)
                                                         _0127_ (net)
                      0.060311    0.000286    2.358628 v _1208_/A (sky130_fd_sc_hd__xnor2_2)
     1    0.004140    0.039720    0.150968    2.509595 ^ _1208_/Y (sky130_fd_sc_hd__xnor2_2)
                                                         _0378_ (net)
                      0.039720    0.000059    2.509655 ^ _1209_/B1 (sky130_fd_sc_hd__a22o_2)
     1    0.004874    0.042130    0.123118    2.632772 ^ _1209_/X (sky130_fd_sc_hd__a22o_2)
                                                         _0379_ (net)
                      0.042130    0.000074    2.632846 ^ _1210_/C (sky130_fd_sc_hd__or3_4)
     2    0.009983    0.043690    0.117346    2.750192 ^ _1210_/X (sky130_fd_sc_hd__or3_4)
                                                         net96 (net)
                      0.043690    0.000163    2.750356 ^ output96/A (sky130_fd_sc_hd__buf_6)
     1    0.035228    0.078575    0.126001    2.876356 ^ output96/X (sky130_fd_sc_hd__buf_6)
                                                         result[5] (net)
                      0.078577    0.000525    2.876882 ^ result[5] (out)
                                              2.876882   data arrival time

                      0.000000    0.000000    0.000000   clock __VIRTUAL_CLK__ (rise edge)
                                  0.000000    0.000000   clock network delay (ideal)
                                  0.250000    0.250000   clock uncertainty
                                  0.000000    0.250000   clock reconvergence pessimism
                                 -2.000000   -1.750000   output external delay
                                             -1.750000   data required time
---------------------------------------------------------------------------------------------
                                             -1.750000   data required time
                                             -2.876882   data arrival time
---------------------------------------------------------------------------------------------
                                              4.626881   slack (MET)


Startpoint: B[24] (input port clocked by __VIRTUAL_CLK__)
Endpoint: result[25] (output port clocked by __VIRTUAL_CLK__)
Path Group: __VIRTUAL_CLK__
Path Type: min

Fanout         Cap        Slew       Delay        Time   Description
---------------------------------------------------------------------------------------------
                      0.000000    0.000000    0.000000   clock __VIRTUAL_CLK__ (rise edge)
                                  0.000000    0.000000   clock network delay (ideal)
                                  2.000000    2.000000 ^ input external delay
     1    0.003505    0.022788    0.012769    2.012769 ^ B[24] (in)
                                                         B[24] (net)
                      0.022788    0.000000    2.012769 ^ input49/A (sky130_fd_sc_hd__clkdlybuf4s25_1)
     4    0.014734    0.156788    0.317971    2.330740 ^ input49/X (sky130_fd_sc_hd__clkdlybuf4s25_1)
                                                         net49 (net)
                      0.156788    0.000358    2.331098 ^ _1058_/A (sky130_fd_sc_hd__nand2_2)
     3    0.011663    0.071578    0.094073    2.425172 v _1058_/Y (sky130_fd_sc_hd__nand2_2)
                                                         _0233_ (net)
                      0.071578    0.000045    2.425217 v _1572_/B (sky130_fd_sc_hd__nand2_2)
     1    0.002871    0.039258    0.068440    2.493657 ^ _1572_/Y (sky130_fd_sc_hd__nand2_2)
                                                         _0722_ (net)
                      0.039258    0.000026    2.493683 ^ _1577_/A2 (sky130_fd_sc_hd__o211a_2)
     1    0.006431    0.059091    0.172422    2.666106 ^ _1577_/X (sky130_fd_sc_hd__o211a_2)
                                                         _0727_ (net)
                      0.059091    0.000101    2.666206 ^ _1578_/C1 (sky130_fd_sc_hd__a211o_4)
     2    0.009855    0.040143    0.101682    2.767888 ^ _1578_/X (sky130_fd_sc_hd__a211o_4)
                                                         net86 (net)
                      0.040143    0.000099    2.767987 ^ output86/A (sky130_fd_sc_hd__buf_8)
     1    0.034741    0.066391    0.114645    2.882631 ^ output86/X (sky130_fd_sc_hd__buf_8)
                                                         result[25] (net)
                      0.066393    0.000440    2.883071 ^ result[25] (out)
                                              2.883071   data arrival time

                      0.000000    0.000000    0.000000   clock __VIRTUAL_CLK__ (rise edge)
                                  0.000000    0.000000   clock network delay (ideal)
                                  0.250000    0.250000   clock uncertainty
                                  0.000000    0.250000   clock reconvergence pessimism
                                 -2.000000   -1.750000   output external delay
                                             -1.750000   data required time
---------------------------------------------------------------------------------------------
                                             -1.750000   data required time
                                             -2.883071   data arrival time
---------------------------------------------------------------------------------------------
                                              4.633071   slack (MET)


Startpoint: B[8] (input port clocked by __VIRTUAL_CLK__)
Endpoint: result[9] (output port clocked by __VIRTUAL_CLK__)
Path Group: __VIRTUAL_CLK__
Path Type: min

Fanout         Cap        Slew       Delay        Time   Description
---------------------------------------------------------------------------------------------
                      0.000000    0.000000    0.000000   clock __VIRTUAL_CLK__ (rise edge)
                                  0.000000    0.000000   clock network delay (ideal)
                                  2.000000    2.000000 v input external delay
     1    0.003318    0.009837    0.005299    2.005299 v B[8] (in)
                                                         B[8] (net)
                      0.009837    0.000000    2.005299 v input63/A (sky130_fd_sc_hd__clkdlybuf4s25_1)
     4    0.018166    0.142642    0.314433    2.319732 v input63/X (sky130_fd_sc_hd__clkdlybuf4s25_1)
                                                         net63 (net)
                      0.142642    0.000219    2.319951 v _1013_/A (sky130_fd_sc_hd__nand2_4)
     5    0.027376    0.095800    0.137155    2.457106 ^ _1013_/Y (sky130_fd_sc_hd__nand2_4)
                                                         _0188_ (net)
                      0.095800    0.000104    2.457210 ^ _1290_/A2 (sky130_fd_sc_hd__o2111a_2)
     1    0.003768    0.045011    0.186762    2.643972 ^ _1290_/X (sky130_fd_sc_hd__o2111a_2)
                                                         _0456_ (net)
                      0.045011    0.000045    2.644017 ^ _1291_/B (sky130_fd_sc_hd__or3_4)
     2    0.009033    0.041311    0.118924    2.762942 ^ _1291_/X (sky130_fd_sc_hd__or3_4)
                                                         net100 (net)
                      0.041311    0.000136    2.763078 ^ output100/A (sky130_fd_sc_hd__buf_6)
     1    0.035497    0.079088    0.125447    2.888525 ^ output100/X (sky130_fd_sc_hd__buf_6)
                                                         result[9] (net)
                      0.079091    0.000594    2.889119 ^ result[9] (out)
                                              2.889119   data arrival time

                      0.000000    0.000000    0.000000   clock __VIRTUAL_CLK__ (rise edge)
                                  0.000000    0.000000   clock network delay (ideal)
                                  0.250000    0.250000   clock uncertainty
                                  0.000000    0.250000   clock reconvergence pessimism
                                 -2.000000   -1.750000   output external delay
                                             -1.750000   data required time
---------------------------------------------------------------------------------------------
                                             -1.750000   data required time
                                             -2.889119   data arrival time
---------------------------------------------------------------------------------------------
                                              4.639120   slack (MET)


Startpoint: B[13] (input port clocked by __VIRTUAL_CLK__)
Endpoint: result[13] (output port clocked by __VIRTUAL_CLK__)
Path Group: __VIRTUAL_CLK__
Path Type: min

Fanout         Cap        Slew       Delay        Time   Description
---------------------------------------------------------------------------------------------
                      0.000000    0.000000    0.000000   clock __VIRTUAL_CLK__ (rise edge)
                                  0.000000    0.000000   clock network delay (ideal)
                                  2.000000    2.000000 ^ input external delay
     1    0.002989    0.020546    0.010970    2.010970 ^ B[13] (in)
                                                         B[13] (net)
                      0.020546    0.000000    2.010970 ^ input37/A (sky130_fd_sc_hd__dlymetal6s2s_1)
     4    0.031761    0.323218    0.276362    2.287332 ^ input37/X (sky130_fd_sc_hd__dlymetal6s2s_1)
                                                         net37 (net)
                      0.323219    0.000394    2.287726 ^ _0992_/A (sky130_fd_sc_hd__xnor2_4)
     3    0.012571    0.046839    0.128226    2.415952 v _0992_/Y (sky130_fd_sc_hd__xnor2_4)
                                                         _0167_ (net)
                      0.046839    0.000106    2.416058 v _1026_/A (sky130_fd_sc_hd__nand2_2)
     1    0.001950    0.025297    0.044724    2.460781 ^ _1026_/Y (sky130_fd_sc_hd__nand2_2)
                                                         _0201_ (net)
                      0.025297    0.000019    2.460800 ^ _1351_/A (sky130_fd_sc_hd__and3_2)
     1    0.003478    0.045066    0.150779    2.611579 ^ _1351_/X (sky130_fd_sc_hd__and3_2)
                                                         _0513_ (net)
                      0.045066    0.000039    2.611619 ^ _1367_/A2 (sky130_fd_sc_hd__a211o_2)
     2    0.011789    0.063622    0.149302    2.760920 ^ _1367_/X (sky130_fd_sc_hd__a211o_2)
                                                         net73 (net)
                      0.063622    0.000132    2.761053 ^ output73/A (sky130_fd_sc_hd__buf_6)
     1    0.035268    0.078683    0.132981    2.894034 ^ output73/X (sky130_fd_sc_hd__buf_6)
                                                         result[13] (net)
                      0.078686    0.000586    2.894620 ^ result[13] (out)
                                              2.894620   data arrival time

                      0.000000    0.000000    0.000000   clock __VIRTUAL_CLK__ (rise edge)
                                  0.000000    0.000000   clock network delay (ideal)
                                  0.250000    0.250000   clock uncertainty
                                  0.000000    0.250000   clock reconvergence pessimism
                                 -2.000000   -1.750000   output external delay
                                             -1.750000   data required time
---------------------------------------------------------------------------------------------
                                             -1.750000   data required time
                                             -2.894620   data arrival time
---------------------------------------------------------------------------------------------
                                              4.644620   slack (MET)


Startpoint: B[8] (input port clocked by __VIRTUAL_CLK__)
Endpoint: result[8] (output port clocked by __VIRTUAL_CLK__)
Path Group: __VIRTUAL_CLK__
Path Type: min

Fanout         Cap        Slew       Delay        Time   Description
---------------------------------------------------------------------------------------------
                      0.000000    0.000000    0.000000   clock __VIRTUAL_CLK__ (rise edge)
                                  0.000000    0.000000   clock network delay (ideal)
                                  2.000000    2.000000 ^ input external delay
     1    0.003543    0.022954    0.012910    2.012910 ^ B[8] (in)
                                                         B[8] (net)
                      0.022954    0.000000    2.012910 ^ input63/A (sky130_fd_sc_hd__clkdlybuf4s25_1)
     4    0.019288    0.200727    0.349300    2.362211 ^ input63/X (sky130_fd_sc_hd__clkdlybuf4s25_1)
                                                         net63 (net)
                      0.200727    0.000254    2.362465 ^ _1014_/A (sky130_fd_sc_hd__or2_4)
     3    0.016361    0.061750    0.183459    2.545924 ^ _1014_/X (sky130_fd_sc_hd__or2_4)
                                                         _0189_ (net)
                      0.061750    0.000071    2.545995 ^ _1263_/A2 (sky130_fd_sc_hd__a211o_2)
     1    0.003230    0.027310    0.121397    2.667392 ^ _1263_/X (sky130_fd_sc_hd__a211o_2)
                                                         _0430_ (net)
                      0.027310    0.000033    2.667425 ^ _1271_/B (sky130_fd_sc_hd__or4b_4)
     2    0.012876    0.051562    0.125653    2.793078 ^ _1271_/X (sky130_fd_sc_hd__or4b_4)
                                                         net99 (net)
                      0.051562    0.000242    2.793319 ^ output99/A (sky130_fd_sc_hd__buf_8)
     1    0.035650    0.067789    0.119617    2.912937 ^ output99/X (sky130_fd_sc_hd__buf_8)
                                                         result[8] (net)
                      0.067793    0.000607    2.913544 ^ result[8] (out)
                                              2.913544   data arrival time

                      0.000000    0.000000    0.000000   clock __VIRTUAL_CLK__ (rise edge)
                                  0.000000    0.000000   clock network delay (ideal)
                                  0.250000    0.250000   clock uncertainty
                                  0.000000    0.250000   clock reconvergence pessimism
                                 -2.000000   -1.750000   output external delay
                                             -1.750000   data required time
---------------------------------------------------------------------------------------------
                                             -1.750000   data required time
                                             -2.913544   data arrival time
---------------------------------------------------------------------------------------------
                                              4.663543   slack (MET)


Startpoint: B[22] (input port clocked by __VIRTUAL_CLK__)
Endpoint: result[22] (output port clocked by __VIRTUAL_CLK__)
Path Group: __VIRTUAL_CLK__
Path Type: min

Fanout         Cap        Slew       Delay        Time   Description
---------------------------------------------------------------------------------------------
                      0.000000    0.000000    0.000000   clock __VIRTUAL_CLK__ (rise edge)
                                  0.000000    0.000000   clock network delay (ideal)
                                  2.000000    2.000000 v input external delay
     1    0.004513    0.012572    0.007305    2.007305 v B[22] (in)
                                                         B[22] (net)
                      0.012576    0.000000    2.007305 v input47/A (sky130_fd_sc_hd__clkdlybuf4s25_1)
     4    0.016830    0.133358    0.308253    2.315558 v input47/X (sky130_fd_sc_hd__clkdlybuf4s25_1)
                                                         net47 (net)
                      0.133358    0.000297    2.315855 v _0934_/A (sky130_fd_sc_hd__nand2_2)
     5    0.021104    0.119599    0.151412    2.467267 ^ _0934_/Y (sky130_fd_sc_hd__nand2_2)
                                                         _0109_ (net)
                      0.119599    0.000162    2.467430 ^ _1516_/B1 (sky130_fd_sc_hd__a32o_2)
     2    0.007038    0.060827    0.152866    2.620296 ^ _1516_/X (sky130_fd_sc_hd__a32o_2)
                                                         _0669_ (net)
                      0.060827    0.000066    2.620362 ^ _1530_/A3 (sky130_fd_sc_hd__a31o_2)
     2    0.007267    0.053050    0.168150    2.788512 ^ _1530_/X (sky130_fd_sc_hd__a31o_2)
                                                         net83 (net)
                      0.053050    0.000025    2.788538 ^ output83/A (sky130_fd_sc_hd__buf_6)
     1    0.034790    0.077716    0.128962    2.917499 ^ output83/X (sky130_fd_sc_hd__buf_6)
                                                         result[22] (net)
                      0.077716    0.000324    2.917824 ^ result[22] (out)
                                              2.917824   data arrival time

                      0.000000    0.000000    0.000000   clock __VIRTUAL_CLK__ (rise edge)
                                  0.000000    0.000000   clock network delay (ideal)
                                  0.250000    0.250000   clock uncertainty
                                  0.000000    0.250000   clock reconvergence pessimism
                                 -2.000000   -1.750000   output external delay
                                             -1.750000   data required time
---------------------------------------------------------------------------------------------
                                             -1.750000   data required time
                                             -2.917824   data arrival time
---------------------------------------------------------------------------------------------
                                              4.667824   slack (MET)


Startpoint: B[20] (input port clocked by __VIRTUAL_CLK__)
Endpoint: result[20] (output port clocked by __VIRTUAL_CLK__)
Path Group: __VIRTUAL_CLK__
Path Type: min

Fanout         Cap        Slew       Delay        Time   Description
---------------------------------------------------------------------------------------------
                      0.000000    0.000000    0.000000   clock __VIRTUAL_CLK__ (rise edge)
                                  0.000000    0.000000   clock network delay (ideal)
                                  2.000000    2.000000 ^ input external delay
     1    0.003392    0.022293    0.012368    2.012368 ^ B[20] (in)
                                                         B[20] (net)
                      0.022293    0.000000    2.012368 ^ input45/A (sky130_fd_sc_hd__clkdlybuf4s25_1)
     5    0.018941    0.197386    0.346687    2.359055 ^ input45/X (sky130_fd_sc_hd__clkdlybuf4s25_1)
                                                         net45 (net)
                      0.197386    0.000395    2.359451 ^ _1492_/A1 (sky130_fd_sc_hd__a31o_2)
     1    0.002616    0.038179    0.175013    2.534464 ^ _1492_/X (sky130_fd_sc_hd__a31o_2)
                                                         _0647_ (net)
                      0.038179    0.000010    2.534473 ^ _1493_/C1 (sky130_fd_sc_hd__a211o_2)
     1    0.003028    0.026447    0.082823    2.617296 ^ _1493_/X (sky130_fd_sc_hd__a211o_2)
                                                         _0648_ (net)
                      0.026447    0.000027    2.617324 ^ _1494_/B1 (sky130_fd_sc_hd__a21o_2)
     1    0.006867    0.043636    0.087528    2.704851 ^ _1494_/X (sky130_fd_sc_hd__a21o_2)
                                                         _0649_ (net)
                      0.043636    0.000115    2.704966 ^ _1495_/C1 (sky130_fd_sc_hd__a211o_4)
     2    0.012321    0.046002    0.101475    2.806441 ^ _1495_/X (sky130_fd_sc_hd__a211o_4)
                                                         net81 (net)
                      0.046002    0.000109    2.806550 ^ output81/A (sky130_fd_sc_hd__buf_8)
     1    0.034451    0.065943    0.116472    2.923021 ^ output81/X (sky130_fd_sc_hd__buf_8)
                                                         result[20] (net)
                      0.065943    0.000273    2.923294 ^ result[20] (out)
                                              2.923294   data arrival time

                      0.000000    0.000000    0.000000   clock __VIRTUAL_CLK__ (rise edge)
                                  0.000000    0.000000   clock network delay (ideal)
                                  0.250000    0.250000   clock uncertainty
                                  0.000000    0.250000   clock reconvergence pessimism
                                 -2.000000   -1.750000   output external delay
                                             -1.750000   data required time
---------------------------------------------------------------------------------------------
                                             -1.750000   data required time
                                             -2.923294   data arrival time
---------------------------------------------------------------------------------------------
                                              4.673294   slack (MET)


Startpoint: B[20] (input port clocked by __VIRTUAL_CLK__)
Endpoint: result[21] (output port clocked by __VIRTUAL_CLK__)
Path Group: __VIRTUAL_CLK__
Path Type: min

Fanout         Cap        Slew       Delay        Time   Description
---------------------------------------------------------------------------------------------
                      0.000000    0.000000    0.000000   clock __VIRTUAL_CLK__ (rise edge)
                                  0.000000    0.000000   clock network delay (ideal)
                                  2.000000    2.000000 ^ input external delay
     1    0.003392    0.022293    0.012368    2.012368 ^ B[20] (in)
                                                         B[20] (net)
                      0.022293    0.000000    2.012368 ^ input45/A (sky130_fd_sc_hd__clkdlybuf4s25_1)
     5    0.018941    0.197386    0.346687    2.359055 ^ input45/X (sky130_fd_sc_hd__clkdlybuf4s25_1)
                                                         net45 (net)
                      0.197386    0.000303    2.359358 ^ _1508_/A1 (sky130_fd_sc_hd__a211o_2)
     1    0.002856    0.027180    0.157905    2.517263 ^ _1508_/X (sky130_fd_sc_hd__a211o_2)
                                                         _0662_ (net)
                      0.027180    0.000026    2.517288 ^ _1513_/A2 (sky130_fd_sc_hd__a41o_2)
     1    0.004214    0.035590    0.172621    2.689909 ^ _1513_/X (sky130_fd_sc_hd__a41o_2)
                                                         _0667_ (net)
                      0.035590    0.000045    2.689954 ^ _1514_/B1 (sky130_fd_sc_hd__a41o_2)
     2    0.009305    0.057671    0.107612    2.797566 ^ _1514_/X (sky130_fd_sc_hd__a41o_2)
                                                         net82 (net)
                      0.057671    0.000072    2.797638 ^ output82/A (sky130_fd_sc_hd__buf_6)
     1    0.034464    0.077120    0.130114    2.927752 ^ output82/X (sky130_fd_sc_hd__buf_6)
                                                         result[21] (net)
                      0.077120    0.000232    2.927984 ^ result[21] (out)
                                              2.927984   data arrival time

                      0.000000    0.000000    0.000000   clock __VIRTUAL_CLK__ (rise edge)
                                  0.000000    0.000000   clock network delay (ideal)
                                  0.250000    0.250000   clock uncertainty
                                  0.000000    0.250000   clock reconvergence pessimism
                                 -2.000000   -1.750000   output external delay
                                             -1.750000   data required time
---------------------------------------------------------------------------------------------
                                             -1.750000   data required time
                                             -2.927984   data arrival time
---------------------------------------------------------------------------------------------
                                              4.677984   slack (MET)


Startpoint: B[28] (input port clocked by __VIRTUAL_CLK__)
Endpoint: result[28] (output port clocked by __VIRTUAL_CLK__)
Path Group: __VIRTUAL_CLK__
Path Type: min

Fanout         Cap        Slew       Delay        Time   Description
---------------------------------------------------------------------------------------------
                      0.000000    0.000000    0.000000   clock __VIRTUAL_CLK__ (rise edge)
                                  0.000000    0.000000   clock network delay (ideal)
                                  2.000000    2.000000 v input external delay
     1    0.003502    0.010262    0.005612    2.005612 v B[28] (in)
                                                         B[28] (net)
                      0.010262    0.000000    2.005612 v input53/A (sky130_fd_sc_hd__clkdlybuf4s25_1)
     4    0.015436    0.123806    0.299794    2.305406 v input53/X (sky130_fd_sc_hd__clkdlybuf4s25_1)
                                                         net53 (net)
                      0.123806    0.000305    2.305711 v _0905_/A (sky130_fd_sc_hd__nor2_2)
     2    0.008231    0.113716    0.164136    2.469847 ^ _0905_/Y (sky130_fd_sc_hd__nor2_2)
                                                         _0080_ (net)
                      0.113716    0.000070    2.469917 ^ _0906_/B (sky130_fd_sc_hd__nor2_2)
     7    0.033193    0.082847    0.106112    2.576029 v _0906_/Y (sky130_fd_sc_hd__nor2_2)
                                                         _0081_ (net)
                      0.082854    0.000643    2.576672 v _1608_/A (sky130_fd_sc_hd__nand2_2)
     1    0.006165    0.048368    0.075480    2.652151 ^ _1608_/Y (sky130_fd_sc_hd__nand2_2)
                                                         _0755_ (net)
                      0.048368    0.000077    2.652229 ^ _1625_/A3 (sky130_fd_sc_hd__a31o_4)
     2    0.010915    0.047942    0.158447    2.810676 ^ _1625_/X (sky130_fd_sc_hd__a31o_4)
                                                         net89 (net)
                      0.047942    0.000100    2.810776 ^ output89/A (sky130_fd_sc_hd__buf_8)
     1    0.034616    0.066217    0.117247    2.928023 ^ output89/X (sky130_fd_sc_hd__buf_8)
                                                         result[28] (net)
                      0.066219    0.000438    2.928461 ^ result[28] (out)
                                              2.928461   data arrival time

                      0.000000    0.000000    0.000000   clock __VIRTUAL_CLK__ (rise edge)
                                  0.000000    0.000000   clock network delay (ideal)
                                  0.250000    0.250000   clock uncertainty
                                  0.000000    0.250000   clock reconvergence pessimism
                                 -2.000000   -1.750000   output external delay
                                             -1.750000   data required time
---------------------------------------------------------------------------------------------
                                             -1.750000   data required time
                                             -2.928461   data arrival time
---------------------------------------------------------------------------------------------
                                              4.678461   slack (MET)


Startpoint: B[22] (input port clocked by __VIRTUAL_CLK__)
Endpoint: result[23] (output port clocked by __VIRTUAL_CLK__)
Path Group: __VIRTUAL_CLK__
Path Type: min

Fanout         Cap        Slew       Delay        Time   Description
---------------------------------------------------------------------------------------------
                      0.000000    0.000000    0.000000   clock __VIRTUAL_CLK__ (rise edge)
                                  0.000000    0.000000   clock network delay (ideal)
                                  2.000000    2.000000 ^ input external delay
     1    0.004738    0.028149    0.016994    2.016994 ^ B[22] (in)
                                                         B[22] (net)
                      0.028150    0.000000    2.016994 ^ input47/A (sky130_fd_sc_hd__clkdlybuf4s25_1)
     4    0.017535    0.183794    0.339062    2.356055 ^ input47/X (sky130_fd_sc_hd__clkdlybuf4s25_1)
                                                         net47 (net)
                      0.183794    0.000309    2.356365 ^ _0934_/A (sky130_fd_sc_hd__nand2_2)
     5    0.019968    0.102989    0.126686    2.483051 v _0934_/Y (sky130_fd_sc_hd__nand2_2)
                                                         _0109_ (net)
                      0.102989    0.000146    2.483196 v _1533_/A (sky130_fd_sc_hd__nand3_2)
     1    0.003079    0.042992    0.074547    2.557744 ^ _1533_/Y (sky130_fd_sc_hd__nand3_2)
                                                         _0685_ (net)
                      0.042992    0.000030    2.557774 ^ _1544_/A2 (sky130_fd_sc_hd__a31o_2)
     1    0.005629    0.045410    0.151790    2.709564 ^ _1544_/X (sky130_fd_sc_hd__a31o_2)
                                                         _0696_ (net)
                      0.045410    0.000067    2.709631 ^ _1545_/C1 (sky130_fd_sc_hd__a211o_4)
     2    0.009965    0.040075    0.097142    2.806773 ^ _1545_/X (sky130_fd_sc_hd__a211o_4)
                                                         net84 (net)
                      0.040075    0.000100    2.806873 ^ output84/A (sky130_fd_sc_hd__buf_6)
     1    0.034510    0.077227    0.123799    2.930672 ^ output84/X (sky130_fd_sc_hd__buf_6)
                                                         result[23] (net)
                      0.077227    0.000340    2.931011 ^ result[23] (out)
                                              2.931011   data arrival time

                      0.000000    0.000000    0.000000   clock __VIRTUAL_CLK__ (rise edge)
                                  0.000000    0.000000   clock network delay (ideal)
                                  0.250000    0.250000   clock uncertainty
                                  0.000000    0.250000   clock reconvergence pessimism
                                 -2.000000   -1.750000   output external delay
                                             -1.750000   data required time
---------------------------------------------------------------------------------------------
                                             -1.750000   data required time
                                             -2.931011   data arrival time
---------------------------------------------------------------------------------------------
                                              4.681011   slack (MET)


Startpoint: B[18] (input port clocked by __VIRTUAL_CLK__)
Endpoint: result[19] (output port clocked by __VIRTUAL_CLK__)
Path Group: __VIRTUAL_CLK__
Path Type: min

Fanout         Cap        Slew       Delay        Time   Description
---------------------------------------------------------------------------------------------
                      0.000000    0.000000    0.000000   clock __VIRTUAL_CLK__ (rise edge)
                                  0.000000    0.000000   clock network delay (ideal)
                                  2.000000    2.000000 v input external delay
     1    0.003377    0.009972    0.005395    2.005395 v B[18] (in)
                                                         B[18] (net)
                      0.009972    0.000000    2.005395 v input42/A (sky130_fd_sc_hd__clkdlybuf4s25_1)
     3    0.009195    0.081027    0.266033    2.271428 v input42/X (sky130_fd_sc_hd__clkdlybuf4s25_1)
                                                         net42 (net)
                      0.081027    0.000122    2.271550 v _1042_/A (sky130_fd_sc_hd__nand2_2)
     5    0.021103    0.116717    0.127868    2.399418 ^ _1042_/Y (sky130_fd_sc_hd__nand2_2)
                                                         _0217_ (net)
                      0.116718    0.000286    2.399704 ^ _1466_/A1 (sky130_fd_sc_hd__a311o_2)
     1    0.011163    0.068170    0.208514    2.608219 ^ _1466_/X (sky130_fd_sc_hd__a311o_2)
                                                         _0622_ (net)
                      0.068170    0.000205    2.608424 ^ _1476_/B (sky130_fd_sc_hd__nand3b_4)
     2    0.011434    0.062554    0.085648    2.694072 v _1476_/Y (sky130_fd_sc_hd__nand3b_4)
                                                         net79 (net)
                      0.062554    0.000340    2.694412 v rebuffer443/A (sky130_fd_sc_hd__buf_6)
     1    0.007461    0.023560    0.120159    2.814571 v rebuffer443/X (sky130_fd_sc_hd__buf_6)
                                                         net443 (net)
                      0.023560    0.000050    2.814620 v output79/A (sky130_fd_sc_hd__buf_8)
     1    0.034735    0.040141    0.125026    2.939647 v output79/X (sky130_fd_sc_hd__buf_8)
                                                         result[19] (net)
                      0.040144    0.000406    2.940053 v result[19] (out)
                                              2.940053   data arrival time

                      0.000000    0.000000    0.000000   clock __VIRTUAL_CLK__ (rise edge)
                                  0.000000    0.000000   clock network delay (ideal)
                                  0.250000    0.250000   clock uncertainty
                                  0.000000    0.250000   clock reconvergence pessimism
                                 -2.000000   -1.750000   output external delay
                                             -1.750000   data required time
---------------------------------------------------------------------------------------------
                                             -1.750000   data required time
                                             -2.940053   data arrival time
---------------------------------------------------------------------------------------------
                                              4.690053   slack (MET)


Startpoint: B[25] (input port clocked by __VIRTUAL_CLK__)
Endpoint: result[26] (output port clocked by __VIRTUAL_CLK__)
Path Group: __VIRTUAL_CLK__
Path Type: min

Fanout         Cap        Slew       Delay        Time   Description
---------------------------------------------------------------------------------------------
                      0.000000    0.000000    0.000000   clock __VIRTUAL_CLK__ (rise edge)
                                  0.000000    0.000000   clock network delay (ideal)
                                  2.000000    2.000000 v input external delay
     1    0.004099    0.011640    0.006625    2.006625 v B[25] (in)
                                                         B[25] (net)
                      0.011645    0.000000    2.006625 v input50/A (sky130_fd_sc_hd__clkdlybuf4s25_1)
     4    0.016699    0.132439    0.307272    2.313898 v input50/X (sky130_fd_sc_hd__clkdlybuf4s25_1)
                                                         net50 (net)
                      0.132439    0.000051    2.313949 v _0923_/A1 (sky130_fd_sc_hd__o21a_2)
     3    0.015692    0.054885    0.275633    2.589582 v _0923_/X (sky130_fd_sc_hd__o21a_2)
                                                         _0098_ (net)
                      0.054885    0.000270    2.589852 v _1579_/B (sky130_fd_sc_hd__nand3_2)
     1    0.006549    0.055217    0.079301    2.669152 ^ _1579_/Y (sky130_fd_sc_hd__nand3_2)
                                                         _0728_ (net)
                      0.055217    0.000085    2.669238 ^ _1593_/A3 (sky130_fd_sc_hd__a31o_4)
     2    0.012738    0.052999    0.165082    2.834320 ^ _1593_/X (sky130_fd_sc_hd__a31o_4)
                                                         net87 (net)
                      0.052999    0.000152    2.834471 ^ output87/A (sky130_fd_sc_hd__buf_8)
     1    0.034940    0.066723    0.119341    2.953812 ^ output87/X (sky130_fd_sc_hd__buf_8)
                                                         result[26] (net)
                      0.066726    0.000543    2.954356 ^ result[26] (out)
                                              2.954356   data arrival time

                      0.000000    0.000000    0.000000   clock __VIRTUAL_CLK__ (rise edge)
                                  0.000000    0.000000   clock network delay (ideal)
                                  0.250000    0.250000   clock uncertainty
                                  0.000000    0.250000   clock reconvergence pessimism
                                 -2.000000   -1.750000   output external delay
                                             -1.750000   data required time
---------------------------------------------------------------------------------------------
                                             -1.750000   data required time
                                             -2.954356   data arrival time
---------------------------------------------------------------------------------------------
                                              4.704356   slack (MET)


Startpoint: B[26] (input port clocked by __VIRTUAL_CLK__)
Endpoint: zero (output port clocked by __VIRTUAL_CLK__)
Path Group: __VIRTUAL_CLK__
Path Type: min

Fanout         Cap        Slew       Delay        Time   Description
---------------------------------------------------------------------------------------------
                      0.000000    0.000000    0.000000   clock __VIRTUAL_CLK__ (rise edge)
                                  0.000000    0.000000   clock network delay (ideal)
                                  2.000000    2.000000 ^ input external delay
     1    0.005192    0.030134    0.018485    2.018485 ^ B[26] (in)
                                                         B[26] (net)
                      0.030134    0.000000    2.018485 ^ input51/A (sky130_fd_sc_hd__clkdlybuf4s25_1)
     4    0.013278    0.142690    0.310695    2.329180 ^ input51/X (sky130_fd_sc_hd__clkdlybuf4s25_1)
                                                         net51 (net)
                      0.142690    0.000111    2.329292 ^ _0913_/A (sky130_fd_sc_hd__nand2_2)
     4    0.016375    0.083594    0.105678    2.434970 v _0913_/Y (sky130_fd_sc_hd__nand2_2)
                                                         _0088_ (net)
                      0.083594    0.000172    2.435142 v _1597_/B (sky130_fd_sc_hd__nand3b_2)
     1    0.005748    0.058709    0.092216    2.527358 ^ _1597_/Y (sky130_fd_sc_hd__nand3b_2)
                                                         _0745_ (net)
                      0.058709    0.000056    2.527413 ^ _1607_/A3 (sky130_fd_sc_hd__a31o_4)
     2    0.005546    0.033871    0.146636    2.674049 ^ _1607_/X (sky130_fd_sc_hd__a31o_4)
                                                         net88 (net)
                      0.033871    0.000060    2.674109 ^ _1678_/B (sky130_fd_sc_hd__or4_4)
     1    0.010522    0.045174    0.121634    2.795743 ^ _1678_/X (sky130_fd_sc_hd__or4_4)
                                                         _0821_ (net)
                      0.045174    0.000130    2.795873 ^ _1682_/D (sky130_fd_sc_hd__nor4_4)
     1    0.004677    0.019362    0.032084    2.827957 v _1682_/Y (sky130_fd_sc_hd__nor4_4)
                                                         net101 (net)
                      0.019362    0.000023    2.827980 v output101/A (sky130_fd_sc_hd__buf_6)
     1    0.035914    0.044953    0.126717    2.954697 v output101/X (sky130_fd_sc_hd__buf_6)
                                                         zero (net)
                      0.044962    0.000649    2.955346 v zero (out)
                                              2.955346   data arrival time

                      0.000000    0.000000    0.000000   clock __VIRTUAL_CLK__ (rise edge)
                                  0.000000    0.000000   clock network delay (ideal)
                                  0.250000    0.250000   clock uncertainty
                                  0.000000    0.250000   clock reconvergence pessimism
                                 -2.000000   -1.750000   output external delay
                                             -1.750000   data required time
---------------------------------------------------------------------------------------------
                                             -1.750000   data required time
                                             -2.955346   data arrival time
---------------------------------------------------------------------------------------------
                                              4.705346   slack (MET)


Startpoint: B[12] (input port clocked by __VIRTUAL_CLK__)
Endpoint: result[12] (output port clocked by __VIRTUAL_CLK__)
Path Group: __VIRTUAL_CLK__
Path Type: min

Fanout         Cap        Slew       Delay        Time   Description
---------------------------------------------------------------------------------------------
                      0.000000    0.000000    0.000000   clock __VIRTUAL_CLK__ (rise edge)
                                  0.000000    0.000000   clock network delay (ideal)
                                  2.000000    2.000000 v input external delay
     1    0.003621    0.010538    0.005812    2.005812 v B[12] (in)
                                                         B[12] (net)
                      0.010538    0.000000    2.005812 v input36/A (sky130_fd_sc_hd__clkdlybuf4s25_1)
     3    0.012947    0.106625    0.286559    2.292371 v input36/X (sky130_fd_sc_hd__clkdlybuf4s25_1)
                                                         net36 (net)
                      0.106625    0.000123    2.292494 v _0994_/A (sky130_fd_sc_hd__nand2_4)
     2    0.021515    0.076247    0.110341    2.402835 ^ _0994_/Y (sky130_fd_sc_hd__nand2_4)
                                                         _0169_ (net)
                      0.076247    0.000111    2.402946 ^ _0995_/B (sky130_fd_sc_hd__nand2_8)
     7    0.026093    0.048773    0.068082    2.471028 v _0995_/Y (sky130_fd_sc_hd__nand2_8)
                                                         _0170_ (net)
                      0.048782    0.000605    2.471633 v _1336_/A1 (sky130_fd_sc_hd__a311oi_2)
     1    0.003818    0.141889    0.197428    2.669061 ^ _1336_/Y (sky130_fd_sc_hd__a311oi_2)
                                                         _0499_ (net)
                      0.141889    0.000047    2.669108 ^ _1348_/B (sky130_fd_sc_hd__or3_4)
     2    0.012854    0.051330    0.162067    2.831175 ^ _1348_/X (sky130_fd_sc_hd__or3_4)
                                                         net72 (net)
                      0.051330    0.000226    2.831402 ^ output72/A (sky130_fd_sc_hd__buf_6)
     1    0.034917    0.077979    0.128398    2.959800 ^ output72/X (sky130_fd_sc_hd__buf_6)
                                                         result[12] (net)
                      0.077980    0.000497    2.960297 ^ result[12] (out)
                                              2.960297   data arrival time

                      0.000000    0.000000    0.000000   clock __VIRTUAL_CLK__ (rise edge)
                                  0.000000    0.000000   clock network delay (ideal)
                                  0.250000    0.250000   clock uncertainty
                                  0.000000    0.250000   clock reconvergence pessimism
                                 -2.000000   -1.750000   output external delay
                                             -1.750000   data required time
---------------------------------------------------------------------------------------------
                                             -1.750000   data required time
                                             -2.960297   data arrival time
---------------------------------------------------------------------------------------------
                                              4.710297   slack (MET)


Startpoint: B[16] (input port clocked by __VIRTUAL_CLK__)
Endpoint: result[17] (output port clocked by __VIRTUAL_CLK__)
Path Group: __VIRTUAL_CLK__
Path Type: min

Fanout         Cap        Slew       Delay        Time   Description
---------------------------------------------------------------------------------------------
                      0.000000    0.000000    0.000000   clock __VIRTUAL_CLK__ (rise edge)
                                  0.000000    0.000000   clock network delay (ideal)
                                  2.000000    2.000000 v input external delay
     1    0.002972    0.009029    0.004709    2.004709 v B[16] (in)
                                                         B[16] (net)
                      0.009029    0.000000    2.004709 v input40/A (sky130_fd_sc_hd__clkdlybuf4s25_1)
     3    0.013867    0.113000    0.290864    2.295573 v input40/X (sky130_fd_sc_hd__clkdlybuf4s25_1)
                                                         net40 (net)
                      0.113000    0.000228    2.295801 v _0828_/A (sky130_fd_sc_hd__inv_2)
     2    0.004858    0.043559    0.073388    2.369190 ^ _0828_/Y (sky130_fd_sc_hd__inv_2)
                                                         _0003_ (net)
                      0.043559    0.000020    2.369210 ^ _1426_/A1 (sky130_fd_sc_hd__a21o_2)
     1    0.003654    0.031761    0.108829    2.478039 ^ _1426_/X (sky130_fd_sc_hd__a21o_2)
                                                         _0584_ (net)
                      0.031761    0.000043    2.478082 ^ _1429_/A2 (sky130_fd_sc_hd__o211a_2)
     1    0.003701    0.045638    0.156704    2.634786 ^ _1429_/X (sky130_fd_sc_hd__o211a_2)
                                                         _0587_ (net)
                      0.045638    0.000031    2.634817 ^ _1445_/A (sky130_fd_sc_hd__or3_4)
     2    0.009561    0.042631    0.120504    2.755321 ^ _1445_/X (sky130_fd_sc_hd__or3_4)
                                                         net77 (net)
                      0.042631    0.000097    2.755418 ^ rebuffer223/A (sky130_fd_sc_hd__buf_2)
     1    0.007245    0.045860    0.106520    2.861939 ^ rebuffer223/X (sky130_fd_sc_hd__buf_2)
                                                         net223 (net)
                      0.045860    0.000127    2.862065 ^ output77/A (sky130_fd_sc_hd__buf_6)
     1    0.034442    0.077073    0.125904    2.987969 ^ output77/X (sky130_fd_sc_hd__buf_6)
                                                         result[17] (net)
                      0.077073    0.000222    2.988192 ^ result[17] (out)
                                              2.988192   data arrival time

                      0.000000    0.000000    0.000000   clock __VIRTUAL_CLK__ (rise edge)
                                  0.000000    0.000000   clock network delay (ideal)
                                  0.250000    0.250000   clock uncertainty
                                  0.000000    0.250000   clock reconvergence pessimism
                                 -2.000000   -1.750000   output external delay
                                             -1.750000   data required time
---------------------------------------------------------------------------------------------
                                             -1.750000   data required time
                                             -2.988192   data arrival time
---------------------------------------------------------------------------------------------
                                              4.738192   slack (MET)


Startpoint: B[30] (input port clocked by __VIRTUAL_CLK__)
Endpoint: result[31] (output port clocked by __VIRTUAL_CLK__)
Path Group: __VIRTUAL_CLK__
Path Type: min

Fanout         Cap        Slew       Delay        Time   Description
---------------------------------------------------------------------------------------------
                      0.000000    0.000000    0.000000   clock __VIRTUAL_CLK__ (rise edge)
                                  0.000000    0.000000   clock network delay (ideal)
                                  2.000000    2.000000 ^ input external delay
     1    0.003455    0.022568    0.012600    2.012600 ^ B[30] (in)
                                                         B[30] (net)
                      0.022568    0.000000    2.012600 ^ input56/A (sky130_fd_sc_hd__clkdlybuf4s25_1)
     3    0.010623    0.117164    0.289845    2.302445 ^ input56/X (sky130_fd_sc_hd__clkdlybuf4s25_1)
                                                         net56 (net)
                      0.117164    0.000209    2.302654 ^ _0890_/A (sky130_fd_sc_hd__nand2_2)
     4    0.014191    0.071929    0.093025    2.395679 v _0890_/Y (sky130_fd_sc_hd__nand2_2)
                                                         _0065_ (net)
                      0.071929    0.000169    2.395849 v _1654_/B (sky130_fd_sc_hd__nand3b_2)
     1    0.002712    0.040682    0.074557    2.470406 ^ _1654_/Y (sky130_fd_sc_hd__nand3b_2)
                                                         _0798_ (net)
                      0.040682    0.000012    2.470417 ^ _1656_/B (sky130_fd_sc_hd__and3_4)
     1    0.006775    0.049974    0.174381    2.644799 ^ _1656_/X (sky130_fd_sc_hd__and3_4)
                                                         _0800_ (net)
                      0.049974    0.000158    2.644957 ^ _1668_/C (sky130_fd_sc_hd__or4_4)
     2    0.016973    0.061488    0.139692    2.784649 ^ _1668_/X (sky130_fd_sc_hd__or4_4)
                                                         net93 (net)
                      0.061488    0.000268    2.784916 ^ rebuffer248/A (sky130_fd_sc_hd__buf_6)
     1    0.009489    0.032333    0.095315    2.880231 ^ rebuffer248/X (sky130_fd_sc_hd__buf_6)
                                                         net248 (net)
                      0.032333    0.000141    2.880372 ^ output93/A (sky130_fd_sc_hd__buf_8)
     1    0.036066    0.068250    0.113266    2.993638 ^ output93/X (sky130_fd_sc_hd__buf_8)
                                                         result[31] (net)
                      0.068257    0.000743    2.994381 ^ result[31] (out)
                                              2.994381   data arrival time

                      0.000000    0.000000    0.000000   clock __VIRTUAL_CLK__ (rise edge)
                                  0.000000    0.000000   clock network delay (ideal)
                                  0.250000    0.250000   clock uncertainty
                                  0.000000    0.250000   clock reconvergence pessimism
                                 -2.000000   -1.750000   output external delay
                                             -1.750000   data required time
---------------------------------------------------------------------------------------------
                                             -1.750000   data required time
                                             -2.994381   data arrival time
---------------------------------------------------------------------------------------------
                                              4.744381   slack (MET)


Startpoint: B[28] (input port clocked by __VIRTUAL_CLK__)
Endpoint: result[30] (output port clocked by __VIRTUAL_CLK__)
Path Group: __VIRTUAL_CLK__
Path Type: min

Fanout         Cap        Slew       Delay        Time   Description
---------------------------------------------------------------------------------------------
                      0.000000    0.000000    0.000000   clock __VIRTUAL_CLK__ (rise edge)
                                  0.000000    0.000000   clock network delay (ideal)
                                  2.000000    2.000000 v input external delay
     1    0.003502    0.010262    0.005612    2.005612 v B[28] (in)
                                                         B[28] (net)
                      0.010262    0.000000    2.005612 v input53/A (sky130_fd_sc_hd__clkdlybuf4s25_1)
     4    0.015436    0.123806    0.299794    2.305406 v input53/X (sky130_fd_sc_hd__clkdlybuf4s25_1)
                                                         net53 (net)
                      0.123806    0.000271    2.305677 v _0904_/A (sky130_fd_sc_hd__nand2_2)
     3    0.009027    0.065065    0.103974    2.409651 ^ _0904_/Y (sky130_fd_sc_hd__nand2_2)
                                                         _0079_ (net)
                      0.065065    0.000034    2.409685 ^ _1651_/A2 (sky130_fd_sc_hd__a311o_2)
     2    0.006799    0.047930    0.179518    2.589202 ^ _1651_/X (sky130_fd_sc_hd__a311o_2)
                                                         _0796_ (net)
                      0.047930    0.000031    2.589234 ^ rebuffer243/A (sky130_fd_sc_hd__buf_2)
     2    0.012045    0.067148    0.125564    2.714797 ^ rebuffer243/X (sky130_fd_sc_hd__buf_2)
                                                         net243 (net)
                      0.067148    0.000120    2.714917 ^ _1653_/A1 (sky130_fd_sc_hd__a211o_4)
     2    0.017513    0.058550    0.149160    2.864078 ^ _1653_/X (sky130_fd_sc_hd__a211o_4)
                                                         net92 (net)
                      0.058551    0.000336    2.864414 ^ output92/A (sky130_fd_sc_hd__buf_6)
     1    0.034481    0.077184    0.130308    2.994722 ^ output92/X (sky130_fd_sc_hd__buf_6)
                                                         result[30] (net)
                      0.077185    0.000434    2.995156 ^ result[30] (out)
                                              2.995156   data arrival time

                      0.000000    0.000000    0.000000   clock __VIRTUAL_CLK__ (rise edge)
                                  0.000000    0.000000   clock network delay (ideal)
                                  0.250000    0.250000   clock uncertainty
                                  0.000000    0.250000   clock reconvergence pessimism
                                 -2.000000   -1.750000   output external delay
                                             -1.750000   data required time
---------------------------------------------------------------------------------------------
                                             -1.750000   data required time
                                             -2.995156   data arrival time
---------------------------------------------------------------------------------------------
                                              4.745156   slack (MET)


Startpoint: B[4] (input port clocked by __VIRTUAL_CLK__)
Endpoint: result[14] (output port clocked by __VIRTUAL_CLK__)
Path Group: __VIRTUAL_CLK__
Path Type: min

Fanout         Cap        Slew       Delay        Time   Description
---------------------------------------------------------------------------------------------
                      0.000000    0.000000    0.000000   clock __VIRTUAL_CLK__ (rise edge)
                                  0.000000    0.000000   clock network delay (ideal)
                                  2.000000    2.000000 ^ input external delay
     1    0.009259    0.048108    0.031597    2.031597 ^ B[4] (in)
                                                         B[4] (net)
                      0.048108    0.000000    2.031597 ^ input59/A (sky130_fd_sc_hd__buf_8)
     4    0.034689    0.066207    0.116905    2.148502 ^ input59/X (sky130_fd_sc_hd__buf_8)
                                                         net59 (net)
                      0.066312    0.001687    2.150188 ^ _0879_/A (sky130_fd_sc_hd__nor2_2)
     3    0.030247    0.074361    0.087941    2.238129 v _0879_/Y (sky130_fd_sc_hd__nor2_2)
                                                         _0054_ (net)
                      0.074367    0.000593    2.238722 v max_cap104/A (sky130_fd_sc_hd__clkbuf_4)
     8    0.038197    0.086555    0.200955    2.439677 v max_cap104/X (sky130_fd_sc_hd__clkbuf_4)
                                                         net104 (net)
                      0.086652    0.002599    2.442276 v _1384_/A1 (sky130_fd_sc_hd__a21oi_2)
     1    0.003154    0.072439    0.124508    2.566784 ^ _1384_/Y (sky130_fd_sc_hd__a21oi_2)
                                                         _0545_ (net)
                      0.072439    0.000033    2.566817 ^ _1385_/C1 (sky130_fd_sc_hd__o211a_2)
     1    0.005282    0.053437    0.174367    2.741184 ^ _1385_/X (sky130_fd_sc_hd__o211a_2)
                                                         _0546_ (net)
                      0.053437    0.000059    2.741242 ^ _1386_/B1 (sky130_fd_sc_hd__o21ai_2)
     2    0.008652    0.043015    0.062763    2.804005 v _1386_/Y (sky130_fd_sc_hd__o21ai_2)
                                                         net74 (net)
                      0.043015    0.000222    2.804228 v output74/A (sky130_fd_sc_hd__clkbuf_2)
     1    0.035366    0.135684    0.190381    2.994609 v output74/X (sky130_fd_sc_hd__clkbuf_2)
                                                         result[14] (net)
                      0.135685    0.000576    2.995185 v result[14] (out)
                                              2.995185   data arrival time

                      0.000000    0.000000    0.000000   clock __VIRTUAL_CLK__ (rise edge)
                                  0.000000    0.000000   clock network delay (ideal)
                                  0.250000    0.250000   clock uncertainty
                                  0.000000    0.250000   clock reconvergence pessimism
                                 -2.000000   -1.750000   output external delay
                                             -1.750000   data required time
---------------------------------------------------------------------------------------------
                                             -1.750000   data required time
                                             -2.995185   data arrival time
---------------------------------------------------------------------------------------------
                                              4.745185   slack (MET)


Startpoint: B[4] (input port clocked by __VIRTUAL_CLK__)
Endpoint: result[3] (output port clocked by __VIRTUAL_CLK__)
Path Group: __VIRTUAL_CLK__
Path Type: min

Fanout         Cap        Slew       Delay        Time   Description
---------------------------------------------------------------------------------------------
                      0.000000    0.000000    0.000000   clock __VIRTUAL_CLK__ (rise edge)
                                  0.000000    0.000000   clock network delay (ideal)
                                  2.000000    2.000000 v input external delay
     1    0.008598    0.021433    0.013916    2.013916 v B[4] (in)
                                                         B[4] (net)
                      0.021433    0.000000    2.013916 v input59/A (sky130_fd_sc_hd__buf_8)
     4    0.033504    0.039431    0.122782    2.136698 v input59/X (sky130_fd_sc_hd__buf_8)
                                                         net59 (net)
                      0.039431    0.000262    2.136961 v fanout158/A (sky130_fd_sc_hd__buf_6)
     2    0.011377    0.026369    0.114139    2.251099 v fanout158/X (sky130_fd_sc_hd__buf_6)
                                                         net158 (net)
                      0.026381    0.000135    2.251234 v fanout157/A (sky130_fd_sc_hd__buf_8)
     4    0.018771    0.029894    0.114664    2.365898 v fanout157/X (sky130_fd_sc_hd__buf_8)
                                                         net157 (net)
                      0.029905    0.000292    2.366190 v rebuffer457/A (sky130_fd_sc_hd__buf_2)
     7    0.033511    0.087909    0.172343    2.538533 v rebuffer457/X (sky130_fd_sc_hd__buf_2)
                                                         net457 (net)
                      0.087909    0.000356    2.538889 v _1170_/A1 (sky130_fd_sc_hd__a21o_2)
     2    0.005832    0.038906    0.209391    2.748280 v _1170_/X (sky130_fd_sc_hd__a21o_2)
                                                         net94 (net)
                      0.038906    0.000051    2.748331 v output94/A (sky130_fd_sc_hd__dlymetal6s2s_1)
     1    0.035548    0.177317    0.250561    2.998891 v output94/X (sky130_fd_sc_hd__dlymetal6s2s_1)
                                                         result[3] (net)
                      0.177317    0.000247    2.999139 v result[3] (out)
                                              2.999139   data arrival time

                      0.000000    0.000000    0.000000   clock __VIRTUAL_CLK__ (rise edge)
                                  0.000000    0.000000   clock network delay (ideal)
                                  0.250000    0.250000   clock uncertainty
                                  0.000000    0.250000   clock reconvergence pessimism
                                 -2.000000   -1.750000   output external delay
                                             -1.750000   data required time
---------------------------------------------------------------------------------------------
                                             -1.750000   data required time
                                             -2.999139   data arrival time
---------------------------------------------------------------------------------------------
                                              4.749139   slack (MET)


Startpoint: B[14] (input port clocked by __VIRTUAL_CLK__)
Endpoint: result[15] (output port clocked by __VIRTUAL_CLK__)
Path Group: __VIRTUAL_CLK__
Path Type: min

Fanout         Cap        Slew       Delay        Time   Description
---------------------------------------------------------------------------------------------
                      0.000000    0.000000    0.000000   clock __VIRTUAL_CLK__ (rise edge)
                                  0.000000    0.000000   clock network delay (ideal)
                                  2.000000    2.000000 v input external delay
     1    0.003000    0.009096    0.004758    2.004758 v B[14] (in)
                                                         B[14] (net)
                      0.009096    0.000000    2.004758 v input38/A (sky130_fd_sc_hd__clkdlybuf4s25_1)
     3    0.012212    0.101645    0.281911    2.286669 v input38/X (sky130_fd_sc_hd__clkdlybuf4s25_1)
                                                         net38 (net)
                      0.101645    0.000253    2.286922 v _0998_/A (sky130_fd_sc_hd__and2_4)
     5    0.018851    0.043940    0.181151    2.468073 v _0998_/X (sky130_fd_sc_hd__and2_4)
                                                         _0173_ (net)
                      0.043942    0.000278    2.468351 v _1390_/A1 (sky130_fd_sc_hd__o21ai_2)
     1    0.002853    0.043296    0.118751    2.587102 ^ _1390_/Y (sky130_fd_sc_hd__o21ai_2)
                                                         _0550_ (net)
                      0.043296    0.000026    2.587128 ^ _1401_/A3 (sky130_fd_sc_hd__a31o_2)
     1    0.006015    0.046830    0.158071    2.745199 ^ _1401_/X (sky130_fd_sc_hd__a31o_2)
                                                         _0561_ (net)
                      0.046830    0.000126    2.745325 ^ _1402_/B1 (sky130_fd_sc_hd__a21o_2)
     2    0.011257    0.063662    0.110269    2.855594 ^ _1402_/X (sky130_fd_sc_hd__a21o_2)
                                                         net75 (net)
                      0.063663    0.000385    2.855979 ^ output75/A (sky130_fd_sc_hd__buf_4)
     1    0.034732    0.103690    0.163761    3.019740 ^ output75/X (sky130_fd_sc_hd__buf_4)
                                                         result[15] (net)
                      0.103690    0.000267    3.020007 ^ result[15] (out)
                                              3.020007   data arrival time

                      0.000000    0.000000    0.000000   clock __VIRTUAL_CLK__ (rise edge)
                                  0.000000    0.000000   clock network delay (ideal)
                                  0.250000    0.250000   clock uncertainty
                                  0.000000    0.250000   clock reconvergence pessimism
                                 -2.000000   -1.750000   output external delay
                                             -1.750000   data required time
---------------------------------------------------------------------------------------------
                                             -1.750000   data required time
                                             -3.020007   data arrival time
---------------------------------------------------------------------------------------------
                                              4.770007   slack (MET)


Startpoint: B[9] (input port clocked by __VIRTUAL_CLK__)
Endpoint: result[10] (output port clocked by __VIRTUAL_CLK__)
Path Group: __VIRTUAL_CLK__
Path Type: min

Fanout         Cap        Slew       Delay        Time   Description
---------------------------------------------------------------------------------------------
                      0.000000    0.000000    0.000000   clock __VIRTUAL_CLK__ (rise edge)
                                  0.000000    0.000000   clock network delay (ideal)
                                  2.000000    2.000000 ^ input external delay
     1    0.004352    0.026468    0.015749    2.015749 ^ B[9] (in)
                                                         B[9] (net)
                      0.026477    0.000000    2.015749 ^ input64/A (sky130_fd_sc_hd__clkdlybuf4s25_1)
     3    0.009592    0.107242    0.284194    2.299943 ^ input64/X (sky130_fd_sc_hd__clkdlybuf4s25_1)
                                                         net64 (net)
                      0.107242    0.000064    2.300007 ^ _1010_/A (sky130_fd_sc_hd__nand2_2)
     4    0.014141    0.066798    0.089617    2.389625 v _1010_/Y (sky130_fd_sc_hd__nand2_2)
                                                         _0185_ (net)
                      0.066798    0.000279    2.389904 v _1294_/B1 (sky130_fd_sc_hd__o21a_2)
     3    0.010079    0.043188    0.141063    2.530967 v _1294_/X (sky130_fd_sc_hd__o21a_2)
                                                         _0459_ (net)
                      0.043188    0.000031    2.530998 v _1295_/C (sky130_fd_sc_hd__nand3_2)
     1    0.005337    0.052616    0.071287    2.602285 ^ _1295_/Y (sky130_fd_sc_hd__nand3_2)
                                                         _0460_ (net)
                      0.052616    0.000048    2.602333 ^ _1306_/A2 (sky130_fd_sc_hd__a31o_4)
     1    0.005417    0.033547    0.140197    2.742529 ^ _1306_/X (sky130_fd_sc_hd__a31o_4)
                                                         _0471_ (net)
                      0.033547    0.000054    2.742584 ^ _1307_/B1 (sky130_fd_sc_hd__a31o_4)
     2    0.010492    0.046787    0.094222    2.836806 ^ _1307_/X (sky130_fd_sc_hd__a31o_4)
                                                         net70 (net)
                      0.046787    0.000058    2.836864 ^ rebuffer521/A (sky130_fd_sc_hd__buf_6)
     1    0.008354    0.030342    0.088459    2.925323 ^ rebuffer521/X (sky130_fd_sc_hd__buf_6)
                                                         net521 (net)
                      0.030342    0.000102    2.925425 ^ output70/A (sky130_fd_sc_hd__buf_8)
     1    0.035232    0.067129    0.111680    3.037105 ^ output70/X (sky130_fd_sc_hd__buf_8)
                                                         result[10] (net)
                      0.067133    0.000582    3.037687 ^ result[10] (out)
                                              3.037687   data arrival time

                      0.000000    0.000000    0.000000   clock __VIRTUAL_CLK__ (rise edge)
                                  0.000000    0.000000   clock network delay (ideal)
                                  0.250000    0.250000   clock uncertainty
                                  0.000000    0.250000   clock reconvergence pessimism
                                 -2.000000   -1.750000   output external delay
                                             -1.750000   data required time
---------------------------------------------------------------------------------------------
                                             -1.750000   data required time
                                             -3.037687   data arrival time
---------------------------------------------------------------------------------------------
                                              4.787687   slack (MET)


Startpoint: B[4] (input port clocked by __VIRTUAL_CLK__)
Endpoint: result[2] (output port clocked by __VIRTUAL_CLK__)
Path Group: __VIRTUAL_CLK__
Path Type: min

Fanout         Cap        Slew       Delay        Time   Description
---------------------------------------------------------------------------------------------
                      0.000000    0.000000    0.000000   clock __VIRTUAL_CLK__ (rise edge)
                                  0.000000    0.000000   clock network delay (ideal)
                                  2.000000    2.000000 ^ input external delay
     1    0.009259    0.048108    0.031597    2.031597 ^ B[4] (in)
                                                         B[4] (net)
                      0.048108    0.000000    2.031597 ^ input59/A (sky130_fd_sc_hd__buf_8)
     4    0.034689    0.066207    0.116905    2.148502 ^ input59/X (sky130_fd_sc_hd__buf_8)
                                                         net59 (net)
                      0.066247    0.000275    2.148777 ^ fanout158/A (sky130_fd_sc_hd__buf_6)
     2    0.012198    0.036980    0.101096    2.249873 ^ fanout158/X (sky130_fd_sc_hd__buf_6)
                                                         net158 (net)
                      0.036980    0.000185    2.250057 ^ rebuffer338/A (sky130_fd_sc_hd__buf_2)
     6    0.044668    0.219033    0.228365    2.478422 ^ rebuffer338/X (sky130_fd_sc_hd__buf_2)
                                                         net338 (net)
                      0.219047    0.001466    2.479889 ^ _1141_/A1 (sky130_fd_sc_hd__a211o_2)
     2    0.009372    0.053149    0.189736    2.669624 ^ _1141_/X (sky130_fd_sc_hd__a211o_2)
                                                         net91 (net)
                      0.053149    0.000234    2.669858 ^ output91/A (sky130_fd_sc_hd__clkdlybuf4s25_1)
     1    0.035429    0.357000    0.470323    3.140181 ^ output91/X (sky130_fd_sc_hd__clkdlybuf4s25_1)
                                                         result[2] (net)
                      0.357000    0.000346    3.140528 ^ result[2] (out)
                                              3.140528   data arrival time

                      0.000000    0.000000    0.000000   clock __VIRTUAL_CLK__ (rise edge)
                                  0.000000    0.000000   clock network delay (ideal)
                                  0.250000    0.250000   clock uncertainty
                                  0.000000    0.250000   clock reconvergence pessimism
                                 -2.000000   -1.750000   output external delay
                                             -1.750000   data required time
---------------------------------------------------------------------------------------------
                                             -1.750000   data required time
                                             -3.140528   data arrival time
---------------------------------------------------------------------------------------------
                                              4.890528   slack (MET)


Startpoint: B[16] (input port clocked by __VIRTUAL_CLK__)
Endpoint: result[16] (output port clocked by __VIRTUAL_CLK__)
Path Group: __VIRTUAL_CLK__
Path Type: min

Fanout         Cap        Slew       Delay        Time   Description
---------------------------------------------------------------------------------------------
                      0.000000    0.000000    0.000000   clock __VIRTUAL_CLK__ (rise edge)
                                  0.000000    0.000000   clock network delay (ideal)
                                  2.000000    2.000000 ^ input external delay
     1    0.003197    0.021444    0.011690    2.011690 ^ B[16] (in)
                                                         B[16] (net)
                      0.021444    0.000000    2.011690 ^ input40/A (sky130_fd_sc_hd__clkdlybuf4s25_1)
     3    0.014641    0.155863    0.316990    2.328680 ^ input40/X (sky130_fd_sc_hd__clkdlybuf4s25_1)
                                                         net40 (net)
                      0.155863    0.000199    2.328879 ^ _1037_/A (sky130_fd_sc_hd__or2_2)
     3    0.013468    0.078579    0.173800    2.502679 ^ _1037_/X (sky130_fd_sc_hd__or2_2)
                                                         _0212_ (net)
                      0.078579    0.000103    2.502782 ^ _1039_/B (sky130_fd_sc_hd__nand2_2)
     4    0.018130    0.079370    0.096302    2.599084 v _1039_/Y (sky130_fd_sc_hd__nand2_2)
                                                         _0214_ (net)
                      0.079370    0.000163    2.599247 v _1412_/A1 (sky130_fd_sc_hd__a311oi_2)
     1    0.003027    0.131861    0.198618    2.797864 ^ _1412_/Y (sky130_fd_sc_hd__a311oi_2)
                                                         _0571_ (net)
                      0.131861    0.000016    2.797880 ^ _1425_/A (sky130_fd_sc_hd__or3b_4)
     2    0.009862    0.047722    0.157933    2.955813 ^ _1425_/X (sky130_fd_sc_hd__or3b_4)
                                                         net76 (net)
                      0.047722    0.000119    2.955932 ^ rebuffer524/A (sky130_fd_sc_hd__buf_6)
     1    0.009991    0.033058    0.091315    3.047247 ^ rebuffer524/X (sky130_fd_sc_hd__buf_6)
                                                         net524 (net)
                      0.033058    0.000190    3.047437 ^ output76/A (sky130_fd_sc_hd__buf_8)
     1    0.034270    0.065640    0.111751    3.159188 ^ output76/X (sky130_fd_sc_hd__buf_8)
                                                         result[16] (net)
                      0.065640    0.000198    3.159386 ^ result[16] (out)
                                              3.159386   data arrival time

                      0.000000    0.000000    0.000000   clock __VIRTUAL_CLK__ (rise edge)
                                  0.000000    0.000000   clock network delay (ideal)
                                  0.250000    0.250000   clock uncertainty
                                  0.000000    0.250000   clock reconvergence pessimism
                                 -2.000000   -1.750000   output external delay
                                             -1.750000   data required time
---------------------------------------------------------------------------------------------
                                             -1.750000   data required time
                                             -3.159386   data arrival time
---------------------------------------------------------------------------------------------
                                              4.909386   slack (MET)


Startpoint: B[26] (input port clocked by __VIRTUAL_CLK__)
Endpoint: result[27] (output port clocked by __VIRTUAL_CLK__)
Path Group: __VIRTUAL_CLK__
Path Type: min

Fanout         Cap        Slew       Delay        Time   Description
---------------------------------------------------------------------------------------------
                      0.000000    0.000000    0.000000   clock __VIRTUAL_CLK__ (rise edge)
                                  0.000000    0.000000   clock network delay (ideal)
                                  2.000000    2.000000 ^ input external delay
     1    0.005192    0.030134    0.018485    2.018485 ^ B[26] (in)
                                                         B[26] (net)
                      0.030134    0.000000    2.018485 ^ input51/A (sky130_fd_sc_hd__clkdlybuf4s25_1)
     4    0.013278    0.142690    0.310695    2.329180 ^ input51/X (sky130_fd_sc_hd__clkdlybuf4s25_1)
                                                         net51 (net)
                      0.142690    0.000111    2.329292 ^ _0913_/A (sky130_fd_sc_hd__nand2_2)
     4    0.016375    0.083594    0.105678    2.434970 v _0913_/Y (sky130_fd_sc_hd__nand2_2)
                                                         _0088_ (net)
                      0.083594    0.000172    2.435142 v _1597_/B (sky130_fd_sc_hd__nand3b_2)
     1    0.005748    0.058709    0.092216    2.527358 ^ _1597_/Y (sky130_fd_sc_hd__nand3b_2)
                                                         _0745_ (net)
                      0.058709    0.000056    2.527413 ^ _1607_/A3 (sky130_fd_sc_hd__a31o_4)
     2    0.005546    0.033871    0.146636    2.674049 ^ _1607_/X (sky130_fd_sc_hd__a31o_4)
                                                         net88 (net)
                      0.033871    0.000052    2.674101 ^ rebuffer394/A (sky130_fd_sc_hd__buf_2)
     1    0.006407    0.042196    0.100284    2.774385 ^ rebuffer394/X (sky130_fd_sc_hd__buf_2)
                                                         net394 (net)
                      0.042196    0.000094    2.774480 ^ rebuffer393/A (sky130_fd_sc_hd__buf_6)
     1    0.006532    0.027307    0.083940    2.858420 ^ rebuffer393/X (sky130_fd_sc_hd__buf_6)
                                                         net393 (net)
                      0.027307    0.000101    2.858521 ^ rebuffer392/A (sky130_fd_sc_hd__buf_6)
     1    0.005093    0.024729    0.075977    2.934498 ^ rebuffer392/X (sky130_fd_sc_hd__buf_6)
                                                         net392 (net)
                      0.024729    0.000044    2.934543 ^ rebuffer391/A (sky130_fd_sc_hd__buf_6)
     1    0.006070    0.026522    0.076795    3.011338 ^ rebuffer391/X (sky130_fd_sc_hd__buf_6)
                                                         net391 (net)
                      0.026522    0.000075    3.011413 ^ rebuffer389/A (sky130_fd_sc_hd__buf_6)
     1    0.008660    0.030840    0.081475    3.092888 ^ rebuffer389/X (sky130_fd_sc_hd__buf_6)
                                                         net389 (net)
                      0.030840    0.000126    3.093014 ^ output88/A (sky130_fd_sc_hd__buf_8)
     1    0.036081    0.068418    0.112757    3.205771 ^ output88/X (sky130_fd_sc_hd__buf_8)
                                                         result[27] (net)
                      0.068424    0.000717    3.206488 ^ result[27] (out)
                                              3.206488   data arrival time

                      0.000000    0.000000    0.000000   clock __VIRTUAL_CLK__ (rise edge)
                                  0.000000    0.000000   clock network delay (ideal)
                                  0.250000    0.250000   clock uncertainty
                                  0.000000    0.250000   clock reconvergence pessimism
                                 -2.000000   -1.750000   output external delay
                                             -1.750000   data required time
---------------------------------------------------------------------------------------------
                                             -1.750000   data required time
                                             -3.206488   data arrival time
---------------------------------------------------------------------------------------------
                                              4.956488   slack (MET)


Startpoint: B[4] (input port clocked by __VIRTUAL_CLK__)
Endpoint: result[1] (output port clocked by __VIRTUAL_CLK__)
Path Group: __VIRTUAL_CLK__
Path Type: min

Fanout         Cap        Slew       Delay        Time   Description
---------------------------------------------------------------------------------------------
                      0.000000    0.000000    0.000000   clock __VIRTUAL_CLK__ (rise edge)
                                  0.000000    0.000000   clock network delay (ideal)
                                  2.000000    2.000000 ^ input external delay
     1    0.009259    0.048108    0.031597    2.031597 ^ B[4] (in)
                                                         B[4] (net)
                      0.048108    0.000000    2.031597 ^ input59/A (sky130_fd_sc_hd__buf_8)
     4    0.034689    0.066207    0.116905    2.148502 ^ input59/X (sky130_fd_sc_hd__buf_8)
                                                         net59 (net)
                      0.066247    0.000275    2.148777 ^ fanout158/A (sky130_fd_sc_hd__buf_6)
     2    0.012198    0.036980    0.101096    2.249873 ^ fanout158/X (sky130_fd_sc_hd__buf_6)
                                                         net158 (net)
                      0.036980    0.000145    2.250017 ^ fanout157/A (sky130_fd_sc_hd__buf_8)
     4    0.020208    0.044965    0.096829    2.346846 ^ fanout157/X (sky130_fd_sc_hd__buf_8)
                                                         net157 (net)
                      0.044966    0.000315    2.347162 ^ rebuffer457/A (sky130_fd_sc_hd__buf_2)
     7    0.035193    0.174447    0.201154    2.548316 ^ rebuffer457/X (sky130_fd_sc_hd__buf_2)
                                                         net457 (net)
                      0.174447    0.000668    2.548984 ^ _1110_/A1 (sky130_fd_sc_hd__a211o_2)
     2    0.011892    0.064030    0.186662    2.735646 ^ _1110_/X (sky130_fd_sc_hd__a211o_2)
                                                         net80 (net)
                      0.064030    0.000243    2.735889 ^ output80/A (sky130_fd_sc_hd__clkdlybuf4s25_1)
     1    0.035324    0.356096    0.473465    3.209354 ^ output80/X (sky130_fd_sc_hd__clkdlybuf4s25_1)
                                                         result[1] (net)
                      0.356096    0.000210    3.209564 ^ result[1] (out)
                                              3.209564   data arrival time

                      0.000000    0.000000    0.000000   clock __VIRTUAL_CLK__ (rise edge)
                                  0.000000    0.000000   clock network delay (ideal)
                                  0.250000    0.250000   clock uncertainty
                                  0.000000    0.250000   clock reconvergence pessimism
                                 -2.000000   -1.750000   output external delay
                                             -1.750000   data required time
---------------------------------------------------------------------------------------------
                                             -1.750000   data required time
                                             -3.209564   data arrival time
---------------------------------------------------------------------------------------------
                                              4.959564   slack (MET)



