+ define_corners min_tt_025C_1v80
Reading timing models for corner min_tt_025C_1v80…
Reading cell library for the 'min_tt_025C_1v80' corner at '/home/naghul/.ciel/ciel/sky130/versions/8afc8346a57fe1ab7934ba5a6056ea8b43078e71/sky130A/libs.ref/sky130_fd_sc_hd/lib/sky130_fd_sc_hd__tt_025C_1v80.lib'…
Reading top-level netlist at '/home/naghul/vlsi/projects/alu_pd/runs/RUN_2026-08-01_18-08-22/52-openroad-fillinsertion/ALU.nl.v'…
Linking design 'ALU' from netlist…
Warning: /home/naghul/vlsi/projects/alu_pd/runs/RUN_2026-08-01_18-08-22/52-openroad-fillinsertion/ALU.nl.v line 1145, module sky130_fd_sc_hd__fill_2 not found. Creating black box for FILLER_0_160.
Warning: /home/naghul/vlsi/projects/alu_pd/runs/RUN_2026-08-01_18-08-22/52-openroad-fillinsertion/ALU.nl.v line 1146, module sky130_fd_sc_hd__fill_1 not found. Creating black box for FILLER_0_169.
Warning: /home/naghul/vlsi/projects/alu_pd/runs/RUN_2026-08-01_18-08-22/52-openroad-fillinsertion/ALU.nl.v line 3751, module sky130_fd_sc_hd__tapvpwrvgnd_1 not found. Creating black box for TAP_TAPCELL_ROW_0_106.
Reading design constraints file at '/nix/store/ffl2vg3m80k0p74pyffnmai83fnv38mf-python3-3.13.9-env/lib/python3.13/site-packages/librelane/scripts/base.sdc'…
Warning: base.sdc line 15, port '__VIRTUAL_CLK__' not found.
[INFO] Using clock __VIRTUAL_CLK__…
[INFO] Setting output delay to: 2
[INFO] Setting input delay to: 2
Warning: base.sdc line 32, port '__VIRTUAL_CLK__' not found.
[INFO] Setting load to: 0.033442
[INFO] Setting clock uncertainty to: 0.25
[INFO] Setting clock transition to: 0.1499999999999999944488848768742172978818416595458984375
Warning: base.sdc line 69, transition time can not be specified for virtual clocks.
[INFO] Setting timing derate to: 5%
Warning: base.sdc line 79, virtual clock __VIRTUAL_CLK__ can not be propagated.
Reading top-level design parasitics for the 'min_tt_025C_1v80' corner at '/home/naghul/vlsi/projects/alu_pd/runs/RUN_2026-08-01_18-08-22/54-openroad-rcx/min/ALU.min.spef'…
%OL_CREATE_REPORT min.rpt

===========================================================================
report_checks -path_delay min (Hold)
============================================================================
======================= min_tt_025C_1v80 Corner ===================================

Startpoint: A[4] (input port clocked by __VIRTUAL_CLK__)
Endpoint: result[4] (output port clocked by __VIRTUAL_CLK__)
Path Group: __VIRTUAL_CLK__
Path Type: min

Fanout         Cap        Slew       Delay        Time   Description
---------------------------------------------------------------------------------------------
                      0.000000    0.000000    0.000000   clock __VIRTUAL_CLK__ (rise edge)
                                  0.000000    0.000000   clock network delay (ideal)
                                  2.000000    2.000000 ^ input external delay
     1    0.006759    0.037021    0.023515    2.023515 ^ A[4] (in)
                                                         A[4] (net)
                      0.037021    0.000000    2.023515 ^ input27/A (sky130_fd_sc_hd__buf_6)
     2    0.013225    0.038651    0.092419    2.115934 ^ input27/X (sky130_fd_sc_hd__buf_6)
                                                         net27 (net)
                      0.038652    0.000235    2.116169 ^ _1186_/A2 (sky130_fd_sc_hd__a31o_2)
     1    0.003283    0.033500    0.139022    2.255192 ^ _1186_/X (sky130_fd_sc_hd__a31o_2)
                                                         _0357_ (net)
                      0.033500    0.000022    2.255213 ^ _1189_/B1 (sky130_fd_sc_hd__a211o_2)
     1    0.005661    0.037225    0.094619    2.349833 ^ _1189_/X (sky130_fd_sc_hd__a211o_2)
                                                         _0360_ (net)
                      0.037225    0.000105    2.349937 ^ _1190_/B1 (sky130_fd_sc_hd__a31o_2)
     2    0.006919    0.051310    0.103727    2.453665 ^ _1190_/X (sky130_fd_sc_hd__a31o_2)
                                                         net95 (net)
                      0.051310    0.000061    2.453726 ^ output95/A (sky130_fd_sc_hd__clkbuf_2)
     1    0.034604    0.190610    0.210155    2.663881 ^ output95/X (sky130_fd_sc_hd__clkbuf_2)
                                                         result[4] (net)
                      0.190665    0.000217    2.664098 ^ result[4] (out)
                                              2.664098   data arrival time

                      0.000000    0.000000    0.000000   clock __VIRTUAL_CLK__ (rise edge)
                                  0.000000    0.000000   clock network delay (ideal)
                                  0.250000    0.250000   clock uncertainty
                                  0.000000    0.250000   clock reconvergence pessimism
                                 -2.000000   -1.750000   output external delay
                                             -1.750000   data required time
---------------------------------------------------------------------------------------------
                                             -1.750000   data required time
                                             -2.664098   data arrival time
---------------------------------------------------------------------------------------------
                                              4.414098   slack (MET)


Startpoint: A[5] (input port clocked by __VIRTUAL_CLK__)
Endpoint: result[6] (output port clocked by __VIRTUAL_CLK__)
Path Group: __VIRTUAL_CLK__
Path Type: min

Fanout         Cap        Slew       Delay        Time   Description
---------------------------------------------------------------------------------------------
                      0.000000    0.000000    0.000000   clock __VIRTUAL_CLK__ (rise edge)
                                  0.000000    0.000000   clock network delay (ideal)
                                  2.000000    2.000000 ^ input external delay
     1    0.004272    0.026121    0.015458    2.015458 ^ A[5] (in)
                                                         A[5] (net)
                      0.026121    0.000000    2.015458 ^ input28/A (sky130_fd_sc_hd__clkbuf_2)
     3    0.017399    0.101079    0.139043    2.154501 ^ input28/X (sky130_fd_sc_hd__clkbuf_2)
                                                         net28 (net)
                      0.101079    0.000198    2.154699 ^ _0985_/B (sky130_fd_sc_hd__and2b_2)
     1    0.005370    0.045733    0.156425    2.311124 ^ _0985_/X (sky130_fd_sc_hd__and2b_2)
                                                         _0160_ (net)
                      0.045733    0.000059    2.311183 ^ _0987_/B1 (sky130_fd_sc_hd__a21oi_2)
     3    0.014762    0.040690    0.049945    2.361129 v _0987_/Y (sky130_fd_sc_hd__a21oi_2)
                                                         _0162_ (net)
                      0.040694    0.000309    2.361438 v _1215_/C (sky130_fd_sc_hd__nand3_2)
     1    0.005380    0.042947    0.070329    2.431767 ^ _1215_/Y (sky130_fd_sc_hd__nand3_2)
                                                         _0384_ (net)
                      0.042947    0.000046    2.431813 ^ _1230_/A3 (sky130_fd_sc_hd__a31o_4)
     1    0.005958    0.034916    0.143689    2.575502 ^ _1230_/X (sky130_fd_sc_hd__a31o_4)
                                                         _0399_ (net)
                      0.034916    0.000076    2.575577 ^ _1231_/B1 (sky130_fd_sc_hd__a21o_4)
     2    0.015304    0.051442    0.095699    2.671277 ^ _1231_/X (sky130_fd_sc_hd__a21o_4)
                                                         net97 (net)
                      0.051444    0.000411    2.671688 ^ output97/A (sky130_fd_sc_hd__buf_8)
     1    0.035282    0.067232    0.119181    2.790869 ^ output97/X (sky130_fd_sc_hd__buf_8)
                                                         result[6] (net)
                      0.067236    0.000551    2.791420 ^ result[6] (out)
                                              2.791420   data arrival time

                      0.000000    0.000000    0.000000   clock __VIRTUAL_CLK__ (rise edge)
                                  0.000000    0.000000   clock network delay (ideal)
                                  0.250000    0.250000   clock uncertainty
                                  0.000000    0.250000   clock reconvergence pessimism
                                 -2.000000   -1.750000   output external delay
                                             -1.750000   data required time
---------------------------------------------------------------------------------------------
                                             -1.750000   data required time
                                             -2.791420   data arrival time
---------------------------------------------------------------------------------------------
                                              4.541420   slack (MET)


Startpoint: control[2] (input port clocked by __VIRTUAL_CLK__)
Endpoint: result[0] (output port clocked by __VIRTUAL_CLK__)
Path Group: __VIRTUAL_CLK__
Path Type: min

Fanout         Cap        Slew       Delay        Time   Description
---------------------------------------------------------------------------------------------
                      0.000000    0.000000    0.000000   clock __VIRTUAL_CLK__ (rise edge)
                                  0.000000    0.000000   clock network delay (ideal)
                                  2.000000    2.000000 v input external delay
     1    0.003376    0.009971    0.005386    2.005386 v control[2] (in)
                                                         control[2] (net)
                      0.009971    0.000000    2.005386 v input67/A (sky130_fd_sc_hd__clkdlybuf4s25_1)
     7    0.023706    0.180365    0.344043    2.349429 v input67/X (sky130_fd_sc_hd__clkdlybuf4s25_1)
                                                         net67 (net)
                      0.180366    0.000659    2.350088 v _0837_/A (sky130_fd_sc_hd__inv_2)
     5    0.016798    0.097001    0.142141    2.492230 ^ _0837_/Y (sky130_fd_sc_hd__inv_2)
                                                         _0012_ (net)
                      0.097001    0.000118    2.492348 ^ _1068_/A1 (sky130_fd_sc_hd__a31o_4)
     2    0.017297    0.065325    0.178220    2.670568 ^ _1068_/X (sky130_fd_sc_hd__a31o_4)
                                                         net69 (net)
                      0.065325    0.000296    2.670864 ^ output69/A (sky130_fd_sc_hd__buf_6)
     1    0.035035    0.078257    0.133240    2.804104 ^ output69/X (sky130_fd_sc_hd__buf_6)
                                                         result[0] (net)
                      0.078259    0.000573    2.804678 ^ result[0] (out)
                                              2.804678   data arrival time

                      0.000000    0.000000    0.000000   clock __VIRTUAL_CLK__ (rise edge)
                                  0.000000    0.000000   clock network delay (ideal)
                                  0.250000    0.250000   clock uncertainty
                                  0.000000    0.250000   clock reconvergence pessimism
                                 -2.000000   -1.750000   output external delay
                                             -1.750000   data required time
---------------------------------------------------------------------------------------------
                                             -1.750000   data required time
                                             -2.804678   data arrival time
---------------------------------------------------------------------------------------------
                                              4.554677   slack (MET)


Startpoint: B[3] (input port clocked by __VIRTUAL_CLK__)
Endpoint: result[7] (output port clocked by __VIRTUAL_CLK__)
Path Group: __VIRTUAL_CLK__
Path Type: min

Fanout         Cap        Slew       Delay        Time   Description
---------------------------------------------------------------------------------------------
                      0.000000    0.000000    0.000000   clock __VIRTUAL_CLK__ (rise edge)
                                  0.000000    0.000000   clock network delay (ideal)
                                  2.000000    2.000000 ^ input external delay
     1    0.003952    0.024731    0.014331    2.014331 ^ B[3] (in)
                                                         B[3] (net)
                      0.024731    0.000000    2.014331 ^ input58/A (sky130_fd_sc_hd__clkbuf_4)
     9    0.050987    0.157904    0.210899    2.225230 ^ input58/X (sky130_fd_sc_hd__clkbuf_4)
                                                         net58 (net)
                      0.158039    0.002881    2.228111 ^ _1248_/A1 (sky130_fd_sc_hd__o221a_2)
     1    0.011902    0.084447    0.251268    2.479378 ^ _1248_/X (sky130_fd_sc_hd__o221a_2)
                                                         _0416_ (net)
                      0.084449    0.000524    2.479902 ^ _1249_/C (sky130_fd_sc_hd__or3_2)
     1    0.003282    0.030074    0.113427    2.593328 ^ _1249_/X (sky130_fd_sc_hd__or3_2)
                                                         _0417_ (net)
                      0.030074    0.000023    2.593352 ^ _1250_/C (sky130_fd_sc_hd__or3_4)
     2    0.011627    0.047908    0.116530    2.709882 ^ _1250_/X (sky130_fd_sc_hd__or3_4)
                                                         net98 (net)
                      0.047908    0.000224    2.710106 ^ output98/A (sky130_fd_sc_hd__buf_6)
     1    0.035745    0.079543    0.128173    2.838279 ^ output98/X (sky130_fd_sc_hd__buf_6)
                                                         result[7] (net)
                      0.079547    0.000662    2.838941 ^ result[7] (out)
                                              2.838941   data arrival time

                      0.000000    0.000000    0.000000   clock __VIRTUAL_CLK__ (rise edge)
                                  0.000000    0.000000   clock network delay (ideal)
                                  0.250000    0.250000   clock uncertainty
                                  0.000000    0.250000   clock reconvergence pessimism
                                 -2.000000   -1.750000   output external delay
                                             -1.750000   data required time
---------------------------------------------------------------------------------------------
                                             -1.750000   data required time
                                             -2.838941   data arrival time
---------------------------------------------------------------------------------------------
                                              4.588941   slack (MET)


Startpoint: B[18] (input port clocked by __VIRTUAL_CLK__)
Endpoint: result[18] (output port clocked by __VIRTUAL_CLK__)
Path Group: __VIRTUAL_CLK__
Path Type: min

Fanout         Cap        Slew       Delay        Time   Description
---------------------------------------------------------------------------------------------
                      0.000000    0.000000    0.000000   clock __VIRTUAL_CLK__ (rise edge)
                                  0.000000    0.000000   clock network delay (ideal)
                                  2.000000    2.000000 ^ input external delay
     1    0.003602    0.023207    0.013111    2.013111 ^ B[18] (in)
                                                         B[18] (net)
                      0.023207    0.000000    2.013111 ^ input42/A (sky130_fd_sc_hd__clkdlybuf4s25_1)
     3    0.009724    0.108524    0.283938    2.297049 ^ input42/X (sky130_fd_sc_hd__clkdlybuf4s25_1)
                                                         net42 (net)
                      0.108524    0.000129    2.297178 ^ _1042_/A (sky130_fd_sc_hd__nand2_2)
     5    0.019614    0.089224    0.105512    2.402690 v _1042_/Y (sky130_fd_sc_hd__nand2_2)
                                                         _0217_ (net)
                      0.089256    0.000370    2.403060 v _1452_/B (sky130_fd_sc_hd__nor2_2)
     1    0.002733    0.065070    0.086116    2.489176 ^ _1452_/Y (sky130_fd_sc_hd__nor2_2)
                                                         _0609_ (net)
                      0.065070    0.000012    2.489188 ^ _1454_/B1 (sky130_fd_sc_hd__a211o_2)
     1    0.003774    0.029547    0.099267    2.588455 ^ _1454_/X (sky130_fd_sc_hd__a211o_2)
                                                         _0611_ (net)
                      0.029547    0.000044    2.588499 ^ _1461_/B (sky130_fd_sc_hd__or4_4)
     2    0.015609    0.058331    0.131724    2.720223 ^ _1461_/X (sky130_fd_sc_hd__or4_4)
                                                         net78 (net)
                      0.058334    0.000490    2.720713 ^ output78/A (sky130_fd_sc_hd__buf_8)
     1    0.034611    0.066211    0.120959    2.841672 ^ output78/X (sky130_fd_sc_hd__buf_8)
                                                         result[18] (net)
                      0.066211    0.000338    2.842010 ^ result[18] (out)
                                              2.842010   data arrival time

                      0.000000    0.000000    0.000000   clock __VIRTUAL_CLK__ (rise edge)
                                  0.000000    0.000000   clock network delay (ideal)
                                  0.250000    0.250000   clock uncertainty
                                  0.000000    0.250000   clock reconvergence pessimism
                                 -2.000000   -1.750000   output external delay
                                             -1.750000   data required time
---------------------------------------------------------------------------------------------
                                             -1.750000   data required time
                                             -2.842010   data arrival time
---------------------------------------------------------------------------------------------
                                              4.592010   slack (MET)


Startpoint: B[28] (input port clocked by __VIRTUAL_CLK__)
Endpoint: result[29] (output port clocked by __VIRTUAL_CLK__)
Path Group: __VIRTUAL_CLK__
Path Type: min

Fanout         Cap        Slew       Delay        Time   Description
---------------------------------------------------------------------------------------------
                      0.000000    0.000000    0.000000   clock __VIRTUAL_CLK__ (rise edge)
                                  0.000000    0.000000   clock network delay (ideal)
                                  2.000000    2.000000 v input external delay
     1    0.003502    0.010262    0.005612    2.005612 v B[28] (in)
                                                         B[28] (net)
                      0.010262    0.000000    2.005612 v input53/A (sky130_fd_sc_hd__clkdlybuf4s25_1)
     4    0.015436    0.123806    0.299794    2.305406 v input53/X (sky130_fd_sc_hd__clkdlybuf4s25_1)
                                                         net53 (net)
                      0.123806    0.000271    2.305677 v _0904_/A (sky130_fd_sc_hd__nand2_2)
     3    0.009027    0.065065    0.103974    2.409651 ^ _0904_/Y (sky130_fd_sc_hd__nand2_2)
                                                         _0079_ (net)
                      0.065065    0.000013    2.409664 ^ _1636_/A1 (sky130_fd_sc_hd__a21bo_2)
     1    0.005506    0.042390    0.129704    2.539369 ^ _1636_/X (sky130_fd_sc_hd__a21bo_2)
                                                         _0782_ (net)
                      0.042390    0.000048    2.539417 ^ _1638_/A3 (sky130_fd_sc_hd__a31o_4)
     2    0.020560    0.074617    0.180402    2.719818 ^ _1638_/X (sky130_fd_sc_hd__a31o_4)
                                                         net90 (net)
                      0.074617    0.000119    2.719937 ^ output90/A (sky130_fd_sc_hd__buf_6)
     1    0.035749    0.079634    0.137251    2.857188 ^ output90/X (sky130_fd_sc_hd__buf_6)
                                                         result[29] (net)
                      0.079638    0.000670    2.857858 ^ result[29] (out)
                                              2.857858   data arrival time

                      0.000000    0.000000    0.000000   clock __VIRTUAL_CLK__ (rise edge)
                                  0.000000    0.000000   clock network delay (ideal)
                                  0.250000    0.250000   clock uncertainty
                                  0.000000    0.250000   clock reconvergence pessimism
                                 -2.000000   -1.750000   output external delay
                                             -1.750000   data required time
---------------------------------------------------------------------------------------------
                                             -1.750000   data required time
                                             -2.857858   data arrival time
---------------------------------------------------------------------------------------------
                                              4.607858   slack (MET)


Startpoint: B[10] (input port clocked by __VIRTUAL_CLK__)
Endpoint: result[11] (output port clocked by __VIRTUAL_CLK__)
Path Group: __VIRTUAL_CLK__
Path Type: min

Fanout         Cap        Slew       Delay        Time   Description
---------------------------------------------------------------------------------------------
                      0.000000    0.000000    0.000000   clock __VIRTUAL_CLK__ (rise edge)
                                  0.000000    0.000000   clock network delay (ideal)
                                  2.000000    2.000000 v input external delay
     1    0.004016    0.011449    0.006481    2.006481 v B[10] (in)
                                                         B[10] (net)
                      0.011449    0.000000    2.006481 v input34/A (sky130_fd_sc_hd__clkdlybuf4s25_1)
     4    0.018397    0.144183    0.316349    2.322830 v input34/X (sky130_fd_sc_hd__clkdlybuf4s25_1)
                                                         net34 (net)
                      0.144183    0.000238    2.323068 v _1006_/A (sky130_fd_sc_hd__nand2_2)
     4    0.015944    0.097419    0.137813    2.460881 ^ _1006_/Y (sky130_fd_sc_hd__nand2_2)
                                                         _0181_ (net)
                      0.097419    0.000065    2.460946 ^ _1310_/A1 (sky130_fd_sc_hd__a21oi_2)
     1    0.005332    0.038699    0.064560    2.525506 v _1310_/Y (sky130_fd_sc_hd__a21oi_2)
                                                         _0474_ (net)
                      0.038699    0.000067    2.525573 v _1312_/A (sky130_fd_sc_hd__nor2_2)
     1    0.005683    0.088023    0.111009    2.636582 ^ _1312_/Y (sky130_fd_sc_hd__nor2_2)
                                                         _0476_ (net)
                      0.088023    0.000052    2.636634 ^ _1325_/B1 (sky130_fd_sc_hd__a211o_4)
     2    0.012979    0.047625    0.119947    2.756581 ^ _1325_/X (sky130_fd_sc_hd__a211o_4)
                                                         net71 (net)
                      0.047626    0.000274    2.756855 ^ output71/A (sky130_fd_sc_hd__buf_8)
     1    0.034555    0.066125    0.117067    2.873923 ^ output71/X (sky130_fd_sc_hd__buf_8)
                                                         result[11] (net)
                      0.066127    0.000435    2.874358 ^ result[11] (out)
                                              2.874358   data arrival time

                      0.000000    0.000000    0.000000   clock __VIRTUAL_CLK__ (rise edge)
                                  0.000000    0.000000   clock network delay (ideal)
                                  0.250000    0.250000   clock uncertainty
                                  0.000000    0.250000   clock reconvergence pessimism
                                 -2.000000   -1.750000   output external delay
                                             -1.750000   data required time
---------------------------------------------------------------------------------------------
                                             -1.750000   data required time
                                             -2.874358   data arrival time
---------------------------------------------------------------------------------------------
                                              4.624358   slack (MET)


Startpoint: B[24] (input port clocked by __VIRTUAL_CLK__)
Endpoint: result[24] (output port clocked by __VIRTUAL_CLK__)
Path Group: __VIRTUAL_CLK__
Path Type: min

Fanout         Cap        Slew       Delay        Time   Description
---------------------------------------------------------------------------------------------
                      0.000000    0.000000    0.000000   clock __VIRTUAL_CLK__ (rise edge)
                                  0.000000    0.000000   clock network delay (ideal)
                                  2.000000    2.000000 v input external delay
     1    0.003280    0.009748    0.005228    2.005228 v B[24] (in)
                                                         B[24] (net)
                      0.009748    0.000000    2.005228 v input49/A (sky130_fd_sc_hd__clkdlybuf4s25_1)
     4    0.014029    0.114140    0.291941    2.297169 v input49/X (sky130_fd_sc_hd__clkdlybuf4s25_1)
                                                         net49 (net)
                      0.114140    0.000339    2.297508 v _1058_/A (sky130_fd_sc_hd__nand2_2)
     3    0.012497    0.076988    0.112995    2.410503 ^ _1058_/Y (sky130_fd_sc_hd__nand2_2)
                                                         _0233_ (net)
                      0.076988    0.000069    2.410573 ^ _1060_/A (sky130_fd_sc_hd__nand2_2)
     6    0.026375    0.108999    0.114065    2.524638 v _1060_/Y (sky130_fd_sc_hd__nand2_2)
                                                         _0235_ (net)
                      0.108999    0.000141    2.524778 v _1547_/A2 (sky130_fd_sc_hd__o21ai_2)
     1    0.004937    0.104245    0.140483    2.665262 ^ _1547_/Y (sky130_fd_sc_hd__o21ai_2)
                                                         _0698_ (net)
                      0.104245    0.000043    2.665305 ^ _1562_/A2 (sky130_fd_sc_hd__o21ai_2)
     2    0.007405    0.043150    0.071634    2.736939 v _1562_/Y (sky130_fd_sc_hd__o21ai_2)
                                                         net85 (net)
                      0.043150    0.000066    2.737005 v output85/A (sky130_fd_sc_hd__buf_6)
     1    0.035868    0.044855    0.136941    2.873947 v output85/X (sky130_fd_sc_hd__buf_6)
                                                         result[24] (net)
                      0.044866    0.000680    2.874627 v result[24] (out)
                                              2.874627   data arrival time

                      0.000000    0.000000    0.000000   clock __VIRTUAL_CLK__ (rise edge)
                                  0.000000    0.000000   clock network delay (ideal)
                                  0.250000    0.250000   clock uncertainty
                                  0.000000    0.250000   clock reconvergence pessimism
                                 -2.000000   -1.750000   output external delay
                                             -1.750000   data required time
---------------------------------------------------------------------------------------------
                                             -1.750000   data required time
                                             -2.874627   data arrival time
---------------------------------------------------------------------------------------------
                                              4.624627   slack (MET)


Startpoint: A[5] (input port clocked by __VIRTUAL_CLK__)
Endpoint: result[5] (output port clocked by __VIRTUAL_CLK__)
Path Group: __VIRTUAL_CLK__
Path Type: min

Fanout         Cap        Slew       Delay        Time   Description
---------------------------------------------------------------------------------------------
                      0.000000    0.000000    0.000000   clock __VIRTUAL_CLK__ (rise edge)
                                  0.000000    0.000000   clock network delay (ideal)
                                  2.000000    2.000000 ^ input external delay
     1    0.004272    0.026121    0.015458    2.015458 ^ A[5] (in)
                                                         A[5] (net)
                      0.026121    0.000000    2.015458 ^ input28/A (sky130_fd_sc_hd__clkbuf_2)
     3    0.017399    0.101079    0.139043    2.154501 ^ input28/X (sky130_fd_sc_hd__clkbuf_2)
                                                         net28 (net)
                      0.101079    0.000340    2.154841 ^ fanout205/A (sky130_fd_sc_hd__buf_6)
     2    0.018489    0.048484    0.122534    2.277375 ^ fanout205/X (sky130_fd_sc_hd__buf_6)
                                                         net205 (net)
                      0.048484    0.000145    2.277520 ^ _0952_/B (sky130_fd_sc_hd__xnor2_4)
     3    0.018880    0.060311    0.080821    2.358341 v _0952_/Y (sky130_fd_sc_hd__xnor2_4)
                                                         _0127_ (net)
                      0.060311    0.000286    2.358628 v _1208_/A (sky130_fd_sc_hd__xnor2_2)
     1    0.004140    0.039720    0.150968    2.509595 ^ _1208_/Y (sky130_fd_sc_hd__xnor2_2)
                                                         _0378_ (net)
                      0.039720    0.000059    2.509655 ^ _1209_/B1 (sky130_fd_sc_hd__a22o_2)
     1    0.004874    0.042130    0.123118    2.632772 ^ _1209_/X (sky130_fd_sc_hd__a22o_2)
                                                         _0379_ (net)
                      0.042130    0.000074    2.632846 ^ _1210_/C (sky130_fd_sc_hd__or3_4)
     2    0.009983    0.043690    0.117346    2.750192 ^ _1210_/X (sky130_fd_sc_hd__or3_4)
                                                         net96 (net)
                      0.043690    0.000163    2.750356 ^ output96/A (sky130_fd_sc_hd__buf_6)
     1    0.035228    0.078575    0.126001    2.876356 ^ output96/X (sky130_fd_sc_hd__buf_6)
                                                         result[5] (net)
                      0.078577    0.000525    2.876882 ^ result[5] (out)
                                              2.876882   data arrival time

                      0.000000    0.000000    0.000000   clock __VIRTUAL_CLK__ (rise edge)
                                  0.000000    0.000000   clock network delay (ideal)
                                  0.250000    0.250000   clock uncertainty
                                  0.000000    0.250000   clock reconvergence pessimism
                                 -2.000000   -1.750000   output external delay
                                             -1.750000   data required time
---------------------------------------------------------------------------------------------
                                             -1.750000   data required time
                                             -2.876882   data arrival time
---------------------------------------------------------------------------------------------
                                              4.626881   slack (MET)


Startpoint: B[24] (input port clocked by __VIRTUAL_CLK__)
Endpoint: result[25] (output port clocked by __VIRTUAL_CLK__)
Path Group: __VIRTUAL_CLK__
Path Type: min

Fanout         Cap        Slew       Delay        Time   Description
---------------------------------------------------------------------------------------------
                      0.000000    0.000000    0.000000   clock __VIRTUAL_CLK__ (rise edge)
                                  0.000000    0.000000   clock network delay (ideal)
                                  2.000000    2.000000 ^ input external delay
     1    0.003505    0.022788    0.012769    2.012769 ^ B[24] (in)
                                                         B[24] (net)
                      0.022788    0.000000    2.012769 ^ input49/A (sky130_fd_sc_hd__clkdlybuf4s25_1)
     4    0.014734    0.156788    0.317971    2.330740 ^ input49/X (sky130_fd_sc_hd__clkdlybuf4s25_1)
                                                         net49 (net)
                      0.156788    0.000358    2.331098 ^ _1058_/A (sky130_fd_sc_hd__nand2_2)
     3    0.011663    0.071578    0.094073    2.425172 v _1058_/Y (sky130_fd_sc_hd__nand2_2)
                                                         _0233_ (net)
                      0.071578    0.000045    2.425217 v _1572_/B (sky130_fd_sc_hd__nand2_2)
     1    0.002871    0.039258    0.068440    2.493657 ^ _1572_/Y (sky130_fd_sc_hd__nand2_2)
                                                         _0722_ (net)
                      0.039258    0.000026    2.493683 ^ _1577_/A2 (sky130_fd_sc_hd__o211a_2)
     1    0.006431    0.059091    0.172422    2.666106 ^ _1577_/X (sky130_fd_sc_hd__o211a_2)
                                                         _0727_ (net)
                      0.059091    0.000101    2.666206 ^ _1578_/C1 (sky130_fd_sc_hd__a211o_4)
     2    0.009855    0.040143    0.101682    2.767888 ^ _1578_/X (sky130_fd_sc_hd__a211o_4)
                                                         net86 (net)
                      0.040143    0.000099    2.767987 ^ output86/A (sky130_fd_sc_hd__buf_8)
     1    0.034741    0.066391    0.114645    2.882631 ^ output86/X (sky130_fd_sc_hd__buf_8)
                                                         result[25] (net)
                      0.066393    0.000440    2.883071 ^ result[25] (out)
                                              2.883071   data arrival time

                      0.000000    0.000000    0.000000   clock __VIRTUAL_CLK__ (rise edge)
                                  0.000000    0.000000   clock network delay (ideal)
                                  0.250000    0.250000   clock uncertainty
                                  0.000000    0.250000   clock reconvergence pessimism
                                 -2.000000   -1.750000   output external delay
                                             -1.750000   data required time
---------------------------------------------------------------------------------------------
                                             -1.750000   data required time
                                             -2.883071   data arrival time
---------------------------------------------------------------------------------------------
                                              4.633071   slack (MET)


Startpoint: B[8] (input port clocked by __VIRTUAL_CLK__)
Endpoint: result[9] (output port clocked by __VIRTUAL_CLK__)
Path Group: __VIRTUAL_CLK__
Path Type: min

Fanout         Cap        Slew       Delay        Time   Description
---------------------------------------------------------------------------------------------
                      0.000000    0.000000    0.000000   clock __VIRTUAL_CLK__ (rise edge)
                                  0.000000    0.000000   clock network delay (ideal)
                                  2.000000    2.000000 v input external delay
     1    0.003318    0.009837    0.005299    2.005299 v B[8] (in)
                                                         B[8] (net)
                      0.009837    0.000000    2.005299 v input63/A (sky130_fd_sc_hd__clkdlybuf4s25_1)
     4    0.018166    0.142642    0.314433    2.319732 v input63/X (sky130_fd_sc_hd__clkdlybuf4s25_1)
                                                         net63 (net)
                      0.142642    0.000219    2.319951 v _1013_/A (sky130_fd_sc_hd__nand2_4)
     5    0.027376    0.095800    0.137155    2.457106 ^ _1013_/Y (sky130_fd_sc_hd__nand2_4)
                                                         _0188_ (net)
                      0.095800    0.000104    2.457210 ^ _1290_/A2 (sky130_fd_sc_hd__o2111a_2)
     1    0.003768    0.045011    0.186762    2.643972 ^ _1290_/X (sky130_fd_sc_hd__o2111a_2)
                                                         _0456_ (net)
                      0.045011    0.000045    2.644017 ^ _1291_/B (sky130_fd_sc_hd__or3_4)
     2    0.009033    0.041311    0.118924    2.762942 ^ _1291_/X (sky130_fd_sc_hd__or3_4)
                                                         net100 (net)
                      0.041311    0.000136    2.763078 ^ output100/A (sky130_fd_sc_hd__buf_6)
     1    0.035497    0.079088    0.125447    2.888525 ^ output100/X (sky130_fd_sc_hd__buf_6)
                                                         result[9] (net)
                      0.079091    0.000594    2.889119 ^ result[9] (out)
                                              2.889119   data arrival time

                      0.000000    0.000000    0.000000   clock __VIRTUAL_CLK__ (rise edge)
                                  0.000000    0.000000   clock network delay (ideal)
                                  0.250000    0.250000   clock uncertainty
                                  0.000000    0.250000   clock reconvergence pessimism
                                 -2.000000   -1.750000   output external delay
                                             -1.750000   data required time
---------------------------------------------------------------------------------------------
                                             -1.750000   data required time
                                             -2.889119   data arrival time
---------------------------------------------------------------------------------------------
                                              4.639120   slack (MET)


Startpoint: B[13] (input port clocked by __VIRTUAL_CLK__)
Endpoint: result[13] (output port clocked by __VIRTUAL_CLK__)
Path Group: __VIRTUAL_CLK__
Path Type: min

Fanout         Cap        Slew       Delay        Time   Description
---------------------------------------------------------------------------------------------
                      0.000000    0.000000    0.000000   clock __VIRTUAL_CLK__ (rise edge)
                                  0.000000    0.000000   clock network delay (ideal)
                                  2.000000    2.000000 ^ input external delay
     1    0.002989    0.020546    0.010970    2.010970 ^ B[13] (in)
                                                         B[13] (net)
                      0.020546    0.000000    2.010970 ^ input37/A (sky130_fd_sc_hd__dlymetal6s2s_1)
     4    0.031761    0.323218    0.276362    2.287332 ^ input37/X (sky130_fd_sc_hd__dlymetal6s2s_1)
                                                         net37 (net)
                      0.323219    0.000394    2.287726 ^ _0992_/A (sky130_fd_sc_hd__xnor2_4)
     3    0.012571    0.046839    0.128226    2.415952 v _0992_/Y (sky130_fd_sc_hd__xnor2_4)
                                                         _0167_ (net)
                      0.046839    0.000106    2.416058 v _1026_/A (sky130_fd_sc_hd__nand2_2)
     1    0.001950    0.025297    0.044724    2.460781 ^ _1026_/Y (sky130_fd_sc_hd__nand2_2)
                                                         _0201_ (net)
                      0.025297    0.000019    2.460800 ^ _1351_/A (sky130_fd_sc_hd__and3_2)
     1    0.003478    0.045066    0.150779    2.611579 ^ _1351_/X (sky130_fd_sc_hd__and3_2)
                                                         _0513_ (net)
                      0.045066    0.000039    2.611619 ^ _1367_/A2 (sky130_fd_sc_hd__a211o_2)
     2    0.011789    0.063622    0.149302    2.760920 ^ _1367_/X (sky130_fd_sc_hd__a211o_2)
                                                         net73 (net)
                      0.063622    0.000132    2.761053 ^ output73/A (sky130_fd_sc_hd__buf_6)
     1    0.035268    0.078683    0.132981    2.894034 ^ output73/X (sky130_fd_sc_hd__buf_6)
                                                         result[13] (net)
                      0.078686    0.000586    2.894620 ^ result[13] (out)
                                              2.894620   data arrival time

                      0.000000    0.000000    0.000000   clock __VIRTUAL_CLK__ (rise edge)
                                  0.000000    0.000000   clock network delay (ideal)
                                  0.250000    0.250000   clock uncertainty
                                  0.000000    0.250000   clock reconvergence pessimism
                                 -2.000000   -1.750000   output external delay
                                             -1.750000   data required time
---------------------------------------------------------------------------------------------
                                             -1.750000   data required time
                                             -2.894620   data arrival time
---------------------------------------------------------------------------------------------
                                              4.644620   slack (MET)


Startpoint: B[8] (input port clocked by __VIRTUAL_CLK__)
Endpoint: result[8] (output port clocked by __VIRTUAL_CLK__)
Path Group: __VIRTUAL_CLK__
Path Type: min

Fanout         Cap        Slew       Delay        Time   Description
---------------------------------------------------------------------------------------------
                      0.000000    0.000000    0.000000   clock __VIRTUAL_CLK__ (rise edge)
                                  0.000000    0.000000   clock network delay (ideal)
                                  2.000000    2.000000 ^ input external delay
     1    0.003543    0.022954    0.012910    2.012910 ^ B[8] (in)
                                                         B[8] (net)
                      0.022954    0.000000    2.012910 ^ input63/A (sky130_fd_sc_hd__clkdlybuf4s25_1)
     4    0.019288    0.200727    0.349300    2.362211 ^ input63/X (sky130_fd_sc_hd__clkdlybuf4s25_1)
                                                         net63 (net)
                      0.200727    0.000254    2.362465 ^ _1014_/A (sky130_fd_sc_hd__or2_4)
     3    0.016361    0.061750    0.183459    2.545924 ^ _1014_/X (sky130_fd_sc_hd__or2_4)
                                                         _0189_ (net)
                      0.061750    0.000071    2.545995 ^ _1263_/A2 (sky130_fd_sc_hd__a211o_2)
     1    0.003230    0.027310    0.121397    2.667392 ^ _1263_/X (sky130_fd_sc_hd__a211o_2)
                                                         _0430_ (net)
                      0.027310    0.000033    2.667425 ^ _1271_/B (sky130_fd_sc_hd__or4b_4)
     2    0.012876    0.051562    0.125653    2.793078 ^ _1271_/X (sky130_fd_sc_hd__or4b_4)
                                                         net99 (net)
                      0.051562    0.000242    2.793319 ^ output99/A (sky130_fd_sc_hd__buf_8)
     1    0.035650    0.067789    0.119617    2.912937 ^ output99/X (sky130_fd_sc_hd__buf_8)
                                                         result[8] (net)
                      0.067793    0.000607    2.913544 ^ result[8] (out)
                                              2.913544   data arrival time

                      0.000000    0.000000    0.000000   clock __VIRTUAL_CLK__ (rise edge)
                                  0.000000    0.000000   clock network delay (ideal)
                                  0.250000    0.250000   clock uncertainty
                                  0.000000    0.250000   clock reconvergence pessimism
                                 -2.000000   -1.750000   output external delay
                                             -1.750000   data required time
---------------------------------------------------------------------------------------------
                                             -1.750000   data required time
                                             -2.913544   data arrival time
---------------------------------------------------------------------------------------------
                                              4.663543   slack (MET)


Startpoint: B[22] (input port clocked by __VIRTUAL_CLK__)
Endpoint: result[22] (output port clocked by __VIRTUAL_CLK__)
Path Group: __VIRTUAL_CLK__
Path Type: min

Fanout         Cap        Slew       Delay        Time   Description
---------------------------------------------------------------------------------------------
                      0.000000    0.000000    0.000000   clock __VIRTUAL_CLK__ (rise edge)
                                  0.000000    0.000000   clock network delay (ideal)
                                  2.000000    2.000000 v input external delay
     1    0.004513    0.012572    0.007305    2.007305 v B[22] (in)
                                                         B[22] (net)
                      0.012576    0.000000    2.007305 v input47/A (sky130_fd_sc_hd__clkdlybuf4s25_1)
     4    0.016830    0.133358    0.308253    2.315558 v input47/X (sky130_fd_sc_hd__clkdlybuf4s25_1)
                                                         net47 (net)
                      0.133358    0.000297    2.315855 v _0934_/A (sky130_fd_sc_hd__nand2_2)
     5    0.021104    0.119599    0.151412    2.467267 ^ _0934_/Y (sky130_fd_sc_hd__nand2_2)
                                                         _0109_ (net)
                      0.119599    0.000162    2.467430 ^ _1516_/B1 (sky130_fd_sc_hd__a32o_2)
     2    0.007038    0.060827    0.152866    2.620296 ^ _1516_/X (sky130_fd_sc_hd__a32o_2)
                                                         _0669_ (net)
                      0.060827    0.000066    2.620362 ^ _1530_/A3 (sky130_fd_sc_hd__a31o_2)
     2    0.007267    0.053050    0.168150    2.788512 ^ _1530_/X (sky130_fd_sc_hd__a31o_2)
                                                         net83 (net)
                      0.053050    0.000025    2.788538 ^ output83/A (sky130_fd_sc_hd__buf_6)
     1    0.034790    0.077716    0.128962    2.917499 ^ output83/X (sky130_fd_sc_hd__buf_6)
                                                         result[22] (net)
                      0.077716    0.000324    2.917824 ^ result[22] (out)
                                              2.917824   data arrival time

                      0.000000    0.000000    0.000000   clock __VIRTUAL_CLK__ (rise edge)
                                  0.000000    0.000000   clock network delay (ideal)
                                  0.250000    0.250000   clock uncertainty
                                  0.000000    0.250000   clock reconvergence pessimism
                                 -2.000000   -1.750000   output external delay
                                             -1.750000   data required time
---------------------------------------------------------------------------------------------
                                             -1.750000   data required time
                                             -2.917824   data arrival time
---------------------------------------------------------------------------------------------
                                              4.667824   slack (MET)


Startpoint: B[20] (input port clocked by __VIRTUAL_CLK__)
Endpoint: result[20] (output port clocked by __VIRTUAL_CLK__)
Path Group: __VIRTUAL_CLK__
Path Type: min

Fanout         Cap        Slew       Delay        Time   Description
---------------------------------------------------------------------------------------------
                      0.000000    0.000000    0.000000   clock __VIRTUAL_CLK__ (rise edge)
                                  0.000000    0.000000   clock network delay (ideal)
                                  2.000000    2.000000 ^ input external delay
     1    0.003392    0.022293    0.012368    2.012368 ^ B[20] (in)
                                                         B[20] (net)
                      0.022293    0.000000    2.012368 ^ input45/A (sky130_fd_sc_hd__clkdlybuf4s25_1)
     5    0.018941    0.197386    0.346687    2.359055 ^ input45/X (sky130_fd_sc_hd__clkdlybuf4s25_1)
                                                         net45 (net)
                      0.197386    0.000395    2.359451 ^ _1492_/A1 (sky130_fd_sc_hd__a31o_2)
     1    0.002616    0.038179    0.175013    2.534464 ^ _1492_/X (sky130_fd_sc_hd__a31o_2)
                                                         _0647_ (net)
                      0.038179    0.000010    2.534473 ^ _1493_/C1 (sky130_fd_sc_hd__a211o_2)
     1    0.003028    0.026447    0.082823    2.617296 ^ _1493_/X (sky130_fd_sc_hd__a211o_2)
                                                         _0648_ (net)
                      0.026447    0.000027    2.617324 ^ _1494_/B1 (sky130_fd_sc_hd__a21o_2)
     1    0.006867    0.043636    0.087528    2.704851 ^ _1494_/X (sky130_fd_sc_hd__a21o_2)
                                                         _0649_ (net)
                      0.043636    0.000115    2.704966 ^ _1495_/C1 (sky130_fd_sc_hd__a211o_4)
     2    0.012321    0.046002    0.101475    2.806441 ^ _1495_/X (sky130_fd_sc_hd__a211o_4)
                                                         net81 (net)
                      0.046002    0.000109    2.806550 ^ output81/A (sky130_fd_sc_hd__buf_8)
     1    0.034451    0.065943    0.116472    2.923021 ^ output81/X (sky130_fd_sc_hd__buf_8)
                                                         result[20] (net)
                      0.065943    0.000273    2.923294 ^ result[20] (out)
                                              2.923294   data arrival time

                      0.000000    0.000000    0.000000   clock __VIRTUAL_CLK__ (rise edge)
                                  0.000000    0.000000   clock network delay (ideal)
                                  0.250000    0.250000   clock uncertainty
                                  0.000000    0.250000   clock reconvergence pessimism
                                 -2.000000   -1.750000   output external delay
                                             -1.750000   data required time
---------------------------------------------------------------------------------------------
                                             -1.750000   data required time
                                             -2.923294   data arrival time
---------------------------------------------------------------------------------------------
                                              4.673294   slack (MET)


Startpoint: B[20] (input port clocked by __VIRTUAL_CLK__)
Endpoint: result[21] (output port clocked by __VIRTUAL_CLK__)
Path Group: __VIRTUAL_CLK__
Path Type: min

Fanout         Cap        Slew       Delay        Time   Description
---------------------------------------------------------------------------------------------
                      0.000000    0.000000    0.000000   clock __VIRTUAL_CLK__ (rise edge)
                                  0.000000    0.000000   clock network delay (ideal)
                                  2.000000    2.000000 ^ input external delay
     1    0.003392    0.022293    0.012368    2.012368 ^ B[20] (in)
                                                         B[20] (net)
                      0.022293    0.000000    2.012368 ^ input45/A (sky130_fd_sc_hd__clkdlybuf4s25_1)
     5    0.018941    0.197386    0.346687    2.359055 ^ input45/X (sky130_fd_sc_hd__clkdlybuf4s25_1)
                                                         net45 (net)
                      0.197386    0.000303    2.359358 ^ _1508_/A1 (sky130_fd_sc_hd__a211o_2)
     1    0.002856    0.027180    0.157905    2.517263 ^ _1508_/X (sky130_fd_sc_hd__a211o_2)
                                                         _0662_ (net)
                      0.027180    0.000026    2.517288 ^ _1513_/A2 (sky130_fd_sc_hd__a41o_2)
     1    0.004214    0.035590    0.172621    2.689909 ^ _1513_/X (sky130_fd_sc_hd__a41o_2)
                                                         _0667_ (net)
                      0.035590    0.000045    2.689954 ^ _1514_/B1 (sky130_fd_sc_hd__a41o_2)
     2    0.009305    0.057671    0.107612    2.797566 ^ _1514_/X (sky130_fd_sc_hd__a41o_2)
                                                         net82 (net)
                      0.057671    0.000072    2.797638 ^ output82/A (sky130_fd_sc_hd__buf_6)
     1    0.034464    0.077120    0.130114    2.927752 ^ output82/X (sky130_fd_sc_hd__buf_6)
                                                         result[21] (net)
                      0.077120    0.000232    2.927984 ^ result[21] (out)
                                              2.927984   data arrival time

                      0.000000    0.000000    0.000000   clock __VIRTUAL_CLK__ (rise edge)
                                  0.000000    0.000000   clock network delay (ideal)
                                  0.250000    0.250000   clock uncertainty
                                  0.000000    0.250000   clock reconvergence pessimism
                                 -2.000000   -1.750000   output external delay
                                             -1.750000   data required time
---------------------------------------------------------------------------------------------
                                             -1.750000   data required time
                                             -2.927984   data arrival time
---------------------------------------------------------------------------------------------
                                              4.677984   slack (MET)


Startpoint: B[28] (input port clocked by __VIRTUAL_CLK__)
Endpoint: result[28] (output port clocked by __VIRTUAL_CLK__)
Path Group: __VIRTUAL_CLK__
Path Type: min

Fanout         Cap        Slew       Delay        Time   Description
---------------------------------------------------------------------------------------------
                      0.000000    0.000000    0.000000   clock __VIRTUAL_CLK__ (rise edge)
                                  0.000000    0.000000   clock network delay (ideal)
                                  2.000000    2.000000 v input external delay
     1    0.003502    0.010262    0.005612    2.005612 v B[28] (in)
                                                         B[28] (net)
                      0.010262    0.000000    2.005612 v input53/A (sky130_fd_sc_hd__clkdlybuf4s25_1)
     4    0.015436    0.123806    0.299794    2.305406 v input53/X (sky130_fd_sc_hd__clkdlybuf4s25_1)
                                                         net53 (net)
                      0.123806    0.000305    2.305711 v _0905_/A (sky130_fd_sc_hd__nor2_2)
     2    0.008231    0.113716    0.164136    2.469847 ^ _0905_/Y (sky130_fd_sc_hd__nor2_2)
                                                         _0080_ (net)
                      0.113716    0.000070    2.469917 ^ _0906_/B (sky130_fd_sc_hd__nor2_2)
     7    0.033193    0.082847    0.106112    2.576029 v _0906_/Y (sky130_fd_sc_hd__nor2_2)
                                                         _0081_ (net)
                      0.082854    0.000643    2.576672 v _1608_/A (sky130_fd_sc_hd__nand2_2)
     1    0.006165    0.048368    0.075480    2.652151 ^ _1608_/Y (sky130_fd_sc_hd__nand2_2)
                                                         _0755_ (net)
                      0.048368    0.000077    2.652229 ^ _1625_/A3 (sky130_fd_sc_hd__a31o_4)
     2    0.010915    0.047942    0.158447    2.810676 ^ _1625_/X (sky130_fd_sc_hd__a31o_4)
                                                         net89 (net)
                      0.047942    0.000100    2.810776 ^ output89/A (sky130_fd_sc_hd__buf_8)
     1    0.034616    0.066217    0.117247    2.928023 ^ output89/X (sky130_fd_sc_hd__buf_8)
                                                         result[28] (net)
                      0.066219    0.000438    2.928461 ^ result[28] (out)
                                              2.928461   data arrival time

                      0.000000    0.000000    0.000000   clock __VIRTUAL_CLK__ (rise edge)
                                  0.000000    0.000000   clock network delay (ideal)
                                  0.250000    0.250000   clock uncertainty
                                  0.000000    0.250000   clock reconvergence pessimism
                                 -2.000000   -1.750000   output external delay
                                             -1.750000   data required time
---------------------------------------------------------------------------------------------
                                             -1.750000   data required time
                                             -2.928461   data arrival time
---------------------------------------------------------------------------------------------
                                              4.678461   slack (MET)


Startpoint: B[22] (input port clocked by __VIRTUAL_CLK__)
Endpoint: result[23] (output port clocked by __VIRTUAL_CLK__)
Path Group: __VIRTUAL_CLK__
Path Type: min

Fanout         Cap        Slew       Delay        Time   Description
---------------------------------------------------------------------------------------------
                      0.000000    0.000000    0.000000   clock __VIRTUAL_CLK__ (rise edge)
                                  0.000000    0.000000   clock network delay (ideal)
                                  2.000000    2.000000 ^ input external delay
     1    0.004738    0.028149    0.016994    2.016994 ^ B[22] (in)
                                                         B[22] (net)
                      0.028150    0.000000    2.016994 ^ input47/A (sky130_fd_sc_hd__clkdlybuf4s25_1)
     4    0.017535    0.183794    0.339062    2.356055 ^ input47/X (sky130_fd_sc_hd__clkdlybuf4s25_1)
                                                         net47 (net)
                      0.183794    0.000309    2.356365 ^ _0934_/A (sky130_fd_sc_hd__nand2_2)
     5    0.019968    0.102989    0.126686    2.483051 v _0934_/Y (sky130_fd_sc_hd__nand2_2)
                                                         _0109_ (net)
                      0.102989    0.000146    2.483196 v _1533_/A (sky130_fd_sc_hd__nand3_2)
     1    0.003079    0.042992    0.074547    2.557744 ^ _1533_/Y (sky130_fd_sc_hd__nand3_2)
                                                         _0685_ (net)
                      0.042992    0.000030    2.557774 ^ _1544_/A2 (sky130_fd_sc_hd__a31o_2)
     1    0.005629    0.045410    0.151790    2.709564 ^ _1544_/X (sky130_fd_sc_hd__a31o_2)
                                                         _0696_ (net)
                      0.045410    0.000067    2.709631 ^ _1545_/C1 (sky130_fd_sc_hd__a211o_4)
     2    0.009965    0.040075    0.097142    2.806773 ^ _1545_/X (sky130_fd_sc_hd__a211o_4)
                                                         net84 (net)
                      0.040075    0.000100    2.806873 ^ output84/A (sky130_fd_sc_hd__buf_6)
     1    0.034510    0.077227    0.123799    2.930672 ^ output84/X (sky130_fd_sc_hd__buf_6)
                                                         result[23] (net)
                      0.077227    0.000340    2.931011 ^ result[23] (out)
                                              2.931011   data arrival time

                      0.000000    0.000000    0.000000   clock __VIRTUAL_CLK__ (rise edge)
                                  0.000000    0.000000   clock network delay (ideal)
                                  0.250000    0.250000   clock uncertainty
                                  0.000000    0.250000   clock reconvergence pessimism
                                 -2.000000   -1.750000   output external delay
                                             -1.750000   data required time
---------------------------------------------------------------------------------------------
                                             -1.750000   data required time
                                             -2.931011   data arrival time
---------------------------------------------------------------------------------------------
                                              4.681011   slack (MET)


Startpoint: B[18] (input port clocked by __VIRTUAL_CLK__)
Endpoint: result[19] (output port clocked by __VIRTUAL_CLK__)
Path Group: __VIRTUAL_CLK__
Path Type: min

Fanout         Cap        Slew       Delay        Time   Description
---------------------------------------------------------------------------------------------
                      0.000000    0.000000    0.000000   clock __VIRTUAL_CLK__ (rise edge)
                                  0.000000    0.000000   clock network delay (ideal)
                                  2.000000    2.000000 v input external delay
     1    0.003377    0.009972    0.005395    2.005395 v B[18] (in)
                                                         B[18] (net)
                      0.009972    0.000000    2.005395 v input42/A (sky130_fd_sc_hd__clkdlybuf4s25_1)
     3    0.009195    0.081027    0.266033    2.271428 v input42/X (sky130_fd_sc_hd__clkdlybuf4s25_1)
                                                         net42 (net)
                      0.081027    0.000122    2.271550 v _1042_/A (sky130_fd_sc_hd__nand2_2)
     5    0.021103    0.116717    0.127868    2.399418 ^ _1042_/Y (sky130_fd_sc_hd__nand2_2)
                                                         _0217_ (net)
                      0.116718    0.000286    2.399704 ^ _1466_/A1 (sky130_fd_sc_hd__a311o_2)
     1    0.011163    0.068170    0.208514    2.608219 ^ _1466_/X (sky130_fd_sc_hd__a311o_2)
                                                         _0622_ (net)
                      0.068170    0.000205    2.608424 ^ _1476_/B (sky130_fd_sc_hd__nand3b_4)
     2    0.011434    0.062554    0.085648    2.694072 v _1476_/Y (sky130_fd_sc_hd__nand3b_4)
                                                         net79 (net)
                      0.062554    0.000340    2.694412 v rebuffer443/A (sky130_fd_sc_hd__buf_6)
     1    0.007461    0.023560    0.120159    2.814571 v rebuffer443/X (sky130_fd_sc_hd__buf_6)
                                                         net443 (net)
                      0.023560    0.000050    2.814620 v output79/A (sky130_fd_sc_hd__buf_8)
     1    0.034735    0.040141    0.125026    2.939647 v output79/X (sky130_fd_sc_hd__buf_8)
                                                         result[19] (net)
                      0.040144    0.000406    2.940053 v result[19] (out)
                                              2.940053   data arrival time

                      0.000000    0.000000    0.000000   clock __VIRTUAL_CLK__ (rise edge)
                                  0.000000    0.000000   clock network delay (ideal)
                                  0.250000    0.250000   clock uncertainty
                                  0.000000    0.250000   clock reconvergence pessimism
                                 -2.000000   -1.750000   output external delay
                                             -1.750000   data required time
---------------------------------------------------------------------------------------------
                                             -1.750000   data required time
                                             -2.940053   data arrival time
---------------------------------------------------------------------------------------------
                                              4.690053   slack (MET)


Startpoint: B[25] (input port clocked by __VIRTUAL_CLK__)
Endpoint: result[26] (output port clocked by __VIRTUAL_CLK__)
Path Group: __VIRTUAL_CLK__
Path Type: min

Fanout         Cap        Slew       Delay        Time   Description
---------------------------------------------------------------------------------------------
                      0.000000    0.000000    0.000000   clock __VIRTUAL_CLK__ (rise edge)
                                  0.000000    0.000000   clock network delay (ideal)
                                  2.000000    2.000000 v input external delay
     1    0.004099    0.011640    0.006625    2.006625 v B[25] (in)
                                                         B[25] (net)
                      0.011645    0.000000    2.006625 v input50/A (sky130_fd_sc_hd__clkdlybuf4s25_1)
     4    0.016699    0.132439    0.307272    2.313898 v input50/X (sky130_fd_sc_hd__clkdlybuf4s25_1)
                                                         net50 (net)
                      0.132439    0.000051    2.313949 v _0923_/A1 (sky130_fd_sc_hd__o21a_2)
     3    0.015692    0.054885    0.275633    2.589582 v _0923_/X (sky130_fd_sc_hd__o21a_2)
                                                         _0098_ (net)
                      0.054885    0.000270    2.589852 v _1579_/B (sky130_fd_sc_hd__nand3_2)
     1    0.006549    0.055217    0.079301    2.669152 ^ _1579_/Y (sky130_fd_sc_hd__nand3_2)
                                                         _0728_ (net)
                      0.055217    0.000085    2.669238 ^ _1593_/A3 (sky130_fd_sc_hd__a31o_4)
     2    0.012738    0.052999    0.165082    2.834320 ^ _1593_/X (sky130_fd_sc_hd__a31o_4)
                                                         net87 (net)
                      0.052999    0.000152    2.834471 ^ output87/A (sky130_fd_sc_hd__buf_8)
     1    0.034940    0.066723    0.119341    2.953812 ^ output87/X (sky130_fd_sc_hd__buf_8)
                                                         result[26] (net)
                      0.066726    0.000543    2.954356 ^ result[26] (out)
                                              2.954356   data arrival time

                      0.000000    0.000000    0.000000   clock __VIRTUAL_CLK__ (rise edge)
                                  0.000000    0.000000   clock network delay (ideal)
                                  0.250000    0.250000   clock uncertainty
                                  0.000000    0.250000   clock reconvergence pessimism
                                 -2.000000   -1.750000   output external delay
                                             -1.750000   data required time
---------------------------------------------------------------------------------------------
                                             -1.750000   data required time
                                             -2.954356   data arrival time
---------------------------------------------------------------------------------------------
                                              4.704356   slack (MET)


Startpoint: B[26] (input port clocked by __VIRTUAL_CLK__)
Endpoint: zero (output port clocked by __VIRTUAL_CLK__)
Path Group: __VIRTUAL_CLK__
Path Type: min

Fanout         Cap        Slew       Delay        Time   Description
---------------------------------------------------------------------------------------------
                      0.000000    0.000000    0.000000   clock __VIRTUAL_CLK__ (rise edge)
                                  0.000000    0.000000   clock network delay (ideal)
                                  2.000000    2.000000 ^ input external delay
     1    0.005192    0.030134    0.018485    2.018485 ^ B[26] (in)
                                                         B[26] (net)
                      0.030134    0.000000    2.018485 ^ input51/A (sky130_fd_sc_hd__clkdlybuf4s25_1)
     4    0.013278    0.142690    0.310695    2.329180 ^ input51/X (sky130_fd_sc_hd__clkdlybuf4s25_1)
                                                         net51 (net)
                      0.142690    0.000111    2.329292 ^ _0913_/A (sky130_fd_sc_hd__nand2_2)
     4    0.016375    0.083594    0.105678    2.434970 v _0913_/Y (sky130_fd_sc_hd__nand2_2)
                                                         _0088_ (net)
                      0.083594    0.000172    2.435142 v _1597_/B (sky130_fd_sc_hd__nand3b_2)
     1    0.005748    0.058709    0.092216    2.527358 ^ _1597_/Y (sky130_fd_sc_hd__nand3b_2)
                                                         _0745_ (net)
                      0.058709    0.000056    2.527413 ^ _1607_/A3 (sky130_fd_sc_hd__a31o_4)
     2    0.005546    0.033871    0.146636    2.674049 ^ _1607_/X (sky130_fd_sc_hd__a31o_4)
                                                         net88 (net)
                      0.033871    0.000060    2.674109 ^ _1678_/B (sky130_fd_sc_hd__or4_4)
     1    0.010522    0.045174    0.121634    2.795743 ^ _1678_/X (sky130_fd_sc_hd__or4_4)
                                                         _0821_ (net)
                      0.045174    0.000130    2.795873 ^ _1682_/D (sky130_fd_sc_hd__nor4_4)
     1    0.004677    0.019362    0.032084    2.827957 v _1682_/Y (sky130_fd_sc_hd__nor4_4)
                                                         net101 (net)
                      0.019362    0.000023    2.827980 v output101/A (sky130_fd_sc_hd__buf_6)
     1    0.035914    0.044953    0.126717    2.954697 v output101/X (sky130_fd_sc_hd__buf_6)
                                                         zero (net)
                      0.044962    0.000649    2.955346 v zero (out)
                                              2.955346   data arrival time

                      0.000000    0.000000    0.000000   clock __VIRTUAL_CLK__ (rise edge)
                                  0.000000    0.000000   clock network delay (ideal)
                                  0.250000    0.250000   clock uncertainty
                                  0.000000    0.250000   clock reconvergence pessimism
                                 -2.000000   -1.750000   output external delay
                                             -1.750000   data required time
---------------------------------------------------------------------------------------------
                                             -1.750000   data required time
                                             -2.955346   data arrival time
---------------------------------------------------------------------------------------------
                                              4.705346   slack (MET)


Startpoint: B[12] (input port clocked by __VIRTUAL_CLK__)
Endpoint: result[12] (output port clocked by __VIRTUAL_CLK__)
Path Group: __VIRTUAL_CLK__
Path Type: min

Fanout         Cap        Slew       Delay        Time   Description
---------------------------------------------------------------------------------------------
                      0.000000    0.000000    0.000000   clock __VIRTUAL_CLK__ (rise edge)
                                  0.000000    0.000000   clock network delay (ideal)
                                  2.000000    2.000000 v input external delay
     1    0.003621    0.010538    0.005812    2.005812 v B[12] (in)
                                                         B[12] (net)
                      0.010538    0.000000    2.005812 v input36/A (sky130_fd_sc_hd__clkdlybuf4s25_1)
     3    0.012947    0.106625    0.286559    2.292371 v input36/X (sky130_fd_sc_hd__clkdlybuf4s25_1)
                                                         net36 (net)
                      0.106625    0.000123    2.292494 v _0994_/A (sky130_fd_sc_hd__nand2_4)
     2    0.021515    0.076247    0.110341    2.402835 ^ _0994_/Y (sky130_fd_sc_hd__nand2_4)
                                                         _0169_ (net)
                      0.076247    0.000111    2.402946 ^ _0995_/B (sky130_fd_sc_hd__nand2_8)
     7    0.026093    0.048773    0.068082    2.471028 v _0995_/Y (sky130_fd_sc_hd__nand2_8)
                                                         _0170_ (net)
                      0.048782    0.000605    2.471633 v _1336_/A1 (sky130_fd_sc_hd__a311oi_2)
     1    0.003818    0.141889    0.197428    2.669061 ^ _1336_/Y (sky130_fd_sc_hd__a311oi_2)
                                                         _0499_ (net)
                      0.141889    0.000047    2.669108 ^ _1348_/B (sky130_fd_sc_hd__or3_4)
     2    0.012854    0.051330    0.162067    2.831175 ^ _1348_/X (sky130_fd_sc_hd__or3_4)
                                                         net72 (net)
                      0.051330    0.000226    2.831402 ^ output72/A (sky130_fd_sc_hd__buf_6)
     1    0.034917    0.077979    0.128398    2.959800 ^ output72/X (sky130_fd_sc_hd__buf_6)
                                                         result[12] (net)
                      0.077980    0.000497    2.960297 ^ result[12] (out)
                                              2.960297   data arrival time

                      0.000000    0.000000    0.000000   clock __VIRTUAL_CLK__ (rise edge)
                                  0.000000    0.000000   clock network delay (ideal)
                                  0.250000    0.250000   clock uncertainty
                                  0.000000    0.250000   clock reconvergence pessimism
                                 -2.000000   -1.750000   output external delay
                                             -1.750000   data required time
---------------------------------------------------------------------------------------------
                                             -1.750000   data required time
                                             -2.960297   data arrival time
---------------------------------------------------------------------------------------------
                                              4.710297   slack (MET)


Startpoint: B[16] (input port clocked by __VIRTUAL_CLK__)
Endpoint: result[17] (output port clocked by __VIRTUAL_CLK__)
Path Group: __VIRTUAL_CLK__
Path Type: min

Fanout         Cap        Slew       Delay        Time   Description
---------------------------------------------------------------------------------------------
                      0.000000    0.000000    0.000000   clock __VIRTUAL_CLK__ (rise edge)
                                  0.000000    0.000000   clock network delay (ideal)
                                  2.000000    2.000000 v input external delay
     1    0.002972    0.009029    0.004709    2.004709 v B[16] (in)
                                                         B[16] (net)
                      0.009029    0.000000    2.004709 v input40/A (sky130_fd_sc_hd__clkdlybuf4s25_1)
     3    0.013867    0.113000    0.290864    2.295573 v input40/X (sky130_fd_sc_hd__clkdlybuf4s25_1)
                                                         net40 (net)
                      0.113000    0.000228    2.295801 v _0828_/A (sky130_fd_sc_hd__inv_2)
     2    0.004858    0.043559    0.073388    2.369190 ^ _0828_/Y (sky130_fd_sc_hd__inv_2)
                                                         _0003_ (net)
                      0.043559    0.000020    2.369210 ^ _1426_/A1 (sky130_fd_sc_hd__a21o_2)
     1    0.003654    0.031761    0.108829    2.478039 ^ _1426_/X (sky130_fd_sc_hd__a21o_2)
                                                         _0584_ (net)
                      0.031761    0.000043    2.478082 ^ _1429_/A2 (sky130_fd_sc_hd__o211a_2)
     1    0.003701    0.045638    0.156704    2.634786 ^ _1429_/X (sky130_fd_sc_hd__o211a_2)
                                                         _0587_ (net)
                      0.045638    0.000031    2.634817 ^ _1445_/A (sky130_fd_sc_hd__or3_4)
     2    0.009561    0.042631    0.120504    2.755321 ^ _1445_/X (sky130_fd_sc_hd__or3_4)
                                                         net77 (net)
                      0.042631    0.000097    2.755418 ^ rebuffer223/A (sky130_fd_sc_hd__buf_2)
     1    0.007245    0.045860    0.106520    2.861939 ^ rebuffer223/X (sky130_fd_sc_hd__buf_2)
                                                         net223 (net)
                      0.045860    0.000127    2.862065 ^ output77/A (sky130_fd_sc_hd__buf_6)
     1    0.034442    0.077073    0.125904    2.987969 ^ output77/X (sky130_fd_sc_hd__buf_6)
                                                         result[17] (net)
                      0.077073    0.000222    2.988192 ^ result[17] (out)
                                              2.988192   data arrival time

                      0.000000    0.000000    0.000000   clock __VIRTUAL_CLK__ (rise edge)
                                  0.000000    0.000000   clock network delay (ideal)
                                  0.250000    0.250000   clock uncertainty
                                  0.000000    0.250000   clock reconvergence pessimism
                                 -2.000000   -1.750000   output external delay
                                             -1.750000   data required time
---------------------------------------------------------------------------------------------
                                             -1.750000   data required time
                                             -2.988192   data arrival time
---------------------------------------------------------------------------------------------
                                              4.738192   slack (MET)


Startpoint: B[30] (input port clocked by __VIRTUAL_CLK__)
Endpoint: result[31] (output port clocked by __VIRTUAL_CLK__)
Path Group: __VIRTUAL_CLK__
Path Type: min

Fanout         Cap        Slew       Delay        Time   Description
---------------------------------------------------------------------------------------------
                      0.000000    0.000000    0.000000   clock __VIRTUAL_CLK__ (rise edge)
                                  0.000000    0.000000   clock network delay (ideal)
                                  2.000000    2.000000 ^ input external delay
     1    0.003455    0.022568    0.012600    2.012600 ^ B[30] (in)
                                                         B[30] (net)
                      0.022568    0.000000    2.012600 ^ input56/A (sky130_fd_sc_hd__clkdlybuf4s25_1)
     3    0.010623    0.117164    0.289845    2.302445 ^ input56/X (sky130_fd_sc_hd__clkdlybuf4s25_1)
                                                         net56 (net)
                      0.117164    0.000209    2.302654 ^ _0890_/A (sky130_fd_sc_hd__nand2_2)
     4    0.014191    0.071929    0.093025    2.395679 v _0890_/Y (sky130_fd_sc_hd__nand2_2)
                                                         _0065_ (net)
                      0.071929    0.000169    2.395849 v _1654_/B (sky130_fd_sc_hd__nand3b_2)
     1    0.002712    0.040682    0.074557    2.470406 ^ _1654_/Y (sky130_fd_sc_hd__nand3b_2)
                                                         _0798_ (net)
                      0.040682    0.000012    2.470417 ^ _1656_/B (sky130_fd_sc_hd__and3_4)
     1    0.006775    0.049974    0.174381    2.644799 ^ _1656_/X (sky130_fd_sc_hd__and3_4)
                                                         _0800_ (net)
                      0.049974    0.000158    2.644957 ^ _1668_/C (sky130_fd_sc_hd__or4_4)
     2    0.016973    0.061488    0.139692    2.784649 ^ _1668_/X (sky130_fd_sc_hd__or4_4)
                                                         net93 (net)
                      0.061488    0.000268    2.784916 ^ rebuffer248/A (sky130_fd_sc_hd__buf_6)
     1    0.009489    0.032333    0.095315    2.880231 ^ rebuffer248/X (sky130_fd_sc_hd__buf_6)
                                                         net248 (net)
                      0.032333    0.000141    2.880372 ^ output93/A (sky130_fd_sc_hd__buf_8)
     1    0.036066    0.068250    0.113266    2.993638 ^ output93/X (sky130_fd_sc_hd__buf_8)
                                                         result[31] (net)
                      0.068257    0.000743    2.994381 ^ result[31] (out)
                                              2.994381   data arrival time

                      0.000000    0.000000    0.000000   clock __VIRTUAL_CLK__ (rise edge)
                                  0.000000    0.000000   clock network delay (ideal)
                                  0.250000    0.250000   clock uncertainty
                                  0.000000    0.250000   clock reconvergence pessimism
                                 -2.000000   -1.750000   output external delay
                                             -1.750000   data required time
---------------------------------------------------------------------------------------------
                                             -1.750000   data required time
                                             -2.994381   data arrival time
---------------------------------------------------------------------------------------------
                                              4.744381   slack (MET)


Startpoint: B[28] (input port clocked by __VIRTUAL_CLK__)
Endpoint: result[30] (output port clocked by __VIRTUAL_CLK__)
Path Group: __VIRTUAL_CLK__
Path Type: min

Fanout         Cap        Slew       Delay        Time   Description
---------------------------------------------------------------------------------------------
                      0.000000    0.000000    0.000000   clock __VIRTUAL_CLK__ (rise edge)
                                  0.000000    0.000000   clock network delay (ideal)
                                  2.000000    2.000000 v input external delay
     1    0.003502    0.010262    0.005612    2.005612 v B[28] (in)
                                                         B[28] (net)
                      0.010262    0.000000    2.005612 v input53/A (sky130_fd_sc_hd__clkdlybuf4s25_1)
     4    0.015436    0.123806    0.299794    2.305406 v input53/X (sky130_fd_sc_hd__clkdlybuf4s25_1)
                                                         net53 (net)
                      0.123806    0.000271    2.305677 v _0904_/A (sky130_fd_sc_hd__nand2_2)
     3    0.009027    0.065065    0.103974    2.409651 ^ _0904_/Y (sky130_fd_sc_hd__nand2_2)
                                                         _0079_ (net)
                      0.065065    0.000034    2.409685 ^ _1651_/A2 (sky130_fd_sc_hd__a311o_2)
     2    0.006799    0.047930    0.179518    2.589202 ^ _1651_/X (sky130_fd_sc_hd__a311o_2)
                                                         _0796_ (net)
                      0.047930    0.000031    2.589234 ^ rebuffer243/A (sky130_fd_sc_hd__buf_2)
     2    0.012045    0.067148    0.125564    2.714797 ^ rebuffer243/X (sky130_fd_sc_hd__buf_2)
                                                         net243 (net)
                      0.067148    0.000120    2.714917 ^ _1653_/A1 (sky130_fd_sc_hd__a211o_4)
     2    0.017513    0.058550    0.149160    2.864078 ^ _1653_/X (sky130_fd_sc_hd__a211o_4)
                                                         net92 (net)
                      0.058551    0.000336    2.864414 ^ output92/A (sky130_fd_sc_hd__buf_6)
     1    0.034481    0.077184    0.130308    2.994722 ^ output92/X (sky130_fd_sc_hd__buf_6)
                                                         result[30] (net)
                      0.077185    0.000434    2.995156 ^ result[30] (out)
                                              2.995156   data arrival time

                      0.000000    0.000000    0.000000   clock __VIRTUAL_CLK__ (rise edge)
                                  0.000000    0.000000   clock network delay (ideal)
                                  0.250000    0.250000   clock uncertainty
                                  0.000000    0.250000   clock reconvergence pessimism
                                 -2.000000   -1.750000   output external delay
                                             -1.750000   data required time
---------------------------------------------------------------------------------------------
                                             -1.750000   data required time
                                             -2.995156   data arrival time
---------------------------------------------------------------------------------------------
                                              4.745156   slack (MET)


Startpoint: B[4] (input port clocked by __VIRTUAL_CLK__)
Endpoint: result[14] (output port clocked by __VIRTUAL_CLK__)
Path Group: __VIRTUAL_CLK__
Path Type: min

Fanout         Cap        Slew       Delay        Time   Description
---------------------------------------------------------------------------------------------
                      0.000000    0.000000    0.000000   clock __VIRTUAL_CLK__ (rise edge)
                                  0.000000    0.000000   clock network delay (ideal)
                                  2.000000    2.000000 ^ input external delay
     1    0.009259    0.048108    0.031597    2.031597 ^ B[4] (in)
                                                         B[4] (net)
                      0.048108    0.000000    2.031597 ^ input59/A (sky130_fd_sc_hd__buf_8)
     4    0.034689    0.066207    0.116905    2.148502 ^ input59/X (sky130_fd_sc_hd__buf_8)
                                                         net59 (net)
                      0.066312    0.001687    2.150188 ^ _0879_/A (sky130_fd_sc_hd__nor2_2)
     3    0.030247    0.074361    0.087941    2.238129 v _0879_/Y (sky130_fd_sc_hd__nor2_2)
                                                         _0054_ (net)
                      0.074367    0.000593    2.238722 v max_cap104/A (sky130_fd_sc_hd__clkbuf_4)
     8    0.038197    0.086555    0.200955    2.439677 v max_cap104/X (sky130_fd_sc_hd__clkbuf_4)
                                                         net104 (net)
                      0.086652    0.002599    2.442276 v _1384_/A1 (sky130_fd_sc_hd__a21oi_2)
     1    0.003154    0.072439    0.124508    2.566784 ^ _1384_/Y (sky130_fd_sc_hd__a21oi_2)
                                                         _0545_ (net)
                      0.072439    0.000033    2.566817 ^ _1385_/C1 (sky130_fd_sc_hd__o211a_2)
     1    0.005282    0.053437    0.174367    2.741184 ^ _1385_/X (sky130_fd_sc_hd__o211a_2)
                                                         _0546_ (net)
                      0.053437    0.000059    2.741242 ^ _1386_/B1 (sky130_fd_sc_hd__o21ai_2)
     2    0.008652    0.043015    0.062763    2.804005 v _1386_/Y (sky130_fd_sc_hd__o21ai_2)
                                                         net74 (net)
                      0.043015    0.000222    2.804228 v output74/A (sky130_fd_sc_hd__clkbuf_2)
     1    0.035366    0.135684    0.190381    2.994609 v output74/X (sky130_fd_sc_hd__clkbuf_2)
                                                         result[14] (net)
                      0.135685    0.000576    2.995185 v result[14] (out)
                                              2.995185   data arrival time

                      0.000000    0.000000    0.000000   clock __VIRTUAL_CLK__ (rise edge)
                                  0.000000    0.000000   clock network delay (ideal)
                                  0.250000    0.250000   clock uncertainty
                                  0.000000    0.250000   clock reconvergence pessimism
                                 -2.000000   -1.750000   output external delay
                                             -1.750000   data required time
---------------------------------------------------------------------------------------------
                                             -1.750000   data required time
                                             -2.995185   data arrival time
---------------------------------------------------------------------------------------------
                                              4.745185   slack (MET)


Startpoint: B[4] (input port clocked by __VIRTUAL_CLK__)
Endpoint: result[3] (output port clocked by __VIRTUAL_CLK__)
Path Group: __VIRTUAL_CLK__
Path Type: min

Fanout         Cap        Slew       Delay        Time   Description
---------------------------------------------------------------------------------------------
                      0.000000    0.000000    0.000000   clock __VIRTUAL_CLK__ (rise edge)
                                  0.000000    0.000000   clock network delay (ideal)
                                  2.000000    2.000000 v input external delay
     1    0.008598    0.021433    0.013916    2.013916 v B[4] (in)
                                                         B[4] (net)
                      0.021433    0.000000    2.013916 v input59/A (sky130_fd_sc_hd__buf_8)
     4    0.033504    0.039431    0.122782    2.136698 v input59/X (sky130_fd_sc_hd__buf_8)
                                                         net59 (net)
                      0.039431    0.000262    2.136961 v fanout158/A (sky130_fd_sc_hd__buf_6)
     2    0.011377    0.026369    0.114139    2.251099 v fanout158/X (sky130_fd_sc_hd__buf_6)
                                                         net158 (net)
                      0.026381    0.000135    2.251234 v fanout157/A (sky130_fd_sc_hd__buf_8)
     4    0.018771    0.029894    0.114664    2.365898 v fanout157/X (sky130_fd_sc_hd__buf_8)
                                                         net157 (net)
                      0.029905    0.000292    2.366190 v rebuffer457/A (sky130_fd_sc_hd__buf_2)
     7    0.033511    0.087909    0.172343    2.538533 v rebuffer457/X (sky130_fd_sc_hd__buf_2)
                                                         net457 (net)
                      0.087909    0.000356    2.538889 v _1170_/A1 (sky130_fd_sc_hd__a21o_2)
     2    0.005832    0.038906    0.209391    2.748280 v _1170_/X (sky130_fd_sc_hd__a21o_2)
                                                         net94 (net)
                      0.038906    0.000051    2.748331 v output94/A (sky130_fd_sc_hd__dlymetal6s2s_1)
     1    0.035548    0.177317    0.250561    2.998891 v output94/X (sky130_fd_sc_hd__dlymetal6s2s_1)
                                                         result[3] (net)
                      0.177317    0.000247    2.999139 v result[3] (out)
                                              2.999139   data arrival time

                      0.000000    0.000000    0.000000   clock __VIRTUAL_CLK__ (rise edge)
                                  0.000000    0.000000   clock network delay (ideal)
                                  0.250000    0.250000   clock uncertainty
                                  0.000000    0.250000   clock reconvergence pessimism
                                 -2.000000   -1.750000   output external delay
                                             -1.750000   data required time
---------------------------------------------------------------------------------------------
                                             -1.750000   data required time
                                             -2.999139   data arrival time
---------------------------------------------------------------------------------------------
                                              4.749139   slack (MET)


Startpoint: B[14] (input port clocked by __VIRTUAL_CLK__)
Endpoint: result[15] (output port clocked by __VIRTUAL_CLK__)
Path Group: __VIRTUAL_CLK__
Path Type: min

Fanout         Cap        Slew       Delay        Time   Description
---------------------------------------------------------------------------------------------
                      0.000000    0.000000    0.000000   clock __VIRTUAL_CLK__ (rise edge)
                                  0.000000    0.000000   clock network delay (ideal)
                                  2.000000    2.000000 v input external delay
     1    0.003000    0.009096    0.004758    2.004758 v B[14] (in)
                                                         B[14] (net)
                      0.009096    0.000000    2.004758 v input38/A (sky130_fd_sc_hd__clkdlybuf4s25_1)
     3    0.012212    0.101645    0.281911    2.286669 v input38/X (sky130_fd_sc_hd__clkdlybuf4s25_1)
                                                         net38 (net)
                      0.101645    0.000253    2.286922 v _0998_/A (sky130_fd_sc_hd__and2_4)
     5    0.018851    0.043940    0.181151    2.468073 v _0998_/X (sky130_fd_sc_hd__and2_4)
                                                         _0173_ (net)
                      0.043942    0.000278    2.468351 v _1390_/A1 (sky130_fd_sc_hd__o21ai_2)
     1    0.002853    0.043296    0.118751    2.587102 ^ _1390_/Y (sky130_fd_sc_hd__o21ai_2)
                                                         _0550_ (net)
                      0.043296    0.000026    2.587128 ^ _1401_/A3 (sky130_fd_sc_hd__a31o_2)
     1    0.006015    0.046830    0.158071    2.745199 ^ _1401_/X (sky130_fd_sc_hd__a31o_2)
                                                         _0561_ (net)
                      0.046830    0.000126    2.745325 ^ _1402_/B1 (sky130_fd_sc_hd__a21o_2)
     2    0.011257    0.063662    0.110269    2.855594 ^ _1402_/X (sky130_fd_sc_hd__a21o_2)
                                                         net75 (net)
                      0.063663    0.000385    2.855979 ^ output75/A (sky130_fd_sc_hd__buf_4)
     1    0.034732    0.103690    0.163761    3.019740 ^ output75/X (sky130_fd_sc_hd__buf_4)
                                                         result[15] (net)
                      0.103690    0.000267    3.020007 ^ result[15] (out)
                                              3.020007   data arrival time

                      0.000000    0.000000    0.000000   clock __VIRTUAL_CLK__ (rise edge)
                                  0.000000    0.000000   clock network delay (ideal)
                                  0.250000    0.250000   clock uncertainty
                                  0.000000    0.250000   clock reconvergence pessimism
                                 -2.000000   -1.750000   output external delay
                                             -1.750000   data required time
---------------------------------------------------------------------------------------------
                                             -1.750000   data required time
                                             -3.020007   data arrival time
---------------------------------------------------------------------------------------------
                                              4.770007   slack (MET)


Startpoint: B[9] (input port clocked by __VIRTUAL_CLK__)
Endpoint: result[10] (output port clocked by __VIRTUAL_CLK__)
Path Group: __VIRTUAL_CLK__
Path Type: min

Fanout         Cap        Slew       Delay        Time   Description
---------------------------------------------------------------------------------------------
                      0.000000    0.000000    0.000000   clock __VIRTUAL_CLK__ (rise edge)
                                  0.000000    0.000000   clock network delay (ideal)
                                  2.000000    2.000000 ^ input external delay
     1    0.004352    0.026468    0.015749    2.015749 ^ B[9] (in)
                                                         B[9] (net)
                      0.026477    0.000000    2.015749 ^ input64/A (sky130_fd_sc_hd__clkdlybuf4s25_1)
     3    0.009592    0.107242    0.284194    2.299943 ^ input64/X (sky130_fd_sc_hd__clkdlybuf4s25_1)
                                                         net64 (net)
                      0.107242    0.000064    2.300007 ^ _1010_/A (sky130_fd_sc_hd__nand2_2)
     4    0.014141    0.066798    0.089617    2.389625 v _1010_/Y (sky130_fd_sc_hd__nand2_2)
                                                         _0185_ (net)
                      0.066798    0.000279    2.389904 v _1294_/B1 (sky130_fd_sc_hd__o21a_2)
     3    0.010079    0.043188    0.141063    2.530967 v _1294_/X (sky130_fd_sc_hd__o21a_2)
                                                         _0459_ (net)
                      0.043188    0.000031    2.530998 v _1295_/C (sky130_fd_sc_hd__nand3_2)
     1    0.005337    0.052616    0.071287    2.602285 ^ _1295_/Y (sky130_fd_sc_hd__nand3_2)
                                                         _0460_ (net)
                      0.052616    0.000048    2.602333 ^ _1306_/A2 (sky130_fd_sc_hd__a31o_4)
     1    0.005417    0.033547    0.140197    2.742529 ^ _1306_/X (sky130_fd_sc_hd__a31o_4)
                                                         _0471_ (net)
                      0.033547    0.000054    2.742584 ^ _1307_/B1 (sky130_fd_sc_hd__a31o_4)
     2    0.010492    0.046787    0.094222    2.836806 ^ _1307_/X (sky130_fd_sc_hd__a31o_4)
                                                         net70 (net)
                      0.046787    0.000058    2.836864 ^ rebuffer521/A (sky130_fd_sc_hd__buf_6)
     1    0.008354    0.030342    0.088459    2.925323 ^ rebuffer521/X (sky130_fd_sc_hd__buf_6)
                                                         net521 (net)
                      0.030342    0.000102    2.925425 ^ output70/A (sky130_fd_sc_hd__buf_8)
     1    0.035232    0.067129    0.111680    3.037105 ^ output70/X (sky130_fd_sc_hd__buf_8)
                                                         result[10] (net)
                      0.067133    0.000582    3.037687 ^ result[10] (out)
                                              3.037687   data arrival time

                      0.000000    0.000000    0.000000   clock __VIRTUAL_CLK__ (rise edge)
                                  0.000000    0.000000   clock network delay (ideal)
                                  0.250000    0.250000   clock uncertainty
                                  0.000000    0.250000   clock reconvergence pessimism
                                 -2.000000   -1.750000   output external delay
                                             -1.750000   data required time
---------------------------------------------------------------------------------------------
                                             -1.750000   data required time
                                             -3.037687   data arrival time
---------------------------------------------------------------------------------------------
                                              4.787687   slack (MET)


Startpoint: B[4] (input port clocked by __VIRTUAL_CLK__)
Endpoint: result[2] (output port clocked by __VIRTUAL_CLK__)
Path Group: __VIRTUAL_CLK__
Path Type: min

Fanout         Cap        Slew       Delay        Time   Description
---------------------------------------------------------------------------------------------
                      0.000000    0.000000    0.000000   clock __VIRTUAL_CLK__ (rise edge)
                                  0.000000    0.000000   clock network delay (ideal)
                                  2.000000    2.000000 ^ input external delay
     1    0.009259    0.048108    0.031597    2.031597 ^ B[4] (in)
                                                         B[4] (net)
                      0.048108    0.000000    2.031597 ^ input59/A (sky130_fd_sc_hd__buf_8)
     4    0.034689    0.066207    0.116905    2.148502 ^ input59/X (sky130_fd_sc_hd__buf_8)
                                                         net59 (net)
                      0.066247    0.000275    2.148777 ^ fanout158/A (sky130_fd_sc_hd__buf_6)
     2    0.012198    0.036980    0.101096    2.249873 ^ fanout158/X (sky130_fd_sc_hd__buf_6)
                                                         net158 (net)
                      0.036980    0.000185    2.250057 ^ rebuffer338/A (sky130_fd_sc_hd__buf_2)
     6    0.044668    0.219033    0.228365    2.478422 ^ rebuffer338/X (sky130_fd_sc_hd__buf_2)
                                                         net338 (net)
                      0.219047    0.001466    2.479889 ^ _1141_/A1 (sky130_fd_sc_hd__a211o_2)
     2    0.009372    0.053149    0.189736    2.669624 ^ _1141_/X (sky130_fd_sc_hd__a211o_2)
                                                         net91 (net)
                      0.053149    0.000234    2.669858 ^ output91/A (sky130_fd_sc_hd__clkdlybuf4s25_1)
     1    0.035429    0.357000    0.470323    3.140181 ^ output91/X (sky130_fd_sc_hd__clkdlybuf4s25_1)
                                                         result[2] (net)
                      0.357000    0.000346    3.140528 ^ result[2] (out)
                                              3.140528   data arrival time

                      0.000000    0.000000    0.000000   clock __VIRTUAL_CLK__ (rise edge)
                                  0.000000    0.000000   clock network delay (ideal)
                                  0.250000    0.250000   clock uncertainty
                                  0.000000    0.250000   clock reconvergence pessimism
                                 -2.000000   -1.750000   output external delay
                                             -1.750000   data required time
---------------------------------------------------------------------------------------------
                                             -1.750000   data required time
                                             -3.140528   data arrival time
---------------------------------------------------------------------------------------------
                                              4.890528   slack (MET)


Startpoint: B[16] (input port clocked by __VIRTUAL_CLK__)
Endpoint: result[16] (output port clocked by __VIRTUAL_CLK__)
Path Group: __VIRTUAL_CLK__
Path Type: min

Fanout         Cap        Slew       Delay        Time   Description
---------------------------------------------------------------------------------------------
                      0.000000    0.000000    0.000000   clock __VIRTUAL_CLK__ (rise edge)
                                  0.000000    0.000000   clock network delay (ideal)
                                  2.000000    2.000000 ^ input external delay
     1    0.003197    0.021444    0.011690    2.011690 ^ B[16] (in)
                                                         B[16] (net)
                      0.021444    0.000000    2.011690 ^ input40/A (sky130_fd_sc_hd__clkdlybuf4s25_1)
     3    0.014641    0.155863    0.316990    2.328680 ^ input40/X (sky130_fd_sc_hd__clkdlybuf4s25_1)
                                                         net40 (net)
                      0.155863    0.000199    2.328879 ^ _1037_/A (sky130_fd_sc_hd__or2_2)
     3    0.013468    0.078579    0.173800    2.502679 ^ _1037_/X (sky130_fd_sc_hd__or2_2)
                                                         _0212_ (net)
                      0.078579    0.000103    2.502782 ^ _1039_/B (sky130_fd_sc_hd__nand2_2)
     4    0.018130    0.079370    0.096302    2.599084 v _1039_/Y (sky130_fd_sc_hd__nand2_2)
                                                         _0214_ (net)
                      0.079370    0.000163    2.599247 v _1412_/A1 (sky130_fd_sc_hd__a311oi_2)
     1    0.003027    0.131861    0.198618    2.797864 ^ _1412_/Y (sky130_fd_sc_hd__a311oi_2)
                                                         _0571_ (net)
                      0.131861    0.000016    2.797880 ^ _1425_/A (sky130_fd_sc_hd__or3b_4)
     2    0.009862    0.047722    0.157933    2.955813 ^ _1425_/X (sky130_fd_sc_hd__or3b_4)
                                                         net76 (net)
                      0.047722    0.000119    2.955932 ^ rebuffer524/A (sky130_fd_sc_hd__buf_6)
     1    0.009991    0.033058    0.091315    3.047247 ^ rebuffer524/X (sky130_fd_sc_hd__buf_6)
                                                         net524 (net)
                      0.033058    0.000190    3.047437 ^ output76/A (sky130_fd_sc_hd__buf_8)
     1    0.034270    0.065640    0.111751    3.159188 ^ output76/X (sky130_fd_sc_hd__buf_8)
                                                         result[16] (net)
                      0.065640    0.000198    3.159386 ^ result[16] (out)
                                              3.159386   data arrival time

                      0.000000    0.000000    0.000000   clock __VIRTUAL_CLK__ (rise edge)
                                  0.000000    0.000000   clock network delay (ideal)
                                  0.250000    0.250000   clock uncertainty
                                  0.000000    0.250000   clock reconvergence pessimism
                                 -2.000000   -1.750000   output external delay
                                             -1.750000   data required time
---------------------------------------------------------------------------------------------
                                             -1.750000   data required time
                                             -3.159386   data arrival time
---------------------------------------------------------------------------------------------
                                              4.909386   slack (MET)


Startpoint: B[26] (input port clocked by __VIRTUAL_CLK__)
Endpoint: result[27] (output port clocked by __VIRTUAL_CLK__)
Path Group: __VIRTUAL_CLK__
Path Type: min

Fanout         Cap        Slew       Delay        Time   Description
---------------------------------------------------------------------------------------------
                      0.000000    0.000000    0.000000   clock __VIRTUAL_CLK__ (rise edge)
                                  0.000000    0.000000   clock network delay (ideal)
                                  2.000000    2.000000 ^ input external delay
     1    0.005192    0.030134    0.018485    2.018485 ^ B[26] (in)
                                                         B[26] (net)
                      0.030134    0.000000    2.018485 ^ input51/A (sky130_fd_sc_hd__clkdlybuf4s25_1)
     4    0.013278    0.142690    0.310695    2.329180 ^ input51/X (sky130_fd_sc_hd__clkdlybuf4s25_1)
                                                         net51 (net)
                      0.142690    0.000111    2.329292 ^ _0913_/A (sky130_fd_sc_hd__nand2_2)
     4    0.016375    0.083594    0.105678    2.434970 v _0913_/Y (sky130_fd_sc_hd__nand2_2)
                                                         _0088_ (net)
                      0.083594    0.000172    2.435142 v _1597_/B (sky130_fd_sc_hd__nand3b_2)
     1    0.005748    0.058709    0.092216    2.527358 ^ _1597_/Y (sky130_fd_sc_hd__nand3b_2)
                                                         _0745_ (net)
                      0.058709    0.000056    2.527413 ^ _1607_/A3 (sky130_fd_sc_hd__a31o_4)
     2    0.005546    0.033871    0.146636    2.674049 ^ _1607_/X (sky130_fd_sc_hd__a31o_4)
                                                         net88 (net)
                      0.033871    0.000052    2.674101 ^ rebuffer394/A (sky130_fd_sc_hd__buf_2)
     1    0.006407    0.042196    0.100284    2.774385 ^ rebuffer394/X (sky130_fd_sc_hd__buf_2)
                                                         net394 (net)
                      0.042196    0.000094    2.774480 ^ rebuffer393/A (sky130_fd_sc_hd__buf_6)
     1    0.006532    0.027307    0.083940    2.858420 ^ rebuffer393/X (sky130_fd_sc_hd__buf_6)
                                                         net393 (net)
                      0.027307    0.000101    2.858521 ^ rebuffer392/A (sky130_fd_sc_hd__buf_6)
     1    0.005093    0.024729    0.075977    2.934498 ^ rebuffer392/X (sky130_fd_sc_hd__buf_6)
                                                         net392 (net)
                      0.024729    0.000044    2.934543 ^ rebuffer391/A (sky130_fd_sc_hd__buf_6)
     1    0.006070    0.026522    0.076795    3.011338 ^ rebuffer391/X (sky130_fd_sc_hd__buf_6)
                                                         net391 (net)
                      0.026522    0.000075    3.011413 ^ rebuffer389/A (sky130_fd_sc_hd__buf_6)
     1    0.008660    0.030840    0.081475    3.092888 ^ rebuffer389/X (sky130_fd_sc_hd__buf_6)
                                                         net389 (net)
                      0.030840    0.000126    3.093014 ^ output88/A (sky130_fd_sc_hd__buf_8)
     1    0.036081    0.068418    0.112757    3.205771 ^ output88/X (sky130_fd_sc_hd__buf_8)
                                                         result[27] (net)
                      0.068424    0.000717    3.206488 ^ result[27] (out)
                                              3.206488   data arrival time

                      0.000000    0.000000    0.000000   clock __VIRTUAL_CLK__ (rise edge)
                                  0.000000    0.000000   clock network delay (ideal)
                                  0.250000    0.250000   clock uncertainty
                                  0.000000    0.250000   clock reconvergence pessimism
                                 -2.000000   -1.750000   output external delay
                                             -1.750000   data required time
---------------------------------------------------------------------------------------------
                                             -1.750000   data required time
                                             -3.206488   data arrival time
---------------------------------------------------------------------------------------------
                                              4.956488   slack (MET)


Startpoint: B[4] (input port clocked by __VIRTUAL_CLK__)
Endpoint: result[1] (output port clocked by __VIRTUAL_CLK__)
Path Group: __VIRTUAL_CLK__
Path Type: min

Fanout         Cap        Slew       Delay        Time   Description
---------------------------------------------------------------------------------------------
                      0.000000    0.000000    0.000000   clock __VIRTUAL_CLK__ (rise edge)
                                  0.000000    0.000000   clock network delay (ideal)
                                  2.000000    2.000000 ^ input external delay
     1    0.009259    0.048108    0.031597    2.031597 ^ B[4] (in)
                                                         B[4] (net)
                      0.048108    0.000000    2.031597 ^ input59/A (sky130_fd_sc_hd__buf_8)
     4    0.034689    0.066207    0.116905    2.148502 ^ input59/X (sky130_fd_sc_hd__buf_8)
                                                         net59 (net)
                      0.066247    0.000275    2.148777 ^ fanout158/A (sky130_fd_sc_hd__buf_6)
     2    0.012198    0.036980    0.101096    2.249873 ^ fanout158/X (sky130_fd_sc_hd__buf_6)
                                                         net158 (net)
                      0.036980    0.000145    2.250017 ^ fanout157/A (sky130_fd_sc_hd__buf_8)
     4    0.020208    0.044965    0.096829    2.346846 ^ fanout157/X (sky130_fd_sc_hd__buf_8)
                                                         net157 (net)
                      0.044966    0.000315    2.347162 ^ rebuffer457/A (sky130_fd_sc_hd__buf_2)
     7    0.035193    0.174447    0.201154    2.548316 ^ rebuffer457/X (sky130_fd_sc_hd__buf_2)
                                                         net457 (net)
                      0.174447    0.000668    2.548984 ^ _1110_/A1 (sky130_fd_sc_hd__a211o_2)
     2    0.011892    0.064030    0.186662    2.735646 ^ _1110_/X (sky130_fd_sc_hd__a211o_2)
                                                         net80 (net)
                      0.064030    0.000243    2.735889 ^ output80/A (sky130_fd_sc_hd__clkdlybuf4s25_1)
     1    0.035324    0.356096    0.473465    3.209354 ^ output80/X (sky130_fd_sc_hd__clkdlybuf4s25_1)
                                                         result[1] (net)
                      0.356096    0.000210    3.209564 ^ result[1] (out)
                                              3.209564   data arrival time

                      0.000000    0.000000    0.000000   clock __VIRTUAL_CLK__ (rise edge)
                                  0.000000    0.000000   clock network delay (ideal)
                                  0.250000    0.250000   clock uncertainty
                                  0.000000    0.250000   clock reconvergence pessimism
                                 -2.000000   -1.750000   output external delay
                                             -1.750000   data required time
---------------------------------------------------------------------------------------------
                                             -1.750000   data required time
                                             -3.209564   data arrival time
---------------------------------------------------------------------------------------------
                                              4.959564   slack (MET)



%OL_END_REPORT
%OL_CREATE_REPORT max.rpt

===========================================================================
report_checks -path_delay max (Setup)
============================================================================
======================= min_tt_025C_1v80 Corner ===================================

Startpoint: control[0] (input port clocked by __VIRTUAL_CLK__)
Endpoint: zero (output port clocked by __VIRTUAL_CLK__)
Path Group: __VIRTUAL_CLK__
Path Type: max

Fanout         Cap        Slew       Delay        Time   Description
---------------------------------------------------------------------------------------------
                      0.000000    0.000000    0.000000   clock __VIRTUAL_CLK__ (rise edge)
                                  0.000000    0.000000   clock network delay (ideal)
                                  2.000000    2.000000 v input external delay
     1    0.002892    0.008845    0.004571    2.004571 v control[0] (in)
                                                         control[0] (net)
                      0.008845    0.000000    2.004571 v input65/A (sky130_fd_sc_hd__clkdlybuf4s25_1)
     5    0.018877    0.147659    0.317752    2.322323 v input65/X (sky130_fd_sc_hd__clkdlybuf4s25_1)
                                                         net65 (net)
                      0.147659    0.000478    2.322801 v fanout156/A (sky130_fd_sc_hd__buf_4)
    10    0.036408    0.061728    0.216293    2.539094 v fanout156/X (sky130_fd_sc_hd__buf_4)
                                                         net156 (net)
                      0.061729    0.000407    2.539501 v _0865_/C (sky130_fd_sc_hd__and4b_2)
     1    0.004266    0.046419    0.226642    2.766144 v _0865_/X (sky130_fd_sc_hd__and4b_2)
                                                         _0040_ (net)
                      0.046419    0.000062    2.766206 v fanout123/A (sky130_fd_sc_hd__clkdlybuf4s25_1)
     6    0.040198    0.297652    0.446181    3.212387 v fanout123/X (sky130_fd_sc_hd__clkdlybuf4s25_1)
                                                         net123 (net)
                      0.297652    0.000627    3.213014 v fanout121/A (sky130_fd_sc_hd__buf_2)
    10    0.056862    0.136726    0.326069    3.539083 v fanout121/X (sky130_fd_sc_hd__buf_2)
                                                         net121 (net)
                      0.136726    0.000367    3.539450 v _1138_/A1 (sky130_fd_sc_hd__a221o_2)
     1    0.002575    0.050901    0.373043    3.912493 v _1138_/X (sky130_fd_sc_hd__a221o_2)
                                                         _0311_ (net)
                      0.050901    0.000023    3.912517 v _1139_/B1 (sky130_fd_sc_hd__a31o_2)
     1    0.003269    0.037767    0.210725    4.123241 v _1139_/X (sky130_fd_sc_hd__a31o_2)
                                                         _0312_ (net)
                      0.037767    0.000027    4.123268 v _1140_/B1 (sky130_fd_sc_hd__a311o_2)
     1    0.005865    0.062001    0.357371    4.480639 v _1140_/X (sky130_fd_sc_hd__a311o_2)
                                                         _0313_ (net)
                      0.062001    0.000116    4.480755 v _1141_/C1 (sky130_fd_sc_hd__a211o_2)
     2    0.008859    0.063617    0.291184    4.771939 v _1141_/X (sky130_fd_sc_hd__a211o_2)
                                                         net91 (net)
                      0.063677    0.000212    4.772151 v _1671_/B (sky130_fd_sc_hd__or4_4)
     1    0.005557    0.086203    0.515458    5.287610 v _1671_/X (sky130_fd_sc_hd__or4_4)
                                                         _0814_ (net)
                      0.086203    0.000121    5.287731 v _1672_/A (sky130_fd_sc_hd__or2_4)
     1    0.011821    0.056420    0.276454    5.564184 v _1672_/X (sky130_fd_sc_hd__or2_4)
                                                         _0815_ (net)
                      0.056420    0.000500    5.564685 v _1674_/C (sky130_fd_sc_hd__or4_4)
     1    0.024475    0.118163    0.537592    6.102277 v _1674_/X (sky130_fd_sc_hd__or4_4)
                                                         _0817_ (net)
                      0.118181    0.000579    6.102856 v _1677_/D (sky130_fd_sc_hd__or4_4)
     1    0.003723    0.081314    0.427362    6.530218 v _1677_/X (sky130_fd_sc_hd__or4_4)
                                                         _0820_ (net)
                      0.081314    0.000048    6.530265 v _1678_/C (sky130_fd_sc_hd__or4_4)
     1    0.009012    0.092355    0.501716    7.031981 v _1678_/X (sky130_fd_sc_hd__or4_4)
                                                         _0821_ (net)
                      0.092355    0.000111    7.032091 v _1682_/D (sky130_fd_sc_hd__nor4_4)
     1    0.005156    0.201891    0.150425    7.182516 ^ _1682_/Y (sky130_fd_sc_hd__nor4_4)
                                                         net101 (net)
                      0.201891    0.000025    7.182541 ^ output101/A (sky130_fd_sc_hd__buf_6)
     1    0.035914    0.081088    0.170365    7.352906 ^ output101/X (sky130_fd_sc_hd__buf_6)
                                                         zero (net)
                      0.081091    0.000650    7.353555 ^ zero (out)
                                              7.353555   data arrival time

                      0.000000   10.000000   10.000000   clock __VIRTUAL_CLK__ (rise edge)
                                  0.000000   10.000000   clock network delay (ideal)
                                 -0.250000    9.750000   clock uncertainty
                                  0.000000    9.750000   clock reconvergence pessimism
                                 -2.000000    7.750000   output external delay
                                              7.750000   data required time
---------------------------------------------------------------------------------------------
                                              7.750000   data required time
                                             -7.353555   data arrival time
---------------------------------------------------------------------------------------------
                                              0.396445   slack (MET)


Startpoint: B[1] (input port clocked by __VIRTUAL_CLK__)
Endpoint: result[27] (output port clocked by __VIRTUAL_CLK__)
Path Group: __VIRTUAL_CLK__
Path Type: max

Fanout         Cap        Slew       Delay        Time   Description
---------------------------------------------------------------------------------------------
                      0.000000    0.000000    0.000000   clock __VIRTUAL_CLK__ (rise edge)
                                  0.000000    0.000000   clock network delay (ideal)
                                  2.000000    2.000000 v input external delay
     1    0.008001    0.020130    0.012944    2.012944 v B[1] (in)
                                                         B[1] (net)
                      0.020130    0.000000    2.012944 v input44/A (sky130_fd_sc_hd__buf_8)
     3    0.019070    0.030024    0.112272    2.125216 v input44/X (sky130_fd_sc_hd__buf_8)
                                                         net44 (net)
                      0.030041    0.000624    2.125840 v fanout180/A (sky130_fd_sc_hd__buf_8)
     2    0.010787    0.025461    0.110456    2.236296 v fanout180/X (sky130_fd_sc_hd__buf_8)
                                                         net180 (net)
                      0.025461    0.000096    2.236392 v load_slew181/A (sky130_fd_sc_hd__buf_8)
     2    0.019077    0.030074    0.114361    2.350754 v load_slew181/X (sky130_fd_sc_hd__buf_8)
                                                         net181 (net)
                      0.030098    0.000770    2.351524 v fanout178/A (sky130_fd_sc_hd__buf_8)
     2    0.012135    0.026214    0.111470    2.462994 v fanout178/X (sky130_fd_sc_hd__buf_8)
                                                         net178 (net)
                      0.026214    0.000098    2.463092 v rebuffer525/A (sky130_fd_sc_hd__buf_8)
     2    0.018383    0.029673    0.114352    2.577444 v rebuffer525/X (sky130_fd_sc_hd__buf_8)
                                                         net525 (net)
                      0.029683    0.000161    2.577605 v _0958_/B (sky130_fd_sc_hd__xnor2_4)
     5    0.018043    0.190785    0.181127    2.758732 ^ _0958_/Y (sky130_fd_sc_hd__xnor2_4)
                                                         _0133_ (net)
                      0.190785    0.000155    2.758887 ^ _0960_/A1 (sky130_fd_sc_hd__a21o_4)
     2    0.008843    0.040471    0.153701    2.912589 ^ _0960_/X (sky130_fd_sc_hd__a21o_4)
                                                         _0135_ (net)
                      0.040471    0.000115    2.912704 ^ _0968_/A3 (sky130_fd_sc_hd__a31o_4)
     2    0.013010    0.060719    0.161833    3.074537 ^ _0968_/X (sky130_fd_sc_hd__a31o_4)
                                                         _0143_ (net)
                      0.060722    0.000511    3.075048 ^ _0983_/D_N (sky130_fd_sc_hd__or4b_4)
     2    0.009371    0.093532    0.472224    3.547271 v _0983_/X (sky130_fd_sc_hd__or4b_4)
                                                         _0158_ (net)
                      0.093532    0.000192    3.547463 v rebuffer218/A (sky130_fd_sc_hd__buf_6)
     2    0.012105    0.026952    0.139527    3.686990 v rebuffer218/X (sky130_fd_sc_hd__buf_6)
                                                         net218 (net)
                      0.026952    0.000272    3.687263 v _1017_/A2 (sky130_fd_sc_hd__a211o_4)
     2    0.017113    0.069588    0.349382    4.036645 v _1017_/X (sky130_fd_sc_hd__a211o_4)
                                                         _0192_ (net)
                      0.069588    0.000789    4.037434 v rebuffer381/A (sky130_fd_sc_hd__buf_6)
     3    0.014339    0.028769    0.131003    4.168437 v rebuffer381/X (sky130_fd_sc_hd__buf_6)
                                                         net381 (net)
                      0.028770    0.000175    4.168612 v _1050_/A1 (sky130_fd_sc_hd__a211o_4)
     2    0.024721    0.079167    0.352681    4.521292 v _1050_/X (sky130_fd_sc_hd__a211o_4)
                                                         _0225_ (net)
                      0.079176    0.000840    4.522132 v _1563_/A2 (sky130_fd_sc_hd__a211o_4)
     2    0.010346    0.058157    0.354018    4.876150 v _1563_/X (sky130_fd_sc_hd__a211o_4)
                                                         _0713_ (net)
                      0.058157    0.000120    4.876270 v rebuffer388/A (sky130_fd_sc_hd__buf_6)
     1    0.005611    0.022127    0.115974    4.992244 v rebuffer388/X (sky130_fd_sc_hd__buf_6)
                                                         net388 (net)
                      0.022127    0.000074    4.992317 v rebuffer384/A (sky130_fd_sc_hd__buf_6)
     1    0.005219    0.021605    0.099445    5.091762 v rebuffer384/X (sky130_fd_sc_hd__buf_6)
                                                         net384 (net)
                      0.021605    0.000059    5.091821 v rebuffer380/A (sky130_fd_sc_hd__buf_6)
     2    0.010859    0.025989    0.105806    5.197628 v rebuffer380/X (sky130_fd_sc_hd__buf_6)
                                                         net380 (net)
                      0.025999    0.000096    5.197723 v _1580_/A1 (sky130_fd_sc_hd__a21o_4)
     3    0.012007    0.042794    0.199981    5.397704 v _1580_/X (sky130_fd_sc_hd__a21o_4)
                                                         _0729_ (net)
                      0.042794    0.000081    5.397785 v rebuffer386/A (sky130_fd_sc_hd__buf_6)
     1    0.006257    0.022694    0.109927    5.507712 v rebuffer386/X (sky130_fd_sc_hd__buf_6)
                                                         net386 (net)
                      0.022694    0.000098    5.507810 v _1595_/A2 (sky130_fd_sc_hd__a21o_4)
     1    0.004975    0.033784    0.197479    5.705289 v _1595_/X (sky130_fd_sc_hd__a21o_4)
                                                         _0743_ (net)
                      0.033784    0.000023    5.705312 v _1606_/A3 (sky130_fd_sc_hd__a31o_4)
     1    0.004809    0.037772    0.228571    5.933883 v _1606_/X (sky130_fd_sc_hd__a31o_4)
                                                         _0754_ (net)
                      0.037772    0.000048    5.933931 v _1607_/B1 (sky130_fd_sc_hd__a31o_4)
     2    0.005098    0.036691    0.198856    6.132788 v _1607_/X (sky130_fd_sc_hd__a31o_4)
                                                         net88 (net)
                      0.036691    0.000048    6.132836 v rebuffer394/A (sky130_fd_sc_hd__buf_2)
     1    0.005928    0.030356    0.119549    6.252385 v rebuffer394/X (sky130_fd_sc_hd__buf_2)
                                                         net394 (net)
                      0.030356    0.000087    6.252472 v rebuffer393/A (sky130_fd_sc_hd__buf_6)
     1    0.006053    0.022529    0.104235    6.356708 v rebuffer393/X (sky130_fd_sc_hd__buf_6)
                                                         net393 (net)
                      0.022529    0.000093    6.356800 v rebuffer392/A (sky130_fd_sc_hd__buf_6)
     1    0.004614    0.020952    0.098664    6.455464 v rebuffer392/X (sky130_fd_sc_hd__buf_6)
                                                         net392 (net)
                      0.020952    0.000040    6.455504 v rebuffer391/A (sky130_fd_sc_hd__buf_6)
     1    0.005591    0.022045    0.099544    6.555048 v rebuffer391/X (sky130_fd_sc_hd__buf_6)
                                                         net391 (net)
                      0.022045    0.000069    6.555118 v rebuffer389/A (sky130_fd_sc_hd__buf_6)
     1    0.007999    0.023923    0.102786    6.657904 v rebuffer389/X (sky130_fd_sc_hd__buf_6)
                                                         net389 (net)
                      0.023923    0.000116    6.658020 v output88/A (sky130_fd_sc_hd__buf_8)
     1    0.036081    0.041198    0.125948    6.783968 v output88/X (sky130_fd_sc_hd__buf_8)
                                                         result[27] (net)
                      0.041212    0.000716    6.784685 v result[27] (out)
                                              6.784685   data arrival time

                      0.000000   10.000000   10.000000   clock __VIRTUAL_CLK__ (rise edge)
                                  0.000000   10.000000   clock network delay (ideal)
                                 -0.250000    9.750000   clock uncertainty
                                  0.000000    9.750000   clock reconvergence pessimism
                                 -2.000000    7.750000   output external delay
                                              7.750000   data required time
---------------------------------------------------------------------------------------------
                                              7.750000   data required time
                                             -6.784685   data arrival time
---------------------------------------------------------------------------------------------
                                              0.965315   slack (MET)


Startpoint: A[6] (input port clocked by __VIRTUAL_CLK__)
Endpoint: result[31] (output port clocked by __VIRTUAL_CLK__)
Path Group: __VIRTUAL_CLK__
Path Type: max

Fanout         Cap        Slew       Delay        Time   Description
---------------------------------------------------------------------------------------------
                      0.000000    0.000000    0.000000   clock __VIRTUAL_CLK__ (rise edge)
                                  0.000000    0.000000   clock network delay (ideal)
                                  2.000000    2.000000 ^ input external delay
     1    0.003235    0.021611    0.011834    2.011834 ^ A[6] (in)
                                                         A[6] (net)
                      0.021611    0.000000    2.011834 ^ input29/A (sky130_fd_sc_hd__dlygate4sd1_1)
     3    0.019909    0.196384    0.293112    2.304945 ^ input29/X (sky130_fd_sc_hd__dlygate4sd1_1)
                                                         net29 (net)
                      0.196384    0.000425    2.305370 ^ fanout204/A (sky130_fd_sc_hd__buf_6)
     2    0.019573    0.051446    0.147026    2.452396 ^ fanout204/X (sky130_fd_sc_hd__buf_6)
                                                         net204 (net)
                      0.051446    0.000177    2.452573 ^ _0981_/B (sky130_fd_sc_hd__xor2_4)
     2    0.007709    0.121154    0.149313    2.601887 ^ _0981_/X (sky130_fd_sc_hd__xor2_4)
                                                         _0156_ (net)
                      0.121154    0.000056    2.601942 ^ max_cap128/A (sky130_fd_sc_hd__buf_6)
     2    0.010524    0.034747    0.116726    2.718668 ^ max_cap128/X (sky130_fd_sc_hd__buf_6)
                                                         net128 (net)
                      0.034753    0.000210    2.718878 ^ _0982_/A (sky130_fd_sc_hd__inv_2)
     3    0.008748    0.023811    0.034561    2.753439 v _0982_/Y (sky130_fd_sc_hd__inv_2)
                                                         _0157_ (net)
                      0.023811    0.000024    2.753463 v _1254_/D (sky130_fd_sc_hd__or4_4)
     1    0.005248    0.085768    0.408841    3.162304 v _1254_/X (sky130_fd_sc_hd__or4_4)
                                                         _0421_ (net)
                      0.085768    0.000056    3.162360 v _1257_/A2 (sky130_fd_sc_hd__o31a_4)
     2    0.017488    0.068671    0.368388    3.530748 v _1257_/X (sky130_fd_sc_hd__o31a_4)
                                                         _0424_ (net)
                      0.068671    0.000694    3.531443 v _1407_/A1 (sky130_fd_sc_hd__a211o_4)
     2    0.012748    0.062073    0.344156    3.875598 v _1407_/X (sky130_fd_sc_hd__a211o_4)
                                                         _0566_ (net)
                      0.062073    0.000311    3.875910 v rebuffer249/A (sky130_fd_sc_hd__buf_6)
     4    0.021258    0.034167    0.134669    4.010578 v rebuffer249/X (sky130_fd_sc_hd__buf_6)
                                                         net249 (net)
                      0.034184    0.000442    4.011020 v _1549_/A2 (sky130_fd_sc_hd__a211o_4)
     2    0.013584    0.063420    0.343722    4.354742 v _1549_/X (sky130_fd_sc_hd__a211o_4)
                                                         _0700_ (net)
                      0.063420    0.000461    4.355203 v rebuffer247/A (sky130_fd_sc_hd__buf_6)
     3    0.017424    0.031479    0.131595    4.486798 v rebuffer247/X (sky130_fd_sc_hd__buf_6)
                                                         net247 (net)
                      0.031479    0.000142    4.486940 v _1618_/A2 (sky130_fd_sc_hd__a211oi_4)
     2    0.016703    0.270183    0.304977    4.791917 ^ _1618_/Y (sky130_fd_sc_hd__a211oi_4)
                                                         _0765_ (net)
                      0.270183    0.000510    4.792427 ^ _1622_/A3 (sky130_fd_sc_hd__o31ai_4)
     2    0.009214    0.107127    0.092620    4.885047 v _1622_/Y (sky130_fd_sc_hd__o31ai_4)
                                                         _0769_ (net)
                      0.107127    0.000105    4.885152 v _1651_/A1 (sky130_fd_sc_hd__a311o_2)
     2    0.006425    0.063540    0.347855    5.233006 v _1651_/X (sky130_fd_sc_hd__a311o_2)
                                                         _0796_ (net)
                      0.063540    0.000060    5.233067 v _1655_/A2 (sky130_fd_sc_hd__a21bo_2)
     1    0.003299    0.035743    0.214834    5.447901 v _1655_/X (sky130_fd_sc_hd__a21bo_2)
                                                         _0799_ (net)
                      0.035743    0.000036    5.447937 v _1656_/C (sky130_fd_sc_hd__and3_4)
     1    0.006416    0.035620    0.173277    5.621214 v _1656_/X (sky130_fd_sc_hd__and3_4)
                                                         _0800_ (net)
                      0.035620    0.000148    5.621363 v _1668_/C (sky130_fd_sc_hd__or4_4)
     2    0.015286    0.104035    0.509607    6.130970 v _1668_/X (sky130_fd_sc_hd__or4_4)
                                                         net93 (net)
                      0.104035    0.000242    6.131213 v rebuffer248/A (sky130_fd_sc_hd__buf_6)
     1    0.008828    0.024549    0.140770    6.271983 v rebuffer248/X (sky130_fd_sc_hd__buf_6)
                                                         net248 (net)
                      0.024549    0.000131    6.272113 v output93/A (sky130_fd_sc_hd__buf_8)
     1    0.036066    0.041201    0.126167    6.398280 v output93/X (sky130_fd_sc_hd__buf_8)
                                                         result[31] (net)
                      0.041216    0.000743    6.399023 v result[31] (out)
                                              6.399023   data arrival time

                      0.000000   10.000000   10.000000   clock __VIRTUAL_CLK__ (rise edge)
                                  0.000000   10.000000   clock network delay (ideal)
                                 -0.250000    9.750000   clock uncertainty
                                  0.000000    9.750000   clock reconvergence pessimism
                                 -2.000000    7.750000   output external delay
                                              7.750000   data required time
---------------------------------------------------------------------------------------------
                                              7.750000   data required time
                                             -6.399023   data arrival time
---------------------------------------------------------------------------------------------
                                              1.350978   slack (MET)


Startpoint: B[1] (input port clocked by __VIRTUAL_CLK__)
Endpoint: result[23] (output port clocked by __VIRTUAL_CLK__)
Path Group: __VIRTUAL_CLK__
Path Type: max

Fanout         Cap        Slew       Delay        Time   Description
---------------------------------------------------------------------------------------------
                      0.000000    0.000000    0.000000   clock __VIRTUAL_CLK__ (rise edge)
                                  0.000000    0.000000   clock network delay (ideal)
                                  2.000000    2.000000 v input external delay
     1    0.008001    0.020130    0.012944    2.012944 v B[1] (in)
                                                         B[1] (net)
                      0.020130    0.000000    2.012944 v input44/A (sky130_fd_sc_hd__buf_8)
     3    0.019070    0.030024    0.112272    2.125216 v input44/X (sky130_fd_sc_hd__buf_8)
                                                         net44 (net)
                      0.030041    0.000624    2.125840 v fanout180/A (sky130_fd_sc_hd__buf_8)
     2    0.010787    0.025461    0.110456    2.236296 v fanout180/X (sky130_fd_sc_hd__buf_8)
                                                         net180 (net)
                      0.025461    0.000096    2.236392 v load_slew181/A (sky130_fd_sc_hd__buf_8)
     2    0.019077    0.030074    0.114361    2.350754 v load_slew181/X (sky130_fd_sc_hd__buf_8)
                                                         net181 (net)
                      0.030098    0.000770    2.351524 v fanout178/A (sky130_fd_sc_hd__buf_8)
     2    0.012135    0.026214    0.111470    2.462994 v fanout178/X (sky130_fd_sc_hd__buf_8)
                                                         net178 (net)
                      0.026214    0.000098    2.463092 v rebuffer525/A (sky130_fd_sc_hd__buf_8)
     2    0.018383    0.029673    0.114352    2.577444 v rebuffer525/X (sky130_fd_sc_hd__buf_8)
                                                         net525 (net)
                      0.029683    0.000161    2.577605 v _0958_/B (sky130_fd_sc_hd__xnor2_4)
     5    0.018043    0.190785    0.181127    2.758732 ^ _0958_/Y (sky130_fd_sc_hd__xnor2_4)
                                                         _0133_ (net)
                      0.190785    0.000155    2.758887 ^ _0960_/A1 (sky130_fd_sc_hd__a21o_4)
     2    0.008843    0.040471    0.153701    2.912589 ^ _0960_/X (sky130_fd_sc_hd__a21o_4)
                                                         _0135_ (net)
                      0.040471    0.000115    2.912704 ^ _0968_/A3 (sky130_fd_sc_hd__a31o_4)
     2    0.013010    0.060719    0.161833    3.074537 ^ _0968_/X (sky130_fd_sc_hd__a31o_4)
                                                         _0143_ (net)
                      0.060722    0.000511    3.075048 ^ _0983_/D_N (sky130_fd_sc_hd__or4b_4)
     2    0.009371    0.093532    0.472224    3.547271 v _0983_/X (sky130_fd_sc_hd__or4b_4)
                                                         _0158_ (net)
                      0.093532    0.000192    3.547463 v rebuffer218/A (sky130_fd_sc_hd__buf_6)
     2    0.012105    0.026952    0.139527    3.686990 v rebuffer218/X (sky130_fd_sc_hd__buf_6)
                                                         net218 (net)
                      0.026952    0.000272    3.687263 v _1017_/A2 (sky130_fd_sc_hd__a211o_4)
     2    0.017113    0.069588    0.349382    4.036645 v _1017_/X (sky130_fd_sc_hd__a211o_4)
                                                         _0192_ (net)
                      0.069588    0.000789    4.037434 v rebuffer381/A (sky130_fd_sc_hd__buf_6)
     3    0.014339    0.028769    0.131003    4.168437 v rebuffer381/X (sky130_fd_sc_hd__buf_6)
                                                         net381 (net)
                      0.028770    0.000175    4.168612 v _1050_/A1 (sky130_fd_sc_hd__a211o_4)
     2    0.024721    0.079167    0.352681    4.521292 v _1050_/X (sky130_fd_sc_hd__a211o_4)
                                                         _0225_ (net)
                      0.079172    0.000695    4.521988 v rebuffer287/A (sky130_fd_sc_hd__buf_8)
     4    0.028818    0.036112    0.144929    4.666917 v rebuffer287/X (sky130_fd_sc_hd__buf_8)
                                                         net287 (net)
                      0.036113    0.000344    4.667261 v _1498_/B1 (sky130_fd_sc_hd__a221o_2)
     2    0.005561    0.060842    0.336485    5.003746 v _1498_/X (sky130_fd_sc_hd__a221o_2)
                                                         _0652_ (net)
                      0.060842    0.000055    5.003800 v _1516_/A3 (sky130_fd_sc_hd__a32o_2)
     2    0.006623    0.048410    0.276176    5.279976 v _1516_/X (sky130_fd_sc_hd__a32o_2)
                                                         _0669_ (net)
                      0.048410    0.000084    5.280061 v _1531_/B (sky130_fd_sc_hd__and2b_2)
     1    0.009054    0.050758    0.208638    5.488698 v _1531_/X (sky130_fd_sc_hd__and2b_2)
                                                         _0683_ (net)
                      0.050758    0.000107    5.488806 v _1532_/B (sky130_fd_sc_hd__xnor2_2)
     1    0.005660    0.060953    0.132146    5.620952 v _1532_/Y (sky130_fd_sc_hd__xnor2_2)
                                                         _0684_ (net)
                      0.060953    0.000064    5.621016 v _1545_/A2 (sky130_fd_sc_hd__a211o_4)
     2    0.009233    0.057460    0.343778    5.964795 v _1545_/X (sky130_fd_sc_hd__a211o_4)
                                                         net84 (net)
                      0.057460    0.000092    5.964887 v output84/A (sky130_fd_sc_hd__buf_6)
     1    0.034510    0.043801    0.142440    6.107327 v output84/X (sky130_fd_sc_hd__buf_6)
                                                         result[23] (net)
                      0.043803    0.000340    6.107666 v result[23] (out)
                                              6.107666   data arrival time

                      0.000000   10.000000   10.000000   clock __VIRTUAL_CLK__ (rise edge)
                                  0.000000   10.000000   clock network delay (ideal)
                                 -0.250000    9.750000   clock uncertainty
                                  0.000000    9.750000   clock reconvergence pessimism
                                 -2.000000    7.750000   output external delay
                                              7.750000   data required time
---------------------------------------------------------------------------------------------
                                              7.750000   data required time
                                             -6.107666   data arrival time
---------------------------------------------------------------------------------------------
                                              1.642333   slack (MET)


Startpoint: B[1] (input port clocked by __VIRTUAL_CLK__)
Endpoint: result[30] (output port clocked by __VIRTUAL_CLK__)
Path Group: __VIRTUAL_CLK__
Path Type: max

Fanout         Cap        Slew       Delay        Time   Description
---------------------------------------------------------------------------------------------
                      0.000000    0.000000    0.000000   clock __VIRTUAL_CLK__ (rise edge)
                                  0.000000    0.000000   clock network delay (ideal)
                                  2.000000    2.000000 v input external delay
     1    0.008001    0.020130    0.012944    2.012944 v B[1] (in)
                                                         B[1] (net)
                      0.020130    0.000000    2.012944 v input44/A (sky130_fd_sc_hd__buf_8)
     3    0.019070    0.030024    0.112272    2.125216 v input44/X (sky130_fd_sc_hd__buf_8)
                                                         net44 (net)
                      0.030041    0.000624    2.125840 v fanout180/A (sky130_fd_sc_hd__buf_8)
     2    0.010787    0.025461    0.110456    2.236296 v fanout180/X (sky130_fd_sc_hd__buf_8)
                                                         net180 (net)
                      0.025461    0.000096    2.236392 v load_slew181/A (sky130_fd_sc_hd__buf_8)
     2    0.019077    0.030074    0.114361    2.350754 v load_slew181/X (sky130_fd_sc_hd__buf_8)
                                                         net181 (net)
                      0.030098    0.000770    2.351524 v fanout178/A (sky130_fd_sc_hd__buf_8)
     2    0.012135    0.026214    0.111470    2.462994 v fanout178/X (sky130_fd_sc_hd__buf_8)
                                                         net178 (net)
                      0.026214    0.000098    2.463092 v rebuffer525/A (sky130_fd_sc_hd__buf_8)
     2    0.018383    0.029673    0.114352    2.577444 v rebuffer525/X (sky130_fd_sc_hd__buf_8)
                                                         net525 (net)
                      0.029683    0.000161    2.577605 v _0958_/B (sky130_fd_sc_hd__xnor2_4)
     5    0.018043    0.190785    0.181127    2.758732 ^ _0958_/Y (sky130_fd_sc_hd__xnor2_4)
                                                         _0133_ (net)
                      0.190785    0.000155    2.758887 ^ _0960_/A1 (sky130_fd_sc_hd__a21o_4)
     2    0.008843    0.040471    0.153701    2.912589 ^ _0960_/X (sky130_fd_sc_hd__a21o_4)
                                                         _0135_ (net)
                      0.040471    0.000115    2.912704 ^ _0968_/A3 (sky130_fd_sc_hd__a31o_4)
     2    0.013010    0.060719    0.161833    3.074537 ^ _0968_/X (sky130_fd_sc_hd__a31o_4)
                                                         _0143_ (net)
                      0.060722    0.000511    3.075048 ^ _0983_/D_N (sky130_fd_sc_hd__or4b_4)
     2    0.009371    0.093532    0.472224    3.547271 v _0983_/X (sky130_fd_sc_hd__or4b_4)
                                                         _0158_ (net)
                      0.093532    0.000192    3.547463 v rebuffer218/A (sky130_fd_sc_hd__buf_6)
     2    0.012105    0.026952    0.139527    3.686990 v rebuffer218/X (sky130_fd_sc_hd__buf_6)
                                                         net218 (net)
                      0.026952    0.000272    3.687263 v _1017_/A2 (sky130_fd_sc_hd__a211o_4)
     2    0.017113    0.069588    0.349382    4.036645 v _1017_/X (sky130_fd_sc_hd__a211o_4)
                                                         _0192_ (net)
                      0.069588    0.000789    4.037434 v rebuffer381/A (sky130_fd_sc_hd__buf_6)
     3    0.014339    0.028769    0.131003    4.168437 v rebuffer381/X (sky130_fd_sc_hd__buf_6)
                                                         net381 (net)
                      0.028770    0.000175    4.168612 v _1050_/A1 (sky130_fd_sc_hd__a211o_4)
     2    0.024721    0.079167    0.352681    4.521292 v _1050_/X (sky130_fd_sc_hd__a211o_4)
                                                         _0225_ (net)
                      0.079172    0.000695    4.521988 v rebuffer287/A (sky130_fd_sc_hd__buf_8)
     4    0.028818    0.036112    0.144929    4.666917 v rebuffer287/X (sky130_fd_sc_hd__buf_8)
                                                         net287 (net)
                      0.036148    0.001040    4.667957 v _1057_/A1 (sky130_fd_sc_hd__a21oi_4)
     2    0.017067    0.165777    0.167022    4.834978 ^ _1057_/Y (sky130_fd_sc_hd__a21oi_4)
                                                         _0232_ (net)
                      0.165777    0.000363    4.835341 ^ _1064_/A1 (sky130_fd_sc_hd__a21oi_4)
     3    0.018991    0.072501    0.097421    4.932763 v _1064_/Y (sky130_fd_sc_hd__a21oi_4)
                                                         _0239_ (net)
                      0.072513    0.000857    4.933619 v _1627_/B (sky130_fd_sc_hd__or2_4)
     2    0.007261    0.050300    0.240240    5.173859 v _1627_/X (sky130_fd_sc_hd__or2_4)
                                                         _0773_ (net)
                      0.050300    0.000022    5.173882 v rebuffer364/A (sky130_fd_sc_hd__buf_2)
     2    0.012358    0.043773    0.141742    5.315623 v rebuffer364/X (sky130_fd_sc_hd__buf_2)
                                                         net364 (net)
                      0.043773    0.000110    5.315733 v _1639_/A2 (sky130_fd_sc_hd__a21oi_4)
     2    0.010677    0.128102    0.161787    5.477520 ^ _1639_/Y (sky130_fd_sc_hd__a21oi_4)
                                                         _0784_ (net)
                      0.128102    0.000095    5.477614 ^ _1641_/A (sky130_fd_sc_hd__nor2_2)
     1    0.005503    0.039599    0.060709    5.538323 v _1641_/Y (sky130_fd_sc_hd__nor2_2)
                                                         _0786_ (net)
                      0.039599    0.000063    5.538386 v _1653_/B1 (sky130_fd_sc_hd__a211o_4)
     2    0.016080    0.067811    0.329377    5.867764 v _1653_/X (sky130_fd_sc_hd__a211o_4)
                                                         net92 (net)
                      0.067857    0.000307    5.868070 v output92/A (sky130_fd_sc_hd__buf_6)
     1    0.034481    0.043818    0.147163    6.015234 v output92/X (sky130_fd_sc_hd__buf_6)
                                                         result[30] (net)
                      0.043821    0.000434    6.015667 v result[30] (out)
                                              6.015667   data arrival time

                      0.000000   10.000000   10.000000   clock __VIRTUAL_CLK__ (rise edge)
                                  0.000000   10.000000   clock network delay (ideal)
                                 -0.250000    9.750000   clock uncertainty
                                  0.000000    9.750000   clock reconvergence pessimism
                                 -2.000000    7.750000   output external delay
                                              7.750000   data required time
---------------------------------------------------------------------------------------------
                                              7.750000   data required time
                                             -6.015667   data arrival time
---------------------------------------------------------------------------------------------
                                              1.734333   slack (MET)


Startpoint: B[1] (input port clocked by __VIRTUAL_CLK__)
Endpoint: result[0] (output port clocked by __VIRTUAL_CLK__)
Path Group: __VIRTUAL_CLK__
Path Type: max

Fanout         Cap        Slew       Delay        Time   Description
---------------------------------------------------------------------------------------------
                      0.000000    0.000000    0.000000   clock __VIRTUAL_CLK__ (rise edge)
                                  0.000000    0.000000   clock network delay (ideal)
                                  2.000000    2.000000 v input external delay
     1    0.008001    0.020130    0.012944    2.012944 v B[1] (in)
                                                         B[1] (net)
                      0.020130    0.000000    2.012944 v input44/A (sky130_fd_sc_hd__buf_8)
     3    0.019070    0.030024    0.112272    2.125216 v input44/X (sky130_fd_sc_hd__buf_8)
                                                         net44 (net)
                      0.030041    0.000624    2.125840 v fanout180/A (sky130_fd_sc_hd__buf_8)
     2    0.010787    0.025461    0.110456    2.236296 v fanout180/X (sky130_fd_sc_hd__buf_8)
                                                         net180 (net)
                      0.025461    0.000096    2.236392 v load_slew181/A (sky130_fd_sc_hd__buf_8)
     2    0.019077    0.030074    0.114361    2.350754 v load_slew181/X (sky130_fd_sc_hd__buf_8)
                                                         net181 (net)
                      0.030098    0.000770    2.351524 v fanout178/A (sky130_fd_sc_hd__buf_8)
     2    0.012135    0.026214    0.111470    2.462994 v fanout178/X (sky130_fd_sc_hd__buf_8)
                                                         net178 (net)
                      0.026214    0.000098    2.463092 v rebuffer525/A (sky130_fd_sc_hd__buf_8)
     2    0.018383    0.029673    0.114352    2.577444 v rebuffer525/X (sky130_fd_sc_hd__buf_8)
                                                         net525 (net)
                      0.029683    0.000161    2.577605 v _0958_/B (sky130_fd_sc_hd__xnor2_4)
     5    0.018043    0.190785    0.181127    2.758732 ^ _0958_/Y (sky130_fd_sc_hd__xnor2_4)
                                                         _0133_ (net)
                      0.190785    0.000155    2.758887 ^ _0960_/A1 (sky130_fd_sc_hd__a21o_4)
     2    0.008843    0.040471    0.153701    2.912589 ^ _0960_/X (sky130_fd_sc_hd__a21o_4)
                                                         _0135_ (net)
                      0.040471    0.000115    2.912704 ^ _0968_/A3 (sky130_fd_sc_hd__a31o_4)
     2    0.013010    0.060719    0.161833    3.074537 ^ _0968_/X (sky130_fd_sc_hd__a31o_4)
                                                         _0143_ (net)
                      0.060722    0.000511    3.075048 ^ _0983_/D_N (sky130_fd_sc_hd__or4b_4)
     2    0.009371    0.093532    0.472224    3.547271 v _0983_/X (sky130_fd_sc_hd__or4b_4)
                                                         _0158_ (net)
                      0.093532    0.000192    3.547463 v rebuffer218/A (sky130_fd_sc_hd__buf_6)
     2    0.012105    0.026952    0.139527    3.686990 v rebuffer218/X (sky130_fd_sc_hd__buf_6)
                                                         net218 (net)
                      0.026952    0.000272    3.687263 v _1017_/A2 (sky130_fd_sc_hd__a211o_4)
     2    0.017113    0.069588    0.349382    4.036645 v _1017_/X (sky130_fd_sc_hd__a211o_4)
                                                         _0192_ (net)
                      0.069588    0.000789    4.037434 v rebuffer381/A (sky130_fd_sc_hd__buf_6)
     3    0.014339    0.028769    0.131003    4.168437 v rebuffer381/X (sky130_fd_sc_hd__buf_6)
                                                         net381 (net)
                      0.028770    0.000175    4.168612 v _1050_/A1 (sky130_fd_sc_hd__a211o_4)
     2    0.024721    0.079167    0.352681    4.521292 v _1050_/X (sky130_fd_sc_hd__a211o_4)
                                                         _0225_ (net)
                      0.079172    0.000695    4.521988 v rebuffer287/A (sky130_fd_sc_hd__buf_8)
     4    0.028818    0.036112    0.144929    4.666917 v rebuffer287/X (sky130_fd_sc_hd__buf_8)
                                                         net287 (net)
                      0.036148    0.001040    4.667957 v _1057_/A1 (sky130_fd_sc_hd__a21oi_4)
     2    0.017067    0.165777    0.167022    4.834978 ^ _1057_/Y (sky130_fd_sc_hd__a21oi_4)
                                                         _0232_ (net)
                      0.165777    0.000363    4.835341 ^ _1064_/A1 (sky130_fd_sc_hd__a21oi_4)
     3    0.018991    0.072501    0.097421    4.932763 v _1064_/Y (sky130_fd_sc_hd__a21oi_4)
                                                         _0239_ (net)
                      0.072512    0.000842    4.933605 v _1065_/A4 (sky130_fd_sc_hd__o41a_4)
     2    0.012483    0.075755    0.375700    5.309306 v _1065_/X (sky130_fd_sc_hd__o41a_4)
                                                         _0240_ (net)
                      0.075755    0.000165    5.309471 v _1067_/B1 (sky130_fd_sc_hd__a2bb2o_4)
     1    0.004889    0.035149    0.224060    5.533531 v _1067_/X (sky130_fd_sc_hd__a2bb2o_4)
                                                         _0242_ (net)
                      0.035149    0.000041    5.533572 v _1068_/A3 (sky130_fd_sc_hd__a31o_4)
     2    0.016565    0.051472    0.253126    5.786697 v _1068_/X (sky130_fd_sc_hd__a31o_4)
                                                         net69 (net)
                      0.051472    0.000282    5.786979 v output69/A (sky130_fd_sc_hd__buf_6)
     1    0.035035    0.044181    0.139996    5.926975 v output69/X (sky130_fd_sc_hd__buf_6)
                                                         result[0] (net)
                      0.044188    0.000573    5.927547 v result[0] (out)
                                              5.927547   data arrival time

                      0.000000   10.000000   10.000000   clock __VIRTUAL_CLK__ (rise edge)
                                  0.000000   10.000000   clock network delay (ideal)
                                 -0.250000    9.750000   clock uncertainty
                                  0.000000    9.750000   clock reconvergence pessimism
                                 -2.000000    7.750000   output external delay
                                              7.750000   data required time
---------------------------------------------------------------------------------------------
                                              7.750000   data required time
                                             -5.927547   data arrival time
---------------------------------------------------------------------------------------------
                                              1.822452   slack (MET)


Startpoint: B[1] (input port clocked by __VIRTUAL_CLK__)
Endpoint: result[29] (output port clocked by __VIRTUAL_CLK__)
Path Group: __VIRTUAL_CLK__
Path Type: max

Fanout         Cap        Slew       Delay        Time   Description
---------------------------------------------------------------------------------------------
                      0.000000    0.000000    0.000000   clock __VIRTUAL_CLK__ (rise edge)
                                  0.000000    0.000000   clock network delay (ideal)
                                  2.000000    2.000000 v input external delay
     1    0.008001    0.020130    0.012944    2.012944 v B[1] (in)
                                                         B[1] (net)
                      0.020130    0.000000    2.012944 v input44/A (sky130_fd_sc_hd__buf_8)
     3    0.019070    0.030024    0.112272    2.125216 v input44/X (sky130_fd_sc_hd__buf_8)
                                                         net44 (net)
                      0.030041    0.000624    2.125840 v fanout180/A (sky130_fd_sc_hd__buf_8)
     2    0.010787    0.025461    0.110456    2.236296 v fanout180/X (sky130_fd_sc_hd__buf_8)
                                                         net180 (net)
                      0.025461    0.000096    2.236392 v load_slew181/A (sky130_fd_sc_hd__buf_8)
     2    0.019077    0.030074    0.114361    2.350754 v load_slew181/X (sky130_fd_sc_hd__buf_8)
                                                         net181 (net)
                      0.030098    0.000770    2.351524 v fanout178/A (sky130_fd_sc_hd__buf_8)
     2    0.012135    0.026214    0.111470    2.462994 v fanout178/X (sky130_fd_sc_hd__buf_8)
                                                         net178 (net)
                      0.026214    0.000098    2.463092 v rebuffer525/A (sky130_fd_sc_hd__buf_8)
     2    0.018383    0.029673    0.114352    2.577444 v rebuffer525/X (sky130_fd_sc_hd__buf_8)
                                                         net525 (net)
                      0.029683    0.000161    2.577605 v _0958_/B (sky130_fd_sc_hd__xnor2_4)
     5    0.018043    0.190785    0.181127    2.758732 ^ _0958_/Y (sky130_fd_sc_hd__xnor2_4)
                                                         _0133_ (net)
                      0.190785    0.000155    2.758887 ^ _0960_/A1 (sky130_fd_sc_hd__a21o_4)
     2    0.008843    0.040471    0.153701    2.912589 ^ _0960_/X (sky130_fd_sc_hd__a21o_4)
                                                         _0135_ (net)
                      0.040471    0.000115    2.912704 ^ _0968_/A3 (sky130_fd_sc_hd__a31o_4)
     2    0.013010    0.060719    0.161833    3.074537 ^ _0968_/X (sky130_fd_sc_hd__a31o_4)
                                                         _0143_ (net)
                      0.060722    0.000511    3.075048 ^ _0983_/D_N (sky130_fd_sc_hd__or4b_4)
     2    0.009371    0.093532    0.472224    3.547271 v _0983_/X (sky130_fd_sc_hd__or4b_4)
                                                         _0158_ (net)
                      0.093532    0.000192    3.547463 v rebuffer218/A (sky130_fd_sc_hd__buf_6)
     2    0.012105    0.026952    0.139527    3.686990 v rebuffer218/X (sky130_fd_sc_hd__buf_6)
                                                         net218 (net)
                      0.026952    0.000272    3.687263 v _1017_/A2 (sky130_fd_sc_hd__a211o_4)
     2    0.017113    0.069588    0.349382    4.036645 v _1017_/X (sky130_fd_sc_hd__a211o_4)
                                                         _0192_ (net)
                      0.069588    0.000789    4.037434 v rebuffer381/A (sky130_fd_sc_hd__buf_6)
     3    0.014339    0.028769    0.131003    4.168437 v rebuffer381/X (sky130_fd_sc_hd__buf_6)
                                                         net381 (net)
                      0.028770    0.000175    4.168612 v _1050_/A1 (sky130_fd_sc_hd__a211o_4)
     2    0.024721    0.079167    0.352681    4.521292 v _1050_/X (sky130_fd_sc_hd__a211o_4)
                                                         _0225_ (net)
                      0.079172    0.000695    4.521988 v rebuffer287/A (sky130_fd_sc_hd__buf_8)
     4    0.028818    0.036112    0.144929    4.666917 v rebuffer287/X (sky130_fd_sc_hd__buf_8)
                                                         net287 (net)
                      0.036148    0.001040    4.667957 v _1057_/A1 (sky130_fd_sc_hd__a21oi_4)
     2    0.017067    0.165777    0.167022    4.834978 ^ _1057_/Y (sky130_fd_sc_hd__a21oi_4)
                                                         _0232_ (net)
                      0.165777    0.000363    4.835341 ^ _1064_/A1 (sky130_fd_sc_hd__a21oi_4)
     3    0.018991    0.072501    0.097421    4.932763 v _1064_/Y (sky130_fd_sc_hd__a21oi_4)
                                                         _0239_ (net)
                      0.072513    0.000857    4.933619 v _1627_/B (sky130_fd_sc_hd__or2_4)
     2    0.007261    0.050300    0.240240    5.173859 v _1627_/X (sky130_fd_sc_hd__or2_4)
                                                         _0773_ (net)
                      0.050300    0.000093    5.173953 v _1637_/A4 (sky130_fd_sc_hd__a41o_2)
     1    0.005082    0.044094    0.272632    5.446585 v _1637_/X (sky130_fd_sc_hd__a41o_2)
                                                         _0783_ (net)
                      0.044094    0.000061    5.446646 v _1638_/B1 (sky130_fd_sc_hd__a31o_4)
     2    0.019793    0.055047    0.228558    5.675204 v _1638_/X (sky130_fd_sc_hd__a31o_4)
                                                         net90 (net)
                      0.055047    0.000111    5.675315 v output90/A (sky130_fd_sc_hd__buf_6)
     1    0.035749    0.044741    0.142077    5.817391 v output90/X (sky130_fd_sc_hd__buf_6)
                                                         result[29] (net)
                      0.044752    0.000670    5.818061 v result[29] (out)
                                              5.818061   data arrival time

                      0.000000   10.000000   10.000000   clock __VIRTUAL_CLK__ (rise edge)
                                  0.000000   10.000000   clock network delay (ideal)
                                 -0.250000    9.750000   clock uncertainty
                                  0.000000    9.750000   clock reconvergence pessimism
                                 -2.000000    7.750000   output external delay
                                              7.750000   data required time
---------------------------------------------------------------------------------------------
                                              7.750000   data required time
                                             -5.818061   data arrival time
---------------------------------------------------------------------------------------------
                                              1.931939   slack (MET)


Startpoint: A[6] (input port clocked by __VIRTUAL_CLK__)
Endpoint: result[28] (output port clocked by __VIRTUAL_CLK__)
Path Group: __VIRTUAL_CLK__
Path Type: max

Fanout         Cap        Slew       Delay        Time   Description
---------------------------------------------------------------------------------------------
                      0.000000    0.000000    0.000000   clock __VIRTUAL_CLK__ (rise edge)
                                  0.000000    0.000000   clock network delay (ideal)
                                  2.000000    2.000000 ^ input external delay
     1    0.003235    0.021611    0.011834    2.011834 ^ A[6] (in)
                                                         A[6] (net)
                      0.021611    0.000000    2.011834 ^ input29/A (sky130_fd_sc_hd__dlygate4sd1_1)
     3    0.019909    0.196384    0.293112    2.304945 ^ input29/X (sky130_fd_sc_hd__dlygate4sd1_1)
                                                         net29 (net)
                      0.196384    0.000425    2.305370 ^ fanout204/A (sky130_fd_sc_hd__buf_6)
     2    0.019573    0.051446    0.147026    2.452396 ^ fanout204/X (sky130_fd_sc_hd__buf_6)
                                                         net204 (net)
                      0.051446    0.000177    2.452573 ^ _0981_/B (sky130_fd_sc_hd__xor2_4)
     2    0.007709    0.121154    0.149313    2.601887 ^ _0981_/X (sky130_fd_sc_hd__xor2_4)
                                                         _0156_ (net)
                      0.121154    0.000056    2.601942 ^ max_cap128/A (sky130_fd_sc_hd__buf_6)
     2    0.010524    0.034747    0.116726    2.718668 ^ max_cap128/X (sky130_fd_sc_hd__buf_6)
                                                         net128 (net)
                      0.034753    0.000210    2.718878 ^ _0982_/A (sky130_fd_sc_hd__inv_2)
     3    0.008748    0.023811    0.034561    2.753439 v _0982_/Y (sky130_fd_sc_hd__inv_2)
                                                         _0157_ (net)
                      0.023811    0.000024    2.753463 v _1254_/D (sky130_fd_sc_hd__or4_4)
     1    0.005248    0.085768    0.408841    3.162304 v _1254_/X (sky130_fd_sc_hd__or4_4)
                                                         _0421_ (net)
                      0.085768    0.000056    3.162360 v _1257_/A2 (sky130_fd_sc_hd__o31a_4)
     2    0.017488    0.068671    0.368388    3.530748 v _1257_/X (sky130_fd_sc_hd__o31a_4)
                                                         _0424_ (net)
                      0.068671    0.000694    3.531443 v _1407_/A1 (sky130_fd_sc_hd__a211o_4)
     2    0.012748    0.062073    0.344156    3.875598 v _1407_/X (sky130_fd_sc_hd__a211o_4)
                                                         _0566_ (net)
                      0.062073    0.000311    3.875910 v rebuffer249/A (sky130_fd_sc_hd__buf_6)
     4    0.021258    0.034167    0.134669    4.010578 v rebuffer249/X (sky130_fd_sc_hd__buf_6)
                                                         net249 (net)
                      0.034184    0.000442    4.011020 v _1549_/A2 (sky130_fd_sc_hd__a211o_4)
     2    0.013584    0.063420    0.343722    4.354742 v _1549_/X (sky130_fd_sc_hd__a211o_4)
                                                         _0700_ (net)
                      0.063420    0.000461    4.355203 v rebuffer247/A (sky130_fd_sc_hd__buf_6)
     3    0.017424    0.031479    0.131595    4.486798 v rebuffer247/X (sky130_fd_sc_hd__buf_6)
                                                         net247 (net)
                      0.031479    0.000142    4.486940 v _1618_/A2 (sky130_fd_sc_hd__a211oi_4)
     2    0.016703    0.270183    0.304977    4.791917 ^ _1618_/Y (sky130_fd_sc_hd__a211oi_4)
                                                         _0765_ (net)
                      0.270183    0.000510    4.792427 ^ _1622_/A3 (sky130_fd_sc_hd__o31ai_4)
     2    0.009214    0.107127    0.092620    4.885047 v _1622_/Y (sky130_fd_sc_hd__o31ai_4)
                                                         _0769_ (net)
                      0.107127    0.000087    4.885133 v rebuffer244/A (sky130_fd_sc_hd__buf_6)
     4    0.011402    0.026402    0.145079    5.030212 v rebuffer244/X (sky130_fd_sc_hd__buf_6)
                                                         net244 (net)
                      0.026402    0.000015    5.030227 v _1623_/C (sky130_fd_sc_hd__and3_4)
     1    0.005138    0.034165    0.166786    5.197013 v _1623_/X (sky130_fd_sc_hd__and3_4)
                                                         _0770_ (net)
                      0.034165    0.000066    5.197079 v _1624_/C1 (sky130_fd_sc_hd__a211o_4)
     1    0.007184    0.053571    0.263141    5.460220 v _1624_/X (sky130_fd_sc_hd__a211o_4)
                                                         _0771_ (net)
                      0.053571    0.000151    5.460371 v _1625_/B1 (sky130_fd_sc_hd__a31o_4)
     2    0.009847    0.044384    0.214039    5.674410 v _1625_/X (sky130_fd_sc_hd__a31o_4)
                                                         net89 (net)
                      0.044384    0.000091    5.674501 v output89/A (sky130_fd_sc_hd__buf_8)
     1    0.034616    0.040064    0.133902    5.808403 v output89/X (sky130_fd_sc_hd__buf_8)
                                                         result[28] (net)
                      0.040068    0.000437    5.808840 v result[28] (out)
                                              5.808840   data arrival time

                      0.000000   10.000000   10.000000   clock __VIRTUAL_CLK__ (rise edge)
                                  0.000000   10.000000   clock network delay (ideal)
                                 -0.250000    9.750000   clock uncertainty
                                  0.000000    9.750000   clock reconvergence pessimism
                                 -2.000000    7.750000   output external delay
                                              7.750000   data required time
---------------------------------------------------------------------------------------------
                                              7.750000   data required time
                                             -5.808840   data arrival time
---------------------------------------------------------------------------------------------
                                              1.941160   slack (MET)


Startpoint: B[1] (input port clocked by __VIRTUAL_CLK__)
Endpoint: result[26] (output port clocked by __VIRTUAL_CLK__)
Path Group: __VIRTUAL_CLK__
Path Type: max

Fanout         Cap        Slew       Delay        Time   Description
---------------------------------------------------------------------------------------------
                      0.000000    0.000000    0.000000   clock __VIRTUAL_CLK__ (rise edge)
                                  0.000000    0.000000   clock network delay (ideal)
                                  2.000000    2.000000 v input external delay
     1    0.008001    0.020130    0.012944    2.012944 v B[1] (in)
                                                         B[1] (net)
                      0.020130    0.000000    2.012944 v input44/A (sky130_fd_sc_hd__buf_8)
     3    0.019070    0.030024    0.112272    2.125216 v input44/X (sky130_fd_sc_hd__buf_8)
                                                         net44 (net)
                      0.030041    0.000624    2.125840 v fanout180/A (sky130_fd_sc_hd__buf_8)
     2    0.010787    0.025461    0.110456    2.236296 v fanout180/X (sky130_fd_sc_hd__buf_8)
                                                         net180 (net)
                      0.025461    0.000096    2.236392 v load_slew181/A (sky130_fd_sc_hd__buf_8)
     2    0.019077    0.030074    0.114361    2.350754 v load_slew181/X (sky130_fd_sc_hd__buf_8)
                                                         net181 (net)
                      0.030098    0.000770    2.351524 v fanout178/A (sky130_fd_sc_hd__buf_8)
     2    0.012135    0.026214    0.111470    2.462994 v fanout178/X (sky130_fd_sc_hd__buf_8)
                                                         net178 (net)
                      0.026214    0.000098    2.463092 v rebuffer525/A (sky130_fd_sc_hd__buf_8)
     2    0.018383    0.029673    0.114352    2.577444 v rebuffer525/X (sky130_fd_sc_hd__buf_8)
                                                         net525 (net)
                      0.029683    0.000161    2.577605 v _0958_/B (sky130_fd_sc_hd__xnor2_4)
     5    0.018043    0.190785    0.181127    2.758732 ^ _0958_/Y (sky130_fd_sc_hd__xnor2_4)
                                                         _0133_ (net)
                      0.190785    0.000155    2.758887 ^ _0960_/A1 (sky130_fd_sc_hd__a21o_4)
     2    0.008843    0.040471    0.153701    2.912589 ^ _0960_/X (sky130_fd_sc_hd__a21o_4)
                                                         _0135_ (net)
                      0.040471    0.000115    2.912704 ^ _0968_/A3 (sky130_fd_sc_hd__a31o_4)
     2    0.013010    0.060719    0.161833    3.074537 ^ _0968_/X (sky130_fd_sc_hd__a31o_4)
                                                         _0143_ (net)
                      0.060722    0.000511    3.075048 ^ _0983_/D_N (sky130_fd_sc_hd__or4b_4)
     2    0.009371    0.093532    0.472224    3.547271 v _0983_/X (sky130_fd_sc_hd__or4b_4)
                                                         _0158_ (net)
                      0.093532    0.000192    3.547463 v rebuffer218/A (sky130_fd_sc_hd__buf_6)
     2    0.012105    0.026952    0.139527    3.686990 v rebuffer218/X (sky130_fd_sc_hd__buf_6)
                                                         net218 (net)
                      0.026952    0.000272    3.687263 v _1017_/A2 (sky130_fd_sc_hd__a211o_4)
     2    0.017113    0.069588    0.349382    4.036645 v _1017_/X (sky130_fd_sc_hd__a211o_4)
                                                         _0192_ (net)
                      0.069588    0.000789    4.037434 v rebuffer381/A (sky130_fd_sc_hd__buf_6)
     3    0.014339    0.028769    0.131003    4.168437 v rebuffer381/X (sky130_fd_sc_hd__buf_6)
                                                         net381 (net)
                      0.028770    0.000175    4.168612 v _1050_/A1 (sky130_fd_sc_hd__a211o_4)
     2    0.024721    0.079167    0.352681    4.521292 v _1050_/X (sky130_fd_sc_hd__a211o_4)
                                                         _0225_ (net)
                      0.079176    0.000840    4.522132 v _1563_/A2 (sky130_fd_sc_hd__a211o_4)
     2    0.010346    0.058157    0.354018    4.876150 v _1563_/X (sky130_fd_sc_hd__a211o_4)
                                                         _0713_ (net)
                      0.058157    0.000120    4.876270 v rebuffer388/A (sky130_fd_sc_hd__buf_6)
     1    0.005611    0.022127    0.115974    4.992244 v rebuffer388/X (sky130_fd_sc_hd__buf_6)
                                                         net388 (net)
                      0.022127    0.000074    4.992317 v rebuffer384/A (sky130_fd_sc_hd__buf_6)
     1    0.005219    0.021605    0.099445    5.091762 v rebuffer384/X (sky130_fd_sc_hd__buf_6)
                                                         net384 (net)
                      0.021605    0.000059    5.091821 v rebuffer380/A (sky130_fd_sc_hd__buf_6)
     2    0.010859    0.025989    0.105806    5.197628 v rebuffer380/X (sky130_fd_sc_hd__buf_6)
                                                         net380 (net)
                      0.025999    0.000096    5.197723 v _1580_/A1 (sky130_fd_sc_hd__a21o_4)
     3    0.012007    0.042794    0.199981    5.397704 v _1580_/X (sky130_fd_sc_hd__a21o_4)
                                                         _0729_ (net)
                      0.042794    0.000084    5.397789 v _1593_/A2 (sky130_fd_sc_hd__a31o_4)
     2    0.011824    0.047235    0.235072    5.632860 v _1593_/X (sky130_fd_sc_hd__a31o_4)
                                                         net87 (net)
                      0.047235    0.000140    5.633000 v output87/A (sky130_fd_sc_hd__buf_8)
     1    0.034940    0.040323    0.135329    5.768329 v output87/X (sky130_fd_sc_hd__buf_8)
                                                         result[26] (net)
                      0.040331    0.000543    5.768872 v result[26] (out)
                                              5.768872   data arrival time

                      0.000000   10.000000   10.000000   clock __VIRTUAL_CLK__ (rise edge)
                                  0.000000   10.000000   clock network delay (ideal)
                                 -0.250000    9.750000   clock uncertainty
                                  0.000000    9.750000   clock reconvergence pessimism
                                 -2.000000    7.750000   output external delay
                                              7.750000   data required time
---------------------------------------------------------------------------------------------
                                              7.750000   data required time
                                             -5.768872   data arrival time
---------------------------------------------------------------------------------------------
                                              1.981128   slack (MET)


Startpoint: B[1] (input port clocked by __VIRTUAL_CLK__)
Endpoint: result[22] (output port clocked by __VIRTUAL_CLK__)
Path Group: __VIRTUAL_CLK__
Path Type: max

Fanout         Cap        Slew       Delay        Time   Description
---------------------------------------------------------------------------------------------
                      0.000000    0.000000    0.000000   clock __VIRTUAL_CLK__ (rise edge)
                                  0.000000    0.000000   clock network delay (ideal)
                                  2.000000    2.000000 v input external delay
     1    0.008001    0.020130    0.012944    2.012944 v B[1] (in)
                                                         B[1] (net)
                      0.020130    0.000000    2.012944 v input44/A (sky130_fd_sc_hd__buf_8)
     3    0.019070    0.030024    0.112272    2.125216 v input44/X (sky130_fd_sc_hd__buf_8)
                                                         net44 (net)
                      0.030041    0.000624    2.125840 v fanout180/A (sky130_fd_sc_hd__buf_8)
     2    0.010787    0.025461    0.110456    2.236296 v fanout180/X (sky130_fd_sc_hd__buf_8)
                                                         net180 (net)
                      0.025461    0.000096    2.236392 v load_slew181/A (sky130_fd_sc_hd__buf_8)
     2    0.019077    0.030074    0.114361    2.350754 v load_slew181/X (sky130_fd_sc_hd__buf_8)
                                                         net181 (net)
                      0.030098    0.000770    2.351524 v fanout178/A (sky130_fd_sc_hd__buf_8)
     2    0.012135    0.026214    0.111470    2.462994 v fanout178/X (sky130_fd_sc_hd__buf_8)
                                                         net178 (net)
                      0.026214    0.000098    2.463092 v rebuffer525/A (sky130_fd_sc_hd__buf_8)
     2    0.018383    0.029673    0.114352    2.577444 v rebuffer525/X (sky130_fd_sc_hd__buf_8)
                                                         net525 (net)
                      0.029683    0.000161    2.577605 v _0958_/B (sky130_fd_sc_hd__xnor2_4)
     5    0.018043    0.190785    0.181127    2.758732 ^ _0958_/Y (sky130_fd_sc_hd__xnor2_4)
                                                         _0133_ (net)
                      0.190785    0.000155    2.758887 ^ _0960_/A1 (sky130_fd_sc_hd__a21o_4)
     2    0.008843    0.040471    0.153701    2.912589 ^ _0960_/X (sky130_fd_sc_hd__a21o_4)
                                                         _0135_ (net)
                      0.040471    0.000115    2.912704 ^ _0968_/A3 (sky130_fd_sc_hd__a31o_4)
     2    0.013010    0.060719    0.161833    3.074537 ^ _0968_/X (sky130_fd_sc_hd__a31o_4)
                                                         _0143_ (net)
                      0.060722    0.000511    3.075048 ^ _0983_/D_N (sky130_fd_sc_hd__or4b_4)
     2    0.009371    0.093532    0.472224    3.547271 v _0983_/X (sky130_fd_sc_hd__or4b_4)
                                                         _0158_ (net)
                      0.093532    0.000192    3.547463 v rebuffer218/A (sky130_fd_sc_hd__buf_6)
     2    0.012105    0.026952    0.139527    3.686990 v rebuffer218/X (sky130_fd_sc_hd__buf_6)
                                                         net218 (net)
                      0.026952    0.000272    3.687263 v _1017_/A2 (sky130_fd_sc_hd__a211o_4)
     2    0.017113    0.069588    0.349382    4.036645 v _1017_/X (sky130_fd_sc_hd__a211o_4)
                                                         _0192_ (net)
                      0.069588    0.000789    4.037434 v rebuffer381/A (sky130_fd_sc_hd__buf_6)
     3    0.014339    0.028769    0.131003    4.168437 v rebuffer381/X (sky130_fd_sc_hd__buf_6)
                                                         net381 (net)
                      0.028770    0.000175    4.168612 v _1050_/A1 (sky130_fd_sc_hd__a211o_4)
     2    0.024721    0.079167    0.352681    4.521292 v _1050_/X (sky130_fd_sc_hd__a211o_4)
                                                         _0225_ (net)
                      0.079172    0.000695    4.521988 v rebuffer287/A (sky130_fd_sc_hd__buf_8)
     4    0.028818    0.036112    0.144929    4.666917 v rebuffer287/X (sky130_fd_sc_hd__buf_8)
                                                         net287 (net)
                      0.036113    0.000344    4.667261 v _1498_/B1 (sky130_fd_sc_hd__a221o_2)
     2    0.005561    0.060842    0.336485    5.003746 v _1498_/X (sky130_fd_sc_hd__a221o_2)
                                                         _0652_ (net)
                      0.060842    0.000055    5.003800 v _1516_/A3 (sky130_fd_sc_hd__a32o_2)
     2    0.006623    0.048410    0.276176    5.279976 v _1516_/X (sky130_fd_sc_hd__a32o_2)
                                                         _0669_ (net)
                      0.048410    0.000062    5.280038 v _1530_/A3 (sky130_fd_sc_hd__a31o_2)
     2    0.006613    0.045968    0.252587    5.532625 v _1530_/X (sky130_fd_sc_hd__a31o_2)
                                                         net83 (net)
                      0.045968    0.000023    5.532648 v output83/A (sky130_fd_sc_hd__buf_6)
     1    0.034790    0.044022    0.137551    5.670199 v output83/X (sky130_fd_sc_hd__buf_6)
                                                         result[22] (net)
                      0.044024    0.000324    5.670523 v result[22] (out)
                                              5.670523   data arrival time

                      0.000000   10.000000   10.000000   clock __VIRTUAL_CLK__ (rise edge)
                                  0.000000   10.000000   clock network delay (ideal)
                                 -0.250000    9.750000   clock uncertainty
                                  0.000000    9.750000   clock reconvergence pessimism
                                 -2.000000    7.750000   output external delay
                                              7.750000   data required time
---------------------------------------------------------------------------------------------
                                              7.750000   data required time
                                             -5.670523   data arrival time
---------------------------------------------------------------------------------------------
                                              2.079477   slack (MET)


Startpoint: B[1] (input port clocked by __VIRTUAL_CLK__)
Endpoint: result[21] (output port clocked by __VIRTUAL_CLK__)
Path Group: __VIRTUAL_CLK__
Path Type: max

Fanout         Cap        Slew       Delay        Time   Description
---------------------------------------------------------------------------------------------
                      0.000000    0.000000    0.000000   clock __VIRTUAL_CLK__ (rise edge)
                                  0.000000    0.000000   clock network delay (ideal)
                                  2.000000    2.000000 v input external delay
     1    0.008001    0.020130    0.012944    2.012944 v B[1] (in)
                                                         B[1] (net)
                      0.020130    0.000000    2.012944 v input44/A (sky130_fd_sc_hd__buf_8)
     3    0.019070    0.030024    0.112272    2.125216 v input44/X (sky130_fd_sc_hd__buf_8)
                                                         net44 (net)
                      0.030041    0.000624    2.125840 v fanout180/A (sky130_fd_sc_hd__buf_8)
     2    0.010787    0.025461    0.110456    2.236296 v fanout180/X (sky130_fd_sc_hd__buf_8)
                                                         net180 (net)
                      0.025461    0.000096    2.236392 v load_slew181/A (sky130_fd_sc_hd__buf_8)
     2    0.019077    0.030074    0.114361    2.350754 v load_slew181/X (sky130_fd_sc_hd__buf_8)
                                                         net181 (net)
                      0.030098    0.000770    2.351524 v fanout178/A (sky130_fd_sc_hd__buf_8)
     2    0.012135    0.026214    0.111470    2.462994 v fanout178/X (sky130_fd_sc_hd__buf_8)
                                                         net178 (net)
                      0.026214    0.000098    2.463092 v rebuffer525/A (sky130_fd_sc_hd__buf_8)
     2    0.018383    0.029673    0.114352    2.577444 v rebuffer525/X (sky130_fd_sc_hd__buf_8)
                                                         net525 (net)
                      0.029683    0.000161    2.577605 v _0958_/B (sky130_fd_sc_hd__xnor2_4)
     5    0.018043    0.190785    0.181127    2.758732 ^ _0958_/Y (sky130_fd_sc_hd__xnor2_4)
                                                         _0133_ (net)
                      0.190785    0.000155    2.758887 ^ _0960_/A1 (sky130_fd_sc_hd__a21o_4)
     2    0.008843    0.040471    0.153701    2.912589 ^ _0960_/X (sky130_fd_sc_hd__a21o_4)
                                                         _0135_ (net)
                      0.040471    0.000115    2.912704 ^ _0968_/A3 (sky130_fd_sc_hd__a31o_4)
     2    0.013010    0.060719    0.161833    3.074537 ^ _0968_/X (sky130_fd_sc_hd__a31o_4)
                                                         _0143_ (net)
                      0.060722    0.000511    3.075048 ^ _0983_/D_N (sky130_fd_sc_hd__or4b_4)
     2    0.009371    0.093532    0.472224    3.547271 v _0983_/X (sky130_fd_sc_hd__or4b_4)
                                                         _0158_ (net)
                      0.093532    0.000192    3.547463 v rebuffer218/A (sky130_fd_sc_hd__buf_6)
     2    0.012105    0.026952    0.139527    3.686990 v rebuffer218/X (sky130_fd_sc_hd__buf_6)
                                                         net218 (net)
                      0.026952    0.000272    3.687263 v _1017_/A2 (sky130_fd_sc_hd__a211o_4)
     2    0.017113    0.069588    0.349382    4.036645 v _1017_/X (sky130_fd_sc_hd__a211o_4)
                                                         _0192_ (net)
                      0.069588    0.000789    4.037434 v rebuffer381/A (sky130_fd_sc_hd__buf_6)
     3    0.014339    0.028769    0.131003    4.168437 v rebuffer381/X (sky130_fd_sc_hd__buf_6)
                                                         net381 (net)
                      0.028770    0.000175    4.168612 v _1050_/A1 (sky130_fd_sc_hd__a211o_4)
     2    0.024721    0.079167    0.352681    4.521292 v _1050_/X (sky130_fd_sc_hd__a211o_4)
                                                         _0225_ (net)
                      0.079172    0.000695    4.521988 v rebuffer287/A (sky130_fd_sc_hd__buf_8)
     4    0.028818    0.036112    0.144929    4.666917 v rebuffer287/X (sky130_fd_sc_hd__buf_8)
                                                         net287 (net)
                      0.036113    0.000344    4.667261 v _1498_/B1 (sky130_fd_sc_hd__a221o_2)
     2    0.005561    0.060842    0.336485    5.003746 v _1498_/X (sky130_fd_sc_hd__a221o_2)
                                                         _0652_ (net)
                      0.060842    0.000015    5.003760 v rebuffer477/A (sky130_fd_sc_hd__buf_2)
     2    0.006239    0.030976    0.130920    5.134680 v rebuffer477/X (sky130_fd_sc_hd__buf_2)
                                                         net477 (net)
                      0.030976    0.000052    5.134732 v _1514_/A4 (sky130_fd_sc_hd__a41o_2)
     2    0.008419    0.052240    0.275828    5.410560 v _1514_/X (sky130_fd_sc_hd__a41o_2)
                                                         net82 (net)
                      0.052240    0.000065    5.410625 v output82/A (sky130_fd_sc_hd__buf_6)
     1    0.034464    0.043732    0.140084    5.550709 v output82/X (sky130_fd_sc_hd__buf_6)
                                                         result[21] (net)
                      0.043733    0.000232    5.550941 v result[21] (out)
                                              5.550941   data arrival time

                      0.000000   10.000000   10.000000   clock __VIRTUAL_CLK__ (rise edge)
                                  0.000000   10.000000   clock network delay (ideal)
                                 -0.250000    9.750000   clock uncertainty
                                  0.000000    9.750000   clock reconvergence pessimism
                                 -2.000000    7.750000   output external delay
                                              7.750000   data required time
---------------------------------------------------------------------------------------------
                                              7.750000   data required time
                                             -5.550941   data arrival time
---------------------------------------------------------------------------------------------
                                              2.199059   slack (MET)


Startpoint: B[1] (input port clocked by __VIRTUAL_CLK__)
Endpoint: result[25] (output port clocked by __VIRTUAL_CLK__)
Path Group: __VIRTUAL_CLK__
Path Type: max

Fanout         Cap        Slew       Delay        Time   Description
---------------------------------------------------------------------------------------------
                      0.000000    0.000000    0.000000   clock __VIRTUAL_CLK__ (rise edge)
                                  0.000000    0.000000   clock network delay (ideal)
                                  2.000000    2.000000 v input external delay
     1    0.008001    0.020130    0.012944    2.012944 v B[1] (in)
                                                         B[1] (net)
                      0.020130    0.000000    2.012944 v input44/A (sky130_fd_sc_hd__buf_8)
     3    0.019070    0.030024    0.112272    2.125216 v input44/X (sky130_fd_sc_hd__buf_8)
                                                         net44 (net)
                      0.030041    0.000624    2.125840 v fanout180/A (sky130_fd_sc_hd__buf_8)
     2    0.010787    0.025461    0.110456    2.236296 v fanout180/X (sky130_fd_sc_hd__buf_8)
                                                         net180 (net)
                      0.025461    0.000096    2.236392 v load_slew181/A (sky130_fd_sc_hd__buf_8)
     2    0.019077    0.030074    0.114361    2.350754 v load_slew181/X (sky130_fd_sc_hd__buf_8)
                                                         net181 (net)
                      0.030098    0.000770    2.351524 v fanout178/A (sky130_fd_sc_hd__buf_8)
     2    0.012135    0.026214    0.111470    2.462994 v fanout178/X (sky130_fd_sc_hd__buf_8)
                                                         net178 (net)
                      0.026214    0.000098    2.463092 v rebuffer525/A (sky130_fd_sc_hd__buf_8)
     2    0.018383    0.029673    0.114352    2.577444 v rebuffer525/X (sky130_fd_sc_hd__buf_8)
                                                         net525 (net)
                      0.029683    0.000161    2.577605 v _0958_/B (sky130_fd_sc_hd__xnor2_4)
     5    0.018043    0.190785    0.181127    2.758732 ^ _0958_/Y (sky130_fd_sc_hd__xnor2_4)
                                                         _0133_ (net)
                      0.190785    0.000155    2.758887 ^ _0960_/A1 (sky130_fd_sc_hd__a21o_4)
     2    0.008843    0.040471    0.153701    2.912589 ^ _0960_/X (sky130_fd_sc_hd__a21o_4)
                                                         _0135_ (net)
                      0.040471    0.000115    2.912704 ^ _0968_/A3 (sky130_fd_sc_hd__a31o_4)
     2    0.013010    0.060719    0.161833    3.074537 ^ _0968_/X (sky130_fd_sc_hd__a31o_4)
                                                         _0143_ (net)
                      0.060722    0.000511    3.075048 ^ _0983_/D_N (sky130_fd_sc_hd__or4b_4)
     2    0.009371    0.093532    0.472224    3.547271 v _0983_/X (sky130_fd_sc_hd__or4b_4)
                                                         _0158_ (net)
                      0.093532    0.000192    3.547463 v rebuffer218/A (sky130_fd_sc_hd__buf_6)
     2    0.012105    0.026952    0.139527    3.686990 v rebuffer218/X (sky130_fd_sc_hd__buf_6)
                                                         net218 (net)
                      0.026952    0.000272    3.687263 v _1017_/A2 (sky130_fd_sc_hd__a211o_4)
     2    0.017113    0.069588    0.349382    4.036645 v _1017_/X (sky130_fd_sc_hd__a211o_4)
                                                         _0192_ (net)
                      0.069588    0.000789    4.037434 v rebuffer381/A (sky130_fd_sc_hd__buf_6)
     3    0.014339    0.028769    0.131003    4.168437 v rebuffer381/X (sky130_fd_sc_hd__buf_6)
                                                         net381 (net)
                      0.028770    0.000175    4.168612 v _1050_/A1 (sky130_fd_sc_hd__a211o_4)
     2    0.024721    0.079167    0.352681    4.521292 v _1050_/X (sky130_fd_sc_hd__a211o_4)
                                                         _0225_ (net)
                      0.079176    0.000840    4.522132 v _1563_/A2 (sky130_fd_sc_hd__a211o_4)
     2    0.010346    0.058157    0.354018    4.876150 v _1563_/X (sky130_fd_sc_hd__a211o_4)
                                                         _0713_ (net)
                      0.058157    0.000080    4.876230 v _1564_/B1 (sky130_fd_sc_hd__o311a_4)
     1    0.004732    0.051340    0.129004    5.005234 v _1564_/X (sky130_fd_sc_hd__o311a_4)
                                                         _0714_ (net)
                      0.051340    0.000048    5.005281 v _1578_/A1 (sky130_fd_sc_hd__a211o_4)
     2    0.009019    0.056238    0.328000    5.333282 v _1578_/X (sky130_fd_sc_hd__a211o_4)
                                                         net86 (net)
                      0.056238    0.000090    5.333372 v output86/A (sky130_fd_sc_hd__buf_8)
     1    0.034741    0.040135    0.139219    5.472591 v output86/X (sky130_fd_sc_hd__buf_8)
                                                         result[25] (net)
                      0.040140    0.000440    5.473031 v result[25] (out)
                                              5.473031   data arrival time

                      0.000000   10.000000   10.000000   clock __VIRTUAL_CLK__ (rise edge)
                                  0.000000   10.000000   clock network delay (ideal)
                                 -0.250000    9.750000   clock uncertainty
                                  0.000000    9.750000   clock reconvergence pessimism
                                 -2.000000    7.750000   output external delay
                                              7.750000   data required time
---------------------------------------------------------------------------------------------
                                              7.750000   data required time
                                             -5.473031   data arrival time
---------------------------------------------------------------------------------------------
                                              2.276969   slack (MET)


Startpoint: control[0] (input port clocked by __VIRTUAL_CLK__)
Endpoint: result[24] (output port clocked by __VIRTUAL_CLK__)
Path Group: __VIRTUAL_CLK__
Path Type: max

Fanout         Cap        Slew       Delay        Time   Description
---------------------------------------------------------------------------------------------
                      0.000000    0.000000    0.000000   clock __VIRTUAL_CLK__ (rise edge)
                                  0.000000    0.000000   clock network delay (ideal)
                                  2.000000    2.000000 v input external delay
     1    0.002892    0.008845    0.004571    2.004571 v control[0] (in)
                                                         control[0] (net)
                      0.008845    0.000000    2.004571 v input65/A (sky130_fd_sc_hd__clkdlybuf4s25_1)
     5    0.018877    0.147659    0.317752    2.322323 v input65/X (sky130_fd_sc_hd__clkdlybuf4s25_1)
                                                         net65 (net)
                      0.147659    0.000478    2.322801 v fanout156/A (sky130_fd_sc_hd__buf_4)
    10    0.036408    0.061728    0.216293    2.539094 v fanout156/X (sky130_fd_sc_hd__buf_4)
                                                         net156 (net)
                      0.061729    0.000407    2.539501 v _0865_/C (sky130_fd_sc_hd__and4b_2)
     1    0.004266    0.046419    0.226642    2.766144 v _0865_/X (sky130_fd_sc_hd__and4b_2)
                                                         _0040_ (net)
                      0.046419    0.000062    2.766206 v fanout123/A (sky130_fd_sc_hd__clkdlybuf4s25_1)
     6    0.040198    0.297652    0.446181    3.212387 v fanout123/X (sky130_fd_sc_hd__clkdlybuf4s25_1)
                                                         net123 (net)
                      0.297652    0.000252    3.212639 v fanout122/A (sky130_fd_sc_hd__clkdlybuf4s25_1)
    10    0.053661    0.393679    0.607855    3.820494 v fanout122/X (sky130_fd_sc_hd__clkdlybuf4s25_1)
                                                         net122 (net)
                      0.393685    0.002034    3.822528 v _1555_/A1 (sky130_fd_sc_hd__a221o_2)
     1    0.011620    0.077696    0.496707    4.319235 v _1555_/X (sky130_fd_sc_hd__a221o_2)
                                                         _0706_ (net)
                      0.077698    0.000513    4.319748 v _1559_/C1 (sky130_fd_sc_hd__a221o_2)
     1    0.008837    0.069423    0.330612    4.650360 v _1559_/X (sky130_fd_sc_hd__a221o_2)
                                                         _0710_ (net)
                      0.069423    0.000199    4.650559 v _1560_/C1 (sky130_fd_sc_hd__a221oi_2)
     1    0.020880    0.453149    0.376742    5.027301 ^ _1560_/Y (sky130_fd_sc_hd__a221oi_2)
                                                         _0711_ (net)
                      0.453151    0.000842    5.028142 ^ _1561_/B1 (sky130_fd_sc_hd__o31a_4)
     1    0.007627    0.051107    0.232051    5.260194 ^ _1561_/X (sky130_fd_sc_hd__o31a_4)
                                                         _0712_ (net)
                      0.051107    0.000179    5.260372 ^ _1562_/B1 (sky130_fd_sc_hd__o21ai_2)
     2    0.007405    0.069072    0.058561    5.318933 v _1562_/Y (sky130_fd_sc_hd__o21ai_2)
                                                         net85 (net)
                      0.069072    0.000066    5.319000 v output85/A (sky130_fd_sc_hd__buf_6)
     1    0.035868    0.044849    0.148631    5.467631 v output85/X (sky130_fd_sc_hd__buf_6)
                                                         result[24] (net)
                      0.044860    0.000680    5.468311 v result[24] (out)
                                              5.468311   data arrival time

                      0.000000   10.000000   10.000000   clock __VIRTUAL_CLK__ (rise edge)
                                  0.000000   10.000000   clock network delay (ideal)
                                 -0.250000    9.750000   clock uncertainty
                                  0.000000    9.750000   clock reconvergence pessimism
                                 -2.000000    7.750000   output external delay
                                              7.750000   data required time
---------------------------------------------------------------------------------------------
                                              7.750000   data required time
                                             -5.468311   data arrival time
---------------------------------------------------------------------------------------------
                                              2.281689   slack (MET)


Startpoint: B[0] (input port clocked by __VIRTUAL_CLK__)
Endpoint: result[19] (output port clocked by __VIRTUAL_CLK__)
Path Group: __VIRTUAL_CLK__
Path Type: max

Fanout         Cap        Slew       Delay        Time   Description
---------------------------------------------------------------------------------------------
                      0.000000    0.000000    0.000000   clock __VIRTUAL_CLK__ (rise edge)
                                  0.000000    0.000000   clock network delay (ideal)
                                  2.000000    2.000000 v input external delay
     1    0.007729    0.019537    0.012502    2.012502 v B[0] (in)
                                                         B[0] (net)
                      0.019537    0.000000    2.012502 v input33/A (sky130_fd_sc_hd__buf_8)
     2    0.024581    0.033327    0.116119    2.128621 v input33/X (sky130_fd_sc_hd__buf_8)
                                                         net33 (net)
                      0.033330    0.000365    2.128986 v fanout192/A (sky130_fd_sc_hd__buf_8)
     2    0.018776    0.029906    0.117676    2.246662 v fanout192/X (sky130_fd_sc_hd__buf_8)
                                                         net192 (net)
                      0.029917    0.000290    2.246952 v fanout190/A (sky130_fd_sc_hd__buf_6)
     2    0.006815    0.023073    0.104913    2.351865 v fanout190/X (sky130_fd_sc_hd__buf_6)
                                                         net190 (net)
                      0.023073    0.000024    2.351889 v load_slew191/A (sky130_fd_sc_hd__buf_6)
     3    0.019538    0.032993    0.115761    2.467650 v load_slew191/X (sky130_fd_sc_hd__buf_6)
                                                         net191 (net)
                      0.033033    0.000981    2.468631 v fanout188/A (sky130_fd_sc_hd__buf_8)
     5    0.025526    0.033958    0.122421    2.591052 v fanout188/X (sky130_fd_sc_hd__buf_8)
                                                         net188 (net)
                      0.033959    0.000268    2.591320 v load_slew189/A (sky130_fd_sc_hd__buf_8)
     4    0.012476    0.026406    0.113411    2.704731 v load_slew189/X (sky130_fd_sc_hd__buf_8)
                                                         net189 (net)
                      0.026406    0.000159    2.704890 v rebuffer632/A (sky130_fd_sc_hd__buf_2)
     1    0.005183    0.028899    0.113251    2.818141 v rebuffer632/X (sky130_fd_sc_hd__buf_2)
                                                         net632 (net)
                      0.028909    0.000056    2.818197 v rebuffer230/A (sky130_fd_sc_hd__buf_6)
     2    0.009405    0.024945    0.107338    2.925535 v rebuffer230/X (sky130_fd_sc_hd__buf_6)
                                                         net230 (net)
                      0.024945    0.000147    2.925682 v rebuffer523/A (sky130_fd_sc_hd__buf_4)
     1    0.005755    0.027595    0.122090    3.047772 v rebuffer523/X (sky130_fd_sc_hd__buf_4)
                                                         net523 (net)
                      0.027595    0.000052    3.047825 v _1142_/S0 (sky130_fd_sc_hd__mux4_2)
     4    0.030034    0.155644    0.522680    3.570504 v _1142_/X (sky130_fd_sc_hd__mux4_2)
                                                         _0314_ (net)
                      0.155648    0.000959    3.571463 v _1144_/A0 (sky130_fd_sc_hd__mux2_4)
     2    0.006958    0.055426    0.315057    3.886521 v _1144_/X (sky130_fd_sc_hd__mux2_4)
                                                         _0316_ (net)
                      0.055426    0.000099    3.886619 v _1147_/A0 (sky130_fd_sc_hd__mux2_4)
     1    0.005121    0.052965    0.272794    4.159413 v _1147_/X (sky130_fd_sc_hd__mux2_4)
                                                         _0319_ (net)
                      0.052965    0.000050    4.159462 v _1150_/A2 (sky130_fd_sc_hd__a22o_4)
     2    0.024267    0.063936    0.287574    4.447036 v _1150_/X (sky130_fd_sc_hd__a22o_4)
                                                         _0322_ (net)
                      0.063940    0.000539    4.447575 v _1474_/A1 (sky130_fd_sc_hd__o21a_4)
     1    0.006841    0.037097    0.218814    4.666389 v _1474_/X (sky130_fd_sc_hd__o21a_4)
                                                         _0630_ (net)
                      0.037097    0.000188    4.666576 v _1475_/B (sky130_fd_sc_hd__or3b_4)
     1    0.006500    0.070593    0.368838    5.035414 v _1475_/X (sky130_fd_sc_hd__or3b_4)
                                                         _0631_ (net)
                      0.070593    0.000163    5.035578 v _1476_/A_N (sky130_fd_sc_hd__nand3b_4)
     2    0.011434    0.067522    0.174400    5.209979 v _1476_/Y (sky130_fd_sc_hd__nand3b_4)
                                                         net79 (net)
                      0.067523    0.000340    5.210318 v rebuffer443/A (sky130_fd_sc_hd__buf_6)
     1    0.007461    0.023560    0.122448    5.332766 v rebuffer443/X (sky130_fd_sc_hd__buf_6)
                                                         net443 (net)
                      0.023560    0.000050    5.332816 v output79/A (sky130_fd_sc_hd__buf_8)
     1    0.034735    0.040141    0.125026    5.457842 v output79/X (sky130_fd_sc_hd__buf_8)
                                                         result[19] (net)
                      0.040144    0.000406    5.458248 v result[19] (out)
                                              5.458248   data arrival time

                      0.000000   10.000000   10.000000   clock __VIRTUAL_CLK__ (rise edge)
                                  0.000000   10.000000   clock network delay (ideal)
                                 -0.250000    9.750000   clock uncertainty
                                  0.000000    9.750000   clock reconvergence pessimism
                                 -2.000000    7.750000   output external delay
                                              7.750000   data required time
---------------------------------------------------------------------------------------------
                                              7.750000   data required time
                                             -5.458248   data arrival time
---------------------------------------------------------------------------------------------
                                              2.291752   slack (MET)


Startpoint: B[1] (input port clocked by __VIRTUAL_CLK__)
Endpoint: result[18] (output port clocked by __VIRTUAL_CLK__)
Path Group: __VIRTUAL_CLK__
Path Type: max

Fanout         Cap        Slew       Delay        Time   Description
---------------------------------------------------------------------------------------------
                      0.000000    0.000000    0.000000   clock __VIRTUAL_CLK__ (rise edge)
                                  0.000000    0.000000   clock network delay (ideal)
                                  2.000000    2.000000 v input external delay
     1    0.008001    0.020130    0.012944    2.012944 v B[1] (in)
                                                         B[1] (net)
                      0.020130    0.000000    2.012944 v input44/A (sky130_fd_sc_hd__buf_8)
     3    0.019070    0.030024    0.112272    2.125216 v input44/X (sky130_fd_sc_hd__buf_8)
                                                         net44 (net)
                      0.030041    0.000624    2.125840 v fanout180/A (sky130_fd_sc_hd__buf_8)
     2    0.010787    0.025461    0.110456    2.236296 v fanout180/X (sky130_fd_sc_hd__buf_8)
                                                         net180 (net)
                      0.025461    0.000096    2.236392 v load_slew181/A (sky130_fd_sc_hd__buf_8)
     2    0.019077    0.030074    0.114361    2.350754 v load_slew181/X (sky130_fd_sc_hd__buf_8)
                                                         net181 (net)
                      0.030098    0.000770    2.351524 v fanout178/A (sky130_fd_sc_hd__buf_8)
     2    0.012135    0.026214    0.111470    2.462994 v fanout178/X (sky130_fd_sc_hd__buf_8)
                                                         net178 (net)
                      0.026214    0.000098    2.463092 v rebuffer525/A (sky130_fd_sc_hd__buf_8)
     2    0.018383    0.029673    0.114352    2.577444 v rebuffer525/X (sky130_fd_sc_hd__buf_8)
                                                         net525 (net)
                      0.029683    0.000161    2.577605 v _0958_/B (sky130_fd_sc_hd__xnor2_4)
     5    0.018043    0.190785    0.181127    2.758732 ^ _0958_/Y (sky130_fd_sc_hd__xnor2_4)
                                                         _0133_ (net)
                      0.190785    0.000155    2.758887 ^ _0960_/A1 (sky130_fd_sc_hd__a21o_4)
     2    0.008843    0.040471    0.153701    2.912589 ^ _0960_/X (sky130_fd_sc_hd__a21o_4)
                                                         _0135_ (net)
                      0.040471    0.000115    2.912704 ^ _0968_/A3 (sky130_fd_sc_hd__a31o_4)
     2    0.013010    0.060719    0.161833    3.074537 ^ _0968_/X (sky130_fd_sc_hd__a31o_4)
                                                         _0143_ (net)
                      0.060722    0.000511    3.075048 ^ _0983_/D_N (sky130_fd_sc_hd__or4b_4)
     2    0.009371    0.093532    0.472224    3.547271 v _0983_/X (sky130_fd_sc_hd__or4b_4)
                                                         _0158_ (net)
                      0.093532    0.000192    3.547463 v rebuffer218/A (sky130_fd_sc_hd__buf_6)
     2    0.012105    0.026952    0.139527    3.686990 v rebuffer218/X (sky130_fd_sc_hd__buf_6)
                                                         net218 (net)
                      0.026952    0.000272    3.687263 v _1017_/A2 (sky130_fd_sc_hd__a211o_4)
     2    0.017113    0.069588    0.349382    4.036645 v _1017_/X (sky130_fd_sc_hd__a211o_4)
                                                         _0192_ (net)
                      0.069588    0.000819    4.037464 v _1427_/A1 (sky130_fd_sc_hd__a21o_2)
     3    0.008702    0.048077    0.211240    4.248704 v _1427_/X (sky130_fd_sc_hd__a21o_2)
                                                         _0585_ (net)
                      0.048077    0.000052    4.248756 v _1446_/A2 (sky130_fd_sc_hd__a21o_2)
     3    0.010191    0.052221    0.230132    4.478889 v _1446_/X (sky130_fd_sc_hd__a21o_2)
                                                         _0603_ (net)
                      0.052221    0.000076    4.478964 v _1448_/B (sky130_fd_sc_hd__and2b_2)
     1    0.006327    0.044266    0.201244    4.680208 v _1448_/X (sky130_fd_sc_hd__and2b_2)
                                                         _0605_ (net)
                      0.044266    0.000132    4.680340 v _1461_/C (sky130_fd_sc_hd__or4_4)
     2    0.014660    0.102685    0.509773    5.190113 v _1461_/X (sky130_fd_sc_hd__or4_4)
                                                         net78 (net)
                      0.102685    0.000457    5.190570 v output78/A (sky130_fd_sc_hd__buf_8)
     1    0.034611    0.040152    0.160153    5.350723 v output78/X (sky130_fd_sc_hd__buf_8)
                                                         result[18] (net)
                      0.040155    0.000338    5.351061 v result[18] (out)
                                              5.351061   data arrival time

                      0.000000   10.000000   10.000000   clock __VIRTUAL_CLK__ (rise edge)
                                  0.000000   10.000000   clock network delay (ideal)
                                 -0.250000    9.750000   clock uncertainty
                                  0.000000    9.750000   clock reconvergence pessimism
                                 -2.000000    7.750000   output external delay
                                              7.750000   data required time
---------------------------------------------------------------------------------------------
                                              7.750000   data required time
                                             -5.351061   data arrival time
---------------------------------------------------------------------------------------------
                                              2.398939   slack (MET)


Startpoint: B[0] (input port clocked by __VIRTUAL_CLK__)
Endpoint: result[10] (output port clocked by __VIRTUAL_CLK__)
Path Group: __VIRTUAL_CLK__
Path Type: max

Fanout         Cap        Slew       Delay        Time   Description
---------------------------------------------------------------------------------------------
                      0.000000    0.000000    0.000000   clock __VIRTUAL_CLK__ (rise edge)
                                  0.000000    0.000000   clock network delay (ideal)
                                  2.000000    2.000000 v input external delay
     1    0.007729    0.019537    0.012502    2.012502 v B[0] (in)
                                                         B[0] (net)
                      0.019537    0.000000    2.012502 v input33/A (sky130_fd_sc_hd__buf_8)
     2    0.024581    0.033327    0.116119    2.128621 v input33/X (sky130_fd_sc_hd__buf_8)
                                                         net33 (net)
                      0.033330    0.000365    2.128986 v fanout192/A (sky130_fd_sc_hd__buf_8)
     2    0.018776    0.029906    0.117676    2.246662 v fanout192/X (sky130_fd_sc_hd__buf_8)
                                                         net192 (net)
                      0.029917    0.000290    2.246952 v fanout190/A (sky130_fd_sc_hd__buf_6)
     2    0.006815    0.023073    0.104913    2.351865 v fanout190/X (sky130_fd_sc_hd__buf_6)
                                                         net190 (net)
                      0.023073    0.000024    2.351889 v load_slew191/A (sky130_fd_sc_hd__buf_6)
     3    0.019538    0.032993    0.115761    2.467650 v load_slew191/X (sky130_fd_sc_hd__buf_6)
                                                         net191 (net)
                      0.033033    0.000981    2.468631 v fanout188/A (sky130_fd_sc_hd__buf_8)
     5    0.025526    0.033958    0.122421    2.591052 v fanout188/X (sky130_fd_sc_hd__buf_8)
                                                         net188 (net)
                      0.033959    0.000268    2.591320 v load_slew189/A (sky130_fd_sc_hd__buf_8)
     4    0.012476    0.026406    0.113411    2.704731 v load_slew189/X (sky130_fd_sc_hd__buf_8)
                                                         net189 (net)
                      0.026406    0.000159    2.704890 v rebuffer632/A (sky130_fd_sc_hd__buf_2)
     1    0.005183    0.028899    0.113251    2.818141 v rebuffer632/X (sky130_fd_sc_hd__buf_2)
                                                         net632 (net)
                      0.028909    0.000056    2.818197 v rebuffer230/A (sky130_fd_sc_hd__buf_6)
     2    0.009405    0.024945    0.107338    2.925535 v rebuffer230/X (sky130_fd_sc_hd__buf_6)
                                                         net230 (net)
                      0.024945    0.000127    2.925662 v _1112_/S0 (sky130_fd_sc_hd__mux4_2)
     2    0.013977    0.114602    0.465128    3.390790 v _1112_/X (sky130_fd_sc_hd__mux4_2)
                                                         _0285_ (net)
                      0.114602    0.000322    3.391112 v rebuffer520/A (sky130_fd_sc_hd__buf_6)
     2    0.014476    0.028930    0.151883    3.542995 v rebuffer520/X (sky130_fd_sc_hd__buf_6)
                                                         net520 (net)
                      0.028954    0.000237    3.543231 v _1114_/A0 (sky130_fd_sc_hd__mux2_4)
     2    0.004254    0.050782    0.260883    3.804115 v _1114_/X (sky130_fd_sc_hd__mux2_4)
                                                         _0287_ (net)
                      0.050782    0.000024    3.804138 v _1298_/A0 (sky130_fd_sc_hd__mux2_4)
     1    0.008979    0.058134    0.281340    4.085478 v _1298_/X (sky130_fd_sc_hd__mux2_4)
                                                         _0463_ (net)
                      0.058134    0.000245    4.085723 v _1303_/B1 (sky130_fd_sc_hd__a2bb2o_4)
     1    0.003164    0.033460    0.211854    4.297577 v _1303_/X (sky130_fd_sc_hd__a2bb2o_4)
                                                         _0468_ (net)
                      0.033460    0.000034    4.297611 v _1305_/A (sky130_fd_sc_hd__or3_4)
     1    0.006021    0.068372    0.378427    4.676038 v _1305_/X (sky130_fd_sc_hd__or3_4)
                                                         _0470_ (net)
                      0.068372    0.000095    4.676133 v _1306_/B1 (sky130_fd_sc_hd__a31o_4)
     1    0.004708    0.037542    0.208904    4.885036 v _1306_/X (sky130_fd_sc_hd__a31o_4)
                                                         _0471_ (net)
                      0.037542    0.000047    4.885084 v _1307_/B1 (sky130_fd_sc_hd__a31o_4)
     2    0.009838    0.044751    0.208652    5.093736 v _1307_/X (sky130_fd_sc_hd__a31o_4)
                                                         net70 (net)
                      0.044751    0.000054    5.093790 v rebuffer521/A (sky130_fd_sc_hd__buf_6)
     1    0.007693    0.023724    0.112385    5.206175 v rebuffer521/X (sky130_fd_sc_hd__buf_6)
                                                         net521 (net)
                      0.023724    0.000094    5.206269 v output70/A (sky130_fd_sc_hd__buf_8)
     1    0.035232    0.040554    0.125340    5.331610 v output70/X (sky130_fd_sc_hd__buf_8)
                                                         result[10] (net)
                      0.040563    0.000582    5.332192 v result[10] (out)
                                              5.332192   data arrival time

                      0.000000   10.000000   10.000000   clock __VIRTUAL_CLK__ (rise edge)
                                  0.000000   10.000000   clock network delay (ideal)
                                 -0.250000    9.750000   clock uncertainty
                                  0.000000    9.750000   clock reconvergence pessimism
                                 -2.000000    7.750000   output external delay
                                              7.750000   data required time
---------------------------------------------------------------------------------------------
                                              7.750000   data required time
                                             -5.332192   data arrival time
---------------------------------------------------------------------------------------------
                                              2.417808   slack (MET)


Startpoint: B[0] (input port clocked by __VIRTUAL_CLK__)
Endpoint: result[17] (output port clocked by __VIRTUAL_CLK__)
Path Group: __VIRTUAL_CLK__
Path Type: max

Fanout         Cap        Slew       Delay        Time   Description
---------------------------------------------------------------------------------------------
                      0.000000    0.000000    0.000000   clock __VIRTUAL_CLK__ (rise edge)
                                  0.000000    0.000000   clock network delay (ideal)
                                  2.000000    2.000000 v input external delay
     1    0.007729    0.019537    0.012502    2.012502 v B[0] (in)
                                                         B[0] (net)
                      0.019537    0.000000    2.012502 v input33/A (sky130_fd_sc_hd__buf_8)
     2    0.024581    0.033327    0.116119    2.128621 v input33/X (sky130_fd_sc_hd__buf_8)
                                                         net33 (net)
                      0.033330    0.000365    2.128986 v fanout192/A (sky130_fd_sc_hd__buf_8)
     2    0.018776    0.029906    0.117676    2.246662 v fanout192/X (sky130_fd_sc_hd__buf_8)
                                                         net192 (net)
                      0.029917    0.000290    2.246952 v fanout190/A (sky130_fd_sc_hd__buf_6)
     2    0.006815    0.023073    0.104913    2.351865 v fanout190/X (sky130_fd_sc_hd__buf_6)
                                                         net190 (net)
                      0.023073    0.000024    2.351889 v load_slew191/A (sky130_fd_sc_hd__buf_6)
     3    0.019538    0.032993    0.115761    2.467650 v load_slew191/X (sky130_fd_sc_hd__buf_6)
                                                         net191 (net)
                      0.033033    0.000981    2.468631 v fanout188/A (sky130_fd_sc_hd__buf_8)
     5    0.025526    0.033958    0.122421    2.591052 v fanout188/X (sky130_fd_sc_hd__buf_8)
                                                         net188 (net)
                      0.033959    0.000268    2.591320 v load_slew189/A (sky130_fd_sc_hd__buf_8)
     4    0.012476    0.026406    0.113411    2.704731 v load_slew189/X (sky130_fd_sc_hd__buf_8)
                                                         net189 (net)
                      0.026406    0.000158    2.704889 v _1070_/S0 (sky130_fd_sc_hd__mux4_2)
     2    0.014391    0.115584    0.467041    3.171930 v _1070_/X (sky130_fd_sc_hd__mux4_2)
                                                         _0244_ (net)
                      0.115584    0.000634    3.172565 v _1072_/A0 (sky130_fd_sc_hd__mux2_4)
     3    0.012125    0.062372    0.312853    3.485417 v _1072_/X (sky130_fd_sc_hd__mux2_4)
                                                         _0246_ (net)
                      0.062372    0.000126    3.485544 v _1079_/A0 (sky130_fd_sc_hd__mux2_4)
     1    0.004885    0.052971    0.274388    3.759932 v _1079_/X (sky130_fd_sc_hd__mux2_4)
                                                         _0253_ (net)
                      0.052971    0.000055    3.759986 v _1086_/A1 (sky130_fd_sc_hd__a22o_4)
     2    0.011492    0.048315    0.254882    4.014868 v _1086_/X (sky130_fd_sc_hd__a22o_4)
                                                         _0260_ (net)
                      0.048345    0.000309    4.015177 v _1435_/A2 (sky130_fd_sc_hd__o21a_4)
     1    0.010004    0.040832    0.199668    4.214845 v _1435_/X (sky130_fd_sc_hd__o21a_4)
                                                         _0593_ (net)
                      0.040832    0.000377    4.215222 v _1438_/C (sky130_fd_sc_hd__or4_4)
     1    0.005264    0.085615    0.475111    4.690333 v _1438_/X (sky130_fd_sc_hd__or4_4)
                                                         _0596_ (net)
                      0.085615    0.000099    4.690431 v _1445_/C (sky130_fd_sc_hd__or3_4)
     2    0.009148    0.073394    0.349860    5.040291 v _1445_/X (sky130_fd_sc_hd__or3_4)
                                                         net77 (net)
                      0.073394    0.000093    5.040384 v rebuffer223/A (sky130_fd_sc_hd__buf_2)
     1    0.006766    0.032086    0.137918    5.178302 v rebuffer223/X (sky130_fd_sc_hd__buf_2)
                                                         net223 (net)
                      0.032086    0.000117    5.178419 v output77/A (sky130_fd_sc_hd__buf_6)
     1    0.034442    0.043763    0.131322    5.309741 v output77/X (sky130_fd_sc_hd__buf_6)
                                                         result[17] (net)
                      0.043763    0.000222    5.309964 v result[17] (out)
                                              5.309964   data arrival time

                      0.000000   10.000000   10.000000   clock __VIRTUAL_CLK__ (rise edge)
                                  0.000000   10.000000   clock network delay (ideal)
                                 -0.250000    9.750000   clock uncertainty
                                  0.000000    9.750000   clock reconvergence pessimism
                                 -2.000000    7.750000   output external delay
                                              7.750000   data required time
---------------------------------------------------------------------------------------------
                                              7.750000   data required time
                                             -5.309964   data arrival time
---------------------------------------------------------------------------------------------
                                              2.440036   slack (MET)


Startpoint: B[1] (input port clocked by __VIRTUAL_CLK__)
Endpoint: result[20] (output port clocked by __VIRTUAL_CLK__)
Path Group: __VIRTUAL_CLK__
Path Type: max

Fanout         Cap        Slew       Delay        Time   Description
---------------------------------------------------------------------------------------------
                      0.000000    0.000000    0.000000   clock __VIRTUAL_CLK__ (rise edge)
                                  0.000000    0.000000   clock network delay (ideal)
                                  2.000000    2.000000 v input external delay
     1    0.008001    0.020130    0.012944    2.012944 v B[1] (in)
                                                         B[1] (net)
                      0.020130    0.000000    2.012944 v input44/A (sky130_fd_sc_hd__buf_8)
     3    0.019070    0.030024    0.112272    2.125216 v input44/X (sky130_fd_sc_hd__buf_8)
                                                         net44 (net)
                      0.030041    0.000624    2.125840 v fanout180/A (sky130_fd_sc_hd__buf_8)
     2    0.010787    0.025461    0.110456    2.236296 v fanout180/X (sky130_fd_sc_hd__buf_8)
                                                         net180 (net)
                      0.025461    0.000096    2.236392 v load_slew181/A (sky130_fd_sc_hd__buf_8)
     2    0.019077    0.030074    0.114361    2.350754 v load_slew181/X (sky130_fd_sc_hd__buf_8)
                                                         net181 (net)
                      0.030098    0.000770    2.351524 v fanout178/A (sky130_fd_sc_hd__buf_8)
     2    0.012135    0.026214    0.111470    2.462994 v fanout178/X (sky130_fd_sc_hd__buf_8)
                                                         net178 (net)
                      0.026214    0.000098    2.463092 v rebuffer525/A (sky130_fd_sc_hd__buf_8)
     2    0.018383    0.029673    0.114352    2.577444 v rebuffer525/X (sky130_fd_sc_hd__buf_8)
                                                         net525 (net)
                      0.029683    0.000161    2.577605 v _0958_/B (sky130_fd_sc_hd__xnor2_4)
     5    0.018043    0.190785    0.181127    2.758732 ^ _0958_/Y (sky130_fd_sc_hd__xnor2_4)
                                                         _0133_ (net)
                      0.190785    0.000155    2.758887 ^ _0960_/A1 (sky130_fd_sc_hd__a21o_4)
     2    0.008843    0.040471    0.153701    2.912589 ^ _0960_/X (sky130_fd_sc_hd__a21o_4)
                                                         _0135_ (net)
                      0.040471    0.000115    2.912704 ^ _0968_/A3 (sky130_fd_sc_hd__a31o_4)
     2    0.013010    0.060719    0.161833    3.074537 ^ _0968_/X (sky130_fd_sc_hd__a31o_4)
                                                         _0143_ (net)
                      0.060722    0.000511    3.075048 ^ _0983_/D_N (sky130_fd_sc_hd__or4b_4)
     2    0.009371    0.093532    0.472224    3.547271 v _0983_/X (sky130_fd_sc_hd__or4b_4)
                                                         _0158_ (net)
                      0.093532    0.000192    3.547463 v rebuffer218/A (sky130_fd_sc_hd__buf_6)
     2    0.012105    0.026952    0.139527    3.686990 v rebuffer218/X (sky130_fd_sc_hd__buf_6)
                                                         net218 (net)
                      0.026952    0.000272    3.687263 v _1017_/A2 (sky130_fd_sc_hd__a211o_4)
     2    0.017113    0.069588    0.349382    4.036645 v _1017_/X (sky130_fd_sc_hd__a211o_4)
                                                         _0192_ (net)
                      0.069588    0.000789    4.037434 v rebuffer381/A (sky130_fd_sc_hd__buf_6)
     3    0.014339    0.028769    0.131003    4.168437 v rebuffer381/X (sky130_fd_sc_hd__buf_6)
                                                         net381 (net)
                      0.028770    0.000175    4.168612 v _1050_/A1 (sky130_fd_sc_hd__a211o_4)
     2    0.024721    0.079167    0.352681    4.521292 v _1050_/X (sky130_fd_sc_hd__a211o_4)
                                                         _0225_ (net)
                      0.079172    0.000695    4.521988 v rebuffer287/A (sky130_fd_sc_hd__buf_8)
     4    0.028818    0.036112    0.144929    4.666917 v rebuffer287/X (sky130_fd_sc_hd__buf_8)
                                                         net287 (net)
                      0.036112    0.000147    4.667064 v _1477_/A (sky130_fd_sc_hd__nand2_2)
     2    0.011342    0.076596    0.074073    4.741137 ^ _1477_/Y (sky130_fd_sc_hd__nand2_2)
                                                         _0632_ (net)
                      0.076596    0.000068    4.741204 ^ _1478_/B (sky130_fd_sc_hd__xor2_2)
     1    0.004970    0.056534    0.065663    4.806867 v _1478_/X (sky130_fd_sc_hd__xor2_2)
                                                         _0633_ (net)
                      0.056534    0.000056    4.806922 v _1495_/A1 (sky130_fd_sc_hd__a211o_4)
     2    0.011301    0.060131    0.335854    5.142776 v _1495_/X (sky130_fd_sc_hd__a211o_4)
                                                         net81 (net)
                      0.060131    0.000099    5.142876 v output81/A (sky130_fd_sc_hd__buf_8)
     1    0.034451    0.039864    0.140832    5.283708 v output81/X (sky130_fd_sc_hd__buf_8)
                                                         result[20] (net)
                      0.039865    0.000273    5.283980 v result[20] (out)
                                              5.283980   data arrival time

                      0.000000   10.000000   10.000000   clock __VIRTUAL_CLK__ (rise edge)
                                  0.000000   10.000000   clock network delay (ideal)
                                 -0.250000    9.750000   clock uncertainty
                                  0.000000    9.750000   clock reconvergence pessimism
                                 -2.000000    7.750000   output external delay
                                              7.750000   data required time
---------------------------------------------------------------------------------------------
                                              7.750000   data required time
                                             -5.283980   data arrival time
---------------------------------------------------------------------------------------------
                                              2.466019   slack (MET)


Startpoint: control[0] (input port clocked by __VIRTUAL_CLK__)
Endpoint: result[16] (output port clocked by __VIRTUAL_CLK__)
Path Group: __VIRTUAL_CLK__
Path Type: max

Fanout         Cap        Slew       Delay        Time   Description
---------------------------------------------------------------------------------------------
                      0.000000    0.000000    0.000000   clock __VIRTUAL_CLK__ (rise edge)
                                  0.000000    0.000000   clock network delay (ideal)
                                  2.000000    2.000000 v input external delay
     1    0.002892    0.008845    0.004571    2.004571 v control[0] (in)
                                                         control[0] (net)
                      0.008845    0.000000    2.004571 v input65/A (sky130_fd_sc_hd__clkdlybuf4s25_1)
     5    0.018877    0.147659    0.317752    2.322323 v input65/X (sky130_fd_sc_hd__clkdlybuf4s25_1)
                                                         net65 (net)
                      0.147659    0.000478    2.322801 v fanout156/A (sky130_fd_sc_hd__buf_4)
    10    0.036408    0.061728    0.216293    2.539094 v fanout156/X (sky130_fd_sc_hd__buf_4)
                                                         net156 (net)
                      0.061729    0.000407    2.539501 v _0865_/C (sky130_fd_sc_hd__and4b_2)
     1    0.004266    0.046419    0.226642    2.766144 v _0865_/X (sky130_fd_sc_hd__and4b_2)
                                                         _0040_ (net)
                      0.046419    0.000062    2.766206 v fanout123/A (sky130_fd_sc_hd__clkdlybuf4s25_1)
     6    0.040198    0.297652    0.446181    3.212387 v fanout123/X (sky130_fd_sc_hd__clkdlybuf4s25_1)
                                                         net123 (net)
                      0.297652    0.000627    3.213014 v fanout121/A (sky130_fd_sc_hd__buf_2)
    10    0.056862    0.136726    0.326069    3.539083 v fanout121/X (sky130_fd_sc_hd__buf_2)
                                                         net121 (net)
                      0.137010    0.005497    3.544580 v _1420_/B1 (sky130_fd_sc_hd__a21o_2)
     1    0.002931    0.033490    0.215112    3.759692 v _1420_/X (sky130_fd_sc_hd__a21o_2)
                                                         _0579_ (net)
                      0.033490    0.000019    3.759711 v _1421_/A2 (sky130_fd_sc_hd__a21o_2)
     1    0.008537    0.047888    0.218583    3.978295 v _1421_/X (sky130_fd_sc_hd__a21o_2)
                                                         _0580_ (net)
                      0.047888    0.000273    3.978568 v _1423_/B1 (sky130_fd_sc_hd__a211o_2)
     1    0.002472    0.045071    0.295166    4.273734 v _1423_/X (sky130_fd_sc_hd__a211o_2)
                                                         _0582_ (net)
                      0.045071    0.000022    4.273756 v _1424_/C1 (sky130_fd_sc_hd__a221o_2)
     1    0.012266    0.079334    0.335483    4.609239 v _1424_/X (sky130_fd_sc_hd__a221o_2)
                                                         _0583_ (net)
                      0.079334    0.000534    4.609773 v _1425_/B (sky130_fd_sc_hd__or3b_4)
     2    0.009024    0.074819    0.392068    5.001841 v _1425_/X (sky130_fd_sc_hd__or3b_4)
                                                         net76 (net)
                      0.074819    0.000108    5.001949 v rebuffer524/A (sky130_fd_sc_hd__buf_6)
     1    0.009330    0.024905    0.127849    5.129798 v rebuffer524/X (sky130_fd_sc_hd__buf_6)
                                                         net524 (net)
                      0.024905    0.000176    5.129974 v output76/A (sky130_fd_sc_hd__buf_8)
     1    0.034270    0.039740    0.125355    5.255329 v output76/X (sky130_fd_sc_hd__buf_8)
                                                         result[16] (net)
                      0.039740    0.000198    5.255527 v result[16] (out)
                                              5.255527   data arrival time

                      0.000000   10.000000   10.000000   clock __VIRTUAL_CLK__ (rise edge)
                                  0.000000   10.000000   clock network delay (ideal)
                                 -0.250000    9.750000   clock uncertainty
                                  0.000000    9.750000   clock reconvergence pessimism
                                 -2.000000    7.750000   output external delay
                                              7.750000   data required time
---------------------------------------------------------------------------------------------
                                              7.750000   data required time
                                             -5.255527   data arrival time
---------------------------------------------------------------------------------------------
                                              2.494473   slack (MET)


Startpoint: B[0] (input port clocked by __VIRTUAL_CLK__)
Endpoint: result[6] (output port clocked by __VIRTUAL_CLK__)
Path Group: __VIRTUAL_CLK__
Path Type: max

Fanout         Cap        Slew       Delay        Time   Description
---------------------------------------------------------------------------------------------
                      0.000000    0.000000    0.000000   clock __VIRTUAL_CLK__ (rise edge)
                                  0.000000    0.000000   clock network delay (ideal)
                                  2.000000    2.000000 v input external delay
     1    0.007729    0.019537    0.012502    2.012502 v B[0] (in)
                                                         B[0] (net)
                      0.019537    0.000000    2.012502 v input33/A (sky130_fd_sc_hd__buf_8)
     2    0.024581    0.033327    0.116119    2.128621 v input33/X (sky130_fd_sc_hd__buf_8)
                                                         net33 (net)
                      0.033330    0.000365    2.128986 v fanout192/A (sky130_fd_sc_hd__buf_8)
     2    0.018776    0.029906    0.117676    2.246662 v fanout192/X (sky130_fd_sc_hd__buf_8)
                                                         net192 (net)
                      0.029917    0.000290    2.246952 v fanout190/A (sky130_fd_sc_hd__buf_6)
     2    0.006815    0.023073    0.104913    2.351865 v fanout190/X (sky130_fd_sc_hd__buf_6)
                                                         net190 (net)
                      0.023073    0.000024    2.351889 v load_slew191/A (sky130_fd_sc_hd__buf_6)
     3    0.019538    0.032993    0.115761    2.467650 v load_slew191/X (sky130_fd_sc_hd__buf_6)
                                                         net191 (net)
                      0.033033    0.000981    2.468631 v fanout188/A (sky130_fd_sc_hd__buf_8)
     5    0.025526    0.033958    0.122421    2.591052 v fanout188/X (sky130_fd_sc_hd__buf_8)
                                                         net188 (net)
                      0.033959    0.000268    2.591320 v load_slew189/A (sky130_fd_sc_hd__buf_8)
     4    0.012476    0.026406    0.113411    2.704731 v load_slew189/X (sky130_fd_sc_hd__buf_8)
                                                         net189 (net)
                      0.026406    0.000159    2.704890 v rebuffer632/A (sky130_fd_sc_hd__buf_2)
     1    0.005183    0.028899    0.113251    2.818141 v rebuffer632/X (sky130_fd_sc_hd__buf_2)
                                                         net632 (net)
                      0.028909    0.000056    2.818197 v rebuffer230/A (sky130_fd_sc_hd__buf_6)
     2    0.009405    0.024945    0.107338    2.925535 v rebuffer230/X (sky130_fd_sc_hd__buf_6)
                                                         net230 (net)
                      0.024945    0.000127    2.925662 v _1112_/S0 (sky130_fd_sc_hd__mux4_2)
     2    0.013977    0.114602    0.465128    3.390790 v _1112_/X (sky130_fd_sc_hd__mux4_2)
                                                         _0285_ (net)
                      0.114602    0.000289    3.391079 v rebuffer233/A (sky130_fd_sc_hd__buf_6)
     1    0.009444    0.025008    0.146280    3.537359 v rebuffer233/X (sky130_fd_sc_hd__buf_6)
                                                         net233 (net)
                      0.025008    0.000303    3.537662 v _1223_/A0 (sky130_fd_sc_hd__mux2_4)
     2    0.006434    0.054744    0.266407    3.804069 v _1223_/X (sky130_fd_sc_hd__mux2_4)
                                                         _0392_ (net)
                      0.054744    0.000043    3.804111 v _1225_/A0 (sky130_fd_sc_hd__mux2_4)
     1    0.005060    0.052802    0.272313    4.076424 v _1225_/X (sky130_fd_sc_hd__mux2_4)
                                                         _0394_ (net)
                      0.052802    0.000056    4.076480 v _1228_/A1 (sky130_fd_sc_hd__a22o_4)
     2    0.018939    0.058237    0.269022    4.345503 v _1228_/X (sky130_fd_sc_hd__a22o_4)
                                                         _0397_ (net)
                      0.058237    0.000418    4.345921 v _1229_/A1 (sky130_fd_sc_hd__a211o_4)
     1    0.005938    0.051691    0.322663    4.668584 v _1229_/X (sky130_fd_sc_hd__a211o_4)
                                                         _0398_ (net)
                      0.051691    0.000096    4.668680 v _1230_/B1 (sky130_fd_sc_hd__a31o_4)
     1    0.005276    0.038913    0.203885    4.872566 v _1230_/X (sky130_fd_sc_hd__a31o_4)
                                                         _0399_ (net)
                      0.038913    0.000067    4.872633 v _1231_/B1 (sky130_fd_sc_hd__a21o_4)
     2    0.014361    0.049077    0.194089    5.066722 v _1231_/X (sky130_fd_sc_hd__a21o_4)
                                                         net97 (net)
                      0.049077    0.000384    5.067106 v output97/A (sky130_fd_sc_hd__buf_8)
     1    0.035282    0.040562    0.136380    5.203485 v output97/X (sky130_fd_sc_hd__buf_8)
                                                         result[6] (net)
                      0.040570    0.000551    5.204036 v result[6] (out)
                                              5.204036   data arrival time

                      0.000000   10.000000   10.000000   clock __VIRTUAL_CLK__ (rise edge)
                                  0.000000   10.000000   clock network delay (ideal)
                                 -0.250000    9.750000   clock uncertainty
                                  0.000000    9.750000   clock reconvergence pessimism
                                 -2.000000    7.750000   output external delay
                                              7.750000   data required time
---------------------------------------------------------------------------------------------
                                              7.750000   data required time
                                             -5.204036   data arrival time
---------------------------------------------------------------------------------------------
                                              2.545964   slack (MET)


Startpoint: control[0] (input port clocked by __VIRTUAL_CLK__)
Endpoint: result[2] (output port clocked by __VIRTUAL_CLK__)
Path Group: __VIRTUAL_CLK__
Path Type: max

Fanout         Cap        Slew       Delay        Time   Description
---------------------------------------------------------------------------------------------
                      0.000000    0.000000    0.000000   clock __VIRTUAL_CLK__ (rise edge)
                                  0.000000    0.000000   clock network delay (ideal)
                                  2.000000    2.000000 v input external delay
     1    0.002892    0.008845    0.004571    2.004571 v control[0] (in)
                                                         control[0] (net)
                      0.008845    0.000000    2.004571 v input65/A (sky130_fd_sc_hd__clkdlybuf4s25_1)
     5    0.018877    0.147659    0.317752    2.322323 v input65/X (sky130_fd_sc_hd__clkdlybuf4s25_1)
                                                         net65 (net)
                      0.147659    0.000478    2.322801 v fanout156/A (sky130_fd_sc_hd__buf_4)
    10    0.036408    0.061728    0.216293    2.539094 v fanout156/X (sky130_fd_sc_hd__buf_4)
                                                         net156 (net)
                      0.061729    0.000407    2.539501 v _0865_/C (sky130_fd_sc_hd__and4b_2)
     1    0.004266    0.046419    0.226642    2.766144 v _0865_/X (sky130_fd_sc_hd__and4b_2)
                                                         _0040_ (net)
                      0.046419    0.000062    2.766206 v fanout123/A (sky130_fd_sc_hd__clkdlybuf4s25_1)
     6    0.040198    0.297652    0.446181    3.212387 v fanout123/X (sky130_fd_sc_hd__clkdlybuf4s25_1)
                                                         net123 (net)
                      0.297652    0.000627    3.213014 v fanout121/A (sky130_fd_sc_hd__buf_2)
    10    0.056862    0.136726    0.326069    3.539083 v fanout121/X (sky130_fd_sc_hd__buf_2)
                                                         net121 (net)
                      0.136726    0.000367    3.539450 v _1138_/A1 (sky130_fd_sc_hd__a221o_2)
     1    0.002575    0.050901    0.373043    3.912493 v _1138_/X (sky130_fd_sc_hd__a221o_2)
                                                         _0311_ (net)
                      0.050901    0.000023    3.912517 v _1139_/B1 (sky130_fd_sc_hd__a31o_2)
     1    0.003269    0.037767    0.210725    4.123241 v _1139_/X (sky130_fd_sc_hd__a31o_2)
                                                         _0312_ (net)
                      0.037767    0.000027    4.123268 v _1140_/B1 (sky130_fd_sc_hd__a311o_2)
     1    0.005865    0.062001    0.357371    4.480639 v _1140_/X (sky130_fd_sc_hd__a311o_2)
                                                         _0313_ (net)
                      0.062001    0.000116    4.480755 v _1141_/C1 (sky130_fd_sc_hd__a211o_2)
     2    0.008859    0.063617    0.291184    4.771939 v _1141_/X (sky130_fd_sc_hd__a211o_2)
                                                         net91 (net)
                      0.063677    0.000220    4.772159 v output91/A (sky130_fd_sc_hd__clkdlybuf4s25_1)
     1    0.035429    0.263459    0.428831    5.200990 v output91/X (sky130_fd_sc_hd__clkdlybuf4s25_1)
                                                         result[2] (net)
                      0.263459    0.000346    5.201336 v result[2] (out)
                                              5.201336   data arrival time

                      0.000000   10.000000   10.000000   clock __VIRTUAL_CLK__ (rise edge)
                                  0.000000   10.000000   clock network delay (ideal)
                                 -0.250000    9.750000   clock uncertainty
                                  0.000000    9.750000   clock reconvergence pessimism
                                 -2.000000    7.750000   output external delay
                                              7.750000   data required time
---------------------------------------------------------------------------------------------
                                              7.750000   data required time
                                             -5.201336   data arrival time
---------------------------------------------------------------------------------------------
                                              2.548664   slack (MET)


Startpoint: control[3] (input port clocked by __VIRTUAL_CLK__)
Endpoint: result[15] (output port clocked by __VIRTUAL_CLK__)
Path Group: __VIRTUAL_CLK__
Path Type: max

Fanout         Cap        Slew       Delay        Time   Description
---------------------------------------------------------------------------------------------
                      0.000000    0.000000    0.000000   clock __VIRTUAL_CLK__ (rise edge)
                                  0.000000    0.000000   clock network delay (ideal)
                                  2.000000    2.000000 ^ input external delay
     1    0.003469    0.022629    0.012638    2.012638 ^ control[3] (in)
                                                         control[3] (net)
                      0.022629    0.000000    2.012638 ^ input68/A (sky130_fd_sc_hd__clkdlybuf4s25_1)
     2    0.009956    0.110750    0.285315    2.297953 ^ input68/X (sky130_fd_sc_hd__clkdlybuf4s25_1)
                                                         net68 (net)
                      0.110750    0.000110    2.298062 ^ fanout154/A (sky130_fd_sc_hd__clkbuf_2)
    10    0.027744    0.155056    0.207253    2.505315 ^ fanout154/X (sky130_fd_sc_hd__clkbuf_2)
                                                         net154 (net)
                      0.155056    0.000213    2.505528 ^ _0864_/B (sky130_fd_sc_hd__or2_2)
     5    0.016889    0.096200    0.183838    2.689365 ^ _0864_/X (sky130_fd_sc_hd__or2_2)
                                                         _0039_ (net)
                      0.096200    0.000141    2.689507 ^ _0874_/A_N (sky130_fd_sc_hd__and3b_2)
     1    0.008842    0.052128    0.230466    2.919973 v _0874_/X (sky130_fd_sc_hd__and3b_2)
                                                         _0049_ (net)
                      0.052128    0.000265    2.920238 v fanout115/A (sky130_fd_sc_hd__clkdlybuf4s25_1)
     7    0.040135    0.297376    0.447998    3.368236 v fanout115/X (sky130_fd_sc_hd__clkdlybuf4s25_1)
                                                         net115 (net)
                      0.297376    0.000304    3.368540 v fanout114/A (sky130_fd_sc_hd__buf_2)
    10    0.048102    0.117656    0.313585    3.682125 v fanout114/X (sky130_fd_sc_hd__buf_2)
                                                         net114 (net)
                      0.117718    0.002537    3.684662 v _1394_/A1 (sky130_fd_sc_hd__a211o_2)
     1    0.007832    0.060779    0.335334    4.019997 v _1394_/X (sky130_fd_sc_hd__a211o_2)
                                                         _0554_ (net)
                      0.060779    0.000119    4.020116 v _1399_/C1 (sky130_fd_sc_hd__a221o_2)
     1    0.002808    0.051961    0.294931    4.315047 v _1399_/X (sky130_fd_sc_hd__a221o_2)
                                                         _0559_ (net)
                      0.051961    0.000027    4.315074 v _1400_/B1 (sky130_fd_sc_hd__a21o_2)
     1    0.006723    0.043197    0.196390    4.511464 v _1400_/X (sky130_fd_sc_hd__a21o_2)
                                                         _0560_ (net)
                      0.043197    0.000177    4.511641 v _1401_/B1 (sky130_fd_sc_hd__a31o_2)
     1    0.005646    0.043802    0.217861    4.729502 v _1401_/X (sky130_fd_sc_hd__a31o_2)
                                                         _0561_ (net)
                      0.043802    0.000117    4.729619 v _1402_/B1 (sky130_fd_sc_hd__a21o_2)
     2    0.010756    0.055641    0.207173    4.936791 v _1402_/X (sky130_fd_sc_hd__a21o_2)
                                                         net75 (net)
                      0.055721    0.000365    4.937156 v output75/A (sky130_fd_sc_hd__buf_4)
     1    0.034732    0.059357    0.173463    5.110619 v output75/X (sky130_fd_sc_hd__buf_4)
                                                         result[15] (net)
                      0.059357    0.000266    5.110885 v result[15] (out)
                                              5.110885   data arrival time

                      0.000000   10.000000   10.000000   clock __VIRTUAL_CLK__ (rise edge)
                                  0.000000   10.000000   clock network delay (ideal)
                                 -0.250000    9.750000   clock uncertainty
                                  0.000000    9.750000   clock reconvergence pessimism
                                 -2.000000    7.750000   output external delay
                                              7.750000   data required time
---------------------------------------------------------------------------------------------
                                              7.750000   data required time
                                             -5.110885   data arrival time
---------------------------------------------------------------------------------------------
                                              2.639115   slack (MET)


Startpoint: B[0] (input port clocked by __VIRTUAL_CLK__)
Endpoint: result[7] (output port clocked by __VIRTUAL_CLK__)
Path Group: __VIRTUAL_CLK__
Path Type: max

Fanout         Cap        Slew       Delay        Time   Description
---------------------------------------------------------------------------------------------
                      0.000000    0.000000    0.000000   clock __VIRTUAL_CLK__ (rise edge)
                                  0.000000    0.000000   clock network delay (ideal)
                                  2.000000    2.000000 v input external delay
     1    0.007729    0.019537    0.012502    2.012502 v B[0] (in)
                                                         B[0] (net)
                      0.019537    0.000000    2.012502 v input33/A (sky130_fd_sc_hd__buf_8)
     2    0.024581    0.033327    0.116119    2.128621 v input33/X (sky130_fd_sc_hd__buf_8)
                                                         net33 (net)
                      0.033330    0.000365    2.128986 v fanout192/A (sky130_fd_sc_hd__buf_8)
     2    0.018776    0.029906    0.117676    2.246662 v fanout192/X (sky130_fd_sc_hd__buf_8)
                                                         net192 (net)
                      0.029917    0.000290    2.246952 v fanout190/A (sky130_fd_sc_hd__buf_6)
     2    0.006815    0.023073    0.104913    2.351865 v fanout190/X (sky130_fd_sc_hd__buf_6)
                                                         net190 (net)
                      0.023073    0.000024    2.351889 v load_slew191/A (sky130_fd_sc_hd__buf_6)
     3    0.019538    0.032993    0.115761    2.467650 v load_slew191/X (sky130_fd_sc_hd__buf_6)
                                                         net191 (net)
                      0.033033    0.000981    2.468631 v fanout188/A (sky130_fd_sc_hd__buf_8)
     5    0.025526    0.033958    0.122421    2.591052 v fanout188/X (sky130_fd_sc_hd__buf_8)
                                                         net188 (net)
                      0.033959    0.000268    2.591320 v load_slew189/A (sky130_fd_sc_hd__buf_8)
     4    0.012476    0.026406    0.113411    2.704731 v load_slew189/X (sky130_fd_sc_hd__buf_8)
                                                         net189 (net)
                      0.026406    0.000159    2.704890 v rebuffer632/A (sky130_fd_sc_hd__buf_2)
     1    0.005183    0.028899    0.113251    2.818141 v rebuffer632/X (sky130_fd_sc_hd__buf_2)
                                                         net632 (net)
                      0.028909    0.000056    2.818197 v rebuffer230/A (sky130_fd_sc_hd__buf_6)
     2    0.009405    0.024945    0.107338    2.925535 v rebuffer230/X (sky130_fd_sc_hd__buf_6)
                                                         net230 (net)
                      0.024945    0.000147    2.925682 v rebuffer523/A (sky130_fd_sc_hd__buf_4)
     1    0.005755    0.027595    0.122090    3.047772 v rebuffer523/X (sky130_fd_sc_hd__buf_4)
                                                         net523 (net)
                      0.027595    0.000052    3.047825 v _1142_/S0 (sky130_fd_sc_hd__mux4_2)
     4    0.030034    0.155644    0.522680    3.570504 v _1142_/X (sky130_fd_sc_hd__mux4_2)
                                                         _0314_ (net)
                      0.155647    0.000931    3.571435 v _1243_/A0 (sky130_fd_sc_hd__mux2_2)
     2    0.005773    0.056552    0.312504    3.883940 v _1243_/X (sky130_fd_sc_hd__mux2_2)
                                                         _0411_ (net)
                      0.056552    0.000041    3.883980 v _1248_/A2 (sky130_fd_sc_hd__o221a_2)
     1    0.011721    0.067002    0.299416    4.183396 v _1248_/X (sky130_fd_sc_hd__o221a_2)
                                                         _0416_ (net)
                      0.067005    0.000512    4.183908 v _1249_/C (sky130_fd_sc_hd__or3_2)
     1    0.002901    0.075514    0.408311    4.592219 v _1249_/X (sky130_fd_sc_hd__or3_2)
                                                         _0417_ (net)
                      0.075514    0.000020    4.592239 v _1250_/C (sky130_fd_sc_hd__or3_4)
     2    0.010993    0.076164    0.352116    4.944355 v _1250_/X (sky130_fd_sc_hd__or3_4)
                                                         net98 (net)
                      0.076164    0.000210    4.944565 v output98/A (sky130_fd_sc_hd__buf_6)
     1    0.035745    0.044760    0.151822    5.096387 v output98/X (sky130_fd_sc_hd__buf_6)
                                                         result[7] (net)
                      0.044770    0.000662    5.097049 v result[7] (out)
                                              5.097049   data arrival time

                      0.000000   10.000000   10.000000   clock __VIRTUAL_CLK__ (rise edge)
                                  0.000000   10.000000   clock network delay (ideal)
                                 -0.250000    9.750000   clock uncertainty
                                  0.000000    9.750000   clock reconvergence pessimism
                                 -2.000000    7.750000   output external delay
                                              7.750000   data required time
---------------------------------------------------------------------------------------------
                                              7.750000   data required time
                                             -5.097049   data arrival time
---------------------------------------------------------------------------------------------
                                              2.652951   slack (MET)


Startpoint: B[0] (input port clocked by __VIRTUAL_CLK__)
Endpoint: result[12] (output port clocked by __VIRTUAL_CLK__)
Path Group: __VIRTUAL_CLK__
Path Type: max

Fanout         Cap        Slew       Delay        Time   Description
---------------------------------------------------------------------------------------------
                      0.000000    0.000000    0.000000   clock __VIRTUAL_CLK__ (rise edge)
                                  0.000000    0.000000   clock network delay (ideal)
                                  2.000000    2.000000 ^ input external delay
     1    0.008390    0.044246    0.028783    2.028783 ^ B[0] (in)
                                                         B[0] (net)
                      0.044246    0.000000    2.028783 ^ input33/A (sky130_fd_sc_hd__buf_8)
     2    0.025721    0.052975    0.105731    2.134514 ^ input33/X (sky130_fd_sc_hd__buf_8)
                                                         net33 (net)
                      0.052978    0.000417    2.134931 ^ fanout199/A (sky130_fd_sc_hd__buf_6)
     5    0.025883    0.061257    0.116796    2.251726 ^ fanout199/X (sky130_fd_sc_hd__buf_6)
                                                         net199 (net)
                      0.061257    0.000134    2.251861 ^ fanout196/A (sky130_fd_sc_hd__buf_4)
     5    0.026905    0.083387    0.147828    2.399688 ^ fanout196/X (sky130_fd_sc_hd__buf_4)
                                                         net196 (net)
                      0.083391    0.000710    2.400398 ^ fanout193/A (sky130_fd_sc_hd__buf_6)
     5    0.024109    0.058177    0.124566    2.524964 ^ fanout193/X (sky130_fd_sc_hd__buf_6)
                                                         net193 (net)
                      0.058177    0.000130    2.525094 ^ load_slew194/A (sky130_fd_sc_hd__buf_6)
     6    0.038781    0.085185    0.135970    2.661064 ^ load_slew194/X (sky130_fd_sc_hd__buf_6)
                                                         net194 (net)
                      0.085191    0.000788    2.661853 ^ _1264_/S0 (sky130_fd_sc_hd__mux4_2)
     2    0.013001    0.112957    0.549630    3.211483 v _1264_/X (sky130_fd_sc_hd__mux4_2)
                                                         _0431_ (net)
                      0.112957    0.000469    3.211952 v _1339_/A0 (sky130_fd_sc_hd__mux2_2)
     2    0.005106    0.055235    0.292159    3.504112 v _1339_/X (sky130_fd_sc_hd__mux2_2)
                                                         _0502_ (net)
                      0.055235    0.000061    3.504172 v _1340_/A1 (sky130_fd_sc_hd__mux2_2)
     2    0.010755    0.070292    0.296228    3.800400 v _1340_/X (sky130_fd_sc_hd__mux2_2)
                                                         _0503_ (net)
                      0.070292    0.000176    3.800576 v _1344_/A2 (sky130_fd_sc_hd__a22o_2)
     1    0.016220    0.071165    0.305211    4.105787 v _1344_/X (sky130_fd_sc_hd__a22o_2)
                                                         _0507_ (net)
                      0.071166    0.000350    4.106137 v _1347_/A (sky130_fd_sc_hd__or3_2)
     1    0.002949    0.075611    0.473059    4.579197 v _1347_/X (sky130_fd_sc_hd__or3_2)
                                                         _0510_ (net)
                      0.075611    0.000032    4.579229 v _1348_/C (sky130_fd_sc_hd__or3_4)
     2    0.011968    0.077836    0.355104    4.934332 v _1348_/X (sky130_fd_sc_hd__or3_4)
                                                         net72 (net)
                      0.077836    0.000210    4.934542 v output72/A (sky130_fd_sc_hd__buf_6)
     1    0.034917    0.044179    0.152056    5.086598 v output72/X (sky130_fd_sc_hd__buf_6)
                                                         result[12] (net)
                      0.044184    0.000497    5.087095 v result[12] (out)
                                              5.087095   data arrival time

                      0.000000   10.000000   10.000000   clock __VIRTUAL_CLK__ (rise edge)
                                  0.000000   10.000000   clock network delay (ideal)
                                 -0.250000    9.750000   clock uncertainty
                                  0.000000    9.750000   clock reconvergence pessimism
                                 -2.000000    7.750000   output external delay
                                              7.750000   data required time
---------------------------------------------------------------------------------------------
                                              7.750000   data required time
                                             -5.087095   data arrival time
---------------------------------------------------------------------------------------------
                                              2.662905   slack (MET)


Startpoint: B[0] (input port clocked by __VIRTUAL_CLK__)
Endpoint: result[9] (output port clocked by __VIRTUAL_CLK__)
Path Group: __VIRTUAL_CLK__
Path Type: max

Fanout         Cap        Slew       Delay        Time   Description
---------------------------------------------------------------------------------------------
                      0.000000    0.000000    0.000000   clock __VIRTUAL_CLK__ (rise edge)
                                  0.000000    0.000000   clock network delay (ideal)
                                  2.000000    2.000000 ^ input external delay
     1    0.008390    0.044246    0.028783    2.028783 ^ B[0] (in)
                                                         B[0] (net)
                      0.044246    0.000000    2.028783 ^ input33/A (sky130_fd_sc_hd__buf_8)
     2    0.025721    0.052975    0.105731    2.134514 ^ input33/X (sky130_fd_sc_hd__buf_8)
                                                         net33 (net)
                      0.052977    0.000385    2.134899 ^ fanout192/A (sky130_fd_sc_hd__buf_8)
     2    0.019415    0.043874    0.101575    2.236474 ^ fanout192/X (sky130_fd_sc_hd__buf_8)
                                                         net192 (net)
                      0.043876    0.000301    2.236775 ^ fanout190/A (sky130_fd_sc_hd__buf_6)
     2    0.007454    0.028848    0.086017    2.322791 ^ fanout190/X (sky130_fd_sc_hd__buf_6)
                                                         net190 (net)
                      0.028848    0.000026    2.322817 ^ load_slew191/A (sky130_fd_sc_hd__buf_6)
     3    0.020519    0.051396    0.100337    2.423154 ^ load_slew191/X (sky130_fd_sc_hd__buf_6)
                                                         net191 (net)
                      0.051396    0.000185    2.423339 ^ rebuffer220/A (sky130_fd_sc_hd__buf_2)
     3    0.017470    0.091945    0.144910    2.568249 ^ rebuffer220/X (sky130_fd_sc_hd__buf_2)
                                                         net220 (net)
                      0.091945    0.000083    2.568333 ^ _1074_/S (sky130_fd_sc_hd__mux2_2)
     2    0.009466    0.066817    0.363586    2.931919 v _1074_/X (sky130_fd_sc_hd__mux2_2)
                                                         _0248_ (net)
                      0.066886    0.000233    2.932153 v _1078_/A3 (sky130_fd_sc_hd__mux4_2)
     2    0.010218    0.103839    0.510074    3.442226 v _1078_/X (sky130_fd_sc_hd__mux4_2)
                                                         _0252_ (net)
                      0.103839    0.000199    3.442425 v _1276_/A2 (sky130_fd_sc_hd__a31o_2)
     1    0.004210    0.041046    0.254419    3.696844 v _1276_/X (sky130_fd_sc_hd__a31o_2)
                                                         _0442_ (net)
                      0.041046    0.000015    3.696860 v _1277_/B1 (sky130_fd_sc_hd__a21oi_2)
     1    0.008822    0.139548    0.137845    3.834704 ^ _1277_/Y (sky130_fd_sc_hd__a21oi_2)
                                                         _0443_ (net)
                      0.139548    0.000229    3.834933 ^ _1278_/A (sky130_fd_sc_hd__inv_2)
     2    0.005688    0.036226    0.049354    3.884288 v _1278_/Y (sky130_fd_sc_hd__inv_2)
                                                         _0444_ (net)
                      0.036226    0.000035    3.884323 v _1285_/A2 (sky130_fd_sc_hd__a22o_2)
     1    0.009766    0.057265    0.272170    4.156493 v _1285_/X (sky130_fd_sc_hd__a22o_2)
                                                         _0451_ (net)
                      0.057267    0.000394    4.156887 v _1286_/C (sky130_fd_sc_hd__or3_2)
     1    0.004463    0.082958    0.417553    4.574440 v _1286_/X (sky130_fd_sc_hd__or3_2)
                                                         _0452_ (net)
                      0.082958    0.000074    4.574514 v _1291_/C (sky130_fd_sc_hd__or3_4)
     2    0.008173    0.071822    0.346040    4.920554 v _1291_/X (sky130_fd_sc_hd__or3_4)
                                                         net100 (net)
                      0.071822    0.000123    4.920677 v output100/A (sky130_fd_sc_hd__buf_6)
     1    0.035497    0.044554    0.149671    5.070348 v output100/X (sky130_fd_sc_hd__buf_6)
                                                         result[9] (net)
                      0.044562    0.000594    5.070942 v result[9] (out)
                                              5.070942   data arrival time

                      0.000000   10.000000   10.000000   clock __VIRTUAL_CLK__ (rise edge)
                                  0.000000   10.000000   clock network delay (ideal)
                                 -0.250000    9.750000   clock uncertainty
                                  0.000000    9.750000   clock reconvergence pessimism
                                 -2.000000    7.750000   output external delay
                                              7.750000   data required time
---------------------------------------------------------------------------------------------
                                              7.750000   data required time
                                             -5.070942   data arrival time
---------------------------------------------------------------------------------------------
                                              2.679058   slack (MET)


Startpoint: control[0] (input port clocked by __VIRTUAL_CLK__)
Endpoint: result[3] (output port clocked by __VIRTUAL_CLK__)
Path Group: __VIRTUAL_CLK__
Path Type: max

Fanout         Cap        Slew       Delay        Time   Description
---------------------------------------------------------------------------------------------
                      0.000000    0.000000    0.000000   clock __VIRTUAL_CLK__ (rise edge)
                                  0.000000    0.000000   clock network delay (ideal)
                                  2.000000    2.000000 ^ input external delay
     1    0.003117    0.021100    0.011407    2.011407 ^ control[0] (in)
                                                         control[0] (net)
                      0.021100    0.000000    2.011407 ^ input65/A (sky130_fd_sc_hd__clkdlybuf4s25_1)
     5    0.019681    0.204560    0.351280    2.362687 ^ input65/X (sky130_fd_sc_hd__clkdlybuf4s25_1)
                                                         net65 (net)
                      0.204560    0.000500    2.363187 ^ fanout156/A (sky130_fd_sc_hd__buf_4)
    10    0.038188    0.113558    0.213829    2.577016 ^ fanout156/X (sky130_fd_sc_hd__buf_4)
                                                         net156 (net)
                      0.113558    0.000405    2.577421 ^ _0868_/A (sky130_fd_sc_hd__or2_2)
     5    0.021915    0.119975    0.190738    2.768159 ^ _0868_/X (sky130_fd_sc_hd__or2_2)
                                                         _0043_ (net)
                      0.119975    0.000057    2.768216 ^ _1104_/B (sky130_fd_sc_hd__or2_2)
     4    0.044200    0.229252    0.269186    3.037402 ^ _1104_/X (sky130_fd_sc_hd__or2_2)
                                                         _0278_ (net)
                      0.229325    0.000971    3.038374 ^ fanout107/A (sky130_fd_sc_hd__dlymetal6s2s_1)
    10    0.092213    0.881850    0.724627    3.763001 ^ fanout107/X (sky130_fd_sc_hd__dlymetal6s2s_1)
                                                         net107 (net)
                      0.881862    0.002829    3.765830 ^ _1152_/B1 (sky130_fd_sc_hd__a21oi_2)
     1    0.002856    0.135665    0.030765    3.796595 v _1152_/Y (sky130_fd_sc_hd__a21oi_2)
                                                         _0324_ (net)
                      0.135665    0.000027    3.796622 v _1153_/B1 (sky130_fd_sc_hd__o21a_2)
     1    0.002084    0.031312    0.147568    3.944190 v _1153_/X (sky130_fd_sc_hd__o21a_2)
                                                         _0325_ (net)
                      0.031312    0.000013    3.944203 v _1169_/A (sky130_fd_sc_hd__or4b_2)
     1    0.002783    0.097972    0.652056    4.596260 v _1169_/X (sky130_fd_sc_hd__or4b_2)
                                                         _0341_ (net)
                      0.097972    0.000028    4.596287 v _1170_/B1 (sky130_fd_sc_hd__a21o_2)
     2    0.005832    0.041296    0.211221    4.807508 v _1170_/X (sky130_fd_sc_hd__a21o_2)
                                                         net94 (net)
                      0.041296    0.000051    4.807559 v output94/A (sky130_fd_sc_hd__dlymetal6s2s_1)
     1    0.035548    0.177312    0.251565    5.059124 v output94/X (sky130_fd_sc_hd__dlymetal6s2s_1)
                                                         result[3] (net)
                      0.177312    0.000247    5.059372 v result[3] (out)
                                              5.059372   data arrival time

                      0.000000   10.000000   10.000000   clock __VIRTUAL_CLK__ (rise edge)
                                  0.000000   10.000000   clock network delay (ideal)
                                 -0.250000    9.750000   clock uncertainty
                                  0.000000    9.750000   clock reconvergence pessimism
                                 -2.000000    7.750000   output external delay
                                              7.750000   data required time
---------------------------------------------------------------------------------------------
                                              7.750000   data required time
                                             -5.059372   data arrival time
---------------------------------------------------------------------------------------------
                                              2.690628   slack (MET)


Startpoint: control[0] (input port clocked by __VIRTUAL_CLK__)
Endpoint: result[1] (output port clocked by __VIRTUAL_CLK__)
Path Group: __VIRTUAL_CLK__
Path Type: max

Fanout         Cap        Slew       Delay        Time   Description
---------------------------------------------------------------------------------------------
                      0.000000    0.000000    0.000000   clock __VIRTUAL_CLK__ (rise edge)
                                  0.000000    0.000000   clock network delay (ideal)
                                  2.000000    2.000000 v input external delay
     1    0.002892    0.008845    0.004571    2.004571 v control[0] (in)
                                                         control[0] (net)
                      0.008845    0.000000    2.004571 v input65/A (sky130_fd_sc_hd__clkdlybuf4s25_1)
     5    0.018877    0.147659    0.317752    2.322323 v input65/X (sky130_fd_sc_hd__clkdlybuf4s25_1)
                                                         net65 (net)
                      0.147659    0.000478    2.322801 v fanout156/A (sky130_fd_sc_hd__buf_4)
    10    0.036408    0.061728    0.216293    2.539094 v fanout156/X (sky130_fd_sc_hd__buf_4)
                                                         net156 (net)
                      0.061729    0.000385    2.539479 v _0868_/A (sky130_fd_sc_hd__or2_2)
     5    0.019784    0.097302    0.357470    2.896949 v _0868_/X (sky130_fd_sc_hd__or2_2)
                                                         _0043_ (net)
                      0.097302    0.000051    2.897000 v _1104_/B (sky130_fd_sc_hd__or2_2)
     4    0.042372    0.144662    0.408110    3.305110 v _1104_/X (sky130_fd_sc_hd__or2_2)
                                                         _0278_ (net)
                      0.144665    0.000932    3.306042 v fanout107/A (sky130_fd_sc_hd__dlymetal6s2s_1)
    10    0.087331    0.411472    0.470186    3.776227 v fanout107/X (sky130_fd_sc_hd__dlymetal6s2s_1)
                                                         net107 (net)
                      0.411473    0.000523    3.776751 v _1105_/B1 (sky130_fd_sc_hd__a21o_2)
     1    0.002217    0.035301    0.316044    4.092795 v _1105_/X (sky130_fd_sc_hd__a21o_2)
                                                         _0279_ (net)
                      0.035301    0.000021    4.092815 v _1108_/B1 (sky130_fd_sc_hd__o2bb2a_2)
     1    0.005532    0.051255    0.259921    4.352736 v _1108_/X (sky130_fd_sc_hd__o2bb2a_2)
                                                         _0282_ (net)
                      0.051255    0.000071    4.352808 v _1109_/B1 (sky130_fd_sc_hd__o211ai_2)
     1    0.005919    0.150529    0.076309    4.429117 ^ _1109_/Y (sky130_fd_sc_hd__o211ai_2)
                                                         _0283_ (net)
                      0.150529    0.000126    4.429243 ^ _1110_/C1 (sky130_fd_sc_hd__a211o_2)
     2    0.011892    0.068781    0.151312    4.580555 ^ _1110_/X (sky130_fd_sc_hd__a211o_2)
                                                         net80 (net)
                      0.068781    0.000242    4.580797 ^ output80/A (sky130_fd_sc_hd__clkdlybuf4s25_1)
     1    0.035324    0.356160    0.475107    5.055904 ^ output80/X (sky130_fd_sc_hd__clkdlybuf4s25_1)
                                                         result[1] (net)
                      0.356160    0.000210    5.056113 ^ result[1] (out)
                                              5.056113   data arrival time

                      0.000000   10.000000   10.000000   clock __VIRTUAL_CLK__ (rise edge)
                                  0.000000   10.000000   clock network delay (ideal)
                                 -0.250000    9.750000   clock uncertainty
                                  0.000000    9.750000   clock reconvergence pessimism
                                 -2.000000    7.750000   output external delay
                                              7.750000   data required time
---------------------------------------------------------------------------------------------
                                              7.750000   data required time
                                             -5.056113   data arrival time
---------------------------------------------------------------------------------------------
                                              2.693887   slack (MET)


Startpoint: B[1] (input port clocked by __VIRTUAL_CLK__)
Endpoint: result[11] (output port clocked by __VIRTUAL_CLK__)
Path Group: __VIRTUAL_CLK__
Path Type: max

Fanout         Cap        Slew       Delay        Time   Description
---------------------------------------------------------------------------------------------
                      0.000000    0.000000    0.000000   clock __VIRTUAL_CLK__ (rise edge)
                                  0.000000    0.000000   clock network delay (ideal)
                                  2.000000    2.000000 v input external delay
     1    0.008001    0.020130    0.012944    2.012944 v B[1] (in)
                                                         B[1] (net)
                      0.020130    0.000000    2.012944 v input44/A (sky130_fd_sc_hd__buf_8)
     3    0.019070    0.030024    0.112272    2.125216 v input44/X (sky130_fd_sc_hd__buf_8)
                                                         net44 (net)
                      0.030041    0.000624    2.125840 v fanout180/A (sky130_fd_sc_hd__buf_8)
     2    0.010787    0.025461    0.110456    2.236296 v fanout180/X (sky130_fd_sc_hd__buf_8)
                                                         net180 (net)
                      0.025461    0.000096    2.236392 v load_slew181/A (sky130_fd_sc_hd__buf_8)
     2    0.019077    0.030074    0.114361    2.350754 v load_slew181/X (sky130_fd_sc_hd__buf_8)
                                                         net181 (net)
                      0.030098    0.000770    2.351524 v fanout178/A (sky130_fd_sc_hd__buf_8)
     2    0.012135    0.026214    0.111470    2.462994 v fanout178/X (sky130_fd_sc_hd__buf_8)
                                                         net178 (net)
                      0.026214    0.000098    2.463092 v rebuffer525/A (sky130_fd_sc_hd__buf_8)
     2    0.018383    0.029673    0.114352    2.577444 v rebuffer525/X (sky130_fd_sc_hd__buf_8)
                                                         net525 (net)
                      0.029683    0.000161    2.577605 v _0958_/B (sky130_fd_sc_hd__xnor2_4)
     5    0.018043    0.190785    0.181127    2.758732 ^ _0958_/Y (sky130_fd_sc_hd__xnor2_4)
                                                         _0133_ (net)
                      0.190785    0.000155    2.758887 ^ _0960_/A1 (sky130_fd_sc_hd__a21o_4)
     2    0.008843    0.040471    0.153701    2.912589 ^ _0960_/X (sky130_fd_sc_hd__a21o_4)
                                                         _0135_ (net)
                      0.040471    0.000115    2.912704 ^ _0968_/A3 (sky130_fd_sc_hd__a31o_4)
     2    0.013010    0.060719    0.161833    3.074537 ^ _0968_/X (sky130_fd_sc_hd__a31o_4)
                                                         _0143_ (net)
                      0.060722    0.000511    3.075048 ^ _0983_/D_N (sky130_fd_sc_hd__or4b_4)
     2    0.009371    0.093532    0.472224    3.547271 v _0983_/X (sky130_fd_sc_hd__or4b_4)
                                                         _0158_ (net)
                      0.093532    0.000192    3.547463 v rebuffer218/A (sky130_fd_sc_hd__buf_6)
     2    0.012105    0.026952    0.139527    3.686990 v rebuffer218/X (sky130_fd_sc_hd__buf_6)
                                                         net218 (net)
                      0.026952    0.000054    3.687045 v _1273_/A1 (sky130_fd_sc_hd__a221o_2)
     3    0.009625    0.071960    0.368345    4.055390 v _1273_/X (sky130_fd_sc_hd__a221o_2)
                                                         _0439_ (net)
                      0.071960    0.000107    4.055497 v _1292_/A1 (sky130_fd_sc_hd__a21bo_2)
     2    0.007731    0.046508    0.213193    4.268690 v _1292_/X (sky130_fd_sc_hd__a21bo_2)
                                                         _0457_ (net)
                      0.046508    0.000016    4.268706 v _1308_/B1_N (sky130_fd_sc_hd__a21boi_4)
     1    0.009154    0.082693    0.141434    4.410140 v _1308_/Y (sky130_fd_sc_hd__a21boi_4)
                                                         _0472_ (net)
                      0.082693    0.000124    4.410264 v _1309_/B (sky130_fd_sc_hd__xnor2_2)
     1    0.005764    0.068950    0.145945    4.556209 v _1309_/Y (sky130_fd_sc_hd__xnor2_2)
                                                         _0473_ (net)
                      0.068950    0.000086    4.556295 v _1325_/A1 (sky130_fd_sc_hd__a211o_4)
     2    0.012163    0.061533    0.342811    4.899106 v _1325_/X (sky130_fd_sc_hd__a211o_4)
                                                         net71 (net)
                      0.061533    0.000257    4.899363 v output71/A (sky130_fd_sc_hd__buf_8)
     1    0.034555    0.039998    0.141424    5.040787 v output71/X (sky130_fd_sc_hd__buf_8)
                                                         result[11] (net)
                      0.040003    0.000435    5.041222 v result[11] (out)
                                              5.041222   data arrival time

                      0.000000   10.000000   10.000000   clock __VIRTUAL_CLK__ (rise edge)
                                  0.000000   10.000000   clock network delay (ideal)
                                 -0.250000    9.750000   clock uncertainty
                                  0.000000    9.750000   clock reconvergence pessimism
                                 -2.000000    7.750000   output external delay
                                              7.750000   data required time
---------------------------------------------------------------------------------------------
                                              7.750000   data required time
                                             -5.041222   data arrival time
---------------------------------------------------------------------------------------------
                                              2.708778   slack (MET)


Startpoint: B[0] (input port clocked by __VIRTUAL_CLK__)
Endpoint: result[5] (output port clocked by __VIRTUAL_CLK__)
Path Group: __VIRTUAL_CLK__
Path Type: max

Fanout         Cap        Slew       Delay        Time   Description
---------------------------------------------------------------------------------------------
                      0.000000    0.000000    0.000000   clock __VIRTUAL_CLK__ (rise edge)
                                  0.000000    0.000000   clock network delay (ideal)
                                  2.000000    2.000000 v input external delay
     1    0.007729    0.019537    0.012502    2.012502 v B[0] (in)
                                                         B[0] (net)
                      0.019537    0.000000    2.012502 v input33/A (sky130_fd_sc_hd__buf_8)
     2    0.024581    0.033327    0.116119    2.128621 v input33/X (sky130_fd_sc_hd__buf_8)
                                                         net33 (net)
                      0.033330    0.000365    2.128986 v fanout192/A (sky130_fd_sc_hd__buf_8)
     2    0.018776    0.029906    0.117676    2.246662 v fanout192/X (sky130_fd_sc_hd__buf_8)
                                                         net192 (net)
                      0.029917    0.000290    2.246952 v fanout190/A (sky130_fd_sc_hd__buf_6)
     2    0.006815    0.023073    0.104913    2.351865 v fanout190/X (sky130_fd_sc_hd__buf_6)
                                                         net190 (net)
                      0.023073    0.000024    2.351889 v load_slew191/A (sky130_fd_sc_hd__buf_6)
     3    0.019538    0.032993    0.115761    2.467650 v load_slew191/X (sky130_fd_sc_hd__buf_6)
                                                         net191 (net)
                      0.033033    0.000981    2.468631 v fanout188/A (sky130_fd_sc_hd__buf_8)
     5    0.025526    0.033958    0.122421    2.591052 v fanout188/X (sky130_fd_sc_hd__buf_8)
                                                         net188 (net)
                      0.033959    0.000268    2.591320 v load_slew189/A (sky130_fd_sc_hd__buf_8)
     4    0.012476    0.026406    0.113411    2.704731 v load_slew189/X (sky130_fd_sc_hd__buf_8)
                                                         net189 (net)
                      0.026406    0.000158    2.704889 v _1070_/S0 (sky130_fd_sc_hd__mux4_2)
     2    0.014391    0.115584    0.467041    3.171930 v _1070_/X (sky130_fd_sc_hd__mux4_2)
                                                         _0244_ (net)
                      0.115584    0.000543    3.172473 v rebuffer216/A (sky130_fd_sc_hd__buf_2)
     2    0.005388    0.029265    0.153549    3.326022 v rebuffer216/X (sky130_fd_sc_hd__buf_2)
                                                         net216 (net)
                      0.029265    0.000013    3.326035 v _1193_/B (sky130_fd_sc_hd__or2_2)
     1    0.002532    0.052763    0.259817    3.585852 v _1193_/X (sky130_fd_sc_hd__or2_2)
                                                         _0363_ (net)
                      0.052763    0.000012    3.585863 v _1194_/B1 (sky130_fd_sc_hd__o211a_2)
     2    0.006259    0.049194    0.142089    3.727953 v _1194_/X (sky130_fd_sc_hd__o211a_2)
                                                         _0364_ (net)
                      0.049194    0.000044    3.727997 v _1196_/B1 (sky130_fd_sc_hd__a21o_2)
     1    0.002620    0.032838    0.179530    3.907527 v _1196_/X (sky130_fd_sc_hd__a21o_2)
                                                         _0366_ (net)
                      0.032838    0.000023    3.907550 v _1198_/A2 (sky130_fd_sc_hd__a22o_2)
     2    0.012378    0.063218    0.280250    4.187800 v _1198_/X (sky130_fd_sc_hd__a22o_2)
                                                         _0368_ (net)
                      0.063251    0.000197    4.187997 v _1206_/A2 (sky130_fd_sc_hd__a22o_2)
     1    0.012256    0.063200    0.292637    4.480634 v _1206_/X (sky130_fd_sc_hd__a22o_2)
                                                         _0376_ (net)
                      0.063205    0.000463    4.481097 v _1210_/B (sky130_fd_sc_hd__or3_4)
     2    0.009151    0.073322    0.380210    4.861307 v _1210_/X (sky130_fd_sc_hd__or3_4)
                                                         net96 (net)
                      0.073322    0.000149    4.861456 v output96/A (sky130_fd_sc_hd__buf_6)
     1    0.035228    0.044417    0.150193    5.011649 v output96/X (sky130_fd_sc_hd__buf_6)
                                                         result[5] (net)
                      0.044423    0.000525    5.012174 v result[5] (out)
                                              5.012174   data arrival time

                      0.000000   10.000000   10.000000   clock __VIRTUAL_CLK__ (rise edge)
                                  0.000000   10.000000   clock network delay (ideal)
                                 -0.250000    9.750000   clock uncertainty
                                  0.000000    9.750000   clock reconvergence pessimism
                                 -2.000000    7.750000   output external delay
                                              7.750000   data required time
---------------------------------------------------------------------------------------------
                                              7.750000   data required time
                                             -5.012174   data arrival time
---------------------------------------------------------------------------------------------
                                              2.737827   slack (MET)


Startpoint: B[0] (input port clocked by __VIRTUAL_CLK__)
Endpoint: result[8] (output port clocked by __VIRTUAL_CLK__)
Path Group: __VIRTUAL_CLK__
Path Type: max

Fanout         Cap        Slew       Delay        Time   Description
---------------------------------------------------------------------------------------------
                      0.000000    0.000000    0.000000   clock __VIRTUAL_CLK__ (rise edge)
                                  0.000000    0.000000   clock network delay (ideal)
                                  2.000000    2.000000 ^ input external delay
     1    0.008390    0.044246    0.028783    2.028783 ^ B[0] (in)
                                                         B[0] (net)
                      0.044246    0.000000    2.028783 ^ input33/A (sky130_fd_sc_hd__buf_8)
     2    0.025721    0.052975    0.105731    2.134514 ^ input33/X (sky130_fd_sc_hd__buf_8)
                                                         net33 (net)
                      0.052977    0.000385    2.134899 ^ fanout192/A (sky130_fd_sc_hd__buf_8)
     2    0.019415    0.043874    0.101575    2.236474 ^ fanout192/X (sky130_fd_sc_hd__buf_8)
                                                         net192 (net)
                      0.043876    0.000301    2.236775 ^ fanout190/A (sky130_fd_sc_hd__buf_6)
     2    0.007454    0.028848    0.086017    2.322791 ^ fanout190/X (sky130_fd_sc_hd__buf_6)
                                                         net190 (net)
                      0.028848    0.000026    2.322817 ^ load_slew191/A (sky130_fd_sc_hd__buf_6)
     3    0.020519    0.051396    0.100337    2.423154 ^ load_slew191/X (sky130_fd_sc_hd__buf_6)
                                                         net191 (net)
                      0.051396    0.000185    2.423339 ^ rebuffer220/A (sky130_fd_sc_hd__buf_2)
     3    0.017470    0.091945    0.144910    2.568249 ^ rebuffer220/X (sky130_fd_sc_hd__buf_2)
                                                         net220 (net)
                      0.091945    0.000055    2.568305 ^ rebuffer219/A (sky130_fd_sc_hd__buf_4)
     4    0.023693    0.075118    0.153057    2.721361 ^ rebuffer219/X (sky130_fd_sc_hd__buf_4)
                                                         net219 (net)
                      0.075118    0.000261    2.721622 ^ _0843_/S0 (sky130_fd_sc_hd__mux4_2)
     3    0.020218    0.128820    0.571902    3.293524 v _0843_/X (sky130_fd_sc_hd__mux4_2)
                                                         _0018_ (net)
                      0.128822    0.000795    3.294319 v _0844_/A1 (sky130_fd_sc_hd__mux2_4)
     2    0.005659    0.053670    0.290958    3.585277 v _0844_/X (sky130_fd_sc_hd__mux2_4)
                                                         _0019_ (net)
                      0.053670    0.000038    3.585315 v _1260_/A2 (sky130_fd_sc_hd__a21o_2)
     2    0.008943    0.048741    0.228342    3.813658 v _1260_/X (sky130_fd_sc_hd__a21o_2)
                                                         _0427_ (net)
                      0.048741    0.000098    3.813755 v _1261_/C (sky130_fd_sc_hd__and3_4)
     1    0.010881    0.040814    0.187587    4.001342 v _1261_/X (sky130_fd_sc_hd__and3_4)
                                                         _0428_ (net)
                      0.040819    0.000472    4.001814 v _1263_/B1 (sky130_fd_sc_hd__a211o_2)
     1    0.002943    0.046811    0.295751    4.297565 v _1263_/X (sky130_fd_sc_hd__a211o_2)
                                                         _0430_ (net)
                      0.046811    0.000030    4.297595 v _1271_/B (sky130_fd_sc_hd__or4b_4)
     2    0.011899    0.097799    0.534767    4.832362 v _1271_/X (sky130_fd_sc_hd__or4b_4)
                                                         net99 (net)
                      0.097799    0.000222    4.832585 v output99/A (sky130_fd_sc_hd__buf_8)
     1    0.035650    0.040933    0.158479    4.991063 v output99/X (sky130_fd_sc_hd__buf_8)
                                                         result[8] (net)
                      0.040942    0.000607    4.991670 v result[8] (out)
                                              4.991670   data arrival time

                      0.000000   10.000000   10.000000   clock __VIRTUAL_CLK__ (rise edge)
                                  0.000000   10.000000   clock network delay (ideal)
                                 -0.250000    9.750000   clock uncertainty
                                  0.000000    9.750000   clock reconvergence pessimism
                                 -2.000000    7.750000   output external delay
                                              7.750000   data required time
---------------------------------------------------------------------------------------------
                                              7.750000   data required time
                                             -4.991670   data arrival time
---------------------------------------------------------------------------------------------
                                              2.758330   slack (MET)


Startpoint: B[0] (input port clocked by __VIRTUAL_CLK__)
Endpoint: result[13] (output port clocked by __VIRTUAL_CLK__)
Path Group: __VIRTUAL_CLK__
Path Type: max

Fanout         Cap        Slew       Delay        Time   Description
---------------------------------------------------------------------------------------------
                      0.000000    0.000000    0.000000   clock __VIRTUAL_CLK__ (rise edge)
                                  0.000000    0.000000   clock network delay (ideal)
                                  2.000000    2.000000 ^ input external delay
     1    0.008390    0.044246    0.028783    2.028783 ^ B[0] (in)
                                                         B[0] (net)
                      0.044246    0.000000    2.028783 ^ input33/A (sky130_fd_sc_hd__buf_8)
     2    0.025721    0.052975    0.105731    2.134514 ^ input33/X (sky130_fd_sc_hd__buf_8)
                                                         net33 (net)
                      0.052977    0.000385    2.134899 ^ fanout192/A (sky130_fd_sc_hd__buf_8)
     2    0.019415    0.043874    0.101575    2.236474 ^ fanout192/X (sky130_fd_sc_hd__buf_8)
                                                         net192 (net)
                      0.043874    0.000118    2.236591 ^ rebuffer522/A (sky130_fd_sc_hd__buf_2)
     2    0.011454    0.064740    0.121918    2.358509 ^ rebuffer522/X (sky130_fd_sc_hd__buf_2)
                                                         net522 (net)
                      0.064740    0.000187    2.358696 ^ fanout186/A (sky130_fd_sc_hd__buf_8)
     5    0.025225    0.052338    0.112474    2.471170 ^ fanout186/X (sky130_fd_sc_hd__buf_8)
                                                         net186 (net)
                      0.052338    0.000175    2.471345 ^ load_slew187/A (sky130_fd_sc_hd__buf_8)
     2    0.012448    0.034146    0.093307    2.564652 ^ load_slew187/X (sky130_fd_sc_hd__buf_8)
                                                         net187 (net)
                      0.034146    0.000254    2.564905 ^ fanout184/A (sky130_fd_sc_hd__buf_8)
     6    0.030646    0.060255    0.107955    2.672860 ^ fanout184/X (sky130_fd_sc_hd__buf_8)
                                                         net184 (net)
                      0.060255    0.000078    2.672938 ^ load_slew185/A (sky130_fd_sc_hd__buf_6)
     4    0.021876    0.053908    0.113653    2.786592 ^ load_slew185/X (sky130_fd_sc_hd__buf_6)
                                                         net185 (net)
                      0.053909    0.000388    2.786980 ^ _1087_/S0 (sky130_fd_sc_hd__mux4_2)
     2    0.012197    0.110778    0.537261    3.324241 v _1087_/X (sky130_fd_sc_hd__mux4_2)
                                                         _0261_ (net)
                      0.110778    0.000153    3.324394 v rebuffer222/A (sky130_fd_sc_hd__buf_2)
     2    0.005681    0.029830    0.152113    3.476506 v rebuffer222/X (sky130_fd_sc_hd__buf_2)
                                                         net222 (net)
                      0.029830    0.000075    3.476581 v _1357_/A2 (sky130_fd_sc_hd__mux4_2)
     1    0.003221    0.080795    0.444718    3.921299 v _1357_/X (sky130_fd_sc_hd__mux4_2)
                                                         _0519_ (net)
                      0.080795    0.000023    3.921322 v _1365_/A2 (sky130_fd_sc_hd__a221o_2)
     1    0.002581    0.051010    0.385723    4.307045 v _1365_/X (sky130_fd_sc_hd__a221o_2)
                                                         _0527_ (net)
                      0.051010    0.000023    4.307068 v _1366_/B1 (sky130_fd_sc_hd__a21o_2)
     1    0.018758    0.070107    0.229366    4.536434 v _1366_/X (sky130_fd_sc_hd__a21o_2)
                                                         _0528_ (net)
                      0.070107    0.000327    4.536761 v _1367_/C1 (sky130_fd_sc_hd__a211o_2)
     2    0.011022    0.070365    0.302866    4.839627 v _1367_/X (sky130_fd_sc_hd__a211o_2)
                                                         net73 (net)
                      0.070365    0.000123    4.839750 v output73/A (sky130_fd_sc_hd__buf_6)
     1    0.035268    0.044376    0.148833    4.988583 v output73/X (sky130_fd_sc_hd__buf_6)
                                                         result[13] (net)
                      0.044384    0.000586    4.989168 v result[13] (out)
                                              4.989168   data arrival time

                      0.000000   10.000000   10.000000   clock __VIRTUAL_CLK__ (rise edge)
                                  0.000000   10.000000   clock network delay (ideal)
                                 -0.250000    9.750000   clock uncertainty
                                  0.000000    9.750000   clock reconvergence pessimism
                                 -2.000000    7.750000   output external delay
                                              7.750000   data required time
---------------------------------------------------------------------------------------------
                                              7.750000   data required time
                                             -4.989168   data arrival time
---------------------------------------------------------------------------------------------
                                              2.760832   slack (MET)


Startpoint: B[0] (input port clocked by __VIRTUAL_CLK__)
Endpoint: result[4] (output port clocked by __VIRTUAL_CLK__)
Path Group: __VIRTUAL_CLK__
Path Type: max

Fanout         Cap        Slew       Delay        Time   Description
---------------------------------------------------------------------------------------------
                      0.000000    0.000000    0.000000   clock __VIRTUAL_CLK__ (rise edge)
                                  0.000000    0.000000   clock network delay (ideal)
                                  2.000000    2.000000 v input external delay
     1    0.007729    0.019537    0.012502    2.012502 v B[0] (in)
                                                         B[0] (net)
                      0.019537    0.000000    2.012502 v input33/A (sky130_fd_sc_hd__buf_8)
     2    0.024581    0.033327    0.116119    2.128621 v input33/X (sky130_fd_sc_hd__buf_8)
                                                         net33 (net)
                      0.033330    0.000365    2.128986 v fanout192/A (sky130_fd_sc_hd__buf_8)
     2    0.018776    0.029906    0.117676    2.246662 v fanout192/X (sky130_fd_sc_hd__buf_8)
                                                         net192 (net)
                      0.029917    0.000290    2.246952 v fanout190/A (sky130_fd_sc_hd__buf_6)
     2    0.006815    0.023073    0.104913    2.351865 v fanout190/X (sky130_fd_sc_hd__buf_6)
                                                         net190 (net)
                      0.023073    0.000024    2.351889 v load_slew191/A (sky130_fd_sc_hd__buf_6)
     3    0.019538    0.032993    0.115761    2.467650 v load_slew191/X (sky130_fd_sc_hd__buf_6)
                                                         net191 (net)
                      0.033033    0.000981    2.468631 v fanout188/A (sky130_fd_sc_hd__buf_8)
     5    0.025526    0.033958    0.122421    2.591052 v fanout188/X (sky130_fd_sc_hd__buf_8)
                                                         net188 (net)
                      0.033959    0.000268    2.591320 v load_slew189/A (sky130_fd_sc_hd__buf_8)
     4    0.012476    0.026406    0.113411    2.704731 v load_slew189/X (sky130_fd_sc_hd__buf_8)
                                                         net189 (net)
                      0.026406    0.000103    2.704834 v rebuffer242/A (sky130_fd_sc_hd__buf_2)
     1    0.005437    0.029394    0.113900    2.818734 v rebuffer242/X (sky130_fd_sc_hd__buf_2)
                                                         net242 (net)
                      0.029394    0.000038    2.818772 v _0838_/S0 (sky130_fd_sc_hd__mux4_2)
     3    0.026134    0.144740    0.509486    3.328258 v _0838_/X (sky130_fd_sc_hd__mux4_2)
                                                         _0013_ (net)
                      0.144742    0.000835    3.329093 v _1174_/A0 (sky130_fd_sc_hd__mux2_4)
     2    0.006128    0.054316    0.308510    3.637603 v _1174_/X (sky130_fd_sc_hd__mux2_4)
                                                         _0345_ (net)
                      0.054316    0.000106    3.637709 v _1178_/A0 (sky130_fd_sc_hd__mux2_1)
     1    0.005200    0.066750    0.297203    3.934912 v _1178_/X (sky130_fd_sc_hd__mux2_1)
                                                         _0349_ (net)
                      0.066750    0.000050    3.934962 v _1180_/A2 (sky130_fd_sc_hd__a22o_4)
     2    0.019395    0.058691    0.286856    4.221817 v _1180_/X (sky130_fd_sc_hd__a22o_4)
                                                         _0351_ (net)
                      0.058691    0.000214    4.222032 v _1189_/A2 (sky130_fd_sc_hd__a211o_2)
     1    0.005304    0.054531    0.338619    4.560652 v _1189_/X (sky130_fd_sc_hd__a211o_2)
                                                         _0360_ (net)
                      0.054531    0.000097    4.560749 v _1190_/B1 (sky130_fd_sc_hd__a31o_2)
     2    0.006282    0.045429    0.223838    4.784586 v _1190_/X (sky130_fd_sc_hd__a31o_2)
                                                         net95 (net)
                      0.045429    0.000056    4.784642 v output95/A (sky130_fd_sc_hd__clkbuf_2)
     1    0.034604    0.132801    0.189647    4.974288 v output95/X (sky130_fd_sc_hd__clkbuf_2)
                                                         result[4] (net)
                      0.132801    0.000218    4.974506 v result[4] (out)
                                              4.974506   data arrival time

                      0.000000   10.000000   10.000000   clock __VIRTUAL_CLK__ (rise edge)
                                  0.000000   10.000000   clock network delay (ideal)
                                 -0.250000    9.750000   clock uncertainty
                                  0.000000    9.750000   clock reconvergence pessimism
                                 -2.000000    7.750000   output external delay
                                              7.750000   data required time
---------------------------------------------------------------------------------------------
                                              7.750000   data required time
                                             -4.974506   data arrival time
---------------------------------------------------------------------------------------------
                                              2.775494   slack (MET)


Startpoint: A[6] (input port clocked by __VIRTUAL_CLK__)
Endpoint: result[14] (output port clocked by __VIRTUAL_CLK__)
Path Group: __VIRTUAL_CLK__
Path Type: max

Fanout         Cap        Slew       Delay        Time   Description
---------------------------------------------------------------------------------------------
                      0.000000    0.000000    0.000000   clock __VIRTUAL_CLK__ (rise edge)
                                  0.000000    0.000000   clock network delay (ideal)
                                  2.000000    2.000000 ^ input external delay
     1    0.003235    0.021611    0.011834    2.011834 ^ A[6] (in)
                                                         A[6] (net)
                      0.021611    0.000000    2.011834 ^ input29/A (sky130_fd_sc_hd__dlygate4sd1_1)
     3    0.019909    0.196384    0.293112    2.304945 ^ input29/X (sky130_fd_sc_hd__dlygate4sd1_1)
                                                         net29 (net)
                      0.196384    0.000425    2.305370 ^ fanout204/A (sky130_fd_sc_hd__buf_6)
     2    0.019573    0.051446    0.147026    2.452396 ^ fanout204/X (sky130_fd_sc_hd__buf_6)
                                                         net204 (net)
                      0.051446    0.000177    2.452573 ^ _0981_/B (sky130_fd_sc_hd__xor2_4)
     2    0.007709    0.121154    0.149313    2.601887 ^ _0981_/X (sky130_fd_sc_hd__xor2_4)
                                                         _0156_ (net)
                      0.121154    0.000056    2.601942 ^ max_cap128/A (sky130_fd_sc_hd__buf_6)
     2    0.010524    0.034747    0.116726    2.718668 ^ max_cap128/X (sky130_fd_sc_hd__buf_6)
                                                         net128 (net)
                      0.034753    0.000210    2.718878 ^ _0982_/A (sky130_fd_sc_hd__inv_2)
     3    0.008748    0.023811    0.034561    2.753439 v _0982_/Y (sky130_fd_sc_hd__inv_2)
                                                         _0157_ (net)
                      0.023811    0.000024    2.753463 v _1254_/D (sky130_fd_sc_hd__or4_4)
     1    0.005248    0.085768    0.408841    3.162304 v _1254_/X (sky130_fd_sc_hd__or4_4)
                                                         _0421_ (net)
                      0.085768    0.000056    3.162360 v _1257_/A2 (sky130_fd_sc_hd__o31a_4)
     2    0.017488    0.068671    0.368388    3.530748 v _1257_/X (sky130_fd_sc_hd__o31a_4)
                                                         _0424_ (net)
                      0.068671    0.000467    3.531216 v rebuffer238/A (sky130_fd_sc_hd__buf_2)
     4    0.017810    0.054616    0.160229    3.691444 v rebuffer238/X (sky130_fd_sc_hd__buf_2)
                                                         net238 (net)
                      0.054618    0.000449    3.691893 v _1334_/A2 (sky130_fd_sc_hd__a21o_2)
     3    0.013488    0.058998    0.242547    3.934440 v _1334_/X (sky130_fd_sc_hd__a21o_2)
                                                         _0497_ (net)
                      0.058998    0.000173    3.934613 v _1355_/A2 (sky130_fd_sc_hd__a21o_2)
     3    0.011065    0.054668    0.237371    4.171985 v _1355_/X (sky130_fd_sc_hd__a21o_2)
                                                         _0517_ (net)
                      0.054668    0.000115    4.172099 v _1372_/A2 (sky130_fd_sc_hd__a31o_2)
     1    0.003950    0.042830    0.232733    4.404832 v _1372_/X (sky130_fd_sc_hd__a31o_2)
                                                         _0533_ (net)
                      0.042830    0.000057    4.404889 v _1385_/A2 (sky130_fd_sc_hd__o211a_2)
     1    0.004997    0.046545    0.239929    4.644817 v _1385_/X (sky130_fd_sc_hd__o211a_2)
                                                         _0546_ (net)
                      0.046545    0.000056    4.644873 v _1386_/B1 (sky130_fd_sc_hd__o21ai_2)
     2    0.009057    0.154160    0.072582    4.717455 ^ _1386_/Y (sky130_fd_sc_hd__o21ai_2)
                                                         net74 (net)
                      0.154160    0.000232    4.717687 ^ output74/A (sky130_fd_sc_hd__clkbuf_2)
     1    0.035366    0.194684    0.247518    4.965205 ^ output74/X (sky130_fd_sc_hd__clkbuf_2)
                                                         result[14] (net)
                      0.194684    0.000576    4.965781 ^ result[14] (out)
                                              4.965781   data arrival time

                      0.000000   10.000000   10.000000   clock __VIRTUAL_CLK__ (rise edge)
                                  0.000000   10.000000   clock network delay (ideal)
                                 -0.250000    9.750000   clock uncertainty
                                  0.000000    9.750000   clock reconvergence pessimism
                                 -2.000000    7.750000   output external delay
                                              7.750000   data required time
---------------------------------------------------------------------------------------------
                                              7.750000   data required time
                                             -4.965781   data arrival time
---------------------------------------------------------------------------------------------
                                              2.784219   slack (MET)



%OL_END_REPORT
%OL_CREATE_REPORT checks.rpt

===========================================================================
report_checks -unconstrained
===========================================================================
======================= min_tt_025C_1v80 Corner ===================================

Startpoint: control[0] (input port clocked by __VIRTUAL_CLK__)
Endpoint: zero (output port clocked by __VIRTUAL_CLK__)
Path Group: __VIRTUAL_CLK__
Path Type: max

Fanout         Cap        Slew       Delay        Time   Description
---------------------------------------------------------------------------------------------
                      0.000000    0.000000    0.000000   clock __VIRTUAL_CLK__ (rise edge)
                                  0.000000    0.000000   clock network delay (ideal)
                                  2.000000    2.000000 v input external delay
     1    0.002892    0.008845    0.004571    2.004571 v control[0] (in)
                                                         control[0] (net)
                      0.008845    0.000000    2.004571 v input65/A (sky130_fd_sc_hd__clkdlybuf4s25_1)
     5    0.018877    0.147659    0.317752    2.322323 v input65/X (sky130_fd_sc_hd__clkdlybuf4s25_1)
                                                         net65 (net)
                      0.147659    0.000478    2.322801 v fanout156/A (sky130_fd_sc_hd__buf_4)
    10    0.036408    0.061728    0.216293    2.539094 v fanout156/X (sky130_fd_sc_hd__buf_4)
                                                         net156 (net)
                      0.061729    0.000407    2.539501 v _0865_/C (sky130_fd_sc_hd__and4b_2)
     1    0.004266    0.046419    0.226642    2.766144 v _0865_/X (sky130_fd_sc_hd__and4b_2)
                                                         _0040_ (net)
                      0.046419    0.000062    2.766206 v fanout123/A (sky130_fd_sc_hd__clkdlybuf4s25_1)
     6    0.040198    0.297652    0.446181    3.212387 v fanout123/X (sky130_fd_sc_hd__clkdlybuf4s25_1)
                                                         net123 (net)
                      0.297652    0.000627    3.213014 v fanout121/A (sky130_fd_sc_hd__buf_2)
    10    0.056862    0.136726    0.326069    3.539083 v fanout121/X (sky130_fd_sc_hd__buf_2)
                                                         net121 (net)
                      0.136726    0.000367    3.539450 v _1138_/A1 (sky130_fd_sc_hd__a221o_2)
     1    0.002575    0.050901    0.373043    3.912493 v _1138_/X (sky130_fd_sc_hd__a221o_2)
                                                         _0311_ (net)
                      0.050901    0.000023    3.912517 v _1139_/B1 (sky130_fd_sc_hd__a31o_2)
     1    0.003269    0.037767    0.210725    4.123241 v _1139_/X (sky130_fd_sc_hd__a31o_2)
                                                         _0312_ (net)
                      0.037767    0.000027    4.123268 v _1140_/B1 (sky130_fd_sc_hd__a311o_2)
     1    0.005865    0.062001    0.357371    4.480639 v _1140_/X (sky130_fd_sc_hd__a311o_2)
                                                         _0313_ (net)
                      0.062001    0.000116    4.480755 v _1141_/C1 (sky130_fd_sc_hd__a211o_2)
     2    0.008859    0.063617    0.291184    4.771939 v _1141_/X (sky130_fd_sc_hd__a211o_2)
                                                         net91 (net)
                      0.063677    0.000212    4.772151 v _1671_/B (sky130_fd_sc_hd__or4_4)
     1    0.005557    0.086203    0.515458    5.287610 v _1671_/X (sky130_fd_sc_hd__or4_4)
                                                         _0814_ (net)
                      0.086203    0.000121    5.287731 v _1672_/A (sky130_fd_sc_hd__or2_4)
     1    0.011821    0.056420    0.276454    5.564184 v _1672_/X (sky130_fd_sc_hd__or2_4)
                                                         _0815_ (net)
                      0.056420    0.000500    5.564685 v _1674_/C (sky130_fd_sc_hd__or4_4)
     1    0.024475    0.118163    0.537592    6.102277 v _1674_/X (sky130_fd_sc_hd__or4_4)
                                                         _0817_ (net)
                      0.118181    0.000579    6.102856 v _1677_/D (sky130_fd_sc_hd__or4_4)
     1    0.003723    0.081314    0.427362    6.530218 v _1677_/X (sky130_fd_sc_hd__or4_4)
                                                         _0820_ (net)
                      0.081314    0.000048    6.530265 v _1678_/C (sky130_fd_sc_hd__or4_4)
     1    0.009012    0.092355    0.501716    7.031981 v _1678_/X (sky130_fd_sc_hd__or4_4)
                                                         _0821_ (net)
                      0.092355    0.000111    7.032091 v _1682_/D (sky130_fd_sc_hd__nor4_4)
     1    0.005156    0.201891    0.150425    7.182516 ^ _1682_/Y (sky130_fd_sc_hd__nor4_4)
                                                         net101 (net)
                      0.201891    0.000025    7.182541 ^ output101/A (sky130_fd_sc_hd__buf_6)
     1    0.035914    0.081088    0.170365    7.352906 ^ output101/X (sky130_fd_sc_hd__buf_6)
                                                         zero (net)
                      0.081091    0.000650    7.353555 ^ zero (out)
                                              7.353555   data arrival time

                      0.000000   10.000000   10.000000   clock __VIRTUAL_CLK__ (rise edge)
                                  0.000000   10.000000   clock network delay (ideal)
                                 -0.250000    9.750000   clock uncertainty
                                  0.000000    9.750000   clock reconvergence pessimism
                                 -2.000000    7.750000   output external delay
                                              7.750000   data required time
---------------------------------------------------------------------------------------------
                                              7.750000   data required time
                                             -7.353555   data arrival time
---------------------------------------------------------------------------------------------
                                              0.396445   slack (MET)




===========================================================================
report_checks --slack_max -0.01
============================================================================
======================= min_tt_025C_1v80 Corner ===================================

No paths found.


===========================================================================
 report_check_types -max_slew -max_cap -max_fanout -violators
============================================================================
======================= min_tt_025C_1v80 Corner ===================================

max slew

Pin                                        Limit        Slew       Slack
------------------------------------------------------------------------
_1484_/B1                               0.750000    0.881948   -0.131948 (VIOLATED)
_1466_/C1                               0.750000    0.881947   -0.131947 (VIOLATED)
_1412_/C1                               0.750000    0.881943   -0.131944 (VIOLATED)
_1372_/B1                               0.750000    0.881932   -0.131932 (VIOLATED)
_1336_/C1                               0.750000    0.881925   -0.131925 (VIOLATED)
_1311_/B1                               0.750000    0.881916   -0.131916 (VIOLATED)
_1152_/B1                               0.750000    0.881862   -0.131862 (VIOLATED)
_1561_/A1                               0.750000    0.881857   -0.131857 (VIOLATED)
_1130_/B1                               0.750000    0.881852   -0.131852 (VIOLATED)
_1105_/B1                               0.750000    0.881850   -0.131850 (VIOLATED)
fanout107/X                             0.750000    0.881850   -0.131850 (VIOLATED)



===========================================================================
report_parasitic_annotation -report_unannotated
============================================================================
Found 0 unannotated drivers.
Found 0 partially unannotated drivers.

===========================================================================
max slew violation count 11
%OL_METRIC_I design__max_slew_violation__count__corner:min_tt_025C_1v80 11
max fanout violation count 0
%OL_METRIC_I design__max_fanout_violation__count__corner:min_tt_025C_1v80 0
max cap violation count 0
%OL_METRIC_I design__max_cap_violation__count__corner:min_tt_025C_1v80 0
============================================================================

===========================================================================
check_setup -verbose -unconstrained_endpoints -multiple_clock -no_clock -no_input_delay -loops -generated_clocks
===========================================================================
%OL_END_REPORT
%OL_CREATE_REPORT power.rpt

===========================================================================
 report_power
============================================================================
======================= min_tt_025C_1v80 Corner ===================================

Group                    Internal    Switching      Leakage        Total
                            Power        Power        Power        Power (Watts)
------------------------------------------------------------------------
Sequential           0.000000e+00 0.000000e+00 0.000000e+00 0.000000e+00   0.0%
Combinational        3.459155e-04 3.392761e-04 5.210567e-09 6.851968e-04 100.0%
Clock                0.000000e+00 0.000000e+00 6.460696e-09 6.460696e-09   0.0%
Macro                0.000000e+00 0.000000e+00 0.000000e+00 0.000000e+00   0.0%
Pad                  0.000000e+00 0.000000e+00 0.000000e+00 0.000000e+00   0.0%
------------------------------------------------------------------------
Total                3.459155e-04 3.392761e-04 1.167127e-08 6.852032e-04 100.0%
                            50.5%        49.5%         0.0%
%OL_METRIC_F power__internal__total 0.0003459154686424881
%OL_METRIC_F power__switching__total 0.0003392760700080544
%OL_METRIC_F power__leakage__total 1.1671267508006622e-8
%OL_METRIC_F power__total 0.0006852032383903861

%OL_END_REPORT
%OL_CREATE_REPORT skew.min.rpt

===========================================================================
Clock Skew (Hold)
============================================================================
%OL_METRIC_F clock__skew__worst_hold__corner:min_tt_025C_1v80 0.0
======================= min_tt_025C_1v80 Corner ===================================

Clock __VIRTUAL_CLK__
No launch/capture paths found.

%OL_END_REPORT
%OL_CREATE_REPORT skew.max.rpt

===========================================================================
Clock Skew (Setup)
============================================================================
%OL_METRIC_F clock__skew__worst_setup__corner:min_tt_025C_1v80 0.0
======================= min_tt_025C_1v80 Corner ===================================

Clock __VIRTUAL_CLK__
No launch/capture paths found.

%OL_END_REPORT
%OL_CREATE_REPORT ws.min.rpt

===========================================================================
Worst Slack (Hold)
============================================================================
%OL_METRIC_F timing__hold__ws__corner:min_tt_025C_1v80 4.41409765677432
min_tt_025C_1v80: 4.41409765677432
%OL_END_REPORT
%OL_CREATE_REPORT ws.max.rpt

===========================================================================
Worst Slack (Setup)
============================================================================
%OL_METRIC_F timing__setup__ws__corner:min_tt_025C_1v80 0.3964446660943097
min_tt_025C_1v80: 0.3964446660943097
%OL_END_REPORT
%OL_CREATE_REPORT tns.min.rpt

===========================================================================
Total Negative Slack (Hold)
============================================================================
%OL_METRIC_F timing__hold__tns__corner:min_tt_025C_1v80 0.0
min_tt_025C_1v80: 0.0
%OL_END_REPORT
%OL_CREATE_REPORT tns.max.rpt

===========================================================================
Total Negative Slack (Setup)
============================================================================
%OL_METRIC_F timing__setup__tns__corner:min_tt_025C_1v80 0.0
min_tt_025C_1v80: 0.0
%OL_END_REPORT
%OL_CREATE_REPORT wns.min.rpt

===========================================================================
Worst Negative Slack (Hold)
============================================================================
%OL_METRIC_F timing__hold__wns__corner:min_tt_025C_1v80 0
min_tt_025C_1v80: 0
%OL_END_REPORT
%OL_CREATE_REPORT wns.max.rpt

===========================================================================
Worst Negative Slack (Setup)
============================================================================
%OL_METRIC_F timing__setup__wns__corner:min_tt_025C_1v80 0.0
min_tt_025C_1v80: 0.0
%OL_END_REPORT
%OL_CREATE_REPORT violator_list.rpt

===========================================================================
Violator List
============================================================================
%OL_METRIC_I timing__hold_vio__count__corner:min_tt_025C_1v80 0
%OL_METRIC_F timing__hold_r2r__ws__corner:min_tt_025C_1v80 inf
%OL_METRIC_I timing__hold_r2r_vio__count__corner:min_tt_025C_1v80 0
%OL_METRIC_I timing__setup_vio__count__corner:min_tt_025C_1v80 0
%OL_METRIC_F timing__setup_r2r__ws__corner:min_tt_025C_1v80 inf
%OL_METRIC_I timing__setup_r2r_vio__count__corner:min_tt_025C_1v80 0
%OL_END_REPORT
%OL_CREATE_REPORT unpropagated.rpt
__VIRTUAL_CLK__
%OL_END_REPORT
%OL_CREATE_REPORT clock.rpt
Clock: __VIRTUAL_CLK__
Sources: 
Generated: no
Virtual: yes
Propagated: no
Period: 10.000000

===========================================================================
report_clock_properties
============================================================================
Clock                   Period          Waveform
----------------------------------------------------
__VIRTUAL_CLK__      10.000000    0.000000  5.000000

===========================================================================
report_clock_latency
============================================================================
Clock __VIRTUAL_CLK__


===========================================================================
report_clock_min_period
============================================================================
__VIRTUAL_CLK__ period_min = 0.00 fmax = inf
%OL_END_REPORT
Writing SDF files for all corners…
Removing Clock latencies before writing libs…
Writing timing models for all corners…
Writing timing models for the min_tt_025C_1v80 corner to /home/naghul/vlsi/projects/alu_pd/runs/RUN_2026-08-01_18-08-22/55-openroad-stapostpnr/min_tt_025C_1v80/ALU__min_tt_025C_1v80.lib…
