
===========================================================================
report_checks -unconstrained
===========================================================================
======================= max_ss_100C_1v60 Corner ===================================

Startpoint: rs1[3] (input port clocked by clk)
Endpoint: rd1[16] (output port clocked by clk)
Path Group: clk
Path Type: max

Fanout         Cap        Slew       Delay        Time   Description
---------------------------------------------------------------------------------------------
                                  0.000000    0.000000   clock clk (rise edge)
                                  0.000000    0.000000   clock network delay (propagated)
                                  2.000000    2.000000 v input external delay
     1    0.004471    0.025026    0.014556    2.014556 v rs1[3] (in)
                                                         rs1[3] (net)
                      0.025027    0.000000    2.014556 v input9/A (sky130_fd_sc_hd__clkdlybuf4s25_1)
     7    0.036179    0.489487    0.763587    2.778143 v input9/X (sky130_fd_sc_hd__clkdlybuf4s25_1)
                                                         net9 (net)
                      0.489513    0.003891    2.782034 v _2493_/A (sky130_fd_sc_hd__inv_2)
     6    0.039688    0.326612    0.441384    3.223418 ^ _2493_/Y (sky130_fd_sc_hd__inv_2)
                                                         _1025_ (net)
                      0.326621    0.002258    3.225676 ^ _2500_/B (sky130_fd_sc_hd__and2_2)
     1    0.017611    0.173513    0.454826    3.680502 ^ _2500_/X (sky130_fd_sc_hd__and2_2)
                                                         _1032_ (net)
                      0.173540    0.002187    3.682689 ^ fanout565/A (sky130_fd_sc_hd__clkdlybuf4s25_1)
     8    0.155677    2.438891    2.192118    5.874806 ^ fanout565/X (sky130_fd_sc_hd__clkdlybuf4s25_1)
                                                         net565 (net)
                      2.438901    0.004448    5.879254 ^ fanout562/A (sky130_fd_sc_hd__clkdlybuf4s25_1)
    10    0.127042    1.994386    2.408963    8.288218 ^ fanout562/X (sky130_fd_sc_hd__clkdlybuf4s25_1)
                                                         net562 (net)
                      1.994386    0.005665    8.293882 ^ _2881_/C1 (sky130_fd_sc_hd__o211a_2)
     1    0.007821    0.142115    0.987358    9.281240 ^ _2881_/X (sky130_fd_sc_hd__o211a_2)
                                                         _1397_ (net)
                      0.142115    0.000787    9.282027 ^ _2887_/B1 (sky130_fd_sc_hd__a31o_2)
     1    0.018539    0.191977    0.302055    9.584083 ^ _2887_/X (sky130_fd_sc_hd__a31o_2)
                                                         _1403_ (net)
                      0.191995    0.001982    9.586063 ^ _2894_/A1 (sky130_fd_sc_hd__o21a_2)
     1    0.022348    0.203734    0.424854   10.010918 ^ _2894_/X (sky130_fd_sc_hd__o21a_2)
                                                         net57 (net)
                      0.203744    0.001650   10.012568 ^ output57/A (sky130_fd_sc_hd__dlymetal6s2s_1)
     1    0.035053    0.544810    0.560844   10.573412 ^ output57/X (sky130_fd_sc_hd__dlymetal6s2s_1)
                                                         rd1[16] (net)
                      0.544819    0.001835   10.575247 ^ rd1[16] (out)
                                             10.575247   data arrival time

                                 10.000000   10.000000   clock clk (rise edge)
                                  0.000000   10.000000   clock network delay (propagated)
                                 -0.250000    9.750000   clock uncertainty
                                  0.000000    9.750000   clock reconvergence pessimism
                                 -2.000000    7.750000   output external delay
                                              7.750000   data required time
---------------------------------------------------------------------------------------------
                                              7.750000   data required time
                                            -10.575247   data arrival time
---------------------------------------------------------------------------------------------
                                             -2.825247   slack (VIOLATED)




===========================================================================
report_checks --slack_max -0.01
============================================================================
======================= max_ss_100C_1v60 Corner ===================================

Startpoint: rs1[3] (input port clocked by clk)
Endpoint: rd1[16] (output port clocked by clk)
Path Group: clk
Path Type: max

Fanout         Cap        Slew       Delay        Time   Description
---------------------------------------------------------------------------------------------
                                  0.000000    0.000000   clock clk (rise edge)
                                  0.000000    0.000000   clock network delay (propagated)
                                  2.000000    2.000000 v input external delay
     1    0.004471    0.025026    0.014556    2.014556 v rs1[3] (in)
                                                         rs1[3] (net)
                      0.025027    0.000000    2.014556 v input9/A (sky130_fd_sc_hd__clkdlybuf4s25_1)
     7    0.036179    0.489487    0.763587    2.778143 v input9/X (sky130_fd_sc_hd__clkdlybuf4s25_1)
                                                         net9 (net)
                      0.489513    0.003891    2.782034 v _2493_/A (sky130_fd_sc_hd__inv_2)
     6    0.039688    0.326612    0.441384    3.223418 ^ _2493_/Y (sky130_fd_sc_hd__inv_2)
                                                         _1025_ (net)
                      0.326621    0.002258    3.225676 ^ _2500_/B (sky130_fd_sc_hd__and2_2)
     1    0.017611    0.173513    0.454826    3.680502 ^ _2500_/X (sky130_fd_sc_hd__and2_2)
                                                         _1032_ (net)
                      0.173540    0.002187    3.682689 ^ fanout565/A (sky130_fd_sc_hd__clkdlybuf4s25_1)
     8    0.155677    2.438891    2.192118    5.874806 ^ fanout565/X (sky130_fd_sc_hd__clkdlybuf4s25_1)
                                                         net565 (net)
                      2.438901    0.004448    5.879254 ^ fanout562/A (sky130_fd_sc_hd__clkdlybuf4s25_1)
    10    0.127042    1.994386    2.408963    8.288218 ^ fanout562/X (sky130_fd_sc_hd__clkdlybuf4s25_1)
                                                         net562 (net)
                      1.994386    0.005665    8.293882 ^ _2881_/C1 (sky130_fd_sc_hd__o211a_2)
     1    0.007821    0.142115    0.987358    9.281240 ^ _2881_/X (sky130_fd_sc_hd__o211a_2)
                                                         _1397_ (net)
                      0.142115    0.000787    9.282027 ^ _2887_/B1 (sky130_fd_sc_hd__a31o_2)
     1    0.018539    0.191977    0.302055    9.584083 ^ _2887_/X (sky130_fd_sc_hd__a31o_2)
                                                         _1403_ (net)
                      0.191995    0.001982    9.586063 ^ _2894_/A1 (sky130_fd_sc_hd__o21a_2)
     1    0.022348    0.203734    0.424854   10.010918 ^ _2894_/X (sky130_fd_sc_hd__o21a_2)
                                                         net57 (net)
                      0.203744    0.001650   10.012568 ^ output57/A (sky130_fd_sc_hd__dlymetal6s2s_1)
     1    0.035053    0.544810    0.560844   10.573412 ^ output57/X (sky130_fd_sc_hd__dlymetal6s2s_1)
                                                         rd1[16] (net)
                      0.544819    0.001835   10.575247 ^ rd1[16] (out)
                                             10.575247   data arrival time

                                 10.000000   10.000000   clock clk (rise edge)
                                  0.000000   10.000000   clock network delay (propagated)
                                 -0.250000    9.750000   clock uncertainty
                                  0.000000    9.750000   clock reconvergence pessimism
                                 -2.000000    7.750000   output external delay
                                              7.750000   data required time
---------------------------------------------------------------------------------------------
                                              7.750000   data required time
                                            -10.575247   data arrival time
---------------------------------------------------------------------------------------------
                                             -2.825247   slack (VIOLATED)




===========================================================================
 report_check_types -max_slew -max_cap -max_fanout -violators
============================================================================
======================= max_ss_100C_1v60 Corner ===================================

max slew

Pin                                        Limit        Slew       Slack
------------------------------------------------------------------------
_3207_/B2                               0.750000    2.439073   -1.689073 (VIOLATED)
_3049_/C1                               0.750000    2.439064   -1.689064 (VIOLATED)
_3161_/C1                               0.750000    2.439054   -1.689054 (VIOLATED)
fanout564/A                             0.750000    2.438999   -1.688999 (VIOLATED)
_3066_/C1                               0.750000    2.438996   -1.688996 (VIOLATED)
ANTENNA_24/DIODE                        0.750000    2.438942   -1.688942 (VIOLATED)
fanout563/A                             0.750000    2.438943   -1.688943 (VIOLATED)
fanout562/A                             0.750000    2.438901   -1.688901 (VIOLATED)
fanout565/X                             0.750000    2.438891   -1.688891 (VIOLATED)
fanout636/A                             0.750000    2.112836   -1.362836 (VIOLATED)
_3196_/C1                               0.750000    2.112832   -1.362832 (VIOLATED)
_3050_/A1                               0.750000    2.112818   -1.362818 (VIOLATED)
_3162_/B1                               0.750000    2.112806   -1.362806 (VIOLATED)
_3073_/B2                               0.750000    2.112766   -1.362766 (VIOLATED)
fanout635/A                             0.750000    2.112633   -1.362633 (VIOLATED)
fanout634/A                             0.750000    2.112629   -1.362629 (VIOLATED)
fanout637/X                             0.750000    2.112606   -1.362606 (VIOLATED)
_2525_/B2                               0.750000    1.994439   -1.244439 (VIOLATED)
_2803_/B2                               0.750000    1.994439   -1.244439 (VIOLATED)
_2961_/B2                               0.750000    1.994403   -1.244403 (VIOLATED)
_2824_/C1                               0.750000    1.994390   -1.244390 (VIOLATED)
_3029_/B2                               0.750000    1.994390   -1.244390 (VIOLATED)
_2711_/A1                               0.750000    1.994386   -1.244386 (VIOLATED)
_2768_/C1                               0.750000    1.994386   -1.244386 (VIOLATED)
_2881_/C1                               0.750000    1.994386   -1.244386 (VIOLATED)
_3135_/A1                               0.750000    1.994386   -1.244386 (VIOLATED)
_3185_/A1                               0.750000    1.994386   -1.244386 (VIOLATED)
fanout562/X                             0.750000    1.994386   -1.244386 (VIOLATED)
_2717_/C1                               0.750000    1.830206   -1.080206 (VIOLATED)
_2681_/A1                               0.750000    1.830196   -1.080196 (VIOLATED)
_2745_/C1                               0.750000    1.830038   -1.080038 (VIOLATED)
_2657_/C1                               0.750000    1.829945   -1.079945 (VIOLATED)
_2629_/C1                               0.750000    1.829858   -1.079858 (VIOLATED)
_3106_/C1                               0.750000    1.829601   -1.079601 (VIOLATED)
_3006_/A1                               0.750000    1.829318   -1.079318 (VIOLATED)
_2842_/C1                               0.750000    1.829171   -1.079171 (VIOLATED)
_2595_/C1                               0.750000    1.828864   -1.078864 (VIOLATED)
_2573_/B2                               0.750000    1.828808   -1.078808 (VIOLATED)
fanout635/X                             0.750000    1.828802   -1.078802 (VIOLATED)
_2687_/B2                               0.750000    1.812624   -1.062624 (VIOLATED)
_2728_/C1                               0.750000    1.812606   -1.062606 (VIOLATED)
_2757_/B2                               0.750000    1.812598   -1.062598 (VIOLATED)
_2624_/C1                               0.750000    1.812571   -1.062571 (VIOLATED)
_2664_/B2                               0.750000    1.812529   -1.062529 (VIOLATED)
_2837_/C1                               0.750000    1.812514   -1.062514 (VIOLATED)
_3118_/B2                               0.750000    1.812512   -1.062512 (VIOLATED)
_3000_/C1                               0.750000    1.812502   -1.062502 (VIOLATED)
_2596_/A1                               0.750000    1.812482   -1.062482 (VIOLATED)
_2573_/A1                               0.750000    1.812466   -1.062466 (VIOLATED)
fanout563/X                             0.750000    1.812466   -1.062466 (VIOLATED)
_2524_/B1                               0.750000    1.808297   -1.058297 (VIOLATED)
_2791_/C1                               0.750000    1.808297   -1.058297 (VIOLATED)
_2774_/A1                               0.750000    1.808260   -1.058260 (VIOLATED)
_2955_/A1                               0.750000    1.808246   -1.058246 (VIOLATED)
_3023_/A1                               0.750000    1.808235   -1.058235 (VIOLATED)
_2694_/C_N                              0.750000    1.808172   -1.058172 (VIOLATED)
_2825_/A1                               0.750000    1.808153   -1.058153 (VIOLATED)
_2893_/B2                               0.750000    1.808104   -1.058104 (VIOLATED)
_3179_/A1                               0.750000    1.808058   -1.058058 (VIOLATED)
_3129_/C1                               0.750000    1.808055   -1.058055 (VIOLATED)
fanout634/X                             0.750000    1.807562   -1.057562 (VIOLATED)
_3392_/B2                               0.750000    1.792108   -1.042108 (VIOLATED)
_3555_/A1                               0.750000    1.792107   -1.042107 (VIOLATED)
_3291_/B2                               0.750000    1.792103   -1.042103 (VIOLATED)
_3881_/B2                               0.750000    1.792103   -1.042103 (VIOLATED)
_3446_/A1                               0.750000    1.792089   -1.042089 (VIOLATED)
_3708_/B2                               0.750000    1.792088   -1.042088 (VIOLATED)
_3400_/A1                               0.750000    1.792081   -1.042081 (VIOLATED)
_3381_/B2                               0.750000    1.792060   -1.042060 (VIOLATED)
_3376_/B2                               0.750000    1.792025   -1.042025 (VIOLATED)
_3387_/B2                               0.750000    1.792021   -1.042021 (VIOLATED)
fanout600/X                             0.750000    1.792005   -1.042005 (VIOLATED)
_3515_/B1                               0.750000    1.671877   -0.921877 (VIOLATED)
_3254_/B1                               0.750000    1.671864   -0.921864 (VIOLATED)
_3741_/B1                               0.750000    1.671782   -0.921782 (VIOLATED)
_3440_/A1                               0.750000    1.671717   -0.921717 (VIOLATED)
_3503_/C1                               0.750000    1.671528   -0.921528 (VIOLATED)
_3280_/A1                               0.750000    1.671375   -0.921375 (VIOLATED)
_3633_/B1                               0.750000    1.671256   -0.921256 (VIOLATED)
_3341_/A                                0.750000    1.671155   -0.921156 (VIOLATED)
_3854_/A1                               0.750000    1.671052   -0.921052 (VIOLATED)
_3897_/C1                               0.750000    1.670950   -0.920950 (VIOLATED)
fanout575/X                             0.750000    1.670940   -0.920940 (VIOLATED)
_5021_/A2                               0.750000    1.568577   -0.818577 (VIOLATED)
_5027_/A2                               0.750000    1.568558   -0.818558 (VIOLATED)
load_slew329/A                          0.750000    1.568558   -0.818558 (VIOLATED)
_5024_/A2                               0.750000    1.568547   -0.818547 (VIOLATED)
_5038_/A2                               0.750000    1.568528   -0.818528 (VIOLATED)
fanout328/X                             0.750000    1.568528   -0.818528 (VIOLATED)
_3472_/A1                               0.750000    1.528762   -0.778762 (VIOLATED)
_3360_/A1                               0.750000    1.528757   -0.778757 (VIOLATED)
_3377_/C1                               0.750000    1.528709   -0.778709 (VIOLATED)
_3370_/C1                               0.750000    1.528677   -0.778677 (VIOLATED)
_3781_/C1                               0.750000    1.528662   -0.778662 (VIOLATED)
_3662_/C1                               0.750000    1.528661   -0.778661 (VIOLATED)
_3735_/C1                               0.750000    1.528655   -0.778655 (VIOLATED)
_3429_/C1                               0.750000    1.528634   -0.778634 (VIOLATED)
_3607_/C1                               0.750000    1.528577   -0.778577 (VIOLATED)
_3602_/A1                               0.750000    1.528538   -0.778538 (VIOLATED)
fanout700/X                             0.750000    1.528156   -0.778156 (VIOLATED)
_4325_/B1                               0.750000    1.488367   -0.738367 (VIOLATED)
_4330_/B1                               0.750000    1.488368   -0.738368 (VIOLATED)
fanout247/A                             0.750000    1.488366   -0.738366 (VIOLATED)
fanout249/A                             0.750000    1.488366   -0.738366 (VIOLATED)
_4331_/B1                               0.750000    1.488364   -0.738364 (VIOLATED)
_4320_/B1                               0.750000    1.488362   -0.738362 (VIOLATED)
fanout251/A                             0.750000    1.488361   -0.738361 (VIOLATED)
fanout253/X                             0.750000    1.488361   -0.738361 (VIOLATED)
fanout466/A                             0.750000    1.463841   -0.713841 (VIOLATED)
ANTENNA_7/DIODE                         0.750000    1.463840   -0.713840 (VIOLATED)
ANTENNA_6/DIODE                         0.750000    1.463838   -0.713838 (VIOLATED)
fanout464/A                             0.750000    1.463838   -0.713838 (VIOLATED)
fanout461/A                             0.750000    1.463822   -0.713822 (VIOLATED)
fanout463/A                             0.750000    1.463817   -0.713817 (VIOLATED)
_4332_/Y                                0.750000    1.463800   -0.713800 (VIOLATED)
fanout536/A                             0.750000    1.460869   -0.710869 (VIOLATED)
fanout534/A                             0.750000    1.460846   -0.710846 (VIOLATED)
fanout539/A                             0.750000    1.460796   -0.710796 (VIOLATED)
_3987_/Y                                0.750000    1.460779   -0.710779 (VIOLATED)
_4837_/B1                               0.750000    1.439779   -0.689779 (VIOLATED)
_4832_/B1                               0.750000    1.439764   -0.689764 (VIOLATED)
_4830_/B1                               0.750000    1.439718   -0.689718 (VIOLATED)
_4827_/B1                               0.750000    1.439627   -0.689627 (VIOLATED)
_4828_/B1                               0.750000    1.439622   -0.689622 (VIOLATED)
_4843_/B1                               0.750000    1.439612   -0.689612 (VIOLATED)
_4875_/B1                               0.750000    1.439441   -0.689441 (VIOLATED)
_4860_/B1                               0.750000    1.439393   -0.689393 (VIOLATED)
_4867_/B1                               0.750000    1.439368   -0.689368 (VIOLATED)
_4872_/B1                               0.750000    1.439343   -0.689343 (VIOLATED)
_4856_/B1                               0.750000    1.439323   -0.689323 (VIOLATED)
_4852_/B1                               0.750000    1.439321   -0.689321 (VIOLATED)
fanout147/X                             0.750000    1.439313   -0.689313 (VIOLATED)
fanout157/X                             0.750000    1.439240   -0.689240 (VIOLATED)
fanout135/A                             0.750000    1.435442   -0.685442 (VIOLATED)
fanout132/A                             0.750000    1.435432   -0.685432 (VIOLATED)
fanout134/A                             0.750000    1.435415   -0.685415 (VIOLATED)
fanout137/A                             0.750000    1.435061   -0.685061 (VIOLATED)
_4913_/Y                                0.750000    1.435057   -0.685057 (VIOLATED)
fanout330/A                             0.750000    1.406509   -0.656509 (VIOLATED)
fanout333/A                             0.750000    1.406473   -0.656473 (VIOLATED)
fanout328/A                             0.750000    1.406399   -0.656399 (VIOLATED)
_5014_/Y                                0.750000    1.406396   -0.656396 (VIOLATED)
fanout331/A                             0.750000    1.406396   -0.656396 (VIOLATED)
ANTENNA_38/DIODE                        0.750000    1.384375   -0.634375 (VIOLATED)
fanout351/A                             0.750000    1.384374   -0.634374 (VIOLATED)
fanout354/A                             0.750000    1.384289   -0.634289 (VIOLATED)
ANTENNA_39/DIODE                        0.750000    1.384288   -0.634288 (VIOLATED)
fanout349/A                             0.750000    1.384223   -0.634223 (VIOLATED)
ANTENNA_40/DIODE                        0.750000    1.384112   -0.634112 (VIOLATED)
fanout114/A                             0.750000    1.384110   -0.634110 (VIOLATED)
ANTENNA_41/DIODE                        0.750000    1.384093   -0.634093 (VIOLATED)
fanout116/A                             0.750000    1.384093   -0.634093 (VIOLATED)
fanout117/A                             0.750000    1.384084   -0.634084 (VIOLATED)
fanout352/A                             0.750000    1.384071   -0.634071 (VIOLATED)
_4912_/Y                                0.750000    1.384058   -0.634058 (VIOLATED)
_5015_/Y                                0.750000    1.383717   -0.633717 (VIOLATED)
fanout119/A                             0.750000    1.383717   -0.633717 (VIOLATED)
_4341_/A2                               0.750000    1.383504   -0.633504 (VIOLATED)
wire465/A                               0.750000    1.383463   -0.633463 (VIOLATED)
_4350_/A2                               0.750000    1.383462   -0.633462 (VIOLATED)
_4333_/B                                0.750000    1.383461   -0.633461 (VIOLATED)
fanout464/X                             0.750000    1.383461   -0.633461 (VIOLATED)
fanout387/A                             0.750000    1.368907   -0.618907 (VIOLATED)
fanout385/A                             0.750000    1.368775   -0.618775 (VIOLATED)
fanout390/A                             0.750000    1.368774   -0.618774 (VIOLATED)
_4710_/Y                                0.750000    1.368764   -0.618764 (VIOLATED)
ANTENNA_37/DIODE                        0.750000    1.367196   -0.617196 (VIOLATED)
fanout358/A                             0.750000    1.367196   -0.617196 (VIOLATED)
fanout356/A                             0.750000    1.367184   -0.617184 (VIOLATED)
fanout361/A                             0.750000    1.367181   -0.617181 (VIOLATED)
_4878_/Y                                0.750000    1.367161   -0.617161 (VIOLATED)
_5045_/B1                               0.750000    1.351833   -0.601833 (VIOLATED)
_5037_/B1                               0.750000    1.351807   -0.601807 (VIOLATED)
_5030_/B1                               0.750000    1.351781   -0.601782 (VIOLATED)
_5042_/B1                               0.750000    1.351723   -0.601723 (VIOLATED)
_4885_/A2                               0.750000    1.351301   -0.601301 (VIOLATED)
_4891_/A2                               0.750000    1.351265   -0.601265 (VIOLATED)
load_slew357/A                          0.750000    1.351263   -0.601263 (VIOLATED)
_4888_/A2                               0.750000    1.351251   -0.601251 (VIOLATED)
_4902_/A2                               0.750000    1.351142   -0.601142 (VIOLATED)
fanout356/X                             0.750000    1.351142   -0.601142 (VIOLATED)
_5022_/B1                               0.750000    1.351015   -0.601015 (VIOLATED)
_5026_/B1                               0.750000    1.351015   -0.601015 (VIOLATED)
fanout116/X                             0.750000    1.351015   -0.601015 (VIOLATED)
_4841_/A2                               0.750000    1.349552   -0.599552 (VIOLATED)
_4826_/A2                               0.750000    1.349479   -0.599479 (VIOLATED)
_4833_/A2                               0.750000    1.349428   -0.599428 (VIOLATED)
_4838_/A2                               0.750000    1.349403   -0.599403 (VIOLATED)
fanout254/A                             0.750000    1.349127   -0.599127 (VIOLATED)
fanout256/A                             0.750000    1.349078   -0.599078 (VIOLATED)
_4297_/B1                               0.750000    1.349043   -0.599043 (VIOLATED)
_4286_/B1                               0.750000    1.349003   -0.599003 (VIOLATED)
_4818_/A2                               0.750000    1.348989   -0.598989 (VIOLATED)
_4822_/A2                               0.750000    1.348989   -0.598989 (VIOLATED)
fanout372/X                             0.750000    1.348988   -0.598988 (VIOLATED)
_4291_/B1                               0.750000    1.348904   -0.598904 (VIOLATED)
_4296_/B1                               0.750000    1.348858   -0.598858 (VIOLATED)
fanout258/A                             0.750000    1.348787   -0.598787 (VIOLATED)
fanout260/X                             0.750000    1.348776   -0.598776 (VIOLATED)
fanout452/A                             0.750000    1.346710   -0.596710 (VIOLATED)
fanout448/A                             0.750000    1.346703   -0.596703 (VIOLATED)
fanout446/A                             0.750000    1.346669   -0.596669 (VIOLATED)
fanout450/A                             0.750000    1.346596   -0.596596 (VIOLATED)
_4402_/Y                                0.750000    1.346577   -0.596577 (VIOLATED)
fanout416/A                             0.750000    1.343458   -0.593458 (VIOLATED)
fanout418/A                             0.750000    1.343449   -0.593449 (VIOLATED)
fanout413/A                             0.750000    1.343380   -0.593380 (VIOLATED)
fanout415/A                             0.750000    1.343380   -0.593380 (VIOLATED)
_4573_/Y                                0.750000    1.343365   -0.593365 (VIOLATED)
_3241_/B1                               0.750000    1.338078   -0.588078 (VIOLATED)
_3786_/B2                               0.750000    1.338068   -0.588068 (VIOLATED)
_3791_/B2                               0.750000    1.338044   -0.588044 (VIOLATED)
_3672_/B2                               0.750000    1.338015   -0.588015 (VIOLATED)
_3775_/B2                               0.750000    1.337935   -0.587936 (VIOLATED)
_3752_/B2                               0.750000    1.337874   -0.587874 (VIOLATED)
_3734_/B2                               0.750000    1.337872   -0.587872 (VIOLATED)
_3510_/A1                               0.750000    1.337865   -0.587866 (VIOLATED)
fanout598/A                             0.750000    1.337795   -0.587795 (VIOLATED)
_3780_/B2                               0.750000    1.337726   -0.587726 (VIOLATED)
fanout599/X                             0.750000    1.337694   -0.587694 (VIOLATED)
fanout435/A                             0.750000    1.336317   -0.586317 (VIOLATED)
fanout438/A                             0.750000    1.336307   -0.586307 (VIOLATED)
fanout433/A                             0.750000    1.336281   -0.586281 (VIOLATED)
fanout436/A                             0.750000    1.336277   -0.586277 (VIOLATED)
_4470_/Y                                0.750000    1.336258   -0.586258 (VIOLATED)
_4919_/A2                               0.750000    1.335578   -0.585579 (VIOLATED)
_4925_/A2                               0.750000    1.335549   -0.585549 (VIOLATED)
load_slew350/A                          0.750000    1.335546   -0.585546 (VIOLATED)
_4922_/A2                               0.750000    1.335541   -0.585541 (VIOLATED)
_4936_/A2                               0.750000    1.335491   -0.585491 (VIOLATED)
fanout349/X                             0.750000    1.335474   -0.585474 (VIOLATED)
_5045_/A2                               0.750000    1.326147   -0.576147 (VIOLATED)
_5037_/A2                               0.750000    1.325663   -0.575663 (VIOLATED)
_5030_/A2                               0.750000    1.325637   -0.575637 (VIOLATED)
_5041_/B1                               0.750000    1.325621   -0.575621 (VIOLATED)
_5036_/B1                               0.750000    1.325608   -0.575608 (VIOLATED)
_5034_/B1                               0.750000    1.325603   -0.575603 (VIOLATED)
_5042_/A2                               0.750000    1.325597   -0.575597 (VIOLATED)
_5031_/B1                               0.750000    1.325507   -0.575507 (VIOLATED)
_5047_/B1                               0.750000    1.325481   -0.575481 (VIOLATED)
_5022_/A2                               0.750000    1.325450   -0.575450 (VIOLATED)
_5026_/A2                               0.750000    1.325450   -0.575450 (VIOLATED)
fanout330/X                             0.750000    1.325450   -0.575450 (VIOLATED)
_5032_/B1                               0.750000    1.325433   -0.575433 (VIOLATED)
fanout119/X                             0.750000    1.325433   -0.575433 (VIOLATED)
_4808_/A_N                              0.750000    1.320719   -0.570719 (VIOLATED)
ANTENNA_13/DIODE                        0.750000    1.320689   -0.570689 (VIOLATED)
_4801_/A_N                              0.750000    1.320690   -0.570690 (VIOLATED)
_4806_/A_N                              0.750000    1.320601   -0.570601 (VIOLATED)
ANTENNA_33/DIODE                        0.750000    1.320600   -0.570600 (VIOLATED)
fanout1002/A                            0.750000    1.320221   -0.570221 (VIOLATED)
ANTENNA_35/DIODE                        0.750000    1.320215   -0.570215 (VIOLATED)
fanout994/A                             0.750000    1.319987   -0.569987 (VIOLATED)
ANTENNA_34/DIODE                        0.750000    1.319986   -0.569987 (VIOLATED)
fanout993/A                             0.750000    1.319818   -0.569818 (VIOLATED)
fanout991/A                             0.750000    1.319765   -0.569765 (VIOLATED)
input16/X                               0.750000    1.319650   -0.569650 (VIOLATED)
fanout402/A                             0.750000    1.305661   -0.555661 (VIOLATED)
fanout404/A                             0.750000    1.305651   -0.555651 (VIOLATED)
fanout399/A                             0.750000    1.305592   -0.555592 (VIOLATED)
fanout401/A                             0.750000    1.305591   -0.555591 (VIOLATED)
_4641_/Y                                0.750000    1.305571   -0.555571 (VIOLATED)
_4374_/A2                               0.750000    1.304988   -0.554988 (VIOLATED)
_4375_/A2                               0.750000    1.304983   -0.554983 (VIOLATED)
_4380_/A2                               0.750000    1.304895   -0.554895 (VIOLATED)
_4377_/A2                               0.750000    1.304894   -0.554894 (VIOLATED)
fanout453/X                             0.750000    1.304894   -0.554894 (VIOLATED)
load_slew454/A                          0.750000    1.304894   -0.554894 (VIOLATED)
fanout744/A                             0.750000    1.302683   -0.552683 (VIOLATED)
_2875_/A1                               0.750000    1.302675   -0.552675 (VIOLATED)
_2891_/A1                               0.750000    1.302672   -0.552672 (VIOLATED)
_3027_/A1                               0.750000    1.302663   -0.552664 (VIOLATED)
fanout742/A                             0.750000    1.302663   -0.552663 (VIOLATED)
_3011_/A1                               0.750000    1.302652   -0.552652 (VIOLATED)
fanout746/X                             0.750000    1.302652   -0.552652 (VIOLATED)
_4939_/B1                               0.750000    1.302318   -0.552318 (VIOLATED)
_4934_/B1                               0.750000    1.302275   -0.552275 (VIOLATED)
_4932_/B1                               0.750000    1.302249   -0.552249 (VIOLATED)
_4929_/B1                               0.750000    1.302228   -0.552228 (VIOLATED)
_4945_/B1                               0.750000    1.302141   -0.552141 (VIOLATED)
_4930_/B1                               0.750000    1.302022   -0.552022 (VIOLATED)
fanout137/X                             0.750000    1.302022   -0.552022 (VIOLATED)
fanout529/A                             0.750000    1.288020   -0.538020 (VIOLATED)
fanout527/A                             0.750000    1.287918   -0.537918 (VIOLATED)
fanout532/A                             0.750000    1.287850   -0.537850 (VIOLATED)
_4022_/Y                                0.750000    1.287837   -0.537837 (VIOLATED)
fanout337/A                             0.750000    1.286883   -0.536883 (VIOLATED)
fanout335/A                             0.750000    1.286868   -0.536868 (VIOLATED)
fanout340/A                             0.750000    1.286849   -0.536849 (VIOLATED)
_4980_/Y                                0.750000    1.286837   -0.536837 (VIOLATED)
fanout480/A                             0.750000    1.279135   -0.529135 (VIOLATED)
fanout476/A                             0.750000    1.279084   -0.529084 (VIOLATED)
fanout474/A                             0.750000    1.279067   -0.529067 (VIOLATED)
fanout478/A                             0.750000    1.279062   -0.529062 (VIOLATED)
_4264_/Y                                0.750000    1.279046   -0.529046 (VIOLATED)
_4841_/B1                               0.750000    1.278972   -0.528972 (VIOLATED)
_4826_/B1                               0.750000    1.278903   -0.528903 (VIOLATED)
_4833_/B1                               0.750000    1.278868   -0.528868 (VIOLATED)
_4838_/B1                               0.750000    1.278859   -0.528859 (VIOLATED)
_4822_/B1                               0.750000    1.278841   -0.528841 (VIOLATED)
_4818_/B1                               0.750000    1.278838   -0.528838 (VIOLATED)
fanout154/X                             0.750000    1.278838   -0.528838 (VIOLATED)
_4851_/A2                               0.750000    1.278763   -0.528763 (VIOLATED)
_4857_/A2                               0.750000    1.278715   -0.528715 (VIOLATED)
load_slew364/A                          0.750000    1.278711   -0.528711 (VIOLATED)
_4854_/A2                               0.750000    1.278682   -0.528682 (VIOLATED)
_4868_/A2                               0.750000    1.278653   -0.528653 (VIOLATED)
fanout363/X                             0.750000    1.278649   -0.528649 (VIOLATED)
fanout317/A                             0.750000    1.276927   -0.526927 (VIOLATED)
fanout320/A                             0.750000    1.276916   -0.526916 (VIOLATED)
fanout315/A                             0.750000    1.276904   -0.526904 (VIOLATED)
fanout318/A                             0.750000    1.276895   -0.526895 (VIOLATED)
_3988_/Y                                0.750000    1.276880   -0.526880 (VIOLATED)
fanout164/A                             0.750000    1.270717   -0.520717 (VIOLATED)
fanout161/A                             0.750000    1.270707   -0.520707 (VIOLATED)
ANTENNA_9/DIODE                         0.750000    1.270380   -0.520380 (VIOLATED)
_4745_/Y                                0.750000    1.270380   -0.520380 (VIOLATED)
fanout159/A                             0.750000    1.270380   -0.520380 (VIOLATED)
fanout162/A                             0.750000    1.270380   -0.520380 (VIOLATED)
fanout311/A                             0.750000    1.270220   -0.520220 (VIOLATED)
fanout314/A                             0.750000    1.270183   -0.520183 (VIOLATED)
fanout312/A                             0.750000    1.270153   -0.520153 (VIOLATED)
fanout309/A                             0.750000    1.270118   -0.520118 (VIOLATED)
_4023_/Y                                0.750000    1.270103   -0.520103 (VIOLATED)
fanout122/A                             0.750000    1.266695   -0.516695 (VIOLATED)
fanout120/A                             0.750000    1.266684   -0.516684 (VIOLATED)
fanout125/A                             0.750000    1.266678   -0.516678 (VIOLATED)
fanout123/A                             0.750000    1.266671   -0.516671 (VIOLATED)
_4981_/Y                                0.750000    1.266650   -0.516650 (VIOLATED)
fanout423/A                             0.750000    1.266517   -0.516517 (VIOLATED)
fanout425/A                             0.750000    1.266512   -0.516512 (VIOLATED)
fanout422/A                             0.750000    1.266497   -0.516497 (VIOLATED)
fanout420/A                             0.750000    1.266497   -0.516497 (VIOLATED)
_4539_/Y                                0.750000    1.266482   -0.516482 (VIOLATED)
_4690_/A2                               0.750000    1.260967   -0.510967 (VIOLATED)
_4707_/A2                               0.750000    1.260950   -0.510950 (VIOLATED)
_4700_/A2                               0.750000    1.260932   -0.510932 (VIOLATED)
fanout128/A                             0.750000    1.260924   -0.510924 (VIOLATED)
fanout131/A                             0.750000    1.260911   -0.510911 (VIOLATED)
fanout126/A                             0.750000    1.260886   -0.510886 (VIOLATED)
fanout129/A                             0.750000    1.260886   -0.510886 (VIOLATED)
_4947_/Y                                0.750000    1.260878   -0.510878 (VIOLATED)
_4689_/A2                               0.750000    1.260866   -0.510866 (VIOLATED)
_4705_/A2                               0.750000    1.260804   -0.510804 (VIOLATED)
_4696_/A2                               0.750000    1.260291   -0.510291 (VIOLATED)
_4701_/A2                               0.750000    1.260291   -0.510291 (VIOLATED)
fanout394/X                             0.750000    1.260291   -0.510291 (VIOLATED)
_4765_/B1                               0.750000    1.250644   -0.500644 (VIOLATED)
_4770_/B1                               0.750000    1.250642   -0.500642 (VIOLATED)
_4774_/B1                               0.750000    1.250626   -0.500626 (VIOLATED)
_4769_/B1                               0.750000    1.250599   -0.500599 (VIOLATED)
_4776_/B1                               0.750000    1.250585   -0.500585 (VIOLATED)
_4759_/B1                               0.750000    1.250569   -0.500569 (VIOLATED)
fanout161/X                             0.750000    1.250569   -0.500569 (VIOLATED)
fanout268/A                             0.750000    1.248808   -0.498808 (VIOLATED)
fanout270/A                             0.750000    1.248750   -0.498750 (VIOLATED)
_4229_/B1                               0.750000    1.248675   -0.498675 (VIOLATED)
_4218_/B1                               0.750000    1.248642   -0.498642 (VIOLATED)
_4223_/B1                               0.750000    1.248490   -0.498490 (VIOLATED)
_4228_/B1                               0.750000    1.248486   -0.498486 (VIOLATED)
fanout272/A                             0.750000    1.248451   -0.498451 (VIOLATED)
fanout274/X                             0.750000    1.248083   -0.498083 (VIOLATED)
_3971_/B1                               0.750000    1.246050   -0.496050 (VIOLATED)
_3976_/B1                               0.750000    1.246045   -0.496045 (VIOLATED)
_3952_/B1                               0.750000    1.246010   -0.496010 (VIOLATED)
_3980_/B1                               0.750000    1.245974   -0.495974 (VIOLATED)
_3964_/B1                               0.750000    1.245955   -0.495955 (VIOLATED)
_3975_/B1                               0.750000    1.245851   -0.495851 (VIOLATED)
_3982_/B1                               0.750000    1.245798   -0.495799 (VIOLATED)
_3965_/B1                               0.750000    1.245419   -0.495419 (VIOLATED)
fanout323/X                             0.750000    1.245417   -0.495417 (VIOLATED)
_4875_/A2                               0.750000    1.243896   -0.493896 (VIOLATED)
_4860_/A2                               0.750000    1.243802   -0.493802 (VIOLATED)
_4867_/A2                               0.750000    1.243784   -0.493784 (VIOLATED)
_4872_/A2                               0.750000    1.243743   -0.493743 (VIOLATED)
_4856_/A2                               0.750000    1.243700   -0.493700 (VIOLATED)
_4852_/A2                               0.750000    1.243622   -0.493622 (VIOLATED)
fanout365/X                             0.750000    1.243617   -0.493617 (VIOLATED)
fanout365/A                             0.750000    1.238645   -0.488645 (VIOLATED)
fanout363/A                             0.750000    1.238626   -0.488626 (VIOLATED)
fanout368/A                             0.750000    1.238623   -0.488623 (VIOLATED)
_4844_/Y                                0.750000    1.238591   -0.488592 (VIOLATED)
_5015_/B                                0.750000    1.237614   -0.487614 (VIOLATED)
_5035_/A2                               0.750000    1.237593   -0.487593 (VIOLATED)
_5016_/A2                               0.750000    1.237551   -0.487551 (VIOLATED)
_5040_/A2                               0.750000    1.237551   -0.487551 (VIOLATED)
fanout331/X                             0.750000    1.237551   -0.487551 (VIOLATED)
wire332/A                               0.750000    1.237551   -0.487551 (VIOLATED)
_2670_/A1                               0.750000    1.232572   -0.482572 (VIOLATED)
_3191_/A1                               0.750000    1.232566   -0.482566 (VIOLATED)
_2959_/B2                               0.750000    1.232557   -0.482557 (VIOLATED)
_3056_/A1                               0.750000    1.232557   -0.482557 (VIOLATED)
_3072_/A1                               0.750000    1.232557   -0.482557 (VIOLATED)
fanout697/X                             0.750000    1.232557   -0.482557 (VIOLATED)
load_slew698/A                          0.750000    1.232557   -0.482557 (VIOLATED)
fanout177/A                             0.750000    1.231582   -0.481582 (VIOLATED)
fanout174/A                             0.750000    1.231575   -0.481575 (VIOLATED)
fanout172/A                             0.750000    1.231560   -0.481560 (VIOLATED)
fanout175/A                             0.750000    1.231544   -0.481544 (VIOLATED)
_4676_/Y                                0.750000    1.231231   -0.481231 (VIOLATED)
_4943_/B1                               0.750000    1.229731   -0.479731 (VIOLATED)
fanout138/A                             0.750000    1.229189   -0.479189 (VIOLATED)
fanout140/A                             0.750000    1.229173   -0.479173 (VIOLATED)
fanout141/A                             0.750000    1.229163   -0.479163 (VIOLATED)
_4935_/B1                               0.750000    1.229150   -0.479150 (VIOLATED)
fanout143/A                             0.750000    1.229136   -0.479136 (VIOLATED)
_4879_/Y                                0.750000    1.229122   -0.479122 (VIOLATED)
_4928_/B1                               0.750000    1.229113   -0.479113 (VIOLATED)
_4940_/B1                               0.750000    1.229051   -0.479051 (VIOLATED)
_4924_/B1                               0.750000    1.228916   -0.478916 (VIOLATED)
_4920_/B1                               0.750000    1.228894   -0.478894 (VIOLATED)
fanout134/X                             0.750000    1.228894   -0.478894 (VIOLATED)
fanout241/A                             0.750000    1.224326   -0.474326 (VIOLATED)
fanout243/A                             0.750000    1.224312   -0.474312 (VIOLATED)
fanout246/A                             0.750000    1.224312   -0.474312 (VIOLATED)
fanout244/A                             0.750000    1.224307   -0.474307 (VIOLATED)
_4333_/Y                                0.750000    1.224305   -0.474305 (VIOLATED)
fanout409/A                             0.750000    1.223060   -0.473060 (VIOLATED)
fanout411/A                             0.750000    1.223049   -0.473049 (VIOLATED)
fanout406/A                             0.750000    1.222962   -0.472962 (VIOLATED)
fanout408/A                             0.750000    1.222960   -0.472960 (VIOLATED)
_4607_/Y                                0.750000    1.222939   -0.472939 (VIOLATED)
_4696_/B1                               0.750000    1.222734   -0.472735 (VIOLATED)
_4701_/B1                               0.750000    1.222718   -0.472718 (VIOLATED)
_4705_/B1                               0.750000    1.222621   -0.472621 (VIOLATED)
_4700_/B1                               0.750000    1.221917   -0.471917 (VIOLATED)
_4707_/B1                               0.750000    1.221840   -0.471840 (VIOLATED)
_4690_/B1                               0.750000    1.221825   -0.471825 (VIOLATED)
fanout174/X                             0.750000    1.221825   -0.471825 (VIOLATED)
_2825_/B2                               0.750000    1.220256   -0.470256 (VIOLATED)
_3207_/A1                               0.750000    1.220194   -0.470194 (VIOLATED)
_3040_/C1                               0.750000    1.220136   -0.470136 (VIOLATED)
_3152_/C1                               0.750000    1.219614   -0.469614 (VIOLATED)
_2954_/C1                               0.750000    1.219552   -0.469552 (VIOLATED)
_3067_/A1                               0.750000    1.219552   -0.469552 (VIOLATED)
fanout557/X                             0.750000    1.219552   -0.469552 (VIOLATED)
_4658_/B1                               0.750000    1.213606   -0.463606 (VIOLATED)
_4661_/B1                               0.750000    1.213570   -0.463570 (VIOLATED)
_4650_/B1                               0.750000    1.213519   -0.463519 (VIOLATED)
_4652_/B1                               0.750000    1.213508   -0.463508 (VIOLATED)
_4663_/B1                               0.750000    1.213477   -0.463477 (VIOLATED)
_4668_/B1                               0.750000    1.213336   -0.463336 (VIOLATED)
fanout441/A                             0.750000    1.213121   -0.463121 (VIOLATED)
ANTENNA_8/DIODE                         0.750000    1.213119   -0.463119 (VIOLATED)
fanout439/A                             0.750000    1.213107   -0.463107 (VIOLATED)
fanout445/A                             0.750000    1.213101   -0.463101 (VIOLATED)
fanout443/A                             0.750000    1.213085   -0.463085 (VIOLATED)
_4436_/Y                                0.750000    1.213075   -0.463075 (VIOLATED)
_4656_/B1                               0.750000    1.212982   -0.462982 (VIOLATED)
fanout183/X                             0.750000    1.212982   -0.462982 (VIOLATED)
_3747_/A1                               0.750000    1.210675   -0.460675 (VIOLATED)
_3793_/A1                               0.750000    1.210666   -0.460666 (VIOLATED)
_3679_/A1                               0.750000    1.210664   -0.460664 (VIOLATED)
_3232_/A                                0.750000    1.210221   -0.460221 (VIOLATED)
_3261_/A                                0.750000    1.210187   -0.460187 (VIOLATED)
_3248_/B                                0.750000    1.210182   -0.460182 (VIOLATED)
_3253_/A_N                              0.750000    1.210143   -0.460143 (VIOLATED)
_3430_/C1                               0.750000    1.210143   -0.460143 (VIOLATED)
_3601_/B1                               0.750000    1.210143   -0.460143 (VIOLATED)
_3613_/C_N                              0.750000    1.210143   -0.460143 (VIOLATED)
fanout1005/X                            0.750000    1.210143   -0.460143 (VIOLATED)
fanout1007/A                            0.750000    1.206398   -0.456398 (VIOLATED)
_3612_/C1                               0.750000    1.206397   -0.456397 (VIOLATED)
_3382_/C1                               0.750000    1.206350   -0.456351 (VIOLATED)
_3477_/C1                               0.750000    1.206339   -0.456339 (VIOLATED)
_3471_/A1                               0.750000    1.206337   -0.456337 (VIOLATED)
_3356_/C1                               0.750000    1.206334   -0.456334 (VIOLATED)
_3365_/C1                               0.750000    1.206027   -0.456027 (VIOLATED)
fanout1008/X                            0.750000    1.206027   -0.456027 (VIOLATED)
fanout261/A                             0.750000    1.205188   -0.455188 (VIOLATED)
_4262_/B1                               0.750000    1.205184   -0.455184 (VIOLATED)
_4257_/B1                               0.750000    1.205183   -0.455183 (VIOLATED)
_4252_/B1                               0.750000    1.205178   -0.455178 (VIOLATED)
fanout265/A                             0.750000    1.205175   -0.455175 (VIOLATED)
_4263_/B1                               0.750000    1.205174   -0.455174 (VIOLATED)
fanout263/A                             0.750000    1.205174   -0.455174 (VIOLATED)
fanout267/X                             0.750000    1.205174   -0.455174 (VIOLATED)
_4909_/B1                               0.750000    1.204613   -0.454613 (VIOLATED)
_4894_/B1                               0.750000    1.204576   -0.454576 (VIOLATED)
_4901_/B1                               0.750000    1.204495   -0.454495 (VIOLATED)
_4906_/B1                               0.750000    1.204449   -0.454449 (VIOLATED)
_4890_/B1                               0.750000    1.204351   -0.454351 (VIOLATED)
_4886_/B1                               0.750000    1.204277   -0.454277 (VIOLATED)
fanout140/X                             0.750000    1.204277   -0.454277 (VIOLATED)
_4759_/A2                               0.750000    1.201725   -0.451725 (VIOLATED)
_4776_/A2                               0.750000    1.201717   -0.451717 (VIOLATED)
_4769_/A2                               0.750000    1.201318   -0.451318 (VIOLATED)
_4758_/A2                               0.750000    1.201307   -0.451307 (VIOLATED)
_4774_/A2                               0.750000    1.201257   -0.451257 (VIOLATED)
_4765_/A2                               0.750000    1.201216   -0.451216 (VIOLATED)
_4770_/A2                               0.750000    1.201216   -0.451216 (VIOLATED)
fanout380/X                             0.750000    1.201216   -0.451216 (VIOLATED)
_4741_/B1                               0.750000    1.198880   -0.448880 (VIOLATED)
_4726_/B1                               0.750000    1.198769   -0.448769 (VIOLATED)
_4733_/B1                               0.750000    1.198741   -0.448741 (VIOLATED)
_4738_/B1                               0.750000    1.198703   -0.448703 (VIOLATED)
_4722_/B1                               0.750000    1.198088   -0.448088 (VIOLATED)
_4718_/B1                               0.750000    1.198032   -0.448032 (VIOLATED)
fanout167/X                             0.750000    1.198028   -0.448028 (VIOLATED)
fanout761/A                             0.750000    1.194331   -0.444331 (VIOLATED)
fanout759/A                             0.750000    1.194237   -0.444237 (VIOLATED)
fanout764/A                             0.750000    1.194165   -0.444165 (VIOLATED)
fanout762/A                             0.750000    1.193999   -0.443999 (VIOLATED)
fanout757/A                             0.750000    1.193774   -0.443774 (VIOLATED)
fanout754/A                             0.750000    1.193476   -0.443476 (VIOLATED)
fanout752/A                             0.750000    1.193372   -0.443372 (VIOLATED)
fanout755/A                             0.750000    1.193107   -0.443107 (VIOLATED)
fanout765/X                             0.750000    1.193051   -0.443051 (VIOLATED)
_4913_/B                                0.750000    1.193021   -0.443021 (VIOLATED)
_4933_/A2                               0.750000    1.193006   -0.443006 (VIOLATED)
wire353/A                               0.750000    1.193001   -0.443001 (VIOLATED)
_4914_/A2                               0.750000    1.193000   -0.443000 (VIOLATED)
_4938_/A2                               0.750000    1.193000   -0.443000 (VIOLATED)
fanout352/X                             0.750000    1.192996   -0.442996 (VIOLATED)
_4943_/A2                               0.750000    1.185665   -0.435665 (VIOLATED)
_4935_/A2                               0.750000    1.185527   -0.435527 (VIOLATED)
_4928_/A2                               0.750000    1.185065   -0.435065 (VIOLATED)
_4940_/A2                               0.750000    1.184972   -0.434972 (VIOLATED)
_4920_/A2                               0.750000    1.184838   -0.434838 (VIOLATED)
_4924_/A2                               0.750000    1.184838   -0.434838 (VIOLATED)
fanout351/X                             0.750000    1.184838   -0.434838 (VIOLATED)
_4556_/B1                               0.750000    1.179281   -0.429281 (VIOLATED)
_4559_/B1                               0.750000    1.179271   -0.429271 (VIOLATED)
_4548_/B1                               0.750000    1.179264   -0.429264 (VIOLATED)
_4550_/B1                               0.750000    1.179262   -0.429262 (VIOLATED)
_4561_/B1                               0.750000    1.179258   -0.429258 (VIOLATED)
_4554_/B1                               0.750000    1.179255   -0.429255 (VIOLATED)
_4566_/B1                               0.750000    1.179255   -0.429255 (VIOLATED)
fanout204/X                             0.750000    1.179255   -0.429255 (VIOLATED)
fanout344/A                             0.750000    1.177732   -0.427732 (VIOLATED)
ANTENNA_10/DIODE                        0.750000    1.177728   -0.427728 (VIOLATED)
_4741_/A2                               0.750000    1.177666   -0.427666 (VIOLATED)
fanout342/A                             0.750000    1.177622   -0.427622 (VIOLATED)
_4726_/A2                               0.750000    1.177592   -0.427592 (VIOLATED)
_4733_/A2                               0.750000    1.177551   -0.427551 (VIOLATED)
fanout347/A                             0.750000    1.177527   -0.427527 (VIOLATED)
_4946_/Y                                0.750000    1.177519   -0.427519 (VIOLATED)
_4738_/A2                               0.750000    1.177486   -0.427486 (VIOLATED)
_4722_/A2                               0.750000    1.177382   -0.427382 (VIOLATED)
_4718_/A2                               0.750000    1.177355   -0.427355 (VIOLATED)
fanout387/X                             0.750000    1.177355   -0.427355 (VIOLATED)
fanout370/A                             0.750000    1.176333   -0.426333 (VIOLATED)
fanout373/A                             0.750000    1.176322   -0.426322 (VIOLATED)
max_cap377/A                            0.750000    1.176297   -0.426297 (VIOLATED)
_4810_/Y                                0.750000    1.176293   -0.426293 (VIOLATED)
fanout490/A                             0.750000    1.175916   -0.425916 (VIOLATED)
fanout494/A                             0.750000    1.175911   -0.425911 (VIOLATED)
fanout488/A                             0.750000    1.175894   -0.425894 (VIOLATED)
fanout492/A                             0.750000    1.175881   -0.425881 (VIOLATED)
_4196_/Y                                0.750000    1.175871   -0.425871 (VIOLATED)
_4310_/A2                               0.750000    1.174969   -0.424969 (VIOLATED)
_4305_/A2                               0.750000    1.174962   -0.424962 (VIOLATED)
_4303_/A2                               0.750000    1.174954   -0.424954 (VIOLATED)
_4314_/A2                               0.750000    1.174954   -0.424954 (VIOLATED)
_4321_/A2                               0.750000    1.174943   -0.424943 (VIOLATED)
_4326_/A2                               0.750000    1.174935   -0.424935 (VIOLATED)
_4306_/A2                               0.750000    1.174931   -0.424931 (VIOLATED)
_4329_/A2                               0.750000    1.174879   -0.424879 (VIOLATED)
fanout469/X                             0.750000    1.174868   -0.424868 (VIOLATED)
_3701_/B2                               0.750000    1.171098   -0.421098 (VIOLATED)
_3684_/B2                               0.750000    1.171089   -0.421089 (VIOLATED)
_3927_/B2                               0.750000    1.171056   -0.421056 (VIOLATED)
_3576_/B2                               0.750000    1.171049   -0.421049 (VIOLATED)
_3533_/A1                               0.750000    1.171030   -0.421030 (VIOLATED)
_3903_/B2                               0.750000    1.171030   -0.421030 (VIOLATED)
fanout601/X                             0.750000    1.171030   -0.421030 (VIOLATED)
_4065_/A2                               0.750000    1.158083   -0.408083 (VIOLATED)
_4076_/A2                               0.750000    1.158065   -0.408065 (VIOLATED)
_4071_/A2                               0.750000    1.158055   -0.408055 (VIOLATED)
load_slew520/A                          0.750000    1.158054   -0.408054 (VIOLATED)
fanout519/X                             0.750000    1.158052   -0.408052 (VIOLATED)
fanout487/A                             0.750000    1.153284   -0.403284 (VIOLATED)
fanout483/A                             0.750000    1.153276   -0.403276 (VIOLATED)
fanout481/A                             0.750000    1.153244   -0.403244 (VIOLATED)
fanout485/A                             0.750000    1.153228   -0.403228 (VIOLATED)
_4230_/Y                                0.750000    1.153214   -0.403214 (VIOLATED)
_3538_/C1                               0.750000    1.150046   -0.400046 (VIOLATED)
_3916_/B1                               0.750000    1.150043   -0.400043 (VIOLATED)
_3758_/C1                               0.750000    1.150038   -0.400038 (VIOLATED)
_3865_/C1                               0.750000    1.150037   -0.400037 (VIOLATED)
_4909_/A2                               0.750000    1.150001   -0.400001 (VIOLATED)
_4894_/A2                               0.750000    1.149974   -0.399974 (VIOLATED)
_4901_/A2                               0.750000    1.149900   -0.399900 (VIOLATED)
_4906_/A2                               0.750000    1.149880   -0.399880 (VIOLATED)
_4890_/A2                               0.750000    1.149808   -0.399808 (VIOLATED)
_4886_/A2                               0.750000    1.149777   -0.399777 (VIOLATED)
fanout358/X                             0.750000    1.149777   -0.399777 (VIOLATED)
_3673_/B1                               0.750000    1.149615   -0.399615 (VIOLATED)
_3793_/B2                               0.750000    1.149615   -0.399615 (VIOLATED)
fanout576/X                             0.750000    1.149615   -0.399615 (VIOLATED)
_4134_/A2                               0.750000    1.144998   -0.394998 (VIOLATED)
_4145_/A2                               0.750000    1.144901   -0.394901 (VIOLATED)
_4140_/A2                               0.750000    1.144897   -0.394897 (VIOLATED)
fanout503/X                             0.750000    1.144897   -0.394897 (VIOLATED)
load_slew504/A                          0.750000    1.144897   -0.394897 (VIOLATED)
_4676_/B                                0.750000    1.141254   -0.391254 (VIOLATED)
ANTENNA_45/DIODE                        0.750000    1.141249   -0.391249 (VIOLATED)
_4699_/A2                               0.750000    1.141239   -0.391239 (VIOLATED)
load_slew393/A                          0.750000    1.141239   -0.391239 (VIOLATED)
_4677_/A2                               0.750000    1.141172   -0.391172 (VIOLATED)
fanout392/X                             0.750000    1.141172   -0.391172 (VIOLATED)
fanout236/A                             0.750000    1.140730   -0.390730 (VIOLATED)
fanout234/A                             0.750000    1.140725   -0.390725 (VIOLATED)
fanout237/A                             0.750000    1.140720   -0.390720 (VIOLATED)
fanout239/A                             0.750000    1.140697   -0.390697 (VIOLATED)
_4368_/Y                                0.750000    1.140402   -0.390402 (VIOLATED)
_4745_/B                                0.750000    1.139048   -0.389048 (VIOLATED)
ANTENNA_44/DIODE                        0.750000    1.139046   -0.389046 (VIOLATED)
_4768_/A2                               0.750000    1.139045   -0.389045 (VIOLATED)
load_slew379/A                          0.750000    1.139044   -0.389044 (VIOLATED)
_4746_/A2                               0.750000    1.139031   -0.389031 (VIOLATED)
fanout378/X                             0.750000    1.139031   -0.389031 (VIOLATED)
_4811_/B                                0.750000    1.138243   -0.388243 (VIOLATED)
ANTENNA_17/DIODE                        0.750000    1.138242   -0.388242 (VIOLATED)
ANTENNA_18/DIODE                        0.750000    1.138230   -0.388230 (VIOLATED)
_4831_/A2                               0.750000    1.138230   -0.388230 (VIOLATED)
_4812_/A2                               0.750000    1.138222   -0.388222 (VIOLATED)
_4836_/A2                               0.750000    1.138222   -0.388222 (VIOLATED)
fanout373/X                             0.750000    1.138222   -0.388222 (VIOLATED)
wire374/A                               0.750000    1.138223   -0.388223 (VIOLATED)
fanout429/A                             0.750000    1.135005   -0.385005 (VIOLATED)
fanout432/A                             0.750000    1.134969   -0.384969 (VIOLATED)
fanout430/A                             0.750000    1.134902   -0.384902 (VIOLATED)
fanout427/A                             0.750000    1.134898   -0.384898 (VIOLATED)
_4504_/Y                                0.750000    1.134838   -0.384838 (VIOLATED)
_3445_/A1                               0.750000    1.133106   -0.383106 (VIOLATED)
_3461_/A                                0.750000    1.133097   -0.383097 (VIOLATED)
_3701_/A1                               0.750000    1.133097   -0.383097 (VIOLATED)
_3410_/A                                0.750000    1.133092   -0.383092 (VIOLATED)
_4624_/B1                               0.750000    1.133091   -0.383091 (VIOLATED)
_3684_/A1                               0.750000    1.133090   -0.383090 (VIOLATED)
_4627_/B1                               0.750000    1.133079   -0.383079 (VIOLATED)
_3806_/A                                0.750000    1.133075   -0.383075 (VIOLATED)
_4616_/B1                               0.750000    1.133053   -0.383053 (VIOLATED)
_3798_/A1                               0.750000    1.133049   -0.383049 (VIOLATED)
_4618_/B1                               0.750000    1.133047   -0.383047 (VIOLATED)
_3903_/A1                               0.750000    1.133046   -0.383046 (VIOLATED)
fanout1018/X                            0.750000    1.133046   -0.383046 (VIOLATED)
_4629_/B1                               0.750000    1.133035   -0.383035 (VIOLATED)
_4622_/B1                               0.750000    1.133009   -0.383009 (VIOLATED)
_4634_/B1                               0.750000    1.133009   -0.383009 (VIOLATED)
fanout190/X                             0.750000    1.133009   -0.383009 (VIOLATED)
_4398_/A2                               0.750000    1.115489   -0.365489 (VIOLATED)
_4383_/A2                               0.750000    1.115471   -0.365471 (VIOLATED)
_4390_/A2                               0.750000    1.115439   -0.365439 (VIOLATED)
_4395_/A2                               0.750000    1.115416   -0.365416 (VIOLATED)
_4379_/A2                               0.750000    1.115368   -0.365368 (VIOLATED)
fanout455/X                             0.750000    1.115360   -0.365360 (VIOLATED)
_4168_/A2                               0.750000    1.112018   -0.362018 (VIOLATED)
ANTENNA_22/DIODE                        0.750000    1.112016   -0.362016 (VIOLATED)
_4179_/A2                               0.750000    1.111976   -0.361976 (VIOLATED)
_4174_/A2                               0.750000    1.111973   -0.361973 (VIOLATED)
fanout495/X                             0.750000    1.111973   -0.361973 (VIOLATED)
load_slew496/A                          0.750000    1.111973   -0.361973 (VIOLATED)
_3012_/A1                               0.750000    1.111718   -0.361718 (VIOLATED)
_3028_/A1                               0.750000    1.111716   -0.361716 (VIOLATED)
fanout692/A                             0.750000    1.111706   -0.361706 (VIOLATED)
_2892_/A1                               0.750000    1.111695   -0.361695 (VIOLATED)
_2875_/B2                               0.750000    1.111693   -0.361693 (VIOLATED)
fanout694/A                             0.750000    1.111693   -0.361693 (VIOLATED)
fanout696/X                             0.750000    1.111693   -0.361693 (VIOLATED)
_4590_/B1                               0.750000    1.106023   -0.356023 (VIOLATED)
_4593_/B1                               0.750000    1.105972   -0.355972 (VIOLATED)
_4582_/B1                               0.750000    1.105920   -0.355920 (VIOLATED)
_4584_/B1                               0.750000    1.105853   -0.355853 (VIOLATED)
_4595_/B1                               0.750000    1.105804   -0.355804 (VIOLATED)
_4600_/B1                               0.750000    1.105734   -0.355734 (VIOLATED)
_4588_/B1                               0.750000    1.105411   -0.355411 (VIOLATED)
fanout197/X                             0.750000    1.105411   -0.355411 (VIOLATED)
_4398_/B1                               0.750000    1.100805   -0.350805 (VIOLATED)
_4383_/B1                               0.750000    1.100774   -0.350774 (VIOLATED)
_4390_/B1                               0.750000    1.100746   -0.350746 (VIOLATED)
_4395_/B1                               0.750000    1.100743   -0.350743 (VIOLATED)
_4379_/B1                               0.750000    1.100725   -0.350725 (VIOLATED)
fanout236/X                             0.750000    1.100725   -0.350725 (VIOLATED)
_4353_/B1                               0.750000    1.099375   -0.349375 (VIOLATED)
_4358_/B1                               0.750000    1.099368   -0.349368 (VIOLATED)
_4362_/B1                               0.750000    1.099294   -0.349294 (VIOLATED)
_4346_/B1                               0.750000    1.099269   -0.349269 (VIOLATED)
_4357_/B1                               0.750000    1.099204   -0.349204 (VIOLATED)
_4364_/B1                               0.750000    1.099133   -0.349133 (VIOLATED)
_4347_/B1                               0.750000    1.099127   -0.349127 (VIOLATED)
fanout243/X                             0.750000    1.099127   -0.349127 (VIOLATED)
_4639_/A2                               0.750000    1.098016   -0.348016 (VIOLATED)
_4632_/A2                               0.750000    1.098010   -0.348010 (VIOLATED)
_4637_/A2                               0.750000    1.097976   -0.347976 (VIOLATED)
_4628_/A2                               0.750000    1.097912   -0.347912 (VIOLATED)
_4633_/A2                               0.750000    1.097911   -0.347911 (VIOLATED)
fanout408/X                             0.750000    1.097911   -0.347911 (VIOLATED)
fanout145/A                             0.750000    1.091866   -0.341866 (VIOLATED)
fanout147/A                             0.750000    1.091859   -0.341859 (VIOLATED)
fanout148/A                             0.750000    1.091846   -0.341846 (VIOLATED)
fanout150/A                             0.750000    1.091837   -0.341837 (VIOLATED)
_4845_/Y                                0.750000    1.091829   -0.341829 (VIOLATED)
_4100_/A2                               0.750000    1.072740   -0.322740 (VIOLATED)
_4111_/A2                               0.750000    1.072706   -0.322706 (VIOLATED)
load_slew512/A                          0.750000    1.072685   -0.322685 (VIOLATED)
_4106_/A2                               0.750000    1.072684   -0.322684 (VIOLATED)
fanout511/X                             0.750000    1.072675   -0.322675 (VIOLATED)
_4372_/B1                               0.750000    1.064490   -0.314490 (VIOLATED)
_4371_/B1                               0.750000    1.064485   -0.314485 (VIOLATED)
load_slew235/A                          0.750000    1.064462   -0.314462 (VIOLATED)
_4374_/B1                               0.750000    1.064341   -0.314341 (VIOLATED)
_4375_/B1                               0.750000    1.064331   -0.314331 (VIOLATED)
fanout234/X                             0.750000    1.064331   -0.314331 (VIOLATED)
_3813_/A1                               0.750000    1.061556   -0.311556 (VIOLATED)
_3945_/A1                               0.750000    1.061554   -0.311554 (VIOLATED)
ANTENNA_5/DIODE                         0.750000    1.061548   -0.311548 (VIOLATED)
_3703_/B2                               0.750000    1.061540   -0.311540 (VIOLATED)
fanout576/A                             0.750000    1.061497   -0.311497 (VIOLATED)
fanout577/A                             0.750000    1.061345   -0.311345 (VIOLATED)
fanout575/A                             0.750000    1.061335   -0.311336 (VIOLATED)
_3253_/X                                0.750000    1.061291   -0.311291 (VIOLATED)
_3071_/A1                               0.750000    1.058901   -0.308901 (VIOLATED)
_3044_/A                                0.750000    1.058887   -0.308887 (VIOLATED)
load_slew748/A                          0.750000    1.058856   -0.308857 (VIOLATED)
_3146_/A1                               0.750000    1.058848   -0.308848 (VIOLATED)
_2801_/A1                               0.750000    1.058804   -0.308804 (VIOLATED)
_3034_/A1                               0.750000    1.058777   -0.308777 (VIOLATED)
_2785_/A1                               0.750000    1.058773   -0.308773 (VIOLATED)
fanout747/X                             0.750000    1.058773   -0.308773 (VIOLATED)
_3190_/B2                               0.750000    1.057038   -0.307038 (VIOLATED)
_2921_/B2                               0.750000    1.056973   -0.306973 (VIOLATED)
_2982_/B2                               0.750000    1.056945   -0.306945 (VIOLATED)
_2966_/B2                               0.750000    1.056891   -0.306891 (VIOLATED)
_2853_/B2                               0.750000    1.056543   -0.306543 (VIOLATED)
_3229_/A1                               0.750000    1.056517   -0.306517 (VIOLATED)
_3212_/B2                               0.750000    1.056517   -0.306517 (VIOLATED)
fanout665/X                             0.750000    1.056517   -0.306517 (VIOLATED)
_4337_/B1                               0.750000    1.053444   -0.303444 (VIOLATED)
_4348_/B1                               0.750000    1.053439   -0.303439 (VIOLATED)
load_slew245/A                          0.750000    1.053431   -0.303431 (VIOLATED)
_4340_/B1                               0.750000    1.053413   -0.303413 (VIOLATED)
_4350_/B1                               0.750000    1.053401   -0.303401 (VIOLATED)
fanout244/X                             0.750000    1.053399   -0.303399 (VIOLATED)
_3090_/C1                               0.750000    1.047222   -0.297222 (VIOLATED)
_2723_/A1                               0.750000    1.047212   -0.297212 (VIOLATED)
_2978_/A1                               0.750000    1.047200   -0.297201 (VIOLATED)
_2937_/C1                               0.750000    1.047159   -0.297159 (VIOLATED)
_2870_/B2                               0.750000    1.046762   -0.296762 (VIOLATED)
_3230_/A1                               0.750000    1.046753   -0.296753 (VIOLATED)
fanout671/X                             0.750000    1.046753   -0.296753 (VIOLATED)
_4347_/A2                               0.750000    1.046134   -0.296134 (VIOLATED)
_4364_/A2                               0.750000    1.046121   -0.296121 (VIOLATED)
_4357_/A2                               0.750000    1.046108   -0.296108 (VIOLATED)
_4346_/A2                               0.750000    1.046077   -0.296077 (VIOLATED)
_4362_/A2                               0.750000    1.046073   -0.296073 (VIOLATED)
_4353_/A2                               0.750000    1.046043   -0.296043 (VIOLATED)
_4358_/A2                               0.750000    1.046043   -0.296043 (VIOLATED)
fanout463/X                             0.750000    1.046043   -0.296043 (VIOLATED)
fanout697/A                             0.750000    1.035897   -0.285897 (VIOLATED)
ANTENNA_1/DIODE                         0.750000    1.035896   -0.285896 (VIOLATED)
fanout696/A                             0.750000    1.035885   -0.285885 (VIOLATED)
fanout699/A                             0.750000    1.035882   -0.285882 (VIOLATED)
_2496_/Y                                0.750000    1.035863   -0.285863 (VIOLATED)
fanout1035/A                            0.750000    1.033715   -0.283715 (VIOLATED)
fanout1033/A                            0.750000    1.033681   -0.283681 (VIOLATED)
ANTENNA_30/DIODE                        0.750000    1.033677   -0.283677 (VIOLATED)
wire1038/A                              0.750000    1.033462   -0.283462 (VIOLATED)
fanout1027/A                            0.750000    1.033461   -0.283461 (VIOLATED)
fanout1037/X                            0.750000    1.033456   -0.283456 (VIOLATED)
fanout152/A                             0.750000    1.028697   -0.278697 (VIOLATED)
fanout154/A                             0.750000    1.028682   -0.278682 (VIOLATED)
_4811_/Y                                0.750000    1.028397   -0.278397 (VIOLATED)
max_cap158/A                            0.750000    1.028397   -0.278397 (VIOLATED)
_4692_/B1                               0.750000    1.025453   -0.275453 (VIOLATED)
_4708_/B1                               0.750000    1.025453   -0.275453 (VIOLATED)
_4695_/B1                               0.750000    1.025432   -0.275432 (VIOLATED)
_4686_/B1                               0.750000    1.025431   -0.275431 (VIOLATED)
_4697_/B1                               0.750000    1.025427   -0.275427 (VIOLATED)
_4702_/B1                               0.750000    1.025414   -0.275414 (VIOLATED)
fanout177/X                             0.750000    1.025414   -0.275414 (VIOLATED)
_2809_/A1                               0.750000    1.024993   -0.274993 (VIOLATED)
_2686_/A1                               0.750000    1.024960   -0.274960 (VIOLATED)
_2922_/A1                               0.750000    1.024931   -0.274931 (VIOLATED)
_2983_/A1                               0.750000    1.024823   -0.274823 (VIOLATED)
_2854_/A1                               0.750000    1.024815   -0.274815 (VIOLATED)
_2967_/A1                               0.750000    1.024783   -0.274783 (VIOLATED)
_3213_/A1                               0.750000    1.024768   -0.274769 (VIOLATED)
_3228_/B2                               0.750000    1.024768   -0.274769 (VIOLATED)
fanout699/X                             0.750000    1.024768   -0.274769 (VIOLATED)
_4662_/B1                               0.750000    1.023944   -0.273944 (VIOLATED)
_4667_/B1                               0.750000    1.023939   -0.273939 (VIOLATED)
_4671_/B1                               0.750000    1.023924   -0.273924 (VIOLATED)
_4666_/B1                               0.750000    1.023879   -0.273879 (VIOLATED)
_4673_/B1                               0.750000    1.023834   -0.273834 (VIOLATED)
fanout180/X                             0.750000    1.023834   -0.273834 (VIOLATED)
_4777_/A2                               0.750000    1.022693   -0.272693 (VIOLATED)
_4761_/A2                               0.750000    1.022679   -0.272679 (VIOLATED)
_4764_/A2                               0.750000    1.022572   -0.272572 (VIOLATED)
_4755_/A2                               0.750000    1.022519   -0.272519 (VIOLATED)
_4766_/A2                               0.750000    1.022057   -0.272057 (VIOLATED)
_4771_/A2                               0.750000    1.021960   -0.271960 (VIOLATED)
fanout383/X                             0.750000    1.021960   -0.271960 (VIOLATED)
load_slew163/A                          0.750000    1.020944   -0.270944 (VIOLATED)
_4760_/B1                               0.750000    1.020941   -0.270941 (VIOLATED)
_4749_/B1                               0.750000    1.020924   -0.270924 (VIOLATED)
_4748_/B1                               0.750000    1.020904   -0.270904 (VIOLATED)
_4762_/B1                               0.750000    1.020885   -0.270885 (VIOLATED)
fanout162/X                             0.750000    1.020885   -0.270885 (VIOLATED)
fanout579/A                             0.750000    1.019682   -0.269682 (VIOLATED)
_3898_/B2                               0.750000    1.019670   -0.269670 (VIOLATED)
_3945_/B2                               0.750000    1.019314   -0.269314 (VIOLATED)
_3697_/A1                               0.750000    1.019097   -0.269097 (VIOLATED)
_3798_/C1                               0.750000    1.018711   -0.268711 (VIOLATED)
fanout580/A                             0.750000    1.018622   -0.268622 (VIOLATED)
_3248_/X                                0.750000    1.018227   -0.268227 (VIOLATED)
wire115/A                               0.750000    1.015007   -0.265008 (VIOLATED)
_5018_/B1                               0.750000    1.014984   -0.264984 (VIOLATED)
_5019_/B1                               0.750000    1.014940   -0.264940 (VIOLATED)
_5021_/B1                               0.750000    1.014881   -0.264881 (VIOLATED)
fanout114/X                             0.750000    1.014879   -0.264879 (VIOLATED)
_4725_/B1                               0.750000    1.011278   -0.261278 (VIOLATED)
load_slew169/A                          0.750000    1.011277   -0.261277 (VIOLATED)
_4719_/B1                               0.750000    1.011270   -0.261270 (VIOLATED)
_4721_/B1                               0.750000    1.011265   -0.261265 (VIOLATED)
_4727_/B1                               0.750000    1.011217   -0.261217 (VIOLATED)
fanout168/X                             0.750000    1.011217   -0.261217 (VIOLATED)
_4788_/A_N                              0.750000    1.009020   -0.259020 (VIOLATED)
_4804_/A_N                              0.750000    1.008951   -0.258951 (VIOLATED)
_4799_/A_N                              0.750000    1.008922   -0.258922 (VIOLATED)
_4792_/A_N                              0.750000    1.008899   -0.258899 (VIOLATED)
_4807_/A_N                              0.750000    1.008883   -0.258883 (VIOLATED)
fanout993/X                             0.750000    1.008883   -0.258883 (VIOLATED)
_4692_/A2                               0.750000    1.007939   -0.257939 (VIOLATED)
_4708_/A2                               0.750000    1.007937   -0.257937 (VIOLATED)
_4695_/A2                               0.750000    1.007864   -0.257864 (VIOLATED)
_4686_/A2                               0.750000    1.007862   -0.257862 (VIOLATED)
_4697_/A2                               0.750000    1.007839   -0.257839 (VIOLATED)
_4702_/A2                               0.750000    1.007735   -0.257735 (VIOLATED)
fanout397/X                             0.750000    1.007735   -0.257735 (VIOLATED)
_4475_/B1                               0.750000    1.004197   -0.254197 (VIOLATED)
_4486_/B1                               0.750000    1.004180   -0.254180 (VIOLATED)
_4498_/B1                               0.750000    1.004140   -0.254140 (VIOLATED)
_4493_/B1                               0.750000    1.004126   -0.254126 (VIOLATED)
_4477_/B1                               0.750000    1.004023   -0.254023 (VIOLATED)
_4478_/B1                               0.750000    1.004005   -0.254005 (VIOLATED)
_4482_/B1                               0.750000    1.003963   -0.253963 (VIOLATED)
fanout214/X                             0.750000    1.003963   -0.253963 (VIOLATED)
_4859_/B1                               0.750000    0.999294   -0.249294 (VIOLATED)
load_slew149/A                          0.750000    0.999294   -0.249294 (VIOLATED)
_4853_/B1                               0.750000    0.999257   -0.249257 (VIOLATED)
_4855_/B1                               0.750000    0.999245   -0.249245 (VIOLATED)
_4861_/B1                               0.750000    0.999160   -0.249160 (VIOLATED)
fanout148/X                             0.750000    0.999160   -0.249160 (VIOLATED)
_3548_/C1                               0.750000    0.994397   -0.244397 (VIOLATED)
_3807_/C1                               0.750000    0.994385   -0.244386 (VIOLATED)
_3703_/A1                               0.750000    0.994319   -0.244319 (VIOLATED)
_3656_/C1                               0.750000    0.994297   -0.244297 (VIOLATED)
_3593_/A1                               0.750000    0.994152   -0.244152 (VIOLATED)
_3939_/A1                               0.750000    0.994010   -0.244010 (VIOLATED)
fanout631/X                             0.750000    0.993667   -0.243667 (VIOLATED)
fanout165/A                             0.750000    0.989006   -0.239006 (VIOLATED)
fanout167/A                             0.750000    0.988991   -0.238991 (VIOLATED)
fanout170/A                             0.750000    0.988989   -0.238989 (VIOLATED)
fanout168/A                             0.750000    0.988982   -0.238982 (VIOLATED)
_4711_/Y                                0.750000    0.988959   -0.238959 (VIOLATED)
_4777_/B1                               0.750000    0.982882   -0.232882 (VIOLATED)
_4761_/B1                               0.750000    0.982870   -0.232870 (VIOLATED)
_4764_/B1                               0.750000    0.982819   -0.232820 (VIOLATED)
_4755_/B1                               0.750000    0.982777   -0.232777 (VIOLATED)
_4766_/B1                               0.750000    0.982691   -0.232691 (VIOLATED)
_4771_/B1                               0.750000    0.982618   -0.232618 (VIOLATED)
fanout164/X                             0.750000    0.982618   -0.232618 (VIOLATED)
_4673_/A2                               0.750000    0.980862   -0.230862 (VIOLATED)
_4666_/A2                               0.750000    0.980858   -0.230858 (VIOLATED)
_4671_/A2                               0.750000    0.980804   -0.230804 (VIOLATED)
_4662_/A2                               0.750000    0.980781   -0.230781 (VIOLATED)
_4667_/A2                               0.750000    0.980779   -0.230779 (VIOLATED)
fanout401/X                             0.750000    0.980778   -0.230778 (VIOLATED)
_4365_/A2                               0.750000    0.977552   -0.227552 (VIOLATED)
_4349_/A2                               0.750000    0.977540   -0.227540 (VIOLATED)
_4352_/A2                               0.750000    0.977499   -0.227499 (VIOLATED)
_4343_/A2                               0.750000    0.977464   -0.227464 (VIOLATED)
_4354_/A2                               0.750000    0.977448   -0.227448 (VIOLATED)
_4359_/A2                               0.750000    0.977398   -0.227398 (VIOLATED)
fanout466/X                             0.750000    0.977398   -0.227398 (VIOLATED)
_2724_/S1                               0.750000    0.974060   -0.224060 (VIOLATED)
_2933_/S1                               0.750000    0.974056   -0.224056 (VIOLATED)
_2923_/S1                               0.750000    0.974042   -0.224042 (VIOLATED)
_2729_/S1                               0.750000    0.974038   -0.224038 (VIOLATED)
_2973_/S1                               0.750000    0.974034   -0.224034 (VIOLATED)
_2718_/S1                               0.750000    0.974023   -0.224023 (VIOLATED)
_2968_/S1                               0.750000    0.974023   -0.224023 (VIOLATED)
fanout779/X                             0.750000    0.974023   -0.224023 (VIOLATED)
_4628_/B1                               0.750000    0.971939   -0.221939 (VIOLATED)
_4633_/B1                               0.750000    0.971925   -0.221925 (VIOLATED)
_4637_/B1                               0.750000    0.971523   -0.221523 (VIOLATED)
_4632_/B1                               0.750000    0.971457   -0.221457 (VIOLATED)
_4639_/B1                               0.750000    0.971457   -0.221457 (VIOLATED)
fanout187/X                             0.750000    0.971457   -0.221457 (VIOLATED)
_4506_/B1                               0.750000    0.970699   -0.220699 (VIOLATED)
_4525_/B1                               0.750000    0.970698   -0.220698 (VIOLATED)
_4530_/B1                               0.750000    0.970693   -0.220693 (VIOLATED)
_4519_/B1                               0.750000    0.970649   -0.220649 (VIOLATED)
load_slew210/A                          0.750000    0.970621   -0.220621 (VIOLATED)
fanout209/X                             0.750000    0.970617   -0.220618 (VIOLATED)
_4258_/A1                               0.750000    0.969816   -0.219816 (VIOLATED)
_4224_/A1                               0.750000    0.969813   -0.219813 (VIOLATED)
_4292_/A1                               0.750000    0.969805   -0.219805 (VIOLATED)
_4326_/A1                               0.750000    0.969785   -0.219785 (VIOLATED)
_4464_/A1                               0.750000    0.969785   -0.219785 (VIOLATED)
_4430_/A1                               0.750000    0.969783   -0.219783 (VIOLATED)
_4498_/A1                               0.750000    0.969764   -0.219764 (VIOLATED)
_4532_/A1                               0.750000    0.969762   -0.219762 (VIOLATED)
_4395_/A1                               0.750000    0.969742   -0.219742 (VIOLATED)
_4738_/A1                               0.750000    0.969742   -0.219742 (VIOLATED)
fanout917/X                             0.750000    0.969742   -0.219742 (VIOLATED)
_4605_/A2                               0.750000    0.967062   -0.217062 (VIOLATED)
_4598_/A2                               0.750000    0.967043   -0.217043 (VIOLATED)
_4603_/A2                               0.750000    0.966951   -0.216951 (VIOLATED)
_4594_/A2                               0.750000    0.966890   -0.216890 (VIOLATED)
_4599_/A2                               0.750000    0.966890   -0.216890 (VIOLATED)
fanout415/X                             0.750000    0.966890   -0.216890 (VIOLATED)
_4509_/A2                               0.750000    0.966085   -0.216085 (VIOLATED)
_4520_/A2                               0.750000    0.966085   -0.216085 (VIOLATED)
_4532_/A2                               0.750000    0.966070   -0.216070 (VIOLATED)
_4527_/A2                               0.750000    0.966063   -0.216063 (VIOLATED)
_4511_/A2                               0.750000    0.966035   -0.216035 (VIOLATED)
_4512_/A2                               0.750000    0.966034   -0.216034 (VIOLATED)
_4516_/A2                               0.750000    0.966020   -0.216020 (VIOLATED)
fanout429/X                             0.750000    0.966020   -0.216020 (VIOLATED)
_4560_/B1                               0.750000    0.961416   -0.211416 (VIOLATED)
_4565_/B1                               0.750000    0.961405   -0.211405 (VIOLATED)
_4569_/B1                               0.750000    0.961339   -0.211339 (VIOLATED)
_4564_/B1                               0.750000    0.960836   -0.210836 (VIOLATED)
_4571_/B1                               0.750000    0.960800   -0.210800 (VIOLATED)
fanout201/X                             0.750000    0.960799   -0.210799 (VIOLATED)
_3702_/A1                               0.750000    0.959756   -0.209756 (VIOLATED)
_3685_/A1                               0.750000    0.959751   -0.209751 (VIOLATED)
_3577_/A1                               0.750000    0.959697   -0.209697 (VIOLATED)
_3928_/A1                               0.750000    0.959683   -0.209683 (VIOLATED)
_3532_/B2                               0.750000    0.959667   -0.209667 (VIOLATED)
fanout625/X                             0.750000    0.959667   -0.209667 (VIOLATED)
_3462_/A1                               0.750000    0.955407   -0.205407 (VIOLATED)
_3416_/B1                               0.750000    0.955387   -0.205387 (VIOLATED)
_3647_/A1                               0.750000    0.955361   -0.205361 (VIOLATED)
_3592_/C1                               0.750000    0.955264   -0.205264 (VIOLATED)
_3394_/B2                               0.750000    0.954759   -0.204759 (VIOLATED)
_3723_/C1                               0.750000    0.954593   -0.204593 (VIOLATED)
_3832_/C1                               0.750000    0.954577   -0.204577 (VIOLATED)
_3560_/C1                               0.750000    0.954231   -0.204231 (VIOLATED)
_3319_/C1                               0.750000    0.953946   -0.203946 (VIOLATED)
_3308_/C1                               0.750000    0.953882   -0.203882 (VIOLATED)
fanout577/X                             0.750000    0.953872   -0.203872 (VIOLATED)
_4355_/A1                               0.750000    0.953400   -0.203400 (VIOLATED)
_3973_/A1                               0.750000    0.953395   -0.203395 (VIOLATED)
_4527_/A1                               0.750000    0.953369   -0.203369 (VIOLATED)
_4493_/A1                               0.750000    0.953367   -0.203367 (VIOLATED)
_4219_/A1                               0.750000    0.953365   -0.203365 (VIOLATED)
_4253_/A1                               0.750000    0.953363   -0.203363 (VIOLATED)
_4287_/A1                               0.750000    0.953362   -0.203362 (VIOLATED)
_4459_/A1                               0.750000    0.953361   -0.203361 (VIOLATED)
_4321_/A1                               0.750000    0.953358   -0.203358 (VIOLATED)
_4425_/A1                               0.750000    0.953350   -0.203350 (VIOLATED)
fanout939/X                             0.750000    0.953350   -0.203350 (VIOLATED)
_2669_/B2                               0.750000    0.947132   -0.197132 (VIOLATED)
_2685_/B2                               0.750000    0.947126   -0.197126 (VIOLATED)
_2808_/B2                               0.750000    0.946747   -0.196747 (VIOLATED)
_3071_/B2                               0.750000    0.946693   -0.196693 (VIOLATED)
fanout663/X                             0.750000    0.946693   -0.196693 (VIOLATED)
load_slew664/A                          0.750000    0.946693   -0.196693 (VIOLATED)
_4571_/A2                               0.750000    0.946379   -0.196379 (VIOLATED)
_4564_/A2                               0.750000    0.946366   -0.196366 (VIOLATED)
_4569_/A2                               0.750000    0.946257   -0.196257 (VIOLATED)
_4565_/A2                               0.750000    0.946219   -0.196219 (VIOLATED)
_4560_/A2                               0.750000    0.946217   -0.196217 (VIOLATED)
fanout422/X                             0.750000    0.946217   -0.196217 (VIOLATED)
_3571_/B2                               0.750000    0.942724   -0.192724 (VIOLATED)
_3724_/B1                               0.750000    0.942719   -0.192719 (VIOLATED)
_3286_/B1                               0.750000    0.942716   -0.192716 (VIOLATED)
_3635_/B1                               0.750000    0.942713   -0.192713 (VIOLATED)
_3309_/A1                               0.750000    0.942702   -0.192702 (VIOLATED)
_3335_/C1                               0.750000    0.942394   -0.192394 (VIOLATED)
_3315_/C1                               0.750000    0.942393   -0.192393 (VIOLATED)
_3494_/C1                               0.750000    0.942384   -0.192384 (VIOLATED)
_3823_/C1                               0.750000    0.942378   -0.192378 (VIOLATED)
_3843_/C1                               0.750000    0.942374   -0.192374 (VIOLATED)
fanout579/X                             0.750000    0.942306   -0.192306 (VIOLATED)
_4509_/B1                               0.750000    0.940885   -0.190885 (VIOLATED)
_4520_/B1                               0.750000    0.940869   -0.190869 (VIOLATED)
_4532_/B1                               0.750000    0.940838   -0.190838 (VIOLATED)
_4527_/B1                               0.750000    0.940828   -0.190828 (VIOLATED)
_4511_/B1                               0.750000    0.940790   -0.190790 (VIOLATED)
_4512_/B1                               0.750000    0.940771   -0.190771 (VIOLATED)
_4516_/B1                               0.750000    0.940730   -0.190730 (VIOLATED)
fanout208/X                             0.750000    0.940723   -0.190723 (VIOLATED)
_4441_/B1                               0.750000    0.935897   -0.185897 (VIOLATED)
_4440_/B1                               0.750000    0.935887   -0.185887 (VIOLATED)
_4465_/B1                               0.750000    0.935867   -0.185867 (VIOLATED)
_4446_/B1                               0.750000    0.935813   -0.185813 (VIOLATED)
fanout218/X                             0.750000    0.935769   -0.185769 (VIOLATED)
load_slew219/A                          0.750000    0.935769   -0.185769 (VIOLATED)
_4441_/A2                               0.750000    0.935655   -0.185655 (VIOLATED)
_4440_/A2                               0.750000    0.935644   -0.185644 (VIOLATED)
_4465_/A2                               0.750000    0.935631   -0.185631 (VIOLATED)
_4446_/A2                               0.750000    0.935567   -0.185567 (VIOLATED)
load_slew440/A                          0.750000    0.935534   -0.185534 (VIOLATED)
fanout439/X                             0.750000    0.935524   -0.185524 (VIOLATED)
_4691_/A2                               0.750000    0.934860   -0.184860 (VIOLATED)
load_slew396/A                          0.750000    0.934855   -0.184855 (VIOLATED)
_4680_/A2                               0.750000    0.934842   -0.184842 (VIOLATED)
_4679_/A2                               0.750000    0.934802   -0.184802 (VIOLATED)
_4693_/A2                               0.750000    0.934782   -0.184782 (VIOLATED)
fanout395/X                             0.750000    0.934776   -0.184777 (VIOLATED)
_3187_/S1                               0.750000    0.932144   -0.182144 (VIOLATED)
_3143_/S1                               0.750000    0.932143   -0.182143 (VIOLATED)
_3041_/S1                               0.750000    0.932141   -0.182142 (VIOLATED)
_3045_/S1                               0.750000    0.932136   -0.182136 (VIOLATED)
_3043_/S1                               0.750000    0.932132   -0.182132 (VIOLATED)
_3180_/S1                               0.750000    0.932116   -0.182116 (VIOLATED)
_3174_/S1                               0.750000    0.932113   -0.182113 (VIOLATED)
_3120_/S1                               0.750000    0.932098   -0.182098 (VIOLATED)
_3125_/S1                               0.750000    0.932096   -0.182096 (VIOLATED)
_3197_/S1                               0.750000    0.932083   -0.182083 (VIOLATED)
_3169_/S1                               0.750000    0.932082   -0.182082 (VIOLATED)
_3136_/S1                               0.750000    0.932080   -0.182080 (VIOLATED)
_2895_/S1                               0.750000    0.932055   -0.182055 (VIOLATED)
fanout754/X                             0.750000    0.932055   -0.182055 (VIOLATED)
_3202_/S1                               0.750000    0.932038   -0.182038 (VIOLATED)
fanout770/X                             0.750000    0.932034   -0.182034 (VIOLATED)
_4368_/B                                0.750000    0.930066   -0.180066 (VIOLATED)
_4388_/A2                               0.750000    0.930050   -0.180050 (VIOLATED)
_4391_/A2                               0.750000    0.930048   -0.180048 (VIOLATED)
_4393_/A2                               0.750000    0.929999   -0.179999 (VIOLATED)
fanout456/X                             0.750000    0.929995   -0.179995 (VIOLATED)
load_slew457/A                          0.750000    0.929995   -0.179995 (VIOLATED)
_3938_/C1                               0.750000    0.929754   -0.179754 (VIOLATED)
_3695_/B1                               0.750000    0.929740   -0.179740 (VIOLATED)
_3812_/C1                               0.750000    0.929731   -0.179731 (VIOLATED)
fanout573/A                             0.750000    0.929690   -0.179690 (VIOLATED)
_3833_/A1                               0.750000    0.929655   -0.179655 (VIOLATED)
fanout572/A                             0.750000    0.929640   -0.179640 (VIOLATED)
_3261_/X                                0.750000    0.929575   -0.179575 (VIOLATED)
_2585_/A1                               0.750000    0.928991   -0.178991 (VIOLATED)
_2572_/A                                0.750000    0.928978   -0.178978 (VIOLATED)
_3173_/C1                               0.750000    0.928944   -0.178944 (VIOLATED)
_3141_/B2                               0.750000    0.928904   -0.178904 (VIOLATED)
fanout666/X                             0.750000    0.928892   -0.178892 (VIOLATED)
load_slew667/A                          0.750000    0.928892   -0.178892 (VIOLATED)
_4365_/B1                               0.750000    0.926538   -0.176538 (VIOLATED)
_4349_/B1                               0.750000    0.926533   -0.176533 (VIOLATED)
_4352_/B1                               0.750000    0.926481   -0.176481 (VIOLATED)
_4354_/B1                               0.750000    0.926422   -0.176422 (VIOLATED)
_4359_/B1                               0.750000    0.926328   -0.176329 (VIOLATED)
fanout246/X                             0.750000    0.926328   -0.176328 (VIOLATED)
_4893_/B1                               0.750000    0.920700   -0.170700 (VIOLATED)
load_slew142/A                          0.750000    0.920696   -0.170696 (VIOLATED)
_4887_/B1                               0.750000    0.920677   -0.170677 (VIOLATED)
_4889_/B1                               0.750000    0.920670   -0.170670 (VIOLATED)
_4895_/B1                               0.750000    0.920624   -0.170624 (VIOLATED)
fanout141/X                             0.750000    0.920624   -0.170624 (VIOLATED)
_4948_/A1                               0.750000    0.920478   -0.170478 (VIOLATED)
_4982_/A1                               0.750000    0.920477   -0.170477 (VIOLATED)
fanout990/A                             0.750000    0.920471   -0.170471 (VIOLATED)
_4497_/A2                               0.750000    0.920383   -0.170383 (VIOLATED)
_4492_/A2                               0.750000    0.920380   -0.170380 (VIOLATED)
_4490_/A2                               0.750000    0.920377   -0.170377 (VIOLATED)
_4503_/A2                               0.750000    0.920376   -0.170376 (VIOLATED)
_4487_/A2                               0.750000    0.920367   -0.170367 (VIOLATED)
_4485_/A2                               0.750000    0.920347   -0.170347 (VIOLATED)
fanout438/X                             0.750000    0.920347   -0.170347 (VIOLATED)
fanout989/A                             0.750000    0.920181   -0.170181 (VIOLATED)
wire146/A                               0.750000    0.920142   -0.170142 (VIOLATED)
input17/X                               0.750000    0.920139   -0.170139 (VIOLATED)
_4848_/B1                               0.750000    0.920116   -0.170116 (VIOLATED)
_4849_/B1                               0.750000    0.920080   -0.170080 (VIOLATED)
_4851_/B1                               0.750000    0.920011   -0.170011 (VIOLATED)
fanout145/X                             0.750000    0.920011   -0.170011 (VIOLATED)
wire166/A                               0.750000    0.919138   -0.169138 (VIOLATED)
_4714_/B1                               0.750000    0.919131   -0.169131 (VIOLATED)
_4715_/B1                               0.750000    0.919115   -0.169115 (VIOLATED)
_4717_/B1                               0.750000    0.919060   -0.169060 (VIOLATED)
fanout165/X                             0.750000    0.919053   -0.169053 (VIOLATED)
_4475_/A2                               0.750000    0.917543   -0.167543 (VIOLATED)
_4486_/A2                               0.750000    0.917525   -0.167525 (VIOLATED)
_4498_/A2                               0.750000    0.917521   -0.167521 (VIOLATED)
_4493_/A2                               0.750000    0.917519   -0.167520 (VIOLATED)
_4477_/A2                               0.750000    0.917494   -0.167494 (VIOLATED)
_4478_/A2                               0.750000    0.917482   -0.167482 (VIOLATED)
_4482_/A2                               0.750000    0.917463   -0.167463 (VIOLATED)
fanout435/X                             0.750000    0.917463   -0.167463 (VIOLATED)
_4407_/A2                               0.750000    0.917364   -0.167364 (VIOLATED)
_4406_/A2                               0.750000    0.917343   -0.167344 (VIOLATED)
_4431_/A2                               0.750000    0.917315   -0.167315 (VIOLATED)
_4412_/A2                               0.750000    0.917250   -0.167250 (VIOLATED)
fanout446/X                             0.750000    0.917220   -0.167220 (VIOLATED)
load_slew447/A                          0.750000    0.917220   -0.167220 (VIOLATED)
_4064_/B1                               0.750000    0.916214   -0.166214 (VIOLATED)
_4077_/B1                               0.750000    0.916214   -0.166214 (VIOLATED)
_4061_/B1                               0.750000    0.916211   -0.166211 (VIOLATED)
_4071_/B1                               0.750000    0.916197   -0.166198 (VIOLATED)
_4076_/B1                               0.750000    0.916190   -0.166190 (VIOLATED)
fanout301/X                             0.750000    0.916190   -0.166190 (VIOLATED)
load_slew302/A                          0.750000    0.916190   -0.166190 (VIOLATED)
_3079_/C1                               0.750000    0.911061   -0.161061 (VIOLATED)
_2977_/C1                               0.750000    0.911034   -0.161034 (VIOLATED)
_2927_/C1                               0.750000    0.910996   -0.160996 (VIOLATED)
_2869_/C1                               0.750000    0.910935   -0.160935 (VIOLATED)
_3224_/A1                               0.750000    0.910923   -0.160923 (VIOLATED)
fanout560/X                             0.750000    0.910923   -0.160923 (VIOLATED)
wire524/A                               0.750000    0.908829   -0.158829 (VIOLATED)
_4090_/A2                               0.750000    0.908812   -0.158812 (VIOLATED)
fanout521/A                             0.750000    0.908800   -0.158800 (VIOLATED)
_4088_/A2                               0.750000    0.908797   -0.158797 (VIOLATED)
fanout523/X                             0.750000    0.908792   -0.158792 (VIOLATED)
_4099_/B1                               0.750000    0.908269   -0.158269 (VIOLATED)
_4112_/B1                               0.750000    0.908268   -0.158268 (VIOLATED)
_4096_/B1                               0.750000    0.908261   -0.158261 (VIOLATED)
_4106_/B1                               0.750000    0.908238   -0.158238 (VIOLATED)
_4111_/B1                               0.750000    0.908225   -0.158225 (VIOLATED)
fanout293/X                             0.750000    0.908225   -0.158225 (VIOLATED)
load_slew294/A                          0.750000    0.908225   -0.158225 (VIOLATED)
_4594_/B1                               0.750000    0.907347   -0.157347 (VIOLATED)
_4599_/B1                               0.750000    0.907337   -0.157337 (VIOLATED)
_4603_/B1                               0.750000    0.907283   -0.157283 (VIOLATED)
_4598_/B1                               0.750000    0.906797   -0.156797 (VIOLATED)
_4605_/B1                               0.750000    0.906765   -0.156765 (VIOLATED)
fanout194/X                             0.750000    0.906765   -0.156765 (VIOLATED)
_4472_/B1                               0.750000    0.903141   -0.153141 (VIOLATED)
_4496_/B1                               0.750000    0.903136   -0.153136 (VIOLATED)
_4491_/B1                               0.750000    0.903134   -0.153134 (VIOLATED)
_4485_/B1                               0.750000    0.903114   -0.153114 (VIOLATED)
fanout215/X                             0.750000    0.903078   -0.153078 (VIOLATED)
load_slew216/A                          0.750000    0.903078   -0.153078 (VIOLATED)
_3504_/B1                               0.750000    0.900937   -0.150937 (VIOLATED)
_3279_/C1                               0.750000    0.900913   -0.150913 (VIOLATED)
_3624_/C1                               0.750000    0.900888   -0.150888 (VIOLATED)
_3714_/C1                               0.750000    0.900875   -0.150875 (VIOLATED)
_3571_/A1                               0.750000    0.900851   -0.150851 (VIOLATED)
_3349_/C1                               0.750000    0.900842   -0.150842 (VIOLATED)
_3328_/C1                               0.750000    0.900807   -0.150807 (VIOLATED)
_3853_/C1                               0.750000    0.900798   -0.150798 (VIOLATED)
_3898_/A1                               0.750000    0.900779   -0.150779 (VIOLATED)
_3302_/C1                               0.750000    0.900778   -0.150778 (VIOLATED)
fanout572/X                             0.750000    0.900769   -0.150769 (VIOLATED)
load_slew382/A                          0.750000    0.900044   -0.150044 (VIOLATED)
_4760_/A2                               0.750000    0.900042   -0.150042 (VIOLATED)
_4749_/A2                               0.750000    0.900020   -0.150020 (VIOLATED)
_4748_/A2                               0.750000    0.900003   -0.150003 (VIOLATED)
_4762_/A2                               0.750000    0.899950   -0.149950 (VIOLATED)
fanout381/X                             0.750000    0.899950   -0.149950 (VIOLATED)
_4407_/B1                               0.750000    0.899823   -0.149823 (VIOLATED)
_4406_/B1                               0.750000    0.899796   -0.149796 (VIOLATED)
_4431_/B1                               0.750000    0.899744   -0.149744 (VIOLATED)
_4412_/B1                               0.750000    0.899697   -0.149697 (VIOLATED)
load_slew227/A                          0.750000    0.899629   -0.149629 (VIOLATED)
fanout226/X                             0.750000    0.899629   -0.149629 (VIOLATED)
_3258_/A                                0.750000    0.895535   -0.145535 (VIOLATED)
fanout713/A                             0.750000    0.895533   -0.145533 (VIOLATED)
_3540_/A                                0.750000    0.895532   -0.145532 (VIOLATED)
_3906_/A                                0.750000    0.895532   -0.145532 (VIOLATED)
fanout711/A                             0.750000    0.895532   -0.145532 (VIOLATED)
fanout714/X                             0.750000    0.895532   -0.145532 (VIOLATED)
_2938_/A1                               0.750000    0.894145   -0.144145 (VIOLATED)
_2870_/A1                               0.750000    0.894142   -0.144142 (VIOLATED)
_3230_/B2                               0.750000    0.894142   -0.144142 (VIOLATED)
_2984_/A1                               0.750000    0.894128   -0.144128 (VIOLATED)
_3085_/A1                               0.750000    0.894110   -0.144110 (VIOLATED)
fanout636/X                             0.750000    0.894110   -0.144110 (VIOLATED)
_3095_/C1                               0.750000    0.892634   -0.142634 (VIOLATED)
_2938_/B2                               0.750000    0.892632   -0.142632 (VIOLATED)
_2984_/B2                               0.750000    0.892628   -0.142629 (VIOLATED)
_2859_/C1                               0.750000    0.892603   -0.142603 (VIOLATED)
_3223_/C1                               0.750000    0.892602   -0.142602 (VIOLATED)
fanout564/X                             0.750000    0.892602   -0.142602 (VIOLATED)
_2682_/S1                               0.750000    0.890011   -0.140011 (VIOLATED)
_3080_/S1                               0.750000    0.889981   -0.139981 (VIOLATED)
_3091_/S1                               0.750000    0.889973   -0.139973 (VIOLATED)
_3075_/S1                               0.750000    0.889933   -0.139933 (VIOLATED)
_2805_/S1                               0.750000    0.889918   -0.139918 (VIOLATED)
load_slew778/A                          0.750000    0.889896   -0.139896 (VIOLATED)
_2810_/S1                               0.750000    0.889890   -0.139890 (VIOLATED)
fanout777/X                             0.750000    0.889890   -0.139890 (VIOLATED)
_4119_/A1                               0.750000    0.889233   -0.139233 (VIOLATED)
_4084_/A1                               0.750000    0.889229   -0.139229 (VIOLATED)
_4048_/A1                               0.750000    0.889222   -0.139222 (VIOLATED)
_4013_/A1                               0.750000    0.889217   -0.139217 (VIOLATED)
_4153_/A1                               0.750000    0.889209   -0.139209 (VIOLATED)
_4187_/A1                               0.750000    0.889203   -0.139203 (VIOLATED)
_4496_/A1                               0.750000    0.889195   -0.139195 (VIOLATED)
_4530_/A1                               0.750000    0.889194   -0.139194 (VIOLATED)
_4462_/A1                               0.750000    0.889192   -0.139192 (VIOLATED)
_4428_/A1                               0.750000    0.889192   -0.139192 (VIOLATED)
fanout928/X                             0.750000    0.889183   -0.139183 (VIOLATED)
_4531_/A2                               0.750000    0.888180   -0.138180 (VIOLATED)
_4524_/A2                               0.750000    0.888173   -0.138173 (VIOLATED)
_4526_/A2                               0.750000    0.888165   -0.138165 (VIOLATED)
_4521_/A2                               0.750000    0.888150   -0.138150 (VIOLATED)
_4537_/A2                               0.750000    0.888141   -0.138141 (VIOLATED)
_4519_/A2                               0.750000    0.888118   -0.138118 (VIOLATED)
fanout432/X                             0.750000    0.888118   -0.138118 (VIOLATED)
wire516/A                               0.750000    0.888090   -0.138090 (VIOLATED)
_4123_/A2                               0.750000    0.888083   -0.138083 (VIOLATED)
_4125_/A2                               0.750000    0.888080   -0.138080 (VIOLATED)
fanout513/A                             0.750000    0.888071   -0.138071 (VIOLATED)
fanout515/X                             0.750000    0.888071   -0.138071 (VIOLATED)
_4691_/B1                               0.750000    0.887635   -0.137635 (VIOLATED)
load_slew176/A                          0.750000    0.887628   -0.137628 (VIOLATED)
_4680_/B1                               0.750000    0.887600   -0.137600 (VIOLATED)
_4679_/B1                               0.750000    0.887537   -0.137537 (VIOLATED)
_4693_/B1                               0.750000    0.887452   -0.137452 (VIOLATED)
fanout175/X                             0.750000    0.887451   -0.137451 (VIOLATED)
_4528_/B1                               0.750000    0.885606   -0.135606 (VIOLATED)
_4517_/B1                               0.750000    0.885601   -0.135601 (VIOLATED)
_4514_/B1                               0.750000    0.885599   -0.135600 (VIOLATED)
_4522_/B1                               0.750000    0.885577   -0.135577 (VIOLATED)
load_slew207/A                          0.750000    0.885566   -0.135566 (VIOLATED)
fanout206/X                             0.750000    0.885561   -0.135561 (VIOLATED)
_4247_/A1                               0.750000    0.883864   -0.133864 (VIOLATED)
_4213_/A1                               0.750000    0.883863   -0.133863 (VIOLATED)
_4281_/A1                               0.750000    0.883861   -0.133861 (VIOLATED)
_4419_/A1                               0.750000    0.883856   -0.133856 (VIOLATED)
_4453_/A1                               0.750000    0.883851   -0.133851 (VIOLATED)
_4315_/A1                               0.750000    0.883843   -0.133843 (VIOLATED)
_4521_/A1                               0.750000    0.883839   -0.133839 (VIOLATED)
_4487_/A1                               0.750000    0.883829   -0.133829 (VIOLATED)
_4384_/A1                               0.750000    0.883828   -0.133828 (VIOLATED)
_4727_/A1                               0.750000    0.883828   -0.133828 (VIOLATED)
fanout964/X                             0.750000    0.883828   -0.133828 (VIOLATED)
fanout359/A                             0.750000    0.882668   -0.132668 (VIOLATED)
_4899_/A2                               0.750000    0.882607   -0.132607 (VIOLATED)
_4904_/A2                               0.750000    0.882584   -0.132584 (VIOLATED)
fanout361/X                             0.750000    0.882584   -0.132584 (VIOLATED)
load_slew362/A                          0.750000    0.882584   -0.132584 (VIOLATED)
_3859_/B2                               0.750000    0.877219   -0.127219 (VIOLATED)
_3904_/A1                               0.750000    0.877216   -0.127216 (VIOLATED)
fanout621/A                             0.750000    0.877157   -0.127157 (VIOLATED)
fanout623/A                             0.750000    0.877149   -0.127150 (VIOLATED)
fanout625/A                             0.750000    0.877137   -0.127137 (VIOLATED)
_3233_/Y                                0.750000    0.877104   -0.127104 (VIOLATED)
_4324_/A1                               0.750000    0.870679   -0.120679 (VIOLATED)
_4290_/A1                               0.750000    0.870679   -0.120679 (VIOLATED)
_4256_/A1                               0.750000    0.870678   -0.120678 (VIOLATED)
_4222_/A1                               0.750000    0.870670   -0.120670 (VIOLATED)
_4393_/A1                               0.750000    0.870658   -0.120658 (VIOLATED)
_3976_/A1                               0.750000    0.870655   -0.120655 (VIOLATED)
_4358_/A1                               0.750000    0.870641   -0.120641 (VIOLATED)
_5040_/A1                               0.750000    0.870627   -0.120627 (VIOLATED)
_4938_/A1                               0.750000    0.870610   -0.120610 (VIOLATED)
fanout926/A                             0.750000    0.870602   -0.120602 (VIOLATED)
fanout927/X                             0.750000    0.870602   -0.120602 (VIOLATED)
fanout214/A                             0.750000    0.866748   -0.116748 (VIOLATED)
fanout217/A                             0.750000    0.866743   -0.116743 (VIOLATED)
fanout215/A                             0.750000    0.866722   -0.116722 (VIOLATED)
fanout212/A                             0.750000    0.866719   -0.116719 (VIOLATED)
_4471_/Y                                0.750000    0.866487   -0.116487 (VIOLATED)
fanout976/A                             0.750000    0.864769   -0.114769 (VIOLATED)
_4994_/A1                               0.750000    0.864767   -0.114767 (VIOLATED)
_4960_/A1                               0.750000    0.864761   -0.114761 (VIOLATED)
_4518_/A1                               0.750000    0.864731   -0.114731 (VIOLATED)
_4484_/A1                               0.750000    0.864727   -0.114727 (VIOLATED)
_4450_/A1                               0.750000    0.864707   -0.114707 (VIOLATED)
_4416_/A1                               0.750000    0.864700   -0.114700 (VIOLATED)
fanout978/A                             0.750000    0.864692   -0.114692 (VIOLATED)
fanout979/X                             0.750000    0.864692   -0.114692 (VIOLATED)
_4506_/A1                               0.750000    0.860720   -0.110720 (VIOLATED)
_4472_/A1                               0.750000    0.860718   -0.110718 (VIOLATED)
_4404_/A1                               0.750000    0.860715   -0.110715 (VIOLATED)
_4438_/A1                               0.750000    0.860713   -0.110713 (VIOLATED)
_4024_/A1                               0.750000    0.860705   -0.110705 (VIOLATED)
_3989_/A1                               0.750000    0.860701   -0.110701 (VIOLATED)
_4163_/A1                               0.750000    0.860693   -0.110693 (VIOLATED)
_4060_/A1                               0.750000    0.860692   -0.110692 (VIOLATED)
_4095_/A1                               0.750000    0.860683   -0.110683 (VIOLATED)
_4129_/A1                               0.750000    0.860671   -0.110671 (VIOLATED)
fanout990/X                             0.750000    0.860671   -0.110671 (VIOLATED)
_4003_/B1                               0.750000    0.860008   -0.110008 (VIOLATED)
_4010_/B1                               0.750000    0.860001   -0.110001 (VIOLATED)
_4015_/B1                               0.750000    0.859975   -0.109975 (VIOLATED)
_3994_/B1                               0.750000    0.859898   -0.109898 (VIOLATED)
_3995_/B1                               0.750000    0.859886   -0.109886 (VIOLATED)
fanout317/X                             0.750000    0.859886   -0.109886 (VIOLATED)
wire153/A                               0.750000    0.859885   -0.109885 (VIOLATED)
_4814_/B1                               0.750000    0.859855   -0.109855 (VIOLATED)
_4815_/B1                               0.750000    0.859814   -0.109814 (VIOLATED)
_4817_/B1                               0.750000    0.859768   -0.109768 (VIOLATED)
fanout152/X                             0.750000    0.859768   -0.109768 (VIOLATED)
_4455_/A1                               0.750000    0.859551   -0.109551 (VIOLATED)
_4421_/A1                               0.750000    0.859549   -0.109549 (VIOLATED)
_4215_/A1                               0.750000    0.859539   -0.109539 (VIOLATED)
_4317_/A1                               0.750000    0.859535   -0.109535 (VIOLATED)
_4249_/A1                               0.750000    0.859533   -0.109533 (VIOLATED)
_4283_/A1                               0.750000    0.859526   -0.109526 (VIOLATED)
_4626_/A1                               0.750000    0.859489   -0.109489 (VIOLATED)
_4660_/A1                               0.750000    0.859488   -0.109488 (VIOLATED)
_4558_/A1                               0.750000    0.859487   -0.109487 (VIOLATED)
_4592_/A1                               0.750000    0.859487   -0.109487 (VIOLATED)
fanout959/X                             0.750000    0.859487   -0.109487 (VIOLATED)
_2512_/C1                               0.750000    0.858539   -0.108539 (VIOLATED)
load_slew670/A                          0.750000    0.858537   -0.108537 (VIOLATED)
_3073_/A1                               0.750000    0.858522   -0.108522 (VIOLATED)
_2499_/C_N                              0.750000    0.858510   -0.108510 (VIOLATED)
_2961_/A1                               0.750000    0.858502   -0.108502 (VIOLATED)
fanout669/X                             0.750000    0.858502   -0.108502 (VIOLATED)
fanout192/A                             0.750000    0.858480   -0.108481 (VIOLATED)
fanout195/A                             0.750000    0.858433   -0.108433 (VIOLATED)
max_cap198/A                            0.750000    0.858347   -0.108347 (VIOLATED)
_4574_/Y                                0.750000    0.858334   -0.108334 (VIOLATED)
_4313_/A1                               0.750000    0.854667   -0.104667 (VIOLATED)
_4485_/A1                               0.750000    0.854666   -0.104666 (VIOLATED)
_4519_/A1                               0.750000    0.854665   -0.104665 (VIOLATED)
_4451_/A1                               0.750000    0.854665   -0.104665 (VIOLATED)
_4002_/A1                               0.750000    0.854660   -0.104660 (VIOLATED)
_4211_/A1                               0.750000    0.854659   -0.104659 (VIOLATED)
_4245_/A1                               0.750000    0.854659   -0.104659 (VIOLATED)
_4417_/A1                               0.750000    0.854658   -0.104659 (VIOLATED)
_4037_/A1                               0.750000    0.854658   -0.104658 (VIOLATED)
_4279_/A1                               0.750000    0.854658   -0.104658 (VIOLATED)
fanout972/X                             0.750000    0.854658   -0.104658 (VIOLATED)
wire139/A                               0.750000    0.854028   -0.104028 (VIOLATED)
_4882_/B1                               0.750000    0.854006   -0.104006 (VIOLATED)
_4883_/B1                               0.750000    0.853962   -0.103962 (VIOLATED)
_4885_/B1                               0.750000    0.853680   -0.103680 (VIOLATED)
fanout138/X                             0.750000    0.853669   -0.103669 (VIOLATED)
_2664_/A1                               0.750000    0.852811   -0.102811 (VIOLATED)
_2757_/A1                               0.750000    0.852804   -0.102804 (VIOLATED)
_2640_/A1                               0.750000    0.852803   -0.102803 (VIOLATED)
_3118_/A1                               0.750000    0.852774   -0.102774 (VIOLATED)
_2848_/A1                               0.750000    0.852742   -0.102742 (VIOLATED)
_3005_/C1                               0.750000    0.852742   -0.102742 (VIOLATED)
fanout668/X                             0.750000    0.852742   -0.102742 (VIOLATED)
_4008_/A1                               0.750000    0.851760   -0.101760 (VIOLATED)
_4043_/A1                               0.750000    0.851756   -0.101756 (VIOLATED)
_4079_/A1                               0.750000    0.851750   -0.101750 (VIOLATED)
_4114_/A1                               0.750000    0.851748   -0.101748 (VIOLATED)
_4525_/A1                               0.750000    0.851740   -0.101740 (VIOLATED)
_4491_/A1                               0.750000    0.851719   -0.101719 (VIOLATED)
_4217_/A1                               0.750000    0.851702   -0.101702 (VIOLATED)
_4285_/A1                               0.750000    0.851689   -0.101689 (VIOLATED)
_4251_/A1                               0.750000    0.851683   -0.101683 (VIOLATED)
_4319_/A1                               0.750000    0.851682   -0.101682 (VIOLATED)
fanout951/X                             0.750000    0.851682   -0.101682 (VIOLATED)
fanout366/A                             0.750000    0.851279   -0.101279 (VIOLATED)
_4865_/A2                               0.750000    0.851218   -0.101218 (VIOLATED)
_4870_/A2                               0.750000    0.851188   -0.101188 (VIOLATED)
fanout368/X                             0.750000    0.851188   -0.101188 (VIOLATED)
load_slew369/A                          0.750000    0.851188   -0.101188 (VIOLATED)
_4144_/A1                               0.750000    0.850011   -0.100011 (VIOLATED)
_4178_/A1                               0.750000    0.850005   -0.100005 (VIOLATED)
_4039_/A1                               0.750000    0.850004   -0.100004 (VIOLATED)
_4110_/A1                               0.750000    0.850003   -0.100003 (VIOLATED)
_4658_/A1                               0.750000    0.850000   -0.100000 (VIOLATED)
_4556_/A1                               0.750000    0.849998   -0.099998 (VIOLATED)
_4624_/A1                               0.750000    0.849998   -0.099998 (VIOLATED)
_4004_/A1                               0.750000    0.849994   -0.099994 (VIOLATED)
_4075_/A1                               0.750000    0.849992   -0.099992 (VIOLATED)
_3967_/A1                               0.750000    0.849987   -0.099987 (VIOLATED)
fanout966/X                             0.750000    0.849977   -0.099977 (VIOLATED)
fanout388/A                             0.750000    0.841140   -0.091140 (VIOLATED)
_4731_/A2                               0.750000    0.841071   -0.091071 (VIOLATED)
load_slew391/A                          0.750000    0.841039   -0.091039 (VIOLATED)
_4736_/A2                               0.750000    0.841038   -0.091038 (VIOLATED)
fanout390/X                             0.750000    0.841037   -0.091037 (VIOLATED)
wire133/A                               0.750000    0.837666   -0.087666 (VIOLATED)
_4916_/B1                               0.750000    0.837647   -0.087647 (VIOLATED)
_4917_/B1                               0.750000    0.837641   -0.087641 (VIOLATED)
_4919_/B1                               0.750000    0.837561   -0.087561 (VIOLATED)
fanout132/X                             0.750000    0.837561   -0.087561 (VIOLATED)
fanout178/A                             0.750000    0.833364   -0.083364 (VIOLATED)
fanout181/A                             0.750000    0.833316   -0.083316 (VIOLATED)
max_cap184/A                            0.750000    0.833297   -0.083298 (VIOLATED)
_4642_/Y                                0.750000    0.833292   -0.083292 (VIOLATED)
_4901_/A1                               0.750000    0.833215   -0.083215 (VIOLATED)
_4733_/A1                               0.750000    0.833214   -0.083214 (VIOLATED)
_4833_/A1                               0.750000    0.833214   -0.083214 (VIOLATED)
_4867_/A1                               0.750000    0.833212   -0.083212 (VIOLATED)
_4081_/A1                               0.750000    0.833209   -0.083209 (VIOLATED)
_4010_/A1                               0.750000    0.833208   -0.083208 (VIOLATED)
_4045_/A1                               0.750000    0.833208   -0.083208 (VIOLATED)
_4390_/A1                               0.750000    0.833191   -0.083191 (VIOLATED)
_4935_/A1                               0.750000    0.833191   -0.083191 (VIOLATED)
_5037_/A1                               0.750000    0.833191   -0.083191 (VIOLATED)
fanout937/X                             0.750000    0.833191   -0.083191 (VIOLATED)
_4348_/A1                               0.750000    0.830351   -0.080351 (VIOLATED)
_3966_/A1                               0.750000    0.830350   -0.080350 (VIOLATED)
_4520_/A1                               0.750000    0.830338   -0.080338 (VIOLATED)
_4486_/A1                               0.750000    0.830329   -0.080329 (VIOLATED)
_4246_/A1                               0.750000    0.830328   -0.080328 (VIOLATED)
_4314_/A1                               0.750000    0.830328   -0.080328 (VIOLATED)
_4280_/A1                               0.750000    0.830327   -0.080327 (VIOLATED)
_4212_/A1                               0.750000    0.830326   -0.080326 (VIOLATED)
_4418_/A1                               0.750000    0.830325   -0.080325 (VIOLATED)
_4452_/A1                               0.750000    0.830325   -0.080325 (VIOLATED)
fanout970/X                             0.750000    0.830325   -0.080325 (VIOLATED)
_2893_/A1                               0.750000    0.829604   -0.079604 (VIOLATED)
_3185_/B2                               0.750000    0.829578   -0.079578 (VIOLATED)
_3141_/A1                               0.750000    0.829567   -0.079567 (VIOLATED)
_2916_/A1                               0.750000    0.829560   -0.079560 (VIOLATED)
fanout555/X                             0.750000    0.829560   -0.079560 (VIOLATED)
load_slew556/A                          0.750000    0.829560   -0.079560 (VIOLATED)
_3999_/B1                               0.750000    0.827946   -0.077946 (VIOLATED)
_4004_/B1                               0.750000    0.827926   -0.077926 (VIOLATED)
_4007_/B1                               0.750000    0.827915   -0.077915 (VIOLATED)
_3996_/B1                               0.750000    0.827893   -0.077893 (VIOLATED)
_3998_/B1                               0.750000    0.827887   -0.077887 (VIOLATED)
_4009_/B1                               0.750000    0.827859   -0.077859 (VIOLATED)
_4020_/B1                               0.750000    0.827850   -0.077850 (VIOLATED)
fanout320/X                             0.750000    0.827850   -0.077850 (VIOLATED)
_4639_/A1                               0.750000    0.827564   -0.077564 (VIOLATED)
_4502_/A1                               0.750000    0.827564   -0.077564 (VIOLATED)
_4605_/A1                               0.750000    0.827564   -0.077564 (VIOLATED)
_3982_/A1                               0.750000    0.827562   -0.077562 (VIOLATED)
_4536_/A1                               0.750000    0.827562   -0.077562 (VIOLATED)
_4364_/A1                               0.750000    0.827561   -0.077561 (VIOLATED)
_4571_/A1                               0.750000    0.827560   -0.077560 (VIOLATED)
_4776_/A1                               0.750000    0.827552   -0.077552 (VIOLATED)
_4707_/A1                               0.750000    0.827541   -0.077541 (VIOLATED)
_4399_/A1                               0.750000    0.827534   -0.077534 (VIOLATED)
fanout898/X                             0.750000    0.827534   -0.077534 (VIOLATED)
_4007_/A1                               0.750000    0.819828   -0.069828 (VIOLATED)
_4078_/A1                               0.750000    0.819823   -0.069823 (VIOLATED)
_4042_/A1                               0.750000    0.819822   -0.069822 (VIOLATED)
_4113_/A1                               0.750000    0.819817   -0.069817 (VIOLATED)
_4147_/A1                               0.750000    0.819810   -0.069810 (VIOLATED)
_3970_/A1                               0.750000    0.819807   -0.069807 (VIOLATED)
_4181_/A1                               0.750000    0.819807   -0.069807 (VIOLATED)
_4352_/A1                               0.750000    0.819807   -0.069807 (VIOLATED)
_4661_/A1                               0.750000    0.819807   -0.069807 (VIOLATED)
_4695_/A1                               0.750000    0.819807   -0.069807 (VIOLATED)
fanout955/X                             0.750000    0.819807   -0.069807 (VIOLATED)
_4611_/B1                               0.750000    0.817829   -0.067829 (VIOLATED)
_4612_/B1                               0.750000    0.817823   -0.067823 (VIOLATED)
load_slew189/A                          0.750000    0.817814   -0.067814 (VIOLATED)
_4625_/B1                               0.750000    0.817806   -0.067806 (VIOLATED)
fanout188/X                             0.750000    0.817802   -0.067803 (VIOLATED)
_3520_/A                                0.750000    0.814679   -0.064679 (VIOLATED)
_3920_/A                                0.750000    0.814678   -0.064678 (VIOLATED)
_3752_/A1                               0.750000    0.814670   -0.064670 (VIOLATED)
_3859_/A1                               0.750000    0.814664   -0.064664 (VIOLATED)
_3869_/A                                0.750000    0.814660   -0.064660 (VIOLATED)
fanout1015/X                            0.750000    0.814660   -0.064660 (VIOLATED)
_3206_/A1                               0.750000    0.813832   -0.063832 (VIOLATED)
fanout734/A                             0.750000    0.813809   -0.063809 (VIOLATED)
_3196_/A1                               0.750000    0.813761   -0.063761 (VIOLATED)
_4411_/B1                               0.750000    0.813744   -0.063745 (VIOLATED)
_4413_/B1                               0.750000    0.813744   -0.063744 (VIOLATED)
_4419_/B1                               0.750000    0.813731   -0.063731 (VIOLATED)
_4417_/B1                               0.750000    0.813701   -0.063701 (VIOLATED)
fanout230/X                             0.750000    0.813693   -0.063693 (VIOLATED)
load_slew231/A                          0.750000    0.813693   -0.063693 (VIOLATED)
load_slew741/A                          0.750000    0.813614   -0.063614 (VIOLATED)
fanout732/A                             0.750000    0.813601   -0.063601 (VIOLATED)
fanout740/X                             0.750000    0.813592   -0.063592 (VIOLATED)
_4451_/A2                               0.750000    0.812523   -0.062523 (VIOLATED)
_4437_/B                                0.750000    0.812519   -0.062519 (VIOLATED)
_4462_/A2                               0.750000    0.812495   -0.062495 (VIOLATED)
_4438_/A2                               0.750000    0.812483   -0.062483 (VIOLATED)
fanout443/X                             0.750000    0.812483   -0.062483 (VIOLATED)
load_slew444/A                          0.750000    0.812483   -0.062483 (VIOLATED)
_4031_/B1                               0.750000    0.808075   -0.058075 (VIOLATED)
_4042_/B1                               0.750000    0.808075   -0.058075 (VIOLATED)
_4039_/B1                               0.750000    0.808072   -0.058072 (VIOLATED)
_4033_/B1                               0.750000    0.808065   -0.058065 (VIOLATED)
_4034_/B1                               0.750000    0.808060   -0.058060 (VIOLATED)
_4044_/B1                               0.750000    0.808060   -0.058060 (VIOLATED)
_4055_/B1                               0.750000    0.808060   -0.058060 (VIOLATED)
fanout314/X                             0.750000    0.808060   -0.058060 (VIOLATED)
_4142_/A2                               0.750000    0.804668   -0.054668 (VIOLATED)
_4154_/A2                               0.750000    0.804666   -0.054666 (VIOLATED)
_4152_/A2                               0.750000    0.804661   -0.054661 (VIOLATED)
_4141_/A2                               0.750000    0.804658   -0.054658 (VIOLATED)
fanout505/X                             0.750000    0.804648   -0.054648 (VIOLATED)
load_slew506/A                          0.750000    0.804648   -0.054648 (VIOLATED)
fanout939/A                             0.750000    0.803755   -0.053755 (VIOLATED)
fanout940/A                             0.750000    0.803744   -0.053744 (VIOLATED)
fanout938/A                             0.750000    0.803740   -0.053740 (VIOLATED)
fanout937/A                             0.750000    0.803733   -0.053733 (VIOLATED)
input30/X                               0.750000    0.803732   -0.053732 (VIOLATED)
_4120_/A2                               0.750000    0.802713   -0.052713 (VIOLATED)
_4108_/A2                               0.750000    0.802705   -0.052705 (VIOLATED)
_4107_/A2                               0.750000    0.802693   -0.052693 (VIOLATED)
_4118_/A2                               0.750000    0.802693   -0.052693 (VIOLATED)
_4095_/A2                               0.750000    0.802687   -0.052687 (VIOLATED)
fanout513/X                             0.750000    0.802687   -0.052687 (VIOLATED)
load_slew514/A                          0.750000    0.802687   -0.052687 (VIOLATED)
_4611_/A2                               0.750000    0.801546   -0.051546 (VIOLATED)
_4612_/A2                               0.750000    0.801540   -0.051540 (VIOLATED)
load_slew410/A                          0.750000    0.801520   -0.051520 (VIOLATED)
_4625_/A2                               0.750000    0.801512   -0.051512 (VIOLATED)
fanout409/X                             0.750000    0.801497   -0.051497 (VIOLATED)
_3768_/A1                               0.750000    0.797167   -0.047167 (VIOLATED)
_3916_/A1                               0.750000    0.797159   -0.047159 (VIOLATED)
fanout590/A                             0.750000    0.797157   -0.047157 (VIOLATED)
_3262_/B2                               0.750000    0.797139   -0.047139 (VIOLATED)
_3910_/A1                               0.750000    0.797135   -0.047136 (VIOLATED)
fanout592/X                             0.750000    0.797125   -0.047125 (VIOLATED)
_3953_/A1                               0.750000    0.795372   -0.045372 (VIOLATED)
_4335_/A1                               0.750000    0.795372   -0.045372 (VIOLATED)
_4370_/A1                               0.750000    0.795365   -0.045365 (VIOLATED)
_5017_/A1                               0.750000    0.795364   -0.045364 (VIOLATED)
_4542_/A1                               0.750000    0.795363   -0.045363 (VIOLATED)
_4915_/A1                               0.750000    0.795363   -0.045363 (VIOLATED)
_4847_/A1                               0.750000    0.795362   -0.045362 (VIOLATED)
_4813_/A1                               0.750000    0.795362   -0.045362 (VIOLATED)
_4713_/A1                               0.750000    0.795361   -0.045361 (VIOLATED)
_4881_/A1                               0.750000    0.795361   -0.045361 (VIOLATED)
fanout945/X                             0.750000    0.795361   -0.045361 (VIOLATED)
_4268_/A1                               0.750000    0.794468   -0.044468 (VIOLATED)
_4200_/A1                               0.750000    0.794466   -0.044466 (VIOLATED)
_4302_/A1                               0.750000    0.794466   -0.044466 (VIOLATED)
_4234_/A1                               0.750000    0.794463   -0.044463 (VIOLATED)
_4577_/A1                               0.750000    0.794456   -0.044456 (VIOLATED)
_4336_/A1                               0.750000    0.794453   -0.044453 (VIOLATED)
_3954_/A1                               0.750000    0.794451   -0.044451 (VIOLATED)
_4611_/A1                               0.750000    0.794441   -0.044441 (VIOLATED)
_4543_/A1                               0.750000    0.794437   -0.044437 (VIOLATED)
_4645_/A1                               0.750000    0.794436   -0.044436 (VIOLATED)
fanout903/X                             0.750000    0.794435   -0.044435 (VIOLATED)
_3658_/S1                               0.750000    0.792965   -0.042965 (VIOLATED)
_3598_/S1                               0.750000    0.792964   -0.042964 (VIOLATED)
_3529_/S1                               0.750000    0.792961   -0.042962 (VIOLATED)
_3539_/S1                               0.750000    0.792961   -0.042962 (VIOLATED)
_3777_/S1                               0.750000    0.792961   -0.042962 (VIOLATED)
_3905_/S1                               0.750000    0.792961   -0.042962 (VIOLATED)
fanout1041/X                            0.750000    0.792961   -0.042962 (VIOLATED)
_4236_/A1                               0.750000    0.791608   -0.041608 (VIOLATED)
_4202_/A1                               0.750000    0.791607   -0.041607 (VIOLATED)
_3956_/A1                               0.750000    0.791602   -0.041602 (VIOLATED)
_4338_/A1                               0.750000    0.791602   -0.041602 (VIOLATED)
_4545_/A1                               0.750000    0.791602   -0.041602 (VIOLATED)
_4579_/A1                               0.750000    0.791602   -0.041602 (VIOLATED)
_4613_/A1                               0.750000    0.791602   -0.041602 (VIOLATED)
_4647_/A1                               0.750000    0.791602   -0.041602 (VIOLATED)
_4681_/A1                               0.750000    0.791602   -0.041602 (VIOLATED)
_4750_/A1                               0.750000    0.791602   -0.041602 (VIOLATED)
fanout887/X                             0.750000    0.791602   -0.041602 (VIOLATED)
_3951_/B                                0.750000    0.789773   -0.039773 (VIOLATED)
_3971_/A2                               0.750000    0.789763   -0.039763 (VIOLATED)
fanout543/X                             0.750000    0.789763   -0.039763 (VIOLATED)
load_slew544/A                          0.750000    0.789763   -0.039763 (VIOLATED)
_4729_/A1                               0.750000    0.788966   -0.038966 (VIOLATED)
_4863_/A1                               0.750000    0.788965   -0.038965 (VIOLATED)
_4829_/A1                               0.750000    0.788965   -0.038965 (VIOLATED)
_4897_/A1                               0.750000    0.788959   -0.038959 (VIOLATED)
fanout957/A                             0.750000    0.788953   -0.038953 (VIOLATED)
_4999_/A1                               0.750000    0.788950   -0.038950 (VIOLATED)
_3969_/A1                               0.750000    0.788933   -0.038933 (VIOLATED)
_4351_/A1                               0.750000    0.788927   -0.038927 (VIOLATED)
_4694_/A1                               0.750000    0.788927   -0.038927 (VIOLATED)
_4763_/A1                               0.750000    0.788927   -0.038927 (VIOLATED)
fanout958/X                             0.750000    0.788927   -0.038927 (VIOLATED)
_4581_/A1                               0.750000    0.782982   -0.032982 (VIOLATED)
_4547_/A1                               0.750000    0.782981   -0.032981 (VIOLATED)
_4615_/A1                               0.750000    0.782980   -0.032980 (VIOLATED)
_4752_/A1                               0.750000    0.782978   -0.032979 (VIOLATED)
_3995_/A1                               0.750000    0.782978   -0.032978 (VIOLATED)
_4030_/A1                               0.750000    0.782978   -0.032978 (VIOLATED)
_4649_/A1                               0.750000    0.782975   -0.032975 (VIOLATED)
_3958_/A1                               0.750000    0.782975   -0.032975 (VIOLATED)
_4683_/A1                               0.750000    0.782974   -0.032974 (VIOLATED)
_4340_/A1                               0.750000    0.782972   -0.032972 (VIOLATED)
fanout879/X                             0.750000    0.782968   -0.032968 (VIOLATED)
_4038_/B1                               0.750000    0.780674   -0.030674 (VIOLATED)
_4045_/B1                               0.750000    0.780671   -0.030671 (VIOLATED)
_4050_/B1                               0.750000    0.780663   -0.030663 (VIOLATED)
_3107_/S1                               0.750000    0.780642   -0.030642 (VIOLATED)
_2648_/S1                               0.750000    0.780637   -0.030637 (VIOLATED)
_4029_/B1                               0.750000    0.780614   -0.030614 (VIOLATED)
_2653_/S1                               0.750000    0.780614   -0.030614 (VIOLATED)
_2746_/S1                               0.750000    0.780606   -0.030606 (VIOLATED)
_4030_/B1                               0.750000    0.780592   -0.030592 (VIOLATED)
fanout311/X                             0.750000    0.780592   -0.030592 (VIOLATED)
_2736_/S1                               0.750000    0.780569   -0.030569 (VIOLATED)
fanout764/X                             0.750000    0.780569   -0.030569 (VIOLATED)
_3639_/S                                0.750000    0.780539   -0.030539 (VIOLATED)
_3638_/S                                0.750000    0.780538   -0.030538 (VIOLATED)
fanout1121/A                            0.750000    0.780525   -0.030525 (VIOLATED)
_4124_/A1                               0.750000    0.780507   -0.030507 (VIOLATED)
_4089_/A1                               0.750000    0.780503   -0.030503 (VIOLATED)
_4192_/A1                               0.750000    0.780502   -0.030502 (VIOLATED)
_4158_/A1                               0.750000    0.780495   -0.030495 (VIOLATED)
_3589_/S                                0.750000    0.780488   -0.030488 (VIOLATED)
_3590_/S                                0.750000    0.780476   -0.030476 (VIOLATED)
_4741_/A1                               0.750000    0.780467   -0.030467 (VIOLATED)
_4875_/A1                               0.750000    0.780458   -0.030458 (VIOLATED)
_3942_/S                                0.750000    0.780454   -0.030454 (VIOLATED)
_4909_/A1                               0.750000    0.780447   -0.030447 (VIOLATED)
_4943_/A1                               0.750000    0.780441   -0.030441 (VIOLATED)
_4398_/A1                               0.750000    0.780440   -0.030440 (VIOLATED)
_4841_/A1                               0.750000    0.780440   -0.030440 (VIOLATED)
fanout905/X                             0.750000    0.780437   -0.030437 (VIOLATED)
_3943_/S                                0.750000    0.780426   -0.030426 (VIOLATED)
fanout1119/A                            0.750000    0.780424   -0.030424 (VIOLATED)
fanout1123/X                            0.750000    0.780396   -0.030396 (VIOLATED)
_3517_/S0                               0.750000    0.780371   -0.030371 (VIOLATED)
_3519_/S0                               0.750000    0.780371   -0.030371 (VIOLATED)
_3513_/S                                0.750000    0.780359   -0.030359 (VIOLATED)
load_slew1109/A                         0.750000    0.780341   -0.030341 (VIOLATED)
_3858_/S                                0.750000    0.780335   -0.030335 (VIOLATED)
fanout1106/A                            0.750000    0.780326   -0.030326 (VIOLATED)
_3870_/S0                               0.750000    0.780322   -0.030322 (VIOLATED)
fanout1108/X                            0.750000    0.780322   -0.030322 (VIOLATED)
_3993_/A1                               0.750000    0.778960   -0.028960 (VIOLATED)
_4028_/A1                               0.750000    0.778957   -0.028957 (VIOLATED)
_4064_/A1                               0.750000    0.778952   -0.028952 (VIOLATED)
_4373_/A1                               0.750000    0.778938   -0.028938 (VIOLATED)
_4716_/A1                               0.750000    0.778938   -0.028938 (VIOLATED)
_4816_/A1                               0.750000    0.778938   -0.028938 (VIOLATED)
_4850_/A1                               0.750000    0.778938   -0.028938 (VIOLATED)
_4884_/A1                               0.750000    0.778938   -0.028938 (VIOLATED)
_4918_/A1                               0.750000    0.778938   -0.028938 (VIOLATED)
_5020_/A1                               0.750000    0.778938   -0.028938 (VIOLATED)
fanout885/X                             0.750000    0.778938   -0.028938 (VIOLATED)
fanout199/A                             0.750000    0.778884   -0.028884 (VIOLATED)
max_cap205/A                            0.750000    0.778830   -0.028830 (VIOLATED)
fanout202/A                             0.750000    0.778829   -0.028829 (VIOLATED)
_4540_/Y                                0.750000    0.778818   -0.028818 (VIOLATED)
_4962_/A2                               0.750000    0.775595   -0.025595 (VIOLATED)
_4969_/A2                               0.750000    0.775586   -0.025586 (VIOLATED)
_3025_/S                                0.750000    0.775577   -0.025577 (VIOLATED)
fanout791/A                             0.750000    0.775577   -0.025577 (VIOLATED)
fanout793/A                             0.750000    0.775577   -0.025577 (VIOLATED)
_3026_/S                                0.750000    0.775576   -0.025576 (VIOLATED)
_2900_/S0                               0.750000    0.775570   -0.025570 (VIOLATED)
_4974_/A2                               0.750000    0.775570   -0.025570 (VIOLATED)
_2902_/S                                0.750000    0.775569   -0.025569 (VIOLATED)
_2765_/S                                0.750000    0.775567   -0.025567 (VIOLATED)
_2766_/S                                0.750000    0.775562   -0.025562 (VIOLATED)
fanout795/X                             0.750000    0.775552   -0.025552 (VIOLATED)
_4953_/A2                               0.750000    0.775522   -0.025522 (VIOLATED)
_4954_/A2                               0.750000    0.775491   -0.025491 (VIOLATED)
fanout344/X                             0.750000    0.775491   -0.025491 (VIOLATED)
_4417_/A2                               0.750000    0.775419   -0.025419 (VIOLATED)
_4403_/B                                0.750000    0.775417   -0.025417 (VIOLATED)
_4428_/A2                               0.750000    0.775414   -0.025414 (VIOLATED)
_4404_/A2                               0.750000    0.775410   -0.025410 (VIOLATED)
fanout450/X                             0.750000    0.775410   -0.025410 (VIOLATED)
load_slew451/A                          0.750000    0.775410   -0.025410 (VIOLATED)
_4494_/B1                               0.750000    0.771595   -0.021595 (VIOLATED)
_4483_/B1                               0.750000    0.771587   -0.021587 (VIOLATED)
_4480_/B1                               0.750000    0.771573   -0.021573 (VIOLATED)
load_slew213/A                          0.750000    0.771573   -0.021573 (VIOLATED)
_4488_/B1                               0.750000    0.771560   -0.021560 (VIOLATED)
fanout212/X                             0.750000    0.771533   -0.021533 (VIOLATED)
_4263_/A2                               0.750000    0.770748   -0.020748 (VIOLATED)
_4252_/A2                               0.750000    0.770744   -0.020744 (VIOLATED)
_4250_/A2                               0.750000    0.770730   -0.020730 (VIOLATED)
_4257_/A2                               0.750000    0.770671   -0.020671 (VIOLATED)
_4262_/A2                               0.750000    0.770666   -0.020666 (VIOLATED)
fanout487/X                             0.750000    0.770666   -0.020666 (VIOLATED)
_4003_/A2                               0.750000    0.768327   -0.018327 (VIOLATED)
_4010_/A2                               0.750000    0.768321   -0.018321 (VIOLATED)
_4015_/A2                               0.750000    0.768317   -0.018317 (VIOLATED)
_3994_/A2                               0.750000    0.768294   -0.018294 (VIOLATED)
_3995_/A2                               0.750000    0.768234   -0.018234 (VIOLATED)
fanout536/X                             0.750000    0.768233   -0.018233 (VIOLATED)
_4546_/A1                               0.750000    0.768035   -0.018035 (VIOLATED)
_4953_/A1                               0.750000    0.768035   -0.018035 (VIOLATED)
_4987_/A1                               0.750000    0.768034   -0.018034 (VIOLATED)
_4580_/A1                               0.750000    0.768034   -0.018034 (VIOLATED)
_4614_/A1                               0.750000    0.768027   -0.018027 (VIOLATED)
_4648_/A1                               0.750000    0.768025   -0.018025 (VIOLATED)
_3994_/A1                               0.750000    0.768012   -0.018012 (VIOLATED)
_4065_/A1                               0.750000    0.768002   -0.018002 (VIOLATED)
_4029_/A1                               0.750000    0.768002   -0.018002 (VIOLATED)
_3957_/A1                               0.750000    0.767992   -0.017992 (VIOLATED)
fanout883/X                             0.750000    0.767992   -0.017992 (VIOLATED)
_4204_/A1                               0.750000    0.766206   -0.016206 (VIOLATED)
_4238_/A1                               0.750000    0.766205   -0.016206 (VIOLATED)
_4306_/A1                               0.750000    0.766200   -0.016200 (VIOLATED)
_4272_/A1                               0.750000    0.766194   -0.016194 (VIOLATED)
_4478_/A1                               0.750000    0.766193   -0.016193 (VIOLATED)
_4818_/A1                               0.750000    0.766193   -0.016193 (VIOLATED)
_4718_/A1                               0.750000    0.766191   -0.016191 (VIOLATED)
_4512_/A1                               0.750000    0.766179   -0.016179 (VIOLATED)
_4852_/A1                               0.750000    0.766171   -0.016171 (VIOLATED)
_4886_/A1                               0.750000    0.766170   -0.016170 (VIOLATED)
fanout877/X                             0.750000    0.766156   -0.016156 (VIOLATED)
fanout988/A                             0.750000    0.765937   -0.015937 (VIOLATED)
_4914_/A1                               0.750000    0.765935   -0.015935 (VIOLATED)
_5016_/A1                               0.750000    0.765926   -0.015926 (VIOLATED)
_4369_/A1                               0.750000    0.765920   -0.015920 (VIOLATED)
_4266_/A1                               0.750000    0.765913   -0.015913 (VIOLATED)
_4300_/A1                               0.750000    0.765900   -0.015900 (VIOLATED)
_4232_/A1                               0.750000    0.765900   -0.015900 (VIOLATED)
_3952_/A1                               0.750000    0.765892   -0.015892 (VIOLATED)
_4198_/A1                               0.750000    0.765892   -0.015892 (VIOLATED)
_4334_/A1                               0.750000    0.765892   -0.015892 (VIOLATED)
fanout989/X                             0.750000    0.765892   -0.015892 (VIOLATED)
_4216_/A1                               0.750000    0.765336   -0.015337 (VIOLATED)
_4250_/A1                               0.750000    0.765335   -0.015335 (VIOLATED)
_4284_/A1                               0.750000    0.765325   -0.015325 (VIOLATED)
_4318_/A1                               0.750000    0.765312   -0.015312 (VIOLATED)
_4422_/A1                               0.750000    0.765307   -0.015307 (VIOLATED)
_4456_/A1                               0.750000    0.765304   -0.015304 (VIOLATED)
_4490_/A1                               0.750000    0.765282   -0.015282 (VIOLATED)
_4524_/A1                               0.750000    0.765263   -0.015263 (VIOLATED)
_4763_/B1                               0.750000    0.765252   -0.015252 (VIOLATED)
load_slew160/A                          0.750000    0.765248   -0.015248 (VIOLATED)
_4750_/B1                               0.750000    0.765245   -0.015245 (VIOLATED)
_4730_/A1                               0.750000    0.765238   -0.015238 (VIOLATED)
_4830_/A1                               0.750000    0.765238   -0.015238 (VIOLATED)
fanout953/X                             0.750000    0.765238   -0.015238 (VIOLATED)
_4773_/B1                               0.750000    0.765229   -0.015229 (VIOLATED)
_4775_/B1                               0.750000    0.765229   -0.015229 (VIOLATED)
fanout159/X                             0.750000    0.765229   -0.015229 (VIOLATED)
_2830_/A                                0.750000    0.763700   -0.013700 (VIOLATED)
_3101_/A1                               0.750000    0.763673   -0.013673 (VIOLATED)
_3117_/A1                               0.750000    0.763628   -0.013628 (VIOLATED)
load_slew695/A                          0.750000    0.763557   -0.013557 (VIOLATED)
_2740_/A1                               0.750000    0.763547   -0.013547 (VIOLATED)
fanout694/X                             0.750000    0.763283   -0.013283 (VIOLATED)
_4989_/B1                               0.750000    0.762980   -0.012980 (VIOLATED)
_4992_/B1                               0.750000    0.762979   -0.012979 (VIOLATED)
_5000_/B1                               0.750000    0.762977   -0.012977 (VIOLATED)
_4997_/B1                               0.750000    0.762973   -0.012973 (VIOLATED)
_5002_/B1                               0.750000    0.762960   -0.012960 (VIOLATED)
_4991_/B1                               0.750000    0.762958   -0.012959 (VIOLATED)
_5013_/B1                               0.750000    0.762958   -0.012959 (VIOLATED)
fanout125/X                             0.750000    0.762958   -0.012959 (VIOLATED)
_4244_/A1                               0.750000    0.762510   -0.012510 (VIOLATED)
_4278_/A1                               0.750000    0.762508   -0.012508 (VIOLATED)
_4210_/A1                               0.750000    0.762495   -0.012496 (VIOLATED)
_4312_/A1                               0.750000    0.762492   -0.012492 (VIOLATED)
_4001_/A1                               0.750000    0.762474   -0.012474 (VIOLATED)
_4036_/A1                               0.750000    0.762472   -0.012472 (VIOLATED)
_4107_/A1                               0.750000    0.762465   -0.012465 (VIOLATED)
_4175_/A1                               0.750000    0.762457   -0.012457 (VIOLATED)
_4072_/A1                               0.750000    0.762447   -0.012447 (VIOLATED)
_4141_/A1                               0.750000    0.762444   -0.012444 (VIOLATED)
fanout976/X                             0.750000    0.762444   -0.012444 (VIOLATED)
_4071_/A1                               0.750000    0.761630   -0.011630 (VIOLATED)
_4106_/A1                               0.750000    0.761630   -0.011630 (VIOLATED)
_4035_/A1                               0.750000    0.761629   -0.011629 (VIOLATED)
_4000_/A1                               0.750000    0.761619   -0.011619 (VIOLATED)
_4483_/A1                               0.750000    0.761614   -0.011614 (VIOLATED)
_4517_/A1                               0.750000    0.761613   -0.011613 (VIOLATED)
_4277_/A1                               0.750000    0.761607   -0.011607 (VIOLATED)
_4209_/A1                               0.750000    0.761603   -0.011603 (VIOLATED)
_4243_/A1                               0.750000    0.761603   -0.011603 (VIOLATED)
_4311_/A1                               0.750000    0.761603   -0.011603 (VIOLATED)
fanout982/X                             0.750000    0.761603   -0.011603 (VIOLATED)
_4063_/A1                               0.750000    0.760804   -0.010804 (VIOLATED)
_3992_/A1                               0.750000    0.760802   -0.010802 (VIOLATED)
_4027_/A1                               0.750000    0.760792   -0.010792 (VIOLATED)
_4715_/A1                               0.750000    0.760786   -0.010786 (VIOLATED)
_4849_/A1                               0.750000    0.760785   -0.010785 (VIOLATED)
_4883_/A1                               0.750000    0.760785   -0.010785 (VIOLATED)
_4815_/A1                               0.750000    0.760784   -0.010784 (VIOLATED)
_4917_/A1                               0.750000    0.760782   -0.010782 (VIOLATED)
_5019_/A1                               0.750000    0.760780   -0.010780 (VIOLATED)
_4372_/A1                               0.750000    0.760768   -0.010768 (VIOLATED)
fanout889/X                             0.750000    0.760768   -0.010768 (VIOLATED)
fanout185/A                             0.750000    0.760489   -0.010489 (VIOLATED)
fanout188/A                             0.750000    0.760449   -0.010449 (VIOLATED)
max_cap191/A                            0.750000    0.760448   -0.010448 (VIOLATED)
_4608_/Y                                0.750000    0.760444   -0.010444 (VIOLATED)
_4263_/A1                               0.750000    0.759911   -0.009911 (VIOLATED)
_4229_/A1                               0.750000    0.759908   -0.009908 (VIOLATED)
_4331_/A1                               0.750000    0.759901   -0.009901 (VIOLATED)
_4297_/A1                               0.750000    0.759897   -0.009897 (VIOLATED)
_4469_/A1                               0.750000    0.759889   -0.009889 (VIOLATED)
_4435_/A1                               0.750000    0.759878   -0.009878 (VIOLATED)
_4537_/A1                               0.750000    0.759878   -0.009878 (VIOLATED)
_4503_/A1                               0.750000    0.759865   -0.009865 (VIOLATED)
_4743_/A1                               0.750000    0.759863   -0.009863 (VIOLATED)
_4843_/A1                               0.750000    0.759862   -0.009862 (VIOLATED)
fanout893/X                             0.750000    0.759858   -0.009858 (VIOLATED)
_4430_/A2                               0.750000    0.757966   -0.007966 (VIOLATED)
_4410_/A2                               0.750000    0.757952   -0.007952 (VIOLATED)
_4433_/A2                               0.750000    0.757933   -0.007933 (VIOLATED)
load_slew449/A                          0.750000    0.757904   -0.007904 (VIOLATED)
_4420_/A2                               0.750000    0.757883   -0.007883 (VIOLATED)
fanout448/X                             0.750000    0.757883   -0.007883 (VIOLATED)
_2843_/S1                               0.750000    0.757389   -0.007389 (VIOLATED)
_2986_/S1                               0.750000    0.757389   -0.007389 (VIOLATED)
_2991_/S1                               0.750000    0.757389   -0.007389 (VIOLATED)
_3001_/S1                               0.750000    0.757389   -0.007389 (VIOLATED)
_3097_/S1                               0.750000    0.757389   -0.007389 (VIOLATED)
_3102_/S1                               0.750000    0.757389   -0.007389 (VIOLATED)
fanout761/X                             0.750000    0.757389   -0.007389 (VIOLATED)
wire306/A                               0.750000    0.756589   -0.006589 (VIOLATED)
_4090_/B1                               0.750000    0.756565   -0.006565 (VIOLATED)
fanout303/A                             0.750000    0.756565   -0.006565 (VIOLATED)
fanout305/X                             0.750000    0.756565   -0.006565 (VIOLATED)
_4430_/B1                               0.750000    0.755625   -0.005625 (VIOLATED)
_4410_/B1                               0.750000    0.755619   -0.005619 (VIOLATED)
load_slew229/A                          0.750000    0.755606   -0.005606 (VIOLATED)
_4433_/B1                               0.750000    0.755605   -0.005605 (VIOLATED)
_4420_/B1                               0.750000    0.755600   -0.005600 (VIOLATED)
fanout228/X                             0.750000    0.755600   -0.005600 (VIOLATED)
fanout952/A                             0.750000    0.754949   -0.004949 (VIOLATED)
fanout951/A                             0.750000    0.754931   -0.004931 (VIOLATED)
fanout950/A                             0.750000    0.754898   -0.004898 (VIOLATED)
fanout949/A                             0.750000    0.754870   -0.004870 (VIOLATED)
input27/X                               0.750000    0.754846   -0.004846 (VIOLATED)
_4307_/A1                               0.750000    0.754348   -0.004348 (VIOLATED)
_4273_/A1                               0.750000    0.754346   -0.004346 (VIOLATED)
_4239_/A1                               0.750000    0.754339   -0.004339 (VIOLATED)
_4205_/A1                               0.750000    0.754331   -0.004331 (VIOLATED)
_4479_/A1                               0.750000    0.754331   -0.004331 (VIOLATED)
_4513_/A1                               0.750000    0.754324   -0.004325 (VIOLATED)
_4445_/A1                               0.750000    0.754324   -0.004324 (VIOLATED)
_4719_/A1                               0.750000    0.754321   -0.004321 (VIOLATED)
_4411_/A1                               0.750000    0.754321   -0.004321 (VIOLATED)
_4376_/A1                               0.750000    0.754317   -0.004317 (VIOLATED)
fanout873/X                             0.750000    0.754307   -0.004307 (VIOLATED)
_4363_/A1                               0.750000    0.754076   -0.004076 (VIOLATED)
_3981_/A1                               0.750000    0.754075   -0.004075 (VIOLATED)
_4604_/A1                               0.750000    0.754075   -0.004075 (VIOLATED)
_4672_/A1                               0.750000    0.754074   -0.004074 (VIOLATED)
_4638_/A1                               0.750000    0.754073   -0.004073 (VIOLATED)
_4775_/A1                               0.750000    0.754069   -0.004069 (VIOLATED)
_4706_/A1                               0.750000    0.754068   -0.004068 (VIOLATED)
_4570_/A1                               0.750000    0.754068   -0.004068 (VIOLATED)
_4261_/A1                               0.750000    0.754067   -0.004067 (VIOLATED)
_4227_/A1                               0.750000    0.754067   -0.004067 (VIOLATED)
fanout907/X                             0.750000    0.754067   -0.004067 (VIOLATED)
_4447_/B1                               0.750000    0.753717   -0.003717 (VIOLATED)
_4445_/B1                               0.750000    0.753716   -0.003716 (VIOLATED)
_4453_/B1                               0.750000    0.753701   -0.003701 (VIOLATED)
_4451_/B1                               0.750000    0.753699   -0.003699 (VIOLATED)
fanout222/X                             0.750000    0.753699   -0.003699 (VIOLATED)
load_slew223/A                          0.750000    0.753699   -0.003699 (VIOLATED)
_4034_/A1                               0.750000    0.753371   -0.003371 (VIOLATED)
_3999_/A1                               0.750000    0.753369   -0.003369 (VIOLATED)
_4105_/A1                               0.750000    0.753365   -0.003365 (VIOLATED)
_4070_/A1                               0.750000    0.753359   -0.003360 (VIOLATED)
_4139_/A1                               0.750000    0.753359   -0.003359 (VIOLATED)
_4173_/A1                               0.750000    0.753355   -0.003355 (VIOLATED)
_4653_/A1                               0.750000    0.753354   -0.003354 (VIOLATED)
_4619_/A1                               0.750000    0.753354   -0.003354 (VIOLATED)
_4344_/A1                               0.750000    0.753351   -0.003351 (VIOLATED)
_3962_/A1                               0.750000    0.753350   -0.003350 (VIOLATED)
fanout985/X                             0.750000    0.753350   -0.003350 (VIOLATED)
_4732_/A1                               0.750000    0.753051   -0.003051 (VIOLATED)
_4866_/A1                               0.750000    0.753049   -0.003049 (VIOLATED)
_4832_/A1                               0.750000    0.753049   -0.003049 (VIOLATED)
_4900_/A1                               0.750000    0.753036   -0.003036 (VIOLATED)
_4389_/A1                               0.750000    0.753031   -0.003031 (VIOLATED)
_4934_/A1                               0.750000    0.753030   -0.003030 (VIOLATED)
_5036_/A1                               0.750000    0.753025   -0.003025 (VIOLATED)
_4561_/A1                               0.750000    0.753013   -0.003013 (VIOLATED)
_3972_/A1                               0.750000    0.753011   -0.003011 (VIOLATED)
_4354_/A1                               0.750000    0.753011   -0.003011 (VIOLATED)
fanout943/X                             0.750000    0.753011   -0.003011 (VIOLATED)
_3968_/A1                               0.750000    0.752901   -0.002902 (VIOLATED)
_4350_/A1                               0.750000    0.752898   -0.002898 (VIOLATED)
_4145_/A1                               0.750000    0.752892   -0.002892 (VIOLATED)
_4179_/A1                               0.750000    0.752891   -0.002891 (VIOLATED)
_4111_/A1                               0.750000    0.752880   -0.002880 (VIOLATED)
_4076_/A1                               0.750000    0.752878   -0.002878 (VIOLATED)
_4040_/A1                               0.750000    0.752871   -0.002871 (VIOLATED)
_4964_/A1                               0.750000    0.752867   -0.002867 (VIOLATED)
_4005_/A1                               0.750000    0.752866   -0.002866 (VIOLATED)
_4998_/A1                               0.750000    0.752866   -0.002866 (VIOLATED)
fanout960/X                             0.750000    0.752866   -0.002866 (VIOLATED)
_5013_/A1                               0.750000    0.752273   -0.002273 (VIOLATED)
_4979_/A1                               0.750000    0.752271   -0.002271 (VIOLATED)
_4055_/A1                               0.750000    0.752266   -0.002266 (VIOLATED)
_4020_/A1                               0.750000    0.752260   -0.002260 (VIOLATED)
_4160_/A1                               0.750000    0.752260   -0.002260 (VIOLATED)
_4194_/A1                               0.750000    0.752259   -0.002259 (VIOLATED)
_4091_/A1                               0.750000    0.752254   -0.002254 (VIOLATED)
_4126_/A1                               0.750000    0.752252   -0.002252 (VIOLATED)
_4400_/A1                               0.750000    0.752249   -0.002249 (VIOLATED)
_4572_/A1                               0.750000    0.752249   -0.002249 (VIOLATED)
fanout894/X                             0.750000    0.752249   -0.002249 (VIOLATED)
_4131_/A1                               0.750000    0.752064   -0.002064 (VIOLATED)
_3991_/A1                               0.750000    0.752063   -0.002063 (VIOLATED)
_4814_/A1                               0.750000    0.752059   -0.002059 (VIOLATED)
_4714_/A1                               0.750000    0.752058   -0.002058 (VIOLATED)
_4882_/A1                               0.750000    0.752058   -0.002058 (VIOLATED)
_4371_/A1                               0.750000    0.752048   -0.002048 (VIOLATED)
_4165_/A1                               0.750000    0.752042   -0.002042 (VIOLATED)
_4848_/A1                               0.750000    0.752042   -0.002042 (VIOLATED)
_4916_/A1                               0.750000    0.752042   -0.002042 (VIOLATED)
_5018_/A1                               0.750000    0.752035   -0.002036 (VIOLATED)
fanout901/X                             0.750000    0.752035   -0.002036 (VIOLATED)

max fanout

Pin                                   Limit Fanout  Slack
---------------------------------------------------------
clkbuf_0_clk/X                           10     16     -6 (VIOLATED)
clkbuf_leaf_79_clk/X                     10     13     -3 (VIOLATED)
clkbuf_leaf_85_clk/X                     10     13     -3 (VIOLATED)
clkbuf_leaf_15_clk/X                     10     12     -2 (VIOLATED)
clkbuf_leaf_16_clk/X                     10     12     -2 (VIOLATED)
clkbuf_leaf_17_clk/X                     10     12     -2 (VIOLATED)
clkbuf_leaf_38_clk/X                     10     12     -2 (VIOLATED)
clkbuf_leaf_39_clk/X                     10     12     -2 (VIOLATED)
clkbuf_leaf_41_clk/X                     10     12     -2 (VIOLATED)
clkbuf_leaf_45_clk/X                     10     12     -2 (VIOLATED)
clkbuf_leaf_57_clk/X                     10     12     -2 (VIOLATED)
clkbuf_leaf_59_clk/X                     10     12     -2 (VIOLATED)
clkbuf_leaf_64_clk/X                     10     12     -2 (VIOLATED)
clkbuf_leaf_101_clk/X                    10     11        (VIOLATED)
clkbuf_leaf_11_clk/X                     10     11        (VIOLATED)
clkbuf_leaf_22_clk/X                     10     11        (VIOLATED)
clkbuf_leaf_31_clk/X                     10     11        (VIOLATED)
clkbuf_leaf_35_clk/X                     10     11        (VIOLATED)
clkbuf_leaf_50_clk/X                     10     11        (VIOLATED)
clkbuf_leaf_51_clk/X                     10     11        (VIOLATED)
clkbuf_leaf_53_clk/X                     10     11        (VIOLATED)
clkbuf_leaf_5_clk/X                      10     11        (VIOLATED)
clkbuf_leaf_65_clk/X                     10     11        (VIOLATED)
clkbuf_leaf_70_clk/X                     10     11        (VIOLATED)
clkbuf_leaf_73_clk/X                     10     11        (VIOLATED)
clkbuf_leaf_86_clk/X                     10     11        (VIOLATED)
clkbuf_leaf_97_clk/X                     10     11        (VIOLATED)
input16/X                                10     11        (VIOLATED)

max capacitance

Pin                                        Limit         Cap       Slack
------------------------------------------------------------------------
fanout565/X                             0.094309    0.155677   -0.061368 (VIOLATED)
clkbuf_0_clk/X                          0.200000    0.245829   -0.045829 (VIOLATED)
fanout637/X                             0.094309    0.134529   -0.040220 (VIOLATED)
fanout562/X                             0.094309    0.127042   -0.032733 (VIOLATED)
fanout634/X                             0.100718    0.123071   -0.022353 (VIOLATED)
fanout600/X                             0.100718    0.122552   -0.021834 (VIOLATED)
fanout635/X                             0.094309    0.116051   -0.021742 (VIOLATED)
fanout563/X                             0.094309    0.115172   -0.020863 (VIOLATED)
fanout575/X                             0.100718    0.113848   -0.013130 (VIOLATED)
fanout328/X                             0.094309    0.099298   -0.004989 (VIOLATED)
fanout700/X                             0.094309    0.096613   -0.002304 (VIOLATED)



===========================================================================
report_parasitic_annotation -report_unannotated
============================================================================
Found 51 unannotated drivers.
 clkload0/X
 clkload1/X
 clkload10/Y
 clkload11/Y
 clkload12/X
 clkload13/X
 clkload14/X
 clkload15/X
 clkload16/Y
 clkload17/X
 clkload18/X
 clkload19/Y
 clkload2/X
 clkload20/X
 clkload21/X
 clkload22/X
 clkload23/X
 clkload24/X
 clkload25/X
 clkload26/X
 clkload27/Y
 clkload28/X
 clkload29/X
 clkload3/X
 clkload30/Y
 clkload31/X
 clkload32/X
 clkload33/Y
 clkload34/Y
 clkload35/X
 clkload36/X
 clkload37/X
 clkload38/X
 clkload39/X
 clkload4/X
 clkload40/Y
 clkload41/Y
 clkload42/Y
 clkload43/Y
 clkload44/Y
 clkload45/X
 clkload46/Y
 clkload47/X
 clkload48/Y
 clkload49/Y
 clkload5/X
 clkload50/X
 clkload6/X
 clkload7/X
 clkload8/X
 clkload9/Y
Found 0 partially unannotated drivers.

===========================================================================
max slew violation count 1870
max fanout violation count 28
max cap violation count 11
============================================================================

===========================================================================
check_setup -verbose -unconstrained_endpoints -multiple_clock -no_clock -no_input_delay -loops -generated_clocks
===========================================================================
