Reading timing models for corner nom_tt_025C_1v80…
Reading timing library for the 'nom_tt_025C_1v80' corner at '/root/.ciel/ciel/sky130/versions/8afc8346a57fe1ab7934ba5a6056ea8b43078e71/sky130A/libs.ref/sky130_fd_sc_hd/lib/sky130_fd_sc_hd__tt_025C_1v80.lib'…
Reading OpenROAD database at '/work/runs/RUN_2026-08-06_09-53-31/39-openroad-globalrouting/registerfile.odb'…
Reading design constraints file at '/nix/store/ffl2vg3m80k0p74pyffnmai83fnv38mf-python3-3.13.9-env/lib/python3.13/site-packages/librelane/scripts/base.sdc'…
[INFO] Using clock clk…
[INFO] Setting output delay to: 2
[INFO] Setting input delay to: 2
[INFO] Setting load to: 0.033442
[INFO] Setting clock uncertainty to: 0.25
[INFO] Setting clock transition to: 0.1499999999999999944488848768742172978818416595458984375
[INFO] Setting timing derate to: 5%
%OL_CREATE_REPORT /work/runs/RUN_2026-08-06_09-53-31/40-openroad-checkantennas/reports/antenna.rpt
Net: _1735_
  Pin:   fanout549/A (sky130_fd_sc_hd__dlymetal6s2s_1)
    Layer: mcon
      Partial area ratio:    0.23
      Required ratio:    3.00 (Gate area) 
      Cumulative area ratio:    0.23
      Required ratio:    0.00 (Cumulative area) 

    Layer: met1
      Partial area ratio:    6.89
      Required ratio:    0.00 (Gate area) 
      Cumulative area ratio:    6.89
      Required ratio:    0.00 (Cumulative area) 
      Partial area ratio:   33.00
      Required ratio:  400.00 (Side area) 
      Cumulative area ratio:   33.00
      Required ratio:    0.00 (Cumulative side area) 

    Layer: via
      Partial area ratio:    0.36
      Required ratio:    6.00 (Gate area) 
      Cumulative area ratio:    0.59
      Required ratio:    0.00 (Cumulative area) 

    Layer: met2
      Partial area ratio:    1.48
      Required ratio:    0.00 (Gate area) 
      Cumulative area ratio:    8.38
      Required ratio:    0.00 (Cumulative area) 
      Partial area ratio:    6.83
      Required ratio:  400.00 (Side area) 
      Cumulative area ratio:   39.83
      Required ratio:    0.00 (Cumulative side area) 

    Layer: via2
      Partial area ratio:    0.32
      Required ratio:    6.00 (Gate area) 
      Cumulative area ratio:    0.90
      Required ratio:    0.00 (Cumulative area) 

    Layer: met3
      Partial area ratio:   50.27
      Required ratio:    0.00 (Gate area) 
      Cumulative area ratio:   58.65
      Required ratio:    0.00 (Cumulative area) 
      Partial area ratio:  271.81
      Required ratio:  400.00 (Side area) 
      Cumulative area ratio:  311.64
      Required ratio:    0.00 (Cumulative side area) 

    Layer: via3
      Partial area ratio:    0.32
      Required ratio:    6.00 (Gate area) 
      Cumulative area ratio:    1.22
      Required ratio:    0.00 (Cumulative area) 

    Layer: met4
      Partial area ratio:  136.53
      Required ratio:    0.00 (Gate area) 
      Cumulative area ratio:  195.17
      Required ratio:    0.00 (Cumulative area) 
      Partial area ratio:  718.60
      Required ratio: 2956.40 (Side area) 
      Cumulative area ratio: 1030.24
      Required ratio:    0.00 (Cumulative side area) 

    Layer: via4
      Partial area ratio:    2.25
      Required ratio:   38.08 (Gate area) 
      Cumulative area ratio:    3.47
      Required ratio:    0.00 (Cumulative area) 

    Layer: met5
      Partial area ratio:   92.56
      Required ratio:    0.00 (Gate area) 
      Cumulative area ratio:  287.74
      Required ratio:    0.00 (Cumulative area) 
      Partial area ratio:  145.00
      Required ratio: 2956.40 (Side area) 
      Cumulative area ratio: 1175.24
      Required ratio:    0.00 (Cumulative side area) 


  Pin:   fanout551/A (sky130_fd_sc_hd__buf_2)
    Layer: mcon
      Partial area ratio:    0.18
      Required ratio:    3.00 (Gate area) 
      Cumulative area ratio:    0.18
      Required ratio:    0.00 (Cumulative area) 

    Layer: met1
      Partial area ratio:   19.47
      Required ratio:    0.00 (Gate area) 
      Cumulative area ratio:   19.47
      Required ratio:    0.00 (Cumulative area) 
      Partial area ratio:   96.19
      Required ratio:  400.00 (Side area) 
      Cumulative area ratio:   96.19
      Required ratio:    0.00 (Cumulative side area) 

    Layer: via
      Partial area ratio:    0.28
      Required ratio:    6.00 (Gate area) 
      Cumulative area ratio:    0.46
      Required ratio:    0.00 (Cumulative area) 

    Layer: met2
      Partial area ratio:    1.17
      Required ratio:    0.00 (Gate area) 
      Cumulative area ratio:   20.65
      Required ratio:    0.00 (Cumulative area) 
      Partial area ratio:    5.42
      Required ratio:  400.00 (Side area) 
      Cumulative area ratio:  101.60
      Required ratio:    0.00 (Cumulative side area) 

    Layer: via2
      Partial area ratio:    0.25
      Required ratio:    6.00 (Gate area) 
      Cumulative area ratio:    0.72
      Required ratio:    0.00 (Cumulative area) 

    Layer: met3
      Partial area ratio:    0.79
      Required ratio:    0.00 (Gate area) 
      Cumulative area ratio:   21.43
      Required ratio:    0.00 (Cumulative area) 
      Partial area ratio:    7.14
      Required ratio:  400.00 (Side area) 
      Cumulative area ratio:  108.75
      Required ratio:    0.00 (Cumulative side area) 

    Layer: via3
      Partial area ratio:    0.25
      Required ratio:    6.00 (Gate area) 
      Cumulative area ratio:    0.97
      Required ratio:    0.00 (Cumulative area) 

    Layer: met4
      Partial area ratio:  136.53
      Required ratio:    0.00 (Gate area) 
      Cumulative area ratio:  157.96
      Required ratio:    0.00 (Cumulative area) 
      Partial area ratio:  718.60
      Required ratio: 2956.40 (Side area) 
      Cumulative area ratio:  827.34
      Required ratio:    0.00 (Cumulative side area) 

    Layer: via4
      Partial area ratio:    2.25
      Required ratio:   38.08 (Gate area) 
      Cumulative area ratio:    3.21
      Required ratio:    0.00 (Cumulative area) 

    Layer: met5
      Partial area ratio:   92.56
      Required ratio:    0.00 (Gate area) 
      Cumulative area ratio:  250.52
      Required ratio:    0.00 (Cumulative area) 
      Partial area ratio:  145.00
      Required ratio: 2956.40 (Side area) 
      Cumulative area ratio:  972.34
      Required ratio:    0.00 (Cumulative side area) 


  Pin:   fanout552/A (sky130_fd_sc_hd__dlymetal6s2s_1)
    Layer: mcon
      Partial area ratio:    0.23
      Required ratio:    3.00 (Gate area) 
      Cumulative area ratio:    0.23
      Required ratio:    0.00 (Cumulative area) 

    Layer: met1
      Partial area ratio:    6.73
      Required ratio:    0.00 (Gate area) 
      Cumulative area ratio:    6.73
      Required ratio:    0.00 (Cumulative area) 
      Partial area ratio:   32.19
      Required ratio:  400.00 (Side area) 
      Cumulative area ratio:   32.19
      Required ratio:    0.00 (Cumulative side area) 

    Layer: via
      Partial area ratio:    0.36
      Required ratio:    6.00 (Gate area) 
      Cumulative area ratio:    0.59
      Required ratio:    0.00 (Cumulative area) 

    Layer: met2
      Partial area ratio:    1.48
      Required ratio:    0.00 (Gate area) 
      Cumulative area ratio:    8.22
      Required ratio:    0.00 (Cumulative area) 
      Partial area ratio:    6.83
      Required ratio:  400.00 (Side area) 
      Cumulative area ratio:   39.03
      Required ratio:    0.00 (Cumulative side area) 

    Layer: via2
      Partial area ratio:    0.32
      Required ratio:    6.00 (Gate area) 
      Cumulative area ratio:    0.90
      Required ratio:    0.00 (Cumulative area) 

    Layer: met3
      Partial area ratio:  115.98
      Required ratio:    0.00 (Gate area) 
      Cumulative area ratio:  124.20
      Required ratio:    0.00 (Cumulative area) 
      Partial area ratio:  622.29
      Required ratio:  400.00 (Side area) (VIOLATED)
      Cumulative area ratio:  661.31
      Required ratio:    0.00 (Cumulative side area) 

    Layer: via3
      Partial area ratio:    0.32
      Required ratio:    6.00 (Gate area) 
      Cumulative area ratio:    1.22
      Required ratio:    0.00 (Cumulative area) 

    Layer: met4
      Partial area ratio:  144.55
      Required ratio:    0.00 (Gate area) 
      Cumulative area ratio:  268.75
      Required ratio:    0.00 (Cumulative area) 
      Partial area ratio:  761.56
      Required ratio:  400.00 (Side area) (VIOLATED)
      Cumulative area ratio: 1422.87
      Required ratio:    0.00 (Cumulative side area) 

    Layer: via4
      Partial area ratio:    1.89
      Required ratio:    6.00 (Gate area) 
      Cumulative area ratio:    3.11
      Required ratio:    0.00 (Cumulative area) 

    Layer: met5
      Partial area ratio:   92.56
      Required ratio:    0.00 (Gate area) 
      Cumulative area ratio:  361.32
      Required ratio:    0.00 (Cumulative area) 
      Partial area ratio:  145.00
      Required ratio: 2956.40 (Side area) 
      Cumulative area ratio: 1567.87
      Required ratio:    0.00 (Cumulative side area) 


  Pin:   fanout554/A (sky130_fd_sc_hd__clkbuf_2)
    Layer: mcon
      Partial area ratio:    0.14
      Required ratio:    3.00 (Gate area) 
      Cumulative area ratio:    0.14
      Required ratio:    0.00 (Cumulative area) 

    Layer: met1
      Partial area ratio:    2.58
      Required ratio:    0.00 (Gate area) 
      Cumulative area ratio:    2.58
      Required ratio:    0.00 (Cumulative area) 
      Partial area ratio:   12.04
      Required ratio:  400.00 (Side area) 
      Cumulative area ratio:   12.04
      Required ratio:    0.00 (Cumulative side area) 

    Layer: via
      Partial area ratio:    0.21
      Required ratio:    6.00 (Gate area) 
      Cumulative area ratio:    0.35
      Required ratio:    0.00 (Cumulative area) 

    Layer: met2
      Partial area ratio:    0.88
      Required ratio:    0.00 (Gate area) 
      Cumulative area ratio:    3.46
      Required ratio:    0.00 (Cumulative area) 
      Partial area ratio:    4.04
      Required ratio:  400.00 (Side area) 
      Cumulative area ratio:   16.09
      Required ratio:    0.00 (Cumulative side area) 

    Layer: via2
      Partial area ratio:    0.19
      Required ratio:    6.00 (Gate area) 
      Cumulative area ratio:    0.53
      Required ratio:    0.00 (Cumulative area) 

    Layer: met3
      Partial area ratio:   39.53
      Required ratio:    0.00 (Gate area) 
      Cumulative area ratio:   42.99
      Required ratio:    0.00 (Cumulative area) 
      Partial area ratio:  212.96
      Required ratio:  400.00 (Side area) 
      Cumulative area ratio:  229.04
      Required ratio:    0.00 (Cumulative side area) 

    Layer: via3
      Partial area ratio:    0.38
      Required ratio:    6.00 (Gate area) 
      Cumulative area ratio:    0.91
      Required ratio:    0.00 (Cumulative area) 

    Layer: met4
      Partial area ratio:  144.55
      Required ratio:    0.00 (Gate area) 
      Cumulative area ratio:  187.54
      Required ratio:    0.00 (Cumulative area) 
      Partial area ratio:  761.56
      Required ratio:  400.00 (Side area) (VIOLATED)
      Cumulative area ratio:  990.60
      Required ratio:    0.00 (Cumulative side area) 

    Layer: via4
      Partial area ratio:    1.89
      Required ratio:    6.00 (Gate area) 
      Cumulative area ratio:    2.80
      Required ratio:    0.00 (Cumulative area) 

    Layer: met5
      Partial area ratio:   92.56
      Required ratio:    0.00 (Gate area) 
      Cumulative area ratio:  280.10
      Required ratio:    0.00 (Cumulative area) 
      Partial area ratio:  145.00
      Required ratio: 2956.40 (Side area) 
      Cumulative area ratio: 1135.60
      Required ratio:    0.00 (Cumulative side area) 



Net: _1738_
  Pin:   _3860_/A1 (sky130_fd_sc_hd__a21o_2)
    Layer: mcon
      Partial area ratio:    0.12
      Required ratio:    3.00 (Gate area) 
      Cumulative area ratio:    0.12
      Required ratio:    0.00 (Cumulative area) 

    Layer: met1
      Partial area ratio:    1.60
      Required ratio:    0.00 (Gate area) 
      Cumulative area ratio:    1.60
      Required ratio:    0.00 (Cumulative area) 
      Partial area ratio:    7.24
      Required ratio:  400.00 (Side area) 
      Cumulative area ratio:    7.24
      Required ratio:    0.00 (Cumulative side area) 

    Layer: via
      Partial area ratio:    0.18
      Required ratio:    6.00 (Gate area) 
      Cumulative area ratio:    0.30
      Required ratio:    0.00 (Cumulative area) 

    Layer: met2
      Partial area ratio:    8.70
      Required ratio:    0.00 (Gate area) 
      Cumulative area ratio:   10.30
      Required ratio:    0.00 (Cumulative area) 
      Partial area ratio:   42.78
      Required ratio:  400.00 (Side area) 
      Cumulative area ratio:   50.02
      Required ratio:    0.00 (Cumulative side area) 

    Layer: via2
      Partial area ratio:    0.16
      Required ratio:    6.00 (Gate area) 
      Cumulative area ratio:    0.46
      Required ratio:    0.00 (Cumulative area) 

    Layer: met3
      Partial area ratio:   92.98
      Required ratio:    0.00 (Gate area) 
      Cumulative area ratio:  103.28
      Required ratio:    0.00 (Cumulative area) 
      Partial area ratio:  499.68
      Required ratio:  400.00 (Side area) (VIOLATED)
      Cumulative area ratio:  549.70
      Required ratio:    0.00 (Cumulative side area) 

    Layer: via3
      Partial area ratio:    0.16
      Required ratio:    6.00 (Gate area) 
      Cumulative area ratio:    0.62
      Required ratio:    0.00 (Cumulative area) 

    Layer: met4
      Partial area ratio:   25.76
      Required ratio:    0.00 (Gate area) 
      Cumulative area ratio:  129.04
      Required ratio:    0.00 (Cumulative area) 
      Partial area ratio:  130.47
      Required ratio:  400.00 (Side area) 
      Cumulative area ratio:  680.17
      Required ratio:    0.00 (Cumulative side area) 

    Layer: via4
      Partial area ratio:    1.39
      Required ratio:    6.00 (Gate area) 
      Cumulative area ratio:    2.01
      Required ratio:    0.00 (Cumulative area) 

    Layer: met5
      Partial area ratio:  127.55
      Required ratio:    0.00 (Gate area) 
      Cumulative area ratio:  256.59
      Required ratio:    0.00 (Cumulative area) 
      Partial area ratio:  196.72
      Required ratio: 2778.20 (Side area) 
      Cumulative area ratio:  876.89
      Required ratio:    0.00 (Cumulative side area) 


  Pin:   fanout599/A (sky130_fd_sc_hd__dlymetal6s2s_1)
    Layer: mcon
      Partial area ratio:    0.23
      Required ratio:    3.00 (Gate area) 
      Cumulative area ratio:    0.23
      Required ratio:    0.00 (Cumulative area) 

    Layer: met1
      Partial area ratio:    6.40
      Required ratio:    0.00 (Gate area) 
      Cumulative area ratio:    6.40
      Required ratio:    0.00 (Cumulative area) 
      Partial area ratio:   30.53
      Required ratio:  400.00 (Side area) 
      Cumulative area ratio:   30.53
      Required ratio:    0.00 (Cumulative side area) 

    Layer: via
      Partial area ratio:    0.36
      Required ratio:    6.00 (Gate area) 
      Cumulative area ratio:    0.59
      Required ratio:    0.00 (Cumulative area) 

    Layer: met2
      Partial area ratio:    1.48
      Required ratio:    0.00 (Gate area) 
      Cumulative area ratio:    7.88
      Required ratio:    0.00 (Cumulative area) 
      Partial area ratio:    6.83
      Required ratio:  400.00 (Side area) 
      Cumulative area ratio:   37.36
      Required ratio:    0.00 (Cumulative side area) 

    Layer: via2
      Partial area ratio:    0.32
      Required ratio:    6.00 (Gate area) 
      Cumulative area ratio:    0.90
      Required ratio:    0.00 (Cumulative area) 

    Layer: met3
      Partial area ratio:    0.99
      Required ratio:    0.00 (Gate area) 
      Cumulative area ratio:    8.87
      Required ratio:    0.00 (Cumulative area) 
      Partial area ratio:    9.02
      Required ratio:  400.00 (Side area) 
      Cumulative area ratio:   46.38
      Required ratio:    0.00 (Cumulative side area) 

    Layer: via3
      Partial area ratio:    0.32
      Required ratio:    6.00 (Gate area) 
      Cumulative area ratio:    1.22
      Required ratio:    0.00 (Cumulative area) 

    Layer: met4
      Partial area ratio:   11.05
      Required ratio:    0.00 (Gate area) 
      Cumulative area ratio:   19.92
      Required ratio:    0.00 (Cumulative area) 
      Partial area ratio:   29.97
      Required ratio:  400.00 (Side area) 
      Cumulative area ratio:   76.35
      Required ratio:    0.00 (Cumulative side area) 

    Layer: via4
      Partial area ratio:    5.08
      Required ratio:    6.00 (Gate area) 
      Cumulative area ratio:    6.30
      Required ratio:    0.00 (Cumulative area) 

    Layer: met5
      Partial area ratio:  127.55
      Required ratio:    0.00 (Gate area) 
      Cumulative area ratio:  147.48
      Required ratio:    0.00 (Cumulative area) 
      Partial area ratio:  196.72
      Required ratio: 2778.20 (Side area) 
      Cumulative area ratio:  273.06
      Required ratio:    0.00 (Cumulative side area) 


  Pin:   fanout600/A (sky130_fd_sc_hd__dlymetal6s2s_1)
    Layer: mcon
      Partial area ratio:    0.23
      Required ratio:    3.00 (Gate area) 
      Cumulative area ratio:    0.23
      Required ratio:    0.00 (Cumulative area) 

    Layer: met1
      Partial area ratio:    6.29
      Required ratio:    0.00 (Gate area) 
      Cumulative area ratio:    6.29
      Required ratio:    0.00 (Cumulative area) 
      Partial area ratio:   29.97
      Required ratio:  400.00 (Side area) 
      Cumulative area ratio:   29.97
      Required ratio:    0.00 (Cumulative side area) 

    Layer: via
      Partial area ratio:    0.36
      Required ratio:    6.00 (Gate area) 
      Cumulative area ratio:    0.59
      Required ratio:    0.00 (Cumulative area) 

    Layer: met2
      Partial area ratio:    1.48
      Required ratio:    0.00 (Gate area) 
      Cumulative area ratio:    7.77
      Required ratio:    0.00 (Cumulative area) 
      Partial area ratio:    6.83
      Required ratio:  400.00 (Side area) 
      Cumulative area ratio:   36.80
      Required ratio:    0.00 (Cumulative side area) 

    Layer: via2
      Partial area ratio:    0.32
      Required ratio:    6.00 (Gate area) 
      Cumulative area ratio:    0.90
      Required ratio:    0.00 (Cumulative area) 

    Layer: met3
      Partial area ratio:   34.79
      Required ratio:    0.00 (Gate area) 
      Cumulative area ratio:   42.56
      Required ratio:    0.00 (Cumulative area) 
      Partial area ratio:  193.02
      Required ratio:  400.00 (Side area) 
      Cumulative area ratio:  229.82
      Required ratio:    0.00 (Cumulative side area) 

    Layer: via3
      Partial area ratio:    0.32
      Required ratio:    6.00 (Gate area) 
      Cumulative area ratio:    1.22
      Required ratio:    0.00 (Cumulative area) 

    Layer: met4
      Partial area ratio:  108.69
      Required ratio:    0.00 (Gate area) 
      Cumulative area ratio:  151.25
      Required ratio:    0.00 (Cumulative area) 
      Partial area ratio:  550.67
      Required ratio:  400.00 (Side area) (VIOLATED)
      Cumulative area ratio:  780.48
      Required ratio:    0.00 (Cumulative side area) 

    Layer: via4
      Partial area ratio:    5.08
      Required ratio:    6.00 (Gate area) 
      Cumulative area ratio:    6.30
      Required ratio:    0.00 (Cumulative area) 

    Layer: met5
      Partial area ratio:  127.55
      Required ratio:    0.00 (Gate area) 
      Cumulative area ratio:  278.80
      Required ratio:    0.00 (Cumulative area) 
      Partial area ratio:  196.72
      Required ratio: 2778.20 (Side area) 
      Cumulative area ratio:  977.20
      Required ratio:    0.00 (Cumulative side area) 


  Pin:   fanout601/A (sky130_fd_sc_hd__clkdlybuf4s25_1)
    Layer: mcon
      Partial area ratio:    0.14
      Required ratio:    3.00 (Gate area) 
      Cumulative area ratio:    0.14
      Required ratio:    0.00 (Cumulative area) 

    Layer: met1
      Partial area ratio:    2.01
      Required ratio:    0.00 (Gate area) 
      Cumulative area ratio:    2.01
      Required ratio:    0.00 (Cumulative area) 
      Partial area ratio:    9.19
      Required ratio:  400.00 (Side area) 
      Cumulative area ratio:    9.19
      Required ratio:    0.00 (Cumulative side area) 

    Layer: via
      Partial area ratio:    0.21
      Required ratio:    6.00 (Gate area) 
      Cumulative area ratio:    0.35
      Required ratio:    0.00 (Cumulative area) 

    Layer: met2
      Partial area ratio:   23.98
      Required ratio:    0.00 (Gate area) 
      Cumulative area ratio:   25.99
      Required ratio:    0.00 (Cumulative area) 
      Partial area ratio:  118.28
      Required ratio:  400.00 (Side area) 
      Cumulative area ratio:  127.47
      Required ratio:    0.00 (Cumulative side area) 

    Layer: via2
      Partial area ratio:    0.38
      Required ratio:    6.00 (Gate area) 
      Cumulative area ratio:    0.72
      Required ratio:    0.00 (Cumulative area) 

    Layer: met3
      Partial area ratio:   40.04
      Required ratio:    0.00 (Gate area) 
      Cumulative area ratio:   66.03
      Required ratio:    0.00 (Cumulative area) 
      Partial area ratio:  217.95
      Required ratio:  400.00 (Side area) 
      Cumulative area ratio:  345.42
      Required ratio:    0.00 (Cumulative side area) 

    Layer: via3
      Partial area ratio:    0.38
      Required ratio:    6.00 (Gate area) 
      Cumulative area ratio:    1.10
      Required ratio:    0.00 (Cumulative area) 

    Layer: met4
      Partial area ratio:   25.76
      Required ratio:    0.00 (Gate area) 
      Cumulative area ratio:   91.79
      Required ratio:    0.00 (Cumulative area) 
      Partial area ratio:  130.47
      Required ratio:  400.00 (Side area) 
      Cumulative area ratio:  475.89
      Required ratio:    0.00 (Cumulative side area) 

    Layer: via4
      Partial area ratio:    1.39
      Required ratio:    6.00 (Gate area) 
      Cumulative area ratio:    2.49
      Required ratio:    0.00 (Cumulative area) 

    Layer: met5
      Partial area ratio:  127.55
      Required ratio:    0.00 (Gate area) 
      Cumulative area ratio:  219.34
      Required ratio:    0.00 (Cumulative area) 
      Partial area ratio:  196.72
      Required ratio: 2778.20 (Side area) 
      Cumulative area ratio:  672.60
      Required ratio:    0.00 (Cumulative side area) 



Net: _1739_
  Pin:   _3811_/B2 (sky130_fd_sc_hd__o22a_2)
    Layer: mcon
      Partial area ratio:    0.12
      Required ratio:    3.00 (Gate area) 
      Cumulative area ratio:    0.12
      Required ratio:    0.00 (Cumulative area) 

    Layer: met1
      Partial area ratio:    1.44
      Required ratio:    0.00 (Gate area) 
      Cumulative area ratio:    1.44
      Required ratio:    0.00 (Cumulative area) 
      Partial area ratio:    6.47
      Required ratio:  400.00 (Side area) 
      Cumulative area ratio:    6.47
      Required ratio:    0.00 (Cumulative side area) 

    Layer: via
      Partial area ratio:    0.18
      Required ratio:    6.00 (Gate area) 
      Cumulative area ratio:    0.30
      Required ratio:    0.00 (Cumulative area) 

    Layer: met2
      Partial area ratio:    7.88
      Required ratio:    0.00 (Gate area) 
      Cumulative area ratio:    9.32
      Required ratio:    0.00 (Cumulative area) 
      Partial area ratio:   38.93
      Required ratio:  400.00 (Side area) 
      Cumulative area ratio:   45.39
      Required ratio:    0.00 (Cumulative side area) 

    Layer: via2
      Partial area ratio:    0.10
      Required ratio:    6.00 (Gate area) 
      Cumulative area ratio:    0.40
      Required ratio:    0.00 (Cumulative area) 

    Layer: met3
      Partial area ratio:    0.31
      Required ratio:    0.00 (Gate area) 
      Cumulative area ratio:    9.63
      Required ratio:    0.00 (Cumulative area) 
      Partial area ratio:    2.79
      Required ratio:  400.00 (Side area) 
      Cumulative area ratio:   48.19
      Required ratio:    0.00 (Cumulative side area) 

    Layer: via3
      Partial area ratio:    0.10
      Required ratio:    6.00 (Gate area) 
      Cumulative area ratio:    0.50
      Required ratio:    0.00 (Cumulative area) 

    Layer: met4
      Partial area ratio:    3.43
      Required ratio:    0.00 (Gate area) 
      Cumulative area ratio:   13.06
      Required ratio:    0.00 (Cumulative area) 
      Partial area ratio:    9.29
      Required ratio:  400.00 (Side area) 
      Cumulative area ratio:   57.48
      Required ratio:    0.00 (Cumulative side area) 

    Layer: via4
      Partial area ratio:    1.57
      Required ratio:    6.00 (Gate area) 
      Cumulative area ratio:    2.07
      Required ratio:    0.00 (Cumulative area) 

    Layer: met5
      Partial area ratio:   34.57
      Required ratio:    0.00 (Gate area) 
      Cumulative area ratio:   47.63
      Required ratio:    0.00 (Cumulative area) 
      Partial area ratio:   55.58
      Required ratio: 3172.40 (Side area) 
      Cumulative area ratio:  113.06
      Required ratio:    0.00 (Cumulative side area) 


  Pin:   _3842_/B2 (sky130_fd_sc_hd__o22a_2)
    Layer: mcon
      Partial area ratio:    0.12
      Required ratio:    3.00 (Gate area) 
      Cumulative area ratio:    0.12
      Required ratio:    0.00 (Cumulative area) 

    Layer: met1
      Partial area ratio:    2.95
      Required ratio:    0.00 (Gate area) 
      Cumulative area ratio:    2.95
      Required ratio:    0.00 (Cumulative area) 
      Partial area ratio:   13.98
      Required ratio:  400.00 (Side area) 
      Cumulative area ratio:   13.98
      Required ratio:    0.00 (Cumulative side area) 

    Layer: via
      Partial area ratio:    0.18
      Required ratio:    6.00 (Gate area) 
      Cumulative area ratio:    0.30
      Required ratio:    0.00 (Cumulative area) 

    Layer: met2
      Partial area ratio:    8.70
      Required ratio:    0.00 (Gate area) 
      Cumulative area ratio:   11.65
      Required ratio:    0.00 (Cumulative area) 
      Partial area ratio:   42.78
      Required ratio:  400.00 (Side area) 
      Cumulative area ratio:   56.76
      Required ratio:    0.00 (Cumulative side area) 

    Layer: via2
      Partial area ratio:    0.16
      Required ratio:    6.00 (Gate area) 
      Cumulative area ratio:    0.46
      Required ratio:    0.00 (Cumulative area) 

    Layer: met3
      Partial area ratio:    8.86
      Required ratio:    0.00 (Gate area) 
      Cumulative area ratio:   20.51
      Required ratio:    0.00 (Cumulative area) 
      Partial area ratio:   49.16
      Required ratio:  400.00 (Side area) 
      Cumulative area ratio:  105.92
      Required ratio:    0.00 (Cumulative side area) 

    Layer: via3
      Partial area ratio:    0.16
      Required ratio:    6.00 (Gate area) 
      Cumulative area ratio:    0.62
      Required ratio:    0.00 (Cumulative area) 

    Layer: met4
      Partial area ratio:   55.38
      Required ratio:    0.00 (Gate area) 
      Cumulative area ratio:   75.90
      Required ratio:    0.00 (Cumulative area) 
      Partial area ratio:  291.03
      Required ratio: 3172.40 (Side area) 
      Cumulative area ratio:  396.95
      Required ratio:    0.00 (Cumulative side area) 

    Layer: via4
      Partial area ratio:    1.02
      Required ratio:   57.52 (Gate area) 
      Cumulative area ratio:    1.64
      Required ratio:    0.00 (Cumulative area) 

    Layer: met5
      Partial area ratio:   34.57
      Required ratio:    0.00 (Gate area) 
      Cumulative area ratio:  110.47
      Required ratio:    0.00 (Cumulative area) 
      Partial area ratio:   55.58
      Required ratio: 3172.40 (Side area) 
      Cumulative area ratio:  452.53
      Required ratio:    0.00 (Cumulative side area) 


  Pin:   fanout584/A (sky130_fd_sc_hd__dlymetal6s2s_1)
    Layer: mcon
      Partial area ratio:    0.23
      Required ratio:    3.00 (Gate area) 
      Cumulative area ratio:    0.23
      Required ratio:    0.00 (Cumulative area) 

    Layer: met1
      Partial area ratio:   10.70
      Required ratio:    0.00 (Gate area) 
      Cumulative area ratio:   10.70
      Required ratio:    0.00 (Cumulative area) 
      Partial area ratio:   51.18
      Required ratio:  400.00 (Side area) 
      Cumulative area ratio:   51.18
      Required ratio:    0.00 (Cumulative side area) 

    Layer: via
      Partial area ratio:    0.54
      Required ratio:    6.00 (Gate area) 
      Cumulative area ratio:    0.77
      Required ratio:    0.00 (Cumulative area) 

    Layer: met2
      Partial area ratio:    2.30
      Required ratio:    0.00 (Gate area) 
      Cumulative area ratio:   13.01
      Required ratio:    0.00 (Cumulative area) 
      Partial area ratio:   10.44
      Required ratio:  400.00 (Side area) 
      Cumulative area ratio:   61.63
      Required ratio:    0.00 (Cumulative side area) 

    Layer: via2
      Partial area ratio:    0.63
      Required ratio:    6.00 (Gate area) 
      Cumulative area ratio:    1.40
      Required ratio:    0.00 (Cumulative area) 

    Layer: met3
      Partial area ratio:  107.78
      Required ratio:    0.00 (Gate area) 
      Cumulative area ratio:  120.79
      Required ratio:    0.00 (Cumulative area) 
      Partial area ratio:  578.54
      Required ratio:  400.00 (Side area) (VIOLATED)
      Cumulative area ratio:  640.17
      Required ratio:    0.00 (Cumulative side area) 

    Layer: via3
      Partial area ratio:    0.32
      Required ratio:    6.00 (Gate area) 
      Cumulative area ratio:    1.72
      Required ratio:    0.00 (Cumulative area) 

    Layer: met4
      Partial area ratio:   55.38
      Required ratio:    0.00 (Gate area) 
      Cumulative area ratio:  176.17
      Required ratio:    0.00 (Cumulative area) 
      Partial area ratio:  291.03
      Required ratio: 3172.40 (Side area) 
      Cumulative area ratio:  931.20
      Required ratio:    0.00 (Cumulative side area) 

    Layer: via4
      Partial area ratio:    1.02
      Required ratio:   57.52 (Gate area) 
      Cumulative area ratio:    2.74
      Required ratio:    0.00 (Cumulative area) 

    Layer: met5
      Partial area ratio:   34.57
      Required ratio:    0.00 (Gate area) 
      Cumulative area ratio:  210.75
      Required ratio:    0.00 (Cumulative area) 
      Partial area ratio:   55.58
      Required ratio: 3172.40 (Side area) 
      Cumulative area ratio:  986.78
      Required ratio:    0.00 (Cumulative side area) 


  Pin:   fanout588/A (sky130_fd_sc_hd__dlymetal6s2s_1)
    Layer: mcon
      Partial area ratio:    0.23
      Required ratio:    3.00 (Gate area) 
      Cumulative area ratio:    0.23
      Required ratio:    0.00 (Cumulative area) 

    Layer: met1
      Partial area ratio:    6.78
      Required ratio:    0.00 (Gate area) 
      Cumulative area ratio:    6.78
      Required ratio:    0.00 (Cumulative area) 
      Partial area ratio:   32.42
      Required ratio:  400.00 (Side area) 
      Cumulative area ratio:   32.42
      Required ratio:    0.00 (Cumulative side area) 

    Layer: via
      Partial area ratio:    0.36
      Required ratio:    6.00 (Gate area) 
      Cumulative area ratio:    0.59
      Required ratio:    0.00 (Cumulative area) 

    Layer: met2
      Partial area ratio:    9.43
      Required ratio:    0.00 (Gate area) 
      Cumulative area ratio:   16.20
      Required ratio:    0.00 (Cumulative area) 
      Partial area ratio:   45.69
      Required ratio:  400.00 (Side area) 
      Cumulative area ratio:   78.11
      Required ratio:    0.00 (Cumulative side area) 

    Layer: via2
      Partial area ratio:    0.32
      Required ratio:    6.00 (Gate area) 
      Cumulative area ratio:    0.90
      Required ratio:    0.00 (Cumulative area) 

    Layer: met3
      Partial area ratio:  107.78
      Required ratio:    0.00 (Gate area) 
      Cumulative area ratio:  123.99
      Required ratio:    0.00 (Cumulative area) 
      Partial area ratio:  578.54
      Required ratio:  400.00 (Side area) (VIOLATED)
      Cumulative area ratio:  656.65
      Required ratio:    0.00 (Cumulative side area) 

    Layer: via3
      Partial area ratio:    0.32
      Required ratio:    6.00 (Gate area) 
      Cumulative area ratio:    1.22
      Required ratio:    0.00 (Cumulative area) 

    Layer: met4
      Partial area ratio:   55.38
      Required ratio:    0.00 (Gate area) 
      Cumulative area ratio:  179.37
      Required ratio:    0.00 (Cumulative area) 
      Partial area ratio:  291.03
      Required ratio: 3172.40 (Side area) 
      Cumulative area ratio:  947.68
      Required ratio:    0.00 (Cumulative side area) 

    Layer: via4
      Partial area ratio:    1.02
      Required ratio:   57.52 (Gate area) 
      Cumulative area ratio:    2.24
      Required ratio:    0.00 (Cumulative area) 

    Layer: met5
      Partial area ratio:   34.57
      Required ratio:    0.00 (Gate area) 
      Cumulative area ratio:  213.94
      Required ratio:    0.00 (Cumulative area) 
      Partial area ratio:   55.58
      Required ratio: 3172.40 (Side area) 
      Cumulative area ratio: 1003.26
      Required ratio:    0.00 (Cumulative side area) 


  Pin:   fanout592/A (sky130_fd_sc_hd__dlymetal6s2s_1)
    Layer: mcon
      Partial area ratio:    0.23
      Required ratio:    3.00 (Gate area) 
      Cumulative area ratio:    0.23
      Required ratio:    0.00 (Cumulative area) 

    Layer: met1
      Partial area ratio:    3.93
      Required ratio:    0.00 (Gate area) 
      Cumulative area ratio:    3.93
      Required ratio:    0.00 (Cumulative area) 
      Partial area ratio:   18.19
      Required ratio:  400.00 (Side area) 
      Cumulative area ratio:   18.19
      Required ratio:    0.00 (Cumulative side area) 

    Layer: via
      Partial area ratio:    0.36
      Required ratio:    6.00 (Gate area) 
      Cumulative area ratio:    0.59
      Required ratio:    0.00 (Cumulative area) 

    Layer: met2
      Partial area ratio:    1.48
      Required ratio:    0.00 (Gate area) 
      Cumulative area ratio:    5.41
      Required ratio:    0.00 (Cumulative area) 
      Partial area ratio:    6.83
      Required ratio:  400.00 (Side area) 
      Cumulative area ratio:   25.02
      Required ratio:    0.00 (Cumulative side area) 

    Layer: via2
      Partial area ratio:    0.32
      Required ratio:    6.00 (Gate area) 
      Cumulative area ratio:    0.90
      Required ratio:    0.00 (Cumulative area) 

    Layer: met3
      Partial area ratio:   66.70
      Required ratio:    0.00 (Gate area) 
      Cumulative area ratio:   72.11
      Required ratio:    0.00 (Cumulative area) 
      Partial area ratio:  359.43
      Required ratio:  400.00 (Side area) 
      Cumulative area ratio:  384.45
      Required ratio:    0.00 (Cumulative side area) 

    Layer: via3
      Partial area ratio:    0.32
      Required ratio:    6.00 (Gate area) 
      Cumulative area ratio:    1.22
      Required ratio:    0.00 (Cumulative area) 

    Layer: met4
      Partial area ratio:   55.38
      Required ratio:    0.00 (Gate area) 
      Cumulative area ratio:  127.50
      Required ratio:    0.00 (Cumulative area) 
      Partial area ratio:  291.03
      Required ratio: 3172.40 (Side area) 
      Cumulative area ratio:  675.48
      Required ratio:    0.00 (Cumulative side area) 

    Layer: via4
      Partial area ratio:    1.02
      Required ratio:   57.52 (Gate area) 
      Cumulative area ratio:    2.24
      Required ratio:    0.00 (Cumulative area) 

    Layer: met5
      Partial area ratio:   34.57
      Required ratio:    0.00 (Gate area) 
      Cumulative area ratio:  162.07
      Required ratio:    0.00 (Cumulative area) 
      Partial area ratio:   55.58
      Required ratio: 3172.40 (Side area) 
      Cumulative area ratio:  731.06
      Required ratio:    0.00 (Cumulative side area) 


  Pin:   fanout595/A (sky130_fd_sc_hd__buf_2)
    Layer: mcon
      Partial area ratio:    0.18
      Required ratio:    3.00 (Gate area) 
      Cumulative area ratio:    0.18
      Required ratio:    0.00 (Cumulative area) 

    Layer: met1
      Partial area ratio:    4.29
      Required ratio:    0.00 (Gate area) 
      Cumulative area ratio:    4.29
      Required ratio:    0.00 (Cumulative area) 
      Partial area ratio:   20.26
      Required ratio:  400.00 (Side area) 
      Cumulative area ratio:   20.26
      Required ratio:    0.00 (Cumulative side area) 

    Layer: via
      Partial area ratio:    0.28
      Required ratio:    6.00 (Gate area) 
      Cumulative area ratio:    0.46
      Required ratio:    0.00 (Cumulative area) 

    Layer: met2
      Partial area ratio:    7.88
      Required ratio:    0.00 (Gate area) 
      Cumulative area ratio:   12.17
      Required ratio:    0.00 (Cumulative area) 
      Partial area ratio:   38.93
      Required ratio:  400.00 (Side area) 
      Cumulative area ratio:   59.19
      Required ratio:    0.00 (Cumulative side area) 

    Layer: via2
      Partial area ratio:    0.10
      Required ratio:    6.00 (Gate area) 
      Cumulative area ratio:    0.56
      Required ratio:    0.00 (Cumulative area) 

    Layer: met3
      Partial area ratio:    0.31
      Required ratio:    0.00 (Gate area) 
      Cumulative area ratio:   12.47
      Required ratio:    0.00 (Cumulative area) 
      Partial area ratio:    2.79
      Required ratio:  400.00 (Side area) 
      Cumulative area ratio:   61.99
      Required ratio:    0.00 (Cumulative side area) 

    Layer: via3
      Partial area ratio:    0.10
      Required ratio:    6.00 (Gate area) 
      Cumulative area ratio:    0.66
      Required ratio:    0.00 (Cumulative area) 

    Layer: met4
      Partial area ratio:    3.43
      Required ratio:    0.00 (Gate area) 
      Cumulative area ratio:   15.90
      Required ratio:    0.00 (Cumulative area) 
      Partial area ratio:    9.29
      Required ratio:  400.00 (Side area) 
      Cumulative area ratio:   71.27
      Required ratio:    0.00 (Cumulative side area) 

    Layer: via4
      Partial area ratio:    1.57
      Required ratio:    6.00 (Gate area) 
      Cumulative area ratio:    2.24
      Required ratio:    0.00 (Cumulative area) 

    Layer: met5
      Partial area ratio:   34.57
      Required ratio:    0.00 (Gate area) 
      Cumulative area ratio:   50.47
      Required ratio:    0.00 (Cumulative area) 
      Partial area ratio:   55.58
      Required ratio: 3172.40 (Side area) 
      Cumulative area ratio:  126.86
      Required ratio:    0.00 (Cumulative side area) 



Net: _1753_
  Pin:   _3703_/B2 (sky130_fd_sc_hd__a22o_2)
    Layer: mcon
      Partial area ratio:    0.12
      Required ratio:    3.00 (Gate area) 
      Cumulative area ratio:    0.12
      Required ratio:    0.00 (Cumulative area) 

    Layer: met1
      Partial area ratio:    2.24
      Required ratio:    0.00 (Gate area) 
      Cumulative area ratio:    2.24
      Required ratio:    0.00 (Cumulative area) 
      Partial area ratio:   10.44
      Required ratio:  400.00 (Side area) 
      Cumulative area ratio:   10.44
      Required ratio:    0.00 (Cumulative side area) 

    Layer: via
      Partial area ratio:    0.18
      Required ratio:    6.00 (Gate area) 
      Cumulative area ratio:    0.30
      Required ratio:    0.00 (Cumulative area) 

    Layer: met2
      Partial area ratio:    0.75
      Required ratio:    0.00 (Gate area) 
      Cumulative area ratio:    2.99
      Required ratio:    0.00 (Cumulative area) 
      Partial area ratio:    3.48
      Required ratio:  400.00 (Side area) 
      Cumulative area ratio:   13.92
      Required ratio:    0.00 (Cumulative side area) 

    Layer: via2
      Partial area ratio:    0.16
      Required ratio:    6.00 (Gate area) 
      Cumulative area ratio:    0.46
      Required ratio:    0.00 (Cumulative area) 

    Layer: met3
      Partial area ratio:   92.56
      Required ratio:    0.00 (Gate area) 
      Cumulative area ratio:   95.56
      Required ratio:    0.00 (Cumulative area) 
      Partial area ratio:  495.52
      Required ratio:  400.00 (Side area) (VIOLATED)
      Cumulative area ratio:  509.44
      Required ratio:    0.00 (Cumulative side area) 

    Layer: via3
      Partial area ratio:    0.32
      Required ratio:    6.00 (Gate area) 
      Cumulative area ratio:    0.78
      Required ratio:    0.00 (Cumulative area) 

    Layer: met4
      Partial area ratio:   46.48
      Required ratio:    0.00 (Gate area) 
      Cumulative area ratio:  142.04
      Required ratio:    0.00 (Cumulative area) 
      Partial area ratio:  243.62
      Required ratio:  400.00 (Side area) 
      Cumulative area ratio:  753.06
      Required ratio:    0.00 (Cumulative side area) 

    Layer: via4
      Partial area ratio:    0.86
      Required ratio:    6.00 (Gate area) 
      Cumulative area ratio:    1.65
      Required ratio:    0.00 (Cumulative area) 

    Layer: met5
      Partial area ratio:  141.38
      Required ratio:    0.00 (Gate area) 
      Cumulative area ratio:  283.42
      Required ratio:    0.00 (Cumulative area) 
      Partial area ratio:  218.43
      Required ratio: 2778.20 (Side area) 
      Cumulative area ratio:  971.49
      Required ratio:    0.00 (Cumulative side area) 


  Pin:   _3813_/A1 (sky130_fd_sc_hd__a31o_2)
    Layer: mcon
      Partial area ratio:    0.12
      Required ratio:    3.00 (Gate area) 
      Cumulative area ratio:    0.12
      Required ratio:    0.00 (Cumulative area) 

    Layer: met1
      Partial area ratio:    2.01
      Required ratio:    0.00 (Gate area) 
      Cumulative area ratio:    2.01
      Required ratio:    0.00 (Cumulative area) 
      Partial area ratio:    9.28
      Required ratio:  400.00 (Side area) 
      Cumulative area ratio:    9.28
      Required ratio:    0.00 (Cumulative side area) 

    Layer: via
      Partial area ratio:    0.18
      Required ratio:    6.00 (Gate area) 
      Cumulative area ratio:    0.30
      Required ratio:    0.00 (Cumulative area) 

    Layer: met2
      Partial area ratio:    0.75
      Required ratio:    0.00 (Gate area) 
      Cumulative area ratio:    2.76
      Required ratio:    0.00 (Cumulative area) 
      Partial area ratio:    3.48
      Required ratio:  400.00 (Side area) 
      Cumulative area ratio:   12.76
      Required ratio:    0.00 (Cumulative side area) 

    Layer: via2
      Partial area ratio:    0.16
      Required ratio:    6.00 (Gate area) 
      Cumulative area ratio:    0.46
      Required ratio:    0.00 (Cumulative area) 

    Layer: met3
      Partial area ratio:    8.86
      Required ratio:    0.00 (Gate area) 
      Cumulative area ratio:   11.63
      Required ratio:    0.00 (Cumulative area) 
      Partial area ratio:   49.16
      Required ratio:  400.00 (Side area) 
      Cumulative area ratio:   61.92
      Required ratio:    0.00 (Cumulative side area) 

    Layer: via3
      Partial area ratio:    0.16
      Required ratio:    6.00 (Gate area) 
      Cumulative area ratio:    0.62
      Required ratio:    0.00 (Cumulative area) 

    Layer: met4
      Partial area ratio:   46.48
      Required ratio:    0.00 (Gate area) 
      Cumulative area ratio:   58.11
      Required ratio:    0.00 (Cumulative area) 
      Partial area ratio:  243.62
      Required ratio:  400.00 (Side area) 
      Cumulative area ratio:  305.55
      Required ratio:    0.00 (Cumulative side area) 

    Layer: via4
      Partial area ratio:    0.86
      Required ratio:    6.00 (Gate area) 
      Cumulative area ratio:    1.48
      Required ratio:    0.00 (Cumulative area) 

    Layer: met5
      Partial area ratio:  141.38
      Required ratio:    0.00 (Gate area) 
      Cumulative area ratio:  199.49
      Required ratio:    0.00 (Cumulative area) 
      Partial area ratio:  218.43
      Required ratio: 2778.20 (Side area) 
      Cumulative area ratio:  523.98
      Required ratio:    0.00 (Cumulative side area) 


  Pin:   _3945_/A1 (sky130_fd_sc_hd__a32o_2)
    Layer: mcon
      Partial area ratio:    0.12
      Required ratio:    3.00 (Gate area) 
      Cumulative area ratio:    0.12
      Required ratio:    0.00 (Cumulative area) 

    Layer: met1
      Partial area ratio:    3.70
      Required ratio:    0.00 (Gate area) 
      Cumulative area ratio:    3.70
      Required ratio:    0.00 (Cumulative area) 
      Partial area ratio:   17.75
      Required ratio:  400.00 (Side area) 
      Cumulative area ratio:   17.75
      Required ratio:    0.00 (Cumulative side area) 

    Layer: via
      Partial area ratio:    0.18
      Required ratio:    6.00 (Gate area) 
      Cumulative area ratio:    0.30
      Required ratio:    0.00 (Cumulative area) 

    Layer: met2
      Partial area ratio:    0.75
      Required ratio:    0.00 (Gate area) 
      Cumulative area ratio:    4.46
      Required ratio:    0.00 (Cumulative area) 
      Partial area ratio:    3.48
      Required ratio:  400.00 (Side area) 
      Cumulative area ratio:   21.23
      Required ratio:    0.00 (Cumulative side area) 

    Layer: via2
      Partial area ratio:    0.16
      Required ratio:    6.00 (Gate area) 
      Cumulative area ratio:    0.46
      Required ratio:    0.00 (Cumulative area) 

    Layer: met3
      Partial area ratio:    0.50
      Required ratio:    0.00 (Gate area) 
      Cumulative area ratio:    4.96
      Required ratio:    0.00 (Cumulative area) 
      Partial area ratio:    4.59
      Required ratio:  400.00 (Side area) 
      Cumulative area ratio:   25.82
      Required ratio:    0.00 (Cumulative side area) 

    Layer: via3
      Partial area ratio:    0.16
      Required ratio:    6.00 (Gate area) 
      Cumulative area ratio:    0.62
      Required ratio:    0.00 (Cumulative area) 

    Layer: met4
      Partial area ratio:   46.48
      Required ratio:    0.00 (Gate area) 
      Cumulative area ratio:   51.44
      Required ratio:    0.00 (Cumulative area) 
      Partial area ratio:  243.62
      Required ratio:  400.00 (Side area) 
      Cumulative area ratio:  269.44
      Required ratio:    0.00 (Cumulative side area) 

    Layer: via4
      Partial area ratio:    0.86
      Required ratio:    6.00 (Gate area) 
      Cumulative area ratio:    1.48
      Required ratio:    0.00 (Cumulative area) 

    Layer: met5
      Partial area ratio:  141.38
      Required ratio:    0.00 (Gate area) 
      Cumulative area ratio:  192.83
      Required ratio:    0.00 (Cumulative area) 
      Partial area ratio:  218.43
      Required ratio: 2778.20 (Side area) 
      Cumulative area ratio:  487.88
      Required ratio:    0.00 (Cumulative side area) 


  Pin:   fanout575/A (sky130_fd_sc_hd__dlymetal6s2s_1)
    Layer: mcon
      Partial area ratio:    0.23
      Required ratio:    3.00 (Gate area) 
      Cumulative area ratio:    0.23
      Required ratio:    0.00 (Cumulative area) 

    Layer: met1
      Partial area ratio:    7.82
      Required ratio:    0.00 (Gate area) 
      Cumulative area ratio:    7.82
      Required ratio:    0.00 (Cumulative area) 
      Partial area ratio:   37.61
      Required ratio:  400.00 (Side area) 
      Cumulative area ratio:   37.61
      Required ratio:    0.00 (Cumulative side area) 

    Layer: via
      Partial area ratio:    0.36
      Required ratio:    6.00 (Gate area) 
      Cumulative area ratio:    0.59
      Required ratio:    0.00 (Cumulative area) 

    Layer: met2
      Partial area ratio:    1.48
      Required ratio:    0.00 (Gate area) 
      Cumulative area ratio:    9.30
      Required ratio:    0.00 (Cumulative area) 
      Partial area ratio:    6.83
      Required ratio:  400.00 (Side area) 
      Cumulative area ratio:   44.44
      Required ratio:    0.00 (Cumulative side area) 

    Layer: via2
      Partial area ratio:    0.32
      Required ratio:    6.00 (Gate area) 
      Cumulative area ratio:    0.90
      Required ratio:    0.00 (Cumulative area) 

    Layer: met3
      Partial area ratio:   30.91
      Required ratio:    0.00 (Gate area) 
      Cumulative area ratio:   40.21
      Required ratio:    0.00 (Cumulative area) 
      Partial area ratio:  166.21
      Required ratio:  400.00 (Side area) 
      Cumulative area ratio:  210.65
      Required ratio:    0.00 (Cumulative side area) 

    Layer: via3
      Partial area ratio:    0.12
      Required ratio:    6.00 (Gate area) 
      Cumulative area ratio:    1.02
      Required ratio:    0.00 (Cumulative area) 

    Layer: met4
      Partial area ratio:  107.92
      Required ratio:    0.00 (Gate area) 
      Cumulative area ratio:  148.12
      Required ratio:    0.00 (Cumulative area) 
      Partial area ratio:  566.16
      Required ratio: 2778.20 (Side area) 
      Cumulative area ratio:  776.81
      Required ratio:    0.00 (Cumulative side area) 

    Layer: via4
      Partial area ratio:    1.89
      Required ratio:   22.04 (Gate area) 
      Cumulative area ratio:    2.91
      Required ratio:    0.00 (Cumulative area) 

    Layer: met5
      Partial area ratio:  141.38
      Required ratio:    0.00 (Gate area) 
      Cumulative area ratio:  289.50
      Required ratio:    0.00 (Cumulative area) 
      Partial area ratio:  218.43
      Required ratio: 2778.20 (Side area) 
      Cumulative area ratio:  995.25
      Required ratio:    0.00 (Cumulative side area) 


  Pin:   fanout576/A (sky130_fd_sc_hd__dlymetal6s4s_1)
    Layer: mcon
      Partial area ratio:    0.23
      Required ratio:    3.00 (Gate area) 
      Cumulative area ratio:    0.23
      Required ratio:    0.00 (Cumulative area) 

    Layer: met1
      Partial area ratio:    6.91
      Required ratio:    0.00 (Gate area) 
      Cumulative area ratio:    6.91
      Required ratio:    0.00 (Cumulative area) 
      Partial area ratio:   33.08
      Required ratio:  400.00 (Side area) 
      Cumulative area ratio:   33.08
      Required ratio:    0.00 (Cumulative side area) 

    Layer: via
      Partial area ratio:    0.36
      Required ratio:    6.00 (Gate area) 
      Cumulative area ratio:    0.59
      Required ratio:    0.00 (Cumulative area) 

    Layer: met2
      Partial area ratio:    1.48
      Required ratio:    0.00 (Gate area) 
      Cumulative area ratio:    8.39
      Required ratio:    0.00 (Cumulative area) 
      Partial area ratio:    6.83
      Required ratio:  400.00 (Side area) 
      Cumulative area ratio:   39.91
      Required ratio:    0.00 (Cumulative side area) 

    Layer: via2
      Partial area ratio:    0.32
      Required ratio:    6.00 (Gate area) 
      Cumulative area ratio:    0.90
      Required ratio:    0.00 (Cumulative area) 

    Layer: met3
      Partial area ratio:   83.13
      Required ratio:    0.00 (Gate area) 
      Cumulative area ratio:   91.52
      Required ratio:    0.00 (Cumulative area) 
      Partial area ratio:  447.05
      Required ratio:  400.00 (Side area) (VIOLATED)
      Cumulative area ratio:  486.96
      Required ratio:    0.00 (Cumulative side area) 

    Layer: via3
      Partial area ratio:    0.32
      Required ratio:    6.00 (Gate area) 
      Cumulative area ratio:    1.22
      Required ratio:    0.00 (Cumulative area) 

    Layer: met4
      Partial area ratio:  251.17
      Required ratio:    0.00 (Gate area) 
      Cumulative area ratio:  342.69
      Required ratio:    0.00 (Cumulative area) 
      Partial area ratio: 1281.59
      Required ratio:  400.00 (Side area) (VIOLATED)
      Cumulative area ratio: 1768.55
      Required ratio:    0.00 (Cumulative side area) 

    Layer: via4
      Partial area ratio:   10.16
      Required ratio:    6.00 (Gate area) (VIOLATED)

    Layer: met5
      Partial area ratio:  141.38
      Required ratio:    0.00 (Gate area) 
      Cumulative area ratio:  484.07
      Required ratio:    0.00 (Cumulative area) 
      Partial area ratio:  218.43
      Required ratio: 2778.20 (Side area) 
      Cumulative area ratio: 1986.98
      Required ratio:    0.00 (Cumulative side area) 


  Pin:   fanout577/A (sky130_fd_sc_hd__clkdlybuf4s15_2)
    Layer: mcon
      Partial area ratio:    0.14
      Required ratio:    3.00 (Gate area) 
      Cumulative area ratio:    0.14
      Required ratio:    0.00 (Cumulative area) 

    Layer: met1
      Partial area ratio:    2.25
      Required ratio:    0.00 (Gate area) 
      Cumulative area ratio:    2.25
      Required ratio:    0.00 (Cumulative area) 
      Partial area ratio:   10.36
      Required ratio:  400.00 (Side area) 
      Cumulative area ratio:   10.36
      Required ratio:    0.00 (Cumulative side area) 

    Layer: via
      Partial area ratio:    0.21
      Required ratio:    6.00 (Gate area) 
      Cumulative area ratio:    0.35
      Required ratio:    0.00 (Cumulative area) 

    Layer: met2
      Partial area ratio:    0.88
      Required ratio:    0.00 (Gate area) 
      Cumulative area ratio:    3.12
      Required ratio:    0.00 (Cumulative area) 
      Partial area ratio:    4.04
      Required ratio:  400.00 (Side area) 
      Cumulative area ratio:   14.40
      Required ratio:    0.00 (Cumulative side area) 

    Layer: via2
      Partial area ratio:    0.19
      Required ratio:    6.00 (Gate area) 
      Cumulative area ratio:    0.53
      Required ratio:    0.00 (Cumulative area) 

    Layer: met3
      Partial area ratio:   30.91
      Required ratio:    0.00 (Gate area) 
      Cumulative area ratio:   34.03
      Required ratio:    0.00 (Cumulative area) 
      Partial area ratio:  166.21
      Required ratio:  400.00 (Side area) 
      Cumulative area ratio:  180.61
      Required ratio:    0.00 (Cumulative side area) 

    Layer: via3
      Partial area ratio:    0.12
      Required ratio:    6.00 (Gate area) 
      Cumulative area ratio:    0.65
      Required ratio:    0.00 (Cumulative area) 

    Layer: met4
      Partial area ratio:  107.92
      Required ratio:    0.00 (Gate area) 
      Cumulative area ratio:  141.95
      Required ratio:    0.00 (Cumulative area) 
      Partial area ratio:  566.16
      Required ratio: 2778.20 (Side area) 
      Cumulative area ratio:  746.77
      Required ratio:    0.00 (Cumulative side area) 

    Layer: via4
      Partial area ratio:    1.89
      Required ratio:   22.04 (Gate area) 
      Cumulative area ratio:    2.54
      Required ratio:    0.00 (Cumulative area) 

    Layer: met5
      Partial area ratio:  141.38
      Required ratio:    0.00 (Gate area) 
      Cumulative area ratio:  283.33
      Required ratio:    0.00 (Cumulative area) 
      Partial area ratio:  218.43
      Required ratio: 2778.20 (Side area) 
      Cumulative area ratio:  965.20
      Required ratio:    0.00 (Cumulative side area) 



Net: _2426_
  Pin:   fanout527/A (sky130_fd_sc_hd__clkdlybuf4s25_1)
    Layer: mcon
      Partial area ratio:    0.14
      Required ratio:    3.00 (Gate area) 
      Cumulative area ratio:    0.14
      Required ratio:    0.00 (Cumulative area) 

    Layer: met1
      Partial area ratio:    3.40
      Required ratio:    0.00 (Gate area) 
      Cumulative area ratio:    3.40
      Required ratio:    0.00 (Cumulative area) 
      Partial area ratio:   16.11
      Required ratio:  400.00 (Side area) 
      Cumulative area ratio:   16.11
      Required ratio:    0.00 (Cumulative side area) 

    Layer: via
      Partial area ratio:    0.21
      Required ratio:    6.00 (Gate area) 
      Cumulative area ratio:    0.35
      Required ratio:    0.00 (Cumulative area) 

    Layer: met2
      Partial area ratio:   10.11
      Required ratio:    0.00 (Gate area) 
      Cumulative area ratio:   13.51
      Required ratio:    0.00 (Cumulative area) 
      Partial area ratio:   49.71
      Required ratio:  400.00 (Side area) 
      Cumulative area ratio:   65.82
      Required ratio:    0.00 (Cumulative side area) 

    Layer: via2
      Partial area ratio:    0.19
      Required ratio:    6.00 (Gate area) 
      Cumulative area ratio:    0.53
      Required ratio:    0.00 (Cumulative area) 

    Layer: met3
      Partial area ratio:  195.55
      Required ratio:    0.00 (Gate area) 
      Cumulative area ratio:  209.05
      Required ratio:    0.00 (Cumulative area) 
      Partial area ratio: 1047.29
      Required ratio:  400.00 (Side area) (VIOLATED)
      Cumulative area ratio: 1113.10
      Required ratio:    0.00 (Cumulative side area) 

    Layer: via3
      Partial area ratio:    0.38
      Required ratio:    6.00 (Gate area) 
      Cumulative area ratio:    0.91
      Required ratio:    0.00 (Cumulative area) 

    Layer: met4
      Partial area ratio:   32.95
      Required ratio:    0.00 (Gate area) 
      Cumulative area ratio:  242.01
      Required ratio:    0.00 (Cumulative area) 
      Partial area ratio:  177.95
      Required ratio: 2848.40 (Side area) 
      Cumulative area ratio: 1291.06
      Required ratio:    0.00 (Cumulative side area) 


  Pin:   fanout529/A (sky130_fd_sc_hd__clkdlybuf4s25_1)
    Layer: mcon
      Partial area ratio:    0.14
      Required ratio:    3.00 (Gate area) 
      Cumulative area ratio:    0.14
      Required ratio:    0.00 (Cumulative area) 

    Layer: met1
      Partial area ratio:    2.74
      Required ratio:    0.00 (Gate area) 
      Cumulative area ratio:    2.74
      Required ratio:    0.00 (Cumulative area) 
      Partial area ratio:   12.84
      Required ratio:  400.00 (Side area) 
      Cumulative area ratio:   12.84
      Required ratio:    0.00 (Cumulative side area) 

    Layer: via
      Partial area ratio:    0.21
      Required ratio:    6.00 (Gate area) 
      Cumulative area ratio:    0.35
      Required ratio:    0.00 (Cumulative area) 

    Layer: met2
      Partial area ratio:    0.88
      Required ratio:    0.00 (Gate area) 
      Cumulative area ratio:    3.62
      Required ratio:    0.00 (Cumulative area) 
      Partial area ratio:    4.04
      Required ratio:  400.00 (Side area) 
      Cumulative area ratio:   16.89
      Required ratio:    0.00 (Cumulative side area) 

    Layer: via2
      Partial area ratio:    0.19
      Required ratio:    6.00 (Gate area) 
      Cumulative area ratio:    0.53
      Required ratio:    0.00 (Cumulative area) 

    Layer: met3
      Partial area ratio:    0.59
      Required ratio:    0.00 (Gate area) 
      Cumulative area ratio:    4.21
      Required ratio:    0.00 (Cumulative area) 
      Partial area ratio:    5.33
      Required ratio:  400.00 (Side area) 
      Cumulative area ratio:   22.22
      Required ratio:    0.00 (Cumulative side area) 

    Layer: via3
      Partial area ratio:    0.19
      Required ratio:    6.00 (Gate area) 
      Cumulative area ratio:    0.72
      Required ratio:    0.00 (Cumulative area) 

    Layer: met4
      Partial area ratio:   32.95
      Required ratio:    0.00 (Gate area) 
      Cumulative area ratio:   37.16
      Required ratio:    0.00 (Cumulative area) 
      Partial area ratio:  177.95
      Required ratio: 2848.40 (Side area) 
      Cumulative area ratio:  200.17
      Required ratio:    0.00 (Cumulative side area) 


  Pin:   fanout532/A (sky130_fd_sc_hd__clkdlybuf4s25_1)
    Layer: mcon
      Partial area ratio:    0.14
      Required ratio:    3.00 (Gate area) 
      Cumulative area ratio:    0.14
      Required ratio:    0.00 (Cumulative area) 

    Layer: met1
      Partial area ratio:    3.12
      Required ratio:    0.00 (Gate area) 
      Cumulative area ratio:    3.12
      Required ratio:    0.00 (Cumulative area) 
      Partial area ratio:   14.75
      Required ratio:  400.00 (Side area) 
      Cumulative area ratio:   14.75
      Required ratio:    0.00 (Cumulative side area) 

    Layer: via
      Partial area ratio:    0.21
      Required ratio:    6.00 (Gate area) 
      Cumulative area ratio:    0.35
      Required ratio:    0.00 (Cumulative area) 

    Layer: met2
      Partial area ratio:    5.97
      Required ratio:    0.00 (Gate area) 
      Cumulative area ratio:    9.09
      Required ratio:    0.00 (Cumulative area) 
      Partial area ratio:   28.94
      Required ratio: 2848.40 (Side area) 
      Cumulative area ratio:   43.69
      Required ratio:    0.00 (Cumulative side area) 

    Layer: via2
      Partial area ratio:    0.19
      Required ratio:   28.36 (Gate area) 
      Cumulative area ratio:    0.53
      Required ratio:    0.00 (Cumulative area) 

    Layer: met3
      Partial area ratio:    0.59
      Required ratio:    0.00 (Gate area) 
      Cumulative area ratio:    9.68
      Required ratio:    0.00 (Cumulative area) 
      Partial area ratio:    5.33
      Required ratio: 2848.40 (Side area) 
      Cumulative area ratio:   49.02
      Required ratio:    0.00 (Cumulative side area) 

    Layer: via3
      Partial area ratio:    0.19
      Required ratio:   28.36 (Gate area) 
      Cumulative area ratio:    0.72
      Required ratio:    0.00 (Cumulative area) 

    Layer: met4
      Partial area ratio:   32.95
      Required ratio:    0.00 (Gate area) 
      Cumulative area ratio:   42.63
      Required ratio:    0.00 (Cumulative area) 
      Partial area ratio:  177.95
      Required ratio: 2848.40 (Side area) 
      Cumulative area ratio:  226.97
      Required ratio:    0.00 (Cumulative side area) 



Net: _2448_
  Pin:   fanout461/A (sky130_fd_sc_hd__clkdlybuf4s25_1)
    Layer: mcon
      Partial area ratio:    0.14
      Required ratio:    3.00 (Gate area) 
      Cumulative area ratio:    0.14
      Required ratio:    0.00 (Cumulative area) 

    Layer: met1
      Partial area ratio:    3.34
      Required ratio:    0.00 (Gate area) 
      Cumulative area ratio:    3.34
      Required ratio:    0.00 (Cumulative area) 
      Partial area ratio:   15.85
      Required ratio:  400.00 (Side area) 
      Cumulative area ratio:   15.85
      Required ratio:    0.00 (Cumulative side area) 

    Layer: via
      Partial area ratio:    0.21
      Required ratio:    6.00 (Gate area) 
      Cumulative area ratio:    0.35
      Required ratio:    0.00 (Cumulative area) 

    Layer: met2
      Partial area ratio:   10.11
      Required ratio:    0.00 (Gate area) 
      Cumulative area ratio:   13.45
      Required ratio:    0.00 (Cumulative area) 
      Partial area ratio:   49.71
      Required ratio:  400.00 (Side area) 
      Cumulative area ratio:   65.55
      Required ratio:    0.00 (Cumulative side area) 

    Layer: via2
      Partial area ratio:    0.19
      Required ratio:    6.00 (Gate area) 
      Cumulative area ratio:    0.53
      Required ratio:    0.00 (Cumulative area) 

    Layer: met3
      Partial area ratio:  126.96
      Required ratio:    0.00 (Gate area) 
      Cumulative area ratio:  140.41
      Required ratio:    0.00 (Cumulative area) 
      Partial area ratio:  679.29
      Required ratio:  400.00 (Side area) (VIOLATED)
      Cumulative area ratio:  744.84
      Required ratio:    0.00 (Cumulative side area) 

    Layer: via3
      Partial area ratio:    0.38
      Required ratio:    6.00 (Gate area) 
      Cumulative area ratio:    0.91
      Required ratio:    0.00 (Cumulative area) 

    Layer: met4
      Partial area ratio:   42.14
      Required ratio:    0.00 (Gate area) 
      Cumulative area ratio:  182.56
      Required ratio:    0.00 (Cumulative area) 
      Partial area ratio:  217.30
      Required ratio: 2848.40 (Side area) 
      Cumulative area ratio:  962.14
      Required ratio:    0.00 (Cumulative side area) 

    Layer: via4
      Partial area ratio:    1.50
      Required ratio:   28.36 (Gate area) 
      Cumulative area ratio:    2.41
      Required ratio:    0.00 (Cumulative area) 

    Layer: met5
      Partial area ratio:  106.67
      Required ratio:    0.00 (Gate area) 
      Cumulative area ratio:  289.23
      Required ratio:    0.00 (Cumulative area) 
      Partial area ratio:  164.51
      Required ratio: 2848.40 (Side area) 
      Cumulative area ratio: 1126.64
      Required ratio:    0.00 (Cumulative side area) 


  Pin:   fanout463/A (sky130_fd_sc_hd__clkdlybuf4s25_1)
    Layer: mcon
      Partial area ratio:    0.14
      Required ratio:    3.00 (Gate area) 
      Cumulative area ratio:    0.14
      Required ratio:    0.00 (Cumulative area) 

    Layer: met1
      Partial area ratio:    3.63
      Required ratio:    0.00 (Gate area) 
      Cumulative area ratio:    3.63
      Required ratio:    0.00 (Cumulative area) 
      Partial area ratio:   17.30
      Required ratio:  400.00 (Side area) 
      Cumulative area ratio:   17.30
      Required ratio:    0.00 (Cumulative side area) 

    Layer: via
      Partial area ratio:    0.21
      Required ratio:    6.00 (Gate area) 
      Cumulative area ratio:    0.35
      Required ratio:    0.00 (Cumulative area) 

    Layer: met2
      Partial area ratio:   10.50
      Required ratio:    0.00 (Gate area) 
      Cumulative area ratio:   14.14
      Required ratio:    0.00 (Cumulative area) 
      Partial area ratio:   51.61
      Required ratio: 2848.40 (Side area) 
      Cumulative area ratio:   68.91
      Required ratio:    0.00 (Cumulative side area) 

    Layer: via2
      Partial area ratio:    0.19
      Required ratio:   28.36 (Gate area) 
      Cumulative area ratio:    0.53
      Required ratio:    0.00 (Cumulative area) 

    Layer: met3
      Partial area ratio:    0.59
      Required ratio:    0.00 (Gate area) 
      Cumulative area ratio:   14.72
      Required ratio:    0.00 (Cumulative area) 
      Partial area ratio:    5.33
      Required ratio: 2848.40 (Side area) 
      Cumulative area ratio:   74.24
      Required ratio:    0.00 (Cumulative side area) 

    Layer: via3
      Partial area ratio:    0.19
      Required ratio:   28.36 (Gate area) 
      Cumulative area ratio:    0.72
      Required ratio:    0.00 (Cumulative area) 

    Layer: met4
      Partial area ratio:   42.14
      Required ratio:    0.00 (Gate area) 
      Cumulative area ratio:   56.87
      Required ratio:    0.00 (Cumulative area) 
      Partial area ratio:  217.30
      Required ratio: 2848.40 (Side area) 
      Cumulative area ratio:  291.54
      Required ratio:    0.00 (Cumulative side area) 

    Layer: via4
      Partial area ratio:    1.50
      Required ratio:   28.36 (Gate area) 
      Cumulative area ratio:    2.22
      Required ratio:    0.00 (Cumulative area) 

    Layer: met5
      Partial area ratio:  106.67
      Required ratio:    0.00 (Gate area) 
      Cumulative area ratio:  163.53
      Required ratio:    0.00 (Cumulative area) 
      Partial area ratio:  164.51
      Required ratio: 2848.40 (Side area) 
      Cumulative area ratio:  456.05
      Required ratio:    0.00 (Cumulative side area) 


  Pin:   fanout464/A (sky130_fd_sc_hd__clkdlybuf4s25_1)
    Layer: mcon
      Partial area ratio:    0.14
      Required ratio:    3.00 (Gate area) 
      Cumulative area ratio:    0.14
      Required ratio:    0.00 (Cumulative area) 

    Layer: met1
      Partial area ratio:    3.98
      Required ratio:    0.00 (Gate area) 
      Cumulative area ratio:    3.98
      Required ratio:    0.00 (Cumulative area) 
      Partial area ratio:   19.01
      Required ratio:  400.00 (Side area) 
      Cumulative area ratio:   19.01
      Required ratio:    0.00 (Cumulative side area) 

    Layer: via
      Partial area ratio:    0.21
      Required ratio:    6.00 (Gate area) 
      Cumulative area ratio:    0.35
      Required ratio:    0.00 (Cumulative area) 

    Layer: met2
      Partial area ratio:    0.88
      Required ratio:    0.00 (Gate area) 
      Cumulative area ratio:    4.85
      Required ratio:    0.00 (Cumulative area) 
      Partial area ratio:    4.04
      Required ratio:  400.00 (Side area) 
      Cumulative area ratio:   23.05
      Required ratio:    0.00 (Cumulative side area) 

    Layer: via2
      Partial area ratio:    0.19
      Required ratio:    6.00 (Gate area) 
      Cumulative area ratio:    0.53
      Required ratio:    0.00 (Cumulative area) 

    Layer: met3
      Partial area ratio:    0.59
      Required ratio:    0.00 (Gate area) 
      Cumulative area ratio:    5.44
      Required ratio:    0.00 (Cumulative area) 
      Partial area ratio:    5.33
      Required ratio:  400.00 (Side area) 
      Cumulative area ratio:   28.38
      Required ratio:    0.00 (Cumulative side area) 

    Layer: via3
      Partial area ratio:    0.19
      Required ratio:    6.00 (Gate area) 
      Cumulative area ratio:    0.72
      Required ratio:    0.00 (Cumulative area) 

    Layer: met4
      Partial area ratio:   71.58
      Required ratio:    0.00 (Gate area) 
      Cumulative area ratio:   77.02
      Required ratio:    0.00 (Cumulative area) 
      Partial area ratio:  375.38
      Required ratio:  400.00 (Side area) 
      Cumulative area ratio:  403.76
      Required ratio:    0.00 (Cumulative side area) 

    Layer: via4
      Partial area ratio:    1.50
      Required ratio:    6.00 (Gate area) 
      Cumulative area ratio:    2.22
      Required ratio:    0.00 (Cumulative area) 

    Layer: met5
      Partial area ratio:  106.67
      Required ratio:    0.00 (Gate area) 
      Cumulative area ratio:  183.68
      Required ratio:    0.00 (Cumulative area) 
      Partial area ratio:  164.51
      Required ratio: 2848.40 (Side area) 
      Cumulative area ratio:  568.27
      Required ratio:    0.00 (Cumulative side area) 


  Pin:   fanout466/A (sky130_fd_sc_hd__clkdlybuf4s25_1)
    Layer: mcon
      Partial area ratio:    0.14
      Required ratio:    3.00 (Gate area) 
      Cumulative area ratio:    0.14
      Required ratio:    0.00 (Cumulative area) 

    Layer: met1
      Partial area ratio:    3.11
      Required ratio:    0.00 (Gate area) 
      Cumulative area ratio:    3.11
      Required ratio:    0.00 (Cumulative area) 
      Partial area ratio:   14.67
      Required ratio:  400.00 (Side area) 
      Cumulative area ratio:   14.67
      Required ratio:    0.00 (Cumulative side area) 

    Layer: via
      Partial area ratio:    0.21
      Required ratio:    6.00 (Gate area) 
      Cumulative area ratio:    0.35
      Required ratio:    0.00 (Cumulative area) 

    Layer: met2
      Partial area ratio:    0.88
      Required ratio:    0.00 (Gate area) 
      Cumulative area ratio:    3.98
      Required ratio:    0.00 (Cumulative area) 
      Partial area ratio:    4.04
      Required ratio:  400.00 (Side area) 
      Cumulative area ratio:   18.71
      Required ratio:    0.00 (Cumulative side area) 

    Layer: via2
      Partial area ratio:    0.19
      Required ratio:    6.00 (Gate area) 
      Cumulative area ratio:    0.53
      Required ratio:    0.00 (Cumulative area) 

    Layer: met3
      Partial area ratio:    0.59
      Required ratio:    0.00 (Gate area) 
      Cumulative area ratio:    4.57
      Required ratio:    0.00 (Cumulative area) 
      Partial area ratio:    5.33
      Required ratio:  400.00 (Side area) 
      Cumulative area ratio:   24.04
      Required ratio:    0.00 (Cumulative side area) 

    Layer: via3
      Partial area ratio:    0.19
      Required ratio:    6.00 (Gate area) 
      Cumulative area ratio:    0.72
      Required ratio:    0.00 (Cumulative area) 

    Layer: met4
      Partial area ratio:   71.58
      Required ratio:    0.00 (Gate area) 
      Cumulative area ratio:   76.15
      Required ratio:    0.00 (Cumulative area) 
      Partial area ratio:  375.38
      Required ratio:  400.00 (Side area) 
      Cumulative area ratio:  399.42
      Required ratio:    0.00 (Cumulative side area) 

    Layer: via4
      Partial area ratio:    1.50
      Required ratio:    6.00 (Gate area) 
      Cumulative area ratio:    2.22
      Required ratio:    0.00 (Cumulative area) 

    Layer: met5
      Partial area ratio:  106.67
      Required ratio:    0.00 (Gate area) 
      Cumulative area ratio:  182.82
      Required ratio:    0.00 (Cumulative area) 
      Partial area ratio:  164.51
      Required ratio: 2848.40 (Side area) 
      Cumulative area ratio:  563.93
      Required ratio:    0.00 (Cumulative side area) 



Net: _2465_
  Pin:   fanout413/A (sky130_fd_sc_hd__clkdlybuf4s25_1)
    Layer: mcon
      Partial area ratio:    0.14
      Required ratio:    3.00 (Gate area) 
      Cumulative area ratio:    0.14
      Required ratio:    0.00 (Cumulative area) 

    Layer: met1
      Partial area ratio:    3.14
      Required ratio:    0.00 (Gate area) 
      Cumulative area ratio:    3.14
      Required ratio:    0.00 (Cumulative area) 
      Partial area ratio:   14.82
      Required ratio:  400.00 (Side area) 
      Cumulative area ratio:   14.82
      Required ratio:    0.00 (Cumulative side area) 

    Layer: via
      Partial area ratio:    0.21
      Required ratio:    6.00 (Gate area) 
      Cumulative area ratio:    0.35
      Required ratio:    0.00 (Cumulative area) 

    Layer: met2
      Partial area ratio:   10.11
      Required ratio:    0.00 (Gate area) 
      Cumulative area ratio:   13.25
      Required ratio:    0.00 (Cumulative area) 
      Partial area ratio:   49.71
      Required ratio:  400.00 (Side area) 
      Cumulative area ratio:   64.52
      Required ratio:    0.00 (Cumulative side area) 

    Layer: via2
      Partial area ratio:    0.19
      Required ratio:    6.00 (Gate area) 
      Cumulative area ratio:    0.53
      Required ratio:    0.00 (Cumulative area) 

    Layer: met3
      Partial area ratio:   69.17
      Required ratio:    0.00 (Gate area) 
      Cumulative area ratio:   82.42
      Required ratio:    0.00 (Cumulative area) 
      Partial area ratio:  373.33
      Required ratio: 2848.40 (Side area) 
      Cumulative area ratio:  437.85
      Required ratio:    0.00 (Cumulative side area) 

    Layer: via3
      Partial area ratio:    0.19
      Required ratio:   28.36 (Gate area) 
      Cumulative area ratio:    0.72
      Required ratio:    0.00 (Cumulative area) 

    Layer: met4
      Partial area ratio:   17.43
      Required ratio:    0.00 (Gate area) 
      Cumulative area ratio:   99.85
      Required ratio:    0.00 (Cumulative area) 
      Partial area ratio:   94.59
      Required ratio: 2848.40 (Side area) 
      Cumulative area ratio:  532.45
      Required ratio:    0.00 (Cumulative side area) 


  Pin:   fanout415/A (sky130_fd_sc_hd__clkdlybuf4s25_1)
    Layer: mcon
      Partial area ratio:    0.14
      Required ratio:    3.00 (Gate area) 
      Cumulative area ratio:    0.14
      Required ratio:    0.00 (Cumulative area) 

    Layer: met1
      Partial area ratio:    4.48
      Required ratio:    0.00 (Gate area) 
      Cumulative area ratio:    4.48
      Required ratio:    0.00 (Cumulative area) 
      Partial area ratio:   21.55
      Required ratio:  400.00 (Side area) 
      Cumulative area ratio:   21.55
      Required ratio:    0.00 (Cumulative side area) 

    Layer: via
      Partial area ratio:    0.21
      Required ratio:    6.00 (Gate area) 
      Cumulative area ratio:    0.35
      Required ratio:    0.00 (Cumulative area) 

    Layer: met2
      Partial area ratio:    0.88
      Required ratio:    0.00 (Gate area) 
      Cumulative area ratio:    5.36
      Required ratio:    0.00 (Cumulative area) 
      Partial area ratio:    4.04
      Required ratio:  400.00 (Side area) 
      Cumulative area ratio:   25.59
      Required ratio:    0.00 (Cumulative side area) 

    Layer: via2
      Partial area ratio:    0.19
      Required ratio:    6.00 (Gate area) 
      Cumulative area ratio:    0.53
      Required ratio:    0.00 (Cumulative area) 

    Layer: met3
      Partial area ratio:  166.95
      Required ratio:    0.00 (Gate area) 
      Cumulative area ratio:  172.31
      Required ratio:    0.00 (Cumulative area) 
      Partial area ratio:  896.98
      Required ratio:  400.00 (Side area) (VIOLATED)
      Cumulative area ratio:  922.57
      Required ratio:    0.00 (Cumulative side area) 

    Layer: via3
      Partial area ratio:    0.38
      Required ratio:    6.00 (Gate area) 
      Cumulative area ratio:    0.91
      Required ratio:    0.00 (Cumulative area) 

    Layer: met4
      Partial area ratio:   17.43
      Required ratio:    0.00 (Gate area) 
      Cumulative area ratio:  189.74
      Required ratio:    0.00 (Cumulative area) 
      Partial area ratio:   94.59
      Required ratio: 2848.40 (Side area) 
      Cumulative area ratio: 1017.16
      Required ratio:    0.00 (Cumulative side area) 


  Pin:   fanout416/A (sky130_fd_sc_hd__clkdlybuf4s25_1)
    Layer: mcon
      Partial area ratio:    0.14
      Required ratio:    3.00 (Gate area) 
      Cumulative area ratio:    0.14
      Required ratio:    0.00 (Cumulative area) 

    Layer: met1
      Partial area ratio:    2.83
      Required ratio:    0.00 (Gate area) 
      Cumulative area ratio:    2.83
      Required ratio:    0.00 (Cumulative area) 
      Partial area ratio:   13.14
      Required ratio:  400.00 (Side area) 
      Cumulative area ratio:   13.14
      Required ratio:    0.00 (Cumulative side area) 

    Layer: via
      Partial area ratio:    0.21
      Required ratio:    6.00 (Gate area) 
      Cumulative area ratio:    0.35
      Required ratio:    0.00 (Cumulative area) 

    Layer: met2
      Partial area ratio:    0.88
      Required ratio:    0.00 (Gate area) 
      Cumulative area ratio:    3.71
      Required ratio:    0.00 (Cumulative area) 
      Partial area ratio:    4.04
      Required ratio:  400.00 (Side area) 
      Cumulative area ratio:   17.18
      Required ratio:    0.00 (Cumulative side area) 

    Layer: via2
      Partial area ratio:    0.19
      Required ratio:    6.00 (Gate area) 
      Cumulative area ratio:    0.53
      Required ratio:    0.00 (Cumulative area) 

    Layer: met3
      Partial area ratio:    0.59
      Required ratio:    0.00 (Gate area) 
      Cumulative area ratio:    4.30
      Required ratio:    0.00 (Cumulative area) 
      Partial area ratio:    5.33
      Required ratio:  400.00 (Side area) 
      Cumulative area ratio:   22.51
      Required ratio:    0.00 (Cumulative side area) 

    Layer: via3
      Partial area ratio:    0.19
      Required ratio:    6.00 (Gate area) 
      Cumulative area ratio:    0.72
      Required ratio:    0.00 (Cumulative area) 

    Layer: met4
      Partial area ratio:   17.43
      Required ratio:    0.00 (Gate area) 
      Cumulative area ratio:   21.72
      Required ratio:    0.00 (Cumulative area) 
      Partial area ratio:   94.59
      Required ratio: 2848.40 (Side area) 
      Cumulative area ratio:  117.11
      Required ratio:    0.00 (Cumulative side area) 


  Pin:   fanout418/A (sky130_fd_sc_hd__clkdlybuf4s25_1)
    Layer: mcon
      Partial area ratio:    0.14
      Required ratio:    3.00 (Gate area) 
      Cumulative area ratio:    0.14
      Required ratio:    0.00 (Cumulative area) 

    Layer: met1
      Partial area ratio:    2.51
      Required ratio:    0.00 (Gate area) 
      Cumulative area ratio:    2.51
      Required ratio:    0.00 (Cumulative area) 
      Partial area ratio:   11.66
      Required ratio:  400.00 (Side area) 
      Cumulative area ratio:   11.66
      Required ratio:    0.00 (Cumulative side area) 

    Layer: via
      Partial area ratio:    0.21
      Required ratio:    6.00 (Gate area) 
      Cumulative area ratio:    0.35
      Required ratio:    0.00 (Cumulative area) 

    Layer: met2
      Partial area ratio:    0.88
      Required ratio:    0.00 (Gate area) 
      Cumulative area ratio:    3.38
      Required ratio:    0.00 (Cumulative area) 
      Partial area ratio:    4.04
      Required ratio:  400.00 (Side area) 
      Cumulative area ratio:   15.70
      Required ratio:    0.00 (Cumulative side area) 

    Layer: via2
      Partial area ratio:    0.19
      Required ratio:    6.00 (Gate area) 
      Cumulative area ratio:    0.53
      Required ratio:    0.00 (Cumulative area) 

    Layer: met3
      Partial area ratio:   68.68
      Required ratio:    0.00 (Gate area) 
      Cumulative area ratio:   72.06
      Required ratio:    0.00 (Cumulative area) 
      Partial area ratio:  368.45
      Required ratio:  400.00 (Side area) 
      Cumulative area ratio:  384.15
      Required ratio:    0.00 (Cumulative side area) 

    Layer: via3
      Partial area ratio:    0.38
      Required ratio:    6.00 (Gate area) 
      Cumulative area ratio:    0.91
      Required ratio:    0.00 (Cumulative area) 

    Layer: met4
      Partial area ratio:   17.43
      Required ratio:    0.00 (Gate area) 
      Cumulative area ratio:   89.49
      Required ratio:    0.00 (Cumulative area) 
      Partial area ratio:   94.59
      Required ratio: 2848.40 (Side area) 
      Cumulative area ratio:  478.74
      Required ratio:    0.00 (Cumulative side area) 



Net: _2470_
  Pin:   fanout178/A (sky130_fd_sc_hd__clkdlybuf4s25_1)
    Layer: mcon
      Partial area ratio:    0.14
      Required ratio:    3.00 (Gate area) 
      Cumulative area ratio:    0.14
      Required ratio:    0.00 (Cumulative area) 

    Layer: met1
      Partial area ratio:    4.77
      Required ratio:    0.00 (Gate area) 
      Cumulative area ratio:    4.77
      Required ratio:    0.00 (Cumulative area) 
      Partial area ratio:   22.96
      Required ratio:  400.00 (Side area) 
      Cumulative area ratio:   22.96
      Required ratio:    0.00 (Cumulative side area) 

    Layer: via
      Partial area ratio:    0.21
      Required ratio:    6.00 (Gate area) 
      Cumulative area ratio:    0.35
      Required ratio:    0.00 (Cumulative area) 

    Layer: met2
      Partial area ratio:    0.88
      Required ratio:    0.00 (Gate area) 
      Cumulative area ratio:    5.64
      Required ratio:    0.00 (Cumulative area) 
      Partial area ratio:    4.04
      Required ratio:  400.00 (Side area) 
      Cumulative area ratio:   27.00
      Required ratio:    0.00 (Cumulative side area) 

    Layer: via2
      Partial area ratio:    0.19
      Required ratio:    6.00 (Gate area) 
      Cumulative area ratio:    0.53
      Required ratio:    0.00 (Cumulative area) 

    Layer: met3
      Partial area ratio:   88.05
      Required ratio:    0.00 (Gate area) 
      Cumulative area ratio:   93.69
      Required ratio:    0.00 (Cumulative area) 
      Partial area ratio:  471.77
      Required ratio:  400.00 (Side area) (VIOLATED)
      Cumulative area ratio:  498.78
      Required ratio:    0.00 (Cumulative side area) 

    Layer: via3
      Partial area ratio:    0.19
      Required ratio:    6.00 (Gate area) 
      Cumulative area ratio:    0.72
      Required ratio:    0.00 (Cumulative area) 

    Layer: met4
      Partial area ratio:   45.54
      Required ratio:    0.00 (Gate area) 
      Cumulative area ratio:  139.23
      Required ratio:    0.00 (Cumulative area) 
      Partial area ratio:  243.61
      Required ratio: 2848.40 (Side area) 
      Cumulative area ratio:  742.38
      Required ratio:    0.00 (Cumulative side area) 


  Pin:   fanout181/A (sky130_fd_sc_hd__clkdlybuf4s25_1)
    Layer: mcon
      Partial area ratio:    0.14
      Required ratio:    3.00 (Gate area) 
      Cumulative area ratio:    0.14
      Required ratio:    0.00 (Cumulative area) 

    Layer: met1
      Partial area ratio:    2.04
      Required ratio:    0.00 (Gate area) 
      Cumulative area ratio:    2.04
      Required ratio:    0.00 (Cumulative area) 
      Partial area ratio:    9.31
      Required ratio:  400.00 (Side area) 
      Cumulative area ratio:    9.31
      Required ratio:    0.00 (Cumulative side area) 

    Layer: via
      Partial area ratio:    0.21
      Required ratio:    6.00 (Gate area) 
      Cumulative area ratio:    0.35
      Required ratio:    0.00 (Cumulative area) 

    Layer: met2
      Partial area ratio:    7.58
      Required ratio:    0.00 (Gate area) 
      Cumulative area ratio:    9.62
      Required ratio:    0.00 (Cumulative area) 
      Partial area ratio:   37.28
      Required ratio: 2848.40 (Side area) 
      Cumulative area ratio:   46.59
      Required ratio:    0.00 (Cumulative side area) 

    Layer: via2
      Partial area ratio:    0.09
      Required ratio:   28.36 (Gate area) 
      Cumulative area ratio:    0.44
      Required ratio:    0.00 (Cumulative area) 

    Layer: met3
      Partial area ratio:    5.15
      Required ratio:    0.00 (Gate area) 
      Cumulative area ratio:   14.77
      Required ratio:    0.00 (Cumulative area) 
      Partial area ratio:   28.56
      Required ratio: 2848.40 (Side area) 
      Cumulative area ratio:   75.16
      Required ratio:    0.00 (Cumulative side area) 

    Layer: via3
      Partial area ratio:    0.09
      Required ratio:   28.36 (Gate area) 
      Cumulative area ratio:    0.53
      Required ratio:    0.00 (Cumulative area) 

    Layer: met4
      Partial area ratio:   45.54
      Required ratio:    0.00 (Gate area) 
      Cumulative area ratio:   60.31
      Required ratio:    0.00 (Cumulative area) 
      Partial area ratio:  243.61
      Required ratio: 2848.40 (Side area) 
      Cumulative area ratio:  318.76
      Required ratio:    0.00 (Cumulative side area) 


  Pin:   max_cap184/A (sky130_fd_sc_hd__clkbuf_2)
    Layer: mcon
      Partial area ratio:    0.14
      Required ratio:    3.00 (Gate area) 
      Cumulative area ratio:    0.14
      Required ratio:    0.00 (Cumulative area) 

    Layer: met1
      Partial area ratio:    7.16
      Required ratio:    0.00 (Gate area) 
      Cumulative area ratio:    7.16
      Required ratio:    0.00 (Cumulative area) 
      Partial area ratio:   34.36
      Required ratio: 2848.40 (Side area) 
      Cumulative area ratio:   34.36
      Required ratio:    0.00 (Cumulative side area) 

    Layer: via
      Partial area ratio:    0.27
      Required ratio:   28.36 (Gate area) 
      Cumulative area ratio:    0.41
      Required ratio:    0.00 (Cumulative area) 

    Layer: met2
      Partial area ratio:    7.58
      Required ratio:    0.00 (Gate area) 
      Cumulative area ratio:   14.74
      Required ratio:    0.00 (Cumulative area) 
      Partial area ratio:   37.28
      Required ratio: 2848.40 (Side area) 
      Cumulative area ratio:   71.64
      Required ratio:    0.00 (Cumulative side area) 

    Layer: via2
      Partial area ratio:    0.09
      Required ratio:   28.36 (Gate area) 
      Cumulative area ratio:    0.50
      Required ratio:    0.00 (Cumulative area) 

    Layer: met3
      Partial area ratio:    5.15
      Required ratio:    0.00 (Gate area) 
      Cumulative area ratio:   19.89
      Required ratio:    0.00 (Cumulative area) 
      Partial area ratio:   28.56
      Required ratio: 2848.40 (Side area) 
      Cumulative area ratio:  100.21
      Required ratio:    0.00 (Cumulative side area) 

    Layer: via3
      Partial area ratio:    0.09
      Required ratio:   28.36 (Gate area) 
      Cumulative area ratio:    0.59
      Required ratio:    0.00 (Cumulative area) 

    Layer: met4
      Partial area ratio:   45.54
      Required ratio:    0.00 (Gate area) 
      Cumulative area ratio:   65.43
      Required ratio:    0.00 (Cumulative area) 
      Partial area ratio:  243.61
      Required ratio: 2848.40 (Side area) 
      Cumulative area ratio:  343.81
      Required ratio:    0.00 (Cumulative side area) 



Net: _2474_
  Pin:   fanout385/A (sky130_fd_sc_hd__clkdlybuf4s25_1)
    Layer: mcon
      Partial area ratio:    0.14
      Required ratio:    3.00 (Gate area) 
      Cumulative area ratio:    0.14
      Required ratio:    0.00 (Cumulative area) 

    Layer: met1
      Partial area ratio:    3.09
      Required ratio:    0.00 (Gate area) 
      Cumulative area ratio:    3.09
      Required ratio:    0.00 (Cumulative area) 
      Partial area ratio:   14.58
      Required ratio:  400.00 (Side area) 
      Cumulative area ratio:   14.58
      Required ratio:    0.00 (Cumulative side area) 

    Layer: via
      Partial area ratio:    0.21
      Required ratio:    6.00 (Gate area) 
      Cumulative area ratio:    0.35
      Required ratio:    0.00 (Cumulative area) 

    Layer: met2
      Partial area ratio:    5.58
      Required ratio:    0.00 (Gate area) 
      Cumulative area ratio:    8.67
      Required ratio:    0.00 (Cumulative area) 
      Partial area ratio:   27.03
      Required ratio:  400.00 (Side area) 
      Cumulative area ratio:   41.61
      Required ratio:    0.00 (Cumulative side area) 

    Layer: via2
      Partial area ratio:    0.19
      Required ratio:    6.00 (Gate area) 
      Cumulative area ratio:    0.53
      Required ratio:    0.00 (Cumulative area) 

    Layer: met3
      Partial area ratio:   88.64
      Required ratio:    0.00 (Gate area) 
      Cumulative area ratio:   97.31
      Required ratio:    0.00 (Cumulative area) 
      Partial area ratio:  477.15
      Required ratio:  400.00 (Side area) (VIOLATED)
      Cumulative area ratio:  518.76
      Required ratio:    0.00 (Cumulative side area) 

    Layer: via3
      Partial area ratio:    0.38
      Required ratio:    6.00 (Gate area) 
      Cumulative area ratio:    0.91
      Required ratio:    0.00 (Cumulative area) 

    Layer: met4
      Partial area ratio:   50.00
      Required ratio:    0.00 (Gate area) 
      Cumulative area ratio:  147.31
      Required ratio:    0.00 (Cumulative area) 
      Partial area ratio:  250.59
      Required ratio:  400.00 (Side area) 
      Cumulative area ratio:  769.35
      Required ratio:    0.00 (Cumulative side area) 

    Layer: via4
      Partial area ratio:    3.00
      Required ratio:    6.00 (Gate area) 
      Cumulative area ratio:    3.92
      Required ratio:    0.00 (Cumulative area) 

    Layer: met5
      Partial area ratio:  336.28
      Required ratio:    0.00 (Gate area) 
      Cumulative area ratio:  483.58
      Required ratio:    0.00 (Cumulative area) 
      Partial area ratio:  516.43
      Required ratio: 2848.40 (Side area) 
      Cumulative area ratio: 1285.78
      Required ratio:    0.00 (Cumulative side area) 


  Pin:   fanout387/A (sky130_fd_sc_hd__clkdlybuf4s25_1)
    Layer: mcon
      Partial area ratio:    0.14
      Required ratio:    3.00 (Gate area) 
      Cumulative area ratio:    0.14
      Required ratio:    0.00 (Cumulative area) 

    Layer: met1
      Partial area ratio:    2.16
      Required ratio:    0.00 (Gate area) 
      Cumulative area ratio:    2.16
      Required ratio:    0.00 (Cumulative area) 
      Partial area ratio:    9.92
      Required ratio:  400.00 (Side area) 
      Cumulative area ratio:    9.92
      Required ratio:    0.00 (Cumulative side area) 

    Layer: via
      Partial area ratio:    0.21
      Required ratio:    6.00 (Gate area) 
      Cumulative area ratio:    0.35
      Required ratio:    0.00 (Cumulative area) 

    Layer: met2
      Partial area ratio:    0.88
      Required ratio:    0.00 (Gate area) 
      Cumulative area ratio:    3.03
      Required ratio:    0.00 (Cumulative area) 
      Partial area ratio:    4.04
      Required ratio:  400.00 (Side area) 
      Cumulative area ratio:   13.96
      Required ratio:    0.00 (Cumulative side area) 

    Layer: via2
      Partial area ratio:    0.19
      Required ratio:    6.00 (Gate area) 
      Cumulative area ratio:    0.53
      Required ratio:    0.00 (Cumulative area) 

    Layer: met3
      Partial area ratio:    0.59
      Required ratio:    0.00 (Gate area) 
      Cumulative area ratio:    3.62
      Required ratio:    0.00 (Cumulative area) 
      Partial area ratio:    5.33
      Required ratio:  400.00 (Side area) 
      Cumulative area ratio:   19.29
      Required ratio:    0.00 (Cumulative side area) 

    Layer: via3
      Partial area ratio:    0.19
      Required ratio:    6.00 (Gate area) 
      Cumulative area ratio:    0.72
      Required ratio:    0.00 (Cumulative area) 

    Layer: met4
      Partial area ratio:    6.54
      Required ratio:    0.00 (Gate area) 
      Cumulative area ratio:   10.16
      Required ratio:    0.00 (Cumulative area) 
      Partial area ratio:   17.73
      Required ratio:  400.00 (Side area) 
      Cumulative area ratio:   37.02
      Required ratio:    0.00 (Cumulative side area) 

    Layer: via4
      Partial area ratio:    3.00
      Required ratio:    6.00 (Gate area) 
      Cumulative area ratio:    3.73
      Required ratio:    0.00 (Cumulative area) 

    Layer: met5
      Partial area ratio:  336.28
      Required ratio:    0.00 (Gate area) 
      Cumulative area ratio:  346.43
      Required ratio:    0.00 (Cumulative area) 
      Partial area ratio:  516.43
      Required ratio: 2848.40 (Side area) 
      Cumulative area ratio:  553.45
      Required ratio:    0.00 (Cumulative side area) 


  Pin:   fanout390/A (sky130_fd_sc_hd__clkdlybuf4s25_1)
    Layer: mcon
      Partial area ratio:    0.14
      Required ratio:    3.00 (Gate area) 
      Cumulative area ratio:    0.14
      Required ratio:    0.00 (Cumulative area) 

    Layer: met1
      Partial area ratio:    3.59
      Required ratio:    0.00 (Gate area) 
      Cumulative area ratio:    3.59
      Required ratio:    0.00 (Cumulative area) 
      Partial area ratio:   17.06
      Required ratio:  400.00 (Side area) 
      Cumulative area ratio:   17.06
      Required ratio:    0.00 (Cumulative side area) 

    Layer: via
      Partial area ratio:    0.21
      Required ratio:    6.00 (Gate area) 
      Cumulative area ratio:    0.35
      Required ratio:    0.00 (Cumulative area) 

    Layer: met2
      Partial area ratio:    0.88
      Required ratio:    0.00 (Gate area) 
      Cumulative area ratio:    4.46
      Required ratio:    0.00 (Cumulative area) 
      Partial area ratio:    4.04
      Required ratio:  400.00 (Side area) 
      Cumulative area ratio:   21.11
      Required ratio:    0.00 (Cumulative side area) 

    Layer: via2
      Partial area ratio:    0.19
      Required ratio:    6.00 (Gate area) 
      Cumulative area ratio:    0.53
      Required ratio:    0.00 (Cumulative area) 

    Layer: met3
      Partial area ratio:   10.30
      Required ratio:    0.00 (Gate area) 
      Cumulative area ratio:   14.76
      Required ratio:    0.00 (Cumulative area) 
      Partial area ratio:   57.13
      Required ratio:  400.00 (Side area) 
      Cumulative area ratio:   78.23
      Required ratio:    0.00 (Cumulative side area) 

    Layer: via3
      Partial area ratio:    0.19
      Required ratio:    6.00 (Gate area) 
      Cumulative area ratio:    0.72
      Required ratio:    0.00 (Cumulative area) 

    Layer: met4
      Partial area ratio:   50.00
      Required ratio:    0.00 (Gate area) 
      Cumulative area ratio:   64.76
      Required ratio:    0.00 (Cumulative area) 
      Partial area ratio:  250.59
      Required ratio:  400.00 (Side area) 
      Cumulative area ratio:  328.82
      Required ratio:    0.00 (Cumulative side area) 

    Layer: via4
      Partial area ratio:    3.00
      Required ratio:    6.00 (Gate area) 
      Cumulative area ratio:    3.73
      Required ratio:    0.00 (Cumulative area) 

    Layer: met5
      Partial area ratio:  336.28
      Required ratio:    0.00 (Gate area) 
      Cumulative area ratio:  401.04
      Required ratio:    0.00 (Cumulative area) 
      Partial area ratio:  516.43
      Required ratio: 2848.40 (Side area) 
      Cumulative area ratio:  845.26
      Required ratio:    0.00 (Cumulative side area) 



Net: _2477_
  Pin:   fanout159/A (sky130_fd_sc_hd__clkdlybuf4s25_1)
    Layer: mcon
      Partial area ratio:    0.14
      Required ratio:    3.00 (Gate area) 
      Cumulative area ratio:    0.14
      Required ratio:    0.00 (Cumulative area) 

    Layer: met1
      Partial area ratio:    1.56
      Required ratio:    0.00 (Gate area) 
      Cumulative area ratio:    1.56
      Required ratio:    0.00 (Cumulative area) 
      Partial area ratio:    6.93
      Required ratio:  400.00 (Side area) 
      Cumulative area ratio:    6.93
      Required ratio:    0.00 (Cumulative side area) 

    Layer: via
      Partial area ratio:    0.21
      Required ratio:    6.00 (Gate area) 
      Cumulative area ratio:    0.35
      Required ratio:    0.00 (Cumulative area) 

    Layer: met2
      Partial area ratio:    0.88
      Required ratio:    0.00 (Gate area) 
      Cumulative area ratio:    2.44
      Required ratio:    0.00 (Cumulative area) 
      Partial area ratio:    4.04
      Required ratio:  400.00 (Side area) 
      Cumulative area ratio:   10.97
      Required ratio:    0.00 (Cumulative side area) 

    Layer: via2
      Partial area ratio:    0.19
      Required ratio:    6.00 (Gate area) 
      Cumulative area ratio:    0.53
      Required ratio:    0.00 (Cumulative area) 

    Layer: met3
      Partial area ratio:   10.30
      Required ratio:    0.00 (Gate area) 
      Cumulative area ratio:   12.74
      Required ratio:    0.00 (Cumulative area) 
      Partial area ratio:   57.13
      Required ratio:  400.00 (Side area) 
      Cumulative area ratio:   68.10
      Required ratio:    0.00 (Cumulative side area) 

    Layer: via3
      Partial area ratio:    0.19
      Required ratio:    6.00 (Gate area) 
      Cumulative area ratio:    0.72
      Required ratio:    0.00 (Cumulative area) 

    Layer: met4
      Partial area ratio:   93.45
      Required ratio:    0.00 (Gate area) 
      Cumulative area ratio:  106.19
      Required ratio:    0.00 (Cumulative area) 
      Partial area ratio:  481.24
      Required ratio:  400.00 (Side area) (VIOLATED)
      Cumulative area ratio:  549.34
      Required ratio:    0.00 (Cumulative side area) 

    Layer: via4
      Partial area ratio:    3.00
      Required ratio:    6.00 (Gate area) 
      Cumulative area ratio:    3.73
      Required ratio:    0.00 (Cumulative area) 

    Layer: met5
      Partial area ratio:   41.88
      Required ratio:    0.00 (Gate area) 
      Cumulative area ratio:  148.06
      Required ratio:    0.00 (Cumulative area) 
      Partial area ratio:   67.32
      Required ratio: 2848.40 (Side area) 
      Cumulative area ratio:  616.66
      Required ratio:    0.00 (Cumulative side area) 


  Pin:   fanout161/A (sky130_fd_sc_hd__clkdlybuf4s25_1)
    Layer: mcon
      Partial area ratio:    0.14
      Required ratio:    3.00 (Gate area) 
      Cumulative area ratio:    0.14
      Required ratio:    0.00 (Cumulative area) 

    Layer: met1
      Partial area ratio:    3.13
      Required ratio:    0.00 (Gate area) 
      Cumulative area ratio:    3.13
      Required ratio:    0.00 (Cumulative area) 
      Partial area ratio:   14.80
      Required ratio:  400.00 (Side area) 
      Cumulative area ratio:   14.80
      Required ratio:    0.00 (Cumulative side area) 

    Layer: via
      Partial area ratio:    0.21
      Required ratio:    6.00 (Gate area) 
      Cumulative area ratio:    0.35
      Required ratio:    0.00 (Cumulative area) 

    Layer: met2
      Partial area ratio:    0.88
      Required ratio:    0.00 (Gate area) 
      Cumulative area ratio:    4.01
      Required ratio:    0.00 (Cumulative area) 
      Partial area ratio:    4.04
      Required ratio:  400.00 (Side area) 
      Cumulative area ratio:   18.84
      Required ratio:    0.00 (Cumulative side area) 

    Layer: via2
      Partial area ratio:    0.19
      Required ratio:    6.00 (Gate area) 
      Cumulative area ratio:    0.53
      Required ratio:    0.00 (Cumulative area) 

    Layer: met3
      Partial area ratio:   34.31
      Required ratio:    0.00 (Gate area) 
      Cumulative area ratio:   38.32
      Required ratio:    0.00 (Cumulative area) 
      Partial area ratio:  184.09
      Required ratio:  400.00 (Side area) 
      Cumulative area ratio:  202.93
      Required ratio:    0.00 (Cumulative side area) 

    Layer: via3
      Partial area ratio:    0.09
      Required ratio:    6.00 (Gate area) 
      Cumulative area ratio:    0.63
      Required ratio:    0.00 (Cumulative area) 

    Layer: met4
      Partial area ratio:   63.73
      Required ratio:    0.00 (Gate area) 
      Cumulative area ratio:  102.05
      Required ratio:    0.00 (Cumulative area) 
      Partial area ratio:  334.91
      Required ratio: 2848.40 (Side area) 
      Cumulative area ratio:  537.84
      Required ratio:    0.00 (Cumulative side area) 

    Layer: via4
      Partial area ratio:    1.00
      Required ratio:   28.36 (Gate area) 
      Cumulative area ratio:    1.63
      Required ratio:    0.00 (Cumulative area) 

    Layer: met5
      Partial area ratio:   41.88
      Required ratio:    0.00 (Gate area) 
      Cumulative area ratio:  143.93
      Required ratio:    0.00 (Cumulative area) 
      Partial area ratio:   67.32
      Required ratio: 2848.40 (Side area) 
      Cumulative area ratio:  605.17
      Required ratio:    0.00 (Cumulative side area) 


  Pin:   fanout162/A (sky130_fd_sc_hd__clkdlybuf4s25_1)
    Layer: mcon
      Partial area ratio:    0.14
      Required ratio:    3.00 (Gate area) 
      Cumulative area ratio:    0.14
      Required ratio:    0.00 (Cumulative area) 

    Layer: met1
      Partial area ratio:    5.38
      Required ratio:    0.00 (Gate area) 
      Cumulative area ratio:    5.38
      Required ratio:    0.00 (Cumulative area) 
      Partial area ratio:   26.02
      Required ratio:  400.00 (Side area) 
      Cumulative area ratio:   26.02
      Required ratio:    0.00 (Cumulative side area) 

    Layer: via
      Partial area ratio:    0.21
      Required ratio:    6.00 (Gate area) 
      Cumulative area ratio:    0.35
      Required ratio:    0.00 (Cumulative area) 

    Layer: met2
      Partial area ratio:    0.88
      Required ratio:    0.00 (Gate area) 
      Cumulative area ratio:    6.26
      Required ratio:    0.00 (Cumulative area) 
      Partial area ratio:    4.04
      Required ratio:  400.00 (Side area) 
      Cumulative area ratio:   30.06
      Required ratio:    0.00 (Cumulative side area) 

    Layer: via2
      Partial area ratio:    0.19
      Required ratio:    6.00 (Gate area) 
      Cumulative area ratio:    0.53
      Required ratio:    0.00 (Cumulative area) 

    Layer: met3
      Partial area ratio:    0.59
      Required ratio:    0.00 (Gate area) 
      Cumulative area ratio:    6.84
      Required ratio:    0.00 (Cumulative area) 
      Partial area ratio:    5.33
      Required ratio:  400.00 (Side area) 
      Cumulative area ratio:   35.40
      Required ratio:    0.00 (Cumulative side area) 

    Layer: via3
      Partial area ratio:    0.19
      Required ratio:    6.00 (Gate area) 
      Cumulative area ratio:    0.72
      Required ratio:    0.00 (Cumulative area) 

    Layer: met4
      Partial area ratio:   63.73
      Required ratio:    0.00 (Gate area) 
      Cumulative area ratio:   70.57
      Required ratio:    0.00 (Cumulative area) 
      Partial area ratio:  334.91
      Required ratio: 2848.40 (Side area) 
      Cumulative area ratio:  370.31
      Required ratio:    0.00 (Cumulative side area) 

    Layer: via4
      Partial area ratio:    1.00
      Required ratio:   28.36 (Gate area) 
      Cumulative area ratio:    1.72
      Required ratio:    0.00 (Cumulative area) 

    Layer: met5
      Partial area ratio:   41.88
      Required ratio:    0.00 (Gate area) 
      Cumulative area ratio:  112.45
      Required ratio:    0.00 (Cumulative area) 
      Partial area ratio:   67.32
      Required ratio: 2848.40 (Side area) 
      Cumulative area ratio:  437.63
      Required ratio:    0.00 (Cumulative side area) 


  Pin:   fanout164/A (sky130_fd_sc_hd__clkdlybuf4s25_1)
    Layer: mcon
      Partial area ratio:    0.14
      Required ratio:    3.00 (Gate area) 
      Cumulative area ratio:    0.14
      Required ratio:    0.00 (Cumulative area) 

    Layer: met1
      Partial area ratio:    1.06
      Required ratio:    0.00 (Gate area) 
      Cumulative area ratio:    1.06
      Required ratio:    0.00 (Cumulative area) 
      Partial area ratio:    4.79
      Required ratio:  400.00 (Side area) 
      Cumulative area ratio:    4.79
      Required ratio:    0.00 (Cumulative side area) 

    Layer: via
      Partial area ratio:    0.14
      Required ratio:    6.00 (Gate area) 
      Cumulative area ratio:    0.28
      Required ratio:    0.00 (Cumulative area) 

    Layer: met2
      Partial area ratio:    9.80
      Required ratio:    0.00 (Gate area) 
      Cumulative area ratio:   10.87
      Required ratio:    0.00 (Cumulative area) 
      Partial area ratio:   47.98
      Required ratio:  400.00 (Side area) 
      Cumulative area ratio:   52.77
      Required ratio:    0.00 (Cumulative side area) 

    Layer: via2
      Partial area ratio:    0.19
      Required ratio:    6.00 (Gate area) 
      Cumulative area ratio:    0.47
      Required ratio:    0.00 (Cumulative area) 

    Layer: met3
      Partial area ratio:   34.31
      Required ratio:    0.00 (Gate area) 
      Cumulative area ratio:   45.18
      Required ratio:    0.00 (Cumulative area) 
      Partial area ratio:  184.09
      Required ratio:  400.00 (Side area) 
      Cumulative area ratio:  236.87
      Required ratio:    0.00 (Cumulative side area) 

    Layer: via3
      Partial area ratio:    0.09
      Required ratio:    6.00 (Gate area) 
      Cumulative area ratio:    0.56
      Required ratio:    0.00 (Cumulative area) 

    Layer: met4
      Partial area ratio:   63.73
      Required ratio:    0.00 (Gate area) 
      Cumulative area ratio:  108.91
      Required ratio:    0.00 (Cumulative area) 
      Partial area ratio:  334.91
      Required ratio: 2848.40 (Side area) 
      Cumulative area ratio:  571.78
      Required ratio:    0.00 (Cumulative side area) 

    Layer: via4
      Partial area ratio:    1.00
      Required ratio:   28.36 (Gate area) 
      Cumulative area ratio:    1.56
      Required ratio:    0.00 (Cumulative area) 

    Layer: met5
      Partial area ratio:   41.88
      Required ratio:    0.00 (Gate area) 
      Cumulative area ratio:  150.79
      Required ratio:    0.00 (Cumulative area) 
      Partial area ratio:   67.32
      Required ratio: 2848.40 (Side area) 
      Cumulative area ratio:  639.10
      Required ratio:    0.00 (Cumulative side area) 



Net: _2480_
  Pin:   fanout363/A (sky130_fd_sc_hd__clkdlybuf4s25_1)
    Layer: mcon
      Partial area ratio:    0.14
      Required ratio:    3.00 (Gate area) 
      Cumulative area ratio:    0.14
      Required ratio:    0.00 (Cumulative area) 

    Layer: met1
      Partial area ratio:    2.41
      Required ratio:    0.00 (Gate area) 
      Cumulative area ratio:    2.41
      Required ratio:    0.00 (Cumulative area) 
      Partial area ratio:   11.20
      Required ratio:  400.00 (Side area) 
      Cumulative area ratio:   11.20
      Required ratio:    0.00 (Cumulative side area) 

    Layer: via
      Partial area ratio:    0.21
      Required ratio:    6.00 (Gate area) 
      Cumulative area ratio:    0.35
      Required ratio:    0.00 (Cumulative area) 

    Layer: met2
      Partial area ratio:    0.88
      Required ratio:    0.00 (Gate area) 
      Cumulative area ratio:    3.29
      Required ratio:    0.00 (Cumulative area) 
      Partial area ratio:    4.04
      Required ratio:  400.00 (Side area) 
      Cumulative area ratio:   15.24
      Required ratio:    0.00 (Cumulative side area) 

    Layer: via2
      Partial area ratio:    0.19
      Required ratio:    6.00 (Gate area) 
      Cumulative area ratio:    0.53
      Required ratio:    0.00 (Cumulative area) 

    Layer: met3
      Partial area ratio:  126.91
      Required ratio:    0.00 (Gate area) 
      Cumulative area ratio:  130.20
      Required ratio:    0.00 (Cumulative area) 
      Partial area ratio:  679.06
      Required ratio:  400.00 (Side area) (VIOLATED)
      Cumulative area ratio:  694.30
      Required ratio:    0.00 (Cumulative side area) 

    Layer: via3
      Partial area ratio:    0.09
      Required ratio:    6.00 (Gate area) 
      Cumulative area ratio:    0.63
      Required ratio:    0.00 (Cumulative area) 

    Layer: met4
      Partial area ratio:   26.29
      Required ratio:    0.00 (Gate area) 
      Cumulative area ratio:  156.49
      Required ratio:    0.00 (Cumulative area) 
      Partial area ratio:  141.67
      Required ratio: 2848.40 (Side area) 
      Cumulative area ratio:  835.97
      Required ratio:    0.00 (Cumulative side area) 


  Pin:   fanout365/A (sky130_fd_sc_hd__clkdlybuf4s25_1)
    Layer: mcon
      Partial area ratio:    0.14
      Required ratio:    3.00 (Gate area) 
      Cumulative area ratio:    0.14
      Required ratio:    0.00 (Cumulative area) 

    Layer: met1
      Partial area ratio:    3.09
      Required ratio:    0.00 (Gate area) 
      Cumulative area ratio:    3.09
      Required ratio:    0.00 (Cumulative area) 
      Partial area ratio:   14.57
      Required ratio:  400.00 (Side area) 
      Cumulative area ratio:   14.57
      Required ratio:    0.00 (Cumulative side area) 

    Layer: via
      Partial area ratio:    0.21
      Required ratio:    6.00 (Gate area) 
      Cumulative area ratio:    0.35
      Required ratio:    0.00 (Cumulative area) 

    Layer: met2
      Partial area ratio:    0.88
      Required ratio:    0.00 (Gate area) 
      Cumulative area ratio:    3.96
      Required ratio:    0.00 (Cumulative area) 
      Partial area ratio:    4.04
      Required ratio:  400.00 (Side area) 
      Cumulative area ratio:   18.61
      Required ratio:    0.00 (Cumulative side area) 

    Layer: via2
      Partial area ratio:    0.19
      Required ratio:    6.00 (Gate area) 
      Cumulative area ratio:    0.53
      Required ratio:    0.00 (Cumulative area) 

    Layer: met3
      Partial area ratio:  126.91
      Required ratio:    0.00 (Gate area) 
      Cumulative area ratio:  130.88
      Required ratio:    0.00 (Cumulative area) 
      Partial area ratio:  679.06
      Required ratio:  400.00 (Side area) (VIOLATED)
      Cumulative area ratio:  697.67
      Required ratio:    0.00 (Cumulative side area) 

    Layer: via3
      Partial area ratio:    0.09
      Required ratio:    6.00 (Gate area) 
      Cumulative area ratio:    0.63
      Required ratio:    0.00 (Cumulative area) 

    Layer: met4
      Partial area ratio:   26.29
      Required ratio:    0.00 (Gate area) 
      Cumulative area ratio:  157.17
      Required ratio:    0.00 (Cumulative area) 
      Partial area ratio:  141.67
      Required ratio: 2848.40 (Side area) 
      Cumulative area ratio:  839.34
      Required ratio:    0.00 (Cumulative side area) 


  Pin:   fanout368/A (sky130_fd_sc_hd__clkdlybuf4s25_1)
    Layer: mcon
      Partial area ratio:    0.14
      Required ratio:    3.00 (Gate area) 
      Cumulative area ratio:    0.14
      Required ratio:    0.00 (Cumulative area) 

    Layer: met1
      Partial area ratio:    3.05
      Required ratio:    0.00 (Gate area) 
      Cumulative area ratio:    3.05
      Required ratio:    0.00 (Cumulative area) 
      Partial area ratio:   14.40
      Required ratio:  400.00 (Side area) 
      Cumulative area ratio:   14.40
      Required ratio:    0.00 (Cumulative side area) 

    Layer: via
      Partial area ratio:    0.21
      Required ratio:    6.00 (Gate area) 
      Cumulative area ratio:    0.35
      Required ratio:    0.00 (Cumulative area) 

    Layer: met2
      Partial area ratio:    0.88
      Required ratio:    0.00 (Gate area) 
      Cumulative area ratio:    3.93
      Required ratio:    0.00 (Cumulative area) 
      Partial area ratio:    4.04
      Required ratio:  400.00 (Side area) 
      Cumulative area ratio:   18.44
      Required ratio:    0.00 (Cumulative side area) 

    Layer: via2
      Partial area ratio:    0.19
      Required ratio:    6.00 (Gate area) 
      Cumulative area ratio:    0.53
      Required ratio:    0.00 (Cumulative area) 

    Layer: met3
      Partial area ratio:    0.59
      Required ratio:    0.00 (Gate area) 
      Cumulative area ratio:    4.52
      Required ratio:    0.00 (Cumulative area) 
      Partial area ratio:    5.33
      Required ratio:  400.00 (Side area) 
      Cumulative area ratio:   23.78
      Required ratio:    0.00 (Cumulative side area) 

    Layer: via3
      Partial area ratio:    0.19
      Required ratio:    6.00 (Gate area) 
      Cumulative area ratio:    0.72
      Required ratio:    0.00 (Cumulative area) 

    Layer: met4
      Partial area ratio:   26.29
      Required ratio:    0.00 (Gate area) 
      Cumulative area ratio:   30.81
      Required ratio:    0.00 (Cumulative area) 
      Partial area ratio:  141.67
      Required ratio: 2848.40 (Side area) 
      Cumulative area ratio:  165.45
      Required ratio:    0.00 (Cumulative side area) 



Net: _2482_
  Pin:   fanout356/A (sky130_fd_sc_hd__clkdlybuf4s25_1)
    Layer: mcon
      Partial area ratio:    0.14
      Required ratio:    3.00 (Gate area) 
      Cumulative area ratio:    0.14
      Required ratio:    0.00 (Cumulative area) 

    Layer: met1
      Partial area ratio:    4.60
      Required ratio:    0.00 (Gate area) 
      Cumulative area ratio:    4.60
      Required ratio:    0.00 (Cumulative area) 
      Partial area ratio:   22.13
      Required ratio:  400.00 (Side area) 
      Cumulative area ratio:   22.13
      Required ratio:    0.00 (Cumulative side area) 

    Layer: via
      Partial area ratio:    0.21
      Required ratio:    6.00 (Gate area) 
      Cumulative area ratio:    0.35
      Required ratio:    0.00 (Cumulative area) 

    Layer: met2
      Partial area ratio:    0.88
      Required ratio:    0.00 (Gate area) 
      Cumulative area ratio:    5.48
      Required ratio:    0.00 (Cumulative area) 
      Partial area ratio:    4.04
      Required ratio:  400.00 (Side area) 
      Cumulative area ratio:   26.17
      Required ratio:    0.00 (Cumulative side area) 

    Layer: via2
      Partial area ratio:    0.19
      Required ratio:    6.00 (Gate area) 
      Cumulative area ratio:    0.53
      Required ratio:    0.00 (Cumulative area) 

    Layer: met3
      Partial area ratio:   78.33
      Required ratio:    0.00 (Gate area) 
      Cumulative area ratio:   83.81
      Required ratio:    0.00 (Cumulative area) 
      Partial area ratio:  419.94
      Required ratio:  400.00 (Side area) (VIOLATED)
      Cumulative area ratio:  446.11
      Required ratio:    0.00 (Cumulative side area) 

    Layer: via3
      Partial area ratio:    0.19
      Required ratio:    6.00 (Gate area) 
      Cumulative area ratio:    0.72
      Required ratio:    0.00 (Cumulative area) 

    Layer: met4
      Partial area ratio:   29.37
      Required ratio:    0.00 (Gate area) 
      Cumulative area ratio:  113.18
      Required ratio:    0.00 (Cumulative area) 
      Partial area ratio:  157.37
      Required ratio: 2848.40 (Side area) 
      Cumulative area ratio:  603.48
      Required ratio:    0.00 (Cumulative side area) 


  Pin:   fanout358/A (sky130_fd_sc_hd__clkdlybuf4s25_1)
    Layer: mcon
      Partial area ratio:    0.14
      Required ratio:    3.00 (Gate area) 
      Cumulative area ratio:    0.14
      Required ratio:    0.00 (Cumulative area) 

    Layer: met1
      Partial area ratio:   21.80
      Required ratio:    0.00 (Gate area) 
      Cumulative area ratio:   21.80
      Required ratio:    0.00 (Cumulative area) 
      Partial area ratio:  108.11
      Required ratio:  400.00 (Side area) 
      Cumulative area ratio:  108.11
      Required ratio:    0.00 (Cumulative side area) 

    Layer: via
      Partial area ratio:    0.21
      Required ratio:    6.00 (Gate area) 
      Cumulative area ratio:    0.35
      Required ratio:    0.00 (Cumulative area) 

    Layer: met2
      Partial area ratio:    0.88
      Required ratio:    0.00 (Gate area) 
      Cumulative area ratio:   22.67
      Required ratio:    0.00 (Cumulative area) 
      Partial area ratio:    4.04
      Required ratio:  400.00 (Side area) 
      Cumulative area ratio:  112.15
      Required ratio:    0.00 (Cumulative side area) 

    Layer: via2
      Partial area ratio:    0.19
      Required ratio:    6.00 (Gate area) 
      Cumulative area ratio:    0.53
      Required ratio:    0.00 (Cumulative area) 

    Layer: met3
      Partial area ratio:  137.20
      Required ratio:    0.00 (Gate area) 
      Cumulative area ratio:  159.87
      Required ratio:    0.00 (Cumulative area) 
      Partial area ratio:  736.11
      Required ratio:  400.00 (Side area) (VIOLATED)
      Cumulative area ratio:  848.27
      Required ratio:    0.00 (Cumulative side area) 

    Layer: via3
      Partial area ratio:    0.19
      Required ratio:    6.00 (Gate area) 
      Cumulative area ratio:    0.72
      Required ratio:    0.00 (Cumulative area) 

    Layer: met4
      Partial area ratio:   29.37
      Required ratio:    0.00 (Gate area) 
      Cumulative area ratio:  189.24
      Required ratio:    0.00 (Cumulative area) 
      Partial area ratio:  157.37
      Required ratio: 2848.40 (Side area) 
      Cumulative area ratio: 1005.64
      Required ratio:    0.00 (Cumulative side area) 


  Pin:   fanout361/A (sky130_fd_sc_hd__clkdlybuf4s25_1)
    Layer: mcon
      Partial area ratio:    0.14
      Required ratio:    3.00 (Gate area) 
      Cumulative area ratio:    0.14
      Required ratio:    0.00 (Cumulative area) 

    Layer: met1
      Partial area ratio:    4.18
      Required ratio:    0.00 (Gate area) 
      Cumulative area ratio:    4.18
      Required ratio:    0.00 (Cumulative area) 
      Partial area ratio:   20.04
      Required ratio:  400.00 (Side area) 
      Cumulative area ratio:   20.04
      Required ratio:    0.00 (Cumulative side area) 

    Layer: via
      Partial area ratio:    0.21
      Required ratio:    6.00 (Gate area) 
      Cumulative area ratio:    0.35
      Required ratio:    0.00 (Cumulative area) 

    Layer: met2
      Partial area ratio:    0.88
      Required ratio:    0.00 (Gate area) 
      Cumulative area ratio:    5.06
      Required ratio:    0.00 (Cumulative area) 
      Partial area ratio:    4.04
      Required ratio:  400.00 (Side area) 
      Cumulative area ratio:   24.08
      Required ratio:    0.00 (Cumulative side area) 

    Layer: via2
      Partial area ratio:    0.19
      Required ratio:    6.00 (Gate area) 
      Cumulative area ratio:    0.53
      Required ratio:    0.00 (Cumulative area) 

    Layer: met3
      Partial area ratio:   78.33
      Required ratio:    0.00 (Gate area) 
      Cumulative area ratio:   83.39
      Required ratio:    0.00 (Cumulative area) 
      Partial area ratio:  419.94
      Required ratio:  400.00 (Side area) (VIOLATED)
      Cumulative area ratio:  444.02
      Required ratio:    0.00 (Cumulative side area) 

    Layer: via3
      Partial area ratio:    0.19
      Required ratio:    6.00 (Gate area) 
      Cumulative area ratio:    0.72
      Required ratio:    0.00 (Cumulative area) 

    Layer: met4
      Partial area ratio:   29.37
      Required ratio:    0.00 (Gate area) 
      Cumulative area ratio:  112.76
      Required ratio:    0.00 (Cumulative area) 
      Partial area ratio:  157.37
      Required ratio: 2848.40 (Side area) 
      Cumulative area ratio:  601.39
      Required ratio:    0.00 (Cumulative side area) 



Net: _2486_
  Pin:   fanout342/A (sky130_fd_sc_hd__clkdlybuf4s25_1)
    Layer: mcon
      Partial area ratio:    0.14
      Required ratio:    3.00 (Gate area) 
      Cumulative area ratio:    0.14
      Required ratio:    0.00 (Cumulative area) 

    Layer: met1
      Partial area ratio:    2.39
      Required ratio:    0.00 (Gate area) 
      Cumulative area ratio:    2.39
      Required ratio:    0.00 (Cumulative area) 
      Partial area ratio:   11.07
      Required ratio:  400.00 (Side area) 
      Cumulative area ratio:   11.07
      Required ratio:    0.00 (Cumulative side area) 

    Layer: via
      Partial area ratio:    0.21
      Required ratio:    6.00 (Gate area) 
      Cumulative area ratio:    0.35
      Required ratio:    0.00 (Cumulative area) 

    Layer: met2
      Partial area ratio:    0.88
      Required ratio:    0.00 (Gate area) 
      Cumulative area ratio:    3.26
      Required ratio:    0.00 (Cumulative area) 
      Partial area ratio:    4.04
      Required ratio:  400.00 (Side area) 
      Cumulative area ratio:   15.11
      Required ratio:    0.00 (Cumulative side area) 

    Layer: via2
      Partial area ratio:    0.19
      Required ratio:    6.00 (Gate area) 
      Cumulative area ratio:    0.53
      Required ratio:    0.00 (Cumulative area) 

    Layer: met3
      Partial area ratio:    0.59
      Required ratio:    0.00 (Gate area) 
      Cumulative area ratio:    3.85
      Required ratio:    0.00 (Cumulative area) 
      Partial area ratio:    5.33
      Required ratio:  400.00 (Side area) 
      Cumulative area ratio:   20.44
      Required ratio:    0.00 (Cumulative side area) 

    Layer: via3
      Partial area ratio:    0.19
      Required ratio:    6.00 (Gate area) 
      Cumulative area ratio:    0.72
      Required ratio:    0.00 (Cumulative area) 

    Layer: met4
      Partial area ratio:   95.64
      Required ratio:    0.00 (Gate area) 
      Cumulative area ratio:   99.49
      Required ratio:    0.00 (Cumulative area) 
      Partial area ratio:  502.59
      Required ratio: 2848.40 (Side area) 
      Cumulative area ratio:  523.04
      Required ratio:    0.00 (Cumulative side area) 

    Layer: via4
      Partial area ratio:    1.50
      Required ratio:   28.36 (Gate area) 
      Cumulative area ratio:    2.22
      Required ratio:    0.00 (Cumulative area) 

    Layer: met5
      Partial area ratio:  401.38
      Required ratio:    0.00 (Gate area) 
      Cumulative area ratio:  500.87
      Required ratio:    0.00 (Cumulative area) 
      Partial area ratio:  608.08
      Required ratio: 2848.40 (Side area) 
      Cumulative area ratio: 1131.11
      Required ratio:    0.00 (Cumulative side area) 


  Pin:   fanout344/A (sky130_fd_sc_hd__clkdlybuf4s25_1)
    Layer: mcon
      Partial area ratio:    0.14
      Required ratio:    3.00 (Gate area) 
      Cumulative area ratio:    0.14
      Required ratio:    0.00 (Cumulative area) 

    Layer: met1
      Partial area ratio:    2.88
      Required ratio:    0.00 (Gate area) 
      Cumulative area ratio:    2.88
      Required ratio:    0.00 (Cumulative area) 
      Partial area ratio:   13.55
      Required ratio:  400.00 (Side area) 
      Cumulative area ratio:   13.55
      Required ratio:    0.00 (Cumulative side area) 

    Layer: via
      Partial area ratio:    0.21
      Required ratio:    6.00 (Gate area) 
      Cumulative area ratio:    0.35
      Required ratio:    0.00 (Cumulative area) 

    Layer: met2
      Partial area ratio:    0.88
      Required ratio:    0.00 (Gate area) 
      Cumulative area ratio:    3.76
      Required ratio:    0.00 (Cumulative area) 
      Partial area ratio:    4.04
      Required ratio:  400.00 (Side area) 
      Cumulative area ratio:   17.59
      Required ratio:    0.00 (Cumulative side area) 

    Layer: via2
      Partial area ratio:    0.19
      Required ratio:    6.00 (Gate area) 
      Cumulative area ratio:    0.53
      Required ratio:    0.00 (Cumulative area) 

    Layer: met3
      Partial area ratio:   20.02
      Required ratio:    0.00 (Gate area) 
      Cumulative area ratio:   23.78
      Required ratio:    0.00 (Cumulative area) 
      Partial area ratio:  108.96
      Required ratio:  400.00 (Side area) 
      Cumulative area ratio:  126.55
      Required ratio:    0.00 (Cumulative side area) 

    Layer: via3
      Partial area ratio:    0.19
      Required ratio:    6.00 (Gate area) 
      Cumulative area ratio:    0.72
      Required ratio:    0.00 (Cumulative area) 

    Layer: met4
      Partial area ratio:   93.45
      Required ratio:    0.00 (Gate area) 
      Cumulative area ratio:  117.23
      Required ratio:    0.00 (Cumulative area) 
      Partial area ratio:  481.24
      Required ratio:  400.00 (Side area) (VIOLATED)
      Cumulative area ratio:  607.79
      Required ratio:    0.00 (Cumulative side area) 

    Layer: via4
      Partial area ratio:    3.00
      Required ratio:    6.00 (Gate area) 
      Cumulative area ratio:    3.73
      Required ratio:    0.00 (Cumulative area) 

    Layer: met5
      Partial area ratio:  401.38
      Required ratio:    0.00 (Gate area) 
      Cumulative area ratio:  518.61
      Required ratio:    0.00 (Cumulative area) 
      Partial area ratio:  608.08
      Required ratio: 2848.40 (Side area) 
      Cumulative area ratio: 1215.86
      Required ratio:    0.00 (Cumulative side area) 


  Pin:   fanout347/A (sky130_fd_sc_hd__clkdlybuf4s25_1)
    Layer: mcon
      Partial area ratio:    0.14
      Required ratio:    3.00 (Gate area) 
      Cumulative area ratio:    0.14
      Required ratio:    0.00 (Cumulative area) 

    Layer: met1
      Partial area ratio:    2.24
      Required ratio:    0.00 (Gate area) 
      Cumulative area ratio:    2.24
      Required ratio:    0.00 (Cumulative area) 
      Partial area ratio:   10.34
      Required ratio:  400.00 (Side area) 
      Cumulative area ratio:   10.34
      Required ratio:    0.00 (Cumulative side area) 

    Layer: via
      Partial area ratio:    0.21
      Required ratio:    6.00 (Gate area) 
      Cumulative area ratio:    0.35
      Required ratio:    0.00 (Cumulative area) 

    Layer: met2
      Partial area ratio:    0.88
      Required ratio:    0.00 (Gate area) 
      Cumulative area ratio:    3.12
      Required ratio:    0.00 (Cumulative area) 
      Partial area ratio:    4.04
      Required ratio:  400.00 (Side area) 
      Cumulative area ratio:   14.38
      Required ratio:    0.00 (Cumulative side area) 

    Layer: via2
      Partial area ratio:    0.19
      Required ratio:    6.00 (Gate area) 
      Cumulative area ratio:    0.53
      Required ratio:    0.00 (Cumulative area) 

    Layer: met3
      Partial area ratio:    0.59
      Required ratio:    0.00 (Gate area) 
      Cumulative area ratio:    3.71
      Required ratio:    0.00 (Cumulative area) 
      Partial area ratio:    5.33
      Required ratio:  400.00 (Side area) 
      Cumulative area ratio:   19.72
      Required ratio:    0.00 (Cumulative side area) 

    Layer: via3
      Partial area ratio:    0.19
      Required ratio:    6.00 (Gate area) 
      Cumulative area ratio:    0.72
      Required ratio:    0.00 (Cumulative area) 

    Layer: met4
      Partial area ratio:   95.64
      Required ratio:    0.00 (Gate area) 
      Cumulative area ratio:   99.35
      Required ratio:    0.00 (Cumulative area) 
      Partial area ratio:  502.59
      Required ratio: 2848.40 (Side area) 
      Cumulative area ratio:  522.31
      Required ratio:    0.00 (Cumulative side area) 

    Layer: via4
      Partial area ratio:    1.50
      Required ratio:   28.36 (Gate area) 
      Cumulative area ratio:    2.22
      Required ratio:    0.00 (Cumulative area) 

    Layer: met5
      Partial area ratio:  401.38
      Required ratio:    0.00 (Gate area) 
      Cumulative area ratio:  500.72
      Required ratio:    0.00 (Cumulative area) 
      Partial area ratio:  608.08
      Required ratio: 2848.40 (Side area) 
      Cumulative area ratio: 1130.38
      Required ratio:    0.00 (Cumulative side area) 



Net: _2487_
  Pin:   fanout126/A (sky130_fd_sc_hd__clkdlybuf4s25_1)
    Layer: mcon
      Partial area ratio:    0.14
      Required ratio:    3.00 (Gate area) 
      Cumulative area ratio:    0.14
      Required ratio:    0.00 (Cumulative area) 

    Layer: met1
      Partial area ratio:    3.71
      Required ratio:    0.00 (Gate area) 
      Cumulative area ratio:    3.71
      Required ratio:    0.00 (Cumulative area) 
      Partial area ratio:   17.67
      Required ratio:  400.00 (Side area) 
      Cumulative area ratio:   17.67
      Required ratio:    0.00 (Cumulative side area) 

    Layer: via
      Partial area ratio:    0.21
      Required ratio:    6.00 (Gate area) 
      Cumulative area ratio:    0.35
      Required ratio:    0.00 (Cumulative area) 

    Layer: met2
      Partial area ratio:    0.88
      Required ratio:    0.00 (Gate area) 
      Cumulative area ratio:    4.59
      Required ratio:    0.00 (Cumulative area) 
      Partial area ratio:    4.04
      Required ratio:  400.00 (Side area) 
      Cumulative area ratio:   21.71
      Required ratio:    0.00 (Cumulative side area) 

    Layer: via2
      Partial area ratio:    0.19
      Required ratio:    6.00 (Gate area) 
      Cumulative area ratio:    0.53
      Required ratio:    0.00 (Cumulative area) 

    Layer: met3
      Partial area ratio:    0.59
      Required ratio:    0.00 (Gate area) 
      Cumulative area ratio:    5.17
      Required ratio:    0.00 (Cumulative area) 
      Partial area ratio:    5.33
      Required ratio:  400.00 (Side area) 
      Cumulative area ratio:   27.05
      Required ratio:    0.00 (Cumulative side area) 

    Layer: via3
      Partial area ratio:    0.19
      Required ratio:    6.00 (Gate area) 
      Cumulative area ratio:    0.72
      Required ratio:    0.00 (Cumulative area) 

    Layer: met4
      Partial area ratio:   17.16
      Required ratio:    0.00 (Gate area) 
      Cumulative area ratio:   22.33
      Required ratio:    0.00 (Cumulative area) 
      Partial area ratio:   92.06
      Required ratio: 2848.40 (Side area) 
      Cumulative area ratio:  119.10
      Required ratio:    0.00 (Cumulative side area) 


  Pin:   fanout128/A (sky130_fd_sc_hd__clkdlybuf4s25_1)
    Layer: mcon
      Partial area ratio:    0.14
      Required ratio:    3.00 (Gate area) 
      Cumulative area ratio:    0.14
      Required ratio:    0.00 (Cumulative area) 

    Layer: met1
      Partial area ratio:    2.69
      Required ratio:    0.00 (Gate area) 
      Cumulative area ratio:    2.69
      Required ratio:    0.00 (Cumulative area) 
      Partial area ratio:   12.58
      Required ratio:  400.00 (Side area) 
      Cumulative area ratio:   12.58
      Required ratio:    0.00 (Cumulative side area) 

    Layer: via
      Partial area ratio:    0.21
      Required ratio:    6.00 (Gate area) 
      Cumulative area ratio:    0.35
      Required ratio:    0.00 (Cumulative area) 

    Layer: met2
      Partial area ratio:   16.96
      Required ratio:    0.00 (Gate area) 
      Cumulative area ratio:   19.65
      Required ratio:    0.00 (Cumulative area) 
      Partial area ratio:   83.80
      Required ratio:  400.00 (Side area) 
      Cumulative area ratio:   96.38
      Required ratio:    0.00 (Cumulative side area) 

    Layer: via2
      Partial area ratio:    0.09
      Required ratio:    6.00 (Gate area) 
      Cumulative area ratio:    0.44
      Required ratio:    0.00 (Cumulative area) 

    Layer: met3
      Partial area ratio:   87.76
      Required ratio:    0.00 (Gate area) 
      Cumulative area ratio:  107.40
      Required ratio:    0.00 (Cumulative area) 
      Partial area ratio:  469.13
      Required ratio:  400.00 (Side area) (VIOLATED)
      Cumulative area ratio:  565.51
      Required ratio:    0.00 (Cumulative side area) 

    Layer: via3
      Partial area ratio:    0.09
      Required ratio:    6.00 (Gate area) 
      Cumulative area ratio:    0.53
      Required ratio:    0.00 (Cumulative area) 

    Layer: met4
      Partial area ratio:   17.16
      Required ratio:    0.00 (Gate area) 
      Cumulative area ratio:  124.56
      Required ratio:    0.00 (Cumulative area) 
      Partial area ratio:   92.06
      Required ratio: 2848.40 (Side area) 
      Cumulative area ratio:  657.57
      Required ratio:    0.00 (Cumulative side area) 


  Pin:   fanout129/A (sky130_fd_sc_hd__clkdlybuf4s25_1)
    Layer: mcon
      Partial area ratio:    0.14
      Required ratio:    3.00 (Gate area) 
      Cumulative area ratio:    0.14
      Required ratio:    0.00 (Cumulative area) 

    Layer: met1
      Partial area ratio:    6.30
      Required ratio:    0.00 (Gate area) 
      Cumulative area ratio:    6.30
      Required ratio:    0.00 (Cumulative area) 
      Partial area ratio:   30.64
      Required ratio:  400.00 (Side area) 
      Cumulative area ratio:   30.64
      Required ratio:    0.00 (Cumulative side area) 

    Layer: via
      Partial area ratio:    0.21
      Required ratio:    6.00 (Gate area) 
      Cumulative area ratio:    0.35
      Required ratio:    0.00 (Cumulative area) 

    Layer: met2
      Partial area ratio:   15.04
      Required ratio:    0.00 (Gate area) 
      Cumulative area ratio:   21.34
      Required ratio:    0.00 (Cumulative area) 
      Partial area ratio:   74.29
      Required ratio: 2848.40 (Side area) 
      Cumulative area ratio:  104.93
      Required ratio:    0.00 (Cumulative side area) 

    Layer: via2
      Partial area ratio:    0.19
      Required ratio:   28.36 (Gate area) 
      Cumulative area ratio:    0.53
      Required ratio:    0.00 (Cumulative area) 

    Layer: met3
      Partial area ratio:   10.30
      Required ratio:    0.00 (Gate area) 
      Cumulative area ratio:   31.64
      Required ratio:    0.00 (Cumulative area) 
      Partial area ratio:   57.13
      Required ratio: 2848.40 (Side area) 
      Cumulative area ratio:  162.05
      Required ratio:    0.00 (Cumulative side area) 

    Layer: via3
      Partial area ratio:    0.19
      Required ratio:   28.36 (Gate area) 
      Cumulative area ratio:    0.72
      Required ratio:    0.00 (Cumulative area) 

    Layer: met4
      Partial area ratio:   17.16
      Required ratio:    0.00 (Gate area) 
      Cumulative area ratio:   48.80
      Required ratio:    0.00 (Cumulative area) 
      Partial area ratio:   92.06
      Required ratio: 2848.40 (Side area) 
      Cumulative area ratio:  254.11
      Required ratio:    0.00 (Cumulative side area) 


  Pin:   fanout131/A (sky130_fd_sc_hd__clkdlybuf4s25_1)
    Layer: mcon
      Partial area ratio:    0.14
      Required ratio:    3.00 (Gate area) 
      Cumulative area ratio:    0.14
      Required ratio:    0.00 (Cumulative area) 

    Layer: met1
      Partial area ratio:    2.51
      Required ratio:    0.00 (Gate area) 
      Cumulative area ratio:    2.51
      Required ratio:    0.00 (Cumulative area) 
      Partial area ratio:   11.66
      Required ratio:  400.00 (Side area) 
      Cumulative area ratio:   11.66
      Required ratio:    0.00 (Cumulative side area) 

    Layer: via
      Partial area ratio:    0.21
      Required ratio:    6.00 (Gate area) 
      Cumulative area ratio:    0.35
      Required ratio:    0.00 (Cumulative area) 

    Layer: met2
      Partial area ratio:   16.96
      Required ratio:    0.00 (Gate area) 
      Cumulative area ratio:   19.46
      Required ratio:    0.00 (Cumulative area) 
      Partial area ratio:   83.80
      Required ratio:  400.00 (Side area) 
      Cumulative area ratio:   95.46
      Required ratio:    0.00 (Cumulative side area) 

    Layer: via2
      Partial area ratio:    0.09
      Required ratio:    6.00 (Gate area) 
      Cumulative area ratio:    0.44
      Required ratio:    0.00 (Cumulative area) 

    Layer: met3
      Partial area ratio:   87.76
      Required ratio:    0.00 (Gate area) 
      Cumulative area ratio:  107.22
      Required ratio:    0.00 (Cumulative area) 
      Partial area ratio:  469.13
      Required ratio:  400.00 (Side area) (VIOLATED)
      Cumulative area ratio:  564.59
      Required ratio:    0.00 (Cumulative side area) 

    Layer: via3
      Partial area ratio:    0.09
      Required ratio:    6.00 (Gate area) 
      Cumulative area ratio:    0.53
      Required ratio:    0.00 (Cumulative area) 

    Layer: met4
      Partial area ratio:   17.16
      Required ratio:    0.00 (Gate area) 
      Cumulative area ratio:  124.38
      Required ratio:    0.00 (Cumulative area) 
      Partial area ratio:   92.06
      Required ratio: 2848.40 (Side area) 
      Cumulative area ratio:  656.64
      Required ratio:    0.00 (Cumulative side area) 



Net: _2490_
  Pin:   fanout328/A (sky130_fd_sc_hd__clkdlybuf4s25_1)
    Layer: mcon
      Partial area ratio:    0.14
      Required ratio:    3.00 (Gate area) 
      Cumulative area ratio:    0.14
      Required ratio:    0.00 (Cumulative area) 

    Layer: met1
      Partial area ratio:    3.31
      Required ratio:    0.00 (Gate area) 
      Cumulative area ratio:    3.31
      Required ratio:    0.00 (Cumulative area) 
      Partial area ratio:   15.67
      Required ratio:  400.00 (Side area) 
      Cumulative area ratio:   15.67
      Required ratio:    0.00 (Cumulative side area) 

    Layer: via
      Partial area ratio:    0.21
      Required ratio:    6.00 (Gate area) 
      Cumulative area ratio:    0.35
      Required ratio:    0.00 (Cumulative area) 

    Layer: met2
      Partial area ratio:    0.88
      Required ratio:    0.00 (Gate area) 
      Cumulative area ratio:    4.19
      Required ratio:    0.00 (Cumulative area) 
      Partial area ratio:    4.04
      Required ratio:  400.00 (Side area) 
      Cumulative area ratio:   19.71
      Required ratio:    0.00 (Cumulative side area) 

    Layer: via2
      Partial area ratio:    0.19
      Required ratio:    6.00 (Gate area) 
      Cumulative area ratio:    0.53
      Required ratio:    0.00 (Cumulative area) 

    Layer: met3
      Partial area ratio:   87.78
      Required ratio:    0.00 (Gate area) 
      Cumulative area ratio:   91.97
      Required ratio:    0.00 (Cumulative area) 
      Partial area ratio:  469.26
      Required ratio:  400.00 (Side area) (VIOLATED)
      Cumulative area ratio:  488.97
      Required ratio:    0.00 (Cumulative side area) 

    Layer: via3
      Partial area ratio:    0.19
      Required ratio:    6.00 (Gate area) 
      Cumulative area ratio:    0.72
      Required ratio:    0.00 (Cumulative area) 

    Layer: met4
      Partial area ratio:   19.85
      Required ratio:    0.00 (Gate area) 
      Cumulative area ratio:  111.82
      Required ratio:    0.00 (Cumulative area) 
      Partial area ratio:  107.55
      Required ratio: 2848.40 (Side area) 
      Cumulative area ratio:  596.52
      Required ratio:    0.00 (Cumulative side area) 


  Pin:   fanout330/A (sky130_fd_sc_hd__clkdlybuf4s25_1)
    Layer: mcon
      Partial area ratio:    0.14
      Required ratio:    3.00 (Gate area) 
      Cumulative area ratio:    0.14
      Required ratio:    0.00 (Cumulative area) 

    Layer: met1
      Partial area ratio:    4.70
      Required ratio:    0.00 (Gate area) 
      Cumulative area ratio:    4.70
      Required ratio:    0.00 (Cumulative area) 
      Partial area ratio:   22.62
      Required ratio:  400.00 (Side area) 
      Cumulative area ratio:   22.62
      Required ratio:    0.00 (Cumulative side area) 

    Layer: via
      Partial area ratio:    0.21
      Required ratio:    6.00 (Gate area) 
      Cumulative area ratio:    0.35
      Required ratio:    0.00 (Cumulative area) 

    Layer: met2
      Partial area ratio:    5.58
      Required ratio:    0.00 (Gate area) 
      Cumulative area ratio:   10.27
      Required ratio:    0.00 (Cumulative area) 
      Partial area ratio:   27.03
      Required ratio:  400.00 (Side area) 
      Cumulative area ratio:   49.65
      Required ratio:    0.00 (Cumulative side area) 

    Layer: via2
      Partial area ratio:    0.19
      Required ratio:    6.00 (Gate area) 
      Cumulative area ratio:    0.53
      Required ratio:    0.00 (Cumulative area) 

    Layer: met3
      Partial area ratio:   49.74
      Required ratio:    0.00 (Gate area) 
      Cumulative area ratio:   60.01
      Required ratio:    0.00 (Cumulative area) 
      Partial area ratio:  269.67
      Required ratio:  400.00 (Side area) 
      Cumulative area ratio:  319.32
      Required ratio:    0.00 (Cumulative side area) 

    Layer: via3
      Partial area ratio:    0.19
      Required ratio:    6.00 (Gate area) 
      Cumulative area ratio:    0.72
      Required ratio:    0.00 (Cumulative area) 

    Layer: met4
      Partial area ratio:   19.85
      Required ratio:    0.00 (Gate area) 
      Cumulative area ratio:   79.86
      Required ratio:    0.00 (Cumulative area) 
      Partial area ratio:  107.55
      Required ratio: 2848.40 (Side area) 
      Cumulative area ratio:  426.87
      Required ratio:    0.00 (Cumulative side area) 


  Pin:   fanout331/A (sky130_fd_sc_hd__clkdlybuf4s25_1)
    Layer: mcon
      Partial area ratio:    0.14
      Required ratio:    3.00 (Gate area) 
      Cumulative area ratio:    0.14
      Required ratio:    0.00 (Cumulative area) 

    Layer: met1
      Partial area ratio:   18.29
      Required ratio:    0.00 (Gate area) 
      Cumulative area ratio:   18.29
      Required ratio:    0.00 (Cumulative area) 
      Partial area ratio:   89.74
      Required ratio: 2848.40 (Side area) 
      Cumulative area ratio:   89.74
      Required ratio:    0.00 (Cumulative side area) 

    Layer: via
      Partial area ratio:    0.32
      Required ratio:   28.36 (Gate area) 
      Cumulative area ratio:    0.45
      Required ratio:    0.00 (Cumulative area) 

    Layer: met2
      Partial area ratio:    1.27
      Required ratio:    0.00 (Gate area) 
      Cumulative area ratio:   19.55
      Required ratio:    0.00 (Cumulative area) 
      Partial area ratio:    5.95
      Required ratio: 2848.40 (Side area) 
      Cumulative area ratio:   95.69
      Required ratio:    0.00 (Cumulative side area) 

    Layer: via2
      Partial area ratio:    0.19
      Required ratio:   28.36 (Gate area) 
      Cumulative area ratio:    0.64
      Required ratio:    0.00 (Cumulative area) 

    Layer: met3
      Partial area ratio:    0.59
      Required ratio:    0.00 (Gate area) 
      Cumulative area ratio:   20.14
      Required ratio:    0.00 (Cumulative area) 
      Partial area ratio:    5.33
      Required ratio: 2848.40 (Side area) 
      Cumulative area ratio:  101.02
      Required ratio:    0.00 (Cumulative side area) 

    Layer: via3
      Partial area ratio:    0.19
      Required ratio:   28.36 (Gate area) 
      Cumulative area ratio:    0.83
      Required ratio:    0.00 (Cumulative area) 

    Layer: met4
      Partial area ratio:   19.85
      Required ratio:    0.00 (Gate area) 
      Cumulative area ratio:   40.00
      Required ratio:    0.00 (Cumulative area) 
      Partial area ratio:  107.55
      Required ratio: 2848.40 (Side area) 
      Cumulative area ratio:  208.57
      Required ratio:    0.00 (Cumulative side area) 


  Pin:   fanout333/A (sky130_fd_sc_hd__clkdlybuf4s25_1)
    Layer: mcon
      Partial area ratio:    0.14
      Required ratio:    3.00 (Gate area) 
      Cumulative area ratio:    0.14
      Required ratio:    0.00 (Cumulative area) 

    Layer: met1
      Partial area ratio:    3.07
      Required ratio:    0.00 (Gate area) 
      Cumulative area ratio:    3.07
      Required ratio:    0.00 (Cumulative area) 
      Partial area ratio:   14.47
      Required ratio:  400.00 (Side area) 
      Cumulative area ratio:   14.47
      Required ratio:    0.00 (Cumulative side area) 

    Layer: via
      Partial area ratio:    0.21
      Required ratio:    6.00 (Gate area) 
      Cumulative area ratio:    0.35
      Required ratio:    0.00 (Cumulative area) 

    Layer: met2
      Partial area ratio:    5.58
      Required ratio:    0.00 (Gate area) 
      Cumulative area ratio:    8.64
      Required ratio:    0.00 (Cumulative area) 
      Partial area ratio:   27.03
      Required ratio:  400.00 (Side area) 
      Cumulative area ratio:   41.50
      Required ratio:    0.00 (Cumulative side area) 

    Layer: via2
      Partial area ratio:    0.19
      Required ratio:    6.00 (Gate area) 
      Cumulative area ratio:    0.53
      Required ratio:    0.00 (Cumulative area) 

    Layer: met3
      Partial area ratio:   87.78
      Required ratio:    0.00 (Gate area) 
      Cumulative area ratio:   96.43
      Required ratio:    0.00 (Cumulative area) 
      Partial area ratio:  469.26
      Required ratio:  400.00 (Side area) (VIOLATED)
      Cumulative area ratio:  510.76
      Required ratio:    0.00 (Cumulative side area) 

    Layer: via3
      Partial area ratio:    0.19
      Required ratio:    6.00 (Gate area) 
      Cumulative area ratio:    0.72
      Required ratio:    0.00 (Cumulative area) 

    Layer: met4
      Partial area ratio:   19.85
      Required ratio:    0.00 (Gate area) 
      Cumulative area ratio:  116.28
      Required ratio:    0.00 (Cumulative area) 
      Partial area ratio:  107.55
      Required ratio: 2848.40 (Side area) 
      Cumulative area ratio:  618.31
      Required ratio:    0.00 (Cumulative side area) 



Net: net16
  Pin:   _4801_/A_N (sky130_fd_sc_hd__and2b_2)
    Layer: mcon
      Partial area ratio:    0.23
      Required ratio:    3.00 (Gate area) 
      Cumulative area ratio:    0.23
      Required ratio:    0.00 (Cumulative area) 

    Layer: met1
      Partial area ratio:   11.42
      Required ratio:    0.00 (Gate area) 
      Cumulative area ratio:   11.42
      Required ratio:    0.00 (Cumulative area) 
      Partial area ratio:   53.97
      Required ratio:  400.00 (Side area) 
      Cumulative area ratio:   53.97
      Required ratio:    0.00 (Cumulative side area) 

    Layer: via
      Partial area ratio:    0.54
      Required ratio:    6.00 (Gate area) 
      Cumulative area ratio:    0.77
      Required ratio:    0.00 (Cumulative area) 

    Layer: met2
      Partial area ratio:   18.19
      Required ratio:    0.00 (Gate area) 
      Cumulative area ratio:   29.61
      Required ratio:    0.00 (Cumulative area) 
      Partial area ratio:   88.17
      Required ratio:  400.00 (Side area) 
      Cumulative area ratio:  142.14
      Required ratio:    0.00 (Cumulative side area) 

    Layer: via2
      Partial area ratio:    0.63
      Required ratio:    6.00 (Gate area) 
      Cumulative area ratio:    1.40
      Required ratio:    0.00 (Cumulative area) 

    Layer: met3
      Partial area ratio:   77.63
      Required ratio:    0.00 (Gate area) 
      Cumulative area ratio:  107.24
      Required ratio:    0.00 (Cumulative area) 
      Partial area ratio:  417.74
      Required ratio:  400.00 (Side area) (VIOLATED)
      Cumulative area ratio:  559.87
      Required ratio:    0.00 (Cumulative side area) 

    Layer: via3
      Partial area ratio:    0.11
      Required ratio:    6.00 (Gate area) 
      Cumulative area ratio:    1.51
      Required ratio:    0.00 (Cumulative area) 

    Layer: met4
      Partial area ratio:   67.70
      Required ratio:    0.00 (Gate area) 
      Cumulative area ratio:  174.94
      Required ratio:    0.00 (Cumulative area) 
      Partial area ratio:  362.61
      Required ratio: 2759.04 (Side area) 
      Cumulative area ratio:  922.49
      Required ratio:    0.00 (Cumulative side area) 


  Pin:   _4806_/A_N (sky130_fd_sc_hd__and2b_2)
    Layer: mcon
      Partial area ratio:    0.23
      Required ratio:    3.00 (Gate area) 
      Cumulative area ratio:    0.23
      Required ratio:    0.00 (Cumulative area) 

    Layer: met1
      Partial area ratio:   11.28
      Required ratio:    0.00 (Gate area) 
      Cumulative area ratio:   11.28
      Required ratio:    0.00 (Cumulative area) 
      Partial area ratio:   54.92
      Required ratio:  400.00 (Side area) 
      Cumulative area ratio:   54.92
      Required ratio:    0.00 (Cumulative side area) 

    Layer: via
      Partial area ratio:    0.36
      Required ratio:    6.00 (Gate area) 
      Cumulative area ratio:    0.59
      Required ratio:    0.00 (Cumulative area) 

    Layer: met2
      Partial area ratio:   17.23
      Required ratio:    0.00 (Gate area) 
      Cumulative area ratio:   28.50
      Required ratio:    0.00 (Cumulative area) 
      Partial area ratio:   84.28
      Required ratio:  400.00 (Side area) 
      Cumulative area ratio:  139.19
      Required ratio:    0.00 (Cumulative side area) 

    Layer: via2
      Partial area ratio:    0.63
      Required ratio:    6.00 (Gate area) 
      Cumulative area ratio:    1.22
      Required ratio:    0.00 (Cumulative area) 

    Layer: met3
      Partial area ratio:   77.63
      Required ratio:    0.00 (Gate area) 
      Cumulative area ratio:  106.13
      Required ratio:    0.00 (Cumulative area) 
      Partial area ratio:  417.74
      Required ratio:  400.00 (Side area) (VIOLATED)
      Cumulative area ratio:  556.93
      Required ratio:    0.00 (Cumulative side area) 

    Layer: via3
      Partial area ratio:    0.11
      Required ratio:    6.00 (Gate area) 
      Cumulative area ratio:    1.33
      Required ratio:    0.00 (Cumulative area) 

    Layer: met4
      Partial area ratio:   67.70
      Required ratio:    0.00 (Gate area) 
      Cumulative area ratio:  173.83
      Required ratio:    0.00 (Cumulative area) 
      Partial area ratio:  362.61
      Required ratio: 2759.04 (Side area) 
      Cumulative area ratio:  919.54
      Required ratio:    0.00 (Cumulative side area) 


  Pin:   _4808_/A_N (sky130_fd_sc_hd__and2b_2)
    Layer: mcon
      Partial area ratio:    0.23
      Required ratio:    3.00 (Gate area) 
      Cumulative area ratio:    0.23
      Required ratio:    0.00 (Cumulative area) 

    Layer: met1
      Partial area ratio:    3.68
      Required ratio:    0.00 (Gate area) 
      Cumulative area ratio:    3.68
      Required ratio:    0.00 (Cumulative area) 
      Partial area ratio:   16.92
      Required ratio:  400.00 (Side area) 
      Cumulative area ratio:   16.92
      Required ratio:    0.00 (Cumulative side area) 

    Layer: via
      Partial area ratio:    0.36
      Required ratio:    6.00 (Gate area) 
      Cumulative area ratio:    0.59
      Required ratio:    0.00 (Cumulative area) 

    Layer: met2
      Partial area ratio:    1.48
      Required ratio:    0.00 (Gate area) 
      Cumulative area ratio:    5.16
      Required ratio:    0.00 (Cumulative area) 
      Partial area ratio:    6.83
      Required ratio:  400.00 (Side area) 
      Cumulative area ratio:   23.75
      Required ratio:    0.00 (Cumulative side area) 

    Layer: via2
      Partial area ratio:    0.32
      Required ratio:    6.00 (Gate area) 
      Cumulative area ratio:    0.90
      Required ratio:    0.00 (Cumulative area) 

    Layer: met3
      Partial area ratio:   77.63
      Required ratio:    0.00 (Gate area) 
      Cumulative area ratio:   82.79
      Required ratio:    0.00 (Cumulative area) 
      Partial area ratio:  417.74
      Required ratio:  400.00 (Side area) (VIOLATED)
      Cumulative area ratio:  441.49
      Required ratio:    0.00 (Cumulative side area) 

    Layer: via3
      Partial area ratio:    0.11
      Required ratio:    6.00 (Gate area) 
      Cumulative area ratio:    1.01
      Required ratio:    0.00 (Cumulative area) 

    Layer: met4
      Partial area ratio:   67.70
      Required ratio:    0.00 (Gate area) 
      Cumulative area ratio:  150.49
      Required ratio:    0.00 (Cumulative area) 
      Partial area ratio:  362.61
      Required ratio: 2759.04 (Side area) 
      Cumulative area ratio:  804.10
      Required ratio:    0.00 (Cumulative side area) 


  Pin:   fanout991/A (sky130_fd_sc_hd__clkdlybuf4s25_1)
    Layer: mcon
      Partial area ratio:    0.14
      Required ratio:    3.00 (Gate area) 
      Cumulative area ratio:    0.14
      Required ratio:    0.00 (Cumulative area) 

    Layer: met1
      Partial area ratio:    3.13
      Required ratio:    0.00 (Gate area) 
      Cumulative area ratio:    3.13
      Required ratio:    0.00 (Cumulative area) 
      Partial area ratio:   14.80
      Required ratio:  400.00 (Side area) 
      Cumulative area ratio:   14.80
      Required ratio:    0.00 (Cumulative side area) 

    Layer: via
      Partial area ratio:    0.21
      Required ratio:    6.00 (Gate area) 
      Cumulative area ratio:    0.35
      Required ratio:    0.00 (Cumulative area) 

    Layer: met2
      Partial area ratio:   15.04
      Required ratio:    0.00 (Gate area) 
      Cumulative area ratio:   18.17
      Required ratio:    0.00 (Cumulative area) 
      Partial area ratio:   74.29
      Required ratio: 2759.04 (Side area) 
      Cumulative area ratio:   89.08
      Required ratio:    0.00 (Cumulative side area) 

    Layer: via2
      Partial area ratio:    0.19
      Required ratio:   20.31 (Gate area) 
      Cumulative area ratio:    0.53
      Required ratio:    0.00 (Cumulative area) 

    Layer: met3
      Partial area ratio:   29.77
      Required ratio:    0.00 (Gate area) 
      Cumulative area ratio:   47.94
      Required ratio:    0.00 (Cumulative area) 
      Partial area ratio:  160.94
      Required ratio: 2759.04 (Side area) 
      Cumulative area ratio:  250.02
      Required ratio:    0.00 (Cumulative side area) 

    Layer: via3
      Partial area ratio:    0.38
      Required ratio:   20.31 (Gate area) 
      Cumulative area ratio:    0.91
      Required ratio:    0.00 (Cumulative area) 

    Layer: met4
      Partial area ratio:   67.70
      Required ratio:    0.00 (Gate area) 
      Cumulative area ratio:  115.65
      Required ratio:    0.00 (Cumulative area) 
      Partial area ratio:  362.61
      Required ratio: 2759.04 (Side area) 
      Cumulative area ratio:  612.64
      Required ratio:    0.00 (Cumulative side area) 


  Pin:   fanout993/A (sky130_fd_sc_hd__clkdlybuf4s25_1)
    Layer: mcon
      Partial area ratio:    0.14
      Required ratio:    3.00 (Gate area) 
      Cumulative area ratio:    0.14
      Required ratio:    0.00 (Cumulative area) 

    Layer: met1
      Partial area ratio:    4.09
      Required ratio:    0.00 (Gate area) 
      Cumulative area ratio:    4.09
      Required ratio:    0.00 (Cumulative area) 
      Partial area ratio:   19.59
      Required ratio:  400.00 (Side area) 
      Cumulative area ratio:   19.59
      Required ratio:    0.00 (Cumulative side area) 

    Layer: via
      Partial area ratio:    0.21
      Required ratio:    6.00 (Gate area) 
      Cumulative area ratio:    0.35
      Required ratio:    0.00 (Cumulative area) 

    Layer: met2
      Partial area ratio:    0.88
      Required ratio:    0.00 (Gate area) 
      Cumulative area ratio:    4.97
      Required ratio:    0.00 (Cumulative area) 
      Partial area ratio:    4.04
      Required ratio:  400.00 (Side area) 
      Cumulative area ratio:   23.64
      Required ratio:    0.00 (Cumulative side area) 

    Layer: via2
      Partial area ratio:    0.19
      Required ratio:    6.00 (Gate area) 
      Cumulative area ratio:    0.53
      Required ratio:    0.00 (Cumulative area) 

    Layer: met3
      Partial area ratio:  107.48
      Required ratio:    0.00 (Gate area) 
      Cumulative area ratio:  112.45
      Required ratio:    0.00 (Cumulative area) 
      Partial area ratio:  575.44
      Required ratio:  400.00 (Side area) (VIOLATED)
      Cumulative area ratio:  599.07
      Required ratio:    0.00 (Cumulative side area) 

    Layer: via3
      Partial area ratio:    0.19
      Required ratio:    6.00 (Gate area) 
      Cumulative area ratio:    0.72
      Required ratio:    0.00 (Cumulative area) 

    Layer: met4
      Partial area ratio:   67.70
      Required ratio:    0.00 (Gate area) 
      Cumulative area ratio:  180.16
      Required ratio:    0.00 (Cumulative area) 
      Partial area ratio:  362.61
      Required ratio: 2759.04 (Side area) 
      Cumulative area ratio:  961.69
      Required ratio:    0.00 (Cumulative side area) 


  Pin:   fanout994/A (sky130_fd_sc_hd__clkbuf_2)
    Layer: mcon
      Partial area ratio:    0.14
      Required ratio:    3.00 (Gate area) 
      Cumulative area ratio:    0.14
      Required ratio:    0.00 (Cumulative area) 

    Layer: met1
      Partial area ratio:    1.53
      Required ratio:    0.00 (Gate area) 
      Cumulative area ratio:    1.53
      Required ratio:    0.00 (Cumulative area) 
      Partial area ratio:    7.12
      Required ratio:  400.00 (Side area) 
      Cumulative area ratio:    7.12
      Required ratio:    0.00 (Cumulative side area) 

    Layer: via
      Partial area ratio:    0.21
      Required ratio:    6.00 (Gate area) 
      Cumulative area ratio:    0.35
      Required ratio:    0.00 (Cumulative area) 

    Layer: met2
      Partial area ratio:    5.66
      Required ratio:    0.00 (Gate area) 
      Cumulative area ratio:    7.19
      Required ratio:    0.00 (Cumulative area) 
      Partial area ratio:   27.18
      Required ratio:  400.00 (Side area) 
      Cumulative area ratio:   34.29
      Required ratio:    0.00 (Cumulative side area) 

    Layer: via2
      Partial area ratio:    0.38
      Required ratio:    6.00 (Gate area) 
      Cumulative area ratio:    0.72
      Required ratio:    0.00 (Cumulative area) 

    Layer: met3
      Partial area ratio:  108.11
      Required ratio:    0.00 (Gate area) 
      Cumulative area ratio:  115.30
      Required ratio:    0.00 (Cumulative area) 
      Partial area ratio:  580.96
      Required ratio:  400.00 (Side area) (VIOLATED)
      Cumulative area ratio:  615.25
      Required ratio:    0.00 (Cumulative side area) 

    Layer: via3
      Partial area ratio:    0.56
      Required ratio:    6.00 (Gate area) 
      Cumulative area ratio:    1.29
      Required ratio:    0.00 (Cumulative area) 

    Layer: met4
      Partial area ratio:   67.70
      Required ratio:    0.00 (Gate area) 
      Cumulative area ratio:  183.00
      Required ratio:    0.00 (Cumulative area) 
      Partial area ratio:  362.61
      Required ratio: 2759.04 (Side area) 
      Cumulative area ratio:  977.87
      Required ratio:    0.00 (Cumulative side area) 


  Pin:   fanout1002/A (sky130_fd_sc_hd__clkdlybuf4s25_1)
    Layer: mcon
      Partial area ratio:    0.14
      Required ratio:    3.00 (Gate area) 
      Cumulative area ratio:    0.14
      Required ratio:    0.00 (Cumulative area) 

    Layer: met1
      Partial area ratio:    3.98
      Required ratio:    0.00 (Gate area) 
      Cumulative area ratio:    3.98
      Required ratio:    0.00 (Cumulative area) 
      Partial area ratio:   19.01
      Required ratio:  400.00 (Side area) 
      Cumulative area ratio:   19.01
      Required ratio:    0.00 (Cumulative side area) 

    Layer: via
      Partial area ratio:    0.21
      Required ratio:    6.00 (Gate area) 
      Cumulative area ratio:    0.35
      Required ratio:    0.00 (Cumulative area) 

    Layer: met2
      Partial area ratio:    0.88
      Required ratio:    0.00 (Gate area) 
      Cumulative area ratio:    4.85
      Required ratio:    0.00 (Cumulative area) 
      Partial area ratio:    4.04
      Required ratio:  400.00 (Side area) 
      Cumulative area ratio:   23.05
      Required ratio:    0.00 (Cumulative side area) 

    Layer: via2
      Partial area ratio:    0.19
      Required ratio:    6.00 (Gate area) 
      Cumulative area ratio:    0.53
      Required ratio:    0.00 (Cumulative area) 

    Layer: met3
      Partial area ratio:   40.01
      Required ratio:    0.00 (Gate area) 
      Cumulative area ratio:   44.87
      Required ratio:    0.00 (Cumulative area) 
      Partial area ratio:  217.80
      Required ratio:  400.00 (Side area) 
      Cumulative area ratio:  240.85
      Required ratio:    0.00 (Cumulative side area) 

    Layer: via3
      Partial area ratio:    0.19
      Required ratio:    6.00 (Gate area) 
      Cumulative area ratio:    0.72
      Required ratio:    0.00 (Cumulative area) 

    Layer: met4
      Partial area ratio:   67.70
      Required ratio:    0.00 (Gate area) 
      Cumulative area ratio:  112.57
      Required ratio:    0.00 (Cumulative area) 
      Partial area ratio:  362.61
      Required ratio: 2759.04 (Side area) 
      Cumulative area ratio:  603.46
      Required ratio:    0.00 (Cumulative side area) 



Net: net158
  Pin:   fanout155/A (sky130_fd_sc_hd__clkdlybuf4s25_1)
    Layer: mcon
      Partial area ratio:    0.14
      Required ratio:    3.00 (Gate area) 
      Cumulative area ratio:    0.14
      Required ratio:    0.00 (Cumulative area) 

    Layer: met1
      Partial area ratio:    3.57
      Required ratio:    0.00 (Gate area) 
      Cumulative area ratio:    3.57
      Required ratio:    0.00 (Cumulative area) 
      Partial area ratio:   16.98
      Required ratio:  400.00 (Side area) 
      Cumulative area ratio:   16.98
      Required ratio:    0.00 (Cumulative side area) 

    Layer: via
      Partial area ratio:    0.21
      Required ratio:    6.00 (Gate area) 
      Cumulative area ratio:    0.35
      Required ratio:    0.00 (Cumulative area) 

    Layer: met2
      Partial area ratio:    0.88
      Required ratio:    0.00 (Gate area) 
      Cumulative area ratio:    4.45
      Required ratio:    0.00 (Cumulative area) 
      Partial area ratio:    4.04
      Required ratio:  400.00 (Side area) 
      Cumulative area ratio:   21.03
      Required ratio:    0.00 (Cumulative side area) 

    Layer: via2
      Partial area ratio:    0.19
      Required ratio:    6.00 (Gate area) 
      Cumulative area ratio:    0.53
      Required ratio:    0.00 (Cumulative area) 

    Layer: met3
      Partial area ratio:    0.59
      Required ratio:    0.00 (Gate area) 
      Cumulative area ratio:    5.03
      Required ratio:    0.00 (Cumulative area) 
      Partial area ratio:    5.33
      Required ratio:  400.00 (Side area) 
      Cumulative area ratio:   26.36
      Required ratio:    0.00 (Cumulative side area) 

    Layer: via3
      Partial area ratio:    0.19
      Required ratio:    6.00 (Gate area) 
      Cumulative area ratio:    0.72
      Required ratio:    0.00 (Cumulative area) 

    Layer: met4
      Partial area ratio:  100.18
      Required ratio:    0.00 (Gate area) 
      Cumulative area ratio:  105.21
      Required ratio:    0.00 (Cumulative area) 
      Partial area ratio:  525.69
      Required ratio:  400.00 (Side area) (VIOLATED)
      Cumulative area ratio:  552.05
      Required ratio:    0.00 (Cumulative side area) 

    Layer: via4
      Partial area ratio:    1.50
      Required ratio:    6.00 (Gate area) 
      Cumulative area ratio:    2.22
      Required ratio:    0.00 (Cumulative area) 

    Layer: met5
      Partial area ratio:   83.76
      Required ratio:    0.00 (Gate area) 
      Cumulative area ratio:  188.97
      Required ratio:    0.00 (Cumulative area) 
      Partial area ratio:  134.65
      Required ratio: 2753.36 (Side area) 
      Cumulative area ratio:  686.70
      Required ratio:    0.00 (Cumulative side area) 


  Pin:   fanout157/A (sky130_fd_sc_hd__clkdlybuf4s25_1)
    Layer: mcon
      Partial area ratio:    0.14
      Required ratio:    3.00 (Gate area) 
      Cumulative area ratio:    0.14
      Required ratio:    0.00 (Cumulative area) 

    Layer: met1
      Partial area ratio:   10.09
      Required ratio:    0.00 (Gate area) 
      Cumulative area ratio:   10.09
      Required ratio:    0.00 (Cumulative area) 
      Partial area ratio:   49.60
      Required ratio:  400.00 (Side area) 
      Cumulative area ratio:   49.60
      Required ratio:    0.00 (Cumulative side area) 

    Layer: via
      Partial area ratio:    0.21
      Required ratio:    6.00 (Gate area) 
      Cumulative area ratio:    0.35
      Required ratio:    0.00 (Cumulative area) 

    Layer: met2
      Partial area ratio:    0.88
      Required ratio:    0.00 (Gate area) 
      Cumulative area ratio:   10.97
      Required ratio:    0.00 (Cumulative area) 
      Partial area ratio:    4.04
      Required ratio:  400.00 (Side area) 
      Cumulative area ratio:   53.64
      Required ratio:    0.00 (Cumulative side area) 

    Layer: via2
      Partial area ratio:    0.19
      Required ratio:    6.00 (Gate area) 
      Cumulative area ratio:    0.53
      Required ratio:    0.00 (Cumulative area) 

    Layer: met3
      Partial area ratio:    0.59
      Required ratio:    0.00 (Gate area) 
      Cumulative area ratio:   11.56
      Required ratio:    0.00 (Cumulative area) 
      Partial area ratio:    5.33
      Required ratio:  400.00 (Side area) 
      Cumulative area ratio:   58.98
      Required ratio:    0.00 (Cumulative side area) 

    Layer: via3
      Partial area ratio:    0.19
      Required ratio:    6.00 (Gate area) 
      Cumulative area ratio:    0.72
      Required ratio:    0.00 (Cumulative area) 

    Layer: met4
      Partial area ratio:  100.18
      Required ratio:    0.00 (Gate area) 
      Cumulative area ratio:  111.73
      Required ratio:    0.00 (Cumulative area) 
      Partial area ratio:  525.69
      Required ratio:  400.00 (Side area) (VIOLATED)
      Cumulative area ratio:  584.67
      Required ratio:    0.00 (Cumulative side area) 

    Layer: via4
      Partial area ratio:    1.50
      Required ratio:    6.00 (Gate area) 
      Cumulative area ratio:    2.22
      Required ratio:    0.00 (Cumulative area) 

    Layer: met5
      Partial area ratio:   83.76
      Required ratio:    0.00 (Gate area) 
      Cumulative area ratio:  195.49
      Required ratio:    0.00 (Cumulative area) 
      Partial area ratio:  134.65
      Required ratio: 2753.36 (Side area) 
      Cumulative area ratio:  719.32
      Required ratio:    0.00 (Cumulative side area) 



Net: net184
  Pin:   fanout180/A (sky130_fd_sc_hd__clkdlybuf4s25_1)
    Layer: mcon
      Partial area ratio:    0.14
      Required ratio:    3.00 (Gate area) 
      Cumulative area ratio:    0.14
      Required ratio:    0.00 (Cumulative area) 

    Layer: met1
      Partial area ratio:    1.73
      Required ratio:    0.00 (Gate area) 
      Cumulative area ratio:    1.73
      Required ratio:    0.00 (Cumulative area) 
      Partial area ratio:    8.14
      Required ratio:  400.00 (Side area) 
      Cumulative area ratio:    8.14
      Required ratio:    0.00 (Cumulative side area) 

    Layer: via
      Partial area ratio:    0.14
      Required ratio:    6.00 (Gate area) 
      Cumulative area ratio:    0.28
      Required ratio:    0.00 (Cumulative area) 

    Layer: met2
      Partial area ratio:    0.55
      Required ratio:    0.00 (Gate area) 
      Cumulative area ratio:    2.29
      Required ratio:    0.00 (Cumulative area) 
      Partial area ratio:    2.28
      Required ratio:  400.00 (Side area) 
      Cumulative area ratio:   10.42
      Required ratio:    0.00 (Cumulative side area) 

    Layer: via2
      Partial area ratio:    0.19
      Required ratio:    6.00 (Gate area) 
      Cumulative area ratio:    0.47
      Required ratio:    0.00 (Cumulative area) 

    Layer: met3
      Partial area ratio:   78.36
      Required ratio:    0.00 (Gate area) 
      Cumulative area ratio:   80.65
      Required ratio:    0.00 (Cumulative area) 
      Partial area ratio:  420.09
      Required ratio:  400.00 (Side area) (VIOLATED)
      Cumulative area ratio:  430.52
      Required ratio:    0.00 (Cumulative side area) 

    Layer: via3
      Partial area ratio:    0.38
      Required ratio:    6.00 (Gate area) 
      Cumulative area ratio:    0.84
      Required ratio:    0.00 (Cumulative area) 

    Layer: met4
      Partial area ratio:   74.00
      Required ratio:    0.00 (Gate area) 
      Cumulative area ratio:  154.65
      Required ratio:    0.00 (Cumulative area) 
      Partial area ratio:  399.10
      Required ratio: 2753.36 (Side area) 
      Cumulative area ratio:  829.62
      Required ratio:    0.00 (Cumulative side area) 


  Pin:   fanout183/A (sky130_fd_sc_hd__clkdlybuf4s25_1)
    Layer: mcon
      Partial area ratio:    0.14
      Required ratio:    3.00 (Gate area) 
      Cumulative area ratio:    0.14
      Required ratio:    0.00 (Cumulative area) 

    Layer: met1
      Partial area ratio:    4.22
      Required ratio:    0.00 (Gate area) 
      Cumulative area ratio:    4.22
      Required ratio:    0.00 (Cumulative area) 
      Partial area ratio:   20.20
      Required ratio:  400.00 (Side area) 
      Cumulative area ratio:   20.20
      Required ratio:    0.00 (Cumulative side area) 

    Layer: via
      Partial area ratio:    0.21
      Required ratio:    6.00 (Gate area) 
      Cumulative area ratio:    0.35
      Required ratio:    0.00 (Cumulative area) 

    Layer: met2
      Partial area ratio:    0.88
      Required ratio:    0.00 (Gate area) 
      Cumulative area ratio:    5.09
      Required ratio:    0.00 (Cumulative area) 
      Partial area ratio:    4.04
      Required ratio:  400.00 (Side area) 
      Cumulative area ratio:   24.25
      Required ratio:    0.00 (Cumulative side area) 

    Layer: via2
      Partial area ratio:    0.19
      Required ratio:    6.00 (Gate area) 
      Cumulative area ratio:    0.53
      Required ratio:    0.00 (Cumulative area) 

    Layer: met3
      Partial area ratio:    0.59
      Required ratio:    0.00 (Gate area) 
      Cumulative area ratio:    5.68
      Required ratio:    0.00 (Cumulative area) 
      Partial area ratio:    5.33
      Required ratio:  400.00 (Side area) 
      Cumulative area ratio:   29.58
      Required ratio:    0.00 (Cumulative side area) 

    Layer: via3
      Partial area ratio:    0.19
      Required ratio:    6.00 (Gate area) 
      Cumulative area ratio:    0.72
      Required ratio:    0.00 (Cumulative area) 

    Layer: met4
      Partial area ratio:   74.00
      Required ratio:    0.00 (Gate area) 
      Cumulative area ratio:   79.68
      Required ratio:    0.00 (Cumulative area) 
      Partial area ratio:  399.10
      Required ratio: 2753.36 (Side area) 
      Cumulative area ratio:  428.68
      Required ratio:    0.00 (Cumulative side area) 



Net: net275
  Pin:   _4168_/B1 (sky130_fd_sc_hd__a22o_2)
    Layer: mcon
      Partial area ratio:    0.12
      Required ratio:    3.00 (Gate area) 
      Cumulative area ratio:    0.12
      Required ratio:    0.00 (Cumulative area) 

    Layer: met1
      Partial area ratio:    6.07
      Required ratio:    0.00 (Gate area) 
      Cumulative area ratio:    6.07
      Required ratio:    0.00 (Cumulative area) 
      Partial area ratio:   29.61
      Required ratio:  400.00 (Side area) 
      Cumulative area ratio:   29.61
      Required ratio:    0.00 (Cumulative side area) 

    Layer: via
      Partial area ratio:    0.18
      Required ratio:    6.00 (Gate area) 
      Cumulative area ratio:    0.30
      Required ratio:    0.00 (Cumulative area) 

    Layer: met2
      Partial area ratio:    4.80
      Required ratio:    0.00 (Gate area) 
      Cumulative area ratio:   10.87
      Required ratio:    0.00 (Cumulative area) 
      Partial area ratio:   23.26
      Required ratio:  400.00 (Side area) 
      Cumulative area ratio:   52.87
      Required ratio:    0.00 (Cumulative side area) 

    Layer: via2
      Partial area ratio:    0.16
      Required ratio:    6.00 (Gate area) 
      Cumulative area ratio:    0.46
      Required ratio:    0.00 (Cumulative area) 

    Layer: met3
      Partial area ratio:  151.05
      Required ratio:    0.00 (Gate area) 
      Cumulative area ratio:  161.92
      Required ratio:    0.00 (Cumulative area) 
      Partial area ratio:  807.47
      Required ratio:  400.00 (Side area) (VIOLATED)
      Cumulative area ratio:  860.34
      Required ratio:    0.00 (Cumulative side area) 

    Layer: via3
      Partial area ratio:    0.16
      Required ratio:    6.00 (Gate area) 
      Cumulative area ratio:    0.62
      Required ratio:    0.00 (Cumulative area) 

    Layer: met4
      Partial area ratio:   21.17
      Required ratio:    0.00 (Gate area) 
      Cumulative area ratio:  183.09
      Required ratio:    0.00 (Cumulative area) 
      Partial area ratio:  113.84
      Required ratio: 2881.16 (Side area) 
      Cumulative area ratio:  974.18
      Required ratio:    0.00 (Cumulative side area) 


  Pin:   load_slew277/A (sky130_fd_sc_hd__buf_4)
    Layer: mcon
      Partial area ratio:    0.12
      Required ratio:    3.00 (Gate area) 
      Cumulative area ratio:    0.12
      Required ratio:    0.00 (Cumulative area) 

    Layer: met1
      Partial area ratio:    9.37
      Required ratio:    0.00 (Gate area) 
      Cumulative area ratio:    9.37
      Required ratio:    0.00 (Cumulative area) 
      Partial area ratio:   44.50
      Required ratio: 2881.16 (Side area) 
      Cumulative area ratio:   44.50
      Required ratio:    0.00 (Cumulative side area) 

    Layer: via
      Partial area ratio:    0.45
      Required ratio:   31.30 (Gate area) 
      Cumulative area ratio:    0.57
      Required ratio:    0.00 (Cumulative area) 

    Layer: met2
      Partial area ratio:    1.85
      Required ratio:    0.00 (Gate area) 
      Cumulative area ratio:   11.21
      Required ratio:    0.00 (Cumulative area) 
      Partial area ratio:    8.60
      Required ratio: 2881.16 (Side area) 
      Cumulative area ratio:   53.10
      Required ratio:    0.00 (Cumulative side area) 

    Layer: via2
      Partial area ratio:    0.32
      Required ratio:   31.30 (Gate area) 
      Cumulative area ratio:    0.89
      Required ratio:    0.00 (Cumulative area) 

    Layer: met3
      Partial area ratio:    1.01
      Required ratio:    0.00 (Gate area) 
      Cumulative area ratio:   12.22
      Required ratio:    0.00 (Cumulative area) 
      Partial area ratio:    9.18
      Required ratio: 2881.16 (Side area) 
      Cumulative area ratio:   62.28
      Required ratio:    0.00 (Cumulative side area) 

    Layer: via3
      Partial area ratio:    0.32
      Required ratio:   31.30 (Gate area) 
      Cumulative area ratio:    1.22
      Required ratio:    0.00 (Cumulative area) 

    Layer: met4
      Partial area ratio:   21.17
      Required ratio:    0.00 (Gate area) 
      Cumulative area ratio:   33.39
      Required ratio:    0.00 (Cumulative area) 
      Partial area ratio:  113.84
      Required ratio: 2881.16 (Side area) 
      Cumulative area ratio:  176.12
      Required ratio:    0.00 (Cumulative side area) 



Net: net283
  Pin:   _4169_/B1 (sky130_fd_sc_hd__a22o_2)
    Layer: mcon
      Partial area ratio:    0.12
      Required ratio:    3.00 (Gate area) 
      Cumulative area ratio:    0.12
      Required ratio:    0.00 (Cumulative area) 

    Layer: met1
      Partial area ratio:    5.83
      Required ratio:    0.00 (Gate area) 
      Cumulative area ratio:    5.83
      Required ratio:    0.00 (Cumulative area) 
      Partial area ratio:   27.97
      Required ratio:  400.00 (Side area) 
      Cumulative area ratio:   27.97
      Required ratio:    0.00 (Cumulative side area) 

    Layer: via
      Partial area ratio:    0.27
      Required ratio:    6.00 (Gate area) 
      Cumulative area ratio:    0.39
      Required ratio:    0.00 (Cumulative area) 

    Layer: met2
      Partial area ratio:   52.19
      Required ratio:    0.00 (Gate area) 
      Cumulative area ratio:   58.03
      Required ratio:    0.00 (Cumulative area) 
      Partial area ratio:  259.55
      Required ratio:  400.00 (Side area) 
      Cumulative area ratio:  287.52
      Required ratio:    0.00 (Cumulative side area) 

    Layer: via2
      Partial area ratio:    0.32
      Required ratio:    6.00 (Gate area) 
      Cumulative area ratio:    0.71
      Required ratio:    0.00 (Cumulative area) 

    Layer: met3
      Partial area ratio:   86.20
      Required ratio:    0.00 (Gate area) 
      Cumulative area ratio:  144.23
      Required ratio:    0.00 (Cumulative area) 
      Partial area ratio:  462.80
      Required ratio:  400.00 (Side area) (VIOLATED)
      Cumulative area ratio:  750.32
      Required ratio:    0.00 (Cumulative side area) 

    Layer: via3
      Partial area ratio:    0.17
      Required ratio:    6.00 (Gate area) 
      Cumulative area ratio:    0.89
      Required ratio:    0.00 (Cumulative area) 

    Layer: met4
      Partial area ratio:   12.24
      Required ratio:    0.00 (Gate area) 
      Cumulative area ratio:  156.47
      Required ratio:    0.00 (Cumulative area) 
      Partial area ratio:   66.07
      Required ratio: 2956.40 (Side area) 
      Cumulative area ratio:  816.40
      Required ratio:    0.00 (Cumulative side area) 


  Pin:   _4177_/B1 (sky130_fd_sc_hd__a22o_2)
    Layer: mcon
      Partial area ratio:    0.12
      Required ratio:    3.00 (Gate area) 
      Cumulative area ratio:    0.12
      Required ratio:    0.00 (Cumulative area) 

    Layer: met1
      Partial area ratio:    1.73
      Required ratio:    0.00 (Gate area) 
      Cumulative area ratio:    1.73
      Required ratio:    0.00 (Cumulative area) 
      Partial area ratio:    7.89
      Required ratio:  400.00 (Side area) 
      Cumulative area ratio:    7.89
      Required ratio:    0.00 (Cumulative side area) 

    Layer: via
      Partial area ratio:    0.18
      Required ratio:    6.00 (Gate area) 
      Cumulative area ratio:    0.30
      Required ratio:    0.00 (Cumulative area) 

    Layer: met2
      Partial area ratio:    7.19
      Required ratio:    0.00 (Gate area) 
      Cumulative area ratio:    8.92
      Required ratio:    0.00 (Cumulative area) 
      Partial area ratio:   35.53
      Required ratio:  400.00 (Side area) 
      Cumulative area ratio:   43.42
      Required ratio:    0.00 (Cumulative side area) 

    Layer: via2
      Partial area ratio:    0.05
      Required ratio:    6.00 (Gate area) 
      Cumulative area ratio:    0.35
      Required ratio:    0.00 (Cumulative area) 

    Layer: met3
      Partial area ratio:    0.17
      Required ratio:    0.00 (Gate area) 
      Cumulative area ratio:    9.09
      Required ratio:    0.00 (Cumulative area) 
      Partial area ratio:    1.53
      Required ratio:  400.00 (Side area) 
      Cumulative area ratio:   44.95
      Required ratio:    0.00 (Cumulative side area) 

    Layer: via3
      Partial area ratio:    0.05
      Required ratio:    6.00 (Gate area) 
      Cumulative area ratio:    0.41
      Required ratio:    0.00 (Cumulative area) 

    Layer: met4
      Partial area ratio:   12.24
      Required ratio:    0.00 (Gate area) 
      Cumulative area ratio:   21.33
      Required ratio:    0.00 (Cumulative area) 
      Partial area ratio:   66.07
      Required ratio: 2956.40 (Side area) 
      Cumulative area ratio:  111.02
      Required ratio:    0.00 (Cumulative side area) 


  Pin:   _4184_/B1 (sky130_fd_sc_hd__a22o_2)
    Layer: mcon
      Partial area ratio:    0.12
      Required ratio:    3.00 (Gate area) 
      Cumulative area ratio:    0.12
      Required ratio:    0.00 (Cumulative area) 

    Layer: met1
      Partial area ratio:   25.88
      Required ratio:    0.00 (Gate area) 
      Cumulative area ratio:   25.88
      Required ratio:    0.00 (Cumulative area) 
      Partial area ratio:  128.21
      Required ratio:  400.00 (Side area) 
      Cumulative area ratio:  128.21
      Required ratio:    0.00 (Cumulative side area) 

    Layer: via
      Partial area ratio:    0.27
      Required ratio:    6.00 (Gate area) 
      Cumulative area ratio:    0.39
      Required ratio:    0.00 (Cumulative area) 

    Layer: met2
      Partial area ratio:    7.19
      Required ratio:    0.00 (Gate area) 
      Cumulative area ratio:   33.07
      Required ratio:    0.00 (Cumulative area) 
      Partial area ratio:   35.53
      Required ratio:  400.00 (Side area) 
      Cumulative area ratio:  163.73
      Required ratio:    0.00 (Cumulative side area) 

    Layer: via2
      Partial area ratio:    0.05
      Required ratio:    6.00 (Gate area) 
      Cumulative area ratio:    0.44
      Required ratio:    0.00 (Cumulative area) 

    Layer: met3
      Partial area ratio:    0.17
      Required ratio:    0.00 (Gate area) 
      Cumulative area ratio:   33.24
      Required ratio:    0.00 (Cumulative area) 
      Partial area ratio:    1.53
      Required ratio:  400.00 (Side area) 
      Cumulative area ratio:  165.26
      Required ratio:    0.00 (Cumulative side area) 

    Layer: via3
      Partial area ratio:    0.05
      Required ratio:    6.00 (Gate area) 
      Cumulative area ratio:    0.50
      Required ratio:    0.00 (Cumulative area) 

    Layer: met4
      Partial area ratio:   12.24
      Required ratio:    0.00 (Gate area) 
      Cumulative area ratio:   45.48
      Required ratio:    0.00 (Cumulative area) 
      Partial area ratio:   66.07
      Required ratio: 2956.40 (Side area) 
      Cumulative area ratio:  231.34
      Required ratio:    0.00 (Cumulative side area) 


  Pin:   _4189_/B1 (sky130_fd_sc_hd__a22o_2)
    Layer: mcon
      Partial area ratio:    0.12
      Required ratio:    3.00 (Gate area) 
      Cumulative area ratio:    0.12
      Required ratio:    0.00 (Cumulative area) 

    Layer: met1
      Partial area ratio:    2.61
      Required ratio:    0.00 (Gate area) 
      Cumulative area ratio:    2.61
      Required ratio:    0.00 (Cumulative area) 
      Partial area ratio:   12.30
      Required ratio:  400.00 (Side area) 
      Cumulative area ratio:   12.30
      Required ratio:    0.00 (Cumulative side area) 

    Layer: via
      Partial area ratio:    0.18
      Required ratio:    6.00 (Gate area) 
      Cumulative area ratio:    0.30
      Required ratio:    0.00 (Cumulative area) 

    Layer: met2
      Partial area ratio:    7.19
      Required ratio:    0.00 (Gate area) 
      Cumulative area ratio:    9.80
      Required ratio:    0.00 (Cumulative area) 
      Partial area ratio:   35.53
      Required ratio:  400.00 (Side area) 
      Cumulative area ratio:   47.83
      Required ratio:    0.00 (Cumulative side area) 

    Layer: via2
      Partial area ratio:    0.05
      Required ratio:    6.00 (Gate area) 
      Cumulative area ratio:    0.35
      Required ratio:    0.00 (Cumulative area) 

    Layer: met3
      Partial area ratio:    0.17
      Required ratio:    0.00 (Gate area) 
      Cumulative area ratio:    9.97
      Required ratio:    0.00 (Cumulative area) 
      Partial area ratio:    1.53
      Required ratio:  400.00 (Side area) 
      Cumulative area ratio:   49.36
      Required ratio:    0.00 (Cumulative side area) 

    Layer: via3
      Partial area ratio:    0.05
      Required ratio:    6.00 (Gate area) 
      Cumulative area ratio:    0.41
      Required ratio:    0.00 (Cumulative area) 

    Layer: met4
      Partial area ratio:   12.24
      Required ratio:    0.00 (Gate area) 
      Cumulative area ratio:   22.21
      Required ratio:    0.00 (Cumulative area) 
      Partial area ratio:   66.07
      Required ratio: 2956.40 (Side area) 
      Cumulative area ratio:  115.44
      Required ratio:    0.00 (Cumulative side area) 


  Pin:   fanout275/A (sky130_fd_sc_hd__clkdlybuf4s25_1)
    Layer: mcon
      Partial area ratio:    0.14
      Required ratio:    3.00 (Gate area) 
      Cumulative area ratio:    0.14
      Required ratio:    0.00 (Cumulative area) 

    Layer: met1
      Partial area ratio:   11.81
      Required ratio:    0.00 (Gate area) 
      Cumulative area ratio:   11.81
      Required ratio:    0.00 (Cumulative area) 
      Partial area ratio:   57.67
      Required ratio:  400.00 (Side area) 
      Cumulative area ratio:   57.67
      Required ratio:    0.00 (Cumulative side area) 

    Layer: via
      Partial area ratio:    0.32
      Required ratio:    6.00 (Gate area) 
      Cumulative area ratio:    0.45
      Required ratio:    0.00 (Cumulative area) 

    Layer: met2
      Partial area ratio:    1.36
      Required ratio:    0.00 (Gate area) 
      Cumulative area ratio:   13.17
      Required ratio:    0.00 (Cumulative area) 
      Partial area ratio:    6.18
      Required ratio:  400.00 (Side area) 
      Cumulative area ratio:   63.85
      Required ratio:    0.00 (Cumulative side area) 

    Layer: via2
      Partial area ratio:    0.38
      Required ratio:    6.00 (Gate area) 
      Cumulative area ratio:    0.83
      Required ratio:    0.00 (Cumulative area) 

    Layer: met3
      Partial area ratio:   86.20
      Required ratio:    0.00 (Gate area) 
      Cumulative area ratio:   99.38
      Required ratio:    0.00 (Cumulative area) 
      Partial area ratio:  462.80
      Required ratio:  400.00 (Side area) (VIOLATED)
      Cumulative area ratio:  526.65
      Required ratio:    0.00 (Cumulative side area) 

    Layer: via3
      Partial area ratio:    0.17
      Required ratio:    6.00 (Gate area) 
      Cumulative area ratio:    1.00
      Required ratio:    0.00 (Cumulative area) 

    Layer: met4
      Partial area ratio:   12.24
      Required ratio:    0.00 (Gate area) 
      Cumulative area ratio:  111.62
      Required ratio:    0.00 (Cumulative area) 
      Partial area ratio:   66.07
      Required ratio: 2956.40 (Side area) 
      Cumulative area ratio:  592.72
      Required ratio:    0.00 (Cumulative side area) 



Net: net284
  Pin:   _4134_/B1 (sky130_fd_sc_hd__a22o_2)
    Layer: mcon
      Partial area ratio:    0.12
      Required ratio:    3.00 (Gate area) 
      Cumulative area ratio:    0.12
      Required ratio:    0.00 (Cumulative area) 

    Layer: met1
      Partial area ratio:   17.72
      Required ratio:    0.00 (Gate area) 
      Cumulative area ratio:   17.72
      Required ratio:    0.00 (Cumulative area) 
      Partial area ratio:   87.85
      Required ratio:  400.00 (Side area) 
      Cumulative area ratio:   87.85
      Required ratio:    0.00 (Cumulative side area) 

    Layer: via
      Partial area ratio:    0.18
      Required ratio:    6.00 (Gate area) 
      Cumulative area ratio:    0.30
      Required ratio:    0.00 (Cumulative area) 

    Layer: met2
      Partial area ratio:    4.80
      Required ratio:    0.00 (Gate area) 
      Cumulative area ratio:   22.52
      Required ratio:    0.00 (Cumulative area) 
      Partial area ratio:   23.26
      Required ratio:  400.00 (Side area) 
      Cumulative area ratio:  111.11
      Required ratio:    0.00 (Cumulative side area) 

    Layer: via2
      Partial area ratio:    0.16
      Required ratio:    6.00 (Gate area) 
      Cumulative area ratio:    0.46
      Required ratio:    0.00 (Cumulative area) 

    Layer: met3
      Partial area ratio:  134.32
      Required ratio:    0.00 (Gate area) 
      Cumulative area ratio:  156.84
      Required ratio:    0.00 (Cumulative area) 
      Partial area ratio:  718.25
      Required ratio:  400.00 (Side area) (VIOLATED)
      Cumulative area ratio:  829.36
      Required ratio:    0.00 (Cumulative side area) 

    Layer: via3
      Partial area ratio:    0.16
      Required ratio:    6.00 (Gate area) 
      Cumulative area ratio:    0.62
      Required ratio:    0.00 (Cumulative area) 

    Layer: met4
      Partial area ratio:   12.81
      Required ratio:    0.00 (Gate area) 
      Cumulative area ratio:  169.64
      Required ratio:    0.00 (Cumulative area) 
      Partial area ratio:   69.24
      Required ratio: 2881.16 (Side area) 
      Cumulative area ratio:  898.60
      Required ratio:    0.00 (Cumulative side area) 


  Pin:   load_slew286/A (sky130_fd_sc_hd__buf_4)
    Layer: mcon
      Partial area ratio:    0.12
      Required ratio:    3.00 (Gate area) 
      Cumulative area ratio:    0.12
      Required ratio:    0.00 (Cumulative area) 

    Layer: met1
      Partial area ratio:    2.62
      Required ratio:    0.00 (Gate area) 
      Cumulative area ratio:    2.62
      Required ratio:    0.00 (Cumulative area) 
      Partial area ratio:   12.33
      Required ratio:  400.00 (Side area) 
      Cumulative area ratio:   12.33
      Required ratio:    0.00 (Cumulative side area) 

    Layer: via
      Partial area ratio:    0.18
      Required ratio:    6.00 (Gate area) 
      Cumulative area ratio:    0.30
      Required ratio:    0.00 (Cumulative area) 

    Layer: met2
      Partial area ratio:    0.75
      Required ratio:    0.00 (Gate area) 
      Cumulative area ratio:    3.37
      Required ratio:    0.00 (Cumulative area) 
      Partial area ratio:    3.48
      Required ratio:  400.00 (Side area) 
      Cumulative area ratio:   15.81
      Required ratio:    0.00 (Cumulative side area) 

    Layer: via2
      Partial area ratio:    0.16
      Required ratio:    6.00 (Gate area) 
      Cumulative area ratio:    0.46
      Required ratio:    0.00 (Cumulative area) 

    Layer: met3
      Partial area ratio:    0.50
      Required ratio:    0.00 (Gate area) 
      Cumulative area ratio:    3.88
      Required ratio:    0.00 (Cumulative area) 
      Partial area ratio:    4.59
      Required ratio:  400.00 (Side area) 
      Cumulative area ratio:   20.40
      Required ratio:    0.00 (Cumulative side area) 

    Layer: via3
      Partial area ratio:    0.16
      Required ratio:    6.00 (Gate area) 
      Cumulative area ratio:    0.62
      Required ratio:    0.00 (Cumulative area) 

    Layer: met4
      Partial area ratio:   12.81
      Required ratio:    0.00 (Gate area) 
      Cumulative area ratio:   16.68
      Required ratio:    0.00 (Cumulative area) 
      Partial area ratio:   69.24
      Required ratio: 2881.16 (Side area) 
      Cumulative area ratio:   89.64
      Required ratio:    0.00 (Cumulative side area) 



Net: net294
  Pin:   _4097_/B1 (sky130_fd_sc_hd__a22o_2)
    Layer: mcon
      Partial area ratio:    0.12
      Required ratio:    3.00 (Gate area) 
      Cumulative area ratio:    0.12
      Required ratio:    0.00 (Cumulative area) 

    Layer: met1
      Partial area ratio:    8.82
      Required ratio:    0.00 (Gate area) 
      Cumulative area ratio:    8.82
      Required ratio:    0.00 (Cumulative area) 
      Partial area ratio:   43.56
      Required ratio:  400.00 (Side area) 
      Cumulative area ratio:   43.56
      Required ratio:    0.00 (Cumulative side area) 

    Layer: via
      Partial area ratio:    0.10
      Required ratio:    6.00 (Gate area) 
      Cumulative area ratio:    0.21
      Required ratio:    0.00 (Cumulative area) 

    Layer: met2
      Partial area ratio:    0.38
      Required ratio:    0.00 (Gate area) 
      Cumulative area ratio:    9.20
      Required ratio:    0.00 (Cumulative area) 
      Partial area ratio:    1.75
      Required ratio:  400.00 (Side area) 
      Cumulative area ratio:   45.31
      Required ratio:    0.00 (Cumulative side area) 

    Layer: via2
      Partial area ratio:    0.08
      Required ratio:    6.00 (Gate area) 
      Cumulative area ratio:    0.29
      Required ratio:    0.00 (Cumulative area) 

    Layer: met3
      Partial area ratio:   16.86
      Required ratio:    0.00 (Gate area) 
      Cumulative area ratio:   26.06
      Required ratio:    0.00 (Cumulative area) 
      Partial area ratio:   90.38
      Required ratio:  400.00 (Side area) 
      Cumulative area ratio:  135.68
      Required ratio:    0.00 (Cumulative side area) 

    Layer: via3
      Partial area ratio:    0.04
      Required ratio:    6.00 (Gate area) 
      Cumulative area ratio:    0.33
      Required ratio:    0.00 (Cumulative area) 

    Layer: met4
      Partial area ratio:   20.18
      Required ratio:    0.00 (Gate area) 
      Cumulative area ratio:   46.24
      Required ratio:    0.00 (Cumulative area) 
      Partial area ratio:  107.99
      Required ratio: 3134.60 (Side area) 
      Cumulative area ratio:  243.67
      Required ratio:    0.00 (Cumulative side area) 


  Pin:   _4098_/B1 (sky130_fd_sc_hd__a22o_2)
    Layer: mcon
      Partial area ratio:    0.12
      Required ratio:    3.00 (Gate area) 
      Cumulative area ratio:    0.12
      Required ratio:    0.00 (Cumulative area) 

    Layer: met1
      Partial area ratio:    8.82
      Required ratio:    0.00 (Gate area) 
      Cumulative area ratio:    8.82
      Required ratio:    0.00 (Cumulative area) 
      Partial area ratio:   43.56
      Required ratio:  400.00 (Side area) 
      Cumulative area ratio:   43.56
      Required ratio:    0.00 (Cumulative side area) 

    Layer: via
      Partial area ratio:    0.10
      Required ratio:    6.00 (Gate area) 
      Cumulative area ratio:    0.21
      Required ratio:    0.00 (Cumulative area) 

    Layer: met2
      Partial area ratio:    0.38
      Required ratio:    0.00 (Gate area) 
      Cumulative area ratio:    9.20
      Required ratio:    0.00 (Cumulative area) 
      Partial area ratio:    1.75
      Required ratio:  400.00 (Side area) 
      Cumulative area ratio:   45.31
      Required ratio:    0.00 (Cumulative side area) 

    Layer: via2
      Partial area ratio:    0.08
      Required ratio:    6.00 (Gate area) 
      Cumulative area ratio:    0.29
      Required ratio:    0.00 (Cumulative area) 

    Layer: met3
      Partial area ratio:   16.86
      Required ratio:    0.00 (Gate area) 
      Cumulative area ratio:   26.06
      Required ratio:    0.00 (Cumulative area) 
      Partial area ratio:   90.38
      Required ratio:  400.00 (Side area) 
      Cumulative area ratio:  135.68
      Required ratio:    0.00 (Cumulative side area) 

    Layer: via3
      Partial area ratio:    0.04
      Required ratio:    6.00 (Gate area) 
      Cumulative area ratio:    0.33
      Required ratio:    0.00 (Cumulative area) 

    Layer: met4
      Partial area ratio:   20.18
      Required ratio:    0.00 (Gate area) 
      Cumulative area ratio:   46.24
      Required ratio:    0.00 (Cumulative area) 
      Partial area ratio:  107.99
      Required ratio: 3134.60 (Side area) 
      Cumulative area ratio:  243.67
      Required ratio:    0.00 (Cumulative side area) 


  Pin:   _4100_/B1 (sky130_fd_sc_hd__a22o_2)
    Layer: mcon
      Partial area ratio:    0.12
      Required ratio:    3.00 (Gate area) 
      Cumulative area ratio:    0.12
      Required ratio:    0.00 (Cumulative area) 

    Layer: met1
      Partial area ratio:    3.45
      Required ratio:    0.00 (Gate area) 
      Cumulative area ratio:    3.45
      Required ratio:    0.00 (Cumulative area) 
      Partial area ratio:   16.52
      Required ratio:  400.00 (Side area) 
      Cumulative area ratio:   16.52
      Required ratio:    0.00 (Cumulative side area) 

    Layer: via
      Partial area ratio:    0.18
      Required ratio:    6.00 (Gate area) 
      Cumulative area ratio:    0.30
      Required ratio:    0.00 (Cumulative area) 

    Layer: met2
      Partial area ratio:    0.75
      Required ratio:    0.00 (Gate area) 
      Cumulative area ratio:    4.21
      Required ratio:    0.00 (Cumulative area) 
      Partial area ratio:    3.48
      Required ratio:  400.00 (Side area) 
      Cumulative area ratio:   20.00
      Required ratio:    0.00 (Cumulative side area) 

    Layer: via2
      Partial area ratio:    0.16
      Required ratio:    6.00 (Gate area) 
      Cumulative area ratio:    0.46
      Required ratio:    0.00 (Cumulative area) 

    Layer: met3
      Partial area ratio:  167.77
      Required ratio:    0.00 (Gate area) 
      Cumulative area ratio:  171.98
      Required ratio:    0.00 (Cumulative area) 
      Partial area ratio:  896.68
      Required ratio:  400.00 (Side area) (VIOLATED)
      Cumulative area ratio:  916.67
      Required ratio:    0.00 (Cumulative side area) 

    Layer: via3
      Partial area ratio:    0.16
      Required ratio:    6.00 (Gate area) 
      Cumulative area ratio:    0.62
      Required ratio:    0.00 (Cumulative area) 

    Layer: met4
      Partial area ratio:   20.18
      Required ratio:    0.00 (Gate area) 
      Cumulative area ratio:  192.16
      Required ratio:    0.00 (Cumulative area) 
      Partial area ratio:  107.99
      Required ratio: 3134.60 (Side area) 
      Cumulative area ratio: 1024.66
      Required ratio:    0.00 (Cumulative side area) 


  Pin:   _4122_/B1 (sky130_fd_sc_hd__a22o_2)
    Layer: mcon
      Partial area ratio:    0.12
      Required ratio:    3.00 (Gate area) 
      Cumulative area ratio:    0.12
      Required ratio:    0.00 (Cumulative area) 

    Layer: met1
      Partial area ratio:    3.83
      Required ratio:    0.00 (Gate area) 
      Cumulative area ratio:    3.83
      Required ratio:    0.00 (Cumulative area) 
      Partial area ratio:   18.38
      Required ratio:  400.00 (Side area) 
      Cumulative area ratio:   18.38
      Required ratio:    0.00 (Cumulative side area) 

    Layer: via
      Partial area ratio:    0.18
      Required ratio:    6.00 (Gate area) 
      Cumulative area ratio:    0.30
      Required ratio:    0.00 (Cumulative area) 

    Layer: met2
      Partial area ratio:    4.80
      Required ratio:    0.00 (Gate area) 
      Cumulative area ratio:    8.63
      Required ratio:    0.00 (Cumulative area) 
      Partial area ratio:   23.26
      Required ratio:  400.00 (Side area) 
      Cumulative area ratio:   41.65
      Required ratio:    0.00 (Cumulative side area) 

    Layer: via2
      Partial area ratio:    0.16
      Required ratio:    6.00 (Gate area) 
      Cumulative area ratio:    0.46
      Required ratio:    0.00 (Cumulative area) 

    Layer: met3
      Partial area ratio:   16.86
      Required ratio:    0.00 (Gate area) 
      Cumulative area ratio:   25.48
      Required ratio:    0.00 (Cumulative area) 
      Partial area ratio:   90.38
      Required ratio:  400.00 (Side area) 
      Cumulative area ratio:  132.02
      Required ratio:    0.00 (Cumulative side area) 

    Layer: via3
      Partial area ratio:    0.04
      Required ratio:    6.00 (Gate area) 
      Cumulative area ratio:    0.50
      Required ratio:    0.00 (Cumulative area) 

    Layer: met4
      Partial area ratio:   20.18
      Required ratio:    0.00 (Gate area) 
      Cumulative area ratio:   45.66
      Required ratio:    0.00 (Cumulative area) 
      Partial area ratio:  107.99
      Required ratio: 3134.60 (Side area) 
      Cumulative area ratio:  240.01
      Required ratio:    0.00 (Cumulative side area) 


  Pin:   _4124_/B1 (sky130_fd_sc_hd__a22o_2)
    Layer: mcon
      Partial area ratio:    0.12
      Required ratio:    3.00 (Gate area) 
      Cumulative area ratio:    0.12
      Required ratio:    0.00 (Cumulative area) 

    Layer: met1
      Partial area ratio:    2.33
      Required ratio:    0.00 (Gate area) 
      Cumulative area ratio:    2.33
      Required ratio:    0.00 (Cumulative area) 
      Partial area ratio:   10.92
      Required ratio:  400.00 (Side area) 
      Cumulative area ratio:   10.92
      Required ratio:    0.00 (Cumulative side area) 

    Layer: via
      Partial area ratio:    0.18
      Required ratio:    6.00 (Gate area) 
      Cumulative area ratio:    0.30
      Required ratio:    0.00 (Cumulative area) 

    Layer: met2
      Partial area ratio:    0.75
      Required ratio:    0.00 (Gate area) 
      Cumulative area ratio:    3.09
      Required ratio:    0.00 (Cumulative area) 
      Partial area ratio:    3.48
      Required ratio:  400.00 (Side area) 
      Cumulative area ratio:   14.40
      Required ratio:    0.00 (Cumulative side area) 

    Layer: via2
      Partial area ratio:    0.16
      Required ratio:    6.00 (Gate area) 
      Cumulative area ratio:    0.46
      Required ratio:    0.00 (Cumulative area) 

    Layer: met3
      Partial area ratio:   16.86
      Required ratio:    0.00 (Gate area) 
      Cumulative area ratio:   19.95
      Required ratio:    0.00 (Cumulative area) 
      Partial area ratio:   90.38
      Required ratio:  400.00 (Side area) 
      Cumulative area ratio:  104.77
      Required ratio:    0.00 (Cumulative side area) 

    Layer: via3
      Partial area ratio:    0.04
      Required ratio:    6.00 (Gate area) 
      Cumulative area ratio:    0.50
      Required ratio:    0.00 (Cumulative area) 

    Layer: met4
      Partial area ratio:   20.18
      Required ratio:    0.00 (Gate area) 
      Cumulative area ratio:   40.12
      Required ratio:    0.00 (Cumulative area) 
      Partial area ratio:  107.99
      Required ratio: 3134.60 (Side area) 
      Cumulative area ratio:  212.76
      Required ratio:    0.00 (Cumulative side area) 



Net: net297
  Pin:   _4125_/B1 (sky130_fd_sc_hd__a22o_2)
    Layer: mcon
      Partial area ratio:    0.12
      Required ratio:    3.00 (Gate area) 
      Cumulative area ratio:    0.12
      Required ratio:    0.00 (Cumulative area) 

    Layer: met1
      Partial area ratio:    1.64
      Required ratio:    0.00 (Gate area) 
      Cumulative area ratio:    1.64
      Required ratio:    0.00 (Cumulative area) 
      Partial area ratio:    7.44
      Required ratio:  400.00 (Side area) 
      Cumulative area ratio:    7.44
      Required ratio:    0.00 (Cumulative side area) 

    Layer: via
      Partial area ratio:    0.18
      Required ratio:    6.00 (Gate area) 
      Cumulative area ratio:    0.30
      Required ratio:    0.00 (Cumulative area) 

    Layer: met2
      Partial area ratio:    0.75
      Required ratio:    0.00 (Gate area) 
      Cumulative area ratio:    2.39
      Required ratio:    0.00 (Cumulative area) 
      Partial area ratio:    3.48
      Required ratio:  400.00 (Side area) 
      Cumulative area ratio:   10.92
      Required ratio:    0.00 (Cumulative side area) 

    Layer: via2
      Partial area ratio:    0.16
      Required ratio:    6.00 (Gate area) 
      Cumulative area ratio:    0.46
      Required ratio:    0.00 (Cumulative area) 

    Layer: met3
      Partial area ratio:    8.86
      Required ratio:    0.00 (Gate area) 
      Cumulative area ratio:   11.26
      Required ratio:    0.00 (Cumulative area) 
      Partial area ratio:   49.16
      Required ratio:  400.00 (Side area) 
      Cumulative area ratio:   60.08
      Required ratio:    0.00 (Cumulative side area) 

    Layer: via3
      Partial area ratio:    0.16
      Required ratio:    6.00 (Gate area) 
      Cumulative area ratio:    0.62
      Required ratio:    0.00 (Cumulative area) 

    Layer: met4
      Partial area ratio:   20.66
      Required ratio:    0.00 (Gate area) 
      Cumulative area ratio:   31.92
      Required ratio:    0.00 (Cumulative area) 
      Partial area ratio:  110.85
      Required ratio: 2881.16 (Side area) 
      Cumulative area ratio:  170.93
      Required ratio:    0.00 (Cumulative side area) 


  Pin:   fanout295/A (sky130_fd_sc_hd__clkdlybuf4s25_1)
    Layer: mcon
      Partial area ratio:    0.14
      Required ratio:    3.00 (Gate area) 
      Cumulative area ratio:    0.14
      Required ratio:    0.00 (Cumulative area) 

    Layer: met1
      Partial area ratio:    3.18
      Required ratio:    0.00 (Gate area) 
      Cumulative area ratio:    3.18
      Required ratio:    0.00 (Cumulative area) 
      Partial area ratio:   15.04
      Required ratio:  400.00 (Side area) 
      Cumulative area ratio:   15.04
      Required ratio:    0.00 (Cumulative side area) 

    Layer: via
      Partial area ratio:    0.21
      Required ratio:    6.00 (Gate area) 
      Cumulative area ratio:    0.35
      Required ratio:    0.00 (Cumulative area) 

    Layer: met2
      Partial area ratio:    0.88
      Required ratio:    0.00 (Gate area) 
      Cumulative area ratio:    4.06
      Required ratio:    0.00 (Cumulative area) 
      Partial area ratio:    4.04
      Required ratio:  400.00 (Side area) 
      Cumulative area ratio:   19.08
      Required ratio:    0.00 (Cumulative side area) 

    Layer: via2
      Partial area ratio:    0.19
      Required ratio:    6.00 (Gate area) 
      Cumulative area ratio:    0.53
      Required ratio:    0.00 (Cumulative area) 

    Layer: met3
      Partial area ratio:   10.30
      Required ratio:    0.00 (Gate area) 
      Cumulative area ratio:   14.36
      Required ratio:    0.00 (Cumulative area) 
      Partial area ratio:   57.13
      Required ratio:  400.00 (Side area) 
      Cumulative area ratio:   76.21
      Required ratio:    0.00 (Cumulative side area) 

    Layer: via3
      Partial area ratio:    0.19
      Required ratio:    6.00 (Gate area) 
      Cumulative area ratio:    0.72
      Required ratio:    0.00 (Cumulative area) 

    Layer: met4
      Partial area ratio:   20.66
      Required ratio:    0.00 (Gate area) 
      Cumulative area ratio:   35.02
      Required ratio:    0.00 (Cumulative area) 
      Partial area ratio:  110.85
      Required ratio: 2881.16 (Side area) 
      Cumulative area ratio:  187.06
      Required ratio:    0.00 (Cumulative side area) 


  Pin:   wire298/A (sky130_fd_sc_hd__buf_4)
    Layer: mcon
      Partial area ratio:    0.12
      Required ratio:    3.00 (Gate area) 
      Cumulative area ratio:    0.12
      Required ratio:    0.00 (Cumulative area) 

    Layer: met1
      Partial area ratio:    3.52
      Required ratio:    0.00 (Gate area) 
      Cumulative area ratio:    3.52
      Required ratio:    0.00 (Cumulative area) 
      Partial area ratio:   16.83
      Required ratio:  400.00 (Side area) 
      Cumulative area ratio:   16.83
      Required ratio:    0.00 (Cumulative side area) 

    Layer: via
      Partial area ratio:    0.18
      Required ratio:    6.00 (Gate area) 
      Cumulative area ratio:    0.30
      Required ratio:    0.00 (Cumulative area) 

    Layer: met2
      Partial area ratio:   16.51
      Required ratio:    0.00 (Gate area) 
      Cumulative area ratio:   20.02
      Required ratio:    0.00 (Cumulative area) 
      Partial area ratio:   81.81
      Required ratio:  400.00 (Side area) 
      Cumulative area ratio:   98.64
      Required ratio:    0.00 (Cumulative side area) 

    Layer: via2
      Partial area ratio:    0.16
      Required ratio:    6.00 (Gate area) 
      Cumulative area ratio:    0.46
      Required ratio:    0.00 (Cumulative area) 

    Layer: met3
      Partial area ratio:  117.59
      Required ratio:    0.00 (Gate area) 
      Cumulative area ratio:  137.62
      Required ratio:    0.00 (Cumulative area) 
      Partial area ratio:  629.04
      Required ratio:  400.00 (Side area) (VIOLATED)
      Cumulative area ratio:  727.68
      Required ratio:    0.00 (Cumulative side area) 

    Layer: via3
      Partial area ratio:    0.16
      Required ratio:    6.00 (Gate area) 
      Cumulative area ratio:    0.62
      Required ratio:    0.00 (Cumulative area) 

    Layer: met4
      Partial area ratio:   20.66
      Required ratio:    0.00 (Gate area) 
      Cumulative area ratio:  158.28
      Required ratio:    0.00 (Cumulative area) 
      Partial area ratio:  110.85
      Required ratio: 2881.16 (Side area) 
      Cumulative area ratio:  838.53
      Required ratio:    0.00 (Cumulative side area) 



Net: net363
  Pin:   _4851_/A2 (sky130_fd_sc_hd__a22o_2)
    Layer: mcon
      Partial area ratio:    0.12
      Required ratio:    3.00 (Gate area) 
      Cumulative area ratio:    0.12
      Required ratio:    0.00 (Cumulative area) 

    Layer: met1
      Partial area ratio:    2.82
      Required ratio:    0.00 (Gate area) 
      Cumulative area ratio:    2.82
      Required ratio:    0.00 (Cumulative area) 
      Partial area ratio:   13.37
      Required ratio:  400.00 (Side area) 
      Cumulative area ratio:   13.37
      Required ratio:    0.00 (Cumulative side area) 

    Layer: via
      Partial area ratio:    0.18
      Required ratio:    6.00 (Gate area) 
      Cumulative area ratio:    0.30
      Required ratio:    0.00 (Cumulative area) 

    Layer: met2
      Partial area ratio:    0.75
      Required ratio:    0.00 (Gate area) 
      Cumulative area ratio:    3.58
      Required ratio:    0.00 (Cumulative area) 
      Partial area ratio:    3.48
      Required ratio:  400.00 (Side area) 
      Cumulative area ratio:   16.85
      Required ratio:    0.00 (Cumulative side area) 

    Layer: via2
      Partial area ratio:    0.16
      Required ratio:    6.00 (Gate area) 
      Cumulative area ratio:    0.46
      Required ratio:    0.00 (Cumulative area) 

    Layer: met3
      Partial area ratio:   91.15
      Required ratio:    0.00 (Gate area) 
      Cumulative area ratio:   94.73
      Required ratio:    0.00 (Cumulative area) 
      Partial area ratio:  488.15
      Required ratio:  400.00 (Side area) (VIOLATED)
      Cumulative area ratio:  504.99
      Required ratio:    0.00 (Cumulative side area) 

    Layer: via3
      Partial area ratio:    0.11
      Required ratio:    6.00 (Gate area) 
      Cumulative area ratio:    0.57
      Required ratio:    0.00 (Cumulative area) 

    Layer: met4
      Partial area ratio:    8.80
      Required ratio:    0.00 (Gate area) 
      Cumulative area ratio:  103.53
      Required ratio:    0.00 (Cumulative area) 
      Partial area ratio:   47.72
      Required ratio: 2881.16 (Side area) 
      Cumulative area ratio:  552.72
      Required ratio:    0.00 (Cumulative side area) 


  Pin:   _4854_/A2 (sky130_fd_sc_hd__a22o_2)
    Layer: mcon
      Partial area ratio:    0.12
      Required ratio:    3.00 (Gate area) 
      Cumulative area ratio:    0.12
      Required ratio:    0.00 (Cumulative area) 

    Layer: met1
      Partial area ratio:    2.21
      Required ratio:    0.00 (Gate area) 
      Cumulative area ratio:    2.21
      Required ratio:    0.00 (Cumulative area) 
      Partial area ratio:   10.39
      Required ratio:  400.00 (Side area) 
      Cumulative area ratio:   10.39
      Required ratio:    0.00 (Cumulative side area) 

    Layer: via
      Partial area ratio:    0.18
      Required ratio:    6.00 (Gate area) 
      Cumulative area ratio:    0.29
      Required ratio:    0.00 (Cumulative area) 

    Layer: met2
      Partial area ratio:   11.21
      Required ratio:    0.00 (Gate area) 
      Cumulative area ratio:   13.42
      Required ratio:    0.00 (Cumulative area) 
      Partial area ratio:   54.94
      Required ratio:  400.00 (Side area) 
      Cumulative area ratio:   65.33
      Required ratio:    0.00 (Cumulative side area) 

    Layer: via2
      Partial area ratio:    0.26
      Required ratio:    6.00 (Gate area) 
      Cumulative area ratio:    0.55
      Required ratio:    0.00 (Cumulative area) 

    Layer: met3
      Partial area ratio:   91.15
      Required ratio:    0.00 (Gate area) 
      Cumulative area ratio:  104.58
      Required ratio:    0.00 (Cumulative area) 
      Partial area ratio:  488.15
      Required ratio:  400.00 (Side area) (VIOLATED)
      Cumulative area ratio:  553.48
      Required ratio:    0.00 (Cumulative side area) 

    Layer: via3
      Partial area ratio:    0.11
      Required ratio:    6.00 (Gate area) 
      Cumulative area ratio:    0.67
      Required ratio:    0.00 (Cumulative area) 

    Layer: met4
      Partial area ratio:    8.80
      Required ratio:    0.00 (Gate area) 
      Cumulative area ratio:  113.38
      Required ratio:    0.00 (Cumulative area) 
      Partial area ratio:   47.72
      Required ratio: 2881.16 (Side area) 
      Cumulative area ratio:  601.20
      Required ratio:    0.00 (Cumulative side area) 


  Pin:   _4857_/A2 (sky130_fd_sc_hd__a22o_2)
    Layer: mcon
      Partial area ratio:    0.12
      Required ratio:    3.00 (Gate area) 
      Cumulative area ratio:    0.12
      Required ratio:    0.00 (Cumulative area) 

    Layer: met1
      Partial area ratio:    2.63
      Required ratio:    0.00 (Gate area) 
      Cumulative area ratio:    2.63
      Required ratio:    0.00 (Cumulative area) 
      Partial area ratio:   12.38
      Required ratio:  400.00 (Side area) 
      Cumulative area ratio:   12.38
      Required ratio:    0.00 (Cumulative side area) 

    Layer: via
      Partial area ratio:    0.18
      Required ratio:    6.00 (Gate area) 
      Cumulative area ratio:    0.30
      Required ratio:    0.00 (Cumulative area) 

    Layer: met2
      Partial area ratio:    0.75
      Required ratio:    0.00 (Gate area) 
      Cumulative area ratio:    3.38
      Required ratio:    0.00 (Cumulative area) 
      Partial area ratio:    3.48
      Required ratio:  400.00 (Side area) 
      Cumulative area ratio:   15.86
      Required ratio:    0.00 (Cumulative side area) 

    Layer: via2
      Partial area ratio:    0.16
      Required ratio:    6.00 (Gate area) 
      Cumulative area ratio:    0.46
      Required ratio:    0.00 (Cumulative area) 

    Layer: met3
      Partial area ratio:    0.50
      Required ratio:    0.00 (Gate area) 
      Cumulative area ratio:    3.89
      Required ratio:    0.00 (Cumulative area) 
      Partial area ratio:    4.59
      Required ratio:  400.00 (Side area) 
      Cumulative area ratio:   20.45
      Required ratio:    0.00 (Cumulative side area) 

    Layer: via3
      Partial area ratio:    0.16
      Required ratio:    6.00 (Gate area) 
      Cumulative area ratio:    0.62
      Required ratio:    0.00 (Cumulative area) 

    Layer: met4
      Partial area ratio:    8.80
      Required ratio:    0.00 (Gate area) 
      Cumulative area ratio:   12.69
      Required ratio:    0.00 (Cumulative area) 
      Partial area ratio:   47.72
      Required ratio: 2881.16 (Side area) 
      Cumulative area ratio:   68.17
      Required ratio:    0.00 (Cumulative side area) 


  Pin:   _4868_/A2 (sky130_fd_sc_hd__a22o_2)
    Layer: mcon
      Partial area ratio:    0.12
      Required ratio:    3.00 (Gate area) 
      Cumulative area ratio:    0.12
      Required ratio:    0.00 (Cumulative area) 

    Layer: met1
      Partial area ratio:   10.20
      Required ratio:    0.00 (Gate area) 
      Cumulative area ratio:   10.20
      Required ratio:    0.00 (Cumulative area) 
      Partial area ratio:   50.23
      Required ratio:  400.00 (Side area) 
      Cumulative area ratio:   50.23
      Required ratio:    0.00 (Cumulative side area) 

    Layer: via
      Partial area ratio:    0.18
      Required ratio:    6.00 (Gate area) 
      Cumulative area ratio:    0.30
      Required ratio:    0.00 (Cumulative area) 

    Layer: met2
      Partial area ratio:    5.13
      Required ratio:    0.00 (Gate area) 
      Cumulative area ratio:   15.33
      Required ratio:    0.00 (Cumulative area) 
      Partial area ratio:   24.90
      Required ratio: 2881.16 (Side area) 
      Cumulative area ratio:   75.13
      Required ratio:    0.00 (Cumulative side area) 

    Layer: via2
      Partial area ratio:    0.16
      Required ratio:   31.30 (Gate area) 
      Cumulative area ratio:    0.46
      Required ratio:    0.00 (Cumulative area) 

    Layer: met3
      Partial area ratio:    0.50
      Required ratio:    0.00 (Gate area) 
      Cumulative area ratio:   15.84
      Required ratio:    0.00 (Cumulative area) 
      Partial area ratio:    4.59
      Required ratio: 2881.16 (Side area) 
      Cumulative area ratio:   79.72
      Required ratio:    0.00 (Cumulative side area) 

    Layer: via3
      Partial area ratio:    0.16
      Required ratio:   31.30 (Gate area) 
      Cumulative area ratio:    0.62
      Required ratio:    0.00 (Cumulative area) 

    Layer: met4
      Partial area ratio:    8.80
      Required ratio:    0.00 (Gate area) 
      Cumulative area ratio:   24.64
      Required ratio:    0.00 (Cumulative area) 
      Partial area ratio:   47.72
      Required ratio: 2881.16 (Side area) 
      Cumulative area ratio:  127.44
      Required ratio:    0.00 (Cumulative side area) 


  Pin:   load_slew364/A (sky130_fd_sc_hd__clkbuf_4)
    Layer: mcon
      Partial area ratio:    0.14
      Required ratio:    3.00 (Gate area) 
      Cumulative area ratio:    0.14
      Required ratio:    0.00 (Cumulative area) 

    Layer: met1
      Partial area ratio:    3.18
      Required ratio:    0.00 (Gate area) 
      Cumulative area ratio:    3.18
      Required ratio:    0.00 (Cumulative area) 
      Partial area ratio:   15.04
      Required ratio:  400.00 (Side area) 
      Cumulative area ratio:   15.04
      Required ratio:    0.00 (Cumulative side area) 

    Layer: via
      Partial area ratio:    0.21
      Required ratio:    6.00 (Gate area) 
      Cumulative area ratio:    0.35
      Required ratio:    0.00 (Cumulative area) 

    Layer: met2
      Partial area ratio:   11.21
      Required ratio:    0.00 (Gate area) 
      Cumulative area ratio:   14.39
      Required ratio:    0.00 (Cumulative area) 
      Partial area ratio:   54.94
      Required ratio:  400.00 (Side area) 
      Cumulative area ratio:   69.98
      Required ratio:    0.00 (Cumulative side area) 

    Layer: via2
      Partial area ratio:    0.26
      Required ratio:    6.00 (Gate area) 
      Cumulative area ratio:    0.61
      Required ratio:    0.00 (Cumulative area) 

    Layer: met3
      Partial area ratio:   91.15
      Required ratio:    0.00 (Gate area) 
      Cumulative area ratio:  105.55
      Required ratio:    0.00 (Cumulative area) 
      Partial area ratio:  488.15
      Required ratio:  400.00 (Side area) (VIOLATED)
      Cumulative area ratio:  558.12
      Required ratio:    0.00 (Cumulative side area) 

    Layer: via3
      Partial area ratio:    0.11
      Required ratio:    6.00 (Gate area) 
      Cumulative area ratio:    0.72
      Required ratio:    0.00 (Cumulative area) 

    Layer: met4
      Partial area ratio:    8.80
      Required ratio:    0.00 (Gate area) 
      Cumulative area ratio:  114.35
      Required ratio:    0.00 (Cumulative area) 
      Partial area ratio:   47.72
      Required ratio: 2881.16 (Side area) 
      Cumulative area ratio:  605.84
      Required ratio:    0.00 (Cumulative side area) 



Net: net373
  Pin:   _4811_/B (sky130_fd_sc_hd__nor2_1)
    Layer: mcon
      Partial area ratio:    0.12
      Required ratio:    3.00 (Gate area) 
      Cumulative area ratio:    0.12
      Required ratio:    0.00 (Cumulative area) 

    Layer: met1
      Partial area ratio:    2.10
      Required ratio:    0.00 (Gate area) 
      Cumulative area ratio:    2.10
      Required ratio:    0.00 (Cumulative area) 
      Partial area ratio:    9.77
      Required ratio:  400.00 (Side area) 
      Cumulative area ratio:    9.77
      Required ratio:    0.00 (Cumulative side area) 

    Layer: via
      Partial area ratio:    0.18
      Required ratio:    6.00 (Gate area) 
      Cumulative area ratio:    0.30
      Required ratio:    0.00 (Cumulative area) 

    Layer: met2
      Partial area ratio:    0.75
      Required ratio:    0.00 (Gate area) 
      Cumulative area ratio:    2.86
      Required ratio:    0.00 (Cumulative area) 
      Partial area ratio:    3.48
      Required ratio:  400.00 (Side area) 
      Cumulative area ratio:   13.25
      Required ratio:    0.00 (Cumulative side area) 

    Layer: via2
      Partial area ratio:    0.16
      Required ratio:    6.00 (Gate area) 
      Cumulative area ratio:    0.46
      Required ratio:    0.00 (Cumulative area) 

    Layer: met3
      Partial area ratio:  104.82
      Required ratio:    0.00 (Gate area) 
      Cumulative area ratio:  107.67
      Required ratio:    0.00 (Cumulative area) 
      Partial area ratio:  559.95
      Required ratio:  400.00 (Side area) (VIOLATED)
      Cumulative area ratio:  573.20
      Required ratio:    0.00 (Cumulative side area) 

    Layer: via3
      Partial area ratio:    0.08
      Required ratio:    6.00 (Gate area) 
      Cumulative area ratio:    0.54
      Required ratio:    0.00 (Cumulative area) 

    Layer: met4
      Partial area ratio:   13.96
      Required ratio:    0.00 (Gate area) 
      Cumulative area ratio:  121.64
      Required ratio:    0.00 (Cumulative area) 
      Partial area ratio:   75.25
      Required ratio: 2881.16 (Side area) 
      Cumulative area ratio:  648.45
      Required ratio:    0.00 (Cumulative side area) 


  Pin:   _4812_/A2 (sky130_fd_sc_hd__a22o_2)
    Layer: mcon
      Partial area ratio:    0.12
      Required ratio:    3.00 (Gate area) 
      Cumulative area ratio:    0.12
      Required ratio:    0.00 (Cumulative area) 

    Layer: met1
      Partial area ratio:    5.26
      Required ratio:    0.00 (Gate area) 
      Cumulative area ratio:    5.26
      Required ratio:    0.00 (Cumulative area) 
      Partial area ratio:   25.12
      Required ratio:  400.00 (Side area) 
      Cumulative area ratio:   25.12
      Required ratio:    0.00 (Cumulative side area) 

    Layer: via
      Partial area ratio:    0.27
      Required ratio:    6.00 (Gate area) 
      Cumulative area ratio:    0.39
      Required ratio:    0.00 (Cumulative area) 

    Layer: met2
      Partial area ratio:    4.93
      Required ratio:    0.00 (Gate area) 
      Cumulative area ratio:   10.19
      Required ratio:    0.00 (Cumulative area) 
      Partial area ratio:   24.19
      Required ratio: 2881.16 (Side area) 
      Cumulative area ratio:   49.30
      Required ratio:    0.00 (Cumulative side area) 

    Layer: via2
      Partial area ratio:    0.06
      Required ratio:   31.30 (Gate area) 
      Cumulative area ratio:    0.45
      Required ratio:    0.00 (Cumulative area) 

    Layer: met3
      Partial area ratio:    0.18
      Required ratio:    0.00 (Gate area) 
      Cumulative area ratio:   10.37
      Required ratio:    0.00 (Cumulative area) 
      Partial area ratio:    1.60
      Required ratio: 2881.16 (Side area) 
      Cumulative area ratio:   50.91
      Required ratio:    0.00 (Cumulative side area) 

    Layer: via3
      Partial area ratio:    0.06
      Required ratio:   31.30 (Gate area) 
      Cumulative area ratio:    0.50
      Required ratio:    0.00 (Cumulative area) 

    Layer: met4
      Partial area ratio:   13.96
      Required ratio:    0.00 (Gate area) 
      Cumulative area ratio:   24.33
      Required ratio:    0.00 (Cumulative area) 
      Partial area ratio:   75.25
      Required ratio: 2881.16 (Side area) 
      Cumulative area ratio:  126.16
      Required ratio:    0.00 (Cumulative side area) 


  Pin:   _4831_/A2 (sky130_fd_sc_hd__a22o_2)
    Layer: mcon
      Partial area ratio:    0.12
      Required ratio:    3.00 (Gate area) 
      Cumulative area ratio:    0.12
      Required ratio:    0.00 (Cumulative area) 

    Layer: met1
      Partial area ratio:    2.58
      Required ratio:    0.00 (Gate area) 
      Cumulative area ratio:    2.58
      Required ratio:    0.00 (Cumulative area) 
      Partial area ratio:   12.14
      Required ratio:  400.00 (Side area) 
      Cumulative area ratio:   12.14
      Required ratio:    0.00 (Cumulative side area) 

    Layer: via
      Partial area ratio:    0.18
      Required ratio:    6.00 (Gate area) 
      Cumulative area ratio:    0.30
      Required ratio:    0.00 (Cumulative area) 

    Layer: met2
      Partial area ratio:    4.80
      Required ratio:    0.00 (Gate area) 
      Cumulative area ratio:    7.38
      Required ratio:    0.00 (Cumulative area) 
      Partial area ratio:   23.26
      Required ratio:  400.00 (Side area) 
      Cumulative area ratio:   35.40
      Required ratio:    0.00 (Cumulative side area) 

    Layer: via2
      Partial area ratio:    0.16
      Required ratio:    6.00 (Gate area) 
      Cumulative area ratio:    0.46
      Required ratio:    0.00 (Cumulative area) 

    Layer: met3
      Partial area ratio:  104.82
      Required ratio:    0.00 (Gate area) 
      Cumulative area ratio:  112.19
      Required ratio:    0.00 (Cumulative area) 
      Partial area ratio:  559.95
      Required ratio:  400.00 (Side area) (VIOLATED)
      Cumulative area ratio:  595.36
      Required ratio:    0.00 (Cumulative side area) 

    Layer: via3
      Partial area ratio:    0.08
      Required ratio:    6.00 (Gate area) 
      Cumulative area ratio:    0.54
      Required ratio:    0.00 (Cumulative area) 

    Layer: met4
      Partial area ratio:   13.96
      Required ratio:    0.00 (Gate area) 
      Cumulative area ratio:  126.16
      Required ratio:    0.00 (Cumulative area) 
      Partial area ratio:   75.25
      Required ratio: 2881.16 (Side area) 
      Cumulative area ratio:  670.61
      Required ratio:    0.00 (Cumulative side area) 


  Pin:   _4836_/A2 (sky130_fd_sc_hd__a22o_2)
    Layer: mcon
      Partial area ratio:    0.12
      Required ratio:    3.00 (Gate area) 
      Cumulative area ratio:    0.12
      Required ratio:    0.00 (Cumulative area) 

    Layer: met1
      Partial area ratio:    5.18
      Required ratio:    0.00 (Gate area) 
      Cumulative area ratio:    5.18
      Required ratio:    0.00 (Cumulative area) 
      Partial area ratio:   24.35
      Required ratio: 2881.16 (Side area) 
      Cumulative area ratio:   24.35
      Required ratio:    0.00 (Cumulative side area) 

    Layer: via
      Partial area ratio:    0.27
      Required ratio:   31.30 (Gate area) 
      Cumulative area ratio:    0.39
      Required ratio:    0.00 (Cumulative area) 

    Layer: met2
      Partial area ratio:    4.93
      Required ratio:    0.00 (Gate area) 
      Cumulative area ratio:   10.11
      Required ratio:    0.00 (Cumulative area) 
      Partial area ratio:   24.19
      Required ratio: 2881.16 (Side area) 
      Cumulative area ratio:   48.54
      Required ratio:    0.00 (Cumulative side area) 

    Layer: via2
      Partial area ratio:    0.06
      Required ratio:   31.30 (Gate area) 
      Cumulative area ratio:    0.45
      Required ratio:    0.00 (Cumulative area) 

    Layer: met3
      Partial area ratio:    0.18
      Required ratio:    0.00 (Gate area) 
      Cumulative area ratio:   10.29
      Required ratio:    0.00 (Cumulative area) 
      Partial area ratio:    1.60
      Required ratio: 2881.16 (Side area) 
      Cumulative area ratio:   50.14
      Required ratio:    0.00 (Cumulative side area) 

    Layer: via3
      Partial area ratio:    0.06
      Required ratio:   31.30 (Gate area) 
      Cumulative area ratio:    0.50
      Required ratio:    0.00 (Cumulative area) 

    Layer: met4
      Partial area ratio:   13.96
      Required ratio:    0.00 (Gate area) 
      Cumulative area ratio:   24.25
      Required ratio:    0.00 (Cumulative area) 
      Partial area ratio:   75.25
      Required ratio: 2881.16 (Side area) 
      Cumulative area ratio:  125.40
      Required ratio:    0.00 (Cumulative side area) 


  Pin:   wire374/A (sky130_fd_sc_hd__clkbuf_4)
    Layer: mcon
      Partial area ratio:    0.14
      Required ratio:    3.00 (Gate area) 
      Cumulative area ratio:    0.14
      Required ratio:    0.00 (Cumulative area) 

    Layer: met1
      Partial area ratio:    2.26
      Required ratio:    0.00 (Gate area) 
      Cumulative area ratio:    2.26
      Required ratio:    0.00 (Cumulative area) 
      Partial area ratio:   10.43
      Required ratio:  400.00 (Side area) 
      Cumulative area ratio:   10.43
      Required ratio:    0.00 (Cumulative side area) 

    Layer: via
      Partial area ratio:    0.21
      Required ratio:    6.00 (Gate area) 
      Cumulative area ratio:    0.35
      Required ratio:    0.00 (Cumulative area) 

    Layer: met2
      Partial area ratio:    4.93
      Required ratio:    0.00 (Gate area) 
      Cumulative area ratio:    7.19
      Required ratio:    0.00 (Cumulative area) 
      Partial area ratio:   24.19
      Required ratio: 2881.16 (Side area) 
      Cumulative area ratio:   34.62
      Required ratio:    0.00 (Cumulative side area) 

    Layer: via2
      Partial area ratio:    0.06
      Required ratio:   31.30 (Gate area) 
      Cumulative area ratio:    0.40
      Required ratio:    0.00 (Cumulative area) 

    Layer: met3
      Partial area ratio:    0.18
      Required ratio:    0.00 (Gate area) 
      Cumulative area ratio:    7.37
      Required ratio:    0.00 (Cumulative area) 
      Partial area ratio:    1.60
      Required ratio: 2881.16 (Side area) 
      Cumulative area ratio:   36.23
      Required ratio:    0.00 (Cumulative side area) 

    Layer: via3
      Partial area ratio:    0.06
      Required ratio:   31.30 (Gate area) 
      Cumulative area ratio:    0.46
      Required ratio:    0.00 (Cumulative area) 

    Layer: met4
      Partial area ratio:   13.96
      Required ratio:    0.00 (Gate area) 
      Cumulative area ratio:   21.33
      Required ratio:    0.00 (Cumulative area) 
      Partial area ratio:   75.25
      Required ratio: 2881.16 (Side area) 
      Cumulative area ratio:  111.48
      Required ratio:    0.00 (Cumulative side area) 



Net: net384
  Pin:   fanout381/A (sky130_fd_sc_hd__clkdlybuf4s25_1)
    Layer: mcon
      Partial area ratio:    0.14
      Required ratio:    3.00 (Gate area) 
      Cumulative area ratio:    0.14
      Required ratio:    0.00 (Cumulative area) 

    Layer: met1
      Partial area ratio:    1.39
      Required ratio:    0.00 (Gate area) 
      Cumulative area ratio:    1.39
      Required ratio:    0.00 (Cumulative area) 
      Partial area ratio:    6.43
      Required ratio:  400.00 (Side area) 
      Cumulative area ratio:    6.43
      Required ratio:    0.00 (Cumulative side area) 

    Layer: via
      Partial area ratio:    0.14
      Required ratio:    6.00 (Gate area) 
      Cumulative area ratio:    0.28
      Required ratio:    0.00 (Cumulative area) 

    Layer: met2
      Partial area ratio:    0.55
      Required ratio:    0.00 (Gate area) 
      Cumulative area ratio:    1.94
      Required ratio:    0.00 (Cumulative area) 
      Partial area ratio:    2.28
      Required ratio:  400.00 (Side area) 
      Cumulative area ratio:    8.72
      Required ratio:    0.00 (Cumulative side area) 

    Layer: via2
      Partial area ratio:    0.19
      Required ratio:    6.00 (Gate area) 
      Cumulative area ratio:    0.47
      Required ratio:    0.00 (Cumulative area) 

    Layer: met3
      Partial area ratio:   69.17
      Required ratio:    0.00 (Gate area) 
      Cumulative area ratio:   71.11
      Required ratio:    0.00 (Cumulative area) 
      Partial area ratio:  373.30
      Required ratio:  400.00 (Side area) 
      Cumulative area ratio:  382.01
      Required ratio:    0.00 (Cumulative side area) 

    Layer: via3
      Partial area ratio:    0.19
      Required ratio:    6.00 (Gate area) 
      Cumulative area ratio:    0.66
      Required ratio:    0.00 (Cumulative area) 

    Layer: met4
      Partial area ratio:   93.45
      Required ratio:    0.00 (Gate area) 
      Cumulative area ratio:  164.56
      Required ratio:    0.00 (Cumulative area) 
      Partial area ratio:  481.24
      Required ratio:  400.00 (Side area) (VIOLATED)
      Cumulative area ratio:  863.25
      Required ratio:    0.00 (Cumulative side area) 

    Layer: via4
      Partial area ratio:    3.00
      Required ratio:    6.00 (Gate area) 
      Cumulative area ratio:    3.66
      Required ratio:    0.00 (Cumulative area) 

    Layer: met5
      Partial area ratio:   57.84
      Required ratio:    0.00 (Gate area) 
      Cumulative area ratio:  222.40
      Required ratio:    0.00 (Cumulative area) 
      Partial area ratio:   95.77
      Required ratio: 2778.20 (Side area) 
      Cumulative area ratio:  959.03
      Required ratio:    0.00 (Cumulative side area) 


  Pin:   fanout383/A (sky130_fd_sc_hd__clkdlybuf4s25_1)
    Layer: mcon
      Partial area ratio:    0.14
      Required ratio:    3.00 (Gate area) 
      Cumulative area ratio:    0.14
      Required ratio:    0.00 (Cumulative area) 

    Layer: met1
      Partial area ratio:    2.11
      Required ratio:    0.00 (Gate area) 
      Cumulative area ratio:    2.11
      Required ratio:    0.00 (Cumulative area) 
      Partial area ratio:    9.68
      Required ratio:  400.00 (Side area) 
      Cumulative area ratio:    9.68
      Required ratio:    0.00 (Cumulative side area) 

    Layer: via
      Partial area ratio:    0.21
      Required ratio:    6.00 (Gate area) 
      Cumulative area ratio:    0.35
      Required ratio:    0.00 (Cumulative area) 

    Layer: met2
      Partial area ratio:    0.88
      Required ratio:    0.00 (Gate area) 
      Cumulative area ratio:    2.99
      Required ratio:    0.00 (Cumulative area) 
      Partial area ratio:    4.04
      Required ratio:  400.00 (Side area) 
      Cumulative area ratio:   13.73
      Required ratio:    0.00 (Cumulative side area) 

    Layer: via2
      Partial area ratio:    0.19
      Required ratio:    6.00 (Gate area) 
      Cumulative area ratio:    0.53
      Required ratio:    0.00 (Cumulative area) 

    Layer: met3
      Partial area ratio:    0.59
      Required ratio:    0.00 (Gate area) 
      Cumulative area ratio:    3.57
      Required ratio:    0.00 (Cumulative area) 
      Partial area ratio:    5.33
      Required ratio:  400.00 (Side area) 
      Cumulative area ratio:   19.06
      Required ratio:    0.00 (Cumulative side area) 

    Layer: via3
      Partial area ratio:    0.19
      Required ratio:    6.00 (Gate area) 
      Cumulative area ratio:    0.72
      Required ratio:    0.00 (Cumulative area) 

    Layer: met4
      Partial area ratio:  162.59
      Required ratio:    0.00 (Gate area) 
      Cumulative area ratio:  166.17
      Required ratio:    0.00 (Cumulative area) 
      Partial area ratio:  854.42
      Required ratio: 2778.20 (Side area) 
      Cumulative area ratio:  873.48
      Required ratio:    0.00 (Cumulative side area) 

    Layer: via4
      Partial area ratio:    3.00
      Required ratio:   22.04 (Gate area) 
      Cumulative area ratio:    3.73
      Required ratio:    0.00 (Cumulative area) 

    Layer: met5
      Partial area ratio:   57.84
      Required ratio:    0.00 (Gate area) 
      Cumulative area ratio:  224.01
      Required ratio:    0.00 (Cumulative area) 
      Partial area ratio:   95.77
      Required ratio: 2778.20 (Side area) 
      Cumulative area ratio:  969.26
      Required ratio:    0.00 (Cumulative side area) 



Net: net401
  Pin:   _4662_/A2 (sky130_fd_sc_hd__a22o_2)
    Layer: mcon
      Partial area ratio:    0.12
      Required ratio:    3.00 (Gate area) 
      Cumulative area ratio:    0.12
      Required ratio:    0.00 (Cumulative area) 

    Layer: met1
      Partial area ratio:    3.60
      Required ratio:    0.00 (Gate area) 
      Cumulative area ratio:    3.60
      Required ratio:    0.00 (Cumulative area) 
      Partial area ratio:   17.26
      Required ratio:  400.00 (Side area) 
      Cumulative area ratio:   17.26
      Required ratio:    0.00 (Cumulative side area) 

    Layer: via
      Partial area ratio:    0.18
      Required ratio:    6.00 (Gate area) 
      Cumulative area ratio:    0.30
      Required ratio:    0.00 (Cumulative area) 

    Layer: met2
      Partial area ratio:    0.75
      Required ratio:    0.00 (Gate area) 
      Cumulative area ratio:    4.36
      Required ratio:    0.00 (Cumulative area) 
      Partial area ratio:    3.48
      Required ratio:  400.00 (Side area) 
      Cumulative area ratio:   20.74
      Required ratio:    0.00 (Cumulative side area) 

    Layer: via2
      Partial area ratio:    0.16
      Required ratio:    6.00 (Gate area) 
      Cumulative area ratio:    0.46
      Required ratio:    0.00 (Cumulative area) 

    Layer: met3
      Partial area ratio:    0.50
      Required ratio:    0.00 (Gate area) 
      Cumulative area ratio:    4.86
      Required ratio:    0.00 (Cumulative area) 
      Partial area ratio:    4.59
      Required ratio:  400.00 (Side area) 
      Cumulative area ratio:   25.33
      Required ratio:    0.00 (Cumulative side area) 

    Layer: via3
      Partial area ratio:    0.16
      Required ratio:    6.00 (Gate area) 
      Cumulative area ratio:    0.62
      Required ratio:    0.00 (Cumulative area) 

    Layer: met4
      Partial area ratio:   25.38
      Required ratio:    0.00 (Gate area) 
      Cumulative area ratio:   30.24
      Required ratio:    0.00 (Cumulative area) 
      Partial area ratio:  136.49
      Required ratio: 2881.16 (Side area) 
      Cumulative area ratio:  161.82
      Required ratio:    0.00 (Cumulative side area) 


  Pin:   _4666_/A2 (sky130_fd_sc_hd__a22o_2)
    Layer: mcon
      Partial area ratio:    0.12
      Required ratio:    3.00 (Gate area) 
      Cumulative area ratio:    0.12
      Required ratio:    0.00 (Cumulative area) 

    Layer: met1
      Partial area ratio:    2.96
      Required ratio:    0.00 (Gate area) 
      Cumulative area ratio:    2.96
      Required ratio:    0.00 (Cumulative area) 
      Partial area ratio:   14.04
      Required ratio:  400.00 (Side area) 
      Cumulative area ratio:   14.04
      Required ratio:    0.00 (Cumulative side area) 

    Layer: via
      Partial area ratio:    0.18
      Required ratio:    6.00 (Gate area) 
      Cumulative area ratio:    0.30
      Required ratio:    0.00 (Cumulative area) 

    Layer: met2
      Partial area ratio:    2.57
      Required ratio:    0.00 (Gate area) 
      Cumulative area ratio:    5.52
      Required ratio:    0.00 (Cumulative area) 
      Partial area ratio:   12.45
      Required ratio:  400.00 (Side area) 
      Cumulative area ratio:   26.49
      Required ratio:    0.00 (Cumulative side area) 

    Layer: via2
      Partial area ratio:    0.08
      Required ratio:    6.00 (Gate area) 
      Cumulative area ratio:    0.38
      Required ratio:    0.00 (Cumulative area) 

    Layer: met3
      Partial area ratio:    4.43
      Required ratio:    0.00 (Gate area) 
      Cumulative area ratio:    9.96
      Required ratio:    0.00 (Cumulative area) 
      Partial area ratio:   24.58
      Required ratio:  400.00 (Side area) 
      Cumulative area ratio:   51.07
      Required ratio:    0.00 (Cumulative side area) 

    Layer: via3
      Partial area ratio:    0.08
      Required ratio:    6.00 (Gate area) 
      Cumulative area ratio:    0.46
      Required ratio:    0.00 (Cumulative area) 

    Layer: met4
      Partial area ratio:   25.38
      Required ratio:    0.00 (Gate area) 
      Cumulative area ratio:   35.34
      Required ratio:    0.00 (Cumulative area) 
      Partial area ratio:  136.49
      Required ratio: 2881.16 (Side area) 
      Cumulative area ratio:  187.56
      Required ratio:    0.00 (Cumulative side area) 


  Pin:   _4667_/A2 (sky130_fd_sc_hd__a22o_2)
    Layer: mcon
      Partial area ratio:    0.12
      Required ratio:    3.00 (Gate area) 
      Cumulative area ratio:    0.12
      Required ratio:    0.00 (Cumulative area) 

    Layer: met1
      Partial area ratio:    5.62
      Required ratio:    0.00 (Gate area) 
      Cumulative area ratio:    5.62
      Required ratio:    0.00 (Cumulative area) 
      Partial area ratio:   26.63
      Required ratio: 2881.16 (Side area) 
      Cumulative area ratio:   26.63
      Required ratio:    0.00 (Cumulative side area) 

    Layer: via
      Partial area ratio:    0.27
      Required ratio:   31.30 (Gate area) 
      Cumulative area ratio:    0.39
      Required ratio:    0.00 (Cumulative area) 

    Layer: met2
      Partial area ratio:    1.09
      Required ratio:    0.00 (Gate area) 
      Cumulative area ratio:    6.71
      Required ratio:    0.00 (Cumulative area) 
      Partial area ratio:    5.12
      Required ratio: 2881.16 (Side area) 
      Cumulative area ratio:   31.74
      Required ratio:    0.00 (Cumulative side area) 

    Layer: via2
      Partial area ratio:    0.16
      Required ratio:   31.30 (Gate area) 
      Cumulative area ratio:    0.55
      Required ratio:    0.00 (Cumulative area) 

    Layer: met3
      Partial area ratio:    8.90
      Required ratio:    0.00 (Gate area) 
      Cumulative area ratio:   15.61
      Required ratio:    0.00 (Cumulative area) 
      Partial area ratio:   49.33
      Required ratio: 2881.16 (Side area) 
      Cumulative area ratio:   81.07
      Required ratio:    0.00 (Cumulative side area) 

    Layer: via3
      Partial area ratio:    0.32
      Required ratio:   31.30 (Gate area) 
      Cumulative area ratio:    0.87
      Required ratio:    0.00 (Cumulative area) 

    Layer: met4
      Partial area ratio:   25.38
      Required ratio:    0.00 (Gate area) 
      Cumulative area ratio:   40.99
      Required ratio:    0.00 (Cumulative area) 
      Partial area ratio:  136.49
      Required ratio: 2881.16 (Side area) 
      Cumulative area ratio:  217.56
      Required ratio:    0.00 (Cumulative side area) 


  Pin:   _4671_/A2 (sky130_fd_sc_hd__a22o_2)
    Layer: mcon
      Partial area ratio:    0.12
      Required ratio:    3.00 (Gate area) 
      Cumulative area ratio:    0.12
      Required ratio:    0.00 (Cumulative area) 

    Layer: met1
      Partial area ratio:    3.22
      Required ratio:    0.00 (Gate area) 
      Cumulative area ratio:    3.22
      Required ratio:    0.00 (Cumulative area) 
      Partial area ratio:   15.35
      Required ratio:  400.00 (Side area) 
      Cumulative area ratio:   15.35
      Required ratio:    0.00 (Cumulative side area) 

    Layer: via
      Partial area ratio:    0.18
      Required ratio:    6.00 (Gate area) 
      Cumulative area ratio:    0.30
      Required ratio:    0.00 (Cumulative area) 

    Layer: met2
      Partial area ratio:    0.75
      Required ratio:    0.00 (Gate area) 
      Cumulative area ratio:    3.97
      Required ratio:    0.00 (Cumulative area) 
      Partial area ratio:    3.48
      Required ratio:  400.00 (Side area) 
      Cumulative area ratio:   18.83
      Required ratio:    0.00 (Cumulative side area) 

    Layer: via2
      Partial area ratio:    0.16
      Required ratio:    6.00 (Gate area) 
      Cumulative area ratio:    0.46
      Required ratio:    0.00 (Cumulative area) 

    Layer: met3
      Partial area ratio:   92.56
      Required ratio:    0.00 (Gate area) 
      Cumulative area ratio:   96.54
      Required ratio:    0.00 (Cumulative area) 
      Partial area ratio:  495.52
      Required ratio:  400.00 (Side area) (VIOLATED)
      Cumulative area ratio:  514.34
      Required ratio:    0.00 (Cumulative side area) 

    Layer: via3
      Partial area ratio:    0.32
      Required ratio:    6.00 (Gate area) 
      Cumulative area ratio:    0.78
      Required ratio:    0.00 (Cumulative area) 

    Layer: met4
      Partial area ratio:   25.38
      Required ratio:    0.00 (Gate area) 
      Cumulative area ratio:  121.92
      Required ratio:    0.00 (Cumulative area) 
      Partial area ratio:  136.49
      Required ratio: 2881.16 (Side area) 
      Cumulative area ratio:  650.84
      Required ratio:    0.00 (Cumulative side area) 


  Pin:   _4673_/A2 (sky130_fd_sc_hd__a22o_2)
    Layer: mcon
      Partial area ratio:    0.12
      Required ratio:    3.00 (Gate area) 
      Cumulative area ratio:    0.12
      Required ratio:    0.00 (Cumulative area) 

    Layer: met1
      Partial area ratio:   16.63
      Required ratio:    0.00 (Gate area) 
      Cumulative area ratio:   16.63
      Required ratio:    0.00 (Cumulative area) 
      Partial area ratio:   82.42
      Required ratio:  400.00 (Side area) 
      Cumulative area ratio:   82.42
      Required ratio:    0.00 (Cumulative side area) 

    Layer: via
      Partial area ratio:    0.18
      Required ratio:    6.00 (Gate area) 
      Cumulative area ratio:    0.30
      Required ratio:    0.00 (Cumulative area) 

    Layer: met2
      Partial area ratio:    2.57
      Required ratio:    0.00 (Gate area) 
      Cumulative area ratio:   19.20
      Required ratio:    0.00 (Cumulative area) 
      Partial area ratio:   12.45
      Required ratio:  400.00 (Side area) 
      Cumulative area ratio:   94.87
      Required ratio:    0.00 (Cumulative side area) 

    Layer: via2
      Partial area ratio:    0.08
      Required ratio:    6.00 (Gate area) 
      Cumulative area ratio:    0.38
      Required ratio:    0.00 (Cumulative area) 

    Layer: met3
      Partial area ratio:    4.43
      Required ratio:    0.00 (Gate area) 
      Cumulative area ratio:   23.63
      Required ratio:    0.00 (Cumulative area) 
      Partial area ratio:   24.58
      Required ratio:  400.00 (Side area) 
      Cumulative area ratio:  119.45
      Required ratio:    0.00 (Cumulative side area) 

    Layer: via3
      Partial area ratio:    0.08
      Required ratio:    6.00 (Gate area) 
      Cumulative area ratio:    0.46
      Required ratio:    0.00 (Cumulative area) 

    Layer: met4
      Partial area ratio:   25.38
      Required ratio:    0.00 (Gate area) 
      Cumulative area ratio:   49.01
      Required ratio:    0.00 (Cumulative area) 
      Partial area ratio:  136.49
      Required ratio: 2881.16 (Side area) 
      Cumulative area ratio:  255.94
      Required ratio:    0.00 (Cumulative side area) 



Net: net415
  Pin:   _4594_/A2 (sky130_fd_sc_hd__a22o_2)
    Layer: mcon
      Partial area ratio:    0.12
      Required ratio:    3.00 (Gate area) 
      Cumulative area ratio:    0.12
      Required ratio:    0.00 (Cumulative area) 

    Layer: met1
      Partial area ratio:    3.18
      Required ratio:    0.00 (Gate area) 
      Cumulative area ratio:    3.18
      Required ratio:    0.00 (Cumulative area) 
      Partial area ratio:   15.15
      Required ratio:  400.00 (Side area) 
      Cumulative area ratio:   15.15
      Required ratio:    0.00 (Cumulative side area) 

    Layer: via
      Partial area ratio:    0.18
      Required ratio:    6.00 (Gate area) 
      Cumulative area ratio:    0.30
      Required ratio:    0.00 (Cumulative area) 

    Layer: met2
      Partial area ratio:    8.59
      Required ratio:    0.00 (Gate area) 
      Cumulative area ratio:   11.77
      Required ratio:    0.00 (Cumulative area) 
      Partial area ratio:   42.54
      Required ratio: 2881.16 (Side area) 
      Cumulative area ratio:   57.70
      Required ratio:    0.00 (Cumulative side area) 

    Layer: via2
      Partial area ratio:    0.08
      Required ratio:   31.30 (Gate area) 
      Cumulative area ratio:    0.38
      Required ratio:    0.00 (Cumulative area) 

    Layer: met3
      Partial area ratio:    0.25
      Required ratio:    0.00 (Gate area) 
      Cumulative area ratio:   12.02
      Required ratio:    0.00 (Cumulative area) 
      Partial area ratio:    2.29
      Required ratio: 2881.16 (Side area) 
      Cumulative area ratio:   59.99
      Required ratio:    0.00 (Cumulative side area) 

    Layer: via3
      Partial area ratio:    0.08
      Required ratio:   31.30 (Gate area) 
      Cumulative area ratio:    0.46
      Required ratio:    0.00 (Cumulative area) 

    Layer: met4
      Partial area ratio:   26.50
      Required ratio:    0.00 (Gate area) 
      Cumulative area ratio:   38.52
      Required ratio:    0.00 (Cumulative area) 
      Partial area ratio:  138.59
      Required ratio: 2881.16 (Side area) 
      Cumulative area ratio:  198.58
      Required ratio:    0.00 (Cumulative side area) 

    Layer: via4
      Partial area ratio:    0.65
      Required ratio:   31.30 (Gate area) 
      Cumulative area ratio:    1.11
      Required ratio:    0.00 (Cumulative area) 

    Layer: met5
      Partial area ratio:   46.67
      Required ratio:    0.00 (Gate area) 
      Cumulative area ratio:   85.20
      Required ratio:    0.00 (Cumulative area) 
      Partial area ratio:   73.12
      Required ratio: 2881.16 (Side area) 
      Cumulative area ratio:  271.69
      Required ratio:    0.00 (Cumulative side area) 


  Pin:   _4598_/A2 (sky130_fd_sc_hd__a22o_2)
    Layer: mcon
      Partial area ratio:    0.12
      Required ratio:    3.00 (Gate area) 
      Cumulative area ratio:    0.12
      Required ratio:    0.00 (Cumulative area) 

    Layer: met1
      Partial area ratio:    2.74
      Required ratio:    0.00 (Gate area) 
      Cumulative area ratio:    2.74
      Required ratio:    0.00 (Cumulative area) 
      Partial area ratio:   12.95
      Required ratio:  400.00 (Side area) 
      Cumulative area ratio:   12.95
      Required ratio:    0.00 (Cumulative side area) 

    Layer: via
      Partial area ratio:    0.18
      Required ratio:    6.00 (Gate area) 
      Cumulative area ratio:    0.30
      Required ratio:    0.00 (Cumulative area) 

    Layer: met2
      Partial area ratio:    0.75
      Required ratio:    0.00 (Gate area) 
      Cumulative area ratio:    3.49
      Required ratio:    0.00 (Cumulative area) 
      Partial area ratio:    3.48
      Required ratio:  400.00 (Side area) 
      Cumulative area ratio:   16.42
      Required ratio:    0.00 (Cumulative side area) 

    Layer: via2
      Partial area ratio:    0.16
      Required ratio:    6.00 (Gate area) 
      Cumulative area ratio:    0.46
      Required ratio:    0.00 (Cumulative area) 

    Layer: met3
      Partial area ratio:    0.50
      Required ratio:    0.00 (Gate area) 
      Cumulative area ratio:    4.00
      Required ratio:    0.00 (Cumulative area) 
      Partial area ratio:    4.59
      Required ratio:  400.00 (Side area) 
      Cumulative area ratio:   21.01
      Required ratio:    0.00 (Cumulative side area) 

    Layer: via3
      Partial area ratio:    0.16
      Required ratio:    6.00 (Gate area) 
      Cumulative area ratio:    0.62
      Required ratio:    0.00 (Cumulative area) 

    Layer: met4
      Partial area ratio:   26.50
      Required ratio:    0.00 (Gate area) 
      Cumulative area ratio:   30.50
      Required ratio:    0.00 (Cumulative area) 
      Partial area ratio:  138.59
      Required ratio: 2881.16 (Side area) 
      Cumulative area ratio:  159.60
      Required ratio:    0.00 (Cumulative side area) 

    Layer: via4
      Partial area ratio:    0.65
      Required ratio:   31.30 (Gate area) 
      Cumulative area ratio:    1.27
      Required ratio:    0.00 (Cumulative area) 

    Layer: met5
      Partial area ratio:   46.67
      Required ratio:    0.00 (Gate area) 
      Cumulative area ratio:   77.17
      Required ratio:    0.00 (Cumulative area) 
      Partial area ratio:   73.12
      Required ratio: 2881.16 (Side area) 
      Cumulative area ratio:  232.71
      Required ratio:    0.00 (Cumulative side area) 


  Pin:   _4599_/A2 (sky130_fd_sc_hd__a22o_2)
    Layer: mcon
      Partial area ratio:    0.12
      Required ratio:    3.00 (Gate area) 
      Cumulative area ratio:    0.12
      Required ratio:    0.00 (Cumulative area) 

    Layer: met1
      Partial area ratio:    3.63
      Required ratio:    0.00 (Gate area) 
      Cumulative area ratio:    3.63
      Required ratio:    0.00 (Cumulative area) 
      Partial area ratio:   16.72
      Required ratio: 2881.16 (Side area) 
      Cumulative area ratio:   16.72
      Required ratio:    0.00 (Cumulative side area) 

    Layer: via
      Partial area ratio:    0.27
      Required ratio:   31.30 (Gate area) 
      Cumulative area ratio:    0.39
      Required ratio:    0.00 (Cumulative area) 

    Layer: met2
      Partial area ratio:    8.59
      Required ratio:    0.00 (Gate area) 
      Cumulative area ratio:   12.22
      Required ratio:    0.00 (Cumulative area) 
      Partial area ratio:   42.54
      Required ratio: 2881.16 (Side area) 
      Cumulative area ratio:   59.26
      Required ratio:    0.00 (Cumulative side area) 

    Layer: via2
      Partial area ratio:    0.08
      Required ratio:   31.30 (Gate area) 
      Cumulative area ratio:    0.47
      Required ratio:    0.00 (Cumulative area) 

    Layer: met3
      Partial area ratio:    0.25
      Required ratio:    0.00 (Gate area) 
      Cumulative area ratio:   12.48
      Required ratio:    0.00 (Cumulative area) 
      Partial area ratio:    2.29
      Required ratio: 2881.16 (Side area) 
      Cumulative area ratio:   61.55
      Required ratio:    0.00 (Cumulative side area) 

    Layer: via3
      Partial area ratio:    0.08
      Required ratio:   31.30 (Gate area) 
      Cumulative area ratio:    0.55
      Required ratio:    0.00 (Cumulative area) 

    Layer: met4
      Partial area ratio:   26.50
      Required ratio:    0.00 (Gate area) 
      Cumulative area ratio:   38.98
      Required ratio:    0.00 (Cumulative area) 
      Partial area ratio:  138.59
      Required ratio: 2881.16 (Side area) 
      Cumulative area ratio:  200.14
      Required ratio:    0.00 (Cumulative side area) 

    Layer: via4
      Partial area ratio:    0.65
      Required ratio:   31.30 (Gate area) 
      Cumulative area ratio:    1.20
      Required ratio:    0.00 (Cumulative area) 

    Layer: met5
      Partial area ratio:   46.67
      Required ratio:    0.00 (Gate area) 
      Cumulative area ratio:   85.65
      Required ratio:    0.00 (Cumulative area) 
      Partial area ratio:   73.12
      Required ratio: 2881.16 (Side area) 
      Cumulative area ratio:  273.26
      Required ratio:    0.00 (Cumulative side area) 


  Pin:   _4603_/A2 (sky130_fd_sc_hd__a22o_2)
    Layer: mcon
      Partial area ratio:    0.12
      Required ratio:    3.00 (Gate area) 
      Cumulative area ratio:    0.12
      Required ratio:    0.00 (Cumulative area) 

    Layer: met1
      Partial area ratio:    2.20
      Required ratio:    0.00 (Gate area) 
      Cumulative area ratio:    2.20
      Required ratio:    0.00 (Cumulative area) 
      Partial area ratio:   10.23
      Required ratio:  400.00 (Side area) 
      Cumulative area ratio:   10.23
      Required ratio:    0.00 (Cumulative side area) 

    Layer: via
      Partial area ratio:    0.18
      Required ratio:    6.00 (Gate area) 
      Cumulative area ratio:    0.30
      Required ratio:    0.00 (Cumulative area) 

    Layer: met2
      Partial area ratio:    0.75
      Required ratio:    0.00 (Gate area) 
      Cumulative area ratio:    2.95
      Required ratio:    0.00 (Cumulative area) 
      Partial area ratio:    3.48
      Required ratio:  400.00 (Side area) 
      Cumulative area ratio:   13.71
      Required ratio:    0.00 (Cumulative side area) 

    Layer: via2
      Partial area ratio:    0.16
      Required ratio:    6.00 (Gate area) 
      Cumulative area ratio:    0.46
      Required ratio:    0.00 (Cumulative area) 

    Layer: met3
      Partial area ratio:   84.17
      Required ratio:    0.00 (Gate area) 
      Cumulative area ratio:   87.12
      Required ratio:    0.00 (Cumulative area) 
      Partial area ratio:  450.78
      Required ratio:  400.00 (Side area) (VIOLATED)
      Cumulative area ratio:  464.49
      Required ratio:    0.00 (Cumulative side area) 

    Layer: via3
      Partial area ratio:    0.32
      Required ratio:    6.00 (Gate area) 
      Cumulative area ratio:    0.78
      Required ratio:    0.00 (Cumulative area) 

    Layer: met4
      Partial area ratio:   26.50
      Required ratio:    0.00 (Gate area) 
      Cumulative area ratio:  113.62
      Required ratio:    0.00 (Cumulative area) 
      Partial area ratio:  138.59
      Required ratio: 2881.16 (Side area) 
      Cumulative area ratio:  603.07
      Required ratio:    0.00 (Cumulative side area) 

    Layer: via4
      Partial area ratio:    0.65
      Required ratio:   31.30 (Gate area) 
      Cumulative area ratio:    1.43
      Required ratio:    0.00 (Cumulative area) 

    Layer: met5
      Partial area ratio:   46.67
      Required ratio:    0.00 (Gate area) 
      Cumulative area ratio:  160.30
      Required ratio:    0.00 (Cumulative area) 
      Partial area ratio:   73.12
      Required ratio: 2881.16 (Side area) 
      Cumulative area ratio:  676.19
      Required ratio:    0.00 (Cumulative side area) 


  Pin:   _4605_/A2 (sky130_fd_sc_hd__a22o_2)
    Layer: mcon
      Partial area ratio:    0.12
      Required ratio:    3.00 (Gate area) 
      Cumulative area ratio:    0.12
      Required ratio:    0.00 (Cumulative area) 

    Layer: met1
      Partial area ratio:    2.45
      Required ratio:    0.00 (Gate area) 
      Cumulative area ratio:    2.45
      Required ratio:    0.00 (Cumulative area) 
      Partial area ratio:   11.52
      Required ratio:  400.00 (Side area) 
      Cumulative area ratio:   11.52
      Required ratio:    0.00 (Cumulative side area) 

    Layer: via
      Partial area ratio:    0.18
      Required ratio:    6.00 (Gate area) 
      Cumulative area ratio:    0.30
      Required ratio:    0.00 (Cumulative area) 

    Layer: met2
      Partial area ratio:    0.75
      Required ratio:    0.00 (Gate area) 
      Cumulative area ratio:    3.21
      Required ratio:    0.00 (Cumulative area) 
      Partial area ratio:    3.48
      Required ratio:  400.00 (Side area) 
      Cumulative area ratio:   15.00
      Required ratio:    0.00 (Cumulative side area) 

    Layer: via2
      Partial area ratio:    0.16
      Required ratio:    6.00 (Gate area) 
      Cumulative area ratio:    0.46
      Required ratio:    0.00 (Cumulative area) 

    Layer: met3
      Partial area ratio:    0.50
      Required ratio:    0.00 (Gate area) 
      Cumulative area ratio:    3.71
      Required ratio:    0.00 (Cumulative area) 
      Partial area ratio:    4.59
      Required ratio:  400.00 (Side area) 
      Cumulative area ratio:   19.59
      Required ratio:    0.00 (Cumulative side area) 

    Layer: via3
      Partial area ratio:    0.16
      Required ratio:    6.00 (Gate area) 
      Cumulative area ratio:    0.62
      Required ratio:    0.00 (Cumulative area) 

    Layer: met4
      Partial area ratio:    5.63
      Required ratio:    0.00 (Gate area) 
      Cumulative area ratio:    9.34
      Required ratio:    0.00 (Cumulative area) 
      Partial area ratio:   15.26
      Required ratio:  400.00 (Side area) 
      Cumulative area ratio:   34.84
      Required ratio:    0.00 (Cumulative side area) 

    Layer: via4
      Partial area ratio:    2.59
      Required ratio:    6.00 (Gate area) 
      Cumulative area ratio:    3.21
      Required ratio:    0.00 (Cumulative area) 

    Layer: met5
      Partial area ratio:   46.67
      Required ratio:    0.00 (Gate area) 
      Cumulative area ratio:   56.01
      Required ratio:    0.00 (Cumulative area) 
      Partial area ratio:   73.12
      Required ratio: 2881.16 (Side area) 
      Cumulative area ratio:  107.96
      Required ratio:    0.00 (Cumulative side area) 



Net: net460
  Pin:   fanout455/A (sky130_fd_sc_hd__clkdlybuf4s25_1)
    Layer: mcon
      Partial area ratio:    0.14
      Required ratio:    3.00 (Gate area) 
      Cumulative area ratio:    0.14
      Required ratio:    0.00 (Cumulative area) 

    Layer: met1
      Partial area ratio:    2.35
      Required ratio:    0.00 (Gate area) 
      Cumulative area ratio:    2.35
      Required ratio:    0.00 (Cumulative area) 
      Partial area ratio:   10.87
      Required ratio:  400.00 (Side area) 
      Cumulative area ratio:   10.87
      Required ratio:    0.00 (Cumulative side area) 

    Layer: via
      Partial area ratio:    0.21
      Required ratio:    6.00 (Gate area) 
      Cumulative area ratio:    0.35
      Required ratio:    0.00 (Cumulative area) 

    Layer: met2
      Partial area ratio:    0.88
      Required ratio:    0.00 (Gate area) 
      Cumulative area ratio:    3.23
      Required ratio:    0.00 (Cumulative area) 
      Partial area ratio:    4.04
      Required ratio:  400.00 (Side area) 
      Cumulative area ratio:   14.91
      Required ratio:    0.00 (Cumulative side area) 

    Layer: via2
      Partial area ratio:    0.19
      Required ratio:    6.00 (Gate area) 
      Cumulative area ratio:    0.53
      Required ratio:    0.00 (Cumulative area) 

    Layer: met3
      Partial area ratio:   98.03
      Required ratio:    0.00 (Gate area) 
      Cumulative area ratio:  101.26
      Required ratio:    0.00 (Cumulative area) 
      Partial area ratio:  526.14
      Required ratio:  400.00 (Side area) (VIOLATED)
      Cumulative area ratio:  541.05
      Required ratio:    0.00 (Cumulative side area) 

    Layer: via3
      Partial area ratio:    0.09
      Required ratio:    6.00 (Gate area) 
      Cumulative area ratio:    0.63
      Required ratio:    0.00 (Cumulative area) 

    Layer: met4
      Partial area ratio:    3.27
      Required ratio:    0.00 (Gate area) 
      Cumulative area ratio:  104.53
      Required ratio:    0.00 (Cumulative area) 
      Partial area ratio:    8.86
      Required ratio:  400.00 (Side area) 
      Cumulative area ratio:  549.92
      Required ratio:    0.00 (Cumulative side area) 

    Layer: via4
      Partial area ratio:    1.50
      Required ratio:    6.00 (Gate area) 
      Cumulative area ratio:    2.13
      Required ratio:    0.00 (Cumulative area) 

    Layer: met5
      Partial area ratio:  225.35
      Required ratio:    0.00 (Gate area) 
      Cumulative area ratio:  329.88
      Required ratio:    0.00 (Cumulative area) 
      Partial area ratio:  365.07
      Required ratio: 2778.20 (Side area) 
      Cumulative area ratio:  914.99
      Required ratio:    0.00 (Cumulative side area) 


  Pin:   fanout458/A (sky130_fd_sc_hd__clkdlybuf4s25_1)
    Layer: mcon
      Partial area ratio:    0.14
      Required ratio:    3.00 (Gate area) 
      Cumulative area ratio:    0.14
      Required ratio:    0.00 (Cumulative area) 

    Layer: met1
      Partial area ratio:    7.36
      Required ratio:    0.00 (Gate area) 
      Cumulative area ratio:    7.36
      Required ratio:    0.00 (Cumulative area) 
      Partial area ratio:   35.40
      Required ratio:  400.00 (Side area) 
      Cumulative area ratio:   35.40
      Required ratio:    0.00 (Cumulative side area) 

    Layer: via
      Partial area ratio:    0.32
      Required ratio:    6.00 (Gate area) 
      Cumulative area ratio:    0.45
      Required ratio:    0.00 (Cumulative area) 

    Layer: met2
      Partial area ratio:    1.36
      Required ratio:    0.00 (Gate area) 
      Cumulative area ratio:    8.72
      Required ratio:    0.00 (Cumulative area) 
      Partial area ratio:    6.18
      Required ratio:  400.00 (Side area) 
      Cumulative area ratio:   41.58
      Required ratio:    0.00 (Cumulative side area) 

    Layer: via2
      Partial area ratio:    0.38
      Required ratio:    6.00 (Gate area) 
      Cumulative area ratio:    0.83
      Required ratio:    0.00 (Cumulative area) 

    Layer: met3
      Partial area ratio:   98.03
      Required ratio:    0.00 (Gate area) 
      Cumulative area ratio:  106.75
      Required ratio:    0.00 (Cumulative area) 
      Partial area ratio:  526.14
      Required ratio:  400.00 (Side area) (VIOLATED)
      Cumulative area ratio:  567.72
      Required ratio:    0.00 (Cumulative side area) 

    Layer: via3
      Partial area ratio:    0.09
      Required ratio:    6.00 (Gate area) 
      Cumulative area ratio:    0.92
      Required ratio:    0.00 (Cumulative area) 

    Layer: met4
      Partial area ratio:    3.27
      Required ratio:    0.00 (Gate area) 
      Cumulative area ratio:  110.02
      Required ratio:    0.00 (Cumulative area) 
      Partial area ratio:    8.86
      Required ratio:  400.00 (Side area) 
      Cumulative area ratio:  576.59
      Required ratio:    0.00 (Cumulative side area) 

    Layer: via4
      Partial area ratio:    1.50
      Required ratio:    6.00 (Gate area) 
      Cumulative area ratio:    2.42
      Required ratio:    0.00 (Cumulative area) 

    Layer: met5
      Partial area ratio:  225.35
      Required ratio:    0.00 (Gate area) 
      Cumulative area ratio:  335.37
      Required ratio:    0.00 (Cumulative area) 
      Partial area ratio:  365.07
      Required ratio: 2778.20 (Side area) 
      Cumulative area ratio:  941.66
      Required ratio:    0.00 (Cumulative side area) 



Net: net464
  Pin:   _4333_/B (sky130_fd_sc_hd__nor2_2)
    Layer: mcon
      Partial area ratio:    0.06
      Required ratio:    3.00 (Gate area) 
      Cumulative area ratio:    0.06
      Required ratio:    0.00 (Cumulative area) 

    Layer: met1
      Partial area ratio:    3.15
      Required ratio:    0.00 (Gate area) 
      Cumulative area ratio:    3.15
      Required ratio:    0.00 (Cumulative area) 
      Partial area ratio:   15.03
      Required ratio: 2881.16 (Side area) 
      Cumulative area ratio:   15.03
      Required ratio:    0.00 (Cumulative side area) 

    Layer: via
      Partial area ratio:    0.14
      Required ratio:   31.30 (Gate area) 
      Cumulative area ratio:    0.19
      Required ratio:    0.00 (Cumulative area) 

    Layer: met2
      Partial area ratio:    0.55
      Required ratio:    0.00 (Gate area) 
      Cumulative area ratio:    3.70
      Required ratio:    0.00 (Cumulative area) 
      Partial area ratio:    2.56
      Required ratio: 2881.16 (Side area) 
      Cumulative area ratio:   17.59
      Required ratio:    0.00 (Cumulative side area) 

    Layer: via2
      Partial area ratio:    0.08
      Required ratio:   31.30 (Gate area) 
      Cumulative area ratio:    0.28
      Required ratio:    0.00 (Cumulative area) 

    Layer: met3
      Partial area ratio:    0.25
      Required ratio:    0.00 (Gate area) 
      Cumulative area ratio:    3.95
      Required ratio:    0.00 (Cumulative area) 
      Partial area ratio:    2.29
      Required ratio: 2881.16 (Side area) 
      Cumulative area ratio:   19.88
      Required ratio:    0.00 (Cumulative side area) 

    Layer: via3
      Partial area ratio:    0.08
      Required ratio:   31.30 (Gate area) 
      Cumulative area ratio:    0.36
      Required ratio:    0.00 (Cumulative area) 

    Layer: met4
      Partial area ratio:   26.88
      Required ratio:    0.00 (Gate area) 
      Cumulative area ratio:   30.83
      Required ratio:    0.00 (Cumulative area) 
      Partial area ratio:  143.71
      Required ratio: 2881.16 (Side area) 
      Cumulative area ratio:  163.59
      Required ratio:    0.00 (Cumulative side area) 


  Pin:   _4341_/A2 (sky130_fd_sc_hd__a22o_2)
    Layer: mcon
      Partial area ratio:    0.12
      Required ratio:    3.00 (Gate area) 
      Cumulative area ratio:    0.12
      Required ratio:    0.00 (Cumulative area) 

    Layer: met1
      Partial area ratio:    7.18
      Required ratio:    0.00 (Gate area) 
      Cumulative area ratio:    7.18
      Required ratio:    0.00 (Cumulative area) 
      Partial area ratio:   35.16
      Required ratio:  400.00 (Side area) 
      Cumulative area ratio:   35.16
      Required ratio:    0.00 (Cumulative side area) 

    Layer: via
      Partial area ratio:    0.18
      Required ratio:    6.00 (Gate area) 
      Cumulative area ratio:    0.30
      Required ratio:    0.00 (Cumulative area) 

    Layer: met2
      Partial area ratio:   43.83
      Required ratio:    0.00 (Gate area) 
      Cumulative area ratio:   51.01
      Required ratio:    0.00 (Cumulative area) 
      Partial area ratio:  218.41
      Required ratio:  400.00 (Side area) 
      Cumulative area ratio:  253.58
      Required ratio:    0.00 (Cumulative side area) 

    Layer: via2
      Partial area ratio:    0.16
      Required ratio:    6.00 (Gate area) 
      Cumulative area ratio:    0.46
      Required ratio:    0.00 (Cumulative area) 

    Layer: met3
      Partial area ratio:  142.68
      Required ratio:    0.00 (Gate area) 
      Cumulative area ratio:  193.69
      Required ratio:    0.00 (Cumulative area) 
      Partial area ratio:  762.86
      Required ratio:  400.00 (Side area) (VIOLATED)
      Cumulative area ratio: 1016.44
      Required ratio:    0.00 (Cumulative side area) 

    Layer: via3
      Partial area ratio:    0.16
      Required ratio:    6.00 (Gate area) 
      Cumulative area ratio:    0.62
      Required ratio:    0.00 (Cumulative area) 

    Layer: met4
      Partial area ratio:   26.88
      Required ratio:    0.00 (Gate area) 
      Cumulative area ratio:  220.57
      Required ratio:    0.00 (Cumulative area) 
      Partial area ratio:  143.71
      Required ratio: 2881.16 (Side area) 
      Cumulative area ratio: 1160.15
      Required ratio:    0.00 (Cumulative side area) 


  Pin:   _4350_/A2 (sky130_fd_sc_hd__a22o_2)
    Layer: mcon
      Partial area ratio:    0.12
      Required ratio:    3.00 (Gate area) 
      Cumulative area ratio:    0.12
      Required ratio:    0.00 (Cumulative area) 

    Layer: met1
      Partial area ratio:    1.94
      Required ratio:    0.00 (Gate area) 
      Cumulative area ratio:    1.94
      Required ratio:    0.00 (Cumulative area) 
      Partial area ratio:    8.97
      Required ratio:  400.00 (Side area) 
      Cumulative area ratio:    8.97
      Required ratio:    0.00 (Cumulative side area) 

    Layer: via
      Partial area ratio:    0.18
      Required ratio:    6.00 (Gate area) 
      Cumulative area ratio:    0.30
      Required ratio:    0.00 (Cumulative area) 

    Layer: met2
      Partial area ratio:    0.75
      Required ratio:    0.00 (Gate area) 
      Cumulative area ratio:    2.70
      Required ratio:    0.00 (Cumulative area) 
      Partial area ratio:    3.48
      Required ratio:  400.00 (Side area) 
      Cumulative area ratio:   12.45
      Required ratio:    0.00 (Cumulative side area) 

    Layer: via2
      Partial area ratio:    0.16
      Required ratio:    6.00 (Gate area) 
      Cumulative area ratio:    0.46
      Required ratio:    0.00 (Cumulative area) 

    Layer: met3
      Partial area ratio:   25.59
      Required ratio:    0.00 (Gate area) 
      Cumulative area ratio:   28.29
      Required ratio:    0.00 (Cumulative area) 
      Partial area ratio:  138.38
      Required ratio:  400.00 (Side area) 
      Cumulative area ratio:  150.83
      Required ratio:    0.00 (Cumulative side area) 

    Layer: via3
      Partial area ratio:    0.16
      Required ratio:    6.00 (Gate area) 
      Cumulative area ratio:    0.62
      Required ratio:    0.00 (Cumulative area) 

    Layer: met4
      Partial area ratio:   26.88
      Required ratio:    0.00 (Gate area) 
      Cumulative area ratio:   55.17
      Required ratio:    0.00 (Cumulative area) 
      Partial area ratio:  143.71
      Required ratio: 2881.16 (Side area) 
      Cumulative area ratio:  294.54
      Required ratio:    0.00 (Cumulative side area) 


  Pin:   wire465/A (sky130_fd_sc_hd__buf_4)
    Layer: mcon
      Partial area ratio:    0.12
      Required ratio:    3.00 (Gate area) 
      Cumulative area ratio:    0.12
      Required ratio:    0.00 (Cumulative area) 

    Layer: met1
      Partial area ratio:    2.75
      Required ratio:    0.00 (Gate area) 
      Cumulative area ratio:    2.75
      Required ratio:    0.00 (Cumulative area) 
      Partial area ratio:   12.98
      Required ratio:  400.00 (Side area) 
      Cumulative area ratio:   12.98
      Required ratio:    0.00 (Cumulative side area) 

    Layer: via
      Partial area ratio:    0.18
      Required ratio:    6.00 (Gate area) 
      Cumulative area ratio:    0.30
      Required ratio:    0.00 (Cumulative area) 

    Layer: met2
      Partial area ratio:    0.75
      Required ratio:    0.00 (Gate area) 
      Cumulative area ratio:    3.50
      Required ratio:    0.00 (Cumulative area) 
      Partial area ratio:    3.48
      Required ratio:  400.00 (Side area) 
      Cumulative area ratio:   16.46
      Required ratio:    0.00 (Cumulative side area) 

    Layer: via2
      Partial area ratio:    0.16
      Required ratio:    6.00 (Gate area) 
      Cumulative area ratio:    0.46
      Required ratio:    0.00 (Cumulative area) 

    Layer: met3
      Partial area ratio:    8.86
      Required ratio:    0.00 (Gate area) 
      Cumulative area ratio:   12.37
      Required ratio:    0.00 (Cumulative area) 
      Partial area ratio:   49.16
      Required ratio:  400.00 (Side area) 
      Cumulative area ratio:   65.62
      Required ratio:    0.00 (Cumulative side area) 

    Layer: via3
      Partial area ratio:    0.16
      Required ratio:    6.00 (Gate area) 
      Cumulative area ratio:    0.62
      Required ratio:    0.00 (Cumulative area) 

    Layer: met4
      Partial area ratio:   26.88
      Required ratio:    0.00 (Gate area) 
      Cumulative area ratio:   39.24
      Required ratio:    0.00 (Cumulative area) 
      Partial area ratio:  143.71
      Required ratio: 2881.16 (Side area) 
      Cumulative area ratio:  209.33
      Required ratio:    0.00 (Cumulative side area) 



Net: net473
  Pin:   fanout467/A (sky130_fd_sc_hd__clkdlybuf4s25_1)
    Layer: mcon
      Partial area ratio:    0.14
      Required ratio:    3.00 (Gate area) 
      Cumulative area ratio:    0.14
      Required ratio:    0.00 (Cumulative area) 

    Layer: met1
      Partial area ratio:    3.61
      Required ratio:    0.00 (Gate area) 
      Cumulative area ratio:    3.61
      Required ratio:    0.00 (Cumulative area) 
      Partial area ratio:   17.18
      Required ratio:  400.00 (Side area) 
      Cumulative area ratio:   17.18
      Required ratio:    0.00 (Cumulative side area) 

    Layer: via
      Partial area ratio:    0.21
      Required ratio:    6.00 (Gate area) 
      Cumulative area ratio:    0.35
      Required ratio:    0.00 (Cumulative area) 

    Layer: met2
      Partial area ratio:   28.51
      Required ratio:    0.00 (Gate area) 
      Cumulative area ratio:   32.12
      Required ratio:    0.00 (Cumulative area) 
      Partial area ratio:  140.95
      Required ratio:  400.00 (Side area) 
      Cumulative area ratio:  158.13
      Required ratio:    0.00 (Cumulative side area) 

    Layer: via2
      Partial area ratio:    0.38
      Required ratio:    6.00 (Gate area) 
      Cumulative area ratio:    0.72
      Required ratio:    0.00 (Cumulative area) 

    Layer: met3
      Partial area ratio:   40.01
      Required ratio:    0.00 (Gate area) 
      Cumulative area ratio:   72.14
      Required ratio:    0.00 (Cumulative area) 
      Partial area ratio:  217.80
      Required ratio: 2753.36 (Side area) 
      Cumulative area ratio:  375.94
      Required ratio:    0.00 (Cumulative side area) 

    Layer: via3
      Partial area ratio:    0.19
      Required ratio:   19.80 (Gate area) 
      Cumulative area ratio:    0.91
      Required ratio:    0.00 (Cumulative area) 

    Layer: met4
      Partial area ratio:   44.01
      Required ratio:    0.00 (Gate area) 
      Cumulative area ratio:  116.15
      Required ratio:    0.00 (Cumulative area) 
      Partial area ratio:  235.83
      Required ratio: 2753.36 (Side area) 
      Cumulative area ratio:  611.77
      Required ratio:    0.00 (Cumulative side area) 


  Pin:   fanout469/A (sky130_fd_sc_hd__clkdlybuf4s25_1)
    Layer: mcon
      Partial area ratio:    0.14
      Required ratio:    3.00 (Gate area) 
      Cumulative area ratio:    0.14
      Required ratio:    0.00 (Cumulative area) 

    Layer: met1
      Partial area ratio:    2.99
      Required ratio:    0.00 (Gate area) 
      Cumulative area ratio:    2.99
      Required ratio:    0.00 (Cumulative area) 
      Partial area ratio:   14.09
      Required ratio:  400.00 (Side area) 
      Cumulative area ratio:   14.09
      Required ratio:    0.00 (Cumulative side area) 

    Layer: via
      Partial area ratio:    0.21
      Required ratio:    6.00 (Gate area) 
      Cumulative area ratio:    0.35
      Required ratio:    0.00 (Cumulative area) 

    Layer: met2
      Partial area ratio:    0.88
      Required ratio:    0.00 (Gate area) 
      Cumulative area ratio:    3.87
      Required ratio:    0.00 (Cumulative area) 
      Partial area ratio:    4.04
      Required ratio:  400.00 (Side area) 
      Cumulative area ratio:   18.13
      Required ratio:    0.00 (Cumulative side area) 

    Layer: via2
      Partial area ratio:    0.19
      Required ratio:    6.00 (Gate area) 
      Cumulative area ratio:    0.53
      Required ratio:    0.00 (Cumulative area) 

    Layer: met3
      Partial area ratio:   88.05
      Required ratio:    0.00 (Gate area) 
      Cumulative area ratio:   91.92
      Required ratio:    0.00 (Cumulative area) 
      Partial area ratio:  471.77
      Required ratio:  400.00 (Side area) (VIOLATED)
      Cumulative area ratio:  489.91
      Required ratio:    0.00 (Cumulative side area) 

    Layer: via3
      Partial area ratio:    0.19
      Required ratio:    6.00 (Gate area) 
      Cumulative area ratio:    0.72
      Required ratio:    0.00 (Cumulative area) 

    Layer: met4
      Partial area ratio:   44.01
      Required ratio:    0.00 (Gate area) 
      Cumulative area ratio:  135.93
      Required ratio:    0.00 (Cumulative area) 
      Partial area ratio:  235.83
      Required ratio: 2753.36 (Side area) 
      Cumulative area ratio:  725.74
      Required ratio:    0.00 (Cumulative side area) 



Net: net495
  Pin:   _4168_/A2 (sky130_fd_sc_hd__a22o_2)
    Layer: mcon
      Partial area ratio:    0.12
      Required ratio:    3.00 (Gate area) 
      Cumulative area ratio:    0.12
      Required ratio:    0.00 (Cumulative area) 

    Layer: met1
      Partial area ratio:    2.59
      Required ratio:    0.00 (Gate area) 
      Cumulative area ratio:    2.59
      Required ratio:    0.00 (Cumulative area) 
      Partial area ratio:   12.20
      Required ratio:  400.00 (Side area) 
      Cumulative area ratio:   12.20
      Required ratio:    0.00 (Cumulative side area) 

    Layer: via
      Partial area ratio:    0.18
      Required ratio:    6.00 (Gate area) 
      Cumulative area ratio:    0.30
      Required ratio:    0.00 (Cumulative area) 

    Layer: met2
      Partial area ratio:    0.75
      Required ratio:    0.00 (Gate area) 
      Cumulative area ratio:    3.34
      Required ratio:    0.00 (Cumulative area) 
      Partial area ratio:    3.48
      Required ratio:  400.00 (Side area) 
      Cumulative area ratio:   15.68
      Required ratio:    0.00 (Cumulative side area) 

    Layer: via2
      Partial area ratio:    0.16
      Required ratio:    6.00 (Gate area) 
      Cumulative area ratio:    0.46
      Required ratio:    0.00 (Cumulative area) 

    Layer: met3
      Partial area ratio:  160.37
      Required ratio:    0.00 (Gate area) 
      Cumulative area ratio:  163.72
      Required ratio:    0.00 (Cumulative area) 
      Partial area ratio:  861.03
      Required ratio:  400.00 (Side area) (VIOLATED)
      Cumulative area ratio:  876.70
      Required ratio:    0.00 (Cumulative side area) 

    Layer: via3
      Partial area ratio:    0.16
      Required ratio:    6.00 (Gate area) 
      Cumulative area ratio:    0.62
      Required ratio:    0.00 (Cumulative area) 

    Layer: met4
      Partial area ratio:    4.46
      Required ratio:    0.00 (Gate area) 
      Cumulative area ratio:  168.18
      Required ratio:    0.00 (Cumulative area) 
      Partial area ratio:   24.26
      Required ratio: 2881.16 (Side area) 
      Cumulative area ratio:  900.97
      Required ratio:    0.00 (Cumulative side area) 


  Pin:   _4174_/A2 (sky130_fd_sc_hd__a22o_2)
    Layer: mcon
      Partial area ratio:    0.12
      Required ratio:    3.00 (Gate area) 
      Cumulative area ratio:    0.12
      Required ratio:    0.00 (Cumulative area) 

    Layer: met1
      Partial area ratio:   12.71
      Required ratio:    0.00 (Gate area) 
      Cumulative area ratio:   12.71
      Required ratio:    0.00 (Cumulative area) 
      Partial area ratio:   62.10
      Required ratio: 2881.16 (Side area) 
      Cumulative area ratio:   62.10
      Required ratio:    0.00 (Cumulative side area) 

    Layer: via
      Partial area ratio:    0.27
      Required ratio:   31.30 (Gate area) 
      Cumulative area ratio:    0.39
      Required ratio:    0.00 (Cumulative area) 

    Layer: met2
      Partial area ratio:    2.94
      Required ratio:    0.00 (Gate area) 
      Cumulative area ratio:   15.65
      Required ratio:    0.00 (Cumulative area) 
      Partial area ratio:   14.27
      Required ratio: 2881.16 (Side area) 
      Cumulative area ratio:   76.37
      Required ratio:    0.00 (Cumulative side area) 

    Layer: via2
      Partial area ratio:    0.09
      Required ratio:   31.30 (Gate area) 
      Cumulative area ratio:    0.48
      Required ratio:    0.00 (Cumulative area) 

    Layer: met3
      Partial area ratio:   26.49
      Required ratio:    0.00 (Gate area) 
      Cumulative area ratio:   42.15
      Required ratio:    0.00 (Cumulative area) 
      Partial area ratio:  141.95
      Required ratio: 2881.16 (Side area) 
      Cumulative area ratio:  218.32
      Required ratio:    0.00 (Cumulative side area) 

    Layer: via3
      Partial area ratio:    0.06
      Required ratio:   31.30 (Gate area) 
      Cumulative area ratio:    0.53
      Required ratio:    0.00 (Cumulative area) 

    Layer: met4
      Partial area ratio:    4.46
      Required ratio:    0.00 (Gate area) 
      Cumulative area ratio:   46.60
      Required ratio:    0.00 (Cumulative area) 
      Partial area ratio:   24.26
      Required ratio: 2881.16 (Side area) 
      Cumulative area ratio:  242.59
      Required ratio:    0.00 (Cumulative side area) 


  Pin:   _4179_/A2 (sky130_fd_sc_hd__a22o_2)
    Layer: mcon
      Partial area ratio:    0.12
      Required ratio:    3.00 (Gate area) 
      Cumulative area ratio:    0.12
      Required ratio:    0.00 (Cumulative area) 

    Layer: met1
      Partial area ratio:    2.35
      Required ratio:    0.00 (Gate area) 
      Cumulative area ratio:    2.35
      Required ratio:    0.00 (Cumulative area) 
      Partial area ratio:   10.99
      Required ratio:  400.00 (Side area) 
      Cumulative area ratio:   10.99
      Required ratio:    0.00 (Cumulative side area) 

    Layer: via
      Partial area ratio:    0.18
      Required ratio:    6.00 (Gate area) 
      Cumulative area ratio:    0.30
      Required ratio:    0.00 (Cumulative area) 

    Layer: met2
      Partial area ratio:    0.75
      Required ratio:    0.00 (Gate area) 
      Cumulative area ratio:    3.10
      Required ratio:    0.00 (Cumulative area) 
      Partial area ratio:    3.48
      Required ratio:  400.00 (Side area) 
      Cumulative area ratio:   14.47
      Required ratio:    0.00 (Cumulative side area) 

    Layer: via2
      Partial area ratio:    0.16
      Required ratio:    6.00 (Gate area) 
      Cumulative area ratio:    0.46
      Required ratio:    0.00 (Cumulative area) 

    Layer: met3
      Partial area ratio:   26.49
      Required ratio:    0.00 (Gate area) 
      Cumulative area ratio:   29.60
      Required ratio:    0.00 (Cumulative area) 
      Partial area ratio:  141.95
      Required ratio: 2881.16 (Side area) 
      Cumulative area ratio:  156.43
      Required ratio:    0.00 (Cumulative side area) 

    Layer: via3
      Partial area ratio:    0.06
      Required ratio:   31.30 (Gate area) 
      Cumulative area ratio:    0.52
      Required ratio:    0.00 (Cumulative area) 

    Layer: met4
      Partial area ratio:    4.46
      Required ratio:    0.00 (Gate area) 
      Cumulative area ratio:   34.05
      Required ratio:    0.00 (Cumulative area) 
      Partial area ratio:   24.26
      Required ratio: 2881.16 (Side area) 
      Cumulative area ratio:  180.69
      Required ratio:    0.00 (Cumulative side area) 


  Pin:   load_slew496/A (sky130_fd_sc_hd__clkbuf_4)
    Layer: mcon
      Partial area ratio:    0.14
      Required ratio:    3.00 (Gate area) 
      Cumulative area ratio:    0.14
      Required ratio:    0.00 (Cumulative area) 

    Layer: met1
      Partial area ratio:    2.62
      Required ratio:    0.00 (Gate area) 
      Cumulative area ratio:    2.62
      Required ratio:    0.00 (Cumulative area) 
      Partial area ratio:   12.21
      Required ratio:  400.00 (Side area) 
      Cumulative area ratio:   12.21
      Required ratio:    0.00 (Cumulative side area) 

    Layer: via
      Partial area ratio:    0.21
      Required ratio:    6.00 (Gate area) 
      Cumulative area ratio:    0.35
      Required ratio:    0.00 (Cumulative area) 

    Layer: met2
      Partial area ratio:    2.94
      Required ratio:    0.00 (Gate area) 
      Cumulative area ratio:    5.56
      Required ratio:    0.00 (Cumulative area) 
      Partial area ratio:   14.27
      Required ratio: 2881.16 (Side area) 
      Cumulative area ratio:   26.47
      Required ratio:    0.00 (Cumulative side area) 

    Layer: via2
      Partial area ratio:    0.09
      Required ratio:   31.30 (Gate area) 
      Cumulative area ratio:    0.43
      Required ratio:    0.00 (Cumulative area) 

    Layer: met3
      Partial area ratio:   26.49
      Required ratio:    0.00 (Gate area) 
      Cumulative area ratio:   32.05
      Required ratio:    0.00 (Cumulative area) 
      Partial area ratio:  141.95
      Required ratio: 2881.16 (Side area) 
      Cumulative area ratio:  168.43
      Required ratio:    0.00 (Cumulative side area) 

    Layer: via3
      Partial area ratio:    0.06
      Required ratio:   31.30 (Gate area) 
      Cumulative area ratio:    0.49
      Required ratio:    0.00 (Cumulative area) 

    Layer: met4
      Partial area ratio:    4.46
      Required ratio:    0.00 (Gate area) 
      Cumulative area ratio:   36.51
      Required ratio:    0.00 (Cumulative area) 
      Partial area ratio:   24.26
      Required ratio: 2881.16 (Side area) 
      Cumulative area ratio:  192.69
      Required ratio:    0.00 (Cumulative side area) 



Net: net503
  Pin:   _4134_/A2 (sky130_fd_sc_hd__a22o_2)
    Layer: mcon
      Partial area ratio:    0.12
      Required ratio:    3.00 (Gate area) 
      Cumulative area ratio:    0.12
      Required ratio:    0.00 (Cumulative area) 

    Layer: met1
      Partial area ratio:    3.47
      Required ratio:    0.00 (Gate area) 
      Cumulative area ratio:    3.47
      Required ratio:    0.00 (Cumulative area) 
      Partial area ratio:   16.59
      Required ratio:  400.00 (Side area) 
      Cumulative area ratio:   16.59
      Required ratio:    0.00 (Cumulative side area) 

    Layer: via
      Partial area ratio:    0.18
      Required ratio:    6.00 (Gate area) 
      Cumulative area ratio:    0.30
      Required ratio:    0.00 (Cumulative area) 

    Layer: met2
      Partial area ratio:    0.75
      Required ratio:    0.00 (Gate area) 
      Cumulative area ratio:    4.22
      Required ratio:    0.00 (Cumulative area) 
      Partial area ratio:    3.48
      Required ratio:  400.00 (Side area) 
      Cumulative area ratio:   20.07
      Required ratio:    0.00 (Cumulative side area) 

    Layer: via2
      Partial area ratio:    0.16
      Required ratio:    6.00 (Gate area) 
      Cumulative area ratio:    0.46
      Required ratio:    0.00 (Cumulative area) 

    Layer: met3
      Partial area ratio:    8.86
      Required ratio:    0.00 (Gate area) 
      Cumulative area ratio:   13.09
      Required ratio:    0.00 (Cumulative area) 
      Partial area ratio:   49.16
      Required ratio:  400.00 (Side area) 
      Cumulative area ratio:   69.24
      Required ratio:    0.00 (Cumulative side area) 

    Layer: via3
      Partial area ratio:    0.16
      Required ratio:    6.00 (Gate area) 
      Cumulative area ratio:    0.62
      Required ratio:    0.00 (Cumulative area) 

    Layer: met4
      Partial area ratio:   15.60
      Required ratio:    0.00 (Gate area) 
      Cumulative area ratio:   28.69
      Required ratio:    0.00 (Cumulative area) 
      Partial area ratio:   76.77
      Required ratio:  400.00 (Side area) 
      Cumulative area ratio:  146.00
      Required ratio:    0.00 (Cumulative side area) 

    Layer: via4
      Partial area ratio:    1.29
      Required ratio:    6.00 (Gate area) 
      Cumulative area ratio:    1.91
      Required ratio:    0.00 (Cumulative area) 

    Layer: met5
      Partial area ratio:   83.56
      Required ratio:    0.00 (Gate area) 
      Cumulative area ratio:  112.24
      Required ratio:    0.00 (Cumulative area) 
      Partial area ratio:  129.36
      Required ratio: 2881.16 (Side area) 
      Cumulative area ratio:  275.36
      Required ratio:    0.00 (Cumulative side area) 


  Pin:   _4140_/A2 (sky130_fd_sc_hd__a22o_2)
    Layer: mcon
      Partial area ratio:    0.12
      Required ratio:    3.00 (Gate area) 
      Cumulative area ratio:    0.12
      Required ratio:    0.00 (Cumulative area) 

    Layer: met1
      Partial area ratio:    3.47
      Required ratio:    0.00 (Gate area) 
      Cumulative area ratio:    3.47
      Required ratio:    0.00 (Cumulative area) 
      Partial area ratio:   16.60
      Required ratio:  400.00 (Side area) 
      Cumulative area ratio:   16.60
      Required ratio:    0.00 (Cumulative side area) 

    Layer: via
      Partial area ratio:    0.18
      Required ratio:    6.00 (Gate area) 
      Cumulative area ratio:    0.30
      Required ratio:    0.00 (Cumulative area) 

    Layer: met2
      Partial area ratio:    9.50
      Required ratio:    0.00 (Gate area) 
      Cumulative area ratio:   12.97
      Required ratio:    0.00 (Cumulative area) 
      Partial area ratio:   46.80
      Required ratio: 2881.16 (Side area) 
      Cumulative area ratio:   63.39
      Required ratio:    0.00 (Cumulative side area) 

    Layer: via2
      Partial area ratio:    0.09
      Required ratio:   31.30 (Gate area) 
      Cumulative area ratio:    0.39
      Required ratio:    0.00 (Cumulative area) 

    Layer: met3
      Partial area ratio:    0.27
      Required ratio:    0.00 (Gate area) 
      Cumulative area ratio:   13.24
      Required ratio:    0.00 (Cumulative area) 
      Partial area ratio:    2.47
      Required ratio: 2881.16 (Side area) 
      Cumulative area ratio:   65.86
      Required ratio:    0.00 (Cumulative side area) 

    Layer: via3
      Partial area ratio:    0.09
      Required ratio:   31.30 (Gate area) 
      Cumulative area ratio:    0.47
      Required ratio:    0.00 (Cumulative area) 

    Layer: met4
      Partial area ratio:    3.02
      Required ratio:    0.00 (Gate area) 
      Cumulative area ratio:   16.26
      Required ratio:    0.00 (Cumulative area) 
      Partial area ratio:    8.20
      Required ratio: 2881.16 (Side area) 
      Cumulative area ratio:   74.06
      Required ratio:    0.00 (Cumulative side area) 

    Layer: via4
      Partial area ratio:    1.39
      Required ratio:   31.30 (Gate area) 
      Cumulative area ratio:    1.86
      Required ratio:    0.00 (Cumulative area) 

    Layer: met5
      Partial area ratio:   83.56
      Required ratio:    0.00 (Gate area) 
      Cumulative area ratio:   99.82
      Required ratio:    0.00 (Cumulative area) 
      Partial area ratio:  129.36
      Required ratio: 2881.16 (Side area) 
      Cumulative area ratio:  203.42
      Required ratio:    0.00 (Cumulative side area) 


  Pin:   _4145_/A2 (sky130_fd_sc_hd__a22o_2)
    Layer: mcon
      Partial area ratio:    0.12
      Required ratio:    3.00 (Gate area) 
      Cumulative area ratio:    0.12
      Required ratio:    0.00 (Cumulative area) 

    Layer: met1
      Partial area ratio:    2.39
      Required ratio:    0.00 (Gate area) 
      Cumulative area ratio:    2.39
      Required ratio:    0.00 (Cumulative area) 
      Partial area ratio:   10.88
      Required ratio:  400.00 (Side area) 
      Cumulative area ratio:   10.88
      Required ratio:    0.00 (Cumulative side area) 

    Layer: via
      Partial area ratio:    0.18
      Required ratio:    6.00 (Gate area) 
      Cumulative area ratio:    0.30
      Required ratio:    0.00 (Cumulative area) 

    Layer: met2
      Partial area ratio:    4.80
      Required ratio:    0.00 (Gate area) 
      Cumulative area ratio:    7.19
      Required ratio:    0.00 (Cumulative area) 
      Partial area ratio:   23.26
      Required ratio:  400.00 (Side area) 
      Cumulative area ratio:   34.14
      Required ratio:    0.00 (Cumulative side area) 

    Layer: via2
      Partial area ratio:    0.16
      Required ratio:    6.00 (Gate area) 
      Cumulative area ratio:    0.46
      Required ratio:    0.00 (Cumulative area) 

    Layer: met3
      Partial area ratio:  176.17
      Required ratio:    0.00 (Gate area) 
      Cumulative area ratio:  183.36
      Required ratio:    0.00 (Cumulative area) 
      Partial area ratio:  941.45
      Required ratio:  400.00 (Side area) (VIOLATED)
      Cumulative area ratio:  975.59
      Required ratio:    0.00 (Cumulative side area) 

    Layer: via3
      Partial area ratio:    0.32
      Required ratio:    6.00 (Gate area) 
      Cumulative area ratio:    0.78
      Required ratio:    0.00 (Cumulative area) 

    Layer: met4
      Partial area ratio:   15.60
      Required ratio:    0.00 (Gate area) 
      Cumulative area ratio:  198.96
      Required ratio:    0.00 (Cumulative area) 
      Partial area ratio:   76.77
      Required ratio:  400.00 (Side area) 
      Cumulative area ratio: 1052.36
      Required ratio:    0.00 (Cumulative side area) 

    Layer: via4
      Partial area ratio:    1.29
      Required ratio:    6.00 (Gate area) 
      Cumulative area ratio:    2.08
      Required ratio:    0.00 (Cumulative area) 

    Layer: met5
      Partial area ratio:   83.56
      Required ratio:    0.00 (Gate area) 
      Cumulative area ratio:  282.52
      Required ratio:    0.00 (Cumulative area) 
      Partial area ratio:  129.36
      Required ratio: 2881.16 (Side area) 
      Cumulative area ratio: 1181.71
      Required ratio:    0.00 (Cumulative side area) 


  Pin:   load_slew504/A (sky130_fd_sc_hd__clkbuf_4)
    Layer: mcon
      Partial area ratio:    0.14
      Required ratio:    3.00 (Gate area) 
      Cumulative area ratio:    0.14
      Required ratio:    0.00 (Cumulative area) 

    Layer: met1
      Partial area ratio:    4.67
      Required ratio:    0.00 (Gate area) 
      Cumulative area ratio:    4.67
      Required ratio:    0.00 (Cumulative area) 
      Partial area ratio:   22.46
      Required ratio:  400.00 (Side area) 
      Cumulative area ratio:   22.46
      Required ratio:    0.00 (Cumulative side area) 

    Layer: via
      Partial area ratio:    0.21
      Required ratio:    6.00 (Gate area) 
      Cumulative area ratio:    0.35
      Required ratio:    0.00 (Cumulative area) 

    Layer: met2
      Partial area ratio:    9.50
      Required ratio:    0.00 (Gate area) 
      Cumulative area ratio:   14.16
      Required ratio:    0.00 (Cumulative area) 
      Partial area ratio:   46.80
      Required ratio: 2881.16 (Side area) 
      Cumulative area ratio:   69.26
      Required ratio:    0.00 (Cumulative side area) 

    Layer: via2
      Partial area ratio:    0.09
      Required ratio:   31.30 (Gate area) 
      Cumulative area ratio:    0.43
      Required ratio:    0.00 (Cumulative area) 

    Layer: met3
      Partial area ratio:    0.27
      Required ratio:    0.00 (Gate area) 
      Cumulative area ratio:   14.44
      Required ratio:    0.00 (Cumulative area) 
      Partial area ratio:    2.47
      Required ratio: 2881.16 (Side area) 
      Cumulative area ratio:   71.73
      Required ratio:    0.00 (Cumulative side area) 

    Layer: via3
      Partial area ratio:    0.09
      Required ratio:   31.30 (Gate area) 
      Cumulative area ratio:    0.52
      Required ratio:    0.00 (Cumulative area) 

    Layer: met4
      Partial area ratio:    3.02
      Required ratio:    0.00 (Gate area) 
      Cumulative area ratio:   17.46
      Required ratio:    0.00 (Cumulative area) 
      Partial area ratio:    8.20
      Required ratio: 2881.16 (Side area) 
      Cumulative area ratio:   79.92
      Required ratio:    0.00 (Cumulative side area) 

    Layer: via4
      Partial area ratio:    1.39
      Required ratio:   31.30 (Gate area) 
      Cumulative area ratio:    1.91
      Required ratio:    0.00 (Cumulative area) 

    Layer: met5
      Partial area ratio:   83.56
      Required ratio:    0.00 (Gate area) 
      Cumulative area ratio:  101.02
      Required ratio:    0.00 (Cumulative area) 
      Partial area ratio:  129.36
      Required ratio: 2881.16 (Side area) 
      Cumulative area ratio:  209.28
      Required ratio:    0.00 (Cumulative side area) 



Net: net511
  Pin:   _4100_/A2 (sky130_fd_sc_hd__a22o_2)
    Layer: mcon
      Partial area ratio:    0.12
      Required ratio:    3.00 (Gate area) 
      Cumulative area ratio:    0.12
      Required ratio:    0.00 (Cumulative area) 

    Layer: met1
      Partial area ratio:   10.09
      Required ratio:    0.00 (Gate area) 
      Cumulative area ratio:   10.09
      Required ratio:    0.00 (Cumulative area) 
      Partial area ratio:   49.69
      Required ratio:  400.00 (Side area) 
      Cumulative area ratio:   49.69
      Required ratio:    0.00 (Cumulative side area) 

    Layer: via
      Partial area ratio:    0.18
      Required ratio:    6.00 (Gate area) 
      Cumulative area ratio:    0.30
      Required ratio:    0.00 (Cumulative area) 

    Layer: met2
      Partial area ratio:    8.70
      Required ratio:    0.00 (Gate area) 
      Cumulative area ratio:   18.79
      Required ratio:    0.00 (Cumulative area) 
      Partial area ratio:   42.78
      Required ratio:  400.00 (Side area) 
      Cumulative area ratio:   92.47
      Required ratio:    0.00 (Cumulative side area) 

    Layer: via2
      Partial area ratio:    0.16
      Required ratio:    6.00 (Gate area) 
      Cumulative area ratio:    0.46
      Required ratio:    0.00 (Cumulative area) 

    Layer: met3
      Partial area ratio:  167.77
      Required ratio:    0.00 (Gate area) 
      Cumulative area ratio:  186.56
      Required ratio:    0.00 (Cumulative area) 
      Partial area ratio:  896.68
      Required ratio:  400.00 (Side area) (VIOLATED)
      Cumulative area ratio:  989.15
      Required ratio:    0.00 (Cumulative side area) 

    Layer: via3
      Partial area ratio:    0.16
      Required ratio:    6.00 (Gate area) 
      Cumulative area ratio:    0.62
      Required ratio:    0.00 (Cumulative area) 

    Layer: met4
      Partial area ratio:    6.62
      Required ratio:    0.00 (Gate area) 
      Cumulative area ratio:  193.19
      Required ratio:    0.00 (Cumulative area) 
      Partial area ratio:   35.82
      Required ratio: 2881.16 (Side area) 
      Cumulative area ratio: 1024.97
      Required ratio:    0.00 (Cumulative side area) 


  Pin:   _4106_/A2 (sky130_fd_sc_hd__a22o_2)
    Layer: mcon
      Partial area ratio:    0.12
      Required ratio:    3.00 (Gate area) 
      Cumulative area ratio:    0.12
      Required ratio:    0.00 (Cumulative area) 

    Layer: met1
      Partial area ratio:   13.97
      Required ratio:    0.00 (Gate area) 
      Cumulative area ratio:   13.97
      Required ratio:    0.00 (Cumulative area) 
      Partial area ratio:   68.41
      Required ratio: 2881.16 (Side area) 
      Cumulative area ratio:   68.41
      Required ratio:    0.00 (Cumulative side area) 

    Layer: via
      Partial area ratio:    0.27
      Required ratio:   31.30 (Gate area) 
      Cumulative area ratio:    0.39
      Required ratio:    0.00 (Cumulative area) 

    Layer: met2
      Partial area ratio:    2.94
      Required ratio:    0.00 (Gate area) 
      Cumulative area ratio:   16.91
      Required ratio:    0.00 (Cumulative area) 
      Partial area ratio:   14.27
      Required ratio: 2881.16 (Side area) 
      Cumulative area ratio:   82.67
      Required ratio:    0.00 (Cumulative side area) 

    Layer: via2
      Partial area ratio:    0.09
      Required ratio:   31.30 (Gate area) 
      Cumulative area ratio:    0.48
      Required ratio:    0.00 (Cumulative area) 

    Layer: met3
      Partial area ratio:   17.72
      Required ratio:    0.00 (Gate area) 
      Cumulative area ratio:   34.64
      Required ratio:    0.00 (Cumulative area) 
      Partial area ratio:   95.18
      Required ratio: 2881.16 (Side area) 
      Cumulative area ratio:  177.85
      Required ratio:    0.00 (Cumulative side area) 

    Layer: via3
      Partial area ratio:    0.06
      Required ratio:   31.30 (Gate area) 
      Cumulative area ratio:    0.53
      Required ratio:    0.00 (Cumulative area) 

    Layer: met4
      Partial area ratio:    6.62
      Required ratio:    0.00 (Gate area) 
      Cumulative area ratio:   41.26
      Required ratio:    0.00 (Cumulative area) 
      Partial area ratio:   35.82
      Required ratio: 2881.16 (Side area) 
      Cumulative area ratio:  213.67
      Required ratio:    0.00 (Cumulative side area) 


  Pin:   _4111_/A2 (sky130_fd_sc_hd__a22o_2)
    Layer: mcon
      Partial area ratio:    0.12
      Required ratio:    3.00 (Gate area) 
      Cumulative area ratio:    0.12
      Required ratio:    0.00 (Cumulative area) 

    Layer: met1
      Partial area ratio:    1.67
      Required ratio:    0.00 (Gate area) 
      Cumulative area ratio:    1.67
      Required ratio:    0.00 (Cumulative area) 
      Partial area ratio:    7.59
      Required ratio:  400.00 (Side area) 
      Cumulative area ratio:    7.59
      Required ratio:    0.00 (Cumulative side area) 

    Layer: via
      Partial area ratio:    0.18
      Required ratio:    6.00 (Gate area) 
      Cumulative area ratio:    0.30
      Required ratio:    0.00 (Cumulative area) 

    Layer: met2
      Partial area ratio:    0.75
      Required ratio:    0.00 (Gate area) 
      Cumulative area ratio:    2.42
      Required ratio:    0.00 (Cumulative area) 
      Partial area ratio:    3.48
      Required ratio:  400.00 (Side area) 
      Cumulative area ratio:   11.07
      Required ratio:    0.00 (Cumulative side area) 

    Layer: via2
      Partial area ratio:    0.16
      Required ratio:    6.00 (Gate area) 
      Cumulative area ratio:    0.46
      Required ratio:    0.00 (Cumulative area) 

    Layer: met3
      Partial area ratio:   17.72
      Required ratio:    0.00 (Gate area) 
      Cumulative area ratio:   20.14
      Required ratio:    0.00 (Cumulative area) 
      Partial area ratio:   95.18
      Required ratio: 2881.16 (Side area) 
      Cumulative area ratio:  106.24
      Required ratio:    0.00 (Cumulative side area) 

    Layer: via3
      Partial area ratio:    0.06
      Required ratio:   31.30 (Gate area) 
      Cumulative area ratio:    0.52
      Required ratio:    0.00 (Cumulative area) 

    Layer: met4
      Partial area ratio:    6.62
      Required ratio:    0.00 (Gate area) 
      Cumulative area ratio:   26.77
      Required ratio:    0.00 (Cumulative area) 
      Partial area ratio:   35.82
      Required ratio: 2881.16 (Side area) 
      Cumulative area ratio:  142.06
      Required ratio:    0.00 (Cumulative side area) 


  Pin:   load_slew512/A (sky130_fd_sc_hd__clkbuf_4)
    Layer: mcon
      Partial area ratio:    0.14
      Required ratio:    3.00 (Gate area) 
      Cumulative area ratio:    0.14
      Required ratio:    0.00 (Cumulative area) 

    Layer: met1
      Partial area ratio:    2.77
      Required ratio:    0.00 (Gate area) 
      Cumulative area ratio:    2.77
      Required ratio:    0.00 (Cumulative area) 
      Partial area ratio:   13.00
      Required ratio:  400.00 (Side area) 
      Cumulative area ratio:   13.00
      Required ratio:    0.00 (Cumulative side area) 

    Layer: via
      Partial area ratio:    0.21
      Required ratio:    6.00 (Gate area) 
      Cumulative area ratio:    0.35
      Required ratio:    0.00 (Cumulative area) 

    Layer: met2
      Partial area ratio:    2.94
      Required ratio:    0.00 (Gate area) 
      Cumulative area ratio:    5.71
      Required ratio:    0.00 (Cumulative area) 
      Partial area ratio:   14.27
      Required ratio: 2881.16 (Side area) 
      Cumulative area ratio:   27.26
      Required ratio:    0.00 (Cumulative side area) 

    Layer: via2
      Partial area ratio:    0.09
      Required ratio:   31.30 (Gate area) 
      Cumulative area ratio:    0.43
      Required ratio:    0.00 (Cumulative area) 

    Layer: met3
      Partial area ratio:   17.72
      Required ratio:    0.00 (Gate area) 
      Cumulative area ratio:   23.44
      Required ratio:    0.00 (Cumulative area) 
      Partial area ratio:   95.18
      Required ratio: 2881.16 (Side area) 
      Cumulative area ratio:  122.44
      Required ratio:    0.00 (Cumulative side area) 

    Layer: via3
      Partial area ratio:    0.06
      Required ratio:   31.30 (Gate area) 
      Cumulative area ratio:    0.49
      Required ratio:    0.00 (Cumulative area) 

    Layer: met4
      Partial area ratio:    6.62
      Required ratio:    0.00 (Gate area) 
      Cumulative area ratio:   30.06
      Required ratio:    0.00 (Cumulative area) 
      Partial area ratio:   35.82
      Required ratio: 2881.16 (Side area) 
      Cumulative area ratio:  158.26
      Required ratio:    0.00 (Cumulative side area) 



Net: net561
  Pin:   fanout558/A (sky130_fd_sc_hd__clkdlybuf4s25_1)
    Layer: mcon
      Partial area ratio:    0.14
      Required ratio:    3.00 (Gate area) 
      Cumulative area ratio:    0.14
      Required ratio:    0.00 (Cumulative area) 

    Layer: met1
      Partial area ratio:    3.67
      Required ratio:    0.00 (Gate area) 
      Cumulative area ratio:    3.67
      Required ratio:    0.00 (Cumulative area) 
      Partial area ratio:   17.49
      Required ratio:  400.00 (Side area) 
      Cumulative area ratio:   17.49
      Required ratio:    0.00 (Cumulative side area) 

    Layer: via
      Partial area ratio:    0.21
      Required ratio:    6.00 (Gate area) 
      Cumulative area ratio:    0.35
      Required ratio:    0.00 (Cumulative area) 

    Layer: met2
      Partial area ratio:    0.88
      Required ratio:    0.00 (Gate area) 
      Cumulative area ratio:    4.55
      Required ratio:    0.00 (Cumulative area) 
      Partial area ratio:    4.04
      Required ratio:  400.00 (Side area) 
      Cumulative area ratio:   21.54
      Required ratio:    0.00 (Cumulative side area) 

    Layer: via2
      Partial area ratio:    0.19
      Required ratio:    6.00 (Gate area) 
      Cumulative area ratio:    0.53
      Required ratio:    0.00 (Cumulative area) 

    Layer: met3
      Partial area ratio:   97.84
      Required ratio:    0.00 (Gate area) 
      Cumulative area ratio:  102.39
      Required ratio:    0.00 (Cumulative area) 
      Partial area ratio:  523.94
      Required ratio:  400.00 (Side area) (VIOLATED)
      Cumulative area ratio:  545.48
      Required ratio:    0.00 (Cumulative side area) 

    Layer: via3
      Partial area ratio:    0.38
      Required ratio:    6.00 (Gate area) 
      Cumulative area ratio:    0.91
      Required ratio:    0.00 (Cumulative area) 

    Layer: met4
      Partial area ratio:   98.30
      Required ratio:    0.00 (Gate area) 
      Cumulative area ratio:  200.68
      Required ratio:    0.00 (Cumulative area) 
      Partial area ratio:  528.68
      Required ratio: 2956.40 (Side area) 
      Cumulative area ratio: 1074.16
      Required ratio:    0.00 (Cumulative side area) 


  Pin:   fanout560/A (sky130_fd_sc_hd__clkdlybuf4s25_1)
    Layer: mcon
      Partial area ratio:    0.14
      Required ratio:    3.00 (Gate area) 
      Cumulative area ratio:    0.14
      Required ratio:    0.00 (Cumulative area) 

    Layer: met1
      Partial area ratio:    2.80
      Required ratio:    0.00 (Gate area) 
      Cumulative area ratio:    2.80
      Required ratio:    0.00 (Cumulative area) 
      Partial area ratio:   13.12
      Required ratio:  400.00 (Side area) 
      Cumulative area ratio:   13.12
      Required ratio:    0.00 (Cumulative side area) 

    Layer: via
      Partial area ratio:    0.21
      Required ratio:    6.00 (Gate area) 
      Cumulative area ratio:    0.35
      Required ratio:    0.00 (Cumulative area) 

    Layer: met2
      Partial area ratio:    0.88
      Required ratio:    0.00 (Gate area) 
      Cumulative area ratio:    3.68
      Required ratio:    0.00 (Cumulative area) 
      Partial area ratio:    4.04
      Required ratio:  400.00 (Side area) 
      Cumulative area ratio:   17.16
      Required ratio:    0.00 (Cumulative side area) 

    Layer: via2
      Partial area ratio:    0.19
      Required ratio:    6.00 (Gate area) 
      Cumulative area ratio:    0.53
      Required ratio:    0.00 (Cumulative area) 

    Layer: met3
      Partial area ratio:    0.59
      Required ratio:    0.00 (Gate area) 
      Cumulative area ratio:    4.26
      Required ratio:    0.00 (Cumulative area) 
      Partial area ratio:    5.33
      Required ratio:  400.00 (Side area) 
      Cumulative area ratio:   22.49
      Required ratio:    0.00 (Cumulative side area) 

    Layer: via3
      Partial area ratio:    0.19
      Required ratio:    6.00 (Gate area) 
      Cumulative area ratio:    0.72
      Required ratio:    0.00 (Cumulative area) 

    Layer: met4
      Partial area ratio:   98.30
      Required ratio:    0.00 (Gate area) 
      Cumulative area ratio:  102.56
      Required ratio:    0.00 (Cumulative area) 
      Partial area ratio:  528.68
      Required ratio: 2956.40 (Side area) 
      Cumulative area ratio:  551.17
      Required ratio:    0.00 (Cumulative side area) 



Net: net565
  Pin:   _3049_/C1 (sky130_fd_sc_hd__o211a_2)
    Layer: mcon
      Partial area ratio:    0.12
      Required ratio:    3.00 (Gate area) 
      Cumulative area ratio:    0.12
      Required ratio:    0.00 (Cumulative area) 

    Layer: met1
      Partial area ratio:    2.93
      Required ratio:    0.00 (Gate area) 
      Cumulative area ratio:    2.93
      Required ratio:    0.00 (Cumulative area) 
      Partial area ratio:   13.89
      Required ratio:  400.00 (Side area) 
      Cumulative area ratio:   13.89
      Required ratio:    0.00 (Cumulative side area) 

    Layer: via
      Partial area ratio:    0.18
      Required ratio:    6.00 (Gate area) 
      Cumulative area ratio:    0.30
      Required ratio:    0.00 (Cumulative area) 

    Layer: met2
      Partial area ratio:    8.93
      Required ratio:    0.00 (Gate area) 
      Cumulative area ratio:   11.85
      Required ratio:    0.00 (Cumulative area) 
      Partial area ratio:   43.24
      Required ratio:  400.00 (Side area) 
      Cumulative area ratio:   57.14
      Required ratio:    0.00 (Cumulative side area) 

    Layer: via2
      Partial area ratio:    0.32
      Required ratio:    6.00 (Gate area) 
      Cumulative area ratio:    0.62
      Required ratio:    0.00 (Cumulative area) 

    Layer: met3
      Partial area ratio:   28.37
      Required ratio:    0.00 (Gate area) 
      Cumulative area ratio:   40.22
      Required ratio:    0.00 (Cumulative area) 
      Partial area ratio:  153.19
      Required ratio:  400.00 (Side area) 
      Cumulative area ratio:  210.33
      Required ratio:    0.00 (Cumulative side area) 

    Layer: via3
      Partial area ratio:    0.05
      Required ratio:    6.00 (Gate area) 
      Cumulative area ratio:    0.68
      Required ratio:    0.00 (Cumulative area) 

    Layer: met4
      Partial area ratio:   56.63
      Required ratio:    0.00 (Gate area) 
      Cumulative area ratio:   96.85
      Required ratio:    0.00 (Cumulative area) 
      Partial area ratio:  300.12
      Required ratio: 2881.16 (Side area) 
      Cumulative area ratio:  510.45
      Required ratio:    0.00 (Cumulative side area) 

    Layer: via4
      Partial area ratio:    0.45
      Required ratio:   31.30 (Gate area) 
      Cumulative area ratio:    1.13
      Required ratio:    0.00 (Cumulative area) 

    Layer: met5
      Partial area ratio:   49.01
      Required ratio:    0.00 (Gate area) 
      Cumulative area ratio:  145.87
      Required ratio:    0.00 (Cumulative area) 
      Partial area ratio:   75.87
      Required ratio: 2881.16 (Side area) 
      Cumulative area ratio:  586.32
      Required ratio:    0.00 (Cumulative side area) 


  Pin:   _3066_/C1 (sky130_fd_sc_hd__o211a_2)
    Layer: mcon
      Partial area ratio:    0.12
      Required ratio:    3.00 (Gate area) 
      Cumulative area ratio:    0.12
      Required ratio:    0.00 (Cumulative area) 

    Layer: met1
      Partial area ratio:    2.03
      Required ratio:    0.00 (Gate area) 
      Cumulative area ratio:    2.03
      Required ratio:    0.00 (Cumulative area) 
      Partial area ratio:    9.42
      Required ratio:  400.00 (Side area) 
      Cumulative area ratio:    9.42
      Required ratio:    0.00 (Cumulative side area) 

    Layer: via
      Partial area ratio:    0.18
      Required ratio:    6.00 (Gate area) 
      Cumulative area ratio:    0.30
      Required ratio:    0.00 (Cumulative area) 

    Layer: met2
      Partial area ratio:    0.75
      Required ratio:    0.00 (Gate area) 
      Cumulative area ratio:    2.79
      Required ratio:    0.00 (Cumulative area) 
      Partial area ratio:    3.48
      Required ratio:  400.00 (Side area) 
      Cumulative area ratio:   12.90
      Required ratio:    0.00 (Cumulative side area) 

    Layer: via2
      Partial area ratio:    0.16
      Required ratio:    6.00 (Gate area) 
      Cumulative area ratio:    0.46
      Required ratio:    0.00 (Cumulative area) 

    Layer: met3
      Partial area ratio:    0.50
      Required ratio:    0.00 (Gate area) 
      Cumulative area ratio:    3.29
      Required ratio:    0.00 (Cumulative area) 
      Partial area ratio:    4.59
      Required ratio:  400.00 (Side area) 
      Cumulative area ratio:   17.49
      Required ratio:    0.00 (Cumulative side area) 

    Layer: via3
      Partial area ratio:    0.16
      Required ratio:    6.00 (Gate area) 
      Cumulative area ratio:    0.62
      Required ratio:    0.00 (Cumulative area) 

    Layer: met4
      Partial area ratio:   56.63
      Required ratio:    0.00 (Gate area) 
      Cumulative area ratio:   59.93
      Required ratio:    0.00 (Cumulative area) 
      Partial area ratio:  300.12
      Required ratio: 2881.16 (Side area) 
      Cumulative area ratio:  317.61
      Required ratio:    0.00 (Cumulative side area) 

    Layer: via4
      Partial area ratio:    0.45
      Required ratio:   31.30 (Gate area) 
      Cumulative area ratio:    1.07
      Required ratio:    0.00 (Cumulative area) 

    Layer: met5
      Partial area ratio:   49.01
      Required ratio:    0.00 (Gate area) 
      Cumulative area ratio:  108.94
      Required ratio:    0.00 (Cumulative area) 
      Partial area ratio:   75.87
      Required ratio: 2881.16 (Side area) 
      Cumulative area ratio:  393.49
      Required ratio:    0.00 (Cumulative side area) 


  Pin:   _3161_/C1 (sky130_fd_sc_hd__o211a_2)
    Layer: mcon
      Partial area ratio:    0.12
      Required ratio:    3.00 (Gate area) 
      Cumulative area ratio:    0.12
      Required ratio:    0.00 (Cumulative area) 

    Layer: met1
      Partial area ratio:    7.05
      Required ratio:    0.00 (Gate area) 
      Cumulative area ratio:    7.05
      Required ratio:    0.00 (Cumulative area) 
      Partial area ratio:   34.50
      Required ratio:  400.00 (Side area) 
      Cumulative area ratio:   34.50
      Required ratio:    0.00 (Cumulative side area) 

    Layer: via
      Partial area ratio:    0.18
      Required ratio:    6.00 (Gate area) 
      Cumulative area ratio:    0.30
      Required ratio:    0.00 (Cumulative area) 

    Layer: met2
      Partial area ratio:   32.19
      Required ratio:    0.00 (Gate area) 
      Cumulative area ratio:   39.24
      Required ratio:    0.00 (Cumulative area) 
      Partial area ratio:  160.00
      Required ratio:  400.00 (Side area) 
      Cumulative area ratio:  194.50
      Required ratio:    0.00 (Cumulative side area) 

    Layer: via2
      Partial area ratio:    0.32
      Required ratio:    6.00 (Gate area) 
      Cumulative area ratio:    0.62
      Required ratio:    0.00 (Cumulative area) 

    Layer: met3
      Partial area ratio:   28.37
      Required ratio:    0.00 (Gate area) 
      Cumulative area ratio:   67.61
      Required ratio:    0.00 (Cumulative area) 
      Partial area ratio:  153.19
      Required ratio:  400.00 (Side area) 
      Cumulative area ratio:  347.69
      Required ratio:    0.00 (Cumulative side area) 

    Layer: via3
      Partial area ratio:    0.05
      Required ratio:    6.00 (Gate area) 
      Cumulative area ratio:    0.68
      Required ratio:    0.00 (Cumulative area) 

    Layer: met4
      Partial area ratio:   56.63
      Required ratio:    0.00 (Gate area) 
      Cumulative area ratio:  124.24
      Required ratio:    0.00 (Cumulative area) 
      Partial area ratio:  300.12
      Required ratio: 2881.16 (Side area) 
      Cumulative area ratio:  647.80
      Required ratio:    0.00 (Cumulative side area) 

    Layer: via4
      Partial area ratio:    0.45
      Required ratio:   31.30 (Gate area) 
      Cumulative area ratio:    1.13
      Required ratio:    0.00 (Cumulative area) 

    Layer: met5
      Partial area ratio:   49.01
      Required ratio:    0.00 (Gate area) 
      Cumulative area ratio:  173.25
      Required ratio:    0.00 (Cumulative area) 
      Partial area ratio:   75.87
      Required ratio: 2881.16 (Side area) 
      Cumulative area ratio:  723.68
      Required ratio:    0.00 (Cumulative side area) 


  Pin:   _3207_/B2 (sky130_fd_sc_hd__a32o_2)
    Layer: mcon
      Partial area ratio:    0.12
      Required ratio:    3.00 (Gate area) 
      Cumulative area ratio:    0.12
      Required ratio:    0.00 (Cumulative area) 

    Layer: met1
      Partial area ratio:    2.37
      Required ratio:    0.00 (Gate area) 
      Cumulative area ratio:    2.37
      Required ratio:    0.00 (Cumulative area) 
      Partial area ratio:   11.10
      Required ratio:  400.00 (Side area) 
      Cumulative area ratio:   11.10
      Required ratio:    0.00 (Cumulative side area) 

    Layer: via
      Partial area ratio:    0.18
      Required ratio:    6.00 (Gate area) 
      Cumulative area ratio:    0.30
      Required ratio:    0.00 (Cumulative area) 

    Layer: met2
      Partial area ratio:    0.75
      Required ratio:    0.00 (Gate area) 
      Cumulative area ratio:    3.12
      Required ratio:    0.00 (Cumulative area) 
      Partial area ratio:    3.48
      Required ratio:  400.00 (Side area) 
      Cumulative area ratio:   14.57
      Required ratio:    0.00 (Cumulative side area) 

    Layer: via2
      Partial area ratio:    0.16
      Required ratio:    6.00 (Gate area) 
      Cumulative area ratio:    0.46
      Required ratio:    0.00 (Cumulative area) 

    Layer: met3
      Partial area ratio:   28.37
      Required ratio:    0.00 (Gate area) 
      Cumulative area ratio:   31.49
      Required ratio:    0.00 (Cumulative area) 
      Partial area ratio:  153.19
      Required ratio:  400.00 (Side area) 
      Cumulative area ratio:  167.76
      Required ratio:    0.00 (Cumulative side area) 

    Layer: via3
      Partial area ratio:    0.05
      Required ratio:    6.00 (Gate area) 
      Cumulative area ratio:    0.51
      Required ratio:    0.00 (Cumulative area) 

    Layer: met4
      Partial area ratio:   56.63
      Required ratio:    0.00 (Gate area) 
      Cumulative area ratio:   88.12
      Required ratio:    0.00 (Cumulative area) 
      Partial area ratio:  300.12
      Required ratio: 2881.16 (Side area) 
      Cumulative area ratio:  467.88
      Required ratio:    0.00 (Cumulative side area) 

    Layer: via4
      Partial area ratio:    0.45
      Required ratio:   31.30 (Gate area) 
      Cumulative area ratio:    0.97
      Required ratio:    0.00 (Cumulative area) 

    Layer: met5
      Partial area ratio:   49.01
      Required ratio:    0.00 (Gate area) 
      Cumulative area ratio:  137.14
      Required ratio:    0.00 (Cumulative area) 
      Partial area ratio:   75.87
      Required ratio: 2881.16 (Side area) 
      Cumulative area ratio:  543.76
      Required ratio:    0.00 (Cumulative side area) 


  Pin:   fanout562/A (sky130_fd_sc_hd__clkdlybuf4s25_1)
    Layer: mcon
      Partial area ratio:    0.14
      Required ratio:    3.00 (Gate area) 
      Cumulative area ratio:    0.14
      Required ratio:    0.00 (Cumulative area) 

    Layer: met1
      Partial area ratio:    3.38
      Required ratio:    0.00 (Gate area) 
      Cumulative area ratio:    3.38
      Required ratio:    0.00 (Cumulative area) 
      Partial area ratio:   16.01
      Required ratio:  400.00 (Side area) 
      Cumulative area ratio:   16.01
      Required ratio:    0.00 (Cumulative side area) 

    Layer: via
      Partial area ratio:    0.21
      Required ratio:    6.00 (Gate area) 
      Cumulative area ratio:    0.35
      Required ratio:    0.00 (Cumulative area) 

    Layer: met2
      Partial area ratio:    0.88
      Required ratio:    0.00 (Gate area) 
      Cumulative area ratio:    4.25
      Required ratio:    0.00 (Cumulative area) 
      Partial area ratio:    4.04
      Required ratio:  400.00 (Side area) 
      Cumulative area ratio:   20.06
      Required ratio:    0.00 (Cumulative side area) 

    Layer: via2
      Partial area ratio:    0.19
      Required ratio:    6.00 (Gate area) 
      Cumulative area ratio:    0.53
      Required ratio:    0.00 (Cumulative area) 

    Layer: met3
      Partial area ratio:    0.59
      Required ratio:    0.00 (Gate area) 
      Cumulative area ratio:    4.84
      Required ratio:    0.00 (Cumulative area) 
      Partial area ratio:    5.33
      Required ratio:  400.00 (Side area) 
      Cumulative area ratio:   25.39
      Required ratio:    0.00 (Cumulative side area) 

    Layer: via3
      Partial area ratio:    0.19
      Required ratio:    6.00 (Gate area) 
      Cumulative area ratio:    0.72
      Required ratio:    0.00 (Cumulative area) 

    Layer: met4
      Partial area ratio:   56.63
      Required ratio:    0.00 (Gate area) 
      Cumulative area ratio:   61.47
      Required ratio:    0.00 (Cumulative area) 
      Partial area ratio:  300.12
      Required ratio: 2881.16 (Side area) 
      Cumulative area ratio:  325.51
      Required ratio:    0.00 (Cumulative side area) 

    Layer: via4
      Partial area ratio:    0.45
      Required ratio:   31.30 (Gate area) 
      Cumulative area ratio:    1.17
      Required ratio:    0.00 (Cumulative area) 

    Layer: met5
      Partial area ratio:   49.01
      Required ratio:    0.00 (Gate area) 
      Cumulative area ratio:  110.49
      Required ratio:    0.00 (Cumulative area) 
      Partial area ratio:   75.87
      Required ratio: 2881.16 (Side area) 
      Cumulative area ratio:  401.38
      Required ratio:    0.00 (Cumulative side area) 


  Pin:   fanout563/A (sky130_fd_sc_hd__clkdlybuf4s25_1)
    Layer: mcon
      Partial area ratio:    0.14
      Required ratio:    3.00 (Gate area) 
      Cumulative area ratio:    0.14
      Required ratio:    0.00 (Cumulative area) 

    Layer: met1
      Partial area ratio:    3.60
      Required ratio:    0.00 (Gate area) 
      Cumulative area ratio:    3.60
      Required ratio:    0.00 (Cumulative area) 
      Partial area ratio:   17.13
      Required ratio:  400.00 (Side area) 
      Cumulative area ratio:   17.13
      Required ratio:    0.00 (Cumulative side area) 

    Layer: via
      Partial area ratio:    0.21
      Required ratio:    6.00 (Gate area) 
      Cumulative area ratio:    0.35
      Required ratio:    0.00 (Cumulative area) 

    Layer: met2
      Partial area ratio:    0.88
      Required ratio:    0.00 (Gate area) 
      Cumulative area ratio:    4.48
      Required ratio:    0.00 (Cumulative area) 
      Partial area ratio:    4.04
      Required ratio:  400.00 (Side area) 
      Cumulative area ratio:   21.17
      Required ratio:    0.00 (Cumulative side area) 

    Layer: via2
      Partial area ratio:    0.19
      Required ratio:    6.00 (Gate area) 
      Cumulative area ratio:    0.53
      Required ratio:    0.00 (Cumulative area) 

    Layer: met3
      Partial area ratio:  244.17
      Required ratio:    0.00 (Gate area) 
      Cumulative area ratio:  248.65
      Required ratio:    0.00 (Cumulative area) 
      Partial area ratio: 1306.59
      Required ratio:  400.00 (Side area) (VIOLATED)
      Cumulative area ratio: 1327.77
      Required ratio:    0.00 (Cumulative side area) 

    Layer: via3
      Partial area ratio:    0.38
      Required ratio:    6.00 (Gate area) 
      Cumulative area ratio:    0.91
      Required ratio:    0.00 (Cumulative area) 

    Layer: met4
      Partial area ratio:   56.63
      Required ratio:    0.00 (Gate area) 
      Cumulative area ratio:  305.28
      Required ratio:    0.00 (Cumulative area) 
      Partial area ratio:  300.12
      Required ratio: 2881.16 (Side area) 
      Cumulative area ratio: 1627.88
      Required ratio:    0.00 (Cumulative side area) 

    Layer: via4
      Partial area ratio:    0.45
      Required ratio:   31.30 (Gate area) 
      Cumulative area ratio:    1.36
      Required ratio:    0.00 (Cumulative area) 

    Layer: met5
      Partial area ratio:   49.01
      Required ratio:    0.00 (Gate area) 
      Cumulative area ratio:  354.29
      Required ratio:    0.00 (Cumulative area) 
      Partial area ratio:   75.87
      Required ratio: 2881.16 (Side area) 
      Cumulative area ratio: 1703.76
      Required ratio:    0.00 (Cumulative side area) 


  Pin:   fanout564/A (sky130_fd_sc_hd__clkdlybuf4s25_1)
    Layer: mcon
      Partial area ratio:    0.14
      Required ratio:    3.00 (Gate area) 
      Cumulative area ratio:    0.14
      Required ratio:    0.00 (Cumulative area) 

    Layer: met1
      Partial area ratio:    2.15
      Required ratio:    0.00 (Gate area) 
      Cumulative area ratio:    2.15
      Required ratio:    0.00 (Cumulative area) 
      Partial area ratio:    9.88
      Required ratio:  400.00 (Side area) 
      Cumulative area ratio:    9.88
      Required ratio:    0.00 (Cumulative side area) 

    Layer: via
      Partial area ratio:    0.21
      Required ratio:    6.00 (Gate area) 
      Cumulative area ratio:    0.35
      Required ratio:    0.00 (Cumulative area) 

    Layer: met2
      Partial area ratio:    0.88
      Required ratio:    0.00 (Gate area) 
      Cumulative area ratio:    3.03
      Required ratio:    0.00 (Cumulative area) 
      Partial area ratio:    4.04
      Required ratio:  400.00 (Side area) 
      Cumulative area ratio:   13.92
      Required ratio:    0.00 (Cumulative side area) 

    Layer: via2
      Partial area ratio:    0.19
      Required ratio:    6.00 (Gate area) 
      Cumulative area ratio:    0.53
      Required ratio:    0.00 (Cumulative area) 

    Layer: met3
      Partial area ratio:    0.59
      Required ratio:    0.00 (Gate area) 
      Cumulative area ratio:    3.61
      Required ratio:    0.00 (Cumulative area) 
      Partial area ratio:    5.33
      Required ratio:  400.00 (Side area) 
      Cumulative area ratio:   19.26
      Required ratio:    0.00 (Cumulative side area) 

    Layer: via3
      Partial area ratio:    0.19
      Required ratio:    6.00 (Gate area) 
      Cumulative area ratio:    0.72
      Required ratio:    0.00 (Cumulative area) 

    Layer: met4
      Partial area ratio:    6.54
      Required ratio:    0.00 (Gate area) 
      Cumulative area ratio:   10.15
      Required ratio:    0.00 (Cumulative area) 
      Partial area ratio:   17.73
      Required ratio:  400.00 (Side area) 
      Cumulative area ratio:   36.99
      Required ratio:    0.00 (Cumulative side area) 

    Layer: via4
      Partial area ratio:    3.00
      Required ratio:    6.00 (Gate area) 
      Cumulative area ratio:    3.73
      Required ratio:    0.00 (Cumulative area) 

    Layer: met5
      Partial area ratio:   49.01
      Required ratio:    0.00 (Gate area) 
      Cumulative area ratio:   59.16
      Required ratio:    0.00 (Cumulative area) 
      Partial area ratio:   75.87
      Required ratio: 2881.16 (Side area) 
      Cumulative area ratio:  112.86
      Required ratio:    0.00 (Cumulative side area) 



Net: net632
  Pin:   fanout627/A (sky130_fd_sc_hd__clkdlybuf4s25_1)
    Layer: mcon
      Partial area ratio:    0.14
      Required ratio:    3.00 (Gate area) 
      Cumulative area ratio:    0.14
      Required ratio:    0.00 (Cumulative area) 

    Layer: met1
      Partial area ratio:   29.35
      Required ratio:    0.00 (Gate area) 
      Cumulative area ratio:   29.35
      Required ratio:    0.00 (Cumulative area) 
      Partial area ratio:  145.89
      Required ratio:  400.00 (Side area) 
      Cumulative area ratio:  145.89
      Required ratio:    0.00 (Cumulative side area) 

    Layer: via
      Partial area ratio:    0.21
      Required ratio:    6.00 (Gate area) 
      Cumulative area ratio:    0.35
      Required ratio:    0.00 (Cumulative area) 

    Layer: met2
      Partial area ratio:    5.58
      Required ratio:    0.00 (Gate area) 
      Cumulative area ratio:   34.93
      Required ratio:    0.00 (Cumulative area) 
      Partial area ratio:   27.03
      Required ratio:  400.00 (Side area) 
      Cumulative area ratio:  172.92
      Required ratio:    0.00 (Cumulative side area) 

    Layer: via2
      Partial area ratio:    0.19
      Required ratio:    6.00 (Gate area) 
      Cumulative area ratio:    0.53
      Required ratio:    0.00 (Cumulative area) 

    Layer: met3
      Partial area ratio:  107.48
      Required ratio:    0.00 (Gate area) 
      Cumulative area ratio:  142.41
      Required ratio:    0.00 (Cumulative area) 
      Partial area ratio:  575.44
      Required ratio:  400.00 (Side area) (VIOLATED)
      Cumulative area ratio:  748.36
      Required ratio:    0.00 (Cumulative side area) 

    Layer: via3
      Partial area ratio:    0.19
      Required ratio:    6.00 (Gate area) 
      Cumulative area ratio:    0.72
      Required ratio:    0.00 (Cumulative area) 

    Layer: met4
      Partial area ratio:    9.40
      Required ratio:    0.00 (Gate area) 
      Cumulative area ratio:  151.81
      Required ratio:    0.00 (Cumulative area) 
      Partial area ratio:   50.82
      Required ratio: 2881.16 (Side area) 
      Cumulative area ratio:  799.17
      Required ratio:    0.00 (Cumulative side area) 


  Pin:   fanout629/A (sky130_fd_sc_hd__clkbuf_2)
    Layer: mcon
      Partial area ratio:    0.14
      Required ratio:    3.00 (Gate area) 
      Cumulative area ratio:    0.14
      Required ratio:    0.00 (Cumulative area) 

    Layer: met1
      Partial area ratio:    2.71
      Required ratio:    0.00 (Gate area) 
      Cumulative area ratio:    2.71
      Required ratio:    0.00 (Cumulative area) 
      Partial area ratio:   12.96
      Required ratio:  400.00 (Side area) 
      Cumulative area ratio:   12.96
      Required ratio:    0.00 (Cumulative side area) 

    Layer: via
      Partial area ratio:    0.17
      Required ratio:    6.00 (Gate area) 
      Cumulative area ratio:    0.30
      Required ratio:    0.00 (Cumulative area) 

    Layer: met2
      Partial area ratio:    5.18
      Required ratio:    0.00 (Gate area) 
      Cumulative area ratio:    7.89
      Required ratio:    0.00 (Cumulative area) 
      Partial area ratio:   25.07
      Required ratio: 2881.16 (Side area) 
      Cumulative area ratio:   38.03
      Required ratio:    0.00 (Cumulative side area) 

    Layer: via2
      Partial area ratio:    0.09
      Required ratio:   31.30 (Gate area) 
      Cumulative area ratio:    0.39
      Required ratio:    0.00 (Cumulative area) 

    Layer: met3
      Partial area ratio:    0.27
      Required ratio:    0.00 (Gate area) 
      Cumulative area ratio:    8.17
      Required ratio:    0.00 (Cumulative area) 
      Partial area ratio:    2.47
      Required ratio: 2881.16 (Side area) 
      Cumulative area ratio:   40.50
      Required ratio:    0.00 (Cumulative side area) 

    Layer: via3
      Partial area ratio:    0.09
      Required ratio:   31.30 (Gate area) 
      Cumulative area ratio:    0.47
      Required ratio:    0.00 (Cumulative area) 

    Layer: met4
      Partial area ratio:    9.40
      Required ratio:    0.00 (Gate area) 
      Cumulative area ratio:   17.56
      Required ratio:    0.00 (Cumulative area) 
      Partial area ratio:   50.82
      Required ratio: 2881.16 (Side area) 
      Cumulative area ratio:   91.31
      Required ratio:    0.00 (Cumulative side area) 


  Pin:   load_slew633/A (sky130_fd_sc_hd__buf_4)
    Layer: mcon
      Partial area ratio:    0.12
      Required ratio:    3.00 (Gate area) 
      Cumulative area ratio:    0.12
      Required ratio:    0.00 (Cumulative area) 

    Layer: met1
      Partial area ratio:    2.06
      Required ratio:    0.00 (Gate area) 
      Cumulative area ratio:    2.06
      Required ratio:    0.00 (Cumulative area) 
      Partial area ratio:    9.56
      Required ratio:  400.00 (Side area) 
      Cumulative area ratio:    9.56
      Required ratio:    0.00 (Cumulative side area) 

    Layer: via
      Partial area ratio:    0.18
      Required ratio:    6.00 (Gate area) 
      Cumulative area ratio:    0.30
      Required ratio:    0.00 (Cumulative area) 

    Layer: met2
      Partial area ratio:    5.18
      Required ratio:    0.00 (Gate area) 
      Cumulative area ratio:    7.24
      Required ratio:    0.00 (Cumulative area) 
      Partial area ratio:   25.07
      Required ratio: 2881.16 (Side area) 
      Cumulative area ratio:   34.63
      Required ratio:    0.00 (Cumulative side area) 

    Layer: via2
      Partial area ratio:    0.09
      Required ratio:   31.30 (Gate area) 
      Cumulative area ratio:    0.39
      Required ratio:    0.00 (Cumulative area) 

    Layer: met3
      Partial area ratio:    0.27
      Required ratio:    0.00 (Gate area) 
      Cumulative area ratio:    7.51
      Required ratio:    0.00 (Cumulative area) 
      Partial area ratio:    2.47
      Required ratio: 2881.16 (Side area) 
      Cumulative area ratio:   37.09
      Required ratio:    0.00 (Cumulative side area) 

    Layer: via3
      Partial area ratio:    0.09
      Required ratio:   31.30 (Gate area) 
      Cumulative area ratio:    0.47
      Required ratio:    0.00 (Cumulative area) 

    Layer: met4
      Partial area ratio:    9.40
      Required ratio:    0.00 (Gate area) 
      Cumulative area ratio:   16.91
      Required ratio:    0.00 (Cumulative area) 
      Partial area ratio:   50.82
      Required ratio: 2881.16 (Side area) 
      Cumulative area ratio:   87.91
      Required ratio:    0.00 (Cumulative side area) 



Net: net636
  Pin:   _2870_/A1 (sky130_fd_sc_hd__a32o_2)
    Layer: mcon
      Partial area ratio:    0.12
      Required ratio:    3.00 (Gate area) 
      Cumulative area ratio:    0.12
      Required ratio:    0.00 (Cumulative area) 

    Layer: met1
      Partial area ratio:    1.07
      Required ratio:    0.00 (Gate area) 
      Cumulative area ratio:    1.07
      Required ratio:    0.00 (Cumulative area) 
      Partial area ratio:    4.58
      Required ratio:  400.00 (Side area) 
      Cumulative area ratio:    4.58
      Required ratio:    0.00 (Cumulative side area) 

    Layer: via
      Partial area ratio:    0.18
      Required ratio:    6.00 (Gate area) 
      Cumulative area ratio:    0.30
      Required ratio:    0.00 (Cumulative area) 

    Layer: met2
      Partial area ratio:    0.75
      Required ratio:    0.00 (Gate area) 
      Cumulative area ratio:    1.82
      Required ratio:    0.00 (Cumulative area) 
      Partial area ratio:    3.48
      Required ratio:  400.00 (Side area) 
      Cumulative area ratio:    8.05
      Required ratio:    0.00 (Cumulative side area) 

    Layer: via2
      Partial area ratio:    0.16
      Required ratio:    6.00 (Gate area) 
      Cumulative area ratio:    0.46
      Required ratio:    0.00 (Cumulative area) 

    Layer: met3
      Partial area ratio:   33.99
      Required ratio:    0.00 (Gate area) 
      Cumulative area ratio:   35.81
      Required ratio:    0.00 (Cumulative area) 
      Partial area ratio:  183.14
      Required ratio:  400.00 (Side area) 
      Cumulative area ratio:  191.20
      Required ratio:    0.00 (Cumulative side area) 

    Layer: via3
      Partial area ratio:    0.32
      Required ratio:    6.00 (Gate area) 
      Cumulative area ratio:    0.78
      Required ratio:    0.00 (Cumulative area) 

    Layer: met4
      Partial area ratio:   18.70
      Required ratio:    0.00 (Gate area) 
      Cumulative area ratio:   54.51
      Required ratio:    0.00 (Cumulative area) 
      Partial area ratio:  100.85
      Required ratio: 2881.16 (Side area) 
      Cumulative area ratio:  292.05
      Required ratio:    0.00 (Cumulative side area) 


  Pin:   _2938_/A1 (sky130_fd_sc_hd__a32o_2)
    Layer: mcon
      Partial area ratio:    0.12
      Required ratio:    3.00 (Gate area) 
      Cumulative area ratio:    0.12
      Required ratio:    0.00 (Cumulative area) 

    Layer: met1
      Partial area ratio:    1.37
      Required ratio:    0.00 (Gate area) 
      Cumulative area ratio:    1.37
      Required ratio:    0.00 (Cumulative area) 
      Partial area ratio:    6.09
      Required ratio:  400.00 (Side area) 
      Cumulative area ratio:    6.09
      Required ratio:    0.00 (Cumulative side area) 

    Layer: via
      Partial area ratio:    0.18
      Required ratio:    6.00 (Gate area) 
      Cumulative area ratio:    0.30
      Required ratio:    0.00 (Cumulative area) 

    Layer: met2
      Partial area ratio:    0.75
      Required ratio:    0.00 (Gate area) 
      Cumulative area ratio:    2.12
      Required ratio:    0.00 (Cumulative area) 
      Partial area ratio:    3.48
      Required ratio:  400.00 (Side area) 
      Cumulative area ratio:    9.57
      Required ratio:    0.00 (Cumulative side area) 

    Layer: via2
      Partial area ratio:    0.16
      Required ratio:    6.00 (Gate area) 
      Cumulative area ratio:    0.46
      Required ratio:    0.00 (Cumulative area) 

    Layer: met3
      Partial area ratio:    0.50
      Required ratio:    0.00 (Gate area) 
      Cumulative area ratio:    2.63
      Required ratio:    0.00 (Cumulative area) 
      Partial area ratio:    4.59
      Required ratio:  400.00 (Side area) 
      Cumulative area ratio:   14.16
      Required ratio:    0.00 (Cumulative side area) 

    Layer: via3
      Partial area ratio:    0.16
      Required ratio:    6.00 (Gate area) 
      Cumulative area ratio:    0.62
      Required ratio:    0.00 (Cumulative area) 

    Layer: met4
      Partial area ratio:   18.70
      Required ratio:    0.00 (Gate area) 
      Cumulative area ratio:   21.32
      Required ratio:    0.00 (Cumulative area) 
      Partial area ratio:  100.85
      Required ratio: 2881.16 (Side area) 
      Cumulative area ratio:  115.00
      Required ratio:    0.00 (Cumulative side area) 


  Pin:   _2984_/A1 (sky130_fd_sc_hd__a22o_2)
    Layer: mcon
      Partial area ratio:    0.12
      Required ratio:    3.00 (Gate area) 
      Cumulative area ratio:    0.12
      Required ratio:    0.00 (Cumulative area) 

    Layer: met1
      Partial area ratio:    2.43
      Required ratio:    0.00 (Gate area) 
      Cumulative area ratio:    2.43
      Required ratio:    0.00 (Cumulative area) 
      Partial area ratio:   11.38
      Required ratio:  400.00 (Side area) 
      Cumulative area ratio:   11.38
      Required ratio:    0.00 (Cumulative side area) 

    Layer: via
      Partial area ratio:    0.18
      Required ratio:    6.00 (Gate area) 
      Cumulative area ratio:    0.30
      Required ratio:    0.00 (Cumulative area) 

    Layer: met2
      Partial area ratio:    8.93
      Required ratio:    0.00 (Gate area) 
      Cumulative area ratio:   11.35
      Required ratio:    0.00 (Cumulative area) 
      Partial area ratio:   43.24
      Required ratio:  400.00 (Side area) 
      Cumulative area ratio:   54.63
      Required ratio:    0.00 (Cumulative side area) 

    Layer: via2
      Partial area ratio:    0.32
      Required ratio:    6.00 (Gate area) 
      Cumulative area ratio:    0.62
      Required ratio:    0.00 (Cumulative area) 

    Layer: met3
      Partial area ratio:   76.27
      Required ratio:    0.00 (Gate area) 
      Cumulative area ratio:   87.63
      Required ratio:    0.00 (Cumulative area) 
      Partial area ratio:  410.57
      Required ratio:  400.00 (Side area) (VIOLATED)
      Cumulative area ratio:  465.20
      Required ratio:    0.00 (Cumulative side area) 

    Layer: via3
      Partial area ratio:    0.32
      Required ratio:    6.00 (Gate area) 
      Cumulative area ratio:    0.95
      Required ratio:    0.00 (Cumulative area) 

    Layer: met4
      Partial area ratio:   18.70
      Required ratio:    0.00 (Gate area) 
      Cumulative area ratio:  106.32
      Required ratio:    0.00 (Cumulative area) 
      Partial area ratio:  100.85
      Required ratio: 2881.16 (Side area) 
      Cumulative area ratio:  566.05
      Required ratio:    0.00 (Cumulative side area) 


  Pin:   _3085_/A1 (sky130_fd_sc_hd__a31o_2)
    Layer: mcon
      Partial area ratio:    0.12
      Required ratio:    3.00 (Gate area) 
      Cumulative area ratio:    0.12
      Required ratio:    0.00 (Cumulative area) 

    Layer: met1
      Partial area ratio:    5.42
      Required ratio:    0.00 (Gate area) 
      Cumulative area ratio:    5.42
      Required ratio:    0.00 (Cumulative area) 
      Partial area ratio:   25.62
      Required ratio: 2881.16 (Side area) 
      Cumulative area ratio:   25.62
      Required ratio:    0.00 (Cumulative side area) 

    Layer: via
      Partial area ratio:    0.27
      Required ratio:   31.30 (Gate area) 
      Cumulative area ratio:    0.39
      Required ratio:    0.00 (Cumulative area) 

    Layer: met2
      Partial area ratio:    1.09
      Required ratio:    0.00 (Gate area) 
      Cumulative area ratio:    6.51
      Required ratio:    0.00 (Cumulative area) 
      Partial area ratio:    5.12
      Required ratio: 2881.16 (Side area) 
      Cumulative area ratio:   30.74
      Required ratio:    0.00 (Cumulative side area) 

    Layer: via2
      Partial area ratio:    0.16
      Required ratio:   31.30 (Gate area) 
      Cumulative area ratio:    0.55
      Required ratio:    0.00 (Cumulative area) 

    Layer: met3
      Partial area ratio:   17.23
      Required ratio:    0.00 (Gate area) 
      Cumulative area ratio:   23.74
      Required ratio:    0.00 (Cumulative area) 
      Partial area ratio:   93.77
      Required ratio: 2881.16 (Side area) 
      Cumulative area ratio:  124.51
      Required ratio:    0.00 (Cumulative side area) 

    Layer: via3
      Partial area ratio:    0.16
      Required ratio:   31.30 (Gate area) 
      Cumulative area ratio:    0.71
      Required ratio:    0.00 (Cumulative area) 

    Layer: met4
      Partial area ratio:   18.70
      Required ratio:    0.00 (Gate area) 
      Cumulative area ratio:   42.43
      Required ratio:    0.00 (Cumulative area) 
      Partial area ratio:  100.85
      Required ratio: 2881.16 (Side area) 
      Cumulative area ratio:  225.36
      Required ratio:    0.00 (Cumulative side area) 


  Pin:   _3230_/B2 (sky130_fd_sc_hd__a22o_2)
    Layer: mcon
      Partial area ratio:    0.12
      Required ratio:    3.00 (Gate area) 
      Cumulative area ratio:    0.12
      Required ratio:    0.00 (Cumulative area) 

    Layer: met1
      Partial area ratio:    1.90
      Required ratio:    0.00 (Gate area) 
      Cumulative area ratio:    1.90
      Required ratio:    0.00 (Cumulative area) 
      Partial area ratio:    8.76
      Required ratio:  400.00 (Side area) 
      Cumulative area ratio:    8.76
      Required ratio:    0.00 (Cumulative side area) 

    Layer: via
      Partial area ratio:    0.18
      Required ratio:    6.00 (Gate area) 
      Cumulative area ratio:    0.30
      Required ratio:    0.00 (Cumulative area) 

    Layer: met2
      Partial area ratio:    0.75
      Required ratio:    0.00 (Gate area) 
      Cumulative area ratio:    2.66
      Required ratio:    0.00 (Cumulative area) 
      Partial area ratio:    3.48
      Required ratio:  400.00 (Side area) 
      Cumulative area ratio:   12.24
      Required ratio:    0.00 (Cumulative side area) 

    Layer: via2
      Partial area ratio:    0.16
      Required ratio:    6.00 (Gate area) 
      Cumulative area ratio:    0.46
      Required ratio:    0.00 (Cumulative area) 

    Layer: met3
      Partial area ratio:    0.50
      Required ratio:    0.00 (Gate area) 
      Cumulative area ratio:    3.16
      Required ratio:    0.00 (Cumulative area) 
      Partial area ratio:    4.59
      Required ratio:  400.00 (Side area) 
      Cumulative area ratio:   16.83
      Required ratio:    0.00 (Cumulative side area) 

    Layer: via3
      Partial area ratio:    0.16
      Required ratio:    6.00 (Gate area) 
      Cumulative area ratio:    0.62
      Required ratio:    0.00 (Cumulative area) 

    Layer: met4
      Partial area ratio:   18.70
      Required ratio:    0.00 (Gate area) 
      Cumulative area ratio:   21.86
      Required ratio:    0.00 (Cumulative area) 
      Partial area ratio:  100.85
      Required ratio: 2881.16 (Side area) 
      Cumulative area ratio:  117.68
      Required ratio:    0.00 (Cumulative side area) 



Net: net658
  Pin:   _2693_/B2 (sky130_fd_sc_hd__a22o_2)
    Layer: mcon
      Partial area ratio:    0.12
      Required ratio:    3.00 (Gate area) 
      Cumulative area ratio:    0.12
      Required ratio:    0.00 (Cumulative area) 

    Layer: met1
      Partial area ratio:    3.45
      Required ratio:    0.00 (Gate area) 
      Cumulative area ratio:    3.45
      Required ratio:    0.00 (Cumulative area) 
      Partial area ratio:   16.48
      Required ratio:  400.00 (Side area) 
      Cumulative area ratio:   16.48
      Required ratio:    0.00 (Cumulative side area) 

    Layer: via
      Partial area ratio:    0.18
      Required ratio:    6.00 (Gate area) 
      Cumulative area ratio:    0.30
      Required ratio:    0.00 (Cumulative area) 

    Layer: met2
      Partial area ratio:    4.80
      Required ratio:    0.00 (Gate area) 
      Cumulative area ratio:    8.24
      Required ratio:    0.00 (Cumulative area) 
      Partial area ratio:   23.26
      Required ratio:  400.00 (Side area) 
      Cumulative area ratio:   39.74
      Required ratio:    0.00 (Cumulative side area) 

    Layer: via2
      Partial area ratio:    0.16
      Required ratio:    6.00 (Gate area) 
      Cumulative area ratio:    0.46
      Required ratio:    0.00 (Cumulative area) 

    Layer: met3
      Partial area ratio:   17.01
      Required ratio:    0.00 (Gate area) 
      Cumulative area ratio:   25.25
      Required ratio:    0.00 (Cumulative area) 
      Partial area ratio:   91.93
      Required ratio: 2771.60 (Side area) 
      Cumulative area ratio:  131.67
      Required ratio:    0.00 (Cumulative side area) 

    Layer: via3
      Partial area ratio:    0.21
      Required ratio:   21.44 (Gate area) 
      Cumulative area ratio:    0.67
      Required ratio:    0.00 (Cumulative area) 

    Layer: met4
      Partial area ratio:   21.72
      Required ratio:    0.00 (Gate area) 
      Cumulative area ratio:   46.98
      Required ratio:    0.00 (Cumulative area) 
      Partial area ratio:  116.95
      Required ratio: 2771.60 (Side area) 
      Cumulative area ratio:  248.62
      Required ratio:    0.00 (Cumulative side area) 


  Pin:   _2943_/B2 (sky130_fd_sc_hd__a22o_2)
    Layer: mcon
      Partial area ratio:    0.12
      Required ratio:    3.00 (Gate area) 
      Cumulative area ratio:    0.12
      Required ratio:    0.00 (Cumulative area) 

    Layer: met1
      Partial area ratio:    3.08
      Required ratio:    0.00 (Gate area) 
      Cumulative area ratio:    3.08
      Required ratio:    0.00 (Cumulative area) 
      Partial area ratio:   14.63
      Required ratio:  400.00 (Side area) 
      Cumulative area ratio:   14.63
      Required ratio:    0.00 (Cumulative side area) 

    Layer: via
      Partial area ratio:    0.18
      Required ratio:    6.00 (Gate area) 
      Cumulative area ratio:    0.30
      Required ratio:    0.00 (Cumulative area) 

    Layer: met2
      Partial area ratio:    4.80
      Required ratio:    0.00 (Gate area) 
      Cumulative area ratio:    7.87
      Required ratio:    0.00 (Cumulative area) 
      Partial area ratio:   23.26
      Required ratio:  400.00 (Side area) 
      Cumulative area ratio:   37.89
      Required ratio:    0.00 (Cumulative side area) 

    Layer: via2
      Partial area ratio:    0.16
      Required ratio:    6.00 (Gate area) 
      Cumulative area ratio:    0.46
      Required ratio:    0.00 (Cumulative area) 

    Layer: met3
      Partial area ratio:   75.77
      Required ratio:    0.00 (Gate area) 
      Cumulative area ratio:   83.65
      Required ratio:    0.00 (Cumulative area) 
      Partial area ratio:  406.01
      Required ratio:  400.00 (Side area) (VIOLATED)
      Cumulative area ratio:  443.90
      Required ratio:    0.00 (Cumulative side area) 

    Layer: via3
      Partial area ratio:    0.16
      Required ratio:    6.00 (Gate area) 
      Cumulative area ratio:    0.62
      Required ratio:    0.00 (Cumulative area) 

    Layer: met4
      Partial area ratio:   21.72
      Required ratio:    0.00 (Gate area) 
      Cumulative area ratio:  105.37
      Required ratio:    0.00 (Cumulative area) 
      Partial area ratio:  116.95
      Required ratio: 2771.60 (Side area) 
      Cumulative area ratio:  560.85
      Required ratio:    0.00 (Cumulative side area) 


  Pin:   wire659/A (sky130_fd_sc_hd__buf_4)
    Layer: mcon
      Partial area ratio:    0.12
      Required ratio:    3.00 (Gate area) 
      Cumulative area ratio:    0.12
      Required ratio:    0.00 (Cumulative area) 

    Layer: met1
      Partial area ratio:    2.84
      Required ratio:    0.00 (Gate area) 
      Cumulative area ratio:    2.84
      Required ratio:    0.00 (Cumulative area) 
      Partial area ratio:   13.46
      Required ratio:  400.00 (Side area) 
      Cumulative area ratio:   13.46
      Required ratio:    0.00 (Cumulative side area) 

    Layer: via
      Partial area ratio:    0.18
      Required ratio:    6.00 (Gate area) 
      Cumulative area ratio:    0.30
      Required ratio:    0.00 (Cumulative area) 

    Layer: met2
      Partial area ratio:    0.75
      Required ratio:    0.00 (Gate area) 
      Cumulative area ratio:    3.60
      Required ratio:    0.00 (Cumulative area) 
      Partial area ratio:    3.48
      Required ratio:  400.00 (Side area) 
      Cumulative area ratio:   16.94
      Required ratio:    0.00 (Cumulative side area) 

    Layer: via2
      Partial area ratio:    0.16
      Required ratio:    6.00 (Gate area) 
      Cumulative area ratio:    0.46
      Required ratio:    0.00 (Cumulative area) 

    Layer: met3
      Partial area ratio:    0.50
      Required ratio:    0.00 (Gate area) 
      Cumulative area ratio:    4.10
      Required ratio:    0.00 (Cumulative area) 
      Partial area ratio:    4.59
      Required ratio:  400.00 (Side area) 
      Cumulative area ratio:   21.53
      Required ratio:    0.00 (Cumulative side area) 

    Layer: via3
      Partial area ratio:    0.16
      Required ratio:    6.00 (Gate area) 
      Cumulative area ratio:    0.62
      Required ratio:    0.00 (Cumulative area) 

    Layer: met4
      Partial area ratio:   21.72
      Required ratio:    0.00 (Gate area) 
      Cumulative area ratio:   25.83
      Required ratio:    0.00 (Cumulative area) 
      Partial area ratio:  116.95
      Required ratio: 2771.60 (Side area) 
      Cumulative area ratio:  138.48
      Required ratio:    0.00 (Cumulative side area) 



Net: net720
  Pin:   _3459_/A (sky130_fd_sc_hd__or2_2)
    Layer: mcon
      Partial area ratio:    0.23
      Required ratio:    3.00 (Gate area) 
      Cumulative area ratio:    0.23
      Required ratio:    0.00 (Cumulative area) 

    Layer: met1
      Partial area ratio:    6.83
      Required ratio:    0.00 (Gate area) 
      Cumulative area ratio:    6.83
      Required ratio:    0.00 (Cumulative area) 
      Partial area ratio:   32.67
      Required ratio:  400.00 (Side area) 
      Cumulative area ratio:   32.67
      Required ratio:    0.00 (Cumulative side area) 

    Layer: via
      Partial area ratio:    0.36
      Required ratio:    6.00 (Gate area) 
      Cumulative area ratio:    0.59
      Required ratio:    0.00 (Cumulative area) 

    Layer: met2
      Partial area ratio:    1.48
      Required ratio:    0.00 (Gate area) 
      Cumulative area ratio:    8.31
      Required ratio:    0.00 (Cumulative area) 
      Partial area ratio:    6.83
      Required ratio:  400.00 (Side area) 
      Cumulative area ratio:   39.50
      Required ratio:    0.00 (Cumulative side area) 

    Layer: via2
      Partial area ratio:    0.32
      Required ratio:    6.00 (Gate area) 
      Cumulative area ratio:    0.90
      Required ratio:    0.00 (Cumulative area) 

    Layer: met3
      Partial area ratio:    0.99
      Required ratio:    0.00 (Gate area) 
      Cumulative area ratio:    9.30
      Required ratio:    0.00 (Cumulative area) 
      Partial area ratio:    9.02
      Required ratio:  400.00 (Side area) 
      Cumulative area ratio:   48.52
      Required ratio:    0.00 (Cumulative side area) 

    Layer: via3
      Partial area ratio:    0.32
      Required ratio:    6.00 (Gate area) 
      Cumulative area ratio:    1.22
      Required ratio:    0.00 (Cumulative area) 

    Layer: met4
      Partial area ratio:   92.26
      Required ratio:    0.00 (Gate area) 
      Cumulative area ratio:  101.56
      Required ratio:    0.00 (Cumulative area) 
      Partial area ratio:  463.05
      Required ratio:  400.00 (Side area) (VIOLATED)
      Cumulative area ratio:  511.56
      Required ratio:    0.00 (Cumulative side area) 

    Layer: via4
      Partial area ratio:    5.08
      Required ratio:    6.00 (Gate area) 
      Cumulative area ratio:    6.30
      Required ratio:    0.00 (Cumulative area) 

    Layer: met5
      Partial area ratio:  103.57
      Required ratio:    0.00 (Gate area) 
      Cumulative area ratio:  205.13
      Required ratio:    0.00 (Cumulative area) 
      Partial area ratio:  159.73
      Required ratio: 2918.08 (Side area) 
      Cumulative area ratio:  671.29
      Required ratio:    0.00 (Cumulative side area) 


  Pin:   _3643_/A (sky130_fd_sc_hd__or2_2)
    Layer: mcon
      Partial area ratio:    0.23
      Required ratio:    3.00 (Gate area) 
      Cumulative area ratio:    0.23
      Required ratio:    0.00 (Cumulative area) 

    Layer: met1
      Partial area ratio:    4.83
      Required ratio:    0.00 (Gate area) 
      Cumulative area ratio:    4.83
      Required ratio:    0.00 (Cumulative area) 
      Partial area ratio:   22.67
      Required ratio:  400.00 (Side area) 
      Cumulative area ratio:   22.67
      Required ratio:    0.00 (Cumulative side area) 

    Layer: via
      Partial area ratio:    0.36
      Required ratio:    6.00 (Gate area) 
      Cumulative area ratio:    0.59
      Required ratio:    0.00 (Cumulative area) 

    Layer: met2
      Partial area ratio:    1.48
      Required ratio:    0.00 (Gate area) 
      Cumulative area ratio:    6.31
      Required ratio:    0.00 (Cumulative area) 
      Partial area ratio:    6.83
      Required ratio:  400.00 (Side area) 
      Cumulative area ratio:   29.50
      Required ratio:    0.00 (Cumulative side area) 

    Layer: via2
      Partial area ratio:    0.32
      Required ratio:    6.00 (Gate area) 
      Cumulative area ratio:    0.90
      Required ratio:    0.00 (Cumulative area) 

    Layer: met3
      Partial area ratio:   17.41
      Required ratio:    0.00 (Gate area) 
      Cumulative area ratio:   23.72
      Required ratio:    0.00 (Cumulative area) 
      Partial area ratio:   96.57
      Required ratio:  400.00 (Side area) 
      Cumulative area ratio:  126.07
      Required ratio:    0.00 (Cumulative side area) 

    Layer: via3
      Partial area ratio:    0.32
      Required ratio:    6.00 (Gate area) 
      Cumulative area ratio:    1.22
      Required ratio:    0.00 (Cumulative area) 

    Layer: met4
      Partial area ratio:   57.12
      Required ratio:    0.00 (Gate area) 
      Cumulative area ratio:   80.84
      Required ratio:    0.00 (Cumulative area) 
      Partial area ratio:  301.00
      Required ratio: 2918.08 (Side area) 
      Cumulative area ratio:  427.07
      Required ratio:    0.00 (Cumulative side area) 

    Layer: via4
      Partial area ratio:    0.85
      Required ratio:   34.63 (Gate area) 
      Cumulative area ratio:    2.07
      Required ratio:    0.00 (Cumulative area) 

    Layer: met5
      Partial area ratio:  103.57
      Required ratio:    0.00 (Gate area) 
      Cumulative area ratio:  184.41
      Required ratio:    0.00 (Cumulative area) 
      Partial area ratio:  159.73
      Required ratio: 2918.08 (Side area) 
      Cumulative area ratio:  586.80
      Required ratio:    0.00 (Cumulative side area) 


  Pin:   _3930_/A (sky130_fd_sc_hd__or2_2)
    Layer: mcon
      Partial area ratio:    0.23
      Required ratio:    3.00 (Gate area) 
      Cumulative area ratio:    0.23
      Required ratio:    0.00 (Cumulative area) 

    Layer: met1
      Partial area ratio:   17.90
      Required ratio:    0.00 (Gate area) 
      Cumulative area ratio:   17.90
      Required ratio:    0.00 (Cumulative area) 
      Partial area ratio:   87.17
      Required ratio:  400.00 (Side area) 
      Cumulative area ratio:   87.17
      Required ratio:    0.00 (Cumulative side area) 

    Layer: via
      Partial area ratio:    0.54
      Required ratio:    6.00 (Gate area) 
      Cumulative area ratio:    0.77
      Required ratio:    0.00 (Cumulative area) 

    Layer: met2
      Partial area ratio:    3.68
      Required ratio:    0.00 (Gate area) 
      Cumulative area ratio:   21.58
      Required ratio:    0.00 (Cumulative area) 
      Partial area ratio:   17.72
      Required ratio:  400.00 (Side area) 
      Cumulative area ratio:  104.89
      Required ratio:    0.00 (Cumulative side area) 

    Layer: via2
      Partial area ratio:    0.21
      Required ratio:    6.00 (Gate area) 
      Cumulative area ratio:    0.98
      Required ratio:    0.00 (Cumulative area) 

    Layer: met3
      Partial area ratio:   50.46
      Required ratio:    0.00 (Gate area) 
      Cumulative area ratio:   72.04
      Required ratio:    0.00 (Cumulative area) 
      Partial area ratio:  271.95
      Required ratio:  400.00 (Side area) 
      Cumulative area ratio:  376.84
      Required ratio:    0.00 (Cumulative side area) 

    Layer: via3
      Partial area ratio:    0.16
      Required ratio:    6.00 (Gate area) 
      Cumulative area ratio:    1.14
      Required ratio:    0.00 (Cumulative area) 

    Layer: met4
      Partial area ratio:   57.12
      Required ratio:    0.00 (Gate area) 
      Cumulative area ratio:  129.16
      Required ratio:    0.00 (Cumulative area) 
      Partial area ratio:  301.00
      Required ratio: 2918.08 (Side area) 
      Cumulative area ratio:  677.84
      Required ratio:    0.00 (Cumulative side area) 

    Layer: via4
      Partial area ratio:    0.85
      Required ratio:   34.63 (Gate area) 
      Cumulative area ratio:    1.99
      Required ratio:    0.00 (Cumulative area) 

    Layer: met5
      Partial area ratio:  103.57
      Required ratio:    0.00 (Gate area) 
      Cumulative area ratio:  232.73
      Required ratio:    0.00 (Cumulative area) 
      Partial area ratio:  159.73
      Required ratio: 2918.08 (Side area) 
      Cumulative area ratio:  837.56
      Required ratio:    0.00 (Cumulative side area) 


  Pin:   _3938_/A1 (sky130_fd_sc_hd__o211a_2)
    Layer: mcon
      Partial area ratio:    0.12
      Required ratio:    3.00 (Gate area) 
      Cumulative area ratio:    0.12
      Required ratio:    0.00 (Cumulative area) 

    Layer: met1
      Partial area ratio:    1.81
      Required ratio:    0.00 (Gate area) 
      Cumulative area ratio:    1.81
      Required ratio:    0.00 (Cumulative area) 
      Partial area ratio:    8.31
      Required ratio:  400.00 (Side area) 
      Cumulative area ratio:    8.31
      Required ratio:    0.00 (Cumulative side area) 

    Layer: via
      Partial area ratio:    0.18
      Required ratio:    6.00 (Gate area) 
      Cumulative area ratio:    0.30
      Required ratio:    0.00 (Cumulative area) 

    Layer: met2
      Partial area ratio:    3.68
      Required ratio:    0.00 (Gate area) 
      Cumulative area ratio:    5.49
      Required ratio:    0.00 (Cumulative area) 
      Partial area ratio:   17.72
      Required ratio:  400.00 (Side area) 
      Cumulative area ratio:   26.03
      Required ratio:    0.00 (Cumulative side area) 

    Layer: via2
      Partial area ratio:    0.21
      Required ratio:    6.00 (Gate area) 
      Cumulative area ratio:    0.51
      Required ratio:    0.00 (Cumulative area) 

    Layer: met3
      Partial area ratio:   50.46
      Required ratio:    0.00 (Gate area) 
      Cumulative area ratio:   55.96
      Required ratio:    0.00 (Cumulative area) 
      Partial area ratio:  271.95
      Required ratio:  400.00 (Side area) 
      Cumulative area ratio:  297.98
      Required ratio:    0.00 (Cumulative side area) 

    Layer: via3
      Partial area ratio:    0.16
      Required ratio:    6.00 (Gate area) 
      Cumulative area ratio:    0.67
      Required ratio:    0.00 (Cumulative area) 

    Layer: met4
      Partial area ratio:   57.12
      Required ratio:    0.00 (Gate area) 
      Cumulative area ratio:  113.07
      Required ratio:    0.00 (Cumulative area) 
      Partial area ratio:  301.00
      Required ratio: 2918.08 (Side area) 
      Cumulative area ratio:  598.98
      Required ratio:    0.00 (Cumulative side area) 

    Layer: via4
      Partial area ratio:    0.85
      Required ratio:   34.63 (Gate area) 
      Cumulative area ratio:    1.52
      Required ratio:    0.00 (Cumulative area) 

    Layer: met5
      Partial area ratio:  103.57
      Required ratio:    0.00 (Gate area) 
      Cumulative area ratio:  216.64
      Required ratio:    0.00 (Cumulative area) 
      Partial area ratio:  159.73
      Required ratio: 2918.08 (Side area) 
      Cumulative area ratio:  758.70
      Required ratio:    0.00 (Cumulative side area) 


  Pin:   _3941_/A (sky130_fd_sc_hd__or2_2)
    Layer: mcon
      Partial area ratio:    0.23
      Required ratio:    3.00 (Gate area) 
      Cumulative area ratio:    0.23
      Required ratio:    0.00 (Cumulative area) 

    Layer: met1
      Partial area ratio:    6.74
      Required ratio:    0.00 (Gate area) 
      Cumulative area ratio:    6.74
      Required ratio:    0.00 (Cumulative area) 
      Partial area ratio:   32.22
      Required ratio:  400.00 (Side area) 
      Cumulative area ratio:   32.22
      Required ratio:    0.00 (Cumulative side area) 

    Layer: via
      Partial area ratio:    0.36
      Required ratio:    6.00 (Gate area) 
      Cumulative area ratio:    0.59
      Required ratio:    0.00 (Cumulative area) 

    Layer: met2
      Partial area ratio:   40.50
      Required ratio:    0.00 (Gate area) 
      Cumulative area ratio:   47.24
      Required ratio:    0.00 (Cumulative area) 
      Partial area ratio:  199.81
      Required ratio:  400.00 (Side area) 
      Cumulative area ratio:  232.03
      Required ratio:    0.00 (Cumulative side area) 

    Layer: via2
      Partial area ratio:    0.63
      Required ratio:    6.00 (Gate area) 
      Cumulative area ratio:    1.22
      Required ratio:    0.00 (Cumulative area) 

    Layer: met3
      Partial area ratio:   50.46
      Required ratio:    0.00 (Gate area) 
      Cumulative area ratio:   97.71
      Required ratio:    0.00 (Cumulative area) 
      Partial area ratio:  271.95
      Required ratio:  400.00 (Side area) 
      Cumulative area ratio:  503.98
      Required ratio:    0.00 (Cumulative side area) 

    Layer: via3
      Partial area ratio:    0.16
      Required ratio:    6.00 (Gate area) 
      Cumulative area ratio:    1.38
      Required ratio:    0.00 (Cumulative area) 

    Layer: met4
      Partial area ratio:   57.12
      Required ratio:    0.00 (Gate area) 
      Cumulative area ratio:  154.82
      Required ratio:    0.00 (Cumulative area) 
      Partial area ratio:  301.00
      Required ratio: 2918.08 (Side area) 
      Cumulative area ratio:  804.98
      Required ratio:    0.00 (Cumulative side area) 

    Layer: via4
      Partial area ratio:    0.85
      Required ratio:   34.63 (Gate area) 
      Cumulative area ratio:    2.23
      Required ratio:    0.00 (Cumulative area) 

    Layer: met5
      Partial area ratio:  103.57
      Required ratio:    0.00 (Gate area) 
      Cumulative area ratio:  258.39
      Required ratio:    0.00 (Cumulative area) 
      Partial area ratio:  159.73
      Required ratio: 2918.08 (Side area) 
      Cumulative area ratio:  964.70
      Required ratio:    0.00 (Cumulative side area) 


  Pin:   fanout717/A (sky130_fd_sc_hd__dlymetal6s4s_1)
    Layer: mcon
      Partial area ratio:    0.23
      Required ratio:    3.00 (Gate area) 
      Cumulative area ratio:    0.23
      Required ratio:    0.00 (Cumulative area) 

    Layer: met1
      Partial area ratio:    4.89
      Required ratio:    0.00 (Gate area) 
      Cumulative area ratio:    4.89
      Required ratio:    0.00 (Cumulative area) 
      Partial area ratio:   23.00
      Required ratio:  400.00 (Side area) 
      Cumulative area ratio:   23.00
      Required ratio:    0.00 (Cumulative side area) 

    Layer: via
      Partial area ratio:    0.36
      Required ratio:    6.00 (Gate area) 
      Cumulative area ratio:    0.59
      Required ratio:    0.00 (Cumulative area) 

    Layer: met2
      Partial area ratio:    1.48
      Required ratio:    0.00 (Gate area) 
      Cumulative area ratio:    6.38
      Required ratio:    0.00 (Cumulative area) 
      Partial area ratio:    6.83
      Required ratio:  400.00 (Side area) 
      Cumulative area ratio:   29.83
      Required ratio:    0.00 (Cumulative side area) 

    Layer: via2
      Partial area ratio:    0.32
      Required ratio:    6.00 (Gate area) 
      Cumulative area ratio:    0.90
      Required ratio:    0.00 (Cumulative area) 

    Layer: met3
      Partial area ratio:   17.48
      Required ratio:    0.00 (Gate area) 
      Cumulative area ratio:   23.86
      Required ratio:    0.00 (Cumulative area) 
      Partial area ratio:   96.89
      Required ratio:  400.00 (Side area) 
      Cumulative area ratio:  126.72
      Required ratio:    0.00 (Cumulative side area) 

    Layer: via3
      Partial area ratio:    0.63
      Required ratio:    6.00 (Gate area) 
      Cumulative area ratio:    1.54
      Required ratio:    0.00 (Cumulative area) 

    Layer: met4
      Partial area ratio:   57.12
      Required ratio:    0.00 (Gate area) 
      Cumulative area ratio:   80.97
      Required ratio:    0.00 (Cumulative area) 
      Partial area ratio:  301.00
      Required ratio: 2918.08 (Side area) 
      Cumulative area ratio:  427.72
      Required ratio:    0.00 (Cumulative side area) 

    Layer: via4
      Partial area ratio:    0.85
      Required ratio:   34.63 (Gate area) 
      Cumulative area ratio:    2.39
      Required ratio:    0.00 (Cumulative area) 

    Layer: met5
      Partial area ratio:  103.57
      Required ratio:    0.00 (Gate area) 
      Cumulative area ratio:  184.54
      Required ratio:    0.00 (Cumulative area) 
      Partial area ratio:  159.73
      Required ratio: 2918.08 (Side area) 
      Cumulative area ratio:  587.45
      Required ratio:    0.00 (Cumulative side area) 



Net: net731
  Pin:   _2657_/A1 (sky130_fd_sc_hd__o211a_2)
    Layer: mcon
      Partial area ratio:    0.12
      Required ratio:    3.00 (Gate area) 
      Cumulative area ratio:    0.12
      Required ratio:    0.00 (Cumulative area) 

    Layer: met1
      Partial area ratio:    4.09
      Required ratio:    0.00 (Gate area) 
      Cumulative area ratio:    4.09
      Required ratio:    0.00 (Cumulative area) 
      Partial area ratio:   19.72
      Required ratio:  400.00 (Side area) 
      Cumulative area ratio:   19.72
      Required ratio:    0.00 (Cumulative side area) 

    Layer: via
      Partial area ratio:    0.18
      Required ratio:    6.00 (Gate area) 
      Cumulative area ratio:    0.30
      Required ratio:    0.00 (Cumulative area) 

    Layer: met2
      Partial area ratio:    8.77
      Required ratio:    0.00 (Gate area) 
      Cumulative area ratio:   12.86
      Required ratio:    0.00 (Cumulative area) 
      Partial area ratio:   42.91
      Required ratio:  400.00 (Side area) 
      Cumulative area ratio:   62.62
      Required ratio:    0.00 (Cumulative side area) 

    Layer: via2
      Partial area ratio:    0.32
      Required ratio:    6.00 (Gate area) 
      Cumulative area ratio:    0.62
      Required ratio:    0.00 (Cumulative area) 

    Layer: met3
      Partial area ratio:   22.82
      Required ratio:    0.00 (Gate area) 
      Cumulative area ratio:   35.68
      Required ratio:    0.00 (Cumulative area) 
      Partial area ratio:  124.23
      Required ratio:  400.00 (Side area) 
      Cumulative area ratio:  186.85
      Required ratio:    0.00 (Cumulative side area) 

    Layer: via3
      Partial area ratio:    0.11
      Required ratio:    6.00 (Gate area) 
      Cumulative area ratio:    0.73
      Required ratio:    0.00 (Cumulative area) 

    Layer: met4
      Partial area ratio:   30.73
      Required ratio:    0.00 (Gate area) 
      Cumulative area ratio:   66.41
      Required ratio:    0.00 (Cumulative area) 
      Partial area ratio:  164.73
      Required ratio: 2918.08 (Side area) 
      Cumulative area ratio:  351.58
      Required ratio:    0.00 (Cumulative side area) 


  Pin:   _2747_/A (sky130_fd_sc_hd__or2_2)
    Layer: mcon
      Partial area ratio:    0.23
      Required ratio:    3.00 (Gate area) 
      Cumulative area ratio:    0.23
      Required ratio:    0.00 (Cumulative area) 

    Layer: met1
      Partial area ratio:    3.78
      Required ratio:    0.00 (Gate area) 
      Cumulative area ratio:    3.78
      Required ratio:    0.00 (Cumulative area) 
      Partial area ratio:   17.44
      Required ratio:  400.00 (Side area) 
      Cumulative area ratio:   17.44
      Required ratio:    0.00 (Cumulative side area) 

    Layer: via
      Partial area ratio:    0.36
      Required ratio:    6.00 (Gate area) 
      Cumulative area ratio:    0.59
      Required ratio:    0.00 (Cumulative area) 

    Layer: met2
      Partial area ratio:    9.43
      Required ratio:    0.00 (Gate area) 
      Cumulative area ratio:   13.21
      Required ratio:    0.00 (Cumulative area) 
      Partial area ratio:   45.69
      Required ratio:  400.00 (Side area) 
      Cumulative area ratio:   63.14
      Required ratio:    0.00 (Cumulative side area) 

    Layer: via2
      Partial area ratio:    0.32
      Required ratio:    6.00 (Gate area) 
      Cumulative area ratio:    0.90
      Required ratio:    0.00 (Cumulative area) 

    Layer: met3
      Partial area ratio:   22.82
      Required ratio:    0.00 (Gate area) 
      Cumulative area ratio:   36.03
      Required ratio:    0.00 (Cumulative area) 
      Partial area ratio:  124.23
      Required ratio:  400.00 (Side area) 
      Cumulative area ratio:  187.37
      Required ratio:    0.00 (Cumulative side area) 

    Layer: via3
      Partial area ratio:    0.11
      Required ratio:    6.00 (Gate area) 
      Cumulative area ratio:    1.01
      Required ratio:    0.00 (Cumulative area) 

    Layer: met4
      Partial area ratio:   30.73
      Required ratio:    0.00 (Gate area) 
      Cumulative area ratio:   66.76
      Required ratio:    0.00 (Cumulative area) 
      Partial area ratio:  164.73
      Required ratio: 2918.08 (Side area) 
      Cumulative area ratio:  352.10
      Required ratio:    0.00 (Cumulative side area) 


  Pin:   _3000_/A1 (sky130_fd_sc_hd__o211a_2)
    Layer: mcon
      Partial area ratio:    0.12
      Required ratio:    3.00 (Gate area) 
      Cumulative area ratio:    0.12
      Required ratio:    0.00 (Cumulative area) 

    Layer: met1
      Partial area ratio:    3.09
      Required ratio:    0.00 (Gate area) 
      Cumulative area ratio:    3.09
      Required ratio:    0.00 (Cumulative area) 
      Partial area ratio:   14.70
      Required ratio:  400.00 (Side area) 
      Cumulative area ratio:   14.70
      Required ratio:    0.00 (Cumulative side area) 

    Layer: via
      Partial area ratio:    0.18
      Required ratio:    6.00 (Gate area) 
      Cumulative area ratio:    0.30
      Required ratio:    0.00 (Cumulative area) 

    Layer: met2
      Partial area ratio:    0.75
      Required ratio:    0.00 (Gate area) 
      Cumulative area ratio:    3.84
      Required ratio:    0.00 (Cumulative area) 
      Partial area ratio:    3.48
      Required ratio:  400.00 (Side area) 
      Cumulative area ratio:   18.18
      Required ratio:    0.00 (Cumulative side area) 

    Layer: via2
      Partial area ratio:    0.16
      Required ratio:    6.00 (Gate area) 
      Cumulative area ratio:    0.46
      Required ratio:    0.00 (Cumulative area) 

    Layer: met3
      Partial area ratio:   99.98
      Required ratio:    0.00 (Gate area) 
      Cumulative area ratio:  103.83
      Required ratio:    0.00 (Cumulative area) 
      Partial area ratio:  535.08
      Required ratio:  400.00 (Side area) (VIOLATED)
      Cumulative area ratio:  553.26
      Required ratio:    0.00 (Cumulative side area) 

    Layer: via3
      Partial area ratio:    0.16
      Required ratio:    6.00 (Gate area) 
      Cumulative area ratio:    0.62
      Required ratio:    0.00 (Cumulative area) 

    Layer: met4
      Partial area ratio:   30.73
      Required ratio:    0.00 (Gate area) 
      Cumulative area ratio:  134.55
      Required ratio:    0.00 (Cumulative area) 
      Partial area ratio:  164.73
      Required ratio: 2918.08 (Side area) 
      Cumulative area ratio:  717.99
      Required ratio:    0.00 (Cumulative side area) 


  Pin:   _3108_/A (sky130_fd_sc_hd__or2_2)
    Layer: mcon
      Partial area ratio:    0.23
      Required ratio:    3.00 (Gate area) 
      Cumulative area ratio:    0.23
      Required ratio:    0.00 (Cumulative area) 

    Layer: met1
      Partial area ratio:    6.38
      Required ratio:    0.00 (Gate area) 
      Cumulative area ratio:    6.38
      Required ratio:    0.00 (Cumulative area) 
      Partial area ratio:   30.44
      Required ratio:  400.00 (Side area) 
      Cumulative area ratio:   30.44
      Required ratio:    0.00 (Cumulative side area) 

    Layer: via
      Partial area ratio:    0.36
      Required ratio:    6.00 (Gate area) 
      Cumulative area ratio:    0.59
      Required ratio:    0.00 (Cumulative area) 

    Layer: met2
      Partial area ratio:    1.48
      Required ratio:    0.00 (Gate area) 
      Cumulative area ratio:    7.87
      Required ratio:    0.00 (Cumulative area) 
      Partial area ratio:    6.83
      Required ratio:  400.00 (Side area) 
      Cumulative area ratio:   37.28
      Required ratio:    0.00 (Cumulative side area) 

    Layer: via2
      Partial area ratio:    0.32
      Required ratio:    6.00 (Gate area) 
      Cumulative area ratio:    0.90
      Required ratio:    0.00 (Cumulative area) 

    Layer: met3
      Partial area ratio:   99.98
      Required ratio:    0.00 (Gate area) 
      Cumulative area ratio:  107.85
      Required ratio:    0.00 (Cumulative area) 
      Partial area ratio:  535.08
      Required ratio:  400.00 (Side area) (VIOLATED)
      Cumulative area ratio:  572.36
      Required ratio:    0.00 (Cumulative side area) 

    Layer: via3
      Partial area ratio:    0.16
      Required ratio:    6.00 (Gate area) 
      Cumulative area ratio:    1.06
      Required ratio:    0.00 (Cumulative area) 

    Layer: met4
      Partial area ratio:   30.73
      Required ratio:    0.00 (Gate area) 
      Cumulative area ratio:  138.57
      Required ratio:    0.00 (Cumulative area) 
      Partial area ratio:  164.73
      Required ratio: 2918.08 (Side area) 
      Cumulative area ratio:  737.09
      Required ratio:    0.00 (Cumulative side area) 


  Pin:   fanout722/A (sky130_fd_sc_hd__clkdlybuf4s25_1)
    Layer: mcon
      Partial area ratio:    0.14
      Required ratio:    3.00 (Gate area) 
      Cumulative area ratio:    0.14
      Required ratio:    0.00 (Cumulative area) 

    Layer: met1
      Partial area ratio:    2.37
      Required ratio:    0.00 (Gate area) 
      Cumulative area ratio:    2.37
      Required ratio:    0.00 (Cumulative area) 
      Partial area ratio:   10.97
      Required ratio:  400.00 (Side area) 
      Cumulative area ratio:   10.97
      Required ratio:    0.00 (Cumulative side area) 

    Layer: via
      Partial area ratio:    0.21
      Required ratio:    6.00 (Gate area) 
      Cumulative area ratio:    0.35
      Required ratio:    0.00 (Cumulative area) 

    Layer: met2
      Partial area ratio:    0.88
      Required ratio:    0.00 (Gate area) 
      Cumulative area ratio:    3.24
      Required ratio:    0.00 (Cumulative area) 
      Partial area ratio:    4.04
      Required ratio:  400.00 (Side area) 
      Cumulative area ratio:   15.01
      Required ratio:    0.00 (Cumulative side area) 

    Layer: via2
      Partial area ratio:    0.19
      Required ratio:    6.00 (Gate area) 
      Cumulative area ratio:    0.53
      Required ratio:    0.00 (Cumulative area) 

    Layer: met3
      Partial area ratio:    0.59
      Required ratio:    0.00 (Gate area) 
      Cumulative area ratio:    3.83
      Required ratio:    0.00 (Cumulative area) 
      Partial area ratio:    5.33
      Required ratio:  400.00 (Side area) 
      Cumulative area ratio:   20.34
      Required ratio:    0.00 (Cumulative side area) 

    Layer: via3
      Partial area ratio:    0.19
      Required ratio:    6.00 (Gate area) 
      Cumulative area ratio:    0.72
      Required ratio:    0.00 (Cumulative area) 

    Layer: met4
      Partial area ratio:   30.73
      Required ratio:    0.00 (Gate area) 
      Cumulative area ratio:   34.56
      Required ratio:    0.00 (Cumulative area) 
      Partial area ratio:  164.73
      Required ratio: 2918.08 (Side area) 
      Cumulative area ratio:  185.07
      Required ratio:    0.00 (Cumulative side area) 


  Pin:   fanout728/A (sky130_fd_sc_hd__dlymetal6s2s_1)
    Layer: mcon
      Partial area ratio:    0.23
      Required ratio:    3.00 (Gate area) 
      Cumulative area ratio:    0.23
      Required ratio:    0.00 (Cumulative area) 

    Layer: met1
      Partial area ratio:    5.87
      Required ratio:    0.00 (Gate area) 
      Cumulative area ratio:    5.87
      Required ratio:    0.00 (Cumulative area) 
      Partial area ratio:   27.86
      Required ratio:  400.00 (Side area) 
      Cumulative area ratio:   27.86
      Required ratio:    0.00 (Cumulative side area) 

    Layer: via
      Partial area ratio:    0.36
      Required ratio:    6.00 (Gate area) 
      Cumulative area ratio:    0.59
      Required ratio:    0.00 (Cumulative area) 

    Layer: met2
      Partial area ratio:    9.56
      Required ratio:    0.00 (Gate area) 
      Cumulative area ratio:   15.43
      Required ratio:    0.00 (Cumulative area) 
      Partial area ratio:   45.94
      Required ratio:  400.00 (Side area) 
      Cumulative area ratio:   73.81
      Required ratio:    0.00 (Cumulative side area) 

    Layer: via2
      Partial area ratio:    0.63
      Required ratio:    6.00 (Gate area) 
      Cumulative area ratio:    1.22
      Required ratio:    0.00 (Cumulative area) 

    Layer: met3
      Partial area ratio:   99.98
      Required ratio:    0.00 (Gate area) 
      Cumulative area ratio:  115.41
      Required ratio:    0.00 (Cumulative area) 
      Partial area ratio:  535.08
      Required ratio:  400.00 (Side area) (VIOLATED)
      Cumulative area ratio:  608.88
      Required ratio:    0.00 (Cumulative side area) 

    Layer: via3
      Partial area ratio:    0.16
      Required ratio:    6.00 (Gate area) 
      Cumulative area ratio:    1.38
      Required ratio:    0.00 (Cumulative area) 

    Layer: met4
      Partial area ratio:   30.73
      Required ratio:    0.00 (Gate area) 
      Cumulative area ratio:  146.13
      Required ratio:    0.00 (Cumulative area) 
      Partial area ratio:  164.73
      Required ratio: 2918.08 (Side area) 
      Cumulative area ratio:  773.61
      Required ratio:    0.00 (Cumulative side area) 



Net: net733
  Pin:   _2512_/A1 (sky130_fd_sc_hd__o211a_2)
    Layer: mcon
      Partial area ratio:    0.12
      Required ratio:    3.00 (Gate area) 
      Cumulative area ratio:    0.12
      Required ratio:    0.00 (Cumulative area) 

    Layer: met1
      Partial area ratio:    2.83
      Required ratio:    0.00 (Gate area) 
      Cumulative area ratio:    2.83
      Required ratio:    0.00 (Cumulative area) 
      Partial area ratio:   13.39
      Required ratio:  400.00 (Side area) 
      Cumulative area ratio:   13.39
      Required ratio:    0.00 (Cumulative side area) 

    Layer: via
      Partial area ratio:    0.18
      Required ratio:    6.00 (Gate area) 
      Cumulative area ratio:    0.30
      Required ratio:    0.00 (Cumulative area) 

    Layer: met2
      Partial area ratio:    0.75
      Required ratio:    0.00 (Gate area) 
      Cumulative area ratio:    3.58
      Required ratio:    0.00 (Cumulative area) 
      Partial area ratio:    3.48
      Required ratio:  400.00 (Side area) 
      Cumulative area ratio:   16.87
      Required ratio:    0.00 (Cumulative side area) 

    Layer: via2
      Partial area ratio:    0.16
      Required ratio:    6.00 (Gate area) 
      Cumulative area ratio:    0.46
      Required ratio:    0.00 (Cumulative area) 

    Layer: met3
      Partial area ratio:   36.90
      Required ratio:    0.00 (Gate area) 
      Cumulative area ratio:   40.48
      Required ratio:    0.00 (Cumulative area) 
      Partial area ratio:  198.49
      Required ratio: 2956.40 (Side area) 
      Cumulative area ratio:  215.35
      Required ratio:    0.00 (Cumulative side area) 

    Layer: via3
      Partial area ratio:    0.06
      Required ratio:   38.08 (Gate area) 
      Cumulative area ratio:    0.52
      Required ratio:    0.00 (Cumulative area) 

    Layer: met4
      Partial area ratio:    7.84
      Required ratio:    0.00 (Gate area) 
      Cumulative area ratio:   48.31
      Required ratio:    0.00 (Cumulative area) 
      Partial area ratio:   42.37
      Required ratio: 2956.40 (Side area) 
      Cumulative area ratio:  257.72
      Required ratio:    0.00 (Cumulative side area) 


  Pin:   _2524_/A1 (sky130_fd_sc_hd__o211a_2)
    Layer: mcon
      Partial area ratio:    0.12
      Required ratio:    3.00 (Gate area) 
      Cumulative area ratio:    0.12
      Required ratio:    0.00 (Cumulative area) 

    Layer: met1
      Partial area ratio:    1.89
      Required ratio:    0.00 (Gate area) 
      Cumulative area ratio:    1.89
      Required ratio:    0.00 (Cumulative area) 
      Partial area ratio:    8.70
      Required ratio:  400.00 (Side area) 
      Cumulative area ratio:    8.70
      Required ratio:    0.00 (Cumulative side area) 

    Layer: via
      Partial area ratio:    0.18
      Required ratio:    6.00 (Gate area) 
      Cumulative area ratio:    0.30
      Required ratio:    0.00 (Cumulative area) 

    Layer: met2
      Partial area ratio:   10.49
      Required ratio:    0.00 (Gate area) 
      Cumulative area ratio:   12.38
      Required ratio:    0.00 (Cumulative area) 
      Partial area ratio:   51.72
      Required ratio:  400.00 (Side area) 
      Cumulative area ratio:   60.42
      Required ratio:    0.00 (Cumulative side area) 

    Layer: via2
      Partial area ratio:    0.16
      Required ratio:    6.00 (Gate area) 
      Cumulative area ratio:    0.46
      Required ratio:    0.00 (Cumulative area) 

    Layer: met3
      Partial area ratio:   36.90
      Required ratio:    0.00 (Gate area) 
      Cumulative area ratio:   49.27
      Required ratio:    0.00 (Cumulative area) 
      Partial area ratio:  198.49
      Required ratio: 2956.40 (Side area) 
      Cumulative area ratio:  258.91
      Required ratio:    0.00 (Cumulative side area) 

    Layer: via3
      Partial area ratio:    0.06
      Required ratio:   38.08 (Gate area) 
      Cumulative area ratio:    0.52
      Required ratio:    0.00 (Cumulative area) 

    Layer: met4
      Partial area ratio:    7.84
      Required ratio:    0.00 (Gate area) 
      Cumulative area ratio:   57.11
      Required ratio:    0.00 (Cumulative area) 
      Partial area ratio:   42.37
      Required ratio: 2956.40 (Side area) 
      Cumulative area ratio:  301.28
      Required ratio:    0.00 (Cumulative side area) 


  Pin:   _2791_/A1 (sky130_fd_sc_hd__o211a_2)
    Layer: mcon
      Partial area ratio:    0.12
      Required ratio:    3.00 (Gate area) 
      Cumulative area ratio:    0.12
      Required ratio:    0.00 (Cumulative area) 

    Layer: met1
      Partial area ratio:    0.96
      Required ratio:    0.00 (Gate area) 
      Cumulative area ratio:    0.96
      Required ratio:    0.00 (Cumulative area) 
      Partial area ratio:    3.91
      Required ratio:  400.00 (Side area) 
      Cumulative area ratio:    3.91
      Required ratio:    0.00 (Cumulative side area) 

    Layer: via
      Partial area ratio:    0.18
      Required ratio:    6.00 (Gate area) 
      Cumulative area ratio:    0.30
      Required ratio:    0.00 (Cumulative area) 

    Layer: met2
      Partial area ratio:   12.60
      Required ratio:    0.00 (Gate area) 
      Cumulative area ratio:   13.56
      Required ratio:    0.00 (Cumulative area) 
      Partial area ratio:   62.29
      Required ratio:  400.00 (Side area) 
      Cumulative area ratio:   66.20
      Required ratio:    0.00 (Cumulative side area) 

    Layer: via2
      Partial area ratio:    0.16
      Required ratio:    6.00 (Gate area) 
      Cumulative area ratio:    0.46
      Required ratio:    0.00 (Cumulative area) 

    Layer: met3
      Partial area ratio:   36.90
      Required ratio:    0.00 (Gate area) 
      Cumulative area ratio:   50.46
      Required ratio:    0.00 (Cumulative area) 
      Partial area ratio:  198.49
      Required ratio: 2956.40 (Side area) 
      Cumulative area ratio:  264.69
      Required ratio:    0.00 (Cumulative side area) 

    Layer: via3
      Partial area ratio:    0.06
      Required ratio:   38.08 (Gate area) 
      Cumulative area ratio:    0.52
      Required ratio:    0.00 (Cumulative area) 

    Layer: met4
      Partial area ratio:    7.84
      Required ratio:    0.00 (Gate area) 
      Cumulative area ratio:   58.30
      Required ratio:    0.00 (Cumulative area) 
      Partial area ratio:   42.37
      Required ratio: 2956.40 (Side area) 
      Cumulative area ratio:  307.06
      Required ratio:    0.00 (Cumulative side area) 


  Pin:   _2883_/A (sky130_fd_sc_hd__or2_2)
    Layer: mcon
      Partial area ratio:    0.23
      Required ratio:    3.00 (Gate area) 
      Cumulative area ratio:    0.23
      Required ratio:    0.00 (Cumulative area) 

    Layer: met1
      Partial area ratio:    7.63
      Required ratio:    0.00 (Gate area) 
      Cumulative area ratio:    7.63
      Required ratio:    0.00 (Cumulative area) 
      Partial area ratio:   36.67
      Required ratio:  400.00 (Side area) 
      Cumulative area ratio:   36.67
      Required ratio:    0.00 (Cumulative side area) 

    Layer: via
      Partial area ratio:    0.36
      Required ratio:    6.00 (Gate area) 
      Cumulative area ratio:    0.59
      Required ratio:    0.00 (Cumulative area) 

    Layer: met2
      Partial area ratio:    1.48
      Required ratio:    0.00 (Gate area) 
      Cumulative area ratio:    9.11
      Required ratio:    0.00 (Cumulative area) 
      Partial area ratio:    6.83
      Required ratio:  400.00 (Side area) 
      Cumulative area ratio:   43.50
      Required ratio:    0.00 (Cumulative side area) 

    Layer: via2
      Partial area ratio:    0.32
      Required ratio:    6.00 (Gate area) 
      Cumulative area ratio:    0.90
      Required ratio:    0.00 (Cumulative area) 

    Layer: met3
      Partial area ratio:  132.41
      Required ratio:    0.00 (Gate area) 
      Cumulative area ratio:  141.52
      Required ratio:    0.00 (Cumulative area) 
      Partial area ratio:  709.90
      Required ratio:  400.00 (Side area) (VIOLATED)
      Cumulative area ratio:  753.40
      Required ratio:    0.00 (Cumulative side area) 

    Layer: via3
      Partial area ratio:    0.32
      Required ratio:    6.00 (Gate area) 
      Cumulative area ratio:    1.22
      Required ratio:    0.00 (Cumulative area) 

    Layer: met4
      Partial area ratio:    7.84
      Required ratio:    0.00 (Gate area) 
      Cumulative area ratio:  149.36
      Required ratio:    0.00 (Cumulative area) 
      Partial area ratio:   42.37
      Required ratio: 2956.40 (Side area) 
      Cumulative area ratio:  795.77
      Required ratio:    0.00 (Cumulative side area) 


  Pin:   _2946_/A (sky130_fd_sc_hd__or2_2)
    Layer: mcon
      Partial area ratio:    0.23
      Required ratio:    3.00 (Gate area) 
      Cumulative area ratio:    0.23
      Required ratio:    0.00 (Cumulative area) 

    Layer: met1
      Partial area ratio:   19.40
      Required ratio:    0.00 (Gate area) 
      Cumulative area ratio:   19.40
      Required ratio:    0.00 (Cumulative area) 
      Partial area ratio:   94.67
      Required ratio:  400.00 (Side area) 
      Cumulative area ratio:   94.67
      Required ratio:    0.00 (Cumulative side area) 

    Layer: via
      Partial area ratio:    0.54
      Required ratio:    6.00 (Gate area) 
      Cumulative area ratio:    0.77
      Required ratio:    0.00 (Cumulative area) 

    Layer: met2
      Partial area ratio:    2.30
      Required ratio:    0.00 (Gate area) 
      Cumulative area ratio:   21.70
      Required ratio:    0.00 (Cumulative area) 
      Partial area ratio:   10.44
      Required ratio:  400.00 (Side area) 
      Cumulative area ratio:  105.11
      Required ratio:    0.00 (Cumulative side area) 

    Layer: via2
      Partial area ratio:    0.63
      Required ratio:    6.00 (Gate area) 
      Cumulative area ratio:    1.40
      Required ratio:    0.00 (Cumulative area) 

    Layer: met3
      Partial area ratio:   36.90
      Required ratio:    0.00 (Gate area) 
      Cumulative area ratio:   58.60
      Required ratio:    0.00 (Cumulative area) 
      Partial area ratio:  198.49
      Required ratio: 2956.40 (Side area) 
      Cumulative area ratio:  303.60
      Required ratio:    0.00 (Cumulative side area) 

    Layer: via3
      Partial area ratio:    0.06
      Required ratio:   38.08 (Gate area) 
      Cumulative area ratio:    1.46
      Required ratio:    0.00 (Cumulative area) 

    Layer: met4
      Partial area ratio:    7.84
      Required ratio:    0.00 (Gate area) 
      Cumulative area ratio:   66.43
      Required ratio:    0.00 (Cumulative area) 
      Partial area ratio:   42.37
      Required ratio: 2956.40 (Side area) 
      Cumulative area ratio:  345.97
      Required ratio:    0.00 (Cumulative side area) 


  Pin:   _2954_/A1 (sky130_fd_sc_hd__o211a_2)
    Layer: mcon
      Partial area ratio:    0.12
      Required ratio:    3.00 (Gate area) 
      Cumulative area ratio:    0.12
      Required ratio:    0.00 (Cumulative area) 

    Layer: met1
      Partial area ratio:    5.91
      Required ratio:    0.00 (Gate area) 
      Cumulative area ratio:    5.91
      Required ratio:    0.00 (Cumulative area) 
      Partial area ratio:   28.35
      Required ratio:  400.00 (Side area) 
      Cumulative area ratio:   28.35
      Required ratio:    0.00 (Cumulative side area) 

    Layer: via
      Partial area ratio:    0.27
      Required ratio:    6.00 (Gate area) 
      Cumulative area ratio:    0.39
      Required ratio:    0.00 (Cumulative area) 

    Layer: met2
      Partial area ratio:   13.02
      Required ratio:    0.00 (Gate area) 
      Cumulative area ratio:   18.93
      Required ratio:    0.00 (Cumulative area) 
      Partial area ratio:   64.13
      Required ratio:  400.00 (Side area) 
      Cumulative area ratio:   92.48
      Required ratio:    0.00 (Cumulative side area) 

    Layer: via2
      Partial area ratio:    0.32
      Required ratio:    6.00 (Gate area) 
      Cumulative area ratio:    0.71
      Required ratio:    0.00 (Cumulative area) 

    Layer: met3
      Partial area ratio:   36.90
      Required ratio:    0.00 (Gate area) 
      Cumulative area ratio:   55.83
      Required ratio:    0.00 (Cumulative area) 
      Partial area ratio:  198.49
      Required ratio: 2956.40 (Side area) 
      Cumulative area ratio:  290.97
      Required ratio:    0.00 (Cumulative side area) 

    Layer: via3
      Partial area ratio:    0.06
      Required ratio:   38.08 (Gate area) 
      Cumulative area ratio:    0.77
      Required ratio:    0.00 (Cumulative area) 

    Layer: met4
      Partial area ratio:    7.84
      Required ratio:    0.00 (Gate area) 
      Cumulative area ratio:   63.66
      Required ratio:    0.00 (Cumulative area) 
      Partial area ratio:   42.37
      Required ratio: 2956.40 (Side area) 
      Cumulative area ratio:  333.34
      Required ratio:    0.00 (Cumulative side area) 


  Pin:   _3058_/A (sky130_fd_sc_hd__or2_2)
    Layer: mcon
      Partial area ratio:    0.23
      Required ratio:    3.00 (Gate area) 
      Cumulative area ratio:    0.23
      Required ratio:    0.00 (Cumulative area) 

    Layer: met1
      Partial area ratio:    5.14
      Required ratio:    0.00 (Gate area) 
      Cumulative area ratio:    5.14
      Required ratio:    0.00 (Cumulative area) 
      Partial area ratio:   24.22
      Required ratio:  400.00 (Side area) 
      Cumulative area ratio:   24.22
      Required ratio:    0.00 (Cumulative side area) 

    Layer: via
      Partial area ratio:    0.36
      Required ratio:    6.00 (Gate area) 
      Cumulative area ratio:    0.59
      Required ratio:    0.00 (Cumulative area) 

    Layer: met2
      Partial area ratio:    1.48
      Required ratio:    0.00 (Gate area) 
      Cumulative area ratio:    6.62
      Required ratio:    0.00 (Cumulative area) 
      Partial area ratio:    6.83
      Required ratio:  400.00 (Side area) 
      Cumulative area ratio:   31.06
      Required ratio:    0.00 (Cumulative side area) 

    Layer: via2
      Partial area ratio:    0.32
      Required ratio:    6.00 (Gate area) 
      Cumulative area ratio:    0.90
      Required ratio:    0.00 (Cumulative area) 

    Layer: met3
      Partial area ratio:   17.41
      Required ratio:    0.00 (Gate area) 
      Cumulative area ratio:   24.03
      Required ratio:    0.00 (Cumulative area) 
      Partial area ratio:   96.57
      Required ratio:  400.00 (Side area) 
      Cumulative area ratio:  127.63
      Required ratio:    0.00 (Cumulative side area) 

    Layer: via3
      Partial area ratio:    0.32
      Required ratio:    6.00 (Gate area) 
      Cumulative area ratio:    1.22
      Required ratio:    0.00 (Cumulative area) 

    Layer: met4
      Partial area ratio:    7.84
      Required ratio:    0.00 (Gate area) 
      Cumulative area ratio:   31.87
      Required ratio:    0.00 (Cumulative area) 
      Partial area ratio:   42.37
      Required ratio: 2956.40 (Side area) 
      Cumulative area ratio:  170.00
      Required ratio:    0.00 (Cumulative side area) 


  Pin:   _3066_/A1 (sky130_fd_sc_hd__o211a_2)
    Layer: mcon
      Partial area ratio:    0.12
      Required ratio:    3.00 (Gate area) 
      Cumulative area ratio:    0.12
      Required ratio:    0.00 (Cumulative area) 

    Layer: met1
      Partial area ratio:   17.17
      Required ratio:    0.00 (Gate area) 
      Cumulative area ratio:   17.17
      Required ratio:    0.00 (Cumulative area) 
      Partial area ratio:   85.11
      Required ratio:  400.00 (Side area) 
      Cumulative area ratio:   85.11
      Required ratio:    0.00 (Cumulative side area) 

    Layer: via
      Partial area ratio:    0.18
      Required ratio:    6.00 (Gate area) 
      Cumulative area ratio:    0.30
      Required ratio:    0.00 (Cumulative area) 

    Layer: met2
      Partial area ratio:   10.49
      Required ratio:    0.00 (Gate area) 
      Cumulative area ratio:   27.66
      Required ratio:    0.00 (Cumulative area) 
      Partial area ratio:   51.72
      Required ratio:  400.00 (Side area) 
      Cumulative area ratio:  136.83
      Required ratio:    0.00 (Cumulative side area) 

    Layer: via2
      Partial area ratio:    0.16
      Required ratio:    6.00 (Gate area) 
      Cumulative area ratio:    0.46
      Required ratio:    0.00 (Cumulative area) 

    Layer: met3
      Partial area ratio:   36.90
      Required ratio:    0.00 (Gate area) 
      Cumulative area ratio:   64.55
      Required ratio:    0.00 (Cumulative area) 
      Partial area ratio:  198.49
      Required ratio: 2956.40 (Side area) 
      Cumulative area ratio:  335.32
      Required ratio:    0.00 (Cumulative side area) 

    Layer: via3
      Partial area ratio:    0.06
      Required ratio:   38.08 (Gate area) 
      Cumulative area ratio:    0.52
      Required ratio:    0.00 (Cumulative area) 

    Layer: met4
      Partial area ratio:    7.84
      Required ratio:    0.00 (Gate area) 
      Cumulative area ratio:   72.39
      Required ratio:    0.00 (Cumulative area) 
      Partial area ratio:   42.37
      Required ratio: 2956.40 (Side area) 
      Cumulative area ratio:  377.69
      Required ratio:    0.00 (Cumulative side area) 



Net: net765
  Pin:   fanout752/A (sky130_fd_sc_hd__dlymetal6s4s_1)
    Layer: mcon
      Partial area ratio:    0.23
      Required ratio:    3.00 (Gate area) 
      Cumulative area ratio:    0.23
      Required ratio:    0.00 (Cumulative area) 

    Layer: met1
      Partial area ratio:    3.35
      Required ratio:    0.00 (Gate area) 
      Cumulative area ratio:    3.35
      Required ratio:    0.00 (Cumulative area) 
      Partial area ratio:   15.30
      Required ratio:  400.00 (Side area) 
      Cumulative area ratio:   15.30
      Required ratio:    0.00 (Cumulative side area) 

    Layer: via
      Partial area ratio:    0.36
      Required ratio:    6.00 (Gate area) 
      Cumulative area ratio:    0.59
      Required ratio:    0.00 (Cumulative area) 

    Layer: met2
      Partial area ratio:   17.23
      Required ratio:    0.00 (Gate area) 
      Cumulative area ratio:   20.58
      Required ratio:    0.00 (Cumulative area) 
      Partial area ratio:   84.28
      Required ratio:  400.00 (Side area) 
      Cumulative area ratio:   99.58
      Required ratio:    0.00 (Cumulative side area) 

    Layer: via2
      Partial area ratio:    0.63
      Required ratio:    6.00 (Gate area) 
      Cumulative area ratio:    1.22
      Required ratio:    0.00 (Cumulative area) 

    Layer: met3
      Partial area ratio:  147.69
      Required ratio:    0.00 (Gate area) 
      Cumulative area ratio:  168.27
      Required ratio:    0.00 (Cumulative area) 
      Partial area ratio:  791.79
      Required ratio:  400.00 (Side area) (VIOLATED)
      Cumulative area ratio:  891.37
      Required ratio:    0.00 (Cumulative side area) 

    Layer: via3
      Partial area ratio:    0.47
      Required ratio:    6.00 (Gate area) 
      Cumulative area ratio:    1.69
      Required ratio:    0.00 (Cumulative area) 

    Layer: met4
      Partial area ratio:   36.28
      Required ratio:    0.00 (Gate area) 
      Cumulative area ratio:  204.55
      Required ratio:    0.00 (Cumulative area) 
      Partial area ratio:  195.27
      Required ratio: 2753.36 (Side area) 
      Cumulative area ratio: 1086.63
      Required ratio:    0.00 (Cumulative side area) 


  Pin:   fanout754/A (sky130_fd_sc_hd__clkdlybuf4s25_1)
    Layer: mcon
      Partial area ratio:    0.14
      Required ratio:    3.00 (Gate area) 
      Cumulative area ratio:    0.14
      Required ratio:    0.00 (Cumulative area) 

    Layer: met1
      Partial area ratio:    2.54
      Required ratio:    0.00 (Gate area) 
      Cumulative area ratio:    2.54
      Required ratio:    0.00 (Cumulative area) 
      Partial area ratio:   11.82
      Required ratio:  400.00 (Side area) 
      Cumulative area ratio:   11.82
      Required ratio:    0.00 (Cumulative side area) 

    Layer: via
      Partial area ratio:    0.21
      Required ratio:    6.00 (Gate area) 
      Cumulative area ratio:    0.35
      Required ratio:    0.00 (Cumulative area) 

    Layer: met2
      Partial area ratio:    0.88
      Required ratio:    0.00 (Gate area) 
      Cumulative area ratio:    3.42
      Required ratio:    0.00 (Cumulative area) 
      Partial area ratio:    4.04
      Required ratio:  400.00 (Side area) 
      Cumulative area ratio:   15.86
      Required ratio:    0.00 (Cumulative side area) 

    Layer: via2
      Partial area ratio:    0.19
      Required ratio:    6.00 (Gate area) 
      Cumulative area ratio:    0.53
      Required ratio:    0.00 (Cumulative area) 

    Layer: met3
      Partial area ratio:   29.74
      Required ratio:    0.00 (Gate area) 
      Cumulative area ratio:   33.15
      Required ratio:    0.00 (Cumulative area) 
      Partial area ratio:  160.79
      Required ratio:  400.00 (Side area) 
      Cumulative area ratio:  176.65
      Required ratio:    0.00 (Cumulative side area) 

    Layer: via3
      Partial area ratio:    0.19
      Required ratio:    6.00 (Gate area) 
      Cumulative area ratio:    0.72
      Required ratio:    0.00 (Cumulative area) 

    Layer: met4
      Partial area ratio:   36.28
      Required ratio:    0.00 (Gate area) 
      Cumulative area ratio:   69.44
      Required ratio:    0.00 (Cumulative area) 
      Partial area ratio:  195.27
      Required ratio: 2753.36 (Side area) 
      Cumulative area ratio:  371.92
      Required ratio:    0.00 (Cumulative side area) 


  Pin:   fanout755/A (sky130_fd_sc_hd__clkdlybuf4s25_1)
    Layer: mcon
      Partial area ratio:    0.14
      Required ratio:    3.00 (Gate area) 
      Cumulative area ratio:    0.14
      Required ratio:    0.00 (Cumulative area) 

    Layer: met1
      Partial area ratio:    2.72
      Required ratio:    0.00 (Gate area) 
      Cumulative area ratio:    2.72
      Required ratio:    0.00 (Cumulative area) 
      Partial area ratio:   12.71
      Required ratio:  400.00 (Side area) 
      Cumulative area ratio:   12.71
      Required ratio:    0.00 (Cumulative side area) 

    Layer: via
      Partial area ratio:    0.21
      Required ratio:    6.00 (Gate area) 
      Cumulative area ratio:    0.35
      Required ratio:    0.00 (Cumulative area) 

    Layer: met2
      Partial area ratio:   10.29
      Required ratio:    0.00 (Gate area) 
      Cumulative area ratio:   13.01
      Required ratio:    0.00 (Cumulative area) 
      Partial area ratio:   50.10
      Required ratio: 2753.36 (Side area) 
      Cumulative area ratio:   62.81
      Required ratio:    0.00 (Cumulative side area) 

    Layer: via2
      Partial area ratio:    0.19
      Required ratio:   19.80 (Gate area) 
      Cumulative area ratio:    0.53
      Required ratio:    0.00 (Cumulative area) 

    Layer: met3
      Partial area ratio:   58.61
      Required ratio:    0.00 (Gate area) 
      Cumulative area ratio:   71.61
      Required ratio:    0.00 (Cumulative area) 
      Partial area ratio:  313.65
      Required ratio: 2753.36 (Side area) 
      Cumulative area ratio:  376.46
      Required ratio:    0.00 (Cumulative side area) 

    Layer: via3
      Partial area ratio:    0.09
      Required ratio:   19.80 (Gate area) 
      Cumulative area ratio:    0.63
      Required ratio:    0.00 (Cumulative area) 

    Layer: met4
      Partial area ratio:   36.28
      Required ratio:    0.00 (Gate area) 
      Cumulative area ratio:  107.90
      Required ratio:    0.00 (Cumulative area) 
      Partial area ratio:  195.27
      Required ratio: 2753.36 (Side area) 
      Cumulative area ratio:  571.73
      Required ratio:    0.00 (Cumulative side area) 


  Pin:   fanout757/A (sky130_fd_sc_hd__clkdlybuf4s25_1)
    Layer: mcon
      Partial area ratio:    0.14
      Required ratio:    3.00 (Gate area) 
      Cumulative area ratio:    0.14
      Required ratio:    0.00 (Cumulative area) 

    Layer: met1
      Partial area ratio:    3.16
      Required ratio:    0.00 (Gate area) 
      Cumulative area ratio:    3.16
      Required ratio:    0.00 (Cumulative area) 
      Partial area ratio:   14.93
      Required ratio:  400.00 (Side area) 
      Cumulative area ratio:   14.93
      Required ratio:    0.00 (Cumulative side area) 

    Layer: via
      Partial area ratio:    0.21
      Required ratio:    6.00 (Gate area) 
      Cumulative area ratio:    0.35
      Required ratio:    0.00 (Cumulative area) 

    Layer: met2
      Partial area ratio:    0.88
      Required ratio:    0.00 (Gate area) 
      Cumulative area ratio:    4.04
      Required ratio:    0.00 (Cumulative area) 
      Partial area ratio:    4.04
      Required ratio:  400.00 (Side area) 
      Cumulative area ratio:   18.97
      Required ratio:    0.00 (Cumulative side area) 

    Layer: via2
      Partial area ratio:    0.19
      Required ratio:    6.00 (Gate area) 
      Cumulative area ratio:    0.53
      Required ratio:    0.00 (Cumulative area) 

    Layer: met3
      Partial area ratio:   58.61
      Required ratio:    0.00 (Gate area) 
      Cumulative area ratio:   62.64
      Required ratio:    0.00 (Cumulative area) 
      Partial area ratio:  313.65
      Required ratio: 2753.36 (Side area) 
      Cumulative area ratio:  332.62
      Required ratio:    0.00 (Cumulative side area) 

    Layer: via3
      Partial area ratio:    0.09
      Required ratio:   19.80 (Gate area) 
      Cumulative area ratio:    0.63
      Required ratio:    0.00 (Cumulative area) 

    Layer: met4
      Partial area ratio:   36.28
      Required ratio:    0.00 (Gate area) 
      Cumulative area ratio:   98.93
      Required ratio:    0.00 (Cumulative area) 
      Partial area ratio:  195.27
      Required ratio: 2753.36 (Side area) 
      Cumulative area ratio:  527.89
      Required ratio:    0.00 (Cumulative side area) 


  Pin:   fanout759/A (sky130_fd_sc_hd__clkdlybuf4s25_1)
    Layer: mcon
      Partial area ratio:    0.14
      Required ratio:    3.00 (Gate area) 
      Cumulative area ratio:    0.14
      Required ratio:    0.00 (Cumulative area) 

    Layer: met1
      Partial area ratio:    3.14
      Required ratio:    0.00 (Gate area) 
      Cumulative area ratio:    3.14
      Required ratio:    0.00 (Cumulative area) 
      Partial area ratio:   14.85
      Required ratio:  400.00 (Side area) 
      Cumulative area ratio:   14.85
      Required ratio:    0.00 (Cumulative side area) 

    Layer: via
      Partial area ratio:    0.21
      Required ratio:    6.00 (Gate area) 
      Cumulative area ratio:    0.35
      Required ratio:    0.00 (Cumulative area) 

    Layer: met2
      Partial area ratio:    5.66
      Required ratio:    0.00 (Gate area) 
      Cumulative area ratio:    8.80
      Required ratio:    0.00 (Cumulative area) 
      Partial area ratio:   27.18
      Required ratio:  400.00 (Side area) 
      Cumulative area ratio:   42.03
      Required ratio:    0.00 (Cumulative side area) 

    Layer: via2
      Partial area ratio:    0.38
      Required ratio:    6.00 (Gate area) 
      Cumulative area ratio:    0.72
      Required ratio:    0.00 (Cumulative area) 

    Layer: met3
      Partial area ratio:  147.69
      Required ratio:    0.00 (Gate area) 
      Cumulative area ratio:  156.49
      Required ratio:    0.00 (Cumulative area) 
      Partial area ratio:  791.79
      Required ratio:  400.00 (Side area) (VIOLATED)
      Cumulative area ratio:  833.81
      Required ratio:    0.00 (Cumulative side area) 

    Layer: via3
      Partial area ratio:    0.47
      Required ratio:    6.00 (Gate area) 
      Cumulative area ratio:    1.19
      Required ratio:    0.00 (Cumulative area) 

    Layer: met4
      Partial area ratio:   36.28
      Required ratio:    0.00 (Gate area) 
      Cumulative area ratio:  192.77
      Required ratio:    0.00 (Cumulative area) 
      Partial area ratio:  195.27
      Required ratio: 2753.36 (Side area) 
      Cumulative area ratio: 1029.08
      Required ratio:    0.00 (Cumulative side area) 


  Pin:   fanout761/A (sky130_fd_sc_hd__clkdlybuf4s25_1)
    Layer: mcon
      Partial area ratio:    0.14
      Required ratio:    3.00 (Gate area) 
      Cumulative area ratio:    0.14
      Required ratio:    0.00 (Cumulative area) 

    Layer: met1
      Partial area ratio:    3.77
      Required ratio:    0.00 (Gate area) 
      Cumulative area ratio:    3.77
      Required ratio:    0.00 (Cumulative area) 
      Partial area ratio:   17.97
      Required ratio:  400.00 (Side area) 
      Cumulative area ratio:   17.97
      Required ratio:    0.00 (Cumulative side area) 

    Layer: via
      Partial area ratio:    0.21
      Required ratio:    6.00 (Gate area) 
      Cumulative area ratio:    0.35
      Required ratio:    0.00 (Cumulative area) 

    Layer: met2
      Partial area ratio:    0.88
      Required ratio:    0.00 (Gate area) 
      Cumulative area ratio:    4.65
      Required ratio:    0.00 (Cumulative area) 
      Partial area ratio:    4.04
      Required ratio:  400.00 (Side area) 
      Cumulative area ratio:   22.01
      Required ratio:    0.00 (Cumulative side area) 

    Layer: via2
      Partial area ratio:    0.19
      Required ratio:    6.00 (Gate area) 
      Cumulative area ratio:    0.53
      Required ratio:    0.00 (Cumulative area) 

    Layer: met3
      Partial area ratio:   49.17
      Required ratio:    0.00 (Gate area) 
      Cumulative area ratio:   53.82
      Required ratio:    0.00 (Cumulative area) 
      Partial area ratio:  264.45
      Required ratio:  400.00 (Side area) 
      Cumulative area ratio:  286.46
      Required ratio:    0.00 (Cumulative side area) 

    Layer: via3
      Partial area ratio:    0.19
      Required ratio:    6.00 (Gate area) 
      Cumulative area ratio:    0.72
      Required ratio:    0.00 (Cumulative area) 

    Layer: met4
      Partial area ratio:   36.28
      Required ratio:    0.00 (Gate area) 
      Cumulative area ratio:   90.10
      Required ratio:    0.00 (Cumulative area) 
      Partial area ratio:  195.27
      Required ratio: 2753.36 (Side area) 
      Cumulative area ratio:  481.73
      Required ratio:    0.00 (Cumulative side area) 


  Pin:   fanout762/A (sky130_fd_sc_hd__clkdlybuf4s25_1)
    Layer: mcon
      Partial area ratio:    0.14
      Required ratio:    3.00 (Gate area) 
      Cumulative area ratio:    0.14
      Required ratio:    0.00 (Cumulative area) 

    Layer: met1
      Partial area ratio:    4.30
      Required ratio:    0.00 (Gate area) 
      Cumulative area ratio:    4.30
      Required ratio:    0.00 (Cumulative area) 
      Partial area ratio:   20.62
      Required ratio:  400.00 (Side area) 
      Cumulative area ratio:   20.62
      Required ratio:    0.00 (Cumulative side area) 

    Layer: via
      Partial area ratio:    0.21
      Required ratio:    6.00 (Gate area) 
      Cumulative area ratio:    0.35
      Required ratio:    0.00 (Cumulative area) 

    Layer: met2
      Partial area ratio:    0.88
      Required ratio:    0.00 (Gate area) 
      Cumulative area ratio:    5.17
      Required ratio:    0.00 (Cumulative area) 
      Partial area ratio:    4.04
      Required ratio:  400.00 (Side area) 
      Cumulative area ratio:   24.66
      Required ratio:    0.00 (Cumulative side area) 

    Layer: via2
      Partial area ratio:    0.19
      Required ratio:    6.00 (Gate area) 
      Cumulative area ratio:    0.53
      Required ratio:    0.00 (Cumulative area) 

    Layer: met3
      Partial area ratio:   24.89
      Required ratio:    0.00 (Gate area) 
      Cumulative area ratio:   30.07
      Required ratio:    0.00 (Cumulative area) 
      Partial area ratio:  134.95
      Required ratio:  400.00 (Side area) 
      Cumulative area ratio:  159.61
      Required ratio:    0.00 (Cumulative side area) 

    Layer: via3
      Partial area ratio:    0.09
      Required ratio:    6.00 (Gate area) 
      Cumulative area ratio:    0.63
      Required ratio:    0.00 (Cumulative area) 

    Layer: met4
      Partial area ratio:   36.28
      Required ratio:    0.00 (Gate area) 
      Cumulative area ratio:   66.35
      Required ratio:    0.00 (Cumulative area) 
      Partial area ratio:  195.27
      Required ratio: 2753.36 (Side area) 
      Cumulative area ratio:  354.87
      Required ratio:    0.00 (Cumulative side area) 


  Pin:   fanout764/A (sky130_fd_sc_hd__clkdlybuf4s25_1)
    Layer: mcon
      Partial area ratio:    0.14
      Required ratio:    3.00 (Gate area) 
      Cumulative area ratio:    0.14
      Required ratio:    0.00 (Cumulative area) 

    Layer: met1
      Partial area ratio:    2.79
      Required ratio:    0.00 (Gate area) 
      Cumulative area ratio:    2.79
      Required ratio:    0.00 (Cumulative area) 
      Partial area ratio:   13.07
      Required ratio:  400.00 (Side area) 
      Cumulative area ratio:   13.07
      Required ratio:    0.00 (Cumulative side area) 

    Layer: via
      Partial area ratio:    0.21
      Required ratio:    6.00 (Gate area) 
      Cumulative area ratio:    0.35
      Required ratio:    0.00 (Cumulative area) 

    Layer: met2
      Partial area ratio:    5.98
      Required ratio:    0.00 (Gate area) 
      Cumulative area ratio:    8.77
      Required ratio:    0.00 (Cumulative area) 
      Partial area ratio:   29.02
      Required ratio:  400.00 (Side area) 
      Cumulative area ratio:   42.09
      Required ratio:    0.00 (Cumulative side area) 

    Layer: via2
      Partial area ratio:    0.19
      Required ratio:    6.00 (Gate area) 
      Cumulative area ratio:    0.53
      Required ratio:    0.00 (Cumulative area) 

    Layer: met3
      Partial area ratio:   24.89
      Required ratio:    0.00 (Gate area) 
      Cumulative area ratio:   33.66
      Required ratio:    0.00 (Cumulative area) 
      Partial area ratio:  134.95
      Required ratio:  400.00 (Side area) 
      Cumulative area ratio:  177.04
      Required ratio:    0.00 (Cumulative side area) 

    Layer: via3
      Partial area ratio:    0.09
      Required ratio:    6.00 (Gate area) 
      Cumulative area ratio:    0.63
      Required ratio:    0.00 (Cumulative area) 

    Layer: met4
      Partial area ratio:   36.28
      Required ratio:    0.00 (Gate area) 
      Cumulative area ratio:   69.95
      Required ratio:    0.00 (Cumulative area) 
      Partial area ratio:  195.27
      Required ratio: 2753.36 (Side area) 
      Cumulative area ratio:  372.30
      Required ratio:    0.00 (Cumulative side area) 



Net: net822
  Pin:   fanout785/A (sky130_fd_sc_hd__clkdlybuf4s25_1)
    Layer: mcon
      Partial area ratio:    0.14
      Required ratio:    3.00 (Gate area) 
      Cumulative area ratio:    0.14
      Required ratio:    0.00 (Cumulative area) 

    Layer: met1
      Partial area ratio:    3.19
      Required ratio:    0.00 (Gate area) 
      Cumulative area ratio:    3.19
      Required ratio:    0.00 (Cumulative area) 
      Partial area ratio:   15.06
      Required ratio:  400.00 (Side area) 
      Cumulative area ratio:   15.06
      Required ratio:    0.00 (Cumulative side area) 

    Layer: via
      Partial area ratio:    0.21
      Required ratio:    6.00 (Gate area) 
      Cumulative area ratio:    0.35
      Required ratio:    0.00 (Cumulative area) 

    Layer: met2
      Partial area ratio:    5.58
      Required ratio:    0.00 (Gate area) 
      Cumulative area ratio:    8.76
      Required ratio:    0.00 (Cumulative area) 
      Partial area ratio:   27.03
      Required ratio:  400.00 (Side area) 
      Cumulative area ratio:   42.09
      Required ratio:    0.00 (Cumulative side area) 

    Layer: via2
      Partial area ratio:    0.19
      Required ratio:    6.00 (Gate area) 
      Cumulative area ratio:    0.53
      Required ratio:    0.00 (Cumulative area) 

    Layer: met3
      Partial area ratio:   88.05
      Required ratio:    0.00 (Gate area) 
      Cumulative area ratio:   96.81
      Required ratio:    0.00 (Cumulative area) 
      Partial area ratio:  471.77
      Required ratio:  400.00 (Side area) (VIOLATED)
      Cumulative area ratio:  513.86
      Required ratio:    0.00 (Cumulative side area) 

    Layer: via3
      Partial area ratio:    0.19
      Required ratio:    6.00 (Gate area) 
      Cumulative area ratio:    0.72
      Required ratio:    0.00 (Cumulative area) 

    Layer: met4
      Partial area ratio:   39.73
      Required ratio:    0.00 (Gate area) 
      Cumulative area ratio:  136.54
      Required ratio:    0.00 (Cumulative area) 
      Partial area ratio:  207.72
      Required ratio:  400.00 (Side area) 
      Cumulative area ratio:  721.58
      Required ratio:    0.00 (Cumulative side area) 

    Layer: via4
      Partial area ratio:    0.84
      Required ratio:    6.00 (Gate area) 
      Cumulative area ratio:    1.56
      Required ratio:    0.00 (Cumulative area) 

    Layer: met5
      Partial area ratio:  250.96
      Required ratio:    0.00 (Gate area) 
      Cumulative area ratio:  387.50
      Required ratio:    0.00 (Cumulative area) 
      Partial area ratio:  380.37
      Required ratio: 3134.60 (Side area) 
      Cumulative area ratio: 1101.95
      Required ratio:    0.00 (Cumulative side area) 


  Pin:   fanout790/A (sky130_fd_sc_hd__clkbuf_2)
    Layer: mcon
      Partial area ratio:    0.14
      Required ratio:    3.00 (Gate area) 
      Cumulative area ratio:    0.14
      Required ratio:    0.00 (Cumulative area) 

    Layer: met1
      Partial area ratio:    4.63
      Required ratio:    0.00 (Gate area) 
      Cumulative area ratio:    4.63
      Required ratio:    0.00 (Cumulative area) 
      Partial area ratio:   22.30
      Required ratio:  400.00 (Side area) 
      Cumulative area ratio:   22.30
      Required ratio:    0.00 (Cumulative side area) 

    Layer: via
      Partial area ratio:    0.21
      Required ratio:    6.00 (Gate area) 
      Cumulative area ratio:    0.35
      Required ratio:    0.00 (Cumulative area) 

    Layer: met2
      Partial area ratio:    0.88
      Required ratio:    0.00 (Gate area) 
      Cumulative area ratio:    5.51
      Required ratio:    0.00 (Cumulative area) 
      Partial area ratio:    4.04
      Required ratio:  400.00 (Side area) 
      Cumulative area ratio:   26.34
      Required ratio:    0.00 (Cumulative side area) 

    Layer: via2
      Partial area ratio:    0.19
      Required ratio:    6.00 (Gate area) 
      Cumulative area ratio:    0.53
      Required ratio:    0.00 (Cumulative area) 

    Layer: met3
      Partial area ratio:    0.59
      Required ratio:    0.00 (Gate area) 
      Cumulative area ratio:    6.10
      Required ratio:    0.00 (Cumulative area) 
      Partial area ratio:    5.33
      Required ratio:  400.00 (Side area) 
      Cumulative area ratio:   31.67
      Required ratio:    0.00 (Cumulative side area) 

    Layer: via3
      Partial area ratio:    0.19
      Required ratio:    6.00 (Gate area) 
      Cumulative area ratio:    0.72
      Required ratio:    0.00 (Cumulative area) 

    Layer: met4
      Partial area ratio:   39.73
      Required ratio:    0.00 (Gate area) 
      Cumulative area ratio:   45.83
      Required ratio:    0.00 (Cumulative area) 
      Partial area ratio:  207.72
      Required ratio:  400.00 (Side area) 
      Cumulative area ratio:  239.39
      Required ratio:    0.00 (Cumulative side area) 

    Layer: via4
      Partial area ratio:    0.84
      Required ratio:    6.00 (Gate area) 
      Cumulative area ratio:    1.56
      Required ratio:    0.00 (Cumulative area) 

    Layer: met5
      Partial area ratio:  250.96
      Required ratio:    0.00 (Gate area) 
      Cumulative area ratio:  296.79
      Required ratio:    0.00 (Cumulative area) 
      Partial area ratio:  380.37
      Required ratio: 3134.60 (Side area) 
      Cumulative area ratio:  619.76
      Required ratio:    0.00 (Cumulative side area) 


  Pin:   fanout795/A (sky130_fd_sc_hd__dlymetal6s2s_1)
    Layer: mcon
      Partial area ratio:    0.23
      Required ratio:    3.00 (Gate area) 
      Cumulative area ratio:    0.23
      Required ratio:    0.00 (Cumulative area) 

    Layer: met1
      Partial area ratio:    3.71
      Required ratio:    0.00 (Gate area) 
      Cumulative area ratio:    3.71
      Required ratio:    0.00 (Cumulative area) 
      Partial area ratio:   17.08
      Required ratio:  400.00 (Side area) 
      Cumulative area ratio:   17.08
      Required ratio:    0.00 (Cumulative side area) 

    Layer: via
      Partial area ratio:    0.36
      Required ratio:    6.00 (Gate area) 
      Cumulative area ratio:    0.59
      Required ratio:    0.00 (Cumulative area) 

    Layer: met2
      Partial area ratio:    1.48
      Required ratio:    0.00 (Gate area) 
      Cumulative area ratio:    5.19
      Required ratio:    0.00 (Cumulative area) 
      Partial area ratio:    6.83
      Required ratio:  400.00 (Side area) 
      Cumulative area ratio:   23.92
      Required ratio:    0.00 (Cumulative side area) 

    Layer: via2
      Partial area ratio:    0.32
      Required ratio:    6.00 (Gate area) 
      Cumulative area ratio:    0.90
      Required ratio:    0.00 (Cumulative area) 

    Layer: met3
      Partial area ratio:  148.84
      Required ratio:    0.00 (Gate area) 
      Cumulative area ratio:  154.03
      Required ratio:    0.00 (Cumulative area) 
      Partial area ratio:  797.52
      Required ratio:  400.00 (Side area) (VIOLATED)
      Cumulative area ratio:  821.44
      Required ratio:    0.00 (Cumulative side area) 

    Layer: via3
      Partial area ratio:    0.32
      Required ratio:    6.00 (Gate area) 
      Cumulative area ratio:    1.22
      Required ratio:    0.00 (Cumulative area) 

    Layer: met4
      Partial area ratio:   39.73
      Required ratio:    0.00 (Gate area) 
      Cumulative area ratio:  193.76
      Required ratio:    0.00 (Cumulative area) 
      Partial area ratio:  207.72
      Required ratio:  400.00 (Side area) 
      Cumulative area ratio: 1029.16
      Required ratio:    0.00 (Cumulative side area) 

    Layer: via4
      Partial area ratio:    0.84
      Required ratio:    6.00 (Gate area) 
      Cumulative area ratio:    2.06
      Required ratio:    0.00 (Cumulative area) 

    Layer: met5
      Partial area ratio:  250.96
      Required ratio:    0.00 (Gate area) 
      Cumulative area ratio:  444.73
      Required ratio:    0.00 (Cumulative area) 
      Partial area ratio:  380.37
      Required ratio: 3134.60 (Side area) 
      Cumulative area ratio: 1409.53
      Required ratio:    0.00 (Cumulative side area) 


  Pin:   fanout800/A (sky130_fd_sc_hd__clkbuf_2)
    Layer: mcon
      Partial area ratio:    0.14
      Required ratio:    3.00 (Gate area) 
      Cumulative area ratio:    0.14
      Required ratio:    0.00 (Cumulative area) 

    Layer: met1
      Partial area ratio:    3.32
      Required ratio:    0.00 (Gate area) 
      Cumulative area ratio:    3.32
      Required ratio:    0.00 (Cumulative area) 
      Partial area ratio:   15.73
      Required ratio:  400.00 (Side area) 
      Cumulative area ratio:   15.73
      Required ratio:    0.00 (Cumulative side area) 

    Layer: via
      Partial area ratio:    0.21
      Required ratio:    6.00 (Gate area) 
      Cumulative area ratio:    0.35
      Required ratio:    0.00 (Cumulative area) 

    Layer: met2
      Partial area ratio:    0.88
      Required ratio:    0.00 (Gate area) 
      Cumulative area ratio:    4.20
      Required ratio:    0.00 (Cumulative area) 
      Partial area ratio:    4.04
      Required ratio:  400.00 (Side area) 
      Cumulative area ratio:   19.77
      Required ratio:    0.00 (Cumulative side area) 

    Layer: via2
      Partial area ratio:    0.19
      Required ratio:    6.00 (Gate area) 
      Cumulative area ratio:    0.53
      Required ratio:    0.00 (Cumulative area) 

    Layer: met3
      Partial area ratio:    0.59
      Required ratio:    0.00 (Gate area) 
      Cumulative area ratio:    4.78
      Required ratio:    0.00 (Cumulative area) 
      Partial area ratio:    5.33
      Required ratio:  400.00 (Side area) 
      Cumulative area ratio:   25.10
      Required ratio:    0.00 (Cumulative side area) 

    Layer: via3
      Partial area ratio:    0.19
      Required ratio:    6.00 (Gate area) 
      Cumulative area ratio:    0.72
      Required ratio:    0.00 (Cumulative area) 

    Layer: met4
      Partial area ratio:   39.73
      Required ratio:    0.00 (Gate area) 
      Cumulative area ratio:   44.51
      Required ratio:    0.00 (Cumulative area) 
      Partial area ratio:  207.72
      Required ratio:  400.00 (Side area) 
      Cumulative area ratio:  232.82
      Required ratio:    0.00 (Cumulative side area) 

    Layer: via4
      Partial area ratio:    0.84
      Required ratio:    6.00 (Gate area) 
      Cumulative area ratio:    1.56
      Required ratio:    0.00 (Cumulative area) 

    Layer: met5
      Partial area ratio:  250.96
      Required ratio:    0.00 (Gate area) 
      Cumulative area ratio:  295.47
      Required ratio:    0.00 (Cumulative area) 
      Partial area ratio:  380.37
      Required ratio: 3134.60 (Side area) 
      Cumulative area ratio:  613.19
      Required ratio:    0.00 (Cumulative side area) 


  Pin:   fanout820/A (sky130_fd_sc_hd__clkdlybuf4s25_1)
    Layer: mcon
      Partial area ratio:    0.14
      Required ratio:    3.00 (Gate area) 
      Cumulative area ratio:    0.14
      Required ratio:    0.00 (Cumulative area) 

    Layer: met1
      Partial area ratio:    5.64
      Required ratio:    0.00 (Gate area) 
      Cumulative area ratio:    5.64
      Required ratio:    0.00 (Cumulative area) 
      Partial area ratio:   26.07
      Required ratio: 3134.60 (Side area) 
      Cumulative area ratio:   26.07
      Required ratio:    0.00 (Cumulative side area) 

    Layer: via
      Partial area ratio:    0.32
      Required ratio:   54.11 (Gate area) 
      Cumulative area ratio:    0.45
      Required ratio:    0.00 (Cumulative area) 

    Layer: met2
      Partial area ratio:    1.27
      Required ratio:    0.00 (Gate area) 
      Cumulative area ratio:    6.91
      Required ratio:    0.00 (Cumulative area) 
      Partial area ratio:    5.95
      Required ratio: 3134.60 (Side area) 
      Cumulative area ratio:   32.02
      Required ratio:    0.00 (Cumulative side area) 

    Layer: via2
      Partial area ratio:    0.19
      Required ratio:   54.11 (Gate area) 
      Cumulative area ratio:    0.64
      Required ratio:    0.00 (Cumulative area) 

    Layer: met3
      Partial area ratio:    0.59
      Required ratio:    0.00 (Gate area) 
      Cumulative area ratio:    7.49
      Required ratio:    0.00 (Cumulative area) 
      Partial area ratio:    5.33
      Required ratio: 3134.60 (Side area) 
      Cumulative area ratio:   37.35
      Required ratio:    0.00 (Cumulative side area) 

    Layer: via3
      Partial area ratio:    0.19
      Required ratio:   54.11 (Gate area) 
      Cumulative area ratio:    0.83
      Required ratio:    0.00 (Cumulative area) 

    Layer: met4
      Partial area ratio:    6.54
      Required ratio:    0.00 (Gate area) 
      Cumulative area ratio:   14.03
      Required ratio:    0.00 (Cumulative area) 
      Partial area ratio:   17.73
      Required ratio: 3134.60 (Side area) 
      Cumulative area ratio:   55.08
      Required ratio:    0.00 (Cumulative side area) 

    Layer: via4
      Partial area ratio:    3.00
      Required ratio:   54.11 (Gate area) 
      Cumulative area ratio:    3.83
      Required ratio:    0.00 (Cumulative area) 

    Layer: met5
      Partial area ratio:  250.96
      Required ratio:    0.00 (Gate area) 
      Cumulative area ratio:  264.99
      Required ratio:    0.00 (Cumulative area) 
      Partial area ratio:  380.37
      Required ratio: 3134.60 (Side area) 
      Cumulative area ratio:  435.45
      Required ratio:    0.00 (Cumulative side area) 



Net: net992
  Pin:   _4780_/A_N (sky130_fd_sc_hd__and2b_2)
    Layer: mcon
      Partial area ratio:    0.23
      Required ratio:    3.00 (Gate area) 
      Cumulative area ratio:    0.23
      Required ratio:    0.00 (Cumulative area) 

    Layer: met1
      Partial area ratio:   19.28
      Required ratio:    0.00 (Gate area) 
      Cumulative area ratio:   19.28
      Required ratio:    0.00 (Cumulative area) 
      Partial area ratio:   94.81
      Required ratio:  400.00 (Side area) 
      Cumulative area ratio:   94.81
      Required ratio:    0.00 (Cumulative side area) 

    Layer: via
      Partial area ratio:    0.31
      Required ratio:    6.00 (Gate area) 
      Cumulative area ratio:    0.54
      Required ratio:    0.00 (Cumulative area) 

    Layer: met2
      Partial area ratio:   13.36
      Required ratio:    0.00 (Gate area) 
      Cumulative area ratio:   32.64
      Required ratio:    0.00 (Cumulative area) 
      Partial area ratio:   65.12
      Required ratio:  400.00 (Side area) 
      Cumulative area ratio:  159.93
      Required ratio:    0.00 (Cumulative side area) 

    Layer: via2
      Partial area ratio:    0.32
      Required ratio:    6.00 (Gate area) 
      Cumulative area ratio:    0.86
      Required ratio:    0.00 (Cumulative area) 

    Layer: met3
      Partial area ratio:  124.21
      Required ratio:    0.00 (Gate area) 
      Cumulative area ratio:  156.85
      Required ratio:    0.00 (Cumulative area) 
      Partial area ratio:  666.13
      Required ratio: 2918.08 (Side area) 
      Cumulative area ratio:  826.06
      Required ratio:    0.00 (Cumulative side area) 

    Layer: via3
      Partial area ratio:    0.32
      Required ratio:   34.63 (Gate area) 
      Cumulative area ratio:    1.17
      Required ratio:    0.00 (Cumulative area) 

    Layer: met4
      Partial area ratio:   72.87
      Required ratio:    0.00 (Gate area) 
      Cumulative area ratio:  229.72
      Required ratio:    0.00 (Cumulative area) 
      Partial area ratio:  390.86
      Required ratio: 2918.08 (Side area) 
      Cumulative area ratio: 1216.91
      Required ratio:    0.00 (Cumulative side area) 


  Pin:   _4781_/A_N (sky130_fd_sc_hd__and2b_2)
    Layer: mcon
      Partial area ratio:    0.23
      Required ratio:    3.00 (Gate area) 
      Cumulative area ratio:    0.23
      Required ratio:    0.00 (Cumulative area) 

    Layer: met1
      Partial area ratio:   19.28
      Required ratio:    0.00 (Gate area) 
      Cumulative area ratio:   19.28
      Required ratio:    0.00 (Cumulative area) 
      Partial area ratio:   94.81
      Required ratio:  400.00 (Side area) 
      Cumulative area ratio:   94.81
      Required ratio:    0.00 (Cumulative side area) 

    Layer: via
      Partial area ratio:    0.31
      Required ratio:    6.00 (Gate area) 
      Cumulative area ratio:    0.54
      Required ratio:    0.00 (Cumulative area) 

    Layer: met2
      Partial area ratio:   13.36
      Required ratio:    0.00 (Gate area) 
      Cumulative area ratio:   32.64
      Required ratio:    0.00 (Cumulative area) 
      Partial area ratio:   65.12
      Required ratio:  400.00 (Side area) 
      Cumulative area ratio:  159.93
      Required ratio:    0.00 (Cumulative side area) 

    Layer: via2
      Partial area ratio:    0.32
      Required ratio:    6.00 (Gate area) 
      Cumulative area ratio:    0.86
      Required ratio:    0.00 (Cumulative area) 

    Layer: met3
      Partial area ratio:  124.21
      Required ratio:    0.00 (Gate area) 
      Cumulative area ratio:  156.85
      Required ratio:    0.00 (Cumulative area) 
      Partial area ratio:  666.13
      Required ratio: 2918.08 (Side area) 
      Cumulative area ratio:  826.06
      Required ratio:    0.00 (Cumulative side area) 

    Layer: via3
      Partial area ratio:    0.32
      Required ratio:   34.63 (Gate area) 
      Cumulative area ratio:    1.17
      Required ratio:    0.00 (Cumulative area) 

    Layer: met4
      Partial area ratio:   72.87
      Required ratio:    0.00 (Gate area) 
      Cumulative area ratio:  229.72
      Required ratio:    0.00 (Cumulative area) 
      Partial area ratio:  390.86
      Required ratio: 2918.08 (Side area) 
      Cumulative area ratio: 1216.91
      Required ratio:    0.00 (Cumulative side area) 


  Pin:   _4783_/A_N (sky130_fd_sc_hd__and2b_2)
    Layer: mcon
      Partial area ratio:    0.23
      Required ratio:    3.00 (Gate area) 
      Cumulative area ratio:    0.23
      Required ratio:    0.00 (Cumulative area) 

    Layer: met1
      Partial area ratio:    2.54
      Required ratio:    0.00 (Gate area) 
      Cumulative area ratio:    2.54
      Required ratio:    0.00 (Cumulative area) 
      Partial area ratio:   11.25
      Required ratio:  400.00 (Side area) 
      Cumulative area ratio:   11.25
      Required ratio:    0.00 (Cumulative side area) 

    Layer: via
      Partial area ratio:    0.36
      Required ratio:    6.00 (Gate area) 
      Cumulative area ratio:    0.59
      Required ratio:    0.00 (Cumulative area) 

    Layer: met2
      Partial area ratio:    1.48
      Required ratio:    0.00 (Gate area) 
      Cumulative area ratio:    4.03
      Required ratio:    0.00 (Cumulative area) 
      Partial area ratio:    6.83
      Required ratio:  400.00 (Side area) 
      Cumulative area ratio:   18.08
      Required ratio:    0.00 (Cumulative side area) 

    Layer: via2
      Partial area ratio:    0.32
      Required ratio:    6.00 (Gate area) 
      Cumulative area ratio:    0.90
      Required ratio:    0.00 (Cumulative area) 

    Layer: met3
      Partial area ratio:   83.13
      Required ratio:    0.00 (Gate area) 
      Cumulative area ratio:   87.15
      Required ratio:    0.00 (Cumulative area) 
      Partial area ratio:  447.05
      Required ratio:  400.00 (Side area) (VIOLATED)
      Cumulative area ratio:  465.13
      Required ratio:    0.00 (Cumulative side area) 

    Layer: via3
      Partial area ratio:    0.32
      Required ratio:    6.00 (Gate area) 
      Cumulative area ratio:    1.22
      Required ratio:    0.00 (Cumulative area) 

    Layer: met4
      Partial area ratio:   72.87
      Required ratio:    0.00 (Gate area) 
      Cumulative area ratio:  160.02
      Required ratio:    0.00 (Cumulative area) 
      Partial area ratio:  390.86
      Required ratio: 2918.08 (Side area) 
      Cumulative area ratio:  855.99
      Required ratio:    0.00 (Cumulative side area) 


  Pin:   _4784_/A_N (sky130_fd_sc_hd__and2b_2)
    Layer: mcon
      Partial area ratio:    0.23
      Required ratio:    3.00 (Gate area) 
      Cumulative area ratio:    0.23
      Required ratio:    0.00 (Cumulative area) 

    Layer: met1
      Partial area ratio:    4.62
      Required ratio:    0.00 (Gate area) 
      Cumulative area ratio:    4.62
      Required ratio:    0.00 (Cumulative area) 
      Partial area ratio:   22.14
      Required ratio:  400.00 (Side area) 
      Cumulative area ratio:   22.14
      Required ratio:    0.00 (Cumulative side area) 

    Layer: via
      Partial area ratio:    0.26
      Required ratio:    6.00 (Gate area) 
      Cumulative area ratio:    0.49
      Required ratio:    0.00 (Cumulative area) 

    Layer: met2
      Partial area ratio:    0.97
      Required ratio:    0.00 (Gate area) 
      Cumulative area ratio:    5.59
      Required ratio:    0.00 (Cumulative area) 
      Partial area ratio:    3.94
      Required ratio:  400.00 (Side area) 
      Cumulative area ratio:   26.08
      Required ratio:    0.00 (Cumulative side area) 

    Layer: via2
      Partial area ratio:    0.32
      Required ratio:    6.00 (Gate area) 
      Cumulative area ratio:    0.81
      Required ratio:    0.00 (Cumulative area) 

    Layer: met3
      Partial area ratio:    0.99
      Required ratio:    0.00 (Gate area) 
      Cumulative area ratio:    6.58
      Required ratio:    0.00 (Cumulative area) 
      Partial area ratio:    9.02
      Required ratio:  400.00 (Side area) 
      Cumulative area ratio:   35.10
      Required ratio:    0.00 (Cumulative side area) 

    Layer: via3
      Partial area ratio:    0.32
      Required ratio:    6.00 (Gate area) 
      Cumulative area ratio:    1.13
      Required ratio:    0.00 (Cumulative area) 

    Layer: met4
      Partial area ratio:   72.87
      Required ratio:    0.00 (Gate area) 
      Cumulative area ratio:   79.45
      Required ratio:    0.00 (Cumulative area) 
      Partial area ratio:  390.86
      Required ratio: 2918.08 (Side area) 
      Cumulative area ratio:  425.96
      Required ratio:    0.00 (Cumulative side area) 


  Pin:   _4805_/A_N (sky130_fd_sc_hd__and2b_2)
    Layer: mcon
      Partial area ratio:    0.23
      Required ratio:    3.00 (Gate area) 
      Cumulative area ratio:    0.23
      Required ratio:    0.00 (Cumulative area) 

    Layer: met1
      Partial area ratio:    6.59
      Required ratio:    0.00 (Gate area) 
      Cumulative area ratio:    6.59
      Required ratio:    0.00 (Cumulative area) 
      Partial area ratio:   31.47
      Required ratio:  400.00 (Side area) 
      Cumulative area ratio:   31.47
      Required ratio:    0.00 (Cumulative side area) 

    Layer: via
      Partial area ratio:    0.36
      Required ratio:    6.00 (Gate area) 
      Cumulative area ratio:    0.59
      Required ratio:    0.00 (Cumulative area) 

    Layer: met2
      Partial area ratio:    1.48
      Required ratio:    0.00 (Gate area) 
      Cumulative area ratio:    8.07
      Required ratio:    0.00 (Cumulative area) 
      Partial area ratio:    6.83
      Required ratio:  400.00 (Side area) 
      Cumulative area ratio:   38.31
      Required ratio:    0.00 (Cumulative side area) 

    Layer: via2
      Partial area ratio:    0.32
      Required ratio:    6.00 (Gate area) 
      Cumulative area ratio:    0.90
      Required ratio:    0.00 (Cumulative area) 

    Layer: met3
      Partial area ratio:    0.99
      Required ratio:    0.00 (Gate area) 
      Cumulative area ratio:    9.06
      Required ratio:    0.00 (Cumulative area) 
      Partial area ratio:    9.02
      Required ratio:  400.00 (Side area) 
      Cumulative area ratio:   47.32
      Required ratio:    0.00 (Cumulative side area) 

    Layer: via3
      Partial area ratio:    0.32
      Required ratio:    6.00 (Gate area) 
      Cumulative area ratio:    1.22
      Required ratio:    0.00 (Cumulative area) 

    Layer: met4
      Partial area ratio:   72.87
      Required ratio:    0.00 (Gate area) 
      Cumulative area ratio:   81.93
      Required ratio:    0.00 (Cumulative area) 
      Partial area ratio:  390.86
      Required ratio: 2918.08 (Side area) 
      Cumulative area ratio:  438.18
      Required ratio:    0.00 (Cumulative side area) 



Net: net1037
  Pin:   fanout1027/A (sky130_fd_sc_hd__dlymetal6s4s_1)
    Layer: mcon
      Partial area ratio:    0.23
      Required ratio:    3.00 (Gate area) 
      Cumulative area ratio:    0.23
      Required ratio:    0.00 (Cumulative area) 

    Layer: met1
      Partial area ratio:    7.76
      Required ratio:    0.00 (Gate area) 
      Cumulative area ratio:    7.76
      Required ratio:    0.00 (Cumulative area) 
      Partial area ratio:   37.31
      Required ratio:  400.00 (Side area) 
      Cumulative area ratio:   37.31
      Required ratio:    0.00 (Cumulative side area) 

    Layer: via
      Partial area ratio:    0.36
      Required ratio:    6.00 (Gate area) 
      Cumulative area ratio:    0.59
      Required ratio:    0.00 (Cumulative area) 

    Layer: met2
      Partial area ratio:    5.39
      Required ratio:    0.00 (Gate area) 
      Cumulative area ratio:   13.14
      Required ratio:    0.00 (Cumulative area) 
      Partial area ratio:   26.14
      Required ratio: 2771.60 (Side area) 
      Cumulative area ratio:   63.44
      Required ratio:    0.00 (Cumulative side area) 

    Layer: via2
      Partial area ratio:    0.16
      Required ratio:   21.44 (Gate area) 
      Cumulative area ratio:    0.75
      Required ratio:    0.00 (Cumulative area) 

    Layer: met3
      Partial area ratio:    8.71
      Required ratio:    0.00 (Gate area) 
      Cumulative area ratio:   21.85
      Required ratio:    0.00 (Cumulative area) 
      Partial area ratio:   48.29
      Required ratio: 2771.60 (Side area) 
      Cumulative area ratio:  111.73
      Required ratio:    0.00 (Cumulative side area) 

    Layer: via3
      Partial area ratio:    0.16
      Required ratio:   21.44 (Gate area) 
      Cumulative area ratio:    0.90
      Required ratio:    0.00 (Cumulative area) 

    Layer: met4
      Partial area ratio:   11.76
      Required ratio:    0.00 (Gate area) 
      Cumulative area ratio:   33.61
      Required ratio:    0.00 (Cumulative area) 
      Partial area ratio:   63.25
      Required ratio: 2771.60 (Side area) 
      Cumulative area ratio:  174.98
      Required ratio:    0.00 (Cumulative side area) 


  Pin:   fanout1033/A (sky130_fd_sc_hd__clkdlybuf4s25_1)
    Layer: mcon
      Partial area ratio:    0.14
      Required ratio:    3.00 (Gate area) 
      Cumulative area ratio:    0.14
      Required ratio:    0.00 (Cumulative area) 

    Layer: met1
      Partial area ratio:    3.76
      Required ratio:    0.00 (Gate area) 
      Cumulative area ratio:    3.76
      Required ratio:    0.00 (Cumulative area) 
      Partial area ratio:   17.95
      Required ratio:  400.00 (Side area) 
      Cumulative area ratio:   17.95
      Required ratio:    0.00 (Cumulative side area) 

    Layer: via
      Partial area ratio:    0.21
      Required ratio:    6.00 (Gate area) 
      Cumulative area ratio:    0.35
      Required ratio:    0.00 (Cumulative area) 

    Layer: met2
      Partial area ratio:    0.88
      Required ratio:    0.00 (Gate area) 
      Cumulative area ratio:    4.64
      Required ratio:    0.00 (Cumulative area) 
      Partial area ratio:    4.04
      Required ratio:  400.00 (Side area) 
      Cumulative area ratio:   22.00
      Required ratio:    0.00 (Cumulative side area) 

    Layer: via2
      Partial area ratio:    0.19
      Required ratio:    6.00 (Gate area) 
      Cumulative area ratio:    0.53
      Required ratio:    0.00 (Cumulative area) 

    Layer: met3
      Partial area ratio:  150.95
      Required ratio:    0.00 (Gate area) 
      Cumulative area ratio:  155.59
      Required ratio:    0.00 (Cumulative area) 
      Partial area ratio:  806.14
      Required ratio:  400.00 (Side area) (VIOLATED)
      Cumulative area ratio:  828.14
      Required ratio:    0.00 (Cumulative side area) 

    Layer: via3
      Partial area ratio:    0.09
      Required ratio:    6.00 (Gate area) 
      Cumulative area ratio:    0.63
      Required ratio:    0.00 (Cumulative area) 

    Layer: met4
      Partial area ratio:   11.76
      Required ratio:    0.00 (Gate area) 
      Cumulative area ratio:  167.35
      Required ratio:    0.00 (Cumulative area) 
      Partial area ratio:   63.25
      Required ratio: 2771.60 (Side area) 
      Cumulative area ratio:  891.38
      Required ratio:    0.00 (Cumulative side area) 


  Pin:   fanout1035/A (sky130_fd_sc_hd__clkdlybuf4s25_1)
    Layer: mcon
      Partial area ratio:    0.14
      Required ratio:    3.00 (Gate area) 
      Cumulative area ratio:    0.14
      Required ratio:    0.00 (Cumulative area) 

    Layer: met1
      Partial area ratio:    2.47
      Required ratio:    0.00 (Gate area) 
      Cumulative area ratio:    2.47
      Required ratio:    0.00 (Cumulative area) 
      Partial area ratio:   11.46
      Required ratio:  400.00 (Side area) 
      Cumulative area ratio:   11.46
      Required ratio:    0.00 (Cumulative side area) 

    Layer: via
      Partial area ratio:    0.21
      Required ratio:    6.00 (Gate area) 
      Cumulative area ratio:    0.35
      Required ratio:    0.00 (Cumulative area) 

    Layer: met2
      Partial area ratio:    0.88
      Required ratio:    0.00 (Gate area) 
      Cumulative area ratio:    3.34
      Required ratio:    0.00 (Cumulative area) 
      Partial area ratio:    4.04
      Required ratio:  400.00 (Side area) 
      Cumulative area ratio:   15.50
      Required ratio:    0.00 (Cumulative side area) 

    Layer: via2
      Partial area ratio:    0.19
      Required ratio:    6.00 (Gate area) 
      Cumulative area ratio:    0.53
      Required ratio:    0.00 (Cumulative area) 

    Layer: met3
      Partial area ratio:  150.95
      Required ratio:    0.00 (Gate area) 
      Cumulative area ratio:  154.29
      Required ratio:    0.00 (Cumulative area) 
      Partial area ratio:  806.14
      Required ratio:  400.00 (Side area) (VIOLATED)
      Cumulative area ratio:  821.64
      Required ratio:    0.00 (Cumulative side area) 

    Layer: via3
      Partial area ratio:    0.09
      Required ratio:    6.00 (Gate area) 
      Cumulative area ratio:    0.63
      Required ratio:    0.00 (Cumulative area) 

    Layer: met4
      Partial area ratio:   11.76
      Required ratio:    0.00 (Gate area) 
      Cumulative area ratio:  166.05
      Required ratio:    0.00 (Cumulative area) 
      Partial area ratio:   63.25
      Required ratio: 2771.60 (Side area) 
      Cumulative area ratio:  884.89
      Required ratio:    0.00 (Cumulative side area) 


  Pin:   wire1038/A (sky130_fd_sc_hd__clkbuf_4)
    Layer: mcon
      Partial area ratio:    0.14
      Required ratio:    3.00 (Gate area) 
      Cumulative area ratio:    0.14
      Required ratio:    0.00 (Cumulative area) 

    Layer: met1
      Partial area ratio:    3.51
      Required ratio:    0.00 (Gate area) 
      Cumulative area ratio:    3.51
      Required ratio:    0.00 (Cumulative area) 
      Partial area ratio:   16.68
      Required ratio:  400.00 (Side area) 
      Cumulative area ratio:   16.68
      Required ratio:    0.00 (Cumulative side area) 

    Layer: via
      Partial area ratio:    0.21
      Required ratio:    6.00 (Gate area) 
      Cumulative area ratio:    0.35
      Required ratio:    0.00 (Cumulative area) 

    Layer: met2
      Partial area ratio:    0.88
      Required ratio:    0.00 (Gate area) 
      Cumulative area ratio:    4.39
      Required ratio:    0.00 (Cumulative area) 
      Partial area ratio:    4.04
      Required ratio:  400.00 (Side area) 
      Cumulative area ratio:   20.72
      Required ratio:    0.00 (Cumulative side area) 

    Layer: via2
      Partial area ratio:    0.19
      Required ratio:    6.00 (Gate area) 
      Cumulative area ratio:    0.53
      Required ratio:    0.00 (Cumulative area) 

    Layer: met3
      Partial area ratio:    0.59
      Required ratio:    0.00 (Gate area) 
      Cumulative area ratio:    4.97
      Required ratio:    0.00 (Cumulative area) 
      Partial area ratio:    5.33
      Required ratio:  400.00 (Side area) 
      Cumulative area ratio:   26.05
      Required ratio:    0.00 (Cumulative side area) 

    Layer: via3
      Partial area ratio:    0.19
      Required ratio:    6.00 (Gate area) 
      Cumulative area ratio:    0.72
      Required ratio:    0.00 (Cumulative area) 

    Layer: met4
      Partial area ratio:   11.76
      Required ratio:    0.00 (Gate area) 
      Cumulative area ratio:   16.73
      Required ratio:    0.00 (Cumulative area) 
      Partial area ratio:   63.25
      Required ratio: 2771.60 (Side area) 
      Cumulative area ratio:   89.30
      Required ratio:    0.00 (Cumulative side area) 



[INFO ANT-0002] Found 46 net violations.
[INFO ANT-0001] Found 70 pin violations.
%OL_END_REPORT
