
===========================================================================
report_checks -path_delay max (Setup)
============================================================================
======================= nom_ss_100C_1v60 Corner ===================================

Startpoint: B[0] (input port clocked by __VIRTUAL_CLK__)
Endpoint: zero (output port clocked by __VIRTUAL_CLK__)
Path Group: __VIRTUAL_CLK__
Path Type: max

Fanout         Cap        Slew       Delay        Time   Description
---------------------------------------------------------------------------------------------
                      0.000000    0.000000    0.000000   clock __VIRTUAL_CLK__ (rise edge)
                                  0.000000    0.000000   clock network delay (ideal)
                                  2.000000    2.000000 ^ input external delay
    73    0.318324    2.263937    1.591056    3.591056 ^ B[0] (in)
                                                         B[0] (net)
                      2.263937    0.000000    3.591056 ^ _1076_/S (sky130_fd_sc_hd__mux2_1)
     4    0.006631    0.155280    1.148015    4.739071 v _1076_/X (sky130_fd_sc_hd__mux2_1)
                                                         _0250_ (net)
                      0.155280    0.000000    4.739071 v _1083_/A0 (sky130_fd_sc_hd__mux2_1)
     3    0.006337    0.149483    0.711567    5.450639 v _1083_/X (sky130_fd_sc_hd__mux2_1)
                                                         _0257_ (net)
                      0.149483    0.000000    5.450639 v _1084_/A1 (sky130_fd_sc_hd__mux2_1)
     2    0.006097    0.147369    0.728522    6.179161 v _1084_/X (sky130_fd_sc_hd__mux2_1)
                                                         _0258_ (net)
                      0.147369    0.000000    6.179161 v _1085_/A1 (sky130_fd_sc_hd__mux2_1)
     1    0.002206    0.107038    0.669488    6.848649 v _1085_/X (sky130_fd_sc_hd__mux2_1)
                                                         _0259_ (net)
                      0.107038    0.000000    6.848649 v _1086_/B2 (sky130_fd_sc_hd__a22o_2)
     2    0.004541    0.077482    0.433785    7.282434 v _1086_/X (sky130_fd_sc_hd__a22o_2)
                                                         _0260_ (net)
                      0.077482    0.000000    7.282434 v _1435_/A1 (sky130_fd_sc_hd__o21a_2)
     1    0.001582    0.052490    0.372554    7.654987 v _1435_/X (sky130_fd_sc_hd__o21a_2)
                                                         _0593_ (net)
                      0.052490    0.000000    7.654987 v _1438_/B (sky130_fd_sc_hd__or4_2)
     1    0.001496    0.199421    1.473084    9.128071 v _1438_/X (sky130_fd_sc_hd__or4_2)
                                                         _0596_ (net)
                      0.199421    0.000000    9.128071 v _1445_/B (sky130_fd_sc_hd__or3_2)
     2    0.034662    0.333368    1.350518   10.478589 v _1445_/X (sky130_fd_sc_hd__or3_2)
                                                         result[17] (net)
                      0.333368    0.000000   10.478589 v _1669_/D (sky130_fd_sc_hd__or4_2)
     1    0.001296    0.196279    1.337414   11.816003 v _1669_/X (sky130_fd_sc_hd__or4_2)
                                                         _0812_ (net)
                      0.196279    0.000000   11.816003 v _1674_/A (sky130_fd_sc_hd__or4_2)
     1    0.001582    0.201013    1.558817   13.374820 v _1674_/X (sky130_fd_sc_hd__or4_2)
                                                         _0817_ (net)
                      0.201013    0.000000   13.374820 v _1677_/B (sky130_fd_sc_hd__or4_2)
     1    0.001220    0.194975    1.511541   14.886361 v _1677_/X (sky130_fd_sc_hd__or4_2)
                                                         _0820_ (net)
                      0.194975    0.000000   14.886361 v _1678_/D (sky130_fd_sc_hd__or4_2)
     1    0.004047    0.229620    1.351674   16.238035 v _1678_/X (sky130_fd_sc_hd__or4_2)
                                                         _0821_ (net)
                      0.229620    0.000000   16.238035 v _1682_/C (sky130_fd_sc_hd__nor4_2)
     1    0.033442    1.365846    1.213717   17.451752 ^ _1682_/Y (sky130_fd_sc_hd__nor4_2)
                                                         zero (net)
                      1.365846    0.000000   17.451752 ^ zero (out)
                                             17.451752   data arrival time

                      0.000000   10.000000   10.000000   clock __VIRTUAL_CLK__ (rise edge)
                                  0.000000   10.000000   clock network delay (ideal)
                                 -0.250000    9.750000   clock uncertainty
                                  0.000000    9.750000   clock reconvergence pessimism
                                 -2.000000    7.750000   output external delay
                                              7.750000   data required time
---------------------------------------------------------------------------------------------
                                              7.750000   data required time
                                            -17.451752   data arrival time
---------------------------------------------------------------------------------------------
                                             -9.701753   slack (VIOLATED)


Startpoint: B[0] (input port clocked by __VIRTUAL_CLK__)
Endpoint: result[31] (output port clocked by __VIRTUAL_CLK__)
Path Group: __VIRTUAL_CLK__
Path Type: max

Fanout         Cap        Slew       Delay        Time   Description
---------------------------------------------------------------------------------------------
                      0.000000    0.000000    0.000000   clock __VIRTUAL_CLK__ (rise edge)
                                  0.000000    0.000000   clock network delay (ideal)
                                  2.000000    2.000000 ^ input external delay
    73    0.318324    2.263937    1.591056    3.591056 ^ B[0] (in)
                                                         B[0] (net)
                      2.263937    0.000000    3.591056 ^ _0867_/A (sky130_fd_sc_hd__nand2_2)
     5    0.012408    0.440295    0.596854    4.187910 v _0867_/Y (sky130_fd_sc_hd__nand2_2)
                                                         _0042_ (net)
                      0.440295    0.000000    4.187910 v _1129_/A1 (sky130_fd_sc_hd__o21a_2)
     4    0.011443    0.100927    0.576735    4.764645 v _1129_/X (sky130_fd_sc_hd__o21a_2)
                                                         _0302_ (net)
                      0.100927    0.000000    4.764645 v _1171_/A2 (sky130_fd_sc_hd__o211a_2)
     3    0.007654    0.095121    0.488577    5.253222 v _1171_/X (sky130_fd_sc_hd__o211a_2)
                                                         _0342_ (net)
                      0.095121    0.000000    5.253222 v _1257_/A2 (sky130_fd_sc_hd__o31a_2)
     5    0.013681    0.143430    0.700757    5.953979 v _1257_/X (sky130_fd_sc_hd__o31a_2)
                                                         _0424_ (net)
                      0.143430    0.000000    5.953979 v _1407_/A2 (sky130_fd_sc_hd__a211o_2)
     5    0.015484    0.148481    0.729878    6.683856 v _1407_/X (sky130_fd_sc_hd__a211o_2)
                                                         _0566_ (net)
                      0.148481    0.000000    6.683856 v _1549_/A1 (sky130_fd_sc_hd__a211o_2)
     4    0.012368    0.133523    0.657378    7.341234 v _1549_/X (sky130_fd_sc_hd__a211o_2)
                                                         _0700_ (net)
                      0.133523    0.000000    7.341234 v _1618_/A1 (sky130_fd_sc_hd__a211oi_2)
     2    0.006395    0.324457    0.381771    7.723005 ^ _1618_/Y (sky130_fd_sc_hd__a211oi_2)
                                                         _0765_ (net)
                      0.324457    0.000000    7.723005 ^ _1622_/A1 (sky130_fd_sc_hd__o31ai_2)
     5    0.009611    0.170964    0.275273    7.998278 v _1622_/Y (sky130_fd_sc_hd__o31ai_2)
                                                         _0769_ (net)
                      0.170964    0.000000    7.998278 v _1651_/A3 (sky130_fd_sc_hd__a311o_2)
     3    0.008843    0.126112    0.807143    8.805421 v _1651_/X (sky130_fd_sc_hd__a311o_2)
                                                         _0796_ (net)
                      0.126112    0.000000    8.805421 v _1655_/A2 (sky130_fd_sc_hd__a21bo_2)
     1    0.001404    0.053075    0.388123    9.193544 v _1655_/X (sky130_fd_sc_hd__a21bo_2)
                                                         _0799_ (net)
                      0.053075    0.000000    9.193544 v _1656_/C (sky130_fd_sc_hd__and3_2)
     1    0.001296    0.063649    0.404619    9.598164 v _1656_/X (sky130_fd_sc_hd__and3_2)
                                                         _0800_ (net)
                      0.063649    0.000000    9.598164 v _1668_/A (sky130_fd_sc_hd__or4_2)
     2    0.037533    0.426222    1.888438   11.486601 v _1668_/X (sky130_fd_sc_hd__or4_2)
                                                         result[31] (net)
                      0.426222    0.000000   11.486601 v result[31] (out)
                                             11.486601   data arrival time

                      0.000000   10.000000   10.000000   clock __VIRTUAL_CLK__ (rise edge)
                                  0.000000   10.000000   clock network delay (ideal)
                                 -0.250000    9.750000   clock uncertainty
                                  0.000000    9.750000   clock reconvergence pessimism
                                 -2.000000    7.750000   output external delay
                                              7.750000   data required time
---------------------------------------------------------------------------------------------
                                              7.750000   data required time
                                            -11.486601   data arrival time
---------------------------------------------------------------------------------------------
                                             -3.736601   slack (VIOLATED)


Startpoint: B[0] (input port clocked by __VIRTUAL_CLK__)
Endpoint: result[17] (output port clocked by __VIRTUAL_CLK__)
Path Group: __VIRTUAL_CLK__
Path Type: max

Fanout         Cap        Slew       Delay        Time   Description
---------------------------------------------------------------------------------------------
                      0.000000    0.000000    0.000000   clock __VIRTUAL_CLK__ (rise edge)
                                  0.000000    0.000000   clock network delay (ideal)
                                  2.000000    2.000000 ^ input external delay
    73    0.318324    2.263937    1.591056    3.591056 ^ B[0] (in)
                                                         B[0] (net)
                      2.263937    0.000000    3.591056 ^ _1076_/S (sky130_fd_sc_hd__mux2_1)
     4    0.006631    0.155280    1.148015    4.739071 v _1076_/X (sky130_fd_sc_hd__mux2_1)
                                                         _0250_ (net)
                      0.155280    0.000000    4.739071 v _1083_/A0 (sky130_fd_sc_hd__mux2_1)
     3    0.006337    0.149483    0.711567    5.450639 v _1083_/X (sky130_fd_sc_hd__mux2_1)
                                                         _0257_ (net)
                      0.149483    0.000000    5.450639 v _1084_/A1 (sky130_fd_sc_hd__mux2_1)
     2    0.006097    0.147369    0.728522    6.179161 v _1084_/X (sky130_fd_sc_hd__mux2_1)
                                                         _0258_ (net)
                      0.147369    0.000000    6.179161 v _1085_/A1 (sky130_fd_sc_hd__mux2_1)
     1    0.002206    0.107038    0.669488    6.848649 v _1085_/X (sky130_fd_sc_hd__mux2_1)
                                                         _0259_ (net)
                      0.107038    0.000000    6.848649 v _1086_/B2 (sky130_fd_sc_hd__a22o_2)
     2    0.004541    0.077482    0.433785    7.282434 v _1086_/X (sky130_fd_sc_hd__a22o_2)
                                                         _0260_ (net)
                      0.077482    0.000000    7.282434 v _1435_/A1 (sky130_fd_sc_hd__o21a_2)
     1    0.001582    0.052490    0.372554    7.654987 v _1435_/X (sky130_fd_sc_hd__o21a_2)
                                                         _0593_ (net)
                      0.052490    0.000000    7.654987 v _1438_/B (sky130_fd_sc_hd__or4_2)
     1    0.001496    0.199421    1.473084    9.128071 v _1438_/X (sky130_fd_sc_hd__or4_2)
                                                         _0596_ (net)
                      0.199421    0.000000    9.128071 v _1445_/B (sky130_fd_sc_hd__or3_2)
     2    0.034662    0.333368    1.350518   10.478589 v _1445_/X (sky130_fd_sc_hd__or3_2)
                                                         result[17] (net)
                      0.333368    0.000000   10.478589 v result[17] (out)
                                             10.478589   data arrival time

                      0.000000   10.000000   10.000000   clock __VIRTUAL_CLK__ (rise edge)
                                  0.000000   10.000000   clock network delay (ideal)
                                 -0.250000    9.750000   clock uncertainty
                                  0.000000    9.750000   clock reconvergence pessimism
                                 -2.000000    7.750000   output external delay
                                              7.750000   data required time
---------------------------------------------------------------------------------------------
                                              7.750000   data required time
                                            -10.478589   data arrival time
---------------------------------------------------------------------------------------------
                                             -2.728589   slack (VIOLATED)


Startpoint: B[1] (input port clocked by __VIRTUAL_CLK__)
Endpoint: result[23] (output port clocked by __VIRTUAL_CLK__)
Path Group: __VIRTUAL_CLK__
Path Type: max

Fanout         Cap        Slew       Delay        Time   Description
---------------------------------------------------------------------------------------------
                      0.000000    0.000000    0.000000   clock __VIRTUAL_CLK__ (rise edge)
                                  0.000000    0.000000   clock network delay (ideal)
                                  2.000000    2.000000 ^ input external delay
    48    0.159804    1.148008    0.801736    2.801736 ^ B[1] (in)
                                                         B[1] (net)
                      1.148008    0.000000    2.801736 ^ _0958_/A (sky130_fd_sc_hd__xnor2_2)
     6    0.023598    0.539479    0.594471    3.396206 ^ _0958_/Y (sky130_fd_sc_hd__xnor2_2)
                                                         _0133_ (net)
                      0.539479    0.000000    3.396206 ^ _0960_/A1 (sky130_fd_sc_hd__a21o_2)
     3    0.008486    0.099817    0.442232    3.838439 ^ _0960_/X (sky130_fd_sc_hd__a21o_2)
                                                         _0135_ (net)
                      0.099817    0.000000    3.838439 ^ _0968_/A2 (sky130_fd_sc_hd__a31o_2)
     4    0.020006    0.211176    0.448363    4.286802 ^ _0968_/X (sky130_fd_sc_hd__a31o_2)
                                                         _0143_ (net)
                      0.211176    0.000000    4.286802 ^ _0983_/D_N (sky130_fd_sc_hd__or4b_2)
     5    0.013643    0.303874    1.587620    5.874422 v _0983_/X (sky130_fd_sc_hd__or4b_2)
                                                         _0158_ (net)
                      0.303874    0.000000    5.874422 v _1017_/A1 (sky130_fd_sc_hd__a211o_2)
     4    0.010301    0.123416    0.705279    6.579700 v _1017_/X (sky130_fd_sc_hd__a211o_2)
                                                         _0192_ (net)
                      0.123416    0.000000    6.579700 v _1050_/A1 (sky130_fd_sc_hd__a211o_2)
     5    0.017526    0.158873    0.680537    7.260238 v _1050_/X (sky130_fd_sc_hd__a211o_2)
                                                         _0225_ (net)
                      0.158873    0.000000    7.260238 v _1498_/B1 (sky130_fd_sc_hd__a221o_2)
     3    0.005890    0.110706    0.677067    7.937304 v _1498_/X (sky130_fd_sc_hd__a221o_2)
                                                         _0652_ (net)
                      0.110706    0.000000    7.937304 v _1516_/A3 (sky130_fd_sc_hd__a32o_2)
     2    0.003773    0.072981    0.487049    8.424353 v _1516_/X (sky130_fd_sc_hd__a32o_2)
                                                         _0669_ (net)
                      0.072981    0.000000    8.424353 v _1531_/B (sky130_fd_sc_hd__and2b_2)
     1    0.008219    0.096588    0.435767    8.860120 v _1531_/X (sky130_fd_sc_hd__and2b_2)
                                                         _0683_ (net)
                      0.096588    0.000000    8.860120 v _1532_/B (sky130_fd_sc_hd__xnor2_2)
     1    0.002287    0.080736    0.228586    9.088706 v _1532_/Y (sky130_fd_sc_hd__xnor2_2)
                                                         _0684_ (net)
                      0.080736    0.000000    9.088706 v _1545_/A2 (sky130_fd_sc_hd__a211o_2)
     2    0.034738    0.223523    0.791235    9.879941 v _1545_/X (sky130_fd_sc_hd__a211o_2)
                                                         result[23] (net)
                      0.223523    0.000000    9.879941 v result[23] (out)
                                              9.879941   data arrival time

                      0.000000   10.000000   10.000000   clock __VIRTUAL_CLK__ (rise edge)
                                  0.000000   10.000000   clock network delay (ideal)
                                 -0.250000    9.750000   clock uncertainty
                                  0.000000    9.750000   clock reconvergence pessimism
                                 -2.000000    7.750000   output external delay
                                              7.750000   data required time
---------------------------------------------------------------------------------------------
                                              7.750000   data required time
                                             -9.879941   data arrival time
---------------------------------------------------------------------------------------------
                                             -2.129941   slack (VIOLATED)


Startpoint: B[1] (input port clocked by __VIRTUAL_CLK__)
Endpoint: result[30] (output port clocked by __VIRTUAL_CLK__)
Path Group: __VIRTUAL_CLK__
Path Type: max

Fanout         Cap        Slew       Delay        Time   Description
---------------------------------------------------------------------------------------------
                      0.000000    0.000000    0.000000   clock __VIRTUAL_CLK__ (rise edge)
                                  0.000000    0.000000   clock network delay (ideal)
                                  2.000000    2.000000 ^ input external delay
    48    0.159804    1.148008    0.801736    2.801736 ^ B[1] (in)
                                                         B[1] (net)
                      1.148008    0.000000    2.801736 ^ _0958_/A (sky130_fd_sc_hd__xnor2_2)
     6    0.023598    0.539479    0.594471    3.396206 ^ _0958_/Y (sky130_fd_sc_hd__xnor2_2)
                                                         _0133_ (net)
                      0.539479    0.000000    3.396206 ^ _0960_/A1 (sky130_fd_sc_hd__a21o_2)
     3    0.008486    0.099817    0.442232    3.838439 ^ _0960_/X (sky130_fd_sc_hd__a21o_2)
                                                         _0135_ (net)
                      0.099817    0.000000    3.838439 ^ _0968_/A2 (sky130_fd_sc_hd__a31o_2)
     4    0.020006    0.211176    0.448363    4.286802 ^ _0968_/X (sky130_fd_sc_hd__a31o_2)
                                                         _0143_ (net)
                      0.211176    0.000000    4.286802 ^ _0983_/D_N (sky130_fd_sc_hd__or4b_2)
     5    0.013643    0.303874    1.587620    5.874422 v _0983_/X (sky130_fd_sc_hd__or4b_2)
                                                         _0158_ (net)
                      0.303874    0.000000    5.874422 v _1017_/A1 (sky130_fd_sc_hd__a211o_2)
     4    0.010301    0.123416    0.705279    6.579700 v _1017_/X (sky130_fd_sc_hd__a211o_2)
                                                         _0192_ (net)
                      0.123416    0.000000    6.579700 v _1050_/A1 (sky130_fd_sc_hd__a211o_2)
     5    0.017526    0.158873    0.680537    7.260238 v _1050_/X (sky130_fd_sc_hd__a211o_2)
                                                         _0225_ (net)
                      0.158873    0.000000    7.260238 v _1057_/A1 (sky130_fd_sc_hd__a21oi_2)
     2    0.009644    0.248763    0.312025    7.572262 ^ _1057_/Y (sky130_fd_sc_hd__a21oi_2)
                                                         _0232_ (net)
                      0.248763    0.000000    7.572262 ^ _1064_/A1 (sky130_fd_sc_hd__a21oi_2)
     5    0.013063    0.144160    0.223469    7.795732 v _1064_/Y (sky130_fd_sc_hd__a21oi_2)
                                                         _0239_ (net)
                      0.144160    0.000000    7.795732 v _1627_/B (sky130_fd_sc_hd__or2_2)
     3    0.009234    0.148904    0.702860    8.498591 v _1627_/X (sky130_fd_sc_hd__or2_2)
                                                         _0773_ (net)
                      0.148904    0.000000    8.498591 v _1639_/A2 (sky130_fd_sc_hd__a21oi_2)
     2    0.007005    0.203283    0.294106    8.792698 ^ _1639_/Y (sky130_fd_sc_hd__a21oi_2)
                                                         _0784_ (net)
                      0.203283    0.000000    8.792698 ^ _1641_/A (sky130_fd_sc_hd__nor2_2)
     1    0.002258    0.052072    0.114670    8.907368 v _1641_/Y (sky130_fd_sc_hd__nor2_2)
                                                         _0786_ (net)
                      0.052072    0.000000    8.907368 v _1653_/B1 (sky130_fd_sc_hd__a211o_2)
     2    0.037652    0.234044    0.753351    9.660719 v _1653_/X (sky130_fd_sc_hd__a211o_2)
                                                         result[30] (net)
                      0.234044    0.000000    9.660719 v result[30] (out)
                                              9.660719   data arrival time

                      0.000000   10.000000   10.000000   clock __VIRTUAL_CLK__ (rise edge)
                                  0.000000   10.000000   clock network delay (ideal)
                                 -0.250000    9.750000   clock uncertainty
                                  0.000000    9.750000   clock reconvergence pessimism
                                 -2.000000    7.750000   output external delay
                                              7.750000   data required time
---------------------------------------------------------------------------------------------
                                              7.750000   data required time
                                             -9.660719   data arrival time
---------------------------------------------------------------------------------------------
                                             -1.910719   slack (VIOLATED)


Startpoint: B[1] (input port clocked by __VIRTUAL_CLK__)
Endpoint: result[27] (output port clocked by __VIRTUAL_CLK__)
Path Group: __VIRTUAL_CLK__
Path Type: max

Fanout         Cap        Slew       Delay        Time   Description
---------------------------------------------------------------------------------------------
                      0.000000    0.000000    0.000000   clock __VIRTUAL_CLK__ (rise edge)
                                  0.000000    0.000000   clock network delay (ideal)
                                  2.000000    2.000000 ^ input external delay
    48    0.159804    1.148008    0.801736    2.801736 ^ B[1] (in)
                                                         B[1] (net)
                      1.148008    0.000000    2.801736 ^ _0958_/A (sky130_fd_sc_hd__xnor2_2)
     6    0.023598    0.539479    0.594471    3.396206 ^ _0958_/Y (sky130_fd_sc_hd__xnor2_2)
                                                         _0133_ (net)
                      0.539479    0.000000    3.396206 ^ _0960_/A1 (sky130_fd_sc_hd__a21o_2)
     3    0.008486    0.099817    0.442232    3.838439 ^ _0960_/X (sky130_fd_sc_hd__a21o_2)
                                                         _0135_ (net)
                      0.099817    0.000000    3.838439 ^ _0968_/A2 (sky130_fd_sc_hd__a31o_2)
     4    0.020006    0.211176    0.448363    4.286802 ^ _0968_/X (sky130_fd_sc_hd__a31o_2)
                                                         _0143_ (net)
                      0.211176    0.000000    4.286802 ^ _0983_/D_N (sky130_fd_sc_hd__or4b_2)
     5    0.013643    0.303874    1.587620    5.874422 v _0983_/X (sky130_fd_sc_hd__or4b_2)
                                                         _0158_ (net)
                      0.303874    0.000000    5.874422 v _1017_/A1 (sky130_fd_sc_hd__a211o_2)
     4    0.010301    0.123416    0.705279    6.579700 v _1017_/X (sky130_fd_sc_hd__a211o_2)
                                                         _0192_ (net)
                      0.123416    0.000000    6.579700 v _1050_/A1 (sky130_fd_sc_hd__a211o_2)
     5    0.017526    0.158873    0.680537    7.260238 v _1050_/X (sky130_fd_sc_hd__a211o_2)
                                                         _0225_ (net)
                      0.158873    0.000000    7.260238 v _1563_/A1 (sky130_fd_sc_hd__a211o_2)
     3    0.008871    0.116486    0.638944    7.899182 v _1563_/X (sky130_fd_sc_hd__a211o_2)
                                                         _0713_ (net)
                      0.116486    0.000000    7.899182 v _1580_/A2 (sky130_fd_sc_hd__a21o_2)
     3    0.008851    0.087459    0.430095    8.329277 v _1580_/X (sky130_fd_sc_hd__a21o_2)
                                                         _0729_ (net)
                      0.087459    0.000000    8.329277 v _1595_/A2 (sky130_fd_sc_hd__a21o_2)
     1    0.002283    0.055614    0.375204    8.704481 v _1595_/X (sky130_fd_sc_hd__a21o_2)
                                                         _0743_ (net)
                      0.055614    0.000000    8.704481 v _1606_/A3 (sky130_fd_sc_hd__a31o_2)
     1    0.002214    0.060162    0.423069    9.127549 v _1606_/X (sky130_fd_sc_hd__a31o_2)
                                                         _0754_ (net)
                      0.060162    0.000000    9.127549 v _1607_/B1 (sky130_fd_sc_hd__a31o_2)
     2    0.035024    0.196570    0.533129    9.660679 v _1607_/X (sky130_fd_sc_hd__a31o_2)
                                                         result[27] (net)
                      0.196570    0.000000    9.660679 v result[27] (out)
                                              9.660679   data arrival time

                      0.000000   10.000000   10.000000   clock __VIRTUAL_CLK__ (rise edge)
                                  0.000000   10.000000   clock network delay (ideal)
                                 -0.250000    9.750000   clock uncertainty
                                  0.000000    9.750000   clock reconvergence pessimism
                                 -2.000000    7.750000   output external delay
                                              7.750000   data required time
---------------------------------------------------------------------------------------------
                                              7.750000   data required time
                                             -9.660679   data arrival time
---------------------------------------------------------------------------------------------
                                             -1.910679   slack (VIOLATED)


Startpoint: B[1] (input port clocked by __VIRTUAL_CLK__)
Endpoint: result[0] (output port clocked by __VIRTUAL_CLK__)
Path Group: __VIRTUAL_CLK__
Path Type: max

Fanout         Cap        Slew       Delay        Time   Description
---------------------------------------------------------------------------------------------
                      0.000000    0.000000    0.000000   clock __VIRTUAL_CLK__ (rise edge)
                                  0.000000    0.000000   clock network delay (ideal)
                                  2.000000    2.000000 ^ input external delay
    48    0.159804    1.148008    0.801736    2.801736 ^ B[1] (in)
                                                         B[1] (net)
                      1.148008    0.000000    2.801736 ^ _0958_/A (sky130_fd_sc_hd__xnor2_2)
     6    0.023598    0.539479    0.594471    3.396206 ^ _0958_/Y (sky130_fd_sc_hd__xnor2_2)
                                                         _0133_ (net)
                      0.539479    0.000000    3.396206 ^ _0960_/A1 (sky130_fd_sc_hd__a21o_2)
     3    0.008486    0.099817    0.442232    3.838439 ^ _0960_/X (sky130_fd_sc_hd__a21o_2)
                                                         _0135_ (net)
                      0.099817    0.000000    3.838439 ^ _0968_/A2 (sky130_fd_sc_hd__a31o_2)
     4    0.020006    0.211176    0.448363    4.286802 ^ _0968_/X (sky130_fd_sc_hd__a31o_2)
                                                         _0143_ (net)
                      0.211176    0.000000    4.286802 ^ _0983_/D_N (sky130_fd_sc_hd__or4b_2)
     5    0.013643    0.303874    1.587620    5.874422 v _0983_/X (sky130_fd_sc_hd__or4b_2)
                                                         _0158_ (net)
                      0.303874    0.000000    5.874422 v _1017_/A1 (sky130_fd_sc_hd__a211o_2)
     4    0.010301    0.123416    0.705279    6.579700 v _1017_/X (sky130_fd_sc_hd__a211o_2)
                                                         _0192_ (net)
                      0.123416    0.000000    6.579700 v _1050_/A1 (sky130_fd_sc_hd__a211o_2)
     5    0.017526    0.158873    0.680537    7.260238 v _1050_/X (sky130_fd_sc_hd__a211o_2)
                                                         _0225_ (net)
                      0.158873    0.000000    7.260238 v _1057_/A1 (sky130_fd_sc_hd__a21oi_2)
     2    0.009644    0.248763    0.312025    7.572262 ^ _1057_/Y (sky130_fd_sc_hd__a21oi_2)
                                                         _0232_ (net)
                      0.248763    0.000000    7.572262 ^ _1064_/A1 (sky130_fd_sc_hd__a21oi_2)
     5    0.013063    0.144160    0.223469    7.795732 v _1064_/Y (sky130_fd_sc_hd__a21oi_2)
                                                         _0239_ (net)
                      0.144160    0.000000    7.795732 v _1065_/A4 (sky130_fd_sc_hd__o41a_2)
     2    0.003887    0.117248    0.761742    8.557473 v _1065_/X (sky130_fd_sc_hd__o41a_2)
                                                         _0240_ (net)
                      0.117248    0.000000    8.557473 v _1067_/B1 (sky130_fd_sc_hd__a2bb2o_2)
     1    0.002283    0.076916    0.512635    9.070108 v _1067_/X (sky130_fd_sc_hd__a2bb2o_2)
                                                         _0242_ (net)
                      0.076916    0.000000    9.070108 v _1068_/A3 (sky130_fd_sc_hd__a31o_2)
     2    0.034738    0.195529    0.588690    9.658798 v _1068_/X (sky130_fd_sc_hd__a31o_2)
                                                         result[0] (net)
                      0.195529    0.000000    9.658798 v result[0] (out)
                                              9.658798   data arrival time

                      0.000000   10.000000   10.000000   clock __VIRTUAL_CLK__ (rise edge)
                                  0.000000   10.000000   clock network delay (ideal)
                                 -0.250000    9.750000   clock uncertainty
                                  0.000000    9.750000   clock reconvergence pessimism
                                 -2.000000    7.750000   output external delay
                                              7.750000   data required time
---------------------------------------------------------------------------------------------
                                              7.750000   data required time
                                             -9.658798   data arrival time
---------------------------------------------------------------------------------------------
                                             -1.908798   slack (VIOLATED)


Startpoint: B[1] (input port clocked by __VIRTUAL_CLK__)
Endpoint: result[18] (output port clocked by __VIRTUAL_CLK__)
Path Group: __VIRTUAL_CLK__
Path Type: max

Fanout         Cap        Slew       Delay        Time   Description
---------------------------------------------------------------------------------------------
                      0.000000    0.000000    0.000000   clock __VIRTUAL_CLK__ (rise edge)
                                  0.000000    0.000000   clock network delay (ideal)
                                  2.000000    2.000000 ^ input external delay
    48    0.159804    1.148008    0.801736    2.801736 ^ B[1] (in)
                                                         B[1] (net)
                      1.148008    0.000000    2.801736 ^ _0958_/A (sky130_fd_sc_hd__xnor2_2)
     6    0.023598    0.539479    0.594471    3.396206 ^ _0958_/Y (sky130_fd_sc_hd__xnor2_2)
                                                         _0133_ (net)
                      0.539479    0.000000    3.396206 ^ _0960_/A1 (sky130_fd_sc_hd__a21o_2)
     3    0.008486    0.099817    0.442232    3.838439 ^ _0960_/X (sky130_fd_sc_hd__a21o_2)
                                                         _0135_ (net)
                      0.099817    0.000000    3.838439 ^ _0968_/A2 (sky130_fd_sc_hd__a31o_2)
     4    0.020006    0.211176    0.448363    4.286802 ^ _0968_/X (sky130_fd_sc_hd__a31o_2)
                                                         _0143_ (net)
                      0.211176    0.000000    4.286802 ^ _0983_/D_N (sky130_fd_sc_hd__or4b_2)
     5    0.013643    0.303874    1.587620    5.874422 v _0983_/X (sky130_fd_sc_hd__or4b_2)
                                                         _0158_ (net)
                      0.303874    0.000000    5.874422 v _1017_/A1 (sky130_fd_sc_hd__a211o_2)
     4    0.010301    0.123416    0.705279    6.579700 v _1017_/X (sky130_fd_sc_hd__a211o_2)
                                                         _0192_ (net)
                      0.123416    0.000000    6.579700 v _1427_/A1 (sky130_fd_sc_hd__a21o_2)
     3    0.006812    0.078832    0.391304    6.971004 v _1427_/X (sky130_fd_sc_hd__a21o_2)
                                                         _0585_ (net)
                      0.078832    0.000000    6.971004 v _1446_/A2 (sky130_fd_sc_hd__a21o_2)
     3    0.007564    0.081886    0.407660    7.378664 v _1446_/X (sky130_fd_sc_hd__a21o_2)
                                                         _0603_ (net)
                      0.081886    0.000000    7.378664 v _1448_/B (sky130_fd_sc_hd__and2b_2)
     1    0.001582    0.063078    0.390835    7.769499 v _1448_/X (sky130_fd_sc_hd__and2b_2)
                                                         _0605_ (net)
                      0.063078    0.000000    7.769499 v _1461_/B (sky130_fd_sc_hd__or4_2)
     2    0.035024    0.414128    1.836411    9.605910 v _1461_/X (sky130_fd_sc_hd__or4_2)
                                                         result[18] (net)
                      0.414128    0.000000    9.605910 v result[18] (out)
                                              9.605910   data arrival time

                      0.000000   10.000000   10.000000   clock __VIRTUAL_CLK__ (rise edge)
                                  0.000000   10.000000   clock network delay (ideal)
                                 -0.250000    9.750000   clock uncertainty
                                  0.000000    9.750000   clock reconvergence pessimism
                                 -2.000000    7.750000   output external delay
                                              7.750000   data required time
---------------------------------------------------------------------------------------------
                                              7.750000   data required time
                                             -9.605910   data arrival time
---------------------------------------------------------------------------------------------
                                             -1.855910   slack (VIOLATED)


Startpoint: B[1] (input port clocked by __VIRTUAL_CLK__)
Endpoint: result[29] (output port clocked by __VIRTUAL_CLK__)
Path Group: __VIRTUAL_CLK__
Path Type: max

Fanout         Cap        Slew       Delay        Time   Description
---------------------------------------------------------------------------------------------
                      0.000000    0.000000    0.000000   clock __VIRTUAL_CLK__ (rise edge)
                                  0.000000    0.000000   clock network delay (ideal)
                                  2.000000    2.000000 ^ input external delay
    48    0.159804    1.148008    0.801736    2.801736 ^ B[1] (in)
                                                         B[1] (net)
                      1.148008    0.000000    2.801736 ^ _0958_/A (sky130_fd_sc_hd__xnor2_2)
     6    0.023598    0.539479    0.594471    3.396206 ^ _0958_/Y (sky130_fd_sc_hd__xnor2_2)
                                                         _0133_ (net)
                      0.539479    0.000000    3.396206 ^ _0960_/A1 (sky130_fd_sc_hd__a21o_2)
     3    0.008486    0.099817    0.442232    3.838439 ^ _0960_/X (sky130_fd_sc_hd__a21o_2)
                                                         _0135_ (net)
                      0.099817    0.000000    3.838439 ^ _0968_/A2 (sky130_fd_sc_hd__a31o_2)
     4    0.020006    0.211176    0.448363    4.286802 ^ _0968_/X (sky130_fd_sc_hd__a31o_2)
                                                         _0143_ (net)
                      0.211176    0.000000    4.286802 ^ _0983_/D_N (sky130_fd_sc_hd__or4b_2)
     5    0.013643    0.303874    1.587620    5.874422 v _0983_/X (sky130_fd_sc_hd__or4b_2)
                                                         _0158_ (net)
                      0.303874    0.000000    5.874422 v _1017_/A1 (sky130_fd_sc_hd__a211o_2)
     4    0.010301    0.123416    0.705279    6.579700 v _1017_/X (sky130_fd_sc_hd__a211o_2)
                                                         _0192_ (net)
                      0.123416    0.000000    6.579700 v _1050_/A1 (sky130_fd_sc_hd__a211o_2)
     5    0.017526    0.158873    0.680537    7.260238 v _1050_/X (sky130_fd_sc_hd__a211o_2)
                                                         _0225_ (net)
                      0.158873    0.000000    7.260238 v _1057_/A1 (sky130_fd_sc_hd__a21oi_2)
     2    0.009644    0.248763    0.312025    7.572262 ^ _1057_/Y (sky130_fd_sc_hd__a21oi_2)
                                                         _0232_ (net)
                      0.248763    0.000000    7.572262 ^ _1064_/A1 (sky130_fd_sc_hd__a21oi_2)
     5    0.013063    0.144160    0.223469    7.795732 v _1064_/Y (sky130_fd_sc_hd__a21oi_2)
                                                         _0239_ (net)
                      0.144160    0.000000    7.795732 v _1627_/B (sky130_fd_sc_hd__or2_2)
     3    0.009234    0.148904    0.702860    8.498591 v _1627_/X (sky130_fd_sc_hd__or2_2)
                                                         _0773_ (net)
                      0.148904    0.000000    8.498591 v _1637_/A4 (sky130_fd_sc_hd__a41o_2)
     1    0.002214    0.062172    0.505895    9.004486 v _1637_/X (sky130_fd_sc_hd__a41o_2)
                                                         _0783_ (net)
                      0.062172    0.000000    9.004486 v _1638_/B1 (sky130_fd_sc_hd__a31o_2)
     2    0.035024    0.196609    0.533825    9.538311 v _1638_/X (sky130_fd_sc_hd__a31o_2)
                                                         result[29] (net)
                      0.196609    0.000000    9.538311 v result[29] (out)
                                              9.538311   data arrival time

                      0.000000   10.000000   10.000000   clock __VIRTUAL_CLK__ (rise edge)
                                  0.000000   10.000000   clock network delay (ideal)
                                 -0.250000    9.750000   clock uncertainty
                                  0.000000    9.750000   clock reconvergence pessimism
                                 -2.000000    7.750000   output external delay
                                              7.750000   data required time
---------------------------------------------------------------------------------------------
                                              7.750000   data required time
                                             -9.538311   data arrival time
---------------------------------------------------------------------------------------------
                                             -1.788311   slack (VIOLATED)


Startpoint: B[0] (input port clocked by __VIRTUAL_CLK__)
Endpoint: result[28] (output port clocked by __VIRTUAL_CLK__)
Path Group: __VIRTUAL_CLK__
Path Type: max

Fanout         Cap        Slew       Delay        Time   Description
---------------------------------------------------------------------------------------------
                      0.000000    0.000000    0.000000   clock __VIRTUAL_CLK__ (rise edge)
                                  0.000000    0.000000   clock network delay (ideal)
                                  2.000000    2.000000 ^ input external delay
    73    0.318324    2.263937    1.591056    3.591056 ^ B[0] (in)
                                                         B[0] (net)
                      2.263937    0.000000    3.591056 ^ _0867_/A (sky130_fd_sc_hd__nand2_2)
     5    0.012408    0.440295    0.596854    4.187910 v _0867_/Y (sky130_fd_sc_hd__nand2_2)
                                                         _0042_ (net)
                      0.440295    0.000000    4.187910 v _1129_/A1 (sky130_fd_sc_hd__o21a_2)
     4    0.011443    0.100927    0.576735    4.764645 v _1129_/X (sky130_fd_sc_hd__o21a_2)
                                                         _0302_ (net)
                      0.100927    0.000000    4.764645 v _1171_/A2 (sky130_fd_sc_hd__o211a_2)
     3    0.007654    0.095121    0.488577    5.253222 v _1171_/X (sky130_fd_sc_hd__o211a_2)
                                                         _0342_ (net)
                      0.095121    0.000000    5.253222 v _1257_/A2 (sky130_fd_sc_hd__o31a_2)
     5    0.013681    0.143430    0.700757    5.953979 v _1257_/X (sky130_fd_sc_hd__o31a_2)
                                                         _0424_ (net)
                      0.143430    0.000000    5.953979 v _1407_/A2 (sky130_fd_sc_hd__a211o_2)
     5    0.015484    0.148481    0.729878    6.683856 v _1407_/X (sky130_fd_sc_hd__a211o_2)
                                                         _0566_ (net)
                      0.148481    0.000000    6.683856 v _1549_/A1 (sky130_fd_sc_hd__a211o_2)
     4    0.012368    0.133523    0.657378    7.341234 v _1549_/X (sky130_fd_sc_hd__a211o_2)
                                                         _0700_ (net)
                      0.133523    0.000000    7.341234 v _1618_/A1 (sky130_fd_sc_hd__a211oi_2)
     2    0.006395    0.324457    0.381771    7.723005 ^ _1618_/Y (sky130_fd_sc_hd__a211oi_2)
                                                         _0765_ (net)
                      0.324457    0.000000    7.723005 ^ _1622_/A1 (sky130_fd_sc_hd__o31ai_2)
     5    0.009611    0.170964    0.275273    7.998278 v _1622_/Y (sky130_fd_sc_hd__o31ai_2)
                                                         _0769_ (net)
                      0.170964    0.000000    7.998278 v _1623_/C (sky130_fd_sc_hd__and3_2)
     1    0.002208    0.069564    0.471944    8.470222 v _1623_/X (sky130_fd_sc_hd__and3_2)
                                                         _0770_ (net)
                      0.069564    0.000000    8.470222 v _1624_/C1 (sky130_fd_sc_hd__a211o_2)
     1    0.002214    0.078388    0.494992    8.965214 v _1624_/X (sky130_fd_sc_hd__a211o_2)
                                                         _0771_ (net)
                      0.078388    0.000000    8.965214 v _1625_/B1 (sky130_fd_sc_hd__a31o_2)
     2    0.034808    0.195771    0.538638    9.503851 v _1625_/X (sky130_fd_sc_hd__a31o_2)
                                                         result[28] (net)
                      0.195771    0.000000    9.503851 v result[28] (out)
                                              9.503851   data arrival time

                      0.000000   10.000000   10.000000   clock __VIRTUAL_CLK__ (rise edge)
                                  0.000000   10.000000   clock network delay (ideal)
                                 -0.250000    9.750000   clock uncertainty
                                  0.000000    9.750000   clock reconvergence pessimism
                                 -2.000000    7.750000   output external delay
                                              7.750000   data required time
---------------------------------------------------------------------------------------------
                                              7.750000   data required time
                                             -9.503851   data arrival time
---------------------------------------------------------------------------------------------
                                             -1.753851   slack (VIOLATED)


Startpoint: B[0] (input port clocked by __VIRTUAL_CLK__)
Endpoint: result[26] (output port clocked by __VIRTUAL_CLK__)
Path Group: __VIRTUAL_CLK__
Path Type: max

Fanout         Cap        Slew       Delay        Time   Description
---------------------------------------------------------------------------------------------
                      0.000000    0.000000    0.000000   clock __VIRTUAL_CLK__ (rise edge)
                                  0.000000    0.000000   clock network delay (ideal)
                                  2.000000    2.000000 ^ input external delay
    73    0.318324    2.263937    1.591056    3.591056 ^ B[0] (in)
                                                         B[0] (net)
                      2.263937    0.000000    3.591056 ^ _0867_/A (sky130_fd_sc_hd__nand2_2)
     5    0.012408    0.440295    0.596854    4.187910 v _0867_/Y (sky130_fd_sc_hd__nand2_2)
                                                         _0042_ (net)
                      0.440295    0.000000    4.187910 v _1129_/A1 (sky130_fd_sc_hd__o21a_2)
     4    0.011443    0.100927    0.576735    4.764645 v _1129_/X (sky130_fd_sc_hd__o21a_2)
                                                         _0302_ (net)
                      0.100927    0.000000    4.764645 v _1171_/A2 (sky130_fd_sc_hd__o211a_2)
     3    0.007654    0.095121    0.488577    5.253222 v _1171_/X (sky130_fd_sc_hd__o211a_2)
                                                         _0342_ (net)
                      0.095121    0.000000    5.253222 v _1257_/A2 (sky130_fd_sc_hd__o31a_2)
     5    0.013681    0.143430    0.700757    5.953979 v _1257_/X (sky130_fd_sc_hd__o31a_2)
                                                         _0424_ (net)
                      0.143430    0.000000    5.953979 v _1407_/A2 (sky130_fd_sc_hd__a211o_2)
     5    0.015484    0.148481    0.729878    6.683856 v _1407_/X (sky130_fd_sc_hd__a211o_2)
                                                         _0566_ (net)
                      0.148481    0.000000    6.683856 v _1549_/A1 (sky130_fd_sc_hd__a211o_2)
     4    0.012368    0.133523    0.657378    7.341234 v _1549_/X (sky130_fd_sc_hd__a211o_2)
                                                         _0700_ (net)
                      0.133523    0.000000    7.341234 v _1574_/A1 (sky130_fd_sc_hd__a21o_2)
     3    0.005965    0.075217    0.391313    7.732547 v _1574_/X (sky130_fd_sc_hd__a21o_2)
                                                         _0724_ (net)
                      0.075217    0.000000    7.732547 v _1583_/A2 (sky130_fd_sc_hd__a31o_2)
     3    0.008792    0.093245    0.454483    8.187030 v _1583_/X (sky130_fd_sc_hd__a31o_2)
                                                         _0732_ (net)
                      0.093245    0.000000    8.187030 v _1592_/A3 (sky130_fd_sc_hd__a311o_2)
     1    0.002214    0.087278    0.712054    8.899083 v _1592_/X (sky130_fd_sc_hd__a311o_2)
                                                         _0741_ (net)
                      0.087278    0.000000    8.899083 v _1593_/B1 (sky130_fd_sc_hd__a31o_2)
     2    0.034738    0.195522    0.541903    9.440987 v _1593_/X (sky130_fd_sc_hd__a31o_2)
                                                         result[26] (net)
                      0.195522    0.000000    9.440987 v result[26] (out)
                                              9.440987   data arrival time

                      0.000000   10.000000   10.000000   clock __VIRTUAL_CLK__ (rise edge)
                                  0.000000   10.000000   clock network delay (ideal)
                                 -0.250000    9.750000   clock uncertainty
                                  0.000000    9.750000   clock reconvergence pessimism
                                 -2.000000    7.750000   output external delay
                                              7.750000   data required time
---------------------------------------------------------------------------------------------
                                              7.750000   data required time
                                             -9.440987   data arrival time
---------------------------------------------------------------------------------------------
                                             -1.690987   slack (VIOLATED)


Startpoint: B[0] (input port clocked by __VIRTUAL_CLK__)
Endpoint: result[21] (output port clocked by __VIRTUAL_CLK__)
Path Group: __VIRTUAL_CLK__
Path Type: max

Fanout         Cap        Slew       Delay        Time   Description
---------------------------------------------------------------------------------------------
                      0.000000    0.000000    0.000000   clock __VIRTUAL_CLK__ (rise edge)
                                  0.000000    0.000000   clock network delay (ideal)
                                  2.000000    2.000000 ^ input external delay
    73    0.318324    2.263937    1.591056    3.591056 ^ B[0] (in)
                                                         B[0] (net)
                      2.263937    0.000000    3.591056 ^ _1070_/S0 (sky130_fd_sc_hd__mux4_2)
     3    0.004437    0.160160    1.611667    5.202724 v _1070_/X (sky130_fd_sc_hd__mux4_2)
                                                         _0244_ (net)
                      0.160160    0.000000    5.202724 v _1193_/B (sky130_fd_sc_hd__or2_2)
     1    0.002288    0.108479    0.642196    5.844919 v _1193_/X (sky130_fd_sc_hd__or2_2)
                                                         _0363_ (net)
                      0.108479    0.000000    5.844919 v _1194_/B1 (sky130_fd_sc_hd__o211a_2)
     2    0.004472    0.081159    0.265794    6.110713 v _1194_/X (sky130_fd_sc_hd__o211a_2)
                                                         _0364_ (net)
                      0.081159    0.000000    6.110713 v _1196_/B1 (sky130_fd_sc_hd__a21o_2)
     1    0.002279    0.055538    0.333463    6.444175 v _1196_/X (sky130_fd_sc_hd__a21o_2)
                                                         _0366_ (net)
                      0.055538    0.000000    6.444175 v _1198_/A2 (sky130_fd_sc_hd__a22o_2)
     2    0.006464    0.087746    0.479813    6.923988 v _1198_/X (sky130_fd_sc_hd__a22o_2)
                                                         _0368_ (net)
                      0.087746    0.000000    6.923988 v _1503_/B1 (sky130_fd_sc_hd__a21oi_2)
     1    0.002479    0.124791    0.157530    7.081517 ^ _1503_/Y (sky130_fd_sc_hd__a21oi_2)
                                                         _0657_ (net)
                      0.124791    0.000000    7.081517 ^ _1506_/B1 (sky130_fd_sc_hd__o22a_2)
     1    0.001483    0.052206    0.272413    7.353930 ^ _1506_/X (sky130_fd_sc_hd__o22a_2)
                                                         _0660_ (net)
                      0.052206    0.000000    7.353930 ^ _1507_/C_N (sky130_fd_sc_hd__or3b_2)
     1    0.002228    0.155600    0.997562    8.351492 v _1507_/X (sky130_fd_sc_hd__or3b_2)
                                                         _0661_ (net)
                      0.155600    0.000000    8.351492 v _1513_/B1 (sky130_fd_sc_hd__a41o_2)
     1    0.002228    0.062304    0.437004    8.788496 v _1513_/X (sky130_fd_sc_hd__a41o_2)
                                                         _0667_ (net)
                      0.062304    0.000000    8.788496 v _1514_/B1 (sky130_fd_sc_hd__a41o_2)
     2    0.034662    0.204778    0.565473    9.353970 v _1514_/X (sky130_fd_sc_hd__a41o_2)
                                                         result[21] (net)
                      0.204778    0.000000    9.353970 v result[21] (out)
                                              9.353970   data arrival time

                      0.000000   10.000000   10.000000   clock __VIRTUAL_CLK__ (rise edge)
                                  0.000000   10.000000   clock network delay (ideal)
                                 -0.250000    9.750000   clock uncertainty
                                  0.000000    9.750000   clock reconvergence pessimism
                                 -2.000000    7.750000   output external delay
                                              7.750000   data required time
---------------------------------------------------------------------------------------------
                                              7.750000   data required time
                                             -9.353970   data arrival time
---------------------------------------------------------------------------------------------
                                             -1.603969   slack (VIOLATED)


Startpoint: B[0] (input port clocked by __VIRTUAL_CLK__)
Endpoint: result[12] (output port clocked by __VIRTUAL_CLK__)
Path Group: __VIRTUAL_CLK__
Path Type: max

Fanout         Cap        Slew       Delay        Time   Description
---------------------------------------------------------------------------------------------
                      0.000000    0.000000    0.000000   clock __VIRTUAL_CLK__ (rise edge)
                                  0.000000    0.000000   clock network delay (ideal)
                                  2.000000    2.000000 ^ input external delay
    73    0.318324    2.263937    1.591056    3.591056 ^ B[0] (in)
                                                         B[0] (net)
                      2.263937    0.000000    3.591056 ^ _1338_/S0 (sky130_fd_sc_hd__mux4_2)
     2    0.003223    0.149338    1.592803    5.183860 v _1338_/X (sky130_fd_sc_hd__mux4_2)
                                                         _0501_ (net)
                      0.149338    0.000000    5.183860 v _1339_/A1 (sky130_fd_sc_hd__mux2_1)
     2    0.003223    0.118500    0.687865    5.871725 v _1339_/X (sky130_fd_sc_hd__mux2_1)
                                                         _0502_ (net)
                      0.118500    0.000000    5.871725 v _1340_/A1 (sky130_fd_sc_hd__mux2_1)
     2    0.004594    0.134176    0.699040    6.570765 v _1340_/X (sky130_fd_sc_hd__mux2_1)
                                                         _0503_ (net)
                      0.134176    0.000000    6.570765 v _1344_/A2 (sky130_fd_sc_hd__a22o_2)
     1    0.001413    0.058573    0.473696    7.044460 v _1344_/X (sky130_fd_sc_hd__a22o_2)
                                                         _0507_ (net)
                      0.058573    0.000000    7.044460 v _1347_/A (sky130_fd_sc_hd__or3_2)
     1    0.001248    0.147259    1.054318    8.098779 v _1347_/X (sky130_fd_sc_hd__or3_2)
                                                         _0510_ (net)
                      0.147259    0.000000    8.098779 v _1348_/C (sky130_fd_sc_hd__or3_2)
     2    0.034738    0.333373    1.250972    9.349751 v _1348_/X (sky130_fd_sc_hd__or3_2)
                                                         result[12] (net)
                      0.333373    0.000000    9.349751 v result[12] (out)
                                              9.349751   data arrival time

                      0.000000   10.000000   10.000000   clock __VIRTUAL_CLK__ (rise edge)
                                  0.000000   10.000000   clock network delay (ideal)
                                 -0.250000    9.750000   clock uncertainty
                                  0.000000    9.750000   clock reconvergence pessimism
                                 -2.000000    7.750000   output external delay
                                              7.750000   data required time
---------------------------------------------------------------------------------------------
                                              7.750000   data required time
                                             -9.349751   data arrival time
---------------------------------------------------------------------------------------------
                                             -1.599751   slack (VIOLATED)


Startpoint: B[0] (input port clocked by __VIRTUAL_CLK__)
Endpoint: result[9] (output port clocked by __VIRTUAL_CLK__)
Path Group: __VIRTUAL_CLK__
Path Type: max

Fanout         Cap        Slew       Delay        Time   Description
---------------------------------------------------------------------------------------------
                      0.000000    0.000000    0.000000   clock __VIRTUAL_CLK__ (rise edge)
                                  0.000000    0.000000   clock network delay (ideal)
                                  2.000000    2.000000 ^ input external delay
    73    0.318324    2.263937    1.591056    3.591056 ^ B[0] (in)
                                                         B[0] (net)
                      2.263937    0.000000    3.591056 ^ _1071_/S0 (sky130_fd_sc_hd__mux4_2)
     3    0.005114    0.166177    1.622186    5.213243 v _1071_/X (sky130_fd_sc_hd__mux4_2)
                                                         _0245_ (net)
                      0.166177    0.000000    5.213243 v _1072_/A1 (sky130_fd_sc_hd__mux2_1)
     3    0.004380    0.131994    0.714496    5.927739 v _1072_/X (sky130_fd_sc_hd__mux2_1)
                                                         _0246_ (net)
                      0.131994    0.000000    5.927739 v _1279_/A0 (sky130_fd_sc_hd__mux2_1)
     1    0.002283    0.107861    0.642897    6.570636 v _1279_/X (sky130_fd_sc_hd__mux2_1)
                                                         _0445_ (net)
                      0.107861    0.000000    6.570636 v _1284_/B1 (sky130_fd_sc_hd__a22o_2)
     1    0.001496    0.059138    0.379425    6.950061 v _1284_/X (sky130_fd_sc_hd__a22o_2)
                                                         _0450_ (net)
                      0.059138    0.000000    6.950061 v _1286_/B (sky130_fd_sc_hd__or3_2)
     1    0.001496    0.150627    1.009285    7.959345 v _1286_/X (sky130_fd_sc_hd__or3_2)
                                                         _0452_ (net)
                      0.150627    0.000000    7.959345 v _1291_/B (sky130_fd_sc_hd__or3_2)
     2    0.034690    0.333481    1.332928    9.292274 v _1291_/X (sky130_fd_sc_hd__or3_2)
                                                         result[9] (net)
                      0.333481    0.000000    9.292274 v result[9] (out)
                                              9.292274   data arrival time

                      0.000000   10.000000   10.000000   clock __VIRTUAL_CLK__ (rise edge)
                                  0.000000   10.000000   clock network delay (ideal)
                                 -0.250000    9.750000   clock uncertainty
                                  0.000000    9.750000   clock reconvergence pessimism
                                 -2.000000    7.750000   output external delay
                                              7.750000   data required time
---------------------------------------------------------------------------------------------
                                              7.750000   data required time
                                             -9.292274   data arrival time
---------------------------------------------------------------------------------------------
                                             -1.542274   slack (VIOLATED)


Startpoint: B[1] (input port clocked by __VIRTUAL_CLK__)
Endpoint: result[19] (output port clocked by __VIRTUAL_CLK__)
Path Group: __VIRTUAL_CLK__
Path Type: max

Fanout         Cap        Slew       Delay        Time   Description
---------------------------------------------------------------------------------------------
                      0.000000    0.000000    0.000000   clock __VIRTUAL_CLK__ (rise edge)
                                  0.000000    0.000000   clock network delay (ideal)
                                  2.000000    2.000000 ^ input external delay
    48    0.159804    1.148008    0.801736    2.801736 ^ B[1] (in)
                                                         B[1] (net)
                      1.148008    0.000000    2.801736 ^ _0958_/A (sky130_fd_sc_hd__xnor2_2)
     6    0.023598    0.539479    0.594471    3.396206 ^ _0958_/Y (sky130_fd_sc_hd__xnor2_2)
                                                         _0133_ (net)
                      0.539479    0.000000    3.396206 ^ _0960_/A1 (sky130_fd_sc_hd__a21o_2)
     3    0.008486    0.099817    0.442232    3.838439 ^ _0960_/X (sky130_fd_sc_hd__a21o_2)
                                                         _0135_ (net)
                      0.099817    0.000000    3.838439 ^ _0968_/A2 (sky130_fd_sc_hd__a31o_2)
     4    0.020006    0.211176    0.448363    4.286802 ^ _0968_/X (sky130_fd_sc_hd__a31o_2)
                                                         _0143_ (net)
                      0.211176    0.000000    4.286802 ^ _0983_/D_N (sky130_fd_sc_hd__or4b_2)
     5    0.013643    0.303874    1.587620    5.874422 v _0983_/X (sky130_fd_sc_hd__or4b_2)
                                                         _0158_ (net)
                      0.303874    0.000000    5.874422 v _1017_/A1 (sky130_fd_sc_hd__a211o_2)
     4    0.010301    0.123416    0.705279    6.579700 v _1017_/X (sky130_fd_sc_hd__a211o_2)
                                                         _0192_ (net)
                      0.123416    0.000000    6.579700 v _1427_/A1 (sky130_fd_sc_hd__a21o_2)
     3    0.006812    0.078832    0.391304    6.971004 v _1427_/X (sky130_fd_sc_hd__a21o_2)
                                                         _0585_ (net)
                      0.078832    0.000000    6.971004 v _1446_/A2 (sky130_fd_sc_hd__a21o_2)
     3    0.007564    0.081886    0.407660    7.378664 v _1446_/X (sky130_fd_sc_hd__a21o_2)
                                                         _0603_ (net)
                      0.081886    0.000000    7.378664 v _1462_/C (sky130_fd_sc_hd__and3_2)
     1    0.001496    0.064588    0.420523    7.799187 v _1462_/X (sky130_fd_sc_hd__and3_2)
                                                         _0618_ (net)
                      0.064588    0.000000    7.799187 v _1464_/B (sky130_fd_sc_hd__or3_2)
     1    0.004254    0.176607    1.058977    8.858164 v _1464_/X (sky130_fd_sc_hd__or3_2)
                                                         _0620_ (net)
                      0.176607    0.000000    8.858164 v _1476_/C (sky130_fd_sc_hd__nand3b_2)
     2    0.034930    0.357282    0.365811    9.223975 ^ _1476_/Y (sky130_fd_sc_hd__nand3b_2)
                                                         result[19] (net)
                      0.357282    0.000000    9.223975 ^ result[19] (out)
                                              9.223975   data arrival time

                      0.000000   10.000000   10.000000   clock __VIRTUAL_CLK__ (rise edge)
                                  0.000000   10.000000   clock network delay (ideal)
                                 -0.250000    9.750000   clock uncertainty
                                  0.000000    9.750000   clock reconvergence pessimism
                                 -2.000000    7.750000   output external delay
                                              7.750000   data required time
---------------------------------------------------------------------------------------------
                                              7.750000   data required time
                                             -9.223975   data arrival time
---------------------------------------------------------------------------------------------
                                             -1.473976   slack (VIOLATED)


Startpoint: B[0] (input port clocked by __VIRTUAL_CLK__)
Endpoint: result[8] (output port clocked by __VIRTUAL_CLK__)
Path Group: __VIRTUAL_CLK__
Path Type: max

Fanout         Cap        Slew       Delay        Time   Description
---------------------------------------------------------------------------------------------
                      0.000000    0.000000    0.000000   clock __VIRTUAL_CLK__ (rise edge)
                                  0.000000    0.000000   clock network delay (ideal)
                                  2.000000    2.000000 ^ input external delay
    73    0.318324    2.263937    1.591056    3.591056 ^ B[0] (in)
                                                         B[0] (net)
                      2.263937    0.000000    3.591056 ^ _0843_/S0 (sky130_fd_sc_hd__mux4_2)
     3    0.005211    0.166893    1.623694    5.214750 v _0843_/X (sky130_fd_sc_hd__mux4_2)
                                                         _0018_ (net)
                      0.166893    0.000000    5.214750 v _0844_/A1 (sky130_fd_sc_hd__mux2_1)
     2    0.004004    0.127642    0.708283    5.923033 v _0844_/X (sky130_fd_sc_hd__mux2_1)
                                                         _0019_ (net)
                      0.127642    0.000000    5.923033 v _1260_/A2 (sky130_fd_sc_hd__a21o_2)
     2    0.006000    0.075369    0.419973    6.343006 v _1260_/X (sky130_fd_sc_hd__a21o_2)
                                                         _0427_ (net)
                      0.075369    0.000000    6.343006 v _1261_/C (sky130_fd_sc_hd__and3_2)
     1    0.002258    0.069414    0.424878    6.767884 v _1261_/X (sky130_fd_sc_hd__and3_2)
                                                         _0428_ (net)
                      0.069414    0.000000    6.767884 v _1263_/B1 (sky130_fd_sc_hd__a211o_2)
     1    0.001389    0.072347    0.550249    7.318133 v _1263_/X (sky130_fd_sc_hd__a211o_2)
                                                         _0430_ (net)
                      0.072347    0.000000    7.318133 v _1271_/B (sky130_fd_sc_hd__or4b_2)
     2    0.034938    0.411772    1.810915    9.129048 v _1271_/X (sky130_fd_sc_hd__or4b_2)
                                                         result[8] (net)
                      0.411772    0.000000    9.129048 v result[8] (out)
                                              9.129048   data arrival time

                      0.000000   10.000000   10.000000   clock __VIRTUAL_CLK__ (rise edge)
                                  0.000000   10.000000   clock network delay (ideal)
                                 -0.250000    9.750000   clock uncertainty
                                  0.000000    9.750000   clock reconvergence pessimism
                                 -2.000000    7.750000   output external delay
                                              7.750000   data required time
---------------------------------------------------------------------------------------------
                                              7.750000   data required time
                                             -9.129048   data arrival time
---------------------------------------------------------------------------------------------
                                             -1.379048   slack (VIOLATED)


Startpoint: B[0] (input port clocked by __VIRTUAL_CLK__)
Endpoint: result[10] (output port clocked by __VIRTUAL_CLK__)
Path Group: __VIRTUAL_CLK__
Path Type: max

Fanout         Cap        Slew       Delay        Time   Description
---------------------------------------------------------------------------------------------
                      0.000000    0.000000    0.000000   clock __VIRTUAL_CLK__ (rise edge)
                                  0.000000    0.000000   clock network delay (ideal)
                                  2.000000    2.000000 ^ input external delay
    73    0.318324    2.263937    1.591056    3.591056 ^ B[0] (in)
                                                         B[0] (net)
                      2.263937    0.000000    3.591056 ^ _1113_/S0 (sky130_fd_sc_hd__mux4_2)
     3    0.005114    0.166043    1.622186    5.213243 v _1113_/X (sky130_fd_sc_hd__mux4_2)
                                                         _0286_ (net)
                      0.166043    0.000000    5.213243 v _1114_/A1 (sky130_fd_sc_hd__mux2_1)
     2    0.003739    0.124543    0.703372    5.916615 v _1114_/X (sky130_fd_sc_hd__mux2_1)
                                                         _0287_ (net)
                      0.124543    0.000000    5.916615 v _1298_/A0 (sky130_fd_sc_hd__mux2_1)
     1    0.001639    0.100753    0.628899    6.545514 v _1298_/X (sky130_fd_sc_hd__mux2_1)
                                                         _0463_ (net)
                      0.100753    0.000000    6.545514 v _1303_/B1 (sky130_fd_sc_hd__a2bb2o_2)
     1    0.001496    0.071724    0.497102    7.042615 v _1303_/X (sky130_fd_sc_hd__a2bb2o_2)
                                                         _0468_ (net)
                      0.071724    0.000000    7.042615 v _1305_/B (sky130_fd_sc_hd__or3_2)
     1    0.002214    0.157953    1.026537    8.069153 v _1305_/X (sky130_fd_sc_hd__or3_2)
                                                         _0470_ (net)
                      0.157953    0.000000    8.069153 v _1306_/B1 (sky130_fd_sc_hd__a31o_2)
     1    0.002214    0.060440    0.414702    8.483854 v _1306_/X (sky130_fd_sc_hd__a31o_2)
                                                         _0471_ (net)
                      0.060440    0.000000    8.483854 v _1307_/B1 (sky130_fd_sc_hd__a31o_2)
     2    0.034722    0.195423    0.532109    9.015965 v _1307_/X (sky130_fd_sc_hd__a31o_2)
                                                         result[10] (net)
                      0.195423    0.000000    9.015965 v result[10] (out)
                                              9.015965   data arrival time

                      0.000000   10.000000   10.000000   clock __VIRTUAL_CLK__ (rise edge)
                                  0.000000   10.000000   clock network delay (ideal)
                                 -0.250000    9.750000   clock uncertainty
                                  0.000000    9.750000   clock reconvergence pessimism
                                 -2.000000    7.750000   output external delay
                                              7.750000   data required time
---------------------------------------------------------------------------------------------
                                              7.750000   data required time
                                             -9.015965   data arrival time
---------------------------------------------------------------------------------------------
                                             -1.265964   slack (VIOLATED)


Startpoint: B[1] (input port clocked by __VIRTUAL_CLK__)
Endpoint: result[22] (output port clocked by __VIRTUAL_CLK__)
Path Group: __VIRTUAL_CLK__
Path Type: max

Fanout         Cap        Slew       Delay        Time   Description
---------------------------------------------------------------------------------------------
                      0.000000    0.000000    0.000000   clock __VIRTUAL_CLK__ (rise edge)
                                  0.000000    0.000000   clock network delay (ideal)
                                  2.000000    2.000000 ^ input external delay
    48    0.159804    1.148008    0.801736    2.801736 ^ B[1] (in)
                                                         B[1] (net)
                      1.148008    0.000000    2.801736 ^ _0958_/A (sky130_fd_sc_hd__xnor2_2)
     6    0.023598    0.539479    0.594471    3.396206 ^ _0958_/Y (sky130_fd_sc_hd__xnor2_2)
                                                         _0133_ (net)
                      0.539479    0.000000    3.396206 ^ _0960_/A1 (sky130_fd_sc_hd__a21o_2)
     3    0.008486    0.099817    0.442232    3.838439 ^ _0960_/X (sky130_fd_sc_hd__a21o_2)
                                                         _0135_ (net)
                      0.099817    0.000000    3.838439 ^ _0968_/A2 (sky130_fd_sc_hd__a31o_2)
     4    0.020006    0.211176    0.448363    4.286802 ^ _0968_/X (sky130_fd_sc_hd__a31o_2)
                                                         _0143_ (net)
                      0.211176    0.000000    4.286802 ^ _0983_/D_N (sky130_fd_sc_hd__or4b_2)
     5    0.013643    0.303874    1.587620    5.874422 v _0983_/X (sky130_fd_sc_hd__or4b_2)
                                                         _0158_ (net)
                      0.303874    0.000000    5.874422 v _1017_/A1 (sky130_fd_sc_hd__a211o_2)
     4    0.010301    0.123416    0.705279    6.579700 v _1017_/X (sky130_fd_sc_hd__a211o_2)
                                                         _0192_ (net)
                      0.123416    0.000000    6.579700 v _1050_/A1 (sky130_fd_sc_hd__a211o_2)
     5    0.017526    0.158873    0.680537    7.260238 v _1050_/X (sky130_fd_sc_hd__a211o_2)
                                                         _0225_ (net)
                      0.158873    0.000000    7.260238 v _1498_/B1 (sky130_fd_sc_hd__a221o_2)
     3    0.005890    0.110706    0.677067    7.937304 v _1498_/X (sky130_fd_sc_hd__a221o_2)
                                                         _0652_ (net)
                      0.110706    0.000000    7.937304 v _1516_/A3 (sky130_fd_sc_hd__a32o_2)
     2    0.003773    0.072981    0.487049    8.424353 v _1516_/X (sky130_fd_sc_hd__a32o_2)
                                                         _0669_ (net)
                      0.072981    0.000000    8.424353 v _1530_/A3 (sky130_fd_sc_hd__a31o_2)
     2    0.034722    0.195473    0.586774    9.011127 v _1530_/X (sky130_fd_sc_hd__a31o_2)
                                                         result[22] (net)
                      0.195473    0.000000    9.011127 v result[22] (out)
                                              9.011127   data arrival time

                      0.000000   10.000000   10.000000   clock __VIRTUAL_CLK__ (rise edge)
                                  0.000000   10.000000   clock network delay (ideal)
                                 -0.250000    9.750000   clock uncertainty
                                  0.000000    9.750000   clock reconvergence pessimism
                                 -2.000000    7.750000   output external delay
                                              7.750000   data required time
---------------------------------------------------------------------------------------------
                                              7.750000   data required time
                                             -9.011127   data arrival time
---------------------------------------------------------------------------------------------
                                             -1.261127   slack (VIOLATED)


Startpoint: B[0] (input port clocked by __VIRTUAL_CLK__)
Endpoint: result[7] (output port clocked by __VIRTUAL_CLK__)
Path Group: __VIRTUAL_CLK__
Path Type: max

Fanout         Cap        Slew       Delay        Time   Description
---------------------------------------------------------------------------------------------
                      0.000000    0.000000    0.000000   clock __VIRTUAL_CLK__ (rise edge)
                                  0.000000    0.000000   clock network delay (ideal)
                                  2.000000    2.000000 ^ input external delay
    73    0.318324    2.263937    1.591056    3.591056 ^ B[0] (in)
                                                         B[0] (net)
                      2.263937    0.000000    3.591056 ^ _1143_/S0 (sky130_fd_sc_hd__mux4_2)
     4    0.006799    0.176751    1.639989    5.231045 v _1143_/X (sky130_fd_sc_hd__mux4_2)
                                                         _0315_ (net)
                      0.176751    0.000000    5.231045 v _1237_/A0 (sky130_fd_sc_hd__mux4_2)
     1    0.002279    0.140850    1.037109    6.268154 v _1237_/X (sky130_fd_sc_hd__mux4_2)
                                                         _0405_ (net)
                      0.140850    0.000000    6.268154 v _1242_/A2 (sky130_fd_sc_hd__a22o_2)
     1    0.001496    0.059127    0.477677    6.745831 v _1242_/X (sky130_fd_sc_hd__a22o_2)
                                                         _0410_ (net)
                      0.059127    0.000000    6.745831 v _1249_/B (sky130_fd_sc_hd__or3_2)
     1    0.001248    0.147254    1.003188    7.749020 v _1249_/X (sky130_fd_sc_hd__or3_2)
                                                         _0417_ (net)
                      0.147254    0.000000    7.749020 v _1250_/C (sky130_fd_sc_hd__or3_2)
     2    0.034811    0.333544    1.251388    9.000408 v _1250_/X (sky130_fd_sc_hd__or3_2)
                                                         result[7] (net)
                      0.333544    0.000000    9.000408 v result[7] (out)
                                              9.000408   data arrival time

                      0.000000   10.000000   10.000000   clock __VIRTUAL_CLK__ (rise edge)
                                  0.000000   10.000000   clock network delay (ideal)
                                 -0.250000    9.750000   clock uncertainty
                                  0.000000    9.750000   clock reconvergence pessimism
                                 -2.000000    7.750000   output external delay
                                              7.750000   data required time
---------------------------------------------------------------------------------------------
                                              7.750000   data required time
                                             -9.000408   data arrival time
---------------------------------------------------------------------------------------------
                                             -1.250408   slack (VIOLATED)


Startpoint: B[1] (input port clocked by __VIRTUAL_CLK__)
Endpoint: result[25] (output port clocked by __VIRTUAL_CLK__)
Path Group: __VIRTUAL_CLK__
Path Type: max

Fanout         Cap        Slew       Delay        Time   Description
---------------------------------------------------------------------------------------------
                      0.000000    0.000000    0.000000   clock __VIRTUAL_CLK__ (rise edge)
                                  0.000000    0.000000   clock network delay (ideal)
                                  2.000000    2.000000 ^ input external delay
    48    0.159804    1.148008    0.801736    2.801736 ^ B[1] (in)
                                                         B[1] (net)
                      1.148008    0.000000    2.801736 ^ _0958_/A (sky130_fd_sc_hd__xnor2_2)
     6    0.023598    0.539479    0.594471    3.396206 ^ _0958_/Y (sky130_fd_sc_hd__xnor2_2)
                                                         _0133_ (net)
                      0.539479    0.000000    3.396206 ^ _0960_/A1 (sky130_fd_sc_hd__a21o_2)
     3    0.008486    0.099817    0.442232    3.838439 ^ _0960_/X (sky130_fd_sc_hd__a21o_2)
                                                         _0135_ (net)
                      0.099817    0.000000    3.838439 ^ _0968_/A2 (sky130_fd_sc_hd__a31o_2)
     4    0.020006    0.211176    0.448363    4.286802 ^ _0968_/X (sky130_fd_sc_hd__a31o_2)
                                                         _0143_ (net)
                      0.211176    0.000000    4.286802 ^ _0983_/D_N (sky130_fd_sc_hd__or4b_2)
     5    0.013643    0.303874    1.587620    5.874422 v _0983_/X (sky130_fd_sc_hd__or4b_2)
                                                         _0158_ (net)
                      0.303874    0.000000    5.874422 v _1017_/A1 (sky130_fd_sc_hd__a211o_2)
     4    0.010301    0.123416    0.705279    6.579700 v _1017_/X (sky130_fd_sc_hd__a211o_2)
                                                         _0192_ (net)
                      0.123416    0.000000    6.579700 v _1050_/A1 (sky130_fd_sc_hd__a211o_2)
     5    0.017526    0.158873    0.680537    7.260238 v _1050_/X (sky130_fd_sc_hd__a211o_2)
                                                         _0225_ (net)
                      0.158873    0.000000    7.260238 v _1563_/A1 (sky130_fd_sc_hd__a211o_2)
     3    0.008871    0.116486    0.638944    7.899182 v _1563_/X (sky130_fd_sc_hd__a211o_2)
                                                         _0713_ (net)
                      0.116486    0.000000    7.899182 v _1564_/B1 (sky130_fd_sc_hd__o311a_2)
     1    0.002287    0.091005    0.251717    8.150899 v _1564_/X (sky130_fd_sc_hd__o311a_2)
                                                         _0714_ (net)
                      0.091005    0.000000    8.150899 v _1578_/A2 (sky130_fd_sc_hd__a211o_2)
     2    0.034722    0.223447    0.795335    8.946235 v _1578_/X (sky130_fd_sc_hd__a211o_2)
                                                         result[25] (net)
                      0.223447    0.000000    8.946235 v result[25] (out)
                                              8.946235   data arrival time

                      0.000000   10.000000   10.000000   clock __VIRTUAL_CLK__ (rise edge)
                                  0.000000   10.000000   clock network delay (ideal)
                                 -0.250000    9.750000   clock uncertainty
                                  0.000000    9.750000   clock reconvergence pessimism
                                 -2.000000    7.750000   output external delay
                                              7.750000   data required time
---------------------------------------------------------------------------------------------
                                              7.750000   data required time
                                             -8.946235   data arrival time
---------------------------------------------------------------------------------------------
                                             -1.196234   slack (VIOLATED)


Startpoint: B[0] (input port clocked by __VIRTUAL_CLK__)
Endpoint: result[5] (output port clocked by __VIRTUAL_CLK__)
Path Group: __VIRTUAL_CLK__
Path Type: max

Fanout         Cap        Slew       Delay        Time   Description
---------------------------------------------------------------------------------------------
                      0.000000    0.000000    0.000000   clock __VIRTUAL_CLK__ (rise edge)
                                  0.000000    0.000000   clock network delay (ideal)
                                  2.000000    2.000000 ^ input external delay
    73    0.318324    2.263937    1.591056    3.591056 ^ B[0] (in)
                                                         B[0] (net)
                      2.263937    0.000000    3.591056 ^ _1070_/S0 (sky130_fd_sc_hd__mux4_2)
     3    0.004437    0.160160    1.611667    5.202724 v _1070_/X (sky130_fd_sc_hd__mux4_2)
                                                         _0244_ (net)
                      0.160160    0.000000    5.202724 v _1193_/B (sky130_fd_sc_hd__or2_2)
     1    0.002288    0.108479    0.642196    5.844919 v _1193_/X (sky130_fd_sc_hd__or2_2)
                                                         _0363_ (net)
                      0.108479    0.000000    5.844919 v _1194_/B1 (sky130_fd_sc_hd__o211a_2)
     2    0.004472    0.081159    0.265794    6.110713 v _1194_/X (sky130_fd_sc_hd__o211a_2)
                                                         _0364_ (net)
                      0.081159    0.000000    6.110713 v _1196_/B1 (sky130_fd_sc_hd__a21o_2)
     1    0.002279    0.055538    0.333463    6.444175 v _1196_/X (sky130_fd_sc_hd__a21o_2)
                                                         _0366_ (net)
                      0.055538    0.000000    6.444175 v _1198_/A2 (sky130_fd_sc_hd__a22o_2)
     2    0.006464    0.087746    0.479813    6.923988 v _1198_/X (sky130_fd_sc_hd__a22o_2)
                                                         _0368_ (net)
                      0.087746    0.000000    6.923988 v _1206_/A2 (sky130_fd_sc_hd__a22o_2)
     1    0.001496    0.059284    0.453902    7.377890 v _1206_/X (sky130_fd_sc_hd__a22o_2)
                                                         _0376_ (net)
                      0.059284    0.000000    7.377890 v _1210_/B (sky130_fd_sc_hd__or3_2)
     2    0.034811    0.334097    1.301396    8.679286 v _1210_/X (sky130_fd_sc_hd__or3_2)
                                                         result[5] (net)
                      0.334097    0.000000    8.679286 v result[5] (out)
                                              8.679286   data arrival time

                      0.000000   10.000000   10.000000   clock __VIRTUAL_CLK__ (rise edge)
                                  0.000000   10.000000   clock network delay (ideal)
                                 -0.250000    9.750000   clock uncertainty
                                  0.000000    9.750000   clock reconvergence pessimism
                                 -2.000000    7.750000   output external delay
                                              7.750000   data required time
---------------------------------------------------------------------------------------------
                                              7.750000   data required time
                                             -8.679286   data arrival time
---------------------------------------------------------------------------------------------
                                             -0.929286   slack (VIOLATED)


Startpoint: B[0] (input port clocked by __VIRTUAL_CLK__)
Endpoint: result[24] (output port clocked by __VIRTUAL_CLK__)
Path Group: __VIRTUAL_CLK__
Path Type: max

Fanout         Cap        Slew       Delay        Time   Description
---------------------------------------------------------------------------------------------
                      0.000000    0.000000    0.000000   clock __VIRTUAL_CLK__ (rise edge)
                                  0.000000    0.000000   clock network delay (ideal)
                                  2.000000    2.000000 ^ input external delay
    73    0.318324    2.263937    1.591056    3.591056 ^ B[0] (in)
                                                         B[0] (net)
                      2.263937    0.000000    3.591056 ^ _0867_/A (sky130_fd_sc_hd__nand2_2)
     5    0.012408    0.440295    0.596854    4.187910 v _0867_/Y (sky130_fd_sc_hd__nand2_2)
                                                         _0042_ (net)
                      0.440295    0.000000    4.187910 v _1129_/A1 (sky130_fd_sc_hd__o21a_2)
     4    0.011443    0.100927    0.576735    4.764645 v _1129_/X (sky130_fd_sc_hd__o21a_2)
                                                         _0302_ (net)
                      0.100927    0.000000    4.764645 v _1171_/A2 (sky130_fd_sc_hd__o211a_2)
     3    0.007654    0.095121    0.488577    5.253222 v _1171_/X (sky130_fd_sc_hd__o211a_2)
                                                         _0342_ (net)
                      0.095121    0.000000    5.253222 v _1257_/A2 (sky130_fd_sc_hd__o31a_2)
     5    0.013681    0.143430    0.700757    5.953979 v _1257_/X (sky130_fd_sc_hd__o31a_2)
                                                         _0424_ (net)
                      0.143430    0.000000    5.953979 v _1407_/A2 (sky130_fd_sc_hd__a211o_2)
     5    0.015484    0.148481    0.729878    6.683856 v _1407_/X (sky130_fd_sc_hd__a211o_2)
                                                         _0566_ (net)
                      0.148481    0.000000    6.683856 v _1549_/A1 (sky130_fd_sc_hd__a211o_2)
     4    0.012368    0.133523    0.657378    7.341234 v _1549_/X (sky130_fd_sc_hd__a211o_2)
                                                         _0700_ (net)
                      0.133523    0.000000    7.341234 v _1552_/B (sky130_fd_sc_hd__and3_2)
     1    0.002239    0.069493    0.423455    7.764688 v _1552_/X (sky130_fd_sc_hd__and3_2)
                                                         _0703_ (net)
                      0.069493    0.000000    7.764688 v _1561_/A2 (sky130_fd_sc_hd__o31a_2)
     1    0.004270    0.097167    0.624920    8.389608 v _1561_/X (sky130_fd_sc_hd__o31a_2)
                                                         _0712_ (net)
                      0.097167    0.000000    8.389608 v _1562_/B1 (sky130_fd_sc_hd__o21ai_2)
     2    0.034930    0.682965    0.282382    8.671990 ^ _1562_/Y (sky130_fd_sc_hd__o21ai_2)
                                                         result[24] (net)
                      0.682965    0.000000    8.671990 ^ result[24] (out)
                                              8.671990   data arrival time

                      0.000000   10.000000   10.000000   clock __VIRTUAL_CLK__ (rise edge)
                                  0.000000   10.000000   clock network delay (ideal)
                                 -0.250000    9.750000   clock uncertainty
                                  0.000000    9.750000   clock reconvergence pessimism
                                 -2.000000    7.750000   output external delay
                                              7.750000   data required time
---------------------------------------------------------------------------------------------
                                              7.750000   data required time
                                             -8.671990   data arrival time
---------------------------------------------------------------------------------------------
                                             -0.921991   slack (VIOLATED)


Startpoint: B[0] (input port clocked by __VIRTUAL_CLK__)
Endpoint: result[16] (output port clocked by __VIRTUAL_CLK__)
Path Group: __VIRTUAL_CLK__
Path Type: max

Fanout         Cap        Slew       Delay        Time   Description
---------------------------------------------------------------------------------------------
                      0.000000    0.000000    0.000000   clock __VIRTUAL_CLK__ (rise edge)
                                  0.000000    0.000000   clock network delay (ideal)
                                  2.000000    2.000000 ^ input external delay
    73    0.318324    2.263937    1.591056    3.591056 ^ B[0] (in)
                                                         B[0] (net)
                      2.263937    0.000000    3.591056 ^ _0843_/S0 (sky130_fd_sc_hd__mux4_2)
     3    0.005211    0.166893    1.623694    5.214750 v _0843_/X (sky130_fd_sc_hd__mux4_2)
                                                         _0018_ (net)
                      0.166893    0.000000    5.214750 v _0844_/A1 (sky130_fd_sc_hd__mux2_1)
     2    0.004004    0.127642    0.708283    5.923033 v _0844_/X (sky130_fd_sc_hd__mux2_1)
                                                         _0019_ (net)
                      0.127642    0.000000    5.923033 v _0845_/A1 (sky130_fd_sc_hd__mux2_1)
     2    0.003710    0.124110    0.687747    6.610780 v _0845_/X (sky130_fd_sc_hd__mux2_1)
                                                         _0020_ (net)
                      0.124110    0.000000    6.610780 v _1424_/A1 (sky130_fd_sc_hd__a221o_2)
     1    0.001346    0.078726    0.647775    7.258555 v _1424_/X (sky130_fd_sc_hd__a221o_2)
                                                         _0583_ (net)
                      0.078726    0.000000    7.258555 v _1425_/A (sky130_fd_sc_hd__or3b_2)
     2    0.034808    0.331412    1.332444    8.591000 v _1425_/X (sky130_fd_sc_hd__or3b_2)
                                                         result[16] (net)
                      0.331412    0.000000    8.591000 v result[16] (out)
                                              8.591000   data arrival time

                      0.000000   10.000000   10.000000   clock __VIRTUAL_CLK__ (rise edge)
                                  0.000000   10.000000   clock network delay (ideal)
                                 -0.250000    9.750000   clock uncertainty
                                  0.000000    9.750000   clock reconvergence pessimism
                                 -2.000000    7.750000   output external delay
                                              7.750000   data required time
---------------------------------------------------------------------------------------------
                                              7.750000   data required time
                                             -8.591000   data arrival time
---------------------------------------------------------------------------------------------
                                             -0.840999   slack (VIOLATED)


Startpoint: B[0] (input port clocked by __VIRTUAL_CLK__)
Endpoint: result[6] (output port clocked by __VIRTUAL_CLK__)
Path Group: __VIRTUAL_CLK__
Path Type: max

Fanout         Cap        Slew       Delay        Time   Description
---------------------------------------------------------------------------------------------
                      0.000000    0.000000    0.000000   clock __VIRTUAL_CLK__ (rise edge)
                                  0.000000    0.000000   clock network delay (ideal)
                                  2.000000    2.000000 ^ input external delay
    73    0.318324    2.263937    1.591056    3.591056 ^ B[0] (in)
                                                         B[0] (net)
                      2.263937    0.000000    3.591056 ^ _1115_/S0 (sky130_fd_sc_hd__mux4_2)
     3    0.005727    0.170558    1.629869    5.220925 v _1115_/X (sky130_fd_sc_hd__mux4_2)
                                                         _0288_ (net)
                      0.170558    0.000000    5.220925 v _1223_/A1 (sky130_fd_sc_hd__mux2_1)
     2    0.003701    0.124101    0.704494    5.925419 v _1223_/X (sky130_fd_sc_hd__mux2_1)
                                                         _0392_ (net)
                      0.124101    0.000000    5.925419 v _1225_/A0 (sky130_fd_sc_hd__mux2_1)
     1    0.002279    0.107844    0.639744    6.565164 v _1225_/X (sky130_fd_sc_hd__mux2_1)
                                                         _0394_ (net)
                      0.107844    0.000000    6.565164 v _1228_/A2 (sky130_fd_sc_hd__a22o_2)
     2    0.004545    0.077506    0.489910    7.055074 v _1228_/X (sky130_fd_sc_hd__a22o_2)
                                                         _0397_ (net)
                      0.077506    0.000000    7.055074 v _1229_/A2 (sky130_fd_sc_hd__a211o_2)
     1    0.002214    0.078385    0.602901    7.657975 v _1229_/X (sky130_fd_sc_hd__a211o_2)
                                                         _0398_ (net)
                      0.078385    0.000000    7.657975 v _1230_/B1 (sky130_fd_sc_hd__a31o_2)
     1    0.002258    0.060413    0.383126    8.041101 v _1230_/X (sky130_fd_sc_hd__a31o_2)
                                                         _0399_ (net)
                      0.060413    0.000000    8.041101 v _1231_/B1 (sky130_fd_sc_hd__a21o_2)
     2    0.034855    0.189526    0.476700    8.517800 v _1231_/X (sky130_fd_sc_hd__a21o_2)
                                                         result[6] (net)
                      0.189526    0.000000    8.517800 v result[6] (out)
                                              8.517800   data arrival time

                      0.000000   10.000000   10.000000   clock __VIRTUAL_CLK__ (rise edge)
                                  0.000000   10.000000   clock network delay (ideal)
                                 -0.250000    9.750000   clock uncertainty
                                  0.000000    9.750000   clock reconvergence pessimism
                                 -2.000000    7.750000   output external delay
                                              7.750000   data required time
---------------------------------------------------------------------------------------------
                                              7.750000   data required time
                                             -8.517800   data arrival time
---------------------------------------------------------------------------------------------
                                             -0.767800   slack (VIOLATED)


Startpoint: B[0] (input port clocked by __VIRTUAL_CLK__)
Endpoint: result[11] (output port clocked by __VIRTUAL_CLK__)
Path Group: __VIRTUAL_CLK__
Path Type: max

Fanout         Cap        Slew       Delay        Time   Description
---------------------------------------------------------------------------------------------
                      0.000000    0.000000    0.000000   clock __VIRTUAL_CLK__ (rise edge)
                                  0.000000    0.000000   clock network delay (ideal)
                                  2.000000    2.000000 ^ input external delay
    73    0.318324    2.263937    1.591056    3.591056 ^ B[0] (in)
                                                         B[0] (net)
                      2.263937    0.000000    3.591056 ^ _1317_/S0 (sky130_fd_sc_hd__mux4_2)
     2    0.003223    0.149340    1.592803    5.183860 v _1317_/X (sky130_fd_sc_hd__mux4_2)
                                                         _0481_ (net)
                      0.149340    0.000000    5.183860 v _1318_/A1 (sky130_fd_sc_hd__mux2_1)
     2    0.003043    0.116402    0.684752    5.868611 v _1318_/X (sky130_fd_sc_hd__mux2_1)
                                                         _0482_ (net)
                      0.116402    0.000000    5.868611 v _1319_/A1 (sky130_fd_sc_hd__mux2_1)
     2    0.004580    0.133895    0.698055    6.566667 v _1319_/X (sky130_fd_sc_hd__mux2_1)
                                                         _0483_ (net)
                      0.133895    0.000000    6.566667 v _1323_/A2 (sky130_fd_sc_hd__a211o_2)
     1    0.002258    0.078704    0.626117    7.192784 v _1323_/X (sky130_fd_sc_hd__a211o_2)
                                                         _0487_ (net)
                      0.078704    0.000000    7.192784 v _1324_/B1 (sky130_fd_sc_hd__a211o_2)
     1    0.002208    0.078384    0.563562    7.756346 v _1324_/X (sky130_fd_sc_hd__a211o_2)
                                                         _0488_ (net)
                      0.078384    0.000000    7.756346 v _1325_/C1 (sky130_fd_sc_hd__a211o_2)
     2    0.034811    0.223535    0.684964    8.441310 v _1325_/X (sky130_fd_sc_hd__a211o_2)
                                                         result[11] (net)
                      0.223535    0.000000    8.441310 v result[11] (out)
                                              8.441310   data arrival time

                      0.000000   10.000000   10.000000   clock __VIRTUAL_CLK__ (rise edge)
                                  0.000000   10.000000   clock network delay (ideal)
                                 -0.250000    9.750000   clock uncertainty
                                  0.000000    9.750000   clock reconvergence pessimism
                                 -2.000000    7.750000   output external delay
                                              7.750000   data required time
---------------------------------------------------------------------------------------------
                                              7.750000   data required time
                                             -8.441310   data arrival time
---------------------------------------------------------------------------------------------
                                             -0.691310   slack (VIOLATED)


Startpoint: B[0] (input port clocked by __VIRTUAL_CLK__)
Endpoint: result[15] (output port clocked by __VIRTUAL_CLK__)
Path Group: __VIRTUAL_CLK__
Path Type: max

Fanout         Cap        Slew       Delay        Time   Description
---------------------------------------------------------------------------------------------
                      0.000000    0.000000    0.000000   clock __VIRTUAL_CLK__ (rise edge)
                                  0.000000    0.000000   clock network delay (ideal)
                                  2.000000    2.000000 ^ input external delay
    73    0.318324    2.263937    1.591056    3.591056 ^ B[0] (in)
                                                         B[0] (net)
                      2.263937    0.000000    3.591056 ^ _1164_/S0 (sky130_fd_sc_hd__mux4_2)
     2    0.005701    0.170529    1.629623    5.220680 v _1164_/X (sky130_fd_sc_hd__mux4_2)
                                                         _0336_ (net)
                      0.170529    0.000000    5.220680 v _1241_/A0 (sky130_fd_sc_hd__mux2_1)
     3    0.006036    0.146871    0.714102    5.934782 v _1241_/X (sky130_fd_sc_hd__mux2_1)
                                                         _0409_ (net)
                      0.146871    0.000000    5.934782 v _1398_/A0 (sky130_fd_sc_hd__mux2_1)
     2    0.004589    0.134201    0.688087    6.622868 v _1398_/X (sky130_fd_sc_hd__mux2_1)
                                                         _0558_ (net)
                      0.134201    0.000000    6.622868 v _1399_/B1 (sky130_fd_sc_hd__a221o_2)
     1    0.002258    0.085640    0.629591    7.252459 v _1399_/X (sky130_fd_sc_hd__a221o_2)
                                                         _0559_ (net)
                      0.085640    0.000000    7.252459 v _1400_/B1 (sky130_fd_sc_hd__a21o_2)
     1    0.002214    0.055184    0.334732    7.587192 v _1400_/X (sky130_fd_sc_hd__a21o_2)
                                                         _0560_ (net)
                      0.055184    0.000000    7.587192 v _1401_/B1 (sky130_fd_sc_hd__a31o_2)
     1    0.002258    0.060365    0.375134    7.962325 v _1401_/X (sky130_fd_sc_hd__a31o_2)
                                                         _0561_ (net)
                      0.060365    0.000000    7.962325 v _1402_/B1 (sky130_fd_sc_hd__a21o_2)
     2    0.034738    0.189160    0.476271    8.438596 v _1402_/X (sky130_fd_sc_hd__a21o_2)
                                                         result[15] (net)
                      0.189160    0.000000    8.438596 v result[15] (out)
                                              8.438596   data arrival time

                      0.000000   10.000000   10.000000   clock __VIRTUAL_CLK__ (rise edge)
                                  0.000000   10.000000   clock network delay (ideal)
                                 -0.250000    9.750000   clock uncertainty
                                  0.000000    9.750000   clock reconvergence pessimism
                                 -2.000000    7.750000   output external delay
                                              7.750000   data required time
---------------------------------------------------------------------------------------------
                                              7.750000   data required time
                                             -8.438596   data arrival time
---------------------------------------------------------------------------------------------
                                             -0.688596   slack (VIOLATED)


Startpoint: B[0] (input port clocked by __VIRTUAL_CLK__)
Endpoint: result[20] (output port clocked by __VIRTUAL_CLK__)
Path Group: __VIRTUAL_CLK__
Path Type: max

Fanout         Cap        Slew       Delay        Time   Description
---------------------------------------------------------------------------------------------
                      0.000000    0.000000    0.000000   clock __VIRTUAL_CLK__ (rise edge)
                                  0.000000    0.000000   clock network delay (ideal)
                                  2.000000    2.000000 ^ input external delay
    73    0.318324    2.263937    1.591056    3.591056 ^ B[0] (in)
                                                         B[0] (net)
                      2.263937    0.000000    3.591056 ^ _0843_/S0 (sky130_fd_sc_hd__mux4_2)
     3    0.005211    0.166893    1.623694    5.214750 v _0843_/X (sky130_fd_sc_hd__mux4_2)
                                                         _0018_ (net)
                      0.166893    0.000000    5.214750 v _1174_/A1 (sky130_fd_sc_hd__mux2_1)
     2    0.002920    0.115155    0.689562    5.904312 v _1174_/X (sky130_fd_sc_hd__mux2_1)
                                                         _0345_ (net)
                      0.115155    0.000000    5.904312 v _1178_/A0 (sky130_fd_sc_hd__mux2_1)
     1    0.002279    0.107844    0.636250    6.540562 v _1178_/X (sky130_fd_sc_hd__mux2_1)
                                                         _0349_ (net)
                      0.107844    0.000000    6.540562 v _1180_/A2 (sky130_fd_sc_hd__a22o_2)
     2    0.004545    0.077506    0.489910    7.030472 v _1180_/X (sky130_fd_sc_hd__a22o_2)
                                                         _0351_ (net)
                      0.077506    0.000000    7.030472 v _1490_/B1 (sky130_fd_sc_hd__a21o_2)
     1    0.002241    0.055332    0.331830    7.362302 v _1490_/X (sky130_fd_sc_hd__a21o_2)
                                                         _0645_ (net)
                      0.055332    0.000000    7.362302 v _1494_/A2 (sky130_fd_sc_hd__a21o_2)
     1    0.002208    0.055154    0.360164    7.722466 v _1494_/X (sky130_fd_sc_hd__a21o_2)
                                                         _0649_ (net)
                      0.055154    0.000000    7.722466 v _1495_/C1 (sky130_fd_sc_hd__a211o_2)
     2    0.034808    0.223568    0.678870    8.401337 v _1495_/X (sky130_fd_sc_hd__a211o_2)
                                                         result[20] (net)
                      0.223568    0.000000    8.401337 v result[20] (out)
                                              8.401337   data arrival time

                      0.000000   10.000000   10.000000   clock __VIRTUAL_CLK__ (rise edge)
                                  0.000000   10.000000   clock network delay (ideal)
                                 -0.250000    9.750000   clock uncertainty
                                  0.000000    9.750000   clock reconvergence pessimism
                                 -2.000000    7.750000   output external delay
                                              7.750000   data required time
---------------------------------------------------------------------------------------------
                                              7.750000   data required time
                                             -8.401337   data arrival time
---------------------------------------------------------------------------------------------
                                             -0.651337   slack (VIOLATED)


Startpoint: B[0] (input port clocked by __VIRTUAL_CLK__)
Endpoint: result[3] (output port clocked by __VIRTUAL_CLK__)
Path Group: __VIRTUAL_CLK__
Path Type: max

Fanout         Cap        Slew       Delay        Time   Description
---------------------------------------------------------------------------------------------
                      0.000000    0.000000    0.000000   clock __VIRTUAL_CLK__ (rise edge)
                                  0.000000    0.000000   clock network delay (ideal)
                                  2.000000    2.000000 ^ input external delay
    73    0.318324    2.263937    1.591056    3.591056 ^ B[0] (in)
                                                         B[0] (net)
                      2.263937    0.000000    3.591056 ^ _1158_/S0 (sky130_fd_sc_hd__mux4_2)
     3    0.005062    0.165798    1.621378    5.212435 v _1158_/X (sky130_fd_sc_hd__mux4_2)
                                                         _0330_ (net)
                      0.165798    0.000000    5.212435 v _1159_/A1 (sky130_fd_sc_hd__mux2_1)
     1    0.002203    0.106751    0.676745    5.889180 v _1159_/X (sky130_fd_sc_hd__mux2_1)
                                                         _0331_ (net)
                      0.106751    0.000000    5.889180 v _1163_/A2 (sky130_fd_sc_hd__o211a_2)
     1    0.001350    0.062192    0.441180    6.330360 v _1163_/X (sky130_fd_sc_hd__o211a_2)
                                                         _0335_ (net)
                      0.062192    0.000000    6.330360 v _1169_/C (sky130_fd_sc_hd__or4b_2)
     1    0.002258    0.208629    1.419693    7.750053 v _1169_/X (sky130_fd_sc_hd__or4b_2)
                                                         _0341_ (net)
                      0.208629    0.000000    7.750053 v _1170_/B1 (sky130_fd_sc_hd__a21o_2)
     2    0.034808    0.189470    0.534312    8.284366 v _1170_/X (sky130_fd_sc_hd__a21o_2)
                                                         result[3] (net)
                      0.189470    0.000000    8.284366 v result[3] (out)
                                              8.284366   data arrival time

                      0.000000   10.000000   10.000000   clock __VIRTUAL_CLK__ (rise edge)
                                  0.000000   10.000000   clock network delay (ideal)
                                 -0.250000    9.750000   clock uncertainty
                                  0.000000    9.750000   clock reconvergence pessimism
                                 -2.000000    7.750000   output external delay
                                              7.750000   data required time
---------------------------------------------------------------------------------------------
                                              7.750000   data required time
                                             -8.284366   data arrival time
---------------------------------------------------------------------------------------------
                                             -0.534365   slack (VIOLATED)


Startpoint: B[0] (input port clocked by __VIRTUAL_CLK__)
Endpoint: result[4] (output port clocked by __VIRTUAL_CLK__)
Path Group: __VIRTUAL_CLK__
Path Type: max

Fanout         Cap        Slew       Delay        Time   Description
---------------------------------------------------------------------------------------------
                      0.000000    0.000000    0.000000   clock __VIRTUAL_CLK__ (rise edge)
                                  0.000000    0.000000   clock network delay (ideal)
                                  2.000000    2.000000 ^ input external delay
    73    0.318324    2.263937    1.591056    3.591056 ^ B[0] (in)
                                                         B[0] (net)
                      2.263937    0.000000    3.591056 ^ _0843_/S0 (sky130_fd_sc_hd__mux4_2)
     3    0.005211    0.166893    1.623694    5.214750 v _0843_/X (sky130_fd_sc_hd__mux4_2)
                                                         _0018_ (net)
                      0.166893    0.000000    5.214750 v _1174_/A1 (sky130_fd_sc_hd__mux2_1)
     2    0.002920    0.115155    0.689562    5.904312 v _1174_/X (sky130_fd_sc_hd__mux2_1)
                                                         _0345_ (net)
                      0.115155    0.000000    5.904312 v _1178_/A0 (sky130_fd_sc_hd__mux2_1)
     1    0.002279    0.107844    0.636250    6.540562 v _1178_/X (sky130_fd_sc_hd__mux2_1)
                                                         _0349_ (net)
                      0.107844    0.000000    6.540562 v _1180_/A2 (sky130_fd_sc_hd__a22o_2)
     2    0.004545    0.077506    0.489910    7.030472 v _1180_/X (sky130_fd_sc_hd__a22o_2)
                                                         _0351_ (net)
                      0.077506    0.000000    7.030472 v _1189_/A2 (sky130_fd_sc_hd__a211o_2)
     1    0.002214    0.078386    0.602901    7.633373 v _1189_/X (sky130_fd_sc_hd__a211o_2)
                                                         _0360_ (net)
                      0.078386    0.000000    7.633373 v _1190_/B1 (sky130_fd_sc_hd__a31o_2)
     2    0.034662    0.195163    0.538097    8.171470 v _1190_/X (sky130_fd_sc_hd__a31o_2)
                                                         result[4] (net)
                      0.195163    0.000000    8.171470 v result[4] (out)
                                              8.171470   data arrival time

                      0.000000   10.000000   10.000000   clock __VIRTUAL_CLK__ (rise edge)
                                  0.000000   10.000000   clock network delay (ideal)
                                 -0.250000    9.750000   clock uncertainty
                                  0.000000    9.750000   clock reconvergence pessimism
                                 -2.000000    7.750000   output external delay
                                              7.750000   data required time
---------------------------------------------------------------------------------------------
                                              7.750000   data required time
                                             -8.171470   data arrival time
---------------------------------------------------------------------------------------------
                                             -0.421470   slack (VIOLATED)


Startpoint: B[0] (input port clocked by __VIRTUAL_CLK__)
Endpoint: result[13] (output port clocked by __VIRTUAL_CLK__)
Path Group: __VIRTUAL_CLK__
Path Type: max

Fanout         Cap        Slew       Delay        Time   Description
---------------------------------------------------------------------------------------------
                      0.000000    0.000000    0.000000   clock __VIRTUAL_CLK__ (rise edge)
                                  0.000000    0.000000   clock network delay (ideal)
                                  2.000000    2.000000 ^ input external delay
    73    0.318324    2.263937    1.591056    3.591056 ^ B[0] (in)
                                                         B[0] (net)
                      2.263937    0.000000    3.591056 ^ _1073_/S (sky130_fd_sc_hd__mux2_1)
     3    0.004605    0.137622    1.124791    4.715847 v _1073_/X (sky130_fd_sc_hd__mux2_1)
                                                         _0247_ (net)
                      0.137622    0.000000    4.715847 v _1075_/A0 (sky130_fd_sc_hd__mux2_1)
     3    0.005348    0.140822    0.693198    5.409045 v _1075_/X (sky130_fd_sc_hd__mux2_1)
                                                         _0249_ (net)
                      0.140822    0.000000    5.409045 v _1357_/A1 (sky130_fd_sc_hd__mux4_2)
     1    0.002247    0.140590    1.004587    6.413632 v _1357_/X (sky130_fd_sc_hd__mux4_2)
                                                         _0519_ (net)
                      0.140590    0.000000    6.413632 v _1365_/A2 (sky130_fd_sc_hd__a221o_2)
     1    0.002258    0.085584    0.727957    7.141589 v _1365_/X (sky130_fd_sc_hd__a221o_2)
                                                         _0527_ (net)
                      0.085584    0.000000    7.141589 v _1366_/B1 (sky130_fd_sc_hd__a21o_2)
     1    0.002208    0.055151    0.334663    7.476252 v _1366_/X (sky130_fd_sc_hd__a21o_2)
                                                         _0528_ (net)
                      0.055151    0.000000    7.476252 v _1367_/C1 (sky130_fd_sc_hd__a211o_2)
     2    0.035024    0.224484    0.679755    8.156007 v _1367_/X (sky130_fd_sc_hd__a211o_2)
                                                         result[13] (net)
                      0.224484    0.000000    8.156007 v result[13] (out)
                                              8.156007   data arrival time

                      0.000000   10.000000   10.000000   clock __VIRTUAL_CLK__ (rise edge)
                                  0.000000   10.000000   clock network delay (ideal)
                                 -0.250000    9.750000   clock uncertainty
                                  0.000000    9.750000   clock reconvergence pessimism
                                 -2.000000    7.750000   output external delay
                                              7.750000   data required time
---------------------------------------------------------------------------------------------
                                              7.750000   data required time
                                             -8.156007   data arrival time
---------------------------------------------------------------------------------------------
                                             -0.406007   slack (VIOLATED)


Startpoint: B[0] (input port clocked by __VIRTUAL_CLK__)
Endpoint: result[1] (output port clocked by __VIRTUAL_CLK__)
Path Group: __VIRTUAL_CLK__
Path Type: max

Fanout         Cap        Slew       Delay        Time   Description
---------------------------------------------------------------------------------------------
                      0.000000    0.000000    0.000000   clock __VIRTUAL_CLK__ (rise edge)
                                  0.000000    0.000000   clock network delay (ideal)
                                  2.000000    2.000000 ^ input external delay
    73    0.318324    2.263937    1.591056    3.591056 ^ B[0] (in)
                                                         B[0] (net)
                      2.263937    0.000000    3.591056 ^ _1076_/S (sky130_fd_sc_hd__mux2_1)
     4    0.006631    0.155280    1.148015    4.739071 v _1076_/X (sky130_fd_sc_hd__mux2_1)
                                                         _0250_ (net)
                      0.155280    0.000000    4.739071 v _1083_/A0 (sky130_fd_sc_hd__mux2_1)
     3    0.006337    0.149483    0.711567    5.450639 v _1083_/X (sky130_fd_sc_hd__mux2_1)
                                                         _0257_ (net)
                      0.149483    0.000000    5.450639 v _1084_/A1 (sky130_fd_sc_hd__mux2_1)
     2    0.006097    0.147369    0.728522    6.179161 v _1084_/X (sky130_fd_sc_hd__mux2_1)
                                                         _0258_ (net)
                      0.147369    0.000000    6.179161 v _1085_/A1 (sky130_fd_sc_hd__mux2_1)
     1    0.002206    0.107038    0.669488    6.848649 v _1085_/X (sky130_fd_sc_hd__mux2_1)
                                                         _0259_ (net)
                      0.107038    0.000000    6.848649 v _1086_/B2 (sky130_fd_sc_hd__a22o_2)
     2    0.004541    0.077482    0.433785    7.282434 v _1086_/X (sky130_fd_sc_hd__a22o_2)
                                                         _0260_ (net)
                      0.077482    0.000000    7.282434 v _1110_/A2 (sky130_fd_sc_hd__a211o_2)
     2    0.034738    0.223434    0.789889    8.072323 v _1110_/X (sky130_fd_sc_hd__a211o_2)
                                                         result[1] (net)
                      0.223434    0.000000    8.072323 v result[1] (out)
                                              8.072323   data arrival time

                      0.000000   10.000000   10.000000   clock __VIRTUAL_CLK__ (rise edge)
                                  0.000000   10.000000   clock network delay (ideal)
                                 -0.250000    9.750000   clock uncertainty
                                  0.000000    9.750000   clock reconvergence pessimism
                                 -2.000000    7.750000   output external delay
                                              7.750000   data required time
---------------------------------------------------------------------------------------------
                                              7.750000   data required time
                                             -8.072323   data arrival time
---------------------------------------------------------------------------------------------
                                             -0.322323   slack (VIOLATED)


Startpoint: B[0] (input port clocked by __VIRTUAL_CLK__)
Endpoint: result[14] (output port clocked by __VIRTUAL_CLK__)
Path Group: __VIRTUAL_CLK__
Path Type: max

Fanout         Cap        Slew       Delay        Time   Description
---------------------------------------------------------------------------------------------
                      0.000000    0.000000    0.000000   clock __VIRTUAL_CLK__ (rise edge)
                                  0.000000    0.000000   clock network delay (ideal)
                                  2.000000    2.000000 ^ input external delay
    73    0.318324    2.263937    1.591056    3.591056 ^ B[0] (in)
                                                         B[0] (net)
                      2.263937    0.000000    3.591056 ^ _0867_/A (sky130_fd_sc_hd__nand2_2)
     5    0.012408    0.440295    0.596854    4.187910 v _0867_/Y (sky130_fd_sc_hd__nand2_2)
                                                         _0042_ (net)
                      0.440295    0.000000    4.187910 v _1129_/A1 (sky130_fd_sc_hd__o21a_2)
     4    0.011443    0.100927    0.576735    4.764645 v _1129_/X (sky130_fd_sc_hd__o21a_2)
                                                         _0302_ (net)
                      0.100927    0.000000    4.764645 v _1171_/A2 (sky130_fd_sc_hd__o211a_2)
     3    0.007654    0.095121    0.488577    5.253222 v _1171_/X (sky130_fd_sc_hd__o211a_2)
                                                         _0342_ (net)
                      0.095121    0.000000    5.253222 v _1257_/A2 (sky130_fd_sc_hd__o31a_2)
     5    0.013681    0.143430    0.700757    5.953979 v _1257_/X (sky130_fd_sc_hd__o31a_2)
                                                         _0424_ (net)
                      0.143430    0.000000    5.953979 v _1334_/A2 (sky130_fd_sc_hd__a21o_2)
     3    0.011117    0.097132    0.453108    6.407087 v _1334_/X (sky130_fd_sc_hd__a21o_2)
                                                         _0497_ (net)
                      0.097132    0.000000    6.407087 v _1355_/A2 (sky130_fd_sc_hd__a21o_2)
     3    0.008977    0.087944    0.422659    6.829746 v _1355_/X (sky130_fd_sc_hd__a21o_2)
                                                         _0517_ (net)
                      0.087944    0.000000    6.829746 v _1372_/A2 (sky130_fd_sc_hd__a31o_2)
     1    0.002203    0.060548    0.415326    7.245071 v _1372_/X (sky130_fd_sc_hd__a31o_2)
                                                         _0533_ (net)
                      0.060548    0.000000    7.245071 v _1385_/A2 (sky130_fd_sc_hd__o211a_2)
     1    0.004270    0.079293    0.449490    7.694561 v _1385_/X (sky130_fd_sc_hd__o211a_2)
                                                         _0546_ (net)
                      0.079293    0.000000    7.694561 v _1386_/B1 (sky130_fd_sc_hd__o21ai_2)
     2    0.034859    0.682088    0.273385    7.967947 ^ _1386_/Y (sky130_fd_sc_hd__o21ai_2)
                                                         result[14] (net)
                      0.682088    0.000000    7.967947 ^ result[14] (out)
                                              7.967947   data arrival time

                      0.000000   10.000000   10.000000   clock __VIRTUAL_CLK__ (rise edge)
                                  0.000000   10.000000   clock network delay (ideal)
                                 -0.250000    9.750000   clock uncertainty
                                  0.000000    9.750000   clock reconvergence pessimism
                                 -2.000000    7.750000   output external delay
                                              7.750000   data required time
---------------------------------------------------------------------------------------------
                                              7.750000   data required time
                                             -7.967947   data arrival time
---------------------------------------------------------------------------------------------
                                             -0.217947   slack (VIOLATED)


Startpoint: B[0] (input port clocked by __VIRTUAL_CLK__)
Endpoint: result[2] (output port clocked by __VIRTUAL_CLK__)
Path Group: __VIRTUAL_CLK__
Path Type: max

Fanout         Cap        Slew       Delay        Time   Description
---------------------------------------------------------------------------------------------
                      0.000000    0.000000    0.000000   clock __VIRTUAL_CLK__ (rise edge)
                                  0.000000    0.000000   clock network delay (ideal)
                                  2.000000    2.000000 ^ input external delay
    73    0.318324    2.263937    1.591056    3.591056 ^ B[0] (in)
                                                         B[0] (net)
                      2.263937    0.000000    3.591056 ^ _1135_/S (sky130_fd_sc_hd__mux2_1)
     1    0.001671    0.104680    1.074542    4.665599 v _1135_/X (sky130_fd_sc_hd__mux2_1)
                                                         _0308_ (net)
                      0.104680    0.000000    4.665599 v _1136_/A2_N (sky130_fd_sc_hd__o2bb2a_2)
     2    0.009373    0.149582    0.515193    5.180791 ^ _1136_/X (sky130_fd_sc_hd__o2bb2a_2)
                                                         _0309_ (net)
                      0.149582    0.000000    5.180791 ^ _1137_/B (sky130_fd_sc_hd__nor2_2)
     3    0.006027    0.130902    0.098284    5.279076 v _1137_/Y (sky130_fd_sc_hd__nor2_2)
                                                         _0310_ (net)
                      0.130902    0.000000    5.279076 v _1138_/B1 (sky130_fd_sc_hd__a221o_2)
     1    0.002214    0.085341    0.627903    5.906979 v _1138_/X (sky130_fd_sc_hd__a221o_2)
                                                         _0311_ (net)
                      0.085341    0.000000    5.906979 v _1139_/B1 (sky130_fd_sc_hd__a31o_2)
     1    0.002156    0.060013    0.385012    6.291990 v _1139_/X (sky130_fd_sc_hd__a31o_2)
                                                         _0312_ (net)
                      0.060013    0.000000    6.291990 v _1140_/B1 (sky130_fd_sc_hd__a311o_2)
     1    0.002208    0.087201    0.646096    6.938086 v _1140_/X (sky130_fd_sc_hd__a311o_2)
                                                         _0313_ (net)
                      0.087201    0.000000    6.938086 v _1141_/C1 (sky130_fd_sc_hd__a211o_2)
     2    0.035024    0.224487    0.688869    7.626955 v _1141_/X (sky130_fd_sc_hd__a211o_2)
                                                         result[2] (net)
                      0.224487    0.000000    7.626955 v result[2] (out)
                                              7.626955   data arrival time

                      0.000000   10.000000   10.000000   clock __VIRTUAL_CLK__ (rise edge)
                                  0.000000   10.000000   clock network delay (ideal)
                                 -0.250000    9.750000   clock uncertainty
                                  0.000000    9.750000   clock reconvergence pessimism
                                 -2.000000    7.750000   output external delay
                                              7.750000   data required time
---------------------------------------------------------------------------------------------
                                              7.750000   data required time
                                             -7.626955   data arrival time
---------------------------------------------------------------------------------------------
                                              0.123046   slack (MET)



