net,length_um
clknet_0_clk,952.02µm
net11,670.91µm
net16,661.42µm
net765,592.475µm
net565,567.03µm
_1748_,555.99µm
_1753_,550.09µm
net637,547.12µm
net573,506.78µm
net562,498.37µm
net634,470.78µm
_1761_,468.22µm
net635,467.84µm
net579,467.565µm
net600,463.75µm
net580,462.17µm
net577,452.23µm
net575,436.52µm
net563,423.09µm
net510,419.81µm
net720,416.47µm
net822,397.61µm
net292,397.53µm
_1735_,393.69µm
net572,387.68µm
net502,383.335µm
net992,381.78µm
net283,380.135µm
net526,376.695µm
net151,371.55µm
net13,371.14µm
net144,360.01µm
net171,356.97µm
net780,355.44µm
net308,355.06µm
net147,353.64µm
net561,353.2µm
net412,351.62µm
net518,349.74µm
net300,349.52µm
net186,349.05µm
net8,348.06µm
net751,346.85µm
net1020,346.1µm
net1003,345.49µm
net863,344.24µm
_1739_,340.71µm
net302,340.04µm
net356,339.41µm
_1733_,338.98µm
clk,338.47µm
net672,338.39µm
net1038,336.5µm
net464,335.785µm
net176,333.28µm
net548,332.34µm
_2474_,331.34µm
net142,330.32µm
net157,330.3µm
net700,330.26µm
net691,329.74µm
net372,329.4µm
net731,328.71µm
net253,328.26µm
net116,327.93µm
net733,325.83µm
net330,324.945µm
_2482_,324.805µm
_2485_,324.8µm
net294,324.545µm
net238,324.51µm
net240,322.68µm
net405,321.865µm
net453,321.605µm
net365,321.395µm
net662,321.06µm
net327,320.6µm
_2448_,320.36µm
net465,319.89µm
_2484_,319.59µm
net618,319.36µm
net7,318.56µm
net351,316.895µm
net386,316.75µm
_1031_,316.34µm
net551,315.65µm
net154,315.5µm
net382,315.17µm
net670,315.04µm
net681,314.36µm
net556,314.06µm
_1738_,313.83µm
net599,313.39µm
net705,313.29µm
net137,313.16µm
net363,313.02µm
net598,312.81µm
net328,312.455µm
net454,312.29µm
_2491_,311.95µm
net334,311.92µm
net570,311.38µm
net624,311.1µm
net1012,310.52µm
net242,310.3µm
net746,310.06µm
net716,309.835µm
net371,309.715µm
net364,309.025µm
net772,308.51µm
_2490_,308.41µm
_2444_,308µm
net355,307.08µm
net260,307.01µm
net629,306.08µm
net200,306.03µm
net353,305.7µm
net134,305.41µm
net349,305.285µm
net136,305.17µm
net500,304.665µm
net179,304.58µm
net376,304.335µm
net118,303.96µm
net231,303.67µm
net609,303.405µm
net119,303.33µm
net557,302.61µm
_2480_,302.01µm
net407,300.905µm
net396,300.305µm
net266,300.14µm
net546,298.865µm
net156,298.85µm
_2423_,298.79µm
net864,298.73µm
net630,298.45µm
net661,298.32µm
net245,297.98µm
net455,297.975µm
net697,296.2µm
net325,295.91µm
net167,295.6µm
net139,295.12µm
net329,294.78µm
net664,294.76µm
net160,294.58µm
net559,294.46µm
net183,294.43µm
net576,294.38µm
_2489_,293.55µm
net133,293.54µm
net281,293.26µm
_2449_,293.15µm
_2426_,293.01µm
net310,292.86µm
net332,292.84µm
net140,292.44µm
net647,292.37µm
net437,291.76µm
net358,291.28µm
net384,291.12µm
net394,290.47µm
net146,290.36µm
_2458_,290.3µm
_2427_,289.66µm
net457,289.465µm
net169,289.37µm
net1037,289.17µm
net174,289.14µm
net161,289.06µm
net374,288.345µm
_2469_,288.33µm
net236,288.27µm
net712,288.08µm
net504,287.89µm
net496,287.72µm
_2477_,287.06µm
net350,286.425µm
net193,286.23µm
net426,285.885µm
net149,285.79µm
net508,285.79µm
net173,285.74µm
_2465_,285.67µm
net274,285.67µm
net489,285.515µm
net479,285.4µm
net459,284.995µm
net259,284.13µm
net322,283.73µm
net553,283.25µm
net166,281.5µm
net341,281.405µm
_2424_,280.47µm
_2472_,280.4µm
net601,280.37µm
net389,280.345µm
_2442_,280.05µm
net710,279.9µm
net398,279.895µm
net667,279.03µm
net1054,278.91µm
net234,278.71µm
net387,278.64µm
net290,278.53µm
net993,278.15µm
net235,278.04µm
_2454_,277.87µm
net403,276.825µm
net360,276.715µm
net431,276.565µm
net739,276.5µm
net408,276.255µm
net550,275.86µm
net1075,275.43µm
net115,274.57µm
net204,274.38µm
net367,274.02µm
net393,273.865µm
net163,273.81µm
net182,273.64µm
net528,273.58µm
net269,273.57µm
net591,273.27µm
net343,273.135µm
net503,272.92µm
_2463_,272.055µm
net379,271.96µm
net153,271.45µm
net685,271.155µm
net357,270.88µm
_2440_,270.72µm
net400,270.305µm
net331,270.12µm
net323,269.92µm
net223,269.9µm
net1055,269.81µm
_2487_,269.8µm
net380,269.775µm
net316,267.86µm
net651,267.28µm
net516,267.045µm
net414,266.865µm
net114,266.78µm
net628,266.73µm
net127,266.68µm
net267,266.45µm
net520,266.34µm
net511,266.275µm
net419,265.86µm
net649,265.61µm
_2467_,265.41µm
net655,265.24µm
net1008,264.65µm
net348,264.515µm
net288,264.51µm
net689,264.5µm
net210,264.36µm
net486,263.825µm
net540,263.67µm
net197,263.28µm
net633,262.96µm
net535,262.285µm
net1135,261.69µm
net702,261.68µm
net671,261.64µm
net533,261.6µm
net471,261.025µm
net524,260.97µm
net611,260.345µm
_2483_,259.95µm
net512,259.39µm
net392,258.74µm
net568,258.54µm
net743,258.51µm
net554,258.13µm
net373,257.595µm
_2452_,257.45µm
net180,256.75µm
net190,256.695µm
net244,256.54µm
net683,256.16µm
net383,256.02µm
net745,255.945µm
net519,255.805µm
net306,255.79µm
_2486_,255.41µm
net378,254.96µm
net1018,254.395µm
net495,254.305µm
net410,253.94µm
net196,253.89µm
net444,253.8µm
net352,253.64µm
net735,253.63µm
net148,253.56µm
net336,253.52µm
net201,253.42µm
net460,253.29µm
net482,253.02µm
net469,252.53µm
net542,251.775µm
net391,251.585µm
net693,251.45µm
net616,251.39µm
net248,251.07µm
net737,250.965µm
_2456_,250.86µm
net725,250.79µm
net567,250.53µm
net603,250.04µm
net428,249.995µm
net216,249.87µm
net424,249.85µm
net451,249.64µm
_2488_,249.25µm
net747,248.1µm
net1005,248.02µm
net121,247.86µm
net397,247.305µm
net177,246.91µm
net273,246.59µm
net750,245.96µm
net243,245.4µm
net421,245.32µm
net659,245.265µm
net832,244.595µm
net279,244.3µm
net571,244µm
net463,243.995µm
net434,243.77µm
net544,243.58µm
net695,243.52µm
net225,242.75µm
net187,242.46µm
net475,242.265µm
net262,241.98µm
net168,241.63µm
net401,241.615µm
net255,241.53µm
net162,240.47µm
_2460_,240.36µm
net304,238.91µm
net246,238.9µm
net415,238.445µm
net631,238.38µm
net422,238.17µm
net1010,237.34µm
net417,237.335µm
net164,237.25µm
net641,236.95µm
net203,236.92µm
_1026_,236.815µm
net233,236.48µm
net643,235.66µm
net665,235.65µm
net298,235.51µm
net257,235.2µm
net493,234.98µm
net145,234.89µm
net194,234.84µm
_2481_,234.15µm
net462,234.04µm
net1007,233.18µm
net152,233.09µm
net696,232.04µm
net699,231.87µm
net491,231.645µm
net277,231.13µm
net138,229.98µm
net17,229.84µm
net663,229.78µm
net741,229.77µm
net346,229.46µm
net596,229.045µm
net675,229.03µm
net285,228.36µm
net678,227.85µm
net594,227.73µm
net583,226.71µm
net466,225.745µm
clknet_4_8_0_clk,225.49µm
net252,225.41µm
net218,224.99µm
net994,224.56µm
net1014,223.565µm
net560,223.33µm
net377,223.3µm
net613,221.62µm
net531,221.545µm
net477,220.265µm
net687,220.01µm
net30,219.83µm
net165,219.32µm
net369,219.28µm
net657,219.26µm
clknet_4_6_0_clk,218.2µm
net124,217.86µm
net607,217.69µm
net680,217.58µm
net339,216.845µm
net141,216.73µm
net276,216.54µm
net395,216.36µm
net538,216.11µm
net625,215.87µm
net271,215.83µm
_1028_,215.27µm
net132,215.12µm
net362,215.095µm
net286,215.09µm
net468,214.98µm
net381,214.58µm
net587,214.53µm
net175,214.45µm
net439,213.005µm
net189,212.79µm
_2475_,211.715µm
net639,211.03µm
net714,210.66µm
net1095,210.3µm
net498,210.225µm
net429,209.29µm
net420,209.14µm
net612,208.79µm
net605,208.61µm
net226,208.36µm
net361,208.24µm
net390,208.18µm
net317,207.93µm
net718,207.875µm
net209,207.625µm
net446,207.385µm
net1028,207.17µm
net723,207.095µm
net564,206.8µm
net1017,205.92µm
net729,205.855µm
net585,205.37µm
net851,204.53µm
net679,204.11µm
net727,203.95µm
net666,203.51µm
net767,203.23µm
clknet_4_14_0_clk,203.06µm
net636,202.98µm
net208,202.8µm
net645,202.19µm
net214,202.06µm
net438,201.955µm
clknet_4_12_0_clk,201.48µm
net1043,201.17µm
net555,200.5µm
net484,200.06µm
net130,199.61µm
net1105,199.01µm
net1053,198.79µm
clknet_4_10_0_clk,198.26µm
net778,197.94µm
clknet_4_0_0_clk,197.8µm
net368,197.55µm
net748,197.04µm
net296,196.59µm
net473,195.2µm
net569,194.04µm
net1036,193.81µm
net313,193.08µm
net206,192.95µm
net188,192.57µm
net523,192.56µm
net779,192.22µm
net740,191.935µm
net669,191.32µm
net694,191.14µm
net821,190.85µm
net47,190.68µm
net760,190.58µm
net668,190.23µm
net1134,190.17µm
net592,189.665µm
clknet_4_4_0_clk,189.62µm
net1049,189.57µm
net311,189.44µm
net12,188.96µm
net515,188.76µm
net456,188.375µm
clknet_4_1_0_clk,188.14µm
net595,187.97µm
net205,187.67µm
net409,187.62µm
net301,187.55µm
net319,187.55µm
net293,186.86µm
net435,186.705µm
clknet_4_11_0_clk,186.49µm
net1040,185.37µm
net1015,185.25µm
net215,185.14µm
net917,184.93µm
net191,184.64µm
net284,184.64µm
net622,184.54µm
net566,184.04µm
_2470_,184µm
_1030_,183.68µm
net432,183.195µm
net264,182.53µm
_2466_,182.36µm
net406,182.2µm
net230,182.16µm
net536,181.685µm
net754,181.27µm
net547,181.2µm
net979,180.65µm
net27,180.63µm
_1048_,180.61µm
net770,180.45µm
net250,179.73µm
net513,178.745µm
net1026,178.47µm
_2459_,178.15µm
clknet_4_2_0_clk,177.52µm
net529,177.5µm
net738,177.44µm
net195,177.25µm
net707,176.98µm
net690,176.59µm
net505,176.455µm
net370,176.415µm
_2464_,176.08µm
net939,176.01µm
net158,175.98µm
net22,175.52µm
net1051,175.52µm
clknet_4_15_0_clk,175.33µm
net344,175.245µm
net413,175.105µm
net305,174.875µm
net198,174.81µm
net674,174.67µm
net614,174.2µm
net45,174.17µm
net184,173.9µm
clknet_4_5_0_clk,173.37µm
net769,173.34µm
net777,173.16µm
net517,172.24µm
net385,172.14µm
net676,171.88µm
net399,171.345µm
clknet_4_9_0_clk,171.22µm
net1034,171.17µm
net297,170.8µm
net128,170.53µm
_2468_,170.52µm
net991,169.22µm
net632,168.7µm
net337,168.455µm
net320,167.83µm
net1030,167.82µm
net416,167.76µm
net525,167.44µm
net6,167.38µm
net449,167.03µm
net33,167.02µm
net507,166.89µm
net122,166.59µm
net1022,165.52µm
net227,165.31µm
net487,164.705µm
net619,164.63µm
clknet_4_7_0_clk,164.355µm
net314,164.3µm
net275,164.16µm
net402,163.845µm
net159,163.73µm
net15,163.1µm
net192,162.83µm
net217,162.75µm
net213,162.48µm
_2478_,162.05µm
net764,161.95µm
net652,161.86µm
net29,161.47µm
net43,161.41µm
net541,161.325µm
net653,161.08µm
net228,160.89µm
net1024,160.62µm
net698,160.05µm
net172,160.04µm
net644,159.54µm
net584,159.5µm
net763,159.47µm
net447,158.78µm
net1011,158.63µm
net499,158.47µm
net728,158.44µm
net658,158.42µm
net318,157.895µm
net604,157.455µm
net324,157.32µm
net222,157.015µm
clknet_4_13_0_clk,156.85µm
net521,156.785µm
net589,156.11µm
net448,156µm
net199,155.97µm
net1045,155.09µm
net418,154.82µm
net472,154.715µm
net220,154.37µm
net46,154.31µm
net212,153.76µm
net125,152.98µm
net753,152.4µm
net443,152.005µm
net229,151.97µm
_1734_,151.94µm
net623,151.04µm
net494,151.035µm
net467,150.99µm
net1047,150.97µm
net21,150.85µm
net758,150.78µm
net545,150.695µm
net131,150.62µm
net441,150.61µm
net543,150.46µm
net450,149.94µm
net492,149.225µm
net761,149.17µm
net221,149.07µm
net776,148.72µm
net178,148.1µm
net219,147.91µm
net937,147.44µm
net485,147.39µm
net959,147.37µm
_1034_,147.21µm
net440,147.115µm
_2446_,146.85µm
clknet_4_3_0_clk,146.3µm
net964,146.24µm
net955,146.22µm
net249,145.8µm
net442,144.905µm
net452,144.485µm
net258,143.75µm
net207,143.27µm
net445,142.925µm
net117,142.81µm
net506,142.74µm
net593,142.47µm
net185,142.28µm
net430,142.23µm
net24,142.04µm
net990,141.93µm
net211,141.66µm
net1059,141.39µm
net904,141.26µm
net558,140.21µm
net928,139.49µm
net588,139.48µm
net411,138.965µm
net19,138.67µm
net181,138.59µm
net709,138.56µm
net654,138.34µm
net1041,138.22µm
net900,137.96µm
net927,137.87µm
net366,137.66µm
net23,137.5µm
net656,136.69µm
net987,136.62µm
net970,136.39µm
net89,136.38µm
net972,136.25µm
net966,136.14µm
net272,135.81µm
net38,135.72µm
net129,135.29µm
net497,135.245µm
net1123,135.24µm
net945,135.18µm
_2461_,134.52µm
net1085,134.44µm
net995,134.36µm
net708,134.3µm
net692,134.28µm
net898,133.17µm
net903,132.89µm
net123,132.78µm
net501,132.64µm
net774,132.58µm
_2451_,131.74µm
net951,131.4µm
net795,131.35µm
net31,131.3µm
net155,130.92µm
net295,130.46µm
net425,130.225µm
net752,129.83µm
net958,129.65µm
net850,129.58µm
net480,129.355µm
net845,129.18µm
net756,129.08µm
net1099,128.78µm
net461,128.66µm
net1033,128.38µm
net912,128.16µm
net433,128.105µm
net968,128.06µm
net224,127.73µm
net135,127.58µm
net436,127.58µm
net717,127.535µm
net251,127.18µm
net916,127.1µm
net703,126.65µm
net427,126.445µm
net896,125.46µm
net742,125.36µm
net44,124.9µm
net879,124.82µm
net1027,124.74µm
net843,124.69µm
net638,124.62µm
net1064,124.3µm
net522,124.035µm
net359,123.91µm
net514,123.855µm
net263,123.8µm
net887,123.17µm
net885,123.125µm
net404,123.075µm
net620,123.065µm
net785,123.01µm
net289,121.92µm
net867,121.79µm
net280,121.54µm
clknet_leaf_45_clk,121.46µm
net237,121.28µm
net202,120.81µm
net270,120.56µm
net812,120.31µm
net1107,120.22µm
net509,120.2µm
net957,119.85µm
net1069,119.63µm
net1009,119.58µm
_2479_,119.38µm
net976,119.375µm
net889,119.07µm
net615,119.06µm
net901,118.89µm
clknet_leaf_17_clk,117.78µm
net873,117.44µm
net838,117.21µm
net816,116.97µm
net948,116.7µm
net312,116.46µm
net894,116.09µm
net423,115.92µm
net947,115.88µm
net388,115.75µm
net883,115.575µm
net861,115.56µm
net905,115.54µm
net648,115.05µm
net907,114.86µm
net621,114.82µm
net5,114.365µm
net943,113.58µm
net989,113.34µm
net326,113.25µm
net25,112.88µm
net985,112.595µm
net48,111.91µm
net713,111.785µm
net1093,111.65µm
net877,111.6µm
net967,111.6µm
net921,111.46µm
net819,110.91µm
net1074,110.9µm
net762,110.72µm
net627,110.52µm
net986,110.515µm
net303,110.48µm
net840,110.08µm
net835,109.99µm
net953,109.845µm
_1511_,109.68µm
net906,109.38µm
net941,109.18µm
net982,109.1µm
net960,109.02µm
net552,109µm
_1025_,108.46µm
net478,108.315µm
net865,108.14µm
net924,107.94µm
net247,107.87µm
clknet_leaf_85_clk,107.52µm
net57,107.28µm
net830,107.26µm
clknet_leaf_101_clk,106.615µm
net788,106.56µm
net1032,106.46µm
net256,106.33µm
net1125,106.24µm
_2471_,105.95µm
clknet_leaf_16_clk,105.93µm
net1108,105.91µm
clknet_leaf_70_clk,105.66µm
net893,105.47µm
_1998_,105.44µm
net315,105.39µm
net800,105.22µm
clknet_leaf_59_clk,105.18µm
net809,104.8µm
net744,104.75µm
net818,104.64µm
net956,104.545µm
net773,104.5µm
net784,104.42µm
net859,104.4µm
net1072,104.21µm
net926,104.035µm
clknet_leaf_38_clk,103.96µm
net796,103.81µm
net977,103.46µm
net4,103.4µm
clknet_leaf_39_clk,103.36µm
clknet_leaf_66_clk,103.28µm
_1922_,103.26µm
net1118,103.15µm
_1311_,103.12µm
net1096,103.11µm
clknet_leaf_64_clk,103.08µm
net975,103.02µm
net1087,102.95µm
net988,102.82µm
net895,102.775µm
net755,102.6µm
_1027_,102.43µm
net857,102.36µm
net549,101.82µm
clknet_leaf_82_clk,101.78µm
net841,101.61µm
clknet_leaf_57_clk,101.44µm
net52,101.42µm
net910,101.37µm
clknet_leaf_100_clk,101µm
net790,100.76µm
net826,100.64µm
clknet_leaf_18_clk,100.47µm
clknet_leaf_49_clk,100.355µm
net871,100.24µm
net984,99.91µm
net1116,99.82µm
clknet_leaf_99_clk,99.56µm
net870,99.48µm
_2476_,99.36µm
net759,99.32µm
net345,99.24µm
net875,99.06µm
clknet_leaf_27_clk,98.84µm
net799,98.56µm
net105,98.46µm
clknet_leaf_31_clk,98.27µm
net1031,98.17µm
net919,98.04µm
net1089,97.77µm
net722,97.72µm
net823,97.63µm
net1130,97.62µm
_1206_,97.36µm
net232,97.06µm
net1058,96.76µm
net793,96.71µm
clknet_leaf_79_clk,96.7µm
clknet_leaf_26_clk,96.6µm
net834,96.56µm
net28,96.44µm
net1114,96.39µm
net954,96.2µm
net820,95.68µm
clknet_leaf_24_clk,95.24µm
net1076,95.22µm
clknet_leaf_44_clk,95.18µm
net530,95.115µm
net42,94.96µm
net1112,94.85µm
net881,94.8µm
clknet_leaf_14_clk,94.695µm
net852,94.6µm
clknet_leaf_50_clk,94.355µm
net847,93.98µm
net470,93.86µm
net732,93.755µm
clknet_leaf_87_clk,93.72µm
clknet_leaf_95_clk,92.9µm
net1071,92.63µm
clknet_leaf_65_clk,92.46µm
clknet_leaf_71_clk,91.96µm
clknet_leaf_15_clk,91.85µm
net278,91.77µm
net120,91.68µm
net1101,91.67µm
clknet_leaf_61_clk,91.655µm
net930,91.62µm
net974,91.58µm
clknet_leaf_103_clk,91.42µm
net686,91.3µm
net766,91.3µm
clknet_leaf_80_clk,90.82µm
net537,90.655µm
net1,90.52µm
clknet_leaf_74_clk,90.48µm
net805,90.44µm
net961,90.28µm
net1042,90.04µm
clknet_leaf_84_clk,89.86µm
net539,89.815µm
clknet_leaf_35_clk,89.66µm
net1001,89.56µm
clknet_leaf_1_clk,89.52µm
net1127,89.51µm
net1103,89.37µm
clknet_leaf_12_clk,89.32µm
net309,89.29µm
net684,89.2µm
net935,89.16µm
net1082,89.13µm
clknet_leaf_20_clk,89.1µm
net814,88.8µm
net913,88.75µm
net35,88.68µm
net1091,88.58µm
net828,88.5µm
clknet_leaf_11_clk,88.48µm
_1376_,88.34µm
net869,88.12µm
net321,88.1µm
clknet_leaf_92_clk,88.02µm
_1436_,88.01µm
net1104,87.66µm
net241,87.6µm
net980,87.36µm
net49,87.28µm
net82,86.94µm
net1039,86.94µm
net831,86.92µm
net1029,86.64µm
net797,86.42µm
net962,86.34µm
clknet_leaf_97_clk,86.18µm
net922,86.12µm
clknet_leaf_52_clk,86.02µm
clknet_leaf_41_clk,85.92µm
net1119,85.68µm
net911,85.47µm
clknet_leaf_37_clk,85.42µm
clknet_leaf_0_clk,84.88µm
net791,84.81µm
clknet_leaf_77_clk,84.72µm
net915,84.42µm
net813,84.35µm
clknet_leaf_3_clk,84.34µm
net458,83.98µm
clknet_leaf_25_clk,83.97µm
clknet_leaf_90_clk,83.825µm
net1057,83.71µm
net1083,83.68µm
net1006,83.62µm
net810,83.61µm
net1065,83.59µm
_1035_,83.35µm
net9,83.35µm
net606,83.07µm
clknet_leaf_23_clk,83.06µm
clknet_leaf_9_clk,82.955µm
net786,82.92µm
clknet_leaf_43_clk,82.88µm
clknet_leaf_68_clk,82.82µm
_1724_,82.76µm
clknet_leaf_69_clk,82.76µm
net1120,82.73µm
net26,82.4µm
clknet_leaf_86_clk,82.32µm
net1131,82.26µm
net1115,82.24µm
net853,82.03µm
clknet_leaf_98_clk,81.92µm
net1061,81.76µm
net892,81.44µm
clknet_leaf_33_clk,81.26µm
_1032_,81.04µm
_1403_,80.84µm
clknet_leaf_78_clk,80.82µm
net102,80.74µm
clknet_leaf_58_clk,80.54µm
net878,80.52µm
clknet_leaf_67_clk,80.47µm
_1972_,80.44µm
_2397_,80.43µm
net1111,80.43µm
clknet_leaf_53_clk,80.3µm
net949,80.13µm
clknet_leaf_30_clk,79.94µm
net268,79.8µm
net862,79.79µm
net914,79.78µm
net1013,79.48µm
net849,79.34µm
net1068,79.33µm
_2036_,79.16µm
net100,78.87µm
clknet_leaf_22_clk,78.78µm
clknet_leaf_94_clk,78.615µm
net782,78.47µm
_2041_,78.38µm
net1079,78.36µm
net534,78.285µm
net884,78.2µm
net1100,78.19µm
net1062,78.06µm
net933,78.015µm
net340,77.91µm
net706,77.825µm
clknet_leaf_21_clk,77.82µm
net936,77.79µm
net891,77.76µm
clknet_leaf_10_clk,77.62µm
net897,77.58µm
net929,77.58µm
net1106,77.57µm
net899,77.52µm
net2,77.36µm
clknet_leaf_81_clk,77.36µm
net1102,77.325µm
_1911_,77.24µm
clknet_leaf_13_clk,77.24µm
clknet_leaf_6_clk,77.18µm
net952,77.095µm
net1078,76.82µm
net1025,76.8µm
net978,76.66µm
net932,76.6µm
clknet_leaf_5_clk,76.22µm
net880,76.15µm
clknet_leaf_56_clk,76.14µm
net1122,76.08µm
net802,76.05µm
net1050,75.92µm
net909,75.82µm
clknet_leaf_29_clk,75.78µm
_1876_,75.76µm
clknet_leaf_47_clk,75.76µm
_1085_,75.74µm
net54,75.6µm
clknet_leaf_42_clk,75.36µm
clknet_leaf_28_clk,75.34µm
net1067,75.23µm
net660,75.22µm
net846,75.17µm
clknet_leaf_63_clk,75.16µm
net981,74.8µm
net1077,74.73µm
clknet_leaf_36_clk,74.68µm
net824,74.62µm
net923,74.26µm
clknet_leaf_91_clk,74.2µm
net798,74.07µm
net1132,74.03µm
_1218_,73.98µm
clknet_leaf_96_clk,73.96µm
clknet_leaf_83_clk,73.9µm
net1113,73.84µm
clknet_leaf_51_clk,73.58µm
clknet_leaf_55_clk,73.54µm
net126,73.52µm
net806,73.42µm
clknet_leaf_19_clk,73.4µm
net338,73.095µm
_1732_,73.02µm
net1117,72.82µm
clknet_leaf_89_clk,72.74µm
net65,72.72µm
net860,72.65µm
clknet_leaf_88_clk,72.65µm
_1333_,72.56µm
clknet_leaf_8_clk,72.54µm
net944,72.46µm
clknet_leaf_2_clk,72.46µm
net771,72.24µm
clknet_leaf_73_clk,72.2µm
clknet_leaf_72_clk,71.98µm
net488,71.955µm
net839,71.95µm
net931,71.82µm
clknet_leaf_60_clk,71.74µm
net107,71.6µm
net794,71.56µm
net1073,71.48µm
net265,71.32µm
net1080,71.24µm
clknet_leaf_32_clk,71.18µm
net872,71.08µm
net983,71.06µm
clknet_leaf_62_clk,70.91µm
net1088,70.48µm
_2293_,70.36µm
net855,70.31µm
net866,70.16µm
net973,70.13µm
_2188_,69.98µm
clknet_leaf_75_clk,69.76µm
net902,69.755µm
net833,69.67µm
net789,69.575µm
clknet_leaf_48_clk,69.32µm
net291,69.3µm
net724,69.09µm
clknet_leaf_76_clk,68.36µm
_1467_,68.32µm
net1090,68.19µm
_1251_,68.02µm
net532,67.945µm
net64,67.92µm
net342,67.475µm
net586,67.41µm
net807,67.32µm
clknet_leaf_93_clk,67.3µm
_1865_,67.2µm
_1831_,67.14µm
clknet_leaf_102_clk,66.84µm
_1029_,66.79µm
_2455_,66.78µm
net963,66.38µm
_1056_,66.36µm
_2078_,66.22µm
net483,66.22µm
_2129_,66.16µm
net347,66.115µm
net969,66.07µm
net282,66.06µm
_2432_,66.02µm
net34,65.78µm
net829,65.78µm
_1778_,65.7µm
net1086,65.69µm
_1698_,65.62µm
_2380_,65.6µm
net768,65.54µm
net1070,65.49µm
clknet_leaf_46_clk,65.46µm
net942,65.41µm
net882,65.36µm
net261,65.3µm
_1580_,65.2µm
net110,65.2µm
clknet_leaf_7_clk,65.035µm
clknet_leaf_40_clk,64.84µm
net886,64.77µm
net1121,64.52µm
_1496_,64.44µm
_1167_,64.42µm
net854,64.41µm
_1054_,64.36µm
net1063,64.27µm
net938,64.16µm
net950,64.1µm
net844,63.69µm
clknet_leaf_4_clk,63.62µm
net335,63.075µm
net60,62.96µm
net965,62.93µm
net90,62.66µm
net91,62.66µm
net801,62.55µm
net842,62.47µm
_1229_,62.34µm
_1768_,62.34µm
net803,62.18µm
net527,62.145µm
net1097,62.03µm
net876,61.86µm
net69,61.84µm
net837,61.35µm
net1124,60.99µm
net1066,60.89µm
_2247_,60.68µm
net908,60.52µm
net787,60.19µm
net682,60.18µm
net1109,59.8µm
_1145_,59.6µm
net827,59.43µm
net781,59.31µm
net836,59.11µm
_1190_,59.02µm
net1110,58.98µm
clknet_leaf_54_clk,58.12µm
net1044,58.1µm
net920,58.08µm
net934,57.94µm
net1081,57.87µm
_2428_,57.6µm
_2347_,57.42µm
net890,57.04µm
_2287_,56.98µm
net848,56.79µm
net106,56.76µm
_2438_,56.74µm
net80,56.7µm
_2425_,56.51µm
net476,56.16µm
_2177_,56.02µm
net997,55.83µm
_1371_,55.56µm
_1355_,55.44µm
_1882_,55.4µm
_1125_,54.92µm
net481,54.755µm
net925,54.66µm
net1084,54.63µm
_1173_,54.585µm
net254,54.56µm
net474,54.405µm
net792,54.35µm
net590,54.27µm
net888,54.035µm
net715,53.79µm
_1978_,53.6µm
_1399_,53.575µm
_1527_,53.4µm
_1301_,53.16µm
net287,53.12µm
net804,53µm
clknet_leaf_34_clk,52.74µm
_1451_,52.48µm
_1854_,52.44µm
net783,52.25µm
net971,52.25µm
_1807_,51.78µm
_2316_,51.14µm
_2430_,50.96µm
net646,50.835µm
_1240_,50.74µm
net96,50.66µm
net1021,50.6µm
_2297_,50.52µm
_1651_,50.38µm
net1048,50.37µm
net996,50.19µm
_2133_,50µm
_1624_,49.955µm
net868,49.69µm
net67,49.48µm
_1943_,49.32µm
_2160_,49.28µm
_1419_,49.2µm
net61,48.98µm
_2415_,48.94µm
net940,48.68µm
net1126,48.55µm
net811,48.44µm
net1000,48.04µm
net70,47.8µm
_1622_,47.74µm
_2419_,47.54µm
net66,47.18µm
_2143_,46.8µm
net1060,46.5µm
_1279_,46.1µm
_2203_,45.98µm
_1328_,45.97µm
net946,45.34µm
_1899_,44.94µm
_2457_,44.92µm
net808,44.835µm
_1024_,44.72µm
net94,44.64µm
_1468_,44.32µm
_1516_,44.32µm
net918,44.24µm
net490,44.22µm
net71,43.58µm
register\[25\]\[15\],43.52µm
net1092,43.26µm
net610,43.24µm
_1278_,42.92µm
_2353_,42.73µm
net88,42.7µm
_1634_,42.62µm
_2433_,42.56µm
_1937_,41.38µm
net375,41.3µm
net1046,41.16µm
_2257_,41.04µm
net98,40.74µm
_2102_,40.7µm
net79,40.64µm
we,40.51µm
net10,40.46µm
net1052,40.44µm
_1640_,40.38µm
_2117_,40.28µm
register\[24\]\[15\],40.24µm
rd1[0],40.21µm
net50,40.1µm
rs1[4],39.52µm
net1129,39.19µm
net111,39.16µm
_2306_,39.06µm
net642,39.02µm
_2435_,39µm
rd[4],38.81µm
_1506_,38.78µm
register\[8\]\[5\],38.68µm
net62,38.64µm
net74,38.62µm
_1080_,38.52µm
_2437_,38.5µm
wd[24],38.41µm
_1812_,38.4µm
net103,38.3µm
net757,38.1µm
net78,37.94µm
rd[0],37.88µm
rd2[29],37.74µm
_1398_,37.5µm
net640,37.48µm
net143,37.46µm
net726,37.385µm
_1755_,37.24µm
_1688_,37.22µm
_1742_,37.05µm
_2213_,36.99µm
_2268_,36.92µm
_1983_,36.84µm
_1544_,36.805µm
net58,36.64µm
_1452_,36.62µm
_2436_,36.5µm
wd[5],36.31µm
net20,36.3µm
net99,36µm
_2273_,35.94µm
_2416_,35.86µm
register\[24\]\[11\],35.62µm
net874,35.62µm
net84,35.5µm
_2368_,35.18µm
net1023,34.94µm
net856,34.37µm
_2225_,34.32µm
net998,34.1µm
net239,33.98µm
register\[9\]\[18\],33.96µm
rd[3],33.93µm
net95,33.92µm
_2441_,33.84µm
net815,33.57µm
_1579_,33.5µm
_1597_,33.48µm
_2009_,33.38µm
_1694_,33.32µm
net3,33.3µm
_1521_,33.26µm
net817,33.25µm
net75,33.14µm
net18,32.96µm
_1586_,32.8µm
net582,32.8µm
rd1[13],32.66µm
register\[27\]\[19\],32.52µm
net170,32.42µm
rd2[25],32.4µm
_1574_,32.34µm
_1463_,32.32µm
net77,32.3µm
net40,32.16µm
net333,32.16µm
register\[26\]\[0\],32.12µm
register\[8\]\[10\],32.12µm
_1113_,32.08µm
net858,32.07µm
_1062_,32.06µm
wd[10],31.89µm
_2123_,31.88µm
net59,31.82µm
_1124_,31.7µm
register\[9\]\[10\],31.68µm
_1473_,31.62µm
_2101_,31.56µm
_1960_,31.5µm
_2042_,31.48µm
_2024_,31.42µm
_1671_,31.405µm
net1227,31.4µm
_1366_,31.38µm
net36,31.34µm
net86,31.28µm
_2447_,31.2µm
net354,31.12µm
_1343_,31.08µm
_1566_,30.98µm
register\[24\]\[27\],30.84µm
register\[18\]\[23\],30.82µm
_2431_,30.81µm
_1757_,30.76µm
net1463,30.56µm
wd[6],30.53µm
_1763_,30.46µm
rs2[3],30.45µm
net2134,30.44µm
net85,30.32µm
register\[25\]\[18\],30.32µm
net150,30.3µm
net608,30.25µm
rd1[24],30.23µm
net730,30.22µm
net701,29.985µm
_2223_,29.96µm
_1864_,29.9µm
_2269_,29.88µm
net1973,29.84µm
_1418_,29.5µm
rd2[15],29.39µm
_1214_,29.36µm
net101,29.36µm
register\[2\]\[6\],29.32µm
_1091_,29.3µm
register\[19\]\[0\],29.28µm
net1621,29.28µm
_2417_,29.24µm
net81,29.22µm
_1084_,29.16µm
_2155_,29.085µm
_0376_,28.955µm
net55,28.86µm
net53,28.82µm
net83,28.8µm
register\[29\]\[28\],28.8µm
net2035,28.74µm
rd2[7],28.64µm
register\[20\]\[31\],28.62µm
rd[2],28.55µm
rd1[4],28.54µm
net87,28.5µm
net63,28.4µm
net2100,28.4µm
_0015_,28.325µm
register\[8\]\[18\],28.32µm
wd[14],28.24µm
net2090,28.24µm
_1086_,28.195µm
wd[21],28.12µm
_1257_,28.1µm
rd[1],27.93µm
_1741_,27.92µm
rd1[9],27.9µm
net1137,27.9µm
net68,27.88µm
_1689_,27.8µm
_2333_,27.74µm
net72,27.74µm
wd[26],27.74µm
_1852_,27.72µm
_2112_,27.72µm
_1200_,27.7µm
register\[5\]\[30\],27.68µm
_1641_,27.66µm
register\[4\]\[30\],27.64µm
register\[8\]\[0\],27.54µm
register\[26\]\[2\],27.5µm
register\[17\]\[4\],27.46µm
register\[3\]\[30\],27.32µm
net1914,27.28µm
_1350_,27.26µm
_1174_,27.24µm
net2067,27.22µm
wd[23],27.14µm
net1698,27.14µm
wd[2],27.04µm
wd[19],27.03µm
_1518_,27.02µm
net73,26.98µm
register\[26\]\[19\],26.96µm
_2015_,26.9µm
_1194_,26.88µm
net93,26.88µm
_1391_,26.86µm
_2202_,26.86µm
net1907,26.86µm
_2374_,26.76µm
_1431_,26.74µm
_2161_,26.72µm
rd2[16],26.65µm
_1039_,26.61µm
register\[0\]\[3\],26.54µm
_1860_,26.48µm
register\[26\]\[15\],26.48µm
register\[25\]\[5\],26.44µm
net1862,26.44µm
rd1[20],26.42µm
net1609,26.4µm
register\[4\]\[7\],26.38µm
wd[27],26.34µm
register\[3\]\[0\],26.24µm
_0569_,26.23µm
wd[0],26.22µm
wd[30],26.22µm
register\[3\]\[7\],26.2µm
_1489_,26.16µm
register\[17\]\[17\],26.16µm
_1665_,26.14µm
rs2[4],26.13µm
_2420_,26.12µm
register\[10\]\[21\],26.12µm
net749,26.12µm
_1892_,26.1µm
_1063_,26.095µm
register\[2\]\[26\],26.07µm
_2045_,26.06µm
net1981,26.04µm
net1961,26µm
_0067_,25.98µm
register\[24\]\[5\],25.9µm
register\[9\]\[26\],25.86µm
net1035,25.86µm
net1705,25.8µm
_1523_,25.78µm
register\[16\]\[1\],25.76µm
register\[0\]\[5\],25.74µm
net1510,25.74µm
_1023_,25.705µm
_0524_,25.695µm
register\[26\]\[3\],25.66µm
_1533_,25.64µm
register\[24\]\[29\],25.58µm
_2413_,25.56µm
_1612_,25.52µm
_2069_,25.52µm
_1658_,25.46µm
register\[24\]\[10\],25.46µm
_1563_,25.44µm
register\[9\]\[21\],25.44µm
register\[25\]\[12\],25.34µm
register\[8\]\[27\],25.34µm
_1349_,25.32µm
wd[12],25.3µm
_0550_,25.285µm
net2019,25.28µm
_2086_,25.22µm
register\[19\]\[11\],25.12µm
net92,25.1µm
net1913,25.1µm
register\[26\]\[8\],25.06µm
rd2[9],24.96µm
net1493,24.96µm
register\[19\]\[31\],24.94µm
net1349,24.92µm
_1953_,24.9µm
_2342_,24.82µm
net1742,24.82µm
register\[17\]\[27\],24.8µm
register\[27\]\[11\],24.8µm
net2139,24.8µm
_1169_,24.74µm
net2058,24.72µm
register\[21\]\[7\],24.68µm
_1789_,24.64µm
_1397_,24.6µm
register\[27\]\[2\],24.58µm
net1885,24.58µm
_2408_,24.52µm
rd1[6],24.49µm
register\[26\]\[12\],24.48µm
_1607_,24.38µm
net2086,24.38µm
register\[21\]\[16\],24.36µm
register\[25\]\[24\],24.35µm
net1434,24.34µm
_1453_,24.32µm
register\[13\]\[31\],24.3µm
_2263_,24.26µm
register\[9\]\[1\],24.26µm
register\[12\]\[9\],24.22µm
register\[15\]\[14\],24.2µm
register\[7\]\[9\],24.18µm
net76,24.16µm
net1322,24.16µm
_1845_,24.14µm
rd2[18],24.12µm
register\[2\]\[18\],24.1µm
net2141,24.04µm
rd1[10],24.01µm
net1706,24µm
_1367_,23.985µm
_2082_,23.98µm
register\[29\]\[0\],23.96µm
_0079_,23.92µm
register\[9\]\[15\],23.92µm
net1814,23.92µm
net2048,23.92µm
_1295_,23.9µm
net1757,23.84µm
net1777,23.84µm
register\[26\]\[11\],23.82µm
net108,23.8µm
net1937,23.72µm
net2065,23.72µm
net1506,23.68µm
net1382,23.66µm
register\[25\]\[11\],23.6µm
register\[15\]\[21\],23.57µm
register\[25\]\[29\],23.56µm
register\[29\]\[19\],23.56µm
register\[9\]\[5\],23.56µm
register\[20\]\[15\],23.54µm
net1204,23.54µm
net1229,23.52µm
_1073_,23.5µm
net41,23.5µm
net1819,23.5µm
register\[0\]\[25\],23.4µm
register\[31\]\[2\],23.4µm
register\[10\]\[1\],23.38µm
register\[24\]\[16\],23.38µm
net1908,23.38µm
_2439_,23.36µm
register\[17\]\[19\],23.32µm
_0527_,23.305µm
register\[18\]\[0\],23.3µm
_0828_,23.285µm
register\[14\]\[1\],23.28µm
_0248_,23.245µm
_2375_,23.24µm
rd1[7],23.24µm
register\[0\]\[16\],23.18µm
_1319_,23.14µm
_1394_,23.14µm
_2196_,23.12µm
register\[12\]\[2\],23.1µm
_0001_,23.085µm
net2137,23.08µm
register\[14\]\[24\],23.06µm
net1718,23.04µm
net37,23.02µm
_2153_,22.98µm
_0614_,22.965µm
_0470_,22.96µm
_1895_,22.96µm
net1686,22.96µm
net2145,22.96µm
_1170_,22.94µm
net1989,22.94µm
_1985_,22.92µm
register\[3\]\[20\],22.89µm
net1837,22.84µm
register\[25\]\[22\],22.81µm
register\[25\]\[27\],22.8µm
net1925,22.8µm
_1537_,22.74µm
net1986,22.74µm
_0373_,22.725µm
_1494_,22.72µm
net1203,22.7µm
net2007,22.7µm
_0175_,22.665µm
register\[20\]\[7\],22.64µm
_2176_,22.62µm
_1207_,22.605µm
register\[27\]\[22\],22.6µm
_2394_,22.54µm
register\[23\]\[21\],22.54µm
_2056_,22.5µm
_2224_,22.5µm
register\[18\]\[16\],22.5µm
net1243,22.46µm
register\[27\]\[24\],22.4µm
_1592_,22.38µm
register\[0\]\[29\],22.38µm
_1893_,22.34µm
net711,22.295µm
_1958_,22.28µm
register\[4\]\[25\],22.26µm
net1439,22.26µm
_0921_,22.245µm
net704,22.22µm
net1815,22.2µm
register\[18\]\[31\],22.18µm
net1512,22.18µm
net2013,22.18µm
_2043_,22.16µm
register\[25\]\[28\],22.16µm
register\[18\]\[19\],22.15µm
_2046_,22.14µm
register\[20\]\[16\],22.14µm
net1676,22.12µm
_0546_,22.065µm
register\[13\]\[21\],22.06µm
net1094,22.04µm
register\[15\]\[16\],21.98µm
wd[29],21.98µm
_1318_,21.965µm
_2004_,21.96µm
register\[21\]\[24\],21.96µm
net1899,21.96µm
net2113,21.96µm
_1137_,21.94µm
net2032,21.94µm
_0445_,21.93µm
register\[1\]\[30\],21.92µm
register\[7\]\[13\],21.92µm
_2422_,21.9µm
net1821,21.9µm
_1426_,21.86µm
net1768,21.82µm
_0057_,21.785µm
_1790_,21.78µm
_2182_,21.78µm
_1424_,21.76µm
register\[3\]\[25\],21.76µm
register\[26\]\[4\],21.74µm
net2128,21.74µm
register\[4\]\[15\],21.72µm
_1052_,21.7µm
_1069_,21.7µm
register\[27\]\[30\],21.7µm
net1605,21.68µm
net109,21.66µm
_1396_,21.64µm
net1955,21.64µm
register\[23\]\[26\],21.62µm
register\[2\]\[21\],21.62µm
net1985,21.6µm
register\[10\]\[11\],21.58µm
register\[18\]\[26\],21.56µm
rd1[1],21.52µm
register\[1\]\[29\],21.5µm
_1843_,21.48µm
register\[18\]\[30\],21.48µm
net1951,21.46µm
register\[19\]\[24\],21.44µm
register\[21\]\[5\],21.44µm
register\[6\]\[8\],21.44µm
register\[12\]\[16\],21.43µm
_1928_,21.34µm
net1016,21.32µm
_1837_,21.28µm
register\[24\]\[9\],21.28µm
register\[6\]\[4\],21.28µm
register\[31\]\[15\],21.27µm
_0911_,21.265µm
register\[0\]\[9\],21.26µm
net719,21.26µm
register\[9\]\[17\],21.24µm
net1254,21.24µm
_1138_,21.2µm
_1233_,21.2µm
register\[23\]\[31\],21.2µm
net2014,21.2µm
_0579_,21.185µm
register\[17\]\[28\],21.18µm
_0262_,21.165µm
_0641_,21.145µm
register\[11\]\[16\],21.14µm
register\[21\]\[17\],21.14µm
_1409_,21.12µm
net97,21.12µm
net1571,21.12µm
register\[25\]\[13\],21.08µm
register\[27\]\[0\],21.08µm
register\[8\]\[26\],21.08µm
_1448_,21.04µm
register\[25\]\[2\],21.04µm
register\[6\]\[19\],21.04µm
_2061_,21.035µm
register\[26\]\[10\],21µm
register\[26\]\[18\],20.96µm
_1228_,20.94µm
_2313_,20.94µm
register\[5\]\[13\],20.94µm
rd1[30],20.94µm
net1504,20.94µm
register\[27\]\[13\],20.93µm
register\[5\]\[28\],20.92µm
register\[25\]\[9\],20.9µm
register\[28\]\[19\],20.9µm
register\[31\]\[27\],20.9µm
net1782,20.9µm
_0507_,20.885µm
register\[29\]\[24\],20.88µm
net1840,20.86µm
net2077,20.86µm
register\[15\]\[9\],20.84µm
register\[28\]\[24\],20.84µm
net1578,20.84µm
register\[27\]\[21\],20.83µm
register\[1\]\[4\],20.82µm
register\[5\]\[20\],20.82µm
net1556,20.82µm
register\[28\]\[31\],20.8µm
net1744,20.8µm
_2299_,20.78µm
register\[2\]\[27\],20.78µm
net1600,20.78µm
register\[1\]\[25\],20.76µm
net1878,20.76µm
register\[13\]\[7\],20.74µm
register\[1\]\[5\],20.74µm
net1902,20.72µm
net1962,20.72µm
register\[17\]\[15\],20.7µm
net1164,20.7µm
rd2[10],20.69µm
_1971_,20.68µm
_2372_,20.68µm
net1171,20.66µm
net1732,20.64µm
register\[9\]\[28\],20.62µm
register\[16\]\[15\],20.57µm
register\[13\]\[9\],20.56µm
register\[5\]\[18\],20.54µm
_1139_,20.52µm
_1172_,20.52µm
_1191_,20.52µm
register\[22\]\[7\],20.52µm
register\[15\]\[13\],20.5µm
register\[19\]\[19\],20.48µm
rd1[8],20.47µm
_2096_,20.46µm
register\[24\]\[23\],20.46µm
register\[27\]\[1\],20.46µm
register\[26\]\[22\],20.44µm
register\[1\]\[11\],20.42µm
register\[24\]\[20\],20.42µm
net1231,20.42µm
register\[0\]\[26\],20.41µm
rd2[19],20.41µm
_2250_,20.38µm
register\[0\]\[8\],20.37µm
register\[19\]\[26\],20.36µm
rd2[6],20.35µm
_0361_,20.345µm
_2407_,20.34µm
_0515_,20.325µm
register\[16\]\[4\],20.32µm
net1205,20.32µm
net1834,20.32µm
_1457_,20.305µm
register\[28\]\[13\],20.28µm
register\[5\]\[15\],20.28µm
net1778,20.28µm
_2373_,20.26µm
register\[11\]\[6\],20.26µm
rd1[15],20.25µm
net1994,20.24µm
net2025,20.24µm
register\[0\]\[22\],20.22µm
register\[21\]\[11\],20.22µm
_1065_,20.19µm
register\[12\]\[14\],20.18µm
register\[24\]\[24\],20.18µm
register\[2\]\[16\],20.17µm
register\[18\]\[27\],20.16µm
rd1[17],20.15µm
wd[16],20.14µm
net1783,20.14µm
register\[23\]\[16\],20.1µm
register\[5\]\[7\],20.1µm
_2462_,20.09µm
register\[2\]\[4\],20.09µm
_2370_,20.08µm
register\[16\]\[16\],20.08µm
_1283_,20.06µm
register\[8\]\[11\],20.06µm
register\[13\]\[30\],20.04µm
register\[13\]\[18\],20.02µm
rd1[23],20.02µm
_1676_,20µm
net113,20µm
register\[26\]\[31\],20µm
register\[8\]\[22\],20µm
_1551_,19.98µm
_1647_,19.98µm
register\[16\]\[22\],19.98µm
register\[16\]\[5\],19.98µm
register\[17\]\[16\],19.98µm
register\[17\]\[24\],19.98µm
register\[19\]\[30\],19.98µm
register\[9\]\[13\],19.98µm
rd1[25],19.98µm
net1002,19.98µm
net1468,19.98µm
net1726,19.98µm
register\[23\]\[29\],19.96µm
register\[26\]\[17\],19.96µm
net1150,19.96µm
_0217_,19.945µm
_1883_,19.94µm
net2059,19.94µm
register\[14\]\[31\],19.92µm
register\[5\]\[25\],19.92µm
register\[25\]\[17\],19.9µm
net2097,19.9µm
_2378_,19.88µm
register\[24\]\[0\],19.88µm
register\[7\]\[7\],19.88µm
net1812,19.86µm
_0017_,19.845µm
register\[23\]\[22\],19.84µm
_0520_,19.825µm
register\[0\]\[18\],19.82µm
net2064,19.82µm
net2094,19.82µm
register\[16\]\[0\],19.8µm
net1282,19.8µm
register\[25\]\[14\],19.78µm
register\[29\]\[8\],19.78µm
net2070,19.78µm
register\[27\]\[25\],19.76µm
net1910,19.74µm
register\[8\]\[28\],19.7µm
register\[7\]\[27\],19.68µm
register\[23\]\[1\],19.66µm
register\[25\]\[19\],19.66µm
register\[10\]\[3\],19.64µm
register\[10\]\[6\],19.64µm
net1796,19.64µm
_1236_,19.62µm
register\[6\]\[0\],19.62µm
net2126,19.62µm
_2379_,19.6µm
register\[11\]\[5\],19.6µm
register\[16\]\[19\],19.6µm
register\[1\]\[17\],19.6µm
register\[9\]\[24\],19.6µm
net1737,19.6µm
_0253_,19.585µm
_0463_,19.58µm
register\[2\]\[23\],19.56µm
register\[1\]\[26\],19.54µm
register\[28\]\[12\],19.52µm
net1269,19.52µm
net1695,19.52µm
net1911,19.52µm
register\[29\]\[21\],19.5µm
net1553,19.5µm
register\[6\]\[24\],19.48µm
_1838_,19.46µm
net1711,19.46µm
_0166_,19.425µm
_0848_,19.425µm
register\[10\]\[4\],19.42µm
register\[3\]\[9\],19.42µm
register\[9\]\[14\],19.42µm
net1212,19.42µm
register\[23\]\[13\],19.4µm
register\[25\]\[26\],19.4µm
register\[29\]\[23\],19.4µm
net1273,19.4µm
net1296,19.4µm
net1795,19.4µm
net1541,19.39µm
_0244_,19.385µm
register\[24\]\[12\],19.38µm
_2267_,19.36µm
register\[19\]\[27\],19.36µm
net1590,19.36µm
_0809_,19.345µm
_2132_,19.32µm
register\[1\]\[8\],19.32µm
wd[13],19.32µm
_1290_,19.3µm
_1449_,19.3µm
register\[23\]\[4\],19.3µm
register\[28\]\[21\],19.3µm
register\[11\]\[10\],19.28µm
register\[3\]\[1\],19.28µm
net2111,19.28µm
register\[12\]\[0\],19.26µm
register\[9\]\[0\],19.26µm
_0969_,19.24µm
_1230_,19.24µm
register\[19\]\[15\],19.24µm
register\[27\]\[6\],19.24µm
_2108_,19.22µm
register\[18\]\[1\],19.22µm
register\[8\]\[19\],19.22µm
_1005_,19.215µm
_1057_,19.2µm
_1934_,19.2µm
register\[9\]\[30\],19.2µm
register\[28\]\[15\],19.18µm
net1509,19.18µm
_1752_,19.16µm
_1923_,19.16µm
register\[14\]\[16\],19.16µm
register\[16\]\[17\],19.16µm
register\[23\]\[7\],19.16µm
register\[2\]\[0\],19.16µm
register\[24\]\[14\],19.15µm
rd2[8],19.15µm
_1713_,19.14µm
register\[1\]\[18\],19.14µm
net1330,19.14µm
register\[3\]\[12\],19.12µm
register\[22\]\[9\],19.11µm
_2218_,19.08µm
_1535_,19.06µm
net1292,19.06µm
_1553_,19.04µm
register\[12\]\[5\],19.04µm
net1208,19.04µm
net1582,19.04µm
_0310_,19.025µm
register\[11\]\[18\],19.02µm
register\[2\]\[14\],19.02µm
net1633,19.02µm
net1915,19.02µm
_1939_,19µm
register\[8\]\[23\],18.98µm
register\[9\]\[19\],18.98µm
_2339_,18.96µm
register\[19\]\[21\],18.96µm
register\[26\]\[27\],18.96µm
net1454,18.96µm
_0822_,18.945µm
_0910_,18.945µm
register\[15\]\[4\],18.94µm
register\[24\]\[18\],18.94µm
register\[24\]\[1\],18.94µm
net1277,18.94µm
net1832,18.94µm
_0820_,18.925µm
register\[24\]\[3\],18.92µm
register\[26\]\[5\],18.92µm
register\[30\]\[4\],18.92µm
register\[10\]\[13\],18.9µm
register\[31\]\[17\],18.9µm
_0236_,18.885µm
_0386_,18.885µm
_1833_,18.88µm
net1435,18.88µm
_1826_,18.86µm
_2151_,18.86µm
register\[14\]\[2\],18.86µm
register\[16\]\[28\],18.86µm
_1988_,18.84µm
_2411_,18.84µm
register\[0\]\[23\],18.84µm
register\[24\]\[31\],18.84µm
net1944,18.84µm
register\[17\]\[1\],18.82µm
register\[3\]\[18\],18.82µm
net2056,18.82µm
_1222_,18.8µm
register\[26\]\[16\],18.8µm
net1508,18.8µm
rd1[27],18.76µm
register\[11\]\[12\],18.74µm
register\[11\]\[4\],18.74µm
register\[8\]\[9\],18.74µm
rd2[30],18.74µm
net1196,18.74µm
_0979_,18.725µm
net1528,18.72µm
net1803,18.72µm
net1843,18.7µm
_1491_,18.68µm
_1637_,18.66µm
register\[21\]\[22\],18.66µm
register\[18\]\[12\],18.64µm
rd2[12],18.64µm
register\[29\]\[14\],18.62µm
register\[31\]\[6\],18.62µm
register\[6\]\[29\],18.62µm
register\[11\]\[20\],18.6µm
net1294,18.6µm
net1412,18.6µm
net2131,18.6µm
_0027_,18.585µm
register\[13\]\[24\],18.58µm
register\[24\]\[21\],18.56µm
register\[25\]\[8\],18.56µm
register\[8\]\[16\],18.56µm
net1691,18.56µm
_0972_,18.545µm
_1667_,18.545µm
register\[3\]\[15\],18.54µm
_2262_,18.5µm
register\[3\]\[23\],18.5µm
_1051_,18.48µm
net2074,18.48µm
_0285_,18.465µm
_1407_,18.46µm
net1144,18.46µm
net1216,18.46µm
_2322_,18.44µm
register\[31\]\[12\],18.44µm
_0051_,18.425µm
_0332_,18.425µm
_1370_,18.42µm
rd1[2],18.42µm
wd[8],18.41µm
register\[31\]\[20\],18.4µm
net1826,18.4µm
_1750_,18.38µm
_2159_,18.38µm
register\[27\]\[4\],18.38µm
register\[29\]\[30\],18.37µm
_1204_,18.36µm
register\[13\]\[20\],18.36µm
register\[17\]\[2\],18.36µm
net1162,18.36µm
_1974_,18.34µm
register\[25\]\[1\],18.34µm
register\[9\]\[22\],18.34µm
register\[20\]\[12\],18.32µm
_0234_,18.305µm
_0065_,18.3µm
_1941_,18.3µm
register\[28\]\[14\],18.3µm
net2160,18.3µm
register\[18\]\[29\],18.28µm
register\[5\]\[17\],18.28µm
register\[17\]\[10\],18.26µm
register\[16\]\[18\],18.24µm
_0601_,18.22µm
net1868,18.22µm
register\[11\]\[13\],18.2µm
register\[26\]\[29\],18.2µm
net1405,18.2µm
_0552_,18.185µm
register\[10\]\[16\],18.18µm
register\[13\]\[6\],18.18µm
register\[17\]\[13\],18.18µm
register\[26\]\[30\],18.18µm
register\[4\]\[20\],18.18µm
register\[6\]\[13\],18.18µm
net1315,18.18µm
register\[22\]\[18\],18.16µm
net1311,18.16µm
register\[20\]\[14\],18.14µm
register\[24\]\[26\],18.14µm
register\[31\]\[30\],18.14µm
rd2[23],18.14µm
net1595,18.14µm
register\[19\]\[13\],18.1µm
register\[22\]\[17\],18.1µm
_1261_,18.08µm
register\[7\]\[31\],18.08µm
_1140_,18.06µm
register\[6\]\[20\],18.06µm
net1938,18.06µm
_0436_,18.045µm
_2275_,18.04µm
register\[15\]\[29\],18.04µm
_0519_,18.035µm
_0006_,18.025µm
_1848_,18.02µm
_1970_,18.02µm
register\[9\]\[31\],18.02µm
net1805,18.02µm
register\[20\]\[18\],18µm
_0517_,17.99µm
_2169_,17.98µm
register\[21\]\[18\],17.98µm
register\[21\]\[3\],17.98µm
register\[23\]\[30\],17.98µm
register\[29\]\[15\],17.98µm
register\[7\]\[20\],17.98µm
register\[11\]\[21\],17.96µm
net1443,17.96µm
register\[23\]\[9\],17.94µm
register\[3\]\[14\],17.94µm
net1188,17.94µm
net1351,17.94µm
net1457,17.94µm
net1700,17.94µm
net2046,17.94µm
_0825_,17.935µm
register\[24\]\[2\],17.92µm
register\[31\]\[9\],17.92µm
net1668,17.92µm
register\[24\]\[7\],17.9µm
net1148,17.9µm
net1558,17.9µm
net1987,17.9µm
_1133_,17.88µm
register\[14\]\[21\],17.88µm
_0354_,17.865µm
_1926_,17.86µm
register\[11\]\[7\],17.86µm
register\[23\]\[2\],17.86µm
register\[31\]\[0\],17.86µm
register\[7\]\[0\],17.86µm
_0615_,17.84µm
register\[4\]\[28\],17.84µm
net1764,17.84µm
register\[27\]\[17\],17.8µm
register\[2\]\[3\],17.8µm
net1202,17.8µm
net1526,17.8µm
net1942,17.8µm
net2080,17.8µm
_1001_,17.785µm
register\[29\]\[6\],17.78µm
register\[30\]\[17\],17.78µm
net999,17.78µm
_1130_,17.76µm
register\[18\]\[24\],17.76µm
_1410_,17.74µm
register\[29\]\[10\],17.74µm
net1835,17.74µm
_1479_,17.72µm
register\[25\]\[16\],17.72µm
register\[25\]\[3\],17.72µm
rd2[28],17.72µm
_1576_,17.7µm
_2307_,17.7µm
register\[12\]\[24\],17.7µm
register\[15\]\[1\],17.7µm
register\[28\]\[20\],17.7µm
register\[8\]\[17\],17.7µm
register\[10\]\[2\],17.68µm
register\[1\]\[24\],17.68µm
register\[3\]\[6\],17.68µm
net1666,17.68µm
net1781,17.68µm
net1945,17.68µm
_0263_,17.675µm
_0887_,17.665µm
register\[0\]\[30\],17.66µm
register\[24\]\[6\],17.66µm
net51,17.64µm
register\[27\]\[29\],17.64µm
net1540,17.64µm
_1087_,17.62µm
register\[6\]\[9\],17.62µm
_0946_,17.605µm
_1918_,17.6µm
_2327_,17.6µm
register\[10\]\[12\],17.6µm
register\[24\]\[4\],17.6µm
_0755_,17.595µm
_1731_,17.595µm
_0041_,17.585µm
_0610_,17.585µm
_0815_,17.585µm
_0103_,17.58µm
net1154,17.58µm
_0235_,17.565µm
_1693_,17.565µm
register\[19\]\[10\],17.56µm
net1530,17.56µm
net1281,17.54µm
_1043_,17.52µm
_1545_,17.52µm
register\[13\]\[2\],17.52µm
register\[15\]\[24\],17.52µm
register\[5\]\[8\],17.52µm
_0909_,17.515µm
_0769_,17.505µm
register\[10\]\[20\],17.5µm
_1762_,17.48µm
register\[18\]\[4\],17.48µm
register\[5\]\[4\],17.48µm
register\[12\]\[6\],17.47µm
_0237_,17.465µm
register\[9\]\[7\],17.46µm
net1246,17.46µm
_0505_,17.44µm
_1089_,17.44µm
_1856_,17.44µm
_2089_,17.44µm
register\[20\]\[6\],17.44µm
register\[23\]\[24\],17.44µm
_2087_,17.42µm
_0662_,17.405µm
register\[26\]\[1\],17.4µm
_1321_,17.385µm
_1045_,17.38µm
register\[10\]\[29\],17.38µm
register\[17\]\[5\],17.36µm
register\[9\]\[25\],17.36µm
register\[27\]\[15\],17.34µm
net2122,17.34µm
_0558_,17.325µm
net112,17.32µm
register\[26\]\[9\],17.32µm
wd[20],17.32µm
net2144,17.32µm
_1617_,17.3µm
register\[4\]\[29\],17.3µm
net1356,17.3µm
_0838_,17.28µm
_2085_,17.28µm
register\[19\]\[3\],17.28µm
register\[6\]\[11\],17.28µm
net1613,17.28µm
register\[19\]\[25\],17.27µm
wd[18],17.27µm
_0490_,17.265µm
register\[15\]\[6\],17.26µm
register\[27\]\[12\],17.26µm
net1694,17.26µm
_0538_,17.225µm
register\[2\]\[2\],17.22µm
register\[9\]\[9\],17.22µm
net1214,17.22µm
net1288,17.22µm
net2052,17.22µm
register\[21\]\[31\],17.2µm
register\[29\]\[27\],17.2µm
net1576,17.2µm
_1629_,17.18µm
register\[15\]\[8\],17.18µm
register\[2\]\[22\],17.18µm
net1286,17.18µm
net1563,17.18µm
net1875,17.18µm
register\[28\]\[3\],17.16µm
register\[28\]\[8\],17.16µm
register\[6\]\[7\],17.16µm
_1492_,17.14µm
net104,17.14µm
register\[24\]\[30\],17.14µm
_0082_,17.125µm
_0090_,17.125µm
_1393_,17.1µm
_1870_,17.1µm
register\[28\]\[30\],17.1µm
register\[30\]\[20\],17.1µm
net1515,17.1µm
net1728,17.1µm
register\[4\]\[4\],17.08µm
rd2[17],17.08µm
net1308,17.08µm
net2110,17.08µm
_1322_,17.06µm
_2332_,17.06µm
register\[1\]\[28\],17.06µm
net1734,17.06µm
register\[16\]\[14\],17.04µm
register\[23\]\[12\],17.04µm
register\[26\]\[25\],17.04µm
register\[29\]\[12\],17.04µm
_0747_,17.025µm
_2445_,17.02µm
register\[27\]\[10\],17.02µm
net1260,17.02µm
_0473_,17.015µm
_1524_,17µm
register\[24\]\[13\],17µm
net1142,17µm
net2121,17µm
_0283_,16.99µm
_0240_,16.985µm
register\[19\]\[14\],16.98µm
register\[29\]\[4\],16.98µm
register\[3\]\[31\],16.98µm
_1936_,16.96µm
_2410_,16.96µm
register\[21\]\[12\],16.96µm
net1421,16.96µm
_0238_,16.945µm
_0997_,16.945µm
_0744_,16.93µm
_1862_,16.92µm
_1942_,16.92µm
register\[22\]\[16\],16.92µm
register\[27\]\[27\],16.92µm
net1917,16.92µm
net2116,16.92µm
register\[29\]\[25\],16.91µm
_1779_,16.9µm
register\[11\]\[28\],16.9µm
register\[5\]\[26\],16.9µm
register\[6\]\[27\],16.9µm
_0735_,16.885µm
register\[20\]\[29\],16.88µm
net1401,16.88µm
net2069,16.88µm
_0105_,16.865µm
_0428_,16.865µm
register\[10\]\[19\],16.86µm
register\[10\]\[5\],16.86µm
register\[18\]\[20\],16.86µm
register\[23\]\[3\],16.85µm
rd2[24],16.85µm
net1302,16.84µm
_2282_,16.82µm
register\[23\]\[0\],16.82µm
net1660,16.82µm
register\[18\]\[11\],16.8µm
register\[22\]\[13\],16.8µm
register\[4\]\[31\],16.8µm
register\[7\]\[4\],16.8µm
rd2[13],16.8µm
net1498,16.8µm
net2049,16.8µm
register\[20\]\[2\],16.78µm
register\[3\]\[5\],16.78µm
_2059_,16.77µm
register\[23\]\[11\],16.76µm
register\[25\]\[10\],16.76µm
register\[28\]\[26\],16.76µm
register\[3\]\[24\],16.76µm
net1305,16.76µm
_0799_,16.745µm
register\[21\]\[27\],16.74µm
register\[28\]\[10\],16.74µm
register\[30\]\[3\],16.74µm
_0457_,16.725µm
register\[19\]\[23\],16.72µm
net1991,16.72µm
_2187_,16.715µm
register\[2\]\[7\],16.71µm
register\[15\]\[12\],16.7µm
register\[25\]\[31\],16.7µm
register\[2\]\[1\],16.7µm
register\[30\]\[14\],16.7µm
net1535,16.7µm
net1982,16.7µm
_0456_,16.665µm
_0531_,16.665µm
_1414_,16.66µm
register\[11\]\[19\],16.66µm
net1791,16.66µm
net1825,16.66µm
_1009_,16.645µm
_1053_,16.64µm
_2170_,16.64µm
_2239_,16.64µm
register\[12\]\[20\],16.64µm
register\[12\]\[3\],16.64µm
register\[16\]\[25\],16.64µm
net1549,16.64µm
_0245_,16.625µm
register\[29\]\[11\],16.62µm
register\[3\]\[4\],16.62µm
_0251_,16.6µm
register\[18\]\[13\],16.6µm
register\[8\]\[14\],16.6µm
net1617,16.6µm
net2047,16.6µm
_2207_,16.58µm
register\[30\]\[25\],16.58µm
register\[9\]\[29\],16.58µm
_0866_,16.57µm
register\[24\]\[25\],16.57µm
_0821_,16.565µm
wd[25],16.56µm
net1244,16.56µm
_0403_,16.555µm
_2393_,16.545µm
register\[2\]\[15\],16.54µm
net1484,16.54µm
_2023_,16.52µm
_2035_,16.52µm
register\[17\]\[14\],16.52µm
register\[27\]\[18\],16.52µm
net2083,16.52µm
register\[9\]\[20\],16.5µm
net1158,16.5µm
register\[15\]\[19\],16.49µm
_0100_,16.485µm
register\[4\]\[13\],16.48µm
_0722_,16.465µm
rs1[3],16.46µm
_0974_,16.445µm
_1802_,16.44µm
register\[24\]\[19\],16.44µm
_1372_,16.42µm
net1715,16.42µm
net1730,16.42µm
_0611_,16.405µm
_0326_,16.4µm
_1593_,16.4µm
_2256_,16.4µm
rd1[29],16.4µm
register\[3\]\[19\],16.38µm
register\[16\]\[23\],16.36µm
register\[17\]\[0\],16.36µm
register\[6\]\[22\],16.36µm
register\[1\]\[3\],16.34µm
register\[30\]\[28\],16.34µm
rd1[28],16.33µm
register\[12\]\[29\],16.32µm
register\[2\]\[29\],16.32µm
net1347,16.32µm
net2157,16.32µm
register\[10\]\[22\],16.3µm
net307,16.3µm
net1133,16.3µm
net1445,16.3µm
_0012_,16.285µm
register\[9\]\[27\],16.28µm
net1890,16.28µm
register\[1\]\[16\],16.26µm
register\[9\]\[3\],16.26µm
net1475,16.26µm
net1748,16.26µm
net1869,16.26µm
net1891,16.26µm
net1947,16.26µm
net2127,16.26µm
_1242_,16.24µm
register\[5\]\[5\],16.24µm
register\[6\]\[25\],16.24µm
net1625,16.24µm
_0934_,16.235µm
register\[19\]\[28\],16.22µm
net1333,16.22µm
net1656,16.22µm
_1238_,16.2µm
register\[17\]\[8\],16.2µm
register\[21\]\[30\],16.2µm
net1882,16.2µm
net2132,16.2µm
_0754_,16.185µm
_1274_,16.185µm
register\[13\]\[16\],16.18µm
register\[21\]\[13\],16.18µm
register\[30\]\[16\],16.18µm
register\[9\]\[23\],16.18µm
_0688_,16.165µm
_2354_,16.16µm
register\[12\]\[18\],16.16µm
net1984,16.14µm
register\[19\]\[22\],16.1µm
register\[19\]\[9\],16.1µm
register\[21\]\[8\],16.1µm
register\[3\]\[22\],16.1µm
net1619,16.1µm
net1664,16.1µm
net2135,16.1µm
_1887_,16.085µm
register\[13\]\[14\],16.08µm
register\[26\]\[23\],16.08µm
net1709,16.08µm
_0276_,16.07µm
_1455_,16.06µm
register\[21\]\[10\],16.06µm
register\[25\]\[20\],16.06µm
net1442,16.06µm
net1729,16.06µm
_1041_,16.04µm
register\[31\]\[13\],16.04µm
register\[31\]\[1\],16.04µm
register\[7\]\[28\],16.04µm
_0865_,16.025µm
_1552_,16.02µm
register\[15\]\[28\],16.02µm
net2020,16.02µm
register\[19\]\[8\],16.015µm
register\[19\]\[12\],16.01µm
_2167_,16µm
register\[31\]\[24\],15.98µm
net1306,15.98µm
register\[16\]\[9\],15.96µm
register\[1\]\[23\],15.96µm
net1325,15.96µm
net1507,15.96µm
_0647_,15.955µm
_0261_,15.945µm
_0504_,15.945µm
_0827_,15.945µm
_0843_,15.945µm
register\[13\]\[25\],15.94µm
register\[16\]\[29\],15.94µm
register\[17\]\[11\],15.94µm
register\[21\]\[0\],15.94µm
register\[7\]\[8\],15.94µm
_0785_,15.925µm
net1931,15.92µm
_0233_,15.9µm
_2404_,15.9µm
register\[2\]\[30\],15.9µm
register\[4\]\[14\],15.9µm
_2367_,15.88µm
register\[8\]\[15\],15.88µm
register\[12\]\[11\],15.86µm
register\[31\]\[21\],15.86µm
net1499,15.86µm
net1841,15.86µm
_1293_,15.84µm
_1433_,15.84µm
_1933_,15.84µm
register\[19\]\[16\],15.84µm
register\[29\]\[5\],15.84µm
register\[4\]\[17\],15.84µm
net1976,15.84µm
net1978,15.84µm
_0259_,15.825µm
_0819_,15.825µm
_0832_,15.825µm
_2429_,15.82µm
net1195,15.82µm
register\[15\]\[15\],15.8µm
register\[18\]\[22\],15.8µm
register\[28\]\[28\],15.8µm
net1307,15.8µm
net1652,15.8µm
net1956,15.8µm
net2095,15.8µm
net2114,15.8µm
_1143_,15.78µm
register\[1\]\[6\],15.78µm
net1413,15.78µm
_0495_,15.765µm
_0322_,15.76µm
_2154_,15.76µm
register\[21\]\[23\],15.76µm
net1993,15.76µm
_0159_,15.745µm
_0345_,15.745µm
_0929_,15.745µm
register\[5\]\[24\],15.74µm
_2107_,15.72µm
register\[15\]\[30\],15.72µm
register\[1\]\[2\],15.72µm
register\[24\]\[8\],15.72µm
register\[25\]\[4\],15.72µm
_0039_,15.7µm
_0591_,15.685µm
register\[15\]\[27\],15.68µm
register\[28\]\[9\],15.68µm
net1680,15.68µm
register\[22\]\[31\],15.66µm
register\[28\]\[18\],15.66µm
register\[8\]\[31\],15.66µm
register\[16\]\[31\],15.64µm
rd2[20],15.64µm
_0774_,15.625µm
register\[3\]\[11\],15.62µm
register\[11\]\[31\],15.6µm
register\[29\]\[2\],15.6µm
net1255,15.6µm
_1786_,15.595µm
_1110_,15.58µm
_1219_,15.58µm
net1570,15.58µm
_1000_,15.565µm
_0659_,15.56µm
_2443_,15.56µm
register\[8\]\[13\],15.56µm
net1763,15.56µm
net1998,15.56µm
_0023_,15.545µm
register\[17\]\[25\],15.54µm
register\[23\]\[20\],15.54µm
_2360_,15.52µm
register\[0\]\[31\],15.52µm
register\[13\]\[15\],15.52µm
register\[14\]\[9\],15.52µm
register\[26\]\[20\],15.52µm
register\[3\]\[28\],15.52µm
_1118_,15.5µm
_1889_,15.5µm
net1800,15.5µm
_0333_,15.485µm
_0530_,15.485µm
_1859_,15.48µm
register\[10\]\[26\],15.48µm
register\[7\]\[2\],15.48µm
net2038,15.48µm
register\[18\]\[8\],15.47µm
_0013_,15.465µm
register\[14\]\[6\],15.46µm
register\[22\]\[28\],15.46µm
net1209,15.46µm
net1583,15.46µm
net1879,15.46µm
_1840_,15.445µm
register\[11\]\[30\],15.44µm
net1334,15.44µm
_1094_,15.42µm
_1879_,15.42µm
register\[10\]\[18\],15.42µm
register\[29\]\[17\],15.42µm
rd2[0],15.42µm
net1385,15.42µm
_1299_,15.4µm
register\[11\]\[8\],15.4µm
register\[7\]\[23\],15.4µm
_1067_,15.38µm
_2090_,15.38µm
register\[13\]\[0\],15.38µm
register\[19\]\[2\],15.38µm
register\[5\]\[0\],15.38µm
_0018_,15.365µm
_0343_,15.365µm
_1841_,15.36µm
register\[2\]\[12\],15.36µm
net1317,15.36µm
net1644,15.36µm
_0860_,15.345µm
register\[28\]\[6\],15.34µm
net1180,15.34µm
net1263,15.34µm
net1929,15.34µm
_1402_,15.32µm
_2352_,15.32µm
_1691_,15.3µm
register\[13\]\[5\],15.3µm
net2024,15.3µm
_2074_,15.28µm
register\[5\]\[12\],15.28µm
register\[7\]\[19\],15.28µm
net1872,15.28µm
_0564_,15.265µm
_2281_,15.26µm
register\[13\]\[17\],15.26µm
register\[13\]\[23\],15.26µm
register\[14\]\[22\],15.26µm
register\[15\]\[31\],15.26µm
register\[20\]\[26\],15.26µm
register\[3\]\[17\],15.26µm
register\[8\]\[29\],15.26µm
net1799,15.26µm
register\[15\]\[23\],15.22µm
register\[17\]\[31\],15.22µm
register\[19\]\[1\],15.22µm
register\[3\]\[16\],15.22µm
net1258,15.22µm
net1392,15.22µm
net1588,15.22µm
net1867,15.22µm
net2003,15.22µm
_0404_,15.2µm
register\[4\]\[27\],15.2µm
rd2[4],15.2µm
net1611,15.2µm
register\[11\]\[1\],15.18µm
register\[15\]\[10\],15.18µm
_0044_,15.165µm
_0523_,15.165µm
_1822_,15.16µm
register\[13\]\[19\],15.16µm
_0697_,15.145µm
_0009_,15.14µm
register\[1\]\[0\],15.14µm
_1770_,15.12µm
_2400_,15.12µm
register\[13\]\[10\],15.12µm
_0790_,15.105µm
net1414,15.1µm
_0138_,15.085µm
_0452_,15.085µm
_0857_,15.085µm
_0102_,15.08µm
_0297_,15.08µm
rd1[3],15.08µm
net1348,15.08µm
_0854_,15.075µm
register\[0\]\[20\],15.06µm
register\[3\]\[3\],15.06µm
net1398,15.06µm
_1247_,15.04µm
register\[29\]\[1\],15.04µm
_0503_,15.025µm
register\[13\]\[26\],15.02µm
register\[16\]\[11\],15.02µm
register\[26\]\[26\],15.02µm
register\[7\]\[17\],15.02µm
_0372_,15.005µm
_0398_,15.005µm
register\[19\]\[4\],15µm
net1233,15µm
net1391,15µm
net1483,15µm
net2109,15µm
_0411_,14.995µm
_1237_,14.98µm
register\[22\]\[1\],14.98µm
register\[7\]\[25\],14.98µm
_0811_,14.975µm
_0617_,14.965µm
register\[11\]\[14\],14.96µm
register\[20\]\[4\],14.96µm
register\[21\]\[29\],14.96µm
register\[31\]\[19\],14.96µm
register\[4\]\[3\],14.96µm
register\[7\]\[26\],14.96µm
net1242,14.96µm
net1300,14.96µm
register\[12\]\[27\],14.94µm
register\[20\]\[21\],14.94µm
register\[25\]\[30\],14.93µm
_0183_,14.925µm
_0220_,14.925µm
_1514_,14.92µm
register\[12\]\[13\],14.92µm
register\[13\]\[13\],14.92µm
register\[13\]\[8\],14.92µm
register\[21\]\[28\],14.92µm
register\[4\]\[2\],14.92µm
net1215,14.92µm
net1444,14.92µm
_0290_,14.915µm
_0096_,14.905µm
_0171_,14.905µm
register\[14\]\[27\],14.9µm
net1207,14.9µm
wd[31],14.89µm
wd[7],14.89µm
_0342_,14.885µm
_1655_,14.88µm
register\[10\]\[8\],14.88µm
register\[12\]\[21\],14.88µm
register\[13\]\[29\],14.88µm
register\[20\]\[17\],14.88µm
register\[21\]\[1\],14.88µm
register\[26\]\[13\],14.88µm
register\[26\]\[14\],14.88µm
net1640,14.88µm
_1603_,14.865µm
_2019_,14.86µm
register\[18\]\[28\],14.86µm
register\[9\]\[11\],14.86µm
_1182_,14.84µm
_1912_,14.84µm
register\[31\]\[14\],14.84µm
net1264,14.84µm
_0196_,14.825µm
_0279_,14.825µm
_0826_,14.82µm
_1587_,14.82µm
register\[18\]\[21\],14.82µm
register\[7\]\[30\],14.82µm
_1142_,14.8µm
_1177_,14.8µm
register\[20\]\[30\],14.8µm
register\[7\]\[22\],14.8µm
net1198,14.8µm
net2092,14.8µm
_2211_,14.78µm
register\[2\]\[8\],14.78µm
register\[8\]\[8\],14.78µm
_2040_,14.76µm
net1968,14.76µm
_1285_,14.74µm
register\[27\]\[14\],14.74µm
register\[27\]\[28\],14.72µm
wd[9],14.72µm
net2115,14.72µm
_0485_,14.705µm
_0603_,14.705µm
_1176_,14.7µm
register\[12\]\[7\],14.7µm
_0346_,14.695µm
register\[7\]\[15\],14.69µm
_1549_,14.68µm
_1993_,14.66µm
_2255_,14.66µm
_0893_,14.645µm
_1720_,14.64µm
register\[23\]\[27\],14.64µm
register\[23\]\[6\],14.64µm
register\[29\]\[18\],14.64µm
register\[30\]\[9\],14.64µm
_1289_,14.62µm
register\[19\]\[7\],14.62µm
_0872_,14.6µm
_1104_,14.6µm
register\[3\]\[27\],14.6µm
net1887,14.6µm
_0691_,14.595µm
register\[29\]\[29\],14.595µm
_0405_,14.585µm
rd2[27],14.58µm
register\[12\]\[10\],14.57µm
_0050_,14.565µm
_0291_,14.565µm
_0775_,14.565µm
_0831_,14.565µm
register\[7\]\[3\],14.56µm
net2031,14.56µm
register\[16\]\[24\],14.54µm
register\[24\]\[17\],14.54µm
register\[31\]\[28\],14.54µm
net1309,14.54µm
net1670,14.54µm
net1761,14.54µm
net1838,14.54µm
_1619_,14.525µm
register\[30\]\[22\],14.52µm
net1525,14.52µm
_0471_,14.515µm
_0761_,14.515µm
_0437_,14.505µm
_1847_,14.5µm
register\[1\]\[12\],14.5µm
register\[1\]\[21\],14.5µm
register\[31\]\[4\],14.5µm
register\[3\]\[21\],14.5µm
register\[8\]\[1\],14.5µm
rd1[12],14.5µm
net2005,14.5µm
register\[11\]\[26\],14.48µm
register\[15\]\[0\],14.48µm
register\[22\]\[3\],14.48µm
register\[30\]\[31\],14.48µm
register\[8\]\[24\],14.48µm
net2050,14.48µm
register\[0\]\[24\],14.46µm
register\[10\]\[7\],14.46µm
register\[16\]\[10\],14.46µm
register\[29\]\[22\],14.46µm
register\[7\]\[12\],14.46µm
net1631,14.46µm
net1716,14.46µm
net1896,14.46µm
register\[1\]\[22\],14.44µm
register\[6\]\[15\],14.44µm
_1795_,14.42µm
_1796_,14.42µm
_2387_,14.42µm
register\[17\]\[23\],14.42µm
net1372,14.42µm
net2011,14.42µm
_0357_,14.4µm
register\[11\]\[11\],14.4µm
register\[30\]\[24\],14.4µm
net1960,14.4µm
_0833_,14.38µm
_1595_,14.38µm
register\[11\]\[2\],14.38µm
register\[15\]\[22\],14.38µm
register\[21\]\[19\],14.38µm
register\[21\]\[20\],14.38µm
net1393,14.38µm
_0149_,14.37µm
register\[22\]\[5\],14.36µm
register\[4\]\[8\],14.36µm
register\[6\]\[6\],14.36µm
_0541_,14.345µm
_0846_,14.345µm
_1002_,14.345µm
_0046_,14.34µm
_1661_,14.34µm
register\[1\]\[7\],14.34µm
register\[20\]\[28\],14.34µm
net1236,14.34µm
net1359,14.34µm
net1760,14.34µm
_2106_,14.32µm
_0818_,14.315µm
register\[17\]\[12\],14.3µm
register\[15\]\[25\],14.28µm
net1589,14.28µm
_2453_,14.26µm
register\[17\]\[22\],14.26µm
register\[1\]\[10\],14.26µm
register\[1\]\[13\],14.26µm
register\[20\]\[20\],14.26µm
register\[27\]\[16\],14.26µm
register\[28\]\[4\],14.26µm
_0590_,14.245µm
_0696_,14.235µm
_0208_,14.23µm
_0448_,14.22µm
_2315_,14.22µm
register\[9\]\[12\],14.22µm
net1889,14.22µm
wd[15],14.21µm
_0043_,14.2µm
net1428,14.2µm
_0855_,14.185µm
_2421_,14.18µm
register\[18\]\[17\],14.18µm
register\[25\]\[7\],14.18µm
register\[7\]\[11\],14.18µm
net1159,14.18µm
_2011_,14.16µm
register\[27\]\[5\],14.16µm
_0289_,14.155µm
register\[10\]\[23\],14.14µm
register\[18\]\[7\],14.14µm
register\[5\]\[3\],14.14µm
_0600_,14.125µm
_1515_,14.12µm
_1914_,14.12µm
register\[14\]\[28\],14.12µm
net1279,14.12µm
register\[22\]\[15\],14.11µm
_1348_,14.1µm
_2044_,14.1µm
register\[6\]\[21\],14.1µm
register\[11\]\[29\],14.08µm
register\[14\]\[7\],14.08µm
net2002,14.08µm
net2082,14.08µm
_0901_,14.075µm
_1678_,14.07µm
_0202_,14.065µm
register\[20\]\[3\],14.06µm
net602,14.06µm
net2045,14.06µm
_0964_,14.055µm
_0673_,14.045µm
_2150_,14.04µm
register\[10\]\[14\],14.04µm
register\[22\]\[11\],14.04µm
register\[27\]\[26\],14.04µm
register\[2\]\[28\],14.04µm
rd1[16],14.04µm
net2023,14.04µm
register\[10\]\[31\],14.02µm
register\[11\]\[9\],14.02µm
register\[20\]\[22\],14.02µm
register\[31\]\[23\],14.02µm
net1792,14.02µm
_1498_,14µm
register\[0\]\[7\],14µm
register\[18\]\[25\],14µm
register\[27\]\[9\],14µm
register\[3\]\[26\],14µm
register\[7\]\[16\],14µm
net1489,14µm
net1950,14µm
register\[22\]\[29\],13.98µm
register\[22\]\[23\],13.97µm
_1196_,13.965µm
_1388_,13.96µm
_1873_,13.96µm
register\[5\]\[29\],13.96µm
net1647,13.96µm
net1759,13.96µm
net1909,13.96µm
_0701_,13.955µm
_2450_,13.94µm
register\[15\]\[17\],13.94µm
register\[2\]\[25\],13.94µm
_1955_,13.92µm
register\[17\]\[3\],13.92µm
register\[23\]\[19\],13.92µm
register\[29\]\[3\],13.92µm
_0064_,13.905µm
_0545_,13.905µm
_0135_,13.9µm
_0512_,13.9µm
_0840_,13.9µm
register\[1\]\[31\],13.9µm
register\[4\]\[19\],13.9µm
_1722_,13.88µm
register\[7\]\[21\],13.88µm
net1221,13.88µm
net1355,13.88µm
net1584,13.88µm
net1604,13.88µm
net1614,13.88µm
net1637,13.88µm
_0348_,13.845µm
_1408_,13.84µm
_2080_,13.84µm
_2310_,13.84µm
register\[15\]\[3\],13.84µm
register\[23\]\[15\],13.84µm
register\[27\]\[31\],13.84µm
net2076,13.84µm
_0501_,13.82µm
_1746_,13.82µm
register\[0\]\[10\],13.82µm
register\[28\]\[11\],13.82µm
register\[8\]\[6\],13.82µm
net56,13.8µm
_0258_,13.785µm
_0410_,13.785µm
_0663_,13.77µm
_0363_,13.76µm
_1759_,13.76µm
_2237_,13.76µm
register\[16\]\[13\],13.76µm
register\[5\]\[1\],13.76µm
net734,13.76µm
_0406_,13.755µm
_0535_,13.74µm
_1353_,13.74µm
_1590_,13.74µm
_1715_,13.74µm
_0139_,13.725µm
_0465_,13.725µm
_0571_,13.725µm
register\[27\]\[20\],13.72µm
register\[28\]\[7\],13.72µm
register\[30\]\[2\],13.72µm
_0653_,13.705µm
register\[14\]\[11\],13.7µm
register\[16\]\[20\],13.7µm
_0367_,13.685µm
register\[4\]\[21\],13.68µm
_1211_,13.66µm
register\[28\]\[27\],13.66µm
net1618,13.66µm
net2039,13.66µm
net2042,13.66µm
net2072,13.66µm
_1499_,13.64µm
_2391_,13.64µm
register\[5\]\[16\],13.64µm
register\[27\]\[3\],13.62µm
net1754,13.62µm
net2034,13.62µm
net2078,13.62µm
rd2[1],13.61µm
_0539_,13.605µm
_0869_,13.605µm
register\[30\]\[23\],13.6µm
register\[31\]\[25\],13.6µm
register\[5\]\[23\],13.6µm
_0379_,13.595µm
_0753_,13.595µm
_0588_,13.585µm
_1510_,13.58µm
_1910_,13.58µm
register\[10\]\[10\],13.58µm
register\[20\]\[27\],13.58µm
register\[30\]\[26\],13.58µm
register\[3\]\[10\],13.58µm
register\[4\]\[23\],13.58µm
register\[6\]\[30\],13.58µm
register\[9\]\[6\],13.58µm
net1527,13.58µm
_1877_,13.565µm
register\[0\]\[28\],13.56µm
register\[14\]\[8\],13.56µm
register\[29\]\[16\],13.56µm
net1601,13.56µm
_0675_,13.555µm
_1132_,13.54µm
_2356_,13.54µm
register\[7\]\[10\],13.54µm
net1161,13.54µm
net1813,13.54µm
net1874,13.54µm
_0858_,13.525µm
_2125_,13.52µm
register\[0\]\[1\],13.52µm
_0281_,13.505µm
_0435_,13.505µm
_0690_,13.505µm
_1421_,13.505µm
_1256_,13.5µm
_1596_,13.5µm
register\[0\]\[15\],13.5µm
net1192,13.5µm
net1239,13.5µm
net1366,13.5µm
net1562,13.5µm
net1710,13.5µm
_0633_,13.495µm
_1107_,13.48µm
register\[11\]\[25\],13.48µm
_1212_,13.47µm
_1180_,13.46µm
register\[11\]\[17\],13.46µm
register\[13\]\[11\],13.46µm
register\[22\]\[19\],13.46µm
register\[28\]\[1\],13.46µm
register\[31\]\[29\],13.46µm
register\[4\]\[5\],13.46µm
net1147,13.46µm
_0497_,13.445µm
_1522_,13.445µm
register\[12\]\[1\],13.44µm
register\[22\]\[27\],13.44µm
register\[6\]\[3\],13.44µm
_0467_,13.43µm
_0844_,13.425µm
_1324_,13.42µm
register\[21\]\[26\],13.42µm
register\[28\]\[16\],13.42µm
register\[6\]\[16\],13.42µm
net1245,13.42µm
net1697,13.42µm
net1750,13.42µm
net2081,13.42µm
_1038_,13.4µm
_1554_,13.4µm
_0508_,13.395µm
_1141_,13.38µm
net1178,13.38µm
_0568_,13.36µm
_1390_,13.34µm
_1577_,13.34µm
_1727_,13.34µm
_2109_,13.34µm
register\[18\]\[18\],13.34µm
register\[23\]\[28\],13.34µm
register\[29\]\[7\],13.34µm
_0308_,13.325µm
_0382_,13.325µm
_0491_,13.325µm
_1310_,13.32µm
_1374_,13.32µm
_1758_,13.32µm
register\[10\]\[30\],13.3µm
net39,13.3µm
net1440,13.3µm
net1575,13.3µm
_1528_,13.28µm
_2345_,13.28µm
register\[6\]\[1\],13.28µm
net2154,13.28µm
_0380_,13.255µm
_2037_,13.255µm
_0366_,13.245µm
register\[11\]\[3\],13.24µm
register\[12\]\[26\],13.24µm
register\[13\]\[3\],13.24µm
register\[31\]\[11\],13.24µm
wd[3],13.24µm
rd1[11],13.24µm
register\[12\]\[25\],13.22µm
register\[21\]\[21\],13.22µm
_0328_,13.205µm
_1679_,13.2µm
_1857_,13.2µm
_1956_,13.2µm
register\[9\]\[8\],13.2µm
net1183,13.2µm
net1284,13.2µm
net1476,13.2µm
net1672,13.2µm
net1794,13.2µm
_1706_,13.18µm
_1088_,13.16µm
_1446_,13.16µm
_1652_,13.16µm
net1190,13.16µm
net1240,13.16µm
net1362,13.16µm
net1411,13.16µm
net1416,13.16µm
net1721,13.16µm
register\[17\]\[26\],13.14µm
register\[6\]\[18\],13.14µm
net1722,13.14µm
_0173_,13.125µm
register\[4\]\[12\],13.12µm
register\[6\]\[17\],13.12µm
register\[8\]\[21\],13.12µm
_1872_,13.105µm
_1760_,13.1µm
_2062_,13.1µm
register\[22\]\[22\],13.1µm
register\[6\]\[12\],13.1µm
net1518,13.1µm
_0444_,13.095µm
_1578_,13.08µm
_1754_,13.08µm
_1827_,13.08µm
_2260_,13.08µm
register\[30\]\[19\],13.08µm
net1199,13.08µm
net1620,13.08µm
net1661,13.08µm
net1963,13.08µm
net2001,13.08µm
net2037,13.08µm
net2066,13.08µm
net2107,13.08µm
register\[8\]\[3\],13.07µm
_0513_,13.065µm
_1977_,13.065µm
net2040,13.05µm
_0368_,13.045µm
_0864_,13.045µm
_1660_,13.04µm
net1149,13.04µm
net1636,13.04µm
net1928,13.04µm
net2009,13.04µm
net2017,13.04µm
net2084,13.04µm
_0897_,13.035µm
_0378_,13.02µm
register\[22\]\[25\],13.02µm
register\[28\]\[23\],13.02µm
rd2[2],13.02µm
_1109_,13µm
register\[11\]\[24\],13µm
register\[18\]\[10\],13µm
register\[2\]\[17\],13µm
register\[2\]\[31\],13µm
_0034_,12.985µm
_0088_,12.985µm
_0269_,12.985µm
_0955_,12.985µm
_0385_,12.98µm
_0441_,12.98µm
_1772_,12.96µm
_2093_,12.96µm
_2337_,12.96µm
register\[21\]\[15\],12.96µm
net1495,12.96µm
net1602,12.96µm
net2010,12.96µm
_0204_,12.925µm
_1440_,12.92µm
_1808_,12.92µm
_2253_,12.92µm
register\[17\]\[18\],12.92µm
register\[31\]\[31\],12.92µm
register\[7\]\[5\],12.92µm
_0026_,12.9µm
_0516_,12.9µm
_1984_,12.9µm
register\[1\]\[1\],12.9µm
register\[5\]\[22\],12.9µm
_0270_,12.885µm
_0547_,12.885µm
_0835_,12.885µm
_0985_,12.885µm
_1148_,12.88µm
_1714_,12.88µm
register\[10\]\[24\],12.88µm
register\[27\]\[23\],12.88µm
_0883_,12.865µm
_1646_,12.86µm
net1904,12.86µm
_2311_,12.84µm
register\[0\]\[19\],12.84µm
register\[19\]\[17\],12.84µm
register\[19\]\[20\],12.84µm
_0817_,12.835µm
_0438_,12.82µm
_0419_,12.805µm
_0853_,12.805µm
register\[1\]\[15\],12.8µm
net1806,12.8µm
_0286_,12.795µm
register\[11\]\[15\],12.78µm
register\[26\]\[24\],12.78µm
register\[30\]\[18\],12.78µm
rd2[21],12.78µm
_0500_,12.775µm
_1013_,12.77µm
_0066_,12.765µm
_1135_,12.76µm
register\[1\]\[27\],12.76µm
register\[3\]\[13\],12.76µm
net1436,12.76µm
net1689,12.76µm
_1036_,12.74µm
register\[2\]\[5\],12.74µm
net1182,12.74µm
net1341,12.74µm
net1554,12.74µm
net1876,12.74µm
register\[3\]\[8\],12.72µm
net1622,12.72µm
register\[20\]\[24\],12.7µm
register\[7\]\[29\],12.7µm
net1206,12.7µm
_0198_,12.695µm
register\[20\]\[11\],12.68µm
register\[7\]\[24\],12.68µm
net1251,12.68µm
_0260_,12.67µm
_0162_,12.665µm
_0566_,12.665µm
_0374_,12.66µm
register\[18\]\[3\],12.66µm
register\[18\]\[6\],12.66µm
register\[25\]\[21\],12.66µm
register\[2\]\[11\],12.66µm
register\[4\]\[24\],12.66µm
_1981_,12.64µm
register\[26\]\[21\],12.64µm
register\[31\]\[8\],12.64µm
net1784,12.64µm
_1061_,12.62µm
_2119_,12.62µm
_2320_,12.62µm
register\[22\]\[12\],12.62µm
register\[6\]\[14\],12.62µm
net1232,12.62µm
net1327,12.62µm
net1407,12.62µm
net1599,12.62µm
net1628,12.62µm
net1738,12.62µm
net1770,12.62µm
net1802,12.62µm
_0000_,12.605µm
_0049_,12.605µm
net1481,12.6µm
_0317_,12.585µm
_0392_,12.585µm
_0933_,12.585µm
_1155_,12.58µm
_1380_,12.58µm
net1517,12.58µm
net1898,12.58µm
_0393_,12.575µm
_0484_,12.575µm
register\[23\]\[18\],12.56µm
rd1[21],12.56µm
rd2[14],12.56µm
rd2[3],12.56µm
_1613_,12.54µm
_2221_,12.54µm
register\[10\]\[25\],12.54µm
register\[13\]\[4\],12.54µm
register\[16\]\[6\],12.54µm
register\[29\]\[9\],12.54µm
register\[5\]\[27\],12.54µm
net1678,12.54µm
_0131_,12.525µm
_0749_,12.52µm
net1187,12.52µm
register\[18\]\[15\],12.51µm
_1121_,12.5µm
_1365_,12.5µm
_1668_,12.5µm
_2259_,12.5µm
net1719,12.5µm
net1798,12.5µm
_0349_,12.485µm
_0902_,12.485µm
_1425_,12.485µm
_1323_,12.48µm
register\[9\]\[2\],12.48µm
_0738_,12.465µm
_1633_,12.46µm
register\[25\]\[6\],12.46µm
_0024_,12.44µm
register\[0\]\[12\],12.44µm
register\[4\]\[18\],12.44µm
_0951_,12.425µm
_0643_,12.405µm
_0905_,12.405µm
_2258_,12.405µm
_2104_,12.4µm
net1397,12.4µm
_0612_,12.395µm
_0553_,12.38µm
_2100_,12.38µm
net1338,12.38µm
_1623_,12.36µm
_0019_,12.345µm
register\[11\]\[0\],12.34µm
register\[14\]\[0\],12.34µm
register\[15\]\[5\],12.34µm
rd2[22],12.33µm
register\[22\]\[21\],12.32µm
register\[6\]\[31\],12.32µm
rst,12.32µm
wd[4],12.32µm
rd2[26],12.32µm
_0056_,12.315µm
register\[25\]\[23\],12.3µm
net1485,12.3µm
_0806_,12.295µm
_0712_,12.285µm
register\[13\]\[27\],12.28µm
net1235,12.28µm
net1394,12.28µm
net1566,12.28µm
net2062,12.28µm
net1635,12.27µm
_0408_,12.265µm
_0932_,12.265µm
register\[16\]\[21\],12.26µm
net1965,12.26µm
_0635_,12.255µm
net1523,12.24µm
net2123,12.24µm
_0028_,12.225µm
_2361_,12.22µm
register\[4\]\[22\],12.22µm
register\[4\]\[6\],12.22µm
_0514_,12.205µm
register\[12\]\[4\],12.2µm
register\[17\]\[20\],12.2µm
_0394_,12.195µm
_1305_,12.18µm
_1976_,12.18µm
register\[13\]\[1\],12.18µm
net2051,12.18µm
_1504_,12.16µm
_1810_,12.16µm
_2308_,12.16µm
register\[13\]\[28\],12.16µm
register\[25\]\[0\],12.16µm
register\[7\]\[6\],12.16µm
register\[8\]\[25\],12.16µm
net1160,12.16µm
net1220,12.16µm
net1479,12.16µm
net1581,12.16µm
net1667,12.16µm
net1727,12.16µm
net1949,12.16µm
_0586_,12.145µm
_1562_,12.14µm
_1583_,12.14µm
net1471,12.14µm
_0185_,12.13µm
_0104_,12.125µm
_0256_,12.125µm
_1123_,12.12µm
register\[21\]\[25\],12.12µm
register\[8\]\[4\],12.12µm
net1758,12.12µm
net1897,12.12µm
_2272_,12.1µm
register\[23\]\[10\],12.1µm
_0877_,12.085µm
_1891_,12.08µm
_2189_,12.08µm
register\[12\]\[22\],12.08µm
register\[19\]\[18\],12.08µm
register\[20\]\[23\],12.08µm
register\[31\]\[10\],12.08µm
register\[31\]\[7\],12.08µm
net1262,12.08µm
net1740,12.08µm
_0307_,12.065µm
_0412_,12.065µm
_0341_,12.06µm
_1965_,12.06µm
register\[17\]\[30\],12.06µm
register\[20\]\[0\],12.06µm
register\[2\]\[20\],12.06µm
net1177,12.06µm
_0958_,12.055µm
_0548_,12.05µm
_0870_,12.05µm
_1083_,12.04µm
_1356_,12.04µm
_1798_,12.04µm
_2116_,12.04µm
register\[10\]\[0\],12.04µm
register\[19\]\[29\],12.04µm
register\[5\]\[31\],12.04µm
register\[5\]\[6\],12.04µm
_0187_,12.035µm
_0543_,12.025µm
_1208_,12.025µm
_2220_,12.025µm
_1719_,12.02µm
_0337_,12.01µm
_0014_,12.005µm
net1293,12µm
net1725,12µm
register\[30\]\[7\],11.99µm
register\[0\]\[13\],11.98µm
register\[16\]\[12\],11.98µm
register\[16\]\[8\],11.98µm
register\[6\]\[10\],11.98µm
_0047_,11.965µm
_0264_,11.965µm
_1819_,11.96µm
net1844,11.96µm
net1225,11.95µm
_1213_,11.94µm
register\[4\]\[16\],11.94µm
net1531,11.94µm
register\[12\]\[12\],11.92µm
register\[16\]\[27\],11.92µm
register\[24\]\[22\],11.92µm
register\[31\]\[16\],11.92µm
register\[4\]\[9\],11.92µm
_0766_,11.915µm
_0071_,11.905µm
register\[31\]\[18\],11.9µm
register\[11\]\[27\],11.88µm
register\[20\]\[5\],11.88µm
register\[28\]\[17\],11.88µm
register\[30\]\[11\],11.88µm
register\[6\]\[26\],11.88µm
register\[6\]\[2\],11.88µm
net2119,11.88µm
_0069_,11.865µm
_0685_,11.865µm
register\[12\]\[15\],11.86µm
_0725_,11.845µm
_2473_,11.84µm
register\[29\]\[13\],11.84µm
net1828,11.84µm
net1849,11.84µm
net1871,11.84µm
net2000,11.84µm
net2075,11.84µm
_1475_,11.82µm
net1312,11.82µm
net1369,11.82µm
net1417,11.82µm
net1564,11.82µm
net1916,11.82µm
net1997,11.82µm
_1560_,11.805µm
_0358_,11.795µm
_1445_,11.78µm
_1507_,11.78µm
_1509_,11.78µm
register\[17\]\[29\],11.78µm
register\[30\]\[29\],11.78µm
net1418,11.78µm
net1743,11.78µm
net2103,11.78µm
register\[31\]\[5\],11.76µm
_0098_,11.745µm
_0225_,11.745µm
register\[30\]\[21\],11.74µm
_1147_,11.72µm
_2231_,11.72µm
register\[28\]\[2\],11.72µm
net1156,11.72µm
net1490,11.72µm
net1688,11.72µm
net1699,11.72µm
net1769,11.72µm
_0919_,11.715µm
_0059_,11.71µm
_1193_,11.7µm
_1532_,11.7µm
_2369_,11.7µm
register\[14\]\[17\],11.7µm
register\[22\]\[10\],11.7µm
net1374,11.7µm
net1380,11.7µm
net1820,11.7µm
net1854,11.7µm
net2006,11.7µm
_0824_,11.695µm
_0055_,11.685µm
_0353_,11.685µm
_0434_,11.685µm
_0800_,11.685µm
_1643_,11.68µm
_0164_,11.665µm
_1198_,11.66µm
_1341_,11.66µm
register\[0\]\[11\],11.66µm
register\[0\]\[14\],11.66µm
register\[11\]\[23\],11.66µm
register\[5\]\[19\],11.66µm
net1283,11.66µm
net1788,11.66µm
net1980,11.66µm
_1501_,11.64µm
_1813_,11.64µm
_0188_,11.625µm
_0711_,11.625µm
_0834_,11.625µm
_1042_,11.62µm
_1858_,11.62µm
_1122_,11.6µm
_1464_,11.6µm
register\[4\]\[11\],11.6µm
net1467,11.6µm
net1692,11.6µm
net1702,11.6µm
net1833,11.6µm
net1900,11.6µm
_1037_,11.58µm
_1575_,11.58µm
_1615_,11.58µm
_1649_,11.58µm
_1783_,11.58µm
register\[23\]\[14\],11.58µm
net1995,11.58µm
_0362_,11.575µm
_0526_,11.565µm
_1307_,11.56µm
_1787_,11.56µm
register\[27\]\[8\],11.56µm
register\[7\]\[1\],11.56µm
net1567,11.56µm
_0554_,11.545µm
_0873_,11.54µm
register\[17\]\[7\],11.54µm
register\[1\]\[19\],11.54µm
_1248_,11.52µm
_1478_,11.52µm
register\[0\]\[27\],11.52µm
_0209_,11.505µm
_0723_,11.505µm
_1861_,11.5µm
register\[12\]\[31\],11.5µm
register\[20\]\[25\],11.5µm
register\[22\]\[0\],11.49µm
_1262_,11.485µm
_0058_,11.475µm
net1146,11.46µm
_0038_,11.455µm
rd1[5],11.45µm
register\[0\]\[21\],11.44µm
_0370_,11.425µm
_0478_,11.425µm
_0506_,11.425µm
_0852_,11.425µm
_2070_,11.42µm
register\[10\]\[27\],11.42µm
register\[19\]\[5\],11.42µm
register\[22\]\[26\],11.42µm
register\[26\]\[7\],11.42µm
register\[30\]\[0\],11.42µm
register\[5\]\[2\],11.42µm
_0116_,11.405µm
_0999_,11.405µm
_2261_,11.4µm
register\[28\]\[5\],11.4µm
_0713_,11.39µm
_2138_,11.38µm
net1853,11.38µm
net1920,11.38µm
_1331_,11.36µm
_2317_,11.36µm
net1367,11.36µm
net1424,11.36µm
_2234_,11.34µm
register\[6\]\[23\],11.34µm
net1756,11.34µm
net1953,11.34µm
net1969,11.34µm
_1556_,11.32µm
_1830_,11.32µm
_1894_,11.32µm
_2066_,11.32µm
register\[11\]\[22\],11.32µm
net1921,11.32µm
net2068,11.32µm
_1245_,11.3µm
_1558_,11.3µm
_1690_,11.3µm
register\[20\]\[1\],11.3µm
register\[31\]\[3\],11.3µm
_0698_,11.285µm
_1700_,11.28µm
_1776_,11.28µm
_2029_,11.28µm
_2418_,11.28µm
register\[2\]\[19\],11.28µm
wd[11],11.27µm
_1456_,11.26µm
register\[14\]\[23\],11.26µm
register\[22\]\[4\],11.26µm
register\[2\]\[10\],11.26µm
net2124,11.26µm
_0567_,11.255µm
_1774_,11.25µm
_1775_,11.24µm
_2212_,11.24µm
_2326_,11.24µm
register\[21\]\[14\],11.24µm
net1250,11.24µm
net1547,11.24µm
net2043,11.24µm
_0381_,11.225µm
_0477_,11.225µm
_0529_,11.225µm
_0773_,11.225µm
_0876_,11.225µm
net2106,11.22µm
_0134_,11.205µm
_0400_,11.205µm
_0927_,11.205µm
_1756_,11.2µm
_1950_,11.2µm
_2048_,11.2µm
_2131_,11.2µm
_2383_,11.2µm
register\[15\]\[18\],11.2µm
register\[16\]\[3\],11.2µm
register\[31\]\[26\],11.2µm
net1157,11.2µm
net1932,11.2µm
_0660_,11.195µm
_2349_,11.185µm
rd1[14],11.18µm
_1183_,11.16µm
register\[14\]\[29\],11.16µm
register\[15\]\[11\],11.16µm
register\[18\]\[2\],11.16µm
register\[21\]\[4\],11.16µm
register\[30\]\[27\],11.16µm
net1395,11.16µm
_0278_,11.135µm
register\[3\]\[29\],11.13µm
_1092_,11.12µm
_1405_,11.12µm
_1662_,11.12µm
_1921_,11.12µm
_2028_,11.12µm
net1544,11.12µm
net1681,11.12µm
net1749,11.12µm
net1906,11.12µm
_0938_,11.115µm
_0996_,11.115µm
_0573_,11.105µm
_0729_,11.085µm
_0960_,11.085µm
register\[31\]\[22\],11.08µm
net1774,11.08µm
_0768_,11.06µm
_0957_,11.06µm
_1047_,11.06µm
register\[27\]\[7\],11.06µm
net1751,11.06µm
_0224_,11.045µm
_0054_,11.04µm
_0390_,11.04µm
_2148_,11.04µm
register\[28\]\[25\],11.04µm
net1894,11.04µm
net2149,11.04µm
rd1[26],11.03µm
_0331_,11.025µm
_0918_,11.02µm
_1447_,11.02µm
net2108,11µm
_0075_,10.995µm
_1392_,10.98µm
_1818_,10.98µm
_1968_,10.98µm
_2068_,10.98µm
net299,10.98µm
_1158_,10.97µm
_1146_,10.96µm
_1546_,10.96µm
register\[26\]\[6\],10.96µm
register\[5\]\[14\],10.96µm
register\[9\]\[4\],10.96µm
_1540_,10.955µm
_0292_,10.945µm
_0862_,10.945µm
_0915_,10.945µm
register\[12\]\[8\],10.94µm
register\[15\]\[2\],10.94µm
_0847_,10.935µm
wd[1],10.93µm
_2130_,10.92µm
register\[15\]\[26\],10.92µm
register\[21\]\[6\],10.92µm
net1252,10.92µm
net1280,10.92µm
net1654,10.92µm
net2055,10.92µm
_1093_,10.9µm
_1259_,10.9µm
_1659_,10.9µm
register\[0\]\[6\],10.9µm
register\[12\]\[23\],10.9µm
net1776,10.9µm
net1807,10.9µm
_0078_,10.885µm
_1287_,10.88µm
net1441,10.88µm
net1863,10.88µm
_1835_,10.86µm
register\[30\]\[13\],10.86µm
net1267,10.86µm
net1659,10.86µm
_0073_,10.845µm
_0418_,10.845µm
_0718_,10.845µm
_0760_,10.845µm
register\[28\]\[29\],10.84µm
_0666_,10.825µm
_2149_,10.825µm
_1205_,10.82µm
register\[16\]\[30\],10.82µm
net1384,10.82µm
net1674,10.82µm
register\[14\]\[15\],10.8µm
_1296_,10.785µm
_1040_,10.78µm
_1602_,10.78µm
_1709_,10.78µm
_2158_,10.78µm
net1200,10.78µm
net1342,10.78µm
net1344,10.78µm
net1390,10.78µm
net1437,10.78µm
net1469,10.78µm
net1992,10.78µm
net2008,10.78µm
net2012,10.78µm
_0542_,10.765µm
_0532_,10.76µm
net1852,10.76µm
rd1[22],10.75µm
_1119_,10.74µm
_1395_,10.74µm
_1600_,10.74µm
_2329_,10.74µm
register\[10\]\[15\],10.74µm
register\[10\]\[9\],10.74µm
register\[15\]\[7\],10.74µm
register\[16\]\[2\],10.74µm
_0537_,10.7µm
register\[1\]\[14\],10.7µm
register\[20\]\[19\],10.7µm
net1873,10.7µm
_2318_,10.68µm
net1310,10.66µm
net1318,10.66µm
net1329,10.66µm
net1514,10.66µm
net1685,10.66µm
net1884,10.66µm
_0982_,10.655µm
_0481_,10.645µm
_1243_,10.64µm
_0533_,10.635µm
_2038_,10.62µm
register\[21\]\[2\],10.62µm
register\[5\]\[10\],10.62µm
_0746_,10.6µm
register\[14\]\[25\],10.6µm
_1252_,10.58µm
_2141_,10.58µm
register\[7\]\[14\],10.58µm
_0351_,10.565µm
_1373_,10.56µm
_1401_,10.56µm
register\[4\]\[26\],10.56µm
_0988_,10.545µm
_1156_,10.54µm
net1402,10.54µm
net1948,10.54µm
_0022_,10.535µm
_0931_,10.535µm
_0462_,10.505µm
_0595_,10.505µm
_0686_,10.505µm
_0871_,10.505µm
_0892_,10.505µm
_0912_,10.505µm
register\[24\]\[28\],10.5µm
_1481_,10.48µm
_0407_,10.465µm
_0255_,10.46µm
net1373,10.46µm
net1923,10.46µm
_0429_,10.455µm
_0925_,10.455µm
_1932_,10.44µm
register\[10\]\[28\],10.44µm
net1261,10.44µm
net1780,10.44µm
net2016,10.44µm
_1016_,10.415µm
_2052_,10.4µm
_2054_,10.4µm
register\[30\]\[8\],10.4µm
net1153,10.39µm
_0077_,10.385µm
_0570_,10.385µm
_0583_,10.385µm
_0787_,10.385µm
_0949_,10.385µm
register\[19\]\[6\],10.38µm
register\[7\]\[18\],10.38µm
_0668_,10.365µm
_0863_,10.365µm
_2139_,10.365µm
register\[4\]\[0\],10.36µm
net2061,10.36µm
_2264_,10.345µm
_2328_,10.345µm
_1543_,10.34µm
register\[30\]\[10\],10.34µm
_0681_,10.335µm
_1723_,10.32µm
_2323_,10.32µm
net1313,10.32µm
net1552,10.32µm
net1646,10.32µm
net1677,10.32µm
net1682,10.32µm
net1811,10.32µm
net2041,10.32µm
_0494_,10.305µm
_0677_,10.305µm
_0751_,10.305µm
_0758_,10.305µm
_0315_,10.3µm
register\[8\]\[7\],10.3µm
_0081_,10.285µm
_0170_,10.285µm
_0474_,10.285µm
_1224_,10.28µm
_1906_,10.28µm
_2049_,10.28µm
_2064_,10.28µm
register\[29\]\[26\],10.28µm
register\[5\]\[9\],10.28µm
register\[8\]\[2\],10.28µm
_0489_,10.275µm
_0184_,10.265µm
_0829_,10.265µm
register\[16\]\[7\],10.26µm
_0035_,10.24µm
_1598_,10.24µm
_1743_,10.24µm
register\[5\]\[21\],10.24µm
net1340,10.24µm
register\[4\]\[10\],10.235µm
_1258_,10.225µm
_0070_,10.22µm
_0990_,10.22µm
net1808,10.22µm
_1620_,10.2µm
net1927,10.2µm
_0522_,10.185µm
_0650_,10.185µm
_0141_,10.18µm
register\[22\]\[2\],10.18µm
register\[28\]\[22\],10.18µm
_0719_,10.165µm
_1502_,10.16µm
_1512_,10.16µm
_1880_,10.16µm
register\[15\]\[20\],10.16µm
register\[23\]\[17\],10.16µm
register\[25\]\[25\],10.16µm
_0973_,10.145µm
_0426_,10.14µm
_0509_,10.14µm
_0814_,10.14µm
_0851_,10.14µm
_0294_,10.125µm
_0609_,10.125µm
_0882_,10.125µm
register\[1\]\[20\],10.12µm
net2158,10.12µm
_1345_,10.1µm
_2168_,10.1µm
register\[14\]\[30\],10.08µm
register\[9\]\[16\],10.08µm
net1163,10.08µm
net2150,10.08µm
register\[12\]\[30\],10.07µm
_0875_,10.06µm
_1670_,10.06µm
register\[23\]\[23\],10.06µm
rd1[19],10.05µm
_0111_,10.045µm
_0119_,10.045µm
_0180_,10.045µm
_0228_,10.045µm
_0430_,10.045µm
_0930_,10.045µm
register\[1\]\[9\],10.04µm
rs1[2],10.03µm
_1215_,10.02µm
register\[17\]\[6\],10.02µm
net2146,10.02µm
_0423_,10.01µm
_0886_,10.005µm
_1986_,10µm
register\[13\]\[12\],10µm
net1817,10µm
_0042_,9.995µm
_1432_,9.985µm
_1157_,9.98µm
net1165,9.98µm
net1237,9.98µm
net1289,9.98µm
net1477,9.98µm
net1607,9.98µm
net1675,9.98µm
net1790,9.98µm
net1827,9.98µm
net1829,9.98µm
net1959,9.98µm
net2030,9.98µm
net2063,9.98µm
net2073,9.98µm
net2133,9.98µm
wd[22],9.95µm
_2058_,9.945µm
_2325_,9.94µm
register\[0\]\[2\],9.94µm
register\[12\]\[17\],9.94µm
register\[14\]\[18\],9.94µm
register\[30\]\[12\],9.94µm
_0221_,9.925µm
_0267_,9.925µm
_0574_,9.925µm
_0639_,9.925µm
_0704_,9.925µm
_0709_,9.925µm
_0837_,9.925µm
_2098_,9.925µm
_1294_,9.92µm
_1567_,9.92µm
_1359_,9.9µm
_1898_,9.9µm
_2005_,9.9µm
_2171_,9.9µm
register\[14\]\[12\],9.9µm
register\[14\]\[14\],9.9µm
net1399,9.9µm
net1952,9.9µm
_0124_,9.895µm
_0730_,9.895µm
_1867_,9.885µm
_1189_,9.88µm
_1327_,9.88µm
_0397_,9.865µm
_1129_,9.86µm
_1672_,9.86µm
register\[17\]\[21\],9.86µm
net1287,9.86µm
net1314,9.86µm
net1406,9.86µm
net1465,9.86µm
net1482,9.86µm
net1574,9.86µm
net1842,9.86µm
_0156_,9.845µm
_0282_,9.845µm
_0714_,9.845µm
_1945_,9.84µm
register\[10\]\[17\],9.84µm
_0219_,9.825µm
_0637_,9.825µm
_0692_,9.825µm
_0733_,9.825µm
_0767_,9.825µm
_1249_,9.82µm
_2088_,9.82µm
_2128_,9.82µm
_2254_,9.82µm
_2277_,9.82µm
net2015,9.82µm
_0032_,9.815µm
_1239_,9.8µm
_1729_,9.8µm
_2142_,9.8µm
_0300_,9.78µm
_1277_,9.78µm
_1315_,9.78µm
_1382_,9.78µm
_1441_,9.78µm
_2280_,9.78µm
register\[21\]\[9\],9.78µm
_1963_,9.76µm
net1572,9.76µm
_1152_,9.74µm
net1257,9.74µm
net1877,9.74µm
net2120,9.74µm
_0227_,9.735µm
_1195_,9.725µm
_1003_,9.715µm
_0045_,9.705µm
_0728_,9.705µm
_0986_,9.685µm
register\[14\]\[3\],9.68µm
_0716_,9.67µm
_0534_,9.665µm
_0849_,9.665µm
_0967_,9.665µm
_1232_,9.66µm
_1517_,9.66µm
_1717_,9.66µm
_2007_,9.66µm
rd1[31],9.65µm
_0789_,9.645µm
_0922_,9.645µm
_1197_,9.64µm
_0093_,9.635µm
_0011_,9.625µm
_0396_,9.625µm
_0962_,9.625µm
register\[22\]\[30\],9.62µm
net1733,9.62µm
_1217_,9.6µm
_1591_,9.6µm
register\[6\]\[28\],9.6µm
net2105,9.6µm
_0089_,9.585µm
_0451_,9.585µm
_0458_,9.585µm
_0510_,9.585µm
_0593_,9.585µm
_0642_,9.585µm
_0654_,9.585µm
_0861_,9.585µm
_0935_,9.585µm
_1897_,9.58µm
register\[23\]\[25\],9.58µm
register\[28\]\[0\],9.58µm
_1361_,9.56µm
_1387_,9.56µm
net2143,9.56µm
_0850_,9.555µm
_1406_,9.54µm
_2233_,9.54µm
net1316,9.54µm
net1363,9.54µm
net1400,9.54µm
net1532,9.54µm
_0122_,9.525µm
net1141,9.52µm
net1321,9.52µm
net1516,9.52µm
net1608,9.52µm
net1809,9.52µm
_1160_,9.5µm
_1962_,9.5µm
_1989_,9.48µm
_2173_,9.48µm
net1551,9.48µm
net1971,9.48µm
_1996_,9.46µm
_2217_,9.46µm
_2278_,9.46µm
register\[23\]\[8\],9.46µm
_0904_,9.45µm
_0620_,9.445µm
_0705_,9.445µm
_0940_,9.445µm
_1901_,9.44µm
register\[14\]\[26\],9.44µm
register\[18\]\[14\],9.44µm
register\[22\]\[14\],9.44µm
net1632,9.42µm
net2125,9.42µm
_0391_,9.415µm
_2294_,9.4µm
net1352,9.4µm
net1433,9.4µm
net1580,9.4µm
net1704,9.4µm
net1723,9.4µm
net1793,9.4µm
net2079,9.4µm
net2089,9.4µm
_0788_,9.385µm
_0906_,9.385µm
_0413_,9.365µm
_1082_,9.36µm
_1126_,9.36µm
_1821_,9.36µm
_2166_,9.36µm
register\[0\]\[17\],9.36µm
register\[0\]\[4\],9.36µm
net2071,9.36µm
_0072_,9.355µm
_1458_,9.34µm
_2348_,9.34µm
_0401_,9.33µm
_2021_,9.32µm
_2389_,9.32µm
register\[23\]\[5\],9.32µm
rd1[18],9.31µm
_0420_,9.3µm
_1555_,9.3µm
_1782_,9.3µm
_2395_,9.3µm
_2292_,9.285µm
_2283_,9.28µm
_0153_,9.275µm
_0033_,9.265µm
_0335_,9.265µm
_1070_,9.26µm
_1465_,9.26µm
register\[26\]\[28\],9.26µm
register\[29\]\[31\],9.24µm
rs1[1],9.23µm
_0975_,9.225µm
_0634_,9.22µm
_1628_,9.22µm
_1692_,9.22µm
_1994_,9.22µm
register\[0\]\[0\],9.22µm
register\[30\]\[5\],9.22µm
_0060_,9.205µm
_1058_,9.2µm
net650,9.2µm
register\[2\]\[24\],9.19µm
_0549_,9.185µm
_0648_,9.185µm
_0812_,9.185µm
_0917_,9.185µm
_0628_,9.18µm
_1462_,9.18µm
_1614_,9.18µm
_1900_,9.18µm
_0536_,9.175µm
_1018_,9.175µm
net1974,9.17µm
_1454_,9.16µm
net1534,9.16µm
net1714,9.16µm
net2153,9.14µm
_0133_,9.125µm
_0215_,9.125µm
_0302_,9.125µm
_0469_,9.125µm
register\[5\]\[11\],9.12µm
_0329_,9.095µm
_2178_,9.09µm
rs2[0],9.09µm
_0113_,9.085µm
_1071_,9.08µm
_1369_,9.08µm
_1919_,9.08µm
_2303_,9.08µm
net1389,9.08µm
net1438,9.08µm
net1587,9.08µm
net2026,9.08µm
_0212_,9.065µm
_0287_,9.065µm
_0377_,9.06µm
_1737_,9.06µm
net1197,9.06µm
net1419,9.06µm
net1451,9.06µm
net1536,9.06µm
net1701,9.06µm
net1930,9.06µm
_2018_,9.04µm
register\[2\]\[9\],9.04µm
_1115_,9.02µm
_1680_,9.02µm
_1920_,9.02µm
_0137_,9.005µm
net1888,9µm
_0941_,8.99µm
_0645_,8.985µm
_1487_,8.98µm
_2205_,8.98µm
_2286_,8.98µm
net1559,8.98µm
net1497,8.96µm
net1858,8.96µm
net1166,8.94µm
net1172,8.94µm
net1228,8.94µm
net1278,8.94µm
net1639,8.94µm
net1996,8.94µm
net2036,8.94µm
_0020_,8.925µm
_0195_,8.925µm
_0487_,8.925µm
_0584_,8.925µm
_0613_,8.925µm
_0778_,8.925µm
_0807_,8.925µm
_0106_,8.905µm
_0126_,8.905µm
_0409_,8.905µm
_0414_,8.905µm
_1099_,8.9µm
_1608_,8.9µm
_1849_,8.9µm
_2434_,8.9µm
net1478,8.9µm
net1615,8.9µm
net1771,8.9µm
_1363_,8.86µm
_1541_,8.86µm
_1704_,8.86µm
_1940_,8.86µm
_2309_,8.86µm
_2346_,8.86µm
net1892,8.86µm
net1905,8.86µm
net2029,8.86µm
_0352_,8.855µm
net1179,8.82µm
net2140,8.82µm
_0594_,8.805µm
register\[20\]\[8\],8.8µm
_0129_,8.785µm
_0191_,8.785µm
_0891_,8.785µm
_0496_,8.78µm
_0752_,8.78µm
_1017_,8.78µm
_1866_,8.78µm
register\[12\]\[28\],8.78µm
_1264_,8.76µm
_0274_,8.745µm
_0288_,8.745µm
_0602_,8.745µm
_1090_,8.74µm
_1149_,8.74µm
net2130,8.74µm
net1679,8.73µm
net1850,8.73µm
_0656_,8.725µm
_0916_,8.725µm
_0165_,8.715µm
_0427_,8.715µm
_0464_,8.715µm
_1136_,8.7µm
_1781_,8.7µm
register\[17\]\[9\],8.7µm
_0482_,8.695µm
_0708_,8.695µm
_1538_,8.68µm
_1565_,8.68µm
_0048_,8.665µm
_0211_,8.665µm
_0298_,8.665µm
_0319_,8.665µm
_0324_,8.665µm
register\[14\]\[10\],8.66µm
net1624,8.66µm
_1162_,8.64µm
_1260_,8.64µm
_1519_,8.64µm
_1747_,8.64µm
_1765_,8.64µm
_2209_,8.64µm
_0731_,8.625µm
_1434_,8.62µm
net1194,8.62µm
net1211,8.62µm
net1276,8.62µm
net1579,8.62µm
net1649,8.62µm
net1731,8.62µm
net1810,8.62µm
net1866,8.62µm
net1895,8.62µm
net1946,8.62µm
rd2[5],8.61µm
_0179_,8.605µm
_0741_,8.605µm
_1246_,8.6µm
_1266_,8.6µm
_2122_,8.6µm
register\[30\]\[1\],8.6µm
net1226,8.6µm
net1319,8.6µm
net1543,8.6µm
net1610,8.6µm
net1642,8.6µm
net1787,8.6µm
net1847,8.6µm
net1857,8.6µm
net1983,8.6µm
net2054,8.6µm
net1452,8.59µm
_1564_,8.585µm
_2248_,8.585µm
_2073_,8.58µm
net1521,8.58µm
rd2[11],8.57µm
_1199_,8.56µm
_1263_,8.56µm
_1654_,8.56µm
register\[14\]\[20\],8.56µm
register\[22\]\[24\],8.56µm
net1191,8.56µm
net1568,8.56µm
net1822,8.56µm
net1859,8.56µm
wd[28],8.55µm
_1103_,8.54µm
_1526_,8.54µm
register\[22\]\[6\],8.54µm
net2096,8.54µm
_0250_,8.525µm
_1485_,8.52µm
_2072_,8.52µm
net1836,8.52µm
net2053,8.52µm
_0461_,8.515µm
_0480_,8.515µm
_0605_,8.505µm
_0665_,8.505µm
_1185_,8.505µm
_1573_,8.5µm
net1175,8.5µm
net1189,8.5µm
net1223,8.5µm
net1234,8.5µm
net1303,8.5µm
net1520,8.5µm
net1818,8.5µm
_1438_,8.48µm
_1990_,8.48µm
_2006_,8.48µm
_2229_,8.48µm
net1241,8.48µm
net1304,8.48µm
net1323,8.48µm
net1446,8.48µm
net2004,8.48µm
_0223_,8.465µm
_0459_,8.465µm
_0565_,8.465µm
_0664_,8.465µm
_0885_,8.465µm
_0961_,8.465µm
_2226_,8.445µm
_1339_,8.44µm
_1653_,8.44µm
_1913_,8.44µm
_2092_,8.44µm
_2206_,8.44µm
_2304_,8.44µm
register\[18\]\[9\],8.44µm
net1201,8.44µm
net1403,8.44µm
net1529,8.44µm
_2302_,8.42µm
_1334_,8.4µm
_1886_,8.4µm
_2162_,8.4µm
_2312_,8.4µm
net1429,8.38µm
_0136_,8.375µm
_2156_,8.36µm
_0152_,8.345µm
_2071_,8.34µm
_2319_,8.34µm
_0125_,8.325µm
_0339_,8.325µm
_0323_,8.32µm
_0944_,8.32µm
_1316_,8.32µm
_2077_,8.32µm
register\[29\]\[20\],8.32µm
net1958,8.32µm
_0327_,8.3µm
_1286_,8.3µm
rd2[31],8.29µm
_1314_,8.28µm
_1400_,8.28µm
_1948_,8.28µm
_2022_,8.28µm
net2147,8.28µm
_0360_,8.265µm
net1922,8.26µm
_0168_,8.235µm
_0727_,8.235µm
_1280_,8.235µm
_1885_,8.22µm
_1935_,8.22µm
register\[13\]\[22\],8.22µm
register\[20\]\[13\],8.22µm
_0094_,8.215µm
_0025_,8.205µm
register\[14\]\[5\],8.2µm
register\[20\]\[9\],8.2µm
register\[30\]\[15\],8.2µm
_1635_,8.18µm
_2124_,8.18µm
_2184_,8.165µm
_1055_,8.16µm
_1385_,8.16µm
_2371_,8.16µm
net1238,8.16µm
net1274,8.16µm
net1291,8.16µm
net1357,8.16µm
net1370,8.16µm
net1371,8.16µm
net1426,8.16µm
net1591,8.16µm
net1658,8.16µm
net1767,8.16µm
_0107_,8.155µm
_0266_,8.155µm
_0433_,8.155µm
_0439_,8.155µm
_0455_,8.155µm
_0784_,8.155µm
_0878_,8.155µm
_1014_,8.155µm
_0442_,8.145µm
_0486_,8.145µm
_0793_,8.145µm
_1050_,8.14µm
_2238_,8.14µm
register\[22\]\[8\],8.14µm
net1173,8.14µm
net1423,8.14µm
net1519,8.14µm
net1936,8.14µm
net2044,8.14µm
register\[14\]\[13\],8.12µm
register\[14\]\[19\],8.12µm
_1630_,8.1µm
_1804_,8.1µm
_2055_,8.1µm
_2298_,8.1µm
register\[4\]\[1\],8.1µm
register\[8\]\[30\],8.1µm
net1270,8.1µm
net1470,8.1µm
_0257_,8.095µm
_0364_,8.085µm
_1466_,8.08µm
_0130_,8.065µm
_1500_,8.06µm
_1817_,8.06µm
_1951_,8.06µm
_1686_,8.055µm
_1384_,8.04µm
net1268,8.04µm
_0525_,8.02µm
_1780_,8.02µm
_1816_,8.02µm
_1954_,8.02µm
_2103_,8.02µm
_2120_,8.02µm
_2201_,8.02µm
register\[14\]\[4\],8.02µm
net1247,8.02µm
net1383,8.02µm
net1708,8.02µm
net1988,8.02µm
_0388_,8.005µm
_0726_,8.005µm
_0732_,8.005µm
register\[3\]\[2\],8µm
register\[8\]\[20\],8µm
_0616_,7.99µm
_0868_,7.99µm
_0305_,7.985µm
_1832_,7.98µm
net1210,7.98µm
net1387,7.98µm
net1396,7.98µm
net1461,7.98µm
net1462,7.98µm
net1492,7.98µm
net1500,7.98µm
net1545,7.98µm
net1684,7.98µm
net1779,7.98µm
net1979,7.98µm
_1337_,7.96µm
_0053_,7.94µm
_0640_,7.94µm
_1192_,7.94µm
_1784_,7.94µm
_1820_,7.94µm
_2163_,7.94µm
_0216_,7.92µm
_1144_,7.92µm
_1415_,7.92µm
net1538,7.92µm
net1924,7.92µm
_1096_,7.9µm
_1134_,7.9µm
_1271_,7.9µm
_1582_,7.9µm
_1696_,7.9µm
_2099_,7.9µm
_2135_,7.9µm
_2305_,7.9µm
register\[2\]\[13\],7.9µm
net1466,7.9µm
net1856,7.9µm
_0265_,7.885µm
_0344_,7.885µm
_1102_,7.88µm
_1716_,7.88µm
register\[12\]\[19\],7.88µm
_0608_,7.87µm
_0226_,7.86µm
register\[30\]\[6\],7.86µm
_0194_,7.855µm
_0063_,7.845µm
rs1[0],7.83µm
_0271_,7.825µm
_0417_,7.82µm
_1381_,7.82µm
net2152,7.82µm
_0375_,7.805µm
_0432_,7.805µm
_1046_,7.8µm
_1927_,7.8µm
_0706_,7.78µm
_1657_,7.76µm
net1170,7.7µm
net1328,7.7µm
net1386,7.7µm
net1464,7.7µm
net1851,7.7µm
net1918,7.7µm
net1967,7.7µm
_0563_,7.695µm
_0913_,7.695µm
_1021_,7.695µm
_2134_,7.68µm
net1185,7.68µm
net1494,7.68µm
register\[6\]\[5\],7.66µm
net1219,7.66µm
rs2[1],7.65µm
rs2[2],7.65µm
_1642_,7.64µm
_2034_,7.64µm
_2285_,7.64µm
_2344_,7.64µm
net1193,7.64µm
net1230,7.64µm
net1290,7.64µm
net1425,7.64µm
net1546,7.64µm
net1741,7.64µm
net1773,7.64µm
net1901,7.64µm
net1970,7.64µm
net1977,7.64µm
_0880_,7.62µm
_1269_,7.62µm
_2214_,7.605µm
_2197_,7.6µm
net1184,7.6µm
net1585,7.6µm
net1720,7.6µm
_1265_,7.58µm
_1483_,7.58µm
net1181,7.58µm
net1272,7.58µm
net1410,7.58µm
net1415,7.58µm
net1422,7.58µm
net1455,7.58µm
net1472,7.58µm
net1573,7.58µm
net1650,7.58µm
net1696,7.58µm
_0995_,7.565µm
_0676_,7.56µm
_1079_,7.56µm
_1254_,7.56µm
_1938_,7.56µm
net1343,7.56µm
_0178_,7.545µm
_0222_,7.545µm
_0446_,7.545µm
_0625_,7.545µm
_0737_,7.545µm
_0898_,7.545µm
_1979_,7.52µm
_2031_,7.52µm
_2174_,7.52µm
_2336_,7.52µm
net1320,7.52µm
_0830_,7.515µm
_2181_,7.5µm
_0306_,7.495µm
_1550_,7.48µm
_1708_,7.48µm
_1850_,7.48µm
_0421_,7.46µm
_1117_,7.46µm
_2053_,7.46µm
_0581_,7.45µm
_0879_,7.44µm
_1460_,7.44µm
_1536_,7.44µm
_1801_,7.44µm
_1930_,7.44µm
_2081_,7.44µm
_2240_,7.44µm
net1713,7.44µm
net1972,7.44µm
net2161,7.44µm
_0005_,7.41µm
_2032_,7.38µm
_0087_,7.365µm
_0657_,7.365µm
_0867_,7.365µm
_0314_,7.345µm
_1474_,7.34µm
_1842_,7.34µm
net2138,7.34µm
_1175_,7.33µm
_0945_,7.32µm
_1799_,7.32µm
_0970_,7.305µm
_1869_,7.3µm
_2350_,7.3µm
_0936_,7.285µm
register\[8\]\[12\],7.28µm
_1368_,7.26µm
net1753,7.26µm
net1881,7.26µm
_0896_,7.255µm
_1547_,7.24µm
net1151,7.24µm
net1140,7.24µm
net1167,7.24µm
net1217,7.24µm
net1249,7.24µm
net1253,7.24µm
net1285,7.24µm
net1297,7.24µm
net1346,7.24µm
net1375,7.24µm
net1377,7.24µm
net1404,7.24µm
net1450,7.24µm
net1458,7.24µm
net1474,7.24µm
net1502,7.24µm
net1533,7.24µm
net1542,7.24µm
net1548,7.24µm
net1555,7.24µm
net1557,7.24µm
net1623,7.24µm
net1626,7.24µm
net1655,7.24µm
net1657,7.24µm
net1665,7.24µm
net1687,7.24µm
net1712,7.24µm
net1739,7.24µm
net1755,7.24µm
net1765,7.24µm
net1785,7.24µm
net1797,7.24µm
net1883,7.24µm
net1893,7.24µm
net1939,7.24µm
net2018,7.24µm
net2021,7.24µm
net2104,7.24µm
_0493_,7.235µm
_0254_,7.225µm
_0347_,7.225µm
_1288_,7.22µm
_1505_,7.22µm
_1568_,7.22µm
_1964_,7.22µm
register\[16\]\[26\],7.22µm
register\[18\]\[5\],7.22µm
net1762,7.22µm
net1865,7.22µm
_2084_,7.2µm
net1335,7.2µm
_1165_,7.18µm
_1227_,7.18µm
_1570_,7.18µm
_1584_,7.18µm
_1644_,7.18µm
_1829_,7.18µm
_2147_,7.18µm
net1420,7.18µm
net1431,7.18µm
net1539,7.18µm
net1671,7.18µm
_1108_,7.16µm
_1726_,7.145µm
_1267_,7.14µm
net2088,7.14µm
_1309_,7.12µm
_1276_,7.1µm
_1347_,7.1µm
_1788_,7.1µm
_1995_,7.1µm
_2157_,7.1µm
_2179_,7.1µm
_0121_,7.085µm
_1581_,7.08µm
_0169_,7.07µm
_1131_,7.06µm
_1216_,7.06µm
_1231_,7.06µm
_1513_,7.06µm
_2003_,7.06µm
_2140_,7.06µm
_2198_,7.06µm
_2335_,7.06µm
net1358,7.06µm
net1804,7.06µm
net1999,7.06µm
_0247_,7.055µm
_0416_,7.055µm
_0981_,7.025µm
_0644_,7.02µm
_0679_,7.02µm
_2016_,7.005µm
_1766_,7µm
_1416_,6.995µm
_0384_,6.98µm
_1749_,6.98µm
_0942_,6.965µm
_1049_,6.96µm
_1771_,6.96µm
register\[22\]\[20\],6.96µm
_2020_,6.95µm
_0682_,6.94µm
_1352_,6.94µm
_2051_,6.94µm
_0630_,6.935µm
_1225_,6.92µm
_1503_,6.92µm
_2243_,6.92µm
_0924_,6.905µm
_1834_,6.9µm
_1529_,6.89µm
_1012_,6.885µm
_2270_,6.88µm
_2409_,6.88µm
_1351_,6.86µm
wd[17],6.85µm
_1645_,6.84µm
_0422_,6.825µm
_0299_,6.805µm
_0313_,6.8µm
_1664_,6.78µm
_1949_,6.78µm
_0338_,6.765µm
_0356_,6.765µm
_1098_,6.76µm
_1952_,6.76µm
net1345,6.76µm
net1447,6.76µm
net1473,6.76µm
net1565,6.76µm
net1673,6.76µm
net1752,6.76µm
net1957,6.76µm
net1964,6.76µm
_1909_,6.74µm
_0680_,6.735µm
_2050_,6.72µm
_2105_,6.72µm
_2200_,6.72µm
_2242_,6.72µm
_2252_,6.72µm
_2314_,6.72µm
_2364_,6.72µm
register\[20\]\[10\],6.72µm
net14,6.72µm
_0707_,6.705µm
_0080_,6.685µm
_0083_,6.685µm
_0318_,6.685µm
_0498_,6.685µm
_0626_,6.685µm
_1490_,6.66µm
_2000_,6.66µm
_0201_,6.645µm
_1868_,6.64µm
_2127_,6.64µm
_2388_,6.64µm
net1501,6.64µm
_0148_,6.625µm
_0636_,6.625µm
_1477_,6.62µm
_0016_,6.61µm
_0284_,6.61µm
_0947_,6.6µm
_1364_,6.6µm
_1377_,6.6µm
net1775,6.6µm
net1839,6.6µm
_0750_,6.595µm
_0939_,6.595µm
_0316_,6.585µm
_0037_,6.56µm
_0199_,6.56µm
_0277_,6.56µm
_0810_,6.56µm
_0275_,6.54µm
_0759_,6.54µm
_1777_,6.54µm
_1171_,6.52µm
_1181_,6.52µm
_1412_,6.52µm
_1610_,6.52µm
_1966_,6.52µm
_2025_,6.52µm
_2063_,6.52µm
net1487,6.52µm
net1724,6.52µm
_2274_,6.48µm
_2358_,6.48µm
_0021_,6.445µm
_0163_,6.445µm
_0782_,6.445µm
_1166_,6.44µm
_1559_,6.44µm
_2002_,6.44µm
_0295_,6.425µm
_0544_,6.425µm
_0585_,6.425µm
_0776_,6.425µm
_0889_,6.425µm
_0903_,6.425µm
_0745_,6.415µm
_0431_,6.4µm
_1235_,6.4µm
_1302_,6.395µm
_2180_,6.38µm
net2112,6.32µm
_0965_,6.305µm
_2406_,6.3µm
net1337,6.3µm
net1353,6.3µm
net1491,6.3µm
net1569,6.3µm
net1912,6.3µm
_2296_,6.28µm
_1411_,6.26µm
_1626_,6.26µm
_1663_,6.26µm
net1505,6.26µm
net1596,6.26µm
_0842_,6.245µm
_0167_,6.225µm
_0206_,6.225µm
_0499_,6.225µm
_0881_,6.225µm
_1011_,6.225µm
_0241_,6.2µm
_2075_,6.2µm
_0007_,6.18µm
_1075_,6.18µm
_1081_,6.18µm
_1241_,6.18µm
_1332_,6.18µm
_1338_,6.18µm
_1342_,6.18µm
_1480_,6.18µm
_1542_,6.18µm
_1947_,6.18µm
_2192_,6.18µm
_2245_,6.18µm
_2359_,6.18µm
_2377_,6.18µm
net1326,6.18µm
net1870,6.18µm
_0884_,6.165µm
_0943_,6.165µm
_1800_,6.15µm
_1154_,6.14µm
_1179_,6.14µm
_1497_,6.14µm
_1684_,6.14µm
_2236_,6.14µm
_2401_,6.14µm
net1361,6.14µm
net1786,6.14µm
_0556_,6.135µm
_0703_,6.135µm
_0652_,6.115µm
_1673_,6.08µm
_0143_,6.045µm
_0989_,6.04µm
_1128_,6.04µm
_1202_,6.04µm
_1836_,6.04µm
_1495_,6.02µm
_1973_,6.02µm
_0320_,5.985µm
_1272_,5.98µm
_2008_,5.98µm
_0031_,5.965µm
_0084_,5.965µm
_0369_,5.965µm
_0387_,5.965µm
_0395_,5.965µm
_0540_,5.965µm
_0597_,5.965µm
_0632_,5.965µm
_1059_,5.96µm
_1097_,5.96µm
_1493_,5.96µm
_1699_,5.96µm
_1769_,5.96µm
_1803_,5.96µm
_1907_,5.96µm
_2185_,5.96µm
_1116_,5.94µm
_1488_,5.94µm
_1707_,5.94µm
net1641,5.94µm
net1645,5.94µm
_1105_,5.92µm
_1201_,5.92µm
_1944_,5.92µm
_2165_,5.885µm
_0748_,5.865µm
_0757_,5.865µm
_1908_,5.86µm
_2222_,5.86µm
_1335_,5.84µm
_1346_,5.84µm
_1420_,5.84µm
_1611_,5.84µm
_2175_,5.84µm
_2341_,5.84µm
net1224,5.84µm
net1593,5.84µm
net1789,5.84µm
net1823,5.84µm
net2027,5.84µm
_2382_,5.82µm
_0301_,5.815µm
_0099_,5.81µm
_1344_,5.8µm
_1572_,5.8µm
_1650_,5.8µm
_1924_,5.8µm
_2249_,5.8µm
net1168,5.8µm
net1846,5.8µm
net1861,5.8µm
_0218_,5.785µm
_0230_,5.785µm
_0246_,5.785µm
_2017_,5.78µm
_0161_,5.765µm
_0272_,5.765µm
_1004_,5.765µm
_0572_,5.75µm
_0325_,5.74µm
_1461_,5.74µm
_2033_,5.74µm
_0977_,5.725µm
_1386_,5.72µm
_2386_,5.72µm
_2396_,5.72µm
net1354,5.72µm
net1379,5.72µm
net1496,5.72µm
net1638,5.72µm
net1934,5.72µm
net32,5.7µm
_0450_,5.695µm
_1187_,5.68µm
_1851_,5.68µm
_2067_,5.68µm
_2194_,5.68µm
_2246_,5.68µm
_0551_,5.675µm
_1805_,5.645µm
_0786_,5.64µm
_1292_,5.62µm
_1484_,5.62µm
_1705_,5.62µm
_2047_,5.62µm
net1537,5.61µm
_2376_,5.6µm
net1683,5.6µm
net2142,5.56µm
_2118_,5.52µm
_0127_,5.505µm
_0273_,5.505µm
_0336_,5.505µm
_0402_,5.505µm
_0460_,5.505µm
_0466_,5.505µm
_0599_,5.505µm
_0607_,5.505µm
_0621_,5.505µm
_0672_,5.505µm
_0740_,5.505µm
_0781_,5.505µm
_0798_,5.505µm
_0859_,5.505µm
_0114_,5.49µm
_0521_,5.475µm
_0557_,5.475µm
_1022_,5.475µm
_0836_,5.465µm
_1792_,5.46µm
net2102,5.46µm
net1935,5.44µm
_0154_,5.435µm
_1066_,5.42µm
_0242_,5.405µm
_1476_,5.4µm
_1874_,5.4µm
_1967_,5.4µm
_2195_,5.38µm
net1634,5.38µm
net1643,5.38µm
net1651,5.38µm
net1845,5.38µm
net1926,5.38µm
net1940,5.38µm
_2331_,5.34µm
_2405_,5.34µm
net1592,5.34µm
net1630,5.34µm
net1653,5.34µm
net1662,5.34µm
net2085,5.34µm
_1736_,5.305µm
_1469_,5.285µm
_1074_,5.28µm
_1751_,5.265µm
_0629_,5.26µm
_1975_,5.26µm
_2111_,5.26µm
_2216_,5.26µm
_2357_,5.26µm
_2398_,5.26µm
_2403_,5.26µm
net1138,5.26µm
net1222,5.26µm
net1265,5.26µm
net1266,5.26µm
net1301,5.26µm
net1339,5.26µm
net1460,5.26µm
net1513,5.26µm
net1522,5.26µm
net1629,5.26µm
net1693,5.26µm
net1717,5.26µm
net1816,5.26µm
net1880,5.26µm
net2060,5.26µm
net2087,5.26µm
_0764_,5.235µm
_1712_,5.23µm
_1931_,5.22µm
_2095_,5.22µm
_2301_,5.22µm
_0140_,5.215µm
_0280_,5.185µm
_0309_,5.185µm
_0389_,5.18µm
_0095_,5.16µm
_0303_,5.16µm
_0693_,5.16µm
_0805_,5.16µm
_0984_,5.16µm
_1060_,5.16µm
_1308_,5.16µm
_1015_,5.15µm
_1068_,5.15µm
_1317_,5.14µm
_1389_,5.14µm
_2110_,5.14µm
_2241_,5.14µm
net1408,5.14µm
_1530_,5.12µm
_2013_,5.12µm
_2083_,5.12µm
_0197_,5.095µm
_0987_,5.095µm
_0061_,5.065µm
_0150_,5.065µm
_0268_,5.065µm
_0383_,5.065µm
_0492_,5.065µm
_0791_,5.065µm
_1007_,5.065µm
_1203_,5.06µm
_1855_,5.06µm
net2118,5.06µm
_0468_,5.045µm
_0695_,5.045µm
_0978_,5.045µm
_1312_,5.04µm
_1929_,5.04µm
_1957_,5.04µm
_2146_,5.04µm
_0112_,5.03µm
_0618_,5.015µm
_1625_,5.015µm
_1588_,5µm
_1621_,5µm
_0008_,4.945µm
_2144_,4.945µm
_1253_,4.94µm
_1925_,4.94µm
_0908_,4.925µm
_1120_,4.92µm
_1982_,4.92µm
_2208_,4.92µm
net1152,4.92µm
net1169,4.92µm
net1248,4.92µm
net1298,4.92µm
net1331,4.92µm
net1336,4.92µm
net1409,4.92µm
net1449,4.92µm
net1488,4.92µm
net1550,4.92µm
net1586,4.92µm
net1603,4.92µm
net1606,4.92µm
net1616,4.92µm
net1746,4.92µm
net1886,4.92µm
net1919,4.92µm
net1954,4.92µm
net1975,4.92µm
_0350_,4.895µm
_1019_,4.895µm
_1435_,4.88µm
_2295_,4.88µm
net1332,4.88µm
net1368,4.88µm
net1511,4.88µm
net1707,4.88µm
net1745,4.88µm
net1801,4.88µm
net1824,4.88µm
_0097_,4.865µm
_0443_,4.865µm
_0671_,4.865µm
_0670_,4.845µm
_0796_,4.845µm
_0937_,4.845µm
_0956_,4.845µm
_1710_,4.845µm
_0646_,4.8µm
_1300_,4.8µm
_1472_,4.8µm
_1569_,4.8µm
_1571_,4.8µm
_1675_,4.8µm
_1806_,4.8µm
_1916_,4.8µm
_1961_,4.8µm
_2057_,4.8µm
_2091_,4.8µm
_2265_,4.8µm
net1256,4.8µm
net1295,4.8µm
net1663,4.8µm
_1728_,4.76µm
_2351_,4.76µm
net1155,4.76µm
net1503,4.76µm
_0074_,4.735µm
_0109_,4.735µm
_0117_,4.72µm
_0606_,4.7µm
_1330_,4.7µm
_1685_,4.7µm
_2094_,4.7µm
_1044_,4.68µm
_2215_,4.68µm
_0780_,4.665µm
_1701_,4.66µm
_0142_,4.655µm
_0454_,4.605µm
_0724_,4.605µm
_0762_,4.605µm
_1336_,4.6µm
net2151,4.6µm
_0801_,4.585µm
_1471_,4.58µm
_1881_,4.58µm
_1744_,4.56µm
register\[30\]\[30\],4.56µm
_0304_,4.555µm
_0661_,4.555µm
_2230_,4.555µm
_1303_,4.54µm
_1442_,4.54µm
_1745_,4.54µm
_1791_,4.54µm
_0700_,4.525µm
_0900_,4.525µm
_1682_,4.51µm
_1178_,4.48µm
_1282_,4.48µm
_1320_,4.48µm
_2039_,4.48µm
_2114_,4.48µm
_2399_,4.48µm
net1597,4.48µm
_0992_,4.465µm
_1234_,4.46µm
_1740_,4.46µm
_1863_,4.46µm
_1903_,4.46µm
_2136_,4.46µm
net1430,4.46µm
_1114_,4.455µm
_1076_,4.445µm
_1844_,4.445µm
_1313_,4.44µm
_0123_,4.435µm
_0783_,4.435µm
_0592_,4.405µm
_0627_,4.4µm
_0010_,4.385µm
_0052_,4.385µm
_0231_,4.385µm
_0954_,4.385µm
_1534_,4.385µm
_1815_,4.365µm
_2251_,4.36µm
_0928_,4.35µm
_0619_,4.34µm
_0890_,4.34µm
_1268_,4.34µm
_1275_,4.34µm
_1281_,4.34µm
_1358_,4.34µm
_1627_,4.34µm
_1632_,4.34µm
_1639_,4.34µm
_1666_,4.34µm
_2012_,4.34µm
_2113_,4.34µm
_2210_,4.34µm
net1186,4.34µm
net1271,4.34µm
net1376,4.34µm
net1459,4.34µm
net1560,4.34µm
net1860,4.34µm
net2057,4.34µm
_1888_,4.32µm
_0895_,4.315µm
_0108_,4.295µm
_0808_,4.295µm
_0684_,4.285µm
_2115_,4.285µm
_1404_,4.265µm
_0110_,4.24µm
_0321_,4.24µm
_0359_,4.24µm
_0624_,4.24µm
_0638_,4.24µm
_0742_,4.24µm
_0963_,4.24µm
_0980_,4.24µm
_1824_,4.24µm
_1725_,4.22µm
_2193_,4.22µm
_2363_,4.22µm
net2156,4.22µm
_1764_,4.215µm
_1594_,4.2µm
_0771_,4.195µm
_0907_,4.195µm
_0003_,4.145µm
_0355_,4.145µm
_0488_,4.145µm
_0555_,4.145µm
_0560_,4.145µm
_0888_,4.145µm
_1683_,4.125µm
_1161_,4.12µm
_2289_,4.12µm
_1291_,4.11µm
net1933,4.11µm
_0120_,4.095µm
_0144_,4.095µm
_0174_,4.095µm
_0655_,4.095µm
_0717_,4.085µm
_1520_,4.08µm
_0622_,4.065µm
_0899_,4.065µm
_1730_,4.02µm
_2338_,4.02µm
_1184_,4µm
_1638_,4µm
_2288_,4µm
_2324_,4µm
net1324,4µm
net1365,4µm
net1381,4µm
net1561,4µm
net1612,4µm
net1735,4µm
net1941,4µm
_0177_,3.975µm
_0145_,3.965µm
_0994_,3.965µm
_0207_,3.945µm
_0210_,3.945µm
_0002_,3.925µm
_0147_,3.925µm
_0200_,3.925µm
_0214_,3.925µm
_0365_,3.925µm
_0582_,3.925µm
_0589_,3.925µm
_0604_,3.925µm
_0667_,3.925µm
_0721_,3.925µm
_0792_,3.925µm
_0923_,3.925µm
_0296_,3.915µm
_1437_,3.9µm
_2366_,3.9µm
_0502_,3.88µm
_0914_,3.88µm
_1164_,3.88µm
_1429_,3.88µm
_1439_,3.88µm
_1548_,3.88µm
_1589_,3.88µm
_1793_,3.88µm
_1878_,3.88µm
_1980_,3.88µm
_2343_,3.88µm
_2381_,3.88µm
net1275,3.88µm
net1388,3.88µm
net1669,3.88µm
net1903,3.88µm
net2117,3.88µm
_0623_,3.855µm
_0062_,3.805µm
_0658_,3.805µm
_0720_,3.805µm
_0192_,3.8µm
_0561_,3.8µm
_0576_,3.8µm
_0816_,3.8µm
_0948_,3.8µm
_1669_,3.78µm
_2079_,3.78µm
_2390_,3.78µm
_1151_,3.76µm
_2235_,3.76µm
_0040_,3.745µm
_0926_,3.735µm
_0155_,3.685µm
_0157_,3.685µm
_0158_,3.685µm
_0186_,3.685µm
_0190_,3.685µm
_0453_,3.685µm
_0479_,3.685µm
_0596_,3.685µm
_0687_,3.685µm
_0734_,3.685µm
_0802_,3.685µm
_1078_,3.68µm
_1959_,3.68µm
_2027_,3.68µm
_2097_,3.68µm
_1244_,3.66µm
_1423_,3.66µm
_1711_,3.66µm
_1896_,3.66µm
_1905_,3.66µm
_2385_,3.66µm
_1106_,3.64µm
_1112_,3.56µm
_1557_,3.56µm
_2137_,3.56µm
_2300_,3.56µm
_0101_,3.55µm
_1915_,3.545µm
_1150_,3.54µm
_1220_,3.54µm
_1354_,3.54µm
_1450_,3.54µm
_1703_,3.54µm
_1987_,3.54µm
_2030_,3.54µm
net1864,3.54µm
_0340_,3.535µm
_0813_,3.535µm
_1539_,3.52µm
_0971_,3.505µm
_0528_,3.485µm
_0959_,3.485µm
_0115_,3.465µm
_0229_,3.465µm
_0232_,3.465µm
_0475_,3.465µm
_0483_,3.465µm
_0578_,3.465µm
_0587_,3.465µm
_0803_,3.465µm
_1006_,3.465µm
_1008_,3.465µm
_1033_,3.465µm
_2204_,3.465µm
_1064_,3.44µm
_1427_,3.44µm
_1616_,3.44µm
_1100_,3.42µm
_1101_,3.42µm
_1360_,3.42µm
_1375_,3.42µm
_1413_,3.42µm
_1697_,3.42µm
_1721_,3.42µm
_1794_,3.42µm
_1904_,3.42µm
_1999_,3.42µm
net1174,3.42µm
net1360,3.42µm
net1364,3.42µm
net2033,3.42µm
_0399_,3.34µm
_0694_,3.34µm
_0894_,3.33µm
_0151_,3.32µm
_0447_,3.32µm
_0699_,3.32µm
_0976_,3.32µm
_1379_,3.32µm
_1444_,3.32µm
_1718_,3.32µm
_2199_,3.32µm
_2276_,3.32µm
_0841_,3.275µm
_0030_,3.225µm
_0176_,3.225µm
_0181_,3.225µm
_0293_,3.225µm
_0511_,3.225µm
_0649_,3.225µm
_0669_,3.225µm
_0794_,3.225µm
_0823_,3.225µm
_1010_,3.225µm
_0993_,3.22µm
_1687_,3.22µm
_1077_,3.2µm
_1797_,3.2µm
_1846_,3.2µm
_2152_,3.2µm
_1531_,3.195µm
_1636_,3.18µm
_0146_,3.175µm
_0243_,3.175µm
_0575_,3.175µm
_0702_,3.175µm
_1306_,3.175µm
_0991_,3.165µm
_0765_,3.145µm
_1298_,3.1µm
_1304_,3.1µm
_1326_,3.1µm
_1428_,3.1µm
_1681_,3.1µm
_2060_,3.1µm
_2228_,3.1µm
_2266_,3.1µm
_2330_,3.1µm
_1072_,3.08µm
_1127_,3.08µm
_1430_,3.08µm
_1853_,3.08µm
_1871_,3.08µm
net1218,3.08µm
net2098,3.08µm
_1875_,3.06µm
_0856_,3.055µm
_0160_,3.035µm
_0678_,3.02µm
_1674_,2.98µm
_1702_,2.98µm
_1767_,2.98µm
_1917_,2.98µm
_1969_,2.98µm
_2065_,2.98µm
_2121_,2.98µm
_2164_,2.98µm
_2279_,2.98µm
_2291_,2.98µm
_2362_,2.98µm
_2412_,2.98µm
_0239_,2.97µm
_0004_,2.96µm
_0371_,2.96µm
_0518_,2.96µm
_0736_,2.96µm
_1111_,2.96µm
_1221_,2.96µm
_1417_,2.96µm
_1599_,2.96µm
_1648_,2.96µm
_2227_,2.96µm
_2414_,2.96µm
net1350,2.96µm
net1594,2.96µm
net1747,2.96µm
net1848,2.96µm
net2091,2.96µm
_0086_,2.935µm
_1188_,2.92µm
_0415_,2.89µm
_0189_,2.885µm
_1020_,2.885µm
_0085_,2.88µm
_0091_,2.88µm
_0118_,2.88µm
_0128_,2.88µm
_0205_,2.88µm
_0311_,2.88µm
_0424_,2.88µm
_0476_,2.88µm
_0562_,2.88µm
_0689_,2.88µm
_0710_,2.88µm
_0743_,2.88µm
_0777_,2.88µm
_0779_,2.88µm
_0839_,2.88µm
_0966_,2.88µm
_0968_,2.88µm
_0651_,2.875µm
_0580_,2.87µm
_0036_,2.86µm
_0312_,2.86µm
_0425_,2.86µm
_0739_,2.86µm
_1508_,2.86µm
_1255_,2.84µm
_1273_,2.84µm
_1992_,2.84µm
net2136,2.84µm
net2159,2.84µm
_0874_,2.825µm
_0029_,2.795µm
_0715_,2.765µm
_0950_,2.765µm
_1773_,2.76µm
_2392_,2.76µm
_2402_,2.76µm
_1561_,2.74µm
_1884_,2.74µm
_2183_,2.74µm
_2384_,2.74µm
_1459_,2.72µm
_1811_,2.72µm
_0193_,2.715µm
_0252_,2.715µm
_0440_,2.715µm
_0631_,2.715µm
_0797_,2.715µm
_1525_,2.71µm
_1226_,2.62µm
_1250_,2.62µm
_1378_,2.62µm
_1601_,2.62µm
_1695_,2.62µm
net1598,2.62µm
net1648,2.62µm
net1830,2.62µm
_0795_,2.595µm
_0330_,2.575µm
_0172_,2.545µm
_0334_,2.545µm
_1209_,2.5µm
_1340_,2.5µm
_1357_,2.5µm
_1823_,2.5µm
_1825_,2.5µm
_1890_,2.5µm
_1902_,2.5µm
_1991_,2.5µm
_1997_,2.5µm
_2001_,2.5µm
_2076_,2.5µm
_2145_,2.5µm
_2244_,2.5µm
_2321_,2.5µm
_2355_,2.5µm
net1299,2.5µm
net1432,2.5µm
_0983_,2.485µm
_0998_,2.485µm
_0249_,2.455µm
_0770_,2.415µm
_0559_,2.4µm
_1482_,2.4µm
_2365_,2.4µm
net2155,2.38µm
_1828_,2.3µm
_2190_,2.3µm
_2334_,2.3µm
_1297_,2.28µm
_1443_,2.28µm
_0132_,2.255µm
_0472_,2.255µm
_0763_,2.255µm
_0920_,2.255µm
_1284_,2.255µm
_0674_,2.24µm
_1210_,2.215µm
_1606_,2.215µm
_1163_,2.18µm
_1470_,2.18µm
_2172_,2.16µm
_2191_,2.16µm
net1427,2.16µm
net1990,2.16µm
_0952_,2.115µm
_0756_,2.085µm
_0068_,2.06µm
_0076_,2.06µm
_0092_,2.06µm
_0182_,2.06µm
_0203_,2.06µm
_0213_,2.06µm
_0449_,2.06µm
_0577_,2.06µm
_0598_,2.06µm
_0683_,2.06µm
_0772_,2.06µm
_0804_,2.06µm
_0845_,2.06µm
_0953_,2.06µm
net1456,2.06µm
_1168_,2.04µm
_1223_,2.04µm
_1329_,2.04µm
_1604_,2.04µm
_1605_,2.04µm
_2232_,2.04µm
net1259,2.04µm
net1486,2.04µm
net1703,2.04µm
net2022,2.04µm
_1153_,1.94µm
_1095_,1.84µm
_1486_,1.84µm
_1656_,1.84µm
_1946_,1.84µm
_2014_,1.84µm
net2101,1.84µm
_1159_,1.82µm
_1362_,1.82µm
_1677_,1.82µm
_2010_,1.82µm
_2186_,1.82µm
_2271_,1.72µm
_2340_,1.72µm
_1585_,1.7µm
_1839_,1.7µm
_2219_,1.7µm
net2028,1.7µm
_1631_,1.38µm
net2148,1.36µm
_2026_,1.26µm
_1422_,1.14µm
_1270_,1.02µm
_1383_,0.92µm
_1609_,0.92µm
_1785_,0.92µm
_1809_,0.92µm
_1814_,0.92µm
_2126_,0.92µm
_2284_,0.92µm
_2290_,0.92µm
net1766,0.92µm
net1855,0.92µm
net2099,0.92µm
_1186_,0.8µm
_1325_,0.8µm
net1943,0.8µm
_1618_,0.46µm
net1145,0.46µm
net1139,0.46µm
net1143,0.46µm
net1176,0.46µm
net1213,0.46µm
net1378,0.46µm
net1448,0.46µm
net1453,0.46µm
net1480,0.46µm
net1524,0.46µm
net1577,0.46µm
net1627,0.46µm
net1690,0.46µm
net1736,0.46µm
net1772,0.46µm
net1831,0.46µm
net1966,0.46µm
net2093,0.46µm
net2129,0.46µm
